player_name,display_name,active,notes,id,pitcher,date,rel_speed,horz_break,induced_vert_break,original_pitch_type,new_pitch_type,new_pitcher,modified_at,pitch_key,created_at,PitchNo,Date,Time,PAofInning,PitchofPA,Pitcher,PitcherId,PitcherThrows,PitcherTeam,Batter,BatterId,BatterSide,BatterTeam,PitcherSet,Inning,Top/Bottom,Outs,Balls,Strikes,TaggedPitchType,AutoPitchType,PitchCall,KorBB,TaggedHitType,PlayResult,OutsOnPlay,RunsScored,Notes,RelSpeed,VertRelAngle,HorzRelAngle,SpinRate,SpinAxis,Tilt,RelHeight,RelSide,Extension,VertBreak,InducedVertBreak,HorzBreak,PlateLocHeight,PlateLocSide,ZoneSpeed,VertApprAngle,HorzApprAngle,ZoneTime,ExitSpeed,Angle,Direction,HitSpinRate,PositionAt110X,PositionAt110Y,PositionAt110Z,Distance,LastTrackedDistance,Bearing,HangTime,pfxx,pfxz,x0,y0,z0,vx0,vy0,vz0,ax0,ay0,az0,HomeTeam,AwayTeam,Stadium,Level,League,GameID,PitchUID,EffectiveVelo,MaxHeight,MeasuredDuration,SpeedDrop,PitchLastMeasuredX,PitchLastMeasuredY,PitchLastMeasuredZ,ContactPositionX,ContactPositionY,ContactPositionZ,GameUID,UTCDate,UTCTime,LocalDateTime,UTCDateTime,AutoHitType,System,HomeTeamForeignID,AwayTeamForeignID,GameForeignID,Catcher,CatcherId,CatcherThrows,CatcherTeam,PlayID,PitchTrajectoryXc0,PitchTrajectoryXc1,PitchTrajectoryXc2,PitchTrajectoryYc0,PitchTrajectoryYc1,PitchTrajectoryYc2,PitchTrajectoryZc0,PitchTrajectoryZc1,PitchTrajectoryZc2,HitSpinAxis,HitTrajectoryXc0,HitTrajectoryXc1,HitTrajectoryXc2,HitTrajectoryXc3,HitTrajectoryXc4,HitTrajectoryXc5,HitTrajectoryXc6,HitTrajectoryXc7,HitTrajectoryXc8,HitTrajectoryYc0,HitTrajectoryYc1,HitTrajectoryYc2,HitTrajectoryYc3,HitTrajectoryYc4,HitTrajectoryYc5,HitTrajectoryYc6,HitTrajectoryYc7,HitTrajectoryYc8,HitTrajectoryZc0,HitTrajectoryZc1,HitTrajectoryZc2,HitTrajectoryZc3,HitTrajectoryZc4,HitTrajectoryZc5,HitTrajectoryZc6,HitTrajectoryZc7,HitTrajectoryZc8,ThrowSpeed,PopTime,ExchangeTime,TimeToBase,CatchPositionX,CatchPositionY,CatchPositionZ,ThrowPositionX,ThrowPositionY,ThrowPositionZ,BasePositionX,BasePositionY,BasePositionZ,ThrowTrajectoryXc0,ThrowTrajectoryXc1,ThrowTrajectoryXc2,ThrowTrajectoryYc0,ThrowTrajectoryYc1,ThrowTrajectoryYc2,ThrowTrajectoryZc0,ThrowTrajectoryZc1,ThrowTrajectoryZc2,PitchReleaseConfidence,PitchLocationConfidence,PitchMovementConfidence,HitLaunchConfidence,HitLandingConfidence,CatcherThrowCatchConfidence,CatcherThrowReleaseConfidence,CatcherThrowLocationConfidence,SpinAxis3dTransverseAngle,SpinAxis3dLongitudinalAngle,SpinAxis3dActiveSpinRate,SpinAxis3dSpinEfficiency,SpinAxis3dTilt,SpinAxis3dVectorX,SpinAxis3dVectorY,SpinAxis3dVectorZ,SpinAxis3dSeamOrientationRotationX,SpinAxis3dSeamOrientationRotationY,SpinAxis3dSeamOrientationRotationZ,SpinAxis3dSeamOrientationBallYAmb1,SpinAxis3dSeamOrientationBallAngleHorizontalAmb1,SpinAxis3dSeamOrientationBallZAmb1,SpinAxis3dSeamOrientationBallAngleVerticalAmb2,SpinAxis3dSeamOrientationBallZAmb2,SpinAxis3dSeamOrientationBallXAmb4,SpinAxis3dSeamOrientationBallYAmb4,SpinAxis3dSeamOrientationBallAngleHorizontalAmb2,SpinAxis3dSeamOrientationBallAngleVerticalAmb1,SpinAxis3dSeamOrientationBallXAmb1,SpinAxis3dSeamOrientationBallYAmb2,SpinAxis3dSeamOrientationBallAngleHorizontalAmb4,SpinAxis3dSeamOrientationBallAngleVerticalAmb4,SpinAxis3dSeamOrientationBallXAmb2,SpinAxis3dSeamOrientationBallAngleVerticalAmb3,SpinAxis3dSeamOrientationBallAngleHorizontalAmb3,SpinAxis3dSeamOrientationBallXAmb3,SpinAxis3dSeamOrientationBallYAmb3,SpinAxis3dSeamOrientationBallZAmb3,SpinAxis3dSeamOrientationBallZAmb4,session_id,play_id,camera_slot,camera_name,camera_target,video_type,azure_blob,azure_md5,cloudinary_url,cloudinary_public_id,uploaded_at,HitType
NA,NA,NA,NA,NA,NA,NA,NA,NA,NA,NA,NA,NA,NA,NA,NA,1,2025-10-08,13:39:41,NA,NA,NA,NA,Undefined,CAR_EAG,"Myers, Maddox",10965028,Right,CAR_EAG,Undefined,1,Bottom,0,0,0,Undefined,NA,Undefined,Undefined,Undefined,Undefined,0,0,NA,46.4874,-1.196073,-3.24656,1302.320859,NA,NA,6.04232,1.00551,25.7333,NA,NA,NA,2.72892,0.23016,43.48904,-10.422666,0.58624,0.511078,65.91595,48.059948,-21.109397,NA,NA,NA,NA,NA,28.91917,NA,NA,-18.26064,25.62045,-2.04259,50,5.874,5.69331,-70.21907,2.9475,-8.81086,10.43897,-19.81204,CAR_EAG,NA,CarsonNewman,NA,NA,20251008-CarsonNewman-BP-1,c8c30560-a46d-11f0-b415-636602e020f2,73.75083,30.27057,NA,2.99836,NA,NA,NA,1.85701,2.95253,0.01866,d1063248-16c1-4edd-b41f-f498c213e11a,2025-10-08,17:39:41,2025-10-08T17:39:41Z,2025-10-08T17:39:41Z,NA,v3,CNE,NA,NA,NA,NA,Undefined,CAR_EAG,f057dab5-e6c9-4ece-9af0-8e8a213e4d0a,34.77114,-67.91738,5.21949,6.04231,-1.42086,-9.90602,-1.00144,3.75061,-4.40543,NA,1.86002,60.18595,-4.32521,NA,NA,NA,NA,NA,NA,2.95921,71.7075,-20.88923,NA,NA,NA,NA,NA,NA,0.01595,-23.18777,2.85461,NA,NA,NA,NA,NA,NA,NA,NA,NA,NA,NA,NA,NA,NA,NA,NA,NA,NA,NA,NA,NA,NA,NA,NA,NA,NA,NA,NA,Low,Low,Low,High,Undefined,NA,NA,NA,NA,NA,NA,NA,NA,NA,NA,NA,NA,NA,NA,NA,NA,NA,NA,NA,NA,NA,NA,NA,NA,NA,NA,NA,NA,NA,NA,NA,NA,NA,NA,NA,NA,NA,NA,NA,NA,NA,NA,NA,NA,NA,NA
NA,NA,NA,NA,NA,NA,NA,NA,NA,NA,NA,NA,NA,NA,NA,NA,2,2025-10-08,13:39:51,NA,NA,NA,NA,Undefined,CAR_EAG,"Alexander, Trace",10000832,Right,CAR_EAG,Undefined,1,Bottom,0,0,0,Undefined,NA,Undefined,Undefined,Undefined,Undefined,0,0,NA,46.53274,-1.181878,-3.238143,1187.7482890000001,NA,NA,6.03614,1.00593,25.71457,NA,NA,NA,2.73293,0.23155,43.43851,-10.406387,0.582712,0.511405,65.79605,47.759679,-21.040549,NA,NA,NA,NA,NA,28.44349,NA,NA,-18.19304,25.70848,-2.03686,50,5.86682,5.67179,-70.33056,2.94361,-8.77887,10.69317,-19.76867,CAR_EAG,NA,CarsonNewman,NA,NA,20251008-CarsonNewman-BP-1,cbedb870-a46d-11f0-b415-636602e020f2,73.7037,29.93175,NA,3.09423,NA,NA,NA,1.85651,2.97388,0.01604,d1063248-16c1-4edd-b41f-f498c213e11a,2025-10-08,17:39:51,2025-10-08T17:39:51Z,2025-10-08T17:39:51Z,NA,v3,CNE,NA,NA,NA,NA,Undefined,CAR_EAG,118285a1-1e3a-4237-b060-84233080c214,34.78961,-67.97862,5.34658,6.03609,-1.40447,-9.88434,-1.00171,3.7409,-4.38944,NA,1.86033,60.42747,-4.91823,NA,NA,NA,NA,NA,NA,2.97871,71.29208,-19.55283,NA,NA,NA,NA,NA,NA,0.01343,-23.20932,2.86359,NA,NA,NA,NA,NA,NA,NA,NA,NA,NA,NA,NA,NA,NA,NA,NA,NA,NA,NA,NA,NA,NA,NA,NA,NA,NA,NA,NA,Low,Low,Low,High,Undefined,NA,NA,NA,NA,NA,NA,NA,NA,NA,NA,NA,NA,NA,NA,NA,NA,NA,NA,NA,NA,NA,NA,NA,NA,NA,NA,NA,NA,NA,NA,NA,NA,NA,NA,NA,NA,NA,NA,NA,NA,NA,NA,NA,NA,NA,NA
NA,NA,NA,NA,NA,NA,NA,NA,NA,NA,NA,NA,NA,NA,NA,NA,3,2025-10-08,13:40:01,NA,NA,NA,NA,Undefined,CAR_EAG,"Alexander, Trace",10000832,Right,CAR_EAG,Undefined,1,Bottom,0,0,0,Undefined,NA,Undefined,Undefined,Undefined,Undefined,0,0,NA,46.48637,-1.089867,-3.347072,1301.985848,NA,NA,6.03074,1.01124,25.7341,NA,NA,NA,2.72224,0.24799,43.50543,-10.509803,0.728526,0.511033,65.48721,47.656556,-20.593439,NA,NA,NA,NA,NA,28.61056,NA,NA,-19.3991,24.69442,-2.08698,50,5.82499,5.92991,-70.22017,3.16715,-9.36136,10.43242,-20.25734,CAR_EAG,NA,CarsonNewman,NA,NA,20251008-CarsonNewman-BP-1,d1e2fd30-a46d-11f0-b415-636602e020f2,73.75739,30.06676,NA,2.98095,NA,NA,NA,1.82793,3.01055,-0.02663,d1063248-16c1-4edd-b41f-f498c213e11a,2025-10-08,17:40:01,2025-10-08T17:40:01Z,2025-10-08T17:40:01Z,NA,v3,CNE,NA,NA,NA,NA,Undefined,CAR_EAG,3799c1de-6f3b-4a4c-b449-c53f49e824f6,34.7707,-67.91992,5.21621,6.03091,-1.2994,-10.12867,-1.00705,3.86582,-4.68068,NA,1.83189,60.4386,-4.91366,NA,NA,NA,NA,NA,NA,3.01466,70.86359,-18.9355,NA,NA,NA,NA,NA,NA,-0.02817,-22.70797,1.88895,NA,NA,NA,NA,NA,NA,NA,NA,NA,NA,NA,NA,NA,NA,NA,NA,NA,NA,NA,NA,NA,NA,NA,NA,NA,NA,NA,NA,Low,Low,Low,High,Undefined,NA,NA,NA,NA,NA,NA,NA,NA,NA,NA,NA,NA,NA,NA,NA,NA,NA,NA,NA,NA,NA,NA,NA,NA,NA,NA,NA,NA,NA,NA,NA,NA,NA,NA,NA,NA,NA,NA,NA,NA,NA,NA,NA,NA,NA,NA
NA,NA,NA,NA,NA,NA,NA,NA,NA,NA,NA,NA,NA,NA,NA,NA,4,2025-10-08,13:40:11,NA,NA,NA,NA,Undefined,CAR_EAG,"Alexander, Trace",10000832,Right,CAR_EAG,Undefined,1,Bottom,0,0,0,Undefined,NA,Undefined,Undefined,Undefined,Undefined,0,0,NA,46.50522,-1.153559,-3.294233,1302.079866,NA,NA,6.0353,1.00991,25.72898,NA,NA,NA,2.72213,0.23829,43.47863,-10.465544,0.647184,0.51114,65.72019,47.914453,-20.756532,NA,NA,NA,NA,NA,28.77558,NA,NA,-18.77241,25.23982,-2.06405,50,5.85255,5.80155,-70.26512,3.03224,-9.05878,10.5383,-19.99438,CAR_EAG,NA,CarsonNewman,NA,NA,20251008-CarsonNewman-BP-1,d7d9efa0-a46d-11f0-b415-636602e020f2,73.7419,30.17881,NA,3.02659,NA,NA,NA,1.84278,2.96951,-0.01631,d1063248-16c1-4edd-b41f-f498c213e11a,2025-10-08,17:40:11,2025-10-08T17:40:11Z,2025-10-08T17:40:11Z,NA,v3,CNE,NA,NA,NA,NA,Undefined,CAR_EAG,70ad9d5d-43ee-43fc-9a00-6ac867b2a0f6,34.77557,-67.94341,5.26915,6.03535,-1.37274,-9.99719,-1.00575,3.8058,-4.52939,NA,1.84624,60.3045,-4.57056,NA,NA,NA,NA,NA,NA,2.97494,71.367679999999993,-20.00687,NA,NA,NA,NA,NA,NA,-0.01814,-22.83919,2.15757,NA,NA,NA,NA,NA,NA,NA,NA,NA,NA,NA,NA,NA,NA,NA,NA,NA,NA,NA,NA,NA,NA,NA,NA,NA,NA,NA,NA,Low,Low,Low,High,Undefined,NA,NA,NA,NA,NA,NA,NA,NA,NA,NA,NA,NA,NA,NA,NA,NA,NA,NA,NA,NA,NA,NA,NA,NA,NA,NA,NA,NA,NA,NA,NA,NA,NA,NA,NA,NA,NA,NA,NA,NA,NA,NA,NA,NA,NA,NA
NA,NA,NA,NA,NA,NA,NA,NA,NA,NA,NA,NA,NA,NA,NA,NA,5,2025-10-08,13:40:21,NA,NA,NA,NA,Undefined,CAR_EAG,"Alexander, Trace",10000832,Right,CAR_EAG,Undefined,1,Bottom,0,0,0,Undefined,NA,Undefined,Undefined,Undefined,Undefined,0,0,NA,46.48968,-1.198905,-3.242325,2768.111564,NA,NA,6.04275,1.00508,25.73245,NA,NA,NA,2.72936,0.23011,43.48773,-10.419888,0.583386,0.511084,66.95679,48.311907,-21.870553,NA,NA,NA,NA,NA,28.2424,NA,NA,-18.22615,25.64781,-2.04054,50,5.87555,5.68463,-70.22381,2.94074,-8.7945,10.44757,-19.79842,CAR_EAG,NA,CarsonNewman,NA,NA,20251008-CarsonNewman-BP-1,ddcd5fa0-a46d-11f0-b415-636602e020f2,73.74994,29.75282,NA,3.00196,NA,NA,NA,1.8719,2.84113,0.11853,d1063248-16c1-4edd-b41f-f498c213e11a,2025-10-08,17:40:21,2025-10-08T17:40:21Z,2025-10-08T17:40:21Z,NA,v3,CNE,NA,NA,NA,NA,Undefined,CAR_EAG,52323eb7-aa69-4f90-ba11-eac1ff227d2e,34.77197,-67.92048,5.22379,6.04273,-1.42414,-9.89921,-1.00101,3.74574,-4.39725,NA,1.87527,60.50603,-5.13401,NA,NA,NA,NA,NA,NA,2.85057,73.03793,-22.93677,NA,NA,NA,NA,NA,NA,0.1135,-24.17061,4.67491,NA,NA,NA,NA,NA,NA,NA,NA,NA,NA,NA,NA,NA,NA,NA,NA,NA,NA,NA,NA,NA,NA,NA,NA,NA,NA,NA,NA,Low,Low,Low,High,Undefined,NA,NA,NA,NA,NA,NA,NA,NA,NA,NA,NA,NA,NA,NA,NA,NA,NA,NA,NA,NA,NA,NA,NA,NA,NA,NA,NA,NA,NA,NA,NA,NA,NA,NA,NA,NA,NA,NA,NA,NA,NA,NA,NA,NA,NA,NA
NA,NA,NA,NA,NA,NA,NA,NA,NA,NA,NA,NA,NA,NA,NA,NA,6,2025-10-08,13:40:31,NA,NA,NA,NA,Undefined,CAR_EAG,"Alexander, Trace",10000832,Right,CAR_EAG,Undefined,1,Bottom,0,0,0,Undefined,NA,Undefined,Undefined,Undefined,Undefined,0,0,NA,46.59038,-1.186689,-3.226243,1301.974661,NA,NA,6.03528,1.00272,25.70203,NA,NA,NA,2.7356,0.22903,43.3919,-10.396597,0.574136,0.511555,65.69214,47.693489,-21.000111,NA,NA,NA,NA,NA,28.46082,NA,NA,-18.0993,25.83257,-2.02692,50,5.8704,5.64599,-70.46794,2.91271,-8.73739,10.98258,-19.70344,CAR_EAG,NA,CarsonNewman,NA,NA,20251008-CarsonNewman-BP-1,e3c58a90-a46d-11f0-b415-636602e020f2,73.68215,29.94548,NA,3.19847,NA,NA,NA,1.8511,2.99707,0.01409,d1063248-16c1-4edd-b41f-f498c213e11a,2025-10-08,17:40:31,2025-10-08T17:40:31Z,2025-10-08T17:40:31Z,NA,v3,CNE,NA,NA,NA,NA,Undefined,CAR_EAG,4df7d1ed-26d2-4d72-9d50-e8150e1cfc6e,34.80195,-68.058090000000007,5.49129,6.03519,-1.41072,-9.85172,-0.99839,3.72879,-4.36869,NA,1.85498,60.42347,-4.93155,NA,NA,NA,NA,NA,NA,3.00163,71.11293,-19.31714,NA,NA,NA,NA,NA,NA,0.01157,-23.16248,2.7755,NA,NA,NA,NA,NA,NA,NA,NA,NA,NA,NA,NA,NA,NA,NA,NA,NA,NA,NA,NA,NA,NA,NA,NA,NA,NA,NA,NA,Low,Low,Low,High,Undefined,NA,NA,NA,NA,NA,NA,NA,NA,NA,NA,NA,NA,NA,NA,NA,NA,NA,NA,NA,NA,NA,NA,NA,NA,NA,NA,NA,NA,NA,NA,NA,NA,NA,NA,NA,NA,NA,NA,NA,NA,NA,NA,NA,NA,NA,NA
NA,NA,NA,NA,NA,NA,NA,NA,NA,NA,NA,NA,NA,NA,NA,NA,7,2025-10-08,13:40:41,NA,NA,NA,NA,Undefined,CAR_EAG,"Alexander, Trace",10000832,Right,CAR_EAG,Undefined,1,Bottom,0,0,0,Undefined,NA,Undefined,Undefined,Undefined,Undefined,0,0,NA,46.48862,-1.088141,-3.343436,1301.965951,NA,NA,6.02818,1.01112,25.73395,NA,NA,NA,2.72313,0.24666,43.4951,-10.50124,0.720718,0.511077,65.61453,47.729439,-20.615851,NA,NA,NA,NA,NA,28.6266,NA,NA,-19.3467,24.74265,-2.08514,50,5.82251,5.91956,-70.22943,3.16423,-9.33484,10.46345,-20.23566,CAR_EAG,NA,CarsonNewman,NA,NA,20251008-CarsonNewman-BP-1,e9b48dc0-a46d-11f0-b415-636602e020f2,73.75093,30.0762,NA,2.99352,NA,NA,NA,1.83074,2.99481,-0.02572,d1063248-16c1-4edd-b41f-f498c213e11a,2025-10-08,17:40:41,2025-10-08T17:40:41Z,2025-10-08T17:40:41Z,NA,v3,CNE,NA,NA,NA,NA,Undefined,CAR_EAG,24798bcb-8e3b-48df-a517-45b1c387b8f9,34.77081,-67.92256,5.23173,6.02833,-1.29712,-10.11783,-1.00693,3.86151,-4.66742,NA,1.83471,60.46252,-4.94889,NA,NA,NA,NA,NA,NA,2.99942,71.06893,-19.32715,NA,NA,NA,NA,NA,NA,-0.02733,-22.742,1.95709,NA,NA,NA,NA,NA,NA,NA,NA,NA,NA,NA,NA,NA,NA,NA,NA,NA,NA,NA,NA,NA,NA,NA,NA,NA,NA,NA,NA,Low,Low,Low,High,Undefined,NA,NA,NA,NA,NA,NA,NA,NA,NA,NA,NA,NA,NA,NA,NA,NA,NA,NA,NA,NA,NA,NA,NA,NA,NA,NA,NA,NA,NA,NA,NA,NA,NA,NA,NA,NA,NA,NA,NA,NA,NA,NA,NA,NA,NA,NA
NA,NA,NA,NA,NA,NA,NA,NA,NA,NA,NA,NA,NA,NA,NA,NA,8,2025-10-08,13:40:51,NA,NA,NA,NA,Undefined,CAR_EAG,"Alexander, Trace",10000832,Right,CAR_EAG,Undefined,1,Bottom,0,0,0,Undefined,NA,Undefined,Undefined,Undefined,Undefined,0,0,NA,46.5107,-1.175234,-3.271552,2439.757185,NA,NA,6.03738,1.00853,25.72893,NA,NA,NA,2.72691,0.23052,43.46252,-10.437302,0.602418,0.511188,67.05825,48.683751,-21.956473,NA,NA,NA,NA,NA,28.73415,NA,NA,-18.46497,25.49521,-2.05327,50,5.86303,5.74285,-70.28222,2.98026,-8.9092,10.58784,-19.87282,CAR_EAG,NA,CarsonNewman,NA,NA,20251008-CarsonNewman-BP-1,efafed00-a46d-11f0-b415-636602e020f2,73.73503,30.12433,NA,3.04818,NA,NA,NA,1.89531,2.8056,0.1175,d1063248-16c1-4edd-b41f-f498c213e11a,2025-10-08,17:40:51,2025-10-08T17:40:51Z,2025-10-08T17:40:51Z,NA,v3,CNE,NA,NA,NA,NA,Undefined,CAR_EAG,49b08bc4-dc0e-4e73-812a-1166b26e5393,34.77552,-67.94999,5.29392,6.03738,-1.39721,-9.93641,-1.00441,3.78039,-4.4546,NA,1.89735,60.1614,-4.3783,NA,NA,NA,NA,NA,NA,2.81719,73.51036,-24.1662,NA,NA,NA,NA,NA,NA,0.1124,-24.12035,4.56189,NA,NA,NA,NA,NA,NA,NA,NA,NA,NA,NA,NA,NA,NA,NA,NA,NA,NA,NA,NA,NA,NA,NA,NA,NA,NA,NA,NA,Low,Low,Low,High,Undefined,NA,NA,NA,NA,NA,NA,NA,NA,NA,NA,NA,NA,NA,NA,NA,NA,NA,NA,NA,NA,NA,NA,NA,NA,NA,NA,NA,NA,NA,NA,NA,NA,NA,NA,NA,NA,NA,NA,NA,NA,NA,NA,NA,NA,NA,NA
NA,NA,NA,NA,NA,NA,NA,NA,NA,NA,NA,NA,NA,NA,NA,NA,9,2025-10-08,13:41:01,NA,NA,NA,NA,Undefined,CAR_EAG,"Myers, Maddox",10965028,Right,CAR_EAG,Undefined,1,Bottom,0,0,0,Undefined,NA,Undefined,Undefined,Undefined,Undefined,0,0,NA,46.49204,-1.201757,-3.238011,1302.39278,NA,NA,6.04317,1.00464,25.73161,NA,NA,NA,2.72982,0.23007,43.48636,-10.417068,0.580509,0.51109,65.66216,47.657517,-20.924716,NA,NA,NA,NA,NA,28.32745,NA,NA,-18.19119,25.67553,-2.03846,50,5.8771,5.6758,-70.22873,2.9339,-8.77794,10.45653,-19.78463,CAR_EAG,NA,CarsonNewman,NA,NA,20251008-CarsonNewman-BP-1,f5a18840-a46d-11f0-b415-636602e020f2,73.74906,29.82849,NA,3.00568,NA,NA,NA,1.84918,2.98636,0.00536,d1063248-16c1-4edd-b41f-f498c213e11a,2025-10-08,17:41:01,2025-10-08T17:41:01Z,2025-10-08T17:41:01Z,NA,v3,CNE,NA,NA,NA,NA,Undefined,CAR_EAG,4145e642-92d9-416e-82db-75cedd071dde,34.7728,-67.92368,5.22826,6.04315,-1.42743,-9.89232,-1.00056,3.74079,-4.38897,NA,1.85311,60.466,-5.00162,NA,NA,NA,NA,NA,NA,2.99056,71.05046,-19.0627,NA,NA,NA,NA,NA,NA,0.00303,-23.09353,2.6487,NA,NA,NA,NA,NA,NA,NA,NA,NA,NA,NA,NA,NA,NA,NA,NA,NA,NA,NA,NA,NA,NA,NA,NA,NA,NA,NA,NA,Low,Low,Low,High,Undefined,NA,NA,NA,NA,NA,NA,NA,NA,NA,NA,NA,NA,NA,NA,NA,NA,NA,NA,NA,NA,NA,NA,NA,NA,NA,NA,NA,NA,NA,NA,NA,NA,NA,NA,NA,NA,NA,NA,NA,NA,NA,NA,NA,NA,NA,NA
NA,NA,NA,NA,NA,NA,NA,NA,NA,NA,NA,NA,NA,NA,NA,NA,10,2025-10-08,13:41:11,NA,NA,NA,NA,Undefined,CAR_EAG,"Myers, Maddox",10965028,Right,CAR_EAG,Undefined,1,Bottom,0,0,0,Undefined,NA,Undefined,Undefined,Undefined,Undefined,0,0,NA,46.589,-1.188181,-3.221824,972.322151,NA,NA,6.0353,1.00216,25.70147,NA,NA,NA,2.73615,0.22903,43.39337,-10.392854,0.5717,0.511558,65.85824,47.774378,-21.007276,NA,NA,NA,NA,NA,28.47508,NA,NA,-18.06529,25.85478,-2.02484,50,5.87103,5.63722,-70.46384,2.90876,-8.72103,10.97256,-19.69264,CAR_EAG,NA,CarsonNewman,NA,NA,20251008-CarsonNewman-BP-1,fba0b810-a46d-11f0-b415-636602e020f2,73.68158,29.95288,NA,3.19563,NA,NA,NA,1.85095,2.97974,0.0162,d1063248-16c1-4edd-b41f-f498c213e11a,2025-10-08,17:41:11,2025-10-08T17:41:11Z,2025-10-08T17:41:11Z,NA,v3,CNE,NA,NA,NA,NA,Undefined,CAR_EAG,64bb9358-01a4-42bf-9a6c-95caa42cc139,34.80249,-68.05617,5.48628,6.03521,-1.41234,-9.84632,-0.99783,3.72359,-4.36052,NA,1.85489,60.47748,-5.02775,NA,NA,NA,NA,NA,NA,2.98494,71.3646,-19.81754,NA,NA,NA,NA,NA,NA,0.01362,-23.19063,2.81756,NA,NA,NA,NA,NA,NA,NA,NA,NA,NA,NA,NA,NA,NA,NA,NA,NA,NA,NA,NA,NA,NA,NA,NA,NA,NA,NA,NA,Low,Low,Low,High,Undefined,NA,NA,NA,NA,NA,NA,NA,NA,NA,NA,NA,NA,NA,NA,NA,NA,NA,NA,NA,NA,NA,NA,NA,NA,NA,NA,NA,NA,NA,NA,NA,NA,NA,NA,NA,NA,NA,NA,NA,NA,NA,NA,NA,NA,NA,NA
NA,NA,NA,NA,NA,NA,NA,NA,NA,NA,NA,NA,NA,NA,NA,NA,11,2025-10-08,13:43:11,NA,NA,NA,NA,Undefined,CAR_EAG,"Pierce, Johno",10069844,Right,CAR_EAG,Undefined,1,Bottom,0,0,0,Undefined,NA,Undefined,Undefined,Undefined,Undefined,0,0,NA,46.53204,-1.194811,-3.205374,1720.340884,NA,NA,6.03673,1.00186,25.71538,NA,NA,NA,2.73915,0.22961,43.43889,-10.374768,0.557078,0.511368,66.97065,48.433031,-21.869541,NA,NA,NA,NA,NA,28.47704,NA,NA,-17.91501,25.905639999999998,-2.02139,50,5.87276,5.60477,-70.32629,2.90865,-8.64541,10.67745,-19.67252,CAR_EAG,NA,CarsonNewman,NA,NA,20251008-CarsonNewman-BP-1,432966f0-a46e-11f0-b415-636602e020f2,73.70899,29.94722,NA,3.09315,NA,NA,NA,1.88812,2.83495,0.11426,d1063248-16c1-4edd-b41f-f498c213e11a,2025-10-08,17:43:11,2025-10-08T17:43:11Z,2025-10-08T17:43:11Z,NA,v3,CNE,NA,NA,NA,NA,Undefined,CAR_EAG,c657a154-5b5d-4f0a-b056-771a00fd6dd1,34.78872,-67.97758,5.33872,6.03663,-1.41869,-9.83626,-0.99767,3.70304,-4.32271,NA,1.89114,60.38692,-4.88689,NA,NA,NA,NA,NA,NA,2.84502,73.17373,-23.25788,NA,NA,NA,NA,NA,NA,0.1093,-24.12028,4.54669,NA,NA,NA,NA,NA,NA,NA,NA,NA,NA,NA,NA,NA,NA,NA,NA,NA,NA,NA,NA,NA,NA,NA,NA,NA,NA,NA,NA,Low,Low,Low,High,Undefined,NA,NA,NA,NA,NA,NA,NA,NA,NA,NA,NA,NA,NA,NA,NA,NA,NA,NA,NA,NA,NA,NA,NA,NA,NA,NA,NA,NA,NA,NA,NA,NA,NA,NA,NA,NA,NA,NA,NA,NA,NA,NA,NA,NA,NA,NA
NA,NA,NA,NA,NA,NA,NA,NA,NA,NA,NA,NA,NA,NA,NA,NA,12,2025-10-08,13:43:15,NA,NA,NA,NA,Undefined,CAR_EAG,"Pierce, Johno",10069844,Right,CAR_EAG,Undefined,1,Bottom,0,0,0,Undefined,Changeup,Undefined,Undefined,Undefined,Undefined,0,0,NA,44.61406,0.193408,-3.054725,1145.481735,230.178695,01:45:00,6.13458,0.883,25.52933,-47.1055,7.93359,7.72335,2.32259,-0.26453,42.42771,-13.332612,-0.854361,0.533958,NA,NA,NA,NA,NA,NA,NA,NA,NA,NA,NA,-10.92611,10.71394,-1.78658,50,5.39921,4.54741,-67.31169,6.35893,-4.88324,9.06702,-27.38564,CAR_EAG,NA,CarsonNewman,NA,NA,20251008-CarsonNewman-BP-1,45258510-a46e-11f0-b415-636602e020f2,70.59067,NA,NA,2.18635,NA,NA,NA,NA,NA,NA,d1063248-16c1-4edd-b41f-f498c213e11a,2025-10-08,17:43:15,2025-10-08T17:43:15Z,2025-10-08T17:43:15Z,NA,v3,CNE,NA,NA,NA,NA,Undefined,CAR_EAG,5f1f6255-cc27-4acb-8a77-c5e66495da09,34.97738,-65.25674,4.53351,6.13706,0.15226,-13.69282,-0.88138,3.44067,-2.44162,NA,NA,NA,NA,NA,NA,NA,NA,NA,NA,NA,NA,NA,NA,NA,NA,NA,NA,NA,NA,NA,NA,NA,NA,NA,NA,NA,NA,NA,NA,NA,NA,NA,NA,NA,NA,NA,NA,NA,NA,NA,NA,NA,NA,NA,NA,NA,NA,NA,NA,High,High,High,NA,NA,NA,NA,NA,NA,NA,NA,NA,NA,NA,NA,NA,NA,NA,NA,NA,NA,NA,NA,NA,NA,NA,NA,NA,NA,NA,NA,NA,NA,NA,NA,NA,NA,NA,NA,NA,NA,NA,NA,NA,NA,NA,NA,NA,NA,NA,NA
NA,NA,NA,NA,NA,NA,NA,NA,NA,NA,NA,NA,NA,NA,NA,NA,13,2025-10-08,13:43:21,NA,NA,NA,NA,Undefined,CAR_EAG,"Pierce, Johno",10069844,Right,CAR_EAG,Undefined,1,Bottom,0,0,0,Undefined,Changeup,Undefined,Undefined,Undefined,Undefined,0,0,NA,46.58418,0.920123,-3.217408,1234.437355,232.734581,01:45:00,5.99008,0.79439,25.62554,-44.10404,6.18792,6.33441,2.8531,-0.55906,43.96974,-11.843551,-1.410211,0.510412,74.74664,33.066225,-1.365491,2585.053079,109.9535,53.98605,3.19794,264.50845,260.68549,3.747278,4.015803,-9.2313,8.28028,-1.72744,50,5.09888,4.76949,-70.31435,7.16676,-4.49182,10.05799,-28.14498,CAR_EAG,NA,CarsonNewman,NA,NA,20251008-CarsonNewman-BP-1,48b25550-a46e-11f0-b415-636602e020f2,73.84712,57.75044,NA,2.61444,NA,NA,NA,3.19652,3.34997,0.55139,d1063248-16c1-4edd-b41f-f498c213e11a,2025-10-08,17:43:21,2025-10-08T17:43:21Z,2025-10-08T17:43:21Z,FlyBall,v3,CNE,NA,NA,NA,NA,Undefined,CAR_EAG,e493d93d-b32c-4848-8856-e43df5214cfe,34.88097,-68.11735,5.02899,5.99289,1.01896,-14.07249,-0.79278,3.78832,-2.24591,209.00087,3.19795,91.80742,-14.30628,3.25634,-0.33928,-0.09252,0.04323,-0.00627,3.1e-4,3.34957,59.82049,-17.86858,0.7829,0.11235,-0.14256,0.06054,-0.01167,8.3e-4,0.55094,-2.17614,4.53239,-1.49162,0.2756,-0.00353,-0.01067,0.00197,-1.1e-4,NA,NA,NA,NA,NA,NA,NA,NA,NA,NA,NA,NA,NA,NA,NA,NA,NA,NA,NA,NA,NA,NA,High,High,High,High,High,NA,NA,NA,NA,NA,NA,NA,NA,NA,NA,NA,NA,NA,NA,NA,NA,NA,NA,NA,NA,NA,NA,NA,NA,NA,NA,NA,NA,NA,NA,NA,NA,NA,NA,NA,NA,NA,NA,NA,NA,NA,NA,NA,NA,NA,NA
NA,NA,NA,NA,NA,NA,NA,NA,NA,NA,NA,NA,NA,NA,NA,NA,14,2025-10-08,13:43:25,NA,NA,NA,NA,Undefined,CAR_EAG,"Pierce, Johno",10069844,Right,CAR_EAG,Undefined,1,Bottom,0,0,0,Undefined,Changeup,Undefined,Undefined,Undefined,Undefined,0,0,NA,46.9244,0.888555,-2.703434,1164.070787,246.654526,02:15:00,5.88971,0.89881,25.81875,-44.38817,4.17996,6.92406,2.70734,-0.09536,44.65235,-11.987421,-0.714017,0.501588,92.92602,19.733218,-25.428082,1077.52595,98.39506,31.79711,-49.17662,293.51413,293.51413,-30.199832,3.090628,-9.84603,5.75398,-1.71899,50,4.96826,4.27893,-70.72956,7.4266,-4.90177,9.36404,-29.30947,CAR_EAG,NA,CarsonNewman,NA,NA,20251008-CarsonNewman-BP-1,4b5fe920-a46e-11f0-b415-636602e020f2,75.14621,35.71681,NA,2.27204,NA,NA,NA,3.78375,3.33787,0.06273,d1063248-16c1-4edd-b41f-f498c213e11a,2025-10-08,17:43:25,2025-10-08T17:43:25Z,2025-10-08T17:43:25Z,LineDrive,v3,CNE,NA,NA,NA,NA,Undefined,CAR_EAG,c3717c27-7898-4fdb-a00d-ff802c7a75ff,34.68867,-68.67254,4.68202,5.8925,0.98815,-14.65473,-0.8973,3.20216,-2.45089,134.944503,3.78378,115.85851,-19.74005,4.6163,-0.98789,0.18427,-0.02775,0.00272,-1e-4,3.33785,46.01837,-17.61415,1.03584,-0.13037,0.0228,-0.00666,0.00185,-1.9e-4,0.06271,-55.08321,3.04822,-0.16372,-0.07626,0.03778,-0.01013,0.00161,-1.1e-4,NA,NA,NA,NA,NA,NA,NA,NA,NA,NA,NA,NA,NA,NA,NA,NA,NA,NA,NA,NA,NA,NA,High,High,High,High,High,NA,NA,NA,NA,NA,NA,NA,NA,NA,NA,NA,NA,NA,NA,NA,NA,NA,NA,NA,NA,NA,NA,NA,NA,NA,NA,NA,NA,NA,NA,NA,NA,NA,NA,NA,NA,NA,NA,NA,NA,NA,NA,NA,NA,NA,NA
NA,NA,NA,NA,NA,NA,NA,NA,NA,NA,NA,NA,NA,NA,NA,NA,15,2025-10-08,13:43:31,NA,NA,NA,NA,Undefined,CAR_EAG,"Pierce, Johno",10069844,Right,CAR_EAG,Undefined,1,Bottom,0,0,0,Undefined,Changeup,Undefined,Undefined,Undefined,Undefined,0,0,NA,47.82852,1.406392,-2.503749,1284.190124,232.013485,01:45:00,5.78925,1.00127,25.55702,-40.599,7.22256,7.60725,3.23013,0.1688,44.96675,-10.372901,-0.338023,0.497718,NA,NA,NA,NA,NA,NA,NA,NA,NA,NA,NA,-10.52859,9.36233,-1.75742,50,4.82786,4.15255,-72.18017,7.44878,-5.40819,10.46381,-27.36494,CAR_EAG,NA,CarsonNewman,NA,NA,20251008-CarsonNewman-BP-1,4ed4c490-a46e-11f0-b415-636602e020f2,75.73051,NA,NA,2.86177,NA,NA,NA,NA,NA,NA,d1063248-16c1-4edd-b41f-f498c213e11a,2025-10-08,17:43:31,2025-10-08T17:43:31Z,2025-10-08T17:43:31Z,NA,v3,CNE,NA,NA,NA,NA,Undefined,CAR_EAG,870694cd-19f8-4e8c-83a8-a959e9434465,34.9493,-69.96428,5.23191,5.79167,1.65381,-13.68247,-0.99932,3.00727,-2.70409,NA,NA,NA,NA,NA,NA,NA,NA,NA,NA,NA,NA,NA,NA,NA,NA,NA,NA,NA,NA,NA,NA,NA,NA,NA,NA,NA,NA,NA,NA,NA,NA,NA,NA,NA,NA,NA,NA,NA,NA,NA,NA,NA,NA,NA,NA,NA,NA,NA,NA,High,High,High,NA,NA,NA,NA,NA,NA,NA,NA,NA,NA,NA,NA,NA,NA,NA,NA,NA,NA,NA,NA,NA,NA,NA,NA,NA,NA,NA,NA,NA,NA,NA,NA,NA,NA,NA,NA,NA,NA,NA,NA,NA,NA,NA,NA,NA,NA,NA,NA
NA,NA,NA,NA,NA,NA,NA,NA,NA,NA,NA,NA,NA,NA,NA,NA,16,2025-10-08,13:43:36,NA,NA,NA,NA,Undefined,CAR_EAG,"Pierce, Johno",10069844,Right,CAR_EAG,Undefined,1,Bottom,0,0,0,Undefined,Changeup,Undefined,Undefined,Undefined,Undefined,0,0,NA,46.13415,0.216861,-3.141735,1140.979071,240.691643,02:00:00,5.86098,0.99107,25.58125,-46.56959,5.03551,6.35118,2.10721,-0.31908,43.59188,-13.198281,-1.328941,0.517032,86.72394,18.500986,-8.056838,1563.740693,109.44319,27.76537,-11.0503,263.86791,263.86791,-3.710323,2.9081,-9.2391,7.1265,-1.89987,50,5.13421,4.62671,-69.74342,6.48585,-4.39506,10.34038,-28.78396,CAR_EAG,NA,CarsonNewman,NA,NA,20251008-CarsonNewman-BP-1,517c16d0-a46e-11f0-b415-636602e020f2,72.90153,29.65237,NA,2.54227,NA,NA,NA,3.19593,2.66396,0.30408,d1063248-16c1-4edd-b41f-f498c213e11a,2025-10-08,17:43:36,2025-10-08T17:43:36Z,2025-10-08T17:43:36Z,LineDrive,v3,CNE,NA,NA,NA,NA,Undefined,CAR_EAG,849ec5ec-6831-446f-9630-308ce1e92d49,34.92517,-67.47137,5.17019,5.86448,0.16127,-14.39198,-0.98935,3.661,-2.19753,221.857687,3.19605,119.42501,-16.24125,3.11655,-0.44124,-0.02158,0.03541,-0.00969,0.00102,2.66377,40.37093,-16.02339,0.8874,-0.29596,0.17545,-0.06893,0.01581,-0.00153,0.30388,-16.89657,7.28974,-2.07048,0.37153,-0.01005,-0.01238,0.00313,-2.9e-4,NA,NA,NA,NA,NA,NA,NA,NA,NA,NA,NA,NA,NA,NA,NA,NA,NA,NA,NA,NA,NA,NA,High,High,High,High,High,NA,NA,NA,NA,NA,NA,NA,NA,NA,NA,NA,NA,NA,NA,NA,NA,NA,NA,NA,NA,NA,NA,NA,NA,NA,NA,NA,NA,NA,NA,NA,NA,NA,NA,NA,NA,NA,NA,NA,NA,NA,NA,NA,NA,NA,NA
NA,NA,NA,NA,NA,NA,NA,NA,NA,NA,NA,NA,NA,NA,NA,NA,17,2025-10-08,13:43:41,NA,NA,NA,NA,Undefined,CAR_EAG,"Pierce, Johno",10069844,Right,CAR_EAG,Undefined,1,Bottom,0,0,0,Undefined,Changeup,Undefined,Undefined,Undefined,Undefined,0,0,NA,46.5913,1.639906,-2.171139,1226.669758,232.422179,01:45:00,5.97352,0.88859,25.5321,-44.49676,5.62055,5.70929,3.22699,0.09202,44.21982,-11.19626,-0.546085,0.509525,89.28823,27.731584,-32.388569,1771.887113,94.27578,49.8439,-56.6751,342.04988,331.60307,-32.234474,4.318328,-7.97374,7.24599,-1.5338,50,4.89177,3.401,-70.16879,8.10034,-3.91053,9.15004,-28.62042,CAR_EAG,NA,CarsonNewman,NA,NA,20251008-CarsonNewman-BP-1,546a3610-a46e-11f0-b415-636602e020f2,73.97568,62.86687,NA,2.37148,NA,NA,NA,3.96852,3.90607,0.06052,d1063248-16c1-4edd-b41f-f498c213e11a,2025-10-08,17:43:41,2025-10-08T17:43:41Z,2025-10-08T17:43:41Z,LineDrive,v3,CNE,NA,NA,NA,NA,Undefined,CAR_EAG,922c971d-e9c2-4d96-8410-39991df15a80,34.97494,-68.18137,4.57502,5.97607,1.88388,-14.31021,-0.88734,2.5516200000000002,-1.95527,NA,3.96973,97.85419,-13.79181,2.58168,-0.36118,0.02579,-0.00344,0.00144,-1.6e-4,3.90601,60.93515,-17.34981,0.92189,0.02182,-0.09448,0.04024,-0.00715,4.6e-4,0.05999,-62.07747,9.88599,-2.48116,0.51556,-0.08327,0.01265,-0.00181,1.3e-4,NA,NA,NA,NA,NA,NA,NA,NA,NA,NA,NA,NA,NA,NA,NA,NA,NA,NA,NA,NA,NA,NA,High,High,High,High,High,NA,NA,NA,NA,NA,NA,NA,NA,NA,NA,NA,NA,NA,NA,NA,NA,NA,NA,NA,NA,NA,NA,NA,NA,NA,NA,NA,NA,NA,NA,NA,NA,NA,NA,NA,NA,NA,NA,NA,NA,NA,NA,NA,NA,NA,NA
NA,NA,NA,NA,NA,NA,NA,NA,NA,NA,NA,NA,NA,NA,NA,NA,18,2025-10-08,13:43:47,NA,NA,NA,NA,Undefined,CAR_EAG,"Pierce, Johno",10069844,Right,CAR_EAG,Undefined,1,Bottom,0,0,0,Undefined,Changeup,Undefined,Undefined,Undefined,Undefined,0,0,NA,46.92978,-0.153238,-3.268875,1216.034828,236.024965,01:45:00,5.97841,0.87933,25.68832,-43.59333,5.9687,6.74973,2.25614,-0.46609,44.26938,-12.765785,-1.337165,0.506694,86.43762,23.283252,-17.709048,1651.450028,105.46981,38.88282,-31.24291,305.93169,300.07674,-16.607315,3.72909,-9.88595,8.40134,-1.83604,50,5.37507,4.93524,-70.9671,5.83578,-4.86635,10.74974,-28.03849,CAR_EAG,NA,CarsonNewman,NA,NA,20251008-CarsonNewman-BP-1,58895b40-a46e-11f0-b415-636602e020f2,74.38893,45.87625,NA,2.66039,NA,NA,NA,3.9209,2.93451,0.40688,d1063248-16c1-4edd-b41f-f498c213e11a,2025-10-08,17:43:47,2025-10-08T17:43:47Z,2025-10-08T17:43:47Z,LineDrive,v3,CNE,NA,NA,NA,NA,Undefined,CAR_EAG,84f5f4c2-c253-44ab-8247-16ea5c7cd814,34.8183,-68.62893,5.37487,5.98115,-0.26284,-14.01924,-0.87769,3.87676,-2.43317,187.816351,3.92032,110.94977,-16.1626,3.58565,-0.91612,0.27393,-0.06976,0.01064,-6.7e-4,2.93506,50.09512,-15.70518,0.63692,0.09781,-0.10831,0.03746,-0.00582,3.3e-4,0.40699,-35.42544,6.18286,-1.52036,0.37159,-0.0914,0.01928,-0.00267,1.6e-4,NA,NA,NA,NA,NA,NA,NA,NA,NA,NA,NA,NA,NA,NA,NA,NA,NA,NA,NA,NA,NA,NA,High,High,High,High,High,NA,NA,NA,NA,NA,NA,NA,NA,NA,NA,NA,NA,NA,NA,NA,NA,NA,NA,NA,NA,NA,NA,NA,NA,NA,NA,NA,NA,NA,NA,NA,NA,NA,NA,NA,NA,NA,NA,NA,NA,NA,NA,NA,NA,NA,NA
NA,NA,NA,NA,NA,NA,NA,NA,NA,NA,NA,NA,NA,NA,NA,NA,19,2025-10-08,13:43:58,NA,NA,NA,NA,Undefined,CAR_EAG,"Mutter, Evan",1000300074,Right,CAR_EAG,Undefined,1,Bottom,0,0,0,Undefined,Changeup,Undefined,Undefined,Undefined,Undefined,0,0,NA,44.8594,0.820455,-3.267693,1215.713221,240.056184,02:00:00,6.10098,0.74969,25.79089,-47.8251,5.97225,7.76229,2.59324,-0.5048,42.45184,-13.050897,-1.039975,0.5279,NA,NA,NA,NA,NA,NA,NA,NA,NA,NA,NA,-11.17434,8.20622,-1.72679,50,5.16115,4.84924,-67.78542,7.37856,-5.03649,9.56852,-28.47535,CAR_EAG,NA,CarsonNewman,NA,NA,20251008-CarsonNewman-BP-1,5ee8d380-a46e-11f0-b415-636602e020f2,71.40067,NA,NA,2.40756,NA,NA,NA,NA,NA,NA,d1063248-16c1-4edd-b41f-f498c213e11a,2025-10-08,17:43:58,2025-10-08T17:43:58Z,2025-10-08T17:43:58Z,NA,v3,CNE,NA,NA,NA,NA,Undefined,CAR_EAG,e703ede8-7325-4f4c-b86c-e0b861c2c8fb,34.71555,-65.59241,4.78426,6.10437,0.85228,-14.23768,-0.74767,3.69492,-2.51824,NA,NA,NA,NA,NA,NA,NA,NA,NA,NA,NA,NA,NA,NA,NA,NA,NA,NA,NA,NA,NA,NA,NA,NA,NA,NA,NA,NA,NA,NA,NA,NA,NA,NA,NA,NA,NA,NA,NA,NA,NA,NA,NA,NA,NA,NA,NA,NA,NA,NA,High,High,High,NA,NA,NA,NA,NA,NA,NA,NA,NA,NA,NA,NA,NA,NA,NA,NA,NA,NA,NA,NA,NA,NA,NA,NA,NA,NA,NA,NA,NA,NA,NA,NA,NA,NA,NA,NA,NA,NA,NA,NA,NA,NA,NA,NA,NA,NA,NA,NA
NA,NA,NA,NA,NA,NA,NA,NA,NA,NA,NA,NA,NA,NA,NA,NA,20,2025-10-08,13:44:03,NA,NA,NA,NA,Undefined,CAR_EAG,"Mutter, Evan",1000300074,Right,CAR_EAG,Undefined,1,Bottom,0,0,0,Undefined,Changeup,Undefined,Undefined,Undefined,Undefined,0,0,NA,45.17133,1.014635,-3.246861,1127.545943,234.745394,01:45:00,5.92608,0.84512,25.87975,-47.48073,4.62351,4.80607,2.55853,-0.63853,43.25212,-12.735051,-1.86464,0.519527,82.43434,-4.687378,-0.613672,1434.483277,NA,NA,NA,29.06417,28.22626,0.340514,0.228538,-7.2502,6.41016,-1.78563,50,4.9106,4.48936,-67.96334,7.79093,-3.35097,8.27099,-29.21133,CAR_EAG,NA,CarsonNewman,NA,NA,20251008-CarsonNewman-BP-1,61e375e0-a46e-11f0-b415-636602e020f2,72.55148,2.90708,NA,1.91921,NA,NA,NA,2.10081,2.90708,0.57192,d1063248-16c1-4edd-b41f-f498c213e11a,2025-10-08,17:44:03,2025-10-08T17:44:03Z,2025-10-08T17:44:03Z,GroundBall,v3,CNE,NA,NA,NA,NA,Undefined,CAR_EAG,3935dd0c-bf66-41af-ab58-294bef52a73d,34.62739,-66.06604,4.1355,5.92922,1.09009,-14.60567,-0.84397,3.72067,-1.67549,139.977665,2.10157,120.44823,-10.82905,NA,NA,NA,NA,NA,NA,2.90731,-9.89333,-12.38103,NA,NA,NA,NA,NA,NA,0.57211,-1.30129,-1.95606,NA,NA,NA,NA,NA,NA,NA,NA,NA,NA,NA,NA,NA,NA,NA,NA,NA,NA,NA,NA,NA,NA,NA,NA,NA,NA,NA,NA,High,High,High,High,High,NA,NA,NA,NA,NA,NA,NA,NA,NA,NA,NA,NA,NA,NA,NA,NA,NA,NA,NA,NA,NA,NA,NA,NA,NA,NA,NA,NA,NA,NA,NA,NA,NA,NA,NA,NA,NA,NA,NA,NA,NA,NA,NA,NA,NA,NA
NA,NA,NA,NA,NA,NA,NA,NA,NA,NA,NA,NA,NA,NA,NA,NA,21,2025-10-08,13:44:08,NA,NA,NA,NA,Undefined,CAR_EAG,"Mutter, Evan",1000300074,Right,CAR_EAG,Undefined,1,Bottom,0,0,0,Undefined,Changeup,Undefined,Undefined,Undefined,Undefined,0,0,NA,45.33898,1.271974,-2.598076,1151.162477,223.00262,01:30:00,5.9326,0.85815,25.71893,-45.27806,6.93355,5.30607,2.90122,-0.21406,43.25346,-11.826303,-1.079307,0.520062,80.36536,38.723684,-20.400962,NA,103.71647,73.03955,-36.64516,294.16427,294.16427,-19.493041,4.904743,-7.62985,9.23701,-1.62136,50,4.90484,3.78228,-68.21608,7.7084,-3.55197,8.34738,-27.87389,CAR_EAG,NA,CarsonNewman,NA,NA,20251008-CarsonNewman-BP-1,64cb5390-a46e-11f0-b415-636602e020f2,72.47686,85.40639,NA,2.08552,NA,NA,NA,2.80795,3.42041,0.21365,d1063248-16c1-4edd-b41f-f498c213e11a,2025-10-08,17:44:08,2025-10-08T17:44:08Z,2025-10-08T17:44:08Z,FlyBall,v3,CNE,NA,NA,NA,NA,Undefined,CAR_EAG,21954dc2-21c3-4fa2-982f-d1c43f5c1935,34.78763,-66.32848,4.17369,5.93528,1.40524,-13.93694,-0.85688,2.97907,-1.77598,183.168748,2.81075,86.13199,-13.60059,2.79259,-0.33642,-0.005,0.00749,-7.3e-4,1e-5,3.41933,73.74951,-18.90985,1.40731,-0.15779,-0.03883,0.02207,-0.00375,2.2e-4,0.21258,-32.0333,5.55766,-1.19616,0.1654,-0.00697,-0.00148,1.6e-4,0,NA,NA,NA,NA,NA,NA,NA,NA,NA,NA,NA,NA,NA,NA,NA,NA,NA,NA,NA,NA,NA,NA,High,High,High,High,Medium,NA,NA,NA,NA,NA,NA,NA,NA,NA,NA,NA,NA,NA,NA,NA,NA,NA,NA,NA,NA,NA,NA,NA,NA,NA,NA,NA,NA,NA,NA,NA,NA,NA,NA,NA,NA,NA,NA,NA,NA,NA,NA,NA,NA,NA,NA
NA,NA,NA,NA,NA,NA,NA,NA,NA,NA,NA,NA,NA,NA,NA,NA,22,2025-10-08,13:44:14,NA,NA,NA,NA,Undefined,CAR_EAG,"Mutter, Evan",1000300074,Right,CAR_EAG,Undefined,1,Bottom,0,0,0,Undefined,Changeup,Undefined,Undefined,Undefined,Undefined,0,0,NA,44.77529,0.976945,-3.054184,1101.497848,215.013799,01:15:00,5.94005,0.73347,25.62641,-47.44621,7.56745,4.12272,2.5577,-0.70862,41.98884,-12.775986,-1.87747,0.533835,74.40584,34.269383,0.717771,2843.164171,109.85679,55.12838,5.60877,263.11875,263.11875,4.64701,4.058091,-6.44626,10.17229,-1.59161,50,4.9991,4.1129,-67.80239,7.29912,-2.87105,10.39328,-27.64347,CAR_EAG,NA,CarsonNewman,NA,NA,20251008-CarsonNewman-BP-1,6826daa0-a46e-11f0-b415-636602e020f2,70.60697,59.03137,NA,2.78645,NA,NA,NA,2.34731,2.93215,0.72028,d1063248-16c1-4edd-b41f-f498c213e11a,2025-10-08,17:44:14,2025-10-08T17:44:14Z,2025-10-08T17:44:14Z,FlyBall,v3,CNE,NA,NA,NA,NA,Undefined,CAR_EAG,7a9cccc3-fa50-48e6-8b46-437a9b86147d,34.87851,-65.44341,5.19664,5.94375,1.02485,-13.82174,-0.73205,3.46125,-1.43552,206.295393,2.34906,90.13033,-11.94753,2.14228,-0.07261,-0.13141,0.04082,-0.00439,1.2e-4,2.9318,61.45422,-18.69432,1.25361,-0.11323,-0.0596,0.03772,-0.00776,5.5e-4,0.72043,1.12423,2.70264,-1.06191,0.37066,-0.12159,0.03172,-0.00488,3.1e-4,NA,NA,NA,NA,NA,NA,NA,NA,NA,NA,NA,NA,NA,NA,NA,NA,NA,NA,NA,NA,NA,NA,High,High,High,High,High,NA,NA,NA,NA,NA,NA,NA,NA,NA,NA,NA,NA,NA,NA,NA,NA,NA,NA,NA,NA,NA,NA,NA,NA,NA,NA,NA,NA,NA,NA,NA,NA,NA,NA,NA,NA,NA,NA,NA,NA,NA,NA,NA,NA,NA,NA
NA,NA,NA,NA,NA,NA,NA,NA,NA,NA,NA,NA,NA,NA,NA,NA,23,2025-10-08,13:44:19,NA,NA,NA,NA,Undefined,CAR_EAG,"Mutter, Evan",1000300074,Right,CAR_EAG,Undefined,1,Bottom,0,0,0,Undefined,Changeup,Undefined,Undefined,Undefined,Undefined,0,0,NA,44.86573,1.685224,-2.488257,1075.877183,237.312068,02:00:00,5.96094,0.73176,25.66076,-48.30463,6.3074,7.258,2.9201,-0.11622,42.0124,-12.354972,-0.413916,0.531882,83.84195,23.750932,-24.624807,1217.635182,99.81521,37.58471,-46.22531,278.33033,275.11373,-26.721583,3.391659,-10.17571,8.29304,-1.4813,50,4.81608,3.8298,-67.96019,8.29169,-4.55652,10.39385,-28.46056,CAR_EAG,NA,CarsonNewman,NA,NA,20251008-CarsonNewman-BP-1,6b7123a0-a46e-11f0-b415-636602e020f2,70.86612,41.246339999999996,NA,2.85332,NA,NA,NA,2.69979,3.34487,0.09955,d1063248-16c1-4edd-b41f-f498c213e11a,2025-10-08,17:44:19,2025-10-08T17:44:19Z,2025-10-08T17:44:19Z,LineDrive,v3,CNE,NA,NA,NA,NA,Undefined,CAR_EAG,d01a2769-ba85-4627-b528-35050192010e,34.84469,-65.60139,5.19693,5.96492,1.83281,-14.23028,-0.72949,2.79574,-2.27826,160.609032,2.69979,102.31654,-14.93518,3.04155,-0.56293,0.07601,-0.0012,-0.00215,3.1e-4,3.34481,49.52969,-18.03561,1.62581,-0.41943,0.13463,-0.04037,0.00792,-6.7e-4,0.09956,-46.89788,4.97847,-1.01068,0.18705,-0.02522,3.8e-4,7.3e-4,-1e-4,NA,NA,NA,NA,NA,NA,NA,NA,NA,NA,NA,NA,NA,NA,NA,NA,NA,NA,NA,NA,NA,NA,High,High,High,High,High,NA,NA,NA,NA,NA,NA,NA,NA,NA,NA,NA,NA,NA,NA,NA,NA,NA,NA,NA,NA,NA,NA,NA,NA,NA,NA,NA,NA,NA,NA,NA,NA,NA,NA,NA,NA,NA,NA,NA,NA,NA,NA,NA,NA,NA,NA
NA,NA,NA,NA,NA,NA,NA,NA,NA,NA,NA,NA,NA,NA,NA,NA,24,2025-10-08,13:44:25,NA,NA,NA,NA,Undefined,CAR_EAG,"Mutter, Evan",1000300074,Right,CAR_EAG,Undefined,1,Bottom,0,0,0,Undefined,Changeup,Undefined,Undefined,Undefined,Undefined,0,0,NA,45.55312,-0.647288,-3.703361,1166.357105,244.030527,02:15:00,5.87381,0.73579,25.74071,-46.89317,5.07485,7.68308,1.58844,-0.78271,43.61698,-14.116888,-1.49966,0.518847,82.34655,13.258026,11.860621,2789.694183,106.34613,15.62039,28.11486,203.73317,203.73317,17.283397,2.128815,-11.10237,7.54748,-1.82666,50,5.3402,5.43418,-68.61471,5.61064,-5.19028,8.96422,-28.64565,CAR_EAG,NA,CarsonNewman,NA,NA,20251008-CarsonNewman-BP-1,6ef7d960-a46e-11f0-b415-636602e020f2,72.64649,15.6257,NA,1.93613,NA,NA,NA,2.03402,1.82676,0.78551,d1063248-16c1-4edd-b41f-f498c213e11a,2025-10-08,17:44:25,2025-10-08T17:44:25Z,2025-10-08T17:44:25Z,LineDrive,v3,CNE,NA,NA,NA,NA,Undefined,CAR_EAG,5beb1f74-40f4-44e3-82d5-9bc7056fa7b0,34.76625,-66.59476,4.48211,5.87722,-0.84425,-14.32283,-0.73391,4.26462,-2.59514,227.824289,2.034,115.04738,-16.62729,3.39088,-0.64427,0.09534,-0.00582,-0.00148,2.9e-4,1.8268,27.69334,-14.447,0.67747,-0.21274,0.13242,-0.06188,0.01643,-0.0018,0.78551,24.16084,2.67978,-0.56784,0.10312,-0.0086,-0.00327,0.00142,-1.8e-4,NA,NA,NA,NA,NA,NA,NA,NA,NA,NA,NA,NA,NA,NA,NA,NA,NA,NA,NA,NA,NA,NA,High,High,High,High,High,NA,NA,NA,NA,NA,NA,NA,NA,NA,NA,NA,NA,NA,NA,NA,NA,NA,NA,NA,NA,NA,NA,NA,NA,NA,NA,NA,NA,NA,NA,NA,NA,NA,NA,NA,NA,NA,NA,NA,NA,NA,NA,NA,NA,NA,NA
NA,NA,NA,NA,NA,NA,NA,NA,NA,NA,NA,NA,NA,NA,NA,NA,25,2025-10-08,13:44:47,NA,NA,NA,NA,Undefined,CAR_EAG,"Pierce, Johno",10069844,Right,CAR_EAG,Undefined,1,Bottom,0,0,0,Undefined,Changeup,Undefined,Undefined,Undefined,Undefined,0,0,NA,47.33156,-0.26358,-3.214628,1311.620681,236.80801,02:00:00,5.89774,0.81672,25.55372,-42.56979,5.38642,6.69189,2.19573,-0.50935,45.65687,-12.4319,-1.306986,0.49841800000000003,NA,NA,NA,NA,NA,NA,NA,NA,NA,NA,NA,-9.32083,7.78772,-1.75006,50,5.33918,4.86713,-70.90684,5.64601,-4.76424,7.80586,-28.19343,CAR_EAG,NA,CarsonNewman,NA,NA,20251008-CarsonNewman-BP-1,7c4a0930-a46e-11f0-b415-636602e020f2,75.62415,NA,NA,1.67469,NA,NA,NA,NA,NA,NA,d1063248-16c1-4edd-b41f-f498c213e11a,2025-10-08,17:44:47,2025-10-08T17:44:47Z,2025-10-08T17:44:47Z,NA,v3,CNE,NA,NA,NA,NA,Undefined,CAR_EAG,b5be376c-caa2-4e33-90c7-93c1d2cc3722,34.95266,-69.23052,3.90293,5.90156,-0.40856,-14.09672,-0.8147,3.84401,-2.38212,NA,NA,NA,NA,NA,NA,NA,NA,NA,NA,NA,NA,NA,NA,NA,NA,NA,NA,NA,NA,NA,NA,NA,NA,NA,NA,NA,NA,NA,NA,NA,NA,NA,NA,NA,NA,NA,NA,NA,NA,NA,NA,NA,NA,NA,NA,NA,NA,NA,NA,High,High,High,NA,NA,NA,NA,NA,NA,NA,NA,NA,NA,NA,NA,NA,NA,NA,NA,NA,NA,NA,NA,NA,NA,NA,NA,NA,NA,NA,NA,NA,NA,NA,NA,NA,NA,NA,NA,NA,NA,NA,NA,NA,NA,NA,NA,NA,NA,NA,NA
NA,NA,NA,NA,NA,NA,NA,NA,NA,NA,NA,NA,NA,NA,NA,NA,26,2025-10-08,13:44:52,NA,NA,NA,NA,Undefined,CAR_EAG,"Pierce, Johno",10069844,Right,CAR_EAG,Undefined,1,Bottom,0,0,0,Undefined,Changeup,Undefined,Undefined,Undefined,Undefined,0,0,NA,47.33563,0.9562,-4.965421,1197.457484,251.979391,02:30:00,5.98133,0.8194,25.85806,-44.534,3.38595,6.6951599999999996,2.82696,-1.51014,44.92719,-11.960271,-3.048591,0.49823,NA,NA,NA,NA,NA,NA,NA,NA,NA,NA,NA,-10.19445,4.98914,-2.24239,50,5.04589,7.07225,-71.16317,7.5403,-5.13346,9.54025,-29.66176,CAR_EAG,NA,CarsonNewman,NA,NA,20251008-CarsonNewman-BP-1,7f373e10-a46e-11f0-b415-636602e020f2,75.65275,NA,NA,2.40845,NA,NA,NA,NA,NA,NA,d1063248-16c1-4edd-b41f-f498c213e11a,2025-10-08,17:44:52,2025-10-08T17:44:52Z,2025-10-08T17:44:52Z,NA,v3,CNE,NA,NA,NA,NA,Undefined,CAR_EAG,1f01215f-9119-4e0b-a36c-6ab23e71f38a,34.64843,-69.07447,4.77012,5.98585,1.04626,-14.83088,-0.81704,5.94835,-2.56673,NA,NA,NA,NA,NA,NA,NA,NA,NA,NA,NA,NA,NA,NA,NA,NA,NA,NA,NA,NA,NA,NA,NA,NA,NA,NA,NA,NA,NA,NA,NA,NA,NA,NA,NA,NA,NA,NA,NA,NA,NA,NA,NA,NA,NA,NA,NA,NA,NA,NA,High,High,High,NA,NA,NA,NA,NA,NA,NA,NA,NA,NA,NA,NA,NA,NA,NA,NA,NA,NA,NA,NA,NA,NA,NA,NA,NA,NA,NA,NA,NA,NA,NA,NA,NA,NA,NA,NA,NA,NA,NA,NA,NA,NA,NA,NA,NA,NA,NA,NA
NA,NA,NA,NA,NA,NA,NA,NA,NA,NA,NA,NA,NA,NA,NA,NA,27,2025-10-08,13:44:58,NA,NA,NA,NA,Undefined,CAR_EAG,"Pierce, Johno",10069844,Right,CAR_EAG,Undefined,1,Bottom,0,0,0,Undefined,Changeup,Undefined,Undefined,Undefined,Undefined,0,0,NA,48.38314,0.796038,-2.074873,1281.117791,233.775103,01:45:00,5.92649,0.81416,25.88884,-39.84404,5.65087,6.17288,3.06781,0.1256,45.8383,-10.830133,-0.297829,0.485459,85.7396,27.592793,-23.595202,1933.990177,101.99865,48.56058,-41.18583,330.81591,330.81591,-21.0735,4.169615,-8.69859,7.68839,-1.45877,50,5.0894,3.51248,-72.98673,6.93004,-4.6046,10.08601,-28.1042,CAR_EAG,NA,CarsonNewman,NA,NA,20251008-CarsonNewman-BP-1,82ac4090-a46e-11f0-b415-636602e020f2,77.64284,59.21865,NA,2.54483,NA,NA,NA,3.21993,3.5713,-0.124,d1063248-16c1-4edd-b41f-f498c213e11a,2025-10-08,17:44:58,2025-10-08T17:44:58Z,2025-10-08T17:44:58Z,LineDrive,v3,CNE,NA,NA,NA,NA,Undefined,CAR_EAG,68a23809-5b93-45cc-8b41-65c06c0fac6e,34.61814,-70.82923,5.04301,5.92882,0.91826,-14.0521,-0.81276,2.52751,-2.3023,198.023478,3.22026,102.12536,-13.83745,3.05076,-0.62393,0.14385,-0.0349,0.00575,-4e-4,3.57178,58.22762,-16.37823,0.46224,0.30262,-0.23299,0.07896,-0.01284,8e-4,-0.1243,-44.60414,8.46948,-2.16354,0.4949,-0.11396,0.02448,-0.00363,2.4e-4,NA,NA,NA,NA,NA,NA,NA,NA,NA,NA,NA,NA,NA,NA,NA,NA,NA,NA,NA,NA,NA,NA,High,High,High,High,High,NA,NA,NA,NA,NA,NA,NA,NA,NA,NA,NA,NA,NA,NA,NA,NA,NA,NA,NA,NA,NA,NA,NA,NA,NA,NA,NA,NA,NA,NA,NA,NA,NA,NA,NA,NA,NA,NA,NA,NA,NA,NA,NA,NA,NA,NA
NA,NA,NA,NA,NA,NA,NA,NA,NA,NA,NA,NA,NA,NA,NA,NA,28,2025-10-08,13:45:03,NA,NA,NA,NA,Undefined,CAR_EAG,"Pierce, Johno",10069844,Right,CAR_EAG,Undefined,1,Bottom,0,0,0,Undefined,Changeup,Undefined,Undefined,Undefined,Undefined,0,0,NA,46.21263,0.792522,-4.289337,1225.073554,231.93044,01:45:00,5.80165,0.99349,25.91034,-44.37502,6.39713,6.22225,2.56404,-0.97679,43.29806,-12.177004,-2.50238,0.512843,81.32696,13.453456,-0.73422,1126.765942,109.90161,14.55354,4.65136,183.14479,183.14479,4.026457,1.930446,-9.74894,8.74961,-2.23299,50,4.9093,6.05493,-69.9257,7.1349,-4.62765,10.91205,-28.02077,CAR_EAG,NA,CarsonNewman,NA,NA,20251008-CarsonNewman-BP-1,85ccba70-a46e-11f0-b415-636602e020f2,73.49708,14.90092,NA,2.91457,NA,NA,NA,2.88106,2.83712,0.93618,d1063248-16c1-4edd-b41f-f498c213e11a,2025-10-08,17:45:03,2025-10-08T17:45:03Z,2025-10-08T17:45:03Z,LineDrive,v3,CNE,NA,NA,NA,NA,Undefined,CAR_EAG,dd60b6f4-fa98-4287-98d2-3be330a78271,34.5957,-67.47902,5.45603,5.80471,0.85214,-14.01038,-0.99168,5.01733,-2.31383,243.406445,2.88106,115.99717,-15.7494,2.82204,-0.55376,0.09233,-0.00636,-0.00345,8.5e-4,2.83713,27.75036,-16.77993,1.04219,-0.11801,0.00853,-0.00465,0.00463,-9.5e-4,0.9362,-1.48801,6.34789,-1.93974,0.57091,-0.14529,0.01233,0.00827,-0.00209,NA,NA,NA,NA,NA,NA,NA,NA,NA,NA,NA,NA,NA,NA,NA,NA,NA,NA,NA,NA,NA,NA,High,High,High,High,High,NA,NA,NA,NA,NA,NA,NA,NA,NA,NA,NA,NA,NA,NA,NA,NA,NA,NA,NA,NA,NA,NA,NA,NA,NA,NA,NA,NA,NA,NA,NA,NA,NA,NA,NA,NA,NA,NA,NA,NA,NA,NA,NA,NA,NA,NA
NA,NA,NA,NA,NA,NA,NA,NA,NA,NA,NA,NA,NA,NA,NA,NA,29,2025-10-08,13:45:07,NA,NA,NA,NA,Undefined,CAR_EAG,"Pierce, Johno",10069844,Right,CAR_EAG,Undefined,1,Bottom,0,0,0,Undefined,Changeup,Undefined,Undefined,Undefined,Undefined,0,0,NA,46.89585,0.045286,-3.442269,1205.103648,226.825627,01:30:00,5.9302,0.745,25.91056,-41.85144,6.76563,5.85103,2.46886,-0.76338,44.47848,-12.13461,-1.7583,0.501841,NA,NA,NA,NA,NA,NA,NA,NA,NA,NA,NA,-8.77563,9.48749,-1.75368,50,5.26458,5.0479,-70.73635,6.05992,-4.34325,9.81261,-27.47847,CAR_EAG,NA,CarsonNewman,NA,NA,20251008-CarsonNewman-BP-1,88344490-a46e-11f0-b415-636602e020f2,75.10839,NA,NA,2.41737,NA,NA,NA,NA,NA,NA,d1063248-16c1-4edd-b41f-f498c213e11a,2025-10-08,17:45:07,2025-10-08T17:45:07Z,2025-10-08T17:45:07Z,NA,v3,CNE,NA,NA,NA,NA,Undefined,CAR_EAG,a7135330-c2e5-4d73-8721-15ab6999a752,34.59592,-68.56619,4.90631,5.93279,-0.01722,-13.73924,-0.7435,4.08734,-2.17163,NA,NA,NA,NA,NA,NA,NA,NA,NA,NA,NA,NA,NA,NA,NA,NA,NA,NA,NA,NA,NA,NA,NA,NA,NA,NA,NA,NA,NA,NA,NA,NA,NA,NA,NA,NA,NA,NA,NA,NA,NA,NA,NA,NA,NA,NA,NA,NA,NA,NA,High,High,High,NA,NA,NA,NA,NA,NA,NA,NA,NA,NA,NA,NA,NA,NA,NA,NA,NA,NA,NA,NA,NA,NA,NA,NA,NA,NA,NA,NA,NA,NA,NA,NA,NA,NA,NA,NA,NA,NA,NA,NA,NA,NA,NA,NA,NA,NA,NA,NA
NA,NA,NA,NA,NA,NA,NA,NA,NA,NA,NA,NA,NA,NA,NA,NA,30,2025-10-08,13:45:13,NA,NA,NA,NA,Undefined,CAR_EAG,"Pierce, Johno",10069844,Right,CAR_EAG,Undefined,1,Bottom,0,0,0,Undefined,Changeup,Undefined,Undefined,Undefined,Undefined,0,0,NA,47.76058,1.36132,-2.359051,1218.738201,235.26675,01:45:00,5.88168,0.93278,25.80779,-42.16455,5.19437,5.61646,3.15963,0.02958,44.86598,-10.948495,-0.746921,0.495305,86.93105,34.295036,-24.609138,NA,101.23082,64.57327,-43.03838,344.21921,341.36712,-21.912168,4.846813,-8.0939,6.8815,-1.63893,50,4.87926,3.73155,-72.22263,7.75339,-4.14004,10.88561,-28.65417,CAR_EAG,NA,CarsonNewman,NA,NA,20251008-CarsonNewman-BP-1,8bbcf620-a46e-11f0-b415-636602e020f2,76.09952,82.69676,NA,2.8946,NA,NA,NA,3.52714,3.7465,-0.03638,d1063248-16c1-4edd-b41f-f498c213e11a,2025-10-08,17:45:13,2025-10-08T17:45:13Z,2025-10-08T17:45:13Z,FlyBall,v3,CNE,NA,NA,NA,NA,Undefined,CAR_EAG,0b005f3c-1589-4b4a-9361-3b646b6e1e8d,34.69874,-69.87834,5.44281,5.88453,1.58249,-14.32708,-0.93132,2.83996,-2.07002,191.402948,3.52931,95.72117,-13.88337,2.96455,-0.45825,0.05024,-0.00648,0.00107,-8e-5,3.74565,71.8499,-18.53512,1.29171,-0.09083,-0.06938,0.03015,-0.00483,2.8e-4,-0.03763,-43.83774,7.97304,-1.73011,0.27439,-0.03183,0.00411,-6.3e-4,5e-5,NA,NA,NA,NA,NA,NA,NA,NA,NA,NA,NA,NA,NA,NA,NA,NA,NA,NA,NA,NA,NA,NA,High,High,High,High,Medium,NA,NA,NA,NA,NA,NA,NA,NA,NA,NA,NA,NA,NA,NA,NA,NA,NA,NA,NA,NA,NA,NA,NA,NA,NA,NA,NA,NA,NA,NA,NA,NA,NA,NA,NA,NA,NA,NA,NA,NA,NA,NA,NA,NA,NA,NA
NA,NA,NA,NA,NA,NA,NA,NA,NA,NA,NA,NA,NA,NA,NA,NA,31,2025-10-08,13:45:18,NA,NA,NA,NA,Undefined,CAR_EAG,"Pierce, Johno",10069844,Right,CAR_EAG,Undefined,1,Bottom,0,0,0,Undefined,Changeup,Undefined,Undefined,Undefined,Undefined,0,0,NA,47.28289,0.85699,-1.45392,1188.986494,222.363247,01:30:00,5.85197,0.86216,25.85919,-41.66266,6.14292,4.49201,2.87737,0.39298,44.78088,-11.287757,-0.160982,0.497635,95.0568,24.774635,-43.579446,1882.254042,78.17603,43.50439,-77.38468,331.9839,198.09363,-51.029244,3.825619,-6.32327,8.29422,-1.31503,50,4.97554,2.4272,-71.40151,7.08018,-3.1917,9.92658,-27.98749,CAR_EAG,NA,CarsonNewman,NA,NA,20251008-CarsonNewman-BP-1,8ea485b0-a46e-11f0-b415-636602e020f2,75.74319,53.81919,NA,2.502,NA,NA,NA,4.24107,3.60892,-0.286,d1063248-16c1-4edd-b41f-f498c213e11a,2025-10-08,17:45:18,2025-10-08T17:45:18Z,2025-10-08T17:45:18Z,LineDrive,v3,CNE,NA,NA,NA,NA,Undefined,CAR_EAG,8a8cae1a-500b-42b1-a851-bfbde042870c,34.64763,-69.23426,4.96329,5.8543,0.96972,-13.99374,-0.86117,1.73036,-1.59585,NA,4.24118,91.69649,-19.57989,4.68616,-1.00325,0.17815,-0.02181,0.00121,2e-5,3.60879,58.42667,-19.06696,1.57715,-0.33169,0.08971,-0.02417,0.00435,-3.3e-4,-0.28607,-87.26021,9.52177,-2.00789,0.37199,-0.05053,0.00215,7.1e-4,-1e-4,NA,NA,NA,NA,NA,NA,NA,NA,NA,NA,NA,NA,NA,NA,NA,NA,NA,NA,NA,NA,NA,NA,High,High,High,High,Low,NA,NA,NA,NA,NA,NA,NA,NA,NA,NA,NA,NA,NA,NA,NA,NA,NA,NA,NA,NA,NA,NA,NA,NA,NA,NA,NA,NA,NA,NA,NA,NA,NA,NA,NA,NA,NA,NA,NA,NA,NA,NA,NA,NA,NA,NA
NA,NA,NA,NA,NA,NA,NA,NA,NA,NA,NA,NA,NA,NA,NA,NA,32,2025-10-08,13:45:29,NA,NA,NA,NA,Undefined,CAR_EAG,"Mutter, Evan",1000300074,Right,CAR_EAG,Undefined,1,Bottom,0,0,0,Undefined,Changeup,Undefined,Undefined,Undefined,Undefined,0,0,NA,44.7497,1.072946,-4.446945,1163.009289,236.139943,01:45:00,5.93897,0.72962,25.73515,-48.17306,5.6987,6.49481,2.55118,-1.32339,42.69895,-12.823123,-2.591396,0.528265,NA,NA,NA,NA,NA,NA,NA,NA,NA,NA,NA,-9.80233,7.72138,-2.00321,50,4.92188,6.06044,-67.27874,7.73679,-4.42028,8.39958,-28.69216,CAR_EAG,NA,CarsonNewman,NA,NA,20251008-CarsonNewman-BP-1,953d5d70-a46e-11f0-b415-636602e020f2,71.35137,NA,NA,2.05075,NA,NA,NA,NA,NA,NA,d1063248-16c1-4edd-b41f-f498c213e11a,2025-10-08,17:45:29,2025-10-08T17:45:29Z,2025-10-08T17:45:29Z,NA,v3,CNE,NA,NA,NA,NA,Undefined,CAR_EAG,5ffc337a-a2aa-4339-8d54-ca22b853297a,34.7718,-65.34989,4.19979,5.94202,1.14801,-14.34608,-0.72805,5.04538,-2.21014,NA,NA,NA,NA,NA,NA,NA,NA,NA,NA,NA,NA,NA,NA,NA,NA,NA,NA,NA,NA,NA,NA,NA,NA,NA,NA,NA,NA,NA,NA,NA,NA,NA,NA,NA,NA,NA,NA,NA,NA,NA,NA,NA,NA,NA,NA,NA,NA,NA,NA,High,High,High,NA,NA,NA,NA,NA,NA,NA,NA,NA,NA,NA,NA,NA,NA,NA,NA,NA,NA,NA,NA,NA,NA,NA,NA,NA,NA,NA,NA,NA,NA,NA,NA,NA,NA,NA,NA,NA,NA,NA,NA,NA,NA,NA,NA,NA,NA,NA,NA
NA,NA,NA,NA,NA,NA,NA,NA,NA,NA,NA,NA,NA,NA,NA,NA,33,2025-10-08,13:45:44,NA,NA,NA,NA,Undefined,CAR_EAG,"Mutter, Evan",1000300074,Right,CAR_EAG,Undefined,1,Bottom,0,0,0,Undefined,Curveball,Undefined,Undefined,Undefined,Undefined,0,0,NA,45.48629,0.267131,-4.510935,2376.543564,214.751378,01:15:00,6.03586,0.73627,25.71337,-44.48644,8.53595,4.81969,2.48477,-1.49553,42.74887,-12.633422,-3.13536,0.524084,54.2028,42.865057,41.958322,4606.765792,75.09681,35.77578,80.37698,151.06097,138.31507,47.817742,3.2828,-7.905,11.70138,-1.99805,50,5.30798,6.02067,-68.7155,6.26316,-3.63327,10.35772,-26.79591,CAR_EAG,NA,CarsonNewman,NA,NA,20251008-CarsonNewman-BP-1,9e1d3f00-a46e-11f0-b415-636602e020f2,71.92057,43.33329,NA,2.73742,NA,NA,NA,1.65296,2.73348,1.52842,d1063248-16c1-4edd-b41f-f498c213e11a,2025-10-08,17:45:44,2025-10-08T17:45:44Z,2025-10-08T17:45:44Z,Popup,v3,CNE,NA,NA,NA,NA,Undefined,CAR_EAG,f882d518-0cd6-47cc-9be7-747ad2fa289b,34.79173,-66.38354,5.17886,6.03895,0.23026,-13.39795,-0.73463,5.20266,-1.81663,215.93695,1.65347,43.31527,-8.37357,2.31453,-0.3919,0.05057,-0.03007,0.01202,-0.00145,2.73418,54.05121,-19.44828,0.76219,0.59632,-0.57431,0.2377,-0.04731,0.00364,1.52865,38.9493,-2.48872,0.23814,0.12759,-0.09572,0.03031,-0.00458,2.6e-4,NA,NA,NA,NA,NA,NA,NA,NA,NA,NA,NA,NA,NA,NA,NA,NA,NA,NA,NA,NA,NA,NA,High,High,High,High,High,NA,NA,NA,NA,NA,NA,NA,NA,NA,NA,NA,NA,NA,NA,NA,NA,NA,NA,NA,NA,NA,NA,NA,NA,NA,NA,NA,NA,NA,NA,NA,NA,NA,NA,NA,NA,NA,NA,NA,NA,NA,NA,NA,NA,NA,NA
NA,NA,NA,NA,NA,NA,NA,NA,NA,NA,NA,NA,NA,NA,NA,NA,34,2025-10-08,13:45:50,NA,NA,NA,NA,Undefined,CAR_EAG,"Mutter, Evan",1000300074,Right,CAR_EAG,Undefined,1,Bottom,0,0,0,Undefined,Changeup,Undefined,Undefined,Undefined,Undefined,0,0,NA,46.05927,1.671391,-2.247251,1160.432945,236.685345,02:00:00,5.95017,0.85954,26.00436,-44.6988,4.99477,5.82737,3.19153,0.04669,43.8776,-11.384003,-0.5647,0.507366,78.38032,22.878399,-11.642016,1298.555761,108.34161,33.9274,-19.02652,256.29433,256.29433,-8.386059,3.096705,-8.30252,6.71744,-1.55201,50,4.78132,3.51431,-69.35995,8.45017,-3.99458,8.65213,-28.9421,CAR_EAG,NA,CarsonNewman,NA,NA,20251008-CarsonNewman-BP-1,a184fb10-a46e-11f0-b415-636602e020f2,74.2904,35.36893,NA,2.18167,NA,NA,NA,2.10995,3.43778,-0.04093,d1063248-16c1-4edd-b41f-f498c213e11a,2025-10-08,17:45:50,2025-10-08T17:45:50Z,2025-10-08T17:45:50Z,LineDrive,v3,CNE,NA,NA,NA,NA,Undefined,CAR_EAG,024707da-eff9-42be-9fc1-a6d2e48649e2,34.5026,-67.39904,4.32607,5.95315,1.89078,-14.47105,-0.85812,2.60899,-1.99729,210.724765,2.1099,103.73701,-12.62526,2.83235,-0.5611,0.09851,-0.01252,2.3e-4,1.3e-4,3.43779,44.69232,-16.6523,0.84473,-0.13799,0.04522,-0.02015,0.00574,-6.3e-4,-0.04091,-21.37396,5.49552,-1.36347,0.29675,-0.05845,0.00934,-8.7e-4,2e-5,NA,NA,NA,NA,NA,NA,NA,NA,NA,NA,NA,NA,NA,NA,NA,NA,NA,NA,NA,NA,NA,NA,High,High,High,High,High,NA,NA,NA,NA,NA,NA,NA,NA,NA,NA,NA,NA,NA,NA,NA,NA,NA,NA,NA,NA,NA,NA,NA,NA,NA,NA,NA,NA,NA,NA,NA,NA,NA,NA,NA,NA,NA,NA,NA,NA,NA,NA,NA,NA,NA,NA
NA,NA,NA,NA,NA,NA,NA,NA,NA,NA,NA,NA,NA,NA,NA,NA,35,2025-10-08,13:45:55,NA,NA,NA,NA,Undefined,CAR_EAG,"Mutter, Evan",1000300074,Right,CAR_EAG,Undefined,1,Bottom,0,0,0,Undefined,Changeup,Undefined,Undefined,Undefined,Undefined,0,0,NA,46.95481,0.528619,-2.730212,1252.04724,217.371377,01:15:00,6.01785,0.77273,25.91026,-40.75542,8.05902,5.08969,2.92807,-0.38552,44.10328,-11.405752,-1.265228,0.502858,74.40419,36.539486,0.387915,NA,109.67166,61.81355,8.49265,263.87876,263.87876,8.159601,4.205051,-7.5741,11.05603,-1.57569,50,5.24718,4.06019,-71.03093,6.45342,-3.7373,10.72514,-26.71865,CAR_EAG,NA,CarsonNewman,NA,NA,20251008-CarsonNewman-BP-1,a4e1baa0-a46e-11f0-b415-636602e020f2,74.95639,66.06083,NA,2.85153,NA,NA,NA,2.11084,3.23719,0.42441,d1063248-16c1-4edd-b41f-f498c213e11a,2025-10-08,17:45:55,2025-10-08T17:45:55Z,2025-10-08T17:45:55Z,FlyBall,v3,CNE,NA,NA,NA,NA,Undefined,CAR_EAG,c8b71fe8-a568-438c-9da7-e377aece14a5,34.59499,-68.6655,5.36257,6.02065,0.56063,-13.35932,-0.77111,3.23593,-1.86865,211.140804,2.11166,87.65667,-13.96167,3.35978,-0.55579,0.07885,-0.01719,0.0034,-2.7e-4,3.23756,64.95684,-18.39004,0.92079,0.08484,-0.1514,0.0571,-0.00948,5.9e-4,0.42406,0.60201,4.70516,-1.19975,0.18663,-0.01554,0.00139,-4.1e-4,4e-5,NA,NA,NA,NA,NA,NA,NA,NA,NA,NA,NA,NA,NA,NA,NA,NA,NA,NA,NA,NA,NA,NA,High,High,High,High,High,NA,NA,NA,NA,NA,NA,NA,NA,NA,NA,NA,NA,NA,NA,NA,NA,NA,NA,NA,NA,NA,NA,NA,NA,NA,NA,NA,NA,NA,NA,NA,NA,NA,NA,NA,NA,NA,NA,NA,NA,NA,NA,NA,NA,NA,NA
NA,NA,NA,NA,NA,NA,NA,NA,NA,NA,NA,NA,NA,NA,NA,NA,36,2025-10-08,13:46:02,NA,NA,NA,NA,Undefined,CAR_EAG,"Mutter, Evan",1000300074,Right,CAR_EAG,Undefined,1,Bottom,0,0,0,Undefined,Changeup,Undefined,Undefined,Undefined,Undefined,0,0,NA,46.11481,-0.600849,-2.38383,1228.101521,218.061197,01:15:00,6.04602,0.74043,25.63823,-44.60022,6.4689,4.0082700000000004,1.97819,-0.31826,43.94367,-13.421746,-1.236518,0.51434,84.77701,25.048533,-10.384756,1946.938223,108.93892,40.57247,-15.24177,303.72554,299.09108,-5.08819,3.689459,-5.93882,9.26123,-1.42347,50,5.54727,3.41207,-69.58511,5.3352,-2.84279,9.5352,-27.74091,CAR_EAG,NA,CarsonNewman,NA,NA,20251008-CarsonNewman-BP-1,a8edf410-a46e-11f0-b415-636602e020f2,73.28308,46.75105,NA,2.17114,NA,NA,NA,2.4649200000000002,2.35796,0.32351,d1063248-16c1-4edd-b41f-f498c213e11a,2025-10-08,17:46:02,2025-10-08T17:46:02Z,2025-10-08T17:46:02Z,LineDrive,v3,CNE,NA,NA,NA,NA,Undefined,CAR_EAG,1ef8eea3-20b3-49c4-8e8f-07bcd52381b9,34.86802,-67.47973,4.7676,6.04906,-0.79,-13.87045,-0.73938,2.78438,-1.42139,217.26936,2.4644,110.81717,-14.33355,3.20374,-0.87952,0.30193,-0.08841,0.01525,-0.00108,2.35862,52.62223,-16.80344,0.62467,0.24511,-0.21426,0.07765,-0.01333,8.8e-4,0.32361,-20.30849,7.1314,-1.95262,0.5202,-0.13909,0.03322,-0.00523,3.5e-4,NA,NA,NA,NA,NA,NA,NA,NA,NA,NA,NA,NA,NA,NA,NA,NA,NA,NA,NA,NA,NA,NA,High,High,High,High,High,NA,NA,NA,NA,NA,NA,NA,NA,NA,NA,NA,NA,NA,NA,NA,NA,NA,NA,NA,NA,NA,NA,NA,NA,NA,NA,NA,NA,NA,NA,NA,NA,NA,NA,NA,NA,NA,NA,NA,NA,NA,NA,NA,NA,NA,NA
NA,NA,NA,NA,NA,NA,NA,NA,NA,NA,NA,NA,NA,NA,NA,NA,37,2025-10-08,13:46:08,NA,NA,NA,NA,Undefined,CAR_EAG,"Mutter, Evan",1000300074,Right,CAR_EAG,Undefined,1,Bottom,0,0,0,Undefined,Changeup,Undefined,Undefined,Undefined,Undefined,0,0,NA,46.7061,-2.217556,-2.995223,1230.326817,217.877887,01:15:00,5.96427,0.86494,25.86849,-42.25026,6.75772,4.28583,1.15511,-0.51635,44.83411,-14.356924,-1.759381,0.503854,55.76167,47.554577,32.589869,NA,84.46775,44.91521,70.46416,158.5164,145.38797,41.502012,3.600318,-6.54587,10.25249,-1.72941,50,5.90417,4.26153,-70.33448,3.29024,-3.22032,9.30942,-27.13023,CAR_EAG,NA,CarsonNewman,NA,NA,20251008-CarsonNewman-BP-1,ac26b0e0-a46e-11f0-b415-636602e020f2,74.80824,51.15509,NA,1.872,NA,NA,NA,2.09046,1.56124,0.58568,d1063248-16c1-4edd-b41f-f498c213e11a,2025-10-08,17:46:08,2025-10-08T17:46:08Z,2025-10-08T17:46:08Z,Popup,v3,CNE,NA,NA,NA,NA,Undefined,CAR_EAG,dba41118-330a-42bd-b21b-0aae72321f41,34.63805,-68.27091,4.65471,5.96698,-2.72357,-13.56512,-0.86389,3.5477,-1.61016,222.630158,2.09422,46.3915,-7.74207,0.88054,1.0292,-0.75857,0.2226,-0.02859,0.00121,1.56314,60.28064,-19.87415,0.3233,1.2816,-1.02583,0.39148,-0.07315,0.00532,0.58584,29.71746,0.846,-0.99043,0.67037,-0.39594,0.15376,-0.0315,0.00254,NA,NA,NA,NA,NA,NA,NA,NA,NA,NA,NA,NA,NA,NA,NA,NA,NA,NA,NA,NA,NA,NA,High,High,High,High,High,NA,NA,NA,NA,NA,NA,NA,NA,NA,NA,NA,NA,NA,NA,NA,NA,NA,NA,NA,NA,NA,NA,NA,NA,NA,NA,NA,NA,NA,NA,NA,NA,NA,NA,NA,NA,NA,NA,NA,NA,NA,NA,NA,NA,NA,NA
NA,NA,NA,NA,NA,NA,NA,NA,NA,NA,NA,NA,NA,NA,NA,NA,38,2025-10-08,13:46:26,NA,NA,NA,NA,Undefined,CAR_EAG,"Soto Diaz, Bradley",1000475324,Undefined,CAR_EAG,Undefined,1,Bottom,0,0,0,Undefined,Changeup,Undefined,Undefined,Undefined,Undefined,0,0,NA,47.47524,0.777679,-2.051125,1142.318215,242.235222,02:00:00,5.98232,0.79981,25.78156,-43.45924,5.4126,7.18067,2.81317,0.20517,43.94534,-11.951432,0.011125,0.503154,78.23891,-6.619907,-28.031961,NA,NA,NA,NA,21.81801,21.27068,-26.211355,0.17696,-10.03166,7.47729,-1.43644,50,5.14393,3.50184,-72.25236,6.97365,-4.99222,12.99448,-28.45301,CAR_EAG,NA,CarsonNewman,NA,NA,20251008-CarsonNewman-BP-1,b70e7060-a46e-11f0-b415-636602e020f2,74.91235,3.00894,NA,3.52989,NA,NA,NA,2.35973,3.00894,-0.2028,d1063248-16c1-4edd-b41f-f498c213e11a,2025-10-08,17:46:26,2025-10-08T17:46:26Z,2025-10-08T17:46:26Z,GroundBall,v3,CNE,NA,NA,NA,NA,Undefined,CAR_EAG,714b2ea6-00c1-4b0b-8238-cefe923a6f3a,34.72353,-69.45059,6.49724,5.98616,0.83882,-14.2265,-0.79744,2.42545,-2.49611,46.934504,2.36035,100.56644,-18.60922,NA,NA,NA,NA,NA,NA,3.00976,-13.28937,-21.04299,NA,NA,NA,NA,NA,NA,-0.20258,-53.58579,1.54103,NA,NA,NA,NA,NA,NA,NA,NA,NA,NA,NA,NA,NA,NA,NA,NA,NA,NA,NA,NA,NA,NA,NA,NA,NA,NA,NA,NA,High,High,High,High,High,NA,NA,NA,NA,NA,NA,NA,NA,NA,NA,NA,NA,NA,NA,NA,NA,NA,NA,NA,NA,NA,NA,NA,NA,NA,NA,NA,NA,NA,NA,NA,NA,NA,NA,NA,NA,NA,NA,NA,NA,NA,NA,NA,NA,NA,NA
NA,NA,NA,NA,NA,NA,NA,NA,NA,NA,NA,NA,NA,NA,NA,NA,39,2025-10-08,13:46:31,NA,NA,NA,NA,Undefined,CAR_EAG,"Soto Diaz, Bradley",1000475324,Undefined,CAR_EAG,Undefined,1,Bottom,0,0,0,Undefined,Changeup,Undefined,Undefined,Undefined,Undefined,0,0,NA,47.55237,0.278526,-2.868423,1138.750922,226.345945,01:30:00,5.99115,0.87689,25.95323,-39.37656,7.68721,6.78107,2.87108,-0.2185,45.01281,-11.231642,-0.913598,0.493759,90.2444,20.57579,-19.861766,1191.161009,101.81875,28.56266,-41.6278,248.27662,175.74447,-26.159811,2.52902,-9.79079,10.59977,-1.747,50,5.29305,4.53326,-71.74257,6.12948,-4.99241,9.97441,-26.76912,CAR_EAG,NA,CarsonNewman,NA,NA,20251008-CarsonNewman-BP-1,b9e3b070-a46e-11f0-b415-636602e020f2,76.33778,29.33029,NA,2.53956,NA,NA,NA,2.68573,3.25727,0.18652,d1063248-16c1-4edd-b41f-f498c213e11a,2025-10-08,17:46:31,2025-10-08T17:46:31Z,2025-10-08T17:46:31Z,LineDrive,v3,CNE,NA,NA,NA,NA,Undefined,CAR_EAG,eb6d36fe-e06a-4691-9b62-bb80c0c8860c,34.55318,-69.56185,4.9872,5.99337,0.2769,-13.38456,-0.87521,3.44177,-2.49621,90.036706,2.68573,116.54367,-17.52463,3.66452,-0.79986,0.16019,-0.02991,0.00396,-2.5e-4,3.25728,46.51671,-23.07811,2.52557,-0.53051,0.10556,-0.01822,0.0026,-1.9e-4,0.18652,-42.1004,-1.8989,1.04542,-0.32445,0.07991,-0.01569,0.00213,-1.4e-4,NA,NA,NA,NA,NA,NA,NA,NA,NA,NA,NA,NA,NA,NA,NA,NA,NA,NA,NA,NA,NA,NA,High,High,High,High,Medium,NA,NA,NA,NA,NA,NA,NA,NA,NA,NA,NA,NA,NA,NA,NA,NA,NA,NA,NA,NA,NA,NA,NA,NA,NA,NA,NA,NA,NA,NA,NA,NA,NA,NA,NA,NA,NA,NA,NA,NA,NA,NA,NA,NA,NA,NA
NA,NA,NA,NA,NA,NA,NA,NA,NA,NA,NA,NA,NA,NA,NA,NA,40,2025-10-08,13:46:37,NA,NA,NA,NA,Undefined,CAR_EAG,"Soto Diaz, Bradley",1000475324,Undefined,CAR_EAG,Undefined,1,Bottom,0,0,0,Undefined,Changeup,Undefined,Undefined,Undefined,Undefined,0,0,NA,47.21203,0.849078,-3.238012,1090.544505,224.8436,01:30:00,5.94352,0.93539,25.72314,-42.71613,6.20607,4.77551,2.87919,-0.55452,44.31226,-11.577553,-1.872173,0.503413,81.64899,18.876446,-13.119065,817.68234,106.89927,22.28444,-25.93236,205.90417,205.90417,-14.892429,2.210876,-7.32067,8.4165,-1.85826,50,5.08536,4.65926,-71.38727,7.0065,-3.64389,10.92791,-27.98471,CAR_EAG,NA,CarsonNewman,NA,NA,20251008-CarsonNewman-BP-1,bdc49420-a46e-11f0-b415-636602e020f2,74.87378,22.30293,NA,2.89976,NA,NA,NA,2.49094,3.1927,0.54868,d1063248-16c1-4edd-b41f-f498c213e11a,2025-10-08,17:46:37,2025-10-08T17:46:37Z,2025-10-08T17:46:37Z,LineDrive,v3,CNE,NA,NA,NA,NA,Undefined,CAR_EAG,d8127584-3a4d-4b40-9bd0-1702d628ca96,34.78267,-69.01851,5.46396,5.94666,0.94047,-13.99236,-0.93391,3.8694,-1.82195,74.209106,2.49094,110.35385,-13.1591,2.32194,-0.48284,0.08912,-0.01676,0.00244,-1.7e-4,3.1927,38.74305,-21.38522,2.10327,-0.43919,0.08938,-0.01482,0.00214,-1.7e-4,0.54868,-25.71886,0.67429,0.01846,-0.00956,0.00291,-2.6e-4,2e-5,0,NA,NA,NA,NA,NA,NA,NA,NA,NA,NA,NA,NA,NA,NA,NA,NA,NA,NA,NA,NA,NA,NA,High,High,High,High,High,NA,NA,NA,NA,NA,NA,NA,NA,NA,NA,NA,NA,NA,NA,NA,NA,NA,NA,NA,NA,NA,NA,NA,NA,NA,NA,NA,NA,NA,NA,NA,NA,NA,NA,NA,NA,NA,NA,NA,NA,NA,NA,NA,NA,NA,NA
NA,NA,NA,NA,NA,NA,NA,NA,NA,NA,NA,NA,NA,NA,NA,NA,41,2025-10-08,13:46:42,NA,NA,NA,NA,Undefined,CAR_EAG,"Soto Diaz, Bradley",1000475324,Undefined,CAR_EAG,Undefined,1,Bottom,0,0,0,Undefined,Changeup,Undefined,Undefined,Undefined,Undefined,0,0,NA,45.73964,-0.953227,-3.165998,1181.491998,226.500588,01:30:00,5.96237,0.82257,25.85659,-44.40876,6.7313,5.7087,1.7078,-0.54012,43.76641,-13.765774,-1.52245,0.514698,49.9814,-21.866929,-56.916565,NA,NA,NA,NA,7.16649,7.06569,-32.187192,0.076,-8.46233,9.77784,-1.75221,50,5.52994,4.5702,-68.9393,5.03977,-3.99275,9.06392,-27.56061,CAR_EAG,NA,CarsonNewman,NA,NA,20251008-CarsonNewman-BP-1,c0f058a0-a46e-11f0-b415-636602e020f2,73.23221,2.08734,NA,1.97323,NA,NA,NA,3.22603,2.08734,0.54037,d1063248-16c1-4edd-b41f-f498c213e11a,2025-10-08,17:46:42,2025-10-08T17:46:42Z,2025-10-08T17:46:42Z,GroundBall,v3,CNE,NA,NA,NA,NA,Undefined,CAR_EAG,245ad23d-eefe-4b3f-a09e-f9ff030df00a,34.65012,-66.8907,4.53196,5.96507,-1.18937,-13.78031,-0.82126,3.66777,-1.99637,180,3.22333,37.35622,NA,NA,NA,NA,NA,NA,NA,2.08932,-27.46505,NA,NA,NA,NA,NA,NA,NA,0.5445,-57.34057,NA,NA,NA,NA,NA,NA,NA,NA,NA,NA,NA,NA,NA,NA,NA,NA,NA,NA,NA,NA,NA,NA,NA,NA,NA,NA,NA,NA,NA,High,High,High,High,High,NA,NA,NA,NA,NA,NA,NA,NA,NA,NA,NA,NA,NA,NA,NA,NA,NA,NA,NA,NA,NA,NA,NA,NA,NA,NA,NA,NA,NA,NA,NA,NA,NA,NA,NA,NA,NA,NA,NA,NA,NA,NA,NA,NA,NA,NA
NA,NA,NA,NA,NA,NA,NA,NA,NA,NA,NA,NA,NA,NA,NA,NA,42,2025-10-08,13:46:48,NA,NA,NA,NA,Undefined,CAR_EAG,"Soto Diaz, Bradley",1000475324,Undefined,CAR_EAG,Undefined,1,Bottom,0,0,0,Undefined,Changeup,Undefined,Undefined,Undefined,Undefined,0,0,NA,46.82553,1.770891,-3.339584,1218.746245,235.736812,01:45:00,6.0136,0.90626,25.92799,-43.43164,5.32296,5.95807,3.42143,-0.53251,44.18847,-10.928482,-1.626405,0.50255,NA,NA,NA,NA,NA,NA,NA,NA,NA,NA,NA,-8.79245,7.17493,-1.88647,50,4.86313,4.90802,-70.58841,8.37924,-4.3354799999999996,9.73647,-28.63615,CAR_EAG,NA,CarsonNewman,NA,NA,20251008-CarsonNewman-BP-1,c438f3f0-a46e-11f0-b415-636602e020f2,75.00237,NA,NA,2.63706,NA,NA,NA,NA,NA,NA,d1063248-16c1-4edd-b41f-f498c213e11a,2025-10-08,17:46:48,2025-10-08T17:46:48Z,2025-10-08T17:46:48Z,NA,v3,CNE,NA,NA,NA,NA,Undefined,CAR_EAG,cc912083-80d6-4f4a-b060-a6ded13e424a,34.57781,-68.42812,4.86824,6.01742,2.02558,-14.31808,-0.90422,3.94608,-2.1677399999999998,NA,NA,NA,NA,NA,NA,NA,NA,NA,NA,NA,NA,NA,NA,NA,NA,NA,NA,NA,NA,NA,NA,NA,NA,NA,NA,NA,NA,NA,NA,NA,NA,NA,NA,NA,NA,NA,NA,NA,NA,NA,NA,NA,NA,NA,NA,NA,NA,NA,NA,High,High,High,NA,NA,NA,NA,NA,NA,NA,NA,NA,NA,NA,NA,NA,NA,NA,NA,NA,NA,NA,NA,NA,NA,NA,NA,NA,NA,NA,NA,NA,NA,NA,NA,NA,NA,NA,NA,NA,NA,NA,NA,NA,NA,NA,NA,NA,NA,NA,NA
NA,NA,NA,NA,NA,NA,NA,NA,NA,NA,NA,NA,NA,NA,NA,NA,43,2025-10-08,13:47:09,NA,NA,NA,NA,Undefined,CAR_EAG,"Rodriguez, Sebastian",10180804,Right,CAR_EAG,Undefined,1,Bottom,0,0,0,Undefined,Changeup,Undefined,Undefined,Undefined,Undefined,0,0,NA,45.46243,0.377643,-1.59252,1199.212588,226.102497,01:30:00,6.01898,0.75366,25.77674,-44.89632,7.20768,6.04965,2.4973,0.33155,43.16387,-12.63919,0.145529,0.519525,71.81835,48.969971,-4.89802,NA,108.93324,87.51747,-15.28168,216.0667,213.82422,-10.832688,4.784564,-8.34213,9.90898,-1.26071,50,5.23667,2.69018,-68.6868,6.5886,-3.88311,9.42607,-27.56159,CAR_EAG,NA,CarsonNewman,NA,NA,20251008-CarsonNewman-BP-1,d08c2a50-a46e-11f0-b415-636602e020f2,72.55167,88.64501,NA,2.29856,NA,NA,NA,3.24545,3.12099,-0.26303,d1063248-16c1-4edd-b41f-f498c213e11a,2025-10-08,17:47:09,2025-10-08T17:47:09Z,2025-10-08T17:47:09Z,Popup,v3,CNE,NA,NA,NA,NA,Undefined,CAR_EAG,0352d22a-bc19-432d-8af6-dfa244c65c6b,34.72956,-66.55821,4.71303,6.02176,0.36467,-13.7808,-0.75223,1.8133,-1.94156,166.319693,3.24747,68.85418,-12.38412,2.86211,-0.4903,0.07871,-0.01538,0.00237,-1.5e-4,3.12167,79.43658,-21.40674,1.70618,-0.04694,-0.12404,0.04402,-0.00641,3.5e-4,-0.26283,-5.90794,-1.1014,0.21332,-0.0268,0.00326,-0.00113,2.5e-4,-2e-5,NA,NA,NA,NA,NA,NA,NA,NA,NA,NA,NA,NA,NA,NA,NA,NA,NA,NA,NA,NA,NA,NA,High,High,High,High,Medium,NA,NA,NA,NA,NA,NA,NA,NA,NA,NA,NA,NA,NA,NA,NA,NA,NA,NA,NA,NA,NA,NA,NA,NA,NA,NA,NA,NA,NA,NA,NA,NA,NA,NA,NA,NA,NA,NA,NA,NA,NA,NA,NA,NA,NA,NA
NA,NA,NA,NA,NA,NA,NA,NA,NA,NA,NA,NA,NA,NA,NA,NA,44,2025-10-08,13:47:15,NA,NA,NA,NA,Undefined,CAR_EAG,"Rodriguez, Sebastian",10180804,Right,CAR_EAG,Undefined,1,Bottom,0,0,0,Undefined,Changeup,Undefined,Undefined,Undefined,Undefined,0,0,NA,45.8959,0.822631,-1.842308,1149.968725,228.529423,01:30:00,6.05208,0.87846,25.76653,-44.46861,7.13457,6.37008,2.82513,0.33734,43.12458,-12.131096,-0.01406,0.517023,81.62014,30.957254,-13.268592,3069.38936,105.66235,52.1883,-30.58454,278.99208,276.94019,-20.795383,3.988598,-8.84788,9.67658,-1.45271,50,5.16973,3.04469,-69.51484,7.04915,-4.16561,10.53626,-27.61827,CAR_EAG,NA,CarsonNewman,NA,NA,20251008-CarsonNewman-BP-1,d3fb1250-a46e-11f0-b415-636602e020f2,72.90287,58.36553,NA,2.77132,NA,NA,NA,2.39745,3.15172,-0.30852,d1063248-16c1-4edd-b41f-f498c213e11a,2025-10-08,17:47:15,2025-10-08T17:47:15Z,2025-10-08T17:47:15Z,FlyBall,v3,CNE,NA,NA,NA,NA,Undefined,CAR_EAG,7e99b145-5daa-4774-815b-295f6804bb53,34.73909,-67.16195,5.26813,6.05526,0.88161,-13.80914,-0.87666,2.11445,-2.0828,144.609586,2.39672,99.93687,-17.26861,4.1478,-1.07664,0.3074,-0.07343,0.0106,-6.4e-4,3.15246,61.55845,-19.22655,1.3529,-0.06211,-0.07238,0.02816,-0.0042,2.2e-4,-0.3084,-23.56515,-1.14219,0.44433,-0.09123,0.00247,0.00401,-8.8e-4,6e-5,NA,NA,NA,NA,NA,NA,NA,NA,NA,NA,NA,NA,NA,NA,NA,NA,NA,NA,NA,NA,NA,NA,High,High,High,High,High,NA,NA,NA,NA,NA,NA,NA,NA,NA,NA,NA,NA,NA,NA,NA,NA,NA,NA,NA,NA,NA,NA,NA,NA,NA,NA,NA,NA,NA,NA,NA,NA,NA,NA,NA,NA,NA,NA,NA,NA,NA,NA,NA,NA,NA,NA
NA,NA,NA,NA,NA,NA,NA,NA,NA,NA,NA,NA,NA,NA,NA,NA,45,2025-10-08,13:47:27,NA,NA,NA,NA,Undefined,CAR_EAG,"Rodriguez, Sebastian",10180804,Right,CAR_EAG,Undefined,1,Bottom,0,0,0,Undefined,Changeup,Undefined,Undefined,Undefined,Undefined,0,0,NA,44.96703,0.593638,-1.773167,1136.009306,240.38295,02:00:00,5.92648,0.66831,25.84277,-47.59459,4.80548,6.38638,2.30495,0.17116,43.29164,-13.146077,0.066412,0.520999,83.42525,15.78047,19.614332,1281.567982,101.79475,16.49873,41.68708,188.37253,188.37253,24.689882,1.890324,-8.82296,6.74244,-1.23499,50,5.02315,2.93895,-67.66017,7.28397,-4.06182,7.8566,-29.07003,CAR_EAG,NA,CarsonNewman,NA,NA,20251008-CarsonNewman-BP-1,db64a790-a46e-11f0-b415-636602e020f2,72.34642,16.81049,NA,1.67539,NA,NA,NA,3.03476,2.73783,-0.0881,d1063248-16c1-4edd-b41f-f498c213e11a,2025-10-08,17:47:27,2025-10-08T17:47:27Z,2025-10-08T17:47:27Z,LineDrive,v3,CNE,NA,NA,NA,NA,Undefined,CAR_EAG,9dd75475-e745-4797-84a0-0ec4bb79d4bb,34.66465,-65.85539,3.9283,5.92939,0.60611,-14.53502,-0.66703,2.00588,-2.03091,272.933281,3.03475,110.91362,-15.3569,2.80061,-0.56097,0.09506,-0.02816,0.00935,-0.00148,2.73783,33.27517,-21.12899,1.97268,-0.37345,0.07279,-0.01472,0.00338,-4.4e-4,-0.0881,39.52435,3.08537,-1.65976,0.47888,-0.10394,0.02292,-0.00693,0.00117,NA,NA,NA,NA,NA,NA,NA,NA,NA,NA,NA,NA,NA,NA,NA,NA,NA,NA,NA,NA,NA,NA,High,High,High,High,High,NA,NA,NA,NA,NA,NA,NA,NA,NA,NA,NA,NA,NA,NA,NA,NA,NA,NA,NA,NA,NA,NA,NA,NA,NA,NA,NA,NA,NA,NA,NA,NA,NA,NA,NA,NA,NA,NA,NA,NA,NA,NA,NA,NA,NA,NA
NA,NA,NA,NA,NA,NA,NA,NA,NA,NA,NA,NA,NA,NA,NA,NA,46,2025-10-08,13:47:33,NA,NA,NA,NA,Undefined,CAR_EAG,"Rodriguez, Sebastian",10180804,Right,CAR_EAG,Undefined,1,Bottom,0,0,0,Undefined,Changeup,Undefined,Undefined,Undefined,Undefined,0,0,NA,45.50222,1.116477,-3.948849,1140.574356,221.691865,01:30:00,5.85347,0.80902,26.05171,-45.1881,5.90866,4.13189,2.73326,-1.12749,43.2973,-12.074942,-2.756808,0.51448,NA,NA,NA,NA,NA,NA,NA,NA,NA,NA,NA,-6.79193,7.89083,-1.94439,50,4.81504,5.30071,-68.55962,7.79883,-3.1703,8.94535,-28.49083,CAR_EAG,NA,CarsonNewman,NA,NA,20251008-CarsonNewman-BP-1,df451610-a46e-11f0-b415-636602e020f2,73.26323,NA,NA,2.20492,NA,NA,NA,NA,NA,NA,d1063248-16c1-4edd-b41f-f498c213e11a,2025-10-08,17:47:33,2025-10-08T17:47:33Z,2025-10-08T17:47:33Z,NA,v3,CNE,NA,NA,NA,NA,Undefined,CAR_EAG,5a187f27-fe6f-4fad-be35-cf03711bbb85,34.45589,-66.50058,4.47268,5.85541,1.24079,-14.24542,-0.80825,4.57097,-1.58515,NA,NA,NA,NA,NA,NA,NA,NA,NA,NA,NA,NA,NA,NA,NA,NA,NA,NA,NA,NA,NA,NA,NA,NA,NA,NA,NA,NA,NA,NA,NA,NA,NA,NA,NA,NA,NA,NA,NA,NA,NA,NA,NA,NA,NA,NA,NA,NA,NA,NA,High,High,High,NA,NA,NA,NA,NA,NA,NA,NA,NA,NA,NA,NA,NA,NA,NA,NA,NA,NA,NA,NA,NA,NA,NA,NA,NA,NA,NA,NA,NA,NA,NA,NA,NA,NA,NA,NA,NA,NA,NA,NA,NA,NA,NA,NA,NA,NA,NA,NA
NA,NA,NA,NA,NA,NA,NA,NA,NA,NA,NA,NA,NA,NA,NA,NA,47,2025-10-08,13:47:38,NA,NA,NA,NA,Undefined,CAR_EAG,"Rodriguez, Sebastian",10180804,Right,CAR_EAG,Undefined,1,Bottom,0,0,0,Undefined,Changeup,Undefined,Undefined,Undefined,Undefined,0,0,NA,45.61399,1.477614,-1.001149,1202.007093,245.988864,02:15:00,5.76805,0.86623000000000006,25.99592,-46.96113,3.61799,5.52217,2.7085,0.74803,43.63929,-12.199309,0.595818,0.511867,89.19283,-2.402216,-18.167954,1557.675677,NA,NA,NA,37.49831,35.38484,-19.64952,0.281202,-7.50237,5.02595,-1.21675,50,4.61959,1.94476,-68.72604,8.4452,-3.54803,8.41309,-29.79716,CAR_EAG,NA,CarsonNewman,NA,NA,20251008-CarsonNewman-BP-1,e2481ce0-a46e-11f0-b415-636602e020f2,73.63717,2.8021,NA,1.9747,NA,NA,NA,1.69379,2.8021,-0.77183,d1063248-16c1-4edd-b41f-f498c213e11a,2025-10-08,17:47:38,2025-10-08T17:47:38Z,2025-10-08T17:47:38Z,GroundBall,v3,CNE,NA,NA,NA,NA,Undefined,CAR_EAG,f80eadb5-d62c-485e-82c7-bd94d0992e25,34.5113,-66.80309,4.20654,5.77154,1.63457,-14.89858,-0.86492,1.1338,-1.77402,84.89876,1.69573,124.09368,-16.16685,NA,NA,NA,NA,NA,NA,2.8033,-5.53967,-15.76653,NA,NA,NA,NA,NA,NA,-0.77037,-40.82193,-4.56784,NA,NA,NA,NA,NA,NA,NA,NA,NA,NA,NA,NA,NA,NA,NA,NA,NA,NA,NA,NA,NA,NA,NA,NA,NA,NA,NA,NA,High,High,High,High,High,NA,NA,NA,NA,NA,NA,NA,NA,NA,NA,NA,NA,NA,NA,NA,NA,NA,NA,NA,NA,NA,NA,NA,NA,NA,NA,NA,NA,NA,NA,NA,NA,NA,NA,NA,NA,NA,NA,NA,NA,NA,NA,NA,NA,NA,NA
NA,NA,NA,NA,NA,NA,NA,NA,NA,NA,NA,NA,NA,NA,NA,NA,48,2025-10-08,13:47:48,NA,NA,NA,NA,Undefined,CAR_EAG,"Soto Diaz, Bradley",1000475324,Undefined,CAR_EAG,Undefined,1,Bottom,0,0,0,Undefined,Changeup,Undefined,Undefined,Undefined,Undefined,0,0,NA,46.28108,0.068868,-2.471071,1253.05424,225.252057,01:30:00,6.03908,0.68653,25.636,-44.51833,5.76036,4.61453,2.36948,-0.37276,44.34639,-12.723668,-1.151471,0.510344,16.84334,-28.813024,43.008098,NA,NA,NA,NA,7.6007,7.6007,23.379682,0.191796,-6.69496,7.98859,-1.403,50,5.35252,3.61567,-69.64645,6.2441700000000004,-3.25187,8.63337,-28.29384,CAR_EAG,NA,CarsonNewman,NA,NA,20251008-CarsonNewman-BP-1,e7f05310-a46e-11f0-b415-636602e020f2,73.85686,2.8391,NA,1.93469,NA,NA,NA,3.93891,2.8391,0.23358,d1063248-16c1-4edd-b41f-f498c213e11a,2025-10-08,17:47:48,2025-10-08T17:47:48Z,2025-10-08T17:47:48Z,GroundBall,v3,CNE,NA,NA,NA,NA,Undefined,CAR_EAG,7d68ecde-c80f-49df-abab-9215b9a49057,34.87119,-67.74513,4.31669,6.04154,0.01305,-14.14692,-0.68559,2.8995,-1.62594,123.223831,3.93898,15.82347,0.07373,NA,NA,NA,NA,NA,NA,2.83933,-11.92111,-15.03779,NA,NA,NA,NA,NA,NA,0.23349,14.77007,-1.36233,NA,NA,NA,NA,NA,NA,NA,NA,NA,NA,NA,NA,NA,NA,NA,NA,NA,NA,NA,NA,NA,NA,NA,NA,NA,NA,NA,NA,High,High,High,High,High,NA,NA,NA,NA,NA,NA,NA,NA,NA,NA,NA,NA,NA,NA,NA,NA,NA,NA,NA,NA,NA,NA,NA,NA,NA,NA,NA,NA,NA,NA,NA,NA,NA,NA,NA,NA,NA,NA,NA,NA,NA,NA,NA,NA,NA,NA
NA,NA,NA,NA,NA,NA,NA,NA,NA,NA,NA,NA,NA,NA,NA,NA,49,2025-10-08,13:47:55,NA,NA,NA,NA,Undefined,CAR_EAG,"Soto Diaz, Bradley",1000475324,Undefined,CAR_EAG,Undefined,1,Bottom,0,0,0,Undefined,Changeup,Undefined,Undefined,Undefined,Undefined,0,0,NA,45.46062,1.935381,-0.41418,1162.696961,241.994268,02:00:00,6.09092,0.72959,25.73695,-47.12526,4.8402,6.7313,3.29099,1.04941,43.23927,-11.727125,1.515716,0.518834,NA,NA,NA,NA,NA,NA,NA,NA,NA,NA,NA,-8.60126,6.70662,-0.92473,50,4.87726,1.33014,-68.48744,8.67999,-4.0214,8.66765,-29.03846,CAR_EAG,NA,CarsonNewman,NA,NA,20251008-CarsonNewman-BP-1,ebec11c0-a46e-11f0-b415-636602e020f2,72.64829,NA,NA,2.22135,NA,NA,NA,NA,NA,NA,d1063248-16c1-4edd-b41f-f498c213e11a,2025-10-08,17:47:55,2025-10-08T17:47:55Z,2025-10-08T17:47:55Z,NA,v3,CNE,NA,NA,NA,NA,Undefined,CAR_EAG,094d082b-269a-40f4-ac59-1526c05d7833,34.7681,-66.53179,4.33383,6.09657,2.12817,-14.51923,-0.72698,0.42281,-2.0107,NA,NA,NA,NA,NA,NA,NA,NA,NA,NA,NA,NA,NA,NA,NA,NA,NA,NA,NA,NA,NA,NA,NA,NA,NA,NA,NA,NA,NA,NA,NA,NA,NA,NA,NA,NA,NA,NA,NA,NA,NA,NA,NA,NA,NA,NA,NA,NA,NA,NA,High,High,High,NA,NA,NA,NA,NA,NA,NA,NA,NA,NA,NA,NA,NA,NA,NA,NA,NA,NA,NA,NA,NA,NA,NA,NA,NA,NA,NA,NA,NA,NA,NA,NA,NA,NA,NA,NA,NA,NA,NA,NA,NA,NA,NA,NA,NA,NA,NA,NA
NA,NA,NA,NA,NA,NA,NA,NA,NA,NA,NA,NA,NA,NA,NA,NA,50,2025-10-08,13:47:59,NA,NA,NA,NA,Undefined,CAR_EAG,"Soto Diaz, Bradley",1000475324,Undefined,CAR_EAG,Undefined,1,Bottom,0,0,0,Undefined,Changeup,Undefined,Undefined,Undefined,Undefined,0,0,NA,46.91966,1.505,-2.256111,1215.753079,232.15267,01:45:00,5.88783,0.80791,25.8293,-42.37101,6.56898,6.74473,3.23154,0.05948,44.13154,-10.877497,-0.319464,0.503504,90.36154,6.54082,-5.625699,1352.983167,NA,NA,NA,99.75382,99.75382,-5.354333,0.826315,-9.47067,8.69115,-1.5022,50,4.83882,3.68382,-70.89912,7.85103,-4.68093,10.29369,-27.8784,CAR_EAG,NA,CarsonNewman,NA,NA,20251008-CarsonNewman-BP-1,eed21ab0-a46e-11f0-b415-636602e020f2,74.86019,5.68103,NA,2.78812,NA,NA,NA,2.04441,3.39825,-0.00492,d1063248-16c1-4edd-b41f-f498c213e11a,2025-10-08,17:47:59,2025-10-08T17:47:59Z,2025-10-08T17:47:59Z,LineDrive,v3,CNE,NA,NA,NA,NA,Undefined,CAR_EAG,d2fd132e-d0c7-41bd-b924-ab524c8141f8,34.67675,-68.63832,5.14685,5.89075,1.72812,-13.9392,-0.80602,2.65575,-2.34046,356.35278,2.09174,130.25247,-15.29867,NA,NA,NA,NA,NA,NA,3.47576,13.81512,-21.91275,NA,NA,NA,NA,NA,NA,-0.01231,-12.78509,1.86733,NA,NA,NA,NA,NA,NA,NA,NA,NA,NA,NA,NA,NA,NA,NA,NA,NA,NA,NA,NA,NA,NA,NA,NA,NA,NA,NA,NA,High,High,High,High,High,NA,NA,NA,NA,NA,NA,NA,NA,NA,NA,NA,NA,NA,NA,NA,NA,NA,NA,NA,NA,NA,NA,NA,NA,NA,NA,NA,NA,NA,NA,NA,NA,NA,NA,NA,NA,NA,NA,NA,NA,NA,NA,NA,NA,NA,NA
NA,NA,NA,NA,NA,NA,NA,NA,NA,NA,NA,NA,NA,NA,NA,NA,51,2025-10-08,13:48:05,NA,NA,NA,NA,Undefined,CAR_EAG,"Soto Diaz, Bradley",1000475324,Undefined,CAR_EAG,Undefined,1,Bottom,0,0,0,Undefined,Changeup,Undefined,Undefined,Undefined,Undefined,0,0,NA,47.84178,0.859315,-3.600163,1263.819125,234.806937,01:45:00,5.80999,0.94624,25.63596,-40.9214,6.35429,7.36418,2.90269,-0.54511,45.3927,-10.97513,-1.500342,0.494869,83.5318,16.119417,10.498954,1402.732712,106.86291,19.65139,26.08163,211.85277,189.88002,16.955799,2.186017,-10.5415,8.53957,-1.99637,50,4.97209,5.51427,-71.95858,6.9014,-5.44744,9.47468,-27.76112,CAR_EAG,NA,CarsonNewman,NA,NA,20251008-CarsonNewman-BP-1,f20f9270-a46e-11f0-b415-636602e020f2,76.16648,19.65154,NA,2.44908,NA,NA,NA,2.08412,3.00777,0.50706,d1063248-16c1-4edd-b41f-f498c213e11a,2025-10-08,17:48:05,2025-10-08T17:48:05Z,2025-10-08T17:48:05Z,LineDrive,v3,CNE,NA,NA,NA,NA,Undefined,CAR_EAG,93695b36-869f-487b-a81d-377903d59323,34.87072,-69.93817,4.73734,5.81259,0.98152,-13.88056,-0.94435,4.35264,-2.72372,256.88497,2.08412,115.72592,-14.67313,2.4792,-0.49736,0.08636,-0.01409,0.00196,-1.6e-4,3.00777,34.01476,-18.74859,1.64572,-0.33653,0.07905,-0.01585,0.00254,-1.9e-4,0.50705,21.44739,4.37565,-0.90175,0.14339,0.01278,-0.01666,0.00398,-2.7e-4,NA,NA,NA,NA,NA,NA,NA,NA,NA,NA,NA,NA,NA,NA,NA,NA,NA,NA,NA,NA,NA,NA,High,High,High,High,High,NA,NA,NA,NA,NA,NA,NA,NA,NA,NA,NA,NA,NA,NA,NA,NA,NA,NA,NA,NA,NA,NA,NA,NA,NA,NA,NA,NA,NA,NA,NA,NA,NA,NA,NA,NA,NA,NA,NA,NA,NA,NA,NA,NA,NA,NA
NA,NA,NA,NA,NA,NA,NA,NA,NA,NA,NA,NA,NA,NA,NA,NA,52,2025-10-08,13:48:10,NA,NA,NA,NA,Undefined,CAR_EAG,"Soto Diaz, Bradley",1000475324,Undefined,CAR_EAG,Undefined,1,Bottom,0,0,0,Undefined,Changeup,Undefined,Undefined,Undefined,Undefined,0,0,NA,47.85502,0.511626,-2.208337,1289.028746,246.571122,02:15:00,5.81423,0.91,25.70284,-42.889,4.15878,6.89272,2.53854,0.19681,45.47442,-11.892931,-0.2333,0.493675,NA,NA,NA,NA,NA,NA,NA,NA,NA,NA,NA,-9.56867,5.83882,-1.58944,50,5.03536,3.71638,-72.17249,6.77344,-4.95166,9.8797,-29.15253,CAR_EAG,NA,CarsonNewman,NA,NA,20251008-CarsonNewman-BP-1,f4dd3160-a46e-11f0-b415-636602e020f2,76.35075,NA,NA,2.3806,NA,NA,NA,NA,NA,NA,d1063248-16c1-4edd-b41f-f498c213e11a,2025-10-08,17:48:10,2025-10-08T17:48:10Z,2025-10-08T17:48:10Z,NA,v3,CNE,NA,NA,NA,NA,Undefined,CAR_EAG,369889c7-0e33-49a9-bf1d-19533f5ffcd3,34.80435,-70.06148,4.93985,5.81717,0.54438,-14.57627,-0.90839,2.65835,-2.47583,NA,NA,NA,NA,NA,NA,NA,NA,NA,NA,NA,NA,NA,NA,NA,NA,NA,NA,NA,NA,NA,NA,NA,NA,NA,NA,NA,NA,NA,NA,NA,NA,NA,NA,NA,NA,NA,NA,NA,NA,NA,NA,NA,NA,NA,NA,NA,NA,NA,NA,High,High,High,NA,NA,NA,NA,NA,NA,NA,NA,NA,NA,NA,NA,NA,NA,NA,NA,NA,NA,NA,NA,NA,NA,NA,NA,NA,NA,NA,NA,NA,NA,NA,NA,NA,NA,NA,NA,NA,NA,NA,NA,NA,NA,NA,NA,NA,NA,NA,NA
NA,NA,NA,NA,NA,NA,NA,NA,NA,NA,NA,NA,NA,NA,NA,NA,53,2025-10-08,13:48:15,NA,NA,NA,NA,Undefined,CAR_EAG,"Soto Diaz, Bradley",1000475324,Undefined,CAR_EAG,Undefined,1,Bottom,0,0,0,Undefined,Changeup,Undefined,Undefined,Undefined,Undefined,0,0,NA,45.6928,-0.190847,-2.351442,1186.726484,228.637777,01:30:00,6.06855,0.71791,25.76448,-45.2825,5.50528,5.03209,2.1839,-0.23133,44.19852,-13.194626,-0.905629,0.512922,86.36932,17.147585,-28.014306,1792.440751,95.14988,19.47277,-55.19506,203.00722,165.34711,-32.944239,2.01646,-7.18445,7.78477,-1.41734,50,5.41417,3.49552,-68.59708,6.12123,-3.42562,7.53951,-28.46218,CAR_EAG,NA,CarsonNewman,NA,NA,20251008-CarsonNewman-BP-1,f81e2b90-a46e-11f0-b415-636602e020f2,73.48576,19.50795,NA,1.49428,NA,NA,NA,3.3257,2.68747,0.20072,d1063248-16c1-4edd-b41f-f498c213e11a,2025-10-08,17:48:15,2025-10-08T17:48:15Z,2025-10-08T17:48:15Z,LineDrive,v3,CNE,NA,NA,NA,NA,Undefined,CAR_EAG,bfaa0b9c-dec9-4de9-a817-07153e0bfc37,34.74304,-66.89917,3.76975,6.07094,-0.28849,-14.23109,-0.71701,2.72407,-1.71281,84.518427,3.32568,106.86313,-16.03786,3.05564,-0.76492,0.22408,-0.06585,0.01086,-5.8e-4,2.68747,37.34843,-22.54672,2.35608,-0.49897,0.11097,-0.0212,0.00272,-1.2e-4,0.20069,-56.85119,-0.41714,1.25553,-0.55445,0.26039,-0.09266,0.01896,-0.00152,NA,NA,NA,NA,NA,NA,NA,NA,NA,NA,NA,NA,NA,NA,NA,NA,NA,NA,NA,NA,NA,NA,High,High,High,High,High,NA,NA,NA,NA,NA,NA,NA,NA,NA,NA,NA,NA,NA,NA,NA,NA,NA,NA,NA,NA,NA,NA,NA,NA,NA,NA,NA,NA,NA,NA,NA,NA,NA,NA,NA,NA,NA,NA,NA,NA,NA,NA,NA,NA,NA,NA
NA,NA,NA,NA,NA,NA,NA,NA,NA,NA,NA,NA,NA,NA,NA,NA,54,2025-10-08,13:48:21,NA,NA,NA,NA,Undefined,CAR_EAG,"Soto Diaz, Bradley",1000475324,Undefined,CAR_EAG,Undefined,1,Bottom,0,0,0,Undefined,Changeup,Undefined,Undefined,Undefined,Undefined,0,0,NA,46.79859,0.119402,-4.504069,1166.655585,244.810499,02:15:00,5.95805,0.82451,25.7724,-44.94884,4.69162,7.00394,2.28198,-1.2166,44.20677,-12.893193,-2.499261,0.507095,NA,NA,NA,NA,NA,NA,NA,NA,NA,NA,NA,-10.44894,7.15985,-2.11349,50,5.26848,6.43873,-70.57051,6.3146,-5.11034,10.28824,-28.67233,CAR_EAG,NA,CarsonNewman,NA,NA,20251008-CarsonNewman-BP-1,fbb13d60-a46e-11f0-b415-636602e020f2,74.33013,NA,NA,2.59182,NA,NA,NA,NA,NA,NA,d1063248-16c1-4edd-b41f-f498c213e11a,2025-10-08,17:48:21,2025-10-08T17:48:21Z,2025-10-08T17:48:21Z,NA,v3,CNE,NA,NA,NA,NA,Undefined,CAR_EAG,445e58fd-3948-4d42-b9d8-202d2f6b3d91,34.73229,-68.30842,5.14412,5.96383,0.01039,-14.33616,-0.82133,5.31512,-2.55517,NA,NA,NA,NA,NA,NA,NA,NA,NA,NA,NA,NA,NA,NA,NA,NA,NA,NA,NA,NA,NA,NA,NA,NA,NA,NA,NA,NA,NA,NA,NA,NA,NA,NA,NA,NA,NA,NA,NA,NA,NA,NA,NA,NA,NA,NA,NA,NA,NA,NA,High,High,High,NA,NA,NA,NA,NA,NA,NA,NA,NA,NA,NA,NA,NA,NA,NA,NA,NA,NA,NA,NA,NA,NA,NA,NA,NA,NA,NA,NA,NA,NA,NA,NA,NA,NA,NA,NA,NA,NA,NA,NA,NA,NA,NA,NA,NA,NA,NA,NA
NA,NA,NA,NA,NA,NA,NA,NA,NA,NA,NA,NA,NA,NA,NA,NA,55,2025-10-08,13:48:32,NA,NA,NA,NA,Undefined,CAR_EAG,"Soto Diaz, Bradley",1000475324,Undefined,CAR_EAG,Undefined,1,Bottom,0,0,0,Undefined,Changeup,Undefined,Undefined,Undefined,Undefined,0,0,NA,46.72881,0.686459,-2.144489,1213.147531,246.282126,02:15:00,5.94897,0.81702,25.77006,-44.81164,4.19544,6.87063,2.61421,0.14177,44.59167,-12.27652,-0.17132,0.503849,NA,NA,NA,NA,NA,NA,NA,NA,NA,NA,NA,-9.58375,5.78536,-1.48538,50,5.07905,3.5674,-70.42988,7.19076,-4.74084,9.13045,-29.31217,CAR_EAG,NA,CarsonNewman,NA,NA,20251008-CarsonNewman-BP-1,01e64a40-a46f-11f0-b415-636602e020f2,74.80893,NA,NA,2.13714,NA,NA,NA,NA,NA,NA,d1063248-16c1-4edd-b41f-f498c213e11a,2025-10-08,17:48:32,2025-10-08T17:48:32Z,2025-10-08T17:48:32Z,NA,v3,CNE,NA,NA,NA,NA,Undefined,CAR_EAG,87dcb8c8-fc52-4932-aa53-ad780f0dd4a9,34.73758,-68.42267,4.56523,5.95154,0.74688,-14.65609,-0.81569,2.52519,-2.37042,NA,NA,NA,NA,NA,NA,NA,NA,NA,NA,NA,NA,NA,NA,NA,NA,NA,NA,NA,NA,NA,NA,NA,NA,NA,NA,NA,NA,NA,NA,NA,NA,NA,NA,NA,NA,NA,NA,NA,NA,NA,NA,NA,NA,NA,NA,NA,NA,NA,NA,High,High,High,NA,NA,NA,NA,NA,NA,NA,NA,NA,NA,NA,NA,NA,NA,NA,NA,NA,NA,NA,NA,NA,NA,NA,NA,NA,NA,NA,NA,NA,NA,NA,NA,NA,NA,NA,NA,NA,NA,NA,NA,NA,NA,NA,NA,NA,NA,NA,NA
NA,NA,NA,NA,NA,NA,NA,NA,NA,NA,NA,NA,NA,NA,NA,NA,56,2025-10-08,13:48:36,NA,NA,NA,NA,Undefined,CAR_EAG,"Soto Diaz, Bradley",1000475324,Undefined,CAR_EAG,Undefined,1,Bottom,0,0,0,Undefined,Changeup,Undefined,Undefined,Undefined,Undefined,0,0,NA,45.95512,0.601984,-2.823604,1237.942525,229.929245,01:45:00,5.90749,0.84471,25.78519,-45.34239,6.0554,5.44355,2.47935,-0.34444,43.29756,-12.577187,-1.261214,0.515993,26.34078,1.991842,29.144325,1217.46757,NA,NA,NA,22.33165,22.13534,25.006058,0.487371,-8.10158,8.26745,-1.67194,50,5.06446,4.13601,-69.5594,6.94407,-3.82454,10.45173,-28.27122,CAR_EAG,NA,CarsonNewman,NA,NA,20251008-CarsonNewman-BP-1,04b87d10-a46f-11f0-b415-636602e020f2,73.04836,3.04187,NA,2.65756,NA,NA,NA,4.12832,3.01377,0.25806,d1063248-16c1-4edd-b41f-f498c213e11a,2025-10-08,17:48:36,2025-10-08T17:48:36Z,2025-10-08T17:48:36Z,GroundBall,v3,CNE,NA,NA,NA,NA,Undefined,CAR_EAG,322bc979-7d0c-439e-bb25-2706e43dcf5a,34.72136,-67.2245,5.22587,5.91029,0.62833,-14.13561,-0.8434,3.28162,-1.91227,237.909169,4.129,33.7023,-1.3335,NA,NA,NA,NA,NA,NA,3.01547,1.29762,-15.36497,NA,NA,NA,NA,NA,NA,0.25832,18.79645,0.08619,NA,NA,NA,NA,NA,NA,NA,NA,NA,NA,NA,NA,NA,NA,NA,NA,NA,NA,NA,NA,NA,NA,NA,NA,NA,NA,NA,NA,High,High,High,High,High,NA,NA,NA,NA,NA,NA,NA,NA,NA,NA,NA,NA,NA,NA,NA,NA,NA,NA,NA,NA,NA,NA,NA,NA,NA,NA,NA,NA,NA,NA,NA,NA,NA,NA,NA,NA,NA,NA,NA,NA,NA,NA,NA,NA,NA,NA
NA,NA,NA,NA,NA,NA,NA,NA,NA,NA,NA,NA,NA,NA,NA,NA,57,2025-10-08,13:48:42,NA,NA,NA,NA,Undefined,CAR_EAG,"Soto Diaz, Bradley",1000475324,Undefined,CAR_EAG,Undefined,1,Bottom,0,0,0,Undefined,Changeup,Undefined,Undefined,Undefined,Undefined,0,0,NA,46.2463,1.180635,-1.543925,1207.616278,217.504378,01:15:00,6.02418,0.7107,25.62598,-43.94428,6.84166,4.23362,3.05212,0.16146,43.75843,-11.545198,-0.334266,0.512912,70.8996,-12.108526,45.099063,NA,NA,NA,NA,18.73213,18.68433,38.218775,0.161089,-5.93315,9.04323,-1.17415,50,5.06301,2.42639,-69.80757,7.4417,-2.85776,9.60885,-27.8183,CAR_EAG,NA,CarsonNewman,NA,NA,20251008-CarsonNewman-BP-1,08459b70-a46f-11f0-b415-636602e020f2,73.48711,3.4988,NA,2.48787,NA,NA,NA,3.2748,3.4988,-0.14837,d1063248-16c1-4edd-b41f-f498c213e11a,2025-10-08,17:48:42,2025-10-08T17:48:42Z,2025-10-08T17:48:42Z,GroundBall,v3,CNE,NA,NA,NA,NA,Undefined,CAR_EAG,4ff948ff-9c31-47a2-bf50-d66ec2ffa3c0,34.8803,-67.6944,4.80443,6.02687,1.32391,-13.90915,-0.70965,1.79791,-1.42888,212.918002,3.27476,71.77179,-4.60243,NA,NA,NA,NA,NA,NA,3.49883,-21.81476,0.58856,NA,NA,NA,NA,NA,NA,-0.14843,72.02257,5.21574,NA,NA,NA,NA,NA,NA,NA,NA,NA,NA,NA,NA,NA,NA,NA,NA,NA,NA,NA,NA,NA,NA,NA,NA,NA,NA,NA,NA,High,High,High,High,High,NA,NA,NA,NA,NA,NA,NA,NA,NA,NA,NA,NA,NA,NA,NA,NA,NA,NA,NA,NA,NA,NA,NA,NA,NA,NA,NA,NA,NA,NA,NA,NA,NA,NA,NA,NA,NA,NA,NA,NA,NA,NA,NA,NA,NA,NA
NA,NA,NA,NA,NA,NA,NA,NA,NA,NA,NA,NA,NA,NA,NA,NA,58,2025-10-08,13:48:57,NA,NA,NA,NA,Undefined,CAR_EAG,"Soto Diaz, Bradley",1000475324,Undefined,CAR_EAG,Undefined,1,Bottom,0,0,0,Undefined,Changeup,Undefined,Undefined,Undefined,Undefined,0,0,NA,48.03461,-0.722459,-3.498923,1262.469257,227.539945,01:30:00,5.92084,0.86342,25.80739,-39.46624,7.09729,6.4387,2.21148,-0.63523,45.62753,-12.157886,-1.650835,0.491128,NA,NA,NA,NA,NA,NA,NA,NA,NA,NA,NA,-9.58768,9.94091,-1.89116,50,5.50273,5.33113,-72.41996,4.85336,-4.98236,10.15203,-27.00814,CAR_EAG,NA,CarsonNewman,NA,NA,20251008-CarsonNewman-BP-1,10e28090-a46f-11f0-b415-636602e020f2,76.74675,NA,NA,2.40707,NA,NA,NA,NA,NA,NA,d1063248-16c1-4edd-b41f-f498c213e11a,2025-10-08,17:48:57,2025-10-08T17:48:57Z,2025-10-08T17:48:57Z,NA,v3,CNE,NA,NA,NA,NA,Undefined,CAR_EAG,45468da2-3103-4bb9-b390-0068b05abf4e,34.70007,-70.24243,5.07601,5.92246,-0.93966,-13.50407,-0.86229,4.26245,-2.49118,NA,NA,NA,NA,NA,NA,NA,NA,NA,NA,NA,NA,NA,NA,NA,NA,NA,NA,NA,NA,NA,NA,NA,NA,NA,NA,NA,NA,NA,NA,NA,NA,NA,NA,NA,NA,NA,NA,NA,NA,NA,NA,NA,NA,NA,NA,NA,NA,NA,NA,High,High,High,NA,NA,NA,NA,NA,NA,NA,NA,NA,NA,NA,NA,NA,NA,NA,NA,NA,NA,NA,NA,NA,NA,NA,NA,NA,NA,NA,NA,NA,NA,NA,NA,NA,NA,NA,NA,NA,NA,NA,NA,NA,NA,NA,NA,NA,NA,NA,NA
NA,NA,NA,NA,NA,NA,NA,NA,NA,NA,NA,NA,NA,NA,NA,NA,59,2025-10-08,13:49:01,NA,NA,NA,NA,Undefined,CAR_EAG,"Soto Diaz, Bradley",1000475324,Undefined,CAR_EAG,Undefined,1,Bottom,0,0,0,Undefined,Changeup,Undefined,Undefined,Undefined,Undefined,0,0,NA,48.35061,0.492712,-1.918058,1196.396921,217.473254,01:15:00,5.92026,0.79997,25.88888,-38.32494,7.1193,4.61512,3.01222,0.0726,45.90555,-10.687076,-0.589332,0.485189,69.81532,29.007373,-12.576536,2929.963702,105.53053,40.43633,-31.03681,222.45724,222.45724,-20.455003,3.302408,-6.5928,9.74056,-1.38029,50,5.18538,3.08884,-72.864,6.33432,-3.49249,9.73001,-27.01406,CAR_EAG,NA,CarsonNewman,NA,NA,20251008-CarsonNewman-BP-1,13b0e2d0-a46f-11f0-b415-636602e020f2,77.68613,40.77826,NA,2.44506,NA,NA,NA,2.07093,3.2483,-0.03953,d1063248-16c1-4edd-b41f-f498c213e11a,2025-10-08,17:49:01,2025-10-08T17:49:01Z,2025-10-08T17:49:01Z,FlyBall,v3,CNE,NA,NA,NA,NA,Undefined,CAR_EAG,e2516b08-1ac6-405e-920d-c34848070ddb,34.61757,-70.78008,4.865,5.92245,0.54861,-13.50703,-0.79884,2.34084,-1.74625,137.531517,2.07076,87.40752,-13.41676,3.04587,-0.67302,0.1599,-0.03407,0.00434,-2e-4,3.24833,49.65346,-17.90048,1.23163,-0.23965,0.06303,-0.02108,0.00512,-5.1e-4,-0.03954,-19.49892,-2.31745,0.57808,-0.12635,0.02485,-0.00385,3.7e-4,-1e-5,NA,NA,NA,NA,NA,NA,NA,NA,NA,NA,NA,NA,NA,NA,NA,NA,NA,NA,NA,NA,NA,NA,High,High,High,High,High,NA,NA,NA,NA,NA,NA,NA,NA,NA,NA,NA,NA,NA,NA,NA,NA,NA,NA,NA,NA,NA,NA,NA,NA,NA,NA,NA,NA,NA,NA,NA,NA,NA,NA,NA,NA,NA,NA,NA,NA,NA,NA,NA,NA,NA,NA
NA,NA,NA,NA,NA,NA,NA,NA,NA,NA,NA,NA,NA,NA,NA,NA,60,2025-10-08,13:49:06,NA,NA,NA,NA,Undefined,CAR_EAG,"Soto Diaz, Bradley",1000475324,Undefined,CAR_EAG,Undefined,1,Bottom,0,0,0,Undefined,Changeup,Undefined,Undefined,Undefined,Undefined,0,0,NA,46.75761,0.359183,-1.660884,1220.136682,234.980706,01:45:00,5.99441,0.8942,25.77675,-43.1666,5.8502,6.60733,2.60615,0.47877,44.515,-12.147082,0.237375,0.503899,86.48741,21.617207,14.136272,861.423028,105.97556,33.79136,29.48183,286.86295,286.86295,18.869279,3.242069,-9.07032,8.1013,-1.4286,50,5.23875,2.93171,-70.53534,6.54564,-4.4854,9.40119,-28.16782,CAR_EAG,NA,CarsonNewman,NA,NA,20251008-CarsonNewman-BP-1,16bbd8e0-a46f-11f0-b415-636602e020f2,74.8015,37.38668,NA,2.24262,NA,NA,NA,2.82124,2.9862,-0.37536,d1063248-16c1-4edd-b41f-f498c213e11a,2025-10-08,17:49:06,2025-10-08T17:49:06Z,2025-10-08T17:49:06Z,LineDrive,v3,CNE,NA,NA,NA,NA,Undefined,CAR_EAG,7654307e-7d4d-406c-b15c-a86050ec7141,34.73018,-68.46989,4.7006,5.99703,0.35713,-14.08391,-0.89275,1.94626,-2.2427,222.126718,2.82091,114.36671,-16.0106,3.45319,-0.90202,0.27841,-0.07752,0.0131,-9e-4,2.98642,46.72348,-17.13648,0.93519,-0.00625,-0.06774,0.02822,-0.00438,2e-4,-0.37543,28.80316,0.8717,-0.63255,0.17696,-0.02309,-0.00103,7.8e-4,-7e-5,NA,NA,NA,NA,NA,NA,NA,NA,NA,NA,NA,NA,NA,NA,NA,NA,NA,NA,NA,NA,NA,NA,High,High,High,High,High,NA,NA,NA,NA,NA,NA,NA,NA,NA,NA,NA,NA,NA,NA,NA,NA,NA,NA,NA,NA,NA,NA,NA,NA,NA,NA,NA,NA,NA,NA,NA,NA,NA,NA,NA,NA,NA,NA,NA,NA,NA,NA,NA,NA,NA,NA
NA,NA,NA,NA,NA,NA,NA,NA,NA,NA,NA,NA,NA,NA,NA,NA,61,2025-10-08,13:49:12,NA,NA,NA,NA,Undefined,CAR_EAG,"Soto Diaz, Bradley",1000475324,Undefined,CAR_EAG,Undefined,1,Bottom,0,0,0,Undefined,Changeup,Undefined,Undefined,Undefined,Undefined,0,0,NA,46.45076,0.159323,-1.167997,1172.666434,238.73405,02:00:00,5.92931,0.83764,25.83623,-44.68038,5.43941,6.56918,2.29845,0.70702,43.77688,-12.840828,0.724374,0.509537,83.97818,18.681366,0.114589,1290.149734,109.95254,26.60769,-3.20882,234.52598,234.52598,-3.213799,2.714266,-8.88504,7.77048,-1.23798,50,5.21416,2.29054,-70.41895,6.39179,-4.29017,10.85279,-28.42205,CAR_EAG,NA,CarsonNewman,NA,NA,20251008-CarsonNewman-BP-1,1a1a4620-a46f-11f0-b415-636602e020f2,73.97385,27.29787,NA,2.67388,NA,NA,NA,2.61415,2.65011,-0.6537,d1063248-16c1-4edd-b41f-f498c213e11a,2025-10-08,17:49:12,2025-10-08T17:49:12Z,2025-10-08T17:49:12Z,LineDrive,v3,CNE,NA,NA,NA,NA,Undefined,CAR_EAG,7201fef3-ef47-48c3-8880-7684901bab4c,34.66991,-68.01529,5.42639,5.93271,0.09692,-14.21103,-0.8359,1.34036,-2.14509,150.443914,2.61416,116.67758,-18.81681,4.20441,-0.85789,0.15599,-0.02223,0.00188,-6e-5,2.65005,39.4543,-16.90697,1.09774,-0.24782,0.09135,-0.0303,0.00569,-4.1e-4,-0.65368,0.23225,-3.1877,0.84779,-0.17691,0.02068,0.00175,-8.9e-4,8e-5,NA,NA,NA,NA,NA,NA,NA,NA,NA,NA,NA,NA,NA,NA,NA,NA,NA,NA,NA,NA,NA,NA,High,High,High,High,High,NA,NA,NA,NA,NA,NA,NA,NA,NA,NA,NA,NA,NA,NA,NA,NA,NA,NA,NA,NA,NA,NA,NA,NA,NA,NA,NA,NA,NA,NA,NA,NA,NA,NA,NA,NA,NA,NA,NA,NA,NA,NA,NA,NA,NA,NA
NA,NA,NA,NA,NA,NA,NA,NA,NA,NA,NA,NA,NA,NA,NA,NA,62,2025-10-08,13:49:17,NA,NA,NA,NA,Undefined,CAR_EAG,"Soto Diaz, Bradley",1000475324,Undefined,CAR_EAG,Undefined,1,Bottom,0,0,0,Undefined,Changeup,Undefined,Undefined,Undefined,Undefined,0,0,NA,47.49808,-0.681387,-2.504715,1235.223974,229.566636,01:45:00,5.92896,0.78714,25.90934,-41.6716,5.67973,5.20536,2.0613,-0.23065,45.14561,-12.779302,-1.003239,0.495265,81.79806,6.829703,21.950129,1791.742598,NA,NA,NA,95.81315,95.78132,23.813749,0.869353,-7.70725,8.13756,-1.53663,50,5.45822,3.86886,-71.7649,5.22437,-3.91687,10.27958,-28.03849,CAR_EAG,NA,CarsonNewman,NA,NA,20251008-CarsonNewman-BP-1,1d476a30-a46f-11f0-b415-636602e020f2,76.10564,4.77974,NA,2.35247,NA,NA,NA,2.57636,2.30032,0.24833,d1063248-16c1-4edd-b41f-f498c213e11a,2025-10-08,17:49:17,2025-10-08T17:49:17Z,2025-10-08T17:49:17Z,GroundBall,v3,CNE,NA,NA,NA,NA,Undefined,CAR_EAG,c0b08112-a7d8-4b3f-a499-81eb54dbc7ee,34.5982,-69.52376,5.13979,5.93086,-0.88856,-14.01925,-0.78623,3.01491,-1.95844,294.883249,2.63356,109.58478,-13.6249,NA,NA,NA,NA,NA,NA,2.35742,13.37223,-18.57036,NA,NA,NA,NA,NA,NA,0.23212,44.78449,-0.61566,NA,NA,NA,NA,NA,NA,NA,NA,NA,NA,NA,NA,NA,NA,NA,NA,NA,NA,NA,NA,NA,NA,NA,NA,NA,NA,NA,NA,High,High,High,High,High,NA,NA,NA,NA,NA,NA,NA,NA,NA,NA,NA,NA,NA,NA,NA,NA,NA,NA,NA,NA,NA,NA,NA,NA,NA,NA,NA,NA,NA,NA,NA,NA,NA,NA,NA,NA,NA,NA,NA,NA,NA,NA,NA,NA,NA,NA
NA,NA,NA,NA,NA,NA,NA,NA,NA,NA,NA,NA,NA,NA,NA,NA,63,2025-10-08,13:49:35,NA,NA,NA,NA,Undefined,CAR_EAG,"Soto Diaz, Bradley",1000475324,Undefined,CAR_EAG,Undefined,1,Bottom,0,0,0,Undefined,Changeup,Undefined,Undefined,Undefined,Undefined,0,0,NA,45.05796,0.29942,-4.315415,1205.941322,226.412591,01:30:00,6.04183,0.66205,25.95806,-44.94766,7.7515,6.64748,2.46985,-1.28438,42.76131,-12.781997,-2.402745,0.522484,NA,NA,NA,NA,NA,NA,NA,NA,NA,NA,NA,-9.95745,11.12363,-1.91507,50,5.2666,5.954,-67.85044,6.50784,-4.53488,9.01878,-27.10805,CAR_EAG,NA,CarsonNewman,NA,NA,20251008-CarsonNewman-BP-1,27e43e00-a46f-11f0-b415-636602e020f2,72.1408,NA,NA,2.29664,NA,NA,NA,NA,NA,NA,d1063248-16c1-4edd-b41f-f498c213e11a,2025-10-08,17:49:35,2025-10-08T17:49:35Z,2025-10-08T17:49:35Z,NA,v3,CNE,NA,NA,NA,NA,Undefined,CAR_EAG,50e9df92-76d5-4a19-8d63-2c0a5d972a18,34.54579,-65.76417,4.50939,6.04673,0.23706,-13.55403,-0.65909,4.90497,-2.26744,NA,NA,NA,NA,NA,NA,NA,NA,NA,NA,NA,NA,NA,NA,NA,NA,NA,NA,NA,NA,NA,NA,NA,NA,NA,NA,NA,NA,NA,NA,NA,NA,NA,NA,NA,NA,NA,NA,NA,NA,NA,NA,NA,NA,NA,NA,NA,NA,NA,NA,High,High,High,NA,NA,NA,NA,NA,NA,NA,NA,NA,NA,NA,NA,NA,NA,NA,NA,NA,NA,NA,NA,NA,NA,NA,NA,NA,NA,NA,NA,NA,NA,NA,NA,NA,NA,NA,NA,NA,NA,NA,NA,NA,NA,NA,NA,NA,NA,NA,NA
NA,NA,NA,NA,NA,NA,NA,NA,NA,NA,NA,NA,NA,NA,NA,NA,64,2025-10-08,13:49:39,NA,NA,NA,NA,Undefined,CAR_EAG,"Soto Diaz, Bradley",1000475324,Undefined,CAR_EAG,Undefined,1,Bottom,0,0,0,Undefined,Changeup,Undefined,Undefined,Undefined,Undefined,0,0,NA,45.62004,0.334311,-1.367708,1141.162216,225.151468,01:30:00,6.11888,0.68843,25.84041,-43.73113,7.44717,6.23382,2.6687,0.41399,43.57212,-12.346489,0.426981,0.51489,NA,NA,NA,NA,NA,NA,NA,NA,NA,NA,NA,-8.53552,10.20516,-1.14339,50,5.34722,2.47234,-68.78105,6.51586,-4.02623,8.71993,-27.36024,CAR_EAG,NA,CarsonNewman,NA,NA,20251008-CarsonNewman-BP-1,29ed7b80-a46f-11f0-b415-636602e020f2,73.20486,NA,NA,2.04792,NA,NA,NA,NA,NA,NA,d1063248-16c1-4edd-b41f-f498c213e11a,2025-10-08,17:49:39,2025-10-08T17:49:39Z,2025-10-08T17:49:39Z,NA,v3,CNE,NA,NA,NA,NA,Undefined,CAR_EAG,8a15be3c-6e66-4082-937b-b34382877637,34.66642,-66.80881,4.35997,6.12114,0.32764,-13.68012,-0.68719,1.5617,-2.01312,NA,NA,NA,NA,NA,NA,NA,NA,NA,NA,NA,NA,NA,NA,NA,NA,NA,NA,NA,NA,NA,NA,NA,NA,NA,NA,NA,NA,NA,NA,NA,NA,NA,NA,NA,NA,NA,NA,NA,NA,NA,NA,NA,NA,NA,NA,NA,NA,NA,NA,High,High,High,NA,NA,NA,NA,NA,NA,NA,NA,NA,NA,NA,NA,NA,NA,NA,NA,NA,NA,NA,NA,NA,NA,NA,NA,NA,NA,NA,NA,NA,NA,NA,NA,NA,NA,NA,NA,NA,NA,NA,NA,NA,NA,NA,NA,NA,NA,NA,NA
NA,NA,NA,NA,NA,NA,NA,NA,NA,NA,NA,NA,NA,NA,NA,NA,65,2025-10-08,13:49:44,NA,NA,NA,NA,Undefined,CAR_EAG,"Soto Diaz, Bradley",1000475324,Undefined,CAR_EAG,Undefined,1,Bottom,0,0,0,Undefined,Changeup,Undefined,Undefined,Undefined,Undefined,0,0,NA,47.19792,-0.568469,-2.939165,1213.39734,230.79562,01:45:00,5.97451,0.83061,25.81072,-41.66888,6.62792,6.54741,2.17145,-0.33259,44.80492,-12.641617,-1.057636,0.500185,86.88756,2.455356,-10.759817,1346.740831,NA,NA,NA,60.76886,59.4197,-10.791654,0.491023,-9.4467,9.51048,-1.70569,50,5.49121,4.53454,-71.22844,5.21802,-4.73453,10.04565,-27.40755,CAR_EAG,NA,CarsonNewman,NA,NA,20251008-CarsonNewman-BP-1,2d0dce50-a46f-11f0-b415-636602e020f2,75.35701,2.77372,NA,2.39301,NA,NA,NA,2.2312,2.43959,0.33636,d1063248-16c1-4edd-b41f-f498c213e11a,2025-10-08,17:49:44,2025-10-08T17:49:44Z,2025-10-08T17:49:44Z,GroundBall,v3,CNE,NA,NA,NA,NA,Undefined,CAR_EAG,b057f059-f721-4dcd-ab55-fa83d44dd6b6,34.69561,-69.03626,5.02282,5.97731,-0.7629,-13.70377,-0.82889,3.50136,-2.36726,32.879947,2.24256,124.7689,-15.85869,NA,NA,NA,NA,NA,NA,2.45364,5.07525,-20.56792,NA,NA,NA,NA,NA,NA,0.3387,-23.83357,-0.06758,NA,NA,NA,NA,NA,NA,NA,NA,NA,NA,NA,NA,NA,NA,NA,NA,NA,NA,NA,NA,NA,NA,NA,NA,NA,NA,NA,NA,High,High,High,High,High,NA,NA,NA,NA,NA,NA,NA,NA,NA,NA,NA,NA,NA,NA,NA,NA,NA,NA,NA,NA,NA,NA,NA,NA,NA,NA,NA,NA,NA,NA,NA,NA,NA,NA,NA,NA,NA,NA,NA,NA,NA,NA,NA,NA,NA,NA
NA,NA,NA,NA,NA,NA,NA,NA,NA,NA,NA,NA,NA,NA,NA,NA,66,2025-10-08,13:49:50,NA,NA,NA,NA,Undefined,CAR_EAG,"Soto Diaz, Bradley",1000475324,Undefined,CAR_EAG,Undefined,1,Bottom,0,0,0,Undefined,Changeup,Undefined,Undefined,Undefined,Undefined,0,0,NA,47.98455,0.39753,-3.781745,1331.061546,231.120301,01:45:00,5.91981,0.85361,25.92611,-40.04329,6.0517,6.13902,2.81349,-0.82714,45.67672,-11.257951,-2.016327,0.48865,83.31432,14.485588,26.282518,2628.489932,95.20488,17.08915,55.09974,201.80149,201.80149,32.796483,2.080184,-9.12552,8.47457,-1.95941,50,5.18082,5.62531,-72.1539,6.43056,-4.7548,9.30788,-27.75843,CAR_EAG,NA,CarsonNewman,NA,NA,20251008-CarsonNewman-BP-1,3073b5a0-a46f-11f0-b415-636602e020f2,77.1358,17.14415,NA,2.30782,NA,NA,NA,0.81531,2.75515,0.83586,d1063248-16c1-4edd-b41f-f498c213e11a,2025-10-08,17:49:50,2025-10-08T17:49:50Z,2025-10-08T17:49:50Z,LineDrive,v3,CNE,NA,NA,NA,NA,Undefined,CAR_EAG,1f619b24-408f-4a9a-a31d-d15419d2b6ac,34.5804,-70.13657,4.65394,5.92258,0.41437,-13.87921,-0.85189,4.59478,-2.3774,248.459599,0.8153,106.08031,-16.75451,3.35597,-0.66884,0.08993,-0.00562,-8.7e-4,1.9e-4,2.75516,30.56444,-17.14028,1.05958,-0.13384,0.02852,-0.00673,0.00192,-2.5e-4,0.83587,52.38548,1.28494,-1.24141,0.40215,-0.07467,0.00319,0.00218,-3.8e-4,NA,NA,NA,NA,NA,NA,NA,NA,NA,NA,NA,NA,NA,NA,NA,NA,NA,NA,NA,NA,NA,NA,High,High,High,High,High,NA,NA,NA,NA,NA,NA,NA,NA,NA,NA,NA,NA,NA,NA,NA,NA,NA,NA,NA,NA,NA,NA,NA,NA,NA,NA,NA,NA,NA,NA,NA,NA,NA,NA,NA,NA,NA,NA,NA,NA,NA,NA,NA,NA,NA,NA
NA,NA,NA,NA,NA,NA,NA,NA,NA,NA,NA,NA,NA,NA,NA,NA,67,2025-10-08,13:49:59,NA,NA,NA,NA,Undefined,CAR_EAG,"Soto Diaz, Bradley",1000475324,Undefined,CAR_EAG,Undefined,1,Bottom,0,0,0,Undefined,Changeup,Undefined,Undefined,Undefined,Undefined,0,0,NA,48.85092,-1.403627,-2.664761,1315.907491,246.770424,02:15:00,5.90815,0.9108,25.05097,-42.18475,4.70079,8.26485,1.55772,0.01514,46.74175,-13.287617,-0.33826,0.492823,83.49422,-12.942072,-22.291762,NA,NA,NA,NA,9.15021,9.15021,-17.468406,0.060314,-11.05863,6.94811,-1.68662,50,5.707,4.47292,-73.4475,3.87,-5.95865,9.80329,-28.43024,CAR_EAG,NA,CarsonNewman,NA,NA,20251008-CarsonNewman-BP-1,361cd630-a46f-11f0-b415-636602e020f2,76.48274,1.65677,NA,2.10917,NA,NA,NA,2.05751,1.65677,-0.01197,d1063248-16c1-4edd-b41f-f498c213e11a,2025-10-08,17:49:59,2025-10-08T17:49:59Z,2025-10-08T17:49:59Z,GroundBall,v3,CNE,NA,NA,NA,NA,Undefined,CAR_EAG,b506ebe7-f583-483c-870a-35cdfdcda382,35.45623,-71.47993,4.90164,5.91111,-1.83607,-14.21512,-0.9089,3.27699,-2.97933,180,2.05584,110.59963,NA,NA,NA,NA,NA,NA,NA,1.65719,-27.46911,NA,NA,NA,NA,NA,NA,NA,-0.01129,-45.34164,NA,NA,NA,NA,NA,NA,NA,NA,NA,NA,NA,NA,NA,NA,NA,NA,NA,NA,NA,NA,NA,NA,NA,NA,NA,NA,NA,NA,NA,High,High,High,High,High,NA,NA,NA,NA,NA,NA,NA,NA,NA,NA,NA,NA,NA,NA,NA,NA,NA,NA,NA,NA,NA,NA,NA,NA,NA,NA,NA,NA,NA,NA,NA,NA,NA,NA,NA,NA,NA,NA,NA,NA,NA,NA,NA,NA,NA,NA
NA,NA,NA,NA,NA,NA,NA,NA,NA,NA,NA,NA,NA,NA,NA,NA,68,2025-10-08,13:50:06,NA,NA,NA,NA,Undefined,CAR_EAG,"Nathan, Cole",1000323259,Right,CAR_EAG,Undefined,1,Bottom,0,0,0,Undefined,Changeup,Undefined,Undefined,Undefined,Undefined,0,0,NA,48.77957,-0.36201,-2.182705,1302.464516,230.270779,01:45:00,5.78218,0.95082,25.36031,-39.42498,6.55992,6.58583,2.28348,0.21396,46.55549,-11.633235,-0.314692,0.488067,NA,NA,NA,NA,NA,NA,NA,NA,NA,NA,NA,-8.97441,8.99473,-1.60203,50,5.31457,3.67723,-73.35656,5.09256,-4.84204,9.4747,-27.32103,CAR_EAG,NA,CarsonNewman,NA,NA,20251008-CarsonNewman-BP-1,39f77850-a46f-11f0-b415-636602e020f2,77.22804,NA,NA,2.22408,NA,NA,NA,NA,NA,NA,d1063248-16c1-4edd-b41f-f498c213e11a,2025-10-08,17:50:06,2025-10-08T17:50:06Z,2025-10-08T17:50:06Z,NA,v3,CNE,NA,NA,NA,NA,Undefined,CAR_EAG,313144cd-8e17-4bd4-b623-c6d7e701a853,35.14667,-71.41235,4.73735,5.78436,-0.51373,-13.66052,-0.9494,2.68364,-2.42102,NA,NA,NA,NA,NA,NA,NA,NA,NA,NA,NA,NA,NA,NA,NA,NA,NA,NA,NA,NA,NA,NA,NA,NA,NA,NA,NA,NA,NA,NA,NA,NA,NA,NA,NA,NA,NA,NA,NA,NA,NA,NA,NA,NA,NA,NA,NA,NA,NA,NA,High,High,High,NA,NA,NA,NA,NA,NA,NA,NA,NA,NA,NA,NA,NA,NA,NA,NA,NA,NA,NA,NA,NA,NA,NA,NA,NA,NA,NA,NA,NA,NA,NA,NA,NA,NA,NA,NA,NA,NA,NA,NA,NA,NA,NA,NA,NA,NA,NA,NA
NA,NA,NA,NA,NA,NA,NA,NA,NA,NA,NA,NA,NA,NA,NA,NA,69,2025-10-08,13:50:11,NA,NA,NA,NA,Undefined,CAR_EAG,"Nathan, Cole",1000323259,Right,CAR_EAG,Undefined,1,Bottom,0,0,0,Undefined,Changeup,Undefined,Undefined,Undefined,Undefined,0,0,NA,48.8202,-1.393177,-3.255022,1264.931163,241.121247,02:00:00,5.91634,0.8598,25.22252,-41.98912,4.33969,5.91575,1.59217,-0.5735,46.89635,-13.258852,-1.583196,0.489888,NA,NA,NA,NA,NA,NA,NA,NA,NA,NA,NA,-8.28949,6.69945,-1.76813,50,5.70367,4.92822,-73.25483,3.97083,-4.47434,9.19352,-28.55796,CAR_EAG,NA,CarsonNewman,NA,NA,20251008-CarsonNewman-BP-1,3d30d160-a46f-11f0-b415-636602e020f2,76.94088,NA,NA,1.92384,NA,NA,NA,NA,NA,NA,d1063248-16c1-4edd-b41f-f498c213e11a,2025-10-08,17:50:11,2025-10-08T17:50:11Z,2025-10-08T17:50:11Z,NA,v3,CNE,NA,NA,NA,NA,Undefined,CAR_EAG,ef02e429-c7fa-48a9-a325-8fbd26f45bab,35.28385,-71.38405,4.59676,5.92043,-1.84038,-14.27898,-0.85793,4.01775,-2.23717,NA,NA,NA,NA,NA,NA,NA,NA,NA,NA,NA,NA,NA,NA,NA,NA,NA,NA,NA,NA,NA,NA,NA,NA,NA,NA,NA,NA,NA,NA,NA,NA,NA,NA,NA,NA,NA,NA,NA,NA,NA,NA,NA,NA,NA,NA,NA,NA,NA,NA,High,High,High,NA,NA,NA,NA,NA,NA,NA,NA,NA,NA,NA,NA,NA,NA,NA,NA,NA,NA,NA,NA,NA,NA,NA,NA,NA,NA,NA,NA,NA,NA,NA,NA,NA,NA,NA,NA,NA,NA,NA,NA,NA,NA,NA,NA,NA,NA,NA,NA
NA,NA,NA,NA,NA,NA,NA,NA,NA,NA,NA,NA,NA,NA,NA,NA,70,2025-10-08,13:50:17,NA,NA,NA,NA,Undefined,CAR_EAG,"Nathan, Cole",1000323259,Right,CAR_EAG,Undefined,1,Bottom,0,0,0,Undefined,Changeup,Undefined,Undefined,Undefined,Undefined,0,0,NA,48.95606,-0.198512,-1.88398,1220.57753,232.197711,01:45:00,5.97551,0.79175,25.36277,-39.64227,6.74083,6.97024,2.55506,0.26309,45.97454,-11.607535,0.093474,0.490175,86.12005,31.076762,-10.96434,NA,108.51303,57.58327,-18.02461,332.41669,330.65325,-6.834803,4.619833,-9.41741,9.27048,-1.36498,50,5.47865,3.33474,-74.03701,5.22382,-5.04683,11.67829,-27.20596,CAR_EAG,NA,CarsonNewman,NA,NA,20251008-CarsonNewman-BP-1,40a55eb0-a46f-11f0-b415-636602e020f2,76.89585,72.53643,NA,2.98152,NA,NA,NA,2.3624,2.91606,-0.22815,d1063248-16c1-4edd-b41f-f498c213e11a,2025-10-08,17:50:17,2025-10-08T17:50:17Z,2025-10-08T17:50:17Z,FlyBall,v3,CNE,NA,NA,NA,NA,Undefined,CAR_EAG,1b873a7d-7d97-4f09-865c-d63cfb2cba48,35.14313,-71.65524,5.83914,5.97822,-0.3248,-13.60298,-0.78982,2.30545,-2.52342,194.754811,2.36319,106.1915,-17.05776,4.01788,-0.81499,0.16499,-0.03237,0.00441,-2.6e-4,2.91697,65.17136,-16.41697,0.37465,0.31316,-0.20524,0.06029,-0.0086,4.8e-4,-0.22842,-20.57094,5.93664,-1.43449,0.29781,-0.06048,0.01151,-0.00152,9e-5,NA,NA,NA,NA,NA,NA,NA,NA,NA,NA,NA,NA,NA,NA,NA,NA,NA,NA,NA,NA,NA,NA,High,High,High,High,High,NA,NA,NA,NA,NA,NA,NA,NA,NA,NA,NA,NA,NA,NA,NA,NA,NA,NA,NA,NA,NA,NA,NA,NA,NA,NA,NA,NA,NA,NA,NA,NA,NA,NA,NA,NA,NA,NA,NA,NA,NA,NA,NA,NA,NA,NA
NA,NA,NA,NA,NA,NA,NA,NA,NA,NA,NA,NA,NA,NA,NA,NA,71,2025-10-08,13:50:29,NA,NA,NA,NA,Undefined,CAR_EAG,"Nathan, Cole",1000323259,Right,CAR_EAG,Undefined,1,Bottom,0,0,0,Undefined,Changeup,Undefined,Undefined,Undefined,Undefined,0,0,NA,50.13152,-2.242753,-3.565057,1295.529175,243.409863,02:00:00,5.96327,0.76184,25.48257,-39.32459,3.96284,5.9317,1.36737,-0.83786,48.20327,-13.415054,-1.875463,0.473535,NA,NA,NA,NA,NA,NA,NA,NA,NA,NA,NA,-8.53914,6.45437,-1.7719,50,5.98517,5.5048,-75.20009,2.78357,-4.85956,9.64563,-28.5009,CAR_EAG,NA,CarsonNewman,NA,NA,20251008-CarsonNewman-BP-1,47bb55b0-a46f-11f0-b415-636602e020f2,79.59796,NA,NA,1.92825,NA,NA,NA,NA,NA,NA,d1063248-16c1-4edd-b41f-f498c213e11a,2025-10-08,17:50:29,2025-10-08T17:50:29Z,2025-10-08T17:50:29Z,NA,v3,CNE,NA,NA,NA,NA,Undefined,CAR_EAG,7f875729-bb69-4418-bb25-012218ac8495,35.02432,-73.25403,4.82281,5.96671,-2.96663,-14.25045,-0.76018,4.52436,-2.42978,NA,NA,NA,NA,NA,NA,NA,NA,NA,NA,NA,NA,NA,NA,NA,NA,NA,NA,NA,NA,NA,NA,NA,NA,NA,NA,NA,NA,NA,NA,NA,NA,NA,NA,NA,NA,NA,NA,NA,NA,NA,NA,NA,NA,NA,NA,NA,NA,NA,NA,High,High,High,NA,NA,NA,NA,NA,NA,NA,NA,NA,NA,NA,NA,NA,NA,NA,NA,NA,NA,NA,NA,NA,NA,NA,NA,NA,NA,NA,NA,NA,NA,NA,NA,NA,NA,NA,NA,NA,NA,NA,NA,NA,NA,NA,NA,NA,NA,NA,NA
NA,NA,NA,NA,NA,NA,NA,NA,NA,NA,NA,NA,NA,NA,NA,NA,72,2025-10-08,13:50:33,NA,NA,NA,NA,Undefined,CAR_EAG,"Nathan, Cole",1000323259,Right,CAR_EAG,Undefined,1,Bottom,0,0,0,Undefined,Changeup,Undefined,Undefined,Undefined,Undefined,0,0,NA,48.03881,-0.898906,-2.343042,1278.313838,224.519028,01:30:00,6.0129,0.73735,25.67935,-40.85963,6.64063,5.12221,2.08323,-0.20297,45.11442,-12.735189,-0.875197,0.496043,NA,NA,NA,NA,NA,NA,NA,NA,NA,NA,NA,-7.4252,9.68048,-1.42323,50,5.65682,3.64549,-72.77435,4.57826,-3.81824,11.80721,-27.19609,CAR_EAG,NA,CarsonNewman,NA,NA,20251008-CarsonNewman-BP-1,4a3e3000-a46f-11f0-b415-636602e020f2,75.98624,NA,NA,2.92439,NA,NA,NA,NA,NA,NA,d1063248-16c1-4edd-b41f-f498c213e11a,2025-10-08,17:50:33,2025-10-08T17:50:33Z,2025-10-08T17:50:33Z,NA,v3,CNE,NA,NA,NA,NA,Undefined,CAR_EAG,81411188-52b3-4d6b-b7d4-aecbcb3aaa18,34.82599,-70.26934,5.90361,6.01608,-1.19164,-13.59805,-0.73574,2.83542,-1.90912,NA,NA,NA,NA,NA,NA,NA,NA,NA,NA,NA,NA,NA,NA,NA,NA,NA,NA,NA,NA,NA,NA,NA,NA,NA,NA,NA,NA,NA,NA,NA,NA,NA,NA,NA,NA,NA,NA,NA,NA,NA,NA,NA,NA,NA,NA,NA,NA,NA,NA,High,High,High,NA,NA,NA,NA,NA,NA,NA,NA,NA,NA,NA,NA,NA,NA,NA,NA,NA,NA,NA,NA,NA,NA,NA,NA,NA,NA,NA,NA,NA,NA,NA,NA,NA,NA,NA,NA,NA,NA,NA,NA,NA,NA,NA,NA,NA,NA,NA,NA
NA,NA,NA,NA,NA,NA,NA,NA,NA,NA,NA,NA,NA,NA,NA,NA,73,2025-10-08,13:50:38,NA,NA,NA,NA,Undefined,CAR_EAG,"Nathan, Cole",1000323259,Right,CAR_EAG,Undefined,1,Bottom,0,0,0,Undefined,Changeup,Undefined,Undefined,Undefined,Undefined,0,0,NA,48.26622,0.957403,-2.581643,1244.722574,225.028592,01:30:00,6.01988,0.73245,25.60482,-39.78136,7.79252,6.28103,3.26497,-0.25406,44.71717,-10.662849,-0.790458,0.496427,85.21835,12.640645,2.570045,1125.293533,109.64699,14.20022,8.80534,187.96708,187.96708,5.881971,1.82936,-8.97623,10.32253,-1.48917,50,5.19961,4.09959,-73.21724,6.73931,-4.6315,12.61785,-26.84789,CAR_EAG,NA,CarsonNewman,NA,NA,20251008-CarsonNewman-BP-1,4d46b510-a46f-11f0-b415-636602e020f2,75.92741,14.54497,NA,3.54905,NA,NA,NA,2.21478,3.43453,0.229,d1063248-16c1-4edd-b41f-f498c213e11a,2025-10-08,17:50:38,2025-10-08T17:50:38Z,2025-10-08T17:50:38Z,LineDrive,v3,CNE,NA,NA,NA,NA,Undefined,CAR_EAG,eb5b9a38-04e7-4bb1-a41b-3a6ff3202be2,34.89974,-70.56698,6.30893,6.02292,1.10016,-13.42394,-0.73025,3.12679,-2.31575,250.045746,2.21478,121.83458,-15.33544,2.97514,-0.59322,0.10647,-0.01913,0.00286,-2.1e-4,3.43453,27.35153,-17.68888,1.18086,-0.18045,0.02947,-0.0031,5.7e-4,-7e-5,0.229,5.46866,4.38724,-1.41823,0.38576,-0.08777,0.0178,-0.00271,2.1e-4,NA,NA,NA,NA,NA,NA,NA,NA,NA,NA,NA,NA,NA,NA,NA,NA,NA,NA,NA,NA,NA,NA,High,High,High,High,High,NA,NA,NA,NA,NA,NA,NA,NA,NA,NA,NA,NA,NA,NA,NA,NA,NA,NA,NA,NA,NA,NA,NA,NA,NA,NA,NA,NA,NA,NA,NA,NA,NA,NA,NA,NA,NA,NA,NA,NA,NA,NA,NA,NA,NA,NA
NA,NA,NA,NA,NA,NA,NA,NA,NA,NA,NA,NA,NA,NA,NA,NA,74,2025-10-08,13:50:44,NA,NA,NA,NA,Undefined,CAR_EAG,"Nathan, Cole",1000323259,Right,CAR_EAG,Undefined,1,Bottom,0,0,0,Undefined,Changeup,Undefined,Undefined,Undefined,Undefined,0,0,NA,48.28953,0.20534,-2.896864,1262.796315,232.927033,01:45:00,5.984,0.80957,25.76172,-40.95975,5.54492,5.62083,2.6903,-0.40869,45.44986,-11.704454,-1.284721,0.490817,86.52294,6.787528,-3.636327,2090.719388,NA,NA,NA,101.12791,101.12791,-3.552938,0.863859,-8.26335,7.80292,-1.65587,50,5.31716,4.45025,-73.00638,6.13788,-4.31631,11.1702,-28.09825,CAR_EAG,NA,CarsonNewman,NA,NA,20251008-CarsonNewman-BP-1,50a45f00-a46f-11f0-b415-636602e020f2,76.79528,5.38857,NA,2.83967,NA,NA,NA,2.20934,2.88843,0.36936,d1063248-16c1-4edd-b41f-f498c213e11a,2025-10-08,17:50:44,2025-10-08T17:50:44Z,2025-10-08T17:50:44Z,GroundBall,v3,CNE,NA,NA,NA,NA,Undefined,CAR_EAG,43564cd6-3f2d-4efb-9d0c-9787b76cbd08,34.74442,-70.63367,5.5851,5.98703,0.16942,-14.04913,-0.80795,3.5334,-2.15816,6.104075,2.24828,125.14233,-12.67067,NA,NA,NA,NA,NA,NA,2.95207,13.99615,-20.23618,NA,NA,NA,NA,NA,NA,0.37008,-8.00353,0.37017,NA,NA,NA,NA,NA,NA,NA,NA,NA,NA,NA,NA,NA,NA,NA,NA,NA,NA,NA,NA,NA,NA,NA,NA,NA,NA,NA,NA,High,High,High,High,High,NA,NA,NA,NA,NA,NA,NA,NA,NA,NA,NA,NA,NA,NA,NA,NA,NA,NA,NA,NA,NA,NA,NA,NA,NA,NA,NA,NA,NA,NA,NA,NA,NA,NA,NA,NA,NA,NA,NA,NA,NA,NA,NA,NA,NA,NA
NA,NA,NA,NA,NA,NA,NA,NA,NA,NA,NA,NA,NA,NA,NA,NA,75,2025-10-08,13:50:48,NA,NA,NA,NA,Undefined,CAR_EAG,"Nathan, Cole",1000323259,Right,CAR_EAG,Undefined,1,Bottom,0,0,0,Undefined,Changeup,Undefined,Undefined,Undefined,Undefined,0,0,NA,47.02797,-0.225309,-2.396309,1238.065811,236.01605,01:45:00,5.95222,0.79354,25.47834,-44.24172,5.31288,5.95512,2.13311,-0.11691,44.71758,-12.906943,-0.700234,0.506656,82.06905,25.138842,-9.619134,1543.142037,108.99461,39.55291,-14.83793,278.17626,273.25316,-5.809215,3.488938,-8.35264,7.54307,-1.49653,50,5.37922,3.73379,-70.94361,5.73312,-4.15843,9.86566,-28.41866,CAR_EAG,NA,CarsonNewman,NA,NA,20251008-CarsonNewman-BP-1,5365c8f0-a46f-11f0-b415-636602e020f2,74.3945,43.60282,NA,2.31039,NA,NA,NA,2.80452,2.59191,0.12689,d1063248-16c1-4edd-b41f-f498c213e11a,2025-10-08,17:50:48,2025-10-08T17:50:48Z,2025-10-08T17:50:48Z,LineDrive,v3,CNE,NA,NA,NA,NA,Undefined,CAR_EAG,e59065cc-20c3-4a8d-ae50-d9bbe8bd092d,35.02833,-68.83012,4.93283,5.9553,-0.35493,-14.20933,-0.79207,2.84295,-2.07922,208.472224,2.80437,107.43821,-14.91154,3.27185,-0.68643,0.1586,-0.03625,0.0054,-3.3e-4,2.59182,51.13926,-17.41894,1.23202,-0.28048,0.06214,-0.01049,0.00173,-1.7e-4,0.12675,-18.20229,5.6304,-1.32059,0.22165,-0.02593,0.00339,-6.3e-4,6e-5,NA,NA,NA,NA,NA,NA,NA,NA,NA,NA,NA,NA,NA,NA,NA,NA,NA,NA,NA,NA,NA,NA,High,High,High,High,High,NA,NA,NA,NA,NA,NA,NA,NA,NA,NA,NA,NA,NA,NA,NA,NA,NA,NA,NA,NA,NA,NA,NA,NA,NA,NA,NA,NA,NA,NA,NA,NA,NA,NA,NA,NA,NA,NA,NA,NA,NA,NA,NA,NA,NA,NA
NA,NA,NA,NA,NA,NA,NA,NA,NA,NA,NA,NA,NA,NA,NA,NA,76,2025-10-08,13:50:58,NA,NA,NA,NA,Undefined,CAR_EAG,"Kilgore, Tanner",814348,Right,CAR_EAG,Undefined,1,Bottom,0,0,0,Undefined,Changeup,Undefined,Undefined,Undefined,Undefined,0,0,NA,48.33892,0.977841,-3.1525,1251.780125,232.348006,01:45:00,6.02707,0.89894,25.24892,-41.94089,5.87473,5.91303,3.11053,-0.47234,45.44748,-11.053758,-1.484648,0.497687,85.19519,27.110342,10.879892,3049.703776,106.93505,47.60841,25.78544,306.5716,298.8203,18.010176,4.002119,-8.45906,7.7476,-1.78077,50,5.20644,4.75689,-72.89546,6.89914,-4.42393,10.80758,-28.1222,CAR_EAG,NA,CarsonNewman,NA,NA,20251008-CarsonNewman-BP-1,594ed8b0-a46f-11f0-b415-636602e020f2,75.73524,55.97941,NA,2.89144,NA,NA,NA,1.97589,3.39493,0.46032,d1063248-16c1-4edd-b41f-f498c213e11a,2025-10-08,17:50:58,2025-10-08T17:50:58Z,2025-10-08T17:50:58Z,LineDrive,v3,CNE,NA,NA,NA,NA,Undefined,CAR_EAG,06692536-4ac0-4ae1-938d-93a1a4ab70bb,35.25698,-70.67584,5.40379,6.03028,1.12353,-14.0611,-0.89712,3.84832,-2.21197,209.354074,1.97528,109.24196,-18.8864,4.66554,-1.14331,0.30202,-0.06819,0.00948,-5.6e-4,3.3956,56.92375,-16.48664,0.5094,0.17382,-0.12786,0.03776,-0.00526,2.8e-4,0.46029,20.99452,1.617,-0.49884,0.12122,-0.0241,0.00365,-3.9e-4,2e-5,NA,NA,NA,NA,NA,NA,NA,NA,NA,NA,NA,NA,NA,NA,NA,NA,NA,NA,NA,NA,NA,NA,High,High,High,High,High,NA,NA,NA,NA,NA,NA,NA,NA,NA,NA,NA,NA,NA,NA,NA,NA,NA,NA,NA,NA,NA,NA,NA,NA,NA,NA,NA,NA,NA,NA,NA,NA,NA,NA,NA,NA,NA,NA,NA,NA,NA,NA,NA,NA,NA,NA
NA,NA,NA,NA,NA,NA,NA,NA,NA,NA,NA,NA,NA,NA,NA,NA,77,2025-10-08,13:51:02,NA,NA,NA,NA,Undefined,CAR_EAG,"Kilgore, Tanner",814348,Right,CAR_EAG,Undefined,1,Bottom,0,0,0,Undefined,Changeup,Undefined,Undefined,Undefined,Undefined,0,0,NA,47.22922,0.145784,-3.885864,1225.101874,225.492595,01:30:00,6.10454,0.72883,25.41266,-42.43644,7.43693,6.08658,2.65407,-1.0517,44.3821,-12.065436,-2.161772,0.508283,80.73836,8.099985,-11.083825,1288.769033,NA,NA,NA,97.72234,97.31527,-11.000823,0.90189,-9.11965,10.06662,-1.8163,50,5.47262,5.60777,-71.31163,5.87363,-4.53208,10.86653,-27.17136,CAR_EAG,NA,CarsonNewman,NA,NA,20251008-CarsonNewman-BP-1,5bcd6d40-a46f-11f0-b415-636602e020f2,74.15636,5.85805,NA,2.84712,NA,NA,NA,2.74934,2.88286,1.02425,d1063248-16c1-4edd-b41f-f498c213e11a,2025-10-08,17:51:02,2025-10-08T17:51:02Z,2025-10-08T17:51:02Z,GroundBall,v3,CNE,NA,NA,NA,NA,Undefined,CAR_EAG,544bbf78-5905-419f-9184-be0bf16af031,35.0932,-69.00274,5.43326,6.10729,0.10034,-13.58568,-0.72708,4.6448,-2.26604,23.015829,2.74934,115.04793,-13.90588,1.1672,-0.20439,0.00909,0.0025,1.2e-4,-9e-5,2.88286,16.68494,-24.4212,3.09108,-0.61459,0.14055,-0.02446,0.00423,-5.7e-4,1.02425,-22.53778,0.04128,1.02568,-0.25318,0.07229,-0.01509,0.0027,-3.6e-4,NA,NA,NA,NA,NA,NA,NA,NA,NA,NA,NA,NA,NA,NA,NA,NA,NA,NA,NA,NA,NA,NA,High,High,High,High,High,NA,NA,NA,NA,NA,NA,NA,NA,NA,NA,NA,NA,NA,NA,NA,NA,NA,NA,NA,NA,NA,NA,NA,NA,NA,NA,NA,NA,NA,NA,NA,NA,NA,NA,NA,NA,NA,NA,NA,NA,NA,NA,NA,NA,NA,NA
NA,NA,NA,NA,NA,NA,NA,NA,NA,NA,NA,NA,NA,NA,NA,NA,78,2025-10-08,13:51:07,NA,NA,NA,NA,Undefined,CAR_EAG,"Kilgore, Tanner",814348,Right,CAR_EAG,Undefined,1,Bottom,0,0,0,Undefined,Changeup,Undefined,Undefined,Undefined,Undefined,0,0,NA,45.98332,1.224652,-2.968202,1239.887951,235.079503,01:45:00,5.99522,0.77507,25.56949,-45.03995,6.48209,7.39052,2.9595,-0.34729,43.60044,-11.774068,-0.862864,0.516616,92.0576,31.948277,-27.743023,NA,97.23158,61.1457,-51.43912,354.74768,345.9021,-30.996109,4.815696,-10.41599,8.52796,-1.65375,50,5.01173,4.53757,-69.29066,7.57095,-4.96002,9.22404,-28.1131,CAR_EAG,NA,CarsonNewman,NA,NA,20251008-CarsonNewman-BP-1,5ed13760-a46f-11f0-b415-636602e020f2,72.96025,81.49748,NA,2.38288,NA,NA,NA,3.2004,3.51773,0.31623,d1063248-16c1-4edd-b41f-f498c213e11a,2025-10-08,17:51:07,2025-10-08T17:51:07Z,2025-10-08T17:51:07Z,FlyBall,v3,CNE,NA,NA,NA,NA,Undefined,CAR_EAG,ba735579-abf3-4383-a54e-3ede6bc4d8d7,34.93732,-67.25561,4.61202,5.99786,1.36853,-14.05655,-0.77337,3.44327,-2.48001,166.912139,3.20143,101.37444,-18.14765,4.20648,-0.85155,0.17316,-0.03351,0.00436,-2.4e-4,3.51772,71.44414,-18.53193,1.28318,-0.08838,-0.06804,0.02884,-0.0045,2.5e-4,0.31583,-53.32292,7.14203,-1.6544,0.33534,-0.0684,0.01327,-0.00173,1e-4,NA,NA,NA,NA,NA,NA,NA,NA,NA,NA,NA,NA,NA,NA,NA,NA,NA,NA,NA,NA,NA,NA,High,High,High,High,Medium,NA,NA,NA,NA,NA,NA,NA,NA,NA,NA,NA,NA,NA,NA,NA,NA,NA,NA,NA,NA,NA,NA,NA,NA,NA,NA,NA,NA,NA,NA,NA,NA,NA,NA,NA,NA,NA,NA,NA,NA,NA,NA,NA,NA,NA,NA
NA,NA,NA,NA,NA,NA,NA,NA,NA,NA,NA,NA,NA,NA,NA,NA,79,2025-10-08,13:51:15,NA,NA,NA,NA,Undefined,CAR_EAG,"Kilgore, Tanner",814348,Right,CAR_EAG,Undefined,1,Bottom,0,0,0,Undefined,Changeup,Undefined,Undefined,Undefined,Undefined,0,0,NA,47.34152,1.399746,-3.845082,1245.46739,238.47486,02:00:00,6.00799,0.80819,25.53231,-43.73372,5.89548,7.10796,3.18542,-0.8551,44.04969,-11.293979,-1.825984,0.507037,NA,NA,NA,NA,NA,NA,NA,NA,NA,NA,NA,-10.50827,7.70457,-1.90473,50,5.02383,5.70449,-71.64881,7.65244,-5.21697,11.73642,-28.34902,CAR_EAG,NA,CarsonNewman,NA,NA,20251008-CarsonNewman-BP-1,63201f20-a46f-11f0-b415-636602e020f2,74.33856,NA,NA,3.29183,NA,NA,NA,NA,NA,NA,d1063248-16c1-4edd-b41f-f498c213e11a,2025-10-08,17:51:15,2025-10-08T17:51:15Z,2025-10-08T17:51:15Z,NA,v3,CNE,NA,NA,NA,NA,Undefined,CAR_EAG,57a09b67-19d9-4047-8d19-51d7a0033e8a,34.9733,-69.14356,5.86821,6.01145,1.60108,-14.17451,-0.80591,4.59088,-2.60848,NA,NA,NA,NA,NA,NA,NA,NA,NA,NA,NA,NA,NA,NA,NA,NA,NA,NA,NA,NA,NA,NA,NA,NA,NA,NA,NA,NA,NA,NA,NA,NA,NA,NA,NA,NA,NA,NA,NA,NA,NA,NA,NA,NA,NA,NA,NA,NA,NA,NA,High,High,High,NA,NA,NA,NA,NA,NA,NA,NA,NA,NA,NA,NA,NA,NA,NA,NA,NA,NA,NA,NA,NA,NA,NA,NA,NA,NA,NA,NA,NA,NA,NA,NA,NA,NA,NA,NA,NA,NA,NA,NA,NA,NA,NA,NA,NA,NA,NA,NA
NA,NA,NA,NA,NA,NA,NA,NA,NA,NA,NA,NA,NA,NA,NA,NA,80,2025-10-08,13:51:20,NA,NA,NA,NA,Undefined,CAR_EAG,"Kilgore, Tanner",814348,Right,CAR_EAG,Undefined,1,Bottom,0,0,0,Undefined,Changeup,Undefined,Undefined,Undefined,Undefined,0,0,NA,47.01748,-0.131871,-2.93339,1154.404397,233.641785,01:45:00,6.11285,0.68304,25.56881,-42.38798,6.45949,7.2363,2.50326,-0.43178,45.04847,-12.294317,-0.869378,0.503028,90.93898,15.090585,-8.791631,1842.778834,109.12929,21.32977,-13.81149,252.91412,252.91412,-6.036751,2.433122,-10.11158,8.95469,-1.55258,50,5.51835,4.58062,-70.65214,5.75342,-5.07368,8.59906,-27.68087,CAR_EAG,NA,CarsonNewman,NA,NA,20251008-CarsonNewman-BP-1,6645c920-a46f-11f0-b415-636602e020f2,74.93105,22.00392,NA,1.96901,NA,NA,NA,2.17523,2.69633,0.48778,d1063248-16c1-4edd-b41f-f498c213e11a,2025-10-08,17:51:20,2025-10-08T17:51:20Z,2025-10-08T17:51:20Z,LineDrive,v3,CNE,NA,NA,NA,NA,Undefined,CAR_EAG,83dfd128-02e3-4171-b9ab-cbef4d18b861,34.93819,-68.79455,4.29953,6.11534,-0.22627,-13.84043,-0.68144,3.48459,-2.53684,222.959011,2.17523,127.26441,-14.93947,2.92024,-0.57782,0.10684,-0.01868,0.00257,-1.8e-4,2.69633,34.72412,-16.61028,1.04359,-0.16593,0.02815,-0.00302,4.3e-4,-5e-5,0.48778,-19.68251,5.62042,-1.37921,0.32258,-0.06757,0.0124,-0.0017,1.1e-4,NA,NA,NA,NA,NA,NA,NA,NA,NA,NA,NA,NA,NA,NA,NA,NA,NA,NA,NA,NA,NA,NA,High,High,High,High,High,NA,NA,NA,NA,NA,NA,NA,NA,NA,NA,NA,NA,NA,NA,NA,NA,NA,NA,NA,NA,NA,NA,NA,NA,NA,NA,NA,NA,NA,NA,NA,NA,NA,NA,NA,NA,NA,NA,NA,NA,NA,NA,NA,NA,NA,NA
NA,NA,NA,NA,NA,NA,NA,NA,NA,NA,NA,NA,NA,NA,NA,NA,81,2025-10-08,13:51:25,NA,NA,NA,NA,Undefined,CAR_EAG,"Kilgore, Tanner",814348,Right,CAR_EAG,Undefined,1,Bottom,0,0,0,Undefined,Changeup,Undefined,Undefined,Undefined,Undefined,0,0,NA,46.59864,0.730484,-2.520569,1146.744192,243.199507,02:00:00,6.15383,0.62376,25.71339,-44.53061,5.19717,7.74839,2.86895,-0.19993,44.21858,-12.160158,-0.300625,0.507541,92.96519,25.5238,-25.229879,1497.711696,97.78546,45.12841,-50.37829,335.25659,332.17062,-31.980216,3.960319,-10.79418,7.13477,-1.39779,50,5.29199,4.11351,-70.31085,7.08752,-5.28292,9.63002,-28.68212,CAR_EAG,NA,CarsonNewman,NA,NA,20251008-CarsonNewman-BP-1,6973d790-a46f-11f0-b415-636602e020f2,74.26484,55.58904,NA,2.38006,NA,NA,NA,3.1259,3.38118,0.19568,d1063248-16c1-4edd-b41f-f498c213e11a,2025-10-08,17:51:25,2025-10-08T17:51:25Z,2025-10-08T17:51:25Z,FlyBall,v3,CNE,NA,NA,NA,NA,Undefined,CAR_EAG,6e638241-3172-4953-82e7-22c2b099a78c,34.79355,-68.19632,4.81501,6.1568,0.7896,-14.34106,-0.62192,2.95351,-2.64146,139.037753,3.12562,111.31477,-21.66272,5.85286,-1.52529,0.41297,-0.10161,0.01624,-0.0011,3.3823,58.71774,-17.63391,0.22712,0.57646,-0.34309,0.10656,-0.01652,9.9e-4,0.19574,-52.4493,1.8014,0.49478,-0.26452,0.06047,-0.00634,-1.4e-4,6e-5,NA,NA,NA,NA,NA,NA,NA,NA,NA,NA,NA,NA,NA,NA,NA,NA,NA,NA,NA,NA,NA,NA,High,High,High,High,High,NA,NA,NA,NA,NA,NA,NA,NA,NA,NA,NA,NA,NA,NA,NA,NA,NA,NA,NA,NA,NA,NA,NA,NA,NA,NA,NA,NA,NA,NA,NA,NA,NA,NA,NA,NA,NA,NA,NA,NA,NA,NA,NA,NA,NA,NA
NA,NA,NA,NA,NA,NA,NA,NA,NA,NA,NA,NA,NA,NA,NA,NA,82,2025-10-08,13:51:31,NA,NA,NA,NA,Undefined,CAR_EAG,"Kilgore, Tanner",814348,Right,CAR_EAG,Undefined,1,Bottom,0,0,0,Undefined,Changeup,Undefined,Undefined,Undefined,Undefined,0,0,NA,47.31076,1.947327,-1.042892,1145.337509,236.602135,02:00:00,5.97882,0.70174,25.52823,-43.27947,5.54662,6.49906,3.5136,0.63232,44.60177,-10.581798,0.807609,0.502918,NA,NA,NA,NA,NA,NA,NA,NA,NA,NA,NA,-8.38,7.4554,-1.05101,50,4.8564,2.09847,-71.31465,8.31283,-4.22256,9.84968,-28.41739,CAR_EAG,NA,CarsonNewman,NA,NA,20251008-CarsonNewman-BP-1,6d26cd70-a46f-11f0-b415-636602e020f2,74.94744,NA,NA,2.70899,NA,NA,NA,NA,NA,NA,d1063248-16c1-4edd-b41f-f498c213e11a,2025-10-08,17:51:31,2025-10-08T17:51:31Z,2025-10-08T17:51:31Z,NA,v3,CNE,NA,NA,NA,NA,Undefined,CAR_EAG,ff086a88-0622-4250-b6a6-a1d612b1f27b,34.97579,-69.20847,4.92484,5.98428,2.23627,-14.20869,-0.69883,1.19555,-2.11128,NA,NA,NA,NA,NA,NA,NA,NA,NA,NA,NA,NA,NA,NA,NA,NA,NA,NA,NA,NA,NA,NA,NA,NA,NA,NA,NA,NA,NA,NA,NA,NA,NA,NA,NA,NA,NA,NA,NA,NA,NA,NA,NA,NA,NA,NA,NA,NA,NA,NA,High,High,High,NA,NA,NA,NA,NA,NA,NA,NA,NA,NA,NA,NA,NA,NA,NA,NA,NA,NA,NA,NA,NA,NA,NA,NA,NA,NA,NA,NA,NA,NA,NA,NA,NA,NA,NA,NA,NA,NA,NA,NA,NA,NA,NA,NA,NA,NA,NA,NA
NA,NA,NA,NA,NA,NA,NA,NA,NA,NA,NA,NA,NA,NA,NA,NA,83,2025-10-08,13:51:35,NA,NA,NA,NA,Undefined,CAR_EAG,"Kilgore, Tanner",814348,Right,CAR_EAG,Undefined,1,Bottom,0,0,0,Undefined,Changeup,Undefined,Undefined,Undefined,Undefined,0,0,NA,45.98051,-0.175968,-2.455324,1178.818033,225.0042,01:30:00,6.09145,0.73192,25.64042,-44.05278,7.14493,5.8417,2.31756,-0.21572,43.85102,-12.858187,-0.78391,0.514987,87.1975,27.007146,-11.682445,2315.175839,108.3138,47.61034,-19.18282,330.18746,327.43814,-8.14616,4.207002,-8.28142,9.94615,-1.45924,50,5.48285,3.72641,-69.305,5.79774,-3.9519,9.10761,-27.42774,CAR_EAG,NA,CarsonNewman,NA,NA,20251008-CarsonNewman-BP-1,6f8026c0-a46f-11f0-b415-636602e020f2,73.19099,59.14712,NA,2.12949,NA,NA,NA,2.56925,2.66971,0.21702,d1063248-16c1-4edd-b41f-f498c213e11a,2025-10-08,17:51:35,2025-10-08T17:51:35Z,2025-10-08T17:51:35Z,LineDrive,v3,CNE,NA,NA,NA,NA,Undefined,CAR_EAG,a52c7c13-5a31-486d-9d29-06380ee93251,34.86599,-67.2868,4.55381,6.09419,-0.28011,-13.71387,-0.73052,2.85069,-1.97595,198.00043,2.56889,111.59536,-16.5264,3.84533,-0.91448,0.24277,-0.05752,0.0085,-5.3e-4,2.67064,58.04574,-15.9298,0.3841,0.25969,-0.18186,0.05788,-0.00895,5.3e-4,0.21706,-23.07491,6.20111,-1.6061,0.37638,-0.08401,0.01632,-0.00217,1.3e-4,NA,NA,NA,NA,NA,NA,NA,NA,NA,NA,NA,NA,NA,NA,NA,NA,NA,NA,NA,NA,NA,NA,High,High,High,High,High,NA,NA,NA,NA,NA,NA,NA,NA,NA,NA,NA,NA,NA,NA,NA,NA,NA,NA,NA,NA,NA,NA,NA,NA,NA,NA,NA,NA,NA,NA,NA,NA,NA,NA,NA,NA,NA,NA,NA,NA,NA,NA,NA,NA,NA,NA
NA,NA,NA,NA,NA,NA,NA,NA,NA,NA,NA,NA,NA,NA,NA,NA,84,2025-10-08,13:51:51,NA,NA,NA,NA,Undefined,CAR_EAG,"Kilgore, Tanner",814348,Right,CAR_EAG,Undefined,1,Bottom,0,0,0,Undefined,Changeup,Undefined,Undefined,Undefined,Undefined,0,0,NA,49.63289,0.982016,-0.751887,1260.940555,234.884569,01:45:00,6.02423,0.75023,25.59459,-37.78526,6.32559,7.38544,3.44971,0.92606,46.77037,-9.987309,1.355981,0.478018,NA,NA,NA,NA,NA,NA,NA,NA,NA,NA,NA,-9.4106,8.67819,-1.03587,50,5.22151,1.94686,-74.84452,6.74288,-5.22833,10.76348,-27.35264,CAR_EAG,NA,CarsonNewman,NA,NA,20251008-CarsonNewman-BP-1,78876670-a46f-11f0-b415-636602e020f2,78.85154,NA,NA,2.86252,NA,NA,NA,NA,NA,NA,d1063248-16c1-4edd-b41f-f498c213e11a,2025-10-08,17:51:51,2025-10-08T17:51:51Z,2025-10-08T17:51:51Z,NA,v3,CNE,NA,NA,NA,NA,Undefined,CAR_EAG,9fa29d94-e23d-4089-b52d-95e247b87084,34.90935,-72.6419,5.38174,6.02864,1.1455,-13.67632,-0.74695,0.87695,-2.61416,NA,NA,NA,NA,NA,NA,NA,NA,NA,NA,NA,NA,NA,NA,NA,NA,NA,NA,NA,NA,NA,NA,NA,NA,NA,NA,NA,NA,NA,NA,NA,NA,NA,NA,NA,NA,NA,NA,NA,NA,NA,NA,NA,NA,NA,NA,NA,NA,NA,NA,High,High,High,NA,NA,NA,NA,NA,NA,NA,NA,NA,NA,NA,NA,NA,NA,NA,NA,NA,NA,NA,NA,NA,NA,NA,NA,NA,NA,NA,NA,NA,NA,NA,NA,NA,NA,NA,NA,NA,NA,NA,NA,NA,NA,NA,NA,NA,NA,NA,NA
NA,NA,NA,NA,NA,NA,NA,NA,NA,NA,NA,NA,NA,NA,NA,NA,85,2025-10-08,13:51:55,NA,NA,NA,NA,Undefined,CAR_EAG,"Kilgore, Tanner",814348,Right,CAR_EAG,Undefined,1,Bottom,0,0,0,Undefined,Changeup,Undefined,Undefined,Undefined,Undefined,0,0,NA,47.89468,0.910553,-2.843656,1152.073559,233.167083,01:45:00,6.0487,0.62378,25.65644,-41.45699,5.90929,6.21363,3.12603,-0.51927,45.18283,-11.113997,-1.069046,0.495343,87.46936,4.253613,19.661181,1835.145644,NA,NA,NA,81.6955,81.49524,21.740592,0.683638,-8.86997,8.01878,-1.45657,50,5.19662,4.4069,-72.25341,7.00187,-4.57372,10.34722,-28.03924,CAR_EAG,NA,CarsonNewman,NA,NA,20251008-CarsonNewman-BP-1,7b2f54f0-a46f-11f0-b415-636602e020f2,76.0936,4.13289,NA,2.71184,NA,NA,NA,1.41841,3.09183,0.55564,d1063248-16c1-4edd-b41f-f498c213e11a,2025-10-08,17:51:55,2025-10-08T17:51:55Z,2025-10-08T17:51:55Z,GroundBall,v3,CNE,NA,NA,NA,NA,Undefined,CAR_EAG,624d86b6-f16b-46b7-8a3c-9151eb1bd4a7,34.84954,-70.05016,5.17361,6.05189,1.03143,-14.01962,-0.62189,3.43301,-2.28686,301.121585,1.45112,119.82832,-16.08197,NA,NA,NA,NA,NA,NA,3.12573,8.84426,-19.69266,NA,NA,NA,NA,NA,NA,0.54324,43.29266,0.2823,NA,NA,NA,NA,NA,NA,NA,NA,NA,NA,NA,NA,NA,NA,NA,NA,NA,NA,NA,NA,NA,NA,NA,NA,NA,NA,NA,NA,High,High,High,High,High,NA,NA,NA,NA,NA,NA,NA,NA,NA,NA,NA,NA,NA,NA,NA,NA,NA,NA,NA,NA,NA,NA,NA,NA,NA,NA,NA,NA,NA,NA,NA,NA,NA,NA,NA,NA,NA,NA,NA,NA,NA,NA,NA,NA,NA,NA
NA,NA,NA,NA,NA,NA,NA,NA,NA,NA,NA,NA,NA,NA,NA,NA,86,2025-10-08,13:52:00,NA,NA,NA,NA,Undefined,CAR_EAG,"Kilgore, Tanner",814348,Right,CAR_EAG,Undefined,1,Bottom,0,0,0,Undefined,Changeup,Undefined,Undefined,Undefined,Undefined,0,0,NA,47.83069,0.437467,-2.906525,1167.480196,232.121001,01:45:00,5.9449,0.77627,25.58896,-41.4327,6.53158,6.63823,2.74832,-0.37161,44.93282,-11.566472,-1.013684,0.49846,91.34751,3.654085,-3.729577,1203.360602,NA,NA,NA,75.05162,75.05162,-3.783664,0.588633,-9.48835,8.90784,-1.62629,50,5.23043,4.53217,-72.30069,6.31126,-4.85372,11.06562,-27.61728,CAR_EAG,NA,CarsonNewman,NA,NA,20251008-CarsonNewman-BP-1,7e0b4bc0-a46f-11f0-b415-636602e020f2,75.61776,3.71341,NA,2.89787,NA,NA,NA,2.28251,2.96853,0.3519,d1063248-16c1-4edd-b41f-f498c213e11a,2025-10-08,17:52:00,2025-10-08T17:52:00Z,2025-10-08T17:52:00Z,GroundBall,v3,CNE,NA,NA,NA,NA,Undefined,CAR_EAG,b63d2c38-c2d4-467d-851b-d11ad9d2e62d,34.91696,-69.95415,5.53281,5.94783,0.45483,-13.80864,-0.77434,3.5029,-2.42686,13.844392,2.30153,132.98509,-16.48173,NA,NA,NA,NA,NA,NA,2.99719,7.88136,-22.11726,NA,NA,NA,NA,NA,NA,0.35463,-8.76018,-0.44223,NA,NA,NA,NA,NA,NA,NA,NA,NA,NA,NA,NA,NA,NA,NA,NA,NA,NA,NA,NA,NA,NA,NA,NA,NA,NA,NA,NA,High,High,High,High,High,NA,NA,NA,NA,NA,NA,NA,NA,NA,NA,NA,NA,NA,NA,NA,NA,NA,NA,NA,NA,NA,NA,NA,NA,NA,NA,NA,NA,NA,NA,NA,NA,NA,NA,NA,NA,NA,NA,NA,NA,NA,NA,NA,NA,NA,NA
NA,NA,NA,NA,NA,NA,NA,NA,NA,NA,NA,NA,NA,NA,NA,NA,87,2025-10-08,13:52:05,NA,NA,NA,NA,Undefined,CAR_EAG,"Nathan, Cole",1000323259,Right,CAR_EAG,Undefined,1,Bottom,0,0,0,Undefined,Changeup,Undefined,Undefined,Undefined,Undefined,0,0,NA,48.12732,-0.651425,-3.112559,1212.344356,228.068295,01:30:00,6.12762,0.71358,25.64294,-39.72475,7.41969,6.78453,2.43633,-0.53999,45.39731,-12.142111,-1.173482,0.494182,83.36337,23.35891,23.428927,3349.31434,97.68489,36.78798,50.57256,275.83267,268.53524,33.105316,3.387504,-9.73567,10.50894,-1.62379,50,5.7179,4.8447,-72.67628,4.77718,-5.04992,10.91116,-26.72304,CAR_EAG,NA,CarsonNewman,NA,NA,20251008-CarsonNewman-BP-1,813c1950-a46f-11f0-b415-636602e020f2,76.27243,40.22785,NA,2.73001,NA,NA,NA,1.59886,2.59948,0.60228,d1063248-16c1-4edd-b41f-f498c213e11a,2025-10-08,17:52:05,2025-10-08T17:52:05Z,2025-10-08T17:52:05Z,LineDrive,v3,CNE,NA,NA,NA,NA,Undefined,CAR_EAG,d40d79ff-add2-4d2b-8b44-92db3a48ba1b,34.86267,-70.36697,5.45558,6.13045,-0.87867,-13.36152,-0.71152,3.77591,-2.52496,228.135428,1.59881,102.99287,-18.55277,4.20398,-0.95108,0.2347,-0.0549,0.00828,-5.1e-4,2.59944,48.47828,-16.78912,0.84336,-0.03868,-0.03204,0.01259,-0.00109,-6e-5,0.60213,44.63408,0.9058,-0.71705,0.25866,-0.08506,0.02381,-0.0041,3e-4,NA,NA,NA,NA,NA,NA,NA,NA,NA,NA,NA,NA,NA,NA,NA,NA,NA,NA,NA,NA,NA,NA,High,High,High,High,High,NA,NA,NA,NA,NA,NA,NA,NA,NA,NA,NA,NA,NA,NA,NA,NA,NA,NA,NA,NA,NA,NA,NA,NA,NA,NA,NA,NA,NA,NA,NA,NA,NA,NA,NA,NA,NA,NA,NA,NA,NA,NA,NA,NA,NA,NA
NA,NA,NA,NA,NA,NA,NA,NA,NA,NA,NA,NA,NA,NA,NA,NA,88,2025-10-08,13:52:10,NA,NA,NA,NA,Undefined,CAR_EAG,"Nathan, Cole",1000323259,Right,CAR_EAG,Undefined,1,Bottom,0,0,0,Undefined,Changeup,Undefined,Undefined,Undefined,Undefined,0,0,NA,47.87233,-0.210456,-4.038762,1130.046412,236.009264,01:45:00,5.98972,0.81451,25.72572,-42.22069,5.29319,5.8741,2.34846,-1.05193,45.16945,-12.432123,-2.358561,0.496114,77.86656,-6.853305,-12.842434,NA,NA,NA,NA,16.86937,16.62705,-7.483454,0.134345,-9.00083,7.62788,-1.96657,50,5.41918,5.88409,-72.2765,5.7052,-4.61096,10.89914,-28.26642,CAR_EAG,NA,CarsonNewman,NA,NA,20251008-CarsonNewman-BP-1,8412e000-a46f-11f0-b415-636602e020f2,75.97533,2.41858,NA,2.70288,NA,NA,NA,2.18103,2.41858,1.0733,d1063248-16c1-4edd-b41f-f498c213e11a,2025-10-08,17:52:10,2025-10-08T17:52:10Z,2025-10-08T17:52:10Z,GroundBall,v3,CNE,NA,NA,NA,NA,Undefined,CAR_EAG,6f784c08-1f7d-48e6-827b-a3cb2026ed2a,34.78063,-69.9438,5.44957,5.99284,-0.34453,-14.13321,-0.81283,4.89723,-2.30548,352.374632,2.18095,110.55978,-17.08103,NA,NA,NA,NA,NA,NA,2.41926,-13.69388,-32.15676,NA,NA,NA,NA,NA,NA,1.07325,-25.19808,6.36923,NA,NA,NA,NA,NA,NA,NA,NA,NA,NA,NA,NA,NA,NA,NA,NA,NA,NA,NA,NA,NA,NA,NA,NA,NA,NA,NA,NA,High,High,High,High,High,NA,NA,NA,NA,NA,NA,NA,NA,NA,NA,NA,NA,NA,NA,NA,NA,NA,NA,NA,NA,NA,NA,NA,NA,NA,NA,NA,NA,NA,NA,NA,NA,NA,NA,NA,NA,NA,NA,NA,NA,NA,NA,NA,NA,NA,NA
NA,NA,NA,NA,NA,NA,NA,NA,NA,NA,NA,NA,NA,NA,NA,NA,89,2025-10-08,13:52:15,NA,NA,NA,NA,Undefined,CAR_EAG,"Nathan, Cole",1000323259,Right,CAR_EAG,Undefined,1,Bottom,0,0,0,Undefined,Changeup,Undefined,Undefined,Undefined,Undefined,0,0,NA,49.33215,0.12475,-4.120015,1188.129159,233.694825,01:45:00,5.93396,0.73906,25.6567,-38.89888,5.46359,5.99036,2.76538,-1.17023,46.91783,-11.103892,-2.412213,0.479379,85.66788,11.160435,30.072015,2234.733501,92.6755,11.14578,59.25481,182.68728,182.1081,34.528716,1.697157,-8.92682,7.62835,-1.91073,50,5.31809,6.16997,-74.11599,5.88362,-4.90903,9.79801,-27.97907,CAR_EAG,NA,CarsonNewman,NA,NA,20251008-CarsonNewman-BP-1,87519040-a46f-11f0-b415-636602e020f2,78.62761,11.65727,NA,2.41432,NA,NA,NA,1.12944,2.63405,1.14665,d1063248-16c1-4edd-b41f-f498c213e11a,2025-10-08,17:52:15,2025-10-08T17:52:15Z,2025-10-08T17:52:15Z,LineDrive,v3,CNE,NA,NA,NA,NA,Undefined,CAR_EAG,87c69504-38d9-4f2a-892d-67fbc0e62ecb,34.85009,-72.08538,4.89901,5.93658,0.08503,-13.98954,-0.73744,5.15259,-2.45451,256.204308,1.12942,106.68122,-12.15175,1.26708,-1.3395,1.8223,-1.50311,0.63347,-0.10409,2.63407,24.31729,-17.40537,1.30879,0.40906,-0.85511,0.7245,-0.29913,0.04773,1.14665,61.76891,-1.28642,0.31245,-0.01373,-0.04407,0.04097,-0.01641,0.00248,NA,NA,NA,NA,NA,NA,NA,NA,NA,NA,NA,NA,NA,NA,NA,NA,NA,NA,NA,NA,NA,NA,High,High,High,High,High,NA,NA,NA,NA,NA,NA,NA,NA,NA,NA,NA,NA,NA,NA,NA,NA,NA,NA,NA,NA,NA,NA,NA,NA,NA,NA,NA,NA,NA,NA,NA,NA,NA,NA,NA,NA,NA,NA,NA,NA,NA,NA,NA,NA,NA,NA
NA,NA,NA,NA,NA,NA,NA,NA,NA,NA,NA,NA,NA,NA,NA,NA,90,2025-10-08,13:52:22,NA,NA,NA,NA,Undefined,CAR_EAG,"Nathan, Cole",1000323259,Right,CAR_EAG,Undefined,1,Bottom,0,0,0,Undefined,Changeup,Undefined,Undefined,Undefined,Undefined,0,0,NA,46.28129,0.416465,-1.950209,1168.893747,223.197527,01:30:00,6.04949,0.71834,25.72967,-42.34262,7.71433,6.10252,2.76359,0.09083,44.13469,-11.837519,-0.200977,0.509218,77.15925,43.615015,2.613768,NA,109.11406,82.17667,13.93059,264.56946,256.76454,12.108489,4.881376,-8.45894,10.50453,-1.32058,50,5.29277,3.17999,-69.70329,6.42594,-4.10542,8.82225,-27.07584,CAR_EAG,NA,CarsonNewman,NA,NA,20251008-CarsonNewman-BP-1,8b11a580-a46f-11f0-b415-636602e020f2,74.02025,89.25285,NA,2.14661,NA,NA,NA,2.31828,3.15335,-0.03,d1063248-16c1-4edd-b41f-f498c213e11a,2025-10-08,17:52:22,2025-10-08T17:52:22Z,2025-10-08T17:52:22Z,FlyBall,v3,CNE,NA,NA,NA,NA,Undefined,CAR_EAG,3d5e3fbe-bce0-43a2-847b-1d09913650b4,34.77675,-67.74911,4.41113,6.05191,0.42848,-13.53792,-0.71691,2.27062,-2.05271,207.065357,2.32104,81.79005,-14.55946,3.36605,-0.50556,0.04164,-0.00219,4.4e-4,-5e-5,3.15337,78.05415,-20.18331,1.34269,0.02019,-0.12488,0.04283,-0.00629,3.4e-4,-0.03075,3.75213,4.33409,-1.1696,0.21275,-0.02415,0.00115,1e-5,0,NA,NA,NA,NA,NA,NA,NA,NA,NA,NA,NA,NA,NA,NA,NA,NA,NA,NA,NA,NA,NA,NA,High,High,High,High,Medium,NA,NA,NA,NA,NA,NA,NA,NA,NA,NA,NA,NA,NA,NA,NA,NA,NA,NA,NA,NA,NA,NA,NA,NA,NA,NA,NA,NA,NA,NA,NA,NA,NA,NA,NA,NA,NA,NA,NA,NA,NA,NA,NA,NA,NA,NA
NA,NA,NA,NA,NA,NA,NA,NA,NA,NA,NA,NA,NA,NA,NA,NA,91,2025-10-08,13:52:27,NA,NA,NA,NA,Undefined,CAR_EAG,"Nathan, Cole",1000323259,Right,CAR_EAG,Undefined,1,Bottom,0,0,0,Undefined,Changeup,Undefined,Undefined,Undefined,Undefined,0,0,NA,47.70703,-0.705626,-4.057082,1212.06003,228.784055,01:45:00,6.01366,0.71488,25.79589,-42.08837,5.2941,4.62591,2.09518,-1.26133,45.35411,-12.863142,-2.730598,0.495428,NA,NA,NA,NA,NA,NA,NA,NA,NA,NA,NA,-7.30485,7.93158,-1.86095,50,5.56765,5.71589,-71.86666,5.11874,-3.7347,10.06962,-28.11891,CAR_EAG,NA,CarsonNewman,NA,NA,20251008-CarsonNewman-BP-1,8e1a78b0-a46f-11f0-b415-636602e020f2,76.08062,NA,NA,2.35292,NA,NA,NA,NA,NA,NA,d1063248-16c1-4edd-b41f-f498c213e11a,2025-10-08,17:52:27,2025-10-08T17:52:27Z,2025-10-08T17:52:27Z,NA,v3,CNE,NA,NA,NA,NA,Undefined,CAR_EAG,30535548-df43-4f1d-9006-1fc088645563,34.71003,-69.69137,5.03481,6.01732,-0.95563,-14.05946,-0.71332,4.9091,-1.86735,NA,NA,NA,NA,NA,NA,NA,NA,NA,NA,NA,NA,NA,NA,NA,NA,NA,NA,NA,NA,NA,NA,NA,NA,NA,NA,NA,NA,NA,NA,NA,NA,NA,NA,NA,NA,NA,NA,NA,NA,NA,NA,NA,NA,NA,NA,NA,NA,NA,NA,High,High,High,NA,NA,NA,NA,NA,NA,NA,NA,NA,NA,NA,NA,NA,NA,NA,NA,NA,NA,NA,NA,NA,NA,NA,NA,NA,NA,NA,NA,NA,NA,NA,NA,NA,NA,NA,NA,NA,NA,NA,NA,NA,NA,NA,NA,NA,NA,NA,NA
NA,NA,NA,NA,NA,NA,NA,NA,NA,NA,NA,NA,NA,NA,NA,NA,92,2025-10-08,13:52:32,NA,NA,NA,NA,Undefined,CAR_EAG,"Nathan, Cole",1000323259,Right,CAR_EAG,Undefined,1,Bottom,0,0,0,Undefined,Changeup,Undefined,Undefined,Undefined,Undefined,0,0,NA,48.38182,-0.136494,-1.242808,1269.968803,229.552793,01:45:00,5.93898,0.81064,25.92722,-39.31494,5.56803,5.39843,2.58371,0.54099,46.44473,-11.546813,0.315609,0.482183,81.21584,18.498713,-24.126937,2973.052941,98.98104,23.07102,-47.98541,220.64574,220.64574,-27.669416,2.36363,-7.40638,7.89079,-1.22474,50,5.34613,2.35858,-72.75044,5.77241,-3.95953,8.73159,-27.95554,CAR_EAG,NA,CarsonNewman,NA,NA,20251008-CarsonNewman-BP-1,912c2580-a46f-11f0-b415-636602e020f2,78.17035,23.10462,NA,1.93708,NA,NA,NA,2.0876,2.82181,-0.52984,d1063248-16c1-4edd-b41f-f498c213e11a,2025-10-08,17:52:32,2025-10-08T17:52:32Z,2025-10-08T17:52:32Z,LineDrive,v3,CNE,NA,NA,NA,NA,Undefined,CAR_EAG,8c419c0e-607f-44b7-bd31-9b35190450d4,34.58011,-70.87557,4.36579,5.94114,-0.23028,-13.97777,-0.80958,1.50838,-1.97977,113.294972,2.08761,103.09297,-13.30141,2.76945,-0.54946,0.0714,-5.2e-4,-0.0026,4.5e-4,2.8218,37.79401,-18.87239,1.38453,-0.24843,0.05649,-0.01469,0.00383,-4.4e-4,-0.52984,-46.1739,1.08415,0.29074,-0.16535,0.0628,-0.02034,0.00441,-4.4e-4,NA,NA,NA,NA,NA,NA,NA,NA,NA,NA,NA,NA,NA,NA,NA,NA,NA,NA,NA,NA,NA,NA,High,High,High,High,High,NA,NA,NA,NA,NA,NA,NA,NA,NA,NA,NA,NA,NA,NA,NA,NA,NA,NA,NA,NA,NA,NA,NA,NA,NA,NA,NA,NA,NA,NA,NA,NA,NA,NA,NA,NA,NA,NA,NA,NA,NA,NA,NA,NA,NA,NA
NA,NA,NA,NA,NA,NA,NA,NA,NA,NA,NA,NA,NA,NA,NA,NA,93,2025-10-08,13:52:38,NA,NA,NA,NA,Undefined,CAR_EAG,"Nathan, Cole",1000323259,Right,CAR_EAG,Undefined,1,Bottom,0,0,0,Undefined,Changeup,Undefined,Undefined,Undefined,Undefined,0,0,NA,48.61777,-1.403388,-3.799688,1211.937044,222.424929,01:30:00,6.05655,0.72962,25.48907,-38.66321,7.63437,5.89611,2.00955,-1.01083,46.3066,-12.471395,-2.124061,0.489723,NA,NA,NA,NA,NA,NA,NA,NA,NA,NA,NA,-8.63032,10.95052,-1.79895,50,5.8685,5.62858,-73.0681,3.65806,-4.59354,9.85273,-26.34557,CAR_EAG,NA,CarsonNewman,NA,NA,20251008-CarsonNewman-BP-1,94bb18a0-a46f-11f0-b415-636602e020f2,76.96686,NA,NA,2.31118,NA,NA,NA,NA,NA,NA,d1063248-16c1-4edd-b41f-f498c213e11a,2025-10-08,17:52:38,2025-10-08T17:52:38Z,2025-10-08T17:52:38Z,NA,v3,CNE,NA,NA,NA,NA,Undefined,CAR_EAG,c882eb61-e998-42e3-893b-7f12fb3eaa4e,35.01641,-71.01893,4.92636,6.0595,-1.82129,-13.17278,-0.72767,4.67322,-2.29677,NA,NA,NA,NA,NA,NA,NA,NA,NA,NA,NA,NA,NA,NA,NA,NA,NA,NA,NA,NA,NA,NA,NA,NA,NA,NA,NA,NA,NA,NA,NA,NA,NA,NA,NA,NA,NA,NA,NA,NA,NA,NA,NA,NA,NA,NA,NA,NA,NA,NA,High,High,High,NA,NA,NA,NA,NA,NA,NA,NA,NA,NA,NA,NA,NA,NA,NA,NA,NA,NA,NA,NA,NA,NA,NA,NA,NA,NA,NA,NA,NA,NA,NA,NA,NA,NA,NA,NA,NA,NA,NA,NA,NA,NA,NA,NA,NA,NA,NA,NA
NA,NA,NA,NA,NA,NA,NA,NA,NA,NA,NA,NA,NA,NA,NA,NA,94,2025-10-08,13:52:43,NA,NA,NA,NA,Undefined,CAR_EAG,"Nathan, Cole",1000323259,Right,CAR_EAG,Undefined,1,Bottom,0,0,0,Undefined,Changeup,Undefined,Undefined,Undefined,Undefined,0,0,NA,47.21291,0.334653,-2.486569,1085.999136,236.001785,01:45:00,6.03122,0.7743,25.67355,-42.54687,5.86894,6.90823,2.68103,-0.10129,44.90227,-11.958253,-0.509549,0.500801,92.13004,5.127495,-13.474855,1135.65508,NA,NA,NA,97.09741,97.09741,-14.675697,0.767865,-9.64347,8.13339,-1.52566,50,5.30655,4.00704,-71.15081,6.40014,-4.85683,9.49814,-28.07775,CAR_EAG,NA,CarsonNewman,NA,NA,20251008-CarsonNewman-BP-1,97e7c780-a46f-11f0-b415-636602e020f2,75.26433,4.69314,NA,2.31064,NA,NA,NA,2.45178,3.04023,0.09572,d1063248-16c1-4edd-b41f-f498c213e11a,2025-10-08,17:52:43,2025-10-08T17:52:43Z,2025-10-08T17:52:43Z,GroundBall,v3,CNE,NA,NA,NA,NA,Undefined,CAR_EAG,02b64eb0-8ab2-4930-b181-65db272328c8,34.83312,-69.09648,4.74907,6.03407,0.32726,-14.03888,-0.77258,2.95657,-2.42842,47.752942,2.48693,130.2578,-14.60308,NA,NA,NA,NA,NA,NA,3.08444,11.29671,-20.01316,NA,NA,NA,NA,NA,NA,0.10911,-31.59862,-0.77545,NA,NA,NA,NA,NA,NA,NA,NA,NA,NA,NA,NA,NA,NA,NA,NA,NA,NA,NA,NA,NA,NA,NA,NA,NA,NA,NA,NA,High,High,High,High,High,NA,NA,NA,NA,NA,NA,NA,NA,NA,NA,NA,NA,NA,NA,NA,NA,NA,NA,NA,NA,NA,NA,NA,NA,NA,NA,NA,NA,NA,NA,NA,NA,NA,NA,NA,NA,NA,NA,NA,NA,NA,NA,NA,NA,NA,NA
NA,NA,NA,NA,NA,NA,NA,NA,NA,NA,NA,NA,NA,NA,NA,NA,95,2025-10-08,13:52:48,NA,NA,NA,NA,Undefined,CAR_EAG,"Nathan, Cole",1000323259,Right,CAR_EAG,Undefined,1,Bottom,0,0,0,Undefined,Changeup,Undefined,Undefined,Undefined,Undefined,0,0,NA,48.91885,0.016688,-3.048123,1263.205684,237.600221,02:00:00,6.0426,0.67302,25.51589,-40.17951,5.583,6.89032,2.7041,-0.54077,46.2419,-11.562524,-1.087265,0.486885,81.77435,20.316615,27.635506,3328.223317,93.91502,28.65405,57.27074,240.41223,233.19733,35.223611,2.826523,-9.73213,7.82591,-1.55938,50,5.46176,4.8411,-73.75993,5.71485,-5.23588,10.68969,-27.96371,CAR_EAG,NA,CarsonNewman,NA,NA,20251008-CarsonNewman-BP-1,9b072ff0-a46f-11f0-b415-636602e020f2,77.4155,29.30196,NA,2.67695,NA,NA,NA,1.38953,2.76891,0.54394,d1063248-16c1-4edd-b41f-f498c213e11a,2025-10-08,17:52:48,2025-10-08T17:52:48Z,2025-10-08T17:52:48Z,LineDrive,v3,CNE,NA,NA,NA,NA,Undefined,CAR_EAG,6b36a76a-69d8-4018-b82b-219be5238e55,34.99036,-71.55159,5.34485,6.04565,-0.06206,-13.98186,-0.67101,3.75944,-2.61794,236.31046,1.38944,99.64674,-18.69708,4.7444,-1.16976,0.29186,-0.0705,0.01138,-7e-4,2.76895,41.64116,-17.46934,0.88342,0.01428,-0.01868,-0.00364,0.0047,-8.1e-4,0.54391,52.1718,-0.16279,-0.99039,0.39767,-0.09447,0.01455,-0.00102,1e-5,NA,NA,NA,NA,NA,NA,NA,NA,NA,NA,NA,NA,NA,NA,NA,NA,NA,NA,NA,NA,NA,NA,High,High,High,High,High,NA,NA,NA,NA,NA,NA,NA,NA,NA,NA,NA,NA,NA,NA,NA,NA,NA,NA,NA,NA,NA,NA,NA,NA,NA,NA,NA,NA,NA,NA,NA,NA,NA,NA,NA,NA,NA,NA,NA,NA,NA,NA,NA,NA,NA,NA
NA,NA,NA,NA,NA,NA,NA,NA,NA,NA,NA,NA,NA,NA,NA,NA,96,2025-10-08,13:53:02,NA,NA,NA,NA,Undefined,CAR_EAG,"Nathan, Cole",1000323259,Right,CAR_EAG,Undefined,1,Bottom,0,0,0,Undefined,Changeup,Undefined,Undefined,Undefined,Undefined,0,0,NA,47.69678,0.050432,-2.152872,1125.155191,214.269945,01:15:00,6.33386,0.59557,25.49717,-40.23207,8.34371,4.71236,3.01078,-0.27468,44.72682,-11.590181,-0.811652,0.501627,NA,NA,NA,NA,NA,NA,NA,NA,NA,NA,NA,-6.7317,11.35705,-1.21666,50,5.75035,3.3083,-72.15276,5.56479,-3.4189600000000002,11.25134,-26.40593,CAR_EAG,NA,CarsonNewman,NA,NA,20251008-CarsonNewman-BP-1,a346d9e0-a46f-11f0-b415-636602e020f2,75.1403,NA,NA,2.96995,NA,NA,NA,NA,NA,NA,d1063248-16c1-4edd-b41f-f498c213e11a,2025-10-08,17:53:02,2025-10-08T17:53:02Z,2025-10-08T17:53:02Z,NA,v3,CNE,NA,NA,NA,NA,Undefined,CAR_EAG,b2f327db-e6da-4e2b-a4d7-391140b62f58,35.00769,-69.77574,5.62567,6.33671,-0.01387,-13.20296,-0.59403,2.58599,-1.7094800000000001,NA,NA,NA,NA,NA,NA,NA,NA,NA,NA,NA,NA,NA,NA,NA,NA,NA,NA,NA,NA,NA,NA,NA,NA,NA,NA,NA,NA,NA,NA,NA,NA,NA,NA,NA,NA,NA,NA,NA,NA,NA,NA,NA,NA,NA,NA,NA,NA,NA,NA,High,High,High,NA,NA,NA,NA,NA,NA,NA,NA,NA,NA,NA,NA,NA,NA,NA,NA,NA,NA,NA,NA,NA,NA,NA,NA,NA,NA,NA,NA,NA,NA,NA,NA,NA,NA,NA,NA,NA,NA,NA,NA,NA,NA,NA,NA,NA,NA,NA,NA
NA,NA,NA,NA,NA,NA,NA,NA,NA,NA,NA,NA,NA,NA,NA,NA,97,2025-10-08,13:53:07,NA,NA,NA,NA,Undefined,CAR_EAG,"Kilgore, Tanner",814348,Right,CAR_EAG,Undefined,1,Bottom,0,0,0,Undefined,Changeup,Undefined,Undefined,Undefined,Undefined,0,0,NA,47.284910000000004,-0.582848,-2.963211,1215.785761,226.738036,01:30:00,6.00214,0.8243,25.51748,-42.92908,5.90229,4.94441,2.0827,-0.50167,45.06568,-12.884169,-1.55466,0.502945,92.20384,10.676632,-8.552664,1876.523803,108.78415,12.99582,-16.30919,202.60217,202.60217,-9.05892,1.856974,-7.26024,8.40871,-1.66581,50,5.53364,4.33248,-71.234,5.19102,-3.6586,9.65314,-27.93671,CAR_EAG,NA,CarsonNewman,NA,NA,20251008-CarsonNewman-BP-1,a638f0c0-a46f-11f0-b415-636602e020f2,74.9434,13.01906,NA,2.21923,NA,NA,NA,2.27552,2.35319,0.50509,d1063248-16c1-4edd-b41f-f498c213e11a,2025-10-08,17:53:07,2025-10-08T17:53:07Z,2025-10-08T17:53:07Z,LineDrive,v3,CNE,NA,NA,NA,NA,Undefined,CAR_EAG,f7991a98-8e94-4a04-b833-e5643cf047ff,34.98914,-69.16993,4.82657,6.00496,-0.78252,-13.96836,-0.82306,3.55018,-1.8293,164.243845,2.27552,131.41318,-18.80901,4.05589,-0.85392,0.17608,-0.03453,0.00521,-4.1e-4,2.35319,25.05389,-15.27896,0.73214,-0.08948,0.00754,6.5e-4,-1.1e-4,1e-5,0.50509,-19.76334,1.58844,-0.23117,0.02881,-0.00231,1.4e-4,1e-5,-0,NA,NA,NA,NA,NA,NA,NA,NA,NA,NA,NA,NA,NA,NA,NA,NA,NA,NA,NA,NA,NA,NA,High,High,High,High,High,NA,NA,NA,NA,NA,NA,NA,NA,NA,NA,NA,NA,NA,NA,NA,NA,NA,NA,NA,NA,NA,NA,NA,NA,NA,NA,NA,NA,NA,NA,NA,NA,NA,NA,NA,NA,NA,NA,NA,NA,NA,NA,NA,NA,NA,NA
NA,NA,NA,NA,NA,NA,NA,NA,NA,NA,NA,NA,NA,NA,NA,NA,98,2025-10-08,13:53:12,NA,NA,NA,NA,Undefined,CAR_EAG,"Kilgore, Tanner",814348,Right,CAR_EAG,Undefined,1,Bottom,0,0,0,Undefined,Changeup,Undefined,Undefined,Undefined,Undefined,0,0,NA,47.30489,0.178306,-2.674811,1182.535249,243.271484,02:00:00,5.95916,0.7372,25.62445,-44.40593,4.46394,6.14323,2.36293,-0.31446,44.64891,-12.646424,-0.918422,0.503144,92.63012,22.870097,-13.867319,1333.400155,107.07829,38.90092,-25.18259,328.51983,328.51983,-13.252951,3.69261,-8.80646,6.38973,-1.52296,50,5.26775,4.13935,-71.53412,6.34622,-4.41248,10.78895,-28.97248,CAR_EAG,NA,CarsonNewman,NA,NA,20251008-CarsonNewman-BP-1,a9173180-a46f-11f0-b415-636602e020f2,74.91388,47.54117,NA,2.65598,NA,NA,NA,2.71822,2.73545,0.29613,d1063248-16c1-4edd-b41f-f498c213e11a,2025-10-08,17:53:12,2025-10-08T17:53:12Z,2025-10-08T17:53:12Z,LineDrive,v3,CNE,NA,NA,NA,NA,Undefined,CAR_EAG,8ca93a7c-90c4-4d23-b177-31379d1607d8,34.88209,-69.21646,5.39448,5.96254,0.12239,-14.48624,-0.73556,3.19147,-2.20624,183.01442,2.71816,121.52976,-18.123169999999998,4.1107,-0.84821,0.15464,-0.02082,0.0013,2e-5,2.73544,52.80097,-16.98813,1.07136,-0.19795,0.0531,-0.01681,0.00362,-3.2e-4,0.29615,-30.00204,4.84182,-1.09884,0.22685,-0.04138,0.00558,-3.5e-4,-0,NA,NA,NA,NA,NA,NA,NA,NA,NA,NA,NA,NA,NA,NA,NA,NA,NA,NA,NA,NA,NA,NA,High,High,High,High,Medium,NA,NA,NA,NA,NA,NA,NA,NA,NA,NA,NA,NA,NA,NA,NA,NA,NA,NA,NA,NA,NA,NA,NA,NA,NA,NA,NA,NA,NA,NA,NA,NA,NA,NA,NA,NA,NA,NA,NA,NA,NA,NA,NA,NA,NA,NA
NA,NA,NA,NA,NA,NA,NA,NA,NA,NA,NA,NA,NA,NA,NA,NA,99,2025-10-08,13:53:18,NA,NA,NA,NA,Undefined,CAR_EAG,"Kilgore, Tanner",814348,Right,CAR_EAG,Undefined,1,Bottom,0,0,0,Undefined,Changeup,Undefined,Undefined,Undefined,Undefined,0,0,NA,46.74593,1.588689,-1.89549,1163.844484,241.229766,02:00:00,6.02877,0.75151,25.56547,-45.37888,4.88398,6.31575,3.1776,0.16824,43.89988,-11.558233,-0.094772,0.510264,85.4442,12.370562,-38.312377,1193.054889,85.09826,8.87385,-69.70076,148.63519,118.31381,-40.519678,1.400729,-8.70745,6.35528,-1.33012,50,4.95932,3.14113,-70.71054,8.10168,-4.25662,10.64971,-29.06728,CAR_EAG,NA,CarsonNewman,NA,NA,20251008-CarsonNewman-BP-1,acc6cc00-a46f-11f0-b415-636602e020f2,73.86849,11.51313,NA,2.84605,NA,NA,NA,3.42716,3.5173,-3e-5,d1063248-16c1-4edd-b41f-f498c213e11a,2025-10-08,17:53:18,2025-10-08T17:53:18Z,2025-10-08T17:53:18Z,LineDrive,v3,CNE,NA,NA,NA,NA,Undefined,CAR_EAG,6a2df687-984b-4fec-81ac-6cc8e93b719c,34.94093,-68.40491,5.32486,6.03211,1.80868,-14.53364,-0.74983,2.21958,-2.12831,NA,3.42716,96.04681,-15.41805,2.56116,-0.59098,0.1245,-0.02655,0.00475,-4.5e-4,3.5173,26.8473,-24.0648,2.87038,-0.62318,0.14397,-0.02901,0.00507,-5.1e-4,-3e-5,-75.8869,6.11848,-1.09161,0.24418,-0.05249,0.01107,-0.00195,1.9e-4,NA,NA,NA,NA,NA,NA,NA,NA,NA,NA,NA,NA,NA,NA,NA,NA,NA,NA,NA,NA,NA,NA,High,High,High,High,High,NA,NA,NA,NA,NA,NA,NA,NA,NA,NA,NA,NA,NA,NA,NA,NA,NA,NA,NA,NA,NA,NA,NA,NA,NA,NA,NA,NA,NA,NA,NA,NA,NA,NA,NA,NA,NA,NA,NA,NA,NA,NA,NA,NA,NA,NA
NA,NA,NA,NA,NA,NA,NA,NA,NA,NA,NA,NA,NA,NA,NA,NA,100,2025-10-08,13:53:24,NA,NA,NA,NA,Undefined,CAR_EAG,"Kilgore, Tanner",814348,Right,CAR_EAG,Undefined,1,Bottom,0,0,0,Undefined,Changeup,Undefined,Undefined,Undefined,Undefined,0,0,NA,47.50295,-0.002011,-2.431813,1213.943772,236.309368,02:00:00,6.11416,0.75142,25.46297,-42.93553,6.5952,7.50201,2.53501,-0.05163,44.25816,-12.416547,-0.297095,0.506534,87.61027,26.814813,-14.538366,1700.791247,107.0552,46.65285,-25.28146,326.59561,326.59561,-12.428865,4.027927,-10.41008,9.16843,-1.47606,50,5.52173,3.98985,-72.08333,5.73508,-5.2014,12.29861,-27.59304,CAR_EAG,NA,CarsonNewman,NA,NA,20251008-CarsonNewman-BP-1,b00bbdd0-a46f-11f0-b415-636602e020f2,74.41241,56.64788,NA,3.24479,NA,NA,NA,2.49881,2.91373,0.06079,d1063248-16c1-4edd-b41f-f498c213e11a,2025-10-08,17:53:24,2025-10-08T17:53:24Z,2025-10-08T17:53:24Z,LineDrive,v3,CNE,NA,NA,NA,NA,Undefined,CAR_EAG,ccd9def9-a4cb-4189-b5a0-ce9993ad6d9b,35.04225,-69.48444,6.1493,6.11757,-0.09576,-13.79652,-0.74907,2.89071,-2.6007,195.773363,2.49864,111.0123,-16.36996,3.90025,-0.92496,0.256,-0.06462,0.01008,-6.6e-4,2.91428,57.94803,-16.82232,0.54903,0.25923,-0.21141,0.07094,-0.01128,6.9e-4,0.06057,-28.7821,6.38244,-1.73444,0.40746,-0.09694,0.0213,-0.00315,2e-4,NA,NA,NA,NA,NA,NA,NA,NA,NA,NA,NA,NA,NA,NA,NA,NA,NA,NA,NA,NA,NA,NA,High,High,High,High,High,NA,NA,NA,NA,NA,NA,NA,NA,NA,NA,NA,NA,NA,NA,NA,NA,NA,NA,NA,NA,NA,NA,NA,NA,NA,NA,NA,NA,NA,NA,NA,NA,NA,NA,NA,NA,NA,NA,NA,NA,NA,NA,NA,NA,NA,NA
NA,NA,NA,NA,NA,NA,NA,NA,NA,NA,NA,NA,NA,NA,NA,NA,101,2025-10-08,13:53:33,NA,NA,NA,NA,Undefined,CAR_EAG,"Kilgore, Tanner",814348,Right,CAR_EAG,Undefined,1,Bottom,0,0,0,Undefined,Changeup,Undefined,Undefined,Undefined,Undefined,0,0,NA,45.32983,0.243057,-1.789224,1122.790578,230.524249,01:45:00,6.08709,0.64927,25.6205,-46.51369,6.34552,6.01957,2.35302,0.10528,43.15701,-13.149361,-0.066853,0.523277,NA,NA,NA,NA,NA,NA,NA,NA,NA,NA,NA,-8.33804,8.69382,-1.20255,50,5.33535,2.90595,-68.45006,6.52016,-3.85975,9.26814,-28.14961,CAR_EAG,NA,CarsonNewman,NA,NA,20251008-CarsonNewman-BP-1,b5bb9520-a46f-11f0-b415-636602e020f2,72.03152,NA,NA,2.17281,NA,NA,NA,NA,NA,NA,d1063248-16c1-4edd-b41f-f498c213e11a,2025-10-08,17:53:33,2025-10-08T17:53:33Z,2025-10-08T17:53:33Z,NA,v3,CNE,NA,NA,NA,NA,Undefined,CAR_EAG,1333bd00-91d2-42ff-a003-d52cdfc8d055,34.88643,-66.37214,4.63407,6.0897,0.20901,-14.0748,-0.64804,2.04059,-1.92988,NA,NA,NA,NA,NA,NA,NA,NA,NA,NA,NA,NA,NA,NA,NA,NA,NA,NA,NA,NA,NA,NA,NA,NA,NA,NA,NA,NA,NA,NA,NA,NA,NA,NA,NA,NA,NA,NA,NA,NA,NA,NA,NA,NA,NA,NA,NA,NA,NA,NA,High,High,High,NA,NA,NA,NA,NA,NA,NA,NA,NA,NA,NA,NA,NA,NA,NA,NA,NA,NA,NA,NA,NA,NA,NA,NA,NA,NA,NA,NA,NA,NA,NA,NA,NA,NA,NA,NA,NA,NA,NA,NA,NA,NA,NA,NA,NA,NA,NA,NA
NA,NA,NA,NA,NA,NA,NA,NA,NA,NA,NA,NA,NA,NA,NA,NA,102,2025-10-08,13:53:38,NA,NA,NA,NA,Undefined,CAR_EAG,"Kilgore, Tanner",814348,Right,CAR_EAG,Undefined,1,Bottom,0,0,0,Undefined,Changeup,Undefined,Undefined,Undefined,Undefined,0,0,NA,48.54311,-0.263495,-1.853841,1245.906608,221.991846,01:30:00,6.04635,0.65759,25.77127,-38.25569,7.1263,5.42461,2.70506,0.03112,46.20796,-11.35546,-0.296398,0.484857,44.7012,45.618702,35.781703,4541.264869,NA,NA,NA,109.51506,108.19107,35.985842,2.842054,-7.56225,9.95272,-1.2264,50,5.52933,3.12041,-73.12482,5.29612,-4.03885,9.71994,-26.85848,CAR_EAG,NA,CarsonNewman,NA,NA,20251008-CarsonNewman-BP-1,b8546870-a46f-11f0-b415-636602e020f2,77.73935,33.88872,NA,2.33515,NA,NA,NA,1.66606,3.20264,0.32422,d1063248-16c1-4edd-b41f-f498c213e11a,2025-10-08,17:53:38,2025-10-08T17:53:38Z,2025-10-08T17:53:38Z,GroundBall,v3,CNE,NA,NA,NA,NA,Undefined,CAR_EAG,61412ff2-17d4-4604-8b71-3bec8034762d,34.73513,-71.06682,4.85997,6.04866,-0.39063,-13.42924,-0.65624,2.26526,-2.01943,173.532401,1.66601,37.20515,-3.97732,1.08147,-0.53198,0.40018,-0.20987,0.05633,-0.00581,3.20294,46.84382,-19.12426,0.98492,0.18712,-0.29887,0.12822,-0.02316,0.00137,0.32388,26.82842,-3.17308,1.39842,-0.93346,0.65634,-0.30192,0.07256,-0.00683,NA,NA,NA,NA,NA,NA,NA,NA,NA,NA,NA,NA,NA,NA,NA,NA,NA,NA,NA,NA,NA,NA,High,High,High,Medium,High,NA,NA,NA,NA,NA,NA,NA,NA,NA,NA,NA,NA,NA,NA,NA,NA,NA,NA,NA,NA,NA,NA,NA,NA,NA,NA,NA,NA,NA,NA,NA,NA,NA,NA,NA,NA,NA,NA,NA,NA,NA,NA,NA,NA,NA,NA
NA,NA,NA,NA,NA,NA,NA,NA,NA,NA,NA,NA,NA,NA,NA,NA,103,2025-10-08,13:53:42,NA,NA,NA,NA,Undefined,CAR_EAG,"Kilgore, Tanner",814348,Right,CAR_EAG,Undefined,1,Bottom,0,0,0,Undefined,Changeup,Undefined,Undefined,Undefined,Undefined,0,0,NA,48.12726,0.473354,-2.346116,1344.736682,236.488528,02:00:00,5.98083,0.67421,25.74686,-40.09337,5.97898,7.44288,2.91545,-0.07175,45.94388,-11.135637,-0.211995,0.48853,88.40531,22.342506,-18.276352,1522.414873,104.84485,38.45118,-33.27903,345.29438,345.29438,-17.327361,3.826198,-10.29229,8.19611,-1.40255,50,5.23834,3.99907,-72.38127,6.46281,-5.41941,9.03683,-27.85837,CAR_EAG,NA,CarsonNewman,NA,NA,20251008-CarsonNewman-BP-1,bade6eb0-a46f-11f0-b415-636602e020f2,77.15475,47.29589,NA,2.18338,NA,NA,NA,2.36201,3.23589,0.09116,d1063248-16c1-4edd-b41f-f498c213e11a,2025-10-08,17:53:42,2025-10-08T17:53:42Z,2025-10-08T17:53:42Z,LineDrive,v3,CNE,NA,NA,NA,NA,Undefined,CAR_EAG,b00c0918-d60c-4f31-abbc-1f8a8acee648,34.76027,-70.4529,4.51841,5.98317,0.5181,-13.92919,-0.67257,2.84262,-2.7097,184.057851,2.36172,113.88798,-13.99417,3.19983,-0.79934,0.24411,-0.06723,0.01124,-7.8e-4,3.23652,49.26891,-14.34368,0.11545,0.33286,-0.22518,0.07775,-0.01329,8.8e-4,0.09129,-37.61386,5.16921,-1.14399,0.29021,-0.09433,0.02721,-0.00463,3.2e-4,NA,NA,NA,NA,NA,NA,NA,NA,NA,NA,NA,NA,NA,NA,NA,NA,NA,NA,NA,NA,NA,NA,High,High,High,High,High,NA,NA,NA,NA,NA,NA,NA,NA,NA,NA,NA,NA,NA,NA,NA,NA,NA,NA,NA,NA,NA,NA,NA,NA,NA,NA,NA,NA,NA,NA,NA,NA,NA,NA,NA,NA,NA,NA,NA,NA,NA,NA,NA,NA,NA,NA
NA,NA,NA,NA,NA,NA,NA,NA,NA,NA,NA,NA,NA,NA,NA,NA,104,2025-10-08,13:53:47,NA,NA,NA,NA,Undefined,CAR_EAG,"Kilgore, Tanner",814348,Right,CAR_EAG,Undefined,1,Bottom,0,0,0,Undefined,Changeup,Undefined,Undefined,Undefined,Undefined,0,0,NA,47.33565,-0.093335,-2.198774,1213.685591,212.433956,01:00:00,6.17466,0.67548,26.19985,-38.38971,8.22559,4.48681,2.9219,-0.21354,44.98347,-11.380623,-0.894798,0.491401,74.48672,41.048163,-26.176385,NA,98.81036,73.49232,-48.33741,270.39932,260.85377,-26.995685,4.70251,-6.64217,11.60032,-1.34523,50,5.56067,3.38303,-71.41555,5.69411,-3.3693,9.58909,-26.28968,CAR_EAG,NA,CarsonNewman,NA,NA,20251008-CarsonNewman-BP-1,be2de7d0-a46f-11f0-b415-636602e020f2,76.7041,80.20626,NA,2.35217,NA,NA,NA,2.33975,3.31732,0.19567,d1063248-16c1-4edd-b41f-f498c213e11a,2025-10-08,17:53:47,2025-10-08T17:53:47Z,2025-10-08T17:53:47Z,FlyBall,v3,CNE,NA,NA,NA,NA,Undefined,CAR_EAG,a647868f-216d-42cc-9dd5-40319954f92d,34.30635,-69.27629,4.79454,6.17676,-0.17093,-13.14484,-0.67434,2.63137,-1.68465,175.171187,2.34197,73.88881,-10.67761,2.09845,-0.13743,-0.07312,0.02473,-0.00307,1.4e-4,3.31645,71.75719,-18.96901,1.45947,-0.25193,0.01051,0.00977,-0.0023,1.5e-4,0.19462,-36.32098,4.59824,-0.86546,0.0372,0.03922,-0.01211,0.00146,-7e-5,NA,NA,NA,NA,NA,NA,NA,NA,NA,NA,NA,NA,NA,NA,NA,NA,NA,NA,NA,NA,NA,NA,High,High,High,High,Medium,NA,NA,NA,NA,NA,NA,NA,NA,NA,NA,NA,NA,NA,NA,NA,NA,NA,NA,NA,NA,NA,NA,NA,NA,NA,NA,NA,NA,NA,NA,NA,NA,NA,NA,NA,NA,NA,NA,NA,NA,NA,NA,NA,NA,NA,NA
NA,NA,NA,NA,NA,NA,NA,NA,NA,NA,NA,NA,NA,NA,NA,NA,105,2025-10-08,13:53:52,NA,NA,NA,NA,Undefined,CAR_EAG,"Kilgore, Tanner",814348,Right,CAR_EAG,Undefined,1,Bottom,0,0,0,Undefined,Changeup,Undefined,Undefined,Undefined,Undefined,0,0,NA,47.4148,-1.618465,-5.261777,1218.166769,243.987459,02:15:00,6.09999,0.70734,25.6602,-43.78849,4.57386,6.85689,1.50231,-1.80022,45.41549,-14.123252,-3.306005,0.500524,NA,NA,NA,NA,NA,NA,NA,NA,NA,NA,NA,-10.45823,7.21071,-2.19423,50,5.88247,7.46338,-71.18174,4.10527,-5.27719,9.43023,-28.53553,CAR_EAG,NA,CarsonNewman,NA,NA,20251008-CarsonNewman-BP-1,c0bb2260-a46f-11f0-b415-636602e020f2,75.30595,NA,NA,1.99932,NA,NA,NA,NA,NA,NA,d1063248-16c1-4edd-b41f-f498c213e11a,2025-10-08,17:53:52,2025-10-08T17:53:52Z,2025-10-08T17:53:52Z,NA,v3,CNE,NA,NA,NA,NA,Undefined,CAR_EAG,9927b50f-069c-41f4-aee7-ce6b63650c7f,34.84662,-69.14507,4.71511,6.10359,-2.05763,-14.26777,-0.70542,6.32365,-2.63859,NA,NA,NA,NA,NA,NA,NA,NA,NA,NA,NA,NA,NA,NA,NA,NA,NA,NA,NA,NA,NA,NA,NA,NA,NA,NA,NA,NA,NA,NA,NA,NA,NA,NA,NA,NA,NA,NA,NA,NA,NA,NA,NA,NA,NA,NA,NA,NA,NA,NA,High,High,High,NA,NA,NA,NA,NA,NA,NA,NA,NA,NA,NA,NA,NA,NA,NA,NA,NA,NA,NA,NA,NA,NA,NA,NA,NA,NA,NA,NA,NA,NA,NA,NA,NA,NA,NA,NA,NA,NA,NA,NA,NA,NA,NA,NA,NA,NA,NA,NA
NA,NA,NA,NA,NA,NA,NA,NA,NA,NA,NA,NA,NA,NA,NA,NA,106,2025-10-08,13:53:56,NA,NA,NA,NA,Undefined,CAR_EAG,"Kilgore, Tanner",814348,Right,CAR_EAG,Undefined,1,Bottom,0,0,0,Undefined,Changeup,Undefined,Undefined,Undefined,Undefined,0,0,NA,47.88385,1.177463,-2.895777,1161.501924,212.596432,01:00:00,5.99294,0.78439,25.70039,-41.03195,6.91441,3.47721,3.26082,-0.61497,44.52456,-10.813661,-1.902126,0.498367,81.03759,3.584349,-25.518976,1496.024591,NA,NA,NA,72.52663,69.63742,-25.864518,0.633034,-5.60744,9.1403199999999991,-1.59676,50,5.081,4.12105,-72.57801,7.22564,-2.8541,12.10757,-27.52178,CAR_EAG,NA,CarsonNewman,NA,NA,20251008-CarsonNewman-BP-1,c35bbde0-a46f-11f0-b415-636602e020f2,75.6319,4.1675,NA,3.35929,NA,NA,NA,2.73782,3.52491,0.5084,d1063248-16c1-4edd-b41f-f498c213e11a,2025-10-08,17:53:56,2025-10-08T17:53:56Z,2025-10-08T17:53:56Z,GroundBall,v3,CNE,NA,NA,NA,NA,Undefined,CAR_EAG,304a36d3-3e2f-420a-9848-58f39468200c,34.80476,-69.99724,6.05378,5.99595,1.35926,-13.76089,-0.78318,3.51268,-1.42705,53.657212,2.75234,106.74093,-12.66438,NA,NA,NA,NA,NA,NA,3.54719,6.95779,-19.89555,NA,NA,NA,NA,NA,NA,0.51504,-51.24569,0.69789,NA,NA,NA,NA,NA,NA,NA,NA,NA,NA,NA,NA,NA,NA,NA,NA,NA,NA,NA,NA,NA,NA,NA,NA,NA,NA,NA,NA,High,High,High,High,High,NA,NA,NA,NA,NA,NA,NA,NA,NA,NA,NA,NA,NA,NA,NA,NA,NA,NA,NA,NA,NA,NA,NA,NA,NA,NA,NA,NA,NA,NA,NA,NA,NA,NA,NA,NA,NA,NA,NA,NA,NA,NA,NA,NA,NA,NA
NA,NA,NA,NA,NA,NA,NA,NA,NA,NA,NA,NA,NA,NA,NA,NA,107,2025-10-08,13:54:02,NA,NA,NA,NA,Undefined,CAR_EAG,"Kilgore, Tanner",814348,Right,CAR_EAG,Undefined,1,Bottom,0,0,0,Undefined,Changeup,Undefined,Undefined,Undefined,Undefined,0,0,NA,48.50175,0.531692,-3.206584,1269.513545,222.466755,01:30:00,6.00494,0.74398,25.75583,-39.50786,6.13784,4.59378,3.02248,-0.74089,46.02659,-10.932679,-1.891499,0.486263,NA,NA,NA,NA,NA,NA,NA,NA,NA,NA,NA,-6.92638,8.41792,-1.66081,50,5.2609,4.72322,-73.0123,6.45826,-3.68177,9.82107,-27.69945,CAR_EAG,NA,CarsonNewman,NA,NA,20251008-CarsonNewman-BP-1,c6ae6b50-a46f-11f0-b415-636602e020f2,77.51449,NA,NA,2.47516,NA,NA,NA,NA,NA,NA,d1063248-16c1-4edd-b41f-f498c213e11a,2025-10-08,17:54:02,2025-10-08T17:54:02Z,2025-10-08T17:54:02Z,NA,v3,CNE,NA,NA,NA,NA,Undefined,CAR_EAG,506c068d-1e85-4276-b8c8-2c0420c207db,34.75063,-70.93141,4.91053,6.00752,0.58932,-13.84972,-0.7427,3.94312,-1.84089,NA,NA,NA,NA,NA,NA,NA,NA,NA,NA,NA,NA,NA,NA,NA,NA,NA,NA,NA,NA,NA,NA,NA,NA,NA,NA,NA,NA,NA,NA,NA,NA,NA,NA,NA,NA,NA,NA,NA,NA,NA,NA,NA,NA,NA,NA,NA,NA,NA,NA,High,High,High,NA,NA,NA,NA,NA,NA,NA,NA,NA,NA,NA,NA,NA,NA,NA,NA,NA,NA,NA,NA,NA,NA,NA,NA,NA,NA,NA,NA,NA,NA,NA,NA,NA,NA,NA,NA,NA,NA,NA,NA,NA,NA,NA,NA,NA,NA,NA,NA
NA,NA,NA,NA,NA,NA,NA,NA,NA,NA,NA,NA,NA,NA,NA,NA,108,2025-10-08,13:54:11,NA,NA,NA,NA,Undefined,CAR_EAG,"Carruthers, Wade",1000300075,Right,CAR_EAG,Undefined,1,Bottom,0,0,0,Undefined,Changeup,Undefined,Undefined,Undefined,Undefined,0,0,NA,46.2384,-0.166276,-2.354101,1191.98131,231.241828,01:45:00,6.11214,0.72389,25.48418,-44.03546,7.79162,7.7628,2.3449,-0.01086,43.47703,-12.857884,-0.143507,0.518143,NA,NA,NA,NA,NA,NA,NA,NA,NA,NA,NA,-10.79382,10.58902,-1.43889,50,5.53012,3.85386,-70.03994,5.63691,-5.14244,10.91982,-27.12919,CAR_EAG,NA,CarsonNewman,NA,NA,20251008-CarsonNewman-BP-1,cc4ba500-a46f-11f0-b415-636602e020f2,72.74522,NA,NA,2.76136,NA,NA,NA,NA,NA,NA,d1063248-16c1-4edd-b41f-f498c213e11a,2025-10-08,17:54:11,2025-10-08T17:54:11Z,2025-10-08T17:54:11Z,NA,v3,CNE,NA,NA,NA,NA,Undefined,CAR_EAG,5e98cb0b-e5b3-43c7-9cb0-d50be629334d,35.02234,-67.66451,5.45991,6.11445,-0.2646,-13.56459,-0.72222,2.73521,-2.57122,NA,NA,NA,NA,NA,NA,NA,NA,NA,NA,NA,NA,NA,NA,NA,NA,NA,NA,NA,NA,NA,NA,NA,NA,NA,NA,NA,NA,NA,NA,NA,NA,NA,NA,NA,NA,NA,NA,NA,NA,NA,NA,NA,NA,NA,NA,NA,NA,NA,NA,High,High,High,NA,NA,NA,NA,NA,NA,NA,NA,NA,NA,NA,NA,NA,NA,NA,NA,NA,NA,NA,NA,NA,NA,NA,NA,NA,NA,NA,NA,NA,NA,NA,NA,NA,NA,NA,NA,NA,NA,NA,NA,NA,NA,NA,NA,NA,NA,NA,NA
NA,NA,NA,NA,NA,NA,NA,NA,NA,NA,NA,NA,NA,NA,NA,NA,109,2025-10-08,13:54:16,NA,NA,NA,NA,Undefined,CAR_EAG,"Carruthers, Wade",1000300075,Right,CAR_EAG,Undefined,1,Bottom,0,0,0,Undefined,Changeup,Undefined,Undefined,Undefined,Undefined,0,0,NA,45.632,1.702295,-2.404267,1138.572637,230.431882,01:45:00,6.13669,0.77914,25.63204,-45.66286,6.2341,6.02508,3.32677,-0.12369,43.40147,-11.495943,-0.684218,0.518492,NA,NA,NA,NA,NA,NA,NA,NA,NA,NA,NA,-8.54784,7.96682,-1.49775,50,4.99987,3.67264,-68.71744,8.27386,-4.02411,8.71206,-28.42347,CAR_EAG,NA,CarsonNewman,NA,NA,20251008-CarsonNewman-BP-1,cf2c08a0-a46f-11f0-b415-636602e020f2,72.69625,NA,NA,2.23053,NA,NA,NA,NA,NA,NA,d1063248-16c1-4edd-b41f-f498c213e11a,2025-10-08,17:54:16,2025-10-08T17:54:16Z,2025-10-08T17:54:16Z,NA,v3,CNE,NA,NA,NA,NA,Undefined,CAR_EAG,4297786c-35d5-4e7e-8b65-4e2e8a99eb75,34.87545,-66.77241,4.35603,6.1387,1.92811,-14.21173,-0.77809,2.77423,-2.01205,NA,NA,NA,NA,NA,NA,NA,NA,NA,NA,NA,NA,NA,NA,NA,NA,NA,NA,NA,NA,NA,NA,NA,NA,NA,NA,NA,NA,NA,NA,NA,NA,NA,NA,NA,NA,NA,NA,NA,NA,NA,NA,NA,NA,NA,NA,NA,NA,NA,NA,High,High,High,NA,NA,NA,NA,NA,NA,NA,NA,NA,NA,NA,NA,NA,NA,NA,NA,NA,NA,NA,NA,NA,NA,NA,NA,NA,NA,NA,NA,NA,NA,NA,NA,NA,NA,NA,NA,NA,NA,NA,NA,NA,NA,NA,NA,NA,NA,NA,NA
NA,NA,NA,NA,NA,NA,NA,NA,NA,NA,NA,NA,NA,NA,NA,NA,110,2025-10-08,13:54:26,NA,NA,NA,NA,Undefined,CAR_EAG,"Carruthers, Wade",1000300075,Right,CAR_EAG,Undefined,1,Bottom,0,0,0,Undefined,Changeup,Undefined,Undefined,Undefined,Undefined,0,0,NA,47.59046,1.489171,-1.938969,1222.005591,241.665636,02:00:00,6.15192,0.74099,25.47289,-42.554,5.59827,8.21552,3.48027,0.28743,45.13454,-10.77552,0.396482,0.499436,62.68731,18.604006,-2.260478,1850.938588,109.99321,12.33477,1.21487,147.9064,147.9064,1.601631,1.90203,-10.98008,7.32134,-1.35302,50,5.14948,3.49481,-71.65128,7.75668,-5.62382,9.41976,-28.42418,CAR_EAG,NA,CarsonNewman,NA,NA,20251008-CarsonNewman-BP-1,d5800f30-a46f-11f0-b415-636602e020f2,75.47002,16.14711,NA,2.45592,NA,NA,NA,1.95085,3.66294,-0.25932,d1063248-16c1-4edd-b41f-f498c213e11a,2025-10-08,17:54:26,2025-10-08T17:54:26Z,2025-10-08T17:54:26Z,LineDrive,v3,CNE,NA,NA,NA,NA,Undefined,CAR_EAG,15b7bd52-6ee9-425c-9bba-845adf76ac93,35.03386,-69.65594,4.70988,6.15484,1.73575,-14.21209,-0.7389,2.30355,-2.81191,263.363624,1.95085,87.06901,-7.29628,1.33922,-0.23345,0.0174,0.00589,-0.00312,5.5e-4,3.66294,29.33169,-18.06477,1.11408,-0.19697,0.0437,-0.0111,0.00385,-5.7e-4,-0.25932,-3.43685,4.44374,-1.12582,0.26484,-0.04437,0.00558,-4e-5,-1.2e-4,NA,NA,NA,NA,NA,NA,NA,NA,NA,NA,NA,NA,NA,NA,NA,NA,NA,NA,NA,NA,NA,NA,High,High,High,High,High,NA,NA,NA,NA,NA,NA,NA,NA,NA,NA,NA,NA,NA,NA,NA,NA,NA,NA,NA,NA,NA,NA,NA,NA,NA,NA,NA,NA,NA,NA,NA,NA,NA,NA,NA,NA,NA,NA,NA,NA,NA,NA,NA,NA,NA,NA
NA,NA,NA,NA,NA,NA,NA,NA,NA,NA,NA,NA,NA,NA,NA,NA,111,2025-10-08,13:54:32,NA,NA,NA,NA,Undefined,CAR_EAG,"Carruthers, Wade",1000300075,Right,CAR_EAG,Undefined,1,Bottom,0,0,0,Undefined,Changeup,Undefined,Undefined,Undefined,Undefined,0,0,NA,46.46444,-0.31476,-2.839108,1199.447764,236.095105,01:45:00,6.05637,0.89115,25.73621,-44.57817,5.29614,5.99713,2.15804,-0.26333,44.34885,-13.164336,-1.118738,0.508288,86.10037,9.850957,-8.487982,2240.803887,NA,NA,NA,121.05069,121.05069,-6.62295,1.085364,-8.63371,7.69363,-1.72774,50,5.46893,4.26201,-70.03928,5.81309,-4.20656,9.32247,-28.42552,CAR_EAG,NA,CarsonNewman,NA,NA,20251008-CarsonNewman-BP-1,d8bd11c0-a46f-11f0-b415-636602e020f2,74.15567,7.38421,NA,2.1156,NA,NA,NA,2.05496,2.3546,0.23759,d1063248-16c1-4edd-b41f-f498c213e11a,2025-10-08,17:54:32,2025-10-08T17:54:32Z,2025-10-08T17:54:32Z,LineDrive,v3,CNE,NA,NA,NA,NA,Undefined,CAR_EAG,71552649-6883-476a-a6bf-829c3105c2b0,34.77046,-67.98196,4.66124,6.0596,-0.45997,-14.21276,-0.88961,3.33369,-2.10328,321.045418,2.05496,123.05571,-15.01327,2.19594,-0.40552,0.05421,-0.00934,0.00133,-8e-5,2.3546,21.60477,-24.41363,2.85015,-0.60982,0.12693,-0.02462,0.00459,-5.1e-4,0.23759,-18.36441,6.8398,-2.36058,0.63423,-0.15348,0.03381,-0.0066,7.2e-4,NA,NA,NA,NA,NA,NA,NA,NA,NA,NA,NA,NA,NA,NA,NA,NA,NA,NA,NA,NA,NA,NA,High,High,High,High,High,NA,NA,NA,NA,NA,NA,NA,NA,NA,NA,NA,NA,NA,NA,NA,NA,NA,NA,NA,NA,NA,NA,NA,NA,NA,NA,NA,NA,NA,NA,NA,NA,NA,NA,NA,NA,NA,NA,NA,NA,NA,NA,NA,NA,NA,NA
NA,NA,NA,NA,NA,NA,NA,NA,NA,NA,NA,NA,NA,NA,NA,NA,112,2025-10-08,13:54:36,NA,NA,NA,NA,Undefined,CAR_EAG,"Carruthers, Wade",1000300075,Right,CAR_EAG,Undefined,1,Bottom,0,0,0,Undefined,Changeup,Undefined,Undefined,Undefined,Undefined,0,0,NA,48.65281,0.002586,-3.43136,1247.938828,235.087825,01:45:00,5.92097,0.90051,25.14478,-41.05175,5.6613,6.61622,2.50153,-0.58368,46.59768,-11.63649,-1.569985,0.491915,NA,NA,NA,NA,NA,NA,NA,NA,NA,NA,NA,-9.09434,7.90233,-1.85603,50,5.36611,5.20884,-72.89754,5.58742,-4.88788,8.66399,-27.92682,CAR_EAG,NA,CarsonNewman,NA,NA,20251008-CarsonNewman-BP-1,db779de0-a46f-11f0-b415-636602e020f2,76.62382,NA,NA,2.05513,NA,NA,NA,NA,NA,NA,d1063248-16c1-4edd-b41f-f498c213e11a,2025-10-08,17:54:36,2025-10-08T17:54:36Z,2025-10-08T17:54:36Z,NA,v3,CNE,NA,NA,NA,NA,Undefined,CAR_EAG,f970c4d1-01d7-4f7e-8b05-c93598d38bf4,35.36101,-71.1364,4.33199,5.92492,-0.0893,-13.96341,-0.8982,4.21527,-2.44394,NA,NA,NA,NA,NA,NA,NA,NA,NA,NA,NA,NA,NA,NA,NA,NA,NA,NA,NA,NA,NA,NA,NA,NA,NA,NA,NA,NA,NA,NA,NA,NA,NA,NA,NA,NA,NA,NA,NA,NA,NA,NA,NA,NA,NA,NA,NA,NA,NA,NA,High,High,High,NA,NA,NA,NA,NA,NA,NA,NA,NA,NA,NA,NA,NA,NA,NA,NA,NA,NA,NA,NA,NA,NA,NA,NA,NA,NA,NA,NA,NA,NA,NA,NA,NA,NA,NA,NA,NA,NA,NA,NA,NA,NA,NA,NA,NA,NA,NA,NA
NA,NA,NA,NA,NA,NA,NA,NA,NA,NA,NA,NA,NA,NA,NA,NA,113,2025-10-08,13:54:43,NA,NA,NA,NA,Undefined,CAR_EAG,"Carruthers, Wade",1000300075,Right,CAR_EAG,Undefined,1,Bottom,0,0,0,Undefined,Changeup,Undefined,Undefined,Undefined,Undefined,0,0,NA,48.74297,0.301978,-2.614457,1277.062972,222.834078,01:30:00,6.14655,0.73746,25.46863,-40.05923,6.56823,4.82378,2.98568,-0.39593,45.63222,-11.281979,-1.243604,0.491465,75.06887,19.720073,35.315816,4155.925796,85.31522,24.73236,69.43547,201.20174,199.96902,42.275658,2.554494,-7.02201,9.01449,-1.47846,50,5.50695,3.98261,-73.71314,5.94238,-3.72187,11.7535,-27.39609,CAR_EAG,NA,CarsonNewman,NA,NA,20251008-CarsonNewman-BP-1,df0b4bf0-a46f-11f0-b415-636602e020f2,76.6941,24.73468,NA,3.11074,NA,NA,NA,1.11472,2.98349,0.38064,d1063248-16c1-4edd-b41f-f498c213e11a,2025-10-08,17:54:43,2025-10-08T17:54:43Z,2025-10-08T17:54:43Z,LineDrive,v3,CNE,NA,NA,NA,NA,Undefined,CAR_EAG,2a45e0ba-2542-4a0c-b6d6-b6e2bbce0fc8,35.03635,-71.28728,5.87675,6.1499,0.28797,-13.69805,-0.73574,3.21443,-1.86094,232.156116,1.11471,84.57257,-17.01458,4.08024,-0.8558,0.13048,-0.01046,-7.7e-4,2.4e-4,2.9835,37.14965,-16.64216,0.68957,-0.02849,0.01203,-0.00951,0.00364,-4.5e-4,0.38066,59.91316,-3.14688,-0.04037,0.1582,-0.05697,0.0133,-0.00192,1.4e-4,NA,NA,NA,NA,NA,NA,NA,NA,NA,NA,NA,NA,NA,NA,NA,NA,NA,NA,NA,NA,NA,NA,High,High,High,High,High,NA,NA,NA,NA,NA,NA,NA,NA,NA,NA,NA,NA,NA,NA,NA,NA,NA,NA,NA,NA,NA,NA,NA,NA,NA,NA,NA,NA,NA,NA,NA,NA,NA,NA,NA,NA,NA,NA,NA,NA,NA,NA,NA,NA,NA,NA
NA,NA,NA,NA,NA,NA,NA,NA,NA,NA,NA,NA,NA,NA,NA,NA,114,2025-10-08,13:54:48,NA,NA,NA,NA,Undefined,CAR_EAG,"Carruthers, Wade",1000300075,Right,CAR_EAG,Undefined,1,Bottom,0,0,0,Undefined,Changeup,Undefined,Undefined,Undefined,Undefined,0,0,NA,47.68001,0.81003,-2.48423,1144.831484,224.370493,01:30:00,6.18364,0.68929,25.44276,-42.17152,5.5641,4.40965,3.14556,-0.40316,45.62298,-11.276154,-1.232117,0.497271,87.69483,19.732009,-9.92536,3243.516578,108.64679,30.19523,-17.20076,283.69021,276.97003,-8.641703,2.968132,-6.30587,7.44185,-1.3955,50,5.35929,3.69159,-71.5936,6.90577,-3.26047,8.55881,-28.32622,CAR_EAG,NA,CarsonNewman,NA,NA,20251008-CarsonNewman-BP-1,e23366f0-a46f-11f0-b415-636602e020f2,75.79865,32.62832,NA,2.05702,NA,NA,NA,2.239,3.39446,0.39882,d1063248-16c1-4edd-b41f-f498c213e11a,2025-10-08,17:54:48,2025-10-08T17:54:48Z,2025-10-08T17:54:48Z,LineDrive,v3,CNE,NA,NA,NA,NA,Undefined,CAR_EAG,c74f84b5-2b2d-4ec4-af11-7a534f06c7bb,35.06431,-69.78524,4.27941,6.18612,0.92083,-14.16311,-0.68829,3.00269,-1.63024,202.132876,2.23902,119.25413,-13.38547,2.56514,-0.44058,0.0241,0.01885,-0.00691,8.1e-4,3.39444,43.4247,-17.45555,1.2326,-0.28988,0.11374,-0.04215,0.01016,-0.00103,0.39883,-20.86943,3.79493,-0.96749,0.22483,-0.04258,0.00609,-5.4e-4,1e-5,NA,NA,NA,NA,NA,NA,NA,NA,NA,NA,NA,NA,NA,NA,NA,NA,NA,NA,NA,NA,NA,NA,High,High,High,High,Medium,NA,NA,NA,NA,NA,NA,NA,NA,NA,NA,NA,NA,NA,NA,NA,NA,NA,NA,NA,NA,NA,NA,NA,NA,NA,NA,NA,NA,NA,NA,NA,NA,NA,NA,NA,NA,NA,NA,NA,NA,NA,NA,NA,NA,NA,NA
NA,NA,NA,NA,NA,NA,NA,NA,NA,NA,NA,NA,NA,NA,NA,NA,115,2025-10-08,13:54:53,NA,NA,NA,NA,Undefined,CAR_EAG,"Carruthers, Wade",1000300075,Right,CAR_EAG,Undefined,1,Bottom,0,0,0,Undefined,Changeup,Undefined,Undefined,Undefined,Undefined,0,0,NA,48.73095,0.240228,-1.288275,1152.904006,229.817619,01:45:00,6.30701,0.6623,25.45132,-40.52502,5.63488,5.25874,3.07102,0.34398,46.11758,-11.42328,0.208099,0.488994,63.95971,43.615245,20.543946,NA,100.24123,60.792230000000004,45.29521,200.80831,189.13027,26.933209,3.912638,-7.05678,7.75426,-1.06483,50,5.6681,2.3475799999999998,-73.53356,6.00159,-3.77732,10.53924,-28.02338,CAR_EAG,NA,CarsonNewman,NA,NA,20251008-CarsonNewman-BP-1,e566cc90-a46f-11f0-b415-636602e020f2,77.08152,60.84316,NA,2.61337,NA,NA,NA,1.5666,3.28476,-0.26496,d1063248-16c1-4edd-b41f-f498c213e11a,2025-10-08,17:54:53,2025-10-08T17:54:53Z,2025-10-08T17:54:53Z,Popup,v3,CNE,NA,NA,NA,NA,Undefined,CAR_EAG,659a4dce-bdbe-4e78-a2f2-434eee0e9172,35.05499,-71.35942,5.26962,6.3099,0.22063,-14.01169,-0.66093,1.56835,-1.88866,213.439919,1.5666,63.59866,-9.68027,2.40226,-0.58112,0.17752,-0.05123,0.00885,-6.2e-4,3.2854,64.68992,-20.37964,1.47461,-0.04021,-0.12344,0.04911,-0.00811,5e-4,-0.265,23.83497,-0.05047,-0.03702,-0.01135,0.01912,-0.00823,0.00152,-1e-4,NA,NA,NA,NA,NA,NA,NA,NA,NA,NA,NA,NA,NA,NA,NA,NA,NA,NA,NA,NA,NA,NA,High,High,High,High,High,NA,NA,NA,NA,NA,NA,NA,NA,NA,NA,NA,NA,NA,NA,NA,NA,NA,NA,NA,NA,NA,NA,NA,NA,NA,NA,NA,NA,NA,NA,NA,NA,NA,NA,NA,NA,NA,NA,NA,NA,NA,NA,NA,NA,NA,NA
NA,NA,NA,NA,NA,NA,NA,NA,NA,NA,NA,NA,NA,NA,NA,NA,116,2025-10-08,13:54:59,NA,NA,NA,NA,Undefined,CAR_EAG,"Carruthers, Wade",1000300075,Right,CAR_EAG,Undefined,1,Bottom,0,0,0,Undefined,Changeup,Undefined,Undefined,Undefined,Undefined,0,0,NA,47.77522,0.262618,-2.63324,1207.913115,219.007823,01:15:00,6.21584,0.70676,25.39544,-39.91589,9.09626,6.12658,3.04414,-0.33248,44.49951,-11.292139,-0.896513,0.503876,68.4621,43.348907,26.865825,NA,94.49349,65.18265,56.31133,206.57594,201.56947,33.956426,4.029609,-8.66827,12.17446,-1.46279,50,5.59687,4.07989,-72.34009,5.69257,-4.39139,11.88802,-26.00641,CAR_EAG,NA,CarsonNewman,NA,NA,20251008-CarsonNewman-BP-1,e9146b40-a46f-11f0-b415-636602e020f2,74.80504,65.26722,NA,3.27571,NA,NA,NA,1.62575,3.24684,0.42395,d1063248-16c1-4edd-b41f-f498c213e11a,2025-10-08,17:54:59,2025-10-08T17:54:59Z,2025-10-08T17:54:59Z,FlyBall,v3,CNE,NA,NA,NA,NA,Undefined,CAR_EAG,ad9d1fe4-9baf-4484-b838-300d01ac2552,35.1088,-69.85009,5.94401,6.21874,0.24541,-13.0032,-0.70457,3.1601,-2.1957,213.011412,1.6259,65.12934,-11.32107,2.3865,-0.41107,0.09924,-0.03168,0.00603,-4.4e-4,3.24701,68.92475,-22.25058,2.39221,-0.48311,0.04326,0.00833,-0.00244,1.7e-4,0.42352,33.01065,-2.02487,0.57142,-0.25577,0.10752,-0.0295,0.00435,-2.6e-4,NA,NA,NA,NA,NA,NA,NA,NA,NA,NA,NA,NA,NA,NA,NA,NA,NA,NA,NA,NA,NA,NA,High,High,High,High,High,NA,NA,NA,NA,NA,NA,NA,NA,NA,NA,NA,NA,NA,NA,NA,NA,NA,NA,NA,NA,NA,NA,NA,NA,NA,NA,NA,NA,NA,NA,NA,NA,NA,NA,NA,NA,NA,NA,NA,NA,NA,NA,NA,NA,NA,NA
NA,NA,NA,NA,NA,NA,NA,NA,NA,NA,NA,NA,NA,NA,NA,NA,117,2025-10-08,13:55:05,NA,NA,NA,NA,Undefined,CAR_EAG,"Carruthers, Wade",1000300075,Right,CAR_EAG,Undefined,1,Bottom,0,0,0,Undefined,Changeup,Undefined,Undefined,Undefined,Undefined,0,0,NA,48.42228,-0.703994,-3.113926,1251.474445,232.808343,01:45:00,6.13047,0.69511,25.69805,-38.75667,6.62953,7.483,2.4898,-0.49805,46.64611,-11.844542,-0.971838,0.484879,88.21537,8.592117,10.15398,1575.127629,107.2276,4.8438,24.54051,139.24191,139.24191,13.586563,1.205948,-10.46359,9.35867,-1.627,50,5.72063,4.99988,-72.56788,4.82226,-5.60328,8.15565,-27.16245,CAR_EAG,NA,CarsonNewman,NA,NA,20251008-CarsonNewman-BP-1,ec9617f0-a46f-11f0-b415-636602e020f2,77.73578,7.49238,NA,1.77618,NA,NA,NA,1.36357,2.4881,0.48592,d1063248-16c1-4edd-b41f-f498c213e11a,2025-10-08,17:55:05,2025-10-08T17:55:05Z,2025-10-08T17:55:05Z,LineDrive,v3,CNE,NA,NA,NA,NA,Undefined,CAR_EAG,8f4f566e-4cf2-4e0d-8ba0-e2494d0dd432,34.80912,-70.84006,4.07782,6.13269,-0.93226,-13.58123,-0.69349,3.81279,-2.80164,279.329062,1.36357,125.92656,-14.98818,2.8038,-0.58562,0.1181,-0.02477,0.00449,-4.6e-4,2.4881,19.32963,-19.53623,1.86031,-0.39068,0.08551,-0.01666,0.00306,-3.3e-4,0.48592,22.55336,4.29557,-0.87771,0.18761,-0.03859,0.00789,-0.0014,1.4e-4,NA,NA,NA,NA,NA,NA,NA,NA,NA,NA,NA,NA,NA,NA,NA,NA,NA,NA,NA,NA,NA,NA,High,High,High,High,High,NA,NA,NA,NA,NA,NA,NA,NA,NA,NA,NA,NA,NA,NA,NA,NA,NA,NA,NA,NA,NA,NA,NA,NA,NA,NA,NA,NA,NA,NA,NA,NA,NA,NA,NA,NA,NA,NA,NA,NA,NA,NA,NA,NA,NA,NA
NA,NA,NA,NA,NA,NA,NA,NA,NA,NA,NA,NA,NA,NA,NA,NA,118,2025-10-08,13:55:22,NA,NA,NA,NA,Undefined,CAR_EAG,"Nathan, Cole",1000323259,Right,CAR_EAG,Undefined,1,Bottom,0,0,0,Undefined,Changeup,Undefined,Undefined,Undefined,Undefined,0,0,NA,45.87938,1.815912,-1.14437,989.909568,229.274559,01:45:00,5.65989,1.2662,25.35921,-47.34408,5.07697,4.32792,2.78427,0.95301,43.4443,-11.776692,0.082453,0.521104,87.48459,17.283694,-42.027797,2140.683388,79.42935,20.77572,-76.09759,214.47621,200.02507,-45.946687,2.110337,-5.82937,6.46823,-1.61714,50,4.52634,1.91653,-69.20197,8.38856,-2.76205,9.37226,-29.10931,CAR_EAG,NA,CarsonNewman,NA,NA,20251008-CarsonNewman-BP-1,f6893e40-a46f-11f0-b415-636602e020f2,72.33193,20.77305,NA,2.43508,NA,NA,NA,3.14659,3.26234,-0.85867,d1063248-16c1-4edd-b41f-f498c213e11a,2025-10-08,17:55:22,2025-10-08T17:55:22Z,2025-10-08T17:55:22Z,LineDrive,v3,CNE,NA,NA,NA,NA,Undefined,CAR_EAG,7c03f506-5fbd-435f-b647-18139e799024,35.14749,-67.16032,4.68613,5.66302,2.04742,-14.55466,-1.26518,1.31485,-1.38102,NA,3.14655,91.0106,-15.02814,3.57826,-1.02282,0.33316,-0.11825,0.02492,-0.00161,3.26234,38.12123,-22.97106,2.81372,-0.56634,0.11898,-0.03171,0.00952,-0.00146,-0.85865,-82.02547,3.50576,0.94223,-0.4037,0.09285,-0.01254,0.00656,-0.00165,NA,NA,NA,NA,NA,NA,NA,NA,NA,NA,NA,NA,NA,NA,NA,NA,NA,NA,NA,NA,NA,NA,High,High,High,High,Medium,NA,NA,NA,NA,NA,NA,NA,NA,NA,NA,NA,NA,NA,NA,NA,NA,NA,NA,NA,NA,NA,NA,NA,NA,NA,NA,NA,NA,NA,NA,NA,NA,NA,NA,NA,NA,NA,NA,NA,NA,NA,NA,NA,NA,NA,NA
NA,NA,NA,NA,NA,NA,NA,NA,NA,NA,NA,NA,NA,NA,NA,NA,119,2025-10-08,13:55:27,NA,NA,NA,NA,Undefined,CAR_EAG,"Nathan, Cole",1000323259,Right,CAR_EAG,Undefined,1,Bottom,0,0,0,Undefined,Changeup,Undefined,Undefined,Undefined,Undefined,0,0,NA,46.78011,1.674176,-1.268034,875.918343,271.64346,03:00:00,5.81392,0.94639,25.58226,-48.54034,1.13626,3.73138,2.7486,0.51558,44.42233,-12.31433,-0.202156,0.50728,90.14691,18.921764,-30.075099,1430.690799,92.76557,25.36612,-59.1147,246.35731,246.35731,-35.833858,2.371536,-5.18469,1.54429,-1.32931,50,4.66768,2.04824,-70.61153,8.70974,-2.55965,9.70117,-31.41164,CAR_EAG,NA,CarsonNewman,NA,NA,20251008-CarsonNewman-BP-1,f97ba340-a46f-11f0-b415-636602e020f2,74.30308,25.84779,NA,2.35778,NA,NA,NA,2.9419400000000002,3.16307,-0.46531,d1063248-16c1-4edd-b41f-f498c213e11a,2025-10-08,17:55:27,2025-10-08T17:55:27Z,2025-10-08T17:55:27Z,LineDrive,v3,CNE,NA,NA,NA,NA,Undefined,CAR_EAG,c4cc8fd2-4c6e-40f4-a930-e829457fbc76,34.92547,-68.50918,4.85059,5.81757,1.90247,-15.70582,-0.94554,1.49354,-1.27983,91.297486,2.94197,108.2309,-15.93328,3.46963,-0.64276,0.00668,0.04637,-0.01669,0.00207,3.16306,42.87476,-22.17392,2.13267,-0.39886,0.08597,-0.02371,0.00593,-6.9e-4,-0.46532,-62.67589,-0.96489,1.569,-0.59665,0.18325,-0.04831,0.00933,-8.4e-4,NA,NA,NA,NA,NA,NA,NA,NA,NA,NA,NA,NA,NA,NA,NA,NA,NA,NA,NA,NA,NA,NA,High,High,High,High,High,NA,NA,NA,NA,NA,NA,NA,NA,NA,NA,NA,NA,NA,NA,NA,NA,NA,NA,NA,NA,NA,NA,NA,NA,NA,NA,NA,NA,NA,NA,NA,NA,NA,NA,NA,NA,NA,NA,NA,NA,NA,NA,NA,NA,NA,NA
NA,NA,NA,NA,NA,NA,NA,NA,NA,NA,NA,NA,NA,NA,NA,NA,120,2025-10-08,13:55:32,NA,NA,NA,NA,Undefined,CAR_EAG,"Nathan, Cole",1000323259,Right,CAR_EAG,Undefined,1,Bottom,0,0,0,Undefined,Changeup,Undefined,Undefined,Undefined,Undefined,0,0,NA,46.7372,0.667005,-1.641837,958.228577,218.364558,01:15:00,5.74521,0.9005,25.43277,-46.34207,4.21638,2.23288,2.2754,0.12176,44.16124,-12.644604,-1.006763,0.511762,85.56183,-2.70209,-28.548144,2805.28912,NA,NA,NA,42.04708,39.46935,-30.088632,0.319754,-3.41169,5.86646,-1.356,50,4.92387,2.30444,-70.6598,6.98841,-1.67036,10.42018,-29.30185,CAR_EAG,NA,CarsonNewman,NA,NA,20251008-CarsonNewman-BP-1,fca21090-a46f-11f0-b415-636602e020f2,73.65224,3.04379,NA,2.57596,NA,NA,NA,2.8794400000000002,3.04379,-0.54355,d1063248-16c1-4edd-b41f-f498c213e11a,2025-10-08,17:55:32,2025-10-08T17:55:32Z,2025-10-08T17:55:32Z,GroundBall,v3,CNE,NA,NA,NA,NA,Undefined,CAR_EAG,81639b67-ab5c-462c-bbd4-8b9a1736e1e5,35.07355,-68.4232,5.21009,5.74889,0.69903,-14.65093,-0.89985,1.94591,-0.83518,NA,2.87953,110.10697,-16.68099,NA,NA,NA,NA,NA,NA,3.0441,-5.92882,-11.23454,NA,NA,NA,NA,NA,NA,-0.53965,-60.06577,-13.08414,NA,NA,NA,NA,NA,NA,NA,NA,NA,NA,NA,NA,NA,NA,NA,NA,NA,NA,NA,NA,NA,NA,NA,NA,NA,NA,NA,NA,High,High,High,High,High,NA,NA,NA,NA,NA,NA,NA,NA,NA,NA,NA,NA,NA,NA,NA,NA,NA,NA,NA,NA,NA,NA,NA,NA,NA,NA,NA,NA,NA,NA,NA,NA,NA,NA,NA,NA,NA,NA,NA,NA,NA,NA,NA,NA,NA,NA
NA,NA,NA,NA,NA,NA,NA,NA,NA,NA,NA,NA,NA,NA,NA,NA,121,2025-10-08,13:55:38,NA,NA,NA,NA,Undefined,CAR_EAG,"Nathan, Cole",1000323259,Right,CAR_EAG,Undefined,1,Bottom,0,0,0,Undefined,Changeup,Undefined,Undefined,Undefined,Undefined,0,0,NA,47.06676,1.60064,-1.261431,972.362604,249.566703,02:15:00,5.73625,0.87894,25.34895,-46.87077,3.10973,4.77803,2.77351,0.53408,44.4358,-11.854702,0.093339,0.508829,91.17894,13.497895,-36.765657,2048.441101,87.3135,11.74346,-66.90492,167.94966,167.94966,-38.792901,1.471047,-6.43729,4.04358,-1.2648,50,4.67366,2.1649,-71.08615,8.22582,-3.20245,10.25657,-30.16243,CAR_EAG,NA,CarsonNewman,NA,NA,20251008-CarsonNewman-BP-1,ffddb390-a46f-11f0-b415-636602e020f2,74.07686,12.97712,NA,2.63096,NA,NA,NA,3.12779,2.98151,-0.27401,d1063248-16c1-4edd-b41f-f498c213e11a,2025-10-08,17:55:38,2025-10-08T17:55:38Z,2025-10-08T17:55:38Z,LineDrive,v3,CNE,NA,NA,NA,NA,Undefined,CAR_EAG,534a9681-e34d-4f37-b0ab-704aabd3d7cc,35.15802,-68.91143,5.12828,5.73978,1.83042,-15.08122,-0.87776,1.48588,-1.60122,NA,3.12779,104.16986,-14.26259,2.30129,-0.53299,0.11047,-0.02426,0.00425,-3.8e-4,2.98151,31.21361,-26.22842,3.27204,-0.73364,0.16634,-0.0339,0.006,-5.8e-4,-0.27401,-77.83167,5.7521,-1.20242,0.26242,-0.0576,0.01202,-0.00212,2e-4,NA,NA,NA,NA,NA,NA,NA,NA,NA,NA,NA,NA,NA,NA,NA,NA,NA,NA,NA,NA,NA,NA,High,High,High,Medium,High,NA,NA,NA,NA,NA,NA,NA,NA,NA,NA,NA,NA,NA,NA,NA,NA,NA,NA,NA,NA,NA,NA,NA,NA,NA,NA,NA,NA,NA,NA,NA,NA,NA,NA,NA,NA,NA,NA,NA,NA,NA,NA,NA,NA,NA,NA
NA,NA,NA,NA,NA,NA,NA,NA,NA,NA,NA,NA,NA,NA,NA,NA,122,2025-10-08,13:55:43,NA,NA,NA,NA,Undefined,CAR_EAG,"Nathan, Cole",1000323259,Right,CAR_EAG,Undefined,1,Bottom,0,0,0,Undefined,Changeup,Undefined,Undefined,Undefined,Undefined,0,0,NA,47.02329,0.75848,-1.952172,804.130365,293.381292,03:45:00,5.55566,0.92552,25.49199,-50.23955,-0.33307,4.00236,1.81412,0.11376,44.45507,-13.657195,-0.810433,0.508452,86.01536,13.427765,-20.394182,933.15659,101.78387,13.56604,-41.71364,185.82425,185.82425,-24.145111,1.769115,-5.80004,0.05697,-1.48653,50,4.65597,2.93385,-71.20994,7.665,-2.86883,10.97095,-32.14587,CAR_EAG,NA,CarsonNewman,NA,NA,20251008-CarsonNewman-BP-1,03295c20-a470-11f0-b415-636602e020f2,74.13177,13.89856,NA,2.56822,NA,NA,NA,2.77674,2.22147,-0.12825,d1063248-16c1-4edd-b41f-f498c213e11a,2025-10-08,17:55:43,2025-10-08T17:55:43Z,2025-10-08T17:55:43Z,LineDrive,v3,CNE,NA,NA,NA,NA,Undefined,CAR_EAG,0b390036-9863-4c51-827b-b1419bd9db51,35.01562,-68.86269,5.48548,5.56017,0.78734,-16.07293,-0.92449,2.32006,-1.43442,92.82166,2.77674,115.0154,-14.99785,2.56974,-0.53288,0.09604,-0.01785,0.00277,-2.2e-4,2.22147,29.29577,-19.59625,1.74902,-0.34221,0.0709,-0.01169,0.00177,-1.6e-4,-0.12825,-42.76056,-0.76951,0.6233,-0.19114,0.0474,-0.00965,0.00149,-1.2e-4,NA,NA,NA,NA,NA,NA,NA,NA,NA,NA,NA,NA,NA,NA,NA,NA,NA,NA,NA,NA,NA,NA,High,High,High,High,High,NA,NA,NA,NA,NA,NA,NA,NA,NA,NA,NA,NA,NA,NA,NA,NA,NA,NA,NA,NA,NA,NA,NA,NA,NA,NA,NA,NA,NA,NA,NA,NA,NA,NA,NA,NA,NA,NA,NA,NA,NA,NA,NA,NA,NA,NA
NA,NA,NA,NA,NA,NA,NA,NA,NA,NA,NA,NA,NA,NA,NA,NA,123,2025-10-08,13:55:49,NA,NA,NA,NA,Undefined,CAR_EAG,"Nathan, Cole",1000323259,Right,CAR_EAG,Undefined,1,Bottom,0,0,0,Undefined,Changeup,Undefined,Undefined,Undefined,Undefined,0,0,NA,47.41012,1.010529,-1.296489,932.677842,247.486763,02:15:00,5.37158,1.01733,25.11254,-46.51325,3.34681,4.91988,2.09501,0.65827,44.89437,-12.224464,0.089596,0.508215,82.86017,16.994707,-40.765175,2222.994338,80.68716,18.08222,-74.76342,192.537,154.03905,-45.915434,1.994863,-6.54536,4.48008,-1.40633,50,4.49805,2.22559,-71.53976,7.33069,-3.30747,10.17183,-29.91019,CAR_EAG,NA,CarsonNewman,NA,NA,20251008-CarsonNewman-BP-1,06d2dc20-a470-11f0-b415-636602e020f2,74.16629,18.26992,NA,2.51575,NA,NA,NA,3.2441,2.38714,-0.45221,d1063248-16c1-4edd-b41f-f498c213e11a,2025-10-08,17:55:49,2025-10-08T17:55:49Z,2025-10-08T17:55:49Z,LineDrive,v3,CNE,NA,NA,NA,NA,Undefined,CAR_EAG,19d2216c-ba75-4b94-9320-b70779d78d73,35.39452,-69.43205,5.08592,5.37494,1.13296,-14.9551,-1.01617,1.54025,-1.65374,NA,3.2441,88.02495,-15.13684,2.77946,-0.58846,0.11634,-0.02289,0.00344,-2.6e-4,2.38714,35.52061,-21.58463,2.26551,-0.48851,0.1042,-0.01902,0.00293,-2.4e-4,-0.45221,-75.88779,4.90674,-1.10164,0.24493,-0.0497,0.00945,-0.0014,1e-4,NA,NA,NA,NA,NA,NA,NA,NA,NA,NA,NA,NA,NA,NA,NA,NA,NA,NA,NA,NA,NA,NA,High,High,High,High,Medium,NA,NA,NA,NA,NA,NA,NA,NA,NA,NA,NA,NA,NA,NA,NA,NA,NA,NA,NA,NA,NA,NA,NA,NA,NA,NA,NA,NA,NA,NA,NA,NA,NA,NA,NA,NA,NA,NA,NA,NA,NA,NA,NA,NA,NA,NA
NA,NA,NA,NA,NA,NA,NA,NA,NA,NA,NA,NA,NA,NA,NA,NA,124,2025-10-08,13:55:55,NA,NA,NA,NA,Undefined,CAR_EAG,"Nathan, Cole",1000323259,Right,CAR_EAG,Undefined,1,Bottom,0,0,0,Undefined,Changeup,Undefined,Undefined,Undefined,Undefined,0,0,NA,48.30108,0.931095,-2.119605,981.100794,243.669835,02:00:00,5.56574,0.8215,25.31047,-43.05691,4.32666,6.29788,2.52708,0.096,45.71885,-11.407222,-0.336694,0.495433,92.642,14.818765,-15.072676,4409.377251,105.65397,15.85661,-30.61317,192.5839,192.5839,-17.362965,1.733731,-8.58146,5.81973,-1.44691,50,4.72992,3.50464,-72.80857,7.07013,-4.51058,10.2071,-29.11509,CAR_EAG,NA,CarsonNewman,NA,NA,20251008-CarsonNewman-BP-1,0a5a0710-a470-11f0-b415-636602e020f2,76.07972,16.08461,NA,2.58222,NA,NA,NA,2.38912,2.81637,-0.06888,d1063248-16c1-4edd-b41f-f498c213e11a,2025-10-08,17:55:55,2025-10-08T17:55:55Z,2025-10-08T17:55:55Z,LineDrive,v3,CNE,NA,NA,NA,NA,Undefined,CAR_EAG,b5c6c7b5-3eac-4f9d-ac55-80ceb45b1452,35.1963,-70.70277,5.10355,5.56894,1.06348,-14.55755,-0.81987,2.57407,-2.25529,44.225607,2.38912,126.83641,-16.21444,2.76856,-0.62316,0.12812,-0.02665,0.00436,-3.5e-4,2.81637,34.75163,-24.70678,2.95713,-0.65469,0.14603,-0.02836,0.00464,-4.1e-4,-0.06888,-34.15821,0.30269,0.21635,-0.03898,0.01069,-0.00168,3e-4,-3e-5,NA,NA,NA,NA,NA,NA,NA,NA,NA,NA,NA,NA,NA,NA,NA,NA,NA,NA,NA,NA,NA,NA,High,High,High,High,High,NA,NA,NA,NA,NA,NA,NA,NA,NA,NA,NA,NA,NA,NA,NA,NA,NA,NA,NA,NA,NA,NA,NA,NA,NA,NA,NA,NA,NA,NA,NA,NA,NA,NA,NA,NA,NA,NA,NA,NA,NA,NA,NA,NA,NA,NA
NA,NA,NA,NA,NA,NA,NA,NA,NA,NA,NA,NA,NA,NA,NA,NA,125,2025-10-08,13:56:01,NA,NA,NA,NA,Undefined,CAR_EAG,"Nathan, Cole",1000323259,Right,CAR_EAG,Undefined,1,Bottom,0,0,0,Undefined,Changeup,Undefined,Undefined,Undefined,Undefined,0,0,NA,47.94319,0.788135,-1.75783,908.518224,233.559156,01:45:00,5.55285,0.89396,25.17519,-42.90565,5.45886,5.75681,2.44419,0.33278,45.49205,-11.450823,-0.13437,0.500535,85.18684,38.527398,-10.203513,2977.68748,108.88608,76.46041,-15.61464,317.025,317.025,-5.358499,5.217473,-7.7287,7.21815,-1.41392,50,4.76912,2.94361,-72.20692,6.74645,-4.00944,9.77196,-28.42946,CAR_EAG,NA,CarsonNewman,NA,NA,20251008-CarsonNewman-BP-1,0dd87f70-a470-11f0-b415-636602e020f2,75.30423,95.22096,NA,2.45114,NA,NA,NA,2.62129,2.89926,-0.27715,d1063248-16c1-4edd-b41f-f498c213e11a,2025-10-08,17:56:01,2025-10-08T17:56:01Z,2025-10-08T17:56:01Z,FlyBall,v3,CNE,NA,NA,NA,NA,Undefined,CAR_EAG,ce28409e-75e5-44b5-9283-1c2511cfe703,35.3315,-70.19373,4.88598,5.55569,0.88949,-14.21473,-0.89257,2.1176,-2.00472,194.71395,2.62516,96.12036,-16.8049,3.69276,-0.50506,0.0169,0.00621,-8.2e-4,3e-5,2.89774,77.84447,-18.52178,1.11704,-0.05267,-0.05853,0.02315,-0.00353,1.9e-4,-0.27827,-17.29242,5.99723,-1.51593,0.26757,-0.02888,0.00108,7e-5,-0,NA,NA,NA,NA,NA,NA,NA,NA,NA,NA,NA,NA,NA,NA,NA,NA,NA,NA,NA,NA,NA,NA,High,High,High,High,Medium,NA,NA,NA,NA,NA,NA,NA,NA,NA,NA,NA,NA,NA,NA,NA,NA,NA,NA,NA,NA,NA,NA,NA,NA,NA,NA,NA,NA,NA,NA,NA,NA,NA,NA,NA,NA,NA,NA,NA,NA,NA,NA,NA,NA,NA,NA
NA,NA,NA,NA,NA,NA,NA,NA,NA,NA,NA,NA,NA,NA,NA,NA,126,2025-10-08,13:56:07,NA,NA,NA,NA,Undefined,CAR_EAG,"Nathan, Cole",1000323259,Right,CAR_EAG,Undefined,1,Bottom,0,0,0,Undefined,Changeup,Undefined,Undefined,Undefined,Undefined,0,0,NA,48.24425,0.294345,-0.645138,857.504361,254.338663,02:30:00,5.50148,0.87361,25.14454,-46.36518,1.88004,1.98032,1.81213,0.65637,45.60302,-12.892891,-0.085934,0.499918,89.31049,23.979884,-30.739113,1424.813532,93.70667,37.99943,-57.60997,300.31668,297.70649,-33.950564,3.422403,-2.69319,2.91571,-1.06186,50,4.81555,1.06911,-72.94953,6.5072,-1.40475,11.14358,-30.65324,CAR_EAG,NA,CarsonNewman,NA,NA,20251008-CarsonNewman-BP-1,11835f00-a470-11f0-b415-636602e020f2,75.39728,43.56087,NA,2.64123,NA,NA,NA,3.04327,2.27021,-0.59896,d1063248-16c1-4edd-b41f-f498c213e11a,2025-10-08,17:56:07,2025-10-08T17:56:07Z,2025-10-08T17:56:07Z,LineDrive,v3,CNE,NA,NA,NA,NA,Undefined,CAR_EAG,8dc943a8-3ad3-4263-ba00-e47f331cef43,35.36255,-70.67819,5.57179,5.50514,0.25931,-15.32662,-0.87313,0.78279,-0.70238,143.468001,3.04344,102.86239,-16.19892,3.6483,-0.78692,0.17767,-0.03888,0.00554,-3.1e-4,2.27002,53.24208,-19.05923,1.57478,-0.31477,0.06057,-0.01123,0.00245,-2.7e-4,-0.59879,-61.1781,5.62661,-0.93358,0.14188,-0.00545,-0.0066,0.00209,-2.1e-4,NA,NA,NA,NA,NA,NA,NA,NA,NA,NA,NA,NA,NA,NA,NA,NA,NA,NA,NA,NA,NA,NA,High,High,High,High,High,NA,NA,NA,NA,NA,NA,NA,NA,NA,NA,NA,NA,NA,NA,NA,NA,NA,NA,NA,NA,NA,NA,NA,NA,NA,NA,NA,NA,NA,NA,NA,NA,NA,NA,NA,NA,NA,NA,NA,NA,NA,NA,NA,NA,NA,NA
NA,NA,NA,NA,NA,NA,NA,NA,NA,NA,NA,NA,NA,NA,NA,NA,127,2025-10-08,13:57:35,NA,NA,NA,NA,Undefined,CAR_EAG,"Nathan, Cole",1000323259,Right,CAR_EAG,Undefined,1,Bottom,0,0,0,Undefined,Changeup,Undefined,Undefined,Undefined,Undefined,0,0,NA,47.69931,0.884072,-2.684019,915.505553,247.243282,02:15:00,5.56112,1.03874,25.32859,-44.96888,3.38441,5.29213,2.33532,-0.1031,45.42955,-11.962953,-1.185139,0.500477,84.28568,4.42106,-5.82922,1041.410744,NA,NA,NA,70.43678,69.47066,-5.131223,0.590205,-7.4726,4.71461,-1.79952,50,4.70638,4.04242,-71.76752,7.21381,-3.8431,9.38447,-29.74936,CAR_EAG,NA,CarsonNewman,NA,NA,20251008-CarsonNewman-BP-1,45e519a0-a470-11f0-b415-636602e020f2,75.313,3.35555,NA,2.2697600000000002,NA,NA,NA,1.72318,2.40978,0.09973,d1063248-16c1-4edd-b41f-f498c213e11a,2025-10-08,17:57:35,2025-10-08T17:57:35Z,2025-10-08T17:57:35Z,GroundBall,v3,CNE,NA,NA,NA,NA,Undefined,CAR_EAG,15ceadcf-628b-4c92-b2b0-845c9dacb1fa,35.17843,-69.80252,4.69223,5.56471,0.98463,-14.87468,-1.03734,3.23772,-1.92155,345.878248,1.72797,122.50455,-11.1407,NA,NA,NA,NA,NA,NA,2.43098,9.04742,-22.36581,NA,NA,NA,NA,NA,NA,0.09617,-12.43671,2.72066,NA,NA,NA,NA,NA,NA,NA,NA,NA,NA,NA,NA,NA,NA,NA,NA,NA,NA,NA,NA,NA,NA,NA,NA,NA,NA,NA,NA,High,High,High,High,High,NA,NA,NA,NA,NA,NA,NA,NA,NA,NA,NA,NA,NA,NA,NA,NA,NA,NA,NA,NA,NA,NA,NA,NA,NA,NA,NA,NA,NA,NA,NA,NA,NA,NA,NA,NA,NA,NA,NA,NA,NA,NA,NA,NA,NA,NA
NA,NA,NA,NA,NA,NA,NA,NA,NA,NA,NA,NA,NA,NA,NA,NA,128,2025-10-08,13:57:41,NA,NA,NA,NA,Undefined,CAR_EAG,"Gibson, Aiden",10011511,Right,CAR_EAG,Undefined,1,Bottom,0,0,0,Undefined,Changeup,Undefined,Undefined,Undefined,Undefined,0,0,NA,48.29984,1.372592,-3.38825,877.693126,256.571529,02:30:00,5.5914,0.85942,25.30958,-45.52739,2.08299,3.52106,2.60834,-0.84732,45.62708,-11.659028,-2.393602,0.496618,NA,NA,NA,NA,NA,NA,NA,NA,NA,NA,NA,-5.5526,2.95784,-1.77784,50,4.61637,4.75401,-72.77733,7.90522,-2.9059,10.46975,-30.62609,CAR_EAG,NA,CarsonNewman,NA,NA,20251008-CarsonNewman-BP-1,495a4330-a470-11f0-b415-636602e020f2,75.89829,NA,NA,2.67276,NA,NA,NA,NA,NA,NA,d1063248-16c1-4edd-b41f-f498c213e11a,2025-10-08,17:57:41,2025-10-08T17:57:41Z,2025-10-08T17:57:41Z,NA,v3,CNE,NA,NA,NA,NA,Undefined,CAR_EAG,4712a2d0-d83d-48ce-ab9c-8e27977568e8,35.19711,-70.61567,5.23488,5.59576,1.58198,-15.31304,-0.85824,4.15404,-1.45295,NA,NA,NA,NA,NA,NA,NA,NA,NA,NA,NA,NA,NA,NA,NA,NA,NA,NA,NA,NA,NA,NA,NA,NA,NA,NA,NA,NA,NA,NA,NA,NA,NA,NA,NA,NA,NA,NA,NA,NA,NA,NA,NA,NA,NA,NA,NA,NA,NA,NA,High,High,High,NA,NA,NA,NA,NA,NA,NA,NA,NA,NA,NA,NA,NA,NA,NA,NA,NA,NA,NA,NA,NA,NA,NA,NA,NA,NA,NA,NA,NA,NA,NA,NA,NA,NA,NA,NA,NA,NA,NA,NA,NA,NA,NA,NA,NA,NA,NA,NA
NA,NA,NA,NA,NA,NA,NA,NA,NA,NA,NA,NA,NA,NA,NA,NA,129,2025-10-08,13:57:46,NA,NA,NA,NA,Undefined,CAR_EAG,"Gibson, Aiden",10011511,Right,CAR_EAG,Undefined,1,Bottom,0,0,0,Undefined,Changeup,Undefined,Undefined,Undefined,Undefined,0,0,NA,48.5916,0.064837,-2.33521,873.507549,242.084349,02:00:00,5.65256,0.85352,25.21515,-44.03306,3.23433,3.72358,2.02152,-0.21771,46.00307,-12.48136,-1.283227,0.494826,86.1284,12.562486,8.28752,1376.5724,107.7594,13.91759,22.08832,196.43582,196.43582,13.997314,1.898145,-5.43488,4.80355,-1.4973,50,5.04676,3.45984,-73.3185,6.01072,-2.88073,10.78946,-29.62796,CAR_EAG,NA,CarsonNewman,NA,NA,20251008-CarsonNewman-BP-1,4c463f90-a470-11f0-b415-636602e020f2,76.17318,14.02232,NA,2.58853,NA,NA,NA,1.38276,2.08684,0.24556,d1063248-16c1-4edd-b41f-f498c213e11a,2025-10-08,17:57:46,2025-10-08T17:57:46Z,2025-10-08T17:57:46Z,LineDrive,v3,CNE,NA,NA,NA,NA,Undefined,CAR_EAG,243b0d9e-f140-4ce4-9602-2be767169cc4,35.29132,-71.12106,5.39473,5.65646,-0.02348,-14.81398,-0.85239,2.87314,-1.44036,250.457076,1.38276,122.01027,-15.71739,2.84742,-0.46643,0.00902,0.02685,-0.00955,0.00123,2.08685,27.47463,-16.55794,0.9597,-0.17456,0.09585,-0.04688,0.01406,-0.00175,0.24558,17.7703,6.35329,-2.07788,0.40326,0.06923,-0.08697,0.02947,-0.00375,NA,NA,NA,NA,NA,NA,NA,NA,NA,NA,NA,NA,NA,NA,NA,NA,NA,NA,NA,NA,NA,NA,High,High,High,High,High,NA,NA,NA,NA,NA,NA,NA,NA,NA,NA,NA,NA,NA,NA,NA,NA,NA,NA,NA,NA,NA,NA,NA,NA,NA,NA,NA,NA,NA,NA,NA,NA,NA,NA,NA,NA,NA,NA,NA,NA,NA,NA,NA,NA,NA,NA
NA,NA,NA,NA,NA,NA,NA,NA,NA,NA,NA,NA,NA,NA,NA,NA,130,2025-10-08,13:57:52,NA,NA,NA,NA,Undefined,CAR_EAG,"Gibson, Aiden",10011511,Right,CAR_EAG,Undefined,1,Bottom,0,0,0,Undefined,Changeup,Undefined,Undefined,Undefined,Undefined,0,0,NA,48.34114,0.735643,-3.394052,948.125898,248.417006,02:15:00,5.59945,0.93744,25.35795,-44.73065,2.1352,2.71488,2.30582,-0.83704,46.23785,-12.018804,-2.625573,0.492719,80.07591,10.929866,20.607609,2014.93836,100.16956,9.29374,45.4535,162.94844,162.94844,25.849422,1.630692,-4.43244,3.15717,-1.85267,50,4.77887,4.66302,-72.60422,7.13721,-2.34692,9.13944,-30.50237,CAR_EAG,NA,CarsonNewman,NA,NA,20251008-CarsonNewman-BP-1,50191980-a470-11f0-b415-636602e020f2,76.4988,10.48949,NA,2.10329,NA,NA,NA,0.66474,2.1717,0.88825,d1063248-16c1-4edd-b41f-f498c213e11a,2025-10-08,17:57:52,2025-10-08T17:57:52Z,2025-10-08T17:57:52Z,GroundBall,v3,CNE,NA,NA,NA,NA,Undefined,CAR_EAG,33f3b483-1296-4258-a733-54f86dc015ee,35.14953,-70.71013,4.56972,5.60298,0.81579,-15.25119,-0.93669,4.17664,-1.17346,244.943818,0.66475,107.93405,-15.2393,3.10251,-0.38293,-0.11714,0.09563,-0.02811,0.0033,2.17169,22.27021,-15.32912,0.70765,-0.35409,0.31644,-0.16513,0.04721,-0.00562,0.88824,40.58848,2.65608,-0.91867,-0.0306,0.24993,-0.1534,0.04504,-0.0054,NA,NA,NA,NA,NA,NA,NA,NA,NA,NA,NA,NA,NA,NA,NA,NA,NA,NA,NA,NA,NA,NA,High,High,High,High,High,NA,NA,NA,NA,NA,NA,NA,NA,NA,NA,NA,NA,NA,NA,NA,NA,NA,NA,NA,NA,NA,NA,NA,NA,NA,NA,NA,NA,NA,NA,NA,NA,NA,NA,NA,NA,NA,NA,NA,NA,NA,NA,NA,NA,NA,NA
NA,NA,NA,NA,NA,NA,NA,NA,NA,NA,NA,NA,NA,NA,NA,NA,131,2025-10-08,13:57:57,NA,NA,NA,NA,Undefined,CAR_EAG,"Gibson, Aiden",10011511,Right,CAR_EAG,Undefined,1,Bottom,0,0,0,Undefined,Changeup,Undefined,Undefined,Undefined,Undefined,0,0,NA,48.53018,0.701622,-2.912384,871.022778,270.658794,03:00:00,5.46275,0.95441,25.47202,-45.21168,1.04933,2.49189,2.10737,-0.54838,46.33809,-12.239093,-2.203852,0.48953,NA,NA,NA,NA,NA,NA,NA,NA,NA,NA,NA,-4.06173,1.81618,-1.74785,50,4.63337,4.04705,-73.0209,7.252,-2.1654,9.60961,-31.2058,CAR_EAG,NA,CarsonNewman,NA,NA,20251008-CarsonNewman-BP-1,53293fb0-a470-11f0-b415-636602e020f2,76.99725,NA,NA,2.19209,NA,NA,NA,NA,NA,NA,d1063248-16c1-4edd-b41f-f498c213e11a,2025-10-08,17:57:57,2025-10-08T17:57:57Z,2025-10-08T17:57:57Z,NA,v3,CNE,NA,NA,NA,NA,Undefined,CAR_EAG,92fcd061-6df7-4927-83a4-3c82489b4ceb,35.03562,-71.02428,4.80481,5.46657,0.76826,-15.6029,-0.95372,3.59714,-1.0827,NA,NA,NA,NA,NA,NA,NA,NA,NA,NA,NA,NA,NA,NA,NA,NA,NA,NA,NA,NA,NA,NA,NA,NA,NA,NA,NA,NA,NA,NA,NA,NA,NA,NA,NA,NA,NA,NA,NA,NA,NA,NA,NA,NA,NA,NA,NA,NA,NA,NA,High,High,High,NA,NA,NA,NA,NA,NA,NA,NA,NA,NA,NA,NA,NA,NA,NA,NA,NA,NA,NA,NA,NA,NA,NA,NA,NA,NA,NA,NA,NA,NA,NA,NA,NA,NA,NA,NA,NA,NA,NA,NA,NA,NA,NA,NA,NA,NA,NA,NA
NA,NA,NA,NA,NA,NA,NA,NA,NA,NA,NA,NA,NA,NA,NA,NA,132,2025-10-08,13:58:07,NA,NA,NA,NA,Undefined,CAR_EAG,"Gibson, Aiden",10011511,Right,CAR_EAG,Undefined,1,Bottom,0,0,0,Undefined,Changeup,Undefined,Undefined,Undefined,Undefined,0,0,NA,48.18346,1.478341,-2.029619,835.942362,234.323189,01:45:00,5.44741,0.92413,25.20614,-44.61121,3.18197,2.80587,2.6049,-0.04294,45.70761,-11.256454,-1.238143,0.49757,85.74674,10.717436,16.537548,2182.385185,103.81079,9.80639,36.37725,166.48942,151.15515,20.975259,1.571579,-4.1424,4.20406,-1.47888,50,4.46294,2.92645,-72.53359,7.88726,-2.17085,9.7749,-29.97089,CAR_EAG,NA,CarsonNewman,NA,NA,20251008-CarsonNewman-BP-1,58b56260-a470-11f0-b415-636602e020f2,75.753,10.86723,NA,2.47586,NA,NA,NA,1.70856,2.71354,0.02893,d1063248-16c1-4edd-b41f-f498c213e11a,2025-10-08,17:58:07,2025-10-08T17:58:07Z,2025-10-08T17:58:07Z,LineDrive,v3,CNE,NA,NA,NA,NA,Undefined,CAR_EAG,b85506f0-34b4-4dcd-b4bf-1c7e21c63a13,35.30075,-70.52485,4.88745,5.45094,1.72824,-14.98544,-0.92334,2.48034,-1.08543,256.02521,1.70856,118.45634,-17.27928,3.52502,-0.73761,0.14885,-0.0296,0.0048,-4.1e-4,2.71354,23.38735,-17.55268,1.26202,-0.21728,0.03957,-0.00584,9.8e-4,-1e-4,0.02893,35.17283,2.69597,-0.88462,0.24292,-0.05876,0.01273,-0.00215,1.9e-4,NA,NA,NA,NA,NA,NA,NA,NA,NA,NA,NA,NA,NA,NA,NA,NA,NA,NA,NA,NA,NA,NA,High,High,High,High,High,NA,NA,NA,NA,NA,NA,NA,NA,NA,NA,NA,NA,NA,NA,NA,NA,NA,NA,NA,NA,NA,NA,NA,NA,NA,NA,NA,NA,NA,NA,NA,NA,NA,NA,NA,NA,NA,NA,NA,NA,NA,NA,NA,NA,NA,NA
NA,NA,NA,NA,NA,NA,NA,NA,NA,NA,NA,NA,NA,NA,NA,NA,133,2025-10-08,13:58:12,NA,NA,NA,NA,Undefined,CAR_EAG,"Floyd, Logan",1000148156,Right,CAR_EAG,Undefined,1,Bottom,0,0,0,Undefined,Curveball,Undefined,Undefined,Undefined,Undefined,0,0,NA,48.07709,2.232814,-2.697273,3426.298657,262.121977,02:45:00,5.32485,0.91856,25.16615,-45.90565,2.31449,8.10764,2.82365,-0.00414,45.46658,-10.87436,-0.415669,0.499788,85.20425,-3.496451,10.691658,1721.528812,NA,NA,NA,32.21251,31.2681,10.260861,0.254335,-10.90835,2.87268,-1.70553,50,4.13713,4.42341,-72.33115,8.95009,-5.67963,9.7895,-30.67834,CAR_EAG,NA,CarsonNewman,NA,NA,20251008-CarsonNewman-BP-1,5ba8b1c0-a470-11f0-b415-636602e020f2,75.41687,2.99983,NA,2.61051,NA,NA,NA,1.77301,2.99983,-0.08133,d1063248-16c1-4edd-b41f-f498c213e11a,2025-10-08,17:58:12,2025-10-08T17:58:12Z,2025-10-08T17:58:12Z,GroundBall,v3,CNE,NA,NA,NA,NA,Undefined,CAR_EAG,9ba6d2f1-554c-4090-9b38-cfed7676387e,35.34126,-70.31921,4.89475,5.32865,2.64508,-15.33917,-0.91638,3.25614,-2.83981,306.599543,1.77568,122.42808,-18.83977,NA,NA,NA,NA,NA,NA,3.00124,-7.69469,-16.16373,NA,NA,NA,NA,NA,NA,-0.08139,23.14432,-1.03486,NA,NA,NA,NA,NA,NA,NA,NA,NA,NA,NA,NA,NA,NA,NA,NA,NA,NA,NA,NA,NA,NA,NA,NA,NA,NA,NA,NA,High,High,High,Medium,High,NA,NA,NA,NA,NA,NA,NA,NA,NA,NA,NA,NA,NA,NA,NA,NA,NA,NA,NA,NA,NA,NA,NA,NA,NA,NA,NA,NA,NA,NA,NA,NA,NA,NA,NA,NA,NA,NA,NA,NA,NA,NA,NA,NA,NA,NA
NA,NA,NA,NA,NA,NA,NA,NA,NA,NA,NA,NA,NA,NA,NA,NA,134,2025-10-08,13:58:18,NA,NA,NA,NA,Undefined,CAR_EAG,"Floyd, Logan",1000148156,Right,CAR_EAG,Undefined,1,Bottom,0,0,0,Undefined,Changeup,Undefined,Undefined,Undefined,Undefined,0,0,NA,47.96946,0.634404,-2.309061,821.929348,237.453909,02:00:00,5.46386,0.92061,25.15986,-44.6901,3.74327,3.95292,2.11573,-0.11825,45.56084,-12.080306,-1.194766,0.500891,NA,NA,NA,NA,NA,NA,NA,NA,NA,NA,NA,-5.66796,5.16347,-1.55881,50,4.70195,3.41,-72.25465,6.75423,-2.93935,9.91361,-29.49633,CAR_EAG,NA,CarsonNewman,NA,NA,20251008-CarsonNewman-BP-1,5f50ab20-a470-11f0-b415-636602e020f2,75.25071,NA,NA,2.40862,NA,NA,NA,NA,NA,NA,d1063248-16c1-4edd-b41f-f498c213e11a,2025-10-08,17:58:18,2025-10-08T17:58:18Z,2025-10-08T17:58:18Z,NA,v3,CNE,NA,NA,NA,NA,Undefined,CAR_EAG,301bbd12-f971-4f88-86d2-baebe85ff11d,35.34697,-70.21542,4.9568,5.46727,0.68684,-14.74817,-0.91956,2.80538,-1.46968,NA,NA,NA,NA,NA,NA,NA,NA,NA,NA,NA,NA,NA,NA,NA,NA,NA,NA,NA,NA,NA,NA,NA,NA,NA,NA,NA,NA,NA,NA,NA,NA,NA,NA,NA,NA,NA,NA,NA,NA,NA,NA,NA,NA,NA,NA,NA,NA,NA,NA,High,High,High,NA,NA,NA,NA,NA,NA,NA,NA,NA,NA,NA,NA,NA,NA,NA,NA,NA,NA,NA,NA,NA,NA,NA,NA,NA,NA,NA,NA,NA,NA,NA,NA,NA,NA,NA,NA,NA,NA,NA,NA,NA,NA,NA,NA,NA,NA,NA,NA
NA,NA,NA,NA,NA,NA,NA,NA,NA,NA,NA,NA,NA,NA,NA,NA,135,2025-10-08,13:58:23,NA,NA,NA,NA,Undefined,CAR_EAG,"Floyd, Logan",1000148156,Right,CAR_EAG,Undefined,1,Bottom,0,0,0,Undefined,Changeup,Undefined,Undefined,Undefined,Undefined,0,0,NA,48.77128,1.645835,-3.10735,1017.680098,261.261728,02:45:00,5.30086,0.99551,25.22414,-44.29786,2.23803,7.38445,2.58396,-0.22775,46.30923,-10.997764,-1.025887,0.490982,NA,NA,NA,NA,NA,NA,NA,NA,NA,NA,NA,-10.17225,2.92677,-1.88525,50,4.27137,4.93763,-73.30294,8.18896,-5.46768,9.64531,-30.60089,CAR_EAG,NA,CarsonNewman,NA,NA,20251008-CarsonNewman-BP-1,62397330-a470-11f0-b415-636602e020f2,76.76953,NA,NA,2.46205,NA,NA,NA,NA,NA,NA,d1063248-16c1-4edd-b41f-f498c213e11a,2025-10-08,17:58:23,2025-10-08T17:58:23Z,2025-10-08T17:58:23Z,NA,v3,CNE,NA,NA,NA,NA,Undefined,CAR_EAG,9c7b60c6-0e7e-4923-828b-6f81947aec4e,35.28355,-71.34025,4.82265,5.30418,1.9621,-15.30044,-0.99371,3.82503,-2.73384,NA,NA,NA,NA,NA,NA,NA,NA,NA,NA,NA,NA,NA,NA,NA,NA,NA,NA,NA,NA,NA,NA,NA,NA,NA,NA,NA,NA,NA,NA,NA,NA,NA,NA,NA,NA,NA,NA,NA,NA,NA,NA,NA,NA,NA,NA,NA,NA,NA,NA,High,High,High,NA,NA,NA,NA,NA,NA,NA,NA,NA,NA,NA,NA,NA,NA,NA,NA,NA,NA,NA,NA,NA,NA,NA,NA,NA,NA,NA,NA,NA,NA,NA,NA,NA,NA,NA,NA,NA,NA,NA,NA,NA,NA,NA,NA,NA,NA,NA,NA
NA,NA,NA,NA,NA,NA,NA,NA,NA,NA,NA,NA,NA,NA,NA,NA,136,2025-10-08,13:58:36,NA,NA,NA,NA,Undefined,CAR_EAG,"Floyd, Logan",1000148156,Right,CAR_EAG,Undefined,1,Bottom,0,0,0,Undefined,Changeup,Undefined,Undefined,Undefined,Undefined,0,0,NA,49.05541,0.810195,-2.192387,870.251663,264.664032,02:45:00,5.35733,0.87948,25.14296,-44.59298,1.34858,3.56209,2.12171,-0.12339,46.94954,-11.835014,-1.188453,0.487836,87.90055,6.477178,-24.636466,2027.321018,NA,NA,NA,92.17711,89.76341,-26.244756,0.760835,-5.07551,2.06055,-1.48365,50,4.54665,3.28706,-73.69453,7.16956,-2.77496,9.23367,-31.04748,CAR_EAG,NA,CarsonNewman,NA,NA,20251008-CarsonNewman-BP-1,6a199800-a470-11f0-b415-636602e020f2,77.26449,4.48265,NA,2.10586,NA,NA,NA,2.28067,2.30381,0.15199,d1063248-16c1-4edd-b41f-f498c213e11a,2025-10-08,17:58:36,2025-10-08T17:58:36Z,2025-10-08T17:58:36Z,GroundBall,v3,CNE,NA,NA,NA,NA,Undefined,CAR_EAG,35d0cd43-f927-4bfe-87c8-0ec8aa24cc1c,35.36491,-71.8374,4.61683,5.36067,0.92512,-15.52374,-0.87866,2.72894,-1.38748,49.136491,2.30378,116.02682,-13.69511,NA,NA,NA,NA,NA,NA,2.35113,13.70281,-22.14813,NA,NA,NA,NA,NA,NA,0.17089,-53.73667,-0.112,NA,NA,NA,NA,NA,NA,NA,NA,NA,NA,NA,NA,NA,NA,NA,NA,NA,NA,NA,NA,NA,NA,NA,NA,NA,NA,NA,NA,High,High,High,High,High,NA,NA,NA,NA,NA,NA,NA,NA,NA,NA,NA,NA,NA,NA,NA,NA,NA,NA,NA,NA,NA,NA,NA,NA,NA,NA,NA,NA,NA,NA,NA,NA,NA,NA,NA,NA,NA,NA,NA,NA,NA,NA,NA,NA,NA,NA
NA,NA,NA,NA,NA,NA,NA,NA,NA,NA,NA,NA,NA,NA,NA,NA,137,2025-10-08,13:58:41,NA,NA,NA,NA,Undefined,CAR_EAG,"Gibson, Aiden",10011511,Right,CAR_EAG,Undefined,1,Bottom,0,0,0,Undefined,Changeup,Undefined,Undefined,Undefined,Undefined,0,0,NA,49.93801,0.802504,-2.498245,860.217234,258.025912,02:30:00,5.48784,0.87235,25.25597,-41.93014,2.37386,6.15552,2.46808,-0.091,47.40584,-11.173266,-0.759071,0.479063,91.08327,24.470322,-17.560627,1033.878974,104.7321,42.5868,-33.63305,339.71349,339.71349,-18.9551,3.930508,-8.48418,3.3391,-1.59198,50,4.70525,4.10038,-75.16383,6.96272,-4.78225,10.36062,-30.29192,CAR_EAG,NA,CarsonNewman,NA,NA,20251008-CarsonNewman-BP-1,6cfdf340-a470-11f0-b415-636602e020f2,78.67949,52.99084,NA,2.53217,NA,NA,NA,2.31599,2.77353,0.09166,d1063248-16c1-4edd-b41f-f498c213e11a,2025-10-08,17:58:41,2025-10-08T17:58:41Z,2025-10-08T17:58:41Z,LineDrive,v3,CNE,NA,NA,NA,NA,Undefined,CAR_EAG,ca430606-99e0-413b-8125-f9768bbb649c,35.25153,-73.10263,5.18031,5.49098,0.93628,-15.14596,-0.87086,3.14897,-2.39113,167.462003,2.31544,115.93848,-17.78114,4.36102,-1.08282,0.29328,-0.06867,0.00999,-6.2e-4,2.77425,55.31523,-16.27743,0.47425,0.2113,-0.15507,0.04869,-0.00731,4.2e-4,0.09193,-36.69296,3.83026,-0.74618,0.19031,-0.06866,0.0198,-0.00312,2e-4,NA,NA,NA,NA,NA,NA,NA,NA,NA,NA,NA,NA,NA,NA,NA,NA,NA,NA,NA,NA,NA,NA,High,High,High,High,High,NA,NA,NA,NA,NA,NA,NA,NA,NA,NA,NA,NA,NA,NA,NA,NA,NA,NA,NA,NA,NA,NA,NA,NA,NA,NA,NA,NA,NA,NA,NA,NA,NA,NA,NA,NA,NA,NA,NA,NA,NA,NA,NA,NA,NA,NA
NA,NA,NA,NA,NA,NA,NA,NA,NA,NA,NA,NA,NA,NA,NA,NA,138,2025-10-08,13:58:47,NA,NA,NA,NA,Undefined,CAR_EAG,"Gibson, Aiden",10011511,Right,CAR_EAG,Undefined,1,Bottom,0,0,0,Undefined,Curveball,Undefined,Undefined,Undefined,Undefined,0,0,NA,49.95248,0.418069,-2.100718,1835.942316,226.456055,01:30:00,5.5607,0.73237,25.18553,-40.21132,4.31437,3.37788,2.45734,-0.2299,47.34271,-11.055962,-1.148097,0.48026,92.59643,19.831315,-24.890103,827.095549,99.02699,28.69767,-47.89106,264.83277,243.05628,-28.289872,2.671682,-4.89414,5.84835,-1.312,50,4.90734,3.20621,-75.22997,6.17262,-2.75623,10.59995,-28.88044,CAR_EAG,NA,CarsonNewman,NA,NA,20251008-CarsonNewman-BP-1,70b68e70-a470-11f0-b415-636602e020f2,78.48334,30.3005,NA,2.60976,NA,NA,NA,2.61539,2.79216,0.20111,d1063248-16c1-4edd-b41f-f498c213e11a,2025-10-08,17:58:47,2025-10-08T17:58:47Z,2025-10-08T17:58:47Z,LineDrive,v3,CNE,NA,NA,NA,NA,Undefined,CAR_EAG,2e1525b8-678d-4f81-8966-00df3ec4c0d2,35.32143,-73.13251,5.29998,5.56335,0.45791,-14.44022,-0.73153,2.66082,-1.37812,105.741974,2.61528,115.89394,-16.89929,3.41228,-0.59295,0.025,0.02277,-0.00696,6.9e-4,2.79221,46.07019,-21.4067,2.21054,-0.51847,0.14118,-0.03545,0.0064,-5.2e-4,0.20097,-53.76125,2.93697,-0.25971,0.16727,-0.13151,0.05551,-0.01195,0.00104,NA,NA,NA,NA,NA,NA,NA,NA,NA,NA,NA,NA,NA,NA,NA,NA,NA,NA,NA,NA,NA,NA,High,High,High,High,High,NA,NA,NA,NA,NA,NA,NA,NA,NA,NA,NA,NA,NA,NA,NA,NA,NA,NA,NA,NA,NA,NA,NA,NA,NA,NA,NA,NA,NA,NA,NA,NA,NA,NA,NA,NA,NA,NA,NA,NA,NA,NA,NA,NA,NA,NA
NA,NA,NA,NA,NA,NA,NA,NA,NA,NA,NA,NA,NA,NA,NA,NA,139,2025-10-08,13:58:53,NA,NA,NA,NA,Undefined,CAR_EAG,"Gibson, Aiden",10011511,Right,CAR_EAG,Undefined,1,Bottom,0,0,0,Undefined,Curveball,Undefined,Undefined,Undefined,Undefined,0,0,NA,50.60154,0.306214,-1.516906,966.297006,191.296372,12:30:00,5.56996,0.66756,25.38477,-35.62805,7.36122,1.24803,2.78118,-0.12107,47.67922,-9.971646,-1.163042,0.471902,NA,NA,NA,NA,NA,NA,NA,NA,NA,NA,NA,-2.07799,9.82776,-1.07691,50,4.9871,2.1894,-76.30624,5.57918,-1.19876,11.27747,-26.50453,CAR_EAG,NA,CarsonNewman,NA,NA,20251008-CarsonNewman-BP-1,7416a960-a470-11f0-b415-636602e020f2,79.87352,NA,NA,2.92232,NA,NA,NA,NA,NA,NA,d1063248-16c1-4edd-b41f-f498c213e11a,2025-10-08,17:58:53,2025-10-08T17:58:53Z,2025-10-08T17:58:53Z,NA,v3,CNE,NA,NA,NA,NA,Undefined,CAR_EAG,3bb6600f-4677-4d55-b514-a761abdd1afb,35.1209,-74.07459,5.63873,5.5722,0.33432,-13.25226,-0.66713,1.95219,-0.59938,NA,NA,NA,NA,NA,NA,NA,NA,NA,NA,NA,NA,NA,NA,NA,NA,NA,NA,NA,NA,NA,NA,NA,NA,NA,NA,NA,NA,NA,NA,NA,NA,NA,NA,NA,NA,NA,NA,NA,NA,NA,NA,NA,NA,NA,NA,NA,NA,NA,NA,High,High,High,NA,NA,NA,NA,NA,NA,NA,NA,NA,NA,NA,NA,NA,NA,NA,NA,NA,NA,NA,NA,NA,NA,NA,NA,NA,NA,NA,NA,NA,NA,NA,NA,NA,NA,NA,NA,NA,NA,NA,NA,NA,NA,NA,NA,NA,NA,NA,NA
NA,NA,NA,NA,NA,NA,NA,NA,NA,NA,NA,NA,NA,NA,NA,NA,140,2025-10-08,13:58:58,NA,NA,NA,NA,Undefined,CAR_EAG,"Gibson, Aiden",10011511,Right,CAR_EAG,Undefined,1,Bottom,0,0,0,Undefined,Curveball,Undefined,Undefined,Undefined,Undefined,0,0,NA,50.96461,-1.028361,-2.710216,1880.488298,226.865949,01:30:00,5.55906,0.69856,25.26253,-37.18246,5.76658,4.89181,1.85258,-0.49524,48.02929,-11.663619,-1.327069,0.471681,NA,NA,NA,NA,NA,NA,NA,NA,NA,NA,NA,-7.05457,8.26827,-1.45562,50,5.31836,4.29207,-76.89554,3.91505,-4.1044,12.04785,-27.36351,CAR_EAG,NA,CarsonNewman,NA,NA,20251008-CarsonNewman-BP-1,77631540-a470-11f0-b415-636602e020f2,79.91092,NA,NA,2.93532,NA,NA,NA,NA,NA,NA,d1063248-16c1-4edd-b41f-f498c213e11a,2025-10-08,17:58:58,2025-10-08T17:58:58Z,2025-10-08T17:58:58Z,NA,v3,CNE,NA,NA,NA,NA,Undefined,CAR_EAG,c7a98e8b-648a-42f5-a18a-0b8aac829e76,35.24353,-74.54768,6.02393,5.56172,-1.4175,-13.68176,-0.69713,3.49221,-2.0522,NA,NA,NA,NA,NA,NA,NA,NA,NA,NA,NA,NA,NA,NA,NA,NA,NA,NA,NA,NA,NA,NA,NA,NA,NA,NA,NA,NA,NA,NA,NA,NA,NA,NA,NA,NA,NA,NA,NA,NA,NA,NA,NA,NA,NA,NA,NA,NA,NA,NA,High,High,High,NA,NA,NA,NA,NA,NA,NA,NA,NA,NA,NA,NA,NA,NA,NA,NA,NA,NA,NA,NA,NA,NA,NA,NA,NA,NA,NA,NA,NA,NA,NA,NA,NA,NA,NA,NA,NA,NA,NA,NA,NA,NA,NA,NA,NA,NA,NA,NA
NA,NA,NA,NA,NA,NA,NA,NA,NA,NA,NA,NA,NA,NA,NA,NA,141,2025-10-08,13:59:05,NA,NA,NA,NA,Undefined,CAR_EAG,"Gibson, Aiden",10011511,Right,CAR_EAG,Undefined,1,Bottom,0,0,0,Undefined,Changeup,Undefined,Undefined,Undefined,Undefined,0,0,NA,49.72739,0.285866,-1.074197,939.459818,238.968121,02:00:00,5.56616,0.76284,25.21565,-41.55203,3.50032,3.84138,2.27255,0.44774,46.9656,-11.587335,0.011659,0.483092,NA,NA,NA,NA,NA,NA,NA,NA,NA,NA,NA,-5.06087,5.24756,-1.08156,50,4.94422,1.8892,-75.02038,6.06212,-2.81418,11.12879,-29.25606,CAR_EAG,NA,CarsonNewman,NA,NA,20251008-CarsonNewman-BP-1,7b932a60-a470-11f0-b415-636602e020f2,78.02328,NA,NA,2.7618,NA,NA,NA,NA,NA,NA,d1063248-16c1-4edd-b41f-f498c213e11a,2025-10-08,17:59:05,2025-10-08T17:59:05Z,2025-10-08T17:59:05Z,NA,v3,CNE,NA,NA,NA,NA,Undefined,CAR_EAG,0f44f80c-4402-40a5-bc4a-01feaa0ccb5a,35.28939,-72.80546,5.5644,5.5713,0.2394,-14.62803,-0.7613,1.3291,-1.40709,NA,NA,NA,NA,NA,NA,NA,NA,NA,NA,NA,NA,NA,NA,NA,NA,NA,NA,NA,NA,NA,NA,NA,NA,NA,NA,NA,NA,NA,NA,NA,NA,NA,NA,NA,NA,NA,NA,NA,NA,NA,NA,NA,NA,NA,NA,NA,NA,NA,NA,High,High,High,NA,NA,NA,NA,NA,NA,NA,NA,NA,NA,NA,NA,NA,NA,NA,NA,NA,NA,NA,NA,NA,NA,NA,NA,NA,NA,NA,NA,NA,NA,NA,NA,NA,NA,NA,NA,NA,NA,NA,NA,NA,NA,NA,NA,NA,NA,NA,NA
NA,NA,NA,NA,NA,NA,NA,NA,NA,NA,NA,NA,NA,NA,NA,NA,142,2025-10-08,13:59:10,NA,NA,NA,NA,Undefined,CAR_EAG,"Gibson, Aiden",10011511,Right,CAR_EAG,Undefined,1,Bottom,0,0,0,Undefined,Changeup,Undefined,Undefined,Undefined,Undefined,0,0,NA,49.80127,0.173681,-1.584297,917.480797,259.687927,02:45:00,5.52788,0.78605,25.26079,-42.55113,1.78913,4.24425,2.08455,0.204,47.57521,-11.937909,-0.38262,0.479259,74.8144,-3.466385,-50.650254,NA,NA,NA,NA,29.0172,21.87838,-47.181415,0.286155,-5.80977,2.75961,-1.24787,50,4.89429,2.64552,-74.93821,6.24509,-3.27003,9.9185,-30.62082,CAR_EAG,NA,CarsonNewman,NA,NA,20251008-CarsonNewman-BP-1,7e686a70-a470-11f0-b415-636602e020f2,78.6473,2.77092,NA,2.22607,NA,NA,NA,NA,NA,NA,d1063248-16c1-4edd-b41f-f498c213e11a,2025-10-08,17:59:10,2025-10-08T17:59:10Z,2025-10-08T17:59:10Z,GroundBall,v3,CNE,NA,NA,NA,NA,Undefined,CAR_EAG,72d04b33-ae89-4afc-8fa8-79c702be9a97,35.24704,-72.95944,4.95925,5.53082,0.13616,-15.31041,-0.78515,1.99314,-1.63501,NA,0.14796,69.4298,-3.5859,NA,NA,NA,NA,NA,NA,2.77098,-6.63737,-10.64586,NA,NA,NA,NA,NA,NA,2.8919,-84.68451,0.69481,NA,NA,NA,NA,NA,NA,NA,NA,NA,NA,NA,NA,NA,NA,NA,NA,NA,NA,NA,NA,NA,NA,NA,NA,NA,NA,NA,NA,High,High,High,Low,Low,NA,NA,NA,NA,NA,NA,NA,NA,NA,NA,NA,NA,NA,NA,NA,NA,NA,NA,NA,NA,NA,NA,NA,NA,NA,NA,NA,NA,NA,NA,NA,NA,NA,NA,NA,NA,NA,NA,NA,NA,NA,NA,NA,NA,NA,NA
NA,NA,NA,NA,NA,NA,NA,NA,NA,NA,NA,NA,NA,NA,NA,NA,143,2025-10-08,13:59:18,NA,NA,NA,NA,Undefined,CAR_EAG,"Gibson, Aiden",10011511,Right,CAR_EAG,Undefined,1,Bottom,0,0,0,Undefined,Curveball,Undefined,Undefined,Undefined,Undefined,0,0,NA,49.97606,0.275107,-1.93465,856.317547,261.58846,02:45:00,5.45043,0.74909,25.47005,-42.2677,1.55221,3.03083,2.08966,-0.13408,47.38524,-11.861169,-1.071628,0.476439,90.77045,32.025318,-6.33023,NA,109.82571,60.40302,-6.18081,360.97746,359.49581,1.407021,4.850531,-4.48087,2.54858,-1.29312,50,4.77994,2.9595,-75.4063,6.44205,-2.52402,11.02364,-30.73846,CAR_EAG,NA,CarsonNewman,NA,NA,20251008-CarsonNewman-BP-1,82f3e600-a470-11f0-b415-636602e020f2,79.11283,80.09929,NA,2.59081,NA,NA,NA,1.92631,2.39136,0.15522,d1063248-16c1-4edd-b41f-f498c213e11a,2025-10-08,17:59:18,2025-10-08T17:59:18Z,2025-10-08T17:59:18Z,FlyBall,v3,CNE,NA,NA,NA,NA,Undefined,CAR_EAG,898d0977-1a4c-4c27-a6cc-85d2840d540b,35.03722,-73.18622,5.51182,5.45396,0.25152,-15.36923,-0.74828,2.45118,-1.26201,212.712258,1.9297,112.10869,-17.5563,3.58602,-0.34543,-0.06522,0.026950000000000002,-0.00328,1.4e-4,2.38977,70.62329,-17.74178,0.96847,-0.07941,-0.04329,0.02516,-0.00469,3e-4,0.15345,-12.40734,8.02705,-2.11475,0.29707,0.00821,-0.01049,0.00143,-6e-5,NA,NA,NA,NA,NA,NA,NA,NA,NA,NA,NA,NA,NA,NA,NA,NA,NA,NA,NA,NA,NA,NA,High,High,High,High,High,NA,NA,NA,NA,NA,NA,NA,NA,NA,NA,NA,NA,NA,NA,NA,NA,NA,NA,NA,NA,NA,NA,NA,NA,NA,NA,NA,NA,NA,NA,NA,NA,NA,NA,NA,NA,NA,NA,NA,NA,NA,NA,NA,NA,NA,NA
NA,NA,NA,NA,NA,NA,NA,NA,NA,NA,NA,NA,NA,NA,NA,NA,144,2025-10-08,13:59:26,NA,NA,NA,NA,Undefined,CAR_EAG,"Gibson, Aiden",10011511,Right,CAR_EAG,Undefined,1,Bottom,0,0,0,Undefined,Changeup,Undefined,Undefined,Undefined,Undefined,0,0,NA,49.84237,0.204751,-2.136809,938.675587,228.056463,01:30:00,5.47735,0.72092,25.33542,-41.0914,3.59882,2.64744,2.17379,-0.31801,46.94416,-11.584676,-1.3865,0.481147,92.76446,24.720786,-15.692375,970.778992,105.01924,42.11673,-32.72318,315.55388,315.55388,-20.211581,3.778487,-4.08666,5.14335,-1.30636,50,4.86052,3.15812,-75.29782,6.03141,-2.27591,11.69542,-29.30965,CAR_EAG,NA,CarsonNewman,NA,NA,20251008-CarsonNewman-BP-1,87ec0610-a470-11f0-b415-636602e020f2,78.33874,50.57832,NA,2.8982,NA,NA,NA,2.37193,2.5136,0.30822,d1063248-16c1-4edd-b41f-f498c213e11a,2025-10-08,17:59:26,2025-10-08T17:59:26Z,2025-10-08T17:59:26Z,FlyBall,v3,CNE,NA,NA,NA,NA,Undefined,CAR_EAG,e0f3bc96-c012-47d1-bcff-10a1ec948974,35.17105,-72.9582,5.84771,5.48062,0.16816,-14.65483,-0.72013,2.70284,-1.13796,141.579936,2.37129,119.00052,-21.42109,5.5945,-1.56336,0.47376,-0.12575,0.02045,-0.00137,2.51431,56.87537,-18.27893,0.66613,0.34464,-0.24768,0.08213,-0.01315,8.1e-4,0.30843,-33.43369,-0.20833,1.18742,-0.39565,0.05713,0.00331,-0.00253,2.6e-4,NA,NA,NA,NA,NA,NA,NA,NA,NA,NA,NA,NA,NA,NA,NA,NA,NA,NA,NA,NA,NA,NA,High,High,High,High,High,NA,NA,NA,NA,NA,NA,NA,NA,NA,NA,NA,NA,NA,NA,NA,NA,NA,NA,NA,NA,NA,NA,NA,NA,NA,NA,NA,NA,NA,NA,NA,NA,NA,NA,NA,NA,NA,NA,NA,NA,NA,NA,NA,NA,NA,NA
NA,NA,NA,NA,NA,NA,NA,NA,NA,NA,NA,NA,NA,NA,NA,NA,145,2025-10-08,13:59:43,NA,NA,NA,NA,Undefined,CAR_EAG,"Gibson, Aiden",10011511,Right,CAR_EAG,Undefined,1,Bottom,0,0,0,Undefined,Curveball,Undefined,Undefined,Undefined,Undefined,0,0,NA,49.4565,0.609526,-2.415376,1721.47168,256.444302,02:30:00,5.28043,0.96036,25.21163,-43.379,1.69866,2.8402,2.02629,-0.23211,47.26806,-11.72052,-1.613671,0.483228,82.89357,19.937815,-4.513543,1271.205841,109.84181,29.04479,-5.89717,265.42547,265.42547,-1.689476,2.971494,-4.27201,2.54071,-1.61603,50,4.52888,3.51267,-74.32639,6.84839,-2.37139,9.54903,-30.76371,CAR_EAG,NA,CarsonNewman,NA,NA,20251008-CarsonNewman-BP-1,91ec99e0-a470-11f0-b415-636602e020f2,78.00138,30.86197,NA,2.18845,NA,NA,NA,2.43511,2.2163,0.20026,d1063248-16c1-4edd-b41f-f498c213e11a,2025-10-08,17:59:43,2025-10-08T17:59:43Z,2025-10-08T17:59:43Z,LineDrive,v3,CNE,NA,NA,NA,NA,Undefined,CAR_EAG,4bddbf2c-0224-4fda-8a01-7652692ef332,35.29613,-72.41269,4.77451,5.28357,0.68308,-15.38186,-0.95969,3.03742,-1.1857,207.966661,2.43516,113.93298,-14.07938,2.91377,-0.47727,0.01713,0.02286,-0.00743,8.1e-4,2.21622,41.4612,-15.89409,0.78974,-0.19496,0.1074,-0.04641,0.01145,-0.00115,0.20026,-8.9938,3.9532,-1.07942,0.25242,-0.04775,0.00662,-5.5e-4,1e-5,NA,NA,NA,NA,NA,NA,NA,NA,NA,NA,NA,NA,NA,NA,NA,NA,NA,NA,NA,NA,NA,NA,High,High,High,High,High,NA,NA,NA,NA,NA,NA,NA,NA,NA,NA,NA,NA,NA,NA,NA,NA,NA,NA,NA,NA,NA,NA,NA,NA,NA,NA,NA,NA,NA,NA,NA,NA,NA,NA,NA,NA,NA,NA,NA,NA,NA,NA,NA,NA,NA,NA
NA,NA,NA,NA,NA,NA,NA,NA,NA,NA,NA,NA,NA,NA,NA,NA,146,2025-10-08,13:59:47,NA,NA,NA,NA,Undefined,CAR_EAG,"Gibson, Aiden",10011511,Right,CAR_EAG,Undefined,1,Bottom,0,0,0,Undefined,Changeup,Undefined,Undefined,Undefined,Undefined,0,0,NA,50.09323,0.317797,-1.500843,888.974051,269.573388,03:00:00,5.41863,0.87802,24.97466,-43.73207,1.16724,4.6504,1.9636,0.37163,47.51653,-12.053559,-0.194967,0.482271,91.34332,8.282654,-26.462423,1908.167695,NA,NA,NA,122.13273,121.62882,-29.430286,1.017325,-6.22063,1.96087,-1.31104,50,4.77579,2.57574,-75.51546,6.34433,-3.51732,10.98064,-31.06533,CAR_EAG,NA,CarsonNewman,NA,NA,20251008-CarsonNewman-BP-1,947603e0-a470-11f0-b415-636602e020f2,78.15611,6.43063,NA,2.5767,NA,NA,NA,2.4549,2.30248,-0.37642,d1063248-16c1-4edd-b41f-f498c213e11a,2025-10-08,17:59:47,2025-10-08T17:59:47Z,2025-10-08T17:59:47Z,LineDrive,v3,CNE,NA,NA,NA,NA,Undefined,CAR_EAG,effbf2fd-00ed-47a7-82b7-cb07afc4f004,35.53289,-73.38166,5.49032,5.4221,0.3076,-15.53266,-0.87692,1.89225,-1.75866,65.14908,2.4549,118.68309000000001,-18.54088,2.80048,-0.89344,0.70735,-0.55005,0.22579,-0.03532,2.30247,19.29973,-23.72732,3.08513,-0.96105,0.73065,-0.55961,0.24237,-0.04186,-0.37642,-59.07499,-0.75906,1.64369,-0.98704,1.16456,-1.00896,0.46313,-0.08488,NA,NA,NA,NA,NA,NA,NA,NA,NA,NA,NA,NA,NA,NA,NA,NA,NA,NA,NA,NA,NA,NA,High,High,High,High,High,NA,NA,NA,NA,NA,NA,NA,NA,NA,NA,NA,NA,NA,NA,NA,NA,NA,NA,NA,NA,NA,NA,NA,NA,NA,NA,NA,NA,NA,NA,NA,NA,NA,NA,NA,NA,NA,NA,NA,NA,NA,NA,NA,NA,NA,NA
NA,NA,NA,NA,NA,NA,NA,NA,NA,NA,NA,NA,NA,NA,NA,NA,147,2025-10-08,13:59:53,NA,NA,NA,NA,Undefined,CAR_EAG,"Floyd, Logan",1000148156,Right,CAR_EAG,Undefined,1,Bottom,0,0,0,Undefined,Changeup,Undefined,Undefined,Undefined,Undefined,0,0,NA,49.28879,0.810128,-2.161364,897.141932,238.44648,02:00:00,5.48787,0.81002,25.07328,-43.29463,2.86819,2.75874,2.36138,-0.24402,46.657,-11.49827,-1.38579,0.48901,91.47799,7.668112,-15.476636,1747.455661,NA,NA,NA,107.28426,107.28426,-16.788906,0.884181,-4.13421,3.95,-1.3921,50,4.71253,3.15434,-74.26909,6.89962,-2.26084,10.62947,-30.01395,CAR_EAG,NA,CarsonNewman,NA,NA,20251008-CarsonNewman-BP-1,97fe4040-a470-11f0-b415-636602e020f2,77.0791,5.7781,NA,2.6318,NA,NA,NA,2.44161,2.61307,0.25987,d1063248-16c1-4edd-b41f-f498c213e11a,2025-10-08,17:59:53,2025-10-08T17:59:53Z,2025-10-08T17:59:53Z,GroundBall,v3,CNE,NA,NA,NA,NA,Undefined,CAR_EAG,86959ac5-20f0-4d02-85ee-bd3fb2b4916a,35.43367,-72.15423,5.31473,5.49123,0.92799,-15.00698,-0.80926,2.70451,-1.13042,35.200265,2.50275,127.20215,-15.75459,NA,NA,NA,NA,NA,NA,2.70819,16.4296,-22.15608,NA,NA,NA,NA,NA,NA,0.27928,-35.78647,0.45624,NA,NA,NA,NA,NA,NA,NA,NA,NA,NA,NA,NA,NA,NA,NA,NA,NA,NA,NA,NA,NA,NA,NA,NA,NA,NA,NA,NA,High,High,High,High,High,NA,NA,NA,NA,NA,NA,NA,NA,NA,NA,NA,NA,NA,NA,NA,NA,NA,NA,NA,NA,NA,NA,NA,NA,NA,NA,NA,NA,NA,NA,NA,NA,NA,NA,NA,NA,NA,NA,NA,NA,NA,NA,NA,NA,NA,NA
NA,NA,NA,NA,NA,NA,NA,NA,NA,NA,NA,NA,NA,NA,NA,NA,148,2025-10-08,13:59:58,NA,NA,NA,NA,Undefined,CAR_EAG,"Floyd, Logan",1000148156,Right,CAR_EAG,Undefined,1,Bottom,0,0,0,Undefined,Changeup,Undefined,Undefined,Undefined,Undefined,0,0,NA,49.30308,0.555243,-2.850508,794.893171,267.00879,03:00:00,5.36175,0.79122,25.12605,-44.88581,1.56894,4.80874,1.95085,-0.49933,46.34353,-12.232311,-1.496373,0.490554,88.84534,21.533628,4.365737,1857.532201,109.20906,34.2972,13.16217,298.04951,298.04951,9.761151,3.379758,-7.00989,2.47933,-1.57448,50,4.63591,4.31435,-74.50334,6.73399,-3.80226,11.86448,-30.82923,CAR_EAG,NA,CarsonNewman,NA,NA,20251008-CarsonNewman-BP-1,9add9270-a470-11f0-b415-636602e020f2,76.83654,38.9767,NA,2.95955,NA,NA,NA,2.31052,2.13097,0.4766,d1063248-16c1-4edd-b41f-f498c213e11a,2025-10-08,17:59:58,2025-10-08T17:59:58Z,2025-10-08T17:59:58Z,LineDrive,v3,CNE,NA,NA,NA,NA,Undefined,CAR_EAG,f9b6e2aa-7a48-4ab6-93be-30036cae6e83,35.38081,-72.13771,5.93224,5.36577,0.58703,-15.41462,-0.78984,3.55622,-1.90113,221.605613,2.31011,120.87435,-18.94362,4.71295,-1.27324,0.40825,-0.12011,0.02202,-0.00167,2.1315,47.81048,-16.35705,0.24089,0.46469,-0.29452,0.1013,-0.01731,0.00113,0.47662,9.22609,4.84826,-2.09865,0.65795,-0.17101,0.03698,-0.00532,3.4e-4,NA,NA,NA,NA,NA,NA,NA,NA,NA,NA,NA,NA,NA,NA,NA,NA,NA,NA,NA,NA,NA,NA,High,High,High,High,High,NA,NA,NA,NA,NA,NA,NA,NA,NA,NA,NA,NA,NA,NA,NA,NA,NA,NA,NA,NA,NA,NA,NA,NA,NA,NA,NA,NA,NA,NA,NA,NA,NA,NA,NA,NA,NA,NA,NA,NA,NA,NA,NA,NA,NA,NA
NA,NA,NA,NA,NA,NA,NA,NA,NA,NA,NA,NA,NA,NA,NA,NA,149,2025-10-08,14:00:04,NA,NA,NA,NA,Undefined,CAR_EAG,"Floyd, Logan",1000148156,Right,CAR_EAG,Undefined,1,Bottom,0,0,0,Undefined,Curveball,Undefined,Undefined,Undefined,Undefined,0,0,NA,49.32946,0.213471,-2.773551,1925.861904,266.227111,02:45:00,5.38599,1.03098,25.23484,-44.30506,1.46551,4.12835,1.8202,-0.26526,46.73669,-12.407557,-1.607048,0.486928,89.33428,24.672558,11.574398,2885.668528,106.53141,40.61926,27.40525,305.77007,305.77007,19.387019,3.678358,-6.09973,2.47327,-1.79412,50,4.73498,4.13873,-74.40026,6.3556,-3.33479,10.97531,-30.82188,CAR_EAG,NA,CarsonNewman,NA,NA,20251008-CarsonNewman-BP-1,9ea87d20-a470-11f0-b415-636602e020f2,77.408690000000007,47.65477,NA,2.59277,NA,NA,NA,2.05314,2.12328,0.29263,d1063248-16c1-4edd-b41f-f498c213e11a,2025-10-08,18:00:04,2025-10-08T18:00:04Z,2025-10-08T18:00:04Z,LineDrive,v3,CNE,NA,NA,NA,NA,Undefined,CAR_EAG,e5ddb5e5-e1bf-4348-a47c-9544f15c630c,35.27238,-72.19501,5.48765,5.38983,0.16259,-15.41094,-1.02985,3.46868,-1.6674,225.549308,2.05235,116.66559,-19.18247,4.50604,-1.25295,0.39813,-0.10557,0.01658,-0.00107,2.12398,54.67165,-17.91995,0.87541,0.16665,-0.16727,0.0564,-0.00855,4.8e-4,0.29276,23.88408,3.2336,-1.45279,0.48579,-0.13578,0.02823,-0.00346,1.8e-4,NA,NA,NA,NA,NA,NA,NA,NA,NA,NA,NA,NA,NA,NA,NA,NA,NA,NA,NA,NA,NA,NA,High,High,High,High,High,NA,NA,NA,NA,NA,NA,NA,NA,NA,NA,NA,NA,NA,NA,NA,NA,NA,NA,NA,NA,NA,NA,NA,NA,NA,NA,NA,NA,NA,NA,NA,NA,NA,NA,NA,NA,NA,NA,NA,NA,NA,NA,NA,NA,NA,NA
NA,NA,NA,NA,NA,NA,NA,NA,NA,NA,NA,NA,NA,NA,NA,NA,150,2025-10-08,14:00:17,NA,NA,NA,NA,Undefined,CAR_EAG,"Floyd, Logan",1000148156,Right,CAR_EAG,Undefined,1,Bottom,0,0,0,Undefined,Curveball,Undefined,Undefined,Undefined,Undefined,0,0,NA,49.71698,-0.386504,-1.489283,933.698295,213.299074,01:00:00,5.50634,0.62561,25.31964,-41.66191,2.73823,1.115,1.80661,-0.15953,47.50041,-12.254032,-1.173002,0.479583,89.00984,32.096096,2.187923,NA,109.54138,58.40261,10.02974,336.56706,336.56706,9.203772,4.626386,-1.86575,4.19858,-1.0248,50,5.02524,2.09614,-74.84255,5.40475,-1.04535,10.06112,-29.82165,CAR_EAG,NA,CarsonNewman,NA,NA,20251008-CarsonNewman-BP-1,a66fe9d0-a470-11f0-b415-636602e020f2,78.59424,73.40328,NA,2.21658,NA,NA,NA,2.09248,2.15584,0.20573,d1063248-16c1-4edd-b41f-f498c213e11a,2025-10-08,18:00:17,2025-10-08T18:00:17Z,2025-10-08T18:00:17Z,FlyBall,v3,CNE,NA,NA,NA,NA,Undefined,CAR_EAG,6a7f1915-2f31-4c21-b5f4-bd51c4f973d3,35.18766,-72.8241,5.03056,5.50941,-0.57803,-14.91082,-0.62531,1.88642,-0.52268,215.774801,2.09692,110.41232,-18.22397,3.67464,-0.22783,-0.16259,0.05449,-0.00651,2.7e-4,2.15533,69.3697,-18.72557,0.86037,0.16955,-0.16509,0.05938,-0.00974,5.9e-4,0.20521,4.23307,5.78165,-2.32957,0.65974,-0.14994,0.02894,-0.00387,2.3e-4,NA,NA,NA,NA,NA,NA,NA,NA,NA,NA,NA,NA,NA,NA,NA,NA,NA,NA,NA,NA,NA,NA,High,High,High,High,High,NA,NA,NA,NA,NA,NA,NA,NA,NA,NA,NA,NA,NA,NA,NA,NA,NA,NA,NA,NA,NA,NA,NA,NA,NA,NA,NA,NA,NA,NA,NA,NA,NA,NA,NA,NA,NA,NA,NA,NA,NA,NA,NA,NA,NA,NA
NA,NA,NA,NA,NA,NA,NA,NA,NA,NA,NA,NA,NA,NA,NA,NA,151,2025-10-08,14:00:22,NA,NA,NA,NA,Undefined,CAR_EAG,"Floyd, Logan",1000148156,Right,CAR_EAG,Undefined,1,Bottom,0,0,0,Undefined,Changeup,Undefined,Undefined,Undefined,Undefined,0,0,NA,49.57064,0.626009,-0.56734,810.258895,210.053492,01:00:00,5.64432,0.74574,25.18245,-40.14065,4.9478,2.2337,2.6698,0.5961,47.05351,-10.832867,0.062973,0.483286,87.25621,45.290486,-22.646645,3281.254262,102.27782,97.82196,-40.48761,298.86258,239.54961,-21.348037,5.702008,-2.96496,6.56217,-0.91856,50,4.936,1.03386,-74.64726,6.40883,-1.6488,10.19671,-28.52486,CAR_EAG,NA,CarsonNewman,NA,NA,20251008-CarsonNewman-BP-1,a95e7e40-a470-11f0-b415-636602e020f2,77.99201,119.13219,NA,2.51713,NA,NA,NA,2.86076,2.42945,-0.06858,d1063248-16c1-4edd-b41f-f498c213e11a,2025-10-08,18:00:22,2025-10-08T18:00:22Z,2025-10-08T18:00:22Z,FlyBall,v3,CNE,NA,NA,NA,NA,Undefined,CAR_EAG,86b428d3-9994-4a87-be66-681e71c47cbb,35.32446,-72.61493,5.09835,5.64678,0.72349,-14.26243,-0.74525,0.70524,-0.8244,182.902693,2.86585,82.99727,-16.52157,3.84447,-0.57685,0.04286,4.2e-4,-1.9e-4,0,2.42905,90.94586,-20.68596,1.44268,-0.02468,-0.08959,0.02891,-0.00386,1.9e-4,-0.07082,-34.62546,7.58411,-1.81866,0.28755,-0.02503,4.4e-4,6e-5,0,NA,NA,NA,NA,NA,NA,NA,NA,NA,NA,NA,NA,NA,NA,NA,NA,NA,NA,NA,NA,NA,NA,High,High,High,High,Medium,NA,NA,NA,NA,NA,NA,NA,NA,NA,NA,NA,NA,NA,NA,NA,NA,NA,NA,NA,NA,NA,NA,NA,NA,NA,NA,NA,NA,NA,NA,NA,NA,NA,NA,NA,NA,NA,NA,NA,NA,NA,NA,NA,NA,NA,NA
