player_name,display_name,active,notes,id,pitcher,date,rel_speed,horz_break,induced_vert_break,original_pitch_type,new_pitch_type,new_pitcher,modified_at,pitch_key,created_at,PitchNo,Date,Time,PAofInning,PitchofPA,Pitcher,PitcherId,PitcherThrows,PitcherTeam,Batter,BatterId,BatterSide,BatterTeam,PitcherSet,Inning,Top/Bottom,Outs,Balls,Strikes,TaggedPitchType,AutoPitchType,PitchCall,KorBB,TaggedHitType,PlayResult,OutsOnPlay,RunsScored,Notes,RelSpeed,VertRelAngle,HorzRelAngle,SpinRate,SpinAxis,Tilt,RelHeight,RelSide,Extension,VertBreak,InducedVertBreak,HorzBreak,PlateLocHeight,PlateLocSide,ZoneSpeed,VertApprAngle,HorzApprAngle,ZoneTime,ExitSpeed,Angle,Direction,HitSpinRate,PositionAt110X,PositionAt110Y,PositionAt110Z,Distance,LastTrackedDistance,Bearing,HangTime,pfxx,pfxz,x0,y0,z0,vx0,vy0,vz0,ax0,ay0,az0,HomeTeam,AwayTeam,Stadium,Level,League,GameID,PitchUID,EffectiveVelo,MaxHeight,MeasuredDuration,SpeedDrop,PitchLastMeasuredX,PitchLastMeasuredY,PitchLastMeasuredZ,ContactPositionX,ContactPositionY,ContactPositionZ,GameUID,UTCDate,UTCTime,LocalDateTime,UTCDateTime,AutoHitType,System,HomeTeamForeignID,AwayTeamForeignID,GameForeignID,Catcher,CatcherId,CatcherThrows,CatcherTeam,PlayID,PitchTrajectoryXc0,PitchTrajectoryXc1,PitchTrajectoryXc2,PitchTrajectoryYc0,PitchTrajectoryYc1,PitchTrajectoryYc2,PitchTrajectoryZc0,PitchTrajectoryZc1,PitchTrajectoryZc2,HitSpinAxis,HitTrajectoryXc0,HitTrajectoryXc1,HitTrajectoryXc2,HitTrajectoryXc3,HitTrajectoryXc4,HitTrajectoryXc5,HitTrajectoryXc6,HitTrajectoryXc7,HitTrajectoryXc8,HitTrajectoryYc0,HitTrajectoryYc1,HitTrajectoryYc2,HitTrajectoryYc3,HitTrajectoryYc4,HitTrajectoryYc5,HitTrajectoryYc6,HitTrajectoryYc7,HitTrajectoryYc8,HitTrajectoryZc0,HitTrajectoryZc1,HitTrajectoryZc2,HitTrajectoryZc3,HitTrajectoryZc4,HitTrajectoryZc5,HitTrajectoryZc6,HitTrajectoryZc7,HitTrajectoryZc8,ThrowSpeed,PopTime,ExchangeTime,TimeToBase,CatchPositionX,CatchPositionY,CatchPositionZ,ThrowPositionX,ThrowPositionY,ThrowPositionZ,BasePositionX,BasePositionY,BasePositionZ,ThrowTrajectoryXc0,ThrowTrajectoryXc1,ThrowTrajectoryXc2,ThrowTrajectoryYc0,ThrowTrajectoryYc1,ThrowTrajectoryYc2,ThrowTrajectoryZc0,ThrowTrajectoryZc1,ThrowTrajectoryZc2,PitchReleaseConfidence,PitchLocationConfidence,PitchMovementConfidence,HitLaunchConfidence,HitLandingConfidence,CatcherThrowCatchConfidence,CatcherThrowReleaseConfidence,CatcherThrowLocationConfidence,SpinAxis3dTransverseAngle,SpinAxis3dLongitudinalAngle,SpinAxis3dActiveSpinRate,SpinAxis3dSpinEfficiency,SpinAxis3dTilt,SpinAxis3dVectorX,SpinAxis3dVectorY,SpinAxis3dVectorZ,SpinAxis3dSeamOrientationRotationX,SpinAxis3dSeamOrientationRotationY,SpinAxis3dSeamOrientationRotationZ,SpinAxis3dSeamOrientationBallYAmb1,SpinAxis3dSeamOrientationBallAngleHorizontalAmb1,SpinAxis3dSeamOrientationBallZAmb1,SpinAxis3dSeamOrientationBallAngleVerticalAmb2,SpinAxis3dSeamOrientationBallZAmb2,SpinAxis3dSeamOrientationBallXAmb4,SpinAxis3dSeamOrientationBallYAmb4,SpinAxis3dSeamOrientationBallAngleHorizontalAmb2,SpinAxis3dSeamOrientationBallAngleVerticalAmb1,SpinAxis3dSeamOrientationBallXAmb1,SpinAxis3dSeamOrientationBallYAmb2,SpinAxis3dSeamOrientationBallAngleHorizontalAmb4,SpinAxis3dSeamOrientationBallAngleVerticalAmb4,SpinAxis3dSeamOrientationBallXAmb2,SpinAxis3dSeamOrientationBallAngleVerticalAmb3,SpinAxis3dSeamOrientationBallAngleHorizontalAmb3,SpinAxis3dSeamOrientationBallXAmb3,SpinAxis3dSeamOrientationBallYAmb3,SpinAxis3dSeamOrientationBallZAmb3,SpinAxis3dSeamOrientationBallZAmb4,session_id,play_id,camera_slot,camera_name,camera_target,video_type,azure_blob,azure_md5,cloudinary_url,cloudinary_public_id,uploaded_at,HitType
NA,NA,NA,NA,NA,NA,NA,NA,NA,NA,NA,NA,NA,NA,NA,NA,1,2025-10-09,15:04:25,1,1,"Bobo, Aaron",1000294694,Right,CAR_EAG,"Mutter, Evan",1000300074,Right,CAR_EAG,Undefined,1,Top,0,0,0,Fastball,Changeup,StrikeCalled,Undefined,Undefined,Undefined,0,0,NA,81.78818,-0.897254,-5.324886,2206.207669,248.07108,02:15:00,5.44068,3.00462,5.23379,-34.08195,9.23276,19.26477,1.75335,-0.40994,74.47438,-7.147172,-1.92659,0.473684,NA,NA,NA,NA,NA,NA,NA,NA,NA,NA,NA,-11.25914,5.27544,-2.5283,50,5.33237,10.22257,-118.18955,-3.03215,-15.8525,23.49455,-24.74642,CAR_EAG,CAR_EAG,CarsonNewman,TeamExclusive,Team,20251009-CarsonNewman-Private-1,c6334a00-a542-11f0-97db-7f19cf22c299,79.57289,NA,NA,7.31381,NA,NA,NA,NA,NA,NA,b9b1564c-54db-4627-8f3f-643d14cd8d51,2025-10-09,19:04:25,2025-10-09T19:04:25Z,2025-10-09T19:04:25Z,NA,v3,CNE,CNE,NA,"Cochran, Carson",10085797,Right,CAR_EAG,9dea5813-0358-4f90-b713-b7d8cde93291,55.26935,-119.23243,11.74727,5.44258,-1.9337,-12.37321,-2.99767,10.92623,-7.92625,NA,NA,NA,NA,NA,NA,NA,NA,NA,NA,NA,NA,NA,NA,NA,NA,NA,NA,NA,NA,NA,NA,NA,NA,NA,NA,NA,NA,NA,NA,NA,NA,NA,NA,NA,NA,NA,NA,NA,NA,NA,NA,NA,NA,NA,NA,NA,NA,NA,NA,High,High,High,NA,NA,NA,NA,NA,244.032095,8.051287,2184.461289,0.990143,02:15:00,-0.165793,-0.892262,-0.419978,-66.692986,-46.588635,77.878129,0.928448,109.434476,-0.123596,20.505444,0.123596,-0.350296,-0.928448,82.417322,68.194234,0.350296,0.350296,-109.434476,-68.194234,0.928448,-20.505444,-82.417322,-0.928448,-0.350296,0.123596,-0.123596,NA,NA,NA,NA,NA,NA,NA,NA,NA,NA,NA,NA
NA,NA,NA,NA,NA,NA,NA,NA,NA,NA,NA,NA,NA,NA,NA,NA,2,2025-10-09,15:04:53,1,2,"Bobo, Aaron",1000294694,Right,CAR_EAG,"Mutter, Evan",1000300074,Right,CAR_EAG,Undefined,1,Top,0,0,1,Slider,Curveball,FoulBallNotFieldable,Undefined,Undefined,Undefined,0,0,NA,75.02571,2.40905,-3.089461,2557.821015,18.537109,06:30:00,5.31581,3.10413,5.14299,-51.63152,-0.44079,-0.67697,3.2862,0.13584,68.81526,-6.961725,-3.208935,0.514952,NA,NA,NA,NA,NA,NA,NA,NA,NA,NA,NA,-0.51484,-0.49165,-2.81391,50,5.50163,5.89211,-108.68896,2.85796,-0.6162,18.95304,-32.76249,CAR_EAG,CAR_EAG,CarsonNewman,TeamExclusive,Team,20251009-CarsonNewman-Private-1,d7092250-a542-11f0-97db-7f19cf22c299,73.19597,NA,NA,6.21045,NA,NA,NA,NA,NA,NA,b9b1564c-54db-4627-8f3f-643d14cd8d51,2025-10-09,19:04:53,2025-10-09T19:04:53Z,2025-10-09T19:04:53Z,NA,v3,CNE,CNE,NA,"Cochran, Carson",10085797,Right,CAR_EAG,2b8d4769-d3aa-44f5-a32d-25245f932884,55.36067,-109.61976,9.47652,5.32176,4.46696,-16.38125,-3.10402,5.92237,-0.3081,NA,NA,NA,NA,NA,NA,NA,NA,NA,NA,NA,NA,NA,NA,NA,NA,NA,NA,NA,NA,NA,NA,NA,NA,NA,NA,NA,NA,NA,NA,NA,NA,NA,NA,NA,NA,NA,NA,NA,NA,NA,NA,NA,NA,NA,NA,NA,NA,NA,NA,High,High,High,NA,NA,NA,NA,NA,350.270055,76.157701,611.959562,0.23925,05:45:00,-0.957678,4.14e-4,0.287841,-24.256982,43.107301,-50.779105,0.5924,127.53545,-0.49084,39.706621,0.49084,-0.638857,-0.5924,50.35614,36.327512,0.638857,0.638857,-127.53545,-36.327512,0.5924,-39.706621,-50.35614,-0.5924,-0.638857,0.49084,-0.49084,NA,NA,NA,NA,NA,NA,NA,NA,NA,NA,NA,NA
NA,NA,NA,NA,NA,NA,NA,NA,NA,NA,NA,NA,NA,NA,NA,NA,3,2025-10-09,15:05:17,1,3,"Bobo, Aaron",1000294694,Right,CAR_EAG,"Mutter, Evan",1000300074,Right,CAR_EAG,Undefined,1,Top,0,0,2,Slider,Curveball,StrikeSwinging,Strikeout,Undefined,Undefined,0,0,NA,74.75525,0.358769,-3.996248,2628.665393,335.170006,05:15:00,5.13637,3.10923,5.63324,-55.01912,-4.27776,2.71736,0.88701,-0.39907,68.88409,-9.652214,-3.511765,0.512687,NA,NA,NA,NA,NA,NA,NA,NA,NA,NA,NA,-2.515,-1.76484,-2.77032,50,5.13179,7.46978,-108.34633,-1.06308,-2.9827,19.33526,-34.26708,CAR_EAG,CAR_EAG,CarsonNewman,TeamExclusive,Team,20251009-CarsonNewman-Private-1,e5333b90-a542-11f0-97db-7f19cf22c299,73.51938,NA,NA,5.87116,NA,NA,NA,NA,NA,NA,b9b1564c-54db-4627-8f3f-643d14cd8d51,2025-10-09,19:05:17,2025-10-09T19:05:17Z,2025-10-09T19:05:17Z,NA,v3,CNE,CNE,NA,"Cochran, Carson",10085797,Right,CAR_EAG,f46c7b37-f4ed-4e10-8730-ffbe03d8ea7b,54.87002,-109.21197,9.66763,5.14504,0.47105,-17.13354,-3.10773,7.60331,-1.49135,NA,NA,NA,NA,NA,NA,NA,NA,NA,NA,NA,NA,NA,NA,NA,NA,NA,NA,NA,NA,NA,NA,NA,NA,NA,NA,NA,NA,75.79026,NA,NA,0.863428,NA,NA,NA,-2.01352,5.51354,-2.52061,62.60081,4.64589,-62.19046,-1.99673,79.16984,-5.07831,5.52431,10.16746,-12.97796,-2.5567,-76.46382,8.64181,High,High,High,NA,NA,High,High,High,339.99088,75.644507,651.744509,0.247937,05:15:00,-0.950696,-0.078769,0.299956,-69.523679,5.862168,-55.819633,0.525413,144.269181,-0.690692,29.793534,0.690692,-0.496876,-0.525413,37.260448,31.696058,0.496876,0.496876,-144.269181,-31.696058,0.525413,-29.793534,-37.260448,-0.525413,-0.496876,0.690692,-0.690692,NA,NA,NA,NA,NA,NA,NA,NA,NA,NA,NA,NA
NA,NA,NA,NA,NA,NA,NA,NA,NA,NA,NA,NA,NA,NA,NA,NA,4,2025-10-09,15:05:59,2,1,"Bobo, Aaron",1000294694,Right,CAR_EAG,"Wyatt, Jack",10013525,Right,CAR_EAG,Undefined,1,Top,1,0,0,Fastball,Changeup,BallCalled,Undefined,Undefined,Undefined,0,0,NA,82.12262,-2.014975,-4.547955,2135.887845,259.640233,02:45:00,5.40556,3.00336,4.8938,-38.32282,5.338,20.75789,0.29911,0.42197,74.74419,-8.95858,-0.896921,0.475573,NA,NA,NA,NA,NA,NA,NA,NA,NA,NA,NA,-11.61985,3.69414,-2.57514,50,5.17537,8.52609,-118.62371,-5.60984,-16.41063,24.56552,-26.95683,CAR_EAG,CAR_EAG,CarsonNewman,TeamExclusive,Team,20251009-CarsonNewman-Private-1,fe3cd6f0-a542-11f0-97db-7f19cf22c299,79.25686,NA,NA,7.37843,NA,NA,NA,NA,NA,NA,b9b1564c-54db-4627-8f3f-643d14cd8d51,2025-10-09,19:05:59,2025-10-09T19:05:59Z,2025-10-09T19:05:59Z,NA,v3,CNE,CNE,NA,"Cochran, Carson",10085797,Right,CAR_EAG,2bc12275-2da8-48bf-a44b-c7a283e8dd6b,55.6081,-119.77945,12.28276,5.40946,-4.34159,-13.47842,-2.99443,9.29816,-8.20532,NA,NA,NA,NA,NA,NA,NA,NA,NA,NA,NA,NA,NA,NA,NA,NA,NA,NA,NA,NA,NA,NA,NA,NA,NA,NA,NA,NA,NA,NA,NA,NA,NA,NA,NA,NA,NA,NA,NA,NA,NA,NA,NA,NA,NA,NA,NA,NA,NA,NA,High,High,High,NA,NA,NA,NA,NA,246.465635,16.33128,2049.708872,0.959652,02:15:00,-0.279678,-0.889172,-0.362152,-37.689379,-34.339231,63.579788,0.964584,108.893042,-0.085411,14.451712,0.085411,-0.249564,-0.964584,84.939831,74.705828,0.249564,0.249564,-108.893042,-74.705828,0.964584,-14.451712,-84.939831,-0.964584,-0.249564,0.085411,-0.085411,NA,NA,NA,NA,NA,NA,NA,NA,NA,NA,NA,NA
NA,NA,NA,NA,NA,NA,NA,NA,NA,NA,NA,NA,NA,NA,NA,NA,5,2025-10-09,15:13:08,2,2,"Bobo, Aaron",1000294694,Right,CAR_EAG,"Wyatt, Jack",10013525,Right,CAR_EAG,Undefined,1,Top,1,1,0,Fastball,Changeup,BallCalled,Undefined,Undefined,Undefined,2,0,NA,83.20805,-1.634165,3.462328,2515.505455,157.024058,11:15:00,5.78004,-2.2228,5.40575,-23.14013,18.08863,-7.10815,2.31724,0.43307,76.12778,-5.9477,2.201096,0.462138,21.88041,-7.695595,28.432421,1416.653824,NA,NA,NA,10.84375,10.75752,19.498114,0.273107,4.56504,9.96312,1.91927,50,5.61836,-7.00307,-120.55227,-4.17811,6.71937,23.38756,-17.50915,CAR_EAG,CAR_EAG,CarsonNewman,TeamExclusive,Team,20251009-CarsonNewman-Private-1,fe594320-a543-11f0-870a-a764b86fb10a,81.56103,2.41967,NA,7.08027,NA,NA,NA,2.67483,2.41967,-0.529,b9b1564c-54db-4627-8f3f-643d14cd8d51,2025-10-09,19:13:08,2025-10-09T19:13:08Z,2025-10-09T19:13:08Z,GroundBall,v3,CNE,CNE,NA,"Cochran, Carson",10085797,Right,CAR_EAG,23eabcd2-e564-4f62-9dad-33ef9b36ef6f,55.09618,-121.53693,11.69378,5.77874,-3.44094,-8.75458,2.22007,-7.28597,3.35969,317.060369,2.67452,27.98058,-1.26052,NA,NA,NA,NA,NA,NA,2.41991,-4.30886,-16.67323,NA,NA,NA,NA,NA,NA,-0.52911,15.1467,0.15978,NA,NA,NA,NA,NA,NA,NA,NA,NA,NA,NA,NA,NA,NA,NA,NA,NA,NA,NA,NA,NA,NA,NA,NA,NA,NA,NA,NA,High,High,High,High,High,NA,NA,NA,146.61148,-33.918623,2087.444298,0.829831,11:00:00,0.585615,0.472395,-0.65871,20.953163,-35.171281,25.397874,-0.179272,167.168112,-0.95923,-12.620547,0.95923,-0.218493,0.179272,10.585986,-10.32737,0.218493,-0.218493,-167.168112,10.32737,0.179272,12.620547,-10.585986,-0.179272,0.218493,0.95923,-0.95923,NA,NA,NA,NA,NA,NA,NA,NA,NA,NA,NA,NA
NA,NA,NA,NA,NA,NA,NA,NA,NA,NA,NA,NA,NA,NA,NA,NA,6,2025-10-09,15:14:16,1,1,"Rowland, Bryson",10323022,Left,CAR_EAG,"Smith, Braxton",1000370200,Right,CAR_EAG,Undefined,1,Bottom,0,0,0,Fastball,Changeup,InPlay,Undefined,FlyBall,Out,2,0,NA,82.49655,-1.858185,3.548409,2609.273144,150.804742,11:00:00,5.90686,-2.12544,5.82743,-21.02726,20.30698,-10.58918,2.42319,0.29517,75.36285,-5.834168,1.655191,0.462729,83.80098,34.91286,8.900896,NA,107.14259,64.35773,24.90913,323.49198,319.87472,19.063199,4.690872,6.44087,11.31898,1.84157,50,5.7424,-7.00389,-119.56176,-4.47673,9.31165,23.31994,-15.81004,CAR_EAG,CAR_EAG,CarsonNewman,TeamExclusive,Team,20251009-CarsonNewman-Private-1,268169e0-a544-11f0-870a-a764b86fb10a,81.4569,77.47262,NA,7.1337,NA,NA,NA,1.36779,2.54809,-0.23702,b9b1564c-54db-4627-8f3f-643d14cd8d51,2025-10-09,19:14:16,2025-10-09T19:14:16Z,2025-10-09T19:14:16Z,FlyBall,v3,CNE,CNE,NA,"Van Ness, Jameson",1000370206,Right,CAR_EAG,31373e52-55db-4371-9403-70a5b978c8b1,54.67441,-120.47003,11.65997,5.90477,-3.86095,-7.90502,2.12143,-7.36656,4.65583,216.823135,1.3704,99.51137,-16.90565,3.61899,-0.30508,-0.10904,0.04173,-0.00547,2.6e-4,2.54743,70.35534,-18.23477,0.99532,-0.08666,-0.03517,0.02292,-0.00454,3e-4,-0.23747,15.60793,4.75068,-1.45392,0.21042,0.0176,-0.01293,0.00195,-1e-4,NA,NA,NA,NA,NA,NA,NA,NA,NA,NA,NA,NA,NA,NA,NA,NA,NA,NA,NA,NA,NA,NA,High,High,High,High,High,NA,NA,NA,152.970752,-31.592021,2222.578587,0.8518,11:00:00,0.557021,0.40388,-0.725678,47.994048,-11.909644,-24.710964,-0.178105,169.487132,-0.967494,-10.342917,0.967494,-0.179539,0.178105,10.430756,-10.259414,0.179539,-0.179539,-169.487132,10.259414,0.178105,10.342917,-10.430756,-0.178105,0.179539,0.967494,-0.967494,NA,NA,NA,NA,NA,NA,NA,NA,NA,NA,NA,NA
NA,NA,NA,NA,NA,NA,NA,NA,NA,NA,NA,NA,NA,NA,NA,NA,7,2025-10-09,15:15:09,2,1,"Rowland, Bryson",10323022,Left,CAR_EAG,"Kilgore, Tanner",814348,Right,CAR_EAG,Undefined,1,Bottom,2,0,0,Fastball,Changeup,BallCalled,Undefined,Undefined,Undefined,0,0,NA,82.43271,0.505601,2.421099,2442.571214,150.16227,11:00:00,6.08668,-2.26576,5.08504,-23.2858,19.68336,-10.40918,4.62323,-0.84967,74.25165,-3.87079,0.583431,0.471791,NA,NA,NA,NA,NA,NA,NA,NA,NA,NA,NA,5.86591,10.0226,2.04481,50,6.11709,-4.58058,-119.29548,0.31806,8.35449,25.45159,-17.89941,CAR_EAG,CAR_EAG,CarsonNewman,TeamExclusive,Team,20251009-CarsonNewman-Private-1,46686010-a544-11f0-870a-a764b86fb10a,79.89223,NA,NA,8.18106,NA,NA,NA,NA,NA,NA,b9b1564c-54db-4627-8f3f-643d14cd8d51,2025-10-09,19:15:09,2025-10-09T19:15:09Z,2025-10-09T19:15:09Z,NA,v3,CNE,CNE,NA,"Van Ness, Jameson",1000370206,Right,CAR_EAG,898de5bd-120a-4c95-82b0-11ddbef5e1dd,55.41155,-120.44449,12.72579,6.08449,1.12614,-8.94971,2.26011,-4.95775,4.17724,NA,NA,NA,NA,NA,NA,NA,NA,NA,NA,NA,NA,NA,NA,NA,NA,NA,NA,NA,NA,NA,NA,NA,NA,NA,NA,NA,NA,NA,NA,NA,NA,NA,NA,NA,NA,NA,NA,NA,NA,NA,NA,NA,NA,NA,NA,NA,NA,NA,NA,High,High,High,NA,NA,NA,NA,NA,149.744444,-25.860244,2197.973706,0.899861,11:00:00,0.472604,0.449535,-0.758,-8.495784,-30.279575,69.562024,-0.1422,172.83024700000001,-0.982098,-7.096517,0.982098,-0.123541,0.1422,8.238719,-8.175172,0.123541,-0.123541,-172.83024700000001,8.175172,0.1422,7.096517,-8.238719,-0.1422,0.123541,0.982098,-0.982098,NA,NA,NA,NA,NA,NA,NA,NA,NA,NA,NA,NA
NA,NA,NA,NA,NA,NA,NA,NA,NA,NA,NA,NA,NA,NA,NA,NA,8,2025-10-09,15:15:50,2,2,"Rowland, Bryson",10323022,Left,CAR_EAG,"Kilgore, Tanner",814348,Right,CAR_EAG,Undefined,1,Bottom,2,1,0,Fastball,Changeup,BallCalled,Undefined,Undefined,Undefined,0,0,NA,82.73283,-1.94013,4.417048,2520.429308,152.438458,11:00:00,5.97553,-2.05977,5.22224,-19.95548,22.33749,-10.90221,2.48229,1.19297,75.23346,-5.697034,2.493547,0.468064,NA,NA,NA,NA,NA,NA,NA,NA,NA,NA,NA,6.68276,12.11028,1.65977,50,5.78156,-8.76667,-119.58179,-4.65939,9.64444,23.77704,-14.69675,CAR_EAG,CAR_EAG,CarsonNewman,TeamExclusive,Team,20251009-CarsonNewman-Private-1,5ea70a50-a544-11f0-870a-a764b86fb10a,80.52836,NA,NA,7.49937,NA,NA,NA,NA,NA,NA,b9b1564c-54db-4627-8f3f-643d14cd8d51,2025-10-09,19:15:50,2025-10-09T19:15:50Z,2025-10-09T19:15:50Z,NA,v3,CNE,CNE,NA,"Van Ness, Jameson",1000370206,Right,CAR_EAG,3fcc775b-4b6a-44fc-9317-93a5edc4b375,55.27683,-120.62644,11.88852,5.97208,-4.01368,-7.34837,2.05425,-9.19041,4.82222,NA,NA,NA,NA,NA,NA,NA,NA,NA,NA,NA,NA,NA,NA,NA,NA,NA,NA,NA,NA,NA,NA,NA,NA,NA,NA,NA,NA,NA,NA,NA,NA,NA,NA,NA,NA,NA,NA,NA,NA,NA,NA,NA,NA,NA,NA,NA,NA,NA,NA,High,High,High,NA,NA,NA,NA,NA,150.630321,-21.837307,2339.57293,0.928244,11:00:00,0.417589,0.467583,-0.779093,6.065549,-32.264146,44.921597,-0.068727,173.484278,-0.991192,-6.500249,0.991192,-0.113208,0.068727,3.966411,-3.940872,0.113208,-0.113208,-173.484278,3.940872,0.068727,6.500249,-3.966411,-0.068727,0.113208,0.991192,-0.991192,NA,NA,NA,NA,NA,NA,NA,NA,NA,NA,NA,NA
NA,NA,NA,NA,NA,NA,NA,NA,NA,NA,NA,NA,NA,NA,NA,NA,9,2025-10-09,15:16:14,2,3,"Rowland, Bryson",10323022,Left,CAR_EAG,"Kilgore, Tanner",814348,Right,CAR_EAG,Undefined,1,Bottom,2,2,0,Fastball,Changeup,FoulBallNotFieldable,Undefined,Undefined,Undefined,0,0,NA,82.57373,-1.094574,3.353524,2567.233908,158.774112,11:15:00,5.98818,-2.09077,5.35182,-20.34946,21.58765,-7.85796,3.26384,0.40347,75.40727,-4.923674,1.961192,0.466091,NA,NA,NA,NA,NA,NA,NA,NA,NA,NA,NA,4.90607,11.5665,1.7945,50,5.87552,-6.68931,-119.65592,-2.90388,7.11246,23.09888,-15.40581,CAR_EAG,CAR_EAG,CarsonNewman,TeamExclusive,Team,20251009-CarsonNewman-Private-1,6ce12920-a544-11f0-870a-a764b86fb10a,80.86928,NA,NA,7.16645,NA,NA,NA,NA,NA,NA,b9b1564c-54db-4627-8f3f-643d14cd8d51,2025-10-09,19:16:14,2025-10-09T19:16:14Z,2025-10-09T19:16:14Z,NA,v3,CNE,CNE,NA,"Van Ness, Jameson",1000370206,Right,CAR_EAG,ba6c0d0e-9774-4f90-960f-176219e7b8a0,55.1499,-120.64597,11.54944,5.98583,-2.24356,-7.7029,2.08775,-6.99416,3.55623,NA,NA,NA,NA,NA,NA,NA,NA,NA,NA,NA,NA,NA,NA,NA,NA,NA,NA,NA,NA,NA,NA,NA,NA,NA,NA,NA,NA,NA,NA,NA,NA,NA,NA,NA,NA,NA,NA,NA,NA,NA,NA,NA,NA,NA,NA,NA,NA,NA,NA,High,High,High,NA,NA,NA,NA,NA,152.733089,-25.770151,2311.910666,0.900545,11:00:00,0.472896,0.420802,-0.774141,13.219005,-33.446886,30.988433,-0.111979,174.668179,-0.989411,-5.298191,0.989411,-0.092339,0.111979,6.4571,-6.429396,0.092339,-0.092339,-174.668179,6.429396,0.111979,5.298191,-6.4571,-0.111979,0.092339,0.989411,-0.989411,NA,NA,NA,NA,NA,NA,NA,NA,NA,NA,NA,NA
NA,NA,NA,NA,NA,NA,NA,NA,NA,NA,NA,NA,NA,NA,NA,NA,10,2025-10-09,15:16:42,2,4,"Rowland, Bryson",10323022,Left,CAR_EAG,"Kilgore, Tanner",814348,Right,CAR_EAG,Undefined,1,Bottom,2,2,1,Fastball,Changeup,BallCalled,Undefined,Undefined,Undefined,0,0,NA,83.65779,0.374758,2.812534,2362.022533,150.108346,11:00:00,5.93049,-2.1598,5.24594,-22.68297,19.00233,-10.0313,4.39288,-0.35037,75.00702,-3.910262,1.037121,0.464689,NA,NA,NA,NA,NA,NA,NA,NA,NA,NA,NA,5.86717,9.7728,1.90877,50,5.94884,-5.49649,-120.99986,0.08797,8.55365,27.27448,-17.92645,CAR_EAG,CAR_EAG,CarsonNewman,TeamExclusive,Team,20251009-CarsonNewman-Private-1,7dd007b0-a544-11f0-870a-a764b86fb10a,81.11318,NA,NA,8.65077,NA,NA,NA,NA,NA,NA,b9b1564c-54db-4627-8f3f-643d14cd8d51,2025-10-09,19:16:42,2025-10-09T19:16:42Z,2025-10-09T19:16:42Z,NA,v3,CNE,CNE,NA,"Van Ness, Jameson",1000370206,Right,CAR_EAG,f7465b9e-286c-4281-a9dc-1a8794ffcff3,55.24994,-122.17752,13.63724,5.92833,0.86199,-8.96322,2.15407,-5.86582,4.27682,NA,NA,NA,NA,NA,NA,NA,NA,NA,NA,NA,NA,NA,NA,NA,NA,NA,NA,NA,NA,NA,NA,NA,NA,NA,NA,NA,NA,NA,NA,NA,NA,NA,NA,NA,NA,NA,NA,NA,NA,NA,NA,NA,NA,NA,NA,NA,NA,NA,NA,High,High,High,NA,NA,NA,NA,NA,150.217425,-26.978162,2104.986052,0.891179,11:00:00,0.493939,0.439681,-0.750136,5.687018,-32.834404,45.411854,-0.14113,171.420676,-0.978913,-8.492816,0.978913,-0.147685,0.14113,8.203807,-8.113237,0.147685,-0.147685,-171.420676,8.113237,0.14113,8.492816,-8.203807,-0.14113,0.147685,0.978913,-0.978913,NA,NA,NA,NA,NA,NA,NA,NA,NA,NA,NA,NA
NA,NA,NA,NA,NA,NA,NA,NA,NA,NA,NA,NA,NA,NA,NA,NA,11,2025-10-09,15:17:02,2,5,"Rowland, Bryson",10323022,Left,CAR_EAG,"Kilgore, Tanner",814348,Right,CAR_EAG,Undefined,1,Bottom,2,3,1,Curveball,Curveball,StrikeCalled,Undefined,Undefined,Undefined,0,0,NA,72.12149,3.260129,1.850547,2494.303892,316.324804,04:30:00,5.87448,-1.97098,4.8951,-66.45874,-9.21819,10.86772,3.42506,0.68576,64.85668,-8.767652,3.763294,0.544532,NA,NA,NA,NA,NA,NA,NA,NA,NA,NA,NA,-4.6411,-4.89756,1.78011,50,6.13917,-3.80202,-104.19503,3.65382,-4.97997,21.41541,-37.42922,CAR_EAG,CAR_EAG,CarsonNewman,TeamExclusive,Team,20251009-CarsonNewman-Private-1,89a1d910-a544-11f0-870a-a764b86fb10a,69.21991,NA,NA,7.26481,NA,NA,NA,NA,NA,NA,b9b1564c-54db-4627-8f3f-643d14cd8d51,2025-10-09,19:17:02,2025-10-09T19:17:02Z,2025-10-09T19:17:02Z,NA,v3,CNE,CNE,NA,"Van Ness, Jameson",1000370206,Right,CAR_EAG,41e3efe7-4541-4f77-b7ca-10242a4ff6d9,55.60543,-105.34082,10.7077,5.89011,5.65641,-18.71461,1.9764,-3.53557,-2.48998,NA,NA,NA,NA,NA,NA,NA,NA,NA,NA,NA,NA,NA,NA,NA,NA,NA,NA,NA,NA,NA,NA,NA,NA,NA,NA,NA,NA,NA,NA,NA,NA,NA,NA,NA,NA,NA,NA,NA,NA,NA,NA,NA,NA,NA,NA,NA,NA,NA,NA,High,High,High,NA,NA,NA,NA,NA,349.966098,-52.367746,1522.999702,0.610591,05:45:00,0.764789,-0.151249,0.626276,19.014177,14.486104,-80.133793,0.114532,113.908384,-0.402608,65.254877,0.402608,-0.908179,-0.114532,15.879783,6.576659,0.908179,0.908179,-113.908384,-6.576659,0.114532,-65.254877,-15.879783,-0.114532,-0.908179,0.402608,-0.402608,NA,NA,NA,NA,NA,NA,NA,NA,NA,NA,NA,NA
NA,NA,NA,NA,NA,NA,NA,NA,NA,NA,NA,NA,NA,NA,NA,NA,12,2025-10-09,15:17:20,2,6,"Rowland, Bryson",10323022,Left,CAR_EAG,"Kilgore, Tanner",814348,Right,CAR_EAG,Undefined,1,Bottom,2,3,2,Curveball,Curveball,BallCalled,Walk,Undefined,Undefined,0,0,NA,71.3033,0.104746,0.94514,2583.844007,309.026169,04:15:00,5.90891,-1.98456,4.78557,-68.54393,-10.10528,15.10276,0.29622,0.16992,65.04765,-12.167152,3.612196,0.550201,NA,NA,NA,NA,NA,NA,NA,NA,NA,NA,NA,-7.09154,-4.3661,1.87626,50,5.85966,-2.2878,-103.26708000000001,-2.14744,-7.48472,20.81994,-36.78223,CAR_EAG,CAR_EAG,CarsonNewman,TeamExclusive,Team,20251009-CarsonNewman-Private-1,942fb8c0-a544-11f0-870a-a764b86fb10a,68.50666,NA,NA,6.25565,NA,NA,NA,NA,NA,NA,b9b1564c-54db-4627-8f3f-643d14cd8d51,2025-10-09,19:17:20,2025-10-09T19:17:20Z,2025-10-09T19:17:20Z,NA,v3,CNE,CNE,NA,"Van Ness, Jameson",1000370206,Right,CAR_EAG,7c34c551-3ec5-44bd-b741-dabe8f0ad256,55.7178,-104.4135,10.40997,5.92214,-0.12209,-18.39112,1.99089,-1.87567,-3.74236,NA,NA,NA,NA,NA,NA,NA,NA,NA,NA,NA,NA,NA,NA,NA,NA,NA,NA,NA,NA,NA,NA,NA,NA,NA,NA,NA,NA,NA,NA,NA,NA,NA,NA,NA,NA,NA,NA,NA,NA,NA,NA,NA,NA,NA,NA,NA,NA,NA,NA,High,High,High,NA,NA,NA,NA,NA,350.52709,-48.673987,1706.222483,0.660343,05:45:00,0.739918,-0.110053,0.663633,28.785837,20.607754,-65.016786,0.152294,112.040878,-0.370891,66.363009,0.370891,-0.916104,-0.152294,22.323914,8.759901,0.916104,0.916104,-112.040878,-8.759901,0.152294,-66.363009,-22.323914,-0.152294,-0.916104,0.370891,-0.370891,NA,NA,NA,NA,NA,NA,NA,NA,NA,NA,NA,NA
NA,NA,NA,NA,NA,NA,NA,NA,NA,NA,NA,NA,NA,NA,NA,NA,13,2025-10-09,15:17:45,3,1,"Rowland, Bryson",10323022,Left,CAR_EAG,"Pierce, Johno",10069844,Right,CAR_EAG,Undefined,1,Bottom,2,0,0,Fastball,Changeup,StrikeCalled,Undefined,Undefined,Undefined,0,0,NA,82.14497,-2.218602,3.59438,2519.183251,156.16631,11:15:00,5.92677,-2.09127,5.55824,-22.54285,20.21926,-8.22485,1.97011,0.58618,74.05369,-6.479354,2.131439,0.470653,NA,NA,NA,NA,NA,NA,NA,NA,NA,NA,NA,5.26213,11.35741,1.78559,50,5.72011,-7.11103,-118.72625,-5.25725,7.39996,25.86414,-16.20244,CAR_EAG,CAR_EAG,CarsonNewman,TeamExclusive,Team,20251009-CarsonNewman-Private-1,a3761770-a544-11f0-870a-a764b86fb10a,80.08537,NA,NA,8.09128,NA,NA,NA,NA,NA,NA,b9b1564c-54db-4627-8f3f-643d14cd8d51,2025-10-09,19:17:45,2025-10-09T19:17:45Z,2025-10-09T19:17:45Z,NA,v3,CNE,CNE,NA,"Van Ness, Jameson",1000370206,Right,CAR_EAG,0556f682-e134-4dcd-a6ac-6aa2ce4d6c86,54.93799,-119.79715,12.93207,5.92389,-4.5864,-8.10122,2.08636,-7.41742,3.69998,NA,NA,NA,NA,NA,NA,NA,NA,NA,NA,NA,NA,NA,NA,NA,NA,NA,NA,NA,NA,NA,NA,NA,NA,NA,NA,NA,NA,NA,NA,NA,NA,NA,NA,NA,NA,NA,NA,NA,NA,NA,NA,NA,NA,NA,NA,NA,NA,NA,NA,High,High,High,NA,NA,NA,NA,NA,153.322611,-29.613042,2190.133762,0.869382,11:00:00,0.526419,0.40916,-0.745299,32.696339,-25.928938,-3.482054,-0.109993,172.801304,-0.986098,-7.154787,0.986098,-0.12455,0.109993,6.364683,-6.31492,0.12455,-0.12455,-172.801304,6.31492,0.109993,7.154787,-6.364683,-0.109993,0.12455,0.986098,-0.986098,NA,NA,NA,NA,NA,NA,NA,NA,NA,NA,NA,NA
NA,NA,NA,NA,NA,NA,NA,NA,NA,NA,NA,NA,NA,NA,NA,NA,14,2025-10-09,15:18:01,3,2,"Rowland, Bryson",10323022,Left,CAR_EAG,"Pierce, Johno",10069844,Right,CAR_EAG,Undefined,1,Bottom,2,0,1,Fastball,Changeup,BallCalled,Undefined,Undefined,Undefined,0,0,NA,82.52641,-2.812579,3.59345,2476.576793,155.751216,11:15:00,5.94851,-2.06131,5.49228,-21.57474,20.9497,-8.71319,1.51212,0.57871,74.39714,-6.890785,2.045393,0.469343,NA,NA,NA,NA,NA,NA,NA,NA,NA,NA,NA,5.49977,11.89205,1.75208,50,5.6874,-7.11489,-119.20864,-6.48863,7.79504,26.13197,-15.31899,CAR_EAG,CAR_EAG,CarsonNewman,TeamExclusive,Team,20251009-CarsonNewman-Private-1,aceba950-a544-11f0-870a-a764b86fb10a,80.30887,NA,NA,8.12926,NA,NA,NA,NA,NA,NA,b9b1564c-54db-4627-8f3f-643d14cd8d51,2025-10-09,19:18:01,2025-10-09T19:18:01Z,2025-10-09T19:18:01Z,NA,v3,CNE,CNE,NA,"Van Ness, Jameson",1000370206,Right,CAR_EAG,bbd091e8-1df2-43d7-b95e-d364dd87ff11,55.00403,-120.30058,13.06598,5.9451599999999996,-5.84851,-7.65949,2.05619,-7.44061,3.89752,NA,NA,NA,NA,NA,NA,NA,NA,NA,NA,NA,NA,NA,NA,NA,NA,NA,NA,NA,NA,NA,NA,NA,NA,NA,NA,NA,NA,NA,NA,NA,NA,NA,NA,NA,NA,NA,NA,NA,NA,NA,NA,NA,NA,NA,NA,NA,NA,NA,NA,High,High,High,NA,NA,NA,NA,NA,153.074784,-30.419553,2135.65354,0.862341,11:00:00,0.53379,0.414866,-0.736854,30.604322,-28.754016,6.891663,-0.171692,171.047679,-0.97315,-8.818317,0.97315,-0.153302,0.171692,10.005683,-9.886214,0.153302,-0.153302,-171.047679,9.886214,0.171692,8.818317,-10.005683,-0.171692,0.153302,0.97315,-0.97315,NA,NA,NA,NA,NA,NA,NA,NA,NA,NA,NA,NA
NA,NA,NA,NA,NA,NA,NA,NA,NA,NA,NA,NA,NA,NA,NA,NA,15,2025-10-09,15:18:18,3,3,"Rowland, Bryson",10323022,Left,CAR_EAG,"Pierce, Johno",10069844,Right,CAR_EAG,Undefined,1,Bottom,2,1,1,Fastball,Changeup,BallCalled,Undefined,Undefined,Undefined,0,0,NA,82.3415,-3.621409,2.094148,2458.462233,154.238801,11:15:00,5.81096,-2.07339,5.15519,-21.71588,21.55848,-9.60323,0.58531,-0.90136,74.24598,-7.695699,0.394481,0.473464,NA,NA,NA,NA,NA,NA,NA,NA,NA,NA,NA,5.4237,12.36009,1.88519,50,5.45605,-3.92833,-118.92449,-8.19259,7.64176,26.24933,-14.75919,CAR_EAG,CAR_EAG,CarsonNewman,TeamExclusive,Team,20251009-CarsonNewman-Private-1,b6c8af90-a544-11f0-870a-a764b86fb10a,79.60997,NA,NA,8.09552,NA,NA,NA,NA,NA,NA,b9b1564c-54db-4627-8f3f-643d14cd8d51,2025-10-09,19:18:18,2025-10-09T19:18:18Z,2025-10-09T19:18:18Z,NA,v3,CNE,CNE,NA,"Van Ness, Jameson",1000370206,Right,CAR_EAG,4a884721-75e4-4a69-8183-6c348f27e213,55.34147,-120.09769,13.12467,5.80747,-7.53294,-7.37959,2.06839,-4.26987,3.82088,NA,NA,NA,NA,NA,NA,NA,NA,NA,NA,NA,NA,NA,NA,NA,NA,NA,NA,NA,NA,NA,NA,NA,NA,NA,NA,NA,NA,NA,NA,NA,NA,NA,NA,NA,NA,NA,NA,NA,NA,NA,NA,NA,NA,NA,NA,NA,NA,NA,NA,High,High,High,NA,NA,NA,NA,NA,151.434613,-22.220265,2275.889174,0.925737,11:00:00,0.37893,0.465654,-0.799736,14.968921,-27.291861,47.343923,-0.21891,170.237623,-0.961616,-9.523358,0.961616,-0.16545,0.21891,12.824707,-12.645012,0.16545,-0.16545,-170.237623,12.645012,0.21891,9.523358,-12.824707,-0.21891,0.16545,0.961616,-0.961616,NA,NA,NA,NA,NA,NA,NA,NA,NA,NA,NA,NA
NA,NA,NA,NA,NA,NA,NA,NA,NA,NA,NA,NA,NA,NA,NA,NA,16,2025-10-09,15:18:38,3,4,"Rowland, Bryson",10323022,Left,CAR_EAG,"Pierce, Johno",10069844,Right,CAR_EAG,Undefined,1,Bottom,2,2,1,Fastball,Changeup,FoulBallNotFieldable,Undefined,Undefined,Undefined,0,0,NA,81.38117,-2.898238,3.663105,2477.866467,156.656659,11:15:00,5.93643,-1.98771,5.17926,-22.73828,21.32285,-8.50882,1.3065,0.75481,73.7213,-7.152008,2.160249,0.477748,NA,NA,NA,NA,NA,NA,NA,NA,NA,NA,NA,5.41524,12.01587,1.65338,50,5.6496,-7.17507,-117.5828,-6.66672,7.49498,24.6657,-15.54347,CAR_EAG,CAR_EAG,CarsonNewman,TeamExclusive,Team,20251009-CarsonNewman-Private-1,c28460e0-a544-11f0-870a-a764b86fb10a,78.89602,NA,NA,7.65987,NA,NA,NA,NA,NA,NA,b9b1564c-54db-4627-8f3f-643d14cd8d51,2025-10-09,19:18:38,2025-10-09T19:18:38Z,2025-10-09T19:18:38Z,NA,v3,CNE,CNE,NA,"Van Ness, Jameson",1000370206,Right,CAR_EAG,69ce8071-3232-4529-a8a5-4dc97c6c9ee6,55.32112,-118.69378,12.33285,5.93411,-5.96662,-7.77174,1.98415,-7.51265,3.74749,NA,NA,NA,NA,NA,NA,NA,NA,NA,NA,NA,NA,NA,NA,NA,NA,NA,NA,NA,NA,NA,NA,NA,NA,NA,NA,NA,NA,NA,NA,NA,NA,NA,NA,NA,NA,NA,NA,NA,NA,NA,NA,NA,NA,NA,NA,NA,NA,NA,NA,High,High,High,NA,NA,NA,NA,NA,151.833369,-27.185285,2204.145816,0.889534,11:00:00,0.484267,0.442456,-0.754796,17.867608,-28.876086,34.119886,-0.208963,167.954379,-0.956391,-11.775843,0.956391,-0.204083,0.208963,12.324929,-12.061587,0.204083,-0.204083,-167.954379,12.061587,0.208963,11.775843,-12.324929,-0.208963,0.204083,0.956391,-0.956391,NA,NA,NA,NA,NA,NA,NA,NA,NA,NA,NA,NA
NA,NA,NA,NA,NA,NA,NA,NA,NA,NA,NA,NA,NA,NA,NA,NA,17,2025-10-09,15:19:07,3,5,"Rowland, Bryson",10323022,Left,CAR_EAG,"Pierce, Johno",10069844,Right,CAR_EAG,Undefined,1,Bottom,2,2,2,Curveball,Curveball,BallCalled,Undefined,Undefined,Undefined,0,0,NA,71.93986,4.122855,0.988332,2498.120324,308.804949,04:15:00,5.85979,-2.13929,4.78444,-65.65051,-8.58682,13.08398,4.30416,-0.11206,65.312,-7.714089,3.285796,0.54369,NA,NA,NA,NA,NA,NA,NA,NA,NA,NA,NA,-6.06772,-4.83351,2.0285,50,6.21517,-2.31444,-104.02836,5.23064,-6.58045,19.13517,-37.416,CAR_EAG,CAR_EAG,CarsonNewman,TeamExclusive,Team,20251009-CarsonNewman-Private-1,d402ae30-a544-11f0-870a-a764b86fb10a,69.32709,NA,NA,6.62786,NA,NA,NA,NA,NA,NA,b9b1564c-54db-4627-8f3f-643d14cd8d51,2025-10-09,19:19:07,2025-10-09T19:19:07Z,2025-10-09T19:19:07Z,NA,v3,CNE,CNE,NA,"Van Ness, Jameson",1000370206,Right,CAR_EAG,f5ae5fc2-cdad-4f9a-8856-c970fef66f8d,55.71889,-105.07504,9.56759,5.87308,7.27726,-18.708,2.14526,-1.9545,-3.29022,NA,NA,NA,NA,NA,NA,NA,NA,NA,NA,NA,NA,NA,NA,NA,NA,NA,NA,NA,NA,NA,NA,NA,NA,NA,NA,NA,NA,NA,NA,NA,NA,NA,NA,NA,NA,NA,NA,NA,NA,NA,NA,NA,NA,NA,NA,NA,NA,NA,NA,High,High,High,NA,NA,NA,NA,NA,345.519168,-51.365549,1559.699915,0.624349,05:30:00,0.757358,-0.211879,0.61767,22.536662,19.028285,-78.848717,0.133853,112.350787,-0.376854,66.426844,0.376854,-0.91655,-0.133853,19.554355,7.692328,0.91655,0.91655,-112.350787,-7.692328,0.133853,-66.426844,-19.554355,-0.133853,-0.91655,0.376854,-0.376854,NA,NA,NA,NA,NA,NA,NA,NA,NA,NA,NA,NA
NA,NA,NA,NA,NA,NA,NA,NA,NA,NA,NA,NA,NA,NA,NA,NA,18,2025-10-09,15:19:25,3,6,"Rowland, Bryson",10323022,Left,CAR_EAG,"Pierce, Johno",10069844,Right,CAR_EAG,Undefined,1,Bottom,2,3,2,Fastball,Four-Seam,FoulBallNotFieldable,Undefined,Undefined,Undefined,0,0,NA,83.76315,-2.497369,1.727362,2603.645918,159.875148,11:15:00,5.91074,-2.09714,5.3039,-18.6845,22.44529,-7.69603,2.00662,-1.11634,75.99762,-6.033674,0.361508,0.461583,74.97284,39.946914,52.119812,4120.866422,NA,NA,NA,NA,83.04178,NA,NA,4.38839,12.42902,1.94603,50,5.67074,-3.3313,-121.30814,-5.84591,6.48381,25.60619,-13.81017,CAR_EAG,CAR_EAG,CarsonNewman,TeamExclusive,Team,20251009-CarsonNewman-Private-1,decafed0-a544-11f0-870a-a764b86fb10a,81.65912,59.06286,NA,7.76553,NA,NA,NA,0.90049,2.43685,1.20566,b9b1564c-54db-4627-8f3f-643d14cd8d51,2025-10-09,19:19:25,2025-10-09T19:19:25Z,2025-10-09T19:19:25Z,NA,v3,CNE,CNE,NA,"Van Ness, Jameson",1000370206,Right,CAR_EAG,386a996e-527f-4e48-b55e-29fbe7570c6a,55.19609,-122.40004,12.8031,5.90746,-5.25702,-6.90509,2.09398,-3.60778,3.2419,NA,0.90049,51.76105,-13.84019,3.3595,-0.77102,0.15516,-0.04032,0.01222,-0.00221,2.43685,70.60284,-18.5248,1.19862,-0.14067,0.01071,0.00247,-1.9e-4,-4e-5,1.20566,66.53744,-3.70272,0.04245,0.13527,-0.05169,0.00963,3.6e-4,-4.2e-4,NA,NA,NA,NA,NA,NA,NA,NA,NA,NA,NA,NA,NA,NA,NA,NA,NA,NA,NA,NA,NA,NA,High,High,High,High,Undefined,NA,NA,NA,154.246248,-26.099221,2338.161399,0.898034,11:15:00,0.446696,0.408998,-0.795728,7.052703,-27.081113,31.168362,-0.002465,170.421334,-0.986055,-9.578637,0.986055,-0.166401,0.002465,0.143225,-0.141229,0.166401,-0.166401,-170.421334,0.141229,0.002465,9.578637,-0.143225,-0.002465,0.166401,0.986055,-0.986055,NA,NA,NA,NA,NA,NA,NA,NA,NA,NA,NA,NA
NA,NA,NA,NA,NA,NA,NA,NA,NA,NA,NA,NA,NA,NA,NA,NA,19,2025-10-09,15:19:49,3,7,"Rowland, Bryson",10323022,Left,CAR_EAG,"Pierce, Johno",10069844,Right,CAR_EAG,Undefined,1,Bottom,2,3,2,Curveball,Curveball,StrikeCalled,Strikeout,Undefined,Undefined,0,0,NA,71.65628,3.211232,0.244734,2489.046396,311.75693,04:30:00,5.7542,-2.09303,4.76735,-69.61559,-11.72957,15.49383,3.00089,-0.56983,64.82609,-9.330016,2.970593,0.547594,NA,NA,NA,NA,NA,NA,NA,NA,NA,NA,NA,-7.43441,-6.06552,2.0543,50,6.01552,-1.06365,-103.65881,3.38942,-7.93465,20.41275,-38.64768,CAR_EAG,CAR_EAG,CarsonNewman,TeamExclusive,Team,20251009-CarsonNewman-Private-1,ed137580-a544-11f0-870a-a764b86fb10a,68.83288,NA,NA,6.8302,NA,NA,NA,NA,NA,NA,b9b1564c-54db-4627-8f3f-643d14cd8d51,2025-10-09,19:19:49,2025-10-09T19:19:49Z,2025-10-09T19:19:49Z,NA,v3,CNE,CNE,NA,"Van Ness, Jameson",1000370206,Right,CAR_EAG,0f7247d2-3f66-48bd-8e44-b6fab0020d29,55.73589,-104.78224,10.20637,5.77045,5.51643,-19.32384,2.10082,-0.62695,-3.96732,NA,NA,NA,NA,NA,NA,NA,NA,NA,NA,NA,NA,NA,NA,NA,NA,NA,NA,NA,NA,NA,NA,NA,NA,NA,NA,NA,NA,NA,NA,NA,NA,NA,NA,NA,NA,NA,NA,NA,NA,NA,NA,NA,NA,NA,NA,NA,NA,NA,NA,High,High,High,NA,NA,NA,NA,NA,345.276236,-52.471009,1516.234406,0.609163,05:30:00,0.780603,-0.199005,0.592499,22.445509,18.765864,-78.212706,0.145055,110.558027,-0.347442,67.882568,0.347442,-0.926414,-0.145055,22.660301,8.340481,0.926414,0.926414,-110.558027,-8.340481,0.145055,-67.882568,-22.660301,-0.145055,-0.926414,0.347442,-0.347442,NA,NA,NA,NA,NA,NA,NA,NA,NA,NA,NA,NA
NA,NA,NA,NA,NA,NA,NA,NA,NA,NA,NA,NA,NA,NA,NA,NA,20,2025-10-09,15:22:59,1,1,"Bobo, Aaron",1000294694,Right,CAR_EAG,"Wyatt, Jack",10013525,Right,CAR_EAG,Undefined,2,Top,0,0,0,Fastball,Changeup,FoulBallNotFieldable,Undefined,Undefined,Undefined,0,0,NA,81.51937,1.004983,-3.755245,2142.303924,246.021404,02:15:00,5.46419,2.84784,5.06962,-34.13648,10.28308,19.27107,3.5692,0.90792,72.88042,-5.307861,-0.357826,0.479688,NA,NA,NA,NA,NA,NA,NA,NA,NA,NA,NA,-10.7965,5.23862,-2.50686,50,5.53349,6.88934,-117.76216,0.88404,-14.84545,26.70607,-24.97079,CAR_EAG,CAR_EAG,CarsonNewman,TeamExclusive,Team,20251009-CarsonNewman-Private-1,5e65c620-a545-11f0-870a-a764b86fb10a,78.57705,NA,NA,8.63895,NA,NA,NA,NA,NA,NA,b9b1564c-54db-4627-8f3f-643d14cd8d51,2025-10-09,19:22:59,2025-10-09T19:22:59Z,2025-10-09T19:22:59Z,NA,v3,CNE,CNE,NA,"Cochran, Carson",10085797,Right,CAR_EAG,34e0f6ed-dc88-47df-9085-982fe79c6c07,55.42914,-118.98701,13.35303,5.46668,2.0293,-12.48539,-2.83845,7.57021,-7.42273,NA,NA,NA,NA,NA,NA,NA,NA,NA,NA,NA,NA,NA,NA,NA,NA,NA,NA,NA,NA,NA,NA,NA,NA,NA,NA,NA,NA,NA,NA,NA,NA,NA,NA,NA,NA,NA,NA,NA,NA,NA,NA,NA,NA,NA,NA,NA,NA,NA,NA,High,High,High,NA,NA,NA,NA,NA,245.122066,8.550196,2118.494337,0.988886,02:15:00,-0.191281,-0.894378,-0.404351,-48.263137,-37.935398,62.484731,0.328703,92.016832,-0.033238,70.708237,0.033238,-0.943848,-0.328703,84.226027,19.190043,0.943848,0.943848,-92.016832,-19.190043,0.328703,-70.708237,-84.226027,-0.328703,-0.943848,0.033238,-0.033238,NA,NA,NA,NA,NA,NA,NA,NA,NA,NA,NA,NA
NA,NA,NA,NA,NA,NA,NA,NA,NA,NA,NA,NA,NA,NA,NA,NA,21,2025-10-09,15:25:25,1,2,"Bobo, Aaron",1000294694,Right,CAR_EAG,"Wyatt, Jack",10013525,Right,CAR_EAG,Undefined,2,Top,0,0,1,Slider,Curveball,StrikeCalled,Undefined,Undefined,Undefined,0,0,NA,73.77876,1.29874,-2.714358,2539.271333,34.989863,07:15:00,5.22108,3.09319,5.36742,-55.05448,-1.60685,-2.50354,1.8526,0.33743,66.6928,-8.764318,-3.158946,0.526182,NA,NA,NA,NA,NA,NA,NA,NA,NA,NA,NA,0.33449,-0.60465,-2.8475799999999998,50,5.29927,5.15763,-106.76194,0.64463,0.37844,21.76862,-32.85811,CAR_EAG,CAR_EAG,CarsonNewman,TeamExclusive,Team,20251009-CarsonNewman-Private-1,b577d020-a545-11f0-870a-a764b86fb10a,71.6339,NA,NA,7.08596,NA,NA,NA,NA,NA,NA,b9b1564c-54db-4627-8f3f-643d14cd8d51,2025-10-09,19:25:25,2025-10-09T19:25:25Z,2025-10-09T19:25:25Z,NA,v3,CNE,CNE,NA,"Cochran, Carson",10085797,Right,CAR_EAG,a59127f6-5045-4a23-a123-65e9ea39b355,55.13172,-107.80322,10.88431,5.23085,2.21636,-16.42906,-3.09386,5.13953,0.18922,NA,NA,NA,NA,NA,NA,NA,NA,NA,NA,NA,NA,NA,NA,NA,NA,NA,NA,NA,NA,NA,NA,NA,NA,NA,NA,NA,NA,NA,NA,NA,NA,NA,NA,NA,NA,NA,NA,NA,NA,NA,NA,NA,NA,NA,NA,NA,NA,NA,NA,High,High,High,NA,NA,NA,NA,NA,354.053865,76.469314,594.103442,0.233966,05:45:00,-0.960433,-0.002195,0.278503,-48.163354,23.375899,-53.347081,0.536336,131.185564,-0.555777,39.433442,0.555777,-0.635181,-0.536336,43.980213,32.434595,0.635181,0.635181,-131.185564,-32.434595,0.536336,-39.433442,-43.980213,-0.536336,-0.635181,0.555777,-0.555777,NA,NA,NA,NA,NA,NA,NA,NA,NA,NA,NA,NA
NA,NA,NA,NA,NA,NA,NA,NA,NA,NA,NA,NA,NA,NA,NA,NA,22,2025-10-09,15:25:48,1,3,"Bobo, Aaron",1000294694,Right,CAR_EAG,"Wyatt, Jack",10013525,Right,CAR_EAG,Undefined,2,Top,0,0,2,Slider,Curveball,FoulBallNotFieldable,Undefined,Undefined,Undefined,0,0,NA,74.88451,1.142903,-4.342447,2705.862618,346.701509,05:30:00,5.22309,3.00808,5.49085,-54.9318,-2.68508,1.12331,1.71789,-0.96861,67.12896,-8.923378,-4.143066,0.520237,59.72764,-41.960719,74.812312,NA,NA,NA,NA,4.32953,4.32953,42.536081,0.032431,-2.15658,-1.24595,-2.62778,50,5.28643,8.16901,-108.13249,0.41496,-2.47821,24.02646,-33.60581,CAR_EAG,CAR_EAG,CarsonNewman,TeamExclusive,Team,20251009-CarsonNewman-Private-1,c2f0e8e0-a545-11f0-870a-a764b86fb10a,72.45248,1.90689,NA,7.75555,NA,NA,NA,2.63463,1.90689,0.88033,b9b1564c-54db-4627-8f3f-643d14cd8d51,2025-10-09,19:25:48,2025-10-09T19:25:48Z,2025-10-09T19:25:48Z,GroundBall,v3,CNE,CNE,NA,"Cochran, Carson",10085797,Right,CAR_EAG,9451c288-5e55-4acd-8ea1-b5dda6611bab,55.00934,-109.23987,12.01323,5.23161,1.96385,-16.80291,-3.00692,8.28323,-1.2391,NA,2.63429,17.13144,NA,NA,NA,NA,NA,NA,NA,1.90807,-58.79783,NA,NA,NA,NA,NA,NA,NA,0.87907,63.10776,NA,NA,NA,NA,NA,NA,NA,NA,NA,NA,NA,NA,NA,NA,NA,NA,NA,NA,NA,NA,NA,NA,NA,NA,NA,NA,NA,NA,NA,High,High,High,Estimated,Estimated,NA,NA,NA,6.129839,76.310827,640.35469,0.236655,06:15:00,-0.950293,0.044645,0.30814,-54.535308,24.659256,-64.082659,0.558046,139.176581,-0.62794,32.852051,0.62794,-0.542472,-0.558046,41.627266,33.920782,0.542472,0.542472,-139.176581,-33.920782,0.558046,-32.852051,-41.627266,-0.558046,-0.542472,0.62794,-0.62794,NA,NA,NA,NA,NA,NA,NA,NA,NA,NA,NA,NA
NA,NA,NA,NA,NA,NA,NA,NA,NA,NA,NA,NA,NA,NA,NA,NA,23,2025-10-09,15:26:18,1,4,"Bobo, Aaron",1000294694,Right,CAR_EAG,"Wyatt, Jack",10013525,Right,CAR_EAG,Undefined,2,Top,0,0,2,Slider,Curveball,InPlay,Undefined,GroundBall,Error,0,2,NA,74.97428,0.918125,-4.10911,2689.922467,353.610075,05:45:00,5.22877,3.01217,5.48345,-52.71471,-1.15724,0.33933,1.69722,-0.8109,67.89286,-8.720891,-4.048872,0.516794,89.23517,1.379742,-16.116162,978.363816,NA,NA,NA,51.1128,49.22399,-15.719276,0.400397,-1.5374,-0.38323,-2.65132,50,5.27376,7.77598,-108.41572,0.06191,-1.79613,22.21083,-32.62178,CAR_EAG,CAR_EAG,CarsonNewman,TeamExclusive,Team,20251009-CarsonNewman-Private-1,d4ff1a20-a545-11f0-870a-a764b86fb10a,72.93517,1.87213,NA,7.08142,NA,NA,NA,1.73633,1.74452,0.80689,b9b1564c-54db-4627-8f3f-643d14cd8d51,2025-10-09,19:26:18,2025-10-09T19:26:18Z,2025-10-09T19:26:18Z,GroundBall,v3,CNE,CNE,NA,"Cochran, Carson",10085797,Right,CAR_EAG,9c550e5e-5b86-4388-afe7-a553de7298fd,55.01762,-109.43884,11.10541,5.2363,1.56459,-16.31089,-3.01142,7.85871,-0.89806,64.661112,1.74428,125.43265,-17.30012,NA,NA,NA,NA,NA,NA,1.75052,2.95092,-18.32514,NA,NA,NA,NA,NA,NA,0.809,-36.39012,-0.55007,NA,NA,NA,NA,NA,NA,NA,NA,NA,NA,NA,NA,NA,NA,NA,NA,NA,NA,NA,NA,NA,NA,NA,NA,NA,NA,NA,NA,High,High,High,High,High,NA,NA,NA,354.288486,74.369993,724.730241,0.269424,05:45:00,-0.941641,-0.011378,0.336426,-48.160914,30.654246,-54.382957,0.526156,131.675352,-0.565431,39.433,0.565431,-0.635175,-0.526156,42.939419,31.746101,0.635175,0.635175,-131.675352,-31.746101,0.526156,-39.433,-42.939419,-0.526156,-0.635175,0.565431,-0.565431,NA,NA,NA,NA,NA,NA,NA,NA,NA,NA,NA,NA
NA,NA,NA,NA,NA,NA,NA,NA,NA,NA,NA,NA,NA,NA,NA,NA,24,2025-10-09,15:27:27,2,1,"Bobo, Aaron",1000294694,Right,CAR_EAG,"Floyd, Logan",1000148156,Right,CAR_EAG,Undefined,2,Top,0,0,0,Slider,Curveball,FoulBallNotFieldable,Undefined,Undefined,Undefined,0,0,NA,74.57381,1.281806,-2.796865,2556.26803,337.63975,05:15:00,5.18322,2.96332,5.40128,-58.45129,-6.4865,3.42138,1.51509,0.62542,67.80288,-9.362056,-2.188318,0.518831,NA,NA,NA,NA,NA,NA,NA,NA,NA,NA,NA,-2.62603,-3.17358,-2.71627,50,5.25653,5.14881,-108.0257,0.51131,-3.05573,21.49806,-35.8669,CAR_EAG,CAR_EAG,CarsonNewman,TeamExclusive,Team,20251009-CarsonNewman-Private-1,fde90a40-a545-11f0-870a-a764b86fb10a,72.64876,NA,NA,6.77092,NA,NA,NA,NA,NA,NA,b9b1564c-54db-4627-8f3f-643d14cd8d51,2025-10-09,19:27:27,2025-10-09T19:27:27Z,2025-10-09T19:27:27Z,NA,v3,CNE,CNE,NA,"Cochran, Carson",10085797,Right,CAR_EAG,f9ecf4b7-17c1-4270-bc38-4416d7938db5,55.10142,-109.0362,10.74903,5.19287,2.1972,-17.93345,-2.96166,5.29244,-1.52786,NA,NA,NA,NA,NA,NA,NA,NA,NA,NA,NA,NA,NA,NA,NA,NA,NA,NA,NA,NA,NA,NA,NA,NA,NA,NA,NA,NA,NA,NA,NA,NA,NA,NA,NA,NA,NA,NA,NA,NA,NA,NA,NA,NA,NA,NA,NA,NA,NA,NA,High,High,High,NA,NA,NA,NA,NA,3.271248,76.337377,603.801507,0.236204,06:00:00,-0.958495,0.035212,0.282926,-48.432463,44.135327,-70.71236,0.562361,147.199703,-0.695055,26.611437,0.695055,-0.447938,-0.562361,38.975938,34.219261,0.447938,0.447938,-147.199703,-34.219261,0.562361,-26.611437,-38.975938,-0.562361,-0.447938,0.695055,-0.695055,NA,NA,NA,NA,NA,NA,NA,NA,NA,NA,NA,NA
NA,NA,NA,NA,NA,NA,NA,NA,NA,NA,NA,NA,NA,NA,NA,NA,25,2025-10-09,15:27:48,2,2,"Bobo, Aaron",1000294694,Right,CAR_EAG,"Floyd, Logan",1000148156,Right,CAR_EAG,Undefined,2,Top,0,0,1,Fastball,Changeup,BallCalled,Undefined,Undefined,Undefined,0,0,NA,80.30945,1.002296,-6.851239,2122.348046,242.464292,02:00:00,5.43012,2.83082,5.30414,-36.42443,8.57347,13.56367,3.34256,-2.5016,73.02011,-5.67129,-4.471563,0.4828,NA,NA,NA,NA,NA,NA,NA,NA,NA,NA,NA,-8.72331,4.44796,-2.21565,50,5.49554,13.34466,-115.71122,0.81058,-11.80223,22.01227,-26.15617,CAR_EAG,CAR_EAG,CarsonNewman,TeamExclusive,Team,20251009-CarsonNewman-Private-1,0a8dbc00-a546-11f0-870a-a764b86fb10a,78.07046,NA,NA,7.28934,NA,NA,NA,NA,NA,NA,b9b1564c-54db-4627-8f3f-643d14cd8d51,2025-10-09,19:27:48,2025-10-09T19:27:48Z,2025-10-09T19:27:48Z,NA,v3,CNE,CNE,NA,"Cochran, Carson",10085797,Right,CAR_EAG,89cd0f2a-b02c-467a-919e-355573ed346e,55.19685,-116.69566,11.00614,5.43314,1.98034,-13.07809,-2.82425,13.87247,-5.90112,NA,NA,NA,NA,NA,NA,NA,NA,NA,NA,NA,NA,NA,NA,NA,NA,NA,NA,NA,NA,NA,NA,NA,NA,NA,NA,NA,NA,71.2816,1.579414,0.621773,0.957642,-0.84887,3.11064,2.67678,-0.65962,5.3845,2.71569,64.90537,2.42789,-59.87878,-0.63861,72.74644,-4.51739,5.40624,9.77546,-13.4815,2.66199,-73.33557,8.44351,High,High,High,NA,NA,High,High,High,243.257824,12.566114,2071.508484,0.976046,02:00:00,-0.283511,-0.867709,-0.408293,-65.112249,-43.209174,57.594761,0.374218,94.635784,-0.074949,67.564087,0.074949,-0.924307,-0.374218,78.674553,21.975998,0.924307,0.924307,-94.635784,-21.975998,0.374218,-67.564087,-78.674553,-0.374218,-0.924307,0.074949,-0.074949,NA,NA,NA,NA,NA,NA,NA,NA,NA,NA,NA,NA
NA,NA,NA,NA,NA,NA,NA,NA,NA,NA,NA,NA,NA,NA,NA,NA,26,2025-10-09,15:28:14,2,3,"Bobo, Aaron",1000294694,Right,CAR_EAG,"Floyd, Logan",1000148156,Right,CAR_EAG,Undefined,2,Top,0,1,1,Slider,Curveball,BallCalled,Undefined,Undefined,Undefined,0,0,NA,74.91693,1.361599,-6.034975,2725.73134,0.894857,06:00:00,5.19258,3.01206,5.56776,-55.74657,-4.56347,-0.09728,1.82636,-2.65481,68.62779,-8.765749,-6.052166,0.514914,NA,NA,NA,NA,NA,NA,NA,NA,NA,NA,NA,-1.73685,-2.12851,-2.48953,50,5.27447,11.43724,-108.14825,0.79159,-2.04502,19.88725,-34.68023,CAR_EAG,CAR_EAG,CarsonNewman,TeamExclusive,Team,20251009-CarsonNewman-Private-1,19ea88e0-a546-11f0-870a-a764b86fb10a,73.20145,NA,NA,6.28915,NA,NA,NA,NA,NA,NA,b9b1564c-54db-4627-8f3f-643d14cd8d51,2025-10-09,19:28:14,2025-10-09T19:28:14Z,2025-10-09T19:28:14Z,NA,v3,CNE,CNE,NA,"Cochran, Carson",10085797,Right,CAR_EAG,fe6486d7-eeba-41d4-913a-6ee1bc7eb76d,54.93421,-109.05183,9.94363,5.2027,2.36728,-17.34012,-3.01129,11.53016,-1.02251,NA,NA,NA,NA,NA,NA,NA,NA,NA,NA,NA,NA,NA,NA,NA,NA,NA,NA,NA,NA,NA,NA,NA,NA,NA,NA,NA,NA,NA,NA,NA,NA,NA,NA,NA,NA,NA,NA,NA,NA,NA,NA,NA,NA,NA,NA,NA,NA,NA,NA,High,High,High,NA,NA,NA,NA,NA,354.925169,73.77946,761.393085,0.279335,05:45:00,-0.925933,-0.001886,0.377682,-59.74782,18.660224,-52.744284,0.526496,130.074153,-0.547326,40.584299,0.547326,-0.650566,-0.526496,43.888694,31.768991,0.650566,0.650566,-130.074153,-31.768991,0.526496,-40.584299,-43.888694,-0.526496,-0.650566,0.547326,-0.547326,NA,NA,NA,NA,NA,NA,NA,NA,NA,NA,NA,NA
NA,NA,NA,NA,NA,NA,NA,NA,NA,NA,NA,NA,NA,NA,NA,NA,27,2025-10-09,15:28:34,2,4,"Bobo, Aaron",1000294694,Right,CAR_EAG,"Floyd, Logan",1000148156,Right,CAR_EAG,Undefined,2,Top,0,2,1,Fastball,Changeup,BallCalled,Undefined,Undefined,Undefined,0,0,NA,81.71069,0.224118,-6.095661,2245.167577,251.426008,02:30:00,5.48237,2.73086,5.11385,-37.33297,6.2378,14.30217,2.58364,-1.84187,74.55045,-6.57537,-3.586765,0.475082,NA,NA,NA,NA,NA,NA,NA,NA,NA,NA,NA,-8.74311,3.49823,-2.16607,50,5.4748,11.97057,-117.90571,-0.87821,-12.30704,22.42757,-27.24985,CAR_EAG,CAR_EAG,CarsonNewman,TeamExclusive,Team,20251009-CarsonNewman-Private-1,25cbc390-a546-11f0-870a-a764b86fb10a,79.33873,NA,NA,7.16024,NA,NA,NA,NA,NA,NA,b9b1564c-54db-4627-8f3f-643d14cd8d51,2025-10-09,19:28:34,2025-10-09T19:28:34Z,2025-10-09T19:28:34Z,NA,v3,CNE,CNE,NA,"Cochran, Carson",10085797,Right,CAR_EAG,4216885f-5b6f-4aff-8863-9d59fd273816,55.38663,-118.92592,11.21379,5.48655,0.36136,-13.62492,-2.72333,12.53041,-6.15352,NA,NA,NA,NA,NA,NA,NA,NA,NA,NA,NA,NA,NA,NA,NA,NA,NA,NA,NA,NA,NA,NA,NA,NA,NA,NA,NA,NA,NA,NA,NA,NA,NA,NA,NA,NA,NA,NA,NA,NA,NA,NA,NA,NA,NA,NA,NA,NA,NA,NA,High,High,High,NA,NA,NA,NA,NA,244.412626,23.276422,2062.431309,0.918609,02:15:00,-0.438282,-0.826967,-0.352186,-44.133769,-31.499892,52.72997,0.971332,96.044117,-0.025031,13.674587,0.025031,-0.236407,-0.971332,88.5238,76.247474,0.236407,0.236407,-96.044117,-76.247474,0.971332,-13.674587,-88.5238,-0.971332,-0.236407,0.025031,-0.025031,NA,NA,NA,NA,NA,NA,NA,NA,NA,NA,NA,NA
NA,NA,NA,NA,NA,NA,NA,NA,NA,NA,NA,NA,NA,NA,NA,NA,28,2025-10-09,15:28:54,2,5,"Bobo, Aaron",1000294694,Right,CAR_EAG,"Floyd, Logan",1000148156,Right,CAR_EAG,Undefined,2,Top,0,3,1,Fastball,Changeup,FoulBallNotFieldable,Undefined,Undefined,Undefined,0,0,NA,82.05618,-0.86232,-4.802256,2183.982667,249.327123,02:15:00,5.51965,2.8409,5.15821,-35.67218,7.47725,15.90765,1.73232,-0.36463,74.7137,-7.382792,-1.996667,0.47278,65.14717,32.259821,141.877707,5184.116763,NA,NA,NA,NA,27.14964,NA,NA,-9.35729,4.39796,-2.40422,50,5.41163,9.2931,-118.62117,-3.0531,-13.25817,23.87348,-25.94265,CAR_EAG,CAR_EAG,CarsonNewman,TeamExclusive,Team,20251009-CarsonNewman-Private-1,322dee10-a546-11f0-870a-a764b86fb10a,79.72516,17.43622,NA,7.34248,NA,NA,NA,1.48589,1.61049,0.19979,b9b1564c-54db-4627-8f3f-643d14cd8d51,2025-10-09,19:28:54,2025-10-09T19:28:54Z,2025-10-09T19:28:54Z,NA,v3,CNE,CNE,NA,"Cochran, Carson",10085797,Right,CAR_EAG,8acb148d-7818-49fb-9711-57f5957e1a97,55.34361,-119.69178,11.93674,5.52246,-1.8897,-12.97133,-2.8343,9.88767,-6.62908,286.329469,1.48617,-63.57677,4.25189,NA,NA,NA,NA,NA,NA,1.61674,50.77403,-21.80425,NA,NA,NA,NA,NA,NA,0.21064,49.48722,-14.13612,NA,NA,NA,NA,NA,NA,NA,NA,NA,NA,NA,NA,NA,NA,NA,NA,NA,NA,NA,NA,NA,NA,NA,NA,NA,NA,NA,NA,High,High,High,High,Undefined,NA,NA,NA,241.250256,20.984355,2039.137111,0.933678,02:00:00,-0.382135,-0.82388,-0.418563,-45.347791,-39.417709,54.436811,0.955234,99.97596,-0.051252,16.940471,0.051252,-0.291378,-0.955234,86.92882,72.791421,0.291378,0.291378,-99.97596,-72.791421,0.955234,-16.940471,-86.92882,-0.955234,-0.291378,0.051252,-0.051252,NA,NA,NA,NA,NA,NA,NA,NA,NA,NA,NA,NA
NA,NA,NA,NA,NA,NA,NA,NA,NA,NA,NA,NA,NA,NA,NA,NA,29,2025-10-09,15:29:22,2,6,"Bobo, Aaron",1000294694,Right,CAR_EAG,"Floyd, Logan",1000148156,Right,CAR_EAG,Undefined,2,Top,0,3,2,Slider,Curveball,StrikeSwinging,Strikeout,Undefined,Undefined,0,0,NA,75.26897,0.803967,-4.511081,2654.653359,5.800837,06:15:00,5.25296,3.02796,5.17095,-57.96999,-6.42886,-0.83354,1.18115,-1.29575,68.66878,-9.668191,-4.658168,0.516712,NA,NA,NA,NA,NA,NA,NA,NA,NA,NA,NA,-1.00764,-2.83421,-2.60611,50,5.28426,8.61711,-108.80076,-0.46088,-1.19284,21.3006,-35.5292,CAR_EAG,CAR_EAG,CarsonNewman,TeamExclusive,Team,20251009-CarsonNewman-Private-1,4296acb0-a546-11f0-870a-a764b86fb10a,72.94672,NA,NA,6.60019,NA,NA,NA,NA,NA,NA,b9b1564c-54db-4627-8f3f-643d14cd8d51,2025-10-09,19:29:22,2025-10-09T19:29:22Z,2025-10-09T19:29:22Z,NA,v3,CNE,CNE,NA,"Cochran, Carson",10085797,Right,CAR_EAG,872608e3-5ccd-4d34-ac15-9c4614785763,55.33036,-109.83936,10.6503,5.26449,1.2715,-17.7646,-3.02769,8.67527,-0.59642,NA,NA,NA,NA,NA,NA,NA,NA,NA,NA,NA,NA,NA,NA,NA,NA,NA,NA,NA,NA,NA,NA,NA,NA,NA,NA,NA,NA,NA,NA,NA,NA,NA,NA,NA,NA,NA,NA,NA,NA,NA,NA,NA,NA,NA,NA,NA,NA,NA,NA,High,High,High,NA,NA,NA,NA,NA,357.6265,75.693576,655.985158,0.247108,06:00:00,-0.946615,0.003364,0.322347,-34.02111,47.026824,-60.750578,0.615743,135.408659,-0.561122,33.585072,0.561122,-0.553175,-0.615743,47.657315,38.005943,0.553175,0.553175,-135.408659,-38.005943,0.615743,-33.585072,-47.657315,-0.615743,-0.553175,0.561122,-0.561122,NA,NA,NA,NA,NA,NA,NA,NA,NA,NA,NA,NA
NA,NA,NA,NA,NA,NA,NA,NA,NA,NA,NA,NA,NA,NA,NA,NA,30,2025-10-09,15:29:54,3,1,"Bobo, Aaron",1000294694,Right,CAR_EAG,"Nathan, Cole",1000323259,Right,CAR_EAG,Undefined,2,Top,1,0,0,Fastball,Changeup,InPlay,Undefined,GroundBall,Out,1,1,NA,83.5926,-0.582586,-4.448605,2159.288996,248.321016,02:15:00,5.48752,2.73523,4.93324,-33.65029,8.46977,17.49981,2.13095,-0.02004,75.59362,-6.739415,-1.373155,0.467106,94.54321,-16.060464,-5.040537,NA,NA,NA,NA,8.45659,8.4406,-4.076279,0.053335,-10.03241,4.78933,-2.31685,50,5.40313,8.61833,-120.78508,-2.47056,-14.65605,25.96726,-25.17743,CAR_EAG,CAR_EAG,CarsonNewman,TeamExclusive,Team,20251009-CarsonNewman-Private-1,55f52bb0-a546-11f0-870a-a764b86fb10a,80.69347,2.04913,NA,7.99898,NA,NA,NA,1.34492,2.04913,0.02424,b9b1564c-54db-4627-8f3f-643d14cd8d51,2025-10-09,19:29:54,2025-10-09T19:29:54Z,2025-10-09T19:29:54Z,GroundBall,v3,CNE,CNE,NA,"Cochran, Carson",10085797,Right,CAR_EAG,d6ef810f-7002-41d2-b49d-2a2413d5849f,55.56763,-121.97618,12.98363,5.48997,-1.3157,-12.58871,-2.72759,9.29059,-7.32803,180,1.34319,132.93755,NA,NA,NA,NA,NA,NA,NA,2.04963,-38.41968,NA,NA,NA,NA,NA,NA,NA,0.02439,-11.72531,NA,NA,NA,NA,NA,NA,NA,NA,NA,NA,NA,NA,NA,NA,NA,NA,NA,NA,NA,NA,NA,NA,NA,NA,NA,NA,NA,NA,NA,High,High,High,High,High,NA,NA,NA,245.425439,18.334754,2049.672354,0.949235,02:15:00,-0.335473,-0.866408,-0.369858,-33.434125,-33.53218,55.821056,0.958807,99.053236,-0.044697,16.291271,0.044697,-0.28052,-0.958807,87.330939,73.497383,0.28052,0.28052,-99.053236,-73.497383,0.958807,-16.291271,-87.330939,-0.958807,-0.28052,0.044697,-0.044697,NA,NA,NA,NA,NA,NA,NA,NA,NA,NA,NA,NA
NA,NA,NA,NA,NA,NA,NA,NA,NA,NA,NA,NA,NA,NA,NA,NA,31,2025-10-09,15:30:29,4,1,"Bobo, Aaron",1000294694,Right,CAR_EAG,"Hubbard, Ian",10071315,Left,CAR_EAG,Undefined,2,Top,2,0,0,Fastball,Changeup,BallCalled,Undefined,Undefined,Undefined,0,0,NA,82.46529,-1.393597,-5.972206,2145.383302,272.576041,03:00:00,5.46781,2.71908,4.9114,-42.85199,0.80626,17.86162,0.57151,-1.46059,74.65377,-9.137781,-2.841634,0.475559,NA,NA,NA,NA,NA,NA,NA,NA,NA,NA,NA,-10.66355,1.34587,-2.14907,50,5.29531,11.63228,-118.81123,-4.53367,-15.03244,25.69098,-30.27677,CAR_EAG,CAR_EAG,CarsonNewman,TeamExclusive,Team,20251009-CarsonNewman-Private-1,6ac2cb10-a546-11f0-870a-a764b86fb10a,79.25919,NA,NA,7.81152,NA,NA,NA,NA,NA,NA,b9b1564c-54db-4627-8f3f-643d14cd8d51,2025-10-09,19:30:29,2025-10-09T19:30:29Z,2025-10-09T19:30:29Z,NA,v3,CNE,CNE,NA,"Cochran, Carson",10085797,Right,CAR_EAG,183e9e62-6887-4afa-82bd-32a2fe424cef,55.5892,-120.01372,12.84549,5.47435,-3.11654,-15.13839,-2.71,12.33589,-7.51622,NA,NA,NA,NA,NA,NA,NA,NA,NA,NA,NA,NA,NA,NA,NA,NA,NA,NA,NA,NA,NA,NA,NA,NA,NA,NA,NA,NA,68.15084,NA,NA,0.98479,NA,NA,NA,0.08693,4.57267,1.24611,61.08153,1.6579,-63.70123,0.10617,65.7869,-3.95791,4.59252,10.13877,-13.3529,1.19673,-73.56994,7.86006,High,High,High,NA,NA,High,High,High,245.086162,15.584942,2066.504447,0.963233,02:15:00,-0.288217,-0.879873,-0.37783,-13.337281,-29.957291,54.896018,0.955966,99.774596,-0.049824,16.811057,0.049824,-0.289217,-0.955966,87.016482,72.933775,0.289217,0.289217,-99.774596,-72.933775,0.955966,-16.811057,-87.016482,-0.955966,-0.289217,0.049824,-0.049824,NA,NA,NA,NA,NA,NA,NA,NA,NA,NA,NA,NA
NA,NA,NA,NA,NA,NA,NA,NA,NA,NA,NA,NA,NA,NA,NA,NA,32,2025-10-09,15:30:50,4,2,"Bobo, Aaron",1000294694,Right,CAR_EAG,"Hubbard, Ian",10071315,Left,CAR_EAG,Undefined,2,Top,2,1,0,Slider,Curveball,InPlay,Undefined,GroundBall,Error,0,1,NA,74.32234,1.77013,-3.800611,2601.697521,351.482976,05:45:00,5.24743,2.92419,5.41261,-56.67542,-3.2637,0.81705,2.1871,-0.57375,66.23936,-8.627378,-3.655695,0.526005,83.81418,0.10788,-19.01531,1425.507159,NA,NA,NA,49.94527,48.15073,-18.923104,0.408226,-1.85323,-1.72547,-2.58618,50,5.36606,7.09587,-107.28382,1.5042,-2.08639,24.44237,-34.1166,CAR_EAG,CAR_EAG,CarsonNewman,TeamExclusive,Team,20251009-CarsonNewman-Private-1,772802d0-a546-11f0-870a-a764b86fb10a,71.65797,2.49258,NA,8.08298,NA,NA,NA,2.32502,2.49249,0.40117,b9b1564c-54db-4627-8f3f-643d14cd8d51,2025-10-09,19:30:50,2025-10-09T19:30:50Z,2025-10-09T19:30:50Z,GroundBall,v3,CNE,CNE,NA,"Cochran, Carson",10085797,Right,CAR_EAG,aa2578a1-6475-45f7-8da2-757a84d7b43f,55.08643,-108.43646,12.22118,5.25719,3.11306,-17.0583,-2.92313,7.19426,-1.0432,90.828827,2.33162,116.00322,-14.68658,NA,NA,NA,NA,NA,NA,2.49589,0.1206,-15.29222,NA,NA,NA,NA,NA,NA,0.40344,-40.12671,-1.33234,NA,NA,NA,NA,NA,NA,NA,NA,NA,NA,NA,NA,NA,NA,NA,NA,NA,NA,NA,NA,NA,NA,NA,NA,NA,NA,NA,NA,High,High,High,High,High,NA,NA,NA,352.583929,75.878354,634.765807,0.243981,05:45:00,-0.952119,-0.00152,0.305724,-52.006592,26.38198,-57.953954,0.536693,135.911778,-0.60606,35.949433,0.60606,-0.587071,-0.536693,41.526339,32.458805,0.587071,0.587071,-135.911778,-32.458805,0.536693,-35.949433,-41.526339,-0.536693,-0.587071,0.60606,-0.60606,NA,NA,NA,NA,NA,NA,NA,NA,NA,NA,NA,NA
NA,NA,NA,NA,NA,NA,NA,NA,NA,NA,NA,NA,NA,NA,NA,NA,33,2025-10-09,15:31:33,5,1,"Bobo, Aaron",1000294694,Right,CAR_EAG,"Hornbuckle, Kylan",1000106804,Right,CAR_EAG,Undefined,2,Top,2,0,0,Fastball,Changeup,InPlay,Undefined,GroundBall,Out,1,0,NA,80.0885,2.092704,-3.316671,2152.762043,274.43787,03:15:00,5.44439,2.90894,5.3445,-45.02806,0.17693,18.58926,3.65937,1.34323,72.21241,-6.165634,-0.020384,0.48391,27.88578,21.363986,-15.144804,1164.010775,NA,NA,NA,43.85561,43.57114,-16.423995,1.160169,-10.38304,-0.13146,-2.62362,50,5.60121,5.95438,-115.8905,2.67909,-13.91945,24.53968,-32.35026,CAR_EAG,CAR_EAG,CarsonNewman,TeamExclusive,Team,20251009-CarsonNewman-Private-1,90b79710-a546-11f0-870a-a764b86fb10a,77.89143,7.18238,NA,7.87609,NA,NA,NA,1.31676,3.67679,-1.33397,b9b1564c-54db-4627-8f3f-643d14cd8d51,2025-10-09,19:31:33,2025-10-09T19:31:33Z,2025-10-09T19:31:33Z,GroundBall,v3,CNE,CNE,NA,"Cochran, Carson",10085797,Right,CAR_EAG,43786ef2-1a5c-49ac-930c-0509238b253d,55.15757,-116.97751,12.26984,5.4508,4.11208,-16.17513,-2.90103,6.57096,-6.95973,180.096185,1.31676,36.76635,-1.70138,0.36487000000000003,-0.16574,-0.09639,0.32354,-0.23377,0.0575,3.67679,14.89916,-16.01275,0.41971,-0.13449,0.26302,-0.27441,0.13684,-0.02778,-1.33397,-9.95125,0.46301,-0.1169,0.04362,0.0455,-0.14162,0.10378,-0.02557,NA,NA,NA,NA,NA,NA,NA,NA,NA,NA,NA,NA,NA,NA,NA,NA,NA,NA,NA,NA,NA,NA,High,High,High,High,High,NA,NA,NA,246.057952,20.34081,2018.519213,0.937642,02:15:00,-0.400045,-0.843699,-0.357962,82.364891,49.686369,58.620549,0.944333,94.852941,-0.027832,19.135981,0.027832,-0.327811,-0.944333,88.311822,70.792477,0.327811,0.327811,-94.852941,-70.792477,0.944333,-19.135981,-88.311822,-0.944333,-0.327811,0.027832,-0.027832,NA,NA,NA,NA,NA,NA,NA,NA,NA,NA,NA,NA
NA,NA,NA,NA,NA,NA,NA,NA,NA,NA,NA,NA,NA,NA,NA,NA,34,2025-10-09,15:34:08,1,1,"Rowland, Bryson",10323022,Left,CAR_EAG,"Benner, Seth",1000370212,Right,CAR_EAG,Undefined,2,Bottom,0,0,0,Fastball,Changeup,BallCalled,Undefined,Undefined,Undefined,0,0,NA,81.89017,-3.477771,3.414871,2475.637059,156.709497,11:15:00,5.75683,-2.16825,5.33235,-22.65726,20.51804,-8.17056,0.59571,0.35885,74.44363,-7.709189,1.966513,0.472921,NA,NA,NA,NA,NA,NA,NA,NA,NA,NA,NA,5.09634,11.76674,1.86531,50,5.42587,-6.71481,-118.31323,-7.89033,7.16837,24.18949,-15.62323,CAR_EAG,CAR_EAG,CarsonNewman,TeamExclusive,Team,20251009-CarsonNewman-Private-1,ed419f80-a546-11f0-870a-a764b86fb10a,79.70126,NA,NA,7.44655,NA,NA,NA,NA,NA,NA,b9b1564c-54db-4627-8f3f-643d14cd8d51,2025-10-09,19:34:08,2025-10-09T19:34:08Z,2025-10-09T19:34:08Z,NA,v3,CNE,CNE,NA,"Van Ness, Jameson",1000370206,Right,CAR_EAG,5505e9f1-4371-4ce8-9b1e-10278355caaa,55.16581,-119.36472,12.09475,5.75409,-7.21121,-7.81162,2.16397,-7.02641,3.58419,NA,NA,NA,NA,NA,NA,NA,NA,NA,NA,NA,NA,NA,NA,NA,NA,NA,NA,NA,NA,NA,NA,NA,NA,NA,NA,NA,NA,NA,NA,NA,NA,NA,NA,NA,NA,NA,NA,NA,NA,NA,NA,NA,NA,NA,NA,NA,NA,NA,NA,High,High,High,NA,NA,NA,NA,NA,149.747645,-27.568097,2194.55672,0.886461,11:00:00,0.479698,0.473859,-0.738476,18.594927,-29.281632,26.880243,-0.110655,168.463315,-0.97378,-11.464873,0.97378,-0.198767,0.110655,6.482967,-6.353073,0.198767,-0.198767,-168.463315,6.353073,0.110655,11.464873,-6.482967,-0.110655,0.198767,0.97378,-0.97378,NA,NA,NA,NA,NA,NA,NA,NA,NA,NA,NA,NA
NA,NA,NA,NA,NA,NA,NA,NA,NA,NA,NA,NA,NA,NA,NA,NA,35,2025-10-09,15:34:28,1,2,"Rowland, Bryson",10323022,Left,CAR_EAG,"Benner, Seth",1000370212,Right,CAR_EAG,Undefined,2,Bottom,0,1,0,Fastball,Changeup,FoulBallNotFieldable,Undefined,Undefined,Undefined,0,0,NA,82.62539,-1.861954,3.298052,2509.134113,154.356767,11:15:00,5.86613,-2.06973,5.65565,-21.81395,19.99052,-8.88752,2.30824,0.269,74.89678,-5.986039,1.713538,0.465353,NA,NA,NA,NA,NA,NA,NA,NA,NA,NA,NA,5.5539,11.16276,1.79593,50,5.69465,-6.54017,-119.6394,-4.52768,7.96947,25.23297,-16.15624,CAR_EAG,CAR_EAG,CarsonNewman,TeamExclusive,Team,20251009-CarsonNewman-Private-1,f9263590-a546-11f0-870a-a764b86fb10a,80.99749,NA,NA,7.72861,NA,NA,NA,NA,NA,NA,b9b1564c-54db-4627-8f3f-643d14cd8d51,2025-10-09,19:34:28,2025-10-09T19:34:28Z,2025-10-09T19:34:28Z,NA,v3,CNE,CNE,NA,"Van Ness, Jameson",1000370206,Right,CAR_EAG,fa156255-782e-4ac7-8b41-2aeaf4a9ff0a,54.84517,-120.65696,12.61648,5.8641,-3.87615,-8.07812,2.06615,-6.86156,3.98473,NA,NA,NA,NA,NA,NA,NA,NA,NA,NA,NA,NA,NA,NA,NA,NA,NA,NA,NA,NA,NA,NA,NA,NA,NA,NA,NA,NA,NA,NA,NA,NA,NA,NA,NA,NA,NA,NA,NA,NA,NA,NA,NA,NA,NA,NA,NA,NA,NA,NA,High,High,High,NA,NA,NA,NA,NA,149.276818,-28.0368,2214.676881,0.882646,11:00:00,0.498037,0.46597,-0.731322,41.929937,-26.137957,-5.761318,-0.188569,175.309227,-0.978771,-4.606436,0.978771,-0.080311,0.188569,10.904957,-10.869303,0.080311,-0.080311,-175.309227,10.869303,0.188569,4.606436,-10.904957,-0.188569,0.080311,0.978771,-0.978771,NA,NA,NA,NA,NA,NA,NA,NA,NA,NA,NA,NA
NA,NA,NA,NA,NA,NA,NA,NA,NA,NA,NA,NA,NA,NA,NA,NA,36,2025-10-09,15:34:49,1,3,"Rowland, Bryson",10323022,Left,CAR_EAG,"Benner, Seth",1000370212,Right,CAR_EAG,Undefined,2,Bottom,0,1,1,Fastball,Changeup,BallCalled,Undefined,Undefined,Undefined,0,0,NA,81.57505,-0.042948,3.527952,2458.486429,159.442732,11:15:00,6.0058,-2.09478,5.29434,-23.00218,21.01454,-7.24079,4.04855,0.61863,72.8725,-4.408312,2.247066,0.477508,NA,NA,NA,NA,NA,NA,NA,NA,NA,NA,NA,4.77189,10.96008,1.77857,50,5.9859,-6.95009,-117.84375,-0.76225,6.56937,26.78063,-17.08555,CAR_EAG,CAR_EAG,CarsonNewman,TeamExclusive,Team,20251009-CarsonNewman-Private-1,056c9ab0-a547-11f0-870a-a764b86fb10a,78.93578,NA,NA,8.70255,NA,NA,NA,NA,NA,NA,b9b1564c-54db-4627-8f3f-643d14cd8d51,2025-10-09,19:34:49,2025-10-09T19:34:49Z,2025-10-09T19:34:49Z,NA,v3,CNE,CNE,NA,"Van Ness, Jameson",1000370206,Right,CAR_EAG,2a456f53-c9a6-4316-93b6-7479c7423eed,55.20016,-119.01965,13.390319999999999,6.0029,-0.01205,-8.54278,2.09007,-7.23854,3.28469,NA,NA,NA,NA,NA,NA,NA,NA,NA,NA,NA,NA,NA,NA,NA,NA,NA,NA,NA,NA,NA,NA,NA,NA,NA,NA,NA,NA,NA,NA,NA,NA,NA,NA,NA,NA,NA,NA,NA,NA,NA,NA,NA,NA,NA,NA,NA,NA,NA,NA,High,High,High,NA,NA,NA,NA,NA,152.085921,-29.183504,2146.412307,0.873062,11:00:00,0.533852,0.409087,-0.740034,12.887406,-33.280647,27.760687,-0.109107,171.41249,-0.982886,-8.535858,0.982886,-0.148428,0.109107,6.334303,-6.263856,0.148428,-0.148428,-171.41249,6.263856,0.109107,8.535858,-6.334303,-0.109107,0.148428,0.982886,-0.982886,NA,NA,NA,NA,NA,NA,NA,NA,NA,NA,NA,NA
NA,NA,NA,NA,NA,NA,NA,NA,NA,NA,NA,NA,NA,NA,NA,NA,37,2025-10-09,15:35:07,1,4,"Rowland, Bryson",10323022,Left,CAR_EAG,"Benner, Seth",1000370212,Right,CAR_EAG,Undefined,2,Bottom,0,2,1,Fastball,Changeup,InPlay,Undefined,LineDrive,Double,0,2,NA,81.68332,-1.643346,1.973882,2519.181225,155.839553,11:15:00,5.94636,-2.1833,5.4354,-23.58218,19.64245,-8.10418,2.44084,-1.00937,73.78132,-6.083581,0.532337,0.473192,85.91932,17.438015,10.74848,1190.558587,107.35211,24.62199,23.98678,244.33581,244.33581,13.84037,2.615712,4.7263,10.87103,2.01431,50,5.78501,-3.74623,-118.30344,-4.10497,6.60349,25.54573,-16.98527,CAR_EAG,CAR_EAG,CarsonNewman,TeamExclusive,Team,20251009-CarsonNewman-Private-1,10104c50-a547-11f0-870a-a764b86fb10a,79.65573,25.31585,NA,7.90199,NA,NA,NA,1.41521,2.54464,1.04038,b9b1564c-54db-4627-8f3f-643d14cd8d51,2025-10-09,19:35:07,2025-10-09T19:35:07Z,2025-10-09T19:35:07Z,LineDrive,v3,CNE,CNE,NA,"Van Ness, Jameson",1000370206,Right,CAR_EAG,8cb2fa6b-d716-47c8-b98a-5e44adcfaf4b,55.06419,-119.39196,12.77286,5.9445,-3.38122,-8.49263,2.17994,-4.02761,3.30175,217.248536,1.41518,118.11604,-16.98265,3.80848,-0.91189,0.27701,-0.08602,0.01725,-0.00147,2.54468,37.7608,-16.54336,0.73343,0.10649,-0.16077,0.0751,-0.01643,0.00144,1.04041,22.41925,0.56055,-0.6785,0.37003,-0.19405,0.07345,-0.01549,0.00135,NA,NA,NA,NA,NA,NA,NA,NA,NA,NA,NA,NA,NA,NA,NA,NA,NA,NA,NA,NA,NA,NA,High,High,High,High,High,NA,NA,NA,149.711129,-35.442757,2052.365066,0.814695,11:00:00,0.591761,0.427361,-0.683507,41.830064,-26.415365,-8.822793,-0.180332,170.604678,-0.970411,-9.239932,0.970411,-0.160569,0.180332,10.527236,-10.389114,0.160569,-0.160569,-170.604678,10.389114,0.180332,9.239932,-10.527236,-0.180332,0.160569,0.970411,-0.970411,NA,NA,NA,NA,NA,NA,NA,NA,NA,NA,NA,NA
NA,NA,NA,NA,NA,NA,NA,NA,NA,NA,NA,NA,NA,NA,NA,NA,38,2025-10-09,15:35:55,2,1,"Rowland, Bryson",10323022,Left,CAR_EAG,"Soto Diaz, Bradley",1000475324,Right,CAR_EAG,Undefined,2,Bottom,0,0,0,ChangeUp,Curveball,BallCalled,Undefined,Undefined,Undefined,0,0,NA,71.81701,-0.196604,0.914559,2399.801426,309.535891,04:15:00,5.77296,-2.10448,4.69332,-68.00917,-9.30666,14.21446,-0.08116,-0.05154,64.57595,-12.397551,3.421242,0.551442,NA,NA,NA,NA,NA,NA,NA,NA,NA,NA,NA,-6.62504,-3.84992,1.99798,50,5.69203,-2.21575,-103.79408,-2.69568,-6.95219,23.52382,-36.21409,CAR_EAG,CAR_EAG,CarsonNewman,TeamExclusive,Team,20251009-CarsonNewman-Private-1,2cd6a190-a547-11f0-870a-a764b86fb10a,68.35251,NA,NA,7.24106,NA,NA,NA,NA,NA,NA,b9b1564c-54db-4627-8f3f-643d14cd8d51,2025-10-09,19:35:55,2025-10-09T19:35:55Z,2025-10-09T19:35:55Z,NA,v3,CNE,CNE,NA,"Van Ness, Jameson",1000370206,Right,CAR_EAG,d1bd3fa2-9069-49ce-89e5-19af3e47b9c5,55.80767,-105.10209,11.76191,5.78594,-0.68205,-18.10704,2.11044,-1.82919,-3.4761,NA,NA,NA,NA,NA,NA,NA,NA,NA,NA,NA,NA,NA,NA,NA,NA,NA,NA,NA,NA,NA,NA,NA,NA,NA,NA,NA,NA,NA,NA,NA,NA,NA,NA,NA,NA,NA,NA,NA,NA,NA,NA,NA,NA,NA,NA,NA,NA,NA,NA,High,High,High,NA,NA,NA,NA,NA,348.390819,-54.367338,1398.091662,0.582586,05:30:00,0.803954,-0.114447,0.583575,-20.109624,-2.724589,88.896911,0.070779,105.989302,-0.274767,73.516644,0.274767,-0.958902,-0.070779,14.445131,4.058728,0.958902,0.958902,-105.989302,-4.058728,0.070779,-73.516644,-14.445131,-0.070779,-0.958902,0.274767,-0.274767,NA,NA,NA,NA,NA,NA,NA,NA,NA,NA,NA,NA
NA,NA,NA,NA,NA,NA,NA,NA,NA,NA,NA,NA,NA,NA,NA,NA,39,2025-10-09,15:36:17,2,2,"Rowland, Bryson",10323022,Left,CAR_EAG,"Soto Diaz, Bradley",1000475324,Right,CAR_EAG,Undefined,2,Bottom,0,1,0,Fastball,Changeup,BallCalled,Undefined,Undefined,Undefined,0,0,NA,81.26728,-2.524601,1.349075,2432.045286,151.552634,11:00:00,5.91085,-2.18702,5.11076,-25.00234,19.19521,-9.52461,1.44652,-1.70945,73.58107,-7.178072,-0.336371,0.478487,NA,NA,NA,NA,NA,NA,NA,NA,NA,NA,NA,5.12571,10.78756,2.06755,50,5.65403,-2.35783,-117.58765,-5.98347,7.08991,24.80948,-17.2526,CAR_EAG,CAR_EAG,CarsonNewman,TeamExclusive,Team,20251009-CarsonNewman-Private-1,3a26d590-a547-11f0-870a-a764b86fb10a,78.77417,NA,NA,7.68621,NA,NA,NA,NA,NA,NA,b9b1564c-54db-4627-8f3f-643d14cd8d51,2025-10-09,19:36:17,2025-10-09T19:36:17Z,2025-10-09T19:36:17Z,NA,v3,CNE,CNE,NA,"Van Ness, Jameson",1000370206,Right,CAR_EAG,2d35fcbd-efe9-49a0-975e-1d6b17100b1d,55.38664,-118.71872,12.40474,5.90889,-5.19692,-8.6263,2.18241,-2.68107,3.54496,NA,NA,NA,NA,NA,NA,NA,NA,NA,NA,NA,NA,NA,NA,NA,NA,NA,NA,NA,NA,NA,NA,NA,NA,NA,NA,NA,NA,NA,NA,NA,NA,NA,NA,NA,NA,NA,NA,NA,NA,NA,NA,NA,NA,NA,NA,NA,NA,NA,NA,High,High,High,NA,NA,NA,NA,NA,150.923346,-25.963676,2186.583285,0.899072,11:00:00,0.436514,0.455791,-0.7757,8.293511,-27.955971,46.881599,-0.148753,168.688584,-0.969666,-11.183937,0.969666,-0.193959,0.148753,8.721535,-8.554656,0.193959,-0.193959,-168.688584,8.554656,0.148753,11.183937,-8.721535,-0.148753,0.193959,0.969666,-0.969666,NA,NA,NA,NA,NA,NA,NA,NA,NA,NA,NA,NA
NA,NA,NA,NA,NA,NA,NA,NA,NA,NA,NA,NA,NA,NA,NA,NA,40,2025-10-09,15:37:05,2,3,"Rowland, Bryson",10323022,Left,CAR_EAG,"Soto Diaz, Bradley",1000475324,Right,CAR_EAG,Undefined,2,Bottom,0,2,0,Fastball,Changeup,BallCalled,Undefined,Undefined,Undefined,0,0,NA,81.99396,-2.135187,4.130689,2479.003314,159.842431,11:15:00,5.87386,-2.11525,5.77143,-22.65942,19.97229,-6.74634,1.99239,1.1734,73.90904,-6.431043,2.927441,0.469935,NA,NA,NA,NA,NA,NA,NA,NA,NA,NA,NA,4.74457,11.3006,1.77706,50,5.6833,-8.28263,-118.48911,-5.05784,6.64041,25.92033,-16.35792,CAR_EAG,CAR_EAG,CarsonNewman,TeamExclusive,Team,20251009-CarsonNewman-Private-1,56ecb5a0-a547-11f0-870a-a764b86fb10a,80.20776,NA,NA,8.08493,NA,NA,NA,NA,NA,NA,b9b1564c-54db-4627-8f3f-643d14cd8d51,2025-10-09,19:37:05,2025-10-09T19:37:05Z,2025-10-09T19:37:05Z,NA,v3,CNE,CNE,NA,"Van Ness, Jameson",1000370206,Right,CAR_EAG,0355c661-d8c0-48ec-99f6-bb603c4beb26,54.72551,-119.51838,12.96016,5.87124,-4.40828,-8.17896,2.11119,-8.54632,3.3202,NA,NA,NA,NA,NA,NA,NA,NA,NA,NA,NA,NA,NA,NA,NA,NA,NA,NA,NA,NA,NA,NA,NA,NA,NA,NA,NA,NA,NA,NA,NA,NA,NA,NA,NA,NA,NA,NA,NA,NA,NA,NA,NA,NA,NA,NA,NA,NA,NA,NA,High,High,High,NA,NA,NA,NA,NA,151.801437,-30.355143,2139.155718,0.86291,11:00:00,0.543323,0.426295,-0.723238,42.113794,-21.905122,-11.055913,-0.175381,171.2884,-0.973143,-8.575551,0.973143,-0.149113,0.175381,10.216239,-10.100817,0.149113,-0.149113,-171.2884,10.100817,0.175381,8.575551,-10.216239,-0.175381,0.149113,0.973143,-0.973143,NA,NA,NA,NA,NA,NA,NA,NA,NA,NA,NA,NA
NA,NA,NA,NA,NA,NA,NA,NA,NA,NA,NA,NA,NA,NA,NA,NA,41,2025-10-09,15:37:23,2,4,"Rowland, Bryson",10323022,Left,CAR_EAG,"Soto Diaz, Bradley",1000475324,Right,CAR_EAG,Undefined,2,Bottom,0,3,0,Fastball,Changeup,StrikeCalled,Undefined,Undefined,Undefined,0,0,NA,81.82973,-2.14998,2.842605,2523.452684,156.539458,11:15:00,5.87345,-1.98018,5.69825,-22.85442,19.70867,-7.89646,1.96191,0.01302,74.20061,-6.463397,1.432543,0.469557,NA,NA,NA,NA,NA,NA,NA,NA,NA,NA,NA,4.83768,11.0876,1.74608,50,5.67856,-5.55801,-118.46609,-5.10309,6.81058,24.60728,-16.5647,CAR_EAG,CAR_EAG,CarsonNewman,TeamExclusive,Team,20251009-CarsonNewman-Private-1,615755e0-a547-11f0-870a-a764b86fb10a,80.27237,NA,NA,7.62913,NA,NA,NA,NA,NA,NA,b9b1564c-54db-4627-8f3f-643d14cd8d51,2025-10-09,19:37:23,2025-10-09T19:37:23Z,2025-10-09T19:37:23Z,NA,v3,CNE,CNE,NA,"Van Ness, Jameson",1000370206,Right,CAR_EAG,2d79a838-f42b-4b60-be34-74b0e52cc7ac,54.79904,-119.45877,12.30364,5.87094,-4.43485,-8.28235,1.97584,-5.83275,3.40529,NA,NA,NA,NA,NA,NA,NA,NA,NA,NA,NA,NA,NA,NA,NA,NA,NA,NA,NA,NA,NA,NA,NA,NA,NA,NA,NA,NA,NA,NA,NA,NA,NA,NA,NA,NA,NA,NA,NA,NA,NA,NA,NA,NA,NA,NA,NA,NA,NA,NA,High,High,High,NA,NA,NA,NA,NA,154.385261,-30.490495,2174.492852,0.861713,11:15:00,0.53099,0.391307,-0.751617,41.190849,-22.061346,-8.539687,-0.223588,171.124248,-0.963012,-8.649304,0.963012,-0.150386,0.223588,13.071124,-12.919883,0.150386,-0.150386,-171.124248,12.919883,0.223588,8.649304,-13.071124,-0.223588,0.150386,0.963012,-0.963012,NA,NA,NA,NA,NA,NA,NA,NA,NA,NA,NA,NA
NA,NA,NA,NA,NA,NA,NA,NA,NA,NA,NA,NA,NA,NA,NA,NA,42,2025-10-09,15:37:39,2,5,"Rowland, Bryson",10323022,Left,CAR_EAG,"Soto Diaz, Bradley",1000475324,Right,CAR_EAG,Undefined,2,Bottom,0,3,1,Fastball,Changeup,BallCalled,Walk,Undefined,Undefined,0,0,NA,81.4557,0.032212,3.279064,2465.956396,152.985714,11:00:00,6.03516,-2.12351,5.61671,-24.12226,19.02954,-8.91831,4.05508,0.19711,73.50187,-4.52878,1.690861,0.472793,NA,NA,NA,NA,NA,NA,NA,NA,NA,NA,NA,5.47146,10.03796,1.84877,50,6.02266,-6.38263,-117.90653,-0.63083,7.61646,24.74861,-18.2008,CAR_EAG,CAR_EAG,CarsonNewman,TeamExclusive,Team,20251009-CarsonNewman-Private-1,6ae2e0c0-a547-11f0-870a-a764b86fb10a,79.72294,NA,NA,7.95382,NA,NA,NA,NA,NA,NA,b9b1564c-54db-4627-8f3f-643d14cd8d51,2025-10-09,19:37:39,2025-10-09T19:37:39Z,2025-10-09T19:37:39Z,NA,v3,CNE,CNE,NA,"Van Ness, Jameson",1000370206,Right,CAR_EAG,3c7b701f-4022-4f30-9157-9a1dfce98190,54.87957,-118.92634,12.3743,6.03321,0.11917,-9.1004,2.11824,-6.69648,3.80823,NA,NA,NA,NA,NA,NA,NA,NA,NA,NA,NA,NA,NA,NA,NA,NA,NA,NA,NA,NA,NA,NA,NA,NA,NA,NA,NA,NA,NA,NA,NA,NA,NA,NA,NA,NA,NA,NA,NA,NA,NA,NA,NA,NA,NA,NA,NA,NA,NA,NA,High,High,High,NA,NA,NA,NA,NA,153.041031,-30.214859,2130.942215,0.864144,11:00:00,0.546697,0.391479,-0.74018,38.25129,-12.14312,-13.356532,-0.107051,163.872796,-0.955127,-16.032025,0.955127,-0.276175,0.107051,6.395018,-6.145322,0.276175,-0.276175,-163.872796,6.145322,0.107051,16.032025,-6.395018,-0.107051,0.276175,0.955127,-0.955127,NA,NA,NA,NA,NA,NA,NA,NA,NA,NA,NA,NA
NA,NA,NA,NA,NA,NA,NA,NA,NA,NA,NA,NA,NA,NA,NA,NA,43,2025-10-09,15:38:07,3,1,"Rowland, Bryson",10323022,Left,CAR_EAG,"Cochran, Carson",10085797,Right,CAR_EAG,Undefined,2,Bottom,0,0,0,Fastball,Changeup,FoulBallNotFieldable,Undefined,Undefined,Undefined,0,0,NA,82.49234,-2.198905,2.992891,2458.285132,153.699796,11:00:00,5.90343,-1.77,5.49742,-23.14954,18.90627,-8.62878,1.91359,0.31309,75.07027,-6.536164,1.457975,0.46675,NA,NA,NA,NA,NA,NA,NA,NA,NA,NA,NA,5.25166,10.62032,1.51402,50,5.69549,-5.89316,-119.45473,-5.29728,7.5411,24.34573,-16.92381,CAR_EAG,CAR_EAG,CarsonNewman,TeamExclusive,Team,20251009-CarsonNewman-Private-1,7b95eed0-a547-11f0-870a-a764b86fb10a,80.75509,NA,NA,7.42208,NA,NA,NA,NA,NA,NA,b9b1564c-54db-4627-8f3f-643d14cd8d51,2025-10-09,19:38:07,2025-10-09T19:38:07Z,2025-10-09T19:38:07Z,NA,v3,CNE,CNE,NA,"Van Ness, Jameson",1000370206,Right,CAR_EAG,91ac0613-9fdc-4a6f-80bb-5644764ac886,55.00299,-120.47006,12.17287,5.9017,-4.59148,-8.4619,1.76635,-6.20766,3.77055,NA,NA,NA,NA,NA,NA,NA,NA,NA,NA,NA,NA,NA,NA,NA,NA,NA,NA,NA,NA,NA,NA,NA,NA,NA,NA,NA,NA,NA,NA,NA,NA,NA,NA,NA,NA,NA,NA,NA,NA,NA,NA,NA,NA,NA,NA,NA,NA,NA,NA,High,High,High,NA,NA,NA,NA,NA,153.132514,-24.269707,2241.023669,0.911621,11:00:00,0.436843,0.427455,-0.791486,16.227014,-27.598662,27.599689,-0.102314,171.192014,-0.983021,-8.761399,0.983021,-0.15232,0.102314,5.942012,-5.872431,0.15232,-0.15232,-171.192014,5.872431,0.102314,8.761399,-5.942012,-0.102314,0.15232,0.983021,-0.983021,NA,NA,NA,NA,NA,NA,NA,NA,NA,NA,NA,NA
NA,NA,NA,NA,NA,NA,NA,NA,NA,NA,NA,NA,NA,NA,NA,NA,44,2025-10-09,15:38:28,3,2,"Rowland, Bryson",10323022,Left,CAR_EAG,"Cochran, Carson",10085797,Right,CAR_EAG,Undefined,2,Bottom,0,0,1,Slider,Curveball,FoulBallNotFieldable,Undefined,Undefined,Undefined,0,0,NA,71.64118,3.074725,0.384829,2465.326624,314.387065,04:30:00,5.76284,-1.6474,4.43137,-67.98323,-9.56851,11.88233,3.03383,-0.29007,64.99927,-9.099832,2.462004,0.550088,NA,NA,NA,NA,NA,NA,NA,NA,NA,NA,NA,-5.63197,-5.03898,1.59409,50,6.02246,-1.17564,-103.62435,3.14246,-6.0327,19.72109,-37.57156,CAR_EAG,CAR_EAG,CarsonNewman,TeamExclusive,Team,20251009-CarsonNewman-Private-1,87f4e500-a547-11f0-870a-a764b86fb10a,68.5207,NA,NA,6.64191,NA,NA,NA,NA,NA,NA,b9b1564c-54db-4627-8f3f-643d14cd8d51,2025-10-09,19:38:28,2025-10-09T19:38:28Z,2025-10-09T19:38:28Z,NA,v3,CNE,CNE,NA,"Van Ness, Jameson",1000370206,Right,CAR_EAG,7c429682-f031-45af-87ed-b336bedbc028,56.07222,-104.7736,9.86055,5.77553,5.33195,-18.78578,1.65236,-0.82409,-3.01635,NA,NA,NA,NA,NA,NA,NA,NA,NA,NA,NA,NA,NA,NA,NA,NA,NA,NA,NA,NA,NA,NA,NA,NA,NA,NA,NA,NA,NA,NA,NA,NA,NA,NA,NA,NA,NA,NA,NA,NA,NA,NA,NA,NA,NA,NA,NA,NA,NA,NA,High,High,High,NA,NA,NA,NA,NA,351.133617,-54.966535,1415.232531,0.574055,05:45:00,0.809064,-0.132272,0.572642,-9.426607,22.964974,72.872701,0.120414,115.683086,-0.43024,63.463199,0.43024,-0.894648,-0.120414,15.635735,6.916017,0.894648,0.894648,-115.683086,-6.916017,0.120414,-63.463199,-15.635735,-0.120414,-0.894648,0.43024,-0.43024,NA,NA,NA,NA,NA,NA,NA,NA,NA,NA,NA,NA
NA,NA,NA,NA,NA,NA,NA,NA,NA,NA,NA,NA,NA,NA,NA,NA,45,2025-10-09,15:38:49,3,3,"Rowland, Bryson",10323022,Left,CAR_EAG,"Cochran, Carson",10085797,Right,CAR_EAG,Undefined,2,Bottom,0,0,2,Fastball,Changeup,BallCalled,Undefined,Undefined,Undefined,0,0,NA,82.17341,-3.049386,2.882075,2472.365468,149.111862,11:00:00,5.91059,-1.53317,5.22252,-22.53214,20.73938,-11.42938,1.15948,0.22645,74.14792,-7.277002,0.85849,0.473448,NA,NA,NA,NA,NA,NA,NA,NA,NA,NA,NA,6.57457,11.76985,1.27574,50,5.61244,-5.47967,-118.71654,-7.01945,9.24628,25.81138,-15.62132,CAR_EAG,CAR_EAG,CarsonNewman,TeamExclusive,Team,20251009-CarsonNewman-Private-1,94c07fb0-a547-11f0-870a-a764b86fb10a,79.61257,NA,NA,8.02548,NA,NA,NA,NA,NA,NA,b9b1564c-54db-4627-8f3f-643d14cd8d51,2025-10-09,19:38:49,2025-10-09T19:38:49Z,2025-10-09T19:38:49Z,NA,v3,CNE,CNE,NA,"Van Ness, Jameson",1000370206,Right,CAR_EAG,a40b3c95-5f27-429d-9157-cb97a563708c,55.27432,-119.8578,12.90569,5.90754,-6.32875,-7.81066,1.52707,-5.8885,4.62314,NA,NA,NA,NA,NA,NA,NA,NA,NA,NA,NA,NA,NA,NA,NA,NA,NA,NA,NA,NA,NA,NA,NA,NA,NA,NA,NA,NA,NA,NA,NA,NA,NA,NA,NA,NA,NA,NA,NA,NA,NA,NA,NA,NA,NA,NA,NA,NA,NA,NA,High,High,High,NA,NA,NA,NA,NA,151.120808,-20.270593,2319.244142,0.938067,11:00:00,0.362756,0.470842,-0.804186,14.407015,-30.002782,42.484394,-0.146693,173.930261,-0.983637,-6.003835,0.983637,-0.104595,0.146693,8.482184,-8.435318,0.104595,-0.104595,-173.930261,8.435318,0.146693,6.003835,-8.482184,-0.146693,0.104595,0.983637,-0.983637,NA,NA,NA,NA,NA,NA,NA,NA,NA,NA,NA,NA
NA,NA,NA,NA,NA,NA,NA,NA,NA,NA,NA,NA,NA,NA,NA,NA,46,2025-10-09,15:39:08,3,4,"Rowland, Bryson",10323022,Left,CAR_EAG,"Cochran, Carson",10085797,Right,CAR_EAG,Undefined,2,Bottom,0,1,2,Slider,Curveball,BallCalled,Undefined,Undefined,Undefined,0,1,NA,70.30658,0.180848,-0.472444,2344.113829,331.849191,05:00:00,5.86516,-1.60424,4.55885,-72.33913,-11.43359,7.37059,0.00904,-1.4397,63.84646,-12.733104,0.825438,0.561694,NA,NA,NA,NA,NA,NA,NA,NA,NA,NA,NA,-3.78071,-5.05618,1.64588,50,5.81571,0.55397,-101.73435,-2.16199,-3.85329,20.9675,-37.32731,CAR_EAG,CAR_EAG,CarsonNewman,TeamExclusive,Team,20251009-CarsonNewman-Private-1,a0049000-a547-11f0-870a-a764b86fb10a,67.10494,NA,NA,6.46013,NA,NA,NA,NA,NA,NA,b9b1564c-54db-4627-8f3f-643d14cd8d51,2025-10-09,19:39:08,2025-10-09T19:39:08Z,2025-10-09T19:39:08Z,NA,v3,CNE,CNE,NA,"Van Ness, Jameson",1000370206,Right,CAR_EAG,631d150a-f2a5-4504-ada6-c8598fbcab19,55.94427,-102.95218,10.48375,5.87832,0.00605,-18.66366,1.6072,0.77778,-1.92665,NA,NA,NA,NA,NA,NA,NA,NA,NA,NA,NA,NA,NA,NA,NA,NA,NA,NA,NA,NA,NA,NA,NA,NA,NA,NA,NA,NA,NA,NA,NA,NA,NA,NA,NA,NA,NA,NA,NA,NA,NA,NA,NA,NA,NA,NA,NA,NA,NA,NA,High,High,High,NA,NA,NA,NA,NA,345.008725,-48.955327,1539.255932,0.656647,05:30:00,0.758863,-0.172236,0.628062,23.761646,4.098164,-85.282914,0.188241,107.151987,-0.289635,69.79184,0.289635,-0.938444,-0.188241,33.020754,10.850126,0.938444,0.938444,-107.151987,-10.850126,0.188241,-69.79184,-33.020754,-0.188241,-0.938444,0.289635,-0.289635,NA,NA,NA,NA,NA,NA,NA,NA,NA,NA,NA,NA
NA,NA,NA,NA,NA,NA,NA,NA,NA,NA,NA,NA,NA,NA,NA,NA,47,2025-10-09,15:39:48,3,5,"Rowland, Bryson",10323022,Left,CAR_EAG,"Cochran, Carson",10085797,Right,CAR_EAG,Undefined,2,Bottom,0,2,2,Fastball,Changeup,InPlay,Undefined,LineDrive,Out,1,0,NA,82.41216,-2.112201,3.227646,2469.420349,162.821014,11:30:00,5.94644,-1.71498,5.53183,-22.44757,20.19816,-5.73831,2.09725,0.82729,74.04942,-6.362163,2.207014,0.470012,63.88607,25.182229,10.925604,3757.789011,106.68436,27.62442,26.80258,186.86117,175.66838,17.077694,2.785413,3.98453,11.37327,1.43824,50,5.74824,-6.48274,-119.14727,-5.05487,5.61545,27.07887,-16.14558,CAR_EAG,CAR_EAG,CarsonNewman,TeamExclusive,Team,20251009-CarsonNewman-Private-1,b8048390-a547-11f0-870a-a764b86fb10a,80.19458,27.96738,NA,8.3627300000000009,NA,NA,NA,1.42556,2.19945,-0.77509,b9b1564c-54db-4627-8f3f-643d14cd8d51,2025-10-09,19:39:48,2025-10-09T19:39:48Z,2025-10-09T19:39:48Z,LineDrive,v3,CNE,CNE,NA,"Van Ness, Jameson",1000370206,Right,CAR_EAG,4c199c61-a181-4962-9d58-12db5952559a,54.96645,-120.27071,13.53944,5.94406,-4.38503,-8.07279,1.71202,-6.71571,2.80772,221.246342,1.42548,83.25988,-10.92772,2.09383,-0.3073,-0.0017,0.01897,-0.00615,7.5e-4,2.19952,39.86829,-16.53758,1.23278,-0.50523,0.25604,-0.09351,0.02049,-0.00195,-0.77508,16.07071,2.10717,-0.43261,0.12988,-0.04866,0.01428,-0.00217,1e-4,NA,NA,NA,NA,NA,NA,NA,NA,NA,NA,NA,NA,NA,NA,NA,NA,NA,NA,NA,NA,NA,NA,High,High,High,High,High,NA,NA,NA,155.840728,-22.421152,2282.745234,0.924405,11:15:00,0.414114,0.392136,-0.821425,22.361762,-28.92771,24.298616,-0.199611,175.683173,-0.977095,-4.229792,0.977095,-0.073757,0.199611,11.546086,-11.514206,0.073757,-0.073757,-175.683173,11.514206,0.199611,4.229792,-11.546086,-0.199611,0.073757,0.977095,-0.977095,NA,NA,NA,NA,NA,NA,NA,NA,NA,NA,NA,NA
NA,NA,NA,NA,NA,NA,NA,NA,NA,NA,NA,NA,NA,NA,NA,NA,48,2025-10-09,15:40:21,4,1,"Rowland, Bryson",10323022,Left,CAR_EAG,"Carruthers, Wade",1000300075,Right,CAR_EAG,Undefined,2,Bottom,1,0,0,Fastball,Changeup,BallCalled,Undefined,Undefined,Undefined,0,0,NA,81.83242,-2.331928,3.318734,2468.881839,161.69348,11:30:00,5.83056,-1.61025,5.87741,-21.47261,20.88651,-6.40681,1.87048,0.9417,74.12529,-6.412115,2.171941,0.46843,NA,NA,NA,NA,NA,NA,NA,NA,NA,NA,NA,4.28673,11.83288,1.34527,50,5.6293,-6.61362,-118.4375,-5.40714,6.02249,24.92579,-15.54987,CAR_EAG,CAR_EAG,CarsonNewman,TeamExclusive,Team,20251009-CarsonNewman-Private-1,cbaba450-a547-11f0-870a-a764b86fb10a,80.46544,NA,NA,7.70713,NA,NA,NA,NA,NA,NA,b9b1564c-54db-4627-8f3f-643d14cd8d51,2025-10-09,19:40:21,2025-10-09T19:40:21Z,2025-10-09T19:40:21Z,NA,v3,CNE,CNE,NA,"Van Ness, Jameson",1000370206,Right,CAR_EAG,37bb3fe9-574d-4f76-ad03-483d0b994ee8,54.62073,-119.406,12.46289,5.82766,-4.80295,-7.77493,1.60679,-6.84762,3.01124,NA,NA,NA,NA,NA,NA,NA,NA,NA,NA,NA,NA,NA,NA,NA,NA,NA,NA,NA,NA,NA,NA,NA,NA,NA,NA,NA,NA,NA,NA,NA,NA,NA,NA,NA,NA,NA,NA,NA,NA,NA,NA,NA,NA,NA,NA,NA,NA,NA,NA,High,High,High,NA,NA,NA,NA,NA,152.980981,-30.711473,2122.621216,0.85975,11:00:00,0.53791,0.411029,-0.736008,44.545024,-20.258197,-21.947735,-0.153326,176.008238,-0.985778,-3.944487,0.985778,-0.06879,0.153326,8.840816,-8.819706,0.06879,-0.06879,-176.008238,8.819706,0.153326,3.944487,-8.840816,-0.153326,0.06879,0.985778,-0.985778,NA,NA,NA,NA,NA,NA,NA,NA,NA,NA,NA,NA
NA,NA,NA,NA,NA,NA,NA,NA,NA,NA,NA,NA,NA,NA,NA,NA,49,2025-10-09,15:40:39,4,2,"Rowland, Bryson",10323022,Left,CAR_EAG,"Carruthers, Wade",1000300075,Right,CAR_EAG,Undefined,2,Bottom,1,1,0,Fastball,Changeup,BallCalled,Undefined,Undefined,Undefined,0,0,NA,81.14532,0.185366,1.860881,2492.755616,150.526844,11:00:00,5.95917,-1.75716,5.34116,-24.81364,19.1071,-9.90481,4.06536,-0.83617,73.12418,-4.487056,0.102777,0.476987,NA,NA,NA,NA,NA,NA,NA,NA,NA,NA,NA,5.50866,9.95142,1.59645,50,5.95873,-3.39804,-117.52331,-0.37341,7.60363,24.98853,-18.43802,CAR_EAG,CAR_EAG,CarsonNewman,TeamExclusive,Team,20251009-CarsonNewman-Private-1,d61d9790-a547-11f0-870a-a764b86fb10a,79.02202,NA,NA,8.02114,NA,NA,NA,NA,NA,NA,b9b1564c-54db-4627-8f3f-643d14cd8d51,2025-10-09,19:40:39,2025-10-09T19:40:39Z,2025-10-09T19:40:39Z,NA,v3,CNE,CNE,NA,"Van Ness, Jameson",1000370206,Right,CAR_EAG,57769bbc-0d97-43a0-8b07-87bf3d1f354d,55.15581,-118.6145,12.49427,5.95746,0.43174,-9.21901,1.75209,-3.73007,3.80181,NA,NA,NA,NA,NA,NA,NA,NA,NA,NA,NA,NA,NA,NA,NA,NA,NA,NA,NA,NA,NA,NA,NA,NA,NA,NA,NA,NA,NA,NA,NA,NA,NA,NA,NA,NA,NA,NA,NA,NA,NA,NA,NA,NA,NA,NA,NA,NA,NA,NA,High,High,High,NA,NA,NA,NA,NA,150.165577,-29.558343,2168.332994,0.869854,11:00:00,0.518949,0.43115,-0.738107,34.04206,-28.814763,6.563465,-0.208499,171.806159,-0.968038,-8.012564,0.968038,-0.139389,0.208499,12.154874,-12.034427,0.139389,-0.139389,-171.806159,12.034427,0.208499,8.012564,-12.154874,-0.208499,0.139389,0.968038,-0.968038,NA,NA,NA,NA,NA,NA,NA,NA,NA,NA,NA,NA
NA,NA,NA,NA,NA,NA,NA,NA,NA,NA,NA,NA,NA,NA,NA,NA,50,2025-10-09,15:41:01,4,3,"Rowland, Bryson",10323022,Left,CAR_EAG,"Carruthers, Wade",1000300075,Right,CAR_EAG,Undefined,2,Bottom,1,2,0,Slider,Curveball,BallCalled,Undefined,Undefined,Undefined,0,0,NA,71.29292,-1.611527,1.343223,2300.459679,322.009156,04:45:00,5.86149,-1.64942,4.80912,-67.46519,-8.89918,8.64623,-1.28824,0.34395,65.2493,-13.63493,2.873734,0.5508,NA,NA,NA,NA,NA,NA,NA,NA,NA,NA,NA,-3.89347,-3.55736,1.50762,50,5.64188,-2.73446,-103.19846,-5.12703,-4.0923,21.23269,-35.91305,CAR_EAG,CAR_EAG,CarsonNewman,TeamExclusive,Team,20251009-CarsonNewman-Private-1,e34c60e0-a547-11f0-870a-a764b86fb10a,68.43214,NA,NA,6.04362,NA,NA,NA,NA,NA,NA,b9b1564c-54db-4627-8f3f-643d14cd8d51,2025-10-09,19:41:01,2025-10-09T19:41:01Z,2025-10-09T19:41:01Z,NA,v3,CNE,CNE,NA,"Van Ness, Jameson",1000370206,Right,CAR_EAG,3af47126-8d90-4f3c-b242-f31d99553e79,55.69596,-104.3638,10.61635,5.86919,-3.15597,-17.95653,1.65154,-2.50986,-2.04615,NA,NA,NA,NA,NA,NA,NA,NA,NA,NA,NA,NA,NA,NA,NA,NA,NA,NA,NA,NA,NA,NA,NA,NA,NA,NA,NA,NA,NA,NA,NA,NA,NA,NA,NA,NA,NA,NA,NA,NA,NA,NA,NA,NA,NA,NA,NA,NA,NA,NA,High,High,High,NA,NA,NA,NA,NA,351.329927,-54.478639,1336.581879,0.581006,05:45:00,0.802352,-0.06466,0.593339,15.977907,-3.819408,-84.45196,0.180861,110.343973,-0.341922,67.243901,0.341922,-0.92216,-0.180861,27.876735,10.419897,0.92216,0.92216,-110.343973,-10.419897,0.180861,-67.243901,-27.876735,-0.180861,-0.92216,0.341922,-0.341922,NA,NA,NA,NA,NA,NA,NA,NA,NA,NA,NA,NA
NA,NA,NA,NA,NA,NA,NA,NA,NA,NA,NA,NA,NA,NA,NA,NA,51,2025-10-09,15:41:26,4,4,"Rowland, Bryson",10323022,Left,CAR_EAG,"Carruthers, Wade",1000300075,Right,CAR_EAG,Undefined,2,Bottom,1,3,0,Fastball,Changeup,BallCalled,Walk,Undefined,Undefined,0,0,NA,81.35964,-0.767709,3.004223,2464.855181,156.662339,11:15:00,5.86228,-1.78116,5.9214,-23.72159,19.12938,-7.57827,3.17201,0.37785,73.33532,-5.280662,1.64607,0.471142,NA,NA,NA,NA,NA,NA,NA,NA,NA,NA,NA,4.81331,10.47642,1.54451,50,5.78738,-5.8831,-117.83206,-2.22682,6.6679,25.45595,-17.66103,CAR_EAG,CAR_EAG,CarsonNewman,TeamExclusive,Team,20251009-CarsonNewman-Private-1,f20ee990-a547-11f0-870a-a764b86fb10a,80.00231,NA,NA,8.02432,NA,NA,NA,NA,NA,NA,b9b1564c-54db-4627-8f3f-643d14cd8d51,2025-10-09,19:41:26,2025-10-09T19:41:26Z,2025-10-09T19:41:26Z,NA,v3,CNE,CNE,NA,"Van Ness, Jameson",1000370206,Right,CAR_EAG,28c3d411-ee45-4128-b920-a1298005b0ca,54.57579,-118.81649,12.72798,5.86029,-1.54384,-8.83052,1.777,-6.14096,3.33395,NA,NA,NA,NA,NA,NA,NA,NA,NA,NA,NA,NA,NA,NA,NA,NA,NA,NA,NA,NA,NA,NA,NA,NA,NA,NA,NA,NA,NA,NA,NA,NA,NA,NA,NA,NA,NA,NA,NA,NA,NA,NA,NA,NA,NA,NA,NA,NA,NA,NA,High,High,High,NA,NA,NA,NA,NA,150.174235,-28.546086,2165.210199,0.878433,11:00:00,0.51126,0.443265,-0.736294,51.694068,-8.846839,-33.052077,-0.189929,175.850488,-0.979224,-4.073852,0.979224,-0.071042,0.189929,10.976739,-10.948662,0.071042,-0.071042,-175.850488,10.948662,0.189929,4.073852,-10.976739,-0.189929,0.071042,0.979224,-0.979224,NA,NA,NA,NA,NA,NA,NA,NA,NA,NA,NA,NA
NA,NA,NA,NA,NA,NA,NA,NA,NA,NA,NA,NA,NA,NA,NA,NA,52,2025-10-09,15:42:29,5,1,"Rowland, Bryson",10323022,Left,CAR_EAG,"Alexander, Trace",10000832,Right,CAR_EAG,Undefined,2,Bottom,1,0,0,Fastball,Changeup,BallCalled,Undefined,Undefined,Undefined,0,0,NA,83.26209,-3.964434,3.481279,2601.173089,146.186418,10:45:00,5.76766,-1.67812,5.97962,-20.54647,20.13773,-12.53379,0.36773,0.50854,75.86725,-7.850693,1.232247,0.459076,NA,NA,NA,NA,NA,NA,NA,NA,NA,NA,NA,7.42567,11.92001,1.40925,50,5.44172,-6.82742,-120.40081,-8.91446,10.83694,24.64326,-14.77814,CAR_EAG,CAR_EAG,CarsonNewman,TeamExclusive,Team,20251009-CarsonNewman-Private-1,17e46dc0-a548-11f0-870a-a764b86fb10a,82.10507,NA,NA,7.39484,NA,NA,NA,NA,NA,NA,b9b1564c-54db-4627-8f3f-643d14cd8d51,2025-10-09,19:42:29,2025-10-09T19:42:29Z,2025-10-09T19:42:29Z,NA,v3,CNE,CNE,NA,"Van Ness, Jameson",1000370206,Right,CAR_EAG,46856098-2f64-4f4e-a25e-0e5bfea5e908,54.51994,-121.32241,12.32163,5.76476,-8.36179,-7.38907,1.67216,-7.2327,5.41847,NA,NA,NA,NA,NA,NA,NA,NA,NA,NA,NA,NA,NA,NA,NA,NA,NA,NA,NA,NA,NA,NA,NA,NA,NA,NA,NA,NA,NA,NA,NA,NA,NA,NA,NA,NA,NA,NA,NA,NA,NA,NA,NA,NA,NA,NA,NA,NA,NA,NA,High,High,High,NA,NA,NA,NA,NA,156.50885,-29.446812,2265.133891,0.870812,11:15:00,0.514075,0.380271,-0.768844,38.051538,-22.385284,-25.774513,0.062264,178.985449,-0.997903,1.012582,0.997903,-0.017672,-0.062264,3.570314,3.569756,0.017672,0.017672,-178.985449,-3.569756,0.062264,-1.012582,-3.570314,-0.062264,-0.017672,0.997903,-0.997903,NA,NA,NA,NA,NA,NA,NA,NA,NA,NA,NA,NA
NA,NA,NA,NA,NA,NA,NA,NA,NA,NA,NA,NA,NA,NA,NA,NA,53,2025-10-09,15:42:46,5,2,"Rowland, Bryson",10323022,Left,CAR_EAG,"Alexander, Trace",10000832,Right,CAR_EAG,Undefined,2,Bottom,1,1,0,Fastball,Changeup,StrikeCalled,Undefined,Undefined,Undefined,0,0,NA,81.94802,-1.985073,1.616852,2477.98838,148.558006,11:00:00,5.84531,-1.80766,5.56021,-21.42513,20.96044,-11.93446,2.2037,-1.2911300000000001,74.62182,-6.026046,-0.511645,0.468576,NA,NA,NA,NA,NA,NA,NA,NA,NA,NA,NA,6.47429,11.58749,1.67589,50,5.65988,-2.86275,-118.80409,-4.73646,9.20837,23.79239,-15.69325,CAR_EAG,CAR_EAG,CarsonNewman,TeamExclusive,Team,20251009-CarsonNewman-Private-1,2229d2c0-a548-11f0-870a-a764b86fb10a,80.44032,NA,NA,7.3262,NA,NA,NA,NA,NA,NA,b9b1564c-54db-4627-8f3f-643d14cd8d51,2025-10-09,19:42:46,2025-10-09T19:42:46Z,2025-10-09T19:42:46Z,NA,v3,CNE,CNE,NA,"Van Ness, Jameson",1000370206,Right,CAR_EAG,cea5f800-1b7f-43f9-896a-fa9335095c31,54.93902,-119.78912,11.89619,5.84252,-4.08674,-7.84663,1.8023,-3.24399,4.60418,NA,NA,NA,NA,NA,NA,NA,NA,NA,NA,NA,NA,NA,NA,NA,NA,NA,NA,NA,NA,NA,NA,NA,NA,NA,NA,NA,NA,NA,NA,NA,NA,NA,NA,NA,NA,NA,NA,NA,NA,NA,NA,NA,NA,NA,NA,NA,NA,NA,NA,High,High,High,NA,NA,NA,NA,NA,153.232708,-31.71448,2107.970902,0.850678,11:00:00,0.533327,0.401098,-0.744771,39.234349,-20.88559,-2.808146,-0.225174,167.347231,-0.950658,-12.322653,0.950658,-0.213417,0.225174,13.325547,-13.013086,0.213417,-0.213417,-167.347231,13.013086,0.225174,12.322653,-13.325547,-0.225174,0.213417,0.950658,-0.950658,NA,NA,NA,NA,NA,NA,NA,NA,NA,NA,NA,NA
NA,NA,NA,NA,NA,NA,NA,NA,NA,NA,NA,NA,NA,NA,NA,NA,54,2025-10-09,15:43:02,5,3,"Rowland, Bryson",10323022,Left,CAR_EAG,"Alexander, Trace",10000832,Right,CAR_EAG,Undefined,2,Bottom,1,1,1,Slider,Curveball,BallCalled,Undefined,Undefined,Undefined,0,0,NA,71.72846,0.541293,0.369452,2329.253571,313.197235,04:30:00,5.77402,-1.60448,4.64737,-72.95709,-14.67776,17.97288,0.20866,0.24434,65.19154,-12.486417,3.538078,0.549451,NA,NA,NA,NA,NA,NA,NA,NA,NA,NA,NA,-8.65945,-6.74733,1.54926,50,5.76261,-1.37878,-103.85023,-1.57674,-9.19719,21.83954,-39.34038,CAR_EAG,CAR_EAG,CarsonNewman,TeamExclusive,Team,20251009-CarsonNewman-Private-1,2b5ae190-a548-11f0-870a-a764b86fb10a,68.60024,NA,NA,6.53692,NA,NA,NA,NA,NA,NA,b9b1564c-54db-4627-8f3f-643d14cd8d51,2025-10-09,19:43:02,2025-10-09T19:43:02Z,2025-10-09T19:43:02Z,NA,v3,CNE,CNE,NA,"Van Ness, Jameson",1000370206,Right,CAR_EAG,5392270d-06ef-4f33-94e8-ddb030ff7e5f,55.85734,-105.0748,10.91977,5.78918,0.62912,-19.67019,1.61211,-0.86308,-4.5986,NA,NA,NA,NA,NA,NA,NA,NA,NA,NA,NA,NA,NA,NA,NA,NA,NA,NA,NA,NA,NA,NA,NA,NA,NA,NA,NA,NA,NA,NA,NA,NA,NA,NA,NA,NA,NA,NA,NA,NA,NA,NA,NA,NA,NA,NA,NA,NA,NA,NA,High,High,High,NA,NA,NA,NA,NA,348.37791,-49.783437,1503.948851,0.645678,05:30:00,0.758253,-0.137284,0.637343,24.76526,0.358908,-78.020514,0.287659,107.065048,-0.281054,66.286247,0.281054,-0.915566,-0.287659,45.665418,16.717844,0.915566,0.915566,-107.065048,-16.717844,0.287659,-66.286247,-45.665418,-0.287659,-0.915566,0.281054,-0.281054,NA,NA,NA,NA,NA,NA,NA,NA,NA,NA,NA,NA
NA,NA,NA,NA,NA,NA,NA,NA,NA,NA,NA,NA,NA,NA,NA,NA,55,2025-10-09,15:43:18,5,4,"Rowland, Bryson",10323022,Left,CAR_EAG,"Alexander, Trace",10000832,Right,CAR_EAG,Undefined,2,Bottom,1,2,1,Fastball,Changeup,BallCalled,Undefined,Undefined,Undefined,0,0,NA,81.8811,-3.723611,2.480621,2621.795022,150.293676,11:00:00,5.73431,-1.69271,5.70553,-20.22749,22.38611,-11.88654,0.57093,-0.37039,74.27224,-7.557549,0.356124,0.469835,NA,NA,NA,NA,NA,NA,NA,NA,NA,NA,NA,6.74827,12.94359,1.49183,50,5.40899,-4.64406,-118.41614,-8.25824,9.4847,24.75511,-13.98187,CAR_EAG,CAR_EAG,CarsonNewman,TeamExclusive,Team,20251009-CarsonNewman-Private-1,3504f0f0-a548-11f0-870a-a764b86fb10a,80.22483,NA,NA,7.60887,NA,NA,NA,NA,NA,NA,b9b1564c-54db-4627-8f3f-643d14cd8d51,2025-10-09,19:43:18,2025-10-09T19:43:18Z,2025-10-09T19:43:18Z,NA,v3,CNE,CNE,NA,"Van Ness, Jameson",1000370206,Right,CAR_EAG,ddd00a96-ac06-498b-a73b-b5f2e98ed878,54.79236,-119.41379,12.37756,5.73045,-7.69476,-6.99094,1.6867,-5.0263,4.74235,NA,NA,NA,NA,NA,NA,NA,NA,NA,NA,NA,NA,NA,NA,NA,NA,NA,NA,NA,NA,NA,NA,NA,NA,NA,NA,NA,NA,NA,NA,NA,NA,NA,NA,NA,NA,NA,NA,NA,NA,NA,NA,NA,NA,NA,NA,NA,NA,NA,NA,High,High,High,NA,NA,NA,NA,NA,153.990965,-28.080265,2313.181049,0.882289,11:15:00,0.478491,0.416648,-0.77295,38.270975,-20.184241,-24.063374,0.054638,179.084638,-0.998379,0.913995,0.998379,-0.015952,-0.054638,3.132511,3.132112,0.015952,0.015952,-179.084638,-3.132112,0.054638,-0.913995,-3.132511,-0.054638,-0.015952,0.998379,-0.998379,NA,NA,NA,NA,NA,NA,NA,NA,NA,NA,NA,NA
NA,NA,NA,NA,NA,NA,NA,NA,NA,NA,NA,NA,NA,NA,NA,NA,56,2025-10-09,15:43:37,5,5,"Rowland, Bryson",10323022,Left,CAR_EAG,"Alexander, Trace",10000832,Right,CAR_EAG,Undefined,2,Bottom,1,3,1,Fastball,Changeup,BallCalled,Walk,Undefined,Undefined,0,0,NA,81.43881,-2.542392,4.610624,2611.045501,145.607158,10:45:00,5.79123,-1.91097,5.75372,-21.65434,20.95186,-13.38379,1.61063,1.27524,74.52956,-6.620423,2.22557,0.469794,NA,NA,NA,NA,NA,NA,NA,NA,NA,NA,NA,8.06548,11.7815,1.53566,50,5.56626,-8.97389,-117.81293,-5.85396,11.35125,22.09808,-15.59289,CAR_EAG,CAR_EAG,CarsonNewman,TeamExclusive,Team,20251009-CarsonNewman-Private-1,407f5380-a548-11f0-870a-a764b86fb10a,80.23177,NA,NA,6.90926,NA,NA,NA,NA,NA,NA,b9b1564c-54db-4627-8f3f-643d14cd8d51,2025-10-09,19:43:37,2025-10-09T19:43:37Z,2025-10-09T19:43:37Z,NA,v3,CNE,CNE,NA,"Van Ness, Jameson",1000370206,Right,CAR_EAG,5cf09daf-4c85-45ff-b65f-4cbd853935a2,54.74713,-118.70001,11.04904,5.78869,-5.22802,-7.79645,1.90504,-9.42956,5.67563,NA,NA,NA,NA,NA,NA,NA,NA,NA,NA,NA,NA,NA,NA,NA,NA,NA,NA,NA,NA,NA,NA,NA,NA,NA,NA,NA,NA,NA,NA,NA,NA,NA,NA,NA,NA,NA,NA,NA,NA,NA,NA,NA,NA,NA,NA,NA,NA,NA,NA,High,High,High,NA,NA,NA,NA,NA,151.538704,-31.123818,2235.191463,0.856052,11:00:00,0.557167,0.430491,-0.7101,43.84874,-25.179465,-24.248042,0.094487,179.849387,-0.995523,0.149939,0.995523,-0.002617,-0.094487,5.421824,5.421805,0.002617,0.002617,-179.849387,-5.421805,0.094487,-0.149939,-5.421824,-0.094487,-0.002617,0.995523,-0.995523,NA,NA,NA,NA,NA,NA,NA,NA,NA,NA,NA,NA
NA,NA,NA,NA,NA,NA,NA,NA,NA,NA,NA,NA,NA,NA,NA,NA,57,2025-10-09,15:46:30,6,1,"Rowland, Bryson",10323022,Left,CAR_EAG,"Smith, Braxton",1000370200,Right,CAR_EAG,Undefined,2,Bottom,1,0,0,Fastball,Changeup,StrikeCalled,Undefined,Undefined,Undefined,0,0,NA,76.61845,2.735448,-4.53373,1830.345115,295.267328,03:45:00,3.91657,3.86772,6.22153,-50.91767,-3.76445,11.01753,2.20751,0.59345,70.27794,-6.667829,-2.553914,0.494228,NA,NA,NA,NA,NA,NA,NA,NA,NA,NA,NA,-6.91878,-2.22992,-3.53296,50,4.09698,8.41681,-111.00646,3.81348,-8.65561,19.38585,-34.96372,CAR_EAG,CAR_EAG,CarsonNewman,TeamExclusive,Team,20251009-CarsonNewman-Private-1,a79fa010-a548-11f0-870a-a764b86fb10a,76.26533,NA,NA,6.34051,NA,NA,NA,NA,NA,NA,b9b1564c-54db-4627-8f3f-643d14cd8d51,2025-10-09,19:46:30,2025-10-09T19:46:30Z,2025-10-09T19:46:30Z,NA,v3,CNE,CNE,NA,"Van Ness, Jameson",1000370206,Right,CAR_EAG,55824e27-fa3f-4aa1-8a26-0577c1ea6232,54.28266,-111.75187,9.69292,3.9245,5.15788,-17.48186,-3.863,8.74963,-4.32781,NA,NA,NA,NA,NA,NA,NA,NA,NA,NA,NA,NA,NA,NA,NA,NA,NA,NA,NA,NA,NA,NA,NA,NA,NA,NA,NA,NA,NA,NA,NA,NA,NA,NA,NA,NA,NA,NA,NA,NA,NA,NA,NA,NA,NA,NA,NA,NA,NA,NA,High,High,High,NA,NA,NA,NA,NA,270.961608,42.212359,1355.662843,0.74066,03:00:00,-0.703264,-0.707646,0.068234,37.364574,1.296533,-64.563413,-0.335599,131.990476,-0.630208,-44.439109,0.630208,-0.700151,0.335599,28.036242,-19.608968,0.700151,-0.700151,-131.990476,19.608968,0.335599,44.439109,-28.036242,-0.335599,0.700151,0.630208,-0.630208,NA,NA,NA,NA,NA,NA,NA,NA,NA,NA,NA,NA
NA,NA,NA,NA,NA,NA,NA,NA,NA,NA,NA,NA,NA,NA,NA,NA,58,2025-10-09,15:46:50,6,2,"Rowland, Bryson",10323022,Left,CAR_EAG,"Smith, Braxton",1000370200,Right,CAR_EAG,Undefined,2,Bottom,1,0,1,Fastball,Changeup,BallCalled,Undefined,Undefined,Undefined,0,0,NA,76.40322,2.313515,-4.469854,2003.693444,279.709837,03:15:00,3.65603,4.12438,6.19057,-48.75601,-1.40417,16.55717,1.73683,1.36864,70.18756,-6.696011,-1.493497,0.495267,NA,NA,NA,NA,NA,NA,NA,NA,NA,NA,NA,-9.72075,-0.87406,-3.79476,50,3.80662,8.07723,-110.75609,3.05077,-12.12943,18.94109,-33.26468,CAR_EAG,CAR_EAG,CarsonNewman,TeamExclusive,Team,20251009-CarsonNewman-Private-1,b3651560-a548-11f0-870a-a764b86fb10a,76.10522,NA,NA,6.21566,NA,NA,NA,NA,NA,NA,b9b1564c-54db-4627-8f3f-643d14cd8d51,2025-10-09,19:46:50,2025-10-09T19:46:50Z,2025-10-09T19:46:50Z,NA,v3,CNE,CNE,NA,"Van Ness, Jameson",1000370206,Right,CAR_EAG,503f2c9f-1269-4258-967c-a91c0b8b7361,54.31385,-111.49138,9.47054,3.66313,4.34212,-16.63234,-4.11746,8.5481,-6.06471,NA,NA,NA,NA,NA,NA,NA,NA,NA,NA,NA,NA,NA,NA,NA,NA,NA,NA,NA,NA,NA,NA,NA,NA,NA,NA,NA,NA,NA,NA,NA,NA,NA,NA,NA,NA,NA,NA,NA,NA,NA,NA,NA,NA,NA,NA,NA,NA,NA,NA,High,High,High,NA,NA,NA,NA,NA,273.283556,39.169539,1553.424234,0.77528,03:00:00,-0.656872,-0.74788,0.095891,55.515246,-2.184384,-68.02693,-0.451076,150.581638,-0.777405,-26.000155,0.777405,-0.438374,0.451076,30.123735,-26.812762,0.438374,-0.438374,-150.581638,26.812762,0.451076,26.000155,-30.123735,-0.451076,0.438374,0.777405,-0.777405,NA,NA,NA,NA,NA,NA,NA,NA,NA,NA,NA,NA
NA,NA,NA,NA,NA,NA,NA,NA,NA,NA,NA,NA,NA,NA,NA,NA,59,2025-10-09,15:47:09,6,3,"Rowland, Bryson",10323022,Left,CAR_EAG,"Smith, Braxton",1000370200,Right,CAR_EAG,Undefined,2,Bottom,1,1,1,Fastball,Changeup,FoulBallNotFieldable,Undefined,Undefined,Undefined,0,0,NA,77.05729,2.079236,-6.169717,2119.180197,274.335766,03:15:00,3.86783,4.13088,6.17137,-46.55357,0.25134,15.47288,1.92091,-0.30054,70.72932,-6.510416,-3.402812,0.492399,78.0377,13.916959,-48.017878,4089.488961,68.41458,13.50891,-86.13607,172.65158,147.93681,-54.277909,1.935886,-9.65603,-0.01693,-3.66982,50,4.00233,11.50703,-111.41389,2.70242,-12.19828,19.07323,-32.19541,CAR_EAG,CAR_EAG,CarsonNewman,TeamExclusive,Team,20251009-CarsonNewman-Private-1,bee1e8f0-a548-11f0-870a-a764b86fb10a,76.54858,14.233459999999999,NA,6.32796,NA,NA,NA,0.98985,2.14572,0.3001,b9b1564c-54db-4627-8f3f-643d14cd8d51,2025-10-09,19:47:09,2025-10-09T19:47:09Z,2025-10-09T19:47:09Z,LineDrive,v3,CNE,CNE,NA,"Van Ness, Jameson",1000370206,Right,CAR_EAG,c6748fc4-5889-434d-936f-b7bdf7d5c248,54.33331,-112.15327,9.53661,3.87338,3.95048,-16.09771,-4.12505,11.9799,-6.09914,NA,0.98985,74.3115,-15.63706,2.86846,-0.60856,0.11459,-0.0206,0.00303,-2.4e-4,2.14572,27.52821,-16.61671,1.21932,-0.21,0.04464,-0.0066,8.6e-4,-8e-5,0.3001,-82.5831,6.08048,-0.57113,0.05506,0.00133,-0.00125,1.7e-4,-1e-5,NA,NA,NA,NA,NA,NA,NA,NA,NA,NA,NA,NA,NA,NA,NA,NA,NA,NA,NA,NA,NA,NA,High,High,High,Medium,Medium,NA,NA,NA,269.775439,39.371207,1638.237447,0.773052,03:00:00,-0.658463,-0.749523,0.068132,54.354317,-16.971771,-68.835433,-0.461062,139.886804,-0.678635,-34.871012,0.678635,-0.571731,0.461062,34.192059,-27.455679,0.571731,-0.571731,-139.886804,27.455679,0.461062,34.871012,-34.192059,-0.461062,0.571731,0.678635,-0.678635,NA,NA,NA,NA,NA,NA,NA,NA,NA,NA,NA,NA
NA,NA,NA,NA,NA,NA,NA,NA,NA,NA,NA,NA,NA,NA,NA,NA,60,2025-10-09,15:47:32,6,4,"Rowland, Bryson",10323022,Left,CAR_EAG,"Smith, Braxton",1000370200,Right,CAR_EAG,Undefined,2,Bottom,1,1,2,Slider,Curveball,StrikeCalled,Strikeout,Undefined,Undefined,0,0,NA,69.70431,2.428669,-1.524417,2025.685017,48.50745,07:30:00,4.27307,3.74897,5.89344,-62.82251,-4.36445,-7.27662,1.29506,1.72682,63.29069,-9.147192,-2.830539,0.550293,NA,NA,NA,NA,NA,NA,NA,NA,NA,NA,NA,3.20851,-2.39,-3.62197,50,4.4333,2.93458,-101.04748,2.50486,3.25968,19.13588,-34.60219,CAR_EAG,CAR_EAG,CarsonNewman,TeamExclusive,Team,20251009-CarsonNewman-Private-1,cc885340-a548-11f0-870a-a764b86fb10a,68.49528,NA,NA,6.41362,NA,NA,NA,NA,NA,NA,b9b1564c-54db-4627-8f3f-643d14cd8d51,2025-10-09,19:47:32,2025-10-09T19:47:32Z,2025-10-09T19:47:32Z,NA,v3,CNE,CNE,NA,"Van Ness, Jameson",1000370206,Right,CAR_EAG,ab830a47-90f8-48b0-a038-55d105bc8e29,54.60834,-101.91644,9.56794,4.28387,4.07616,-17.30109,-3.75187,2.78656,1.62984,NA,NA,NA,NA,NA,NA,NA,NA,NA,NA,NA,NA,NA,NA,NA,NA,NA,NA,NA,NA,NA,NA,NA,NA,NA,NA,NA,NA,NA,NA,NA,NA,NA,NA,NA,NA,NA,NA,NA,NA,NA,NA,NA,NA,NA,NA,NA,NA,NA,NA,High,High,High,NA,NA,NA,NA,NA,72.170621,68.225587,751.434268,0.370953,08:30:00,-0.909508,0.392172,0.137824,-62.150379,21.363956,20.150419,-0.719311,141.050704,-0.540261,-25.893753,0.540261,-0.436704,0.719311,53.090461,-45.997599,0.436704,-0.436704,-141.050704,45.997599,0.719311,25.893753,-53.090461,-0.719311,0.436704,0.540261,-0.540261,NA,NA,NA,NA,NA,NA,NA,NA,NA,NA,NA,NA
NA,NA,NA,NA,NA,NA,NA,NA,NA,NA,NA,NA,NA,NA,NA,NA,61,2025-10-09,15:47:50,7,1,"Rowland, Bryson",10323022,Left,CAR_EAG,"Ring, Alex",10041847,Right,CAR_EAG,Undefined,2,Bottom,2,0,0,Slider,Curveball,BallCalled,Undefined,Undefined,Undefined,0,0,NA,68.84793,2.606271,-3.092755,2287.359287,88.723715,09:00:00,4.10345,3.82508,6.08271,-57.8457,1.70827,-15.09442,1.69949,-0.297,62.62264,-8.105013,-5.8005,0.555427,87.3576,9.690018,44.344292,3197.38456,75.63845,8.42187,79.86736,163.33169,130.08989,48.621497,1.491934,6.84126,0.54185,-3.57769,50,4.27455,5.86106,-99.73372,3.02977,6.77644,18.51989,-31.63735,CAR_EAG,CAR_EAG,CarsonNewman,TeamExclusive,Team,20251009-CarsonNewman-Private-1,d7435d70-a548-11f0-870a-a764b86fb10a,67.86212,9.47118,NA,6.22529,NA,NA,NA,3.25818,2.25704,0.01468,b9b1564c-54db-4627-8f3f-643d14cd8d51,2025-10-09,19:47:50,2025-10-09T19:47:50Z,2025-10-09T19:47:50Z,LineDrive,v3,CNE,CNE,NA,"Van Ness, Jameson",1000370206,Right,CAR_EAG,bc37cd2c-367f-445f-8651-d3974100189a,54.4201,-100.55115,9.25994,4.11001,4.42618,-15.81868,-3.82978,5.56196,3.38822,NA,3.25818,90.32112,-17.74852,3.79995,-0.8286,0.16709,-0.03304,0.0054,-4.7e-4,2.25704,21.56557,-16.74044,1.0156,-0.13708,0.02008,-0.00127,2e-4,-3e-5,0.01468,88.27712,-4.65146,0.34673,0.03413,-0.02584,0.00749,-0.00139,1.4e-4,NA,NA,NA,NA,NA,NA,NA,NA,NA,NA,NA,NA,NA,NA,NA,NA,NA,NA,NA,NA,NA,NA,High,High,High,Medium,Medium,NA,NA,NA,74.746437,76.48493,534.558389,0.233701,08:30:00,-0.956333,0.269448,0.113246,-63.943141,22.868131,18.157892,-0.804137,132.62834,-0.402582,-25.936192,0.402582,-0.43737,0.804137,63.405689,-53.526946,0.43737,-0.43737,-132.62834,53.526946,0.804137,25.936192,-63.405689,-0.804137,0.43737,0.402582,-0.402582,NA,NA,NA,NA,NA,NA,NA,NA,NA,NA,NA,NA
NA,NA,NA,NA,NA,NA,NA,NA,NA,NA,NA,NA,NA,NA,NA,NA,62,2025-10-09,15:48:16,7,2,"Rowland, Bryson",10323022,Left,CAR_EAG,"Ring, Alex",10041847,Right,CAR_EAG,Undefined,2,Bottom,2,1,0,Fastball,Changeup,BallCalled,Undefined,Undefined,Undefined,1,0,NA,77.15784,3.479115,-3.652465,1723.135949,274.765345,03:15:00,3.92282,3.92314,6.14477,-45.92939,1.10646,5.33579,3.321,0.98789,69.99304,-5.051813,-2.694651,0.493612,NA,NA,NA,NA,NA,NA,NA,NA,NA,NA,NA,-3.8191,0.0415,-3.64712,50,4.16546,6.93462,-111.67016,5.44032,-4.79199,21.29795,-32.12199,CAR_EAG,CAR_EAG,CarsonNewman,TeamExclusive,Team,20251009-CarsonNewman-Private-1,e64c6500-a548-11f0-870a-a764b86fb10a,76.36041,NA,NA,7.16481,NA,NA,NA,NA,NA,NA,b9b1564c-54db-4627-8f3f-643d14cd8d51,2025-10-09,19:48:16,2025-10-09T19:48:16Z,2025-10-09T19:48:16Z,NA,v3,CNE,CNE,NA,"Van Ness, Jameson",1000370206,Right,CAR_EAG,f81db6be-f06f-49bb-9050-121505b7ea8f,54.35604,-112.49789,10.64898,3.92977,6.6887,-16.06099,-3.92025,7.12086,-2.396,NA,NA,NA,NA,NA,NA,NA,NA,NA,NA,NA,NA,NA,NA,NA,NA,NA,NA,NA,NA,NA,NA,NA,NA,NA,NA,NA,NA,NA,NA,NA,NA,NA,NA,NA,NA,NA,NA,NA,NA,NA,NA,NA,NA,NA,NA,NA,NA,NA,NA,High,High,High,NA,NA,NA,NA,NA,273.466925,48.258192,1147.22081,0.665775,03:00:00,-0.780946,-0.618052,0.090194,38.788717,4.162145,-69.689704,-0.300999,135.571769,-0.68101,-41.878388,0.68101,-0.667552,0.300999,23.844894,-17.517601,0.667552,-0.667552,-135.571769,17.517601,0.300999,41.878388,-23.844894,-0.300999,0.667552,0.68101,-0.68101,NA,NA,NA,NA,NA,NA,NA,NA,NA,NA,NA,NA
NA,NA,NA,NA,NA,NA,NA,NA,NA,NA,NA,NA,NA,NA,NA,NA,63,2025-10-09,15:49:39,1,1,"Rodriguez, Sebastian",10180804,Right,CAR_EAG,"Bolton, Ryan",1000215919,Right,CAR_EAG,Undefined,3,Top,0,0,0,Fastball,Changeup,BallCalled,Undefined,Undefined,Undefined,0,0,NA,77.72292,1.867112,-4.077663,1712.658079,295.739004,03:45:00,4.18257,3.53922,6.55213,-46.49554,-1.01811,5.1654,2.02506,0.22408,70.94055,-6.802237,-3.142626,0.485366,NA,NA,NA,NA,NA,NA,NA,NA,NA,NA,NA,-3.88717,-0.58059,-3.259,50,4.29293,7.85554,-112.68652,2.37285,-4.97251,21.46179,-32.91672,CAR_EAG,CAR_EAG,CarsonNewman,TeamExclusive,Team,20251009-CarsonNewman-Private-1,183e3110-a549-11f0-870a-a764b86fb10a,77.65775,NA,NA,6.78237,NA,NA,NA,NA,NA,NA,b9b1564c-54db-4627-8f3f-643d14cd8d51,2025-10-09,19:49:39,2025-10-09T19:49:39Z,2025-10-09T19:49:39Z,NA,v3,CNE,CNE,NA,"Cochran, Carson",10085797,Right,CAR_EAG,12158d64-f303-478f-a15f-1e43e4ccb1d3,53.94954,-113.43624,10.7309,4.18995,3.52272,-16.45836,-3.53645,8.02924,-2.48625,NA,NA,NA,NA,NA,NA,NA,NA,NA,NA,NA,NA,NA,NA,NA,NA,NA,NA,NA,NA,NA,NA,NA,NA,NA,NA,NA,NA,NA,NA,NA,NA,NA,NA,NA,NA,NA,NA,NA,NA,NA,NA,NA,NA,NA,NA,NA,NA,NA,NA,High,High,High,NA,NA,NA,NA,NA,269.117988,38.399089,1342.215852,0.783703,03:00:00,-0.645558,-0.762957,0.033927,53.30297,-6.635806,-53.626156,-0.23415,143.69192,-0.783443,-35.146289,0.783443,-0.575666,0.23415,16.639966,-13.5415,0.575666,-0.575666,-143.69192,13.5415,0.23415,35.146289,-16.639966,-0.23415,0.575666,0.783443,-0.783443,NA,NA,NA,NA,NA,NA,NA,NA,NA,NA,NA,NA
NA,NA,NA,NA,NA,NA,NA,NA,NA,NA,NA,NA,NA,NA,NA,NA,64,2025-10-09,15:49:59,1,2,"Rodriguez, Sebastian",10180804,Right,CAR_EAG,"Bolton, Ryan",1000215919,Right,CAR_EAG,Undefined,3,Top,0,1,0,Fastball,Curveball,BallCalled,Undefined,Undefined,Undefined,1,0,NA,68.81884,3.830211,-1.088958,2246.444858,81.994539,08:45:00,4.23864,3.81738,6.03272,-58.7959,0.52177,-10.20926,2.89199,1.95802,62.62572,-7.061936,-2.922859,0.554324,NA,NA,NA,NA,NA,NA,NA,NA,NA,NA,NA,4.87709,-0.24055,-3.72699,50,4.50718,2.23265,-99.72162,5.08527,4.86978,17.29573,-32.41424,CAR_EAG,CAR_EAG,CarsonNewman,TeamExclusive,Team,20251009-CarsonNewman-Private-1,23f21a30-a549-11f0-870a-a764b86fb10a,67.99717,NA,NA,6.19312,NA,NA,NA,NA,NA,NA,b9b1564c-54db-4627-8f3f-643d14cd8d51,2025-10-09,19:49:59,2025-10-09T19:49:59Z,2025-10-09T19:49:59Z,NA,v3,CNE,CNE,NA,"Cochran, Carson",10085797,Right,CAR_EAG,35719398-6a93-4113-a239-f69cd954e94b,54.46835,-100.49363,8.64786,4.2479,6.53209,-16.20712,-3.8218,2.01528,2.43489,NA,NA,NA,NA,NA,NA,NA,NA,NA,NA,NA,NA,NA,NA,NA,NA,NA,NA,NA,NA,NA,NA,NA,NA,NA,NA,NA,NA,NA,NA,NA,NA,NA,NA,NA,NA,NA,NA,NA,NA,NA,NA,NA,NA,NA,NA,NA,NA,NA,NA,High,High,High,NA,NA,NA,NA,NA,83.878668,68.496343,823.458205,0.366561,08:45:00,-0.903063,0.425807,0.056261,-54.474661,27.973412,21.489789,-0.630595,124.05308,-0.434592,-40.017679,0.434592,-0.643024,0.630595,55.426217,-39.09401,0.643024,-0.643024,-124.05308,39.09401,0.630595,40.017679,-55.426217,-0.630595,0.643024,0.434592,-0.434592,NA,NA,NA,NA,NA,NA,NA,NA,NA,NA,NA,NA
NA,NA,NA,NA,NA,NA,NA,NA,NA,NA,NA,NA,NA,NA,NA,NA,65,2025-10-09,15:50:21,1,3,"Rodriguez, Sebastian",10180804,Right,CAR_EAG,"Nathan, Cole",1000323259,Right,CAR_EAG,Undefined,3,Top,1,0,0,Slider,Changeup,InPlay,Undefined,FlyBall,Triple,0,3,NA,76.88739,2.953501,-4.315983,1732.713912,275.989805,03:15:00,4.06518,3.66666,6.17645,-46.5355,0.83287,7.12189,2.92517,0.26649,69.77187,-5.687713,-3.037797,0.495354,86.42407,26.54822,9.408586,2842.431205,107.30547,45.21885,24.19763,318.87953,318.87953,18.770276,3.967504,-4.97945,3.5e-4,-3.34319,50,4.26587,8.14579,-111.2635,4.39714,-6.19461,21.38013,-32.17362,CAR_EAG,CAR_EAG,CarsonNewman,TeamExclusive,Team,20251009-CarsonNewman-Private-1,30d92c20-a549-11f0-870a-a764b86fb10a,76.09193,53.37749,NA,7.11552,NA,NA,NA,1.00506,2.97602,-0.20207,b9b1564c-54db-4627-8f3f-643d14cd8d51,2025-10-09,19:50:21,2025-10-09T19:50:21Z,2025-10-09T19:50:21Z,LineDrive,v3,CNE,CNE,NA,"Cochran, Carson",10085797,Right,CAR_EAG,0304611a-c009-446f-862d-e5e751d20e9a,54.32552,-112.0916,10.69007,4.07142,5.64329,-16.08681,-3.66334,8.38573,-3.0973,228.005606,1.00614,111.83616,-16.22261,3.10966,-0.45595,0.04047,-0.01138,0.00385,-3.8e-4,2.97566,56.66126,-17.4865,1.03388,-0.07236,-0.05577,0.03548,-0.00754,5.5e-4,-0.20249,18.55049,4.88995,-1.63857,0.33613,-0.03542,0.00177,-5e-5,0,NA,NA,NA,NA,NA,NA,NA,NA,NA,NA,NA,NA,NA,NA,NA,NA,NA,NA,NA,NA,NA,NA,High,High,High,High,High,NA,NA,NA,267.170492,40.657245,1314.472699,0.758621,03:00:00,-0.69057,-0.723119,0.014563,42.14055,18.991741,-64.795308,-0.33575700000000003,140.121011,-0.722852,-37.153151,0.722852,-0.603948,0.33575700000000003,24.914353,-19.618562,0.603948,-0.603948,-140.121011,19.618562,0.33575700000000003,37.153151,-24.914353,-0.33575700000000003,0.603948,0.722852,-0.722852,NA,NA,NA,NA,NA,NA,NA,NA,NA,NA,NA,NA
NA,NA,NA,NA,NA,NA,NA,NA,NA,NA,NA,NA,NA,NA,NA,NA,66,2025-10-09,15:51:27,2,1,"Rodriguez, Sebastian",10180804,Right,CAR_EAG,"Hornbuckle, Kylan",1000106804,Right,CAR_EAG,Undefined,3,Top,0,0,0,Fastball,Changeup,BallCalled,Undefined,Undefined,Undefined,0,0,NA,76.82646,1.368439,-7.267244,1602.527797,282.915228,03:30:00,4.00366,3.72824,6.41558,-46.72861,0.38996,4.77587,1.37818,-2.5913,70.40808,-7.269407,-6.413886,0.494046,NA,NA,NA,NA,NA,NA,NA,NA,NA,NA,NA,-4.55445,0.26358,-3.20821,50,4.08123,13.97138,-110.8207,1.36078,-5.65574,20.07104,-31.84673,CAR_EAG,CAR_EAG,CarsonNewman,TeamExclusive,Team,20251009-CarsonNewman-Private-1,582794b0-a549-11f0-870a-a764b86fb10a,76.29338,NA,NA,6.41838,NA,NA,NA,NA,NA,NA,b9b1564c-54db-4627-8f3f-643d14cd8d51,2025-10-09,19:51:27,2025-10-09T19:51:27Z,2025-10-09T19:51:27Z,NA,v3,CNE,CNE,NA,"Cochran, Carson",10085797,Right,CAR_EAG,c62803e7-80b7-409a-a10b-722aceabc9e1,54.08719,-111.55848,10.03552,4.0097,2.53142,-15.92336,-3.7256,14.17928,-2.82787,NA,NA,NA,NA,NA,NA,NA,NA,NA,NA,NA,NA,NA,NA,NA,NA,NA,NA,NA,NA,NA,NA,NA,NA,NA,NA,NA,NA,70.25954,1.869896,0.919603,0.950293,0.95996,1.31922,2.64261,0.43534,4.32725,2.39,66.12248,2.65941,-58.66341,0.44263,71.95606,-2.99723,4.34932,11.64005,-14.14519,2.34404,-72.02362,8.2833,High,High,High,NA,NA,High,High,High,272.810349,39.404712,1238.243375,0.772681,03:00:00,-0.643005,-0.756372,0.120189,42.829645,-3.234687,-57.281768,-0.295573,139.054039,-0.72158,-38.760481,0.72158,-0.626066,0.295573,22.274947,-17.191902,0.626066,-0.626066,-139.054039,17.191902,0.295573,38.760481,-22.274947,-0.295573,0.626066,0.72158,-0.72158,NA,NA,NA,NA,NA,NA,NA,NA,NA,NA,NA,NA
NA,NA,NA,NA,NA,NA,NA,NA,NA,NA,NA,NA,NA,NA,NA,NA,67,2025-10-09,15:51:49,2,2,"Rodriguez, Sebastian",10180804,Right,CAR_EAG,"Hornbuckle, Kylan",1000106804,Right,CAR_EAG,Undefined,3,Top,0,1,0,Slider,Curveball,StrikeCalled,Undefined,Undefined,Undefined,0,0,NA,68.88007,3.400344,-2.037469,2234.665117,64.547202,08:15:00,4.3705,3.78289,6.13601,-61.9107,-3.3848,-10.84906,2.35981,0.99483,63.34309,-8.022888,-3.989609,0.550612,NA,NA,NA,NA,NA,NA,NA,NA,NA,NA,NA,4.99166,-2.08248,-3.62201,50,4.59912,3.90482,-99.93453,4.26941,5.04251,16.26638,-34.27775,CAR_EAG,CAR_EAG,CarsonNewman,TeamExclusive,Team,20251009-CarsonNewman-Private-1,659e1560-a549-11f0-870a-a764b86fb10a,68.45557,NA,NA,5.53699,NA,NA,NA,NA,NA,NA,b9b1564c-54db-4627-8f3f-643d14cd8d51,2025-10-09,19:51:49,2025-10-09T19:51:49Z,2025-10-09T19:51:49Z,NA,v3,CNE,CNE,NA,"Cochran, Carson",10085797,Right,CAR_EAG,8641afde-bf9e-4f5c-a7ad-86c09d9f660c,54.36754,-100.64293,8.13319,4.38068,5.7622,-17.13888,-3.78728,3.68522,2.52126,NA,NA,NA,NA,NA,NA,NA,NA,NA,NA,NA,NA,NA,NA,NA,NA,NA,NA,NA,NA,NA,NA,NA,NA,NA,NA,NA,NA,NA,NA,NA,NA,NA,NA,NA,NA,NA,NA,NA,NA,NA,NA,NA,NA,NA,NA,NA,NA,NA,NA,High,High,High,NA,NA,NA,NA,NA,78.51689,64.812625,951.028554,0.42558,08:30:00,-0.875023,0.47,0.115907,-49.284755,31.864272,17.196214,-0.653243,118.443872,-0.360628,-41.739777,0.360628,-0.665749,0.653243,61.098756,-40.786554,0.665749,-0.665749,-118.443872,40.786554,0.653243,41.739777,-61.098756,-0.653243,0.665749,0.360628,-0.360628,NA,NA,NA,NA,NA,NA,NA,NA,NA,NA,NA,NA
NA,NA,NA,NA,NA,NA,NA,NA,NA,NA,NA,NA,NA,NA,NA,NA,68,2025-10-09,15:52:06,2,3,"Rodriguez, Sebastian",10180804,Right,CAR_EAG,"Hornbuckle, Kylan",1000106804,Right,CAR_EAG,Undefined,3,Top,0,1,1,Fastball,Curveball,BallCalled,Undefined,Undefined,Undefined,0,0,NA,76.03687,2.980216,-7.714112,1820.257624,277.567675,03:15:00,3.62465,3.45633,6.46812,-47.24526,0.56598,6.23178,2.4523,-3.15272,69.92594,-5.747757,-6.602944,0.497664,NA,NA,NA,NA,NA,NA,NA,NA,NA,NA,NA,-5.20933,0.03248,-2.91128,50,3.81665,14.62501,-109.52804,4.44485,-6.37803,17.91491,-32.13428,CAR_EAG,CAR_EAG,CarsonNewman,TeamExclusive,Team,20251009-CarsonNewman-Private-1,6f8f66f0-a549-11f0-870a-a764b86fb10a,75.73868,NA,NA,6.11093,NA,NA,NA,NA,NA,NA,b9b1564c-54db-4627-8f3f-643d14cd8d51,2025-10-09,19:52:06,2025-10-09T19:52:06Z,2025-10-09T19:52:06Z,NA,v3,CNE,CNE,NA,"Cochran, Carson",10085797,Right,CAR_EAG,5f872aae-8d4b-4aa1-a1f8-02533e90daef,54.03437,-110.18595,8.95745,3.63176,5.62494,-16.06714,-3.45266,14.85923,-3.18902,NA,NA,NA,NA,NA,NA,NA,NA,NA,NA,NA,NA,NA,NA,NA,NA,NA,NA,NA,NA,NA,NA,NA,NA,NA,NA,NA,NA,NA,NA,NA,NA,NA,NA,NA,NA,NA,NA,NA,NA,NA,NA,NA,NA,NA,NA,NA,NA,NA,NA,High,High,High,NA,NA,NA,NA,NA,272.048007,39.588558,1402.764293,0.770641,03:00:00,-0.666631,-0.735974,0.118091,49.445315,-4.938918,-64.137052,-0.380393,144.763876,-0.75538,-32.247345,0.75538,-0.533575,0.380393,26.728848,-22.358032,0.533575,-0.533575,-144.763876,22.358032,0.380393,32.247345,-26.728848,-0.380393,0.533575,0.75538,-0.75538,NA,NA,NA,NA,NA,NA,NA,NA,NA,NA,NA,NA
NA,NA,NA,NA,NA,NA,NA,NA,NA,NA,NA,NA,NA,NA,NA,NA,69,2025-10-09,15:52:36,2,4,"Rodriguez, Sebastian",10180804,Right,CAR_EAG,"Hornbuckle, Kylan",1000106804,Right,CAR_EAG,Undefined,3,Top,0,2,1,Slider,Curveball,StrikeSwinging,Undefined,Undefined,Undefined,0,1,NA,67.46999,2.725135,-3.077849,2180.610346,83.738797,08:45:00,4.02794,3.73197,6.13982,-60.75743,0.7276,-11.61375,1.48895,-0.08315,61.76137,-8.508001,-5.16438,0.56436,NA,NA,NA,NA,NA,NA,NA,NA,NA,NA,NA,5.01244,0.24063,-3.49144,50,4.20571,5.62692,-97.77106,3.07451,4.80989,16.66042,-31.94314,CAR_EAG,CAR_EAG,CarsonNewman,TeamExclusive,Team,20251009-CarsonNewman-Private-1,81835970-a549-11f0-870a-a764b86fb10a,66.78794,NA,NA,5.70862,NA,NA,NA,NA,NA,NA,b9b1564c-54db-4627-8f3f-643d14cd8d51,2025-10-09,19:52:36,2025-10-09T19:52:36Z,2025-10-09T19:52:36Z,NA,v3,CNE,CNE,NA,"Cochran, Carson",10085797,Right,CAR_EAG,576af0a6-b026-4fd9-8b3d-0ed689719dc2,54.36128,-98.51143,8.33021,4.03755,4.49403,-15.97157,-3.73675,5.41318,2.40494,NA,NA,NA,NA,NA,NA,NA,NA,NA,NA,NA,NA,NA,NA,NA,NA,NA,NA,NA,NA,NA,NA,NA,NA,NA,NA,NA,NA,NA,NA,NA,NA,NA,NA,NA,NA,NA,NA,NA,NA,NA,NA,NA,NA,NA,NA,NA,NA,NA,NA,High,High,High,NA,NA,NA,NA,NA,93.690906,73.791568,608.679038,0.279132,09:00:00,-0.945523,0.323893,0.032846,-68.264501,30.803293,11.166398,-0.759409,118.648321,-0.311925,-34.817518,0.311925,-0.570965,0.759409,67.669743,-49.412136,0.570965,-0.570965,-118.648321,49.412136,0.759409,34.817518,-67.669743,-0.759409,0.570965,0.311925,-0.311925,NA,NA,NA,NA,NA,NA,NA,NA,NA,NA,NA,NA
NA,NA,NA,NA,NA,NA,NA,NA,NA,NA,NA,NA,NA,NA,NA,NA,70,2025-10-09,15:52:55,2,5,"Rodriguez, Sebastian",10180804,Right,CAR_EAG,"Hornbuckle, Kylan",1000106804,Right,CAR_EAG,Undefined,3,Top,0,2,2,Slider,Curveball,BallCalled,Undefined,Undefined,Undefined,0,0,NA,69.14615,1.525854,-5.29625,2071.144377,28.02658,07:00:00,4.50976,3.25683,5.87244,-66.50791,-6.66465,-4.66536,0.39118000000000003,-2.06556,63.1295,-10.624116,-6.128153,0.556774,NA,NA,NA,NA,NA,NA,NA,NA,NA,NA,NA,0.63532,-3.2748,-2.82426,50,4.59568,9.41663,-99.91638,0.79509,0.63098,18.73087,-35.42656,CAR_EAG,CAR_EAG,CarsonNewman,TeamExclusive,Team,20251009-CarsonNewman-Private-1,8ca7fae0-a549-11f0-870a-a764b86fb10a,67.69791,NA,NA,6.01665,NA,NA,NA,NA,NA,NA,b9b1564c-54db-4627-8f3f-643d14cd8d51,2025-10-09,19:52:55,2025-10-09T19:52:55Z,2025-10-09T19:52:55Z,NA,v3,CNE,CNE,NA,"Cochran, Carson",10085797,Right,CAR_EAG,bc595ad1-579c-4a64-be49-1a3c1b74c7de,54.63027,-100.78066,9.36544,4.52128,2.42973,-17.71328,-3.25809,9.38751,0.31549,NA,NA,NA,NA,NA,NA,NA,NA,NA,NA,NA,NA,NA,NA,NA,NA,NA,NA,NA,NA,NA,NA,NA,NA,NA,NA,NA,NA,NA,NA,NA,NA,NA,NA,NA,NA,NA,NA,NA,NA,NA,NA,NA,NA,NA,NA,NA,NA,NA,NA,High,High,High,NA,NA,NA,NA,NA,49.057699,76.126296,496.624183,0.239783,07:45:00,-0.947033,0.206911,0.245594,-36.03751,19.775837,29.078071,-0.766948,124.688105,-0.365202,-31.847013,0.365202,-0.527653,0.766948,64.537341,-50.080634,0.527653,-0.527653,-124.688105,50.080634,0.766948,31.847013,-64.537341,-0.766948,0.527653,0.365202,-0.365202,NA,NA,NA,NA,NA,NA,NA,NA,NA,NA,NA,NA
NA,NA,NA,NA,NA,NA,NA,NA,NA,NA,NA,NA,NA,NA,NA,NA,71,2025-10-09,15:53:14,2,6,"Rodriguez, Sebastian",10180804,Right,CAR_EAG,"Hornbuckle, Kylan",1000106804,Right,CAR_EAG,Undefined,3,Top,0,3,2,Slider,Curveball,BallCalled,Walk,Undefined,Undefined,0,0,NA,67.47659,1.457094,-2.727319,2191.803367,52.554781,07:45:00,4.00543,3.49425,5.94152,-67.14,-5.06772,-9.36867,-0.23604,0.18156,61.88337,-10.850159,-4.410151,0.567048,NA,NA,NA,NA,NA,NA,NA,NA,NA,NA,NA,3.97689,-2.5704,-3.27117,50,4.08366,4.95358,-97.87363,0.68981,3.80096,17.56324,-34.63072,CAR_EAG,CAR_EAG,CarsonNewman,TeamExclusive,Team,20251009-CarsonNewman-Private-1,97ef3f80-a549-11f0-870a-a764b86fb10a,66.47128,NA,NA,5.59322,NA,NA,NA,NA,NA,NA,b9b1564c-54db-4627-8f3f-643d14cd8d51,2025-10-09,19:53:14,2025-10-09T19:53:14Z,2025-10-09T19:53:14Z,NA,v3,CNE,CNE,NA,"Cochran, Carson",10085797,Right,CAR_EAG,a87e3203-fed7-4972-9db0-aec233d551a5,54.56283,-98.68903,8.78162,4.01431,2.29759,-17.31536,-3.49705,4.77712,1.90048,NA,NA,NA,NA,NA,NA,NA,NA,NA,NA,NA,NA,NA,NA,NA,NA,NA,NA,NA,NA,NA,NA,NA,NA,NA,NA,NA,NA,NA,NA,NA,NA,NA,NA,NA,NA,NA,NA,NA,NA,NA,NA,NA,NA,NA,NA,NA,NA,NA,NA,High,High,High,NA,NA,NA,NA,NA,83.264029,73.697904,615.243202,0.280702,08:45:00,-0.949751,0.30308,0.078205,-51.340378,22.302525,18.650562,-0.772623,119.87897,-0.31627,-33.399829,0.31627,-0.550478,0.772623,67.73846,-50.590051,0.550478,-0.550478,-119.87897,50.590051,0.772623,33.399829,-67.73846,-0.772623,0.550478,0.31627,-0.31627,NA,NA,NA,NA,NA,NA,NA,NA,NA,NA,NA,NA
NA,NA,NA,NA,NA,NA,NA,NA,NA,NA,NA,NA,NA,NA,NA,NA,72,2025-10-09,15:53:55,3,1,"Rodriguez, Sebastian",10180804,Right,CAR_EAG,"Bolton, Ryan",1000215919,Right,CAR_EAG,Undefined,3,Top,0,0,0,Fastball,Changeup,InPlay,Undefined,GroundBall,Out,2,1,NA,76.43133,2.171401,-5.045551,1851.220924,279.083862,03:15:00,3.85709,3.44527,6.04138,-47.70369,-0.09835,9.42099,1.90113,-0.45357,70.34653,-6.610576,-3.360683,0.496591,85.10998,0.490118,27.982349,3278.520919,NA,NA,NA,50.28926,49.78293,29.273231,0.41698,-6.18382,-0.2178,-3.05592,50,4.00116,9.44363,-110.68986,2.79183,-7.71847,18.63946,-32.44591,CAR_EAG,CAR_EAG,CarsonNewman,TeamExclusive,Team,20251009-CarsonNewman-Private-1,b0d6ace0-a549-11f0-870a-a764b86fb10a,75.90233,1.8208,NA,6.0848,NA,NA,NA,0.68702,1.79915,0.44315,b9b1564c-54db-4627-8f3f-643d14cd8d51,2025-10-09,19:53:55,2025-10-09T19:53:55Z,2025-10-09T19:53:55Z,GroundBall,v3,CNE,CNE,NA,"Cochran, Carson",10085797,Right,CAR_EAG,daeb422d-f138-42e7-88dc-b43b4f6b43e8,54.46285,-111.43884,9.31973,3.86279,4.09559,-16.22296,-3.44161,9.75378,-3.85924,248.029656,0.69593,109.94506,-15.42601,NA,NA,NA,NA,NA,NA,1.80097,1.01012,-12.7909,NA,NA,NA,NA,NA,NA,0.44252,58.58763,-1.61989,NA,NA,NA,NA,NA,NA,NA,NA,NA,NA,NA,NA,NA,NA,NA,NA,NA,NA,NA,NA,NA,NA,NA,NA,NA,NA,NA,NA,High,High,High,High,High,NA,NA,NA,273.336733,35.326206,1510.361555,0.815873,03:00:00,-0.602141,-0.791997,0.100835,59.670084,4.255374,-58.966066,-0.360013,157.535158,-0.86215,-20.885063,0.86215,-0.356494,0.360013,22.664266,-21.101019,0.356494,-0.356494,-157.535158,21.101019,0.360013,20.885063,-22.664266,-0.360013,0.356494,0.86215,-0.86215,NA,NA,NA,NA,NA,NA,NA,NA,NA,NA,NA,NA
NA,NA,NA,NA,NA,NA,NA,NA,NA,NA,NA,NA,NA,NA,NA,NA,73,2025-10-09,15:54:36,4,1,"Rodriguez, Sebastian",10180804,Right,CAR_EAG,"Croy, Isaac",10965025,Left,CAR_EAG,Undefined,3,Top,2,0,0,Fastball,Changeup,BallCalled,Undefined,Undefined,Undefined,0,0,NA,76.6207,1.873752,-5.726943,1916.271442,268.434911,03:00:00,3.98614,3.55108,6.42339,-45.32436,1.65539,7.4604799999999996,1.94083,-1.10936,70.24505,-6.540976,-4.385986,0.493318,NA,NA,NA,NA,NA,NA,NA,NA,NA,NA,NA,-5.4452,0.83177,-3.14433,50,4.10038,10.86158,-110.84726,2.37555,-6.78514,19.53297,-31.1376,CAR_EAG,CAR_EAG,CarsonNewman,TeamExclusive,Team,20251009-CarsonNewman-Private-1,c8e79060-a549-11f0-870a-a764b86fb10a,76.40599,NA,NA,6.37564,NA,NA,NA,NA,NA,NA,b9b1564c-54db-4627-8f3f-643d14cd8d51,2025-10-09,19:54:36,2025-10-09T19:54:36Z,2025-10-09T19:54:36Z,NA,v3,CNE,CNE,NA,"Cochran, Carson",10085797,Right,CAR_EAG,30e46593-d65f-424a-a5a5-2896a05c0824,54.07876,-111.56368,9.76648,3.99231,3.5176,-15.5688,-3.54728,11.11045,-3.39257,NA,NA,NA,NA,NA,NA,NA,NA,NA,NA,NA,NA,NA,NA,NA,NA,NA,NA,NA,NA,NA,NA,NA,NA,NA,NA,NA,NA,NA,NA,NA,NA,NA,NA,NA,NA,NA,NA,NA,NA,NA,NA,NA,NA,NA,NA,NA,NA,NA,NA,High,High,High,NA,NA,NA,NA,NA,265.276812,38.54798,1498.690183,0.782087,02:45:00,-0.651512,-0.758638,6.18e-4,71.969685,-17.586074,-68.262199,-0.441903,153.061205,-0.799723,-23.979133,0.799723,-0.406404,0.441903,28.923726,-26.225375,0.406404,-0.406404,-153.061205,26.225375,0.441903,23.979133,-28.923726,-0.441903,0.406404,0.799723,-0.799723,NA,NA,NA,NA,NA,NA,NA,NA,NA,NA,NA,NA
NA,NA,NA,NA,NA,NA,NA,NA,NA,NA,NA,NA,NA,NA,NA,NA,74,2025-10-09,15:54:50,4,2,"Rodriguez, Sebastian",10180804,Right,CAR_EAG,"Croy, Isaac",10965025,Left,CAR_EAG,Undefined,3,Top,2,1,0,Fastball,Curveball,InPlay,Undefined,GroundBall,Out,1,0,NA,76.26205,3.360865,-4.200816,1786.177049,282.24111,03:30:00,3.90411,3.60625,6.0112,-47.79408,0.21764,5.69626,3.04693,0.18209,69.82439,-5.456645,-3.181954,0.498706,83.20282,-4.334842,21.31782,2807.183366,NA,NA,NA,27.81349,27.16127,21.404221,0.229111,-4.07465,-0.3924,-3.27901,50,4.14262,7.90972,-110.41668,5.07768,-5.04389,19.1657,-32.65977,CAR_EAG,CAR_EAG,CarsonNewman,TeamExclusive,Team,20251009-CarsonNewman-Private-1,d14e9870-a549-11f0-870a-a764b86fb10a,75.58041,2.95694,NA,6.43767,NA,NA,NA,0.88255,2.95694,-0.18607,b9b1564c-54db-4627-8f3f-643d14cd8d51,2025-10-09,19:54:50,2025-10-09T19:54:50Z,2025-10-09T19:54:50Z,GroundBall,v3,CNE,CNE,NA,"Cochran, Carson",10085797,Right,CAR_EAG,770efd21-41fb-4752-8755-ae4c46876089,54.49234,-111.19371,9.58285,3.90992,6.40179,-16.32989,-3.60383,8.11421,-2.52195,279.279529,0.88392,113.27624,-17.96253,NA,NA,NA,NA,NA,NA,2.95776,-9.27135,-15.89592,NA,NA,NA,NA,NA,NA,-0.18695,44.28696,3.64992,NA,NA,NA,NA,NA,NA,NA,NA,NA,NA,NA,NA,NA,NA,NA,NA,NA,NA,NA,NA,NA,NA,NA,NA,NA,NA,NA,NA,High,High,High,High,High,NA,NA,NA,267.66984,42.074951,1325.823629,0.742269,03:00:00,-0.712726,-0.701095,0.022089,56.525394,9.626581,-61.259489,-0.264592,150.539402,-0.839663,-28.313557,0.839663,-0.474297,0.264592,17.490496,-15.342689,0.474297,-0.474297,-150.539402,15.342689,0.264592,28.313557,-17.490496,-0.264592,0.474297,0.839663,-0.839663,NA,NA,NA,NA,NA,NA,NA,NA,NA,NA,NA,NA
NA,NA,NA,NA,NA,NA,NA,NA,NA,NA,NA,NA,NA,NA,NA,NA,75,2025-10-09,15:57:41,1,1,"Alexander, Trace",10000832,Right,CAR_EAG,"Ring, Alex",10041847,Right,CAR_EAG,Undefined,3,Bottom,0,0,0,Fastball,Curveball,StrikeCalled,Undefined,Undefined,Undefined,0,0,NA,68.24501,1.679655,-2.843298,2114.527522,84.160786,08:45:00,6.39709,2.18848,4.98137,-62.52507,1.65043,-9.14445,2.77539,-1.26105,61.20079,-9.704332,-4.454334,0.576575,NA,NA,NA,NA,NA,NA,NA,NA,NA,NA,NA,3.41599,1.03827,-1.90622,50,6.50961,5.23566,-98.50167,0.94644,3.2528,20.1328,-31.18537,CAR_EAG,CAR_EAG,CarsonNewman,TeamExclusive,Team,20251009-CarsonNewman-Private-1,37845df0-a54a-11f0-870a-a764b86fb10a,65.37297,NA,NA,7.04422,NA,NA,NA,NA,NA,NA,b9b1564c-54db-4627-8f3f-643d14cd8d51,2025-10-09,19:57:41,2025-10-09T19:57:41Z,2025-10-09T19:57:41Z,NA,v3,CNE,CNE,NA,"Van Ness, Jameson",1000370206,Right,CAR_EAG,37487673-a40e-4338-aa73-f450637d54a9,55.51449,-99.6224,10.0664,6.4086,2.68244,-15.59269,-2.19263,5.05458,1.6264,NA,NA,NA,NA,NA,NA,NA,NA,NA,NA,NA,NA,NA,NA,NA,NA,NA,NA,NA,NA,NA,NA,NA,NA,NA,NA,NA,NA,NA,NA,NA,NA,NA,NA,NA,NA,NA,NA,NA,NA,NA,NA,NA,NA,NA,NA,NA,NA,NA,NA,High,High,High,NA,NA,NA,NA,NA,52.058172,71.218444,680.79526,0.321961,07:45:00,-0.927928,0.281551,0.244291,-91.039011,-26.167384,-3.543587,0.739252,108.384172,-0.212391,39.721738,0.212391,-0.63906,-0.739252,73.970368,47.667699,0.63906,0.63906,-108.384172,-47.667699,0.739252,-39.721738,-73.970368,-0.739252,-0.63906,0.212391,-0.212391,NA,NA,NA,NA,NA,NA,NA,NA,NA,NA,NA,NA
NA,NA,NA,NA,NA,NA,NA,NA,NA,NA,NA,NA,NA,NA,NA,NA,76,2025-10-09,15:57:57,1,2,"Rowland, Bryson",10323022,Left,CAR_EAG,"Ring, Alex",10041847,Right,CAR_EAG,Undefined,3,Bottom,0,0,1,Slider,Curveball,StrikeCalled,Undefined,Undefined,Undefined,0,0,NA,71.03215,0.972521,-1.462714,2204.030737,110.341907,09:45:00,6.21122,2.1482,5.18293,-54.17637,3.12827,-3.25071,2.61197,0.50073,64.97421,-8.888084,-2.038894,0.544837,NA,NA,NA,NA,NA,NA,NA,NA,NA,NA,NA,1.17457,1.87736,-2.00964,50,6.26084,2.75007,-102.9655,0.04375,1.2515,18.29108,-30.17367,CAR_EAG,CAR_EAG,CarsonNewman,TeamExclusive,Team,20251009-CarsonNewman-Private-1,40be4660-a54a-11f0-870a-a764b86fb10a,69.18117,NA,NA,6.05794,NA,NA,NA,NA,NA,NA,b9b1564c-54db-4627-8f3f-643d14cd8d51,2025-10-09,19:57:57,2025-10-09T19:57:57Z,2025-10-09T19:57:57Z,NA,v3,CNE,CNE,NA,"Van Ness, Jameson",1000370206,Right,CAR_EAG,f492f713-da06-4668-a084-f193c1274997,55.31707,-103.90574,9.14554,6.21873,1.59482,-15.08683,-2.14935,2.68573,0.62575,NA,NA,NA,NA,NA,NA,NA,NA,NA,NA,NA,NA,NA,NA,NA,NA,NA,NA,NA,NA,NA,NA,NA,NA,NA,NA,NA,NA,NA,NA,NA,NA,NA,NA,NA,NA,NA,NA,NA,NA,NA,NA,NA,NA,NA,NA,NA,NA,NA,NA,High,High,High,NA,NA,NA,NA,NA,87.428006,82.348207,293.471874,0.133152,09:00:00,-0.98822,0.149821,0.031211,-81.745989,-55.2921,0.261212,0.536667,108.771934,-0.271535,53.026172,0.271535,-0.79891,-0.536667,63.162183,32.457019,0.79891,0.79891,-108.771934,-32.457019,0.536667,-53.026172,-63.162183,-0.536667,-0.79891,0.271535,-0.271535,NA,NA,NA,NA,NA,NA,NA,NA,NA,NA,NA,NA
NA,NA,NA,NA,NA,NA,NA,NA,NA,NA,NA,NA,NA,NA,NA,NA,77,2025-10-09,15:58:20,1,3,"Alexander, Trace",10000832,Right,CAR_EAG,"Ring, Alex",10041847,Right,CAR_EAG,Undefined,3,Bottom,0,0,2,Fastball,Changeup,StrikeCalled,Strikeout,Undefined,Undefined,0,0,NA,80.83482,-2.95143,-3.801745,2124.383557,208.385649,01:00:00,6.34189,1.94426,5.83958,-26.93683,16.27725,8.01276,1.34547,-0.92673,73.98076,-7.968525,-2.36849,0.473134,NA,NA,NA,NA,NA,NA,NA,NA,NA,NA,NA,-5.16504,9.59871,-1.63859,50,6.08483,7.46172,-116.97521,-6.83545,-7.13781,22.6033,-18.90915,CAR_EAG,CAR_EAG,CarsonNewman,TeamExclusive,Team,20251009-CarsonNewman-Private-1,4e74dd50-a54a-11f0-870a-a764b86fb10a,79.66547,NA,NA,6.85406,NA,NA,NA,NA,NA,NA,b9b1564c-54db-4627-8f3f-643d14cd8d51,2025-10-09,19:58:20,2025-10-09T19:58:20Z,2025-10-09T19:58:20Z,NA,v3,CNE,CNE,NA,"Van Ness, Jameson",1000370206,Right,CAR_EAG,8fc1d7f2-68f6-4c66-96af-0c4a751e9855,54.6601,-117.87225,11.30165,6.34121,-6.08502,-9.45457,-1.94034,7.74499,-3.5689,NA,NA,NA,NA,NA,NA,NA,NA,NA,NA,NA,NA,NA,NA,NA,NA,NA,NA,NA,NA,NA,NA,NA,NA,NA,NA,NA,NA,NA,NA,NA,NA,NA,NA,NA,NA,NA,NA,NA,NA,NA,NA,NA,NA,NA,NA,NA,NA,NA,NA,High,High,High,NA,NA,NA,NA,NA,209.966676,23.288861,1951.295716,0.918523,01:00:00,-0.423163,-0.478548,-0.769367,-35.001223,27.414274,-4.2329040000000004,0.0775,179.364778,-0.996931,0.633312,0.996931,-0.011053,-0.0775,4.445133,4.444861,0.011053,0.011053,-179.364778,-4.444861,0.0775,-0.633312,-4.445133,-0.0775,-0.011053,0.996931,-0.996931,NA,NA,NA,NA,NA,NA,NA,NA,NA,NA,NA,NA
NA,NA,NA,NA,NA,NA,NA,NA,NA,NA,NA,NA,NA,NA,NA,NA,78,2025-10-09,16:00:52,2,1,"Alexander, Trace",10000832,Right,CAR_EAG,"Gibson, Aiden",10011511,Right,CAR_EAG,Undefined,3,Bottom,2,0,0,Curveball,Changeup,BallCalled,Undefined,Undefined,Undefined,0,0,NA,69.24166,0.686704,-1.944054,1289.775338,196.829509,12:30:00,6.24668,2.07438,5.6582,-48.31322,11.17816,2.74823,2.86141,0.48965,63.00833,-8.248187,-1.453064,0.555135,NA,NA,NA,NA,NA,NA,NA,NA,NA,NA,NA,-1.98937,6.10205,-1.91144,50,6.27475,3.31097,-100.34892,-0.13611,-2.00547,17.96286,-26.02269,CAR_EAG,CAR_EAG,CarsonNewman,TeamExclusive,Team,20251009-CarsonNewman-Private-1,a922d2c0-a54a-11f0-870a-a764b86fb10a,67.89781,NA,NA,6.23333,NA,NA,NA,NA,NA,NA,b9b1564c-54db-4627-8f3f-643d14cd8d51,2025-10-09,20:00:52,2025-10-09T20:00:52Z,2025-10-09T20:00:52Z,NA,v3,CNE,CNE,NA,"Van Ness, Jameson",1000370206,Right,CAR_EAG,d9c93818-4c9a-4c76-b7e1-d184394c05c2,54.83937,-101.21148,8.98143,6.25129,1.11347,-13.01134,-2.07274,3.40727,-1.00273,NA,NA,NA,NA,NA,NA,NA,NA,NA,NA,NA,NA,NA,NA,NA,NA,NA,NA,NA,NA,NA,NA,NA,NA,NA,NA,NA,NA,NA,NA,NA,NA,NA,NA,NA,NA,NA,NA,NA,NA,NA,NA,NA,NA,NA,NA,NA,NA,NA,NA,High,High,High,NA,NA,NA,NA,NA,217.311988,43.916077,929.098076,0.720357,01:15:00,-0.717821,-0.428303,-0.548898,68.626262,35.637942,13.304129,0.939515,106.579083,-0.097731,19.163745,0.097731,-0.328269,-0.939515,84.061303,69.970241,0.328269,0.328269,-106.579083,-69.970241,0.939515,-19.163745,-84.061303,-0.939515,-0.328269,0.097731,-0.097731,NA,NA,NA,NA,NA,NA,NA,NA,NA,NA,NA,NA
NA,NA,NA,NA,NA,NA,NA,NA,NA,NA,NA,NA,NA,NA,NA,NA,79,2025-10-09,16:01:09,2,2,"Alexander, Trace",10000832,Right,CAR_EAG,"Gibson, Aiden",10011511,Right,CAR_EAG,Undefined,3,Bottom,2,1,0,Fastball,Curveball,StrikeCalled,Undefined,Undefined,Undefined,0,0,NA,70.18812,-0.227941,-3.594473,2172.497079,81.3746,08:45:00,6.31025,2.04417,5.15642,-58.3818,1.15976,-6.6287,1.2301,-1.8964,63.9771,-10.795316,-4.766422,0.555369,NA,NA,NA,NA,NA,NA,NA,NA,NA,NA,NA,2.09197,1.33563,-1.70265,50,6.24472,6.61897,-101.47782,-2.23011,2.14106,19.4695,-30.80708,CAR_EAG,CAR_EAG,CarsonNewman,TeamExclusive,Team,20251009-CarsonNewman-Private-1,b334f2c0-a54a-11f0-870a-a764b86fb10a,67.86919,NA,NA,6.21102,NA,NA,NA,NA,NA,NA,b9b1564c-54db-4627-8f3f-643d14cd8d51,2025-10-09,20:01:09,2025-10-09T20:01:09Z,2025-10-09T20:01:09Z,NA,v3,CNE,CNE,NA,"Van Ness, Jameson",1000370206,Right,CAR_EAG,4f7f623f-24a3-4538-8581-004e8b1b1d29,55.34281,-102.49777,9.73475,6.31928,-0.61623000000000006,-15.40354,-2.04646,6.5068,1.07053,NA,NA,NA,NA,NA,NA,NA,NA,NA,NA,NA,NA,NA,NA,NA,NA,NA,NA,NA,NA,NA,NA,NA,NA,NA,NA,NA,NA,NA,NA,NA,NA,NA,NA,NA,NA,NA,NA,NA,NA,NA,NA,NA,NA,NA,NA,NA,NA,NA,NA,High,High,High,NA,NA,NA,NA,NA,64.625267,78.511067,432.715026,0.199179,08:15:00,-0.973391,0.176063,0.14667,-46.424044,-31.819423,-30.527197,0.711038,104.411266,-0.175001,42.924015,0.175001,-0.681028,-0.711038,76.173163,45.319472,0.681028,0.681028,-104.411266,-45.319472,0.711038,-42.924015,-76.173163,-0.711038,-0.681028,0.175001,-0.175001,NA,NA,NA,NA,NA,NA,NA,NA,NA,NA,NA,NA
NA,NA,NA,NA,NA,NA,NA,NA,NA,NA,NA,NA,NA,NA,NA,NA,80,2025-10-09,16:01:30,2,3,"Alexander, Trace",10000832,Right,CAR_EAG,"Gibson, Aiden",10011511,Right,CAR_EAG,Undefined,3,Bottom,2,0,1,ChangeUp,Changeup,InPlay,Undefined,LineDrive,Out,1,0,NA,72.99407,-0.491098,-1.878568,1556.501726,197.660729,12:30:00,6.33216,2.02561,5.52025,-43.53022,10.71871,2.7587,2.2452,0.49838,65.92764,-8.538771,-1.386622,0.530111,97.45655,20.254277,-29.415169,1311.099054,94.07309,28.67259,-57.01071,260.94028,163.74417,-35.345802,2.602277,-2.0376,6.14032,-1.8639,50,6.26063,3.36742,-105.71074,-2.18854,-2.25745,21.53289,-25.37116,CAR_EAG,CAR_EAG,CarsonNewman,TeamExclusive,Team,20251009-CarsonNewman-Private-1,bfccfa50-a54a-11f0-870a-a764b86fb10a,71.10291,30.2657,NA,7.06644,NA,NA,NA,2.54785,2.67738,-0.48407,b9b1564c-54db-4627-8f3f-643d14cd8d51,2025-10-09,20:01:30,2025-10-09T20:01:30Z,2025-10-09T20:01:30Z,LineDrive,v3,CNE,CNE,NA,"Van Ness, Jameson",1000370206,Right,CAR_EAG,3fa560c1-fb73-4c9c-a863-44351922508d,54.97882,-106.72009,10.76644,6.33534,-0.99927,-12.68558,-2.02423,3.47324,-1.12873,NA,2.54784,116.81018,-17.54231,2.21784,-0.38104,-0.02868,0.05849,-0.0212,0.0028,2.67736,49.48381,-25.38463,3.47027,-0.82328,0.2734,-0.09117,0.02222,-0.00248,-0.48406,-65.8597,2.50192,0.35303,-0.14007,0.09072,-0.04365,0.01248,-0.00152,NA,NA,NA,NA,NA,NA,NA,NA,NA,NA,NA,NA,NA,NA,NA,NA,NA,NA,NA,NA,NA,NA,High,High,High,High,Medium,NA,NA,NA,212.122064,54.17221,911.099832,0.585351,01:00:00,-0.823899,-0.318184,-0.468987,-87.707472,-41.587309,51.54824,0.880953,163.237885,-0.453098,7.843711,0.453098,-0.136471,-0.880953,62.782036,61.757536,0.136471,0.136471,-163.237885,-61.757536,0.880953,-7.843711,-62.782036,-0.880953,-0.136471,0.453098,-0.453098,NA,NA,NA,NA,NA,NA,NA,NA,NA,NA,NA,NA
NA,NA,NA,NA,NA,NA,NA,NA,NA,NA,NA,NA,NA,NA,NA,NA,81,2025-10-09,16:04:12,1,1,"Weeks, Camrin",10122834,Left,CAR_EAG,"Mutter, Evan",1000300074,Right,CAR_EAG,Undefined,4,Top,0,0,0,ChangeUp,Splitter,BallCalled,Undefined,Undefined,Undefined,0,0,NA,73.61246,1.275117,2.209653,931.847513,91.209731,09:00:00,5.34045,-2.53192,5.96791,-49.65424,1.97354,-14.03064,2.38598,-1.65132,67.37393,-7.898975,-0.312786,0.517146,NA,NA,NA,NA,NA,NA,NA,NA,NA,NA,NA,7.7902,1.20496,2.36418,50,5.41439,-3.62682,-106.85235,0.92881,8.96727,19.16075,-30.78704,CAR_EAG,CAR_EAG,CarsonNewman,TeamExclusive,Team,20251009-CarsonNewman-Private-1,208e91f0-a54b-11f0-870a-a764b86fb10a,72.88552,NA,NA,6.23853,NA,NA,NA,NA,NA,NA,b9b1564c-54db-4627-8f3f-643d14cd8d51,2025-10-09,20:04:12,2025-10-09T20:04:12Z,2025-10-09T20:04:12Z,NA,v3,CNE,CNE,NA,"Cochran, Carson",10085797,Right,CAR_EAG,6a4aaf94-ce9c-4853-89ce-5b025a798da5,54.53368,-107.66226,9.58038,5.34762,2.23015,-15.39352,2.5255,-4.00586,4.48364,NA,NA,NA,NA,NA,NA,NA,NA,NA,NA,NA,NA,NA,NA,NA,NA,NA,NA,NA,NA,NA,NA,NA,NA,NA,NA,NA,NA,NA,NA,NA,NA,NA,NA,NA,NA,NA,NA,NA,NA,NA,NA,NA,NA,NA,NA,NA,NA,NA,NA,High,High,High,NA,NA,NA,NA,NA,104.321943,3.977469,929.603069,0.997591,09:30:00,-0.038287,0.967892,-0.248435,-91.060497,40.079462,-60.537774,-0.499027,121.750463,-0.456016,-47.468029,0.456016,-0.7369,0.499027,47.578588,-29.935617,0.7369,-0.7369,-121.750463,29.935617,0.499027,47.468029,-47.578588,-0.499027,0.7369,0.456016,-0.456016,NA,NA,NA,NA,NA,NA,NA,NA,NA,NA,NA,NA
NA,NA,NA,NA,NA,NA,NA,NA,NA,NA,NA,NA,NA,NA,NA,NA,82,2025-10-09,16:04:27,1,2,"Weeks, Camrin",10122834,Left,CAR_EAG,"Mutter, Evan",1000300074,Right,CAR_EAG,Undefined,4,Top,0,1,0,Fastball,Changeup,StrikeCalled,Undefined,Undefined,Undefined,0,0,NA,83.93465,-0.099742,2.250356,1723.021374,136.450028,10:30:00,5.59811,-2.12131,5.59237,-26.7871,13.28182,-11.43355,3.27265,-0.97173,76.8147,-5.082987,0.211214,0.455591,NA,NA,NA,NA,NA,NA,NA,NA,NA,NA,NA,6.37087,7.13115,1.93555,50,5.57225,-4.30887,-121.81389,-1.08207,9.5913,23.49214,-21.43819,CAR_EAG,CAR_EAG,CarsonNewman,TeamExclusive,Team,20251009-CarsonNewman-Private-1,296a54d0-a54b-11f0-870a-a764b86fb10a,82.73304,NA,NA,7.11995,NA,NA,NA,NA,NA,NA,b9b1564c-54db-4627-8f3f-643d14cd8d51,2025-10-09,20:04:27,2025-10-09T20:04:27Z,2025-10-09T20:04:27Z,NA,v3,CNE,CNE,NA,"Cochran, Carson",10085797,Right,CAR_EAG,225094c6-01d3-4db6-b27c-71dcba91a383,54.9081,-122.75678,11.74607,5.59842,-0.22162,-10.71909,2.11622,-4.69383,4.79565,NA,NA,NA,NA,NA,NA,NA,NA,NA,NA,NA,NA,NA,NA,NA,NA,NA,NA,NA,NA,NA,NA,NA,NA,NA,NA,NA,NA,NA,NA,NA,NA,NA,NA,NA,NA,NA,NA,NA,NA,NA,NA,NA,NA,NA,NA,NA,NA,NA,NA,High,High,High,NA,NA,NA,NA,NA,136.92986,-13.128294,1677.988353,0.973864,10:30:00,0.253735,0.665439,-0.702004,24.737893,-21.144657,20.119075,0.1437,169.392238,-0.972709,10.496412,0.972709,-0.182174,-0.1437,8.403648,8.262032,0.182174,0.182174,-169.392238,-8.262032,0.1437,-10.496412,-8.403648,-0.1437,-0.182174,0.972709,-0.972709,NA,NA,NA,NA,NA,NA,NA,NA,NA,NA,NA,NA
NA,NA,NA,NA,NA,NA,NA,NA,NA,NA,NA,NA,NA,NA,NA,NA,83,2025-10-09,16:04:43,1,3,"Weeks, Camrin",10122834,Left,CAR_EAG,"Van Ness, Jameson",1000370206,Right,CAR_EAG,Undefined,4,Top,0,1,1,ChangeUp,Changeup,FoulBallNotFieldable,Undefined,Undefined,Undefined,0,0,NA,74.00328,1.612361,2.566644,1099.363561,103.83681,09:30:00,5.40096,-2.38567,5.89147,-46.60908,4.44673,-11.57973,3.01592,-0.96582,67.8722,-6.997045,0.490119,0.514273,69.87265,40.303644,58.095569,4800.454234,NA,NA,NA,NA,70.58458,NA,NA,6.64918,2.29835,2.18541,50,5.50418,-4.41067,-107.40932,1.66637,7.7685,18.58477,-29.48879,CAR_EAG,CAR_EAG,CarsonNewman,TeamExclusive,Team,20251009-CarsonNewman-Private-1,330f0d00-a54b-11f0-870a-a764b86fb10a,73.29261,53.52776,NA,6.13108,NA,NA,NA,0.47704,3.16596,1.02188,b9b1564c-54db-4627-8f3f-643d14cd8d51,2025-10-09,20:04:43,2025-10-09T20:04:43Z,2025-10-09T20:04:43Z,NA,v3,CNE,CNE,NA,"Cochran, Carson",10085797,Right,CAR_EAG,5d8901d2-6f25-49ec-a152-f0c080ac5ffc,54.6111,-108.20423,9.29239,5.40593,2.92766,-14.74439,2.38117,-4.7429500000000004,3.88425,219.353534,0.47704,41.30462,-14.83989,3.85811,-0.82384,0.17446,-0.05069,0.01795,-0.00371,3.16596,66.28781,-16.42507,0.41086,0.09455,-0.0601,0.01904,-0.00401,5.2e-4,1.02188,66.34719,-4.58262,1.18528,-0.25187,0.05319,-0.01557,0.00557,-0.00116,NA,NA,NA,NA,NA,NA,NA,NA,NA,NA,NA,NA,NA,NA,NA,NA,NA,NA,NA,NA,NA,NA,High,High,High,Medium,Undefined,NA,NA,NA,108.849355,9.50126,1084.282459,0.986282,09:45:00,-0.124332,0.937664,-0.324542,66.473163,-54.349825,-51.555913,-0.624882,109.261906,-0.257549,-47.477774,0.257549,-0.737015,0.624882,67.60067,-38.6735,0.737015,-0.737015,-109.261906,38.6735,0.624882,47.477774,-67.60067,-0.624882,0.737015,0.257549,-0.257549,NA,NA,NA,NA,NA,NA,NA,NA,NA,NA,NA,NA
NA,NA,NA,NA,NA,NA,NA,NA,NA,NA,NA,NA,NA,NA,NA,NA,84,2025-10-09,16:05:02,1,4,"Weeks, Camrin",10122834,Left,CAR_EAG,"Van Ness, Jameson",1000370206,Right,CAR_EAG,Undefined,4,Top,0,1,2,ChangeUp,Changeup,BallCalled,Undefined,Undefined,Undefined,0,0,NA,73.07733,-0.618286,2.867845,1089.409872,102.108815,09:30:00,5.14654,-2.57674,5.79187,-49.56735,3.67866,-8.35583,0.44,-0.60293,66.63635,-9.734833,1.369877,0.525188,NA,NA,NA,NA,NA,NA,NA,NA,NA,NA,NA,5.16508,2.64205,2.34543,50,5.06612,-5.00954,-105.90553,-2.60336,5.7871,20.36194,-29.21384,CAR_EAG,CAR_EAG,CarsonNewman,TeamExclusive,Team,20251009-CarsonNewman-Private-1,3e207490-a54b-11f0-870a-a764b86fb10a,71.76939,NA,NA,6.44098,NA,NA,NA,NA,NA,NA,b9b1564c-54db-4627-8f3f-643d14cd8d51,2025-10-09,20:05:02,2025-10-09T20:05:02Z,2025-10-09T20:05:02Z,NA,v3,CNE,CNE,NA,"Cochran, Carson",10085797,Right,CAR_EAG,85c3005e-6705-43d7-bf56-7fb52ad7a4ed,54.70847,-106.80697,10.18097,5.15274,-1.31005,-14.60692,2.57288,-5.26574,2.89355,NA,NA,NA,NA,NA,NA,NA,NA,NA,NA,NA,NA,NA,NA,NA,NA,NA,NA,NA,NA,NA,NA,NA,NA,NA,NA,NA,NA,NA,NA,NA,NA,NA,NA,NA,NA,NA,NA,NA,NA,NA,NA,NA,NA,NA,NA,NA,NA,NA,NA,High,High,High,NA,NA,NA,NA,NA,101.771638,14.749388,1053.512357,0.967049,09:30:00,-0.25459,0.943908,-0.21029,-90.515086,33.545469,-62.643661,-0.679776,106.955355,-0.213885,-44.550677,0.213885,-0.70154,0.679776,72.534339,-42.826129,0.70154,-0.70154,-106.955355,42.826129,0.679776,44.550677,-72.534339,-0.679776,0.70154,0.213885,-0.213885,NA,NA,NA,NA,NA,NA,NA,NA,NA,NA,NA,NA
NA,NA,NA,NA,NA,NA,NA,NA,NA,NA,NA,NA,NA,NA,NA,NA,85,2025-10-09,16:05:22,1,5,"Weeks, Camrin",10122834,Left,CAR_EAG,"Van Ness, Jameson",1000370206,Right,CAR_EAG,Undefined,4,Top,0,2,2,Slider,Curveball,BallCalled,Undefined,Undefined,Undefined,0,0,NA,73.21336,0.225703,2.882987,1794.137777,213.984226,01:15:00,5.21452,-2.63071,5.35046,-47.43136,5.35024,2.60075,1.47388,0.2925,68.05192,-8.387376,3.344525,0.522893,NA,NA,NA,NA,NA,NA,NA,NA,NA,NA,NA,-0.58732,3.11374,2.36898,50,5.2009,-5.44722,-106.26814,-1.07479,-0.67855,16.45423,-28.57672,CAR_EAG,CAR_EAG,CarsonNewman,TeamExclusive,Team,20251009-CarsonNewman-Private-1,4a17f660-a54b-11f0-870a-a764b86fb10a,72.08445,NA,NA,5.16144,NA,NA,NA,NA,NA,NA,b9b1564c-54db-4627-8f3f-643d14cd8d51,2025-10-09,20:05:22,2025-10-09T20:05:22Z,2025-10-09T20:05:22Z,NA,v3,CNE,CNE,NA,"Cochran, Carson",10085797,Right,CAR_EAG,e5d783ab-fe0b-457d-8c4a-e6819e49d3f1,55.1517,-107.06284,8.22711,5.21948,0.3054,-14.28836,2.63128,-5.41445,-0.33927,NA,NA,NA,NA,NA,NA,NA,NA,NA,NA,NA,NA,NA,NA,NA,NA,NA,NA,NA,NA,NA,NA,NA,NA,NA,NA,NA,NA,NA,NA,NA,NA,NA,NA,NA,NA,NA,NA,NA,NA,NA,NA,NA,NA,NA,NA,NA,NA,NA,NA,High,High,High,NA,NA,NA,NA,NA,181.745997,-77.676425,382.927119,0.213432,12:00:00,0.986418,-0.010351,-0.163928,-76.143155,-62.487693,52.656387,0.392407,172.033809,-0.910916,7.323578,0.910916,-0.127473,-0.392407,23.305566,23.104363,0.127473,0.127473,-172.033809,-23.104363,0.392407,-7.323578,-23.305566,-0.392407,-0.127473,0.910916,-0.910916,NA,NA,NA,NA,NA,NA,NA,NA,NA,NA,NA,NA
NA,NA,NA,NA,NA,NA,NA,NA,NA,NA,NA,NA,NA,NA,NA,NA,86,2025-10-09,16:05:38,1,6,"Weeks, Camrin",10122834,Left,CAR_EAG,"Van Ness, Jameson",1000370206,Right,CAR_EAG,Undefined,4,Top,0,3,2,Fastball,Changeup,StrikeCalled,Strikeout,Undefined,Undefined,0,0,NA,83.49617,-1.690834,3.332654,1785.223819,123.928929,10:15:00,5.56488,-1.92398,5.64139,-28.89372,12.11095,-15.83367,1.57655,-0.13089,75.6954,-7.067042,0.507199,0.46088,NA,NA,NA,NA,NA,NA,NA,NA,NA,NA,NA,8.98079,7.09772,1.65047,50,5.40282,-6.37225,-120.87393,-4.50806,13.14728,25.86946,-21.78343,CAR_EAG,CAR_EAG,CarsonNewman,TeamExclusive,Team,20251009-CarsonNewman-Private-1,53b35fc0-a54b-11f0-870a-a764b86fb10a,81.7836,NA,NA,7.80077,NA,NA,NA,NA,NA,NA,b9b1564c-54db-4627-8f3f-643d14cd8d51,2025-10-09,20:05:38,2025-10-09T20:05:38Z,2025-10-09T20:05:38Z,NA,v3,CNE,CNE,NA,"Cochran, Carson",10085797,Right,CAR_EAG,9789e1bd-ac68-4815-80d0-7fc260040193,54.85751,-121.9091,12.93473,5.56576,-3.63639,-10.89171,1.91598,-6.89834,6.57364,NA,NA,NA,NA,NA,NA,NA,NA,NA,NA,NA,NA,NA,NA,NA,NA,NA,NA,NA,NA,NA,NA,NA,NA,NA,NA,NA,NA,NA,NA,NA,NA,NA,NA,NA,NA,NA,NA,NA,NA,NA,NA,NA,NA,NA,NA,NA,NA,NA,NA,High,High,High,NA,NA,NA,NA,NA,139.909807,-9.118783,1762.661991,0.987362,10:45:00,0.183326,0.640253,-0.745967,18.23223,-19.814513,30.327146,0.166218,168.285213,-0.965549,11.549562,0.965549,-0.200216,-0.166218,9.767683,9.568027,0.200216,0.200216,-168.285213,-9.568027,0.166218,-11.549562,-9.767683,-0.166218,-0.200216,0.965549,-0.965549,NA,NA,NA,NA,NA,NA,NA,NA,NA,NA,NA,NA
NA,NA,NA,NA,NA,NA,NA,NA,NA,NA,NA,NA,NA,NA,NA,NA,87,2025-10-09,16:06:05,2,1,"Weeks, Camrin",10122834,Left,CAR_EAG,"Wyatt, Jack",10013525,Right,CAR_EAG,Undefined,4,Top,1,0,0,Fastball,Changeup,BallCalled,Undefined,Undefined,Undefined,0,0,NA,84.45809,-2.400414,5.545324,1874.239012,148.401122,11:00:00,5.7618,-1.99191,5.61809,-20.01678,20.52497,-11.68906,1.84155,2.22575,76.05139,-6.203813,3.473468,0.458271,NA,NA,NA,NA,NA,NA,NA,NA,NA,NA,NA,7.64996,11.57107,1.52455,50,5.54327,-11.32562,-121.77538,-5.69701,11.32423,27.08085,-15.04539,CAR_EAG,CAR_EAG,CarsonNewman,TeamExclusive,Team,20251009-CarsonNewman-Private-1,63c10610-a54b-11f0-870a-a764b86fb10a,82.24918,NA,NA,8.4067,NA,NA,NA,NA,NA,NA,b9b1564c-54db-4627-8f3f-643d14cd8d51,2025-10-09,20:06:05,2025-10-09T20:06:05Z,2025-10-09T20:06:05Z,NA,v3,CNE,CNE,NA,"Cochran, Carson",10085797,Right,CAR_EAG,633b9ea9-5fad-4ca7-9e22-8b57789e0447,54.8798,-122.85577,13.54043,5.75858,-5.09678,-7.52269,1.9854,-11.7774,5.66212,NA,NA,NA,NA,NA,NA,NA,NA,NA,NA,NA,NA,NA,NA,NA,NA,NA,NA,NA,NA,NA,NA,NA,NA,NA,NA,NA,NA,72.46898,1.703325,0.844902,0.858423,-0.71751,1.60569,-2.35374,1.01636,5.15003,-4.86129,62.88498,1.11021,-61.89556,1.03511,76.74611,-5.49753,5.16881,7.49586,-14.26885,-4.88857,-72.36419,6.97742,High,High,High,NA,NA,High,High,High,142.137099,-8.124068,1855.429866,0.989964,10:45:00,0.190727,0.613,-0.766716,13.200999,-25.502871,32.224995,0.20039,173.529441,-0.973475,6.338768,0.973475,-0.110407,-0.20039,11.631842,11.559746,0.110407,0.110407,-173.529441,-11.559746,0.20039,-6.338768,-11.631842,-0.20039,-0.110407,0.973475,-0.973475,NA,NA,NA,NA,NA,NA,NA,NA,NA,NA,NA,NA
NA,NA,NA,NA,NA,NA,NA,NA,NA,NA,NA,NA,NA,NA,NA,NA,88,2025-10-09,16:06:33,2,2,"Weeks, Camrin",10122834,Left,CAR_EAG,"Wyatt, Jack",10013525,Right,CAR_EAG,Undefined,4,Top,1,1,0,Slider,Curveball,StrikeSwinging,Undefined,Undefined,Undefined,0,0,NA,72.79299,-0.029921,3.102367,1840.633941,241.5032,02:00:00,5.32248,-2.47974,5.18737,-50.32003,4.21351,4.47441,1.10096,0.81478,66.84346,-9.160914,3.893993,0.5315,NA,NA,NA,NA,NA,NA,NA,NA,NA,NA,NA,-1.31721,2.675,2.18778,50,5.2818,-5.88384,-105.44162,-1.66866,-1.47556,18.75801,-29.17741,CAR_EAG,CAR_EAG,CarsonNewman,TeamExclusive,Team,20251009-CarsonNewman-Private-1,7486d8d0-a54b-11f0-870a-a764b86fb10a,70.9171,NA,NA,5.94953,NA,NA,NA,NA,NA,NA,b9b1564c-54db-4627-8f3f-643d14cd8d51,2025-10-09,20:06:33,2025-10-09T20:06:33Z,2025-10-09T20:06:33Z,NA,v3,CNE,CNE,NA,"Cochran, Carson",10085797,Right,CAR_EAG,08f32ced-bb5b-4bcb-9abd-720050e1edf3,55.31292,-106.38259,9.37901,5.3288,-0.20502,-14.58871,2.48108,-5.80982,-0.73778,NA,NA,NA,NA,NA,NA,NA,NA,NA,NA,NA,NA,NA,NA,NA,NA,NA,NA,NA,NA,NA,NA,NA,NA,NA,NA,NA,NA,NA,NA,NA,NA,NA,NA,NA,NA,NA,NA,NA,NA,NA,NA,NA,NA,NA,NA,NA,NA,NA,NA,High,High,High,NA,NA,NA,NA,NA,188.315273,-79.846022,324.49299,0.176294,12:15:00,0.992349,-0.024982,-0.120912,-59.841854,-68.240708,38.734315,0.325948,169.717143,-0.930203,9.715678,0.930203,-0.168759,-0.325948,19.310731,19.023029,0.168759,0.168759,-169.717143,-19.023029,0.325948,-9.715678,-19.310731,-0.325948,-0.168759,0.930203,-0.930203,NA,NA,NA,NA,NA,NA,NA,NA,NA,NA,NA,NA
NA,NA,NA,NA,NA,NA,NA,NA,NA,NA,NA,NA,NA,NA,NA,NA,89,2025-10-09,16:06:48,2,3,"Weeks, Camrin",10122834,Left,CAR_EAG,"Wyatt, Jack",10013525,Right,CAR_EAG,Undefined,4,Top,1,1,1,Slider,Curveball,BallCalled,Undefined,Undefined,Undefined,0,0,NA,73.39707,0.036666,5.390177,1830.113822,216.746565,01:15:00,5.22282,-2.52377,5.29117,-48.20822,4.97122,2.54347,1.24006,2.76465,68.02588,-8.682196,5.838235,0.52486,NA,NA,NA,NA,NA,NA,NA,NA,NA,NA,NA,0.13335,2.9263,2.02942,50,5.19071,-10.10917,-106.16053,-1.45168,0.15302,17.22485,-28.81588,CAR_EAG,CAR_EAG,CarsonNewman,TeamExclusive,Team,20251009-CarsonNewman-Private-1,7dadfc90-a54b-11f0-870a-a764b86fb10a,71.81432,NA,NA,5.37119,NA,NA,NA,NA,NA,NA,b9b1564c-54db-4627-8f3f-643d14cd8d51,2025-10-09,20:06:48,2025-10-09T20:06:48Z,2025-10-09T20:06:48Z,NA,v3,CNE,CNE,NA,"Cochran, Carson",10085797,Right,CAR_EAG,4a6395c8-9fe1-406d-b59c-88b558f66a65,55.21182,-107.00282,8.61243,5.22724,-0.04259,-14.40794,2.52394,-10.11665,0.07651,NA,NA,NA,NA,NA,NA,NA,NA,NA,NA,NA,NA,NA,NA,NA,NA,NA,NA,NA,NA,NA,NA,NA,NA,NA,NA,NA,NA,NA,NA,NA,NA,NA,NA,NA,NA,NA,NA,NA,NA,NA,NA,NA,NA,NA,NA,NA,NA,NA,NA,High,High,High,NA,NA,NA,NA,NA,179.780993,-78.758067,356.784775,0.194952,12:00:00,0.994789,1.18e-4,-0.101954,92.792208,24.775927,69.333083,0.361343,173.860245,-0.927085,5.723475,0.927085,-0.099727,-0.361343,21.293961,21.182675,0.099727,0.099727,-173.860245,-21.182675,0.361343,-5.723475,-21.293961,-0.361343,-0.099727,0.927085,-0.927085,NA,NA,NA,NA,NA,NA,NA,NA,NA,NA,NA,NA
NA,NA,NA,NA,NA,NA,NA,NA,NA,NA,NA,NA,NA,NA,NA,NA,90,2025-10-09,16:07:05,2,4,"Weeks, Camrin",10122834,Left,CAR_EAG,"Wyatt, Jack",10013525,Right,CAR_EAG,Undefined,4,Top,1,2,1,Fastball,Changeup,BallCalled,Undefined,Undefined,Undefined,0,0,NA,83.32023,-1.976419,5.30148,1929.674431,144.408556,10:45:00,5.51366,-2.28575,5.88866,-22.7395,17.88702,-11.83784,1.7748,1.66477,76.06727,-6.253783,3.190667,0.45875,NA,NA,NA,NA,NA,NA,NA,NA,NA,NA,NA,7.5426,10.11044,1.86379,50,5.34045,-10.70984,-120.45979,-4.83017,11.07221,23.6059,-17.33237,CAR_EAG,CAR_EAG,CarsonNewman,TeamExclusive,Team,20251009-CarsonNewman-Private-1,87ab8320-a54b-11f0-870a-a764b86fb10a,82.16335,NA,NA,7.25297,NA,NA,NA,NA,NA,NA,b9b1564c-54db-4627-8f3f-643d14cd8d51,2025-10-09,20:07:05,2025-10-09T20:07:05Z,2025-10-09T20:07:05Z,NA,v3,CNE,CNE,NA,"Cochran, Carson",10085797,Right,CAR_EAG,4883eca5-2452-4ca3-84ba-ec409d047196,54.61224,-121.36026,11.80295,5.51209,-4.16901,-8.66618,2.28038,-11.1322,5.53611,NA,NA,NA,NA,NA,NA,NA,NA,NA,NA,NA,NA,NA,NA,NA,NA,NA,NA,NA,NA,NA,NA,NA,NA,NA,NA,NA,NA,NA,NA,NA,NA,NA,NA,NA,NA,NA,NA,NA,NA,NA,NA,NA,NA,NA,NA,NA,NA,NA,NA,High,High,High,NA,NA,NA,NA,NA,140.209772,-14.651997,1866.921443,0.96748,10:45:00,0.299141,0.627522,-0.71884,33.741207,-26.033331,11.144448,0.004281,176.711971,-0.998345,3.287999,0.998345,-0.057355,-0.004281,0.24567,0.245265,0.057355,0.057355,-176.711971,-0.245265,0.004281,-3.287999,-0.24567,-0.004281,-0.057355,0.998345,-0.998345,NA,NA,NA,NA,NA,NA,NA,NA,NA,NA,NA,NA
NA,NA,NA,NA,NA,NA,NA,NA,NA,NA,NA,NA,NA,NA,NA,NA,91,2025-10-09,16:07:25,2,5,"Weeks, Camrin",10122834,Left,CAR_EAG,"Wyatt, Jack",10013525,Right,CAR_EAG,Undefined,4,Top,1,3,1,Fastball,Changeup,StrikeCalled,Undefined,Undefined,Undefined,0,0,NA,84.29144,-2.168009,2.856295,1902.885104,135.509958,10:30:00,5.61181,-1.95376,5.66113,-25.66419,14.07205,-12.5728,1.44784,-0.33561,77.28477,-6.93558,0.611113,0.453696,NA,NA,NA,NA,NA,NA,NA,NA,NA,NA,NA,7.15662,8.1263,1.71992,50,5.41189,-5.57983,-122.20692,-5.45354,10.83518,23.82403,-19.87073,CAR_EAG,CAR_EAG,CarsonNewman,TeamExclusive,Team,20251009-CarsonNewman-Private-1,932aeec0-a54b-11f0-870a-a764b86fb10a,83.07863,NA,NA,7.00668,NA,NA,NA,NA,NA,NA,b9b1564c-54db-4627-8f3f-643d14cd8d51,2025-10-09,20:07:25,2025-10-09T20:07:25Z,2025-10-09T20:07:25Z,NA,v3,CNE,CNE,NA,"Cochran, Carson",10085797,Right,CAR_EAG,f75a8e92-818e-4255-8a92-8a551ee99141,54.84006,-123.14687,11.91201,5.61158,-4.66956,-9.93536,1.94849,-6.00732,5.41759,NA,NA,NA,NA,NA,NA,NA,NA,NA,NA,NA,NA,NA,NA,NA,NA,NA,NA,NA,NA,NA,NA,NA,NA,NA,NA,NA,NA,NA,NA,NA,NA,NA,NA,NA,NA,NA,NA,NA,NA,NA,NA,NA,NA,NA,NA,NA,NA,NA,NA,High,High,High,NA,NA,NA,NA,NA,138.46291,-10.277499,1872.353653,0.983955,10:30:00,0.190116,0.658748,-0.727947,32.392585,-16.951728,17.626364,0.048729,171.213119,-0.987089,8.77636,0.987089,-0.152578,-0.048729,2.826172,2.793055,0.152578,0.152578,-171.213119,-2.793055,0.048729,-8.77636,-2.826172,-0.048729,-0.152578,0.987089,-0.987089,NA,NA,NA,NA,NA,NA,NA,NA,NA,NA,NA,NA
NA,NA,NA,NA,NA,NA,NA,NA,NA,NA,NA,NA,NA,NA,NA,NA,92,2025-10-09,16:07:40,2,6,"Weeks, Camrin",10122834,Left,CAR_EAG,"Wyatt, Jack",10013525,Right,CAR_EAG,Undefined,4,Top,1,3,2,Slider,Changeup,FoulBallNotFieldable,Undefined,Undefined,Undefined,0,0,NA,74.79401,-0.132103,2.765702,1316.03967,125.41643,10:15:00,5.36588,-2.2626,5.97888,-39.98746,9.92256,-11.68619,1.91098,-0.67061,68.56533,-7.553468,0.666003,0.50847,64.02351,42.245039,-62.611055,5515.642959,29.25831,60.30996,-106.03731,210.08473,75.33864,-92.449707,4.238656,6.89359,5.56044,2.0506,50,5.33299,-4.8531,-108.58262,-1.37253,8.20391,19.57756,-25.5567,CAR_EAG,CAR_EAG,CarsonNewman,TeamExclusive,Team,20251009-CarsonNewman-Private-1,9c84e250-a54b-11f0-870a-a764b86fb10a,74.12912,60.42826,NA,6.22867,NA,NA,NA,1.84566,2.33887,0.66462,b9b1564c-54db-4627-8f3f-643d14cd8d51,2025-10-09,20:07:40,2025-10-09T20:07:40Z,2025-10-09T20:07:40Z,Popup,v3,CNE,CNE,NA,"Cochran, Carson",10085797,Right,CAR_EAG,120b2660-c1ac-48b0-87f9-72ff63e7b331,54.52471,-109.39538,9.78878,5.36794,-0.31154,-12.77835,2.25915,-5.19369,4.10195,NA,1.848,31.91453,-9.46206,-0.13331,0.14767,0.01477,-0.01412,0.00271,-1.8e-4,2.33927,63.11639,-19.9754,1.61021,0.0321,-0.0834,0.02124,-0.00282,1.6e-4,0.66384,-61.70003,2.46058,0.3403,-0.05614,-0.01717,0.00812,-0.00136,9e-5,NA,NA,NA,NA,NA,NA,NA,NA,NA,NA,NA,NA,NA,NA,NA,NA,NA,NA,NA,NA,NA,NA,High,High,High,High,Low,NA,NA,NA,115.769976,13.667669,1278.772862,0.971683,09:45:00,-0.217645,0.874498,-0.433455,58.552418,-58.15685,-61.045603,-0.827523,96.952021,-0.067955,-33.869577,0.067955,-0.557304,0.827523,85.305507,-55.845109,0.557304,-0.557304,-96.952021,55.845109,0.827523,33.869577,-85.305507,-0.827523,0.557304,0.067955,-0.067955,NA,NA,NA,NA,NA,NA,NA,NA,NA,NA,NA,NA
NA,NA,NA,NA,NA,NA,NA,NA,NA,NA,NA,NA,NA,NA,NA,NA,93,2025-10-09,16:08:00,2,7,"Weeks, Camrin",10122834,Left,CAR_EAG,"Wyatt, Jack",10013525,Right,CAR_EAG,Undefined,4,Top,1,3,2,Slider,Curveball,BallCalled,Walk,Undefined,Undefined,0,0,NA,73.80089,-1.03275,3.912649,1946.806159,199.079078,12:45:00,5.16832,-2.79694,5.73941,-47.74833,3.0541,0.61465,0.22525,0.9034,69.49528,-9.687247,4.022435,0.512996,NA,NA,NA,NA,NA,NA,NA,NA,NA,NA,NA,0.55232,2.16366,2.47028,50,5.05224,-7.35172,-107.18389,-3.36823,0.65535,15.06269,-29.60683,CAR_EAG,CAR_EAG,CarsonNewman,TeamExclusive,Team,20251009-CarsonNewman-Private-1,a86113f0-a54b-11f0-870a-a764b86fb10a,73.47516,NA,NA,4.30561,NA,NA,NA,NA,NA,NA,b9b1564c-54db-4627-8f3f-643d14cd8d51,2025-10-09,20:08:00,2025-10-09T20:08:00Z,2025-10-09T20:08:00Z,NA,v3,CNE,CNE,NA,"Cochran, Carson",10085797,Right,CAR_EAG,077f2b0d-a4eb-40e1-99b8-1b67e683ccb5,54.76559,-107.85153,7.53135,5.17245,-2.05594,-14.80342,2.79678,-7.38076,0.32768,NA,NA,NA,NA,NA,NA,NA,NA,NA,NA,NA,NA,NA,NA,NA,NA,NA,NA,NA,NA,NA,NA,NA,NA,NA,NA,NA,NA,NA,NA,NA,NA,NA,NA,NA,NA,NA,NA,NA,NA,NA,NA,NA,NA,NA,NA,NA,NA,NA,NA,High,High,High,NA,NA,NA,NA,NA,168.878533,-79.553484,352.990214,0.181318,11:45:00,0.992484,0.052694,-0.110447,11.464593,-68.151479,-28.473827,0.344811,166.896214,-0.91423,12.287174,0.91423,-0.212812,-0.344811,20.664469,20.170259,0.212812,0.212812,-166.896214,-20.170259,0.344811,-12.287174,-20.664469,-0.344811,-0.212812,0.91423,-0.91423,NA,NA,NA,NA,NA,NA,NA,NA,NA,NA,NA,NA
NA,NA,NA,NA,NA,NA,NA,NA,NA,NA,NA,NA,NA,NA,NA,NA,94,2025-10-09,16:09:02,3,1,"Weeks, Camrin",10122834,Left,CAR_EAG,"Floyd, Logan",1000148156,Right,CAR_EAG,Undefined,4,Top,1,0,0,ChangeUp,Changeup,FoulBallNotFieldable,Undefined,Undefined,Undefined,0,0,NA,74.18543,0.547312,2.71285,1212.303872,99.941662,09:15:00,5.28533,-2.65465,5.64117,-47.4244,4.35725,-14.65709,1.84449,-1.34333,67.55119,-8.182964,0.094496,0.517916,NA,NA,NA,NA,NA,NA,NA,NA,NA,NA,NA,8.3228,2.51331,2.43378,50,5.30154,-4.57098,-107.56147,-0.40565,9.64637,20.51497,-29.26107,CAR_EAG,CAR_EAG,CarsonNewman,TeamExclusive,Team,20251009-CarsonNewman-Private-1,cd338000-a54b-11f0-870a-a764b86fb10a,72.77714,NA,NA,6.63424,NA,NA,NA,NA,NA,NA,b9b1564c-54db-4627-8f3f-643d14cd8d51,2025-10-09,20:09:02,2025-10-09T20:09:02Z,2025-10-09T20:09:02Z,NA,v3,CNE,CNE,NA,"Cochran, Carson",10085797,Right,CAR_EAG,4bdbba2d-81d1-4e64-b579-32f0ad7fad17,54.86124,-108.48468,10.25749,5.29017,0.91115,-14.63054,2.64925,-5.00509,4.82319,NA,NA,NA,NA,NA,NA,NA,NA,NA,NA,NA,NA,NA,NA,NA,NA,NA,NA,NA,NA,NA,NA,NA,NA,NA,NA,NA,NA,NA,NA,NA,NA,NA,NA,NA,NA,NA,NA,NA,NA,NA,NA,NA,NA,NA,NA,NA,NA,NA,NA,High,High,High,NA,NA,NA,NA,NA,107.361285,10.406893,1192.361164,0.98355,09:30:00,-0.157579,0.940424,-0.301283,-69.73991,31.136795,-51.923415,-0.560828,103.164849,-0.188564,-53.72369,0.188564,-0.806173,0.560828,71.416078,-34.11311,0.806173,-0.806173,-103.164849,34.11311,0.560828,53.72369,-71.416078,-0.560828,0.806173,0.188564,-0.188564,NA,NA,NA,NA,NA,NA,NA,NA,NA,NA,NA,NA
NA,NA,NA,NA,NA,NA,NA,NA,NA,NA,NA,NA,NA,NA,NA,NA,95,2025-10-09,16:09:26,3,2,"Weeks, Camrin",10122834,Left,CAR_EAG,"Floyd, Logan",1000148156,Right,CAR_EAG,Undefined,4,Top,1,0,1,Fastball,Changeup,BallCalled,Undefined,Undefined,Undefined,0,0,NA,83.7959,-2.998088,2.583275,1812.965755,121.989899,10:00:00,5.5932,-2.04311,5.68839,-27.54919,12.97052,-18.51765,0.49755,-1.17677,76.38418,-8.109869,-0.729184,0.458147,NA,NA,NA,NA,NA,NA,NA,NA,NA,NA,NA,10.1543,7.90902,1.83725,50,5.32338,-4.71368,-121.35688,-7.24284,15.02894,25.42241,-20.46821,CAR_EAG,CAR_EAG,CarsonNewman,TeamExclusive,Team,20251009-CarsonNewman-Private-1,db625430-a54b-11f0-870a-a764b86fb10a,82.27154,NA,NA,7.41173,NA,NA,NA,NA,NA,NA,b9b1564c-54db-4627-8f3f-643d14cd8d51,2025-10-09,20:09:26,2025-10-09T20:09:26Z,2025-10-09T20:09:26Z,NA,v3,CNE,CNE,NA,"Cochran, Carson",10085797,Right,CAR_EAG,2949e7fb-cf66-4ce5-bd51-05fae6ccd111,54.81246,-122.36086,12.71121,5.59346,-6.43451,-10.2341,2.03513,-5.30721,7.51447,NA,NA,NA,NA,NA,NA,NA,NA,NA,NA,NA,NA,NA,NA,NA,NA,NA,NA,NA,NA,NA,NA,NA,NA,NA,NA,NA,NA,NA,NA,NA,NA,NA,NA,NA,NA,NA,NA,NA,NA,NA,NA,NA,NA,NA,NA,NA,NA,NA,NA,High,High,High,NA,NA,NA,NA,NA,139.666758,-7.33711,1798.121074,0.991812,10:45:00,0.127938,0.647733,-0.751048,-80.649106,36.747177,-71.389792,-0.010149,99.782248,-0.169895,-80.200652,0.169895,-0.98541,0.010149,3.418538,-0.581494,0.98541,-0.98541,-99.782248,0.581494,0.010149,80.200652,-3.418538,-0.010149,0.98541,0.169895,-0.169895,NA,NA,NA,NA,NA,NA,NA,NA,NA,NA,NA,NA
NA,NA,NA,NA,NA,NA,NA,NA,NA,NA,NA,NA,NA,NA,NA,NA,96,2025-10-09,16:09:46,3,3,"Weeks, Camrin",10122834,Left,CAR_EAG,"Floyd, Logan",1000148156,Right,CAR_EAG,Undefined,4,Top,1,1,1,ChangeUp,Changeup,BallCalled,Undefined,Undefined,Undefined,0,0,NA,73.08329,0.710021,1.329506,1232.908227,106.061617,09:30:00,5.39001,-2.26881,5.81753,-46.32093,6.15772,-15.61934,2.19035,-2.33399,67.12083,-7.834923,-1.472494,0.52139,NA,NA,NA,NA,NA,NA,NA,NA,NA,NA,NA,8.29725,3.48898,2.16899,50,5.42095,-1.90797,-106.14281,-0.03774,9.4540400000000009,18.37709,-28.19864,CAR_EAG,CAR_EAG,CarsonNewman,TeamExclusive,Team,20251009-CarsonNewman-Private-1,e7af9720-a54b-11f0-870a-a764b86fb10a,72.2922,NA,NA,5.96245,NA,NA,NA,NA,NA,NA,b9b1564c-54db-4627-8f3f-643d14cd8d51,2025-10-09,20:09:46,2025-10-09T20:09:46Z,2025-10-09T20:09:46Z,NA,v3,CNE,CNE,NA,"Cochran, Carson",10085797,Right,CAR_EAG,7ac67a4c-5781-481b-836c-9cc7d5458e0c,54.68372,-106.95065,9.18854,5.39536,1.20185,-14.09932,2.262,-2.32356,4.7270200000000004,NA,NA,NA,NA,NA,NA,NA,NA,NA,NA,NA,NA,NA,NA,NA,NA,NA,NA,NA,NA,NA,NA,NA,NA,NA,NA,NA,NA,NA,NA,NA,NA,NA,NA,NA,NA,NA,NA,NA,NA,NA,NA,NA,NA,NA,NA,NA,NA,NA,NA,High,High,High,NA,NA,NA,NA,NA,119.87989,0.215333,1232.89952,0.999993,10:00:00,0.018544,0.867046,-0.497884,-90.939617,33.234804,-84.315214,-0.447216,97.640796,-0.118925,-62.434785,0.118925,-0.886485,0.447216,75.108382,-26.565179,0.886485,-0.886485,-97.640796,26.565179,0.447216,62.434785,-75.108382,-0.447216,0.886485,0.118925,-0.118925,NA,NA,NA,NA,NA,NA,NA,NA,NA,NA,NA,NA
NA,NA,NA,NA,NA,NA,NA,NA,NA,NA,NA,NA,NA,NA,NA,NA,97,2025-10-09,16:10:30,3,4,"Weeks, Camrin",10122834,Left,CAR_EAG,"Floyd, Logan",1000148156,Right,CAR_EAG,Undefined,4,Top,1,2,1,Fastball,Changeup,StrikeSwinging,Undefined,Undefined,Undefined,0,0,NA,83.46586,-1.700603,3.182811,1935.01612,129.484714,10:15:00,5.57256,-2.15146,5.59422,-26.45919,14.44292,-15.83261,1.77681,-0.4959,75.96509,-6.631495,0.360169,0.460304,NA,NA,NA,NA,NA,NA,NA,NA,NA,NA,NA,8.9202,8.22402,1.88855,50,5.40944,-6.06496,-120.90957,-4.43747,13.12855,24.84758,-20.07009,CAR_EAG,CAR_EAG,CarsonNewman,TeamExclusive,Team,20251009-CarsonNewman-Private-1,0186bbb0-a54c-11f0-870a-a764b86fb10a,81.88605,NA,NA,7.50077,NA,NA,NA,NA,NA,NA,b9b1564c-54db-4627-8f3f-643d14cd8d51,2025-10-09,20:10:30,2025-10-09T20:10:30Z,2025-10-09T20:10:30Z,NA,v3,CNE,CNE,NA,"Cochran, Carson",10085797,Right,CAR_EAG,5f400039-9076-4192-ae2b-013ff7131b87,54.90606,-121.91363,12.42379,5.57237,-3.62647,-10.03505,2.14434,-6.59547,6.56428,NA,NA,NA,NA,NA,NA,NA,NA,NA,NA,NA,NA,NA,NA,NA,NA,NA,NA,NA,NA,NA,NA,NA,NA,NA,NA,NA,NA,NA,NA,NA,NA,NA,NA,NA,NA,NA,NA,NA,NA,NA,NA,NA,NA,NA,NA,NA,NA,NA,NA,High,High,High,NA,NA,NA,NA,NA,141.01893,-12.625126,1888.2293770000001,0.975821,10:45:00,0.242065,0.62007,-0.746269,20.314928,-16.077646,33.271386,0.06026,161.625438,-0.947291,18.339979,0.947291,-0.314655,-0.06026,3.639871,3.454758,0.314655,0.314655,-161.625438,-3.454758,0.06026,-18.339979,-3.639871,-0.06026,-0.314655,0.947291,-0.947291,NA,NA,NA,NA,NA,NA,NA,NA,NA,NA,NA,NA
NA,NA,NA,NA,NA,NA,NA,NA,NA,NA,NA,NA,NA,NA,NA,NA,98,2025-10-09,16:10:50,3,5,"Weeks, Camrin",10122834,Left,CAR_EAG,"Floyd, Logan",1000148156,Right,CAR_EAG,Undefined,4,Top,1,2,2,ChangeUp,Changeup,BallCalled,Undefined,Undefined,Undefined,0,1,NA,75.72225,-1.814623,4.253178,1192.104684,110.233381,09:45:00,5.15734,-2.2319,6.21552,-41.42813,7.35052,-15.32643,0.02512,0.42332,69.17413,-9.500591,1.489262,0.502674,NA,NA,NA,NA,NA,NA,NA,NA,NA,NA,NA,9.27508,4.85902,1.92009,50,5.00033,-7.63264,-109.66371,-4.63482,11.18224,21.19968,-26.31592,CAR_EAG,CAR_EAG,CarsonNewman,TeamExclusive,Team,20251009-CarsonNewman-Private-1,0d66e4f0-a54c-11f0-870a-a764b86fb10a,74.98387,NA,NA,6.54813,NA,NA,NA,NA,NA,NA,b9b1564c-54db-4627-8f3f-643d14cd8d51,2025-10-09,20:10:50,2025-10-09T20:10:50Z,2025-10-09T20:10:50Z,NA,v3,CNE,CNE,NA,"Cochran, Carson",10085797,Right,CAR_EAG,b0940f36-6d69-4f40-9563-3fd23ead0934,54.28636,-110.48922,10.59984,5.16086,-3.61008,-13.15796,2.22578,-8.06807,5.59112,NA,NA,NA,NA,NA,NA,NA,NA,NA,NA,NA,NA,NA,NA,NA,NA,NA,NA,NA,NA,NA,NA,NA,NA,NA,NA,NA,NA,NA,NA,NA,NA,NA,NA,NA,NA,NA,NA,NA,NA,NA,NA,NA,NA,NA,NA,NA,NA,NA,NA,High,High,High,NA,NA,NA,NA,NA,110.845509,12.477227,1163.949506,0.976382,09:45:00,-0.218395,0.905172,-0.364646,51.000218,-49.050509,-42.639032,-0.594467,103.331959,-0.185424,-51.485357,0.185424,-0.782449,0.594467,72.676453,-36.474671,0.782449,-0.782449,-103.331959,36.474671,0.594467,51.485357,-72.676453,-0.594467,0.782449,0.185424,-0.185424,NA,NA,NA,NA,NA,NA,NA,NA,NA,NA,NA,NA
NA,NA,NA,NA,NA,NA,NA,NA,NA,NA,NA,NA,NA,NA,NA,NA,99,2025-10-09,16:11:50,3,6,"Weeks, Camrin",10122834,Left,CAR_EAG,"Floyd, Logan",1000148156,Right,CAR_EAG,Undefined,4,Top,1,3,2,Fastball,Changeup,BallCalled,Walk,Undefined,Undefined,0,0,NA,83.16277,-4.298565,2.165005,1930.642688,143.274068,10:45:00,5.57229,-1.79138,5.73565,-20.88489,20.40143,-14.10276,-0.1816,-0.94947,75.54035,-8.23259,-0.358864,0.46246,NA,NA,NA,NA,NA,NA,NA,NA,NA,NA,NA,7.9026,12.17985,1.61995,50,5.20074,-3.98859,-120.27557,-9.64249,11.44617,25.77318,-14.5327,CAR_EAG,CAR_EAG,CarsonNewman,TeamExclusive,Team,20251009-CarsonNewman-Private-1,318ee030-a54c-11f0-870a-a764b86fb10a,81.50415,NA,NA,7.62242,NA,NA,NA,NA,NA,NA,b9b1564c-54db-4627-8f3f-643d14cd8d51,2025-10-09,20:11:50,2025-10-09T20:11:50Z,2025-10-09T20:11:50Z,NA,v3,CNE,CNE,NA,"Cochran, Carson",10085797,Right,CAR_EAG,6fd943a5-578c-433b-a460-3bdde7d41a7e,54.76565,-121.29248,12.88659,5.56988,-9.06909,-7.26635,1.78623,-4.4402,5.72308,NA,NA,NA,NA,NA,NA,NA,NA,NA,NA,NA,NA,NA,NA,NA,NA,NA,NA,NA,NA,NA,NA,NA,NA,NA,NA,NA,NA,NA,NA,NA,NA,NA,NA,NA,NA,NA,NA,NA,NA,NA,NA,NA,NA,NA,NA,NA,NA,NA,NA,High,High,High,NA,NA,NA,NA,NA,143.659386,-4.82369,1923.804691,0.996458,10:45:00,0.069888,0.595127,-0.800587,26.918071,-10.276757,28.87513,0.049866,168.454157,-0.978546,11.531282,0.978546,-0.199903,-0.049866,2.917256,2.858324,0.199903,0.199903,-168.454157,-2.858324,0.049866,-11.531282,-2.917256,-0.049866,-0.199903,0.978546,-0.978546,NA,NA,NA,NA,NA,NA,NA,NA,NA,NA,NA,NA
NA,NA,NA,NA,NA,NA,NA,NA,NA,NA,NA,NA,NA,NA,NA,NA,100,2025-10-09,16:12:35,4,1,"Weeks, Camrin",10122834,Left,CAR_EAG,"Nathan, Cole",1000323259,Right,CAR_EAG,Undefined,4,Top,1,0,0,Fastball,Changeup,BallCalled,Undefined,Undefined,Undefined,0,0,NA,82.14774,-0.142586,1.636441,1955.261917,135.781896,10:30:00,5.63188,-2.22495,5.75842,-25.60572,16.8478,-14.82375,3.36529,-1.93654,73.617,-4.99684,-1.016778,0.468952,NA,NA,NA,NA,NA,NA,NA,NA,NA,NA,NA,7.98,9.0613,2.09778,50,5.60482,-2.77847,-118.98832,-1.04157,11.20816,27.15788,-19.44718,CAR_EAG,CAR_EAG,CarsonNewman,TeamExclusive,Team,20251009-CarsonNewman-Private-1,4c484e70-a54c-11f0-870a-a764b86fb10a,80.37592,NA,NA,8.53075,NA,NA,NA,NA,NA,NA,b9b1564c-54db-4627-8f3f-643d14cd8d51,2025-10-09,20:12:35,2025-10-09T20:12:35Z,2025-10-09T20:12:35Z,NA,v3,CNE,CNE,NA,"Cochran, Carson",10085797,Right,CAR_EAG,fe586ac5-7985-4201-b1d8-41b26f0bf33b,54.7372,-120.06467,13.57894,5.63083,-0.27082,-9.72359,2.2167,-3.22268,5.60408,NA,NA,NA,NA,NA,NA,NA,NA,NA,NA,NA,NA,NA,NA,NA,NA,NA,NA,NA,NA,NA,NA,NA,NA,NA,NA,NA,NA,NA,NA,NA,NA,NA,NA,NA,NA,NA,NA,NA,NA,NA,NA,NA,NA,NA,NA,NA,NA,NA,NA,High,High,High,NA,NA,NA,NA,NA,141.968252,-6.487929,1942.7398,0.993596,10:45:00,0.133774,0.612432,-0.779123,22.340008,-7.223953,15.395975,0.205474,168.740818,-0.959827,11.015901,0.959827,-0.191081,-0.205474,12.083147,11.85724,0.191081,0.191081,-168.740818,-11.85724,0.205474,-11.015901,-12.083147,-0.205474,-0.191081,0.959827,-0.959827,NA,NA,NA,NA,NA,NA,NA,NA,NA,NA,NA,NA
NA,NA,NA,NA,NA,NA,NA,NA,NA,NA,NA,NA,NA,NA,NA,NA,101,2025-10-09,16:12:56,4,2,"Weeks, Camrin",10122834,Left,CAR_EAG,"Nathan, Cole",1000323259,Right,CAR_EAG,Undefined,4,Top,1,1,0,Fastball,Changeup,StrikeCalled,Undefined,Undefined,Undefined,0,0,NA,81.84963,-0.977104,2.332452,2000.782021,130.922976,10:15:00,5.48175,-1.87761,5.44382,-26.58332,16.25253,-17.01981,2.35071,-1.11072,74.22096,-5.942849,-0.695657,0.471059,NA,NA,NA,NA,NA,NA,NA,NA,NA,NA,NA,9.2017,8.90579,1.6831,50,5.37736,-4.11412,-118.60178,-2.86027,12.99108,24.55012,-19.60075,CAR_EAG,CAR_EAG,CarsonNewman,TeamExclusive,Team,20251009-CarsonNewman-Private-1,58901320-a54c-11f0-870a-a764b86fb10a,80.01643,NA,NA,7.62867,NA,NA,NA,NA,NA,NA,b9b1564c-54db-4627-8f3f-643d14cd8d51,2025-10-09,20:12:56,2025-10-09T20:12:56Z,2025-10-09T20:12:56Z,NA,v3,CNE,CNE,NA,"Cochran, Carson",10085797,Right,CAR_EAG,729cbb14-1728-4582-9630-b732c1dd07a7,55.05508,-119.64358,12.27506,5.48109,-2.02849,-9.80038,1.86939,-4.6654,6.49554,NA,NA,NA,NA,NA,NA,NA,NA,NA,NA,NA,NA,NA,NA,NA,NA,NA,NA,NA,NA,NA,NA,NA,NA,NA,NA,NA,NA,NA,NA,NA,NA,NA,NA,NA,NA,NA,NA,NA,NA,NA,NA,NA,NA,NA,NA,NA,NA,NA,NA,High,High,High,NA,NA,NA,NA,NA,139.434765,-7.969294,1981.459495,0.990343,10:45:00,0.158152,0.646304,-0.746512,21.018863,-23.166355,39.047767,0.05431,168.810093,-0.979542,11.17318,0.979542,-0.193775,-0.05431,3.173484,3.113274,0.193775,0.193775,-168.810093,-3.113274,0.05431,-11.17318,-3.173484,-0.05431,-0.193775,0.979542,-0.979542,NA,NA,NA,NA,NA,NA,NA,NA,NA,NA,NA,NA
NA,NA,NA,NA,NA,NA,NA,NA,NA,NA,NA,NA,NA,NA,NA,NA,102,2025-10-09,16:13:15,4,3,"Weeks, Camrin",10122834,Left,CAR_EAG,"Nathan, Cole",1000323259,Right,CAR_EAG,Undefined,4,Top,1,1,1,Fastball,Changeup,BallCalled,Undefined,Undefined,Undefined,0,1,NA,80.61281,-2.602043,2.373708,2010.327146,125.575342,10:15:00,5.49657,-1.94185,5.3845,-29.04478,15.46489,-19.34497,0.63327,-1.32757,73.06956,-7.98851,-1.067273,0.480174,NA,NA,NA,NA,NA,NA,NA,NA,NA,NA,NA,10.40174,9.06193,1.74329,50,5.24349,-4.03174,-116.65503,-6.22856,14.14719,24.60703,-19.8491,CAR_EAG,CAR_EAG,CarsonNewman,TeamExclusive,Team,20251009-CarsonNewman-Private-1,6412b310-a54c-11f0-870a-a764b86fb10a,78.49746,NA,NA,7.54325,NA,NA,NA,NA,NA,NA,b9b1564c-54db-4627-8f3f-643d14cd8d51,2025-10-09,20:13:15,2025-10-09T20:13:15Z,2025-10-09T20:13:15Z,NA,v3,CNE,CNE,NA,"Cochran, Carson",10085797,Right,CAR_EAG,d5729d53-b70c-49ed-8aa3-17ec68f6da65,55.11457,-117.72895,12.30351,5.49642,-5.36229,-9.92455,1.93272,-4.64916,7.0736,NA,NA,NA,NA,NA,NA,NA,NA,NA,NA,NA,NA,NA,NA,NA,NA,NA,NA,NA,NA,NA,NA,NA,NA,NA,NA,NA,NA,NA,NA,NA,NA,NA,NA,NA,NA,NA,NA,NA,NA,NA,NA,NA,NA,NA,NA,NA,NA,NA,NA,High,High,High,NA,NA,NA,NA,NA,140.652769,-3.982007,2005.47403,0.997586,10:45:00,0.072574,0.634988,-0.769105,-0.488429,-28.881364,60.502313,0.257924,171.44365,-0.955412,8.264786,0.955412,-0.143748,-0.257924,15.107521,14.946939,0.143748,0.143748,-171.44365,-14.946939,0.257924,-8.264786,-15.107521,-0.257924,-0.143748,0.955412,-0.955412,NA,NA,NA,NA,NA,NA,NA,NA,NA,NA,NA,NA
NA,NA,NA,NA,NA,NA,NA,NA,NA,NA,NA,NA,NA,NA,NA,NA,103,2025-10-09,16:13:48,4,4,"Weeks, Camrin",10122834,Left,CAR_EAG,"Nathan, Cole",1000323259,Right,CAR_EAG,Undefined,4,Top,1,2,1,ChangeUp,Changeup,BallCalled,Undefined,Undefined,Undefined,0,0,NA,74.41664,-3e-5,1.543655,1387.746728,113.378115,09:45:00,5.25328,-1.89898,5.74696,-42.44187,8.5752,-15.88706,1.71643,-1.78531,67.99812,-7.844724,-1.302792,0.514078,NA,NA,NA,NA,NA,NA,NA,NA,NA,NA,NA,8.48835,4.90996,1.78018,50,5.22767,-2.32696,-107.99642,-1.25913,9.96072,19.93339,-26.41242,CAR_EAG,CAR_EAG,CarsonNewman,TeamExclusive,Team,20251009-CarsonNewman-Private-1,77920080-a54c-11f0-870a-a764b86fb10a,73.32043,NA,NA,6.41852,NA,NA,NA,NA,NA,NA,b9b1564c-54db-4627-8f3f-643d14cd8d51,2025-10-09,20:13:48,2025-10-09T20:13:48Z,2025-10-09T20:13:48Z,NA,v3,CNE,CNE,NA,"Cochran, Carson",10085797,Right,CAR_EAG,3b2322de-90d9-428b-b5a6-a0b371e51ce0,54.75308,-108.87018,9.96669,5.25749,-0.10136,-13.20621,1.89175,-2.76358,4.98036,NA,NA,NA,NA,NA,NA,NA,NA,NA,NA,NA,NA,NA,NA,NA,NA,NA,NA,NA,NA,NA,NA,NA,NA,NA,NA,NA,NA,NA,NA,NA,NA,NA,NA,NA,NA,NA,NA,NA,NA,NA,NA,NA,NA,NA,NA,NA,NA,NA,NA,High,High,High,NA,NA,NA,NA,NA,119.15681,6.833851,1377.887315,0.992895,10:00:00,-0.105917,0.867085,-0.48677,-78.357224,27.698096,-62.1589,-0.496472,99.358148,-0.14115,-58.925856,0.14115,-0.8565,0.496472,74.129226,-29.766851,0.8565,-0.8565,-99.358148,29.766851,0.496472,58.925856,-74.129226,-0.496472,0.8565,0.14115,-0.14115,NA,NA,NA,NA,NA,NA,NA,NA,NA,NA,NA,NA
NA,NA,NA,NA,NA,NA,NA,NA,NA,NA,NA,NA,NA,NA,NA,NA,104,2025-10-09,16:14:10,4,5,"Weeks, Camrin",10122834,Left,CAR_EAG,"Nathan, Cole",1000323259,Right,CAR_EAG,Undefined,4,Top,1,3,1,Fastball,Changeup,BallCalled,Walk,Undefined,Undefined,0,0,NA,82.40821,-1.111423,1.167437,2033.354267,144.237406,10:45:00,5.51426,-1.58629,5.55087,-22.54025,19.60643,-13.04194,2.59695,-1.58201,74.53761,-5.371353,-1.158505,0.467254,NA,NA,NA,NA,NA,NA,NA,NA,NA,NA,NA,6.87953,10.65839,1.49376,50,5.40347,-1.88333,-119.44497,-2.97656,9.8279,25.40325,-16.94776,CAR_EAG,CAR_EAG,CarsonNewman,TeamExclusive,Team,20251009-CarsonNewman-Private-1,84b1fcc0-a54c-11f0-870a-a764b86fb10a,80.66799,NA,NA,7.8706,NA,NA,NA,NA,NA,NA,b9b1564c-54db-4627-8f3f-643d14cd8d51,2025-10-09,20:14:10,2025-10-09T20:14:10Z,2025-10-09T20:14:10Z,NA,v3,CNE,CNE,NA,"Cochran, Carson",10085797,Right,CAR_EAG,db6f0e84-95b3-4018-9699-13cd9d9ff627,54.9465,-120.49239,12.70162,5.51179,-2.27777,-8.47388,1.57976,-2.28855,4.91395,NA,NA,NA,NA,NA,NA,NA,NA,NA,NA,NA,NA,NA,NA,NA,NA,NA,NA,NA,NA,NA,NA,NA,NA,NA,NA,NA,NA,NA,NA,NA,NA,NA,NA,NA,NA,NA,NA,NA,NA,NA,NA,NA,NA,NA,NA,NA,NA,NA,NA,High,High,High,NA,NA,NA,NA,NA,143.860743,-7.580161,2015.585343,0.991261,10:45:00,0.136834,0.587045,-0.797906,29.717155,4.706066,-49.669583,-0.011517,163.057343,-0.956533,-16.9415,0.956533,-0.291395,0.011517,0.689804,-0.659867,0.291395,-0.291395,-163.057343,0.659867,0.011517,16.9415,-0.689804,-0.011517,0.291395,0.956533,-0.956533,NA,NA,NA,NA,NA,NA,NA,NA,NA,NA,NA,NA
NA,NA,NA,NA,NA,NA,NA,NA,NA,NA,NA,NA,NA,NA,NA,NA,105,2025-10-09,16:15:50,5,1,"Weeks, Camrin",10122834,Left,CAR_EAG,"Hubbard, Ian",10071315,Left,CAR_EAG,Undefined,4,Top,1,0,0,Fastball,Changeup,StrikeSwinging,Undefined,Undefined,Undefined,0,0,NA,83.10491,-1.546891,1.823739,2050.74391,137.472604,10:30:00,5.57203,-1.44868,5.65765,-22.74379,18.64973,-15.72461,2.23296,-1.05763,75.04082,-5.848233,-0.98592900000000006,0.463061,NA,NA,NA,NA,NA,NA,NA,NA,NA,NA,NA,8.46272,10.36028,1.30393,50,5.4268,-3.17054,-120.40377,-3.91686,12.25584,26.3145,-17.17012,CAR_EAG,CAR_EAG,CarsonNewman,TeamExclusive,Team,20251009-CarsonNewman-Private-1,c0169b90-a54c-11f0-870a-a764b86fb10a,81.39851,NA,NA,8.0641,NA,NA,NA,NA,NA,NA,b9b1564c-54db-4627-8f3f-643d14cd8d51,2025-10-09,20:15:50,2025-10-09T20:15:50Z,2025-10-09T20:15:50Z,NA,v3,CNE,CNE,NA,"Cochran, Carson",10085797,Right,CAR_EAG,b54b2794-9b47-4df7-a100-8d6a6ec08d45,54.8399,-121.45694,13.15725,5.56981,-3.22967,-8.58506,1.44064,-3.66104,6.12792,NA,NA,NA,NA,NA,NA,NA,NA,NA,NA,NA,NA,NA,NA,NA,NA,NA,NA,NA,NA,NA,NA,NA,NA,NA,NA,NA,NA,NA,NA,NA,NA,NA,NA,NA,NA,NA,NA,NA,NA,NA,NA,NA,NA,NA,NA,NA,NA,NA,NA,High,High,High,NA,NA,NA,NA,NA,142.599487,-6.08536,2039.1881,0.994365,10:45:00,0.114762,0.606602,-0.786679,24.977761,-10.490669,16.533768,0.149281,172.196143,-0.979637,7.715878,0.979637,-0.134261,-0.149281,8.664289,8.585247,0.134261,0.134261,-172.196143,-8.585247,0.149281,-7.715878,-8.664289,-0.149281,-0.134261,0.979637,-0.979637,NA,NA,NA,NA,NA,NA,NA,NA,NA,NA,NA,NA
NA,NA,NA,NA,NA,NA,NA,NA,NA,NA,NA,NA,NA,NA,NA,NA,106,2025-10-09,16:16:10,5,2,"Weeks, Camrin",10122834,Left,CAR_EAG,"Hubbard, Ian",10071315,Left,CAR_EAG,Undefined,4,Top,1,0,1,Fastball,Changeup,StrikeCalled,Undefined,Undefined,Undefined,0,0,NA,82.45595,-2.056229,2.593692,1958.762163,142.804775,10:45:00,5.50132,-1.61782,5.72521,-23.21694,18.63733,-13.01422,1.64852,-0.28481,74.74707,-6.435602,0.266988,0.46563,NA,NA,NA,NA,NA,NA,NA,NA,NA,NA,NA,7.35319,10.52512,1.40896,50,5.31526,-4.87478,-119.42725,-4.96402,10.51613,25.0992,-17.12157,CAR_EAG,CAR_EAG,CarsonNewman,TeamExclusive,Team,20251009-CarsonNewman-Private-1,cc43ac50-a54c-11f0-870a-a764b86fb10a,80.94925,NA,NA,7.70888,NA,NA,NA,NA,NA,NA,b9b1564c-54db-4627-8f3f-643d14cd8d51,2025-10-09,20:16:10,2025-10-09T20:16:10Z,2025-10-09T20:16:10Z,NA,v3,CNE,CNE,NA,"Cochran, Carson",10085797,Right,CAR_EAG,81b78302-3469-4d53-bfe2-7f7db876fc17,54.77299,-120.42618,12.5496,5.49926,-4.2826,-8.56079,1.6113,-5.29331,5.25806,NA,NA,NA,NA,NA,NA,NA,NA,NA,NA,NA,NA,NA,NA,NA,NA,NA,NA,NA,NA,NA,NA,NA,NA,NA,NA,NA,NA,NA,NA,NA,NA,NA,NA,NA,NA,NA,NA,NA,NA,NA,NA,NA,NA,NA,NA,NA,NA,NA,NA,High,High,High,NA,NA,NA,NA,NA,143.663439,-13.00035,1908.556524,0.974369,10:45:00,0.239407,0.58504,-0.774863,21.708612,-24.137739,25.0627,0.066377,173.849414,-0.992051,6.136969,0.992051,-0.106906,-0.066377,3.827901,3.805932,0.106906,0.106906,-173.849414,-3.805932,0.066377,-6.136969,-3.827901,-0.066377,-0.106906,0.992051,-0.992051,NA,NA,NA,NA,NA,NA,NA,NA,NA,NA,NA,NA
NA,NA,NA,NA,NA,NA,NA,NA,NA,NA,NA,NA,NA,NA,NA,NA,107,2025-10-09,16:16:40,5,3,"Weeks, Camrin",10122834,Left,CAR_EAG,"Hubbard, Ian",10071315,Left,CAR_EAG,Undefined,4,Top,1,0,2,ChangeUp,Changeup,BallCalled,Undefined,Undefined,Undefined,0,0,NA,74.81968,0.847051,0.846164,1316.306447,97.227162,09:15:00,5.22977,-2.01039,5.82481,-46.10825,4.23158,-20.19418,2.17507,-2.9065,68.32888,-7.668395,-2.777239,0.510655,NA,NA,NA,NA,NA,NA,NA,NA,NA,NA,NA,10.48607,2.45602,1.95282,50,5.27218,-0.864,-108.63442,0.21988,12.43214,20.43352,-29.26224,CAR_EAG,CAR_EAG,CarsonNewman,TeamExclusive,Team,20251009-CarsonNewman-Private-1,de5f2400-a54c-11f0-870a-a764b86fb10a,73.812,NA,NA,6.4908,NA,NA,NA,NA,NA,NA,b9b1564c-54db-4627-8f3f-643d14cd8d51,2025-10-09,20:16:40,2025-10-09T20:16:40Z,2025-10-09T20:16:40Z,NA,v3,CNE,CNE,NA,"Cochran, Carson",10085797,Right,CAR_EAG,d2cec0b9-1c4a-4659-a6b8-3373209b8e18,54.67665,-109.51054,10.21676,5.23585,1.47454,-14.63112,2.00129,-1.39704,6.21607,NA,NA,NA,NA,NA,NA,NA,NA,NA,NA,NA,NA,NA,NA,NA,NA,NA,NA,NA,NA,NA,NA,NA,NA,NA,NA,NA,NA,NA,NA,NA,NA,NA,NA,NA,NA,NA,NA,NA,NA,NA,NA,NA,NA,NA,NA,NA,NA,NA,NA,High,High,High,NA,NA,NA,NA,NA,109.756024,9.406097,1298.608411,0.986555,09:45:00,-0.144746,0.930801,-0.335645,-89.181353,42.128161,-73.838665,-0.46769,96.983262,-0.107463,-61.322584,0.107463,-0.877335,0.46769,77.059535,-27.88448,0.877335,-0.877335,-96.983262,27.88448,0.46769,61.322584,-77.059535,-0.46769,0.877335,0.107463,-0.107463,NA,NA,NA,NA,NA,NA,NA,NA,NA,NA,NA,NA
NA,NA,NA,NA,NA,NA,NA,NA,NA,NA,NA,NA,NA,NA,NA,NA,108,2025-10-09,16:17:01,5,4,"Weeks, Camrin",10122834,Left,CAR_EAG,"Hubbard, Ian",10071315,Left,CAR_EAG,Undefined,4,Top,1,1,2,Fastball,Changeup,FoulBallNotFieldable,Undefined,Undefined,Undefined,0,0,NA,81.49046,-0.504538,3.064762,1932.907107,142.037277,10:45:00,5.48686,-1.46595,5.97853,-23.11533,19.24517,-13.86828,3.09219,0.22217,73.81318,-4.901637,0.576035,0.468438,67.19624,49.454685,158.777525,3881.486139,NA,NA,NA,NA,22.45139,NA,NA,8.09398,10.47583,1.23121,50,5.43424,-5.79997,-118.15714,-1.67137,11.332090000000001,24.54161,-17.50718,CAR_EAG,CAR_EAG,CarsonNewman,TeamExclusive,Team,20251009-CarsonNewman-Private-1,eaf30ce0-a54c-11f0-870a-a764b86fb10a,80.46413,27.01196,NA,7.67728,NA,NA,NA,2.00405,3.12802,-0.19606,b9b1564c-54db-4627-8f3f-643d14cd8d51,2025-10-09,20:17:01,2025-10-09T20:17:01Z,2025-10-09T20:17:01Z,NA,v3,CNE,CNE,NA,"Cochran, Carson",10085797,Right,CAR_EAG,7b721f1d-fb37-4278-b388-0c577a56a73b,54.52252,-119.09278,12.27081,5.48523,-1.00392,-8.75359,1.46056,-6.232,5.66605,358.517603,2.00901,-59.89734,1.42115,NA,NA,NA,NA,NA,NA,3.14297,74.36738,-31.7193,NA,NA,NA,NA,NA,NA,-0.19752,23.24337,-0.93133,NA,NA,NA,NA,NA,NA,NA,NA,NA,NA,NA,NA,NA,NA,NA,NA,NA,NA,NA,NA,NA,NA,NA,NA,NA,NA,NA,NA,High,High,High,High,Undefined,NA,NA,NA,145.620135,-13.423512,1880.101427,0.972681,10:45:00,0.269896,0.551273,-0.789464,20.719609,-24.928712,22.398683,0.058192,175.152728,-0.994735,4.839038,0.994735,-0.084357,-0.058192,3.348013,3.336066,0.084357,0.084357,-175.152728,-3.336066,0.058192,-4.839038,-3.348013,-0.058192,-0.084357,0.994735,-0.994735,NA,NA,NA,NA,NA,NA,NA,NA,NA,NA,NA,NA
NA,NA,NA,NA,NA,NA,NA,NA,NA,NA,NA,NA,NA,NA,NA,NA,109,2025-10-09,16:17:29,5,5,"Weeks, Camrin",10122834,Left,CAR_EAG,"Hubbard, Ian",10071315,Left,CAR_EAG,Undefined,4,Top,1,1,2,Fastball,Changeup,BallCalled,Undefined,Undefined,Undefined,0,1,NA,82.89353,-2.126066,2.405658,1794.853082,128.340875,10:15:00,5.60349,-1.20461,5.62633,-29.19293,12.67603,-14.03757,1.1841,-0.1282,74.76793,-7.566594,-0.101949,0.465712,NA,NA,NA,NA,NA,NA,NA,NA,NA,NA,NA,7.8339,7.58461,1.00834,50,5.40375,-4.44935,-119.96551,-5.39,11.21697,26.99001,-21.31403,CAR_EAG,CAR_EAG,CarsonNewman,TeamExclusive,Team,20251009-CarsonNewman-Private-1,fb4c3b20-a54c-11f0-870a-a764b86fb10a,80.93505,NA,NA,8.1256,NA,NA,NA,NA,NA,NA,b9b1564c-54db-4627-8f3f-643d14cd8d51,2025-10-09,20:17:29,2025-10-09T20:17:29Z,2025-10-09T20:17:29Z,NA,v3,CNE,CNE,NA,"Cochran, Carson",10085797,Right,CAR_EAG,da0100eb-e2a9-4989-9cd8-45d86e9aff69,54.87112,-121.05646,13.49501,5.6042,-4.52847,-10.65701,1.19735,-4.90274,5.60848,NA,NA,NA,NA,NA,NA,NA,NA,NA,NA,NA,NA,NA,NA,NA,NA,NA,NA,NA,NA,NA,NA,NA,NA,NA,NA,NA,NA,NA,NA,NA,NA,NA,NA,NA,NA,NA,NA,NA,NA,NA,NA,NA,NA,NA,NA,NA,NA,NA,NA,High,High,High,NA,NA,NA,NA,NA,140.917605,-5.51132,1786.55591,0.995377,10:45:00,0.105064,0.630654,-0.768919,20.455428,-20.777314,33.444372,0.134066,172.232109,-0.981879,7.697339,0.981879,-0.13394,-0.134066,7.775073,7.704588,0.13394,0.13394,-172.232109,-7.704588,0.134066,-7.697339,-7.775073,-0.134066,-0.13394,0.981879,-0.981879,NA,NA,NA,NA,NA,NA,NA,NA,NA,NA,NA,NA
NA,NA,NA,NA,NA,NA,NA,NA,NA,NA,NA,NA,NA,NA,NA,NA,110,2025-10-09,16:18:07,5,6,"Weeks, Camrin",10122834,Left,CAR_EAG,"Hubbard, Ian",10071315,Left,CAR_EAG,Undefined,4,Top,1,2,2,Fastball,Changeup,StrikeCalled,Strikeout,Undefined,Undefined,2,0,NA,83.16304,-0.821231,0.902145,1885.111117,141.936022,10:45:00,5.53985,-1.48082,5.97558,-24.17466,16.93985,-12.03095,2.76381,-1.6469800000000001,74.52677,-5.425968,-1.261046,0.461497,NA,NA,NA,NA,NA,NA,NA,NA,NA,NA,NA,6.39516,9.40209,1.4156,50,5.46163,-1.40216,-120.51233,-2.40472,9.19954,28.18719,-18.649,CAR_EAG,CAR_EAG,CarsonNewman,TeamExclusive,Team,20251009-CarsonNewman-Private-1,11c58eb0-a54d-11f0-870a-a764b86fb10a,81.67428,NA,NA,8.63628,NA,NA,NA,NA,NA,NA,b9b1564c-54db-4627-8f3f-643d14cd8d51,2025-10-09,20:18:07,2025-10-09T20:18:07Z,2025-10-09T20:18:07Z,NA,v3,CNE,CNE,NA,"Cochran, Carson",10085797,Right,CAR_EAG,5561f69f-70ea-48c9-b669-3d9afe418b86,54.51999,-121.56493,14.09359,5.53843,-1.7083,-9.3245,1.47438,-1.74571,4.59977,NA,NA,NA,NA,NA,NA,NA,NA,NA,NA,NA,NA,NA,NA,NA,NA,NA,NA,NA,NA,NA,NA,NA,NA,NA,NA,NA,NA,NA,NA,NA,NA,NA,NA,NA,NA,NA,NA,NA,NA,NA,NA,NA,NA,NA,NA,NA,NA,NA,NA,High,High,High,NA,NA,NA,NA,NA,141.749848,-11.720091,1845.809643,0.979152,10:45:00,0.206504,0.609038,-0.765786,29.925633,-17.208831,20.817139,0.003912,170.498135,-0.986273,9.501792,0.986273,-0.165078,-0.003912,0.227273,0.224155,0.165078,0.165078,-170.498135,-0.224155,0.003912,-9.501792,-0.227273,-0.003912,-0.165078,0.986273,-0.986273,NA,NA,NA,NA,NA,NA,NA,NA,NA,NA,NA,NA
NA,NA,NA,NA,NA,NA,NA,NA,NA,NA,NA,NA,NA,NA,NA,NA,111,2025-10-09,16:20:59,1,1,"Yonts, Peyton",1000370211,Right,CAR_EAG,"Kilgore, Tanner",814348,Right,CAR_EAG,Undefined,4,Bottom,0,0,0,ChangeUp,Changeup,InPlay,Undefined,GroundBall,Single,0,1,NA,69.44792,1.479948,-3.570272,1287.908085,265.133359,02:45:00,5.57145,3.10857,6.23974,-54.69279,3.17433,13.84072,2.38188,0.96425,63.29105,-8.683606,-1.073701,0.547504,82.22054,5.434449,-38.595863,1714.625886,NA,NA,NA,92.78903,89.29097,-40.587719,0.820305,-8.31902,1.72717,-2.84897,50,5.65503,5.84983,-100.68517,1.19282,-8.44447,18.04954,-30.42086,CAR_EAG,CAR_EAG,CarsonNewman,TeamExclusive,Team,20251009-CarsonNewman-Private-1,788b5f30-a54d-11f0-870a-a764b86fb10a,68.84414,4.37978,NA,6.15687,NA,NA,NA,2.52044,2.62498,-0.94632,b9b1564c-54db-4627-8f3f-643d14cd8d51,2025-10-09,20:20:59,2025-10-09T20:20:59Z,2025-10-09T20:20:59Z,GroundBall,v3,CNE,CNE,NA,"Van Ness, Jameson",1000370206,Right,CAR_EAG,446f0cee-3617-4057-81f7-5418948c9cd5,54.26281,-101.44647,9.02477,5.57766,2.47593,-15.21043,-3.10322,6.20601,-4.22223,NA,2.5657,93.07527,-12.62048,NA,NA,NA,NA,NA,NA,2.65995,10.84445,-17.22158,NA,NA,NA,NA,NA,NA,-0.94152,-74.97022,3.07053,NA,NA,NA,NA,NA,NA,NA,NA,NA,NA,NA,NA,NA,NA,NA,NA,NA,NA,NA,NA,NA,NA,NA,NA,NA,NA,NA,NA,High,High,High,High,High,NA,NA,NA,260.06991,-19.731557,1212.288229,0.941285,02:45:00,0.302838,-0.935594,-0.181532,60.864753,37.202593,56.755769,0.381051,116.837504,-0.417401,55.585527,0.417401,-0.824971,-0.381051,42.393396,22.398801,0.824971,0.824971,-116.837504,-22.398801,0.381051,-55.585527,-42.393396,-0.381051,-0.824971,0.417401,-0.417401,NA,NA,NA,NA,NA,NA,NA,NA,NA,NA,NA,NA
NA,NA,NA,NA,NA,NA,NA,NA,NA,NA,NA,NA,NA,NA,NA,NA,112,2025-10-09,16:21:34,2,1,"Yonts, Peyton",1000370211,Right,CAR_EAG,"Pierce, Johno",10069844,Right,CAR_EAG,Undefined,4,Bottom,0,0,0,Fastball,Changeup,BallCalled,Undefined,Undefined,Undefined,0,0,NA,76.79442,-1.24761,-4.118905,1389.937236,201.00164,12:45:00,5.54811,3.0262,5.65784,-32.95907,15.15958,5.21272,1.63478,-0.3874,70.32038,-7.351729,-3.190831,0.499262,NA,NA,NA,NA,NA,NA,NA,NA,NA,NA,NA,-3.79512,8.52902,-2.68011,50,5.42149,7.80778,-111.1687,-3.40219,-4.74218,20.20781,-21.51662,CAR_EAG,CAR_EAG,CarsonNewman,TeamExclusive,Team,20251009-CarsonNewman-Private-1,8d605190-a54d-11f0-870a-a764b86fb10a,75.49638,NA,NA,6.47404,NA,NA,NA,NA,NA,NA,b9b1564c-54db-4627-8f3f-643d14cd8d51,2025-10-09,20:21:34,2025-10-09T20:21:34Z,2025-10-09T20:21:34Z,NA,v3,CNE,CNE,NA,"Van Ness, Jameson",1000370206,Right,CAR_EAG,8ac4268b-be9a-4148-b490-787261cfe14f,54.8411,-112.04524,10.1039,5.54882,-2.46888,-10.75831,-3.02324,8.01347,-2.37109,NA,NA,NA,NA,NA,NA,NA,NA,NA,NA,NA,NA,NA,NA,NA,NA,NA,NA,NA,NA,NA,NA,NA,NA,NA,NA,NA,NA,NA,NA,NA,NA,NA,NA,NA,NA,NA,NA,NA,NA,NA,NA,NA,NA,NA,NA,NA,NA,NA,NA,High,High,High,NA,NA,NA,NA,NA,237.848564,-16.899136,1329.916924,0.956818,02:00:00,0.270888,-0.803563,-0.530005,-51.766761,-12.790431,-26.360476,0.139136,151.846921,-0.873114,27.855259,0.873114,-0.46724,-0.139136,9.054282,7.99784,0.46724,0.46724,-151.846921,-7.99784,0.139136,-27.855259,-9.054282,-0.139136,-0.46724,0.873114,-0.873114,NA,NA,NA,NA,NA,NA,NA,NA,NA,NA,NA,NA
NA,NA,NA,NA,NA,NA,NA,NA,NA,NA,NA,NA,NA,NA,NA,NA,113,2025-10-09,16:21:51,2,2,"Yonts, Peyton",1000370211,Right,CAR_EAG,"Pierce, Johno",10069844,Right,CAR_EAG,Undefined,4,Bottom,0,1,0,ChangeUp,Changeup,InPlay,Undefined,GroundBall,Single,0,0,NA,66.49677,1.527973,-3.846322,1160.655434,145.686582,10:45:00,5.4231,3.08179,5.73184,-53.90408,10.83914,-5.83532,2.35769,-0.99206,60.46763,-8.429208,-4.885571,0.57912,NA,NA,NA,NA,NA,NA,NA,NA,NA,NA,NA,1.75815,5.60847,-2.75677,50,5.51773,6.65159,-96.21164,1.17097,1.62186,17.13364,-27.00033,CAR_EAG,CAR_EAG,CarsonNewman,TeamExclusive,Team,20251009-CarsonNewman-Private-1,97d997d0-a54d-11f0-870a-a764b86fb10a,65.08572,NA,NA,6.02914,NA,NA,NA,NA,NA,NA,b9b1564c-54db-4627-8f3f-643d14cd8d51,2025-10-09,20:21:51,2025-10-09T20:21:51Z,2025-10-09T20:21:51Z,NA,v3,CNE,CNE,NA,"Van Ness, Jameson",1000370206,Right,CAR_EAG,821ae9d0-41cb-4d12-9644-a4458d60b6a8,54.76912,-97.05723,8.56682,5.42705,2.50349,-13.50016,-3.08306,6.57155,0.81093,NA,NA,NA,NA,NA,NA,NA,NA,NA,NA,NA,NA,NA,NA,NA,NA,NA,NA,NA,NA,NA,NA,NA,NA,NA,NA,NA,NA,NA,NA,NA,NA,NA,NA,NA,NA,NA,NA,NA,NA,NA,NA,NA,NA,NA,NA,NA,NA,NA,NA,High,High,High,NA,NA,NA,NA,NA,63.426214,76.491089,271.125149,0.233597,08:00:00,-0.95723,0.234772,0.169092,19.221251,55.906099,-18.35863,0.310808,133.40046,-0.653063,43.676366,0.653063,-0.690584,-0.310808,25.450863,18.107936,0.690584,0.690584,-133.40046,-18.107936,0.310808,-43.676366,-25.450863,-0.310808,-0.690584,0.653063,-0.653063,NA,NA,NA,NA,NA,NA,NA,NA,NA,NA,NA,NA
NA,NA,NA,NA,NA,NA,NA,NA,NA,NA,NA,NA,NA,NA,NA,NA,114,2025-10-09,16:22:46,3,1,"Yonts, Peyton",1000370211,Right,CAR_EAG,"Benner, Seth",1000370212,Right,CAR_EAG,Undefined,4,Bottom,0,0,0,Fastball,Changeup,BallCalled,Undefined,Undefined,Undefined,0,0,NA,76.01635,2.895919,-3.199283,1207.084149,218.656595,01:15:00,5.76096,2.94147,5.92011,-35.33254,13.83103,9.67146,5.51061,0.77527,68.35838,-3.746676,-1.468559,0.504653,NA,NA,NA,NA,NA,NA,NA,NA,NA,NA,NA,-5.81725,6.70355,-2.68964,50,5.97393,5.7645,-109.90518,4.57656,-7.03049,21.6462,-24.07244,CAR_EAG,CAR_EAG,CarsonNewman,TeamExclusive,Team,20251009-CarsonNewman-Private-1,b84108a0-a54d-11f0-870a-a764b86fb10a,74.68978,NA,NA,7.65798,NA,NA,NA,NA,NA,NA,b9b1564c-54db-4627-8f3f-643d14cd8d51,2025-10-09,20:22:46,2025-10-09T20:22:46Z,2025-10-09T20:22:46Z,NA,v3,CNE,CNE,NA,"Van Ness, Jameson",1000370206,Right,CAR_EAG,645e9410-26ad-427e-bf3d-d2d1525832d2,54.57326,-110.80224,10.8231,5.7636,5.57416,-12.03622,-2.93457,6.05586,-3.51525,NA,NA,NA,NA,NA,NA,NA,NA,NA,NA,NA,NA,NA,NA,NA,NA,NA,NA,NA,NA,NA,NA,NA,NA,NA,NA,NA,NA,NA,NA,NA,NA,NA,NA,NA,NA,NA,NA,NA,NA,NA,NA,NA,NA,NA,NA,NA,NA,NA,NA,High,High,High,NA,NA,NA,NA,NA,239.321875,-0.414918,1207.052498,0.999974,02:00:00,-0.064635,-0.859292,-0.507385,-44.855447,-11.340019,-42.070302,-0.058508,155.252187,-0.906603,-24.702578,0.906603,-0.417908,0.058508,3.692456,-3.354151,0.417908,-0.417908,-155.252187,3.354151,0.058508,24.702578,-3.692456,-0.058508,0.417908,0.906603,-0.906603,NA,NA,NA,NA,NA,NA,NA,NA,NA,NA,NA,NA
NA,NA,NA,NA,NA,NA,NA,NA,NA,NA,NA,NA,NA,NA,NA,NA,115,2025-10-09,16:23:27,3,2,"Yonts, Peyton",1000370211,Right,CAR_EAG,"Benner, Seth",1000370212,Right,CAR_EAG,Undefined,4,Bottom,0,1,0,Fastball,Changeup,InPlay,Undefined,GroundBall,Out,1,0,NA,74.7181,-0.685704,-4.337576,1144.735228,206.074167,12:45:00,5.58115,2.96567,5.96426,-36.98656,13.89048,5.88697,1.86124,-0.57356,67.63783,-7.594946,-3.283825,0.513372,47.93555,-65.904737,14.990951,NA,NA,NA,NA,3.87872,3.87872,10.774054,0.031876,-4.45047,7.87721,-2.62427,50,5.50613,7.99429,-108.09657,-2.30976,-5.18173,21.65126,-23.00254,CAR_EAG,CAR_EAG,CarsonNewman,TeamExclusive,Team,20251009-CarsonNewman-Private-1,d111b9b0-a54d-11f0-870a-a764b86fb10a,73.42128,2.05919,NA,7.08027,NA,NA,NA,2.92077,2.05919,0.48686,b9b1564c-54db-4627-8f3f-643d14cd8d51,2025-10-09,20:23:27,2025-10-09T20:23:27Z,2025-10-09T20:23:27Z,GroundBall,v3,CNE,CNE,NA,"Van Ness, Jameson",1000370206,Right,CAR_EAG,884e8ae6-3dd1-4c52-9ceb-7039e9bc9ea7,54.53565,-109.00126,10.82563,5.58257,-1.34861,-11.50127,-2.96283,8.21081,-2.59087,NA,2.91984,27.90707,NA,NA,NA,NA,NA,NA,NA,2.06134,-64.59941,NA,NA,NA,NA,NA,NA,NA,0.48661,7.47295,NA,NA,NA,NA,NA,NA,NA,NA,NA,NA,NA,NA,NA,NA,NA,NA,NA,NA,NA,NA,NA,NA,NA,NA,NA,NA,NA,NA,NA,High,High,High,Estimated,Estimated,NA,NA,NA,240.465523,-8.288005,1132.7796,0.989556,02:00:00,0.117107,-0.859186,-0.498083,-43.82843,-19.902577,-26.490087,-0.077949,163.115684,-0.953982,-16.83141,0.953982,-0.289557,0.077949,4.671207,-4.47068,0.289557,-0.289557,-163.115684,4.47068,0.077949,16.83141,-4.671207,-0.077949,0.289557,0.953982,-0.953982,NA,NA,NA,NA,NA,NA,NA,NA,NA,NA,NA,NA
NA,NA,NA,NA,NA,NA,NA,NA,NA,NA,NA,NA,NA,NA,NA,NA,116,2025-10-09,16:23:59,4,1,"Yonts, Peyton",1000370211,Right,CAR_EAG,"Soto Diaz, Bradley",1000475324,Right,CAR_EAG,Undefined,4,Bottom,1,0,0,Fastball,Changeup,BallCalled,Undefined,Undefined,Undefined,0,0,NA,74.60086,1.025012,-5.338993,1412.072651,210.794482,01:00:00,5.59164,3.02671,6.04901,-34.92825,15.55576,8.27398,3.63414,-1.24095,67.9145,-5.514972,-3.861119,0.511385,NA,NA,NA,NA,NA,NA,NA,NA,NA,NA,NA,-5.76347,8.21142,-2.61406,50,5.6531,9.78539,-107.85295,1.0052,-6.76538,19.3606,-22.53521,CAR_EAG,CAR_EAG,CarsonNewman,TeamExclusive,Team,20251009-CarsonNewman-Private-1,e3a21340-a54d-11f0-870a-a764b86fb10a,73.70654,NA,NA,6.68635,NA,NA,NA,NA,NA,NA,b9b1564c-54db-4627-8f3f-643d14cd8d51,2025-10-09,20:23:59,2025-10-09T20:23:59Z,2025-10-09T20:23:59Z,NA,v3,CNE,CNE,NA,"Van Ness, Jameson",1000370206,Right,CAR_EAG,39ac9249-8835-4e25-b160-a4119db77dea,54.44946,-108.64873,9.6803,5.59275,1.93147,-11.26761,-3.02199,10.06347,-3.38269,NA,NA,NA,NA,NA,NA,NA,NA,NA,NA,NA,NA,NA,NA,NA,NA,NA,NA,NA,NA,NA,NA,NA,NA,NA,NA,NA,NA,NA,NA,NA,NA,NA,NA,NA,NA,NA,NA,NA,NA,NA,NA,NA,NA,NA,NA,NA,NA,NA,NA,High,High,High,NA,NA,NA,NA,NA,233.191574,-15.550002,1360.386369,0.963397,01:45:00,0.199427,-0.776009,-0.598363,-44.719887,-11.26798,-38.308276,0.155597,149.047981,-0.847153,30.534424,0.847153,-0.508056,-0.155597,10.407568,8.951444,0.508056,0.508056,-149.047981,-8.951444,0.155597,-30.534424,-10.407568,-0.155597,-0.508056,0.847153,-0.847153,NA,NA,NA,NA,NA,NA,NA,NA,NA,NA,NA,NA
NA,NA,NA,NA,NA,NA,NA,NA,NA,NA,NA,NA,NA,NA,NA,NA,117,2025-10-09,16:24:16,4,2,"Yonts, Peyton",1000370211,Right,CAR_EAG,"Soto Diaz, Bradley",1000475324,Right,CAR_EAG,Undefined,4,Bottom,1,1,0,Slider,Changeup,BallCalled,Undefined,Undefined,Undefined,0,0,NA,66.28451,0.394566,-5.778448,1169.91813,31.796841,07:00:00,5.37172,3.1661,5.49658,-70.74941,-3.98402,-4.04591,-0.15308,-2.59482,60.33398,-12.418464,-6.494727,0.588095,NA,NA,NA,NA,NA,NA,NA,NA,NA,NA,NA,-0.02421,-1.48343,-2.65595,50,5.35884,9.80396,-95.5696,-1.32871,-0.02178,18.45168,-33.50879,CAR_EAG,CAR_EAG,CarsonNewman,TeamExclusive,Team,20251009-CarsonNewman-Private-1,ee0fc0c0-a54d-11f0-870a-a764b86fb10a,64.09249,NA,NA,5.95054,NA,NA,NA,NA,NA,NA,b9b1564c-54db-4627-8f3f-643d14cd8d51,2025-10-09,20:24:16,2025-10-09T20:24:16Z,2025-10-09T20:24:16Z,NA,v3,CNE,CNE,NA,"Van Ness, Jameson",1000370206,Right,CAR_EAG,5c01e1a5-9abc-48a8-a25d-f9bb0203835e,55.00499,-96.53107,9.22584,5.38258,0.41737,-16.75439,-3.16684,9.8051,-0.01089,NA,NA,NA,NA,NA,NA,NA,NA,NA,NA,NA,NA,NA,NA,NA,NA,NA,NA,NA,NA,NA,NA,NA,NA,NA,NA,NA,NA,NA,NA,NA,NA,NA,NA,NA,NA,NA,NA,NA,NA,NA,NA,NA,NA,NA,NA,NA,NA,NA,NA,High,High,High,NA,NA,NA,NA,NA,28.464653,81.692609,169.034267,0.144484,07:00:00,-0.971196,0.075676,0.225947,49.437654,63.749432,15.032598,0.338191,139.68435,-0.717564,37.508224,0.717564,-0.608875,-0.338191,25.23472,19.766705,0.608875,0.608875,-139.68435,-19.766705,0.338191,-37.508224,-25.23472,-0.338191,-0.608875,0.717564,-0.717564,NA,NA,NA,NA,NA,NA,NA,NA,NA,NA,NA,NA
NA,NA,NA,NA,NA,NA,NA,NA,NA,NA,NA,NA,NA,NA,NA,NA,118,2025-10-09,16:24:34,4,3,"Yonts, Peyton",1000370211,Right,CAR_EAG,"Soto Diaz, Bradley",1000475324,Right,CAR_EAG,Undefined,4,Bottom,1,2,0,Fastball,Changeup,InPlay,Undefined,LineDrive,Out,1,0,NA,76.14013,-0.681773,-3.575847,1397.125631,226.578442,01:30:00,5.46777,3.06653,5.84034,-37.38793,11.19575,10.13174,1.71718,0.58301,69.65893,-7.610711,-1.762492,0.501668,80.82547,11.541331,7.801263,2079.398866,108.0019,9.45619,20.86853,162.29846,143.81136,12.886059,1.643766,-6.22654,6.39122,-2.78082,50,5.39014,6.53192,-110.36633,-2.40701,-7.65055,20.34554,-24.32118,CAR_EAG,CAR_EAG,CarsonNewman,TeamExclusive,Team,20251009-CarsonNewman-Private-1,f8f22910-a54d-11f0-870a-a764b86fb10a,75.13418,10.60526,NA,6.4812,NA,NA,NA,1.17167,1.7424,-0.55368,b9b1564c-54db-4627-8f3f-643d14cd8d51,2025-10-09,20:24:34,2025-10-09T20:24:34Z,2025-10-09T20:24:34Z,LineDrive,v3,CNE,CNE,NA,"Van Ness, Jameson",1000370206,Right,CAR_EAG,97094f4d-e2ad-4cc2-a4c3-3a353d6a79cf,54.66087,-111.22222,10.17277,5.46988,-1.38387,-12.16059,-3.06238,6.85377,-3.82528,251.683229,1.17167,115.07189,-14.87045,2.41808,-0.45517,0.04549,0.01862,-0.01124,0.00192,1.7424,23.71796,-16.7293,1.32281,-0.35048,0.22655,-0.15045,0.05823,-0.00906,-0.55369,15.76659,5.28607,-0.93923,-0.1392,0.51912,-0.45071,0.18294,-0.02879,NA,NA,NA,NA,NA,NA,NA,NA,NA,NA,NA,NA,NA,NA,NA,NA,NA,NA,NA,NA,NA,NA,High,High,High,High,High,NA,NA,NA,240.681656,-13.423557,1358.956879,0.972681,02:00:00,0.212045,-0.84527,-0.490464,-44.51805,-23.868515,-27.066352,0.009237,160.987115,-0.945405,19.012043,0.945405,-0.325767,-0.009237,0.559763,0.529227,0.325767,0.325767,-160.987115,-0.529227,0.009237,-19.012043,-0.559763,-0.009237,-0.325767,0.945405,-0.945405,NA,NA,NA,NA,NA,NA,NA,NA,NA,NA,NA,NA
NA,NA,NA,NA,NA,NA,NA,NA,NA,NA,NA,NA,NA,NA,NA,NA,119,2025-10-09,16:25:07,5,1,"Yonts, Peyton",1000370211,Right,CAR_EAG,"Cochran, Carson",10085797,Right,CAR_EAG,Undefined,4,Bottom,2,0,0,Slider,Changeup,BallCalled,Undefined,Undefined,Undefined,0,0,NA,65.2671,1.497757,-5.266151,1125.942283,85.952344,08:45:00,5.29711,3.00282,5.3674,-66.35338,1.9552,-5.79642,1.17837,-2.43218,59.76076,-10.540171,-6.288917,0.594852,NA,NA,NA,NA,NA,NA,NA,NA,NA,NA,NA,1.22331,1.25827,-2.52465,50,5.38559,8.87677,-94.20697,0.60552,1.08474,16.08716,-31.05831,CAR_EAG,CAR_EAG,CarsonNewman,TeamExclusive,Team,20251009-CarsonNewman-Private-1,0c25c780-a54e-11f0-870a-a764b86fb10a,63.36439,NA,NA,5.50635,NA,NA,NA,NA,NA,NA,b9b1564c-54db-4627-8f3f-643d14cd8d51,2025-10-09,20:25:07,2025-10-09T20:25:07Z,2025-10-09T20:25:07Z,NA,v3,CNE,CNE,NA,"Van Ness, Jameson",1000370206,Right,CAR_EAG,566607b7-1a1e-4d5f-8b0e-69325ac474b7,55.13258,-95.07939,8.04358,5.30708,2.28984,-15.52915,-3.00445,8.81795,0.54237,NA,NA,NA,NA,NA,NA,NA,NA,NA,NA,NA,NA,NA,NA,NA,NA,NA,NA,NA,NA,NA,NA,NA,NA,NA,NA,NA,NA,NA,NA,NA,NA,NA,NA,NA,NA,NA,NA,NA,NA,NA,NA,NA,NA,NA,NA,NA,NA,NA,NA,High,High,High,NA,NA,NA,NA,NA,56.716645,69.078988,402.052115,0.357081,08:00:00,-0.904058,0.32282,0.280118,76.685371,58.078277,22.032876,0.301025,139.691459,-0.727201,38.089936,0.727201,-0.616898,-0.301025,22.487126,17.519182,0.616898,0.616898,-139.691459,-17.519182,0.301025,-38.089936,-22.487126,-0.301025,-0.616898,0.727201,-0.727201,NA,NA,NA,NA,NA,NA,NA,NA,NA,NA,NA,NA
NA,NA,NA,NA,NA,NA,NA,NA,NA,NA,NA,NA,NA,NA,NA,NA,120,2025-10-09,16:25:27,5,2,"Yonts, Peyton",1000370211,Right,CAR_EAG,"Cochran, Carson",10085797,Right,CAR_EAG,Undefined,4,Bottom,2,1,0,Fastball,Changeup,BallCalled,Undefined,Undefined,Undefined,0,0,NA,76.22165,-1.216634,-5.684893,1316.168731,233.023223,01:45:00,5.47461,3.02802,5.90203,-37.5386,11.07036,12.55292,1.21116,-1.2209,69.78328,-8.158901,-3.446077,0.501799,NA,NA,NA,NA,NA,NA,NA,NA,NA,NA,NA,-8.01607,6.51733,-2.5764,50,5.3549,10.50771,-110.15184000000001,-3.44131,-9.82787,19.95492,-24.18369,CAR_EAG,CAR_EAG,CarsonNewman,TeamExclusive,Team,20251009-CarsonNewman-Private-1,1842f9c0-a54e-11f0-870a-a764b86fb10a,75.11465,NA,NA,6.43837,NA,NA,NA,NA,NA,NA,b9b1564c-54db-4627-8f3f-643d14cd8d51,2025-10-09,20:25:27,2025-10-09T20:25:27Z,2025-10-09T20:25:27Z,NA,v3,CNE,CNE,NA,"Van Ness, Jameson",1000370206,Right,CAR_EAG,30d046ec-e2be-4ace-9ab5-1cda4b86cfb0,54.59832,-110.98174,9.97746,5.4771,-2.43554,-12.09184,-3.0219,10.91643,-4.91393,NA,NA,NA,NA,NA,NA,NA,NA,NA,NA,NA,NA,NA,NA,NA,NA,NA,NA,NA,NA,NA,NA,NA,NA,NA,NA,NA,NA,NA,NA,NA,NA,NA,NA,NA,NA,NA,NA,NA,NA,NA,NA,NA,NA,NA,NA,NA,NA,NA,NA,High,High,High,NA,NA,NA,NA,NA,243.154109,-7.208155,1305.766857,0.992097,02:00:00,0.099151,-0.882309,-0.460108,-52.656282,-17.296087,-17.956192,-0.054264,167.666415,-0.975481,-12.315128,0.975481,-0.213288,0.054264,3.183977,-3.110638,0.213288,-0.213288,-167.666415,3.110638,0.054264,12.315128,-3.183977,-0.054264,0.213288,0.975481,-0.975481,NA,NA,NA,NA,NA,NA,NA,NA,NA,NA,NA,NA
NA,NA,NA,NA,NA,NA,NA,NA,NA,NA,NA,NA,NA,NA,NA,NA,121,2025-10-09,16:25:47,5,3,"Yonts, Peyton",1000370211,Right,CAR_EAG,"Cochran, Carson",10085797,Right,CAR_EAG,Undefined,4,Bottom,2,2,0,Fastball,Changeup,StrikeCalled,Undefined,Undefined,Undefined,0,0,NA,74.08384,0.676723,-3.89816,1405.185358,215.017217,01:15:00,5.62442,2.9607,5.8621,-38.69506,12.66351,7.6813,3.03004,-0.0264,67.58351,-6.519738,-2.525255,0.515796,NA,NA,NA,NA,NA,NA,NA,NA,NA,NA,NA,-5.02551,6.80138,-2.64837,50,5.65712,7.0352,-107.30531,0.17927,-5.83727,19.22649,-24.27407,CAR_EAG,CAR_EAG,CarsonNewman,TeamExclusive,Team,20251009-CarsonNewman-Private-1,243cc580-a54e-11f0-870a-a764b86fb10a,73.07629,NA,NA,6.50033,NA,NA,NA,NA,NA,NA,b9b1564c-54db-4627-8f3f-643d14cd8d51,2025-10-09,20:25:47,2025-10-09T20:25:47Z,2025-10-09T20:25:47Z,NA,v3,CNE,CNE,NA,"Van Ness, Jameson",1000370206,Right,CAR_EAG,c5befd3d-c9f4-4a5c-aa74-d2ff8e0eaf71,54.63669,-108.1329,9.61325,5.62691,1.22413,-12.13703,-2.9566,7.28646,-2.91864,NA,NA,NA,NA,NA,NA,NA,NA,NA,NA,NA,NA,NA,NA,NA,NA,NA,NA,NA,NA,NA,NA,NA,NA,NA,NA,NA,NA,NA,NA,NA,NA,NA,NA,NA,NA,NA,NA,NA,NA,NA,NA,NA,NA,NA,NA,NA,NA,NA,NA,High,High,High,NA,NA,NA,NA,NA,240.378069,-16.182668,1349.509155,0.960378,02:00:00,0.235928,-0.838096,-0.491868,-43.039435,-17.052103,-33.62415,0.038692,150.812836,-0.872378,29.163201,0.872378,-0.487299,-0.038692,2.539516,2.217423,0.487299,0.487299,-150.812836,-2.217423,0.038692,-29.163201,-2.539516,-0.038692,-0.487299,0.872378,-0.872378,NA,NA,NA,NA,NA,NA,NA,NA,NA,NA,NA,NA
NA,NA,NA,NA,NA,NA,NA,NA,NA,NA,NA,NA,NA,NA,NA,NA,122,2025-10-09,16:26:06,5,4,"Yonts, Peyton",1000370211,Right,CAR_EAG,"Cochran, Carson",10085797,Right,CAR_EAG,Undefined,4,Bottom,2,2,1,Curveball,Changeup,BallCalled,Undefined,Undefined,Undefined,0,0,NA,69.34826,0.630546,-5.889507,1303.096428,249.430839,02:15:00,5.48651,2.86059,5.89948,-51.42857,7.673,14.9243,1.78933,-1.38289,63.19409,-8.861922,-3.229454,0.553313,NA,NA,NA,NA,NA,NA,NA,NA,NA,NA,NA,-9.37469,4.38217,-2.39341,50,5.50841,9.82929,-100.14584,-0.28701,-9.4387,17.47117,-27.76194,CAR_EAG,CAR_EAG,CarsonNewman,TeamExclusive,Team,20251009-CarsonNewman-Private-1,2f7934b0-a54e-11f0-870a-a764b86fb10a,68.12137,NA,NA,6.15417,NA,NA,NA,NA,NA,NA,b9b1564c-54db-4627-8f3f-643d14cd8d51,2025-10-09,20:26:06,2025-10-09T20:26:06Z,2025-10-09T20:26:06Z,NA,v3,CNE,CNE,NA,"Van Ness, Jameson",1000370206,Right,CAR_EAG,8e8a5a8e-9860-4978-a71f-697c2f095ee8,54.60056,-100.94525,8.73559,5.49248,0.98326,-13.88097,-2.85304,10.26117,-4.71935,NA,NA,NA,NA,NA,NA,NA,NA,NA,NA,NA,NA,NA,NA,NA,NA,NA,NA,NA,NA,NA,NA,NA,NA,NA,NA,NA,NA,NA,NA,NA,NA,NA,NA,NA,NA,NA,NA,NA,NA,NA,NA,NA,NA,NA,NA,NA,NA,NA,NA,High,High,High,NA,NA,NA,NA,NA,262.488487,-24.931388,1181.665078,0.906813,02:45:00,0.397277,-0.903616,-0.160154,-76.504383,-36.423761,85.066632,0.485387,115.073679,-0.370514,52.364233,0.370514,-0.791909,-0.485387,52.644182,29.037824,0.791909,0.791909,-115.073679,-29.037824,0.485387,-52.364233,-52.644182,-0.485387,-0.791909,0.370514,-0.370514,NA,NA,NA,NA,NA,NA,NA,NA,NA,NA,NA,NA
NA,NA,NA,NA,NA,NA,NA,NA,NA,NA,NA,NA,NA,NA,NA,NA,123,2025-10-09,16:26:25,5,5,"Yonts, Peyton",1000370211,Right,CAR_EAG,"Cochran, Carson",10085797,Right,CAR_EAG,Undefined,4,Bottom,2,3,1,Fastball,Changeup,BallCalled,Walk,Undefined,Undefined,0,0,NA,73.88894,1.602569,-4.579891,1207.863635,217.646951,01:15:00,5.60159,3.05016,5.93583,-36.06738,15.74564,10.77166,4.08794,-0.31035,66.91749,-5.159616,-2.655879,0.518073,NA,NA,NA,NA,NA,NA,NA,NA,NA,NA,NA,-6.86544,8.10445,-2.68971,50,5.70979,8.17577,-106.862,2.02804,-7.87461,19.80476,-22.8783,CAR_EAG,CAR_EAG,CarsonNewman,TeamExclusive,Team,20251009-CarsonNewman-Private-1,3accfc70-a54e-11f0-870a-a764b86fb10a,72.75511,NA,NA,6.97145,NA,NA,NA,NA,NA,NA,b9b1564c-54db-4627-8f3f-643d14cd8d51,2025-10-09,20:26:25,2025-10-09T20:26:25Z,2025-10-09T20:26:25Z,NA,v3,CNE,CNE,NA,"Van Ness, Jameson",1000370206,Right,CAR_EAG,b6e4c358-6794-4774-9f9d-b68d840ed0d9,54.56257,-107.70426,9.90238,5.60285,3.00102,-11.43915,-3.04453,8.51067,-3.93731,NA,NA,NA,NA,NA,NA,NA,NA,NA,NA,NA,NA,NA,NA,NA,NA,NA,NA,NA,NA,NA,NA,NA,NA,NA,NA,NA,NA,NA,NA,NA,NA,NA,NA,NA,NA,NA,NA,NA,NA,NA,NA,NA,NA,NA,NA,NA,NA,NA,NA,High,High,High,NA,NA,NA,NA,NA,239.943099,-2.023566,1207.110396,0.999376,02:00:00,-0.028898,-0.865638,-0.499836,-47.887647,-12.906507,-37.69192,-0.025893,157.555421,-0.923939,-22.436644,0.923939,-0.381662,0.025893,1.605293,-1.483747,0.381662,-0.381662,-157.555421,1.483747,0.025893,22.436644,-1.605293,-0.025893,0.381662,0.923939,-0.923939,NA,NA,NA,NA,NA,NA,NA,NA,NA,NA,NA,NA
NA,NA,NA,NA,NA,NA,NA,NA,NA,NA,NA,NA,NA,NA,NA,NA,124,2025-10-09,16:26:55,6,1,"Yonts, Peyton",1000370211,Right,CAR_EAG,"Carruthers, Wade",1000300075,Right,CAR_EAG,Undefined,4,Bottom,2,0,0,Curveball,Changeup,BallCalled,Undefined,Undefined,Undefined,0,0,NA,68.19058,2.137357,-4.696154,1262.295078,105.498203,09:30:00,5.40379,3.0685,5.75679,-58.60854,3.3898,-3.9991,2.51702,-1.64619,61.66179,-8.659282,-5.407338,0.566711,NA,NA,NA,NA,NA,NA,NA,NA,NA,NA,NA,0.42787,1.78299,-2.67573,50,5.54717,8.22461,-98.44366,2.05621,0.41162,18.49691,-30.45878,CAR_EAG,CAR_EAG,CarsonNewman,TeamExclusive,Team,20251009-CarsonNewman-Private-1,4cd36580-a54e-11f0-870a-a764b86fb10a,66.51091,NA,NA,6.52879,NA,NA,NA,NA,NA,NA,b9b1564c-54db-4627-8f3f-643d14cd8d51,2025-10-09,20:26:55,2025-10-09T20:26:55Z,2025-10-09T20:26:55Z,NA,v3,CNE,CNE,NA,"Van Ness, Jameson",1000370206,Right,CAR_EAG,8032e73c-e1ef-4897-9a7e-4df1f775a477,54.74026,-99.33033,9.24845,5.41361,3.51629,-15.22939,-3.06951,8.20488,0.20581,NA,NA,NA,NA,NA,NA,NA,NA,NA,NA,NA,NA,NA,NA,NA,NA,NA,NA,NA,NA,NA,NA,NA,NA,NA,NA,NA,NA,NA,NA,NA,NA,NA,NA,NA,NA,NA,NA,NA,NA,NA,NA,NA,NA,NA,NA,NA,NA,NA,NA,High,High,High,NA,NA,NA,NA,NA,95.50509,84.890729,112.414277,0.089055,09:15:00,-0.989397,0.12573,0.072704,14.983406,52.619297,-17.411101,0.360494,135.486303,-0.665136,40.839349,0.665136,-0.65394,-0.360494,28.457007,21.130514,0.65394,0.65394,-135.486303,-21.130514,0.360494,-40.839349,-28.457007,-0.360494,-0.65394,0.665136,-0.665136,NA,NA,NA,NA,NA,NA,NA,NA,NA,NA,NA,NA
NA,NA,NA,NA,NA,NA,NA,NA,NA,NA,NA,NA,NA,NA,NA,NA,125,2025-10-09,16:27:11,6,2,"Yonts, Peyton",1000370211,Right,CAR_EAG,"Carruthers, Wade",1000300075,Right,CAR_EAG,Undefined,4,Bottom,2,1,0,Fastball,Changeup,BallCalled,Undefined,Undefined,Undefined,0,0,NA,74.29853,0.205071,-2.128883,1351.411902,227.250894,01:30:00,5.52078,2.83969,5.59544,-38.34349,13.41327,12.53953,2.5171,1.89598,67.41436,-6.918364,0.10863,0.517792,NA,NA,NA,NA,NA,NA,NA,NA,NA,NA,NA,-6.9452,7.2754,-2.66511,50,5.51392,3.53014,-107.67642,-0.74039,-8.0677,20.54165,-23.72275,CAR_EAG,CAR_EAG,CarsonNewman,TeamExclusive,Team,20251009-CarsonNewman-Private-1,563ff6b0-a54e-11f0-870a-a764b86fb10a,72.79461,NA,NA,6.88417,NA,NA,NA,NA,NA,NA,b9b1564c-54db-4627-8f3f-643d14cd8d51,2025-10-09,20:27:11,2025-10-09T20:27:11Z,2025-10-09T20:27:11Z,NA,v3,CNE,CNE,NA,"Van Ness, Jameson",1000370206,Right,CAR_EAG,36afbc9d-9c64-4d71-b719-cc8b6777e2b3,54.90234,-108.60762,10.27083,5.52311,0.33502,-11.86138,-2.83343,3.89587,-4.03385,NA,NA,NA,NA,NA,NA,NA,NA,NA,NA,NA,NA,NA,NA,NA,NA,NA,NA,NA,NA,NA,NA,NA,NA,NA,NA,NA,NA,68.88618,1.737806,0.783411,0.954395,-1.91402,2.0981900000000002,-1.90636,-2.98699,6.08716,2.28483,64.37884,3.39299,60.40895,-2.94955,76.8312,-6.62543,6.10146,9.51388,-12.95854,2.30109,64.01505,-3.29743,High,High,High,NA,NA,High,High,High,241.254795,-11.759153,1323.049721,0.979013,02:00:00,0.183096,-0.85909,-0.477954,-53.559521,-8.01529,-25.411442,0.026426,152.449616,-0.886295,27.539946,0.886295,-0.462367,-0.026426,1.70783,1.514266,0.462367,0.462367,-152.449616,-1.514266,0.026426,-27.539946,-1.70783,-0.026426,-0.462367,0.886295,-0.886295,NA,NA,NA,NA,NA,NA,NA,NA,NA,NA,NA,NA
NA,NA,NA,NA,NA,NA,NA,NA,NA,NA,NA,NA,NA,NA,NA,NA,126,2025-10-09,16:27:33,6,3,"Yonts, Peyton",1000370211,Right,CAR_EAG,"Carruthers, Wade",1000300075,Right,CAR_EAG,Undefined,4,Bottom,2,2,0,Fastball,Changeup,StrikeCalled,Undefined,Undefined,Undefined,0,0,NA,75.11305,-0.944063,-4.572928,1644.43589,216.497018,01:15:00,5.59327,2.87452,5.80684,-34.5273,15.77328,10.38119,1.83511,-0.52235,68.40323,-7.374924,-2.720661,0.510455,NA,NA,NA,NA,NA,NA,NA,NA,NA,NA,NA,-6.60992,8.85032,-2.5044,50,5.49519,8.30662,-108.64816,-2.76686,-7.8492,20.20075,-21.66441,CAR_EAG,CAR_EAG,CarsonNewman,TeamExclusive,Team,20251009-CarsonNewman-Private-1,63540c10-a54e-11f0-870a-a764b86fb10a,73.8408,NA,NA,6.70982,NA,NA,NA,NA,NA,NA,b9b1564c-54db-4627-8f3f-643d14cd8d51,2025-10-09,20:27:33,2025-10-09T20:27:33Z,2025-10-09T20:27:33Z,NA,v3,CNE,CNE,NA,"Van Ness, Jameson",1000370206,Right,CAR_EAG,5ebf967b-59c0-4b49-acee-b8e7c1d5ee25,54.69124,-109.51692,10.10037,5.59415,-1.83516,-10.8322,-2.86889,8.64418,-3.9246,NA,NA,NA,NA,NA,NA,NA,NA,NA,NA,NA,NA,NA,NA,NA,NA,NA,NA,NA,NA,NA,NA,NA,NA,NA,NA,NA,NA,NA,NA,NA,NA,NA,NA,NA,NA,NA,NA,NA,NA,NA,NA,NA,NA,NA,NA,NA,NA,NA,NA,High,High,High,NA,NA,NA,NA,NA,234.037016,-17.448093,1568.773723,0.953989,01:45:00,0.266861,-0.76711,-0.583375,-47.806237,-16.212918,-32.518136,0.208689,152.655297,-0.868702,26.694226,0.868702,-0.449229,-0.208689,13.508233,12.045524,0.449229,0.449229,-152.655297,-12.045524,0.208689,-26.694226,-13.508233,-0.208689,-0.449229,0.868702,-0.868702,NA,NA,NA,NA,NA,NA,NA,NA,NA,NA,NA,NA
NA,NA,NA,NA,NA,NA,NA,NA,NA,NA,NA,NA,NA,NA,NA,NA,127,2025-10-09,16:27:50,6,4,"Yonts, Peyton",1000370211,Right,CAR_EAG,"Carruthers, Wade",1000300075,Right,CAR_EAG,Undefined,4,Bottom,2,2,1,Fastball,Changeup,BallCalled,Undefined,Undefined,Undefined,0,0,NA,75.44964,-0.419462,-5.665748,1395.042845,226.088788,01:30:00,5.5653,2.75222,5.90729,-35.79868,13.92678,12.69902,2.19078,-1.46606,68.72379,-7.083049,-3.402308,0.507529,NA,NA,NA,NA,NA,NA,NA,NA,NA,NA,NA,-8.10745,7.76878,-2.30264,50,5.51116,10.3507,-109.01161,-1.80873,-9.70802,20.04201,-22.87153,CAR_EAG,CAR_EAG,CarsonNewman,TeamExclusive,Team,20251009-CarsonNewman-Private-1,6d5e63e0-a54e-11f0-870a-a764b86fb10a,74.26659,NA,NA,6.72585,NA,NA,NA,NA,NA,NA,b9b1564c-54db-4627-8f3f-643d14cd8d51,2025-10-09,20:27:50,2025-10-09T20:27:50Z,2025-10-09T20:27:50Z,NA,v3,CNE,CNE,NA,"Van Ness, Jameson",1000370206,Right,CAR_EAG,f4639688-1897-4e52-9d7b-1cd1f9fd7cd5,54.59171,-109.85256,10.021,5.56693,-0.84906,-11.43576,-2.7455,10.75804,-4.85401,NA,NA,NA,NA,NA,NA,NA,NA,NA,NA,NA,NA,NA,NA,NA,NA,NA,NA,NA,NA,NA,NA,NA,NA,NA,NA,NA,NA,NA,NA,NA,NA,NA,NA,NA,NA,NA,NA,NA,NA,NA,NA,NA,NA,NA,NA,NA,NA,NA,NA,High,High,High,NA,NA,NA,NA,NA,232.001423,-1.443995,1394.599827,0.999682,01:45:00,-0.029945,-0.78757,-0.615497,-47.540709,-20.950645,-31.502196,0.061886,171.91629,-0.988166,8.068112,0.988166,-0.14035,-0.061886,3.583617,3.548101,0.14035,0.14035,-171.91629,-3.548101,0.061886,-8.068112,-3.583617,-0.061886,-0.14035,0.988166,-0.988166,NA,NA,NA,NA,NA,NA,NA,NA,NA,NA,NA,NA
NA,NA,NA,NA,NA,NA,NA,NA,NA,NA,NA,NA,NA,NA,NA,NA,128,2025-10-09,16:28:09,6,5,"Yonts, Peyton",1000370211,Right,CAR_EAG,"Carruthers, Wade",1000300075,Right,CAR_EAG,Undefined,4,Bottom,2,3,1,Fastball,Changeup,FoulBallNotFieldable,Undefined,Undefined,Undefined,0,0,NA,76.03663,0.528934,-3.927893,1308.725745,215.923062,01:15:00,5.5706,3.11579,5.72076,-31.83364,18.05273,11.67611,3.41168,0.42414,68.01658,-5.480052,-1.846708,0.508349,67.66404,48.947304,41.535883,5089.582892,73.75953,79.82943,81.60557,208.28971,85.45189,51.464298,4.554039,-7.27335,9.52953,-2.79432,50,5.59577,7.10722,-109.91241,0.13579,-8.69804,23.55278,-20.77791,CAR_EAG,CAR_EAG,CarsonNewman,TeamExclusive,Team,20251009-CarsonNewman-Private-1,78aed040-a54e-11f0-870a-a764b86fb10a,74.14672,79.85606,NA,8.02005,NA,NA,NA,1.3725,3.60363,-0.27523,b9b1564c-54db-4627-8f3f-643d14cd8d51,2025-10-09,20:28:09,2025-10-09T20:28:09Z,2025-10-09T20:28:09Z,Popup,v3,CNE,CNE,NA,"Van Ness, Jameson",1000370206,Right,CAR_EAG,1e9bbe25-95c5-4543-84b5-3de5eab9dfd7,54.77665,-110.93127,11.77639,5.57046,1.03461,-10.38896,-3.10991,7.48348,-4.34902,210.373544,1.37912,48.62386,-10.18957,1.35446,0.77574,-0.56019,0.15698,-0.02075,0.00106,3.60144,74.87833,-21.15718,1.88629,-0.27902,-0.05408,0.04515,-0.00937,6.5e-4,-0.27494,43.20808,-2.68745,0.20471,0.14509,-0.09925,0.0302,-0.00454,2.7e-4,NA,NA,NA,NA,NA,NA,NA,NA,NA,NA,NA,NA,NA,NA,NA,NA,NA,NA,NA,NA,NA,NA,High,High,High,High,Low,NA,NA,NA,243.837059,-8.499486,1294.352259,0.989017,02:15:00,0.1094,-0.889013,-0.444621,-49.012358,-14.858512,-24.057238,-0.089714,160.479703,-0.938723,-19.438411,0.938723,-0.332793,0.089714,5.459166,-5.147127,0.332793,-0.332793,-160.479703,5.147127,0.089714,19.438411,-5.459166,-0.089714,0.332793,0.938723,-0.938723,NA,NA,NA,NA,NA,NA,NA,NA,NA,NA,NA,NA
NA,NA,NA,NA,NA,NA,NA,NA,NA,NA,NA,NA,NA,NA,NA,NA,129,2025-10-09,16:28:43,6,6,"Yonts, Peyton",1000370211,Right,CAR_EAG,"Carruthers, Wade",1000300075,Right,CAR_EAG,Undefined,4,Bottom,2,3,2,Fastball,Changeup,FoulBallNotFieldable,Undefined,Undefined,Undefined,0,0,NA,75.10373,1.956639,-3.588904,1324.094226,234.093407,01:45:00,5.46718,3.0183,5.81087,-39.44333,11.28674,12.99701,4.00409,0.75952,67.44714,-5.419645,-1.267284,0.51263,45.768,-4.815467,130.100279,NA,NA,NA,NA,18.78684,16.60846,128.948459,0.302291,-7.79741,5.64091,-2.73142,50,5.60488,6.33637,-108.63589,2.58671,-9.1519,22.20246,-25.55323,CAR_EAG,CAR_EAG,CarsonNewman,TeamExclusive,Team,20251009-CarsonNewman-Private-1,8d4ad850-a54e-11f0-870a-a764b86fb10a,73.52755,3.78371,NA,7.65658,NA,NA,NA,0.89212,3.78371,-0.85178,b9b1564c-54db-4627-8f3f-643d14cd8d51,2025-10-09,20:28:43,2025-10-09T20:28:43Z,2025-10-09T20:28:43Z,GroundBall,v3,CNE,CNE,NA,"Van Ness, Jameson",1000370206,Right,CAR_EAG,c4eb966d-9eee-4078-835d-e3e50ebb6c38,54.68792,-109.5898,11.10123,5.47016,3.68458,-12.77662,-3.0121000000000002,6.72957,-4.57595,29.861157,0.89344,-43.14228,3.6873,NA,NA,NA,NA,NA,NA,3.78415,-5.65453,-22.7103,NA,NA,NA,NA,NA,NA,-0.85334,51.23269,-0.23547,NA,NA,NA,NA,NA,NA,NA,NA,NA,NA,NA,NA,NA,NA,NA,NA,NA,NA,NA,NA,NA,NA,NA,NA,NA,NA,NA,NA,High,High,High,Low,Medium,NA,NA,NA,245.157815,-7.978028,1311.278802,0.990321,02:15:00,0.081773,-0.9029,-0.422,-54.561884,-14.215397,-22.943071,-0.045525,161.909858,-0.949584,-18.070737,0.949584,-0.310191,0.045525,2.744799,-2.609313,0.310191,-0.310191,-161.909858,2.609313,0.045525,18.070737,-2.744799,-0.045525,0.310191,0.949584,-0.949584,NA,NA,NA,NA,NA,NA,NA,NA,NA,NA,NA,NA
NA,NA,NA,NA,NA,NA,NA,NA,NA,NA,NA,NA,NA,NA,NA,NA,130,2025-10-09,16:29:07,6,7,"Yonts, Peyton",1000370211,Right,CAR_EAG,"Carruthers, Wade",1000300075,Right,CAR_EAG,Undefined,4,Bottom,2,3,2,Fastball,Changeup,InPlay,Undefined,FlyBall,Out,1,1,NA,75.8127,0.397569,-4.373598,1308.313881,224.733342,01:30:00,5.52585,2.84209,5.83105,-36.24352,13.86268,11.77985,2.87622,-0.24986,67.79726,-6.407909,-2.270684,0.509468,87.3977,37.08285,15.158974,NA,103.10745,73.44571,38.32518,322.70859,292.84439,27.353089,4.985888,-7.54052,7.48374,-2.49131,50,5.53745,7.94306,-109.54448,-0.25981,-8.93795,23.77373,-23.30338,CAR_EAG,CAR_EAG,CarsonNewman,TeamExclusive,Team,20251009-CarsonNewman-Private-1,9b6e13c0-a54e-11f0-870a-a764b86fb10a,73.98385,89.86788,NA,8.01544,NA,NA,NA,1.51532,3.24551,0.39178,b9b1564c-54db-4627-8f3f-643d14cd8d51,2025-10-09,20:29:07,2025-10-09T20:29:07Z,2025-10-09T20:29:07Z,FlyBall,v3,CNE,CNE,NA,"Van Ness, Jameson",1000370206,Right,CAR_EAG,51165ad5-754c-4796-8033-b917d9bbf91b,54.66683,-110.55265,11.88686,5.52752,0.72841,-11.65169,-2.83618,8.32209,-4.46897,212.121109,1.51921,98.61792,-21.65489,5.48276,-0.86957,0.03878,0.01351,-0.00237,1.1e-4,3.24396,77.31563,-19.02321,0.69237,0.18882,-0.13097,0.03912,-0.0057,3.1e-4,0.39128,26.75334,3.00214,-1.24766,0.29907,-0.03875,5.9e-4,4.3e-4,-3e-5,NA,NA,NA,NA,NA,NA,NA,NA,NA,NA,NA,NA,NA,NA,NA,NA,NA,NA,NA,NA,NA,NA,High,High,High,High,Medium,NA,NA,NA,240.301221,-12.526334,1277.171336,0.976196,02:00:00,0.173502,-0.84945,-0.498329,-46.694129,-16.498614,-22.559734,-0.04479,161.04813,-0.944843,-18.932126,0.944843,-0.324448,0.04479,2.714043,-2.567122,0.324448,-0.324448,-161.04813,2.567122,0.04479,18.932126,-2.714043,-0.04479,0.324448,0.944843,-0.944843,NA,NA,NA,NA,NA,NA,NA,NA,NA,NA,NA,NA
NA,NA,NA,NA,NA,NA,NA,NA,NA,NA,NA,NA,NA,NA,NA,NA,131,2025-10-09,16:31:45,1,1,"Wayne, Mikey",1000283132,Right,CAR_EAG,"Hornbuckle, Kylan",1000106804,Right,CAR_EAG,Undefined,5,Top,0,0,0,Fastball,Changeup,BallCalled,Undefined,Undefined,Undefined,0,0,NA,75.20635,3.067488,-3.918353,1539.668825,223.522425,01:30:00,5.41724,1.87644,5.89741,-37.15467,13.72552,11.16528,5.1784,-0.83675,66.92455,-3.935574,-1.923782,0.513388,NA,NA,NA,NA,NA,NA,NA,NA,NA,NA,NA,-6.98528,6.51532,-1.56659,50,5.64423,7.01314,-108.5478,4.80169,-8.1384,23.16152,-24.58318,CAR_EAG,CAR_EAG,CarsonNewman,TeamExclusive,Team,20251009-CarsonNewman-Private-1,f952ca30-a54e-11f0-870a-a764b86fb10a,73.419,NA,NA,8.2818,NA,NA,NA,NA,NA,NA,b9b1564c-54db-4627-8f3f-643d14cd8d51,2025-10-09,20:31:45,2025-10-09T20:31:45Z,2025-10-09T20:31:45Z,NA,v3,CNE,CNE,NA,"Cochran, Carson",10085797,Right,CAR_EAG,abfb5467-539d-44fb-93eb-d1bc58cb8e51,54.5975,-109.5244,11.58076,5.41991,5.83824,-12.29159,-1.86953,7.35629,-4.0692,NA,NA,NA,NA,NA,NA,NA,NA,NA,NA,NA,NA,NA,NA,NA,NA,NA,NA,NA,NA,NA,NA,NA,NA,NA,NA,NA,NA,73.29613,2.007467,1.099264,0.908203,-1.95293,4.93126,0.94623,-0.22378,6.12846,-0.67583,68.44803,5.2917,-56.34557,-0.20025,81.09731,-6.12683,6.14401,11.3685,-13.59275,-0.71366,-68.54406,8.12071,High,High,High,NA,NA,High,High,High,232.524226,25.587175,1388.672301,0.901929,01:45:00,-0.50597,-0.691644,-0.515386,80.36481,58.140279,56.713369,0.977589,176.073693,-0.210029,0.825962,0.210029,-0.014415,-0.977589,77.874642,77.846963,0.014415,0.014415,-176.073693,-77.846963,0.977589,-0.825962,-77.874642,-0.977589,-0.014415,0.210029,-0.210029,NA,NA,NA,NA,NA,NA,NA,NA,NA,NA,NA,NA
NA,NA,NA,NA,NA,NA,NA,NA,NA,NA,NA,NA,NA,NA,NA,NA,132,2025-10-09,16:32:11,1,2,"Wayne, Mikey",1000283132,Right,CAR_EAG,"Hornbuckle, Kylan",1000106804,Right,CAR_EAG,Undefined,5,Top,0,1,0,Fastball,Changeup,InPlay,Undefined,FlyBall,Out,1,0,NA,75.88942,0.96432,-2.86477,1593.592232,248.621588,02:15:00,5.43951,2.06145,5.76582,-41.78691,7.48182,14.76186,2.856,0.62304,68.89095,-6.783097,-0.22414,0.505193,71.12307,51.45554,-15.246881,NA,107.10738,94.5364,-25.06011,206.98394,204.84904,-11.907535,5.000837,-8.42642,3.99146,-1.8333,50,5.49418,4.96636,-110.01212,0.60296,-10.21999,21.40007,-27.33299,CAR_EAG,CAR_EAG,CarsonNewman,TeamExclusive,Team,20251009-CarsonNewman-Private-1,0920f680-a54f-11f0-870a-a764b86fb10a,74.61002,94.5896,NA,6.99847,NA,NA,NA,1.68236,3.12055,-0.57791,b9b1564c-54db-4627-8f3f-643d14cd8d51,2025-10-09,20:32:11,2025-10-09T20:32:11Z,2025-10-09T20:32:11Z,Popup,v3,CNE,CNE,NA,"Cochran, Carson",10085797,Right,CAR_EAG,faec375a-8444-4f15-8a9a-b3a5ae64597e,54.73564,-110.9295,10.70004,5.44322,1.77467,-13.6665,-2.05559,5.40447,-5.10999,185.43836,1.68536,62.63231,-13.76171,3.64127,-0.21953,-0.2379,0.09466,-0.01477,8.5e-4,3.10603,81.88366,-22.35833,3.55025,-1.66784,0.61385,-0.12573,0.01224,-4.2e-4,-0.57952,-17.0533,4.93977,-1.14557,-0.03122,0.1298,-0.04415,0.0065,-3.6e-4,NA,NA,NA,NA,NA,NA,NA,NA,NA,NA,NA,NA,NA,NA,NA,NA,NA,NA,NA,NA,NA,NA,High,High,High,High,Medium,NA,NA,NA,234.464082,17.760436,1517.642029,0.95234,01:45:00,-0.345304,-0.769725,-0.536926,-88.578097,-37.713961,80.391874,0.974441,161.953167,-0.213594,3.990663,0.213594,-0.069594,-0.974441,77.636508,77.017962,0.069594,0.069594,-161.953167,-77.017962,0.974441,-3.990663,-77.636508,-0.974441,-0.069594,0.213594,-0.213594,NA,NA,NA,NA,NA,NA,NA,NA,NA,NA,NA,NA
NA,NA,NA,NA,NA,NA,NA,NA,NA,NA,NA,NA,NA,NA,NA,NA,133,2025-10-09,16:32:53,2,1,"Wayne, Mikey",1000283132,Right,CAR_EAG,"Bolton, Ryan",1000215919,Right,CAR_EAG,Undefined,5,Top,1,0,0,Slider,Curveball,StrikeCalled,Undefined,Undefined,Undefined,0,0,NA,67.48877,3.347262,-2.540721,1693.057492,104.986905,09:30:00,5.26602,2.09208,5.52028,-59.17909,5.51386,-10.60418,3.47084,-1.16879,59.93329,-7.620182,-4.423921,0.578895,NA,NA,NA,NA,NA,NA,NA,NA,NA,NA,NA,4.28544,2.36138,-1.8637,50,5.51998,4.698,-97.33968,4.0313,3.96788,20.25186,-29.98767,CAR_EAG,CAR_EAG,CarsonNewman,TeamExclusive,Team,20251009-CarsonNewman-Private-1,2260e420-a54f-11f0-870a-a764b86fb10a,65.111,NA,NA,7.55548,NA,NA,NA,NA,NA,NA,b9b1564c-54db-4627-8f3f-643d14cd8d51,2025-10-09,20:32:53,2025-10-09T20:32:53Z,2025-10-09T20:32:53Z,NA,v3,CNE,CNE,NA,"Cochran, Carson",10085797,Right,CAR_EAG,8724406e-6cd7-4acf-8bf2-19d8c0c9f240,54.97348,-98.36899,10.12593,5.27635,5.55543,-14.99384,-2.09736,4.49633,1.98394,NA,NA,NA,NA,NA,NA,NA,NA,NA,NA,NA,NA,NA,NA,NA,NA,NA,NA,NA,NA,NA,NA,NA,NA,NA,NA,NA,NA,NA,NA,NA,NA,NA,NA,NA,NA,NA,NA,NA,NA,NA,NA,NA,NA,NA,NA,NA,NA,NA,NA,High,High,High,NA,NA,NA,NA,NA,130.255735,70.980903,551.739137,0.325883,10:15:00,-0.937698,0.303479,-0.169185,38.093473,-26.537222,39.376534,-0.706083,128.780096,-0.443525,-33.50613,0.443525,-0.552026,0.706083,57.865078,-44.917083,0.552026,-0.552026,-128.780096,44.917083,0.706083,33.50613,-57.865078,-0.706083,0.552026,0.443525,-0.443525,NA,NA,NA,NA,NA,NA,NA,NA,NA,NA,NA,NA
NA,NA,NA,NA,NA,NA,NA,NA,NA,NA,NA,NA,NA,NA,NA,NA,134,2025-10-09,16:33:12,2,2,"Wayne, Mikey",1000283132,Right,CAR_EAG,"Bolton, Ryan",1000215919,Right,CAR_EAG,Undefined,5,Top,1,0,1,Slider,Slider,BallCalled,Undefined,Undefined,Undefined,0,0,NA,66.2774,4.181346,-3.186874,1909.770714,139.895536,10:45:00,5.16925,2.16937,5.21751,-62.14566,5.6926,-2.4648,3.93528,-1.03575,58.85431,-7.264936,-3.621583,0.592801,NA,NA,NA,NA,NA,NA,NA,NA,NA,NA,NA,0.02906,2.15354,-1.87282,50,5.51146,5.4016,-95.41874,5.19624,0.02595,18.93883,-30.25042,CAR_EAG,CAR_EAG,CarsonNewman,TeamExclusive,Team,20251009-CarsonNewman-Private-1,2d5ca0d0-a54f-11f0-870a-a764b86fb10a,63.58365,NA,NA,7.42309,NA,NA,NA,NA,NA,NA,b9b1564c-54db-4627-8f3f-643d14cd8d51,2025-10-09,20:33:12,2025-10-09T20:33:12Z,2025-10-09T20:33:12Z,NA,v3,CNE,CNE,NA,"Cochran, Carson",10085797,Right,CAR_EAG,5a24f26c-4ff4-432e-a75a-0d5f067b11e3,55.27649,-96.46033,9.46941,5.17992,6.85995,-15.12521,-2.16986,5.40018,0.01298,NA,NA,NA,NA,NA,NA,NA,NA,NA,NA,NA,NA,NA,NA,NA,NA,NA,NA,NA,NA,NA,NA,NA,NA,NA,NA,NA,NA,NA,NA,NA,NA,NA,NA,NA,NA,NA,NA,NA,NA,NA,NA,NA,NA,NA,NA,NA,NA,NA,NA,High,High,High,NA,NA,NA,NA,NA,132.058878,70.938721,623.691433,0.326579,10:30:00,-0.935706,0.310741,-0.167013,32.042019,37.3691,-27.859244,0.52157,128.096249,-0.526416,42.179411,0.526416,-0.671454,-0.52157,44.735008,31.437591,0.671454,0.671454,-128.096249,-31.437591,0.52157,-42.179411,-44.735008,-0.52157,-0.671454,0.526416,-0.526416,NA,NA,NA,NA,NA,NA,NA,NA,NA,NA,NA,NA
NA,NA,NA,NA,NA,NA,NA,NA,NA,NA,NA,NA,NA,NA,NA,NA,135,2025-10-09,16:33:34,2,3,"Wayne, Mikey",1000283132,Right,CAR_EAG,"Bolton, Ryan",1000215919,Right,CAR_EAG,Undefined,5,Top,1,1,1,Fastball,Changeup,StrikeCalled,Undefined,Undefined,Undefined,0,1,NA,77.24675,1.024219,-4.049492,1588.371336,240.317607,02:00:00,5.33228,1.84185,6.05687,-36.91833,10.63327,15.52615,3.2063,-0.61899,69.36831,-5.909417,-1.26366,0.496311,NA,NA,NA,NA,NA,NA,NA,NA,NA,NA,NA,-9.26827,5.65827,-1.53452,50,5.39269,7.33319,-111.75982,0.95351,-11.50302,23.65452,-25.1515,CAR_EAG,CAR_EAG,CarsonNewman,TeamExclusive,Team,20251009-CarsonNewman-Private-1,3a5b5970-a54f-11f0-870a-a764b86fb10a,75.94516,NA,NA,7.87843,NA,NA,NA,NA,NA,NA,b9b1564c-54db-4627-8f3f-643d14cd8d51,2025-10-09,20:33:34,2025-10-09T20:33:34Z,2025-10-09T20:33:34Z,NA,v3,CNE,CNE,NA,"Cochran, Carson",10085797,Right,CAR_EAG,955db876-d9ba-49cb-bd52-4221b85e5700,54.44127,-112.69591,11.82726,5.33527,1.94885,-12.57575,-1.83373,7.78841,-5.75151,NA,NA,NA,NA,NA,NA,NA,NA,NA,NA,NA,NA,NA,NA,NA,NA,NA,NA,NA,NA,NA,NA,NA,NA,NA,NA,NA,NA,73.18852,2.149526,1.228237,0.921289,-0.69437,2.98191,0.66351,1.97536,4.34684,1.6413,74.00808,8.61418,-50.79659,2.12512,83.83255,-6.24218,4.42245,16.74259,-13.20264,1.50809,-61.67684,5.26708,High,High,High,NA,NA,High,High,High,226.631496,25.902925,1428.796373,0.899535,01:30:00,-0.490968,-0.646006,-0.584488,69.377506,49.456047,42.245244,0.97511,160.459551,-0.208953,4.252967,0.208953,-0.07416,-0.97511,77.905201,77.189757,0.07416,0.07416,-160.459551,-77.189757,0.97511,-4.252967,-77.905201,-0.97511,-0.07416,0.208953,-0.208953,NA,NA,NA,NA,NA,NA,NA,NA,NA,NA,NA,NA
NA,NA,NA,NA,NA,NA,NA,NA,NA,NA,NA,NA,NA,NA,NA,NA,136,2025-10-09,16:34:08,2,4,"Wayne, Mikey",1000283132,Right,CAR_EAG,"Bolton, Ryan",1000215919,Right,CAR_EAG,Undefined,5,Top,1,1,2,Fastball,Changeup,StrikeCalled,Strikeout,Undefined,Undefined,0,0,NA,76.99374,-0.075323,-3.731506,1701.148576,218.714095,01:15:00,5.24969,1.77686,5.61699,-33.13037,14.5717,10.47005,2.41838,-0.8383,70.55899,-6.217339,-1.867372,0.497096,NA,NA,NA,NA,NA,NA,NA,NA,NA,NA,NA,-6.30898,7.86122,-1.46463,50,5.22203,6.88081,-111.58884,-1.13979,-7.9708,19.70656,-22.24213,CAR_EAG,CAR_EAG,CarsonNewman,TeamExclusive,Team,20251009-CarsonNewman-Private-1,4eb57680-a54f-11f0-870a-a764b86fb10a,75.82532,NA,NA,6.43475,NA,NA,NA,NA,NA,NA,b9b1564c-54db-4627-8f3f-643d14cd8d51,2025-10-09,20:34:08,2025-10-09T20:34:08Z,2025-10-09T20:34:08Z,NA,v3,CNE,CNE,NA,"Cochran, Carson",10085797,Right,CAR_EAG,aba747ec-4bd9-4200-bf69-8d21c2ff32ce,54.88346,-112.44795,9.85328,5.25058,-0.17014,-11.12107,-1.77217,7.2283,-3.9854,NA,NA,NA,NA,NA,NA,NA,NA,NA,NA,NA,NA,NA,NA,NA,NA,NA,NA,NA,NA,NA,NA,NA,NA,NA,NA,NA,NA,NA,NA,NA,NA,NA,NA,NA,NA,NA,NA,NA,NA,NA,NA,NA,NA,NA,NA,NA,NA,NA,NA,High,High,High,NA,NA,NA,NA,NA,236.061083,18.743087,1610.934803,0.946969,01:45:00,-0.354021,-0.786059,-0.506735,-77.360715,-33.799347,77.642699,0.982873,177.529345,-0.184113,0.455166,0.184113,-0.007944,-0.982873,79.390252,79.380605,0.007944,0.007944,-177.529345,-79.380605,0.982873,-0.455166,-79.390252,-0.982873,-0.007944,0.184113,-0.184113,NA,NA,NA,NA,NA,NA,NA,NA,NA,NA,NA,NA
NA,NA,NA,NA,NA,NA,NA,NA,NA,NA,NA,NA,NA,NA,NA,NA,137,2025-10-09,16:34:35,3,1,"Wayne, Mikey",1000283132,Right,CAR_EAG,"Rodriguez, Sebastian",10180804,Left,CAR_EAG,Undefined,5,Top,2,0,0,Fastball,Changeup,BallCalled,Undefined,Undefined,Undefined,0,0,NA,77.34633,2.210109,-2.546439,1683.175683,255.071581,02:30:00,5.42897,2.17348,5.8605,-41.04609,6.228,17.28847,4.06489,1.24678,70.0314,-5.421592,0.550378,0.494861,NA,NA,NA,NA,NA,NA,NA,NA,NA,NA,NA,-9.53567,3.01536,-1.97654,50,5.58498,4.32808,-112.09416,3.08103,-12.01728,22.06154,-28.37398,CAR_EAG,CAR_EAG,CarsonNewman,TeamExclusive,Team,20251009-CarsonNewman-Private-1,5ed08a50-a54f-11f0-870a-a764b86fb10a,76.16778,NA,NA,7.31493,NA,NA,NA,NA,NA,NA,b9b1564c-54db-4627-8f3f-643d14cd8d51,2025-10-09,20:34:35,2025-10-09T20:34:35Z,2025-10-09T20:34:35Z,NA,v3,CNE,CNE,NA,"Cochran, Carson",10085797,Right,CAR_EAG,6deb5078-c5e0-4f20-9c89-e0ebce1bb42f,54.63972,-113.00362,11.03077,5.43386,4.25072,-14.18699,-2.16517,4.82348,-6.00864,NA,NA,NA,NA,NA,NA,NA,NA,NA,NA,NA,NA,NA,NA,NA,NA,NA,NA,NA,NA,NA,NA,NA,NA,NA,NA,NA,NA,NA,NA,NA,NA,NA,NA,NA,NA,NA,NA,NA,NA,NA,NA,NA,NA,NA,NA,NA,NA,NA,NA,High,High,High,NA,NA,NA,NA,NA,232.518954,14.892183,1626.639748,0.966411,01:45:00,-0.312229,-0.756419,-0.574756,81.156428,45.657494,68.493131,0.97317,135.747706,-0.164805,9.239355,0.164805,-0.160559,-0.97317,80.388208,76.6978,0.160559,0.160559,-135.747706,-76.6978,0.97317,-9.239355,-80.388208,-0.97317,-0.160559,0.164805,-0.164805,NA,NA,NA,NA,NA,NA,NA,NA,NA,NA,NA,NA
NA,NA,NA,NA,NA,NA,NA,NA,NA,NA,NA,NA,NA,NA,NA,NA,138,2025-10-09,16:34:51,3,2,"Wayne, Mikey",1000283132,Right,CAR_EAG,"Rodriguez, Sebastian",10180804,Left,CAR_EAG,Undefined,5,Top,2,1,0,Fastball,Changeup,StrikeCalled,Undefined,Undefined,Undefined,0,0,NA,77.18627,0.777572,-3.243819,1771.095302,252.179235,02:30:00,5.03676,1.99192,5.78131,-40.47053,7.02351,16.84863,2.38892,0.37448,70.22304,-6.719232,-0.230116,0.496011,NA,NA,NA,NA,NA,NA,NA,NA,NA,NA,NA,-9.53414,3.82886,-1.73417,50,5.07679,5.70896,-111.89028,0.28347,-12.0001,21.53836,-27.35486,CAR_EAG,CAR_EAG,CarsonNewman,TeamExclusive,Team,20251009-CarsonNewman-Private-1,68d95b80-a54f-11f0-870a-a764b86fb10a,75.99121,NA,NA,6.96324,NA,NA,NA,NA,NA,NA,b9b1564c-54db-4627-8f3f-643d14cd8d51,2025-10-09,20:34:51,2025-10-09T20:34:51Z,2025-10-09T20:34:51Z,NA,v3,CNE,CNE,NA,"Cochran, Carson",10085797,Right,CAR_EAG,9a198a54-0d4e-4009-97bf-557f45436fc4,54.71998,-112.79519,10.76918,5.0407400000000004,1.43277,-13.67743,-1.98462,6.21313,-6.00005,NA,NA,NA,NA,NA,NA,NA,NA,NA,NA,NA,NA,NA,NA,NA,NA,NA,NA,NA,NA,NA,NA,NA,NA,NA,NA,NA,NA,NA,NA,NA,NA,NA,NA,NA,NA,NA,NA,NA,NA,NA,NA,NA,NA,NA,NA,NA,NA,NA,NA,High,High,High,NA,NA,NA,NA,NA,235.024729,18.065241,1683.787444,0.950704,01:45:00,-0.350966,-0.774726,-0.525949,-88.806145,-44.279687,78.592061,0.960636,134.537131,-0.194849,11.421375,0.194849,-0.198023,-0.960636,78.534048,73.870361,0.198023,0.198023,-134.537131,-73.870361,0.960636,-11.421375,-78.534048,-0.960636,-0.198023,0.194849,-0.194849,NA,NA,NA,NA,NA,NA,NA,NA,NA,NA,NA,NA
NA,NA,NA,NA,NA,NA,NA,NA,NA,NA,NA,NA,NA,NA,NA,NA,139,2025-10-09,16:35:10,3,3,"Wayne, Mikey",1000283132,Right,CAR_EAG,"Rodriguez, Sebastian",10180804,Left,CAR_EAG,Undefined,5,Top,2,1,1,Slider,Curveball,BallCalled,Undefined,Undefined,Undefined,0,0,NA,67.15875,3.571947,0.622734,1762.832372,105.027887,09:30:00,4.83289,2.34099,5.31366,-59.55117,4.75792,-9.31249,3.22756,2.14948,60.7846,-7.358883,-1.029137,0.577175,NA,NA,NA,NA,NA,NA,NA,NA,NA,NA,NA,4.80563,1.98673,-2.3906,50,5.1148,-0.72601,-97.15277,4.33323,4.5358,16.99123,-30.29888,CAR_EAG,CAR_EAG,CarsonNewman,TeamExclusive,Team,20251009-CarsonNewman-Private-1,73a2bd90-a54f-11f0-870a-a764b86fb10a,65.30503,NA,NA,6.37416,NA,NA,NA,NA,NA,NA,b9b1564c-54db-4627-8f3f-643d14cd8d51,2025-10-09,20:35:10,2025-10-09T20:35:10Z,2025-10-09T20:35:10Z,NA,v3,CNE,CNE,NA,"Cochran, Carson",10085797,Right,CAR_EAG,8e396c6f-863c-4968-8fa3-bed6c65713d2,55.1847,-98.05534,8.49561,4.84187,5.9427,-15.14944,-2.34563,-0.96695,2.2679,NA,NA,NA,NA,NA,NA,NA,NA,NA,NA,NA,NA,NA,NA,NA,NA,NA,NA,NA,NA,NA,NA,NA,NA,NA,NA,NA,NA,NA,NA,NA,NA,NA,NA,NA,NA,NA,NA,NA,NA,NA,NA,NA,NA,NA,NA,NA,NA,NA,NA,High,High,High,NA,NA,NA,NA,NA,136.059521,70.656634,583.900578,0.331229,10:30:00,-0.924751,0.288182,-0.24857,43.546231,-30.166338,42.81826,-0.627661,135.86772,-0.558746,-32.824913,0.558746,-0.542074,0.627661,48.324406,-38.877784,0.542074,-0.542074,-135.86772,38.877784,0.627661,32.824913,-48.324406,-0.627661,0.542074,0.558746,-0.558746,NA,NA,NA,NA,NA,NA,NA,NA,NA,NA,NA,NA
NA,NA,NA,NA,NA,NA,NA,NA,NA,NA,NA,NA,NA,NA,NA,NA,140,2025-10-09,16:35:28,3,4,"Wayne, Mikey",1000283132,Right,CAR_EAG,"Rodriguez, Sebastian",10180804,Left,CAR_EAG,Undefined,5,Top,2,2,1,Fastball,Changeup,BallCalled,Undefined,Undefined,Undefined,0,0,NA,77.00558,-0.966409,-4.042486,1724.913148,229.482218,01:45:00,5.09325,2.27025,5.97475,-33.75455,13.4154,13.9032,1.3821,-0.32512,70.55419,-7.251302,-1.549969,0.494315,NA,NA,NA,NA,NA,NA,NA,NA,NA,NA,NA,-8.23245,7.62996,-1.95727,50,4.99787,7.3789,-111.59689,-2.84795,-10.37865,20.13885,-22.55495,CAR_EAG,CAR_EAG,CarsonNewman,TeamExclusive,Team,20251009-CarsonNewman-Private-1,7e497c70-a54f-11f0-870a-a764b86fb10a,76.25182,NA,NA,6.45139,NA,NA,NA,NA,NA,NA,b9b1564c-54db-4627-8f3f-643d14cd8d51,2025-10-09,20:35:28,2025-10-09T20:35:28Z,2025-10-09T20:35:28Z,NA,v3,CNE,CNE,NA,"Cochran, Carson",10085797,Right,CAR_EAG,3983f294-91f8-466c-81c7-627d281cc5e4,54.52575,-112.41064,10.06943,5.09453,-1.93657,-11.27747,-2.2639,7.79827,-5.18932,NA,NA,NA,NA,NA,NA,NA,NA,NA,NA,NA,NA,NA,NA,NA,NA,NA,NA,NA,NA,NA,NA,NA,NA,NA,NA,NA,NA,NA,NA,NA,NA,NA,NA,NA,NA,NA,NA,NA,NA,NA,NA,NA,NA,NA,NA,NA,NA,NA,NA,High,High,High,NA,NA,NA,NA,NA,234.550865,17.676862,1643.469965,0.952784,01:45:00,-0.328747,-0.781178,-0.530741,-87.825853,-38.533719,77.661472,0.982541,148.206231,-0.158129,5.625187,0.158129,-0.09802,-0.982541,80.857278,79.277925,0.09802,0.09802,-148.206231,-79.277925,0.982541,-5.625187,-80.857278,-0.982541,-0.09802,0.158129,-0.158129,NA,NA,NA,NA,NA,NA,NA,NA,NA,NA,NA,NA
NA,NA,NA,NA,NA,NA,NA,NA,NA,NA,NA,NA,NA,NA,NA,NA,141,2025-10-09,16:35:45,3,5,"Wayne, Mikey",1000283132,Right,CAR_EAG,"Rodriguez, Sebastian",10180804,Left,CAR_EAG,Undefined,5,Top,2,3,1,Fastball,Changeup,BallCalled,Walk,Undefined,Undefined,0,0,NA,75.96673,-0.078006,-1.326556,1670.3578,254.571485,02:30:00,5.21713,1.82378,5.68739,-42.22931,7.09111,19.44245,1.6253,2.20728,69.07003,-7.880693,2.153737,0.505458,NA,NA,NA,NA,NA,NA,NA,NA,NA,NA,NA,-10.25587,4.15138,-1.72435,50,5.18444,1.82181,-110.20791,-1.44236,-12.45557,21.87595,-27.13229,CAR_EAG,CAR_EAG,CarsonNewman,TeamExclusive,Team,20251009-CarsonNewman-Private-1,889bb2b0-a54f-11f0-870a-a764b86fb10a,74.57091,NA,NA,6.89669,NA,NA,NA,NA,NA,NA,b9b1564c-54db-4627-8f3f-643d14cd8d51,2025-10-09,20:35:45,2025-10-09T20:35:45Z,2025-10-09T20:35:45Z,NA,v3,CNE,CNE,NA,"Cochran, Carson",10085797,Right,CAR_EAG,f1870514-6c2f-46ae-bb8f-07e99b89f810,54.81332,-111.15924,10.93798,5.22151,-0.26245,-13.56615,-1.81535,2.36347,-6.22779,NA,NA,NA,NA,NA,NA,NA,NA,NA,NA,NA,NA,NA,NA,NA,NA,NA,NA,NA,NA,NA,NA,NA,NA,NA,NA,NA,NA,NA,NA,NA,NA,NA,NA,NA,NA,NA,NA,NA,NA,NA,NA,NA,NA,NA,NA,NA,NA,NA,NA,High,High,High,NA,NA,NA,NA,NA,238.636092,10.079352,1644.578022,0.984566,02:00:00,-0.185684,-0.840938,-0.508277,73.439482,46.702276,69.738264,0.962761,127.286873,-0.163782,12.421204,0.163782,-0.215097,-0.962761,80.345444,74.314683,0.215097,0.215097,-127.286873,-74.314683,0.962761,-12.421204,-80.345444,-0.962761,-0.215097,0.163782,-0.163782,NA,NA,NA,NA,NA,NA,NA,NA,NA,NA,NA,NA
NA,NA,NA,NA,NA,NA,NA,NA,NA,NA,NA,NA,NA,NA,NA,NA,142,2025-10-09,16:37:14,4,1,"Wayne, Mikey",1000283132,Right,CAR_EAG,"Van Ness, Jameson",1000370206,Right,CAR_EAG,Undefined,5,Top,2,0,0,Slider,Slider,BallCalled,Undefined,Undefined,Undefined,0,0,NA,68.24294,1.512314,-5.662081,1854.005739,116.346725,10:00:00,5.0076,2.12496,5.56828,-57.58668,5.31166,-5.82036,1.62875,-3.66678,61.46005,-9.059683,-6.690508,0.570809,NA,NA,NA,NA,NA,NA,NA,NA,NA,NA,NA,0.8978,2.91193,-1.63124,50,5.10186,9.94885,-98.30105,0.98311,0.8555,19.379270000000002,-29.39926,CAR_EAG,CAR_EAG,CarsonNewman,TeamExclusive,Team,20251009-CarsonNewman-Private-1,bd98ea00-a54f-11f0-870a-a764b86fb10a,66.03333,NA,NA,6.78289,NA,NA,NA,NA,NA,NA,b9b1564c-54db-4627-8f3f-643d14cd8d51,2025-10-09,20:37:14,2025-10-09T20:37:14Z,2025-10-09T20:37:14Z,NA,v3,CNE,CNE,NA,"Cochran, Carson",10085797,Right,CAR_EAG,fdbfccc6-1dc6-4555-bc1a-bc6972f68305,54.92808,-99.26783,9.68964,5.01623,2.44976,-14.69963,-2.1265,9.90617,0.42775,NA,NA,NA,NA,NA,NA,NA,NA,NA,NA,NA,NA,NA,NA,NA,NA,NA,NA,NA,NA,NA,NA,NA,NA,NA,NA,NA,NA,NA,NA,NA,NA,NA,NA,NA,NA,NA,NA,NA,NA,NA,NA,NA,NA,NA,NA,NA,NA,NA,NA,High,High,High,NA,NA,NA,NA,NA,158.850522,73.062233,540.132714,0.291333,11:15:00,-0.975669,0.130324,-0.176309,19.812275,30.241512,-25.787018,0.500223,123.87486,-0.482634,45.9651,0.482634,-0.718917,-0.500223,46.025252,30.014773,0.718917,0.718917,-123.87486,-30.014773,0.500223,-45.9651,-46.025252,-0.500223,-0.718917,0.482634,-0.482634,NA,NA,NA,NA,NA,NA,NA,NA,NA,NA,NA,NA
NA,NA,NA,NA,NA,NA,NA,NA,NA,NA,NA,NA,NA,NA,NA,NA,143,2025-10-09,16:37:33,4,2,"Wayne, Mikey",1000283132,Right,CAR_EAG,"Van Ness, Jameson",1000370206,Right,CAR_EAG,Undefined,5,Top,2,1,0,Fastball,Changeup,BallCalled,Undefined,Undefined,Undefined,0,0,NA,77.18813,1.406461,-5.068873,1711.310121,247.474085,02:15:00,5.28709,1.81417,6.01718,-39.01057,8.21733,15.97422,3.34446,-1.56248,70.11543,-5.854966,-2.211611,0.494619,NA,NA,NA,NA,NA,NA,NA,NA,NA,NA,NA,-9.63796,4.30307,-1.42407,50,5.37677,9.31399,-111.65487,1.61166,-12.10251,21.09768,-26.77065,CAR_EAG,CAR_EAG,CarsonNewman,TeamExclusive,Team,20251009-CarsonNewman-Private-1,c9392410-a54f-11f0-870a-a764b86fb10a,76.20501,NA,NA,7.0727,NA,NA,NA,NA,NA,NA,b9b1564c-54db-4627-8f3f-643d14cd8d51,2025-10-09,20:37:33,2025-10-09T20:37:33Z,2025-10-09T20:37:33Z,NA,v3,CNE,CNE,NA,"Cochran, Carson",10085797,Right,CAR_EAG,d0a2d5a6-688d-402e-b0be-80328a5ef511,54.48336,-112.49883,10.54884,5.29088,2.68255,-13.38533,-1.80633,9.79812,-6.05125,NA,NA,NA,NA,NA,NA,NA,NA,NA,NA,NA,NA,NA,NA,NA,NA,NA,NA,NA,NA,NA,NA,NA,NA,NA,NA,NA,NA,NA,NA,NA,NA,NA,NA,NA,NA,NA,NA,NA,NA,NA,NA,NA,NA,NA,NA,NA,NA,NA,NA,High,High,High,NA,NA,NA,NA,NA,230.506167,20.728316,1600.535691,0.935269,01:45:00,-0.422647,-0.712836,-0.559673,74.743509,46.742176,54.190379,0.969498,139.804632,-0.187217,9.101556,0.187217,-0.158185,-0.969498,79.070299,75.812408,0.158185,0.158185,-139.804632,-75.812408,0.969498,-9.101556,-79.070299,-0.969498,-0.158185,0.187217,-0.187217,NA,NA,NA,NA,NA,NA,NA,NA,NA,NA,NA,NA
NA,NA,NA,NA,NA,NA,NA,NA,NA,NA,NA,NA,NA,NA,NA,NA,144,2025-10-09,16:37:51,4,3,"Wayne, Mikey",1000283132,Right,CAR_EAG,"Van Ness, Jameson",1000370206,Right,CAR_EAG,Undefined,5,Top,2,2,0,Fastball,Changeup,BallCalled,Undefined,Undefined,Undefined,0,0,NA,77.794,-0.260874,-5.441522,1717.773925,243.111471,02:00:00,5.27655,1.80569,6.07055,-36.568600000000004,10.00276,16.50706,1.98666,-1.86959,70.61934,-7.080764,-2.486315,0.491169,NA,NA,NA,NA,NA,NA,NA,NA,NA,NA,NA,-10.10213,5.72591,-1.39127,50,5.23698,10.10588,-112.47204,-1.56772,-12.82853,22.04325,-24.90282,CAR_EAG,CAR_EAG,CarsonNewman,TeamExclusive,Team,20251009-CarsonNewman-Private-1,d3f95e60-a54f-11f0-870a-a764b86fb10a,76.74029,NA,NA,7.17466,NA,NA,NA,NA,NA,NA,b9b1564c-54db-4627-8f3f-643d14cd8d51,2025-10-09,20:37:51,2025-10-09T20:37:51Z,2025-10-09T20:37:51Z,NA,v3,CNE,CNE,NA,"Cochran, Carson",10085797,Right,CAR_EAG,eafc497e-be76-4fc0-922c-7e2f9f5d0d04,54.42969,-113.33688,11.02162,5.27932,-0.59069,-12.45141,-1.79764,10.60919,-6.41427,NA,NA,NA,NA,NA,NA,NA,NA,NA,NA,NA,NA,NA,NA,NA,NA,NA,NA,NA,NA,NA,NA,NA,NA,NA,NA,NA,NA,NA,NA,NA,NA,NA,NA,NA,NA,NA,NA,NA,NA,NA,NA,NA,NA,NA,NA,NA,NA,NA,NA,High,High,High,NA,NA,NA,NA,NA,228.314564,23.611789,1573.962466,0.91628,01:30:00,-0.453413,-0.686101,-0.56893,-85.098323,-38.295836,74.576031,0.966316,176.369072,-0.256841,0.933862,0.256841,-0.016298,-0.966316,75.115301,75.086695,0.016298,0.016298,-176.369072,-75.086695,0.966316,-0.933862,-75.115301,-0.966316,-0.016298,0.256841,-0.256841,NA,NA,NA,NA,NA,NA,NA,NA,NA,NA,NA,NA
NA,NA,NA,NA,NA,NA,NA,NA,NA,NA,NA,NA,NA,NA,NA,NA,145,2025-10-09,16:38:08,4,4,"Wayne, Mikey",1000283132,Right,CAR_EAG,"Van Ness, Jameson",1000370206,Right,CAR_EAG,Undefined,5,Top,2,3,0,Fastball,Changeup,BallCalled,Walk,Undefined,Undefined,0,0,NA,78.16884,1.567531,-2.2437,1578.051016,234.669958,01:45:00,5.23451,2.1725,6.04472,-36.50707,9.17804,10.84638,3.64506,0.99793,71.17087,-5.250926,-0.293583,0.486473,NA,NA,NA,NA,NA,NA,NA,NA,NA,NA,NA,-6.19197,4.73457,-2.00313,50,5.33732,4.0401,-113.41904,2.03756,-8.03202,21.55163,-26.03251,CAR_EAG,CAR_EAG,CarsonNewman,TeamExclusive,Team,20251009-CarsonNewman-Private-1,ddb3e880-a54f-11f0-870a-a764b86fb10a,77.48107,NA,NA,6.99797,NA,NA,NA,NA,NA,NA,b9b1564c-54db-4627-8f3f-643d14cd8d51,2025-10-09,20:38:08,2025-10-09T20:38:08Z,2025-10-09T20:38:08Z,NA,v3,CNE,CNE,NA,"Cochran, Carson",10085797,Right,CAR_EAG,74e798d6-14a2-4caa-9724-3281c65ee931,54.4551,-114.26245,10.77581,5.23765,3.05633,-13.01626,-2.16739,4.35443,-4.01601,NA,NA,NA,NA,NA,NA,NA,NA,NA,NA,NA,NA,NA,NA,NA,NA,NA,NA,NA,NA,NA,NA,NA,NA,NA,NA,NA,NA,NA,NA,NA,NA,NA,NA,NA,NA,NA,NA,NA,NA,NA,NA,NA,NA,NA,NA,NA,NA,NA,NA,High,High,High,NA,NA,NA,NA,NA,232.502988,19.466161,1487.847208,0.942838,01:45:00,-0.375786,-0.738638,-0.559642,-43.699051,-28.854848,-54.853184,-0.06175,176.028926,-0.995695,-3.963483,0.995695,-0.069121,0.06175,3.548762,-3.540264,0.069121,-0.069121,-176.028926,3.540264,0.06175,3.963483,-3.548762,-0.06175,0.069121,0.995695,-0.995695,NA,NA,NA,NA,NA,NA,NA,NA,NA,NA,NA,NA
NA,NA,NA,NA,NA,NA,NA,NA,NA,NA,NA,NA,NA,NA,NA,NA,146,2025-10-09,16:38:45,5,1,"Wayne, Mikey",1000283132,Right,CAR_EAG,"Bishop, Matthew",10136275,Right,CAR_EAG,Undefined,5,Top,2,0,0,Fastball,Changeup,StrikeCalled,Undefined,Undefined,Undefined,0,0,NA,76.69519,1.599686,-3.923338,1590.345661,218.132431,01:15:00,5.20951,2.11101,6.05657,-37.56352,9.70741,6.48363,3.56385,-0.98606,70.28704,-5.389449,-2.761007,0.494844,NA,NA,NA,NA,NA,NA,NA,NA,NA,NA,NA,-4.39205,5.01347,-1.80901,50,5.31402,7.3938,-111.18229,2.03854,-5.51295,19.41453,-25.88107,CAR_EAG,CAR_EAG,CarsonNewman,TeamExclusive,Team,20251009-CarsonNewman-Private-1,f3e47340-a54f-11f0-870a-a764b86fb10a,76.17032,NA,NA,6.40815,NA,NA,NA,NA,NA,NA,b9b1564c-54db-4627-8f3f-643d14cd8d51,2025-10-09,20:38:45,2025-10-09T20:38:45Z,2025-10-09T20:38:45Z,NA,v3,CNE,CNE,NA,"Cochran, Carson",10085797,Right,CAR_EAG,bc7438a3-2250-4497-bd60-5afcfd11a124,54.44448,-111.9557,9.70727,5.21227,3.06954,-12.94054,-2.10792,7.61342,-2.75647,NA,NA,NA,NA,NA,NA,NA,NA,NA,NA,NA,NA,NA,NA,NA,NA,NA,NA,NA,NA,NA,NA,NA,NA,NA,NA,NA,NA,NA,NA,NA,NA,NA,NA,NA,NA,NA,NA,NA,NA,NA,NA,NA,NA,NA,NA,NA,NA,NA,NA,High,High,High,NA,NA,NA,NA,NA,226.153019,26.371411,1424.843974,0.895934,01:30:00,-0.503436,-0.633489,-0.587575,-51.333156,-20.328095,-52.893353,0.004458,179.132339,-0.999875,0.867652,0.999875,-0.015143,-0.004458,0.255467,0.255437,0.015143,0.015143,-179.132339,-0.255437,0.004458,-0.867652,-0.255467,-0.004458,-0.015143,0.999875,-0.999875,NA,NA,NA,NA,NA,NA,NA,NA,NA,NA,NA,NA
NA,NA,NA,NA,NA,NA,NA,NA,NA,NA,NA,NA,NA,NA,NA,NA,147,2025-10-09,16:39:06,5,2,"Wayne, Mikey",1000283132,Right,CAR_EAG,"Bishop, Matthew",10136275,Right,CAR_EAG,Undefined,5,Top,2,0,1,Fastball,Changeup,FoulBallNotFieldable,Undefined,Undefined,Undefined,0,0,NA,77.67649,1.036092,-3.944245,1742.222059,236.763205,02:00:00,5.25116,2.12698,6.02622,-35.90533,10.85449,14.03981,3.22105,-0.36194,70.19991,-5.689648,-1.426415,0.492162,74.21708,67.564906,54.630081,NA,NA,NA,NA,NA,38.88514,NA,NA,-8.46473,5.72807,-1.82549,50,5.31306,7.24393,-112.48496,1.01204,-10.7113,22.75683,-24.92574,CAR_EAG,CAR_EAG,CarsonNewman,TeamExclusive,Team,20251009-CarsonNewman-Private-1,006151b0-a550-11f0-870a-a764b86fb10a,76.58545,88.64916,NA,7.47658,NA,NA,NA,1.34404,3.31181,0.53014,b9b1564c-54db-4627-8f3f-643d14cd8d51,2025-10-09,20:39:06,2025-10-09T20:39:06Z,2025-10-09T20:39:06Z,NA,v3,CNE,CNE,NA,"Cochran, Carson",10085797,Right,CAR_EAG,98107e68-c80b-415b-a932-3854525472a3,54.47427,-113.38654,11.37842,5.25341,1.99955,-12.46287,-2.12088,7.66829,-5.35565,196.644562,1.34403,24.04832,-12.15249,4.15329,-1.36316,0.38247,0.3617,-0.4542,0.13817,3.31182,100.6124,-25.8613,2.74752,-0.34551,-0.0446,-0.02459,0.066,-0.02355,0.53014,33.8746,-4.83959,1.08886,-0.21437,0.02692,0.05316,-0.05213,0.01469,NA,NA,NA,NA,NA,NA,NA,NA,NA,NA,NA,NA,NA,NA,NA,NA,NA,NA,NA,NA,NA,NA,High,High,High,High,Undefined,NA,NA,NA,226.485797,25.301763,1575.089647,0.904069,01:30:00,-0.480949,-0.647799,-0.5908,-88.444676,-36.885857,68.584654,-0.977429,177.01716,-0.210979,-0.629899,0.210979,-0.010994,0.977429,77.81952,-77.80349,0.010994,-0.010994,-177.01716,77.80349,0.977429,0.629899,-77.81952,-0.977429,0.010994,0.210979,-0.210979,NA,NA,NA,NA,NA,NA,NA,NA,NA,NA,NA,NA
NA,NA,NA,NA,NA,NA,NA,NA,NA,NA,NA,NA,NA,NA,NA,NA,148,2025-10-09,16:39:37,5,3,"Wayne, Mikey",1000283132,Right,CAR_EAG,"Bishop, Matthew",10136275,Right,CAR_EAG,Undefined,5,Top,2,0,2,Slider,Slider,BallCalled,Undefined,Undefined,Undefined,0,0,NA,69.074,1.130878,-3.75192,1979.274691,171.695497,11:45:00,5.00437,2.05828,5.18668,-50.18326,10.468,-1.23681,1.88883,-1.57981,63.24732,-8.028028,-3.970173,0.56052,NA,NA,NA,NA,NA,NA,NA,NA,NA,NA,NA,-0.47311,5.4974,-1.70824,50,5.07198,6.59841,-99.94455,0.48485,-0.4766,16.71654,-26.63603,CAR_EAG,CAR_EAG,CarsonNewman,TeamExclusive,Team,20251009-CarsonNewman-Private-1,12e13080-a550-11f0-870a-a764b86fb10a,67.24545,NA,NA,5.82668,NA,NA,NA,NA,NA,NA,b9b1564c-54db-4627-8f3f-643d14cd8d51,2025-10-09,20:39:37,2025-10-09T20:39:37Z,2025-10-09T20:39:37Z,NA,v3,CNE,CNE,NA,"Cochran, Carson",10085797,Right,CAR_EAG,6e22c54d-5bba-486f-b677-60c3905926bb,55.3124,-100.82918,8.35827,5.00903,1.89441,-13.31802,-2.05809,6.62363,-0.2383,NA,NA,NA,NA,NA,NA,NA,NA,NA,NA,NA,NA,NA,NA,NA,NA,NA,NA,NA,NA,NA,NA,NA,NA,NA,NA,NA,NA,NA,NA,NA,NA,NA,NA,NA,NA,NA,NA,NA,NA,NA,NA,NA,NA,NA,NA,NA,NA,NA,NA,High,High,High,NA,NA,NA,NA,NA,144.415897,75.927663,481.254139,0.243147,10:45:00,-0.977875,0.160603,-0.134041,38.190995,28.154129,-17.403122,0.468992,114.819959,-0.37074,53.285273,0.37074,-0.801622,-0.468992,51.67349,27.968906,0.801622,0.801622,-114.819959,-27.968906,0.468992,-53.285273,-51.67349,-0.468992,-0.801622,0.37074,-0.37074,NA,NA,NA,NA,NA,NA,NA,NA,NA,NA,NA,NA
NA,NA,NA,NA,NA,NA,NA,NA,NA,NA,NA,NA,NA,NA,NA,NA,149,2025-10-09,16:39:57,5,4,"Wayne, Mikey",1000283132,Right,CAR_EAG,"Bishop, Matthew",10136275,Right,CAR_EAG,Undefined,5,Top,2,1,2,Slider,Curveball,InPlay,Undefined,FlyBall,Out,1,0,NA,67.37236,3.474741,-2.293425,1886.359704,38.149793,07:15:00,5.04182,2.14086,5.28727,-68.39602,-3.97677,-4.97933,2.61186,-0.42897,60.86958,-9.005563,-3.175504,0.577669,84.62372,25.471473,-29.128338,2090.813604,95.2442,41.76171,-55.03124,301.40381,297.11891,-33.777269,3.741121,1.7274,-2.56929,-1.92782,50,5.30896,4.07228,-97.40127,3.89909,1.6256,18.20812,-34.5919,CAR_EAG,CAR_EAG,CarsonNewman,TeamExclusive,Team,20251009-CarsonNewman-Private-1,1f02cf90-a550-11f0-870a-a764b86fb10a,65.24918,48.08231,NA,6.50279,NA,NA,NA,2.66026,2.89071,0.40126,b9b1564c-54db-4627-8f3f-643d14cd8d51,2025-10-09,20:39:57,2025-10-09T20:39:57Z,2025-10-09T20:39:57Z,LineDrive,v3,CNE,CNE,NA,"Cochran, Carson",10085797,Right,CAR_EAG,f72f7e8c-a7be-450b-b165-953a4fef8a84,55.21489,-98.37131,9.10406,5.05214,5.74198,-17.29595,-2.14246,3.98567,0.8128,148.801684,2.65983,97.894,-14.87817,3.20019,-0.88493,0.31457,-0.09247,0.01552,-0.00106,2.89102,53.36512,-17.52386,1.2002,0.04753,-0.18419,0.07739,-0.01388,0.00093000000000000005,0.40171,-54.55556,4.34607,-0.94524,0.2828,-0.09429,0.02548,-0.00405,2.6e-4,NA,NA,NA,NA,NA,NA,NA,NA,NA,NA,NA,NA,NA,NA,NA,NA,NA,NA,NA,NA,NA,NA,High,High,High,High,High,NA,NA,NA,115.342259,71.834504,588.096738,0.311763,09:45:00,-0.93593,0.338831,-0.096066,80.573539,-43.007383,19.24263,-0.552963,130.86616,-0.545162,-39.057761,0.545162,-0.630104,0.552963,45.40704,-33.570536,0.630104,-0.630104,-130.86616,33.570536,0.552963,39.057761,-45.40704,-0.552963,0.630104,0.545162,-0.545162,NA,NA,NA,NA,NA,NA,NA,NA,NA,NA,NA,NA
NA,NA,NA,NA,NA,NA,NA,NA,NA,NA,NA,NA,NA,NA,NA,NA,150,2025-10-09,16:42:01,1,1,"Rosalia, Robert",1000358948,Left,CAR_EAG,"Alexander, Trace",10000832,Right,CAR_EAG,Undefined,5,Bottom,0,0,0,Fastball,Changeup,StrikeCalled,Undefined,Undefined,Undefined,0,0,NA,75.61475,-0.267368,0.735403,1724.59362,181.670483,12:00:00,6.17938,-1.20656,5.39711,-40.04045,9.83941,0.23984,2.59209,-0.49734,69.30914,-7.619469,0.778099,0.508316,NA,NA,NA,NA,NA,NA,NA,NA,NA,NA,NA,0.08882,5.51737,1.14076,50,6.12765,-1.41761,-109.7265,-1.7739,0.10806,19.82156,-25.46254,CAR_EAG,CAR_EAG,CarsonNewman,TeamExclusive,Team,20251009-CarsonNewman-Private-1,68a6e460-a550-11f0-870a-a764b86fb10a,74.15154,NA,NA,6.30561,NA,NA,NA,NA,NA,NA,b9b1564c-54db-4627-8f3f-643d14cd8d51,2025-10-09,20:42:01,2025-10-09T20:42:01Z,2025-10-09T20:42:01Z,NA,v3,CNE,CNE,NA,"Van Ness, Jameson",1000370206,Right,CAR_EAG,13fbe598-bae2-4b9e-9ccb-4498dc252e30,55.10275,-110.64444,9.91078,6.1825,-0.59472,-12.73127,1.20653,-1.42262,0.05403,NA,NA,NA,NA,NA,NA,NA,NA,NA,NA,NA,NA,NA,NA,NA,NA,NA,NA,NA,NA,NA,NA,NA,NA,NA,NA,NA,NA,NA,NA,NA,NA,NA,NA,NA,NA,NA,NA,NA,NA,NA,NA,NA,NA,NA,NA,NA,NA,NA,NA,High,High,High,NA,NA,NA,NA,NA,188.672978,-54.898242,991.69369,0.57503,12:15:00,0.825756,-0.082893,-0.557902,-4.669373,-15.746087,46.075118,-0.595056,154.761762,-0.726966,-20.040069,0.726966,-0.342677,0.595056,39.301947,-36.516653,0.342677,-0.342677,-154.761762,36.516653,0.595056,20.040069,-39.301947,-0.595056,0.342677,0.726966,-0.726966,NA,NA,NA,NA,NA,NA,NA,NA,NA,NA,NA,NA
NA,NA,NA,NA,NA,NA,NA,NA,NA,NA,NA,NA,NA,NA,NA,NA,151,2025-10-09,16:42:17,1,2,"Rosalia, Robert",1000358948,Left,CAR_EAG,"Alexander, Trace",10000832,Right,CAR_EAG,Undefined,5,Bottom,0,0,1,Fastball,Slider,BallCalled,Undefined,Undefined,Undefined,0,0,NA,73.50572,3.386532,0.479796,1710.257705,243.419183,02:00:00,6.22234,-1.34509,5.15665,-50.82389,3.03969,2.36835,5.17881,-0.69606,66.48089,-5.91652,0.898624,0.528225,NA,NA,NA,NA,NA,NA,NA,NA,NA,NA,NA,-1.02228,1.04933,1.29838,50,6.5005,-0.98317,-106.36243,4.63871,-1.15905,19.99686,-30.98437,CAR_EAG,CAR_EAG,CarsonNewman,TeamExclusive,Team,20251009-CarsonNewman-Private-1,72130060-a550-11f0-870a-a764b86fb10a,71.35679,NA,NA,7.02482,NA,NA,NA,NA,NA,NA,b9b1564c-54db-4627-8f3f-643d14cd8d51,2025-10-09,20:42:17,2025-10-09T20:42:17Z,2025-10-09T20:42:17Z,NA,v3,CNE,CNE,NA,"Van Ness, Jameson",1000370206,Right,CAR_EAG,082935e2-9893-4df6-b610-28544292a4ca,55.3425,-107.36216,9.99843,6.22987,6.18775,-15.49218,1.34608,-0.92523,-0.57952,NA,NA,NA,NA,NA,NA,NA,NA,NA,NA,NA,NA,NA,NA,NA,NA,NA,NA,NA,NA,NA,NA,NA,NA,NA,NA,NA,NA,NA,NA,NA,NA,NA,NA,NA,NA,NA,NA,NA,NA,NA,NA,NA,NA,NA,NA,NA,NA,NA,NA,High,High,High,NA,NA,NA,NA,NA,195.997877,-65.452107,710.532936,0.415454,12:30:00,0.904575,-0.168032,-0.391803,-6.136734,-26.81565,44.686092,-0.688454,156.295867,-0.664091,-16.95213,0.664091,-0.291573,0.688454,46.031945,-43.507847,0.291573,-0.291573,-156.295867,43.507847,0.688454,16.95213,-46.031945,-0.688454,0.291573,0.664091,-0.664091,NA,NA,NA,NA,NA,NA,NA,NA,NA,NA,NA,NA
NA,NA,NA,NA,NA,NA,NA,NA,NA,NA,NA,NA,NA,NA,NA,NA,152,2025-10-09,16:42:34,1,3,"Rosalia, Robert",1000358948,Left,CAR_EAG,"Alexander, Trace",10000832,Right,CAR_EAG,Undefined,5,Bottom,0,1,1,Fastball,Curveball,FoulBallNotFieldable,Undefined,Undefined,Undefined,0,0,NA,75.53284,-0.093793,1.520885,1764.4887430000001,223.037174,01:30:00,6.17299,-1.20765,5.40567,-47.10613,3.04051,1.2937,2.15956,0.32559,69.19265,-8.695102,1.751253,0.509674,NA,NA,NA,NA,NA,NA,NA,NA,NA,NA,NA,-0.20437,1.98469,1.07118,50,6.13148,-2.9578700000000002,-109.59382,-1.68812,-0.24692,20.57947,-29.77639,CAR_EAG,CAR_EAG,CarsonNewman,TeamExclusive,Team,20251009-CarsonNewman-Private-1,7c365e70-a550-11f0-870a-a764b86fb10a,73.95404,NA,NA,6.34019,NA,NA,NA,NA,NA,NA,b9b1564c-54db-4627-8f3f-643d14cd8d51,2025-10-09,20:42:34,2025-10-09T20:42:34Z,2025-10-09T20:42:34Z,NA,v3,CNE,CNE,NA,"Van Ness, Jameson",1000370206,Right,CAR_EAG,943ee8c1-93f8-4d15-99e6-9f062c2e6022,55.09682,-110.54675,10.28973,6.17773,-0.30932,-14.8882,1.20788,-2.94644,-0.12346,NA,NA,NA,NA,NA,NA,NA,NA,NA,NA,NA,NA,NA,NA,NA,NA,NA,NA,NA,NA,NA,NA,NA,NA,NA,NA,NA,NA,NA,NA,NA,NA,NA,NA,NA,NA,NA,NA,NA,NA,NA,NA,NA,NA,NA,NA,NA,NA,NA,NA,High,High,High,NA,NA,NA,NA,NA,192.501939,-63.506786,787.123975,0.446092,12:30:00,0.906388,-0.095101,-0.411603,-10.480627,-22.992979,49.196932,-0.629618,155.817442,-0.708728,-18.557457,0.708728,-0.318255,0.629618,41.617182,-39.021939,0.318255,-0.318255,-155.817442,39.021939,0.629618,18.557457,-41.617182,-0.629618,0.318255,0.708728,-0.708728,NA,NA,NA,NA,NA,NA,NA,NA,NA,NA,NA,NA
NA,NA,NA,NA,NA,NA,NA,NA,NA,NA,NA,NA,NA,NA,NA,NA,153,2025-10-09,16:42:58,1,4,"Rosalia, Robert",1000358948,Left,CAR_EAG,"Alexander, Trace",10000832,Right,CAR_EAG,Undefined,5,Bottom,0,1,2,Curveball,Curveball,FoulBallNotFieldable,Undefined,Undefined,Undefined,0,0,NA,66.29804,1.503962,0.883662,2042.652926,311.479928,04:30:00,6.15419,-1.39863,5.26797,-73.78764,-7.89973,11.49981,1.41858,0.38989,60.86801,-11.842718,2.930225,0.584217,NA,NA,NA,NA,NA,NA,NA,NA,NA,NA,NA,-5.51784,-3.90063,1.30878,50,6.23694,-1.86667,-96.15929,0.35947,-5.08859,17.00779,-35.77124,CAR_EAG,CAR_EAG,CarsonNewman,TeamExclusive,Team,20251009-CarsonNewman-Private-1,8abe2810-a550-11f0-870a-a764b86fb10a,64.51786,NA,NA,5.43002,NA,NA,NA,NA,NA,NA,b9b1564c-54db-4627-8f3f-643d14cd8d51,2025-10-09,20:42:58,2025-10-09T20:42:58Z,2025-10-09T20:42:58Z,NA,v3,CNE,CNE,NA,"Van Ness, Jameson",1000370206,Right,CAR_EAG,dc91792c-d311-47ce-bfd1-0914c46f4e9a,55.23707,-97.08115,8.50389,6.16491,2.29837,-17.88562,1.40248,-1.59086,-2.54429,NA,NA,NA,NA,NA,NA,NA,NA,NA,NA,NA,NA,NA,NA,NA,NA,NA,NA,NA,NA,NA,NA,NA,NA,NA,NA,NA,NA,NA,NA,NA,NA,NA,NA,NA,NA,NA,NA,NA,NA,NA,NA,NA,NA,NA,NA,NA,NA,NA,NA,High,High,High,NA,NA,NA,NA,NA,331.851924,-46.99091,1393.322924,0.682114,05:00:00,0.713186,-0.34087,0.612513,2.140319,49.160179,-75.936394,-0.133916,139.947988,-0.758566,-39.619539,0.758566,-0.637687,0.133916,10.011725,-7.695925,0.637687,-0.637687,-139.947988,7.695925,0.133916,39.619539,-10.011725,-0.133916,0.637687,0.758566,-0.758566,NA,NA,NA,NA,NA,NA,NA,NA,NA,NA,NA,NA
NA,NA,NA,NA,NA,NA,NA,NA,NA,NA,NA,NA,NA,NA,NA,NA,154,2025-10-09,16:43:22,1,5,"Rosalia, Robert",1000358948,Left,CAR_EAG,"Alexander, Trace",10000832,Right,CAR_EAG,Undefined,5,Bottom,0,1,2,Curveball,Curveball,StrikeCalled,Strikeout,Undefined,Undefined,0,0,NA,67.74782,2.812565,-0.116535,1984.438872,317.684198,04:30:00,6.12278,-1.52742,5.3247,-71.37665,-8.71949,9.81201,2.81626,-0.81911,62.13941,-10.141808,1.628871,0.569714,NA,NA,NA,NA,NA,NA,NA,NA,NA,NA,NA,-4.93799,-4.57114,1.53064,50,6.32591,-0.14149,-98.25348,2.66825,-4.78829,16.73547,-36.60664,CAR_EAG,CAR_EAG,CarsonNewman,TeamExclusive,Team,20251009-CarsonNewman-Private-1,99396e90-a550-11f0-870a-a764b86fb10a,66.16028,NA,NA,5.6084,NA,NA,NA,NA,NA,NA,b9b1564c-54db-4627-8f3f-643d14cd8d51,2025-10-09,20:43:22,2025-10-09T20:43:22Z,2025-10-09T20:43:22Z,NA,v3,CNE,CNE,NA,"Van Ness, Jameson",1000370206,Right,CAR_EAG,2292f3f9-b5d7-4ff4-8a27-dae3c709b177,55.18009,-99.13187,8.36774,6.13543,4.58962,-18.30332,1.53147,0.10983,-2.39415,NA,NA,NA,NA,NA,NA,NA,NA,NA,NA,NA,NA,NA,NA,NA,NA,NA,NA,NA,NA,NA,NA,NA,NA,NA,NA,NA,NA,NA,NA,NA,NA,NA,NA,NA,NA,NA,NA,NA,NA,NA,NA,NA,NA,NA,NA,NA,NA,NA,NA,High,High,High,NA,NA,NA,NA,NA,334.585687,-50.803866,1254.119762,0.631977,05:15:00,0.761905,-0.308921,0.569271,-4.025338,51.270719,-72.040404,-0.11317,144.716115,-0.811056,-35.023837,0.811056,-0.573917,0.11317,7.943411,-6.498068,0.573917,-0.573917,-144.716115,6.498068,0.11317,35.023837,-7.943411,-0.11317,0.573917,0.811056,-0.811056,NA,NA,NA,NA,NA,NA,NA,NA,NA,NA,NA,NA
NA,NA,NA,NA,NA,NA,NA,NA,NA,NA,NA,NA,NA,NA,NA,NA,155,2025-10-09,16:43:46,2,1,"Rosalia, Robert",1000358948,Left,CAR_EAG,"Smith, Braxton",1000370200,Right,CAR_EAG,Undefined,5,Bottom,1,0,0,Fastball,Curveball,BallCalled,Undefined,Undefined,Undefined,0,0,NA,74.11292,2.787968,0.766392,1676.541787,200.717727,12:45:00,6.12287,-1.37524,5.28217,-47.6653,4.75437,1.14618,4.77146,-0.5599,67.4124,-5.951927,0.969618,0.521097,NA,NA,NA,NA,NA,NA,NA,NA,NA,NA,NA,-0.34638,2.08165,1.30444,50,6.34273,-1.48033,-107.37948,3.70267,-0.40225,19.52619,-29.75663,CAR_EAG,CAR_EAG,CarsonNewman,TeamExclusive,Team,20251009-CarsonNewman-Private-1,a78eb680-a550-11f0-870a-a764b86fb10a,72.33288,NA,NA,6.70051,NA,NA,NA,NA,NA,NA,b9b1564c-54db-4627-8f3f-643d14cd8d51,2025-10-09,20:43:46,2025-10-09T20:43:46Z,2025-10-09T20:43:46Z,NA,v3,CNE,CNE,NA,"Van Ness, Jameson",1000370206,Right,CAR_EAG,6a41e479-12a7-402d-a8c6-cf48a6ef8687,55.21795,-108.32417,9.7631,6.12877,5.14232,-14.87831,1.37559,-1.46087,-0.20113,NA,NA,NA,NA,NA,NA,NA,NA,NA,NA,NA,NA,NA,NA,NA,NA,NA,NA,NA,NA,NA,NA,NA,NA,NA,NA,NA,NA,67.73217,2.279481,1.304627,0.974854,-1.22655,4.48482,0.51494,1.19226,4.20659,1.01508,65.9595,4.71178,-58.83414,1.20156,69.27159,-2.9295,4.22543,13.94993,-13.82567,0.9685,-68.9667,7.88126,High,High,High,NA,NA,High,High,High,191.366165,-62.872185,764.464524,0.455977,12:30:00,0.890467,-0.133046,-0.435163,-17.172908,-16.336477,47.630349,-0.549211,154.52357,-0.754424,-21.067082,0.754424,-0.359461,0.549211,36.054157,-33.312911,0.359461,-0.359461,-154.52357,33.312911,0.549211,21.067082,-36.054157,-0.549211,0.359461,0.754424,-0.754424,NA,NA,NA,NA,NA,NA,NA,NA,NA,NA,NA,NA
NA,NA,NA,NA,NA,NA,NA,NA,NA,NA,NA,NA,NA,NA,NA,NA,156,2025-10-09,16:44:08,2,2,"Rosalia, Robert",1000358948,Left,CAR_EAG,"Smith, Braxton",1000370200,Right,CAR_EAG,Undefined,5,Bottom,1,1,0,Fastball,Curveball,StrikeSwinging,Undefined,Undefined,Undefined,0,0,NA,74.75292,-0.176276,0.416022,1808.23848,193.436798,12:30:00,6.13483,-1.33858,5.30478,-43.92254,7.5454,1.38618,2.30913,-0.83251,68.26706,-8.219363,0.662455,0.516345,NA,NA,NA,NA,NA,NA,NA,NA,NA,NA,NA,-0.56701,4.37,1.29976,50,6.08726,-0.84054,-108.4088,-1.73648,-0.66976,20.2712,-27.01225,CAR_EAG,CAR_EAG,CarsonNewman,TeamExclusive,Team,20251009-CarsonNewman-Private-1,b473a590-a550-11f0-870a-a764b86fb10a,72.99859,NA,NA,6.48586,NA,NA,NA,NA,NA,NA,b9b1564c-54db-4627-8f3f-643d14cd8d51,2025-10-09,20:44:08,2025-10-09T20:44:08Z,2025-10-09T20:44:08Z,NA,v3,CNE,CNE,NA,"Van Ness, Jameson",1000370206,Right,CAR_EAG,1d5a6dde-2a99-40d5-b68a-bd74ce71394a,55.19443,-109.37579,10.1356,6.13936,-0.44793,-13.50613,1.33909,-0.80859,-0.33488,NA,NA,NA,NA,NA,NA,NA,NA,NA,NA,NA,NA,NA,NA,NA,NA,NA,NA,NA,NA,NA,NA,NA,NA,NA,NA,NA,NA,NA,NA,NA,NA,NA,NA,NA,NA,NA,NA,NA,NA,NA,NA,NA,NA,NA,NA,NA,NA,NA,NA,High,High,High,NA,NA,NA,NA,NA,189.885618,-59.026838,930.585555,0.514637,12:15:00,0.861335,-0.085715,-0.500755,-15.004184,-18.287722,49.309317,-0.521724,158.386439,-0.793132,-18.314949,0.793132,-0.31424,0.521724,33.337004,-31.447939,0.31424,-0.31424,-158.386439,31.447939,0.521724,18.314949,-33.337004,-0.521724,0.31424,0.793132,-0.793132,NA,NA,NA,NA,NA,NA,NA,NA,NA,NA,NA,NA
NA,NA,NA,NA,NA,NA,NA,NA,NA,NA,NA,NA,NA,NA,NA,NA,157,2025-10-09,16:44:25,2,3,"Rosalia, Robert",1000358948,Left,CAR_EAG,"Smith, Braxton",1000370200,Right,CAR_EAG,Undefined,5,Bottom,1,1,1,Curveball,Curveball,StrikeCalled,Undefined,Undefined,Undefined,0,0,NA,67.28002,1.986986,-0.106356,2004.102149,321.744531,04:45:00,6.14772,-1.47931,5.2135,-73.37264,-9.533,9.19126,1.9026,-0.81339,61.84753,-11.27558,1.527615,0.575065,NA,NA,NA,NA,NA,NA,NA,NA,NA,NA,NA,-4.60839,-4.69748,1.48198,50,6.27626,-0.13994,-97.60324,1.14591,-4.40106,16.79435,-36.6602,CAR_EAG,CAR_EAG,CarsonNewman,TeamExclusive,Team,20251009-CarsonNewman-Private-1,bee21660-a550-11f0-870a-a764b86fb10a,65.54471,NA,NA,5.4325,NA,NA,NA,NA,NA,NA,b9b1564c-54db-4627-8f3f-643d14cd8d51,2025-10-09,20:44:25,2025-10-09T20:44:25Z,2025-10-09T20:44:25Z,NA,v3,CNE,CNE,NA,"Van Ness, Jameson",1000370206,Right,CAR_EAG,e4d6404d-cc9b-4e4a-94cd-2af874593809,55.29138,-98.5095,8.39718,6.16105,3.12419,-18.3301,1.48312,0.09755,-2.20053,NA,NA,NA,NA,NA,NA,NA,NA,NA,NA,NA,NA,NA,NA,NA,NA,NA,NA,NA,NA,NA,NA,NA,NA,NA,NA,NA,NA,NA,NA,NA,NA,NA,NA,NA,NA,NA,NA,NA,NA,NA,NA,NA,NA,NA,NA,NA,NA,NA,NA,High,High,High,NA,NA,NA,NA,NA,335.273527,-48.346282,1331.980458,0.664627,05:15:00,0.738206,-0.303744,0.602321,-3.037956,48.354921,-76.728067,-0.141101,142.126979,-0.781476,-37.428544,0.781476,-0.607772,0.141101,10.234855,-8.111535,0.607772,-0.607772,-142.126979,8.111535,0.141101,37.428544,-10.234855,-0.141101,0.607772,0.781476,-0.781476,NA,NA,NA,NA,NA,NA,NA,NA,NA,NA,NA,NA
NA,NA,NA,NA,NA,NA,NA,NA,NA,NA,NA,NA,NA,NA,NA,NA,158,2025-10-09,16:44:46,2,4,"Rosalia, Robert",1000358948,Left,CAR_EAG,"Smith, Braxton",1000370200,Right,CAR_EAG,Undefined,5,Bottom,1,1,2,Curveball,Curveball,FoulBallNotFieldable,Undefined,Undefined,Undefined,0,0,NA,66.71091,1.290661,0.107805,1981.990303,302.421532,04:00:00,6.10843,-1.44275,5.38757,-70.64039,-6.31634,13.23095,1.43172,-0.23912,61.58275,-11.505337,2.467959,0.577242,NA,NA,NA,NA,NA,NA,NA,NA,NA,NA,NA,-6.68977,-3.09315,1.42319,50,6.17334,-0.61565,-96.86442,0.13854,-6.30394,16.28646,-35.0888,CAR_EAG,CAR_EAG,CarsonNewman,TeamExclusive,Team,20251009-CarsonNewman-Private-1,cb2435c0-a550-11f0-870a-a764b86fb10a,65.29744,NA,NA,5.12816,NA,NA,NA,NA,NA,NA,b9b1564c-54db-4627-8f3f-643d14cd8d51,2025-10-09,20:44:46,2025-10-09T20:44:46Z,2025-10-09T20:44:46Z,NA,v3,CNE,CNE,NA,"Van Ness, Jameson",1000370206,Right,CAR_EAG,ae2c3a17-6895-49c5-a259-cc23bd041f6c,55.11816,-97.72118,8.14323,6.1175,1.98442,-17.5444,1.44685,-0.28403,-3.15197,NA,NA,NA,NA,NA,NA,NA,NA,NA,NA,NA,NA,NA,NA,NA,NA,NA,NA,NA,NA,NA,NA,NA,NA,NA,NA,NA,NA,NA,NA,NA,NA,NA,NA,NA,NA,NA,NA,NA,NA,NA,NA,NA,NA,NA,NA,NA,NA,NA,NA,High,High,High,NA,NA,NA,NA,NA,337.01433,-48.499438,1313.321071,0.662627,05:15:00,0.741782,-0.275561,0.611413,5.935598,49.60303,-65.092538,-0.101356,140.041583,-0.762563,-39.711642,0.762563,-0.638924,0.101356,7.571064,-5.817245,0.638924,-0.638924,-140.041583,5.817245,0.101356,39.711642,-7.571064,-0.101356,0.638924,0.762563,-0.762563,NA,NA,NA,NA,NA,NA,NA,NA,NA,NA,NA,NA
NA,NA,NA,NA,NA,NA,NA,NA,NA,NA,NA,NA,NA,NA,NA,NA,159,2025-10-09,16:45:10,2,5,"Rosalia, Robert",1000358948,Left,CAR_EAG,"Smith, Braxton",1000370200,Right,CAR_EAG,Undefined,5,Bottom,1,1,2,Fastball,Curveball,InPlay,Undefined,FlyBall,Out,1,1,NA,74.88989,-0.40946,1.811681,1765.650373,189.189589,12:15:00,6.11093,-1.40447,5.55056,-43.8353,6.60886,0.81386,2.07516,0.35692,68.98662,-8.435436,1.956915,0.511184,74.11072,42.543453,26.354708,NA,93.21914,71.94458,58.39685,249.12202,214.30943,37.242472,4.44384,0.08937,3.88591,1.24704,50,6.04626,-3.46832,-108.72632,-2.12515,0.10696,19.10694,-27.52362,CAR_EAG,CAR_EAG,CarsonNewman,TeamExclusive,Team,20251009-CarsonNewman-Private-1,d96b73f0-a550-11f0-870a-a764b86fb10a,73.73563,75.0456,NA,5.90327,NA,NA,NA,2.41857,2.37948,-0.25313,b9b1564c-54db-4627-8f3f-643d14cd8d51,2025-10-09,20:45:10,2025-10-09T20:45:10Z,2025-10-09T20:45:10Z,FlyBall,v3,CNE,CNE,NA,"Van Ness, Jameson",1000370206,Right,CAR_EAG,7fbf3bfd-0573-4bf9-9af4-bde3dc251e5d,54.95217,-109.59313,9.55347,6.11435,-0.8765,-13.76181,1.40449,-3.47317,0.05348,219.377607,2.42419,71.62609,-14.10111,2.60281,0.38693,-0.44606,0.12899,-0.01644,7.8e-4,2.38028,73.46152,-20.94041,1.17152,0.3203,-0.32614,0.11663,-0.01924,0.0012,-0.25325,35.54994,0.94585,-0.86475,0.28179,-0.0752,0.01926,-0.00331,2.3e-4,NA,NA,NA,NA,NA,NA,NA,NA,NA,NA,NA,NA,NA,NA,NA,NA,NA,NA,NA,NA,NA,NA,High,High,High,High,High,NA,NA,NA,184.947137,-61.684992,837.481212,0.474319,12:15:00,0.895122,-0.034611,-0.444475,-19.288701,-26.430796,54.438727,-0.502589,163.664301,-0.829625,-14.073146,0.829625,-0.24316,0.502589,31.207629,-30.171466,0.24316,-0.24316,-163.664301,30.171466,0.502589,14.073146,-31.207629,-0.502589,0.24316,0.829625,-0.829625,NA,NA,NA,NA,NA,NA,NA,NA,NA,NA,NA,NA
NA,NA,NA,NA,NA,NA,NA,NA,NA,NA,NA,NA,NA,NA,NA,NA,160,2025-10-09,16:45:59,3,1,"Rosalia, Robert",1000358948,Left,CAR_EAG,"Ring, Alex",10041847,Right,CAR_EAG,Undefined,5,Bottom,2,0,0,Fastball,Slider,BallCalled,Undefined,Undefined,Undefined,0,0,NA,73.30134,2.065862,0.941362,1605.931583,207.531408,01:00:00,6.18169,-1.41745,5.32769,-48.88385,4.73264,1.51866,4.0477,-0.40746,66.62238,-6.903058,1.21101,0.527012,NA,NA,NA,NA,NA,NA,NA,NA,NA,NA,NA,-0.47142,2.30866,1.33117,50,6.33375,-1.80297,-106.2212,2.28971,-0.53392,19.67128,-29.55927,CAR_EAG,CAR_EAG,CarsonNewman,TeamExclusive,Team,20251009-CarsonNewman-Private-1,f6862ac0-a550-11f0-870a-a764b86fb10a,71.52101,NA,NA,6.67896,NA,NA,NA,NA,NA,NA,b9b1564c-54db-4627-8f3f-643d14cd8d51,2025-10-09,20:45:59,2025-10-09T20:45:59Z,2025-10-09T20:45:59Z,NA,v3,CNE,CNE,NA,"Van Ness, Jameson",1000370206,Right,CAR_EAG,3645ee87-9957-43f8-965e-d837cd459346,55.1717,-107.17468,9.83564,6.18805,3.72246,-14.77964,1.41794,-1.77709,-0.26696,NA,NA,NA,NA,NA,NA,NA,NA,NA,NA,NA,NA,NA,NA,NA,NA,NA,NA,NA,NA,NA,NA,NA,NA,NA,NA,NA,NA,NA,NA,NA,NA,NA,NA,NA,NA,NA,NA,NA,NA,NA,NA,NA,NA,NA,NA,NA,NA,NA,NA,High,High,High,NA,NA,NA,NA,NA,190.112108,-62.470583,742.267942,0.462204,12:15:00,0.890628,-0.113065,-0.440451,-9.101197,-19.183221,45.757539,-0.613814,152.401873,-0.699626,-21.452289,0.699626,-0.365726,0.613814,41.261998,-37.865828,0.365726,-0.365726,-152.401873,37.865828,0.613814,21.452289,-41.261998,-0.613814,0.365726,0.699626,-0.699626,NA,NA,NA,NA,NA,NA,NA,NA,NA,NA,NA,NA
NA,NA,NA,NA,NA,NA,NA,NA,NA,NA,NA,NA,NA,NA,NA,NA,161,2025-10-09,16:46:16,3,2,"Rosalia, Robert",1000358948,Left,CAR_EAG,"Ring, Alex",10041847,Right,CAR_EAG,Undefined,5,Bottom,2,1,0,Fastball,Changeup,BallCalled,Undefined,Undefined,Undefined,0,0,NA,76.68187,-3.241491,1.277352,1730.521408,181.521915,12:00:00,6.07324,-1.27035,5.73985,-35.8647,11.78394,0.27461,0.0621,-0.05781,71.17744,-9.802395,1.326604,0.496817,NA,NA,NA,NA,NA,NA,NA,NA,NA,NA,NA,0.1937,7.30126,1.16382,50,5.78094,-2.49053,-111.25115,-7.37842,0.24411,18.90378,-22.9717,CAR_EAG,CAR_EAG,CarsonNewman,TeamExclusive,Team,20251009-CarsonNewman-Private-1,00c35260-a551-11f0-870a-a764b86fb10a,75.86782,NA,NA,5.50442,NA,NA,NA,NA,NA,NA,b9b1564c-54db-4627-8f3f-643d14cd8d51,2025-10-09,20:46:16,2025-10-09T20:46:16Z,2025-10-09T20:46:16Z,NA,v3,CNE,CNE,NA,"Van Ness, Jameson",1000370206,Right,CAR_EAG,472ec274-4a3e-49a3-8358-9b1cf82b6ed8,54.76225,-112.05743,9.45189,6.07475,-6.39864,-11.48585,1.27027,-2.50094,0.12206,NA,NA,NA,NA,NA,NA,NA,NA,NA,NA,NA,NA,NA,NA,NA,NA,NA,NA,NA,NA,NA,NA,NA,NA,NA,NA,NA,NA,NA,NA,NA,NA,NA,NA,NA,NA,NA,NA,NA,NA,NA,NA,NA,NA,NA,NA,NA,NA,NA,NA,High,High,High,NA,NA,NA,NA,NA,186.197465,-51.411796,1079.358527,0.623719,12:15:00,0.797834,-0.023028,-0.602438,-5.396992,-25.02472,35.147914,-0.399204,159.283027,-0.857577,-18.925695,0.857577,-0.324342,0.399204,24.962111,-23.528457,0.324342,-0.324342,-159.283027,23.528457,0.399204,18.925695,-24.962111,-0.399204,0.324342,0.857577,-0.857577,NA,NA,NA,NA,NA,NA,NA,NA,NA,NA,NA,NA
NA,NA,NA,NA,NA,NA,NA,NA,NA,NA,NA,NA,NA,NA,NA,NA,162,2025-10-09,16:46:35,3,3,"Rosalia, Robert",1000358948,Left,CAR_EAG,"Ring, Alex",10041847,Right,CAR_EAG,Undefined,5,Bottom,2,2,0,Fastball,Curveball,FoulBallNotFieldable,Undefined,Undefined,Undefined,0,0,NA,75.74421,-0.627701,0.943427,1883.133095,187.534908,12:15:00,6.15075,-1.13733,5.52709,-40.79986,8.50685,0.92126,2.16383,-0.17847,69.74283,-8.110246,1.107856,0.505388,73.75346,47.169468,50.483601,5097.500568,NA,NA,NA,NA,61.36762,NA,NA,-0.20787,4.91292,1.05464,50,6.06883,-1.8451,-109.99225,-2.47073,-0.25479,19.42923,-26.1527,CAR_EAG,CAR_EAG,CarsonNewman,TeamExclusive,Team,20251009-CarsonNewman-Private-1,0c43f680-a551-11f0-870a-a764b86fb10a,74.58126,55.79025,NA,6.00139,NA,NA,NA,0.95764,2.2605,0.24948,b9b1564c-54db-4627-8f3f-643d14cd8d51,2025-10-09,20:46:35,2025-10-09T20:46:35Z,2025-10-09T20:46:35Z,NA,v3,CNE,CNE,NA,"Van Ness, Jameson",1000370206,Right,CAR_EAG,688aaf66-2754-4c12-920c-c3da238065eb,54.97505,-110.86757,9.71462,6.1536,-1.29251,-13.07635,1.1375,-1.83362,-0.1274,226.769275,0.95764,46.79249,-10.9415,2.1946,-0.47642,0.09264,-0.0204,0.00386,-4.4e-4,2.2605,79.32954,-24.80147,2.76116,-0.59767,0.12003,-0.024140000000000002,0.00475,-5.5e-4,0.24948,56.73074,-2.80119,-0.08278,0.08864,-0.033890000000000003,0.00774,-0.00177,2.1e-4,NA,NA,NA,NA,NA,NA,NA,NA,NA,NA,NA,NA,NA,NA,NA,NA,NA,NA,NA,NA,NA,NA,High,High,High,High,Undefined,NA,NA,NA,191.532871,-59.826718,946.494454,0.502617,12:30:00,0.87355,-0.091011,-0.478151,-11.939292,-18.514813,47.878592,-0.565994,155.650624,-0.751077,-19.871001,0.751077,-0.339904,0.565994,37.00085,-34.471363,0.339904,-0.339904,-155.650624,34.471363,0.565994,19.871001,-37.00085,-0.565994,0.339904,0.751077,-0.751077,NA,NA,NA,NA,NA,NA,NA,NA,NA,NA,NA,NA
NA,NA,NA,NA,NA,NA,NA,NA,NA,NA,NA,NA,NA,NA,NA,NA,163,2025-10-09,16:47:00,3,4,"Rosalia, Robert",1000358948,Left,CAR_EAG,"Ring, Alex",10041847,Right,CAR_EAG,Undefined,5,Bottom,2,2,1,Fastball,Curveball,FoulBallNotFieldable,Undefined,Undefined,Undefined,0,0,NA,74.60181,0.91501,0.956151,1823.206237,181.662955,12:00:00,6.18449,-1.44984,5.38737,-42.56144,8.81115,0.20689,3.49557,-0.53628,68.14197,-6.910931,0.99295,0.515866,NA,NA,NA,NA,NA,NA,NA,NA,NA,NA,NA,0.17406,4.65063,1.3642,50,6.23648,-1.814,-108.22579,0.40209,0.20552,19.68291,-26.68304,CAR_EAG,CAR_EAG,CarsonNewman,TeamExclusive,Team,20251009-CarsonNewman-Private-1,1ae38de0-a551-11f0-870a-a764b86fb10a,73.06629,NA,NA,6.45983,NA,NA,NA,NA,NA,NA,b9b1564c-54db-4627-8f3f-643d14cd8d51,2025-10-09,20:47:00,2025-10-09T20:47:00Z,2025-10-09T20:47:00Z,NA,v3,CNE,CNE,NA,"Van Ness, Jameson",1000370206,Right,CAR_EAG,c09deea7-85a0-40b5-a14e-d7aeaddd98bc,55.11315,-109.15175,9.84146,6.18804,1.65737,-13.34152,1.44976,-1.82367,0.10276,NA,NA,NA,NA,NA,NA,NA,NA,NA,NA,NA,NA,NA,NA,NA,NA,NA,NA,NA,NA,NA,NA,NA,NA,NA,NA,NA,NA,NA,NA,NA,NA,NA,NA,NA,NA,NA,NA,NA,NA,NA,NA,NA,NA,NA,NA,NA,NA,NA,NA,High,High,High,NA,NA,NA,NA,NA,186.733049,-57.496918,979.6907,0.537345,12:15:00,0.851037,-0.07646,-0.51951,-8.760336,-10.723623,50.672046,-0.607266,151.807114,-0.700241,-22.046193,0.700241,-0.375354,0.607266,40.932623,-37.392076,0.375354,-0.375354,-151.807114,37.392076,0.607266,22.046193,-40.932623,-0.607266,0.375354,0.700241,-0.700241,NA,NA,NA,NA,NA,NA,NA,NA,NA,NA,NA,NA
NA,NA,NA,NA,NA,NA,NA,NA,NA,NA,NA,NA,NA,NA,NA,NA,164,2025-10-09,16:47:24,3,5,"Rosalia, Robert",1000358948,Left,CAR_EAG,"Ring, Alex",10041847,Right,CAR_EAG,Undefined,5,Bottom,2,2,2,Fastball,Slider,InPlay,Undefined,LineDrive,Out,1,0,NA,76.16991,-0.038088,0.785158,1688.009123,204.777967,12:45:00,6.19058,-1.20309,5.41385,-40.8899,8.27052,3.08075,2.7474,-0.21072,69.76079,-7.543407,1.333635,0.504637,84.79589,8.752842,3.507007,1178.436255,109.39094,7.64877,11.55829,159.46417,138.67455,7.092386,1.492215,-1.32736,4.63941,1.13102,50,6.15878,-1.63211,-110.54289,-1.37264,-1.63665,20.35146,-26.45352,CAR_EAG,CAR_EAG,CarsonNewman,TeamExclusive,Team,20251009-CarsonNewman-Private-1,29330970-a551-11f0-870a-a764b86fb10a,74.69216,8.95569,NA,6.40912,NA,NA,NA,1.00203,2.66675,0.18088,b9b1564c-54db-4627-8f3f-643d14cd8d51,2025-10-09,20:47:24,2025-10-09T20:47:24Z,2025-10-09T20:47:24Z,GroundBall,v3,CNE,CNE,NA,"Van Ness, Jameson",1000370206,Right,CAR_EAG,cbd5e4e3-a322-4a45-be69-4aa086f15942,55.08705,-111.47551,10.17573,6.1939,-0.1604,-13.22676,1.20409,-1.55711,-0.81833,237.672968,1.00203,122.68854,-15.16121,3.0831,-0.59547,0.10906,-0.01996,0.00317,-2.7e-4,2.66675,18.92524,-14.54459,0.46959,-0.01136,-0.00849,0.00438,-6.9e-4,5e-5,0.18088,7.51901,5.20674,-1.35928,0.3247,-0.07075,0.01431,-0.00236,2.1e-4,NA,NA,NA,NA,NA,NA,NA,NA,NA,NA,NA,NA,NA,NA,NA,NA,NA,NA,NA,NA,NA,NA,High,High,High,High,High,NA,NA,NA,186.213647,-54.941435,969.615106,0.574413,12:15:00,0.826355,-0.061628,-0.559768,-12.06457,-17.812093,47.284687,-0.490313,158.463006,-0.810696,-18.659684,0.810696,-0.319946,0.490313,31.165747,-29.361135,0.319946,-0.319946,-158.463006,29.361135,0.490313,18.659684,-31.165747,-0.490313,0.319946,0.810696,-0.810696,NA,NA,NA,NA,NA,NA,NA,NA,NA,NA,NA,NA
NA,NA,NA,NA,NA,NA,NA,NA,NA,NA,NA,NA,NA,NA,NA,NA,165,2025-10-09,16:49:38,1,1,"Sharp, Will",1000370214,Right,CAR_EAG,"Mutter, Evan",1000300074,Right,CAR_EAG,Undefined,6,Top,0,0,0,Fastball,Slider,FoulBallNotFieldable,Undefined,Undefined,Undefined,0,0,NA,80.01622,-1.147808,-3.03534,1918.991622,184.085385,12:15:00,6.03826,2.64355,5.80826,-32.38557,11.34449,0.71445,2.27036,-0.1224,73.68163,-7.135224,-2.907529,0.47595,64.75422,49.382571,67.767295,5679.613376,NA,NA,NA,NA,57.22322,NA,NA,-1.18571,6.50741,-2.39469,50,5.92456,6.1297,-116.10235,-3.3224,-1.62317,21.14114,-23.26566,CAR_EAG,CAR_EAG,CarsonNewman,TeamExclusive,Team,20251009-CarsonNewman-Private-1,792d47b0-a551-11f0-870a-a764b86fb10a,79.1941,58.56447,NA,6.33459,NA,NA,NA,0.31523,2.45378,0.25464,b9b1564c-54db-4627-8f3f-643d14cd8d51,2025-10-09,20:49:38,2025-10-09T20:49:38Z,2025-10-09T20:49:38Z,NA,v3,CNE,CNE,NA,"Cochran, Carson",10085797,Right,CAR_EAG,af883484-533e-4615-b59c-9a882cd50572,54.69375,-116.95392,10.57057,6.03951,-2.38526,-11.63283,-2.64291,6.19508,-0.81158,215.958779,0.31523,23.3937,-11.49267,2.77986,-0.70467,0.12246,-0.02244,0.00412,-3e-4,2.45378,72.09124,-20.09901,2.05253,-0.36696,0.06547,-0.00822,0.00126,-2.6e-4,0.25464,57.23112,-5.33255,-0.07989,0.19955,-0.08919,0.02087,-0.00433,4e-4,NA,NA,NA,NA,NA,NA,NA,NA,NA,NA,NA,NA,NA,NA,NA,NA,NA,NA,NA,NA,NA,NA,High,High,High,High,Undefined,NA,NA,NA,225.448938,46.336577,1324.911609,0.690421,01:30:00,-0.738054,-0.506404,-0.445905,-84.634414,-33.237324,-69.31923,-0.406059,175.854759,-0.911456,-3.787569,0.911456,-0.066057,0.406059,24.013273,-23.957532,0.066057,-0.066057,-175.854759,23.957532,0.406059,3.787569,-24.013273,-0.406059,0.066057,0.911456,-0.911456,NA,NA,NA,NA,NA,NA,NA,NA,NA,NA,NA,NA
NA,NA,NA,NA,NA,NA,NA,NA,NA,NA,NA,NA,NA,NA,NA,NA,166,2025-10-09,16:49:58,1,2,"Sharp, Will",1000370214,Right,CAR_EAG,"Mutter, Evan",1000300074,Right,CAR_EAG,Undefined,6,Top,0,0,1,Slider,Curveball,InPlay,Undefined,FlyBall,Out,1,0,NA,72.42077,-0.23775,-2.653816,1796.929162,167.217641,11:30:00,6.06319,2.27169,5.17672,-44.89321,9.14438,-1.74169,2.09812,-0.37252999999999997,67.60593,-8.365311,-2.962027,0.529078,69.30651,68.400066,28.790837,NA,NA,NA,NA,NA,36.179,NA,NA,0.25087,5.05134,-2.02309,50,6.00654,4.93749,-105.16922,-1.84686,0.28516,15.35234,-26.43249,CAR_EAG,CAR_EAG,CarsonNewman,TeamExclusive,Team,20251009-CarsonNewman-Private-1,853c4920-a551-11f0-870a-a764b86fb10a,71.24179,86.9168,NA,4.81484,NA,NA,NA,1.47566,2.3874,0.62646,b9b1564c-54db-4627-8f3f-643d14cd8d51,2025-10-09,20:49:58,2025-10-09T20:49:58Z,2025-10-09T20:49:58Z,NA,v3,CNE,CNE,NA,"Cochran, Carson",10085797,Right,CAR_EAG,ffcc82da-370b-4142-b35d-dbb300ba4288,55.32671,-105.94395,7.67617,6.06608,-0.513,-13.21624,-2.27189,4.9231,0.14258,189.744551,1.47567,32.79105,-12.00034,3.41476,0.18053,-1.06485,0.78668,-0.28675,0.043,2.3874,94.51216,-24.28233,2.53248,-0.74547,0.48867,-0.30237000000000003,0.107,-0.01602,0.62646,18.02175,-2.06244,0.40714,-0.06043,0.01371,-0.0058,0.00198,-3.2e-4,NA,NA,NA,NA,NA,NA,NA,NA,NA,NA,NA,NA,NA,NA,NA,NA,NA,NA,NA,NA,NA,NA,High,High,High,High,Undefined,NA,NA,NA,118.001706,81.840935,255.023321,0.141922,10:00:00,-0.992412,0.121199,-0.020704,86.393908,5.679999,10.01134,0.096381,107.444735,-0.29839,71.725509,0.29839,-0.949565,-0.096381,17.900661,5.53082,0.949565,0.949565,-107.444735,-5.53082,0.096381,-71.725509,-17.900661,-0.096381,-0.949565,0.29839,-0.29839,NA,NA,NA,NA,NA,NA,NA,NA,NA,NA,NA,NA
NA,NA,NA,NA,NA,NA,NA,NA,NA,NA,NA,NA,NA,NA,NA,NA,167,2025-10-09,16:50:33,2,1,"Sharp, Will",1000370214,Right,CAR_EAG,"Wyatt, Jack",10013525,Right,CAR_EAG,Undefined,6,Top,1,0,0,Slider,Curveball,BallCalled,Undefined,Undefined,Undefined,0,0,NA,74.05441,-0.874587,-4.161427,1868.115596,155.967621,11:15:00,6.10502,2.60131,5.23677,-46.33156,6.1189,-1.99602,1.41974,-1.48353,68.35836,-9.266538,-4.514182,0.52125,NA,NA,NA,NA,NA,NA,NA,NA,NA,NA,NA,-0.15465,3.81831,-2.21612,50,5.98994,7.87508,-107.19831,-3.13073,-0.18006,18.42172,-27.72816,CAR_EAG,CAR_EAG,CarsonNewman,TeamExclusive,Team,20251009-CarsonNewman-Private-1,9a3b7fd0-a551-11f0-870a-a764b86fb10a,72.31164,NA,NA,5.69605,NA,NA,NA,NA,NA,NA,b9b1564c-54db-4627-8f3f-643d14cd8d51,2025-10-09,20:50:33,2025-10-09T20:50:33Z,2025-10-09T20:50:33Z,NA,v3,CNE,CNE,NA,"Cochran, Carson",10085797,Right,CAR_EAG,70d9ae21-eeef-4b3f-ab8c-dd09673fb8c4,55.26407,-108.09914,9.21086,6.10988,-1.77481,-13.86408,-2.60143,7.8838800000000004,-0.09003,NA,NA,NA,NA,NA,NA,NA,NA,NA,NA,NA,NA,NA,NA,NA,NA,NA,NA,NA,NA,NA,NA,NA,NA,NA,NA,NA,NA,NA,NA,NA,NA,NA,NA,NA,NA,NA,NA,NA,NA,NA,NA,NA,NA,NA,NA,NA,NA,NA,NA,High,High,High,NA,NA,NA,NA,NA,145.542722,81.359449,280.656528,0.150235,10:45:00,-0.996212,0.069901,-0.051721,95.92342,0.64657,17.059606,0.098779,110.650006,-0.350934,68.618837,0.350934,-0.931176,-0.098779,15.720546,5.668855,0.931176,0.931176,-110.650006,-5.668855,0.098779,-68.618837,-15.720546,-0.098779,-0.931176,0.350934,-0.350934,NA,NA,NA,NA,NA,NA,NA,NA,NA,NA,NA,NA
NA,NA,NA,NA,NA,NA,NA,NA,NA,NA,NA,NA,NA,NA,NA,NA,168,2025-10-09,16:50:51,2,2,"Sharp, Will",1000370214,Right,CAR_EAG,"Wyatt, Jack",10013525,Right,CAR_EAG,Undefined,6,Top,1,1,0,Slider,Slider,BallCalled,Undefined,Undefined,Undefined,0,0,NA,73.2922,-1.274771,-4.108542,1989.267119,103.012527,09:30:00,6.23293,2.32053,5.27854,-50.47672,2.8137,-5.29248,0.82594,-1.98605,68.13221,-10.365508,-5.045315,0.525407,NA,NA,NA,NA,NA,NA,NA,NA,NA,NA,NA,1.55602,2.23992,-1.94074,50,6.07908,7.81967,-106.15879,-3.98028,1.78196,17.57062,-29.60888,CAR_EAG,CAR_EAG,CarsonNewman,TeamExclusive,Team,20251009-CarsonNewman-Private-1,a4a7f4d0-a551-11f0-870a-a764b86fb10a,71.73949,NA,NA,5.15999,NA,NA,NA,NA,NA,NA,b9b1564c-54db-4627-8f3f-643d14cd8d51,2025-10-09,20:50:51,2025-10-09T20:50:51Z,2025-10-09T20:50:51Z,NA,v3,CNE,CNE,NA,"Cochran, Carson",10085797,Right,CAR_EAG,1e5f67d7-e2b4-4f71-83ea-caceab2c3d96,55.2241,-107.01995,8.78531,6.2386,-2.52911,-14.80444,-2.32186,7.73234,0.89098,NA,NA,NA,NA,NA,NA,NA,NA,NA,NA,NA,NA,NA,NA,NA,NA,NA,NA,NA,NA,NA,NA,NA,NA,NA,NA,NA,NA,NA,NA,NA,NA,NA,NA,NA,NA,NA,NA,NA,NA,NA,NA,NA,NA,NA,NA,NA,NA,NA,NA,High,High,High,NA,NA,NA,NA,NA,111.132994,81.900784,280.263254,0.140888,09:45:00,-0.993792,0.109355,0.020459,90.285332,2.668482,17.526924,0.024002,113.784885,-0.403188,66.177691,0.403188,-0.914802,-0.024002,3.406841,1.37535,0.914802,0.914802,-113.784885,-1.37535,0.024002,-66.177691,-3.406841,-0.024002,-0.914802,0.403188,-0.403188,NA,NA,NA,NA,NA,NA,NA,NA,NA,NA,NA,NA
NA,NA,NA,NA,NA,NA,NA,NA,NA,NA,NA,NA,NA,NA,NA,NA,169,2025-10-09,16:51:10,2,3,"Sharp, Will",1000370214,Right,CAR_EAG,"Wyatt, Jack",10013525,Right,CAR_EAG,Undefined,6,Top,1,2,0,Fastball,Changeup,FoulBallNotFieldable,Undefined,Undefined,Undefined,0,0,NA,81.02528,-0.431664,-2.522306,2064.590661,211.14908,01:00:00,6.09147,2.38612,6.00494,-32.44203,9.60323,5.06992,2.98761,0.47003,74.88901,-6.445882,-1.611184,0.466692,96.21741,23.974209,-36.847422,1971.094166,85.33836,39.68951,-69.407,309.01095,243.34192,-45.262438,3.443701,-3.27067,5.41288,-2.19055,50,6.03948,5.00154,-117.74986,-1.87168,-4.63023,20.61415,-24.51116,CAR_EAG,CAR_EAG,CarsonNewman,TeamExclusive,Team,20251009-CarsonNewman-Private-1,b01510f0-a551-11f0-870a-a764b86fb10a,80.7652,46.54081,NA,6.13627,NA,NA,NA,2.24328,3.27205,-0.40114,b9b1564c-54db-4627-8f3f-643d14cd8d51,2025-10-09,20:51:10,2025-10-09T20:51:10Z,2025-10-09T20:51:10Z,LineDrive,v3,CNE,CNE,NA,"Cochran, Carson",10085797,Right,CAR_EAG,b1b00ddb-bebf-495f-9662-534156116242,54.4984,-118.53476,10.30708,6.09298,-0.93839,-12.25558,-2.38434,5.17784,-2.31511,NA,2.24272,103.20573,-19.31339,3.96716,-0.87475,0.16507,-0.02442,0.00177,3e-5,3.27221,57.33471,-21.78399,2.37252,-0.49227,0.1005,-0.01907,0.00338,-3.2e-4,-0.40134,-77.31558,4.97648,-0.51509,0.19301,-0.09641,0.02957,-0.00438,2.3e-4,NA,NA,NA,NA,NA,NA,NA,NA,NA,NA,NA,NA,NA,NA,NA,NA,NA,NA,NA,NA,NA,NA,High,High,High,High,Medium,NA,NA,NA,223.048737,47.807578,1386.625743,0.671623,01:30:00,-0.758303,-0.464032,-0.457876,54.362527,66.333975,70.88371,-0.33115,171.247799,-0.932591,-8.254835,0.932591,-0.143576,0.33115,19.549232,-19.338581,0.143576,-0.143576,-171.247799,19.338581,0.33115,8.254835,-19.549232,-0.33115,0.143576,0.932591,-0.932591,NA,NA,NA,NA,NA,NA,NA,NA,NA,NA,NA,NA
NA,NA,NA,NA,NA,NA,NA,NA,NA,NA,NA,NA,NA,NA,NA,NA,170,2025-10-09,16:51:53,2,4,"Sharp, Will",1000370214,Right,CAR_EAG,"Wyatt, Jack",10013525,Right,CAR_EAG,Undefined,6,Top,1,2,1,Slider,Curveball,HitByPitch,Undefined,Undefined,Undefined,0,0,NA,70.37361,2.333524,-0.440143,1608.037318,79.150655,08:45:00,6.10237,2.45699,5.2231,-57.04972,0.97264,-4.55756,3.5435,1.66336,64.51879,-8.053427,-1.248253,0.548238,NA,NA,NA,NA,NA,NA,NA,NA,NA,NA,NA,2.15378,0.35032,-2.41279,50,6.27492,0.9484,-102.06337,2.38912,2.26615,17.19081,-31.80546,CAR_EAG,CAR_EAG,CarsonNewman,TeamExclusive,Team,20251009-CarsonNewman-Private-1,c970eb00-a551-11f0-870a-a764b86fb10a,68.75197,NA,NA,5.85482,NA,NA,NA,NA,NA,NA,b9b1564c-54db-4627-8f3f-643d14cd8d51,2025-10-09,20:51:53,2025-10-09T20:51:53Z,2025-10-09T20:51:53Z,NA,v3,CNE,CNE,NA,"Cochran, Carson",10085797,Right,CAR_EAG,89cf50f2-ff9b-4a9a-9479-f7c1cceabe99,55.27923,-102.94872,8.59541,6.1097,4.02715,-15.90273,-2.45863,0.83168,1.13308,NA,NA,NA,NA,NA,NA,NA,NA,NA,NA,NA,NA,NA,NA,NA,NA,NA,NA,NA,NA,NA,NA,NA,NA,NA,NA,NA,NA,NA,NA,NA,NA,NA,NA,NA,NA,NA,NA,NA,NA,NA,NA,NA,NA,NA,NA,NA,NA,NA,NA,High,High,High,NA,NA,NA,NA,NA,96.839551,77.253088,354.805183,0.220645,09:15:00,-0.965799,0.258606,-0.018858,81.043487,6.440041,4.378544,0.071267,110.371902,-0.347227,69.239314,0.347227,-0.935069,-0.071267,11.598689,4.086776,0.935069,0.935069,-110.371902,-4.086776,0.071267,-69.239314,-11.598689,-0.071267,-0.935069,0.347227,-0.347227,NA,NA,NA,NA,NA,NA,NA,NA,NA,NA,NA,NA
NA,NA,NA,NA,NA,NA,NA,NA,NA,NA,NA,NA,NA,NA,NA,NA,171,2025-10-09,16:52:58,3,1,"Sharp, Will",1000370214,Right,CAR_EAG,"Floyd, Logan",1000148156,Right,CAR_EAG,Undefined,6,Top,1,0,0,Fastball,Changeup,StrikeCalled,Undefined,Undefined,Undefined,0,0,NA,78.76831,-0.832468,-2.17599,1962.030156,206.669432,01:00:00,6.07658,2.4583,5.75925,-35.43215,9.64642,4.16032,2.34839,0.7785,72.64592,-7.366399,-1.431154,0.483233,NA,NA,NA,NA,NA,NA,NA,NA,NA,NA,NA,-2.69083,5.56752,-2.28034,50,5.98597,4.18829,-114.37589,-2.76161,-3.58194,20.12667,-24.76273,CAR_EAG,CAR_EAG,CarsonNewman,TeamExclusive,Team,20251009-CarsonNewman-Private-1,f08bc070-a551-11f0-870a-a764b86fb10a,78.00056,NA,NA,6.12239,NA,NA,NA,NA,NA,NA,b9b1564c-54db-4627-8f3f-643d14cd8d51,2025-10-09,20:52:58,2025-10-09T20:52:58Z,2025-10-09T20:52:58Z,NA,v3,CNE,CNE,NA,"Cochran, Carson",10085797,Right,CAR_EAG,35f43ba6-19d0-4c4a-be39-9107e9fc4927,54.74186,-115.20729,10.06334,6.07892,-1.7387,-12.38137,-2.45641,4.33626,-1.79097,NA,NA,NA,NA,NA,NA,NA,NA,NA,NA,NA,NA,NA,NA,NA,NA,NA,NA,NA,NA,NA,NA,NA,NA,NA,NA,NA,NA,NA,NA,NA,NA,NA,NA,NA,NA,NA,NA,NA,NA,NA,NA,NA,NA,NA,NA,NA,NA,NA,NA,High,High,High,NA,NA,NA,NA,NA,221.613884,46.868564,1341.389561,0.683674,01:30:00,-0.742,-0.464588,-0.483316,-82.333504,-44.237655,-74.50989,-0.404068,170.021243,-0.900891,-9.120249,0.900891,-0.158507,0.404068,24.1572,-23.832728,0.158507,-0.158507,-170.021243,23.832728,0.404068,9.120249,-24.1572,-0.404068,0.158507,0.900891,-0.900891,NA,NA,NA,NA,NA,NA,NA,NA,NA,NA,NA,NA
NA,NA,NA,NA,NA,NA,NA,NA,NA,NA,NA,NA,NA,NA,NA,NA,172,2025-10-09,16:53:17,3,2,"Sharp, Will",1000370214,Right,CAR_EAG,"Floyd, Logan",1000148156,Right,CAR_EAG,Undefined,6,Top,1,0,1,Fastball,Changeup,StrikeSwinging,Undefined,Undefined,Undefined,0,0,NA,79.84163,-0.062124,-3.732465,1923.760268,203.806869,12:45:00,6.0953,2.36677,5.61566,-34.91577,8.89973,3.40004,3.12755,-0.83855,74.1652,-6.462442,-3.127279,0.476415,NA,NA,NA,NA,NA,NA,NA,NA,NA,NA,NA,-2.60614,4.90835,-2.04974,50,6.0673,7.42886,-115.88281,-1.25304,-3.59678,18.62552,-25.39998,CAR_EAG,CAR_EAG,CarsonNewman,TeamExclusive,Team,20251009-CarsonNewman-Private-1,fbe8fe10-a551-11f0-870a-a764b86fb10a,79.11687,NA,NA,5.67643,NA,NA,NA,NA,NA,NA,b9b1564c-54db-4627-8f3f-643d14cd8d51,2025-10-09,20:53:17,2025-10-09T20:53:17Z,2025-10-09T20:53:17Z,NA,v3,CNE,CNE,NA,"Cochran, Carson",10085797,Right,CAR_EAG,670b253b-0a95-40cf-a025-1e3d609a95b9,54.88698,-116.66564,9.31276,6.09753,-0.18549,-12.69999,-2.36515,7.58003,-1.79839,NA,NA,NA,NA,NA,NA,NA,NA,NA,NA,NA,NA,NA,NA,NA,NA,NA,NA,NA,NA,NA,NA,NA,NA,NA,NA,NA,NA,NA,NA,NA,NA,NA,NA,NA,NA,NA,NA,NA,NA,NA,NA,NA,NA,NA,NA,NA,NA,NA,NA,High,High,High,NA,NA,NA,NA,NA,222.641279,45.313405,1352.842833,0.703228,01:30:00,-0.742615,-0.477142,-0.469956,-89.620509,-23.564115,-64.116598,-0.467231,174.072083,-0.879407,-5.239032,0.879407,-0.091311,0.467231,27.981822,-27.854726,0.091311,-0.091311,-174.072083,27.854726,0.467231,5.239032,-27.981822,-0.467231,0.091311,0.879407,-0.879407,NA,NA,NA,NA,NA,NA,NA,NA,NA,NA,NA,NA
NA,NA,NA,NA,NA,NA,NA,NA,NA,NA,NA,NA,NA,NA,NA,NA,173,2025-10-09,16:53:39,3,3,"Sharp, Will",1000370214,Right,CAR_EAG,"Floyd, Logan",1000148156,Right,CAR_EAG,Undefined,6,Top,1,0,2,Fastball,Changeup,FoulBallNotFieldable,Undefined,Undefined,Undefined,0,0,NA,79.30258,-0.018726,-3.007061,1970.315471,224.117422,01:30:00,6.15438,2.40594,5.60177,-36.59923,8.42674,6.77685,3.08694,0.16071,72.62587,-6.764819,-1.799054,0.482951,59.85843,54.656357,173.245851,4798.021944,NA,NA,NA,NA,22.54695,NA,NA,-4.30012,4.6841,-2.15272,50,6.129,5.78251,-115.02103,-1.20603,-5.75359,21.58021,-25.9067,CAR_EAG,CAR_EAG,CarsonNewman,TeamExclusive,Team,20251009-CarsonNewman-Private-1,08fdfdd0-a552-11f0-870a-a764b86fb10a,78.0461,31.82319,NA,6.67671,NA,NA,NA,1.7458,3.26044,-0.15919,b9b1564c-54db-4627-8f3f-643d14cd8d51,2025-10-09,20:53:39,2025-10-09T20:53:39Z,2025-10-09T20:53:39Z,NA,v3,CNE,CNE,NA,"Cochran, Carson",10085797,Right,CAR_EAG,bd14f17b-6b15-4458-94f3-64a58a36bbcc,54.90029,-115.93678,10.7901,6.15685,-0.1067,-12.95335,-2.40328,6.02666,-2.87679,345.65874,1.74816,-50.50186,2.5215,NA,NA,NA,NA,NA,NA,3.2836,70.97402,-26.26902,NA,NA,NA,NA,NA,NA,-0.15424,5.83592,-2.22721,NA,NA,NA,NA,NA,NA,NA,NA,NA,NA,NA,NA,NA,NA,NA,NA,NA,NA,NA,NA,NA,NA,NA,NA,NA,NA,NA,NA,High,High,High,High,Undefined,NA,NA,NA,221.707095,43.808263,1421.898656,0.72166,01:30:00,-0.7194,-0.480363,-0.501712,-81.970278,-32.569161,-67.993939,-0.394136,172.386152,-0.910949,-6.994305,0.910949,-0.121771,0.394136,23.396463,-23.212111,0.121771,-0.121771,-172.386152,23.212111,0.394136,6.994305,-23.396463,-0.394136,0.121771,0.910949,-0.910949,NA,NA,NA,NA,NA,NA,NA,NA,NA,NA,NA,NA
NA,NA,NA,NA,NA,NA,NA,NA,NA,NA,NA,NA,NA,NA,NA,NA,174,2025-10-09,16:54:03,3,4,"Sharp, Will",1000370214,Right,CAR_EAG,"Floyd, Logan",1000148156,Right,CAR_EAG,Undefined,6,Top,1,0,2,Fastball,Changeup,InPlay,Undefined,LineDrive,Out,1,0,NA,79.56292,-0.214561,-3.349565,2093.710691,244.006029,02:15:00,5.92338,2.46779,5.61754,-39.01423,5.80457,8.91044,2.47159,0.08053,72.78809,-7.389492,-1.760689,0.481839,88.89842,19.205804,-27.885954,1856.399878,95.72626,29.88286,-54.18923,287.37302,281.63852,-33.212165,3.136505,-5.51079,3.40795,-2.18748,50,5.87979,6.40949,-115.35183,-1.69422,-7.39926,22.1545,-27.59825,CAR_EAG,CAR_EAG,CarsonNewman,TeamExclusive,Team,20251009-CarsonNewman-Private-1,16e31ed0-a552-11f0-870a-a764b86fb10a,78.22626,33.15799,NA,6.77483,NA,NA,NA,2.1763,2.6424,-0.06522,b9b1564c-54db-4627-8f3f-643d14cd8d51,2025-10-09,20:54:03,2025-10-09T20:54:03Z,2025-10-09T20:54:03Z,LineDrive,v3,CNE,CNE,NA,"Cochran, Carson",10085797,Right,CAR_EAG,383b9d38-6cb4-46a3-a0d5-0741356891e0,54.88486,-116.28624,11.07725,5.9267,-0.53022,-13.79913,-2.46439,6.72157,-3.69963,134.918444,2.17599,108.84219,-16.44831,3.46899,-1.07779,0.45272,-0.16344,0.03342,-0.00274,2.6427,42.87985,-16.19912,0.74958,0.20672,-0.2404,0.10762,-0.0225,0.00179,-0.06493,-57.59977,2.46547,0.00179,0.11757,-0.13381,0.05821,-0.01221,9.9e-4,NA,NA,NA,NA,NA,NA,NA,NA,NA,NA,NA,NA,NA,NA,NA,NA,NA,NA,NA,NA,NA,NA,High,High,High,High,High,NA,NA,NA,229.105422,44.576377,1491.38253,0.712315,01:45:00,-0.725889,-0.541075,-0.424645,-89.145059,-43.682216,-61.914145,-0.387097,167.787895,-0.901174,-11.247065,0.901174,-0.19504,0.387097,23.245823,-22.773999,0.19504,-0.19504,-167.787895,22.773999,0.387097,11.247065,-23.245823,-0.387097,0.19504,0.901174,-0.901174,NA,NA,NA,NA,NA,NA,NA,NA,NA,NA,NA,NA
NA,NA,NA,NA,NA,NA,NA,NA,NA,NA,NA,NA,NA,NA,NA,NA,175,2025-10-09,16:54:37,4,1,"Sharp, Will",1000370214,Right,CAR_EAG,"Nathan, Cole",1000323259,Right,CAR_EAG,Undefined,6,Top,2,0,0,Slider,Curveball,BallCalled,Undefined,Undefined,Undefined,0,0,NA,74.08802,-1.196604,-3.732528,1983.15307,151.538142,11:00:00,6.10829,2.47799,5.00773,-48.92203,3.33323,-1.01429,0.89933,-1.13491,69.20447,-9.965889,-3.911348,0.520279,NA,NA,NA,NA,NA,NA,NA,NA,NA,NA,NA,-0.41106,2.38071,-2.11819,50,5.95323,7.0455,-107.40919,-3.88564,-0.48573,16.60813,-29.36104,CAR_EAG,CAR_EAG,CarsonNewman,TeamExclusive,Team,20251009-CarsonNewman-Private-1,2b31a320-a552-11f0-870a-a764b86fb10a,72.44657,NA,NA,4.88355,NA,NA,NA,NA,NA,NA,b9b1564c-54db-4627-8f3f-643d14cd8d51,2025-10-09,20:54:37,2025-10-09T20:54:37Z,2025-10-09T20:54:37Z,NA,v3,CNE,CNE,NA,"Cochran, Carson",10085797,Right,CAR_EAG,3bf6c360-b7e8-4548-8d04-7f5a47d7623e,55.49584,-108.25565,8.30406,6.11313,-2.38921,-14.68052,-2.47791,7.07026,-0.24286,NA,NA,NA,NA,NA,NA,NA,NA,NA,NA,NA,NA,NA,NA,NA,NA,NA,NA,NA,NA,NA,NA,NA,NA,NA,NA,NA,NA,NA,NA,NA,NA,NA,NA,NA,NA,NA,NA,NA,NA,NA,NA,NA,NA,NA,NA,NA,NA,NA,NA,High,High,High,NA,NA,NA,NA,NA,178.400797,82.948072,243.469421,0.122769,12:00:00,-0.998175,-0.0173,-0.057864,95.261872,-3.187269,22.806529,0.040212,111.660686,-0.368811,68.222927,0.368811,-0.928634,-0.040212,6.222414,2.304579,0.928634,0.928634,-111.660686,-2.304579,0.040212,-68.222927,-6.222414,-0.040212,-0.928634,0.368811,-0.368811,NA,NA,NA,NA,NA,NA,NA,NA,NA,NA,NA,NA
NA,NA,NA,NA,NA,NA,NA,NA,NA,NA,NA,NA,NA,NA,NA,NA,176,2025-10-09,16:54:57,4,2,"Sharp, Will",1000370214,Right,CAR_EAG,"Nathan, Cole",1000323259,Right,CAR_EAG,Undefined,6,Top,2,1,0,Slider,Curveball,HitByPitch,Undefined,Undefined,Undefined,0,0,NA,71.68586,0.759017,0.229621,1555.806779,90.219751,09:00:00,6.13582,2.4259,5.24789,-53.73609,1.68709,-8.46575,2.37116,1.93622,66.3505,-8.989332,-1.274217,0.535818,NA,NA,NA,NA,NA,NA,NA,NA,NA,NA,NA,4.32059,1.09913,-2.44035,50,6.16527,-0.11275,-104.13355,-0.30875,4.76314,16.83362,-30.96236,CAR_EAG,CAR_EAG,CarsonNewman,TeamExclusive,Team,20251009-CarsonNewman-Private-1,379c3210-a552-11f0-870a-a764b86fb10a,70.34562,NA,NA,5.33536,NA,NA,NA,NA,NA,NA,b9b1564c-54db-4627-8f3f-643d14cd8d51,2025-10-09,20:54:57,2025-10-09T20:54:57Z,2025-10-09T20:54:57Z,NA,v3,CNE,CNE,NA,"Cochran, Carson",10085797,Right,CAR_EAG,1f26e270-b7f7-47fc-b253-a523a67c1264,55.25581,-104.97973,8.41681,6.14167,1.24765,-15.48118,-2.42867,-0.35218,2.38157,NA,NA,NA,NA,NA,NA,NA,NA,NA,NA,NA,NA,NA,NA,NA,NA,NA,NA,NA,NA,NA,NA,NA,NA,NA,NA,NA,NA,NA,NA,NA,NA,NA,NA,NA,NA,NA,NA,NA,NA,NA,NA,NA,NA,NA,NA,NA,NA,NA,NA,High,High,High,NA,NA,NA,NA,NA,112.511393,78.894153,299.682774,0.192622,09:45:00,-0.978526,0.190928,-0.077671,72.960651,0.413916,12.148435,-0.034284,113.590717,-0.399965,-66.332273,0.399965,-0.915889,0.034284,4.899234,-1.964698,0.915889,-0.915889,-113.590717,1.964698,0.034284,66.332273,-4.899234,-0.034284,0.915889,0.399965,-0.399965,NA,NA,NA,NA,NA,NA,NA,NA,NA,NA,NA,NA
NA,NA,NA,NA,NA,NA,NA,NA,NA,NA,NA,NA,NA,NA,NA,NA,177,2025-10-09,16:55:30,5,1,"Sharp, Will",1000370214,Right,CAR_EAG,"Hubbard, Ian",10071315,Left,CAR_EAG,Undefined,6,Top,2,0,0,Fastball,Four-Seam,InPlay,Undefined,GroundBall,Single,0,1,NA,81.38054,-1.639721,-3.229591,2066.23871,235.659125,01:45:00,6.0975,2.29119,5.87501,-35.61624,6.43087,7.58689,1.6036300000000001,-0.07948,75.28612,-8.185845,-1.869205,0.466702,94.46012,-3.279432,-23.410911,NA,NA,NA,NA,27.4541,25.59348,-22.287796,0.189597,-4.75835,4.07693,-2.03424,50,5.94371,6.3818,-118.11731,-4.51524,-6.76441,21.18194,-26.37836,CAR_EAG,CAR_EAG,CarsonNewman,TeamExclusive,Team,20251009-CarsonNewman-Private-1,4ae7ec60-a552-11f0-870a-a764b86fb10a,80.76344,1.8496,NA,6.09442,NA,NA,NA,2.00369,1.8496,0.07491,b9b1564c-54db-4627-8f3f-643d14cd8d51,2025-10-09,20:55:30,2025-10-09T20:55:30Z,2025-10-09T20:55:30Z,GroundBall,v3,CNE,CNE,NA,"Cochran, Carson",10085797,Right,CAR_EAG,1a8f7774-11d7-4a02-be8f-3b4e14f74b74,54.62864,-118.94447,10.59097,6.09992,-3.48516,-13.18918,-2.28861,6.64595,-3.3822,116.894632,2.00461,126.8644,-18.23689,NA,NA,NA,NA,NA,NA,1.84957,-7.9233,-9.66243,NA,NA,NA,NA,NA,NA,0.07521,-54.9764,-1.79075,NA,NA,NA,NA,NA,NA,NA,NA,NA,NA,NA,NA,NA,NA,NA,NA,NA,NA,NA,NA,NA,NA,NA,NA,NA,NA,NA,NA,High,High,High,High,High,NA,NA,NA,225.086859,43.361832,1502.22212,0.727032,01:30:00,-0.699441,-0.534304,-0.474659,96.160805,34.045437,-62.119515,-0.386263,166.370235,-0.896413,-12.553911,0.896413,-0.217358,0.386263,23.311141,-22.722177,0.217358,-0.217358,-166.370235,22.722177,0.386263,12.553911,-23.311141,-0.386263,0.217358,0.896413,-0.896413,NA,NA,NA,NA,NA,NA,NA,NA,NA,NA,NA,NA
NA,NA,NA,NA,NA,NA,NA,NA,NA,NA,NA,NA,NA,NA,NA,NA,178,2025-10-09,16:56:12,6,1,"Sharp, Will",1000370214,Right,CAR_EAG,"Hornbuckle, Kylan",1000106804,Right,CAR_EAG,Undefined,6,Top,2,0,0,Fastball,Slider,BallCalled,Undefined,Undefined,Undefined,0,0,NA,79.09248,-0.810583,-2.012542,1970.593492,199.69516,12:45:00,6.08689,2.53281,6.11603,-36.06734,7.67528,2.31638,2.33129,0.86423,73.56519,-7.473699,-1.594948,0.476019,NA,NA,NA,NA,NA,NA,NA,NA,NA,NA,NA,-1.68335,4.55268,-2.3796,50,6.00571,3.9591,-115.02144,-2.6984,-2.28429,18.750610000000002,-25.99611,CAR_EAG,CAR_EAG,CarsonNewman,TeamExclusive,Team,20251009-CarsonNewman-Private-1,641b2fd0-a552-11f0-870a-a764b86fb10a,79.18271,NA,NA,5.52729,NA,NA,NA,NA,NA,NA,b9b1564c-54db-4627-8f3f-643d14cd8d51,2025-10-09,20:56:12,2025-10-09T20:56:12Z,2025-10-09T20:56:12Z,NA,v3,CNE,CNE,NA,"Cochran, Carson",10085797,Right,CAR_EAG,d4f5d6d2-654a-4c65-ae3a-83723dee1163,54.38669,-115.73434,9.37531,6.08951,-1.71002,-12.99805,-2.53178,4.04595,-1.14215,NA,NA,NA,NA,NA,NA,NA,NA,NA,NA,NA,NA,NA,NA,NA,NA,NA,NA,NA,NA,NA,NA,NA,NA,NA,NA,NA,NA,NA,NA,NA,NA,NA,NA,NA,NA,NA,NA,NA,NA,NA,NA,NA,NA,NA,NA,NA,NA,NA,NA,High,High,High,NA,NA,NA,NA,NA,227.685199,45.632571,1377.951428,0.699257,01:30:00,-0.723579,-0.527132,-0.445606,15.72409,70.169472,35.785837,-0.273351,173.084101,-0.954915,-6.651289,0.954915,-0.115826,0.273351,15.974144,-15.863785,0.115826,-0.115826,-173.084101,15.863785,0.273351,6.651289,-15.974144,-0.273351,0.115826,0.954915,-0.954915,NA,NA,NA,NA,NA,NA,NA,NA,NA,NA,NA,NA
NA,NA,NA,NA,NA,NA,NA,NA,NA,NA,NA,NA,NA,NA,NA,NA,179,2025-10-09,16:56:55,6,2,"Sharp, Will",1000370214,Right,CAR_EAG,"Hornbuckle, Kylan",1000106804,Right,CAR_EAG,Undefined,6,Top,2,1,0,Slider,Curveball,StrikeCalled,Undefined,Undefined,Undefined,0,0,NA,73.71985,-0.85344,-2.56355,1741.010653,148.17172,11:00:00,6.14568,2.48256,5.09744,-44.55105,8.10867,-4.07851,1.62795,-0.27483,68.47106,-8.908381,-3.284514,0.522289,NA,NA,NA,NA,NA,NA,NA,NA,NA,NA,NA,1.37839,4.73359,-2.2369,50,6.03009,4.94301,-106.9511,-3.0427399999999998,1.60963,17.02927,-26.64633,CAR_EAG,CAR_EAG,CarsonNewman,TeamExclusive,Team,20251009-CarsonNewman-Private-1,7db01b40-a552-11f0-870a-a764b86fb10a,72.16782,NA,NA,5.24879,NA,NA,NA,NA,NA,NA,b9b1564c-54db-4627-8f3f-643d14cd8d51,2025-10-09,20:56:55,2025-10-09T20:56:55Z,2025-10-09T20:56:55Z,NA,v3,CNE,CNE,NA,"Cochran, Carson",10085797,Right,CAR_EAG,481a2f1a-d269-4937-b521-0b7d531042a4,55.40426,-107.80816,8.51464,6.14948,-1.70167,-13.32316,-2.48364,4.862,0.80482,NA,NA,NA,NA,NA,NA,NA,NA,NA,NA,NA,NA,NA,NA,NA,NA,NA,NA,NA,NA,NA,NA,NA,NA,NA,NA,NA,NA,NA,NA,NA,NA,NA,NA,NA,NA,NA,NA,NA,NA,NA,NA,NA,NA,NA,NA,NA,NA,NA,NA,High,High,High,NA,NA,NA,NA,NA,103.761445,80.548335,285.900959,0.164216,09:30:00,-0.989449,0.144791,0.005197,74.938795,6.778328,11.385265,0.014708,110.680214,-0.353114,69.303373,0.353114,-0.935465,-0.014708,2.385193,0.842761,0.935465,0.935465,-110.680214,-0.842761,0.014708,-69.303373,-2.385193,-0.014708,-0.935465,0.353114,-0.353114,NA,NA,NA,NA,NA,NA,NA,NA,NA,NA,NA,NA
NA,NA,NA,NA,NA,NA,NA,NA,NA,NA,NA,NA,NA,NA,NA,NA,180,2025-10-09,16:57:13,6,3,"Sharp, Will",1000370214,Right,CAR_EAG,"Hornbuckle, Kylan",1000106804,Right,CAR_EAG,Undefined,6,Top,2,1,1,Slider,Curveball,StrikeCalled,Undefined,Undefined,Undefined,0,0,NA,73.23679,0.115647,-0.832557,1831.461693,123.830271,10:15:00,6.27536,2.30404,4.95903,-47.51814,5.44756,-6.0917,2.4248,1.00973,68.62533,-8.435023,-1.908287,0.523804,NA,NA,NA,NA,NA,NA,NA,NA,NA,NA,NA,2.83756,3.10563,-2.21812,50,6.24718,1.7784,-106.47836,-1.36843,3.32047,14.97989,-28.5399,CAR_EAG,CAR_EAG,CarsonNewman,TeamExclusive,Team,20251009-CarsonNewman-Private-1,8892aaa0-a552-11f0-870a-a764b86fb10a,71.95907,NA,NA,4.61147,NA,NA,NA,NA,NA,NA,b9b1564c-54db-4627-8f3f-643d14cd8d51,2025-10-09,20:57:13,2025-10-09T20:57:13Z,2025-10-09T20:57:13Z,NA,v3,CNE,CNE,NA,"Cochran, Carson",10085797,Right,CAR_EAG,577a8b45-3ed4-455c-8feb-ec5ab18318eb,55.54453,-107.25556,7.48994,6.27976,0.1123,-14.26995,-2.30592,1.60613,1.66023,NA,NA,NA,NA,NA,NA,NA,NA,NA,NA,NA,NA,NA,NA,NA,NA,NA,NA,NA,NA,NA,NA,NA,NA,NA,NA,NA,NA,NA,NA,NA,NA,NA,NA,NA,NA,NA,NA,NA,NA,NA,NA,NA,NA,NA,NA,NA,NA,NA,NA,High,High,High,NA,NA,NA,NA,NA,117.621083,81.878793,258.72632,0.141268,10:00:00,-0.990564,0.127166,-0.051107,86.017176,-3.437301,4.441246,-0.021564,101.681068,-0.202417,-78.254665,0.202417,-0.979062,0.021564,6.080937,-1.235621,0.979062,-0.979062,-101.681068,1.235621,0.021564,78.254665,-6.080937,-0.021564,0.979062,0.202417,-0.202417,NA,NA,NA,NA,NA,NA,NA,NA,NA,NA,NA,NA
NA,NA,NA,NA,NA,NA,NA,NA,NA,NA,NA,NA,NA,NA,NA,NA,181,2025-10-09,16:57:31,6,4,"Sharp, Will",1000370214,Right,CAR_EAG,"Hornbuckle, Kylan",1000106804,Right,CAR_EAG,Undefined,6,Top,2,1,2,Slider,Curveball,StrikeSwinging,Strikeout,Undefined,Undefined,0,0,NA,74.06739,-1.350899,-0.745614,1769.372602,150.085631,11:00:00,6.25821,2.29119,5.05387,-43.59786,8.86217,-4.15925,1.3506,1.24132,68.45019,-9.247336,-1.481984,0.521298,NA,NA,NA,NA,NA,NA,NA,NA,NA,NA,NA,1.86662,5.26579,-2.21673,50,6.09501,1.55818,-107.46109,-3.95993,2.1881,18.19315,-26.0014,CAR_EAG,CAR_EAG,CarsonNewman,TeamExclusive,Team,20251009-CarsonNewman-Private-1,933af020-a552-11f0-870a-a764b86fb10a,72.30504,NA,NA,5.6172,NA,NA,NA,NA,NA,NA,b9b1564c-54db-4627-8f3f-643d14cd8d51,2025-10-09,20:57:31,2025-10-09T20:57:31Z,2025-10-09T20:57:31Z,NA,v3,CNE,CNE,NA,"Cochran, Carson",10085797,Right,CAR_EAG,5f1a6096-2a9a-4679-8547-f12c52bf27f8,55.44716,-108.37937,9.09658,6.26176,-2.64753,-13.0007,-2.29259,1.44773,1.09405,NA,NA,NA,NA,NA,NA,NA,NA,NA,NA,NA,NA,NA,NA,NA,NA,NA,NA,NA,NA,NA,NA,NA,NA,NA,NA,NA,NA,NA,NA,NA,NA,NA,NA,NA,NA,NA,NA,NA,NA,NA,NA,NA,NA,NA,NA,NA,NA,NA,NA,High,High,High,NA,NA,NA,NA,NA,105.565743,77.840858,372.678948,0.210628,09:30:00,-0.982731,0.1798,-0.043736,85.342115,3.348734,5.828545,0.076684,106.65786,-0.285812,72.787266,0.285812,-0.955213,-0.076684,15.018843,4.397977,0.955213,0.955213,-106.65786,-4.397977,0.076684,-72.787266,-15.018843,-0.076684,-0.955213,0.285812,-0.285812,NA,NA,NA,NA,NA,NA,NA,NA,NA,NA,NA,NA
NA,NA,NA,NA,NA,NA,NA,NA,NA,NA,NA,NA,NA,NA,NA,NA,182,2025-10-09,17:00:41,1,1,"Rosalia, Robert",1000358948,Left,CAR_EAG,"Gibson, Aiden",10011511,Right,CAR_EAG,Undefined,6,Bottom,0,0,0,Fastball,Changeup,BallCalled,Undefined,Undefined,Undefined,0,0,NA,84.06471,-1.739221,-6.753915,1893.211093,236.00846,01:45:00,5.70539,3.14886,6.10997,-28.25974,11.26131,14.8641,1.73037,-1.88709,77.21889,-6.993829,-4.102474,0.452466,NA,NA,NA,NA,NA,NA,NA,NA,NA,NA,NA,-9.42674,6.65363,-2.63536,50,5.55599,13.79743,-121.36186,-4.56713,-14.13581,22.54199,-22.19666,CAR_EAG,CAR_EAG,CarsonNewman,TeamExclusive,Team,20251009-CarsonNewman-Private-1,04150380-a553-11f0-870a-a764b86fb10a,83.30453,NA,NA,6.84582,NA,NA,NA,NA,NA,NA,b9b1564c-54db-4627-8f3f-643d14cd8d51,2025-10-09,21:00:41,2025-10-09T21:00:41Z,2025-10-09T21:00:41Z,NA,v3,CNE,CNE,NA,"Van Ness, Jameson",1000370206,Right,CAR_EAG,173038a0-886b-4111-835d-45f13e02aea7,54.39228,-122.17496,11.27099,5.70629,-3.76648,-11.09833,-3.14224,14.30732,-7.0679,NA,NA,NA,NA,NA,NA,NA,NA,NA,NA,NA,NA,NA,NA,NA,NA,NA,NA,NA,NA,NA,NA,NA,NA,NA,NA,NA,NA,72.03694,2.862789,1.969357,0.893433,-1.31424,1.38721,2.07969,2.57429,6.11056,1.65772,66.2888,2.56629,-58.4961,2.58144,74.2648,-3.32365,6.12845,8.94976,-14.5121,1.62929,-74.02306,7.57668,High,High,High,NA,NA,High,High,High,231.202994,37.058771,1510.816112,0.798018,01:45:00,-0.638234,-0.639955,-0.427918,47.448881,-46.372873,57.079432,-0.91981,104.01155,-0.094998,-22.376476,0.094998,-0.380691,0.91981,84.103372,-66.898275,0.380691,-0.380691,-104.01155,66.898275,0.91981,22.376476,-84.103372,-0.91981,0.380691,0.094998,-0.094998,NA,NA,NA,NA,NA,NA,NA,NA,NA,NA,NA,NA
NA,NA,NA,NA,NA,NA,NA,NA,NA,NA,NA,NA,NA,NA,NA,NA,183,2025-10-09,17:01:09,1,2,"Rosalia, Robert",1000358948,Left,CAR_EAG,"Gibson, Aiden",10011511,Right,CAR_EAG,Undefined,6,Bottom,0,1,0,Fastball,Changeup,InPlay,Undefined,GroundBall,Out,1,0,NA,84.71543,-0.340544,-3.886604,2048.595264,233.19676,01:45:00,5.88139,3.2744,6.07174,-25.58623,13.18371,15.963,3.43334,1.00247,77.37735,-5.146993,-1.019927,0.448145,NA,NA,NA,NA,NA,NA,NA,NA,NA,NA,NA,-9.38264,7.26071,-2.98164,50,5.84126,7.73723,-122.88387,-1.49757,-14.33826,24.48506,-21.07847,CAR_EAG,CAR_EAG,CarsonNewman,TeamExclusive,Team,20251009-CarsonNewman-Private-1,152c9fc0-a553-11f0-870a-a764b86fb10a,84.10763,NA,NA,7.33809,NA,NA,NA,NA,NA,NA,b9b1564c-54db-4627-8f3f-643d14cd8d51,2025-10-09,21:01:09,2025-10-09T21:01:09Z,2025-10-09T21:01:09Z,NA,v3,CNE,CNE,NA,"Van Ness, Jameson",1000370206,Right,CAR_EAG,26fbb3e5-7668-467e-a716-a9780d485065,54.43151,-123.76372,12.24253,5.88147,-0.74013,-10.53923,-3.26893,8.25246,-7.16913,NA,NA,NA,NA,NA,NA,NA,NA,NA,NA,NA,NA,NA,NA,NA,NA,NA,NA,NA,NA,NA,NA,NA,NA,NA,NA,NA,NA,NA,NA,NA,NA,NA,NA,NA,NA,NA,NA,NA,NA,NA,NA,NA,NA,NA,NA,NA,NA,NA,NA,High,High,High,NA,NA,NA,NA,NA,228.72133,33.307434,1712.085054,0.835736,01:30:00,-0.581506,-0.631317,-0.513118,23.461047,-48.06974,67.314279,-0.920912,107.837865,-0.119396,-21.779287,0.119396,-0.371032,0.920912,82.612832,-67.059844,0.371032,-0.371032,-107.837865,67.059844,0.920912,21.779287,-82.612832,-0.920912,0.371032,0.119396,-0.119396,NA,NA,NA,NA,NA,NA,NA,NA,NA,NA,NA,NA
NA,NA,NA,NA,NA,NA,NA,NA,NA,NA,NA,NA,NA,NA,NA,NA,184,2025-10-09,17:01:44,2,1,"Rosalia, Robert",1000358948,Left,CAR_EAG,"Kilgore, Tanner",814348,Right,CAR_EAG,Undefined,6,Bottom,1,0,0,Fastball,Changeup,BallCalled,Undefined,Undefined,Undefined,0,0,NA,85.17392,0.513342,-5.875939,1947.908917,236.529372,02:00:00,5.81247,3.16541,6.34105,-26.18419,12.29135,16.57241,4.10559,-0.88256,77.00797,-4.438933,-2.900409,0.446441,NA,NA,NA,NA,NA,NA,NA,NA,NA,NA,NA,-10.28812,6.63004,-2.74327,50,5.8377,12.01216,-123.09785,0.36035,-15.66484,26.18939,-22.07908,CAR_EAG,CAR_EAG,CarsonNewman,TeamExclusive,Team,20251009-CarsonNewman-Private-1,29cffad0-a553-11f0-870a-a764b86fb10a,84.42876,NA,NA,8.16594,NA,NA,NA,NA,NA,NA,b9b1564c-54db-4627-8f3f-643d14cd8d51,2025-10-09,21:01:44,2025-10-09T21:01:44Z,2025-10-09T21:01:44Z,NA,v3,CNE,CNE,NA,"Van Ness, Jameson",1000370206,Right,CAR_EAG,fb565254-661e-43b8-8c8f-213805eb8a6a,54.15851,-123.97942,13.0947,5.81306,1.10356,-11.03954,-3.1565,12.53947,-7.83242,NA,NA,NA,NA,NA,NA,NA,NA,NA,NA,NA,NA,NA,NA,NA,NA,NA,NA,NA,NA,NA,NA,NA,NA,NA,NA,NA,NA,NA,NA,NA,NA,NA,NA,NA,NA,NA,NA,NA,NA,NA,NA,NA,NA,NA,NA,NA,NA,NA,NA,High,High,High,NA,NA,NA,NA,NA,228.596416,36.234862,1571.184907,0.806601,01:30:00,-0.647971,-0.599687,-0.469584,25.940779,-40.278617,64.822078,-0.927898,91.365341,-0.008884,-21.88393,0.008884,-0.372728,0.927898,89.451469,-68.109534,0.372728,-0.372728,-91.365341,68.109534,0.927898,21.88393,-89.451469,-0.927898,0.372728,0.008884,-0.008884,NA,NA,NA,NA,NA,NA,NA,NA,NA,NA,NA,NA
NA,NA,NA,NA,NA,NA,NA,NA,NA,NA,NA,NA,NA,NA,NA,NA,185,2025-10-09,17:01:58,2,2,"Rosalia, Robert",1000358948,Left,CAR_EAG,"Kilgore, Tanner",814348,Right,CAR_EAG,Undefined,6,Bottom,1,1,0,Fastball,Changeup,BallCalled,Undefined,Undefined,Undefined,0,0,NA,86.60994,-2.980249,-7.235164,2072.216899,250.454697,02:15:00,5.75694,3.02842,6.2685,-30.75447,6.67717,15.25324,0.42184,-2.40671,79.16234,-8.680141,-4.507877,0.440343,NA,NA,NA,NA,NA,NA,NA,NA,NA,NA,NA,-9.98571,4.71705,-2.49705,50,5.51948,15.2414,-124.74951,-7.50926,-15.68647,25.83462,-24.76407,CAR_EAG,CAR_EAG,CarsonNewman,TeamExclusive,Team,20251009-CarsonNewman-Private-1,323a3730-a553-11f0-870a-a764b86fb10a,85.59797,NA,NA,7.44759,NA,NA,NA,NA,NA,NA,b9b1564c-54db-4627-8f3f-643d14cd8d51,2025-10-09,21:01:58,2025-10-09T21:01:58Z,2025-10-09T21:01:58Z,NA,v3,CNE,CNE,NA,"Van Ness, Jameson",1000370206,Right,CAR_EAG,1987d089-253e-4a3c-9507-c262937a3588,54.23356,-125.62318,12.91731,5.75926,-6.67178,-12.38203,-3.02145,15.77189,-7.84324,NA,NA,NA,NA,NA,NA,NA,NA,NA,NA,NA,NA,NA,NA,NA,NA,NA,NA,NA,NA,NA,NA,NA,NA,NA,NA,NA,NA,NA,NA,NA,NA,NA,NA,NA,NA,NA,NA,NA,NA,NA,NA,NA,NA,NA,NA,NA,NA,NA,NA,High,High,High,NA,NA,NA,NA,NA,226.716405,34.282916,1712.202961,0.826266,01:30:00,-0.598361,-0.629969,-0.49508,45.223094,-46.169484,52.107146,-0.955942,117.856855,-0.137169,-15.042689,0.137169,-0.259539,0.955942,81.83434,-72.928992,0.259539,-0.259539,-117.856855,72.928992,0.955942,15.042689,-81.83434,-0.955942,0.259539,0.137169,-0.137169,NA,NA,NA,NA,NA,NA,NA,NA,NA,NA,NA,NA
NA,NA,NA,NA,NA,NA,NA,NA,NA,NA,NA,NA,NA,NA,NA,NA,186,2025-10-09,17:02:17,2,3,"Rosalia, Robert",1000358948,Left,CAR_EAG,"Kilgore, Tanner",814348,Right,CAR_EAG,Undefined,6,Bottom,1,2,0,Fastball,Changeup,BallCalled,Undefined,Undefined,Undefined,0,0,NA,86.50977,-1.843582,-6.340048,1908.64461,255.415217,02:30:00,5.59746,3.37268,5.85103,-32.4551,5.46209,16.12143,1.16859,-1.19951,78.9893,-7.824415,-3.471526,0.443189,NA,NA,NA,NA,NA,NA,NA,NA,NA,NA,NA,-10.02812,3.71166,-2.86446,50,5.42767,13.20457,-124.86225,-5.14586,-15.78895,25.7711,-26.33013,CAR_EAG,CAR_EAG,CarsonNewman,TeamExclusive,Team,20251009-CarsonNewman-Private-1,3de5e2f0-a553-11f0-870a-a764b86fb10a,85.04814,NA,NA,7.52047,NA,NA,NA,NA,NA,NA,b9b1564c-54db-4627-8f3f-643d14cd8d51,2025-10-09,21:02:17,2025-10-09T21:02:17Z,2025-10-09T21:02:17Z,NA,v3,CNE,CNE,NA,"Van Ness, Jameson",1000370206,Right,CAR_EAG,c18eb6f0-264f-405b-b3f1-568584974b89,54.65099,-125.81854,12.88555,5.60049,-4.16883,-13.16506,-3.36531,13.79045,-7.89448,NA,NA,NA,NA,NA,NA,NA,NA,NA,NA,NA,NA,NA,NA,NA,NA,NA,NA,NA,NA,NA,NA,NA,NA,NA,NA,NA,NA,NA,NA,NA,NA,NA,NA,NA,NA,NA,NA,NA,NA,NA,NA,NA,NA,NA,NA,NA,NA,NA,NA,High,High,High,NA,NA,NA,NA,NA,235.215146,31.143161,1633.566435,0.855878,01:45:00,-0.545193,-0.719207,-0.430704,-81.868507,41.763885,47.447211,-0.898278,119.13187,-0.213922,-22.571762,0.213922,-0.38384,0.898278,76.604682,-63.932665,0.38384,-0.38384,-119.13187,63.932665,0.898278,22.571762,-76.604682,-0.898278,0.38384,0.213922,-0.213922,NA,NA,NA,NA,NA,NA,NA,NA,NA,NA,NA,NA
NA,NA,NA,NA,NA,NA,NA,NA,NA,NA,NA,NA,NA,NA,NA,NA,187,2025-10-09,17:02:34,2,4,"Rosalia, Robert",1000358948,Left,CAR_EAG,"Kilgore, Tanner",814348,Right,CAR_EAG,Undefined,6,Bottom,1,3,0,Fastball,Changeup,StrikeCalled,Undefined,Undefined,Undefined,0,0,NA,84.76147,-1.614809,-5.488777,2023.040104,220.413659,01:15:00,5.80536,3.26446,6.15793,-26.67466,11.88119,9.1276,2.0833,-1.06151,78.0935,-6.583569,-3.853751,0.446906,NA,NA,NA,NA,NA,NA,NA,NA,NA,NA,NA,-6.1152,6.92776,-2.85075,50,5.66834,11.43388,-122.67428,-4.27727,-9.38774,22.58499,-21.53887,CAR_EAG,CAR_EAG,CarsonNewman,TeamExclusive,Team,20251009-CarsonNewman-Private-1,47e11f90-a553-11f0-870a-a764b86fb10a,84.34083,NA,NA,6.66797,NA,NA,NA,NA,NA,NA,b9b1564c-54db-4627-8f3f-643d14cd8d51,2025-10-09,21:02:34,2025-10-09T21:02:34Z,2025-10-09T21:02:34Z,NA,v3,CNE,CNE,NA,"Van Ness, Jameson",1000370206,Right,CAR_EAG,30e1200b-c959-462e-a870-824b5941eecf,54.34363,-123.47138,11.29249,5.80589,-3.5171,-10.76944,-3.26014,11.7652,-4.69387,NA,NA,NA,NA,NA,NA,NA,NA,NA,NA,NA,NA,NA,NA,NA,NA,NA,NA,NA,NA,NA,NA,NA,NA,NA,NA,NA,NA,NA,NA,NA,NA,NA,NA,NA,NA,NA,NA,NA,NA,NA,NA,NA,NA,NA,NA,NA,NA,NA,NA,High,High,High,NA,NA,NA,NA,NA,229.93823,33.599185,1685.048998,0.832929,01:45:00,-0.584019,-0.652824,-0.482434,-46.137213,15.803979,-7.583193,0.07029,159.921954,-0.936903,20.026256,0.936903,-0.342451,-0.07029,4.290481,4.030618,0.342451,0.342451,-159.921954,-4.030618,0.07029,-20.026256,-4.290481,-0.07029,-0.342451,0.936903,-0.936903,NA,NA,NA,NA,NA,NA,NA,NA,NA,NA,NA,NA
NA,NA,NA,NA,NA,NA,NA,NA,NA,NA,NA,NA,NA,NA,NA,NA,188,2025-10-09,17:02:51,2,5,"Rosalia, Robert",1000358948,Left,CAR_EAG,"Kilgore, Tanner",814348,Right,CAR_EAG,Undefined,6,Bottom,1,3,1,Fastball,Sinker,StrikeSwinging,Undefined,Undefined,Undefined,0,0,NA,85.37498,-0.563457,-5.026433,1912.855197,228.147236,01:30:00,5.84424,3.2104,6.26361,-27.01533,10.62099,10.64611,3.0714,-0.54896,78.80787,-5.60541,-3.113355,0.441545,NA,NA,NA,NA,NA,NA,NA,NA,NA,NA,NA,-6.76189,5.99961,-2.8419,50,5.78897,10.47882,-123.76848,-2.03365,-10.60217,22.20283,-22.76711,CAR_EAG,CAR_EAG,CarsonNewman,TeamExclusive,Team,20251009-CarsonNewman-Private-1,51811cd0-a553-11f0-870a-a764b86fb10a,85.36489,NA,NA,6.56711,NA,NA,NA,NA,NA,NA,b9b1564c-54db-4627-8f3f-643d14cd8d51,2025-10-09,21:02:51,2025-10-09T21:02:51Z,2025-10-09T21:02:51Z,NA,v3,CNE,CNE,NA,"Van Ness, Jameson",1000370206,Right,CAR_EAG,d9899fb5-a18d-4f24-a88d-db82f46c8b06,54.23896,-124.52658,11.10142,5.84513,-1.25628,-11.38356,-3.20587,10.84083,-5.30109,NA,NA,NA,NA,NA,NA,NA,NA,NA,NA,NA,NA,NA,NA,NA,NA,NA,NA,NA,NA,NA,NA,NA,NA,NA,NA,NA,NA,NA,NA,NA,NA,NA,NA,NA,NA,NA,NA,NA,NA,NA,NA,NA,NA,NA,NA,NA,NA,NA,NA,High,High,High,NA,NA,NA,NA,NA,232.06034,32.526838,1612.804116,0.84314,01:45:00,-0.574506,-0.670205,-0.46986,-37.254891,-44.25051,-79.203347,-0.113053,176.160247,-0.991359,-3.815099,0.991359,-0.066537,0.113053,6.505824,-6.491345,0.066537,-0.066537,-176.160247,6.491345,0.113053,3.815099,-6.505824,-0.113053,0.066537,0.991359,-0.991359,NA,NA,NA,NA,NA,NA,NA,NA,NA,NA,NA,NA
NA,NA,NA,NA,NA,NA,NA,NA,NA,NA,NA,NA,NA,NA,NA,NA,189,2025-10-09,17:03:10,2,6,"Rosalia, Robert",1000358948,Left,CAR_EAG,"Kilgore, Tanner",814348,Right,CAR_EAG,Undefined,6,Bottom,1,3,2,Fastball,Sinker,BallCalled,Walk,Undefined,Undefined,0,0,NA,85.83351,-1.77123,-7.086011,1978.855597,225.586577,01:30:00,5.85996,3.13567,6.14562,-27.3308,10.40044,9.48548,1.93247,-2.65569,79.29386,-6.833027,-5.396607,0.442102,NA,NA,NA,NA,NA,NA,NA,NA,NA,NA,NA,-6.658,6.1702,-2.59792,50,5.70975,15.03108,-123.88276,-4.70497,-10.45736,22.27033,-22.48285,CAR_EAG,CAR_EAG,CarsonNewman,TeamExclusive,Team,20251009-CarsonNewman-Private-1,5d394bb0-a553-11f0-870a-a764b86fb10a,85.25743,NA,NA,6.53965,NA,NA,NA,NA,NA,NA,b9b1564c-54db-4627-8f3f-643d14cd8d51,2025-10-09,21:03:10,2025-10-09T21:03:10Z,2025-10-09T21:03:10Z,NA,v3,CNE,CNE,NA,"Van Ness, Jameson",1000370206,Right,CAR_EAG,0cc7daf5-71ce-4e15-af2c-fecc20f888d4,54.35689,-124.66354,11.13516,5.86088,-3.91675,-11.24142,-3.13133,15.3977,-5.22868,NA,NA,NA,NA,NA,NA,NA,NA,NA,NA,NA,NA,NA,NA,NA,NA,NA,NA,NA,NA,NA,NA,NA,NA,NA,NA,NA,NA,NA,NA,NA,NA,NA,NA,NA,NA,NA,NA,NA,NA,NA,NA,NA,NA,NA,NA,NA,NA,NA,NA,High,High,High,NA,NA,NA,NA,NA,229.852459,35.981804,1601.297123,0.809204,01:45:00,-0.628151,-0.636409,-0.447672,-48.07877,-34.29153,-66.586774,-0.139396,178.614093,-0.989947,-1.372374,0.989947,-0.02395,0.139396,8.015196,-8.012881,0.02395,-0.02395,-178.614093,8.012881,0.139396,1.372374,-8.015196,-0.139396,0.02395,0.989947,-0.989947,NA,NA,NA,NA,NA,NA,NA,NA,NA,NA,NA,NA
NA,NA,NA,NA,NA,NA,NA,NA,NA,NA,NA,NA,NA,NA,NA,NA,190,2025-10-09,17:03:43,3,1,"Kilgore, Tanner",814348,Right,CAR_EAG,"Pierce, Johno",10069844,Right,CAR_EAG,Undefined,6,Bottom,1,0,0,Fastball,Changeup,StrikeCalled,Undefined,Undefined,Undefined,0,0,NA,84.41448,-0.338711,-5.258822,1795.912749,230.961775,01:45:00,5.86407,3.14275,6.0724,-30.25143,8.72768,9.31619,3.02836,-0.96104,77.63193,-5.954389,-3.591873,0.449353,NA,NA,NA,NA,NA,NA,NA,NA,NA,NA,NA,-6.16256,4.95579,-2.73917,50,5.82157,10.8889,-122.24849,-1.67261,-9.38392,22.69408,-24.62774,CAR_EAG,CAR_EAG,CarsonNewman,TeamExclusive,Team,20251009-CarsonNewman-Private-1,711cb220-a553-11f0-870a-a764b86fb10a,83.88162,NA,NA,6.78255,NA,NA,NA,NA,NA,NA,b9b1564c-54db-4627-8f3f-643d14cd8d51,2025-10-09,21:03:43,2025-10-09T21:03:43Z,2025-10-09T21:03:43Z,NA,v3,CNE,CNE,NA,"Van Ness, Jameson",1000370206,Right,CAR_EAG,6d6a555b-213d-405b-92e0-8c5d1176b012,54.4296,-123.06805,11.34704,5.86592,-0.78322,-12.31387,-3.13852,11.22778,-4.69196,NA,NA,NA,NA,NA,NA,NA,NA,NA,NA,NA,NA,NA,NA,NA,NA,NA,NA,NA,NA,NA,NA,NA,NA,NA,NA,NA,NA,NA,NA,NA,NA,NA,NA,NA,NA,NA,NA,NA,NA,NA,NA,NA,NA,NA,NA,NA,NA,NA,NA,High,High,High,NA,NA,NA,NA,NA,231.511311,33.41508,1499.053663,0.834703,01:45:00,-0.59214,-0.656592,-0.46718,-39.817043,-35.619461,-68.770015,-0.215103,176.996978,-0.97525,-2.932663,0.97525,-0.051162,0.215103,12.438136,-12.421586,0.051162,-0.051162,-176.996978,12.421586,0.215103,2.932663,-12.438136,-0.215103,0.051162,0.97525,-0.97525,NA,NA,NA,NA,NA,NA,NA,NA,NA,NA,NA,NA
NA,NA,NA,NA,NA,NA,NA,NA,NA,NA,NA,NA,NA,NA,NA,NA,191,2025-10-09,17:04:02,3,2,"Kilgore, Tanner",814348,Right,CAR_EAG,"Pierce, Johno",10069844,Right,CAR_EAG,Undefined,6,Bottom,1,0,1,Slider,Curveball,BallCalled,Undefined,Undefined,Undefined,0,0,NA,77.55438,1.214163,-4.179416,2224.25926,88.878188,09:00:00,5.59102,3.30091,5.39574,-46.67605,1.48642,-8.793,2.84246,-1.35573,70.44325,-7.314079,-5.734447,0.499489,NA,NA,NA,NA,NA,NA,NA,NA,NA,NA,NA,3.07551,0.87532,-2.92089,50,5.66724,8.54213,-112.13715,0.82949,3.86384,22.80337,-31.07436,CAR_EAG,CAR_EAG,CarsonNewman,TeamExclusive,Team,20251009-CarsonNewman-Private-1,7c07f410-a553-11f0-870a-a764b86fb10a,75.46202,NA,NA,7.11112,NA,NA,NA,NA,NA,NA,b9b1564c-54db-4627-8f3f-643d14cd8d51,2025-10-09,21:04:02,2025-10-09T21:04:02Z,2025-10-09T21:04:02Z,NA,v3,CNE,CNE,NA,"Van Ness, Jameson",1000370206,Right,CAR_EAG,19e88185-8b6a-42b3-8897-7da2d70d43d1,55.10431,-113.17036,11.40168,5.59776,2.23746,-15.53718,-3.30396,8.36706,1.93192,NA,NA,NA,NA,NA,NA,NA,NA,NA,NA,NA,NA,NA,NA,NA,NA,NA,NA,NA,NA,NA,NA,NA,NA,NA,NA,NA,NA,NA,NA,NA,NA,NA,NA,NA,NA,NA,NA,NA,NA,NA,NA,NA,NA,NA,NA,NA,NA,NA,NA,High,High,High,NA,NA,NA,NA,NA,75.466969,74.268016,603.080788,0.271138,08:30:00,-0.94926,0.282799,0.137587,-32.436976,43.263609,-65.408143,0.443182,140.563841,-0.692344,34.710453,0.692344,-0.56943,-0.443182,32.624076,26.307095,0.56943,0.56943,-140.563841,-26.307095,0.443182,-34.710453,-32.624076,-0.443182,-0.56943,0.692344,-0.692344,NA,NA,NA,NA,NA,NA,NA,NA,NA,NA,NA,NA
NA,NA,NA,NA,NA,NA,NA,NA,NA,NA,NA,NA,NA,NA,NA,NA,192,2025-10-09,17:04:21,3,3,"Kilgore, Tanner",814348,Right,CAR_EAG,"Pierce, Johno",10069844,Right,CAR_EAG,Undefined,6,Bottom,1,1,1,Slider,Curveball,BallCalled,Undefined,Undefined,Undefined,0,0,NA,77.95218,-0.556917,-4.278277,2124.70606,83.16833,08:45:00,5.7131,3.3425,5.13737,-46.82077,0.52823,-7.23367,1.28544,-1.29667,72.22833,-8.984698,-5.55335,0.495253,NA,NA,NA,NA,NA,NA,NA,NA,NA,NA,NA,2.47016,0.82894,-2.93476,50,5.62439,8.73273,-112.89764,-2.72893,3.20002,19.83352,-31.10017,CAR_EAG,CAR_EAG,CarsonNewman,TeamExclusive,Team,20251009-CarsonNewman-Private-1,8764bc80-a553-11f0-870a-a764b86fb10a,76.10751,NA,NA,5.72385,NA,NA,NA,NA,NA,NA,b9b1564c-54db-4627-8f3f-643d14cd8d51,2025-10-09,21:04:21,2025-10-09T21:04:21Z,2025-10-09T21:04:21Z,NA,v3,CNE,CNE,NA,"Van Ness, Jameson",1000370206,Right,CAR_EAG,328c9332-d49e-428c-966f-351f661791f6,55.36581,-113.83639,9.91676,5.71871,-1.25692,-15.55009,-3.34451,8.58127,1.60001,NA,NA,NA,NA,NA,NA,NA,NA,NA,NA,NA,NA,NA,NA,NA,NA,NA,NA,NA,NA,NA,NA,NA,NA,NA,NA,NA,NA,NA,NA,NA,NA,NA,NA,NA,NA,NA,NA,NA,NA,NA,NA,NA,NA,NA,NA,NA,NA,NA,NA,High,High,High,NA,NA,NA,NA,NA,58.067744,69.858085,731.635297,0.344347,08:00:00,-0.925428,0.283099,0.25187,-1.812253,49.504323,-47.548654,0.476755,123.541096,-0.485698,47.110484,0.485698,-0.732667,-0.476755,44.467651,28.473709,0.732667,0.732667,-123.541096,-28.473709,0.476755,-47.110484,-44.467651,-0.476755,-0.732667,0.485698,-0.485698,NA,NA,NA,NA,NA,NA,NA,NA,NA,NA,NA,NA
NA,NA,NA,NA,NA,NA,NA,NA,NA,NA,NA,NA,NA,NA,NA,NA,193,2025-10-09,17:04:38,3,4,"Kilgore, Tanner",814348,Right,CAR_EAG,"Pierce, Johno",10069844,Right,CAR_EAG,Undefined,6,Bottom,1,2,1,Fastball,Changeup,BallCalled,Undefined,Undefined,Undefined,0,0,NA,84.39471,-1.071325,-6.81294,1893.010332,231.655931,01:45:00,5.81703,3.13756,6.4131,-29.31454,9.32445,10.33115,2.38201,-2.29527,77.78558,-6.531713,-4.961485,0.447388,NA,NA,NA,NA,NA,NA,NA,NA,NA,NA,NA,-7.12508,5.50863,-2.65252,50,5.72644,14.18647,-121.93895,-3.15225,-10.81581,22.13747,-23.81201,CAR_EAG,CAR_EAG,CarsonNewman,TeamExclusive,Team,20251009-CarsonNewman-Private-1,91587f10-a553-11f0-870a-a764b86fb10a,84.24998,NA,NA,6.60914,NA,NA,NA,NA,NA,NA,b9b1564c-54db-4627-8f3f-643d14cd8d51,2025-10-09,21:04:38,2025-10-09T21:04:38Z,2025-10-09T21:04:38Z,NA,v3,CNE,CNE,NA,"Van Ness, Jameson",1000370206,Right,CAR_EAG,7f0181a4-dfe6-4374-8dbd-d3a0927d5bca,54.08936,-122.67911,11.06874,5.81853,-2.35611,-11.906,-3.13288,14.54809,-5.40791,NA,NA,NA,NA,NA,NA,NA,NA,NA,NA,NA,NA,NA,NA,NA,NA,NA,NA,NA,NA,NA,NA,NA,NA,NA,NA,NA,NA,NA,NA,NA,NA,NA,NA,NA,NA,NA,NA,NA,NA,NA,NA,NA,NA,NA,NA,NA,NA,NA,NA,High,High,High,NA,NA,NA,NA,NA,232.139602,29.690399,1644.485565,0.868715,01:45:00,-0.542245,-0.694998,-0.472173,27.460593,47.198495,85.026226,-0.027397,171.021623,-0.987377,-8.974978,0.987377,-0.156003,0.027397,1.589391,-1.569926,0.156003,-0.156003,-171.021623,1.569926,0.027397,8.974978,-1.589391,-0.027397,0.156003,0.987377,-0.987377,NA,NA,NA,NA,NA,NA,NA,NA,NA,NA,NA,NA
NA,NA,NA,NA,NA,NA,NA,NA,NA,NA,NA,NA,NA,NA,NA,NA,194,2025-10-09,17:05:02,3,5,"Kilgore, Tanner",814348,Right,CAR_EAG,"Pierce, Johno",10069844,Right,CAR_EAG,Undefined,6,Bottom,1,3,1,Fastball,Changeup,BallCalled,Walk,Undefined,Undefined,0,0,NA,83.90152,0.365145,-2.458004,1832.159014,214.6655,01:15:00,5.84177,2.8505,6.00646,-29.01494,10.55528,6.43248,3.76249,1.10771,76.64949,-5.05821,-1.302407,0.452747,NA,NA,NA,NA,NA,NA,NA,NA,NA,NA,NA,-3.98595,5.70784,-2.66063,50,5.85463,4.97421,-121.79691,-0.12078,-5.98237,24.11199,-23.60734,CAR_EAG,CAR_EAG,CarsonNewman,TeamExclusive,Team,20251009-CarsonNewman-Private-1,9fa93320-a553-11f0-870a-a764b86fb10a,83.25275,NA,NA,7.25203,NA,NA,NA,NA,NA,NA,b9b1564c-54db-4627-8f3f-643d14cd8d51,2025-10-09,21:05:02,2025-10-09T21:05:02Z,2025-10-09T21:05:02Z,NA,v3,CNE,CNE,NA,"Van Ness, Jameson",1000370206,Right,CAR_EAG,54d2eca3-9b94-4eed-8193-aa89b4a86437,54.49411,-122.68338,12.056,5.84311,0.74713,-11.80367,-2.84755,5.19415,-2.99118,NA,NA,NA,NA,NA,NA,NA,NA,NA,NA,NA,NA,NA,NA,NA,NA,NA,NA,NA,NA,NA,NA,NA,NA,NA,NA,NA,NA,NA,NA,NA,NA,NA,NA,NA,NA,NA,NA,NA,NA,NA,NA,NA,NA,NA,NA,NA,NA,NA,NA,High,High,High,NA,NA,NA,NA,NA,234.931763,31.63326,1559.941634,0.851423,01:45:00,-0.549404,-0.693506,-0.466053,-32.143274,-40.97126,-86.744677,-0.080729,168.819646,-0.97782,-11.143394,0.97782,-0.193265,0.080729,4.719652,-4.630474,0.193265,-0.193265,-168.819646,4.630474,0.080729,11.143394,-4.719652,-0.080729,0.193265,0.97782,-0.97782,NA,NA,NA,NA,NA,NA,NA,NA,NA,NA,NA,NA
NA,NA,NA,NA,NA,NA,NA,NA,NA,NA,NA,NA,NA,NA,NA,NA,195,2025-10-09,17:05:32,4,1,"Kilgore, Tanner",814348,Right,CAR_EAG,"Benner, Seth",1000370212,Right,CAR_EAG,Undefined,6,Bottom,1,0,0,Fastball,Changeup,StrikeCalled,Undefined,Undefined,Undefined,0,0,NA,84.15201,-0.911202,-5.33173,1862.681746,230.498105,01:45:00,5.78311,3.12512,6.27307,-29.66698,9.01508,9.61579,2.46712,-1.00302,77.95926,-6.421066,-3.604616,0.447637,NA,NA,NA,NA,NA,NA,NA,NA,NA,NA,NA,-6.27678,5.2554,-2.73421,50,5.70086,11.02227,-121.95747,-2.8415,-9.57758,21.03535,-24.15494,CAR_EAG,CAR_EAG,CarsonNewman,TeamExclusive,Team,20251009-CarsonNewman-Private-1,b21e1570-a553-11f0-870a-a764b86fb10a,84.20305,NA,NA,6.19274,NA,NA,NA,NA,NA,NA,b9b1564c-54db-4627-8f3f-643d14cd8d51,2025-10-09,21:05:32,2025-10-09T21:05:32Z,2025-10-09T21:05:32Z,NA,v3,CNE,CNE,NA,"Van Ness, Jameson",1000370206,Right,CAR_EAG,af8261d4-de52-4434-a654-a6287a923bae,54.2299,-122.68488,10.51767,5.78468,-2.00622,-12.07747,-3.12109,11.35347,-4.78879,NA,NA,NA,NA,NA,NA,NA,NA,NA,NA,NA,NA,NA,NA,NA,NA,NA,NA,NA,NA,NA,NA,NA,NA,NA,NA,NA,NA,NA,NA,NA,NA,NA,NA,NA,NA,NA,NA,NA,NA,NA,NA,NA,NA,NA,NA,NA,NA,NA,NA,High,High,High,NA,NA,NA,NA,NA,233.063161,36.512438,1497.088943,0.803728,01:45:00,-0.627056,-0.651799,-0.426566,-35.975041,-45.471991,-84.357265,-0.135268,173.76844,-0.984955,-6.174062,0.984955,-0.107549,0.135268,7.819778,-7.77414,0.107549,-0.107549,-173.76844,7.77414,0.135268,6.174062,-7.819778,-0.135268,0.107549,0.984955,-0.984955,NA,NA,NA,NA,NA,NA,NA,NA,NA,NA,NA,NA
NA,NA,NA,NA,NA,NA,NA,NA,NA,NA,NA,NA,NA,NA,NA,NA,196,2025-10-09,17:05:50,4,2,"Kilgore, Tanner",814348,Right,CAR_EAG,"Benner, Seth",1000370212,Right,CAR_EAG,Undefined,6,Bottom,1,0,1,Fastball,Sinker,BallCalled,Undefined,Undefined,Undefined,0,0,NA,85.56965,-1.037503,-5.557996,1927.872474,214.841245,01:15:00,5.84251,3.0183,6.22748,-26.38072,11.24587,7.06752,2.6822,-1.53713,78.99619,-5.953195,-4.29127,0.441488,NA,NA,NA,NA,NA,NA,NA,NA,NA,NA,NA,-5.04985,6.43965,-2.60495,50,5.75134,11.78557,-123.90431,-3.04872,-7.92844,22.45027,-22.06352,CAR_EAG,CAR_EAG,CarsonNewman,TeamExclusive,Team,20251009-CarsonNewman-Private-1,bc989430-a553-11f0-870a-a764b86fb10a,85.37591,NA,NA,6.57346,NA,NA,NA,NA,NA,NA,b9b1564c-54db-4627-8f3f-643d14cd8d51,2025-10-09,21:05:50,2025-10-09T21:05:50Z,2025-10-09T21:05:50Z,NA,v3,CNE,CNE,NA,"Van Ness, Jameson",1000370206,Right,CAR_EAG,667a115b-e80e-4e40-8846-0c5b9f4a9363,54.27465,-124.67643,11.22513,5.84314,-2.2899,-11.03176,-3.01498,12.05825,-3.96422,NA,NA,NA,NA,NA,NA,NA,NA,NA,NA,NA,NA,NA,NA,NA,NA,NA,NA,NA,NA,NA,NA,NA,NA,NA,NA,NA,NA,NA,NA,NA,NA,NA,NA,NA,NA,NA,NA,NA,NA,NA,NA,NA,NA,NA,NA,NA,NA,NA,NA,High,High,High,NA,NA,NA,NA,NA,227.351092,36.865894,1542.378799,0.800042,01:30:00,-0.638918,-0.599213,-0.482418,-45.658049,-40.573078,-83.219876,0.010607,175.350753,-0.996654,4.648985,0.996654,-0.081051,-0.010607,0.609738,0.607732,0.081051,0.081051,-175.350753,-0.607732,0.010607,-4.648985,-0.609738,-0.010607,-0.081051,0.996654,-0.996654,NA,NA,NA,NA,NA,NA,NA,NA,NA,NA,NA,NA
NA,NA,NA,NA,NA,NA,NA,NA,NA,NA,NA,NA,NA,NA,NA,NA,197,2025-10-09,17:06:12,4,3,"Kilgore, Tanner",814348,Right,CAR_EAG,"Benner, Seth",1000370212,Right,CAR_EAG,Undefined,6,Bottom,1,1,1,Fastball,Changeup,BallCalled,Undefined,Undefined,Undefined,0,0,NA,85.46735,-0.683156,-5.843062,2028.469406,214.444746,01:15:00,5.83229,3.30387,6.3107,-24.86446,12.9195,8.07209,3.1276,-1.42497,78.48165,-5.348396,-4.39559,0.44241,NA,NA,NA,NA,NA,NA,NA,NA,NA,NA,NA,-5.72575,7.25461,-2.8778,50,5.76992,12.3472,-123.66818,-2.20065,-8.91526,23.41256,-20.87831,CAR_EAG,CAR_EAG,CarsonNewman,TeamExclusive,Team,20251009-CarsonNewman-Private-1,c99fff60-a553-11f0-870a-a764b86fb10a,85.19797,NA,NA,6.9857,NA,NA,NA,NA,NA,NA,b9b1564c-54db-4627-8f3f-643d14cd8d51,2025-10-09,21:06:12,2025-10-09T21:06:12Z,2025-10-09T21:06:12Z,NA,v3,CNE,CNE,NA,"Van Ness, Jameson",1000370206,Right,CAR_EAG,8a61be49-6105-4f03-b038-276053aedb62,54.19086,-124.45906,11.70628,5.83235,-1.49538,-10.43915,-3.29997,12.64835,-4.45763,NA,NA,NA,NA,NA,NA,NA,NA,NA,NA,NA,NA,NA,NA,NA,NA,NA,NA,NA,NA,NA,NA,NA,NA,NA,NA,NA,NA,NA,NA,NA,NA,NA,NA,NA,NA,NA,NA,NA,NA,NA,NA,NA,NA,NA,NA,NA,NA,NA,NA,High,High,High,NA,NA,NA,NA,NA,233.753687,31.929113,1721.568204,0.848703,01:45:00,-0.569051,-0.690721,-0.446189,22.751807,46.180521,81.740098,-0.09508,167.943883,-0.973513,-12.000683,0.973513,-0.207923,0.09508,5.578199,-5.455914,0.207923,-0.207923,-167.943883,5.455914,0.09508,12.000683,-5.578199,-0.09508,0.207923,0.973513,-0.973513,NA,NA,NA,NA,NA,NA,NA,NA,NA,NA,NA,NA
NA,NA,NA,NA,NA,NA,NA,NA,NA,NA,NA,NA,NA,NA,NA,NA,198,2025-10-09,17:06:34,4,4,"Kilgore, Tanner",814348,Right,CAR_EAG,"Benner, Seth",1000370212,Right,CAR_EAG,Undefined,6,Bottom,1,2,1,Fastball,Slider,BallCalled,Undefined,Undefined,Undefined,0,0,NA,83.62039,0.026161,-6.145965,1883.971197,205.279171,12:45:00,5.83035,3.09998,6.27366,-31.32451,7.94496,3.24315,3.24423,-2.31738,77.50695,-5.775382,-5.565744,0.451023,NA,NA,NA,NA,NA,NA,NA,NA,NA,NA,NA,-3.15823,4.47721,-2.64534,50,5.81697,12.91105,-121.02136,-0.88833,-4.74742,20.61791,-25.44397,CAR_EAG,CAR_EAG,CarsonNewman,TeamExclusive,Team,20251009-CarsonNewman-Private-1,d6bcc750-a553-11f0-870a-a764b86fb10a,83.57097,NA,NA,6.11344,NA,NA,NA,NA,NA,NA,b9b1564c-54db-4627-8f3f-643d14cd8d51,2025-10-09,21:06:34,2025-10-09T21:06:34Z,2025-10-09T21:06:34Z,NA,v3,CNE,CNE,NA,"Van Ness, Jameson",1000370206,Right,CAR_EAG,b3d4a3e8-3bf7-49b0-a90b-0df15e9b1b5b,54.22881,-121.73967,10.30896,5.83247,-0.00188,-12.72198,-3.09803,13.07644,-2.37371,NA,NA,NA,NA,NA,NA,NA,NA,NA,NA,NA,NA,NA,NA,NA,NA,NA,NA,NA,NA,NA,NA,NA,NA,NA,NA,NA,NA,NA,NA,NA,NA,NA,NA,NA,NA,NA,NA,NA,NA,NA,NA,NA,NA,NA,NA,NA,NA,NA,NA,High,High,High,NA,NA,NA,NA,NA,228.929618,42.974746,1378.415502,0.731654,01:45:00,-0.729471,-0.551285,-0.404915,-47.668644,-45.185871,-80.776905,-0.109626,179.186899,-0.993873,-0.8082,0.993873,-0.014105,0.109626,6.294411,-6.293782,0.014105,-0.014105,-179.186899,6.293782,0.109626,0.8082,-6.294411,-0.109626,0.014105,0.993873,-0.993873,NA,NA,NA,NA,NA,NA,NA,NA,NA,NA,NA,NA
NA,NA,NA,NA,NA,NA,NA,NA,NA,NA,NA,NA,NA,NA,NA,NA,199,2025-10-09,17:07:32,4,5,"Kilgore, Tanner",814348,Right,CAR_EAG,"Benner, Seth",1000370212,Right,CAR_EAG,Undefined,6,Bottom,1,3,1,Fastball,Changeup,BallCalled,Walk,Undefined,Undefined,0,0,NA,82.79863,1.348663,-2.561167,1590.569384,247.119212,02:15:00,5.75995,3.38733,5.70661,-37.60187,3.18992,4.75918,3.88459,1.39593,76.26822,-5.563609,-1.711155,0.459682,NA,NA,NA,NA,NA,NA,NA,NA,NA,NA,NA,-3.06984,1.65547,-3.17547,50,5.84971,5.18663,-120.22478,1.55959,-4.52798,21.61328,-29.73222,CAR_EAG,CAR_EAG,CarsonNewman,TeamExclusive,Team,20251009-CarsonNewman-Private-1,f978af70-a553-11f0-870a-a764b86fb10a,81.99671,NA,NA,6.53042,NA,NA,NA,NA,NA,NA,b9b1564c-54db-4627-8f3f-643d14cd8d51,2025-10-09,21:07:32,2025-10-09T21:07:32Z,2025-10-09T21:07:32Z,NA,v3,CNE,CNE,NA,"Van Ness, Jameson",1000370206,Right,CAR_EAG,a0073803-e4c3-4cfe-bef2-aabd250f3640,54.7958,-121.08387,10.80664,5.76423,2.7414,-14.86611,-3.3852,5.36661,-2.26399,NA,NA,NA,NA,NA,NA,NA,NA,NA,NA,NA,NA,NA,NA,NA,NA,NA,NA,NA,NA,NA,NA,NA,NA,NA,NA,NA,NA,NA,NA,NA,NA,NA,NA,NA,NA,NA,NA,NA,NA,NA,NA,NA,NA,NA,NA,NA,NA,NA,NA,High,High,High,NA,NA,NA,NA,NA,236.215019,42.019781,1181.655901,0.742914,01:45:00,-0.701512,-0.601532,-0.382152,-54.7562,-15.830643,-58.98209,-0.191655,177.467319,-0.980504,-2.485701,0.980504,-0.04337,0.191655,11.059916,-11.049378,0.04337,-0.04337,-177.467319,11.049378,0.191655,2.485701,-11.059916,-0.191655,0.04337,0.980504,-0.980504,NA,NA,NA,NA,NA,NA,NA,NA,NA,NA,NA,NA
NA,NA,NA,NA,NA,NA,NA,NA,NA,NA,NA,NA,NA,NA,NA,NA,200,2025-10-09,17:07:59,5,1,"Kilgore, Tanner",814348,Right,CAR_EAG,"Soto Diaz, Bradley",1000475324,Right,CAR_EAG,Undefined,6,Bottom,1,0,0,Fastball,Changeup,BallCalled,Undefined,Undefined,Undefined,0,0,NA,83.46484,0.652307,-4.589757,1911.220317,202.313314,12:45:00,5.84704,2.79841,6.11379,-28.13234,11.35953,4.21398,4.10781,-1.1035,77.16285,-4.58461,-3.834724,0.452299,NA,NA,NA,NA,NA,NA,NA,NA,NA,NA,NA,-3.28036,6.05851,-2.44765,50,5.88237,9.55759,-121.05455,0.53494,-4.93099,20.75307,-23.06704,CAR_EAG,CAR_EAG,CarsonNewman,TeamExclusive,Team,20251009-CarsonNewman-Private-1,09b0c120-a554-11f0-870a-a764b86fb10a,83.33526,NA,NA,6.30199,NA,NA,NA,NA,NA,NA,b9b1564c-54db-4627-8f3f-643d14cd8d51,2025-10-09,21:07:59,2025-10-09T21:07:59Z,2025-10-09T21:07:59Z,NA,v3,CNE,CNE,NA,"Van Ness, Jameson",1000370206,Right,CAR_EAG,d48ab9f1-33a5-4abd-90f8-fee4a6f7573a,54.3883,-121.80454,10.37654,5.84797,1.36856,-11.53352,-2.79627,9.73579,-2.4655,NA,NA,NA,NA,NA,NA,NA,NA,NA,NA,NA,NA,NA,NA,NA,NA,NA,NA,NA,NA,NA,NA,NA,NA,NA,NA,NA,NA,NA,NA,NA,NA,NA,NA,NA,NA,NA,NA,NA,NA,NA,NA,NA,NA,NA,NA,NA,NA,NA,NA,High,High,High,NA,NA,NA,NA,NA,229.386543,33.093544,1601.182621,0.83778,01:45:00,-0.595078,-0.629717,-0.499338,-32.834831,-37.58367,-88.504466,-0.095981,169.468511,-0.978616,-10.482316,0.978616,-0.181932,0.095981,5.601533,-5.507758,0.181932,-0.181932,-169.468511,5.507758,0.095981,10.482316,-5.601533,-0.095981,0.181932,0.978616,-0.978616,NA,NA,NA,NA,NA,NA,NA,NA,NA,NA,NA,NA
NA,NA,NA,NA,NA,NA,NA,NA,NA,NA,NA,NA,NA,NA,NA,NA,201,2025-10-09,17:08:23,5,2,"Kilgore, Tanner",814348,Right,CAR_EAG,"Soto Diaz, Bradley",1000475324,Right,CAR_EAG,Undefined,6,Bottom,1,1,0,Fastball,Changeup,InPlay,Undefined,LineDrive,Double,2,3,NA,83.79469,-0.445097,-3.282172,1714.98197,220.588174,01:15:00,5.79891,2.86837,6.02823,-32.76868,6.34524,4.52898,2.65527,0.20265,77.8558,-6.491156,-2.468782,0.450129,93.44799,34.438768,-4.865274,2803.047126,109.97058,70.58118,-2.5373,371.23232,371.23232,4.794962,5.346411,-3.13193,3.68839,-2.61389,50,5.74592,6.81348,-121.77113,-1.9894,-4.76917,20.74013,-26.55749,CAR_EAG,CAR_EAG,CarsonNewman,TeamExclusive,Team,20251009-CarsonNewman-Private-1,17d1b2a0-a554-11f0-870a-a764b86fb10a,83.73694,97.75535,NA,5.93889,NA,NA,NA,1.65414,2.96837,-0.10534,b9b1564c-54db-4627-8f3f-643d14cd8d51,2025-10-09,21:08:23,2025-10-09T21:08:23Z,2025-10-09T21:08:23Z,FlyBall,v3,CNE,CNE,NA,"Van Ness, Jameson",1000370206,Right,CAR_EAG,dcf301ad-bee0-4299-9bea-f7a3a1617d79,54.47599,-122.53111,10.37007,5.80099,-1.01625,-13.27874,-2.86676,6.98824,-2.38458,206.778869,1.65872,112.53587,-21.20892,5.0356,-0.74544,0.02523,0.01231,-0.00198,9e-5,2.96493,77.56935,-17.01552,0.33969,0.13749,-0.07007,0.01997,-0.00288,1.6e-4,-0.10692,-9.55342,8.82956,-2.57462,0.50585,-0.05647,0.00108,4e-4,-3e-5,NA,NA,NA,NA,NA,NA,NA,NA,NA,NA,NA,NA,NA,NA,NA,NA,NA,NA,NA,NA,NA,NA,High,High,High,High,High,NA,NA,NA,239.15361,37.62247,1358.351986,0.79205,02:00:00,-0.627414,-0.684733,-0.370801,-49.147739,-32.185877,-66.068396,-0.170115,173.172675,-0.978437,-6.727349,0.978437,-0.117145,0.170115,9.86306,-9.794479,0.117145,-0.117145,-173.172675,9.794479,0.170115,6.727349,-9.86306,-0.170115,0.117145,0.978437,-0.978437,NA,NA,NA,NA,NA,NA,NA,NA,NA,NA,NA,NA
NA,NA,NA,NA,NA,NA,NA,NA,NA,NA,NA,NA,NA,NA,NA,NA,202,2025-10-09,17:11:08,1,1,"Sharp, Will",1000370214,Right,CAR_EAG,"Bolton, Ryan",1000215919,Right,CAR_EAG,Undefined,7,Top,0,0,0,Slider,Curveball,BallCalled,Undefined,Undefined,Undefined,0,0,NA,70.67741,0.141446,-1.52285,1932.134505,76.948077,08:30:00,6.1985,2.47102,5.17533,-56.36401,0.07346,-5.87237,1.63465,0.54825,66.50886,-9.98726,-2.56467,0.540698,NA,NA,NA,NA,NA,NA,NA,NA,NA,NA,NA,2.60673,0.42217,-2.3245,50,6.16803,2.93973,-102.7908,-1.5232,2.84017,14.10756,-31.71406,CAR_EAG,CAR_EAG,CarsonNewman,TeamExclusive,Team,20251009-CarsonNewman-Private-1,7a233910-a554-11f0-870a-a764b86fb10a,69.71064,NA,NA,4.16855,NA,NA,NA,NA,NA,NA,b9b1564c-54db-4627-8f3f-643d14cd8d51,2025-10-09,21:11:08,2025-10-09T21:11:08Z,2025-10-09T21:11:08Z,NA,v3,CNE,CNE,NA,"Cochran, Carson",10085797,Right,CAR_EAG,7f7dad5c-23ff-4b58-b256-dfb56f1fe4aa,55.33004,-103.51974,7.05378,6.20439,0.11547,-15.85703,-2.47261,2.79298,1.42009,NA,NA,NA,NA,NA,NA,NA,NA,NA,NA,NA,NA,NA,NA,NA,NA,NA,NA,NA,NA,NA,NA,NA,NA,NA,NA,NA,NA,NA,NA,NA,NA,NA,NA,NA,NA,NA,NA,NA,NA,NA,NA,NA,NA,NA,NA,NA,NA,NA,NA,High,High,High,NA,NA,NA,NA,NA,126.134061,80.036268,334.307103,0.173025,10:15:00,-0.986933,0.142173,-0.075827,78.070415,4.460738,11.026711,0.077568,110.685073,-0.352167,68.862449,0.352167,-0.932717,-0.077568,12.421538,4.448771,0.932717,0.932717,-110.685073,-4.448771,0.077568,-68.862449,-12.421538,-0.077568,-0.932717,0.352167,-0.352167,NA,NA,NA,NA,NA,NA,NA,NA,NA,NA,NA,NA
NA,NA,NA,NA,NA,NA,NA,NA,NA,NA,NA,NA,NA,NA,NA,NA,203,2025-10-09,17:11:23,1,2,"Sharp, Will",1000370214,Right,CAR_EAG,"Bolton, Ryan",1000215919,Right,CAR_EAG,Undefined,7,Top,0,1,0,Fastball,Changeup,FoulBallNotFieldable,Undefined,Undefined,Undefined,0,0,NA,78.83194,-1.705003,-2.225249,2064.269589,188.573232,12:15:00,6.10915,2.42609,6.05171,-31.63132,12.73371,1.72453,1.89315,0.50875,73.03328,-7.569354,-1.914857,0.479393,NA,NA,NA,NA,NA,NA,NA,NA,NA,NA,NA,-1.46595,7.39583,-2.2538299999999998,50,5.95913,4.39037,-114.54099,-4.32313,-1.96318,19.55928,-22.26946,CAR_EAG,CAR_EAG,CarsonNewman,TeamExclusive,Team,20251009-CarsonNewman-Private-1,82ed48b0-a554-11f0-870a-a764b86fb10a,78.62535,NA,NA,5.79866,NA,NA,NA,NA,NA,NA,b9b1564c-54db-4627-8f3f-643d14cd8d51,2025-10-09,21:11:23,2025-10-09T21:11:23Z,2025-10-09T21:11:23Z,NA,v3,CNE,CNE,NA,"Cochran, Carson",10085797,Right,CAR_EAG,e6675b24-599b-4e62-97b3-769b0233e0a2,54.45159,-115.29865,9.77964,6.10988,-3.46049,-11.13473,-2.42537,4.46642,-0.98159,NA,NA,NA,NA,NA,NA,NA,NA,NA,NA,NA,NA,NA,NA,NA,NA,NA,NA,NA,NA,NA,NA,NA,NA,NA,NA,NA,NA,NA,NA,NA,NA,NA,NA,NA,NA,NA,NA,NA,NA,NA,NA,NA,NA,NA,NA,NA,NA,NA,NA,High,High,High,NA,NA,NA,NA,NA,221.782511,44.198835,1479.926039,0.716925,01:30:00,-0.702872,-0.498222,-0.507688,57.916816,63.173605,73.149378,-0.428229,170.707971,-0.891812,-8.390121,0.891812,-0.145912,0.428229,25.649335,-25.355247,0.145912,-0.145912,-170.707971,25.355247,0.428229,8.390121,-25.649335,-0.428229,0.145912,0.891812,-0.891812,NA,NA,NA,NA,NA,NA,NA,NA,NA,NA,NA,NA
NA,NA,NA,NA,NA,NA,NA,NA,NA,NA,NA,NA,NA,NA,NA,NA,204,2025-10-09,17:11:45,1,3,"Sharp, Will",1000370214,Right,CAR_EAG,"Bolton, Ryan",1000215919,Right,CAR_EAG,Undefined,7,Top,0,1,1,Fastball,Slider,StrikeCalled,Undefined,Undefined,Undefined,0,0,NA,79.40796,-0.137328,-3.41975,1985.196011,193.832249,12:30:00,6.20895,2.3063,5.5356,-35.67778,9.13252,1.91673,3.1072,-0.7344,73.14846,-6.68968,-3.078912,0.481793,NA,NA,NA,NA,NA,NA,NA,NA,NA,NA,NA,-1.8702,5.06567,-2.01037,50,6.17326,6.80717,-115.16495,-1.4308,-2.52471,20.35176,-25.33558,CAR_EAG,CAR_EAG,CarsonNewman,TeamExclusive,Team,20251009-CarsonNewman-Private-1,9017a530-a554-11f0-870a-a764b86fb10a,78.23372,NA,NA,6.2595,NA,NA,NA,NA,NA,NA,b9b1564c-54db-4627-8f3f-643d14cd8d51,2025-10-09,21:11:45,2025-10-09T21:11:45Z,2025-10-09T21:11:45Z,NA,v3,CNE,CNE,NA,"Cochran, Carson",10085797,Right,CAR_EAG,e240647f-cb96-4506-9406-4075b76f9229,54.96591,-116.0392,10.17588,6.21135,-0.34246,-12.66779,-2.30512,6.91562,-1.26236,NA,NA,NA,NA,NA,NA,NA,NA,NA,NA,NA,NA,NA,NA,NA,NA,NA,NA,NA,NA,NA,NA,NA,NA,NA,NA,NA,NA,NA,NA,NA,NA,NA,NA,NA,NA,NA,NA,NA,NA,NA,NA,NA,NA,NA,NA,NA,NA,NA,NA,High,High,High,NA,NA,NA,NA,NA,220.407964,47.531627,1340.370855,0.675183,01:15:00,-0.765955,-0.439438,-0.469263,-88.278361,-11.913628,-60.767638,-0.434382,174.430945,-0.896477,-5.014714,0.896477,-0.087412,0.434382,25.852185,-25.745966,0.087412,-0.087412,-174.430945,25.745966,0.434382,5.014714,-25.852185,-0.434382,0.087412,0.896477,-0.896477,NA,NA,NA,NA,NA,NA,NA,NA,NA,NA,NA,NA
NA,NA,NA,NA,NA,NA,NA,NA,NA,NA,NA,NA,NA,NA,NA,NA,205,2025-10-09,17:12:03,1,4,"Sharp, Will",1000370214,Right,CAR_EAG,"Bolton, Ryan",1000215919,Right,CAR_EAG,Undefined,7,Top,0,1,2,Slider,Curveball,BallCalled,Undefined,Undefined,Undefined,0,0,NA,72.11646,-1.794254,-4.465529,1967.842525,130.512873,10:15:00,6.30575,2.27915,5.14551,-47.97593,7.3767,-6.70178,0.61267,-2.49243,67.13693,-10.411403,-5.647189,0.535477,NA,NA,NA,NA,NA,NA,NA,NA,NA,NA,NA,2.17591,4.65079,-1.85482,50,6.1002,8.39367,-104.3592,-4.7916,2.41099,16.78407,-27.02081,CAR_EAG,CAR_EAG,CarsonNewman,TeamExclusive,Team,20251009-CarsonNewman-Private-1,9aeaa430-a554-11f0-870a-a764b86fb10a,70.39044,NA,NA,4.97953,NA,NA,NA,NA,NA,NA,b9b1564c-54db-4627-8f3f-643d14cd8d51,2025-10-09,21:12:03,2025-10-09T21:12:03Z,2025-10-09T21:12:03Z,NA,v3,CNE,CNE,NA,"Cochran, Carson",10085797,Right,CAR_EAG,cb97f75c-3eac-4990-8f3a-4df7fffd72e3,55.35676,-105.2172,8.39203,6.30985,-3.4103,-13.51041,-2.28076,8.27042,1.2055,NA,NA,NA,NA,NA,NA,NA,NA,NA,NA,NA,NA,NA,NA,NA,NA,NA,NA,NA,NA,NA,NA,NA,NA,NA,NA,NA,NA,NA,NA,NA,NA,NA,NA,NA,NA,NA,NA,NA,NA,NA,NA,NA,NA,NA,NA,NA,NA,NA,NA,High,High,High,NA,NA,NA,NA,NA,93.923067,78.556853,390.411055,0.198395,09:15:00,-0.983903,0.167145,0.063224,86.815109,5.778958,5.11313,0.019796,104.800943,-0.255412,75.156623,0.255412,-0.96663,-0.019796,4.431965,1.134313,0.96663,0.96663,-104.800943,-1.134313,0.019796,-75.156623,-4.431965,-0.019796,-0.96663,0.255412,-0.255412,NA,NA,NA,NA,NA,NA,NA,NA,NA,NA,NA,NA
NA,NA,NA,NA,NA,NA,NA,NA,NA,NA,NA,NA,NA,NA,NA,NA,206,2025-10-09,17:12:22,1,5,"Sharp, Will",1000370214,Right,CAR_EAG,"Bolton, Ryan",1000215919,Right,CAR_EAG,Undefined,7,Top,0,2,2,Slider,Slider,BallCalled,Undefined,Undefined,Undefined,0,0,NA,72.56064,-1.660628,-4.119186,2088.608095,145.369735,10:45:00,6.27375,2.34417,5.16757,-48.15392,6.80012,-3.47386,0.69349,-1.82889,67.01615,-10.348999,-4.732762,0.533545,NA,NA,NA,NA,NA,NA,NA,NA,NA,NA,NA,0.55929,4.41055,-1.95669,50,6.08188,7.68863,-104.96822,-4.57824,0.62257,18.14786,-27.26438,CAR_EAG,CAR_EAG,CarsonNewman,TeamExclusive,Team,20251009-CarsonNewman-Private-1,a677f280-a554-11f0-870a-a764b86fb10a,70.64524,NA,NA,5.54449,NA,NA,NA,NA,NA,NA,b9b1564c-54db-4627-8f3f-643d14cd8d51,2025-10-09,21:12:22,2025-10-09T21:12:22Z,2025-10-09T21:12:22Z,NA,v3,CNE,CNE,NA,"Cochran, Carson",10085797,Right,CAR_EAG,2b4e3a38-a06d-4258-9b84-81ce464c05e2,55.33312,-105.88624,9.07393,6.27859,-3.19905,-13.63219,-2.34483,7.65713,0.31128,NA,NA,NA,NA,NA,NA,NA,NA,NA,NA,NA,NA,NA,NA,NA,NA,NA,NA,NA,NA,NA,NA,NA,NA,NA,NA,NA,NA,NA,NA,NA,NA,NA,NA,NA,NA,NA,NA,NA,NA,NA,NA,NA,NA,NA,NA,NA,NA,NA,NA,High,High,High,NA,NA,NA,NA,NA,103.987499,76.498362,487.633937,0.23347300000000001,09:30:00,-0.980046,0.198277,0.014001,77.543182,3.781394,14.390376,-0.04906,115.832141,-0.435211,-64.025705,0.435211,-0.898991,0.04906,6.431658,-2.812076,0.898991,-0.898991,-115.832141,2.812076,0.04906,64.025705,-6.431658,-0.04906,0.898991,0.435211,-0.435211,NA,NA,NA,NA,NA,NA,NA,NA,NA,NA,NA,NA
NA,NA,NA,NA,NA,NA,NA,NA,NA,NA,NA,NA,NA,NA,NA,NA,207,2025-10-09,17:12:40,1,6,"Sharp, Will",1000370214,Right,CAR_EAG,"Bolton, Ryan",1000215919,Right,CAR_EAG,Undefined,7,Top,0,3,2,Fastball,Slider,BallCalled,Walk,Undefined,Undefined,0,0,NA,78.94232,1.018218,-3.847671,2053.9468660000002,150.948323,11:00:00,6.12199,2.35951,5.77072,-38.01742,7.21146,-3.22311,3.90372,-1.49531,72.31818,-5.998683,-4.422208,0.484038,NA,NA,NA,NA,NA,NA,NA,NA,NA,NA,NA,0.56051,3.83547,-2.03886,50,6.18352,7.8167,-114.38965,0.84829,0.74237,21.18288,-27.09422,CAR_EAG,CAR_EAG,CarsonNewman,TeamExclusive,Team,20251009-CarsonNewman-Private-1,b124a4d0-a554-11f0-870a-a764b86fb10a,77.87084,NA,NA,6.62414,NA,NA,NA,NA,NA,NA,b9b1564c-54db-4627-8f3f-643d14cd8d51,2025-10-09,21:12:40,2025-10-09T21:12:40Z,2025-10-09T21:12:40Z,NA,v3,CNE,CNE,NA,"Cochran, Carson",10085797,Right,CAR_EAG,fd1e407a-15d2-4b7e-b337-44df37fece14,54.729730000000004,-115.26218,10.59144,6.12559,1.96432,-13.54711,-2.3602,7.78612,0.37118,NA,NA,NA,NA,NA,NA,NA,NA,NA,NA,NA,NA,NA,NA,NA,NA,NA,NA,NA,NA,NA,NA,NA,NA,NA,NA,NA,NA,NA,NA,NA,NA,NA,NA,NA,NA,NA,NA,NA,NA,NA,NA,NA,NA,NA,NA,NA,NA,NA,NA,High,High,High,NA,NA,NA,NA,NA,215.341161,54.355668,1196.941481,0.582752,01:15:00,-0.848566,-0.322595,-0.419367,-84.825648,-45.40335,-79.763717,-0.331059,168.910572,-0.925991,-10.456842,0.925991,-0.181495,0.331059,19.672885,-19.333038,0.181495,-0.181495,-168.910572,19.333038,0.331059,10.456842,-19.672885,-0.331059,0.181495,0.925991,-0.925991,NA,NA,NA,NA,NA,NA,NA,NA,NA,NA,NA,NA
NA,NA,NA,NA,NA,NA,NA,NA,NA,NA,NA,NA,NA,NA,NA,NA,208,2025-10-09,17:13:15,2,1,"Sharp, Will",1000370214,Right,CAR_EAG,"Nathan, Cole",1000323259,Right,CAR_EAG,Undefined,7,Top,0,0,0,Fastball,Curveball,HitByPitch,Undefined,Undefined,Undefined,0,0,NA,78.34646,1.468426,-0.729319,1889.70479,193.950205,12:30:00,6.09508,2.45951,5.9355,-38.97297,5.99733,1.17724,4.21011,1.88094,72.42906,-5.734801,-0.517861,0.482652,NA,NA,NA,NA,NA,NA,NA,NA,NA,NA,NA,-0.79189,3.06193,-2.40198,50,6.18994,1.40844,-113.93673,1.74095,-1.05114,19.01148,-28.1096,CAR_EAG,CAR_EAG,CarsonNewman,TeamExclusive,Team,20251009-CarsonNewman-Private-1,c5e94380-a554-11f0-870a-a764b86fb10a,78.0944,NA,NA,5.9174,NA,NA,NA,NA,NA,NA,b9b1564c-54db-4627-8f3f-643d14cd8d51,2025-10-09,21:13:15,2025-10-09T21:13:15Z,2025-10-09T21:13:15Z,NA,v3,CNE,CNE,NA,"Cochran, Carson",10085797,Right,CAR_EAG,1485f662-ed28-4dfc-8189-ab2532b13605,54.56837,-114.69648,9.50574,6.09793,2.86428,-14.0548,-2.4591,1.45044,-0.52557,NA,NA,NA,NA,NA,NA,NA,NA,NA,NA,NA,NA,NA,NA,NA,NA,NA,NA,NA,NA,NA,NA,NA,NA,NA,NA,NA,NA,NA,NA,NA,NA,NA,NA,NA,NA,NA,NA,NA,NA,NA,NA,NA,NA,NA,NA,NA,NA,NA,NA,High,High,High,NA,NA,NA,NA,NA,218.261966,52.377457,1153.583219,0.610457,01:15:00,-0.807513,-0.357609,-0.46908300000000003,73.681644,50.34209,87.68369,-0.35319,173.107672,-0.928791,-6.446179,0.928791,-0.11227,0.35319,20.820234,-20.682549,0.11227,-0.11227,-173.107672,20.682549,0.35319,6.446179,-20.820234,-0.35319,0.11227,0.928791,-0.928791,NA,NA,NA,NA,NA,NA,NA,NA,NA,NA,NA,NA
NA,NA,NA,NA,NA,NA,NA,NA,NA,NA,NA,NA,NA,NA,NA,NA,209,2025-10-09,17:14:00,3,1,"Sharp, Will",1000370214,Right,CAR_EAG,"Hubbard, Ian",10071315,Left,CAR_EAG,Undefined,7,Top,0,0,0,Fastball,Slider,InPlay,Undefined,GroundBall,Out,2,0,NA,79.7882,-1.092076,-3.318892,1987.678167,196.743124,12:30:00,5.91501,2.48523,5.91322,-35.04703,8.67552,2.21685,1.97898,-0.41395,73.6919,-7.556776,-2.921557,0.475909,96.65769,-5.774167,34.562594,NA,NA,NA,NA,15.95612,15.95612,36.022053,0.113907,-2.01008,5.13851,-2.21995,50,5.80717,6.6323,-115.78729,-3.28517,-2.74382,20.50691,-25.15987,CAR_EAG,CAR_EAG,CarsonNewman,TeamExclusive,Team,20251009-CarsonNewman-Private-1,e0f05c90-a554-11f0-870a-a764b86fb10a,79.20091,1.71793,NA,6.0963,NA,NA,NA,-0.02915,1.71793,0.35383,b9b1564c-54db-4627-8f3f-643d14cd8d51,2025-10-09,21:14:00,2025-10-09T21:14:00Z,2025-10-09T21:14:00Z,GroundBall,v3,CNE,CNE,NA,"Cochran, Carson",10085797,Right,CAR_EAG,64835e88-8c0e-4588-b42c-0bafc0e8622d,54.58883,-116.59718,10.25346,5.91729,-2.29152,-12.57993,-2.48403,6.74067,-1.37191,237.565895,-0.0288,116.11148,-22.53007,NA,NA,NA,NA,NA,NA,1.71787,-14.25675,-7.25978,NA,NA,NA,NA,NA,NA,0.35388,80.01034,-6.47012,NA,NA,NA,NA,NA,NA,NA,NA,NA,NA,NA,NA,NA,NA,NA,NA,NA,NA,NA,NA,NA,NA,NA,NA,NA,NA,NA,NA,High,High,High,High,High,NA,NA,NA,218.857326,50.095515,1275.114795,0.64151,01:15:00,-0.786952,-0.41702,-0.454754,-83.378898,-33.402353,-74.383704,-0.380239,174.303124,-0.92032,-5.267715,0.92032,-0.09181,0.380239,22.448416,-22.348475,0.09181,-0.09181,-174.303124,22.348475,0.380239,5.267715,-22.448416,-0.380239,0.09181,0.92032,-0.92032,NA,NA,NA,NA,NA,NA,NA,NA,NA,NA,NA,NA
NA,NA,NA,NA,NA,NA,NA,NA,NA,NA,NA,NA,NA,NA,NA,NA,210,2025-10-09,17:14:38,4,1,"Sharp, Will",1000370214,Right,CAR_EAG,"Hornbuckle, Kylan",1000106804,Right,CAR_EAG,Undefined,7,Top,2,0,0,Fastball,Slider,StrikeSwinging,Undefined,Undefined,Undefined,0,0,NA,79.05517,-0.607732,-4.029965,1870.247577,196.349167,12:30:00,5.96668,2.38025,5.6253,-37.43388,7.63044,1.84622,2.27863,-1.23283,73.03222,-7.46588,-3.701391,0.483156,NA,NA,NA,NA,NA,NA,NA,NA,NA,NA,NA,-1.98016,4.45453,-2.03733,50,5.8907,8.00253,-114.59783,-2.42097,-2.65066,19.86674,-26.21117,CAR_EAG,CAR_EAG,CarsonNewman,TeamExclusive,Team,20251009-CarsonNewman-Private-1,f756eb70-a554-11f0-870a-a764b86fb10a,78.01291,NA,NA,6.02295,NA,NA,NA,NA,NA,NA,b9b1564c-54db-4627-8f3f-643d14cd8d51,2025-10-09,21:14:38,2025-10-09T21:14:38Z,2025-10-09T21:14:38Z,NA,v3,CNE,CNE,NA,"Cochran, Carson",10085797,Right,CAR_EAG,3acb4d30-65bb-48f4-9fb2-bfee5678778e,54.87615,-115.44006,9.93337,5.96978,-1.30976,-13.10558,-2.37897,8.1149,-1.32533,NA,NA,NA,NA,NA,NA,NA,NA,NA,NA,NA,NA,NA,NA,NA,NA,NA,NA,NA,NA,NA,NA,NA,NA,NA,NA,NA,NA,NA,NA,NA,NA,NA,NA,NA,NA,NA,NA,NA,NA,NA,NA,NA,NA,NA,NA,NA,NA,NA,NA,High,High,High,NA,NA,NA,NA,NA,221.772272,49.637632,1211.208941,0.64762,01:30:00,-0.789416,-0.439483,-0.428575,-89.326778,-8.701776,-63.864141,-0.41981,178.82792800000001,-0.907422,-1.063774,0.907422,-0.018565,0.41981,24.82713,-24.822562,0.018565,-0.018565,-178.82792800000001,24.822562,0.41981,1.063774,-24.82713,-0.41981,0.018565,0.907422,-0.907422,NA,NA,NA,NA,NA,NA,NA,NA,NA,NA,NA,NA
NA,NA,NA,NA,NA,NA,NA,NA,NA,NA,NA,NA,NA,NA,NA,NA,211,2025-10-09,17:14:56,4,2,"Sharp, Will",1000370214,Right,CAR_EAG,"Hornbuckle, Kylan",1000106804,Right,CAR_EAG,Undefined,7,Top,2,0,1,Fastball,Changeup,BallCalled,Undefined,Undefined,Undefined,0,0,NA,78.51764,-1.895603,-4.101288,1960.981382,203.694581,12:45:00,5.90527,2.3646,5.911,-35.97037,9.29441,3.4804,1.14308,-1.1587,72.63993,-8.510431,-3.478158,0.48423,NA,NA,NA,NA,NA,NA,NA,NA,NA,NA,NA,-2.8565,5.6976,-2.03682,50,5.73213,8.03138,-113.79252,-4.8622,-3.76709,19.75123,-24.66023,CAR_EAG,CAR_EAG,CarsonNewman,TeamExclusive,Team,20251009-CarsonNewman-Private-1,01ecba60-a555-11f0-870a-a764b86fb10a,77.83996,NA,NA,5.87771,NA,NA,NA,NA,NA,NA,b9b1564c-54db-4627-8f3f-643d14cd8d51,2025-10-09,21:14:56,2025-10-09T21:14:56Z,2025-10-09T21:14:56Z,NA,v3,CNE,CNE,NA,"Cochran, Carson",10085797,Right,CAR_EAG,b72fb87e-e2e0-4b5c-b9aa-9c1198776155,54.59045,-114.58653,9.87561,5.90766,-3.87085,-12.33011,-2.36273,8.18283,-1.88354,NA,NA,NA,NA,NA,NA,NA,NA,NA,NA,NA,NA,NA,NA,NA,NA,NA,NA,NA,NA,NA,NA,NA,NA,NA,NA,NA,NA,NA,NA,NA,NA,NA,NA,NA,NA,NA,NA,NA,NA,NA,NA,NA,NA,NA,NA,NA,NA,NA,NA,High,High,High,NA,NA,NA,NA,NA,225.619973,49.507285,1273.365939,0.649351,01:30:00,-0.775295,-0.489004,-0.39974,-81.781192,-44.904138,-78.247822,-0.381804,176.592518,-0.922609,-3.149071,0.922609,-0.054934,0.381804,22.481271,-22.445472,0.054934,-0.054934,-176.592518,22.445472,0.381804,3.149071,-22.481271,-0.381804,0.054934,0.922609,-0.922609,NA,NA,NA,NA,NA,NA,NA,NA,NA,NA,NA,NA
NA,NA,NA,NA,NA,NA,NA,NA,NA,NA,NA,NA,NA,NA,NA,NA,212,2025-10-09,17:15:12,4,3,"Sharp, Will",1000370214,Right,CAR_EAG,"Hornbuckle, Kylan",1000106804,Right,CAR_EAG,Undefined,7,Top,2,1,1,Fastball,Changeup,FoulBallNotFieldable,Undefined,Undefined,Undefined,0,0,NA,78.53753,-0.455722,-1.542985,1999.401008,219.738831,01:15:00,6.01759,2.3494,5.51536,-38.35915,7.18449,4.88,2.39468,1.31286,72.73182,-7.474979,-0.672609,0.485719,26.03493,-8.233505,-46.281548,NA,NA,NA,NA,23.43465,5.74242,-42.927445,0.510548,-2.8863,4.10788,-2.21834,50,5.9518,2.89149,-114.13445,-2.148,-3.83916,19.35947,-26.71003,CAR_EAG,CAR_EAG,CarsonNewman,TeamExclusive,Team,20251009-CarsonNewman-Private-1,0b762260-a555-11f0-870a-a764b86fb10a,77.6013,2.87263,NA,5.80571,NA,NA,NA,3.43862,2.87263,-1.61212,b9b1564c-54db-4627-8f3f-643d14cd8d51,2025-10-09,21:15:12,2025-10-09T21:15:12Z,2025-10-09T21:15:12Z,GroundBall,v3,CNE,CNE,NA,"Cochran, Carson",10085797,Right,CAR_EAG,cd635cc1-cdff-4dbe-85c0-466646e4d37c,54.98853,-114.97748,9.67973,6.02001,-0.98487,-13.35502,-2.3479,3.0586700000000002,-1.91958,180,3.37648,26.87429,NA,NA,NA,NA,NA,NA,NA,2.88564,-5.62669,NA,NA,NA,NA,NA,NA,NA,-1.54713,-28.10421,NA,NA,NA,NA,NA,NA,NA,NA,NA,NA,NA,NA,NA,NA,NA,NA,NA,NA,NA,NA,NA,NA,NA,NA,NA,NA,NA,NA,NA,High,High,High,Low,Low,NA,NA,NA,225.687808,46.202933,1383.797889,0.692106,01:30:00,-0.730592,-0.500958,-0.463979,-81.047777,-18.329111,-61.821661,-0.327601,176.696521,-0.943246,-3.120994,0.943246,-0.054445,0.327601,19.152771,-19.123258,0.054445,-0.054445,-176.696521,19.123258,0.327601,3.120994,-19.152771,-0.327601,0.054445,0.943246,-0.943246,NA,NA,NA,NA,NA,NA,NA,NA,NA,NA,NA,NA
NA,NA,NA,NA,NA,NA,NA,NA,NA,NA,NA,NA,NA,NA,NA,NA,213,2025-10-09,17:15:52,4,4,"Sharp, Will",1000370214,Right,CAR_EAG,"Hornbuckle, Kylan",1000106804,Right,CAR_EAG,Undefined,7,Top,2,1,2,ChangeUp,Changeup,InPlay,Undefined,FlyBall,Out,1,0,NA,75.48783,0.819153,-3.900772,1908.503902,262.738575,02:45:00,6.00071,2.42041,5.62265,-46.40329,3.21559,13.05737,2.90006,-0.13744,69.34722,-7.685133,-1.574219,0.506985,73.36373,49.743905,35.822446,4799.01347,80.49146,91.66538,74.97375,224.7901,98.0218,47.231732,4.93343,-7.72189,1.8378,-2.09595,50,6.04065,6.98618,-109.4343,0.12463,-9.37552,19.09275,-29.94267,CAR_EAG,CAR_EAG,CarsonNewman,TeamExclusive,Team,20251009-CarsonNewman-Private-1,23766410-a555-11f0-870a-a764b86fb10a,74.34629,93.09526,NA,6.14061,NA,NA,NA,1.43069,3.01564,0.31886,b9b1564c-54db-4627-8f3f-643d14cd8d51,2025-10-09,21:15:52,2025-10-09T21:15:52Z,2025-10-09T21:15:52Z,Popup,v3,CNE,CNE,NA,"Cochran, Carson",10085797,Right,CAR_EAG,ba765c28-8312-4ae8-9444-dd5d5fdd3f24,54.88079,-110.28255,9.54637,6.00557,1.45492,-14.97134,-2.41558,7.40272,-4.68776,207.90058200000001,1.43877,56.19021,-12.75501,1.95844,0.69342,-0.53545,0.1459,-0.0186,9.2e-4,3.01097,82.20391,-22.1076,2.36506,-0.58047,0.08582,0.00537,-0.00328,2.7e-4,0.31815,40.70909,-2.39824,0.28052,-0.04293,0.00949,-8.5e-4,-1.1e-4,2e-5,NA,NA,NA,NA,NA,NA,NA,NA,NA,NA,NA,NA,NA,NA,NA,NA,NA,NA,NA,NA,NA,NA,High,High,High,High,Low,NA,NA,NA,212.491213,47.531922,1288.5824,0.675179,01:00:00,-0.779785,-0.352103,-0.517648,35.253774,-16.533232,17.761406,0.226416,98.959908,-0.151699,74.184658,0.151699,-0.962145,-0.226416,56.177959,13.086182,0.962145,0.962145,-98.959908,-13.086182,0.226416,-74.184658,-56.177959,-0.226416,-0.962145,0.151699,-0.151699,NA,NA,NA,NA,NA,NA,NA,NA,NA,NA,NA,NA
NA,NA,NA,NA,NA,NA,NA,NA,NA,NA,NA,NA,NA,NA,NA,NA,214,2025-10-09,17:18:48,1,1,"Norris, Eli",1000334436,Right,CAR_EAG,"Cochran, Carson",10085797,Right,CAR_EAG,Undefined,7,Bottom,0,0,0,Splitter,Slider,BallCalled,Undefined,Undefined,Undefined,0,1,NA,83.5658,-3.423924,-2.245889,2338.706898,243.709889,02:00:00,6.37829,0.53736,5.81253,-36.3101,4.12579,5.67256,0.16223,-1.07949,76.8377,-10.062153,-1.227145,0.457673,NA,NA,NA,NA,NA,NA,NA,NA,NA,NA,NA,-3.56252,3.49658,-0.35657,50,6.07544,4.52517,-121.07621,-8.45686,-5.26397,24.65856,-27.00754,CAR_EAG,CAR_EAG,CarsonNewman,TeamExclusive,Team,20251009-CarsonNewman-Private-1,8c8cb440-a555-11f0-870a-a764b86fb10a,82.35678,NA,NA,6.72811,NA,NA,NA,NA,NA,NA,b9b1564c-54db-4627-8f3f-643d14cd8d51,2025-10-09,21:18:48,2025-10-09T21:18:48Z,2025-10-09T21:18:48Z,NA,v3,CNE,CNE,NA,"Van Ness, Jameson",1000370206,Right,CAR_EAG,c1bddedf-335f-4b10-905b-7e8587f0a1b4,54.68942,-122.02753,12.32928,6.3816,-7.41492,-13.50377,-0.53507,4.72825,-2.63198,NA,NA,NA,NA,NA,NA,NA,NA,NA,NA,NA,NA,NA,NA,NA,NA,NA,NA,NA,NA,NA,NA,NA,NA,NA,NA,NA,NA,NA,NA,NA,NA,NA,NA,NA,NA,NA,NA,NA,NA,NA,NA,NA,NA,NA,NA,NA,NA,NA,NA,High,High,High,NA,NA,NA,NA,NA,200.089415,56.604545,1287.258234,0.550415,12:45:00,-0.841736,-0.238585,-0.484312,-26.150484,-31.185781,-39.555271,0.577015,124.113248,-0.458049,42.547318,0.458049,-0.676199,-0.577015,51.556556,35.240854,0.676199,0.676199,-124.113248,-35.240854,0.577015,-42.547318,-51.556556,-0.577015,-0.676199,0.458049,-0.458049,NA,NA,NA,NA,NA,NA,NA,NA,NA,NA,NA,NA
NA,NA,NA,NA,NA,NA,NA,NA,NA,NA,NA,NA,NA,NA,NA,NA,215,2025-10-09,17:19:22,1,2,"Norris, Eli",1000334436,Right,CAR_EAG,"Cochran, Carson",10085797,Right,CAR_EAG,Undefined,7,Bottom,0,1,0,Fastball,Slider,BallCalled,Undefined,Undefined,Undefined,0,0,NA,85.28252,-2.338264,-2.887692,2265.130797,198.167325,12:30:00,6.40345,0.51541,5.84764,-28.53214,9.4491,2.7678,1.84884,-1.93977,79.53838,-7.577805,-2.391713,0.443564,NA,NA,NA,NA,NA,NA,NA,NA,NA,NA,NA,-2.08429,5.70571,-0.28189,50,6.19591,6.13807,-123.85413,-6.00311,-3.29243,20.80651,-23.16103,CAR_EAG,CAR_EAG,CarsonNewman,TeamExclusive,Team,20251009-CarsonNewman-Private-1,a0b4ebe0-a555-11f0-870a-a764b86fb10a,84.97638,NA,NA,5.74414,NA,NA,NA,NA,NA,NA,b9b1564c-54db-4627-8f3f-643d14cd8d51,2025-10-09,21:19:22,2025-10-09T21:19:22Z,2025-10-09T21:19:22Z,NA,v3,CNE,CNE,NA,"Van Ness, Jameson",1000370206,Right,CAR_EAG,30e8e364-31ac-4105-b0e6-639c31637405,54.65558,-124.63378,10.40325,6.4046,-5.13524,-11.58052,-0.5142,6.26144,-1.64622,NA,NA,NA,NA,NA,NA,NA,NA,NA,NA,NA,NA,NA,NA,NA,NA,NA,NA,NA,NA,NA,NA,NA,NA,NA,NA,NA,NA,NA,NA,NA,NA,NA,NA,NA,NA,NA,NA,NA,NA,NA,NA,NA,NA,NA,NA,NA,NA,NA,NA,High,High,High,NA,NA,NA,NA,NA,197.659138,43.214983,1650.803756,0.72879,12:30:00,-0.709276,-0.248834,-0.659553,-36.501315,-40.693708,-46.775216,0.373094,134.575079,-0.651166,41.368287,0.651166,-0.660897,-0.373094,29.811091,21.906533,0.660897,0.660897,-134.575079,-21.906533,0.373094,-41.368287,-29.811091,-0.373094,-0.660897,0.651166,-0.651166,NA,NA,NA,NA,NA,NA,NA,NA,NA,NA,NA,NA
NA,NA,NA,NA,NA,NA,NA,NA,NA,NA,NA,NA,NA,NA,NA,NA,216,2025-10-09,17:19:46,1,3,"Norris, Eli",1000334436,Right,CAR_EAG,"Cochran, Carson",10085797,Right,CAR_EAG,Undefined,7,Bottom,0,2,0,Fastball,Four-Seam,FoulBallNotFieldable,Undefined,Undefined,Undefined,0,0,NA,87.78085,-3.049552,-1.31556,2234.872079,190.747543,12:15:00,6.42729,0.82897,5.59941,-20.95348,15.51792,2.73854,1.83055,-0.17129,81.03293,-6.937445,-0.826556,0.434658,70.09877,54.150562,74.146536,4966.359824,18.13722,96.48048,108.4944,195.74152,66.14515,83.243573,4.975822,-1.73618,8.99808,-0.71807,50,6.15213,2.81093,-127.38709,-7.47855,-2.87459,24.30426,-17.27597,CAR_EAG,CAR_EAG,CarsonNewman,TeamExclusive,Team,20251009-CarsonNewman-Private-1,aee853f0-a555-11f0-870a-a764b86fb10a,86.7175,96.56827,NA,6.74792,NA,NA,NA,2.23555,3.45865,0.84626,b9b1564c-54db-4627-8f3f-643d14cd8d51,2025-10-09,21:19:46,2025-10-09T21:19:46Z,2025-10-09T21:19:46Z,Popup,v3,CNE,CNE,NA,"Van Ness, Jameson",1000370206,Right,CAR_EAG,659cc5e7-2293-4544-bcd5-fb6b3fa44582,54.90351,-128.31923,12.15213,6.42625,-6.81597,-8.63799,-0.82799,2.92118,-1.4373,207.439262,2.23868,16.36824,-7.14781,1.44853,0.22073,-0.24407,0.07081,-0.00934,4.7e-4,3.45554,83.39543,-21.93999,2.2254,-0.49594,0.05739,0.00901,-0.0034,2.7e-4,0.84832,57.86728,-9.36675,1.83194,0.03509,-0.15123,0.04456,-0.00564,2.7e-4,NA,NA,NA,NA,NA,NA,NA,NA,NA,NA,NA,NA,NA,NA,NA,NA,NA,NA,NA,NA,NA,NA,High,High,High,Medium,Low,NA,NA,NA,207.411116,26.010418,2008.511543,0.898714,01:00:00,-0.43411,-0.436487,-0.788053,-28.834885,-15.967488,-40.259923,0.178689,164.47201,-0.947993,15.271931,0.947993,-0.2634,-0.178689,10.674553,10.293411,0.2634,0.2634,-164.47201,-10.293411,0.178689,-15.271931,-10.674553,-0.178689,-0.2634,0.947993,-0.947993,NA,NA,NA,NA,NA,NA,NA,NA,NA,NA,NA,NA
NA,NA,NA,NA,NA,NA,NA,NA,NA,NA,NA,NA,NA,NA,NA,NA,217,2025-10-09,17:20:09,1,4,"Norris, Eli",1000334436,Right,CAR_EAG,"Cochran, Carson",10085797,Right,CAR_EAG,Undefined,7,Bottom,0,2,1,Splitter,Slider,InPlay,Undefined,FlyBall,Out,1,0,NA,83.35652,-1.691426,-0.648564,2359.707555,200.676957,12:45:00,6.39904,0.86073,5.95692,-33.50207,6.64461,2.02638,2.03802,0.4281,76.54638,-7.884804,-0.283812,0.456033,87.59888,40.074112,-4.034904,3447.53607,109.91144,83.65953,-4.40884,310.60042,309.91561,0.970735,5.545879,-1.23102,4.26091,-0.81036,50,6.24576,1.29289,-121.07538,-4.64415,-1.82363,24.08646,-25.86195,CAR_EAG,CAR_EAG,CarsonNewman,TeamExclusive,Team,20251009-CarsonNewman-Private-1,bc3ccdb0-a555-11f0-870a-a764b86fb10a,82.65291,106.33631,NA,6.81014,NA,NA,NA,1.6825,2.31755,-0.42129,b9b1564c-54db-4627-8f3f-643d14cd8d51,2025-10-09,21:20:09,2025-10-09T21:20:09Z,2025-10-09T21:20:09Z,FlyBall,v3,CNE,CNE,NA,"Van Ness, Jameson",1000370206,Right,CAR_EAG,72c2cede-bda7-4f7f-8afa-0f3c51c172b4,54.54536,-121.97627,12.04323,6.40137,-3.67685,-12.93097,-0.85999,1.3611,-0.91181,191.177512,1.68739,97.98284,-19.14069,4.25835,-0.62131,0.03554,0.00407,-7e-4,3e-5,2.31574,82.73114,-18.76025,1.23049,-0.1376,-0.01477,0.01082,-0.00179,1e-4,-0.42196,-6.9065,4.05182,-1.05625,0.19601,-0.02282,0.00106,4e-5,-0,NA,NA,NA,NA,NA,NA,NA,NA,NA,NA,NA,NA,NA,NA,NA,NA,NA,NA,NA,NA,NA,NA,High,High,High,Medium,Medium,NA,NA,NA,198.308765,57.201591,1278.217891,0.541685,12:30:00,-0.84096,-0.194901,-0.504777,-50.146989,-37.333853,-44.480249,0.374648,133.306271,-0.635942,42.43066,0.635942,-0.674697,-0.374648,30.50329,22.002543,0.674697,0.674697,-133.306271,-22.002543,0.374648,-42.43066,-30.50329,-0.374648,-0.674697,0.635942,-0.635942,NA,NA,NA,NA,NA,NA,NA,NA,NA,NA,NA,NA
NA,NA,NA,NA,NA,NA,NA,NA,NA,NA,NA,NA,NA,NA,NA,NA,218,2025-10-09,17:20:45,2,1,"Norris, Eli",1000334436,Right,CAR_EAG,"Carruthers, Wade",1000300075,Right,CAR_EAG,Undefined,7,Bottom,1,0,0,Splitter,Changeup,StrikeCalled,Undefined,Undefined,Undefined,0,0,NA,77.86767,-0.923575,-0.529661,1430.623968,231.471152,01:45:00,6.3518,0.46947,5.88078,-34.94817,12.09796,12.94099,2.5816,1.05596,70.09229,-7.46368,1.795117,0.493666,NA,NA,NA,NA,NA,NA,NA,NA,NA,NA,NA,-6.75654,7.03351,-0.43396,50,6.25743,0.54959,-112.85532,-2.84043,-8.52157,24.76221,-23.30316,CAR_EAG,CAR_EAG,CarsonNewman,TeamExclusive,Team,20251009-CarsonNewman-Private-1,d1dcff50-a555-11f0-870a-a764b86fb10a,76.3521,NA,NA,7.77538,NA,NA,NA,NA,NA,NA,b9b1564c-54db-4627-8f3f-643d14cd8d51,2025-10-09,21:20:45,2025-10-09T21:20:45Z,2025-10-09T21:20:45Z,NA,v3,CNE,CNE,NA,"Van Ness, Jameson",1000370206,Right,CAR_EAG,f1596b21-8292-4f0c-a1d6-ea796899514d,54.61655,-113.86376,12.3811,6.35378,-1.89141,-11.65158,-0.46341,0.89662,-4.26079,NA,NA,NA,NA,NA,NA,NA,NA,NA,NA,NA,NA,NA,NA,NA,NA,NA,NA,NA,NA,NA,NA,NA,NA,NA,NA,NA,NA,NA,NA,NA,NA,NA,NA,NA,NA,NA,NA,NA,NA,NA,NA,NA,NA,NA,NA,NA,NA,NA,NA,High,High,High,NA,NA,NA,NA,NA,204.033446,32.66838,1204.311837,0.841809,12:45:00,-0.541264,-0.351499,-0.76386,54.217865,31.612566,-18.820172,-0.994022,146.314905,-0.090849,-3.471641,0.090849,-0.060554,0.994022,84.777949,-83.731929,0.060554,-0.060554,-146.314905,83.731929,0.994022,3.471641,-84.777949,-0.994022,0.060554,0.090849,-0.090849,NA,NA,NA,NA,NA,NA,NA,NA,NA,NA,NA,NA
NA,NA,NA,NA,NA,NA,NA,NA,NA,NA,NA,NA,NA,NA,NA,NA,219,2025-10-09,17:21:04,2,2,"Norris, Eli",1000334436,Right,CAR_EAG,"Carruthers, Wade",1000300075,Right,CAR_EAG,Undefined,7,Bottom,1,0,1,Splitter,Changeup,StrikeSwinging,Undefined,Undefined,Undefined,0,0,NA,78.91008,-1.265273,-2.218514,1629.449097,209.727796,01:00:00,6.40026,0.58941,5.71851,-29.12025,17.12843,8.74532,2.79382,-0.74953,70.73403,-6.754221,-0.654617,0.489465,NA,NA,NA,NA,NA,NA,NA,NA,NA,NA,NA,-5.15855,9.64823,-0.40906,50,6.27685,4.07366,-114.18453,-3.3603,-6.6553,25.49259,-19.72636,CAR_EAG,CAR_EAG,CarsonNewman,TeamExclusive,Team,20251009-CarsonNewman-Private-1,dd1a31d0-a555-11f0-870a-a764b86fb10a,77.0075,NA,NA,8.17605,NA,NA,NA,NA,NA,NA,b9b1564c-54db-4627-8f3f-643d14cd8d51,2025-10-09,21:21:04,2025-10-09T21:21:04Z,2025-10-09T21:21:04Z,NA,v3,CNE,CNE,NA,"Van Ness, Jameson",1000370206,Right,CAR_EAG,c5f578e3-4599-4004-913a-32767843bafb,54.77667,-115.24602,12.74629,6.39967,-2.53891,-9.86318,-0.58446,4.35078,-3.32765,NA,NA,NA,NA,NA,NA,NA,NA,NA,NA,NA,NA,NA,NA,NA,NA,NA,NA,NA,NA,NA,NA,NA,NA,NA,NA,NA,NA,NA,NA,NA,NA,NA,NA,NA,NA,NA,NA,NA,NA,NA,NA,NA,NA,NA,NA,NA,NA,NA,NA,High,High,High,NA,NA,NA,NA,NA,206.447397,32.163733,1379.378019,0.84653,01:00:00,-0.552833,-0.388687,-0.737087,72.38084,40.910001,19.44624,0.99232,175.94666900000001,-0.123386,0.500968,0.123386,-0.008743,-0.99232,82.912155,82.894563,0.008743,0.008743,-175.94666900000001,-82.894563,0.99232,-0.500968,-82.912155,-0.99232,-0.008743,0.123386,-0.123386,NA,NA,NA,NA,NA,NA,NA,NA,NA,NA,NA,NA
NA,NA,NA,NA,NA,NA,NA,NA,NA,NA,NA,NA,NA,NA,NA,NA,220,2025-10-09,17:21:27,2,3,"Norris, Eli",1000334436,Right,CAR_EAG,"Carruthers, Wade",1000300075,Right,CAR_EAG,Undefined,7,Bottom,1,0,2,Cutter,Slider,StrikeCalled,Strikeout,Undefined,Undefined,0,0,NA,83.72989,-0.252933,-1.720849,2289.021416,206.534176,01:00:00,6.43157,0.50818,5.58376,-35.98581,4.9515,1.73457,3.19643,-0.95488,75.64942,-6.90152,-1.411193,0.460501,NA,NA,NA,NA,NA,NA,NA,NA,NA,NA,NA,-1.42862,3.04795,-0.36132,50,6.38673,3.57177,-121.33295,-1.77702,-2.0962,27.22132,-27.70183,CAR_EAG,CAR_EAG,CarsonNewman,TeamExclusive,Team,20251009-CarsonNewman-Private-1,eac5f350-a555-11f0-870a-a764b86fb10a,81.85086,NA,NA,8.08047,NA,NA,NA,NA,NA,NA,b9b1564c-54db-4627-8f3f-643d14cd8d51,2025-10-09,21:21:27,2025-10-09T21:21:27Z,2025-10-09T21:21:27Z,NA,v3,CNE,CNE,NA,"Van Ness, Jameson",1000370206,Right,CAR_EAG,d165a6de-54d4-4778-a4d4-1cbe70917da0,54.91446,-122.43056,13.61066,6.43586,-0.66004,-13.85092,-0.50704,3.65629,-1.0481,NA,NA,NA,NA,NA,NA,NA,NA,NA,NA,NA,NA,NA,NA,NA,NA,NA,NA,NA,NA,NA,NA,NA,NA,NA,NA,NA,NA,NA,NA,NA,NA,NA,NA,NA,NA,NA,NA,NA,NA,NA,NA,NA,NA,NA,NA,NA,NA,NA,NA,High,High,High,NA,NA,NA,NA,NA,199.807783,65.008723,967.066411,0.42248,12:45:00,-0.917259,-0.147164,-0.370106,-42.419439,-6.12201,-34.34574,0.271724,132.460263,-0.649679,45.233959,0.649679,-0.709988,-0.271724,22.696782,15.766867,0.709988,0.709988,-132.460263,-15.766867,0.271724,-45.233959,-22.696782,-0.271724,-0.709988,0.649679,-0.649679,NA,NA,NA,NA,NA,NA,NA,NA,NA,NA,NA,NA
NA,NA,NA,NA,NA,NA,NA,NA,NA,NA,NA,NA,NA,NA,NA,NA,221,2025-10-09,17:21:59,3,1,"Norris, Eli",1000334436,Right,CAR_EAG,"Alexander, Trace",10000832,Right,CAR_EAG,Undefined,7,Bottom,2,0,0,Splitter,Changeup,BallCalled,Undefined,Undefined,Undefined,0,0,NA,80.1172,-3.845864,-1.372138,1594.167426,216.32148,01:15:00,6.38822,0.49752,5.60534,-29.18399,15.75694,10.33091,0.35953,0.07724,72.53319,-9.262527,0.475019,0.482495,NA,NA,NA,NA,NA,NA,NA,NA,NA,NA,NA,-5.66595,9.74386,-0.3868,50,6.04,2.36181,-115.83289,-8.67532,-7.56285,25.1787,-19.16803,CAR_EAG,CAR_EAG,CarsonNewman,TeamExclusive,Team,20251009-CarsonNewman-Private-1,fdfffa60-a555-11f0-870a-a764b86fb10a,78.11992,NA,NA,7.58401,NA,NA,NA,NA,NA,NA,b9b1564c-54db-4627-8f3f-643d14cd8d51,2025-10-09,21:21:59,2025-10-09T21:21:59Z,2025-10-09T21:21:59Z,NA,v3,CNE,CNE,NA,"Van Ness, Jameson",1000370206,Right,CAR_EAG,e499d46f-961e-43ba-9df8-86f338dcc1a7,54.89262,-116.89157,12.58935,6.38782,-7.86938,-9.58401,-0.4928,2.6798,-3.78143,NA,NA,NA,NA,NA,NA,NA,NA,NA,NA,NA,NA,NA,NA,NA,NA,NA,NA,NA,NA,NA,NA,NA,NA,NA,NA,NA,NA,NA,NA,NA,NA,NA,NA,NA,NA,NA,NA,NA,NA,NA,NA,NA,NA,NA,NA,NA,NA,NA,NA,High,High,High,NA,NA,NA,NA,NA,204.334887,35.832198,1292.447273,0.810735,12:45:00,-0.579215,-0.372592,-0.725041,-74.501125,-35.065628,31.108318,-0.185237,94.191293,-0.071822,-78.540616,0.071822,-0.980066,0.185237,68.807217,-10.674941,0.980066,-0.980066,-94.191293,10.674941,0.185237,78.540616,-68.807217,-0.185237,0.980066,0.071822,-0.071822,NA,NA,NA,NA,NA,NA,NA,NA,NA,NA,NA,NA
NA,NA,NA,NA,NA,NA,NA,NA,NA,NA,NA,NA,NA,NA,NA,NA,222,2025-10-09,17:22:19,3,2,"Norris, Eli",1000334436,Right,CAR_EAG,"Alexander, Trace",10000832,Right,CAR_EAG,Undefined,7,Bottom,2,1,0,Splitter,Changeup,StrikeCalled,Undefined,Undefined,Undefined,0,0,NA,80.31896,-2.317222,-0.734703,1567.304884,196.265089,12:30:00,6.40805,0.67418,5.56013,-25.66391,18.63005,4.9815,2.103,0.40282,73.02342,-7.118295,0.154435,0.479009,NA,NA,NA,NA,NA,NA,NA,NA,NA,NA,NA,-2.73465,10.57879,-0.61405,50,6.19122,1.29277,-116.39511,-5.47292,-3.71764,23.69189,-17.7927,CAR_EAG,CAR_EAG,CarsonNewman,TeamExclusive,Team,20251009-CarsonNewman-Private-1,09f1fdf0-a556-11f0-870a-a764b86fb10a,78.68838,NA,NA,7.29554,NA,NA,NA,NA,NA,NA,b9b1564c-54db-4627-8f3f-643d14cd8d51,2025-10-09,21:22:19,2025-10-09T21:22:19Z,2025-10-09T21:22:19Z,NA,v3,CNE,CNE,NA,"Van Ness, Jameson",1000370206,Right,CAR_EAG,b6be7e60-719a-49ed-a6b0-14abb2a9c2fd,54.93842,-117.396,11.84595,6.40655,-4.72125,-8.89635,-0.67198,1.44982,-1.85882,NA,NA,NA,NA,NA,NA,NA,NA,NA,NA,NA,NA,NA,NA,NA,NA,NA,NA,NA,NA,NA,NA,NA,NA,NA,NA,NA,NA,NA,NA,NA,NA,NA,NA,NA,NA,NA,NA,NA,NA,NA,NA,NA,NA,NA,NA,NA,NA,NA,NA,High,High,High,NA,NA,NA,NA,NA,206.613838,23.950551,1432.353899,0.913896,01:00:00,-0.399508,-0.425481,-0.812009,-65.432988,-47.483351,34.148172,-0.064097,99.810717,-0.170043,-79.529864,0.170043,-0.98335,0.064097,20.653813,-3.675033,0.98335,-0.98335,-99.810717,3.675033,0.064097,79.529864,-20.653813,-0.064097,0.98335,0.170043,-0.170043,NA,NA,NA,NA,NA,NA,NA,NA,NA,NA,NA,NA
NA,NA,NA,NA,NA,NA,NA,NA,NA,NA,NA,NA,NA,NA,NA,NA,223,2025-10-09,17:22:36,3,3,"Norris, Eli",1000334436,Right,CAR_EAG,"Alexander, Trace",10000832,Right,CAR_EAG,Undefined,7,Bottom,2,1,1,Splitter,Changeup,StrikeSwinging,Undefined,Undefined,Undefined,0,0,NA,82.87998,-3.186677,-2.409317,1553.967705,220.168508,01:15:00,6.41708,0.40202,5.4233,-26.03994,15.93725,12.18465,1.25636,-0.84076,75.30496,-8.020476,-0.2412,0.466314,NA,NA,NA,NA,NA,NA,NA,NA,NA,NA,NA,-6.83288,9.43245,-0.19662,50,6.11598,4.52887,-119.89684,-7.51562,-9.84799,25.3187,-18.57936,CAR_EAG,CAR_EAG,CarsonNewman,TeamExclusive,Team,20251009-CarsonNewman-Private-1,146354f0-a556-11f0-870a-a764b86fb10a,80.83064,NA,NA,7.57502,NA,NA,NA,NA,NA,NA,b9b1564c-54db-4627-8f3f-643d14cd8d51,2025-10-09,21:22:36,2025-10-09T21:22:36Z,2025-10-09T21:22:36Z,NA,v3,CNE,CNE,NA,"Van Ness, Jameson",1000370206,Right,CAR_EAG,0970b0a8-c97b-4b02-a4db-a7383e4dcb0c,55.0754,-120.96387,12.65935,6.41622,-6.73262,-9.28968,-0.39623,4.9439,-4.924,NA,NA,NA,NA,NA,NA,NA,NA,NA,NA,NA,NA,NA,NA,NA,NA,NA,NA,NA,NA,NA,NA,NA,NA,NA,NA,NA,NA,NA,NA,NA,NA,NA,NA,NA,NA,NA,NA,NA,NA,NA,NA,NA,NA,NA,NA,NA,NA,NA,NA,High,High,High,NA,NA,NA,NA,NA,205.721504,29.092878,1357.907742,0.873833,12:45:00,-0.497077,-0.405684,-0.76703,84.61567,49.435959,41.641243,-0.978857,125.803594,-0.11966,-9.549012,0.11966,-0.165891,0.978857,83.03046,-78.197157,0.165891,-0.165891,-125.803594,78.197157,0.978857,9.549012,-83.03046,-0.978857,0.165891,0.11966,-0.11966,NA,NA,NA,NA,NA,NA,NA,NA,NA,NA,NA,NA
NA,NA,NA,NA,NA,NA,NA,NA,NA,NA,NA,NA,NA,NA,NA,NA,224,2025-10-09,17:23:00,3,4,"Norris, Eli",1000334436,Right,CAR_EAG,"Alexander, Trace",10000832,Right,CAR_EAG,Undefined,7,Bottom,2,1,2,Splitter,Changeup,StrikeSwinging,Strikeout,Undefined,Undefined,0,0,NA,83.72379,-1.922908,-0.264517,1536.537017,218.37321,01:15:00,6.45581,0.42464,5.33292,-27.58348,13.66611,9.64729,2.35225,0.98038,75.83254,-7.038049,1.450632,0.462254,NA,NA,NA,NA,NA,NA,NA,NA,NA,NA,NA,-4.89831,7.89111,-0.40786,50,6.26267,0.14316,-121.28312,-4.99493,-7.20117,26.59798,-20.57301,CAR_EAG,CAR_EAG,CarsonNewman,TeamExclusive,Team,20251009-CarsonNewman-Private-1,227c3020-a556-11f0-870a-a764b86fb10a,81.54046,NA,NA,7.89125,NA,NA,NA,NA,NA,NA,b9b1564c-54db-4627-8f3f-643d14cd8d51,2025-10-09,21:23:00,2025-10-09T21:23:00Z,2025-10-09T21:23:00Z,NA,v3,CNE,CNE,NA,"Van Ness, Jameson",1000370206,Right,CAR_EAG,39b2bd10-e9c6-4a15-ad52-fd0c2ad5843b,55.16545,-122.41069,13.29899,6.45594,-4.12278,-10.2865,-0.4204,0.44844,-3.60058,NA,NA,NA,NA,NA,NA,NA,NA,NA,NA,NA,NA,NA,NA,NA,NA,NA,NA,NA,NA,NA,NA,NA,NA,NA,NA,NA,NA,NA,NA,NA,NA,NA,NA,NA,NA,NA,NA,NA,NA,NA,NA,NA,NA,NA,NA,NA,NA,NA,NA,High,High,High,NA,NA,NA,NA,NA,211.646121,34.070455,1272.7894,0.828349,01:00:00,-0.548563,-0.453164,-0.702653,-70.492446,-48.052212,37.860724,0.998012,90.143241,-1.58e-4,3.613065,1.58e-4,-0.063018,-0.998012,89.990955,86.386924,0.063018,0.063018,-90.143241,-86.386924,0.998012,-3.613065,-89.990955,-0.998012,-0.063018,1.58e-4,-1.58e-4,NA,NA,NA,NA,NA,NA,NA,NA,NA,NA,NA,NA
