player_name,display_name,active,notes,id,pitcher,date,rel_speed,horz_break,induced_vert_break,original_pitch_type,new_pitch_type,new_pitcher,modified_at,pitch_key,created_at,PitchNo,Date,Time,PAofInning,PitchofPA,Pitcher,PitcherId,PitcherThrows,PitcherTeam,Batter,BatterId,BatterSide,BatterTeam,PitcherSet,Inning,Top/Bottom,Outs,Balls,Strikes,TaggedPitchType,AutoPitchType,PitchCall,KorBB,TaggedHitType,PlayResult,OutsOnPlay,RunsScored,Notes,RelSpeed,VertRelAngle,HorzRelAngle,SpinRate,SpinAxis,Tilt,RelHeight,RelSide,Extension,VertBreak,InducedVertBreak,HorzBreak,PlateLocHeight,PlateLocSide,ZoneSpeed,VertApprAngle,HorzApprAngle,ZoneTime,ExitSpeed,Angle,Direction,HitSpinRate,PositionAt110X,PositionAt110Y,PositionAt110Z,Distance,LastTrackedDistance,Bearing,HangTime,pfxx,pfxz,x0,y0,z0,vx0,vy0,vz0,ax0,ay0,az0,HomeTeam,AwayTeam,Stadium,Level,League,GameID,PitchUID,EffectiveVelo,MaxHeight,MeasuredDuration,SpeedDrop,PitchLastMeasuredX,PitchLastMeasuredY,PitchLastMeasuredZ,ContactPositionX,ContactPositionY,ContactPositionZ,GameUID,UTCDate,UTCTime,LocalDateTime,UTCDateTime,AutoHitType,System,HomeTeamForeignID,AwayTeamForeignID,GameForeignID,Catcher,CatcherId,CatcherThrows,CatcherTeam,PlayID,PitchTrajectoryXc0,PitchTrajectoryXc1,PitchTrajectoryXc2,PitchTrajectoryYc0,PitchTrajectoryYc1,PitchTrajectoryYc2,PitchTrajectoryZc0,PitchTrajectoryZc1,PitchTrajectoryZc2,HitSpinAxis,HitTrajectoryXc0,HitTrajectoryXc1,HitTrajectoryXc2,HitTrajectoryXc3,HitTrajectoryXc4,HitTrajectoryXc5,HitTrajectoryXc6,HitTrajectoryXc7,HitTrajectoryXc8,HitTrajectoryYc0,HitTrajectoryYc1,HitTrajectoryYc2,HitTrajectoryYc3,HitTrajectoryYc4,HitTrajectoryYc5,HitTrajectoryYc6,HitTrajectoryYc7,HitTrajectoryYc8,HitTrajectoryZc0,HitTrajectoryZc1,HitTrajectoryZc2,HitTrajectoryZc3,HitTrajectoryZc4,HitTrajectoryZc5,HitTrajectoryZc6,HitTrajectoryZc7,HitTrajectoryZc8,ThrowSpeed,PopTime,ExchangeTime,TimeToBase,CatchPositionX,CatchPositionY,CatchPositionZ,ThrowPositionX,ThrowPositionY,ThrowPositionZ,BasePositionX,BasePositionY,BasePositionZ,ThrowTrajectoryXc0,ThrowTrajectoryXc1,ThrowTrajectoryXc2,ThrowTrajectoryYc0,ThrowTrajectoryYc1,ThrowTrajectoryYc2,ThrowTrajectoryZc0,ThrowTrajectoryZc1,ThrowTrajectoryZc2,PitchReleaseConfidence,PitchLocationConfidence,PitchMovementConfidence,HitLaunchConfidence,HitLandingConfidence,CatcherThrowCatchConfidence,CatcherThrowReleaseConfidence,CatcherThrowLocationConfidence,SpinAxis3dTransverseAngle,SpinAxis3dLongitudinalAngle,SpinAxis3dActiveSpinRate,SpinAxis3dSpinEfficiency,SpinAxis3dTilt,SpinAxis3dVectorX,SpinAxis3dVectorY,SpinAxis3dVectorZ,SpinAxis3dSeamOrientationRotationX,SpinAxis3dSeamOrientationRotationY,SpinAxis3dSeamOrientationRotationZ,SpinAxis3dSeamOrientationBallYAmb1,SpinAxis3dSeamOrientationBallAngleHorizontalAmb1,SpinAxis3dSeamOrientationBallZAmb1,SpinAxis3dSeamOrientationBallAngleVerticalAmb2,SpinAxis3dSeamOrientationBallZAmb2,SpinAxis3dSeamOrientationBallXAmb4,SpinAxis3dSeamOrientationBallYAmb4,SpinAxis3dSeamOrientationBallAngleHorizontalAmb2,SpinAxis3dSeamOrientationBallAngleVerticalAmb1,SpinAxis3dSeamOrientationBallXAmb1,SpinAxis3dSeamOrientationBallYAmb2,SpinAxis3dSeamOrientationBallAngleHorizontalAmb4,SpinAxis3dSeamOrientationBallAngleVerticalAmb4,SpinAxis3dSeamOrientationBallXAmb2,SpinAxis3dSeamOrientationBallAngleVerticalAmb3,SpinAxis3dSeamOrientationBallAngleHorizontalAmb3,SpinAxis3dSeamOrientationBallXAmb3,SpinAxis3dSeamOrientationBallYAmb3,SpinAxis3dSeamOrientationBallZAmb3,SpinAxis3dSeamOrientationBallZAmb4,session_id,play_id,camera_slot,camera_name,camera_target,video_type,azure_blob,azure_md5,cloudinary_url,cloudinary_public_id,uploaded_at,HitType
NA,NA,NA,NA,NA,NA,NA,NA,NA,NA,NA,NA,NA,NA,NA,NA,1,2026-02-11,16:28:53,1,1,"Norris, Eli",1000334436,Right,CAR_EAG,"Hubbard, Ian",10071315,Left,CAR_EAG,Undefined,1,Top,0,0,0,Cutter,Slider,StrikeCalled,Undefined,Undefined,Undefined,0,0,NA,79.00088,-1.642216,-1.27818,2357.334924,204.953321,12:45:00,6.92369,0.47374,5.72258,-42.85569,3.42835,0.74291,1.8219,-0.65513,71.02442,-9.548848,-1.14494,0.489651,NA,NA,NA,NA,NA,NA,NA,NA,NA,NA,NA,-0.83543,2.90319,-0.3674,50,6.76067,2.52211,-114.35243,-4.65723,-1.07546,26.5515,-28.43677,CAR_EAG,CAR_EAG,CarsonNewman,TeamExclusive,Team,20260211-CarsonNewman-Private-1,aafbcdb0-0790-11f1-8430-5bbec0bc33d6,76.9781,NA,NA,7.97646,NA,NA,NA,NA,NA,NA,813d84c6-9e85-4980-b2d1-c32038cb1203,2026-02-11,21:28:53,2026-02-11T21:28:53Z,2026-02-11T21:28:53Z,NA,v3,CNE,CNE,NA,NA,NA,Undefined,CAR_EAG,43e7fa2e-51b3-41e3-8d10-707a5cdb2709,54.7735,-115.45547,13.27575,6.92961,-3.47587,-14.21839,-0.47311,2.56679,-0.53773,NA,NA,NA,NA,NA,NA,NA,NA,NA,NA,NA,NA,NA,NA,NA,NA,NA,NA,NA,NA,NA,NA,NA,NA,NA,NA,NA,NA,NA,NA,NA,NA,NA,NA,NA,NA,NA,NA,NA,NA,NA,NA,NA,NA,NA,NA,NA,NA,NA,NA,High,High,High,NA,NA,NA,NA,NA,168.487828,69.465916000000007,826.86946,0.350765,11:30:00,-0.945519,0.043138,-0.322697,-22.446152,12.301069,-33.125702,0.257355,131.119001,-0.635474,46.716515,0.635474,-0.72797,-0.257355,22.04699,14.913159,0.72797,0.72797,-131.119001,-14.913159,0.257355,-46.716515,-22.04699,-0.257355,-0.72797,0.635474,-0.635474,NA,NA,NA,NA,NA,NA,NA,NA,NA,NA,NA,NA
NA,NA,NA,NA,NA,NA,NA,NA,NA,NA,NA,NA,NA,NA,NA,NA,2,2026-02-11,16:29:11,1,2,"Norris, Eli",1000334436,Right,CAR_EAG,"Hubbard, Ian",10071315,Left,CAR_EAG,Undefined,1,Top,0,0,0,Fastball,Four-Seam,StrikeSwinging,Undefined,Undefined,Undefined,0,0,NA,88.24541,-2.450685,0.00822,2169.628548,181.818417,12:00:00,6.95918,0.0605,5.99227,-16.55119,20.24375,0.59488,3.30731,0.11769,78.51714,-5.669963,0.115216,0.436582,NA,NA,NA,NA,NA,NA,NA,NA,NA,NA,NA,-0.2987,11.65831,-0.06145,50,6.75684,-0.04424,-127.69612,-5.88102,-0.47888,33.39737,-13.48224,CAR_EAG,CAR_EAG,CarsonNewman,TeamExclusive,Team,20260211-CarsonNewman-Private-1,b5f5b5a0-0790-11f1-8430-5bbec0bc33d6,86.3354,NA,NA,9.72827,NA,NA,NA,NA,NA,NA,813d84c6-9e85-4980-b2d1-c32038cb1203,2026-02-11,21:29:11,2026-02-11T21:29:11Z,2026-02-11T21:29:11Z,NA,v3,CNE,CNE,NA,NA,NA,Undefined,CAR_EAG,38e0887c-9e3e-4552-ae97-b8443ac4e1a1,54.50141,-128.86803,16.69869,6.95491,-5.40793,-6.74112,-0.06019,-0.02744,-0.23944,NA,NA,NA,NA,NA,NA,NA,NA,NA,NA,NA,NA,NA,NA,NA,NA,NA,NA,NA,NA,NA,NA,NA,NA,NA,NA,NA,NA,NA,NA,NA,NA,NA,NA,NA,NA,NA,NA,NA,NA,NA,NA,NA,NA,NA,NA,NA,NA,NA,NA,High,High,High,NA,NA,NA,NA,NA,194.125137,19.613327,2043.7454,0.941979,12:30:00,-0.325403,-0.244024,-0.913545,-20.852777,0.135364,-54.017213,-0.054585,179.518721,-0.998474,-0.480562,0.998474,-0.008387,0.054585,3.129172,-3.129062,0.008387,-0.008387,-179.518721,3.129062,0.054585,0.480562,-3.129172,-0.054585,0.008387,0.998474,-0.998474,NA,NA,NA,NA,NA,NA,NA,NA,NA,NA,NA,NA
NA,NA,NA,NA,NA,NA,NA,NA,NA,NA,NA,NA,NA,NA,NA,NA,3,2026-02-11,16:29:29,1,3,"Norris, Eli",1000334436,Right,CAR_EAG,"Hubbard, Ian",10071315,Left,CAR_EAG,Undefined,1,Top,0,0,0,Fastball,Four-Seam,StrikeSwinging,Undefined,Undefined,Undefined,0,0,NA,87.68736,-2.746582,-0.32821,2262.413347,177.015176,12:00:00,6.93239,-0.05599,6.07831,-15.44639,21.76418,-1.05437,3.10188,-0.44753,77.92085,-5.776838,-0.518129,0.439041,NA,NA,NA,NA,NA,NA,NA,NA,NA,NA,NA,0.41638,12.60516,0.08189,50,6.71165,0.77175,-126.86654,-6.44114,0.65778,33.36857,-12.26033,CAR_EAG,CAR_EAG,CarsonNewman,TeamExclusive,Team,20260211-CarsonNewman-Private-1,c0466540-0790-11f1-8430-5bbec0bc33d6,85.85182,NA,NA,9.76651,NA,NA,NA,NA,NA,NA,813d84c6-9e85-4980-b2d1-c32038cb1203,2026-02-11,21:29:29,2026-02-11T21:29:29Z,2026-02-11T21:29:29Z,NA,v3,CNE,CNE,NA,NA,NA,Undefined,CAR_EAG,15c88d3a-b0a9-4ed2-adee-8aa4b489190d,54.41562,-128.02267,16.68429,6.92746,-6.01635,-6.13016,0.05554,0.74896,0.32889,NA,NA,NA,NA,NA,NA,NA,NA,NA,NA,NA,NA,NA,NA,NA,NA,NA,NA,NA,NA,NA,NA,NA,NA,NA,NA,NA,NA,NA,NA,NA,NA,NA,NA,NA,NA,NA,NA,NA,NA,NA,NA,NA,NA,NA,NA,NA,NA,NA,NA,High,High,High,NA,NA,NA,NA,NA,190.130939,23.627936,2072.749408,0.916167,12:15:00,-0.397773,-0.180173,-0.899619,-7.848576,27.645651,23.832642,0.132422,178.227638,-0.990719,1.756748,0.990719,-0.030656,-0.132422,7.613153,7.609554,0.030656,0.030656,-178.227638,-7.609554,0.132422,-1.756748,-7.613153,-0.132422,-0.030656,0.990719,-0.990719,NA,NA,NA,NA,NA,NA,NA,NA,NA,NA,NA,NA
NA,NA,NA,NA,NA,NA,NA,NA,NA,NA,NA,NA,NA,NA,NA,NA,4,2026-02-11,16:29:48,1,4,"Norris, Eli",1000334436,Right,CAR_EAG,"Hubbard, Ian",10071315,Left,CAR_EAG,Undefined,1,Top,0,0,1,Splitter,Curveball,BallCalled,Undefined,Undefined,Undefined,0,0,NA,71.39746,5.099998,-1.200103,2298.222296,32.560714,07:00:00,6.80447,-0.12798,5.62885,-70.57409,-13.59178,-10.0554,5.69581,-2.08592,63.93513,-7.839007,-2.99215,0.543302,NA,NA,NA,NA,NA,NA,NA,NA,NA,NA,NA,4.58209,-7.80252,0.23649,50,7.1961,2.53479,-103.11806,6.98572,4.81294,21.05915,-40.36966,CAR_EAG,CAR_EAG,CarsonNewman,TeamExclusive,Team,20260211-CarsonNewman-Private-1,cb9e72c0-0790-11f1-8430-5bbec0bc33d6,69.37657,NA,NA,7.46233,NA,NA,NA,NA,NA,NA,813d84c6-9e85-4980-b2d1-c32038cb1203,2026-02-11,21:29:48,2026-02-11T21:29:48Z,2026-02-11T21:29:48Z,NA,v3,CNE,CNE,NA,NA,NA,Undefined,CAR_EAG,f1a31b6c-91f8-4555-a78c-d1dcc21490db,54.87256,-104.1084,10.52957,6.82295,8.88416,-20.18483,0.1226,2.30845,2.40647,NA,NA,NA,NA,NA,NA,NA,NA,NA,NA,NA,NA,NA,NA,NA,NA,NA,NA,NA,NA,NA,NA,NA,NA,NA,NA,NA,NA,NA,NA,NA,NA,NA,NA,NA,NA,NA,NA,NA,NA,NA,NA,NA,NA,NA,NA,NA,NA,NA,NA,High,High,High,NA,NA,NA,NA,NA,11.201238,54.986208,1318.659282,0.573774,06:15:00,-0.793898,0.183823,0.579598,-100.248608,9.954228,26.93723,0.715033,128.254528,-0.432846,33.296634,0.432846,-0.548974,-0.715033,58.811312,45.645888,0.548974,0.548974,-128.254528,-45.645888,0.715033,-33.296634,-58.811312,-0.715033,-0.548974,0.432846,-0.432846,NA,NA,NA,NA,NA,NA,NA,NA,NA,NA,NA,NA
NA,NA,NA,NA,NA,NA,NA,NA,NA,NA,NA,NA,NA,NA,NA,NA,5,2026-02-11,16:30:08,1,5,"Norris, Eli",1000334436,Right,CAR_EAG,"Hubbard, Ian",10071315,Left,CAR_EAG,Undefined,1,Top,0,1,1,Fastball,Four-Seam,StrikeSwinging,Undefined,Undefined,Undefined,0,0,NA,87.49439,-3.679008,0.213499,2169.030397,187.248637,12:15:00,6.83379,0.08385,5.98376,-13.71725,23.76785,2.82681,2.27584,0.51732,77.95325,-6.384248,0.721731,0.440657,NA,NA,NA,NA,NA,NA,NA,NA,NA,NA,NA,-1.37614,13.98198,-0.10229,50,6.53559,-0.58914,-126.52431,-8.43871,-2.1658,32.816160000000004,-10.16897,CAR_EAG,CAR_EAG,CarsonNewman,TeamExclusive,Team,20260211-CarsonNewman-Private-1,d76b1400-0790-11f1-8430-5bbec0bc33d6,85.53691,NA,NA,9.54115,NA,NA,NA,NA,NA,NA,813d84c6-9e85-4980-b2d1-c32038cb1203,2026-02-11,21:30:08,2026-02-11T21:30:08Z,2026-02-11T21:30:08Z,NA,v3,CNE,CNE,NA,NA,NA,Undefined,CAR_EAG,aa6fc978-bfd4-4b2b-b49c-b7ea842faae5,54.51312,-127.6895,16.408080000000002,6.82881,-8.07765,-5.08449,-0.08274,-0.51224,-1.0829,NA,NA,NA,NA,NA,NA,NA,NA,NA,NA,NA,NA,NA,NA,NA,NA,NA,NA,NA,NA,NA,NA,NA,NA,NA,NA,NA,NA,NA,NA,NA,NA,NA,NA,NA,NA,NA,NA,NA,NA,NA,NA,NA,NA,NA,NA,NA,NA,NA,NA,High,High,High,NA,NA,NA,NA,NA,194.208871,11.967631,2121.886309,0.978265,12:30:00,-0.187989,-0.252933,-0.949044,3.993123,12.169945,46.947834,0.104212,173.894948,-0.988915,6.0716850000000004,0.988915,-0.105773,-0.104212,6.015652,5.981783,0.105773,0.105773,-173.894948,-5.981783,0.104212,-6.0716850000000004,-6.015652,-0.104212,-0.105773,0.988915,-0.988915,NA,NA,NA,NA,NA,NA,NA,NA,NA,NA,NA,NA
NA,NA,NA,NA,NA,NA,NA,NA,NA,NA,NA,NA,NA,NA,NA,NA,6,2026-02-11,16:30:27,1,6,"Norris, Eli",1000334436,Right,CAR_EAG,"Hubbard, Ian",10071315,Left,CAR_EAG,Undefined,1,Top,0,1,2,Splitter,Slider,BallCalled,Undefined,Undefined,Undefined,0,0,NA,81.5858,-2.860453,0.320527,2297.050818,169.562674,11:45:00,6.67518,0.13686,6.04283,-38.25112,4.30618,-0.50315,0.8369,0.3917,74.00941,-9.928467,0.229669,0.469525,NA,NA,NA,NA,NA,NA,NA,NA,NA,NA,NA,0.36862,3.62044,-0.16157,50,6.4316,-0.64246,-118.22968,-7.09658,0.51115,26.81628,-27.15378,CAR_EAG,CAR_EAG,CarsonNewman,TeamExclusive,Team,20260211-CarsonNewman-Private-1,e2e3c8e0-0790-11f1-8430-5bbec0bc33d6,80.27786,NA,NA,7.5764,NA,NA,NA,NA,NA,NA,813d84c6-9e85-4980-b2d1-c32038cb1203,2026-02-11,21:30:27,2026-02-11T21:30:27Z,2026-02-11T21:30:27Z,NA,v3,CNE,CNE,NA,NA,NA,Undefined,CAR_EAG,cc69b3cf-d6ff-4dea-a273-59d2391ad427,54.45661,-119.23622,13.40814,6.67884,-6.07737,-13.57689,-0.1371,-0.66165,0.25558,NA,NA,NA,NA,NA,NA,NA,NA,NA,NA,NA,NA,NA,NA,NA,NA,NA,NA,NA,NA,NA,NA,NA,NA,NA,NA,NA,NA,NA,NA,NA,NA,NA,NA,NA,NA,NA,NA,NA,NA,NA,NA,NA,NA,NA,NA,NA,NA,NA,NA,High,High,High,NA,NA,NA,NA,NA,181.1469,61.271976,1104.083117,0.480652,12:00:00,-0.872636,-0.05337,-0.485445,-29.550886,-11.286732,-42.75856,0.373093,132.144787,-0.622556,43.465228,0.622556,-0.687914,-0.373093,30.933951,21.906503,0.687914,0.687914,-132.144787,-21.906503,0.373093,-43.465228,-30.933951,-0.373093,-0.687914,0.622556,-0.622556,NA,NA,NA,NA,NA,NA,NA,NA,NA,NA,NA,NA
NA,NA,NA,NA,NA,NA,NA,NA,NA,NA,NA,NA,NA,NA,NA,NA,7,2026-02-11,16:30:45,1,7,"Norris, Eli",1000334436,Right,CAR_EAG,"Hubbard, Ian",10071315,Left,CAR_EAG,Undefined,1,Top,0,2,2,Cutter,Slider,BallCalled,Undefined,Undefined,Undefined,0,0,NA,82.67386,-2.833836,0.345127,2328.224213,162.94383,11:30:00,6.85433,0.15156,5.98498,-34.37195,7.04973,-1.70051,1.36115,0.32975,75.04863,-9.200226,0.038612,0.463218,NA,NA,NA,NA,NA,NA,NA,NA,NA,NA,NA,0.98819,4.99071,-0.17787,50,6.61162,-0.65578,-119.8119,-7.00918,1.41203,26.81636,-25.04288,CAR_EAG,CAR_EAG,CarsonNewman,TeamExclusive,Team,20260211-CarsonNewman-Private-1,ed99ca00-0790-11f1-8430-5bbec0bc33d6,81.3709,NA,NA,7.62523,NA,NA,NA,NA,NA,NA,813d84c6-9e85-4980-b2d1-c32038cb1203,2026-02-11,21:30:45,2026-02-11T21:30:45Z,2026-02-11T21:30:45Z,NA,v3,CNE,CNE,NA,NA,NA,Undefined,CAR_EAG,7130985f-cfbf-4879-a638-c3212e3c3505,54.51386,-120.81798,13.40818,6.85696,-6.06964,-12.52144,-0.15227,-0.70875,0.70602,NA,NA,NA,NA,NA,NA,NA,NA,NA,NA,NA,NA,NA,NA,NA,NA,NA,NA,NA,NA,NA,NA,NA,NA,NA,NA,NA,NA,NA,NA,NA,NA,NA,NA,NA,NA,NA,NA,NA,NA,NA,NA,NA,NA,NA,NA,NA,NA,NA,NA,High,High,High,NA,NA,NA,NA,NA,185.030257,57.35334,1255.976085,0.539457,12:15:00,-0.835393,-0.088872,-0.542421,-26.445808,-10.949888,-37.562668,0.332967,132.088503,-0.632031,44.408114,0.632031,-0.699765,-0.332967,27.781169,19.448935,0.699765,0.699765,-132.088503,-19.448935,0.332967,-44.408114,-27.781169,-0.332967,-0.699765,0.632031,-0.632031,NA,NA,NA,NA,NA,NA,NA,NA,NA,NA,NA,NA
NA,NA,NA,NA,NA,NA,NA,NA,NA,NA,NA,NA,NA,NA,NA,NA,8,2026-02-11,16:31:01,1,8,"Norris, Eli",1000334436,Right,CAR_EAG,"Hubbard, Ian",10071315,Left,CAR_EAG,Undefined,1,Top,0,3,2,Fastball,Four-Seam,BallCalled,Walk,Undefined,Undefined,0,0,NA,86.274,-2.948202,-1.404218,2202.845016,183.940376,12:15:00,6.95993,0.12101,6.27846,-17.14115,20.3971,1.31106,2.81072,-1.06436,78.00835,-6.255062,-1.167252,0.440969,NA,NA,NA,NA,NA,NA,NA,NA,NA,NA,NA,-1.12095,11.89772,-0.01789,50,6.73344,3.01247,-125.03505,-6.85746,-1.7506,28.38942,-13.59346,CAR_EAG,CAR_EAG,CarsonNewman,TeamExclusive,Team,20260211-CarsonNewman-Private-1,f7859d50-0790-11f1-8430-5bbec0bc33d6,85.47632,NA,NA,8.26566,NA,NA,NA,NA,NA,NA,813d84c6-9e85-4980-b2d1-c32038cb1203,2026-02-11,21:31:01,2026-02-11T21:31:01Z,2026-02-11T21:31:01Z,NA,v3,CNE,CNE,NA,NA,NA,Undefined,CAR_EAG,b821254a-45ff-4fe3-ad51-f88fb684200c,54.21846,-125.98922,14.19471,6.95624,-6.40058,-6.79673,-0.12013,3.07131,-0.8753,NA,NA,NA,NA,NA,NA,NA,NA,NA,NA,NA,NA,NA,NA,NA,NA,NA,NA,NA,NA,NA,NA,NA,NA,NA,NA,NA,NA,NA,NA,NA,NA,NA,NA,NA,NA,NA,NA,NA,NA,NA,NA,NA,NA,NA,NA,NA,NA,NA,NA,High,High,High,NA,NA,NA,NA,NA,193.030697,26.595932,1969.753232,0.894186,12:30:00,-0.457951,-0.224374,-0.860196,-28.63394,-13.587698,-76.537815,0.02391,174.658625,-0.995373,5.339844,0.995373,-0.093063,-0.02391,1.376062,1.370089,0.093063,0.093063,-174.658625,-1.370089,0.02391,-5.339844,-1.376062,-0.02391,-0.093063,0.995373,-0.995373,NA,NA,NA,NA,NA,NA,NA,NA,NA,NA,NA,NA
NA,NA,NA,NA,NA,NA,NA,NA,NA,NA,NA,NA,NA,NA,NA,NA,9,2026-02-11,16:31:20,2,1,"Norris, Eli",1000334436,Right,CAR_EAG,"Hubbard, Ian",10071315,Left,CAR_EAG,Undefined,1,Top,0,0,0,Splitter,Slider,BallCalled,Undefined,Undefined,Undefined,0,0,NA,79.22564,-2.308238,-0.208717,1472.413249,207.635114,01:00:00,6.85557,-0.25575,5.93677,-26.23171,19.5656,9.25205,2.52698,0.32162,70.66132,-7.303518,1.454467,0.48707,NA,NA,NA,NA,NA,NA,NA,NA,NA,NA,NA,-4.77646,11.39052,0.2674,50,6.65688,0.05678,-114.6326,-5.31542,-6.16221,27.19815,-17.47894,CAR_EAG,CAR_EAG,CarsonNewman,TeamExclusive,Team,20260211-CarsonNewman-Private-1,02c1e570-0791-11f1-8430-5bbec0bc33d6,77.38608,NA,NA,8.56432,NA,NA,NA,NA,NA,NA,813d84c6-9e85-4980-b2d1-c32038cb1203,2026-02-11,21:31:20,2026-02-11T21:31:20Z,2026-02-11T21:31:20Z,NA,v3,CNE,CNE,NA,NA,NA,Undefined,CAR_EAG,b05717c2-c629-46d7-b460-c042f8470fd5,54.55721,-115.7088,13.59908,6.85352,-4.62379,-8.73947,0.26032,0.30062,-3.0811,NA,NA,NA,NA,NA,NA,NA,NA,NA,NA,NA,NA,NA,NA,NA,NA,NA,NA,NA,NA,NA,NA,NA,NA,NA,NA,NA,NA,NA,NA,NA,NA,NA,NA,NA,NA,NA,NA,NA,NA,NA,NA,NA,NA,NA,NA,NA,NA,NA,NA,High,High,High,NA,NA,NA,NA,NA,186.998619,27.003905,1311.884245,0.890976,12:15:00,-0.452529,-0.12676,-0.882694,-51.316219,-58.477452,16.889132,-0.054142,91.723147,-0.030026,-86.450528,0.030026,-0.998082,0.054142,60.988137,-3.103614,0.998082,-0.998082,-91.723147,3.103614,0.054142,86.450528,-60.988137,-0.054142,0.998082,0.030026,-0.030026,NA,NA,NA,NA,NA,NA,NA,NA,NA,NA,NA,NA
NA,NA,NA,NA,NA,NA,NA,NA,NA,NA,NA,NA,NA,NA,NA,NA,10,2026-02-11,16:31:40,2,2,"Norris, Eli",1000334436,Right,CAR_EAG,"Hubbard, Ian",10071315,Left,CAR_EAG,Undefined,1,Top,0,0,0,Fastball,Four-Seam,StrikeCalled,Undefined,Undefined,Undefined,0,0,NA,87.12963,-2.259942,-0.4524,2309.199187,170.902844,11:45:00,6.92347,0.16148,6.04181,-14.1802,23.77852,-3.54414,3.64815,-0.55275,76.88537,-5.085642,-1.090188,0.443432,NA,NA,NA,NA,NA,NA,NA,NA,NA,NA,NA,1.65087,13.5841,-0.12429,50,6.73996,1.14209,-126.05444,-5.27748,2.55393,34.80427,-11.15905,CAR_EAG,CAR_EAG,CarsonNewman,TeamExclusive,Team,20260211-CarsonNewman-Private-1,0ea25cd0-0791-11f1-8430-5bbec0bc33d6,85.00157,NA,NA,10.24426,NA,NA,NA,NA,NA,NA,813d84c6-9e85-4980-b2d1-c32038cb1203,2026-02-11,21:31:40,2026-02-11T21:31:40Z,2026-02-11T21:31:40Z,NA,v3,CNE,CNE,NA,NA,NA,Undefined,CAR_EAG,a8b860f8-631f-4968-8f7a-200358d8ffc6,54.45398,-127.27827,17.40214,6.91863,-4.8851,-5.57952,-0.16287,1.05229,1.27697,NA,NA,NA,NA,NA,NA,NA,NA,NA,NA,NA,NA,NA,NA,NA,NA,NA,NA,NA,NA,NA,NA,NA,NA,NA,NA,NA,NA,NA,NA,NA,NA,NA,NA,NA,NA,NA,NA,NA,NA,NA,NA,NA,NA,NA,NA,NA,NA,NA,NA,High,High,High,NA,NA,NA,NA,NA,193.70285,24.75173,2097.054286,0.908131,12:30:00,-0.416832,-0.231467,-0.879019,-29.66956,-5.127568,-64.551825,-0.021244,177.208375,-0.998588,-2.790994,0.998588,-0.048693,0.021244,1.218749,-1.217303,0.048693,-0.048693,-177.208375,1.217303,0.021244,2.790994,-1.218749,-0.021244,0.048693,0.998588,-0.998588,NA,NA,NA,NA,NA,NA,NA,NA,NA,NA,NA,NA
NA,NA,NA,NA,NA,NA,NA,NA,NA,NA,NA,NA,NA,NA,NA,NA,11,2026-02-11,16:32:02,2,3,"Norris, Eli",1000334436,Right,CAR_EAG,"Hubbard, Ian",10071315,Left,CAR_EAG,Undefined,1,Top,0,0,1,Cutter,Changeup,BallCalled,Undefined,Undefined,Undefined,0,0,NA,80.89839,-3.274489,0.418265,1543.011737,175.031578,11:45:00,6.72181,0.20052,5.8183,-24.34564,19.54572,-1.54811,1.64497,0.46042,72.65928,-7.881771,0.140547,0.476827,NA,NA,NA,NA,NA,NA,NA,NA,NA,NA,NA,0.93079,11.5941,-0.23385,50,6.43939,-0.7927,-117.02011,-7.3673400000000004,1.26052,26.8865,-16.47257,CAR_EAG,CAR_EAG,CarsonNewman,TeamExclusive,Team,20260211-CarsonNewman-Private-1,1b6c97f0-0791-11f1-8430-5bbec0bc33d6,79.04846,NA,NA,8.23911,NA,NA,NA,NA,NA,NA,813d84c6-9e85-4980-b2d1-c32038cb1203,2026-02-11,21:32:02,2026-02-11T21:32:02Z,2026-02-11T21:32:02Z,NA,v3,CNE,CNE,NA,NA,NA,Undefined,CAR_EAG,10fa3d2a-b055-40a8-867c-9acf112971ec,54.67715,-118.08984,13.44325,6.71947,-6.71195,-8.23629,-0.20131,-0.84285,0.63026,NA,NA,NA,NA,NA,NA,NA,NA,NA,NA,NA,NA,NA,NA,NA,NA,NA,NA,NA,NA,NA,NA,NA,NA,NA,NA,NA,NA,NA,NA,NA,NA,NA,NA,NA,NA,NA,NA,NA,NA,NA,NA,NA,NA,NA,NA,NA,NA,NA,NA,High,High,High,NA,NA,NA,NA,NA,186.731069,25.147338,1396.762019,0.905218,12:15:00,-0.41162,-0.1302,-0.902007,-31.934207,-54.562482,12.672413,-0.059767,99.562148,-0.16582,-79.847867,0.16582,-0.984343,0.059767,19.820698,-3.42642,0.984343,-0.984343,-99.562148,3.42642,0.059767,79.847867,-19.820698,-0.059767,0.984343,0.16582,-0.16582,NA,NA,NA,NA,NA,NA,NA,NA,NA,NA,NA,NA
NA,NA,NA,NA,NA,NA,NA,NA,NA,NA,NA,NA,NA,NA,NA,NA,12,2026-02-11,16:32:20,2,4,"Norris, Eli",1000334436,Right,CAR_EAG,"Hubbard, Ian",10071315,Left,CAR_EAG,Undefined,1,Top,0,1,1,Fastball,Slider,BallCalled,Undefined,Undefined,Undefined,0,0,NA,81.86764,-2.786631,-0.319893,2328.952548,150.182102,11:00:00,6.77695,0.23999,5.94628,-35.99278,6.64721,-2.86162,1.19068,-0.29521,73.79588,-9.4599240000000009,-0.835391,0.46998,NA,NA,NA,NA,NA,NA,NA,NA,NA,NA,NA,1.34658,4.89264,-0.21297,50,6.53517,0.77518,-118.52151,-6.90236,1.86823,27.85594,-25.38608,CAR_EAG,CAR_EAG,CarsonNewman,TeamExclusive,Team,20260211-CarsonNewman-Private-1,268fd9d0-0791-11f1-8430-5bbec0bc33d6,80.20002,NA,NA,8.07176,NA,NA,NA,NA,NA,NA,813d84c6-9e85-4980-b2d1-c32038cb1203,2026-02-11,21:32:20,2026-02-11T21:32:20Z,2026-02-11T21:32:20Z,NA,v3,CNE,CNE,NA,NA,NA,Undefined,CAR_EAG,1e867c9d-059a-42d8-ae09-c8b5a366801a,54.55004,-119.58611,13.92797,6.78043,-5.93214,-12.69304,-0.24123,0.70378,0.93411,NA,NA,NA,NA,NA,NA,NA,NA,NA,NA,NA,NA,NA,NA,NA,NA,NA,NA,NA,NA,NA,NA,NA,NA,NA,NA,NA,NA,NA,NA,NA,NA,NA,NA,NA,NA,NA,NA,NA,NA,NA,NA,NA,NA,NA,NA,NA,NA,NA,NA,High,High,High,NA,NA,NA,NA,NA,180.345191,59.369967,1186.583931,0.509493,12:00:00,-0.862139,-0.044899,-0.504678,-29.581544,-5.230791,-39.666867,0.28928,134.871726,-0.675357,42.717789,0.675357,-0.678388,-0.28928,23.187204,16.814848,0.678388,0.678388,-134.871726,-16.814848,0.28928,-42.717789,-23.187204,-0.28928,-0.678388,0.675357,-0.675357,NA,NA,NA,NA,NA,NA,NA,NA,NA,NA,NA,NA
NA,NA,NA,NA,NA,NA,NA,NA,NA,NA,NA,NA,NA,NA,NA,NA,13,2026-02-11,16:32:40,2,5,"Norris, Eli",1000334436,Right,CAR_EAG,"Hubbard, Ian",10071315,Left,CAR_EAG,Undefined,1,Top,0,2,1,Curveball,Curveball,StrikeSwinging,Undefined,Undefined,Undefined,0,0,NA,76.24036,-0.537914,1.073899,2624.022553,35.654656,07:15:00,6.80141,0.01045,5.62271,-63.42917,-13.76284,-11.20851,1.01355,0.07871,69.23506,-12.065547,-0.939455,0.507227,NA,NA,NA,NA,NA,NA,NA,NA,NA,NA,NA,6.04418,-6.1837,-0.09483,50,6.71534,-1.6454,-110.54888,-3.14609,7.28124,24.57982,-39.62336,CAR_EAG,CAR_EAG,CarsonNewman,TeamExclusive,Team,20260211-CarsonNewman-Private-1,32886d10-0791-11f1-8430-5bbec0bc33d6,74.31077,NA,NA,7.0053,NA,NA,NA,NA,NA,NA,813d84c6-9e85-4980-b2d1-c32038cb1203,2026-02-11,21:32:40,2026-02-11T21:32:40Z,2026-02-11T21:32:40Z,NA,v3,CNE,CNE,NA,NA,NA,Undefined,CAR_EAG,9ef9ab8f-645d-44ed-909a-bb9564528c42,54.8796,-111.62855,12.28991,6.81531,-1.40563,-19.81168,-0.01553,-1.96523,3.64062,NA,NA,NA,NA,NA,NA,NA,NA,NA,NA,NA,NA,NA,NA,NA,NA,NA,NA,NA,NA,NA,NA,NA,NA,NA,NA,NA,NA,NA,NA,NA,NA,NA,NA,NA,NA,NA,NA,NA,NA,NA,NA,NA,NA,NA,NA,NA,NA,NA,NA,High,High,High,NA,NA,NA,NA,NA,9.495576,51.361414,1638.454836,0.624406,06:15:00,-0.793438,0.095671,0.601085,-93.726353,12.900424,32.90178,0.732899,135.014012,-0.481189,28.747717,0.481189,-0.480954,-0.732899,56.712852,47.129952,0.480954,0.480954,-135.014012,-47.129952,0.732899,-28.747717,-56.712852,-0.732899,-0.480954,0.481189,-0.481189,NA,NA,NA,NA,NA,NA,NA,NA,NA,NA,NA,NA
NA,NA,NA,NA,NA,NA,NA,NA,NA,NA,NA,NA,NA,NA,NA,NA,14,2026-02-11,16:33:01,2,6,"Norris, Eli",1000334436,Right,CAR_EAG,"Hubbard, Ian",10071315,Left,CAR_EAG,Undefined,1,Top,0,2,2,Cutter,Slider,StrikeCalled,Strikeout,Undefined,Undefined,0,0,NA,82.98662,-1.302864,0.482013,2387.355741,159.693247,11:15:00,6.76254,-0.00853,5.93312,-36.79494,4.14122,-1.00614,2.48725,0.35485,75.497,-8.111482,0.300938,0.460495,NA,NA,NA,NA,NA,NA,NA,NA,NA,NA,NA,0.66547,2.97067,-0.02941,50,6.63795,-0.97321,-120.41846,-3.93449,0.96524,26.04334,-27.86526,CAR_EAG,CAR_EAG,CarsonNewman,TeamExclusive,Team,20260211-CarsonNewman-Private-1,3eb15f20-0791-11f1-8430-5bbec0bc33d6,81.852,NA,NA,7.48962,NA,NA,NA,NA,NA,NA,813d84c6-9e85-4980-b2d1-c32038cb1203,2026-02-11,21:33:01,2026-02-11T21:33:01Z,2026-02-11T21:33:01Z,NA,v3,CNE,CNE,NA,NA,NA,Undefined,CAR_EAG,d380a41f-819a-4952-81e5-17b683527d80,54.56583,-121.40192,13.02167,6.76666,-2.88224,-13.93263,0.00803,-1.00966,0.48262,NA,NA,NA,NA,NA,NA,NA,NA,NA,NA,NA,NA,NA,NA,NA,NA,NA,NA,NA,NA,NA,NA,NA,NA,NA,NA,NA,NA,NA,NA,NA,NA,NA,NA,NA,NA,NA,NA,NA,NA,NA,NA,NA,NA,NA,NA,NA,NA,NA,NA,High,High,High,NA,NA,NA,NA,NA,174.582924,65.497949,990.098061,0.414726,11:45:00,-0.907096,0.018452,-0.42052,-27.144024,1.118441,-40.590929,0.314611,133.162601,-0.649334,43.818486,0.649334,-0.692376,-0.314611,25.850821,18.337354,0.692376,0.692376,-133.162601,-18.337354,0.314611,-43.818486,-25.850821,-0.314611,-0.692376,0.649334,-0.649334,NA,NA,NA,NA,NA,NA,NA,NA,NA,NA,NA,NA
NA,NA,NA,NA,NA,NA,NA,NA,NA,NA,NA,NA,NA,NA,NA,NA,15,2026-02-11,16:33:17,3,1,"Norris, Eli",1000334436,Right,CAR_EAG,"Hubbard, Ian",10071315,Left,CAR_EAG,Undefined,1,Top,1,0,0,Curveball,Curveball,StrikeCalled,Undefined,Undefined,Undefined,0,0,NA,76.33719,1.334763,0.08963,2606.032685,37.847096,07:15:00,6.88908,-0.28769,5.6731,-61.99267,-12.6539,-11.25272,2.9677,-1.14185,69.03884,-10.001422,-1.928048,0.505552,NA,NA,NA,NA,NA,NA,NA,NA,NA,NA,NA,5.65807,-6.13725,0.2869,50,6.96409,0.26764,-110.6932,0.50076,6.85474,24.10045,-39.6093,CAR_EAG,CAR_EAG,CarsonNewman,TeamExclusive,Team,20260211-CarsonNewman-Private-1,48a4ac80-0791-11f1-8430-5bbec0bc33d6,74.55706,NA,NA,7.29835,NA,NA,NA,NA,NA,NA,813d84c6-9e85-4980-b2d1-c32038cb1203,2026-02-11,21:33:17,2026-02-11T21:33:17Z,2026-02-11T21:33:17Z,NA,v3,CNE,CNE,NA,NA,NA,Undefined,CAR_EAG,90abf220-a845-4489-8deb-fee7e974ee65,54.82784,-111.73938,12.05022,6.90503,2.22018,-19.80465,0.28174,-0.02992,3.42737,NA,NA,NA,NA,NA,NA,NA,NA,NA,NA,NA,NA,NA,NA,NA,NA,NA,NA,NA,NA,NA,NA,NA,NA,NA,NA,NA,NA,NA,NA,NA,NA,NA,NA,NA,NA,NA,NA,NA,NA,NA,NA,NA,NA,NA,NA,NA,NA,NA,NA,High,High,High,NA,NA,NA,NA,NA,8.143324,50.392764,1661.401345,0.637521,06:15:00,-0.769106,0.108227,0.629891,-101.169787,22.96311,35.358628,0.765709,134.791015,-0.45314,27.158785,0.45314,-0.456458,-0.765709,59.383298,49.970092,0.456458,0.456458,-134.791015,-49.970092,0.765709,-27.158785,-59.383298,-0.765709,-0.456458,0.45314,-0.45314,NA,NA,NA,NA,NA,NA,NA,NA,NA,NA,NA,NA
NA,NA,NA,NA,NA,NA,NA,NA,NA,NA,NA,NA,NA,NA,NA,NA,16,2026-02-11,16:33:35,3,2,"Norris, Eli",1000334436,Right,CAR_EAG,"Hubbard, Ian",10071315,Left,CAR_EAG,Undefined,1,Top,1,0,1,Fastball,Four-Seam,BallCalled,Undefined,Undefined,Undefined,0,0,NA,88.50928,-0.454234,0.860303,2315.627517,181.132249,12:00:00,6.97667,0.05768,5.91281,-15.00052,21.2232,0.39307,5.30497,0.88899,79.43814,-3.378814,0.930855,0.433179,NA,NA,NA,NA,NA,NA,NA,NA,NA,NA,NA,0.08386,11.3254,-0.1269,50,6.93153,-1.94394,-128.29707,-1.38205,0.13739,30.75923,-13.61869,CAR_EAG,CAR_EAG,CarsonNewman,TeamExclusive,Team,20260211-CarsonNewman-Private-1,52f13d70-0791-11f1-8430-5bbec0bc33d6,87.01346,NA,NA,9.07115,NA,NA,NA,NA,NA,NA,813d84c6-9e85-4980-b2d1-c32038cb1203,2026-02-11,21:33:35,2026-02-11T21:33:35Z,2026-02-11T21:33:35Z,NA,v3,CNE,CNE,NA,NA,NA,Undefined,CAR_EAG,fee081e2-8c93-46d5-9ec9-a39118df7927,54.58163,-129.39085,15.37961,6.97207,-0.89777,-6.80935,-0.05769,-1.94883,0.0687,NA,NA,NA,NA,NA,NA,NA,NA,NA,NA,NA,NA,NA,NA,NA,NA,NA,NA,NA,NA,NA,NA,NA,NA,NA,NA,NA,NA,NA,NA,NA,NA,NA,NA,NA,NA,NA,NA,NA,NA,NA,NA,NA,NA,NA,NA,NA,NA,NA,NA,High,High,High,NA,NA,NA,NA,NA,191.835508,22.80401,2134.628869,0.921836,12:30:00,-0.372479,-0.192138,-0.907933,-18.251426,-3.785298,-58.29418,0.113606,174.652602,-0.989202,5.312678,0.989202,-0.092591,-0.113606,6.551517,6.523251,0.092591,0.092591,-174.652602,-6.523251,0.113606,-5.312678,-6.551517,-0.113606,-0.092591,0.989202,-0.989202,NA,NA,NA,NA,NA,NA,NA,NA,NA,NA,NA,NA
NA,NA,NA,NA,NA,NA,NA,NA,NA,NA,NA,NA,NA,NA,NA,NA,17,2026-02-11,16:33:59,3,3,"Norris, Eli",1000334436,Right,CAR_EAG,"Hubbard, Ian",10071315,Left,CAR_EAG,Undefined,1,Top,1,1,1,Splitter,Slider,BallCalled,Undefined,Undefined,Undefined,0,0,NA,81.83947,-1.65704,0.847051,2349.735379,163.350831,11:30:00,6.75874,0.20301,5.78345,-37.44577,5.32276,-1.10721,2.09593,0.8989,73.81454,-8.587496,0.648321,0.470688,NA,NA,NA,NA,NA,NA,NA,NA,NA,NA,NA,0.85008,3.78252,-0.27221,50,6.6,-1.70801,-118.55696,-4.65217,1.18355,27.26774,-26.90764,CAR_EAG,CAR_EAG,CarsonNewman,TeamExclusive,Team,20260211-CarsonNewman-Private-1,61abfdf0-0791-11f1-8430-5bbec0bc33d6,80.07938,NA,NA,8.02492,NA,NA,NA,NA,NA,NA,813d84c6-9e85-4980-b2d1-c32038cb1203,2026-02-11,21:33:59,2026-02-11T21:33:59Z,2026-02-11T21:33:59Z,NA,v3,CNE,CNE,NA,NA,NA,Undefined,CAR_EAG,7f1938ff-65b3-49e7-b177-072599392b64,54.71316,-119.63606,13.63387,6.76304,-3.58732,-13.45382,-0.20369,-1.75485,0.59177,NA,NA,NA,NA,NA,NA,NA,NA,NA,NA,NA,NA,NA,NA,NA,NA,NA,NA,NA,NA,NA,NA,NA,NA,NA,NA,NA,NA,NA,NA,NA,NA,NA,NA,NA,NA,NA,NA,NA,NA,NA,NA,NA,NA,NA,NA,NA,NA,NA,NA,High,High,High,NA,NA,NA,NA,NA,179.138857,59.66085,1186.892373,0.505117,12:00:00,-0.855348,-0.017368,-0.517761,-20.052507,-6.3643,-37.259858,0.348766,129.476585,-0.595843,46.337391,0.595843,-0.723418,-0.348766,30.341759,20.411827,0.723418,0.723418,-129.476585,-20.411827,0.348766,-46.337391,-30.341759,-0.348766,-0.723418,0.595843,-0.595843,NA,NA,NA,NA,NA,NA,NA,NA,NA,NA,NA,NA
NA,NA,NA,NA,NA,NA,NA,NA,NA,NA,NA,NA,NA,NA,NA,NA,18,2026-02-11,16:34:19,3,4,"Norris, Eli",1000334436,Right,CAR_EAG,"Hubbard, Ian",10071315,Left,CAR_EAG,Undefined,1,Top,1,2,1,Fastball,Four-Seam,BallCalled,Undefined,Undefined,Undefined,0,0,NA,87.63848,-3.214392,-1.435937,2251.898652,176.247735,11:45:00,6.85919,-0.07037,6.25956,-15.8241,20.68237,-1.2678,2.57247,-1.50038,79.06264,-6.279787,-1.664968,0.434867,NA,NA,NA,NA,NA,NA,NA,NA,NA,NA,NA,0.18512,12.11009,0.17743,50,6.61237,3.23442,-126.93106,-7.50225,0.29733,29.72605,-12.72219,CAR_EAG,CAR_EAG,CarsonNewman,TeamExclusive,Team,20260211-CarsonNewman-Private-1,6d4e33d0-0791-11f1-8430-5bbec0bc33d6,86.6758,NA,NA,8.57584,NA,NA,NA,NA,NA,NA,813d84c6-9e85-4980-b2d1-c32038cb1203,2026-02-11,21:34:19,2026-02-11T21:34:19Z,2026-02-11T21:34:19Z,NA,v3,CNE,CNE,NA,NA,NA,Undefined,CAR_EAG,394ab395-3c12-4d9d-8689-a42cfc38da72,54.236,-127.91925,14.86303,6.85473,-7.07933,-6.3611,0.07008,3.22453,0.14866,NA,NA,NA,NA,NA,NA,NA,NA,NA,NA,NA,NA,NA,NA,NA,NA,NA,NA,NA,NA,NA,NA,NA,NA,NA,NA,NA,NA,NA,NA,NA,NA,NA,NA,NA,NA,NA,NA,NA,NA,NA,NA,NA,NA,NA,NA,NA,NA,NA,NA,High,High,High,NA,NA,NA,NA,NA,190.512738,23.387366,2066.887554,0.917842,12:15:00,-0.409424,-0.189458,-0.892456,-28.012376,-8.53474,-68.455994,-0.018243,173.853988,-0.994087,-6.144986,0.994087,-0.107045,0.018243,1.051335,-1.045294,0.107045,-0.107045,-173.853988,1.045294,0.018243,6.144986,-1.051335,-0.018243,0.107045,0.994087,-0.994087,NA,NA,NA,NA,NA,NA,NA,NA,NA,NA,NA,NA
NA,NA,NA,NA,NA,NA,NA,NA,NA,NA,NA,NA,NA,NA,NA,NA,19,2026-02-11,16:34:41,3,5,"Salicco, James",1000215985,Right,CAR_EAG,"Hubbard, Ian",10071315,Left,CAR_EAG,Undefined,1,Top,1,3,1,Fastball,Four-Seam,BallCalled,Walk,Undefined,Undefined,0,0,NA,82.65676,-1.844217,-3.637554,2132.170128,196.425326,12:30:00,6.42521,2.54139,6.64481,-21.34954,19.63651,5.29776,2.95394,-0.35135,73.66238,-5.996418,-2.676106,0.460776,NA,NA,NA,NA,NA,NA,NA,NA,NA,NA,NA,-4.07252,11.43536,-2.29744,50,6.29156,7.40267,-119.57565,-4.33283,-5.72698,29.22988,-16.09312,CAR_EAG,CAR_EAG,CarsonNewman,TeamExclusive,Team,20260211-CarsonNewman-Private-1,7aa593c0-0791-11f1-8430-5bbec0bc33d6,81.80216,NA,NA,8.99438,NA,NA,NA,NA,NA,NA,813d84c6-9e85-4980-b2d1-c32038cb1203,2026-02-11,21:34:41,2026-02-11T21:34:41Z,2026-02-11T21:34:41Z,NA,v3,CNE,CNE,NA,NA,NA,Undefined,CAR_EAG,09dd2246-9e00-471e-8310-1a89ecb83333,53.84912,-120.51288,14.61494,6.42221,-3.81681,-8.04656,-2.53774,7.5863,-2.86349,NA,NA,NA,NA,NA,NA,NA,NA,NA,NA,NA,NA,NA,NA,NA,NA,NA,NA,NA,NA,NA,NA,NA,NA,NA,NA,NA,NA,NA,NA,NA,NA,NA,NA,NA,NA,NA,NA,NA,NA,NA,NA,NA,NA,NA,NA,NA,NA,NA,NA,High,High,High,NA,NA,NA,NA,NA,205.556998,19.873397,2005.191015,0.940446,12:45:00,-0.37988,-0.416447,-0.825992,-49.318044,-35.012418,-39.653867,-0.134512,149.965376,-0.857855,-29.734031,0.857855,-0.495975,0.134512,8.911413,-7.730382,0.495975,-0.495975,-149.965376,7.730382,0.134512,29.734031,-8.911413,-0.134512,0.495975,0.857855,-0.857855,NA,NA,NA,NA,NA,NA,NA,NA,NA,NA,NA,NA
NA,NA,NA,NA,NA,NA,NA,NA,NA,NA,NA,NA,NA,NA,NA,NA,20,2026-02-11,16:35:11,4,1,"Salicco, James",1000215985,Right,CAR_EAG,"Hubbard, Ian",10071315,Left,CAR_EAG,Undefined,1,Top,1,0,0,ChangeUp,Changeup,BallCalled,Undefined,Undefined,Undefined,0,0,NA,82.15396,-1.843062,-3.354507,1939.392541,201.269954,12:45:00,6.1846,2.46056,7.30362,-25.5197,14.207090000000001,4.98894,2.38862,-0.15923,74.5959,-6.7568,-2.436647,0.453642,NA,NA,NA,NA,NA,NA,NA,NA,NA,NA,NA,-3.73295,8.66961,-2.27355,50,6.07394,6.82818,-119.244,-4.39562,-5.30839,25.57466,-19.84552,CAR_EAG,CAR_EAG,CarsonNewman,TeamExclusive,Team,20260211-CarsonNewman-Private-1,8c71b2f0-0791-11f1-8430-5bbec0bc33d6,83.08852,NA,NA,7.55806,NA,NA,NA,NA,NA,NA,813d84c6-9e85-4980-b2d1-c32038cb1203,2026-02-11,21:35:11,2026-02-11T21:35:11Z,2026-02-11T21:35:11Z,NA,v3,CNE,CNE,NA,NA,NA,Undefined,CAR_EAG,27f80993-e548-4790-8842-3df33d7d77a6,53.19471,-119.92722,12.78733,6.18429,-3.86545,-9.92276,-2.45786,6.96999,-2.6542,NA,NA,NA,NA,NA,NA,NA,NA,NA,NA,NA,NA,NA,NA,NA,NA,NA,NA,NA,NA,NA,NA,NA,NA,NA,NA,NA,NA,NA,NA,NA,NA,NA,NA,NA,NA,NA,NA,NA,NA,NA,NA,NA,NA,NA,NA,NA,NA,NA,NA,High,High,High,NA,NA,NA,NA,NA,202.44528,23.310612,1781.08595,0.918373,12:45:00,-0.433242,-0.363181,-0.824864,26.609829,61.032685,60.676467,-0.207651,151.59621,-0.860444,-27.730542,0.860444,-0.465314,0.207651,13.567764,-11.984728,0.465314,-0.465314,-151.59621,11.984728,0.207651,27.730542,-13.567764,-0.207651,0.465314,0.860444,-0.860444,NA,NA,NA,NA,NA,NA,NA,NA,NA,NA,NA,NA
NA,NA,NA,NA,NA,NA,NA,NA,NA,NA,NA,NA,NA,NA,NA,NA,21,2026-02-11,16:35:23,4,2,"Salicco, James",1000215985,Right,CAR_EAG,"Hubbard, Ian",10071315,Left,CAR_EAG,Undefined,1,Top,1,1,0,Slider,Curveball,InPlay,Undefined,LineDrive,Out,1,0,NA,74.60192,0.389914,-2.269501,2473.104118,102.015042,09:30:00,6.13344,2.77543,6.03574,-46.5414,4.74075,-12.94887,2.61635,-0.40632,67.05486,-8.271174,-4.597431,0.515412,57.69255,40.20811,33.025163,3577.40446,87.74909,42.09227,66.33298,168.48515,150.90112,38.794287,3.400694,5.85748,2.8448,-2.59117,50,6.13916,4.73663,-108.07215,-0.58637,6.72746,23.90068,-28.90671,CAR_EAG,CAR_EAG,CarsonNewman,TeamExclusive,Team,20260211-CarsonNewman-Private-1,93550130-0791-11f1-8430-5bbec0bc33d6,73.13071,44.82124,NA,7.54705,NA,NA,NA,1.31383,2.70181,0.47833,813d84c6-9e85-4980-b2d1-c32038cb1203,2026-02-11,21:35:23,2026-02-11T21:35:23Z,2026-02-11T21:35:23Z,Popup,v3,CNE,CNE,NA,NA,NA,Undefined,CAR_EAG,93fa1b97-81f8-40e7-aa36-effe734542ec,54.46277,-109.05465,11.95034,6.13884,0.60191,-14.45336,-2.7802,4.46008,3.36373,217.80905,1.31319,54.20324,-8.7495,2.47934,-1.04862,0.58269,-0.24408,0.05404,-0.00459,2.70203,54.6183,-19.33297,1.24591,-0.10412,-0.05543,0.02913,-0.00381,1e-5,0.47904,35.19728,-1.28434,-0.36672,0.38712,-0.20844,0.06128,-0.00805,2.9e-4,NA,NA,NA,NA,NA,NA,NA,NA,NA,NA,NA,NA,NA,NA,NA,NA,NA,NA,NA,NA,NA,NA,High,High,High,High,High,NA,NA,NA,96.404936,65.666822,1019.022892,0.412042,09:15:00,-0.909465,0.415661,-0.009958,0.004353,-39.634523,55.986841,-0.133083,95.6269,-0.097178,-80.515177,0.097178,-0.986329,0.133083,53.862785,-7.647761,0.986329,-0.986329,-95.6269,7.647761,0.133083,80.515177,-53.862785,-0.133083,0.986329,0.097178,-0.097178,NA,NA,NA,NA,NA,NA,NA,NA,NA,NA,NA,NA
NA,NA,NA,NA,NA,NA,NA,NA,NA,NA,NA,NA,NA,NA,NA,NA,22,2026-02-11,16:35:41,5,1,"Salicco, James",1000215985,Right,CAR_EAG,"Hubbard, Ian",10071315,Left,CAR_EAG,Undefined,1,Top,2,0,0,Slider,Curveball,StrikeCalled,Undefined,Undefined,Undefined,0,0,NA,73.51345,1.143561,-1.508101,2497.432686,108.639804,09:30:00,6.10578,2.69984,6.19163,-44.43254,7.0539,-15.90127,3.45942,-0.018,67.14662,-7.131598,-4.375377,0.516438,NA,NA,NA,NA,NA,NA,NA,NA,NA,NA,NA,7.76071,3.82398,-2.57849,50,6.16983,3.34672,-106.74601,0.92254,8.87477,19.90353,-27.80113,CAR_EAG,CAR_EAG,CarsonNewman,TeamExclusive,Team,20260211-CarsonNewman-Private-1,9e4ced50-0791-11f1-8430-5bbec0bc33d6,72.98547,NA,NA,6.36683,NA,NA,NA,NA,NA,NA,813d84c6-9e85-4980-b2d1-c32038cb1203,2026-02-11,21:35:41,2026-02-11T21:35:41Z,2026-02-11T21:35:41Z,NA,v3,CNE,CNE,NA,NA,NA,Undefined,CAR_EAG,65dbbf1d-677a-4261-8528-1bb4d78d1658,54.30862,-107.54638,9.95177,6.11025,2.04049,-13.90056,-2.70589,2.98984,4.43738,NA,NA,NA,NA,NA,NA,NA,NA,NA,NA,NA,NA,NA,NA,NA,NA,NA,NA,NA,NA,NA,NA,NA,NA,NA,NA,NA,NA,NA,NA,NA,NA,NA,NA,NA,NA,NA,NA,NA,NA,NA,NA,NA,NA,NA,NA,NA,NA,NA,NA,High,High,High,NA,NA,NA,NA,NA,93.025078,62.071189,1169.73293,0.468374,09:00:00,-0.874367,0.485261,-0.001706,4.8305,-15.171125,57.469225,-0.995792,139.47632,-0.069661,-3.413759,0.069661,-0.059546,0.995792,85.99836,-84.741872,0.059546,-0.059546,-139.47632,84.741872,0.995792,3.413759,-85.99836,-0.995792,0.059546,0.069661,-0.069661,NA,NA,NA,NA,NA,NA,NA,NA,NA,NA,NA,NA
NA,NA,NA,NA,NA,NA,NA,NA,NA,NA,NA,NA,NA,NA,NA,NA,23,2026-02-11,16:35:55,5,2,"Salicco, James",1000215985,Right,CAR_EAG,"Hubbard, Ian",10071315,Left,CAR_EAG,Undefined,1,Top,2,0,1,Fastball,Changeup,InPlay,Undefined,LineDrive,Single,0,0,NA,84.3202,-2.73368,-3.487808,2152.242076,216.784557,01:15:00,6.06074,2.51917,7.15702,-20.74481,16.7817,11.65237,1.84761,0.32481,77.35457,-6.723259,-1.349891,0.4409,95.19008,6.142833,-5.266449,5000.172264,109.57564,4.20513,-9.65177,147.3693,147.11323,-4.833556,1.174276,-7.25087,10.15461,-2.31777,50,5.89359,7.08375,-122.42711,-6.31118,-11.00574,24.15172,-16.76091,CAR_EAG,CAR_EAG,CarsonNewman,TeamExclusive,Team,20260211-CarsonNewman-Private-1,a653fb10-0791-11f1-8430-5bbec0bc33d6,85.4897,5.62821,NA,6.96563,NA,NA,NA,1.15881,1.74257,-0.49526,813d84c6-9e85-4980-b2d1-c32038cb1203,2026-02-11,21:35:55,2026-02-11T21:35:55Z,2026-02-11T21:35:55Z,GroundBall,v3,CNE,CNE,NA,NA,NA,Undefined,CAR_EAG,cb8cb6ee-61f7-48bd-990e-f5af7b3c9ff6,53.34468,-123.08515,12.07586,6.05932,-5.8545,-8.38046,-2.51486,7.38362,-5.50287,205.267599,1.2724,136.89887,-11.08595,NA,NA,NA,NA,NA,NA,1.78296,14.47739,-13.64967,NA,NA,NA,NA,NA,NA,-0.52036,-12.44714,1.98824,NA,NA,NA,NA,NA,NA,NA,NA,NA,NA,NA,NA,NA,NA,NA,NA,NA,NA,NA,NA,NA,NA,NA,NA,NA,NA,NA,NA,High,High,High,High,High,NA,NA,NA,203.976492,21.412988,2003.679432,0.930973,12:45:00,-0.397737,-0.395294,-0.827978,-47.837647,-47.939922,-61.941897,-0.139933,149.227912,-0.850756,-30.436991,0.850756,-0.506591,0.139933,9.340395,-8.043942,0.506591,-0.506591,-149.227912,8.043942,0.139933,30.436991,-9.340395,-0.139933,0.506591,0.850756,-0.850756,NA,NA,NA,NA,NA,NA,NA,NA,NA,NA,NA,NA
NA,NA,NA,NA,NA,NA,NA,NA,NA,NA,NA,NA,NA,NA,NA,NA,24,2026-02-11,16:36:15,6,1,"Salicco, James",1000215985,Right,CAR_EAG,"Hubbard, Ian",10071315,Left,CAR_EAG,Undefined,1,Top,2,0,0,Slider,Curveball,BallCalled,Undefined,Undefined,Undefined,0,0,NA,74.49871,0.178776,-2.300636,2534.182693,96.83912,09:15:00,5.89443,2.64942,6.08869,-47.90168,4.22961,-16.46918,2.06814,-0.85244,66.07654,-8.772377,-5.264479,0.519661,NA,NA,NA,NA,NA,NA,NA,NA,NA,NA,NA,7.43941,2.82012,-2.46391,50,5.88425,4.93064,-107.72965,-1.02898,8.35848,26.36205,-29.00551,CAR_EAG,CAR_EAG,CarsonNewman,TeamExclusive,Team,20260211-CarsonNewman-Private-1,b233af20-0791-11f1-8430-5bbec0bc33d6,72.53268,NA,NA,8.42217,NA,NA,NA,NA,NA,NA,813d84c6-9e85-4980-b2d1-c32038cb1203,2026-02-11,21:36:15,2026-02-11T21:36:15Z,2026-02-11T21:36:15Z,NA,v3,CNE,CNE,NA,NA,NA,Undefined,CAR_EAG,c1baac6e-7dbf-4828-9365-823bcda976f1,54.40505,-108.80225,13.18102,5.90211,0.15118,-14.50276,-2.65761,4.59056,4.17924,NA,NA,NA,NA,NA,NA,NA,NA,NA,NA,NA,NA,NA,NA,NA,NA,NA,NA,NA,NA,NA,NA,NA,NA,NA,NA,NA,NA,NA,NA,NA,NA,NA,NA,NA,NA,NA,NA,NA,NA,NA,NA,NA,NA,NA,NA,NA,NA,NA,NA,High,High,High,NA,NA,NA,NA,NA,90.27952,61.856792,1195.315651,0.471677,09:00:00,-0.879678,0.47442,0.033038,1.908561,-44.86197,59.051512,-0.00903,91.280127,-0.02234,-88.619295,0.02234,-0.99971,0.00903,22.008265,-0.517363,0.99971,-0.99971,-91.280127,0.517363,0.00903,88.619295,-22.008265,-0.00903,0.99971,0.02234,-0.02234,NA,NA,NA,NA,NA,NA,NA,NA,NA,NA,NA,NA
NA,NA,NA,NA,NA,NA,NA,NA,NA,NA,NA,NA,NA,NA,NA,NA,25,2026-02-11,16:36:30,6,2,"Salicco, James",1000215985,Right,CAR_EAG,"Hubbard, Ian",10071315,Left,CAR_EAG,Undefined,1,Top,2,1,0,Slider,Curveball,BallCalled,Undefined,Undefined,Undefined,0,0,NA,74.74878,0.476378,-2.182651,2606.284086,105.863289,09:30:00,5.99848,2.71766,6.1887,-44.59282,6.88555,-16.49288,2.72261,-0.67304,66.29034,-7.903225,-5.154776,0.516397,NA,NA,NA,NA,NA,NA,NA,NA,NA,NA,NA,7.51985,4.06646,-2.54572,50,6.01317,4.72392,-108.12241,-0.33648,8.53095,26.15598,-27.56082,CAR_EAG,CAR_EAG,CarsonNewman,TeamExclusive,Team,20260211-CarsonNewman-Private-1,bb594c40-0791-11f1-8430-5bbec0bc33d6,72.99119,NA,NA,8.45844,NA,NA,NA,NA,NA,NA,813d84c6-9e85-4980-b2d1-c32038cb1203,2026-02-11,21:36:30,2026-02-11T21:36:30Z,2026-02-11T21:36:30Z,NA,v3,CNE,CNE,NA,NA,NA,Undefined,CAR_EAG,99c3b105-8c6f-4ba7-b39f-72d29ff166e0,54.30427,-109.1587,13.07799,6.00487,0.75546,-13.78041,-2.72618,4.38594,4.26548,NA,NA,NA,NA,NA,NA,NA,NA,NA,NA,NA,NA,NA,NA,NA,NA,NA,NA,NA,NA,NA,NA,NA,NA,NA,NA,NA,NA,NA,NA,NA,NA,NA,NA,NA,NA,NA,NA,NA,NA,NA,NA,NA,NA,NA,NA,NA,NA,NA,NA,High,High,High,NA,NA,NA,NA,NA,93.217085,62.775967,1192.299269,0.457471,09:00:00,-0.885732,0.464127,0.008066,-4.067532,-16.921244,59.840196,-0.039323,95.238137,-0.091225,-84.298886,0.091225,-0.995054,0.039323,23.318664,-2.253614,0.995054,-0.995054,-95.238137,2.253614,0.039323,84.298886,-23.318664,-0.039323,0.995054,0.091225,-0.091225,NA,NA,NA,NA,NA,NA,NA,NA,NA,NA,NA,NA
NA,NA,NA,NA,NA,NA,NA,NA,NA,NA,NA,NA,NA,NA,NA,NA,26,2026-02-11,16:36:49,6,3,"Salicco, James",1000215985,Right,CAR_EAG,"Hubbard, Ian",10071315,Left,CAR_EAG,Undefined,1,Top,2,2,0,Slider,Curveball,BallCalled,Undefined,Undefined,Undefined,0,0,NA,75.18664,2.077768,-0.115613,2483.777996,119.090763,10:00:00,6.03912,2.8854,6.04256,-41.93424,8.87937,-12.19386,4.46923,1.7622,66.64446,-5.827996,-2.309194,0.513052,NA,NA,NA,NA,NA,NA,NA,NA,NA,NA,NA,6.10906,4.4326,-2.8705,50,6.17958,0.67981,-108.78059,2.76289,7.07151,25.11441,-27.04313,CAR_EAG,CAR_EAG,CarsonNewman,TeamExclusive,Team,20260211-CarsonNewman-Private-1,c6b4dc30-0791-11f1-8430-5bbec0bc33d6,73.46707,NA,NA,8.54218,NA,NA,NA,NA,NA,NA,813d84c6-9e85-4980-b2d1-c32038cb1203,2026-02-11,21:36:49,2026-02-11T21:36:49Z,2026-02-11T21:36:49Z,NA,v3,CNE,CNE,NA,NA,NA,Undefined,CAR_EAG,d0084a57-f31b-4494-95ef-e034fc2a0e34,54.44992,-109.80315,12.55721,6.04468,3.86397,-13.52157,-2.89232,0.39189,3.53575,NA,NA,NA,NA,NA,NA,NA,NA,NA,NA,NA,NA,NA,NA,NA,NA,NA,NA,NA,NA,NA,NA,NA,NA,NA,NA,NA,NA,NA,NA,NA,NA,NA,NA,NA,NA,NA,NA,NA,NA,NA,NA,NA,NA,NA,NA,NA,NA,NA,NA,High,High,High,NA,NA,NA,NA,NA,99.461661,64.759138,1059.143757,0.426424,09:15:00,-0.888818,0.453141,-0.068306,-6.963077,-16.669502,68.44559,0.07126,91.619947,-0.028198,85.604777,0.028198,-0.997059,-0.07126,68.411084,4.086344,0.997059,0.997059,-91.619947,-4.086344,0.07126,-85.604777,-68.411084,-0.07126,-0.997059,0.028198,-0.028198,NA,NA,NA,NA,NA,NA,NA,NA,NA,NA,NA,NA
NA,NA,NA,NA,NA,NA,NA,NA,NA,NA,NA,NA,NA,NA,NA,NA,27,2026-02-11,16:37:04,6,4,"Salicco, James",1000215985,Right,CAR_EAG,"Hubbard, Ian",10071315,Left,CAR_EAG,Undefined,1,Top,2,3,0,Fastball,Changeup,BallCalled,Walk,Undefined,Undefined,0,0,NA,81.82751,0.28741,-2.045238,2069.134987,201.373967,12:45:00,6.05933,2.49119,6.87166,-24.32395,16.98509,6.00272,4.29446,1.12656,72.80254,-4.447662,-0.94878,0.462587,NA,NA,NA,NA,NA,NA,NA,NA,NA,NA,NA,-3.87469,9.34717,-2.36274,50,6.06856,4.01689,-118.63662,0.05289,-5.36205,28.82839,-19.23882,CAR_EAG,CAR_EAG,CarsonNewman,TeamExclusive,Team,20260211-CarsonNewman-Private-1,cfc7b4a0-0791-11f1-8430-5bbec0bc33d6,81.48176,NA,NA,9.02497,NA,NA,NA,NA,NA,NA,813d84c6-9e85-4980-b2d1-c32038cb1203,2026-02-11,21:37:04,2026-02-11T21:37:04Z,2026-02-11T21:37:04Z,NA,v3,CNE,CNE,NA,NA,NA,Undefined,CAR_EAG,19d7a39d-cd35-47d1-923d-473fadc312f5,53.62149,-119.51339,14.4142,6.05806,0.63802,-9.61941,-2.48739,4.17997,-2.68103,NA,NA,NA,NA,NA,NA,NA,NA,NA,NA,NA,NA,NA,NA,NA,NA,NA,NA,NA,NA,NA,NA,NA,NA,NA,NA,NA,NA,NA,NA,NA,NA,NA,NA,NA,NA,NA,NA,NA,NA,NA,NA,NA,NA,NA,NA,NA,NA,NA,NA,High,High,High,NA,NA,NA,NA,NA,202.822887,28.527191,1817.92248,0.878591,12:45:00,-0.507875,-0.338391,-0.792184,-56.222859,-41.681114,-55.315523,-0.146863,147.270901,-0.832115,-32.330692,0.832115,-0.534805,0.146863,10.009288,-8.445197,0.534805,-0.534805,-147.270901,8.445197,0.146863,32.330692,-10.009288,-0.146863,0.534805,0.832115,-0.832115,NA,NA,NA,NA,NA,NA,NA,NA,NA,NA,NA,NA
NA,NA,NA,NA,NA,NA,NA,NA,NA,NA,NA,NA,NA,NA,NA,NA,28,2026-02-11,16:37:20,7,1,"Salicco, James",1000215985,Right,CAR_EAG,"Hubbard, Ian",10071315,Left,CAR_EAG,Undefined,1,Top,2,0,0,Fastball,Four-Seam,InPlay,Undefined,LineDrive,Single,0,0,NA,83.91172,-2.295029,-2.968522,2118.482136,202.694261,12:45:00,6.10184,2.38346,6.96811,-23.14891,15.98343,6.035,2.08097,0.18339,75.09303,-6.775398,-1.864587,0.450235,87.34742,-1.749468,36.536692,NA,NA,NA,NA,31.45049,28.08633,36.870505,0.251574,-4.28087,9.78567,-2.20149,50,5.95167,6.09488,-121.5948,-5.40775,-6.23262,29.96042,-17.92679,CAR_EAG,CAR_EAG,CarsonNewman,TeamExclusive,Team,20260211-CarsonNewman-Private-1,d8e4c640-0791-11f1-8430-5bbec0bc33d6,83.71723,1.9003,NA,8.81869,NA,NA,NA,0.7353,1.9003,-0.25612,813d84c6-9e85-4980-b2d1-c32038cb1203,2026-02-11,21:37:20,2026-02-11T21:37:20Z,2026-02-11T21:37:20Z,GroundBall,v3,CNE,CNE,NA,NA,NA,Undefined,CAR_EAG,5cadd27c-d227-463a-acd1-a590e3c0efc6,53.52919,-122.46129,14.98021,6.10057,-4.88928,-8.9634,-2.38037,6.27513,-3.11631,268.849451,0.73851,102.71501,-22.46636,NA,NA,NA,NA,NA,NA,1.90118,-3.95769,-14.32222,NA,NA,NA,NA,NA,NA,-0.2571,76.28505,-0.99152,NA,NA,NA,NA,NA,NA,NA,NA,NA,NA,NA,NA,NA,NA,NA,NA,NA,NA,NA,NA,NA,NA,NA,NA,NA,NA,NA,NA,High,High,High,High,High,NA,NA,NA,204.583057,22.567594,1956.264502,0.923427,12:45:00,-0.411075,-0.399217,-0.819538,-44.541834,-38.781438,-47.527888,-0.047778,149.948335,-0.864586,-30.013815,0.864586,-0.500209,0.047778,3.163028,-2.738533,0.500209,-0.500209,-149.948335,2.738533,0.047778,30.013815,-3.163028,-0.047778,0.500209,0.864586,-0.864586,NA,NA,NA,NA,NA,NA,NA,NA,NA,NA,NA,NA
NA,NA,NA,NA,NA,NA,NA,NA,NA,NA,NA,NA,NA,NA,NA,NA,29,2026-02-11,16:37:40,8,1,"Salicco, James",1000215985,Right,CAR_EAG,"Hubbard, Ian",10071315,Left,CAR_EAG,Undefined,1,Top,2,0,0,Fastball,Changeup,FoulBallNotFieldable,Undefined,Undefined,Undefined,0,0,NA,82.68986,-1.200549,-3.469094,2078.403869,205.459025,12:45:00,6.15706,2.32818,7.09835,-20.55726,18.75678,8.30111,3.35234,-0.13199,75.22823,-5.19003,-1.948845,0.451279,NA,NA,NA,NA,NA,NA,NA,NA,NA,NA,NA,-5.508,10.82083,-2.12362,50,6.07845,7.01065,-120.08139,-2.9509,-7.98269,24.86474,-16.49157,CAR_EAG,CAR_EAG,CarsonNewman,TeamExclusive,Team,20260211-CarsonNewman-Private-1,e51fb9b0-0791-11f1-8430-5bbec0bc33d6,83.52355,NA,NA,7.46163,NA,NA,NA,NA,NA,NA,813d84c6-9e85-4980-b2d1-c32038cb1203,2026-02-11,21:37:40,2026-02-11T21:37:40Z,2026-02-11T21:37:40Z,NA,v3,CNE,CNE,NA,NA,NA,Undefined,CAR_EAG,e11ee428-2d90-4aa2-a77d-2e6942145470,53.4023,-120.78384,12.43237,6.15524,-2.485,-8.24579,-2.32486,7.23617,-3.99135,NA,NA,NA,NA,NA,NA,NA,NA,NA,NA,NA,NA,NA,NA,NA,NA,NA,NA,NA,NA,NA,NA,NA,NA,NA,NA,NA,NA,NA,NA,NA,NA,NA,NA,NA,NA,NA,NA,NA,NA,NA,NA,NA,NA,NA,NA,NA,NA,NA,NA,High,High,High,NA,NA,NA,NA,NA,203.056642,21.854321,1929.035894,0.928133,12:45:00,-0.415557,-0.371215,-0.830368,-44.442705,-46.999142,-65.503098,-0.101381,150.184228,-0.863158,-29.64674,0.863158,-0.494651,0.101381,6.69891,-5.818709,0.494651,-0.494651,-150.184228,5.818709,0.101381,29.64674,-6.69891,-0.101381,0.494651,0.863158,-0.863158,NA,NA,NA,NA,NA,NA,NA,NA,NA,NA,NA,NA
NA,NA,NA,NA,NA,NA,NA,NA,NA,NA,NA,NA,NA,NA,NA,NA,30,2026-02-11,16:37:59,8,2,"Salicco, James",1000215985,Right,CAR_EAG,"Hubbard, Ian",10071315,Left,CAR_EAG,Undefined,1,Top,2,0,1,Slider,Curveball,BallCalled,Undefined,Undefined,Undefined,0,0,NA,74.64032,-0.554708,-2.389367,2553.588292,99.445743,09:15:00,5.86098,2.66396,6.17015,-45.47396,4.64122,-17.92989,1.55865,-1.03844,68.43527,-8.957508,-5.621047,0.509514,NA,NA,NA,NA,NA,NA,NA,NA,NA,NA,NA,8.49709,3.11654,-2.47439,50,5.79628,5.13901,-108.33008,-2.33041,9.98633,20.86703,-28.5113,CAR_EAG,CAR_EAG,CarsonNewman,TeamExclusive,Team,20260211-CarsonNewman-Private-1,f04c7170-0791-11f1-8430-5bbec0bc33d6,73.97723,NA,NA,6.20505,NA,NA,NA,NA,NA,NA,813d84c6-9e85-4980-b2d1-c32038cb1203,2026-02-11,21:37:59,2026-02-11T21:37:59Z,2026-02-11T21:37:59Z,NA,v3,CNE,CNE,NA,NA,NA,Undefined,CAR_EAG,508f4569-7674-4e1c-a889-27dd3bdbf90f,54.33011,-109.16098,10.43352,5.86647,-1.19512,-14.25565,-2.6711,4.74137,4.99316,NA,NA,NA,NA,NA,NA,NA,NA,NA,NA,NA,NA,NA,NA,NA,NA,NA,NA,NA,NA,NA,NA,NA,NA,NA,NA,NA,NA,NA,NA,NA,NA,NA,NA,NA,NA,NA,NA,NA,NA,NA,NA,NA,NA,NA,NA,NA,NA,NA,NA,High,High,High,NA,NA,NA,NA,NA,88.11072,61.484387,1219.078515,0.477398,09:00:00,-0.881841,0.468609,0.052549,6.835493,-56.618812,55.101565,-0.022248,90.587768,-0.010256,-88.596214,0.010256,-0.9997,0.022248,65.251674,-1.274833,0.9997,-0.9997,-90.587768,1.274833,0.022248,88.596214,-65.251674,-0.022248,0.9997,0.010256,-0.010256,NA,NA,NA,NA,NA,NA,NA,NA,NA,NA,NA,NA
NA,NA,NA,NA,NA,NA,NA,NA,NA,NA,NA,NA,NA,NA,NA,NA,31,2026-02-11,16:38:14,8,3,"Salicco, James",1000215985,Right,CAR_EAG,"Hubbard, Ian",10071315,Left,CAR_EAG,Undefined,1,Top,2,1,1,Slider,Curveball,BallCalled,Undefined,Undefined,Undefined,0,0,NA,74.78359,0.810433,-0.676434,2459.275885,114.47364,09:45:00,5.93236,2.74969,6.1564,-41.43916,8.13426,-14.40127,3.22796,0.92459,68.5038,-6.905979,-3.27426,0.506752,NA,NA,NA,NA,NA,NA,NA,NA,NA,NA,NA,7.19977,4.48638,-2.69143,50,5.97299,1.78558,-108.65102,0.38317,8.573,19.72801,-26.83197,CAR_EAG,CAR_EAG,CarsonNewman,TeamExclusive,Team,20260211-CarsonNewman-Private-1,f9821420-0791-11f1-8430-5bbec0bc33d6,74.38038,NA,NA,6.27979,NA,NA,NA,NA,NA,NA,813d84c6-9e85-4980-b2d1-c32038cb1203,2026-02-11,21:38:14,2026-02-11T21:38:14Z,2026-02-11T21:38:14Z,NA,v3,CNE,CNE,NA,NA,NA,Undefined,CAR_EAG,bf66f6e5-4a55-4b92-a6e8-5f81f6fd77ef,54.34313,-109.43678,9.864,5.93645,1.45187,-13.41598,-2.75574,1.44412,4.2865,NA,NA,NA,NA,NA,NA,NA,NA,NA,NA,NA,NA,NA,NA,NA,NA,NA,NA,NA,NA,NA,NA,NA,NA,NA,NA,NA,NA,NA,NA,NA,NA,NA,NA,NA,NA,NA,NA,NA,NA,NA,NA,NA,NA,NA,NA,NA,NA,NA,NA,High,High,High,NA,NA,NA,NA,NA,NA,NA,NA,NA,NA,NA,NA,NA,NA,NA,NA,NA,NA,NA,NA,NA,NA,NA,NA,NA,NA,NA,NA,NA,NA,NA,NA,NA,NA,NA,NA,NA,NA,NA,NA,NA,NA,NA,NA,NA,NA,NA,NA
NA,NA,NA,NA,NA,NA,NA,NA,NA,NA,NA,NA,NA,NA,NA,NA,32,2026-02-11,16:38:30,8,4,"Salicco, James",1000215985,Right,CAR_EAG,"Hubbard, Ian",10071315,Left,CAR_EAG,Undefined,1,Top,2,2,1,Slider,Curveball,StrikeCalled,Undefined,Undefined,Undefined,0,0,NA,73.82918,0.209834,-1.692605,2422.339551,114.128577,09:45:00,5.89669,2.70122,6.05262,-42.75337,8.45154,-15.16946,2.52824,-0.13022,67.67328,-7.719009,-4.421563,0.515024,NA,NA,NA,NA,NA,NA,NA,NA,NA,NA,NA,7.29622,4.80918,-2.56164,50,5.89028,3.6904,-107.20508,-0.79836,8.43689,19.64039,-26.61304,CAR_EAG,CAR_EAG,CarsonNewman,TeamExclusive,Team,20260211-CarsonNewman-Private-1,02e185f0-0792-11f1-8430-5bbec0bc33d6,73.18581,NA,NA,6.15591,NA,NA,NA,NA,NA,NA,813d84c6-9e85-4980-b2d1-c32038cb1203,2026-02-11,21:38:30,2026-02-11T21:38:30Z,2026-02-11T21:38:30Z,NA,v3,CNE,CNE,NA,NA,NA,Undefined,CAR_EAG,0de10e85-bca3-4e00-a2fc-b6e4c37e89b9,54.44742,-108.01679,9.82019,5.90055,0.30152,-13.30652,-2.70696,3.34172,4.21845,NA,NA,NA,NA,NA,NA,NA,NA,NA,NA,NA,NA,NA,NA,NA,NA,NA,NA,NA,NA,NA,NA,NA,NA,NA,NA,NA,NA,NA,NA,NA,NA,NA,NA,NA,NA,NA,NA,NA,NA,NA,NA,NA,NA,NA,NA,NA,NA,NA,NA,High,High,High,NA,NA,NA,NA,NA,98.811494,62.273002,1127.015753,0.465259,09:15:00,-0.885204,0.463007,-0.045144,0.188772,-44.49424,57.883129,-0.0875,91.111676,-0.019327,-84.858896,0.019327,-0.995977,0.0875,77.544612,-5.01979,0.995977,-0.995977,-91.111676,5.01979,0.0875,84.858896,-77.544612,-0.0875,0.995977,0.019327,-0.019327,NA,NA,NA,NA,NA,NA,NA,NA,NA,NA,NA,NA
NA,NA,NA,NA,NA,NA,NA,NA,NA,NA,NA,NA,NA,NA,NA,NA,33,2026-02-11,16:38:45,8,5,"Salicco, James",1000215985,Right,CAR_EAG,"Hubbard, Ian",10071315,Left,CAR_EAG,Undefined,1,Top,2,2,2,Fastball,Four-Seam,InPlay,Undefined,GroundBall,Out,1,0,NA,83.61361,-1.691578,-3.074324,2195.868836,204.598782,12:45:00,6.11397,2.42805,6.87901,-22.8382,15.66938,6.61957,2.66659,0.17538,76.68284,-6.052283,-1.865899,0.446626,59.64178,5.723556,6.899823,2211.093224,NA,NA,NA,66.04222,63.9395,9.007232,0.79271,-4.39134,9.18166,-2.23522,50,5.99811,6.30196,-121.47317,-4.14256,-6.56192,23.77707,-18.45403,CAR_EAG,CAR_EAG,CarsonNewman,TeamExclusive,Team,20260211-CarsonNewman-Private-1,0ba7ec10-0792-11f1-8430-5bbec0bc33d6,84.39365,3.84839,NA,6.93077,NA,NA,NA,0.98574,2.62813,-0.1262,813d84c6-9e85-4980-b2d1-c32038cb1203,2026-02-11,21:38:45,2026-02-11T21:38:45Z,2026-02-11T21:38:45Z,GroundBall,v3,CNE,CNE,NA,NA,NA,Undefined,CAR_EAG,775f05dc-d83d-4e94-b77e-47b826b0886a,53.62238,-122.18016,11.88854,6.11313,-3.59385,-9.22702,-2.42551,6.49707,-3.28096,258.073355,0.98574,86.40799,-7.34416,0.8409,-0.12055,-0.12262,0.19918,-0.14183,0.03957,2.62813,8.72377,-15.80613,0.84698,-0.15824,0.22034,-0.2851,0.20469,-0.05821,-0.1262,10.45643,3.96115,-0.72733,-0.08822,0.81182,-1.23102,0.89311,-0.2537,NA,NA,NA,NA,NA,NA,NA,NA,NA,NA,NA,NA,NA,NA,NA,NA,NA,NA,NA,NA,NA,NA,High,High,High,High,High,NA,NA,NA,198.054936,28.053402,1937.875419,0.88251,12:30:00,-0.50635,-0.287279,-0.813069,-54.38137,-34.919578,-41.198897,-0.132142,141.087809,-0.771286,-38.507744,0.771286,-0.62262,0.132142,9.72195,-7.593416,0.62262,-0.62262,-141.087809,7.593416,0.132142,38.507744,-9.72195,-0.132142,0.62262,0.771286,-0.771286,NA,NA,NA,NA,NA,NA,NA,NA,NA,NA,NA,NA
NA,NA,NA,NA,NA,NA,NA,NA,NA,NA,NA,NA,NA,NA,NA,NA,34,2026-02-11,16:39:04,9,1,"Salicco, James",1000215985,Right,CAR_EAG,"Hubbard, Ian",10071315,Left,CAR_EAG,Undefined,1,Top,0,0,0,Slider,Curveball,StrikeCalled,Undefined,Undefined,Undefined,0,0,NA,73.13021,0.987762,-1.379565,2570.448043,101.086911,09:15:00,5.88089,2.54457,6.07406,-47.67664,6.07221,-19.63517,2.82221,-0.3685,65.117,-7.938502,-4.913423,0.527662,NA,NA,NA,NA,NA,NA,NA,NA,NA,NA,NA,9.44264,3.44634,-2.42824,50,5.9332,3.25549,-105.85864,0.49908,10.31275,24.37986,-28.41012,CAR_EAG,CAR_EAG,CarsonNewman,TeamExclusive,Team,20260211-CarsonNewman-Private-1,176264e0-0792-11f1-8430-5bbec0bc33d6,71.4329,NA,NA,8.01322,NA,NA,NA,NA,NA,NA,813d84c6-9e85-4980-b2d1-c32038cb1203,2026-02-11,21:39:04,2026-02-11T21:39:04Z,2026-02-11T21:39:04Z,NA,v3,CNE,CNE,NA,NA,NA,Undefined,CAR_EAG,4740ebd4-f71f-4b05-b8d9-6bb3403bb1f8,54.42074,-106.87191,12.18993,5.88792,1.67986,-14.20506,-2.55464,2.82687,5.15637,NA,NA,NA,NA,NA,NA,NA,NA,NA,NA,NA,NA,NA,NA,NA,NA,NA,NA,NA,NA,NA,NA,NA,NA,NA,NA,NA,NA,NA,NA,NA,NA,NA,NA,NA,NA,NA,NA,NA,NA,NA,NA,NA,NA,NA,NA,NA,NA,NA,NA,High,High,High,NA,NA,NA,NA,NA,85.7842,59.330899,1311.131915,0.510079,08:45:00,-0.850081,0.523451,0.057981,1.5977,-35.100806,54.559937,-0.021016,93.31786,-0.057862,-86.470592,0.057862,-0.998103,0.021016,19.961392,-1.20422,0.998103,-0.998103,-93.31786,1.20422,0.021016,86.470592,-19.961392,-0.021016,0.998103,0.057862,-0.057862,NA,NA,NA,NA,NA,NA,NA,NA,NA,NA,NA,NA
NA,NA,NA,NA,NA,NA,NA,NA,NA,NA,NA,NA,NA,NA,NA,NA,35,2026-02-11,16:39:17,9,2,"Salicco, James",1000215985,Right,CAR_EAG,"Hubbard, Ian",10071315,Left,CAR_EAG,Undefined,1,Top,0,0,1,Slider,Curveball,BallCalled,Undefined,Undefined,Undefined,0,0,NA,73.87312,1.806594,-1.006708,2545.191691,106.031406,09:30:00,5.95986,2.74526,6.27928,-45.48199,6.20681,-14.74036,3.83575,0.58886,66.25115,-6.737746,-3.669851,0.517452,NA,NA,NA,NA,NA,NA,NA,NA,NA,NA,NA,7.20134,3.21307,-2.66463,50,6.07217,2.39875,-107.06744,2.14344,8.14275,22.94766,-28.54096,CAR_EAG,CAR_EAG,CarsonNewman,TeamExclusive,Team,20260211-CarsonNewman-Private-1,1efb95a0-0792-11f1-8430-5bbec0bc33d6,72.84244,NA,NA,7.62197,NA,NA,NA,NA,NA,NA,813d84c6-9e85-4980-b2d1-c32038cb1203,2026-02-11,21:39:17,2026-02-11T21:39:17Z,2026-02-11T21:39:17Z,NA,v3,CNE,CNE,NA,NA,NA,Undefined,CAR_EAG,ea29e34a-6759-493e-9ddd-0a97006ec19d,54.21688,-107.96746,11.47383,5.96615,3.26283,-14.27048,-2.75244,2.07939,4.0713800000000004,NA,NA,NA,NA,NA,NA,NA,NA,NA,NA,NA,NA,NA,NA,NA,NA,NA,NA,NA,NA,NA,NA,NA,NA,NA,NA,NA,NA,NA,NA,NA,NA,NA,NA,NA,NA,NA,NA,NA,NA,NA,NA,NA,NA,NA,NA,NA,NA,NA,NA,High,High,High,NA,NA,NA,NA,NA,90.017544,60.733226,1244.284784,0.488877,09:00:00,-0.856378,0.516135,0.014899,-4.967479,-11.765202,52.318271,-0.10974,97.147372,-0.12367,-80.483029,0.12367,-0.986237,0.10974,41.584507,-6.300325,0.986237,-0.986237,-97.147372,6.300325,0.10974,80.483029,-41.584507,-0.10974,0.986237,0.12367,-0.12367,NA,NA,NA,NA,NA,NA,NA,NA,NA,NA,NA,NA
NA,NA,NA,NA,NA,NA,NA,NA,NA,NA,NA,NA,NA,NA,NA,NA,36,2026-02-11,16:39:31,9,3,"Salicco, James",1000215985,Right,CAR_EAG,"Hubbard, Ian",10071315,Left,CAR_EAG,Undefined,1,Top,0,1,1,Slider,Curveball,InPlay,Undefined,LineDrive,Out,1,0,NA,73.46027,0.797435,-1.802368,2445.943962,112.337298,09:45:00,5.89121,2.69538,6.0351,-45.57223,7.06599,-12.38745,2.83238,-0.00649,66.19848,-7.700925,-4.029823,0.522182,65.93004,5.989065,-20.064277,2307.069373,NA,NA,NA,64.87173,62.34224,-19.813928,0.687224,5.81126,3.86004,-2.54768,50,5.92899,3.769,-106.4964,0.22817,6.50818,22.52149,-27.85109,CAR_EAG,CAR_EAG,CarsonNewman,TeamExclusive,Team,20260211-CarsonNewman-Private-1,274e2b50-0792-11f1-8430-5bbec0bc33d6,72.18255,4.19561,NA,7.26179,NA,NA,NA,2.73498,3.03608,-0.09675,813d84c6-9e85-4980-b2d1-c32038cb1203,2026-02-11,21:39:31,2026-02-11T21:39:31Z,2026-02-11T21:39:31Z,GroundBall,v3,CNE,CNE,NA,NA,NA,Undefined,CAR_EAG,802456e6-f347-4666-add6-e06c32841976,54.46489,-107.43647,11.26075,5.8952,1.39071,-13.92555,-2.69933,3.49735,3.25409,14.9675,2.73819,90.26799,-7.92764,NA,NA,NA,NA,NA,NA,3.06136,9.59462,-20.49424,NA,NA,NA,NA,NA,NA,-0.09454,-33.0362,1.70727,NA,NA,NA,NA,NA,NA,NA,NA,NA,NA,NA,NA,NA,NA,NA,NA,NA,NA,NA,NA,NA,NA,NA,NA,NA,NA,NA,NA,High,High,High,High,High,NA,NA,NA,85.889536,63.42496,1094.240791,0.44737,08:45:00,-0.886604,0.458623,0.059982,1.60244,-55.547113,52.637167,-0.048724,98.605873,-0.149459,-80.955566,0.149459,-0.987567,0.048724,18.055926,-2.792757,0.987567,-0.987567,-98.605873,2.792757,0.048724,80.955566,-18.055926,-0.048724,0.987567,0.149459,-0.149459,NA,NA,NA,NA,NA,NA,NA,NA,NA,NA,NA,NA
NA,NA,NA,NA,NA,NA,NA,NA,NA,NA,NA,NA,NA,NA,NA,NA,37,2026-02-11,16:40:26,10,1,"Butler, Cameron",10110399,Left,CAR_EAG,"Hubbard, Ian",10071315,Left,CAR_EAG,Undefined,1,Top,1,0,0,Fastball,Changeup,BallCalled,Undefined,Undefined,Undefined,0,0,NA,81.67681,-1.231287,5.51249,1820.565586,152.575189,11:00:00,5.33687,-2.15017,6.44762,-33.30104,8.28355,-3.57603,1.42502,2.6325,74.5587,-7.450064,4.868636,0.464128,NA,NA,NA,NA,NA,NA,NA,NA,NA,NA,NA,3.49445,5.14512,1.75963,50,5.23457,-11.26838,-118.11884,-3.49799,4.90515,23.85201,-24.95189,CAR_EAG,CAR_EAG,CarsonNewman,TeamExclusive,Team,20260211-CarsonNewman-Private-1,47c92420-0792-11f1-8430-5bbec0bc33d6,81.21133,NA,NA,7.11811,NA,NA,NA,NA,NA,NA,813d84c6-9e85-4980-b2d1-c32038cb1203,2026-02-11,21:40:26,2026-02-11T21:40:26Z,2026-02-11T21:40:26Z,NA,v3,CNE,CNE,NA,NA,NA,Undefined,CAR_EAG,b873f60c-f1c3-4c22-99bc-a7ae47d43aba,54.05086,-118.93403,11.92601,5.33955,-2.64521,-12.47595,2.14761,-11.43602,2.45258,NA,NA,NA,NA,NA,NA,NA,NA,NA,NA,NA,NA,NA,NA,NA,NA,NA,NA,NA,NA,NA,NA,NA,NA,NA,NA,NA,NA,NA,NA,NA,NA,NA,NA,NA,NA,NA,NA,NA,NA,NA,NA,NA,NA,NA,NA,NA,NA,NA,NA,High,High,High,NA,NA,NA,NA,NA,124.71438,-45.634959,1272.98912,0.699227,10:15:00,0.737387,0.589995,-0.328886,-91.254062,19.908089,-39.344342,0.296445,166.547708,-0.928847,12.837025,0.928847,-0.222179,-0.296445,17.700705,17.244235,0.222179,0.222179,-166.547708,-17.244235,0.296445,-12.837025,-17.700705,-0.296445,-0.222179,0.928847,-0.928847,NA,NA,NA,NA,NA,NA,NA,NA,NA,NA,NA,NA
NA,NA,NA,NA,NA,NA,NA,NA,NA,NA,NA,NA,NA,NA,NA,NA,38,2026-02-11,16:40:50,10,2,"Butler, Cameron",10110399,Left,CAR_EAG,"Hubbard, Ian",10071315,Left,CAR_EAG,Undefined,1,Top,1,1,0,Fastball,Changeup,BallCalled,Undefined,Undefined,Undefined,0,0,NA,81.99878,1.154397,1.066316,1705.825199,153.508093,11:00:00,5.49742,-2.26095,6.10924,-34.18388,7.86937,-3.13429,3.7166,-1.53598,73.49745,-5.275302,0.501534,0.466736,NA,NA,NA,NA,NA,NA,NA,NA,NA,NA,NA,2.00232,4.07425,2.18075,50,5.56831,-2.09592,-118.91633,1.37371,2.80043,27.75504,-26.47588,CAR_EAG,CAR_EAG,CarsonNewman,TeamExclusive,Team,20260211-CarsonNewman-Private-1,56985700-0792-11f1-8430-5bbec0bc33d6,80.75756,NA,NA,8.50133,NA,NA,NA,NA,NA,NA,813d84c6-9e85-4980-b2d1-c32038cb1203,2026-02-11,21:40:50,2026-02-11T21:40:50Z,2026-02-11T21:40:50Z,NA,v3,CNE,CNE,NA,NA,NA,Undefined,CAR_EAG,2491fada-ed18-42b1-bbe9-9df174a671b9,54.39031,-119.93664,13.87752,5.49992,2.347,-13.23794,2.25969,-2.19887,1.40022,NA,NA,NA,NA,NA,NA,NA,NA,NA,NA,NA,NA,NA,NA,NA,NA,NA,NA,NA,NA,NA,NA,NA,NA,NA,NA,NA,NA,NA,NA,NA,NA,NA,NA,NA,NA,NA,NA,NA,NA,NA,NA,NA,NA,NA,NA,NA,NA,NA,NA,High,High,High,NA,NA,NA,NA,NA,125.139584,-47.799399,1145.851169,0.671728,10:15:00,0.758779,0.534271,-0.372571,-107.117068,-5.313657,-30.382425,0.34839,171.42536,-0.926872,8.033766,0.926872,-0.139757,-0.34839,20.600102,20.388889,0.139757,0.139757,-171.42536,-20.388889,0.34839,-8.033766,-20.600102,-0.34839,-0.139757,0.926872,-0.926872,NA,NA,NA,NA,NA,NA,NA,NA,NA,NA,NA,NA
NA,NA,NA,NA,NA,NA,NA,NA,NA,NA,NA,NA,NA,NA,NA,NA,39,2026-02-11,16:41:08,10,3,"Butler, Cameron",10110399,Left,CAR_EAG,"Hubbard, Ian",10071315,Left,CAR_EAG,Undefined,1,Top,1,2,0,Fastball,Changeup,FoulBallNotFieldable,Undefined,Undefined,Undefined,0,0,NA,83.64414,0.765789,1.522592,1819.717981,117.794727,10:00:00,5.40356,-2.03714,5.96214,-34.19868,6.68217,-9.61256,3.26407,-1.42597,74.57147,-5.652361,-0.204962,0.460184,NA,NA,NA,NA,NA,NA,NA,NA,NA,NA,NA,5.51918,3.57197,1.92181,50,5.44549,-2.84208,-121.19337,0.54229,7.97087,30.07551,-27.01537,CAR_EAG,CAR_EAG,CarsonNewman,TeamExclusive,Team,20260211-CarsonNewman-Private-1,60d3d0f0-0792-11f1-8430-5bbec0bc33d6,81.90734,NA,NA,9.07268,NA,NA,NA,NA,NA,NA,813d84c6-9e85-4980-b2d1-c32038cb1203,2026-02-11,21:41:08,2026-02-11T21:41:08Z,2026-02-11T21:41:08Z,NA,v3,CNE,CNE,NA,NA,NA,Undefined,CAR_EAG,c297d42a-cbc8-482f-bb7d-ec87281b7601,54.53657,-122.31399,15.03776,5.40653,1.54889,-13.50769,2.03324,-3.13908,3.98544,NA,NA,NA,NA,NA,NA,NA,NA,NA,NA,NA,NA,NA,NA,NA,NA,NA,NA,NA,NA,NA,NA,NA,NA,NA,NA,NA,NA,NA,NA,NA,NA,NA,NA,NA,NA,NA,NA,NA,NA,NA,NA,NA,NA,NA,NA,NA,NA,NA,NA,High,High,High,NA,NA,NA,NA,NA,129.391683,-38.760925,1418.952614,0.779765,10:15:00,0.646995,0.594201,-0.477831,-108.941179,-5.426304,-22.399438,0.325018,166.245408,-0.918588,12.994352,0.918588,-0.224855,-0.325018,19.484993,18.966679,0.224855,0.224855,-166.245408,-18.966679,0.325018,-12.994352,-19.484993,-0.325018,-0.224855,0.918588,-0.918588,NA,NA,NA,NA,NA,NA,NA,NA,NA,NA,NA,NA
NA,NA,NA,NA,NA,NA,NA,NA,NA,NA,NA,NA,NA,NA,NA,NA,40,2026-02-11,16:42:02,10,4,"Butler, Cameron",10110399,Left,CAR_EAG,"Hubbard, Ian",10071315,Left,CAR_EAG,Undefined,1,Top,1,2,1,Slider,Curveball,BallCalled,Undefined,Undefined,Undefined,0,0,NA,74.07756,2.418743,4.308858,1860.550984,320.742266,04:45:00,5.47883,-2.08097,5.34592,-63.26708,-9.35571,9.38934,2.48325,2.75102,66.32282,-9.104705,5.96818,0.528459,NA,NA,NA,NA,NA,NA,NA,NA,NA,NA,NA,-3.04654,-4.85957,1.68517,50,5.6531,-8.41742,-106.84955,2.42504,-3.40874,23.92346,-37.6114,CAR_EAG,CAR_EAG,CarsonNewman,TeamExclusive,Team,20260211-CarsonNewman-Private-1,81069d30-0792-11f1-8430-5bbec0bc33d6,71.32515,NA,NA,7.75474,NA,NA,NA,NA,NA,NA,813d84c6-9e85-4980-b2d1-c32038cb1203,2026-02-11,21:42:02,2026-02-11T21:42:02Z,2026-02-11T21:42:02Z,NA,v3,CNE,CNE,NA,NA,NA,Undefined,CAR_EAG,73c14c1b-f55e-47bb-952d-dbc060767719,55.15274,-107.99708,11.96173,5.49352,4.22914,-18.8057,2.085,-8.25392,-1.70437,NA,NA,NA,NA,NA,NA,NA,NA,NA,NA,NA,NA,NA,NA,NA,NA,NA,NA,NA,NA,NA,NA,NA,NA,NA,NA,NA,NA,NA,NA,NA,NA,NA,NA,NA,NA,NA,NA,NA,NA,NA,NA,NA,NA,NA,NA,NA,NA,NA,NA,High,High,High,NA,NA,NA,NA,NA,325.820902,-51.269352,1164.072382,0.62566,04:45:00,0.723518,-0.384093,0.573581,59.067113,2.902297,-4.30735,0.720709,149.233241,-0.595669,20.770274,0.595669,-0.354622,-0.720709,50.426114,46.113047,0.354622,0.354622,-149.233241,-46.113047,0.720709,-20.770274,-50.426114,-0.720709,-0.354622,0.595669,-0.595669,NA,NA,NA,NA,NA,NA,NA,NA,NA,NA,NA,NA
NA,NA,NA,NA,NA,NA,NA,NA,NA,NA,NA,NA,NA,NA,NA,NA,41,2026-02-11,16:42:17,10,5,"Butler, Cameron",10110399,Left,CAR_EAG,"Hubbard, Ian",10071315,Left,CAR_EAG,Undefined,1,Top,1,3,1,Slider,Curveball,BallCalled,Walk,Undefined,Undefined,0,0,NA,73.67571,0.567888,3.588305,1870.514199,281.880786,03:30:00,5.23177,-2.16059,5.73943,-53.85979,-0.77811,13.03009,1.27332,2.27097,66.6985,-9.316047,5.913383,0.524377,NA,NA,NA,NA,NA,NA,NA,NA,NA,NA,NA,-5.37622,-0.02173,1.85345,50,5.24657,-7.15356,-106.60717,-0.5668,-6.03677,22.48086,-32.19845,CAR_EAG,CAR_EAG,CarsonNewman,TeamExclusive,Team,20260211-CarsonNewman-Private-1,8a48c300-0792-11f1-8430-5bbec0bc33d6,71.88041,NA,NA,6.97721,NA,NA,NA,NA,NA,NA,813d84c6-9e85-4980-b2d1-c32038cb1203,2026-02-11,21:42:17,2026-02-11T21:42:17Z,2026-02-11T21:42:17Z,NA,v3,CNE,CNE,NA,NA,NA,Undefined,CAR_EAG,caf2d4ad-379f-4495-9035-b614d7ae9011,54.76013,-107.60628,11.24043,5.23996,0.86419,-16.09923,2.16541,-6.88527,-3.01838,NA,NA,NA,NA,NA,NA,NA,NA,NA,NA,NA,NA,NA,NA,NA,NA,NA,NA,NA,NA,NA,NA,NA,NA,NA,NA,NA,NA,NA,NA,NA,NA,NA,NA,NA,NA,NA,NA,NA,NA,NA,NA,NA,NA,NA,NA,NA,NA,NA,NA,High,High,High,NA,NA,NA,NA,NA,318.999453,-47.893794,1254.19284,0.670507,04:45:00,0.70439,-0.447229,0.5512,74.960281,-17.928022,11.31659,0.743434,164.604961,-0.644812,10.227129,0.644812,-0.177551,-0.743434,49.063493,48.024725,0.177551,0.177551,-164.604961,-48.024725,0.743434,-10.227129,-49.063493,-0.743434,-0.177551,0.644812,-0.644812,NA,NA,NA,NA,NA,NA,NA,NA,NA,NA,NA,NA
NA,NA,NA,NA,NA,NA,NA,NA,NA,NA,NA,NA,NA,NA,NA,NA,42,2026-02-11,16:42:34,11,1,"Butler, Cameron",10110399,Left,CAR_EAG,"Hubbard, Ian",10071315,Left,CAR_EAG,Undefined,1,Top,1,0,0,Fastball,Changeup,FoulBallNotFieldable,Undefined,Undefined,Undefined,0,0,NA,84.12761,-0.149125,2.449594,1744.656283,137.508434,10:30:00,5.34814,-2.1767,6.37347,-32.200920000000004,7.27367,-5.32819,2.5274,-0.36543,75.73455,-6.215321,1.485219,0.4522,NA,NA,NA,NA,NA,NA,NA,NA,NA,NA,NA,3.59894,4.26154,2.00212,50,5.32268,-5.01743,-122.01141,-1.27003,5.3176,28.44476,-25.87742,CAR_EAG,CAR_EAG,CarsonNewman,TeamExclusive,Team,20260211-CarsonNewman-Private-1,947262a0-0792-11f1-8430-5bbec0bc33d6,83.35355,NA,NA,8.39306,NA,NA,NA,NA,NA,NA,813d84c6-9e85-4980-b2d1-c32038cb1203,2026-02-11,21:42:34,2026-02-11T21:42:34Z,2026-02-11T21:42:34Z,NA,v3,CNE,CNE,NA,NA,NA,Undefined,CAR_EAG,2f68905a-9d6b-4aaa-9b14-77984517eabf,54.12503,-122.96933,14.22238,5.35078,-0.39857,-12.93871,2.1741,-5.19651,2.6588,NA,NA,NA,NA,NA,NA,NA,NA,NA,NA,NA,NA,NA,NA,NA,NA,NA,NA,NA,NA,NA,NA,NA,NA,NA,NA,NA,NA,NA,NA,NA,NA,NA,NA,NA,NA,NA,NA,NA,NA,NA,NA,NA,NA,NA,NA,NA,NA,NA,NA,High,High,High,NA,NA,NA,NA,NA,122.208851,-43.301635,1269.679164,0.727753,10:00:00,0.700188,0.617543,-0.358299,-96.191254,12.185386,-30.734672,0.355286,168.112861,-0.914712,11.10138,0.914712,-0.192546,-0.355286,21.226835,20.810993,0.192546,0.192546,-168.112861,-20.810993,0.355286,-11.10138,-21.226835,-0.355286,-0.192546,0.914712,-0.914712,NA,NA,NA,NA,NA,NA,NA,NA,NA,NA,NA,NA
NA,NA,NA,NA,NA,NA,NA,NA,NA,NA,NA,NA,NA,NA,NA,NA,43,2026-02-11,16:42:53,11,2,"Butler, Cameron",10110399,Left,CAR_EAG,"Hubbard, Ian",10071315,Left,CAR_EAG,Undefined,1,Top,1,0,1,Slider,Curveball,InPlay,Undefined,GroundBall,Out,1,0,NA,74.03911,2.017512,1.411547,1880.98133,294.9214,03:45:00,5.18026,-2.13915,5.55924,-57.18165,-4.31953,13.5915,2.30149,0.31259,66.64776,-8.479986,3.835895,0.523291,72.36945,2.126115,21.436323,1424.436806,NA,NA,NA,49.2337,46.38479,20.030218,0.468041,-6.41937,-2.41917,2.00775,50,5.3169,-3.13827,-107.23222,1.99022,-7.28046,23.02838,-34.91771,CAR_EAG,CAR_EAG,CarsonNewman,TeamExclusive,Team,20260211-CarsonNewman-Private-1,9fb00a50-0792-11f1-8430-5bbec0bc33d6,72.02954,2.663,NA,7.39135,NA,NA,NA,2.46295,2.47381,-0.31344,813d84c6-9e85-4980-b2d1-c32038cb1203,2026-02-11,21:42:53,2026-02-11T21:42:53Z,2026-02-11T21:42:53Z,GroundBall,v3,CNE,CNE,NA,NA,NA,Undefined,CAR_EAG,13b0edaa-f4bc-4350-b2dd-10e5c190f765,54.94202,-108.28833,11.51419,5.1889,3.59159,-17.45886,2.14402,-2.80438,-3.64023,1.218944,2.46826,98.5791,-10.75783,NA,NA,NA,NA,NA,NA,2.48305,3.67356,-19.22407,NA,NA,NA,NA,NA,NA,-0.31128,38.70247,-4.29915,NA,NA,NA,NA,NA,NA,NA,NA,NA,NA,NA,NA,NA,NA,NA,NA,NA,NA,NA,NA,NA,NA,NA,NA,NA,NA,NA,NA,High,High,High,High,High,NA,NA,NA,320.507246,-43.959478,1353.988499,0.719831,04:45:00,0.663713,-0.481952,0.57202,73.120996,-12.539405,2.043721,0.754862,157.243191,-0.604827,14.697127,0.604827,-0.253709,-0.754862,51.29683,49.013281,0.253709,0.253709,-157.243191,-49.013281,0.754862,-14.697127,-51.29683,-0.754862,-0.253709,0.604827,-0.604827,NA,NA,NA,NA,NA,NA,NA,NA,NA,NA,NA,NA
NA,NA,NA,NA,NA,NA,NA,NA,NA,NA,NA,NA,NA,NA,NA,NA,44,2026-02-11,16:43:13,12,1,"Butler, Cameron",10110399,Left,CAR_EAG,"Hubbard, Ian",10071315,Left,CAR_EAG,Undefined,1,Top,2,0,0,ChangeUp,Changeup,StrikeSwinging,Undefined,Undefined,Undefined,0,0,NA,79.40413,-0.187471,2.832242,1377.060944,83.620104,08:45:00,5.22873,-2.19257,6.53198,-43.88703,-0.62575,-17.68304,1.39929,-1.06589,73.02872,-8.347531,-0.3828,0.473392,NA,NA,NA,NA,NA,NA,NA,NA,NA,NA,NA,10.05646,0.15992,2.0027,50,5.19732,-5.09939,-115.41706,-1.64016,13.54561,21.76999,-31.95865,CAR_EAG,CAR_EAG,CarsonNewman,TeamExclusive,Team,20260211-CarsonNewman-Private-1,abde5390-0792-11f1-8430-5bbec0bc33d6,79.62202,NA,NA,6.37541,NA,NA,NA,NA,NA,NA,813d84c6-9e85-4980-b2d1-c32038cb1203,2026-02-11,21:43:13,2026-02-11T21:43:13Z,2026-02-11T21:43:13Z,NA,v3,CNE,CNE,NA,NA,NA,Undefined,CAR_EAG,ea22554f-e7b3-4448-bf87-7d03e35441e4,53.97116,-116.16369,10.88499,5.23477,-0.5441,-15.97932,2.18556,-5.56396,6.77281,NA,NA,NA,NA,NA,NA,NA,NA,NA,NA,NA,NA,NA,NA,NA,NA,NA,NA,NA,NA,NA,NA,NA,NA,NA,NA,NA,NA,NA,NA,NA,NA,NA,NA,NA,NA,NA,NA,NA,NA,NA,NA,NA,NA,NA,NA,NA,NA,NA,NA,High,High,High,NA,NA,NA,NA,NA,105.243395,-17.32023,1314.619138,0.954656,09:30:00,0.306739,0.922038,-0.23613,-46.240718,27.115119,74.934053,-0.971025,120.090544,-0.119815,-11.93317,0.119815,-0.206771,0.971025,82.965809,-76.173859,0.206771,-0.206771,-120.090544,76.173859,0.971025,11.93317,-82.965809,-0.971025,0.206771,0.119815,-0.119815,NA,NA,NA,NA,NA,NA,NA,NA,NA,NA,NA,NA
NA,NA,NA,NA,NA,NA,NA,NA,NA,NA,NA,NA,NA,NA,NA,NA,45,2026-02-11,16:43:26,12,2,"Butler, Cameron",10110399,Left,CAR_EAG,"Hubbard, Ian",10071315,Left,CAR_EAG,Undefined,1,Top,2,0,1,Slider,Changeup,BallCalled,Undefined,Undefined,Undefined,0,0,NA,79.29577,-1.67026,5.287885,1423.70431,91.635778,09:00:00,5.23306,-2.29779,6.32507,-42.09782,2.00768,-19.65411,0.17966,0.94817,72.80449,-9.454422,1.742229,0.477989,NA,NA,NA,NA,NA,NA,NA,NA,NA,NA,NA,11.86634,1.8915,1.92004,50,5.09034,-9.95479,-114.82137,-4.58301,15.78487,21.9726,-29.65795,CAR_EAG,CAR_EAG,CarsonNewman,TeamExclusive,Team,20260211-CarsonNewman-Private-1,b32c4a80-0792-11f1-8430-5bbec0bc33d6,78.85632,NA,NA,6.49128,NA,NA,NA,NA,NA,NA,813d84c6-9e85-4980-b2d1-c32038cb1203,2026-02-11,21:43:26,2026-02-11T21:43:26Z,2026-02-11T21:43:26Z,NA,v3,CNE,CNE,NA,NA,NA,Undefined,CAR_EAG,74088456-c90f-4fe1-826e-f756b5114512,54.17903,-115.61831,10.9863,5.23706,-3.50731,-14.82898,2.29148,-10.52731,7.89243,NA,NA,NA,NA,NA,NA,NA,NA,NA,NA,NA,NA,NA,NA,NA,NA,NA,NA,NA,NA,NA,NA,NA,NA,NA,NA,NA,NA,NA,NA,NA,NA,NA,NA,NA,NA,NA,NA,NA,NA,NA,NA,NA,NA,NA,NA,NA,NA,NA,NA,High,High,High,NA,NA,NA,NA,NA,103.762114,-11.885921,1393.179554,0.97856,09:30:00,0.198868,0.956066,-0.21538,-81.279363,34.731678,76.039667,-0.924704,104.407877,-0.094724,-21.636306,0.094724,-0.368714,0.924704,84.151212,-67.623779,0.368714,-0.368714,-104.407877,67.623779,0.924704,21.636306,-84.151212,-0.924704,0.368714,0.094724,-0.094724,NA,NA,NA,NA,NA,NA,NA,NA,NA,NA,NA,NA
NA,NA,NA,NA,NA,NA,NA,NA,NA,NA,NA,NA,NA,NA,NA,NA,46,2026-02-11,16:43:46,12,3,"Butler, Cameron",10110399,Left,CAR_EAG,"Hubbard, Ian",10071315,Left,CAR_EAG,Undefined,1,Top,2,1,1,Fastball,Changeup,FoulBallNotFieldable,Undefined,Undefined,Undefined,0,0,NA,82.99326,-0.394865,2.636396,1809.875021,130.009387,10:15:00,5.23575,-2.14744,6.25403,-30.8008,9.27319,-9.52473,2.30448,-0.50817,75.93288,-6.159468,0.916488,0.45562,NA,NA,NA,NA,NA,NA,NA,NA,NA,NA,NA,5.68477,5.3152,1.95601,50,5.1913,-5.19242,-120.52159,-1.74417,8.34803,23.77514,-24.36875,CAR_EAG,CAR_EAG,CarsonNewman,TeamExclusive,Team,20260211-CarsonNewman-Private-1,bf135190-0792-11f1-8430-5bbec0bc33d6,82.72779,NA,NA,7.06038,NA,NA,NA,NA,NA,NA,813d84c6-9e85-4980-b2d1-c32038cb1203,2026-02-11,21:43:46,2026-02-11T21:43:46Z,2026-02-11T21:43:46Z,NA,v3,CNE,CNE,NA,NA,NA,Undefined,CAR_EAG,f0a3875a-307b-49a8-b327-83993327a9f4,54.24649,-121.3564,11.88757,5.23752,-0.88852,-12.18437,2.14347,-5.48554,4.17401,NA,NA,NA,NA,NA,NA,NA,NA,NA,NA,NA,NA,NA,NA,NA,NA,NA,NA,NA,NA,NA,NA,NA,NA,NA,NA,NA,NA,NA,NA,NA,NA,NA,NA,NA,NA,NA,NA,NA,NA,NA,NA,NA,NA,NA,NA,NA,NA,NA,NA,High,High,High,NA,NA,NA,NA,NA,122.625843,-42.183177,1341.120644,0.741002,10:00:00,0.684857,0.628692,-0.3684,-88.895869,9.407301,-28.388274,0.359876,159.234762,-0.872393,19.316469,0.872393,-0.330786,-0.359876,22.416894,21.092557,0.330786,0.330786,-159.234762,-21.092557,0.359876,-19.316469,-22.416894,-0.359876,-0.330786,0.872393,-0.872393,NA,NA,NA,NA,NA,NA,NA,NA,NA,NA,NA,NA
NA,NA,NA,NA,NA,NA,NA,NA,NA,NA,NA,NA,NA,NA,NA,NA,47,2026-02-11,16:44:03,12,4,"Butler, Cameron",10110399,Left,CAR_EAG,"Hubbard, Ian",10071315,Left,CAR_EAG,Undefined,1,Top,2,1,2,Slider,Changeup,InPlay,Undefined,FlyBall,Out,1,0,NA,78.78872,0.866885,4.496433,1401.148486,88.980947,09:00:00,5.17267,-2.04087,6.52839,-42.98648,1.08626,-16.84788,2.38827,0.68871,72.22768,-7.143596,1.445856,0.477811,65.82059,40.009613,23.950816,NA,95.59941,56.04169,54.41276,206.00405,179.3936,33.6402,3.855486,10.13528,0.70953,1.73484,50,5.2146,-8.42315,-114.30733,0.53036,13.40377,21.15884,-31.23571,CAR_EAG,CAR_EAG,CarsonNewman,TeamExclusive,Team,20260211-CarsonNewman-Private-1,c9366180-0792-11f1-8430-5bbec0bc33d6,78.8856,56.04044,NA,6.56103,NA,NA,NA,0.76342,2.45501,-0.6334,813d84c6-9e85-4980-b2d1-c32038cb1203,2026-02-11,21:44:03,2026-02-11T21:44:03Z,2026-02-11T21:44:03Z,Popup,v3,CNE,CNE,NA,NA,NA,Undefined,CAR_EAG,519c8c44-e25b-425d-ba21-9cd71497502e,53.97521,-115.0408,10.57942,5.17745,1.61316,-15.61785,2.03488,-8.88779,6.70188,222.491096,0.76443,67.55045,-12.09263,2.85965,-0.54974,0.12742,-0.05253,0.01363,-0.00125,2.4561,62.02948,-19.73495,0.86599,0.44135,-0.38464,0.13929,-0.02367,0.00153,-0.63252,29.98911,1.46383,-1.32974,0.72072,-0.3207,0.09639,-0.01573,0.00103,NA,NA,NA,NA,NA,NA,NA,NA,NA,NA,NA,NA,NA,NA,NA,NA,NA,NA,NA,NA,NA,NA,High,High,High,High,High,NA,NA,NA,104.832408,-19.074374,1324.218667,0.945095,09:30:00,0.358499,0.908555,-0.214492,-44.015667,26.140936,79.17762,-0.955949,97.741557,-0.03954,-16.90921,0.03954,-0.290856,0.955949,87.631474,-72.930511,0.290856,-0.290856,-97.741557,72.930511,0.955949,16.90921,-87.631474,-0.955949,0.290856,0.03954,-0.03954,NA,NA,NA,NA,NA,NA,NA,NA,NA,NA,NA,NA
NA,NA,NA,NA,NA,NA,NA,NA,NA,NA,NA,NA,NA,NA,NA,NA,48,2026-02-11,16:44:26,13,1,"Butler, Cameron",10110399,Left,CAR_EAG,"Hubbard, Ian",10071315,Left,CAR_EAG,Undefined,1,Top,0,0,0,Fastball,Changeup,BallCalled,Undefined,Undefined,Undefined,0,0,NA,82.98784,0.847103,0.660103,1647.540704,139.999123,10:45:00,5.32677,-2.22089,6.02154,-33.03722,7.71205,-5.29548,3.35841,-2.05073,75.16653,-5.331753,-0.292815,0.459443,NA,NA,NA,NA,NA,NA,NA,NA,NA,NA,NA,2.9028,4.14319,2.17191,50,5.37546,-1.17598,-120.43745,0.74683,4.21794,25.72926,-26.15371,CAR_EAG,CAR_EAG,CarsonNewman,TeamExclusive,Team,20260211-CarsonNewman-Private-1,d71cbb00-0792-11f1-8430-5bbec0bc33d6,82.03947,NA,NA,7.82131,NA,NA,NA,NA,NA,NA,813d84c6-9e85-4980-b2d1-c32038cb1203,2026-02-11,21:44:26,2026-02-11T21:44:26Z,2026-02-11T21:44:26Z,NA,v3,CNE,CNE,NA,NA,NA,Undefined,CAR_EAG,ed1e329c-ec94-415f-9f13-3aa31efe91a8,54.47611,-121.38993,12.86463,5.3299,1.71502,-13.07686,2.21833,-1.33213,2.10897,NA,NA,NA,NA,NA,NA,NA,NA,NA,NA,NA,NA,NA,NA,NA,NA,NA,NA,NA,NA,NA,NA,NA,NA,NA,NA,NA,NA,NA,NA,NA,NA,NA,NA,NA,NA,NA,NA,NA,NA,NA,NA,NA,NA,NA,NA,NA,NA,NA,NA,High,High,High,NA,NA,NA,NA,NA,120.035271,-41.173606,1240.133975,0.752718,10:00:00,0.672201,0.641837,-0.369041,-108.907962,2.540257,-24.904245,0.354961,176.680972,-0.933313,3.102677,0.933313,-0.054125,-0.354961,20.823019,20.79108,0.054125,0.054125,-176.680972,-20.79108,0.354961,-3.102677,-20.823019,-0.354961,-0.054125,0.933313,-0.933313,NA,NA,NA,NA,NA,NA,NA,NA,NA,NA,NA,NA
NA,NA,NA,NA,NA,NA,NA,NA,NA,NA,NA,NA,NA,NA,NA,NA,49,2026-02-11,16:44:41,13,2,"Butler, Cameron",10110399,Left,CAR_EAG,"Hubbard, Ian",10071315,Left,CAR_EAG,Undefined,1,Top,0,1,0,ChangeUp,Changeup,BallCalled,Undefined,Undefined,Undefined,0,0,NA,78.46402,1.075402,2.189854,1369.366679,76.253913,08:30:00,5.28757,-2.07364,6.19065,-47.49991,-2.26504,-15.48276,2.32301,-1.34098,71.4789,-7.729917,-0.606619,0.48407,NA,NA,NA,NA,NA,NA,NA,NA,NA,NA,NA,8.61205,-0.96858,1.91571,50,5.34547,-3.78507,-113.91927,0.68606,11.21002,22.77895,-33.4348,CAR_EAG,CAR_EAG,CarsonNewman,TeamExclusive,Team,20260211-CarsonNewman-Private-1,e0021ad0-0792-11f1-8430-5bbec0bc33d6,77.86569,NA,NA,6.98512,NA,NA,NA,NA,NA,NA,813d84c6-9e85-4980-b2d1-c32038cb1203,2026-02-11,21:44:41,2026-02-11T21:44:41Z,2026-02-11T21:44:41Z,NA,v3,CNE,CNE,NA,NA,NA,Undefined,CAR_EAG,a14f14de-1e3a-44ba-a1ff-da5d591f7afd,54.31047,-114.77794,11.38948,5.29585,1.94641,-16.7174,2.06636,-4.20764,5.60501,NA,NA,NA,NA,NA,NA,NA,NA,NA,NA,NA,NA,NA,NA,NA,NA,NA,NA,NA,NA,NA,NA,NA,NA,NA,NA,NA,NA,NA,NA,NA,NA,NA,NA,NA,NA,NA,NA,NA,NA,NA,NA,NA,NA,NA,NA,NA,NA,NA,NA,High,High,High,NA,NA,NA,NA,NA,100.021166,-20.789546,1280.207839,0.93489,09:15:00,0.378097,0.913804,-0.148343,-58.180466,20.858338,86.057171,-0.331708,100.036137,-0.164403,-68.271213,0.164403,-0.928947,0.331708,63.635834,-19.372447,0.928947,-0.928947,-100.036137,19.372447,0.331708,68.271213,-63.635834,-0.331708,0.928947,0.164403,-0.164403,NA,NA,NA,NA,NA,NA,NA,NA,NA,NA,NA,NA
NA,NA,NA,NA,NA,NA,NA,NA,NA,NA,NA,NA,NA,NA,NA,NA,50,2026-02-11,16:44:53,13,3,"Butler, Cameron",10110399,Left,CAR_EAG,"Hubbard, Ian",10071315,Left,CAR_EAG,Undefined,1,Top,0,2,0,ChangeUp,Changeup,BallCalled,Undefined,Undefined,Undefined,0,0,NA,78.16918,1.685884,1.55369,1461.600774,67.255009,08:15:00,5.24823,-2.30742,6.35067,-51.49373,-5.44941,-17.23714,2.50998,-2.31331,70.0964,-7.918636,-1.570791,0.488382,NA,NA,NA,NA,NA,NA,NA,NA,NA,NA,NA,9.39268,-2.77288,2.20151,50,5.34822,-2.43421,-113.35734,1.77677,11.89078,25.94768,-35.6844,CAR_EAG,CAR_EAG,CarsonNewman,TeamExclusive,Team,20260211-CarsonNewman-Private-1,e7482280-0792-11f1-8430-5bbec0bc33d6,77.17824,NA,NA,8.07278,NA,NA,NA,NA,NA,NA,813d84c6-9e85-4980-b2d1-c32038cb1203,2026-02-11,21:44:53,2026-02-11T21:44:53Z,2026-02-11T21:44:53Z,NA,v3,CNE,CNE,NA,NA,NA,Undefined,CAR_EAG,718ba5ac-0a6f-4dc8-aa96-adf41676d1dd,54.14823,-114.30293,12.97384,5.25977,3.07719,-17.8422,2.29812,-2.86754,5.94539,NA,NA,NA,NA,NA,NA,NA,NA,NA,NA,NA,NA,NA,NA,NA,NA,NA,NA,NA,NA,NA,NA,NA,NA,NA,NA,NA,NA,NA,NA,NA,NA,NA,NA,NA,NA,NA,NA,NA,NA,NA,NA,NA,NA,NA,NA,NA,NA,NA,NA,High,High,High,NA,NA,NA,NA,NA,101.655765,-13.254087,1422.667977,0.973363,09:30:00,0.262454,0.946134,-0.189603,42.368238,-20.137949,-86.143797,-0.335197,97.03281,-0.115354,-69.237756,0.115354,-0.935059,0.335197,71.009659,-19.584527,0.935059,-0.935059,-97.03281,19.584527,0.335197,69.237756,-71.009659,-0.335197,0.935059,0.115354,-0.115354,NA,NA,NA,NA,NA,NA,NA,NA,NA,NA,NA,NA
NA,NA,NA,NA,NA,NA,NA,NA,NA,NA,NA,NA,NA,NA,NA,NA,51,2026-02-11,16:45:10,13,4,"Butler, Cameron",10110399,Left,CAR_EAG,"Hubbard, Ian",10071315,Left,CAR_EAG,Undefined,1,Top,0,3,0,Fastball,Changeup,BallCalled,Walk,Undefined,Undefined,0,0,NA,82.9063,0.463485,1.652409,1692.185541,151.751308,11:00:00,5.36801,-2.19762,6.13903,-31.69175,9.16504,-4.13563,3.15557,-1.01467,74.77105,-5.494849,0.906902,0.460048,NA,NA,NA,NA,NA,NA,NA,NA,NA,NA,NA,2.64847,5.0337,2.07353,50,5.38735,-3.30509,-120.2452,0.01606,3.81745,26.69365,-24.91856,CAR_EAG,CAR_EAG,CarsonNewman,TeamExclusive,Team,20260211-CarsonNewman-Private-1,f14078f0-0792-11f1-8430-5bbec0bc33d6,81.93145,NA,NA,8.13525,NA,NA,NA,NA,NA,NA,813d84c6-9e85-4980-b2d1-c32038cb1203,2026-02-11,21:45:10,2026-02-11T21:45:10Z,2026-02-11T21:45:10Z,NA,v3,CNE,CNE,NA,NA,NA,Undefined,CAR_EAG,531e8a57-8fe5-4e09-b691-a8c6d6ac0532,54.3576,-121.2087,13.34683,5.37053,0.91549,-12.45928,2.19531,-3.44288,1.90873,NA,NA,NA,NA,NA,NA,NA,NA,NA,NA,NA,NA,NA,NA,NA,NA,NA,NA,NA,NA,NA,NA,NA,NA,NA,NA,NA,NA,NA,NA,NA,NA,NA,NA,NA,NA,NA,NA,NA,NA,NA,NA,NA,NA,NA,NA,NA,NA,NA,NA,High,High,High,NA,NA,NA,NA,NA,125.025811,-46.505237,1164.711452,0.688288,10:15:00,0.741061,0.557748,-0.373826,-99.90899,2.201793,-29.692315,0.381504,167.032746,-0.900794,11.971351,0.900794,-0.207423,-0.381504,22.953608,22.426878,0.207423,0.207423,-167.032746,-22.426878,0.381504,-11.971351,-22.953608,-0.381504,-0.207423,0.900794,-0.900794,NA,NA,NA,NA,NA,NA,NA,NA,NA,NA,NA,NA
NA,NA,NA,NA,NA,NA,NA,NA,NA,NA,NA,NA,NA,NA,NA,NA,52,2026-02-11,16:45:24,14,1,"Butler, Cameron",10110399,Left,CAR_EAG,"Hubbard, Ian",10071315,Left,CAR_EAG,Undefined,1,Top,0,0,0,ChangeUp,Changeup,BallCalled,Undefined,Undefined,Undefined,0,0,NA,79.03666,2.180283,2.099569,1407.145813,60.043556,08:00:00,5.25808,-2.21665,6.79792,-50.36581,-6.60827,-14.10107,3.05319,-1.47459,71.6199,-7.260467,-0.47564,0.4761,NA,NA,NA,NA,NA,NA,NA,NA,NA,NA,NA,8.04721,-3.61481,2.08457,50,5.38249,-3.71885,-114.78723,2.94421,10.58071,24.12843,-36.92692,CAR_EAG,CAR_EAG,CarsonNewman,TeamExclusive,Team,20260211-CarsonNewman-Private-1,f9d15020-0792-11f1-8430-5bbec0bc33d6,79.1692,NA,NA,7.41676,NA,NA,NA,NA,NA,NA,813d84c6-9e85-4980-b2d1-c32038cb1203,2026-02-11,21:45:24,2026-02-11T21:45:24Z,2026-02-11T21:45:24Z,NA,v3,CNE,CNE,NA,NA,NA,Undefined,CAR_EAG,43d26033-f296-432b-9935-cd4a374672f8,53.7034,-115.56307,12.06421,5.26873,4.13157,-18.46346,2.20962,-4.05906,5.29035,NA,NA,NA,NA,NA,NA,NA,NA,NA,NA,NA,NA,NA,NA,NA,NA,NA,NA,NA,NA,NA,NA,NA,NA,NA,NA,NA,NA,NA,NA,NA,NA,NA,NA,NA,NA,NA,NA,NA,NA,NA,NA,NA,NA,NA,NA,NA,NA,NA,NA,High,High,High,NA,NA,NA,NA,NA,98.903969,-22.755446,1297.619503,0.922164,09:15:00,0.426125,0.895676,-0.127205,-24.75655,7.365763,85.967714,-0.325298,99.661389,-0.158697,-68.780375,0.158697,-0.9322,0.325298,63.994433,-18.983606,0.9322,-0.9322,-99.661389,18.983606,0.325298,68.780375,-63.994433,-0.325298,0.9322,0.158697,-0.158697,NA,NA,NA,NA,NA,NA,NA,NA,NA,NA,NA,NA
NA,NA,NA,NA,NA,NA,NA,NA,NA,NA,NA,NA,NA,NA,NA,NA,53,2026-02-11,16:45:43,14,2,"Butler, Cameron",10110399,Left,CAR_EAG,"Hubbard, Ian",10071315,Left,CAR_EAG,Undefined,1,Top,0,1,0,ChangeUp,Changeup,InPlay,Undefined,GroundBall,Single,0,0,NA,78.75501,0.863785,3.579825,1318.542651,71.551136,08:30:00,5.16819,-2.1858,6.31406,-48.90829,-3.87803,-16.42899,1.8898,-0.25302,71.36463,-8.219642,0.609596,0.482974,64.75422,-41.887017,-0.213546,NA,NA,NA,NA,3.62833,1.78358,2.929953,0.029393,9.73634,-1.86894,1.93104,50,5.20847,-6.56493,-114.20677,0.26983,12.65218,24.19431,-34.60271,CAR_EAG,CAR_EAG,CarsonNewman,TeamExclusive,Team,20260211-CarsonNewman-Private-1,04daef80-0793-11f1-8430-5bbec0bc33d6,78.04239,1.8698,NA,7.39038,NA,NA,NA,1.53872,1.8698,0.19323,813d84c6-9e85-4980-b2d1-c32038cb1203,2026-02-11,21:45:43,2026-02-11T21:45:43Z,2026-02-11T21:45:43Z,GroundBall,v3,CNE,CNE,NA,NA,NA,Undefined,CAR_EAG,f1aa3049-a672-4391-925a-5a43a678a018,54.18843,-115.09065,12.09716,5.17553,1.53396,-17.30136,2.17932,-7.02715,6.32609,NA,1.53765,70.93067,NA,NA,NA,NA,NA,NA,NA,1.87076,-63.61389,NA,NA,NA,NA,NA,NA,NA,0.19323,-0.26437,NA,NA,NA,NA,NA,NA,NA,NA,NA,NA,NA,NA,NA,NA,NA,NA,NA,NA,NA,NA,NA,NA,NA,NA,NA,NA,NA,NA,NA,High,High,High,Low,Low,NA,NA,NA,97.701889,-22.935772,1214.30168,0.920942,09:15:00,0.410332,0.906656,-0.097994,-65.517533,25.385503,78.086256,-0.38754,93.6712,-0.059027,-66.920424,0.059027,-0.919961,0.38754,81.339734000000007,-22.801501,0.919961,-0.919961,-93.6712,22.801501,0.38754,66.920424,-81.339734000000007,-0.38754,0.919961,0.059027,-0.059027,NA,NA,NA,NA,NA,NA,NA,NA,NA,NA,NA,NA
NA,NA,NA,NA,NA,NA,NA,NA,NA,NA,NA,NA,NA,NA,NA,NA,54,2026-02-11,16:46:07,15,1,"Butler, Cameron",10110399,Left,CAR_EAG,"Hubbard, Ian",10071315,Left,CAR_EAG,Undefined,1,Top,0,0,0,Slider,Changeup,HitByPitch,Undefined,Undefined,Undefined,0,0,NA,78.82715,0.806603,6.462491,1300.735391,67.918933,08:15:00,5.14142,-2.27011,6.30912,-50.50715,-5.44319,-17.23922,1.68037,2.27216,71.73164,-8.52059,3.368281,0.483155,NA,NA,NA,NA,NA,NA,NA,NA,NA,NA,NA,10.9206,-2.60394,1.80225,50,5.17721,-12.28504,-113.88163,0.09148,14.20864,22.72204,-35.562,CAR_EAG,CAR_EAG,CarsonNewman,TeamExclusive,Team,20260211-CarsonNewman-Private-1,130e7ea0-0793-11f1-8430-5bbec0bc33d6,78.0132,NA,NA,7.09551,NA,NA,NA,NA,NA,NA,813d84c6-9e85-4980-b2d1-c32038cb1203,2026-02-11,21:46:07,2026-02-11T21:46:07Z,2026-02-11T21:46:07Z,NA,v3,CNE,CNE,NA,NA,NA,Undefined,CAR_EAG,f293d651-48c1-4c60-8c3c-86f251e757b5,54.1941,-114.7154,11.36102,5.14992,1.3964,-17.781,2.26261,-12.80641,7.10432,NA,NA,NA,NA,NA,NA,NA,NA,NA,NA,NA,NA,NA,NA,NA,NA,NA,NA,NA,NA,NA,NA,NA,NA,NA,NA,NA,NA,NA,NA,NA,NA,NA,NA,NA,NA,NA,NA,NA,NA,NA,NA,NA,NA,NA,NA,NA,NA,NA,NA,High,High,High,NA,NA,NA,NA,NA,99.765562,-20.800691,1215.955274,0.934821,09:15:00,0.38356,0.916185,-0.116129,-63.305597,24.311168,70.526711,-0.951534,106.221331,-0.085912,-17.175515,0.085912,-0.2953,0.951534,84.840889,-72.088768,0.2953,-0.2953,-106.221331,72.088768,0.951534,17.175515,-84.840889,-0.951534,0.2953,0.085912,-0.085912,NA,NA,NA,NA,NA,NA,NA,NA,NA,NA,NA,NA
NA,NA,NA,NA,NA,NA,NA,NA,NA,NA,NA,NA,NA,NA,NA,NA,55,2026-02-11,16:46:26,16,1,"Butler, Cameron",10110399,Left,CAR_EAG,"Hubbard, Ian",10071315,Left,CAR_EAG,Undefined,1,Top,0,0,0,Fastball,Changeup,StrikeCalled,Undefined,Undefined,Undefined,0,0,NA,83.17446,-0.696059,2.879159,1855.859095,125.995436,10:15:00,5.18324,-2.225,6.23176,-30.77376,9.0217,-10.73382,1.97575,-0.46097,76.41469,-6.439291,0.941911,0.454034,NA,NA,NA,NA,NA,NA,NA,NA,NA,NA,NA,6.33693,5.25008,2.01498,50,5.11595,-5.67145,-120.79839,-2.3915,9.38858,22.94179,-24.39571,CAR_EAG,CAR_EAG,CarsonNewman,TeamExclusive,Team,20260211-CarsonNewman-Private-1,1ec4ffd0-0793-11f1-8430-5bbec0bc33d6,83.01683,NA,NA,6.75977,NA,NA,NA,NA,NA,NA,813d84c6-9e85-4980-b2d1-c32038cb1203,2026-02-11,21:46:26,2026-02-11T21:46:26Z,2026-02-11T21:46:26Z,NA,v3,CNE,CNE,NA,NA,NA,Undefined,CAR_EAG,30a33138-dc1a-41ed-b651-2e078250ce46,54.26922,-121.60649,11.4709,5.18505,-1.53219,-12.19785,2.22058,-6.00215,4.69429,NA,NA,NA,NA,NA,NA,NA,NA,NA,NA,NA,NA,NA,NA,NA,NA,NA,NA,NA,NA,NA,NA,NA,NA,NA,NA,NA,NA,NA,NA,NA,NA,NA,NA,NA,NA,NA,NA,NA,NA,NA,NA,NA,NA,NA,NA,NA,NA,NA,NA,High,High,High,NA,NA,NA,NA,NA,118.958753,-37.455245,1473.234049,0.793829,10:00:00,0.618208,0.701912,-0.35375,-94.766764,15.087588,-20.853513,0.408844,168.475173,-0.894204,10.505592,0.894204,-0.182331,-0.408844,24.570622,24.132255,0.182331,0.182331,-168.475173,-24.132255,0.408844,-10.505592,-24.570622,-0.408844,-0.182331,0.894204,-0.894204,NA,NA,NA,NA,NA,NA,NA,NA,NA,NA,NA,NA
NA,NA,NA,NA,NA,NA,NA,NA,NA,NA,NA,NA,NA,NA,NA,NA,56,2026-02-11,16:46:39,16,2,"Butler, Cameron",10110399,Left,CAR_EAG,"Hubbard, Ian",10071315,Left,CAR_EAG,Undefined,1,Top,0,0,1,ChangeUp,Changeup,BallCalled,Undefined,Undefined,Undefined,0,0,NA,79.52397,-0.517432,2.77293,1496.346484,97.012655,09:15:00,5.09913,-2.13237,6.34651,-40.0914,3.4661,-16.74863,1.28127,-0.97338,72.89369,-7.974232,-0.260507,0.47501,NA,NA,NA,NA,NA,NA,NA,NA,NA,NA,NA,9.47524,2.41669,1.93796,50,5.04305,-4.9915,-115.50012,-2.21916,12.75468,22.21656,-28.92093,CAR_EAG,CAR_EAG,CarsonNewman,TeamExclusive,Team,20260211-CarsonNewman-Private-1,26a46150-0793-11f1-8430-5bbec0bc33d6,79.35078,NA,NA,6.63027,NA,NA,NA,NA,NA,NA,813d84c6-9e85-4980-b2d1-c32038cb1203,2026-02-11,21:46:39,2026-02-11T21:46:39Z,2026-02-11T21:46:39Z,NA,v3,CNE,CNE,NA,NA,NA,Undefined,CAR_EAG,f147d56e-976e-4d35-bb42-453fa95651c9,54.15483,-116.29656,11.10828,5.10402,-1.18237,-14.46046,2.12509,-5.44874,6.37734,NA,NA,NA,NA,NA,NA,NA,NA,NA,NA,NA,NA,NA,NA,NA,NA,NA,NA,NA,NA,NA,NA,NA,NA,NA,NA,NA,NA,NA,NA,NA,NA,NA,NA,NA,NA,NA,NA,NA,NA,NA,NA,NA,NA,NA,NA,NA,NA,NA,NA,High,High,High,NA,NA,NA,NA,NA,105.369204,-17.186089,1429.53481,0.95535,09:30:00,0.299058,0.923816,-0.239016,-46.582629,23.77039,83.069413,-0.247517,91.237328,-0.020922,-75.617194,0.020922,-0.968658,0.247517,85.168442,-14.330603,0.968658,-0.968658,-91.237328,14.330603,0.247517,75.617194,-85.168442,-0.247517,0.968658,0.020922,-0.020922,NA,NA,NA,NA,NA,NA,NA,NA,NA,NA,NA,NA
NA,NA,NA,NA,NA,NA,NA,NA,NA,NA,NA,NA,NA,NA,NA,NA,57,2026-02-11,16:46:56,16,3,"Butler, Cameron",10110399,Left,CAR_EAG,"Hubbard, Ian",10071315,Left,CAR_EAG,Undefined,1,Top,0,1,1,Fastball,Changeup,BallCalled,Undefined,Undefined,Undefined,0,0,NA,84.03779,0.484671,5.445179,1792.783794,128.585016,10:15:00,5.28268,-2.37484,6.601,-28.32293,10.25764,-11.39316,3.36849,1.67937,77.0884,-4.846247,3.387738,0.44705,NA,NA,NA,NA,NA,NA,NA,NA,NA,NA,NA,7.37339,5.63737,2.00634,50,5.30411,-11.18592,-121.73984,0.24901,11.12594,22.67791,-23.66764,CAR_EAG,CAR_EAG,CarsonNewman,TeamExclusive,Team,20260211-CarsonNewman-Private-1,304bb190-0793-11f1-8430-5bbec0bc33d6,84.31374,NA,NA,6.94939,NA,NA,NA,NA,NA,NA,813d84c6-9e85-4980-b2d1-c32038cb1203,2026-02-11,21:46:56,2026-02-11T21:46:56Z,2026-02-11T21:46:56Z,NA,v3,CNE,CNE,NA,NA,NA,Undefined,CAR_EAG,d360e164-0d08-441e-8e12-787f89650890,53.89939,-122.46407,11.33895,5.28409,1.00485,-11.83382,2.36924,-11.54123,5.56297,NA,NA,NA,NA,NA,NA,NA,NA,NA,NA,NA,NA,NA,NA,NA,NA,NA,NA,NA,NA,NA,NA,NA,NA,NA,NA,NA,NA,NA,NA,NA,NA,NA,NA,NA,NA,NA,NA,NA,NA,NA,NA,NA,NA,NA,NA,NA,NA,NA,NA,High,High,High,NA,NA,NA,NA,NA,125.153046,-38.871535,1395.780835,0.778555,10:15:00,0.67262,0.631228,-0.386178,-93.383319,24.232197,-33.885885,0.34639,166.80122,-0.91331,12.368268,0.91331,-0.214194,-0.34639,20.770158,20.266649,0.214194,0.214194,-166.80122,-20.266649,0.34639,-12.368268,-20.770158,-0.34639,-0.214194,0.91331,-0.91331,NA,NA,NA,NA,NA,NA,NA,NA,NA,NA,NA,NA
NA,NA,NA,NA,NA,NA,NA,NA,NA,NA,NA,NA,NA,NA,NA,NA,58,2026-02-11,16:47:18,16,4,"Butler, Cameron",10110399,Left,CAR_EAG,"Hubbard, Ian",10071315,Left,CAR_EAG,Undefined,1,Top,0,2,1,Fastball,Changeup,BallCalled,Undefined,Undefined,Undefined,0,0,NA,84.15762,1.141771,1.735075,1907.951205,131.67224,10:30:00,5.24949,-2.12442,6.4762,-31.41447,6.77607,-6.41063,3.68075,-1.06479,77.68046,-4.737783,0.572404,0.444784,NA,NA,NA,NA,NA,NA,NA,NA,NA,NA,NA,3.7704,3.62067,2.00478,50,5.31608,-3.47112,-122.42237,1.5142,5.78005,21.87074,-26.6235,CAR_EAG,CAR_EAG,CarsonNewman,TeamExclusive,Team,20260211-CarsonNewman-Private-1,3d660880-0793-11f1-8430-5bbec0bc33d6,84.74321,NA,NA,6.47716,NA,NA,NA,NA,NA,NA,813d84c6-9e85-4980-b2d1-c32038cb1203,2026-02-11,21:47:18,2026-02-11T21:47:18Z,2026-02-11T21:47:18Z,NA,v3,CNE,CNE,NA,NA,NA,Undefined,CAR_EAG,e6a614f9-96f5-4d13-9a66-a6068bc7b34d,54.02497,-123.13932,10.93537,5.25214,2.38696,-13.31175,2.12168,-3.6606,2.89003,NA,NA,NA,NA,NA,NA,NA,NA,NA,NA,NA,NA,NA,NA,NA,NA,NA,NA,NA,NA,NA,NA,NA,NA,NA,NA,NA,NA,NA,NA,NA,NA,NA,NA,NA,NA,NA,NA,NA,NA,NA,NA,NA,NA,NA,NA,NA,NA,NA,NA,High,High,High,NA,NA,NA,NA,NA,120.665537,-47.649288,1285.323564,0.673667,10:00:00,0.760494,0.564619,-0.320708,-85.117817,29.026613,-37.397169,0.384057,165.569139,-0.894178,13.30292,0.894178,-0.230099,-0.384057,23.243946,22.585227,0.230099,0.230099,-165.569139,-22.585227,0.384057,-13.30292,-23.243946,-0.384057,-0.230099,0.894178,-0.894178,NA,NA,NA,NA,NA,NA,NA,NA,NA,NA,NA,NA
NA,NA,NA,NA,NA,NA,NA,NA,NA,NA,NA,NA,NA,NA,NA,NA,59,2026-02-11,16:47:40,16,5,"Butler, Cameron",10110399,Left,CAR_EAG,"Hubbard, Ian",10071315,Left,CAR_EAG,Undefined,1,Top,0,3,1,ChangeUp,Changeup,BallCalled,Walk,Undefined,Undefined,0,0,NA,79.56208,0.267903,2.619549,1527.9878,95.966478,09:15:00,5.11601,-2.34324,6.3855,-39.91368,3.56855,-20.59867,2.03658,-1.64838,72.73025,-7.178403,-1.113105,0.474599,NA,NA,NA,NA,NA,NA,NA,NA,NA,NA,NA,11.4004,2.2689,2.1629,50,5.11748,-4.53783,-115.57489,-0.6248,15.34742,22.48795,-29.11959,CAR_EAG,CAR_EAG,CarsonNewman,TeamExclusive,Team,20260211-CarsonNewman-Private-1,4b093e80-0793-11f1-8430-5bbec0bc33d6,79.41949,NA,NA,6.83183,NA,NA,NA,NA,NA,NA,813d84c6-9e85-4980-b2d1-c32038cb1203,2026-02-11,21:47:40,2026-02-11T21:47:40Z,2026-02-11T21:47:40Z,NA,v3,CNE,CNE,NA,NA,NA,Undefined,CAR_EAG,af61e971-8f43-4ab1-bfc2-91a25788cc56,54.11577,-116.37296,11.24398,5.12132,0.40862,-14.5598,2.33361,-5.08249,7.67371,NA,NA,NA,NA,NA,NA,NA,NA,NA,NA,NA,NA,NA,NA,NA,NA,NA,NA,NA,NA,NA,NA,NA,NA,NA,NA,NA,NA,NA,NA,NA,NA,NA,NA,NA,NA,NA,NA,NA,NA,NA,NA,NA,NA,NA,NA,NA,NA,NA,NA,High,High,High,NA,NA,NA,NA,NA,105.014725,-15.581961,1471.829946,0.963247,09:30:00,0.284084,0.929095,-0.23681,-33.296931,27.144434,83.172306,-0.959115,109.402388,-0.094018,-15.482481,0.094018,-0.266944,0.959115,84.401409,-73.559674,0.266944,-0.266944,-109.402388,73.559674,0.959115,15.482481,-84.401409,-0.959115,0.266944,0.094018,-0.094018,NA,NA,NA,NA,NA,NA,NA,NA,NA,NA,NA,NA
NA,NA,NA,NA,NA,NA,NA,NA,NA,NA,NA,NA,NA,NA,NA,NA,60,2026-02-11,16:47:56,17,1,"Butler, Cameron",10110399,Left,CAR_EAG,"Hubbard, Ian",10071315,Left,CAR_EAG,Undefined,1,Top,0,0,0,Fastball,Changeup,BallCalled,Undefined,Undefined,Undefined,0,0,NA,84.18441,-0.704555,2.872421,1900.045505,126.273548,10:15:00,5.23708,-2.27227,6.44472,-28.82986,9.62965,-11.53934,2.18635,-0.59228,77.43701,-6.111446,0.781478,0.446348,NA,NA,NA,NA,NA,NA,NA,NA,NA,NA,NA,6.79473,5.58575,2.07319,50,5.17404,-5.71392,-122.33014,-2.33891,10.34028,23.16498,-23.67359,CAR_EAG,CAR_EAG,CarsonNewman,TeamExclusive,Team,20260211-CarsonNewman-Private-1,542e8d80-0793-11f1-8430-5bbec0bc33d6,84.44636,NA,NA,6.74741,NA,NA,NA,NA,NA,NA,813d84c6-9e85-4980-b2d1-c32038cb1203,2026-02-11,21:47:56,2026-02-11T21:47:56Z,2026-02-11T21:47:56Z,NA,v3,CNE,CNE,NA,NA,NA,Undefined,CAR_EAG,de030569-6fc0-4047-bca7-ca52395250a4,54.05677,-123.09595,11.58249,5.23842,-1.55628,-11.83679,2.26773,-6.05576,5.17014,NA,NA,NA,NA,NA,NA,NA,NA,NA,NA,NA,NA,NA,NA,NA,NA,NA,NA,NA,NA,NA,NA,NA,NA,NA,NA,NA,NA,NA,NA,NA,NA,NA,NA,NA,NA,NA,NA,NA,NA,NA,NA,NA,NA,NA,NA,NA,NA,NA,NA,High,High,High,NA,NA,NA,NA,NA,123.997299,-36.903463,1519.368289,0.799648,10:15:00,0.613933,0.670293,-0.416885,-92.442508,22.743038,-31.111443,0.32676,162.971772,-0.903674,16.067397,0.903674,-0.276768,-0.32676,19.879505,19.072239,0.276768,0.276768,-162.971772,-19.072239,0.32676,-16.067397,-19.879505,-0.32676,-0.276768,0.903674,-0.903674,NA,NA,NA,NA,NA,NA,NA,NA,NA,NA,NA,NA
NA,NA,NA,NA,NA,NA,NA,NA,NA,NA,NA,NA,NA,NA,NA,NA,61,2026-02-11,16:48:12,17,2,"Butler, Cameron",10110399,Left,CAR_EAG,"Hubbard, Ian",10071315,Left,CAR_EAG,Undefined,1,Top,0,1,0,Fastball,Changeup,BallCalled,Undefined,Undefined,Undefined,0,0,NA,82.82779,0.869114,2.810609,1989.369217,136.479152,10:30:00,5.29831,-2.13713,6.35605,-31.0425,8.93481,-7.31839,3.51241,-0.15799,75.85554,-4.953032,1.487903,0.45507,NA,NA,NA,NA,NA,NA,NA,NA,NA,NA,NA,4.56189,4.80477,1.93641,50,5.34691,-5.63287,-120.29276,0.92264,6.69636,22.94433,-25.12117,CAR_EAG,CAR_EAG,CarsonNewman,TeamExclusive,Team,20260211-CarsonNewman-Private-1,5dab4b50-0793-11f1-8430-5bbec0bc33d6,82.82782,NA,NA,6.97225,NA,NA,NA,NA,NA,NA,813d84c6-9e85-4980-b2d1-c32038cb1203,2026-02-11,21:48:12,2026-02-11T21:48:12Z,2026-02-11T21:48:12Z,NA,v3,CNE,CNE,NA,NA,NA,Undefined,CAR_EAG,6025525d-f88f-46cf-8ca6-6a1e650893bd,54.14407,-121.08061,11.47217,5.30042,1.78524,-12.56059,2.13378,-5.86281,3.34818,NA,NA,NA,NA,NA,NA,NA,NA,NA,NA,NA,NA,NA,NA,NA,NA,NA,NA,NA,NA,NA,NA,NA,NA,NA,NA,NA,NA,NA,NA,NA,NA,NA,NA,NA,NA,NA,NA,NA,NA,NA,NA,NA,NA,NA,NA,NA,NA,NA,NA,High,High,High,NA,NA,NA,NA,NA,124.427291,-48.941825,1306.66739,0.656825,10:15:00,0.779466,0.530278,-0.333523,-91.989735,18.85746,-37.703195,0.384611,168.139315,-0.903371,10.93661,0.903371,-0.189723,-0.384611,23.06194,22.619615,0.189723,0.189723,-168.139315,-22.619615,0.384611,-10.93661,-23.06194,-0.384611,-0.189723,0.903371,-0.903371,NA,NA,NA,NA,NA,NA,NA,NA,NA,NA,NA,NA
NA,NA,NA,NA,NA,NA,NA,NA,NA,NA,NA,NA,NA,NA,NA,NA,62,2026-02-11,16:48:27,17,3,"Butler, Cameron",10110399,Left,CAR_EAG,"Hubbard, Ian",10071315,Left,CAR_EAG,Undefined,1,Top,0,1,0,Slider,Curveball,InPlay,Undefined,LineDrive,Out,1,0,NA,75.30973,1.856362,1.844478,1783.433081,323.123011,04:45:00,5.27604,-2.16647,5.75818,-57.41436,-7.54532,6.88055,2.22102,0.12444,68.90325,-8.654034,3.076667,0.508261,86.71265,7.724721,-4.072505,4281.190555,109.63357,6.10388,-8.97108,155.2678,154.15366,-4.918664,1.38302,-2.97441,-4.02421,2.00911,50,5.39471,-3.76509,-109.30226,1.75252,-3.5671,20.82478,-37.00019,CAR_EAG,CAR_EAG,CarsonNewman,TeamExclusive,Team,20260211-CarsonNewman-Private-1,6695db40-0793-11f1-8430-5bbec0bc33d6,74.1596,7.45007,NA,6.40648,NA,NA,NA,1.57349,2.25001,-0.11488,813d84c6-9e85-4980-b2d1-c32038cb1203,2026-02-11,21:48:27,2026-02-11T21:48:27Z,2026-02-11T21:48:27Z,GroundBall,v3,CNE,CNE,NA,NA,NA,Undefined,CAR_EAG,382b04ab-62f6-416a-9bc3-11b03494a5b2,54.74562,-110.20271,10.41239,5.28435,3.35238,-18.50009,2.16858,-3.61085,-1.78355,154.394542,1.57349,125.70602,-12.98722,1.9728,-0.37549,0.06396,-0.0105,0.00175,-1.7e-4,2.25001,17.09452,-14.50538,0.79543,-0.09635,0.02335,-0.00272,2.8e-4,-4e-5,-0.11488,-8.95009,-0.74,0.32753,-0.09706,0.02145,-0.0043,6.9e-4,-6e-5,NA,NA,NA,NA,NA,NA,NA,NA,NA,NA,NA,NA,NA,NA,NA,NA,NA,NA,NA,NA,NA,NA,High,High,High,High,High,NA,NA,NA,323.216024,-51.595254,1107.891271,0.621213,04:45:00,0.754767,-0.397172,0.522092,81.508002,-8.271994,16.119712,0.683525,152.559389,-0.647802,19.655956,0.647802,-0.336371,-0.683525,46.537035,43.119736,0.336371,0.336371,-152.559389,-43.119736,0.683525,-19.655956,-46.537035,-0.683525,-0.336371,0.647802,-0.647802,NA,NA,NA,NA,NA,NA,NA,NA,NA,NA,NA,NA
NA,NA,NA,NA,NA,NA,NA,NA,NA,NA,NA,NA,NA,NA,NA,NA,63,2026-02-11,16:49:24,18,1,"Butler, Cameron",10110399,Left,CAR_EAG,"Hubbard, Ian",10071315,Left,CAR_EAG,Undefined,1,Top,0,0,0,Fastball,Changeup,BallCalled,Undefined,Undefined,Undefined,0,0,NA,82.27555,1.890881,1.319532,1747.974952,144.734403,10:45:00,5.41496,-2.36391,5.81287,-33.11293,8.76437,-5.17288,4.41498,-1.56774,74.29894,-4.293432,0.393159,0.465758,NA,NA,NA,NA,NA,NA,NA,NA,NA,NA,NA,3.01957,4.33225,2.25871,50,5.55069,-2.53553,-119.26551,2.88344,4.30103,25.31183,-26.00329,CAR_EAG,CAR_EAG,CarsonNewman,TeamExclusive,Team,20260211-CarsonNewman-Private-1,88779000-0793-11f1-8430-5bbec0bc33d6,80.92701,NA,NA,7.97662,NA,NA,NA,NA,NA,NA,813d84c6-9e85-4980-b2d1-c32038cb1203,2026-02-11,21:49:24,2026-02-11T21:49:24Z,2026-02-11T21:49:24Z,NA,v3,CNE,CNE,NA,NA,NA,Undefined,CAR_EAG,d66892d0-652f-4437-b9fa-3a9c25df43b1,54.68405,-120.2555,12.65592,5.41803,3.90047,-13.00164,2.36117,-2.70375,2.15051,NA,NA,NA,NA,NA,NA,NA,NA,NA,NA,NA,NA,NA,NA,NA,NA,NA,NA,NA,NA,NA,NA,NA,NA,NA,NA,NA,NA,NA,NA,NA,NA,NA,NA,NA,NA,NA,NA,NA,NA,NA,NA,NA,NA,NA,NA,NA,NA,NA,NA,High,High,High,NA,NA,NA,NA,NA,127.49178,-41.854585,1301.962832,0.744841,10:15:00,0.696637,0.568649,-0.437419,-113.065019,-17.782524,-21.357416,0.287225,167.916599,-0.936641,11.567051,0.936641,-0.200515,-0.287225,17.048378,16.691882,0.200515,0.200515,-167.916599,-16.691882,0.287225,-11.567051,-17.048378,-0.287225,-0.200515,0.936641,-0.936641,NA,NA,NA,NA,NA,NA,NA,NA,NA,NA,NA,NA
NA,NA,NA,NA,NA,NA,NA,NA,NA,NA,NA,NA,NA,NA,NA,NA,64,2026-02-11,16:49:40,18,2,"Butler, Cameron",10110399,Left,CAR_EAG,"Hubbard, Ian",10071315,Left,CAR_EAG,Undefined,1,Top,0,0,0,Fastball,Changeup,InPlay,Undefined,LineDrive,Single,0,0,NA,81.11063,0.133108,2.409128,1715.785547,126.186825,10:15:00,5.29449,-2.25659,6.5019,-36.15502,5.88815,-6.01922,2.40386,-0.54561,73.43938,-6.665257,1.316773,0.46668,87.55522,2.776919,-2.763862,6043.160331,NA,NA,NA,78.79638,69.03572,-2.530271,0.649754,3.93492,3.46634,2.09048,50,5.28826,-4.73981,-117.73431,-0.74637,5.44012,25.48516,-27.38177,CAR_EAG,CAR_EAG,CarsonNewman,TeamExclusive,Team,20260211-CarsonNewman-Private-1,9286a2c0-0793-11f1-8430-5bbec0bc33d6,80.7672,3.02482,NA,7.67124,NA,NA,NA,1.50395,2.41141,0.56699,813d84c6-9e85-4980-b2d1-c32038cb1203,2026-02-11,21:49:40,2026-02-11T21:49:40Z,2026-02-11T21:49:40Z,GroundBall,v3,CNE,CNE,NA,NA,NA,Undefined,CAR_EAG,a31a46f0-6a6a-4e6f-8214-fcbd7dfc6068,53.99792,-118.59656,12.74258,5.29784,0.18004,-13.69088,2.25395,-4.92387,2.72006,133.643605,1.53051,127.56226,-13.54823,NA,NA,NA,NA,NA,NA,2.42403,5.96079,-14.94404,NA,NA,NA,NA,NA,NA,0.56781,-6.202,-0.04127,NA,NA,NA,NA,NA,NA,NA,NA,NA,NA,NA,NA,NA,NA,NA,NA,NA,NA,NA,NA,NA,NA,NA,NA,NA,NA,NA,NA,High,High,High,High,Medium,NA,NA,NA,125.100998,-33.290618,1434.220422,0.835897,10:15:00,0.570191,0.682604,-0.457093,74.880091,-59.165163,-10.54203,0.384875,169.444457,-0.90735,9.73418,0.90735,-0.169077,-0.384875,22.985416,22.635965,0.169077,0.169077,-169.444457,-22.635965,0.384875,-9.73418,-22.985416,-0.384875,-0.169077,0.90735,-0.90735,NA,NA,NA,NA,NA,NA,NA,NA,NA,NA,NA,NA
NA,NA,NA,NA,NA,NA,NA,NA,NA,NA,NA,NA,NA,NA,NA,NA,65,2026-02-11,16:50:06,19,1,"Butler, Cameron",10110399,Left,CAR_EAG,"Hubbard, Ian",10071315,Left,CAR_EAG,Undefined,1,Top,0,0,0,Fastball,Changeup,BallCalled,Undefined,Undefined,Undefined,0,0,NA,81.96502,-0.928761,3.854784,1924.356554,140.968764,10:45:00,5.36135,-2.1447,6.6598,-30.07072,10.2252,-7.30788,2.00353,0.77922,75.51739,-6.579716,2.527789,0.45688,NA,NA,NA,NA,NA,NA,NA,NA,NA,NA,NA,4.85827,6.02311,1.88793,50,5.28666,-7.76418,-119.00636,-2.74321,7.00271,21.7507,-23.49234,CAR_EAG,CAR_EAG,CarsonNewman,TeamExclusive,Team,20260211-CarsonNewman-Private-1,a2052870-0793-11f1-8430-5bbec0bc33d6,82.4997,NA,NA,6.44763,NA,NA,NA,NA,NA,NA,813d84c6-9e85-4980-b2d1-c32038cb1203,2026-02-11,21:50:06,2026-02-11T21:50:06Z,2026-02-11T21:50:06Z,NA,v3,CNE,CNE,NA,NA,NA,Undefined,CAR_EAG,636fc8a6-a952-48ae-91b8-6a4e5e0603e7,53.84098,-119.70631,10.87535,5.36278,-1.98721,-11.74617,2.14141,-7.98953,3.50136,NA,NA,NA,NA,NA,NA,NA,NA,NA,NA,NA,NA,NA,NA,NA,NA,NA,NA,NA,NA,NA,NA,NA,NA,NA,NA,NA,NA,NA,NA,NA,NA,NA,NA,NA,NA,NA,NA,NA,NA,NA,NA,NA,NA,NA,NA,NA,NA,NA,NA,High,High,High,NA,NA,NA,NA,NA,125.156415,-42.779432,1412.42715,0.733974,10:15:00,0.69626,0.611015,-0.376674,-88.819624,42.8133,-43.864443,0.313661,165.265211,-0.918308,13.975661,0.918308,-0.24151,-0.313661,18.858309,18.279988,0.24151,0.24151,-165.265211,-18.279988,0.313661,-13.975661,-18.858309,-0.313661,-0.24151,0.918308,-0.918308,NA,NA,NA,NA,NA,NA,NA,NA,NA,NA,NA,NA
NA,NA,NA,NA,NA,NA,NA,NA,NA,NA,NA,NA,NA,NA,NA,NA,66,2026-02-11,16:50:22,19,2,"Butler, Cameron",10110399,Left,CAR_EAG,"Hubbard, Ian",10071315,Left,CAR_EAG,Undefined,1,Top,0,1,0,Fastball,Changeup,BallCalled,Undefined,Undefined,Undefined,0,0,NA,78.89712,0.683201,1.45878,1928.527021,142.602306,10:45:00,5.21761,-2.22267,5.87801,-34.6773,9.88099,-6.56433,2.96261,-1.41455,72.7529,-5.74479,0.281024,0.480436,NA,NA,NA,NA,NA,NA,NA,NA,NA,NA,NA,3.72114,5.29729,2.10849,50,5.25275,-2.67375,-114.66456,0.31437,4.99368,19.6192,-25.06516,CAR_EAG,CAR_EAG,CarsonNewman,TeamExclusive,Team,20260211-CarsonNewman-Private-1,ab4a8290-0793-11f1-8430-5bbec0bc33d6,78.45462,NA,NA,6.14422,NA,NA,NA,NA,NA,NA,813d84c6-9e85-4980-b2d1-c32038cb1203,2026-02-11,21:50:22,2026-02-11T21:50:22Z,2026-02-11T21:50:22Z,NA,v3,CNE,CNE,NA,NA,NA,Undefined,CAR_EAG,5e82e961-7788-45c1-9c6b-1f957fff3caf,54.62243,-115.45275,9.8096,5.21989,1.32135,-12.53258,2.21994,-2.87437,2.49684,NA,NA,NA,NA,NA,NA,NA,NA,NA,NA,NA,NA,NA,NA,NA,NA,NA,NA,NA,NA,NA,NA,NA,NA,NA,NA,NA,NA,NA,NA,NA,NA,NA,NA,NA,NA,NA,NA,NA,NA,NA,NA,NA,NA,NA,NA,NA,NA,NA,NA,High,High,High,NA,NA,NA,NA,NA,123.256397,-48.178969,1285.953498,0.666806,10:00:00,0.760892,0.548674,-0.346409,-100.357442,-0.934135,-31.532614,0.355869,168.206256,-0.914807,11.011674,0.914807,-0.191009,-0.355869,21.256526,20.846721,0.191009,0.191009,-168.206256,-20.846721,0.355869,-11.011674,-21.256526,-0.355869,-0.191009,0.914807,-0.914807,NA,NA,NA,NA,NA,NA,NA,NA,NA,NA,NA,NA
NA,NA,NA,NA,NA,NA,NA,NA,NA,NA,NA,NA,NA,NA,NA,NA,67,2026-02-11,16:50:38,19,3,"Butler, Cameron",10110399,Left,CAR_EAG,"Hubbard, Ian",10071315,Left,CAR_EAG,Undefined,1,Top,0,2,0,Fastball,Changeup,BallCalled,Undefined,Undefined,Undefined,0,0,NA,78.00165,0.597918,2.481276,1274.592992,110.874911,09:45:00,5.15621,-2.31447,6.30507,-38.42506,6.87496,-14.22446,2.50553,-1.21239,71.35863,-6.579348,-0.09076,0.484418,NA,NA,NA,NA,NA,NA,NA,NA,NA,NA,NA,8.04863,3.87579,2.13852,50,5.182,-4.4008,-113.28643,0.09164,10.43588,21.13443,-27.1487,CAR_EAG,CAR_EAG,CarsonNewman,TeamExclusive,Team,20260211-CarsonNewman-Private-1,b49de670-0793-11f1-8430-5bbec0bc33d6,77.80967,NA,NA,6.64302,NA,NA,NA,NA,NA,NA,813d84c6-9e85-4980-b2d1-c32038cb1203,2026-02-11,21:50:38,2026-02-11T21:50:38Z,2026-02-11T21:50:38Z,NA,v3,CNE,CNE,NA,NA,NA,Undefined,CAR_EAG,ebbe2405-2d5b-46a2-a308-09a5ac4bf495,54.19508,-114.06637,10.56721,5.16014,1.09352,-13.57435,2.30803,-4.78592,5.21794,NA,NA,NA,NA,NA,NA,NA,NA,NA,NA,NA,NA,NA,NA,NA,NA,NA,NA,NA,NA,NA,NA,NA,NA,NA,NA,NA,NA,NA,NA,NA,NA,NA,NA,NA,NA,NA,NA,NA,NA,NA,NA,NA,NA,NA,NA,NA,NA,NA,NA,High,High,High,NA,NA,NA,NA,NA,105.11472,-14.163912,1235.844936,0.9696,09:30:00,0.265159,0.933453,-0.241573,-50.083272,25.634414,81.121753,-0.972961,99.347901,-0.037516,-13.173508,0.037516,-0.227901,0.972961,87.79186,-76.645939,0.227901,-0.227901,-99.347901,76.645939,0.972961,13.173508,-87.79186,-0.972961,0.227901,0.037516,-0.037516,NA,NA,NA,NA,NA,NA,NA,NA,NA,NA,NA,NA
NA,NA,NA,NA,NA,NA,NA,NA,NA,NA,NA,NA,NA,NA,NA,NA,68,2026-02-11,16:50:58,19,4,"Butler, Cameron",10110399,Left,CAR_EAG,"Hubbard, Ian",10071315,Left,CAR_EAG,Undefined,1,Top,0,3,0,Fastball,Changeup,StrikeCalled,Undefined,Undefined,Undefined,0,0,NA,83.39694,-0.883793,4.627173,1904.824754,125.086675,10:15:00,5.28424,-2.28158,6.65896,-32.36817,6.56807,-7.71603,1.7754,1.31911,76.97902,-6.934617,3.228111,0.449105,NA,NA,NA,NA,NA,NA,NA,NA,NA,NA,NA,5.26614,4.0602,1.97277,50,5.21167,-9.52238,-121.00092,-2.78402,7.85879,22.15726,-26.11495,CAR_EAG,CAR_EAG,CarsonNewman,TeamExclusive,Team,20260211-CarsonNewman-Private-1,c0ae6e80-0793-11f1-8430-5bbec0bc33d6,83.92782,NA,NA,6.41793,NA,NA,NA,NA,NA,NA,813d84c6-9e85-4980-b2d1-c32038cb1203,2026-02-11,21:50:58,2026-02-11T21:50:58Z,2026-02-11T21:50:58Z,NA,v3,CNE,CNE,NA,NA,NA,Undefined,CAR_EAG,4c8b0eba-8155-4712-86c4-8c2b3c41940e,53.8428,-121.70256,11.07863,5.28674,-1.95704,-13.05748,2.27825,-9.77124,3.92939,NA,NA,NA,NA,NA,NA,NA,NA,NA,NA,NA,NA,NA,NA,NA,NA,NA,NA,NA,NA,NA,NA,NA,NA,NA,NA,NA,NA,NA,NA,NA,NA,NA,NA,NA,NA,NA,NA,NA,NA,NA,NA,NA,NA,NA,NA,NA,NA,NA,NA,High,High,High,NA,NA,NA,NA,NA,123.679422,-46.469784,1311.923334,0.688737,10:00:00,0.744562,0.58425,-0.322924,-85.781367,22.490187,-38.521228,0.32567,162.653096,-0.90248,16.37375,0.90248,-0.281902,-0.32567,19.842549000000002,19.006177,0.281902,0.281902,-162.653096,-19.006177,0.32567,-16.37375,-19.842549000000002,-0.32567,-0.281902,0.90248,-0.90248,NA,NA,NA,NA,NA,NA,NA,NA,NA,NA,NA,NA
NA,NA,NA,NA,NA,NA,NA,NA,NA,NA,NA,NA,NA,NA,NA,NA,69,2026-02-11,16:51:14,19,5,"Butler, Cameron",10110399,Left,CAR_EAG,"Hubbard, Ian",10071315,Left,CAR_EAG,Undefined,1,Top,0,3,1,Fastball,Changeup,StrikeCalled,Undefined,Undefined,Undefined,0,0,NA,80.97046,0.834364,2.109497,1901.486327,139.039104,10:45:00,5.27096,-2.32236,6.60183,-29.58155,11.85839,-9.17823,3.57079,-1.15377,74.08436,-4.762818,0.441433,0.46332,NA,NA,NA,NA,NA,NA,NA,NA,NA,NA,NA,5.37886,6.40571,2.18172,50,5.31558,-4.00985,-117.68116,0.93299,7.54678,22.22643,-23.18653,CAR_EAG,CAR_EAG,CarsonNewman,TeamExclusive,Team,20260211-CarsonNewman-Private-1,ca49b0d0-0793-11f1-8430-5bbec0bc33d6,81.35293,NA,NA,6.8861,NA,NA,NA,NA,NA,NA,813d84c6-9e85-4980-b2d1-c32038cb1203,2026-02-11,21:51:14,2026-02-11T21:51:14Z,2026-02-11T21:51:14Z,NA,v3,CNE,CNE,NA,NA,NA,Undefined,CAR_EAG,53b7b200-eeb5-4629-bd33-d424fe197182,53.89774,-118.41503,11.11322,5.27213,1.69857,-11.59326,2.31823,-4.25903,3.77339,NA,NA,NA,NA,NA,NA,NA,NA,NA,NA,NA,NA,NA,NA,NA,NA,NA,NA,NA,NA,NA,NA,NA,NA,NA,NA,NA,NA,NA,NA,NA,NA,NA,NA,NA,NA,NA,NA,NA,NA,NA,NA,NA,NA,NA,NA,NA,NA,NA,NA,High,High,High,NA,NA,NA,NA,NA,126.696611,-40.913009,1436.962337,0.755705,10:15:00,0.67984,0.59633100000000006,-0.426857,83.862032,-48.366353,-31.686485,0.386368,171.085155,-0.911203,8.217568,0.911203,-0.142932,-0.386368,22.977898,22.728681,0.142932,0.142932,-171.085155,-22.728681,0.386368,-8.217568,-22.977898,-0.386368,-0.142932,0.911203,-0.911203,NA,NA,NA,NA,NA,NA,NA,NA,NA,NA,NA,NA
NA,NA,NA,NA,NA,NA,NA,NA,NA,NA,NA,NA,NA,NA,NA,NA,70,2026-02-11,16:52:44,19,6,"Slifka, Denver",10107869,Right,CAR_EAG,"Hubbard, Ian",10071315,Left,CAR_EAG,Undefined,1,Top,0,3,2,Slider,Curveball,BallCalled,Walk,Undefined,Undefined,0,0,NA,72.93666,2.659893,1.773364,2323.111396,59.32276,08:00:00,6.07351,1.63816,5.66415,-64.20011,-10.03398,-20.331,3.20681,1.59809,65.73854,-9.117509,-1.864062,0.529706,NA,NA,NA,NA,NA,NA,NA,NA,NA,NA,NA,10.80339,-5.27414,-1.77552,50,6.25903,-2.51305,-105.65082,2.88259,11.92629,21.9095,-37.99639,CAR_EAG,CAR_EAG,CarsonNewman,TeamExclusive,Team,20260211-CarsonNewman-Private-1,ffd4a930-0793-11f1-8430-5bbec0bc33d6,71.15722,NA,NA,7.19812,NA,NA,NA,NA,NA,NA,813d84c6-9e85-4980-b2d1-c32038cb1203,2026-02-11,21:52:44,2026-02-11T21:52:44Z,2026-02-11T21:52:44Z,NA,v3,CNE,CNE,NA,NA,NA,Undefined,CAR_EAG,18298988-da90-4a06-946b-d3f1dca4e3d1,54.83803,-106.6494,10.95475,6.08818,4.61436,-18.9982,-1.64859,-3.05662,5.96315,NA,NA,NA,NA,NA,NA,NA,NA,NA,NA,NA,NA,NA,NA,NA,NA,NA,NA,NA,NA,NA,NA,NA,NA,NA,NA,NA,NA,NA,NA,NA,NA,NA,NA,NA,NA,NA,NA,NA,NA,NA,NA,NA,NA,NA,NA,NA,NA,NA,NA,High,High,High,NA,NA,NA,NA,NA,48.243475,44.98151,1643.217844,0.707335,07:30:00,-0.695881,0.559895,0.449742,-31.039257,44.946587,26.395612,-0.582653,124.818782,-0.46405,-41.852352,0.46405,-0.667213,0.582653,51.464667,-35.637335,0.667213,-0.667213,-124.818782,35.637335,0.582653,41.852352,-51.464667,-0.582653,0.667213,0.46405,-0.46405,NA,NA,NA,NA,NA,NA,NA,NA,NA,NA,NA,NA
NA,NA,NA,NA,NA,NA,NA,NA,NA,NA,NA,NA,NA,NA,NA,NA,71,2026-02-11,16:52:59,20,1,"Slifka, Denver",10107869,Right,CAR_EAG,"Hubbard, Ian",10071315,Left,CAR_EAG,Undefined,1,Top,0,0,0,Slider,Curveball,BallCalled,Undefined,Undefined,Undefined,0,0,NA,74.91532,0.978733,-1.929407,2493.999328,40.968063,07:15:00,5.97879,1.70992,5.76143,-62.52594,-11.59721,-11.64142,1.67991,-1.05676,68.17896,-10.441638,-4.017383,0.513633,NA,NA,NA,NA,NA,NA,NA,NA,NA,NA,NA,5.24957,-5.63512,-1.54301,50,6.02262,4.08932,-108.65426,-0.13472,6.14639,22.6927,-38.7719,CAR_EAG,CAR_EAG,CarsonNewman,TeamExclusive,Team,20260211-CarsonNewman-Private-1,0929e1d0-0794-11f1-8430-5bbec0bc33d6,73.38401,NA,NA,6.73636,NA,NA,NA,NA,NA,NA,813d84c6-9e85-4980-b2d1-c32038cb1203,2026-02-11,21:52:59,2026-02-11T21:52:59Z,2026-02-11T21:52:59Z,NA,v3,CNE,CNE,NA,NA,NA,Undefined,CAR_EAG,77e56de3-ac2a-4dfc-bf9c-f3728eca009c,54.74108,-109.63998,11.34635,5.99189,1.54944,-19.38595,-1.71484,3.82233,3.0732,NA,NA,NA,NA,NA,NA,NA,NA,NA,NA,NA,NA,NA,NA,NA,NA,NA,NA,NA,NA,NA,NA,NA,NA,NA,NA,NA,NA,NA,NA,NA,NA,NA,NA,NA,NA,NA,NA,NA,NA,NA,NA,NA,NA,NA,NA,NA,NA,NA,NA,High,High,High,NA,NA,NA,NA,NA,47.967398,51.118831,1565.501443,0.627707,07:30:00,-0.755785,0.479467,0.445982,-26.612327,28.871804,28.952237,-0.591258,129.750689,-0.515704,-38.31987,0.515704,-0.620051,0.591258,48.904604,-36.246344,0.620051,-0.620051,-129.750689,36.246344,0.591258,38.31987,-48.904604,-0.591258,0.620051,0.515704,-0.515704,NA,NA,NA,NA,NA,NA,NA,NA,NA,NA,NA,NA
NA,NA,NA,NA,NA,NA,NA,NA,NA,NA,NA,NA,NA,NA,NA,NA,72,2026-02-11,16:53:15,20,2,"Slifka, Denver",10107869,Right,CAR_EAG,"Hubbard, Ian",10071315,Left,CAR_EAG,Undefined,1,Top,0,1,0,Fastball,Changeup,StrikeSwinging,Undefined,Undefined,Undefined,0,0,NA,82.62661,-0.953077,-1.838709,1956.176617,230.144499,01:45:00,6.10754,1.46547,6.58072,-27.89352,12.65024,13.35792,2.90905,0.89288,74.45067,-6.265055,0.590944,0.458283,NA,NA,NA,NA,NA,NA,NA,NA,NA,NA,NA,-7.56599,7.40248,-1.34407,50,6.03058,3.35374,-119.89996,-2.73483,-10.80782,27.22938,-21.59981,CAR_EAG,CAR_EAG,CarsonNewman,TeamExclusive,Team,20260211-CarsonNewman-Private-1,12831210-0794-11f1-8430-5bbec0bc33d6,82.24711,NA,NA,8.17594,NA,NA,NA,NA,NA,NA,813d84c6-9e85-4980-b2d1-c32038cb1203,2026-02-11,21:53:15,2026-02-11T21:53:15Z,2026-02-11T21:53:15Z,NA,v3,CNE,CNE,NA,NA,NA,Undefined,CAR_EAG,2e960669-ba48-4d31-83c5-1923a81d43e6,53.91655,-120.78613,13.61469,6.10815,-2.03186,-10.7999,-1.45895,3.70548,-5.40391,NA,NA,NA,NA,NA,NA,NA,NA,NA,NA,NA,NA,NA,NA,NA,NA,NA,NA,NA,NA,NA,NA,NA,NA,NA,NA,NA,NA,NA,NA,NA,NA,NA,NA,NA,NA,NA,NA,NA,NA,NA,NA,NA,NA,NA,NA,NA,NA,NA,NA,High,High,High,NA,NA,NA,NA,NA,211.083947,35.991758,1582.745515,0.809102,01:00:00,-0.602573,-0.427451,-0.673937,36.885742,43.33898,-14.744165,-0.94276,159.270495,-0.311883,-6.778662,0.311883,-0.118034,0.94276,71.694832,-70.520424,0.118034,-0.118034,-159.270495,70.520424,0.94276,6.778662,-71.694832,-0.94276,0.118034,0.311883,-0.311883,NA,NA,NA,NA,NA,NA,NA,NA,NA,NA,NA,NA
NA,NA,NA,NA,NA,NA,NA,NA,NA,NA,NA,NA,NA,NA,NA,NA,73,2026-02-11,16:53:31,20,3,"Slifka, Denver",10107869,Right,CAR_EAG,"Hubbard, Ian",10071315,Left,CAR_EAG,Undefined,1,Top,0,1,1,Slider,Curveball,BallCalled,Undefined,Undefined,Undefined,0,0,NA,74.01834,0.220635,-1.895983,2485.121346,43.887991,07:30:00,6.05414,1.70921,5.6946,-64.32909,-11.99123,-13.32209,0.89912,-1.1686,67.55098,-11.482717,-4.284957,0.52069,NA,NA,NA,NA,NA,NA,NA,NA,NA,NA,NA,6.11272,-5.59374,-1.5415,50,6.03299,4.03812,-107.36049,-1.62093,6.97869,22.37112,-38.56023,CAR_EAG,CAR_EAG,CarsonNewman,TeamExclusive,Team,20260211-CarsonNewman-Private-1,1c400d30-0794-11f1-8430-5bbec0bc33d6,72.38937,NA,NA,6.46735,NA,NA,NA,NA,NA,NA,813d84c6-9e85-4980-b2d1-c32038cb1203,2026-02-11,21:53:31,2026-02-11T21:53:31Z,2026-02-11T21:53:31Z,NA,v3,CNE,CNE,NA,NA,NA,Undefined,CAR_EAG,9e2e869e-0a14-4622-9f41-7c30f5044427,54.80853,-108.35783,11.18556,6.06694,0.09814,-19.28012,-1.71459,3.727,3.48934,NA,NA,NA,NA,NA,NA,NA,NA,NA,NA,NA,NA,NA,NA,NA,NA,NA,NA,NA,NA,NA,NA,NA,NA,NA,NA,NA,NA,NA,NA,NA,NA,NA,NA,NA,NA,NA,NA,NA,NA,NA,NA,NA,NA,NA,NA,NA,NA,NA,NA,High,High,High,NA,NA,NA,NA,NA,41.5467,51.368004,1551.500846,0.624316,07:30:00,-0.763686,0.41707,0.492784,-11.143688,16.268098,27.23289,-0.606511,126.196703,-0.469539,-39.912818,0.469539,-0.641621,0.606511,52.254236,-37.337631,0.641621,-0.641621,-126.196703,37.337631,0.606511,39.912818,-52.254236,-0.606511,0.641621,0.469539,-0.469539,NA,NA,NA,NA,NA,NA,NA,NA,NA,NA,NA,NA
NA,NA,NA,NA,NA,NA,NA,NA,NA,NA,NA,NA,NA,NA,NA,NA,74,2026-02-11,16:53:48,20,4,"Slifka, Denver",10107869,Right,CAR_EAG,"Hubbard, Ian",10071315,Left,CAR_EAG,Undefined,1,Top,0,2,1,Fastball,Changeup,StrikeCalled,Undefined,Undefined,Undefined,0,0,NA,83.27318,-0.583135,-3.509265,1917.389967,241.904169,02:00:00,6.1571,1.48098,6.72682,-29.92458,10.12445,16.01985,3.12942,-0.39532,74.46164,-6.294063,-0.592918,0.455478,NA,NA,NA,NA,NA,NA,NA,NA,NA,NA,NA,-9.66808,6.00485,-1.2543,50,6.10717,6.81695,-120.67059,-2.02358,-13.88075,29.23509,-23.55269,CAR_EAG,CAR_EAG,CarsonNewman,TeamExclusive,Team,20260211-CarsonNewman-Private-1,2603e620-0794-11f1-8430-5bbec0bc33d6,82.75358,NA,NA,8.81153,NA,NA,NA,NA,NA,NA,813d84c6-9e85-4980-b2d1-c32038cb1203,2026-02-11,21:53:48,2026-02-11T21:53:48Z,2026-02-11T21:53:48Z,NA,v3,CNE,CNE,NA,NA,NA,Undefined,CAR_EAG,6c3b0306-bc63-4bcb-a083-b6dd0afe5b96,53.77107,-121.58078,14.61755,6.15875,-1.29031,-11.77635,-1.47326,7.24911,-6.94038,NA,NA,NA,NA,NA,NA,NA,NA,NA,NA,NA,NA,NA,NA,NA,NA,NA,NA,NA,NA,NA,NA,NA,NA,NA,NA,NA,NA,NA,NA,NA,NA,NA,NA,NA,NA,NA,NA,NA,NA,NA,NA,NA,NA,NA,NA,NA,NA,NA,NA,High,High,High,NA,NA,NA,NA,NA,210.930385,35.443864,1562.067071,0.814684,01:00:00,-0.617309,-0.424625,-0.662286,53.711157,46.560683,-0.761778,-0.981168,161.854472,-0.183553,-3.448751,0.183553,-0.060156,0.981168,79.403832,-78.862823,0.060156,-0.060156,-161.854472,78.862823,0.981168,3.448751,-79.403832,-0.981168,0.060156,0.183553,-0.183553,NA,NA,NA,NA,NA,NA,NA,NA,NA,NA,NA,NA
NA,NA,NA,NA,NA,NA,NA,NA,NA,NA,NA,NA,NA,NA,NA,NA,75,2026-02-11,16:54:03,20,5,"Slifka, Denver",10107869,Right,CAR_EAG,"Hubbard, Ian",10071315,Left,CAR_EAG,Undefined,1,Top,0,2,2,Fastball,Changeup,StrikeCalled,Strikeout,Undefined,Undefined,0,0,NA,82.91736,-0.739683,-4.06509,1958.3953080000001,233.564234,01:45:00,6.05022,1.66984,6.37374,-28.92013,12.44383,14.49288,2.9578700000000002,-0.86903,73.47387,-6.259385,-1.447758,0.462895,NA,NA,NA,NA,NA,NA,NA,NA,NA,NA,NA,-8.97516,7.25311,-1.38171,50,5.9837,7.94524,-119.84567,-2.34854,-12.61292,30.43813,-21.98115,CAR_EAG,CAR_EAG,CarsonNewman,TeamExclusive,Team,20260211-CarsonNewman-Private-1,2eb51690-0794-11f1-8430-5bbec0bc33d6,81.42762,NA,NA,9.44349,NA,NA,NA,NA,NA,NA,813d84c6-9e85-4980-b2d1-c32038cb1203,2026-02-11,21:54:03,2026-02-11T21:54:03Z,2026-02-11T21:54:03Z,NA,v3,CNE,CNE,NA,NA,NA,Undefined,CAR_EAG,6c1494d3-d111-4979-b3fd-0865bd896789,54.12024,-120.88759,15.21907,6.05121,-1.59611,-10.99057,-1.66107,8.37699,-6.30646,NA,NA,NA,NA,NA,NA,NA,NA,NA,NA,NA,NA,NA,NA,NA,NA,NA,NA,NA,NA,NA,NA,NA,NA,NA,NA,NA,NA,NA,NA,NA,NA,NA,NA,NA,NA,NA,NA,NA,NA,NA,NA,NA,NA,NA,NA,NA,NA,NA,NA,High,High,High,NA,NA,NA,NA,NA,207.424681,39.965884,1500.967126,0.766427,01:00:00,-0.684342,-0.361265,-0.633374,77.050399,55.585113,31.538782,-0.958433,162.388742,-0.271944,-4.952196,0.271944,-0.086325,0.958433,74.15934,-73.422232,0.086325,-0.086325,-162.388742,73.422232,0.958433,4.952196,-74.15934,-0.958433,0.086325,0.271944,-0.271944,NA,NA,NA,NA,NA,NA,NA,NA,NA,NA,NA,NA
NA,NA,NA,NA,NA,NA,NA,NA,NA,NA,NA,NA,NA,NA,NA,NA,76,2026-02-11,16:54:25,21,1,"Slifka, Denver",10107869,Right,CAR_EAG,"Hubbard, Ian",10071315,Left,CAR_EAG,Undefined,1,Top,1,0,0,Cutter,Curveball,StrikeSwinging,Undefined,Undefined,Undefined,0,0,NA,74.20087,0.342443,-0.753712,2398.756734,52.142427,07:45:00,6.10418,1.61429,5.72547,-64.7674,-12.59201,-18.66741,1.02589,-0.64339,67.44587,-11.464767,-4.106986,0.519881,NA,NA,NA,NA,NA,NA,NA,NA,NA,NA,NA,9.17796,-5.87748,-1.54004,50,6.09371,2.10354,-107.64835,-1.41713,10.48844,23.23334,-38.89074,CAR_EAG,CAR_EAG,CarsonNewman,TeamExclusive,Team,20260211-CarsonNewman-Private-1,3bfac340-0794-11f1-8430-5bbec0bc33d6,72.502,NA,NA,6.755,NA,NA,NA,NA,NA,NA,813d84c6-9e85-4980-b2d1-c32038cb1203,2026-02-11,21:54:25,2026-02-11T21:54:25Z,2026-02-11T21:54:25Z,NA,v3,CNE,CNE,NA,NA,NA,Undefined,CAR_EAG,f4f45e1e-3af6-4661-816b-3c09579bae25,54.77758,-108.67458,11.61667,6.11836,0.30071,-19.44537,-1.62272,1.64026,5.24422,NA,NA,NA,NA,NA,NA,NA,NA,NA,NA,NA,NA,NA,NA,NA,NA,NA,NA,NA,NA,NA,NA,NA,NA,NA,NA,NA,NA,NA,NA,NA,NA,NA,NA,NA,NA,NA,NA,NA,NA,NA,NA,NA,NA,NA,NA,NA,NA,NA,NA,High,High,High,NA,NA,NA,NA,NA,41.808775,48.877914,1577.579981,0.657666,07:30:00,-0.744163,0.442925,0.500039,-12.425468,22.113793,25.719787,-0.631284,123.870135,-0.432225,-40.086473,0.432225,-0.643943,0.631284,55.601501,-39.144899,0.643943,-0.643943,-123.870135,39.144899,0.631284,40.086473,-55.601501,-0.631284,0.643943,0.432225,-0.432225,NA,NA,NA,NA,NA,NA,NA,NA,NA,NA,NA,NA
NA,NA,NA,NA,NA,NA,NA,NA,NA,NA,NA,NA,NA,NA,NA,NA,77,2026-02-11,16:54:40,21,2,"Slifka, Denver",10107869,Right,CAR_EAG,"Hubbard, Ian",10071315,Left,CAR_EAG,Undefined,1,Top,1,0,1,Cutter,Curveball,BallCalled,Undefined,Undefined,Undefined,0,0,NA,74.04841,0.220575,-0.472404,2459.756026,52.152066,07:45:00,6.09398,1.72292,5.74938,-62.10917,-10.21438,-15.45245,1.12358,-0.0046,67.76218,-11.103061,-3.249514,0.518482,NA,NA,NA,NA,NA,NA,NA,NA,NA,NA,NA,7.7913,-4.87689,-1.67386,50,6.07403,1.42781,-107.52880999999999,-1.50151,8.96273,21.68571,-37.78418,CAR_EAG,CAR_EAG,CarsonNewman,TeamExclusive,Team,20260211-CarsonNewman-Private-1,44e923c0-0794-11f1-8430-5bbec0bc33d6,72.69775,NA,NA,6.28623,NA,NA,NA,NA,NA,NA,813d84c6-9e85-4980-b2d1-c32038cb1203,2026-02-11,21:54:40,2026-02-11T21:54:40Z,2026-02-11T21:54:40Z,NA,v3,CNE,CNE,NA,NA,NA,Undefined,CAR_EAG,21aee87f-8a69-450a-bba4-20297321d57c,54.75509,-108.48355,10.84286,6.10352,0.16198,-18.89209,-1.72803,1.03322,4.48136,NA,NA,NA,NA,NA,NA,NA,NA,NA,NA,NA,NA,NA,NA,NA,NA,NA,NA,NA,NA,NA,NA,NA,NA,NA,NA,NA,NA,NA,NA,NA,NA,NA,NA,NA,NA,NA,NA,NA,NA,NA,NA,NA,NA,NA,NA,NA,NA,NA,NA,High,High,High,NA,NA,NA,NA,NA,39.520955,46.545339,1691.771874,0.68778,07:15:00,-0.71983,0.440468,0.536501,-14.535531,16.920436,22.002655,-0.636652,132.982728,-0.525754,-34.34279,0.525754,-0.564143,0.636652,50.44975,-39.542617,0.564143,-0.564143,-132.982728,39.542617,0.636652,34.34279,-50.44975,-0.636652,0.564143,0.525754,-0.525754,NA,NA,NA,NA,NA,NA,NA,NA,NA,NA,NA,NA
NA,NA,NA,NA,NA,NA,NA,NA,NA,NA,NA,NA,NA,NA,NA,NA,78,2026-02-11,16:54:58,21,3,"Slifka, Denver",10107869,Right,CAR_EAG,"Hubbard, Ian",10071315,Left,CAR_EAG,Undefined,1,Top,1,1,1,ChangeUp,Changeup,BallCalled,Undefined,Undefined,Undefined,0,0,NA,78.25541,-2.294582,-3.895557,1506.5639410000001,250.392429,02:15:00,5.89721,1.51888,6.14193,-38.17715,7.55433,16.77343,0.58918,-0.68899,71.53113,-9.369472,-0.872357,0.48672,NA,NA,NA,NA,NA,NA,NA,NA,NA,NA,NA,-9.85319,5.07217,-1.22999,50,5.70226,7.11712,-113.34702,-5.66161,-12.70931,22.36565,-25.63162,CAR_EAG,CAR_EAG,CarsonNewman,TeamExclusive,Team,20260211-CarsonNewman-Private-1,4fb6cb90-0794-11f1-8430-5bbec0bc33d6,77.44175,NA,NA,6.72428,NA,NA,NA,NA,NA,NA,813d84c6-9e85-4980-b2d1-c32038cb1203,2026-02-11,21:54:58,2026-02-11T21:54:58Z,2026-02-11T21:54:58Z,NA,v3,CNE,CNE,NA,NA,NA,Undefined,CAR_EAG,556a60e0-20a8-4600-808f-97f74fc13178,54.35895,-114.20389,11.18283,5.90035,-4.67962,-12.81581,-1.51199,7.60404,-6.35466,NA,NA,NA,NA,NA,NA,NA,NA,NA,NA,NA,NA,NA,NA,NA,NA,NA,NA,NA,NA,NA,NA,NA,NA,NA,NA,NA,NA,NA,NA,NA,NA,NA,NA,NA,NA,NA,NA,NA,NA,NA,NA,NA,NA,NA,NA,NA,NA,NA,NA,High,High,High,NA,NA,NA,NA,NA,240.978913,9.337811,1486.600243,0.986749,02:00:00,-0.159806,-0.868658,-0.468929,52.683882,-28.681307,42.0992,0.839956,134.728449,-0.381891,22.676562,0.381891,-0.385529,-0.839956,65.550782,57.135507,0.385529,0.385529,-134.728449,-57.135507,0.839956,-22.676562,-65.550782,-0.839956,-0.385529,0.381891,-0.381891,NA,NA,NA,NA,NA,NA,NA,NA,NA,NA,NA,NA
NA,NA,NA,NA,NA,NA,NA,NA,NA,NA,NA,NA,NA,NA,NA,NA,79,2026-02-11,16:55:15,21,4,"Slifka, Denver",10107869,Right,CAR_EAG,"Hubbard, Ian",10071315,Left,CAR_EAG,Undefined,1,Top,1,2,1,Slider,Curveball,StrikeSwinging,Undefined,Undefined,Undefined,0,0,NA,75.11097,0.293029,-2.325156,2366.379073,54.652647,07:45:00,6.06728,1.64153,5.77152,-60.12491,-9.25004,-15.65812,1.3298,-1.82834,68.22537,-10.687476,-5.132129,0.513361,NA,NA,NA,NA,NA,NA,NA,NA,NA,NA,NA,7.33087,-4.57646,-1.43902,50,6.05443,4.96381,-108.90793,-1.28249,8.57382,23.80015,-37.52646,CAR_EAG,CAR_EAG,CarsonNewman,TeamExclusive,Team,20260211-CarsonNewman-Private-1,5a1adc20-0794-11f1-8430-5bbec0bc33d6,73.42284,NA,NA,6.8856,NA,NA,NA,NA,NA,NA,813d84c6-9e85-4980-b2d1-c32038cb1203,2026-02-11,21:55:15,2026-02-11T21:55:15Z,2026-02-11T21:55:15Z,NA,v3,CNE,CNE,NA,NA,NA,Undefined,CAR_EAG,810a33e7-fbb9-40f4-a8c5-91c46b69a1aa,54.73277,-109.93734,11.90008,6.0748,0.34061,-18.76323,-1.64569,4.59297,4.28691,NA,NA,NA,NA,NA,NA,NA,NA,NA,NA,NA,NA,NA,NA,NA,NA,NA,NA,NA,NA,NA,NA,NA,NA,NA,NA,NA,NA,NA,NA,NA,NA,NA,NA,NA,NA,NA,NA,NA,NA,NA,NA,NA,NA,NA,NA,NA,NA,NA,NA,High,High,High,NA,NA,NA,NA,NA,45.657197,54.996728,1357.409961,0.573623,07:30:00,-0.800072,0.414422,0.43375,-12.655466,11.778091,18.31016,-0.704908,127.359217,-0.43041,-34.31788,0.43041,-0.563784,0.704908,58.592179,-44.82211,0.563784,-0.563784,-127.359217,44.82211,0.704908,34.31788,-58.592179,-0.704908,0.563784,0.43041,-0.43041,NA,NA,NA,NA,NA,NA,NA,NA,NA,NA,NA,NA
NA,NA,NA,NA,NA,NA,NA,NA,NA,NA,NA,NA,NA,NA,NA,NA,80,2026-02-11,16:55:35,21,5,"Slifka, Denver",10107869,Right,CAR_EAG,"Hubbard, Ian",10071315,Left,CAR_EAG,Undefined,1,Top,1,2,2,Cutter,Curveball,BallCalled,Undefined,Undefined,Undefined,0,0,NA,74.69186,-1.430651,-2.166383,2502.853933,48.949117,07:45:00,6.06591,1.62332,5.78488,-61.59074,-10.16064,-13.80875,-0.39894,-1.54394,68.2574,-12.608222,-4.649755,0.516155,NA,NA,NA,NA,NA,NA,NA,NA,NA,NA,NA,6.48741,-4.55233,-1.43562,50,5.9098,4.55957,-108.29924,-4.56057,7.50087,23.57813,-37.43754,CAR_EAG,CAR_EAG,CarsonNewman,TeamExclusive,Team,20260211-CarsonNewman-Private-1,65ff4b20-0794-11f1-8430-5bbec0bc33d6,73.02542,NA,NA,6.43446,NA,NA,NA,NA,NA,NA,813d84c6-9e85-4980-b2d1-c32038cb1203,2026-02-11,21:55:35,2026-02-11T21:55:35Z,2026-02-11T21:55:35Z,NA,v3,CNE,CNE,NA,NA,NA,Undefined,CAR_EAG,c9340acb-8a1e-49da-b7f5-7fe30f21ce94,54.72024,-109.32207,11.78907,6.07241,-2.93652,-18.71877,-1.62636,4.23418,3.75044,NA,NA,NA,NA,NA,NA,NA,NA,NA,NA,NA,NA,NA,NA,NA,NA,NA,NA,NA,NA,NA,NA,NA,NA,NA,NA,NA,NA,NA,NA,NA,NA,NA,NA,NA,NA,NA,NA,NA,NA,NA,NA,NA,NA,NA,NA,NA,NA,NA,NA,High,High,High,NA,NA,NA,NA,NA,39.519101,48.820777,1647.920508,0.658417,07:15:00,-0.743135,0.400052,0.536386,-6.756501,18.278334,26.502261,-0.629995,124.124482,-0.435667,-40.007279,0.435667,-0.642885,0.629995,55.3346,-39.049749,0.642885,-0.642885,-124.124482,39.049749,0.629995,40.007279,-55.3346,-0.629995,0.642885,0.435667,-0.435667,NA,NA,NA,NA,NA,NA,NA,NA,NA,NA,NA,NA
NA,NA,NA,NA,NA,NA,NA,NA,NA,NA,NA,NA,NA,NA,NA,NA,81,2026-02-11,16:55:57,21,6,"Slifka, Denver",10107869,Right,CAR_EAG,"Hubbard, Ian",10071315,Left,CAR_EAG,Undefined,1,Top,1,3,2,Cutter,Slider,StrikeCalled,Strikeout,Undefined,Undefined,0,0,NA,80.47661,-1.232672,-2.199055,2200.925348,134.791465,10:30:00,6.08945,1.68642,6.46369,-35.17069,7.59685,-6.14552,2.0253,-0.84661,73.16774,-7.821433,-3.313736,0.470683,NA,NA,NA,NA,NA,NA,NA,NA,NA,NA,NA,2.56851,4.74205,-1.52826,50,5.98656,4.69207,-116.83959,-3.48389,3.49353,25.31317,-25.72413,CAR_EAG,CAR_EAG,CarsonNewman,TeamExclusive,Team,20260211-CarsonNewman-Private-1,7310ef80-0794-11f1-8430-5bbec0bc33d6,80.0803,NA,NA,7.30887,NA,NA,NA,NA,NA,NA,813d84c6-9e85-4980-b2d1-c32038cb1203,2026-02-11,21:55:57,2026-02-11T21:55:57Z,2026-02-11T21:55:57Z,NA,v3,CNE,CNE,NA,NA,NA,Undefined,CAR_EAG,b636df2e-7421-4077-ae62-cbc4f079dcdc,54.0387,-117.71131,12.65659,6.09129,-2.59801,-12.86206,-1.68777,4.57176,1.74677,NA,NA,NA,NA,NA,NA,NA,NA,NA,NA,NA,NA,NA,NA,NA,NA,NA,NA,NA,NA,NA,NA,NA,NA,NA,NA,NA,NA,NA,NA,NA,NA,NA,NA,NA,NA,NA,NA,NA,NA,NA,NA,NA,NA,NA,NA,NA,NA,NA,NA,High,High,High,NA,NA,NA,NA,NA,198.595744,62.061899,1031.171846,0.468517,12:30:00,-0.896427,-0.168376,-0.409962,88.214021,-16.181796,-59.241246,0.415752,158.535786,-0.846402,19.438586,0.846402,-0.332796,-0.415752,26.160206,24.566664,0.332796,0.332796,-158.535786,-24.566664,0.415752,-19.438586,-26.160206,-0.415752,-0.332796,0.846402,-0.846402,NA,NA,NA,NA,NA,NA,NA,NA,NA,NA,NA,NA
NA,NA,NA,NA,NA,NA,NA,NA,NA,NA,NA,NA,NA,NA,NA,NA,82,2026-02-11,16:56:14,22,1,"Slifka, Denver",10107869,Right,CAR_EAG,"Hubbard, Ian",10071315,Left,CAR_EAG,Undefined,1,Top,2,0,0,Cutter,Slider,StrikeSwinging,Undefined,Undefined,Undefined,0,0,NA,79.71598,-0.195623,-2.26416,2162.288992,164.610364,11:30:00,6.11359,1.50725,5.94888,-40.05227,4.88272,-0.86772,2.59432,-0.66622,71.59536,-7.651185,-2.42004,0.482463,NA,NA,NA,NA,NA,NA,NA,NA,NA,NA,NA,-0.3528,3.10606,-1.32649,50,6.07613,4.59849,-115.45366,-1.63701,-0.46439,26.4496,-28.08532,CAR_EAG,CAR_EAG,CarsonNewman,TeamExclusive,Team,20260211-CarsonNewman-Private-1,7d07e660-0794-11f1-8430-5bbec0bc33d6,78.12509,NA,NA,8.12062,NA,NA,NA,NA,NA,NA,813d84c6-9e85-4980-b2d1-c32038cb1203,2026-02-11,21:56:14,2026-02-11T21:56:14Z,2026-02-11T21:56:14Z,NA,v3,CNE,CNE,NA,NA,NA,Undefined,CAR_EAG,a85e7687-ed20-46a4-843c-a0a7a66886e7,54.54744,-116.49078,13.2248,6.11873,-0.53574,-14.04266,-1.50716,4.6167,-0.23219,NA,NA,NA,NA,NA,NA,NA,NA,NA,NA,NA,NA,NA,NA,NA,NA,NA,NA,NA,NA,NA,NA,NA,NA,NA,NA,NA,NA,NA,NA,NA,NA,NA,NA,NA,NA,NA,NA,NA,NA,NA,NA,NA,NA,NA,NA,NA,NA,NA,NA,High,High,High,NA,NA,NA,NA,NA,183.451612,75.387228,545.513214,0.252285,12:00:00,-0.976789,-0.018493,-0.213404,88.765358,12.689807,-46.787139,0.592433,152.854459,-0.716881,21.565572,0.716881,-0.367566,-0.592433,39.570465,36.329871,0.367566,0.367566,-152.854459,-36.329871,0.592433,-21.565572,-39.570465,-0.592433,-0.367566,0.716881,-0.716881,NA,NA,NA,NA,NA,NA,NA,NA,NA,NA,NA,NA
NA,NA,NA,NA,NA,NA,NA,NA,NA,NA,NA,NA,NA,NA,NA,NA,83,2026-02-11,16:56:28,22,2,"Slifka, Denver",10107869,Right,CAR_EAG,"Hubbard, Ian",10071315,Left,CAR_EAG,Undefined,1,Top,2,0,1,Slider,Curveball,BallCalled,Undefined,Undefined,Undefined,0,0,NA,74.85454,-0.009794,-1.930703,2449.175058,50.042279,07:45:00,5.9905,1.70829,5.77374,-61.83606,-11.05591,-15.25839,0.82838,-1.36059,68.62573,-11.261303,-4.670533,0.512883,NA,NA,NA,NA,NA,NA,NA,NA,NA,NA,NA,7.12741,-5.06689,-1.53957,50,5.9529,4.21681,-108.63877,-1.97509,8.37404,22.03467,-38.12714,CAR_EAG,CAR_EAG,CarsonNewman,TeamExclusive,Team,20260211-CarsonNewman-Private-1,855d8950-0794-11f1-8430-5bbec0bc33d6,73.49128,NA,NA,6.22882,NA,NA,NA,NA,NA,NA,813d84c6-9e85-4980-b2d1-c32038cb1203,2026-02-11,21:56:28,2026-02-11T21:56:28Z,2026-02-11T21:56:28Z,NA,v3,CNE,CNE,NA,NA,NA,Undefined,CAR_EAG,39866e21-760d-4772-8d4a-7c51cfb1a5a0,54.72984,-109.5939,11.01734,6.00269,-0.3224,-19.06357,-1.71449,3.85382,4.18702,NA,NA,NA,NA,NA,NA,NA,NA,NA,NA,NA,NA,NA,NA,NA,NA,NA,NA,NA,NA,NA,NA,NA,NA,NA,NA,NA,NA,NA,NA,NA,NA,NA,NA,NA,NA,NA,NA,NA,NA,NA,NA,NA,NA,NA,NA,NA,NA,NA,NA,High,High,High,NA,NA,NA,NA,NA,40.124329,51.927497,1510.303729,0.616658,07:15:00,-0.770966,0.39727,0.497783,-10.400691,19.135447,27.797987,-0.632545,123.769618,-0.430523,-40.079169,0.430523,-0.643845,0.632545,55.760015,-39.238138,0.643845,-0.643845,-123.769618,39.238138,0.632545,40.079169,-55.760015,-0.632545,0.643845,0.430523,-0.430523,NA,NA,NA,NA,NA,NA,NA,NA,NA,NA,NA,NA
NA,NA,NA,NA,NA,NA,NA,NA,NA,NA,NA,NA,NA,NA,NA,NA,84,2026-02-11,16:56:46,22,3,"Slifka, Denver",10107869,Right,CAR_EAG,"Hubbard, Ian",10071315,Left,CAR_EAG,Undefined,1,Top,2,1,1,Fastball,Changeup,BallCalled,Undefined,Undefined,Undefined,0,0,NA,83.27847,-0.660818,-2.506536,1816.626898,232.167942,01:45:00,5.99993,1.58857,6.50404,-27.56187,12.5265,14.20371,3.09598,0.47015,74.89825,-5.908935,0.070987,0.455702,NA,NA,NA,NA,NA,NA,NA,NA,NA,NA,NA,-8.24634,7.21367,-1.41879,50,5.9418,4.75704,-120.79123,-2.13997,-11.94258,27.86684,-21.727,CAR_EAG,CAR_EAG,CarsonNewman,TeamExclusive,Team,20260211-CarsonNewman-Private-1,8fe9e260-0794-11f1-8430-5bbec0bc33d6,82.713,NA,NA,8.38022,NA,NA,NA,NA,NA,NA,813d84c6-9e85-4980-b2d1-c32038cb1203,2026-02-11,21:56:46,2026-02-11T21:56:46Z,2026-02-11T21:56:46Z,NA,v3,CNE,CNE,NA,NA,NA,Undefined,CAR_EAG,9fa1882f-f0fd-4e37-9c8b-dd958b37900a,53.99406,-121.70919,13.93342,6.0005,-1.42427,-10.8635,-1.58197,5.15043,-5.97129,NA,NA,NA,NA,NA,NA,NA,NA,NA,NA,NA,NA,NA,NA,NA,NA,NA,NA,NA,NA,NA,NA,NA,NA,NA,NA,NA,NA,NA,NA,NA,NA,NA,NA,NA,NA,NA,NA,NA,NA,NA,NA,NA,NA,NA,NA,NA,NA,NA,NA,High,High,High,NA,NA,NA,NA,NA,216.290078,30.836156,1559.822347,0.858637,01:15:00,-0.536472,-0.514082,-0.669266,49.73659,41.524271,5.001316,-0.976167,177.364602,-0.216791,-0.571744,0.216791,-0.009979,0.976167,77.478733,-77.465895,0.009979,-0.009979,-177.364602,77.465895,0.976167,0.571744,-77.478733,-0.976167,0.009979,0.216791,-0.216791,NA,NA,NA,NA,NA,NA,NA,NA,NA,NA,NA,NA
NA,NA,NA,NA,NA,NA,NA,NA,NA,NA,NA,NA,NA,NA,NA,NA,85,2026-02-11,16:57:07,22,4,"Slifka, Denver",10107869,Right,CAR_EAG,"Hubbard, Ian",10071315,Left,CAR_EAG,Undefined,1,Top,2,2,1,Slider,Curveball,BallCalled,Undefined,Undefined,Undefined,0,0,NA,74.33636,-0.457199,-1.617269,2353.913403,44.960182,07:30:00,6.0135,1.546,5.80654,-63.68543,-12.193,-13.948,0.28101,-1.12081,68.18585,-12.034745,-4.127092,0.516468,NA,NA,NA,NA,NA,NA,NA,NA,NA,NA,NA,6.60197,-5.57343,-1.40487,50,5.93823,3.54086,-107.90282,-2.84158,7.63643,22.08856,-38.62077,CAR_EAG,CAR_EAG,CarsonNewman,TeamExclusive,Team,20260211-CarsonNewman-Private-1,9cfbfbf0-0794-11f1-8430-5bbec0bc33d6,72.98122,NA,NA,6.15051,NA,NA,NA,NA,NA,NA,813d84c6-9e85-4980-b2d1-c32038cb1203,2026-02-11,21:57:07,2026-02-11T21:57:07Z,2026-02-11T21:57:07Z,NA,v3,CNE,CNE,NA,NA,NA,Undefined,CAR_EAG,46dc2b82-9fed-41b5-b1b6-b0e683d49aab,54.6976,-108.86021,11.04428,6.02512,-1.16763,-19.31039,-1.55116,3.20987,3.81822,NA,NA,NA,NA,NA,NA,NA,NA,NA,NA,NA,NA,NA,NA,NA,NA,NA,NA,NA,NA,NA,NA,NA,NA,NA,NA,NA,NA,NA,NA,NA,NA,NA,NA,NA,NA,NA,NA,NA,NA,NA,NA,NA,NA,NA,NA,NA,NA,NA,NA,High,High,High,NA,NA,NA,NA,NA,35.370199,45.974354,1635.923399,0.69498,07:15:00,-0.705934,0.396544,0.586864,-5.714148,23.455549,29.751159,-0.614978,123.93816,-0.440242,-40.859628,0.440242,-0.654208,0.614978,54.402404,-37.950356,0.654208,-0.654208,-123.93816,37.950356,0.614978,40.859628,-54.402404,-0.614978,0.654208,0.440242,-0.440242,NA,NA,NA,NA,NA,NA,NA,NA,NA,NA,NA,NA
NA,NA,NA,NA,NA,NA,NA,NA,NA,NA,NA,NA,NA,NA,NA,NA,86,2026-02-11,16:57:27,22,5,"Slifka, Denver",10107869,Right,CAR_EAG,"Hubbard, Ian",10071315,Left,CAR_EAG,Undefined,1,Top,2,3,1,Cutter,Slider,BallCalled,Walk,Undefined,Undefined,0,0,NA,79.54798,-1.795384,-2.212124,2214.154799,162.384479,11:30:00,6.08876,1.51663,6.07246,-39.68601,4.78146,-1.02079,1.11842,-0.61648,72.45484,-9.137771,-2.396154,0.479946,NA,NA,NA,NA,NA,NA,NA,NA,NA,NA,NA,-0.18043,3.53189,-1.34475,50,5.9289,4.49293,-115.32365,-4.82512,-0.23964,24.21487,-27.48339,CAR_EAG,CAR_EAG,CarsonNewman,TeamExclusive,Team,20260211-CarsonNewman-Private-1,a8d5bc90-0794-11f1-8430-5bbec0bc33d6,78.5347,NA,NA,7.09314,NA,NA,NA,NA,NA,NA,813d84c6-9e85-4980-b2d1-c32038cb1203,2026-02-11,21:57:27,2026-02-11T21:57:27Z,2026-02-11T21:57:27Z,NA,v3,CNE,CNE,NA,NA,NA,Undefined,CAR_EAG,28eac25d-99cc-4bf7-b15d-03615b456910,54.42595,-116.24927,12.10743,6.09326,-3.77456,-13.7417,-1.51667,4.50209,-0.11982,NA,NA,NA,NA,NA,NA,NA,NA,NA,NA,NA,NA,NA,NA,NA,NA,NA,NA,NA,NA,NA,NA,NA,NA,NA,NA,NA,NA,NA,NA,NA,NA,NA,NA,NA,NA,NA,NA,NA,NA,NA,NA,NA,NA,NA,NA,NA,NA,NA,NA,High,High,High,NA,NA,NA,NA,NA,192.57508,71.949741,686.058346,0.309851,12:30:00,-0.959171,-0.097216,-0.265593,96.326279,13.751813,-41.6904,0.569484,156.175897,-0.751959,19.392124,0.751959,-0.332031,-0.569484,37.137891,34.714279,0.332031,0.332031,-156.175897,-34.714279,0.569484,-19.392124,-37.137891,-0.569484,-0.332031,0.751959,-0.751959,NA,NA,NA,NA,NA,NA,NA,NA,NA,NA,NA,NA
NA,NA,NA,NA,NA,NA,NA,NA,NA,NA,NA,NA,NA,NA,NA,NA,87,2026-02-11,16:57:47,23,1,"Slifka, Denver",10107869,Right,CAR_EAG,"Hubbard, Ian",10071315,Left,CAR_EAG,Undefined,1,Top,2,0,0,Slider,Curveball,BallCalled,Undefined,Undefined,Undefined,0,0,NA,73.33867,2.962888,-0.171452,2270.38897,54.646591,07:45:00,5.98536,1.82974,5.71571,-63.23625,-10.19288,-16.95714,3.47836,0.25692,66.60563,-8.626447,-3.206922,0.524188,NA,NA,NA,NA,NA,NA,NA,NA,NA,NA,NA,8.52532,-5.54776,-1.80485,50,6.19462,0.93428,-106.35231,3.52905,9.61165,20.90103,-38.42873,CAR_EAG,CAR_EAG,CarsonNewman,TeamExclusive,Team,20260211-CarsonNewman-Private-1,b4831600-0794-11f1-8430-5bbec0bc33d6,71.90637,NA,NA,6.73304,NA,NA,NA,NA,NA,NA,813d84c6-9e85-4980-b2d1-c32038cb1203,2026-02-11,21:57:47,2026-02-11T21:57:47Z,2026-02-11T21:57:47Z,NA,v3,CNE,CNE,NA,NA,NA,Undefined,CAR_EAG,c2c71572-23a7-4fcf-a05f-ed7e743311e7,54.78784,-107.28912,10.45052,5.99784,5.25147,-19.21437,-1.83707,0.50347,4.80582,NA,NA,NA,NA,NA,NA,NA,NA,NA,NA,NA,NA,NA,NA,NA,NA,NA,NA,NA,NA,NA,NA,NA,NA,NA,NA,NA,NA,NA,NA,NA,NA,NA,NA,NA,NA,NA,NA,NA,NA,NA,NA,NA,NA,NA,NA,NA,NA,NA,NA,High,High,High,NA,NA,NA,NA,NA,37.707373,38.347758,1780.574093,0.784259,07:15:00,-0.59295,0.511104,0.62224,-9.127998,26.992802,18.604114,-0.637706,128.12765,-0.475583,-37.295865,0.475583,-0.605931,0.637706,53.285458,-39.620947,0.605931,-0.605931,-128.12765,39.620947,0.637706,37.295865,-53.285458,-0.637706,0.605931,0.475583,-0.475583,NA,NA,NA,NA,NA,NA,NA,NA,NA,NA,NA,NA
NA,NA,NA,NA,NA,NA,NA,NA,NA,NA,NA,NA,NA,NA,NA,NA,88,2026-02-11,16:58:05,23,2,"Slifka, Denver",10107869,Right,CAR_EAG,"Hubbard, Ian",10071315,Left,CAR_EAG,Undefined,1,Top,2,1,0,Cutter,Slider,BallCalled,Undefined,Undefined,Undefined,0,0,NA,80.23242,-1.719957,-2.274496,2161.867931,121.820074,10:00:00,6.0301,1.8074,5.92651,-40.27191,3.82095,-3.59689,1.0764,-0.60399,72.8772,-9.150566,-2.921014,0.47792,NA,NA,NA,NA,NA,NA,NA,NA,NA,NA,NA,1.09425,3.00461,-1.6234,50,5.86992,4.75526,-116.26071,-4.7608,1.47196,25.28822,-28.13228,CAR_EAG,CAR_EAG,CarsonNewman,TeamExclusive,Team,20260211-CarsonNewman-Private-1,bf2456a0-0794-11f1-8430-5bbec0bc33d6,78.86762,NA,NA,7.35522,NA,NA,NA,NA,NA,NA,813d84c6-9e85-4980-b2d1-c32038cb1203,2026-02-11,21:58:05,2026-02-11T21:58:05Z,2026-02-11T21:58:05Z,NA,v3,CNE,CNE,NA,NA,NA,Undefined,CAR_EAG,601049ba-8ae9-46e3-b270-c9425ba8cffd,54.57213,-117.25099,12.64411,6.03478,-3.65915,-14.06614,-1.80848,4.69761,0.73598,NA,NA,NA,NA,NA,NA,NA,NA,NA,NA,NA,NA,NA,NA,NA,NA,NA,NA,NA,NA,NA,NA,NA,NA,NA,NA,NA,NA,NA,NA,NA,NA,NA,NA,NA,NA,NA,NA,NA,NA,NA,NA,NA,NA,NA,NA,NA,NA,NA,NA,High,High,High,NA,NA,NA,NA,NA,195.029193,68.900667,778.242064,0.359986,12:30:00,-0.942801,-0.121308,-0.3105,96.997862,14.517386,-40.642197,0.537873,153.909448,-0.757122,21.762204,0.757122,-0.370755,-0.537873,35.390676,32.538958,0.370755,0.370755,-153.909448,-32.538958,0.537873,-21.762204,-35.390676,-0.537873,-0.370755,0.757122,-0.757122,NA,NA,NA,NA,NA,NA,NA,NA,NA,NA,NA,NA
NA,NA,NA,NA,NA,NA,NA,NA,NA,NA,NA,NA,NA,NA,NA,NA,89,2026-02-11,16:58:18,23,3,"Slifka, Denver",10107869,Right,CAR_EAG,"Hubbard, Ian",10071315,Left,CAR_EAG,Undefined,1,Top,2,2,0,Cutter,Curveball,StrikeCalled,Undefined,Undefined,Undefined,0,0,NA,77.5545,0.820781,-1.392202,2256.40093,38.264045,07:15:00,6.12683,1.73287,5.94678,-49.04723,-1.95067,-2.87461,2.80116,0.20172,70.22183,-8.243566,-1.909233,0.493931,NA,NA,NA,NA,NA,NA,NA,NA,NA,NA,NA,1.00673,-0.73252,-1.62043,50,6.16519,2.84136,-112.49069,0.08078,1.26681,23.82553,-33.0958,CAR_EAG,CAR_EAG,CarsonNewman,TeamExclusive,Team,20260211-CarsonNewman-Private-1,c7409a10-0794-11f1-8430-5bbec0bc33d6,76.3112,NA,NA,7.33267,NA,NA,NA,NA,NA,NA,813d84c6-9e85-4980-b2d1-c32038cb1203,2026-02-11,21:58:18,2026-02-11T21:58:18Z,2026-02-11T21:58:18Z,NA,v3,CNE,CNE,NA,NA,NA,Undefined,CAR_EAG,dfc473f7-d830-4732-84fb-90b737d1bd1a,54.55245,-113.4508,11.91277,6.13507,1.41446,-16.5479,-1.7339,2.79032,0.6334,NA,NA,NA,NA,NA,NA,NA,NA,NA,NA,NA,NA,NA,NA,NA,NA,NA,NA,NA,NA,NA,NA,NA,NA,NA,NA,NA,NA,NA,NA,NA,NA,NA,NA,NA,NA,NA,NA,NA,NA,NA,NA,NA,NA,NA,NA,NA,NA,NA,NA,High,High,High,NA,NA,NA,NA,NA,135.101147,81.919057,317.186651,0.140572,10:30:00,-0.990675,0.113396,-0.075527,79.785416,14.137079,-54.070894,0.634331,151.880527,-0.681814,21.36776,0.681814,-0.364353,-0.634331,42.933814,39.370405,0.364353,0.364353,-151.880527,-39.370405,0.634331,-21.36776,-42.933814,-0.634331,-0.364353,0.681814,-0.681814,NA,NA,NA,NA,NA,NA,NA,NA,NA,NA,NA,NA
NA,NA,NA,NA,NA,NA,NA,NA,NA,NA,NA,NA,NA,NA,NA,NA,90,2026-02-11,16:58:33,23,4,"Slifka, Denver",10107869,Right,CAR_EAG,"Hubbard, Ian",10071315,Left,CAR_EAG,Undefined,1,Top,2,2,1,Slider,Curveball,StrikeCalled,Undefined,Undefined,Undefined,0,0,NA,73.44802,1.605033,-0.465202,2461.159893,55.391073,07:45:00,6.09172,1.67653,5.66673,-63.45976,-10.2693,-17.65784,2.30046,-0.22874,66.66945,-9.998429,-3.628019,0.524914,NA,NA,NA,NA,NA,NA,NA,NA,NA,NA,NA,8.78512,-5.17693,-1.62593,50,6.18766,1.50781,-106.54058,0.99194,9.87888,22.00033,-37.99552,CAR_EAG,CAR_EAG,CarsonNewman,TeamExclusive,Team,20260211-CarsonNewman-Private-1,cfddcd50-0794-11f1-8430-5bbec0bc33d6,71.80687,NA,NA,6.77857,NA,NA,NA,NA,NA,NA,813d84c6-9e85-4980-b2d1-c32038cb1203,2026-02-11,21:58:33,2026-02-11T21:58:33Z,2026-02-11T21:58:33Z,NA,v3,CNE,CNE,NA,NA,NA,Undefined,CAR_EAG,cb1dd06c-d303-42aa-ac54-743f770f214e,54.83634,-107.53463,11.00017,6.10405,2.70871,-18.99776,-1.68397,1.06144,4.93944,NA,NA,NA,NA,NA,NA,NA,NA,NA,NA,NA,NA,NA,NA,NA,NA,NA,NA,NA,NA,NA,NA,NA,NA,NA,NA,NA,NA,NA,NA,NA,NA,NA,NA,NA,NA,NA,NA,NA,NA,NA,NA,NA,NA,NA,NA,NA,NA,NA,NA,High,High,High,NA,NA,NA,NA,NA,39.936275,45.767962,1716.821137,0.697566,07:15:00,-0.699331,0.467686,0.540561,-9.965864,23.16512,20.663404,-0.662724,123.956383,-0.418286,-38.400503,0.418286,-0.621155,0.662724,57.741427,-41.507966,0.621155,-0.621155,-123.956383,41.507966,0.662724,38.400503,-57.741427,-0.662724,0.621155,0.418286,-0.418286,NA,NA,NA,NA,NA,NA,NA,NA,NA,NA,NA,NA
NA,NA,NA,NA,NA,NA,NA,NA,NA,NA,NA,NA,NA,NA,NA,NA,91,2026-02-11,16:58:47,23,5,"Slifka, Denver",10107869,Right,CAR_EAG,"Hubbard, Ian",10071315,Left,CAR_EAG,Undefined,1,Top,2,2,2,ChangeUp,Changeup,BallCalled,Undefined,Undefined,Undefined,0,0,NA,79.33296,-2.34337,-3.857849,1417.707913,249.988176,02:15:00,6.12494,1.52205,6.21298,-38.5399,5.89174,11.95611,0.74443,-1.04746,72.4851,-9.483223,-1.700312,0.479753,NA,NA,NA,NA,NA,NA,NA,NA,NA,NA,NA,-7.34591,4.25847,-1.23797,50,5.92985,7.31061,-114.88859,-5.84806,-9.72575,23.15902,-26.53594,CAR_EAG,CAR_EAG,CarsonNewman,TeamExclusive,Team,20260211-CarsonNewman-Private-1,d80422e0-0794-11f1-8430-5bbec0bc33d6,78.56637,NA,NA,6.84786,NA,NA,NA,NA,NA,NA,813d84c6-9e85-4980-b2d1-c32038cb1203,2026-02-11,21:58:47,2026-02-11T21:58:47Z,2026-02-11T21:58:47Z,NA,v3,CNE,CNE,NA,NA,NA,Undefined,CAR_EAG,b2d12f92-d71d-4dca-81d2-c3e3ee2a8b2e,54.28659,-115.74945,11.57951,6.1289,-4.86168,-13.26797,-1.51643,7.67214,-4.86288,NA,NA,NA,NA,NA,NA,NA,NA,NA,NA,NA,NA,NA,NA,NA,NA,NA,NA,NA,NA,NA,NA,NA,NA,NA,NA,NA,NA,NA,NA,NA,NA,NA,NA,NA,NA,NA,NA,NA,NA,NA,NA,NA,NA,NA,NA,NA,NA,NA,NA,High,High,High,NA,NA,NA,NA,NA,235.782984,11.095567,1391.207486,0.981308,01:45:00,-0.195873,-0.818647,-0.539862,50.029115,-21.992137,43.634491,0.857424,112.739717,-0.198921,28.334001,0.198921,-0.474611,-0.857424,76.938556,59.028532,0.474611,0.474611,-112.739717,-59.028532,0.857424,-28.334001,-76.938556,-0.857424,-0.474611,0.198921,-0.198921,NA,NA,NA,NA,NA,NA,NA,NA,NA,NA,NA,NA
NA,NA,NA,NA,NA,NA,NA,NA,NA,NA,NA,NA,NA,NA,NA,NA,92,2026-02-11,16:59:01,23,6,"Slifka, Denver",10107869,Right,CAR_EAG,"Hubbard, Ian",10071315,Left,CAR_EAG,Undefined,1,Top,2,3,2,Fastball,Changeup,InPlay,Undefined,GroundBall,Out,1,0,NA,83.4364,-0.816159,-2.692437,1992.404501,243.276234,02:00:00,6.16141,1.7856,6.32828,-29.18269,11.39717,19.39914,2.97704,0.92089,74.41692,-6.360845,0.817026,0.458487,39.98465,-60.868452,-120.376795,NA,NA,NA,NA,4.83142,4.95044,-31.250174,0.065312,-11.0689,6.67992,-1.59775,50,6.08823,4.94339,-120.88363,-2.54992,-15.89691,30.0202,-22.58048,CAR_EAG,CAR_EAG,CarsonNewman,TeamExclusive,Team,20260211-CarsonNewman-Private-1,e0c001b0-0794-11f1-8430-5bbec0bc33d6,82.21057,3.3972,NA,9.01948,NA,NA,NA,NA,NA,NA,813d84c6-9e85-4980-b2d1-c32038cb1203,2026-02-11,21:59:01,2026-02-11T21:59:01Z,2026-02-11T21:59:01Z,GroundBall,v3,CNE,CNE,NA,NA,NA,Undefined,CAR_EAG,03d77187-efb4-4728-872e-7658c47ccd21,54.17001,-121.91481,15.0101,6.16249,-1.77429,-11.29024,-1.77694,5.48944,-7.94845,180,5.09019,-14.65924,NA,NA,NA,NA,NA,NA,NA,3.4055,-52.01536,NA,NA,NA,NA,NA,NA,NA,-0.86904,-25.00926,NA,NA,NA,NA,NA,NA,NA,NA,NA,NA,NA,NA,NA,NA,NA,NA,NA,NA,NA,NA,NA,NA,NA,NA,NA,NA,NA,NA,NA,High,High,High,Low,Low,NA,NA,NA,211.868626,36.375362,1604.182303,0.805149,01:00:00,-0.61843,-0.433502,-0.655455,79.990152,54.754049,40.816621,-0.963631,157.652655,-0.247166,-5.831831,0.247166,-0.101609,0.963631,75.614056,-74.500083,0.101609,-0.101609,-157.652655,74.500083,0.963631,5.831831,-75.614056,-0.963631,0.101609,0.247166,-0.247166,NA,NA,NA,NA,NA,NA,NA,NA,NA,NA,NA,NA
NA,NA,NA,NA,NA,NA,NA,NA,NA,NA,NA,NA,NA,NA,NA,NA,93,2026-02-11,16:59:56,24,1,"Shelton, Harrison",1000370205,Left,CAR_EAG,"Hubbard, Ian",10071315,Left,CAR_EAG,Undefined,1,Top,0,0,0,Fastball,Changeup,BallCalled,Undefined,Undefined,Undefined,0,0,NA,83.14383,-1.828536,2.047849,2063.374065,135.118045,10:30:00,6.51995,-2.2697600000000002,6.05725,-23.92556,16.498,-15.06639,2.83195,-1.62892,75.7314,-6.344425,-0.664663,0.457603,NA,NA,NA,NA,NA,NA,NA,NA,NA,NA,NA,8.28536,9.43331,2.1181,50,6.3649,-3.71357,-120.61671,-4.52967,12.13651,24.70423,-18.35604,CAR_EAG,CAR_EAG,CarsonNewman,TeamExclusive,Team,20260211-CarsonNewman-Private-1,01b1ff40-0795-11f1-8430-5bbec0bc33d6,82.36934,NA,NA,7.41243,NA,NA,NA,NA,NA,NA,813d84c6-9e85-4980-b2d1-c32038cb1203,2026-02-11,21:59:56,2026-02-11T21:59:56Z,2026-02-11T21:59:56Z,NA,v3,CNE,CNE,NA,NA,NA,Undefined,CAR_EAG,7363ba57-f1c3-415d-b07b-76f37c31f440,54.44106,-121.5229,12.35212,6.51871,-3.85634,-9.17802,2.26248,-4.15876,6.06825,NA,NA,NA,NA,NA,NA,NA,NA,NA,NA,NA,NA,NA,NA,NA,NA,NA,NA,NA,NA,NA,NA,NA,NA,NA,NA,NA,NA,NA,NA,NA,NA,NA,NA,NA,NA,NA,NA,NA,NA,NA,NA,NA,NA,NA,NA,NA,NA,NA,NA,High,High,High,NA,NA,NA,NA,NA,144.309526,-29.129472,1802.40252,0.873522,10:45:00,0.495327,0.524891,-0.6922,110.473575,-29.979702,19.275605,-0.209564,90.635493,-0.010845,-77.886753,0.010845,-0.977735,0.209564,87.03759,-12.096815,0.977735,-0.977735,-90.635493,12.096815,0.209564,77.886753,-87.03759,-0.209564,0.977735,0.010845,-0.010845,NA,NA,NA,NA,NA,NA,NA,NA,NA,NA,NA,NA
NA,NA,NA,NA,NA,NA,NA,NA,NA,NA,NA,NA,NA,NA,NA,NA,94,2026-02-11,17:00:11,24,2,"Shelton, Harrison",1000370205,Left,CAR_EAG,"Hubbard, Ian",10071315,Left,CAR_EAG,Undefined,1,Top,0,1,0,Fastball,Splitter,BallCalled,Undefined,Undefined,Undefined,0,0,NA,83.18123,-1.869437,2.018676,2157.366361,142.365348,10:45:00,6.67931,-1.97405,6.09094,-22.83249,17.41229,-12.39611,3.0456,-1.13892,75.91744,-6.186459,-0.214116,0.45659,NA,NA,NA,NA,NA,NA,NA,NA,NA,NA,NA,6.93607,9.91115,1.82455,50,6.52289,-3.76993,-120.70626,-4.57584,10.19789,24.25245,-17.60196,CAR_EAG,CAR_EAG,CarsonNewman,TeamExclusive,Team,20260211-CarsonNewman-Private-1,0a5b6780-0795-11f1-8430-5bbec0bc33d6,82.55208,NA,NA,7.26379,NA,NA,NA,NA,NA,NA,813d84c6-9e85-4980-b2d1-c32038cb1203,2026-02-11,22:00:11,2026-02-11T22:00:11Z,2026-02-11T22:00:11Z,NA,v3,CNE,CNE,NA,NA,NA,Undefined,CAR_EAG,ef85083a-124a-4473-b869-00dd46ac86c4,54.40803,-121.5887,12.12623,6.67774,-3.93538,-8.80098,1.96847,-4.14099,5.09894,NA,NA,NA,NA,NA,NA,NA,NA,NA,NA,NA,NA,NA,NA,NA,NA,NA,NA,NA,NA,NA,NA,NA,NA,NA,NA,NA,NA,NA,NA,NA,NA,NA,NA,NA,NA,NA,NA,NA,NA,NA,NA,NA,NA,NA,NA,NA,NA,NA,NA,High,High,High,NA,NA,NA,NA,NA,149.084768,-31.442942,1840.578834,0.85316,11:00:00,0.532541,0.455111,-0.713634,111.671551,-29.765349,13.502083,-0.187371,92.770788,-0.047484,-78.854918,0.047484,-0.981141,0.187371,75.77923,-10.799386,0.981141,-0.981141,-92.770788,10.799386,0.187371,78.854918,-75.77923,-0.187371,0.981141,0.047484,-0.047484,NA,NA,NA,NA,NA,NA,NA,NA,NA,NA,NA,NA
NA,NA,NA,NA,NA,NA,NA,NA,NA,NA,NA,NA,NA,NA,NA,NA,95,2026-02-11,17:00:27,24,3,"Shelton, Harrison",1000370205,Left,CAR_EAG,"Hubbard, Ian",10071315,Left,CAR_EAG,Undefined,1,Top,0,2,0,Curveball,Curveball,StrikeCalled,Undefined,Undefined,Undefined,0,0,NA,73.50832,0.643513,0.316412,2351.136435,284.922616,03:30:00,6.62967,-2.36991,5.17268,-55.19432,-1.65563,12.95418,2.63577,-0.99262,67.27115,-9.370101,2.615165,0.52663,NA,NA,NA,NA,NA,NA,NA,NA,NA,NA,NA,-6.33485,-0.44626,2.33024,50,6.64774,-1.08682,-106.62215,-0.62713,-7.2242,19.93265,-32.68298,CAR_EAG,CAR_EAG,CarsonNewman,TeamExclusive,Team,20260211-CarsonNewman-Private-1,13accf90-0795-11f1-8430-5bbec0bc33d6,71.57295,NA,NA,6.23717,NA,NA,NA,NA,NA,NA,813d84c6-9e85-4980-b2d1-c32038cb1203,2026-02-11,22:00:27,2026-02-11T22:00:27Z,2026-02-11T22:00:27Z,NA,v3,CNE,CNE,NA,NA,NA,Undefined,CAR_EAG,dad90b58-1da3-4291-802c-4a7c3cf5969d,55.32824,-107.61364,9.96633,6.6385,0.99858,-16.34149,2.37536,-0.72748,-3.6121,NA,NA,NA,NA,NA,NA,NA,NA,NA,NA,NA,NA,NA,NA,NA,NA,NA,NA,NA,NA,NA,NA,NA,NA,NA,NA,NA,NA,NA,NA,NA,NA,NA,NA,NA,NA,NA,NA,NA,NA,NA,NA,NA,NA,NA,NA,NA,NA,NA,NA,High,High,High,NA,NA,NA,NA,NA,307.005927,-70.882637,770.007157,0.327504,04:15:00,0.94075,-0.272131,0.202322,-51.695516,-45.180144,5.012456,0.178041,126.858248,-0.590254,51.937486,0.590254,-0.787339,-0.178041,16.785089,10.255647,0.787339,0.787339,-126.858248,-10.255647,0.178041,-51.937486,-16.785089,-0.178041,-0.787339,0.590254,-0.590254,NA,NA,NA,NA,NA,NA,NA,NA,NA,NA,NA,NA
NA,NA,NA,NA,NA,NA,NA,NA,NA,NA,NA,NA,NA,NA,NA,NA,96,2026-02-11,17:00:43,24,4,"Shelton, Harrison",1000370205,Left,CAR_EAG,"Hubbard, Ian",10071315,Left,CAR_EAG,Undefined,1,Top,0,2,1,Curveball,Curveball,StrikeSwinging,Undefined,Undefined,Undefined,0,0,NA,72.57567,1.013503,1.849738,2355.726566,314.189275,04:30:00,6.64585,-2.3085,5.4805,-66.36535,-11.90497,14.10772,2.06433,0.59854,66.63806,-11.010897,4.367461,0.531143,NA,NA,NA,NA,NA,NA,NA,NA,NA,NA,NA,-6.53166,-5.78748,2.13627,50,6.68973,-3.91188,-105.31321,-0.24928,-7.2368,20.12994,-38.58635,CAR_EAG,CAR_EAG,CarsonNewman,TeamExclusive,Team,20260211-CarsonNewman-Private-1,1d337870-0795-11f1-8430-5bbec0bc33d6,70.96473,NA,NA,5.93761,NA,NA,NA,NA,NA,NA,813d84c6-9e85-4980-b2d1-c32038cb1203,2026-02-11,22:00:43,2026-02-11T22:00:43Z,2026-02-11T22:00:43Z,NA,v3,CNE,CNE,NA,NA,NA,Undefined,CAR_EAG,8b659fa6-d1c4-4c61-a671-2eb121095d8c,55.02412,-106.2692,10.06497,6.65805,1.58322,-19.29317,2.31389,-3.5682,-3.6184,NA,NA,NA,NA,NA,NA,NA,NA,NA,NA,NA,NA,NA,NA,NA,NA,NA,NA,NA,NA,NA,NA,NA,NA,NA,NA,NA,NA,NA,NA,NA,NA,NA,NA,NA,NA,NA,NA,NA,NA,NA,NA,NA,NA,NA,NA,NA,NA,NA,NA,High,High,High,NA,NA,NA,NA,NA,325.07194,-51.806327,1456.596651,0.618322,04:45:00,0.762771,-0.367865,0.531842,84.961496,6.391351,48.488968,0.169739,150.82486,-0.860464,28.711994,0.860464,-0.480407,-0.169739,11.159124,9.772618,0.480407,0.480407,-150.82486,-9.772618,0.169739,-28.711994,-11.159124,-0.169739,-0.480407,0.860464,-0.860464,NA,NA,NA,NA,NA,NA,NA,NA,NA,NA,NA,NA
NA,NA,NA,NA,NA,NA,NA,NA,NA,NA,NA,NA,NA,NA,NA,NA,97,2026-02-11,17:01:00,24,5,"Shelton, Harrison",1000370205,Left,CAR_EAG,"Hubbard, Ian",10071315,Left,CAR_EAG,Undefined,1,Top,0,2,2,Fastball,Changeup,BallCalled,Undefined,Undefined,Undefined,0,0,NA,84.88769,-1.425418,3.741178,2108.001562,140.560125,10:45:00,6.67807,-1.82193,6.43447,-21.03206,17.21454,-13.1078,3.61231,0.52898,77.28237,-5.442812,1.370828,0.44511,NA,NA,NA,NA,NA,NA,NA,NA,NA,NA,NA,7.88091,9.77367,1.56074,50,6.56672,-7.54648,-123.08906,-3.61244,12.04005,25.39015,-17.24239,CAR_EAG,CAR_EAG,CarsonNewman,TeamExclusive,Team,20260211-CarsonNewman-Private-1,27d889a0-0795-11f1-8430-5bbec0bc33d6,84.68109,NA,NA,7.60532,NA,NA,NA,NA,NA,NA,813d84c6-9e85-4980-b2d1-c32038cb1203,2026-02-11,22:01:00,2026-02-11T22:01:00Z,2026-02-11T22:01:00Z,NA,v3,CNE,CNE,NA,NA,NA,Undefined,CAR_EAG,eb18e0b2-cf28-43cf-8fda-4b118f82532d,54.06459,-123.92464,12.69508,6.67626,-3.04499,-8.6212,1.81561,-7.94272,6.02002,NA,NA,NA,NA,NA,NA,NA,NA,NA,NA,NA,NA,NA,NA,NA,NA,NA,NA,NA,NA,NA,NA,NA,NA,NA,NA,NA,NA,NA,NA,NA,NA,NA,NA,NA,NA,NA,NA,NA,NA,NA,NA,NA,NA,NA,NA,NA,NA,NA,NA,High,High,High,NA,NA,NA,NA,NA,149.278368,-29.068084,1842.484004,0.874043,11:00:00,0.522606,0.458468,-0.718811,-30.954385,50.280475,57.77444,-0.196939,93.254928,-0.055667,-78.190703,0.055667,-0.978834,0.196939,74.216521,-11.357998,0.978834,-0.978834,-93.254928,11.357998,0.196939,78.190703,-74.216521,-0.196939,0.978834,0.055667,-0.055667,NA,NA,NA,NA,NA,NA,NA,NA,NA,NA,NA,NA
NA,NA,NA,NA,NA,NA,NA,NA,NA,NA,NA,NA,NA,NA,NA,NA,98,2026-02-11,17:01:15,24,6,"Shelton, Harrison",1000370205,Left,CAR_EAG,"Hubbard, Ian",10071315,Left,CAR_EAG,Undefined,1,Top,0,3,2,Fastball,Changeup,BallCalled,Walk,Undefined,Undefined,0,0,NA,82.04325,-0.671298,2.541957,2112.493455,151.237571,11:00:00,6.59292,-1.9635,5.94692,-23.74438,18.09824,-9.13457,3.99092,-0.36535,74.32563,-5.174012,0.9028,0.465566,NA,NA,NA,NA,NA,NA,NA,NA,NA,NA,NA,5.43481,9.90197,1.76597,50,6.52616,-4.92039,-118.95434,-2.05633,7.7131,24.8465,-18.12111,CAR_EAG,CAR_EAG,CarsonNewman,TeamExclusive,Team,20260211-CarsonNewman-Private-1,30bfe540-0795-11f1-8430-5bbec0bc33d6,80.96054,NA,NA,7.71762,NA,NA,NA,NA,NA,NA,813d84c6-9e85-4980-b2d1-c32038cb1203,2026-02-11,22:01:15,2026-02-11T22:01:15Z,2026-02-11T22:01:15Z,NA,v3,CNE,CNE,NA,NA,NA,Undefined,CAR_EAG,4985af9c-80ad-4026-b6d2-fecfc7cc33b2,54.55083,-119.90112,12.42325,6.59137,-1.36582,-9.06056,1.95907,-5.2143,3.85655,NA,NA,NA,NA,NA,NA,NA,NA,NA,NA,NA,NA,NA,NA,NA,NA,NA,NA,NA,NA,NA,NA,NA,NA,NA,NA,NA,NA,NA,NA,NA,NA,NA,NA,NA,NA,NA,NA,NA,NA,NA,NA,NA,NA,NA,NA,NA,NA,NA,NA,High,High,High,NA,NA,NA,NA,NA,152.968684,-43.297696,1537.473445,0.7278,11:00:00,0.709948,0.338781,-0.617415,86.366376,-39.549307,38.782576,-0.197503,96.962362,-0.11883,-76.673803,0.11883,-0.973074,0.197503,58.966331,-11.390962,0.973074,-0.973074,-96.962362,11.390962,0.197503,76.673803,-58.966331,-0.197503,0.973074,0.11883,-0.11883,NA,NA,NA,NA,NA,NA,NA,NA,NA,NA,NA,NA
NA,NA,NA,NA,NA,NA,NA,NA,NA,NA,NA,NA,NA,NA,NA,NA,99,2026-02-11,17:01:32,25,1,"Shelton, Harrison",1000370205,Left,CAR_EAG,"Hubbard, Ian",10071315,Left,CAR_EAG,Undefined,1,Top,0,0,0,Curveball,Curveball,StrikeCalled,Undefined,Undefined,Undefined,0,0,NA,75.22407,0.492086,0.993271,2373.883727,284.611533,03:30:00,6.47166,-2.39836,5.18181,-52.27641,-1.465,11.77989,2.57838,-0.48203,69.20245,-8.977937,3.082898,0.513041,NA,NA,NA,NA,NA,NA,NA,NA,NA,NA,NA,-5.58925,-0.38032,2.29669,50,6.47764,-2.34946,-109.17701,-0.82337,-6.72465,19.79323,-32.63162,CAR_EAG,CAR_EAG,CarsonNewman,TeamExclusive,Team,20260211-CarsonNewman-Private-1,3adf99d0-0795-11f1-8430-5bbec0bc33d6,73.46868,NA,NA,6.02162,NA,NA,NA,NA,NA,NA,813d84c6-9e85-4980-b2d1-c32038cb1203,2026-02-11,22:01:32,2026-02-11T22:01:32Z,2026-02-11T22:01:32Z,NA,v3,CNE,CNE,NA,NA,NA,Undefined,CAR_EAG,3381ab23-27a3-4083-8e0d-097358ddbaa2,55.32018,-110.13731,9.89661,6.47918,0.7598,-16.31581,2.40277,-2.0232,-3.36232,NA,NA,NA,NA,NA,NA,NA,NA,NA,NA,NA,NA,NA,NA,NA,NA,NA,NA,NA,NA,NA,NA,NA,NA,NA,NA,NA,NA,NA,NA,NA,NA,NA,NA,NA,NA,NA,NA,NA,NA,NA,NA,NA,NA,NA,NA,NA,NA,NA,NA,High,High,High,NA,NA,NA,NA,NA,300.811197,-79.83658,418.886856,0.176456,04:00:00,0.981256,-0.159999,0.107409,-59.536493,-38.520084,14.791767,0.20955,127.350625,-0.593221,51.012975,0.593221,-0.777288,-0.20955,19.455314,12.095989,0.777288,0.777288,-127.350625,-12.095989,0.20955,-51.012975,-19.455314,-0.20955,-0.777288,0.593221,-0.593221,NA,NA,NA,NA,NA,NA,NA,NA,NA,NA,NA,NA
NA,NA,NA,NA,NA,NA,NA,NA,NA,NA,NA,NA,NA,NA,NA,NA,100,2026-02-11,17:01:51,25,2,"Shelton, Harrison",1000370205,Left,CAR_EAG,"Hubbard, Ian",10071315,Left,CAR_EAG,Undefined,1,Top,0,0,1,Cutter,Curveball,FoulBallNotFieldable,Undefined,Undefined,Undefined,0,0,NA,74.44619,0.102237,1.648673,2397.989233,269.238811,03:00:00,6.38273,-2.47889,5.34146,-49.60396,1.65831,10.4517,2.34502,-0.06083,68.94664,-8.898083,3.506978,0.515312,NA,NA,NA,NA,NA,NA,NA,NA,NA,NA,NA,-4.84485,1.21886,2.32227,50,6.35605,-3.49558,-108.12377,-1.40022,-5.75419,18.27325,-30.72643,CAR_EAG,CAR_EAG,CarsonNewman,TeamExclusive,Team,20260211-CarsonNewman-Private-1,45d2cb00-0795-11f1-8430-5bbec0bc33d6,73.14488,NA,NA,5.49954,NA,NA,NA,NA,NA,NA,813d84c6-9e85-4980-b2d1-c32038cb1203,2026-02-11,22:01:51,2026-02-11T22:01:51Z,2026-02-11T22:01:51Z,NA,v3,CNE,CNE,NA,NA,NA,Undefined,CAR_EAG,eabd7997-5f9d-415c-9259-c7e199910ad2,55.1616,-108.99261,9.13662,6.38789,0.06073,-15.36321,2.48197,-3.22199,-2.8771,NA,NA,NA,NA,NA,NA,NA,NA,NA,NA,NA,NA,NA,NA,NA,NA,NA,NA,NA,NA,NA,NA,NA,NA,NA,NA,NA,NA,NA,NA,NA,NA,NA,NA,NA,NA,NA,NA,NA,NA,NA,NA,NA,NA,NA,NA,NA,NA,NA,NA,High,High,High,NA,NA,NA,NA,NA,298.524991,-76.532034,558.495721,0.232902,04:00:00,0.968531,-0.206364,0.139143,-54.168352,-41.267556,6.025585,0.238718,124.566479,-0.550959,53.097743,0.550959,-0.799661,-0.238718,23.426024,13.810912,0.799661,0.799661,-124.566479,-13.810912,0.238718,-53.097743,-23.426024,-0.238718,-0.799661,0.550959,-0.550959,NA,NA,NA,NA,NA,NA,NA,NA,NA,NA,NA,NA
NA,NA,NA,NA,NA,NA,NA,NA,NA,NA,NA,NA,NA,NA,NA,NA,101,2026-02-11,17:02:12,25,3,"Shelton, Harrison",1000370205,Left,CAR_EAG,"Hubbard, Ian",10071315,Left,CAR_EAG,Undefined,1,Top,0,0,2,Fastball,Changeup,StrikeSwinging,Strikeout,Undefined,Undefined,0,0,NA,82.65653,-1.121247,2.886509,2057.097643,151.595568,11:00:00,6.4807,-2.03567,5.9392,-28.07844,12.58638,-6.14429,3.0992,0.13237,76.12414,-6.345233,1.784175,0.458966,NA,NA,NA,NA,NA,NA,NA,NA,NA,NA,NA,3.90697,7.13331,1.80871,50,6.37525,-5.81282,-119.99306,-3.20902,5.72898,21.97061,-21.7141,CAR_EAG,CAR_EAG,CarsonNewman,TeamExclusive,Team,20260211-CarsonNewman-Private-1,529516e0-0795-11f1-8430-5bbec0bc33d6,82.12463,NA,NA,6.53239,NA,NA,NA,NA,NA,NA,813d84c6-9e85-4980-b2d1-c32038cb1203,2026-02-11,22:02:12,2026-02-11T22:02:12Z,2026-02-11T22:02:12Z,NA,v3,CNE,CNE,NA,NA,NA,Undefined,CAR_EAG,9760925b-75f5-480d-856a-6641f24dac38,54.56144,-120.82537,10.98531,6.48123,-2.38643,-10.85705,2.03303,-6.02985,2.86449,NA,NA,NA,NA,NA,NA,NA,NA,NA,NA,NA,NA,NA,NA,NA,NA,NA,NA,NA,NA,NA,NA,NA,NA,NA,NA,NA,NA,NA,NA,NA,NA,NA,NA,NA,NA,NA,NA,NA,NA,NA,NA,NA,NA,NA,NA,NA,NA,NA,NA,High,High,High,NA,NA,NA,NA,NA,152.11026,-43.365708,1495.480708,0.726986,11:00:00,0.711361,0.353435,-0.607494,40.862197,9.055164,-57.536444,0.213677,169.484805,-0.960499,10.269674,0.960499,-0.178281,-0.213677,12.542017,12.337897,0.178281,0.178281,-169.484805,-12.337897,0.213677,-10.269674,-12.542017,-0.213677,-0.178281,0.960499,-0.960499,NA,NA,NA,NA,NA,NA,NA,NA,NA,NA,NA,NA
NA,NA,NA,NA,NA,NA,NA,NA,NA,NA,NA,NA,NA,NA,NA,NA,102,2026-02-11,17:02:32,26,1,"Shelton, Harrison",1000370205,Left,CAR_EAG,"Hubbard, Ian",10071315,Left,CAR_EAG,Undefined,1,Top,1,0,0,Cutter,Curveball,FoulBallNotFieldable,Undefined,Undefined,Undefined,0,0,NA,75.91333,-0.046851,1.61522,2385.673528,245.719994,02:15:00,6.4776,-2.23582,5.44951,-42.289,7.06741,12.23331,2.90964,0.29625,69.79412,-7.786252,3.79245,0.505642,NA,NA,NA,NA,NA,NA,NA,NA,NA,NA,NA,-5.75894,4.00311,2.08428,50,6.44428,-3.5604,-110.19652,-1.42364,-7.06586,19.98222,-27.26248,CAR_EAG,CAR_EAG,CarsonNewman,TeamExclusive,Team,20260211-CarsonNewman-Private-1,5e1ac410-0795-11f1-8430-5bbec0bc33d6,74.54374,NA,NA,6.11921,NA,NA,NA,NA,NA,NA,813d84c6-9e85-4980-b2d1-c32038cb1203,2026-02-11,22:02:32,2026-02-11T22:02:32Z,2026-02-11T22:02:32Z,NA,v3,CNE,CNE,NA,NA,NA,Undefined,CAR_EAG,8d78e1a6-05c7-44cb-96fd-cf340c000b37,55.0524,-111.10891,9.99111,6.48087,-0.17884,-13.63124,2.23948,-3.23778,-3.53293,NA,NA,NA,NA,NA,NA,NA,NA,NA,NA,NA,NA,NA,NA,NA,NA,NA,NA,NA,NA,NA,NA,NA,NA,NA,NA,NA,NA,NA,NA,NA,NA,NA,NA,NA,NA,NA,NA,NA,NA,NA,NA,NA,NA,NA,NA,NA,NA,NA,NA,High,High,High,NA,NA,NA,NA,NA,284.721665,-79.936262,416.881195,0.174744,03:30:00,0.983109,-0.168202,0.072146,-32.582579,-40.877876,-3.961186,0.236181,124.841067,-0.555139,52.893971,0.555139,-0.79752,-0.236181,23.047058,13.661246,0.79752,0.79752,-124.841067,-13.661246,0.236181,-52.893971,-23.047058,-0.236181,-0.79752,0.555139,-0.555139,NA,NA,NA,NA,NA,NA,NA,NA,NA,NA,NA,NA
NA,NA,NA,NA,NA,NA,NA,NA,NA,NA,NA,NA,NA,NA,NA,NA,103,2026-02-11,17:02:49,26,2,"Shelton, Harrison",1000370205,Left,CAR_EAG,"Hubbard, Ian",10071315,Left,CAR_EAG,Undefined,1,Top,1,0,1,Curveball,Curveball,BallCalled,Undefined,Undefined,Undefined,0,0,NA,74.09381,1.894334,-0.175937,2387.339464,319.916977,04:45:00,6.58979,-2.1793,5.23236,-67.22551,-14.55111,13.73339,2.76905,-1.20024,67.77759,-10.259117,2.266055,0.522362,NA,NA,NA,NA,NA,NA,NA,NA,NA,NA,NA,-6.86902,-7.23217,2.18502,50,6.71427,-0.20327,-107.50326,1.25682,-7.94125,20.742,-40.53513,CAR_EAG,CAR_EAG,CarsonNewman,TeamExclusive,Team,20260211-CarsonNewman-Private-1,68a150c0-0795-11f1-8430-5bbec0bc33d6,72.15775,NA,NA,6.31621,NA,NA,NA,NA,NA,NA,813d84c6-9e85-4980-b2d1-c32038cb1203,2026-02-11,22:02:49,2026-02-11T22:02:49Z,2026-02-11T22:02:49Z,NA,v3,CNE,CNE,NA,NA,NA,Undefined,CAR_EAG,f983f8ae-277c-4881-a3eb-6d4ab75cc55d,55.27249,-108.51578,10.371,6.60463,3.23555,-20.26757,2.18548,0.18438,-3.97063,NA,NA,NA,NA,NA,NA,NA,NA,NA,NA,NA,NA,NA,NA,NA,NA,NA,NA,NA,NA,NA,NA,NA,NA,NA,NA,NA,NA,NA,NA,NA,NA,NA,NA,NA,NA,NA,NA,NA,NA,NA,NA,NA,NA,NA,NA,NA,NA,NA,NA,High,High,High,NA,NA,NA,NA,NA,326.872006,-46.252286,1650.807611,0.691484,05:00:00,0.711279,-0.401577,0.576903,79.844967,14.084253,36.076121,0.188192,149.34008,-0.844839,30.054915,0.844839,-0.50083,-0.188192,12.557881,10.847288,0.50083,0.50083,-149.34008,-10.847288,0.188192,-30.054915,-12.557881,-0.188192,-0.50083,0.844839,-0.844839,NA,NA,NA,NA,NA,NA,NA,NA,NA,NA,NA,NA
NA,NA,NA,NA,NA,NA,NA,NA,NA,NA,NA,NA,NA,NA,NA,NA,104,2026-02-11,17:03:09,26,3,"Shelton, Harrison",1000370205,Left,CAR_EAG,"Hubbard, Ian",10071315,Left,CAR_EAG,Undefined,1,Top,1,1,1,Curveball,Curveball,InPlay,Undefined,GroundBall,Out,1,0,NA,72.37374,1.996618,0.522867,2266.883984,316.773242,04:30:00,6.57388,-2.21496,5.31618,-69.18094,-14.09599,14.98808,2.6836,-0.47519,66.25361,-10.526429,3.191226,0.53418,88.21308,6.752245,6.170227,1006.259367,NA,NA,NA,126.1426,125.07665,8.98883,1.088108,-7.38851,-7.24874,2.15612,50,6.7042,-1.50467,-105.01763,1.41968,-8.14075,20.00795,-40.16081,CAR_EAG,CAR_EAG,CarsonNewman,TeamExclusive,Team,20260211-CarsonNewman-Private-1,744163c0-0795-11f1-8430-5bbec0bc33d6,70.56126,6.05918,NA,6.12013,NA,NA,NA,0.99247,2.63416,0.35069,813d84c6-9e85-4980-b2d1-c32038cb1203,2026-02-11,22:03:09,2026-02-11T22:03:09Z,2026-02-11T22:03:09Z,GroundBall,v3,CNE,CNE,NA,NA,NA,Undefined,CAR_EAG,81f6d397-235b-4661-8a32-f19b1b27d5ab,55.18958,-106.00174,10.00398,6.58579,3.39502,-20.08041,2.22028,-1.10426,-4.07037,266.402052,1.08504,126.57157,-12.07667,NA,NA,NA,NA,NA,NA,2.69311,14.47619,-15.62473,NA,NA,NA,NA,NA,NA,0.3005,14.44638,3.15338,NA,NA,NA,NA,NA,NA,NA,NA,NA,NA,NA,NA,NA,NA,NA,NA,NA,NA,NA,NA,NA,NA,NA,NA,NA,NA,NA,NA,High,High,High,High,High,NA,NA,NA,325.885563,-39.672246,1744.840738,0.769709,04:45:00,0.617126,-0.453669,0.642915,82.111646,5.417639,34.254152,0.19281,145.308307,-0.806798,33.950793,0.806798,-0.558481,-0.19281,13.440528,11.116799,0.558481,0.558481,-145.308307,-11.116799,0.19281,-33.950793,-13.440528,-0.19281,-0.558481,0.806798,-0.806798,NA,NA,NA,NA,NA,NA,NA,NA,NA,NA,NA,NA
NA,NA,NA,NA,NA,NA,NA,NA,NA,NA,NA,NA,NA,NA,NA,NA,105,2026-02-11,17:03:28,27,1,"Shelton, Harrison",1000370205,Left,CAR_EAG,"Hubbard, Ian",10071315,Left,CAR_EAG,Undefined,1,Top,1,1,1,Cutter,Curveball,BallCalled,Undefined,Undefined,Undefined,0,0,NA,73.13922,2.385028,1.726796,2192.991193,314.319231,04:30:00,6.43662,-2.52013,5.15027,-58.20515,-4.20331,6.08016,3.83393,-0.38725,66.961,-8.17075,2.802632,0.528903,NA,NA,NA,NA,NA,NA,NA,NA,NA,NA,NA,-2.52394,-2.27473,2.35368,50,6.61495,-3.42695,-106.01691,2.4941,-2.85935,18.9036,-34.75104,CAR_EAG,CAR_EAG,CarsonNewman,TeamExclusive,Team,20260211-CarsonNewman-Private-1,7ff721a0-0795-11f1-8430-5bbec0bc33d6,71.26537,NA,NA,6.17821,NA,NA,NA,NA,NA,NA,813d84c6-9e85-4980-b2d1-c32038cb1203,2026-02-11,22:03:28,2026-02-11T22:03:28Z,2026-02-11T22:03:28Z,NA,v3,CNE,CNE,NA,NA,NA,Undefined,CAR_EAG,37483680-8e35-4a06-a174-04176bd72af0,55.35196,-106.96695,9.4518,6.44572,4.24058,-17.37552,2.5223,-3.28325,-1.42967,NA,NA,NA,NA,NA,NA,NA,NA,NA,NA,NA,NA,NA,NA,NA,NA,NA,NA,NA,NA,NA,NA,NA,NA,NA,NA,NA,NA,NA,NA,NA,NA,NA,NA,NA,NA,NA,NA,NA,NA,NA,NA,NA,NA,NA,NA,NA,NA,NA,NA,High,High,High,NA,NA,NA,NA,NA,293.79692,-73.468953,623.982441,0.284535,03:45:00,0.943111,-0.300013,0.143293,-64.590587,-42.764677,16.675699,0.166471,134.995756,-0.697188,44.210114,0.697188,-0.697292,-0.166471,13.429373,9.582724,0.697292,0.697292,-134.995756,-9.582724,0.166471,-44.210114,-13.429373,-0.166471,-0.697292,0.697188,-0.697188,NA,NA,NA,NA,NA,NA,NA,NA,NA,NA,NA,NA
NA,NA,NA,NA,NA,NA,NA,NA,NA,NA,NA,NA,NA,NA,NA,NA,106,2026-02-11,17:03:44,27,2,"Shelton, Harrison",1000370205,Left,CAR_EAG,"Hubbard, Ian",10071315,Left,CAR_EAG,Undefined,1,Top,1,2,1,Fastball,Changeup,BallCalled,Undefined,Undefined,Undefined,0,0,NA,82.41222,-1.188699,1.822385,1963.267487,159.004172,11:15:00,6.45614,-2.23278,6.08371,-26.22356,14.45245,-5.07095,3.17038,-0.96877,75.80236,-6.099943,0.909101,0.459029,NA,NA,NA,NA,NA,NA,NA,NA,NA,NA,NA,3.14992,8.16374,2.09482,50,6.35028,-3.62742,-119.77111,-3.24854,4.58915,22.49032,-20.2803,CAR_EAG,CAR_EAG,CarsonNewman,TeamExclusive,Team,20260211-CarsonNewman-Private-1,893a7ff0-0795-11f1-8430-5bbec0bc33d6,82.11334,NA,NA,6.60986,NA,NA,NA,NA,NA,NA,813d84c6-9e85-4980-b2d1-c32038cb1203,2026-02-11,22:03:44,2026-02-11T22:03:44Z,2026-02-11T22:03:44Z,NA,v3,CNE,CNE,NA,NA,NA,Undefined,CAR_EAG,9613d549-e9d7-4162-b8df-1e21472e6342,54.4192,-120.59808,11.24516,6.45601,-2.50283,-10.14015,2.23131,-3.79616,2.29457,NA,NA,NA,NA,NA,NA,NA,NA,NA,NA,NA,NA,NA,NA,NA,NA,NA,NA,NA,NA,NA,NA,NA,NA,NA,NA,NA,NA,NA,NA,NA,NA,NA,NA,NA,NA,NA,NA,NA,NA,NA,NA,NA,NA,NA,NA,NA,NA,NA,NA,High,High,High,NA,NA,NA,NA,NA,147.440195,-41.836837,1462.727177,0.745047,11:00:00,0.678186,0.41472,-0.606688,31.663444,18.426519,-68.622935,0.340932,176.345725,-0.938177,3.435069,0.938177,-0.059917,-0.340932,19.971076,19.933671,0.059917,0.059917,-176.345725,-19.933671,0.340932,-3.435069,-19.971076,-0.340932,-0.059917,0.938177,-0.938177,NA,NA,NA,NA,NA,NA,NA,NA,NA,NA,NA,NA
NA,NA,NA,NA,NA,NA,NA,NA,NA,NA,NA,NA,NA,NA,NA,NA,107,2026-02-11,17:04:00,27,3,"Shelton, Harrison",1000370205,Left,CAR_EAG,"Hubbard, Ian",10071315,Left,CAR_EAG,Undefined,1,Top,1,3,1,Curveball,Curveball,BallCalled,Walk,Undefined,Undefined,0,0,NA,72.26504,1.923064,-0.223389,2350.372124,313.644372,04:30:00,6.52725,-2.3309,5.48395,-69.82653,-14.91666,17.58194,2.50836,-1.07475,66.15948,-10.752086,2.918568,0.533331,NA,NA,NA,NA,NA,NA,NA,NA,NA,NA,NA,-9.07973,-7.86709,2.33766,50,6.64737,-0.20359,-104.91343,1.33985,-9.97397,20.137,-40.81594,CAR_EAG,CAR_EAG,CarsonNewman,TeamExclusive,Team,20260211-CarsonNewman-Private-1,92966f50-0795-11f1-8430-5bbec0bc33d6,70.67365,NA,NA,6.10556,NA,NA,NA,NA,NA,NA,813d84c6-9e85-4980-b2d1-c32038cb1203,2026-02-11,22:04:00,2026-02-11T22:04:00Z,2026-02-11T22:04:00Z,NA,v3,CNE,CNE,NA,NA,NA,Undefined,CAR_EAG,e8449f34-b34b-4029-87d6-ae2cadb0632b,55.02284,-105.87312,10.0685,6.53716,3.28506,-20.40797,2.33603,0.27175,-4.98699,NA,NA,NA,NA,NA,NA,NA,NA,NA,NA,NA,NA,NA,NA,NA,NA,NA,NA,NA,NA,NA,NA,NA,NA,NA,NA,NA,NA,NA,NA,NA,NA,NA,NA,NA,NA,NA,NA,NA,NA,NA,NA,NA,NA,NA,NA,NA,NA,NA,NA,High,High,High,NA,NA,NA,NA,NA,328.760184,-35.301753,1918.18548,0.81612,05:00:00,0.56607,-0.442411,0.695584,84.348304,-7.640543,40.123219,0.238969,142.046071,-0.76566,36.670238,0.76566,-0.597209,-0.238969,17.333569,13.825689,0.597209,0.597209,-142.046071,-13.825689,0.238969,-36.670238,-17.333569,-0.238969,-0.597209,0.76566,-0.76566,NA,NA,NA,NA,NA,NA,NA,NA,NA,NA,NA,NA
NA,NA,NA,NA,NA,NA,NA,NA,NA,NA,NA,NA,NA,NA,NA,NA,108,2026-02-11,17:04:23,28,1,"Shelton, Harrison",1000370205,Left,CAR_EAG,"Hubbard, Ian",10071315,Left,CAR_EAG,Undefined,1,Top,1,0,0,Cutter,Curveball,BallCalled,Undefined,Undefined,Undefined,0,0,NA,74.05692,-0.615959,3.772738,2241.816525,281.282708,03:30:00,6.41011,-2.2874,5.36321,-52.81271,-0.8665,11.88902,1.43016,2.24634,68.92295,-10.131247,5.880517,0.518738,NA,NA,NA,NA,NA,NA,NA,NA,NA,NA,NA,-4.98941,0.16898,1.93931,50,6.31687,-7.51424,-107.37892,-2.8517,-5.84376,18.0457,-31.97616,CAR_EAG,CAR_EAG,CarsonNewman,TeamExclusive,Team,20260211-CarsonNewman-Private-1,a0a55f70-0795-11f1-8430-5bbec0bc33d6,72.66174,NA,NA,5.13397,NA,NA,NA,NA,NA,NA,813d84c6-9e85-4980-b2d1-c32038cb1203,2026-02-11,22:04:23,2026-02-11T22:04:23Z,2026-02-11T22:04:23Z,NA,v3,CNE,CNE,NA,NA,NA,Undefined,CAR_EAG,a2e36ba7-afc0-4b61-bedb-c6ffeefe926f,55.14019,-108.23931,9.02285,6.41649,-1.32713,-15.98808,2.29094,-7.23562,-2.92188,NA,NA,NA,NA,NA,NA,NA,NA,NA,NA,NA,NA,NA,NA,NA,NA,NA,NA,NA,NA,NA,NA,NA,NA,NA,NA,NA,NA,NA,NA,NA,NA,NA,NA,NA,NA,NA,NA,NA,NA,NA,NA,NA,NA,NA,NA,NA,NA,NA,NA,High,High,High,NA,NA,NA,NA,NA,296.490452,-71.529023,710.261835,0.316824,04:00:00,0.940117,-0.273348,0.203619,-54.309692,-46.498774,6.263646,0.200347,128.157986,-0.605305,50.386923,0.605305,-0.770368,-0.200347,18.313755,11.557243,0.770368,0.770368,-128.157986,-11.557243,0.200347,-50.386923,-18.313755,-0.200347,-0.770368,0.605305,-0.605305,NA,NA,NA,NA,NA,NA,NA,NA,NA,NA,NA,NA
NA,NA,NA,NA,NA,NA,NA,NA,NA,NA,NA,NA,NA,NA,NA,NA,109,2026-02-11,17:04:41,28,2,"Shelton, Harrison",1000370205,Left,CAR_EAG,"Hubbard, Ian",10071315,Left,CAR_EAG,Undefined,1,Top,1,1,0,Fastball,Cutter,BallCalled,Undefined,Undefined,Undefined,0,0,NA,82.27275,-1.782107,3.886134,2076.572335,172.911399,11:45:00,6.48135,-2.13197,5.68116,-28.02765,13.50568,-1.52465,2.48007,1.36918,75.92247,-6.957071,3.614514,0.463842,NA,NA,NA,NA,NA,NA,NA,NA,NA,NA,NA,1.77945,7.7163,1.805,50,6.31322,-8.03904,-119.23403,-4.6047,2.57932,21.44945,-20.98931,CAR_EAG,CAR_EAG,CarsonNewman,TeamExclusive,Team,20260211-CarsonNewman-Private-1,ab172ba0-0795-11f1-8430-5bbec0bc33d6,81.26143,NA,NA,6.35028,NA,NA,NA,NA,NA,NA,813d84c6-9e85-4980-b2d1-c32038cb1203,2026-02-11,22:04:41,2026-02-11T22:04:41Z,2026-02-11T22:04:41Z,NA,v3,CNE,CNE,NA,NA,NA,Undefined,CAR_EAG,5126f51d-e2e4-4cbb-bdba-d9eb0963bacb,54.81909,-120.09783,10.72472,6.48163,-3.75943,-10.49465,2.13083,-8.14292,1.28966,NA,NA,NA,NA,NA,NA,NA,NA,NA,NA,NA,NA,NA,NA,NA,NA,NA,NA,NA,NA,NA,NA,NA,NA,NA,NA,NA,NA,NA,NA,NA,NA,NA,NA,NA,NA,NA,NA,NA,NA,NA,NA,NA,NA,NA,NA,NA,NA,NA,NA,High,High,High,NA,NA,NA,NA,NA,154.762883,-49.1551,1358.106611,0.654014,11:15:00,0.785821,0.302239,-0.539571,39.943506,-16.626221,-46.639231,0.206473,171.051745,-0.966544,8.753908,0.966544,-0.152191,-0.206473,12.058293,11.915754,0.152191,0.152191,-171.051745,-11.915754,0.206473,-8.753908,-12.058293,-0.206473,-0.152191,0.966544,-0.966544,NA,NA,NA,NA,NA,NA,NA,NA,NA,NA,NA,NA
NA,NA,NA,NA,NA,NA,NA,NA,NA,NA,NA,NA,NA,NA,NA,NA,110,2026-02-11,17:04:58,28,3,"Shelton, Harrison",1000370205,Left,CAR_EAG,"Hubbard, Ian",10071315,Left,CAR_EAG,Undefined,1,Top,1,2,0,Curveball,Curveball,StrikeCalled,Undefined,Undefined,Undefined,0,0,NA,71.70817,2.641496,0.180249,2161.290844,310.926199,04:15:00,6.5359,-2.24656,4.9826,-69.06893,-12.23497,16.32044,3.27654,-0.7163,65.50353,-9.810791,3.065154,0.542595,NA,NA,NA,NA,NA,NA,NA,NA,NA,NA,NA,-8.12371,-6.53237,2.21477,50,6.73338,-0.9305,-103.95251,2.50742,-8.77945,19.43445,-39.23369,CAR_EAG,CAR_EAG,CarsonNewman,TeamExclusive,Team,20260211-CarsonNewman-Private-1,b57a9ff0-0795-11f1-8430-5bbec0bc33d6,69.46705,NA,NA,6.20464,NA,NA,NA,NA,NA,NA,813d84c6-9e85-4980-b2d1-c32038cb1203,2026-02-11,22:04:58,2026-02-11T22:04:58Z,2026-02-11T22:04:58Z,NA,v3,CNE,CNE,NA,NA,NA,Undefined,CAR_EAG,fbc6965e-2cbc-4dbd-a7d5-3fffb9bc0178,55.52318,-104.98002,9.71722,6.54597,4.58172,-19.61684,2.2517,-0.46633,-4.38973,NA,NA,NA,NA,NA,NA,NA,NA,NA,NA,NA,NA,NA,NA,NA,NA,NA,NA,NA,NA,NA,NA,NA,NA,NA,NA,NA,NA,NA,NA,NA,NA,NA,NA,NA,NA,NA,NA,NA,NA,NA,NA,NA,NA,NA,NA,NA,NA,NA,NA,High,High,High,NA,NA,NA,NA,NA,324.375597,-38.326032,1695.521204,0.784495,04:45:00,0.596409,-0.485038,0.639558,70.125696,32.239698,6.675692,0.112517,143.558548,-0.799356,36.173264,0.799356,-0.590229,-0.112517,8.012258,6.460403,0.590229,0.590229,-143.558548,-6.460403,0.112517,-36.173264,-8.012258,-0.112517,-0.590229,0.799356,-0.799356,NA,NA,NA,NA,NA,NA,NA,NA,NA,NA,NA,NA
