player_name,display_name,active,notes,id,pitcher,date,rel_speed,horz_break,induced_vert_break,original_pitch_type,new_pitch_type,new_pitcher,modified_at,pitch_key,created_at,PitchNo,Date,Time,PAofInning,PitchofPA,Pitcher,PitcherId,PitcherThrows,PitcherTeam,Batter,BatterId,BatterSide,BatterTeam,PitcherSet,Inning,Top/Bottom,Outs,Balls,Strikes,TaggedPitchType,AutoPitchType,PitchCall,KorBB,TaggedHitType,PlayResult,OutsOnPlay,RunsScored,Notes,RelSpeed,VertRelAngle,HorzRelAngle,SpinRate,SpinAxis,Tilt,RelHeight,RelSide,Extension,VertBreak,InducedVertBreak,HorzBreak,PlateLocHeight,PlateLocSide,ZoneSpeed,VertApprAngle,HorzApprAngle,ZoneTime,ExitSpeed,Angle,Direction,HitSpinRate,PositionAt110X,PositionAt110Y,PositionAt110Z,Distance,LastTrackedDistance,Bearing,HangTime,pfxx,pfxz,x0,y0,z0,vx0,vy0,vz0,ax0,ay0,az0,HomeTeam,AwayTeam,Stadium,Level,League,GameID,PitchUID,EffectiveVelo,MaxHeight,MeasuredDuration,SpeedDrop,PitchLastMeasuredX,PitchLastMeasuredY,PitchLastMeasuredZ,ContactPositionX,ContactPositionY,ContactPositionZ,GameUID,UTCDate,UTCTime,LocalDateTime,UTCDateTime,AutoHitType,System,HomeTeamForeignID,AwayTeamForeignID,GameForeignID,Catcher,CatcherId,CatcherThrows,CatcherTeam,PlayID,PitchTrajectoryXc0,PitchTrajectoryXc1,PitchTrajectoryXc2,PitchTrajectoryYc0,PitchTrajectoryYc1,PitchTrajectoryYc2,PitchTrajectoryZc0,PitchTrajectoryZc1,PitchTrajectoryZc2,HitSpinAxis,HitTrajectoryXc0,HitTrajectoryXc1,HitTrajectoryXc2,HitTrajectoryXc3,HitTrajectoryXc4,HitTrajectoryXc5,HitTrajectoryXc6,HitTrajectoryXc7,HitTrajectoryXc8,HitTrajectoryYc0,HitTrajectoryYc1,HitTrajectoryYc2,HitTrajectoryYc3,HitTrajectoryYc4,HitTrajectoryYc5,HitTrajectoryYc6,HitTrajectoryYc7,HitTrajectoryYc8,HitTrajectoryZc0,HitTrajectoryZc1,HitTrajectoryZc2,HitTrajectoryZc3,HitTrajectoryZc4,HitTrajectoryZc5,HitTrajectoryZc6,HitTrajectoryZc7,HitTrajectoryZc8,ThrowSpeed,PopTime,ExchangeTime,TimeToBase,CatchPositionX,CatchPositionY,CatchPositionZ,ThrowPositionX,ThrowPositionY,ThrowPositionZ,BasePositionX,BasePositionY,BasePositionZ,ThrowTrajectoryXc0,ThrowTrajectoryXc1,ThrowTrajectoryXc2,ThrowTrajectoryYc0,ThrowTrajectoryYc1,ThrowTrajectoryYc2,ThrowTrajectoryZc0,ThrowTrajectoryZc1,ThrowTrajectoryZc2,PitchReleaseConfidence,PitchLocationConfidence,PitchMovementConfidence,HitLaunchConfidence,HitLandingConfidence,CatcherThrowCatchConfidence,CatcherThrowReleaseConfidence,CatcherThrowLocationConfidence,SpinAxis3dTransverseAngle,SpinAxis3dLongitudinalAngle,SpinAxis3dActiveSpinRate,SpinAxis3dSpinEfficiency,SpinAxis3dTilt,SpinAxis3dVectorX,SpinAxis3dVectorY,SpinAxis3dVectorZ,SpinAxis3dSeamOrientationRotationX,SpinAxis3dSeamOrientationRotationY,SpinAxis3dSeamOrientationRotationZ,SpinAxis3dSeamOrientationBallYAmb1,SpinAxis3dSeamOrientationBallAngleHorizontalAmb1,SpinAxis3dSeamOrientationBallZAmb1,SpinAxis3dSeamOrientationBallAngleVerticalAmb2,SpinAxis3dSeamOrientationBallZAmb2,SpinAxis3dSeamOrientationBallXAmb4,SpinAxis3dSeamOrientationBallYAmb4,SpinAxis3dSeamOrientationBallAngleHorizontalAmb2,SpinAxis3dSeamOrientationBallAngleVerticalAmb1,SpinAxis3dSeamOrientationBallXAmb1,SpinAxis3dSeamOrientationBallYAmb2,SpinAxis3dSeamOrientationBallAngleHorizontalAmb4,SpinAxis3dSeamOrientationBallAngleVerticalAmb4,SpinAxis3dSeamOrientationBallXAmb2,SpinAxis3dSeamOrientationBallAngleVerticalAmb3,SpinAxis3dSeamOrientationBallAngleHorizontalAmb3,SpinAxis3dSeamOrientationBallXAmb3,SpinAxis3dSeamOrientationBallYAmb3,SpinAxis3dSeamOrientationBallZAmb3,SpinAxis3dSeamOrientationBallZAmb4,session_id,play_id,camera_slot,camera_name,camera_target,video_type,azure_blob,azure_md5,cloudinary_url,cloudinary_public_id,uploaded_at,HitType
NA,NA,NA,NA,NA,NA,NA,NA,NA,NA,NA,NA,NA,NA,NA,NA,1,2025-09-29,14:05:06,1,1,"Casson, Kolton",1000370207,Right,CAR_EAG,"Abshire, Sam",1000191464,Right,ROA_STA,Undefined,1,Top,0,0,0,Fastball,Sinker,InPlay,Undefined,GroundBall,Out,1,0,NA,90.3795,-1.638003,-4.742342,2346.883856,243.059043,02:00:00,5.32146,2.73963,6.42249,-24.29167,9.37528,16.33525,1.7858,-0.2686,82.70497,-6.202934,-1.792846,0.417612,81.06667,-66.022386,72.241683,NA,NA,NA,NA,1.01885,1.01885,79.498298,0.014942,-9.81902,5.67827,-2.40742,50,5.19311,10.21269,-130.9772,-4.5049,-17.07057,27.45511,-22.30227,CAR_EAG,ROA_STA,CarsonNewman,TeamExclusive,Team,20250929-CarsonNewman-Private-1,d4f97410-9d5e-11f0-bac8-5ddf494ae676,90.25704,1.62615,NA,7.67453,NA,NA,NA,-0.03489,1.62615,0.313,d963aabb-c726-4912-9008-f618f1adb60d,2025-09-29,18:05:06,2025-09-29T18:05:06Z,2025-09-29T18:05:06Z,GroundBall,v3,CNE,ROST,NA,"Cochran, Carson",10085797,Right,CAR_EAG,a4649e83-13f4-4c6c-990e-692b42c2fd3a,54.08003,-131.82967,13.72755,5.32223,-3.81242,-11.15114,-2.73275,10.74272,-8.53529,NA,-0.03495,14.76341,NA,NA,NA,NA,NA,NA,NA,1.62662,-108.83206,NA,NA,NA,NA,NA,NA,NA,0.3128,46.09783,NA,NA,NA,NA,NA,NA,NA,NA,NA,NA,NA,NA,NA,NA,NA,NA,NA,NA,NA,NA,NA,NA,NA,NA,NA,NA,NA,NA,NA,High,High,High,Estimated,Estimated,NA,NA,NA,233.239832,8.983611,2318.094741,0.987733,01:45:00,-0.181883,-0.79546,-0.578067,-78.43064,-27.887015,83.979042,-0.986444,114.843666,-0.068944,-8.563765,0.068944,-0.14891,0.986444,86.002027,-80.555286,0.14891,-0.14891,-114.843666,80.555286,0.986444,8.563765,-86.002027,-0.986444,0.14891,0.068944,-0.068944,NA,NA,NA,NA,NA,NA,NA,NA,NA,NA,NA,NA
NA,NA,NA,NA,NA,NA,NA,NA,NA,NA,NA,NA,NA,NA,NA,NA,2,2025-09-29,14:05:35,2,1,"Casson, Kolton",1000370207,Right,CAR_EAG,"Cage, Evan",1000191468,Left,ROA_STA,Undefined,1,Top,1,0,0,Fastball,Sinker,StrikeCalled,Undefined,Undefined,Undefined,0,0,NA,92.08221,-0.911421,-5.20573,2306.255181,240.343107,02:00:00,5.28966,2.61893,6.45813,-21.85505,10.34379,16.48056,2.62759,-0.80315,84.64382,-5.026023,-2.232869,0.408406,NA,NA,NA,NA,NA,NA,NA,NA,NA,NA,NA,-9.90997,5.94158,-2.25648,50,5.21504,11.49246,-133.47604,-2.80124,-18.0232,26.54373,-21.36811,CAR_EAG,ROA_STA,CarsonNewman,TeamExclusive,Team,20250929-CarsonNewman-Private-1,e6126fe0-9d5e-11f0-bac8-5ddf494ae676,92.2917,NA,NA,7.4384,NA,NA,NA,NA,NA,NA,d963aabb-c726-4912-9008-f618f1adb60d,2025-09-29,18:05:35,2025-09-29T18:05:35Z,2025-09-29T18:05:35Z,NA,v3,CNE,ROST,NA,"Cochran, Carson",10085797,Right,CAR_EAG,c4c6909a-8f4f-4dce-bd1b-1d39aa72a329,54.04494,-134.27802,13.27187,5.28992,-2.15563,-10.68406,-2.61194,12.03701,-9.0116,NA,NA,NA,NA,NA,NA,NA,NA,NA,NA,NA,NA,NA,NA,NA,NA,NA,NA,NA,NA,NA,NA,NA,NA,NA,NA,NA,NA,NA,NA,NA,NA,NA,NA,NA,NA,NA,NA,NA,NA,NA,NA,NA,NA,NA,NA,NA,NA,NA,NA,High,High,High,NA,NA,NA,NA,NA,237.39311,6.352217,2292.096007,0.993861,02:00:00,-0.1455,-0.83887,-0.524526,-82.933758,-28.141551,84.010043,-0.996419,125.739777,-0.04939,-3.935501,0.04939,-0.068633,0.996419,87.162288,-85.149422,0.068633,-0.068633,-125.739777,85.149422,0.996419,3.935501,-87.162288,-0.996419,0.068633,0.04939,-0.04939,NA,NA,NA,NA,NA,NA,NA,NA,NA,NA,NA,NA
NA,NA,NA,NA,NA,NA,NA,NA,NA,NA,NA,NA,NA,NA,NA,NA,3,2025-09-29,14:05:51,2,2,"Casson, Kolton",1000370207,Right,CAR_EAG,"Cage, Evan",1000191468,Left,ROA_STA,Undefined,1,Top,1,0,1,Fastball,Sinker,BallCalled,Undefined,Undefined,Undefined,0,0,NA,90.75568,-1.917442,-3.677964,2385.978509,240.353033,02:00:00,5.34547,2.82324,6.4355,-23.46777,9.84107,15.43048,1.62331,0.72424,83.099,-6.332351,-0.884962,0.415385,NA,NA,NA,NA,NA,NA,NA,NA,NA,NA,NA,-9.08091,5.99992,-2.56786,50,5.19814,7.84987,-131.6791,-5.13491,-15.94663,27.92057,-21.63782,CAR_EAG,ROA_STA,CarsonNewman,TeamExclusive,Team,20250929-CarsonNewman-Private-1,ef7208c0-9d5e-11f0-bac8-5ddf494ae676,90.7409,NA,NA,7.65669,NA,NA,NA,NA,NA,NA,d963aabb-c726-4912-9008-f618f1adb60d,2025-09-29,18:05:51,2025-09-29T18:05:51Z,2025-09-29T18:05:51Z,NA,v3,CNE,ROST,NA,"Cochran, Carson",10085797,Right,CAR_EAG,87aa891d-4cf6-4bf4-a33d-a216312aa44f,54.06708,-132.53866,13.96029,5.34597,-4.46877,-10.81891,-2.81708,8.3408,-7.97332,NA,NA,NA,NA,NA,NA,NA,NA,NA,NA,NA,NA,NA,NA,NA,NA,NA,NA,NA,NA,NA,NA,NA,NA,NA,NA,NA,NA,NA,NA,NA,NA,NA,NA,NA,NA,NA,NA,NA,NA,NA,NA,NA,NA,NA,NA,NA,NA,NA,NA,High,High,High,NA,NA,NA,NA,NA,235.590905,3.225265,2382.199244,0.998416,01:45:00,-0.064803,-0.825138,-0.561202,-82.895043,-28.325656,88.797236,-0.993679,107.661188,-0.034057,-6.14038,0.034057,-0.106965,0.993679,88.037034,-83.554635,0.106965,-0.106965,-107.661188,83.554635,0.993679,6.14038,-88.037034,-0.993679,0.106965,0.034057,-0.034057,NA,NA,NA,NA,NA,NA,NA,NA,NA,NA,NA,NA
NA,NA,NA,NA,NA,NA,NA,NA,NA,NA,NA,NA,NA,NA,NA,NA,4,2025-09-29,14:06:04,2,3,"Casson, Kolton",1000370207,Right,CAR_EAG,"Cage, Evan",1000191468,Left,ROA_STA,Undefined,1,Top,1,1,1,Fastball,Sinker,InPlay,Undefined,GroundBall,Out,1,0,NA,89.10245,-1.365844,-4.789567,2217.053245,246.374274,02:15:00,5.31721,2.81013,6.39388,-26.1247,8.41272,16.81469,1.87925,-0.20425,81.85853,-6.255812,-1.755235,0.422977,65.03127,-34.794657,8.317841,NA,NA,NA,NA,4.76384,2.22496,8.086289,0.035467,-10.09867,5.06685,-2.47291,50,5.20657,10.17955,-129.19769,-3.89609,-17.14615,25.78072,-23.57118,CAR_EAG,ROA_STA,CarsonNewman,TeamExclusive,Team,20250929-CarsonNewman-Private-1,f7400520-9d5e-11f0-bac8-5ddf494ae676,89.11235,1.93671,NA,7.24393,NA,NA,NA,1.95867,1.93671,0.26691,d963aabb-c726-4912-9008-f618f1adb60d,2025-09-29,18:06:04,2025-09-29T18:06:04Z,2025-09-29T18:06:04Z,GroundBall,v3,CNE,ROST,NA,"Cochran, Carson",10085797,Right,CAR_EAG,83b1a57c-19f0-49cf-9e11-f1d69be7af74,54.11031,-130.0153,12.89036,5.31827,-3.14855,-11.78559,-2.80436,10.72332,-8.57307,NA,1.95722,77.75621,NA,NA,NA,NA,NA,NA,NA,1.93773,-54.60563,NA,NA,NA,NA,NA,NA,NA,0.26669,11.36813,NA,NA,NA,NA,NA,NA,NA,NA,NA,NA,NA,NA,NA,NA,NA,NA,NA,NA,NA,NA,NA,NA,NA,NA,NA,NA,NA,NA,NA,High,High,High,Low,Low,NA,NA,NA,235.416451,6.572191,2202.483734,0.993428,01:45:00,-0.141677,-0.820385,-0.553982,-80.909355,-27.731568,83.097755,-0.993727,103.098364,-0.025344,-6.253262,0.025344,-0.108923,0.993727,88.539045,-83.579004,0.108923,-0.108923,-103.098364,83.579004,0.993727,6.253262,-88.539045,-0.993727,0.108923,0.025344,-0.025344,NA,NA,NA,NA,NA,NA,NA,NA,NA,NA,NA,NA
NA,NA,NA,NA,NA,NA,NA,NA,NA,NA,NA,NA,NA,NA,NA,NA,5,2025-09-29,14:06:40,3,1,"Casson, Kolton",1000370207,Right,CAR_EAG,"Cauthen, Cade",1000141057,Right,ROA_STA,Undefined,1,Top,2,0,0,Fastball,Four-Seam,StrikeCalled,Undefined,Undefined,Undefined,0,0,NA,90.63014,-0.692536,-4.130896,2262.26527,221.095703,01:15:00,5.29259,2.88156,6.3354799999999996,-18.87308,14.63331,11.84568,3.08046,0.05839,82.83031,-4.281126,-1.995163,0.416615,NA,NA,NA,NA,NA,NA,NA,NA,NA,NA,NA,-7.25863,8.11603,-2.58522,50,5.23285,9.00752,-131.44768,-2.13383,-12.72275,27.39356,-17.9485,CAR_EAG,ROA_STA,CarsonNewman,TeamExclusive,Team,20250929-CarsonNewman-Private-1,0d381ac0-9d5f-11f0-bac8-5ddf494ae676,90.47298,NA,NA,7.79983,NA,NA,NA,NA,NA,NA,d963aabb-c726-4912-9008-f618f1adb60d,2025-09-29,18:06:40,2025-09-29T18:06:40Z,2025-09-29T18:06:40Z,NA,v3,CNE,ROST,NA,"Cochran, Carson",10085797,Right,CAR_EAG,78cf1ff8-10d1-4a2e-98d5-1b4c559a0a9d,54.16566,-132.31295,13.69678,5.29129,-1.56689,-8.97425,-2.87609,9.40939,-6.36137,NA,NA,NA,NA,NA,NA,NA,NA,NA,NA,NA,NA,NA,NA,NA,NA,NA,NA,NA,NA,NA,NA,NA,NA,NA,NA,NA,NA,NA,NA,NA,NA,NA,NA,NA,NA,NA,NA,NA,NA,NA,NA,NA,NA,NA,NA,NA,NA,NA,NA,High,High,High,NA,NA,NA,NA,NA,236.574948,10.069142,2227.420696,0.98459700000000006,02:00:00,-0.203532,-0.823805,-0.529074,-61.49185,-23.664235,80.452734,-0.158019,90.749818,-0.012922,-80.877455,0.012922,-0.987351,0.158019,85.325047,-9.091937,0.987351,-0.987351,-90.749818,9.091937,0.158019,80.877455,-85.325047,-0.158019,0.987351,0.012922,-0.012922,NA,NA,NA,NA,NA,NA,NA,NA,NA,NA,NA,NA
NA,NA,NA,NA,NA,NA,NA,NA,NA,NA,NA,NA,NA,NA,NA,NA,6,2025-09-29,14:06:52,3,2,"Casson, Kolton",1000370207,Right,CAR_EAG,"Cauthen, Cade",1000141057,Right,ROA_STA,Undefined,1,Top,2,0,1,Fastball,Sinker,StrikeCalled,Undefined,Undefined,Undefined,0,0,NA,92.05145,-2.006514,-4.707518,2233.150278,226.096351,01:30:00,5.31661,2.68178,6.47425,-18.12682,14.22493,13.72083,1.95633,-0.50781,84.2774,-5.455158,-2.229299,0.409374,NA,NA,NA,NA,NA,NA,NA,NA,NA,NA,NA,-8.40288,8.28725,-2.35485,50,5.16644,10.42252,-133.38367,-5.20088,-15.18174,27.91622,-17.20122,CAR_EAG,ROA_STA,CarsonNewman,TeamExclusive,Team,20250929-CarsonNewman-Private-1,144e5fe0-9d5f-11f0-bac8-5ddf494ae676,92.07338,NA,NA,7.77405,NA,NA,NA,NA,NA,NA,d963aabb-c726-4912-9008-f618f1adb60d,2025-09-29,18:06:52,2025-09-29T18:06:52Z,2025-09-29T18:06:52Z,NA,v3,CNE,ROST,NA,"Cochran, Carson",10085797,Right,CAR_EAG,fb6e8b8c-35fc-4e03-99d9-bcb7ad1e6bef,54.02728,-134.2239,13.95811,5.31519,-4.68316,-8.60061,-2.67542,10.87947,-7.59087,NA,NA,NA,NA,NA,NA,NA,NA,NA,NA,NA,NA,NA,NA,NA,NA,NA,NA,NA,NA,NA,NA,NA,NA,NA,NA,NA,NA,NA,NA,NA,NA,NA,NA,NA,NA,NA,NA,NA,NA,NA,NA,NA,NA,NA,NA,NA,NA,NA,NA,High,High,High,NA,NA,NA,NA,NA,236.015739,6.969377,2216.649855,0.992611,01:45:00,-0.137669,-0.826808,-0.545376,-82.042845,-27.473494,79.972998,-0.095064,91.240805,-0.021556,-84.406077,0.021556,-0.995238,0.095064,77.22386,-5.455001,0.995238,-0.995238,-91.240805,5.455001,0.095064,84.406077,-77.22386,-0.095064,0.995238,0.021556,-0.021556,NA,NA,NA,NA,NA,NA,NA,NA,NA,NA,NA,NA
NA,NA,NA,NA,NA,NA,NA,NA,NA,NA,NA,NA,NA,NA,NA,NA,7,2025-09-29,14:07:07,3,3,"Casson, Kolton",1000370207,Right,CAR_EAG,"Cauthen, Cade",1000141057,Right,ROA_STA,Undefined,1,Top,2,0,2,Slider,Slider,InPlay,Undefined,GroundBall,Out,1,0,NA,79.33946,0.828584,-3.515616,2283.458341,63.820769,08:15:00,5.14093,3.04014,6.04596,-46.82365,-2.80925,-8.2843,2.0076,-0.90922,73.4138,-7.762211,-5.002229,0.477495,81.60232,-4.037582,39.912109,NA,NA,NA,NA,22.67627,22.67627,41.229668,0.18256,3.35362,-1.31638,-2.76141,50,5.18018,7.3745,-115.19845,0.21078,4.52456,20.60165,-33.95007,CAR_EAG,ROA_STA,CarsonNewman,TeamExclusive,Team,20250929-CarsonNewman-Private-1,1d2763a0-9d5f-11f0-bac8-5ddf494ae676,78.93788,1.86348,NA,5.92566,NA,NA,NA,0.86939,1.86348,0.88285,d963aabb-c726-4912-9008-f618f1adb60d,2025-09-29,18:07:07,2025-09-29T18:07:07Z,2025-09-29T18:07:07Z,GroundBall,v3,CNE,ROST,NA,"Cochran, Carson",10085797,Right,CAR_EAG,b9a441b9-8327-4f68-9ac4-c2ff4c2a8478,54.45867,-115.99307,10.30082,5.14679,1.52028,-16.97504,-3.04249,7.19998,2.26228,253.459072,0.8699,91.53535,-15.80784,NA,NA,NA,NA,NA,NA,1.86348,-8.42682,-9.75445,NA,NA,NA,NA,NA,NA,0.88254,76.62184,2.25509,NA,NA,NA,NA,NA,NA,NA,NA,NA,NA,NA,NA,NA,NA,NA,NA,NA,NA,NA,NA,NA,NA,NA,NA,NA,NA,NA,NA,High,High,High,High,High,NA,NA,NA,76.441965,75.012574,590.518458,0.258607,08:30:00,-0.956718,0.265343,0.119517,90.085382,-15.419602,16.560698,-0.338194,124.105212,-0.527675,-51.189233,0.527675,-0.77922,0.338194,32.656314,-19.766852,0.77922,-0.77922,-124.105212,19.766852,0.338194,51.189233,-32.656314,-0.338194,0.77922,0.527675,-0.527675,NA,NA,NA,NA,NA,NA,NA,NA,NA,NA,NA,NA
NA,NA,NA,NA,NA,NA,NA,NA,NA,NA,NA,NA,NA,NA,NA,NA,8,2025-09-29,14:10:45,1,1,"Holmes, Connor",1000191481,Right,ROA_STA,"Evans, Colton",10278429,Right,CAR_EAG,Undefined,1,Bottom,0,0,0,Fastball,Slider,InPlay,Undefined,GroundBall,Error,0,0,NA,81.96609,-1.578205,-2.733299,2481.993733,172.70933,11:45:00,5.8187,1.44171,5.82796,-31.66762,9.69067,-1.08906,1.71051,-1.19198,76.02372,-7.406628,-2.928322,0.462863,56.24966,-38.793379,3.002215,NA,NA,NA,NA,4.5152,4.5152,16.394038,0.034655,-0.12224,5.70083,-1.21753,50,5.67059,5.72413,-119.04398,-4.28383,-0.17709,20.78842,-23.91442,CAR_EAG,ROA_STA,CarsonNewman,TeamExclusive,Team,20250929-CarsonNewman-Private-1,9f1e4360-9d5f-11f0-bac8-5ddf494ae676,81.43321,1.79859,NA,5.94237,NA,NA,NA,2.09717,1.79859,1.15719,d963aabb-c726-4912-9008-f618f1adb60d,2025-09-29,18:10:45,2025-09-29T18:10:45Z,2025-09-29T18:10:45Z,GroundBall,v3,CNE,ROST,NA,"Cauthen, Cade",1000141057,Right,ROA_STA,0648007a-7cc6-468f-aea7-fd9a22545e65,54.67576,-119.85772,10.39421,5.81995,-3.34772,-11.95721,-1.44173,5.73107,-0.08854,NA,2.0957,64.47642,NA,NA,NA,NA,NA,NA,NA,1.79978,-51.89934,NA,NA,NA,NA,NA,NA,NA,1.15711,3.38157,NA,NA,NA,NA,NA,NA,NA,NA,NA,NA,NA,NA,NA,NA,NA,NA,NA,NA,NA,NA,NA,NA,NA,NA,NA,NA,NA,NA,NA,High,High,High,Estimated,Estimated,NA,NA,NA,201.754874,64.81461,1056.208854,0.425549,12:45:00,-0.918072,-0.182587,-0.35186,-65.389812,14.700411,-37.466733,-0.159041,149.015868,-0.846398,-30.547217,0.846398,-0.508248,0.159041,10.641992,-9.151249,0.508248,-0.508248,-149.015868,9.151249,0.159041,30.547217,-10.641992,-0.159041,0.508248,0.846398,-0.846398,NA,NA,NA,NA,NA,NA,NA,NA,NA,NA,NA,NA
NA,NA,NA,NA,NA,NA,NA,NA,NA,NA,NA,NA,NA,NA,NA,NA,9,2025-09-29,14:11:26,2,1,"Holmes, Connor",1000191481,Right,ROA_STA,"Pierce, Johno",10069844,Right,CAR_EAG,Undefined,1,Bottom,0,0,0,Slider,Curveball,BallCalled,Undefined,Undefined,Undefined,0,0,NA,73.45164,0.104949,-1.02287,2067.436235,47.78851,07:30:00,5.59113,1.6974,6.12623,-58.97806,-7.975,-10.39705,0.77333,-0.11471,68.43849,-10.680814,-2.903187,0.514008,NA,NA,NA,NA,NA,NA,NA,NA,NA,NA,NA,5.13071,-3.75268,-1.61373,50,5.56835,2.24932,-106.89886,-1.50565,5.95607,17.87507,-36.5304,CAR_EAG,ROA_STA,CarsonNewman,TeamExclusive,Team,20250929-CarsonNewman-Private-1,b73170d0-9d5f-11f0-bac8-5ddf494ae676,73.33051,NA,NA,5.01315,NA,NA,NA,NA,NA,NA,d963aabb-c726-4912-9008-f618f1adb60d,2025-09-29,18:11:26,2025-09-29T18:11:26Z,2025-09-29T18:11:26Z,NA,v3,CNE,ROST,NA,"Cauthen, Cade",1000141057,Right,ROA_STA,6b533561-1976-40cd-b3a4-c8a25c1a90c3,54.38023,-107.62881,8.93754,5.59938,-0.0139,-18.2652,-1.70062,2.0061,2.97804,NA,NA,NA,NA,NA,NA,NA,NA,NA,NA,NA,NA,NA,NA,NA,NA,NA,NA,NA,NA,NA,NA,NA,NA,NA,NA,NA,NA,NA,NA,NA,NA,NA,NA,NA,NA,NA,NA,NA,NA,NA,NA,NA,NA,NA,NA,NA,NA,NA,NA,High,High,High,NA,NA,NA,NA,NA,28.751101,67.002421,807.731278,0.390692,07:00:00,-0.913914,0.189611,0.358899,-77.898205,58.476502,-38.726274,-0.421028,125.237711,-0.523339,-47.803458,0.523339,-0.740845,0.421028,38.816764,-24.899494,0.740845,-0.740845,-125.237711,24.899494,0.421028,47.803458,-38.816764,-0.421028,0.740845,0.523339,-0.523339,NA,NA,NA,NA,NA,NA,NA,NA,NA,NA,NA,NA
NA,NA,NA,NA,NA,NA,NA,NA,NA,NA,NA,NA,NA,NA,NA,NA,10,2025-09-29,14:11:44,2,2,"Holmes, Connor",1000191481,Right,ROA_STA,"Pierce, Johno",10069844,Right,CAR_EAG,Undefined,1,Bottom,0,1,0,Cutter,Slider,StrikeSwinging,Undefined,Undefined,Undefined,0,0,NA,82.12279,0.285776,-0.637411,2449.277352,147.625685,11:00:00,5.8614,1.5382,5.83672,-32.4888,8.18213,-4.54095,3.41965,0.56729,76.67202,-5.695725,-1.451774,0.459001,NA,NA,NA,NA,NA,NA,NA,NA,NA,NA,NA,2.18433,4.46036,-1.48352,50,5.86532,1.50426,-119.54505,-0.44926,3.22667,18.55309,-25.58521,CAR_EAG,ROA_STA,CarsonNewman,TeamExclusive,Team,20250929-CarsonNewman-Private-1,c21c8bb0-9d5f-11f0-bac8-5ddf494ae676,82.11845,NA,NA,5.45076,NA,NA,NA,NA,NA,NA,d963aabb-c726-4912-9008-f618f1adb60d,2025-09-29,18:11:44,2025-09-29T18:11:44Z,2025-09-29T18:11:44Z,NA,v3,CNE,ROST,NA,"Cauthen, Cade",1000141057,Right,ROA_STA,90d32fdb-0e3a-4902-b76c-2539e7b1c1be,54.66666,-120.26713,9.27654,5.86343,0.5465,-12.79261,-1.53963,1.37867,1.61334,NA,NA,NA,NA,NA,NA,NA,NA,NA,NA,NA,NA,NA,NA,NA,NA,NA,NA,NA,NA,NA,NA,NA,NA,NA,NA,NA,NA,NA,NA,NA,NA,NA,NA,NA,NA,NA,NA,NA,NA,NA,NA,NA,NA,NA,NA,NA,NA,NA,NA,High,High,High,NA,NA,NA,NA,NA,194.403491,62.397994,1134.816474,0.463327,12:30:00,-0.891689,-0.110831,-0.438871,-54.121579,6.590926,-48.692332,0.035106,153.110765,-0.891333,26.871327,0.891333,-0.451988,-0.035106,2.255504,2.011857,0.451988,0.451988,-153.110765,-2.011857,0.035106,-26.871327,-2.255504,-0.035106,-0.451988,0.891333,-0.891333,NA,NA,NA,NA,NA,NA,NA,NA,NA,NA,NA,NA
NA,NA,NA,NA,NA,NA,NA,NA,NA,NA,NA,NA,NA,NA,NA,NA,11,2025-09-29,14:12:23,2,3,"Holmes, Connor",1000191481,Right,ROA_STA,"Pierce, Johno",10069844,Right,CAR_EAG,Undefined,1,Bottom,0,1,1,Slider,Curveball,FoulBallNotFieldable,Undefined,Undefined,Undefined,0,0,NA,71.89739,3.841677,0.755216,1978.274234,70.227707,08:15:00,5.54124,1.7199,5.63762,-56.38932,-1.1748,-8.44748,4.432,1.72058,65.20298,-6.533479,-0.752109,0.534808,NA,NA,NA,NA,NA,NA,NA,NA,NA,NA,NA,4.47469,-1.15295,-1.77871,50,5.83275,-1.06628,-104.11597,5.28527,4.86752,18.94991,-33.42821,CAR_EAG,ROA_STA,CarsonNewman,TeamExclusive,Team,20250929-CarsonNewman-Private-1,d99bb680-9d5f-11f0-bac8-5ddf494ae676,70.47842,NA,NA,6.69441,NA,NA,NA,NA,NA,NA,d963aabb-c726-4912-9008-f618f1adb60d,2025-09-29,18:12:23,2025-09-29T18:12:23Z,2025-09-29T18:12:23Z,NA,v3,CNE,ROST,NA,"Cauthen, Cade",1000141057,Right,ROA_STA,910964ae-01a3-43b7-8819-71b0de7802ca,54.8634,-104.99741,9.47496,5.55075,6.84016,-16.7141,-1.72384,-1.29269,2.43376,NA,NA,NA,NA,NA,NA,NA,NA,NA,NA,NA,NA,NA,NA,NA,NA,NA,NA,NA,NA,NA,NA,NA,NA,NA,NA,NA,NA,NA,NA,NA,NA,NA,NA,NA,NA,NA,NA,NA,NA,NA,NA,NA,NA,NA,NA,NA,NA,NA,NA,High,High,High,NA,NA,NA,NA,NA,40.10978,60.871499,962.964489,0.48677,07:15:00,-0.855389,0.371425,0.361044,-10.18982,63.776919,-8.087678,-0.35783,129.434746,-0.59314,-46.154368,0.59314,-0.721209,0.35783,31.101772,-20.966999,0.721209,-0.721209,-129.434746,20.966999,0.35783,46.154368,-31.101772,-0.35783,0.721209,0.59314,-0.59314,NA,NA,NA,NA,NA,NA,NA,NA,NA,NA,NA,NA
NA,NA,NA,NA,NA,NA,NA,NA,NA,NA,NA,NA,NA,NA,NA,NA,12,2025-09-29,14:12:49,2,4,"Holmes, Connor",1000191481,Right,ROA_STA,"Pierce, Johno",10069844,Right,CAR_EAG,Undefined,1,Bottom,0,1,2,Slider,Curveball,FoulBallNotFieldable,Undefined,Undefined,Undefined,0,0,NA,74.24819,2.350531,-0.603379,2089.654644,58.007416,08:00:00,5.53117,1.4896,5.43995,-58.49232,-6.96335,-13.64894,2.85926,-0.21285,68.35351,-8.286718,-3.033884,0.516651,64.20076,-67.528602,-109.816868,NA,NA,NA,NA,2.64436,2.85518,-23.163403,0.03507,6.78386,-3.83673,-1.42614,50,5.69801,1.6279,-107.82091,2.5502,7.98027,18.86879,-36.68746,CAR_EAG,ROA_STA,CarsonNewman,TeamExclusive,Team,20250929-CarsonNewman-Private-1,e90888f0-9d5f-11f0-bac8-5ddf494ae676,72.95536,3.06798,NA,5.89468,NA,NA,NA,2.8614,3.06798,0.15368,d963aabb-c726-4912-9008-f618f1adb60d,2025-09-29,18:12:49,2025-09-29T18:12:49Z,2025-09-29T18:12:49Z,GroundBall,v3,CNE,ROST,NA,"Cauthen, Cade",1000141057,Right,ROA_STA,6706cbd7-cd4c-4a81-8d02-c84933157648,55.06621,-108.70388,9.4344,5.53849,4.26701,-18.34373,-1.49358,1.25445,3.99013,NA,2.86177,-12.26729,NA,NA,NA,NA,NA,NA,NA,3.07063,-87.48206,NA,NA,NA,NA,NA,NA,NA,0.15472,-34.04226,NA,NA,NA,NA,NA,NA,NA,NA,NA,NA,NA,NA,NA,NA,NA,NA,NA,NA,NA,NA,NA,NA,NA,NA,NA,NA,NA,NA,NA,High,High,High,Low,Low,NA,NA,NA,35.915894,61.135143,1008.771003,0.482745,07:15:00,-0.859245,0.318856,0.400036,16.75735,55.771184,20.255697,-0.470374,125.091701,-0.507319,-46.225133,0.507319,-0.722064,0.470374,42.835955,-28.058573,0.722064,-0.722064,-125.091701,28.058573,0.470374,46.225133,-42.835955,-0.470374,0.722064,0.507319,-0.507319,NA,NA,NA,NA,NA,NA,NA,NA,NA,NA,NA,NA
NA,NA,NA,NA,NA,NA,NA,NA,NA,NA,NA,NA,NA,NA,NA,NA,13,2025-09-29,14:13:29,2,5,"Holmes, Connor",1000191481,Right,ROA_STA,"Pierce, Johno",10069844,Right,CAR_EAG,Undefined,1,Bottom,0,1,2,Cutter,Slider,InPlay,Undefined,GroundBall,Out,2,0,NA,83.00161,-1.232213,-1.614427,2405.925516,157.072501,11:15:00,5.78366,1.47414,5.76743,-33.02077,6.95914,-2.51492,1.88447,-0.2384,77.67841,-7.275504,-2.064971,0.455085,98.44047,2.091978,6.27502,1743.826874,NA,NA,NA,65.71997,65.15352,8.060952,0.471502,0.93886,4.12607,-1.33888,50,5.66116,3.49911,-120.76681,-3.68488,1.41386,19.17269,-25.96037,CAR_EAG,ROA_STA,CarsonNewman,TeamExclusive,Team,20250929-CarsonNewman-Private-1,00b5efb0-9d60-11f0-bac8-5ddf494ae676,82.82511,2.32645,NA,5.3232,NA,NA,NA,1.79292,1.99656,0.22699,d963aabb-c726-4912-9008-f618f1adb60d,2025-09-29,18:13:29,2025-09-29T18:13:29Z,2025-09-29T18:13:29Z,GroundBall,v3,CNE,ROST,NA,"Cauthen, Cade",1000141057,Right,ROA_STA,71320131-ea76-4a17-aa86-ab278709221d,54.73746,-121.51659,9.58635,5.78541,-2.66966,-12.98018,-1.47464,3.44382,0.70693,293.667737,1.80532,143.06669,-18.90446,NA,NA,NA,NA,NA,NA,2.00789,4.94817,-19.57466,NA,NA,NA,NA,NA,NA,0.21713,16.05192,6.47422,NA,NA,NA,NA,NA,NA,NA,NA,NA,NA,NA,NA,NA,NA,NA,NA,NA,NA,NA,NA,NA,NA,NA,NA,NA,NA,NA,NA,High,High,High,High,High,NA,NA,NA,193.258674,67.314747,927.889871,0.385669,12:30:00,-0.930732,-0.108273,-0.349305,-48.05393,23.672757,-30.131002,-0.08696,146.681003,-0.83246,-33.176435,0.83246,-0.547219,0.08696,5.963601,-4.988765,0.547219,-0.547219,-146.681003,4.988765,0.08696,33.176435,-5.963601,-0.08696,0.547219,0.83246,-0.83246,NA,NA,NA,NA,NA,NA,NA,NA,NA,NA,NA,NA
NA,NA,NA,NA,NA,NA,NA,NA,NA,NA,NA,NA,NA,NA,NA,NA,14,2025-09-29,14:14:01,3,1,"Holmes, Connor",1000191481,Right,ROA_STA,"Floyd, Logan",1000148156,Right,CAR_EAG,Undefined,1,Bottom,2,0,0,Cutter,Slider,BallCalled,Undefined,Undefined,Undefined,0,0,NA,82.98283,-3.841499,-2.218523,2488.818082,189.446573,12:15:00,5.90092,1.47352,5.86233,-32.3012,7.86209,1.12929,-0.36784,-0.49452,77.74353,-9.722403,-2.015693,0.456127,NA,NA,NA,NA,NA,NA,NA,NA,NA,NA,NA,-1.10228,5.23268,-1.29418,50,5.56937,4.62405,-120.43832,-9.13138,-1.6452,19.85157,-24.3641,CAR_EAG,ROA_STA,CarsonNewman,TeamExclusive,Team,20250929-CarsonNewman-Private-1,137f5aa0-9d60-11f0-bac8-5ddf494ae676,82.63578,NA,NA,5.2393,NA,NA,NA,NA,NA,NA,d963aabb-c726-4912-9008-f618f1adb60d,2025-09-29,18:14:01,2025-09-29T18:14:01Z,2025-09-29T18:14:01Z,NA,v3,CNE,ROST,NA,"Cauthen, Cade",1000141057,Right,ROA_STA,dee04e51-3efa-4f3f-aacc-410a74b81fd0,54.64271,-121.20115,9.92578,5.90227,-8.19515,-12.18205,-1.47308,4.68727,-0.8226,NA,NA,NA,NA,NA,NA,NA,NA,NA,NA,NA,NA,NA,NA,NA,NA,NA,NA,NA,NA,NA,NA,NA,NA,NA,NA,NA,NA,NA,NA,NA,NA,NA,NA,NA,NA,NA,NA,NA,NA,NA,NA,NA,NA,NA,NA,NA,NA,NA,NA,High,High,High,NA,NA,NA,NA,NA,206.033855,62.148481,1162.730612,0.467182,12:45:00,-0.884036,-0.263822,-0.385847,-42.027013,18.103437,-25.378363,0.07025,147.776123,-0.843881,32.134697,0.843881,-0.531911,-0.07025,4.758695,4.028349,0.531911,0.531911,-147.776123,-4.028349,0.07025,-32.134697,-4.758695,-0.07025,-0.531911,0.843881,-0.843881,NA,NA,NA,NA,NA,NA,NA,NA,NA,NA,NA,NA
NA,NA,NA,NA,NA,NA,NA,NA,NA,NA,NA,NA,NA,NA,NA,NA,15,2025-09-29,14:14:19,3,2,"Holmes, Connor",1000191481,Right,ROA_STA,"Floyd, Logan",1000148156,Right,CAR_EAG,Undefined,1,Bottom,2,1,0,Cutter,Slider,BallCalled,Undefined,Undefined,Undefined,0,0,NA,80.79038,-1.90026,-2.826411,2509.503771,169.205844,11:45:00,5.75597,1.531,5.48367,-35.98423,6.70233,-1.07441,0.97647,-1.20523,75.89025,-8.420137,-3.017684,0.470237,NA,NA,NA,NA,NA,NA,NA,NA,NA,NA,NA,-0.06504,4.14189,-1.28212,50,5.56425,5.83681,-117.37929,-5.11531,-0.09272,17.61883,-26.26789,CAR_EAG,ROA_STA,CarsonNewman,TeamExclusive,Team,20250929-CarsonNewman-Private-1,1eacfcc0-9d60-11f0-bac8-5ddf494ae676,80.15622,NA,NA,4.90013,NA,NA,NA,NA,NA,NA,d963aabb-c726-4912-9008-f618f1adb60d,2025-09-29,18:14:19,2025-09-29T18:14:19Z,2025-09-29T18:14:19Z,NA,v3,CNE,ROST,NA,"Cauthen, Cade",1000141057,Right,ROA_STA,552797f2-953e-411b-9cf9-e3d39ca1fa29,55.02032,-118.13044,8.80942,5.75846,-3.99541,-13.13394,-1.53105,5.84076,-0.04636,NA,NA,NA,NA,NA,NA,NA,NA,NA,NA,NA,NA,NA,NA,NA,NA,NA,NA,NA,NA,NA,NA,NA,NA,NA,NA,NA,NA,NA,NA,NA,NA,NA,NA,NA,NA,NA,NA,NA,NA,NA,NA,NA,NA,NA,NA,NA,NA,NA,NA,High,High,High,NA,NA,NA,NA,NA,194.900703,69.944012,860.60476,0.342938,12:30:00,-0.95112,-0.119285,-0.284853,-30.376443,36.137195,-18.360479,-0.018204,147.952137,-0.847465,-32.041919,0.847465,-0.53054,0.018204,1.230542,-1.043059,0.53054,-0.53054,-147.952137,1.043059,0.018204,32.041919,-1.230542,-0.018204,0.53054,0.847465,-0.847465,NA,NA,NA,NA,NA,NA,NA,NA,NA,NA,NA,NA
NA,NA,NA,NA,NA,NA,NA,NA,NA,NA,NA,NA,NA,NA,NA,NA,16,2025-09-29,14:14:35,3,3,"Holmes, Connor",1000191481,Right,ROA_STA,"Floyd, Logan",1000148156,Right,CAR_EAG,Undefined,1,Bottom,2,2,0,Cutter,Slider,BallCalled,Undefined,Undefined,Undefined,0,0,NA,81.08115,1.113795,-0.712402,2490.147633,153.498433,11:00:00,5.831,1.58442,5.81873,-32.4708,9.21032,-4.08677,4.16094,0.58142,75.74371,-4.869434,-1.444671,0.464666,NA,NA,NA,NA,NA,NA,NA,NA,NA,NA,NA,1.93866,4.80768,-1.52365,50,5.90265,1.62262,-118.02384,1.26538,2.79778,17.58737,-25.2358,CAR_EAG,ROA_STA,CarsonNewman,TeamExclusive,Team,20250929-CarsonNewman-Private-1,281ce950-9d60-11f0-bac8-5ddf494ae676,81.11724,NA,NA,5.33745,NA,NA,NA,NA,NA,NA,d963aabb-c726-4912-9008-f618f1adb60d,2025-09-29,18:14:35,2025-09-29T18:14:35Z,2025-09-29T18:14:35Z,NA,v3,CNE,ROST,NA,"Cauthen, Cade",1000141057,Right,ROA_STA,805b630a-1c88-4cfa-8f34-1af7f28bb8aa,54.68468,-118.71987,8.79368,5.83281,2.26411,-12.6179,-1.58568,1.5119,1.39889,NA,NA,NA,NA,NA,NA,NA,NA,NA,NA,NA,NA,NA,NA,NA,NA,NA,NA,NA,NA,NA,NA,NA,NA,NA,NA,NA,NA,NA,NA,NA,NA,NA,NA,NA,NA,NA,NA,NA,NA,NA,NA,NA,NA,NA,NA,NA,NA,NA,NA,High,High,High,NA,NA,NA,NA,NA,193.072122,66.135176,1007.464453,0.40458,12:30:00,-0.920938,-0.073713,-0.382675,-61.844434,3.582475,-44.209198,-0.042176,144.268319,-0.811038,-35.695013,0.811038,-0.583471,0.042176,2.976834,-2.417219,0.583471,-0.583471,-144.268319,2.417219,0.042176,35.695013,-2.976834,-0.042176,0.583471,0.811038,-0.811038,NA,NA,NA,NA,NA,NA,NA,NA,NA,NA,NA,NA
NA,NA,NA,NA,NA,NA,NA,NA,NA,NA,NA,NA,NA,NA,NA,NA,17,2025-09-29,14:14:53,3,4,"Holmes, Connor",1000191481,Right,ROA_STA,"Floyd, Logan",1000148156,Right,CAR_EAG,Undefined,1,Bottom,2,3,0,Slider,Curveball,StrikeCalled,Undefined,Undefined,Undefined,0,0,NA,72.47171,3.185956,-0.14827,2177.938938,44.231079,07:30:00,5.51676,1.76621,5.36299,-64.20322,-10.25591,-11.47575,3.15727,0.67085,67.0808,-8.44524,-2.188598,0.528635,NA,NA,NA,NA,NA,NA,NA,NA,NA,NA,NA,5.7089,-5.47209,-1.74447,50,5.75716,0.69342,-105.24436,3.77835,6.44553,16.75275,-38.35223,CAR_EAG,ROA_STA,CarsonNewman,TeamExclusive,Team,20250929-CarsonNewman-Private-1,32e476a0-9d60-11f0-bac8-5ddf494ae676,71.30138,NA,NA,5.39091,NA,NA,NA,NA,NA,NA,d963aabb-c726-4912-9008-f618f1adb60d,2025-09-29,18:14:53,2025-09-29T18:14:53Z,2025-09-29T18:14:53Z,NA,v3,CNE,ROST,NA,"Cauthen, Cade",1000141057,Right,ROA_STA,4ad05c43-e808-4480-8941-01500f56a35a,55.1439,-106.06,8.37637,5.52774,5.6456,-19.17612,-1.77059,0.37961,3.22277,NA,NA,NA,NA,NA,NA,NA,NA,NA,NA,NA,NA,NA,NA,NA,NA,NA,NA,NA,NA,NA,NA,NA,NA,NA,NA,NA,NA,NA,NA,NA,NA,NA,NA,NA,NA,NA,NA,NA,NA,NA,NA,NA,NA,NA,NA,NA,NA,NA,NA,High,High,High,NA,NA,NA,NA,NA,41.209168,60.537151,1071.239099,0.491859,07:15:00,-0.85036,0.37193,0.372232,-34.219042,65.457166,-28.042364,-0.327163,130.092972,-0.608587,-46.294491,0.608587,-0.722901,0.327163,28.261518,-19.096701,0.722901,-0.722901,-130.092972,19.096701,0.327163,46.294491,-28.261518,-0.327163,0.722901,0.608587,-0.608587,NA,NA,NA,NA,NA,NA,NA,NA,NA,NA,NA,NA
NA,NA,NA,NA,NA,NA,NA,NA,NA,NA,NA,NA,NA,NA,NA,NA,18,2025-09-29,14:15:08,3,5,"Holmes, Connor",1000191481,Right,ROA_STA,"Floyd, Logan",1000148156,Right,CAR_EAG,Undefined,1,Bottom,2,3,1,Slider,Curveball,BallCalled,Walk,Undefined,Undefined,0,0,NA,72.77958,0.094224,-4.052633,2123.723569,56.818095,08:00:00,5.37204,1.86348,4.98881,-62.76535,-8.0784300000000009,-14.77143,0.23079,-3.20075,67.82094,-11.096328,-6.652726,0.532247,NA,NA,NA,NA,NA,NA,NA,NA,NA,NA,NA,6.25166,-3.61874,-1.45966,50,5.32946,8.02239,-105.46503,-1.93061,7.04431,17.86659,-36.25161,CAR_EAG,ROA_STA,CarsonNewman,TeamExclusive,Team,20250929-CarsonNewman-Private-1,3be2dcb0-9d60-11f0-bac8-5ddf494ae676,70.81759,NA,NA,4.95864,NA,NA,NA,NA,NA,NA,d963aabb-c726-4912-9008-f618f1adb60d,2025-09-29,18:15:08,2025-09-29T18:15:08Z,2025-09-29T18:15:08Z,NA,v3,CNE,ROST,NA,"Cauthen, Cade",1000141057,Right,ROA_STA,ae7e2fe6-dbeb-4cad-8982-d54362861568,55.51764,-106.39565,8.93329,5.38084,-0.04236,-18.1258,-1.86797,7.65547,3.52216,NA,NA,NA,NA,NA,NA,NA,NA,NA,NA,NA,NA,NA,NA,NA,NA,NA,NA,NA,NA,NA,NA,NA,NA,NA,NA,NA,NA,NA,NA,NA,NA,NA,NA,NA,NA,NA,NA,NA,NA,NA,NA,NA,NA,NA,NA,NA,NA,NA,NA,High,High,High,NA,NA,NA,NA,NA,36.120305,61.967378,998.095289,0.469974,07:15:00,-0.853187,0.278493,0.441036,49.51629,31.954308,29.673653,-0.472902,122.202865,-0.469563,-48.20809,0.469563,-0.74557,0.472902,45.203004,-28.222828,0.74557,-0.74557,-122.202865,28.222828,0.472902,48.20809,-45.203004,-0.472902,0.74557,0.469563,-0.469563,NA,NA,NA,NA,NA,NA,NA,NA,NA,NA,NA,NA
NA,NA,NA,NA,NA,NA,NA,NA,NA,NA,NA,NA,NA,NA,NA,NA,19,2025-09-29,14:15:44,4,1,"Holmes, Connor",1000191481,Right,ROA_STA,"Nathan, Cole",1000323259,Right,CAR_EAG,Undefined,1,Bottom,2,0,0,Cutter,Slider,StrikeCalled,Undefined,Undefined,Undefined,0,0,NA,79.92844,0.705891,-1.084946,2357.397731,152.195082,11:00:00,5.77753,1.59064,5.45085,-35.52179,8.14504,-3.70374,3.47842,0.26611,74.47979,-5.78887,-1.744138,0.475606,NA,NA,NA,NA,NA,NA,NA,NA,NA,NA,NA,1.62583,4.31071,-1.49221,50,5.81523,2.34705,-116.24882,0.24744,2.26725,17.8941,-26.16269,CAR_EAG,ROA_STA,CarsonNewman,TeamExclusive,Team,20250929-CarsonNewman-Private-1,5114bc20-9d60-11f0-bac8-5ddf494ae676,79.25141,NA,NA,5.44865,NA,NA,NA,NA,NA,NA,d963aabb-c726-4912-9008-f618f1adb60d,2025-09-29,18:15:44,2025-09-29T18:15:44Z,2025-09-29T18:15:44Z,NA,v3,CNE,ROST,NA,"Cauthen, Cade",1000141057,Right,ROA_STA,8e9cdedc-0f70-434c-9a9f-0dd8d6aae62b,55.0522,-117.02391,8.94705,5.77997,1.3807,-13.08135,-1.59175,2.24885,1.13362,NA,NA,NA,NA,NA,NA,NA,NA,NA,NA,NA,NA,NA,NA,NA,NA,NA,NA,NA,NA,NA,NA,NA,NA,NA,NA,NA,NA,NA,NA,NA,NA,NA,NA,NA,NA,NA,NA,NA,NA,NA,NA,NA,NA,NA,NA,NA,NA,NA,NA,High,High,High,NA,NA,NA,NA,NA,194.17356,66.688764,932.882648,0.395726,12:30:00,-0.926593,-0.085576,-0.3662,-44.907654,21.248735,-30.544565,-0.048116,145.162278,-0.819823,-34.791547,0.819823,-0.570592,0.048116,3.358876,-2.757907,0.570592,-0.570592,-145.162278,2.757907,0.048116,34.791547,-3.358876,-0.048116,0.570592,0.819823,-0.819823,NA,NA,NA,NA,NA,NA,NA,NA,NA,NA,NA,NA
NA,NA,NA,NA,NA,NA,NA,NA,NA,NA,NA,NA,NA,NA,NA,NA,20,2025-09-29,14:16:18,4,2,"Holmes, Connor",1000191481,Right,ROA_STA,"Nathan, Cole",1000323259,Right,CAR_EAG,Undefined,1,Bottom,2,0,1,Cutter,Slider,BallCalled,Undefined,Undefined,Undefined,0,0,NA,80.66593,2.970643,-1.503299,2381.037828,157.742053,11:15:00,5.87678,1.59946,5.49701,-34.2947,8.76827,-3.12347,5.80115,-0.06738,74.57982,-3.332432,-2.058764,0.472306,NA,NA,NA,NA,NA,NA,NA,NA,NA,NA,NA,1.22095,4.0965,-1.46575,50,6.11372,3.19827,-117.10727,4.94267,1.72219,18.85495,-26.39577,CAR_EAG,ROA_STA,CarsonNewman,TeamExclusive,Team,20250929-CarsonNewman-Private-1,6532e1a0-9d60-11f0-bac8-5ddf494ae676,79.80516,NA,NA,6.08611,NA,NA,NA,NA,NA,NA,d963aabb-c726-4912-9008-f618f1adb60d,2025-09-29,18:16:18,2025-09-29T18:16:18Z,2025-09-29T18:16:18Z,NA,v3,CNE,ROST,NA,"Cauthen, Cade",1000141057,Right,ROA_STA,887d19a0-5f56-4c0f-95d2-57e6c25046ea,55.00503,-117.91035,9.42748,5.87926,6.06694,-13.19789,-1.60042,3.12492,0.86109,NA,NA,NA,NA,NA,NA,NA,NA,NA,NA,NA,NA,NA,NA,NA,NA,NA,NA,NA,NA,NA,NA,NA,NA,NA,NA,NA,NA,NA,NA,NA,NA,NA,NA,NA,NA,NA,NA,NA,NA,NA,NA,NA,NA,NA,NA,NA,NA,NA,NA,High,High,High,NA,NA,NA,NA,NA,194.579341,66.350314,955.137929,0.401144,12:30:00,-0.929886,-0.053369,-0.363957,-51.095998,23.564685,-31.748781,-0.160963,145.884435,-0.817112,-33.610935,0.817112,-0.553551,0.160963,11.144011,-9.262796,0.553551,-0.553551,-145.884435,9.262796,0.160963,33.610935,-11.144011,-0.160963,0.553551,0.817112,-0.817112,NA,NA,NA,NA,NA,NA,NA,NA,NA,NA,NA,NA
NA,NA,NA,NA,NA,NA,NA,NA,NA,NA,NA,NA,NA,NA,NA,NA,21,2025-09-29,14:16:35,4,3,"Holmes, Connor",1000191481,Right,ROA_STA,"Nathan, Cole",1000323259,Right,CAR_EAG,Undefined,1,Bottom,2,1,1,Cutter,Slider,FoulBallNotFieldable,Undefined,Undefined,Undefined,0,0,NA,81.41081,-0.715064,-1.522495,2439.273296,124.287185,10:15:00,5.86802,1.68491,5.41175,-37.75656,4.71591,-5.1774,2.05141,-0.17332,75.60096,-7.587927,-2.443986,0.469056,NA,NA,NA,NA,NA,NA,NA,NA,NA,NA,NA,2.24288,2.90571,-1.54565,50,5.77777,3.35113,-118.30851,-2.78028,3.21344,20.27592,-28.011,CAR_EAG,ROA_STA,CarsonNewman,TeamExclusive,Team,20250929-CarsonNewman-Private-1,6f8a9620-9d60-11f0-bac8-5ddf494ae676,80.358,NA,NA,5.80986,NA,NA,NA,NA,NA,NA,d963aabb-c726-4912-9008-f618f1adb60d,2025-09-29,18:16:35,2025-09-29T18:16:35Z,2025-09-29T18:16:35Z,NA,v3,CNE,ROST,NA,"Cauthen, Cade",1000141057,Right,ROA_STA,c8cd6adc-fc35-4246-8905-0db33faca381,55.09171,-119.17794,10.13796,5.87124,-1.57917,-14.0055,-1.68639,3.21334,1.60672,NA,NA,NA,NA,NA,NA,NA,NA,NA,NA,NA,NA,NA,NA,NA,NA,NA,NA,NA,NA,NA,NA,NA,NA,NA,NA,NA,NA,NA,NA,NA,NA,NA,NA,NA,NA,NA,NA,NA,NA,NA,NA,NA,NA,NA,NA,NA,NA,NA,NA,High,High,High,NA,NA,NA,NA,NA,188.408891,72.280412,742.41412,0.304359,12:15:00,-0.959591,-0.056393,-0.275688,-43.446632,28.388627,-34.946464,0.019138,147.841872,-0.846427,32.151531,0.846427,-0.53216,-0.019138,1.295273,1.096608,0.53216,0.53216,-147.841872,-1.096608,0.019138,-32.151531,-1.295273,-0.019138,-0.53216,0.846427,-0.846427,NA,NA,NA,NA,NA,NA,NA,NA,NA,NA,NA,NA
NA,NA,NA,NA,NA,NA,NA,NA,NA,NA,NA,NA,NA,NA,NA,NA,22,2025-09-29,14:17:11,4,4,"Holmes, Connor",1000191481,Right,ROA_STA,"Nathan, Cole",1000323259,Right,CAR_EAG,Undefined,1,Bottom,2,1,2,Cutter,Slider,InPlay,Undefined,LineDrive,Single,0,0,NA,83.99877,-0.254224,-0.955117,2237.299461,158.462386,11:15:00,5.86414,1.38801,6.06148,-32.25293,6.90402,-2.26091,2.94106,0.31549,77.29222,-6.242325,-1.362395,0.450377,90.77551,4.820049,-4.469949,845.454048,NA,NA,NA,95.97426,95.97426,-2.360921,0.793295,0.91488,3.97496,-1.31263,50,5.82701,2.12217,-122.12712,-1.55876,1.38615,23.33146,-26.15144,CAR_EAG,ROA_STA,CarsonNewman,TeamExclusive,Team,20250929-CarsonNewman-Private-1,85257090-9d60-11f0-bac8-5ddf494ae676,83.69093,4.46319,NA,6.70655,NA,NA,NA,0.97278,2.87889,-0.28495,d963aabb-c726-4912-9008-f618f1adb60d,2025-09-29,18:17:11,2025-09-29T18:17:11Z,2025-09-29T18:17:11Z,GroundBall,v3,CNE,ROST,NA,"Cauthen, Cade",1000141057,Right,ROA_STA,28e7609f-4d51-4083-b0c8-9a230a3677be,54.44121,-122.97265,11.66573,5.86633,-0.61103,-13.07572,-1.38863,2.07194,0.69307,290.941551,1.02089,131.4385,-15.00325,NA,NA,NA,NA,NA,NA,2.9219,10.45009,-17.87894,NA,NA,NA,NA,NA,NA,-0.32293,-9.68411,6.49281,NA,NA,NA,NA,NA,NA,NA,NA,NA,NA,NA,NA,NA,NA,NA,NA,NA,NA,NA,NA,NA,NA,NA,NA,NA,NA,NA,NA,High,High,High,High,High,NA,NA,NA,198.74129,63.317649,1004.645441,0.449044,12:30:00,-0.899825,-0.148239,-0.410293,-58.424577,0.66847,-51.62772,0.063702,153.995892,-0.896937,25.947354,0.896937,-0.437545,-0.063702,4.062424,3.65233,0.437545,0.437545,-153.995892,-3.65233,0.063702,-25.947354,-4.062424,-0.063702,-0.437545,0.896937,-0.896937,NA,NA,NA,NA,NA,NA,NA,NA,NA,NA,NA,NA
NA,NA,NA,NA,NA,NA,NA,NA,NA,NA,NA,NA,NA,NA,NA,NA,23,2025-09-29,14:17:47,5,1,"Holmes, Connor",1000191481,Right,ROA_STA,"Kilgore, Tanner",814348,Right,CAR_EAG,Undefined,1,Bottom,2,0,0,Cutter,Slider,BallCalled,Undefined,Undefined,Undefined,0,0,NA,80.11134,-1.296274,-3.015366,2275.957281,130.546892,10:15:00,5.74683,1.497,5.6872,-37.91364,5.83351,-5.30859,1.37721,-1.75863,74.14711,-8.228198,-3.963247,0.476043,NA,NA,NA,NA,NA,NA,NA,NA,NA,NA,NA,1.91142,3.70536,-1.23957,50,5.61371,6.32655,-116.25034,-3.86234,2.62868,20.7767,-27.07822,CAR_EAG,ROA_STA,CarsonNewman,TeamExclusive,Team,20250929-CarsonNewman-Private-1,9ac469b0-9d60-11f0-bac8-5ddf494ae676,79.17862,NA,NA,5.96423,NA,NA,NA,NA,NA,NA,d963aabb-c726-4912-9008-f618f1adb60d,2025-09-29,18:17:47,2025-09-29T18:17:47Z,2025-09-29T18:17:47Z,NA,v3,CNE,ROST,NA,"Cauthen, Cade",1000141057,Right,ROA_STA,95539b5b-f053-4be3-9b87-0b0f66a1a20c,54.81528,-117.10779,10.38835,5.75005,-2.74484,-13.53911,-1.49842,6.21807,1.31434,NA,NA,NA,NA,NA,NA,NA,NA,NA,NA,NA,NA,NA,NA,NA,NA,NA,NA,NA,NA,NA,NA,NA,NA,NA,NA,NA,NA,NA,NA,NA,NA,NA,NA,NA,NA,NA,NA,NA,NA,NA,NA,NA,NA,NA,NA,NA,NA,NA,NA,High,High,High,NA,NA,NA,NA,NA,191.758916,68.430455,836.710843,0.36763,12:30:00,-0.94568700000000006,-0.09594,-0.310598,-40.919992,34.825885,-22.548452,-0.138848,149.028566,-0.849119,-30.638918,0.849119,-0.509626,0.138848,9.28685,-7.981215,0.509626,-0.509626,-149.028566,7.981215,0.138848,30.638918,-9.28685,-0.138848,0.509626,0.849119,-0.849119,NA,NA,NA,NA,NA,NA,NA,NA,NA,NA,NA,NA
NA,NA,NA,NA,NA,NA,NA,NA,NA,NA,NA,NA,NA,NA,NA,NA,24,2025-09-29,14:18:10,5,2,"Holmes, Connor",1000191481,Right,ROA_STA,"Kilgore, Tanner",814348,Right,CAR_EAG,Undefined,1,Bottom,2,1,0,Slider,Slider,FoulBallNotFieldable,Undefined,Undefined,Undefined,0,0,NA,78.01443,0.192703,-1.529873,2224.635151,174.064522,11:45:00,5.74684,1.54846,5.80612,-37.54817,8.47914,-0.73189,2.79712,0.0643,71.5929,-6.752905,-1.661022,0.488292,62.38346,49.400941,170.310338,3860.120565,NA,NA,NA,NA,26.50057,NA,NA,-0.05083,4.67555,-1.42238,50,5.74011,3.05307,-113.31875,-0.75899,-0.06605,20.83053,-26.09834,CAR_EAG,ROA_STA,CarsonNewman,TeamExclusive,Team,20250929-CarsonNewman-Private-1,a83237d0-9d60-11f0-bac8-5ddf494ae676,77.19249,31.17031,NA,6.42153,NA,NA,NA,2.92387,3.05854,-0.07359,d963aabb-c726-4912-9008-f618f1adb60d,2025-09-29,18:18:10,2025-09-29T18:18:10Z,2025-09-29T18:18:10Z,NA,v3,CNE,ROST,NA,"Cauthen, Cade",1000141057,Right,ROA_STA,2d1738eb-9db0-4d20-b84c-bc642a776b1c,54.69649,-114.17881,10.41527,5.7492,0.31857,-13.04917,-1.54849,3.05579,-0.03303,350.796667,2.92387,-58.69219,0.94444,1.12033,-1.16063,2.53714,-2.43285,-0.50828,1.58395,3.05854,69.47116,-28.1698,3.49977,-1.43567,1.9701,-0.96938,-2.19754,2.35006,-0.07359,10.02158,-1.93639,0.2545,-0.06513,0.04573,0.08993,-0.28784,0.20612,NA,NA,NA,NA,NA,NA,NA,NA,NA,NA,NA,NA,NA,NA,NA,NA,NA,NA,NA,NA,NA,NA,High,High,High,High,Undefined,NA,NA,NA,201.688636,63.560424,990.527198,0.445254,12:45:00,-0.906679,-0.161537,-0.389665,-7.287426,-31.48738,-6.390449,0.956484,108.908549,-0.094556,16.024029,0.094556,-0.27604,-0.956484,84.354214,73.035081,0.27604,0.27604,-108.908549,-73.035081,0.956484,-16.024029,-84.354214,-0.956484,-0.27604,0.094556,-0.094556,NA,NA,NA,NA,NA,NA,NA,NA,NA,NA,NA,NA
NA,NA,NA,NA,NA,NA,NA,NA,NA,NA,NA,NA,NA,NA,NA,NA,25,2025-09-29,14:19:03,5,3,"Holmes, Connor",1000191481,Right,ROA_STA,"Kilgore, Tanner",814348,Right,CAR_EAG,Undefined,1,Bottom,2,1,1,Cutter,Slider,InPlay,Undefined,GroundBall,Out,1,0,NA,78.16258,0.578776,-1.502878,2189.428809,163.915117,11:30:00,5.69121,1.55589,5.84387,-40.57329,5.92331,-1.22669,2.84821,0.05661,70.67597,-6.957418,-1.722856,0.490775,96.78747,-9.920893,-24.675827,NA,NA,NA,NA,21.56557,20.94335,-22.57105,0.148242,0.13819,3.30315,-1.43274,50,5.7147,3.01969,-113.34967,-0.09569,0.1768,23.91899,-27.94777,CAR_EAG,ROA_STA,CarsonNewman,TeamExclusive,Team,20250929-CarsonNewman-Private-1,c7ecc6d0-9d60-11f0-bac8-5ddf494ae676,76.80193,3.16337,NA,7.48661,NA,NA,NA,1.69417,3.16337,0.07134,d963aabb-c726-4912-9008-f618f1adb60d,2025-09-29,18:19:03,2025-09-29T18:19:03Z,2025-09-29T18:19:03Z,GroundBall,v3,CNE,ROST,NA,"Cauthen, Cade",1000141057,Right,ROA_STA,e01a0af9-37d2-426d-a9e2-56a2c8d58e3c,54.65623,-114.32801,11.9595,5.69524,1.04743,-13.97388,-1.5561,3.01246,0.0884,181.826655,1.69513,126.9776,-27.56338,NA,NA,NA,NA,NA,NA,3.16129,-24.27031,19.9583,NA,NA,NA,NA,NA,NA,0.07082,-58.33172,13.62395,NA,NA,NA,NA,NA,NA,NA,NA,NA,NA,NA,NA,NA,NA,NA,NA,NA,NA,NA,NA,NA,NA,NA,NA,NA,NA,NA,NA,High,High,High,Low,High,NA,NA,NA,204.146804,64.54221,941.11731,0.429846,12:45:00,-0.914608,-0.16671,-0.368374,-29.425578,-45.600829,-3.817183,0.894047,120.144774,-0.224966,22.792128,0.224966,-0.387389,-0.894047,75.876067,63.386283,0.387389,0.387389,-120.144774,-63.386283,0.894047,-22.792128,-75.876067,-0.894047,-0.387389,0.224966,-0.224966,NA,NA,NA,NA,NA,NA,NA,NA,NA,NA,NA,NA
NA,NA,NA,NA,NA,NA,NA,NA,NA,NA,NA,NA,NA,NA,NA,NA,26,2025-09-29,14:21:12,1,1,"Casson, Kolton",1000370207,Right,CAR_EAG,"Copley, Tanner",10031581,Right,ROA_STA,Undefined,2,Top,0,0,0,Slider,Curveball,StrikeCalled,Undefined,Undefined,Undefined,0,0,NA,75.77998,1.231792,-1.183863,2103.160991,64.798285,08:15:00,5.07679,2.94071,6.02528,-51.39495,-3.15421,-9.74347,1.93519,1.0321,69.97163,-8.218217,-2.938269,0.499894,NA,NA,NA,NA,NA,NA,NA,NA,NA,NA,NA,4.68717,-1.50126,-2.84284,50,5.14543,2.6195,-110.16972,0.81911,5.7713,19.23419,-34.02258,CAR_EAG,ROA_STA,CarsonNewman,TeamExclusive,Team,20250929-CarsonNewman-Private-1,14b09230-9d61-11f0-bac8-5ddf494ae676,75.4008,NA,NA,5.80835,NA,NA,NA,NA,NA,NA,d963aabb-c726-4912-9008-f618f1adb60d,2025-09-29,18:21:12,2025-09-29T18:21:12Z,2025-09-29T18:21:12Z,NA,v3,CNE,ROST,NA,"Cochran, Carson",10085797,Right,CAR_EAG,ca9b7b7d-5ef1-4db3-a70e-e26399152312,54.4787,-110.94888,9.61709,5.08433,2.19735,-17.01129,-2.94423,2.38571,2.88565,NA,NA,NA,NA,NA,NA,NA,NA,NA,NA,NA,NA,NA,NA,NA,NA,NA,NA,NA,NA,NA,NA,NA,NA,NA,NA,NA,NA,NA,NA,NA,NA,NA,NA,NA,NA,NA,NA,NA,NA,NA,NA,NA,NA,NA,NA,NA,NA,NA,NA,High,High,High,NA,NA,NA,NA,NA,66.675202,72.187682,643.356951,0.3059,08:15:00,-0.943101,0.301302,0.140634,72.630687,-20.184299,6.707604,-0.545451,107.991276,-0.258879,-52.859779,0.258879,-0.79716,0.545451,64.610326,-33.055514,0.79716,-0.79716,-107.991276,33.055514,0.545451,52.859779,-64.610326,-0.545451,0.79716,0.258879,-0.258879,NA,NA,NA,NA,NA,NA,NA,NA,NA,NA,NA,NA
NA,NA,NA,NA,NA,NA,NA,NA,NA,NA,NA,NA,NA,NA,NA,NA,27,2025-09-29,14:21:25,1,2,"Casson, Kolton",1000370207,Right,CAR_EAG,"Copley, Tanner",10031581,Right,ROA_STA,Undefined,2,Top,0,0,1,Fastball,Sinker,StrikeCalled,Undefined,Undefined,Undefined,0,0,NA,89.23076,-1.532181,-4.035172,2258.615264,231.678713,01:45:00,5.36569,2.6289,6.4246,-21.99056,12.41524,14.35253,2.12087,0.10952,81.8041,-5.684964,-1.440764,0.42217,NA,NA,NA,NA,NA,NA,NA,NA,NA,NA,NA,-8.54166,7.22571,-2.34659,50,5.24603,8.56057,-129.44371,-4.11377,-14.53832,26.22054,-19.87558,CAR_EAG,ROA_STA,CarsonNewman,TeamExclusive,Team,20250929-CarsonNewman-Private-1,1c513d00-9d61-11f0-bac8-5ddf494ae676,89.28264,NA,NA,7.42666,NA,NA,NA,NA,NA,NA,d963aabb-c726-4912-9008-f618f1adb60d,2025-09-29,18:21:25,2025-09-29T18:21:25Z,2025-09-29T18:21:25Z,NA,v3,CNE,ROST,NA,"Cochran, Carson",10085797,Right,CAR_EAG,4561070a-e23c-4159-b95f-6ec2c649608d,54.07716,-130.26697,13.11027,5.36539,-3.48972,-9.93779,-2.62254,9.01704,-7.26916,NA,NA,NA,NA,NA,NA,NA,NA,NA,NA,NA,NA,NA,NA,NA,NA,NA,NA,NA,NA,NA,NA,NA,NA,NA,NA,NA,NA,NA,NA,NA,NA,NA,NA,NA,NA,NA,NA,NA,NA,NA,NA,NA,NA,NA,NA,NA,NA,NA,NA,High,High,High,NA,NA,NA,NA,NA,234.749296,6.514218,2244.033043,0.993544,01:45:00,-0.131839,-0.814105,-0.565554,-87.79963,-25.520817,87.82983,-0.982359,120.34012,-0.094461,-9.287662,0.094461,-0.161391,0.982359,84.507473,-79.222075,0.161391,-0.161391,-120.34012,79.222075,0.982359,9.287662,-84.507473,-0.982359,0.161391,0.094461,-0.094461,NA,NA,NA,NA,NA,NA,NA,NA,NA,NA,NA,NA
NA,NA,NA,NA,NA,NA,NA,NA,NA,NA,NA,NA,NA,NA,NA,NA,28,2025-09-29,14:21:39,1,3,"Casson, Kolton",1000370207,Right,CAR_EAG,"Copley, Tanner",10031581,Right,ROA_STA,Undefined,2,Top,0,0,2,Fastball,Sinker,FoulBallNotFieldable,Undefined,Undefined,Undefined,0,0,NA,90.61201,-1.132883,-4.072549,2299.882811,226.507944,01:30:00,5.62277,2.28954,6.4518,-20.22111,13.40276,12.92827,2.89406,-0.38112,82.2713,-4.985716,-1.735478,0.417345,70.45979,43.055504,148.557662,5145.332153,NA,NA,NA,NA,22.09828,NA,NA,-7.96461,7.67918,-2.00601,50,5.53316,8.83526,-131.36213,-3.18128,-13.82284,29.58397,-18.84656,CAR_EAG,ROA_STA,CarsonNewman,TeamExclusive,Team,20250929-CarsonNewman-Private-1,248f8760-9d61-11f0-bac8-5ddf494ae676,90.3148,21.81805,NA,8.34071,NA,NA,NA,0.5487,2.85931,0.388,d963aabb-c726-4912-9008-f618f1adb60d,2025-09-29,18:21:39,2025-09-29T18:21:39Z,2025-09-29T18:21:39Z,NA,v3,CNE,ROST,NA,"Cochran, Carson",10085797,Right,CAR_EAG,7c6eb246-5880-4577-9afc-cc0283083523,54.04944,-132.27096,14.79199,5.62199,-2.60231,-9.42328,-2.28396,9.2599,-6.91142,315.180982,0.55033,-64.49526,1.41219,NA,NA,NA,NA,NA,NA,2.86392,70.34995,-26.5576,NA,NA,NA,NA,NA,NA,0.39186,39.21993,-10.30907,NA,NA,NA,NA,NA,NA,NA,NA,NA,NA,NA,NA,NA,NA,NA,NA,NA,NA,NA,NA,NA,NA,NA,NA,NA,NA,NA,NA,High,High,High,High,Undefined,NA,NA,NA,233.076961,3.502689,2295.586475,0.998132,01:45:00,-0.087777,-0.799002,-0.594888,-8.681333,48.748563,59.365051,0.185901,177.933412,-0.981929,2.030549,0.981929,-0.035432,-0.185901,10.720469,10.713658,0.035432,0.035432,-177.933412,-10.713658,0.185901,-2.030549,-10.720469,-0.185901,-0.035432,0.981929,-0.981929,NA,NA,NA,NA,NA,NA,NA,NA,NA,NA,NA,NA
NA,NA,NA,NA,NA,NA,NA,NA,NA,NA,NA,NA,NA,NA,NA,NA,29,2025-09-29,14:22:02,1,4,"Casson, Kolton",1000370207,Right,CAR_EAG,"Copley, Tanner",10031581,Right,ROA_STA,Undefined,2,Top,0,0,2,Slider,Curveball,InPlay,Undefined,FlyBall,Out,1,0,NA,76.94316,1.673141,-1.828487,2287.33978,61.947155,08:00:00,5.2008,2.87055,6.11666,-53.43688,-6.38729,-14.78351,2.29596,-0.05262,70.53589,-8.17114,-4.491761,0.493684,76.73276,43.768898,-28.450521,NA,94.3281,86.6454,-56.58747,228.50414,104.00151,-33.127618,5.025844,7.13693,-3.42705,-2.7225,50,5.30116,4.08176,-111.77221,1.65819,8.95921,21.59108,-36.47614,CAR_EAG,ROA_STA,CarsonNewman,TeamExclusive,Team,20250929-CarsonNewman-Private-1,3262a700-9d61-11f0-bac8-5ddf494ae676,76.34927,90.81054,NA,6.40727,NA,NA,NA,1.94046,2.00497,-0.12086,d963aabb-c726-4912-9008-f618f1adb60d,2025-09-29,18:22:02,2025-09-29T18:22:02Z,2025-09-29T18:22:02Z,FlyBall,v3,CNE,ROST,NA,"Cochran, Carson",10085797,Right,CAR_EAG,896b45e2-09c7-45ab-9b58-2b8b10625c9c,54.3884,-112.61673,10.79554,5.2084,3.08492,-18.23807,-2.87531,3.73133,4.4796,169.061992,1.94407,71.37587,-18.17348,4.67816,-0.69646,0.00376,0.01973,-0.00313,1.6e-4,2.00255,77.89401,-18.98335,0.91968,0.01528,-0.0629,0.02352,-0.0038,2.2e-4,-0.1225,-38.68252,6.51983,-1.35555,0.11251,0.03236,-0.01163,0.0014,-6e-5,NA,NA,NA,NA,NA,NA,NA,NA,NA,NA,NA,NA,NA,NA,NA,NA,NA,NA,NA,NA,NA,NA,High,High,High,High,Low,NA,NA,NA,65.544865,66.431246,914.591064,0.399849,08:15:00,-0.89982,0.390584,0.19434,58.127837,-2.996447,7.603914,-0.469579,110.160038,-0.304282,-55.975536,0.304282,-0.828799,0.469579,57.057199,-28.007002,0.828799,-0.828799,-110.160038,28.007002,0.469579,55.975536,-57.057199,-0.469579,0.828799,0.304282,-0.304282,NA,NA,NA,NA,NA,NA,NA,NA,NA,NA,NA,NA
NA,NA,NA,NA,NA,NA,NA,NA,NA,NA,NA,NA,NA,NA,NA,NA,30,2025-09-29,14:22:32,2,1,"Casson, Kolton",1000370207,Right,CAR_EAG,"Dale, Layne",1000099386,Right,ROA_STA,Undefined,2,Top,1,0,0,Slider,Curveball,StrikeSwinging,Undefined,Undefined,Undefined,0,0,NA,77.8046,1.507635,-2.564223,2241.569777,67.628316,08:15:00,5.19038,2.79848,6.03256,-50.29251,-4.12996,-13.56402,2.39726,-0.70811,71.35047,-7.747139,-5.000953,0.489008,NA,NA,NA,NA,NA,NA,NA,NA,NA,NA,NA,6.19052,-2.07299,-2.59095,50,5.28161,5.55512,-112.93501,1.40897,7.94869,21.68259,-34.83581,CAR_EAG,ROA_STA,CarsonNewman,TeamExclusive,Team,20250929-CarsonNewman-Private-1,44447110-9d61-11f0-bac8-5ddf494ae676,77.07933,NA,NA,6.45412,NA,NA,NA,NA,NA,NA,d963aabb-c726-4912-9008-f618f1adb60d,2025-09-29,18:22:32,2025-09-29T18:22:32Z,2025-09-29T18:22:32Z,NA,v3,CNE,ROST,NA,"Cochran, Carson",10085797,Right,CAR_EAG,425ebc16-6608-4fcb-962e-4df6f1e6305b,54.47052,-113.79008,10.8413,5.19896,2.78274,-17.4179,-2.80384,5.24166,3.97434,NA,NA,NA,NA,NA,NA,NA,NA,NA,NA,NA,NA,NA,NA,NA,NA,NA,NA,NA,NA,NA,NA,NA,NA,NA,NA,NA,NA,NA,NA,NA,NA,NA,NA,NA,NA,NA,NA,NA,NA,NA,NA,NA,NA,NA,NA,NA,NA,NA,NA,High,High,High,NA,NA,NA,NA,NA,67.026828,70.410308,751.558164,0.335282,08:15:00,-0.92688,0.33337,0.172501,78.170972,-17.127876,-1.764374,-0.494108,103.843447,-0.208021,-57.580663,0.208021,-0.844147,0.494108,67.16874,-29.610963,0.844147,-0.844147,-103.843447,29.610963,0.494108,57.580663,-67.16874,-0.494108,0.844147,0.208021,-0.208021,NA,NA,NA,NA,NA,NA,NA,NA,NA,NA,NA,NA
NA,NA,NA,NA,NA,NA,NA,NA,NA,NA,NA,NA,NA,NA,NA,NA,31,2025-09-29,14:22:45,2,2,"Casson, Kolton",1000370207,Right,CAR_EAG,"Dale, Layne",1000099386,Right,ROA_STA,Undefined,2,Top,1,0,1,Slider,Slider,BallCalled,Undefined,Undefined,Undefined,0,0,NA,78.26173,-1.314266,-3.778759,2366.486443,78.817251,08:45:00,5.23422,2.8809,6.13805,-46.53884,-0.98465,-12.2065,0.13843,-1.63386,72.21404,-9.835904,-5.974606,0.485775,NA,NA,NA,NA,NA,NA,NA,NA,NA,NA,NA,5.22548,0.28642,-2.58591,50,5.1097,7.92317,-113.49188,-4.00687,6.7715,22.02194,-31.80289,CAR_EAG,ROA_STA,CarsonNewman,TeamExclusive,Team,20250929-CarsonNewman-Private-1,4c1bbc40-9d61-11f0-bac8-5ddf494ae676,77.59233,NA,NA,6.0477,NA,NA,NA,NA,NA,NA,d963aabb-c726-4912-9008-f618f1adb60d,2025-09-29,18:22:45,2025-09-29T18:22:45Z,2025-09-29T18:22:45Z,NA,v3,CNE,ROST,NA,"Cochran, Carson",10085797,Right,CAR_EAG,16803477-2350-4acf-9076-1e1d517a6ee9,54.36548,-114.33582,11.01097,5.2399,-2.78809,-15.90144,-2.88457,7.66367,3.38575,NA,NA,NA,NA,NA,NA,NA,NA,NA,NA,NA,NA,NA,NA,NA,NA,NA,NA,NA,NA,NA,NA,NA,NA,NA,NA,NA,NA,NA,NA,NA,NA,NA,NA,NA,NA,NA,NA,NA,NA,NA,NA,NA,NA,NA,NA,NA,NA,NA,NA,High,High,High,NA,NA,NA,NA,NA,59.688785,70.545006,788.19692,0.333066,08:00:00,-0.936108,0.265833,0.230291,76.385845,-13.430678,-1.162924,-0.487934,98.944494,-0.135713,-59.571954,0.135713,-0.862266,0.487934,74.456688,-29.204871,0.862266,-0.862266,-98.944494,29.204871,0.487934,59.571954,-74.456688,-0.487934,0.862266,0.135713,-0.135713,NA,NA,NA,NA,NA,NA,NA,NA,NA,NA,NA,NA
NA,NA,NA,NA,NA,NA,NA,NA,NA,NA,NA,NA,NA,NA,NA,NA,32,2025-09-29,14:23:02,2,3,"Casson, Kolton",1000370207,Right,CAR_EAG,"Dale, Layne",1000099386,Right,ROA_STA,Undefined,2,Top,1,1,1,Slider,Slider,StrikeSwinging,Undefined,Undefined,Undefined,0,0,NA,78.1466,0.863704,-3.336881,2298.568065,88.398447,09:00:00,5.15798,2.80144,6.05838,-44.7055,1.02236,-14.31572,2.23342,-1.48374,71.75154,-7.377171,-5.904857,0.486701,NA,NA,NA,NA,NA,NA,NA,NA,NA,NA,NA,6.36796,0.75327,-2.53462,50,5.20167,7.13374,-113.36592,0.34828,8.24851,21.62687,-31.19834,CAR_EAG,ROA_STA,CarsonNewman,TeamExclusive,Team,20250929-CarsonNewman-Private-1,5639ea30-9d61-11f0-bac8-5ddf494ae676,77.44483,NA,NA,6.39506,NA,NA,NA,NA,NA,NA,d963aabb-c726-4912-9008-f618f1adb60d,2025-09-29,18:23:02,2025-09-29T18:23:02Z,2025-09-29T18:23:02Z,NA,v3,CNE,ROST,NA,"Cochran, Carson",10085797,Right,CAR_EAG,2febd3f5-579a-4ffb-a765-bb5330464999,54.44362,-114.21048,10.81344,5.16428,1.56663,-15.59917,-2.80691,6.81162,4.12425,NA,NA,NA,NA,NA,NA,NA,NA,NA,NA,NA,NA,NA,NA,NA,NA,NA,NA,NA,NA,NA,NA,NA,NA,NA,NA,NA,NA,NA,NA,NA,NA,NA,NA,NA,NA,NA,NA,NA,NA,NA,NA,NA,NA,NA,NA,NA,NA,NA,NA,High,High,High,NA,NA,NA,NA,NA,66.933866,69.760451,795.18024,0.345946,08:15:00,-0.923878,0.332396,0.189637,93.528029,-26.129497,-14.885289,-0.595099,98.660615,-0.121015,-52.60703,0.121015,-0.794489,0.595099,78.505465,-36.519662,0.794489,-0.794489,-98.660615,36.519662,0.595099,52.60703,-78.505465,-0.595099,0.794489,0.121015,-0.121015,NA,NA,NA,NA,NA,NA,NA,NA,NA,NA,NA,NA
NA,NA,NA,NA,NA,NA,NA,NA,NA,NA,NA,NA,NA,NA,NA,NA,33,2025-09-29,14:23:17,2,4,"Casson, Kolton",1000370207,Right,CAR_EAG,"Dale, Layne",1000099386,Right,ROA_STA,Undefined,2,Top,1,1,2,Slider,Curveball,StrikeSwinging,Strikeout,Undefined,Undefined,1,0,NA,77.5949,0.699878,-3.796801,2300.287589,47.031148,07:30:00,5.1889,2.91989,6.06935,-57.55357,-10.6865,-13.16764,1.04192,-1.69627,70.92701,-9.838946,-6.161889,0.492726,NA,NA,NA,NA,NA,NA,NA,NA,NA,NA,NA,5.50118,-5.15902,-2.61866,50,5.21371,7.94751,-112.46636,-0.4389,6.93061,23.51312,-38.67356,CAR_EAG,ROA_STA,CarsonNewman,TeamExclusive,Team,20250929-CarsonNewman-Private-1,5f441010-9d61-11f0-bac8-5ddf494ae676,76.4978,NA,NA,6.66789,NA,NA,NA,NA,NA,NA,d963aabb-c726-4912-9008-f618f1adb60d,2025-09-29,18:23:17,2025-09-29T18:23:17Z,2025-09-29T18:23:17Z,NA,v3,CNE,ROST,NA,"Cochran, Carson",10085797,Right,CAR_EAG,651ee258-7a5d-442f-8997-3f4475db6d8c,54.43412,-113.38961,11.75656,5.20114,1.07962,-19.33678,-2.92538,7.67538,3.46531,NA,NA,NA,NA,NA,NA,NA,NA,NA,NA,NA,NA,NA,NA,NA,NA,NA,NA,NA,NA,NA,NA,NA,NA,NA,NA,NA,NA,NA,NA,NA,NA,NA,NA,NA,NA,NA,NA,NA,NA,NA,NA,NA,NA,NA,NA,NA,NA,NA,NA,High,High,High,NA,NA,NA,NA,NA,54.677729,66.287937,925.0389,0.402141,07:45:00,-0.894105,0.339271,0.292355,66.486638,-10.771685,5.605978,-0.57974,105.037736,-0.211404,-51.896606,0.211404,-0.786898,0.57974,69.965439,-35.432289,0.786898,-0.786898,-105.037736,35.432289,0.57974,51.896606,-69.965439,-0.57974,0.786898,0.211404,-0.211404,NA,NA,NA,NA,NA,NA,NA,NA,NA,NA,NA,NA
NA,NA,NA,NA,NA,NA,NA,NA,NA,NA,NA,NA,NA,NA,NA,NA,34,2025-09-29,14:26:57,1,1,"Holmes, Connor",1000191481,Right,ROA_STA,"Vaughn, Peyton",10120035,Left,CAR_EAG,Undefined,2,Bottom,0,0,0,Cutter,Slider,BallCalled,Undefined,Undefined,Undefined,0,0,NA,79.70029,1.140667,0.916141,2421.516695,147.490406,11:00:00,5.9292,1.66411,5.29397,-36.7347,7.59465,-4.08217,3.9393,2.18424,73.95222,-5.567141,0.191655,0.4792,NA,NA,NA,NA,NA,NA,NA,NA,NA,NA,NA,2.25634,3.9213,-1.74444,50,6.00615,-1.68791,-115.84137,1.05287,3.11438,18.43985,-26.76157,CAR_EAG,ROA_STA,CarsonNewman,TeamExclusive,Team,20250929-CarsonNewman-Private-1,e2558790-9d61-11f0-bac8-5ddf494ae676,78.65695,NA,NA,5.74807,NA,NA,NA,NA,NA,NA,d963aabb-c726-4912-9008-f618f1adb60d,2025-09-29,18:26:57,2025-09-29T18:26:57Z,2025-09-29T18:26:57Z,NA,v3,CNE,ROST,NA,"Cauthen, Cade",1000141057,Right,ROA_STA,6c502fd1-1c77-4d7f-ab40-a7697878f432,55.20847,-116.66751,9.21992,5.93212,2.25185,-13.38078,-1.66569,-1.82744,1.55719,NA,NA,NA,NA,NA,NA,NA,NA,NA,NA,NA,NA,NA,NA,NA,NA,NA,NA,NA,NA,NA,NA,NA,NA,NA,NA,NA,NA,NA,NA,NA,NA,NA,NA,NA,NA,NA,NA,NA,NA,NA,NA,NA,NA,NA,NA,NA,NA,NA,NA,High,High,High,NA,NA,NA,NA,NA,192.60512,70.372258,813.406028,0.335908,12:30:00,-0.937806,-0.05454,-0.34285,-45.948448,24.073537,-32.786759000000004,-0.062728,146.349177,-0.830791,-33.575743,0.830791,-0.553039,0.062728,4.317899,-3.596438,0.553039,-0.553039,-146.349177,3.596438,0.062728,33.575743,-4.317899,-0.062728,0.553039,0.830791,-0.830791,NA,NA,NA,NA,NA,NA,NA,NA,NA,NA,NA,NA
NA,NA,NA,NA,NA,NA,NA,NA,NA,NA,NA,NA,NA,NA,NA,NA,35,2025-09-29,14:27:10,1,2,"Holmes, Connor",1000191481,Right,ROA_STA,"Vaughn, Peyton",10120035,Left,CAR_EAG,Undefined,2,Bottom,0,1,0,Slider,Slider,BallCalled,Undefined,Undefined,Undefined,0,0,NA,77.41408,-1.306618,0.348618,2220.793753,148.062341,11:00:00,5.61068,1.72949,5.68751,-38.1827,8.41178,-4.39697,1.21065,1.68802,71.79805,-8.306624,-0.438902,0.491291,NA,NA,NA,NA,NA,NA,NA,NA,NA,NA,NA,2.3341,5.02681,-1.75599,50,5.47661,-0.52276,-112.51432,-3.7523,3.01597,18.88903,-25.67876,CAR_EAG,ROA_STA,CarsonNewman,TeamExclusive,Team,20250929-CarsonNewman-Private-1,ea026760-9d61-11f0-bac8-5ddf494ae676,76.72123,NA,NA,5.61602,NA,NA,NA,NA,NA,NA,d963aabb-c726-4912-9008-f618f1adb60d,2025-09-29,18:27:10,2025-09-29T18:27:10Z,2025-09-29T18:27:10Z,NA,v3,CNE,ROST,NA,"Cauthen, Cade",1000141057,Right,ROA_STA,e96a3755-1b91-48fc-b14b-fb76fba5f8f6,54.81504,-113.3198,9.44452,5.61327,-2.6573,-12.83938,-1.73096,-0.65137,1.50799,NA,NA,NA,NA,NA,NA,NA,NA,NA,NA,NA,NA,NA,NA,NA,NA,NA,NA,NA,NA,NA,NA,NA,NA,NA,NA,NA,NA,NA,NA,NA,NA,NA,NA,NA,NA,NA,NA,NA,NA,NA,NA,NA,NA,NA,NA,NA,NA,NA,NA,High,High,High,NA,NA,NA,NA,NA,205.610775,70.28948,749.002925,0.337268,12:45:00,-0.935972,-0.167215,-0.309833,-44.506176,-39.360407,15.002677,0.928924,148.05932,-0.314211,11.296633,0.314211,-0.195889,-0.928924,71.311775,68.267669,0.195889,0.195889,-148.05932,-68.267669,0.928924,-11.296633,-71.311775,-0.928924,-0.195889,0.314211,-0.314211,NA,NA,NA,NA,NA,NA,NA,NA,NA,NA,NA,NA
NA,NA,NA,NA,NA,NA,NA,NA,NA,NA,NA,NA,NA,NA,NA,NA,36,2025-09-29,14:27:24,1,3,"Holmes, Connor",1000191481,Right,ROA_STA,"Vaughn, Peyton",10120035,Left,CAR_EAG,Undefined,2,Bottom,0,2,0,Slider,Slider,BallCalled,Undefined,Undefined,Undefined,0,0,NA,79.67386,1.841368,1.143916,2376.310488,114.651117,09:45:00,5.7685,1.76206,5.35256,-38.30049,5.87953,-10.31331,4.30485,1.9757,74.02992,-5.149265,-0.687977,0.478392,NA,NA,NA,NA,NA,NA,NA,NA,NA,NA,NA,5.42103,2.91614,-1.8575,50,5.90683,-1.89829,-115.8108,2.41589,7.49731,17.91251,-28.14099,CAR_EAG,ROA_STA,CarsonNewman,TeamExclusive,Team,20250929-CarsonNewman-Private-1,f25b1790-9d61-11f0-bac8-5ddf494ae676,78.7898,NA,NA,5.64395,NA,NA,NA,NA,NA,NA,d963aabb-c726-4912-9008-f618f1adb60d,2025-09-29,18:27:24,2025-09-29T18:27:24Z,2025-09-29T18:27:24Z,NA,v3,CNE,ROST,NA,"Cauthen, Cade",1000141057,Right,ROA_STA,d4f4fdb4-5166-4f0b-915b-a88398f62ee7,55.1506,-116.60473,8.95625,5.77212,3.66317,-14.0705,-1.766,-2.23059,3.74865,NA,NA,NA,NA,NA,NA,NA,NA,NA,NA,NA,NA,NA,NA,NA,NA,NA,NA,NA,NA,NA,NA,NA,NA,NA,NA,NA,NA,NA,NA,NA,NA,NA,NA,NA,NA,NA,NA,NA,NA,NA,NA,NA,NA,NA,NA,NA,NA,NA,NA,High,High,High,NA,NA,NA,NA,NA,181.439542,73.424924,677.893582,0.285271,12:00:00,-0.952298,0.023634,-0.304254,-46.045298,28.17021,-41.257606,-0.01806,149.938118,-0.865344,-30.056474,0.865344,-0.500853,0.01806,1.195612,-1.034822,0.500853,-0.500853,-149.938118,1.034822,0.01806,30.056474,-1.195612,-0.01806,0.500853,0.865344,-0.865344,NA,NA,NA,NA,NA,NA,NA,NA,NA,NA,NA,NA
NA,NA,NA,NA,NA,NA,NA,NA,NA,NA,NA,NA,NA,NA,NA,NA,37,2025-09-29,14:27:40,1,4,"Holmes, Connor",1000191481,Right,ROA_STA,"Vaughn, Peyton",10120035,Left,CAR_EAG,Undefined,2,Bottom,0,3,0,Cutter,Slider,StrikeCalled,Undefined,Undefined,Undefined,0,0,NA,80.53477,-1.227243,-1.575514,2530.452212,169.366701,11:45:00,5.79538,1.54913,5.57732,-34.22018,8.62374,-1.40965,1.79681,-0.04028,75.27067,-7.475836,-1.827163,0.471103,NA,NA,NA,NA,NA,NA,NA,NA,NA,NA,NA,0.36079,5.01315,-1.41252,50,5.66708,3.27573,-117.10477,-3.63697,0.51044,18.21189,-25.08154,CAR_EAG,ROA_STA,CarsonNewman,TeamExclusive,Team,20250929-CarsonNewman-Private-1,fc059c20-9d61-11f0-bac8-5ddf494ae676,80.00889,NA,NA,5.26411,NA,NA,NA,NA,NA,NA,d963aabb-c726-4912-9008-f618f1adb60d,2025-09-29,18:27:40,2025-09-29T18:27:40Z,2025-09-29T18:27:40Z,NA,v3,CNE,ROST,NA,"Cauthen, Cade",1000141057,Right,ROA_STA,fa00e19e-ef0c-460c-bf8d-9a1dcfdaae8b,54.92564,-117.8683,9.10595,5.79751,-2.58542,-12.54077,-1.54941,3.25433,0.25522,NA,NA,NA,NA,NA,NA,NA,NA,NA,NA,NA,NA,NA,NA,NA,NA,NA,NA,NA,NA,NA,NA,NA,NA,NA,NA,NA,NA,NA,NA,NA,NA,NA,NA,NA,NA,NA,NA,NA,NA,NA,NA,NA,NA,NA,NA,NA,NA,NA,NA,High,High,High,NA,NA,NA,NA,NA,196.182026,67.542725,966.61858,0.381994,12:30:00,-0.931411,-0.126227,-0.341381,-56.143747,15.344325,-38.871607,-0.03472,147.801821,-0.8457,-32.176429,0.8457,-0.532528,0.03472,2.350951,-1.989716,0.532528,-0.532528,-147.801821,1.989716,0.03472,32.176429,-2.350951,-0.03472,0.532528,0.8457,-0.8457,NA,NA,NA,NA,NA,NA,NA,NA,NA,NA,NA,NA
NA,NA,NA,NA,NA,NA,NA,NA,NA,NA,NA,NA,NA,NA,NA,NA,38,2025-09-29,14:27:56,1,5,"Holmes, Connor",1000191481,Right,ROA_STA,"Vaughn, Peyton",10120035,Left,CAR_EAG,Undefined,2,Bottom,0,3,1,Cutter,Slider,BallCalled,Walk,Undefined,Undefined,0,0,NA,80.14935,-0.200484,0.013123,2472.039959,155.138562,11:15:00,5.77271,1.54163,5.42757,-34.73029,8.81174,-3.54618,2.69074,1.25841,74.61314,-6.548931,-0.618353,0.474926,NA,NA,NA,NA,NA,NA,NA,NA,NA,NA,NA,1.78728,4.86406,-1.54028,50,5.73072,0.11431,-116.56134,-1.57169,2.50025,18.45865,-25.36972,CAR_EAG,ROA_STA,CarsonNewman,TeamExclusive,Team,20250929-CarsonNewman-Private-1,058eb600-9d62-11f0-bac8-5ddf494ae676,79.3649,NA,NA,5.53622,NA,NA,NA,NA,NA,NA,d963aabb-c726-4912-9008-f618f1adb60d,2025-09-29,18:27:56,2025-09-29T18:27:56Z,2025-09-29T18:27:56Z,NA,v3,CNE,ROST,NA,"Cauthen, Cade",1000141057,Right,ROA_STA,459a7bd8-e18a-41c1-bc14-dd47c7b18cb7,55.07483,-117.36224,9.22933,5.77503,-0.47092,-12.68486,-1.54289,0.00583,1.25012,NA,NA,NA,NA,NA,NA,NA,NA,NA,NA,NA,NA,NA,NA,NA,NA,NA,NA,NA,NA,NA,NA,NA,NA,NA,NA,NA,NA,NA,NA,NA,NA,NA,NA,NA,NA,NA,NA,NA,NA,NA,NA,NA,NA,NA,NA,NA,NA,NA,NA,High,High,High,NA,NA,NA,NA,NA,197.335222,68.774709,894.967657,0.362036,12:30:00,-0.931702,-0.111134,-0.345805,-45.311333,27.091253,-30.868521,-0.055793,149.701405,-0.862063,-30.24646,0.862063,-0.503721,0.055793,3.703052,-3.198377,0.503721,-0.503721,-149.701405,3.198377,0.055793,30.24646,-3.703052,-0.055793,0.503721,0.862063,-0.862063,NA,NA,NA,NA,NA,NA,NA,NA,NA,NA,NA,NA
NA,NA,NA,NA,NA,NA,NA,NA,NA,NA,NA,NA,NA,NA,NA,NA,39,2025-09-29,14:28:30,2,1,"Holmes, Connor",1000191481,Right,ROA_STA,"Smith, Braxton",1000370200,Right,CAR_EAG,Undefined,2,Bottom,0,0,0,Cutter,Slider,FoulBallNotFieldable,Undefined,Undefined,Undefined,0,0,NA,80.16254,-0.711333,-0.756488,2367.312281,179.993748,12:00:00,5.78058,1.52538,5.6745,-34.797110000000004,8.1254,-7.9e-4,2.21754,0.81998,75.07338,-7.077381,-0.756626,0.471535,41.34157,48.41411,160.470617,3452.171259,NA,NA,NA,91.64344,33.36972,165.739429,2.516845,-0.16469,4.60807,-1.46154,50,5.69817,1.54075,-116.68646,-2.56871,-0.23184,17.60065,-25.68633,CAR_EAG,ROA_STA,CarsonNewman,TeamExclusive,Team,20250929-CarsonNewman-Private-1,19f9ea10-9d62-11f0-bac8-5ddf494ae676,79.93558,28.85507,NA,5.08916,NA,NA,NA,1.82819,2.38528,-0.78601,d963aabb-c726-4912-9008-f618f1adb60d,2025-09-29,18:28:30,2025-09-29T18:28:30Z,2025-09-29T18:28:30Z,Popup,v3,CNE,ROST,NA,"Cauthen, Cade",1000141057,Right,ROA_STA,b52d56ea-ce5b-4337-842d-377031e5edce,54.83034,-117.4128,8.80033,5.7823,-1.5087,-12.84316,-1.52532,1.55032,-0.11592,334.158221,1.82821,-37.93203,-0.0368,0.40724,0.05148,-0.18356,0.12713,-0.03678,0.00388,2.38535,45.34873,-20.8776,1.52233,-0.25165,0.0037200000000000002,-0.0043,0.00685,-0.00131,-0.78597,13.45241,-2.33986,0.45107,-0.14492,0.11559,-0.08212,0.02718,-0.00325,NA,NA,NA,NA,NA,NA,NA,NA,NA,NA,NA,NA,NA,NA,NA,NA,NA,NA,NA,NA,NA,NA,High,High,High,High,Medium,NA,NA,NA,199.547542,64.888359,1004.648024,0.424383,12:45:00,-0.908851,-0.153224,-0.387958,-58.79325,10.732806,-40.434539,-0.054584,149.281348,-0.858404,-30.66791,0.858404,-0.510061,0.054584,3.638431,-3.129005,0.510061,-0.510061,-149.281348,3.129005,0.054584,30.66791,-3.638431,-0.054584,0.510061,0.858404,-0.858404,NA,NA,NA,NA,NA,NA,NA,NA,NA,NA,NA,NA
NA,NA,NA,NA,NA,NA,NA,NA,NA,NA,NA,NA,NA,NA,NA,NA,40,2025-09-29,14:28:54,2,2,"Holmes, Connor",1000191481,Right,ROA_STA,"Smith, Braxton",1000370200,Right,CAR_EAG,Undefined,2,Bottom,0,0,1,Cutter,Slider,HitByPitch,Undefined,Undefined,Undefined,0,0,NA,81.37035,0.915517,1.521829,2309.208191,173.589052,11:45:00,5.84117,1.42142,5.99449,-31.09636,9.94623,-1.00791,4.09863,2.7481,76.15474,-4.832133,1.340701,0.461093,NA,NA,NA,NA,NA,NA,NA,NA,NA,NA,NA,0.84248,5.2324,-1.54079,50,5.89575,-3.11174,-118.48859,0.94365,1.22716,17.41709,-24.55248,CAR_EAG,ROA_STA,CarsonNewman,TeamExclusive,Team,20250929-CarsonNewman-Private-1,283e1b00-9d62-11f0-bac8-5ddf494ae676,81.74579,NA,NA,5.21561,NA,NA,NA,NA,NA,NA,d963aabb-c726-4912-9008-f618f1adb60d,2025-09-29,18:28:54,2025-09-29T18:28:54Z,2025-09-29T18:28:54Z,NA,v3,CNE,ROST,NA,"Cauthen, Cade",1000141057,Right,ROA_STA,7ca3b5b2-27b5-41aa-84a0-4aca4b5aac44,54.5106,-119.14978,8.70855,5.84223,1.87571,-12.27624,-1.42178,-3.15832,0.61358,NA,NA,NA,NA,NA,NA,NA,NA,NA,NA,NA,NA,NA,NA,NA,NA,NA,NA,NA,NA,NA,NA,NA,NA,NA,NA,NA,NA,NA,NA,NA,NA,NA,NA,NA,NA,NA,NA,NA,NA,NA,NA,NA,NA,NA,NA,NA,NA,NA,NA,High,High,High,NA,NA,NA,NA,NA,188.722888,68.138049,859.883422,0.372372,12:15:00,-0.918765,-0.041636,-0.392603,-67.93696,10.638297,-57.063175,-0.139456,157.172531,-0.912671,-22.592007,0.912671,-0.384167,0.139456,8.687561,-8.01634,0.384167,-0.384167,-157.172531,8.01634,0.139456,22.592007,-8.687561,-0.139456,0.384167,0.912671,-0.912671,NA,NA,NA,NA,NA,NA,NA,NA,NA,NA,NA,NA
NA,NA,NA,NA,NA,NA,NA,NA,NA,NA,NA,NA,NA,NA,NA,NA,41,2025-09-29,14:29:26,3,1,"Holmes, Connor",1000191481,Right,ROA_STA,"Cochran, Carson",10085797,Right,CAR_EAG,Undefined,2,Bottom,0,0,0,Slider,Curveball,BallCalled,Undefined,Undefined,Undefined,0,0,NA,72.58625,1.397239,-3.306947,2029.932641,52.017813,07:45:00,5.55714,1.71748,5.88276,-59.73783,-6.18378,-10.13438,1.87902,-2.20161,66.65125,-9.533448,-5.12187,0.526705,NA,NA,NA,NA,NA,NA,NA,NA,NA,NA,NA,4.17925,-3.05961,-1.4443,50,5.6359,6.4312,-105.25901,0.80008,4.64675,19.36094,-35.57589,CAR_EAG,ROA_STA,CarsonNewman,TeamExclusive,Team,20250929-CarsonNewman-Private-1,3b546d70-9d62-11f0-bac8-5ddf494ae676,71.56272,NA,NA,5.935,NA,NA,NA,NA,NA,NA,d963aabb-c726-4912-9008-f618f1adb60d,2025-09-29,18:29:26,2025-09-29T18:29:26Z,2025-09-29T18:29:26Z,NA,v3,CNE,ROST,NA,"Cauthen, Cade",1000141057,Right,ROA_STA,d5b71b38-7e2e-4f1e-9b68-4fc8e42bed9a,54.62105,-106.10558,9.68047,5.5669,2.35567,-17.78794,-1.72107,6.22802,2.32338,NA,NA,NA,NA,NA,NA,NA,NA,NA,NA,NA,NA,NA,NA,NA,NA,NA,NA,NA,NA,NA,NA,NA,NA,NA,NA,NA,NA,NA,NA,NA,NA,NA,NA,NA,NA,NA,NA,NA,NA,NA,NA,NA,NA,NA,NA,NA,NA,NA,NA,High,High,High,NA,NA,NA,NA,NA,43.742943,61.919814,955.503093,0.470707,07:30:00,-0.853019,0.346875,0.389917,-32.179996,62.902853,-18.985252,-0.38388,123.954695,-0.515744,-49.989562,0.515744,-0.765927,0.38388,36.661141,-22.574211,0.765927,-0.765927,-123.954695,22.574211,0.38388,49.989562,-36.661141,-0.38388,0.765927,0.515744,-0.515744,NA,NA,NA,NA,NA,NA,NA,NA,NA,NA,NA,NA
NA,NA,NA,NA,NA,NA,NA,NA,NA,NA,NA,NA,NA,NA,NA,NA,42,2025-09-29,14:29:43,3,2,"Holmes, Connor",1000191481,Right,ROA_STA,"Cochran, Carson",10085797,Right,CAR_EAG,Undefined,2,Bottom,0,1,0,Cutter,Slider,InPlay,Undefined,GroundBall,Out,1,0,NA,81.46878,0.092943,-0.766947,2342.211309,152.865302,11:00:00,5.90764,1.59899,5.7171,-32.25954,9.51036,-4.29433,3.30594,0.52661,75.62761,-5.851303,-1.535313,0.465161,18.89441,-3.051105,21.599045,5161.298087,NA,NA,NA,14.41828,14.18486,14.481406,0.418797,2.02858,5.15359,-1.53202,50,5.89515,1.74854,-118.51902,-0.84168,2.92468,19.76372,-24.74392,CAR_EAG,ROA_STA,CarsonNewman,TeamExclusive,Team,20250929-CarsonNewman-Private-1,4571d810-9d62-11f0-bac8-5ddf494ae676,81.03098,3.48338,NA,5.84117,NA,NA,NA,3.45395,3.48338,-0.61707,d963aabb-c726-4912-9008-f618f1adb60d,2025-09-29,18:29:43,2025-09-29T18:29:43Z,2025-09-29T18:29:43Z,GroundBall,v3,CNE,ROST,NA,"Cauthen, Cade",1000141057,Right,ROA_STA,a89d4d4c-e894-462b-8fe9-a4e6735f66e5,54.78713,-119.31463,9.88186,5.90898,0.15442,-12.37196,-1.60005,1.63081,1.46234,328.228513,3.45309,25.75489,-1.58503,NA,NA,NA,NA,NA,NA,3.48526,-1.5338,-16.21986,NA,NA,NA,NA,NA,NA,-0.6174,10.19634,-0.2676,NA,NA,NA,NA,NA,NA,NA,NA,NA,NA,NA,NA,NA,NA,NA,NA,NA,NA,NA,NA,NA,NA,NA,NA,NA,NA,NA,NA,High,High,High,High,High,NA,NA,NA,186.706974,71.421628,746.232077,0.318602,12:15:00,-0.952098,-0.035672,-0.303704,-34.942014,24.749806,-26.229979,0.012213,140.644174,-0.773165,39.352322,0.773165,-0.634087,-0.012213,0.904948,0.699749,0.634087,0.634087,-140.644174,-0.699749,0.012213,-39.352322,-0.904948,-0.012213,-0.634087,0.773165,-0.773165,NA,NA,NA,NA,NA,NA,NA,NA,NA,NA,NA,NA
NA,NA,NA,NA,NA,NA,NA,NA,NA,NA,NA,NA,NA,NA,NA,NA,43,2025-09-29,14:30:20,4,1,"Holmes, Connor",1000191481,Right,ROA_STA,"Bolton, Ryan",1000215919,Right,CAR_EAG,Undefined,2,Bottom,1,0,0,Slider,Curveball,StrikeSwinging,Undefined,Undefined,Undefined,0,0,NA,71.36695,2.231692,-0.323672,2076.69344,60.057142,08:00:00,5.59222,1.67526,5.66166,-62.47086,-6.40347,-14.49024,2.46858,0.1659,64.96877,-9.212162,-2.916493,0.538923,NA,NA,NA,NA,NA,NA,NA,NA,NA,NA,NA,7.21107,-3.3363,-1.63866,50,5.74202,1.10023,-103.51426,2.13815,7.70737,19.68657,-35.73996,CAR_EAG,ROA_STA,CarsonNewman,TeamExclusive,Team,20250929-CarsonNewman-Private-1,5b35be50-9d62-11f0-bac8-5ddf494ae676,69.94031,NA,NA,6.39817,NA,NA,NA,NA,NA,NA,d963aabb-c726-4912-9008-f618f1adb60d,2025-09-29,18:30:20,2025-09-29T18:30:20Z,2025-09-29T18:30:20Z,NA,v3,CNE,ROST,NA,"Cauthen, Cade",1000141057,Right,ROA_STA,ee1c0efd-6f19-4e98-8897-61bbb6dfd387,54.84135,-104.43094,9.84328,5.60371,3.80234,-17.86998,-1.68154,0.74135,3.85369,NA,NA,NA,NA,NA,NA,NA,NA,NA,NA,NA,NA,NA,NA,NA,NA,NA,NA,NA,NA,NA,NA,NA,NA,NA,NA,NA,NA,NA,NA,NA,NA,NA,NA,NA,NA,NA,NA,NA,NA,NA,NA,NA,NA,NA,NA,NA,NA,NA,NA,High,High,High,NA,NA,NA,NA,NA,36.687337,57.297251,1121.99738,0.540281,07:15:00,-0.825816,0.355313,0.437927,-41.436317,70.646953,-29.034782,-0.395055,129.431206,-0.583487,-45.199119,0.583487,-0.70956,0.395055,34.100305,-23.269382,0.70956,-0.70956,-129.431206,23.269382,0.395055,45.199119,-34.100305,-0.395055,0.70956,0.583487,-0.583487,NA,NA,NA,NA,NA,NA,NA,NA,NA,NA,NA,NA
NA,NA,NA,NA,NA,NA,NA,NA,NA,NA,NA,NA,NA,NA,NA,NA,44,2025-09-29,14:30:42,4,2,"Holmes, Connor",1000191481,Right,ROA_STA,"Bolton, Ryan",1000215919,Right,CAR_EAG,Undefined,2,Bottom,1,0,1,Cutter,Slider,BallCalled,Undefined,Undefined,Undefined,0,0,NA,80.78938,1.351403,0.399382,2439.76491,127.355962,10:15:00,5.99817,1.47285,5.53929,-37.55565,5.60437,-5.65996,4.13194,1.37448,74.24925,-5.553691,-0.60995,0.472838,NA,NA,NA,NA,NA,NA,NA,NA,NA,NA,NA,2.95225,2.89051,-1.50369,50,6.09054,-0.5897,-117.34368,1.50678,4.1376,21.13157,-28.12297,CAR_EAG,ROA_STA,CarsonNewman,TeamExclusive,Team,20250929-CarsonNewman-Private-1,68826fe0-9d62-11f0-bac8-5ddf494ae676,79.71535,NA,NA,6.5401300000000004,NA,NA,NA,NA,NA,NA,d963aabb-c726-4912-9008-f618f1adb60d,2025-09-29,18:30:42,2025-09-29T18:30:42Z,2025-09-29T18:30:42Z,NA,v3,CNE,ROST,NA,"Cauthen, Cade",1000141057,Right,ROA_STA,948d2703-048d-48d1-8ab5-42fcb9269bf3,54.96199,-118.23388,10.56579,6.00211,2.6915,-14.06149,-1.47518,-0.76401,2.0688,NA,NA,NA,NA,NA,NA,NA,NA,NA,NA,NA,NA,NA,NA,NA,NA,NA,NA,NA,NA,NA,NA,NA,NA,NA,NA,NA,NA,NA,NA,NA,NA,NA,NA,NA,NA,NA,NA,NA,NA,NA,NA,NA,NA,NA,NA,NA,NA,NA,NA,High,High,High,NA,NA,NA,NA,NA,185.248735,72.715994,724.874514,0.297108,12:15:00,-0.953134,-0.004653,-0.302514,-34.677756,31.981518,-24.219027,-0.081978,144.725594,-0.813648,-35.138104,0.813648,-0.575549,0.081978,5.75336,-4.702283,0.575549,-0.575549,-144.725594,4.702283,0.081978,35.138104,-5.75336,-0.081978,0.575549,0.813648,-0.813648,NA,NA,NA,NA,NA,NA,NA,NA,NA,NA,NA,NA
NA,NA,NA,NA,NA,NA,NA,NA,NA,NA,NA,NA,NA,NA,NA,NA,45,2025-09-29,14:31:00,4,3,"Holmes, Connor",1000191481,Right,ROA_STA,"Bolton, Ryan",1000215919,Right,CAR_EAG,Undefined,2,Bottom,1,1,1,Slider,Curveball,InPlay,Undefined,FlyBall,Sacrifice,1,1,NA,70.76194,1.346779,-0.81693,2144.437444,38.266754,07:15:00,5.51614,1.71087,5.57833,-68.82386,-11.93938,-10.8856,1.03908,0.04067,65.09811,-11.154286,-2.765431,0.542836,76.29562,34.245374,-7.973511,NA,109.7446,60.46497,-7.49099,255.16976,253.72441,1.62622,4.481639,5.29544,-6.0128,-1.6331,50,5.58651,1.8389,-102.76356,0.3266,5.60138,18.74966,-38.53423,CAR_EAG,ROA_STA,CarsonNewman,TeamExclusive,Team,20250929-CarsonNewman-Private-1,72f2dc80-9d62-11f0-bac8-5ddf494ae676,69.43618,66.93188,NA,5.66382,NA,NA,NA,2.29421,1.34877,-0.0437,d963aabb-c726-4912-9008-f618f1adb60d,2025-09-29,18:31:00,2025-09-29T18:31:00Z,2025-09-29T18:31:00Z,FlyBall,v3,CNE,ROST,NA,"Cauthen, Cade",1000141057,Right,ROA_STA,e243603d-524d-4f97-9d9f-bf8016b96f52,54.92794,-103.65879,9.37483,5.52699,2.16646,-19.26711,-1.71452,1.57146,2.80069,203.473335,2.2943,91.60656,-16.97139,4.01801,-0.88484,0.20528,-0.04365,0.00603,-3.6e-4,1.34992,62.94027,-16.18727,0.35165,0.29143,-0.1874,0.0553,-0.00798,4.5e-4,-0.04377,-12.83025,7.32581,-1.84967,0.41316,-0.0887,0.01672,-0.00213,1.2e-4,NA,NA,NA,NA,NA,NA,NA,NA,NA,NA,NA,NA,NA,NA,NA,NA,NA,NA,NA,NA,NA,NA,High,High,High,High,High,NA,NA,NA,43.519507,55.963878,1200.27479,0.559715,07:30:00,-0.813527,0.404791,0.417513,-27.020154,71.183667,-24.83706,-0.35187,132.679413,-0.634543,-43.483375,0.634543,-0.688144,0.35187,29.009439,-20.601725,0.688144,-0.688144,-132.679413,20.601725,0.35187,43.483375,-29.009439,-0.35187,0.688144,0.634543,-0.634543,NA,NA,NA,NA,NA,NA,NA,NA,NA,NA,NA,NA
NA,NA,NA,NA,NA,NA,NA,NA,NA,NA,NA,NA,NA,NA,NA,NA,46,2025-09-29,14:31:42,5,1,"Holmes, Connor",1000191481,Right,ROA_STA,"Mutter, Evan",1000300074,Right,CAR_EAG,Undefined,2,Bottom,2,0,0,Cutter,Slider,InPlay,Undefined,FlyBall,Out,1,0,NA,79.84271,-0.226742,-1.58286,2267.104575,146.626763,11:00:00,5.77154,1.49615,5.84506,-37.46463,6.63374,-3.41984,2.43868,-0.26024,72.98861,-7.157715,-2.196231,0.47795,76.51338,19.650852,18.965018,3749.635745,100.68857,25.96085,44.29234,218.59317,214.62975,28.588642,2.711549,1.29012,3.8711,-1.3652,50,5.73107,3.33172,-115.91523,-1.62709,1.74524,22.82342,-26.93722,CAR_EAG,ROA_STA,CarsonNewman,TeamExclusive,Team,20250929-CarsonNewman-Private-1,8c242420-9d62-11f0-bac8-5ddf494ae676,78.86267,26.08731,NA,6.8541,NA,NA,NA,1.20905,2.47331,0.30575,d963aabb-c726-4912-9008-f618f1adb60d,2025-09-29,18:31:42,2025-09-29T18:31:42Z,2025-09-29T18:31:42Z,LineDrive,v3,CNE,ROST,NA,"Cauthen, Cade",1000141057,Right,ROA_STA,c8334100-2255-4560-b8ed-9f15ccb93215,54.65651,-116.82848,11.41171,5.77461,-0.54922,-13.46861,-1.49712,3.26189,0.87262,234.126344,1.20903,99.94816,-17.12963,3.59952,-0.74954,0.15205,-0.02762,0.00324,-1.3e-4,2.47337,37.7354,-15.9085,0.68438,0.01421,-0.04444,0.01458,-0.00128,-5e-5,0.30583,34.34293,3.30267,-1.27775,0.44237,-0.14609,0.03729,-0.00548,3.2e-4,NA,NA,NA,NA,NA,NA,NA,NA,NA,NA,NA,NA,NA,NA,NA,NA,NA,NA,NA,NA,NA,NA,High,High,High,High,High,NA,NA,NA,188.884931,69.522726,793.114403,0.349836,12:15:00,-0.94578,-0.057739,-0.319635,-45.410102,22.279093,-33.573787,-0.013973,144.644405,-0.815497,-35.351627,0.815497,-0.578593,0.013973,0.981607,-0.800601,0.578593,-0.578593,-144.644405,0.800601,0.013973,35.351627,-0.981607,-0.013973,0.578593,0.815497,-0.815497,NA,NA,NA,NA,NA,NA,NA,NA,NA,NA,NA,NA
NA,NA,NA,NA,NA,NA,NA,NA,NA,NA,NA,NA,NA,NA,NA,NA,47,2025-09-29,14:34:11,1,1,"Angel, Bransen",1000323260,Right,CAR_EAG,"Headrick, Cole",10002490,Left,ROA_STA,Undefined,3,Top,0,0,0,Slider,Curveball,FoulBallNotFieldable,Undefined,Undefined,Undefined,0,0,NA,73.75575,0.204869,-2.181971,2291.87585,47.530091,07:30:00,5.83882,2.30242,4.75992,-56.01141,-2.59028,-4.56677,1.36562,-0.14829,68.38415,-9.819968,-2.985404,0.526051,86.24601,-48.746458,-103.048271,NA,NA,NA,NA,3.55482,3.49189,-24.020642,0.01894,1.695,-1.01685,-2.07901,50,5.80931,4.25151,-107.01955,-1.54619,1.97179,17.94268,-33.35692,CAR_EAG,ROA_STA,CarsonNewman,TeamExclusive,Team,20250929-CarsonNewman-Private-1,e4e47a60-9d62-11f0-bac8-5ddf494ae676,71.65168,1.80431,NA,5.3716,NA,NA,NA,3.60426,1.80431,0.09463,d963aabb-c726-4912-9008-f618f1adb60d,2025-09-29,18:34:11,2025-09-29T18:34:11Z,2025-09-29T18:34:11Z,GroundBall,v3,CNE,ROST,NA,"Cochran, Carson",10085797,Right,CAR_EAG,1646296a-5c81-47fb-a76a-3edd7985eb96,55.74549,-107.97853,8.97134,5.8443,0.23663,-16.67846,-2.30342,4.14612,0.9859,NA,3.60436,-18.86425,NA,NA,NA,NA,NA,NA,NA,1.80482,-95.26374,NA,NA,NA,NA,NA,NA,NA,0.09507,-81.39712,NA,NA,NA,NA,NA,NA,NA,NA,NA,NA,NA,NA,NA,NA,NA,NA,NA,NA,NA,NA,NA,NA,NA,NA,NA,NA,NA,NA,NA,High,High,High,Low,Low,NA,NA,NA,69.258252,79.883919,402.55202,0.175643,08:15:00,-0.980779,0.167778,0.099619,41.489967,25.663422,33.632358,-0.363396,131.705347,-0.619817,-44.069961,0.619817,-0.695536,0.363396,30.382936,-21.308912,0.695536,-0.695536,-131.705347,21.308912,0.363396,44.069961,-30.382936,-0.363396,0.695536,0.619817,-0.619817,NA,NA,NA,NA,NA,NA,NA,NA,NA,NA,NA,NA
NA,NA,NA,NA,NA,NA,NA,NA,NA,NA,NA,NA,NA,NA,NA,NA,48,2025-09-29,14:34:29,1,2,"Angel, Bransen",1000323260,Right,CAR_EAG,"Headrick, Cole",10002490,Left,ROA_STA,Undefined,3,Top,0,0,1,Curveball,Curveball,StrikeCalled,Undefined,Undefined,Undefined,0,0,NA,71.04474,1.524238,-1.48999,2545.097096,33.093602,07:00:00,6.07393,2.03671,5.18508,-69.24425,-12.43402,-9.21445,1.73852,-0.13337,65.86976,-10.933986,-3.125982,0.542481,NA,NA,NA,NA,NA,NA,NA,NA,NA,NA,NA,4.18303,-6.11792,-1.89092,50,6.16259,3.01917,-103.17279,0.49752999999999997,4.50457,17.31565,-38.76223,CAR_EAG,ROA_STA,CarsonNewman,TeamExclusive,Team,20250929-CarsonNewman-Private-1,f0174ca0-9d62-11f0-bac8-5ddf494ae676,69.48156,NA,NA,5.17498,NA,NA,NA,NA,NA,NA,d963aabb-c726-4912-9008-f618f1adb60d,2025-09-29,18:34:29,2025-09-29T18:34:29Z,2025-09-29T18:34:29Z,NA,v3,CNE,ROST,NA,"Cochran, Carson",10085797,Right,CAR_EAG,3a87acee-e351-447f-8356-493ef2690647,55.3219,-104.06214,8.65783,6.08591,2.4884,-19.38112,-2.04005,2.78781,2.25228,NA,NA,NA,NA,NA,NA,NA,NA,NA,NA,NA,NA,NA,NA,NA,NA,NA,NA,NA,NA,NA,NA,NA,NA,NA,NA,NA,NA,NA,NA,NA,NA,NA,NA,NA,NA,NA,NA,NA,NA,NA,NA,NA,NA,NA,NA,NA,NA,NA,NA,High,High,High,NA,NA,NA,NA,NA,32.827983,50.43745,1621.023818,0.63692,07:00:00,-0.747298,0.365671,0.554824,-59.649854,-56.077932,30.648001,-0.205528,165.629202,-0.948029,-14.057619,0.948029,-0.242898,0.205528,12.232123,-11.860385,0.242898,-0.242898,-165.629202,11.860385,0.205528,14.057619,-12.232123,-0.205528,0.242898,0.948029,-0.948029,NA,NA,NA,NA,NA,NA,NA,NA,NA,NA,NA,NA
NA,NA,NA,NA,NA,NA,NA,NA,NA,NA,NA,NA,NA,NA,NA,NA,49,2025-09-29,14:34:44,1,3,"Angel, Bransen",1000323260,Right,CAR_EAG,"Headrick, Cole",10002490,Left,ROA_STA,Undefined,3,Top,0,0,2,Fastball,Four-Seam,FoulBallNotFieldable,Undefined,Undefined,Undefined,0,0,NA,86.57484,-2.287325,-2.910431,2282.976347,189.555849,12:15:00,6.2441700000000004,1.6349,5.1968,-19.48773,18.79493,2.9611,2.46466,-0.85844,79.40287,-5.916097,-2.386872,0.44532,NA,NA,NA,NA,NA,NA,NA,NA,NA,NA,NA,-2.26941,10.37564,-1.36716,50,6.01747,6.24764,-125.4371,-5.66366,-3.62726,24.61917,-15.5903,CAR_EAG,ROA_STA,CarsonNewman,TeamExclusive,Team,20250929-CarsonNewman-Private-1,f87c58e0-9d62-11f0-bac8-5ddf494ae676,84.64122,NA,NA,7.17197,NA,NA,NA,NA,NA,NA,d963aabb-c726-4912-9008-f618f1adb60d,2025-09-29,18:34:44,2025-09-29T18:34:44Z,2025-09-29T18:34:44Z,NA,v3,CNE,ROST,NA,"Cochran, Carson",10085797,Right,CAR_EAG,2e0b4117-c20b-4633-96b6-921a6ec0e5aa,55.30496,-126.47401,12.30958,6.24218,-5.00703,-7.79515,-1.63352,6.4004200000000004,-1.81363,NA,NA,NA,NA,NA,NA,NA,NA,NA,NA,NA,NA,NA,NA,NA,NA,NA,NA,NA,NA,NA,NA,NA,NA,NA,NA,NA,NA,NA,NA,NA,NA,NA,NA,NA,NA,NA,NA,NA,NA,NA,NA,NA,NA,NA,NA,NA,NA,NA,NA,High,High,High,NA,NA,NA,NA,NA,214.470598,-10.139484,2247.321043,0.984382,01:15:00,0.15668,-0.549674,-0.820555,-34.076578,-15.390611,36.159444,0.030454,155.89051,-0.912343,24.097597,0.912343,-0.408292,-0.030454,1.911824,1.745157,0.408292,0.408292,-155.89051,-1.745157,0.030454,-24.097597,-1.911824,-0.030454,-0.408292,0.912343,-0.912343,NA,NA,NA,NA,NA,NA,NA,NA,NA,NA,NA,NA
NA,NA,NA,NA,NA,NA,NA,NA,NA,NA,NA,NA,NA,NA,NA,NA,50,2025-09-29,14:35:04,1,4,"Angel, Bransen",1000323260,Right,CAR_EAG,"Headrick, Cole",10002490,Left,ROA_STA,Undefined,3,Top,0,0,2,Slider,Curveball,InPlay,Undefined,GroundBall,Single,0,0,NA,71.48203,1.360318,-0.622042,2542.611498,31.398337,07:00:00,6.0009,1.94667,4.6078,-71.32153,-13.94702,-9.58272,1.35135,0.55656,66.22834,-11.333082,-2.307725,0.545169,80.83353,-14.150789,-43.256176,NA,NA,NA,NA,8.66048,3.60462,-33.358291,0.053393,4.55173,-6.83178,-1.87308,50,6.07386,1.4928,-103.7525,-0.01898,4.95166,17.68046,-39.60608,CAR_EAG,ROA_STA,CarsonNewman,TeamExclusive,Team,20250929-CarsonNewman-Private-1,0493e5d0-9d63-11f0-bac8-5ddf494ae676,69.13904,1.54998,NA,5.25369,NA,NA,NA,2.75633,1.54998,-0.54941,d963aabb-c726-4912-9008-f618f1adb60d,2025-09-29,18:35:04,2025-09-29T18:35:04Z,2025-09-29T18:35:04Z,GroundBall,v3,CNE,ROST,NA,"Cochran, Carson",10085797,Right,CAR_EAG,f389e785-cf84-42e4-b4c0-264eff83048e,55.89985,-104.75307,8.84023,6.01151,2.2224,-19.80304,-1.94963,1.21257,2.47583,NA,2.7552,83.85587,NA,NA,NA,NA,NA,NA,NA,1.55037,-29.02961,NA,NA,NA,NA,NA,NA,NA,-0.54834,-78.90076,NA,NA,NA,NA,NA,NA,NA,NA,NA,NA,NA,NA,NA,NA,NA,NA,NA,NA,NA,NA,NA,NA,NA,NA,NA,NA,NA,NA,NA,High,High,High,Low,Low,NA,NA,NA,29.876471,45.153199,1793.084155,0.705214,07:00:00,-0.693776,0.368022,0.61906,-44.22596,42.957528,83.054135,-0.215563,175.540661,-0.973534,-4.354295,0.973534,-0.075924,0.215563,12.48517,-12.448554,0.075924,-0.075924,-175.540661,12.448554,0.215563,4.354295,-12.48517,-0.215563,0.075924,0.973534,-0.973534,NA,NA,NA,NA,NA,NA,NA,NA,NA,NA,NA,NA
NA,NA,NA,NA,NA,NA,NA,NA,NA,NA,NA,NA,NA,NA,NA,NA,51,2025-09-29,14:35:41,2,1,"Angel, Bransen",1000323260,Right,CAR_EAG,"Henderson, Parker",1000135244,Right,ROA_STA,Undefined,3,Top,0,0,0,Fastball,Four-Seam,FoulBallNotFieldable,Undefined,Undefined,Undefined,0,0,NA,85.06387,-2.489988,-2.608691,2215.781178,202.032377,12:45:00,6.17747,2.2166,5.41144,-20.02037,19.27615,7.30067,2.1723,0.37916,78.08873,-6.231053,-1.311641,0.451178,NA,NA,NA,NA,NA,NA,NA,NA,NA,NA,NA,-4.4067,10.76615,-1.98973,50,5.94196,5.31528,-123.32172,-6.00134,-6.80962,23.73564,-15.5373,CAR_EAG,ROA_STA,CarsonNewman,TeamExclusive,Team,20250929-CarsonNewman-Private-1,1a9152a0-9d63-11f0-bac8-5ddf494ae676,83.54221,NA,NA,6.97513,NA,NA,NA,NA,NA,NA,d963aabb-c726-4912-9008-f618f1adb60d,2025-09-29,18:35:41,2025-09-29T18:35:41Z,2025-09-29T18:35:41Z,NA,v3,CNE,ROST,NA,"Cochran, Carson",10085797,Right,CAR_EAG,eeed1756-50ab-4ee7-9555-a6ab2e714c3b,55.09115,-124.29775,11.86782,6.1756,-5.36244,-7.76865,-2.21406,5.5953,-3.40481,NA,NA,NA,NA,NA,NA,NA,NA,NA,NA,NA,NA,NA,NA,NA,NA,NA,NA,NA,NA,NA,NA,NA,NA,NA,NA,NA,NA,NA,NA,NA,NA,NA,NA,NA,NA,NA,NA,NA,NA,NA,NA,NA,NA,NA,NA,NA,NA,NA,NA,High,High,High,NA,NA,NA,NA,NA,212.351671,-8.77444,2189.848854,0.988297,01:00:00,0.137195,-0.521725,-0.84201,-31.175425,-15.027962,32.244989,0.040382,157.949882,-0.9261,22.031189,0.9261,-0.37511100000000003,-0.040382,2.496795,2.314376,0.37511100000000003,0.37511100000000003,-157.949882,-2.314376,0.040382,-22.031189,-2.496795,-0.040382,-0.37511100000000003,0.9261,-0.9261,NA,NA,NA,NA,NA,NA,NA,NA,NA,NA,NA,NA
NA,NA,NA,NA,NA,NA,NA,NA,NA,NA,NA,NA,NA,NA,NA,NA,52,2025-09-29,14:36:09,2,2,"Angel, Bransen",1000323260,Right,CAR_EAG,"Henderson, Parker",1000135244,Right,ROA_STA,Undefined,3,Top,0,0,1,Fastball,Changeup,BallCalled,Undefined,Undefined,Undefined,0,0,NA,83.99186,1.389777,-5.197503,2130.509142,228.563159,01:30:00,6.17132,2.14362,5.16678,-25.80726,15.69587,16.08879,5.33441,-1.42094,75.48211,-3.42436,-2.367542,0.463673,NA,NA,NA,NA,NA,NA,NA,NA,NA,NA,NA,-9.56402,7.78989,-1.67037,50,6.28241,10.30612,-121.1924,2.09253,-14.06328,26.18787,-20.71954,CAR_EAG,ROA_STA,CarsonNewman,TeamExclusive,Team,20250929-CarsonNewman-Private-1,2b262a50-9d63-11f0-bac8-5ddf494ae676,81.29097,NA,NA,8.50974,NA,NA,NA,NA,NA,NA,d963aabb-c726-4912-9008-f618f1adb60d,2025-09-29,18:36:09,2025-09-29T18:36:09Z,2025-09-29T18:36:09Z,NA,v3,CNE,ROST,NA,"Cochran, Carson",10085797,Right,CAR_EAG,54591103-b8b9-4075-8bd0-7ff17e1e36a6,55.33172,-122.33908,13.09393,6.17092,2.99977,-10.35977,-2.13512,10.9219,-7.03164,NA,NA,NA,NA,NA,NA,NA,NA,NA,NA,NA,NA,NA,NA,NA,NA,NA,NA,NA,NA,NA,NA,NA,NA,NA,NA,NA,NA,75.73038,1.526557,0.67287,0.853687,-0.93472,5.18854,1.51563,-1.71405,5.46147,4.74689,63.27356,5.19477,61.5214,-1.6753,83.79358,-9.11438,5.47436,10.98318,-13.27744,4.76599,70.96951,-5.29515,High,High,High,NA,NA,High,High,High,221.072234,-13.332255,2073.090239,0.973049,01:15:00,0.147687,-0.644708,-0.750027,-28.627367,-1.436695,26.645135,0.206767,169.669824,-0.962531,10.104573,0.962531,-0.175445,-0.206767,12.123785,11.932945,0.175445,0.175445,-169.669824,-11.932945,0.206767,-10.104573,-12.123785,-0.206767,-0.175445,0.962531,-0.962531,NA,NA,NA,NA,NA,NA,NA,NA,NA,NA,NA,NA
NA,NA,NA,NA,NA,NA,NA,NA,NA,NA,NA,NA,NA,NA,NA,NA,53,2025-09-29,14:36:31,2,3,"Angel, Bransen",1000323260,Right,CAR_EAG,"Henderson, Parker",1000135244,Right,ROA_STA,Undefined,3,Top,0,1,1,Fastball,Four-Seam,BallCalled,Undefined,Undefined,Undefined,0,0,NA,84.91654,-4.137076,-3.094159,2185.842811,213.225566,01:00:00,6.08899,2.17247,5.48788,-22.26926,17.95607,10.76489,0.35023,0.17188,76.72115,-8.304818,-1.17865,0.456479,NA,NA,NA,NA,NA,NA,NA,NA,NA,NA,NA,-6.41111,10.82375,-1.9085,50,5.71063,6.16531,-122.59189,-9.5712,-9.60571,27.73139,-15.95695,CAR_EAG,ROA_STA,CarsonNewman,TeamExclusive,Team,20250929-CarsonNewman-Private-1,385345f0-9d63-11f0-bac8-5ddf494ae676,82.57205,NA,NA,8.19539,NA,NA,NA,NA,NA,NA,d963aabb-c726-4912-9008-f618f1adb60d,2025-09-29,18:36:31,2025-09-29T18:36:31Z,2025-09-29T18:36:31Z,NA,v3,CNE,ROST,NA,"Cochran, Carson",10085797,Right,CAR_EAG,660fcf1d-841f-419f-9133-488f2da59e79,55.01064,-123.72015,13.8657,6.08683,-8.92199,-7.97848,-2.16729,6.55612,-4.80285,NA,NA,NA,NA,NA,NA,NA,NA,NA,NA,NA,NA,NA,NA,NA,NA,NA,NA,NA,NA,NA,NA,NA,NA,NA,NA,NA,NA,NA,NA,NA,NA,NA,NA,NA,NA,NA,NA,NA,NA,NA,NA,NA,NA,NA,NA,NA,NA,NA,NA,High,High,High,NA,NA,NA,NA,NA,214.122481,-14.029796,2120.638656,0.97017,01:15:00,0.237296,-0.525323,-0.817145,-27.349818,-21.735397,26.937941,0.167453,160.6092,-0.929957,19.106295,0.929957,-0.327322,-0.167453,10.207611,9.639775,0.327322,0.327322,-160.6092,-9.639775,0.167453,-19.106295,-10.207611,-0.167453,-0.327322,0.929957,-0.929957,NA,NA,NA,NA,NA,NA,NA,NA,NA,NA,NA,NA
NA,NA,NA,NA,NA,NA,NA,NA,NA,NA,NA,NA,NA,NA,NA,NA,54,2025-09-29,14:37:11,2,4,"Angel, Bransen",1000323260,Right,CAR_EAG,"Henderson, Parker",1000135244,Right,ROA_STA,Undefined,3,Top,0,2,1,Fastball,Four-Seam,InPlay,Undefined,Bunt,Out,1,0,NA,84.88956,-2.184326,-3.145836,2166.997522,212.64524,01:00:00,6.01268,2.29083,5.36257,-21.41391,18.0834,10.79827,2.1757,0.23764,77.99225,-6.169788,-1.230155,0.45233,NA,NA,NA,NA,NA,NA,NA,NA,NA,NA,NA,-6.31469,10.05512,-2.01615,50,5.80119,6.3147,-123.0567,-5.3961,-9.72847,23.34094,-16.683,CAR_EAG,ROA_STA,CarsonNewman,TeamExclusive,Team,20250929-CarsonNewman-Private-1,501d0e50-9d63-11f0-bac8-5ddf494ae676,83.32957,NA,NA,6.89732,NA,NA,NA,NA,NA,NA,d963aabb-c726-4912-9008-f618f1adb60d,2025-09-29,18:37:11,2025-09-29T18:37:11Z,2025-09-29T18:37:11Z,NA,v3,CNE,ROST,NA,"Cochran, Carson",10085797,Right,CAR_EAG,846f369d-583f-4936-a3ef-f8fa5adf3a4b,55.14063,-124.02792,11.67047,6.01129,-4.70192,-8.3415,-2.28733,6.7195,-4.86424,NA,NA,NA,NA,NA,NA,NA,NA,NA,NA,NA,NA,NA,NA,NA,NA,NA,NA,NA,NA,NA,NA,NA,NA,NA,NA,NA,NA,NA,NA,NA,NA,NA,NA,NA,NA,NA,NA,NA,NA,NA,NA,NA,NA,NA,NA,NA,NA,NA,NA,High,High,High,NA,NA,NA,NA,NA,217.951227,-10.054111,2133.719629,0.984643,01:15:00,0.154625,-0.598452,-0.786095,-33.166651,-14.944539,23.549775,0.109301,162.614838,-0.9486,17.277714,0.9486,-0.297003,-0.109301,6.572843,6.275033,0.297003,0.297003,-162.614838,-6.275033,0.109301,-17.277714,-6.572843,-0.109301,-0.297003,0.9486,-0.9486,NA,NA,NA,NA,NA,NA,NA,NA,NA,NA,NA,NA
NA,NA,NA,NA,NA,NA,NA,NA,NA,NA,NA,NA,NA,NA,NA,NA,55,2025-09-29,14:37:45,3,1,"Angel, Bransen",1000323260,Right,CAR_EAG,"Kirkland, Cody",10017751,Left,ROA_STA,Undefined,3,Top,1,0,0,Slider,Curveball,BallCalled,Undefined,Undefined,Undefined,0,0,NA,73.61711,1.819904,-3.469972,2374.845868,61.548134,08:00:00,5.82475,2.84722,4.94742,-56.23216,-2.83335,-8.12241,2.86232,-1.11285,68.04352,-8.296449,-4.897702,0.525941,NA,NA,NA,NA,NA,NA,NA,NA,NA,NA,NA,3.08138,-1.37386,-2.50296,50,5.95523,6.78388,-106.65621,1.47406,3.56419,17.62846,-33.76319,CAR_EAG,ROA_STA,CarsonNewman,TeamExclusive,Team,20250929-CarsonNewman-Private-1,64a42ed0-9d63-11f0-bac8-5ddf494ae676,71.66662,NA,NA,5.57359,NA,NA,NA,NA,NA,NA,d963aabb-c726-4912-9008-f618f1adb60d,2025-09-29,18:37:45,2025-09-29T18:37:45Z,2025-09-29T18:37:45Z,NA,v3,CNE,ROST,NA,"Cochran, Carson",10085797,Right,CAR_EAG,862aef34-cc52-41d3-9034-0de180817dc3,55.55601,-107.5706,8.81423,5.83335,3.22537,-16.8816,-2.85004,6.59901,1.7821,NA,NA,NA,NA,NA,NA,NA,NA,NA,NA,NA,NA,NA,NA,NA,NA,NA,NA,NA,NA,NA,NA,NA,NA,NA,NA,NA,NA,NA,NA,NA,NA,NA,NA,NA,NA,NA,NA,NA,NA,NA,NA,NA,NA,NA,NA,NA,NA,NA,NA,High,High,High,NA,NA,NA,NA,NA,90.394593,80.123257,407.355463,0.171529,09:00:00,-0.977511,0.202726,0.058089,17.456432,34.240254,21.748726,-0.398979,128.131326,-0.566192,-46.160151,0.566192,-0.721279,0.398979,35.17122,-23.514341,0.721279,-0.721279,-128.131326,23.514341,0.398979,46.160151,-35.17122,-0.398979,0.721279,0.566192,-0.566192,NA,NA,NA,NA,NA,NA,NA,NA,NA,NA,NA,NA
NA,NA,NA,NA,NA,NA,NA,NA,NA,NA,NA,NA,NA,NA,NA,NA,56,2025-09-29,14:38:07,3,2,"Angel, Bransen",1000323260,Right,CAR_EAG,"Kirkland, Cody",10017751,Left,ROA_STA,Undefined,3,Top,1,1,0,Fastball,Four-Seam,StrikeSwinging,Undefined,Undefined,Undefined,0,0,NA,84.31419,-2.223971,-4.445727,2059.942491,205.432275,12:45:00,6.15335,2.26595,5.49012,-19.8408,20.6958,9.1526,2.41199,-1.13888,76.33752,-5.977037,-2.823004,0.458242,NA,NA,NA,NA,NA,NA,NA,NA,NA,NA,NA,-5.92118,11.49717,-1.8819,50,5.94476,9.0756,-121.8134,-5.32321,-8.81902,25.88398,-15.05015,CAR_EAG,ROA_STA,CarsonNewman,TeamExclusive,Team,20250929-CarsonNewman-Private-1,7190bf00-9d63-11f0-bac8-5ddf494ae676,82.25438,NA,NA,7.97667,NA,NA,NA,NA,NA,NA,d963aabb-c726-4912-9008-f618f1adb60d,2025-09-29,18:38:07,2025-09-29T18:38:07Z,2025-09-29T18:38:07Z,NA,v3,CNE,ROST,NA,"Cochran, Carson",10085797,Right,CAR_EAG,eedb8130-43c9-4d11-9ad1-83c578316689,55.00768,-122.87286,12.94199,6.15004,-4.70719,-7.52508,-2.26077,9.43657,-4.40951,NA,NA,NA,NA,NA,NA,NA,NA,NA,NA,NA,NA,NA,NA,NA,NA,NA,NA,NA,NA,NA,NA,NA,NA,NA,NA,NA,NA,NA,NA,NA,NA,NA,NA,NA,NA,NA,NA,NA,NA,NA,NA,NA,NA,NA,NA,NA,NA,NA,NA,High,High,High,NA,NA,NA,NA,NA,216.031179,-7.262214,2043.417684,0.991978,01:15:00,0.086327,-0.578162,-0.811342,-28.870206,-15.686792,19.39635,0.140167,160.828472,-0.935215,18.974988,0.935215,-0.325155,-0.140167,8.523833,8.057485,0.325155,0.325155,-160.828472,-8.057485,0.140167,-18.974988,-8.523833,-0.140167,-0.325155,0.935215,-0.935215,NA,NA,NA,NA,NA,NA,NA,NA,NA,NA,NA,NA
NA,NA,NA,NA,NA,NA,NA,NA,NA,NA,NA,NA,NA,NA,NA,NA,57,2025-09-29,14:38:46,3,3,"Angel, Bransen",1000323260,Right,CAR_EAG,"Kirkland, Cody",10017751,Left,ROA_STA,Undefined,3,Top,1,1,1,Slider,Curveball,InPlay,Undefined,GroundBall,Out,1,0,NA,75.70948,1.172034,-2.457394,2485.761529,71.00419,08:15:00,6.03611,2.67891,4.80196,-50.91105,-0.77571,-6.11418,2.90527,-0.16056,70.59078,-7.954753,-3.531727,0.509616,85.37471,0.885797,-28.443051,2204.587054,NA,NA,NA,54.96585,51.91203,-29.354058,0.448171,2.46484,-0.34551,-2.42826,50,6.10804,4.95692,-109.93446,0.45587,3.06025,16.83908,-32.603,CAR_EAG,ROA_STA,CarsonNewman,TeamExclusive,Team,20250929-CarsonNewman-Private-1,892e9560-9d63-11f0-bac8-5ddf494ae676,73.9624,3.09191,NA,5.1187,NA,NA,NA,2.21358,3.04596,0.10915,d963aabb-c726-4912-9008-f618f1adb60d,2025-09-29,18:38:46,2025-09-29T18:38:46Z,2025-09-29T18:38:46Z,GroundBall,v3,CNE,ROST,NA,"Cochran, Carson",10085797,Right,CAR_EAG,a829d564-05d6-4186-974b-c37350083de4,55.70364,-110.80466,8.41954,6.04095,2.14072,-16.3015,-2.68034,4.79877,1.53012,72.321358,2.22315,109.80262,-17.59477,NA,NA,NA,NA,NA,NA,3.05444,1.68277,-19.00215,NA,NA,NA,NA,NA,NA,0.115,-59.8071,-1.30059,NA,NA,NA,NA,NA,NA,NA,NA,NA,NA,NA,NA,NA,NA,NA,NA,NA,NA,NA,NA,NA,NA,NA,NA,NA,NA,NA,NA,High,High,High,High,High,NA,NA,NA,81.521394,84.247374,249.156987,0.100234,08:45:00,-0.991181,0.119469,0.05733,30.606097,23.452368,35.175258,-0.452118,127.969338,-0.548768,-44.681603,0.548768,-0.703166,0.452118,39.484352,-26.879643,0.703166,-0.703166,-127.969338,26.879643,0.452118,44.681603,-39.484352,-0.452118,0.703166,0.548768,-0.548768,NA,NA,NA,NA,NA,NA,NA,NA,NA,NA,NA,NA
NA,NA,NA,NA,NA,NA,NA,NA,NA,NA,NA,NA,NA,NA,NA,NA,58,2025-09-29,14:39:28,4,1,"Angel, Bransen",1000323260,Right,CAR_EAG,"Lewis, Kanon",10061269,Right,ROA_STA,Undefined,3,Top,2,0,0,Fastball,Four-Seam,StrikeCalled,Undefined,Undefined,Undefined,0,0,NA,84.7234,-2.624452,-4.018684,2157.960981,206.726093,01:00:00,6.25392,2.25401,5.26761,-19.95777,20.08375,9.45634,2.11748,-0.73944,77.53858,-6.35293,-2.347119,0.455435,NA,NA,NA,NA,NA,NA,NA,NA,NA,NA,NA,-5.80382,11.13831,-1.89291,50,5.99877,8.19758,-122.55224,-6.25975,-8.84545,23.73599,-15.1984,CAR_EAG,ROA_STA,CarsonNewman,TeamExclusive,Team,20250929-CarsonNewman-Private-1,a1bf3030-9d63-11f0-bac8-5ddf494ae676,82.76135,NA,NA,7.18481,NA,NA,NA,NA,NA,NA,d963aabb-c726-4912-9008-f618f1adb60d,2025-09-29,18:39:28,2025-09-29T18:39:28Z,2025-09-29T18:39:28Z,NA,v3,CNE,ROST,NA,"Cochran, Carson",10085797,Right,CAR_EAG,47409747-71cb-40a7-a2e0-491d4deb88b6,55.23249,-123.56152,11.868,6.2512,-5.6135,-7.5992,-2.24948,8.57369,-4.42273,NA,NA,NA,NA,NA,NA,NA,NA,NA,NA,NA,NA,NA,NA,NA,NA,NA,NA,NA,NA,NA,NA,NA,NA,NA,NA,NA,NA,NA,NA,NA,NA,NA,NA,NA,NA,NA,NA,NA,NA,NA,NA,NA,NA,NA,NA,NA,NA,NA,NA,High,High,High,NA,NA,NA,NA,NA,211.755672,-5.889852,2146.569121,0.994721,01:00:00,0.066893,-0.518272,-0.852596,-28.303779,-10.483854,33.322935,0.035739,157.598111,-0.923943,22.386802,0.923943,-0.380857,-0.035739,2.215137,2.048117,0.380857,0.380857,-157.598111,-2.048117,0.035739,-22.386802,-2.215137,-0.035739,-0.380857,0.923943,-0.923943,NA,NA,NA,NA,NA,NA,NA,NA,NA,NA,NA,NA
NA,NA,NA,NA,NA,NA,NA,NA,NA,NA,NA,NA,NA,NA,NA,NA,59,2025-09-29,14:39:48,4,2,"Angel, Bransen",1000323260,Right,CAR_EAG,"Lewis, Kanon",10061269,Right,ROA_STA,Undefined,3,Top,2,0,1,Fastball,Four-Seam,BallCalled,Undefined,Undefined,Undefined,0,0,NA,84.24037,-2.982694,-0.45243,2147.708545,198.892239,12:45:00,6.2754,2.15791,5.34242,-21.39285,18.81505,5.99874,1.6919,2.23337,77.3189,-6.960697,0.61386,0.456381,NA,NA,NA,NA,NA,NA,NA,NA,NA,NA,NA,-3.13354,10.64442,-2.12157,50,5.99119,0.70965,-122.13541,-7.04673,-4.74305,23.58798,-16.06225,CAR_EAG,ROA_STA,CarsonNewman,TeamExclusive,Team,20250929-CarsonNewman-Private-1,adb5a090-9d63-11f0-bac8-5ddf494ae676,82.58992,NA,NA,6.92147,NA,NA,NA,NA,NA,NA,d963aabb-c726-4912-9008-f618f1adb60d,2025-09-29,18:39:48,2025-09-29T18:39:48Z,2025-09-29T18:39:48Z,NA,v3,CNE,ROST,NA,"Cochran, Carson",10085797,Right,CAR_EAG,92813af3-a022-4c70-9912-cf9ee762a981,55.15825,-123.12759,11.79399,6.27339,-6.3711,-8.03112,-2.15561,0.90916,-2.37153,NA,NA,NA,NA,NA,NA,NA,NA,NA,NA,NA,NA,NA,NA,NA,NA,NA,NA,NA,NA,NA,NA,NA,NA,NA,NA,NA,NA,NA,NA,NA,NA,NA,NA,NA,NA,NA,NA,NA,NA,NA,NA,NA,NA,NA,NA,NA,NA,NA,NA,High,High,High,NA,NA,NA,NA,NA,209.517559,-9.263449,2119.699434,0.986959,01:00:00,0.179271,-0.47723,-0.860298,-27.224598,-21.969948,23.97038,0.092915,159.435791,-0.932229,20.471251,0.932229,-0.349737,-0.092915,5.691833,5.331304,0.349737,0.349737,-159.435791,-5.331304,0.092915,-20.471251,-5.691833,-0.092915,-0.349737,0.932229,-0.932229,NA,NA,NA,NA,NA,NA,NA,NA,NA,NA,NA,NA
NA,NA,NA,NA,NA,NA,NA,NA,NA,NA,NA,NA,NA,NA,NA,NA,60,2025-09-29,14:40:08,4,3,"Angel, Bransen",1000323260,Right,CAR_EAG,"Lewis, Kanon",10061269,Right,ROA_STA,Undefined,3,Top,2,1,1,Slider,Curveball,InPlay,Undefined,GroundBall,Out,1,0,NA,75.6852,0.957771,-3.226708,2419.041696,74.301811,08:30:00,5.95931,2.5375,4.82484,-50.55806,-0.1837,-5.61063,2.65483,-0.98949,70.35108,-8.112159,-4.211666,0.51083,72.82053,-6.692533,0.838791,NA,NA,NA,NA,20.26563,20.03558,3.446572,0.180277,1.98831,0.03583,-2.21185,50,6.01041,6.4099,-109.78089,0.0606,2.45245,17.48698,-32.12986,CAR_EAG,ROA_STA,CarsonNewman,TeamExclusive,Team,20250929-CarsonNewman-Private-1,b9ceb420-9d63-11f0-bac8-5ddf494ae676,73.78672,2.67619,NA,5.33413,NA,NA,NA,1.50607,2.67619,0.96871,d963aabb-c726-4912-9008-f618f1adb60d,2025-09-29,18:40:08,2025-09-29T18:40:08Z,2025-09-29T18:40:08Z,GroundBall,v3,CNE,ROST,NA,"Cochran, Carson",10085797,Right,CAR_EAG,4c70d022-5220-4948-acb4-bcd7afa5529d,55.67984,-110.68193,8.74349,5.96463,1.71614,-16.06493,-2.53887,6.28353,1.22622,145.85447,1.50655,106.02871,-12.08046,NA,NA,NA,NA,NA,NA,2.6764,-12.46193,-13.23107,NA,NA,NA,NA,NA,NA,0.96876,1.5493,-0.91661,NA,NA,NA,NA,NA,NA,NA,NA,NA,NA,NA,NA,NA,NA,NA,NA,NA,NA,NA,NA,NA,NA,NA,NA,NA,NA,NA,NA,High,High,High,High,High,NA,NA,NA,77.864402,84.66973,224.7208,0.092897,08:30:00,-0.991343,0.107451,0.075449,41.027367,22.781442,41.244108,-0.428473,133.903243,-0.626563,-40.618696,0.626563,-0.651022,0.428473,34.366099,-25.370666,0.651022,-0.651022,-133.903243,25.370666,0.428473,40.618696,-34.366099,-0.428473,0.651022,0.626563,-0.626563,NA,NA,NA,NA,NA,NA,NA,NA,NA,NA,NA,NA
NA,NA,NA,NA,NA,NA,NA,NA,NA,NA,NA,NA,NA,NA,NA,NA,61,2025-09-29,14:42:27,1,1,"Holmes, Connor",1000191481,Right,ROA_STA,"Evans, Colton",10278429,Right,CAR_EAG,Undefined,3,Bottom,0,0,0,Cutter,Slider,BallCalled,Undefined,Undefined,Undefined,0,0,NA,80.42008,-2.557032,-1.89759,2273.678808,167.464257,11:30:00,5.84603,1.32446,5.9972,-35.23167,7.45174,-1.38717,0.53759,-0.55027,74.85438,-9.021709,-2.147345,0.47022,NA,NA,NA,NA,NA,NA,NA,NA,NA,NA,NA,0.24295,4.85796,-1.17419,50,5.62487,3.92097,-116.81386,-6.3031,0.33906,19.92929,-25.39399,CAR_EAG,ROA_STA,CarsonNewman,TeamExclusive,Team,20250929-CarsonNewman-Private-1,0c9fb910-9d64-11f0-bac8-5ddf494ae676,80.15918,NA,NA,5.5657,NA,NA,NA,NA,NA,NA,d963aabb-c726-4912-9008-f618f1adb60d,2025-09-29,18:42:27,2025-09-29T18:42:27Z,2025-09-29T18:42:27Z,NA,v3,CNE,ROST,NA,"Cauthen, Cade",1000141057,Right,ROA_STA,71616b35-a795-4318-b7fb-00d959fdadff,54.50563,-117.58004,9.96465,5.84843,-5.32683,-12.697,-1.32468,3.90794,0.16953,NA,NA,NA,NA,NA,NA,NA,NA,NA,NA,NA,NA,NA,NA,NA,NA,NA,NA,NA,NA,NA,NA,NA,NA,NA,NA,NA,NA,NA,NA,NA,NA,NA,NA,NA,NA,NA,NA,NA,NA,NA,NA,NA,NA,NA,NA,NA,NA,NA,NA,High,High,High,NA,NA,NA,NA,NA,191.184621,65.248189,951.963055,0.418688,12:15:00,-0.916708,-0.121648,-0.38059,-54.699383,16.354282,-30.690922,-0.133862,143.481102,-0.796428,-36.137998,0.796428,-0.589732,0.133862,9.540999,-7.692832,0.589732,-0.589732,-143.481102,7.692832,0.133862,36.137998,-9.540999,-0.133862,0.589732,0.796428,-0.796428,NA,NA,NA,NA,NA,NA,NA,NA,NA,NA,NA,NA
NA,NA,NA,NA,NA,NA,NA,NA,NA,NA,NA,NA,NA,NA,NA,NA,62,2025-09-29,14:42:43,1,2,"Holmes, Connor",1000191481,Right,ROA_STA,"Evans, Colton",10278429,Right,CAR_EAG,Undefined,3,Bottom,0,1,0,Cutter,Slider,StrikeSwinging,Undefined,Undefined,Undefined,0,0,NA,79.82391,-1.268885,-1.196696,2337.707066,152.543201,11:00:00,5.79073,1.56387,5.61846,-35.17159,8.4754,-3.79563,1.67505,0.13052,74.45909,-7.698355,-1.875088,0.475498,NA,NA,NA,NA,NA,NA,NA,NA,NA,NA,NA,1.64882,4.97835,-1.45921,50,5.65954,2.57018,-116.06269,-3.71276,2.28471,18.49644,-25.27579,CAR_EAG,ROA_STA,CarsonNewman,TeamExclusive,Team,20250929-CarsonNewman-Private-1,163c5af0-9d64-11f0-bac8-5ddf494ae676,79.2694,NA,NA,5.36482,NA,NA,NA,NA,NA,NA,d963aabb-c726-4912-9008-f618f1adb60d,2025-09-29,18:42:43,2025-09-29T18:42:43Z,2025-09-29T18:42:43Z,NA,v3,CNE,ROST,NA,"Cauthen, Cade",1000141057,Right,ROA_STA,95bcc3d3-66e0-4e4c-9afc-01f64bfc7ce4,54.88429,-116.83849,9.24822,5.79303,-2.65262,-12.63789,-1.565,2.47435,1.14236,NA,NA,NA,NA,NA,NA,NA,NA,NA,NA,NA,NA,NA,NA,NA,NA,NA,NA,NA,NA,NA,NA,NA,NA,NA,NA,NA,NA,NA,NA,NA,NA,NA,NA,NA,NA,NA,NA,NA,NA,NA,NA,NA,NA,NA,NA,NA,NA,NA,NA,High,High,High,NA,NA,NA,NA,NA,195.775045,68.615839,852.373317,0.364619,12:30:00,-0.935859,-0.119721,-0.331414,-45.225302,30.331321,-30.366313,-0.064922,151.416899,-0.876272,-28.517266,0.876272,-0.477424,0.064922,4.237219,-3.722356,0.477424,-0.477424,-151.416899,3.722356,0.064922,28.517266,-4.237219,-0.064922,0.477424,0.876272,-0.876272,NA,NA,NA,NA,NA,NA,NA,NA,NA,NA,NA,NA
NA,NA,NA,NA,NA,NA,NA,NA,NA,NA,NA,NA,NA,NA,NA,NA,63,2025-09-29,14:43:01,1,3,"Holmes, Connor",1000191481,Right,ROA_STA,"Evans, Colton",10278429,Right,CAR_EAG,Undefined,3,Bottom,0,1,1,Cutter,Slider,StrikeSwinging,Undefined,Undefined,Undefined,0,0,NA,77.65675,-1.230061,-1.317067,2363.427219,220.138887,01:15:00,5.62252,1.39897,5.7075,-42.33459,4.09473,2.28284,0.94805,0.36181,71.90777,-8.970825,-0.907949,0.490419,NA,NA,NA,NA,NA,NA,NA,NA,NA,NA,NA,-1.51508,2.82669,-1.29002,50,5.49293,2.50959,-112.82266,-3.76139,-1.96156,19.66682,-28.51432,CAR_EAG,ROA_STA,CarsonNewman,TeamExclusive,Team,20250929-CarsonNewman-Private-1,21091860-9d64-11f0-bac8-5ddf494ae676,76.85758,NA,NA,5.74897,NA,NA,NA,NA,NA,NA,d963aabb-c726-4912-9008-f618f1adb60d,2025-09-29,18:43:01,2025-09-29T18:43:01Z,2025-09-29T18:43:01Z,NA,v3,CNE,ROST,NA,"Cauthen, Cade",1000141057,Right,ROA_STA,edaf81d3-2e41-4057-9ae1-b6bcc9ea8f0b,54.79524,-113.65548,9.83341,5.62664,-2.55392,-14.25716,-1.39805,2.59266,-0.98078,NA,NA,NA,NA,NA,NA,NA,NA,NA,NA,NA,NA,NA,NA,NA,NA,NA,NA,NA,NA,NA,NA,NA,NA,NA,NA,NA,NA,NA,NA,NA,NA,NA,NA,NA,NA,NA,NA,NA,NA,NA,NA,NA,NA,NA,NA,NA,NA,NA,NA,High,High,High,NA,NA,NA,NA,NA,196.863814,68.809363,854.313268,0.361472,12:30:00,-0.937622,-0.124854,-0.324462,-0.844576,-36.61387,-11.366693,0.911559,130.825097,-0.268802,18.127629,0.268802,-0.311135,-0.911559,73.570174,65.721746,0.311135,0.311135,-130.825097,-65.721746,0.911559,-18.127629,-73.570174,-0.911559,-0.311135,0.268802,-0.268802,NA,NA,NA,NA,NA,NA,NA,NA,NA,NA,NA,NA
NA,NA,NA,NA,NA,NA,NA,NA,NA,NA,NA,NA,NA,NA,NA,NA,64,2025-09-29,14:43:20,1,4,"Holmes, Connor",1000191481,Right,ROA_STA,"Evans, Colton",10278429,Right,CAR_EAG,Undefined,3,Bottom,0,1,2,Slider,Slider,BallCalled,Undefined,Undefined,Undefined,0,0,NA,78.91918,-2.442518,-2.408676,2342.149659,212.67,01:00:00,5.65024,1.37421,5.91065,-40.8638,3.81004,1.59646,-0.02562,-0.72982,73.3096,-9.907673,-2.121602,0.481059,NA,NA,NA,NA,NA,NA,NA,NA,NA,NA,NA,-1.46087,2.96717,-1.18169,50,5.43025,4.762,-114.5687,-6.15591,-1.95161,20.1541,-28.21012,CAR_EAG,ROA_STA,CarsonNewman,TeamExclusive,Team,20250929-CarsonNewman-Private-1,2c779410-9d64-11f0-bac8-5ddf494ae676,78.35309,NA,NA,5.60958,NA,NA,NA,NA,NA,NA,d963aabb-c726-4912-9008-f618f1adb60d,2025-09-29,18:43:20,2025-09-29T18:43:20Z,2025-09-29T18:43:20Z,NA,v3,CNE,ROST,NA,"Cauthen, Cade",1000141057,Right,ROA_STA,51c3c1ec-b661-4557-be59-ae7d7c1c017a,54.59311,-115.37386,10.07705,5.65367,-5.02891,-14.10506,-1.37349,4.83997,-0.9758,NA,NA,NA,NA,NA,NA,NA,NA,NA,NA,NA,NA,NA,NA,NA,NA,NA,NA,NA,NA,NA,NA,NA,NA,NA,NA,NA,NA,NA,NA,NA,NA,NA,NA,NA,NA,NA,NA,NA,NA,NA,NA,NA,NA,NA,NA,NA,NA,NA,NA,High,High,High,NA,NA,NA,NA,NA,195.801373,64.389779,1012.386266,0.432247,12:30:00,-0.912608,-0.156025,-0.377892,-7.235036,-39.155127,-11.705104,0.907115,119.418046,-0.206729,21.506943,0.206729,-0.366614,-0.907115,77.161743,65.109653,0.366614,0.366614,-119.418046,-65.109653,0.907115,-21.506943,-77.161743,-0.907115,-0.366614,0.206729,-0.206729,NA,NA,NA,NA,NA,NA,NA,NA,NA,NA,NA,NA
NA,NA,NA,NA,NA,NA,NA,NA,NA,NA,NA,NA,NA,NA,NA,NA,65,2025-09-29,14:43:37,1,5,"Holmes, Connor",1000191481,Right,ROA_STA,"Evans, Colton",10278429,Right,CAR_EAG,Undefined,3,Bottom,0,2,2,Slider,Curveball,InPlay,Undefined,GroundBall,Out,1,0,NA,71.62353,1.4196820000000001,-1.7059280000000001,2077.687858,44.154256,07:30:00,5.30781,1.80144,5.9023,-63.6935,-9.2843,-10.59914,1.31884,-0.66599,66.32509,-10.210616,-3.611427,0.530894,63.94858,-69.050171,-79.839832,NA,NA,NA,NA,3.03286,3.03286,-0.497966,0.01806,4.99894,-4.78225,-1.65792,50,5.38497,3.44886,-104.10752,0.73096,5.47711,17.75116,-37.41375,CAR_EAG,ROA_STA,CarsonNewman,TeamExclusive,Team,20250929-CarsonNewman-Private-1,366c19f0-9d64-11f0-bac8-5ddf494ae676,70.99808,1.58639,NA,5.29844,NA,NA,NA,2.9256,1.58639,0.57148,d963aabb-c726-4912-9008-f618f1adb60d,2025-09-29,18:43:37,2025-09-29T18:43:37Z,2025-09-29T18:43:37Z,GroundBall,v3,CNE,ROST,NA,"Cauthen, Cade",1000141057,Right,ROA_STA,cf264223-882c-494b-921b-f0f10849e804,54.60432,-104.88966,8.87558,5.31645,2.37945,-18.70688,-1.80457,3.20754,2.73856,NA,2.92555,5.93232,NA,NA,NA,NA,NA,NA,NA,1.58711,-87.83862,NA,NA,NA,NA,NA,NA,NA,0.57176,-33.1025,NA,NA,NA,NA,NA,NA,NA,NA,NA,NA,NA,NA,NA,NA,NA,NA,NA,NA,NA,NA,NA,NA,NA,NA,NA,NA,NA,NA,NA,High,High,High,Estimated,Estimated,NA,NA,NA,42.783075,56.081268,1159.383989,0.558016,07:30:00,-0.807629,0.399462,0.43378,92.430616,-29.300237,-58.146923,-0.455388,119.84832,-0.443104,-50.551139,0.443104,-0.772192,0.455388,45.783325,-27.089925,0.772192,-0.772192,-119.84832,27.089925,0.455388,50.551139,-45.783325,-0.455388,0.772192,0.443104,-0.443104,NA,NA,NA,NA,NA,NA,NA,NA,NA,NA,NA,NA
NA,NA,NA,NA,NA,NA,NA,NA,NA,NA,NA,NA,NA,NA,NA,NA,66,2025-09-29,14:44:07,2,1,"Holmes, Connor",1000191481,Right,ROA_STA,"Pierce, Johno",10069844,Right,CAR_EAG,Undefined,3,Bottom,1,0,0,Slider,Curveball,FoulBallNotFieldable,Undefined,Undefined,Undefined,0,0,NA,70.79168,2.280469,-0.891529,2069.861501,43.186689,07:30:00,5.48434,1.76261,5.44691,-66.88665,-9.45406,-10.72945,2.04705,0.03368,64.56941,-9.896264,-2.804167,0.545445,NA,NA,NA,NA,NA,NA,NA,NA,NA,NA,NA,5.16008,-5.04248,-1.67599,50,5.63931,1.97298,-102.66274,2.03316,5.42488,19.36375,-37.4753,CAR_EAG,ROA_STA,CarsonNewman,TeamExclusive,Team,20250929-CarsonNewman-Private-1,48912e90-9d64-11f0-bac8-5ddf494ae676,69.10405,NA,NA,6.22227,NA,NA,NA,NA,NA,NA,d963aabb-c726-4912-9008-f618f1adb60d,2025-09-29,18:44:07,2025-09-29T18:44:07Z,2025-09-29T18:44:07Z,NA,v3,CNE,ROST,NA,"Cauthen, Cade",1000141057,Right,ROA_STA,ca340097-9305-42ad-aebb-15edc6e4dd73,55.05807,-103.61238,9.68187,5.49454,3.87102,-18.73765,-1.76622,1.70693,2.71244,NA,NA,NA,NA,NA,NA,NA,NA,NA,NA,NA,NA,NA,NA,NA,NA,NA,NA,NA,NA,NA,NA,NA,NA,NA,NA,NA,NA,NA,NA,NA,NA,NA,NA,NA,NA,NA,NA,NA,NA,NA,NA,NA,NA,NA,NA,NA,NA,NA,NA,High,High,High,NA,NA,NA,NA,NA,45.949637,58.286606,1088.065206,0.525671,07:30:00,-0.829193,0.411365,0.378441,20.295727,54.562012,9.660717,-0.375087,126.796918,-0.555249,-47.927682,0.555249,-0.7423,0.375087,34.040161,-22.029665,0.7423,-0.7423,-126.796918,22.029665,0.375087,47.927682,-34.040161,-0.375087,0.7423,0.555249,-0.555249,NA,NA,NA,NA,NA,NA,NA,NA,NA,NA,NA,NA
NA,NA,NA,NA,NA,NA,NA,NA,NA,NA,NA,NA,NA,NA,NA,NA,67,2025-09-29,14:44:29,2,2,"Holmes, Connor",1000191481,Right,ROA_STA,"Pierce, Johno",10069844,Right,CAR_EAG,Undefined,3,Bottom,1,0,1,Cutter,Slider,BallCalled,Undefined,Undefined,Undefined,0,0,NA,79.65474,-2.806901,-0.653409,2329.48194,125.523252,10:15:00,5.85785,1.47603,5.87127,-38.54801,5.55374,-5.85264,0.03595,0.38134,73.62534,-9.862862,-1.706371,0.477968,NA,NA,NA,NA,NA,NA,NA,NA,NA,NA,NA,2.84162,4.01465,-1.41963,50,5.60786,1.5327,-115.62679,-6.87091,3.84544,21.63941,-26.74116,CAR_EAG,ROA_STA,CarsonNewman,TeamExclusive,Team,20250929-CarsonNewman-Private-1,559a6e80-9d64-11f0-bac8-5ddf494ae676,78.85968,NA,NA,6.02939,NA,NA,NA,NA,NA,NA,d963aabb-c726-4912-9008-f618f1adb60d,2025-09-29,18:44:29,2025-09-29T18:44:29Z,2025-09-29T18:44:29Z,NA,v3,CNE,ROST,NA,"Cauthen, Cade",1000141057,Right,ROA_STA,095e09cf-ac50-48e7-adcc-2f7603e66598,54.63179,-116.49039,10.81971,5.86077,-5.80369,-13.37058,-1.47773,1.37923,1.92272,NA,NA,NA,NA,NA,NA,NA,NA,NA,NA,NA,NA,NA,NA,NA,NA,NA,NA,NA,NA,NA,NA,NA,NA,NA,NA,NA,NA,NA,NA,NA,NA,NA,NA,NA,NA,NA,NA,NA,NA,NA,NA,NA,NA,NA,NA,NA,NA,NA,NA,High,High,High,NA,NA,NA,NA,NA,188.274169,71.047862,756.564939,0.324778,12:15:00,-0.945971,-0.092998,-0.31063,-46.795465,33.298752,-27.316113,-0.154587,149.839159,-0.854225,-29.76142,0.854225,-0.49639,0.154587,10.25764,-8.892825,0.49639,-0.49639,-149.839159,8.892825,0.154587,29.76142,-10.25764,-0.154587,0.49639,0.854225,-0.854225,NA,NA,NA,NA,NA,NA,NA,NA,NA,NA,NA,NA
NA,NA,NA,NA,NA,NA,NA,NA,NA,NA,NA,NA,NA,NA,NA,NA,68,2025-09-29,14:44:45,2,3,"Holmes, Connor",1000191481,Right,ROA_STA,"Pierce, Johno",10069844,Right,CAR_EAG,Undefined,3,Bottom,1,1,1,Slider,Curveball,BallCalled,Undefined,Undefined,Undefined,0,0,NA,69.8692,4.813229,0.652144,2020.079462,42.32638,07:30:00,5.43684,1.73532,4.90008,-68.74575,-8.21874,-9.43245,4.27163,1.56614,63.08911,-7.629762,-1.007603,0.559946,NA,NA,NA,NA,NA,NA,NA,NA,NA,NA,NA,4.80103,-4.83024,-1.79089,50,5.85167,-0.78466,-100.91797,6.22044,4.88482,18.4777,-37.0886,CAR_EAG,ROA_STA,CarsonNewman,TeamExclusive,Team,20250929-CarsonNewman-Private-1,5f216580-9d64-11f0-bac8-5ddf494ae676,67.31445,NA,NA,6.78009,NA,NA,NA,NA,NA,NA,d963aabb-c726-4912-9008-f618f1adb60d,2025-09-29,18:44:45,2025-09-29T18:44:45Z,2025-09-29T18:44:45Z,NA,v3,CNE,ROST,NA,"Cauthen, Cade",1000141057,Right,ROA_STA,5cb6a1b3-7054-4508-9ebe-3717df4a80af,55.60214,-101.93854,9.23885,5.45153,8.26893,-18.5443,-1.7401,-1.05446,2.44241,NA,NA,NA,NA,NA,NA,NA,NA,NA,NA,NA,NA,NA,NA,NA,NA,NA,NA,NA,NA,NA,NA,NA,NA,NA,NA,NA,NA,NA,NA,NA,NA,NA,NA,NA,NA,NA,NA,NA,NA,NA,NA,NA,NA,NA,NA,NA,NA,NA,NA,High,High,High,NA,NA,NA,NA,NA,44.701327,50.656901,1280.655218,0.633963,07:30:00,-0.7383,0.509255,0.442236,58.058879,40.102035,20.592666,-0.396973,132.547763,-0.620641,-42.545718,0.620641,-0.676178,0.396973,32.603709,-23.389088,0.676178,-0.676178,-132.547763,23.389088,0.396973,42.545718,-32.603709,-0.396973,0.676178,0.620641,-0.620641,NA,NA,NA,NA,NA,NA,NA,NA,NA,NA,NA,NA
NA,NA,NA,NA,NA,NA,NA,NA,NA,NA,NA,NA,NA,NA,NA,NA,69,2025-09-29,14:45:02,2,4,"Holmes, Connor",1000191481,Right,ROA_STA,"Pierce, Johno",10069844,Right,CAR_EAG,Undefined,3,Bottom,1,2,1,Slider,Curveball,FoulBallNotFieldable,Undefined,Undefined,Undefined,0,0,NA,71.049,2.302499,-0.413738,2010.47923,53.686345,07:45:00,5.47799,1.65913,5.04304,-62.90169,-5.38996,-9.89544,2.40948,0.44421,65.05814,-9.076474,-2.163862,0.54582,97.28953,-5.431925,-52.104965,NA,NA,NA,NA,20.02948,13.83825,-44.042195,0.168918,4.82992,-2.92575,-1.61116,50,5.64688,1.1059,-103.02406,2.10961,5.15363,18.26902,-35.29588,CAR_EAG,ROA_STA,CarsonNewman,TeamExclusive,Team,20250929-CarsonNewman-Private-1,68f6caa0-9d64-11f0-bac8-5ddf494ae676,69.05653,3.29919,NA,5.99086,NA,NA,NA,NA,NA,NA,d963aabb-c726-4912-9008-f618f1adb60d,2025-09-29,18:45:02,2025-09-29T18:45:02Z,2025-09-29T18:45:02Z,GroundBall,v3,CNE,ROST,NA,"Cauthen, Cade",1000141057,Right,ROA_STA,e8a2581d-4ea8-457b-9b1f-490a7f533034,55.46153,-103.98803,9.13451,5.48643,3.97201,-17.64794,-1.66234,0.83396,2.57681,NA,-0.09041,87.30662,-9.07109,NA,NA,NA,NA,NA,NA,3.30219,-13.74452,-34.46428,NA,NA,NA,NA,NA,NA,3.77468,-111.89695,42.22988,NA,NA,NA,NA,NA,NA,NA,NA,NA,NA,NA,NA,NA,NA,NA,NA,NA,NA,NA,NA,NA,NA,NA,NA,NA,NA,NA,NA,High,High,High,Low,Low,NA,NA,NA,40.832621,54.937809,1154.950422,0.574465,07:15:00,-0.799618,0.408196,0.440439,58.841736,37.912257,26.765427,-0.393267,131.471886,-0.608891,-43.543656,0.608891,-0.688907,0.393267,32.857347,-23.157913,0.688907,-0.688907,-131.471886,23.157913,0.393267,43.543656,-32.857347,-0.393267,0.688907,0.608891,-0.608891,NA,NA,NA,NA,NA,NA,NA,NA,NA,NA,NA,NA
NA,NA,NA,NA,NA,NA,NA,NA,NA,NA,NA,NA,NA,NA,NA,NA,70,2025-09-29,14:45:27,2,5,"Holmes, Connor",1000191481,Right,ROA_STA,"Pierce, Johno",10069844,Right,CAR_EAG,Undefined,3,Bottom,1,2,2,Slider,Curveball,BallCalled,Undefined,Undefined,Undefined,0,0,NA,73.92515,1.830166,-2.841539,2075.950595,27.522087,07:00:00,5.49598,1.49372,5.36096,-65.51059,-12.77564,-7.56493,1.75579,-1.80367,67.72083,-10.027203,-4.185615,0.522662,NA,NA,NA,NA,NA,NA,NA,NA,NA,NA,NA,2.91028,-6.43437,-1.23262,50,5.61398,5.60274,-107.146,1.25616,3.34633,20.39435,-39.57253,CAR_EAG,ROA_STA,CarsonNewman,TeamExclusive,Team,20250929-CarsonNewman-Private-1,78229c70-9d64-11f0-bac8-5ddf494ae676,72.11632,NA,NA,6.20432,NA,NA,NA,NA,NA,NA,d963aabb-c726-4912-9008-f618f1adb60d,2025-09-29,18:45:27,2025-09-29T18:45:27Z,2025-09-29T18:45:27Z,NA,v3,CNE,ROST,NA,"Cauthen, Cade",1000141057,Right,ROA_STA,0d03388b-3b1e-43bd-a6c9-5c16314165aa,55.14412,-108.12071,10.19717,5.50875,3.14745,-19.78627,-1.49657,5.44281,1.67317,NA,NA,NA,NA,NA,NA,NA,NA,NA,NA,NA,NA,NA,NA,NA,NA,NA,NA,NA,NA,NA,NA,NA,NA,NA,NA,NA,NA,NA,NA,NA,NA,NA,NA,NA,NA,NA,NA,NA,NA,NA,NA,NA,NA,NA,NA,NA,NA,NA,NA,High,High,High,NA,NA,NA,NA,NA,37.425515,59.907507,1040.876194,0.501397,07:15:00,-0.834253,0.332191,0.44008,29.848313,56.212247,20.207716,-0.365665,127.586034,-0.567711,-47.523904,0.567711,-0.737559,0.365665,32.785794,-21.448536,0.737559,-0.737559,-127.586034,21.448536,0.365665,47.523904,-32.785794,-0.365665,0.737559,0.567711,-0.567711,NA,NA,NA,NA,NA,NA,NA,NA,NA,NA,NA,NA
NA,NA,NA,NA,NA,NA,NA,NA,NA,NA,NA,NA,NA,NA,NA,NA,71,2025-09-29,14:45:46,2,6,"Holmes, Connor",1000191481,Right,ROA_STA,"Pierce, Johno",10069844,Right,CAR_EAG,Undefined,3,Bottom,1,3,2,Cutter,Slider,FoulBallNotFieldable,Undefined,Undefined,Undefined,0,0,NA,79.50113,1.433969,-1.132027,2373.31504,129.232962,10:15:00,5.80532,1.46452,5.52625,-39.96986,4.36945,-3.84536,3.81568,0.08558,73.56253,-5.88455,-1.817292,0.479254,NA,NA,NA,NA,NA,NA,NA,NA,NA,NA,NA,1.66717,2.2352,-1.3634,50,5.90319,2.43271,-115.53735,1.56392,2.27891,19.25316,-29.11863,CAR_EAG,ROA_STA,CarsonNewman,TeamExclusive,Team,20250929-CarsonNewman-Private-1,83419890-9d64-11f0-bac8-5ddf494ae676,78.6481,NA,NA,5.9386,NA,NA,NA,NA,NA,NA,d963aabb-c726-4912-9008-f618f1adb60d,2025-09-29,18:45:46,2025-09-29T18:45:46Z,2025-09-29T18:45:46Z,NA,v3,CNE,ROST,NA,"Cauthen, Cade",1000141057,Right,ROA_STA,dce24877-74f9-4a90-bc10-f75e44ae7bd4,54.97674,-116.36372,9.62658,5.80924,2.81373,-14.55931,-1.46571,2.3349,1.13946,NA,NA,NA,NA,NA,NA,NA,NA,NA,NA,NA,NA,NA,NA,NA,NA,NA,NA,NA,NA,NA,NA,NA,NA,NA,NA,NA,NA,NA,NA,NA,NA,NA,NA,NA,NA,NA,NA,NA,NA,NA,NA,NA,NA,NA,NA,NA,NA,NA,NA,High,High,High,NA,NA,NA,NA,NA,176.079644,72.316761,720.904814,0.303754,11:45:00,-0.957734,0.044604,-0.284178,-45.913684,32.339952,-35.132593,-0.12496,147.608375,-0.837788,-32.107159,0.837788,-0.531504,0.12496,8.483391,-7.178441,0.531504,-0.531504,-147.608375,7.178441,0.12496,32.107159,-8.483391,-0.12496,0.531504,0.837788,-0.837788,NA,NA,NA,NA,NA,NA,NA,NA,NA,NA,NA,NA
NA,NA,NA,NA,NA,NA,NA,NA,NA,NA,NA,NA,NA,NA,NA,NA,72,2025-09-29,14:46:07,2,7,"Holmes, Connor",1000191481,Right,ROA_STA,"Pierce, Johno",10069844,Right,CAR_EAG,Undefined,3,Bottom,1,3,2,Cutter,Slider,FoulBallNotFieldable,Undefined,Undefined,Undefined,0,0,NA,78.72276,1.743985,-0.892122,2241.81457,208.015218,01:00:00,5.49855,1.57009,5.46434,-39.41849,5.84937,2.45228,3.84674,0.93935,72.86127,-5.474312,-0.455619,0.484246,NA,NA,NA,NA,NA,NA,NA,NA,NA,NA,NA,-1.46386,2.87095,-1.4933,50,5.62483,1.68833,-114.41462,2.18934,-1.96473,18.63586,-28.3208,CAR_EAG,ROA_STA,CarsonNewman,TeamExclusive,Team,20250929-CarsonNewman-Private-1,8fc2bcc0-9d64-11f0-bac8-5ddf494ae676,77.83733,NA,NA,5.86149,NA,NA,NA,NA,NA,NA,d963aabb-c726-4912-9008-f618f1adb60d,2025-09-29,18:46:07,2025-09-29T18:46:07Z,2025-09-29T18:46:07Z,NA,v3,CNE,ROST,NA,"Cauthen, Cade",1000141057,Right,ROA_STA,6280f25d-c7c9-4fa1-9611-2022165d563a,55.03964,-115.23255,9.31793,5.50146,3.43235,-14.1604,-1.56929,1.77457,-0.98237,NA,NA,NA,NA,NA,NA,NA,NA,NA,NA,NA,NA,NA,NA,NA,NA,NA,NA,NA,NA,NA,NA,NA,NA,NA,NA,NA,NA,NA,NA,NA,NA,NA,NA,NA,NA,NA,NA,NA,NA,NA,NA,NA,NA,NA,NA,NA,NA,NA,NA,High,High,High,NA,NA,NA,NA,NA,199.000891,67.561869,855.668316,0.381686,12:45:00,-0.933153,-0.096083,-0.346402,-8.744611,-33.938054,-5.67882,0.955848,131.502987,-0.194731,12.71374,0.194731,-0.22008,-0.955848,78.484948,72.910636,0.22008,0.22008,-131.502987,-72.910636,0.955848,-12.71374,-78.484948,-0.955848,-0.22008,0.194731,-0.194731,NA,NA,NA,NA,NA,NA,NA,NA,NA,NA,NA,NA
NA,NA,NA,NA,NA,NA,NA,NA,NA,NA,NA,NA,NA,NA,NA,NA,73,2025-09-29,14:46:30,2,8,"Holmes, Connor",1000191481,Right,ROA_STA,"Pierce, Johno",10069844,Right,CAR_EAG,Undefined,3,Bottom,1,3,2,Slider,Curveball,FoulBallNotFieldable,Undefined,Undefined,Undefined,0,0,NA,71.03836,2.529829,0.501314,2126.99719,57.733779,08:00:00,5.29821,1.81768,5.44502,-64.48846,-8.33248,-15.84056,2.29456,0.96704,65.64348,-9.180197,-2.321722,0.539348,NA,NA,NA,NA,NA,NA,NA,NA,NA,NA,NA,8.2141,-4.55551,-1.85029,50,5.47643,-0.35819,-103.19296,2.58056,8.87086,16.92472,-37.0938,CAR_EAG,ROA_STA,CarsonNewman,TeamExclusive,Team,20250929-CarsonNewman-Private-1,9db74710-9d64-11f0-bac8-5ddf494ae676,69.88514,NA,NA,5.39487,NA,NA,NA,NA,NA,NA,d963aabb-c726-4912-9008-f618f1adb60d,2025-09-29,18:46:30,2025-09-29T18:46:30Z,2025-09-29T18:46:30Z,NA,v3,CNE,ROST,NA,"Cauthen, Cade",1000141057,Right,ROA_STA,a0dec0db-4617-4df3-97ea-1d4a27644fab,55.06223,-104.0199,8.46236,5.30607,4.39297,-18.5469,-1.8222,-0.79162,4.43543,NA,NA,NA,NA,NA,NA,NA,NA,NA,NA,NA,NA,NA,NA,NA,NA,NA,NA,NA,NA,NA,NA,NA,NA,NA,NA,NA,NA,NA,NA,NA,NA,NA,NA,NA,NA,NA,NA,NA,NA,NA,NA,NA,NA,NA,NA,NA,NA,NA,NA,High,High,High,NA,NA,NA,NA,NA,43.261864,54.540526,1233.928441,0.580127,07:30:00,-0.799849,0.433146,0.415483,5.195725,67.680079,9.764463,-0.514641,130.079773,-0.552044,-40.998767,0.552044,-0.656043,0.514641,42.991803,-30.973485,0.656043,-0.656043,-130.079773,30.973485,0.514641,40.998767,-42.991803,-0.514641,0.656043,0.552044,-0.552044,NA,NA,NA,NA,NA,NA,NA,NA,NA,NA,NA,NA
NA,NA,NA,NA,NA,NA,NA,NA,NA,NA,NA,NA,NA,NA,NA,NA,74,2025-09-29,14:46:57,2,9,"Holmes, Connor",1000191481,Right,ROA_STA,"Pierce, Johno",10069844,Right,CAR_EAG,Undefined,3,Bottom,1,3,2,Cutter,Slider,FoulBallNotFieldable,Undefined,Undefined,Undefined,0,0,NA,80.57928,0.575764,-0.110556,2412.953385,122.691689,10:00:00,5.73497,1.39649,5.32662,-37.07045,5.60752,-7.26028,3.18609,0.68772,75.9381,-6.14592,-1.4006,0.47019,50.97462,57.600308,96.028963,5433.146456,NA,NA,NA,117.41595,42.57073,108.04723,3.618326,3.66555,2.98217,-1.38092,50,5.75969,0.50805,-117.37036,-0.1014,5.2683,15.88977,-27.88792,CAR_EAG,ROA_STA,CarsonNewman,TeamExclusive,Team,20250929-CarsonNewman-Private-1,adc93320-9d64-11f0-bac8-5ddf494ae676,80.16429,55.14959,NA,4.64118,NA,NA,NA,1.6517,3.25951,-0.66859,d963aabb-c726-4912-9008-f618f1adb60d,2025-09-29,18:46:57,2025-09-29T18:46:57Z,2025-09-29T18:46:57Z,Popup,v3,CNE,ROST,NA,"Cauthen, Cade",1000141057,Right,ROA_STA,b106270c-7bef-49da-ac2c-4d6b8efc2942,55.17929,-118.06946,7.94489,5.73716,1.12558,-13.94396,-1.39818,0.27626,2.63415,327.453841,1.66321,-4.62172,-2.78022,-4.73419,7.86583,-5.40247,1.92165,-0.34245,0.02417,3.26552,62.9537,-20.70826,0.01946,1.52077,-0.90481,0.24551,-0.03085,0.00133,-0.66225,39.64285,-2.99124,-1.72261,2.60256,-1.53875,0.46627,-0.07045,0.00421,NA,NA,NA,NA,NA,NA,NA,NA,NA,NA,NA,NA,NA,NA,NA,NA,NA,NA,NA,NA,NA,NA,High,High,High,High,Low,NA,NA,NA,189.972446,71.555448,763.426527,0.316387,12:15:00,-0.949732,-0.045255,-0.309775,-41.520848,33.511311,-27.561105,-0.112524,148.868648,-0.850548,-30.911822,0.850548,-0.513718,0.112524,7.536264,-6.460861,0.513718,-0.513718,-148.868648,6.460861,0.112524,30.911822,-7.536264,-0.112524,0.513718,0.850548,-0.850548,NA,NA,NA,NA,NA,NA,NA,NA,NA,NA,NA,NA
NA,NA,NA,NA,NA,NA,NA,NA,NA,NA,NA,NA,NA,NA,NA,NA,75,2025-09-29,14:47:20,2,10,"Holmes, Connor",1000191481,Right,ROA_STA,"Pierce, Johno",10069844,Right,CAR_EAG,Undefined,3,Bottom,1,3,2,Cutter,Slider,InPlay,Undefined,GroundBall,Out,1,0,NA,80.54734,-1.183501,-2.420254,2387.887978,129.462081,10:15:00,5.66357,1.3351,5.76291,-38.48057,4.33225,-3.83614,1.35413,-1.23865,75.01857,-8.212924,-3.10707,0.470932,57.12959,-39.635154,69.809883,NA,NA,NA,NA,3.48715,3.48715,53.004748,0.025557,1.3798,2.84343,-1.13206,50,5.54171,5.09087,-117.05347,-3.66523,1.93703,19.64409,-28.18231,CAR_EAG,ROA_STA,CarsonNewman,TeamExclusive,Team,20250929-CarsonNewman-Private-1,bb79d6a0-9d64-11f0-bac8-5ddf494ae676,80.03795,1.37013,NA,5.52877,NA,NA,NA,1.52748,1.37013,1.23264,d963aabb-c726-4912-9008-f618f1adb60d,2025-09-29,18:47:20,2025-09-29T18:47:20Z,2025-09-29T18:47:20Z,GroundBall,v3,CNE,ROST,NA,"Cauthen, Cade",1000141057,Right,ROA_STA,b368d111-68d8-421e-942d-b4011019478f,54.74112,-117.84644,9.82204,5.6667,-2.52759,-14.09116,-1.33599,5.01268,0.96851,NA,1.52721,22.33877,NA,NA,NA,NA,NA,NA,NA,1.37079,-53.61167,NA,NA,NA,NA,NA,NA,NA,1.23189,60.74733,NA,NA,NA,NA,NA,NA,NA,NA,NA,NA,NA,NA,NA,NA,NA,NA,NA,NA,NA,NA,NA,NA,NA,NA,NA,NA,NA,NA,NA,High,High,High,Estimated,Estimated,NA,NA,NA,180.01766,71.498979,757.728338,0.317322,12:00:00,-0.960668,-0.019685,-0.277001,-38.950734,33.981238,-33.018042,-0.003572,149.696745,-0.863361,-30.303041,0.863361,-0.504573,0.003572,0.23708,-0.204687,0.504573,-0.504573,-149.696745,0.204687,0.003572,30.303041,-0.23708,-0.003572,0.504573,0.863361,-0.863361,NA,NA,NA,NA,NA,NA,NA,NA,NA,NA,NA,NA
NA,NA,NA,NA,NA,NA,NA,NA,NA,NA,NA,NA,NA,NA,NA,NA,76,2025-09-29,14:47:53,3,1,"Holmes, Connor",1000191481,Right,ROA_STA,"Floyd, Logan",1000148156,Right,CAR_EAG,Undefined,3,Bottom,2,0,0,Slider,Slider,BallCalled,Undefined,Undefined,Undefined,0,0,NA,76.81365,2.705215,-1.345073,2339.572193,178.98178,12:00:00,5.61396,1.59316,5.39753,-41.14321,6.60453,-0.09421,4.72317,0.32452,70.97942,-4.825567,-1.361803,0.497334,NA,NA,NA,NA,NA,NA,NA,NA,NA,NA,NA,-0.27579,3.08689,-1.47306,50,5.82658,2.62196,-111.51161,3.93217,-0.3519,17.55418,-28.23551,CAR_EAG,ROA_STA,CarsonNewman,TeamExclusive,Team,20250929-CarsonNewman-Private-1,cecd3210-9d64-11f0-bac8-5ddf494ae676,75.78903,NA,NA,5.83422,NA,NA,NA,NA,NA,NA,d963aabb-c726-4912-9008-f618f1adb60d,2025-09-29,18:47:53,2025-09-29T18:47:53Z,2025-09-29T18:47:53Z,NA,v3,CNE,ROST,NA,"Cauthen, Cade",1000141057,Right,ROA_STA,b07d183b-3f94-4afa-90a6-4ffa39861194,55.10454,-112.31229,8.77709,5.61786,5.22005,-14.11775,-1.59302,2.63801,-0.17595,NA,NA,NA,NA,NA,NA,NA,NA,NA,NA,NA,NA,NA,NA,NA,NA,NA,NA,NA,NA,NA,NA,NA,NA,NA,NA,NA,NA,NA,NA,NA,NA,NA,NA,NA,NA,NA,NA,NA,NA,NA,NA,NA,NA,NA,NA,NA,NA,NA,NA,High,High,High,NA,NA,NA,NA,NA,190.377248,72.587224,700.125334,0.299254,12:15:00,-0.962301,-0.00881,-0.271845,-3.720087,-26.572776,-12.229066,0.961021,126.064939,-0.162762,12.914044,0.162762,-0.223489,-0.961021,80.387417,73.950037,0.223489,0.223489,-126.064939,-73.950037,0.961021,-12.914044,-80.387417,-0.961021,-0.223489,0.162762,-0.162762,NA,NA,NA,NA,NA,NA,NA,NA,NA,NA,NA,NA
NA,NA,NA,NA,NA,NA,NA,NA,NA,NA,NA,NA,NA,NA,NA,NA,77,2025-09-29,14:48:07,3,2,"Holmes, Connor",1000191481,Right,ROA_STA,"Floyd, Logan",1000148156,Right,CAR_EAG,Undefined,3,Bottom,2,1,0,Slider,Curveball,BallCalled,Undefined,Undefined,Undefined,0,0,NA,69.39591,3.328251,1.314251,2017.648955,57.677714,08:00:00,5.40049,1.70432,4.83018,-67.00838,-6.90288,-13.66202,2.97292,1.81072,64.18013,-8.70883,-1.090136,0.557993,NA,NA,NA,NA,NA,NA,NA,NA,NA,NA,NA,7.03886,-3.68847,-1.82225,50,5.67274,-1.79773,-100.64134,3.64232,7.26936,15.27276,-35.9833,CAR_EAG,ROA_STA,CarsonNewman,TeamExclusive,Team,20250929-CarsonNewman-Private-1,d779cea0-9d64-11f0-bac8-5ddf494ae676,67.55006,NA,NA,5.21578,NA,NA,NA,NA,NA,NA,d963aabb-c726-4912-9008-f618f1adb60d,2025-09-29,18:48:07,2025-09-29T18:48:07Z,2025-09-29T18:48:07Z,NA,v3,CNE,ROST,NA,"Cauthen, Cade",1000141057,Right,ROA_STA,b679a1be-168b-4882-b53d-6dd0fa07f446,55.67584,-101.49902,7.63638,5.41146,5.66304,-17.99165,-1.70983,-2.20595,3.63468,NA,NA,NA,NA,NA,NA,NA,NA,NA,NA,NA,NA,NA,NA,NA,NA,NA,NA,NA,NA,NA,NA,NA,NA,NA,NA,NA,NA,NA,NA,NA,NA,NA,NA,NA,NA,NA,NA,NA,NA,NA,NA,NA,NA,NA,NA,NA,NA,NA,NA,High,High,High,NA,NA,NA,NA,NA,45.727082,52.107432,1239.205361,0.614183,07:30:00,-0.771935,0.484843,0.41115,39.816562,49.354952,17.219518,-0.41411,129.845672,-0.583202,-44.334623,0.583202,-0.698848,0.41411,35.377123,-24.463278,0.698848,-0.698848,-129.845672,24.463278,0.41411,44.334623,-35.377123,-0.41411,0.698848,0.583202,-0.583202,NA,NA,NA,NA,NA,NA,NA,NA,NA,NA,NA,NA
NA,NA,NA,NA,NA,NA,NA,NA,NA,NA,NA,NA,NA,NA,NA,NA,78,2025-09-29,14:48:28,3,3,"Holmes, Connor",1000191481,Right,ROA_STA,"Floyd, Logan",1000148156,Right,CAR_EAG,Undefined,3,Bottom,2,2,0,Cutter,Slider,InPlay,Undefined,FlyBall,Out,1,0,NA,79.6678,-0.695586,-0.335244,2470.054502,126.104717,10:15:00,5.7195,1.29609,5.43094,-37.90199,5.90181,-6.61579,1.90948,0.43078,74.77916,-7.578007,-1.514016,0.476351,89.06847,46.672356,-2.118592,NA,109.96707,108.05358,2.68707,257.42244,227.4092,5.056929,5.791502,3.30095,3.43331,-1.26151,50,5.63103,0.92971,-115.96371,-2.67953,4.59575,17.12361,-27.39402,CAR_EAG,ROA_STA,CarsonNewman,TeamExclusive,Team,20250929-CarsonNewman-Private-1,e3937e70-9d64-11f0-bac8-5ddf494ae676,79.12741,124.03962,NA,4.88864,NA,NA,NA,1.7643,1.03721,-0.81437,d963aabb-c726-4912-9008-f618f1adb60d,2025-09-29,18:48:28,2025-09-29T18:48:28Z,2025-09-29T18:48:28Z,FlyBall,v3,CNE,ROST,NA,"Cauthen, Cade",1000141057,Right,ROA_STA,73f57bab-2346-4837-8f32-56f97392218d,55.07434,-116.7106,8.5618,5.72184,-1.48468,-13.69701,-1.29769,0.72926,2.29787,192.207353,1.76977,89.46762,-23.65431,6.27397,-1.10638,0.10780000000000001,-0.00176,-5.2e-4,3e-5,1.03593,95.04387,-20.90883,0.86379,0.25508,-0.16197,0.04197,-0.00532,2.6e-4,-0.81543,-3.28989,5.27526,-1.82991,0.40409,-0.05245,0.00228,2.2e-4,-2e-5,NA,NA,NA,NA,NA,NA,NA,NA,NA,NA,NA,NA,NA,NA,NA,NA,NA,NA,NA,NA,NA,NA,High,High,High,Medium,Low,NA,NA,NA,193.711622,69.976853,845.746037,0.3424,12:30:00,-0.94043,-0.092561,-0.327145,-33.276368,35.036758,-21.796739,-0.047343,150.050219,-0.865492,-29.91277,0.865492,-0.498681,0.047343,3.131019,-2.713586,0.498681,-0.498681,-150.050219,2.713586,0.047343,29.91277,-3.131019,-0.047343,0.498681,0.865492,-0.865492,NA,NA,NA,NA,NA,NA,NA,NA,NA,NA,NA,NA
NA,NA,NA,NA,NA,NA,NA,NA,NA,NA,NA,NA,NA,NA,NA,NA,79,2025-09-29,14:50:28,1,1,"Henderson, Christian",1000370202,Right,CAR_EAG,"Abshire, Sam",1000191464,Right,ROA_STA,Undefined,4,Top,0,0,0,Fastball,Four-Seam,StrikeCalled,Undefined,Undefined,Undefined,0,0,NA,90.93261,-3.037607,-2.272364,2184.234749,215.13716,01:15:00,5.87514,1.87107,5.03006,-20.98505,13.92965,9.03044,1.25523,0.47833,83.48412,-6.895627,-0.677747,0.425281,NA,NA,NA,NA,NA,NA,NA,NA,NA,NA,NA,-5.11142,8.06111,-1.66133,50,5.56769,4.80346,-131.72376,-7.78329,-9.01226,27.05879,-17.96098,CAR_EAG,ROA_STA,CarsonNewman,TeamExclusive,Team,20250929-CarsonNewman-Private-1,2b90c110-9d65-11f0-bac8-5ddf494ae676,88.62958,NA,NA,7.44849,NA,NA,NA,NA,NA,NA,d963aabb-c726-4912-9008-f618f1adb60d,2025-09-29,18:50:28,2025-09-29T18:50:28Z,2025-09-29T18:50:28Z,NA,v3,CNE,ROST,NA,"Cochran, Carson",10085797,Right,CAR_EAG,f8a658ef-db39-4a09-b732-504b44508866,55.47216,-132.84309,13.52939,5.8743,-7.0403,-8.98049,-1.86775,5.17627,-4.50613,NA,NA,NA,NA,NA,NA,NA,NA,NA,NA,NA,NA,NA,NA,NA,NA,NA,NA,NA,NA,NA,NA,NA,NA,NA,NA,NA,NA,NA,NA,NA,NA,NA,NA,NA,NA,NA,NA,NA,NA,NA,NA,NA,NA,NA,NA,NA,NA,NA,NA,High,High,High,NA,NA,NA,NA,NA,227.930205,24.071371,1994.289539,0.913038,01:30:00,-0.395349,-0.698436,-0.596561,-19.574432,32.753022,54.78891,-0.237838,158.941878,-0.906438,-20.426419,0.906438,-0.349004,0.237838,14.702303,-13.758994,0.349004,-0.349004,-158.941878,13.758994,0.237838,20.426419,-14.702303,-0.237838,0.349004,0.906438,-0.906438,NA,NA,NA,NA,NA,NA,NA,NA,NA,NA,NA,NA
NA,NA,NA,NA,NA,NA,NA,NA,NA,NA,NA,NA,NA,NA,NA,NA,80,2025-09-29,14:50:39,1,2,"Henderson, Christian",1000370202,Right,CAR_EAG,"Abshire, Sam",1000191464,Right,ROA_STA,Undefined,4,Top,0,0,1,Fastball,Four-Seam,StrikeCalled,Undefined,Undefined,Undefined,0,0,NA,90.18493,-1.671612,-1.889133,2220.906379,214.251659,01:15:00,5.7424,1.90075,5.14855,-20.97635,14.25406,8.96473,2.41923,0.86854,82.74073,-5.551123,-0.302623,0.427199,NA,NA,NA,NA,NA,NA,NA,NA,NA,NA,NA,-4.95764,7.87197,-1.7311,50,5.57005,3.89564,-130.81319,-4.58319,-8.6296,26.41853,-18.4716,CAR_EAG,ROA_STA,CarsonNewman,TeamExclusive,Team,20250929-CarsonNewman-Private-1,31b441c0-9d65-11f0-bac8-5ddf494ae676,88.23156,NA,NA,7.4442,NA,NA,NA,NA,NA,NA,d963aabb-c726-4912-9008-f618f1adb60d,2025-09-29,18:50:39,2025-09-29T18:50:39Z,2025-09-29T18:50:39Z,NA,v3,CNE,ROST,NA,"Cochran, Carson",10085797,Right,CAR_EAG,cf735afb-b8ee-40bd-b82c-6c5f0c99ed42,55.35256,-131.88975,13.20927,5.74148,-3.83048,-9.2358,-1.89701,4.2473,-4.3148,NA,NA,NA,NA,NA,NA,NA,NA,NA,NA,NA,NA,NA,NA,NA,NA,NA,NA,NA,NA,NA,NA,NA,NA,NA,NA,NA,NA,NA,NA,NA,NA,NA,NA,NA,NA,NA,NA,NA,NA,NA,NA,NA,NA,NA,NA,NA,NA,NA,NA,High,High,High,NA,NA,NA,NA,NA,226.202284,24.500901,2020.924307,0.909955,01:30:00,-0.415918,-0.668612,-0.616417,-40.333245,32.772245,27.107854,-0.262928,165.965628,-0.936016,-13.531008,0.936016,-0.233972,0.262928,15.690097,-15.243854,0.233972,-0.233972,-165.965628,15.243854,0.262928,13.531008,-15.690097,-0.262928,0.233972,0.936016,-0.936016,NA,NA,NA,NA,NA,NA,NA,NA,NA,NA,NA,NA
NA,NA,NA,NA,NA,NA,NA,NA,NA,NA,NA,NA,NA,NA,NA,NA,81,2025-09-29,14:50:50,1,3,"Henderson, Christian",1000370202,Right,CAR_EAG,"Abshire, Sam",1000191464,Right,ROA_STA,Undefined,4,Top,0,0,2,ChangeUp,Changeup,BallCalled,Undefined,Undefined,Undefined,0,0,NA,80.58093,1.099903,-2.273551,1557.487047,254.139305,02:30:00,5.5469,2.36562,5.45288,-38.27912,5.21559,13.8432,3.38764,1.38961,74.17779,-5.916178,0.189459,0.474668,NA,NA,NA,NA,NA,NA,NA,NA,NA,NA,NA,-7.53465,2.75339,-2.17456,50,5.61776,4.08436,-116.99451,0.94586,-10.5163,20.62601,-28.33109,CAR_EAG,ROA_STA,CarsonNewman,TeamExclusive,Team,20250929-CarsonNewman-Private-1,388ae5d0-9d65-11f0-bac8-5ddf494ae676,79.40806,NA,NA,6.40314,NA,NA,NA,NA,NA,NA,d963aabb-c726-4912-9008-f618f1adb60d,2025-09-29,18:50:50,2025-09-29T18:50:50Z,2025-09-29T18:50:50Z,NA,v3,CNE,ROST,NA,"Cochran, Carson",10085797,Right,CAR_EAG,6b717f81-93d1-46e0-9727-bee1ccd398fb,55.04962,-117.88139,10.31301,5.5509,2.16405,-14.16555,-2.3599,4.53654,-5.25815,NA,NA,NA,NA,NA,NA,NA,NA,NA,NA,NA,NA,NA,NA,NA,NA,NA,NA,NA,NA,NA,NA,NA,NA,NA,NA,NA,NA,NA,NA,NA,NA,NA,NA,NA,NA,NA,NA,NA,NA,NA,NA,NA,NA,NA,NA,NA,NA,NA,NA,High,High,High,NA,NA,NA,NA,NA,241.075842,20.219224,1461.510203,0.938377,02:00:00,-0.379035,-0.814539,-0.439157,4.405345,-36.076899,48.662257,0.955185,125.52902,-0.172015,13.939568,0.172015,-0.240898,-0.955185,79.791265,72.781954,0.240898,0.240898,-125.52902,-72.781954,0.955185,-13.939568,-79.791265,-0.955185,-0.240898,0.172015,-0.172015,NA,NA,NA,NA,NA,NA,NA,NA,NA,NA,NA,NA
NA,NA,NA,NA,NA,NA,NA,NA,NA,NA,NA,NA,NA,NA,NA,NA,82,2025-09-29,14:51:02,1,4,"Henderson, Christian",1000370202,Right,CAR_EAG,"Abshire, Sam",1000191464,Right,ROA_STA,Undefined,4,Top,0,1,2,Fastball,Four-Seam,BallCalled,Undefined,Undefined,Undefined,0,0,NA,89.5648,-3.724348,-4.004045,2329.135203,205.211213,12:45:00,5.84554,1.7599,5.14171,-17.52682,18.18749,8.06622,0.86449,-1.34438,82.80434,-6.965817,-2.581485,0.430123,NA,NA,NA,NA,NA,NA,NA,NA,NA,NA,NA,-4.97902,10.28658,-1.39061,50,5.48206,8.69656,-129.55473,-9.0581,-8.56979,23.8459,-14.46896,CAR_EAG,ROA_STA,CarsonNewman,TeamExclusive,Team,20250929-CarsonNewman-Private-1,3f7f2400-9d65-11f0-bac8-5ddf494ae676,87.6318,NA,NA,6.76046,NA,NA,NA,NA,NA,NA,d963aabb-c726-4912-9008-f618f1adb60d,2025-09-29,18:51:02,2025-09-29T18:51:02Z,2025-09-29T18:51:02Z,NA,v3,CNE,ROST,NA,"Cochran, Carson",10085797,Right,CAR_EAG,d6e801db-21fb-407a-9c2b-6e2d1634d63e,55.36011,-130.53758,11.92295,5.84312,-8.46173,-7.23448,-1.75634,9.04977,-4.2849,NA,NA,NA,NA,NA,NA,NA,NA,NA,NA,NA,NA,NA,NA,NA,NA,NA,NA,NA,NA,NA,NA,NA,NA,NA,NA,NA,NA,NA,NA,NA,NA,NA,NA,NA,NA,NA,NA,NA,NA,NA,NA,NA,NA,NA,NA,NA,NA,NA,NA,High,High,High,NA,NA,NA,NA,NA,225.316513,22.42518,2153.00245,0.924378,01:30:00,-0.382543,-0.680626,-0.624827,-34.938986,34.900016,37.163389,-0.272995,166.195192,-0.934227,-13.270654,0.934227,-0.229551,0.272995,16.289159,-15.842576,0.229551,-0.229551,-166.195192,15.842576,0.272995,13.270654,-16.289159,-0.272995,0.229551,0.934227,-0.934227,NA,NA,NA,NA,NA,NA,NA,NA,NA,NA,NA,NA
NA,NA,NA,NA,NA,NA,NA,NA,NA,NA,NA,NA,NA,NA,NA,NA,83,2025-09-29,14:51:17,1,5,"Henderson, Christian",1000370202,Right,CAR_EAG,"Abshire, Sam",1000191464,Right,ROA_STA,Undefined,4,Top,0,2,2,Fastball,Four-Seam,BallCalled,Undefined,Undefined,Undefined,0,0,NA,89.75326,-0.774721,-2.853187,2260.006036,218.403251,01:15:00,5.72487,1.8274,5.16175,-21.99619,13.58528,9.89768,3.16168,-0.03565,82.22889,-4.843716,-1.103431,0.429322,NA,NA,NA,NA,NA,NA,NA,NA,NA,NA,NA,-5.71941,7.31091,-1.56891,50,5.63595,6.03465,-130.16016,-2.5648,-9.85018,26.31885,-19.58294,CAR_EAG,ROA_STA,CarsonNewman,TeamExclusive,Team,20250929-CarsonNewman-Private-1,48af6f80-9d65-11f0-bac8-5ddf494ae676,87.79524,NA,NA,7.52436,NA,NA,NA,NA,NA,NA,d963aabb-c726-4912-9008-f618f1adb60d,2025-09-29,18:51:17,2025-09-29T18:51:17Z,2025-09-29T18:51:17Z,NA,v3,CNE,ROST,NA,"Cochran, Carson",10085797,Right,CAR_EAG,e3f5e4d0-7f4e-43e9-8c22-a551da51211f,55.3406,-131.2356,13.15942,5.7244,-1.76459,-9.79147,-1.82372,6.43715,-4.92509,NA,NA,NA,NA,NA,NA,NA,NA,NA,NA,NA,NA,NA,NA,NA,NA,NA,NA,NA,NA,NA,NA,NA,NA,NA,NA,NA,NA,NA,NA,NA,NA,NA,NA,NA,NA,NA,NA,NA,NA,NA,NA,NA,NA,NA,NA,NA,NA,NA,NA,High,High,High,NA,NA,NA,NA,NA,228.740983,26.649732,2019.914868,0.893765,01:30:00,-0.468204,-0.677879,-0.566803,-34.338533,36.794831,35.978045,-0.292537,162.776731,-0.913374,-16.447882,0.913374,-0.283143,0.292537,17.759295,-17.009887,0.283143,-0.283143,-162.776731,17.009887,0.292537,16.447882,-17.759295,-0.292537,0.283143,0.913374,-0.913374,NA,NA,NA,NA,NA,NA,NA,NA,NA,NA,NA,NA
NA,NA,NA,NA,NA,NA,NA,NA,NA,NA,NA,NA,NA,NA,NA,NA,84,2025-09-29,14:51:39,1,6,"Henderson, Christian",1000370202,Right,CAR_EAG,"Abshire, Sam",1000191464,Right,ROA_STA,Undefined,4,Top,0,3,2,Fastball,Four-Seam,BallCalled,Walk,Undefined,Undefined,0,0,NA,90.4046,-1.120966,-0.903554,2254.330023,215.236937,01:15:00,5.80445,1.68123,4.95343,-20.11092,15.3495,10.03245,3.06906,1.66342,82.4669,-4.851235,0.866182,0.428591,NA,NA,NA,NA,NA,NA,NA,NA,NA,NA,NA,-5.18618,8.23485,-1.6022,50,5.67971,1.58122,-131.08906,-3.3042,-9.01882,27.87149,-17.85357,CAR_EAG,ROA_STA,CarsonNewman,TeamExclusive,Team,20250929-CarsonNewman-Private-1,55716d40-9d65-11f0-bac8-5ddf494ae676,87.94492,NA,NA,7.9377,NA,NA,NA,NA,NA,NA,d963aabb-c726-4912-9008-f618f1adb60d,2025-09-29,18:51:39,2025-09-29T18:51:39Z,2025-09-29T18:51:39Z,NA,v3,CNE,ROST,NA,"Cochran, Carson",10085797,Right,CAR_EAG,55322ff1-b144-499f-af79-0ba34a924ba3,55.54633,-132.26303,13.93574,5.80305,-2.55219,-8.92679,-1.67681,1.9611,-4.50941,NA,NA,NA,NA,NA,NA,NA,NA,NA,NA,NA,NA,NA,NA,NA,NA,NA,NA,NA,NA,NA,NA,NA,NA,NA,NA,NA,NA,NA,NA,NA,NA,NA,NA,NA,NA,NA,NA,NA,NA,NA,NA,NA,NA,NA,NA,NA,NA,NA,NA,High,High,High,NA,NA,NA,NA,NA,226.219754,26.99277,2008.751891,0.891064,01:30:00,-0.450872,-0.652103,-0.609488,-17.875025,32.180527,46.818925,-0.174166,159.859312,-0.924501,-19.819853,0.924501,-0.339064,0.174166,10.668877,-10.030139,0.339064,-0.339064,-159.859312,10.030139,0.174166,19.819853,-10.668877,-0.174166,0.339064,0.924501,-0.924501,NA,NA,NA,NA,NA,NA,NA,NA,NA,NA,NA,NA
NA,NA,NA,NA,NA,NA,NA,NA,NA,NA,NA,NA,NA,NA,NA,NA,85,2025-09-29,14:52:42,2,1,"Henderson, Christian",1000370202,Right,CAR_EAG,"Cage, Evan",1000191468,Left,ROA_STA,Undefined,4,Top,0,0,0,Fastball,Four-Seam,FoulBallNotFieldable,Undefined,Undefined,Undefined,0,0,NA,89.46022,-1.624939,-3.530502,2260.325974,216.663908,01:15:00,5.96497,2.13705,4.9707,-20.52052,15.94603,10.94422,2.71666,-0.29012,81.25033,-5.438259,-1.604427,0.434629,35.04377,-27.979473,108.011339,NA,NA,NA,NA,5.18078,5.18076,89.799098,0.111641,-6.46863,8.73107,-1.80487,50,5.79142,7.47183,-129.43486,-4.41967,-10.91713,28.31757,-17.43861,CAR_EAG,ROA_STA,CarsonNewman,TeamExclusive,Team,20250929-CarsonNewman-Private-1,7af88350-9d65-11f0-bac8-5ddf494ae676,86.72325,2.73505,NA,8.20989,NA,NA,NA,1.61006,2.73505,0.28469,d963aabb-c726-4912-9008-f618f1adb60d,2025-09-29,18:52:42,2025-09-29T18:52:42Z,2025-09-29T18:52:42Z,GroundBall,v3,CNE,ROST,NA,"Cochran, Carson",10085797,Right,CAR_EAG,ad98a23f-7811-4118-9c45-9b00b1dca66b,55.53028,-130.63916,14.15879,5.96362,-3.67803,-8.7193,-2.1325,7.93612,-5.45857,NA,1.61409,-14.25914,NA,NA,NA,NA,NA,NA,NA,2.74198,-24.49884,NA,NA,NA,NA,NA,NA,NA,0.27229,43.85559,NA,NA,NA,NA,NA,NA,NA,NA,NA,NA,NA,NA,NA,NA,NA,NA,NA,NA,NA,NA,NA,NA,NA,NA,NA,NA,NA,NA,NA,High,High,High,Estimated,Estimated,NA,NA,NA,225.278604,22.217674,2092.505789,0.925754,01:30:00,-0.398754,-0.66824,-0.628053,-36.111907,27.019522,45.087367,-0.378713,155.279639,-0.8407,-22.770483,0.8407,-0.387041,0.378713,24.25033,-22.254008,0.387041,-0.387041,-155.279639,22.254008,0.378713,22.770483,-24.25033,-0.378713,0.387041,0.8407,-0.8407,NA,NA,NA,NA,NA,NA,NA,NA,NA,NA,NA,NA
NA,NA,NA,NA,NA,NA,NA,NA,NA,NA,NA,NA,NA,NA,NA,NA,86,2025-09-29,14:53:02,2,2,"Henderson, Christian",1000370202,Right,CAR_EAG,"Cage, Evan",1000191468,Left,ROA_STA,Undefined,4,Top,0,0,1,Fastball,Four-Seam,BallCalled,Undefined,Undefined,Undefined,0,0,NA,91.29379,-2.930004,-4.732582,2229.9195,210.302493,01:00:00,5.84117,2.33335,4.97551,-17.96532,16.92052,9.2367,1.56469,-1.37718,83.61697,-6.25887,-3.111349,0.425105,NA,NA,NA,NA,NA,NA,NA,NA,NA,NA,NA,-5.82209,9.48394,-1.88311,50,5.5428,10.473,-131.88181,-7.42148,-10.29603,26.96701,-15.4022,CAR_EAG,ROA_STA,CarsonNewman,TeamExclusive,Team,20250929-CarsonNewman-Private-1,86d9be00-9d65-11f0-bac8-5ddf494ae676,88.66619,NA,NA,7.67682,NA,NA,NA,NA,NA,NA,d963aabb-c726-4912-9008-f618f1adb60d,2025-09-29,18:53:02,2025-09-29T18:53:02Z,2025-09-29T18:53:02Z,NA,v3,CNE,ROST,NA,"Cochran, Carson",10085797,Right,CAR_EAG,f3e01839-9f12-4ecc-bc8c-5e5a7b76dbb6,55.52543,-133.00684,13.48351,5.83901,-6.77892,-7.7011,-2.32899,10.90254,-5.14802,NA,NA,NA,NA,NA,NA,NA,NA,NA,NA,NA,NA,NA,NA,NA,NA,NA,NA,NA,NA,NA,NA,NA,NA,NA,NA,NA,NA,NA,NA,NA,NA,NA,NA,NA,NA,NA,NA,NA,NA,NA,NA,NA,NA,NA,NA,NA,NA,NA,NA,High,High,High,NA,NA,NA,NA,NA,229.792582,16.149611,2141.923918,0.960539,01:45:00,-0.290626,-0.746834,-0.598143,-13.564386,34.330758,64.994172,-0.170836,160.865871,-0.930865,-18.84216,0.930865,-0.322962,0.170836,10.399409,-9.836421,0.322962,-0.322962,-160.865871,9.836421,0.170836,18.84216,-10.399409,-0.170836,0.322962,0.930865,-0.930865,NA,NA,NA,NA,NA,NA,NA,NA,NA,NA,NA,NA
NA,NA,NA,NA,NA,NA,NA,NA,NA,NA,NA,NA,NA,NA,NA,NA,87,2025-09-29,14:53:18,2,3,"Henderson, Christian",1000370202,Right,CAR_EAG,"Cage, Evan",1000191468,Left,ROA_STA,Undefined,4,Top,0,1,1,Slider,Curveball,InPlay,Undefined,GroundBall,Out,1,0,NA,79.44972,-0.026408,-2.826546,2397.125641,56.788545,08:00:00,5.70419,2.47516,4.90289,-48.67987,-3.31937,-6.88906,1.62253,-0.77444,74.25354,-8.736229,-4.039726,0.484742,54.22895,-50.738341,-58.318075,NA,NA,NA,NA,3.87825,3.10707,-9.305159,0.03009,2.78603,-1.3961,-2.19213,50,5.65986,5.97339,-115.38669,-1.83532,3.80912,18.63011,-34.08282,CAR_EAG,ROA_STA,CarsonNewman,TeamExclusive,Team,20250929-CarsonNewman-Private-1,90785bb0-9d65-11f0-bac8-5ddf494ae676,77.75778,1.86153,NA,5.19618,NA,NA,NA,3.02808,1.86153,0.66773,d963aabb-c726-4912-9008-f618f1adb60d,2025-09-29,18:53:18,2025-09-29T18:53:18Z,2025-09-29T18:53:18Z,GroundBall,v3,CNE,ROST,NA,"Cochran, Carson",10085797,Right,CAR_EAG,783cbdbd-5687-41bc-b6f8-0bcd4006f844,55.60348,-116.2879,9.31505,5.70876,-0.18661,-17.04141,-2.47663,5.78913,1.90456,NA,3.02749,26.55789,NA,NA,NA,NA,NA,NA,NA,1.8629,-61.86507,NA,NA,NA,NA,NA,NA,NA,0.66869,-43.03124,NA,NA,NA,NA,NA,NA,NA,NA,NA,NA,NA,NA,NA,NA,NA,NA,NA,NA,NA,NA,NA,NA,NA,NA,NA,NA,NA,NA,NA,High,High,High,Low,Low,NA,NA,NA,121.261476,85.986941,167.760069,0.069984,10:00:00,-0.998153,0.059363,0.012919,15.691347,55.373033,3.301518,0.106925,144.670935,-0.811167,35.096578,0.811167,-0.574956,-0.106925,7.50921,6.138076,0.574956,0.574956,-144.670935,-6.138076,0.106925,-35.096578,-7.50921,-0.106925,-0.574956,0.811167,-0.811167,NA,NA,NA,NA,NA,NA,NA,NA,NA,NA,NA,NA
NA,NA,NA,NA,NA,NA,NA,NA,NA,NA,NA,NA,NA,NA,NA,NA,88,2025-09-29,14:53:52,3,1,"Henderson, Christian",1000370202,Right,CAR_EAG,"Cauthen, Cade",1000141057,Right,ROA_STA,Undefined,4,Top,1,0,0,Fastball,Four-Seam,FoulBallNotFieldable,Undefined,Undefined,Undefined,0,0,NA,89.51642,-2.883483,-3.057701,2248.390892,198.739362,12:30:00,5.92768,2.06575,4.93756,-15.99867,20.12875,6.44555,1.86282,-0.28997,82.1666,-5.869847,-1.923686,0.432603,67.3002,35.77525,150.452575,4572.071267,NA,NA,NA,NA,26.58125,NA,NA,-4.00441,11.06591,-1.77379,50,5.63411,6.62283,-129.60778,-7.08523,-6.84935,25.67895,-13.24642,CAR_EAG,ROA_STA,CarsonNewman,TeamExclusive,Team,20250929-CarsonNewman-Private-1,a4c88db0-9d65-11f0-bac8-5ddf494ae676,87.12933,19.56302,NA,7.34983,NA,NA,NA,1.10776,1.86889,0.27458,d963aabb-c726-4912-9008-f618f1adb60d,2025-09-29,18:53:52,2025-09-29T18:53:52Z,2025-09-29T18:53:52Z,NA,v3,CNE,ROST,NA,"Cochran, Carson",10085797,Right,CAR_EAG,10476a84-0934-40a0-ad9e-c7ea8b2df84f,55.56454,-130.70562,12.83948,5.92492,-6.51891,-6.62321,-2.0632,6.91566,-3.42468,292.156661,1.10873,-69.70512,3.08245,NA,NA,NA,NA,NA,NA,1.87326,57.54116,-22.06232,NA,NA,NA,NA,NA,NA,0.28141,39.23552,-11.66312,NA,NA,NA,NA,NA,NA,NA,NA,NA,NA,NA,NA,NA,NA,NA,NA,NA,NA,NA,NA,NA,NA,NA,NA,NA,NA,NA,NA,High,High,High,High,Undefined,NA,NA,NA,224.39955,22.988975,2069.823729,0.92058,01:30:00,-0.392234,-0.662922,-0.63772,-13.744767,32.444147,58.644822,-0.217062,161.620044,-0.92636,-17.926651,0.92636,-0.307799,0.217062,13.187464,-12.536532,0.307799,-0.307799,-161.620044,12.536532,0.217062,17.926651,-13.187464,-0.217062,0.307799,0.92636,-0.92636,NA,NA,NA,NA,NA,NA,NA,NA,NA,NA,NA,NA
NA,NA,NA,NA,NA,NA,NA,NA,NA,NA,NA,NA,NA,NA,NA,NA,89,2025-09-29,14:54:15,3,2,"Henderson, Christian",1000370202,Right,CAR_EAG,"Cauthen, Cade",1000141057,Right,ROA_STA,Undefined,4,Top,0,0,1,Slider,Slider,BallCalled,Undefined,Undefined,Undefined,0,0,NA,79.74003,-0.038962,-3.310977,2710.178211,71.71793,08:30:00,5.6519,2.49055,4.94033,-46.42534,-1.72532,-8.46666,1.74624,-1.34784,75.00796,-8.336181,-4.800813,0.4812,NA,NA,NA,NA,NA,NA,NA,NA,NA,NA,NA,3.4941,-0.51492,-2.16101,50,5.6091,7.04806,-115.8318,-1.79277,4.85198,17.15359,-32.88907,CAR_EAG,ROA_STA,CarsonNewman,TeamExclusive,Team,20250929-CarsonNewman-Private-1,b258b0e0-9d65-11f0-bac8-5ddf494ae676,78.33015,NA,NA,4.73207,NA,NA,NA,NA,NA,NA,d963aabb-c726-4912-9008-f618f1adb60d,2025-09-29,18:54:15,2025-09-29T18:54:15Z,2025-09-29T18:54:15Z,NA,v3,CNE,ROST,NA,"Cochran, Carson",10085797,Right,CAR_EAG,539764fa-5598-4785-a586-1ab9f6868de5,55.56538,-116.65306,8.57679,5.65724,-0.21813,-16.44454,-2.49289,6.81576,2.42599,NA,NA,NA,NA,NA,NA,NA,NA,NA,NA,NA,NA,NA,NA,NA,NA,NA,NA,NA,NA,NA,NA,NA,NA,NA,NA,NA,NA,NA,NA,NA,NA,NA,NA,NA,NA,NA,NA,NA,NA,NA,NA,NA,NA,NA,NA,NA,NA,NA,NA,High,High,High,NA,NA,NA,NA,NA,87.182472,79.777512,480.978051,0.177471,09:00:00,-0.9821,0.176587,0.065555,-7.903813,63.073743,-20.088404,0.05327,149.720142,-0.862347,30.23237,0.862347,-0.503508,-0.05327,3.534873,3.053605,0.503508,0.503508,-149.720142,-3.053605,0.05327,-30.23237,-3.534873,-0.05327,-0.503508,0.862347,-0.862347,NA,NA,NA,NA,NA,NA,NA,NA,NA,NA,NA,NA
NA,NA,NA,NA,NA,NA,NA,NA,NA,NA,NA,NA,NA,NA,NA,NA,90,2025-09-29,14:54:55,3,3,"Henderson, Christian",1000370202,Right,CAR_EAG,"Cauthen, Cade",1000141057,Right,ROA_STA,Undefined,4,Top,1,1,1,Fastball,Four-Seam,BallCalled,Undefined,Undefined,Undefined,0,0,NA,90.18045,-1.620578,-2.325027,2370.020953,222.709696,01:30:00,5.84632,2.53805,5.0691,-19.23017,15.86536,13.71292,2.7141,1.48733,83.25629,-5.174785,0.097208,0.426381,NA,NA,NA,NA,NA,NA,NA,NA,NA,NA,NA,-7.37004,8.58748,-2.32848,50,5.67736,4.67141,-130.88247,-4.40394,-12.94102,24.44921,-17.09537,CAR_EAG,ROA_STA,CarsonNewman,TeamExclusive,Team,20250929-CarsonNewman-Private-1,ca9893a0-9d65-11f0-bac8-5ddf494ae676,88.40092,NA,NA,6.92416,NA,NA,NA,NA,NA,NA,d963aabb-c726-4912-9008-f618f1adb60d,2025-09-29,18:54:55,2025-09-29T18:54:55Z,2025-09-29T18:54:55Z,NA,v3,CNE,ROST,NA,"Cochran, Carson",10085797,Right,CAR_EAG,c8486062-a362-4b92-b738-45f5b013f0f4,55.43344,-131.89355,12.22461,5.84487,-3.69697,-8.54769,-2.53273,5.20658,-6.47051,NA,NA,NA,NA,NA,NA,NA,NA,NA,NA,NA,NA,NA,NA,NA,NA,NA,NA,NA,NA,NA,NA,NA,NA,NA,NA,NA,NA,NA,NA,NA,NA,NA,NA,NA,NA,NA,NA,NA,NA,NA,NA,NA,NA,NA,NA,NA,NA,NA,NA,High,High,High,NA,NA,NA,NA,NA,225.668131,22.123933,2195.51963,0.92637100000000006,01:30:00,-0.383689,-0.673023,-0.632316,-39.712902,30.823539,42.687704,-0.408181,160.162051,-0.858726,-18.047358,0.858726,-0.309803,0.408181,25.423309,-24.090634,0.309803,-0.309803,-160.162051,24.090634,0.408181,18.047358,-25.423309,-0.408181,0.309803,0.858726,-0.858726,NA,NA,NA,NA,NA,NA,NA,NA,NA,NA,NA,NA
NA,NA,NA,NA,NA,NA,NA,NA,NA,NA,NA,NA,NA,NA,NA,NA,91,2025-09-29,14:55:16,3,4,"Henderson, Christian",1000370202,Right,CAR_EAG,"Cauthen, Cade",1000141057,Right,ROA_STA,Undefined,4,Top,1,2,1,Slider,Curveball,BallCalled,Undefined,Undefined,Undefined,0,0,NA,78.33754,-0.226764,-3.138004,2438.964743,73.379915,08:30:00,5.65968,2.98716,4.91528,-47.34199,-0.62039,-6.26851,1.49977,-0.50542,73.13216,-8.70773,-4.241402,0.49196,NA,NA,NA,NA,NA,NA,NA,NA,NA,NA,NA,2.34795,0.1585,-2.67501,50,5.59772,6.49017,-113.68841,-2.17332,3.11533,18.15155,-31.96375,CAR_EAG,ROA_STA,CarsonNewman,TeamExclusive,Team,20250929-CarsonNewman-Private-1,d6b8ac10-9d65-11f0-bac8-5ddf494ae676,76.61681,NA,NA,5.20538,NA,NA,NA,NA,NA,NA,d963aabb-c726-4912-9008-f618f1adb60d,2025-09-29,18:55:16,2025-09-29T18:55:16Z,2025-09-29T18:55:16Z,NA,v3,CNE,ROST,NA,"Cochran, Carson",10085797,Right,CAR_EAG,7bf964e7-964b-400a-a502-d59c2be653a1,55.58865,-114.57722,9.07577,5.66582,-0.60817,-15.98188,-2.98907,6.33762,1.55766,NA,NA,NA,NA,NA,NA,NA,NA,NA,NA,NA,NA,NA,NA,NA,NA,NA,NA,NA,NA,NA,NA,NA,NA,NA,NA,NA,NA,NA,NA,NA,NA,NA,NA,NA,NA,NA,NA,NA,NA,NA,NA,NA,NA,NA,NA,NA,NA,NA,NA,High,High,High,NA,NA,NA,NA,NA,72.287535,80.949942,383.642639,0.157297,08:30:00,-0.984035,0.145931,0.101876,25.317451,65.240442,3.139988,0.179711,149.420916,-0.846911,30.029431,0.846911,-0.500445,-0.179711,11.980236,10.352941,0.500445,0.500445,-149.420916,-10.352941,0.179711,-30.029431,-11.980236,-0.179711,-0.500445,0.846911,-0.846911,NA,NA,NA,NA,NA,NA,NA,NA,NA,NA,NA,NA
NA,NA,NA,NA,NA,NA,NA,NA,NA,NA,NA,NA,NA,NA,NA,NA,92,2025-09-29,14:55:33,3,5,"Henderson, Christian",1000370202,Right,CAR_EAG,"Cauthen, Cade",1000141057,Right,ROA_STA,Undefined,4,Top,1,3,1,Fastball,Four-Seam,InPlay,Undefined,FlyBall,Triple,0,1,NA,89.64117,-1.613313,-3.435975,2326.377456,208.759521,01:00:00,5.85829,2.6169,5.19405,-18.67918,17.05233,8.73941,2.7809,0.10904,82.02739,-5.097795,-1.891738,0.430226,95.31997,26.529609,-12.103795,NA,107.78155,51.92885,-21.98037,367.01517,367.01517,-10.989,4.954813,-5.31536,9.29579,-2.30477,50,5.69465,7.40066,-129.87118,-4.30991,-9.1021,26.52763,-16.25586,CAR_EAG,ROA_STA,CarsonNewman,TeamExclusive,Team,20250929-CarsonNewman-Private-1,e1312f00-9d65-11f0-bac8-5ddf494ae676,87.61071,74.77014,NA,7.61379,NA,NA,NA,1.60693,2.91638,-0.09262,d963aabb-c726-4912-9008-f618f1adb60d,2025-09-29,18:55:33,2025-09-29T18:55:33Z,2025-09-29T18:55:33Z,FlyBall,v3,CNE,ROST,NA,"Cochran, Carson",10085797,Right,CAR_EAG,72e3b89f-b808-464e-b343-ff7b6de262e6,55.3081,-130.95093,13.26382,5.85661,-3.64825,-8.12793,-2.61354,7.77115,-4.55105,185.436205,1.60775,122.28505,-21.778,4.8092,-0.97679,0.19315,-0.03478,0.00426,-2.3e-4,2.91634,62.44566,-14.54376,0.46803,0.05396,-0.07718,0.02799,-0.00433,2.5e-4,-0.09323,-26.21248,5.82078,-1.38403,0.25135,-0.0343,0.00374,-3.5e-4,2e-5,NA,NA,NA,NA,NA,NA,NA,NA,NA,NA,NA,NA,NA,NA,NA,NA,NA,NA,NA,NA,NA,NA,High,High,High,High,Medium,NA,NA,NA,223.675944,25.916791,2092.413043,0.89943,01:30:00,-0.457639,-0.633186,-0.624213,-29.192084,35.511927,38.838112,-0.280754,164.843944,-0.926396,-14.532752,0.926396,-0.250933,0.280754,16.860002,-16.305231,0.250933,-0.250933,-164.843944,16.305231,0.280754,14.532752,-16.860002,-0.280754,0.250933,0.926396,-0.926396,NA,NA,NA,NA,NA,NA,NA,NA,NA,NA,NA,NA
NA,NA,NA,NA,NA,NA,NA,NA,NA,NA,NA,NA,NA,NA,NA,NA,93,2025-09-29,14:56:19,4,1,"Henderson, Christian",1000370202,Right,CAR_EAG,"Copley, Tanner",10031581,Right,ROA_STA,Undefined,4,Top,1,0,0,Fastball,Four-Seam,BallCalled,Undefined,Undefined,Undefined,0,0,NA,88.22012,0.020112,-6.131325,2361.543023,212.87906,01:00:00,5.84272,2.31476,5.38084,-19.50655,17.00072,10.32024,4.23614,-2.5951,81.31532,-3.605853,-4.314807,0.434872,NA,NA,NA,NA,NA,NA,NA,NA,NA,NA,NA,-6.6387,8.85123,-1.77134,50,5.83089,13.24327,-127.52625,-0.60388,-11.08718,22.75027,-17.39177,CAR_EAG,ROA_STA,CarsonNewman,TeamExclusive,Team,20250929-CarsonNewman-Private-1,fc40faa0-9d65-11f0-bac8-5ddf494ae676,86.67489,NA,NA,6.9048,NA,NA,NA,NA,NA,NA,d963aabb-c726-4912-9008-f618f1adb60d,2025-09-29,18:56:19,2025-09-29T18:56:19Z,2025-09-29T18:56:19Z,NA,v3,CNE,ROST,NA,"Cochran, Carson",10085797,Right,CAR_EAG,2417f59c-3e51-440a-a5d1-7171d14ce596,55.12146,-128.43665,11.37513,5.84113,0.09209,-8.69589,-2.31017,13.68695,-5.54359,NA,NA,NA,NA,NA,NA,NA,NA,NA,NA,NA,NA,NA,NA,NA,NA,NA,NA,NA,NA,NA,NA,NA,NA,NA,NA,NA,NA,73.05026,1.642858,0.703283,0.939575,-1.45412,4.0491,2.80926,-0.47801,5.36872,2.60486,64.57129,7.24426,-60.22737,-0.46974,72.41735,-3.40772,5.39016,14.91139,-13.79311,2.53712,-76.38706,10.2711,High,High,High,NA,NA,High,High,High,230.217773,29.877921,2047.667453,0.867089,01:45:00,-0.554796,-0.666167,-0.49842,-65.339182,29.769383,-1.630744,-0.350493,166.581966,-0.911,-12.552484,0.911,-0.217334,0.350493,21.04343,-20.51745,0.217334,-0.217334,-166.581966,20.51745,0.350493,12.552484,-21.04343,-0.350493,0.217334,0.911,-0.911,NA,NA,NA,NA,NA,NA,NA,NA,NA,NA,NA,NA
NA,NA,NA,NA,NA,NA,NA,NA,NA,NA,NA,NA,NA,NA,NA,NA,94,2025-09-29,14:56:38,4,2,"Henderson, Christian",1000370202,Right,CAR_EAG,"Copley, Tanner",10031581,Right,ROA_STA,Undefined,4,Top,1,1,0,Slider,Slider,InPlay,Undefined,FlyBall,Out,2,0,NA,77.74025,1.091746,-1.868039,2460.68722,78.714212,08:30:00,5.70966,2.5663,4.81614,-47.60396,-0.60677,-8.50182,2.77756,0.08758,73.15578,-7.42506,-3.363065,0.493409,78.36489,24.058076,-5.160941,2357.144341,109.80832,40.73257,-6.48395,272.85845,269.948,-0.113638,3.871397,3.85441,-0.25382,-2.37276,50,5.77621,4.02627,-113.06732,0.42941,5.11765,15.65525,-32.51104,CAR_EAG,ROA_STA,CarsonNewman,TeamExclusive,Team,20250929-CarsonNewman-Private-1,079f49b0-9d66-11f0-bac8-5ddf494ae676,76.39181,45.58442,NA,4.58447,NA,NA,NA,1.38645,2.87839,-0.07111,d963aabb-c726-4912-9008-f618f1adb60d,2025-09-29,18:56:38,2025-09-29T18:56:38Z,2025-09-29T18:56:38Z,LineDrive,v3,CNE,ROST,NA,"Cochran, Carson",10085797,Right,CAR_EAG,2e1a29a8-dc51-4013-9904-c5c1f8528b4e,55.69043,-113.85248,7.82762,5.71378,2.05996,-16.25552,-2.56825,3.76961,2.55883,195.43777,1.38586,104.54165,-16.53906,3.64492,-0.87204,0.24999,-0.06465,0.01021,-6.7e-4,2.87912,46.83706,-13.32755,0.20823,0.13743,-0.11678,0.04468,-0.00784,5.2e-4,-0.07088,-9.44783,4.30573,-0.92737,0.25634,-0.08792,0.02432,-0.00385,2.5e-4,NA,NA,NA,NA,NA,NA,NA,NA,NA,NA,NA,NA,NA,NA,NA,NA,NA,NA,NA,NA,NA,NA,High,High,High,High,High,NA,NA,NA,82.994768,78.845591,476.029136,0.193454,08:45:00,-0.975984,0.210668,0.055438,8.879297,59.48114,-10.346396,0.096857,146.13509,-0.82645,33.684321,0.82645,-0.554617,-0.096857,6.684344,5.558188,0.554617,0.554617,-146.13509,-5.558188,0.096857,-33.684321,-6.684344,-0.096857,-0.554617,0.82645,-0.82645,NA,NA,NA,NA,NA,NA,NA,NA,NA,NA,NA,NA
NA,NA,NA,NA,NA,NA,NA,NA,NA,NA,NA,NA,NA,NA,NA,NA,95,2025-09-29,15:00:08,1,1,"Holmes, Connor",1000191481,Right,ROA_STA,"Nathan, Cole",1000323259,Right,CAR_EAG,Undefined,4,Bottom,0,0,0,Fastball,Changeup,StrikeCalled,Undefined,Undefined,Undefined,0,0,NA,80.08849,-0.494105,2.365826,1668.348132,144.280273,10:45:00,5.94695,-0.82731,5.45141,-29.70541,14.62918,-9.49878,3.0085,0.59732,73.28223,-6.000294,0.676196,0.479229,NA,NA,NA,NA,NA,NA,NA,NA,NA,NA,NA,5.41099,7.93296,0.62495,50,5.88312,-4.41329,-116.15907,-1.94492,7.39659,21.65967,-21.33002,CAR_EAG,ROA_STA,CarsonNewman,TeamExclusive,Team,20250929-CarsonNewman-Private-1,851f4750-9d66-11f0-bac8-5ddf494ae676,78.65233,NA,NA,6.80626,NA,NA,NA,NA,NA,NA,d963aabb-c726-4912-9008-f618f1adb60d,2025-09-29,19:00:08,2025-09-29T19:00:08Z,2025-09-29T19:00:08Z,NA,v3,CNE,ROST,NA,"Cauthen, Cade",1000141057,Right,ROA_STA,6038797e-c424-486a-a408-bed9d2d2b4c5,55.0482,-117.0966,10.82983,5.94733,-1.02166,-10.66501,0.8229,-4.73345,3.6983,NA,NA,NA,NA,NA,NA,NA,NA,NA,NA,NA,NA,NA,NA,NA,NA,NA,NA,NA,NA,NA,NA,NA,NA,NA,NA,NA,NA,NA,NA,NA,NA,NA,NA,NA,NA,NA,NA,NA,NA,NA,NA,NA,NA,NA,NA,NA,NA,NA,NA,High,High,High,NA,NA,NA,NA,NA,150.862949,-18.039597,1586.336691,0.950843,11:00:00,0.339693,0.465619,-0.817195,-5.123194,-24.132602,64.72288,-0.020808,169.480048,-0.982979,-10.517648,0.982979,-0.182538,0.020808,1.212695,-1.192317,0.182538,-0.182538,-169.480048,1.192317,0.020808,10.517648,-1.212695,-0.020808,0.182538,0.982979,-0.982979,NA,NA,NA,NA,NA,NA,NA,NA,NA,NA,NA,NA
NA,NA,NA,NA,NA,NA,NA,NA,NA,NA,NA,NA,NA,NA,NA,NA,96,2025-09-29,15:00:23,1,2,"Holmes, Connor",1000191481,Right,ROA_STA,"Nathan, Cole",1000323259,Right,CAR_EAG,Undefined,4,Bottom,0,0,1,ChangeUp,Changeup,BallCalled,Undefined,Undefined,Undefined,0,0,NA,70.64689,1.905685,1.055365,1374.240125,132.843096,10:30:00,5.00594,-2.06808,5.44409,-44.41211,11.99162,-11.21024,3.09028,-2.01397,65.33491,-6.248301,-0.938873,0.540537,NA,NA,NA,NA,NA,NA,NA,NA,NA,NA,NA,5.89433,6.07071,1.98271,50,5.14388,-1.49425,-102.59924,2.11719,6.35183,15.23101,-25.63211,CAR_EAG,ROA_STA,CarsonNewman,TeamExclusive,Team,20250929-CarsonNewman-Private-1,8e0f7c90-9d66-11f0-bac8-5ddf494ae676,69.73149,NA,NA,5.31198,NA,NA,NA,NA,NA,NA,d963aabb-c726-4912-9008-f618f1adb60d,2025-09-29,19:00:23,2025-09-29T19:00:23Z,2025-09-29T19:00:23Z,NA,v3,CNE,ROST,NA,"Cauthen, Cade",1000141057,Right,ROA_STA,f85ef7b6-ea8c-4e94-a2e4-cfb4d4f4ec6e,55.05728,-103.34727,7.61551,5.00899,3.37604,-12.81605,2.06375,-1.8062,3.17592,NA,NA,NA,NA,NA,NA,NA,NA,NA,NA,NA,NA,NA,NA,NA,NA,NA,NA,NA,NA,NA,NA,NA,NA,NA,NA,NA,NA,NA,NA,NA,NA,NA,NA,NA,NA,NA,NA,NA,NA,NA,NA,NA,NA,NA,NA,NA,NA,NA,NA,High,High,High,NA,NA,NA,NA,NA,122.72624,-5.953407,1366.828255,0.994607,10:00:00,0.141369,0.832814,-0.535197,119.252503,-26.084881,14.966623,-0.929597,167.382948,-0.359677,-4.617868,0.359677,-0.08051,0.929597,68.847685,-68.372078,0.08051,-0.08051,-167.382948,68.372078,0.929597,4.617868,-68.847685,-0.929597,0.08051,0.359677,-0.359677,NA,NA,NA,NA,NA,NA,NA,NA,NA,NA,NA,NA
NA,NA,NA,NA,NA,NA,NA,NA,NA,NA,NA,NA,NA,NA,NA,NA,97,2025-09-29,15:00:43,1,3,"Holmes, Connor",1000191481,Right,ROA_STA,"Nathan, Cole",1000323259,Right,CAR_EAG,Undefined,4,Bottom,0,1,1,Fastball,Changeup,InPlay,Undefined,FlyBall,Out,1,0,NA,80.57184,-0.65533,1.954068,1840.085345,144.532895,10:45:00,5.83338,-0.90757,5.50773,-25.94033,17.75804,-11.65024,3.05842,-0.05019,73.6601,-5.499063,-0.120957,0.475778,91.99197,51.991949,6.439436,NA,107.11991,129.57536,25.00544,251.81578,115.75097,18.260822,6.116004,6.47138,9.5765,0.74518,50,5.75899,-3.53157,-116.92894,-2.13141,8.95224,22.21272,-18.92632,CAR_EAG,ROA_STA,CarsonNewman,TeamExclusive,Team,20250929-CarsonNewman-Private-1,9a109b50-9d66-11f0-bac8-5ddf494ae676,79.22279,144.52561,NA,6.91174,NA,NA,NA,1.44056,2.27743,0.10149,d963aabb-c726-4912-9008-f618f1adb60d,2025-09-29,19:00:43,2025-09-29T19:00:43Z,2025-09-29T19:00:43Z,FlyBall,v3,CNE,ROST,NA,"Cauthen, Cade",1000141057,Right,ROA_STA,00ce1904-10f8-4f69-9dd7-728a4da87c6e,54.99421,-117.87386,11.10636,5.83254,-1.3263,-9.46316,0.90351,-3.91239,4.47612,196.607708,1.44602,82.44607,-22.47605,5.65352,-0.77503,-0.00419,0.02009,-0.00277,1.2e-4,2.2724,106.37461,-24.21812,2.27827,-0.31959,0.00234,0.01263,-0.00246,1.4e-4,0.10238,9.31365,3.81945,-1.46693,0.28117,-0.01298,-0.00584,0.00111,-6e-5,NA,NA,NA,NA,NA,NA,NA,NA,NA,NA,NA,NA,NA,NA,NA,NA,NA,NA,NA,NA,NA,NA,High,High,High,Medium,Low,NA,NA,NA,148.912873,-8.108151,1821.69112,0.990004,11:00:00,0.164017,0.512759,-0.84272,0.54455,-18.454574,66.23717,0.048028,166.044085,-0.969362,13.939484,0.969362,-0.240897,-0.048028,2.836486,2.752888,0.240897,0.240897,-166.044085,-2.752888,0.048028,-13.939484,-2.836486,-0.048028,-0.240897,0.969362,-0.969362,NA,NA,NA,NA,NA,NA,NA,NA,NA,NA,NA,NA
NA,NA,NA,NA,NA,NA,NA,NA,NA,NA,NA,NA,NA,NA,NA,NA,98,2025-09-29,15:01:15,2,1,"Holmes, Connor",1000191481,Right,ROA_STA,"Kilgore, Tanner",814348,Right,CAR_EAG,Undefined,4,Bottom,1,0,0,Fastball,Changeup,BallCalled,Undefined,Undefined,Undefined,0,0,NA,81.35245,-1.195104,3.691086,1879.460931,134.772363,10:30:00,5.93769,-0.73145,5.36824,-27.3012,16.14965,-14.77717,2.53948,1.50296,73.98155,-6.272469,1.070685,0.474428,NA,NA,NA,NA,NA,NA,NA,NA,NA,NA,NA,8.46229,8.8889,0.41052,50,5.81124,-6.97995,-117.75731,-3.33174,11.82009,23.45553,-19.75803,CAR_EAG,ROA_STA,CarsonNewman,TeamExclusive,Team,20250929-CarsonNewman-Private-1,ad3b3910-9d66-11f0-bac8-5ddf494ae676,79.44813,NA,NA,7.37089,NA,NA,NA,NA,NA,NA,d963aabb-c726-4912-9008-f618f1adb60d,2025-09-29,19:01:15,2025-09-29T19:01:15Z,2025-09-29T19:01:15Z,NA,v3,CNE,ROST,NA,"Cauthen, Cade",1000141057,Right,ROA_STA,9457db92-e56b-4d6e-bb94-787e1b6d11e6,55.13139,-118.77501,11.72777,5.9372,-2.47446,-9.87902,0.7245,-7.49281,5.91005,NA,NA,NA,NA,NA,NA,NA,NA,NA,NA,NA,NA,NA,NA,NA,NA,NA,NA,NA,NA,NA,NA,NA,NA,NA,NA,NA,NA,NA,NA,NA,NA,NA,NA,NA,NA,NA,NA,NA,NA,NA,NA,NA,NA,NA,NA,NA,NA,NA,NA,High,High,High,NA,NA,NA,NA,NA,152.154376,-10.696174,1846.805661,0.982625,11:00:00,0.231556,0.462746,-0.855714,-2.709131,-11.439558,74.907774,-0.05807,160.855354,-0.943099,-19.111084,0.943099,-0.327401,0.05807,3.523453,-3.329034,0.327401,-0.327401,-160.855354,3.329034,0.05807,19.111084,-3.523453,-0.05807,0.327401,0.943099,-0.943099,NA,NA,NA,NA,NA,NA,NA,NA,NA,NA,NA,NA
NA,NA,NA,NA,NA,NA,NA,NA,NA,NA,NA,NA,NA,NA,NA,NA,99,2025-09-29,15:01:34,2,2,"Holmes, Connor",1000191481,Right,ROA_STA,"Kilgore, Tanner",814348,Right,CAR_EAG,Undefined,4,Bottom,1,1,0,ChangeUp,Changeup,FoulBallNotFieldable,Undefined,Undefined,Undefined,0,0,NA,72.67098,1.922767,3.548261,1464.896052,145.39177,10:45:00,5.10407,-1.935,5.6944,-38.27537,15.65383,-9.53457,3.71055,0.5816,65.86531,-5.219437,1.849426,0.528547,59.81719,75.879479,-70.147132,NA,NA,NA,NA,NA,16.45982,NA,NA,5.94071,7.89119,1.64263,50,5.24235,-6.18864,-105.20035,2.4781,6.60147,19.24994,-23.40519,CAR_EAG,ROA_STA,CarsonNewman,TeamExclusive,Team,20250929-CarsonNewman-Private-1,b8078150-9d66-11f0-bac8-5ddf494ae676,71.31334,60.78587,NA,6.80567,NA,NA,NA,2.5954,3.81644,-0.54316,d963aabb-c726-4912-9008-f618f1adb60d,2025-09-29,19:01:34,2025-09-29T19:01:34Z,2025-09-29T19:01:34Z,NA,v3,CNE,ROST,NA,"Cauthen, Cade",1000141057,Right,ROA_STA,e5c3c58f-c32b-4a72-9a8f-7a355e7d5fdd,54.80586,-106.0761,9.62497,5.10539,3.54288,-11.7026,1.93101,-6.48896,3.30073,NA,2.5954,7.26958,-6.95042,0.40178,-1.50263,3.89358,-5.77375,4.32647,-1.2539,3.81644,85.08083,-18.61034,1.22602,-0.05404,-0.17444,0.2779,-0.16949,0.03007,-0.54316,-20.13127,1.32342,-0.224,0.14772,-0.3321,0.48933,-0.37164,0.11018,NA,NA,NA,NA,NA,NA,NA,NA,NA,NA,NA,NA,NA,NA,NA,NA,NA,NA,NA,NA,NA,NA,High,High,High,Medium,Undefined,NA,NA,NA,128.227991,-9.478718,1444.895588,0.986347,10:15:00,0.227994,0.768868,-0.597379,109.453708,-27.660285,15.638559,-0.911713,165.797201,-0.398269,-5.785146,0.398269,-0.100798,0.911713,66.402549,-65.743201,0.100798,-0.100798,-165.797201,65.743201,0.911713,5.785146,-66.402549,-0.911713,0.100798,0.398269,-0.398269,NA,NA,NA,NA,NA,NA,NA,NA,NA,NA,NA,NA
NA,NA,NA,NA,NA,NA,NA,NA,NA,NA,NA,NA,NA,NA,NA,NA,100,2025-09-29,15:02:10,2,3,"Holmes, Connor",1000191481,Right,ROA_STA,"Kilgore, Tanner",814348,Right,CAR_EAG,Undefined,4,Bottom,1,1,1,Fastball,Changeup,BallCalled,Undefined,Undefined,Undefined,0,0,NA,79.75631,-1.388328,4.060866,1707.105408,149.874514,11:00:00,5.78901,-0.55737,5.56846,-29.6221,15.66804,-8.12752,2.02004,2.56528,72.07854,-6.915093,2.61587,0.484366,NA,NA,NA,NA,NA,NA,NA,NA,NA,NA,NA,5.37595,8.84252,0.21195,50,5.64993,-7.85802,-115.29889,-3.70195,7.13683,24.19964,-20.43515,CAR_EAG,ROA_STA,CarsonNewman,TeamExclusive,Team,20250929-CarsonNewman-Private-1,cdcd8a70-9d66-11f0-bac8-5ddf494ae676,77.81814,NA,NA,7.67777,NA,NA,NA,NA,NA,NA,d963aabb-c726-4912-9008-f618f1adb60d,2025-09-29,19:02:10,2025-09-29T19:02:10Z,2025-09-29T19:02:10Z,NA,v3,CNE,ROST,NA,"Cauthen, Cade",1000141057,Right,ROA_STA,d6ef97b2-73f7-4489-b6f2-b00e4b189ec2,54.92912,-116.32885,12.09982,5.78898,-2.83221,-10.21758,0.55286,-8.16177,3.56842,NA,NA,NA,NA,NA,NA,NA,NA,NA,NA,NA,NA,NA,NA,NA,NA,NA,NA,NA,NA,NA,NA,NA,NA,NA,NA,NA,NA,NA,NA,NA,NA,NA,NA,NA,NA,NA,NA,NA,NA,NA,NA,NA,NA,NA,NA,NA,NA,NA,NA,High,High,High,NA,NA,NA,NA,NA,151.21395,-20.767109,1596.193703,0.935029,11:00:00,0.400727,0.458713,-0.793095,-4.287688,-24.442914,65.351408,-0.100736,168.188731,-0.973848,-11.750328,0.973848,-0.203647,0.100736,5.905753,-5.781567,0.203647,-0.203647,-168.188731,5.781567,0.100736,11.750328,-5.905753,-0.100736,0.203647,0.973848,-0.973848,NA,NA,NA,NA,NA,NA,NA,NA,NA,NA,NA,NA
NA,NA,NA,NA,NA,NA,NA,NA,NA,NA,NA,NA,NA,NA,NA,NA,101,2025-09-29,15:02:27,2,4,"Holmes, Connor",1000191481,Right,ROA_STA,"Kilgore, Tanner",814348,Right,CAR_EAG,Undefined,4,Bottom,1,2,1,Fastball,Changeup,FoulBallNotFieldable,Undefined,Undefined,Undefined,0,0,NA,79.63758,-0.384985,2.400902,1886.445591,148.861197,11:00:00,5.84953,-0.91543,5.68657,-25.28718,20.07143,-11.07339,3.38309,0.40103,71.33401,-5.193317,0.423267,0.484731,NA,NA,NA,NA,NA,NA,NA,NA,NA,NA,NA,6.46685,10.82016,0.72041,50,5.80181,-4.40323,-115.31319,-1.48065,8.51607,25.83632,-17.92518,CAR_EAG,ROA_STA,CarsonNewman,TeamExclusive,Team,20250929-CarsonNewman-Private-1,d7b5b440-9d66-11f0-bac8-5ddf494ae676,77.75943,NA,NA,8.30356,NA,NA,NA,NA,NA,NA,d963aabb-c726-4912-9008-f618f1adb60d,2025-09-29,19:02:27,2025-09-29T19:02:27Z,2025-09-29T19:02:27Z,NA,v3,CNE,ROST,NA,"Cauthen, Cade",1000141057,Right,ROA_STA,d3ea102d-e243-4be8-8f75-cd55e32e7132,54.81217,-116.38638,12.91816,5.84785,-0.73607,-8.96259,0.91066,-4.75697,4.25803,NA,NA,NA,NA,NA,NA,NA,NA,NA,NA,NA,NA,NA,NA,NA,NA,NA,NA,NA,NA,NA,NA,NA,NA,NA,NA,NA,NA,NA,NA,NA,NA,NA,NA,NA,NA,NA,NA,NA,NA,NA,NA,NA,NA,NA,NA,NA,NA,NA,NA,High,High,High,NA,NA,NA,NA,NA,152.98767900000001,-17.557681,1798.563145,0.953414,11:00:00,0.33407,0.435041,-0.836144,7.019029,-20.962318,52.415656,-0.118585,167.573326,-0.969681,-12.337605,0.969681,-0.213672,0.118585,6.972241,-6.810449,0.213672,-0.213672,-167.573326,6.810449,0.118585,12.337605,-6.972241,-0.118585,0.213672,0.969681,-0.969681,NA,NA,NA,NA,NA,NA,NA,NA,NA,NA,NA,NA
NA,NA,NA,NA,NA,NA,NA,NA,NA,NA,NA,NA,NA,NA,NA,NA,102,2025-09-29,15:03:00,2,5,"Holmes, Connor",1000191481,Right,ROA_STA,"Kilgore, Tanner",814348,Right,CAR_EAG,Undefined,4,Bottom,1,2,2,Slider,Slider,BallCalled,Undefined,Undefined,Undefined,0,0,NA,67.90467,1.711302,-0.617975,1514.605593,224.429835,01:30:00,5.44074,-1.54537,5.40894,-53.80235,8.5463,6.26418,2.56121,-1.6024,61.82678,-8.179504,0.496593,0.568309,NA,NA,NA,NA,NA,NA,NA,NA,NA,NA,NA,-3.3111,4.45099,1.59595,50,5.55614,0.84149,-98.40526,1.39899,-3.2146,17.05881,-27.85277,CAR_EAG,ROA_STA,CarsonNewman,TeamExclusive,Team,20250929-CarsonNewman-Private-1,eb55d020-9d66-11f0-bac8-5ddf494ae676,66.32379,NA,NA,6.07789,NA,NA,NA,NA,NA,NA,d963aabb-c726-4912-9008-f618f1adb60d,2025-09-29,19:03:00,2025-09-29T19:03:00Z,2025-09-29T19:03:00Z,NA,v3,CNE,ROST,NA,"Cauthen, Cade",1000141057,Right,ROA_STA,5556b057-f423-45d2-a214-1a4e2bd2cd8b,55.08902,-99.28353,8.5294,5.4472,2.83299,-13.92638,1.54837,1.00699,-1.6073,NA,NA,NA,NA,NA,NA,NA,NA,NA,NA,NA,NA,NA,NA,NA,NA,NA,NA,NA,NA,NA,NA,NA,NA,NA,NA,NA,NA,NA,NA,NA,NA,NA,NA,NA,NA,NA,NA,NA,NA,NA,NA,NA,NA,NA,NA,NA,NA,NA,NA,High,High,High,NA,NA,NA,NA,NA,334.495177,-69.379889,533.398946,0.35217,05:15:00,0.934364,-0.179523,0.307791,62.872161,-37.373953,-5.615327,-0.334137,94.461107,-0.073312,-69.996073,0.073312,-0.939669,0.334137,77.625008,-19.520039,0.939669,-0.939669,-94.461107,19.520039,0.334137,69.996073,-77.625008,-0.334137,0.939669,0.073312,-0.073312,NA,NA,NA,NA,NA,NA,NA,NA,NA,NA,NA,NA
NA,NA,NA,NA,NA,NA,NA,NA,NA,NA,NA,NA,NA,NA,NA,NA,103,2025-09-29,15:03:21,2,6,"Holmes, Connor",1000191481,Right,ROA_STA,"Kilgore, Tanner",814348,Right,CAR_EAG,Undefined,4,Bottom,1,3,2,ChangeUp,Changeup,FoulBallNotFieldable,Undefined,Undefined,Undefined,0,0,NA,71.17453,0.638633,2.059958,1432.055422,137.424588,10:30:00,5.07361,-1.91735,5.45587,-42.58817,13.33426,-10.6663,2.12286,-0.87696,65.5073,-7.196669,0.161809,0.538226,54.31759,47.282833,160.866613,4304.536488,NA,NA,NA,NA,31.29701,NA,NA,5.97122,7.04481,1.74333,50,5.10074,-3.34499,-103.31038,-0.08188,6.47303,16.72151,-24.5372,CAR_EAG,ROA_STA,CarsonNewman,TeamExclusive,Team,20250929-CarsonNewman-Private-1,f86578b0-9d66-11f0-bac8-5ddf494ae676,70.03091,29.57736,NA,5.66723,NA,NA,NA,2.67273,2.38001,0.90259,d963aabb-c726-4912-9008-f618f1adb60d,2025-09-29,19:03:21,2025-09-29T19:03:21Z,2025-09-29T19:03:21Z,NA,v3,CNE,ROST,NA,"Cauthen, Cade",1000141057,Right,ROA_STA,58d50fe4-8957-4cab-a591-7b44dbaf8059,55.04626,-104.12395,8.36075,5.07568,1.11196,-12.2686,1.91374,-3.65993,3.23651,355.19174400000003,2.67273,-51.058,1.00692,0.90025,-1.21253,3.88044,-7.21346,6.76598,-2.54498,2.38001,58.53143,-26.17059,2.98682,-1.68742,4.26818,-7.70957,7.13376,-2.66062,0.90259,17.71376,-1.10006,-0.09305,0.22267,-0.74542,1.39664,-1.31741,0.4973,NA,NA,NA,NA,NA,NA,NA,NA,NA,NA,NA,NA,NA,NA,NA,NA,NA,NA,NA,NA,NA,NA,High,High,High,High,Undefined,NA,NA,NA,120.016491,-4.389848,1427.854245,0.997066,10:00:00,0.104034,0.862434,-0.495362,117.965101,-14.620837,12.582431,-0.871864,161.542391,-0.464555,-8.920027,0.464555,-0.155056,0.871864,61.950004,-60.67597,0.155056,-0.155056,-161.542391,60.67597,0.871864,8.920027,-61.950004,-0.871864,0.155056,0.464555,-0.464555,NA,NA,NA,NA,NA,NA,NA,NA,NA,NA,NA,NA
NA,NA,NA,NA,NA,NA,NA,NA,NA,NA,NA,NA,NA,NA,NA,NA,104,2025-09-29,15:03:43,2,7,"Holmes, Connor",1000191481,Right,ROA_STA,"Kilgore, Tanner",814348,Right,CAR_EAG,Undefined,4,Bottom,1,3,2,Slider,Curveball,BallCalled,Walk,Undefined,Undefined,0,0,NA,68.21628,3.772951,0.228199,1535.788861,323.0347,04:45:00,5.65428,-1.31522,5.53167,-59.17062,1.81398,0.04512,4.25557,-1.09814,62.53558,-7.069535,0.236232,0.562059,NA,NA,NA,NA,NA,NA,NA,NA,NA,NA,NA,0.03988,0.48858,1.29536,50,5.94322,-0.39534,-98.87023,4.81083,0.03955,15.56298,-31.68976,CAR_EAG,ROA_STA,CarsonNewman,TeamExclusive,Team,20250929-CarsonNewman-Private-1,04ffca30-9d67-11f0-bac8-5ddf494ae676,67.06141,NA,NA,5.6807,NA,NA,NA,NA,NA,NA,d963aabb-c726-4912-9008-f618f1adb60d,2025-09-29,19:03:43,2025-09-29T19:03:43Z,2025-09-29T19:03:43Z,NA,v3,CNE,ROST,NA,"Cauthen, Cade",1000141057,Right,ROA_STA,3394a3e2-5b81-42e3-9bc7-b0ae70f4a85c,54.96986,-99.64946,7.78149,5.66263,6.39751,-15.84488,1.31521,-0.39732,0.01977,NA,NA,NA,NA,NA,NA,NA,NA,NA,NA,NA,NA,NA,NA,NA,NA,NA,NA,NA,NA,NA,NA,NA,NA,NA,NA,NA,NA,NA,NA,NA,NA,NA,NA,NA,NA,NA,NA,NA,NA,NA,NA,NA,NA,NA,NA,NA,NA,NA,NA,High,High,High,NA,NA,NA,NA,NA,349.647652,-71.753697,480.859385,0.313103,05:45:00,0.942724,-0.118637,0.311763,-90.016383,-4.024815,64.21265,-0.289546,160.195286,-0.900551,-18.923283,0.900551,-0.324302,0.289546,17.823712,-16.830796,0.324302,-0.324302,-160.195286,16.830796,0.289546,18.923283,-17.823712,-0.289546,0.324302,0.900551,-0.900551,NA,NA,NA,NA,NA,NA,NA,NA,NA,NA,NA,NA
NA,NA,NA,NA,NA,NA,NA,NA,NA,NA,NA,NA,NA,NA,NA,NA,105,2025-09-29,15:04:08,3,1,"Holmes, Connor",1000191481,Right,ROA_STA,"Vaughn, Peyton",10120035,Left,CAR_EAG,Undefined,4,Bottom,1,0,0,Fastball,Changeup,BallCalled,Undefined,Undefined,Undefined,0,0,NA,77.10175,-0.449415,3.278388,1865.907548,166.291269,11:30:00,5.76504,-1.34327,5.6038,-28.22482,19.12036,-4.31603,2.99272,1.36098,70.97203,-5.702604,2.510034,0.495233,NA,NA,NA,NA,NA,NA,NA,NA,NA,NA,NA,3.01992,10.23567,1.06506,50,5.7083,-6.2406,-111.82172,-1.69501,3.85111,18.8128,-19.1212,CAR_EAG,ROA_STA,CarsonNewman,TeamExclusive,Team,20250929-CarsonNewman-Private-1,143204a0-9d67-11f0-bac8-5ddf494ae676,76.11058,NA,NA,6.12972,NA,NA,NA,NA,NA,NA,d963aabb-c726-4912-9008-f618f1adb60d,2025-09-29,19:04:08,2025-09-29T19:04:08Z,2025-09-29T19:04:08Z,NA,v3,CNE,ROST,NA,"Cauthen, Cade",1000141057,Right,ROA_STA,e4c558e8-72c9-41f3-ad52-8cc0b882b6cd,54.89578,-112.64237,9.4064,5.76405,-0.86091,-9.5606,1.34095,-6.4086,1.92555,NA,NA,NA,NA,NA,NA,NA,NA,NA,NA,NA,NA,NA,NA,NA,NA,NA,NA,NA,NA,NA,NA,NA,NA,NA,NA,NA,NA,NA,NA,NA,NA,NA,NA,NA,NA,NA,NA,NA,NA,NA,NA,NA,NA,NA,NA,NA,NA,NA,NA,High,High,High,NA,NA,NA,NA,NA,156.65995,-18.761171,1766.767108,0.946867,11:15:00,0.367868,0.377648,-0.849738,5.453833,-24.34711,54.975771,-0.178463,172.775394,-0.976135,-7.108023,0.976135,-0.12374,0.178463,10.360741,-10.280246,0.12374,-0.12374,-172.775394,10.280246,0.178463,7.108023,-10.360741,-0.178463,0.12374,0.976135,-0.976135,NA,NA,NA,NA,NA,NA,NA,NA,NA,NA,NA,NA
NA,NA,NA,NA,NA,NA,NA,NA,NA,NA,NA,NA,NA,NA,NA,NA,106,2025-09-29,15:04:23,3,2,"Holmes, Connor",1000191481,Right,ROA_STA,"Vaughn, Peyton",10120035,Left,CAR_EAG,Undefined,4,Bottom,1,1,0,Fastball,Changeup,BallCalled,Undefined,Undefined,Undefined,0,0,NA,79.75852,-1.90505,2.768489,1899.506739,164.589461,11:30:00,5.7691,-1.18965,5.60594,-24.21588,19.91182,-5.12662,1.96996,0.9696,73.66288,-6.41413,1.854714,0.478109,NA,NA,NA,NA,NA,NA,NA,NA,NA,NA,NA,3.29,10.97776,0.9559,50,5.5902,-5.3964,-115.71912,-4.565,4.50367,19.66556,-17.14661,CAR_EAG,ROA_STA,CarsonNewman,TeamExclusive,Team,20250929-CarsonNewman-Private-1,1d4a8260-9d67-11f0-bac8-5ddf494ae676,78.83647,NA,NA,6.09564,NA,NA,NA,NA,NA,NA,d963aabb-c726-4912-9008-f618f1adb60d,2025-09-29,19:04:23,2025-09-29T19:04:23Z,2025-09-29T19:04:23Z,NA,v3,CNE,ROST,NA,"Cauthen, Cade",1000141057,Right,ROA_STA,bf146e2e-5f00-4e77-9060-df9994de305b,54.89502,-116.54803,9.83278,5.76738,-3.84228,-8.57331,1.18736,-5.58623,2.25184,NA,NA,NA,NA,NA,NA,NA,NA,NA,NA,NA,NA,NA,NA,NA,NA,NA,NA,NA,NA,NA,NA,NA,NA,NA,NA,NA,NA,NA,NA,NA,NA,NA,NA,NA,NA,NA,NA,NA,NA,NA,NA,NA,NA,NA,NA,NA,NA,NA,NA,High,High,High,NA,NA,NA,NA,NA,154.935893,-15.238204,1832.722845,0.964841,11:15:00,0.291023,0.417249,-0.860935,-0.613873,-16.982965,71.430395,-0.132087,167.4319,-0.967486,-12.456203,0.967486,-0.215693,0.132087,7.774307,-7.590218,0.215693,-0.215693,-167.4319,7.590218,0.132087,12.456203,-7.774307,-0.132087,0.215693,0.967486,-0.967486,NA,NA,NA,NA,NA,NA,NA,NA,NA,NA,NA,NA
NA,NA,NA,NA,NA,NA,NA,NA,NA,NA,NA,NA,NA,NA,NA,NA,107,2025-09-29,15:04:40,3,3,"Holmes, Connor",1000191481,Right,ROA_STA,"Vaughn, Peyton",10120035,Left,CAR_EAG,Undefined,4,Bottom,1,2,0,Slider,Curveball,BallCalled,Undefined,Undefined,Undefined,0,0,NA,67.17438,-0.363991,1.213982,1766.091519,320.080682,04:45:00,5.61753,-1.58157,5.43245,-61.83133,0.50969,1.0339,0.12395,-0.35829,63.02006,-11.51992,1.398596,0.568275,NA,NA,NA,NA,NA,NA,NA,NA,NA,NA,NA,-0.2213,0.83791,1.47323,50,5.54185,-2.10313,-97.65795,-2.40176,-0.21581,13.97304,-31.35696,CAR_EAG,ROA_STA,CarsonNewman,TeamExclusive,Team,20250929-CarsonNewman-Private-1,272d06e0-9d67-11f0-bac8-5ddf494ae676,66.32786,NA,NA,4.15431,NA,NA,NA,NA,NA,NA,d963aabb-c726-4912-9008-f618f1adb60d,2025-09-29,19:04:40,2025-09-29T19:04:40Z,2025-09-29T19:04:40Z,NA,v3,CNE,ROST,NA,"Cauthen, Cade",1000141057,Right,ROA_STA,c4e26d21-b58d-4d04-971c-ffee9733d53c,55.07222,-98.38101,6.98652,5.62415,-0.77913,-15.67848,1.58177,-2.09196,-0.10791,NA,NA,NA,NA,NA,NA,NA,NA,NA,NA,NA,NA,NA,NA,NA,NA,NA,NA,NA,NA,NA,NA,NA,NA,NA,NA,NA,NA,NA,NA,NA,NA,NA,NA,NA,NA,NA,NA,NA,NA,NA,NA,NA,NA,NA,NA,NA,NA,NA,NA,High,High,High,NA,NA,NA,NA,NA,350.091754,-75.107931,453.883804,0.256999,05:45:00,0.961092,-0.038082,0.273589,-84.489929,4.654546,68.131531,-0.384969,161.067846,-0.873002,-17.424145,0.873002,-0.299443,0.384969,23.796118,-22.641825,0.299443,-0.299443,-161.067846,22.641825,0.384969,17.424145,-23.796118,-0.384969,0.299443,0.873002,-0.873002,NA,NA,NA,NA,NA,NA,NA,NA,NA,NA,NA,NA
NA,NA,NA,NA,NA,NA,NA,NA,NA,NA,NA,NA,NA,NA,NA,NA,108,2025-09-29,15:05:09,3,4,"Holmes, Connor",1000191481,Right,ROA_STA,"Benner, Seth",1000370212,Right,CAR_EAG,Undefined,4,Bottom,1,3,0,Fastball,Changeup,StrikeCalled,Undefined,Undefined,Undefined,0,0,NA,79.43,-0.791681,1.900304,1869.425165,143.024201,10:45:00,5.77723,-1.33802,5.48427,-29.00769,15.58489,-10.75091,2.61873,-0.45526,73.35997,-6.153136,-0.014232,0.480621,NA,NA,NA,NA,NA,NA,NA,NA,NA,NA,NA,5.88453,8.4676,1.17873,50,5.68813,-3.40238,-115.35854,-2.50368,8.00705,19.49649,-20.65222,CAR_EAG,ROA_STA,CarsonNewman,TeamExclusive,Team,20250929-CarsonNewman-Private-1,38935f60-9d67-11f0-bac8-5ddf494ae676,78.42443,NA,NA,6.07002,NA,NA,NA,NA,NA,NA,d963aabb-c726-4912-9008-f618f1adb60d,2025-09-29,19:05:09,2025-09-29T19:05:09Z,2025-09-29T19:05:09Z,NA,v3,CNE,ROST,NA,"Cauthen, Cade",1000141057,Right,ROA_STA,a75a479c-0103-461e-8936-eeca45e380ab,55.01698,-116.20336,9.74825,5.77723,-1.60879,-10.32611,1.33367,-3.74934,4.00352,NA,NA,NA,NA,NA,NA,NA,NA,NA,NA,NA,NA,NA,NA,NA,NA,NA,NA,NA,NA,NA,NA,NA,NA,NA,NA,NA,NA,NA,NA,NA,NA,NA,NA,NA,NA,NA,NA,NA,NA,NA,NA,NA,NA,NA,NA,NA,NA,NA,NA,High,High,High,NA,NA,NA,NA,NA,149.134002,-8.008432,1851.193737,0.990248,11:00:00,0.1604,0.509905,-0.845144,3.342793,-18.84944,70.243523,-0.035316,166.564767,-0.972026,-13.426695,0.972026,-0.232201,0.035316,2.080759,-2.023863,0.232201,-0.232201,-166.564767,2.023863,0.035316,13.426695,-2.080759,-0.035316,0.232201,0.972026,-0.972026,NA,NA,NA,NA,NA,NA,NA,NA,NA,NA,NA,NA
NA,NA,NA,NA,NA,NA,NA,NA,NA,NA,NA,NA,NA,NA,NA,NA,109,2025-09-29,15:05:38,3,5,"Holmes, Connor",1000191481,Right,ROA_STA,"Benner, Seth",1000370212,Right,CAR_EAG,Undefined,4,Bottom,1,3,1,Slider,Curveball,BallCalled,Walk,Undefined,Undefined,0,0,NA,66.71373,-0.435824,3.869479,1632.014803,245.023792,02:15:00,5.30068,-2.05204,5.74841,-58.74275,4.37965,5.35339,-0.00125,2.0022,62.20002,-11.108813,4.825929,0.571825,NA,NA,NA,NA,NA,NA,NA,NA,NA,NA,NA,-1.70992,2.85429,1.72657,50,5.22802,-6.70952,-96.75576,-2.31334,-1.62509,14.73628,-29.46138,CAR_EAG,ROA_STA,CarsonNewman,TeamExclusive,Team,20250929-CarsonNewman-Private-1,499f14c0-9d67-11f0-bac8-5ddf494ae676,65.91604,NA,NA,4.51371,NA,NA,NA,NA,NA,NA,d963aabb-c726-4912-9008-f618f1adb60d,2025-09-29,19:05:38,2025-09-29T19:05:38Z,2025-09-29T19:05:38Z,NA,v3,CNE,ROST,NA,"Cauthen, Cade",1000141057,Right,ROA_STA,bc648e0c-3628-49c3-921f-2a2c5d2ed977,54.75532,-97.47732,7.36814,5.30598,-0.87076,-14.73069,2.05316,-6.62995,-0.81254,NA,NA,NA,NA,NA,NA,NA,NA,NA,NA,NA,NA,NA,NA,NA,NA,NA,NA,NA,NA,NA,NA,NA,NA,NA,NA,NA,NA,NA,NA,NA,NA,NA,NA,NA,NA,NA,NA,NA,NA,NA,NA,NA,NA,NA,NA,NA,NA,NA,NA,High,High,High,NA,NA,NA,NA,NA,342.247743,-71.474369,518.5382,0.317729,05:30:00,0.926307,-0.089661,0.365945,88.865371,-42.689585,-11.513845,-0.356492,96.397688,-0.104108,-68.199095,0.104108,-0.92848,0.356492,73.7204,-20.884912,0.92848,-0.92848,-96.397688,20.884912,0.356492,68.199095,-73.7204,-0.356492,0.92848,0.104108,-0.104108,NA,NA,NA,NA,NA,NA,NA,NA,NA,NA,NA,NA
NA,NA,NA,NA,NA,NA,NA,NA,NA,NA,NA,NA,NA,NA,NA,NA,110,2025-09-29,15:06:14,4,1,"Holmes, Connor",1000191481,Right,ROA_STA,"Smith, Braxton",1000370200,Right,CAR_EAG,Undefined,4,Bottom,1,0,0,Fastball,Changeup,StrikeCalled,Undefined,Undefined,Undefined,0,0,NA,78.55338,-0.211369,1.770762,1907.268895,148.659697,11:00:00,5.77034,-1.14261,5.43785,-25.94946,20.36379,-11.45615,3.40985,-0.43852,71.42836,-5.081533,-0.267335,0.489806,NA,NA,NA,NA,NA,NA,NA,NA,NA,NA,NA,6.24347,10.75197,0.99383,50,5.73411,-3.06115,-113.90072,-1.17902,8.16244,21.86255,-18.11738,CAR_EAG,ROA_STA,CarsonNewman,TeamExclusive,Team,20250929-CarsonNewman-Private-1,5f497f90-9d67-11f0-bac8-5ddf494ae676,76.95381,NA,NA,7.12503,NA,NA,NA,NA,NA,NA,d963aabb-c726-4912-9008-f618f1adb60d,2025-09-29,19:06:14,2025-09-29T19:06:14Z,2025-09-29T19:06:14Z,NA,v3,CNE,ROST,NA,"Cauthen, Cade",1000141057,Right,ROA_STA,30c1c3b0-e2d7-4358-bb7f-db9b0786d31e,55.06056,-114.86795,10.93127,5.76854,-0.37747000000000003,-9.05869,1.13725,-3.42227,4.08122,NA,NA,NA,NA,NA,NA,NA,NA,NA,NA,NA,NA,NA,NA,NA,NA,NA,NA,NA,NA,NA,NA,NA,NA,NA,NA,NA,NA,NA,NA,NA,NA,NA,NA,NA,NA,NA,NA,NA,NA,NA,NA,NA,NA,NA,NA,NA,NA,NA,NA,High,High,High,NA,NA,NA,NA,NA,149.66992,-7.659683,1890.250783,0.991077,11:00:00,0.157812,0.500963,-0.850959,5.340938,-18.304701,75.83832,-0.120609,166.604888,-0.965694,-13.295528,0.965694,-0.229974,0.120609,7.119038,-6.927277,0.229974,-0.229974,-166.604888,6.927277,0.120609,13.295528,-7.119038,-0.120609,0.229974,0.965694,-0.965694,NA,NA,NA,NA,NA,NA,NA,NA,NA,NA,NA,NA
NA,NA,NA,NA,NA,NA,NA,NA,NA,NA,NA,NA,NA,NA,NA,NA,111,2025-09-29,15:06:32,4,2,"Holmes, Connor",1000191481,Right,ROA_STA,"Smith, Braxton",1000370200,Right,CAR_EAG,Undefined,4,Bottom,1,0,1,Slider,Changeup,InPlay,Undefined,FlyBall,Sacrifice,1,1,NA,71.68899,1.260191,3.549344,1568.003173,129.29054,10:15:00,5.19107,-2.09246,5.56797,-39.65565,15.26095,-16.61084,3.06614,-0.15669,65.88951,-6.070766,0.593877,0.533363,84.1122,20.032716,6.616135,2344.593297,108.36414,32.23221,18.89926,281.26219,274.16937,15.073371,3.327483,9.3626,7.8839,1.79735,50,5.27394,-5.86783,-103.95016,1.16623,10.30164,16.51374,-23.4994,CAR_EAG,ROA_STA,CarsonNewman,TeamExclusive,Team,20250929-CarsonNewman-Private-1,6a2a6140-9d67-11f0-bac8-5ddf494ae676,70.66933,35.41446,NA,5.79948,NA,NA,NA,0.87351,3.07739,0.1688,d963aabb-c726-4912-9008-f618f1adb60d,2025-09-29,19:06:32,2025-09-29T19:06:32Z,2025-09-29T19:06:32Z,LineDrive,v3,CNE,ROST,NA,"Cauthen, Cade",1000141057,Right,ROA_STA,e890c8a6-3638-43e7-a19d-20e3c37d477c,54.93425,-104.73109,8.25687,5.19251,2.27752,-11.7497,2.08636,-6.35499,5.15082,222.632204,0.87328,115.13601,-16.66247,3.34828,-0.7494,0.18334,-0.04059,0.00563,-3e-4,3.07757,42.25373,-14.55163,0.47045,0.04602,-0.04014,0.01147,-7.4e-4,-9e-5,0.16882,13.35321,5.07636,-1.44916,0.37538,-0.08425,0.01587,-0.00206,1.2e-4,NA,NA,NA,NA,NA,NA,NA,NA,NA,NA,NA,NA,NA,NA,NA,NA,NA,NA,NA,NA,NA,NA,High,High,High,High,High,NA,NA,NA,124.350017,-3.345657,1565.330713,0.998296,10:15:00,0.111197,0.822716,-0.557471,119.107013,-21.031609,9.022173,-0.916266,176.70937,-0.399911,-1.317524,0.399911,-0.022993,0.916266,66.420775,-66.386093,0.022993,-0.022993,-176.70937,66.386093,0.916266,1.317524,-66.420775,-0.916266,0.022993,0.399911,-0.399911,NA,NA,NA,NA,NA,NA,NA,NA,NA,NA,NA,NA
NA,NA,NA,NA,NA,NA,NA,NA,NA,NA,NA,NA,NA,NA,NA,NA,112,2025-09-29,15:07:14,5,1,"Holmes, Connor",1000191481,Right,ROA_STA,"Cochran, Carson",10085797,Right,CAR_EAG,Undefined,4,Bottom,2,0,0,Fastball,Changeup,InPlay,Undefined,FlyBall,Out,1,0,NA,77.72155,-0.681521,2.99341,1777.675905,145.336638,10:45:00,5.7545,-1.60189,5.43725,-29.0832,18.0521,-11.43182,2.69178,0.25125,71.12587,-6.087649,0.962259,0.494134,74.82505,33.841623,2.272543,NA,109.54925,59.13058,9.94544,258.51817,256.22419,9.3347,4.359326,6.62343,9.73567,1.34499,50,5.6743,-5.4551,-112.69108,-2.21989,8.51772,20.4684,-19.65399,CAR_EAG,ROA_STA,CarsonNewman,TeamExclusive,Team,20250929-CarsonNewman-Private-1,82cc3a20-9d67-11f0-bac8-5ddf494ae676,76.27983,64.49152,NA,6.59568,NA,NA,NA,1.98258,2.8636,-0.20271,d963aabb-c726-4912-9008-f618f1adb60d,2025-09-29,19:07:14,2025-09-29T19:07:14Z,2025-09-29T19:07:14Z,FlyBall,v3,CNE,ROST,NA,"Cauthen, Cade",1000141057,Right,ROA_STA,05029b57-4802-4c37-8bfe-f2428ee3f048,55.06437,-113.60721,10.2342,5.75397,-1.34021,-9.827,1.59768,-5.83634,4.25886,200.059346,1.98296,91.07226,-16.11092,3.75143,-0.78018,0.1711,-0.03727,0.00553,-3.5e-4,2.86434,61.09445,-16.26538,0.45739,0.22973,-0.1721,0.05497,-0.00844,5e-4,-0.20279,3.61606,3.19678,-0.8242,0.17687,-0.03398,0.00573,-7.1e-4,4e-5,NA,NA,NA,NA,NA,NA,NA,NA,NA,NA,NA,NA,NA,NA,NA,NA,NA,NA,NA,NA,NA,NA,High,High,High,High,High,NA,NA,NA,147.345963,-10.578433,1747.463453,0.983005,11:00:00,0.220238,0.532541,-0.817249,-5.662937,-14.878194,82.744515,-0.05875,160.82678,-0.942899,-19.138812,0.942899,-0.327858,0.05875,3.565386,-3.368083,0.327858,-0.327858,-160.82678,3.368083,0.05875,19.138812,-3.565386,-0.05875,0.327858,0.942899,-0.942899,NA,NA,NA,NA,NA,NA,NA,NA,NA,NA,NA,NA
NA,NA,NA,NA,NA,NA,NA,NA,NA,NA,NA,NA,NA,NA,NA,NA,113,2025-09-29,15:09:33,1,1,"Henderson, Christian",1000370202,Right,CAR_EAG,"Dale, Layne",1000099386,Right,ROA_STA,Undefined,5,Top,0,0,0,Slider,Slider,FoulBallNotFieldable,Undefined,Undefined,Undefined,0,0,NA,76.88325,0.466882,-1.102273,2434.553299,77.205545,08:30:00,5.58846,2.03694,5.20676,-48.40908,-1.0763,-9.60752,1.99357,0.19951,72.45563,-8.246089,-2.80659,0.495168,NA,NA,NA,NA,NA,NA,NA,NA,NA,NA,NA,4.64213,-0.38276,-1.92717,50,5.5942,2.51233,-111.92753,-0.73341,6.03325,15.55497,-32.67153,CAR_EAG,ROA_STA,CarsonNewman,TeamExclusive,Team,20250929-CarsonNewman-Private-1,d5ec7080-9d67-11f0-bac8-5ddf494ae676,76.12052,NA,NA,4.42762,NA,NA,NA,NA,NA,NA,d963aabb-c726-4912-9008-f618f1adb60d,2025-09-29,19:09:33,2025-09-29T19:09:33Z,2025-09-29T19:09:33Z,NA,v3,CNE,ROST,NA,"Cochran, Carson",10085797,Right,CAR_EAG,26b27f04-282e-4076-beca-a83a8c5419cc,55.30021,-112.66172,7.77749,5.59242,0.80866,-16.33576,-2.03903,2.22756,3.01663,NA,NA,NA,NA,NA,NA,NA,NA,NA,NA,NA,NA,NA,NA,NA,NA,NA,NA,NA,NA,NA,NA,NA,NA,NA,NA,NA,NA,NA,NA,NA,NA,NA,NA,NA,NA,NA,NA,NA,NA,NA,NA,NA,NA,NA,NA,NA,NA,NA,NA,High,High,High,NA,NA,NA,NA,NA,71.884868,72.867175,717.18983,0.294588,08:30:00,-0.951373,0.287764,0.109917,-13.365656,64.080169,-33.72704,0.09451,148.873533,-0.852197,30.971724,0.852197,-0.514615,-0.09451,6.328354,5.423134,0.514615,0.514615,-148.873533,-5.423134,0.09451,-30.971724,-6.328354,-0.09451,-0.514615,0.852197,-0.852197,NA,NA,NA,NA,NA,NA,NA,NA,NA,NA,NA,NA
NA,NA,NA,NA,NA,NA,NA,NA,NA,NA,NA,NA,NA,NA,NA,NA,114,2025-09-29,15:09:50,1,2,"Henderson, Christian",1000370202,Right,CAR_EAG,"Dale, Layne",1000099386,Right,ROA_STA,Undefined,5,Top,0,0,1,Slider,Slider,InPlay,Undefined,LineDrive,Double,0,0,NA,78.30415,0.777525,-0.570231,2549.179902,76.507726,08:30:00,5.56342,1.93309,4.74644,-48.37999,-1.70543,-12.00965,2.26934,0.39138,73.29786,-7.878577,-2.682846,0.491713,83.51751,14.966889,7.535113,2539.755635,108.17748,21.87935,19.93885,244.0053,244.0053,14.635106,2.686496,5.83284,-0.71626,-1.86439,50,5.59809,1.62312,-113.87126,-0.24321,7.8039,17.19036,-33.13237,CAR_EAG,ROA_STA,CarsonNewman,TeamExclusive,Team,20250929-CarsonNewman-Private-1,e00e47f0-9d67-11f0-bac8-5ddf494ae676,76.65541,22.59995,NA,5.00628,NA,NA,NA,1.34368,2.32962,-0.37143,d963aabb-c726-4912-9008-f618f1adb60d,2025-09-29,19:09:50,2025-09-29T19:09:50Z,2025-09-29T19:09:50Z,LineDrive,v3,CNE,ROST,NA,"Cochran, Carson",10085797,Right,CAR_EAG,6df4c2d2-62d8-4dc4-a3da-8e6760d37f51,55.75986,-114.73749,8.59518,5.56828,1.42635,-16.56618,-1.93627,1.22988,3.90195,220.079607,1.34367,117.31584,-17.62477,3.70572,-0.71533,0.1254,-0.01904,0.00207,-1.1e-4,2.32967,31.63074,-12.43001,0.00196,0.06647,-0.00632,-0.00319,0.0014,-1.6e-4,-0.37141,15.51668,4.71999,-1.13344,0.24092,-0.0428,0.00551,-4e-4,1e-5,NA,NA,NA,NA,NA,NA,NA,NA,NA,NA,NA,NA,NA,NA,NA,NA,NA,NA,NA,NA,NA,NA,High,High,High,High,High,NA,NA,NA,78.860229,71.391289,813.451977,0.319103,08:45:00,-0.942724,0.325923,0.071038,30.688421,53.294472,-3.268118,0.137443,140.468517,-0.763955,39.084182,0.763955,-0.630462,-0.137443,10.198944,7.899895,0.630462,0.630462,-140.468517,-7.899895,0.137443,-39.084182,-10.198944,-0.137443,-0.630462,0.763955,-0.763955,NA,NA,NA,NA,NA,NA,NA,NA,NA,NA,NA,NA
NA,NA,NA,NA,NA,NA,NA,NA,NA,NA,NA,NA,NA,NA,NA,NA,115,2025-09-29,15:10:31,2,1,"Henderson, Christian",1000370202,Right,CAR_EAG,"Detwiller, George",1000191491,Left,ROA_STA,Undefined,5,Top,0,0,0,Fastball,Four-Seam,FoulBallNotFieldable,Undefined,Undefined,Undefined,0,0,NA,89.31943,-1.087058,-4.276308,2244.296226,213.543829,01:00:00,5.81451,2.54403,5.23241,-18.38466,17.493,10.86737,3.2576,-0.57775,81.88225,-4.520135,-2.35802,0.431105,66.53323,24.887975,176.126301,3259.6021,NA,NA,NA,NA,31.18431,NA,NA,-6.61685,9.38717,-2.15815,50,5.70086,9.19211,-129.3759,-3.09139,-11.27694,25.59535,-16.17577,CAR_EAG,ROA_STA,CarsonNewman,TeamExclusive,Team,20250929-CarsonNewman-Private-1,f851fb40-9d67-11f0-bac8-5ddf494ae676,87.43206,15.99558,NA,7.43719,NA,NA,NA,4.01893,3.46174,0.45968,d963aabb-c726-4912-9008-f618f1adb60d,2025-09-29,19:10:31,2025-09-29T19:10:31Z,2025-09-29T19:10:31Z,NA,v3,CNE,ROST,NA,"Cochran, Carson",10085797,Right,CAR_EAG,22bea222-e88d-48bf-91a1-b19597e529a0,55.27112,-130.41456,12.79768,5.81299,-2.43498,-8.08789,-2.54045,9.64972,-5.63847,351.381615,4.01925,-88.3285,6.17097,NA,NA,NA,NA,NA,NA,3.47055,40.77888,-24.87424,NA,NA,NA,NA,NA,NA,0.46057,5.95104,-1.41022,NA,NA,NA,NA,NA,NA,NA,NA,NA,NA,NA,NA,NA,NA,NA,NA,NA,NA,NA,NA,NA,NA,NA,NA,NA,NA,NA,NA,High,High,High,High,Undefined,NA,NA,NA,228.815145,27.022885,1999.275454,0.890825,01:45:00,-0.484057,-0.678924,-0.552042,-41.936433,35.399207,30.770132,-0.346483,161.192265,-0.887969,-17.603203,0.887969,-0.302423,0.346483,21.315604,-20.272374,0.302423,-0.302423,-161.192265,20.272374,0.346483,17.603203,-21.315604,-0.346483,0.302423,0.887969,-0.887969,NA,NA,NA,NA,NA,NA,NA,NA,NA,NA,NA,NA
NA,NA,NA,NA,NA,NA,NA,NA,NA,NA,NA,NA,NA,NA,NA,NA,116,2025-09-29,15:10:57,2,2,"Henderson, Christian",1000370202,Right,CAR_EAG,"Detwiller, George",1000191491,Left,ROA_STA,Undefined,5,Top,0,0,1,Fastball,Four-Seam,StrikeSwinging,Undefined,Undefined,Undefined,0,0,NA,88.35829,-0.141102,-3.200509,2227.048191,212.689262,01:00:00,5.85421,2.11895,5.48618,-19.89848,16.06001,9.66115,4.06378,-0.07352,81.57903,-3.849351,-1.483758,0.431591,NA,NA,NA,NA,NA,NA,NA,NA,NA,NA,NA,-5.64374,8.45162,-1.84481,50,5.8284,6.75273,-128.27916,-0.97904,-9.53179,23.16132,-17.89999,CAR_EAG,ROA_STA,CarsonNewman,TeamExclusive,Team,20250929-CarsonNewman-Private-1,07a30850-9d68-11f0-bac8-5ddf494ae676,87.33379,NA,NA,6.77926,NA,NA,NA,NA,NA,NA,d963aabb-c726-4912-9008-f618f1adb60d,2025-09-29,19:10:57,2025-09-29T19:10:57Z,2025-09-29T19:10:57Z,NA,v3,CNE,ROST,NA,"Cochran, Carson",10085797,Right,CAR_EAG,22e6c149-194e-4f0e-ace7-2a0c0b34f72b,55.01643,-129.18172,11.58066,5.85296,-0.28151,-8.94999,-2.11519,7.12417,-4.76589,NA,NA,NA,NA,NA,NA,NA,NA,NA,NA,NA,NA,NA,NA,NA,NA,NA,NA,NA,NA,NA,NA,NA,NA,NA,NA,NA,NA,71.02644,2.472543,1.092147,1.380396,-1.09296,3.89051,0.13677,1.62592,6.42751,0.7581,127.30078,6.30672,2.70776,1.77992,101.42166,-7.67119,6.43882,15.66937,-11.42895,0.71311,-1.10983,1.8712,High,High,High,NA,NA,High,High,High,225.845393,30.979858,1909.355991,0.857348,01:30:00,-0.545763,-0.616381,-0.567641,-67.389987,21.526715,-2.245518,-0.41923,162.279205,-0.864802,-16.041849,0.864802,-0.276339,0.41923,25.86274,-24.786013,0.276339,-0.276339,-162.279205,24.786013,0.41923,16.041849,-25.86274,-0.41923,0.276339,0.864802,-0.864802,NA,NA,NA,NA,NA,NA,NA,NA,NA,NA,NA,NA
NA,NA,NA,NA,NA,NA,NA,NA,NA,NA,NA,NA,NA,NA,NA,NA,117,2025-09-29,15:11:43,2,3,"Henderson, Christian",1000370202,Right,CAR_EAG,"Detwiller, George",1000191491,Left,ROA_STA,Undefined,5,Top,0,0,2,Slider,Curveball,FoulBallNotFieldable,Undefined,Undefined,Undefined,0,0,NA,77.09718,1.124708,-2.510738,2613.785302,60.18089,08:00:00,5.56627,3.09431,4.84941,-53.93743,-5.91827,-12.36426,2.13744,-0.31456,72.40387,-8.504628,-4.685043,0.498745,81.38449,16.495531,41.130724,3959.197951,77.11613,23.75021,78.4411,247.02518,162.90113,50.921496,2.744361,5.59792,-2.88866,-2.83488,50,5.63044,5.4031,-112.05015,0.25147,7.25471,16.57174,-35.91762,CAR_EAG,ROA_STA,CarsonNewman,TeamExclusive,Team,20250929-CarsonNewman-Private-1,2366e1b0-9d68-11f0-bac8-5ddf494ae676,75.57455,24.46056,NA,4.69331,NA,NA,NA,1.17758,2.41247,0.22588,d963aabb-c726-4912-9008-f618f1adb60d,2025-09-29,19:11:43,2025-09-29T19:11:43Z,2025-09-29T19:11:43Z,LineDrive,v3,CNE,ROST,NA,"Cochran, Carson",10085797,Right,CAR_EAG,55d9fc79-0ded-48b0-92a1-694674febbe1,55.65796,-112.88384,8.28587,5.57233,2.05841,-17.95881,-3.09751,5.03813,3.62735,NA,1.17761,86.20483,-18.03777,4.12034,-0.80626,0.11489,-0.0067,-0.00112,2.1e-4,2.41243,33.89324,-13.06167,-0.13798,0.15348,-0.01442,-0.00862,0.00388,-4.8e-4,0.22589,75.2829,-2.33029,-0.03568,0.1354,-0.053900000000000003,0.01444,-0.00242,1.9e-4,NA,NA,NA,NA,NA,NA,NA,NA,NA,NA,NA,NA,NA,NA,NA,NA,NA,NA,NA,NA,NA,NA,High,High,High,High,Medium,NA,NA,NA,83.340534,72.020931,806.795916,0.30867,08:45:00,-0.942493,0.325198,0.077157,18.321584,62.496337,-8.72794,0.092719,148.407545,-0.848127,31.440783,0.848127,-0.521617,-0.092719,6.238927,5.320055,0.521617,0.521617,-148.407545,-5.320055,0.092719,-31.440783,-6.238927,-0.092719,-0.521617,0.848127,-0.848127,NA,NA,NA,NA,NA,NA,NA,NA,NA,NA,NA,NA
NA,NA,NA,NA,NA,NA,NA,NA,NA,NA,NA,NA,NA,NA,NA,NA,118,2025-09-29,15:12:12,2,4,"Henderson, Christian",1000370202,Right,CAR_EAG,"Detwiller, George",1000191491,Left,ROA_STA,Undefined,5,Top,0,0,2,Slider,Slider,StrikeSwinging,Strikeout,Undefined,Undefined,0,0,NA,80.44702,-1.309984,-3.649985,2573.347326,103.782706,09:30:00,5.85167,2.39637,4.70452,-42.01294,3.6911,-8.78934,1.10433,-1.80554,73.59135,-8.857132,-5.189086,0.486574,NA,NA,NA,NA,NA,NA,NA,NA,NA,NA,NA,3.18689,2.69232,-2.01783,50,5.68145,7.80546,-116.29688,-4.24686,4.32917,23.46319,-28.5167,CAR_EAG,ROA_STA,CarsonNewman,TeamExclusive,Team,20250929-CarsonNewman-Private-1,347cd040-9d68-11f0-bac8-5ddf494ae676,77.46499,NA,NA,6.85567,NA,NA,NA,NA,NA,NA,d963aabb-c726-4912-9008-f618f1adb60d,2025-09-29,19:12:12,2025-09-29T19:12:12Z,2025-09-29T19:12:12Z,NA,v3,CNE,ROST,NA,"Cochran, Carson",10085797,Right,CAR_EAG,cb1d0089-b091-44a8-8a7f-da6f325df948,55.79512,-117.46024,11.73159,5.85696,-2.83294,-14.25835,-2.39952,7.59081,2.16458,NA,NA,NA,NA,NA,NA,NA,NA,NA,NA,NA,NA,NA,NA,NA,NA,NA,NA,NA,NA,NA,NA,NA,NA,NA,NA,NA,NA,NA,NA,NA,NA,NA,NA,NA,NA,NA,NA,NA,NA,NA,NA,NA,NA,NA,NA,NA,NA,NA,NA,High,High,High,NA,NA,NA,NA,NA,93.61498,79.389628,473.828582,0.184129,09:00:00,-0.985584,0.161244,0.051238,41.064321,35.180667,20.01758,-0.06607,132.003355,-0.667712,-47.857809,0.667712,-0.741482,0.06607,5.65099,-3.788276,0.741482,-0.741482,-132.003355,3.788276,0.06607,47.857809,-5.65099,-0.06607,0.741482,0.667712,-0.667712,NA,NA,NA,NA,NA,NA,NA,NA,NA,NA,NA,NA
NA,NA,NA,NA,NA,NA,NA,NA,NA,NA,NA,NA,NA,NA,NA,NA,119,2025-09-29,15:12:42,3,1,"Henderson, Christian",1000370202,Right,CAR_EAG,"Headrick, Cole",10002490,Left,ROA_STA,Undefined,5,Top,1,0,0,Slider,Slider,BallinDirt,Undefined,Undefined,Undefined,0,0,NA,78.66792,-1.137737,-2.978081,2601.06546,85.442486,08:45:00,5.64772,2.83176,4.77937,-46.89743,0.76996,-10.59879,0.65948,-0.87709,71.98847,-9.558168,-4.840139,0.496915,NA,NA,NA,NA,NA,NA,NA,NA,NA,NA,NA,4.28095,1.22913,-2.52394,50,5.49306,6.37215,-113.8232,-3.98954,5.55788,22.9162,-30.5783,CAR_EAG,ROA_STA,CarsonNewman,TeamExclusive,Team,20250929-CarsonNewman-Private-1,4670c2c0-9d68-11f0-bac8-5ddf494ae676,75.85291,NA,NA,6.67945,NA,NA,NA,NA,NA,NA,d963aabb-c726-4912-9008-f618f1adb60d,2025-09-29,19:12:42,2025-09-29T19:12:42Z,2025-09-29T19:12:42Z,NA,v3,CNE,ROST,NA,"Cochran, Carson",10085797,Right,CAR_EAG,81767a8d-b3e0-40d6-8229-a5288f42047d,55.72128,-114.9693,11.4581,5.65435,-2.46023,-15.28915,-2.83568,6.09419,2.77894,NA,NA,NA,NA,NA,NA,NA,NA,NA,NA,NA,NA,NA,NA,NA,NA,NA,NA,NA,NA,NA,NA,NA,NA,NA,NA,NA,NA,NA,NA,NA,NA,NA,NA,NA,NA,NA,NA,NA,NA,NA,NA,NA,NA,NA,NA,NA,NA,NA,NA,High,High,High,NA,NA,NA,NA,NA,90.016568,75.673287,643.635657,0.247451,09:00:00,-0.972312,0.228164,0.050512,16.77202,52.583626,5.113113,-0.092072,141.746369,-0.781942,-38.062,0.781942,-0.616514,0.092072,6.715522,-5.28281,0.616514,-0.616514,-141.746369,5.28281,0.092072,38.062,-6.715522,-0.092072,0.616514,0.781942,-0.781942,NA,NA,NA,NA,NA,NA,NA,NA,NA,NA,NA,NA
NA,NA,NA,NA,NA,NA,NA,NA,NA,NA,NA,NA,NA,NA,NA,NA,120,2025-09-29,15:13:31,3,2,"Henderson, Christian",1000370202,Right,CAR_EAG,"Headrick, Cole",10002490,Left,ROA_STA,Undefined,5,Top,1,1,0,Fastball,Four-Seam,StrikeSwinging,Undefined,Undefined,Undefined,0,0,NA,88.72088,-0.317513,-3.492457,2240.955954,199.706664,12:45:00,5.99788,2.14957,5.13686,-21.66863,14.74674,4.88992,3.8926,-0.7359,81.42209,-4.325927,-2.629826,0.434324,NA,NA,NA,NA,NA,NA,NA,NA,NA,NA,NA,-3.32918,7.75292,-1.82558,50,5.95163,7.62184,-128.58554,-1.48973,-5.61212,24.95144,-19.10462,CAR_EAG,ROA_STA,CarsonNewman,TeamExclusive,Team,20250929-CarsonNewman-Private-1,63618360-9d68-11f0-bac8-5ddf494ae676,86.78419,NA,NA,7.29878,NA,NA,NA,NA,NA,NA,d963aabb-c726-4912-9008-f618f1adb60d,2025-09-29,19:13:31,2025-09-29T19:13:31Z,2025-09-29T19:13:31Z,NA,v3,CNE,ROST,NA,"Cochran, Carson",10085797,Right,CAR_EAG,04ef0153-9a16-4f69-836a-7a8b1bd9efa2,55.36383,-129.62219,12.47572,5.99704,-0.696,-9.55231,-2.14709,7.85501,-2.80606,NA,NA,NA,NA,NA,NA,NA,NA,NA,NA,NA,NA,NA,NA,NA,NA,NA,NA,NA,NA,NA,NA,NA,NA,NA,NA,NA,NA,NA,NA,NA,NA,NA,NA,NA,NA,NA,NA,NA,NA,NA,NA,NA,NA,NA,NA,NA,NA,NA,NA,High,High,High,NA,NA,NA,NA,NA,223.221775,34.252081,1852.305403,0.826569,01:30:00,-0.595342,-0.569165,-0.567115,-55.896228,36.059722,15.982498,-0.520272,162.596182,-0.814905,-14.799379,0.814905,-0.255435,0.520272,32.556011,-31.350512,0.255435,-0.255435,-162.596182,31.350512,0.520272,14.799379,-32.556011,-0.520272,0.255435,0.814905,-0.814905,NA,NA,NA,NA,NA,NA,NA,NA,NA,NA,NA,NA
NA,NA,NA,NA,NA,NA,NA,NA,NA,NA,NA,NA,NA,NA,NA,NA,121,2025-09-29,15:13:46,3,3,"Henderson, Christian",1000370202,Right,CAR_EAG,"Headrick, Cole",10002490,Left,ROA_STA,Undefined,5,Top,1,1,1,Fastball,Four-Seam,FoulBallNotFieldable,Undefined,Undefined,Undefined,0,0,NA,88.17357,-1.358365,-2.507412,2306.202639,203.346593,12:45:00,5.93914,2.25015,5.10425,-20.1458,17.20359,6.87059,2.9789,0.4585,79.96808,-5.12526,-1.29378,0.439859,71.06621,45.918273,36.276942,5126.922687,79.32922,77.86892,76.2028,219.62182,86.64245,48.725896,4.562761,-4.17441,9.33689,-2.01913,50,5.79578,5.27715,-127.69359,-3.72202,-6.84237,28.0775,-16.86969,CAR_EAG,ROA_STA,CarsonNewman,TeamExclusive,Team,20250929-CarsonNewman-Private-1,6ccded80-9d68-11f0-bac8-5ddf494ae676,85.69217,78.53917,NA,8.20549,NA,NA,NA,0.54972,2.70066,-0.4503,d963aabb-c726-4912-9008-f618f1adb60d,2025-09-29,19:13:46,2025-09-29T19:13:46Z,2025-09-29T19:13:46Z,FlyBall,v3,CNE,ROST,NA,"Cochran, Carson",10085797,Right,CAR_EAG,756e0010-71d4-4dbe-9fe3-ba56968ffd85,55.39596,-128.8746,14.03875,5.93742,-3.01244,-8.43485,-2.24715,5.56496,-3.42118,213.437023,0.55701,58.28385,-13.50703,2.21857,0.68734,-0.58856,0.16582,-0.02131,0.00104,2.70046,74.86438,-20.99608,1.38331,0.12859,-0.23387,0.09185,-0.01572,9.9e-4,-0.44953,42.88114,-1.58359,-0.38909,0.34929,-0.15892,0.04445,-0.00663,4e-4,NA,NA,NA,NA,NA,NA,NA,NA,NA,NA,NA,NA,NA,NA,NA,NA,NA,NA,NA,NA,NA,NA,High,High,High,High,Low,NA,NA,NA,227.091636,29.375801,2009.673557,0.871421,01:30:00,-0.500768,-0.649716,-0.571927,-50.969413,38.33398,15.834505,-0.358711,170.002822,-0.919276,-9.325697,0.919276,-0.162046,0.358711,21.316237,-21.021038,0.162046,-0.162046,-170.002822,21.021038,0.358711,9.325697,-21.316237,-0.358711,0.162046,0.919276,-0.919276,NA,NA,NA,NA,NA,NA,NA,NA,NA,NA,NA,NA
NA,NA,NA,NA,NA,NA,NA,NA,NA,NA,NA,NA,NA,NA,NA,NA,122,2025-09-29,15:14:23,3,4,"Henderson, Christian",1000370202,Right,CAR_EAG,"Headrick, Cole",10002490,Left,ROA_STA,Undefined,5,Top,1,1,2,Slider,Slider,BallCalled,Undefined,Undefined,Undefined,0,0,NA,81.17557,1.882745,-2.314687,2489.152633,100.262018,09:15:00,5.78616,2.494,4.70775,-41.2727,2.50614,-7.44024,4.13598,-0.32432,75.32878,-5.539876,-3.618194,0.476216,NA,NA,NA,NA,NA,NA,NA,NA,NA,NA,NA,3.11406,1.14091,-2.25243,50,5.93985,5.0847,-117.80017,2.29775,4.44385,19.11729,-30.54593,CAR_EAG,ROA_STA,CarsonNewman,TeamExclusive,Team,20250929-CarsonNewman-Private-1,82d45b00-9d68-11f0-bac8-5ddf494ae676,79.14996,NA,NA,5.8468,NA,NA,NA,NA,NA,NA,d963aabb-c726-4912-9008-f618f1adb60d,2025-09-29,19:14:23,2025-09-29T19:14:23Z,2025-09-29T19:14:23Z,NA,v3,CNE,ROST,NA,"Cochran, Carson",10085797,Right,CAR_EAG,d20c104e-e043-4027-bc5e-74406290fba4,55.79597,-118.73705,9.55865,5.79056,3.7947,-15.27296,-2.49628,4.86692,2.22193,NA,NA,NA,NA,NA,NA,NA,NA,NA,NA,NA,NA,NA,NA,NA,NA,NA,NA,NA,NA,NA,NA,NA,NA,NA,NA,NA,NA,NA,NA,NA,NA,NA,NA,NA,NA,NA,NA,NA,NA,NA,NA,NA,NA,NA,NA,NA,NA,NA,NA,High,High,High,NA,NA,NA,NA,NA,117.057438,79.860087,438.221529,0.176052,10:00:00,-0.981134,0.18904,-0.04049,33.03277,47.011905,16.914782,-0.024222,145.009558,-0.819007,-34.978676,0.819007,-0.573272,0.024222,1.694053,-1.387982,0.573272,-0.573272,-145.009558,1.387982,0.024222,34.978676,-1.694053,-0.024222,0.573272,0.819007,-0.819007,NA,NA,NA,NA,NA,NA,NA,NA,NA,NA,NA,NA
NA,NA,NA,NA,NA,NA,NA,NA,NA,NA,NA,NA,NA,NA,NA,NA,123,2025-09-29,15:14:40,3,5,"Henderson, Christian",1000370202,Right,CAR_EAG,"Headrick, Cole",10002490,Left,ROA_STA,Undefined,5,Top,1,2,2,Slider,Slider,InPlay,Undefined,LineDrive,Out,1,1,NA,78.50886,0.841445,-2.258804,2587.212892,82.427718,08:45:00,5.6338,2.5724,4.92394,-46.46979,-0.44658,-11.56536,2.55753,-0.52803,73.77725,-7.487187,-4.295156,0.48827,80.97662,18.859092,-13.15979,1290.60777,107.67648,28.59212,-22.48918,262.23046,262.23046,-10.659878,3.063015,5.31473,-0.14059,-2.34176,50,5.67636,4.96085,-114.15477,0.00446,7.1729,16.52192,-32.36378,CAR_EAG,ROA_STA,CarsonNewman,TeamExclusive,Team,20250929-CarsonNewman-Private-1,8d0af2f0-9d68-11f0-bac8-5ddf494ae676,77.19592,30.36029,NA,4.73162,NA,NA,NA,1.98797,2.69106,0.48306,d963aabb-c726-4912-9008-f618f1adb60d,2025-09-29,19:14:40,2025-09-29T19:14:40Z,2025-09-29T19:14:40Z,LineDrive,v3,CNE,ROST,NA,"Cochran, Carson",10085797,Right,CAR_EAG,b7e96a0f-3018-4b16-aff4-5d8bacdb14d2,55.58272,-114.95993,8.26096,5.63771,1.58164,-16.18189,-2.575,4.61129,3.58645,193.172799,1.988,109.43674,-14.189,2.98691,-0.52414,0.04922,0.0095,-0.00444,5.2e-4,2.69099,38.39275,-13.77181,0.35991,-0.08968,0.07679,-0.03757,0.0096,-9.7e-4,0.48305,-25.58675,5.02368,-0.94481,0.13549,3.3e-4,-0.00847,0.00258,-2.8e-4,NA,NA,NA,NA,NA,NA,NA,NA,NA,NA,NA,NA,NA,NA,NA,NA,NA,NA,NA,NA,NA,NA,High,High,High,High,High,NA,NA,NA,91.661383,74.178462,705.382739,0.272642,09:00:00,-0.957577,0.286627,0.02986,-31.23317,58.49955,-43.27003,-0.004142,150.495723,-0.870311,-29.503999,0.870311,-0.492484,0.004142,0.272705,-0.237341,0.492484,-0.492484,-150.495723,0.237341,0.004142,29.503999,-0.272705,-0.004142,0.492484,0.870311,-0.870311,NA,NA,NA,NA,NA,NA,NA,NA,NA,NA,NA,NA
NA,NA,NA,NA,NA,NA,NA,NA,NA,NA,NA,NA,NA,NA,NA,NA,124,2025-09-29,15:15:23,4,1,"Henderson, Christian",1000370202,Right,CAR_EAG,"Henderson, Parker",1000135244,Right,ROA_STA,Undefined,5,Top,2,0,0,Fastball,Four-Seam,StrikeSwinging,Undefined,Undefined,Undefined,0,0,NA,89.57328,-0.819527,-3.158776,2314.309818,218.775323,01:15:00,5.8381,2.3496,5.2141,-19.0341,16.5217,12.4143,3.48005,0.41071,82.25136,-4.364837,-0.963103,0.429167,NA,NA,NA,NA,NA,NA,NA,NA,NA,NA,NA,-6.99036,8.77772,-2.06703,50,5.74825,6.59662,-129.9055,-2.52069,-12.03904,25.21126,-17.05675,CAR_EAG,ROA_STA,CarsonNewman,TeamExclusive,Team,20250929-CarsonNewman-Private-1,a63bc560-9d68-11f0-bac8-5ddf494ae676,87.8269,NA,NA,7.32191,NA,NA,NA,NA,NA,NA,d963aabb-c726-4912-9008-f618f1adb60d,2025-09-29,19:15:23,2025-09-29T19:15:23Z,2025-09-29T19:15:23Z,NA,v3,CNE,ROST,NA,"Cochran, Carson",10085797,Right,CAR_EAG,28333658-ceef-42e1-97f9-ef46b4236327,55.28759,-130.92766,12.60563,5.83643,-1.82914,-8.52837,-2.34438,7.08472,-6.01952,NA,NA,NA,NA,NA,NA,NA,NA,NA,NA,NA,NA,NA,NA,NA,NA,NA,NA,NA,NA,NA,NA,NA,NA,NA,NA,NA,NA,NA,NA,NA,NA,NA,NA,NA,NA,NA,NA,NA,NA,NA,NA,NA,NA,NA,NA,NA,NA,NA,NA,High,High,High,NA,NA,NA,NA,NA,226.666491,23.721243,2118.781886,0.915514,01:30:00,-0.426744,-0.671604,-0.605671,-57.158275,23.659263,10.424691,-0.33226,164.454539,-0.908684,-14.641903,0.908684,-0.252777,0.33226,20.084942,-19.40603,0.252777,-0.252777,-164.454539,19.40603,0.33226,14.641903,-20.084942,-0.33226,0.252777,0.908684,-0.908684,NA,NA,NA,NA,NA,NA,NA,NA,NA,NA,NA,NA
NA,NA,NA,NA,NA,NA,NA,NA,NA,NA,NA,NA,NA,NA,NA,NA,125,2025-09-29,15:15:37,4,2,"Henderson, Christian",1000370202,Right,CAR_EAG,"Henderson, Parker",1000135244,Right,ROA_STA,Undefined,5,Top,2,0,1,Fastball,Four-Seam,BallCalled,Undefined,Undefined,Undefined,0,0,NA,90.28621,-4.030773,-4.792343,2285.895931,217.979786,01:15:00,5.83136,2.25952,5.07455,-18.5247,16.91855,12.35438,0.46779,-1.23973,83.17735,-7.448243,-2.618983,0.428488,NA,NA,NA,NA,NA,NA,NA,NA,NA,NA,NA,-7.33827,9.75508,-1.81407,50,5.43277,10.35156,-130.36877,-9.87947,-12.74596,25.03748,-15.23032,CAR_EAG,ROA_STA,CarsonNewman,TeamExclusive,Team,20250929-CarsonNewman-Private-1,aeaf2980-9d68-11f0-bac8-5ddf494ae676,87.96622,NA,NA,7.10885,NA,NA,NA,NA,NA,NA,d963aabb-c726-4912-9008-f618f1adb60d,2025-09-29,19:15:37,2025-09-29T19:15:37Z,2025-09-29T19:15:37Z,NA,v3,CNE,ROST,NA,"Cochran, Carson",10085797,Right,CAR_EAG,4458f8f6-4dbf-4d0d-b974-652667264748,55.42754,-131.407,12.51874,5.82935,-9.24791,-7.61516,-2.25428,10.8801,-6.37298,NA,NA,NA,NA,NA,NA,NA,NA,NA,NA,NA,NA,NA,NA,NA,NA,NA,NA,NA,NA,NA,NA,NA,NA,NA,NA,NA,NA,NA,NA,NA,NA,NA,NA,NA,NA,NA,NA,NA,NA,NA,NA,NA,NA,NA,NA,NA,NA,NA,NA,High,High,High,NA,NA,NA,NA,NA,227.940202,22.611855,2110.18068,0.923131,01:30:00,-0.385851,-0.710706,-0.588231,-45.067866,31.971875,38.309122,-0.40723,159.531392,-0.855662,-18.625714,0.855662,-0.319385,0.40723,25.450894,-24.030942,0.319385,-0.319385,-159.531392,24.030942,0.40723,18.625714,-25.450894,-0.40723,0.319385,0.855662,-0.855662,NA,NA,NA,NA,NA,NA,NA,NA,NA,NA,NA,NA
NA,NA,NA,NA,NA,NA,NA,NA,NA,NA,NA,NA,NA,NA,NA,NA,126,2025-09-29,15:15:53,4,3,"Henderson, Christian",1000370202,Right,CAR_EAG,"Henderson, Parker",1000135244,Right,ROA_STA,Undefined,5,Top,2,1,1,Fastball,Four-Seam,FoulBallNotFieldable,Undefined,Undefined,Undefined,0,0,NA,89.40392,-1.594509,-2.858936,2330.996393,217.788248,01:15:00,5.76645,2.29198,5.07933,-21.28005,14.85115,10.60859,2.48768,0.47862,81.65802,-5.536339,-0.986038,0.432626,72.07403,37.467878,45.105825,5915.761649,68.07686,61.21144,86.40336,243.15477,98.13715,57.969195,4.090666,-6.09008,8.17339,-2.02968,50,5.5988,5.98007,-129.54114,-4.3813,-10.34832,27.06507,-18.28575,CAR_EAG,ROA_STA,CarsonNewman,TeamExclusive,Team,20250929-CarsonNewman-Private-1,b8275370-9d68-11f0-bac8-5ddf494ae676,87.12475,62.96114,NA,7.7459,NA,NA,NA,0.21732,2.40833,-0.46844,d963aabb-c726-4912-9008-f618f1adb60d,2025-09-29,19:15:53,2025-09-29T19:15:53Z,2025-09-29T19:15:53Z,FlyBall,v3,CNE,ROST,NA,"Cochran, Carson",10085797,Right,CAR_EAG,9059027d-a97a-43a3-8442-ee566ef74493,55.42248,-130.66914,13.53254,5.76553,-3.61919,-9.14288,-2.2879,6.41136,-5.17416,215.561676,0.21746,59.2153,-15.7701,4.3539,-1.01775,0.2448,-0.05643,0.00866,-5.7e-4,2.40934,64.27466,-18.34149,0.42093,0.43612,-0.28144,0.08511,-0.01276,7.5e-4,-0.46836,59.43415,-5.3069,1.5367,-0.35921,0.08015,-0.01683,0.00247,-1.6e-4,NA,NA,NA,NA,NA,NA,NA,NA,NA,NA,NA,NA,NA,NA,NA,NA,NA,NA,NA,NA,NA,NA,High,High,High,High,Low,NA,NA,NA,225.893754,27.103304,2075.021604,0.890187,01:30:00,-0.467991,-0.651629,-0.596963,-42.602292,32.428945,30.093241,-0.364237,161.372601,-0.882521,-17.305761,0.882521,-0.297471,0.364237,22.427097,-21.360638,0.297471,-0.297471,-161.372601,21.360638,0.364237,17.305761,-22.427097,-0.364237,0.297471,0.882521,-0.882521,NA,NA,NA,NA,NA,NA,NA,NA,NA,NA,NA,NA
NA,NA,NA,NA,NA,NA,NA,NA,NA,NA,NA,NA,NA,NA,NA,NA,127,2025-09-29,15:16:13,4,4,"Henderson, Christian",1000370202,Right,CAR_EAG,"Henderson, Parker",1000135244,Right,ROA_STA,Undefined,5,Top,2,1,2,Fastball,Four-Seam,StrikeSwinging,Strikeout,Undefined,Undefined,0,0,NA,89.07899,-0.407013,-3.410882,2146.405571,207.958695,01:00:00,5.84971,2.30181,5.20688,-18.55308,18.0458,8.89418,3.92015,-0.1687,80.40407,-3.908855,-1.839294,0.435417,NA,NA,NA,NA,NA,NA,NA,NA,NA,NA,NA,-5.43693,9.46815,-1.99261,50,5.79858,7.26154,-128.88082,-1.52382,-9.05769,29.16551,-16.40052,CAR_EAG,ROA_STA,CarsonNewman,TeamExclusive,Team,20250929-CarsonNewman-Private-1,c42c90e0-9d68-11f0-bac8-5ddf494ae676,86.56632,NA,NA,8.67492,NA,NA,NA,NA,NA,NA,d963aabb-c726-4912-9008-f618f1adb60d,2025-09-29,19:16:13,2025-09-29T19:16:13Z,2025-09-29T19:16:13Z,NA,v3,CNE,ROST,NA,"Cochran, Carson",10085797,Right,CAR_EAG,bba2b963-4a06-42b4-95bf-ee0e960c25c1,55.29084,-130.07262,14.58275,5.84716,-0.85364,-8.20026,-2.2969,7.63166,-4.52885,NA,NA,NA,NA,NA,NA,NA,NA,NA,NA,NA,NA,NA,NA,NA,NA,NA,NA,NA,NA,NA,NA,NA,NA,NA,NA,NA,NA,NA,NA,NA,NA,NA,NA,NA,NA,NA,NA,NA,NA,NA,NA,NA,NA,NA,NA,NA,NA,NA,NA,High,High,High,NA,NA,NA,NA,NA,227.406836,25.868638,1931.328726,0.899797,01:30:00,-0.46706,-0.665493,-0.582215,-51.568241,29.981637,12.506116,-0.289052,166.156701,-0.929507,-13.24137,0.929507,-0.229054,0.289052,17.274308,-16.801211,0.229054,-0.229054,-166.156701,16.801211,0.289052,13.24137,-17.274308,-0.289052,0.229054,0.929507,-0.929507,NA,NA,NA,NA,NA,NA,NA,NA,NA,NA,NA,NA
NA,NA,NA,NA,NA,NA,NA,NA,NA,NA,NA,NA,NA,NA,NA,NA,128,2025-09-29,15:18:46,1,1,"Holmes, Connor",1000191481,Right,ROA_STA,"Bolton, Ryan",1000215919,Right,CAR_EAG,Undefined,5,Bottom,0,0,0,Fastball,Changeup,BallCalled,Undefined,Undefined,Undefined,0,0,NA,78.36111,-1.709937,0.900713,1680.897603,141.192712,10:45:00,5.79487,-1.12265,5.40064,-29.33273,17.6071,-12.80013,1.74741,-1.34519,71.04589,-7.172227,-1.377219,0.493108,NA,NA,NA,NA,NA,NA,NA,NA,NA,NA,NA,6.67276,9.87253,1.05145,50,5.62233,-1.26844,-113.52517,-4.28074,8.60198,23.14942,-19.44719,CAR_EAG,ROA_STA,CarsonNewman,TeamExclusive,Team,20250929-CarsonNewman-Private-1,1f575770-9d69-11f0-bac8-5ddf494ae676,76.43849,NA,NA,7.31522,NA,NA,NA,NA,NA,NA,d963aabb-c726-4912-9008-f618f1adb60d,2025-09-29,19:18:46,2025-09-29T19:18:46Z,2025-09-29T19:18:46Z,NA,v3,CNE,ROST,NA,"Cauthen, Cade",1000141057,Right,ROA_STA,a951f0af-b317-47d4-85e4-f3e3cb2f33d8,55.09719,-114.55984,11.57471,5.79423,-3.41153,-9.7236,1.11673,-1.65292,4.30099,NA,NA,NA,NA,NA,NA,NA,NA,NA,NA,NA,NA,NA,NA,NA,NA,NA,NA,NA,NA,NA,NA,NA,NA,NA,NA,NA,NA,NA,NA,NA,NA,NA,NA,NA,NA,NA,NA,NA,NA,NA,NA,NA,NA,NA,NA,NA,NA,NA,NA,High,High,High,NA,NA,NA,NA,NA,148.849928,-6.480764,1670.15634,0.99361,11:00:00,0.110838,0.517115,-0.848709,0.011874,-17.025249,74.327882,0.032716,165.159617,-0.966126,14.832256,0.966126,-0.25599,-0.032716,1.939498,1.874849,0.25599,0.25599,-165.159617,-1.874849,0.032716,-14.832256,-1.939498,-0.032716,-0.25599,0.966126,-0.966126,NA,NA,NA,NA,NA,NA,NA,NA,NA,NA,NA,NA
NA,NA,NA,NA,NA,NA,NA,NA,NA,NA,NA,NA,NA,NA,NA,NA,129,2025-09-29,15:19:00,1,2,"Holmes, Connor",1000191481,Right,ROA_STA,"Bolton, Ryan",1000215919,Right,CAR_EAG,Undefined,5,Bottom,0,1,0,Fastball,Changeup,BallCalled,Undefined,Undefined,Undefined,0,0,NA,79.26858,-3.265125,2.86478,1694.432866,146.351784,11:00:00,5.78729,-1.21793,5.40478,-27.76521,17.91666,-10.88697,0.40683,0.56146,72.51598,-8.399878,0.929433,0.486456,NA,NA,NA,NA,NA,NA,NA,NA,NA,NA,NA,6.28678,10.41544,0.9703,50,5.47664,-5.30365,-114.69469,-7.40638,8.34512,21.90634,-18.3485,CAR_EAG,ROA_STA,CarsonNewman,TeamExclusive,Team,20250929-CarsonNewman-Private-1,27d2aad0-9d69-11f0-bac8-5ddf494ae676,77.4838,NA,NA,6.75259,NA,NA,NA,NA,NA,NA,d963aabb-c726-4912-9008-f618f1adb60d,2025-09-29,19:19:00,2025-09-29T19:19:00Z,2025-09-29T19:19:00Z,NA,v3,CNE,ROST,NA,"Cauthen, Cade",1000141057,Right,ROA_STA,694acb6c-170b-49ef-8a57-0df7e34808f1,55.09489,-115.6637,10.95317,5.78631,-6.59474,-9.17425,1.21307,-5.67279,4.17256,NA,NA,NA,NA,NA,NA,NA,NA,NA,NA,NA,NA,NA,NA,NA,NA,NA,NA,NA,NA,NA,NA,NA,NA,NA,NA,NA,NA,NA,NA,NA,NA,NA,NA,NA,NA,NA,NA,NA,NA,NA,NA,NA,NA,NA,NA,NA,NA,NA,NA,High,High,High,NA,NA,NA,NA,NA,147.554224,-7.47364,1680.038331,0.991505,11:00:00,0.141256,0.538488,-0.830709,-5.347842,-18.986126,80.453336,0.040139,165.277867,-0.96639,14.71,0.96639,-0.253927,-0.040139,2.378383,2.300386,0.253927,0.253927,-165.277867,-2.300386,0.040139,-14.71,-2.378383,-0.040139,-0.253927,0.96639,-0.96639,NA,NA,NA,NA,NA,NA,NA,NA,NA,NA,NA,NA
NA,NA,NA,NA,NA,NA,NA,NA,NA,NA,NA,NA,NA,NA,NA,NA,130,2025-09-29,15:19:15,1,3,"Holmes, Connor",1000191481,Right,ROA_STA,"Bolton, Ryan",1000215919,Right,CAR_EAG,Undefined,5,Bottom,0,2,0,Fastball,Changeup,InPlay,Undefined,FlyBall,Out,1,0,NA,79.69969,-1.09574,1.264888,1718.206671,152.240098,11:00:00,5.84355,-1.00217,5.63242,-27.22533,17.5171,-8.41276,2.55201,-0.52282,72.48012,-6.194803,-0.23803,0.481428,84.27728,43.528242,-7.893145,NA,109.05672,95.14149,-14.37258,264.00758,141.73653,-7.58376,5.48992,4.68418,9.67245,0.90015,50,5.73314,-2.23027,-115.62136,-3.0191,6.28784,23.24121,-19.1902,CAR_EAG,ROA_STA,CarsonNewman,TeamExclusive,Team,20250929-CarsonNewman-Private-1,309bf720-9d69-11f0-bac8-5ddf494ae676,78.29304,108.90562,NA,7.21957,NA,NA,NA,1.51301,2.35844,0.34402,d963aabb-c726-4912-9008-f618f1adb60d,2025-09-29,19:19:15,2025-09-29T19:19:15Z,2025-09-29T19:19:15Z,FlyBall,v3,CNE,ROST,NA,"Cauthen, Cade",1000141057,Right,ROA_STA,ad70717b-8023-464d-ad1d-67905d4cd7ce,54.86868,-116.59591,11.6206,5.84286,-2.21441,-9.5951,0.9992,-2.49393,3.14392,180.381008,1.51794,88.6811,-21.1596,5.318,-0.81835,0.04128,0.00865,-0.00148,7e-5,2.35681,85.14308,-18.7815,0.64713,0.15413,-0.10624,0.02927,-0.00389,2e-4,0.34333,-12.29465,3.0525,-0.77916,0.12312,-0.00717,-0.00109,2e-4,-1e-5,NA,NA,NA,NA,NA,NA,NA,NA,NA,NA,NA,NA,NA,NA,NA,NA,NA,NA,NA,NA,NA,NA,High,High,High,High,Low,NA,NA,NA,148.930922,-10.67836,1688.452232,0.982683,11:00:00,0.194101,0.510585,-0.837632,3.885808,-19.945742,63.360367,-0.010812,167.00299,-0.974325,-12.996237,0.974325,-0.224887,0.010812,0.635802,-0.619515,0.224887,-0.224887,-167.00299,0.619515,0.010812,12.996237,-0.635802,-0.010812,0.224887,0.974325,-0.974325,NA,NA,NA,NA,NA,NA,NA,NA,NA,NA,NA,NA
NA,NA,NA,NA,NA,NA,NA,NA,NA,NA,NA,NA,NA,NA,NA,NA,131,2025-09-29,15:19:48,2,1,"Holmes, Connor",1000191481,Right,ROA_STA,"Mutter, Evan",1000300074,Right,CAR_EAG,Undefined,5,Bottom,1,0,0,Fastball,Changeup,BallCalled,Undefined,Undefined,Undefined,0,0,NA,79.32219,0.080467,3.03783,1793.01002,147.301835,11:00:00,5.90906,-0.93775,5.4552,-30.26187,14.72552,-8.57878,3.46267,1.1939,72.90099,-5.517783,1.513678,0.482744,NA,NA,NA,NA,NA,NA,NA,NA,NA,NA,NA,5.09256,7.81445,0.6755,50,5.89555,-5.76351,-115.05809000000001,-0.79229,6.86957,20.09235,-21.63279,CAR_EAG,ROA_STA,CarsonNewman,TeamExclusive,Team,20250929-CarsonNewman-Private-1,44698ba0-9d69-11f0-bac8-5ddf494ae676,78.07955,NA,NA,6.4212,NA,NA,NA,NA,NA,NA,d963aabb-c726-4912-9008-f618f1adb60d,2025-09-29,19:19:48,2025-09-29T19:19:48Z,2025-09-29T19:19:48Z,NA,v3,CNE,ROST,NA,"Cauthen, Cade",1000141057,Right,ROA_STA,91b1f471-5a9b-4176-a8a5-f3b07e9b00ad,55.04518,-115.93577,10.04617,5.90952,0.15268,-10.81639,0.93382,-6.06359,3.43478,NA,NA,NA,NA,NA,NA,NA,NA,NA,NA,NA,NA,NA,NA,NA,NA,NA,NA,NA,NA,NA,NA,NA,NA,NA,NA,NA,NA,NA,NA,NA,NA,NA,NA,NA,NA,NA,NA,NA,NA,NA,NA,NA,NA,NA,NA,NA,NA,NA,NA,High,High,High,NA,NA,NA,NA,NA,152.337838,-17.110345,1713.651234,0.95574,11:00:00,0.339282,0.443296,-0.829685,-6.479292,-23.143606,68.924774,-0.045994,170.422993,-0.985019,-9.566776,0.985019,-0.166197,0.045994,2.673418,-2.636212,0.166197,-0.166197,-170.422993,2.636212,0.045994,9.566776,-2.673418,-0.045994,0.166197,0.985019,-0.985019,NA,NA,NA,NA,NA,NA,NA,NA,NA,NA,NA,NA
NA,NA,NA,NA,NA,NA,NA,NA,NA,NA,NA,NA,NA,NA,NA,NA,132,2025-09-29,15:20:06,2,2,"Holmes, Connor",1000191481,Right,ROA_STA,"Mutter, Evan",1000300074,Right,CAR_EAG,Undefined,5,Bottom,1,1,0,Curveball,Curveball,StrikeCalled,Undefined,Undefined,Undefined,0,0,NA,67.13561,1.64777,1.026382,1547.055707,278.810714,03:15:00,5.31366,-1.67325,5.45993,-61.98732,0.61287,7.71422,1.69115,-0.06953,62.40267,-9.616923,2.401113,0.569455,NA,NA,NA,NA,NA,NA,NA,NA,NA,NA,NA,-3.6163,0.46453,1.57737,50,5.41634,-2.00515,-97.52734,1.01777,-3.50572,14.40265,-31.72373,CAR_EAG,ROA_STA,CarsonNewman,TeamExclusive,Team,20250929-CarsonNewman-Private-1,4ef8cae0-9d69-11f0-bac8-5ddf494ae676,66.19039,NA,NA,4.73293,NA,NA,NA,NA,NA,NA,d963aabb-c726-4912-9008-f618f1adb60d,2025-09-29,19:20:06,2025-09-29T19:20:06Z,2025-09-29T19:20:06Z,NA,v3,CNE,ROST,NA,"Cauthen, Cade",1000141057,Right,ROA_STA,73b4c002-34a8-44e1-bae6-a8c11344279c,55.04347,-98.26932,7.20132,5.32181,2.65209,-15.86187,1.67601,-1.82455,-1.75286,NA,NA,NA,NA,NA,NA,NA,NA,NA,NA,NA,NA,NA,NA,NA,NA,NA,NA,NA,NA,NA,NA,NA,NA,NA,NA,NA,NA,NA,NA,NA,NA,NA,NA,NA,NA,NA,NA,NA,NA,NA,NA,NA,NA,NA,NA,NA,NA,NA,NA,High,High,High,NA,NA,NA,NA,NA,341.477543,-69.351574,545.542389,0.352633,05:30:00,0.926015,-0.138885,0.35101,87.147538,-39.988993,-16.384144,-0.320259,98.750467,-0.144119,-69.43973,0.144119,-0.936303,0.320259,65.771953,-18.678602,0.936303,-0.936303,-98.750467,18.678602,0.320259,69.43973,-65.771953,-0.320259,0.936303,0.144119,-0.144119,NA,NA,NA,NA,NA,NA,NA,NA,NA,NA,NA,NA
NA,NA,NA,NA,NA,NA,NA,NA,NA,NA,NA,NA,NA,NA,NA,NA,133,2025-09-29,15:20:23,2,3,"Holmes, Connor",1000191481,Right,ROA_STA,"Mutter, Evan",1000300074,Right,CAR_EAG,Undefined,5,Bottom,1,1,1,ChangeUp,Changeup,BallCalled,Undefined,Undefined,Undefined,0,0,NA,70.78441,1.401238,1.276987,1383.952017,122.822815,10:00:00,4.97494,-2.25161,5.49585,-48.07353,7.76666,-9.69091,2.28018,-1.86443,65.85689,-7.383076,-0.449811,0.53783,NA,NA,NA,NA,NA,NA,NA,NA,NA,NA,NA,5.18985,4.0761,2.14656,50,5.06492,-1.95523,-102.88205,1.09364,5.6442,14.72062,-27.74111,CAR_EAG,ROA_STA,CarsonNewman,TeamExclusive,Team,20250929-CarsonNewman-Private-1,5923a300-9d69-11f0-bac8-5ddf494ae676,70.08247,NA,NA,4.92752,NA,NA,NA,NA,NA,NA,d963aabb-c726-4912-9008-f618f1adb60d,2025-09-29,19:20:23,2025-09-29T19:20:23Z,2025-09-29T19:20:23Z,NA,v3,CNE,ROST,NA,"Cauthen, Cade",1000141057,Right,ROA_STA,0ef1c659-6c17-48b2-9fc4-a6b817a8f748,55.0068,-103.59595,7.36031,4.97926,2.439,-13.87055,2.24802,-2.22896,2.8221,NA,NA,NA,NA,NA,NA,NA,NA,NA,NA,NA,NA,NA,NA,NA,NA,NA,NA,NA,NA,NA,NA,NA,NA,NA,NA,NA,NA,NA,NA,NA,NA,NA,NA,NA,NA,NA,NA,NA,NA,NA,NA,NA,NA,NA,NA,NA,NA,NA,NA,High,High,High,NA,NA,NA,NA,NA,118.459321,-11.431825,1356.496118,0.980161,10:00:00,0.22957,0.85661,-0.462079,121.21877,-22.699193,3.775004,-0.894066,169.029854,-0.439749,-4.88987,0.439749,-0.085241,0.894066,63.809613,-63.388774,0.085241,-0.085241,-169.029854,63.388774,0.894066,4.88987,-63.809613,-0.894066,0.085241,0.439749,-0.439749,NA,NA,NA,NA,NA,NA,NA,NA,NA,NA,NA,NA
NA,NA,NA,NA,NA,NA,NA,NA,NA,NA,NA,NA,NA,NA,NA,NA,134,2025-09-29,15:20:38,2,4,"Holmes, Connor",1000191481,Right,ROA_STA,"Mutter, Evan",1000300074,Right,CAR_EAG,Undefined,5,Bottom,1,2,1,ChangeUp,Changeup,BallCalled,Undefined,Undefined,Undefined,0,0,NA,76.86618,-1.925634,3.539803,1630.682853,133.404817,10:30:00,5.73445,-1.1844,5.46905,-35.02695,12.68142,-11.94127,1.00919,1.13767,71.38056,-8.329603,1.416155,0.497129,NA,NA,NA,NA,NA,NA,NA,NA,NA,NA,NA,6.89965,7.30252,0.88103,50,5.54068,-6.44558,-111.47274,-4.85238,8.78441,17.81751,-22.87671,CAR_EAG,ROA_STA,CarsonNewman,TeamExclusive,Team,20250929-CarsonNewman-Private-1,627cfa50-9d69-11f0-bac8-5ddf494ae676,75.8203,NA,NA,5.48562,NA,NA,NA,NA,NA,NA,d963aabb-c726-4912-9008-f618f1adb60d,2025-09-29,19:20:38,2025-09-29T19:20:38Z,2025-09-29T19:20:38Z,NA,v3,CNE,ROST,NA,"Cauthen, Cade",1000141057,Right,ROA_STA,5be245c5-de43-4e18-9311-d6ba4fc00250,55.03348,-112.2744,8.90876,5.73584,-3.8231,-11.43835,1.17992,-6.84081,4.3922,NA,NA,NA,NA,NA,NA,NA,NA,NA,NA,NA,NA,NA,NA,NA,NA,NA,NA,NA,NA,NA,NA,NA,NA,NA,NA,NA,NA,NA,NA,NA,NA,NA,NA,NA,NA,NA,NA,NA,NA,NA,NA,NA,NA,NA,NA,NA,NA,NA,NA,High,High,High,NA,NA,NA,NA,NA,144.167691,-7.497099,1616.742909,0.991451,10:45:00,0.160316,0.584467,-0.795423,-5.156445,-19.079049,77.831015,0.051283,161.812178,-0.948788,18.163055,0.948788,-0.311722,-0.051283,3.093867,2.93957,0.311722,0.311722,-161.812178,-2.93957,0.051283,-18.163055,-3.093867,-0.051283,-0.311722,0.948788,-0.948788,NA,NA,NA,NA,NA,NA,NA,NA,NA,NA,NA,NA
NA,NA,NA,NA,NA,NA,NA,NA,NA,NA,NA,NA,NA,NA,NA,NA,135,2025-09-29,15:20:55,2,5,"Holmes, Connor",1000191481,Right,ROA_STA,"Mutter, Evan",1000300074,Right,CAR_EAG,Undefined,5,Bottom,1,3,1,Fastball,Changeup,StrikeCalled,Undefined,Undefined,Undefined,0,0,NA,79.40951,-0.087063,2.290999,1761.316567,148.176238,11:00:00,5.80184,-0.96388,5.52728,-29.504270000000002,14.97166,-8.50406,3.2617,0.47044,73.39463,-5.54248,0.776458,0.479992,NA,NA,NA,NA,NA,NA,NA,NA,NA,NA,NA,4.84252,7.98461,0.77031,50,5.77459,-4.27944,-115.33478,-1.09771,6.59972,19.07996,-21.29207,CAR_EAG,ROA_STA,CarsonNewman,TeamExclusive,Team,20250929-CarsonNewman-Private-1,6bf5e790-9d69-11f0-bac8-5ddf494ae676,78.52725,NA,NA,6.01489,NA,NA,NA,NA,NA,NA,d963aabb-c726-4912-9008-f618f1adb60d,2025-09-29,19:20:55,2025-09-29T19:20:55Z,2025-09-29T19:20:55Z,NA,v3,CNE,ROST,NA,"Cauthen, Cade",1000141057,Right,ROA_STA,dff0d144-5071-423b-a4a5-3b6116bb2724,54.97388,-116.1547,9.53998,5.80211,-0.18273,-10.64603,0.9603,-4.56305,3.29986,NA,NA,NA,NA,NA,NA,NA,NA,NA,NA,NA,NA,NA,NA,NA,NA,NA,NA,NA,NA,NA,NA,NA,NA,NA,NA,NA,NA,NA,NA,NA,NA,NA,NA,NA,NA,NA,NA,NA,NA,NA,NA,NA,NA,NA,NA,NA,NA,NA,NA,High,High,High,NA,NA,NA,NA,NA,148.423984,-9.90313,1735.072833,0.9851,11:00:00,0.204611,0.516088,-0.831738,-1.409848,-21.249126,66.494319,0.042435,167.53179,-0.975536,12.456798,0.975536,-0.215703,-0.042435,2.490775,2.432104,0.215703,0.215703,-167.53179,-2.432104,0.042435,-12.456798,-2.490775,-0.042435,-0.215703,0.975536,-0.975536,NA,NA,NA,NA,NA,NA,NA,NA,NA,NA,NA,NA
NA,NA,NA,NA,NA,NA,NA,NA,NA,NA,NA,NA,NA,NA,NA,NA,136,2025-09-29,15:21:11,2,6,"Holmes, Connor",1000191481,Right,ROA_STA,"Mutter, Evan",1000300074,Right,CAR_EAG,Undefined,5,Bottom,1,3,2,Slider,Curveball,InPlay,Undefined,FlyBall,Out,1,0,NA,67.22741,2.483755,0.835325,1654.552101,241.930289,02:00:00,5.39009,-1.54139,5.44882,-56.50787,5.97603,7.82906,3.00826,-0.10682,62.21988,-7.837244,2.228165,0.568926,NA,NA,NA,NA,NA,NA,NA,NA,NA,NA,NA,-3.75662,2.86827,1.4619,50,5.57033,-1.68023,-97.60525,2.638,-3.6498,14.3361,-29.38731,CAR_EAG,ROA_STA,CarsonNewman,TeamExclusive,Team,20250929-CarsonNewman-Private-1,75e69ce0-9d69-11f0-bac8-5ddf494ae676,66.25196,NA,NA,5.00753,NA,NA,NA,NA,NA,NA,d963aabb-c726-4912-9008-f618f1adb60d,2025-09-29,19:21:11,2025-09-29T19:21:11Z,2025-09-29T19:21:11Z,NA,v3,CNE,ROST,NA,"Cauthen, Cade",1000141057,Right,ROA_STA,bc1082aa-20de-4f1a-b8c4-1a96496b7db7,55.05447,-98.34484,7.16805,5.39513,4.15407,-14.69366,1.54372,-1.49194,-1.8249,NA,NA,NA,NA,NA,NA,NA,NA,NA,NA,NA,NA,NA,NA,NA,NA,NA,NA,NA,NA,NA,NA,NA,NA,NA,NA,NA,NA,NA,NA,NA,NA,NA,NA,NA,NA,NA,NA,NA,NA,NA,NA,NA,NA,NA,NA,NA,NA,NA,NA,High,High,High,NA,NA,NA,NA,NA,338.073307,-67.014607,646.096704,0.390496,05:15:00,0.908042,-0.185578,0.375527,79.660437,-39.922348,-14.564366,-0.292279,96.163771,-0.102682,-71.953346,0.102682,-0.950805,0.292279,70.642832,-16.994447,0.950805,-0.950805,-96.163771,16.994447,0.292279,71.953346,-70.642832,-0.292279,0.950805,0.102682,-0.102682,NA,NA,NA,NA,NA,NA,NA,NA,NA,NA,NA,NA
NA,NA,NA,NA,NA,NA,NA,NA,NA,NA,NA,NA,NA,NA,NA,NA,137,2025-09-29,15:21:40,3,1,"Holmes, Connor",1000191481,Right,ROA_STA,"Evans, Colton",10278429,Right,CAR_EAG,Undefined,5,Bottom,2,0,0,Fastball,Changeup,FoulBallNotFieldable,Undefined,Undefined,Undefined,0,0,NA,78.34207,-0.371569,2.356012,1580.300076,138.505185,10:30:00,5.69428,-1.14673,5.43676,-32.3371,14.30272,-11.25107,2.65125,0.12328,71.30043,-6.369555,0.35489,0.49153,NA,NA,NA,NA,NA,NA,NA,NA,NA,NA,NA,6.41394,7.76544,0.94628,50,5.63928,-4.23888,-113.58587,-1.74419,8.32029,22.17573,-22.10059,CAR_EAG,ROA_STA,CarsonNewman,TeamExclusive,Team,20250929-CarsonNewman-Private-1,871c2160-9d69-11f0-bac8-5ddf494ae676,76.68393,NA,NA,7.04165,NA,NA,NA,NA,NA,NA,d963aabb-c726-4912-9008-f618f1adb60d,2025-09-29,19:21:40,2025-09-29T19:21:40Z,2025-09-29T19:21:40Z,NA,v3,CNE,ROST,NA,"Cauthen, Cade",1000141057,Right,ROA_STA,0c815e90-1682-4efe-b5ff-8912088eec85,55.0647,-114.57039,11.08786,5.69494,-0.763,-11.0503,1.14267,-4.60827,4.16015,NA,NA,NA,NA,NA,NA,NA,NA,NA,NA,NA,NA,NA,NA,NA,NA,NA,NA,NA,NA,NA,NA,NA,NA,NA,NA,NA,NA,NA,NA,NA,NA,NA,NA,NA,NA,NA,NA,NA,NA,NA,NA,NA,NA,NA,NA,NA,NA,NA,NA,High,High,High,NA,NA,NA,NA,NA,143.625373,-17.469549,1507.411315,0.953877,10:45:00,0.327845,0.567643,-0.755181,-4.195284,-25.202862,73.691888,-0.085343,165.185925,-0.963233,-14.758797,0.963233,-0.25475,0.085343,5.063236,-4.89577,0.25475,-0.25475,-165.185925,4.89577,0.085343,14.758797,-5.063236,-0.085343,0.25475,0.963233,-0.963233,NA,NA,NA,NA,NA,NA,NA,NA,NA,NA,NA,NA
NA,NA,NA,NA,NA,NA,NA,NA,NA,NA,NA,NA,NA,NA,NA,NA,138,2025-09-29,15:22:00,3,2,"Holmes, Connor",1000191481,Right,ROA_STA,"Evans, Colton",10278429,Right,CAR_EAG,Undefined,5,Bottom,2,0,1,Slider,Curveball,InPlay,Undefined,GroundBall,Error,0,0,NA,67.67631,1.065663,1.034195,1595.642949,274.6815,03:15:00,5.34501,-1.59531,5.47081,-61.03547,1.16843,10.13997,1.25634,0.21768,62.36719,-10.052573,2.842441,0.567649,66.20468,-12.092637,-18.796082,NA,NA,NA,NA,12.09477,11.98209,-12.611796,0.084788,-4.87134,0.75165,1.49697,50,5.39661,-2.10561,-98.247,0.0866,-4.73495,16.36975,-31.44344,CAR_EAG,ROA_STA,CarsonNewman,TeamExclusive,Team,20250929-CarsonNewman-Private-1,92d38cf0-9d69-11f0-bac8-5ddf494ae676,66.40091,1.71414,NA,5.30912,NA,NA,NA,4.24028,1.71414,-0.08045,d963aabb-c726-4912-9008-f618f1adb60d,2025-09-29,19:22:00,2025-09-29T19:22:00Z,2025-09-29T19:22:00Z,GroundBall,v3,CNE,ROST,NA,"Cauthen, Cade",1000141057,Right,ROA_STA,e4458cd8-8101-4e9d-9efb-9b44498c77be,55.03313,-99.08207,8.18488,5.35129,1.69061,-15.72172,1.59822,-1.86407,-2.36747,186.911807,4.24031,89.87776,-8.05634,NA,NA,NA,NA,NA,NA,1.71408,-20.33243,1.38018,NA,NA,NA,NA,NA,NA,-0.08047,-30.5883,4.6156,NA,NA,NA,NA,NA,NA,NA,NA,NA,NA,NA,NA,NA,NA,NA,NA,NA,NA,NA,NA,NA,NA,NA,NA,NA,NA,NA,NA,High,High,High,High,High,NA,NA,NA,338.868517,-67.90785,600.117028,0.376097,05:15:00,0.917416,-0.152796,0.367425,78.129542,-37.426377,-13.107505,-0.254668,96.780905,-0.11418,-73.793914,0.11418,-0.960264,0.254668,65.851013,-14.753925,0.960264,-0.960264,-96.780905,14.753925,0.254668,73.793914,-65.851013,-0.254668,0.960264,0.11418,-0.11418,NA,NA,NA,NA,NA,NA,NA,NA,NA,NA,NA,NA
NA,NA,NA,NA,NA,NA,NA,NA,NA,NA,NA,NA,NA,NA,NA,NA,139,2025-09-29,15:22:40,4,1,"Holmes, Connor",1000191481,Right,ROA_STA,"Pierce, Johno",10069844,Right,CAR_EAG,Undefined,5,Bottom,2,0,0,ChangeUp,Curveball,BallCalled,Undefined,Undefined,Undefined,0,0,NA,65.17213,2.88074,0.554179,1597.333471,249.415714,02:15:00,5.24306,-2.52271,5.24424,-62.69527,4.0663,5.91796,2.7283,-1.50869,60.61125,-8.493709,1.603245,0.588078,NA,NA,NA,NA,NA,NA,NA,NA,NA,NA,NA,-2.81937,1.91693,2.4672,50,5.46118,-1.11183,-94.60453,2.96639,-2.58617,12.79056,-30.41567,CAR_EAG,ROA_STA,CarsonNewman,TeamExclusive,Team,20250929-CarsonNewman-Private-1,aadfdc90-9d69-11f0-bac8-5ddf494ae676,64.09432,NA,NA,4.56088,NA,NA,NA,NA,NA,NA,d963aabb-c726-4912-9008-f618f1adb60d,2025-09-29,19:22:40,2025-09-29T19:22:40Z,2025-09-29T19:22:40Z,NA,v3,CNE,ROST,NA,"Cauthen, Cade",1000141057,Right,ROA_STA,93be314e-22e1-4418-ba9c-136a8b5715fb,55.25859,-95.31284,6.39528,5.25027,4.65074,-15.20784,2.52481,-0.96862,-1.29308,NA,NA,NA,NA,NA,NA,NA,NA,NA,NA,NA,NA,NA,NA,NA,NA,NA,NA,NA,NA,NA,NA,NA,NA,NA,NA,NA,NA,NA,NA,NA,NA,NA,NA,NA,NA,NA,NA,NA,NA,NA,NA,NA,NA,NA,NA,NA,NA,NA,NA,High,High,High,NA,NA,NA,NA,NA,328.183475,-70.529461,532.426585,0.333322,05:00:00,0.930007,-0.222889,0.292246,76.194989,-34.610431,-19.462481,-0.267285,100.044518,-0.168068,-71.594847,0.168068,-0.948848,0.267285,57.838519,-15.502791,0.948848,-0.948848,-100.044518,15.502791,0.267285,71.594847,-57.838519,-0.267285,0.948848,0.168068,-0.168068,NA,NA,NA,NA,NA,NA,NA,NA,NA,NA,NA,NA
NA,NA,NA,NA,NA,NA,NA,NA,NA,NA,NA,NA,NA,NA,NA,NA,140,2025-09-29,15:22:55,4,2,"Holmes, Connor",1000191481,Right,ROA_STA,"Pierce, Johno",10069844,Right,CAR_EAG,Undefined,5,Bottom,2,1,0,Fastball,Changeup,BallCalled,Undefined,Undefined,Undefined,0,0,NA,77.5088,-2.890168,2.852988,1772.061391,141.955539,10:45:00,5.75377,-1.33704,5.67557,-28.31277,19.00387,-13.59418,0.69421,0.19219,70.8036,-8.165876,0.423732,0.495083,NA,NA,NA,NA,NA,NA,NA,NA,NA,NA,NA,7.71949,10.98308,1.10476,50,5.49184,-5.07579,-112.22327,-6.48208,9.79383,21.28579,-18.23968,CAR_EAG,ROA_STA,CarsonNewman,TeamExclusive,Team,20250929-CarsonNewman-Private-1,b3b44c70-9d69-11f0-bac8-5ddf494ae676,76.13352,NA,NA,6.7052,NA,NA,NA,NA,NA,NA,d963aabb-c726-4912-9008-f618f1adb60d,2025-09-29,19:22:55,2025-09-29T19:22:55Z,2025-09-29T19:22:55Z,NA,v3,CNE,ROST,NA,"Cauthen, Cade",1000141057,Right,ROA_STA,db3220db-3109-403f-902e-fd2846274c46,54.82406,-113.13456,10.64289,5.75263,-5.70119,-9.11984,1.33104,-5.49509,4.89691,NA,NA,NA,NA,NA,NA,NA,NA,NA,NA,NA,NA,NA,NA,NA,NA,NA,NA,NA,NA,NA,NA,NA,NA,NA,NA,NA,NA,NA,NA,NA,NA,NA,NA,NA,NA,NA,NA,NA,NA,NA,NA,NA,NA,NA,NA,NA,NA,NA,NA,High,High,High,NA,NA,NA,NA,NA,149.935531,-21.250493,1651.56964,0.932005,11:00:00,0.378171,0.484591,-0.78877,-7.147909,-25.87254,63.358658,0.001384,168.570895,-0.98017,11.429094,0.98017,-0.198155,-0.001384,0.080921,0.079317,0.198155,0.198155,-168.570895,-0.079317,0.001384,-11.429094,-0.080921,-0.001384,-0.198155,0.98017,-0.98017,NA,NA,NA,NA,NA,NA,NA,NA,NA,NA,NA,NA
NA,NA,NA,NA,NA,NA,NA,NA,NA,NA,NA,NA,NA,NA,NA,NA,141,2025-09-29,15:23:12,4,3,"Holmes, Connor",1000191481,Right,ROA_STA,"Pierce, Johno",10069844,Right,CAR_EAG,Undefined,5,Bottom,2,2,0,ChangeUp,Changeup,BallCalled,Undefined,Undefined,Undefined,0,0,NA,70.81763,2.256497,2.20178,1319.12286,140.485289,10:45:00,5.1278,-2.19513,5.6395,-41.87601,13.80363,-10.11654,3.74595,-0.98303,65.50651,-5.469847,0.39759,0.537056,NA,NA,NA,NA,NA,NA,NA,NA,NA,NA,NA,5.65626,6.94091,2.01448,50,5.29297,-3.60493,-102.81326,2.87785,6.13486,14.92274,-24.64589,CAR_EAG,ROA_STA,CarsonNewman,TeamExclusive,Team,20250929-CarsonNewman-Private-1,bddba220-9d69-11f0-bac8-5ddf494ae676,70.18343,NA,NA,5.31112,NA,NA,NA,NA,NA,NA,d963aabb-c726-4912-9008-f618f1adb60d,2025-09-29,19:23:12,2025-09-29T19:23:12Z,2025-09-29T19:23:12Z,NA,v3,CNE,ROST,NA,"Cauthen, Cade",1000141057,Right,ROA_STA,2047da75-4938-4266-84d8-022b65d3b7ae,54.86204,-103.51655,7.46137,5.12997,4.03938,-12.32294,2.19119,-3.89406,3.06743,NA,NA,NA,NA,NA,NA,NA,NA,NA,NA,NA,NA,NA,NA,NA,NA,NA,NA,NA,NA,NA,NA,NA,NA,NA,NA,NA,NA,NA,NA,NA,NA,NA,NA,NA,NA,NA,NA,NA,NA,NA,NA,NA,NA,NA,NA,NA,NA,NA,NA,High,High,High,NA,NA,NA,NA,NA,124.898605,-11.962975,1290.473824,0.978282,10:15:00,0.260037,0.79357,-0.550116,117.055019,-19.012388,5.130855,-0.90782,161.584439,-0.397885,-7.612845,0.397885,-0.132479,0.90782,66.332848,-65.205819,0.132479,-0.132479,-161.584439,65.205819,0.90782,7.612845,-66.332848,-0.90782,0.132479,0.397885,-0.397885,NA,NA,NA,NA,NA,NA,NA,NA,NA,NA,NA,NA
NA,NA,NA,NA,NA,NA,NA,NA,NA,NA,NA,NA,NA,NA,NA,NA,142,2025-09-29,15:23:26,4,4,"Holmes, Connor",1000191481,Right,ROA_STA,"Pierce, Johno",10069844,Right,CAR_EAG,Undefined,5,Bottom,2,3,0,Fastball,Changeup,BallCalled,Walk,Undefined,Undefined,0,0,NA,78.25882,-1.926644,2.253474,1890.48811,140.338892,10:45:00,5.8589,-1.37321,5.46305,-29.86309,16.94013,-12.69166,1.56485,-0.32046,71.25729,-7.474119,-0.006349,0.49239,NA,NA,NA,NA,NA,NA,NA,NA,NA,NA,NA,7.0213,9.59008,1.18337,50,5.66898,-3.95383,-113.3601,-4.72369,9.06945,22.14208,-19.78654,CAR_EAG,ROA_STA,CarsonNewman,TeamExclusive,Team,20250929-CarsonNewman-Private-1,c669ba30-9d69-11f0-bac8-5ddf494ae676,76.54996,NA,NA,7.00153,NA,NA,NA,NA,NA,NA,d963aabb-c726-4912-9008-f618f1adb60d,2025-09-29,19:23:26,2025-09-29T19:23:26Z,2025-09-29T19:23:26Z,NA,v3,CNE,ROST,NA,"Cauthen, Cade",1000141057,Right,ROA_STA,ac6dc8d9-ccc1-4e84-8b8d-1c7b7d05a603,55.03535,-114.3394,11.07104,5.85854,-3.84857,-9.89327,1.36711,-4.35495,4.53472,NA,NA,NA,NA,NA,NA,NA,NA,NA,NA,NA,NA,NA,NA,NA,NA,NA,NA,NA,NA,NA,NA,NA,NA,NA,NA,NA,NA,NA,NA,NA,NA,NA,NA,NA,NA,NA,NA,NA,NA,NA,NA,NA,NA,NA,NA,NA,NA,NA,NA,High,High,High,NA,NA,NA,NA,NA,150.854286,-9.152266,1866.420534,0.987269,11:00:00,0.176597,0.485908,-0.855983,-2.495438,-16.70927,71.367122,0.029495,165.576575,-0.96806,14.417014,0.96806,-0.248978,-0.029495,1.745167,1.690194,0.248978,0.248978,-165.576575,-1.690194,0.029495,-14.417014,-1.745167,-0.029495,-0.248978,0.96806,-0.96806,NA,NA,NA,NA,NA,NA,NA,NA,NA,NA,NA,NA
NA,NA,NA,NA,NA,NA,NA,NA,NA,NA,NA,NA,NA,NA,NA,NA,143,2025-09-29,15:23:56,5,1,"Holmes, Connor",1000191481,Right,ROA_STA,"Floyd, Logan",1000148156,Right,CAR_EAG,Undefined,5,Bottom,2,0,0,Slider,Curveball,BallCalled,Undefined,Undefined,Undefined,0,0,NA,66.22304,3.494272,1.687963,1666.557589,240.409345,02:00:00,5.3647,-2.00132,5.28869,-58.66598,5.82134,7.24693,3.7627100000000002,0.18816,61.58328,-7.167726,2.971076,0.577974,NA,NA,NA,NA,NA,NA,NA,NA,NA,NA,NA,-3.2278,2.64083,1.84196,50,5.64047,-3.07412,-96.06437,4.18365,-3.06293,12.72368,-29.66811,CAR_EAG,ROA_STA,CarsonNewman,TeamExclusive,Team,20250929-CarsonNewman-Private-1,d84fa2f0-9d69-11f0-bac8-5ddf494ae676,65.21473,NA,NA,4.63976,NA,NA,NA,NA,NA,NA,d963aabb-c726-4912-9008-f618f1adb60d,2025-09-29,19:23:56,2025-09-29T19:23:56Z,2025-09-29T19:23:56Z,NA,v3,CNE,ROST,NA,"Cauthen, Cade",1000141057,Right,ROA_STA,2a48e4e3-c6f6-4a0c-b804-bc928c5a6456,55.21401,-96.75249,6.36184,5.37082,5.78817,-14.83406,2.00374,-2.90847,-1.53147,NA,NA,NA,NA,NA,NA,NA,NA,NA,NA,NA,NA,NA,NA,NA,NA,NA,NA,NA,NA,NA,NA,NA,NA,NA,NA,NA,NA,NA,NA,NA,NA,NA,NA,NA,NA,NA,NA,NA,NA,NA,NA,NA,NA,NA,NA,NA,NA,NA,NA,High,High,High,NA,NA,NA,NA,NA,341.683348,-71.891412,517.997602,0.310819,05:30:00,0.933648,-0.155429,0.322713,55.621385,-36.008783,5.341337,-0.929884,96.755119,-0.043269,-21.426012,0.043269,-0.365299,0.929884,87.335848,-68.416727,0.365299,-0.365299,-96.755119,68.416727,0.929884,21.426012,-87.335848,-0.929884,0.365299,0.043269,-0.043269,NA,NA,NA,NA,NA,NA,NA,NA,NA,NA,NA,NA
NA,NA,NA,NA,NA,NA,NA,NA,NA,NA,NA,NA,NA,NA,NA,NA,144,2025-09-29,15:24:11,5,2,"Holmes, Connor",1000191481,Right,ROA_STA,"Floyd, Logan",1000148156,Right,CAR_EAG,Undefined,5,Bottom,2,1,0,Fastball,Changeup,FoulBallNotFieldable,Undefined,Undefined,Undefined,0,0,NA,78.65522,-0.59803,2.86755,1897.293637,135.616586,10:30:00,5.71341,-1.35515,5.47878,-29.13021,16.82757,-15.01351,2.72556,0.07926,71.92775,-6.014561,0.196881,0.487923,NA,NA,NA,NA,NA,NA,NA,NA,NA,NA,NA,8.43666,9.09756,1.11399,50,5.64128,-5.13747,-114.07728,-2.08145,11.10863,21.14193,-20.19517,CAR_EAG,ROA_STA,CarsonNewman,TeamExclusive,Team,20250929-CarsonNewman-Private-1,e1361430-9d69-11f0-bac8-5ddf494ae676,77.25084,NA,NA,6.72747,NA,NA,NA,NA,NA,NA,d963aabb-c726-4912-9008-f618f1adb60d,2025-09-29,19:24:11,2025-09-29T19:24:11Z,2025-09-29T19:24:11Z,NA,v3,CNE,ROST,NA,"Cauthen, Cade",1000141057,Right,ROA_STA,58d4d0c1-a9a7-4384-84ec-cb0e257549a3,55.0236,-115.00454,10.57096,5.71314,-1.19572,-10.09759,1.35,-5.62468,5.55431,NA,NA,NA,NA,NA,NA,NA,NA,NA,NA,NA,NA,NA,NA,NA,NA,NA,NA,NA,NA,NA,NA,NA,NA,NA,NA,NA,NA,NA,NA,NA,NA,NA,NA,NA,NA,NA,NA,NA,NA,NA,NA,NA,NA,NA,NA,NA,NA,NA,NA,High,High,High,NA,NA,NA,NA,NA,148.613584,-12.344383,1853.428704,0.97688,11:00:00,0.249924,0.51097,-0.822464,-4.323104,-17.505918,76.584561,-0.052433,163.599526,-0.957992,-16.377278,0.957992,-0.281961,0.052433,3.132816,-3.005585,0.281961,-0.281961,-163.599526,3.005585,0.052433,16.377278,-3.132816,-0.052433,0.281961,0.957992,-0.957992,NA,NA,NA,NA,NA,NA,NA,NA,NA,NA,NA,NA
NA,NA,NA,NA,NA,NA,NA,NA,NA,NA,NA,NA,NA,NA,NA,NA,145,2025-09-29,15:24:36,5,3,"Holmes, Connor",1000191481,Right,ROA_STA,"Floyd, Logan",1000148156,Right,CAR_EAG,Undefined,5,Bottom,2,1,1,Fastball,Changeup,InPlay,Undefined,FlyBall,Out,1,0,NA,79.96753,-1.032191,2.586876,1886.760417,143.155248,10:45:00,5.8289,-1.3537,5.51584,-25.98186,19.1284,-13.06863,2.69745,-0.02213,71.98333,-5.929406,0.260051,0.483403,96.63214,38.341071,-2.31124,3921.924182,109.96935,82.29157,2.58542,341.31918,295.10307,11.532578000000001,5.495297,7.4813,10.47922,1.13731,50,5.72202,-4.71288,-115.78578,-2.85299,9.97825,25.15039,-18.19733,CAR_EAG,ROA_STA,CarsonNewman,TeamExclusive,Team,20250929-CarsonNewman-Private-1,f037efd0-9d69-11f0-bac8-5ddf494ae676,77.97315,110.23477,NA,7.9842,NA,NA,NA,1.94855,2.7635,0.06794,d963aabb-c726-4912-9008-f618f1adb60d,2025-09-29,19:24:36,2025-09-29T19:24:36Z,2025-09-29T19:24:36Z,FlyBall,v3,CNE,ROST,NA,"Cauthen, Cade",1000141057,Right,ROA_STA,03cd29f7-8043-4f07-841d-ae27b1699923,54.98387,-116.86334,12.5752,5.82756,-2.07333,-9.09866,1.34839,-5.1404,4.98913,198.408232,1.95495,110.94473,-25.55096,6.31524,-0.92561,0.0268,0.01517,-0.00228,1e-4,2.76291,87.92042,-20.39387,1.08892,0.04638,-0.08849,0.02839,-0.00398,2.1e-4,0.06667,-4.46139,6.39221,-1.03991,0.10064,-0.00217,-3e-5,-1.2e-4,1e-5,NA,NA,NA,NA,NA,NA,NA,NA,NA,NA,NA,NA,NA,NA,NA,NA,NA,NA,NA,NA,NA,NA,High,High,High,High,Low,NA,NA,NA,147.805664,-14.23819,1828.802205,0.969282,11:00:00,0.273391,0.520773,-0.808735,-0.424333,-22.271337,72.50435,-0.096696,166.699224,-0.968615,-13.237312,0.968615,-0.228985,0.096696,5.7009,-5.548945,0.228985,-0.228985,-166.699224,5.548945,0.096696,13.237312,-5.7009,-0.096696,0.228985,0.968615,-0.968615,NA,NA,NA,NA,NA,NA,NA,NA,NA,NA,NA,NA
NA,NA,NA,NA,NA,NA,NA,NA,NA,NA,NA,NA,NA,NA,NA,NA,146,2025-09-29,15:26:57,1,1,"Wilson, Alec",10092217,Right,CAR_EAG,"Kirkland, Cody",10017751,Left,ROA_STA,Undefined,6,Top,0,0,0,Slider,Curveball,BallCalled,Undefined,Undefined,Undefined,0,0,NA,73.21492,0.703916,-1.699254,2072.595601,72.377877,08:30:00,5.86786,2.09625,5.14769,-56.49972,-2.65693,-13.7641,1.82263,-0.65112,67.37187,-9.509642,-4.13725,0.528123,NA,NA,NA,NA,NA,NA,NA,NA,NA,NA,NA,6.32992,-0.96256,-1.92628,50,5.89046,3.67735,-106.20472,-0.56706,7.19273,19.05968,-33.2678,CAR_EAG,ROA_STA,CarsonNewman,TeamExclusive,Team,20250929-CarsonNewman-Private-1,442cdb50-9d6a-11f0-bac8-5ddf494ae676,71.37056,NA,NA,5.84306,NA,NA,NA,NA,NA,NA,d963aabb-c726-4912-9008-f618f1adb60d,2025-09-29,19:26:57,2025-09-29T19:26:57Z,2025-09-29T19:26:57Z,NA,v3,CNE,ROST,NA,"Cochran, Carson",10085797,Right,CAR_EAG,d06308e4-c320-48c7-9821-e339536863ef,55.35505,-107.16144,9.52984,5.87701,1.10284,-16.6339,-2.1018,3.31631,3.59636,NA,NA,NA,NA,NA,NA,NA,NA,NA,NA,NA,NA,NA,NA,NA,NA,NA,NA,NA,NA,NA,NA,NA,NA,NA,NA,NA,NA,NA,NA,NA,NA,NA,NA,NA,NA,NA,NA,NA,NA,NA,NA,NA,NA,NA,NA,NA,NA,NA,NA,High,High,High,NA,NA,NA,NA,NA,52.303594,66.404873,829.600124,0.400271,07:45:00,-0.904778,0.327954,0.271706,-1.82114,-6.421455,8.642381,-0.809577,130.203158,-0.378917,-26.637092,0.378917,-0.448338,0.809577,64.918364,-54.054624,0.448338,-0.448338,-130.203158,54.054624,0.809577,26.637092,-64.918364,-0.809577,0.448338,0.378917,-0.378917,NA,NA,NA,NA,NA,NA,NA,NA,NA,NA,NA,NA
NA,NA,NA,NA,NA,NA,NA,NA,NA,NA,NA,NA,NA,NA,NA,NA,147,2025-09-29,15:27:12,1,2,"Wilson, Alec",10092217,Right,CAR_EAG,"Kirkland, Cody",10017751,Left,ROA_STA,Undefined,6,Top,0,1,0,Slider,Curveball,StrikeCalled,Undefined,Undefined,Undefined,0,0,NA,73.0229,2.085016,-0.483121,2161.676242,56.154326,07:45:00,5.99484,2.17121,4.7611,-63.15799,-7.39138,-14.08146,2.70977,0.53962,66.02659,-9.308611,-2.9611,0.537476,NA,NA,NA,NA,NA,NA,NA,NA,NA,NA,NA,6.68835,-3.64583,-2.10974,50,6.14889,1.46236,-105.6696,1.62931,7.40768,21.44133,-36.21197,CAR_EAG,ROA_STA,CarsonNewman,TeamExclusive,Team,20250929-CarsonNewman-Private-1,4d4272e0-9d6a-11f0-bac8-5ddf494ae676,70.12866,NA,NA,6.99632,NA,NA,NA,NA,NA,NA,d963aabb-c726-4912-9008-f618f1adb60d,2025-09-29,19:27:12,2025-09-29T19:27:12Z,2025-09-29T19:27:12Z,NA,v3,CNE,ROST,NA,"Cochran, Carson",10085797,Right,CAR_EAG,1148409a-fcd2-40e9-89b9-ad439c833620,55.74024,-106.828,10.72067,6.00802,3.58571,-18.10598,-2.17794,1.06215,3.70384,NA,NA,NA,NA,NA,NA,NA,NA,NA,NA,NA,NA,NA,NA,NA,NA,NA,NA,NA,NA,NA,NA,NA,NA,NA,NA,NA,NA,NA,NA,NA,NA,NA,NA,NA,NA,NA,NA,NA,NA,NA,NA,NA,NA,NA,NA,NA,NA,NA,NA,High,High,High,NA,NA,NA,NA,NA,49.674683,64.212494,940.404306,0.435035,07:45:00,-0.885346,0.364202,0.288998,12.418743,-3.209053,-0.587179,-0.871558,121.157753,-0.253675,-24.807156,0.253675,-0.419565,0.871558,73.771865,-60.640221,0.419565,-0.419565,-121.157753,60.640221,0.871558,24.807156,-73.771865,-0.871558,0.419565,0.253675,-0.253675,NA,NA,NA,NA,NA,NA,NA,NA,NA,NA,NA,NA
NA,NA,NA,NA,NA,NA,NA,NA,NA,NA,NA,NA,NA,NA,NA,NA,148,2025-09-29,15:27:28,1,3,"Wilson, Alec",10092217,Right,CAR_EAG,"Kirkland, Cody",10017751,Left,ROA_STA,Undefined,6,Top,0,1,1,Fastball,Changeup,InPlay,Undefined,LineDrive,Out,1,0,NA,83.47514,-0.9889,-2.52878,2015.669465,211.716798,01:00:00,6.03765,2.06767,5.21792,-25.00734,16.72528,9.40099,3.02285,0.47174,75.33491,-5.660241,-0.864291,0.464953,75.06081,14.993174,7.951089,1675.078988,108.11275,14.08244,20.28805,171.42825,148.45427,12.667605,1.915271,-5.49681,9.09363,-1.84138,50,5.92814,4.93059,-120.83693,-2.9069,-8.01813,26.50095,-18.90933,CAR_EAG,ROA_STA,CarsonNewman,TeamExclusive,Team,20250929-CarsonNewman-Private-1,566e2a80-9d6a-11f0-bac8-5ddf494ae676,81.06715,15.14014,NA,8.14023,NA,NA,NA,0.87507,3.0223,-0.42939,d963aabb-c726-4912-9008-f618f1adb60d,2025-09-29,19:27:28,2025-09-29T19:27:28Z,2025-09-29T19:27:28Z,LineDrive,v3,CNE,ROST,NA,"Cochran, Carson",10085797,Right,CAR_EAG,a3da7e65-a7fc-4bcb-adab-90096116350e,55.28115,-121.98965,13.25048,6.03669,-2.08439,-9.45467,-2.06344,5.27936,-4.00907,254.719749,0.8751,105.31616,-11.35256,1.15439,0.09867,-0.42754,0.32354,-0.11927,0.01769,3.02228,28.48214,-17.7992,1.46185,-0.44289,0.33425,-0.20623,0.07315,-0.01073,-0.42939,14.70999,3.4953,-0.56997,0.10006,-0.01008,-0.00383,0.00205,-3.3e-4,NA,NA,NA,NA,NA,NA,NA,NA,NA,NA,NA,NA,NA,NA,NA,NA,NA,NA,NA,NA,NA,NA,High,High,High,High,High,NA,NA,NA,216.296082,15.434581,1942.974244,0.963935,01:15:00,-0.290279,-0.575117,-0.764839,-5.838704,44.545186,32.768252,-0.230088,171.678143,-0.962923,-8.097062,0.962923,-0.14085,0.230088,13.438674,-13.302229,0.14085,-0.14085,-171.678143,13.302229,0.230088,8.097062,-13.438674,-0.230088,0.14085,0.962923,-0.962923,NA,NA,NA,NA,NA,NA,NA,NA,NA,NA,NA,NA
NA,NA,NA,NA,NA,NA,NA,NA,NA,NA,NA,NA,NA,NA,NA,NA,149,2025-09-29,15:27:56,2,1,"Wilson, Alec",10092217,Right,CAR_EAG,"Lewis, Kanon",10061269,Right,ROA_STA,Undefined,6,Top,1,0,0,ChangeUp,Changeup,BallCalled,Undefined,Undefined,Undefined,0,0,NA,77.4747,1.56693,-1.34702,1763.592939,254.183245,02:30:00,5.76216,2.38919,5.84232,-41.72439,5.80461,14.26237,3.7422,2.32557,69.63907,-6.206522,1.210362,0.496193,NA,NA,NA,NA,NA,NA,NA,NA,NA,NA,NA,-7.66111,2.99,-2.28756,50,5.86594,2.09021,-112.26532,1.79405,-9.58383,24.07643,-28.43366,CAR_EAG,ROA_STA,CarsonNewman,TeamExclusive,Team,20250929-CarsonNewman-Private-1,67017b90-9d6a-11f0-bac8-5ddf494ae676,75.96325,NA,NA,7.83563,NA,NA,NA,NA,NA,NA,d963aabb-c726-4912-9008-f618f1adb60d,2025-09-29,19:27:56,2025-09-29T19:27:56Z,2025-09-29T19:27:56Z,NA,v3,CNE,ROST,NA,"Cochran, Carson",10085797,Right,CAR_EAG,8d10dea9-9567-41f8-a7ab-8360e52fba75,54.65579,-113.2594,12.03822,5.76763,2.96803,-14.21683,-2.38202,2.48591,-4.79191,NA,NA,NA,NA,NA,NA,NA,NA,NA,NA,NA,NA,NA,NA,NA,NA,NA,NA,NA,NA,NA,NA,NA,NA,NA,NA,NA,NA,NA,NA,NA,NA,NA,NA,NA,NA,NA,NA,NA,NA,NA,NA,NA,NA,NA,NA,NA,NA,NA,NA,High,High,High,NA,NA,NA,NA,NA,234.048374,15.734019,1697.512719,0.962531,01:45:00,-0.305581,-0.771475,-0.558075,81.716322,36.060669,53.144323,0.318244,95.054611,-0.083525,70.790551,0.083525,-0.944322,-0.318244,75.294154,18.556776,0.944322,0.944322,-95.054611,-18.556776,0.318244,-70.790551,-75.294154,-0.318244,-0.944322,0.083525,-0.083525,NA,NA,NA,NA,NA,NA,NA,NA,NA,NA,NA,NA
NA,NA,NA,NA,NA,NA,NA,NA,NA,NA,NA,NA,NA,NA,NA,NA,150,2025-09-29,15:28:11,2,2,"Wilson, Alec",10092217,Right,CAR_EAG,"Lewis, Kanon",10061269,Right,ROA_STA,Undefined,6,Top,1,1,0,Fastball,Changeup,StrikeCalled,Undefined,Undefined,Undefined,0,0,NA,78.051,-0.38748,-2.653982,1862.751067,247.051015,02:15:00,5.78054,2.41485,5.80875,-40.1079,6.07929,10.80249,2.07748,0.84512,71.47597,-7.788419,-0.71822,0.489139,NA,NA,NA,NA,NA,NA,NA,NA,NA,NA,NA,-6.27902,3.66799,-2.20344,50,5.72487,4.84597,-113.25096,-2.00803,-8.12592,21.36689,-27.42715,CAR_EAG,ROA_STA,CarsonNewman,TeamExclusive,Team,20250929-CarsonNewman-Private-1,6ffdbec0-9d6a-11f0-bac8-5ddf494ae676,77.05878,NA,NA,6.57502,NA,NA,NA,NA,NA,NA,d963aabb-c726-4912-9008-f618f1adb60d,2025-09-29,19:28:11,2025-09-29T19:28:11Z,2025-09-29T19:28:11Z,NA,v3,CNE,ROST,NA,"Cochran, Carson",10085797,Right,CAR_EAG,472894bd-cbdc-4891-98c9-d996ca5329b7,54.69281,-114.13291,10.68345,5.78439,-0.87594,-13.71358,-2.41039,5.18138,-4.06296,NA,NA,NA,NA,NA,NA,NA,NA,NA,NA,NA,NA,NA,NA,NA,NA,NA,NA,NA,NA,NA,NA,NA,NA,NA,NA,NA,NA,NA,NA,NA,NA,NA,NA,NA,NA,NA,NA,NA,NA,NA,NA,NA,NA,NA,NA,NA,NA,NA,NA,High,High,High,NA,NA,NA,NA,NA,234.570878,23.040481,1714.156732,0.920229,01:45:00,-0.410588,-0.752463,-0.514993,-84.789738,-48.241877,53.85738,0.29982,95.136173,-0.085405,71.835485,0.085405,-0.950165,-0.29982,74.100219,17.446782,0.950165,0.950165,-95.136173,-17.446782,0.29982,-71.835485,-74.100219,-0.29982,-0.950165,0.085405,-0.085405,NA,NA,NA,NA,NA,NA,NA,NA,NA,NA,NA,NA
NA,NA,NA,NA,NA,NA,NA,NA,NA,NA,NA,NA,NA,NA,NA,NA,151,2025-09-29,15:28:27,2,3,"Wilson, Alec",10092217,Right,CAR_EAG,"Lewis, Kanon",10061269,Right,ROA_STA,Undefined,6,Top,1,1,1,Fastball,Four-Seam,StrikeCalled,Undefined,Undefined,Undefined,0,0,NA,84.36697,-1.739269,-3.933086,2185.510398,204.075389,12:45:00,5.98669,2.0862,5.26409,-23.44013,17.18509,7.05524,2.39496,-1.02678,76.69983,-6.103993,-2.685997,0.458743,NA,NA,NA,NA,NA,NA,NA,NA,NA,NA,NA,-4.66685,9.50536,-1.73092,50,5.81024,8.08048,-122.01455,-4.47984,-6.99728,25.22048,-17.92205,CAR_EAG,ROA_STA,CarsonNewman,TeamExclusive,Team,20250929-CarsonNewman-Private-1,79e6abe0-9d6a-11f0-bac8-5ddf494ae676,82.16467,NA,NA,7.66714,NA,NA,NA,NA,NA,NA,d963aabb-c726-4912-9008-f618f1adb60d,2025-09-29,19:28:27,2025-09-29T19:28:27Z,2025-09-29T19:28:27Z,NA,v3,CNE,ROST,NA,"Cochran, Carson",10085797,Right,CAR_EAG,f331d3f5-8f4d-4e20-affe-5bcaa12991e1,55.2348,-123.09183,12.61024,5.98524,-3.7143,-8.96103,-2.08245,8.37936,-3.49864,NA,NA,NA,NA,NA,NA,NA,NA,NA,NA,NA,NA,NA,NA,NA,NA,NA,NA,NA,NA,NA,NA,NA,NA,NA,NA,NA,NA,NA,NA,NA,NA,NA,NA,NA,NA,NA,NA,NA,NA,NA,NA,NA,NA,NA,NA,NA,NA,NA,NA,High,High,High,NA,NA,NA,NA,NA,218.0621,20.170388,2051.476016,0.938671,01:15:00,-0.377012,-0.588904,-0.71488,-13.963655,46.932907,26.447696,-0.1253,173.485911,-0.985714,-6.462531,0.985714,-0.112553,0.1253,7.244343,-7.198065,0.112553,-0.112553,-173.485911,7.198065,0.1253,6.462531,-7.244343,-0.1253,0.112553,0.985714,-0.985714,NA,NA,NA,NA,NA,NA,NA,NA,NA,NA,NA,NA
NA,NA,NA,NA,NA,NA,NA,NA,NA,NA,NA,NA,NA,NA,NA,NA,152,2025-09-29,15:28:43,2,4,"Wilson, Alec",10092217,Right,CAR_EAG,"Lewis, Kanon",10061269,Right,ROA_STA,Undefined,6,Top,1,1,2,ChangeUp,Changeup,BallCalled,Undefined,Undefined,Undefined,0,0,NA,77.09655,-0.175702,-0.096297,1745.405647,244.419558,02:15:00,5.61897,2.65786,5.85412,-39.26282,8.31178,13.89784,2.18381,3.72653,70.06622,-7.464633,2.398933,0.496431,NA,NA,NA,NA,NA,NA,NA,NA,NA,NA,NA,-7.07548,4.82843,-2.65788,50,5.58217,-0.33717,-111.87161,-1.52424,-8.85602,22.50857,-26.13057,CAR_EAG,ROA_STA,CarsonNewman,TeamExclusive,Team,20250929-CarsonNewman-Private-1,83330ae0-9d6a-11f0-bac8-5ddf494ae676,75.92684,NA,NA,7.03033,NA,NA,NA,NA,NA,NA,d963aabb-c726-4912-9008-f618f1adb60d,2025-09-29,19:28:43,2025-09-29T19:28:43Z,2025-09-29T19:28:43Z,NA,v3,CNE,ROST,NA,"Cochran, Carson",10085797,Right,CAR_EAG,8f263292-b0e1-4af4-8789-453779d1600b,54.64479,-112.80227,11.25429,5.62285,-0.44382,-13.06529,-2.65151,0.029,-4.42801,NA,NA,NA,NA,NA,NA,NA,NA,NA,NA,NA,NA,NA,NA,NA,NA,NA,NA,NA,NA,NA,NA,NA,NA,NA,NA,NA,NA,NA,NA,NA,NA,NA,NA,NA,NA,NA,NA,NA,NA,NA,NA,NA,NA,NA,NA,NA,NA,NA,NA,High,High,High,NA,NA,NA,NA,NA,238.914545,17.265038,1666.761304,0.954942,02:00:00,-0.295111,-0.818717,-0.492557,60.885407,42.367552,38.227565,0.97676,94.493258,-0.016792,12.338001,0.016792,-0.213678,-0.97676,89.015121,77.62336,0.213678,0.213678,-94.493258,-77.62336,0.97676,-12.338001,-89.015121,-0.97676,-0.213678,0.016792,-0.016792,NA,NA,NA,NA,NA,NA,NA,NA,NA,NA,NA,NA
NA,NA,NA,NA,NA,NA,NA,NA,NA,NA,NA,NA,NA,NA,NA,NA,153,2025-09-29,15:29:01,2,5,"Wilson, Alec",10092217,Right,CAR_EAG,"Lewis, Kanon",10061269,Right,ROA_STA,Undefined,6,Top,1,2,1,Fastball,Four-Seam,FoulBallNotFieldable,Undefined,Undefined,Undefined,0,0,NA,84.69035,-1.711801,-3.33469,2068.730668,198.690931,12:30:00,5.92961,2.05202,5.51939,-22.46316,17.80064,5.51595,2.4539,-0.6099,76.28422,-5.945915,-2.35402,0.456698,46.02922,42.757639,-67.083447,4041.555407,NA,NA,NA,110.45834,55.08811,-81.312402,2.854754,-3.89429,9.98394,-1.76515,50,5.76574,6.90821,-122.51477,-4.36063,-5.81936,28.00303,-17.25469,CAR_EAG,ROA_STA,CarsonNewman,TeamExclusive,Team,20250929-CarsonNewman-Private-1,8e23cb10-9d6a-11f0-bac8-5ddf494ae676,82.53257,32.52074,NA,8.40613,NA,NA,NA,1.11708,2.68886,0.57729,d963aabb-c726-4912-9008-f618f1adb60d,2025-09-29,19:29:01,2025-09-29T19:29:01Z,2025-09-29T19:29:01Z,Popup,v3,CNE,ROST,NA,"Cochran, Carson",10085797,Right,CAR_EAG,ac33c835-ebf7-450b-ad79-bc0fc69f9959,54.98043,-123.6479,14.00152,5.92806,-3.66242,-8.62734,-2.04945,7.14368,-2.90968,NA,1.11692,19.31268,-5.26945,0.60559,-0.8145,0.57831,-0.21339,0.04119,-0.00327,2.68894,45.82789,-18.91923,1.0532,-0.02482,-0.01031,-0.00302,0.00133,-1.4e-4,0.57736,-45.66062,2.90723,-0.35923,0.3836,-0.27095,0.10045,-0.01944,0.00155,NA,NA,NA,NA,NA,NA,NA,NA,NA,NA,NA,NA,NA,NA,NA,NA,NA,NA,NA,NA,NA,NA,High,High,High,High,Medium,NA,NA,NA,219.108323,17.81734,1969.5078,0.952037,01:15:00,-0.330391,-0.609406,-0.72074,-26.922458,38.193144,7.30511,-0.131785,172.614288,-0.983054,-7.320942,0.983054,-0.127427,0.131785,7.635376,-7.572765,0.127427,-0.127427,-172.614288,7.572765,0.131785,7.320942,-7.635376,-0.131785,0.127427,0.983054,-0.983054,NA,NA,NA,NA,NA,NA,NA,NA,NA,NA,NA,NA
NA,NA,NA,NA,NA,NA,NA,NA,NA,NA,NA,NA,NA,NA,NA,NA,154,2025-09-29,15:29:18,2,6,"Wilson, Alec",10092217,Right,CAR_EAG,"Lewis, Kanon",10061269,Right,ROA_STA,Undefined,6,Top,1,2,2,Fastball,Changeup,FoulBallNotFieldable,Undefined,Undefined,Undefined,0,0,NA,84.07884,-1.150152,-2.507144,2140.394437,216.004174,01:15:00,5.95362,2.05012,5.38419,-26.2186,14.45548,9.47977,2.68941,0.48842,76.30769,-6.028997,-0.823146,0.459018,NA,NA,NA,NA,NA,NA,NA,NA,NA,NA,NA,-5.53548,8.02024,-1.83271,50,5.83253,4.93315,-121.82082,-3.31431,-8.24669,25.85615,-20.22559,CAR_EAG,ROA_STA,CarsonNewman,TeamExclusive,Team,20250929-CarsonNewman-Private-1,97df3f90-9d6a-11f0-bac8-5ddf494ae676,82.11531,NA,NA,7.77115,NA,NA,NA,NA,NA,NA,d963aabb-c726-4912-9008-f618f1adb60d,2025-09-29,19:29:18,2025-09-29T19:29:18Z,2025-09-29T19:29:18Z,NA,v3,CNE,ROST,NA,"Cochran, Carson",10085797,Right,CAR_EAG,132427d2-7cf2-41ab-ba05-7c378a497c00,55.1162,-122.90192,12.92807,5.95343,-2.46864,-10.1128,-2.04618,5.27796,-4.12335,NA,NA,NA,NA,NA,NA,NA,NA,NA,NA,NA,NA,NA,NA,NA,NA,NA,NA,NA,NA,NA,NA,NA,NA,NA,NA,NA,NA,NA,NA,NA,NA,NA,NA,NA,NA,NA,NA,NA,NA,NA,NA,NA,NA,NA,NA,NA,NA,NA,NA,High,High,High,NA,NA,NA,NA,NA,217.894116,17.596548,2040.242988,0.953209,01:15:00,-0.323127,-0.591415,-0.738794,-24.006539,38.21204,18.273369,-0.060885,175.967164,-0.995673,-4.025342,0.995673,-0.070198,0.060885,3.499259,-3.490616,0.070198,-0.070198,-175.967164,3.490616,0.060885,4.025342,-3.499259,-0.060885,0.070198,0.995673,-0.995673,NA,NA,NA,NA,NA,NA,NA,NA,NA,NA,NA,NA
NA,NA,NA,NA,NA,NA,NA,NA,NA,NA,NA,NA,NA,NA,NA,NA,155,2025-09-29,15:29:39,2,7,"Wilson, Alec",10092217,Right,CAR_EAG,"Lewis, Kanon",10061269,Right,ROA_STA,Undefined,6,Top,1,2,2,Fastball,Changeup,StrikeCalled,Strikeout,Undefined,Undefined,0,0,NA,84.22435,-0.611428,-2.73378,2038.378707,221.072739,01:15:00,5.99917,2.04567,5.33037,-25.87698,14.73442,11.61741,3.26836,0.44663,76.36267,-5.431016,-0.672969,0.458665,NA,NA,NA,NA,NA,NA,NA,NA,NA,NA,NA,-6.60363,7.97315,-1.8069,50,5.92565,5.31785,-121.99718,-2.16312,-9.8759,25.72064,-20.24999,CAR_EAG,ROA_STA,CarsonNewman,TeamExclusive,Team,20250929-CarsonNewman-Private-1,a4b47730-9d6a-11f0-bac8-5ddf494ae676,82.17863,NA,NA,7.86168,NA,NA,NA,NA,NA,NA,d963aabb-c726-4912-9008-f618f1adb60d,2025-09-29,19:29:39,2025-09-29T19:29:39Z,2025-09-29T19:29:39Z,NA,v3,CNE,ROST,NA,"Cochran, Carson",10085797,Right,CAR_EAG,cb9bf1f9-8f96-4e84-8452-1e02939d4cb5,55.16841,-123.08202,12.86032,5.99887,-1.30902,-10.125,-2.03998,5.73439,-4.93795,NA,NA,NA,NA,NA,NA,NA,NA,NA,NA,NA,NA,NA,NA,NA,NA,NA,NA,NA,NA,NA,NA,NA,NA,NA,NA,NA,NA,NA,NA,NA,NA,NA,NA,NA,NA,NA,NA,NA,NA,NA,NA,NA,NA,NA,NA,NA,NA,NA,NA,High,High,High,NA,NA,NA,NA,NA,219.444138,17.28686,1946.303047,0.954829,01:15:00,-0.325503,-0.609764,-0.722659,-9.116488,46.697049,22.785064,-0.289897,170.485334,-0.943892,-9.102533,0.943892,-0.158202,0.289897,17.073281,-16.851807,0.158202,-0.158202,-170.485334,16.851807,0.289897,9.102533,-17.073281,-0.289897,0.158202,0.943892,-0.943892,NA,NA,NA,NA,NA,NA,NA,NA,NA,NA,NA,NA
NA,NA,NA,NA,NA,NA,NA,NA,NA,NA,NA,NA,NA,NA,NA,NA,156,2025-09-29,15:30:02,3,1,"Wilson, Alec",10092217,Right,CAR_EAG,"Abshire, Sam",1000191464,Right,ROA_STA,Undefined,6,Top,2,0,0,Fastball,Changeup,InPlay,Undefined,GroundBall,Single,0,0,NA,84.03184,-2.560014,-2.943629,2042.586333,209.012545,01:00:00,6.02406,1.88116,5.51705,-22.72859,17.73757,9.07229,1.73144,-0.11776,76.58197,-6.809358,-1.328867,0.457844,78.23807,-3.944769,-46.936543,NA,NA,NA,NA,24.97393,5.1767,-41.678569,0.201594,-5.48429,10.1304,-1.63087,50,5.78569,5.88686,-121.69584,-6.15817,-8.1799,25.0931,-17.06442,CAR_EAG,ROA_STA,CarsonNewman,TeamExclusive,Team,20250929-CarsonNewman-Private-1,b26827f0-9d6a-11f0-bac8-5ddf494ae676,82.32597,1.59335,NA,7.44987,NA,NA,NA,2.87573,1.59335,0.27477,d963aabb-c726-4912-9008-f618f1adb60d,2025-09-29,19:30:02,2025-09-29T19:30:02Z,2025-09-29T19:30:02Z,GroundBall,v3,CNE,ROST,NA,"Cochran, Carson",10085797,Right,CAR_EAG,49799341-43a2-42c6-a263-bd77ff82dbd6,54.9846,-122.71933,12.54655,6.02267,-5.46215,-8.53221,-1.87779,6.2205,-4.08995,180,2.87264,78.26112,NA,NA,NA,NA,NA,NA,NA,1.59366,-7.90375,NA,NA,NA,NA,NA,NA,NA,0.27808,-83.73864,NA,NA,NA,NA,NA,NA,NA,NA,NA,NA,NA,NA,NA,NA,NA,NA,NA,NA,NA,NA,NA,NA,NA,NA,NA,NA,NA,NA,NA,High,High,High,Low,Low,NA,NA,NA,216.839314,16.836605,1955.030149,0.957135,01:15:00,-0.302711,-0.586236,-0.75146,-20.558169,49.427036,20.758618,-0.110384,165.32409,-0.961463,-14.58423,0.961463,-0.251803,0.110384,6.549374,-6.337464,0.251803,-0.251803,-165.32409,6.337464,0.110384,14.58423,-6.549374,-0.110384,0.251803,0.961463,-0.961463,NA,NA,NA,NA,NA,NA,NA,NA,NA,NA,NA,NA
NA,NA,NA,NA,NA,NA,NA,NA,NA,NA,NA,NA,NA,NA,NA,NA,157,2025-09-29,15:30:38,4,1,"Wilson, Alec",10092217,Right,CAR_EAG,"Cage, Evan",1000191468,Left,ROA_STA,Undefined,6,Top,2,0,0,Fastball,Changeup,BallCalled,Undefined,Undefined,Undefined,0,0,NA,84.36159,-3.628228,-2.931629,1983.121423,217.36619,01:15:00,6.00724,2.02533,5.50896,-23.97828,16.24233,11.35363,0.60687,0.22736,77.04925,-8.079218,-0.90972,0.456453,NA,NA,NA,NA,NA,NA,NA,NA,NA,NA,NA,-6.56363,9.65871,-1.77702,50,5.67389,5.77088,-122.03566,-8.51467,-9.85782,24.93127,-17.66779,CAR_EAG,ROA_STA,CarsonNewman,TeamExclusive,Team,20250929-CarsonNewman-Private-1,c804fe30-9d6a-11f0-bac8-5ddf494ae676,82.57688,NA,NA,7.31234,NA,NA,NA,NA,NA,NA,d963aabb-c726-4912-9008-f618f1adb60d,2025-09-29,19:30:38,2025-09-29T19:30:38Z,2025-09-29T19:30:38Z,NA,v3,CNE,ROST,NA,"Cochran, Carson",10085797,Right,CAR_EAG,d277ee2d-b024-41a9-a65b-2ccf93102a9a,54.99107,-123.05109,12.46563,6.00603,-7.79507,-8.83389,-2.02024,6.17238,-4.92891,NA,NA,NA,NA,NA,NA,NA,NA,NA,NA,NA,NA,NA,NA,NA,NA,NA,NA,NA,NA,NA,NA,NA,NA,NA,NA,NA,NA,NA,NA,NA,NA,NA,NA,NA,NA,NA,NA,NA,NA,NA,NA,NA,NA,NA,NA,NA,NA,NA,NA,High,High,High,NA,NA,NA,NA,NA,220.124604,12.723814,1934.422076,0.975443,01:15:00,-0.217941,-0.641304,-0.735684,-20.703695,40.999739,15.912485,-0.235012,168.62928,-0.952914,-11.048186,0.952914,-0.191634,0.235012,13.854088,-13.592344,0.191634,-0.191634,-168.62928,13.592344,0.235012,11.048186,-13.854088,-0.235012,0.191634,0.952914,-0.952914,NA,NA,NA,NA,NA,NA,NA,NA,NA,NA,NA,NA
NA,NA,NA,NA,NA,NA,NA,NA,NA,NA,NA,NA,NA,NA,NA,NA,158,2025-09-29,15:31:03,4,2,"Wilson, Alec",10092217,Right,CAR_EAG,"Cage, Evan",1000191468,Left,ROA_STA,Undefined,6,Top,2,1,0,Slider,Curveball,BallCalled,Undefined,Undefined,Undefined,0,0,NA,74.0332,-0.040937,-3.182245,2228.328603,66.345608,08:15:00,5.92976,2.08468,5.08508,-59.30503,-5.51425,-17.04363,0.94903,-2.33834,67.36549,-10.728344,-6.192428,0.527868,NA,NA,NA,NA,NA,NA,NA,NA,NA,NA,NA,7.34056,-2.10988,-1.76923,50,5.87967,6.62012,-107.0861,-2.08236,8.3281,22.45076,-34.56778,CAR_EAG,ROA_STA,CarsonNewman,TeamExclusive,Team,20250929-CarsonNewman-Private-1,d6cf7620-9d6a-11f0-bac8-5ddf494ae676,71.40504,NA,NA,6.66771,NA,NA,NA,NA,NA,NA,d963aabb-c726-4912-9008-f618f1adb60d,2025-09-29,19:31:03,2025-09-29T19:31:03Z,2025-09-29T19:31:03Z,NA,v3,CNE,ROST,NA,"Cochran, Carson",10085797,Right,CAR_EAG,031702d2-de78-4366-93bf-9d492373f462,55.41645,-108.21571,11.22538,5.94069,-0.34308,-17.28389,-2.09178,6.2011,4.16405,NA,NA,NA,NA,NA,NA,NA,NA,NA,NA,NA,NA,NA,NA,NA,NA,NA,NA,NA,NA,NA,NA,NA,NA,NA,NA,NA,NA,NA,NA,NA,NA,NA,NA,NA,NA,NA,NA,NA,NA,NA,NA,NA,NA,NA,NA,NA,NA,NA,NA,High,High,High,NA,NA,NA,NA,NA,48.364686,64.85123,946.97299,0.42497,07:30:00,-0.888364,0.316971,0.332172,2.719192,-4.576357,6.834141,-0.815365,130.77257,-0.378086,-26.004465,0.378086,-0.438441,0.815365,65.122766,-54.623474,0.438441,-0.438441,-130.77257,54.623474,0.815365,26.004465,-65.122766,-0.815365,0.438441,0.378086,-0.378086,NA,NA,NA,NA,NA,NA,NA,NA,NA,NA,NA,NA
NA,NA,NA,NA,NA,NA,NA,NA,NA,NA,NA,NA,NA,NA,NA,NA,159,2025-09-29,15:31:24,4,3,"Wilson, Alec",10092217,Right,CAR_EAG,"Cage, Evan",1000191468,Left,ROA_STA,Undefined,6,Top,2,2,0,Fastball,Four-Seam,FoulBallNotFieldable,Undefined,Undefined,Undefined,0,0,NA,84.44713,-1.631492,-3.120875,2064.602291,213.995617,01:15:00,6.03696,1.73343,5.38794,-20.55848,19.9132,12.44981,2.79182,-0.15728,76.33525,-5.515881,-0.911451,0.457875,65.83071,29.715624,158.331357,3446.065342,NA,NA,NA,NA,29.79355,NA,NA,-7.21654,10.92174,-1.4633,50,5.87698,6.12983,-122.22585,-4.11205,-10.79719,26.55394,-15.8332,CAR_EAG,ROA_STA,CarsonNewman,TeamExclusive,Team,20250929-CarsonNewman-Private-1,e3308f30-9d6a-11f0-bac8-5ddf494ae676,82.32038,17.65634,NA,8.11188,NA,NA,NA,0.78615,2.7772,0.1373,d963aabb-c726-4912-9008-f618f1adb60d,2025-09-29,19:31:24,2025-09-29T19:31:24Z,2025-09-29T19:31:24Z,NA,v3,CNE,ROST,NA,"Cochran, Carson",10085797,Right,CAR_EAG,9edb39a2-37de-4835-be36-268ea04342a3,55.11163,-123.33137,13.27697,6.03445,-3.45286,-7.9166,-1.72786,6.57935,-5.3986,295.883623,0.7853,-77.89964,5.6848,NA,NA,NA,NA,NA,NA,2.78315,47.64992,-22.07458,NA,NA,NA,NA,NA,NA,0.14328,30.75055,-8.79472,NA,NA,NA,NA,NA,NA,NA,NA,NA,NA,NA,NA,NA,NA,NA,NA,NA,NA,NA,NA,NA,NA,NA,NA,NA,NA,NA,NA,High,High,High,High,Undefined,NA,NA,NA,216.775685,14.079119,2002.583154,0.969961,01:15:00,-0.268591,-0.58739,-0.763434,-11.21908,43.744288,31.05749,-0.178182,171.641416,-0.973545,-8.223892,0.973545,-0.143042,0.178182,10.371718,-10.2639,0.143042,-0.143042,-171.641416,10.2639,0.178182,8.223892,-10.371718,-0.178182,0.143042,0.973545,-0.973545,NA,NA,NA,NA,NA,NA,NA,NA,NA,NA,NA,NA
NA,NA,NA,NA,NA,NA,NA,NA,NA,NA,NA,NA,NA,NA,NA,NA,160,2025-09-29,15:31:47,4,4,"Wilson, Alec",10092217,Right,CAR_EAG,"Cage, Evan",1000191468,Left,ROA_STA,Undefined,6,Top,2,2,1,Slider,Curveball,BallCalled,Undefined,Undefined,Undefined,0,0,NA,73.90173,-0.694982,-3.497496,2244.351488,64.384739,08:15:00,5.87559,1.95147,4.85209,-60.35696,-6.0063,-16.5369,0.18666,-2.74174,67.58914,-11.482317,-6.406373,0.530608,NA,NA,NA,NA,NA,NA,NA,NA,NA,NA,NA,7.00831,-2.20965,-1.59079,50,5.75536,7.17764,-106.85859,-3.38079,7.93882,21.90233,-34.67709,CAR_EAG,ROA_STA,CarsonNewman,TeamExclusive,Team,20250929-CarsonNewman-Private-1,f12bf750-9d6a-11f0-bac8-5ddf494ae676,71.03632,NA,NA,6.31259,NA,NA,NA,NA,NA,NA,d963aabb-c726-4912-9008-f618f1adb60d,2025-09-29,19:31:47,2025-09-29T19:31:47Z,2025-09-29T19:31:47Z,NA,v3,CNE,ROST,NA,"Cochran, Carson",10085797,Right,CAR_EAG,25a0f760-3650-4ed9-9d73-cf3fc61a26dd,55.65091,-108.01062,10.95117,5.88522,-1.55683,-17.33855,-1.95734,6.76007,3.96941,NA,NA,NA,NA,NA,NA,NA,NA,NA,NA,NA,NA,NA,NA,NA,NA,NA,NA,NA,NA,NA,NA,NA,NA,NA,NA,NA,NA,NA,NA,NA,NA,NA,NA,NA,NA,NA,NA,NA,NA,NA,NA,NA,NA,NA,NA,NA,NA,NA,NA,High,High,High,NA,NA,NA,NA,NA,42.30724,63.913616,986.899135,0.439726,07:30:00,-0.880138,0.285066,0.379597,32.392044,-6.857485,-8.053545,-0.859453,129.498729,-0.325163,-23.233088,0.325163,-0.394473,0.859453,69.276489,-59.255261,0.394473,-0.394473,-129.498729,59.255261,0.859453,23.233088,-69.276489,-0.859453,0.394473,0.325163,-0.325163,NA,NA,NA,NA,NA,NA,NA,NA,NA,NA,NA,NA
NA,NA,NA,NA,NA,NA,NA,NA,NA,NA,NA,NA,NA,NA,NA,NA,161,2025-09-29,15:32:19,4,5,"Wilson, Alec",10092217,Right,CAR_EAG,"Cage, Evan",1000191468,Left,ROA_STA,Undefined,6,Top,2,3,1,Fastball,Four-Seam,InPlay,Undefined,GroundBall,Single,0,1,NA,84.45519,-2.080778,-2.969236,2092.992684,217.041133,01:15:00,6.00628,1.97521,5.4022,-22.94545,18.02891,12.3728,2.14082,0.22137,75.49567,-6.414148,-0.771638,0.46071,86.83702,-16.648181,-49.065413,NA,NA,NA,NA,9.19063,7.41865,-38.826711,0.060276,-7.3143,10.26008,-1.71953,50,5.80518,5.80814,-122.07549,-5.15609,-10.76072,29.64662,-17.0795,CAR_EAG,ROA_STA,CarsonNewman,TeamExclusive,Team,20250929-CarsonNewman-Private-1,03eeab80-9d6b-11f0-bac8-5ddf494ae676,81.81386,2.20368,NA,8.95952,NA,NA,NA,2.33147,2.20368,-0.1949,d963aabb-c726-4912-9008-f618f1adb60d,2025-09-29,19:32:19,2025-09-29T19:32:19Z,2025-09-29T19:32:19Z,GroundBall,v3,CNE,ROST,NA,"Cochran, Carson",10085797,Right,CAR_EAG,aa41d0e1-5acb-4398-9487-755da1cfbc15,55.09728,-123.30717,14.82331,6.00465,-4.44651,-8.53975,-1.97012,6.2552,-5.38036,180,2.32995,80.10548,NA,NA,NA,NA,NA,NA,NA,2.20438,-36.55977,NA,NA,NA,NA,NA,NA,NA,-0.19314,-92.36357,NA,NA,NA,NA,NA,NA,NA,NA,NA,NA,NA,NA,NA,NA,NA,NA,NA,NA,NA,NA,NA,NA,NA,NA,NA,NA,NA,NA,NA,High,High,High,Low,Low,NA,NA,NA,218.330281,15.43953,2017.460679,0.963912,01:15:00,-0.28318,-0.607084,-0.742468,-7.726626,42.580783,39.023006,-0.162569,176.550201,-0.984909,-3.403852,0.984909,-0.059373,0.162569,9.372736,-9.356052,0.059373,-0.059373,-176.550201,9.356052,0.162569,3.403852,-9.372736,-0.162569,0.059373,0.984909,-0.984909,NA,NA,NA,NA,NA,NA,NA,NA,NA,NA,NA,NA
NA,NA,NA,NA,NA,NA,NA,NA,NA,NA,NA,NA,NA,NA,NA,NA,162,2025-09-29,15:33:21,5,1,"Wilson, Alec",10092217,Right,CAR_EAG,"Cauthen, Cade",1000141057,Right,ROA_STA,Undefined,6,Top,2,0,0,Curveball,Curveball,BallCalled,Undefined,Undefined,Undefined,0,0,NA,72.46552,3.108689,0.208573,2187.006443,58.87951,08:00:00,5.94303,2.18569,4.97992,-63.12322,-6.85174,-14.81442,3.62167,1.14815,65.26485,-8.350932,-2.406617,0.539903,NA,NA,NA,NA,NA,NA,NA,NA,NA,NA,NA,7.3102,-3.71358,-2.19329,50,6.1923,0.20779,-104.81106,3.54687,7.96183,21.16603,-36.21866,CAR_EAG,ROA_STA,CarsonNewman,TeamExclusive,Team,20250929-CarsonNewman-Private-1,28b97670-9d6b-11f0-bac8-5ddf494ae676,69.81339,NA,NA,7.20068,NA,NA,NA,NA,NA,NA,d963aabb-c726-4912-9008-f618f1adb60d,2025-09-29,19:33:21,2025-09-29T19:33:21Z,2025-09-29T19:33:21Z,NA,v3,CNE,ROST,NA,"Cochran, Carson",10085797,Right,CAR_EAG,bf40d54a-ccf0-4832-82dd-f501ddd253ef,55.52097,-105.92012,10.58301,5.95673,5.44466,-18.10933,-2.19325,-0.2094,3.98092,NA,NA,NA,NA,NA,NA,NA,NA,NA,NA,NA,NA,NA,NA,NA,NA,NA,NA,NA,NA,NA,NA,NA,NA,NA,NA,NA,NA,74.66427,1.69563,0.824781,0.87085,-2.06784,3.08457,-0.99653,-2.53023,5.55293,2.93722,62.5593,1.96097,62.22477,-2.50253,81.08985,-7.39644,5.56002,6.47306,-12.19926,2.95517,72.48699,-5.13052,High,High,High,NA,NA,High,High,Medium,58.606227,69.802447,755.081726,0.345258,08:00:00,-0.921793,0.345177,0.176496,-16.198177,0.860876,8.034141,-0.867107,125.370081,-0.28834,-23.9653,0.28834,-0.406183,0.867107,71.606417,-60.124204,0.406183,-0.406183,-125.370081,60.124204,0.867107,23.9653,-71.606417,-0.867107,0.406183,0.28834,-0.28834,NA,NA,NA,NA,NA,NA,NA,NA,NA,NA,NA,NA
NA,NA,NA,NA,NA,NA,NA,NA,NA,NA,NA,NA,NA,NA,NA,NA,163,2025-09-29,15:33:39,5,2,"Wilson, Alec",10092217,Right,CAR_EAG,"Cauthen, Cade",1000141057,Right,ROA_STA,Undefined,6,Top,2,1,0,Curveball,Curveball,StrikeSwinging,Undefined,Undefined,Undefined,0,0,NA,72.91711,-0.717372,-2.32119,2128.296049,75.875678,08:30:00,5.85237,2.13958,4.7813,-57.53999,-1.88823,-15.22359,0.37677,-1.33055,66.76747,-11.025559,-5.000958,0.536922,NA,NA,NA,NA,NA,NA,NA,NA,NA,NA,NA,6.74083,-0.12835,-1.89337,50,5.73055,4.87494,-105.54819,-3.29184,7.48493,20.59446,-32.31656,CAR_EAG,ROA_STA,CarsonNewman,TeamExclusive,Team,20250929-CarsonNewman-Private-1,33a617f0-9d6b-11f0-bac8-5ddf494ae676,70.20101,NA,NA,6.14963,NA,NA,NA,NA,NA,NA,d963aabb-c726-4912-9008-f618f1adb60d,2025-09-29,19:33:39,2025-09-29T19:33:39Z,2025-09-29T19:33:39Z,NA,v3,CNE,ROST,NA,"Cochran, Carson",10085797,Right,CAR_EAG,df55fd30-df63-4783-9ac0-124e9f537833,55.72057,-106.65854,10.29723,5.86106,-1.54948,-16.15828,-2.14532,4.47139,3.74246,NA,NA,NA,NA,NA,NA,NA,NA,NA,NA,NA,NA,NA,NA,NA,NA,NA,NA,NA,NA,NA,NA,NA,NA,NA,NA,NA,NA,NA,NA,NA,NA,NA,NA,NA,NA,NA,NA,NA,NA,NA,NA,NA,NA,NA,NA,NA,NA,NA,NA,High,High,High,NA,NA,NA,NA,NA,54.418709,68.70386,772.972582,0.363188,07:45:00,-0.926014,0.283689,0.249033,27.268229,-15.870054,-2.265882,-0.832576,126.266687,-0.327663,-26.525953,0.327663,-0.44660300000000003,0.832576,68.517717,-56.364259,0.44660300000000003,-0.44660300000000003,-126.266687,56.364259,0.832576,26.525953,-68.517717,-0.832576,0.44660300000000003,0.327663,-0.327663,NA,NA,NA,NA,NA,NA,NA,NA,NA,NA,NA,NA
NA,NA,NA,NA,NA,NA,NA,NA,NA,NA,NA,NA,NA,NA,NA,NA,164,2025-09-29,15:34:05,5,3,"Wilson, Alec",10092217,Right,CAR_EAG,"Cauthen, Cade",1000141057,Right,ROA_STA,Undefined,6,Top,2,1,1,Curveball,Curveball,BallCalled,Undefined,Undefined,Undefined,0,0,NA,73.57618,-0.673992,-2.308943,2188.652096,76.615629,08:30:00,5.90996,2.20913,4.99774,-55.94058,-2.27532,-16.6858,0.61136,-1.3625,68.01189,-10.70645,-5.25697,0.527252,NA,NA,NA,NA,NA,NA,NA,NA,NA,NA,NA,7.59697,-0.40665,-1.97279,50,5.79972,4.94298,-106.67627,-3.14425,8.70616,19.29127,-32.64005,CAR_EAG,ROA_STA,CarsonNewman,TeamExclusive,Team,20250929-CarsonNewman-Private-1,43052ec0-9d6b-11f0-bac8-5ddf494ae676,71.48851,NA,NA,5.56429,NA,NA,NA,NA,NA,NA,d963aabb-c726-4912-9008-f618f1adb60d,2025-09-29,19:34:05,2025-09-29T19:34:05Z,2025-09-29T19:34:05Z,NA,v3,CNE,ROST,NA,"Cochran, Carson",10085797,Right,CAR_EAG,88c1dded-c3d4-4ffa-87c8-8409080db789,55.50579,-107.66733,9.64564,5.91818,-1.46741,-16.32003,-2.21524,4.49571,4.35308,NA,NA,NA,NA,NA,NA,NA,NA,NA,NA,NA,NA,NA,NA,NA,NA,NA,NA,NA,NA,NA,NA,NA,NA,NA,NA,NA,NA,NA,NA,NA,NA,NA,NA,NA,NA,NA,NA,NA,NA,NA,NA,NA,NA,NA,NA,NA,NA,NA,NA,High,High,High,NA,NA,NA,NA,NA,49.417230000000004,65.440094,909.701047,0.415644,07:45:00,-0.901542,0.304948,0.306966,-3.200572,-2.042222,8.384713,-0.83595,131.055441,-0.36045,-24.446305,0.36045,-0.41384,0.83595,66.674995,-56.714886,0.41384,-0.41384,-131.055441,56.714886,0.83595,24.446305,-66.674995,-0.83595,0.41384,0.36045,-0.36045,NA,NA,NA,NA,NA,NA,NA,NA,NA,NA,NA,NA
NA,NA,NA,NA,NA,NA,NA,NA,NA,NA,NA,NA,NA,NA,NA,NA,165,2025-09-29,15:34:38,5,4,"Wilson, Alec",10092217,Right,CAR_EAG,"Cauthen, Cade",1000141057,Right,ROA_STA,Undefined,6,Top,2,2,1,Fastball,Changeup,StrikeCalled,Undefined,Undefined,Undefined,0,0,NA,83.55135,-1.896191,-3.915068,2003.892787,215.882901,01:15:00,5.99464,2.04761,5.42974,-24.1173,16.98084,11.27335,2.20409,-0.68551,76.08243,-6.393731,-1.915141,0.461405,NA,NA,NA,NA,NA,NA,NA,NA,NA,NA,NA,-6.80595,9.50497,-1.70805,50,5.80972,7.80047,-120.90107,-4.77887,-10.03072,24.51046,-18.16548,CAR_EAG,ROA_STA,CarsonNewman,TeamExclusive,Team,20250929-CarsonNewman-Private-1,56d61ea0-9d6b-11f0-bac8-5ddf494ae676,81.69057,NA,NA,7.46892,NA,NA,NA,NA,NA,NA,d963aabb-c726-4912-9008-f618f1adb60d,2025-09-29,19:34:38,2025-09-29T19:34:38Z,2025-09-29T19:34:38Z,NA,v3,CNE,ROST,NA,"Cochran, Carson",10085797,Right,CAR_EAG,89447d4e-f0cd-4a75-9f71-754689b298b6,55.07056,-121.9247,12.25523,5.99346,-4.02023,-9.08274,-2.04257,8.21938,-5.01536,NA,NA,NA,NA,NA,NA,NA,NA,NA,NA,NA,NA,NA,NA,NA,NA,NA,NA,NA,NA,NA,NA,NA,NA,NA,NA,NA,NA,70.84716,1.715492,0.767469,0.948022,0.12691,2.05807,0.7281,-0.03568,5.14578,1.73924,60.92768,4.58648,-63.86348,-0.02843,66.90034,-2.75137,5.16672,12.32675,-13.66749,1.68288,-77.61119,8.98439,High,High,High,NA,NA,High,High,High,220.774641,14.217323,1942.515829,0.969371,01:15:00,-0.274116,-0.640862,-0.717047,-16.728072,49.401512,22.276809,-0.225985,166.85708,-0.948614,-12.797072,0.948614,-0.221499,0.225985,13.399621,-13.060816,0.221499,-0.221499,-166.85708,13.060816,0.225985,12.797072,-13.399621,-0.225985,0.221499,0.948614,-0.948614,NA,NA,NA,NA,NA,NA,NA,NA,NA,NA,NA,NA
NA,NA,NA,NA,NA,NA,NA,NA,NA,NA,NA,NA,NA,NA,NA,NA,166,2025-09-29,15:34:58,5,5,"Wilson, Alec",10092217,Right,CAR_EAG,"Cauthen, Cade",1000141057,Right,ROA_STA,Undefined,6,Top,2,2,2,Fastball,Four-Seam,InPlay,Undefined,LineDrive,Double,0,1,NA,83.48299,-1.860613,-3.287204,2080.809803,212.65315,01:00:00,6.05247,2.01353,5.4072,-21.14989,20.47674,12.11788,2.54311,-0.06012,75.10303,-5.867437,-1.1363510000000001,0.464362,96.69439,24.48541,-15.496862,1570.374029,105.73206,45.02683,-30.34294,353.6566,353.6566,-17.313078,4.151444,-7.22024,11.36957,-1.72949,50,5.87243,6.4308,-120.74817,-4.56282,-10.47647,27.28576,-15.67701,CAR_EAG,ROA_STA,CarsonNewman,TeamExclusive,Team,20250929-CarsonNewman-Private-1,62a4e2c0-9d6b-11f0-bac8-5ddf494ae676,81.1703,59.49347,NA,8.37996,NA,NA,NA,1.91694,2.70685,0.06561,d963aabb-c726-4912-9008-f618f1adb60d,2025-09-29,19:34:58,2025-09-29T19:34:58Z,2025-09-29T19:34:58Z,LineDrive,v3,CNE,ROST,NA,"Cochran, Carson",10085797,Right,CAR_EAG,31d9ed88-d627-48be-85f6-b8bb80440d6b,55.09312,-121.89364,13.64288,6.05017,-3.90469,-7.8385,-2.00869,6.87061,-5.23824,167.073983,1.91632,124.38602,-22.54482,5.67034,-1.3221,0.32023,-0.067780000000000007,0.00907,-5.2e-4,2.70806,58.74972,-16.01266,0.2206,0.30023,-0.17529,0.04899,-0.00657,3.3e-4,0.06577,-34.48887,3.8349,-0.66532,0.12665,-0.03474,0.00898,-0.00133,8e-5,NA,NA,NA,NA,NA,NA,NA,NA,NA,NA,NA,NA,NA,NA,NA,NA,NA,NA,NA,NA,NA,NA,High,High,High,High,High,NA,NA,NA,221.144561,14.222686,2017.029124,0.969348,01:15:00,-0.266341,-0.645434,-0.715875,-26.539382,34.75798,20.815952,-0.070579,179.1097,-0.997386,-0.88808,0.997386,-0.015499,0.070579,4.047702,-4.047215,0.015499,-0.015499,-179.1097,4.047215,0.070579,0.88808,-4.047702,-0.070579,0.015499,0.997386,-0.997386,NA,NA,NA,NA,NA,NA,NA,NA,NA,NA,NA,NA
NA,NA,NA,NA,NA,NA,NA,NA,NA,NA,NA,NA,NA,NA,NA,NA,167,2025-09-29,15:36:21,6,1,"Wilson, Alec",10092217,Right,CAR_EAG,"Copley, Tanner",10031581,Right,ROA_STA,Undefined,6,Top,2,0,0,Fastball,Changeup,InPlay,Undefined,LineDrive,Out,1,0,NA,83.7424,-1.691224,-3.173503,2026.028865,224.289067,01:30:00,6.01643,1.98975,5.39229,-24.6521,16.74005,14.80934,2.37409,0.24643,75.35949,-6.314984,-0.54393,0.463052,93.59487,17.594203,-11.31949,1799.895549,107.592,31.0356,-22.88965,319.66115,317.63512,-12.471332,3.596769,-8.50516,9.40823,-1.71698,50,5.84838,6.08945,-121.13585,-4.3662,-12.41846,27.49149,-18.43698,CAR_EAG,ROA_STA,CarsonNewman,TeamExclusive,Team,20250929-CarsonNewman-Private-1,94006240-9d6b-11f0-bac8-5ddf494ae676,81.39993,38.09559,NA,8.38291,NA,NA,NA,1.59653,2.44367,-0.25028,d963aabb-c726-4912-9008-f618f1adb60d,2025-09-29,19:36:21,2025-09-29T19:36:21Z,2025-09-29T19:36:21Z,LineDrive,v3,CNE,ROST,NA,"Cochran, Carson",10085797,Right,CAR_EAG,f45816a4-0f2a-49e0-bdc0-865e688a5b1f,55.10746,-122.28948,13.74575,6.01536,-3.59253,-9.21849,-1.98344,6.61057,-6.20923,167.430875,1.59623,128.31491,-21.86197,5.14627,-1.1663,0.26182,-0.05262,0.00717,-4.3e-4,2.44404,41.48214,-11.6438,-0.73767,0.48023,-0.16845,0.04006,-0.00485,1.9e-4,-0.2502,-25.68536,1.81968,0.34755,-0.20803,0.05179,-0.00777,6.5e-4,-3e-5,NA,NA,NA,NA,NA,NA,NA,NA,NA,NA,NA,NA,NA,NA,NA,NA,NA,NA,NA,NA,NA,NA,High,High,High,High,Medium,NA,NA,NA,219.129536,12.33274,1979.275587,0.976924,01:15:00,-0.236954,-0.622548,-0.745846,-12.548025,45.486936,28.37592,-0.233329,169.409151,-0.955833,-10.295283,0.955833,-0.178721,0.233329,13.718243,-13.493163,0.178721,-0.178721,-169.409151,13.493163,0.233329,10.295283,-13.718243,-0.233329,0.178721,0.955833,-0.955833,NA,NA,NA,NA,NA,NA,NA,NA,NA,NA,NA,NA
NA,NA,NA,NA,NA,NA,NA,NA,NA,NA,NA,NA,NA,NA,NA,NA,168,2025-09-29,15:38:45,1,1,"Holmes, Connor",1000191481,Right,ROA_STA,"Nathan, Cole",1000323259,Right,CAR_EAG,Undefined,6,Bottom,0,0,0,Fastball,Changeup,BallCalled,Undefined,Undefined,Undefined,0,0,NA,77.91156,1.232415,1.038195,1804.652177,146.851755,11:00:00,5.84289,-0.8178,5.44683,-28.39155,19.0382,-11.33355,4.63121,-0.79009,70.21688,-4.10999,-0.977849,0.495675,NA,NA,NA,NA,NA,NA,NA,NA,NA,NA,NA,5.96949,9.65658,0.73387,50,5.93283,-1.58698,-112.8705,1.59879,7.60234,22.99661,-19.87609,CAR_EAG,ROA_STA,CarsonNewman,TeamExclusive,Team,20250929-CarsonNewman-Private-1,ea45a660-9d6b-11f0-bac8-5ddf494ae676,76.04269,NA,NA,7.69468,NA,NA,NA,NA,NA,NA,d963aabb-c726-4912-9008-f618f1adb60d,2025-09-29,19:38:45,2025-09-29T19:38:45Z,2025-09-29T19:38:45Z,NA,v3,CNE,ROST,NA,"Cauthen, Cade",1000141057,Right,ROA_STA,8ca40342-f764-4258-9746-b65285f16610,55.04972,-113.8947,11.49831,5.84191,2.48401,-9.93804,0.81209,-1.92556,3.80117,NA,NA,NA,NA,NA,NA,NA,NA,NA,NA,NA,NA,NA,NA,NA,NA,NA,NA,NA,NA,NA,NA,NA,NA,NA,NA,NA,NA,NA,NA,NA,NA,NA,NA,NA,NA,NA,NA,NA,NA,NA,NA,NA,NA,NA,NA,NA,NA,NA,NA,High,High,High,NA,NA,NA,NA,NA,150.727994,-12.405443,1762.516934,0.976652,11:00:00,0.240449,0.472809,-0.847724,1.689087,-24.351333,57.044864,0.026101,172.467336,-0.991033,7.530083,0.991033,-0.131047,-0.026101,1.508641,1.495628,0.131047,0.131047,-172.467336,-1.495628,0.026101,-7.530083,-1.508641,-0.026101,-0.131047,0.991033,-0.991033,NA,NA,NA,NA,NA,NA,NA,NA,NA,NA,NA,NA
NA,NA,NA,NA,NA,NA,NA,NA,NA,NA,NA,NA,NA,NA,NA,NA,169,2025-09-29,15:38:58,1,2,"Holmes, Connor",1000191481,Right,ROA_STA,"Nathan, Cole",1000323259,Right,CAR_EAG,Undefined,6,Bottom,0,1,0,ChangeUp,Curveball,StrikeCalled,Undefined,Undefined,Undefined,0,0,NA,66.1722,2.984925,-0.749426,1606.885219,287.438285,03:30:00,5.45903,-1.38209,5.38914,-66.7026,-1.45669,11.20611,2.70105,-1.15073,60.82588,-9.167172,1.243875,0.581364,NA,NA,NA,NA,NA,NA,NA,NA,NA,NA,NA,-5.80618,-0.89602,1.44101,50,5.67926,0.87481,-95.95942,3.07564,-5.40224,15.14646,-33.00772,CAR_EAG,ROA_STA,CarsonNewman,TeamExclusive,Team,20250929-CarsonNewman-Private-1,f1cbeb60-9d6b-11f0-bac8-5ddf494ae676,64.83452,NA,NA,5.34632,NA,NA,NA,NA,NA,NA,d963aabb-c726-4912-9008-f618f1adb60d,2025-09-29,19:38:58,2025-09-29T19:38:58Z,2025-09-29T19:38:58Z,NA,v3,CNE,ROST,NA,"Cauthen, Cade",1000141057,Right,ROA_STA,49d898fd-2270-4554-896a-8abc97b7e8fd,55.11367,-96.76321,7.57323,5.46956,4.82728,-16.50386,1.38698,1.1615,-2.70112,NA,NA,NA,NA,NA,NA,NA,NA,NA,NA,NA,NA,NA,NA,NA,NA,NA,NA,NA,NA,NA,NA,NA,NA,NA,NA,NA,NA,NA,NA,NA,NA,NA,NA,NA,NA,NA,NA,NA,NA,NA,NA,NA,NA,NA,NA,NA,NA,NA,NA,High,High,High,NA,NA,NA,NA,NA,327.676167,-63.281354,722.471193,0.44961,05:00:00,0.884389,-0.286595,0.368402,81.205461,-37.922786,-21.434283,-0.267378,95.887051,-0.098833,-73.437556,0.098833,-0.95851,0.267378,69.713742,-15.50833,0.95851,-0.95851,-95.887051,15.50833,0.267378,73.437556,-69.713742,-0.267378,0.95851,0.098833,-0.098833,NA,NA,NA,NA,NA,NA,NA,NA,NA,NA,NA,NA
NA,NA,NA,NA,NA,NA,NA,NA,NA,NA,NA,NA,NA,NA,NA,NA,170,2025-09-29,15:39:13,1,3,"Holmes, Connor",1000191481,Right,ROA_STA,"Nathan, Cole",1000323259,Right,CAR_EAG,Undefined,6,Bottom,0,1,1,ChangeUp,Changeup,StrikeSwinging,Undefined,Undefined,Undefined,0,0,NA,71.73933,0.657838,2.644843,1532.768751,124.772672,10:15:00,5.08012,-1.78127,5.70986,-40.98266,13.67674,-17.21359,2.2785,-0.74975,65.84003,-6.932207,-0.431702,0.532113,NA,NA,NA,NA,NA,NA,NA,NA,NA,NA,NA,9.43264,7.30689,1.57023,50,5.10999,-4.20252,-104.09532,0.0458,10.36513,17.23256,-24.1448,CAR_EAG,ROA_STA,CarsonNewman,TeamExclusive,Team,20250929-CarsonNewman-Private-1,fb0e1130-9d6b-11f0-bac8-5ddf494ae676,70.8354,NA,NA,5.8993,NA,NA,NA,NA,NA,NA,d963aabb-c726-4912-9008-f618f1adb60d,2025-09-29,19:39:13,2025-09-29T19:39:13Z,2025-09-29T19:39:13Z,NA,v3,CNE,ROST,NA,"Cauthen, Cade",1000141057,Right,ROA_STA,9085fc69-b967-49b4-8fb2-9055f0d248bd,54.79079,-104.88541,8.61628,5.08252,1.15282,-12.0724,1.77381,-4.67776,5.18257,NA,NA,NA,NA,NA,NA,NA,NA,NA,NA,NA,NA,NA,NA,NA,NA,NA,NA,NA,NA,NA,NA,NA,NA,NA,NA,NA,NA,NA,NA,NA,NA,NA,NA,NA,NA,NA,NA,NA,NA,NA,NA,NA,NA,NA,NA,NA,NA,NA,NA,High,High,High,NA,NA,NA,NA,NA,127.931034,-7.745867,1518.783191,0.990876,10:15:00,0.171698,0.779955,-0.601822,122.942031,-16.053504,6.458243,-0.956242,163.781134,-0.280933,-4.687371,0.280933,-0.081719,0.956242,73.627829,-72.987714,0.081719,-0.081719,-163.781134,72.987714,0.956242,4.687371,-73.627829,-0.956242,0.081719,0.280933,-0.280933,NA,NA,NA,NA,NA,NA,NA,NA,NA,NA,NA,NA
NA,NA,NA,NA,NA,NA,NA,NA,NA,NA,NA,NA,NA,NA,NA,NA,171,2025-09-29,15:39:29,1,4,"Holmes, Connor",1000191481,Right,ROA_STA,"Nathan, Cole",1000323259,Right,CAR_EAG,Undefined,6,Bottom,0,1,2,ChangeUp,Changeup,BallCalled,Undefined,Undefined,Undefined,0,0,NA,71.2845,-0.438326,3.433986,1514.808783,120.122229,10:00:00,4.7571,-2.18656,5.61434,-42.28443,12.23142,-18.67119,0.82354,-0.53344,66.87827,-8.159699,0.103553,0.531414,NA,NA,NA,NA,NA,NA,NA,NA,NA,NA,NA,10.23567,6.74965,1.90526,50,4.69191,-5.58187,-103.59582,-2.01389,11.37695,13.60741,-24.6718,CAR_EAG,ROA_STA,CarsonNewman,TeamExclusive,Team,20250929-CarsonNewman-Private-1,047cc540-9d6c-11f0-bac8-5ddf494ae676,70.92862,NA,NA,4.40623,NA,NA,NA,NA,NA,NA,d963aabb-c726-4912-9008-f618f1adb60d,2025-09-29,19:39:29,2025-09-29T19:39:29Z,2025-09-29T19:39:29Z,NA,v3,CNE,ROST,NA,"Cauthen, Cade",1000141057,Right,ROA_STA,03e93b99-a850-4d74-a664-8a941c20ffa0,54.89017,-104.23616,6.8037,4.75936,-0.85286,-12.3359,2.18053,-6.11726,5.68847,NA,NA,NA,NA,NA,NA,NA,NA,NA,NA,NA,NA,NA,NA,NA,NA,NA,NA,NA,NA,NA,NA,NA,NA,NA,NA,NA,NA,NA,NA,NA,NA,NA,NA,NA,NA,NA,NA,NA,NA,NA,NA,NA,NA,NA,NA,NA,NA,NA,NA,High,High,High,NA,NA,NA,NA,NA,117.414061,-3.488452,1512.001968,0.998147,10:00:00,0.081497,0.886497,-0.455501,-30.274798,45.792208,73.854092,-0.936085,178.32452,-0.351624,-0.589318,0.351624,-0.010285,0.936085,69.412159,-69.404092,0.010285,-0.010285,-178.32452,69.404092,0.936085,0.589318,-69.412159,-0.936085,0.010285,0.351624,-0.351624,NA,NA,NA,NA,NA,NA,NA,NA,NA,NA,NA,NA
NA,NA,NA,NA,NA,NA,NA,NA,NA,NA,NA,NA,NA,NA,NA,NA,172,2025-09-29,15:39:48,1,5,"Holmes, Connor",1000191481,Right,ROA_STA,"Nathan, Cole",1000323259,Right,CAR_EAG,Undefined,6,Bottom,0,2,1,Fastball,Changeup,InPlay,Undefined,FlyBall,Double,0,0,NA,79.40122,-1.361609,2.065194,1818.042345,131.631546,10:30:00,5.78792,-0.87347,5.58244,-28.59596,16.09087,-16.54946,2.1322,-0.323,73.05298,-6.665392,-0.888222,0.481129,94.05688,26.545025,-3.958327,2422.810813,109.96923,50.71401,-2.58698,357.31281,357.31281,4.934472,4.699136,9.02418,8.93619,0.70727,50,5.65214,-3.53118,-115.28834,-3.6161,12.18903,20.71555,-20.10386,CAR_EAG,ROA_STA,CarsonNewman,TeamExclusive,Team,20250929-CarsonNewman-Private-1,0fade9d0-9d6c-11f0-bac8-5ddf494ae676,78.34172,70.23854,NA,6.34824,NA,NA,NA,1.79362,2.25414,0.32669,d963aabb-c726-4912-9008-f618f1adb60d,2025-09-29,19:39:48,2025-09-29T19:39:48Z,2025-09-29T19:39:48Z,FlyBall,v3,CNE,ROST,NA,"Cauthen, Cade",1000141057,Right,ROA_STA,1806e7b7-307b-4e60-90b7-8e41518716bc,54.92109,-116.16922,10.35778,5.78773,-2.76123,-10.05193,0.86845,-4.04949,6.09451,202.316018,1.79307,123.12697,-22.65495,5.56369,-1.31018,0.30502,-0.05865,0.00706,-3.7e-4,2.2556,61.61543,-14.4193,-0.17068,0.42448,-0.19862,0.05053,-0.00656,3.3e-4,0.32695,-8.52548,6.85646,-1.60379,0.37582,-0.09199,0.0188,-0.00235,1.2e-4,NA,NA,NA,NA,NA,NA,NA,NA,NA,NA,NA,NA,NA,NA,NA,NA,NA,NA,NA,NA,NA,NA,High,High,High,High,High,NA,NA,NA,147.879323,-12.766322,1773.099263,0.975279,11:00:00,0.238221,0.523665,-0.81794,6.869313,-17.813092,69.50286,-0.153579,162.565978,-0.942744,-17.220686,0.942744,-0.296053,0.153579,9.252582,-8.834404,0.296053,-0.296053,-162.565978,8.834404,0.153579,17.220686,-9.252582,-0.153579,0.296053,0.942744,-0.942744,NA,NA,NA,NA,NA,NA,NA,NA,NA,NA,NA,NA
NA,NA,NA,NA,NA,NA,NA,NA,NA,NA,NA,NA,NA,NA,NA,NA,173,2025-09-29,15:40:34,2,1,"Holmes, Connor",1000191481,Right,ROA_STA,"Kilgore, Tanner",814348,Right,CAR_EAG,Undefined,6,Bottom,0,0,0,Fastball,Changeup,BallCalled,Undefined,Undefined,Undefined,0,0,NA,77.62516,-0.902668,1.748508,1732.920568,122.008857,10:00:00,5.71911,-1.47874,5.48422,-33.21998,14.3356,-20.26966,2.10573,-1.53137,70.53649,-7.066946,-1.863621,0.496332,NA,NA,NA,NA,NA,NA,NA,NA,NA,NA,NA,10.6667,8.0002,1.33912,50,5.61779,-2.6292,-112.53084,-2.79581,13.54183,22.31386,-22.01742,CAR_EAG,ROA_STA,CarsonNewman,TeamExclusive,Team,20250929-CarsonNewman-Private-1,2ad05310-9d6c-11f0-bac8-5ddf494ae676,75.942,NA,NA,7.08867,NA,NA,NA,NA,NA,NA,d963aabb-c726-4912-9008-f618f1adb60d,2025-09-29,19:40:34,2025-09-29T19:40:34Z,2025-09-29T19:40:34Z,NA,v3,CNE,ROST,NA,"Cauthen, Cade",1000141057,Right,ROA_STA,6a995ee7-3ef6-446d-8dbe-49c3d4db0345,55.01502,-113.52092,11.15693,5.72016,-1.81888,-11.00871,1.46911,-3.23006,6.77092,NA,NA,NA,NA,NA,NA,NA,NA,NA,NA,NA,NA,NA,NA,NA,NA,NA,NA,NA,NA,NA,NA,NA,NA,NA,NA,NA,NA,NA,NA,NA,NA,NA,NA,NA,NA,NA,NA,NA,NA,NA,NA,NA,NA,NA,NA,NA,NA,NA,NA,High,High,High,NA,NA,NA,NA,NA,145.537401,-8.988114,1711.641641,0.987721,10:45:00,0.172185,0.561312,-0.809495,-0.034033,-17.148255,80.569906,-0.077569,161.462595,-0.94526,-18.479528,0.94526,-0.316966,0.077569,4.691213,-4.448819,0.316966,-0.316966,-161.462595,4.448819,0.077569,18.479528,-4.691213,-0.077569,0.316966,0.94526,-0.94526,NA,NA,NA,NA,NA,NA,NA,NA,NA,NA,NA,NA
NA,NA,NA,NA,NA,NA,NA,NA,NA,NA,NA,NA,NA,NA,NA,NA,174,2025-09-29,15:40:50,2,2,"Holmes, Connor",1000191481,Right,ROA_STA,"Kilgore, Tanner",814348,Right,CAR_EAG,Undefined,6,Bottom,0,1,0,Slider,Curveball,FoulBallNotFieldable,Undefined,Undefined,Undefined,0,0,NA,66.90634,2.820601,2.621981,1693.949982,292.678643,03:45:00,5.24508,-2.11622,5.23369,-65.25645,-0.69055,6.68571,2.46339,0.90736000000000006,61.30857,-9.034699,3.804811,0.578326,100.50192,22.684391,-47.467564,2777.273771,69.71461,34.11622,-85.08739,278.4646,130.05835,-57.322698,2.767711,-2.58961,-0.6774,1.86927,50,5.45612,-4.66191,-96.88761,2.86765,-2.44474,16.10371,-32.81357,CAR_EAG,ROA_STA,CarsonNewman,TeamExclusive,Team,20250929-CarsonNewman-Private-1,34a40a80-9d6c-11f0-bac8-5ddf494ae676,65.17502,36.9558,NA,5.59777,NA,NA,NA,2.75631,2.70207,-0.59802,d963aabb-c726-4912-9008-f618f1adb60d,2025-09-29,19:40:50,2025-09-29T19:40:50Z,2025-09-29T19:40:50Z,LineDrive,v3,CNE,ROST,NA,"Cauthen, Cade",1000141057,Right,ROA_STA,f58622fb-d0b5-4ad2-bca0-b19c34cc9293,55.26988,-97.7596,8.05185,5.25274,4.64444,-16.40679,2.11812,-4.52953,-1.22237,NA,2.75631,91.93892,-24.32646,6.48577,-1.66189,0.39033,-0.07558,0.00971,-5.8e-4,2.70208,56.84485,-27.16099,3.68545,-0.82781,0.17683,-0.03291,0.00442,-2.8e-4,-0.59802,-100.21609,8.24921,-1.32946,0.20566,-0.03124,0.0047,-4.9e-4,2e-5,NA,NA,NA,NA,NA,NA,NA,NA,NA,NA,NA,NA,NA,NA,NA,NA,NA,NA,NA,NA,NA,NA,High,High,High,High,Low,NA,NA,NA,332.190533,-72.938236,497.009031,0.293402,05:00:00,0.935231,-0.183759,0.302616,52.010388,-30.360167,-9.771091,-0.187802,96.886966,-0.117777,-77.192403,0.117777,-0.97512,0.187802,57.906664,-10.824528,0.97512,-0.97512,-96.886966,10.824528,0.187802,77.192403,-57.906664,-0.187802,0.97512,0.117777,-0.117777,NA,NA,NA,NA,NA,NA,NA,NA,NA,NA,NA,NA
NA,NA,NA,NA,NA,NA,NA,NA,NA,NA,NA,NA,NA,NA,NA,NA,175,2025-09-29,15:41:10,2,3,"Holmes, Connor",1000191481,Right,ROA_STA,"Kilgore, Tanner",814348,Right,CAR_EAG,Undefined,6,Bottom,0,1,1,Fastball,Changeup,BallCalled,Undefined,Undefined,Undefined,0,0,NA,79.25722,0.36044,3.485796,1687.891925,139.560739,10:45:00,5.86175,-1.16962,5.51059,-28.82982,17.35859,-13.27894,3.79698,0.98771,70.91314,-5.069893,1.125702,0.489145,NA,NA,NA,NA,NA,NA,NA,NA,NA,NA,NA,7.78111,9.11512,0.87395,50,5.8745,-6.43,-114.57284,-0.13337,10.13313,25.17262,-20.30365,CAR_EAG,ROA_STA,CarsonNewman,TeamExclusive,Team,20250929-CarsonNewman-Private-1,402f8410-9d6c-11f0-bac8-5ddf494ae676,77.05776,NA,NA,8.34408,NA,NA,NA,NA,NA,NA,d963aabb-c726-4912-9008-f618f1adb60d,2025-09-29,19:41:10,2025-09-29T19:41:10Z,2025-09-29T19:41:10Z,NA,v3,CNE,ROST,NA,"Cauthen, Cade",1000141057,Right,ROA_STA,8a8b93da-8d42-442c-bcee-e95a24281a69,54.98485,-115.66286,12.58631,5.86124,0.74582,-10.15183,1.16188,-6.86878,5.06656,NA,NA,NA,NA,NA,NA,NA,NA,NA,NA,NA,NA,NA,NA,NA,NA,NA,NA,NA,NA,NA,NA,NA,NA,NA,NA,NA,NA,NA,NA,NA,NA,NA,NA,NA,NA,NA,NA,NA,NA,NA,NA,NA,NA,NA,NA,NA,NA,NA,NA,High,High,High,NA,NA,NA,NA,NA,145.567096,-7.522786,1673.364027,0.991393,10:45:00,0.183912,0.559739,-0.808003,1.973934,-21.779791,65.929495,0.026618,165.852294,-0.969325,14.142589,0.969325,-0.244336,-0.026618,1.572968,1.525281,0.244336,0.244336,-165.852294,-1.525281,0.026618,-14.142589,-1.572968,-0.026618,-0.244336,0.969325,-0.969325,NA,NA,NA,NA,NA,NA,NA,NA,NA,NA,NA,NA
NA,NA,NA,NA,NA,NA,NA,NA,NA,NA,NA,NA,NA,NA,NA,NA,176,2025-09-29,15:41:27,2,4,"Holmes, Connor",1000191481,Right,ROA_STA,"Kilgore, Tanner",814348,Right,CAR_EAG,Undefined,6,Bottom,0,2,1,ChangeUp,Changeup,FoulBallNotFieldable,Undefined,Undefined,Undefined,0,0,NA,71.34787,0.66761,3.413609,1473.540351,125.799088,10:15:00,5.22147,-2.18212,5.3766,-46.85046,9.72768,-10.77898,1.94431,0.12378,64.98476,-7.939251,1.500971,0.541372,NA,NA,NA,NA,NA,NA,NA,NA,NA,NA,NA,6.48205,5.21823,1.88402,50,5.2484,-5.77803,-103.31144,-0.18596,6.94343,18.63847,-26.58437,CAR_EAG,ROA_STA,CarsonNewman,TeamExclusive,Team,20250929-CarsonNewman-Private-1,4af69c30-9d6c-11f0-bac8-5ddf494ae676,69.62393,NA,NA,6.36311,NA,NA,NA,NA,NA,NA,d963aabb-c726-4912-9008-f618f1adb60d,2025-09-29,19:41:27,2025-09-29T19:41:27Z,2025-09-29T19:41:27Z,NA,v3,CNE,ROST,NA,"Cauthen, Cade",1000141057,Right,ROA_STA,a14eb363-5f94-48ed-ad9a-2e908e28de70,55.12443,-104.23184,9.31924,5.22517,1.12682,-13.29219,2.17781,-6.12091,3.47172,NA,NA,NA,NA,NA,NA,NA,NA,NA,NA,NA,NA,NA,NA,NA,NA,NA,NA,NA,NA,NA,NA,NA,NA,NA,NA,NA,NA,NA,NA,NA,NA,NA,NA,NA,NA,NA,NA,NA,NA,NA,NA,NA,NA,NA,NA,NA,NA,NA,NA,High,High,High,NA,NA,NA,NA,NA,126.247035,-13.245225,1434.341754,0.973398,10:15:00,0.272097,0.782299,-0.560332,112.511044,-27.436109,14.837079,-0.919577,157.057079,-0.361829,-8.810217,0.361829,-0.153162,0.919577,68.52168,-66.864266,0.153162,-0.153162,-157.057079,66.864266,0.919577,8.810217,-68.52168,-0.919577,0.153162,0.361829,-0.361829,NA,NA,NA,NA,NA,NA,NA,NA,NA,NA,NA,NA
NA,NA,NA,NA,NA,NA,NA,NA,NA,NA,NA,NA,NA,NA,NA,NA,177,2025-09-29,15:41:55,2,5,"Holmes, Connor",1000191481,Right,ROA_STA,"Kilgore, Tanner",814348,Right,CAR_EAG,Undefined,6,Bottom,0,2,2,Slider,Changeup,BallCalled,Undefined,Undefined,Undefined,0,0,NA,69.06875,2.872813,2.237764,1393.224141,131.325414,10:30:00,4.72602,-2.61365,5.57835,-45.39436,14.00792,-13.82461,3.63069,-1.67455,63.14302,-5.529373,-0.22411,0.554719,NA,NA,NA,NA,NA,NA,NA,NA,NA,NA,NA,7.55922,6.86264,2.43009,50,4.9442,-3.43202,-100.08627,3.77394,7.67899,15.93104,-25.20269,CAR_EAG,ROA_STA,CarsonNewman,TeamExclusive,Team,20250929-CarsonNewman-Private-1,5b358bb0-9d6c-11f0-bac8-5ddf494ae676,67.94873,NA,NA,5.92573,NA,NA,NA,NA,NA,NA,d963aabb-c726-4912-9008-f618f1adb60d,2025-09-29,19:41:55,2025-09-29T19:41:55Z,2025-09-29T19:41:55Z,NA,v3,CNE,ROST,NA,"Cauthen, Cade",1000141057,Right,ROA_STA,4801d87a-1538-4c7b-82dd-4cc4af0fe6eb,54.92118,-100.86655,7.96552,4.72913,5.00833,-12.60135,2.60739,-3.80812,3.83949,NA,NA,NA,NA,NA,NA,NA,NA,NA,NA,NA,NA,NA,NA,NA,NA,NA,NA,NA,NA,NA,NA,NA,NA,NA,NA,NA,NA,NA,NA,NA,NA,NA,NA,NA,NA,NA,NA,NA,NA,NA,NA,NA,NA,NA,NA,NA,NA,NA,NA,High,High,High,NA,NA,NA,NA,NA,113.349539,-8.806761,1376.798476,0.98821,09:45:00,0.213524,0.898466,-0.383622,-29.099798,45.099281,68.158937,-0.916465,170.802129,-0.394971,-3.666927,0.394971,-0.063956,0.916465,66.685298,-66.414602,0.063956,-0.063956,-170.802129,66.414602,0.916465,3.666927,-66.685298,-0.916465,0.063956,0.394971,-0.394971,NA,NA,NA,NA,NA,NA,NA,NA,NA,NA,NA,NA
NA,NA,NA,NA,NA,NA,NA,NA,NA,NA,NA,NA,NA,NA,NA,NA,178,2025-09-29,15:42:11,2,6,"Holmes, Connor",1000191481,Right,ROA_STA,"Kilgore, Tanner",814348,Right,CAR_EAG,Undefined,6,Bottom,0,3,2,Fastball,Changeup,BallCalled,Walk,Undefined,Undefined,0,0,NA,80.11224,-2.113823,2.253096,1771.135809,141.994337,10:45:00,5.87271,-1.15013,5.55909,-26.34175,18.07682,-12.93642,1.70011,-0.12191,73.01585,-7.031809,-0.054005,0.479682,NA,NA,NA,NA,NA,NA,NA,NA,NA,NA,NA,7.15823,10.20339,0.9639,50,5.67278,-4.04533,-116.08006,-5.07641,9.71442,22.82085,-18.32702,CAR_EAG,ROA_STA,CarsonNewman,TeamExclusive,Team,20250929-CarsonNewman-Private-1,64afff90-9d6c-11f0-bac8-5ddf494ae676,78.57796,NA,NA,7.09639,NA,NA,NA,NA,NA,NA,d963aabb-c726-4912-9008-f618f1adb60d,2025-09-29,19:42:11,2025-09-29T19:42:11Z,2025-09-29T19:42:11Z,NA,v3,CNE,ROST,NA,"Cauthen, Cade",1000141057,Right,ROA_STA,1aa96347-bb93-4fe7-af75-abb99dc211b5,54.93986,-117.04719,11.41043,5.87145,-4.29973,-9.16351,1.14406,-4.45702,4.85721,NA,NA,NA,NA,NA,NA,NA,NA,NA,NA,NA,NA,NA,NA,NA,NA,NA,NA,NA,NA,NA,NA,NA,NA,NA,NA,NA,NA,NA,NA,NA,NA,NA,NA,NA,NA,NA,NA,NA,NA,NA,NA,NA,NA,NA,NA,NA,NA,NA,NA,High,High,High,NA,NA,NA,NA,NA,150.360674,-4.887526,1764.695728,0.996364,11:00:00,0.100961,0.495548,-0.862693,0.700634,-17.224862,70.556933,0.05774,167.095205,-0.973116,12.882894,0.973116,-0.222959,-0.05774,3.395701,3.310128,0.222959,0.222959,-167.095205,-3.310128,0.05774,-12.882894,-3.395701,-0.05774,-0.222959,0.973116,-0.973116,NA,NA,NA,NA,NA,NA,NA,NA,NA,NA,NA,NA
NA,NA,NA,NA,NA,NA,NA,NA,NA,NA,NA,NA,NA,NA,NA,NA,179,2025-09-29,15:42:49,3,1,"Holmes, Connor",1000191481,Right,ROA_STA,"Benner, Seth",1000370212,Right,CAR_EAG,Undefined,6,Bottom,0,0,0,Slider,Curveball,BallCalled,Undefined,Undefined,Undefined,0,0,NA,65.17202,2.513845,2.468586,1612.185488,266.57995,03:00:00,5.66918,-1.2399,5.48514,-64.87551,2.36477,3.30036,2.61863,1.34626,59.87525,-9.332201,3.055582,0.590182,NA,NA,NA,NA,NA,NA,NA,NA,NA,NA,NA,-0.93898,1.16532,1.021,50,5.84625,-4.17976,-94.42694,2.34871,-0.84437,14.92181,-31.12615,CAR_EAG,ROA_STA,CarsonNewman,TeamExclusive,Team,20250929-CarsonNewman-Private-1,7bc6a490-9d6c-11f0-bac8-5ddf494ae676,63.86577,NA,NA,5.29677,NA,NA,NA,NA,NA,NA,d963aabb-c726-4912-9008-f618f1adb60d,2025-09-29,19:42:49,2025-09-29T19:42:49Z,2025-09-29T19:42:49Z,NA,v3,CNE,ROST,NA,"Cauthen, Cade",1000141057,Right,ROA_STA,f2167114-304d-4975-b616-1c033e007654,55.01576,-95.21626,7.46091,5.67847,3.99519,-15.56307,1.24092,-4.1351,-0.42219,NA,NA,NA,NA,NA,NA,NA,NA,NA,NA,NA,NA,NA,NA,NA,NA,NA,NA,NA,NA,NA,NA,NA,NA,NA,NA,NA,NA,NA,NA,NA,NA,NA,NA,NA,NA,NA,NA,NA,NA,NA,NA,NA,NA,NA,NA,NA,NA,NA,NA,High,High,High,NA,NA,NA,NA,NA,329.14515,-73.213204,465.617192,0.288811,05:00:00,0.938407,-0.18997,0.288622,-95.008787,3.835763,48.4309,-0.24655,151.663854,-0.853007,-27.386549,0.853007,-0.459991,0.24655,16.12122,-14.273459,0.459991,-0.459991,-151.663854,14.273459,0.24655,27.386549,-16.12122,-0.24655,0.459991,0.853007,-0.853007,NA,NA,NA,NA,NA,NA,NA,NA,NA,NA,NA,NA
NA,NA,NA,NA,NA,NA,NA,NA,NA,NA,NA,NA,NA,NA,NA,NA,180,2025-09-29,15:43:47,3,2,"Holmes, Connor",1000191481,Right,ROA_STA,"Vaughn, Peyton",10120035,Left,CAR_EAG,Undefined,6,Bottom,0,1,0,Fastball,Changeup,StrikeCalled,Undefined,Undefined,Undefined,0,0,NA,79.58952,-1.749399,3.116728,1771.059937,150.106383,11:00:00,5.82951,-1.1975,5.51101,-25.6097,19.76741,-10.42331,2.05643,0.85148,72.07208,-6.558107,1.262373,0.48483,NA,NA,NA,NA,NA,NA,NA,NA,NA,NA,NA,6.19012,10.97591,0.9324,50,5.65987,-5.85006,-115.17925,-4.27099,8.225,23.56544,-17.58999,CAR_EAG,ROA_STA,CarsonNewman,TeamExclusive,Team,20250929-CarsonNewman-Private-1,9e6344e0-9d6c-11f0-bac8-5ddf494ae676,77.74354,NA,NA,7.51744,NA,NA,NA,NA,NA,NA,d963aabb-c726-4912-9008-f618f1adb60d,2025-09-29,19:43:47,2025-09-29T19:43:47Z,2025-09-29T19:43:47Z,NA,v3,CNE,ROST,NA,"Cauthen, Cade",1000141057,Right,ROA_STA,b97a7f01-97b9-4c46-b843-c723badbfbd6,54.98686,-116.19507,11.78272,5.82763,-3.51275,-8.795,1.19221,-6.20461,4.1125,NA,NA,NA,NA,NA,NA,NA,NA,NA,NA,NA,NA,NA,NA,NA,NA,NA,NA,NA,NA,NA,NA,NA,NA,NA,NA,NA,NA,NA,NA,NA,NA,NA,NA,NA,NA,NA,NA,NA,NA,NA,NA,NA,NA,NA,NA,NA,NA,NA,NA,High,High,High,NA,NA,NA,NA,NA,149.725845,-6.781236,1758.670013,0.993004,11:00:00,0.149216,0.503983,-0.850727,1.379083,-15.763215,70.447648,0.00457,164.100733,-0.961735,15.899096,0.961735,-0.273944,-0.00457,0.272269,0.261853,0.273944,0.273944,-164.100733,-0.261853,0.00457,-15.899096,-0.272269,-0.00457,-0.273944,0.961735,-0.961735,NA,NA,NA,NA,NA,NA,NA,NA,NA,NA,NA,NA
NA,NA,NA,NA,NA,NA,NA,NA,NA,NA,NA,NA,NA,NA,NA,NA,181,2025-09-29,15:44:07,3,3,"Holmes, Connor",1000191481,Right,ROA_STA,"Vaughn, Peyton",10120035,Left,CAR_EAG,Undefined,6,Bottom,0,1,1,Fastball,Changeup,BallCalled,Undefined,Undefined,Undefined,0,0,NA,77.91579,-1.445993,4.244828,1760.864615,157.54887,11:15:00,5.80416,-1.22361,5.47631,-25.3019,21.771,-8.34953,2.33852,2.06014,71.15335,-6.181323,2.764322,0.493807,NA,NA,NA,NA,NA,NA,NA,NA,NA,NA,NA,5.37851,11.83005,0.8558,50,5.65988,-8.03885,-112.73518,-3.57644,6.91552,20.66844,-16.96334,CAR_EAG,ROA_STA,CarsonNewman,TeamExclusive,Team,20250929-CarsonNewman-Private-1,aa0e7b70-9d6c-11f0-bac8-5ddf494ae676,76.33035,NA,NA,6.76244,NA,NA,NA,NA,NA,NA,d963aabb-c726-4912-9008-f618f1adb60d,2025-09-29,19:44:07,2025-09-29T19:44:07Z,2025-09-29T19:44:07Z,NA,v3,CNE,ROST,NA,"Cauthen, Cade",1000141057,Right,ROA_STA,643725fe-58c5-49eb-aca7-fec15cb33c60,55.02258,-113.65227,10.33422,5.80187,-2.82375,-8.48167,1.2193,-8.3457,3.45776,NA,NA,NA,NA,NA,NA,NA,NA,NA,NA,NA,NA,NA,NA,NA,NA,NA,NA,NA,NA,NA,NA,NA,NA,NA,NA,NA,NA,NA,NA,NA,NA,NA,NA,NA,NA,NA,NA,NA,NA,NA,NA,NA,NA,NA,NA,NA,NA,NA,NA,High,High,High,NA,NA,NA,NA,NA,148.44244,-9.596418,1736.223886,0.986006,11:00:00,0.2154,0.520074,-0.826514,-1.927263,-29.196182,64.94762,0.059321,174.952223,-0.994367,5.038864,0.994367,-0.087831,-0.059321,3.41407,3.40086,0.087831,0.087831,-174.952223,-3.40086,0.059321,-5.038864,-3.41407,-0.059321,-0.087831,0.994367,-0.994367,NA,NA,NA,NA,NA,NA,NA,NA,NA,NA,NA,NA
NA,NA,NA,NA,NA,NA,NA,NA,NA,NA,NA,NA,NA,NA,NA,NA,182,2025-09-29,15:44:25,3,4,"Holmes, Connor",1000191481,Right,ROA_STA,"Vaughn, Peyton",10120035,Left,CAR_EAG,Undefined,6,Bottom,0,2,1,Fastball,Changeup,StrikeSwinging,Undefined,Undefined,Undefined,0,0,NA,78.22304,-1.561943,3.112449,1715.141367,152.615809,11:00:00,5.79632,-1.06417,5.47434,-27.74064,19.09501,-9.04989,2.0203700000000002,1.09724,71.17106,-6.739971,1.503616,0.492561,NA,NA,NA,NA,NA,NA,NA,NA,NA,NA,NA,5.46996,10.55906,0.79668,50,5.64033,-5.80139,-113.26205,-3.91356,7.0586,21.96073,-18.54829,CAR_EAG,ROA_STA,CarsonNewman,TeamExclusive,Team,20250929-CarsonNewman-Private-1,b489e490-9d6c-11f0-bac8-5ddf494ae676,76.52346,NA,NA,7.05197,NA,NA,NA,NA,NA,NA,d963aabb-c726-4912-9008-f618f1adb60d,2025-09-29,19:44:25,2025-09-29T19:44:25Z,2025-09-29T19:44:25Z,NA,v3,CNE,ROST,NA,"Cauthen, Cade",1000141057,Right,ROA_STA,a893b4ff-573a-4c45-a2c9-f7a4e056ea15,55.02447,-114.23211,10.98036,5.7951,-3.09424,-9.27415,1.05982,-6.11319,3.5293,NA,NA,NA,NA,NA,NA,NA,NA,NA,NA,NA,NA,NA,NA,NA,NA,NA,NA,NA,NA,NA,NA,NA,NA,NA,NA,NA,NA,NA,NA,NA,NA,NA,NA,NA,NA,NA,NA,NA,NA,NA,NA,NA,NA,NA,NA,NA,NA,NA,NA,High,High,High,NA,NA,NA,NA,NA,153.256995,-11.513188,1680.630644,0.979878,11:00:00,0.234736,0.446212,-0.863594,-4.995183,-18.42992,68.126637,0.033682,168.291891,-0.978639,11.701372,0.978639,-0.202811,-0.033682,1.971158,1.930178,0.202811,0.202811,-168.291891,-1.930178,0.033682,-11.701372,-1.971158,-0.033682,-0.202811,0.978639,-0.978639,NA,NA,NA,NA,NA,NA,NA,NA,NA,NA,NA,NA
NA,NA,NA,NA,NA,NA,NA,NA,NA,NA,NA,NA,NA,NA,NA,NA,183,2025-09-29,15:44:47,3,5,"Holmes, Connor",1000191481,Right,ROA_STA,"Vaughn, Peyton",10120035,Left,CAR_EAG,Undefined,6,Bottom,0,2,2,Fastball,Changeup,BallCalled,Undefined,Undefined,Undefined,0,0,NA,79.39668,-1.772553,4.854757,1777.340696,147.117753,11:00:00,5.81561,-0.9449,5.61175,-25.27974,19.64296,-11.77965,2.04794,2.61588,72.89553,-6.487643,2.762686,0.482397,NA,NA,NA,NA,NA,NA,NA,NA,NA,NA,NA,7.24115,10.84875,0.53665,50,5.6473,-9.29862,-114.88051,-4.3054500000000004,9.72326,20.32874,-17.60657,CAR_EAG,ROA_STA,CarsonNewman,TeamExclusive,Team,20250929-CarsonNewman-Private-1,c1a09200-9d6c-11f0-bac8-5ddf494ae676,78.13577,NA,NA,6.50114,NA,NA,NA,NA,NA,NA,d963aabb-c726-4912-9008-f618f1adb60d,2025-09-29,19:44:47,2025-09-29T19:44:47Z,2025-09-29T19:44:47Z,NA,v3,CNE,ROST,NA,"Cauthen, Cade",1000141057,Right,ROA_STA,180566ae-f6e1-430e-a4e8-cc8e8b6e7070,54.8891,-115.74243,10.16437,5.81402,-3.55894,-8.80328,0.93964,-9.71087,4.86163,NA,NA,NA,NA,NA,NA,NA,NA,NA,NA,NA,NA,NA,NA,NA,NA,NA,NA,NA,NA,NA,NA,NA,NA,NA,NA,NA,NA,NA,NA,NA,NA,NA,NA,NA,NA,NA,NA,NA,NA,NA,NA,NA,NA,NA,NA,NA,NA,NA,NA,High,High,High,NA,NA,NA,NA,NA,150.82424,-10.863167,1745.490876,0.98208,11:00:00,0.245511,0.484355,-0.839717,1.264944,-23.808393,61.901171,-0.010337,170.935804,-0.98746,-9.063707,0.98746,-0.157533,0.010337,0.59975,-0.592261,0.157533,-0.157533,-170.935804,0.592261,0.010337,9.063707,-0.59975,-0.010337,0.157533,0.98746,-0.98746,NA,NA,NA,NA,NA,NA,NA,NA,NA,NA,NA,NA
NA,NA,NA,NA,NA,NA,NA,NA,NA,NA,NA,NA,NA,NA,NA,NA,184,2025-09-29,15:45:07,3,6,"Holmes, Connor",1000191481,Right,ROA_STA,"Vaughn, Peyton",10120035,Left,CAR_EAG,Undefined,6,Bottom,0,3,2,Slider,Curveball,FoulBallNotFieldable,Undefined,Undefined,Undefined,0,0,NA,67.05945,1.970593,3.022284,1624.874519,193.493923,12:30:00,5.20315,-1.96427,5.19906,-57.00704,7.90831,1.33917,2.30948,0.99281,60.8353,-8.460099,3.258954,0.579889,NA,NA,NA,NA,NA,NA,NA,NA,NA,NA,NA,0.30417,3.95709,1.68282,50,5.34346,-5.16651,-96.97547,1.69292,0.28532,17.29112,-28.4624,CAR_EAG,ROA_STA,CarsonNewman,TeamExclusive,Team,20250929-CarsonNewman-Private-1,cdea7990-9d6c-11f0-bac8-5ddf494ae676,64.99938,NA,NA,6.22415,NA,NA,NA,NA,NA,NA,d963aabb-c726-4912-9008-f618f1adb60d,2025-09-29,19:45:07,2025-09-29T19:45:07Z,2025-09-29T19:45:07Z,NA,v3,CNE,ROST,NA,"Cauthen, Cade",1000141057,Right,ROA_STA,fcff7baa-b87e-45ee-af0e-8e7e8039ca4b,55.30019,-97.91596,8.64556,5.20928,3.24102,-14.2312,1.96425,-5.18202,0.14266,NA,NA,NA,NA,NA,NA,NA,NA,NA,NA,NA,NA,NA,NA,NA,NA,NA,NA,NA,NA,NA,NA,NA,NA,NA,NA,NA,NA,NA,NA,NA,NA,NA,NA,NA,NA,NA,NA,NA,NA,NA,NA,NA,NA,NA,NA,NA,NA,NA,NA,High,High,High,NA,NA,NA,NA,NA,336.71346,-82.517502,211.596587,0.130223,05:15:00,0.981446,-0.085544,0.1716,49.264652,-30.826674,3.263597,-0.359022,97.56155,-0.122818,-67.700487,0.122818,-0.925213,0.359022,71.11469,-21.040144,0.925213,-0.925213,-97.56155,21.040144,0.359022,67.700487,-71.11469,-0.359022,0.925213,0.122818,-0.122818,NA,NA,NA,NA,NA,NA,NA,NA,NA,NA,NA,NA
NA,NA,NA,NA,NA,NA,NA,NA,NA,NA,NA,NA,NA,NA,NA,NA,185,2025-09-29,15:45:32,3,7,"Holmes, Connor",1000191481,Right,ROA_STA,"Vaughn, Peyton",10120035,Left,CAR_EAG,Undefined,6,Bottom,0,3,2,Fastball,Changeup,BallCalled,Walk,Undefined,Undefined,0,0,NA,78.04342,-2.192613,2.38595,1754.459978,146.363071,11:00:00,5.61686,-1.33397,5.72011,-30.69474,15.68847,-9.41493,1.0137,0.10533,71.50433,-7.890073,0.701551,0.490176,NA,NA,NA,NA,NA,NA,NA,NA,NA,NA,NA,5.46382,9.07312,1.14028,50,5.4145,-4.35785,-113.14073,-5.24147,7.06505,21.11103,-20.44195,CAR_EAG,ROA_STA,CarsonNewman,TeamExclusive,Team,20250929-CarsonNewman-Private-1,dce613a0-9d6c-11f0-bac8-5ddf494ae676,76.89576,NA,NA,6.53909,NA,NA,NA,NA,NA,NA,d963aabb-c726-4912-9008-f618f1adb60d,2025-09-29,19:45:32,2025-09-29T19:45:32Z,2025-09-29T19:45:32Z,NA,v3,CNE,ROST,NA,"Cauthen, Cade",1000141057,Right,ROA_STA,db6e8313-da3f-4538-b68e-8ed872b383f4,54.77998,-114.02914,10.55552,5.61698,-4.38121,-10.22097,1.32992,-4.65516,3.53253,NA,NA,NA,NA,NA,NA,NA,NA,NA,NA,NA,NA,NA,NA,NA,NA,NA,NA,NA,NA,NA,NA,NA,NA,NA,NA,NA,NA,NA,NA,NA,NA,NA,NA,NA,NA,NA,NA,NA,NA,NA,NA,NA,NA,NA,NA,NA,NA,NA,NA,High,High,High,NA,NA,NA,NA,NA,148.803083,-8.479912,1735.279565,0.989068,11:00:00,0.162864,0.517585,-0.839989,4.933302,-17.406554,66.98038,-0.02995,164.691367,-0.964085,-15.301598,0.964085,-0.2639,0.02995,1.7793350000000001,-1.716239,0.2639,-0.2639,-164.691367,1.716239,0.02995,15.301598,-1.7793350000000001,-0.02995,0.2639,0.964085,-0.964085,NA,NA,NA,NA,NA,NA,NA,NA,NA,NA,NA,NA
NA,NA,NA,NA,NA,NA,NA,NA,NA,NA,NA,NA,NA,NA,NA,NA,186,2025-09-29,15:46:08,4,1,"Holmes, Connor",1000191481,Right,ROA_STA,"Smith, Braxton",1000370200,Right,CAR_EAG,Undefined,6,Bottom,0,0,0,Fastball,Changeup,BallCalled,Undefined,Undefined,Undefined,0,0,NA,77.57288,1.168279,2.726391,1807.695359,146.953596,11:00:00,5.80479,-1.12142,5.67653,-29.95112,17.49088,-10.28965,4.39943,0.56483,69.99873,-4.467478,0.890682,0.495739,NA,NA,NA,NA,NA,NA,NA,NA,NA,NA,NA,6.00343,8.98437,0.89757,50,5.88497,-4.94394,-112.33281,1.43744,7.58473,22.48529,-20.8232,CAR_EAG,ROA_STA,CarsonNewman,TeamExclusive,Team,20250929-CarsonNewman-Private-1,f24125f0-9d6c-11f0-bac8-5ddf494ae676,76.03286,NA,NA,7.57416,NA,NA,NA,NA,NA,NA,d963aabb-c726-4912-9008-f618f1adb60d,2025-09-29,19:46:08,2025-09-29T19:46:08Z,2025-09-29T19:46:08Z,NA,v3,CNE,ROST,NA,"Cauthen, Cade",1000141057,Right,ROA_STA,c5c930b7-755c-413e-b35c-c534410cf8d0,54.82,-113.29351,11.24264,5.80455,2.32712,-10.4116,1.11572,-5.268,3.79237,NA,NA,NA,NA,NA,NA,NA,NA,NA,NA,NA,NA,NA,NA,NA,NA,NA,NA,NA,NA,NA,NA,NA,NA,NA,NA,NA,NA,NA,NA,NA,NA,NA,NA,NA,NA,NA,NA,NA,NA,NA,NA,NA,NA,NA,NA,NA,NA,NA,NA,High,High,High,NA,NA,NA,NA,NA,146.197712,-21.930385,1676.88749,0.927638,10:45:00,0.420156,0.50835,-0.751698,8.430216,-32.728696,45.720553,-0.091313,171.552145,-0.985018,-8.412305,0.985018,-0.146295,0.091313,5.296284,-5.23914,0.146295,-0.146295,-171.552145,5.23914,0.091313,8.412305,-5.296284,-0.091313,0.146295,0.985018,-0.985018,NA,NA,NA,NA,NA,NA,NA,NA,NA,NA,NA,NA
NA,NA,NA,NA,NA,NA,NA,NA,NA,NA,NA,NA,NA,NA,NA,NA,187,2025-09-29,15:46:25,4,2,"Holmes, Connor",1000191481,Right,ROA_STA,"Smith, Braxton",1000370200,Right,CAR_EAG,Undefined,6,Bottom,0,1,0,Slider,Curveball,FoulBallNotFieldable,Undefined,Undefined,Undefined,0,0,NA,66.1782,2.336713,1.593075,1641.438976,225.688633,01:30:00,5.24857,-2.00316,5.29919,-57.91854,7.48646,5.56118,2.61799,-0.04364,60.82364,-8.239289,2.579237,0.582072,68.49543,64.902045,48.356743,5225.832344,NA,NA,NA,NA,44.10807,NA,NA,-2.35181,3.6624,1.85396,50,5.419,-2.85332,-95.94674,2.27921,-2.18975,15.00723,-28.76403,CAR_EAG,ROA_STA,CarsonNewman,TeamExclusive,Team,20250929-CarsonNewman-Private-1,fc739f30-9d6c-11f0-bac8-5ddf494ae676,64.75561,81.58005,NA,5.35457,NA,NA,NA,1.35051,2.51076,-0.26627,d963aabb-c726-4912-9008-f618f1adb60d,2025-09-29,19:46:25,2025-09-29T19:46:25Z,2025-09-29T19:46:25Z,NA,v3,CNE,ROST,NA,"Cauthen, Cade",1000141057,Right,ROA_STA,458ea6a1-cf82-441e-adab-8237838c15f5,55.2025,-96.75705,7.50362,5.25401,3.83231,-14.38201,2.00483,-2.73509,-1.09488,NA,1.35051,28.31528,-10.68158,2.9835,0.44423,-2.16595,2.38509,-1.25508,0.25915,2.51077,90.97465,-24.38726,2.54963,-0.65779,0.4954,-0.46077,0.23798,-0.04925,-0.26627,31.84354,-1.92986,0.16932,-0.18558,0.42663,-0.45825,0.24121,-0.04999,NA,NA,NA,NA,NA,NA,NA,NA,NA,NA,NA,NA,NA,NA,NA,NA,NA,NA,NA,NA,NA,NA,High,High,High,Medium,Undefined,NA,NA,NA,334.967619,-74.972711,425.59076,0.259279,05:15:00,0.953624,-0.148995,0.261537,62.984823,-38.439231,-8.861799,-0.352066,101.051128,-0.179412,-66.725033,0.179412,-0.918619,0.352066,62.996646,-20.613705,0.918619,-0.918619,-101.051128,20.613705,0.352066,66.725033,-62.996646,-0.352066,0.918619,0.179412,-0.179412,NA,NA,NA,NA,NA,NA,NA,NA,NA,NA,NA,NA
NA,NA,NA,NA,NA,NA,NA,NA,NA,NA,NA,NA,NA,NA,NA,NA,188,2025-09-29,15:46:54,4,3,"Holmes, Connor",1000191481,Right,ROA_STA,"Smith, Braxton",1000370200,Right,CAR_EAG,Undefined,6,Bottom,0,1,1,ChangeUp,Changeup,FoulBallNotFieldable,Undefined,Undefined,Undefined,0,0,NA,69.86641,2.203207,2.141205,1351.809366,123.265931,10:00:00,4.88636,-2.09923,5.57387,-47.46022,10.18753,-12.94477,2.99178,-1.17696,64.39195,-6.527415,-0.165704,0.546465,55.20465,21.974772,165.119587,2614.185317,NA,NA,NA,NA,22.20318,NA,NA,7.08146,5.11634,1.92334,50,5.04526,-3.34365,-101.38611,2.5499,7.42508,15.43456,-26.80943,CAR_EAG,ROA_STA,CarsonNewman,TeamExclusive,Team,20250929-CarsonNewman-Private-1,0d62f2f0-9d6d-11f0-bac8-5ddf494ae676,68.97498,10.07266,NA,5.47446,NA,NA,NA,0.95006,2.78322,1.10827,d963aabb-c726-4912-9008-f618f1adb60d,2025-09-29,19:46:54,2025-09-29T19:46:54Z,2025-09-29T19:46:54Z,NA,v3,CNE,ROST,NA,"Cauthen, Cade",1000141057,Right,ROA_STA,bb6ea869-be7c-4b9c-a54a-10658676e806,54.92761,-102.13351,7.71728,4.89035,3.84812,-13.40471,2.09396,-3.70321,3.71254,1.10988,0.95029,-72.57631,3.79465,NA,NA,NA,NA,NA,NA,2.78533,30.20672,-21.37327,NA,NA,NA,NA,NA,NA,1.10818,19.28556,-0.92979,NA,NA,NA,NA,NA,NA,NA,NA,NA,NA,NA,NA,NA,NA,NA,NA,NA,NA,NA,NA,NA,NA,NA,NA,NA,NA,NA,NA,High,High,High,Medium,Undefined,NA,NA,NA,112.167575,-19.195169,1276.654301,0.944404,09:45:00,0.375228,0.861311,-0.342559,-25.366421,50.423035,66.844686,-0.862659,153.946935,-0.454391,-12.834909,0.454391,-0.222143,0.862659,62.222741,-59.616506,0.222143,-0.222143,-153.946935,59.616506,0.862659,12.834909,-62.222741,-0.862659,0.222143,0.454391,-0.454391,NA,NA,NA,NA,NA,NA,NA,NA,NA,NA,NA,NA
NA,NA,NA,NA,NA,NA,NA,NA,NA,NA,NA,NA,NA,NA,NA,NA,189,2025-09-29,15:47:15,4,4,"Holmes, Connor",1000191481,Right,ROA_STA,"Smith, Braxton",1000370200,Right,CAR_EAG,Undefined,6,Bottom,0,1,2,Fastball,Changeup,BallCalled,Undefined,Undefined,Undefined,0,0,NA,78.19507,1.715597,2.729339,1772.479521,132.162573,10:30:00,5.67875,-1.25376,5.28157,-33.37226,13.7219,-13.42552,4.51131,0.19275,70.97835,-4.466997,0.351676,0.493918,NA,NA,NA,NA,NA,NA,NA,NA,NA,NA,NA,7.4493,6.82705,1.01457,50,5.81151,-4.84888,-113.24403,2.32736,9.63246,21.49999,-23.34621,CAR_EAG,ROA_STA,CarsonNewman,TeamExclusive,Team,20250929-CarsonNewman-Private-1,19e0e2d0-9d6d-11f0-bac8-5ddf494ae676,76.31315,NA,NA,7.21672,NA,NA,NA,NA,NA,NA,d963aabb-c726-4912-9008-f618f1adb60d,2025-09-29,19:47:15,2025-09-29T19:47:15Z,2025-09-29T19:47:15Z,NA,v3,CNE,ROST,NA,"Cauthen, Cade",1000141057,Right,ROA_STA,e4e143de-c24f-4e17-82b1-fc4e635e0546,55.21722,-114.23025,10.75,5.68019,3.39826,-11.6731,1.24713,-5.29073,4.81623,NA,NA,NA,NA,NA,NA,NA,NA,NA,NA,NA,NA,NA,NA,NA,NA,NA,NA,NA,NA,NA,NA,NA,NA,NA,NA,NA,NA,NA,NA,NA,NA,NA,NA,NA,NA,NA,NA,NA,NA,NA,NA,NA,NA,NA,NA,NA,NA,NA,NA,High,High,High,NA,NA,NA,NA,NA,142.957781,-7.910897,1755.611375,0.990483,10:45:00,0.192905,0.592282,-0.782297,-8.105548,-23.428624,80.012857,0.049534,165.211045,-0.965686,14.770387,0.965686,-0.254946,-0.049534,2.936372,2.83926,0.254946,0.254946,-165.211045,-2.83926,0.049534,-14.770387,-2.936372,-0.049534,-0.254946,0.965686,-0.965686,NA,NA,NA,NA,NA,NA,NA,NA,NA,NA,NA,NA
NA,NA,NA,NA,NA,NA,NA,NA,NA,NA,NA,NA,NA,NA,NA,NA,190,2025-09-29,15:47:31,4,5,"Holmes, Connor",1000191481,Right,ROA_STA,"Smith, Braxton",1000370200,Right,CAR_EAG,Undefined,6,Bottom,0,2,2,Slider,Curveball,BallCalled,Undefined,Undefined,Undefined,0,0,NA,67.39145,2.371782,2.759312,1651.626627,309.889836,04:15:00,5.25504,-1.84314,5.14325,-64.11393,-1.16067,3.52992,2.14936,1.0512,62.61223,-9.200963,3.383097,0.571058,NA,NA,NA,NA,NA,NA,NA,NA,NA,NA,NA,-1.05492,-0.61268,1.58166,50,5.42783,-4.83323,-97.73661,2.10773,-1.02896,14.19268,-32.77164,CAR_EAG,ROA_STA,CarsonNewman,TeamExclusive,Team,20250929-CarsonNewman-Private-1,239f1670-9d6d-11f0-bac8-5ddf494ae676,66.00453,NA,NA,4.77922,NA,NA,NA,NA,NA,NA,d963aabb-c726-4912-9008-f618f1adb60d,2025-09-29,19:47:31,2025-09-29T19:47:31Z,2025-09-29T19:47:31Z,NA,v3,CNE,ROST,NA,"Cauthen, Cade",1000141057,Right,ROA_STA,bc28d29c-de31-49f7-bb31-441f0495c990,55.3606,-98.51197,7.09634,5.26378,3.89807,-16.38582,1.84417,-4.77701,-0.51448,NA,NA,NA,NA,NA,NA,NA,NA,NA,NA,NA,NA,NA,NA,NA,NA,NA,NA,NA,NA,NA,NA,NA,NA,NA,NA,NA,NA,NA,NA,NA,NA,NA,NA,NA,NA,NA,NA,NA,NA,NA,NA,NA,NA,NA,NA,NA,NA,NA,NA,High,High,High,NA,NA,NA,NA,NA,336.437082,-76.527146,384.803648,0.232985,05:15:00,0.95639,-0.133302,0.259901,42.954072,-29.538882,-5.991321,-0.193855,99.418824,-0.160546,-75.42164,0.160546,-0.967804,0.193855,50.36939,-11.177868,0.967804,-0.967804,-99.418824,11.177868,0.193855,75.42164,-50.36939,-0.193855,0.967804,0.160546,-0.160546,NA,NA,NA,NA,NA,NA,NA,NA,NA,NA,NA,NA
NA,NA,NA,NA,NA,NA,NA,NA,NA,NA,NA,NA,NA,NA,NA,NA,191,2025-09-29,15:47:50,4,6,"Holmes, Connor",1000191481,Right,ROA_STA,"Smith, Braxton",1000370200,Right,CAR_EAG,Undefined,6,Bottom,0,3,2,Fastball,Changeup,BallCalled,Walk,Undefined,Undefined,0,1,NA,79.26472,-2.235611,2.874702,2041.194635,153.248336,11:00:00,5.78964,-0.98688,5.47819,-25.49545,19.74088,-9.2165,1.56934,0.93735,72.7374,-6.980168,1.235354,0.484078,NA,NA,NA,NA,NA,NA,NA,NA,NA,NA,NA,5.4154,10.99776,0.74064,50,5.57589,-5.40244,-114.862,-5.25019,7.25115,20.82354,-17.4482,CAR_EAG,ROA_STA,CarsonNewman,TeamExclusive,Team,20250929-CarsonNewman-Private-1,2ef85c70-9d6d-11f0-bac8-5ddf494ae676,77.86445,NA,NA,6.52732,NA,NA,NA,NA,NA,NA,d963aabb-c726-4912-9008-f618f1adb60d,2025-09-29,19:47:50,2025-09-29T19:47:50Z,2025-09-29T19:47:50Z,NA,v3,CNE,ROST,NA,"Cauthen, Cade",1000141057,Right,ROA_STA,d33f028b-1712-4ac2-a829-16adf5fd80cb,55.02187,-115.76885,10.41177,5.78799,-4.49034,-8.7241,0.98278,-5.71823,3.62557,NA,NA,NA,NA,NA,NA,NA,NA,NA,NA,NA,NA,NA,NA,NA,NA,NA,NA,NA,NA,NA,NA,NA,NA,NA,NA,NA,NA,NA,NA,NA,NA,NA,NA,NA,NA,NA,NA,NA,NA,NA,NA,NA,NA,NA,NA,NA,NA,NA,NA,High,High,High,NA,NA,NA,NA,NA,155.096832,-8.820793,2017.053012,0.988173,11:15:00,0.181774,0.421771,-0.888295,-3.057947,-12.628319,80.048193,-0.055244,165.971362,-0.968693,-14.006777,0.968693,-0.242037,0.055244,3.264009,-3.16686,0.242037,-0.242037,-165.971362,3.16686,0.055244,14.006777,-3.264009,-0.055244,0.242037,0.968693,-0.968693,NA,NA,NA,NA,NA,NA,NA,NA,NA,NA,NA,NA
NA,NA,NA,NA,NA,NA,NA,NA,NA,NA,NA,NA,NA,NA,NA,NA,192,2025-09-29,15:48:23,5,1,"Holmes, Connor",1000191481,Right,ROA_STA,"Cochran, Carson",10085797,Right,CAR_EAG,Undefined,6,Bottom,0,0,0,Fastball,Changeup,StrikeCalled,Undefined,Undefined,Undefined,0,0,NA,80.01678,-0.310168,2.336615,1925.592086,146.152183,10:45:00,5.83776,-0.78429,5.48035,-25.86123,18.45706,-11.43414,3.39218,0.45049,73.1834,-5.141104,0.302138,0.479141,NA,NA,NA,NA,NA,NA,NA,NA,NA,NA,NA,6.38134,9.80575,0.58699,50,5.79319,-4.27606,-116.08034,-1.41123,8.71904,21.44786,-18.77615,CAR_EAG,ROA_STA,CarsonNewman,TeamExclusive,Team,20250929-CarsonNewman-Private-1,42a9dd70-9d6d-11f0-bac8-5ddf494ae676,78.66676,NA,NA,6.83338,NA,NA,NA,NA,NA,NA,d963aabb-c726-4912-9008-f618f1adb60d,2025-09-29,19:48:23,2025-09-29T19:48:23Z,2025-09-29T19:48:23Z,NA,v3,CNE,ROST,NA,"Cauthen, Cade",1000141057,Right,ROA_STA,6a25db73-7531-4bbc-884b-f0777a83283d,55.01965,-117.00413,10.72393,5.83656,-0.60251,-9.38808,0.77926,-4.6516,4.35952,NA,NA,NA,NA,NA,NA,NA,NA,NA,NA,NA,NA,NA,NA,NA,NA,NA,NA,NA,NA,NA,NA,NA,NA,NA,NA,NA,NA,NA,NA,NA,NA,NA,NA,NA,NA,NA,NA,NA,NA,NA,NA,NA,NA,NA,NA,NA,NA,NA,NA,High,High,High,NA,NA,NA,NA,NA,152.710215,-23.433948,1766.767616,0.917519,11:00:00,0.428324,0.422821,-0.798599,0.434019,-20.40327,56.800817,-0.133748,164.026722,-0.952752,-15.82598,0.952752,-0.272717,0.133748,7.991022,-7.68625,0.272717,-0.272717,-164.026722,7.68625,0.133748,15.82598,-7.991022,-0.133748,0.272717,0.952752,-0.952752,NA,NA,NA,NA,NA,NA,NA,NA,NA,NA,NA,NA
NA,NA,NA,NA,NA,NA,NA,NA,NA,NA,NA,NA,NA,NA,NA,NA,193,2025-09-29,15:48:40,5,2,"Holmes, Connor",1000191481,Right,ROA_STA,"Cochran, Carson",10085797,Right,CAR_EAG,Undefined,6,Bottom,0,0,1,ChangeUp,Changeup,StrikeSwinging,Undefined,Undefined,Undefined,0,0,NA,69.12928,0.960808,1.612986,1308.207882,128.969778,10:15:00,5.02362,-1.77168,5.35687,-48.58715,10.75296,-11.09564,1.87625,-1.18314,63.88236,-7.924345,-0.359141,0.554429,NA,NA,NA,NA,NA,NA,NA,NA,NA,NA,NA,5.988,5.69583,1.63478,50,5.07548,-2.43979,-100.36007,0.26714,6.14495,15.30229,-26.3289,CAR_EAG,ROA_STA,CarsonNewman,TeamExclusive,Team,20250929-CarsonNewman-Private-1,4d1986c0-9d6d-11f0-bac8-5ddf494ae676,67.9843,NA,NA,5.24692,NA,NA,NA,NA,NA,NA,d963aabb-c726-4912-9008-f618f1adb60d,2025-09-29,19:48:40,2025-09-29T19:48:40Z,2025-09-29T19:48:40Z,NA,v3,CNE,ROST,NA,"Cauthen, Cade",1000141057,Right,ROA_STA,796c08fb-fa9a-4844-b457-0ee78d6f42d5,55.14442,-101.14142,7.65115,5.02752,1.61152,-13.16445,1.76737,-2.75355,3.07248,NA,NA,NA,NA,NA,NA,NA,NA,NA,NA,NA,NA,NA,NA,NA,NA,NA,NA,NA,NA,NA,NA,NA,NA,NA,NA,NA,NA,NA,NA,NA,NA,NA,NA,NA,NA,NA,NA,NA,NA,NA,NA,NA,NA,NA,NA,NA,NA,NA,NA,High,High,High,NA,NA,NA,NA,NA,119.599447,-12.608073,1276.661779,0.975886,10:00:00,0.245955,0.844753,-0.475288,111.587212,-28.835242,14.951476,-0.868344,159.955227,-0.46592,-9.787432,0.46592,-0.169993,0.868344,61.783714,-60.266752,0.169993,-0.169993,-159.955227,60.266752,0.868344,9.787432,-61.783714,-0.868344,0.169993,0.46592,-0.46592,NA,NA,NA,NA,NA,NA,NA,NA,NA,NA,NA,NA
NA,NA,NA,NA,NA,NA,NA,NA,NA,NA,NA,NA,NA,NA,NA,NA,194,2025-09-29,15:48:53,5,3,"Holmes, Connor",1000191481,Right,ROA_STA,"Cochran, Carson",10085797,Right,CAR_EAG,Undefined,6,Bottom,0,0,2,Fastball,Changeup,BallCalled,Undefined,Undefined,Undefined,0,0,NA,79.70397,0.541243,1.65296,1979.061812,125.771281,10:15:00,5.71404,-0.925,5.18024,-32.31659,12.79257,-15.80202,3.5305,-0.68604,72.98483,-5.408167,-1.145269,0.483397,NA,NA,NA,NA,NA,NA,NA,NA,NA,NA,NA,8.27516,6.66185,0.78354,50,5.74016,-2.67698,-115.64164,0.01093,11.231,21.11175,-23.13264,CAR_EAG,ROA_STA,CarsonNewman,TeamExclusive,Team,20250929-CarsonNewman-Private-1,54b130e0-9d6d-11f0-bac8-5ddf494ae676,77.9741,NA,NA,6.71913,NA,NA,NA,NA,NA,NA,d963aabb-c726-4912-9008-f618f1adb60d,2025-09-29,19:48:53,2025-09-29T19:48:53Z,2025-09-29T19:48:53Z,NA,v3,CNE,ROST,NA,"Cauthen, Cade",1000141057,Right,ROA_STA,c67340c8-75b7-4c32-a2fe-a91bbdda687c,55.32018,-116.60886,10.55588,5.71539,1.07073,-11.56632,0.91797,-3.19152,5.6155,NA,NA,NA,NA,NA,NA,NA,NA,NA,NA,NA,NA,NA,NA,NA,NA,NA,NA,NA,NA,NA,NA,NA,NA,NA,NA,NA,NA,NA,NA,NA,NA,NA,NA,NA,NA,NA,NA,NA,NA,NA,NA,NA,NA,NA,NA,NA,NA,NA,NA,High,High,High,NA,NA,NA,NA,NA,148.386112,-14.131629,1919.170229,0.969737,11:00:00,0.272659,0.506,-0.818304,-3.72624,-15.60128,76.437511,-0.085334,161.563627,-0.945215,-18.366717,0.945215,-0.315098,0.085334,5.158693,-4.895246,0.315098,-0.315098,-161.563627,4.895246,0.085334,18.366717,-5.158693,-0.085334,0.315098,0.945215,-0.945215,NA,NA,NA,NA,NA,NA,NA,NA,NA,NA,NA,NA
NA,NA,NA,NA,NA,NA,NA,NA,NA,NA,NA,NA,NA,NA,NA,NA,195,2025-09-29,15:49:07,5,4,"Holmes, Connor",1000191481,Right,ROA_STA,"Cochran, Carson",10085797,Right,CAR_EAG,Undefined,6,Bottom,0,1,2,Slider,Changeup,InPlay,Undefined,FlyBall,Sacrifice,1,1,NA,69.08929,0.77881,3.763413,1361.385452,108.460155,09:30:00,4.73653,-2.29712,5.48602,-53.30204,5.75563,-12.13198,1.02498,0.21807000000000001,64.18589,-8.926554,1.606177,0.553108,81.62299,21.630622,-5.063783,2744.139903,109.92102,34.2387,-4.16237,285.50128,280.0454,2.775939,3.626651,7.11209,3.18024,1.97538,50,4.76829,-6.18821,-100.2331,-0.17597,7.30635,14.71205,-28.90693,CAR_EAG,ROA_STA,CarsonNewman,TeamExclusive,Team,20250929-CarsonNewman-Private-1,5cd71140-9d6d-11f0-bac8-5ddf494ae676,68.14668,39.08251,NA,4.9034,NA,NA,NA,2.02003,1.20193,-0.16488,d963aabb-c726-4912-9008-f618f1adb60d,2025-09-29,19:49:07,2025-09-29T19:49:07Z,2025-09-29T19:49:07Z,LineDrive,v3,CNE,ROST,NA,"Cauthen, Cade",1000141057,Right,ROA_STA,84d17bd9-1a56-4c30-9367-3a0efba1f8ec,55.01812,-100.96696,7.35603,4.74111,1.26595,-14.45347,2.29315,-6.55266,3.65318,212.284066,2.01961,110.86085,-15.80955,3.30521,-0.76132,0.20522,-0.05001,0.00752,-4.7e-4,1.20218,44.12468,-13.43537,0.38659,-0.01534,-0.02433,0.01344,-0.00229,1.1e-4,-0.16488,-9.82066,7.00767,-1.54347,0.28701,-0.04712,0.00805,-0.00117,8e-5,NA,NA,NA,NA,NA,NA,NA,NA,NA,NA,NA,NA,NA,NA,NA,NA,NA,NA,NA,NA,NA,NA,High,High,High,High,High,NA,NA,NA,110.005115,-13.6618,1322.867512,0.971707,09:45:00,0.269863,0.909781,-0.315392,-37.04903,45.037727,63.364039,-0.883335,163.767109,-0.450055,-7.529307,0.450055,-0.131033,0.883335,63.001366,-62.047313,0.131033,-0.131033,-163.767109,62.047313,0.883335,7.529307,-63.001366,-0.883335,0.131033,0.450055,-0.450055,NA,NA,NA,NA,NA,NA,NA,NA,NA,NA,NA,NA
NA,NA,NA,NA,NA,NA,NA,NA,NA,NA,NA,NA,NA,NA,NA,NA,196,2025-09-29,15:49:44,6,1,"Holmes, Connor",1000191481,Right,ROA_STA,"Bolton, Ryan",1000215919,Right,CAR_EAG,Undefined,6,Bottom,1,0,0,Fastball,Changeup,StrikeCalled,Undefined,Undefined,Undefined,0,0,NA,79.03135,-0.602523,2.531571,1787.828365,137.311168,10:30:00,5.69327,-1.36935,5.45569,-31.15872,13.32847,-11.27745,2.53209,0.062330000000000003,74.01815,-6.305057,0.525273,0.480053,NA,NA,NA,NA,NA,NA,NA,NA,NA,NA,NA,6.23189,7.21225,1.15393,50,5.61845,-4.64772,-114.92353,-2.21316,8.54093,16.34864,-22.28956,CAR_EAG,ROA_STA,CarsonNewman,TeamExclusive,Team,20250929-CarsonNewman-Private-1,72ece810-9d6d-11f0-bac8-5ddf494ae676,78.51731,NA,NA,5.0132,NA,NA,NA,NA,NA,NA,d963aabb-c726-4912-9008-f618f1adb60d,2025-09-29,19:49:44,2025-09-29T19:49:44Z,2025-09-29T19:49:44Z,NA,v3,CNE,ROST,NA,"Cauthen, Cade",1000141057,Right,ROA_STA,465a8013-5126-4f02-84a6-eecc6f9324f8,55.04813,-115.63943,8.17432,5.694,-1.23711,-11.14478,1.36564,-5.02172,4.27046,NA,NA,NA,NA,NA,NA,NA,NA,NA,NA,NA,NA,NA,NA,NA,NA,NA,NA,NA,NA,NA,NA,NA,NA,NA,NA,NA,NA,NA,NA,NA,NA,NA,NA,NA,NA,NA,NA,NA,NA,NA,NA,NA,NA,NA,NA,NA,NA,NA,NA,High,High,High,NA,NA,NA,NA,NA,146.164054,-16.946388,1710.197122,0.956578,10:45:00,0.320676,0.535674,-0.781166,-8.633721,-20.670407,74.154183,-0.018997,163.225462,-0.957275,-16.771421,0.957275,-0.288554,0.018997,1.136895,-1.08853,0.288554,-0.288554,-163.225462,1.08853,0.018997,16.771421,-1.136895,-0.018997,0.288554,0.957275,-0.957275,NA,NA,NA,NA,NA,NA,NA,NA,NA,NA,NA,NA
NA,NA,NA,NA,NA,NA,NA,NA,NA,NA,NA,NA,NA,NA,NA,NA,197,2025-09-29,15:50:05,6,2,"Holmes, Connor",1000191481,Right,ROA_STA,"Bolton, Ryan",1000215919,Right,CAR_EAG,Undefined,6,Bottom,1,0,1,ChangeUp,Changeup,BallCalled,Undefined,Undefined,Undefined,0,0,NA,68.8711,3.690779,2.838717,1478.244193,114.29465,09:45:00,4.94824,-2.25247,5.5096,-51.23341,8.2576,-14.55312,4.13946,-0.80827,63.46046,-5.704786,0.253253,0.555133,NA,NA,NA,NA,NA,NA,NA,NA,NA,NA,NA,8.02394,3.77551,2.01462,50,5.23658,-4.44912,-99.79216,4.98105,8.17871,14.43422,-28.32571,CAR_EAG,ROA_STA,CarsonNewman,TeamExclusive,Team,20250929-CarsonNewman-Private-1,7f3c9c00-9d6d-11f0-bac8-5ddf494ae676,67.89802,NA,NA,5.41064,NA,NA,NA,NA,NA,NA,d963aabb-c726-4912-9008-f618f1adb60d,2025-09-29,19:50:05,2025-09-29T19:50:05Z,2025-09-29T19:50:05Z,NA,v3,CNE,ROST,NA,"Cauthen, Cade",1000141057,Right,ROA_STA,125b146f-ee31-4fe1-98f3-a868586c4c25,54.99282,-100.51174,7.21711,4.95306,6.39315,-14.16285,2.24658,-4.85685,4.08936,NA,NA,NA,NA,NA,NA,NA,NA,NA,NA,NA,NA,NA,NA,NA,NA,NA,NA,NA,NA,NA,NA,NA,NA,NA,NA,NA,NA,NA,NA,NA,NA,NA,NA,NA,NA,NA,NA,NA,NA,NA,NA,NA,NA,NA,NA,NA,NA,NA,NA,High,High,High,NA,NA,NA,NA,NA,122.730364,-17.334448,1411.105054,0.954582,10:00:00,0.374155,0.782173,-0.498211,-49.072978,46.227687,51.835531,-0.945138,166.251825,-0.317311,-4.452633,0.317311,-0.077635,0.945138,71.441542,-70.933176,0.077635,-0.077635,-166.251825,70.933176,0.945138,4.452633,-71.441542,-0.945138,0.077635,0.317311,-0.317311,NA,NA,NA,NA,NA,NA,NA,NA,NA,NA,NA,NA
NA,NA,NA,NA,NA,NA,NA,NA,NA,NA,NA,NA,NA,NA,NA,NA,198,2025-09-29,15:50:23,6,3,"Holmes, Connor",1000191481,Right,ROA_STA,"Bolton, Ryan",1000215919,Right,CAR_EAG,Undefined,6,Bottom,1,1,1,Fastball,Changeup,BallCalled,Undefined,Undefined,Undefined,0,0,NA,78.16219,-1.90833,1.6296,1967.67293,130.595391,10:15:00,5.71035,-1.23682,5.47213,-31.52502,14.15524,-15.10123,1.29595,-0.96977,73.0527,-7.673714,-1.061924,0.486447,NA,NA,NA,NA,NA,NA,NA,NA,NA,NA,NA,7.99603,7.96953,1.10411,50,5.52081,-2.65562,-113.61323,-4.78465,10.65133,17.08084,-21.55801,CAR_EAG,ROA_STA,CarsonNewman,TeamExclusive,Team,20250929-CarsonNewman-Private-1,8a147d00-9d6d-11f0-bac8-5ddf494ae676,77.48518,NA,NA,5.10949,NA,NA,NA,NA,NA,NA,d963aabb-c726-4912-9008-f618f1adb60d,2025-09-29,19:50:23,2025-09-29T19:50:23Z,2025-09-29T19:50:23Z,NA,v3,CNE,ROST,NA,"Cauthen, Cade",1000141057,Right,ROA_STA,a61d0dfd-a3cf-4685-accd-3fb6b41ab922,55.03129,-114.36715,8.54042,5.71099,-3.83312,-10.779,1.2317,-3.12575,5.32567,NA,NA,NA,NA,NA,NA,NA,NA,NA,NA,NA,NA,NA,NA,NA,NA,NA,NA,NA,NA,NA,NA,NA,NA,NA,NA,NA,NA,NA,NA,NA,NA,NA,NA,NA,NA,NA,NA,NA,NA,NA,NA,NA,NA,NA,NA,NA,NA,NA,NA,High,High,High,NA,NA,NA,NA,NA,149.289305,-11.773557,1926.276363,0.978962,11:00:00,0.211142,0.506477,-0.836003,1.652668,-15.616982,73.653266,-0.087432,162.431409,-0.949705,-17.499135,0.949705,-0.300691,0.087432,5.259929,-5.015869,0.300691,-0.300691,-162.431409,5.015869,0.087432,17.499135,-5.259929,-0.087432,0.300691,0.949705,-0.949705,NA,NA,NA,NA,NA,NA,NA,NA,NA,NA,NA,NA
NA,NA,NA,NA,NA,NA,NA,NA,NA,NA,NA,NA,NA,NA,NA,NA,199,2025-09-29,15:50:54,6,4,"Holmes, Connor",1000191481,Right,ROA_STA,"Bolton, Ryan",1000215919,Right,CAR_EAG,Undefined,6,Bottom,1,2,1,Slider,Curveball,InPlay,Undefined,FlyBall,Out,1,0,NA,65.3222,3.097882,2.243544,1634.853842,232.668506,01:45:00,5.19418,-2.3574,5.37478,-63.63913,3.01181,1.37024,2.80044,-0.13868,60.36765,-8.488106,2.486658,0.58759,90.99782,34.203215,-24.113673,3034.392075,100.21373,70.16955,-45.3555,334.1661,321.53574,-26.735348,5.39503,-0.10118,1.21693,2.15519,50,5.4267,-3.75453,-94.70591,3.35219,-0.09234,13.7891,-31.06329,CAR_EAG,ROA_STA,CarsonNewman,TeamExclusive,Team,20250929-CarsonNewman-Private-1,9c9bd5e0-9d6d-11f0-bac8-5ddf494ae676,64.14749,95.81224,NA,4.95454,NA,NA,NA,2.28295,3.06603,0.17065,d963aabb-c726-4912-9008-f618f1adb60d,2025-09-29,19:50:54,2025-09-29T19:50:54Z,2025-09-29T19:50:54Z,FlyBall,v3,CNE,ROST,NA,"Cauthen, Cade",1000141057,Right,ROA_STA,dd40d6c9-59d6-46ca-aa66-97e7cd24ef7f,55.12876,-95.44973,6.89455,5.20068,5.02783,-15.53164,2.35759,-3.74955,-0.04617,173.997908,2.28546,100.70438,-20.40862,4.58444,-0.78074,0.09705,-0.00992,9.5e-4,-5e-5,3.06686,74.99793,-16.73026,0.77159,-0.02202,-0.042659999999999997,0.01632,-0.00243,1.3e-4,0.16968,-45.07872,7.61447,-1.69893,0.28774,-0.03574,0.00373,-3.7e-4,2e-5,NA,NA,NA,NA,NA,NA,NA,NA,NA,NA,NA,NA,NA,NA,NA,NA,NA,NA,NA,NA,NA,NA,High,High,High,High,Medium,NA,NA,NA,331.208843,-72.196262,499.868693,0.305757,05:00:00,0.931547,-0.198497,0.304661,70.883725,-35.581962,-7.881587,-0.310561,92.093199,-0.034719,-71.790326,0.034719,-0.949919,0.310561,83.621119,-18.09302,0.949919,-0.949919,-92.093199,18.09302,0.310561,71.790326,-83.621119,-0.310561,0.949919,0.034719,-0.034719,NA,NA,NA,NA,NA,NA,NA,NA,NA,NA,NA,NA
NA,NA,NA,NA,NA,NA,NA,NA,NA,NA,NA,NA,NA,NA,NA,NA,200,2025-09-29,15:51:41,7,1,"Holmes, Connor",1000191481,Right,ROA_STA,"Gibson, Aiden",10011511,Right,CAR_EAG,Undefined,6,Bottom,2,0,0,Slider,Changeup,InPlay,Undefined,LineDrive,Single,1,0,NA,68.80789,1.055712,3.610803,1308.109618,110.949006,09:45:00,4.94211,-2.37112,5.61362,-52.44589,7.18414,-13.94489,1.55909,-0.15844,63.45259,-8.555196,1.125104,0.555781,88.19398,10.151165,-26.829674,2411.655803,95.44701,5.32474,-54.67913,138.55978,138.55978,-30.928789,1.223832,8.10418,3.8537,2.07168,50,4.99832,-5.83807,-99.7828,0.3719,8.1927,15.65143,-28.27824,CAR_EAG,ROA_STA,CarsonNewman,TeamExclusive,Team,20250929-CarsonNewman-Private-1,b8e55a00-9d6d-11f0-bac8-5ddf494ae676,67.81883,8.01973,NA,5.35529,NA,NA,NA,3.01595,1.86521,0.18229,d963aabb-c726-4912-9008-f618f1adb60d,2025-09-29,19:51:41,2025-09-29T19:51:41Z,2025-09-29T19:51:41Z,LineDrive,v3,CNE,ROST,NA,"Cauthen, Cade",1000141057,Right,ROA_STA,e28fd144-ae5b-47df-b02f-c900d72f293f,54.88986,-100.54687,7.82572,4.94647,1.7524,-14.13912,2.36644,-6.23803,4.09635,78.48568,3.01595,113.61974,-18.86973,3.49207,-0.71421,0.11045,-0.01733,0.00231,-1.5e-4,1.86521,22.79756,-22.35293,2.52268,-0.50646,0.09949,-0.01709,0.00284,-3e-4,0.18229,-57.46734,-2.61938,2.24317,-0.76131,0.2126,-0.04942,0.00942,-9.7e-4,NA,NA,NA,NA,NA,NA,NA,NA,NA,NA,NA,NA,NA,NA,NA,NA,NA,NA,NA,NA,NA,NA,High,High,High,High,High,NA,NA,NA,117.429908,-11.638975,1281.212586,0.979438,10:00:00,0.24571,0.86546,-0.436583,-38.607237,46.151217,68.184905,-0.934739,156.715732,-0.326395,-8.074568,0.326395,-0.140462,0.934739,70.751648,-69.185989,0.140462,-0.140462,-156.715732,69.185989,0.934739,8.074568,-70.751648,-0.934739,0.140462,0.326395,-0.326395,NA,NA,NA,NA,NA,NA,NA,NA,NA,NA,NA,NA
NA,NA,NA,NA,NA,NA,NA,NA,NA,NA,NA,NA,NA,NA,NA,NA,201,2025-09-29,15:54:25,1,1,"Wilson, Alec",10092217,Right,CAR_EAG,"Dale, Layne",1000099386,Right,ROA_STA,Undefined,7,Top,0,0,0,Fastball,Four-Seam,BallCalled,Undefined,Undefined,Undefined,0,0,NA,90.48197,-3.266053,-2.327802,2281.144826,185.724148,12:15:00,6.48088,0.21394,5.83617,-13.36989,20.96033,1.98902,2.3251,-1.78521,82.71293,-5.83089,-1.971701,0.421706,NA,NA,NA,NA,NA,NA,NA,NA,NA,NA,NA,-1.65626,11.928,-0.02511,50,6.20602,5.24275,-131.11313,-7.84131,-2.88369,27.66919,-11.40649,CAR_EAG,ROA_STA,CarsonNewman,TeamExclusive,Team,20250929-CarsonNewman-Private-1,1a2b15c0-9d6e-11f0-bac8-5ddf494ae676,89.38091,NA,NA,7.76904,NA,NA,NA,NA,NA,NA,d963aabb-c726-4912-9008-f618f1adb60d,2025-09-29,19:54:25,2025-09-29T19:54:25Z,2025-09-29T19:54:25Z,NA,v3,CNE,ROST,NA,"Cochran, Carson",10085797,Right,CAR_EAG,b7adf5c6-a16d-4410-ac2d-fd9141fd72f3,54.66374,-132.09366,13.83459,6.47674,-7.43709,-5.70324,-0.21271,5.34494,-1.44184,NA,NA,NA,NA,NA,NA,NA,NA,NA,NA,NA,NA,NA,NA,NA,NA,NA,NA,NA,NA,NA,NA,NA,NA,NA,NA,NA,NA,NA,NA,NA,NA,NA,NA,NA,NA,NA,NA,NA,NA,NA,NA,NA,NA,NA,NA,NA,NA,NA,NA,High,High,High,NA,NA,NA,NA,NA,202.881223,26.774652,2036.572343,0.892785,12:45:00,-0.463028,-0.372236,-0.804392,-36.785997,-11.0257,-46.485853,0.006776,168.370143,-0.979448,11.629586,0.979448,-0.201584,-0.006776,0.396374,0.388237,0.201584,0.201584,-168.370143,-0.388237,0.006776,-11.629586,-0.396374,-0.006776,-0.201584,0.979448,-0.979448,NA,NA,NA,NA,NA,NA,NA,NA,NA,NA,NA,NA
NA,NA,NA,NA,NA,NA,NA,NA,NA,NA,NA,NA,NA,NA,NA,NA,202,2025-09-29,15:54:44,1,2,"Wilson, Alec",10092217,Right,CAR_EAG,"Dale, Layne",1000099386,Right,ROA_STA,Undefined,7,Top,0,1,0,Fastball,Four-Seam,InPlay,Undefined,FlyBall,HomeRun,0,1,NA,89.849,-2.928793,-1.460699,2293.926177,197.052185,12:30:00,6.43795,0.21348,5.83497,-15.83918,19.09603,5.4937,2.39236,-0.68677,81.76615,-5.949198,-0.475898,0.425405,96.53664,27.269012,-20.10669,2385.189433,103.1378,50.52446,-38.24243,381.16506,368.58774,-23.276956,4.582958,-3.25606,10.99631,-0.09763,50,6.18959,3.08967,-130.26887,-7.12523,-5.5612,28.91772,-13.39292,CAR_EAG,ROA_STA,CarsonNewman,TeamExclusive,Team,20250929-CarsonNewman-Private-1,2563b460-9d6e-11f0-bac8-5ddf494ae676,88.60357,70.32619,NA,8.08285,NA,NA,NA,2.32029,2.59908,0.69309,d963aabb-c726-4912-9008-f618f1adb60d,2025-09-29,19:54:44,2025-09-29T19:54:44Z,2025-09-29T19:54:44Z,FlyBall,v3,CNE,ROST,NA,"Cochran, Carson",10085797,Right,CAR_EAG,a10f86fe-02d1-4716-af9c-5c3566bd36c4,54.66649,-131.30067,14.45886,6.4353,-6.64736,-6.69646,-0.21141,3.2881,-2.7806,164.29952,2.31973,118.19663,-19.54001,4.65662,-1.13304,0.28651,-0.06044,0.00784,-4.3e-4,2.60034,64.83944,-17.16963,0.81634,0.12459,-0.13237,0.0415,-0.00597,3.3e-4,0.69332,-43.27007,4.50042,-1.01367,0.25488,-0.07189,0.01669,-0.00227,1.3e-4,NA,NA,NA,NA,NA,NA,NA,NA,NA,NA,NA,NA,NA,NA,NA,NA,NA,NA,NA,NA,NA,NA,High,High,High,High,High,NA,NA,NA,205.844016,18.34493,2177.346466,0.949179,12:45:00,-0.314865,-0.42931,-0.846495,-5.36904,29.146515,39.560829,0.037597,177.785315,-0.998547,2.213118,0.998547,-0.038617,-0.037597,2.15626,2.154651,0.038617,0.038617,-177.785315,-2.154651,0.037597,-2.213118,-2.15626,-0.037597,-0.038617,0.998547,-0.998547,NA,NA,NA,NA,NA,NA,NA,NA,NA,NA,NA,NA
NA,NA,NA,NA,NA,NA,NA,NA,NA,NA,NA,NA,NA,NA,NA,NA,203,2025-09-29,15:55:28,2,1,"Wilson, Alec",10092217,Right,CAR_EAG,"Detwiller, George",1000191491,Left,ROA_STA,Undefined,7,Top,0,0,0,Fastball,Four-Seam,BallCalled,Undefined,Undefined,Undefined,0,0,NA,91.08196,-1.830795,-1.907404,2083.763221,205.005162,12:45:00,6.4541,0.15193,5.62264,-14.52253,20.42785,8.87296,3.5338,-0.88937,81.07594,-4.658598,-0.323971,0.425498,NA,NA,NA,NA,NA,NA,NA,NA,NA,NA,NA,-5.08894,11.30709,0.00534,50,6.28874,3.96515,-131.71891,-4.59462,-8.71182,34.64781,-12.81729,CAR_EAG,ROA_STA,CarsonNewman,TeamExclusive,Team,20250929-CarsonNewman-Private-1,3fc69e30-9d6e-11f0-bac8-5ddf494ae676,88.58435,NA,NA,10.00602,NA,NA,NA,NA,NA,NA,d963aabb-c726-4912-9008-f618f1adb60d,2025-09-29,19:55:28,2025-09-29T19:55:28Z,2025-09-29T19:55:28Z,NA,v3,CNE,ROST,NA,"Cochran, Carson",10085797,Right,CAR_EAG,3c29fb34-b7b0-4b6d-9e3b-4763f49e7ca6,54.87149,-132.99415,17.3239,6.44917,-4.12286,-6.40865,-0.14651,4.2858,-4.35591,NA,NA,NA,NA,NA,NA,NA,NA,NA,NA,NA,NA,NA,NA,NA,NA,NA,NA,NA,NA,NA,NA,NA,NA,NA,NA,NA,NA,NA,NA,NA,NA,NA,NA,NA,NA,NA,NA,NA,NA,NA,NA,NA,NA,NA,NA,NA,NA,NA,NA,High,High,High,NA,NA,NA,NA,NA,208.258857,19.958972,1958.606752,0.939937,01:00:00,-0.354331,-0.455697,-0.816572,10.306266,32.4025,58.698063,0.112832,177.317407,-0.992525,2.665449,0.992525,-0.046504,-0.112832,6.485631,6.478584,0.046504,0.046504,-177.317407,-6.478584,0.112832,-2.665449,-6.485631,-0.112832,-0.046504,0.992525,-0.992525,NA,NA,NA,NA,NA,NA,NA,NA,NA,NA,NA,NA
NA,NA,NA,NA,NA,NA,NA,NA,NA,NA,NA,NA,NA,NA,NA,NA,204,2025-09-29,15:55:44,2,2,"Wilson, Alec",10092217,Right,CAR_EAG,"Detwiller, George",1000191491,Left,ROA_STA,Undefined,7,Top,0,1,0,Fastball,Four-Seam,FoulBallNotFieldable,Undefined,Undefined,Undefined,0,0,NA,91.41431,-2.421906,-0.974997,2257.229895,194.923193,12:30:00,6.342,0.31886,5.78697,-14.66091,19.29245,4.82107,2.86533,-0.18657,82.69355,-5.240025,-0.111462,0.419385,77.87376,57.561938,59.833868,5320.792129,NA,NA,NA,NA,62.4846,NA,NA,-2.77862,10.96808,-0.2415,50,6.13375,2.04593,-132.53325,-6.02639,-4.88407,31.43468,-12.89519,CAR_EAG,ROA_STA,CarsonNewman,TeamExclusive,Team,20250929-CarsonNewman-Private-1,49aa0d10-9d6e-11f0-bac8-5ddf494ae676,89.87552,91.03293,NA,8.72076,NA,NA,NA,1.3842,2.78357,0.0551,d963aabb-c726-4912-9008-f618f1adb60d,2025-09-29,19:55:44,2025-09-29T19:55:44Z,2025-09-29T19:55:44Z,NA,v3,CNE,ROST,NA,"Cochran, Carson",10085797,Right,CAR_EAG,ea7c89e0-f600-4a3e-a76a-2390c0ce679d,54.71392,-133.64663,15.71734,6.3391,-5.56966,-6.44759,-0.31702,2.21892,-2.44203,202.846967,1.3842,30.78709,-14.29177,4.63956,-0.84147,-0.28205,0.3959,-0.1848,0.03346,2.78358,96.39318,-24.4693,2.30114,-0.43454,0.25494,-0.20126,0.08874,-0.016,0.0551,52.96692,-9.2658,2.23108,-0.36326,-0.03771,0.07924,-0.03696,0.00656,NA,NA,NA,NA,NA,NA,NA,NA,NA,NA,NA,NA,NA,NA,NA,NA,NA,NA,NA,NA,NA,NA,High,High,High,High,Undefined,NA,NA,NA,203.114684,24.899929,2047.408046,0.907045,12:45:00,-0.419748,-0.373555,-0.827205,5.092413,25.909701,48.827217,0.018168,171.94638,-0.989974,8.052282,0.989974,-0.140077,-0.018168,1.051372,1.041005,0.140077,0.140077,-171.94638,-1.041005,0.018168,-8.052282,-1.051372,-0.018168,-0.140077,0.989974,-0.989974,NA,NA,NA,NA,NA,NA,NA,NA,NA,NA,NA,NA
NA,NA,NA,NA,NA,NA,NA,NA,NA,NA,NA,NA,NA,NA,NA,NA,205,2025-09-29,15:56:06,2,3,"Wilson, Alec",10092217,Right,CAR_EAG,"Detwiller, George",1000191491,Left,ROA_STA,Undefined,7,Top,0,1,1,Curveball,Slider,BallCalled,Undefined,Undefined,Undefined,0,0,NA,82.57005,0.16343,1.71755,2377.009985,89.929212,09:00:00,6.40756,0.32163,5.88501,-40.13368,1.49787,-4.25796,3.2149200000000002,1.56229,74.61481,-7.270365,0.952919,0.46439,NA,NA,NA,NA,NA,NA,NA,NA,NA,NA,NA,2.72087,1.20598,-0.45794,50,6.39814,-3.41747,-119.72356,-0.99047,3.88311,26.7226,-30.45294,CAR_EAG,ROA_STA,CarsonNewman,TeamExclusive,Team,20250929-CarsonNewman-Private-1,5663cd70-9d6e-11f0-bac8-5ddf494ae676,81.1655,NA,NA,7.95525,NA,NA,NA,NA,NA,NA,d963aabb-c726-4912-9008-f618f1adb60d,2025-09-29,19:56:06,2025-09-29T19:56:06Z,2025-09-29T19:56:06Z,NA,v3,CNE,ROST,NA,"Cochran, Carson",10085797,Right,CAR_EAG,7f565228-8bbb-48b7-ad1c-4dfbcac99f8c,54.6137,-120.74896,13.3613,6.41372,0.17807,-15.22647,-0.32394,-3.56648,1.94156,NA,NA,NA,NA,NA,NA,NA,NA,NA,NA,NA,NA,NA,NA,NA,NA,NA,NA,NA,NA,NA,NA,NA,NA,NA,NA,NA,NA,NA,NA,NA,NA,NA,NA,NA,NA,NA,NA,NA,NA,NA,NA,NA,NA,NA,NA,NA,NA,NA,NA,High,High,High,NA,NA,NA,NA,NA,209.736001,69.602135,828.476225,0.348537,01:00:00,-0.928292,-0.170202,-0.330613,-47.740349,-25.940519,-33.829575,0.441975,122.989109,-0.488413,48.798986,0.488413,-0.752403,-0.441975,42.142601,26.229971,0.752403,0.752403,-122.989109,-26.229971,0.441975,-48.798986,-42.142601,-0.441975,-0.752403,0.488413,-0.488413,NA,NA,NA,NA,NA,NA,NA,NA,NA,NA,NA,NA
NA,NA,NA,NA,NA,NA,NA,NA,NA,NA,NA,NA,NA,NA,NA,NA,206,2025-09-29,15:56:28,2,4,"Wilson, Alec",10092217,Right,CAR_EAG,"Detwiller, George",1000191491,Left,ROA_STA,Undefined,7,Top,0,2,1,Fastball,Four-Seam,BallCalled,Undefined,Undefined,Undefined,0,0,NA,91.07696,-0.579097,-2.68304,2189.420864,190.197318,12:15:00,6.50166,0.33029,6.15639,-15.29288,18.62387,3.12717,4.69161,-1.88983,81.83306,-3.550176,-2.120126,0.419159,NA,NA,NA,NA,NA,NA,NA,NA,NA,NA,NA,-2.46882,10.12079,-0.12773,50,6.44954,6.04774,-131.97754,-1.72395,-4.28335,32.36529,-14.61473,CAR_EAG,ROA_STA,CarsonNewman,TeamExclusive,Team,20250929-CarsonNewman-Private-1,63b75cd0-9d6e-11f0-bac8-5ddf494ae676,89.92401,NA,NA,9.24389,NA,NA,NA,NA,NA,NA,d963aabb-c726-4912-9008-f618f1adb60d,2025-09-29,19:56:28,2025-09-29T19:56:28Z,2025-09-29T19:56:28Z,NA,v3,CNE,ROST,NA,"Cochran, Carson",10085797,Right,CAR_EAG,eee313ea-5dea-46b5-bcb4-d790e80bc012,54.34014,-133.03763,16.18264,6.49817,-1.24526,-7.30737,-0.32812,6.18804,-2.14168,NA,NA,NA,NA,NA,NA,NA,NA,NA,NA,NA,NA,NA,NA,NA,NA,NA,NA,NA,NA,NA,NA,NA,NA,NA,NA,NA,NA,NA,NA,NA,NA,NA,NA,NA,NA,NA,NA,NA,NA,NA,NA,NA,NA,NA,NA,NA,NA,NA,NA,High,High,High,NA,NA,NA,NA,NA,199.830603,36.178776,1767.254611,0.807179,12:45:00,-0.622409,-0.27978,-0.730979,-25.810025,34.273698,-3.250682,-0.128119,174.886031,-0.987811,-5.071713,0.987811,-0.088403,0.128119,7.389993,-7.3609,0.088403,-0.088403,-174.886031,7.3609,0.128119,5.071713,-7.389993,-0.128119,0.088403,0.987811,-0.987811,NA,NA,NA,NA,NA,NA,NA,NA,NA,NA,NA,NA
NA,NA,NA,NA,NA,NA,NA,NA,NA,NA,NA,NA,NA,NA,NA,NA,207,2025-09-29,15:56:49,2,5,"Norris, Eli",1000334436,Right,CAR_EAG,"Detwiller, George",1000191491,Left,ROA_STA,Undefined,7,Top,0,3,1,Fastball,Four-Seam,FoulBallNotFieldable,Undefined,Undefined,Undefined,0,0,NA,88.47751,-2.822191,-2.014752,2187.305226,205.098468,12:45:00,6.40777,0.11929,5.96162,-15.2595,21.12403,9.23729,2.51534,-0.98002,79.35678,-5.787347,-0.35578,0.434134,65.26477,55.463287,132.37997,4610.245116,NA,NA,NA,NA,25.95868,NA,NA,-5.44807,12.21721,0.03544,50,6.17522,4.12139,-128.09282,-6.70902,-8.85915,31.70687,-12.3075,CAR_EAG,ROA_STA,CarsonNewman,TeamExclusive,Team,20250929-CarsonNewman-Private-1,7036d350-9d6e-11f0-bac8-5ddf494ae676,86.82214,36.39942,NA,9.12074,NA,NA,NA,1.86919,2.43241,0.88105,d963aabb-c726-4912-9008-f618f1adb60d,2025-09-29,19:56:49,2025-09-29T19:56:49Z,2025-09-29T19:56:49Z,NA,v3,CNE,ROST,NA,"Cochran, Carson",10085797,Right,CAR_EAG,6759e0d1-4dda-46bf-b1c7-60ee9eabbdf0,54.53805,-129.21124,15.85344,6.40422,-6.27489,-6.15375,-0.11545,4.43389,-4.42958,320.314682,1.86919,-36.57889,-1.50072,1.00577,-0.32299,0.0879,-0.02444,0.00765,-0.00192,2.43241,78.85184,-28.24418,3.67506,-0.80056,0.16487,-0.03451,0.00466,4e-4,0.88105,40.08713,-11.12597,2.71752,-0.61431,0.13737,-0.02942,0.00277,0.00101,NA,NA,NA,NA,NA,NA,NA,NA,NA,NA,NA,NA,NA,NA,NA,NA,NA,NA,NA,NA,NA,NA,High,High,High,High,Undefined,NA,NA,NA,204.487263,25.828922,1968.791161,0.900099,12:45:00,-0.445328,-0.394082,-0.803979,-0.790587,29.480949,36.198813,0.041436,173.123124,-0.991953,6.870942,0.991953,-0.119633,-0.041436,2.391949,2.37476,0.119633,0.119633,-173.123124,-2.37476,0.041436,-6.870942,-2.391949,-0.041436,-0.119633,0.991953,-0.991953,NA,NA,NA,NA,NA,NA,NA,NA,NA,NA,NA,NA
NA,NA,NA,NA,NA,NA,NA,NA,NA,NA,NA,NA,NA,NA,NA,NA,208,2025-09-29,15:57:11,2,6,"Norris, Eli",1000334436,Right,CAR_EAG,"Detwiller, George",1000191491,Left,ROA_STA,Undefined,7,Top,0,3,2,Fastball,Four-Seam,InPlay,Undefined,FlyBall,Out,1,0,NA,91.64092,-3.541492,-0.282371,2069.23722,184.742676,12:15:00,6.44272,0.17819,5.80469,-14.58497,19.44851,1.50728,1.92928,0.04117,82.48468,-6.349369,-0.012215,0.419879,88.75855,33.254755,-8.005264,NA,109.4072,64.89426,-11.4036,337.87862,336.60857,-2.107142,5.144823,-0.86626,11.48111,-0.15593,50,6.1432,0.58772,-132.65581,-8.61965,-1.51561,33.18622,-12.08712,CAR_EAG,ROA_STA,CarsonNewman,TeamExclusive,Team,20250929-CarsonNewman-Private-1,7d816200-9d6e-11f0-bac8-5ddf494ae676,89.76968,86.82358,NA,9.15624,NA,NA,NA,2.45944,2.19126,-0.01625,d963aabb-c726-4912-9008-f618f1adb60d,2025-09-29,19:57:11,2025-09-29T19:57:11Z,2025-09-29T19:57:11Z,FlyBall,v3,CNE,ROST,NA,"Cochran, Carson",10085797,Right,CAR_EAG,5c8302f8-7876-4c24-bc13-d8ed305ed943,54.6951,-133.82522,16.59311,6.43944,-8.19373,-6.04356,-0.17758,0.64113,-0.75781,195.499132,2.46208,107.75052,-19.17732,4.28016,-0.73842,0.09668,-0.0112,0.00123,-7e-5,2.19069,71.3884,-16.41935,0.59641,0.07639,-0.07943,0.0251,-0.0036,1.9e-4,-0.01698,-15.14649,6.12562,-1.49911,0.2849,-0.0405,0.00428,-3.5e-4,2e-5,NA,NA,NA,NA,NA,NA,NA,NA,NA,NA,NA,NA,NA,NA,NA,NA,NA,NA,NA,NA,NA,NA,High,High,High,High,Medium,NA,NA,NA,205.095853,16.621035,1982.779577,0.958218,12:45:00,-0.264663,-0.423306,-0.866468,-5.878181,22.904608,47.059254,-0.00668,173.476023,-0.993502,-6.52383,0.993502,-0.113616,0.00668,0.385261,-0.382766,0.113616,-0.113616,-173.476023,0.382766,0.00668,6.52383,-0.385261,-0.00668,0.113616,0.993502,-0.993502,NA,NA,NA,NA,NA,NA,NA,NA,NA,NA,NA,NA
NA,NA,NA,NA,NA,NA,NA,NA,NA,NA,NA,NA,NA,NA,NA,NA,209,2025-09-29,15:57:45,3,1,"Norris, Eli",1000334436,Right,CAR_EAG,"Headrick, Cole",10002490,Left,ROA_STA,Undefined,7,Top,1,0,0,Fastball,Four-Seam,StrikeCalled,Undefined,Undefined,Undefined,0,0,NA,90.79303,-3.407496,-1.802913,2212.139902,192.924468,12:30:00,6.56855,0.55834,5.97237,-10.38253,24.22993,5.24922,2.53885,-0.67632,81.26118,-5.492094,-0.860259,0.423436,NA,NA,NA,NA,NA,NA,NA,NA,NA,NA,NA,-3.27831,13.90961,-0.41828,50,6.29237,3.90002,-131.32461,-8.00457,-5.60282,33.34784,-8.40164,CAR_EAG,ROA_STA,CarsonNewman,TeamExclusive,Team,20250929-CarsonNewman-Private-1,915ed500-9d6e-11f0-bac8-5ddf494ae676,89.01568,NA,NA,9.53185,NA,NA,NA,NA,NA,NA,d963aabb-c726-4912-9008-f618f1adb60d,2025-09-29,19:57:45,2025-09-29T19:57:45Z,2025-09-29T19:57:45Z,NA,v3,CNE,ROST,NA,"Cochran, Carson",10085797,Right,CAR_EAG,444a0af5-bf97-4c91-b22a-ee3205ca9b91,54.52415,-132.46846,16.67392,6.56199,-7.71638,-4.20082,-0.55535,4.0922,-2.80141,NA,NA,NA,NA,NA,NA,NA,NA,NA,NA,NA,NA,NA,NA,NA,NA,NA,NA,NA,NA,NA,NA,NA,NA,NA,NA,NA,NA,NA,NA,NA,NA,NA,NA,NA,NA,NA,NA,NA,NA,NA,NA,NA,NA,NA,NA,NA,NA,NA,NA,High,High,High,NA,NA,NA,NA,NA,201.942508,25.461989,1997.276281,0.902871,12:45:00,-0.435245,-0.362337,-0.824181,3.549737,28.250087,43.048281,0.029107,173.81886,-0.993765,6.178511,0.993765,-0.107626,-0.029107,1.677672,1.667925,0.107626,0.107626,-173.81886,-1.667925,0.029107,-6.178511,-1.677672,-0.029107,-0.107626,0.993765,-0.993765,NA,NA,NA,NA,NA,NA,NA,NA,NA,NA,NA,NA
NA,NA,NA,NA,NA,NA,NA,NA,NA,NA,NA,NA,NA,NA,NA,NA,210,2025-09-29,15:58:02,3,2,"Norris, Eli",1000334436,Right,CAR_EAG,"Headrick, Cole",10002490,Left,ROA_STA,Undefined,7,Top,1,0,1,Fastball,Four-Seam,BallCalled,Undefined,Undefined,Undefined,0,0,NA,90.95012,-1.705373,0.48736,2191.251155,195.09822,12:30:00,6.46323,0.37753,5.68204,-10.54634,24.05501,6.14457,3.99409,1.3439,81.70938,-3.806106,1.585425,0.423368,NA,NA,NA,NA,NA,NA,NA,NA,NA,NA,NA,-2.91969,13.05083,-0.42232,50,6.31294,-1.40559,-131.77094,-4.13143,-5.05035,32.23281,-9.5993,CAR_EAG,ROA_STA,CarsonNewman,TeamExclusive,Team,20250929-CarsonNewman-Private-1,9b83e0c0-9d6e-11f0-bac8-5ddf494ae676,89.03,NA,NA,9.24074,NA,NA,NA,NA,NA,NA,d963aabb-c726-4912-9008-f618f1adb60d,2025-09-29,19:58:02,2025-09-29T19:58:02Z,2025-09-29T19:58:02Z,NA,v3,CNE,ROST,NA,"Cochran, Carson",10085797,Right,CAR_EAG,cedd2262-ac8d-4513-abba-abf31ddf9cfd,54.81438,-132.94338,16.1164,6.45686,-3.78226,-4.79965,-0.37454,-1.22189,-2.52518,NA,NA,NA,NA,NA,NA,NA,NA,NA,NA,NA,NA,NA,NA,NA,NA,NA,NA,NA,NA,NA,NA,NA,NA,NA,NA,NA,NA,NA,NA,NA,NA,NA,NA,NA,NA,NA,NA,NA,NA,NA,NA,NA,NA,NA,NA,NA,NA,NA,NA,High,High,High,NA,NA,NA,NA,NA,203.521195,14.476736,2121.677227,0.968249,12:45:00,-0.230816,-0.393685,-0.889795,-3.293326,23.931202,50.66215,0.013531,177.03782,-0.998572,2.961909,0.998572,-0.051672,-0.013531,0.776339,0.775302,0.051672,0.051672,-177.03782,-0.775302,0.013531,-2.961909,-0.776339,-0.013531,-0.051672,0.998572,-0.998572,NA,NA,NA,NA,NA,NA,NA,NA,NA,NA,NA,NA
NA,NA,NA,NA,NA,NA,NA,NA,NA,NA,NA,NA,NA,NA,NA,NA,211,2025-09-29,15:58:20,3,3,"Norris, Eli",1000334436,Right,CAR_EAG,"Headrick, Cole",10002490,Left,ROA_STA,Undefined,7,Top,1,1,1,Fastball,Four-Seam,InPlay,Undefined,GroundBall,Out,1,0,NA,90.34329,-3.476312,-1.552421,2263.514446,198.285219,12:30:00,6.34647,0.48182,5.70595,-14.55733,20.16765,6.27528,1.88903,-0.44211,82.29824,-6.255002,-0.430395,0.42412300000000003,18.18821,-32.782204,-43.453456,NA,NA,NA,NA,10.95942,7.85492,-12.351431,0.167518,-3.65142,11.62741,-0.35565,50,6.04577,3.27426,-130.89107,-8.37175,-6.30615,28.78692,-12.09295,CAR_EAG,ROA_STA,CarsonNewman,TeamExclusive,Team,20250929-CarsonNewman-Private-1,a6564380-9d6e-11f0-bac8-5ddf494ae676,88.87138,2.55038,NA,8.04504,NA,NA,NA,NA,NA,NA,d963aabb-c726-4912-9008-f618f1adb60d,2025-09-29,19:58:20,2025-09-29T19:58:20Z,2025-09-29T19:58:20Z,GroundBall,v3,CNE,ROST,NA,"Cochran, Carson",10085797,Right,CAR_EAG,3ac95c1b-a107-4efa-b557-dc3d40db232d,54.79513,-131.94145,14.39346,6.3432,-7.93051,-6.04648,-0.47932,3.50435,-3.15308,NA,7.80724,17.16101,NA,NA,NA,NA,NA,NA,NA,2.57143,-15.2245,NA,NA,NA,NA,NA,NA,NA,0.40181,-16.25871,NA,NA,NA,NA,NA,NA,NA,NA,NA,NA,NA,NA,NA,NA,NA,NA,NA,NA,NA,NA,NA,NA,NA,NA,NA,NA,NA,NA,NA,High,High,High,Low,Low,NA,NA,NA,203.542025,19.985175,2127.208067,0.939781,12:45:00,-0.341611,-0.395402,-0.852619,-1.94356,29.196865,46.923947,-0.012872,177.695913,-0.999109,-2.303896,0.999109,-0.0402,0.012872,0.738147,-0.73755,0.0402,-0.0402,-177.695913,0.73755,0.012872,2.303896,-0.738147,-0.012872,0.0402,0.999109,-0.999109,NA,NA,NA,NA,NA,NA,NA,NA,NA,NA,NA,NA
NA,NA,NA,NA,NA,NA,NA,NA,NA,NA,NA,NA,NA,NA,NA,NA,212,2025-09-29,15:58:55,4,1,"Norris, Eli",1000334436,Right,CAR_EAG,"Henderson, Parker",1000135244,Right,ROA_STA,Undefined,7,Top,2,0,0,Curveball,Curveball,StrikeSwinging,Undefined,Undefined,Undefined,0,0,NA,78.59663,0.044116,-1.0293,2674.585527,29.758913,07:00:00,6.31243,0.18524,5.55017,-60.93712,-14.69379,-9.27843,1.27557,-1.54995,72.11447,-10.994891,-2.690927,0.489436,NA,NA,NA,NA,NA,NA,NA,NA,NA,NA,NA,4.34721,-6.9091,-0.08998,50,6.27631,2.4155,-114.12009,-2.03223,5.65971,23.50377,-41.16915,CAR_EAG,ROA_STA,CarsonNewman,TeamExclusive,Team,20250929-CarsonNewman-Private-1,bb3261d0-9d6e-11f0-bac8-5ddf494ae676,77.01198,NA,NA,6.48216,NA,NA,NA,NA,NA,NA,d963aabb-c726-4912-9008-f618f1adb60d,2025-09-29,19:58:55,2025-09-29T19:58:55Z,2025-09-29T19:58:55Z,NA,v3,CNE,ROST,NA,"Cochran, Carson",10085797,Right,CAR_EAG,9d229e27-1f8a-47e4-8d6e-53310393c95d,54.95485,-115.13605,11.75188,6.32569,-0.25268,-20.58457,-0.18911,2.17085,2.82986,NA,NA,NA,NA,NA,NA,NA,NA,NA,NA,NA,NA,NA,NA,NA,NA,NA,NA,NA,NA,NA,NA,NA,NA,NA,NA,NA,NA,NA,NA,NA,NA,NA,NA,NA,NA,NA,NA,NA,NA,NA,NA,NA,NA,NA,NA,NA,NA,NA,NA,High,High,High,NA,NA,NA,NA,NA,4.643731,57.783217,1425.886041,0.533124,06:15:00,-0.836322,0.043813,0.546486,-94.597002,10.564491,31.769442,0.776589,134.695961,-0.443112,26.605194,0.443112,-0.44784,-0.776589,60.291447,50.949333,0.44784,0.44784,-134.695961,-50.949333,0.776589,-26.605194,-60.291447,-0.776589,-0.44784,0.443112,-0.443112,NA,NA,NA,NA,NA,NA,NA,NA,NA,NA,NA,NA
NA,NA,NA,NA,NA,NA,NA,NA,NA,NA,NA,NA,NA,NA,NA,NA,213,2025-09-29,15:59:12,4,2,"Norris, Eli",1000334436,Right,CAR_EAG,"Henderson, Parker",1000135244,Right,ROA_STA,Undefined,7,Top,2,0,1,Curveball,Curveball,BallCalled,Undefined,Undefined,Undefined,0,0,NA,80.07241,-1.488077,0.621368,2641.248132,33.607683,07:00:00,6.51449,0.24239,5.21631,-58.44003,-13.35316,-9.8578,0.24482,0.00521,73.72633,-11.974444,-1.136379,0.483277,NA,NA,NA,NA,NA,NA,NA,NA,NA,NA,NA,5.13201,-5.79516,-0.2921,50,6.33279,-0.8581,-116.18372,-5.15704,6.93679,24.02791,-40.00725,CAR_EAG,ROA_STA,CarsonNewman,TeamExclusive,Team,20250929-CarsonNewman-Private-1,c57be580-9d6e-11f0-bac8-5ddf494ae676,77.99339,NA,NA,6.34608,NA,NA,NA,NA,NA,NA,d963aabb-c726-4912-9008-f618f1adb60d,2025-09-29,19:59:12,2025-09-29T19:59:12Z,2025-09-29T19:59:12Z,NA,v3,CNE,ROST,NA,"Cochran, Carson",10085797,Right,CAR_EAG,b9157439-f1b7-44b5-9707-c69ce0d2b3ed,55.28891,-117.27242,12.01396,6.52539,-3.34433,-20.00363,-0.2461,-1.17241,3.4684,NA,NA,NA,NA,NA,NA,NA,NA,NA,NA,NA,NA,NA,NA,NA,NA,NA,NA,NA,NA,NA,NA,NA,NA,NA,NA,NA,NA,NA,NA,NA,NA,NA,NA,NA,NA,NA,NA,NA,NA,NA,NA,NA,NA,NA,NA,NA,NA,NA,NA,High,High,High,NA,NA,NA,NA,NA,2.009152,55.661024,1489.896051,0.564088,06:00:00,-0.832015,-0.001673,0.554751,-58.719846,-2.735411,6.986769,0.798564,130.80839,-0.393367,27.10262,0.393367,-0.455586,-0.798564,63.775434,52.993156,0.455586,0.455586,-130.80839,-52.993156,0.798564,-27.10262,-63.775434,-0.798564,-0.455586,0.393367,-0.393367,NA,NA,NA,NA,NA,NA,NA,NA,NA,NA,NA,NA
NA,NA,NA,NA,NA,NA,NA,NA,NA,NA,NA,NA,NA,NA,NA,NA,214,2025-09-29,15:59:35,4,3,"Norris, Eli",1000334436,Right,CAR_EAG,"Henderson, Parker",1000135244,Right,ROA_STA,Undefined,7,Top,2,1,1,Cutter,Slider,StrikeSwinging,Undefined,Undefined,Undefined,0,0,NA,82.79542,-1.316949,-1.256164,2375.603353,107.917568,09:30:00,6.28295,0.34012,6.10582,-38.22081,2.39717,-3.32016,1.87947,-1.09845,75.86088,-8.379923,-1.855434,0.458702,NA,NA,NA,NA,NA,NA,NA,NA,NA,NA,NA,1.33823,2.05059,-0.24189,50,6.16192,2.76403,-120.23528,-3.98288,1.94739,24.6043,-29.19007,CAR_EAG,ROA_STA,CarsonNewman,TeamExclusive,Team,20250929-CarsonNewman-Private-1,d2faf1b0-9d6e-11f0-bac8-5ddf494ae676,82.17196,NA,NA,6.93454,NA,NA,NA,NA,NA,NA,d963aabb-c726-4912-9008-f618f1adb60d,2025-09-29,19:59:35,2025-09-29T19:59:35Z,2025-09-29T19:59:35Z,NA,v3,CNE,ROST,NA,"Cochran, Carson",10085797,Right,CAR_EAG,e7651bf6-3291-4cb7-a630-19163ba39c23,54.3952,-121.13135,12.30215,6.28762,-2.9198,-14.59503,-0.34126,2.6931,0.97369000000000006,NA,NA,NA,NA,NA,NA,NA,NA,NA,NA,NA,NA,NA,NA,NA,NA,NA,NA,NA,NA,NA,NA,NA,NA,NA,NA,NA,NA,NA,NA,NA,NA,NA,NA,NA,NA,NA,NA,NA,NA,NA,NA,NA,NA,NA,NA,NA,NA,NA,NA,High,High,High,NA,NA,NA,NA,NA,218.772297,74.273956,643.878809,0.271038,01:15:00,-0.962816,-0.191809,-0.190251,-76.999727,-20.597946,-37.192185,0.214934,136.188178,-0.704752,42.540581,0.704752,-0.676112,-0.214934,16.960558,12.411655,0.676112,0.676112,-136.188178,-12.411655,0.214934,-42.540581,-16.960558,-0.214934,-0.676112,0.704752,-0.704752,NA,NA,NA,NA,NA,NA,NA,NA,NA,NA,NA,NA
NA,NA,NA,NA,NA,NA,NA,NA,NA,NA,NA,NA,NA,NA,NA,NA,215,2025-09-29,15:59:56,4,4,"Norris, Eli",1000334436,Right,CAR_EAG,"Henderson, Parker",1000135244,Right,ROA_STA,Undefined,7,Top,2,1,2,Curveball,Curveball,BallCalled,Undefined,Undefined,Undefined,0,0,NA,81.07343,-0.604513,-0.258457,2588.503346,17.475865,06:30:00,6.57339,-0.11213,5.27702,-60.75192,-16.99052,-5.79122,0.94291,-0.83749,74.68627,-11.523492,-1.29187,0.476121,NA,NA,NA,NA,NA,NA,NA,NA,NA,NA,NA,2.81728,-7.86827,0.14009,50,6.47345,0.77098,-117.72803,-3.50687,3.91718,24.29098,-43.11413,CAR_EAG,ROA_STA,CarsonNewman,TeamExclusive,Team,20250929-CarsonNewman-Private-1,dfdc8560-9d6e-11f0-bac8-5ddf494ae676,79.16575,NA,NA,6.38715,NA,NA,NA,NA,NA,NA,d963aabb-c726-4912-9008-f618f1adb60d,2025-09-29,19:59:56,2025-09-29T19:59:56Z,2025-09-29T19:59:56Z,NA,v3,CNE,ROST,NA,"Cochran, Carson",10085797,Right,CAR_EAG,c5ba7559-7c61-40a6-9d35-2ca3f1f2cc66,55.22899,-118.80203,12.14549,6.58636,-1.60061,-21.55707,0.10983,0.59779,1.95859,NA,NA,NA,NA,NA,NA,NA,NA,NA,NA,NA,NA,NA,NA,NA,NA,NA,NA,NA,NA,NA,NA,NA,NA,NA,NA,NA,NA,NA,NA,NA,NA,NA,NA,NA,NA,NA,NA,NA,NA,NA,NA,NA,NA,NA,NA,NA,NA,NA,NA,High,High,High,NA,NA,NA,NA,NA,2.389678,48.886281,1702.085014,0.657556,06:00:00,-0.750682,0.019467,0.660377,-78.239046,7.148931,21.525026,0.767958,129.026382,-0.403309,29.839774,0.403309,-0.497576,-0.767958,62.292885,50.170897,0.497576,0.497576,-129.026382,-50.170897,0.767958,-29.839774,-62.292885,-0.767958,-0.497576,0.403309,-0.403309,NA,NA,NA,NA,NA,NA,NA,NA,NA,NA,NA,NA
NA,NA,NA,NA,NA,NA,NA,NA,NA,NA,NA,NA,NA,NA,NA,NA,216,2025-09-29,16:00:16,4,5,"Norris, Eli",1000334436,Right,CAR_EAG,"Henderson, Parker",1000135244,Right,ROA_STA,Undefined,7,Top,2,2,2,Curveball,Slider,StrikeCalled,Strikeout,Undefined,Undefined,1,0,NA,82.17273,0.162591,0.509475,2624.130728,23.924355,06:45:00,6.38393,0.19894,4.97322,-44.6329,-1.8028,-1.39661,2.81811,0.5638,75.43322,-7.904233,0.262625,0.471027,NA,NA,NA,NA,NA,NA,NA,NA,NA,NA,NA,0.83075,-0.49654,-0.24698,50,6.36312,-0.99921,-119.23959,-1.3617,1.19536,23.04536,-32.88855,CAR_EAG,ROA_STA,CarsonNewman,TeamExclusive,Team,20250929-CarsonNewman-Private-1,eb7370a0-9d6e-11f0-bac8-5ddf494ae676,80.02178,NA,NA,6.7395,NA,NA,NA,NA,NA,NA,d963aabb-c726-4912-9008-f618f1adb60d,2025-09-29,20:00:16,2025-09-29T20:00:16Z,2025-09-29T20:00:16Z,NA,v3,CNE,ROST,NA,"Cochran, Carson",10085797,Right,CAR_EAG,d612daa7-713c-466b-8228-9de51d755340,55.52851,-120.30334,11.52268,6.39094,0.15639,-16.44428,-0.19959,-1.05438,0.59768,NA,NA,NA,NA,NA,NA,NA,NA,NA,NA,NA,NA,NA,NA,NA,NA,NA,NA,NA,NA,NA,NA,NA,NA,NA,NA,NA,NA,NA,NA,NA,NA,NA,NA,NA,NA,NA,NA,NA,NA,NA,NA,NA,NA,NA,NA,NA,NA,NA,NA,High,High,High,NA,NA,NA,NA,NA,299.809768,82.069498,362.056148,0.137972,04:00:00,-0.991343,-0.116904,0.059776,22.178207,39.40952,6.081154,0.232029,123.711192,-0.53986,54.012354,0.53986,-0.809144,-0.232029,23.257774,13.416557,0.809144,0.809144,-123.711192,-13.416557,0.232029,-54.012354,-23.257774,-0.232029,-0.809144,0.53986,-0.53986,NA,NA,NA,NA,NA,NA,NA,NA,NA,NA,NA,NA
NA,NA,NA,NA,NA,NA,NA,NA,NA,NA,NA,NA,NA,NA,NA,NA,217,2025-09-29,16:02:02,1,1,"Holmes, Connor",1000191481,Right,ROA_STA,"Evans, Colton",10278429,Right,CAR_EAG,Undefined,7,Bottom,0,0,0,Fastball,Four-Seam,StrikeSwinging,Undefined,Undefined,Undefined,0,0,NA,83.34109,-1.1516,-3.29187,2117.827098,208.564503,01:00:00,5.65823,0.69327,5.61014,-22.64371,18.50048,9.28453,2.69437,-1.6092,75.46957,-5.423033,-1.638051,0.461664,NA,NA,NA,NA,NA,NA,NA,NA,NA,NA,NA,-5.65213,10.11595,-0.41738,50,5.54522,6.54732,-120.65772,-3.10122,-8.25864,25.41324,-17.39314,CAR_EAG,ROA_STA,CarsonNewman,TeamExclusive,Team,20250929-CarsonNewman-Private-1,2a7c1130-9d6f-11f0-bac8-5ddf494ae676,81.64482,NA,NA,7.87153,NA,NA,NA,NA,NA,NA,d963aabb-c726-4912-9008-f618f1adb60d,2025-09-29,20:02:02,2025-09-29T20:02:02Z,2025-09-29T20:02:02Z,NA,v3,CNE,ROST,NA,"Cauthen, Cade",1000141057,Right,ROA_STA,87babd8d-f9aa-49cc-9d88-8f5a9bc2ed3a,54.88744,-121.68277,12.70662,5.65616,-2.39967,-8.69657,-0.68819,6.88044,-4.12932,NA,NA,NA,NA,NA,NA,NA,NA,NA,NA,NA,NA,NA,NA,NA,NA,NA,NA,NA,NA,NA,NA,NA,NA,NA,NA,NA,NA,NA,NA,NA,NA,NA,NA,NA,NA,NA,NA,NA,NA,NA,NA,NA,NA,NA,NA,NA,NA,NA,NA,High,High,High,NA,NA,NA,NA,NA,215.025974,29.257964,1847.651838,0.872428,01:15:00,-0.518814,-0.51045,-0.685764,-24.94822,-24.086994,-62.753176,0.328989,174.99617,-0.940735,4.724634,0.940735,-0.082367,-0.328989,19.275491,19.20742,0.082367,0.082367,-174.99617,-19.20742,0.328989,-4.724634,-19.275491,-0.328989,-0.082367,0.940735,-0.940735,NA,NA,NA,NA,NA,NA,NA,NA,NA,NA,NA,NA
NA,NA,NA,NA,NA,NA,NA,NA,NA,NA,NA,NA,NA,NA,NA,NA,218,2025-09-29,16:02:16,1,2,"Holmes, Connor",1000191481,Right,ROA_STA,"Evans, Colton",10278429,Right,CAR_EAG,Undefined,7,Bottom,0,0,1,Slider,Curveball,BallCalled,Undefined,Undefined,Undefined,0,0,NA,75.3641,1.857631,-2.067454,2048.404197,99.664204,09:15:00,5.59389,0.74431,5.05117,-47.80715,2.93949,-8.23067,3.36386,-1.89246,69.27178,-6.819387,-3.519469,0.512714,NA,NA,NA,NA,NA,NA,NA,NA,NA,NA,NA,3.49831,1.46819,-0.54051,50,5.73316,4.27352,-109.26505,1.91821,4.24039,18.77574,-30.3944,CAR_EAG,ROA_STA,CarsonNewman,TeamExclusive,Team,20250929-CarsonNewman-Private-1,32c83e40-9d6f-11f0-bac8-5ddf494ae676,73.51555,NA,NA,6.09232,NA,NA,NA,NA,NA,NA,d963aabb-c726-4912-9008-f618f1adb60d,2025-09-29,20:02:16,2025-09-29T20:02:16Z,2025-09-29T20:02:16Z,NA,v3,CNE,ROST,NA,"Cauthen, Cade",1000141057,Right,ROA_STA,3aebfedb-4fb9-4a53-adef-0333472fd5e2,55.44992,-110.19757,9.38787,5.6004,3.42777,-15.1972,-0.74753,4.06292,2.1202,NA,NA,NA,NA,NA,NA,NA,NA,NA,NA,NA,NA,NA,NA,NA,NA,NA,NA,NA,NA,NA,NA,NA,NA,NA,NA,NA,NA,NA,NA,NA,NA,NA,NA,NA,NA,NA,NA,NA,NA,NA,NA,NA,NA,NA,NA,NA,NA,NA,NA,High,High,High,NA,NA,NA,NA,NA,121.079025,73.361712,586.516908,0.286329,10:00:00,-0.954393,0.276158,-0.113452,-28.613181,-41.778702,29.7045,-0.591764,146.469983,-0.671972,-26.440914,0.671972,-0.445275,0.591764,41.368394,-36.282295,0.445275,-0.445275,-146.469983,36.282295,0.591764,26.440914,-41.368394,-0.591764,0.445275,0.671972,-0.671972,NA,NA,NA,NA,NA,NA,NA,NA,NA,NA,NA,NA
NA,NA,NA,NA,NA,NA,NA,NA,NA,NA,NA,NA,NA,NA,NA,NA,219,2025-09-29,16:02:29,1,3,"Holmes, Connor",1000191481,Right,ROA_STA,"Hornbuckle, Kylan",1000106804,Right,CAR_EAG,Undefined,7,Bottom,0,1,1,Fastball,Four-Seam,FoulBallNotFieldable,Undefined,Undefined,Undefined,0,0,NA,82.83224,-1.442002,-3.052242,2151.921629,200.546913,12:45:00,5.50186,0.7625,5.7215,-26.20033,14.80328,5.0654,1.97307,-1.66127,75.99927,-6.31808,-2.147625,0.460874,NA,NA,NA,NA,NA,NA,NA,NA,NA,NA,NA,-3.43043,8.32229,-0.51044,50,5.36504,6.20775,-120.14371,-3.84167,-5.02211,22.92814,-19.99039,CAR_EAG,ROA_STA,CarsonNewman,TeamExclusive,Team,20250929-CarsonNewman-Private-1,3b029100-9d6f-11f0-bac8-5ddf494ae676,81.78465,NA,NA,6.83296,NA,NA,NA,NA,NA,NA,d963aabb-c726-4912-9008-f618f1adb60d,2025-09-29,20:02:29,2025-09-29T20:02:29Z,2025-09-29T20:02:29Z,NA,v3,CNE,ROST,NA,"Cauthen, Cade",1000141057,Right,ROA_STA,19303350-cc7a-4b7f-a33b-3a7ddfa53ad8,54.78056,-121.05259,11.46407,5.50162,-3.04924,-9.9952,-0.76047,6.40682,-2.51105,NA,NA,NA,NA,NA,NA,NA,NA,NA,NA,NA,NA,NA,NA,NA,NA,NA,NA,NA,NA,NA,NA,NA,NA,NA,NA,NA,NA,NA,NA,NA,NA,NA,NA,NA,NA,NA,NA,NA,NA,NA,NA,NA,NA,NA,NA,NA,NA,NA,NA,High,High,High,NA,NA,NA,NA,NA,210.853067,33.229815,1800.037816,0.836479,01:00:00,-0.574505,-0.442633,-0.688491,-31.346481,-20.2021,-54.118739,0.27899,166.945137,-0.935474,12.527899,0.935474,-0.216915,-0.27899,16.606382,16.199962,0.216915,0.216915,-166.945137,-16.199962,0.27899,-12.527899,-16.606382,-0.27899,-0.216915,0.935474,-0.935474,NA,NA,NA,NA,NA,NA,NA,NA,NA,NA,NA,NA
NA,NA,NA,NA,NA,NA,NA,NA,NA,NA,NA,NA,NA,NA,NA,NA,220,2025-09-29,16:03:04,1,4,"Holmes, Connor",1000191481,Right,ROA_STA,"Hornbuckle, Kylan",1000106804,Right,CAR_EAG,Undefined,7,Bottom,0,1,2,Slider,Curveball,StrikeSwinging,Strikeout,Undefined,Undefined,1,0,NA,74.44683,2.191623,0.282128,2336.907533,103.480652,09:30:00,5.48725,0.75776,5.23962,-46.59719,5.68532,-16.17241,3.66513,-0.32476,67.4482,-6.363355,-2.584511,0.520415,NA,NA,NA,NA,NA,NA,NA,NA,NA,NA,NA,8.06134,2.75354,-0.77156,50,5.65491,0.1107,-107.842,2.61609,9.38723,20.71256,-28.96763,CAR_EAG,ROA_STA,CarsonNewman,TeamExclusive,Team,20250929-CarsonNewman-Private-1,500dfcb0-9d6f-11f0-bac8-5ddf494ae676,72.42767,NA,NA,6.99862,NA,NA,NA,NA,NA,NA,d963aabb-c726-4912-9008-f618f1adb60d,2025-09-29,20:03:04,2025-09-29T20:03:04Z,2025-09-29T20:03:04Z,NA,v3,CNE,ROST,NA,"Cauthen, Cade",1000141057,Right,ROA_STA,a66b69a4-a81e-4139-ad0c-593c1a9959f4,55.25904,-108.84739,10.35628,5.49379,4.02218,-14.48382,-0.76587,-0.34496,4.69362,NA,NA,NA,NA,NA,NA,NA,NA,NA,NA,NA,NA,NA,NA,NA,NA,NA,NA,NA,NA,NA,NA,NA,NA,NA,NA,NA,NA,57.82688,NA,NA,1.112573,NA,NA,NA,-0.43703,6.18174,4.5571,72.27298,1.72,52.51183,-0.39391,70.91511,-5.06424,6.20485,10.921569999999999,-13.45791,4.56444,44.22227,-1.01761,High,High,High,NA,NA,High,High,High,98.98713,69.401769,822.153867,0.351813,09:15:00,-0.921815,0.383036,-0.059497,33.151966,-19.722088,50.422116,-0.822334,148.79528,-0.486682,-17.145533,0.486682,-0.2948,0.822334,59.381696,-55.319162,0.2948,-0.2948,-148.79528,55.319162,0.822334,17.145533,-59.381696,-0.822334,0.2948,0.486682,-0.486682,NA,NA,NA,NA,NA,NA,NA,NA,NA,NA,NA,NA
NA,NA,NA,NA,NA,NA,NA,NA,NA,NA,NA,NA,NA,NA,NA,NA,221,2025-09-29,16:03:27,2,1,"Holmes, Connor",1000191481,Right,ROA_STA,"Pierce, Johno",10069844,Right,CAR_EAG,Undefined,7,Bottom,2,0,0,Fastball,Changeup,BallCalled,Undefined,Undefined,Undefined,0,0,NA,84.91798,1.346126,-1.146787,1978.176046,212.858904,01:00:00,5.78775,0.55791,5.29643,-22.93718,17.10635,10.15611,5.14072,0.32736,76.62452,-2.966977,0.654768,0.455447,NA,NA,NA,NA,NA,NA,NA,NA,NA,NA,NA,-5.35922,8.52024,-0.46094,50,5.89406,2.00378,-123.0195,2.15457,-8.13487,26.56487,-19.24096,CAR_EAG,ROA_STA,CarsonNewman,TeamExclusive,Team,20250929-CarsonNewman-Private-1,5d629d80-9d6f-11f0-bac8-5ddf494ae676,82.75927,NA,NA,8.29346,NA,NA,NA,NA,NA,NA,d963aabb-c726-4912-9008-f618f1adb60d,2025-09-29,20:03:27,2025-09-29T20:03:27Z,2025-09-29T20:03:27Z,NA,v3,CNE,ROST,NA,"Cauthen, Cade",1000141057,Right,ROA_STA,11f0870c-023f-422f-acbf-076a4f66d8ea,55.2001,-124.13733,13.28243,5.78636,2.96422,-9.62048,-0.55246,2.34609,-4.06744,NA,NA,NA,NA,NA,NA,NA,NA,NA,NA,NA,NA,NA,NA,NA,NA,NA,NA,NA,NA,NA,NA,NA,NA,NA,NA,NA,NA,NA,NA,NA,NA,NA,NA,NA,NA,NA,NA,NA,NA,NA,NA,NA,NA,NA,NA,NA,NA,NA,NA,High,High,High,NA,NA,NA,NA,NA,214.990314,21.165265,1844.733947,0.932543,01:15:00,-0.388738,-0.526126,-0.756356,-20.772536,-8.357089,-44.243707,0.336675,178.628525,-0.941351,1.291396,0.941351,-0.022537,-0.336675,19.679606,19.674402,0.022537,0.022537,-178.628525,-19.674402,0.336675,-1.291396,-19.679606,-0.336675,-0.022537,0.941351,-0.941351,NA,NA,NA,NA,NA,NA,NA,NA,NA,NA,NA,NA
NA,NA,NA,NA,NA,NA,NA,NA,NA,NA,NA,NA,NA,NA,NA,NA,222,2025-09-29,16:03:39,2,2,"Holmes, Connor",1000191481,Right,ROA_STA,"Pierce, Johno",10069844,Right,CAR_EAG,Undefined,7,Bottom,2,1,0,Slider,Slider,FoulBallNotFieldable,Undefined,Undefined,Undefined,0,0,NA,75.56278,0.601222,-0.664681,2145.839971,103.055026,09:30:00,5.56549,0.66859,5.10551,-47.07136,3.18331,-7.12426,2.20945,-0.55143,69.63703,-7.940322,-1.925985,0.510222,60.26787,43.358531,117.108859,5183.15292,NA,NA,NA,NA,33.08171,NA,NA,3.38756,1.83847,-0.59998,50,5.58519,1.54734,-109.70595,-0.42803,4.13722,19.02158,-29.92874,CAR_EAG,ROA_STA,CarsonNewman,TeamExclusive,Team,20250929-CarsonNewman-Private-1,64786d70-9d6f-11f0-bac8-5ddf494ae676,73.87451,28.66416,NA,5.92575,NA,NA,NA,1.4246,2.09571,0.44064,d963aabb-c726-4912-9008-f618f1adb60d,2025-09-29,20:03:39,2025-09-29T20:03:39Z,2025-09-29T20:03:39Z,NA,v3,CNE,ROST,NA,"Cauthen, Cade",1000141057,Right,ROA_STA,7fe83af4-f044-4113-b999-69ca0d0a8d20,55.39758,-110.63787,9.51079,5.57024,1.03824,-14.96437,-0.67082,1.34465,2.06861,311.174624,1.4246,-29.28575,-1.99043,1.22317,-0.41271,0.37793,-0.74013,0.84599,-0.38435,2.09571,60.68704,-24.26343,2.52815,-0.50861,0.10725,-0.06006,0.05053,-0.02104,0.44064,57.20754,-10.17359,2.23326,-0.49339,0.27487,-0.48731,0.54784,-0.24769,NA,NA,NA,NA,NA,NA,NA,NA,NA,NA,NA,NA,NA,NA,NA,NA,NA,NA,NA,NA,NA,NA,High,High,High,High,Undefined,NA,NA,NA,149.29193,74.558673,571.332974,0.266251,11:00:00,-0.965015,0.146072,-0.217738,-38.246855,-43.52451,34.562753,-0.666037,154.706706,-0.674409,-18.584043,0.674409,-0.318695,0.666037,44.64213,-41.761923,0.318695,-0.318695,-154.706706,41.761923,0.666037,18.584043,-44.64213,-0.666037,0.318695,0.674409,-0.674409,NA,NA,NA,NA,NA,NA,NA,NA,NA,NA,NA,NA
NA,NA,NA,NA,NA,NA,NA,NA,NA,NA,NA,NA,NA,NA,NA,NA,223,2025-09-29,16:03:57,2,3,"Holmes, Connor",1000191481,Right,ROA_STA,"Pierce, Johno",10069844,Right,CAR_EAG,Undefined,7,Bottom,2,1,1,Fastball,Changeup,BallCalled,Undefined,Undefined,Undefined,0,0,NA,81.99707,1.873086,-0.75071,1984.400957,229.715395,01:45:00,5.6808,0.925,5.38811,-28.33608,14.12087,15.06891,5.07593,1.47704,74.64196,-3.399493,1.926837,0.468971,NA,NA,NA,NA,NA,NA,NA,NA,NA,NA,NA,-7.68441,6.96418,-0.86843,50,5.82868,0.91348,-118.91965,2.9674,-10.98931,23.0923,-22.21473,CAR_EAG,ROA_STA,CarsonNewman,TeamExclusive,Team,20250929-CarsonNewman-Private-1,6f89d500-9d6f-11f0-bac8-5ddf494ae676,80.37268,NA,NA,7.35511,NA,NA,NA,NA,NA,NA,d963aabb-c726-4912-9008-f618f1adb60d,2025-09-29,20:03:57,2025-09-29T20:03:57Z,2025-09-29T20:03:57Z,NA,v3,CNE,ROST,NA,"Cauthen, Cade",1000141057,Right,ROA_STA,050f97c3-b79b-49bb-9fdd-9f17fa0456f3,55.11064,-119.90795,11.54615,5.68134,3.91815,-11.10737,-0.91758,1.3838,-5.49465,NA,NA,NA,NA,NA,NA,NA,NA,NA,NA,NA,NA,NA,NA,NA,NA,NA,NA,NA,NA,NA,NA,NA,NA,NA,NA,NA,NA,NA,NA,NA,NA,NA,NA,NA,NA,NA,NA,NA,NA,NA,NA,NA,NA,NA,NA,NA,NA,NA,NA,High,High,High,NA,NA,NA,NA,NA,219.306795,25.618707,1789.317286,0.901691,01:15:00,-0.459922,-0.556759,-0.691731,-16.167536,-11.281807,-41.701631,0.502919,172.740493,-0.857405,6.270371,0.857405,-0.10922,-0.502919,30.394134,30.193286,0.10922,0.10922,-172.740493,-30.193286,0.502919,-6.270371,-30.394134,-0.502919,-0.10922,0.857405,-0.857405,NA,NA,NA,NA,NA,NA,NA,NA,NA,NA,NA,NA
NA,NA,NA,NA,NA,NA,NA,NA,NA,NA,NA,NA,NA,NA,NA,NA,224,2025-09-29,16:04:12,2,4,"Holmes, Connor",1000191481,Right,ROA_STA,"Pierce, Johno",10069844,Right,CAR_EAG,Undefined,7,Bottom,2,2,1,Slider,Slider,StrikeSwinging,Undefined,Undefined,Undefined,0,0,NA,75.72242,1.283742,0.427513,2263.906051,134.94048,10:30:00,5.45772,1.03258,5.17411,-39.35853,10.43654,-8.97178,3.38616,0.68726,69.67059,-5.921235,-1.161292,0.507884,NA,NA,NA,NA,NA,NA,NA,NA,NA,NA,NA,4.55685,5.34118,-1.06537,50,5.54752,-0.46521,-109.91479,1.17946,5.60949,18.34106,-25.59902,CAR_EAG,ROA_STA,CarsonNewman,TeamExclusive,Team,20250929-CarsonNewman-Private-1,7834eaf0-9d6f-11f0-bac8-5ddf494ae676,74.21464,NA,NA,6.05183,NA,NA,NA,NA,NA,NA,d963aabb-c726-4912-9008-f618f1adb60d,2025-09-29,20:04:12,2025-09-29T20:04:12Z,2025-09-29T20:04:12Z,NA,v3,CNE,ROST,NA,"Cauthen, Cade",1000141057,Right,ROA_STA,82f9a6d4-1037-41f3-9cdf-cb63af2a97bc,55.32613,-110.79998,9.17053,5.46079,2.41493,-12.79951,-1.03639,-0.73594,2.80475,NA,NA,NA,NA,NA,NA,NA,NA,NA,NA,NA,NA,NA,NA,NA,NA,NA,NA,NA,NA,NA,NA,NA,NA,NA,NA,NA,NA,NA,NA,NA,NA,NA,NA,NA,NA,NA,NA,NA,NA,NA,NA,NA,NA,NA,NA,NA,NA,NA,NA,High,High,High,NA,NA,NA,NA,NA,148.829078,71.265335,727.134968,0.321186,11:00:00,-0.940977,0.187418,-0.281844,2.953726,-27.425251,78.26181,-0.945517,155.187754,-0.295519,-7.852618,0.295519,-0.136625,0.945517,72.643521,-70.999715,0.136625,-0.136625,-155.187754,70.999715,0.945517,7.852618,-72.643521,-0.945517,0.136625,0.295519,-0.295519,NA,NA,NA,NA,NA,NA,NA,NA,NA,NA,NA,NA
NA,NA,NA,NA,NA,NA,NA,NA,NA,NA,NA,NA,NA,NA,NA,NA,225,2025-09-29,16:04:28,2,5,"Holmes, Connor",1000191481,Right,ROA_STA,"Pierce, Johno",10069844,Right,CAR_EAG,Undefined,7,Bottom,2,2,2,Slider,Slider,BallCalled,Undefined,Undefined,Undefined,0,0,NA,76.61026,2.068351,-1.153097,2367.965134,116.88107,10:00:00,5.40089,0.86685,5.0278,-42.11829,6.54902,-10.28418,3.84401,-1.07839,70.8967,-5.581282,-2.967361,0.5021,NA,NA,NA,NA,NA,NA,NA,NA,NA,NA,NA,4.81473,3.16843,-0.74789,50,5.56504,2.65019,-111.22183,2.57699,6.10574,17.63333,-28.15606,CAR_EAG,ROA_STA,CarsonNewman,TeamExclusive,Team,20250929-CarsonNewman-Private-1,81919da0-9d6f-11f0-bac8-5ddf494ae676,75.06963,NA,NA,5.71356,NA,NA,NA,NA,NA,NA,d963aabb-c726-4912-9008-f618f1adb60d,2025-09-29,20:04:28,2025-09-29T20:04:28Z,2025-09-29T20:04:28Z,NA,v3,CNE,ROST,NA,"Cauthen, Cade",1000141057,Right,ROA_STA,0cbee290-57bf-492e-85a7-5594cc226557,55.47469,-112.08644,8.81667,5.40484,3.95755,-14.07803,-0.87049,2.35081,3.05287,NA,NA,NA,NA,NA,NA,NA,NA,NA,NA,NA,NA,NA,NA,NA,NA,NA,NA,NA,NA,NA,NA,NA,NA,NA,NA,NA,NA,NA,NA,NA,NA,NA,NA,NA,NA,NA,NA,NA,NA,NA,NA,NA,NA,NA,NA,NA,NA,NA,NA,High,High,High,NA,NA,NA,NA,NA,140.394038,74.229962,643.558527,0.271777,10:45:00,-0.9595,0.207879,-0.190119,7.662196,-48.093338,79.836085,-0.951898,157.31814,-0.282716,-6.785785,0.282716,-0.118158,0.951898,73.458443,-72.156729,0.118158,-0.118158,-157.31814,72.156729,0.951898,6.785785,-73.458443,-0.951898,0.118158,0.282716,-0.282716,NA,NA,NA,NA,NA,NA,NA,NA,NA,NA,NA,NA
NA,NA,NA,NA,NA,NA,NA,NA,NA,NA,NA,NA,NA,NA,NA,NA,226,2025-09-29,16:04:43,2,6,"Holmes, Connor",1000191481,Right,ROA_STA,"Pierce, Johno",10069844,Right,CAR_EAG,Undefined,7,Bottom,2,3,2,Slider,Slider,FoulBallNotFieldable,Undefined,Undefined,Undefined,0,0,NA,76.88274,0.670972,0.305549,2296.345757,139.279875,10:45:00,5.31436,1.04746,5.08053,-37.59927,10.78508,-8.05709,2.81365,0.66408,70.88569,-6.195375,-1.119217,0.500638,59.8688,21.043176,171.850836,2529.724472,NA,NA,NA,106.75121,29.94345,176.326088,1.452174,4.11162,5.60264,-1.06965,50,5.34837,-0.27923,-111.65218,0.05598,5.22652,18.7869,-25.05222,CAR_EAG,ROA_STA,CarsonNewman,TeamExclusive,Team,20250929-CarsonNewman-Private-1,8a9c11a0-9d6f-11f0-bac8-5ddf494ae676,75.28879,13.04006,NA,5.99705,NA,NA,NA,2.62155,2.83227,-0.76452,d963aabb-c726-4912-9008-f618f1adb60d,2025-09-29,20:04:43,2025-09-29T20:04:43Z,2025-09-29T20:04:43Z,LineDrive,v3,CNE,ROST,NA,"Cauthen, Cade",1000141057,Right,ROA_STA,7dc5f2d9-e7d6-494b-ae14-99c357a36e53,55.42202,-112.56081,9.39345,5.31636,1.26763,-12.52611,-1.05004,-0.53201,2.61326,329.076296,2.74926,-82.31812,4.80703,NA,NA,NA,NA,NA,NA,3.03894,29.56649,-21.88922,NA,NA,NA,NA,NA,NA,-0.67892,10.79323,-3.90186,NA,NA,NA,NA,NA,NA,NA,NA,NA,NA,NA,NA,NA,NA,NA,NA,NA,NA,NA,NA,NA,NA,NA,NA,NA,NA,NA,NA,High,High,High,High,Low,NA,NA,NA,151.29034,70.591972,763.060298,0.332293,11:00:00,-0.939675,0.170658,-0.296458,0.94628,-43.493886,86.885876,-0.942405,159.404496,-0.313097,-6.756915,0.313097,-0.117657,0.942405,71.621888,-70.459457,0.117657,-0.117657,-159.404496,70.459457,0.942405,6.756915,-71.621888,-0.942405,0.117657,0.313097,-0.313097,NA,NA,NA,NA,NA,NA,NA,NA,NA,NA,NA,NA
NA,NA,NA,NA,NA,NA,NA,NA,NA,NA,NA,NA,NA,NA,NA,NA,227,2025-09-29,16:05:01,2,7,"Holmes, Connor",1000191481,Right,ROA_STA,"Pierce, Johno",10069844,Right,CAR_EAG,Undefined,7,Bottom,2,3,2,Fastball,Four-Seam,StrikeCalled,Strikeout,Undefined,Undefined,1,0,NA,84.29687,-0.688399,-0.346724,2121.729128,207.748213,01:00:00,5.61733,0.73711,5.59636,-21.09785,18.73859,9.17646,3.21638,1.17807,76.85498,-4.665689,1.291242,0.454268,NA,NA,NA,NA,NA,NA,NA,NA,NA,NA,NA,-4.70441,10.0489,-0.71327,50,5.54476,0.3508,-122.34665,-2.10144,-7.11535,24.62226,-16.9753,CAR_EAG,ROA_STA,CarsonNewman,TeamExclusive,Team,20250929-CarsonNewman-Private-1,9594c110-9d6f-11f0-bac8-5ddf494ae676,82.97408,NA,NA,7.44189,NA,NA,NA,NA,NA,NA,d963aabb-c726-4912-9008-f618f1adb60d,2025-09-29,20:05:01,2025-09-29T20:05:01Z,2025-09-29T20:05:01Z,NA,v3,CNE,ROST,NA,"Cauthen, Cade",1000141057,Right,ROA_STA,f418ad20-e1c8-4167-921b-0e560205ec6b,54.90241,-123.32931,12.31113,5.61511,-1.42397,-8.48765,-0.73294,0.63477,-3.55767,NA,NA,NA,NA,NA,NA,NA,NA,NA,NA,NA,NA,NA,NA,NA,NA,NA,NA,NA,NA,NA,NA,NA,NA,NA,NA,NA,NA,NA,NA,NA,NA,NA,NA,NA,NA,NA,NA,NA,NA,NA,NA,NA,NA,NA,NA,NA,NA,NA,NA,High,High,High,NA,NA,NA,NA,NA,214.210179,30.126737,1835.120215,0.864917,01:15:00,-0.500355,-0.492278,-0.712255,-24.780549,33.387284,58.150209,-0.556518,167.663364,-0.811651,-10.224891,0.811651,-0.177512,0.556518,34.436922,-33.815312,0.177512,-0.177512,-167.663364,33.815312,0.556518,10.224891,-34.436922,-0.556518,0.177512,0.811651,-0.811651,NA,NA,NA,NA,NA,NA,NA,NA,NA,NA,NA,NA
