player_name,display_name,active,notes,id,pitcher,date,rel_speed,horz_break,induced_vert_break,original_pitch_type,new_pitch_type,new_pitcher,modified_at,pitch_key,created_at,PitchNo,Date,Time,PAofInning,PitchofPA,Pitcher,PitcherId,PitcherThrows,PitcherTeam,Batter,BatterId,BatterSide,BatterTeam,PitcherSet,Inning,Top/Bottom,Outs,Balls,Strikes,TaggedPitchType,AutoPitchType,PitchCall,KorBB,TaggedHitType,PlayResult,OutsOnPlay,RunsScored,Notes,RelSpeed,VertRelAngle,HorzRelAngle,SpinRate,SpinAxis,Tilt,RelHeight,RelSide,Extension,VertBreak,InducedVertBreak,HorzBreak,PlateLocHeight,PlateLocSide,ZoneSpeed,VertApprAngle,HorzApprAngle,ZoneTime,ExitSpeed,Angle,Direction,HitSpinRate,PositionAt110X,PositionAt110Y,PositionAt110Z,Distance,LastTrackedDistance,Bearing,HangTime,pfxx,pfxz,x0,y0,z0,vx0,vy0,vz0,ax0,ay0,az0,HomeTeam,AwayTeam,Stadium,Level,League,GameID,PitchUID,EffectiveVelo,MaxHeight,MeasuredDuration,SpeedDrop,PitchLastMeasuredX,PitchLastMeasuredY,PitchLastMeasuredZ,ContactPositionX,ContactPositionY,ContactPositionZ,GameUID,UTCDate,UTCTime,LocalDateTime,UTCDateTime,AutoHitType,System,HomeTeamForeignID,AwayTeamForeignID,GameForeignID,Catcher,CatcherId,CatcherThrows,CatcherTeam,PlayID,PitchTrajectoryXc0,PitchTrajectoryXc1,PitchTrajectoryXc2,PitchTrajectoryYc0,PitchTrajectoryYc1,PitchTrajectoryYc2,PitchTrajectoryZc0,PitchTrajectoryZc1,PitchTrajectoryZc2,HitSpinAxis,HitTrajectoryXc0,HitTrajectoryXc1,HitTrajectoryXc2,HitTrajectoryXc3,HitTrajectoryXc4,HitTrajectoryXc5,HitTrajectoryXc6,HitTrajectoryXc7,HitTrajectoryXc8,HitTrajectoryYc0,HitTrajectoryYc1,HitTrajectoryYc2,HitTrajectoryYc3,HitTrajectoryYc4,HitTrajectoryYc5,HitTrajectoryYc6,HitTrajectoryYc7,HitTrajectoryYc8,HitTrajectoryZc0,HitTrajectoryZc1,HitTrajectoryZc2,HitTrajectoryZc3,HitTrajectoryZc4,HitTrajectoryZc5,HitTrajectoryZc6,HitTrajectoryZc7,HitTrajectoryZc8,ThrowSpeed,PopTime,ExchangeTime,TimeToBase,CatchPositionX,CatchPositionY,CatchPositionZ,ThrowPositionX,ThrowPositionY,ThrowPositionZ,BasePositionX,BasePositionY,BasePositionZ,ThrowTrajectoryXc0,ThrowTrajectoryXc1,ThrowTrajectoryXc2,ThrowTrajectoryYc0,ThrowTrajectoryYc1,ThrowTrajectoryYc2,ThrowTrajectoryZc0,ThrowTrajectoryZc1,ThrowTrajectoryZc2,PitchReleaseConfidence,PitchLocationConfidence,PitchMovementConfidence,HitLaunchConfidence,HitLandingConfidence,CatcherThrowCatchConfidence,CatcherThrowReleaseConfidence,CatcherThrowLocationConfidence,SpinAxis3dTransverseAngle,SpinAxis3dLongitudinalAngle,SpinAxis3dActiveSpinRate,SpinAxis3dSpinEfficiency,SpinAxis3dTilt,SpinAxis3dVectorX,SpinAxis3dVectorY,SpinAxis3dVectorZ,SpinAxis3dSeamOrientationRotationX,SpinAxis3dSeamOrientationRotationY,SpinAxis3dSeamOrientationRotationZ,SpinAxis3dSeamOrientationBallYAmb1,SpinAxis3dSeamOrientationBallAngleHorizontalAmb1,SpinAxis3dSeamOrientationBallZAmb1,SpinAxis3dSeamOrientationBallAngleVerticalAmb2,SpinAxis3dSeamOrientationBallZAmb2,SpinAxis3dSeamOrientationBallXAmb4,SpinAxis3dSeamOrientationBallYAmb4,SpinAxis3dSeamOrientationBallAngleHorizontalAmb2,SpinAxis3dSeamOrientationBallAngleVerticalAmb1,SpinAxis3dSeamOrientationBallXAmb1,SpinAxis3dSeamOrientationBallYAmb2,SpinAxis3dSeamOrientationBallAngleHorizontalAmb4,SpinAxis3dSeamOrientationBallAngleVerticalAmb4,SpinAxis3dSeamOrientationBallXAmb2,SpinAxis3dSeamOrientationBallAngleVerticalAmb3,SpinAxis3dSeamOrientationBallAngleHorizontalAmb3,SpinAxis3dSeamOrientationBallXAmb3,SpinAxis3dSeamOrientationBallYAmb3,SpinAxis3dSeamOrientationBallZAmb3,SpinAxis3dSeamOrientationBallZAmb4,session_id,play_id,camera_slot,camera_name,camera_target,video_type,azure_blob,azure_md5,cloudinary_url,cloudinary_public_id,uploaded_at,HitType
NA,NA,NA,NA,NA,NA,NA,NA,NA,NA,NA,NA,NA,NA,NA,NA,1,2026-02-17,15:11:05,1,1,"Sharp, Will",1000370214,Right,CAR_EAG,"Sharp, Will",1000370214,Right,CAR_EAG,Undefined,1,Top,0,0,0,Fastball,Changeup,StrikeCalled,Undefined,Undefined,Undefined,0,0,NA,73.00179,2.058822,-1.948584,1953.959006,233.13808,01:45:00,5.63513,3.57257,5.67571,-42.6412,9.96304,11.21788,4.00306,2.69004,67.17178,-5.81242,0.05447,0.522013,NA,NA,NA,NA,NA,NA,NA,NA,NA,NA,NA,-6.1978,5.00111,-3.41534,50,5.78209,3.20752,-105.97151,2.56765,-7.09374,17.00471,-26.44999,CAR_EAG,CAR_EAG,CarsonNewman,TeamExclusive,Team,20260217-CarsonNewman-Private-1,cadb5960-0c3c-11f1-90c1-d3b8e9c17bb1,72.20588,NA,NA,5.83001,NA,NA,NA,NA,NA,NA,d42f9652-cdd7-4e85-a646-f9e5d84c90e5,2026-02-17,20:11:05,2026-02-17T20:11:05Z,2026-02-17T20:11:05Z,NA,v3,CNE,CNE,NA,NA,NA,Undefined,CAR_EAG,77ada8b0-d564-43c1-bb43-9a038ceb00ad,54.82514,-106.74297,8.50236,5.63838,3.76761,-13.22499,-3.56816,3.52934,-3.54687,NA,NA,NA,NA,NA,NA,NA,NA,NA,NA,NA,NA,NA,NA,NA,NA,NA,NA,NA,NA,NA,NA,NA,NA,NA,NA,NA,NA,NA,NA,NA,NA,NA,NA,NA,NA,NA,NA,NA,NA,NA,NA,NA,NA,NA,NA,NA,NA,NA,NA,High,High,High,NA,NA,NA,NA,NA,234.691427,44.660747,1389.814304,0.711281,01:45:00,-0.736867,-0.554815,-0.386274,-11.05422,14.896641,82.42304,-0.748373,127.47711,-0.403568,-31.760893,0.403568,-0.526376,0.748373,61.663743,-48.449599,0.526376,-0.526376,-127.47711,48.449599,0.748373,31.760893,-61.663743,-0.748373,0.526376,0.403568,-0.403568,NA,NA,NA,NA,NA,NA,NA,NA,NA,NA,NA,NA
NA,NA,NA,NA,NA,NA,NA,NA,NA,NA,NA,NA,NA,NA,NA,NA,2,2026-02-17,15:11:17,1,2,"Sharp, Will",1000370214,Right,CAR_EAG,"Sharp, Will",1000370214,Right,CAR_EAG,Undefined,1,Top,0,0,0,Fastball,Changeup,StrikeCalled,Undefined,Undefined,Undefined,0,0,NA,73.62022,1.758291,-4.18063,1921.581701,208.162991,01:00:00,5.64048,3.14853,5.62243,-38.14589,14.36914,6.77465,4.10743,-0.19531,67.04923,-5.322228,-2.977016,0.521571,NA,NA,NA,NA,NA,NA,NA,NA,NA,NA,NA,-4.61067,7.28756,-2.79576,50,5.76661,7.53824,-106.52191,2.18204,-5.28365,18.74801,-23.82274,CAR_EAG,CAR_EAG,CarsonNewman,TeamExclusive,Team,20260217-CarsonNewman-Private-1,d1c6e500-0c3c-11f1-90c1-d3b8e9c17bb1,72.26716,NA,NA,6.57098,NA,NA,NA,NA,NA,NA,d42f9652-cdd7-4e85-a646-f9e5d84c90e5,2026-02-17,20:11:17,2026-02-17T20:11:17Z,2026-02-17T20:11:17Z,NA,v3,CNE,CNE,NA,NA,NA,Undefined,CAR_EAG,fb9be4f0-1e61-4902-96b3-438783873669,54.87564,-107.3766,9.374,5.64238,3.26808,-11.91137,-3.14491,7.77911,-2.64182,NA,NA,NA,NA,NA,NA,NA,NA,NA,NA,NA,NA,NA,NA,NA,NA,NA,NA,NA,NA,NA,NA,NA,NA,NA,NA,NA,NA,NA,NA,NA,NA,NA,NA,NA,NA,NA,NA,NA,NA,NA,NA,NA,NA,NA,NA,NA,NA,NA,NA,High,High,High,NA,NA,NA,NA,NA,228.36632,47.701134,1293.22039,0.672998,01:30:00,-0.785317,-0.480072,-0.390906,2.649438,4.635352,76.572828,-0.631038,127.471906,-0.471946,-38.001111,0.471946,-0.615677,0.631038,53.207623,-39.126759,0.615677,-0.615677,-127.471906,39.126759,0.631038,38.001111,-53.207623,-0.631038,0.615677,0.471946,-0.471946,NA,NA,NA,NA,NA,NA,NA,NA,NA,NA,NA,NA
NA,NA,NA,NA,NA,NA,NA,NA,NA,NA,NA,NA,NA,NA,NA,NA,3,2026-02-17,15:11:29,1,3,"Sharp, Will",1000370214,Right,CAR_EAG,"Sharp, Will",1000370214,Right,CAR_EAG,Undefined,1,Top,0,0,0,Fastball,Curveball,BallCalled,Undefined,Undefined,Undefined,0,0,NA,73.76295,0.749275,-2.942783,1911.523697,209.943509,01:00:00,5.66697,3.28134,5.66463,-40.66443,11.14422,5.48827,2.97792,0.99217,67.7183,-6.759071,-1.963756,0.518051,NA,NA,NA,NA,NA,NA,NA,NA,NA,NA,NA,-3.58772,5.94508,-3.03585,50,5.70477,5.30274,-106.99082,0.20902,-4.16587,18.15919,-25.27096,CAR_EAG,CAR_EAG,CarsonNewman,TeamExclusive,Team,20260217-CarsonNewman-Private-1,d90ff9f0-0c3c-11f1-90c1-d3b8e9c17bb1,72.75815,NA,NA,6.04465,NA,NA,NA,NA,NA,NA,d42f9652-cdd7-4e85-a646-f9e5d84c90e5,2026-02-17,20:11:29,2026-02-17T20:11:29Z,2026-02-17T20:11:29Z,NA,v3,CNE,CNE,NA,NA,NA,Undefined,CAR_EAG,413e2972-6260-41ba-ba53-f1319042670b,54.8351,-107.80835,9.07959,5.66975,1.34671,-12.63548,-3.2788,5.49029,-2.08294,NA,NA,NA,NA,NA,NA,NA,NA,NA,NA,NA,NA,NA,NA,NA,NA,NA,NA,NA,NA,NA,NA,NA,NA,NA,NA,NA,NA,NA,NA,NA,NA,NA,NA,NA,NA,NA,NA,NA,NA,NA,NA,NA,NA,NA,NA,NA,NA,NA,NA,High,High,High,NA,NA,NA,NA,NA,228.437357,50.538541,1214.886157,0.635559,01:30:00,-0.798826,-0.465408,-0.381146,4.360641,4.512157,79.265526,-0.663831,129.860662,-0.479335,-35.035143,0.479335,-0.574079,0.663831,54.167931,-41.592701,0.574079,-0.574079,-129.860662,41.592701,0.663831,35.035143,-54.167931,-0.663831,0.574079,0.479335,-0.479335,NA,NA,NA,NA,NA,NA,NA,NA,NA,NA,NA,NA
NA,NA,NA,NA,NA,NA,NA,NA,NA,NA,NA,NA,NA,NA,NA,NA,4,2026-02-17,15:11:47,1,4,"Sharp, Will",1000370214,Right,CAR_EAG,"Sharp, Will",1000370214,Right,CAR_EAG,Undefined,1,Top,0,0,0,Fastball,Changeup,BallCalled,Undefined,Undefined,Undefined,0,0,NA,75.1964,0.294576,-4.886043,1990.182066,260.498991,02:45:00,5.56506,3.36045,5.87918,-46.20715,3.07303,9.82315,1.98905,-0.36985,69.66716,-8.173324,-3.131257,0.505251,NA,NA,NA,NA,NA,NA,NA,NA,NA,NA,NA,-6.26311,1.9474,-2.9704,50,5.56207,8.9704,-108.98731,-0.82215,-7.60181,17.52207,-29.8104,CAR_EAG,CAR_EAG,CarsonNewman,TeamExclusive,Team,20260217-CarsonNewman-Private-1,e3d8e6d0-0c3c-11f1-90c1-d3b8e9c17bb1,74.60135,NA,NA,5.52924,NA,NA,NA,NA,NA,NA,d42f9652-cdd7-4e85-a646-f9e5d84c90e5,2026-02-17,20:11:47,2026-02-17T20:11:47Z,2026-02-17T20:11:47Z,NA,v3,CNE,CNE,NA,NA,NA,Undefined,CAR_EAG,7c4ffd6e-5369-40c9-9bbb-233ebf019d4d,54.62338,-109.7281,8.76103,5.57018,0.43817,-14.9052,-3.35644,9.29179,-3.80091,NA,NA,NA,NA,NA,NA,NA,NA,NA,NA,NA,NA,NA,NA,NA,NA,NA,NA,NA,NA,NA,NA,NA,NA,NA,NA,NA,NA,NA,NA,NA,NA,NA,NA,NA,NA,NA,NA,NA,NA,NA,NA,NA,NA,NA,NA,NA,NA,NA,NA,High,High,High,NA,NA,NA,NA,NA,231.933645,41.166816,1498.201647,0.752796,01:45:00,-0.698423,-0.589282,-0.406143,-95.845338,-34.675331,-9.523797,-0.068768,134.038207,-0.693492,-45.821701,0.693492,-0.717175,0.068768,5.66305,-3.943232,0.717175,-0.717175,-134.038207,3.943232,0.068768,45.821701,-5.66305,-0.068768,0.717175,0.693492,-0.693492,NA,NA,NA,NA,NA,NA,NA,NA,NA,NA,NA,NA
NA,NA,NA,NA,NA,NA,NA,NA,NA,NA,NA,NA,NA,NA,NA,NA,5,2026-02-17,15:12:00,1,5,"Sharp, Will",1000370214,Right,CAR_EAG,"Sharp, Will",1000370214,Right,CAR_EAG,Undefined,1,Top,0,0,0,Fastball,Changeup,BallCalled,Undefined,Undefined,Undefined,0,0,NA,75.62747,0.062792,-4.885323,2118.462356,234.883837,01:45:00,5.58042,3.30174,5.95121,-41.54093,6.95433,7.92811,2.17713,-0.57966,70.14387,-7.576495,-3.468109,0.501211,NA,NA,NA,NA,NA,NA,NA,NA,NA,NA,NA,-5.27941,3.98421,-2.91667,50,5.56192,9.09352,-109.62942,-1.09522,-6.49785,17.32573,-27.27032,CAR_EAG,CAR_EAG,CarsonNewman,TeamExclusive,Team,20260217-CarsonNewman-Private-1,eb57b1c0-0c3c-11f1-90c1-d3b8e9c17bb1,75.20267,NA,NA,5.4836,NA,NA,NA,NA,NA,NA,d42f9652-cdd7-4e85-a646-f9e5d84c90e5,2026-02-17,20:12:00,2026-02-17T20:12:00Z,2026-02-17T20:12:00Z,NA,v3,CNE,CNE,NA,NA,NA,Undefined,CAR_EAG,89689aa1-7153-401d-ba17-efae0ad3465c,54.55093,-110.3463,8.66286,5.58389,0.03313,-13.63516,-3.29849,9.36238,-3.24893,NA,NA,NA,NA,NA,NA,NA,NA,NA,NA,NA,NA,NA,NA,NA,NA,NA,NA,NA,NA,NA,NA,NA,NA,NA,NA,NA,NA,NA,NA,NA,NA,NA,NA,NA,NA,NA,NA,NA,NA,NA,NA,NA,NA,NA,NA,NA,NA,NA,NA,High,High,High,NA,NA,NA,NA,NA,233.130369,44.747769,1504.559055,0.710213,01:45:00,-0.738339,-0.5674,-0.364571,75.340337,46.329734,-34.79519,-0.068638,138.134182,-0.742954,-41.744838,0.742954,-0.665814,0.068638,5.278308,-3.935764,0.665814,-0.665814,-138.134182,3.935764,0.068638,41.744838,-5.278308,-0.068638,0.665814,0.742954,-0.742954,NA,NA,NA,NA,NA,NA,NA,NA,NA,NA,NA,NA
NA,NA,NA,NA,NA,NA,NA,NA,NA,NA,NA,NA,NA,NA,NA,NA,6,2026-02-17,15:12:13,1,6,"Sharp, Will",1000370214,Right,CAR_EAG,"Sharp, Will",1000370214,Right,CAR_EAG,Undefined,1,Top,0,0,0,Fastball,Changeup,BallCalled,Undefined,Undefined,Undefined,0,0,NA,75.40501,0.654274,-4.05877,2124.258324,235.21875,01:45:00,5.73231,3.21205,6.18473,-40.78301,7.37626,8.70008,2.93944,0.18288,69.97764,-6.892876,-2.493898,0.499472,NA,NA,NA,NA,NA,NA,NA,NA,NA,NA,NA,-5.49422,4.07949,-2.90958,50,5.76096,7.47558,-109.47761,0.11272,-6.75476,16.97161,-27.15858,CAR_EAG,CAR_EAG,CarsonNewman,TeamExclusive,Team,20260217-CarsonNewman-Private-1,f319c740-0c3c-11f1-90c1-d3b8e9c17bb1,75.46454,NA,NA,5.42737,NA,NA,NA,NA,NA,NA,d42f9652-cdd7-4e85-a646-f9e5d84c90e5,2026-02-17,20:12:13,2026-02-17T20:12:13Z,2026-02-17T20:12:13Z,NA,v3,CNE,CNE,NA,NA,NA,Undefined,CAR_EAG,b65cd0ef-a907-4c72-a349-b5788c87f191,54.31769,-110.14491,8.4858,5.73553,1.18057,-13.57929,-3.20873,7.74117,-3.37738,NA,NA,NA,NA,NA,NA,NA,NA,NA,NA,NA,NA,NA,NA,NA,NA,NA,NA,NA,NA,NA,NA,NA,NA,NA,NA,NA,NA,NA,NA,NA,NA,NA,NA,NA,NA,NA,NA,NA,NA,NA,NA,NA,NA,NA,NA,NA,NA,NA,NA,High,High,High,NA,NA,NA,NA,NA,230.377833,39.430866,1640.759112,0.772392,01:45:00,-0.675153,-0.587656,-0.445902,80.568515,25.862471,-40.42029,-0.07519,143.166081,-0.798111,-36.71253,0.798111,-0.5978,0.07519,5.38198,-4.312165,0.5978,-0.5978,-143.166081,4.312165,0.07519,36.71253,-5.38198,-0.07519,0.5978,0.798111,-0.798111,NA,NA,NA,NA,NA,NA,NA,NA,NA,NA,NA,NA
NA,NA,NA,NA,NA,NA,NA,NA,NA,NA,NA,NA,NA,NA,NA,NA,7,2026-02-17,15:12:25,1,7,"Sharp, Will",1000370214,Right,CAR_EAG,"Sharp, Will",1000370214,Right,CAR_EAG,Undefined,1,Top,0,0,0,Slider,Curveball,StrikeCalled,Undefined,Undefined,Undefined,0,0,NA,68.19339,1.555208,-4.229619,1998.705834,117.810518,10:00:00,5.34266,3.50356,5.42148,-57.9246,3.56713,-3.1363,1.97676,-0.72702,62.86791,-8.982768,-4.78504,0.564391,NA,NA,NA,NA,NA,NA,NA,NA,NA,NA,NA,0.39508,1.94303,-3.12508,50,5.44089,7.40746,-98.71623,1.00488,0.38969,15.77477,-30.25749,CAR_EAG,CAR_EAG,CarsonNewman,TeamExclusive,Team,20260217-CarsonNewman-Private-1,fa913f30-0c3c-11f1-90c1-d3b8e9c17bb1,66.78432,NA,NA,5.32548,NA,NA,NA,NA,NA,NA,d42f9652-cdd7-4e85-a646-f9e5d84c90e5,2026-02-17,20:12:25,2026-02-17T20:12:25Z,2026-02-17T20:12:25Z,NA,v3,CNE,CNE,NA,NA,NA,Undefined,CAR_EAG,98e5ef6f-0026-48bc-bff8-918432959bc9,55.07933,-99.5246,7.88738,5.34967,2.55539,-15.12875,-3.50415,7.38749,0.19484,NA,NA,NA,NA,NA,NA,NA,NA,NA,NA,NA,NA,NA,NA,NA,NA,NA,NA,NA,NA,NA,NA,NA,NA,NA,NA,NA,NA,NA,NA,NA,NA,NA,NA,NA,NA,NA,NA,NA,NA,NA,NA,NA,NA,NA,NA,NA,NA,NA,NA,High,High,High,NA,NA,NA,NA,NA,211.357954,76.873359,453.914411,0.227104,01:00:00,-0.988362,-0.091707,-0.121367,33.900497,7.252239,53.107319,-0.496423,131.920852,-0.579968,-40.234039,0.579968,-0.645911,0.496423,40.561881,-29.763654,0.645911,-0.645911,-131.920852,29.763654,0.496423,40.234039,-40.561881,-0.496423,0.645911,0.579968,-0.579968,NA,NA,NA,NA,NA,NA,NA,NA,NA,NA,NA,NA
NA,NA,NA,NA,NA,NA,NA,NA,NA,NA,NA,NA,NA,NA,NA,NA,8,2026-02-17,15:12:38,1,8,"Sharp, Will",1000370214,Right,CAR_EAG,"Sharp, Will",1000370214,Right,CAR_EAG,Undefined,1,Top,0,0,0,Slider,Slider,BallCalled,Undefined,Undefined,Undefined,0,0,NA,68.69471,1.118836,-4.0901,2069.790557,136.659987,10:30:00,5.37629,3.50131,5.50674,-55.90365,4.78016,-2.62851,1.76684,-0.54947,63.0259,-9.08983,-4.556577,0.560671,NA,NA,NA,NA,NA,NA,NA,NA,NA,NA,NA,0.11496,2.69433,-3.14182,50,5.43683,7.19961,-99.42362,0.33665,0.11441,16.82306,-29.49312,CAR_EAG,CAR_EAG,CarsonNewman,TeamExclusive,Team,20260217-CarsonNewman-Private-1,01e6fe50-0c3d-11f1-90c1-d3b8e9c17bb1,67.22742,NA,NA,5.66882,NA,NA,NA,NA,NA,NA,d42f9652-cdd7-4e85-a646-f9e5d84c90e5,2026-02-17,20:12:38,2026-02-17T20:12:38Z,2026-02-17T20:12:38Z,NA,v3,CNE,CNE,NA,NA,NA,Undefined,CAR_EAG,8ccac254-33e0-4af5-8d0a-9ab6510c4c9c,54.99288,-100.26489,8.41153,5.38312,1.81151,-14.74656,-3.50171,7.19389,0.0572,NA,NA,NA,NA,NA,NA,NA,NA,NA,NA,NA,NA,NA,NA,NA,NA,NA,NA,NA,NA,NA,NA,NA,NA,NA,NA,NA,NA,NA,NA,NA,NA,NA,NA,NA,NA,NA,NA,NA,NA,NA,NA,NA,NA,NA,NA,NA,NA,NA,NA,High,High,High,NA,NA,NA,NA,NA,201.275386,78.350967,417.924154,0.201916,12:45:00,-0.991569,-0.054128,-0.117731,34.716308,4.231075,59.166361,-0.586789,137.749777,-0.599382,-32.986728,0.599382,-0.544445,0.586789,44.39171,-35.929446,0.544445,-0.544445,-137.749777,35.929446,0.586789,32.986728,-44.39171,-0.586789,0.544445,0.599382,-0.599382,NA,NA,NA,NA,NA,NA,NA,NA,NA,NA,NA,NA
NA,NA,NA,NA,NA,NA,NA,NA,NA,NA,NA,NA,NA,NA,NA,NA,9,2026-02-17,15:12:55,1,9,"Sharp, Will",1000370214,Right,CAR_EAG,"Sharp, Will",1000370214,Right,CAR_EAG,Undefined,1,Top,0,0,0,Slider,Curveball,BallCalled,Undefined,Undefined,Undefined,0,0,NA,67.31078,1.999079,-4.333379,1915.489694,82.686615,08:45:00,5.26638,3.4848,5.44631,-62.02287,1.58209,-4.23713,1.97567,-0.93338,61.61747,-9.303076,-5.08371,0.574007,NA,NA,NA,NA,NA,NA,NA,NA,NA,NA,NA,0.81079,0.82661,-3.09817,50,5.40104,7.51869,-97.3302,1.6285,0.77076,16.55641,-31.38821,CAR_EAG,CAR_EAG,CarsonNewman,TeamExclusive,Team,20260217-CarsonNewman-Private-1,0c150ac0-0c3d-11f1-90c1-d3b8e9c17bb1,65.66552,NA,NA,5.69331,NA,NA,NA,NA,NA,NA,d42f9652-cdd7-4e85-a646-f9e5d84c90e5,2026-02-17,20:12:55,2026-02-17T20:12:55Z,2026-02-17T20:12:55Z,NA,v3,CNE,CNE,NA,NA,NA,Undefined,CAR_EAG,3b8d4d4c-d2de-49cb-866d-9ca140fd4079,55.05396,-98.18614,8.27821,5.27491,3.25123,-15.6941,-3.48585,7.47885,0.38538,NA,NA,NA,NA,NA,NA,NA,NA,NA,NA,NA,NA,NA,NA,NA,NA,NA,NA,NA,NA,NA,NA,NA,NA,NA,NA,NA,NA,NA,NA,NA,NA,NA,NA,NA,NA,NA,NA,NA,NA,NA,NA,NA,NA,NA,NA,NA,NA,NA,NA,High,High,High,NA,NA,NA,NA,NA,203.104451,80.550438,314.483757,0.164179,12:45:00,-0.996663,-0.029976,-0.07592,45.303409,0.829948,51.158503,-0.472412,132.757741,-0.598368,-40.325936,0.598368,-0.647135,0.472412,38.291113,-28.190948,0.647135,-0.647135,-132.757741,28.190948,0.472412,40.325936,-38.291113,-0.472412,0.647135,0.598368,-0.598368,NA,NA,NA,NA,NA,NA,NA,NA,NA,NA,NA,NA
NA,NA,NA,NA,NA,NA,NA,NA,NA,NA,NA,NA,NA,NA,NA,NA,10,2026-02-17,15:13:08,1,10,"Sharp, Will",1000370214,Right,CAR_EAG,"Sharp, Will",1000370214,Right,CAR_EAG,Undefined,1,Top,0,0,0,Cutter,Changeup,StrikeCalled,Undefined,Undefined,Undefined,0,0,NA,73.75012,0.951815,-3.553278,1931.679615,256.74939,02:30:00,5.50991,3.42277,5.80579,-46.75814,4.90296,13.86761,2.5004,1.26953,67.67233,-7.662127,-1.072552,0.517313,NA,NA,NA,NA,NA,NA,NA,NA,NA,NA,NA,-8.04934,2.74378,-3.13904,50,5.56036,6.14887,-106.94995,0.3988,-9.32267,18.45295,-28.99624,CAR_EAG,CAR_EAG,CarsonNewman,TeamExclusive,Team,20260217-CarsonNewman-Private-1,13dc7770-0c3d-11f1-90c1-d3b8e9c17bb1,72.86198,NA,NA,6.07779,NA,NA,NA,NA,NA,NA,d42f9652-cdd7-4e85-a646-f9e5d84c90e5,2026-02-17,20:13:08,2026-02-17T20:13:08Z,2026-02-17T20:13:08Z,NA,v3,CNE,CNE,NA,NA,NA,Undefined,CAR_EAG,a5c5b6ad-345c-4935-9f3e-44b895beb4ea,54.69547,-107.75705,9.22648,5.51518,1.66704,-14.49812,-3.4169,6.55662,-4.66133,NA,NA,NA,NA,NA,NA,NA,NA,NA,NA,NA,NA,NA,NA,NA,NA,NA,NA,NA,NA,NA,NA,NA,NA,NA,NA,NA,NA,NA,NA,NA,NA,NA,NA,NA,NA,NA,NA,NA,NA,NA,NA,NA,NA,NA,NA,NA,NA,NA,NA,High,High,High,NA,NA,NA,NA,NA,238.141348,47.412799,1307.189849,0.676712,02:00:00,-0.766398,-0.562457,-0.310283,-4.051942,21.368606,85.821922,-0.75795,134.951612,-0.460865,-27.493225,0.460865,-0.461644,0.75795,58.6987,-49.283844,0.461644,-0.461644,-134.951612,49.283844,0.75795,27.493225,-58.6987,-0.75795,0.461644,0.460865,-0.460865,NA,NA,NA,NA,NA,NA,NA,NA,NA,NA,NA,NA
NA,NA,NA,NA,NA,NA,NA,NA,NA,NA,NA,NA,NA,NA,NA,NA,11,2026-02-17,15:13:20,1,11,"Sharp, Will",1000370214,Right,CAR_EAG,"Sharp, Will",1000370214,Right,CAR_EAG,Undefined,1,Top,0,0,0,Fastball,Changeup,BallCalled,Undefined,Undefined,Undefined,0,0,NA,74.49834,0.440912,-4.662334,2026.363698,245.014702,02:15:00,5.50411,3.47285,5.94155,-45.47876,4.72835,6.9417,2.1246,-0.28326,68.83187,-7.921104,-3.420782,0.509981,NA,NA,NA,NA,NA,NA,NA,NA,NA,NA,NA,-4.78701,2.76417,-3.10432,50,5.51361,8.56606,-107.97766,-0.49066,-5.68533,17.75054,-28.89117,CAR_EAG,CAR_EAG,CarsonNewman,TeamExclusive,Team,20260217-CarsonNewman-Private-1,1aee4fc0-0c3d-11f1-90c1-d3b8e9c17bb1,73.90948,NA,NA,5.66647,NA,NA,NA,NA,NA,NA,d42f9652-cdd7-4e85-a646-f9e5d84c90e5,2026-02-17,20:13:20,2026-02-17T20:13:20Z,2026-02-17T20:13:20Z,NA,v3,CNE,CNE,NA,NA,NA,Undefined,CAR_EAG,de5f6f56-6e79-422a-9653-66e47915389a,54.56041,-108.72476,8.87527,5.50867,0.72534,-14.44558,-3.4699,8.80535,-2.84266,NA,NA,NA,NA,NA,NA,NA,NA,NA,NA,NA,NA,NA,NA,NA,NA,NA,NA,NA,NA,NA,NA,NA,NA,NA,NA,NA,NA,NA,NA,NA,NA,NA,NA,NA,NA,NA,NA,NA,NA,NA,NA,NA,NA,NA,NA,NA,NA,NA,NA,High,High,High,NA,NA,NA,NA,NA,236.071611,43.948545,1458.907604,0.719963,01:45:00,-0.728941,-0.592021,-0.343739,69.229264,39.539598,-41.037673,-0.095087,137.559549,-0.734635,-42.203504,0.734635,-0.671766,0.095087,7.375061,-5.456346,0.671766,-0.671766,-137.559549,5.456346,0.095087,42.203504,-7.375061,-0.095087,0.671766,0.734635,-0.734635,NA,NA,NA,NA,NA,NA,NA,NA,NA,NA,NA,NA
NA,NA,NA,NA,NA,NA,NA,NA,NA,NA,NA,NA,NA,NA,NA,NA,12,2026-02-17,15:13:36,1,12,"Sharp, Will",1000370214,Right,CAR_EAG,"Sharp, Will",1000370214,Right,CAR_EAG,Undefined,1,Top,0,0,0,Slider,Slider,StrikeCalled,Undefined,Undefined,Undefined,0,0,NA,67.7269,2.957267,-3.195768,2051.500425,121.547004,10:00:00,5.20214,3.4336,5.47342,-57.33562,4.99394,-4.91953,3.19843,0.02987,62.04127,-7.538669,-4.068351,0.568223,NA,NA,NA,NA,NA,NA,NA,NA,NA,NA,NA,1.55957,2.27886,-3.14901,50,5.42374,5.64121,-98.03405,3.43781,1.51398,15.85639,-29.96179,CAR_EAG,CAR_EAG,CarsonNewman,TeamExclusive,Team,20260217-CarsonNewman-Private-1,24d82740-0c3d-11f1-90c1-d3b8e9c17bb1,66.33394,NA,NA,5.68562,NA,NA,NA,NA,NA,NA,d42f9652-cdd7-4e85-a646-f9e5d84c90e5,2026-02-17,20:13:36,2026-02-17T20:13:36Z,2026-02-17T20:13:36Z,NA,v3,CNE,CNE,NA,NA,NA,Undefined,CAR_EAG,524ed09c-9b63-4ee1-9eae-89c6df7116fc,55.02644,-98.8437,7.92819,5.20914,4.9677,-14.9809,-3.43509,5.5639,0.75699,NA,NA,NA,NA,NA,NA,NA,NA,NA,NA,NA,NA,NA,NA,NA,NA,NA,NA,NA,NA,NA,NA,NA,NA,NA,NA,NA,NA,NA,NA,NA,NA,NA,NA,NA,NA,NA,NA,NA,NA,NA,NA,NA,NA,NA,NA,NA,NA,NA,NA,High,High,High,NA,NA,NA,NA,NA,185.475644,79.17921,385.144043,0.187738,12:15:00,-0.990727,0.032783,-0.131855,30.274464,14.030677,48.582946,-0.518867,137.270892,-0.627951,-35.453877,0.627951,-0.580047,0.518867,39.566424,-31.25626,0.580047,-0.580047,-137.270892,31.25626,0.518867,35.453877,-39.566424,-0.518867,0.580047,0.627951,-0.627951,NA,NA,NA,NA,NA,NA,NA,NA,NA,NA,NA,NA
NA,NA,NA,NA,NA,NA,NA,NA,NA,NA,NA,NA,NA,NA,NA,NA,13,2026-02-17,15:13:52,1,13,"Sharp, Will",1000370214,Right,CAR_EAG,"Sharp, Will",1000370214,Right,CAR_EAG,Undefined,1,Top,0,0,1,Slider,Curveball,BallCalled,Undefined,Undefined,Undefined,0,0,NA,68.23966,2.674938,-4.205003,2060.009898,112.323892,09:45:00,5.39054,3.50058,5.30598,-57.88464,3.31748,-3.88142,3.08652,-0.7774,63.25369,-7.823681,-4.890022,0.56306,NA,NA,NA,NA,NA,NA,NA,NA,NA,NA,NA,0.88469,1.53465,-3.11514,50,5.59206,7.39771,-98.79563,2.91294,0.88262,14.34909,-30.64295,CAR_EAG,CAR_EAG,CarsonNewman,TeamExclusive,Team,20260217-CarsonNewman-Private-1,2e1013e0-0c3d-11f1-90c1-d3b8e9c17bb1,66.94215,NA,NA,4.98597,NA,NA,NA,NA,NA,NA,d42f9652-cdd7-4e85-a646-f9e5d84c90e5,2026-02-17,20:13:52,2026-02-17T20:13:52Z,2026-02-17T20:13:52Z,NA,v3,CNE,CNE,NA,NA,NA,Undefined,CAR_EAG,2c35cb08-8290-4f84-8312-241707055b15,55.19574,-99.5474,7.17454,5.39739,4.51836,-15.32148,-3.5015,7.35146,0.44131,NA,NA,NA,NA,NA,NA,NA,NA,NA,NA,NA,NA,NA,NA,NA,NA,NA,NA,NA,NA,NA,NA,NA,NA,NA,NA,NA,NA,NA,NA,NA,NA,NA,NA,NA,NA,NA,NA,NA,NA,NA,NA,NA,NA,NA,NA,NA,NA,NA,NA,High,High,High,NA,NA,NA,NA,NA,193.810218,79.336392,381.189317,0.185042,12:30:00,-0.994249,0.001741,-0.107078,51.091043,-8.705088,52.035473,-0.482411,134.99924,-0.619378,-38.271948,0.619378,-0.619395,0.482411,37.913735,-28.843009,0.619395,-0.619395,-134.99924,28.843009,0.482411,38.271948,-37.913735,-0.482411,0.619395,0.619378,-0.619378,NA,NA,NA,NA,NA,NA,NA,NA,NA,NA,NA,NA
NA,NA,NA,NA,NA,NA,NA,NA,NA,NA,NA,NA,NA,NA,NA,NA,14,2026-02-17,15:14:03,1,14,"Sharp, Will",1000370214,Right,CAR_EAG,"Sharp, Will",1000370214,Right,CAR_EAG,Undefined,1,Top,0,0,1,Fastball,Changeup,StrikeCalled,Undefined,Undefined,Undefined,0,0,NA,74.04442,0.731778,-4.597126,2078.971005,208.473247,01:00:00,5.38219,3.4497,5.76692,-42.0003,9.59032,4.29689,2.56546,-0.47998,67.76267,-7.02286,-3.831878,0.51696,NA,NA,NA,NA,NA,NA,NA,NA,NA,NA,NA,-3.48874,5.19174,-3.07102,50,5.41763,8.46306,-107.17116,0.14985,-4.04944,18.86656,-26.14787,CAR_EAG,CAR_EAG,CarsonNewman,TeamExclusive,Team,20260217-CarsonNewman-Private-1,348c62f0-0c3d-11f1-90c1-d3b8e9c17bb1,72.91176,NA,NA,6.28175,NA,NA,NA,NA,NA,NA,d42f9652-cdd7-4e85-a646-f9e5d84c90e5,2026-02-17,20:14:03,2026-02-17T20:14:03Z,2026-02-17T20:14:03Z,NA,v3,CNE,CNE,NA,NA,NA,Undefined,CAR_EAG,56890ba9-a88a-42bc-8384-bf5434b963cc,54.73219,-108.001,9.43328,5.38575,1.29997,-13.07394,-3.44719,8.64117,-2.02472,NA,NA,NA,NA,NA,NA,NA,NA,NA,NA,NA,NA,NA,NA,NA,NA,NA,NA,NA,NA,NA,NA,NA,NA,NA,NA,NA,NA,NA,NA,NA,NA,NA,NA,NA,NA,NA,NA,NA,NA,NA,NA,NA,NA,NA,NA,NA,NA,NA,NA,High,High,High,NA,NA,NA,NA,NA,236.605785,50.097504,1333.624658,0.641483,02:00:00,-0.799723,-0.525735,-0.289906,-95.89175,-22.833065,-22.131174,-0.137189,141.800673,-0.778434,-37.774265,0.778434,-0.612552,0.137189,9.995043,-7.885243,0.612552,-0.612552,-141.800673,7.885243,0.137189,37.774265,-9.995043,-0.137189,0.612552,0.778434,-0.778434,NA,NA,NA,NA,NA,NA,NA,NA,NA,NA,NA,NA
NA,NA,NA,NA,NA,NA,NA,NA,NA,NA,NA,NA,NA,NA,NA,NA,15,2026-02-17,15:16:21,1,15,"Smith, Bryce",10170454,Left,CAR_EAG,"Sharp, Will",1000370214,Right,CAR_EAG,Undefined,1,Top,0,0,1,Slider,Curveball,StrikeCalled,Undefined,Undefined,Undefined,0,0,NA,68.32411,2.191244,-2.958958,2023.101591,87.972828,09:00:00,5.40027,3.60697,5.38992,-59.80956,1.79327,-6.67331,2.4737,0.27502,62.53561,-8.719603,-4.142611,0.5649,NA,NA,NA,NA,NA,NA,NA,NA,NA,NA,NA,2.45268,0.88803,-3.33757,50,5.5546,5.34664,-98.93489,2.02882,2.41342,16.84715,-31.30022,CAR_EAG,CAR_EAG,CarsonNewman,TeamExclusive,Team,20260217-CarsonNewman-Private-1,8703af20-0c3d-11f1-90c1-d3b8e9c17bb1,66.72406,NA,NA,5.7885,NA,NA,NA,NA,NA,NA,d42f9652-cdd7-4e85-a646-f9e5d84c90e5,2026-02-17,20:16:21,2026-02-17T20:16:21Z,2026-02-17T20:16:21Z,NA,v3,CNE,CNE,NA,NA,NA,Undefined,CAR_EAG,1caa6b9e-4581-431b-8808-b31d9a4d981c,55.11001,-99.80125,8.42358,5.40888,3.63843,-15.65011,-3.60932,5.22253,1.20671,NA,NA,NA,NA,NA,NA,NA,NA,NA,NA,NA,NA,NA,NA,NA,NA,NA,NA,NA,NA,NA,NA,NA,NA,NA,NA,NA,NA,NA,NA,NA,NA,NA,NA,NA,NA,NA,NA,NA,NA,NA,NA,NA,NA,NA,NA,NA,NA,NA,NA,High,High,High,NA,NA,NA,NA,NA,190.718845,80.8748,320.848417,0.158592,12:15:00,-0.99447700000000006,0.008276,-0.104629,56.296213,-7.593656,48.784554,-0.402764,134.106621,-0.637048,-41.088969,0.637048,-0.65723,0.402764,32.302519,-23.751084,0.65723,-0.65723,-134.106621,23.751084,0.402764,41.088969,-32.302519,-0.402764,0.65723,0.637048,-0.637048,NA,NA,NA,NA,NA,NA,NA,NA,NA,NA,NA,NA
NA,NA,NA,NA,NA,NA,NA,NA,NA,NA,NA,NA,NA,NA,NA,NA,16,2026-02-17,15:16:36,1,16,"Smith, Bryce",10170454,Left,CAR_EAG,"Sharp, Will",1000370214,Right,CAR_EAG,Undefined,1,Top,0,0,2,Slider,Curveball,StrikeCalled,Strikeout,Undefined,Undefined,0,0,NA,68.92692,1.616061,-3.048331,1941.093263,99.798913,09:15:00,5.27512,3.51594,5.61293,-56.57535,2.63697,-5.35233,2.07146,0.22195,63.92388,-8.70385,-4.001901,0.553831,NA,NA,NA,NA,NA,NA,NA,NA,NA,NA,NA,1.92032,1.4491,-3.25168,50,5.37678,5.50516,-100.01193,1.20306,1.95701,15.19541,-30.69724,CAR_EAG,CAR_EAG,CarsonNewman,TeamExclusive,Team,20260217-CarsonNewman-Private-1,8f9e9870-0c3d-11f1-90c1-d3b8e9c17bb1,68.05762,NA,NA,5.00304,NA,NA,NA,NA,NA,NA,d42f9652-cdd7-4e85-a646-f9e5d84c90e5,2026-02-17,20:16:36,2026-02-17T20:16:36Z,2026-02-17T20:16:36Z,NA,v3,CNE,CNE,NA,NA,NA,Undefined,CAR_EAG,45c9a4ed-c6e8-4ab4-a9b9-1436b7498636,54.88906,-100.75201,7.59771,5.28178,2.69816,-15.34862,-3.51749,5.40985,0.97851,NA,NA,NA,NA,NA,NA,NA,NA,NA,NA,NA,NA,NA,NA,NA,NA,NA,NA,NA,NA,NA,NA,NA,NA,NA,NA,NA,NA,NA,NA,NA,NA,NA,NA,NA,NA,NA,NA,NA,NA,NA,NA,NA,NA,NA,NA,NA,NA,NA,NA,High,High,High,NA,NA,NA,NA,NA,177.590116,80.909047,306.696905,0.158002,12:00:00,-0.993857,0.034489,-0.10516,47.12464,0.069614,44.681927,-0.414834,131.444107,-0.602251,-43.004865,0.602251,-0.68206,0.414834,34.559302,-24.508867,0.68206,-0.68206,-131.444107,24.508867,0.414834,43.004865,-34.559302,-0.414834,0.68206,0.602251,-0.602251,NA,NA,NA,NA,NA,NA,NA,NA,NA,NA,NA,NA
NA,NA,NA,NA,NA,NA,NA,NA,NA,NA,NA,NA,NA,NA,NA,NA,17,2026-02-17,15:16:54,2,1,"Smith, Bryce",10170454,Left,CAR_EAG,"Sharp, Will",1000370214,Right,CAR_EAG,Undefined,1,Top,1,0,0,Slider,Changeup,BallCalled,Undefined,Undefined,Undefined,0,0,NA,75.41558,-0.148491,-6.445574,2089.733324,219.240181,01:15:00,5.45175,3.43667,6.12201,-40.41715,9.03477,6.0367,1.9455,-2.04449,68.93411,-7.636781,-5.368812,0.506131,NA,NA,NA,NA,NA,NA,NA,NA,NA,NA,NA,-4.98075,5.22319,-2.94407,50,5.41949,12.08726,-108.86641,-1.4135,-5.95151,19.88924,-25.93284,CAR_EAG,CAR_EAG,CarsonNewman,TeamExclusive,Team,20260217-CarsonNewman-Private-1,9a69f650-0c3d-11f1-90c1-d3b8e9c17bb1,74.47171,NA,NA,6.48147,NA,NA,NA,NA,NA,NA,d42f9652-cdd7-4e85-a646-f9e5d84c90e5,2026-02-17,20:16:54,2026-02-17T20:16:54Z,2026-02-17T20:16:54Z,NA,v3,CNE,CNE,NA,NA,NA,Undefined,CAR_EAG,39bcc671-f750-4c04-88ef-d37fed348574,54.37694,-109.66314,9.94462,5.4553,-0.37469,-12.96642,-3.43304,12.32567,-2.97575,NA,NA,NA,NA,NA,NA,NA,NA,NA,NA,NA,NA,NA,NA,NA,NA,NA,NA,NA,NA,NA,NA,NA,NA,NA,NA,NA,NA,NA,NA,NA,NA,NA,NA,NA,NA,NA,NA,NA,NA,NA,NA,NA,NA,NA,NA,NA,NA,NA,NA,High,High,High,NA,NA,NA,NA,NA,233.980708,48.996138,1371.094725,0.65611,01:45:00,-0.791839,-0.532628,-0.298828,-96.110673,-25.561403,-19.461833,-0.105273,139.780839,-0.759337,-39.950466,0.759337,-0.642125,0.105273,7.893054,-6.042891,0.642125,-0.642125,-139.780839,6.042891,0.105273,39.950466,-7.893054,-0.105273,0.642125,0.759337,-0.759337,NA,NA,NA,NA,NA,NA,NA,NA,NA,NA,NA,NA
NA,NA,NA,NA,NA,NA,NA,NA,NA,NA,NA,NA,NA,NA,NA,NA,18,2026-02-17,15:17:09,2,2,"Smith, Bryce",10170454,Left,CAR_EAG,"Sharp, Will",1000370214,Right,CAR_EAG,Undefined,1,Top,1,1,0,Fastball,Changeup,BallCalled,Undefined,Undefined,Undefined,0,0,NA,76.74404,-0.380964,-5.4892,2071.958253,244.31179,02:15:00,5.43781,3.24109,6.06076,-40.1527,7.06717,11.71284,1.73751,-0.87909,70.79324,-7.791346,-3.393108,0.494577,NA,NA,NA,NA,NA,NA,NA,NA,NA,NA,NA,-7.46016,4.19528,-2.81978,50,5.3866,10.2621,-111.10283,-1.91197,-9.38054,18.79077,-26.89884,CAR_EAG,CAR_EAG,CarsonNewman,TeamExclusive,Team,20260217-CarsonNewman-Private-1,a3e3f500-0c3d-11f1-90c1-d3b8e9c17bb1,76.21147,NA,NA,5.95081,NA,NA,NA,NA,NA,NA,d42f9652-cdd7-4e85-a646-f9e5d84c90e5,2026-02-17,20:17:09,2026-02-17T20:17:09Z,2026-02-17T20:17:09Z,NA,v3,CNE,CNE,NA,NA,NA,Undefined,CAR_EAG,f355c01f-05d9-4520-b4b7-363874a4d33f,54.44072,-111.85137,9.39539,5.44142,-0.84044,-13.44942,-3.23601,10.63577,-4.69027,NA,NA,NA,NA,NA,NA,NA,NA,NA,NA,NA,NA,NA,NA,NA,NA,NA,NA,NA,NA,NA,NA,NA,NA,NA,NA,NA,NA,NA,NA,NA,NA,NA,NA,NA,NA,NA,NA,NA,NA,NA,NA,NA,NA,NA,NA,NA,NA,NA,NA,High,High,High,NA,NA,NA,NA,NA,234.802502,48.270306,1379.131083,0.665617,01:45:00,-0.775955,-0.54887300000000006,-0.310859,-105.031032,-28.871039,-13.209018,-0.153455,134.728832,-0.695417,-44.590153,0.695417,-0.702031,0.153455,12.443813,-8.827195,0.702031,-0.702031,-134.728832,8.827195,0.153455,44.590153,-12.443813,-0.153455,0.702031,0.695417,-0.695417,NA,NA,NA,NA,NA,NA,NA,NA,NA,NA,NA,NA
NA,NA,NA,NA,NA,NA,NA,NA,NA,NA,NA,NA,NA,NA,NA,NA,19,2026-02-17,15:17:31,2,3,"Smith, Bryce",10170454,Left,CAR_EAG,"Sharp, Will",1000370214,Right,CAR_EAG,Undefined,1,Top,1,2,0,Slider,Curveball,StrikeSwinging,Undefined,Undefined,Undefined,1,0,NA,70.98475,1.421998,-4.093425,2166.680851,97.301362,09:15:00,5.23177,3.41128,5.74867,-54.08908,2.50162,-4.48288,2.05191,-0.77985,64.74435,-8.514352,-4.892233,0.541432,57.5134,-30.576543,-50.824213,NA,NA,NA,NA,5.74891,5.74891,-22.195028,0.051766,1.01886,1.31272,-3.06775,50,5.31702,7.50366,-102.74793,1.01511,1.07588,18.96462,-30.78784,CAR_EAG,CAR_EAG,CarsonNewman,TeamExclusive,Team,20260217-CarsonNewman-Private-1,b0968970-0c3d-11f1-90c1-d3b8e9c17bb1,69.61621,2.23197,NA,6.24041,NA,NA,NA,2.93663,2.23197,0.75671,d42f9652-cdd7-4e85-a646-f9e5d84c90e5,2026-02-17,20:17:31,2026-02-17T20:17:31Z,2026-02-17T20:17:31Z,GroundBall,v3,CNE,CNE,NA,NA,NA,Undefined,CAR_EAG,d4f828f2-427d-4a35-b456-592ad1f994e9,54.75272,-103.62145,9.48231,5.23761,2.43321,-15.39392,-3.41223,7.45411,0.53794,180,2.93478,46.09827,NA,NA,NA,NA,NA,NA,NA,2.2337,-43.11682,NA,NA,NA,NA,NA,NA,NA,0.75898,-56.57085,NA,NA,NA,NA,NA,NA,NA,NA,NA,NA,NA,NA,NA,NA,NA,NA,NA,NA,NA,NA,NA,NA,NA,NA,NA,NA,NA,NA,NA,High,High,High,High,High,NA,NA,NA,192.613257,82.284968,290.868597,0.134246,12:30:00,-0.998193,-0.004715,-0.059905,27.440447,19.091006,57.923173,-0.641653,140.773169,-0.594152,-29.015214,0.594152,-0.485042,0.641653,47.201205,-39.915162,0.485042,-0.485042,-140.773169,39.915162,0.641653,29.015214,-47.201205,-0.641653,0.485042,0.594152,-0.594152,NA,NA,NA,NA,NA,NA,NA,NA,NA,NA,NA,NA
NA,NA,NA,NA,NA,NA,NA,NA,NA,NA,NA,NA,NA,NA,NA,NA,20,2026-02-17,15:17:57,2,4,"Smith, Bryce",10170454,Left,CAR_EAG,"Sharp, Will",1000370214,Right,CAR_EAG,Undefined,1,Top,2,2,1,Fastball,Changeup,BallCalled,Undefined,Undefined,Undefined,0,0,NA,75.79602,-0.486891,-3.302467,2026.326887,218.918631,01:15:00,5.53465,3.26752,6.04238,-33.35462,15.76556,11.2882,2.30353,1.14708,68.54243,-6.763221,-1.274405,0.50443,NA,NA,NA,NA,NA,NA,NA,NA,NA,NA,NA,-6.82307,8.78945,-3.01562,50,5.47888,5.92611,-109.79062,-1.83327,-8.21106,21.98936,-21.59663,CAR_EAG,CAR_EAG,CarsonNewman,TeamExclusive,Team,20260217-CarsonNewman-Private-1,c011b3c0-0c3d-11f1-90c1-d3b8e9c17bb1,74.72278,NA,NA,7.25359,NA,NA,NA,NA,NA,NA,d42f9652-cdd7-4e85-a646-f9e5d84c90e5,2026-02-17,20:17:57,2026-02-17T20:17:57Z,2026-02-17T20:17:57Z,NA,v3,CNE,CNE,NA,NA,NA,Undefined,CAR_EAG,9c021563-91cc-42b8-adac-fb40767adc88,54.4546,-110.67922,10.99468,5.53533,-0.96055,-10.79832,-3.2618,6.25792,-4.10553,NA,NA,NA,NA,NA,NA,NA,NA,NA,NA,NA,NA,NA,NA,NA,NA,NA,NA,NA,NA,NA,NA,NA,NA,NA,NA,NA,NA,NA,NA,NA,NA,NA,NA,NA,NA,NA,NA,NA,NA,NA,NA,NA,NA,NA,NA,NA,NA,NA,NA,High,High,High,NA,NA,NA,NA,NA,231.553855,50.022819,1301.879495,0.642482,01:45:00,-0.783744,-0.509681,-0.354922,-14.939781,19.672093,75.856559,-0.759681,125.976413,-0.382018,-31.75298,0.382018,-0.526258,0.759681,63.303702,-49.436046,0.526258,-0.526258,-125.976413,49.436046,0.759681,31.75298,-63.303702,-0.759681,0.526258,0.382018,-0.382018,NA,NA,NA,NA,NA,NA,NA,NA,NA,NA,NA,NA
NA,NA,NA,NA,NA,NA,NA,NA,NA,NA,NA,NA,NA,NA,NA,NA,21,2026-02-17,15:18:14,2,5,"Smith, Bryce",10170454,Left,CAR_EAG,"Sharp, Will",1000370214,Right,CAR_EAG,Undefined,1,Top,2,2,1,Fastball,Changeup,BallCalled,Undefined,Undefined,Undefined,0,0,NA,75.60408,0.502155,-3.092265,2020.864043,234.1729,01:45:00,5.45354,3.22336,5.80316,-41.3442,8.88575,9.62308,2.47593,1.14647,67.85015,-7.205209,-1.370471,0.510097,NA,NA,NA,NA,NA,NA,NA,NA,NA,NA,NA,-5.91331,4.95323,-2.9747,50,5.47084,5.54421,-109.39051,-0.26308,-7.00389,23.34639,-26.3073,CAR_EAG,CAR_EAG,CarsonNewman,TeamExclusive,Team,20260217-CarsonNewman-Private-1,ca69b660-0c3d-11f1-90c1-d3b8e9c17bb1,73.89269,NA,NA,7.75393,NA,NA,NA,NA,NA,NA,d42f9652-cdd7-4e85-a646-f9e5d84c90e5,2026-02-17,20:18:14,2026-02-17T20:18:14Z,2026-02-17T20:18:14Z,NA,v3,CNE,CNE,NA,NA,NA,Undefined,CAR_EAG,7ef940f6-5b1b-4903-a102-63bee7cb3e2c,54.69223,-110.38739,11.6732,5.45809,0.86024,-13.15365,-3.21782,5.84327,-3.50195,NA,NA,NA,NA,NA,NA,NA,NA,NA,NA,NA,NA,NA,NA,NA,NA,NA,NA,NA,NA,NA,NA,NA,NA,NA,NA,NA,NA,NA,NA,NA,NA,NA,NA,NA,NA,NA,NA,NA,NA,NA,NA,NA,NA,NA,NA,NA,NA,NA,NA,High,High,High,NA,NA,NA,NA,NA,228.436678,55.776984,1136.565412,0.562416,01:30:00,-0.84943,-0.413549,-0.327789,0.40618,6.684624,85.919558,-0.815206,131.843856,-0.386366,-25.56039,0.386366,-0.431462,0.815206,64.641425,-54.60777,0.431462,-0.431462,-131.843856,54.60777,0.815206,25.56039,-64.641425,-0.815206,0.431462,0.386366,-0.386366,NA,NA,NA,NA,NA,NA,NA,NA,NA,NA,NA,NA
NA,NA,NA,NA,NA,NA,NA,NA,NA,NA,NA,NA,NA,NA,NA,NA,22,2026-02-17,15:18:34,2,6,"Smith, Bryce",10170454,Left,CAR_EAG,"Sharp, Will",1000370214,Right,CAR_EAG,Undefined,1,Top,2,3,1,Slider,Curveball,BallCalled,Walk,Undefined,Undefined,0,0,NA,69.46412,1.029988,-1.829417,2026.09777,88.226547,09:00:00,5.3053,3.33052,5.35402,-58.04846,1.82221,-8.5820900000000009,1.43455,0.89893,63.37709,-9.559808,-3.355027,0.556902,NA,NA,NA,NA,NA,NA,NA,NA,NA,NA,NA,3.70492,1.24752,-3.15961,50,5.35708,3.52174,-100.65407,0.06174,3.74977,18.38621,-30.91141,CAR_EAG,CAR_EAG,CarsonNewman,TeamExclusive,Team,20260217-CarsonNewman-Private-1,d6417b30-0c3d-11f1-90c1-d3b8e9c17bb1,67.68239,NA,NA,6.08703,NA,NA,NA,NA,NA,NA,d42f9652-cdd7-4e85-a646-f9e5d84c90e5,2026-02-17,20:18:34,2026-02-17T20:18:34Z,2026-02-17T20:18:34Z,NA,v3,CNE,CNE,NA,NA,NA,Undefined,CAR_EAG,09a0c475-ca1b-4f02-be67-27b373b2e963,55.14509,-101.58956,9.19311,5.31393,1.63452,-15.45571,-3.33395,3.33095,1.87489,NA,NA,NA,NA,NA,NA,NA,NA,NA,NA,NA,NA,NA,NA,NA,NA,NA,NA,NA,NA,NA,NA,NA,NA,NA,NA,NA,NA,NA,NA,NA,NA,NA,NA,NA,NA,NA,NA,NA,NA,NA,NA,NA,NA,NA,NA,NA,NA,NA,NA,High,High,High,NA,NA,NA,NA,NA,147.014315,82.334691,270.25339,0.133386,11:00:00,-0.992666,0.090423,-0.080236,56.135025,-15.003977,39.281509,-0.477629,126.339418,-0.520607,-45.048049,0.520607,-0.7077,0.477629,42.534736,-28.530685,0.7077,-0.7077,-126.339418,28.530685,0.477629,45.048049,-42.534736,-0.477629,0.7077,0.520607,-0.520607,NA,NA,NA,NA,NA,NA,NA,NA,NA,NA,NA,NA
NA,NA,NA,NA,NA,NA,NA,NA,NA,NA,NA,NA,NA,NA,NA,NA,23,2026-02-17,15:18:50,3,1,"Smith, Bryce",10170454,Left,CAR_EAG,"Sharp, Will",1000370214,Right,CAR_EAG,Undefined,1,Top,2,0,0,Slider,Slider,BallCalled,Undefined,Undefined,Undefined,0,0,NA,70.1477,1.621804,-1.81666,2054.132919,131.394237,10:30:00,5.17262,3.511,5.26069,-51.11156,8.87729,-7.31607,2.43824,1.19394,62.62402,-7.817377,-3.11297,0.557451,NA,NA,NA,NA,NA,NA,NA,NA,NA,NA,NA,2.95477,4.55788,-3.33899,50,5.28461,3.48768,-101.35608,1.34674,2.98052,21.24279,-27.57642,CAR_EAG,CAR_EAG,CarsonNewman,TeamExclusive,Team,20260217-CarsonNewman-Private-1,dfb1dcf0-0c3d-11f1-90c1-d3b8e9c17bb1,67.6157,NA,NA,7.52368,NA,NA,NA,NA,NA,NA,d42f9652-cdd7-4e85-a646-f9e5d84c90e5,2026-02-17,20:18:50,2026-02-17T20:18:50Z,2026-02-17T20:18:50Z,NA,v3,CNE,CNE,NA,NA,NA,Undefined,CAR_EAG,c43caf2c-d14f-4cf0-902e-5966c47a85fd,55.23336,-102.44704,10.62139,5.17908,2.76298,-13.78821,-3.51418,3.33461,1.49026,NA,NA,NA,NA,NA,NA,NA,NA,NA,NA,NA,NA,NA,NA,NA,NA,NA,NA,NA,NA,NA,NA,NA,NA,NA,NA,NA,NA,NA,NA,NA,NA,NA,NA,NA,NA,NA,NA,NA,NA,NA,NA,NA,NA,NA,NA,NA,NA,NA,NA,High,High,High,NA,NA,NA,NA,NA,167.252542,81.890596,289.763653,0.141064,11:30:00,-0.992588,0.059133,-0.106174,51.634833,-20.96017,44.055553,-0.565635,126.174262,-0.486747,-41.734756,0.486747,-0.665683,0.565635,49.286932,-34.446398,0.665683,-0.665683,-126.174262,34.446398,0.565635,41.734756,-49.286932,-0.565635,0.665683,0.486747,-0.486747,NA,NA,NA,NA,NA,NA,NA,NA,NA,NA,NA,NA
NA,NA,NA,NA,NA,NA,NA,NA,NA,NA,NA,NA,NA,NA,NA,NA,24,2026-02-17,15:19:19,3,2,"Smith, Bryce",10170454,Left,CAR_EAG,"Sharp, Will",1000370214,Right,CAR_EAG,Undefined,1,Top,2,1,0,Fastball,Changeup,StrikeSwinging,Undefined,Undefined,Undefined,1,0,NA,77.634,-0.268569,-5.404427,2210.038945,235.516851,01:45:00,5.60088,3.19254,6.06773,-35.97931,10.5926,13.14442,2.35295,-0.7285,70.79035,-6.968479,-3.052205,0.491172,77.54244,32.579432,14.817039,3964.286148,103.72789,55.45513,36.61313,252.84025,252.84025,25.009266,4.165029,-8.40941,5.97642,-2.7796,50,5.5607,10.16226,-112.31248,-1.55279,-10.68695,21.30469,-24.57903,CAR_EAG,CAR_EAG,CarsonNewman,TeamExclusive,Team,20260217-CarsonNewman-Private-1,f0cad8c0-0c3d-11f1-90c1-d3b8e9c17bb1,76.73983,60.13855,NA,6.84365,NA,NA,NA,2.13777,2.55035,0.71688,d42f9652-cdd7-4e85-a646-f9e5d84c90e5,2026-02-17,20:19:19,2026-02-17T20:19:19Z,2026-02-17T20:19:19Z,FlyBall,v3,CNE,CNE,NA,NA,NA,Undefined,CAR_EAG,18836ab8-1619-4175-9396-3e8b26ee047d,54.43378,-113.1504,10.65235,5.60276,-0.58609,-12.28951,-3.18755,10.58258,-5.34347,213.120044,2.13801,92.64347,-18.57686,4.20416,-0.84938,0.18685,-0.04579,0.00781,-5.5e-4,2.55118,61.21351,-17.74697,0.75005,0.18963,-0.18482,0.06577,-0.01062,6.4e-4,0.71666,24.51184,1.90176,-0.90302,0.2097,-0.03763,0.00742,-0.00117,8e-5,NA,NA,NA,NA,NA,NA,NA,NA,NA,NA,NA,NA,NA,NA,NA,NA,NA,NA,NA,NA,NA,NA,High,High,High,High,High,NA,NA,NA,230.236532,45.131011,1559.156151,0.705488,01:45:00,-0.745533,-0.545619,-0.382727,-90.785501,-16.303818,-26.42362,-0.259276,147.772761,-0.817011,-31.00027,0.817011,-0.515042,0.259276,17.606677,-15.02711,0.515042,-0.515042,-147.772761,15.02711,0.259276,31.00027,-17.606677,-0.259276,0.515042,0.817011,-0.817011,NA,NA,NA,NA,NA,NA,NA,NA,NA,NA,NA,NA
NA,NA,NA,NA,NA,NA,NA,NA,NA,NA,NA,NA,NA,NA,NA,NA,25,2026-02-17,15:19:42,3,3,"Smith, Bryce",10170454,Left,CAR_EAG,"Sharp, Will",1000370214,Right,CAR_EAG,Undefined,1,Top,0,0,0,Slider,Slider,StrikeCalled,Undefined,Undefined,Undefined,0,0,NA,71.35274,0.707603,-3.72521,2029.887656,168.111744,11:30:00,5.27323,3.34914,5.71586,-53.16436,2.51693,-0.14764,1.50349,-0.13843,65.48842,-9.032315,-3.751555,0.537064,NA,NA,NA,NA,NA,NA,NA,NA,NA,NA,NA,-1.02039,1.61429,-3.03699,50,5.2997,6.73663,-103.38888,-0.26986,-1.09844,18.11327,-30.43625,CAR_EAG,CAR_EAG,CarsonNewman,TeamExclusive,Team,20260217-CarsonNewman-Private-1,fe86c6e0-0c3d-11f1-90c1-d3b8e9c17bb1,70.18238,NA,NA,5.86432,NA,NA,NA,NA,NA,NA,d42f9652-cdd7-4e85-a646-f9e5d84c90e5,2026-02-17,20:19:42,2026-02-17T20:19:42Z,2026-02-17T20:19:42Z,NA,v3,CNE,CNE,NA,NA,NA,Undefined,CAR_EAG,5342aa7d-cf8a-412b-853a-16252267b354,54.78483,-104.22379,9.05664,5.2798,1.13306,-15.21812,-3.34867,6.78726,-0.54922,NA,NA,NA,NA,NA,NA,NA,NA,NA,NA,NA,NA,NA,NA,NA,NA,NA,NA,NA,NA,NA,NA,NA,NA,NA,NA,NA,NA,NA,NA,NA,NA,NA,NA,NA,NA,NA,NA,NA,NA,NA,NA,NA,NA,NA,NA,NA,NA,NA,NA,High,High,High,NA,NA,NA,NA,NA,214.249665,76.604844,470.255262,0.231666,01:15:00,-0.984714,-0.118358,-0.127785,34.776336,4.347874,49.930432,-0.452307,126.969861,-0.536361,-45.443202,0.536361,-0.712555,0.452307,40.140499,-26.891774,0.712555,-0.712555,-126.969861,26.891774,0.452307,45.443202,-40.140499,-0.452307,0.712555,0.536361,-0.536361,NA,NA,NA,NA,NA,NA,NA,NA,NA,NA,NA,NA
NA,NA,NA,NA,NA,NA,NA,NA,NA,NA,NA,NA,NA,NA,NA,NA,26,2026-02-17,15:19:56,3,4,"Smith, Bryce",10170454,Left,CAR_EAG,"Sharp, Will",1000370214,Right,CAR_EAG,Undefined,1,Top,0,0,1,Fastball,Changeup,StrikeCalled,Undefined,Undefined,Undefined,0,0,NA,75.93163,0.114023,-5.084164,2037.884228,234.334886,01:45:00,5.3687,3.202,5.89083,-38.61089,9.73012,11.57898,2.25742,-0.56635,70.1522,-7.00779,-3.017519,0.500414,NA,NA,NA,NA,NA,NA,NA,NA,NA,NA,NA,-7.17827,5.41217,-2.7977,50,5.35567,9.36843,-109.99153,-0.91377,-8.87929,17.73345,-25.47936,CAR_EAG,CAR_EAG,CarsonNewman,TeamExclusive,Team,20260217-CarsonNewman-Private-1,06ffa940-0c3e-11f1-90c1-d3b8e9c17bb1,75.32256,NA,NA,5.77943,NA,NA,NA,NA,NA,NA,d42f9652-cdd7-4e85-a646-f9e5d84c90e5,2026-02-17,20:19:56,2026-02-17T20:19:56Z,2026-02-17T20:19:56Z,NA,v3,CNE,CNE,NA,NA,NA,Undefined,CAR_EAG,cde79731-80f8-4a4b-afb5-5947ca2f0f04,54.61007,-110.73229,8.86673,5.3716,0.15056,-12.73968,-3.19679,9.73933,-4.43965,NA,NA,NA,NA,NA,NA,NA,NA,NA,NA,NA,NA,NA,NA,NA,NA,NA,NA,NA,NA,NA,NA,NA,NA,NA,NA,NA,NA,NA,NA,NA,NA,NA,NA,NA,NA,NA,NA,NA,NA,NA,NA,NA,NA,NA,NA,NA,NA,NA,NA,High,High,High,NA,NA,NA,NA,NA,232.454071,48.157022,1359.455191,0.667091,01:45:00,-0.779117,-0.52743,-0.338812,3.015954,8.342613,77.346503,-0.620838,126.645493,-0.467903,-38.97553,0.467903,-0.628988,0.620838,52.995982,-38.377366,0.628988,-0.628988,-126.645493,38.377366,0.620838,38.97553,-52.995982,-0.620838,0.628988,0.467903,-0.467903,NA,NA,NA,NA,NA,NA,NA,NA,NA,NA,NA,NA
NA,NA,NA,NA,NA,NA,NA,NA,NA,NA,NA,NA,NA,NA,NA,NA,27,2026-02-17,15:20:11,3,5,"Smith, Bryce",10170454,Left,CAR_EAG,"Sharp, Will",1000370214,Right,CAR_EAG,Undefined,1,Top,0,0,2,Fastball,Changeup,FoulBallNotFieldable,Undefined,Undefined,Undefined,0,0,NA,76.43369,-0.535295,-4.220455,2155.907464,217.158668,01:15:00,5.39959,3.35372,5.82813,-38.55656,8.92119,5.77351,1.68755,-0.09574,71.15043,-7.610555,-3.189144,0.495926,NA,NA,NA,NA,NA,NA,NA,NA,NA,NA,NA,-3.96862,5.08646,-3.01183,50,5.33263,7.98053,-110.90949,-2.19134,-5.0152,17.13376,-25.74624,CAR_EAG,CAR_EAG,CarsonNewman,TeamExclusive,Team,20260217-CarsonNewman-Private-1,10409690-0c3e-11f1-90c1-d3b8e9c17bb1,76.00423,NA,NA,5.28326,NA,NA,NA,NA,NA,NA,d42f9652-cdd7-4e85-a646-f9e5d84c90e5,2026-02-17,20:20:11,2026-02-17T20:20:11Z,2026-02-17T20:20:11Z,NA,v3,CNE,CNE,NA,NA,NA,Undefined,CAR_EAG,b6b920bb-0445-44aa-a501-2ee752056297,54.67446,-111.62929,8.56688,5.40197,-1.10973,-12.87312,-3.35152,8.19122,-2.5076,NA,NA,NA,NA,NA,NA,NA,NA,NA,NA,NA,NA,NA,NA,NA,NA,NA,NA,NA,NA,NA,NA,NA,NA,NA,NA,NA,NA,NA,NA,NA,NA,NA,NA,NA,NA,NA,NA,NA,NA,NA,NA,NA,NA,NA,NA,NA,NA,NA,NA,High,High,High,NA,NA,NA,NA,NA,231.899508,53.308523,1288.167369,0.597506,01:45:00,-0.822408,-0.477666,-0.309,-95.533895,-17.043247,-16.980091,-0.172199,133.949249,-0.683654,-45.169889,0.683654,-0.7092,0.172199,14.137563,-9.915671,0.7092,-0.7092,-133.949249,9.915671,0.172199,45.169889,-14.137563,-0.172199,0.7092,0.683654,-0.683654,NA,NA,NA,NA,NA,NA,NA,NA,NA,NA,NA,NA
NA,NA,NA,NA,NA,NA,NA,NA,NA,NA,NA,NA,NA,NA,NA,NA,28,2026-02-17,15:20:32,3,6,"Smith, Bryce",10170454,Left,CAR_EAG,"Sharp, Will",1000370214,Right,CAR_EAG,Undefined,1,Top,0,0,2,Slider,Slider,BallCalled,Undefined,Undefined,Undefined,0,0,NA,72.00548,0.889229,-6.117094,2235.97666,169.446034,11:45:00,5.0908,3.41171,5.7522,-48.36837,5.88575,-0.81012,1.89275,-2.37229,66.82862,-7.935579,-6.260603,0.530137,NA,NA,NA,NA,NA,NA,NA,NA,NA,NA,NA,-1.12697,3.27453,-2.90144,50,5.13548,11.18323,-104.09,0.22418,-1.24823,15.90766,-28.54713,CAR_EAG,CAR_EAG,CarsonNewman,TeamExclusive,Team,20260217-CarsonNewman-Private-1,1c723b30-0c3e-11f1-90c1-d3b8e9c17bb1,71.09949,NA,NA,5.17686,NA,NA,NA,NA,NA,NA,d42f9652-cdd7-4e85-a646-f9e5d84c90e5,2026-02-17,20:20:32,2026-02-17T20:20:32Z,2026-02-17T20:20:32Z,NA,v3,CNE,CNE,NA,NA,NA,Undefined,CAR_EAG,87e5f64f-4f68-4ffe-bdbe-998b86aae159,54.74897,-104.81325,7.95383,5.09578,1.5221,-14.27357,-3.41119,11.23998,-0.62412,NA,NA,NA,NA,NA,NA,NA,NA,NA,NA,NA,NA,NA,NA,NA,NA,NA,NA,NA,NA,NA,NA,NA,NA,NA,NA,NA,NA,NA,NA,NA,NA,NA,NA,NA,NA,NA,NA,NA,NA,NA,NA,NA,NA,NA,NA,NA,NA,NA,NA,High,High,High,NA,NA,NA,NA,NA,210.16212,76.180087,534.109894,0.238871,01:00:00,-0.989266,-0.104936,-0.101692,29.300963,11.152912,55.479665,-0.548987,132.593003,-0.565679,-37.975306,0.565679,-0.615322,0.548987,44.142077,-33.297541,0.615322,-0.615322,-132.593003,33.297541,0.548987,37.975306,-44.142077,-0.548987,0.615322,0.565679,-0.565679,NA,NA,NA,NA,NA,NA,NA,NA,NA,NA,NA,NA
NA,NA,NA,NA,NA,NA,NA,NA,NA,NA,NA,NA,NA,NA,NA,NA,29,2026-02-17,15:20:48,3,7,"Smith, Bryce",10170454,Left,CAR_EAG,"Sharp, Will",1000370214,Right,CAR_EAG,Undefined,1,Top,0,1,2,Fastball,Changeup,BallCalled,Undefined,Undefined,Undefined,0,0,NA,75.62363,2.092785,-2.983899,2164.855558,216.025865,01:15:00,5.31468,3.4095,5.8697,-37.94892,11.1319,6.96461,4.09977,1.21561,69.00323,-4.970141,-1.737872,0.504228,NA,NA,NA,NA,NA,NA,NA,NA,NA,NA,NA,-4.36213,5.59469,-3.17159,50,5.46258,5.45672,-109.61257,2.91264,-5.30494,19.44857,-25.37012,CAR_EAG,CAR_EAG,CarsonNewman,TeamExclusive,Team,20260217-CarsonNewman-Private-1,262bdaf0-0c3e-11f1-90c1-d3b8e9c17bb1,74.75271,NA,NA,6.6204,NA,NA,NA,NA,NA,NA,d42f9652-cdd7-4e85-a646-f9e5d84c90e5,2026-02-17,20:20:48,2026-02-17T20:20:48Z,2026-02-17T20:20:48Z,NA,v3,CNE,CNE,NA,NA,NA,Undefined,CAR_EAG,417f0573-ffc6-4c30-bd58-de3ed3bc868a,54.62849,-110.43075,9.72429,5.3176,3.97993,-12.68506,-3.40584,5.6799,-2.65247,NA,NA,NA,NA,NA,NA,NA,NA,NA,NA,NA,NA,NA,NA,NA,NA,NA,NA,NA,NA,NA,NA,NA,NA,NA,NA,NA,NA,NA,NA,NA,NA,NA,NA,NA,NA,NA,NA,NA,NA,NA,NA,NA,NA,NA,NA,NA,NA,NA,NA,High,High,High,NA,NA,NA,NA,NA,231.753554,55.746668,1218.495423,0.562853,01:45:00,-0.859144,-0.411561,-0.304121,1.961931,14.557604,69.479512,-0.644024,129.728888,-0.488958,-36.039904,0.488958,-0.588349,0.644024,52.793386,-40.092505,0.588349,-0.588349,-129.728888,40.092505,0.644024,36.039904,-52.793386,-0.644024,0.588349,0.488958,-0.488958,NA,NA,NA,NA,NA,NA,NA,NA,NA,NA,NA,NA
NA,NA,NA,NA,NA,NA,NA,NA,NA,NA,NA,NA,NA,NA,NA,NA,30,2026-02-17,15:21:04,3,8,"Smith, Bryce",10170454,Left,CAR_EAG,"Sharp, Will",1000370214,Right,CAR_EAG,Undefined,1,Top,0,2,2,Slider,Slider,FoulBallNotFieldable,Undefined,Undefined,Undefined,0,0,NA,71.93683,1.55935,-2.778393,2117.842468,130.695055,10:15:00,5.48589,3.37921,5.71535,-50.56074,4.13634,-2.74851,2.72725,0.55978000000000006,65.84232,-7.741425,-3.269114,0.532296,NA,NA,NA,NA,NA,NA,NA,NA,NA,NA,NA,0.58614,2.16484,-3.14484,50,5.58524,5.15719,-104.29923,1.36773,0.64239,18.3744,-29.80151,CAR_EAG,CAR_EAG,CarsonNewman,TeamExclusive,Team,20260217-CarsonNewman-Private-1,2f88b4b0-0c3e-11f1-90c1-d3b8e9c17bb1,70.811,NA,NA,6.09451,NA,NA,NA,NA,NA,NA,d42f9652-cdd7-4e85-a646-f9e5d84c90e5,2026-02-17,20:21:04,2026-02-17T20:21:04Z,2026-02-17T20:21:04Z,NA,v3,CNE,CNE,NA,NA,NA,Undefined,CAR_EAG,0b275294-c2df-4560-ae38-40b7296a8ce6,54.78518,-105.13886,9.1872,5.49163,2.72952,-14.90076,-3.37983,5.12783,0.3212,NA,NA,NA,NA,NA,NA,NA,NA,NA,NA,NA,NA,NA,NA,NA,NA,NA,NA,NA,NA,NA,NA,NA,NA,NA,NA,NA,NA,NA,NA,NA,NA,NA,NA,NA,NA,NA,NA,NA,NA,NA,NA,NA,NA,NA,NA,NA,NA,NA,NA,High,High,High,NA,NA,NA,NA,NA,190.865821,79.25484,394.852758,0.186441,12:15:00,-0.990778,-0.008398,-0.135231,39.990359,1.961422,50.542756,-0.481261,133.94438,-0.608309,-39.134845,0.608309,-0.631148,0.481261,38.349136,-28.767814,0.631148,-0.631148,-133.94438,28.767814,0.481261,39.134845,-38.349136,-0.481261,0.631148,0.608309,-0.608309,NA,NA,NA,NA,NA,NA,NA,NA,NA,NA,NA,NA
NA,NA,NA,NA,NA,NA,NA,NA,NA,NA,NA,NA,NA,NA,NA,NA,31,2026-02-17,15:21:27,3,9,"Smith, Bryce",10170454,Left,CAR_EAG,"Sharp, Will",1000370214,Right,CAR_EAG,Undefined,1,Top,0,2,2,Slider,Slider,FoulBallNotFieldable,Undefined,Undefined,Undefined,0,0,NA,71.93628,1.264556,-3.523411,2122.555862,126.696196,10:15:00,5.42401,3.46745,5.43527,-51.93637,3.51906,-2.26158,2.28266,-0.02481,65.78719,-8.227255,-3.924683,0.535974,NA,NA,NA,NA,NA,NA,NA,NA,NA,NA,NA,0.09146,1.88866,-3.15342,50,5.50019,6.49505,-104.1793,0.72781,0.09981,18.67171,-30.11323,CAR_EAG,CAR_EAG,CarsonNewman,TeamExclusive,Team,20260217-CarsonNewman-Private-1,3d1ecb50-0c3e-11f1-90c1-d3b8e9c17bb1,70.32518,NA,NA,6.14909,NA,NA,NA,NA,NA,NA,d42f9652-cdd7-4e85-a646-f9e5d84c90e5,2026-02-17,20:21:27,2026-02-17T20:21:27Z,2026-02-17T20:21:27Z,NA,v3,CNE,CNE,NA,NA,NA,Undefined,CAR_EAG,da96d869-bc95-4639-bec9-f71917545629,55.06573,-105.0833,9.33585,5.42966,2.18575,-15.05661,-3.46776,6.49022,0.0499,NA,NA,NA,NA,NA,NA,NA,NA,NA,NA,NA,NA,NA,NA,NA,NA,NA,NA,NA,NA,NA,NA,NA,NA,NA,NA,NA,NA,NA,NA,NA,NA,NA,NA,NA,NA,NA,NA,NA,NA,NA,NA,NA,NA,NA,NA,NA,NA,NA,NA,High,High,High,NA,NA,NA,NA,NA,186.316595,80.206821,361.030173,0.170092,12:15:00,-0.994128,0.003038,-0.108169,63.042505,-18.630103,45.883873,-0.429459,130.330215,-0.58447,-43.507324,0.58447,-0.688447,0.429459,36.30782,-25.433223,0.688447,-0.688447,-130.330215,25.433223,0.429459,43.507324,-36.30782,-0.429459,0.688447,0.58447,-0.58447,NA,NA,NA,NA,NA,NA,NA,NA,NA,NA,NA,NA
NA,NA,NA,NA,NA,NA,NA,NA,NA,NA,NA,NA,NA,NA,NA,NA,32,2026-02-17,15:21:46,3,10,"Smith, Bryce",10170454,Left,CAR_EAG,"Sharp, Will",1000370214,Right,CAR_EAG,Undefined,1,Top,0,2,2,Fastball,Changeup,FoulBallNotFieldable,Undefined,Undefined,Undefined,0,0,NA,75.64722,0.363876,-3.312229,2154.925177,218.972518,01:15:00,5.44876,3.20652,6.03763,-37.1364,11.67194,8.15099,2.69157,0.81531,69.10287,-6.562137,-1.848438,0.502827,NA,NA,NA,NA,NA,NA,NA,NA,NA,NA,NA,-5.1774,6.36563,-2.95224,50,5.4571,6.06739,-109.7242,-0.33673,-6.28664,20.13864,-24.4446,CAR_EAG,CAR_EAG,CarsonNewman,TeamExclusive,Team,20260217-CarsonNewman-Private-1,48e81130-0c3e-11f1-90c1-d3b8e9c17bb1,74.96107,NA,NA,6.54434,NA,NA,NA,NA,NA,NA,d42f9652-cdd7-4e85-a646-f9e5d84c90e5,2026-02-17,20:21:46,2026-02-17T20:21:46Z,2026-02-17T20:21:46Z,NA,v3,CNE,CNE,NA,NA,NA,Undefined,CAR_EAG,4549581a-8d6a-43ff-aaf1-a18398d40bd1,54.46296,-110.54029,10.06932,5.45067,0.65386,-12.2223,-3.20327,6.32215,-3.14332,NA,NA,NA,NA,NA,NA,NA,NA,NA,NA,NA,NA,NA,NA,NA,NA,NA,NA,NA,NA,NA,NA,NA,NA,NA,NA,NA,NA,NA,NA,NA,NA,NA,NA,NA,NA,NA,NA,NA,NA,NA,NA,NA,NA,NA,NA,NA,NA,NA,NA,High,High,High,NA,NA,NA,NA,NA,229.717357,53.12412,1293.135112,0.600084,01:45:00,-0.823904,-0.452693,-0.340956,-2.034605,10.728066,71.380442,-0.652359,125.571364,-0.440889,-38.059368,0.440889,-0.616478,0.652359,55.947694,-40.719704,0.616478,-0.616478,-125.571364,40.719704,0.652359,38.059368,-55.947694,-0.652359,0.616478,0.440889,-0.440889,NA,NA,NA,NA,NA,NA,NA,NA,NA,NA,NA,NA
NA,NA,NA,NA,NA,NA,NA,NA,NA,NA,NA,NA,NA,NA,NA,NA,33,2026-02-17,15:22:10,3,11,"Smith, Bryce",10170454,Left,CAR_EAG,"Sharp, Will",1000370214,Right,CAR_EAG,Undefined,1,Top,0,2,2,Slider,Slider,StrikeSwinging,Strikeout,Undefined,Undefined,0,0,NA,71.7267,0.719153,-2.817064,2121.432823,159.682975,11:15:00,5.3369,3.47731,5.8219900000000004,-49.30144,5.10819,-1.27673,1.89792,0.74967,66.18389,-8.3399,-3.045619,0.530896,55.83112,-12.500498,-31.205901,NA,NA,NA,NA,9.84526,9.2036,-30.459057,0.102787,-0.11504,2.88709,-3.24591,50,5.36638,5.16598,-104.11358,-0.09615,-0.12648,17.22003,-29.0001,CAR_EAG,CAR_EAG,CarsonNewman,TeamExclusive,Team,20260217-CarsonNewman-Private-1,57162210-0c3e-11f1-90c1-d3b8e9c17bb1,70.9978,1.82907,NA,5.54282,NA,NA,NA,1.43014,1.82907,-0.71629,d42f9652-cdd7-4e85-a646-f9e5d84c90e5,2026-02-17,20:22:10,2026-02-17T20:22:10Z,2026-02-17T20:22:10Z,GroundBall,v3,CNE,CNE,NA,NA,NA,Undefined,CAR_EAG,5625e1bd-a58b-4ab9-a54c-81d1be747c77,54.67972,-104.88473,8.61001,5.34161,1.20254,-14.50005,-3.47738,5.17165,-0.06324,180,1.42562,68.65076,NA,NA,NA,NA,NA,NA,NA,1.83025,-17.79486,NA,NA,NA,NA,NA,NA,NA,-0.71355,-41.58604,NA,NA,NA,NA,NA,NA,NA,NA,NA,NA,NA,NA,NA,NA,NA,NA,NA,NA,NA,NA,NA,NA,NA,NA,NA,NA,NA,NA,NA,High,High,High,High,High,NA,NA,NA,215.689002,73.526778,601.56875,0.283567,01:15:00,-0.971111,-0.15338,-0.182805,19.030964,16.152118,52.919103,-0.52312,132.39914,-0.574671,-39.003211,0.574671,-0.629364,0.52312,42.311424,-31.541756,0.629364,-0.629364,-132.39914,31.541756,0.52312,39.003211,-42.311424,-0.52312,0.629364,0.574671,-0.574671,NA,NA,NA,NA,NA,NA,NA,NA,NA,NA,NA,NA
NA,NA,NA,NA,NA,NA,NA,NA,NA,NA,NA,NA,NA,NA,NA,NA,34,2026-02-17,15:22:37,4,1,"Smith, Bryce",10170454,Left,CAR_EAG,"Sharp, Will",1000370214,Right,CAR_EAG,Undefined,1,Top,1,0,0,Slider,Curveball,StrikeCalled,Undefined,Undefined,Undefined,0,0,NA,68.79378,1.277801,-2.213831,2157.516407,88.294354,09:00:00,5.22031,3.44009,5.31272,-58.94417,1.62933,-9.70532,1.50877,0.55231,63.37583,-9.430492,-3.936303,0.560161,NA,NA,NA,NA,NA,NA,NA,NA,NA,NA,NA,4.21158,1.06614,-3.232,50,5.29381,4.19811,-99.76042,0.4551,4.23077,16.52458,-31.10303,CAR_EAG,CAR_EAG,CarsonNewman,TeamExclusive,Team,20260217-CarsonNewman-Private-1,67682460-0c3e-11f1-90c1-d3b8e9c17bb1,67.2886,NA,NA,5.41795,NA,NA,NA,NA,NA,NA,d42f9652-cdd7-4e85-a646-f9e5d84c90e5,2026-02-17,20:22:37,2026-02-17T20:22:37Z,2026-02-17T20:22:37Z,NA,v3,CNE,CNE,NA,NA,NA,Undefined,CAR_EAG,7725f71d-1671-4919-91b5-0b88ea8d9ffe,55.18808,-100.61612,8.26229,5.22854,2.06572,-15.55152,-3.44372,3.97903,2.11538,NA,NA,NA,NA,NA,NA,NA,NA,NA,NA,NA,NA,NA,NA,NA,NA,NA,NA,NA,NA,NA,NA,NA,NA,NA,NA,NA,NA,NA,NA,NA,NA,NA,NA,NA,NA,NA,NA,NA,NA,NA,NA,NA,NA,NA,NA,NA,NA,NA,NA,High,High,High,NA,NA,NA,NA,NA,160.633055,82.160966,294.264747,0.136391,11:15:00,-0.993632,0.06731,-0.090357,54.394978,-9.957274,43.901113,-0.451166,130.874461,-0.584016,-42.439744,0.584016,-0.674814,0.451166,37.686881,-26.818489,0.674814,-0.674814,-130.874461,26.818489,0.451166,42.439744,-37.686881,-0.451166,0.674814,0.584016,-0.584016,NA,NA,NA,NA,NA,NA,NA,NA,NA,NA,NA,NA
NA,NA,NA,NA,NA,NA,NA,NA,NA,NA,NA,NA,NA,NA,NA,NA,35,2026-02-17,15:23:13,4,2,"Smith, Bryce",10170454,Left,CAR_EAG,"Sharp, Will",1000370214,Right,CAR_EAG,Undefined,1,Top,1,0,1,Fastball,Changeup,BallCalled,Undefined,Undefined,Undefined,0,0,NA,74.79243,1.677776,-3.322644,2041.940722,225.317113,01:30:00,5.45042,3.37966,5.8349,-37.22789,13.89828,12.123,3.91068,1.298,67.10917,-5.312636,-1.155182,0.514627,NA,NA,NA,NA,NA,NA,NA,NA,NA,NA,NA,-7.20445,7.09634,-3.11514,50,5.56613,5.82561,-108.18511,2.13058,-8.38351,22.06664,-23.91633,CAR_EAG,CAR_EAG,CarsonNewman,TeamExclusive,Team,20260217-CarsonNewman-Private-1,7c380db0-0c3e-11f1-90c1-d3b8e9c17bb1,73.24218,NA,NA,7.68326,NA,NA,NA,NA,NA,NA,d42f9652-cdd7-4e85-a646-f9e5d84c90e5,2026-02-17,20:23:13,2026-02-17T20:23:13Z,2026-02-17T20:23:13Z,NA,v3,CNE,CNE,NA,NA,NA,Undefined,CAR_EAG,859d629d-bcb6-4aa3-931e-9570f41a8bcc,54.66021,-109.13152,11.03332,5.45275,3.15632,-11.95817,-3.3727,6.18517,-4.19176,NA,NA,NA,NA,NA,NA,NA,NA,NA,NA,NA,NA,NA,NA,NA,NA,NA,NA,NA,NA,NA,NA,NA,NA,NA,NA,NA,NA,NA,NA,NA,NA,NA,NA,NA,NA,NA,NA,NA,NA,NA,NA,NA,NA,NA,NA,NA,NA,NA,NA,High,High,High,NA,NA,NA,NA,NA,231.712325,51.283548,1277.165963,0.625467,01:45:00,-0.815417,-0.46788,-0.340858,4.915917,0.4515,79.251818,-0.681597,123.679667,-0.405779,-37.51056,0.405779,-0.608908,0.681597,59.233181,-42.968598,0.608908,-0.608908,-123.679667,42.968598,0.681597,37.51056,-59.233181,-0.681597,0.608908,0.405779,-0.405779,NA,NA,NA,NA,NA,NA,NA,NA,NA,NA,NA,NA
NA,NA,NA,NA,NA,NA,NA,NA,NA,NA,NA,NA,NA,NA,NA,NA,36,2026-02-17,15:23:31,4,3,"Smith, Bryce",10170454,Left,CAR_EAG,"Sharp, Will",1000370214,Right,CAR_EAG,Undefined,1,Top,1,1,1,Slider,Slider,BallCalled,Undefined,Undefined,Undefined,0,0,NA,69.616,2.215752,-1.084199,2112.908806,147.640604,11:00:00,5.30448,3.40312,5.55684,-51.43381,8.73331,-4.00087,3.09006,2.05655,62.10188,-7.345893,-1.797326,0.558279,NA,NA,NA,NA,NA,NA,NA,NA,NA,NA,NA,1.60059,4.33866,-3.30678,50,5.46323,2.04949,-100.64481,2.43159,1.59359,20.79637,-27.85437,CAR_EAG,CAR_EAG,CarsonNewman,TeamExclusive,Team,20260217-CarsonNewman-Private-1,876eb080-0c3e-11f1-90c1-d3b8e9c17bb1,67.51547,NA,NA,7.51412,NA,NA,NA,NA,NA,NA,d42f9652-cdd7-4e85-a646-f9e5d84c90e5,2026-02-17,20:23:31,2026-02-17T20:23:31Z,2026-02-17T20:23:31Z,NA,v3,CNE,CNE,NA,NA,NA,Undefined,CAR_EAG,a496f468-36b2-4f88-8a20-e7b7969a530b,54.93675,-101.65978,10.39819,5.31138,3.79103,-13.92719,-3.40491,1.97172,0.7968,NA,NA,NA,NA,NA,NA,NA,NA,NA,NA,NA,NA,NA,NA,NA,NA,NA,NA,NA,NA,NA,NA,NA,NA,NA,NA,NA,NA,NA,NA,NA,NA,NA,NA,NA,NA,NA,NA,NA,NA,NA,NA,NA,NA,NA,NA,NA,NA,NA,NA,High,High,High,NA,NA,NA,NA,NA,178.803575,80.217498,359.001268,0.169909,12:00:00,-0.987624,0.041645,-0.151211,26.638258,5.096912,47.018893,-0.577744,129.794783,-0.522412,-38.839007,0.522412,-0.627134,0.577744,47.879276,-35.29205,0.627134,-0.627134,-129.794783,35.29205,0.577744,38.839007,-47.879276,-0.577744,0.627134,0.522412,-0.522412,NA,NA,NA,NA,NA,NA,NA,NA,NA,NA,NA,NA
NA,NA,NA,NA,NA,NA,NA,NA,NA,NA,NA,NA,NA,NA,NA,NA,37,2026-02-17,15:23:49,4,4,"Smith, Bryce",10170454,Left,CAR_EAG,"Sharp, Will",1000370214,Right,CAR_EAG,Undefined,1,Top,1,2,1,Fastball,Changeup,InPlay,Undefined,FlyBall,Out,1,0,NA,75.17622,0.848843,-3.390562,2102.438986,249.871153,02:15:00,5.51479,3.13996,6.14417,-43.22904,6.72926,13.28363,2.69823,1.10999,67.72939,-7.234511,-0.998911,0.508716,71.87173,35.553684,17.200232,NA,104.24488,58.66346,35.11403,248.20999,248.20999,21.524566,4.194053,-8.02843,3.69799,-2.88823,50,5.55747,5.99216,-108.90393,0.41229,-9.44996,22.67334,-27.82127,CAR_EAG,CAR_EAG,CarsonNewman,TeamExclusive,Team,20260217-CarsonNewman-Private-1,91d3f990-0c3e-11f1-90c1-d3b8e9c17bb1,74.09331,61.79871,NA,7.44682,NA,NA,NA,2.51552,2.95657,-1.07941,d42f9652-cdd7-4e85-a646-f9e5d84c90e5,2026-02-17,20:23:49,2026-02-17T20:23:49Z,2026-02-17T20:23:49Z,FlyBall,v3,CNE,CNE,NA,NA,NA,Undefined,CAR_EAG,d7c67767-4c17-420c-bfe0-206e67c5cd44,54.35553,-109.80699,11.33667,5.51899,1.52038,-13.91064,-3.13439,6.36854,-4.72498,198.455455,2.51598,81.91515,-13.66034,3.12812,-0.61077,0.12344,-0.02723,0.00441,-3.1e-4,2.95719,61.27241,-17.39141,0.7197,0.20211,-0.19252,0.06595,-0.01054,6.5e-4,-1.07932,25.3581,-1.28726,0.14076,0.00874,-0.00559,-2.9e-4,3.2e-4,-3e-5,NA,NA,NA,NA,NA,NA,NA,NA,NA,NA,NA,NA,NA,NA,NA,NA,NA,NA,NA,NA,NA,NA,High,High,High,High,High,NA,NA,NA,225.427676,54.311803,1226.508055,0.583374,01:30:00,-0.841053,-0.403497,-0.360306,-12.620346,21.726809,65.663912,-0.716504,130.54403,-0.453451,-32.012066,0.453451,-0.530098,0.716504,57.67166,-45.766606,0.530098,-0.530098,-130.54403,45.766606,0.716504,32.012066,-57.67166,-0.716504,0.530098,0.453451,-0.453451,NA,NA,NA,NA,NA,NA,NA,NA,NA,NA,NA,NA
NA,NA,NA,NA,NA,NA,NA,NA,NA,NA,NA,NA,NA,NA,NA,NA,38,2026-02-17,15:24:17,5,1,"Smith, Bryce",10170454,Left,CAR_EAG,"Sharp, Will",1000370214,Right,CAR_EAG,Undefined,1,Top,2,0,0,Slider,Slider,BallCalled,Undefined,Undefined,Undefined,0,0,NA,69.95834,1.270384,-2.826295,2041.979629,185.651913,12:15:00,5.19194,3.49394,5.33273,-52.84719,5.74847,0.38154,1.98163,0.87173,64.18161,-8.37654,-2.758633,0.55094,NA,NA,NA,NA,NA,NA,NA,NA,NA,NA,NA,-0.99776,3.12571,-3.23868,50,5.26918,4.99071,-101.36961,0.65891,-1.03549,16.97647,-28.93017,CAR_EAG,CAR_EAG,CarsonNewman,TeamExclusive,Team,20260217-CarsonNewman-Private-1,a2d72370-0c3e-11f1-90c1-d3b8e9c17bb1,68.41481,NA,NA,5.77672,NA,NA,NA,NA,NA,NA,d42f9652-cdd7-4e85-a646-f9e5d84c90e5,2026-02-17,20:24:17,2026-02-17T20:24:17Z,2026-02-17T20:24:17Z,NA,v3,CNE,CNE,NA,NA,NA,Undefined,CAR_EAG,d884b671-aac8-4c74-9df3-935faabe6b0d,55.16623,-102.23114,8.48824,5.19849,2.12708,-14.46509,-3.49329,5.04325,-0.51775,NA,NA,NA,NA,NA,NA,NA,NA,NA,NA,NA,NA,NA,NA,NA,NA,NA,NA,NA,NA,NA,NA,NA,NA,NA,NA,NA,NA,NA,NA,NA,NA,NA,NA,NA,NA,NA,NA,NA,NA,NA,NA,NA,NA,NA,NA,NA,NA,NA,NA,High,High,High,NA,NA,NA,NA,NA,213.199493,78.169165,418.652428,0.205023,01:00:00,-0.988271,-0.090534,-0.122977,47.049007,-15.811674,49.500416,-0.527187,122.417921,-0.455543,-45.834048,0.455543,-0.717325,0.527187,49.169647,-31.815567,0.717325,-0.717325,-122.417921,31.815567,0.527187,45.834048,-49.169647,-0.527187,0.717325,0.455543,-0.455543,NA,NA,NA,NA,NA,NA,NA,NA,NA,NA,NA,NA
NA,NA,NA,NA,NA,NA,NA,NA,NA,NA,NA,NA,NA,NA,NA,NA,39,2026-02-17,15:24:33,5,2,"Smith, Bryce",10170454,Left,CAR_EAG,"Sharp, Will",1000370214,Right,CAR_EAG,Undefined,1,Top,2,1,0,Fastball,Changeup,StrikeCalled,Undefined,Undefined,Undefined,0,0,NA,75.21124,0.365077,-3.671969,2083.058584,233.80248,01:45:00,5.31057,3.23368,6.15972,-42.24967,6.56201,6.95181,2.12774,0.41602,69.33923,-7.462402,-2.421,0.502844,NA,NA,NA,NA,NA,NA,NA,NA,NA,NA,NA,-4.55922,3.77441,-2.95798,50,5.31682,6.76479,-109.1475,-0.49539,-5.52384,18.42892,-27.60105,CAR_EAG,CAR_EAG,CarsonNewman,TeamExclusive,Team,20260217-CarsonNewman-Private-1,ac7ec1d0-0c3e-11f1-90c1-d3b8e9c17bb1,74.9585,NA,NA,5.87201,NA,NA,NA,NA,NA,NA,d42f9652-cdd7-4e85-a646-f9e5d84c90e5,2026-02-17,20:24:33,2026-02-17T20:24:33Z,2026-02-17T20:24:33Z,NA,v3,CNE,CNE,NA,NA,NA,Undefined,CAR_EAG,a32937ba-fdd5-49ea-b285-81e9eed69610,54.34097,-109.878,9.21446,5.31477,0.59868,-13.80053,-3.23047,6.98375,-2.76192,NA,NA,NA,NA,NA,NA,NA,NA,NA,NA,NA,NA,NA,NA,NA,NA,NA,NA,NA,NA,NA,NA,NA,NA,NA,NA,NA,NA,NA,NA,NA,NA,NA,NA,NA,NA,NA,NA,NA,NA,NA,NA,NA,NA,NA,NA,NA,NA,NA,NA,High,High,High,NA,NA,NA,NA,NA,233.928557,50.228006,1332.603596,0.639734,01:45:00,-0.794414,-0.512179,-0.326464,-24.528135,26.783549,55.099796,-0.610735,126.820708,-0.474557,-39.336666,0.474557,-0.633876,0.610735,52.151831,-37.642637,0.633876,-0.633876,-126.820708,37.642637,0.610735,39.336666,-52.151831,-0.610735,0.633876,0.474557,-0.474557,NA,NA,NA,NA,NA,NA,NA,NA,NA,NA,NA,NA
NA,NA,NA,NA,NA,NA,NA,NA,NA,NA,NA,NA,NA,NA,NA,NA,40,2026-02-17,15:24:49,5,3,"Smith, Bryce",10170454,Left,CAR_EAG,"Sharp, Will",1000370214,Right,CAR_EAG,Undefined,1,Top,2,1,1,Fastball,Changeup,StrikeCalled,Undefined,Undefined,Undefined,0,0,NA,77.29159,0.232956,-4.629882,2104.712537,272.636816,03:00:00,5.32805,3.36278,5.86244,-46.05369,1.05606,9.81823,1.70738,-0.12973,70.90972,-8.225095,-2.875051,0.494,NA,NA,NA,NA,NA,NA,NA,NA,NA,NA,NA,-6.31028,0.96244,-2.99215,50,5.32036,8.70186,-111.94845,-0.97919,-7.99566,20.50031,-30.95454,CAR_EAG,CAR_EAG,CarsonNewman,TeamExclusive,Team,20260217-CarsonNewman-Private-1,b59f55e0-0c3e-11f1-90c1-d3b8e9c17bb1,76.30052,NA,NA,6.38187,NA,NA,NA,NA,NA,NA,d42f9652-cdd7-4e85-a646-f9e5d84c90e5,2026-02-17,20:24:49,2026-02-17T20:24:49Z,2026-02-17T20:24:49Z,NA,v3,CNE,CNE,NA,NA,NA,Undefined,CAR_EAG,3679ea27-a605-424c-9dff-5e1106316e2d,54.63874,-112.79471,10.25015,5.33441,0.29862,-15.47727,-3.35818,9.03192,-3.99783,NA,NA,NA,NA,NA,NA,NA,NA,NA,NA,NA,NA,NA,NA,NA,NA,NA,NA,NA,NA,NA,NA,NA,NA,NA,NA,NA,NA,NA,NA,NA,NA,NA,NA,NA,NA,NA,NA,NA,NA,NA,NA,NA,NA,NA,NA,NA,NA,NA,NA,High,High,High,NA,NA,NA,NA,NA,231.394764,55.464757,1193.189015,0.566913,01:45:00,-0.85143,-0.439669,-0.285933,-111.948547,-28.72964,-20.102558,-0.207049,133.811092,-0.677282,-44.909501,0.677282,-0.705989,0.207049,16.998693,-11.949464,0.705989,-0.705989,-133.811092,11.949464,0.207049,44.909501,-16.998693,-0.207049,0.705989,0.677282,-0.677282,NA,NA,NA,NA,NA,NA,NA,NA,NA,NA,NA,NA
NA,NA,NA,NA,NA,NA,NA,NA,NA,NA,NA,NA,NA,NA,NA,NA,41,2026-02-17,15:25:08,5,4,"Smith, Bryce",10170454,Left,CAR_EAG,"Sharp, Will",1000370214,Right,CAR_EAG,Undefined,1,Top,2,1,2,Slider,Slider,StrikeCalled,Strikeout,Undefined,Undefined,1,0,NA,72.1215,1.291336,-4.107532,2169.23869,139.815282,10:45:00,5.28774,3.37322,5.88528,-51.02633,4.70772,-2.04721,2.23802,-0.61832,64.31613,-8.196861,-4.473332,0.537318,NA,NA,NA,NA,NA,NA,NA,NA,NA,NA,NA,-0.51358,2.67579,-3.0401,50,5.36409,7.55112,-104.11076,0.89264,-0.54521,22.81442,-29.3335,CAR_EAG,CAR_EAG,CarsonNewman,TeamExclusive,Team,20260217-CarsonNewman-Private-1,c0ed2a30-0c3e-11f1-90c1-d3b8e9c17bb1,70.14916,NA,NA,7.80537,NA,NA,NA,NA,NA,NA,d42f9652-cdd7-4e85-a646-f9e5d84c90e5,2026-02-17,20:25:08,2026-02-17T20:25:08Z,2026-02-17T20:25:08Z,NA,v3,CNE,CNE,NA,NA,NA,Undefined,CAR_EAG,b27469ea-fa18-4abd-bb8e-003ea71378ae,54.60796,-105.11568,11.40721,5.29632,2.18471,-14.66675,-3.37324,7.57514,-0.2726,NA,NA,NA,NA,NA,NA,NA,NA,NA,NA,NA,NA,NA,NA,NA,NA,NA,NA,NA,NA,NA,NA,NA,NA,NA,NA,NA,NA,NA,NA,NA,NA,NA,NA,NA,NA,NA,NA,NA,NA,NA,NA,NA,NA,NA,NA,NA,NA,NA,NA,High,High,High,NA,NA,NA,NA,NA,209.091029,78.261989,441.303176,0.203437,01:00:00,-0.991282,-0.076821,-0.107044,8.266975,24.340551,41.71103,-0.535038,126.806057,-0.506143,-42.565038,0.506143,-0.676427,0.535038,46.589664,-32.346502,0.676427,-0.676427,-126.806057,32.346502,0.535038,42.565038,-46.589664,-0.535038,0.676427,0.506143,-0.506143,NA,NA,NA,NA,NA,NA,NA,NA,NA,NA,NA,NA
NA,NA,NA,NA,NA,NA,NA,NA,NA,NA,NA,NA,NA,NA,NA,NA,42,2026-02-17,15:26:36,1,1,"Sharp, Will",1000370214,Right,CAR_EAG,"Smith, Bryce",10170454,Left,CAR_EAG,Undefined,1,Bottom,0,0,0,Fastball,Changeup,InPlay,Undefined,GroundBall,Out,1,0,NA,78.87828,-0.949751,2.789821,2096.327218,126.532717,10:15:00,5.89715,-2.99485,6.09198,-35.297110000000004,9.25552,-10.60945,2.07606,-1.29627,72.52067,-7.505181,0.87903,0.480406,61.09483,-6.106096,-6.856294,NA,NA,NA,NA,14.3605,13.97253,-1.188868,0.145806,6.29996,5.4363,2.78538,50,5.80503,-5.20767,-114.54047,-2.92848,8.3735,21.05882,-24.94847,CAR_EAG,CAR_EAG,CarsonNewman,TeamExclusive,Team,20260217-CarsonNewman-Private-1,f58a8e40-0c3e-11f1-90c1-d3b8e9c17bb1,78.45962,2.00192,NA,6.35761,NA,NA,NA,1.54012,2.00192,1.2134,d42f9652-cdd7-4e85-a646-f9e5d84c90e5,2026-02-17,20:26:36,2026-02-17T20:26:36Z,2026-02-17T20:26:36Z,GroundBall,v3,CNE,CNE,NA,NA,NA,Undefined,CAR_EAG,819a2454-95e1-4f47-90e9-acdc9107de4f,54.41035,-115.34848,10.52941,5.89903,-1.97122,-12.47424,2.99136,-5.52896,4.18675,353.927144,1.53973,88.49455,-3.99779,NA,NA,NA,NA,NA,NA,2.00203,-9.54214,-28.73326,NA,NA,NA,NA,NA,NA,1.21344,-10.64015,1.87966,NA,NA,NA,NA,NA,NA,NA,NA,NA,NA,NA,NA,NA,NA,NA,NA,NA,NA,NA,NA,NA,NA,NA,NA,NA,NA,NA,NA,High,High,High,High,High,NA,NA,NA,124.040236,-53.121578,1258.045822,0.600119,10:15:00,0.80697,0.510476,-0.297006,-30.988118,55.329646,-53.978118,0.27897,113.916312,-0.389307,61.383728,0.389307,-0.877847,-0.27897,35.624688,16.198767,0.877847,0.877847,-113.916312,-16.198767,0.27897,-61.383728,-35.624688,-0.27897,-0.877847,0.389307,-0.389307,NA,NA,NA,NA,NA,NA,NA,NA,NA,NA,NA,NA
NA,NA,NA,NA,NA,NA,NA,NA,NA,NA,NA,NA,NA,NA,NA,NA,43,2026-02-17,15:26:55,2,1,"Sharp, Will",1000370214,Right,CAR_EAG,"Smith, Bryce",10170454,Left,CAR_EAG,Undefined,1,Bottom,1,0,0,Fastball,Changeup,BallCalled,Undefined,Undefined,Undefined,0,0,NA,81.12029,-0.636929,2.963999,2116.982637,135.360069,10:30:00,5.93218,-2.95413,5.98102,-32.28655,10.17934,-8.69245,2.65041,-0.92853,74.18405,-6.647432,1.402987,0.46902,NA,NA,NA,NA,NA,NA,NA,NA,NA,NA,NA,5.27898,5.84142,2.72432,50,5.86403,-5.75725,-117.68005,-2.29233,7.38735,22.76626,-23.99961,CAR_EAG,CAR_EAG,CarsonNewman,TeamExclusive,Team,20260217-CarsonNewman-Private-1,00989a70-0c3f-11f1-90c1-d3b8e9c17bb1,80.36421,NA,NA,6.93625,NA,NA,NA,NA,NA,NA,d42f9652-cdd7-4e85-a646-f9e5d84c90e5,2026-02-17,20:26:55,2026-02-17T20:26:55Z,2026-02-17T20:26:55Z,NA,v3,CNE,CNE,NA,NA,NA,Undefined,CAR_EAG,38a39959-9e00-42ee-bbbd-b5704ba52ea0,54.51805,-118.55089,11.38313,5.93416,-1.37432,-11.9998,2.94995,-6.03983,3.69368,NA,NA,NA,NA,NA,NA,NA,NA,NA,NA,NA,NA,NA,NA,NA,NA,NA,NA,NA,NA,NA,NA,NA,NA,NA,NA,NA,NA,NA,NA,NA,NA,NA,NA,NA,NA,NA,NA,NA,NA,NA,NA,NA,NA,NA,NA,NA,NA,NA,NA,High,High,High,NA,NA,NA,NA,NA,122.860803,-58.368144,1110.271392,0.524459,10:00:00,0.860068,0.449979,-0.24042,-12.71476,60.279293,-39.414779,0.396421,115.922448,-0.401338,55.6594,0.401338,-0.825699,-0.396421,44.64689,23.354631,0.825699,0.825699,-115.922448,-23.354631,0.396421,-55.6594,-44.64689,-0.396421,-0.825699,0.401338,-0.401338,NA,NA,NA,NA,NA,NA,NA,NA,NA,NA,NA,NA
NA,NA,NA,NA,NA,NA,NA,NA,NA,NA,NA,NA,NA,NA,NA,NA,44,2026-02-17,15:27:10,2,2,"Sharp, Will",1000370214,Right,CAR_EAG,"Smith, Bryce",10170454,Left,CAR_EAG,Undefined,1,Bottom,1,1,0,Fastball,Changeup,BallCalled,Undefined,Undefined,Undefined,0,0,NA,80.38411,0.428187,2.585498,2081.479882,104.207351,09:30:00,5.97188,-2.92282,6.15429,-39.0379,3.83768,-9.79355,3.11475,-1.34848,73.62301,-6.820556,0.819702,0.471277,NA,NA,NA,NA,NA,NA,NA,NA,NA,NA,NA,5.76016,2.31323,2.7309,50,5.98473,-4.90407,-116.7232,-0.32037,7.93588,22.25028,-28.98708,CAR_EAG,CAR_EAG,CarsonNewman,TeamExclusive,Team,20260217-CarsonNewman-Private-1,09d234c0-0c3f-11f1-90c1-d3b8e9c17bb1,79.97935,NA,NA,6.7611,NA,NA,NA,NA,NA,NA,d42f9652-cdd7-4e85-a646-f9e5d84c90e5,2026-02-17,20:27:10,2026-02-17T20:27:10Z,2026-02-17T20:27:10Z,NA,v3,CNE,CNE,NA,NA,NA,Undefined,CAR_EAG,17d99f6d-ba79-4a1e-a25e-aa291dfd0015,54.34602,-117.54874,11.12514,5.97666,0.75512,-14.49354,2.91831,-5.1985,3.96794,NA,NA,NA,NA,NA,NA,NA,NA,NA,NA,NA,NA,NA,NA,NA,NA,NA,NA,NA,NA,NA,NA,NA,NA,NA,NA,NA,NA,NA,NA,NA,NA,NA,NA,NA,NA,NA,NA,NA,NA,NA,NA,NA,NA,NA,NA,NA,NA,NA,NA,High,High,High,NA,NA,NA,NA,NA,120.031884,-59.170423,1066.729726,0.512486,10:00:00,0.87268,0.437254,-0.217345,1.399926,62.23744,-24.869296,0.475696,118.344529,-0.417614,50.728205,0.417614,-0.774152,-0.475696,48.720081,28.404708,0.774152,0.774152,-118.344529,-28.404708,0.475696,-50.728205,-48.720081,-0.475696,-0.774152,0.417614,-0.417614,NA,NA,NA,NA,NA,NA,NA,NA,NA,NA,NA,NA
NA,NA,NA,NA,NA,NA,NA,NA,NA,NA,NA,NA,NA,NA,NA,NA,45,2026-02-17,15:27:28,2,3,"Sharp, Will",1000370214,Right,CAR_EAG,"Smith, Bryce",10170454,Left,CAR_EAG,Undefined,1,Bottom,1,2,0,Slider,Curveball,BallCalled,Undefined,Undefined,Undefined,0,0,NA,72.03133,-0.125106,1.075146,2196.88814,277.150613,03:15:00,5.99272,-2.80338,5.86785,-54.43511,0.33024,13.03186,1.34022,-0.71853,65.61297,-10.135147,3.418107,0.532628,NA,NA,NA,NA,NA,NA,NA,NA,NA,NA,NA,-6.26929,0.85173,2.70893,50,5.95167,-2.4177,-104.48871,-1.8147200000000001,-6.80286,20.64177,-31.24984,CAR_EAG,CAR_EAG,CarsonNewman,TeamExclusive,Team,20260217-CarsonNewman-Private-1,14728b00-0c3f-11f1-90c1-d3b8e9c17bb1,70.76687,NA,NA,6.41837,NA,NA,NA,NA,NA,NA,d42f9652-cdd7-4e85-a646-f9e5d84c90e5,2026-02-17,20:27:28,2026-02-17T20:27:28Z,2026-02-17T20:27:28Z,NA,v3,CNE,CNE,NA,NA,NA,Undefined,CAR_EAG,48c1196d-8384-4627-8e88-d164f88494eb,54.63146,-105.39969,10.32089,6.00132,-0.43558,-15.62492,2.809,-2.11747,-3.40143,NA,NA,NA,NA,NA,NA,NA,NA,NA,NA,NA,NA,NA,NA,NA,NA,NA,NA,NA,NA,NA,NA,NA,NA,NA,NA,NA,NA,NA,NA,NA,NA,NA,NA,NA,NA,NA,NA,NA,NA,NA,NA,NA,NA,NA,NA,NA,NA,NA,NA,High,High,High,NA,NA,NA,NA,NA,322.626661,-72.645817,655.282603,0.298278,04:45:00,0.950256,-0.178972,0.254916,73.326228,27.518385,-3.325068,0.732891,117.17429,-0.310713,37.246864,0.310713,-0.60525,-0.732891,67.025214,47.129309,0.60525,0.60525,-117.17429,-47.129309,0.732891,-37.246864,-67.025214,-0.732891,-0.60525,0.310713,-0.310713,NA,NA,NA,NA,NA,NA,NA,NA,NA,NA,NA,NA
NA,NA,NA,NA,NA,NA,NA,NA,NA,NA,NA,NA,NA,NA,NA,NA,46,2026-02-17,15:27:43,2,4,"Sharp, Will",1000370214,Right,CAR_EAG,"Smith, Bryce",10170454,Left,CAR_EAG,Undefined,1,Bottom,1,3,0,Slider,Curveball,BallCalled,Walk,Undefined,Undefined,0,0,NA,71.96537,-0.50618,1.744,2424.752054,284.751433,03:30:00,5.92495,-2.93312,5.80275,-56.69629,-1.83429,14.1654,0.72925,-0.13012,65.93935,-10.868663,4.287331,0.533098,NA,NA,NA,NA,NA,NA,NA,NA,NA,NA,NA,-6.65815,-0.18535,2.78142,50,5.84993,-3.67015,-104.40694,-2.59325,-7.23418,20.14971,-32.37542,CAR_EAG,CAR_EAG,CarsonNewman,TeamExclusive,Team,20260217-CarsonNewman-Private-1,1d6e5900-0c3f-11f1-90c1-d3b8e9c17bb1,70.70451,NA,NA,6.02602,NA,NA,NA,NA,NA,NA,d42f9652-cdd7-4e85-a646-f9e5d84c90e5,2026-02-17,20:27:43,2026-02-17T20:27:43Z,2026-02-17T20:27:43Z,NA,v3,CNE,CNE,NA,NA,NA,Undefined,CAR_EAG,1d00997c-7298-42fa-8cca-039f6a0e7cbb,54.69839,-105.30979,10.07486,5.93363,-1.1426,-16.18771,2.93861,-3.34601,-3.61709,NA,NA,NA,NA,NA,NA,NA,NA,NA,NA,NA,NA,NA,NA,NA,NA,NA,NA,NA,NA,NA,NA,NA,NA,NA,NA,NA,NA,NA,NA,NA,NA,NA,NA,NA,NA,NA,NA,NA,NA,NA,NA,NA,NA,NA,NA,NA,NA,NA,NA,High,High,High,NA,NA,NA,NA,NA,318.961025,-66.179524,979.290063,0.403872,04:45:00,0.907427,-0.257079,0.332396,47.841805,25.99885,-24.411457,0.69262,120.886777,-0.370276,38.243859,0.370276,-0.61901,-0.69262,61.87098,43.837883,0.61901,0.61901,-120.886777,-43.837883,0.69262,-38.243859,-61.87098,-0.69262,-0.61901,0.370276,-0.370276,NA,NA,NA,NA,NA,NA,NA,NA,NA,NA,NA,NA
NA,NA,NA,NA,NA,NA,NA,NA,NA,NA,NA,NA,NA,NA,NA,NA,47,2026-02-17,15:27:57,3,1,"Sharp, Will",1000370214,Right,CAR_EAG,"Smith, Bryce",10170454,Left,CAR_EAG,Undefined,1,Bottom,1,0,0,Fastball,Changeup,FoulBallNotFieldable,Undefined,Undefined,Undefined,0,0,NA,79.1994,-0.925822,3.032576,2016.519858,119.259172,10:00:00,5.94379,-2.97805,6.31845,-36.12002,8.35934,-12.0691,2.07977,-1.18797,71.78258,-7.694405,0.849933,0.48001,NA,NA,NA,NA,NA,NA,NA,NA,NA,NA,NA,7.30918,5.08492,2.76178,50,5.85883,-5.66315,-114.86227,-2.87083,9.61294,24.36265,-25.48643,CAR_EAG,CAR_EAG,CarsonNewman,TeamExclusive,Team,20260217-CarsonNewman-Private-1,25aeed50-0c3f-11f1-90c1-d3b8e9c17bb1,78.52422,NA,NA,7.41682,NA,NA,NA,NA,NA,NA,d42f9652-cdd7-4e85-a646-f9e5d84c90e5,2026-02-17,20:27:57,2026-02-17T20:27:57Z,2026-02-17T20:27:57Z,NA,v3,CNE,CNE,NA,NA,NA,Undefined,CAR_EAG,69a83be3-764f-4dbf-a00c-0ad4605a8cb6,54.18227,-115.74595,12.18133,5.94619,-1.94639,-12.74322,2.97352,-6.01182,4.80647,NA,NA,NA,NA,NA,NA,NA,NA,NA,NA,NA,NA,NA,NA,NA,NA,NA,NA,NA,NA,NA,NA,NA,NA,NA,NA,NA,NA,NA,NA,NA,NA,NA,NA,NA,NA,NA,NA,NA,NA,NA,NA,NA,NA,NA,NA,NA,NA,NA,NA,High,High,High,NA,NA,NA,NA,NA,119.171864,-60.357508,997.343643,0.494587,10:00:00,0.873584,0.445841,-0.195134,10.331359,60.614795,-23.341989,0.476772,110.395267,-0.306336,55.479274,0.306336,-0.823921,-0.476772,57.278423,28.474818,0.823921,0.823921,-110.395267,-28.474818,0.476772,-55.479274,-57.278423,-0.476772,-0.823921,0.306336,-0.306336,NA,NA,NA,NA,NA,NA,NA,NA,NA,NA,NA,NA
NA,NA,NA,NA,NA,NA,NA,NA,NA,NA,NA,NA,NA,NA,NA,NA,48,2026-02-17,15:28:12,3,2,"Sharp, Will",1000370214,Right,CAR_EAG,"Smith, Bryce",10170454,Left,CAR_EAG,Undefined,1,Bottom,1,0,1,Fastball,Cutter,InPlay,Undefined,GroundBall,Out,1,0,NA,82.98281,-1.760938,4.142769,2128.824389,167.607053,11:30:00,5.98057,-2.83243,6.27455,-30.27387,9.84441,-1.8885,1.82968,0.83583,76.31213,-7.39618,3.8026,0.455872,75.7137,-18.87205,-22.707212,NA,NA,NA,NA,7.11635,7.11635,-26.471862,0.05269,2.13358,5.97882,2.52665,50,5.83523,-8.6451,-120.30385,-4.59571,3.12876,23.20587,-23.4065,CAR_EAG,CAR_EAG,CarsonNewman,TeamExclusive,Team,20260217-CarsonNewman-Private-1,2ea36850-0c3f-11f1-90c1-d3b8e9c17bb1,82.68212,1.89687,NA,6.67068,NA,NA,NA,1.25121,1.89687,-1.03009,d42f9652-cdd7-4e85-a646-f9e5d84c90e5,2026-02-17,20:28:12,2026-02-17T20:28:12Z,2026-02-17T20:28:12Z,GroundBall,v3,CNE,CNE,NA,NA,NA,Undefined,CAR_EAG,5950db07-9ac5-42c0-a39b-7e16e91891a6,54.22692,-121.11645,11.60294,5.98181,-3.77608,-11.70325,2.8313,-8.75466,1.56438,180,1.24934,97.15339,NA,NA,NA,NA,NA,NA,NA,1.89756,-36.00052,NA,NA,NA,NA,NA,NA,NA,-1.0293,-40.65451,NA,NA,NA,NA,NA,NA,NA,NA,NA,NA,NA,NA,NA,NA,NA,NA,NA,NA,NA,NA,NA,NA,NA,NA,NA,NA,NA,NA,NA,High,High,High,Medium,High,NA,NA,NA,116.828638,-62.125718,995.295826,0.467533,10:00:00,0.883706,0.444175,-0.147554,-80.297868,10.830515,-23.827189,0.645637,168.308893,-0.747802,8.901799,0.747802,-0.154741,-0.645637,40.806618,40.213417,0.154741,0.154741,-168.308893,-40.213417,0.645637,-8.901799,-40.806618,-0.645637,-0.154741,0.747802,-0.747802,NA,NA,NA,NA,NA,NA,NA,NA,NA,NA,NA,NA
NA,NA,NA,NA,NA,NA,NA,NA,NA,NA,NA,NA,NA,NA,NA,NA,49,2026-02-17,15:28:35,4,1,"Sharp, Will",1000370214,Right,CAR_EAG,"Smith, Bryce",10170454,Left,CAR_EAG,Undefined,1,Bottom,2,0,0,Fastball,Changeup,BallCalled,Undefined,Undefined,Undefined,0,0,NA,81.99244,-0.599357,1.26464,2154.207336,113.814227,09:45:00,6.0407400000000004,-2.8768,6.00848,-34.84022,6.26744,-11.44599,2.58194,-2.65877,75.67462,-7.043622,-0.796435,0.461459,NA,NA,NA,NA,NA,NA,NA,NA,NA,NA,NA,6.19622,3.78055,2.78351,50,5.97464,-2.1921,-119.20108,-2.34571,8.96656,21.67558,-26.7032,CAR_EAG,CAR_EAG,CarsonNewman,TeamExclusive,Team,20260217-CarsonNewman-Private-1,3caed600-0c3f-11f1-90c1-d3b8e9c17bb1,81.68107,NA,NA,6.31782,NA,NA,NA,NA,NA,NA,d42f9652-cdd7-4e85-a646-f9e5d84c90e5,2026-02-17,20:28:35,2026-02-17T20:28:35Z,2026-02-17T20:28:35Z,NA,v3,CNE,CNE,NA,NA,NA,Undefined,CAR_EAG,e5a2ba86-811e-4de2-8d55-b134c4148e13,54.49272,-120.01526,10.83779,6.04391,-1.34268,-13.3516,2.87218,-2.5289,4.48328,NA,NA,NA,NA,NA,NA,NA,NA,NA,NA,NA,NA,NA,NA,NA,NA,NA,NA,NA,NA,NA,NA,NA,NA,NA,NA,NA,NA,NA,NA,NA,NA,NA,NA,NA,NA,NA,NA,NA,NA,NA,NA,NA,NA,NA,NA,NA,NA,NA,NA,High,High,High,NA,NA,NA,NA,NA,125.439767,-57.728102,1150.212514,0.533938,10:15:00,0.847555,0.443834,-0.290967,-6.817101,66.997341,-34.321356,0.443608,116.394159,-0.398409,53.397941,0.398409,-0.802796,-0.443608,48.072654,26.334341,0.802796,0.802796,-116.394159,-26.334341,0.443608,-53.397941,-48.072654,-0.443608,-0.802796,0.398409,-0.398409,NA,NA,NA,NA,NA,NA,NA,NA,NA,NA,NA,NA
NA,NA,NA,NA,NA,NA,NA,NA,NA,NA,NA,NA,NA,NA,NA,NA,50,2026-02-17,15:28:49,4,2,"Sharp, Will",1000370214,Right,CAR_EAG,"Smith, Bryce",10170454,Left,CAR_EAG,Undefined,1,Bottom,2,1,0,Slider,Curveball,BallCalled,Undefined,Undefined,Undefined,0,0,NA,70.25624,-0.055113,0.120379,2219.144894,273.715156,03:00:00,6.00925,-2.64404,5.82136,-56.06428,0.65724,16.92296,1.28598,-1.12187,65.04622,-10.304611,3.162056,0.542058,NA,NA,NA,NA,NA,NA,NA,NA,NA,NA,NA,-8.63107,0.88197,2.62407,50,5.9715,-0.77649,-102.12148,-1.69372,-9.09562,17.14443,-31.2446,CAR_EAG,CAR_EAG,CarsonNewman,TeamExclusive,Team,20260217-CarsonNewman-Private-1,4519aea0-0c3f-11f1-90c1-d3b8e9c17bb1,69.53585,NA,NA,5.21002,NA,NA,NA,NA,NA,NA,d42f9652-cdd7-4e85-a646-f9e5d84c90e5,2026-02-17,20:28:49,2026-02-17T20:28:49Z,2026-02-17T20:28:49Z,NA,v3,CNE,CNE,NA,NA,NA,Undefined,CAR_EAG,7d6eaeef-94e3-4604-8a42-b42da405b80b,54.68171,-102.90445,8.57221,6.01627,-0.2668,-15.6223,2.65004,-0.3611,-4.54781,NA,NA,NA,NA,NA,NA,NA,NA,NA,NA,NA,NA,NA,NA,NA,NA,NA,NA,NA,NA,NA,NA,NA,NA,NA,NA,NA,NA,NA,NA,NA,NA,NA,NA,NA,NA,NA,NA,NA,NA,NA,NA,NA,NA,NA,NA,NA,NA,NA,NA,High,High,High,NA,NA,NA,NA,NA,313.734374,-65.227807,929.847158,0.419011,04:30:00,0.907661,-0.301884,0.291577,48.357966,22.255326,-30.210954,0.756076,114.242963,-0.268735,36.638653,0.268735,-0.596766,-0.756076,70.433038,49.119492,0.596766,0.596766,-114.242963,-49.119492,0.756076,-36.638653,-70.433038,-0.756076,-0.596766,0.268735,-0.268735,NA,NA,NA,NA,NA,NA,NA,NA,NA,NA,NA,NA
NA,NA,NA,NA,NA,NA,NA,NA,NA,NA,NA,NA,NA,NA,NA,NA,51,2026-02-17,15:29:04,4,3,"Sharp, Will",1000370214,Right,CAR_EAG,"Smith, Bryce",10170454,Left,CAR_EAG,Undefined,1,Bottom,2,2,0,Fastball,Changeup,BallCalled,Undefined,Undefined,Undefined,0,0,NA,79.79872,-1.26956,3.164088,2167.767289,108.100835,09:30:00,5.73514,-2.88647,6.17042,-37.71845,5.82189,-13.53875,1.41732,-1.08919,73.27632,-8.261201,0.721487,0.474916,NA,NA,NA,NA,NA,NA,NA,NA,NA,NA,NA,7.89319,3.80685,2.65331,50,5.61974,-5.90861,-115.80739,-3.69561,10.70101,21.97033,-27.01301,CAR_EAG,CAR_EAG,CarsonNewman,TeamExclusive,Team,20260217-CarsonNewman-Private-1,4d7bfbc0-0c3f-11f1-90c1-d3b8e9c17bb1,79.36646,NA,NA,6.52241,NA,NA,NA,NA,NA,NA,d42f9652-cdd7-4e85-a646-f9e5d84c90e5,2026-02-17,20:29:04,2026-02-17T20:29:04Z,2026-02-17T20:29:04Z,NA,v3,CNE,CNE,NA,NA,NA,Undefined,CAR_EAG,19a58387-54fb-4ebc-a056-c0c7a89035e4,54.33081,-116.62611,10.98516,5.7387,-2.68897,-13.5065,2.88092,-6.30739,5.3505,NA,NA,NA,NA,NA,NA,NA,NA,NA,NA,NA,NA,NA,NA,NA,NA,NA,NA,NA,NA,NA,NA,NA,NA,NA,NA,NA,NA,NA,NA,NA,NA,NA,NA,NA,NA,NA,NA,NA,NA,NA,NA,NA,NA,NA,NA,NA,NA,NA,NA,High,High,High,NA,NA,NA,NA,NA,115.868112,-51.690216,1343.827192,0.619913,09:45:00,0.785871,0.575047,-0.227439,11.284969,74.638612,-14.152376,0.384033,114.401076,-0.381443,57.229421,0.381443,-0.840845,-0.384033,45.193863,22.583728,0.840845,0.840845,-114.401076,-22.583728,0.384033,-57.229421,-45.193863,-0.384033,-0.840845,0.381443,-0.381443,NA,NA,NA,NA,NA,NA,NA,NA,NA,NA,NA,NA
NA,NA,NA,NA,NA,NA,NA,NA,NA,NA,NA,NA,NA,NA,NA,NA,52,2026-02-17,15:29:17,4,4,"Sharp, Will",1000370214,Right,CAR_EAG,"Smith, Bryce",10170454,Left,CAR_EAG,Undefined,1,Bottom,2,3,0,Fastball,Slider,StrikeSwinging,Undefined,Undefined,Undefined,0,0,NA,82.06358,-2.099907,3.09984,2225.794999,148.155787,11:00:00,5.93926,-2.85827,5.8475,-31.93647,9.45532,-5.10973,1.32273,-0.4006,75.91783,-7.980098,2.184243,0.463051,NA,NA,NA,NA,NA,NA,NA,NA,NA,NA,NA,3.41465,5.76363,2.60886,50,5.74929,-6.2512,-119.06401,-5.38436,4.9374,21.302,-23.84019,CAR_EAG,CAR_EAG,CarsonNewman,TeamExclusive,Team,20260217-CarsonNewman-Private-1,557bb680-0c3f-11f1-90c1-d3b8e9c17bb1,81.40026,NA,NA,6.14575,NA,NA,NA,NA,NA,NA,d42f9652-cdd7-4e85-a646-f9e5d84c90e5,2026-02-17,20:29:17,2026-02-17T20:29:17Z,2026-02-17T20:29:17Z,NA,v3,CNE,CNE,NA,NA,NA,Undefined,CAR_EAG,a8153075-d5a5-4564-a41b-cf163cf1471d,54.65373,-119.89373,10.651,5.94094,-4.45578,-11.9201,2.85609,-6.44351,2.4687,NA,NA,NA,NA,NA,NA,NA,NA,NA,NA,NA,NA,NA,NA,NA,NA,NA,NA,NA,NA,NA,NA,NA,NA,NA,NA,NA,NA,NA,NA,NA,NA,NA,NA,NA,NA,NA,NA,NA,NA,NA,NA,NA,NA,NA,NA,NA,NA,NA,NA,High,High,High,NA,NA,NA,NA,NA,111.263739,-58.79195,1153.289415,0.518147,09:45:00,0.84596,0.513888,-0.142374,-99.251706,-13.652754,-21.991138,0.541252,169.940712,-0.827935,8.445624,0.827935,-0.146871,-0.541252,33.174135,32.76888,0.146871,0.146871,-169.940712,-32.76888,0.541252,-8.445624,-33.174135,-0.541252,-0.146871,0.827935,-0.827935,NA,NA,NA,NA,NA,NA,NA,NA,NA,NA,NA,NA
NA,NA,NA,NA,NA,NA,NA,NA,NA,NA,NA,NA,NA,NA,NA,NA,53,2026-02-17,15:29:30,4,5,"Sharp, Will",1000370214,Right,CAR_EAG,"Smith, Bryce",10170454,Left,CAR_EAG,Undefined,1,Bottom,2,3,1,Fastball,Slider,BallCalled,Walk,Undefined,Undefined,0,0,NA,82.18367,-1.427116,1.279947,2213.679178,162.145193,11:30:00,5.92913,-2.94286,5.97991,-28.41675,12.73048,-3.68772,2.23755,-2.06349,75.51175,-6.723388,0.616636,0.461681,NA,NA,NA,NA,NA,NA,NA,NA,NA,NA,NA,2.24984,7.32563,2.84373,50,5.80049,-2.52713,-119.38149,-3.82969,3.25206,22.63938,-21.58519,CAR_EAG,CAR_EAG,CarsonNewman,TeamExclusive,Team,20260217-CarsonNewman-Private-1,5d504290-0c3f-11f1-90c1-d3b8e9c17bb1,81.64179,NA,NA,6.67192,NA,NA,NA,NA,NA,NA,d42f9652-cdd7-4e85-a646-f9e5d84c90e5,2026-02-17,20:29:30,2026-02-17T20:29:30Z,2026-02-17T20:29:30Z,NA,v3,CNE,CNE,NA,NA,NA,Undefined,CAR_EAG,6cc5dce5-a379-4cb4-aea8-1509964be1b3,54.52069,-120.23573,11.31969,5.92962,-3.01522,-10.7926,2.9414,-2.64984,1.62603,NA,NA,NA,NA,NA,NA,NA,NA,NA,NA,NA,NA,NA,NA,NA,NA,NA,NA,NA,NA,NA,NA,NA,NA,NA,NA,NA,NA,NA,NA,NA,NA,NA,NA,NA,NA,NA,NA,NA,NA,NA,NA,NA,NA,NA,NA,NA,NA,NA,NA,High,High,High,NA,NA,NA,NA,NA,116.058818,-56.208507,1231.186875,0.556172,09:45:00,0.823619,0.520177,-0.225982,-97.864948,-3.322468,-22.779277,0.54383,169.953618,-0.826328,8.417998,0.826328,-0.146394,-0.54383,33.350027,32.944717,0.146394,0.146394,-169.953618,-32.944717,0.54383,-8.417998,-33.350027,-0.54383,-0.146394,0.826328,-0.826328,NA,NA,NA,NA,NA,NA,NA,NA,NA,NA,NA,NA
NA,NA,NA,NA,NA,NA,NA,NA,NA,NA,NA,NA,NA,NA,NA,NA,54,2026-02-17,15:29:44,5,1,"Sharp, Will",1000370214,Right,CAR_EAG,"Smith, Bryce",10170454,Left,CAR_EAG,Undefined,1,Bottom,2,0,0,Fastball,Slider,BallCalled,Undefined,Undefined,Undefined,0,0,NA,81.95066,-1.95768,2.65387,2203.020867,94.560164,09:15:00,5.92563,-2.7756,5.73128,-39.609,1.66784,-7.24363,0.79899,-0.90585,76.68843,-9.157756,1.356163,0.462407,NA,NA,NA,NA,NA,NA,NA,NA,NA,NA,NA,4.33264,1.62347,2.55876,50,5.73736,-5.24412,-119.08745,-5.40062,6.32309,19.38424,-29.80478,CAR_EAG,CAR_EAG,CarsonNewman,TeamExclusive,Team,20260217-CarsonNewman-Private-1,65a6cfe0-0c3f-11f1-90c1-d3b8e9c17bb1,81.51352,NA,NA,5.26223,NA,NA,NA,NA,NA,NA,d42f9652-cdd7-4e85-a646-f9e5d84c90e5,2026-02-17,20:29:44,2026-02-17T20:29:44Z,2026-02-17T20:29:44Z,NA,v3,CNE,CNE,NA,NA,NA,Undefined,CAR_EAG,57c06bbd-fbee-48af-a82c-cbdfdfa9ab9e,54.7728,-119.86181,9.69212,5.92932,-4.20997,-14.90239,2.7733,-5.49671,3.16155,NA,NA,NA,NA,NA,NA,NA,NA,NA,NA,NA,NA,NA,NA,NA,NA,NA,NA,NA,NA,NA,NA,NA,NA,NA,NA,NA,NA,NA,NA,NA,NA,NA,NA,NA,NA,NA,NA,NA,NA,NA,NA,NA,NA,NA,NA,NA,NA,NA,NA,High,High,High,NA,NA,NA,NA,NA,112.087707,-58.445245,1152.869796,0.523313,09:45:00,0.843294,0.513734,-0.157902,-105.896755,-8.620738,-18.266095,0.608602,177.38725,-0.792651,2.072886,0.792651,-0.036171,-0.608602,37.517286,37.488504,0.036171,0.036171,-177.38725,-37.488504,0.608602,-2.072886,-37.517286,-0.608602,-0.036171,0.792651,-0.792651,NA,NA,NA,NA,NA,NA,NA,NA,NA,NA,NA,NA
NA,NA,NA,NA,NA,NA,NA,NA,NA,NA,NA,NA,NA,NA,NA,NA,55,2026-02-17,15:30:05,5,2,"Sharp, Will",1000370214,Right,CAR_EAG,"Smith, Bryce",10170454,Left,CAR_EAG,Undefined,1,Bottom,2,1,0,Slider,Curveball,BallCalled,Undefined,Undefined,Undefined,0,0,NA,71.71968,-0.024676,3.544285,2114.265621,280.224015,03:15:00,5.98461,-2.74313,5.89063,-55.71999,-0.09528,11.85867,1.31833,1.54031,65.16691,-10.256236,5.668375,0.536791,NA,NA,NA,NA,NA,NA,NA,NA,NA,NA,NA,-4.81847,0.60673,2.45044,50,5.95131,-6.84107,-103.81648,-1.64981,-5.13744,21.11699,-31.52717,CAR_EAG,CAR_EAG,CarsonNewman,TeamExclusive,Team,20260217-CarsonNewman-Private-1,71d407b0-0c3f-11f1-90c1-d3b8e9c17bb1,70.21808,NA,NA,6.55277,NA,NA,NA,NA,NA,NA,d42f9652-cdd7-4e85-a646-f9e5d84c90e5,2026-02-17,20:30:05,2026-02-17T20:30:05Z,2026-02-17T20:30:05Z,NA,v3,CNE,CNE,NA,NA,NA,Undefined,CAR_EAG,26921806-c0f4-4452-942a-581f331b65d3,54.60829,-104.74965,10.5585,5.99343,-0.25661,-15.76358,2.74774,-6.61404,-2.56872,NA,NA,NA,NA,NA,NA,NA,NA,NA,NA,NA,NA,NA,NA,NA,NA,NA,NA,NA,NA,NA,NA,NA,NA,NA,NA,NA,NA,NA,NA,NA,NA,NA,NA,NA,NA,NA,NA,NA,NA,NA,NA,NA,NA,NA,NA,NA,NA,NA,NA,High,High,High,NA,NA,NA,NA,NA,321.617435,-75.002799,547.112431,0.258772,04:45:00,0.95162,-0.160258,0.262177,41.637923,26.047292,-21.067437,0.734164,121.877064,-0.358564,35.2098,0.358564,-0.576572,-0.734164,63.96919,47.236591,0.576572,0.576572,-121.877064,-47.236591,0.734164,-35.2098,-63.96919,-0.734164,-0.576572,0.358564,-0.358564,NA,NA,NA,NA,NA,NA,NA,NA,NA,NA,NA,NA
NA,NA,NA,NA,NA,NA,NA,NA,NA,NA,NA,NA,NA,NA,NA,NA,56,2026-02-17,15:30:37,5,3,"Sharp, Will",1000370214,Right,CAR_EAG,"Smith, Bryce",10170454,Left,CAR_EAG,Undefined,1,Bottom,2,2,0,Fastball,Changeup,BallCalled,Undefined,Undefined,Undefined,0,0,NA,80.60951,-0.793955,3.043122,1960.809674,118.125876,10:00:00,5.92494,-2.95791,6.34745,-33.23781,9.02241,-14.39635,2.42316,-1.35356,74.00543,-7.006084,0.438701,0.467883,NA,NA,NA,NA,NA,NA,NA,NA,NA,NA,NA,8.32406,5.33303,2.74303,50,5.85161,-5.70553,-117.06413,-2.57301,11.5595,21.94717,-24.76812,CAR_EAG,CAR_EAG,CarsonNewman,TeamExclusive,Team,20260217-CarsonNewman-Private-1,854d3aa0-0c3f-11f1-90c1-d3b8e9c17bb1,80.55956,NA,NA,6.60408,NA,NA,NA,NA,NA,NA,d42f9652-cdd7-4e85-a646-f9e5d84c90e5,2026-02-17,20:30:37,2026-02-17T20:30:37Z,2026-02-17T20:30:37Z,NA,v3,CNE,CNE,NA,NA,NA,Undefined,CAR_EAG,51fd8485-a55a-443a-b746-403fe9d2a7a7,54.1537,-117.8403,10.97359,5.92712,-1.69708,-12.38406,2.95203,-6.11433,5.77975,NA,NA,NA,NA,NA,NA,NA,NA,NA,NA,NA,NA,NA,NA,NA,NA,NA,NA,NA,NA,NA,NA,NA,NA,NA,NA,NA,NA,NA,NA,NA,NA,NA,NA,NA,NA,NA,NA,NA,NA,NA,NA,NA,NA,NA,NA,NA,NA,NA,NA,High,High,High,NA,NA,NA,NA,NA,125.053953,-52.883576,1183.224315,0.603437,10:15:00,0.807774,0.504982,-0.304128,-10.647135,73.154719,-38.463169,0.382884,114.222144,-0.379011,57.401534,0.379011,-0.842467,-0.382884,45.291263,22.512449,0.842467,0.842467,-114.222144,-22.512449,0.382884,-57.401534,-45.291263,-0.382884,-0.842467,0.379011,-0.379011,NA,NA,NA,NA,NA,NA,NA,NA,NA,NA,NA,NA
NA,NA,NA,NA,NA,NA,NA,NA,NA,NA,NA,NA,NA,NA,NA,NA,57,2026-02-17,15:30:54,5,4,"Sharp, Will",1000370214,Right,CAR_EAG,"Smith, Bryce",10170454,Left,CAR_EAG,Undefined,1,Bottom,2,3,0,Slider,Curveball,InPlay,Undefined,GroundBall,Out,1,0,NA,69.66557,0.25359,1.507806,2015.367982,273.782943,03:15:00,5.99293,-2.81396,6.02792,-57.16271,1.16433,14.44028,1.46432,-0.21384,63.40938,-10.294956000000001,4.109755,0.549675,86.34035,-5.640746,-39.0665,NA,NA,NA,NA,16.91711,9.08745,-32.944198,0.121312,-6.99181,1.03417,2.68797,50,5.98178,-3.12073,-101.07883,-1.08895,-7.07529,19.83616,-31.12755,CAR_EAG,CAR_EAG,CarsonNewman,TeamExclusive,Team,20260217-CarsonNewman-Private-1,8f2278b0-0c3f-11f1-90c1-d3b8e9c17bb1,68.57217,1.51157,NA,6.25619,NA,NA,NA,2.31453,1.51157,0.44507,d42f9652-cdd7-4e85-a646-f9e5d84c90e5,2026-02-17,20:30:54,2026-02-17T20:30:54Z,2026-02-17T20:30:54Z,GroundBall,v3,CNE,CNE,NA,NA,NA,Undefined,CAR_EAG,06da00bd-8d9b-44d4-bdf7-2b4656a9cded,54.47363,-101.95298,9.91808,5.99954,0.28279,-15.56378,2.81862,-2.80894,-3.53764,180,2.31247,97.94858,NA,NA,NA,NA,NA,NA,NA,1.51183,-12.46018,NA,NA,NA,NA,NA,NA,NA,0.44674,-79.50561,NA,NA,NA,NA,NA,NA,NA,NA,NA,NA,NA,NA,NA,NA,NA,NA,NA,NA,NA,NA,NA,NA,NA,NA,NA,NA,NA,NA,NA,High,High,High,Medium,Low,NA,NA,NA,328.062414,-78.034122,417.844486,0.207329,05:00:00,0.972808,-0.114005,0.201612,57.920797,34.746977,-28.028993,0.634983,94.622502,-0.062258,50.355051,0.062258,-0.770013,-0.634983,84.400226,39.418758,0.770013,0.770013,-94.622502,-39.418758,0.634983,-50.355051,-84.400226,-0.634983,-0.770013,0.062258,-0.062258,NA,NA,NA,NA,NA,NA,NA,NA,NA,NA,NA,NA
NA,NA,NA,NA,NA,NA,NA,NA,NA,NA,NA,NA,NA,NA,NA,NA,58,2026-02-17,15:31:13,6,1,"Sharp, Will",1000370214,Right,CAR_EAG,"Smith, Bryce",10170454,Left,CAR_EAG,Undefined,1,Bottom,0,0,0,Fastball,Slider,BallCalled,Undefined,Undefined,Undefined,0,0,NA,82.42894,-0.894233,2.071384,2151.673504,155.159526,11:15:00,6.13489,-2.85903,5.88285,-32.51746,8.388,-3.32166,2.59404,-1.21135,76.05846,-6.903599,1.475251,0.460322,NA,NA,NA,NA,NA,NA,NA,NA,NA,NA,NA,2.2348,4.91827,2.69361,50,6.04386,-4.20102,-119.73997,-2.90731,3.265,21.75925,-24.98863,CAR_EAG,CAR_EAG,CarsonNewman,TeamExclusive,Team,20260217-CarsonNewman-Private-1,9abce660-0c3f-11f1-90c1-d3b8e9c17bb1,81.88271,NA,NA,6.37048,NA,NA,NA,NA,NA,NA,d42f9652-cdd7-4e85-a646-f9e5d84c90e5,2026-02-17,20:31:13,2026-02-17T20:31:13Z,2026-02-17T20:31:13Z,NA,v3,CNE,CNE,NA,NA,NA,Undefined,CAR_EAG,385bad02-990c-4f90-a312-9142129edb0e,54.61763,-120.57616,10.87962,6.13714,-1.94701,-12.49432,2.85746,-4.32649,1.6325,NA,NA,NA,NA,NA,NA,NA,NA,NA,NA,NA,NA,NA,NA,NA,NA,NA,NA,NA,NA,NA,NA,NA,NA,NA,NA,NA,NA,NA,NA,NA,NA,NA,NA,NA,NA,NA,NA,NA,NA,NA,NA,NA,NA,NA,NA,NA,NA,NA,NA,High,High,High,NA,NA,NA,NA,NA,113.586942,-59.599969,1088.820432,0.506034,09:45:00,0.861931,0.477162,-0.171443,-98.51585,-8.737979,-25.697132,0.537279,170.864338,-0.832706,7.695567,0.832706,-0.13391,-0.537279,32.830967,32.498633,0.13391,0.13391,-170.864338,-32.498633,0.537279,-7.695567,-32.830967,-0.537279,-0.13391,0.832706,-0.832706,NA,NA,NA,NA,NA,NA,NA,NA,NA,NA,NA,NA
NA,NA,NA,NA,NA,NA,NA,NA,NA,NA,NA,NA,NA,NA,NA,NA,59,2026-02-17,15:31:40,6,2,"Sharp, Will",1000370214,Right,CAR_EAG,"Smith, Bryce",10170454,Left,CAR_EAG,Undefined,1,Bottom,0,1,0,Fastball,Slider,BallCalled,Undefined,Undefined,Undefined,0,0,NA,79.2505,0.015074,1.970655,1942.826641,123.668048,10:00:00,5.72015,-2.75068,6.17979,-40.20116,3.8752,-3.71252,2.38399,-1.23946,72.65811,-7.445691,1.300436,0.477831,NA,NA,NA,NA,NA,NA,NA,NA,NA,NA,NA,2.47264,2.46429,2.6035,50,5.70123,-3.82469,-115.1147,-1.17612,3.30981,21.85551,-28.87543,CAR_EAG,CAR_EAG,CarsonNewman,TeamExclusive,Team,20260217-CarsonNewman-Private-1,aae23360-0c3f-11f1-90c1-d3b8e9c17bb1,78.88237,NA,NA,6.59239,NA,NA,NA,NA,NA,NA,d42f9652-cdd7-4e85-a646-f9e5d84c90e5,2026-02-17,20:31:40,2026-02-17T20:31:40Z,2026-02-17T20:31:40Z,NA,v3,CNE,CNE,NA,NA,NA,Undefined,CAR_EAG,1f9bb3e3-8f40-4a1a-b252-5884eb8e20f3,54.32011,-115.93201,10.92776,5.72502,-0.09629,-14.43771,2.74884,-3.94846,1.65491,NA,NA,NA,NA,NA,NA,NA,NA,NA,NA,NA,NA,NA,NA,NA,NA,NA,NA,NA,NA,NA,NA,NA,NA,NA,NA,NA,NA,NA,NA,NA,NA,NA,NA,NA,NA,NA,NA,NA,NA,NA,NA,NA,NA,NA,NA,NA,NA,NA,NA,High,High,High,NA,NA,NA,NA,NA,115.356527,-59.389079,989.297959,0.509205,09:45:00,0.867756,0.459922,-0.188338,-88.358086,7.883798,-27.092395,0.583574,170.612306,-0.801184,7.611678,0.801184,-0.132458,-0.583574,36.069186,35.702306,0.132458,0.132458,-170.612306,-35.702306,0.583574,-7.611678,-36.069186,-0.583574,-0.132458,0.801184,-0.801184,NA,NA,NA,NA,NA,NA,NA,NA,NA,NA,NA,NA
NA,NA,NA,NA,NA,NA,NA,NA,NA,NA,NA,NA,NA,NA,NA,NA,60,2026-02-17,15:31:59,6,3,"Sharp, Will",1000370214,Right,CAR_EAG,"Smith, Bryce",10170454,Left,CAR_EAG,Undefined,1,Bottom,0,2,0,ChangeUp,Changeup,StrikeSwinging,Undefined,Undefined,Undefined,0,0,NA,78.22034,-1.266745,4.011698,1989.681213,108.071465,09:30:00,5.79445,-2.735,6.26776,-39.34727,6.32989,-14.44643,1.34457,-0.2342,71.14842,-8.595296,1.404145,0.486431,NA,NA,NA,NA,NA,NA,NA,NA,NA,NA,NA,8.7791,4.1511,2.44443,50,5.68143,-7.439,-113.32768,-3.63319,11.27416,23.13354,-26.84321,CAR_EAG,CAR_EAG,CarsonNewman,TeamExclusive,Team,20260217-CarsonNewman-Private-1,b6113510-0c3f-11f1-90c1-d3b8e9c17bb1,77.48781,NA,NA,7.07192,NA,NA,NA,NA,NA,NA,d42f9652-cdd7-4e85-a646-f9e5d84c90e5,2026-02-17,20:31:59,2026-02-17T20:31:59Z,2026-02-17T20:31:59Z,NA,v3,CNE,CNE,NA,NA,NA,Undefined,CAR_EAG,7b5ae1d0-c60e-420e-a10b-5dae9d809f8c,54.23286,-114.18846,11.56677,5.79803,-2.63437,-13.4216,2.72904,-7.85851,5.63708,NA,NA,NA,NA,NA,NA,NA,NA,NA,NA,NA,NA,NA,NA,NA,NA,NA,NA,NA,NA,NA,NA,NA,NA,NA,NA,NA,NA,NA,NA,NA,NA,NA,NA,NA,NA,NA,NA,NA,NA,NA,NA,NA,NA,NA,NA,NA,NA,NA,NA,High,High,High,NA,NA,NA,NA,NA,115.672414,-59.087573,1022.153653,0.513727,09:45:00,0.861002,0.481869,-0.162723,15.140409,61.125043,-15.751331,0.47956,112.186531,-0.331368,54.344606,0.331368,-0.812538,-0.47956,55.356221,28.656694,0.812538,0.812538,-112.186531,-28.656694,0.47956,-54.344606,-55.356221,-0.47956,-0.812538,0.331368,-0.331368,NA,NA,NA,NA,NA,NA,NA,NA,NA,NA,NA,NA
NA,NA,NA,NA,NA,NA,NA,NA,NA,NA,NA,NA,NA,NA,NA,NA,61,2026-02-17,15:32:20,6,4,"Sharp, Will",1000370214,Right,CAR_EAG,"Smith, Bryce",10170454,Left,CAR_EAG,Undefined,1,Bottom,0,2,1,Fastball,Changeup,FoulBallNotFieldable,Undefined,Undefined,Undefined,0,0,NA,80.90477,-0.273689,2.764147,1922.627237,116.312469,10:00:00,6.00416,-2.70032,6.14157,-38.36266,4.09717,-5.50591,2.55404,-0.60265,74.03986,-7.390887,1.771777,0.468987,NA,NA,NA,NA,NA,NA,NA,NA,NA,NA,NA,3.65331,2.60599,2.49227,50,5.96354,-5.46713,-117.4441,-1.73282,5.08055,23.13797,-28.54995,CAR_EAG,CAR_EAG,CarsonNewman,TeamExclusive,Team,20260217-CarsonNewman-Private-1,c2b300a0-0c3f-11f1-90c1-d3b8e9c17bb1,80.36995,NA,NA,6.86492,NA,NA,NA,NA,NA,NA,d42f9652-cdd7-4e85-a646-f9e5d84c90e5,2026-02-17,20:32:20,2026-02-17T20:32:20Z,2026-02-17T20:32:20Z,NA,v3,CNE,CNE,NA,NA,NA,Undefined,CAR_EAG,b5b1210a-a8ed-427a-ac7c-407f2c96df18,54.35936,-118.29984,11.56898,6.0081,-0.67694,-14.27498,2.69794,-5.65503,2.54028,NA,NA,NA,NA,NA,NA,NA,NA,NA,NA,NA,NA,NA,NA,NA,NA,NA,NA,NA,NA,NA,NA,NA,NA,NA,NA,NA,NA,NA,NA,NA,NA,NA,NA,NA,NA,NA,NA,NA,NA,NA,NA,NA,NA,NA,NA,NA,NA,NA,NA,High,High,High,NA,NA,NA,NA,NA,116.798654,-58.861971,994.19351,0.517102,10:00:00,0.863959,0.465646,-0.191697,-87.174356,8.923071,-21.539329,0.654655,170.230047,-0.744965,7.36995,0.744965,-0.128275,-0.654655,41.308124,40.893476,0.128275,0.128275,-170.230047,-40.893476,0.654655,-7.36995,-41.308124,-0.654655,-0.128275,0.744965,-0.744965,NA,NA,NA,NA,NA,NA,NA,NA,NA,NA,NA,NA
NA,NA,NA,NA,NA,NA,NA,NA,NA,NA,NA,NA,NA,NA,NA,NA,62,2026-02-17,15:32:40,6,5,"Sharp, Will",1000370214,Right,CAR_EAG,"Smith, Bryce",10170454,Left,CAR_EAG,Undefined,1,Bottom,0,2,2,Fastball,Slider,FoulBallNotFieldable,Undefined,Undefined,Undefined,0,0,NA,81.7591,-0.641701,2.888133,2133.342723,136.466984,10:30:00,6.07658,-2.83915,6.0023,-34.77364,6.89583,-5.30575,2.5834,-0.6029,75.02565,-7.084697,1.934762,0.464601,NA,NA,NA,NA,NA,NA,NA,NA,NA,NA,NA,3.53626,4.12339,2.61469,50,6.00696,-5.78556,-118.66919,-2.41347,5.04135,22.76448,-26.29568,CAR_EAG,CAR_EAG,CarsonNewman,TeamExclusive,Team,20260217-CarsonNewman-Private-1,ce507b90-0c3f-11f1-90c1-d3b8e9c17bb1,81.12857,NA,NA,6.73345,NA,NA,NA,NA,NA,NA,d42f9652-cdd7-4e85-a646-f9e5d84c90e5,2026-02-17,20:32:40,2026-02-17T20:32:40Z,2026-02-17T20:32:40Z,NA,v3,CNE,CNE,NA,NA,NA,Undefined,CAR_EAG,f9e9dfb6-28b7-4630-8840-29d98c2c5634,54.49849,-119.52903,11.38224,6.07936,-1.42026,-13.14784,2.83682,-5.97598,2.52068,NA,NA,NA,NA,NA,NA,NA,NA,NA,NA,NA,NA,NA,NA,NA,NA,NA,NA,NA,NA,NA,NA,NA,NA,NA,NA,NA,NA,NA,NA,NA,NA,NA,NA,NA,NA,NA,NA,NA,NA,NA,NA,NA,NA,NA,NA,NA,NA,NA,NA,High,High,High,NA,NA,NA,NA,NA,111.266129,-57.358802,1150.674726,0.539376,09:45:00,0.845177,0.512047,-0.153242,-88.321835,3.868679,-26.330334,0.539295,170.317879,-0.830122,8.142107,0.830122,-0.141629,-0.539295,33.010055,32.635637,0.141629,0.141629,-170.317879,-32.635637,0.539295,-8.142107,-33.010055,-0.539295,-0.141629,0.830122,-0.830122,NA,NA,NA,NA,NA,NA,NA,NA,NA,NA,NA,NA
NA,NA,NA,NA,NA,NA,NA,NA,NA,NA,NA,NA,NA,NA,NA,NA,63,2026-02-17,15:33:01,6,6,"Sharp, Will",1000370214,Right,CAR_EAG,"Smith, Bryce",10170454,Left,CAR_EAG,Undefined,1,Bottom,0,2,2,Fastball,Slider,StrikeCalled,Strikeout,Undefined,Undefined,0,0,NA,82.65809,-1.449995,2.614637,2097.907632,142.123324,10:45:00,5.9012,-2.82691,5.91821,-32.38549,8.24115,-5.4787,1.85504,-0.85524,76.39989,-7.427179,1.631029,0.458751,NA,NA,NA,NA,NA,NA,NA,NA,NA,NA,NA,3.47213,4.9887,2.62032,50,5.76646,-5.26747,-120.02426,-4.07293,5.10248,21.61771,-24.84288,CAR_EAG,CAR_EAG,CarsonNewman,TeamExclusive,Team,20260217-CarsonNewman-Private-1,dab1bbb0-0c3f-11f1-90c1-d3b8e9c17bb1,82.1632,NA,NA,6.2582,NA,NA,NA,NA,NA,NA,d42f9652-cdd7-4e85-a646-f9e5d84c90e5,2026-02-17,20:33:01,2026-02-17T20:33:01Z,2026-02-17T20:33:01Z,NA,v3,CNE,CNE,NA,NA,NA,Undefined,CAR_EAG,17868d10-8922-47e0-9b8b-e2d2fbbdceba,54.58245,-120.84679,10.80886,5.90345,-3.12768,-12.42144,2.82444,-5.46161,2.55124,NA,NA,NA,NA,NA,NA,NA,NA,NA,NA,NA,NA,NA,NA,NA,NA,NA,NA,NA,NA,NA,NA,NA,NA,NA,NA,NA,NA,NA,NA,NA,NA,NA,NA,NA,NA,NA,NA,NA,NA,NA,NA,NA,NA,NA,NA,NA,NA,NA,NA,High,High,High,NA,NA,NA,NA,NA,111.871686,-58.233497,1104.462009,0.526459,09:45:00,0.84564,0.509922,-0.157709,-99.060908,-5.475871,-28.341363,0.484619,175.514449,-0.872046,3.922681,0.872046,-0.06841,-0.484619,29.062105,28.987538,0.06841,0.06841,-175.514449,-28.987538,0.484619,-3.922681,-29.062105,-0.484619,-0.06841,0.872046,-0.872046,NA,NA,NA,NA,NA,NA,NA,NA,NA,NA,NA,NA
NA,NA,NA,NA,NA,NA,NA,NA,NA,NA,NA,NA,NA,NA,NA,NA,64,2026-02-17,15:34:49,7,1,"Sharp, Will",1000370214,Right,CAR_EAG,"Kileffer, James",1000475289,NA,CAR_EAG,Undefined,1,Bottom,1,0,0,ChangeUp,Changeup,StrikeCalled,Undefined,Undefined,Undefined,0,0,NA,74.91785,-0.801047,-4.406192,2066.123615,237.12292,02:00:00,5.6908,2.79134,5.61176,-37.1288,14.25422,19.04548,1.84677,0.25756,67.57536,-7.710926,-1.015617,0.515919,NA,NA,NA,NA,NA,NA,NA,NA,NA,NA,NA,-11.00816,8.04335,-2.42634,50,5.59868,7.62162,-108.28104,-2.60218,-12.85214,21.84084,-22.78335,CAR_EAG,CAR_EAG,CarsonNewman,TeamExclusive,Team,20260217-CarsonNewman-Private-1,1b1a1350-0c40-11f1-90c1-d3b8e9c17bb1,73.05888,NA,NA,7.34249,NA,NA,NA,NA,NA,NA,d42f9652-cdd7-4e85-a646-f9e5d84c90e5,2026-02-17,20:34:49,2026-02-17T20:34:49Z,2026-02-17T20:34:49Z,NA,v3,CNE,CNE,NA,NA,NA,Undefined,CAR_EAG,48ab30e8-0a94-4080-bfeb-838e5ee9dd29,54.88566,-109.26206,10.92042,5.69258,-1.57882,-11.39167,-2.78164,8.1989,-6.42607,NA,NA,NA,NA,NA,NA,NA,NA,NA,NA,NA,NA,NA,NA,NA,NA,NA,NA,NA,NA,NA,NA,NA,NA,NA,NA,NA,NA,NA,NA,NA,NA,NA,NA,NA,NA,NA,NA,NA,NA,NA,NA,NA,NA,NA,NA,NA,NA,NA,NA,High,High,High,NA,NA,NA,NA,NA,229.698927,11.875386,2021.903364,0.978597,01:45:00,-0.243381,-0.749137,-0.616084,58.542198,39.151987,14.066359,-0.064637,100.53322,-0.182423,-78.840785,0.182423,-0.981093,0.064637,19.510442,-3.706005,0.981093,-0.981093,-100.53322,3.706005,0.064637,78.840785,-19.510442,-0.064637,0.981093,0.182423,-0.182423,NA,NA,NA,NA,NA,NA,NA,NA,NA,NA,NA,NA
NA,NA,NA,NA,NA,NA,NA,NA,NA,NA,NA,NA,NA,NA,NA,NA,65,2026-02-17,15:35:09,7,2,"Sharp, Will",1000370214,Right,CAR_EAG,"Kileffer, James",1000475289,NA,CAR_EAG,Undefined,1,Bottom,1,0,1,ChangeUp,Changeup,BallCalled,Undefined,Undefined,Undefined,0,0,NA,74.79418,1.234383,-2.742912,2074.257196,263.095576,02:45:00,5.46552,3.23316,5.67138,-46.3927,4.4624,22.45552,2.75186,2.54509,68.00521,-7.325269,1.269498,0.513262,NA,NA,NA,NA,NA,NA,NA,NA,NA,NA,NA,-12.12398,2.45665,-3.01537,50,5.54107,4.35,-108.43241,0.91225,-14.30132,20.59416,-29.27623,CAR_EAG,CAR_EAG,CarsonNewman,TeamExclusive,Team,20260217-CarsonNewman-Private-1,27437a90-0c40-11f1-90c1-d3b8e9c17bb1,73.4371,NA,NA,6.78897,NA,NA,NA,NA,NA,NA,d42f9652-cdd7-4e85-a646-f9e5d84c90e5,2026-02-17,20:35:09,2026-02-17T20:35:09Z,2026-02-17T20:35:09Z,NA,v3,CNE,CNE,NA,NA,NA,Undefined,CAR_EAG,ca55475c-85e8-48fe-977f-59bac6b6fe7a,54.82913,-109.34574,10.29708,5.47182,2.21063,-14.63811,-3.22235,4.98425,-7.15066,NA,NA,NA,NA,NA,NA,NA,NA,NA,NA,NA,NA,NA,NA,NA,NA,NA,NA,NA,NA,NA,NA,NA,NA,NA,NA,NA,NA,NA,NA,NA,NA,NA,NA,NA,NA,NA,NA,NA,NA,NA,NA,NA,NA,NA,NA,NA,NA,NA,NA,High,High,High,NA,NA,NA,NA,NA,238.47636,13.170706,2019.694949,0.973696,02:00:00,-0.269762,-0.824901,-0.496757,44.182873,22.777348,1.256971,0.073315,99.380314,-0.162548,79.728231,0.162548,-0.983973,-0.073315,24.27713,4.204429,0.983973,0.983973,-99.380314,-4.204429,0.073315,-79.728231,-24.27713,-0.073315,-0.983973,0.162548,-0.162548,NA,NA,NA,NA,NA,NA,NA,NA,NA,NA,NA,NA
NA,NA,NA,NA,NA,NA,NA,NA,NA,NA,NA,NA,NA,NA,NA,NA,66,2026-02-17,15:35:26,7,3,"Sharp, Will",1000370214,Right,CAR_EAG,"Kileffer, James",1000475289,NA,CAR_EAG,Undefined,1,Bottom,1,1,1,Slider,Curveball,InPlay,Undefined,GroundBall,Out,1,0,NA,71.08011,1.67586,-0.848617,2347.151339,67.618769,08:15:00,5.59251,2.91519,5.25779,-65.17165,-7.42847,-23.09604,1.73677,0.19311,64.5783,-10.156476,-4.950528,0.546917,94.67747,3.918816,13.044442,1958.510157,NA,NA,NA,68.76656,68.02983,13.615178,0.517756,11.29579,-3.73756,-2.81945,50,5.6979,2.36701,-103.01786,0.95149,11.86828,20.67123,-36.10102,CAR_EAG,CAR_EAG,CarsonNewman,TeamExclusive,Team,20260217-CarsonNewman-Private-1,31a03820-0c40-11f1-90c1-d3b8e9c17bb1,68.91798,2.69057,NA,6.50181,NA,NA,NA,1.71693,1.83917,-0.27603,d42f9652-cdd7-4e85-a646-f9e5d84c90e5,2026-02-17,20:35:26,2026-02-17T20:35:26Z,2026-02-17T20:35:26Z,GroundBall,v3,CNE,CNE,NA,NA,NA,Undefined,CAR_EAG,07a0e2fb-03a0-42d6-a965-5955eb23568f,55.24577,-104.06513,10.33561,5.60336,2.7805,-18.05051,-2.92413,1.76573,5.93414,329.00173,1.72842,134.66324,-17.26348,NA,NA,NA,NA,NA,NA,1.86119,8.91826,-24.24527,NA,NA,NA,NA,NA,NA,-0.28153,31.41175,0.78583,NA,NA,NA,NA,NA,NA,NA,NA,NA,NA,NA,NA,NA,NA,NA,NA,NA,NA,NA,NA,NA,NA,NA,NA,NA,NA,NA,NA,High,High,High,High,High,NA,NA,NA,48.720225,52.465876,1429.96399,0.609234,07:30:00,-0.773224,0.480833,0.413431,43.984408,0.919666,27.277817,-0.844228,117.927583,-0.251031,-28.265832,0.251031,-0.473563,0.844228,73.440193,-57.589361,0.473563,-0.473563,-117.927583,57.589361,0.844228,28.265832,-73.440193,-0.844228,0.473563,0.251031,-0.251031,NA,NA,NA,NA,NA,NA,NA,NA,NA,NA,NA,NA
NA,NA,NA,NA,NA,NA,NA,NA,NA,NA,NA,NA,NA,NA,NA,NA,67,2026-02-17,15:35:51,8,1,"Sharp, Will",1000370214,Right,CAR_EAG,"Kileffer, James",1000475289,NA,CAR_EAG,Undefined,1,Bottom,2,0,0,Fastball,Changeup,StrikeCalled,Undefined,Undefined,Undefined,0,0,NA,81.23276,-2.162203,-4.268552,2060.839227,211.983798,01:00:00,6.14233,2.60352,5.8201,-22.97104,20.06808,11.58186,2.21117,-0.40746,73.72356,-6.505146,-2.20065,0.472175,NA,NA,NA,NA,NA,NA,NA,NA,NA,NA,NA,-7.14741,11.3178,-2.26027,50,5.95131,8.30691,-117.48129,-5.08167,-9.91128,23.87538,-16.47972,CAR_EAG,CAR_EAG,CarsonNewman,TeamExclusive,Team,20260217-CarsonNewman-Private-1,40225c70-0c40-11f1-90c1-d3b8e9c17bb1,79.82727,NA,NA,7.50921,NA,NA,NA,NA,NA,NA,d42f9652-cdd7-4e85-a646-f9e5d84c90e5,2026-02-17,20:35:51,2026-02-17T20:35:51Z,2026-02-17T20:35:51Z,NA,v3,CNE,CNE,NA,NA,NA,Undefined,CAR_EAG,c4f2253d-4726-4aa8-b450-3a18e83dfd1b,54.67746,-118.42806,11.93769,6.13987,-4.42817,-8.23986,-2.59747,8.69994,-4.95564,NA,NA,NA,NA,NA,NA,NA,NA,NA,NA,NA,NA,NA,NA,NA,NA,NA,NA,NA,NA,NA,NA,NA,NA,NA,NA,NA,NA,NA,NA,NA,NA,NA,NA,NA,NA,NA,NA,NA,NA,NA,NA,NA,NA,NA,NA,NA,NA,NA,NA,High,High,High,NA,NA,NA,NA,NA,211.60887,17.414024,1966.384999,0.954167,01:00:00,-0.3399,-0.511031,-0.789503,-49.244217,-28.81045,-69.640408,-0.331583,176.083044,-0.941222,-3.695041,0.941222,-0.064446,0.331583,19.406858,-19.364904,0.064446,-0.064446,-176.083044,19.364904,0.331583,3.695041,-19.406858,-0.331583,0.064446,0.941222,-0.941222,NA,NA,NA,NA,NA,NA,NA,NA,NA,NA,NA,NA
NA,NA,NA,NA,NA,NA,NA,NA,NA,NA,NA,NA,NA,NA,NA,NA,68,2026-02-17,15:36:07,8,2,"Sharp, Will",1000370214,Right,CAR_EAG,"Kileffer, James",1000475289,NA,CAR_EAG,Undefined,1,Bottom,2,0,1,Fastball,Changeup,BallCalled,Undefined,Undefined,Undefined,0,0,NA,80.36132,-1.144462,-4.90317,2022.023633,211.535973,01:00:00,6.09509,2.4435,5.88353,-24.33127,19.63855,11.09197,3.00062,-1.19672,72.74375,-5.750883,-2.923985,0.477253,NA,NA,NA,NA,NA,NA,NA,NA,NA,NA,NA,-7.11823,10.82756,-2.0529,50,5.98841,9.52912,-116.16482,-2.99138,-9.63627,23.64713,-17.51629,CAR_EAG,CAR_EAG,CarsonNewman,TeamExclusive,Team,20260217-CarsonNewman-Private-1,49bc1820-0c40-11f1-90c1-d3b8e9c17bb1,78.97788,NA,NA,7.61757,NA,NA,NA,NA,NA,NA,d42f9652-cdd7-4e85-a646-f9e5d84c90e5,2026-02-17,20:36:07,2026-02-17T20:36:07Z,2026-02-17T20:36:07Z,NA,v3,CNE,CNE,NA,NA,NA,Undefined,CAR_EAG,9d0e2546-4cf0-4c38-906f-5d0372a7b9a7,54.6135,-117.1002,11.82357,6.09303,-2.29851,-8.75814,-2.43737,9.9103,-4.81814,NA,NA,NA,NA,NA,NA,NA,NA,NA,NA,NA,NA,NA,NA,NA,NA,NA,NA,NA,NA,NA,NA,NA,NA,NA,NA,NA,NA,NA,NA,NA,NA,NA,NA,NA,NA,NA,NA,NA,NA,NA,NA,NA,NA,NA,NA,NA,NA,NA,NA,High,High,High,NA,NA,NA,NA,NA,209.303846,20.876987,1889.273093,0.934348,01:00:00,-0.415529,-0.464335,-0.782131,-48.243879,-22.189901,-67.942798,-0.244659,177.545371,-0.96872,-2.379988,0.96872,-0.041527,0.244659,14.174146,-14.161664,0.041527,-0.041527,-177.545371,14.161664,0.244659,2.379988,-14.174146,-0.244659,0.041527,0.96872,-0.96872,NA,NA,NA,NA,NA,NA,NA,NA,NA,NA,NA,NA
NA,NA,NA,NA,NA,NA,NA,NA,NA,NA,NA,NA,NA,NA,NA,NA,69,2026-02-17,15:36:29,8,3,"Sharp, Will",1000370214,Right,CAR_EAG,"Kileffer, James",1000475289,NA,CAR_EAG,Undefined,1,Bottom,2,1,1,Slider,Curveball,BallCalled,Undefined,Undefined,Undefined,0,0,NA,70.24516,1.559299,-3.549283,2412.303164,59.537903,08:00:00,5.65336,2.93445,5.24306,-70.86161,-11.14209,-22.67635,1.21691,-2.29529,63.83822,-11.233167,-7.559153,0.556198,NA,NA,NA,NA,NA,NA,NA,NA,NA,NA,NA,9.98473,-5.40677,-2.59065,50,5.74503,7.1332,-101.57322,0.51773,10.13354,21.05959,-37.6614,CAR_EAG,CAR_EAG,CarsonNewman,TeamExclusive,Team,20260217-CarsonNewman-Private-1,5705bc70-0c40-11f1-90c1-d3b8e9c17bb1,67.76802,NA,NA,6.40695,NA,NA,NA,NA,NA,NA,d42f9652-cdd7-4e85-a646-f9e5d84c90e5,2026-02-17,20:36:29,2026-02-17T20:36:29Z,2026-02-17T20:36:29Z,NA,v3,CNE,CNE,NA,NA,NA,Undefined,CAR_EAG,519ffc85-633c-41c6-8032-18a6bff21725,55.26,-102.658,10.52979,5.6684,2.45767,-18.8307,-2.94464,6.61122,5.06677,NA,NA,NA,NA,NA,NA,NA,NA,NA,NA,NA,NA,NA,NA,NA,NA,NA,NA,NA,NA,NA,NA,NA,NA,NA,NA,NA,NA,NA,NA,NA,NA,NA,NA,NA,NA,NA,NA,NA,NA,NA,NA,NA,NA,NA,NA,NA,NA,NA,NA,High,High,High,NA,NA,NA,NA,NA,48.215616,56.523791,1330.603955,0.551591,07:30:00,-0.798283,0.433843,0.417762,62.202081,-0.840086,26.457284,-0.723128,131.756834,-0.459996,-31.01469,0.459996,-0.515258,0.723128,57.538759,-46.313301,0.515258,-0.515258,-131.756834,46.313301,0.723128,31.01469,-57.538759,-0.723128,0.515258,0.459996,-0.459996,NA,NA,NA,NA,NA,NA,NA,NA,NA,NA,NA,NA
NA,NA,NA,NA,NA,NA,NA,NA,NA,NA,NA,NA,NA,NA,NA,NA,70,2026-02-17,15:36:50,8,4,"Sharp, Will",1000370214,Right,CAR_EAG,"Kileffer, James",1000475289,NA,CAR_EAG,Undefined,1,Bottom,2,2,1,Fastball,Changeup,BallCalled,Undefined,Undefined,Undefined,0,0,NA,80.49614,-2.26236,-4.967919,2096.784935,213.704968,01:00:00,6.06627,2.57363,6.00116,-24.77186,18.69623,11.4754,1.89662,-1.08499,73.34157,-6.929293,-2.915181,0.474522,NA,NA,NA,NA,NA,NA,NA,NA,NA,NA,NA,-7.32433,10.70571,-2.18795,50,5.87393,9.67996,-116.3812,-5.29205,-9.99888,22.78877,-17.55899,CAR_EAG,CAR_EAG,CarsonNewman,TeamExclusive,Team,20260217-CarsonNewman-Private-1,635dfbe0-0c40-11f1-90c1-d3b8e9c17bb1,79.43239,NA,NA,7.15457,NA,NA,NA,NA,NA,NA,d42f9652-cdd7-4e85-a646-f9e5d84c90e5,2026-02-17,20:36:50,2026-02-17T20:36:50Z,2026-02-17T20:36:50Z,NA,v3,CNE,CNE,NA,NA,NA,Undefined,CAR_EAG,c4707e97-b24a-4403-b4fd-08fac8d98650,54.49771,-117.2586,11.39439,6.06467,-4.61601,-8.7795,-2.56805,10.06493,-4.99944,NA,NA,NA,NA,NA,NA,NA,NA,NA,NA,NA,NA,NA,NA,NA,NA,NA,NA,NA,NA,NA,NA,NA,NA,NA,NA,NA,NA,NA,NA,NA,NA,NA,NA,NA,NA,NA,NA,NA,NA,NA,NA,NA,NA,NA,NA,NA,NA,NA,NA,High,High,High,NA,NA,NA,NA,NA,210.7472,24.912783,1901.679217,0.90695,01:00:00,-0.468593,-0.479946,-0.741668,43.15096,41.796921,89.278927,-0.262166,172.13274,-0.95594,-7.590434,0.95594,-0.132091,0.262166,15.33626,-15.198618,0.132091,-0.132091,-172.13274,15.198618,0.262166,7.590434,-15.33626,-0.262166,0.132091,0.95594,-0.95594,NA,NA,NA,NA,NA,NA,NA,NA,NA,NA,NA,NA
NA,NA,NA,NA,NA,NA,NA,NA,NA,NA,NA,NA,NA,NA,NA,NA,71,2026-02-17,15:37:10,8,5,"Sharp, Will",1000370214,Right,CAR_EAG,"Kileffer, James",1000475289,NA,CAR_EAG,Undefined,1,Bottom,2,3,1,Fastball,Changeup,BallCalled,Walk,Undefined,Undefined,0,0,NA,79.83748,-2.755096,-3.993504,2009.816413,217.857561,01:15:00,5.9233,2.63688,5.93248,-25.04997,19.19611,13.72969,1.2714,0.0698,72.77777,-7.467905,-1.534043,0.47875,NA,NA,NA,NA,NA,NA,NA,NA,NA,NA,NA,-8.17729,11.09662,-2.32501,50,5.68843,7.54119,-115.5223,-6.26021,-10.99272,22.57064,-17.25687,CAR_EAG,CAR_EAG,CarsonNewman,TeamExclusive,Team,20260217-CarsonNewman-Private-1,6f3c9e80-0c40-11f1-90c1-d3b8e9c17bb1,78.73093,NA,NA,7.05971,NA,NA,NA,NA,NA,NA,d42f9652-cdd7-4e85-a646-f9e5d84c90e5,2026-02-17,20:37:10,2026-02-17T20:37:10Z,2026-02-17T20:37:10Z,NA,v3,CNE,CNE,NA,NA,NA,Undefined,CAR_EAG,74d61765-d9bb-4bca-be47-920a3d07fba2,54.56635,-116.41105,11.28532,5.92156,-5.58069,-8.62844,-2.63047,7.97404,-5.49636,NA,NA,NA,NA,NA,NA,NA,NA,NA,NA,NA,NA,NA,NA,NA,NA,NA,NA,NA,NA,NA,NA,NA,NA,NA,NA,NA,NA,NA,NA,NA,NA,NA,NA,NA,NA,NA,NA,NA,NA,NA,NA,NA,NA,NA,NA,NA,NA,NA,NA,High,High,High,NA,NA,NA,NA,NA,213.032155,16.75808,1924.460932,0.957531,01:00:00,-0.318178,-0.535215,-0.782501,-45.034671,-27.49165,-69.832906,-0.277358,179.214425,-0.960676,-0.754753,0.960676,-0.013173,0.277358,16.104036,-16.1026,0.013173,-0.013173,-179.214425,16.1026,0.277358,0.754753,-16.104036,-0.277358,0.013173,0.960676,-0.960676,NA,NA,NA,NA,NA,NA,NA,NA,NA,NA,NA,NA
NA,NA,NA,NA,NA,NA,NA,NA,NA,NA,NA,NA,NA,NA,NA,NA,72,2026-02-17,15:37:52,9,1,"Sharp, Will",1000370214,Right,CAR_EAG,"Kileffer, James",1000475289,NA,CAR_EAG,Undefined,1,Bottom,2,0,0,Fastball,Changeup,BallCalled,Undefined,Undefined,Undefined,0,0,NA,80.21194,-3.97609,-5.478228,2003.625497,217.761277,01:15:00,6.03999,2.49812,5.83784,-25.36596,18.678,13.32272,0.2076,-1.49904,73.57736,-8.699859,-3.103973,0.477655,NA,NA,NA,NA,NA,NA,NA,NA,NA,NA,NA,-8.38682,11.11134,-2.05831,50,5.69899,10.60487,-115.74984,-8.80706,-11.37787,21.61285,-17.10002,CAR_EAG,CAR_EAG,CarsonNewman,TeamExclusive,Team,20260217-CarsonNewman-Private-1,88653390-0c40-11f1-90c1-d3b8e9c17bb1,78.91139,NA,NA,6.63457,NA,NA,NA,NA,NA,NA,d42f9652-cdd7-4e85-a646-f9e5d84c90e5,2026-02-17,20:37:52,2026-02-17T20:37:52Z,2026-02-17T20:37:52Z,NA,v3,CNE,CNE,NA,NA,NA,Undefined,CAR_EAG,31d1589b-650b-47c5-8a69-15b3ce89189c,54.66371,-116.6174,10.80642,6.03874,-8.12065,-8.55001,-2.49317,11.06158,-5.68893,NA,NA,NA,NA,NA,NA,NA,NA,NA,NA,NA,NA,NA,NA,NA,NA,NA,NA,NA,NA,NA,NA,NA,NA,NA,NA,NA,NA,NA,NA,NA,NA,NA,NA,NA,NA,NA,NA,NA,NA,NA,NA,NA,NA,NA,NA,NA,NA,NA,NA,High,High,High,NA,NA,NA,NA,NA,210.92212,20.840864,1872.532635,0.934572,01:00:00,-0.396688,-0.503764,-0.767372,-49.270322,-25.892971,-65.562645,-0.24949,175.855903,-0.965845,-4.012831,0.965845,-0.06998,0.24949,14.483641,-14.44736,0.06998,-0.06998,-175.855903,14.44736,0.24949,4.012831,-14.483641,-0.24949,0.06998,0.965845,-0.965845,NA,NA,NA,NA,NA,NA,NA,NA,NA,NA,NA,NA
NA,NA,NA,NA,NA,NA,NA,NA,NA,NA,NA,NA,NA,NA,NA,NA,73,2026-02-17,15:38:09,9,2,"Sharp, Will",1000370214,Right,CAR_EAG,"Kileffer, James",1000475289,NA,CAR_EAG,Undefined,1,Bottom,2,1,0,Fastball,Changeup,BallCalled,Undefined,Undefined,Undefined,0,0,NA,80.97761,-2.851265,-4.745024,1983.345638,212.804143,01:00:00,6.08553,2.42459,5.78898,-22.65304,20.64997,12.34461,1.53388,-0.97118,73.78483,-7.119754,-2.544301,0.47362,NA,NA,NA,NA,NA,NA,NA,NA,NA,NA,NA,-7.6517,11.79178,-2.04024,50,5.83618,9.22977,-117.02823,-6.4766,-10.5668,22.95495,-15.8899,CAR_EAG,CAR_EAG,CarsonNewman,TeamExclusive,Team,20260217-CarsonNewman-Private-1,927ef4b0-0c40-11f1-90c1-d3b8e9c17bb1,79.58365,NA,NA,7.19278,NA,NA,NA,NA,NA,NA,d42f9652-cdd7-4e85-a646-f9e5d84c90e5,2026-02-17,20:38:09,2026-02-17T20:38:09Z,2026-02-17T20:38:09Z,NA,v3,CNE,CNE,NA,NA,NA,Undefined,CAR_EAG,26b155e0-b007-4ed3-974c-90f49e419713,54.71001,-117.94847,11.47747,6.08306,-5.83959,-7.94495,-2.41874,9.65339,-5.2834,NA,NA,NA,NA,NA,NA,NA,NA,NA,NA,NA,NA,NA,NA,NA,NA,NA,NA,NA,NA,NA,NA,NA,NA,NA,NA,NA,NA,NA,NA,NA,NA,NA,NA,NA,NA,NA,NA,NA,NA,NA,NA,NA,NA,NA,NA,NA,NA,NA,NA,High,High,High,NA,NA,NA,NA,NA,210.950481,18.563976,1880.149712,0.947969,01:00:00,-0.359963,-0.50277,-0.785906,-47.922436,-25.304092,-62.188604,-0.24441,174.910633,-0.965849,-4.934627,0.965849,-0.086019,0.24441,14.200708,-14.146975,0.086019,-0.086019,-174.910633,14.146975,0.24441,4.934627,-14.200708,-0.24441,0.086019,0.965849,-0.965849,NA,NA,NA,NA,NA,NA,NA,NA,NA,NA,NA,NA
NA,NA,NA,NA,NA,NA,NA,NA,NA,NA,NA,NA,NA,NA,NA,NA,74,2026-02-17,15:38:32,9,3,"Sharp, Will",1000370214,Right,CAR_EAG,"Kileffer, James",1000475289,NA,CAR_EAG,Undefined,1,Bottom,2,2,0,Fastball,Changeup,StrikeSwinging,Undefined,Undefined,Undefined,0,0,NA,80.42779,-2.816274,-4.372721,2010.355681,209.030001,01:00:00,6.15118,2.52621,5.80209,-20.46218,23.57891,12.20261,1.81686,-0.53182,72.89694,-6.716728,-2.195457,0.47764,NA,NA,NA,NA,NA,NA,NA,NA,NA,NA,NA,-7.65835,13.41343,-2.17405,50,5.90722,8.43379,-116.27814,-6.27583,-10.37349,23.96939,-14.00516,CAR_EAG,CAR_EAG,CarsonNewman,TeamExclusive,Team,20260217-CarsonNewman-Private-1,a03ba620-0c40-11f1-90c1-d3b8e9c17bb1,78.91398,NA,NA,7.53085,NA,NA,NA,NA,NA,NA,d42f9652-cdd7-4e85-a646-f9e5d84c90e5,2026-02-17,20:38:32,2026-02-17T20:38:32Z,2026-02-17T20:38:32Z,NA,v3,CNE,CNE,NA,NA,NA,Undefined,CAR_EAG,a862d5e8-e2fd-412c-afe5-bed87078725a,54.69897,-117.24277,11.9847,6.14845,-5.7122,-7.00258,-2.52186,8.85126,-5.18675,NA,NA,NA,NA,NA,NA,NA,NA,NA,NA,NA,NA,NA,NA,NA,NA,NA,NA,NA,NA,NA,NA,NA,NA,NA,NA,NA,NA,NA,NA,NA,NA,NA,NA,NA,NA,NA,NA,NA,NA,NA,NA,NA,NA,NA,NA,NA,NA,NA,NA,High,High,High,NA,NA,NA,NA,NA,209.702799,14.69771,1944.572606,0.967278,01:00:00,-0.293254,-0.491174,-0.820213,-45.493578,-18.198625,-56.766609,-0.25107,178.90269,-0.967791,-1.062158,0.967791,-0.018537,0.25107,14.543391,-14.540837,0.018537,-0.018537,-178.90269,14.540837,0.25107,1.062158,-14.543391,-0.25107,0.018537,0.967791,-0.967791,NA,NA,NA,NA,NA,NA,NA,NA,NA,NA,NA,NA
NA,NA,NA,NA,NA,NA,NA,NA,NA,NA,NA,NA,NA,NA,NA,NA,75,2026-02-17,15:38:51,9,4,"Sharp, Will",1000370214,Right,CAR_EAG,"Kileffer, James",1000475289,NA,CAR_EAG,Undefined,1,Bottom,2,2,1,Fastball,Changeup,BallCalled,Undefined,Undefined,Undefined,0,0,NA,80.1973,-0.746944,-2.812566,1985.087692,220.393227,01:15:00,6.14202,2.52313,5.6947,-26.51175,17.77682,13.78965,3.23571,1.04896,72.59055,-5.737045,-0.349733,0.47898,NA,NA,NA,NA,NA,NA,NA,NA,NA,NA,NA,-7.8202,9.70607,-2.29517,50,6.06292,5.15624,-116.18929,-2.28753,-10.57819,23.90097,-19.04487,CAR_EAG,CAR_EAG,CarsonNewman,TeamExclusive,Team,20260217-CarsonNewman-Private-1,ab9f9a80-0c40-11f1-90c1-d3b8e9c17bb1,78.69316,NA,NA,7.60675,NA,NA,NA,NA,NA,NA,d42f9652-cdd7-4e85-a646-f9e5d84c90e5,2026-02-17,20:38:51,2026-02-17T20:38:51Z,2026-02-17T20:38:51Z,NA,v3,CNE,CNE,NA,NA,NA,Undefined,CAR_EAG,a7901863-851c-4bd8-86fc-c47ee1c79e0e,54.8028,-117.17309,11.95049,6.14094,-1.50361,-9.52244,-2.51637,5.59166,-5.28909,NA,NA,NA,NA,NA,NA,NA,NA,NA,NA,NA,NA,NA,NA,NA,NA,NA,NA,NA,NA,NA,NA,NA,NA,NA,NA,NA,NA,NA,NA,NA,NA,NA,NA,NA,NA,NA,NA,NA,NA,NA,NA,NA,NA,NA,NA,NA,NA,NA,NA,High,High,High,NA,NA,NA,NA,NA,210.423264,17.657184,1891.567062,0.952888,01:00:00,-0.336966,-0.486441,-0.80612,-50.235012,-15.899414,-54.897435,-0.283875,178.554228,-0.958556,-1.386283,0.958556,-0.024193,0.283875,16.496582,-16.491616,0.024193,-0.024193,-178.554228,16.491616,0.283875,1.386283,-16.496582,-0.283875,0.024193,0.958556,-0.958556,NA,NA,NA,NA,NA,NA,NA,NA,NA,NA,NA,NA
NA,NA,NA,NA,NA,NA,NA,NA,NA,NA,NA,NA,NA,NA,NA,NA,76,2026-02-17,15:39:10,9,5,"Sharp, Will",1000370214,Right,CAR_EAG,"Kileffer, James",1000475289,NA,CAR_EAG,Undefined,1,Bottom,2,3,1,Fastball,Changeup,BallCalled,Walk,Undefined,Undefined,0,0,NA,80.18304,-3.21304,-2.552408,1975.405301,209.491485,01:00:00,6.29637,2.30658,5.74481,-24.78356,19.23828,10.03603,1.23334,0.76484,73.32511,-7.847326,-0.756918,0.477535,NA,NA,NA,NA,NA,NA,NA,NA,NA,NA,NA,-5.84516,11.17146,-2.10045,50,6.01368,4.78862,-116.12787,-7.23639,-7.95392,22.46021,-16.97231,CAR_EAG,CAR_EAG,CarsonNewman,TeamExclusive,Team,20260217-CarsonNewman-Private-1,b71d0a50-0c40-11f1-90c1-d3b8e9c17bb1,78.93121,NA,NA,6.85792,NA,NA,NA,NA,NA,NA,d42f9652-cdd7-4e85-a646-f9e5d84c90e5,2026-02-17,20:39:10,2026-02-17T20:39:10Z,2026-02-17T20:39:10Z,NA,v3,CNE,CNE,NA,NA,NA,Undefined,CAR_EAG,d17706c0-2ec2-4b10-9ce8-aaa8d1624b05,54.75455,-117.04383,11.23011,6.29468,-6.54423,-8.48616,-2.30235,5.11299,-3.97696,NA,NA,NA,NA,NA,NA,NA,NA,NA,NA,NA,NA,NA,NA,NA,NA,NA,NA,NA,NA,NA,NA,NA,NA,NA,NA,NA,NA,NA,NA,NA,NA,NA,NA,NA,NA,NA,NA,NA,NA,NA,NA,NA,NA,NA,NA,NA,NA,NA,NA,High,High,High,NA,NA,NA,NA,NA,207.481898,17.712053,1881.766161,0.952598,01:00:00,-0.316475,-0.455954,-0.831835,-47.536124,-15.944829,-54.547634,-0.275522,177.170984,-0.960123,-2.719435,0.960123,-0.047445,0.275522,16.011612,-15.993097,0.047445,-0.047445,-177.170984,15.993097,0.275522,2.719435,-16.011612,-0.275522,0.047445,0.960123,-0.960123,NA,NA,NA,NA,NA,NA,NA,NA,NA,NA,NA,NA
NA,NA,NA,NA,NA,NA,NA,NA,NA,NA,NA,NA,NA,NA,NA,NA,77,2026-02-17,15:40:05,10,1,"Sharp, Will",1000370214,Right,CAR_EAG,"Kileffer, James",1000475289,NA,CAR_EAG,Undefined,1,Bottom,2,0,0,Fastball,Changeup,BallCalled,Undefined,Undefined,Undefined,0,0,NA,79.92319,-4.64914,-4.213372,1946.41944,209.504077,01:00:00,6.18108,2.68827,5.82072,-21.91832,22.60088,11.90091,0.01071,-0.24449,72.99745,-8.770366,-2.08738,0.480225,NA,NA,NA,NA,NA,NA,NA,NA,NA,NA,NA,-7.34945,13.39142,-2.35022,50,5.78606,8.05382,-115.37828,-9.998,-9.85747,22.46972,-14.21281,CAR_EAG,CAR_EAG,CarsonNewman,TeamExclusive,Team,20260217-CarsonNewman-Private-1,d7b32c40-0c40-11f1-90c1-d3b8e9c17bb1,78.48905,NA,NA,6.92574,NA,NA,NA,NA,NA,NA,d42f9652-cdd7-4e85-a646-f9e5d84c90e5,2026-02-17,20:40:05,2026-02-17T20:40:05Z,2026-02-17T20:40:05Z,NA,v3,CNE,CNE,NA,NA,NA,Undefined,CAR_EAG,709f9e92-fd30-4e0c-acc1-27ec6462534a,54.67987,-116.28611,11.23486,6.1784,-9.42377,-7.1064,-2.68366,8.45208,-4.92873,NA,NA,NA,NA,NA,NA,NA,NA,NA,NA,NA,NA,NA,NA,NA,NA,NA,NA,NA,NA,NA,NA,NA,NA,NA,NA,NA,NA,NA,NA,NA,NA,NA,NA,NA,NA,NA,NA,NA,NA,NA,NA,NA,NA,NA,NA,NA,NA,NA,NA,High,High,High,NA,NA,NA,NA,NA,210.051853,12.710734,1898.719201,0.975493,01:00:00,-0.24126,-0.504738,-0.828875,-43.163589,-18.46937,-56.548095000000004,0.250771,179.345791,-0.967983,0.633304,0.967983,-0.011053,-0.250771,14.524061,14.523154,0.011053,0.011053,-179.345791,-14.523154,0.250771,-0.633304,-14.524061,-0.250771,-0.011053,0.967983,-0.967983,NA,NA,NA,NA,NA,NA,NA,NA,NA,NA,NA,NA
NA,NA,NA,NA,NA,NA,NA,NA,NA,NA,NA,NA,NA,NA,NA,NA,78,2026-02-17,15:40:24,10,2,"Sharp, Will",1000370214,Right,CAR_EAG,"Kileffer, James",1000475289,NA,CAR_EAG,Undefined,1,Bottom,2,1,0,Fastball,Changeup,BallCalled,Undefined,Undefined,Undefined,0,0,NA,81.6406,-3.484539,-4.066574,2051.161383,215.252607,01:15:00,6.04268,2.73935,5.78053,-22.23836,20.35009,13.34107,0.93506,0.06094,74.45995,-7.668379,-1.684024,0.469696,NA,NA,NA,NA,NA,NA,NA,NA,NA,NA,NA,-7.94615,11.81099,-2.41118,50,5.74076,7.86041,-118.02092,-7.82746,-11.16168,23.32221,-15.58361,CAR_EAG,CAR_EAG,CarsonNewman,TeamExclusive,Team,20260217-CarsonNewman-Private-1,e2e16aa0-0c40-11f1-90c1-d3b8e9c17bb1,80.2485,NA,NA,7.18065,NA,NA,NA,NA,NA,NA,d42f9652-cdd7-4e85-a646-f9e5d84c90e5,2026-02-17,20:40:24,2026-02-17T20:40:24Z,2026-02-17T20:40:24Z,NA,v3,CNE,CNE,NA,NA,NA,Undefined,CAR_EAG,91d354bf-6d91-41c6-b227-38ceda876cd3,54.71832,-118.94966,11.6611,6.04011,-7.20689,-7.7918,-2.73305,8.3049,-5.58084,NA,NA,NA,NA,NA,NA,NA,NA,NA,NA,NA,NA,NA,NA,NA,NA,NA,NA,NA,NA,NA,NA,NA,NA,NA,NA,NA,NA,NA,NA,NA,NA,NA,NA,NA,NA,NA,NA,NA,NA,NA,NA,NA,NA,NA,NA,NA,NA,NA,NA,High,High,High,NA,NA,NA,NA,NA,213.332048,14.345083,1987.208391,0.968821,01:00:00,-0.271808,-0.546432,-0.792169,-51.117065,-22.301105,-52.082123,-0.302812,176.622225,-0.951395,-3.219018,0.951395,-0.056153,0.302812,17.655362,-17.62659,0.056153,-0.056153,-176.622225,17.62659,0.302812,3.219018,-17.655362,-0.302812,0.056153,0.951395,-0.951395,NA,NA,NA,NA,NA,NA,NA,NA,NA,NA,NA,NA
NA,NA,NA,NA,NA,NA,NA,NA,NA,NA,NA,NA,NA,NA,NA,NA,79,2026-02-17,15:40:42,10,3,"Sharp, Will",1000370214,Right,CAR_EAG,"Kileffer, James",1000475289,NA,CAR_EAG,Undefined,1,Bottom,2,2,0,Fastball,Changeup,StrikeCalled,Undefined,Undefined,Undefined,0,0,NA,80.04378,-3.157165,-3.304209,2004.974415,205.109747,12:45:00,6.2696,2.53248,5.66003,-21.77415,22.74777,9.92457,1.50293,0.27472,72.83468,-7.2685,-1.534261,0.48024,NA,NA,NA,NA,NA,NA,NA,NA,NA,NA,NA,-5.99996,12.93221,-2.25889,50,5.9882,6.29258,-115.78544,-6.99049,-8.09098,22.96005,-14.73489,CAR_EAG,CAR_EAG,CarsonNewman,TeamExclusive,Team,20260217-CarsonNewman-Private-1,edf0d660-0c40-11f1-90c1-d3b8e9c17bb1,78.48665,NA,NA,7.20909,NA,NA,NA,NA,NA,NA,d42f9652-cdd7-4e85-a646-f9e5d84c90e5,2026-02-17,20:40:42,2026-02-17T20:40:42Z,2026-02-17T20:40:42Z,NA,v3,CNE,CNE,NA,NA,NA,Undefined,CAR_EAG,eb42d163-1dbc-4dfa-b14c-bcf620c7987e,54.83813,-116.74089,11.48002,6.26634,-6.37732,-7.36744,-2.52775,6.62927,-4.04549,NA,NA,NA,NA,NA,NA,NA,NA,NA,NA,NA,NA,NA,NA,NA,NA,NA,NA,NA,NA,NA,NA,NA,NA,NA,NA,NA,NA,NA,NA,NA,NA,NA,NA,NA,NA,NA,NA,NA,NA,NA,NA,NA,NA,NA,NA,NA,NA,NA,NA,High,High,High,NA,NA,NA,NA,NA,206.933852,12.723927,1955.737558,0.975443,01:00:00,-0.245383,-0.453298,-0.856918,-48.879439,-12.678885,-46.772389,-0.334833,178.173444,-0.941799,-1.72109,0.941799,-0.030034,0.334833,19.571575,-19.562386,0.030034,-0.030034,-178.173444,19.562386,0.334833,1.72109,-19.571575,-0.334833,0.030034,0.941799,-0.941799,NA,NA,NA,NA,NA,NA,NA,NA,NA,NA,NA,NA
NA,NA,NA,NA,NA,NA,NA,NA,NA,NA,NA,NA,NA,NA,NA,NA,80,2026-02-17,15:41:01,10,4,"Sharp, Will",1000370214,Right,CAR_EAG,"Kileffer, James",1000475289,NA,CAR_EAG,Undefined,1,Bottom,2,2,1,Fastball,Changeup,BallCalled,Undefined,Undefined,Undefined,0,0,NA,80.66879,-0.129657,-2.978436,2070.409559,216.193436,01:15:00,5.99698,2.95855,6.07967,-23.50163,19.44603,13.1652,3.91839,1.29739,73.22502,-4.604111,-0.611524,0.471673,NA,NA,NA,NA,NA,NA,NA,NA,NA,NA,NA,-7.60796,10.46741,-2.73467,50,5.97438,5.58133,-116.98954,-0.88191,-10.4789,23.34177,-17.7567,CAR_EAG,CAR_EAG,CarsonNewman,TeamExclusive,Team,20260217-CarsonNewman-Private-1,f9395380-0c40-11f1-90c1-d3b8e9c17bb1,79.9122,NA,NA,7.44377,NA,NA,NA,NA,NA,NA,d42f9652-cdd7-4e85-a646-f9e5d84c90e5,2026-02-17,20:41:01,2026-02-17T20:41:01Z,2026-02-17T20:41:01Z,NA,v3,CNE,CNE,NA,NA,NA,Undefined,CAR_EAG,761d198c-cba1-4f90-b9f9-67ae96a11f18,54.4183,-117.86778,11.67088,5.995,-0.21381,-8.87835,-2.95209,5.9756,-5.23945,NA,NA,NA,NA,NA,NA,NA,NA,NA,NA,NA,NA,NA,NA,NA,NA,NA,NA,NA,NA,NA,NA,NA,NA,NA,NA,NA,NA,NA,NA,NA,NA,NA,NA,NA,NA,NA,NA,NA,NA,NA,NA,NA,NA,NA,NA,NA,NA,NA,NA,High,High,High,NA,NA,NA,NA,NA,214.874157,21.341579,1928.436138,0.931427,01:15:00,-0.401937,-0.53339,-0.744273,37.477649,45.59572,82.021653,-0.313367,172.562199,-0.941642,-7.061214,0.941642,-0.12293,0.313367,18.406827,-18.262269,0.12293,-0.12293,-172.562199,18.262269,0.313367,7.061214,-18.406827,-0.313367,0.12293,0.941642,-0.941642,NA,NA,NA,NA,NA,NA,NA,NA,NA,NA,NA,NA
NA,NA,NA,NA,NA,NA,NA,NA,NA,NA,NA,NA,NA,NA,NA,NA,81,2026-02-17,15:41:22,10,5,"Sharp, Will",1000370214,Right,CAR_EAG,"Kileffer, James",1000475289,NA,CAR_EAG,Undefined,1,Bottom,2,3,1,Slider,Curveball,BallCalled,Walk,Undefined,Undefined,0,0,NA,68.68636,2.67908,-0.346689,2239.502507,59.531451,08:00:00,5.8024,3.27862,5.07129,-69.83397,-7.8678,-17.0341,2.51074,1.53223,62.59311,-9.9608,-3.360969,0.566564,NA,NA,NA,NA,NA,NA,NA,NA,NA,NA,NA,8.2639,-4.0139,-3.23184,50,6.00205,1.23193,-99.50096,2.43285,8.1606,18.19745,-36.13776,CAR_EAG,CAR_EAG,CarsonNewman,TeamExclusive,Team,20260217-CarsonNewman-Private-1,05d97160-0c41-11f1-90c1-d3b8e9c17bb1,66.52817,NA,NA,6.09325,NA,NA,NA,NA,NA,NA,d42f9652-cdd7-4e85-a646-f9e5d84c90e5,2026-02-17,20:41:22,2026-02-17T20:41:22Z,2026-02-17T20:41:22Z,NA,v3,CNE,CNE,NA,NA,NA,Undefined,CAR_EAG,9f593f50-8e3f-48d4-a5df-54cc071af688,55.43126,-100.48936,9.09872,5.8166,4.39568,-18.06888,-3.28672,0.78868,4.0803,NA,NA,NA,NA,NA,NA,NA,NA,NA,NA,NA,NA,NA,NA,NA,NA,NA,NA,NA,NA,NA,NA,NA,NA,NA,NA,NA,NA,NA,NA,NA,NA,NA,NA,NA,NA,NA,NA,NA,NA,NA,NA,NA,NA,NA,NA,NA,NA,NA,NA,High,High,High,NA,NA,NA,NA,NA,45.87867,53.010057,1347.452277,0.601675,07:30:00,-0.775131,0.468785,0.423572,71.452212,-20.466801,18.131658,-0.790364,138.507376,-0.458891,-23.946717,0.458891,-0.405887,0.790364,59.860256,-52.219534,0.405887,-0.405887,-138.507376,52.219534,0.790364,23.946717,-59.860256,-0.790364,0.405887,0.458891,-0.458891,NA,NA,NA,NA,NA,NA,NA,NA,NA,NA,NA,NA
NA,NA,NA,NA,NA,NA,NA,NA,NA,NA,NA,NA,NA,NA,NA,NA,82,2026-02-17,15:42:10,11,1,"Sharp, Will",1000370214,Right,CAR_EAG,"Kileffer, James",1000475289,NA,CAR_EAG,Undefined,1,Bottom,2,0,0,Fastball,Changeup,BallCalled,Undefined,Undefined,Undefined,0,0,NA,80.3305,-3.593351,-4.643573,2003.460794,211.14447,01:00:00,6.20742,2.61762,6.03286,-24.27714,19.40572,10.80619,0.84133,-0.79153,73.2923,-8.158738,-2.707252,0.475693,NA,NA,NA,NA,NA,NA,NA,NA,NA,NA,NA,-7.12626,11.58383,-2.26048,50,5.91245,9.05814,-116.13248,-7.98024,-9.65538,23.35084,-16.47914,CAR_EAG,CAR_EAG,CarsonNewman,TeamExclusive,Team,20260217-CarsonNewman-Private-1,21ef6260-0c41-11f1-90c1-d3b8e9c17bb1,79.23687,NA,NA,7.0382,NA,NA,NA,NA,NA,NA,d42f9652-cdd7-4e85-a646-f9e5d84c90e5,2026-02-17,20:42:10,2026-02-17T20:42:10Z,2026-02-17T20:42:10Z,NA,v3,CNE,CNE,NA,NA,NA,Undefined,CAR_EAG,e7770e6d-67a4-4065-9bf3-077bb15ecfc6,54.47084,-117.02798,11.67542,6.20638,-7.34826,-8.23957,-2.61495,9.42842,-4.82769,NA,NA,NA,NA,NA,NA,NA,NA,NA,NA,NA,NA,NA,NA,NA,NA,NA,NA,NA,NA,NA,NA,NA,NA,NA,NA,NA,NA,NA,NA,NA,NA,NA,NA,NA,NA,NA,NA,NA,NA,NA,NA,NA,NA,NA,NA,NA,NA,NA,NA,High,High,High,NA,NA,NA,NA,NA,205.652955,19.695505,1886.252307,0.941497,12:45:00,-0.378501,-0.427913,-0.820748,-38.966387,-21.978266,-79.043453,0.207651,179.086646,-0.978079,0.893444,0.978079,-0.015593,-0.207651,11.986204,11.984725,0.015593,0.015593,-179.086646,-11.984725,0.207651,-0.893444,-11.986204,-0.207651,-0.015593,0.978079,-0.978079,NA,NA,NA,NA,NA,NA,NA,NA,NA,NA,NA,NA
NA,NA,NA,NA,NA,NA,NA,NA,NA,NA,NA,NA,NA,NA,NA,NA,83,2026-02-17,15:42:28,11,2,"Sharp, Will",1000370214,Right,CAR_EAG,"Kileffer, James",1000475289,NA,CAR_EAG,Undefined,1,Bottom,2,1,0,Fastball,Changeup,StrikeSwinging,Undefined,Undefined,Undefined,0,0,NA,80.19528,-2.1912,-3.502375,1991.486425,210.926085,01:00:00,6.0721,2.77473,5.81478,-24.30009,19.67155,10.88012,2.00477,0.42061,73.05428,-6.766369,-1.556847,0.477263,NA,NA,NA,NA,NA,NA,NA,NA,NA,NA,NA,-6.54288,11.11619,-2.4938,50,5.87783,6.68147,-116.11781,-5.12832,-8.8884,22.7605,-17.07286,CAR_EAG,CAR_EAG,CarsonNewman,TeamExclusive,Team,20260217-CarsonNewman-Private-1,2cd57430-0c41-11f1-90c1-d3b8e9c17bb1,78.97624,NA,NA,7.141,NA,NA,NA,NA,NA,NA,d42f9652-cdd7-4e85-a646-f9e5d84c90e5,2026-02-17,20:42:28,2026-02-17T20:42:28Z,2026-02-17T20:42:28Z,NA,v3,CNE,CNE,NA,NA,NA,Undefined,CAR_EAG,38bf0e35-9953-48c1-b31e-ad90b68f971b,54.68332,-117.0322,11.38025,6.07008,-4.44243,-8.53643,-2.76939,7.03855,-4.4442,NA,NA,NA,NA,NA,NA,NA,NA,NA,NA,NA,NA,NA,NA,NA,NA,NA,NA,NA,NA,NA,NA,NA,NA,NA,NA,NA,NA,NA,NA,NA,NA,NA,NA,NA,NA,NA,NA,NA,NA,NA,NA,NA,NA,NA,NA,NA,NA,NA,NA,High,High,High,NA,NA,NA,NA,NA,211.681009,17.275768,1901.643464,0.954886,01:00:00,-0.326702,-0.512484,-0.794119,-51.167049,-25.204781,-66.00124,-0.353151,177.875113,-0.934923,-1.987916,0.934923,-0.034689,0.353151,20.693188,-20.680163,0.034689,-0.034689,-177.875113,20.680163,0.353151,1.987916,-20.693188,-0.353151,0.034689,0.934923,-0.934923,NA,NA,NA,NA,NA,NA,NA,NA,NA,NA,NA,NA
NA,NA,NA,NA,NA,NA,NA,NA,NA,NA,NA,NA,NA,NA,NA,NA,84,2026-02-17,15:42:45,11,3,"Sharp, Will",1000370214,Right,CAR_EAG,"Kileffer, James",1000475289,NA,CAR_EAG,Undefined,1,Bottom,2,1,1,ChangeUp,Changeup,StrikeSwinging,Undefined,Undefined,Undefined,0,0,NA,73.8904,-0.913452,-4.708858,1993.10219,238.863475,02:00:00,5.90294,2.8433,5.53965,-38.86549,13.40796,19.28655,1.80741,0.03937,67.60909,-8.078829,-1.281718,0.52037,NA,NA,NA,NA,NA,NA,NA,NA,NA,NA,NA,-11.02741,7.56646,-2.44697,50,5.79788,8.09051,-106.90702,-2.86156,-12.73637,18.77842,-23.43497,CAR_EAG,CAR_EAG,CarsonNewman,TeamExclusive,Team,20260217-CarsonNewman-Private-1,37629090-0c41-11f1-90c1-d3b8e9c17bb1,72.43397,NA,NA,6.2813,NA,NA,NA,NA,NA,NA,d42f9652-cdd7-4e85-a646-f9e5d84c90e5,2026-02-17,20:42:45,2026-02-17T20:42:45Z,2026-02-17T20:42:45Z,NA,v3,CNE,CNE,NA,NA,NA,Undefined,CAR_EAG,1fa14b47-1ae9-408e-9cc2-c3f272c50e76,54.96013,-107.77476,9.38921,5.90509,-1.77865,-11.71749,-2.83442,8.67905,-6.36818,NA,NA,NA,NA,NA,NA,NA,NA,NA,NA,NA,NA,NA,NA,NA,NA,NA,NA,NA,NA,NA,NA,NA,NA,NA,NA,NA,NA,NA,NA,NA,NA,NA,NA,NA,NA,NA,NA,NA,NA,NA,NA,NA,NA,NA,NA,NA,NA,NA,NA,High,High,High,NA,NA,NA,NA,NA,228.444215,7.373638,1976.619868,0.99173,01:30:00,-0.170105,-0.744074,-0.64608,71.420814,35.184897,26.718542,0.025254,107.478237,-0.300248,72.463823,0.300248,-0.953527,-0.025254,4.807864,1.447102,0.953527,0.953527,-107.478237,-1.447102,0.025254,-72.463823,-4.807864,-0.025254,-0.953527,0.300248,-0.300248,NA,NA,NA,NA,NA,NA,NA,NA,NA,NA,NA,NA
NA,NA,NA,NA,NA,NA,NA,NA,NA,NA,NA,NA,NA,NA,NA,NA,85,2026-02-17,15:43:03,11,4,"Sharp, Will",1000370214,Right,CAR_EAG,"Kileffer, James",1000475289,NA,CAR_EAG,Undefined,1,Bottom,2,1,2,Slider,Curveball,BallCalled,Undefined,Undefined,Undefined,0,0,NA,69.60301,1.133513,-0.639304,2253.307694,66.715247,08:15:00,5.56552,3.14865,5.19023,-65.92126,-6.06583,-18.8097,1.13866,0.97972,63.82739,-10.787326,-3.97967,0.556831,NA,NA,NA,NA,NA,NA,NA,NA,NA,NA,NA,9.15871,-2.74882,-3.07455,50,5.62097,1.80754,-100.9609,-0.0755,9.32804,18.46873,-34.97368,CAR_EAG,CAR_EAG,CarsonNewman,TeamExclusive,Team,20260217-CarsonNewman-Private-1,421388a0-0c41-11f1-90c1-d3b8e9c17bb1,67.69102,NA,NA,5.77562,NA,NA,NA,NA,NA,NA,d42f9652-cdd7-4e85-a646-f9e5d84c90e5,2026-02-17,20:43:03,2026-02-17T20:43:03Z,2026-02-17T20:43:03Z,NA,v3,CNE,CNE,NA,NA,NA,Undefined,CAR_EAG,c8bfe245-0617-400a-9c80-0a2318b6bacf,55.31296,-101.92817,9.23437,5.57696,1.75617,-17.48684,-3.15642,1.319,4.66402,NA,NA,NA,NA,NA,NA,NA,NA,NA,NA,NA,NA,NA,NA,NA,NA,NA,NA,NA,NA,NA,NA,NA,NA,NA,NA,NA,NA,NA,NA,NA,NA,NA,NA,NA,NA,NA,NA,NA,NA,NA,NA,NA,NA,NA,NA,NA,NA,NA,NA,High,High,High,NA,NA,NA,NA,NA,55.435238,54.933365,1294.589987,0.574529,07:45:00,-0.805278,0.489215,0.334958,63.925889,-10.505177,24.173925,-0.724612,137.675443,-0.509523,-27.647424,0.509523,-0.464029,0.724612,54.886422,-46.436621,0.464029,-0.464029,-137.675443,46.436621,0.724612,27.647424,-54.886422,-0.724612,0.464029,0.509523,-0.509523,NA,NA,NA,NA,NA,NA,NA,NA,NA,NA,NA,NA
NA,NA,NA,NA,NA,NA,NA,NA,NA,NA,NA,NA,NA,NA,NA,NA,86,2026-02-17,15:43:21,11,5,"Sharp, Will",1000370214,Right,CAR_EAG,"Kileffer, James",1000475289,NA,CAR_EAG,Undefined,1,Bottom,2,2,2,ChangeUp,Changeup,BallCalled,Undefined,Undefined,Undefined,0,0,NA,74.82875,-3.493662,-5.017424,1966.82712,236.820945,02:00:00,5.84205,2.77847,5.58854,-37.18396,13.4995,18.19387,-0.53566,-0.40273,69.31679,-10.280557,-1.779685,0.512395,NA,NA,NA,NA,NA,NA,NA,NA,NA,NA,NA,-10.86402,8.18067,-2.35958,50,5.51596,8.88722,-108.19643,-7.72573,-12.9317,18.14357,-22.43638,CAR_EAG,CAR_EAG,CarsonNewman,TeamExclusive,Team,20260217-CarsonNewman-Private-1,4ca02fd0-0c41-11f1-90c1-d3b8e9c17bb1,73.56135,NA,NA,5.51196,NA,NA,NA,NA,NA,NA,d42f9652-cdd7-4e85-a646-f9e5d84c90e5,2026-02-17,20:43:21,2026-02-17T20:43:21Z,2026-02-17T20:43:21Z,NA,v3,CNE,CNE,NA,NA,NA,Undefined,CAR_EAG,5184d355-7d96-4c77-8cb4-968f7ebad6c6,54.91697,-109.01785,9.07178,5.84274,-6.70997,-11.21819,-2.77518,9.47268,-6.46585,NA,NA,NA,NA,NA,NA,NA,NA,NA,NA,NA,NA,NA,NA,NA,NA,NA,NA,NA,NA,NA,NA,NA,NA,NA,NA,NA,NA,NA,NA,NA,NA,NA,NA,NA,NA,NA,NA,NA,NA,NA,NA,NA,NA,NA,NA,NA,NA,NA,NA,High,High,High,NA,NA,NA,NA,NA,228.011491,4.925169,1959.564962,0.996308,01:30:00,-0.098705,-0.74439,-0.660409,87.501342,43.169177,46.402667,-0.008605,113.705613,-0.402023,-66.289556,0.402023,-0.915589,0.008605,1.226256,-0.493064,0.915589,-0.915589,-113.705613,0.493064,0.008605,66.289556,-1.226256,-0.008605,0.915589,0.402023,-0.402023,NA,NA,NA,NA,NA,NA,NA,NA,NA,NA,NA,NA
NA,NA,NA,NA,NA,NA,NA,NA,NA,NA,NA,NA,NA,NA,NA,NA,87,2026-02-17,15:43:39,11,6,"Sharp, Will",1000370214,Right,CAR_EAG,"Kileffer, James",1000475289,NA,CAR_EAG,Undefined,1,Bottom,2,3,2,Fastball,Changeup,FoulBallNotFieldable,Undefined,Undefined,Undefined,0,0,NA,81.34737,-2.464129,-4.082823,1988.580049,214.917495,01:15:00,6.12289,2.55769,6.01295,-25.00781,17.15812,11.0352,1.7489,-0.31148,74.67918,-7.149036,-2.103849,0.467361,NA,NA,NA,NA,NA,NA,NA,NA,NA,NA,NA,-6.94213,9.94906,-2.24331,50,5.91528,8.0234,-117.88566,-5.79722,-9.77407,22.30292,-18.16641,CAR_EAG,CAR_EAG,CarsonNewman,TeamExclusive,Team,20260217-CarsonNewman-Private-1,56fc7830-0c41-11f1-90c1-d3b8e9c17bb1,80.64958,NA,NA,6.66818,NA,NA,NA,NA,NA,NA,d42f9652-cdd7-4e85-a646-f9e5d84c90e5,2026-02-17,20:43:39,2026-02-17T20:43:39Z,2026-02-17T20:43:39Z,NA,v3,CNE,CNE,NA,NA,NA,Undefined,CAR_EAG,0f42d7a8-e917-4dba-9e8b-fc743b9fcbc5,54.49085,-118.73225,11.15146,6.12224,-5.10765,-9.08321,-2.5549,8.39441,-4.88703,NA,NA,NA,NA,NA,NA,NA,NA,NA,NA,NA,NA,NA,NA,NA,NA,NA,NA,NA,NA,NA,NA,NA,NA,NA,NA,NA,NA,NA,NA,NA,NA,NA,NA,NA,NA,NA,NA,NA,NA,NA,NA,NA,NA,NA,NA,NA,NA,NA,NA,High,High,High,NA,NA,NA,NA,NA,209.177664,19.899586,1869.8431,0.940291,01:00:00,-0.377989,-0.47262,-0.796087,-45.128466,-28.533245,-71.67485,-0.249097,174.622913,-0.964217,-5.207117,0.964217,-0.090756,0.249097,14.48518,-14.424103,0.090756,-0.090756,-174.622913,14.424103,0.249097,5.207117,-14.48518,-0.249097,0.090756,0.964217,-0.964217,NA,NA,NA,NA,NA,NA,NA,NA,NA,NA,NA,NA
NA,NA,NA,NA,NA,NA,NA,NA,NA,NA,NA,NA,NA,NA,NA,NA,88,2026-02-17,15:43:59,11,7,"Sharp, Will",1000370214,Right,CAR_EAG,"Kileffer, James",1000475289,NA,CAR_EAG,Undefined,1,Bottom,2,3,2,Slider,Curveball,InPlay,Undefined,FlyBall,Out,1,0,NA,70.14048,2.384051,-2.142031,2285.80706,60.721004,08:00:00,5.76665,2.95496,5.38834,-66.54933,-8.2263,-17.96997,2.45832,-0.55122,64.49604,-9.683931,-5.333949,0.549657,68.63086,41.85153,-21.414368,NA,97.39683,63.21084,-51.12583,207.43631,107.86757,-34.660306,4.056587,8.43721,-4.38059,-2.75013,50,5.93263,4.43109,-101.72371,2.19761,8.76923,17.94486,-36.72702,CAR_EAG,CAR_EAG,CarsonNewman,TeamExclusive,Team,20260217-CarsonNewman-Private-1,62fcac90-0c41-11f1-90c1-d3b8e9c17bb1,68.57453,63.39087,NA,5.64444,NA,NA,NA,1.82198,2.69834,0.53691,d42f9652-cdd7-4e85-a646-f9e5d84c90e5,2026-02-17,20:43:59,2026-02-17T20:43:59Z,2026-02-17T20:43:59Z,FlyBall,v3,CNE,CNE,NA,NA,NA,Undefined,CAR_EAG,1b8913d8-9844-4ba4-bac8-64bb2c8f0644,55.11684,-102.62239,8.97243,5.77652,4.03691,-18.36351,-2.96104,3.99193,4.38461,139.999859,1.82155,69.81691,-13.27148,3.01042,-0.82464,0.28294,-0.07742,0.01185,-7.3e-4,2.69909,67.13399,-21.48767,1.94643,-0.05529,-0.16803,0.06436,-0.01007,5.9e-4,0.53686,-27.37168,-0.79085,0.21478,-0.13518,0.07079,-0.02071,0.00309,-1.9e-4,NA,NA,NA,NA,NA,NA,NA,NA,NA,NA,NA,NA,NA,NA,NA,NA,NA,NA,NA,NA,NA,NA,High,High,High,High,Medium,NA,NA,NA,47.758621,52.216834,1400.456549,0.612675,07:30:00,-0.75485,0.486058,0.440396,50.063898,14.613982,28.065946,-0.745411,126.704414,-0.398421,-32.305738,0.398421,-0.534437,0.745411,61.875562,-48.194421,0.534437,-0.534437,-126.704414,48.194421,0.745411,32.305738,-61.875562,-0.745411,0.534437,0.398421,-0.398421,NA,NA,NA,NA,NA,NA,NA,NA,NA,NA,NA,NA
NA,NA,NA,NA,NA,NA,NA,NA,NA,NA,NA,NA,NA,NA,NA,NA,89,2026-02-17,15:44:47,12,1,"Sharp, Will",1000370214,Right,CAR_EAG,"Kileffer, James",1000475289,NA,CAR_EAG,Undefined,1,Bottom,0,0,0,Slider,Curveball,BallCalled,Undefined,Undefined,Undefined,0,0,NA,69.91356,2.396595,-3.8452480000000002,2334.478244,62.933122,08:00:00,5.68212,3.24495,5.38282,-66.15256,-7.08874,-17.59084,2.42237,-1.83093,64.19437,-9.585041,-6.957124,0.553136,NA,NA,NA,NA,NA,NA,NA,NA,NA,NA,NA,7.67898,-3.78185,-2.88747,50,5.85025,7.41581,-101.19408,2.22656,7.87698,18.17106,-36.0534,CAR_EAG,CAR_EAG,CarsonNewman,TeamExclusive,Team,20260217-CarsonNewman-Private-1,80256d20-0c41-11f1-90c1-d3b8e9c17bb1,68.14313,NA,NA,5.71919,NA,NA,NA,NA,NA,NA,d42f9652-cdd7-4e85-a646-f9e5d84c90e5,2026-02-17,20:44:47,2026-02-17T20:44:47Z,2026-02-17T20:44:47Z,NA,v3,CNE,CNE,NA,NA,NA,Undefined,CAR_EAG,26643804-9b6c-490e-9495-334a5f71be37,55.12142,-102.10957,9.08553,5.69232,4.043,-18.0267,-3.25109,7.01896,3.93849,NA,NA,NA,NA,NA,NA,NA,NA,NA,NA,NA,NA,NA,NA,NA,NA,NA,NA,NA,NA,NA,NA,NA,NA,NA,NA,NA,NA,NA,NA,NA,NA,NA,NA,NA,NA,NA,NA,NA,NA,NA,NA,NA,NA,NA,NA,NA,NA,NA,NA,High,High,High,NA,NA,NA,NA,NA,51.153471,52.990006,1405.249262,0.601954,07:45:00,-0.751155,0.501801,0.428907,57.769991,4.893587,30.50069,-0.767194,138.183685,-0.478038,-25.319152,0.478038,-0.42766,0.767194,58.073017,-50.102588,0.42766,-0.42766,-138.183685,50.102588,0.767194,25.319152,-58.073017,-0.767194,0.42766,0.478038,-0.478038,NA,NA,NA,NA,NA,NA,NA,NA,NA,NA,NA,NA
NA,NA,NA,NA,NA,NA,NA,NA,NA,NA,NA,NA,NA,NA,NA,NA,90,2026-02-17,15:45:04,12,2,"Sharp, Will",1000370214,Right,CAR_EAG,"Kileffer, James",1000475289,NA,CAR_EAG,Undefined,1,Bottom,0,1,0,Fastball,Changeup,BallCalled,Undefined,Undefined,Undefined,0,0,NA,79.78525,-3.739792,-5.232145,1927.974174,206.96076,01:00:00,6.07988,2.63149,5.97292,-24.80757,19.31627,9.09721,0.52594,-1.47469,73.39634,-8.368669,-3.606728,0.478088,NA,NA,NA,NA,NA,NA,NA,NA,NA,NA,NA,-6.11465,11.38579,-2.22129,50,5.76835,10.22148,-115.24848,-8.24887,-8.24606,20.87967,-16.81947,CAR_EAG,CAR_EAG,CarsonNewman,TeamExclusive,Team,20260217-CarsonNewman-Private-1,89db6360-0c41-11f1-90c1-d3b8e9c17bb1,78.83993,NA,NA,6.38891,NA,NA,NA,NA,NA,NA,d42f9652-cdd7-4e85-a646-f9e5d84c90e5,2026-02-17,20:45:04,2026-02-17T20:45:04Z,2026-02-17T20:45:04Z,NA,v3,CNE,CNE,NA,NA,NA,Undefined,CAR_EAG,0cd5bd76-cbc3-4cc6-86e2-94013aed7b73,54.52813,-116.06595,10.43983,6.07841,-7.59036,-8.40973,-2.6278,10.54433,-4.12303,NA,NA,NA,NA,NA,NA,NA,NA,NA,NA,NA,NA,NA,NA,NA,NA,NA,NA,NA,NA,NA,NA,NA,NA,NA,NA,NA,NA,NA,NA,NA,NA,NA,NA,NA,NA,NA,NA,NA,NA,NA,NA,NA,NA,NA,NA,NA,NA,NA,NA,High,High,High,NA,NA,NA,NA,NA,208.626181,17.486736,1838.87581,0.953787,01:00:00,-0.34526,-0.475579,-0.809086,-43.136269,-23.89624,-63.350896,-0.199539,175.273566,-0.976558,-4.631176,0.976558,-0.080741,0.199539,11.548218,-11.509997,0.080741,-0.080741,-175.273566,11.509997,0.199539,4.631176,-11.548218,-0.199539,0.080741,0.976558,-0.976558,NA,NA,NA,NA,NA,NA,NA,NA,NA,NA,NA,NA
NA,NA,NA,NA,NA,NA,NA,NA,NA,NA,NA,NA,NA,NA,NA,NA,91,2026-02-17,15:45:21,12,3,"Sharp, Will",1000370214,Right,CAR_EAG,"Kileffer, James",1000475289,NA,CAR_EAG,Undefined,1,Bottom,0,2,0,Fastball,Changeup,FoulBallNotFieldable,Undefined,Undefined,Undefined,0,0,NA,80.49215,-2.396041,-3.929668,2015.625029,202.120276,12:45:00,6.19863,2.67339,6.02753,-24.6499,18.38233,6.91394,1.91885,-0.39563,73.91775,-7.020218,-2.689644,0.472137,NA,NA,NA,NA,NA,NA,NA,NA,NA,NA,NA,-4.67441,10.55753,-2.36946,50,5.99729,7.76221,-116.63828,-5.57476,-6.44825,21.65782,-17.61021,CAR_EAG,CAR_EAG,CarsonNewman,TeamExclusive,Team,20260217-CarsonNewman-Private-1,94342950-0c41-11f1-90c1-d3b8e9c17bb1,79.83364,NA,NA,6.5744,NA,NA,NA,NA,NA,NA,d42f9652-cdd7-4e85-a646-f9e5d84c90e5,2026-02-17,20:45:21,2026-02-17T20:45:21Z,2026-02-17T20:45:21Z,NA,v3,CNE,CNE,NA,NA,NA,Undefined,CAR_EAG,9e700891-8f1e-491a-bce0-c54b6ff17412,54.47418,-117.46613,10.82891,6.19751,-4.90163,-8.80511,-2.67087,8.00869,-3.22413,NA,NA,NA,NA,NA,NA,NA,NA,NA,NA,NA,NA,NA,NA,NA,NA,NA,NA,NA,NA,NA,NA,NA,NA,NA,NA,NA,NA,NA,NA,NA,NA,NA,NA,NA,NA,NA,NA,NA,NA,NA,NA,NA,NA,NA,NA,NA,NA,NA,NA,High,High,High,NA,NA,NA,NA,NA,205.402638,19.451682,1900.578504,0.942923,12:45:00,-0.37344,-0.41806,-0.828111,-40.513431,-31.228212,-83.112262,-0.264788,173.267243,-0.957657,-6.49139,0.957657,-0.113054,0.264788,15.455884,-15.354343,0.113054,-0.113054,-173.267243,15.354343,0.264788,6.49139,-15.455884,-0.264788,0.113054,0.957657,-0.957657,NA,NA,NA,NA,NA,NA,NA,NA,NA,NA,NA,NA
NA,NA,NA,NA,NA,NA,NA,NA,NA,NA,NA,NA,NA,NA,NA,NA,92,2026-02-17,15:45:43,12,4,"Sharp, Will",1000370214,Right,CAR_EAG,"Kileffer, James",1000475289,NA,CAR_EAG,Undefined,1,Bottom,0,2,1,ChangeUp,Changeup,BallCalled,Undefined,Undefined,Undefined,0,0,NA,73.76243,-1.858126,-5.487186,2013.324069,239.081193,02:00:00,5.98128,2.65822,5.69521,-38.77573,13.1478,19.2058,1.0097,-0.87078,68.0758,-8.982695,-2.069105,0.518625,NA,NA,NA,NA,NA,NA,NA,NA,NA,NA,NA,-11.32536,7.64764,-2.20852,50,5.8,9.58611,-106.6928,-4.59442,-13.11587,17.54905,-23.31733,CAR_EAG,CAR_EAG,CarsonNewman,TeamExclusive,Team,20260217-CarsonNewman-Private-1,a1337e30-0c41-11f1-90c1-d3b8e9c17bb1,72.67762,NA,NA,5.68663,NA,NA,NA,NA,NA,NA,d42f9652-cdd7-4e85-a646-f9e5d84c90e5,2026-02-17,20:45:43,2026-02-17T20:45:43Z,2026-02-17T20:45:43Z,NA,v3,CNE,CNE,NA,NA,NA,Undefined,CAR_EAG,043f29f4-7320-4f61-9b48-cccbf504183d,54.80794,-107.48071,8.77452,5.98278,-3.54753,-11.65867,-2.65214,10.17498,-6.55793,NA,NA,NA,NA,NA,NA,NA,NA,NA,NA,NA,NA,NA,NA,NA,NA,NA,NA,NA,NA,NA,NA,NA,NA,NA,NA,NA,NA,NA,NA,NA,NA,NA,NA,NA,NA,NA,NA,NA,NA,NA,NA,NA,NA,NA,NA,NA,NA,NA,NA,High,High,High,NA,NA,NA,NA,NA,223.55753,9.446938,1986.019427,0.986438,01:30:00,-0.209713,-0.684702,-0.698,70.315792,33.10692,21.44261,-0.008081,104.423794,-0.249084,-75.568934,0.249084,-0.968448,0.008081,1.858254,-0.463029,0.968448,-0.968448,-104.423794,0.463029,0.008081,75.568934,-1.858254,-0.008081,0.968448,0.249084,-0.249084,NA,NA,NA,NA,NA,NA,NA,NA,NA,NA,NA,NA
NA,NA,NA,NA,NA,NA,NA,NA,NA,NA,NA,NA,NA,NA,NA,NA,93,2026-02-17,15:46:02,12,5,"Sharp, Will",1000370214,Right,CAR_EAG,"Kileffer, James",1000475289,NA,CAR_EAG,Undefined,1,Bottom,0,3,1,Fastball,Changeup,BallCalled,Walk,Undefined,Undefined,0,0,NA,79.1313,-1.801897,-5.342022,1922.336615,220.093001,01:15:00,6.16757,2.51126,6.06681,-27.75407,16.65052,12.86245,2.17931,-1.3751,72.87556,-6.985773,-3.040178,0.479607,NA,NA,NA,NA,NA,NA,NA,NA,NA,NA,NA,-8.06863,9.47875,-2.10293,50,6.01227,10.25242,-114.5399,-4.38965,-10.78525,19.93114,-19.50389,CAR_EAG,CAR_EAG,CarsonNewman,TeamExclusive,Team,20260217-CarsonNewman-Private-1,ac4708a0-0c41-11f1-90c1-d3b8e9c17bb1,78.59028,NA,NA,6.25574,NA,NA,NA,NA,NA,NA,d42f9652-cdd7-4e85-a646-f9e5d84c90e5,2026-02-17,20:46:02,2026-02-17T20:46:02Z,2026-02-17T20:46:02Z,NA,v3,CNE,CNE,NA,NA,NA,Undefined,CAR_EAG,831a2823-93f9-4ca6-9ae2-63176db64656,54.43528,-115.3091,9.96557,6.16716,-3.63694,-9.75195,-2.50664,10.66865,-5.39263,NA,NA,NA,NA,NA,NA,NA,NA,NA,NA,NA,NA,NA,NA,NA,NA,NA,NA,NA,NA,NA,NA,NA,NA,NA,NA,NA,NA,NA,NA,NA,NA,NA,NA,NA,NA,NA,NA,NA,NA,NA,NA,NA,NA,NA,NA,NA,NA,NA,NA,High,High,High,NA,NA,NA,NA,NA,208.389312,18.221608,1825.939497,0.949854,01:00:00,-0.374839,-0.461227,-0.804217,-46.309547,-20.857792,-78.182459,0.321542,176.108808,-0.944712,3.684258,0.944712,-0.064258,-0.321542,18.796504,18.756206,0.064258,0.064258,-176.108808,-18.756206,0.321542,-3.684258,-18.796504,-0.321542,-0.064258,0.944712,-0.944712,NA,NA,NA,NA,NA,NA,NA,NA,NA,NA,NA,NA
NA,NA,NA,NA,NA,NA,NA,NA,NA,NA,NA,NA,NA,NA,NA,NA,94,2026-02-17,15:48:28,13,1,"Sharp, Will",1000370214,Right,CAR_EAG,"Rosalia, Robert",1000358948,Left,CAR_EAG,Undefined,1,Bottom,0,0,0,Fastball,Changeup,BallCalled,Undefined,Undefined,Undefined,0,0,NA,78.59998,-2.557416,-0.631799,1849.358249,174.824441,11:45:00,6.23082,-1.20459,6.26793,-21.84828,23.19407,-1.95662,2.0506,-1.95015,71.42425,-6.741307,-0.985526,0.483039,NA,NA,NA,NA,NA,NA,NA,NA,NA,NA,NA,0.81665,13.27977,1.25224,50,6.03053,1.32792,-114.00679,-5.6022,1.0642,22.89694,-14.86909,CAR_EAG,CAR_EAG,CarsonNewman,TeamExclusive,Team,20260217-CarsonNewman-Private-1,038bbb60-0c42-11f1-90c1-d3b8e9c17bb1,78.03193,NA,NA,7.17573,NA,NA,NA,NA,NA,NA,d42f9652-cdd7-4e85-a646-f9e5d84c90e5,2026-02-17,20:48:28,2026-02-17T20:48:28Z,2026-02-17T20:48:28Z,NA,v3,CNE,CNE,NA,NA,NA,Undefined,CAR_EAG,540ff279-3ea5-4884-bd62-7828619b2db6,54.22931,-114.85306,11.44847,6.22743,-5.05264,-7.43455,1.20388,1.28859,0.5321,NA,NA,NA,NA,NA,NA,NA,NA,NA,NA,NA,NA,NA,NA,NA,NA,NA,NA,NA,NA,NA,NA,NA,NA,NA,NA,NA,NA,NA,NA,NA,NA,NA,NA,NA,NA,NA,NA,NA,NA,NA,NA,NA,NA,NA,NA,NA,NA,NA,NA,High,High,High,NA,NA,NA,NA,NA,170.985514,-20.093781,1736.790677,0.939132,11:45:00,0.326402,0.16233,-0.931188,14.318245,-2.965266,9.07978,-0.128859,162.424979,-0.945374,-17.423784,0.945374,-0.299437,0.128859,7.761865,-7.403676,0.299437,-0.299437,-162.424979,7.403676,0.128859,17.423784,-7.761865,-0.128859,0.299437,0.945374,-0.945374,NA,NA,NA,NA,NA,NA,NA,NA,NA,NA,NA,NA
NA,NA,NA,NA,NA,NA,NA,NA,NA,NA,NA,NA,NA,NA,NA,NA,95,2026-02-17,15:48:49,13,2,"Sharp, Will",1000370214,Right,CAR_EAG,"Rosalia, Robert",1000358948,Left,CAR_EAG,Undefined,1,Bottom,0,1,0,Fastball,Changeup,BallCalled,Undefined,Undefined,Undefined,0,0,NA,76.70374,-1.003576,2.393022,1836.150759,181.490983,12:00:00,6.31996,-1.13133,6.22819,-27.84903,19.41851,0.46346,3.07236,1.1165,69.83824,-6.278459,2.476616,0.494827,NA,NA,NA,NA,NA,NA,NA,NA,NA,NA,NA,0.47894,10.84201,0.95222,50,6.23102,-4.66651,-111.27181,-2.65125,0.59594,21.37514,-18.68366,CAR_EAG,CAR_EAG,CarsonNewman,TeamExclusive,Team,20260217-CarsonNewman-Private-1,10241110-0c42-11f1-90c1-d3b8e9c17bb1,76.17304,NA,NA,6.8655,NA,NA,NA,NA,NA,NA,d42f9652-cdd7-4e85-a646-f9e5d84c90e5,2026-02-17,20:48:49,2026-02-17T20:48:49Z,2026-02-17T20:48:49Z,NA,v3,CNE,CNE,NA,NA,NA,Undefined,CAR_EAG,d3c952bf-860b-448e-ba0d-c307cd3858e1,54.26913,-112.0889,10.68757,6.31872,-1.93704,-9.34183,1.13104,-4.68929,0.29797,NA,NA,NA,NA,NA,NA,NA,NA,NA,NA,NA,NA,NA,NA,NA,NA,NA,NA,NA,NA,NA,NA,NA,NA,NA,NA,NA,NA,NA,NA,NA,NA,NA,NA,NA,NA,NA,NA,NA,NA,NA,NA,NA,NA,NA,NA,NA,NA,NA,NA,High,High,High,NA,NA,NA,NA,NA,169.768334,-33.316166,1534.383836,0.835652,11:45:00,0.580435,0.158033,-0.798825,19.95916,-27.42012,3.574339,-0.220419,170.872458,-0.963054,-8.901205,0.963054,-0.154731,0.220419,12.891527,-12.733644,0.154731,-0.154731,-170.872458,12.733644,0.220419,8.901205,-12.891527,-0.220419,0.154731,0.963054,-0.963054,NA,NA,NA,NA,NA,NA,NA,NA,NA,NA,NA,NA
NA,NA,NA,NA,NA,NA,NA,NA,NA,NA,NA,NA,NA,NA,NA,NA,96,2026-02-17,15:49:08,13,3,"Sharp, Will",1000370214,Right,CAR_EAG,"Rosalia, Robert",1000358948,Left,CAR_EAG,Undefined,1,Bottom,0,2,0,Fastball,Changeup,FoulBallNotFieldable,Undefined,Undefined,Undefined,0,0,NA,77.40367,-1.709605,0.390793,1800.748983,177.04488,12:00:00,6.27327,-1.18154,6.12487,-24.98698,21.77737,-1.0376,2.61006,-0.90673,70.15307,-6.469749,0.203697,0.492186,NA,NA,NA,NA,NA,NA,NA,NA,NA,NA,NA,0.66102,12.28638,1.15217,50,6.12952,-0.72911,-112.30252,-3.97428,0.83312,22.82017,-16.68855,CAR_EAG,CAR_EAG,CarsonNewman,TeamExclusive,Team,20260217-CarsonNewman-Private-1,1b7ce1e0-0c42-11f1-90c1-d3b8e9c17bb1,76.58173,NA,NA,7.2506,NA,NA,NA,NA,NA,NA,d42f9652-cdd7-4e85-a646-f9e5d84c90e5,2026-02-17,20:49:08,2026-02-17T20:49:08Z,2026-02-17T20:49:08Z,NA,v3,CNE,CNE,NA,NA,NA,Undefined,CAR_EAG,7e1c02f3-13d0-4266-b92f-49e8b6d1b4fe,54.37356,-113.18775,11.41009,6.27113,-3.32691,-8.34428,1.18108,-0.76143,0.41656,NA,NA,NA,NA,NA,NA,NA,NA,NA,NA,NA,NA,NA,NA,NA,NA,NA,NA,NA,NA,NA,NA,NA,NA,NA,NA,NA,NA,NA,NA,NA,NA,NA,NA,NA,NA,NA,NA,NA,NA,NA,NA,NA,NA,NA,NA,NA,NA,NA,NA,High,High,High,NA,NA,NA,NA,NA,168.009794,-23.172853,1655.467952,0.919322,11:30:00,0.393758,0.202639,-0.8966,16.018217,-9.984911,6.929986,-0.115567,165.205759,-0.960371,-14.692875,0.960371,-0.253638,0.115567,6.861742,-6.636332,0.253638,-0.253638,-165.205759,6.636332,0.115567,14.692875,-6.861742,-0.115567,0.253638,0.960371,-0.960371,NA,NA,NA,NA,NA,NA,NA,NA,NA,NA,NA,NA
NA,NA,NA,NA,NA,NA,NA,NA,NA,NA,NA,NA,NA,NA,NA,NA,97,2026-02-17,15:49:33,13,4,"Sharp, Will",1000370214,Right,CAR_EAG,"Rosalia, Robert",1000358948,Left,CAR_EAG,Undefined,1,Bottom,0,2,1,Fastball,Changeup,BallCalled,Undefined,Undefined,Undefined,0,0,NA,78.83938,-2.945838,0.177909,1846.585206,171.544104,11:45:00,6.20459,-1.28823,6.27941,-23.34001,20.97745,-2.90618,1.54184,-1.36642,72.43226,-7.360583,-0.347836,0.479136,NA,NA,NA,NA,NA,NA,NA,NA,NA,NA,NA,1.56957,12.17961,1.2765,50,5.9755,-0.25491,-114.47342,-6.47555,2.08271,21.1281,-16.01231,CAR_EAG,CAR_EAG,CarsonNewman,TeamExclusive,Team,20260217-CarsonNewman-Private-1,2a7dfa30-0c42-11f1-90c1-d3b8e9c17bb1,78.66748,NA,NA,6.40712,NA,NA,NA,NA,NA,NA,d42f9652-cdd7-4e85-a646-f9e5d84c90e5,2026-02-17,20:49:33,2026-02-17T20:49:33Z,2026-02-17T20:49:33Z,NA,v3,CNE,CNE,NA,NA,NA,Undefined,CAR_EAG,a2d9bdea-c5ad-4ec7-a7b6-6e497a1ca2ce,54.22132,-115.2499,10.56405,6.20267,-5.88708,-8.00616,1.28728,-0.33145,1.04136,NA,NA,NA,NA,NA,NA,NA,NA,NA,NA,NA,NA,NA,NA,NA,NA,NA,NA,NA,NA,NA,NA,NA,NA,NA,NA,NA,NA,NA,NA,NA,NA,NA,NA,NA,NA,NA,NA,NA,NA,NA,NA,NA,NA,NA,NA,NA,NA,NA,NA,High,High,High,NA,NA,NA,NA,NA,169.06464,-31.423911,1575.752638,0.853333,11:45:00,0.514957,0.188459,-0.836243,16.013826,-15.350599,11.80045,-0.186361,162.109306,-0.934973,-17.566965,0.934973,-0.30182,0.186361,11.272611,-10.740506,0.30182,-0.30182,-162.109306,10.740506,0.186361,17.566965,-11.272611,-0.186361,0.30182,0.934973,-0.934973,NA,NA,NA,NA,NA,NA,NA,NA,NA,NA,NA,NA
NA,NA,NA,NA,NA,NA,NA,NA,NA,NA,NA,NA,NA,NA,NA,NA,98,2026-02-17,15:49:51,13,5,"Sharp, Will",1000370214,Right,CAR_EAG,"Rosalia, Robert",1000358948,Left,CAR_EAG,Undefined,1,Bottom,0,3,1,Fastball,Changeup,BallCalled,Walk,Undefined,Undefined,0,0,NA,78.57542,-0.326793,0.664144,1831.622503,176.026101,11:45:00,6.28255,-1.12474,5.95946,-23.55403,22.11442,-1.42323,4.01664,-0.62743,70.98198,-4.829822,0.408442,0.486384,NA,NA,NA,NA,NA,NA,NA,NA,NA,NA,NA,0.93071,11.88485,1.07276,50,6.24345,-1.26641,-113.96425,-1.2442,1.20882,23.37573,-16.73805,CAR_EAG,CAR_EAG,CarsonNewman,TeamExclusive,Team,20260217-CarsonNewman-Private-1,353f1ee0-0c42-11f1-90c1-d3b8e9c17bb1,77.49519,NA,NA,7.59344,NA,NA,NA,NA,NA,NA,d42f9652-cdd7-4e85-a646-f9e5d84c90e5,2026-02-17,20:49:51,2026-02-17T20:49:51Z,2026-02-17T20:49:51Z,NA,v3,CNE,CNE,NA,NA,NA,Undefined,CAR_EAG,8a2c8937-ef0b-4320-8086-44f28919e765,54.53589,-114.89086,11.68786,6.27962,-0.58071,-8.36902,1.1239,-1.31433,0.60441,NA,NA,NA,NA,NA,NA,NA,NA,NA,NA,NA,NA,NA,NA,NA,NA,NA,NA,NA,NA,NA,NA,NA,NA,NA,NA,NA,NA,NA,NA,NA,NA,NA,NA,NA,NA,NA,NA,NA,NA,NA,NA,NA,NA,NA,NA,NA,NA,NA,NA,High,High,High,NA,NA,NA,NA,NA,165.24906,-17.715834,1744.762249,0.952577,11:30:00,0.313565,0.244275,-0.917609,8.566459,-8.542601,29.213531,-0.084503,165.341676,-0.963992,-14.604726,0.963992,-0.252149,0.084503,5.009708,-4.847443,0.252149,-0.252149,-165.341676,4.847443,0.084503,14.604726,-5.009708,-0.084503,0.252149,0.963992,-0.963992,NA,NA,NA,NA,NA,NA,NA,NA,NA,NA,NA,NA
NA,NA,NA,NA,NA,NA,NA,NA,NA,NA,NA,NA,NA,NA,NA,NA,99,2026-02-17,15:50:40,14,1,"Sharp, Will",1000370214,Right,CAR_EAG,"Rosalia, Robert",1000358948,Left,CAR_EAG,Undefined,1,Bottom,0,0,0,Fastball,Changeup,BallCalled,Undefined,Undefined,Undefined,0,0,NA,78.28262,-0.881612,0.708553,1809.311099,162.727791,11:30:00,6.2718,-1.44049,6.12903,-26.279419999999998,18.90277,-5.42689,3.26678,-1.23772,71.65912,-5.845541,-0.269989,0.483788,NA,NA,NA,NA,NA,NA,NA,NA,NA,NA,NA,3.05362,10.48666,1.38929,50,6.19077,-1.22105,-113.77428,-2.4468,3.99284,21.35203,-18.46211,CAR_EAG,CAR_EAG,CarsonNewman,TeamExclusive,Team,20260217-CarsonNewman-Private-1,52598790-0c42-11f1-90c1-d3b8e9c17bb1,77.91108,NA,NA,6.62349,NA,NA,NA,NA,NA,NA,d42f9652-cdd7-4e85-a646-f9e5d84c90e5,2026-02-17,20:50:40,2026-02-17T20:50:40Z,2026-02-17T20:50:40Z,NA,v3,CNE,CNE,NA,NA,NA,Undefined,CAR_EAG,2948914f-ec0f-43e5-b6d1-64b0b82ceeea,54.37316,-114.59205,10.67602,6.27095,-1.73971,-9.23106,1.43899,-1.37397,1.99642,NA,NA,NA,NA,NA,NA,NA,NA,NA,NA,NA,NA,NA,NA,NA,NA,NA,NA,NA,NA,NA,NA,NA,NA,NA,NA,NA,NA,NA,NA,NA,NA,NA,NA,NA,NA,NA,NA,NA,NA,NA,NA,NA,NA,NA,NA,NA,NA,NA,NA,High,High,High,NA,NA,NA,NA,NA,163.318814,-19.52298,1705.289343,0.942508,11:30:00,0.341122,0.275653,-0.898694,17.778327,-13.585052,19.564217,-0.158281,168.822435,-0.968664,-11.034881,0.968664,-0.191407,0.158281,9.280211,-9.107154,0.191407,-0.191407,-168.822435,9.107154,0.158281,11.034881,-9.280211,-0.158281,0.191407,0.968664,-0.968664,NA,NA,NA,NA,NA,NA,NA,NA,NA,NA,NA,NA
NA,NA,NA,NA,NA,NA,NA,NA,NA,NA,NA,NA,NA,NA,NA,NA,100,2026-02-17,15:51:03,14,2,"Sharp, Will",1000370214,Right,CAR_EAG,"Rosalia, Robert",1000358948,Left,CAR_EAG,Undefined,1,Bottom,0,1,0,Fastball,Changeup,BallCalled,Undefined,Undefined,Undefined,0,0,NA,78.86331,-4.374211,1.821374,1840.518684,164.378636,11:30:00,6.18361,-1.23453,6.22632,-24.40592,20.21674,-5.23874,0.10387,0.01003,72.50286,-8.953273,0.874785,0.480783,NA,NA,NA,NA,NA,NA,NA,NA,NA,NA,NA,3.22252,12.16662,1.10083,50,5.84358,-3.44568,-114.22736,-9.36718,4.25494,21.16823,-16.10956,CAR_EAG,CAR_EAG,CarsonNewman,TeamExclusive,Team,20260217-CarsonNewman-Private-1,5fe034e0-0c42-11f1-90c1-d3b8e9c17bb1,78.39802,NA,NA,6.36045,NA,NA,NA,NA,NA,NA,d42f9652-cdd7-4e85-a646-f9e5d84c90e5,2026-02-17,20:51:03,2026-02-17T20:51:03Z,2026-02-17T20:51:03Z,NA,v3,CNE,CNE,NA,NA,NA,Undefined,CAR_EAG,441e7760-7b14-4f39-a780-5958a4d326e5,54.27291,-115.01647,10.58412,6.18158,-8.76664,-8.05478,1.23224,-3.6043,2.12747,NA,NA,NA,NA,NA,NA,NA,NA,NA,NA,NA,NA,NA,NA,NA,NA,NA,NA,NA,NA,NA,NA,NA,NA,NA,NA,NA,NA,NA,NA,NA,NA,NA,NA,NA,NA,NA,NA,NA,NA,NA,NA,NA,NA,NA,NA,NA,NA,NA,NA,High,High,High,NA,NA,NA,NA,NA,163.358995,-14.25525,1783.846077,0.969208,11:30:00,0.253757,0.295529,-0.921016,5.90273,-3.10077,39.432084,-0.029983,160.520713,-0.942338,-19.470176,0.942338,-0.333316,0.029983,1.822399,-1.718153,0.333316,-0.333316,-160.520713,1.718153,0.029983,19.470176,-1.822399,-0.029983,0.333316,0.942338,-0.942338,NA,NA,NA,NA,NA,NA,NA,NA,NA,NA,NA,NA
NA,NA,NA,NA,NA,NA,NA,NA,NA,NA,NA,NA,NA,NA,NA,NA,101,2026-02-17,15:51:23,14,3,"Sharp, Will",1000370214,Right,CAR_EAG,"Rosalia, Robert",1000358948,Left,CAR_EAG,Undefined,1,Bottom,0,2,0,Fastball,Changeup,FoulBallNotFieldable,Undefined,Undefined,Undefined,0,0,NA,78.57875,-2.145789,1.194353,1692.28055,169.763892,11:45:00,6.35595,-1.2256,5.97025,-24.94549,20.23458,-3.38831,2.28633,-0.40045,72.01674,-6.840869,0.585205,0.483776,NA,NA,NA,NA,NA,NA,NA,NA,NA,NA,NA,2.11122,11.49068,1.13299,50,6.17211,-2.25981,-114.09402,-4.95135,2.77658,21.43753,-17.06207,CAR_EAG,CAR_EAG,CarsonNewman,TeamExclusive,Team,20260217-CarsonNewman-Private-1,6b8725b0-0c42-11f1-90c1-d3b8e9c17bb1,77.91293,NA,NA,6.56201,NA,NA,NA,NA,NA,NA,d42f9652-cdd7-4e85-a646-f9e5d84c90e5,2026-02-17,20:51:23,2026-02-17T20:51:23Z,2026-02-17T20:51:23Z,NA,v3,CNE,CNE,NA,NA,NA,Undefined,CAR_EAG,9b2afc65-be8a-40f3-9ad7-db1c3f7eadd1,54.53195,-114.94239,10.71876,6.3547,-4.27614,-8.53104,1.22459,-2.36969,1.38829,NA,NA,NA,NA,NA,NA,NA,NA,NA,NA,NA,NA,NA,NA,NA,NA,NA,NA,NA,NA,NA,NA,NA,NA,NA,NA,NA,NA,NA,NA,NA,NA,NA,NA,NA,NA,NA,NA,NA,NA,NA,NA,NA,NA,NA,NA,NA,NA,NA,NA,High,High,High,NA,NA,NA,NA,NA,161.473429,-19.610617,1594.120285,0.941995,11:30:00,0.342731,0.31167,-0.886226,3.605056,-8.102318,38.406618,-0.028043,160.573307,-0.942697,-19.418746,0.942697,-0.33247,0.028043,1.703924,-1.606969,0.33247,-0.33247,-160.573307,1.606969,0.028043,19.418746,-1.703924,-0.028043,0.33247,0.942697,-0.942697,NA,NA,NA,NA,NA,NA,NA,NA,NA,NA,NA,NA
NA,NA,NA,NA,NA,NA,NA,NA,NA,NA,NA,NA,NA,NA,NA,NA,102,2026-02-17,15:51:52,14,4,"Sharp, Will",1000370214,Right,CAR_EAG,"Rosalia, Robert",1000358948,Left,CAR_EAG,Undefined,1,Bottom,0,2,1,Curveball,Curveball,BallCalled,Undefined,Undefined,Undefined,0,0,NA,65.50963,0.734105,2.181342,2241.362132,320.509214,04:45:00,6.17109,-1.5819,5.76802,-80.14756,-13.99784,13.32883,0.17588,1.55995,60.747,-13.776887,4.578204,0.585377,NA,NA,NA,NA,NA,NA,NA,NA,NA,NA,NA,-6.13347,-6.80512,1.39307,50,6.18324,-4.0368,-95.13073,-0.97212,-5.53644,16.63412,-38.31676,CAR_EAG,CAR_EAG,CarsonNewman,TeamExclusive,Team,20260217-CarsonNewman-Private-1,7d3b2900-0c42-11f1-90c1-d3b8e9c17bb1,64.39007,NA,NA,4.76263,NA,NA,NA,NA,NA,NA,d42f9652-cdd7-4e85-a646-f9e5d84c90e5,2026-02-17,20:51:52,2026-02-17T20:51:52Z,2026-02-17T20:51:52Z,NA,v3,CNE,CNE,NA,NA,NA,Undefined,CAR_EAG,f733f025-3f57-4bbc-b718-b5eb3ad45163,54.73875,-95.95575,8.31706,6.18432,0.92831,-19.15838,1.58648,-3.7622,-2.76822,NA,NA,NA,NA,NA,NA,NA,NA,NA,NA,NA,NA,NA,NA,NA,NA,NA,NA,NA,NA,NA,NA,NA,NA,NA,NA,NA,NA,NA,NA,NA,NA,NA,NA,NA,NA,NA,NA,NA,NA,NA,NA,NA,NA,NA,NA,NA,NA,NA,NA,High,High,High,NA,NA,NA,NA,NA,335.583849,-41.210091,1686.174238,0.752299,05:15:00,0.628236,-0.319387,0.709445,27.027931,43.57904,-48.565234,-0.014167,137.908292,-0.741998,-42.086514,0.741998,-0.670252,0.014167,1.093819,-0.811738,0.670252,-0.670252,-137.908292,0.811738,0.014167,42.086514,-1.093819,-0.014167,0.670252,0.741998,-0.741998,NA,NA,NA,NA,NA,NA,NA,NA,NA,NA,NA,NA
NA,NA,NA,NA,NA,NA,NA,NA,NA,NA,NA,NA,NA,NA,NA,NA,103,2026-02-17,15:52:27,14,5,"Sharp, Will",1000370214,Right,CAR_EAG,"Rosalia, Robert",1000358948,Left,CAR_EAG,Undefined,1,Bottom,0,3,1,Curveball,Curveball,BallCalled,Walk,Undefined,Undefined,0,0,NA,66.73987,3.951344,1.673876,2198.066327,309.034999,04:15:00,6.23022,-1.77907,5.53881,-75.12937,-10.36213,15.56662,3.67014,1.08313,60.69459,-9.757842,4.446143,0.579227,NA,NA,NA,NA,NA,NA,NA,NA,NA,NA,NA,-7.23902,-5.73752,1.62345,50,6.52439,-3.35487,-96.60329,4.48661,-6.72416,17.44142,-37.50349,CAR_EAG,CAR_EAG,CarsonNewman,TeamExclusive,Team,20260217-CarsonNewman-Private-1,920c4ad0-0c42-11f1-90c1-d3b8e9c17bb1,65.07364,NA,NA,6.04528,NA,NA,NA,NA,NA,NA,d42f9652-cdd7-4e85-a646-f9e5d84c90e5,2026-02-17,20:52:27,2026-02-17T20:52:27Z,2026-02-17T20:52:27Z,NA,v3,CNE,CNE,NA,NA,NA,Undefined,CAR_EAG,feca882c-16de-47ec-a219-af714a1c80ad,54.96476,-97.49555,8.72071,6.24579,6.40517,-18.75175,1.78628,-3.01088,-3.36208,NA,NA,NA,NA,NA,NA,NA,NA,NA,NA,NA,NA,NA,NA,NA,NA,NA,NA,NA,NA,NA,NA,NA,NA,NA,NA,NA,NA,NA,NA,NA,NA,NA,NA,NA,NA,NA,NA,NA,NA,NA,NA,NA,NA,NA,NA,NA,NA,NA,NA,High,High,High,NA,NA,NA,NA,NA,333.292068,-43.277343,1600.288779,0.728044,05:00:00,0.642073,-0.373676,0.669409,19.917273,46.973413,-62.787891,-0.062207,136.467731,-0.723582,-43.426937,0.723582,-0.687429,0.062207,4.913718,-3.566525,0.687429,-0.687429,-136.467731,3.566525,0.062207,43.426937,-4.913718,-0.062207,0.687429,0.723582,-0.723582,NA,NA,NA,NA,NA,NA,NA,NA,NA,NA,NA,NA
NA,NA,NA,NA,NA,NA,NA,NA,NA,NA,NA,NA,NA,NA,NA,NA,104,2026-02-17,15:53:11,15,1,"Sharp, Will",1000370214,Right,CAR_EAG,"Rosalia, Robert",1000358948,Left,CAR_EAG,Undefined,1,Bottom,0,0,0,Fastball,Changeup,BallCalled,Undefined,Undefined,Undefined,0,0,NA,78.74289,-0.642446,0.739925,1843.521221,163.815381,11:30:00,6.34129,-1.4076,5.64202,-23.68198,22.35856,-6.01,3.76839,-1.21813,71.13452,-5.141993,-0.333594,0.488362,NA,NA,NA,NA,NA,NA,NA,NA,NA,NA,NA,3.24776,11.98083,1.34851,50,6.27194,-1.23437,-114.14112,-1.91762,4.23186,23.42167,-16.56293,CAR_EAG,CAR_EAG,CarsonNewman,TeamExclusive,Team,20260217-CarsonNewman-Private-1,ac543290-0c42-11f1-90c1-d3b8e9c17bb1,77.18139,NA,NA,7.60837,NA,NA,NA,NA,NA,NA,d42f9652-cdd7-4e85-a646-f9e5d84c90e5,2026-02-17,20:53:11,2026-02-17T20:53:11Z,2026-02-17T20:53:11Z,NA,v3,CNE,CNE,NA,NA,NA,Undefined,CAR_EAG,cd0adba1-3508-444c-a228-c0197c925a9e,54.85344,-115.13273,11.71084,6.33828,-1.21638,-8.28147,1.40456,-1.41354,2.11593,NA,NA,NA,NA,NA,NA,NA,NA,NA,NA,NA,NA,NA,NA,NA,NA,NA,NA,NA,NA,NA,NA,NA,NA,NA,NA,NA,NA,NA,NA,NA,NA,NA,NA,NA,NA,NA,NA,NA,NA,NA,NA,NA,NA,NA,NA,NA,NA,NA,NA,High,High,High,NA,NA,NA,NA,NA,160.050619,-10.438414,1813.011353,0.98345,11:15:00,0.189328,0.337554,-0.92207,0.081681,-8.173201,52.19342,0.055964,165.62322,-0.967166,14.353764,0.967166,-0.247908,-0.055964,3.311664,3.208176,0.247908,0.247908,-165.62322,-3.208176,0.055964,-14.353764,-3.311664,-0.055964,-0.247908,0.967166,-0.967166,NA,NA,NA,NA,NA,NA,NA,NA,NA,NA,NA,NA
NA,NA,NA,NA,NA,NA,NA,NA,NA,NA,NA,NA,NA,NA,NA,NA,105,2026-02-17,15:53:25,15,2,"Sharp, Will",1000370214,Right,CAR_EAG,"Rosalia, Robert",1000358948,Left,CAR_EAG,Undefined,1,Bottom,0,1,0,Fastball,Changeup,StrikeCalled,Undefined,Undefined,Undefined,0,0,NA,77.87067,-1.258224,2.592335,1820.068285,160.294916,11:15:00,6.33446,-1.23201,6.12146,-24.21135,21.65946,-7.21288,3.15223,0.5652,71.07619,-5.857479,1.293963,0.487461,NA,NA,NA,NA,NA,NA,NA,NA,NA,NA,NA,4.43642,11.97843,1.03689,50,6.22521,-4.85042,-112.96643,-3.08851,5.7173,21.10038,-16.73721,CAR_EAG,CAR_EAG,CarsonNewman,TeamExclusive,Team,20260217-CarsonNewman-Private-1,b4b212e0-0c42-11f1-90c1-d3b8e9c17bb1,77.32404,NA,NA,6.79449,NA,NA,NA,NA,NA,NA,d42f9652-cdd7-4e85-a646-f9e5d84c90e5,2026-02-17,20:53:25,2026-02-17T20:53:25Z,2026-02-17T20:53:25Z,NA,v3,CNE,CNE,NA,NA,NA,Undefined,CAR_EAG,7030b732-31f2-4318-b2d7-a4341c1b14e7,54.37614,-113.78089,10.55019,6.33196,-2.44246,-8.36861,1.22837,-5.07111,2.85865,NA,NA,NA,NA,NA,NA,NA,NA,NA,NA,NA,NA,NA,NA,NA,NA,NA,NA,NA,NA,NA,NA,NA,NA,NA,NA,NA,NA,NA,NA,NA,NA,NA,NA,NA,NA,NA,NA,NA,NA,NA,NA,NA,NA,NA,NA,NA,NA,NA,NA,High,High,High,NA,NA,NA,NA,NA,161.983855,-19.091275,1719.962214,0.944999,11:30:00,0.360895,0.299385,-0.883246,16.721075,-9.367342,14.874498000000001,-0.082605,163.902674,-0.957508,-16.040825,0.957508,-0.276322,0.082605,4.930724,-4.738299,0.276322,-0.276322,-163.902674,4.738299,0.082605,16.040825,-4.930724,-0.082605,0.276322,0.957508,-0.957508,NA,NA,NA,NA,NA,NA,NA,NA,NA,NA,NA,NA
NA,NA,NA,NA,NA,NA,NA,NA,NA,NA,NA,NA,NA,NA,NA,NA,106,2026-02-17,15:53:41,15,3,"Sharp, Will",1000370214,Right,CAR_EAG,"Rosalia, Robert",1000358948,Left,CAR_EAG,Undefined,1,Bottom,0,1,1,Fastball,Changeup,BallCalled,Undefined,Undefined,Undefined,0,0,NA,78.00593,-1.971931,0.17327,1852.204714,171.646367,11:45:00,6.30118,-1.25839,6.30161,-25.68415,19.63911,-2.66477,2.34323,-1.32081,71.3929,-6.835398,-0.309007,0.484543,NA,NA,NA,NA,NA,NA,NA,NA,NA,NA,NA,1.42752,11.22158,1.24684,50,6.1438,-0.24794,-113.27804,-4.54282,1.84975,21.22319,-17.6332,CAR_EAG,CAR_EAG,CarsonNewman,TeamExclusive,Team,20260217-CarsonNewman-Private-1,bde54490-0c42-11f1-90c1-d3b8e9c17bb1,77.78973,NA,NA,6.61302,NA,NA,NA,NA,NA,NA,d42f9652-cdd7-4e85-a646-f9e5d84c90e5,2026-02-17,20:53:41,2026-02-17T20:53:41Z,2026-02-17T20:53:41Z,NA,v3,CNE,CNE,NA,NA,NA,Undefined,CAR_EAG,f3da9ddc-42e0-4ae1-a981-6033f7f5ce50,54.19642,-114.06156,10.61159,6.2995,-3.89185,-8.8166,1.25725,-0.31623,0.92488,NA,NA,NA,NA,NA,NA,NA,NA,NA,NA,NA,NA,NA,NA,NA,NA,NA,NA,NA,NA,NA,NA,NA,NA,NA,NA,NA,NA,NA,NA,NA,NA,NA,NA,NA,NA,NA,NA,NA,NA,NA,NA,NA,NA,NA,NA,NA,NA,NA,NA,High,High,High,NA,NA,NA,NA,NA,166.125257,-23.122322,1703.414474,0.919669,11:30:00,0.387573,0.233919,-0.891667,11.761472,-12.894615,18.207553,-0.098202,166.587431,-0.968023,-13.346538,0.968023,-0.23084,0.098202,5.792591,-5.635629,0.23084,-0.23084,-166.587431,5.635629,0.098202,13.346538,-5.792591,-0.098202,0.23084,0.968023,-0.968023,NA,NA,NA,NA,NA,NA,NA,NA,NA,NA,NA,NA
NA,NA,NA,NA,NA,NA,NA,NA,NA,NA,NA,NA,NA,NA,NA,NA,107,2026-02-17,15:54:06,15,4,"Sharp, Will",1000370214,Right,CAR_EAG,"Rosalia, Robert",1000358948,Left,CAR_EAG,Undefined,1,Bottom,0,2,1,Curveball,Curveball,BallCalled,Undefined,Undefined,Undefined,0,0,NA,66.84096,2.062234,1.501354,2324.812366,314.252397,04:30:00,6.28861,-1.52185,5.50343,-75.05264,-11.2869,13.64158,1.96453,1.01948,61.82738,-11.533198,3.936951,0.574732,NA,NA,NA,NA,NA,NA,NA,NA,NA,NA,NA,-6.42489,-5.66359,1.38131,50,6.4184,-2.99871,-97.04274,1.30313,-6.08572,16.13595,-37.53868,CAR_EAG,CAR_EAG,CarsonNewman,TeamExclusive,Team,20260217-CarsonNewman-Private-1,ccf88550-0c42-11f1-90c1-d3b8e9c17bb1,65.58267,NA,NA,5.01358,NA,NA,NA,NA,NA,NA,d42f9652-cdd7-4e85-a646-f9e5d84c90e5,2026-02-17,20:54:06,2026-02-17T20:54:06Z,2026-02-17T20:54:06Z,NA,v3,CNE,CNE,NA,NA,NA,Undefined,CAR_EAG,4c0eabfc-d763-4abf-9791-6feb98dbf942,55.00247,-97.871,8.06798,6.30205,3.22999,-18.76934,1.52721,-2.68633,-3.04286,NA,NA,NA,NA,NA,NA,NA,NA,NA,NA,NA,NA,NA,NA,NA,NA,NA,NA,NA,NA,NA,NA,NA,NA,NA,NA,NA,NA,NA,NA,NA,NA,NA,NA,NA,NA,NA,NA,NA,NA,NA,NA,NA,NA,NA,NA,NA,NA,NA,NA,High,High,High,NA,NA,NA,NA,NA,335.994426,-48.41316,1543.104516,0.663754,05:15:00,0.721609,-0.296772,0.625465,-0.05626,35.223928,-80.683637,-0.02587,138.425352,-0.747841,-41.557641,0.747841,-0.663373,0.02587,1.98121,-1.482387,0.663373,-0.663373,-138.425352,1.482387,0.02587,41.557641,-1.98121,-0.02587,0.663373,0.747841,-0.747841,NA,NA,NA,NA,NA,NA,NA,NA,NA,NA,NA,NA
NA,NA,NA,NA,NA,NA,NA,NA,NA,NA,NA,NA,NA,NA,NA,NA,108,2026-02-17,15:54:24,15,5,"Sharp, Will",1000370214,Right,CAR_EAG,"Rosalia, Robert",1000358948,Left,CAR_EAG,Undefined,1,Bottom,0,3,1,Fastball,Changeup,BallCalled,Walk,Undefined,Undefined,0,0,NA,79.99784,-3.598508,1.139853,1840.786145,170.90402,11:45:00,6.32055,-1.13383,6.03125,-22.30332,21.30245,-3.17957,1.12437,-0.34305,73.3704,-7.80098,0.56745,0.475273,NA,NA,NA,NA,NA,NA,NA,NA,NA,NA,NA,1.94665,12.40028,1.04639,50,6.02671,-2.18755,-115.96191,-7.87699,2.64894,21.81801,-15.30019,CAR_EAG,CAR_EAG,CarsonNewman,TeamExclusive,Team,20260217-CarsonNewman-Private-1,d7d87ca0-0c42-11f1-90c1-d3b8e9c17bb1,79.30689,NA,NA,6.62744,NA,NA,NA,NA,NA,NA,d42f9652-cdd7-4e85-a646-f9e5d84c90e5,2026-02-17,20:54:24,2026-02-17T20:54:24Z,2026-02-17T20:54:24Z,NA,v3,CNE,CNE,NA,NA,NA,Undefined,CAR_EAG,c79843b7-3ff6-4643-b9fb-d3bfd153005f,54.46702,-116.79935,10.90901,6.31778,-7.28972,-7.6501,1.1323,-2.28923,1.32447,NA,NA,NA,NA,NA,NA,NA,NA,NA,NA,NA,NA,NA,NA,NA,NA,NA,NA,NA,NA,NA,NA,NA,NA,NA,NA,NA,NA,NA,NA,NA,NA,NA,NA,NA,NA,NA,NA,NA,NA,NA,NA,NA,NA,NA,NA,NA,NA,NA,NA,High,High,High,NA,NA,NA,NA,NA,166.354386,-19.009352,1740.399652,0.945465,11:30:00,0.329296,0.243054,-0.912408,0.913134,-11.030668,37.881241,-0.025629,166.872264,-0.973546,-13.123346,0.973546,-0.227048,0.025629,1.507973,-1.468581,0.227048,-0.227048,-166.872264,1.468581,0.025629,13.123346,-1.507973,-0.025629,0.227048,0.973546,-0.973546,NA,NA,NA,NA,NA,NA,NA,NA,NA,NA,NA,NA
NA,NA,NA,NA,NA,NA,NA,NA,NA,NA,NA,NA,NA,NA,NA,NA,109,2026-02-17,15:55:13,16,1,"Sharp, Will",1000370214,Right,CAR_EAG,"Rosalia, Robert",1000358948,Left,CAR_EAG,Undefined,1,Bottom,0,0,0,Curveball,Curveball,BallCalled,Undefined,Undefined,Undefined,0,0,NA,68.12905,0.23786,2.07724,2326.333615,315.552595,04:30:00,6.14325,-1.67829,5.20704,-73.09295,-11.1241,12.77902,0.27603,1.34107,63.43971,-12.856954,4.349704,0.566576,NA,NA,NA,NA,NA,NA,NA,NA,NA,NA,NA,-5.81803,-5.13992,1.47588,50,6.10964,-4.0249,-98.91114,-1.8301,-5.73226,16.58161,-37.23823,CAR_EAG,CAR_EAG,CarsonNewman,TeamExclusive,Team,20260217-CarsonNewman-Private-1,f4d17aa0-0c42-11f1-90c1-d3b8e9c17bb1,66.52674,NA,NA,4.68935,NA,NA,NA,NA,NA,NA,d42f9652-cdd7-4e85-a646-f9e5d84c90e5,2026-02-17,20:55:13,2026-02-17T20:55:13Z,2026-02-17T20:55:13Z,NA,v3,CNE,CNE,NA,NA,NA,Undefined,CAR_EAG,48288a69-6991-4e9e-8819-6a6062d4cdd8,55.29922,-99.79555,8.29081,6.15428,0.15608,-18.61911,1.68241,-3.71916,-2.86613,NA,NA,NA,NA,NA,NA,NA,NA,NA,NA,NA,NA,NA,NA,NA,NA,NA,NA,NA,NA,NA,NA,NA,NA,NA,NA,NA,NA,NA,NA,NA,NA,NA,NA,NA,NA,NA,NA,NA,NA,NA,NA,NA,NA,NA,NA,NA,NA,NA,NA,High,High,High,NA,NA,NA,NA,NA,332.491549,-54.214017,1360.345068,0.584759,05:00:00,0.790747,-0.273454,0.54767,13.378315,10.405772,60.482309,-0.050308,137.902213,-0.741062,-42.032271,0.741062,-0.669549,0.050308,3.883662,-2.883668,0.669549,-0.669549,-137.902213,2.883668,0.050308,42.032271,-3.883662,-0.050308,0.669549,0.741062,-0.741062,NA,NA,NA,NA,NA,NA,NA,NA,NA,NA,NA,NA
NA,NA,NA,NA,NA,NA,NA,NA,NA,NA,NA,NA,NA,NA,NA,NA,110,2026-02-17,15:55:28,16,2,"Sharp, Will",1000370214,Right,CAR_EAG,"Rosalia, Robert",1000358948,Left,CAR_EAG,Undefined,1,Bottom,0,1,0,Fastball,Changeup,BallCalled,Undefined,Undefined,Undefined,0,0,NA,78.22692,0.069302,1.057216,1739.024904,158.497538,11:15:00,6.3408,-1.16203,6.08715,-25.61434,20.07891,-7.29126,4.27039,-0.79149,70.90897,-4.807392,-0.255867,0.486516,NA,NA,NA,NA,NA,NA,NA,NA,NA,NA,NA,4.04378,10.77068,1.08403,50,6.33255,-1.8223,-113.52607,-0.51868,5.22977,22.53358,-18.24447,CAR_EAG,CAR_EAG,CarsonNewman,TeamExclusive,Team,20260217-CarsonNewman-Private-1,fdb88820-0c42-11f1-90c1-d3b8e9c17bb1,77.47413,NA,NA,7.31795,NA,NA,NA,NA,NA,NA,d42f9652-cdd7-4e85-a646-f9e5d84c90e5,2026-02-17,20:55:28,2026-02-17T20:55:28Z,2026-02-17T20:55:28Z,NA,v3,CNE,CNE,NA,NA,NA,Undefined,CAR_EAG,2cc1c33c-b5c0-4e56-a662-cc6726214a3f,54.40932,-114.39792,11.26679,6.33897,0.18722,-9.12223,1.15844,-2.02465,2.61488,NA,NA,NA,NA,NA,NA,NA,NA,NA,NA,NA,NA,NA,NA,NA,NA,NA,NA,NA,NA,NA,NA,NA,NA,NA,NA,NA,NA,NA,NA,NA,NA,NA,NA,NA,NA,NA,NA,NA,NA,NA,NA,NA,NA,NA,NA,NA,NA,NA,NA,High,High,High,NA,NA,NA,NA,NA,164.163366,-23.081453,1599.81327,0.919948,11:30:00,0.408605,0.250575,-0.877641,13.782308,-6.911247,20.938869,-0.135825,158.572569,-0.922254,-21.219201,0.922254,-0.361937,0.135825,8.378011,-7.80633,0.361937,-0.361937,-158.572569,7.80633,0.135825,21.219201,-8.378011,-0.135825,0.361937,0.922254,-0.922254,NA,NA,NA,NA,NA,NA,NA,NA,NA,NA,NA,NA
NA,NA,NA,NA,NA,NA,NA,NA,NA,NA,NA,NA,NA,NA,NA,NA,111,2026-02-17,15:55:44,16,3,"Sharp, Will",1000370214,Right,CAR_EAG,"Rosalia, Robert",1000358948,Left,CAR_EAG,Undefined,1,Bottom,0,2,0,Fastball,Changeup,InPlay,Undefined,LineDrive,Out,1,0,NA,80.36722,-2.340887,1.389041,1907.965498,163.981654,11:30:00,6.29837,-1.18945,6.07125,-21.39273,22.09068,-5.89469,2.34757,-0.39502,72.84234,-6.429158,0.327562,0.474606,89.65113,18.132294,19.785525,2827.812998,100.75416,28.9809,44.14236,281.02731,281.02731,29.559298,3.140432,3.46394,12.56304,1.0849,50,6.10555,-2.60321,-116.51975,-5.30102,4.70657,24.28098,-15.10418,CAR_EAG,CAR_EAG,CarsonNewman,TeamExclusive,Team,20260217-CarsonNewman-Private-1,075c55f0-0c43-11f1-90c1-d3b8e9c17bb1,79.41836,32.10989,NA,7.52488,NA,NA,NA,0.50116,2.34169,0.45332,d42f9652-cdd7-4e85-a646-f9e5d84c90e5,2026-02-17,20:55:44,2026-02-17T20:55:44Z,2026-02-17T20:55:44Z,LineDrive,v3,CNE,CNE,NA,NA,NA,Undefined,CAR_EAG,6ae3456c-ddf0-43df-b433-a390aec80490,54.4266,-117.43857,12.14049,6.29533,-4.72946,-7.55209,1.18678,-2.78131,2.35328,228.678241,0.50142,117.57135,-20.92468,4.19083,-0.69966,0.06497,0.00405,-0.00213,2.1e-4,2.34134,40.93473,-14.90728,0.77073,-0.26628,0.13688,-0.04381,0.00805,-6.2e-4,0.45301,42.31092,2.12516,-0.9205,0.13569,0.02722,-0.01686,0.00319,-2.2e-4,NA,NA,NA,NA,NA,NA,NA,NA,NA,NA,NA,NA,NA,NA,NA,NA,NA,NA,NA,NA,NA,NA,High,High,High,High,High,NA,NA,NA,164.711656,-19.721505,1796.051788,0.941344,11:30:00,0.348944,0.261786,-0.899836,2.76356,-7.400687,34.44696,-0.027446,161.558814,-0.948291,-18.433989,0.948291,-0.316212,0.027446,1.657849,-1.572761,0.316212,-0.316212,-161.558814,1.572761,0.027446,18.433989,-1.657849,-0.027446,0.316212,0.948291,-0.948291,NA,NA,NA,NA,NA,NA,NA,NA,NA,NA,NA,NA
NA,NA,NA,NA,NA,NA,NA,NA,NA,NA,NA,NA,NA,NA,NA,NA,112,2026-02-17,15:56:34,17,1,"Sharp, Will",1000370214,Right,CAR_EAG,"Rosalia, Robert",1000358948,Left,CAR_EAG,Undefined,1,Bottom,1,0,0,Fastball,Changeup,BallCalled,Undefined,Undefined,Undefined,0,0,NA,79.33175,-3.863507,0.665628,1935.519579,161.180342,11:15:00,6.26477,-1.12817,6.07384,-24.20651,20.33103,-6.39922,0.66682,-1.04547,72.44737,-8.419479,-0.487914,0.480324,NA,NA,NA,NA,NA,NA,NA,NA,NA,NA,NA,3.50626,12.11323,1.08003,50,5.95241,-1.10205,-114.94263,-8.3996,4.65567,22.79592,-16.08999,CAR_EAG,CAR_EAG,CarsonNewman,TeamExclusive,Team,20260217-CarsonNewman-Private-1,2512fea0-0c43-11f1-90c1-d3b8e9c17bb1,78.47291,NA,NA,6.88438,NA,NA,NA,NA,NA,NA,d42f9652-cdd7-4e85-a646-f9e5d84c90e5,2026-02-17,20:56:34,2026-02-17T20:56:34Z,2026-02-17T20:56:34Z,NA,v3,CNE,CNE,NA,NA,NA,Undefined,CAR_EAG,e99cba50-fb10-4f55-bc43-f6b1916541b2,54.42541,-115.81697,11.39796,6.26274,-7.78247,-8.045,1.12572,-1.28062,2.32783,NA,NA,NA,NA,NA,NA,NA,NA,NA,NA,NA,NA,NA,NA,NA,NA,NA,NA,NA,NA,NA,NA,NA,NA,NA,NA,NA,NA,NA,NA,NA,NA,NA,NA,NA,NA,NA,NA,NA,NA,NA,NA,NA,NA,NA,NA,NA,NA,NA,NA,High,High,High,NA,NA,NA,NA,NA,166.24869,-17.028879,1850.661115,0.956157,11:30:00,0.287644,0.246502,-0.925471,6.911239,0.400481,29.956997,-0.041388,157.760459,-0.924816,-22.219468,0.924816,-0.378155,0.041388,2.562459,-2.372063,0.378155,-0.378155,-157.760459,2.372063,0.041388,22.219468,-2.562459,-0.041388,0.378155,0.924816,-0.924816,NA,NA,NA,NA,NA,NA,NA,NA,NA,NA,NA,NA
NA,NA,NA,NA,NA,NA,NA,NA,NA,NA,NA,NA,NA,NA,NA,NA,113,2026-02-17,15:56:51,17,2,"Sharp, Will",1000370214,Right,CAR_EAG,"Rosalia, Robert",1000358948,Left,CAR_EAG,Undefined,1,Bottom,1,1,0,Fastball,Changeup,BallCalled,Undefined,Undefined,Undefined,0,0,NA,79.42437,-3.637943,1.536115,1927.397123,161.563505,11:30:00,6.32045,-1.11248,6.00464,-24.15092,20.49379,-6.30288,0.93138,-0.21409,72.34047,-8.189577,0.40196,0.480902,NA,NA,NA,NA,NA,NA,NA,NA,NA,NA,NA,3.68792,12.1017,0.99502,50,6.02077,-2.84619,-115.01314,-7.95287,4.89613,23.09545,-16.10769,CAR_EAG,CAR_EAG,CarsonNewman,TeamExclusive,Team,20260217-CarsonNewman-Private-1,2f6f6e10-0c43-11f1-90c1-d3b8e9c17bb1,78.37868,NA,NA,7.08389,NA,NA,NA,NA,NA,NA,d42f9652-cdd7-4e85-a646-f9e5d84c90e5,2026-02-17,20:56:51,2026-02-17T20:56:51Z,2026-02-17T20:56:51Z,NA,v3,CNE,CNE,NA,NA,NA,Undefined,CAR_EAG,f9e0d265-6fb6-4c79-bf2c-8677b82870ac,54.49273,-115.9118,11.54772,6.31803,-7.32611,-8.05385,1.10947,-3.0367,2.44806,NA,NA,NA,NA,NA,NA,NA,NA,NA,NA,NA,NA,NA,NA,NA,NA,NA,NA,NA,NA,NA,NA,NA,NA,NA,NA,NA,NA,NA,NA,NA,NA,NA,NA,NA,NA,NA,NA,NA,NA,NA,NA,NA,NA,NA,NA,NA,NA,NA,NA,High,High,High,NA,NA,NA,NA,NA,164.992801,-18.571004,1827.03699,0.94793,11:30:00,0.326699,0.265171,-0.907167,8.011809,-8.42424,30.744874,-0.073509,163.74001,-0.957404,-16.214784,0.957404,-0.279239,0.073509,4.390538,-4.215567,0.279239,-0.279239,-163.74001,4.215567,0.073509,16.214784,-4.390538,-0.073509,0.279239,0.957404,-0.957404,NA,NA,NA,NA,NA,NA,NA,NA,NA,NA,NA,NA
NA,NA,NA,NA,NA,NA,NA,NA,NA,NA,NA,NA,NA,NA,NA,NA,114,2026-02-17,15:57:10,17,3,"Sharp, Will",1000370214,Right,CAR_EAG,"Rosalia, Robert",1000358948,Left,CAR_EAG,Undefined,1,Bottom,1,2,0,Fastball,Changeup,FoulBallNotFieldable,Undefined,Undefined,Undefined,0,0,NA,79.19521,-2.851721,1.652777,1905.632213,164.725102,11:30:00,6.376,-1.25731,5.83113,-22.86844,22.46336,-5.67953,1.8161,-0.19379,71.71013,-7.19111,0.634699,0.484588,NA,NA,NA,NA,NA,NA,NA,NA,NA,NA,NA,3.43965,12.87965,1.12578,50,6.12974,-3.09563,-114.70338,-6.31989,4.51843,23.98595,-15.25492,CAR_EAG,CAR_EAG,CarsonNewman,TeamExclusive,Team,20260217-CarsonNewman-Private-1,3a70a900-0c43-11f1-90c1-d3b8e9c17bb1,77.78243,NA,NA,7.48507,NA,NA,NA,NA,NA,NA,d42f9652-cdd7-4e85-a646-f9e5d84c90e5,2026-02-17,20:57:10,2026-02-17T20:57:10Z,2026-02-17T20:57:10Z,NA,v3,CNE,CNE,NA,NA,NA,Undefined,CAR_EAG,6ff5046e-7d01-4624-9ec5-5c6fe250f19c,54.66749,-115.6753,11.99298,6.3733,-5.70176,-7.62746,1.25492,-3.27872,2.25922,NA,NA,NA,NA,NA,NA,NA,NA,NA,NA,NA,NA,NA,NA,NA,NA,NA,NA,NA,NA,NA,NA,NA,NA,NA,NA,NA,NA,NA,NA,NA,NA,NA,NA,NA,NA,NA,NA,NA,NA,NA,NA,NA,NA,NA,NA,NA,NA,NA,NA,High,High,High,NA,NA,NA,NA,NA,163.969685,-16.271042,1829.305965,0.959947,11:30:00,0.293146,0.278697,-0.914546,-1.53237,-6.117821,47.70338,-0.003986,162.306809,-0.95269,-17.693046,0.95269,-0.303917,0.003986,0.239738,-0.228398,0.303917,-0.303917,-162.306809,0.228398,0.003986,17.693046,-0.239738,-0.003986,0.303917,0.95269,-0.95269,NA,NA,NA,NA,NA,NA,NA,NA,NA,NA,NA,NA
NA,NA,NA,NA,NA,NA,NA,NA,NA,NA,NA,NA,NA,NA,NA,NA,115,2026-02-17,15:57:37,17,4,"Sharp, Will",1000370214,Right,CAR_EAG,"Rosalia, Robert",1000358948,Left,CAR_EAG,Undefined,1,Bottom,1,2,1,Curveball,Curveball,StrikeCalled,Undefined,Undefined,Undefined,0,0,NA,67.1143,2.062901,1.537185,2211.386839,328.729594,05:00:00,6.19605,-1.54012,5.31907,-77.57945,-13.19965,9.38087,1.6687,0.68463,61.45691,-11.971441,3.20755,0.577492,NA,NA,NA,NA,NA,NA,NA,NA,NA,NA,NA,-4.18418,-6.60079,1.39385,50,6.32705,-2.93453,-97.29533,1.16631,-3.93984,17.78609,-38.38935,CAR_EAG,CAR_EAG,CarsonNewman,TeamExclusive,Team,20260217-CarsonNewman-Private-1,4ad9b5c0-0c43-11f1-90c1-d3b8e9c17bb1,65.26916,NA,NA,5.65739,NA,NA,NA,NA,NA,NA,d42f9652-cdd7-4e85-a646-f9e5d84c90e5,2026-02-17,20:57:37,2026-02-17T20:57:37Z,2026-02-17T20:57:37Z,NA,v3,CNE,CNE,NA,NA,NA,Undefined,CAR_EAG,ffd1c700-5ada-40cd-a5c6-a476c2c7527b,55.1855,-98.23869,8.89304,6.21119,3.20245,-19.19468,1.54395,-2.72557,-1.96992,NA,NA,NA,NA,NA,NA,NA,NA,NA,NA,NA,NA,NA,NA,NA,NA,NA,NA,NA,NA,NA,NA,NA,NA,NA,NA,NA,NA,NA,NA,NA,NA,NA,NA,NA,NA,NA,NA,NA,NA,NA,NA,NA,NA,NA,NA,NA,NA,NA,NA,High,High,High,NA,NA,NA,NA,NA,334.923439,-48.002521,1479.6343,0.669098,05:15:00,0.715964,-0.310151,0.625462,12.793167,-16.816684,81.641481,0.013112,143.909733,-0.80802,36.086677,0.80802,-0.589008,-0.013112,0.929644,0.751259,0.589008,0.589008,-143.909733,-0.751259,0.013112,-36.086677,-0.929644,-0.013112,-0.589008,0.80802,-0.80802,NA,NA,NA,NA,NA,NA,NA,NA,NA,NA,NA,NA
NA,NA,NA,NA,NA,NA,NA,NA,NA,NA,NA,NA,NA,NA,NA,NA,116,2026-02-17,15:57:58,17,5,"Sharp, Will",1000370214,Right,CAR_EAG,"Rosalia, Robert",1000358948,Left,CAR_EAG,Undefined,1,Bottom,1,2,2,Curveball,Curveball,BallCalled,Undefined,Undefined,Undefined,0,0,NA,67.43844,5.476589,0.615917,2178.306619,318.222541,04:30:00,6.23999,-1.5376,5.22381,-74.79382,-10.79701,11.56347,5.17219,0.00511,61.23376,-8.101296,2.660963,0.575772,NA,NA,NA,NA,NA,NA,NA,NA,NA,NA,NA,-5.52567,-6.31992,1.47182,50,6.69073,-1.46094,-97.44673,7.04432,-5.26282,16.66902,-38.19335,CAR_EAG,CAR_EAG,CarsonNewman,TeamExclusive,Team,20260217-CarsonNewman-Private-1,5746dcc0-0c43-11f1-90c1-d3b8e9c17bb1,65.46418,NA,NA,6.20468,NA,NA,NA,NA,NA,NA,d42f9652-cdd7-4e85-a646-f9e5d84c90e5,2026-02-17,20:57:58,2026-02-17T20:57:58Z,2026-02-17T20:57:58Z,NA,v3,CNE,CNE,NA,NA,NA,Undefined,CAR_EAG,0446488d-7df2-478f-bcf8-aab0c1d75cb0,55.28019,-98.3458,8.33451,6.25523,9.10434,-19.09668,1.54296,-1.17708,-2.63141,NA,NA,NA,NA,NA,NA,NA,NA,NA,NA,NA,NA,NA,NA,NA,NA,NA,NA,NA,NA,NA,NA,NA,NA,NA,NA,NA,NA,NA,NA,NA,NA,NA,NA,NA,NA,NA,NA,NA,NA,NA,NA,NA,NA,NA,NA,NA,NA,NA,NA,High,High,High,NA,NA,NA,NA,NA,337.672253,-47.381927,1474.949114,0.677108,05:15:00,0.7012,-0.326294,0.633917,8.517384,-15.626965,71.538936,-0.086319,138.019052,-0.740593,-41.788811,0.740593,-0.666387,0.086319,6.648071,-4.95189,0.666387,-0.666387,-138.019052,4.95189,0.086319,41.788811,-6.648071,-0.086319,0.666387,0.740593,-0.740593,NA,NA,NA,NA,NA,NA,NA,NA,NA,NA,NA,NA
NA,NA,NA,NA,NA,NA,NA,NA,NA,NA,NA,NA,NA,NA,NA,NA,117,2026-02-17,15:58:13,17,6,"Sharp, Will",1000370214,Right,CAR_EAG,"Rosalia, Robert",1000358948,Left,CAR_EAG,Undefined,1,Bottom,1,3,2,Fastball,Changeup,BallCalled,Walk,Undefined,Undefined,0,0,NA,78.99377,-3.323398,0.091558,1835.786787,175.773882,11:45:00,6.29483,-1.09136,6.01539,-22.78285,22.3532,-1.53169,1.31412,-1.13419,71.77737,-7.645883,-0.184167,0.483541,NA,NA,NA,NA,NA,NA,NA,NA,NA,NA,NA,0.81504,13.00363,1.085,50,6.02156,-0.126,-114.45572,-7.22532,1.06914,23.3167,-15.11614,CAR_EAG,CAR_EAG,CarsonNewman,TeamExclusive,Team,20260217-CarsonNewman-Private-1,60721f30-0c43-11f1-90c1-d3b8e9c17bb1,77.95087,NA,NA,7.2164,NA,NA,NA,NA,NA,NA,d42f9652-cdd7-4e85-a646-f9e5d84c90e5,2026-02-17,20:58:13,2026-02-17T20:58:13Z,2026-02-17T20:58:13Z,NA,v3,CNE,CNE,NA,NA,NA,Undefined,CAR_EAG,9cb9bd6f-2782-4ad8-9922-36f5f493020e,54.48239,-115.36525,11.65835,6.2919,-6.63567,-7.55807,1.09073,-0.16771,0.53457,NA,NA,NA,NA,NA,NA,NA,NA,NA,NA,NA,NA,NA,NA,NA,NA,NA,NA,NA,NA,NA,NA,NA,NA,NA,NA,NA,NA,NA,NA,NA,NA,NA,NA,NA,NA,NA,NA,NA,NA,NA,NA,NA,NA,NA,NA,NA,NA,NA,NA,High,High,High,NA,NA,NA,NA,NA,165.321156,-14.045074,1780.906142,0.970105,11:30:00,0.229525,0.259481,-0.938077,3.426734,-6.316828,38.076986,0.00469,166.394638,-0.971928,13.605209,0.971928,-0.23523,-0.00469,0.276489,0.26873,0.23523,0.23523,-166.394638,-0.26873,0.00469,-13.605209,-0.276489,-0.00469,-0.23523,0.971928,-0.971928,NA,NA,NA,NA,NA,NA,NA,NA,NA,NA,NA,NA
NA,NA,NA,NA,NA,NA,NA,NA,NA,NA,NA,NA,NA,NA,NA,NA,118,2026-02-17,16:00:41,18,1,"Sharp, Will",1000370214,Right,CAR_EAG,"Rosalia, Robert",1000358948,Left,CAR_EAG,Undefined,1,Bottom,1,0,0,Fastball,Changeup,BallCalled,Undefined,Undefined,Undefined,0,0,NA,77.02237,-2.95786,-5.458647,1665.423745,245.046577,02:15:00,5.12655,3.3036,6.03406,-37.09423,10.59914,19.12694,-0.71865,-0.17276,70.29907,-9.824266,-2.030003,0.49705,NA,NA,NA,NA,NA,NA,NA,NA,NA,NA,NA,-11.71871,6.8052,-2.88704,50,4.87403,9.98019,-111.26117,-6.82452,-14.53894,21.87212,-23.7311,CAR_EAG,CAR_EAG,CarsonNewman,TeamExclusive,Team,20260217-CarsonNewman-Private-1,b8773bc0-0c43-11f1-90c1-d3b8e9c17bb1,75.83223,NA,NA,6.7233,NA,NA,NA,NA,NA,NA,d42f9652-cdd7-4e85-a646-f9e5d84c90e5,2026-02-17,21:00:41,2026-02-17T21:00:41Z,2026-02-17T21:00:41Z,NA,v3,CNE,CNE,NA,NA,NA,Undefined,CAR_EAG,b47f79af-088c-49aa-b06e-ac4f8d4e86e7,54.46917,-112.13629,10.93606,5.12808,-5.87502,-11.86555,-3.298,10.56191,-7.26947,NA,NA,NA,NA,NA,NA,NA,NA,NA,NA,NA,NA,NA,NA,NA,NA,NA,NA,NA,NA,NA,NA,NA,NA,NA,NA,NA,NA,NA,NA,NA,NA,NA,NA,NA,NA,NA,NA,NA,NA,NA,NA,NA,NA,NA,NA,NA,NA,NA,NA,High,High,High,NA,NA,NA,NA,NA,238.464097,-11.70405,1630.797047,0.979208,02:00:00,0.195818,-0.823012,-0.533204,-50.474301,-23.414042,-19.879835,0.069344,167.613881,-0.974373,12.355831,0.974373,-0.213982,-0.069344,4.070779,3.976336,0.213982,0.213982,-167.613881,-3.976336,0.069344,-12.355831,-4.070779,-0.069344,-0.213982,0.974373,-0.974373,NA,NA,NA,NA,NA,NA,NA,NA,NA,NA,NA,NA
NA,NA,NA,NA,NA,NA,NA,NA,NA,NA,NA,NA,NA,NA,NA,NA,119,2026-02-17,16:01:02,18,2,"Sharp, Will",1000370214,Right,CAR_EAG,"Yonts, Peyton",1000370211,Right,CAR_EAG,Undefined,1,Bottom,1,1,0,Slider,Curveball,StrikeCalled,Undefined,Undefined,Undefined,0,0,NA,69.095,3.096954,-3.664911,3137.337619,96.168732,09:15:00,4.99876,3.31137,6.12238,-56.82204,2.61158,-4.09516,3.13538,-0.42271,62.29856,-7.472168,-4.399501,0.554865,NA,NA,NA,NA,NA,NA,NA,NA,NA,NA,NA,0.85673,1.0289,-3.02846,50,5.20804,6.53432,-99.88645,3.904,0.8486,19.03245,-31.15493,CAR_EAG,CAR_EAG,CarsonNewman,TeamExclusive,Team,20260217-CarsonNewman-Private-1,c50bc0e0-0c43-11f1-90c1-d3b8e9c17bb1,67.93082,NA,NA,6.79643,NA,NA,NA,NA,NA,NA,d42f9652-cdd7-4e85-a646-f9e5d84c90e5,2026-02-17,21:01:02,2026-02-17T21:01:02Z,2026-02-17T21:01:02Z,NA,v3,CNE,CNE,NA,NA,NA,Undefined,CAR_EAG,7fffde5d-0076-4628-b4b5-11f7634205f4,54.37467,-100.71656,9.51622,5.00813,5.26282,-15.57746,-3.31264,6.49731,0.4243,NA,NA,NA,NA,NA,NA,NA,NA,NA,NA,NA,NA,NA,NA,NA,NA,NA,NA,NA,NA,NA,NA,NA,NA,NA,NA,NA,NA,NA,NA,NA,NA,NA,NA,NA,NA,NA,NA,NA,NA,NA,NA,NA,NA,NA,NA,NA,NA,NA,NA,High,High,High,NA,NA,NA,NA,NA,292.778836,89.60706,21.515987,0.006858,03:45:00,-0.996645,0.047711,0.066498,-23.689195,43.147491,-40.833827,0.367617,138.338698,-0.694774,38.183358,0.694774,-0.61818,-0.367617,27.884058,21.568702,0.61818,0.61818,-138.338698,-21.568702,0.367617,-38.183358,-27.884058,-0.367617,-0.61818,0.694774,-0.694774,NA,NA,NA,NA,NA,NA,NA,NA,NA,NA,NA,NA
NA,NA,NA,NA,NA,NA,NA,NA,NA,NA,NA,NA,NA,NA,NA,NA,120,2026-02-17,16:01:15,18,3,"Sharp, Will",1000370214,Right,CAR_EAG,"Yonts, Peyton",1000370211,Right,CAR_EAG,Undefined,1,Bottom,1,1,1,Slider,Changeup,BallCalled,Undefined,Undefined,Undefined,0,0,NA,69.78615,0.574992,-3.940707,1430.851133,82.116334,08:45:00,4.98298,3.23202,6.13834,-56.70153,1.59933,-4.2637,0.79055,-0.77111,63.19951,-9.920766,-4.707517,0.549552,NA,NA,NA,NA,NA,NA,NA,NA,NA,NA,NA,0.82276,1.27473,-2.92883,50,4.99831,7.09574,-100.99339,-0.49648,0.82927,20.14612,-30.88922,CAR_EAG,CAR_EAG,CarsonNewman,TeamExclusive,Team,20260217-CarsonNewman-Private-1,cced6c50-0c43-11f1-90c1-d3b8e9c17bb1,68.58755,NA,NA,6.58665,NA,NA,NA,NA,NA,NA,d42f9652-cdd7-4e85-a646-f9e5d84c90e5,2026-02-17,21:01:15,2026-02-17T21:01:15Z,2026-02-17T21:01:15Z,NA,v3,CNE,CNE,NA,NA,NA,Undefined,CAR_EAG,27e83032-4141-4e22-9b81-4c31070cd330,54.36029,-101.85946,10.07306,4.99112,0.83143,-15.44461,-3.2331,7.0601,0.41464,NA,NA,NA,NA,NA,NA,NA,NA,NA,NA,NA,NA,NA,NA,NA,NA,NA,NA,NA,NA,NA,NA,NA,NA,NA,NA,NA,NA,NA,NA,NA,NA,NA,NA,NA,NA,NA,NA,NA,NA,NA,NA,NA,NA,NA,NA,NA,NA,NA,NA,High,High,High,NA,NA,NA,NA,NA,137.705108,87.894037,52.580511,0.036748,10:30:00,-0.998532,0.034757,0.041539,-21.960575,44.214588,-51.364953,0.54474,143.797939,-0.676703,29.690143,0.676703,-0.495309,-0.54474,38.833752,33.006894,0.495309,0.495309,-143.797939,-33.006894,0.54474,-29.690143,-38.833752,-0.54474,-0.495309,0.676703,-0.676703,NA,NA,NA,NA,NA,NA,NA,NA,NA,NA,NA,NA
NA,NA,NA,NA,NA,NA,NA,NA,NA,NA,NA,NA,NA,NA,NA,NA,121,2026-02-17,16:01:31,18,4,"Sharp, Will",1000370214,Right,CAR_EAG,"Yonts, Peyton",1000370211,Right,CAR_EAG,Undefined,1,Bottom,1,2,1,Fastball,Changeup,FoulBallNotFieldable,Undefined,Undefined,Undefined,0,0,NA,78.32319,0.592082,-5.239006,1691.803764,233.011176,01:45:00,5.20756,3.19222,5.8633,-31.12191,15.35017,18.13859,3.16645,-0.17697,70.57072,-5.258619,-2.00501,0.490645,NA,NA,NA,NA,NA,NA,NA,NA,NA,NA,NA,-10.8906,8.13355,-2.77685,50,5.23788,9.68889,-113.18014,0.28855,-13.94623,23.11591,-21.75842,CAR_EAG,CAR_EAG,CarsonNewman,TeamExclusive,Team,20260217-CarsonNewman-Private-1,d61616b0-0c43-11f1-90c1-d3b8e9c17bb1,76.82222,NA,NA,7.75247,NA,NA,NA,NA,NA,NA,d42f9652-cdd7-4e85-a646-f9e5d84c90e5,2026-02-17,21:01:31,2026-02-17T21:01:31Z,2026-02-17T21:01:31Z,NA,v3,CNE,CNE,NA,NA,NA,Undefined,CAR_EAG,85ff9645-e3ba-4400-be26-5682d3065f2f,54.63558,-114.12298,11.55795,5.20801,1.17602,-10.87921,-3.18364,10.25773,-6.97312,NA,NA,NA,NA,NA,NA,NA,NA,NA,NA,NA,NA,NA,NA,NA,NA,NA,NA,NA,NA,NA,NA,NA,NA,NA,NA,NA,NA,NA,NA,NA,NA,NA,NA,NA,NA,NA,NA,NA,NA,NA,NA,NA,NA,NA,NA,NA,NA,NA,NA,High,High,High,NA,NA,NA,NA,NA,234.601131,-6.629339,1680.491993,0.993314,01:45:00,0.054086,-0.810839,-0.582765,-53.22716,-20.172134,-21.228106,0.092568,172.955541,-0.98819,7.01406,0.98819,-0.122113,-0.092568,5.351532,5.311367,0.122113,0.122113,-172.955541,-5.311367,0.092568,-7.01406,-5.351532,-0.092568,-0.122113,0.98819,-0.98819,NA,NA,NA,NA,NA,NA,NA,NA,NA,NA,NA,NA
NA,NA,NA,NA,NA,NA,NA,NA,NA,NA,NA,NA,NA,NA,NA,NA,122,2026-02-17,16:01:48,18,5,"Sharp, Will",1000370214,Right,CAR_EAG,"Yonts, Peyton",1000370211,Right,CAR_EAG,Undefined,1,Bottom,1,2,2,ChangeUp,Changeup,FoulBallNotFieldable,Undefined,Undefined,Undefined,0,0,NA,69.09518,2.328765,-5.23378,1492.810034,267.297675,03:00:00,5.08393,3.02797,6.39534,-55.65542,2.98799,18.29273,2.59797,-0.27475,62.4873,-8.058827,-1.937917,0.551164,75.4205,33.461709,42.598683,4877.828345,72.44704,53.19316,82.77326,233.2984,140.59905,55.301878,3.984325,-11.22697,1.40264,-2.65921,50,5.22673,8.58356,-99.89556,2.68418,-11.1714,18.38636,-30.77836,CAR_EAG,CAR_EAG,CarsonNewman,TeamExclusive,Team,20260217-CarsonNewman-Private-1,e0a8ff70-0c43-11f1-90c1-d3b8e9c17bb1,68.38694,56.19755,NA,6.60788,NA,NA,NA,1.33821,2.60799,0.26872,d42f9652-cdd7-4e85-a646-f9e5d84c90e5,2026-02-17,21:01:48,2026-02-17T21:01:48Z,2026-02-17T21:01:48Z,FlyBall,v3,CNE,CNE,NA,NA,NA,Undefined,CAR_EAG,bbdb08de-d191-4e8a-b7bc-859758ef0aed,54.10592,-100.64844,9.19318,5.09101,3.94449,-15.38918,-3.02005,9.041,-5.5857,229.630131,1.33606,68.06283,-17.6255,6.93429,-5.02467,3.09363,-1.14841,0.21899,-0.0163,2.58893,61.52871,-22.8909,8.04934,-6.87729,3.81867,-1.17704,0.18493,-0.01155,0.24231,63.16652,-5.90798,6.52619,-7.00416,3.84711,-1.11802,0.16111,-0.00901,NA,NA,NA,NA,NA,NA,NA,NA,NA,NA,NA,NA,NA,NA,NA,NA,NA,NA,NA,NA,NA,NA,High,High,High,High,Medium,NA,NA,NA,262.828752,-25.26045,1350.063549,0.904377,02:45:00,0.377997,-0.913901,-0.147996,72.159718,41.905264,83.411309,0.544882,107.09632,-0.246505,53.269807,0.246505,-0.801461,-0.544882,65.65795,33.016584,0.801461,0.801461,-107.09632,-33.016584,0.544882,-53.269807,-65.65795,-0.544882,-0.801461,0.246505,-0.246505,NA,NA,NA,NA,NA,NA,NA,NA,NA,NA,NA,NA
NA,NA,NA,NA,NA,NA,NA,NA,NA,NA,NA,NA,NA,NA,NA,NA,123,2026-02-17,16:02:09,18,6,"Sharp, Will",1000370214,Right,CAR_EAG,"Yonts, Peyton",1000370211,Right,CAR_EAG,Undefined,1,Bottom,1,2,2,Slider,Changeup,BallCalled,Undefined,Undefined,Undefined,0,0,NA,68.20134,2.615753,-1.957862,1325.443954,109.872269,09:45:00,5.04811,3.28136,5.95976,-58.60109,3.54547,-2.64256,2.59347,1.24484,60.63668,-8.320585,-2.432222,0.567388,NA,NA,NA,NA,NA,NA,NA,NA,NA,NA,NA,0.57898,1.69453,-3.1245,50,5.22499,3.46068,-98.55972,2.92192,0.54942,20.80786,-30.56604,CAR_EAG,CAR_EAG,CarsonNewman,TeamExclusive,Team,20260217-CarsonNewman-Private-1,ec989200-0c43-11f1-90c1-d3b8e9c17bb1,66.43153,NA,NA,7.56466,NA,NA,NA,NA,NA,NA,d42f9652-cdd7-4e85-a646-f9e5d84c90e5,2026-02-17,21:02:09,2026-02-17T21:02:09Z,2026-02-17T21:02:09Z,NA,v3,CNE,CNE,NA,NA,NA,Undefined,CAR_EAG,03cd4e7d-4bee-41c7-8bab-7060f68e9423,54.53304,-99.51213,10.40393,5.05923,4.32098,-15.28302,-3.28233,3.43553,0.27471,NA,NA,NA,NA,NA,NA,NA,NA,NA,NA,NA,NA,NA,NA,NA,NA,NA,NA,NA,NA,NA,NA,NA,NA,NA,NA,NA,NA,NA,NA,NA,NA,NA,NA,NA,NA,NA,NA,NA,NA,NA,NA,NA,NA,NA,NA,NA,NA,NA,NA,High,High,High,NA,NA,NA,NA,NA,174.779187,83.98781,138.827078,0.10474,11:45:00,-0.996012,0.054907,-0.070318,-7.951236,50.375872,-40.508883,0.508789,148.359135,-0.732922,26.847515,0.732922,-0.451618,-0.508789,34.768113,30.583229,0.451618,0.451618,-148.359135,-30.583229,0.508789,-26.847515,-34.768113,-0.508789,-0.451618,0.732922,-0.732922,NA,NA,NA,NA,NA,NA,NA,NA,NA,NA,NA,NA
NA,NA,NA,NA,NA,NA,NA,NA,NA,NA,NA,NA,NA,NA,NA,NA,124,2026-02-17,16:02:34,18,7,"Sharp, Will",1000370214,Right,CAR_EAG,"Yonts, Peyton",1000370211,Right,CAR_EAG,Undefined,1,Bottom,1,3,2,Slider,Changeup,BallCalled,Walk,Undefined,Undefined,0,0,NA,68.03798,1.411758,-5.26864,1340.978029,59.473076,08:00:00,5.00788,3.1649,5.95215,-62.41074,-0.12134,-4.2904,1.12217,-2.09294,61.386,-10.086926,-6.034092,0.56804,NA,NA,NA,NA,NA,NA,NA,NA,NA,NA,NA,0.28343,0.17236,-2.74238,50,5.08658,9.19493,-98.18072,0.74525,0.2689,19.5975,-32.01053,CAR_EAG,CAR_EAG,CarsonNewman,TeamExclusive,Team,20260217-CarsonNewman-Private-1,fb8537f0-0c43-11f1-90c1-d3b8e9c17bb1,66.35531,NA,NA,6.65198,NA,NA,NA,NA,NA,NA,d42f9652-cdd7-4e85-a646-f9e5d84c90e5,2026-02-17,21:02:34,2026-02-17T21:02:34Z,2026-02-17T21:02:34Z,NA,v3,CNE,CNE,NA,NA,NA,Undefined,CAR_EAG,9f3f8e05-758f-4c74-af0f-c700ebb2dc68,54.54569,-99.08391,9.79875,5.01824,2.22052,-16.00527,-3.16586,9.18254,0.13445,NA,NA,NA,NA,NA,NA,NA,NA,NA,NA,NA,NA,NA,NA,NA,NA,NA,NA,NA,NA,NA,NA,NA,NA,NA,NA,NA,NA,NA,NA,NA,NA,NA,NA,NA,NA,NA,NA,NA,NA,NA,NA,NA,NA,NA,NA,NA,NA,NA,NA,High,High,High,NA,NA,NA,NA,NA,7.979181,82.986518,163.73729,0.122103,06:15:00,-0.976505,0.041397,0.211482,-0.348026,58.910848,-28.40723,0.423975,135.478986,-0.64574,39.422376,0.64574,-0.635032,-0.423975,33.287781,25.085772,0.635032,0.635032,-135.478986,-25.085772,0.423975,-39.422376,-33.287781,-0.423975,-0.635032,0.64574,-0.64574,NA,NA,NA,NA,NA,NA,NA,NA,NA,NA,NA,NA
NA,NA,NA,NA,NA,NA,NA,NA,NA,NA,NA,NA,NA,NA,NA,NA,125,2026-02-17,16:04:22,19,1,"Sharp, Will",1000370214,Right,CAR_EAG,"Yonts, Peyton",1000370211,Right,CAR_EAG,Undefined,1,Bottom,1,0,0,Fastball,Changeup,FoulBallNotFieldable,Undefined,Undefined,Undefined,0,0,NA,76.28949,0.194387,-5.21711,1392.455296,240.018766,02:00:00,5.22928,3.15772,5.98476,-36.70057,12.20394,17.98847,2.35183,-0.19238,68.7025,-6.680198,-2.000554,0.503322,NA,NA,NA,NA,NA,NA,NA,NA,NA,NA,NA,-10.93831,6.71615,-2.75462,50,5.22463,9.41548,-110.24909,-0.65463,-13.23946,22.63616,-24.04498,CAR_EAG,CAR_EAG,CarsonNewman,TeamExclusive,Team,20260217-CarsonNewman-Private-1,3c033a70-0c44-11f1-90c1-d3b8e9c17bb1,74.88734,NA,NA,7.58699,NA,NA,NA,NA,NA,NA,d42f9652-cdd7-4e85-a646-f9e5d84c90e5,2026-02-17,21:04:22,2026-02-17T21:04:22Z,2026-02-17T21:04:22Z,NA,v3,CNE,CNE,NA,NA,NA,Undefined,CAR_EAG,91357513-3b0e-4f40-80b2-ea8a08c58c8c,54.51448,-111.17213,11.31808,5.23133,0.32586,-12.02249,-3.14956,9.95535,-6.61973,NA,NA,NA,NA,NA,NA,NA,NA,NA,NA,NA,NA,NA,NA,NA,NA,NA,NA,NA,NA,NA,NA,NA,NA,NA,NA,NA,NA,NA,NA,NA,NA,NA,NA,NA,NA,NA,NA,NA,NA,NA,NA,NA,NA,NA,NA,NA,NA,NA,NA,High,High,High,NA,NA,NA,NA,NA,240.467248,-2.358267,1391.275979,0.999153,02:00:00,-0.006743,-0.869472,-0.493937,-51.18104,-15.728285,-22.765963,-0.064225,169.37154,-0.980815,-10.606263,0.980815,-0.184059,0.064225,3.746424,-3.682328,0.184059,-0.184059,-169.37154,3.682328,0.064225,10.606263,-3.746424,-0.064225,0.184059,0.980815,-0.980815,NA,NA,NA,NA,NA,NA,NA,NA,NA,NA,NA,NA
NA,NA,NA,NA,NA,NA,NA,NA,NA,NA,NA,NA,NA,NA,NA,NA,126,2026-02-17,16:04:47,19,2,"Sharp, Will",1000370214,Right,CAR_EAG,"Yonts, Peyton",1000370211,Right,CAR_EAG,Undefined,1,Bottom,1,0,1,Slider,Curveball,InPlay,Undefined,FlyBall,Out,1,0,NA,69.29425,2.247873,-4.31482,3154.597789,83.554631,08:45:00,5.08263,3.15634,6.10606,-58.78641,2.49004,-3.63551,2.26954,-1.14445,60.57219,-8.777823,-4.966394,0.563402,65.80232,42.022246,27.256956,NA,91.77308,62.07284,60.64346,200.19221,173.69697,36.258355,4.101227,-0.07587,1.08713,-2.82232,50,5.22652,7.65325,-99.80754,2.37771,-0.07222,24.46541,-31.13926,CAR_EAG,CAR_EAG,CarsonNewman,TeamExclusive,Team,20260217-CarsonNewman-Private-1,4b1df540-0c44-11f1-90c1-d3b8e9c17bb1,66.90153,62.07419,NA,8.72206,NA,NA,NA,1.16943,2.41458,1.25535,d42f9652-cdd7-4e85-a646-f9e5d84c90e5,2026-02-17,21:04:47,2026-02-17T21:04:47Z,2026-02-17T21:04:47Z,Popup,v3,CNE,CNE,NA,NA,NA,Undefined,CAR_EAG,0f4f013c-df0a-45ee-81f8-11f7d505987a,54.38683,-100.87713,12.23271,5.09281,3.73907,-15.56963,-3.15698,7.65641,-0.03611,207.512199,1.17137,63.68123,-14.07419,3.42223,-0.27221,-0.16729,0.06915,-0.01048,5.8e-4,2.41389,64.61834,-19.38983,1.13188,0.03067,-0.12819,0.0585,-0.01137,8e-4,1.25553,32.83089,-1.50062,0.00619,0.10499,-0.04484,0.01022,-0.00121,6e-5,NA,NA,NA,NA,NA,NA,NA,NA,NA,NA,NA,NA,NA,NA,NA,NA,NA,NA,NA,NA,NA,NA,High,High,High,High,High,NA,NA,NA,33.159477,89.144305,47.111186,0.014934,07:00:00,-0.995027,0.047381,0.087613,-17.230928,49.73996,-44.522619,0.483081,141.35648,-0.683865,33.145944,0.683865,-0.546774,-0.483081,35.237279,28.886796,0.546774,0.546774,-141.35648,-28.886796,0.483081,-33.145944,-35.237279,-0.483081,-0.546774,0.683865,-0.683865,NA,NA,NA,NA,NA,NA,NA,NA,NA,NA,NA,NA
NA,NA,NA,NA,NA,NA,NA,NA,NA,NA,NA,NA,NA,NA,NA,NA,127,2026-02-17,16:05:13,20,1,"Sharp, Will",1000370214,Right,CAR_EAG,"Yonts, Peyton",1000370211,Right,CAR_EAG,Undefined,1,Bottom,2,0,0,Fastball,Changeup,BallCalled,Undefined,Undefined,Undefined,0,0,NA,76.31012,2.062494,-2.570778,1512.729516,251.12628,02:15:00,5.12716,3.39704,5.76698,-40.12423,9.60146,22.19029,3.7058,2.852,67.75093,-5.464629,1.397437,0.50753,NA,NA,NA,NA,NA,NA,NA,NA,NA,NA,NA,-12.0543,4.73603,-3.19703,50,5.27461,4.08386,-110.32943,2.78432,-14.41436,25.08988,-26.51078,CAR_EAG,CAR_EAG,CarsonNewman,TeamExclusive,Team,20260217-CarsonNewman-Private-1,5a9723c0-0c44-11f1-90c1-d3b8e9c17bb1,74.26639,NA,NA,8.55919,NA,NA,NA,NA,NA,NA,d42f9652-cdd7-4e85-a646-f9e5d84c90e5,2026-02-17,21:05:13,2026-02-17T21:05:13Z,2026-02-17T21:05:13Z,NA,v3,CNE,CNE,NA,NA,NA,Undefined,CAR_EAG,7d20adf6-6ac2-48a6-91d0-5921c4af83f5,54.72825,-111.39949,12.54494,5.13175,3.91497,-13.25539,-3.38431,4.69862,-7.20718,NA,NA,NA,NA,NA,NA,NA,NA,NA,NA,NA,NA,NA,NA,NA,NA,NA,NA,NA,NA,NA,NA,NA,NA,NA,NA,NA,NA,NA,NA,NA,NA,NA,NA,NA,NA,NA,NA,NA,NA,NA,NA,NA,NA,NA,NA,NA,NA,NA,NA,High,High,High,NA,NA,NA,NA,NA,240.896631,-0.457953,1512.681196,0.999968,02:00:00,-0.045249,-0.873437,-0.48483,-54.071247,-9.945668,-22.969083,-0.053937,167.8014,-0.975998,-12.18057,0.975998,-0.21099300000000001,0.053937,3.163139,-3.091859,0.21099300000000001,-0.21099300000000001,-167.8014,3.091859,0.053937,12.18057,-3.163139,-0.053937,0.21099300000000001,0.975998,-0.975998,NA,NA,NA,NA,NA,NA,NA,NA,NA,NA,NA,NA
NA,NA,NA,NA,NA,NA,NA,NA,NA,NA,NA,NA,NA,NA,NA,NA,128,2026-02-17,16:05:29,20,2,"Sharp, Will",1000370214,Right,CAR_EAG,"Yonts, Peyton",1000370211,Right,CAR_EAG,Undefined,1,Bottom,2,1,0,ChangeUp,Changeup,BallCalled,Undefined,Undefined,Undefined,0,0,NA,77.48921,-1.303415,-5.140367,1478.118261,240.142923,02:00:00,5.23543,3.32055,5.94117,-35.4797,12.31599,18.16158,1.06457,0.05268,69.52577,-7.946637,-1.891935,0.497583,NA,NA,NA,NA,NA,NA,NA,NA,NA,NA,NA,-10.98926,7.31319,-2.91949,50,5.11157,9.37295,-111.86456,-3.5748,-13.61219,24.40464,-23.11533,CAR_EAG,CAR_EAG,CarsonNewman,TeamExclusive,Team,20260217-CarsonNewman-Private-1,64287b00-0c44-11f1-90c1-d3b8e9c17bb1,75.75103,NA,NA,7.96344,NA,NA,NA,NA,NA,NA,d42f9652-cdd7-4e85-a646-f9e5d84c90e5,2026-02-17,21:05:29,2026-02-17T21:05:29Z,2026-02-17T21:05:29Z,NA,v3,CNE,CNE,NA,NA,NA,Undefined,CAR_EAG,a83a59b4-ec80-427d-b8ea-8621753909d0,54.55557,-112.85404,12.20232,5.2375,-2.6376,-11.55767,-3.3107,9.92485,-6.80609,NA,NA,NA,NA,NA,NA,NA,NA,NA,NA,NA,NA,NA,NA,NA,NA,NA,NA,NA,NA,NA,NA,NA,NA,NA,NA,NA,NA,NA,NA,NA,NA,NA,NA,NA,NA,NA,NA,NA,NA,NA,NA,NA,NA,NA,NA,NA,NA,NA,NA,High,High,High,NA,NA,NA,NA,NA,238.228733,-2.750833,1476.415009,0.998848,02:00:00,0.019905,-0.847866,-0.529837,-55.788522,-17.052762,-22.061788,0.063325,170.365738,-0.983917,9.614742,0.983917,-0.167022,-0.063325,3.682486,3.630688,0.167022,0.167022,-170.365738,-3.630688,0.063325,-9.614742,-3.682486,-0.063325,-0.167022,0.983917,-0.983917,NA,NA,NA,NA,NA,NA,NA,NA,NA,NA,NA,NA
NA,NA,NA,NA,NA,NA,NA,NA,NA,NA,NA,NA,NA,NA,NA,NA,129,2026-02-17,16:05:49,20,3,"Sharp, Will",1000370214,Right,CAR_EAG,"Yonts, Peyton",1000370211,Right,CAR_EAG,Undefined,1,Bottom,2,2,0,Slider,Changeup,BallCalled,Undefined,Undefined,Undefined,0,0,NA,69.69746,2.858389,-2.478342,1385.569936,90.741433,09:00:00,4.99949,3.38845,5.90086,-56.1429,1.97142,-2.78977,2.97923,0.85373,63.49891,-7.513804,-2.978002,0.548672,NA,NA,NA,NA,NA,NA,NA,NA,NA,NA,NA,0.66874,0.77543,-3.18745,50,5.19808,4.46498,-100.97865,3.48235,0.68476,17.71634,-31.38004,CAR_EAG,CAR_EAG,CarsonNewman,TeamExclusive,Team,20260217-CarsonNewman-Private-1,7049f300-0c44-11f1-90c1-d3b8e9c17bb1,68.69755,NA,NA,6.19855,NA,NA,NA,NA,NA,NA,d42f9652-cdd7-4e85-a646-f9e5d84c90e5,2026-02-17,21:05:49,2026-02-17T21:05:49Z,2026-02-17T21:05:49Z,NA,v3,CNE,CNE,NA,NA,NA,Undefined,CAR_EAG,885a84d0-439f-49ba-b82e-0ef36860710b,54.59852,-101.78224,8.85817,5.00785,4.90572,-15.69002,-3.38927,4.43392,0.34238,NA,NA,NA,NA,NA,NA,NA,NA,NA,NA,NA,NA,NA,NA,NA,NA,NA,NA,NA,NA,NA,NA,NA,NA,NA,NA,NA,NA,NA,NA,NA,NA,NA,NA,NA,NA,NA,NA,NA,NA,NA,NA,NA,NA,NA,NA,NA,NA,NA,NA,High,High,High,NA,NA,NA,NA,NA,358.605365,87.920846,50.26865,0.03628,06:00:00,-0.99564,0.048953000000000003,0.079397,2.131998,47.232987,-27.569253,0.439555,131.448933,-0.594576,42.31872,0.594576,-0.673254,-0.439555,36.474551,26.075464,0.673254,0.673254,-131.448933,-26.075464,0.439555,-42.31872,-36.474551,-0.439555,-0.673254,0.594576,-0.594576,NA,NA,NA,NA,NA,NA,NA,NA,NA,NA,NA,NA
NA,NA,NA,NA,NA,NA,NA,NA,NA,NA,NA,NA,NA,NA,NA,NA,130,2026-02-17,16:06:06,20,4,"Sharp, Will",1000370214,Right,CAR_EAG,"Yonts, Peyton",1000370211,Right,CAR_EAG,Undefined,1,Bottom,2,3,0,Fastball,Changeup,BallCalled,Walk,Undefined,Undefined,0,0,NA,77.87756,1.478179,-5.528211,1607.702264,245.510253,02:15:00,5.18161,3.28708,5.93405,-35.73451,11.52127,21.31119,3.58188,-0.08194,69.63647,-5.229856,-1.725636,0.494765,NA,NA,NA,NA,NA,NA,NA,NA,NA,NA,NA,-12.60713,5.93721,-2.85568,50,5.28049,10.05008,-112.38112,1.87673,-15.81281,24.01909,-24.72714,CAR_EAG,CAR_EAG,CarsonNewman,TeamExclusive,Team,20260217-CarsonNewman-Private-1,7a776330-0c44-11f1-90c1-d3b8e9c17bb1,76.18255,NA,NA,8.24109,NA,NA,NA,NA,NA,NA,d42f9652-cdd7-4e85-a646-f9e5d84c90e5,2026-02-17,21:06:06,2026-02-17T21:06:06Z,2026-02-17T21:06:06Z,NA,v3,CNE,CNE,NA,NA,NA,Undefined,CAR_EAG,b9a5d2cd-0634-4f9b-8472-63dee001e941,54.56293,-113.35215,12.00955,5.18441,2.87639,-12.36357,-3.2749,10.68935,-7.9064,NA,NA,NA,NA,NA,NA,NA,NA,NA,NA,NA,NA,NA,NA,NA,NA,NA,NA,NA,NA,NA,NA,NA,NA,NA,NA,NA,NA,NA,NA,NA,NA,NA,NA,NA,NA,NA,NA,NA,NA,NA,NA,NA,NA,NA,NA,NA,NA,NA,NA,High,High,High,NA,NA,NA,NA,NA,243.59237100000001,-7.531594,1593.832193,0.991373,02:00:00,0.065145,-0.891011,-0.449283,-53.218408,-16.956566,-27.47663,-0.001392,161.505405,-0.948353,-18.494577,0.948353,-0.317215,0.001392,0.084072,-0.07973,0.317215,-0.317215,-161.505405,0.07973,0.001392,18.494577,-0.084072,-0.001392,0.317215,0.948353,-0.948353,NA,NA,NA,NA,NA,NA,NA,NA,NA,NA,NA,NA
NA,NA,NA,NA,NA,NA,NA,NA,NA,NA,NA,NA,NA,NA,NA,NA,131,2026-02-17,16:07:16,21,1,"Sharp, Will",1000370214,Right,CAR_EAG,"Yonts, Peyton",1000370211,Right,CAR_EAG,Undefined,1,Bottom,2,0,0,Fastball,Changeup,BallCalled,Undefined,Undefined,Undefined,0,0,NA,78.70578,-3.243226,-6.888345,1690.934941,229.979017,01:45:00,5.12701,3.19832,5.9877,-28.29336,18.14568,19.42997,-0.26183,-1.5979,70.85077,-8.57121,-3.428821,0.490471,NA,NA,NA,NA,NA,NA,NA,NA,NA,NA,NA,-12.36599,10.92363,-2.6633,50,4.85359,12.97051,-113.21287,-7.22869,-15.74916,24.27569,-18.26189,CAR_EAG,CAR_EAG,CarsonNewman,TeamExclusive,Team,20260217-CarsonNewman-Private-1,a3c01520-0c44-11f1-90c1-d3b8e9c17bb1,76.84951,NA,NA,7.85501,NA,NA,NA,NA,NA,NA,d42f9652-cdd7-4e85-a646-f9e5d84c90e5,2026-02-17,21:07:16,2026-02-17T21:07:16Z,2026-02-17T21:07:16Z,NA,v3,CNE,CNE,NA,NA,NA,Undefined,CAR_EAG,f995c631-05b7-4ca4-a4d3-d4a12c7cffca,54.51273,-114.17642,12.13784,5.12613,-6.50385,-9.13094,-3.19053,13.59562,-7.87458,NA,NA,NA,NA,NA,NA,NA,NA,NA,NA,NA,NA,NA,NA,NA,NA,NA,NA,NA,NA,NA,NA,NA,NA,NA,NA,NA,NA,NA,NA,NA,NA,NA,NA,NA,NA,NA,NA,NA,NA,NA,NA,NA,NA,NA,NA,NA,NA,NA,NA,High,High,High,NA,NA,NA,NA,NA,241.012259,-16.716763,1619.473292,0.957738,02:00:00,0.276494,-0.820141,-0.500919,-53.515748,-26.373406,-14.407029,0.097466,168.376071,-0.974828,11.567819,0.974828,-0.200528,-0.097466,5.709612,5.593265,0.200528,0.200528,-168.376071,-5.593265,0.097466,-11.567819,-5.709612,-0.097466,-0.200528,0.974828,-0.974828,NA,NA,NA,NA,NA,NA,NA,NA,NA,NA,NA,NA
NA,NA,NA,NA,NA,NA,NA,NA,NA,NA,NA,NA,NA,NA,NA,NA,132,2026-02-17,16:07:34,21,2,"Sharp, Will",1000370214,Right,CAR_EAG,"Yonts, Peyton",1000370211,Right,CAR_EAG,Undefined,1,Bottom,2,1,0,Fastball,Changeup,BallCalled,Undefined,Undefined,Undefined,0,0,NA,78.09073,-1.218923,-6.755461,1844.60721,245.578365,02:15:00,5.15943,3.30399,5.90238,-35.32073,11.90142,22.14241,1.07639,-1.15137,70.1366,-7.815703,-2.815842,0.494589,NA,NA,NA,NA,NA,NA,NA,NA,NA,NA,NA,-13.58154,7.01646,-2.77114,50,5.04079,12.49181,-112.47996,-3.43731,-17.06355,24.07641,-23.35871,CAR_EAG,CAR_EAG,CarsonNewman,TeamExclusive,Team,20260217-CarsonNewman-Private-1,ae8f6aa0-0c44-11f1-90c1-d3b8e9c17bb1,76.20965,NA,NA,7.95412,NA,NA,NA,NA,NA,NA,d42f9652-cdd7-4e85-a646-f9e5d84c90e5,2026-02-17,21:07:34,2026-02-17T21:07:34Z,2026-02-17T21:07:34Z,NA,v3,CNE,CNE,NA,NA,NA,Undefined,CAR_EAG,5c56cc20-6109-42ec-94fb-6330d8992bb7,54.59709,-113.4597,12.03821,5.16132,-2.48677,-11.67936,-3.2936,13.18618,-8.53178,NA,NA,NA,NA,NA,NA,NA,NA,NA,NA,NA,NA,NA,NA,NA,NA,NA,NA,NA,NA,NA,NA,NA,NA,NA,NA,NA,NA,NA,NA,NA,NA,NA,NA,NA,NA,NA,NA,NA,NA,NA,NA,NA,NA,NA,NA,NA,NA,NA,NA,High,High,High,NA,NA,NA,NA,NA,239.918936,-7.845009,1827.34339,0.990641,02:00:00,0.095216,-0.854121,-0.511284,-54.170822,-28.296118,-12.875829,-0.001083,179.583585,-0.999973,-0.416414,0.999973,-0.007268,0.001083,0.062032,-0.06203,0.007268,-0.007268,-179.583585,0.06203,0.001083,0.416414,-0.062032,-0.001083,0.007268,0.999973,-0.999973,NA,NA,NA,NA,NA,NA,NA,NA,NA,NA,NA,NA
NA,NA,NA,NA,NA,NA,NA,NA,NA,NA,NA,NA,NA,NA,NA,NA,133,2026-02-17,16:07:52,21,3,"Sharp, Will",1000370214,Right,CAR_EAG,"Yonts, Peyton",1000370211,Right,CAR_EAG,Undefined,1,Bottom,2,2,0,Fastball,Changeup,BallCalled,Undefined,Undefined,Undefined,0,0,NA,77.0248,2.101492,-3.807735,1487.853588,233.476659,01:45:00,5.3136,3.20561,5.8262,-33.16986,15.16135,18.01068,4.50833,1.16136,68.86685,-4.154199,-0.590491,0.500363,NA,NA,NA,NA,NA,NA,NA,NA,NA,NA,NA,-10.30957,7.54544,-2.90404,50,5.46664,6.70601,-111.32774,3.15743,-12.69228,23.53475,-22.88473,CAR_EAG,CAR_EAG,CarsonNewman,TeamExclusive,Team,20260217-CarsonNewman-Private-1,b975f1a0-0c44-11f1-90c1-d3b8e9c17bb1,75.33018,NA,NA,8.15795,NA,NA,NA,NA,NA,NA,d42f9652-cdd7-4e85-a646-f9e5d84c90e5,2026-02-17,21:07:52,2026-02-17T21:07:52Z,2026-02-17T21:07:52Z,NA,v3,CNE,CNE,NA,NA,NA,Undefined,CAR_EAG,a8df3d0a-33e2-4e14-ab58-8b306e56bb5b,54.66909,-112.31045,11.76738,5.31485,4.113,-11.44237,-3.19512,7.23598,-6.34614,NA,NA,NA,NA,NA,NA,NA,NA,NA,NA,NA,NA,NA,NA,NA,NA,NA,NA,NA,NA,NA,NA,NA,NA,NA,NA,NA,NA,NA,NA,NA,NA,NA,NA,NA,NA,NA,NA,NA,NA,NA,NA,NA,NA,NA,NA,NA,NA,NA,NA,High,High,High,NA,NA,NA,NA,NA,240.460193,-8.731738,1470.609286,0.98841,02:00:00,0.087546,-0.864918,-0.494219,-51.719801,-24.289667,-25.8003,0.04162,167.779016,-0.976492,12.210232,0.976492,-0.211499,-0.04162,2.440592,2.385349,0.211499,0.211499,-167.779016,-2.385349,0.04162,-12.210232,-2.440592,-0.04162,-0.211499,0.976492,-0.976492,NA,NA,NA,NA,NA,NA,NA,NA,NA,NA,NA,NA
NA,NA,NA,NA,NA,NA,NA,NA,NA,NA,NA,NA,NA,NA,NA,NA,134,2026-02-17,16:08:10,21,4,"Sharp, Will",1000370214,Right,CAR_EAG,"Yonts, Peyton",1000370211,Right,CAR_EAG,Undefined,1,Bottom,2,3,0,Fastball,Changeup,BallCalled,Walk,Undefined,Undefined,0,0,NA,78.10906,-0.887026,-6.755374,1839.319567,239.241714,02:00:00,5.30609,3.06132,6.18113,-32.78892,13.68946,20.07155,1.74874,-1.53351,70.40037,-7.053598,-3.168265,0.490678,NA,NA,NA,NA,NA,NA,NA,NA,NA,NA,NA,-12.50221,7.86272,-2.55846,50,5.22216,12.60703,-112.60827,-2.6501,-15.82033,23.21889,-22.22454,CAR_EAG,CAR_EAG,CarsonNewman,TeamExclusive,Team,20260217-CarsonNewman-Private-1,c44bafc0-0c44-11f1-90c1-d3b8e9c17bb1,76.81701,NA,NA,7.70869,NA,NA,NA,NA,NA,NA,d42f9652-cdd7-4e85-a646-f9e5d84c90e5,2026-02-17,21:08:10,2026-02-17T21:08:10Z,2026-02-17T21:08:10Z,NA,v3,CNE,CNE,NA,NA,NA,Undefined,CAR_EAG,a9de7c4e-317d-4d0f-a090-4b19b48b8516,54.31807,-113.49513,11.60945,5.30717,-1.80122,-11.11227,-3.05153,13.2113,-7.91017,NA,NA,NA,NA,NA,NA,NA,NA,NA,NA,NA,NA,NA,NA,NA,NA,NA,NA,NA,NA,NA,NA,NA,NA,NA,NA,NA,NA,NA,NA,NA,NA,NA,NA,NA,NA,NA,NA,NA,NA,NA,NA,NA,NA,NA,NA,NA,NA,NA,NA,High,High,High,NA,NA,NA,NA,NA,233.921211,-13.596422,1787.77389,0.971976,01:45:00,0.178167,-0.781825,-0.5975,-39.68381,-37.949099,-29.135248,0.052424,176.833954,-0.997101,3.161688,0.997101,-0.055154,-0.052424,3.009645,3.005059,0.055154,0.055154,-176.833954,-3.005059,0.052424,-3.161688,-3.009645,-0.052424,-0.055154,0.997101,-0.997101,NA,NA,NA,NA,NA,NA,NA,NA,NA,NA,NA,NA
NA,NA,NA,NA,NA,NA,NA,NA,NA,NA,NA,NA,NA,NA,NA,NA,135,2026-02-17,16:08:54,22,1,"Sharp, Will",1000370214,Right,CAR_EAG,"Yonts, Peyton",1000370211,Right,CAR_EAG,Undefined,1,Bottom,2,0,0,Fastball,Changeup,BallCalled,Undefined,Undefined,Undefined,0,0,NA,78.06978,1.762435,-4.3184380000000004,1659.623779,242.825458,02:00:00,5.30299,3.1694,6.15152,-34.69809,11.26296,18.86725,4.0451,0.74392,70.64076,-4.754677,-0.929536,0.48794,NA,NA,NA,NA,NA,NA,NA,NA,NA,NA,NA,-10.98052,5.75457,-2.84955,50,5.41977,7.84146,-113.0307,2.51326,-14.08928,22.17513,-24.79024,CAR_EAG,CAR_EAG,CarsonNewman,TeamExclusive,Team,20260217-CarsonNewman-Private-1,de53a850-0c44-11f1-90c1-d3b8e9c17bb1,77.24811,NA,NA,7.42902,NA,NA,NA,NA,NA,NA,d42f9652-cdd7-4e85-a646-f9e5d84c90e5,2026-02-17,21:08:54,2026-02-17T21:08:54Z,2026-02-17T21:08:54Z,NA,v3,CNE,CNE,NA,NA,NA,Undefined,CAR_EAG,59b84fcc-173d-41a9-811e-a89a9d626d57,54.34798,-113.88052,11.08757,5.30525,3.46331,-12.39512,-3.1604,8.3814,-7.04464,NA,NA,NA,NA,NA,NA,NA,NA,NA,NA,NA,NA,NA,NA,NA,NA,NA,NA,NA,NA,NA,NA,NA,NA,NA,NA,NA,NA,NA,NA,NA,NA,NA,NA,NA,NA,NA,NA,NA,NA,NA,NA,NA,NA,NA,NA,NA,NA,NA,NA,High,High,High,NA,NA,NA,NA,NA,239.149726,-2.331515,1658.249892,0.999172,02:00:00,-0.024342,-0.858645,-0.511992,-53.683212,-36.069187,-34.983043,0.132689,175.351293,-0.987897,4.607513,0.987897,-0.08033,-0.132689,7.649875,7.625006,0.08033,0.08033,-175.351293,-7.625006,0.132689,-4.607513,-7.649875,-0.132689,-0.08033,0.987897,-0.987897,NA,NA,NA,NA,NA,NA,NA,NA,NA,NA,NA,NA
NA,NA,NA,NA,NA,NA,NA,NA,NA,NA,NA,NA,NA,NA,NA,NA,136,2026-02-17,16:09:07,22,2,"Sharp, Will",1000370214,Right,CAR_EAG,"Yonts, Peyton",1000370211,Right,CAR_EAG,Undefined,1,Bottom,2,1,0,Fastball,Changeup,StrikeCalled,Undefined,Undefined,Undefined,0,0,NA,78.14817,-0.070337,-5.602234,1756.698248,250.504257,02:15:00,5.17499,3.23897,5.85742,-37.12978,9.10469,21.37529,2.01518,-0.20156,71.31536,-6.949745,-1.790381,0.489389,NA,NA,NA,NA,NA,NA,NA,NA,NA,NA,NA,-12.42568,5.15177,-2.79493,50,5.14774,10.27307,-113.01373,-1.26466,-16.04561,20.89056,-25.52143,CAR_EAG,CAR_EAG,CarsonNewman,TeamExclusive,Team,20260217-CarsonNewman-Private-1,e60a9a40-0c44-11f1-90c1-d3b8e9c17bb1,77.01934,NA,NA,6.83281,NA,NA,NA,NA,NA,NA,d42f9652-cdd7-4e85-a646-f9e5d84c90e5,2026-02-17,21:09:07,2026-02-17T21:09:07Z,2026-02-17T21:09:07Z,NA,v3,CNE,CNE,NA,NA,NA,Undefined,CAR_EAG,666ab39e-270d-4476-9d43-5a5c250f7841,54.64351,-113.86885,10.44528,5.17813,-0.21998,-12.76072,-3.22888,10.92987,-8.02281,NA,NA,NA,NA,NA,NA,NA,NA,NA,NA,NA,NA,NA,NA,NA,NA,NA,NA,NA,NA,NA,NA,NA,NA,NA,NA,NA,NA,NA,NA,NA,NA,NA,NA,NA,NA,NA,NA,NA,NA,NA,NA,NA,NA,NA,NA,NA,NA,NA,NA,High,High,High,NA,NA,NA,NA,NA,242.522497,-9.044962,1734.854191,0.987565,02:00:00,0.113046,-0.875966,-0.468939,-59.418041,-24.889572,-16.710445,0.086575,172.543003,-0.98782,7.428841,0.98782,-0.129295,-0.086575,5.008725,4.966577,0.129295,0.129295,-172.543003,-4.966577,0.086575,-7.428841,-5.008725,-0.086575,-0.129295,0.98782,-0.98782,NA,NA,NA,NA,NA,NA,NA,NA,NA,NA,NA,NA
NA,NA,NA,NA,NA,NA,NA,NA,NA,NA,NA,NA,NA,NA,NA,NA,137,2026-02-17,16:09:21,22,3,"Sharp, Will",1000370214,Right,CAR_EAG,"Yonts, Peyton",1000370211,Right,CAR_EAG,Undefined,1,Bottom,2,1,1,Slider,Changeup,BallCalled,Undefined,Undefined,Undefined,0,0,NA,67.76202,2.729478,-1.290033,1406.03524,99.524607,09:15:00,5.11118,3.32911,5.96808,-58.51243,2.68402,-3.89756,2.76845,1.80801,61.85826,-8.094591,-1.990188,0.563034,NA,NA,NA,NA,NA,NA,NA,NA,NA,NA,NA,1.59634,1.22941,-3.22477,50,5.29572,2.34028,-98.2647,3.11777,1.54877,16.69732,-30.9813,CAR_EAG,CAR_EAG,CarsonNewman,TeamExclusive,Team,20260217-CarsonNewman-Private-1,ee2249d0-0c44-11f1-90c1-d3b8e9c17bb1,66.94526,NA,NA,5.90377,NA,NA,NA,NA,NA,NA,d42f9652-cdd7-4e85-a646-f9e5d84c90e5,2026-02-17,21:09:21,2026-02-17T21:09:21Z,2026-02-17T21:09:21Z,NA,v3,CNE,CNE,NA,NA,NA,Undefined,CAR_EAG,134bc719-cd47-41d1-94ab-ae41aec59896,54.53114,-99.03165,8.34866,5.11983,4.54081,-15.49065,-3.33063,2.26914,0.77438,NA,NA,NA,NA,NA,NA,NA,NA,NA,NA,NA,NA,NA,NA,NA,NA,NA,NA,NA,NA,NA,NA,NA,NA,NA,NA,NA,NA,NA,NA,NA,NA,NA,NA,NA,NA,NA,NA,NA,NA,NA,NA,NA,NA,NA,NA,NA,NA,NA,NA,High,High,High,NA,NA,NA,NA,NA,107.88818,81.004971,219.831881,0.156349,09:30:00,-0.980329,0.195656,-0.02596,-22.062473,37.638948,-46.541528,0.33957,137.896292,-0.697847,39.097034,0.697847,-0.630636,-0.33957,25.947363,19.85066,0.630636,0.630636,-137.896292,-19.85066,0.33957,-39.097034,-25.947363,-0.33957,-0.630636,0.697847,-0.697847,NA,NA,NA,NA,NA,NA,NA,NA,NA,NA,NA,NA
NA,NA,NA,NA,NA,NA,NA,NA,NA,NA,NA,NA,NA,NA,NA,NA,138,2026-02-17,16:09:36,22,4,"Sharp, Will",1000370214,Right,CAR_EAG,"Yonts, Peyton",1000370211,Right,CAR_EAG,Undefined,1,Bottom,2,2,1,Slider,Changeup,StrikeCalled,Undefined,Undefined,Undefined,0,0,NA,70.51643,0.40716,-4.076048,1461.770036,213.654092,01:00:00,5.07852,3.20982,6.10601,-53.00794,3.40473,0.99744,1.03869,-0.48288,64.55824,-9.380068,-3.896836,0.54058,NA,NA,NA,NA,NA,NA,NA,NA,NA,NA,NA,-1.77024,2.1652,-2.8966,50,5.08216,7.24881,-102.172,-0.69416,-1.85259,18.403,-29.90812,CAR_EAG,CAR_EAG,CarsonNewman,TeamExclusive,Team,20260217-CarsonNewman-Private-1,f7287810-0c44-11f1-90c1-d3b8e9c17bb1,69.72596,NA,NA,5.95819,NA,NA,NA,NA,NA,NA,d42f9652-cdd7-4e85-a646-f9e5d84c90e5,2026-02-17,21:09:36,2026-02-17T21:09:36Z,2026-02-17T21:09:36Z,NA,v3,CNE,CNE,NA,NA,NA,Undefined,CAR_EAG,2a4f3a55-f3f6-4a0f-8bd8-b17d3a3047e6,54.39484,-102.96055,9.2015,5.08445,0.58736,-14.95406,-3.20891,7.32819,-0.9263,NA,NA,NA,NA,NA,NA,NA,NA,NA,NA,NA,NA,NA,NA,NA,NA,NA,NA,NA,NA,NA,NA,NA,NA,NA,NA,NA,NA,NA,NA,NA,NA,NA,NA,NA,NA,NA,NA,NA,NA,NA,NA,NA,NA,NA,NA,NA,NA,NA,NA,High,High,High,NA,NA,NA,NA,NA,230.074489,81.859153,206.99686,0.141607,01:45:00,-0.994624,-0.101558,-0.020235,-28.933798,27.595381,-34.541333,0.387536,133.779407,-0.637816,41.727391,0.637816,-0.665587,-0.387536,31.282801,22.801275,0.665587,0.665587,-133.779407,-22.801275,0.387536,-41.727391,-31.282801,-0.387536,-0.665587,0.637816,-0.637816,NA,NA,NA,NA,NA,NA,NA,NA,NA,NA,NA,NA
NA,NA,NA,NA,NA,NA,NA,NA,NA,NA,NA,NA,NA,NA,NA,NA,139,2026-02-17,16:10:14,22,5,"Sharp, Will",1000370214,Right,CAR_EAG,"Yonts, Peyton",1000370211,Right,CAR_EAG,Undefined,1,Bottom,2,2,2,Slider,Curveball,BallCalled,Undefined,Undefined,Undefined,0,0,NA,70.01019,2.309461,-4.802653,1553.348834,108.692217,09:30:00,4.96527,3.23421,5.86085,-55.82385,2.66103,-1.59673,2.46763,-1.37129,63.29246,-7.997163,-5.087084,0.550419,NA,NA,NA,NA,NA,NA,NA,NA,NA,NA,NA,-0.78303,1.23752,-2.84277,50,5.12136,8.54939,-101.1081,2.53452,-0.79575,19.2941,-30.91639,CAR_EAG,CAR_EAG,CarsonNewman,TeamExclusive,Team,20260217-CarsonNewman-Private-1,0dcab060-0c45-11f1-90c1-d3b8e9c17bb1,68.47957,NA,NA,6.71773,NA,NA,NA,NA,NA,NA,d42f9652-cdd7-4e85-a646-f9e5d84c90e5,2026-02-17,21:10:14,2026-02-17T21:10:14Z,2026-02-17T21:10:14Z,NA,v3,CNE,CNE,NA,NA,NA,Undefined,CAR_EAG,69b40302-c9da-4872-81cd-415a29e4bf48,54.63749,-101.98922,9.64705,4.97337,3.9464,-15.4582,-3.23403,8.58573,-0.39788,NA,NA,NA,NA,NA,NA,NA,NA,NA,NA,NA,NA,NA,NA,NA,NA,NA,NA,NA,NA,NA,NA,NA,NA,NA,NA,NA,NA,NA,NA,NA,NA,NA,NA,NA,NA,NA,NA,NA,NA,NA,NA,NA,NA,NA,NA,NA,NA,NA,NA,High,High,High,NA,NA,NA,NA,NA,127.807179,86.066609,106.554635,0.068597,10:15:00,-0.994679,0.094355,0.041374,5.508941,47.635143,-23.931331,0.380231,133.674836,-0.638697,41.985818,0.638697,-0.668947,-0.380231,30.766326,22.348023,0.668947,0.668947,-133.674836,-22.348023,0.380231,-41.985818,-30.766326,-0.380231,-0.668947,0.638697,-0.638697,NA,NA,NA,NA,NA,NA,NA,NA,NA,NA,NA,NA
NA,NA,NA,NA,NA,NA,NA,NA,NA,NA,NA,NA,NA,NA,NA,NA,140,2026-02-17,16:10:33,22,6,"Sharp, Will",1000370214,Right,CAR_EAG,"Yonts, Peyton",1000370211,Right,CAR_EAG,Undefined,1,Bottom,2,3,2,Fastball,Changeup,BallCalled,Walk,Undefined,Undefined,0,0,NA,77.90835,0.146516,-6.3863,1714.865954,252.801199,02:30:00,5.1361,3.15352,5.82585,-38.5475,7.85095,20.66623,2.06087,-1.08617,71.50935,-6.959231,-2.71232,0.490256,NA,NA,NA,NA,NA,NA,NA,NA,NA,NA,NA,-12.19481,4.41973,-2.64162,50,5.12531,11.82838,-112.58652,-0.88936,-15.73662,19.41362,-26.47066,CAR_EAG,CAR_EAG,CarsonNewman,TeamExclusive,Team,20260217-CarsonNewman-Private-1,194a1c00-0c45-11f1-90c1-d3b8e9c17bb1,76.88314,NA,NA,6.39899,NA,NA,NA,NA,NA,NA,d42f9652-cdd7-4e85-a646-f9e5d84c90e5,2026-02-17,21:10:33,2026-02-17T21:10:33Z,2026-02-17T21:10:33Z,NA,v3,CNE,CNE,NA,NA,NA,Undefined,CAR_EAG,2e584bd2-f3fd-4e93-9826-1d55e9f87674,54.67652,-113.39003,9.70681,5.13945,0.20624,-13.23533,-3.14467,12.47971,-7.86831,NA,NA,NA,NA,NA,NA,NA,NA,NA,NA,NA,NA,NA,NA,NA,NA,NA,NA,NA,NA,NA,NA,NA,NA,NA,NA,NA,NA,NA,NA,NA,NA,NA,NA,NA,NA,NA,NA,NA,NA,NA,NA,NA,NA,NA,NA,NA,NA,NA,NA,High,High,High,NA,NA,NA,NA,NA,241.670679,1.068341,1714.567854,0.999826,02:00:00,-0.07354,-0.880031,-0.469188,-65.217242,-18.184276,-20.806534,0.118165,175.089234,-0.989349,4.876278,0.989349,-0.085004,-0.118165,6.810975,6.786207,0.085004,0.085004,-175.089234,-6.786207,0.118165,-4.876278,-6.810975,-0.118165,-0.085004,0.989349,-0.989349,NA,NA,NA,NA,NA,NA,NA,NA,NA,NA,NA,NA
NA,NA,NA,NA,NA,NA,NA,NA,NA,NA,NA,NA,NA,NA,NA,NA,141,2026-02-17,16:11:18,23,1,"Sharp, Will",1000370214,Right,CAR_EAG,"Yonts, Peyton",1000370211,Right,CAR_EAG,Undefined,1,Bottom,2,0,0,Fastball,Changeup,StrikeSwinging,Undefined,Undefined,Undefined,0,0,NA,78.51682,0.200196,-3.943948,1604.782889,233.668185,01:45:00,5.25274,3.24078,6.17975,-31.06297,14.01127,17.038,2.84948,1.01263,71.58213,-5.640132,-0.878196,0.48321,NA,NA,NA,NA,NA,NA,NA,NA,NA,NA,NA,-9.86229,7.63867,-2.95032,50,5.25217,7.22101,-113.83304,-0.45645,-12.90902,21.37126,-22.1756,CAR_EAG,CAR_EAG,CarsonNewman,TeamExclusive,Team,20260217-CarsonNewman-Private-1,33f866b0-0c45-11f1-90c1-d3b8e9c17bb1,78.00433,NA,NA,6.93468,NA,NA,NA,NA,NA,NA,d42f9652-cdd7-4e85-a646-f9e5d84c90e5,2026-02-17,21:11:18,2026-02-17T21:11:18Z,2026-02-17T21:11:18Z,NA,v3,CNE,CNE,NA,NA,NA,Undefined,CAR_EAG,b0211b05-b6b1-4a7f-a067-e2b86fb68234,54.31957,-114.64113,10.68563,5.25357,0.38206,-11.0878,-3.2326,7.70912,-6.45451,NA,NA,NA,NA,NA,NA,NA,NA,NA,NA,NA,NA,NA,NA,NA,NA,NA,NA,NA,NA,NA,NA,NA,NA,NA,NA,NA,NA,NA,NA,NA,NA,NA,NA,NA,NA,NA,NA,NA,NA,NA,NA,NA,NA,NA,NA,NA,NA,NA,NA,High,High,High,NA,NA,NA,NA,NA,238.877762,1.335352,1604.347063,0.999728,02:00:00,-0.061773,-0.855747,-0.513693,-41.970476,-39.65698,-41.980366,-0.014752,175.566593,-0.996899,-4.432923,0.996899,-0.077292,0.014752,0.847797,-0.84526,0.077292,-0.077292,-175.566593,0.84526,0.014752,4.432923,-0.847797,-0.014752,0.077292,0.996899,-0.996899,NA,NA,NA,NA,NA,NA,NA,NA,NA,NA,NA,NA
NA,NA,NA,NA,NA,NA,NA,NA,NA,NA,NA,NA,NA,NA,NA,NA,142,2026-02-17,16:11:31,23,2,"Sharp, Will",1000370214,Right,CAR_EAG,"Yonts, Peyton",1000370211,Right,CAR_EAG,Undefined,1,Bottom,2,0,1,Fastball,Changeup,BallCalled,Undefined,Undefined,Undefined,0,0,NA,77.97297,0.04352,-3.680068,1818.566217,247.191546,02:15:00,5.28228,3.25151,6.20842,-35.06569,10.35367,21.22418,2.40039,1.61883,71.50558,-6.505458,0.14559,0.485056,NA,NA,NA,NA,NA,NA,NA,NA,NA,NA,NA,-11.91587,5.80618,-2.98477,50,5.26808,6.51128,-113.1652,-0.90472,-15.47946,20.31011,-24.63145,CAR_EAG,CAR_EAG,CarsonNewman,TeamExclusive,Team,20260217-CarsonNewman-Private-1,3c091160-0c45-11f1-90c1-d3b8e9c17bb1,77.7074,NA,NA,6.46739,NA,NA,NA,NA,NA,NA,d42f9652-cdd7-4e85-a646-f9e5d84c90e5,2026-02-17,21:11:31,2026-02-17T21:11:31Z,2026-02-17T21:11:31Z,NA,v3,CNE,CNE,NA,NA,NA,Undefined,CAR_EAG,cd0b5959-e3b4-4400-8a7e-eabd6bb2fbd7,54.29285,-113.93304,10.15506,5.28468,0.0265,-12.31573,-3.24199,7.0965,-7.73973,NA,NA,NA,NA,NA,NA,NA,NA,NA,NA,NA,NA,NA,NA,NA,NA,NA,NA,NA,NA,NA,NA,NA,NA,NA,NA,NA,NA,NA,NA,NA,NA,NA,NA,NA,NA,NA,NA,NA,NA,NA,NA,NA,NA,NA,NA,NA,NA,NA,NA,High,High,High,NA,NA,NA,NA,NA,236.151505,-5.605774,1809.869036,0.995218,01:45:00,0.061275,-0.826615,-0.559421,-33.213418,-42.188976,-53.287603,0.112081,171.75845,-0.983437,8.189263,0.983437,-0.142443,-0.112081,6.501875,6.435293,0.142443,0.142443,-171.75845,-6.435293,0.112081,-8.189263,-6.501875,-0.112081,-0.142443,0.983437,-0.983437,NA,NA,NA,NA,NA,NA,NA,NA,NA,NA,NA,NA
NA,NA,NA,NA,NA,NA,NA,NA,NA,NA,NA,NA,NA,NA,NA,NA,143,2026-02-17,16:11:46,23,3,"Sharp, Will",1000370214,Right,CAR_EAG,"Yonts, Peyton",1000370211,Right,CAR_EAG,Undefined,1,Bottom,2,1,1,Fastball,Changeup,BallCalled,Undefined,Undefined,Undefined,0,0,NA,78.11505,-1.055493,-4.846266,1555.005479,234.947276,01:45:00,5.12387,3.25469,5.8855,-32.14454,13.46083,17.26647,1.46137,0.1824,72.20516,-7.009398,-1.760835,0.486048,NA,NA,NA,NA,NA,NA,NA,NA,NA,NA,NA,-10.00099,7.578,-2.87252,50,5.01974,8.95765,-113.20174,-3.03825,-13.11982,18.54105,-22.23283,CAR_EAG,CAR_EAG,CarsonNewman,TeamExclusive,Team,20260217-CarsonNewman-Private-1,44b9f3b0-0c45-11f1-90c1-d3b8e9c17bb1,77.54875,NA,NA,5.90988,NA,NA,NA,NA,NA,NA,d42f9652-cdd7-4e85-a646-f9e5d84c90e5,2026-02-17,21:11:46,2026-02-17T21:11:46Z,2026-02-17T21:11:46Z,NA,v3,CNE,CNE,NA,NA,NA,Undefined,CAR_EAG,7606bf93-5ab3-4f0b-9ec3-9160d03b2d29,54.61605,-113.95528,9.27053,5.12486,-2.13466,-11.11642,-3.24741,9.49087,-6.55991,NA,NA,NA,NA,NA,NA,NA,NA,NA,NA,NA,NA,NA,NA,NA,NA,NA,NA,NA,NA,NA,NA,NA,NA,NA,NA,NA,NA,NA,NA,NA,NA,NA,NA,NA,NA,NA,NA,NA,NA,NA,NA,NA,NA,NA,NA,NA,NA,NA,NA,High,High,High,NA,NA,NA,NA,NA,240.779924,-2.209021,1553.849891,0.999257,02:00:00,0.013197,-0.871245,-0.490672,-53.367341,-27.676819,-22.058825,-0.003791,175.832573,-0.997349,-4.167397,0.997349,-0.072671,0.003791,0.217792,-0.217216,0.072671,-0.072671,-175.832573,0.217216,0.003791,4.167397,-0.217792,-0.003791,0.072671,0.997349,-0.997349,NA,NA,NA,NA,NA,NA,NA,NA,NA,NA,NA,NA
NA,NA,NA,NA,NA,NA,NA,NA,NA,NA,NA,NA,NA,NA,NA,NA,144,2026-02-17,16:12:03,23,4,"Sharp, Will",1000370214,Right,CAR_EAG,"Yonts, Peyton",1000370211,Right,CAR_EAG,Undefined,1,Bottom,2,2,1,Slider,Changeup,BallCalled,Undefined,Undefined,Undefined,0,0,NA,69.37197,5.178652,-1.657431,1396.266633,50.23392,07:45:00,5.02002,3.32551,5.89883,-59.0498,0.47158,-2.03843,4.92221,1.61645,62.1804,-5.776895,-2.022061,0.555275,NA,NA,NA,NA,NA,NA,NA,NA,NA,NA,NA,0.47622,-0.72004,-3.19101,50,5.40522,2.9693,-100.15609,7.42793,0.47499,18.90888,-32.89219,CAR_EAG,CAR_EAG,CarsonNewman,TeamExclusive,Team,20260217-CarsonNewman-Private-1,4f3583e0-0c45-11f1-90c1-d3b8e9c17bb1,67.88073,NA,NA,7.19157,NA,NA,NA,NA,NA,NA,d42f9652-cdd7-4e85-a646-f9e5d84c90e5,2026-02-17,21:12:03,2026-02-17T21:12:03Z,2026-02-17T21:12:03Z,NA,v3,CNE,CNE,NA,NA,NA,Undefined,CAR_EAG,d18dcd30-ae99-41c2-8649-ea15ce00453c,54.59807,-101.02045,9.45444,5.03132,8.93149,-16.4461,-3.32625,2.94759,0.23749,NA,NA,NA,NA,NA,NA,NA,NA,NA,NA,NA,NA,NA,NA,NA,NA,NA,NA,NA,NA,NA,NA,NA,NA,NA,NA,NA,NA,NA,NA,NA,NA,NA,NA,NA,NA,NA,NA,NA,NA,NA,NA,NA,NA,NA,NA,NA,NA,NA,NA,High,High,High,NA,NA,NA,NA,NA,99.750309,85.318641,113.955256,0.081614,09:15:00,-0.985323,0.170067,0.014683,-9.959449,40.248777,-33.815633,0.301135,132.190868,-0.640428,44.952455,0.640428,-0.70652,-0.301135,25.183301,17.525758,0.70652,0.70652,-132.190868,-17.525758,0.301135,-44.952455,-25.183301,-0.301135,-0.70652,0.640428,-0.640428,NA,NA,NA,NA,NA,NA,NA,NA,NA,NA,NA,NA
NA,NA,NA,NA,NA,NA,NA,NA,NA,NA,NA,NA,NA,NA,NA,NA,145,2026-02-17,16:12:20,23,5,"Sharp, Will",1000370214,Right,CAR_EAG,"Yonts, Peyton",1000370211,Right,CAR_EAG,Undefined,1,Bottom,2,3,1,Fastball,Changeup,FoulBallNotFieldable,Undefined,Undefined,Undefined,0,0,NA,78.06733,0.466923,-4.434814,1750.924303,249.151216,02:15:00,5.29,3.29156,6.1637,-35.36207,10.41197,23.28324,2.7758,1.12685,71.00487,-6.153844,-0.248023,0.486946,NA,NA,NA,NA,NA,NA,NA,NA,NA,NA,NA,-13.38528,5.68626,-2.96647,50,5.30742,7.94698,-113.13939,-0.07183,-17.24624,21.79243,-24.84761,CAR_EAG,CAR_EAG,CarsonNewman,TeamExclusive,Team,20260217-CarsonNewman-Private-1,595670f0-0c45-11f1-90c1-d3b8e9c17bb1,77.40574,NA,NA,7.06246,NA,NA,NA,NA,NA,NA,d42f9652-cdd7-4e85-a646-f9e5d84c90e5,2026-02-17,21:12:20,2026-02-17T21:12:20Z,2026-02-17T21:12:20Z,NA,v3,CNE,CNE,NA,NA,NA,Undefined,CAR_EAG,ba5e006e-23ba-409d-b222-60349ef04416,54.33858,-113.972,10.89621,5.29203,0.87752,-12.42381,-3.28269,8.6059,-8.62312,NA,NA,NA,NA,NA,NA,NA,NA,NA,NA,NA,NA,NA,NA,NA,NA,NA,NA,NA,NA,NA,NA,NA,NA,NA,NA,NA,NA,NA,NA,NA,NA,NA,NA,NA,NA,NA,NA,NA,NA,NA,NA,NA,NA,NA,NA,NA,NA,NA,NA,High,High,High,NA,NA,NA,NA,NA,239.30902,-8.06737,1733.596703,0.990104,02:00:00,0.093918,-0.852538,-0.514158,-23.867144,-51.093469,-59.41577,0.054566,174.787098,-0.99438,5.205114,0.99438,-0.090721,-0.054566,3.140934,3.1279690000000002,0.090721,0.090721,-174.787098,-3.1279690000000002,0.054566,-5.205114,-3.140934,-0.054566,-0.090721,0.99438,-0.99438,NA,NA,NA,NA,NA,NA,NA,NA,NA,NA,NA,NA
NA,NA,NA,NA,NA,NA,NA,NA,NA,NA,NA,NA,NA,NA,NA,NA,146,2026-02-17,16:12:48,23,6,"Sharp, Will",1000370214,Right,CAR_EAG,"Yonts, Peyton",1000370211,Right,CAR_EAG,Undefined,1,Bottom,2,3,2,Fastball,Changeup,FoulBallNotFieldable,Undefined,Undefined,Undefined,0,0,NA,76.28148,-0.579298,-4.527748,1591.213686,236.719864,02:00:00,5.13699,3.45378,5.9348,-32.99927,15.79387,21.32859,1.84789,1.02169,68.89735,-6.779619,-0.709481,0.502749,NA,NA,NA,NA,NA,NA,NA,NA,NA,NA,NA,-12.41741,8.78772,-3.10389,50,5.07215,7.97252,-110.37639,-2.02814,-15.0993,22.27193,-21.48835,CAR_EAG,CAR_EAG,CarsonNewman,TeamExclusive,Team,20260217-CarsonNewman-Private-1,699141c0-0c45-11f1-90c1-d3b8e9c17bb1,74.97273,NA,NA,7.38413,NA,NA,NA,NA,NA,NA,d42f9652-cdd7-4e85-a646-f9e5d84c90e5,2026-02-17,21:12:48,2026-02-17T21:12:48Z,2026-02-17T21:12:48Z,NA,v3,CNE,CNE,NA,NA,NA,Undefined,CAR_EAG,d1f7b7c5-4618-4e34-9eb7-1ea0b730db5e,54.56548,-111.29381,11.13596,5.13746,-1.143,-10.74418,-3.4451,8.59449,-7.54965,NA,NA,NA,NA,NA,NA,NA,NA,NA,NA,NA,NA,NA,NA,NA,NA,NA,NA,NA,NA,NA,NA,NA,NA,NA,NA,NA,NA,NA,NA,NA,NA,NA,NA,NA,NA,NA,NA,NA,NA,NA,NA,NA,NA,NA,NA,NA,NA,NA,NA,High,High,High,NA,NA,NA,NA,NA,247.341377,-16.291353,1527.322702,0.959848,02:15:00,0.259369,-0.882882,-0.391468,-51.521058,-29.691996,-13.38395,-0.054045,168.287505,-0.977748,-11.695136,0.977748,-0.202704,0.054045,3.163781,-3.098036,0.202704,-0.202704,-168.287505,3.098036,0.054045,11.695136,-3.163781,-0.054045,0.202704,0.977748,-0.977748,NA,NA,NA,NA,NA,NA,NA,NA,NA,NA,NA,NA
NA,NA,NA,NA,NA,NA,NA,NA,NA,NA,NA,NA,NA,NA,NA,NA,147,2026-02-17,16:13:08,23,7,"Sharp, Will",1000370214,Right,CAR_EAG,"Yonts, Peyton",1000370211,Right,CAR_EAG,Undefined,1,Bottom,2,3,2,Slider,Changeup,InPlay,Undefined,LineDrive,Double,0,0,NA,71.25437,1.757935,-3.830956,1489.123247,242.946322,02:00:00,5.13878,3.37885,5.95142,-52.59093,3.1498,2.38547,2.39082,0.0192,64.77307,-7.967979,-3.403857,0.537351,89.41818,22.116565,26.560864,1997.583463,96.00668,33.631100000000004,53.69059,283.27113,283.27113,34.767902,3.124578,-2.43791,1.57705,-3.07505,50,5.24945,6.8294,-103.1729,1.71412,-2.59452,19.19345,-30.4957,CAR_EAG,CAR_EAG,CarsonNewman,TeamExclusive,Team,20260217-CarsonNewman-Private-1,755b23e0-0c45-11f1-90c1-d3b8e9c17bb1,70.14497,37.12511,NA,6.4813,NA,NA,NA,2.68765,2.53248,-0.11831,d42f9652-cdd7-4e85-a646-f9e5d84c90e5,2026-02-17,21:13:08,2026-02-17T21:13:08Z,2026-02-17T21:13:08Z,LineDrive,v3,CNE,CNE,NA,NA,NA,Undefined,CAR_EAG,904aace4-2ca3-4a31-82aa-36f1c7395d6b,54.54926,-104.01576,9.59673,5.14477,3.05331,-15.24785,-3.37746,6.94334,-1.29726,245.610552,2.6873,108.68651,-17.14296,3.38319,-0.84091,0.26258,-0.08943,0.0184,-0.00151,2.53265,49.36888,-19.44608,1.49607,-0.12082,-0.06094,0.03807,-0.00829,6.3e-4,-0.11829,54.32839,1.03935,-1.11615,0.12858,0.0996,-0.05538,0.01176,-9.6e-4,NA,NA,NA,NA,NA,NA,NA,NA,NA,NA,NA,NA,NA,NA,NA,NA,NA,NA,NA,NA,NA,NA,High,High,High,High,High,NA,NA,NA,222.851306,70.837915,488.792267,0.328242,01:30:00,-0.96495,-0.194154,-0.176564,-4.941199,32.505417,-26.75894,0.557213,137.781306,-0.61496,33.916015,0.61496,-0.557977,-0.557213,42.179618,33.863268,0.557977,0.557977,-137.781306,-33.863268,0.557213,-33.916015,-42.179618,-0.557213,-0.557977,0.61496,-0.61496,NA,NA,NA,NA,NA,NA,NA,NA,NA,NA,NA,NA
NA,NA,NA,NA,NA,NA,NA,NA,NA,NA,NA,NA,NA,NA,NA,NA,148,2026-02-17,16:15:31,24,1,"Sharp, Will",1000370214,Right,CAR_EAG,"Copley, Tyson",10100116,Right,CAR_EAG,Undefined,1,Bottom,2,0,0,Fastball,Changeup,BallCalled,Undefined,Undefined,Undefined,0,0,NA,80.12398,0.827365,-3.229733,2079.135324,262.460986,02:45:00,3.7851,3.69715,6.35677,-38.96852,3.7654,18.45895,1.3005,2.25958,73.4921,-6.434226,0.108869,0.470498,NA,NA,NA,NA,NA,NA,NA,NA,NA,NA,NA,-10.48674,2.14725,-3.47098,50,3.82707,5.90734,-116.38039,0.54269,-14.39888,21.61073,-29.22575,CAR_EAG,CAR_EAG,CarsonNewman,TeamExclusive,Team,20260217-CarsonNewman-Private-1,caecf680-0c45-11f1-90c1-d3b8e9c17bb1,80.11181,NA,NA,6.63188,NA,NA,NA,NA,NA,NA,d42f9652-cdd7-4e85-a646-f9e5d84c90e5,2026-02-17,21:15:31,2026-02-17T21:15:31Z,2026-02-17T21:15:31Z,NA,v3,CNE,CNE,NA,NA,NA,Undefined,CAR_EAG,fe227582-b517-45fc-bde3-21a6c6853658,54.14585,-117.14771,10.80536,3.78937,1.58038,-14.61287,-3.68981,6.41859,-7.19944,NA,NA,NA,NA,NA,NA,NA,NA,NA,NA,NA,NA,NA,NA,NA,NA,NA,NA,NA,NA,NA,NA,NA,NA,NA,NA,NA,NA,NA,NA,NA,NA,NA,NA,NA,NA,NA,NA,NA,NA,NA,NA,NA,NA,NA,NA,NA,NA,NA,NA,High,High,High,NA,NA,NA,NA,NA,259.232544,39.466454,1605.085955,0.771997,02:45:00,-0.65361,-0.749147,-0.107574,72.014507,16.411802,-61.003272,-0.354744,161.52386,-0.886772,-17.23545,0.886772,-0.296299,0.354744,21.803363,-20.777737,0.296299,-0.296299,-161.52386,20.777737,0.354744,17.23545,-21.803363,-0.354744,0.296299,0.886772,-0.886772,NA,NA,NA,NA,NA,NA,NA,NA,NA,NA,NA,NA
NA,NA,NA,NA,NA,NA,NA,NA,NA,NA,NA,NA,NA,NA,NA,NA,149,2026-02-17,16:15:53,24,2,"Sharp, Will",1000370214,Right,CAR_EAG,"Copley, Tyson",10100116,Right,CAR_EAG,Undefined,1,Bottom,2,1,0,Fastball,Changeup,StrikeCalled,Undefined,Undefined,Undefined,0,0,NA,78.1276,2.772973,-5.534188,2042.600339,253.624453,02:30:00,3.93511,3.60468,6.48835,-38.39522,6.67461,17.91076,3.29532,4e-4,71.244,-4.41334,-2.308161,0.483186,NA,NA,NA,NA,NA,NA,NA,NA,NA,NA,NA,-10.7893,3.19295,-3.222,50,4.11416,10.32073,-113.00936,4.44633,-13.98304,20.17619,-28.03595,CAR_EAG,CAR_EAG,CarsonNewman,TeamExclusive,Team,20260217-CarsonNewman-Private-1,d83bf200-0c45-11f1-90c1-d3b8e9c17bb1,78.00812,NA,NA,6.8836,NA,NA,NA,NA,NA,NA,d42f9652-cdd7-4e85-a646-f9e5d84c90e5,2026-02-17,21:15:53,2026-02-17T21:15:53Z,2026-02-17T21:15:53Z,NA,v3,CNE,CNE,NA,NA,NA,Undefined,CAR_EAG,a8cf37a5-528c-4452-bd9f-d222b8c33cec,54.01281,-113.72354,10.0881,3.93921,5.43871,-14.01798,-3.59608,10.81568,-6.99152,NA,NA,NA,NA,NA,NA,NA,NA,NA,NA,NA,NA,NA,NA,NA,NA,NA,NA,NA,NA,NA,NA,NA,NA,NA,NA,NA,NA,NA,NA,NA,NA,NA,NA,NA,NA,NA,NA,NA,NA,NA,NA,NA,NA,NA,NA,NA,NA,NA,NA,High,High,High,NA,NA,NA,NA,NA,258.336826,38.448529,1599.697324,0.783167,02:30:00,-0.67039,-0.736017,-0.09411,70.840956,16.831505,-57.778998,-0.280988,160.050567,-0.902123,-19.11374,0.902123,-0.327444,0.280988,17.30049,-16.319206,0.327444,-0.327444,-160.050567,16.319206,0.280988,19.11374,-17.30049,-0.280988,0.327444,0.902123,-0.902123,NA,NA,NA,NA,NA,NA,NA,NA,NA,NA,NA,NA
NA,NA,NA,NA,NA,NA,NA,NA,NA,NA,NA,NA,NA,NA,NA,NA,150,2026-02-17,16:16:13,24,3,"Sharp, Will",1000370214,Right,CAR_EAG,"Copley, Tyson",10100116,Right,CAR_EAG,Undefined,1,Bottom,2,1,1,Slider,Curveball,StrikeSwinging,Undefined,Undefined,Undefined,0,0,NA,72.71766,0.992086,-3.691023,2143.466207,97.402123,09:15:00,4.397,3.36182,6.03624,-49.53392,3.30236,-12.86835,1.18985,-1.13316,66.95941,-8.129525,-5.997012,0.523164,NA,NA,NA,NA,NA,NA,NA,NA,NA,NA,NA,5.59815,1.87567,-3.06627,50,4.44774,7.22875,-105.46305,0.44658,6.281,18.57348,-30.06961,CAR_EAG,CAR_EAG,CarsonNewman,TeamExclusive,Team,20260217-CarsonNewman-Private-1,e41c1b40-0c45-11f1-90c1-d3b8e9c17bb1,72.04712,NA,NA,5.75826,NA,NA,NA,NA,NA,NA,d42f9652-cdd7-4e85-a646-f9e5d84c90e5,2026-02-17,21:16:13,2026-02-17T21:16:13Z,2026-02-17T21:16:13Z,NA,v3,CNE,CNE,NA,NA,NA,Undefined,CAR_EAG,09602e79-dcfb-4c99-8e40-295b21d78d94,54.466,-106.24666,9.28674,4.40214,1.71522,-15.03481,-3.36566,6.96376,3.1405,NA,NA,NA,NA,NA,NA,NA,NA,NA,NA,NA,NA,NA,NA,NA,NA,NA,NA,NA,NA,NA,NA,NA,NA,NA,NA,NA,NA,NA,NA,NA,NA,NA,NA,NA,NA,NA,NA,NA,NA,NA,NA,NA,NA,NA,NA,NA,NA,NA,NA,High,High,High,NA,NA,NA,NA,NA,84.275621,74.051983,588.949719,0.274765,08:45:00,-0.952885,0.290002,0.088933,-48.746036,-2.268395,17.157895,-0.820542,151.038217,-0.500105,-16.067938,0.500105,-0.276777,0.820542,58.63846,-55.139089,0.276777,-0.276777,-151.038217,55.139089,0.820542,16.067938,-58.63846,-0.820542,0.276777,0.500105,-0.500105,NA,NA,NA,NA,NA,NA,NA,NA,NA,NA,NA,NA
NA,NA,NA,NA,NA,NA,NA,NA,NA,NA,NA,NA,NA,NA,NA,NA,151,2026-02-17,16:16:35,24,4,"Sharp, Will",1000370214,Right,CAR_EAG,"Copley, Tyson",10100116,Right,CAR_EAG,Undefined,1,Bottom,2,1,2,Slider,Curveball,BallCalled,Undefined,Undefined,Undefined,0,0,NA,74.69092,0.586768,-5.471684,2216.608436,95.982127,09:15:00,4.46833,3.34228,5.96084,-47.94203,2.58449,-9.61398,1.01979,-2.54834,68.71028,-8.203349,-7.183648,0.511601,NA,NA,NA,NA,NA,NA,NA,NA,NA,NA,NA,3.3311,1.66343,-2.90139,50,4.48861,10.68405,-108.02053,-0.29302,3.91865,19.58464,-30.21724,CAR_EAG,CAR_EAG,CarsonNewman,TeamExclusive,Team,20260217-CarsonNewman-Private-1,f115a3c0-0c45-11f1-90c1-d3b8e9c17bb1,73.67551,NA,NA,5.98064,NA,NA,NA,NA,NA,NA,d42f9652-cdd7-4e85-a646-f9e5d84c90e5,2026-02-17,21:16:35,2026-02-17T21:16:35Z,2026-02-17T21:16:35Z,NA,v3,CNE,CNE,NA,NA,NA,Undefined,CAR_EAG,a1bde4de-6fbd-448f-9101-592391a4e134,54.53986,-108.84052,9.79232,4.47439,0.97214,-15.10862,-3.34528,10.51998,1.95933,NA,NA,NA,NA,NA,NA,NA,NA,NA,NA,NA,NA,NA,NA,NA,NA,NA,NA,NA,NA,NA,NA,NA,NA,NA,NA,NA,NA,NA,NA,NA,NA,NA,NA,NA,NA,NA,NA,NA,NA,NA,NA,NA,NA,NA,NA,NA,NA,NA,NA,High,High,High,NA,NA,NA,NA,NA,82.239032,84.021262,230.880602,0.104159,08:45:00,-0.987584,0.113385,0.108731,-25.10308,-15.464501,-74.937402,0.922675,122.811875,-0.208939,18.908759,0.208939,-0.324062,-0.922675,77.240616,67.320273,0.324062,0.324062,-122.811875,-67.320273,0.922675,-18.908759,-77.240616,-0.922675,-0.324062,0.208939,-0.208939,NA,NA,NA,NA,NA,NA,NA,NA,NA,NA,NA,NA
NA,NA,NA,NA,NA,NA,NA,NA,NA,NA,NA,NA,NA,NA,NA,NA,152,2026-02-17,16:17:00,24,5,"Sharp, Will",1000370214,Right,CAR_EAG,"Copley, Tyson",10100116,Right,CAR_EAG,Undefined,1,Bottom,2,2,2,Slider,Curveball,InPlay,Undefined,FlyBall,Error,0,0,NA,73.10137,2.198044,-3.643749,2241.329366,104.348559,09:30:00,4.28984,3.56805,6.00517,-47.37384,5.32563,-14.12658,2.38373,-0.98981,66.69823,-6.575091,-6.169998,0.522486,53.40779,57.857585,40.318348,NA,NA,NA,NA,120.54475,97.81256,43.952143,3.834431,6.20591,2.52055,-3.27329,50,4.437,7.21549,-105.89564,2.75461,6.97729,19.75195,-29.34018,CAR_EAG,CAR_EAG,CarsonNewman,TeamExclusive,Team,20260217-CarsonNewman-Private-1,ffd964f0-0c45-11f1-90c1-d3b8e9c17bb1,72.14059,59.93085,NA,6.40313,NA,NA,NA,1.79267,2.98986,1.44061,d42f9652-cdd7-4e85-a646-f9e5d84c90e5,2026-02-17,21:17:00,2026-02-17T21:17:00Z,2026-02-17T21:17:00Z,Popup,v3,CNE,CNE,NA,NA,NA,Undefined,CAR_EAG,b1ef3d45-a58a-4a33-967b-8ff0d102b9ad,54.49652,-106.73104,9.87597,4.29425,3.99555,-14.67009,-3.57223,6.92038,3.48865,126.584467,1.78945,31.82873,-3.95851,0.24875,0.81662,-0.80111,0.32255,-0.05961,0.0042,2.98472,66.41021,-22.28957,1.60145,1.15747,-1.36038,0.58808,-0.1167,0.00878,1.41563,27.72808,-10.372,11.84486,-10.45344,5.4132,-1.53021,0.22197,-0.01302,NA,NA,NA,NA,NA,NA,NA,NA,NA,NA,NA,NA,NA,NA,NA,NA,NA,NA,NA,NA,NA,NA,High,High,High,Medium,Medium,NA,NA,NA,82.394049,71.627162,706.465144,0.315199,08:45:00,-0.9318,0.348595,0.101142,-49.017847,2.252075,5.561308,-0.896871,147.545804,-0.373215,-13.729881,0.373215,-0.237345,0.896871,67.406356,-63.749817,0.237345,-0.237345,-147.545804,63.749817,0.896871,13.729881,-67.406356,-0.896871,0.237345,0.373215,-0.373215,NA,NA,NA,NA,NA,NA,NA,NA,NA,NA,NA,NA
NA,NA,NA,NA,NA,NA,NA,NA,NA,NA,NA,NA,NA,NA,NA,NA,153,2026-02-17,16:17:30,25,1,"Sharp, Will",1000370214,Right,CAR_EAG,"Copley, Tyson",10100116,Right,CAR_EAG,Undefined,1,Bottom,2,0,0,Fastball,Changeup,StrikeSwinging,Undefined,Undefined,Undefined,0,0,NA,78.51171,2.75761,-4.958082,1867.745863,261.486248,02:45:00,3.94434,3.7768,6.59001,-41.79227,3.29295,11.22713,3,0.15776,70.65885,-5.097516,-2.929734,0.483269,NA,NA,NA,NA,NA,NA,NA,NA,NA,NA,NA,-7.39989,1.39118,-3.44061,50,4.11732,9.44444,-113.49831,4.32898,-9.5134,23.56767,-30.38554,CAR_EAG,CAR_EAG,CarsonNewman,TeamExclusive,Team,20260217-CarsonNewman-Private-1,11f810f0-0c46-11f1-90c1-d3b8e9c17bb1,77.99481,NA,NA,7.85286,NA,NA,NA,NA,NA,NA,d42f9652-cdd7-4e85-a646-f9e5d84c90e5,2026-02-17,21:17:30,2026-02-17T21:17:30Z,2026-02-17T21:17:30Z,NA,v3,CNE,CNE,NA,NA,NA,Undefined,CAR_EAG,a0d054eb-aa7f-45fd-93de-0a7b49a6ab1d,53.90792,-114.3069,11.78384,3.95091,5.37148,-15.19277,-3.77024,9.77084,-4.7567,NA,NA,NA,NA,NA,NA,NA,NA,NA,NA,NA,NA,NA,NA,NA,NA,NA,NA,NA,NA,NA,NA,NA,NA,NA,NA,NA,NA,NA,NA,NA,NA,NA,NA,NA,NA,NA,NA,NA,NA,NA,NA,NA,NA,NA,NA,NA,NA,NA,NA,High,High,High,NA,NA,NA,NA,NA,262.305013,38.05238,1470.751974,0.787448,02:45:00,-0.65988,-0.749798,-0.048589,68.761774,8.118318,-57.481564,-0.281706,158.195227,-0.890853,-20.879393,0.890853,-0.356402,0.281706,17.547996,-16.362028,0.356402,-0.356402,-158.195227,16.362028,0.281706,20.879393,-17.547996,-0.281706,0.356402,0.890853,-0.890853,NA,NA,NA,NA,NA,NA,NA,NA,NA,NA,NA,NA
NA,NA,NA,NA,NA,NA,NA,NA,NA,NA,NA,NA,NA,NA,NA,NA,154,2026-02-17,16:17:48,25,2,"Sharp, Will",1000370214,Right,CAR_EAG,"Copley, Tyson",10100116,Right,CAR_EAG,Undefined,1,Bottom,2,0,1,Fastball,Changeup,FoulBallNotFieldable,Undefined,Undefined,Undefined,0,0,NA,79.12093,2.554165,-5.414692,2016.27616,274.831128,03:15:00,3.95572,3.80078,6.6065,-43.69392,0.29386,13.71383,2.66634,-0.03133,71.88612,-5.611562,-2.938027,0.47735,NA,NA,NA,NA,NA,NA,NA,NA,NA,NA,NA,-8.82642,-0.19917,-3.43624,50,4.11267,10.3877,-114.47962,3.9153,-11.647,22.25114,-32.43689,CAR_EAG,CAR_EAG,CarsonNewman,TeamExclusive,Team,20260217-CarsonNewman-Private-1,1c70baf0-0c46-11f1-90c1-d3b8e9c17bb1,78.96177,NA,NA,7.23481,NA,NA,NA,NA,NA,NA,d42f9652-cdd7-4e85-a646-f9e5d84c90e5,2026-02-17,21:17:48,2026-02-17T21:17:48Z,2026-02-17T21:17:48Z,NA,v3,CNE,CNE,NA,NA,NA,Undefined,CAR_EAG,a3a97acf-80ec-4b99-bc24-891faf78ccd8,53.89607,-115.2344,11.12557,3.9612,5.01559,-16.21844,-3.7953,10.78278,-5.8235,NA,NA,NA,NA,NA,NA,NA,NA,NA,NA,NA,NA,NA,NA,NA,NA,NA,NA,NA,NA,NA,NA,NA,NA,NA,NA,NA,NA,NA,NA,NA,NA,NA,NA,NA,NA,NA,NA,NA,NA,NA,NA,NA,NA,NA,NA,NA,NA,NA,NA,High,High,High,NA,NA,NA,NA,NA,261.319781,38.195275,1584.607334,0.785908,02:45:00,-0.660633,-0.748579,-0.056521,77.554434,3.487388,-57.203157,-0.274757,165.192257,-0.929581,-14.225582,0.929581,-0.24574,0.274757,16.466157,-15.947545,0.24574,-0.24574,-165.192257,15.947545,0.274757,14.225582,-16.466157,-0.274757,0.24574,0.929581,-0.929581,NA,NA,NA,NA,NA,NA,NA,NA,NA,NA,NA,NA
NA,NA,NA,NA,NA,NA,NA,NA,NA,NA,NA,NA,NA,NA,NA,NA,155,2026-02-17,16:18:10,25,3,"Sharp, Will",1000370214,Right,CAR_EAG,"Copley, Tyson",10100116,Right,CAR_EAG,Undefined,1,Bottom,2,0,2,Fastball,Changeup,InPlay,Undefined,FlyBall,Single,0,0,NA,79.45329,2.346723,-4.56212,2041.765483,270.714425,03:00:00,3.92889,3.61448,6.41463,-42.58353,1.31976,11.66379,2.5459,0.38318,72.12647,-5.599881,-2.458721,0.476892,NA,NA,NA,NA,NA,NA,NA,NA,NA,NA,NA,-7.45682,0.40697,-3.29286,50,4.07803,8.77037,-115.05657,3.50047,-9.92374,22.78372,-31.63242,CAR_EAG,CAR_EAG,CarsonNewman,TeamExclusive,Team,20260217-CarsonNewman-Private-1,29767870-0c46-11f1-90c1-d3b8e9c17bb1,79.03768,NA,NA,7.32682,NA,NA,NA,NA,NA,NA,d42f9652-cdd7-4e85-a646-f9e5d84c90e5,2026-02-17,21:18:10,2026-02-17T21:18:10Z,2026-02-17T21:18:10Z,NA,v3,CNE,CNE,NA,NA,NA,Undefined,CAR_EAG,626f9cbe-ddda-46cd-96f0-f0fcb17030aa,54.08697,-115.86305,11.39186,3.9343,4.62017,-15.81621,-3.60952,9.12164,-4.96187,NA,NA,NA,NA,NA,NA,NA,NA,NA,NA,NA,NA,NA,NA,NA,NA,NA,NA,NA,NA,NA,NA,NA,NA,NA,NA,NA,NA,NA,NA,NA,NA,NA,NA,NA,NA,NA,NA,NA,NA,NA,NA,NA,NA,NA,NA,NA,NA,NA,NA,High,High,High,NA,NA,NA,NA,NA,260.60228,40.478321,1553.072268,0.760652,02:45:00,-0.687071,-0.723232,-0.069776,72.29936,1.849763,-56.357016,-0.224093,158.626448,-0.907541,-20.804369,0.907541,-0.355178,0.224093,13.870222,-12.94956,0.355178,-0.355178,-158.626448,12.94956,0.224093,20.804369,-13.870222,-0.224093,0.355178,0.907541,-0.907541,NA,NA,NA,NA,NA,NA,NA,NA,NA,NA,NA,NA
NA,NA,NA,NA,NA,NA,NA,NA,NA,NA,NA,NA,NA,NA,NA,NA,156,2026-02-17,16:18:43,26,1,"Sharp, Will",1000370214,Right,CAR_EAG,"Copley, Tyson",10100116,Right,CAR_EAG,Undefined,1,Bottom,2,0,0,Fastball,Changeup,BallCalled,Undefined,Undefined,Undefined,0,0,NA,79.63863,3.279617,-4.261598,1981.143452,261.442042,02:45:00,3.87037,4.14604,6.42768,-39.91431,3.60732,14.70816,3.57036,1.44736,72.39127,-4.181994,-1.608429,0.474814,NA,NA,NA,NA,NA,NA,NA,NA,NA,NA,NA,-8.82197,1.40587,-3.84785,50,4.08724,8.06102,-115.30905,5.47715,-11.85421,21.83702,-30.28498,CAR_EAG,CAR_EAG,CarsonNewman,TeamExclusive,Team,20260217-CarsonNewman-Private-1,3d1c1290-0c46-11f1-90c1-d3b8e9c17bb1,79.38351,NA,NA,7.24736,NA,NA,NA,NA,NA,NA,d42f9652-cdd7-4e85-a646-f9e5d84c90e5,2026-02-17,21:18:43,2026-02-17T21:18:43Z,2026-02-17T21:18:43Z,NA,v3,CNE,CNE,NA,NA,NA,Undefined,CAR_EAG,3bfb20b8-852c-4aef-9f60-dd3ec842a8b3,54.07311,-116.07784,10.91851,3.87564,6.54336,-15.14249,-4.139,8.47836,-5.92711,NA,NA,NA,NA,NA,NA,NA,NA,NA,NA,NA,NA,NA,NA,NA,NA,NA,NA,NA,NA,NA,NA,NA,NA,NA,NA,NA,NA,NA,NA,NA,NA,NA,NA,NA,NA,NA,NA,NA,NA,NA,NA,NA,NA,NA,NA,NA,NA,NA,NA,High,High,High,NA,NA,NA,NA,NA,262.608316,38.834321,1543.236414,0.778962,02:45:00,-0.675831,-0.73535,-0.050132,62.244935,0.856615,-64.139937,-0.367798,149.463146,-0.80093,-28.195277,0.80093,-0.472478,0.367798,24.665226,-21.579874,0.472478,-0.472478,-149.463146,21.579874,0.367798,28.195277,-24.665226,-0.367798,0.472478,0.80093,-0.80093,NA,NA,NA,NA,NA,NA,NA,NA,NA,NA,NA,NA
NA,NA,NA,NA,NA,NA,NA,NA,NA,NA,NA,NA,NA,NA,NA,NA,157,2026-02-17,16:18:58,26,2,"Sharp, Will",1000370214,Right,CAR_EAG,"Copley, Tyson",10100116,Right,CAR_EAG,Undefined,1,Bottom,2,1,0,Fastball,Four-Seam,FoulBallNotFieldable,Undefined,Undefined,Undefined,0,0,NA,78.1851,1.826216,-4.700976,1933.566369,257.434327,02:30:00,4.036,4.17612,6.1617,-42.20223,3.08701,7.76926,2.21249,0.47098,71.83591,-5.985963,-3.307348,0.484361,NA,NA,NA,NA,NA,NA,NA,NA,NA,NA,NA,-5.29044,1.48815,-3.82267,50,4.15325,9.04554,-113.30157,2.38374,-6.90733,19.84816,-30.2311,CAR_EAG,CAR_EAG,CarsonNewman,TeamExclusive,Team,20260217-CarsonNewman-Private-1,464cd340-0c46-11f1-90c1-d3b8e9c17bb1,77.81896,NA,NA,6.34919,NA,NA,NA,NA,NA,NA,d42f9652-cdd7-4e85-a646-f9e5d84c90e5,2026-02-17,21:18:58,2026-02-17T21:18:58Z,2026-02-17T21:18:58Z,NA,v3,CNE,CNE,NA,NA,NA,Undefined,CAR_EAG,00a1880f-fa2c-47c5-9021-2eb2e6f6d0b5,54.34106,-114.0595,9.92408,4.04018,3.53816,-15.11555,-4.17313,9.3093,-3.45366,NA,NA,NA,NA,NA,NA,NA,NA,NA,NA,NA,NA,NA,NA,NA,NA,NA,NA,NA,NA,NA,NA,NA,NA,NA,NA,NA,NA,NA,NA,NA,NA,NA,NA,NA,NA,NA,NA,NA,NA,NA,NA,NA,NA,NA,NA,NA,NA,NA,NA,High,High,High,NA,NA,NA,NA,NA,258.477669,41.458149,1449.091054,0.74944,02:30:00,-0.695102,-0.712864,-0.093046,59.841057,34.502428,-62.558022,-0.310438,155.908983,-0.867795,-22.831373,0.867795,-0.38802,0.310438,19.683743,-18.085623,0.38802,-0.38802,-155.908983,18.085623,0.310438,22.831373,-19.683743,-0.310438,0.38802,0.867795,-0.867795,NA,NA,NA,NA,NA,NA,NA,NA,NA,NA,NA,NA
NA,NA,NA,NA,NA,NA,NA,NA,NA,NA,NA,NA,NA,NA,NA,NA,158,2026-02-17,16:19:18,26,3,"Sharp, Will",1000370214,Right,CAR_EAG,"Copley, Tyson",10100116,Right,CAR_EAG,Undefined,1,Bottom,2,1,1,Slider,Curveball,BallCalled,Undefined,Undefined,Undefined,0,0,NA,71.20933,0.326174,-0.946494,1917.445837,84.222051,08:45:00,4.31892,3.69053,5.48889,-55.75503,0.3761,-14.03768,-0.02213,1.63515,65.60677,-9.825146,-3.451525,0.539229,NA,NA,NA,NA,NA,NA,NA,NA,NA,NA,NA,6.85374,0.57579,-3.59763,50,4.30949,2.19648,-103.39742,-1.09256,7.37848,18.13468,-31.55416,CAR_EAG,CAR_EAG,CarsonNewman,TeamExclusive,Team,20260217-CarsonNewman-Private-1,52478960-0c46-11f1-90c1-d3b8e9c17bb1,69.90062,NA,NA,5.60255,NA,NA,NA,NA,NA,NA,d42f9652-cdd7-4e85-a646-f9e5d84c90e5,2026-02-17,21:19:18,2026-02-17T21:19:18Z,2026-02-17T21:19:18Z,NA,v3,CNE,CNE,NA,NA,NA,Undefined,CAR_EAG,5558fb29-5a98-446e-9b3c-ac468cff6722,55.01389,-104.27309,9.06734,4.32547,0.4311,-15.77708,-3.69509,1.84019,3.68924,NA,NA,NA,NA,NA,NA,NA,NA,NA,NA,NA,NA,NA,NA,NA,NA,NA,NA,NA,NA,NA,NA,NA,NA,NA,NA,NA,NA,NA,NA,NA,NA,NA,NA,NA,NA,NA,NA,NA,NA,NA,NA,NA,NA,NA,NA,NA,NA,NA,NA,High,High,High,NA,NA,NA,NA,NA,79.979103,70.142141,651.333107,0.339688,08:45:00,-0.937514,0.339855,0.074605,-2.615995,-18.31506,0.282523,-0.865065,139.241898,-0.379993,-19.118127,0.379993,-0.327517,0.865065,66.285771,-59.89015,0.327517,-0.327517,-139.241898,59.89015,0.865065,19.118127,-66.285771,-0.865065,0.327517,0.379993,-0.379993,NA,NA,NA,NA,NA,NA,NA,NA,NA,NA,NA,NA
NA,NA,NA,NA,NA,NA,NA,NA,NA,NA,NA,NA,NA,NA,NA,NA,159,2026-02-17,16:19:45,26,4,"Sharp, Will",1000370214,Right,CAR_EAG,"Copley, Tyson",10100116,Right,CAR_EAG,Undefined,1,Bottom,2,2,1,Fastball,Changeup,BallCalled,Undefined,Undefined,Undefined,0,0,NA,79.43479,2.435076,-3.768622,2006.155044,287.410948,03:30:00,3.88095,3.83062,6.52035,-45.3577,-2.09087,10.84879,2.34164,1.27178,72.83614,-6.00624,-1.804675,0.473422,NA,NA,NA,NA,NA,NA,NA,NA,NA,NA,NA,-6.67,-1.30173,-3.57203,50,4.03196,7.21112,-115.25898,3.59187,-8.99532,20.91312,-33.92957,CAR_EAG,CAR_EAG,CarsonNewman,TeamExclusive,Team,20260217-CarsonNewman-Private-1,62120c30-0c46-11f1-90c1-d3b8e9c17bb1,79.61692,NA,NA,6.59866,NA,NA,NA,NA,NA,NA,d42f9652-cdd7-4e85-a646-f9e5d84c90e5,2026-02-17,21:19:45,2026-02-17T21:19:45Z,2026-02-17T21:19:45Z,NA,v3,CNE,CNE,NA,NA,NA,Undefined,CAR_EAG,4a429712-3648-4c4e-a551-fc4a1df549dd,53.98208,-115.97926,10.45656,3.88813,4.76046,-16.96479,-3.82573,7.52093,-4.49766,NA,NA,NA,NA,NA,NA,NA,NA,NA,NA,NA,NA,NA,NA,NA,NA,NA,NA,NA,NA,NA,NA,NA,NA,NA,NA,NA,NA,NA,NA,NA,NA,NA,NA,NA,NA,NA,NA,NA,NA,NA,NA,NA,NA,NA,NA,NA,NA,NA,NA,High,High,High,NA,NA,NA,NA,NA,258.779279,39.103381,1556.794749,0.776009,02:45:00,-0.670985,-0.733691,-0.107132,68.001416,5.321507,-57.008844,-0.259199,153.032722,-0.860806,-25.975285,0.860806,-0.437983,0.259199,16.757657,-15.022516,0.437983,-0.437983,-153.032722,15.022516,0.259199,25.975285,-16.757657,-0.259199,0.437983,0.860806,-0.860806,NA,NA,NA,NA,NA,NA,NA,NA,NA,NA,NA,NA
NA,NA,NA,NA,NA,NA,NA,NA,NA,NA,NA,NA,NA,NA,NA,NA,160,2026-02-17,16:20:28,26,5,"Sharp, Will",1000370214,Right,CAR_EAG,"Copley, Tyson",10100116,Right,CAR_EAG,Undefined,1,Bottom,2,3,1,Fastball,Changeup,StrikeCalled,Undefined,Undefined,Undefined,0,0,NA,79.63727,2.062223,-6.495767,1968.04303,243.04191,02:00:00,3.88736,3.84813,6.71217,-35.70463,7.29189,11.77516,2.81026,-1.13463,72.9264,-4.633582,-4.373378,0.471941,NA,NA,NA,NA,NA,NA,NA,NA,NA,NA,NA,-8.03398,3.64303,-3.42042,50,4.01068,12.7322,-115.14033,3.24162,-10.82662,20.60837,-27.26469,CAR_EAG,CAR_EAG,CarsonNewman,TeamExclusive,Team,20260217-CarsonNewman-Private-1,7c248c10-0c46-11f1-90c1-d3b8e9c17bb1,79.86679,NA,NA,6.71087,NA,NA,NA,NA,NA,NA,d42f9652-cdd7-4e85-a646-f9e5d84c90e5,2026-02-17,21:20:28,2026-02-17T21:20:28Z,2026-02-17T21:20:28Z,NA,v3,CNE,CNE,NA,NA,NA,Undefined,CAR_EAG,dcf0f8f7-ec53-4790-972d-985e0ca6ce01,53.79137,-115.81693,10.30419,3.88955,4.13677,-13.63235,-3.84428,13.08766,-5.41331,NA,NA,NA,NA,NA,NA,NA,NA,NA,NA,NA,NA,NA,NA,NA,NA,NA,NA,NA,NA,NA,NA,NA,NA,NA,NA,NA,NA,NA,NA,NA,NA,NA,NA,NA,NA,NA,NA,NA,NA,NA,NA,NA,NA,NA,NA,NA,NA,NA,NA,High,High,High,NA,NA,NA,NA,NA,260.801166,39.107688,1527.126155,0.775962,02:45:00,-0.667745,-0.742788,-0.048818,66.397604,9.697976,-62.133605,-0.347528,157.002144,-0.863143,-21.490345,0.863143,-0.366344,0.347528,21.93122,-20.336178,0.366344,-0.366344,-157.002144,20.336178,0.347528,21.490345,-21.93122,-0.347528,0.366344,0.863143,-0.863143,NA,NA,NA,NA,NA,NA,NA,NA,NA,NA,NA,NA
NA,NA,NA,NA,NA,NA,NA,NA,NA,NA,NA,NA,NA,NA,NA,NA,161,2026-02-17,16:20:52,26,6,"Sharp, Will",1000370214,Right,CAR_EAG,"Copley, Tyson",10100116,Right,CAR_EAG,Undefined,1,Bottom,2,3,2,Slider,Curveball,BallCalled,Walk,Undefined,Undefined,0,0,NA,71.41955,1.462182,-1.858862,2065.587138,86.426046,09:00:00,4.16308,3.78127,6.15748,-53.26948,1.00724,-10.59197,1.07586,1.18063,65.78863,-8.379391,-3.768515,0.530247,NA,NA,NA,NA,NA,NA,NA,NA,NA,NA,NA,4.94988,0.625,-3.63478,50,4.24711,3.71245,-103.75614,1.19306,5.38577,17.66401,-31.49399,CAR_EAG,CAR_EAG,CarsonNewman,TeamExclusive,Team,20260217-CarsonNewman-Private-1,8a16a560-0c46-11f1-90c1-d3b8e9c17bb1,71.08471,NA,NA,5.63092,NA,NA,NA,NA,NA,NA,d42f9652-cdd7-4e85-a646-f9e5d84c90e5,2026-02-17,21:20:52,2026-02-17T21:20:52Z,2026-02-17T21:20:52Z,NA,v3,CNE,CNE,NA,NA,NA,Undefined,CAR_EAG,bf5f823e-1d18-47dd-9c42-4f0984ff2cc0,54.34451,-104.49315,8.832,4.16991,2.50712,-15.747,-3.78499,3.48773,2.69288,NA,NA,NA,NA,NA,NA,NA,NA,NA,NA,NA,NA,NA,NA,NA,NA,NA,NA,NA,NA,NA,NA,NA,NA,NA,NA,NA,NA,NA,NA,NA,NA,NA,NA,NA,NA,NA,NA,NA,NA,NA,NA,NA,NA,NA,NA,NA,NA,NA,NA,High,High,High,NA,NA,NA,NA,NA,85.305313,71.849624,643.455232,0.311512,08:45:00,-0.940688,0.334613,0.056039,-86.436217,12.992088,12.900345,-0.833376,162.33223,-0.526636,-9.656717,0.526636,-0.167745,0.833376,57.709942,-56.44714,0.167745,-0.167745,-162.33223,56.44714,0.833376,9.656717,-57.709942,-0.833376,0.167745,0.526636,-0.526636,NA,NA,NA,NA,NA,NA,NA,NA,NA,NA,NA,NA
NA,NA,NA,NA,NA,NA,NA,NA,NA,NA,NA,NA,NA,NA,NA,NA,162,2026-02-17,16:21:44,27,1,"Sharp, Will",1000370214,Right,CAR_EAG,"Copley, Tyson",10100116,Right,CAR_EAG,Undefined,1,Bottom,2,0,0,Fastball,Changeup,BallCalled,Undefined,Undefined,Undefined,0,0,NA,77.42466,3.556529,-4.606432,1858.013415,254.992185,02:30:00,3.73196,3.83329,6.50049,-41.56329,4.52201,11.26902,3.54767,0.53501,70.24227,-4.227906,-2.573474,0.488599,NA,NA,NA,NA,NA,NA,NA,NA,NA,NA,NA,-7.18485,1.81685,-3.51465,50,3.9642,8.63149,-111.99534,5.84322,-9.08826,20.99751,-29.8759,CAR_EAG,CAR_EAG,CarsonNewman,TeamExclusive,Team,20260217-CarsonNewman-Private-1,a97335e0-0c46-11f1-90c1-d3b8e9c17bb1,77.1439,NA,NA,7.18239,NA,NA,NA,NA,NA,NA,d42f9652-cdd7-4e85-a646-f9e5d84c90e5,2026-02-17,21:21:44,2026-02-17T21:21:44Z,2026-02-17T21:21:44Z,NA,v3,CNE,CNE,NA,NA,NA,Undefined,CAR_EAG,3f1f18c2-6051-4f52-b2c1-6fffc622814f,53.99947,-112.74269,10.49876,3.7373,6.90657,-14.93795,-3.82762,8.95496,-4.54413,NA,NA,NA,NA,NA,NA,NA,NA,NA,NA,NA,NA,NA,NA,NA,NA,NA,NA,NA,NA,NA,NA,NA,NA,NA,NA,NA,NA,NA,NA,NA,NA,NA,NA,NA,NA,NA,NA,NA,NA,NA,NA,NA,NA,NA,NA,NA,NA,NA,NA,High,High,High,NA,NA,NA,NA,NA,267.126993,39.658623,1430.411407,0.769861,03:00:00,-0.685567,-0.727822,0.016525,50.223731,17.543139,-62.656033,-0.311178,147.187774,-0.798724,-30.996372,0.798724,-0.514984,0.311178,21.285562,-18.130217,0.514984,-0.514984,-147.187774,18.130217,0.311178,30.996372,-21.285562,-0.311178,0.514984,0.798724,-0.798724,NA,NA,NA,NA,NA,NA,NA,NA,NA,NA,NA,NA
NA,NA,NA,NA,NA,NA,NA,NA,NA,NA,NA,NA,NA,NA,NA,NA,163,2026-02-17,16:22:01,27,2,"Sharp, Will",1000370214,Right,CAR_EAG,"Copley, Tyson",10100116,Right,CAR_EAG,Undefined,1,Bottom,2,1,0,Fastball,Changeup,InPlay,Undefined,LineDrive,Single,0,0,NA,77.01323,1.875071,-4.516445,1905.512708,259.074435,02:45:00,3.95163,3.64037,6.39686,-42.78837,3.16642,9.7228,2.11643,0.28818,71.18456,-6.067066,-2.763409,0.487907,88.83915,10.99816,13.325316,2767.364709,105.2578,13.8691,31.94989,208.5862,208.5862,20.245654,2.032025,-6.21213,1.56693,-3.31993,50,4.06685,8.50274,-111.73227,2.47744,-7.93808,18.09051,-30.17178,CAR_EAG,CAR_EAG,CarsonNewman,TeamExclusive,Team,20260217-CarsonNewman-Private-1,b370bc70-0c46-11f1-90c1-d3b8e9c17bb1,77.25339,13.86864,NA,5.82867,NA,NA,NA,0.6665,2.11123,-0.20525,d42f9652-cdd7-4e85-a646-f9e5d84c90e5,2026-02-17,21:22:01,2026-02-17T21:22:01Z,2026-02-17T21:22:01Z,LineDrive,v3,CNE,CNE,NA,NA,NA,Undefined,CAR_EAG,167fad44-f9a5-479a-a7af-fa0605362afb,54.10653,-112.39519,9.04525,3.9558,3.58307,-15.08589,-3.63684,8.79363,-3.96904,237.367981,0.6665,124.46054,-19.4544,3.74767,-0.70323,0.11304,-0.01692,0.00224,-1.5e-4,2.11123,24.85778,-13.37066,0.15686,0.12092,-0.03876,0.01059,-0.00155,1e-4,-0.20525,29.47933,5.70344,-2.1843,0.64052,-0.15305,0.03122,-0.00457,3.4e-4,NA,NA,NA,NA,NA,NA,NA,NA,NA,NA,NA,NA,NA,NA,NA,NA,NA,NA,NA,NA,NA,NA,High,High,High,High,High,NA,NA,NA,258.758747,42.269133,1410.067135,0.739994,02:45:00,-0.7052,-0.7034,-0.089,63.848282,30.338297,-65.274328,-0.34175,159.785957,-0.881907,-18.948867,0.881907,-0.324724,0.34175,21.18199,-19.983559,0.324724,-0.324724,-159.785957,19.983559,0.34175,18.948867,-21.18199,-0.34175,0.324724,0.881907,-0.881907,NA,NA,NA,NA,NA,NA,NA,NA,NA,NA,NA,NA
NA,NA,NA,NA,NA,NA,NA,NA,NA,NA,NA,NA,NA,NA,NA,NA,164,2026-02-17,16:22:26,28,1,"Sharp, Will",1000370214,Right,CAR_EAG,"Copley, Tyson",10100116,Right,CAR_EAG,Undefined,1,Bottom,2,0,0,Slider,Curveball,BallCalled,Undefined,Undefined,Undefined,0,0,NA,73.53305,0.545128,-5.366645,1924.888254,79.451269,08:45:00,4.33082,3.69657,6.07664,-51.98038,-0.20783,-9.58166,0.50576,-2.0822,67.90621,-8.975585,-7.078196,0.51787,NA,NA,NA,NA,NA,NA,NA,NA,NA,NA,NA,3.51481,-0.02547,-3.27471,50,4.34471,10.30177,-106.469,-0.42223,4.01709,19.01594,-32.20315,CAR_EAG,CAR_EAG,CarsonNewman,TeamExclusive,Team,20260217-CarsonNewman-Private-1,c2334520-0c46-11f1-90c1-d3b8e9c17bb1,72.78355,NA,NA,5.62683,NA,NA,NA,NA,NA,NA,d42f9652-cdd7-4e85-a646-f9e5d84c90e5,2026-02-17,21:22:26,2026-02-17T21:22:26Z,2026-02-17T21:22:26Z,NA,v3,CNE,CNE,NA,NA,NA,Undefined,CAR_EAG,b7de5f44-aac1-4795-96be-291d0f2a0107,54.42842,-107.25703,9.50797,4.33456,0.91227,-16.10158,-3.69817,10.1353,2.00854,NA,NA,NA,NA,NA,NA,NA,NA,NA,NA,NA,NA,NA,NA,NA,NA,NA,NA,NA,NA,NA,NA,NA,NA,NA,NA,NA,NA,NA,NA,NA,NA,NA,NA,NA,NA,NA,NA,NA,NA,NA,NA,NA,NA,NA,NA,NA,NA,NA,NA,High,High,High,NA,NA,NA,NA,NA,76.907108,80.472302,318.615933,0.165524,08:30:00,-0.976804,0.170597,0.129423,-49.747436,-4.598231,18.608046,-0.85813,162.550246,-0.489805,-8.856648,0.489805,-0.153963,0.85813,60.28305,-59.107224,0.153963,-0.153963,-162.550246,59.107224,0.85813,8.856648,-60.28305,-0.85813,0.153963,0.489805,-0.489805,NA,NA,NA,NA,NA,NA,NA,NA,NA,NA,NA,NA
NA,NA,NA,NA,NA,NA,NA,NA,NA,NA,NA,NA,NA,NA,NA,NA,165,2026-02-17,16:22:50,28,2,"Sharp, Will",1000370214,Right,CAR_EAG,"Copley, Tyson",10100116,Right,CAR_EAG,Undefined,1,Bottom,2,1,0,Fastball,Changeup,BallCalled,Undefined,Undefined,Undefined,0,0,NA,78.72894,2.217799,-3.905594,2014.81798,277.415779,03:15:00,3.73261,3.93547,6.32945,-44.33896,-0.29618,11.773,2.0858,1.31438,72.71853,-5.993257,-1.78244,0.477649,NA,NA,NA,NA,NA,NA,NA,NA,NA,NA,NA,-7.07154,-0.28835,-3.65536,50,3.87402,7.38769,-114.28135,3.12639,-9.45273,18.93639,-32.55947,CAR_EAG,CAR_EAG,CarsonNewman,TeamExclusive,Team,20260217-CarsonNewman-Private-1,d069e180-0c46-11f1-90c1-d3b8e9c17bb1,78.91244,NA,NA,6.01041,NA,NA,NA,NA,NA,NA,d42f9652-cdd7-4e85-a646-f9e5d84c90e5,2026-02-17,21:22:50,2026-02-17T21:22:50Z,2026-02-17T21:22:50Z,NA,v3,CNE,CNE,NA,NA,NA,Undefined,CAR_EAG,edbb8c62-7e7c-4dce-8849-3a960816d613,54.17385,-114.97087,9.4682,3.73859,4.31197,-16.27973,-3.93064,7.73189,-4.72636,NA,NA,NA,NA,NA,NA,NA,NA,NA,NA,NA,NA,NA,NA,NA,NA,NA,NA,NA,NA,NA,NA,NA,NA,NA,NA,NA,NA,NA,NA,NA,NA,NA,NA,NA,NA,NA,NA,NA,NA,NA,NA,NA,NA,NA,NA,NA,NA,NA,NA,High,High,High,NA,NA,NA,NA,NA,265.634744,35.511512,1640.05947,0.813999,02:45:00,-0.614639,-0.788551,-0.020139,67.611246,18.887334,-52.61338,-0.24618,161.335617,-0.918252,-18.069783,0.918252,-0.310175,0.24618,15.007858,-14.251572,0.310175,-0.310175,-161.335617,14.251572,0.24618,18.069783,-15.007858,-0.24618,0.310175,0.918252,-0.918252,NA,NA,NA,NA,NA,NA,NA,NA,NA,NA,NA,NA
NA,NA,NA,NA,NA,NA,NA,NA,NA,NA,NA,NA,NA,NA,NA,NA,166,2026-02-17,16:23:08,28,3,"Sharp, Will",1000370214,Right,CAR_EAG,"Copley, Tyson",10100116,Right,CAR_EAG,Undefined,1,Bottom,2,2,0,Fastball,Changeup,FoulBallNotFieldable,Undefined,Undefined,Undefined,0,0,NA,78.5939,2.470272,-5.323845,2022.636818,256.840673,02:30:00,3.86817,3.79597,6.45509,-40.60577,3.70103,10.30001,2.76501,-0.25078,72.23805,-5.085909,-3.469734,0.479078,NA,NA,NA,NA,NA,NA,NA,NA,NA,NA,NA,-6.77981,1.66815,-3.4227,50,4.02554,10.25897,-113.81764,3.79702,-8.95887,19.45408,-29.96976,CAR_EAG,CAR_EAG,CarsonNewman,TeamExclusive,Team,20260217-CarsonNewman-Private-1,db079fb0-0c46-11f1-90c1-d3b8e9c17bb1,78.67699,NA,NA,6.35585,NA,NA,NA,NA,NA,NA,d42f9652-cdd7-4e85-a646-f9e5d84c90e5,2026-02-17,21:23:08,2026-02-17T21:23:08Z,2026-02-17T21:23:08Z,NA,v3,CNE,CNE,NA,NA,NA,Undefined,CAR_EAG,3bcc55d0-96ba-4f00-b050-684ec789cf84,54.048,-114.50744,9.72704,3.87206,4.85969,-14.98488,-3.7921,10.57663,-4.47944,NA,NA,NA,NA,NA,NA,NA,NA,NA,NA,NA,NA,NA,NA,NA,NA,NA,NA,NA,NA,NA,NA,NA,NA,NA,NA,NA,NA,NA,NA,NA,NA,NA,NA,NA,NA,NA,NA,NA,NA,NA,NA,NA,NA,NA,NA,NA,NA,NA,NA,High,High,High,NA,NA,NA,NA,NA,255.839848,44.12714,1451.841788,0.717797,02:30:00,-0.738766,-0.665331,-0.107514,59.036011,29.730849,-67.851833,-0.346739,153.591271,-0.84008,-24.656592,0.84008,-0.417179,0.346739,22.428188,-20.288014,0.417179,-0.417179,-153.591271,20.288014,0.346739,24.656592,-22.428188,-0.346739,0.417179,0.84008,-0.84008,NA,NA,NA,NA,NA,NA,NA,NA,NA,NA,NA,NA
NA,NA,NA,NA,NA,NA,NA,NA,NA,NA,NA,NA,NA,NA,NA,NA,167,2026-02-17,16:23:31,28,4,"Sharp, Will",1000370214,Right,CAR_EAG,"Copley, Tyson",10100116,Right,CAR_EAG,Undefined,1,Bottom,2,2,1,Fastball,Changeup,InPlay,Undefined,GroundBall,Single,0,0,NA,79.45732,2.061323,-5.025102,1963.493706,281.494571,03:30:00,3.79057,3.87299,6.23,-44.52258,-0.45161,9.16146,1.99033,-0.01173,72.51498,-6.18661,-3.380611,0.477802,95.76003,0.264624,9.348272,2374.95156,NA,NA,NA,43.26861,39.42951,9.4131,0.308697,-6.2063,-0.43665,-3.50127,50,3.92303,9.78813,-115.027,2.82078,-8.29226,21.88521,-32.75747,CAR_EAG,CAR_EAG,CarsonNewman,TeamExclusive,Team,20260217-CarsonNewman-Private-1,e8e9b370-0c46-11f1-90c1-d3b8e9c17bb1,78.887200000000007,2.02799,NA,6.94234,NA,NA,NA,1.55787,2.02384,-0.04824,d42f9652-cdd7-4e85-a646-f9e5d84c90e5,2026-02-17,21:23:31,2026-02-17T21:23:31Z,2026-02-17T21:23:31Z,GroundBall,v3,CNE,CNE,NA,NA,NA,Undefined,CAR_EAG,4efac77f-19c8-4c35-84a0-c00023a33df8,54.27252,-115.83705,10.9426,3.79619,4.03324,-16.37874,-3.86925,10.09506,-4.14613,333.86174,1.56031,138.47616,-17.04054,NA,NA,NA,NA,NA,NA,2.02784,0.47615,-22.86343,NA,NA,NA,NA,NA,NA,-0.04901,22.8464,0.77418,NA,NA,NA,NA,NA,NA,NA,NA,NA,NA,NA,NA,NA,NA,NA,NA,NA,NA,NA,NA,NA,NA,NA,NA,NA,NA,NA,NA,High,High,High,Medium,Medium,NA,NA,NA,262.52382,41.49725,1470.632289,0.748988,02:45:00,-0.694755,-0.718307,-0.03674,50.205625,34.253322,-71.574044,-0.40269,154.706208,-0.827582,-23.022119,0.827582,-0.391086,0.40269,25.946942,-23.746478,0.391086,-0.391086,-154.706208,23.746478,0.40269,23.022119,-25.946942,-0.40269,0.391086,0.827582,-0.827582,NA,NA,NA,NA,NA,NA,NA,NA,NA,NA,NA,NA
