player_name,display_name,active,notes,id,pitcher,date,rel_speed,horz_break,induced_vert_break,original_pitch_type,new_pitch_type,new_pitcher,modified_at,pitch_key,created_at,PitchNo,Date,Time,PAofInning,PitchofPA,Pitcher,PitcherId,PitcherThrows,PitcherTeam,Batter,BatterId,BatterSide,BatterTeam,PitcherSet,Inning,Top/Bottom,Outs,Balls,Strikes,TaggedPitchType,AutoPitchType,PitchCall,KorBB,TaggedHitType,PlayResult,OutsOnPlay,RunsScored,Notes,RelSpeed,VertRelAngle,HorzRelAngle,SpinRate,SpinAxis,Tilt,RelHeight,RelSide,Extension,VertBreak,InducedVertBreak,HorzBreak,PlateLocHeight,PlateLocSide,ZoneSpeed,VertApprAngle,HorzApprAngle,ZoneTime,ExitSpeed,Angle,Direction,HitSpinRate,PositionAt110X,PositionAt110Y,PositionAt110Z,Distance,LastTrackedDistance,Bearing,HangTime,pfxx,pfxz,x0,y0,z0,vx0,vy0,vz0,ax0,ay0,az0,HomeTeam,AwayTeam,Stadium,Level,League,GameID,PitchUID,EffectiveVelo,MaxHeight,MeasuredDuration,SpeedDrop,PitchLastMeasuredX,PitchLastMeasuredY,PitchLastMeasuredZ,ContactPositionX,ContactPositionY,ContactPositionZ,GameUID,UTCDate,UTCTime,LocalDateTime,UTCDateTime,AutoHitType,System,HomeTeamForeignID,AwayTeamForeignID,GameForeignID,Catcher,CatcherId,CatcherThrows,CatcherTeam,PlayID,PitchTrajectoryXc0,PitchTrajectoryXc1,PitchTrajectoryXc2,PitchTrajectoryYc0,PitchTrajectoryYc1,PitchTrajectoryYc2,PitchTrajectoryZc0,PitchTrajectoryZc1,PitchTrajectoryZc2,HitSpinAxis,HitTrajectoryXc0,HitTrajectoryXc1,HitTrajectoryXc2,HitTrajectoryXc3,HitTrajectoryXc4,HitTrajectoryXc5,HitTrajectoryXc6,HitTrajectoryXc7,HitTrajectoryXc8,HitTrajectoryYc0,HitTrajectoryYc1,HitTrajectoryYc2,HitTrajectoryYc3,HitTrajectoryYc4,HitTrajectoryYc5,HitTrajectoryYc6,HitTrajectoryYc7,HitTrajectoryYc8,HitTrajectoryZc0,HitTrajectoryZc1,HitTrajectoryZc2,HitTrajectoryZc3,HitTrajectoryZc4,HitTrajectoryZc5,HitTrajectoryZc6,HitTrajectoryZc7,HitTrajectoryZc8,ThrowSpeed,PopTime,ExchangeTime,TimeToBase,CatchPositionX,CatchPositionY,CatchPositionZ,ThrowPositionX,ThrowPositionY,ThrowPositionZ,BasePositionX,BasePositionY,BasePositionZ,ThrowTrajectoryXc0,ThrowTrajectoryXc1,ThrowTrajectoryXc2,ThrowTrajectoryYc0,ThrowTrajectoryYc1,ThrowTrajectoryYc2,ThrowTrajectoryZc0,ThrowTrajectoryZc1,ThrowTrajectoryZc2,PitchReleaseConfidence,PitchLocationConfidence,PitchMovementConfidence,HitLaunchConfidence,HitLandingConfidence,CatcherThrowCatchConfidence,CatcherThrowReleaseConfidence,CatcherThrowLocationConfidence,SpinAxis3dTransverseAngle,SpinAxis3dLongitudinalAngle,SpinAxis3dActiveSpinRate,SpinAxis3dSpinEfficiency,SpinAxis3dTilt,SpinAxis3dVectorX,SpinAxis3dVectorY,SpinAxis3dVectorZ,SpinAxis3dSeamOrientationRotationX,SpinAxis3dSeamOrientationRotationY,SpinAxis3dSeamOrientationRotationZ,SpinAxis3dSeamOrientationBallYAmb1,SpinAxis3dSeamOrientationBallAngleHorizontalAmb1,SpinAxis3dSeamOrientationBallZAmb1,SpinAxis3dSeamOrientationBallAngleVerticalAmb2,SpinAxis3dSeamOrientationBallZAmb2,SpinAxis3dSeamOrientationBallXAmb4,SpinAxis3dSeamOrientationBallYAmb4,SpinAxis3dSeamOrientationBallAngleHorizontalAmb2,SpinAxis3dSeamOrientationBallAngleVerticalAmb1,SpinAxis3dSeamOrientationBallXAmb1,SpinAxis3dSeamOrientationBallYAmb2,SpinAxis3dSeamOrientationBallAngleHorizontalAmb4,SpinAxis3dSeamOrientationBallAngleVerticalAmb4,SpinAxis3dSeamOrientationBallXAmb2,SpinAxis3dSeamOrientationBallAngleVerticalAmb3,SpinAxis3dSeamOrientationBallAngleHorizontalAmb3,SpinAxis3dSeamOrientationBallXAmb3,SpinAxis3dSeamOrientationBallYAmb3,SpinAxis3dSeamOrientationBallZAmb3,SpinAxis3dSeamOrientationBallZAmb4,session_id,play_id,camera_slot,camera_name,camera_target,video_type,azure_blob,azure_md5,cloudinary_url,cloudinary_public_id,uploaded_at,HitType
NA,NA,NA,NA,NA,NA,NA,NA,NA,NA,NA,NA,NA,NA,NA,NA,1,2025-10-16,11:02:14,1,1,"Casson, Kolton",1000370207,Right,CAR_EAG,"Gibson, Aiden",10011511,Right,CAR_EAG,Undefined,1,Top,0,0,0,Fastball,Sinker,StrikeCalled,Undefined,Undefined,Undefined,0,0,NA,90.22483,-1.024153,-5.44988,2138.291844,240.108179,02:00:00,5.28432,3.00253,6.69745,-23.92159,9.72552,14.96434,2.34994,-0.7493,82.07475,-5.557553,-2.740062,0.417489,NA,NA,NA,NA,NA,NA,NA,NA,NA,NA,NA,-9.4391,5.77024,-2.64383,50,5.20639,11.87998,-130.62476,-3.03271,-16.23553,28.6689,-22.24908,CAR_EAG,CAR_EAG,CarsonNewman,TeamExclusive,Team,20251016-CarsonNewman-Private-1,1a55e9e0-aaa1-11f0-b6c6-a366fa88dd2f,90.28364,NA,NA,8.15008,NA,NA,NA,NA,NA,NA,ce55f4e9-d602-4b97-9db7-16df456cdcea,2025-10-16,15:02:14,2025-10-16T15:02:14Z,2025-10-16T15:02:14Z,NA,v3,CNE,CNE,NA,"Cochran, Carson",10085797,Right,CAR_EAG,48229119-a8aa-415b-a1e2-16b6517be555,53.80391,-131.45698,14.33445,5.28505,-2.38685,-11.12454,-2.99552,12.35127,-8.11777,NA,NA,NA,NA,NA,NA,NA,NA,NA,NA,NA,NA,NA,NA,NA,NA,NA,NA,NA,NA,NA,NA,NA,NA,NA,NA,NA,NA,NA,NA,NA,NA,NA,NA,NA,NA,NA,NA,NA,NA,NA,NA,NA,NA,NA,NA,NA,NA,NA,NA,High,High,High,NA,NA,NA,NA,NA,234.188598,19.967166,2009.755843,0.939888,01:45:00,-0.378553,-0.768182,-0.516328,63.546866,61.377979,42.792676,-0.986411,154.705763,-0.148545,-4.025397,0.148545,-0.070199,0.986411,81.436094,-80.543605,0.070199,-0.070199,-154.705763,80.543605,0.986411,4.025397,-81.436094,-0.986411,0.070199,0.148545,-0.148545,NA,NA,NA,NA,NA,NA,NA,NA,NA,NA,NA,NA
NA,NA,NA,NA,NA,NA,NA,NA,NA,NA,NA,NA,NA,NA,NA,NA,2,2025-10-16,11:02:29,1,2,"Casson, Kolton",1000370207,Right,CAR_EAG,"Gibson, Aiden",10011511,Right,CAR_EAG,Undefined,1,Top,0,0,1,Slider,Curveball,FoulBallNotFieldable,Undefined,Undefined,Undefined,0,0,NA,77.0472,1.366823,-2.476559,2292.111237,59.036755,08:00:00,5.28128,3.05616,5.82724,-50.57452,-3.3304,-7.9726,2.33885,0.08798,70.87583,-7.90194,-3.905073,0.494704,97.47124,20.290172,-36.938279,2262.625746,84.09992,30.13909,-70.90226,256.24453,146.12325,-48.45429,2.809241,3.41402,-1.74331,-2.84872,50,5.36272,5.12244,-111.86849,1.09325,4.31849,20.52311,-34.37922,CAR_EAG,CAR_EAG,CarsonNewman,TeamExclusive,Team,20251016-CarsonNewman-Private-1,2309b260-aaa1-11f0-b6c6-a366fa88dd2f,76.19192,32.17664,NA,6.17137,NA,NA,NA,2.50405,2.67133,-0.0695,ce55f4e9-d602-4b97-9db7-16df456cdcea,2025-10-16,15:02:29,2025-10-16T15:02:29Z,2025-10-16T15:02:29Z,LineDrive,v3,CNE,CNE,NA,"Cochran, Carson",10085797,Right,CAR_EAG,21990a9b-56ac-4ff9-b255-53634830dd34,54.67739,-112.72333,10.26156,5.28737,2.52522,-17.18961,-3.05833,4.94256,2.15925,NA,2.5042,107.1661,-23.69136,3.87249,-0.81163,0.16852,-0.03815,0.00697,-5.9e-4,2.67159,49.56134,-24.01732,3.07886,-0.4255,0.02494,0.0038,1.3e-4,-1.4e-4,-0.0693,-80.58991,4.84749,-0.56166,0.37083,-0.16031,0.04165,-0.00563,2.9e-4,NA,NA,NA,NA,NA,NA,NA,NA,NA,NA,NA,NA,NA,NA,NA,NA,NA,NA,NA,NA,NA,NA,High,High,High,High,Medium,NA,NA,NA,59.34939,57.229516,1240.662792,0.541275,08:00:00,-0.8168,0.485579,0.311528,107.436981,-12.78596,7.153854,-0.273462,136.470396,-0.697383,-41.489044,0.697383,-0.662477,0.273462,21.411449,-15.870389,0.662477,-0.662477,-136.470396,15.870389,0.273462,41.489044,-21.411449,-0.273462,0.662477,0.697383,-0.697383,NA,NA,NA,NA,NA,NA,NA,NA,NA,NA,NA,NA
NA,NA,NA,NA,NA,NA,NA,NA,NA,NA,NA,NA,NA,NA,NA,NA,3,2025-10-16,11:02:54,1,3,"Casson, Kolton",1000370207,Right,CAR_EAG,"Gibson, Aiden",10011511,Right,CAR_EAG,Undefined,1,Top,0,0,2,Fastball,Four-Seam,StrikeSwinging,Strikeout,Undefined,Undefined,0,0,NA,90.9161,-1.687423,-4.156332,2319.169217,223.471422,01:30:00,5.5401,2.79757,6.52834,-18.37851,14.99001,13.12166,2.45594,0.07121,82.44497,-5.211712,-1.781117,0.415757,NA,NA,NA,NA,NA,NA,NA,NA,NA,NA,NA,-8.06811,8.68906,-2.5131,50,5.41432,9.03862,-131.73592,-4.38555,-14.06852,30.00628,-17.02278,CAR_EAG,CAR_EAG,CarsonNewman,TeamExclusive,Team,20251016-CarsonNewman-Private-1,31d7fae0-aaa1-11f0-b6c6-a366fa88dd2f,90.65972,NA,NA,8.47113,NA,NA,NA,NA,NA,NA,ce55f4e9-d602-4b97-9db7-16df456cdcea,2025-10-16,15:02:54,2025-10-16T15:02:54Z,2025-10-16T15:02:54Z,NA,v3,CNE,CNE,NA,"Cochran, Carson",10085797,Right,CAR_EAG,b4b22b57-19b6-4fac-96ce-0e4c6fe288fb,53.97145,-132.63744,15.00314,5.5384,-3.87412,-8.51139,-2.79101,9.4613,-7.03426,NA,NA,NA,NA,NA,NA,NA,NA,NA,NA,NA,NA,NA,NA,NA,NA,NA,NA,NA,NA,NA,NA,NA,NA,NA,NA,NA,NA,NA,NA,NA,NA,NA,NA,NA,NA,NA,NA,NA,NA,NA,NA,NA,NA,NA,NA,NA,NA,NA,NA,High,High,High,NA,NA,NA,NA,NA,226.883223,6.902138,2302.361867,0.992753,01:30:00,-0.147702,-0.727897,-0.66959,-50.998934,-10.263793,-28.573061,0.095781,174.461435,-0.990755,5.513022,0.990755,-0.096072,-0.095781,5.521885,5.496264,0.096072,0.096072,-174.461435,-5.496264,0.095781,-5.513022,-5.521885,-0.095781,-0.096072,0.990755,-0.990755,NA,NA,NA,NA,NA,NA,NA,NA,NA,NA,NA,NA
NA,NA,NA,NA,NA,NA,NA,NA,NA,NA,NA,NA,NA,NA,NA,NA,4,2025-10-16,11:03:18,2,1,"Casson, Kolton",1000370207,Right,CAR_EAG,"Wyatt, Jack",10013525,Right,CAR_EAG,Undefined,1,Top,1,0,0,ChangeUp,Changeup,InPlay,Undefined,Bunt,Out,1,0,NA,84.11829,-1.25008,-4.884375,1536.210894,260.92079,02:45:00,5.35828,2.99426,6.61671,-35.26691,3.28666,13.03989,1.27009,-0.40347,77.32521,-7.824448,-2.52063,0.446893,38.91669,-69.864228,158.900503,NA,NA,NA,NA,3.79241,3.79241,7.440381,0.030737,-8.30122,2.38457,-2.66691,50,5.25831,9.97462,-121.97694,-3.68833,-12.51057,23.91929,-28.58033,CAR_EAG,CAR_EAG,CarsonNewman,TeamExclusive,Team,20251016-CarsonNewman-Private-1,4060aee0-aaa1-11f0-b6c6-a366fa88dd2f,84.3433,1.66039,NA,6.79308,NA,NA,NA,4.32845,1.66039,0.27194,ce55f4e9-d602-4b97-9db7-16df456cdcea,2025-10-16,15:03:18,2025-10-16T15:03:18Z,2025-10-16T15:03:18Z,GroundBall,v3,CNE,CNE,NA,"Cochran, Carson",10085797,Right,CAR_EAG,6969bb42-ab67-4e86-a8d1-5f3332cdf9ac,53.88795,-122.73699,11.95965,5.36108,-2.78017,-14.29017,-2.99017,10.37215,-6.25529,NA,4.32918,-18.47851,NA,NA,NA,NA,NA,NA,NA,1.66252,-54.01899,NA,NA,NA,NA,NA,NA,NA,0.27166,7.13008,NA,NA,NA,NA,NA,NA,NA,NA,NA,NA,NA,NA,NA,NA,NA,NA,NA,NA,NA,NA,NA,NA,NA,NA,NA,NA,NA,NA,NA,High,High,High,Estimated,Estimated,NA,NA,NA,255.357172,-17.665104,1463.773133,0.952846,02:30:00,0.301809,-0.915059,-0.267542,52.029068,-34.337321,45.889412,0.519868,144.128165,-0.692222,30.03748,0.692222,-0.500566,-0.519868,36.907056,31.323392,0.500566,0.500566,-144.128165,-31.323392,0.519868,-30.03748,-36.907056,-0.519868,-0.500566,0.692222,-0.692222,NA,NA,NA,NA,NA,NA,NA,NA,NA,NA,NA,NA
NA,NA,NA,NA,NA,NA,NA,NA,NA,NA,NA,NA,NA,NA,NA,NA,5,2025-10-16,11:03:55,3,1,"Casson, Kolton",1000370207,Right,CAR_EAG,"Nathan, Cole",1000323259,Right,CAR_EAG,Undefined,1,Top,2,0,0,Fastball,Sinker,BallCalled,Undefined,Undefined,Undefined,0,0,NA,90.85066,-1.65825,-5.261909,2335.431556,228.075742,01:30:00,5.32081,2.97166,6.93285,-21.73804,10.90064,11.01587,1.99288,-0.91413,83.34816,-5.788257,-3.257861,0.411185,NA,NA,NA,NA,NA,NA,NA,NA,NA,NA,NA,-7.24847,6.56615,-2.64524,50,5.20907,11.71355,-131.65973,-4.41365,-12.76652,27.05887,-20.60927,CAR_EAG,CAR_EAG,CarsonNewman,TeamExclusive,Team,20251016-CarsonNewman-Private-1,568ec8a0-aaa1-11f0-b6c6-a366fa88dd2f,91.66774,NA,NA,7.5025,NA,NA,NA,NA,NA,NA,ce55f4e9-d602-4b97-9db7-16df456cdcea,2025-10-16,15:03:55,2025-10-16T15:03:55Z,2025-10-16T15:03:55Z,NA,v3,CNE,CNE,NA,"Cochran, Carson",10085797,Right,CAR_EAG,46fbe067-0db1-4a34-a112-d917a8390717,53.56896,-132.39119,13.52944,5.32085,-3.85654,-10.30463,-2.96655,12.05866,-6.38326,NA,NA,NA,NA,NA,NA,NA,NA,NA,NA,NA,NA,NA,NA,NA,NA,NA,NA,NA,NA,NA,NA,NA,NA,NA,NA,NA,NA,NA,NA,NA,NA,NA,NA,NA,NA,NA,NA,NA,NA,NA,NA,NA,NA,NA,NA,NA,NA,NA,NA,High,High,High,NA,NA,NA,NA,NA,233.431304,16.456697,2239.758528,0.959034,01:45:00,-0.312184,-0.778117,-0.545046,53.671264,60.719278,32.564499,-0.982951,129.408939,-0.116729,-8.167264,0.116729,-0.142063,0.982951,83.227616,-79.404811,0.142063,-0.142063,-129.408939,79.404811,0.982951,8.167264,-83.227616,-0.982951,0.142063,0.116729,-0.116729,NA,NA,NA,NA,NA,NA,NA,NA,NA,NA,NA,NA
NA,NA,NA,NA,NA,NA,NA,NA,NA,NA,NA,NA,NA,NA,NA,NA,6,2025-10-16,11:04:09,3,2,"Casson, Kolton",1000370207,Right,CAR_EAG,"Nathan, Cole",1000323259,Right,CAR_EAG,Undefined,1,Top,2,1,0,Fastball,Sinker,StrikeCalled,Undefined,Undefined,Undefined,0,0,NA,89.49509,-1.792344,-5.118167,2265.415118,240.582267,02:00:00,5.3399,3.02009,6.8079,-24.8506,9.11752,14.19934,1.62633,-0.47967,81.72475,-6.494139,-2.538268,0.419476,NA,NA,NA,NA,NA,NA,NA,NA,NA,NA,NA,-8.91374,5.69296,-2.69266,50,5.21439,11.06751,-129.63255,-4.77441,-15.13505,27.64863,-22.50771,CAR_EAG,CAR_EAG,CarsonNewman,TeamExclusive,Team,20251016-CarsonNewman-Private-1,5ee5a410-aaa1-11f0-b6c6-a366fa88dd2f,89.85598,NA,NA,7.77035,NA,NA,NA,NA,NA,NA,ce55f4e9-d602-4b97-9db7-16df456cdcea,2025-10-16,15:04:09,2025-10-16T15:04:09Z,2025-10-16T15:04:09Z,NA,v3,CNE,CNE,NA,"Cochran, Carson",10085797,Right,CAR_EAG,381f88f5-ec32-4898-8ee5-46d31d24241e,53.69315,-130.41787,13.82431,5.34092,-4.13511,-11.25386,-3.01312,11.4974,-7.56752,NA,NA,NA,NA,NA,NA,NA,NA,NA,NA,NA,NA,NA,NA,NA,NA,NA,NA,NA,NA,NA,NA,NA,NA,NA,NA,NA,NA,NA,NA,NA,NA,NA,NA,NA,NA,NA,NA,NA,NA,NA,NA,NA,NA,NA,NA,NA,NA,NA,NA,High,High,High,NA,NA,NA,NA,NA,231.296471,22.6087,2091.322171,0.923152,01:45:00,-0.411768,-0.732092,-0.542668,56.853487,61.756097,28.62762,-0.983778,128.15075,-0.110814,-8.109726,0.110814,-0.141069,0.983778,83.573201,-79.665835,0.141069,-0.141069,-128.15075,79.665835,0.983778,8.109726,-83.573201,-0.983778,0.141069,0.110814,-0.110814,NA,NA,NA,NA,NA,NA,NA,NA,NA,NA,NA,NA
NA,NA,NA,NA,NA,NA,NA,NA,NA,NA,NA,NA,NA,NA,NA,NA,7,2025-10-16,11:04:25,3,3,"Casson, Kolton",1000370207,Right,CAR_EAG,"Nathan, Cole",1000323259,Right,CAR_EAG,Undefined,1,Top,2,1,1,ChangeUp,Changeup,StrikeSwinging,Undefined,Undefined,Undefined,0,0,NA,83.23652,-1.529995,-4.490634,1513.247288,267.417824,03:00:00,5.47392,2.86521,6.55455,-37.75616,1.85654,12.66887,0.91996,-0.20528,76.32005,-8.553326,-2.193404,0.45299,NA,NA,NA,NA,NA,NA,NA,NA,NA,NA,NA,-7.90914,1.84732,-2.55927,50,5.35245,9.01401,-120.65914,-4.35555,-11.61909,24.24126,-29.46017,CAR_EAG,CAR_EAG,CarsonNewman,TeamExclusive,Team,20251016-CarsonNewman-Private-1,68088210-aaa1-11f0-b6c6-a366fa88dd2f,83.20811,NA,NA,6.91647,NA,NA,NA,NA,NA,NA,ce55f4e9-d602-4b97-9db7-16df456cdcea,2025-10-16,15:04:25,2025-10-16T15:04:25Z,2025-10-16T15:04:25Z,NA,v3,CNE,CNE,NA,"Cochran, Carson",10085797,Right,CAR_EAG,e89af16d-9760-4b0b-b66b-156174188c3d,53.94747,-121.44962,12.12063,5.47882,-3.39488,-14.73009,-2.85939,9.3929,-5.80955,NA,NA,NA,NA,NA,NA,NA,NA,NA,NA,NA,NA,NA,NA,NA,NA,NA,NA,NA,NA,NA,NA,NA,NA,NA,NA,NA,NA,NA,NA,NA,NA,NA,NA,NA,NA,NA,NA,NA,NA,NA,NA,NA,NA,NA,NA,NA,NA,NA,NA,High,High,High,NA,NA,NA,NA,NA,252.064772,-15.224358,1460.139789,0.964905,02:30:00,0.262871,-0.910677,-0.318695,56.189266,-29.530723,58.060135,0.708565,149.044192,-0.605136,21.282565,0.605136,-0.362968,-0.708565,49.501648,45.118279,0.362968,0.362968,-149.044192,-45.118279,0.708565,-21.282565,-49.501648,-0.708565,-0.362968,0.605136,-0.605136,NA,NA,NA,NA,NA,NA,NA,NA,NA,NA,NA,NA
NA,NA,NA,NA,NA,NA,NA,NA,NA,NA,NA,NA,NA,NA,NA,NA,8,2025-10-16,11:04:44,3,4,"Casson, Kolton",1000370207,Right,CAR_EAG,"Nathan, Cole",1000323259,Right,CAR_EAG,Undefined,1,Top,2,1,2,Fastball,Four-Seam,StrikeSwinging,Strikeout,Undefined,Undefined,0,0,NA,91.40789,-1.476693,-4.913038,2437.559034,216.095884,01:15:00,5.6224,2.73679,6.7866,-17.54662,15.36308,10.33942,2.80681,-0.89782,82.45632,-4.872691,-3.036502,0.412889,NA,NA,NA,NA,NA,NA,NA,NA,NA,NA,NA,-6.96981,8.92052,-2.41975,50,5.51904,10.96042,-132.3052,-3.85532,-12.19169,31.69294,-16.57013,CAR_EAG,CAR_EAG,CarsonNewman,TeamExclusive,Team,20251016-CarsonNewman-Private-1,73d04150-aaa1-11f0-b6c6-a366fa88dd2f,91.28954,NA,NA,8.95158,NA,NA,NA,NA,NA,NA,ce55f4e9-d602-4b97-9db7-16df456cdcea,2025-10-16,15:04:44,2025-10-16T15:04:44Z,2025-10-16T15:04:44Z,NA,v3,CNE,CNE,NA,"Cochran, Carson",10085797,Right,CAR_EAG,0127c994-58ef-4ad5-a02e-5ffde6f4c5c9,53.712,-133.19142,15.84647,5.62037,-3.39197,-8.28507,-2.731,11.30133,-6.09584,NA,NA,NA,NA,NA,NA,NA,NA,NA,NA,NA,NA,NA,NA,NA,NA,NA,NA,NA,NA,NA,NA,NA,NA,NA,NA,NA,NA,NA,NA,NA,NA,NA,NA,NA,NA,NA,NA,NA,NA,NA,NA,NA,NA,NA,NA,NA,NA,NA,NA,High,High,High,NA,NA,NA,NA,NA,225.618969,9.896307,2401.289142,0.98512,01:30:00,-0.21211,-0.708265,-0.673328,-28.349341,33.799719,30.473982,0.033554,175.638885,-0.996543,4.358655,0.996543,-0.076,-0.033554,1.92842,1.922841,0.076,0.076,-175.638885,-1.922841,0.033554,-4.358655,-1.92842,-0.033554,-0.076,0.996543,-0.996543,NA,NA,NA,NA,NA,NA,NA,NA,NA,NA,NA,NA
NA,NA,NA,NA,NA,NA,NA,NA,NA,NA,NA,NA,NA,NA,NA,NA,9,2025-10-16,11:07:02,1,1,"Higgins, Ryan",1000329317,Right,CAR_EAG,"Smith, Braxton",1000370200,Right,CAR_EAG,Undefined,1,Bottom,0,0,0,Fastball,Sinker,BallCalled,Undefined,Undefined,Undefined,0,0,NA,87.23639,-1.450208,-5.734045,2000.801238,239.851955,02:00:00,5.78198,2.68158,5.463,-27.34541,10.18371,15.48587,2.13865,-1.4131,79.93442,-6.48556,-2.995708,0.440916,NA,NA,NA,NA,NA,NA,NA,NA,NA,NA,NA,-9.30406,5.88028,-2.18568,50,5.63495,11.98064,-126.06269,-4.17076,-15.03284,24.65425,-22.67306,CAR_EAG,CAR_EAG,CarsonNewman,TeamExclusive,Team,20251016-CarsonNewman-Private-1,c55d0670-aaa1-11f0-b6c6-a366fa88dd2f,85.48673,NA,NA,7.30197,NA,NA,NA,NA,NA,NA,ce55f4e9-d602-4b97-9db7-16df456cdcea,2025-10-16,15:07:02,2025-10-16T15:07:02Z,2025-10-16T15:07:02Z,NA,v3,CNE,CNE,NA,"Rogers, Jacob",1000215913,Right,CAR_EAG,d17c8d94-024d-47b0-bac8-950a4a3ac300,55.03894,-127.04434,12.32713,5.78304,-3.268,-11.33653,-2.67462,12.57919,-7.51642,NA,NA,NA,NA,NA,NA,NA,NA,NA,NA,NA,NA,NA,NA,NA,NA,NA,NA,NA,NA,NA,NA,NA,NA,NA,NA,NA,NA,NA,NA,NA,NA,NA,NA,NA,NA,NA,NA,NA,NA,NA,NA,NA,NA,NA,NA,NA,NA,NA,NA,High,High,High,NA,NA,NA,NA,NA,247.066042,2.510163,1998.881406,0.99904,02:15:00,-0.05929,-0.920885,-0.3853,56.193989,18.217244,-78.939413,-0.968141,125.827591,-0.146574,-11.713842,0.146574,-0.203024,0.968141,81.390945,-75.498522,0.203024,-0.203024,-125.827591,75.498522,0.968141,11.713842,-81.390945,-0.968141,0.203024,0.146574,-0.146574,NA,NA,NA,NA,NA,NA,NA,NA,NA,NA,NA,NA
NA,NA,NA,NA,NA,NA,NA,NA,NA,NA,NA,NA,NA,NA,NA,NA,10,2025-10-16,11:07:15,1,2,"Higgins, Ryan",1000329317,Right,CAR_EAG,"Smith, Braxton",1000370200,Right,CAR_EAG,Undefined,1,Bottom,0,1,0,Fastball,Changeup,InPlay,Undefined,GroundBall,Error,0,0,NA,87.63648,-1.500844,-4.456973,1854.266111,235.110777,01:45:00,5.65494,2.84517,5.67152,-25.22395,11.64237,14.98485,2.14902,-0.07009,80.10367,-6.187013,-1.788308,0.437005,89.87982,-8.070256,-10.838239,NA,NA,NA,NA,16.97599,16.66295,-10.595526,0.122036,-8.8676,6.68355,-2.47782,50,5.51196,9.25714,-126.89697,-4.18231,-14.46108,25.93801,-21.27463,CAR_EAG,CAR_EAG,CarsonNewman,TeamExclusive,Team,20251016-CarsonNewman-Private-1,cd6ffb10-aaa1-11f0-b6c6-a366fa88dd2f,86.25174,2.25653,NA,7.53281,NA,NA,NA,1.33226,2.25653,-0.09398,ce55f4e9-d602-4b97-9db7-16df456cdcea,2025-10-16,15:07:15,2025-10-16T15:07:15Z,2025-10-16T15:07:15Z,GroundBall,v3,CNE,CNE,NA,"Rogers, Jacob",1000215913,Right,CAR_EAG,2decc9b8-2542-4d9d-8a62-a9b624d3f0ea,54.83088,-127.88059,12.969,5.65526,-3.37553,-10.63731,-2.83928,9.80554,-7.23054,155.906371,1.33257,128.15636,-19.20415,NA,NA,NA,NA,NA,NA,2.2563,-18.48191,-0.04176,NA,NA,NA,NA,NA,NA,-0.0939,-24.55106,-2.11666,NA,NA,NA,NA,NA,NA,NA,NA,NA,NA,NA,NA,NA,NA,NA,NA,NA,NA,NA,NA,NA,NA,NA,NA,NA,NA,NA,NA,High,High,High,Medium,High,NA,NA,NA,248.649129,5.845532,1844.624087,0.9948,02:15:00,-0.105456,-0.928875,-0.355064,75.354286,14.163663,-78.205248,-0.947549,141.90608,-0.251533,-11.372319,0.251533,-0.197184,0.947549,75.133363,-71.360701,0.197184,-0.197184,-141.90608,71.360701,0.947549,11.372319,-75.133363,-0.947549,0.197184,0.251533,-0.251533,NA,NA,NA,NA,NA,NA,NA,NA,NA,NA,NA,NA
NA,NA,NA,NA,NA,NA,NA,NA,NA,NA,NA,NA,NA,NA,NA,NA,11,2025-10-16,11:08:02,2,1,"Higgins, Ryan",1000329317,Right,CAR_EAG,"Bolton, Ryan",1000215919,Right,CAR_EAG,Undefined,1,Bottom,0,0,0,Fastball,Changeup,StrikeCalled,Undefined,Undefined,Undefined,0,0,NA,86.80991,-1.630744,-5.343264,1918.031258,237.8144,02:00:00,5.98033,2.68634,5.31897,-25.91155,12.13698,17.36556,2.28344,-0.89595,79.54925,-6.40514,-2.277017,0.443956,NA,NA,NA,NA,NA,NA,NA,NA,NA,NA,NA,-10.07914,6.87859,-2.21378,50,5.81337,10.9662,-125.49739,-4.50274,-16.14799,24.30735,-21.15372,CAR_EAG,CAR_EAG,CarsonNewman,TeamExclusive,Team,20251016-CarsonNewman-Private-1,e933fb80-aaa1-11f0-b6c6-a366fa88dd2f,84.90123,NA,NA,7.26066,NA,NA,NA,NA,NA,NA,ce55f4e9-d602-4b97-9db7-16df456cdcea,2025-10-16,15:08:02,2025-10-16T15:08:02Z,2025-10-16T15:08:02Z,NA,v3,CNE,CNE,NA,"Rogers, Jacob",1000215913,Right,CAR_EAG,d33f3c44-d92b-496e-975c-37d9cbc85ccd,55.18292,-126.49727,12.15367,5.98069,-3.63257,-10.57686,-2.67853,11.63045,-8.074,NA,NA,NA,NA,NA,NA,NA,NA,NA,NA,NA,NA,NA,NA,NA,NA,NA,NA,NA,NA,NA,NA,NA,NA,NA,NA,NA,NA,74.31388,1.715107,0.830976,0.884131,-1.22879,1.98006,0.99765,-3.12829,5.91408,3.44969,62.2908,6.43428,62.50791,-3.08835,81.40164,-8.50091,5.92257,11.58996,-12.47077,3.46622,70.53595,-4.27812,High,High,High,NA,NA,High,High,High,245.149093,0.982554,1917.749237,0.999853,02:15:00,-0.030489,-0.907392,-0.419179,59.021043,16.540994,-75.074537,-0.952264,118.676962,-0.146492,-15.535139,0.146492,-0.267829,0.952264,81.254419,-72.225319,0.267829,-0.267829,-118.676962,72.225319,0.952264,15.535139,-81.254419,-0.952264,0.267829,0.146492,-0.146492,NA,NA,NA,NA,NA,NA,NA,NA,NA,NA,NA,NA
NA,NA,NA,NA,NA,NA,NA,NA,NA,NA,NA,NA,NA,NA,NA,NA,12,2025-10-16,11:08:27,2,2,"Higgins, Ryan",1000329317,Right,CAR_EAG,"Bolton, Ryan",1000215919,Right,CAR_EAG,Undefined,1,Bottom,0,0,1,ChangeUp,Changeup,StrikeCalled,Undefined,Undefined,Undefined,0,0,NA,80.91423,0.161149,-3.808651,1584.051418,271.597744,03:00:00,5.32546,2.77894,5.46358,-42.36179,0.83713,15.89855,1.94649,0.53363,74.67287,-7.558157,-0.982114,0.473051,NA,NA,NA,NA,NA,NA,NA,NA,NA,NA,NA,-9.00705,0.76524,-2.4543,50,5.31044,7.1777,-117.37593,-1.13489,-12.65267,20.77376,-31.0991,CAR_EAG,CAR_EAG,CarsonNewman,TeamExclusive,Team,20251016-CarsonNewman-Private-1,f8774cf0-aaa1-11f0-b6c6-a366fa88dd2f,79.67947,NA,NA,6.24136,NA,NA,NA,NA,NA,NA,ce55f4e9-d602-4b97-9db7-16df456cdcea,2025-10-16,15:08:27,2025-10-16T15:08:27Z,2025-10-16T15:08:27Z,NA,v3,CNE,CNE,NA,"Rogers, Jacob",1000215913,Right,CAR_EAG,f1fe9af0-a434-4782-9f1a-5b97e9a0024b,55.04072,-118.26469,10.38688,5.33053,0.19562,-15.54955,-2.77297,7.71902,-6.32634,NA,NA,NA,NA,NA,NA,NA,NA,NA,NA,NA,NA,NA,NA,NA,NA,NA,NA,NA,NA,NA,NA,NA,NA,NA,NA,NA,NA,74.74038,2.170898,0.843213,1.327686,-0.54611,1.6807,-0.50176,0.09467,6.2382,1.18842,127.29698,4.95385,4.98133,0.22286,106.98258,-8.59107,6.27445,16.06114,-12.87908,1.16799,1.57972,0.98933,High,High,High,NA,NA,High,High,High,277.983346,-11.923517,1549.874344,0.978424,03:15:00,0.212456,-0.969519,0.122046,-60.295515,-27.197825,85.280948,0.788015,91.461429,-0.015702,37.98502,0.015702,-0.615455,-0.788015,88.858498,52.00042,0.615455,0.615455,-91.461429,-52.00042,0.788015,-37.98502,-88.858498,-0.788015,-0.615455,0.015702,-0.015702,NA,NA,NA,NA,NA,NA,NA,NA,NA,NA,NA,NA
NA,NA,NA,NA,NA,NA,NA,NA,NA,NA,NA,NA,NA,NA,NA,NA,13,2025-10-16,11:08:56,2,3,"Higgins, Ryan",1000329317,Right,CAR_EAG,"Bolton, Ryan",1000215919,Right,CAR_EAG,Undefined,1,Bottom,0,0,2,Slider,Slider,StrikeSwinging,Strikeout,Undefined,Undefined,0,0,NA,81.9717,0.343597,-4.891963,2395.926855,109.678061,09:45:00,5.76235,2.83771,5.38604,-41.24837,2.28221,-1.82913,2.64824,-1.91144,73.76728,-7.214706,-5.215122,0.474863,NA,NA,NA,NA,NA,NA,NA,NA,NA,NA,NA,-0.75134,1.53114,-2.39787,50,5.76459,10.2033,-118.30865,-0.73481,-1.0426,26.98197,-30.04938,CAR_EAG,CAR_EAG,CarsonNewman,TeamExclusive,Team,20251016-CarsonNewman-Private-1,09fee910-aaa2-11f0-b6c6-a366fa88dd2f,79.37532,NA,NA,8.20442,NA,NA,NA,NA,NA,NA,ce55f4e9-d602-4b97-9db7-16df456cdcea,2025-10-16,15:08:56,2025-10-16T15:08:56Z,2025-10-16T15:08:56Z,NA,v3,CNE,CNE,NA,"Rogers, Jacob",1000215913,Right,CAR_EAG,5246fbd3-8b40-4305-8d96-9c0b2da572dd,55.112,-119.46882,13.49098,5.76841,0.55726,-15.02469,-2.83755,10.24813,-0.5213,NA,NA,NA,NA,NA,NA,NA,NA,NA,NA,NA,NA,NA,NA,NA,NA,NA,NA,NA,NA,NA,NA,NA,NA,NA,NA,NA,NA,NA,NA,NA,NA,NA,NA,NA,NA,NA,NA,NA,NA,NA,NA,NA,NA,NA,NA,NA,NA,NA,NA,High,High,High,NA,NA,NA,NA,NA,262.679703,82.195682,325.343488,0.13579,02:45:00,-0.989391,-0.12874,0.067316,88.991286,-20.416434,17.120884,-0.409053,100.163128,-0.161014,-63.921531,0.161014,-0.898193,0.409053,68.514121,-24.145348,0.898193,-0.898193,-100.163128,24.145348,0.409053,63.921531,-68.514121,-0.409053,0.898193,0.161014,-0.161014,NA,NA,NA,NA,NA,NA,NA,NA,NA,NA,NA,NA
NA,NA,NA,NA,NA,NA,NA,NA,NA,NA,NA,NA,NA,NA,NA,NA,14,2025-10-16,11:09:22,3,1,"Higgins, Ryan",1000329317,Right,CAR_EAG,"Pierce, Johno",10069844,Right,CAR_EAG,Undefined,1,Bottom,1,0,0,Slider,Slider,BallCalled,Undefined,Undefined,Undefined,0,0,NA,81.67103,0.873765,-5.604499,2331.598991,113.782807,09:45:00,5.78444,2.79569,5.46632,-39.99278,2.07162,-2.36563,3.27351,-2.66384,76.41532,-6.365065,-6.021857,0.466798,NA,NA,NA,NA,NA,NA,NA,NA,NA,NA,NA,-0.02071,1.18685,-2.29912,50,5.83401,11.7021,-118.29507,0.4249,-0.02996,17.95075,-30.4556,CAR_EAG,CAR_EAG,CarsonNewman,TeamExclusive,Team,20251016-CarsonNewman-Private-1,18eb40e0-aaa2-11f0-b6c6-a366fa88dd2f,80.74685,NA,NA,5.2557,NA,NA,NA,NA,NA,NA,ce55f4e9-d602-4b97-9db7-16df456cdcea,2025-10-16,15:09:22,2025-10-16T15:09:22Z,2025-10-16T15:09:22Z,NA,v3,CNE,CNE,NA,"Rogers, Jacob",1000215913,Right,CAR_EAG,b6344a15-31f5-41f4-b92b-e4f119430db6,55.03812,-119.05713,8.97538,5.78852,1.71782,-15.2278,-2.79593,11.70337,-0.01498,NA,NA,NA,NA,NA,NA,NA,NA,NA,NA,NA,NA,NA,NA,NA,NA,NA,NA,NA,NA,NA,NA,NA,NA,NA,NA,NA,NA,NA,NA,NA,NA,NA,NA,NA,NA,NA,NA,NA,NA,NA,NA,NA,NA,NA,NA,NA,NA,NA,NA,High,High,High,NA,NA,NA,NA,NA,273.042577,83.01448,283.565559,0.121618,03:00:00,-0.98893,-0.106297,0.10353,78.193901,-13.548104,19.128257,-0.366465,99.384285,-0.151712,-66.632526,0.151712,-0.91798,0.366465,67.511037,-21.497747,0.91798,-0.91798,-99.384285,21.497747,0.366465,66.632526,-67.511037,-0.366465,0.91798,0.151712,-0.151712,NA,NA,NA,NA,NA,NA,NA,NA,NA,NA,NA,NA
NA,NA,NA,NA,NA,NA,NA,NA,NA,NA,NA,NA,NA,NA,NA,NA,15,2025-10-16,11:09:43,3,2,"Higgins, Ryan",1000329317,Right,CAR_EAG,"Pierce, Johno",10069844,Right,CAR_EAG,Undefined,1,Bottom,1,1,0,Fastball,Changeup,FoulBallNotFieldable,Undefined,Undefined,Undefined,0,0,NA,86.70296,-0.27689,-4.506619,1996.017279,245.557709,02:15:00,5.92226,2.6836,5.38321,-28.87403,9.05095,17.31399,3.25573,-0.10687,79.42117,-5.590518,-1.440095,0.443235,79.66104,53.833728,41.452116,5809.463142,68.92944,112.88719,85.72468,216.99861,78.33921,56.075871,5.414697,-9.94276,4.96394,-2.29243,50,5.87705,9.15253,-125.58633,-1.63918,-15.94047,24.51653,-24.21577,CAR_EAG,CAR_EAG,CarsonNewman,TeamExclusive,Team,20251016-CarsonNewman-Private-1,25e69e20-aaa2-11f0-b6c6-a366fa88dd2f,85.03938,114.41035,NA,7.28179,NA,NA,NA,1.64126,2.80613,-0.06396,ce55f4e9-d602-4b97-9db7-16df456cdcea,2025-10-16,15:09:43,2025-10-16T15:09:43Z,2025-10-16T15:09:43Z,Popup,v3,CNE,CNE,NA,"Rogers, Jacob",1000215913,Right,CAR_EAG,505206e8-0559-4958-8d67-a41a8d65efe3,55.12024,-126.58194,12.25826,5.92365,-0.65579,-12.10789,-2.67726,9.79987,-7.97023,204.226365,1.64638,51.55076,-16.37162,3.78943,0.0375,-0.35379,0.11029,-0.01442,7.1e-4,2.79736,94.47233,-24.30684,2.86967,-0.73217,0.14174,-0.00952,-0.00111,1.4e-4,-0.06635,45.68463,-4.66714,0.87717,-0.21643,0.0662,-0.0147,0.00179,-9e-5,NA,NA,NA,NA,NA,NA,NA,NA,NA,NA,NA,NA,NA,NA,NA,NA,NA,NA,NA,NA,NA,NA,High,High,High,Medium,Low,NA,NA,NA,246.90758400000001,8.334912,1974.934633,0.989438,02:15:00,-0.170617,-0.910847,-0.375828,-77.155722,-7.371226,87.959751,-0.956956,105.547641,-0.077794,-16.237042,0.077794,-0.279612,0.956956,85.352484,-73.128149,0.279612,-0.279612,-105.547641,73.128149,0.956956,16.237042,-85.352484,-0.956956,0.279612,0.077794,-0.077794,NA,NA,NA,NA,NA,NA,NA,NA,NA,NA,NA,NA
NA,NA,NA,NA,NA,NA,NA,NA,NA,NA,NA,NA,NA,NA,NA,NA,16,2025-10-16,11:10:15,3,3,"Higgins, Ryan",1000329317,Right,CAR_EAG,"Pierce, Johno",10069844,Right,CAR_EAG,Undefined,1,Bottom,1,1,1,Fastball,Sinker,FoulBallNotFieldable,Undefined,Undefined,Undefined,0,0,NA,87.93761,-2.035003,-4.193107,2112.378518,245.253443,02:15:00,5.80264,2.68295,5.33504,-27.81561,9.54749,17.89064,1.5694,0.2326,79.88223,-7.162058,-1.022679,0.439939,78.73041,28.109524,50.520277,5590.31831,61.31173,46.97126,91.3277,282.88301,110.03955,67.654043,4.134929,-10.24449,5.77366,-2.31705,50,5.59854,8.52703,-127.17811,-5.53597,-16.64963,27.95473,-22.79054,CAR_EAG,CAR_EAG,CarsonNewman,TeamExclusive,Team,20251016-CarsonNewman-Private-1,38c3b820-aaa2-11f0-b6c6-a366fa88dd2f,85.67643,53.02975,NA,8.05537,NA,NA,NA,1.44043,2.04149,-0.24715,ce55f4e9-d602-4b97-9db7-16df456cdcea,2025-10-16,15:10:15,2025-10-16T15:10:15Z,2025-10-16T15:10:15Z,LineDrive,v3,CNE,CNE,NA,"Rogers, Jacob",1000215913,Right,CAR_EAG,2a9c4bbc-3471-43e6-8aba-044aaf886956,55.16667,-128.30876,13.97737,5.8038,-4.61419,-11.39527,-2.67555,9.20044,-8.32482,NA,1.44084,64.74977,-17.40825,3.71153,-0.82057,0.18646,-0.04303,0.00698,-4.8e-4,2.0417,54.39583,-15.76012,0.64285,0.13211,-0.13785,0.05347,-0.00949,6.3e-4,-0.24698,78.61141,-5.53961,0.6099,-0.07478,0.03281,-0.01518,0.00332,-2.6e-4,NA,NA,NA,NA,NA,NA,NA,NA,NA,NA,NA,NA,NA,NA,NA,NA,NA,NA,NA,NA,NA,NA,High,High,High,High,Low,NA,NA,NA,247.813697,10.438757,2077.416826,0.983449,02:15:00,-0.175489,-0.916495,-0.3595,61.321894,8.260702,-86.153605,-0.944948,107.654215,-0.099237,-18.168293,0.099237,-0.311809,0.944948,84.00489,-70.89988,0.311809,-0.311809,-107.654215,70.89988,0.944948,18.168293,-84.00489,-0.944948,0.311809,0.099237,-0.099237,NA,NA,NA,NA,NA,NA,NA,NA,NA,NA,NA,NA
NA,NA,NA,NA,NA,NA,NA,NA,NA,NA,NA,NA,NA,NA,NA,NA,17,2025-10-16,11:10:38,3,4,"Higgins, Ryan",1000329317,Right,CAR_EAG,"Pierce, Johno",10069844,Right,CAR_EAG,Undefined,1,Bottom,1,1,2,Slider,Slider,InPlay,Undefined,LineDrive,Single,0,0,NA,82.44625,-0.233648,-4.174118,2345.764337,198.134247,12:30:00,5.7927,2.92792,5.37053,-38.96349,2.36811,0.43071,2.32609,-0.95693,77.06271,-7.285693,-4.097854,0.462714,65.28788,23.313543,-1.332253,2335.43908,109.95078,26.5192,3.28894,194.35151,194.35151,3.686283,2.75687,-1.1578,1.50992,-2.55318,50,5.74342,8.71614,-119.66269,-1.8612,-1.71054,18.99553,-29.94331,CAR_EAG,CAR_EAG,CarsonNewman,TeamExclusive,Team,20251016-CarsonNewman-Private-1,468a2d90-aaa2-11f0-b6c6-a366fa88dd2f,81.45949,26.62101,NA,5.38354,NA,NA,NA,2.49222,2.52999,0.89516,ce55f4e9-d602-4b97-9db7-16df456cdcea,2025-10-16,15:10:38,2025-10-16T15:10:38Z,2025-10-16T15:10:38Z,LineDrive,v3,CNE,CNE,NA,"Rogers, Jacob",1000215913,Right,CAR_EAG,8b3eb194-17d9-4f84-9503-fea5f9b8cbee,55.135,-120.47507,9.49777,5.79563,-0.58061,-14.97165,-2.92751,8.78929,-0.85527,215.059507,2.49199,87.92413,-9.99191,2.04151,-0.72091,0.37945,-0.1552,0.03445,-0.00303,2.53012,37.89035,-15.86345,0.82022,0.03653,-0.13777,0.06991,-0.01543,0.00126,0.89524,-2.04821,3.3813,-0.69182,0.24596,-0.13,0.05325,-0.01182,0.00104,NA,NA,NA,NA,NA,NA,NA,NA,NA,NA,NA,NA,NA,NA,NA,NA,NA,NA,NA,NA,NA,NA,High,High,High,High,High,NA,NA,NA,272.685672,80.913482,370.456539,0.157926,03:00:00,-0.983643,-0.161778,0.079207,95.764418,-19.85076,14.903237,-0.399637,98.640166,-0.13771,-64.994932,0.13771,-0.90627,0.399637,70.986626,-23.555493,0.90627,-0.90627,-98.640166,23.555493,0.399637,64.994932,-70.986626,-0.399637,0.90627,0.13771,-0.13771,NA,NA,NA,NA,NA,NA,NA,NA,NA,NA,NA,NA
NA,NA,NA,NA,NA,NA,NA,NA,NA,NA,NA,NA,NA,NA,NA,NA,18,2025-10-16,11:11:25,4,1,"Higgins, Ryan",1000329317,Right,CAR_EAG,"Floyd, Logan",1000148156,Right,CAR_EAG,Undefined,1,Bottom,1,0,0,Fastball,Sinker,FoulBallNotFieldable,Undefined,Undefined,Undefined,0,0,NA,88.49465,0.428601,-4.34521,2196.079721,250.07518,02:15:00,5.77735,2.80473,5.44674,-28.90478,7.67036,17.79788,3.77108,0.21164,80.38503,-4.911082,-1.188716,0.435275,81.85802,42.444195,43.193299,4715.286888,70.03126,80.36436,84.82683,271.38022,95.87302,59.082782,4.820037,-10.2519,4.08103,-2.43293,50,5.7955,8.95076,-128.11714,-0.08478,-16.96865,27.49719,-25.41922,CAR_EAG,CAR_EAG,CarsonNewman,TeamExclusive,Team,20251016-CarsonNewman-Private-1,62a6d550-aaa2-11f0-b6c6-a366fa88dd2f,86.59444,88.27313,NA,8.10963,NA,NA,NA,0.89558,3.56876,-0.15114,ce55f4e9-d602-4b97-9db7-16df456cdcea,2025-10-16,15:11:25,2025-10-16T15:11:25Z,2025-10-16T15:11:25Z,FlyBall,v3,CNE,CNE,NA,"Rogers, Jacob",1000215913,Right,CAR_EAG,8c96c5c3-df1a-44a0-b89b-bae2e8aa6861,55.05587,-129.1977,13.7486,5.7792,0.91412,-12.70961,-2.79777,9.61758,-8.48433,219.893276,0.89988,64.51293,-17.78168,4.43231,-0.92339,0.24139,-0.07602,0.01417,-9.9e-4,3.57531,80.87623,-21.96705,0.84362,0.76659,-0.4983,0.14168,-0.01928,0.00101,-0.14391,60.48305,-2.80857,-1.16453,1.13421,-0.50803,0.12511,-0.01575,7.9e-4,NA,NA,NA,NA,NA,NA,NA,NA,NA,NA,NA,NA,NA,NA,NA,NA,NA,NA,NA,NA,NA,NA,High,High,High,High,Low,NA,NA,NA,243.208475,15.947396,2111.562176,0.961514,02:00:00,-0.313196,-0.856219,-0.41085,-70.849029,-11.03441,86.123853,-0.937976,118.071413,-0.163147,-17.813172,0.163147,-0.305914,0.937976,80.132975,-69.714439,0.305914,-0.305914,-118.071413,69.714439,0.937976,17.813172,-80.132975,-0.937976,0.305914,0.163147,-0.163147,NA,NA,NA,NA,NA,NA,NA,NA,NA,NA,NA,NA
NA,NA,NA,NA,NA,NA,NA,NA,NA,NA,NA,NA,NA,NA,NA,NA,19,2025-10-16,11:12:29,4,2,"Higgins, Ryan",1000329317,Right,CAR_EAG,"Floyd, Logan",1000148156,Right,CAR_EAG,Undefined,1,Bottom,1,0,1,ChangeUp,Changeup,StrikeSwinging,Undefined,Undefined,Undefined,0,1,NA,81.96447,-0.725219,-4.072158,1753.8276,273.292994,03:00:00,5.52923,2.82678,5.6245,-42.03924,0.62319,15.45977,1.34744,0.30855,74.41085,-8.437794,-1.314852,0.470104,NA,NA,NA,NA,NA,NA,NA,NA,NA,NA,NA,-9.20386,0.91461,-2.4895,50,5.44002,7.83779,-118.65896,-2.92699,-12.94629,25.54751,-30.88757,CAR_EAG,CAR_EAG,CarsonNewman,TeamExclusive,Team,20251016-CarsonNewman-Private-1,88835e60-aaa2-11f0-b6c6-a366fa88dd2f,80.17887,NA,NA,7.55362,NA,NA,NA,NA,NA,NA,ce55f4e9-d602-4b97-9db7-16df456cdcea,2025-10-16,15:12:29,2025-10-16T15:12:29Z,2025-10-16T15:12:29Z,NA,v3,CNE,CNE,NA,"Rogers, Jacob",1000215913,Right,CAR_EAG,c7aaf08d-b9d6-486c-b706-dae25d115c5f,54.8786,-119.70472,12.77375,5.53396,-1.66264,-15.44379,-2.82118,8.36773,-6.47315,NA,NA,NA,NA,NA,NA,NA,NA,NA,NA,NA,NA,NA,NA,NA,NA,NA,NA,NA,NA,NA,NA,NA,NA,NA,NA,NA,NA,NA,NA,NA,NA,NA,NA,NA,NA,NA,NA,NA,NA,NA,NA,NA,NA,NA,NA,NA,NA,NA,NA,High,High,High,NA,NA,NA,NA,NA,269.132493,-10.517773,1724.360367,0.983198,03:00:00,0.19342,-0.980696,-0.028694,77.238416,33.227333,-84.162317,0.848274,92.71317,-0.025067,31.935472,0.025067,-0.528964,-0.848274,88.307358,58.024442,0.528964,0.528964,-92.71317,-58.024442,0.848274,-31.935472,-88.307358,-0.848274,-0.528964,0.025067,-0.025067,NA,NA,NA,NA,NA,NA,NA,NA,NA,NA,NA,NA
NA,NA,NA,NA,NA,NA,NA,NA,NA,NA,NA,NA,NA,NA,NA,NA,20,2025-10-16,11:12:56,4,3,"Higgins, Ryan",1000329317,Right,CAR_EAG,"Floyd, Logan",1000148156,Right,CAR_EAG,Undefined,1,Bottom,1,0,2,Fastball,Sinker,BallCalled,Undefined,Undefined,Undefined,0,0,NA,89.14997,-1.391037,-5.372418,2270.891626,227.933679,01:30:00,5.90093,2.52108,5.63693,-23.84517,12.3532,12.23879,2.61003,-1.48614,80.46993,-5.848514,-3.20037,0.433028,NA,NA,NA,NA,NA,NA,NA,NA,NA,NA,NA,-7.83374,7.07111,-2.07066,50,5.76712,11.55623,-128.70883,-3.94106,-12.98844,29.60796,-20.45007,CAR_EAG,CAR_EAG,CarsonNewman,TeamExclusive,Team,20251016-CarsonNewman-Private-1,98c4e5f0-aaa2-11f0-b6c6-a366fa88dd2f,87.04391,NA,NA,8.68004,NA,NA,NA,NA,NA,NA,ce55f4e9-d602-4b97-9db7-16df456cdcea,2025-10-16,15:12:56,2025-10-16T15:12:56Z,2025-10-16T15:12:56Z,NA,v3,CNE,CNE,NA,"Rogers, Jacob",1000215913,Right,CAR_EAG,92abc23d-f735-43f7-80c9-ac8b2d0c9b61,54.86189,-129.82244,14.80398,5.90088,-3.1719,-10.22504,-2.51449,12.04475,-6.49422,NA,NA,NA,NA,NA,NA,NA,NA,NA,NA,NA,NA,NA,NA,NA,NA,NA,NA,NA,NA,NA,NA,NA,NA,NA,NA,NA,NA,76.68484,1.666751,0.799539,0.867212,-1.16023,2.34004,1.62787,-1.40392,5.67186,-2.15815,61.47059,0.6545,-63.31063,-1.3746,78.42933,-6.9263,5.68723,5.27204,-12.80043,-2.2091,-79.1286,10.08896,High,High,High,NA,NA,High,High,High,239.25621,12.499943,2217.06292,0.976296,02:00:00,-0.241873,-0.844096,-0.478538,-43.408228,61.855156,21.347264,-0.029421,170.172539,-0.9849,-9.823165,0.9849,-0.170608,0.029421,1.711045,-1.685952,0.170608,-0.170608,-170.172539,1.685952,0.029421,9.823165,-1.711045,-0.029421,0.170608,0.9849,-0.9849,NA,NA,NA,NA,NA,NA,NA,NA,NA,NA,NA,NA
NA,NA,NA,NA,NA,NA,NA,NA,NA,NA,NA,NA,NA,NA,NA,NA,21,2025-10-16,11:13:25,4,4,"Higgins, Ryan",1000329317,Right,CAR_EAG,"Floyd, Logan",1000148156,Right,CAR_EAG,Undefined,1,Bottom,1,1,2,Slider,Slider,InPlay,Undefined,FlyBall,Sacrifice,1,1,NA,81.4214,0.373334,-2.292463,2446.731558,116.803098,10:00:00,5.79931,2.81858,5.13049,-41.27447,1.71906,-0.99772,2.71168,0.57519,75.39979,-7.101566,-2.468921,0.471925,76.22725,38.711164,2.845708,NA,108.96921,70.07567,15.02197,248.2658,242.12571,16.73205,4.597251,-0.07327,1.07961,-2.60241,50,5.80199,4.77401,-118.23427,-0.7201,-0.10472,20.52699,-30.63119,CAR_EAG,CAR_EAG,CarsonNewman,TeamExclusive,Team,20251016-CarsonNewman-Private-1,a9f36590-aaa2-11f0-b6c6-a366fa88dd2f,79.86956,75.26703,NA,6.02161,NA,NA,NA,2.38983,3.00482,-0.5589,ce55f4e9-d602-4b97-9db7-16df456cdcea,2025-10-16,15:13:25,2025-10-16T15:13:25Z,2025-10-16T15:13:25Z,FlyBall,v3,CNE,CNE,NA,"Rogers, Jacob",1000215913,Right,CAR_EAG,90dd62d0-e191-4d92-bfe3-586e077d7c6b,55.37377,-119.16357000000001,10.26349,5.8032,0.66664,-15.3156,-2.81865,4.77875,-0.05236,206.610597,2.39009,87.12865,-17.18129,4.01329,-0.77334,0.13056,-0.02226,0.00313,-2e-4,3.00626,69.87996,-18.98005,1.16085,0.01937,-0.1096,0.04064,-0.0064,3.7e-4,-0.55922,4.33708,4.49216,-0.78843,0.15858,-0.04754,0.01328,-0.00209,1.3e-4,NA,NA,NA,NA,NA,NA,NA,NA,NA,NA,NA,NA,NA,NA,NA,NA,NA,NA,NA,NA,NA,NA,High,High,High,High,Medium,NA,NA,NA,258.039046,83.880177,260.841365,0.106608,02:30:00,-0.995047,-0.097813,0.017722,87.462116,-19.196851,27.030684,-0.33877,111.856773,-0.350274,-60.837015,0.350274,-0.873237,0.33877,44.043506,-19.801957,0.873237,-0.873237,-111.856773,19.801957,0.33877,60.837015,-44.043506,-0.33877,0.873237,0.350274,-0.350274,NA,NA,NA,NA,NA,NA,NA,NA,NA,NA,NA,NA
NA,NA,NA,NA,NA,NA,NA,NA,NA,NA,NA,NA,NA,NA,NA,NA,22,2025-10-16,11:14:04,5,1,"Higgins, Ryan",1000329317,Right,CAR_EAG,"Rodriguez, Sebastian",10180804,Left,CAR_EAG,Undefined,1,Bottom,2,0,0,ChangeUp,Changeup,BallCalled,Undefined,Undefined,Undefined,0,0,NA,80.69568,0.630338,-2.497523,1751.752319,304.370835,04:15:00,5.22084,3.09495,5.50114,-51.66786,-7.60162,13.34619,1.50536,1.86958,73.39504,-8.790827,-0.116364,0.477776,NA,NA,NA,NA,NA,NA,NA,NA,NA,NA,NA,-7.49725,-3.54878,-2.88568,50,5.24126,4.55957,-117.00009,-0.53853,-10.25909,24.71679,-37.03015,CAR_EAG,CAR_EAG,CarsonNewman,TeamExclusive,Team,20251016-CarsonNewman-Private-1,c16f0df0-aaa2-11f0-b6c6-a366fa88dd2f,78.89142,NA,NA,7.30063,NA,NA,NA,NA,NA,NA,ce55f4e9-d602-4b97-9db7-16df456cdcea,2025-10-16,15:14:04,2025-10-16T15:14:04Z,2025-10-16T15:14:04Z,NA,v3,CNE,CNE,NA,"Rogers, Jacob",1000215913,Right,CAR_EAG,8e6e6eef-60b1-40a8-a875-0c6946b2b53e,55.0018,-118.05201,12.3584,5.23064,1.03744,-18.51508,-3.08902,4.99619,-5.12955,NA,NA,NA,NA,NA,NA,NA,NA,NA,NA,NA,NA,NA,NA,NA,NA,NA,NA,NA,NA,NA,NA,NA,NA,NA,NA,NA,NA,NA,NA,NA,NA,NA,NA,NA,NA,NA,NA,NA,NA,NA,NA,NA,NA,NA,NA,NA,NA,NA,NA,High,High,High,NA,NA,NA,NA,NA,279.233328,-14.636177,1694.907639,0.96755,03:15:00,0.248694,-0.957735,0.144549,55.823337,27.940921,-84.041146,0.796588,110.015511,-0.206913,34.611562,0.206913,-0.56801,-0.796588,75.439257,52.805473,0.56801,0.56801,-110.015511,-52.805473,0.796588,-34.611562,-75.439257,-0.796588,-0.56801,0.206913,-0.206913,NA,NA,NA,NA,NA,NA,NA,NA,NA,NA,NA,NA
NA,NA,NA,NA,NA,NA,NA,NA,NA,NA,NA,NA,NA,NA,NA,NA,23,2025-10-16,11:14:19,5,2,"Higgins, Ryan",1000329317,Right,CAR_EAG,"Rodriguez, Sebastian",10180804,Left,CAR_EAG,Undefined,1,Bottom,2,1,0,Fastball,Sinker,FoulBallNotFieldable,Undefined,Undefined,Undefined,0,0,NA,88.28901,-0.730616,-4.016952,2230.327133,258.69395,02:30:00,5.77759,2.77551,5.30293,-32.11695,4.96748,18.40946,2.41354,0.53226,80.08434,-6.624967,-0.755495,0.438296,NA,NA,NA,NA,NA,NA,NA,NA,NA,NA,NA,-10.35536,3.1113,-2.42353,50,5.68796,8.12403,-127.75744,-2.84936,-16.97598,28.31707,-27.07356,CAR_EAG,CAR_EAG,CarsonNewman,TeamExclusive,Team,20251016-CarsonNewman-Private-1,c9ed6e90-aaa2-11f0-b6c6-a366fa88dd2f,85.99772,NA,NA,8.20467,NA,NA,NA,NA,NA,NA,ce55f4e9-d602-4b97-9db7-16df456cdcea,2025-10-16,15:14:19,2025-10-16T15:14:19Z,2025-10-16T15:14:19Z,NA,v3,CNE,CNE,NA,"Rogers, Jacob",1000215913,Right,CAR_EAG,b70151bb-37ee-4cbb-8015-883307f178bc,55.19773,-128.90435,14.15854,5.78116,-1.75281,-13.53678,-2.7665,8.8116,-8.48799,NA,NA,NA,NA,NA,NA,NA,NA,NA,NA,NA,NA,NA,NA,NA,NA,NA,NA,NA,NA,NA,NA,NA,NA,NA,NA,NA,NA,NA,NA,NA,NA,NA,NA,NA,NA,NA,NA,NA,NA,NA,NA,NA,NA,NA,NA,NA,NA,NA,NA,High,High,High,NA,NA,NA,NA,NA,246.251558,14.480474,2159.476135,0.968233,02:15:00,-0.265458,-0.889362,-0.372247,57.592186,13.868926,-81.749737,-0.906787,125.287873,-0.243545,-20.128449,0.243545,-0.344126,0.906787,74.966253,-65.065071,0.344126,-0.344126,-125.287873,65.065071,0.906787,20.128449,-74.966253,-0.906787,0.344126,0.243545,-0.243545,NA,NA,NA,NA,NA,NA,NA,NA,NA,NA,NA,NA
NA,NA,NA,NA,NA,NA,NA,NA,NA,NA,NA,NA,NA,NA,NA,NA,24,2025-10-16,11:14:44,5,3,"Higgins, Ryan",1000329317,Right,CAR_EAG,"Rodriguez, Sebastian",10180804,Left,CAR_EAG,Undefined,1,Bottom,2,1,1,Fastball,Sinker,BallCalled,Undefined,Undefined,Undefined,0,0,NA,87.87023,-1.254586,-2.911548,2136.417994,248.661544,02:15:00,5.78689,2.78468,5.37181,-29.16844,8.09819,17.43706,2.17816,1.50552,79.79538,-6.632767,0.186751,0.439371,NA,NA,NA,NA,NA,NA,NA,NA,NA,NA,NA,-9.59138,4.83099,-2.53604,50,5.65383,5.68783,-127.28933,-3.85412,-15.60741,28.12725,-24.31292,CAR_EAG,CAR_EAG,CarsonNewman,TeamExclusive,Team,20251016-CarsonNewman-Private-1,d913c220-aaa2-11f0-b6c6-a366fa88dd2f,85.78724,NA,NA,8.07486,NA,NA,NA,NA,NA,NA,ce55f4e9-d602-4b97-9db7-16df456cdcea,2025-10-16,15:14:44,2025-10-16T15:14:44Z,2025-10-16T15:14:44Z,NA,v3,CNE,CNE,NA,"Rogers, Jacob",1000215913,Right,CAR_EAG,7e6f4e29-7c18-43c8-86a1-28fd56f73e31,55.12884,-128.41766,14.06362,5.78888,-2.87881,-12.15646,-2.77677,6.31392,-7.80371,NA,NA,NA,NA,NA,NA,NA,NA,NA,NA,NA,NA,NA,NA,NA,NA,NA,NA,NA,NA,NA,NA,NA,NA,NA,NA,NA,NA,NA,NA,NA,NA,NA,NA,NA,NA,NA,NA,NA,NA,NA,NA,NA,NA,NA,NA,NA,NA,NA,NA,High,High,High,NA,NA,NA,NA,NA,247.523682,7.281251,2119.189856,0.991936,02:15:00,-0.125766,-0.919141,-0.373312,75.095426,17.344717,-76.278977,-0.935137,148.873745,-0.303279,-10.552653,0.303279,-0.183139,0.935137,72.031365,-69.250368,0.183139,-0.183139,-148.873745,69.250368,0.935137,10.552653,-72.031365,-0.935137,0.183139,0.303279,-0.303279,NA,NA,NA,NA,NA,NA,NA,NA,NA,NA,NA,NA
NA,NA,NA,NA,NA,NA,NA,NA,NA,NA,NA,NA,NA,NA,NA,NA,25,2025-10-16,11:15:00,5,4,"Higgins, Ryan",1000329317,Right,CAR_EAG,"Rodriguez, Sebastian",10180804,Left,CAR_EAG,Undefined,1,Bottom,2,2,1,ChangeUp,Changeup,BallCalled,Undefined,Undefined,Undefined,0,0,NA,81.64281,-0.567224,-2.572385,1768.606175,268.6646,03:00:00,5.38324,2.95299,5.22874,-41.79006,1.97886,15.38371,1.36693,1.81501,73.7337,-8.20712,0.157124,0.476162,NA,NA,NA,NA,NA,NA,NA,NA,NA,NA,NA,-8.51741,1.65114,-2.72772,50,5.29995,4.65592,-118.18763,-2.66761,-11.82917,26.32985,-29.8809,CAR_EAG,CAR_EAG,CarsonNewman,TeamExclusive,Team,20251016-CarsonNewman-Private-1,e26f6360-aaa2-11f0-b6c6-a366fa88dd2f,79.15892,NA,NA,7.90911,NA,NA,NA,NA,NA,NA,ce55f4e9-d602-4b97-9db7-16df456cdcea,2025-10-16,15:15:00,2025-10-16T15:15:00Z,2025-10-16T15:15:00Z,NA,v3,CNE,CNE,NA,"Rogers, Jacob",1000215913,Right,CAR_EAG,9289c136-79d4-4d7e-bac6-f21bbd6a3f63,55.27151,-119.35624,13.16492,5.38892,-1.34139,-14.94045,-2.94601,5.18094,-5.91459,NA,NA,NA,NA,NA,NA,NA,NA,NA,NA,NA,NA,NA,NA,NA,NA,NA,NA,NA,NA,NA,NA,NA,NA,NA,NA,NA,NA,NA,NA,NA,NA,NA,NA,NA,NA,NA,NA,NA,NA,NA,NA,NA,NA,NA,NA,NA,NA,NA,NA,High,High,High,NA,NA,NA,NA,NA,273.371216,-13.622375,1718.853687,0.971869,03:00:00,0.247433,-0.967808,0.046092,-48.146849,-22.074418,74.714382,0.604149,98.788256,-0.121749,51.953971,0.121749,-0.787516,-0.604149,78.606305,37.167627,0.787516,0.787516,-98.788256,-37.167627,0.604149,-51.953971,-78.606305,-0.604149,-0.787516,0.121749,-0.121749,NA,NA,NA,NA,NA,NA,NA,NA,NA,NA,NA,NA
NA,NA,NA,NA,NA,NA,NA,NA,NA,NA,NA,NA,NA,NA,NA,NA,26,2025-10-16,11:15:16,5,5,"Higgins, Ryan",1000329317,Right,CAR_EAG,"Rodriguez, Sebastian",10180804,Left,CAR_EAG,Undefined,1,Bottom,2,3,1,Fastball,Sinker,StrikeCalled,Undefined,Undefined,Undefined,0,0,NA,87.29865,-0.376909,-4.819882,2135.948639,254.504634,02:30:00,5.67489,2.61261,5.47124,-31.76203,6.12859,17.20099,2.67406,-0.47546,78.84144,-6.239365,-1.769522,0.443034,NA,NA,NA,NA,NA,NA,NA,NA,NA,NA,NA,-10.08095,3.62654,-2.19956,50,5.62031,9.86507,-126.17086,-1.98344,-16.06401,28.41635,-26.39514,CAR_EAG,CAR_EAG,CarsonNewman,TeamExclusive,Team,20251016-CarsonNewman-Private-1,ec40f7f0-aaa2-11f0-b6c6-a366fa88dd2f,85.07795,NA,NA,8.45721,NA,NA,NA,NA,NA,NA,ce55f4e9-d602-4b97-9db7-16df456cdcea,2025-10-16,15:15:16,2025-10-16T15:15:16Z,2025-10-16T15:15:16Z,NA,v3,CNE,CNE,NA,"Rogers, Jacob",1000215913,Right,CAR_EAG,76aeb6de-85d2-4ccc-9518-bf6e90ebfa22,55.02838,-127.29832,14.20817,5.67823,-0.93618,-13.19757,-2.60361,10.50243,-8.032,NA,NA,NA,NA,NA,NA,NA,NA,NA,NA,NA,NA,NA,NA,NA,NA,NA,NA,NA,NA,NA,NA,NA,NA,NA,NA,NA,NA,NA,NA,NA,NA,NA,NA,NA,NA,NA,NA,NA,NA,NA,NA,NA,NA,NA,NA,NA,NA,NA,NA,High,High,High,NA,NA,NA,NA,NA,248.794664,11.139591,2095.706079,0.981159,02:15:00,-0.216336,-0.915976,-0.337914,67.052689,8.992729,-84.299917,-0.931723,124.604409,-0.206246,-17.392825,0.206246,-0.298921,0.931723,77.518299,-68.70509,0.298921,-0.298921,-124.604409,68.70509,0.931723,17.392825,-77.518299,-0.931723,0.298921,0.206246,-0.206246,NA,NA,NA,NA,NA,NA,NA,NA,NA,NA,NA,NA
NA,NA,NA,NA,NA,NA,NA,NA,NA,NA,NA,NA,NA,NA,NA,NA,27,2025-10-16,11:15:33,5,6,"Higgins, Ryan",1000329317,Right,CAR_EAG,"Rodriguez, Sebastian",10180804,Left,CAR_EAG,Undefined,1,Bottom,2,3,2,Slider,Slider,BallCalled,Walk,Undefined,Undefined,0,0,NA,83.59266,1.546291,-1.706436,2423.393045,109.696646,09:45:00,5.72628,2.65904,5.20551,-39.67888,1.9989,-1.41236,3.87502,0.93594,75.3497,-5.728843,-1.956522,0.464648,NA,NA,NA,NA,NA,NA,NA,NA,NA,NA,NA,0.14839,0.99748,-2.49994,50,5.84014,3.6683500000000002,-121.01443,1.79832,0.21682,26.85567,-30.71662,CAR_EAG,CAR_EAG,CarsonNewman,TeamExclusive,Team,20251016-CarsonNewman-Private-1,f653db40-aaa2-11f0-b6c6-a366fa88dd2f,81.12048,NA,NA,8.24296,NA,NA,NA,NA,NA,NA,ce55f4e9-d602-4b97-9db7-16df456cdcea,2025-10-16,15:15:33,2025-10-16T15:15:33Z,2025-10-16T15:15:33Z,NA,v3,CNE,CNE,NA,"Rogers, Jacob",1000215913,Right,CAR_EAG,70451485-6f16-439d-a9cc-fa65e315c7b3,55.29218,-122.18323,13.42784,5.73279,3.13516,-15.35831,-2.65939,3.65892,0.10841,NA,NA,NA,NA,NA,NA,NA,NA,NA,NA,NA,NA,NA,NA,NA,NA,NA,NA,NA,NA,NA,NA,NA,NA,NA,NA,NA,NA,NA,NA,NA,NA,NA,NA,NA,NA,NA,NA,NA,NA,NA,NA,NA,NA,NA,NA,NA,NA,NA,NA,High,High,High,NA,NA,NA,NA,NA,259.268137,80.385831,404.737097,0.167013,02:45:00,-0.990511,-0.137426,-0.001605,82.264549,-21.230014,17.763728,-0.375541,97.560978,-0.12195,-66.743666,0.12195,-0.918748,0.375541,72.009712,-22.057754,0.918748,-0.918748,-97.560978,22.057754,0.375541,66.743666,-72.009712,-0.375541,0.918748,0.12195,-0.12195,NA,NA,NA,NA,NA,NA,NA,NA,NA,NA,NA,NA
NA,NA,NA,NA,NA,NA,NA,NA,NA,NA,NA,NA,NA,NA,NA,NA,28,2025-10-16,11:16:28,6,1,"Higgins, Ryan",1000329317,Right,CAR_EAG,"Hornbuckle, Kylan",1000106804,Right,CAR_EAG,Undefined,1,Bottom,2,0,0,Fastball,Changeup,BallCalled,Undefined,Undefined,Undefined,0,0,NA,86.19628,-0.802104,-2.314578,2131.907857,244.510784,02:15:00,5.93535,2.82157,5.41198,-30.13395,8.45512,14.98194,2.67203,1.90032,78.36146,-6.363964,0.350583,0.447099,NA,NA,NA,NA,NA,NA,NA,NA,NA,NA,NA,-8.16851,4.89374,-2.62611,50,5.8432,4.38665,-124.94494,-2.82303,-12.82244,26.81883,-24.49212,CAR_EAG,CAR_EAG,CarsonNewman,TeamExclusive,Team,20251016-CarsonNewman-Private-1,16e2d140-aaa3-11f0-b6c6-a366fa88dd2f,84.30446,NA,NA,7.83481,NA,NA,NA,NA,NA,NA,ce55f4e9-d602-4b97-9db7-16df456cdcea,2025-10-16,15:16:28,2025-10-16T15:16:28Z,2025-10-16T15:16:28Z,NA,v3,CNE,CNE,NA,"Rogers, Jacob",1000215913,Right,CAR_EAG,31afd3fe-f2ca-4015-ab2d-a7c6d27a923c,55.08793,-126.03231,13.40941,5.93753,-1.82999,-12.24606,-2.8145,4.90653,-6.41122,NA,NA,NA,NA,NA,NA,NA,NA,NA,NA,NA,NA,NA,NA,NA,NA,NA,NA,NA,NA,NA,NA,NA,NA,NA,NA,NA,NA,NA,NA,NA,NA,NA,NA,NA,NA,NA,NA,NA,NA,NA,NA,NA,NA,NA,NA,NA,NA,NA,NA,High,High,High,NA,NA,NA,NA,NA,247.011521,0.600969,2131.790585,0.999945,02:15:00,-0.013375,-0.920589,-0.390303,89.962707,5.846009,-83.718873,-0.94866,111.074873,-0.113737,-17.166022,0.113737,-0.295141,0.94866,83.163314,-71.560794,0.295141,-0.295141,-111.074873,71.560794,0.94866,17.166022,-83.163314,-0.94866,0.295141,0.113737,-0.113737,NA,NA,NA,NA,NA,NA,NA,NA,NA,NA,NA,NA
NA,NA,NA,NA,NA,NA,NA,NA,NA,NA,NA,NA,NA,NA,NA,NA,29,2025-10-16,11:16:48,6,2,"Higgins, Ryan",1000329317,Right,CAR_EAG,"Hornbuckle, Kylan",1000106804,Right,CAR_EAG,Undefined,1,Bottom,2,1,0,Fastball,Changeup,StrikeCalled,Undefined,Undefined,Undefined,0,0,NA,87.359,-0.730348,-4.845866,2152.122521,255.538216,02:30:00,5.984,2.72374,5.40395,-31.73667,6.30201,19.00544,2.65241,-0.24415,78.72256,-6.585401,-1.478716,0.443899,NA,NA,NA,NA,NA,NA,NA,NA,NA,NA,NA,-11.00323,3.82941,-2.30435,50,5.89685,9.83593,-126.20178,-2.77389,-17.49497,29.06884,-26.08537,CAR_EAG,CAR_EAG,CarsonNewman,TeamExclusive,Team,20251016-CarsonNewman-Private-1,231e12d0-aaa3-11f0-b6c6-a366fa88dd2f,84.91221,NA,NA,8.63644,NA,NA,NA,NA,NA,NA,ce55f4e9-d602-4b97-9db7-16df456cdcea,2025-10-16,15:16:48,2025-10-16T15:16:48Z,2025-10-16T15:16:48Z,NA,v3,CNE,CNE,NA,"Rogers, Jacob",1000215913,Right,CAR_EAG,6fbbb58c-7a0d-4051-a153-26b45c1533fa,55.09556,-127.37006,14.53442,5.98727,-1.72552,-13.04269,-2.71379,10.53906,-8.74749,NA,NA,NA,NA,NA,NA,NA,NA,NA,NA,NA,NA,NA,NA,NA,NA,NA,NA,NA,NA,NA,NA,NA,NA,NA,NA,NA,NA,NA,NA,NA,NA,NA,NA,NA,NA,NA,NA,NA,NA,NA,NA,NA,NA,NA,NA,NA,NA,NA,NA,High,High,High,NA,NA,NA,NA,NA,244.733732,8.35569,2129.277766,0.989385,02:15:00,-0.169096,-0.896514,-0.409474,71.63036,16.027321,-79.341329,-0.929825,136.049885,-0.264941,-14.797602,0.264941,-0.255405,0.929825,74.095806,-68.407534,0.255405,-0.255405,-136.049885,68.407534,0.929825,14.797602,-74.095806,-0.929825,0.255405,0.264941,-0.264941,NA,NA,NA,NA,NA,NA,NA,NA,NA,NA,NA,NA
NA,NA,NA,NA,NA,NA,NA,NA,NA,NA,NA,NA,NA,NA,NA,NA,30,2025-10-16,11:17:08,6,3,"Higgins, Ryan",1000329317,Right,CAR_EAG,"Hornbuckle, Kylan",1000106804,Right,CAR_EAG,Undefined,1,Bottom,2,1,1,Fastball,Slider,StrikeSwinging,Undefined,Undefined,Undefined,0,0,NA,80.55319,0.444824,-3.387526,2422.826328,101.757271,09:30:00,5.80974,2.80031,5.04149,-43.91939,2.26599,-1.53504,2.57017,-0.52706,71.45723,-7.603812,-3.658074,0.489129,NA,NA,NA,NA,NA,NA,NA,NA,NA,NA,NA,-0.54638,1.56839,-2.47537,50,5.81813,6.94495,-116.18093,-0.68725,-0.72049,28.90268,-30.10589,CAR_EAG,CAR_EAG,CarsonNewman,TeamExclusive,Team,20251016-CarsonNewman-Private-1,2f26d2b0-aaa3-11f0-b6c6-a366fa88dd2f,77.0603,NA,NA,9.09596,NA,NA,NA,NA,NA,NA,ce55f4e9-d602-4b97-9db7-16df456cdcea,2025-10-16,15:17:08,2025-10-16T15:17:08Z,2025-10-16T15:17:08Z,NA,v3,CNE,CNE,NA,"Rogers, Jacob",1000215913,Right,CAR_EAG,6aad911a-4a9a-40d1-83f9-01b2ab1e6ddf,55.45269,-117.52958,14.45134,5.81742,0.71754,-15.05294,-2.80022,6.97857,-0.36024,NA,NA,NA,NA,NA,NA,NA,NA,NA,NA,NA,NA,NA,NA,NA,NA,NA,NA,NA,NA,NA,NA,NA,NA,NA,NA,NA,NA,NA,NA,NA,NA,NA,NA,NA,NA,NA,NA,NA,NA,NA,NA,NA,NA,NA,NA,NA,NA,NA,NA,High,High,High,NA,NA,NA,NA,NA,276.274505,83.215582,286.217957,0.118134,03:15:00,-0.99138,-0.109714,0.071616,88.381093,-28.067935,5.754336,-0.8461,92.646144,-0.024608,-32.171567,0.024608,-0.532456,0.8461,88.334049,-57.789954,0.532456,-0.532456,-92.646144,57.789954,0.8461,32.171567,-88.334049,-0.8461,0.532456,0.024608,-0.024608,NA,NA,NA,NA,NA,NA,NA,NA,NA,NA,NA,NA
NA,NA,NA,NA,NA,NA,NA,NA,NA,NA,NA,NA,NA,NA,NA,NA,31,2025-10-16,11:17:30,6,4,"Higgins, Ryan",1000329317,Right,CAR_EAG,"Hornbuckle, Kylan",1000106804,Right,CAR_EAG,Undefined,1,Bottom,2,1,2,Slider,Slider,BallCalled,Undefined,Undefined,Undefined,0,0,NA,81.92723,-0.578559,-4.282968,2456.52932,137.98776,10:30:00,5.8045,2.63809,5.45192,-36.32246,6.02256,-4.28933,2.23445,-1.73661,75.59033,-7.20252,-5.042814,0.468352,NA,NA,NA,NA,NA,NA,NA,NA,NA,NA,NA,1.02398,3.58307,-2.25628,50,5.72833,9.06228,-118.68101,-2.44641,1.467,21.7624,-27.04077,CAR_EAG,CAR_EAG,CarsonNewman,TeamExclusive,Team,20251016-CarsonNewman-Private-1,3bb145b0-aaa3-11f0-b6c6-a366fa88dd2f,80.47884,NA,NA,6.3369,NA,NA,NA,NA,NA,NA,ce55f4e9-d602-4b97-9db7-16df456cdcea,2025-10-16,15:17:30,2025-10-16T15:17:30Z,2025-10-16T15:17:30Z,NA,v3,CNE,CNE,NA,"Rogers, Jacob",1000215913,Right,CAR_EAG,0c736c1c-dae8-474c-90f7-8d28a32e94ed,55.04985,-119.60342,10.8812,5.80773,-1.30029,-13.52038,-2.63907,9.0001,0.7335,NA,NA,NA,NA,NA,NA,NA,NA,NA,NA,NA,NA,NA,NA,NA,NA,NA,NA,NA,NA,NA,NA,NA,NA,NA,NA,NA,NA,NA,NA,NA,NA,NA,NA,NA,NA,NA,NA,NA,NA,NA,NA,NA,NA,NA,NA,NA,NA,NA,NA,High,High,High,NA,NA,NA,NA,NA,339.541522,86.618443,144.898506,0.058985,05:15:00,-0.991085,-0.030696,0.129643,77.94084,-15.546451,15.948829,-0.425178,100.056427,-0.158048,-63.024943,0.158048,-0.891204,0.425178,69.608721,-25.161904,0.891204,-0.891204,-100.056427,25.161904,0.425178,63.024943,-69.608721,-0.425178,0.891204,0.158048,-0.158048,NA,NA,NA,NA,NA,NA,NA,NA,NA,NA,NA,NA
NA,NA,NA,NA,NA,NA,NA,NA,NA,NA,NA,NA,NA,NA,NA,NA,32,2025-10-16,11:17:49,6,5,"Higgins, Ryan",1000329317,Right,CAR_EAG,"Hornbuckle, Kylan",1000106804,Right,CAR_EAG,Undefined,1,Bottom,2,2,2,Slider,Slider,BallCalled,Undefined,Undefined,Undefined,0,0,NA,80.46268,-0.177573,-1.497716,2528.417991,117.738412,10:00:00,5.67426,2.9394,5.32585,-40.22829,2.98197,-3.61937,2.1552,1.23199,75.36957,-7.463549,-2.140872,0.473113,NA,NA,NA,NA,NA,NA,NA,NA,NA,NA,NA,1.49536,1.87575,-2.80115,50,5.62878,3.20417,-117.04678,-1.7684,2.11792,17.75349,-29.51737,CAR_EAG,CAR_EAG,CarsonNewman,TeamExclusive,Team,20251016-CarsonNewman-Private-1,475688d0-aaa3-11f0-b6c6-a366fa88dd2f,79.66901,NA,NA,5.09311,NA,NA,NA,NA,NA,NA,ce55f4e9-d602-4b97-9db7-16df456cdcea,2025-10-16,15:17:49,2025-10-16T15:17:49Z,2025-10-16T15:17:49Z,NA,v3,CNE,CNE,NA,"Rogers, Jacob",1000215913,Right,CAR_EAG,00e30c86-60d4-4231-ae8d-d4c41d8aa42f,55.17854,-117.82963,8.87675,5.67806,-0.46681,-14.75868,-2.94038,3.11077,1.05896,NA,NA,NA,NA,NA,NA,NA,NA,NA,NA,NA,NA,NA,NA,NA,NA,NA,NA,NA,NA,NA,NA,NA,NA,NA,NA,NA,NA,NA,NA,NA,NA,NA,NA,NA,NA,NA,NA,NA,NA,NA,NA,NA,NA,NA,NA,NA,NA,NA,NA,High,High,High,NA,NA,NA,NA,NA,301.8877,84.90998,224.32328,0.088721,04:00:00,-0.994253,-0.078418,0.072879,55.498894,-4.937132,26.433308,-0.336685,103.547013,-0.220567,-66.265384,0.220567,-0.91542,0.336685,56.770619,-19.675055,0.91542,-0.91542,-103.547013,19.675055,0.336685,66.265384,-56.770619,-0.336685,0.91542,0.220567,-0.220567,NA,NA,NA,NA,NA,NA,NA,NA,NA,NA,NA,NA
NA,NA,NA,NA,NA,NA,NA,NA,NA,NA,NA,NA,NA,NA,NA,NA,33,2025-10-16,11:18:09,6,6,"Higgins, Ryan",1000329317,Right,CAR_EAG,"Hornbuckle, Kylan",1000106804,Right,CAR_EAG,Undefined,1,Bottom,2,3,2,Fastball,Changeup,InPlay,Undefined,FlyBall,Out,1,0,NA,87.37479,-1.054836,-4.514642,2117.823581,247.414848,02:15:00,5.80005,2.72195,5.44481,-30.21112,7.593,15.02564,2.29159,-0.26191,79.08347,-6.631111,-1.84945,0.442528,84.91087,36.368953,28.005275,NA,92.064940000000007,68.10656,60.19975,295.96951,177.61255,41.87437,4.738693,-8.98091,4.52925,-2.3328700000000002,50,5.68586,9.31837,-126.34314,-3.41412,-14.35657,28.38899,-24.93377,CAR_EAG,CAR_EAG,CarsonNewman,TeamExclusive,Team,20251016-CarsonNewman-Private-1,5314f940-aaa3-11f0-b6c6-a366fa88dd2f,85.17524,79.82422,NA,8.29132,NA,NA,NA,1.34193,2.54018,-0.63569,ce55f4e9-d602-4b97-9db7-16df456cdcea,2025-10-16,15:18:09,2025-10-16T15:18:09Z,2025-10-16T15:18:09Z,FlyBall,v3,CNE,CNE,NA,"Rogers, Jacob",1000215913,Right,CAR_EAG,ae72e659-a007-4067-bda4-b8bbc85a85a4,55.05641,-127.47424,14.1945,5.80209,-2.42069,-12.46688,-2.71554,9.89038,-7.17829,218.763953,1.3458,88.45676,-20.01029,4.44196,-0.62796,0.0332,-0.00304,0.00187,-2e-4,2.54103,73.81946,-19.89042,1.11802,0.16843,-0.19462,0.0664,-0.0101,5.7e-4,-0.63474,47.06337,-0.27538,-0.8495,0.40814,-0.1372,0.03113,-0.00389,2e-4,NA,NA,NA,NA,NA,NA,NA,NA,NA,NA,NA,NA,NA,NA,NA,NA,NA,NA,NA,NA,NA,NA,High,High,High,Medium,Medium,NA,NA,NA,250.69049,4.455128,2111.424523,0.996978,02:15:00,-0.086106,-0.942165,-0.323899,70.928107,7.2213,-79.159944,-0.94268,122.551801,-0.179551,-16.33641,0.179551,-0.281277,0.94268,79.216135,-70.506562,0.281277,-0.281277,-122.551801,70.506562,0.94268,16.33641,-79.216135,-0.94268,0.281277,0.179551,-0.179551,NA,NA,NA,NA,NA,NA,NA,NA,NA,NA,NA,NA
NA,NA,NA,NA,NA,NA,NA,NA,NA,NA,NA,NA,NA,NA,NA,NA,34,2025-10-16,11:20:42,1,1,"Casson, Kolton",1000370207,Right,CAR_EAG,"Benner, Seth",1000370212,Right,CAR_EAG,Undefined,2,Top,0,0,0,Slider,Curveball,StrikeCalled,Undefined,Undefined,Undefined,0,0,NA,77.63823,1.36656,-1.941044,2135.66606,109.703828,09:45:00,5.37516,2.8992,6.22448,-40.95423,5.09729,-10.06485,3.22424,0.26871,70.84668,-6.265524,-3.756313,0.48842,NA,NA,NA,NA,NA,NA,NA,NA,NA,NA,NA,4.6102,2.71728,-2.74931,50,5.45744,4.18073,-112.70998,1.50709,5.89086,21.76114,-28.70192,CAR_EAG,CAR_EAG,CarsonNewman,TeamExclusive,Team,20251016-CarsonNewman-Private-1,ae626300-aaa3-11f0-b6c6-a366fa88dd2f,77.17219,NA,NA,6.79155,NA,NA,NA,NA,NA,NA,ce55f4e9-d602-4b97-9db7-16df456cdcea,2025-10-16,15:20:42,2025-10-16T15:20:42Z,2025-10-16T15:20:42Z,NA,v3,CNE,CNE,NA,"Cochran, Carson",10085797,Right,CAR_EAG,11d9840e-82e3-43fb-822b-6e36a146fcc6,54.27597,-113.53255,10.88057,5.37996,2.59201,-14.35096,-2.90313,3.95806,2.94543,NA,NA,NA,NA,NA,NA,NA,NA,NA,NA,NA,NA,NA,NA,NA,NA,NA,NA,NA,NA,NA,NA,NA,NA,NA,NA,NA,NA,NA,NA,NA,NA,NA,NA,NA,NA,NA,NA,NA,NA,NA,NA,NA,NA,NA,NA,NA,NA,NA,NA,High,High,High,NA,NA,NA,NA,NA,68.450929,68.973511,766.275968,0.3588,08:15:00,-0.920196,0.355886,0.163048,65.22122,4.87397,15.634583,-0.334384,121.791504,-0.496504,-53.229916,0.496504,-0.801044,0.334384,33.959323,-19.535054,0.801044,-0.801044,-121.791504,19.535054,0.334384,53.229916,-33.959323,-0.334384,0.801044,0.496504,-0.496504,NA,NA,NA,NA,NA,NA,NA,NA,NA,NA,NA,NA
NA,NA,NA,NA,NA,NA,NA,NA,NA,NA,NA,NA,NA,NA,NA,NA,35,2025-10-16,11:20:56,1,2,"Casson, Kolton",1000370207,Right,CAR_EAG,"Benner, Seth",1000370212,Right,CAR_EAG,Undefined,2,Top,0,0,1,Fastball,Sinker,InPlay,Undefined,FlyBall,Out,1,0,NA,89.09983,-1.554867,-4.103038,2196.359402,233.927512,01:45:00,5.42514,2.99218,6.70203,-23.41434,10.94784,13.47158,2.04819,0.35658,81.23502,-5.997664,-1.655122,0.421902,86.04732,48.794055,18.840924,NA,98.08601,103.66797,49.7909,258.27077,132.41641,34.749535,5.493055,-8.34469,6.57146,-2.72398,50,5.31217,8.7722,-129.24783,-4.17102,-14.04942,28.11595,-21.11009,CAR_EAG,CAR_EAG,CarsonNewman,TeamExclusive,Team,20251016-CarsonNewman-Private-1,b6d503d0-aaa3-11f0-b6c6-a366fa88dd2f,89.33931,114.21323,NA,7.86481,NA,NA,NA,2.51739,1.20414,-0.91336,ce55f4e9-d602-4b97-9db7-16df456cdcea,2025-10-16,15:20:56,2025-10-16T15:20:56Z,2025-10-16T15:20:56Z,FlyBall,v3,CNE,CNE,NA,"Cochran, Carson",10085797,Right,CAR_EAG,aee30382-bca9-4e7a-829f-742fa4640977,53.80068,-130.07198,14.05798,5.42536,-3.55223,-10.55504,-2.98716,9.18402,-7.02471,210.221381,2.53166,78.39319,-19.84609,3.76426,0.43896,-0.52826,0.14536,-0.0178,8.3e-4,1.19361,95.1148,-24.29255,2.70782,-0.59194,0.08114,0.00485,-0.00272,2.1e-4,-0.92114,26.99156,2.59761,-0.92474,-0.15045,0.17465,-0.04744,0.00564,-2.5e-4,NA,NA,NA,NA,NA,NA,NA,NA,NA,NA,NA,NA,NA,NA,NA,NA,NA,NA,NA,NA,NA,NA,High,High,High,Medium,Low,NA,NA,NA,230.925843,11.922339,2148.980667,0.978429,01:45:00,-0.22955,-0.76491,-0.601847,65.512217,58.60349,51.163066,-0.984745,132.601364,-0.117782,-7.358689,0.117782,-0.128081,0.984745,83.179464,-79.979336,0.128081,-0.128081,-132.601364,79.979336,0.984745,7.358689,-83.179464,-0.984745,0.128081,0.117782,-0.117782,NA,NA,NA,NA,NA,NA,NA,NA,NA,NA,NA,NA
NA,NA,NA,NA,NA,NA,NA,NA,NA,NA,NA,NA,NA,NA,NA,NA,36,2025-10-16,11:21:28,2,1,"Casson, Kolton",1000370207,Right,CAR_EAG,"Kilgore, Tanner",814348,Right,CAR_EAG,Undefined,2,Top,1,0,0,Fastball,Sinker,InPlay,Undefined,GroundBall,Out,1,0,NA,90.32873,-0.992801,-4.706043,2233.25856,231.963603,01:45:00,5.36973,2.79114,6.73068,-21.46639,12.15965,14.0452,2.67038,-0.34896,81.75049,-5.097471,-2.156784,0.417359,94.84094,-20.0151,18.950229,NA,NA,NA,NA,8.16845,8.16845,18.549713,0.054285,-8.8491,7.07158,-2.48475,50,5.29555,10.23082,-130.87144,-2.86083,-15.18958,30.26629,-20.03559,CAR_EAG,CAR_EAG,CarsonNewman,TeamExclusive,Team,20251016-CarsonNewman-Private-1,ca0bfda0-aaa3-11f0-b6c6-a366fa88dd2f,90.31185,2.58954,NA,8.57824,NA,NA,NA,1.0205,2.58954,0.29002,ce55f4e9-d602-4b97-9db7-16df456cdcea,2025-10-16,15:21:28,2025-10-16T15:21:28Z,2025-10-16T15:21:28Z,GroundBall,v3,CNE,CNE,NA,"Cochran, Carson",10085797,Right,CAR_EAG,ce9f7bf0-8913-4b9a-9480-17efb69fd175,53.77022,-131.74048,15.13314,5.36944,-2.28554,-10.0178,-2.78477,10.66696,-7.59479,180,1.01839,123.85621,NA,NA,NA,NA,NA,NA,NA,2.59035,-47.70236,NA,NA,NA,NA,NA,NA,NA,0.2893,42.5268,NA,NA,NA,NA,NA,NA,NA,NA,NA,NA,NA,NA,NA,NA,NA,NA,NA,NA,NA,NA,NA,NA,NA,NA,NA,NA,NA,NA,NA,High,High,High,High,High,NA,NA,NA,235.176932,16.386966,2142.539532,0.959378,01:45:00,-0.312477,-0.792342,-0.523977,68.233524,65.014645,48.950493,-0.986828,122.791813,-0.087613,-7.815967,0.087613,-0.135992,0.986828,84.926437,-80.690305,0.135992,-0.135992,-122.791813,80.690305,0.986828,7.815967,-84.926437,-0.986828,0.135992,0.087613,-0.087613,NA,NA,NA,NA,NA,NA,NA,NA,NA,NA,NA,NA
NA,NA,NA,NA,NA,NA,NA,NA,NA,NA,NA,NA,NA,NA,NA,NA,37,2025-10-16,11:21:58,3,1,"Casson, Kolton",1000370207,Right,CAR_EAG,"Soto Diaz, Bradley",1000475324,Right,CAR_EAG,Undefined,2,Top,2,0,0,ChangeUp,Changeup,BallCalled,Undefined,Undefined,Undefined,0,0,NA,82.32727,2.445775,-2.731743,1614.612801,275.633257,03:15:00,5.48627,2.93548,6.35353,-41.32026,-0.17543,16.59446,4.29813,1.80193,74.18145,-5.281269,0.268366,0.461667,NA,NA,NA,NA,NA,NA,NA,NA,NA,NA,NA,-9.41394,-0.37555,-2.74401,50,5.64547,5.0559,-119.34358,3.8237,-13.37505,26.15801,-32.7076,CAR_EAG,CAR_EAG,CarsonNewman,TeamExclusive,Team,20251016-CarsonNewman-Private-1,dbeda0a0-aaa3-11f0-b6c6-a366fa88dd2f,81.64416,NA,NA,8.14582,NA,NA,NA,NA,NA,NA,ce55f4e9-d602-4b97-9db7-16df456cdcea,2025-10-16,15:21:58,2025-10-16T15:21:58Z,2025-10-16T15:21:58Z,NA,v3,CNE,CNE,NA,"Cochran, Carson",10085797,Right,CAR_EAG,8593f13b-2a40-4b4b-8362-34650601d818,54.14693,-120.24908,13.079,5.49351,4.95593,-16.3538,-2.92703,5.51889,-6.68753,NA,NA,NA,NA,NA,NA,NA,NA,NA,NA,NA,NA,NA,NA,NA,NA,NA,NA,NA,NA,NA,NA,NA,NA,NA,NA,NA,NA,NA,NA,NA,NA,NA,NA,NA,NA,NA,NA,NA,NA,NA,NA,NA,NA,NA,NA,NA,NA,NA,NA,High,High,High,NA,NA,NA,NA,NA,250.944251,-3.23569,1612.038783,0.998406,02:15:00,5.67e-4,-0.945244,-0.326365,56.412708,-12.595256,39.898344,0.662154,132.008733,-0.50151,33.835653,0.50151,-0.556813,-0.662154,52.859995,41.464329,0.556813,0.556813,-132.008733,-41.464329,0.662154,-33.835653,-52.859995,-0.662154,-0.556813,0.50151,-0.50151,NA,NA,NA,NA,NA,NA,NA,NA,NA,NA,NA,NA
NA,NA,NA,NA,NA,NA,NA,NA,NA,NA,NA,NA,NA,NA,NA,NA,38,2025-10-16,11:22:16,3,2,"Casson, Kolton",1000370207,Right,CAR_EAG,"Soto Diaz, Bradley",1000475324,Right,CAR_EAG,Undefined,2,Top,2,1,0,Fastball,Sinker,BallCalled,Undefined,Undefined,Undefined,0,0,NA,89.20973,-2.432203,-5.76331,2262.789255,224.186067,01:30:00,5.37771,3.02512,6.82122,-19.23757,14.81095,13.36446,1.54303,-1.13693,81.87633,-6.103339,-3.34045,0.419972,NA,NA,NA,NA,NA,NA,NA,NA,NA,NA,NA,-8.58418,8.82134,-2.65695,50,5.21272,12.53362,-129.10589,-6.00092,-14.55669,25.6988,-17.21518,CAR_EAG,CAR_EAG,CarsonNewman,TeamExclusive,Team,20251016-CarsonNewman-Private-1,e69e2380-aaa3-11f0-b6c6-a366fa88dd2f,89.74982,NA,NA,7.3334,NA,NA,NA,NA,NA,NA,ce55f4e9-d602-4b97-9db7-16df456cdcea,2025-10-16,15:22:16,2025-10-16T15:22:16Z,2025-10-16T15:22:16Z,NA,v3,CNE,CNE,NA,"Cochran, Carson",10085797,Right,CAR_EAG,f39fbd8a-8488-4b85-a544-21f8108fa720,53.68092,-129.83651,12.8494,5.37637,-5.51148,-8.60759,-3.01916,12.94747,-7.27834,NA,NA,NA,NA,NA,NA,NA,NA,NA,NA,NA,NA,NA,NA,NA,NA,NA,NA,NA,NA,NA,NA,NA,NA,NA,NA,NA,NA,NA,NA,NA,NA,NA,NA,NA,NA,NA,NA,NA,NA,NA,NA,NA,NA,NA,NA,NA,NA,NA,NA,High,High,High,NA,NA,NA,NA,NA,231.774158,17.970949,2152.394735,0.951213,01:45:00,-0.334252,-0.759672,-0.55783,61.703247,59.689518,39.238271,-0.988625,133.66506,-0.103842,-6.245982,0.103842,-0.108797,0.988625,84.003826,-81.349927,0.108797,-0.108797,-133.66506,81.349927,0.988625,6.245982,-84.003826,-0.988625,0.108797,0.103842,-0.103842,NA,NA,NA,NA,NA,NA,NA,NA,NA,NA,NA,NA
NA,NA,NA,NA,NA,NA,NA,NA,NA,NA,NA,NA,NA,NA,NA,NA,39,2025-10-16,11:22:32,3,3,"Casson, Kolton",1000370207,Right,CAR_EAG,"Soto Diaz, Bradley",1000475324,Right,CAR_EAG,Undefined,2,Top,2,2,0,Slider,Slider,StrikeCalled,Undefined,Undefined,Undefined,0,0,NA,78.58004,0.81097,-1.932893,2151.491039,110.636164,09:45:00,5.28197,2.86467,6.00857,-40.44486,4.79512,-8.88048,2.66341,0.33313,71.86297,-6.684959,-3.528668,0.484097,NA,NA,NA,NA,NA,NA,NA,NA,NA,NA,NA,3.97729,2.69945,-2.7081,50,5.32387,4.1808,-114.07631,0.38532,5.21617,21.91438,-28.63372,CAR_EAG,CAR_EAG,CarsonNewman,TeamExclusive,Team,20251016-CarsonNewman-Private-1,f03df9b0-aaa3-11f0-b6c6-a366fa88dd2f,77.86131,NA,NA,6.71707,NA,NA,NA,NA,NA,NA,ce55f4e9-d602-4b97-9db7-16df456cdcea,2025-10-16,15:22:32,2025-10-16T15:22:32Z,2025-10-16T15:22:32Z,NA,v3,CNE,CNE,NA,"Cochran, Carson",10085797,Right,CAR_EAG,be6f7e0f-3767-487e-b763-84023d253921,54.49197,-114.93599,10.95719,5.28672,1.5086,-14.31686,-2.86809,3.97617,2.60808,NA,NA,NA,NA,NA,NA,NA,NA,NA,NA,NA,NA,NA,NA,NA,NA,NA,NA,NA,NA,NA,NA,NA,NA,NA,NA,NA,NA,NA,NA,NA,NA,NA,NA,NA,NA,NA,NA,NA,NA,NA,NA,NA,NA,NA,NA,NA,NA,NA,NA,High,High,High,NA,NA,NA,NA,NA,76.777952,73.66327,605.175593,0.281282,08:30:00,-0.95294,0.28738,0.096533,96.047028,-23.778071,5.965117,-0.415307,118.290447,-0.431136,-53.228156,0.431136,-0.801026,0.415307,43.928692,-24.538658,0.801026,-0.801026,-118.290447,24.538658,0.415307,53.228156,-43.928692,-0.415307,0.801026,0.431136,-0.431136,NA,NA,NA,NA,NA,NA,NA,NA,NA,NA,NA,NA
NA,NA,NA,NA,NA,NA,NA,NA,NA,NA,NA,NA,NA,NA,NA,NA,40,2025-10-16,11:22:46,3,4,"Casson, Kolton",1000370207,Right,CAR_EAG,"Soto Diaz, Bradley",1000475324,Right,CAR_EAG,Undefined,2,Top,2,2,1,Slider,Slider,StrikeSwinging,Undefined,Undefined,Undefined,0,0,NA,77.04885,0.186623,-3.385564,2279.968002,106.500402,09:30:00,5.36337,2.91912,6.25388,-42.11404,4.27055,-9.79186,2.02628,-1.02273,71.18092,-7.601491,-5.149387,0.490183,NA,NA,NA,NA,NA,NA,NA,NA,NA,NA,NA,4.15461,2.61579,-2.66282,50,5.35678,6.95697,-111.86694,-0.84124,5.27671,19.7492,-28.85179,CAR_EAG,CAR_EAG,CarsonNewman,TeamExclusive,Team,20251016-CarsonNewman-Private-1,f80e6710-aaa3-11f0-b6c6-a366fa88dd2f,76.89462,NA,NA,5.86793,NA,NA,NA,NA,NA,NA,ce55f4e9-d602-4b97-9db7-16df456cdcea,2025-10-16,15:22:46,2025-10-16T15:22:46Z,2025-10-16T15:22:46Z,NA,v3,CNE,CNE,NA,"Cochran, Carson",10085797,Right,CAR_EAG,cce25bfa-63a3-4737-843b-512b3f72dff8,54.24831,-112.61444,9.8746,5.36796,0.2508,-14.4259,-2.92237,6.75724,2.63835,NA,NA,NA,NA,NA,NA,NA,NA,NA,NA,NA,NA,NA,NA,NA,NA,NA,NA,NA,NA,NA,NA,NA,NA,NA,NA,NA,NA,NA,NA,NA,NA,NA,NA,NA,NA,NA,NA,NA,NA,NA,NA,NA,NA,NA,NA,NA,NA,NA,NA,High,High,High,NA,NA,NA,NA,NA,67.028578,68.813834,823.979184,0.361399,08:15:00,-0.921368,0.335776,0.195797,87.889828,-3.821824,-2.336758,-0.268422,107.429332,-0.288537,-66.79101,0.288537,-0.919074,0.268422,42.931601,-15.570378,0.919074,-0.919074,-107.429332,15.570378,0.268422,66.79101,-42.931601,-0.268422,0.919074,0.288537,-0.288537,NA,NA,NA,NA,NA,NA,NA,NA,NA,NA,NA,NA
NA,NA,NA,NA,NA,NA,NA,NA,NA,NA,NA,NA,NA,NA,NA,NA,41,2025-10-16,11:23:00,3,5,"Casson, Kolton",1000370207,Right,CAR_EAG,"Soto Diaz, Bradley",1000475324,Right,CAR_EAG,Undefined,2,Top,2,2,2,Fastball,Four-Seam,FoulBallNotFieldable,Undefined,Undefined,Undefined,0,0,NA,90.30776,-1.885616,-4.679957,2294.329893,221.442471,01:30:00,5.58699,2.60633,6.88667,-18.8969,14.24969,11.64501,2.28776,-0.69701,82.56318,-5.507635,-2.56042,0.414372,87.94886,38.305767,39.729904,5697.4101,74.85507,73.79314,80.60195,288.58083,114.89782,57.511387,4.863787,-7.50311,8.4276,-2.31331,50,5.46023,10.2905,-130.94049,-4.80458,-13.02158,27.74563,-17.54799,CAR_EAG,CAR_EAG,CarsonNewman,TeamExclusive,Team,20251016-CarsonNewman-Private-1,00d82890-aaa4-11f0-b6c6-a366fa88dd2f,90.96273,86.34052,NA,7.74458,NA,NA,NA,0.90055,2.45522,0.51717,ce55f4e9-d602-4b97-9db7-16df456cdcea,2025-10-16,15:23:00,2025-10-16T15:23:00Z,2025-10-16T15:23:00Z,FlyBall,v3,CNE,CNE,NA,"Cochran, Carson",10085797,Right,CAR_EAG,a881d137-0a08-4911-975d-aa268cd81076,53.61564,-131.7044,13.87282,5.58586,-4.32144,-8.774,-2.60157,10.64901,-6.51079,NA,0.90221,77.82487,-23.74399,6.83637,-1.86052,0.51462,-0.12439,0.01847,-0.00112,2.45999,79.84864,-21.45565,0.67875,0.73642,-0.43468,0.11821,-0.01557,7.9e-4,0.52274,64.58103,-3.22064,-1.26311,1.05481,-0.41824,0.09344,-0.01075,4.9e-4,NA,NA,NA,NA,NA,NA,NA,NA,NA,NA,NA,NA,NA,NA,NA,NA,NA,NA,NA,NA,NA,NA,High,High,High,High,Low,NA,NA,NA,222.248455,19.040757,2168.799643,0.945287,01:30:00,-0.361225,-0.645951,-0.672505,-32.654515,32.0406,17.647309,-0.036541,174.221464,-0.994254,-5.774664,0.994254,-0.100616,0.036541,2.104819,-2.094133,0.100616,-0.100616,-174.221464,2.094133,0.036541,5.774664,-2.104819,-0.036541,0.100616,0.994254,-0.994254,NA,NA,NA,NA,NA,NA,NA,NA,NA,NA,NA,NA
NA,NA,NA,NA,NA,NA,NA,NA,NA,NA,NA,NA,NA,NA,NA,NA,42,2025-10-16,11:23:19,3,6,"Casson, Kolton",1000370207,Right,CAR_EAG,"Soto Diaz, Bradley",1000475324,Right,CAR_EAG,Undefined,2,Top,2,2,2,Slider,Curveball,FoulBallNotFieldable,Undefined,Undefined,Undefined,0,0,NA,76.962,0.834356,-3.443673,2256.27481,64.569397,08:15:00,5.35942,3.0718,6.07831,-50.98144,-3.82925,-11.16725,1.88444,-1.04901,70.73069,-8.533573,-5.449518,0.494222,NA,NA,NA,NA,NA,NA,NA,NA,NA,NA,NA,4.7815,-1.84547,-2.79912,50,5.39685,7.10733,-111.67185,0.09933,5.99897,21.32291,-34.4894,CAR_EAG,CAR_EAG,CarsonNewman,TeamExclusive,Team,20251016-CarsonNewman-Private-1,0c4aea00-aaa4-11f0-b6c6-a366fa88dd2f,76.26616,NA,NA,6.23131,NA,NA,NA,NA,NA,NA,ce55f4e9-d602-4b97-9db7-16df456cdcea,2025-10-16,15:23:19,2025-10-16T15:23:19Z,2025-10-16T15:23:19Z,NA,v3,CNE,CNE,NA,"Cochran, Carson",10085797,Right,CAR_EAG,157a3915-7fbc-494b-858c-2764db8b201a,54.42602,-112.51379,10.66145,5.36604,1.46115,-17.2447,-3.07509,6.87046,2.99949,NA,NA,NA,NA,NA,NA,NA,NA,NA,NA,NA,NA,NA,NA,NA,NA,NA,NA,NA,NA,NA,NA,NA,NA,NA,NA,NA,NA,NA,NA,NA,NA,NA,NA,NA,NA,NA,NA,NA,NA,NA,NA,NA,NA,NA,NA,NA,NA,NA,NA,High,High,High,NA,NA,NA,NA,NA,55.812783,59.037385,1160.805277,0.514479,07:45:00,-0.832314,0.438021,0.339693,95.157414,-9.229826,-0.9367,-0.429741,121.015787,-0.465268,-50.701167,0.465268,-0.773853,0.429741,42.726828,-25.451098000000002,0.773853,-0.773853,-121.015787,25.451098000000002,0.429741,50.701167,-42.726828,-0.429741,0.773853,0.465268,-0.465268,NA,NA,NA,NA,NA,NA,NA,NA,NA,NA,NA,NA
NA,NA,NA,NA,NA,NA,NA,NA,NA,NA,NA,NA,NA,NA,NA,NA,43,2025-10-16,11:23:40,3,7,"Casson, Kolton",1000370207,Right,CAR_EAG,"Soto Diaz, Bradley",1000475324,Right,CAR_EAG,Undefined,2,Top,2,2,2,Slider,Slider,BallCalled,Undefined,Undefined,Undefined,0,0,NA,77.96276,-0.598384,-2.66451,2305.948851,81.949476,08:45:00,5.37902,3.03202,6.22247,-46.38597,-0.52492,-14.40442,0.96074,-0.62883,71.45521,-9.152537,-5.264185,0.487409,NA,NA,NA,NA,NA,NA,NA,NA,NA,NA,NA,6.61599,0.41043,-2.82581,50,5.3117,5.77968,-113.15242,-2.56443,8.48063,22.82385,-31.64794,CAR_EAG,CAR_EAG,CarsonNewman,TeamExclusive,Team,20251016-CarsonNewman-Private-1,18a01c30-aaa4-11f0-b6c6-a366fa88dd2f,77.33229,NA,NA,6.50755,NA,NA,NA,NA,NA,NA,ce55f4e9-d602-4b97-9db7-16df456cdcea,2025-10-16,15:23:40,2025-10-16T15:23:40Z,2025-10-16T15:23:40Z,NA,v3,CNE,CNE,NA,"Cochran, Carson",10085797,Right,CAR_EAG,68b3f353-6cba-4499-b840-a50eba44a317,54.27943,-114.01235,11.41193,5.38586,-1.37203,-15.82397,-3.03756,5.46015,4.24032,NA,NA,NA,NA,NA,NA,NA,NA,NA,NA,NA,NA,NA,NA,NA,NA,NA,NA,NA,NA,NA,NA,NA,NA,NA,NA,NA,NA,NA,NA,NA,NA,NA,NA,NA,NA,NA,NA,NA,NA,NA,NA,NA,NA,NA,NA,NA,NA,NA,NA,High,High,High,NA,NA,NA,NA,NA,57.384936,63.442228,1030.989644,0.4471,08:00:00,-0.886194,0.367235,0.282486,86.700059,-2.463616,12.456346,-0.347476,124.449063,-0.530426,-50.646269,0.530426,-0.773246,0.347476,33.22835,-20.333,0.773246,-0.773246,-124.449063,20.333,0.347476,50.646269,-33.22835,-0.347476,0.773246,0.530426,-0.530426,NA,NA,NA,NA,NA,NA,NA,NA,NA,NA,NA,NA
NA,NA,NA,NA,NA,NA,NA,NA,NA,NA,NA,NA,NA,NA,NA,NA,44,2025-10-16,11:23:56,3,8,"Casson, Kolton",1000370207,Right,CAR_EAG,"Soto Diaz, Bradley",1000475324,Right,CAR_EAG,Undefined,2,Top,2,3,2,Fastball,Sinker,FoulBallNotFieldable,Undefined,Undefined,Undefined,0,0,NA,91.02404,-0.943344,-3.661258,2283.010655,235.39461,01:45:00,5.38177,2.77449,6.80452,-21.86812,10.76142,14.09828,2.69669,0.6035,83.1959,-5.104546,-1.092758,0.411128,NA,NA,NA,NA,NA,NA,NA,NA,NA,NA,NA,-8.49965,6.28264,-2.542,50,5.31231,7.92705,-132.19386,-2.789,-15.02936,28.37477,-21.06487,CAR_EAG,CAR_EAG,CarsonNewman,TeamExclusive,Team,20251016-CarsonNewman-Private-1,224a52a0-aaa4-11f0-b6c6-a366fa88dd2f,91.68056,NA,NA,7.82814,NA,NA,NA,NA,NA,NA,ce55f4e9-d602-4b97-9db7-16df456cdcea,2025-10-16,15:23:56,2025-10-16T15:23:56Z,2025-10-16T15:23:56Z,NA,v3,CNE,CNE,NA,"Cochran, Carson",10085797,Right,CAR_EAG,6b2bb963-6d77-4f73-bf42-d17d8fcf23c6,53.69805,-132.98526,14.18739,5.3819,-2.20148,-10.53244,-2.76894,8.34623,-7.51468,NA,NA,NA,NA,NA,NA,NA,NA,NA,NA,NA,NA,NA,NA,NA,NA,NA,NA,NA,NA,NA,NA,NA,NA,NA,NA,NA,NA,NA,NA,NA,NA,NA,NA,NA,NA,NA,NA,NA,NA,NA,NA,NA,NA,NA,NA,NA,NA,NA,NA,High,High,High,NA,NA,NA,NA,NA,235.133682,11.262781,2239.043834,0.980742,01:45:00,-0.217465,-0.807793,-0.547886,71.215242,55.331524,57.768719,0.996934,176.939,-0.078141,0.239418,0.078141,-0.004179,-0.996934,85.518246,85.511869,0.004179,0.004179,-176.939,-85.511869,0.996934,-0.239418,-85.518246,-0.996934,-0.004179,0.078141,-0.078141,NA,NA,NA,NA,NA,NA,NA,NA,NA,NA,NA,NA
NA,NA,NA,NA,NA,NA,NA,NA,NA,NA,NA,NA,NA,NA,NA,NA,45,2025-10-16,11:24:15,3,9,"Casson, Kolton",1000370207,Right,CAR_EAG,"Soto Diaz, Bradley",1000475324,Right,CAR_EAG,Undefined,2,Top,2,3,2,Fastball,Four-Seam,BallCalled,Walk,Undefined,Undefined,0,0,NA,89.48302,-3.335711,-4.783205,2148.37396,218.186148,01:15:00,5.54483,2.78823,6.78763,-21.07576,13.11855,9.39985,0.72925,-0.80521,81.52515,-7.344412,-3.075366,0.42087,NA,NA,NA,NA,NA,NA,NA,NA,NA,NA,NA,-6.37626,8.29048,-2.4797,50,5.319,10.47683,-129.46222,-8.13018,-10.75066,28.68214,-18.19592,CAR_EAG,CAR_EAG,CarsonNewman,TeamExclusive,Team,20251016-CarsonNewman-Private-1,2dc1a7f0-aaa4-11f0-b6c6-a366fa88dd2f,89.55832,NA,NA,7.95787,NA,NA,NA,NA,NA,NA,ce55f4e9-d602-4b97-9db7-16df456cdcea,2025-10-16,15:24:15,2025-10-16T15:24:15Z,2025-10-16T15:24:15Z,NA,v3,CNE,CNE,NA,"Cochran, Carson",10085797,Right,CAR_EAG,3b3bb9e2-92ef-40f3-96fb-638b1e342936,53.71279,-130.28219000000001,14.34107,5.54399,-7.61,-9.09796,-2.78361,10.78417,-5.37533,NA,NA,NA,NA,NA,NA,NA,NA,NA,NA,NA,NA,NA,NA,NA,NA,NA,NA,NA,NA,NA,NA,NA,NA,NA,NA,NA,NA,NA,NA,NA,NA,NA,NA,NA,NA,NA,NA,NA,NA,NA,NA,NA,NA,NA,NA,NA,NA,NA,NA,High,High,High,NA,NA,NA,NA,NA,227.844926,12.98254,2093.458453,0.974439,01:30:00,-0.236139,-0.734229,-0.63651,-30.063537,37.195256,41.044198,-0.108594,171.855746,-0.98406,-8.095766,0.98406,-0.140828,0.108594,6.297305,-6.234297,0.140828,-0.140828,-171.855746,6.234297,0.108594,8.095766,-6.297305,-0.108594,0.140828,0.98406,-0.98406,NA,NA,NA,NA,NA,NA,NA,NA,NA,NA,NA,NA
NA,NA,NA,NA,NA,NA,NA,NA,NA,NA,NA,NA,NA,NA,NA,NA,46,2025-10-16,11:24:41,4,1,"Casson, Kolton",1000370207,Right,CAR_EAG,"Mutter, Evan",1000300074,Right,CAR_EAG,Undefined,2,Top,2,0,0,Fastball,Sinker,FoulBallNotFieldable,Undefined,Undefined,Undefined,0,0,NA,88.32114,-0.676962,-4.029892,2056.643396,233.508014,01:45:00,5.38712,2.91449,7.02958,-23.72411,10.83634,13.09327,2.79342,0.33767,80.33006,-5.215126,-1.636189,0.423118,NA,NA,NA,NA,NA,NA,NA,NA,NA,NA,NA,-8.13469,6.34055,-2.67242,50,5.338,8.55287,-128.18342,-2.12869,-13.45296,27.9877,-21.68818,CAR_EAG,CAR_EAG,CarsonNewman,TeamExclusive,Team,20251016-CarsonNewman-Private-1,3d232fc0-aaa4-11f0-b6c6-a366fa88dd2f,89.08262,NA,NA,7.99107,NA,NA,NA,NA,NA,NA,ce55f4e9-d602-4b97-9db7-16df456cdcea,2025-10-16,15:24:41,2025-10-16T15:24:41Z,2025-10-16T15:24:41Z,NA,v3,CNE,CNE,NA,"Cochran, Carson",10085797,Right,CAR_EAG,e2354118-dd00-47d3-9e1d-51351ba16046,53.47105,-128.93906,13.99385,5.38757,-1.54313,-10.84409,-2.90825,8.91609,-6.72648,NA,NA,NA,NA,NA,NA,NA,NA,NA,NA,NA,NA,NA,NA,NA,NA,NA,NA,NA,NA,NA,NA,NA,NA,NA,NA,NA,NA,NA,NA,NA,NA,NA,NA,NA,NA,NA,NA,NA,NA,NA,NA,NA,NA,NA,NA,NA,NA,NA,NA,High,High,High,NA,NA,NA,NA,NA,232.963828,15.34545,1983.319533,0.964348,01:45:00,-0.295713,-0.772869,-0.561451,45.866539,45.528527,17.187428,-0.997252,144.720068,-0.060479,-2.452438,0.060479,-0.04279,0.997252,86.529483,-85.751285,0.04279,-0.04279,-144.720068,85.751285,0.997252,2.452438,-86.529483,-0.997252,0.04279,0.060479,-0.060479,NA,NA,NA,NA,NA,NA,NA,NA,NA,NA,NA,NA
NA,NA,NA,NA,NA,NA,NA,NA,NA,NA,NA,NA,NA,NA,NA,NA,47,2025-10-16,11:25:04,4,2,"Casson, Kolton",1000370207,Right,CAR_EAG,"Mutter, Evan",1000300074,Right,CAR_EAG,Undefined,2,Top,2,0,1,Slider,Curveball,BallCalled,Undefined,Undefined,Undefined,0,0,NA,77.79555,0.597289,-3.520187,2282.049404,61.176871,08:00:00,5.30348,2.94982,6.07966,-54.9581,-7.85544,-17.44095,1.27735,-1.76478,70.35617,-9.509913,-6.652925,0.493963,NA,NA,NA,NA,NA,NA,NA,NA,NA,NA,NA,7.63205,-3.62496,-2.66884,50,5.32203,7.58277,-112.65071,-0.55132,9.53605,25.73714,-36.70334,CAR_EAG,CAR_EAG,CarsonNewman,TeamExclusive,Team,20251016-CarsonNewman-Private-1,4a86ebc0-aaa4-11f0-b6c6-a366fa88dd2f,76.30626,NA,NA,7.43938,NA,NA,NA,NA,NA,NA,ce55f4e9-d602-4b97-9db7-16df456cdcea,2025-10-16,15:25:04,2025-10-16T15:25:04Z,2025-10-16T15:25:04Z,NA,v3,CNE,CNE,NA,"Cochran, Carson",10085797,Right,CAR_EAG,cc6ece42-5a9a-4370-a040-267ccd5a2a8c,54.42127,-113.65635,12.86857,5.31555,0.88279,-18.35167,-2.95784,7.21017,4.76802,NA,NA,NA,NA,NA,NA,NA,NA,NA,NA,NA,NA,NA,NA,NA,NA,NA,NA,NA,NA,NA,NA,NA,NA,NA,NA,NA,NA,NA,NA,NA,NA,NA,NA,NA,NA,NA,NA,NA,NA,NA,NA,NA,NA,NA,NA,NA,NA,NA,NA,High,High,High,NA,NA,NA,NA,NA,61.698928,70.140532,775.244786,0.339714,08:00:00,-0.925702,0.308896,0.21831,96.339373,-14.835401,-2.420066,-0.418338,110.466847,-0.317598,-58.315712,0.317598,-0.850955,0.418338,52.794606,-24.729711000000002,0.850955,-0.850955,-110.466847,24.729711000000002,0.418338,58.315712,-52.794606,-0.418338,0.850955,0.317598,-0.317598,NA,NA,NA,NA,NA,NA,NA,NA,NA,NA,NA,NA
NA,NA,NA,NA,NA,NA,NA,NA,NA,NA,NA,NA,NA,NA,NA,NA,48,2025-10-16,11:25:46,4,3,"Casson, Kolton",1000370207,Right,CAR_EAG,"Mutter, Evan",1000300074,Right,CAR_EAG,Undefined,2,Top,2,1,1,Fastball,Sinker,BallCalled,Undefined,Undefined,Undefined,1,0,NA,88.7113,-0.869101,-6.365762,2233.964738,239.743299,02:00:00,5.39635,3.00642,6.75485,-25.4284,9.41312,14.13331,2.47843,-1.6548,80.67416,-5.681994,-3.811344,0.424835,NA,NA,NA,NA,NA,NA,NA,NA,NA,NA,NA,-9.28642,5.58658,-2.59201,50,5.3293,13.76985,-128.23426,-2.67207,-15.39285,27.64239,-22.91394,CAR_EAG,CAR_EAG,CarsonNewman,TeamExclusive,Team,20251016-CarsonNewman-Private-1,63f42af0-aaa4-11f0-b6c6-a366fa88dd2f,88.72262,NA,NA,8.03714,NA,NA,NA,NA,NA,NA,ce55f4e9-d602-4b97-9db7-16df456cdcea,2025-10-16,15:25:46,2025-10-16T15:25:46Z,2025-10-16T15:25:46Z,NA,v3,CNE,CNE,NA,"Cochran, Carson",10085797,Right,CAR_EAG,8cc56839-f629-4552-b729-7b26433d90db,53.74637,-129.03931,13.8212,5.39741,-2.00473,-11.45697,-2.99957,14.21814,-7.69642,NA,NA,NA,NA,NA,NA,NA,NA,NA,NA,NA,NA,NA,NA,NA,NA,NA,NA,NA,NA,NA,NA,NA,NA,NA,NA,NA,NA,75.17873,2.11446,0.747981,1.366479,-1.39979,2.19033,1.83904,-2.78385,5.40568,3.28735,127.28596,1.80234,3.1218,-2.62106,107.46046,-9.16,5.44816,14.53164,-12.61395,3.21351,-4.10916,2.99822,High,High,High,NA,NA,High,High,High,232.582211,17.200633,2134.050876,0.955275,01:45:00,-0.346781,-0.763103,-0.54536,59.544882,61.463447,36.566913,-0.985698,130.115753,-0.108584,-7.4046,0.108584,-0.128875,0.985698,83.713697,-80.298182,0.128875,-0.128875,-130.115753,80.298182,0.985698,7.4046,-83.713697,-0.985698,0.128875,0.108584,-0.108584,NA,NA,NA,NA,NA,NA,NA,NA,NA,NA,NA,NA
NA,NA,NA,NA,NA,NA,NA,NA,NA,NA,NA,NA,NA,NA,NA,NA,49,2025-10-16,11:27:53,1,1,"Higgins, Ryan",1000329317,Right,CAR_EAG,"Cochran, Carson",10085797,Right,CAR_EAG,Undefined,2,Bottom,0,0,0,Slider,Slider,BallCalled,Undefined,Undefined,Undefined,0,0,NA,81.95976,-1.332966,-3.920261,2403.06008,51.670601,07:45:00,5.76126,2.83717,5.28404,-42.78097,1.15114,-0.74961,0.94117,-0.91274,73.5361,-9.142645,-4.053016,0.477048,NA,NA,NA,NA,NA,NA,NA,NA,NA,NA,NA,-1.0449600000000001,1.59906,-2.4785,50,5.60867,8.13919,-118.30099,-4.29038,-1.43916,28.48778,-29.97173,CAR_EAG,CAR_EAG,CarsonNewman,TeamExclusive,Team,20251016-CarsonNewman-Private-1,af59ecf0-aaa4-11f0-b6c6-a366fa88dd2f,79.01177,NA,NA,8.42366,NA,NA,NA,NA,NA,NA,ce55f4e9-d602-4b97-9db7-16df456cdcea,2025-10-16,15:27:53,2025-10-16T15:27:53Z,2025-10-16T15:27:53Z,NA,v3,CNE,CNE,NA,"Rogers, Jacob",1000215913,Right,CAR_EAG,62745971-aa9d-4baf-9940-be6257d37b59,55.21294,-119.54972,14.24389,5.76794,-2.97661,-14.98586,-2.83666,8.20227,-0.71958,NA,NA,NA,NA,NA,NA,NA,NA,NA,NA,NA,NA,NA,NA,NA,NA,NA,NA,NA,NA,NA,NA,NA,NA,NA,NA,NA,NA,NA,NA,NA,NA,NA,NA,NA,NA,NA,NA,NA,NA,NA,NA,NA,NA,NA,NA,NA,NA,NA,NA,High,High,High,NA,NA,NA,NA,NA,259.474737,76.988292,541.049367,0.22515,02:45:00,-0.969456,-0.243967,0.025211,83.724224,-25.3145,20.343275,-0.456768,93.791128,-0.058819,-62.578096,0.058819,-0.887639,0.456768,82.662288,-27.178723,0.887639,-0.887639,-93.791128,27.178723,0.456768,62.578096,-82.662288,-0.456768,0.887639,0.058819,-0.058819,NA,NA,NA,NA,NA,NA,NA,NA,NA,NA,NA,NA
NA,NA,NA,NA,NA,NA,NA,NA,NA,NA,NA,NA,NA,NA,NA,NA,50,2025-10-16,11:28:11,1,2,"Higgins, Ryan",1000329317,Right,CAR_EAG,"Cochran, Carson",10085797,Right,CAR_EAG,Undefined,2,Bottom,0,1,0,Fastball,Changeup,FoulBallNotFieldable,Undefined,Undefined,Undefined,0,0,NA,86.75109,-1.936307,-3.793239,2073.016507,247.955802,02:15:00,5.74461,2.57095,5.60783,-30.28726,7.43311,15.32674,1.40848,0.30203,79.41167,-7.511753,-1.060844,0.442038,91.71363,-59.746962,-107.225891,NA,NA,NA,NA,2.04698,2.04698,-33.723563,0.012718,-8.88721,4.66477,-2.25633,50,5.55889,7.69175,-125.67776,-5.31269,-14.19058,25.86522,-24.72563,CAR_EAG,CAR_EAG,CarsonNewman,TeamExclusive,Team,20251016-CarsonNewman-Private-1,ba472ab0-aaa4-11f0-b6c6-a366fa88dd2f,85.26972,1.47959,NA,7.33943,NA,NA,NA,1.95809,1.47959,-0.31219,ce55f4e9-d602-4b97-9db7-16df456cdcea,2025-10-16,15:28:11,2025-10-16T15:28:11Z,2025-10-16T15:28:11Z,GroundBall,v3,CNE,CNE,NA,"Rogers, Jacob",1000215913,Right,CAR_EAG,0a2b7c20-7ebe-49b7-b312-2b3ac86d6086,54.89523,-126.68121,12.93261,5.7464,-4.35345,-12.36281,-2.56541,8.24228,-7.09529,NA,1.95814,-20.09494,NA,NA,NA,NA,NA,NA,NA,1.47989,-116.34093,NA,NA,NA,NA,NA,NA,NA,-0.31202,-64.81257,NA,NA,NA,NA,NA,NA,NA,NA,NA,NA,NA,NA,NA,NA,NA,NA,NA,NA,NA,NA,NA,NA,NA,NA,NA,NA,NA,NA,NA,High,High,High,Estimated,Estimated,NA,NA,NA,245.57105,7.951658,2053.084747,0.990385,02:15:00,-0.134651,-0.90588,-0.40156,69.538316,16.781625,-86.410627,-0.973419,126.105268,-0.134961,-10.663614,0.134961,-0.185043,0.973419,82.106447,-76.759953,0.185043,-0.185043,-126.105268,76.759953,0.973419,10.663614,-82.106447,-0.973419,0.185043,0.134961,-0.134961,NA,NA,NA,NA,NA,NA,NA,NA,NA,NA,NA,NA
NA,NA,NA,NA,NA,NA,NA,NA,NA,NA,NA,NA,NA,NA,NA,NA,51,2025-10-16,11:28:34,1,3,"Higgins, Ryan",1000329317,Right,CAR_EAG,"Cochran, Carson",10085797,Right,CAR_EAG,Undefined,2,Bottom,0,1,1,Slider,Slider,StrikeCalled,Undefined,Undefined,Undefined,0,0,NA,81.6088,0.307522,-3.761455,2361.860239,87.52937,09:00:00,5.82431,2.54412,5.22256,-43.37786,2.0413,-1.88095,2.49926,-1.15429,71.34387,-7.701346,-4.093841,0.485055,NA,NA,NA,NA,NA,NA,NA,NA,NA,NA,NA,-0.69661,1.58083,-2.19511,50,5.82166,7.80735,-117.46475,-0.92519,-0.92445,32.62514,-30.07621,CAR_EAG,CAR_EAG,CarsonNewman,TeamExclusive,Team,20251016-CarsonNewman-Private-1,c77f90f0-aaa4-11f0-b6c6-a366fa88dd2f,77.70754,NA,NA,10.26493,NA,NA,NA,NA,NA,NA,ce55f4e9-d602-4b97-9db7-16df456cdcea,2025-10-16,15:28:34,2025-10-16T15:28:34Z,2025-10-16T15:28:34Z,NA,v3,CNE,CNE,NA,"Rogers, Jacob",1000215913,Right,CAR_EAG,2d7a0b49-70fa-4524-b652-5e6f4ccdfb4f,55.26748,-118.91876,16.31257,5.83303,0.41522,-15.0381,-2.54398,7.84855,-0.46222,NA,NA,NA,NA,NA,NA,NA,NA,NA,NA,NA,NA,NA,NA,NA,NA,NA,NA,NA,NA,NA,NA,NA,NA,NA,NA,NA,NA,NA,NA,NA,NA,NA,NA,NA,NA,NA,NA,NA,NA,NA,NA,NA,NA,NA,NA,NA,NA,NA,NA,High,High,High,NA,NA,NA,NA,NA,268.775065,83.13494,282.31648,0.119531,03:00:00,-0.991485,-0.114174,0.062624,82.180815,-24.118957,13.917771,-0.474586,94.149391,-0.06369,-61.390285,0.06369,-0.877902,0.474586,82.356569,-28.332412,0.877902,-0.877902,-94.149391,28.332412,0.474586,61.390285,-82.356569,-0.474586,0.877902,0.06369,-0.06369,NA,NA,NA,NA,NA,NA,NA,NA,NA,NA,NA,NA
NA,NA,NA,NA,NA,NA,NA,NA,NA,NA,NA,NA,NA,NA,NA,NA,52,2025-10-16,11:28:50,1,4,"Higgins, Ryan",1000329317,Right,CAR_EAG,"Cochran, Carson",10085797,Right,CAR_EAG,Undefined,2,Bottom,0,1,2,Slider,Slider,FoulBallNotFieldable,Undefined,Undefined,Undefined,0,0,NA,81.5049,0.890341,-2.789418,2430.007736,246.591873,02:15:00,5.6257,2.9074,5.22385,-39.99234,2.39028,3.03854,3.13116,0.53594,76.04799,-6.353287,-2.251608,0.46856,NA,NA,NA,NA,NA,NA,NA,NA,NA,NA,NA,-2.14295,1.31744,-2.65225,50,5.67752,5.64662,-118.42996,0.40866,-3.10504,18.33063,-30.26515,CAR_EAG,CAR_EAG,CarsonNewman,TeamExclusive,Team,20251016-CarsonNewman-Private-1,d181d270-aaa4-11f0-b6c6-a366fa88dd2f,80.44315,NA,NA,5.45691,NA,NA,NA,NA,NA,NA,ce55f4e9-d602-4b97-9db7-16df456cdcea,2025-10-16,15:28:50,2025-10-16T15:28:50Z,2025-10-16T15:28:50Z,NA,v3,CNE,CNE,NA,"Rogers, Jacob",1000215913,Right,CAR_EAG,24f87e5a-0d3f-4d37-956f-28f2c4f37109,55.28076,-119.24452,9.16532,5.62949,1.75355,-15.13258,-2.90624,5.7846,-1.55252,NA,NA,NA,NA,NA,NA,NA,NA,NA,NA,NA,NA,NA,NA,NA,NA,NA,NA,NA,NA,NA,NA,NA,NA,NA,NA,NA,NA,NA,NA,NA,NA,NA,NA,NA,NA,NA,NA,NA,NA,NA,NA,NA,NA,NA,NA,NA,NA,NA,NA,High,High,High,NA,NA,NA,NA,NA,267.524362,78.205863,496.683576,0.204396,03:00:00,-0.981209,-0.18897,0.038968,91.144548,-12.024292,21.588925,-0.238883,101.290053,-0.190108,-72.224005,0.190108,-0.952257,0.238883,51.486467,-13.820596,0.952257,-0.952257,-101.290053,13.820596,0.238883,72.224005,-51.486467,-0.238883,0.952257,0.190108,-0.190108,NA,NA,NA,NA,NA,NA,NA,NA,NA,NA,NA,NA
NA,NA,NA,NA,NA,NA,NA,NA,NA,NA,NA,NA,NA,NA,NA,NA,53,2025-10-16,11:29:18,1,5,"Higgins, Ryan",1000329317,Right,CAR_EAG,"Cochran, Carson",10085797,Right,CAR_EAG,Undefined,2,Bottom,0,1,2,ChangeUp,Changeup,InPlay,Undefined,GroundBall,Double,0,0,NA,79.96229,-0.412322,-3.540275,1788.170522,278.574689,03:15:00,5.35854,2.69506,5.47285,-45.58597,-0.78618,15.23997,1.17309,0.64767,73.02917,-8.730703,-0.826592,0.481736,NA,NA,NA,NA,NA,NA,NA,NA,NA,NA,NA,-8.78804,0.13032,-2.39435,50,5.29092,6.56745,-115.86936,-2.38998,-11.85386,23.23065,-31.99829,CAR_EAG,CAR_EAG,CarsonNewman,TeamExclusive,Team,20251016-CarsonNewman-Private-1,e23a5ec0-aaa4-11f0-b6c6-a366fa88dd2f,78.24287,NA,NA,6.93312,NA,NA,NA,NA,NA,NA,ce55f4e9-d602-4b97-9db7-16df456cdcea,2025-10-16,15:29:18,2025-10-16T15:29:18Z,2025-10-16T15:29:18Z,NA,v3,CNE,CNE,NA,"Rogers, Jacob",1000215913,Right,CAR_EAG,9b30fcc7-f03c-46b0-887b-903802f25c2e,55.03051,-116.87357,11.61533,5.36434,-1.00675,-15.99915,-2.68932,7.07987,-5.92693,NA,NA,NA,NA,NA,NA,NA,NA,NA,NA,NA,NA,NA,NA,NA,NA,NA,NA,NA,NA,NA,NA,NA,NA,NA,NA,NA,NA,NA,NA,NA,NA,NA,NA,NA,NA,NA,NA,NA,NA,NA,NA,NA,NA,NA,NA,NA,NA,NA,NA,High,High,High,NA,NA,NA,NA,NA,274.807742,-16.22,1716.994613,0.960196,03:15:00,0.290628,-0.954783,0.06265,-43.539773,-20.009872,80.755976,0.570933,92.669534,-0.038238,55.095355,0.038238,-0.820105,-0.570933,86.168347,34.815333,0.820105,0.820105,-92.669534,-34.815333,0.570933,-55.095355,-86.168347,-0.570933,-0.820105,0.038238,-0.038238,NA,NA,NA,NA,NA,NA,NA,NA,NA,NA,NA,NA
NA,NA,NA,NA,NA,NA,NA,NA,NA,NA,NA,NA,NA,NA,NA,NA,54,2025-10-16,11:30:06,2,1,"Higgins, Ryan",1000329317,Right,CAR_EAG,"Alexander, Trace",10000832,Right,CAR_EAG,Undefined,2,Bottom,0,0,0,Slider,Slider,StrikeCalled,Undefined,Undefined,Undefined,0,0,NA,80.12748,0.94052500000000006,-3.514567,2460.693132,224.218664,01:30:00,5.77411,2.92134,5.29018,-40.0464,3.27504,2.2665,3.32185,-0.19424,75.58736,-6.292504,-3.113488,0.473721,NA,NA,NA,NA,NA,NA,NA,NA,NA,NA,NA,-1.80303,1.76177,-2.60251,50,5.83005,7.06584,-116.4926,0.51763,-2.55769,15.24373,-29.67486,CAR_EAG,CAR_EAG,CarsonNewman,TeamExclusive,Team,20251016-CarsonNewman-Private-1,fe93e870-aaa4-11f0-b6c6-a366fa88dd2f,79.56671,NA,NA,4.54012,NA,NA,NA,NA,NA,NA,ce55f4e9-d602-4b97-9db7-16df456cdcea,2025-10-16,15:30:06,2025-10-16T15:30:06Z,2025-10-16T15:30:06Z,NA,v3,CNE,CNE,NA,"Rogers, Jacob",1000215913,Right,CAR_EAG,2b02c909-c55a-4879-b19c-822708326db8,55.21537,-117.17307,7.62187,5.77738,1.8423,-14.83743,-2.92047,7.18002,-1.27885,NA,NA,NA,NA,NA,NA,NA,NA,NA,NA,NA,NA,NA,NA,NA,NA,NA,NA,NA,NA,NA,NA,NA,NA,NA,NA,NA,NA,NA,NA,NA,NA,NA,NA,NA,NA,NA,NA,NA,NA,NA,NA,NA,NA,NA,NA,NA,NA,NA,NA,High,High,High,NA,NA,NA,NA,NA,264.325668,79.474008,449.523268,0.182682,02:45:00,-0.985276,-0.165624,0.042417,98.028078,-16.705273,18.223605,-0.299871,101.774777,-0.194674,-69.05205,0.194674,-0.933906,0.299871,57.00863,-17.449829,0.933906,-0.933906,-101.774777,17.449829,0.299871,69.05205,-57.00863,-0.299871,0.933906,0.194674,-0.194674,NA,NA,NA,NA,NA,NA,NA,NA,NA,NA,NA,NA
NA,NA,NA,NA,NA,NA,NA,NA,NA,NA,NA,NA,NA,NA,NA,NA,55,2025-10-16,11:30:19,2,2,"Higgins, Ryan",1000329317,Right,CAR_EAG,"Alexander, Trace",10000832,Right,CAR_EAG,Undefined,2,Bottom,0,0,1,Slider,Slider,StrikeSwinging,Undefined,Undefined,Undefined,0,0,NA,81.26242,-0.608202,-3.938177,2486.96319,169.45334,11:45:00,5.68851,2.87991,5.47847,-40.60042,1.60295,-0.10752,1.73465,-0.82001,76.34178,-7.950566,-3.957274,0.467568,NA,NA,NA,NA,NA,NA,NA,NA,NA,NA,NA,-0.78528,1.26217,-2.53348,50,5.60688,8.12904,-118.02045,-2.66072,-1.13312,17.60229,-30.35276,CAR_EAG,CAR_EAG,CarsonNewman,TeamExclusive,Team,20251016-CarsonNewman-Private-1,065f4cc0-aaa5-11f0-b6c6-a366fa88dd2f,80.61378,NA,NA,4.92064,NA,NA,NA,NA,NA,NA,ce55f4e9-d602-4b97-9db7-16df456cdcea,2025-10-16,15:30:19,2025-10-16T15:30:19Z,2025-10-16T15:30:19Z,NA,v3,CNE,CNE,NA,"Rogers, Jacob",1000215913,Right,CAR_EAG,6f8e4a68-5732-44a6-8d1e-2bd01a904fb8,55.02644,-118.76775,8.80115,5.69249,-1.37209,-15.17638,-2.87962,8.17715,-0.56656,NA,NA,NA,NA,NA,NA,NA,NA,NA,NA,NA,NA,NA,NA,NA,NA,NA,NA,NA,NA,NA,NA,NA,NA,NA,NA,NA,NA,NA,NA,NA,NA,NA,NA,NA,NA,NA,NA,NA,NA,NA,NA,NA,NA,NA,NA,NA,NA,NA,NA,High,High,High,NA,NA,NA,NA,NA,273.667349,80.197541,423.409922,0.170252,03:00:00,-0.980471,-0.180354,0.078414,73.798539,-12.916842,24.938078,-0.350212,99.745461,-0.158552,-67.391589,0.158552,-0.923154,0.350212,65.642305,-20.500286,0.923154,-0.923154,-99.745461,20.500286,0.350212,67.391589,-65.642305,-0.350212,0.923154,0.158552,-0.158552,NA,NA,NA,NA,NA,NA,NA,NA,NA,NA,NA,NA
NA,NA,NA,NA,NA,NA,NA,NA,NA,NA,NA,NA,NA,NA,NA,NA,56,2025-10-16,11:30:35,2,3,"Higgins, Ryan",1000329317,Right,CAR_EAG,"Alexander, Trace",10000832,Right,CAR_EAG,Undefined,2,Bottom,0,0,2,Fastball,Sinker,InPlay,Undefined,GroundBall,Single,0,1,NA,87.18065,-0.410245,-3.785982,2133.790764,245.136682,02:15:00,5.66551,2.58236,5.66514,-27.91998,9.34268,17.52662,2.95545,0.50737,79.46123,-5.592179,-0.660569,0.439348,62.0003,20.755428,20.518491,3314.878649,99.54622,17.1623,46.8031,157.87957,156.3809,27.605397,2.278341,-9.98768,5.21725,-2.27319,50,5.61316,7.61838,-126.35963,-1.8605,-16.10802,26.34786,-23.75974,CAR_EAG,CAR_EAG,CarsonNewman,TeamExclusive,Team,20251016-CarsonNewman-Private-1,10025740-aaa5-11f0-b6c6-a366fa88dd2f,85.79183,19.67451,NA,7.71942,NA,NA,NA,0.65387,2.95934,-0.44761,ce55f4e9-d602-4b97-9db7-16df456cdcea,2025-10-16,15:30:35,2025-10-16T15:30:35Z,2025-10-16T15:30:35Z,LineDrive,v3,CNE,CNE,NA,"Rogers, Jacob",1000215913,Right,CAR_EAG,428217a5-7716-4605-9dcc-9522ec656e75,54.83725,-127.36428,13.17393,5.66682,-0.95453,-11.87987,-2.57539,8.23258,-8.05401,234.755852,0.65389,79.63643,-11.171569999999999,1.84439,-0.16299,-0.13577,0.09393,-0.02742,0.0032,2.95935,32.22524,-16.46147,1.15265,-0.44177,0.27683,-0.12428,0.03233,-0.00354,-0.44759,29.80333,1.71009,-0.29923,-0.12233,0.16147,-0.07839,0.01918,-0.00193,NA,NA,NA,NA,NA,NA,NA,NA,NA,NA,NA,NA,NA,NA,NA,NA,NA,NA,NA,NA,NA,NA,High,High,High,High,High,NA,NA,NA,245.975118,13.909596,2071.219984,0.970676,02:15:00,-0.25962,-0.888284,-0.378879,-44.195762,63.300988,24.38428,-0.008724,176.151975,-0.997708,-3.847878,0.997708,-0.067108,0.008724,0.500975,-0.499846,0.067108,-0.067108,-176.151975,0.499846,0.008724,3.847878,-0.500975,-0.008724,0.067108,0.997708,-0.997708,NA,NA,NA,NA,NA,NA,NA,NA,NA,NA,NA,NA
NA,NA,NA,NA,NA,NA,NA,NA,NA,NA,NA,NA,NA,NA,NA,NA,57,2025-10-16,11:31:10,3,1,"Higgins, Ryan",1000329317,Right,CAR_EAG,"Ring, Alex",10041847,Right,CAR_EAG,Undefined,2,Bottom,0,0,0,Fastball,Changeup,FoulBallNotFieldable,Undefined,Undefined,Undefined,0,0,NA,85.80686,0.141381,-4.944898,2116.636626,251.083136,02:15:00,5.83041,2.76638,5.53219,-31.53699,6.81485,16.58351,3.33499,-0.48573,78.98933,-5.6486,-2.002766,0.445723,NA,NA,NA,NA,NA,NA,NA,NA,NA,NA,NA,-9.73355,3.71268,-2.34756,50,5.82144,10.07793,-124.32326,-0.79464,-15.368,22.87254,-26.3122,CAR_EAG,CAR_EAG,CarsonNewman,TeamExclusive,Team,20251016-CarsonNewman-Private-1,249e3840-aaa5-11f0-b6c6-a366fa88dd2f,84.56481,NA,NA,6.81753,NA,NA,NA,NA,NA,NA,ce55f4e9-d602-4b97-9db7-16df456cdcea,2025-10-16,15:31:10,2025-10-16T15:31:10Z,2025-10-16T15:31:10Z,NA,v3,CNE,CNE,NA,"Rogers, Jacob",1000215913,Right,CAR_EAG,b6c89d77-40dd-46ac-9f51-5d0bea52f41b,54.97284,-125.2348,11.43627,5.83221,0.25399,-13.1561,-2.7614,10.69039,-7.684,NA,NA,NA,NA,NA,NA,NA,NA,NA,NA,NA,NA,NA,NA,NA,NA,NA,NA,NA,NA,NA,NA,NA,NA,NA,NA,NA,NA,NA,NA,NA,NA,NA,NA,NA,NA,NA,NA,NA,NA,NA,NA,NA,NA,NA,NA,NA,NA,NA,NA,High,High,High,NA,NA,NA,NA,NA,248.878577,5.904256,2105.408248,0.994695,02:15:00,-0.13566,-0.927614,-0.348036,84.884082,11.35423,-88.791034,-0.97502,129.128196,-0.14017,-9.921887,0.14017,-0.172305,0.97502,81.819161,-77.166499,0.172305,-0.172305,-129.128196,77.166499,0.97502,9.921887,-81.819161,-0.97502,0.172305,0.14017,-0.14017,NA,NA,NA,NA,NA,NA,NA,NA,NA,NA,NA,NA
NA,NA,NA,NA,NA,NA,NA,NA,NA,NA,NA,NA,NA,NA,NA,NA,58,2025-10-16,11:31:28,3,2,"Higgins, Ryan",1000329317,Right,CAR_EAG,"Ring, Alex",10041847,Right,CAR_EAG,Undefined,2,Bottom,0,0,1,Slider,Slider,FoulBallNotFieldable,Undefined,Undefined,Undefined,0,0,NA,80.11368,-0.842118,-2.10091,2488.925528,76.16852,08:30:00,5.7261,2.66275,5.33871,-44.45546,0.80728,-3.43276,1.23082,0.40475,72.58399,-8.956243,-2.711311,0.484219,NA,NA,NA,NA,NA,NA,NA,NA,NA,NA,NA,1.03378,1.1041,-2.47045,50,5.61813,4.39428,-116.03096,-3.23782,1.38237,25.58702,-30.69768,CAR_EAG,CAR_EAG,CarsonNewman,TeamExclusive,Team,20251016-CarsonNewman-Private-1,2fbff380-aaa5-11f0-b6c6-a366fa88dd2f,77.8417,NA,NA,7.52969,NA,NA,NA,NA,NA,NA,ce55f4e9-d602-4b97-9db7-16df456cdcea,2025-10-16,15:31:28,2025-10-16T15:31:28Z,2025-10-16T15:31:28Z,NA,v3,CNE,CNE,NA,"Rogers, Jacob",1000215913,Right,CAR_EAG,3d1a3298-7098-4c81-9660-b4d3c6b7dbf5,55.16245,-117.16385,12.79351,5.7314,-1.87865,-15.34884,-2.66365,4.33307,0.69118,NA,NA,NA,NA,NA,NA,NA,NA,NA,NA,NA,NA,NA,NA,NA,NA,NA,NA,NA,NA,NA,NA,NA,NA,NA,NA,NA,NA,NA,NA,NA,NA,NA,NA,NA,NA,NA,NA,NA,NA,NA,NA,NA,NA,NA,NA,NA,NA,NA,NA,High,High,High,NA,NA,NA,NA,NA,286.000374,85.244401,206.345839,0.082906,03:30:00,-0.993772,-0.094332,0.059324,80.280589,-23.238239,22.199373,-0.473743,103.857673,-0.210928,-58.763068,0.210928,-0.85503,0.473743,65.999566,-28.277552,0.85503,-0.85503,-103.857673,28.277552,0.473743,58.763068,-65.999566,-0.473743,0.85503,0.210928,-0.210928,NA,NA,NA,NA,NA,NA,NA,NA,NA,NA,NA,NA
NA,NA,NA,NA,NA,NA,NA,NA,NA,NA,NA,NA,NA,NA,NA,NA,59,2025-10-16,11:31:53,3,3,"Higgins, Ryan",1000329317,Right,CAR_EAG,"Ring, Alex",10041847,Right,CAR_EAG,Undefined,2,Bottom,0,0,2,Slider,Slider,BallCalled,Undefined,Undefined,Undefined,0,0,NA,80.40384,0.35665,-1.155516,2444.400876,133.635052,10:30:00,5.70912,2.78115,5.30338,-39.48998,3.30189,-2.50929,2.75319,1.48709,76.07439,-6.776557,-1.601194,0.470817,NA,NA,NA,NA,NA,NA,NA,NA,NA,NA,NA,1.05524,1.87811,-2.67423,50,5.71215,2.46069,-117.12421,-0.65409,1.51525,15.11444,-29.47717,CAR_EAG,CAR_EAG,CarsonNewman,TeamExclusive,Team,20251016-CarsonNewman-Private-1,3e5f63d0-aaa5-11f0-b6c6-a366fa88dd2f,80.05752,NA,NA,4.32945,NA,NA,NA,NA,NA,NA,ce55f4e9-d602-4b97-9db7-16df456cdcea,2025-10-16,15:31:53,2025-10-16T15:31:53Z,2025-10-16T15:31:53Z,NA,v3,CNE,CNE,NA,"Rogers, Jacob",1000215913,Right,CAR_EAG,e6f54a44-9018-4f30-8cc8-78a8c1e91568,55.20237,-117.79364,7.55722,5.71221,0.65148,-14.73859,-2.78173,2.39358,0.75762,NA,NA,NA,NA,NA,NA,NA,NA,NA,NA,NA,NA,NA,NA,NA,NA,NA,NA,NA,NA,NA,NA,NA,NA,NA,NA,NA,NA,NA,NA,NA,NA,NA,NA,NA,NA,NA,NA,NA,NA,NA,NA,NA,NA,NA,NA,NA,NA,NA,NA,High,High,High,NA,NA,NA,NA,NA,295.395584,83.905102,259.535541,0.106176,03:45:00,-0.993805,-0.089724,0.06559,69.596542,-12.052901,22.521433,-0.349984,101.524082,-0.187145,-66.616883,0.187145,-0.917872,0.349984,61.865481,-20.48631,0.917872,-0.917872,-101.524082,20.48631,0.349984,66.616883,-61.865481,-0.349984,0.917872,0.187145,-0.187145,NA,NA,NA,NA,NA,NA,NA,NA,NA,NA,NA,NA
NA,NA,NA,NA,NA,NA,NA,NA,NA,NA,NA,NA,NA,NA,NA,NA,60,2025-10-16,11:32:10,3,4,"Higgins, Ryan",1000329317,Right,CAR_EAG,"Ring, Alex",10041847,Right,CAR_EAG,Undefined,2,Bottom,0,1,2,ChangeUp,Changeup,BallCalled,Undefined,Undefined,Undefined,0,0,NA,81.57279,-1.967287,-4.275961,1627.016596,258.19251,02:30:00,5.49871,2.7413,5.69084,-37.89947,4.91402,16.48788,0.50099,0.12249,74.48431,-8.926023,-1.331941,0.470936,NA,NA,NA,NA,NA,NA,NA,NA,NA,NA,NA,-9.65764,3.52429,-2.39151,50,5.30912,8.172,-118.04718,-5.31822,-13.52768,24.01143,-27.23749,CAR_EAG,CAR_EAG,CarsonNewman,TeamExclusive,Team,20251016-CarsonNewman-Private-1,48c82f50-aaa5-11f0-b6c6-a366fa88dd2f,80.03732,NA,NA,7.08848,NA,NA,NA,NA,NA,NA,ce55f4e9-d602-4b97-9db7-16df456cdcea,2025-10-16,15:32:10,2025-10-16T15:32:10Z,2025-10-16T15:32:10Z,NA,v3,CNE,CNE,NA,"Rogers, Jacob",1000215913,Right,CAR_EAG,dbf3e8d6-ddc1-43ed-aee7-610264c4d0df,54.81108,-119.02175,12.00572,5.50254,-4.2127,-13.61875,-2.73433,8.72106,-6.76384,NA,NA,NA,NA,NA,NA,NA,NA,NA,NA,NA,NA,NA,NA,NA,NA,NA,NA,NA,NA,NA,NA,NA,NA,NA,NA,NA,NA,NA,NA,NA,NA,NA,NA,NA,NA,NA,NA,NA,NA,NA,NA,NA,NA,NA,NA,NA,NA,NA,NA,High,High,High,NA,NA,NA,NA,NA,269.169623,-6.281464,1617.248645,0.993996,03:00:00,0.141994,-0.98955,-0.025062,-76.972774,-31.924925000000002,86.259226,0.529551,95.999834,-0.088667,57.525627,0.088667,-0.843632,-0.529551,80.494694,31.975092,0.843632,0.843632,-95.999834,-31.975092,0.529551,-57.525627,-80.494694,-0.529551,-0.843632,0.088667,-0.088667,NA,NA,NA,NA,NA,NA,NA,NA,NA,NA,NA,NA
NA,NA,NA,NA,NA,NA,NA,NA,NA,NA,NA,NA,NA,NA,NA,NA,61,2025-10-16,11:32:38,3,5,"Higgins, Ryan",1000329317,Right,CAR_EAG,"Ring, Alex",10041847,Right,CAR_EAG,Undefined,2,Bottom,0,2,2,Slider,Slider,FoulBallNotFieldable,Undefined,Undefined,Undefined,0,0,NA,82.81748,0.326519,-3.355533,2463.609826,177.230342,12:00:00,5.6911,2.931,5.36676,-39.25608,1.70547,-0.03094,2.72647,-0.22166,77.20105,-6.793594,-3.361045,0.460638,68.40946,32.057128,126.693315,5310.103107,NA,NA,NA,NA,21.95652,NA,NA,-0.7528,1.08327,-2.6294400000000002,50,5.69209,7.05366,-120.28229,-0.71316,-1.122,19.53631,-30.55947,CAR_EAG,CAR_EAG,CarsonNewman,TeamExclusive,Team,20251016-CarsonNewman-Private-1,5921abb0-aaa5-11f0-b6c6-a366fa88dd2f,81.82662,16.26893,NA,5.61643,NA,NA,NA,1.137,2.76977,0.14792,ce55f4e9-d602-4b97-9db7-16df456cdcea,2025-10-16,15:32:38,2025-10-16T15:32:38Z,2025-10-16T15:32:38Z,NA,v3,CNE,CNE,NA,"Rogers, Jacob",1000215913,Right,CAR_EAG,ad071b25-8b7c-4a05-8068-e728eed920a9,55.13798,-121.11393,9.76816,5.69476,0.58772,-15.27973,-2.93072,7.10143,-0.561,NA,1.13651,-50.7873,3.23933,NA,NA,NA,NA,NA,NA,2.76997,53.24441,-14.96451,NA,NA,NA,NA,NA,NA,0.15058,68.05654,-11.26755,NA,NA,NA,NA,NA,NA,NA,NA,NA,NA,NA,NA,NA,NA,NA,NA,NA,NA,NA,NA,NA,NA,NA,NA,NA,NA,NA,NA,High,High,High,High,Undefined,NA,NA,NA,263.550933,78.125903,506.916742,0.205762,02:45:00,-0.979424,-0.19888,0.034275,72.976867,-15.397108,26.764417,-0.353435,100.281264,-0.166961,-66.990323,0.166961,-0.920439,0.353435,64.71415,-20.697559,0.920439,-0.920439,-100.281264,20.697559,0.353435,66.990323,-64.71415,-0.353435,0.920439,0.166961,-0.166961,NA,NA,NA,NA,NA,NA,NA,NA,NA,NA,NA,NA
NA,NA,NA,NA,NA,NA,NA,NA,NA,NA,NA,NA,NA,NA,NA,NA,62,2025-10-16,11:33:38,3,6,"Higgins, Ryan",1000329317,Right,CAR_EAG,"Ring, Alex",10041847,Right,CAR_EAG,Undefined,2,Bottom,0,2,2,Slider,Slider,BallCalled,Undefined,Undefined,Undefined,0,0,NA,80.90259,-1.912064,-4.276105,2352.753055,183.669422,12:00:00,5.68735,2.76826,5.28227,-42.36589,2.72748,0.06091,0.35541,-1.25015,72.76409,-9.635485,-4.265326,0.483312,NA,NA,NA,NA,NA,NA,NA,NA,NA,NA,NA,-1.56016,2.57874,-2.37744,50,5.48184,8.72404,-116.71096,-5.38988,-2.09417,27.46268,-28.7127,CAR_EAG,CAR_EAG,CarsonNewman,TeamExclusive,Team,20251016-CarsonNewman-Private-1,7cd33e70-aaa5-11f0-b6c6-a366fa88dd2f,77.98777,NA,NA,8.1385,NA,NA,NA,NA,NA,NA,ce55f4e9-d602-4b97-9db7-16df456cdcea,2025-10-16,15:33:38,2025-10-16T15:33:38Z,2025-10-16T15:33:38Z,NA,v3,CNE,CNE,NA,"Rogers, Jacob",1000215913,Right,CAR_EAG,d14a7c7c-aa12-443a-838f-84ff97db15ce,55.21528,-117.93175,13.73134,5.69307,-4.11351,-14.35635,-2.76732,8.81713,-1.04708,NA,NA,NA,NA,NA,NA,NA,NA,NA,NA,NA,NA,NA,NA,NA,NA,NA,NA,NA,NA,NA,NA,NA,NA,NA,NA,NA,NA,NA,NA,NA,NA,NA,NA,NA,NA,NA,NA,NA,NA,NA,NA,NA,NA,NA,NA,NA,NA,NA,NA,High,High,High,NA,NA,NA,NA,NA,274.163503,81.912691,330.989861,0.140682,03:15:00,-0.981319,-0.173266,0.083617,70.892028,-16.910387,26.35459,-0.430216,99.438584,-0.148038,-62.936744,0.148038,-0.890505,0.430216,71.011551,-25.481277,0.890505,-0.890505,-99.438584,25.481277,0.430216,62.936744,-71.011551,-0.430216,0.890505,0.148038,-0.148038,NA,NA,NA,NA,NA,NA,NA,NA,NA,NA,NA,NA
NA,NA,NA,NA,NA,NA,NA,NA,NA,NA,NA,NA,NA,NA,NA,NA,63,2025-10-16,11:34:03,3,7,"Higgins, Ryan",1000329317,Right,CAR_EAG,"Ring, Alex",10041847,Right,CAR_EAG,Undefined,2,Bottom,0,3,2,Fastball,Sinker,BallCalled,Walk,Undefined,Undefined,0,0,NA,86.89231,-1.227019,-5.598594,2162.661789,239.146585,02:00:00,5.82946,2.58936,5.50361,-27.3045,10.73938,15.80422,2.40076,-1.34678,78.98456,-6.281848,-2.800998,0.443929,NA,NA,NA,NA,NA,NA,NA,NA,NA,NA,NA,-9.55871,6.15851,-2.10948,50,5.70354,11.60967,-125.50094,-3.64408,-15.18051,26.40466,-22.3935,CAR_EAG,CAR_EAG,CarsonNewman,TeamExclusive,Team,20251016-CarsonNewman-Private-1,8c124a20-aaa5-11f0-b6c6-a366fa88dd2f,84.9064,NA,NA,7.90775,NA,NA,NA,NA,NA,NA,ce55f4e9-d602-4b97-9db7-16df456cdcea,2025-10-16,15:34:03,2025-10-16T15:34:03Z,2025-10-16T15:34:03Z,NA,v3,CNE,CNE,NA,"Rogers, Jacob",1000215913,Right,CAR_EAG,ccc909d4-7ed9-4b59-9949-7ab16ef99b9c,54.99709,-126.54793,13.20233,5.83043,-2.75614,-11.19675,-2.58176,12.2116,-7.59026,NA,NA,NA,NA,NA,NA,NA,NA,NA,NA,NA,NA,NA,NA,NA,NA,NA,NA,NA,NA,NA,NA,NA,NA,NA,NA,NA,NA,NA,NA,NA,NA,NA,NA,NA,NA,NA,NA,NA,NA,NA,NA,NA,NA,NA,NA,NA,NA,NA,NA,High,High,High,NA,NA,NA,NA,NA,246.907345,7.528141,2144.021014,0.991381,02:15:00,-0.148858,-0.914539,-0.37611,64.141523,9.328269,-85.754454,-0.950122,107.964909,-0.096194,-17.257882,0.096194,-0.296673,0.950122,84.218852,-71.827532,0.296673,-0.296673,-107.964909,71.827532,0.950122,17.257882,-84.218852,-0.950122,0.296673,0.096194,-0.096194,NA,NA,NA,NA,NA,NA,NA,NA,NA,NA,NA,NA
NA,NA,NA,NA,NA,NA,NA,NA,NA,NA,NA,NA,NA,NA,NA,NA,64,2025-10-16,11:34:34,4,1,"Higgins, Ryan",1000329317,Right,CAR_EAG,"Smith, Braxton",1000370200,Right,CAR_EAG,Undefined,2,Bottom,0,0,0,Slider,Slider,StrikeCalled,Undefined,Undefined,Undefined,0,0,NA,79.4857,1.312305,-4.090688,2271.210917,54.901695,07:45:00,5.61762,2.88116,5.34602,-45.25495,0.16894,-1.79787,3.08076,-1.11251,72.78792,-6.928261,-4.40865,0.48508,NA,NA,NA,NA,NA,NA,NA,NA,NA,NA,NA,-0.26024,0.16937,-2.51055,50,5.70389,8.30239,-115.07015,1.07471,-0.34835,21.69131,-31.94733,CAR_EAG,CAR_EAG,CarsonNewman,TeamExclusive,Team,20251016-CarsonNewman-Private-1,9e927710-aaa5-11f0-b6c6-a366fa88dd2f,77.70353,NA,NA,6.69778,NA,NA,NA,NA,NA,NA,ce55f4e9-d602-4b97-9db7-16df456cdcea,2025-10-16,15:34:34,2025-10-16T15:34:34Z,2025-10-16T15:34:34Z,NA,v3,CNE,CNE,NA,"Rogers, Jacob",1000215913,Right,CAR_EAG,957bc4b4-f173-45e4-9c53-22f0d050b11e,55.15549,-116.03792,10.84566,5.62415,2.50005,-15.97367,-2.88132,8.31793,-0.17417,NA,NA,NA,NA,NA,NA,NA,NA,NA,NA,NA,NA,NA,NA,NA,NA,NA,NA,NA,NA,NA,NA,NA,NA,NA,NA,NA,NA,NA,NA,NA,NA,NA,NA,NA,NA,NA,NA,NA,NA,NA,NA,NA,NA,NA,NA,NA,NA,NA,NA,High,High,High,NA,NA,NA,NA,NA,259.883306,78.299753,460.582301,0.202792,02:45:00,-0.983573,-0.17716,0.034631,96.087721,-25.214393,23.083111,-0.420528,107.234142,-0.268806,-60.059526,0.268806,-0.866544,0.420528,57.412841,-24.867942,0.866544,-0.866544,-107.234142,24.867942,0.420528,60.059526,-57.412841,-0.420528,0.866544,0.268806,-0.268806,NA,NA,NA,NA,NA,NA,NA,NA,NA,NA,NA,NA
NA,NA,NA,NA,NA,NA,NA,NA,NA,NA,NA,NA,NA,NA,NA,NA,65,2025-10-16,11:35:05,4,2,"Higgins, Ryan",1000329317,Right,CAR_EAG,"Smith, Braxton",1000370200,Right,CAR_EAG,Undefined,2,Bottom,0,0,1,Slider,Slider,BallCalled,Undefined,Undefined,Undefined,0,0,NA,79.94088,-0.499562,-4.101352,2525.298633,89.184064,09:00:00,5.62021,2.80694,5.59407,-42.7775,1.13839,-4.54422,1.58776,-1.40787,74.42562,-8.266408,-4.909525,0.47696,NA,NA,NA,NA,NA,NA,NA,NA,NA,NA,NA,1.29835,1.06835,-2.45143,50,5.54915,8.48934,-115.96561,-2.44282,1.78748,19.44948,-30.70321,CAR_EAG,CAR_EAG,CarsonNewman,TeamExclusive,Team,20251016-CarsonNewman-Private-1,b13a5040-aaa5-11f0-b6c6-a366fa88dd2f,79.02635,NA,NA,5.51525,NA,NA,NA,NA,NA,NA,ce55f4e9-d602-4b97-9db7-16df456cdcea,2025-10-16,15:35:05,2025-10-16T15:35:05Z,2025-10-16T15:35:05Z,NA,v3,CNE,CNE,NA,"Rogers, Jacob",1000215913,Right,CAR_EAG,a72b091d-540b-427e-8293-1195ec7f7e34,54.90982,-116.78617,9.72474,5.62489,-1.14747,-15.35161,-2.808,8.41393,0.89374,NA,NA,NA,NA,NA,NA,NA,NA,NA,NA,NA,NA,NA,NA,NA,NA,NA,NA,NA,NA,NA,NA,NA,NA,NA,NA,NA,NA,NA,NA,NA,NA,NA,NA,NA,NA,NA,NA,NA,NA,NA,NA,NA,NA,NA,NA,NA,NA,NA,NA,High,High,High,NA,NA,NA,NA,NA,326.775326,83.746718,275.065162,0.10892400000000001,05:00:00,-0.984431,-0.068347,0.16194,70.448362,-11.001734,21.528475,-0.418248,100.585114,-0.166857,-63.23691,0.166857,-0.892876,0.418248,68.250792,-24.723995,0.892876,-0.892876,-100.585114,24.723995,0.418248,63.23691,-68.250792,-0.418248,0.892876,0.166857,-0.166857,NA,NA,NA,NA,NA,NA,NA,NA,NA,NA,NA,NA
NA,NA,NA,NA,NA,NA,NA,NA,NA,NA,NA,NA,NA,NA,NA,NA,66,2025-10-16,11:35:25,4,3,"Higgins, Ryan",1000329317,Right,CAR_EAG,"Smith, Braxton",1000370200,Right,CAR_EAG,Undefined,2,Bottom,0,1,1,Fastball,Changeup,FoulBallNotFieldable,Undefined,Undefined,Undefined,0,0,NA,80.51636,0.962943,-4.153818,2084.93228,241.275794,02:00:00,6.03556,2.97958,5.08048,-33.80856,11.00918,17.34513,4.12843,0.50234,73.13429,-5.251591,-1.098391,0.481833,NA,NA,NA,NA,NA,NA,NA,NA,NA,NA,NA,-9.85733,5.60843,-2.59989,50,6.10073,7.73604,-116.4931,0.80153,-13.48756,22.76031,-24.50019,CAR_EAG,CAR_EAG,CarsonNewman,TeamExclusive,Team,20251016-CarsonNewman-Private-1,bc9c48d0-aaa5-11f0-b6c6-a366fa88dd2f,78.22724,NA,NA,7.38207,NA,NA,NA,NA,NA,NA,ce55f4e9-d602-4b97-9db7-16df456cdcea,2025-10-16,15:35:25,2025-10-16T15:35:25Z,2025-10-16T15:35:25Z,NA,v3,CNE,CNE,NA,"Rogers, Jacob",1000215913,Right,CAR_EAG,307b6e55-c586-4356-a795-558393a8004b,55.42148,-117.54757,11.38015,6.0373,1.93661,-12.2501,-2.97277,8.36091,-6.74378,NA,NA,NA,NA,NA,NA,NA,NA,NA,NA,NA,NA,NA,NA,NA,NA,NA,NA,NA,NA,NA,NA,NA,NA,NA,NA,NA,NA,NA,NA,NA,NA,NA,NA,NA,NA,NA,NA,NA,NA,NA,NA,NA,NA,NA,NA,NA,NA,NA,NA,High,High,High,NA,NA,NA,NA,NA,247.039499,12.835931,2032.830296,0.97501,02:15:00,-0.264143,-0.893904,-0.362166,56.710828,10.538082,-89.937891,-0.944708,110.626253,-0.115514,-17.872159,0.115514,-0.306894,0.944708,83.028744,-70.857784,0.306894,-0.306894,-110.626253,70.857784,0.944708,17.872159,-83.028744,-0.944708,0.306894,0.115514,-0.115514,NA,NA,NA,NA,NA,NA,NA,NA,NA,NA,NA,NA
NA,NA,NA,NA,NA,NA,NA,NA,NA,NA,NA,NA,NA,NA,NA,NA,67,2025-10-16,11:35:49,4,4,"Higgins, Ryan",1000329317,Right,CAR_EAG,"Smith, Braxton",1000370200,Right,CAR_EAG,Undefined,2,Bottom,0,1,2,ChangeUp,Changeup,BallinDirt,Undefined,Undefined,Undefined,0,0,NA,81.40039,-2.005899,-6.268719,1836.248986,278.142773,03:15:00,5.56001,2.84657,5.6095,-44.78569,-0.94098,18.11056,-0.0566,-1.5193,73.67401,-10.178509,-3.052861,0.476574,NA,NA,NA,NA,NA,NA,NA,NA,NA,NA,NA,-11.2804,0.64559,-2.32042,50,5.35845,12.16256,-117.30762,-5.65592,-15.42961,25.99762,-31.29098,CAR_EAG,CAR_EAG,CarsonNewman,TeamExclusive,Team,20251016-CarsonNewman-Private-1,cad9c300-aaa5-11f0-b6c6-a366fa88dd2f,79.09049,NA,NA,7.72638,NA,NA,NA,NA,NA,NA,ce55f4e9-d602-4b97-9db7-16df456cdcea,2025-10-16,15:35:49,2025-10-16T15:35:49Z,2025-10-16T15:35:49Z,NA,v3,CNE,CNE,NA,"Rogers, Jacob",1000215913,Right,CAR_EAG,fa6cd538-7a8e-43e1-849c-f3f4d5212951,54.89263,-118.38695,12.99881,5.56629,-4.35682,-15.64549,-2.83867,12.80314,-7.71481,NA,NA,NA,NA,NA,NA,NA,NA,NA,NA,NA,NA,NA,NA,NA,NA,NA,NA,NA,NA,NA,NA,NA,NA,NA,NA,NA,NA,NA,NA,NA,NA,NA,NA,NA,NA,NA,NA,NA,NA,NA,NA,NA,NA,NA,NA,NA,NA,NA,NA,High,High,High,NA,NA,NA,NA,NA,266.605899,-13.307431,1786.943917,0.973149,03:00:00,0.256168,-0.96279,-0.0861,-58.854738,-28.19808,84.619537,0.491198,96.995889,-0.106092,59.83283,0.106092,-0.864563,-0.491198,77.812121,29.419355,0.864563,0.864563,-96.995889,-29.419355,0.491198,-59.83283,-77.812121,-0.491198,-0.864563,0.106092,-0.106092,NA,NA,NA,NA,NA,NA,NA,NA,NA,NA,NA,NA
NA,NA,NA,NA,NA,NA,NA,NA,NA,NA,NA,NA,NA,NA,NA,NA,68,2025-10-16,11:36:10,4,5,"Higgins, Ryan",1000329317,Right,CAR_EAG,"Smith, Braxton",1000370200,Right,CAR_EAG,Undefined,2,Bottom,0,2,2,Slider,Slider,BallCalled,Undefined,Undefined,Undefined,0,0,NA,81.42512,-0.542989,-4.985842,2402.938188,318.82074,04:45:00,5.73489,2.83583,5.33559,-42.48908,1.39567,0.13165,1.68273,-1.84298,73.95656,-8.280242,-4.962583,0.476791,NA,NA,NA,NA,NA,NA,NA,NA,NA,NA,NA,-1.64839,1.35776,-2.38454,50,5.65547,10.25367,-117.59761,-2.61882,-2.27764,25.06716,-30.29796,CAR_EAG,CAR_EAG,CarsonNewman,TeamExclusive,Team,20251016-CarsonNewman-Private-1,d78ec870-aaa5-11f0-b6c6-a366fa88dd2f,79.05439,NA,NA,7.46856,NA,NA,NA,NA,NA,NA,ce55f4e9-d602-4b97-9db7-16df456cdcea,2025-10-16,15:36:10,2025-10-16T15:36:10Z,2025-10-16T15:36:10Z,NA,v3,CNE,CNE,NA,"Rogers, Jacob",1000215913,Right,CAR_EAG,ea62e9ef-d26d-4c6e-8ba6-e2a9b2490684,55.16391,-118.69325,12.53358,5.74099,-1.29455,-15.14898,-2.83488,10.35322,-1.13882,NA,NA,NA,NA,NA,NA,NA,NA,NA,NA,NA,NA,NA,NA,NA,NA,NA,NA,NA,NA,NA,NA,NA,NA,NA,NA,NA,NA,NA,NA,NA,NA,NA,NA,NA,NA,NA,NA,NA,NA,NA,NA,NA,NA,NA,NA,NA,NA,NA,NA,High,High,High,NA,NA,NA,NA,NA,286.607912,82.036306,332.916462,0.138546,03:30:00,-0.981869,-0.142145,0.125408,88.642921,-11.733779,26.413218,-0.32159,108.5795,-0.301695,-63.835273,0.301695,-0.89753,0.32159,46.828264,-18.759112,0.89753,-0.89753,-108.5795,18.759112,0.32159,63.835273,-46.828264,-0.32159,0.89753,0.301695,-0.301695,NA,NA,NA,NA,NA,NA,NA,NA,NA,NA,NA,NA
NA,NA,NA,NA,NA,NA,NA,NA,NA,NA,NA,NA,NA,NA,NA,NA,69,2025-10-16,11:36:29,4,6,"Higgins, Ryan",1000329317,Right,CAR_EAG,"Smith, Braxton",1000370200,Right,CAR_EAG,Undefined,2,Bottom,0,3,2,Slider,Slider,InPlay,Undefined,LineDrive,Double,0,2,NA,79.80429,-0.075273,-3.25979,2489.085017,201.44944,12:45:00,5.7042,2.9695,5.46605,-42.11861,1.9635,0.30374,2.12374,-0.05954,74.30588,-7.725818,-3.205797,0.477862,83.34503,19.334886,-17.211967,1242.607117,105.36517,28.25487,-31.59269,266.08245,266.08245,-16.653188,3.004959,-0.93543,1.32917,-2.68246,50,5.66823,6.58936,-115.8973,-1.57458,-1.28963,18.899,-30.34157,CAR_EAG,CAR_EAG,CarsonNewman,TeamExclusive,Team,20251016-CarsonNewman-Private-1,e2c82a60-aaa5-11f0-b6c6-a366fa88dd2f,78.8772,30.10934,NA,5.49841,NA,NA,NA,1.85336,2.23788,0.05531,ce55f4e9-d602-4b97-9db7-16df456cdcea,2025-10-16,15:36:29,2025-10-16T15:36:29Z,2025-10-16T15:36:29Z,LineDrive,v3,CNE,CNE,NA,"Rogers, Jacob",1000215913,Right,CAR_EAG,481026da-a43c-4b1e-8bee-2ba6aa540978,55.03865,-116.71605,9.4495,5.70798,-0.26012,-15.17079,-2.96913,6.64523,-0.64481,185.639081,1.85323,110.18414,-13.1824,2.46748,-0.54503,0.13388,-0.0284,0.00304,-2e-5,2.23795,40.47,-15.88194,1.04526,-0.17662,0.03432,-0.0087,0.00281,-3.9e-4,0.05532,-34.13206,4.57445,-0.8884,0.18469,-0.04054,0.00813,-0.00112,6e-5,NA,NA,NA,NA,NA,NA,NA,NA,NA,NA,NA,NA,NA,NA,NA,NA,NA,NA,NA,NA,NA,NA,High,High,High,High,High,NA,NA,NA,289.938173,82.684817,316.928835,0.127327,03:45:00,-0.987629,-0.120999,0.099741,71.421618,-10.303983,25.720779,-0.354755,103.5067,-0.218368,-65.381378,0.218368,-0.909101,0.354755,58.38577,-20.778431,0.909101,-0.909101,-103.5067,20.778431,0.354755,65.381378,-58.38577,-0.354755,0.909101,0.218368,-0.218368,NA,NA,NA,NA,NA,NA,NA,NA,NA,NA,NA,NA
NA,NA,NA,NA,NA,NA,NA,NA,NA,NA,NA,NA,NA,NA,NA,NA,70,2025-10-16,11:39:20,5,1,"Griner, Gavin",10119620,Right,CAR_EAG,"Bolton, Ryan",1000215919,Right,CAR_EAG,Undefined,2,Bottom,0,0,0,Fastball,Changeup,BallCalled,Undefined,Undefined,Undefined,0,0,NA,84.52525,-1.074198,-1.676085,1868.021582,221.399893,01:30:00,5.82908,2.26325,4.93344,-25.16663,15.64532,12.56898,2.71591,1.72587,76.826,-5.727288,0.54004,0.459796,NA,NA,NA,NA,NA,NA,NA,NA,NA,NA,NA,-6.6578,8.44394,-2.11093,50,5.70429,3.0089,-122.45109,-3.18218,-10.05398,25.40202,-19.42282,CAR_EAG,CAR_EAG,CarsonNewman,TeamExclusive,Team,20251016-CarsonNewman-Private-1,49176b50-aaa6-11f0-b6c6-a366fa88dd2f,81.97647,NA,NA,7.69925,NA,NA,NA,NA,NA,NA,ce55f4e9-d602-4b97-9db7-16df456cdcea,2025-10-16,15:39:20,2025-10-16T15:39:20Z,2025-10-16T15:39:20Z,NA,v3,CNE,CNE,NA,"Rogers, Jacob",1000215913,Right,CAR_EAG,f559995d-7d26-450d-8347-0b9dd5a63cd4,55.56536,-123.60021,12.70101,5.82837,-2.30354,-9.71141,-2.25733,3.46371,-5.02699,NA,NA,NA,NA,NA,NA,NA,NA,NA,NA,NA,NA,NA,NA,NA,NA,NA,NA,NA,NA,NA,NA,NA,NA,NA,NA,NA,NA,NA,NA,NA,NA,NA,NA,NA,NA,NA,NA,NA,NA,NA,NA,NA,NA,NA,NA,NA,NA,NA,NA,High,High,High,NA,NA,NA,NA,NA,212.90424,19.182545,1764.302518,0.944477,01:00:00,-0.341959,-0.519144,-0.783296,-28.515809,12.62639,65.475927,-0.513248,150.071149,-0.74379,-25.353181,0.74379,-0.428197,0.513248,34.607391,-30.880428,0.428197,-0.428197,-150.071149,30.880428,0.513248,25.353181,-34.607391,-0.513248,0.428197,0.74379,-0.74379,NA,NA,NA,NA,NA,NA,NA,NA,NA,NA,NA,NA
NA,NA,NA,NA,NA,NA,NA,NA,NA,NA,NA,NA,NA,NA,NA,NA,71,2025-10-16,11:39:35,5,2,"Griner, Gavin",10119620,Right,CAR_EAG,"Bolton, Ryan",1000215919,Right,CAR_EAG,Undefined,2,Bottom,0,1,0,Fastball,Changeup,InPlay,Undefined,Bunt,Out,1,0,NA,84.08265,-1.343101,-2.865478,1912.389916,220.606982,01:15:00,5.7465,2.45136,5.20686,-27.72813,13.03379,10.01749,2.17084,0.58894,76.72943,-6.456645,-1.092007,0.459514,36.18373,-60.560972,29.189242,NA,NA,NA,NA,3.66604,3.6355,-1.137787,0.039903,-5.88276,7.28607,-2.19403,50,5.60145,5.67611,-121.83931,-3.81842,-8.81106,24.74318,-21.26112,CAR_EAG,CAR_EAG,CarsonNewman,TeamExclusive,Team,20251016-CarsonNewman-Private-1,51f18080-aaa6-11f0-b6c6-a366fa88dd2f,82.02674,1.86334,NA,7.35322,NA,NA,NA,2.74725,1.86334,-0.58566,ce55f4e9-d602-4b97-9db7-16df456cdcea,2025-10-16,15:39:35,2025-10-16T15:39:35Z,2025-10-16T15:39:35Z,GroundBall,v3,CNE,CNE,NA,"Rogers, Jacob",1000215913,Right,CAR_EAG,7d82b072-f4bb-48a1-a8e1-7ef6e63f461d,55.29549,-122.91001,12.37159,5.74678,-2.89839,-10.63056,-2.4479,6.05739,-4.40553,180,2.74573,23.00776,NA,NA,NA,NA,NA,NA,NA,1.86642,-46.69713,NA,NA,NA,NA,NA,NA,NA,-0.58651,12.85293,NA,NA,NA,NA,NA,NA,NA,NA,NA,NA,NA,NA,NA,NA,NA,NA,NA,NA,NA,NA,NA,NA,NA,NA,NA,NA,NA,NA,NA,High,High,High,Low,Low,NA,NA,NA,215.301154,15.803253,1840.106419,0.962203,01:15:00,-0.29816,-0.562262,-0.771338,-27.029364,13.261196,62.72197,-0.414055,150.953227,-0.795764,-26.228271,0.795764,-0.441949,0.414055,27.489076,-24.459848,0.441949,-0.441949,-150.953227,24.459848,0.414055,26.228271,-27.489076,-0.414055,0.441949,0.795764,-0.795764,NA,NA,NA,NA,NA,NA,NA,NA,NA,NA,NA,NA
NA,NA,NA,NA,NA,NA,NA,NA,NA,NA,NA,NA,NA,NA,NA,NA,72,2025-10-16,11:40:06,6,1,"Griner, Gavin",10119620,Right,CAR_EAG,"Pierce, Johno",10069844,Right,CAR_EAG,Undefined,2,Bottom,1,0,0,Slider,Curveball,FoulBallNotFieldable,Undefined,Undefined,Undefined,0,0,NA,69.78836,1.216381,-2.166721,2282.957258,60.424259,08:00:00,5.61111,2.40803,4.89505,-65.68319,-6.13264,-13.94989,1.28913,-0.80501,64.74607,-10.549242,-4.62577,0.555411,NA,NA,NA,NA,NA,NA,NA,NA,NA,NA,NA,6.35788,-2.95921,-2.18305,50,5.67438,4.33361,-101.25727,0.02699,6.59883,16.58247,-35.24541,CAR_EAG,CAR_EAG,CarsonNewman,TeamExclusive,Team,20251016-CarsonNewman-Private-1,643b0d10-aaa6-11f0-b6c6-a366fa88dd2f,67.86408,NA,NA,5.04228,NA,NA,NA,NA,NA,NA,ce55f4e9-d602-4b97-9db7-16df456cdcea,2025-10-16,15:40:06,2025-10-16T15:40:06Z,2025-10-16T15:40:06Z,NA,v3,CNE,CNE,NA,"Rogers, Jacob",1000215913,Right,CAR_EAG,f46740fd-3095-401f-9455-7f3ec85e150b,55.6111,-102.17205,8.29124,5.61927,1.97131,-17.62271,-2.41207,3.96958,3.29942,NA,NA,NA,NA,NA,NA,NA,NA,NA,NA,NA,NA,NA,NA,NA,NA,NA,NA,NA,NA,NA,NA,NA,NA,NA,NA,NA,NA,NA,NA,NA,NA,NA,NA,NA,NA,NA,NA,NA,NA,NA,NA,NA,NA,NA,NA,NA,NA,NA,NA,High,High,High,NA,NA,NA,NA,NA,51.414978,49.19794,1491.79343,0.653448,07:45:00,-0.730016,0.526743,0.435451,-23.873719,14.486328,33.069549,-0.422785,135.939407,-0.651221,-39.065563,0.651221,-0.630209,0.422785,32.992402,-25.010553,0.630209,-0.630209,-135.939407,25.010553,0.422785,39.065563,-32.992402,-0.422785,0.630209,0.651221,-0.651221,NA,NA,NA,NA,NA,NA,NA,NA,NA,NA,NA,NA
NA,NA,NA,NA,NA,NA,NA,NA,NA,NA,NA,NA,NA,NA,NA,NA,73,2025-10-16,11:40:26,6,2,"Griner, Gavin",10119620,Right,CAR_EAG,"Pierce, Johno",10069844,Right,CAR_EAG,Undefined,2,Bottom,1,0,1,Slider,Curveball,StrikeCalled,Undefined,Undefined,Undefined,0,0,NA,70.63738,2.884801,-1.167536,2205.343097,70.754301,08:15:00,5.60664,2.36673,4.82161,-62.7233,-3.83945,-16.58702,3.11511,-0.12158,64.48048,-8.433853,-4.083787,0.552293,NA,NA,NA,NA,NA,NA,NA,NA,NA,NA,NA,7.76028,-2.13768,-2.23578,50,5.83938,2.72354,-102.28221,3.06381,8.14823,18.26209,-34.41857,CAR_EAG,CAR_EAG,CarsonNewman,TeamExclusive,Team,20251016-CarsonNewman-Private-1,70509e30-aaa6-11f0-b6c6-a366fa88dd2f,68.24718,NA,NA,6.1569,NA,NA,NA,NA,NA,NA,ce55f4e9-d602-4b97-9db7-16df456cdcea,2025-10-16,15:40:26,2025-10-16T15:40:26Z,2025-10-16T15:40:26Z,NA,v3,CNE,CNE,NA,"Rogers, Jacob",1000215913,Right,CAR_EAG,399135c1-6891-4184-81da-67ff5f7cb5a2,55.68125,-103.29159,9.13105,5.61747,4.9662,-17.20929,-2.37387,2.27317,4.07411,NA,NA,NA,NA,NA,NA,NA,NA,NA,NA,NA,NA,NA,NA,NA,NA,NA,NA,NA,NA,NA,NA,NA,NA,NA,NA,NA,NA,NA,NA,NA,NA,NA,NA,NA,NA,NA,NA,NA,NA,NA,NA,NA,NA,NA,NA,NA,NA,NA,NA,High,High,High,NA,NA,NA,NA,NA,47.604178,49.228997,1440.171555,0.653037,07:30:00,-0.72297,0.519775,0.455135,-26.074659,32.488725,35.526114,-0.486129,131.347892,-0.577315,-40.998366,0.577315,-0.656038,0.486129,40.099114,-29.086494,0.656038,-0.656038,-131.347892,29.086494,0.486129,40.998366,-40.099114,-0.486129,0.656038,0.577315,-0.577315,NA,NA,NA,NA,NA,NA,NA,NA,NA,NA,NA,NA
NA,NA,NA,NA,NA,NA,NA,NA,NA,NA,NA,NA,NA,NA,NA,NA,74,2025-10-16,11:41:19,6,3,"Griner, Gavin",10119620,Right,CAR_EAG,"Pierce, Johno",10069844,Right,CAR_EAG,Undefined,2,Bottom,1,0,2,Slider,Curveball,InPlay,Undefined,FlyBall,Sacrifice,1,0,NA,71.29333,1.992409,-1.760979,2284.816478,70.273447,08:15:00,5.63093,2.18526,4.97691,-59.08448,-2.58638,-11.64371,2.59072,-0.44883,66.20399,-8.642672,-3.814491,0.540989,81.5228,38.781697,8.991981,NA,106.14916,77.08408,28.85049,259.87016,228.16213,24.299149,4.984961,5.37642,-1.41264,-2.00495,50,5.77439,3.60602,-103.49748,1.67879,5.87661,16.02747,-33.7181,CAR_EAG,CAR_EAG,CarsonNewman,TeamExclusive,Team,20251016-CarsonNewman-Private-1,8fc2b280-aaa6-11f0-b6c6-a366fa88dd2f,69.67323,87.47132,NA,5.08934,NA,NA,NA,2.06646,2.85108,0.46166,ce55f4e9-d602-4b97-9db7-16df456cdcea,2025-10-16,15:41:19,2025-10-16T15:41:19Z,2025-10-16T15:41:19Z,FlyBall,v3,CNE,CNE,NA,"Rogers, Jacob",1000215913,Right,CAR_EAG,403fece1-eb9d-486d-9ce3-3ee507e3c634,55.52881,-104.35015,8.01373,5.63736,3.47261,-16.85905,-2.18847,3.29338,2.9383,206.412159,2.06786,92.03602,-21.57873,5.28629,-1.11517,0.22093,-0.03839,0.00451,-2.4e-4,2.85236,74.85605,-18.36462,0.67816,0.28693,-0.19604,0.054,-0.00712,3.6e-4,0.46126,14.57567,4.0744,-1.25901,0.30256,-0.05859,0.00837,-7.8e-4,3e-5,NA,NA,NA,NA,NA,NA,NA,NA,NA,NA,NA,NA,NA,NA,NA,NA,NA,NA,NA,NA,NA,NA,High,High,High,High,Medium,NA,NA,NA,49.95385,49.210393,1492.632391,0.653283,07:45:00,-0.726003,0.526126,0.442845,-27.33937,30.184118,38.808135,-0.426552,134.339758,-0.63214,-40.306712,0.63214,-0.646879,0.426552,34.010487,-25.248943,0.646879,-0.646879,-134.339758,25.248943,0.426552,40.306712,-34.010487,-0.426552,0.646879,0.63214,-0.63214,NA,NA,NA,NA,NA,NA,NA,NA,NA,NA,NA,NA
NA,NA,NA,NA,NA,NA,NA,NA,NA,NA,NA,NA,NA,NA,NA,NA,75,2025-10-16,11:41:58,7,1,"Griner, Gavin",10119620,Right,CAR_EAG,"Floyd, Logan",1000148156,Right,CAR_EAG,Undefined,2,Bottom,2,0,0,Slider,Curveball,InPlay,Undefined,FlyBall,Out,1,0,NA,70.76681,2.167324,-0.717235,2167.658474,75.63928,08:30:00,5.63505,2.48735,5.01818,-59.63846,-1.5815,-13.62233,2.7118,0.6752,64.7519,-8.636607,-3.123798,0.548401,94.62764,43.318018,-28.929485,3869.597138,96.28041,102.5887,-53.19819,289.88082000000003,247.75555,-29.773445,6.013797,6.59823,-0.9739,-2.40681,50,5.79441,1.78192,-102.59507,1.97379,6.97936,18.17556,-33.20418,CAR_EAG,CAR_EAG,CarsonNewman,TeamExclusive,Team,20251016-CarsonNewman-Private-1,a71d3e50-aaa6-11f0-b6c6-a366fa88dd2f,68.73147,131.72447,NA,6.01491,NA,NA,NA,2.86564,2.5196,-0.56993,ce55f4e9-d602-4b97-9db7-16df456cdcea,2025-10-16,15:41:58,2025-10-16T15:41:58Z,2025-10-16T15:41:58Z,FlyBall,v3,CNE,CNE,NA,"Rogers, Jacob",1000215913,Right,CAR_EAG,1411a55a-6d11-4c36-bd10-f299f2d7d962,55.48572,-103.56235,9.08778,5.64235,3.74088,-16.60209,-2.49176,1.41049,3.48968,178.113754,2.87229,88.26127,-24.11287,6.44018,-1.18335,0.13965,-0.00943,3.7e-4,-1e-5,2.51903,95.20734,-19.26636,0.18498,0.47827,-0.21028,0.04705,-0.00538,2.4e-4,-0.57348,-48.78442,12.57367,-3.28171,0.58678,-0.06636,0.0042,-1.6e-4,1e-5,NA,NA,NA,NA,NA,NA,NA,NA,NA,NA,NA,NA,NA,NA,NA,NA,NA,NA,NA,NA,NA,NA,High,High,High,Medium,Low,NA,NA,NA,49.050958,53.637157,1285.197734,0.592897,07:45:00,-0.782841,0.477944,0.398408,-29.84221,29.631274,41.210044,-0.435197,133.379705,-0.618377,-40.872653,0.618377,-0.65438,0.435197,35.13681,-25.797812,0.65438,-0.65438,-133.379705,25.797812,0.435197,40.872653,-35.13681,-0.435197,0.65438,0.618377,-0.618377,NA,NA,NA,NA,NA,NA,NA,NA,NA,NA,NA,NA
NA,NA,NA,NA,NA,NA,NA,NA,NA,NA,NA,NA,NA,NA,NA,NA,76,2025-10-16,11:44:09,1,1,"Casson, Kolton",1000370207,Right,CAR_EAG,"Mutter, Evan",1000300074,Right,CAR_EAG,Undefined,3,Top,0,0,0,Slider,Curveball,BallCalled,Undefined,Undefined,Undefined,0,0,NA,75.74798,1.077183,-0.687738,2094.977082,64.577554,08:15:00,5.31293,3.01386,5.97569,-53.38664,-4.1076,-12.32638,1.86286,1.34905,68.74038,-8.773669,-2.906916,0.505245,NA,NA,NA,NA,NA,NA,NA,NA,NA,NA,NA,6.0691,-1.89788,-2.95281,50,5.36918,1.76788,-109.92516,0.43412,7.29193,22.76832,-34.4543,CAR_EAG,CAR_EAG,CarsonNewman,TeamExclusive,Team,20251016-CarsonNewman-Private-1,f4fd4f20-aaa6-11f0-b6c6-a366fa88dd2f,74.60223,NA,NA,7.0076,NA,NA,NA,NA,NA,NA,ce55f4e9-d602-4b97-9db7-16df456cdcea,2025-10-16,15:44:09,2025-10-16T15:44:09Z,2025-10-16T15:44:09Z,NA,v3,CNE,CNE,NA,"Cochran, Carson",10085797,Right,CAR_EAG,6a69d1f7-0810-4473-9f05-16467f9845ae,54.52574,-110.8586,11.38416,5.32243,1.84664,-17.22715,-3.01916,1.46894,3.64596,NA,NA,NA,NA,NA,NA,NA,NA,NA,NA,NA,NA,NA,NA,NA,NA,NA,NA,NA,NA,NA,NA,NA,NA,NA,NA,NA,NA,NA,NA,NA,NA,NA,NA,NA,NA,NA,NA,NA,NA,NA,NA,NA,NA,NA,NA,NA,NA,NA,NA,High,High,High,NA,NA,NA,NA,NA,58.259196,70.446712,701.1541,0.334683,08:00:00,-0.934632,0.302292,0.187301,92.717827,-7.913677,16.48236,-0.270336,126.199028,-0.568602,-50.979771,0.568602,-0.776924,0.270336,25.428244,-15.684239,0.776924,-0.776924,-126.199028,15.684239,0.270336,50.979771,-25.428244,-0.270336,0.776924,0.568602,-0.568602,NA,NA,NA,NA,NA,NA,NA,NA,NA,NA,NA,NA
NA,NA,NA,NA,NA,NA,NA,NA,NA,NA,NA,NA,NA,NA,NA,NA,77,2025-10-16,11:44:24,1,2,"Casson, Kolton",1000370207,Right,CAR_EAG,"Mutter, Evan",1000300074,Right,CAR_EAG,Undefined,3,Top,0,1,0,Fastball,Sinker,InPlay,Undefined,FlyBall,Out,1,0,NA,88.51295,-0.63107,-3.854058,2164.971494,232.753723,01:45:00,5.37475,2.77972,6.83098,-24.05352,10.45745,12.30749,2.79333,0.28457,80.8605,-5.202845,-1.611875,0.422815,88.64456,38.249964,-31.368771,3897.219889,92.0963,81.24719,-60.15199,311.04164,161.59864,-36.414486,5.457647,-7.65969,6.05681,-2.53603,50,5.32512,8.21677,-128.53034,-2.07229,-12.78852,27.12097,-22.06166,CAR_EAG,CAR_EAG,CarsonNewman,TeamExclusive,Team,20251016-CarsonNewman-Private-1,fded0f30-aaa6-11f0-b6c6-a366fa88dd2f,89.14648,103.55693,NA,7.65245,NA,NA,NA,1.73168,3.09049,-0.18397,ce55f4e9-d602-4b97-9db7-16df456cdcea,2025-10-16,15:44:24,2025-10-16T15:44:24Z,2025-10-16T15:44:24Z,FlyBall,v3,CNE,CNE,NA,"Cochran, Carson",10085797,Right,CAR_EAG,45cd21d9-4218-4f62-90f4-a3572298f054,53.67203,-129.30285,13.56048,5.3752,-1.44389,-11.03083,-2.77526,8.58104,-6.39426,NA,1.73653,87.08228,-20.26686,4.69651,-0.61205,-0.00382,0.01513,-0.00204,9e-5,3.08769,80.53448,-17.8912,0.95682,-0.13518,-9.8e-4,0.00876,-0.00178,1.1e-4,-0.18622,-53.10536,8.45788,-1.70279,0.17673,0.01338,-0.00668,7.4e-4,-3e-5,NA,NA,NA,NA,NA,NA,NA,NA,NA,NA,NA,NA,NA,NA,NA,NA,NA,NA,NA,NA,NA,NA,High,High,High,High,Low,NA,NA,NA,235.623159,11.893405,2118.495428,0.978533,01:45:00,-0.233875,-0.809845,-0.538009,50.04252,62.809997,35.174967,-0.975497,126.025567,-0.129399,-10.249524,0.129399,-0.177935,0.975497,82.443872,-77.290288,0.177935,-0.177935,-126.025567,77.290288,0.975497,10.249524,-82.443872,-0.975497,0.177935,0.129399,-0.129399,NA,NA,NA,NA,NA,NA,NA,NA,NA,NA,NA,NA
NA,NA,NA,NA,NA,NA,NA,NA,NA,NA,NA,NA,NA,NA,NA,NA,78,2025-10-16,11:44:57,2,1,"Casson, Kolton",1000370207,Right,CAR_EAG,"Carruthers, Wade",1000300075,Right,CAR_EAG,Undefined,3,Top,1,0,0,Fastball,Sinker,FoulBallNotFieldable,Undefined,Undefined,Undefined,0,0,NA,89.32556,-0.765148,-3.629469,2147.099756,232.34433,01:45:00,5.43047,2.83317,6.69774,-23.58974,10.48363,12.16823,2.76351,0.5237,81.54781,-5.24033,-1.417272,0.420126,65.31525,29.845539,129.732836,5382.08531,NA,NA,NA,NA,26.24109,NA,NA,-7.46796,6.08166,-2.59573,50,5.37002,7.77,-129.6934,-2.40092,-12.68952,27.72634,-21.84011,CAR_EAG,CAR_EAG,CarsonNewman,TeamExclusive,Team,20251016-CarsonNewman-Private-1,1178b8b0-aaa7-11f0-b6c6-a366fa88dd2f,89.71709,16.85978,NA,7.77775,NA,NA,NA,1.28238,2.57863,-0.70725,ce55f4e9-d602-4b97-9db7-16df456cdcea,2025-10-16,15:44:57,2025-10-16T15:44:57Z,2025-10-16T15:44:57Z,NA,v3,CNE,CNE,NA,"Cochran, Carson",10085797,Right,CAR_EAG,84917a24-8b6c-4bc7-8640-837d4e1ff42e,53.80459,-130.50422,13.86317,5.43089,-1.76223,-10.92006,-2.82838,8.14109,-6.34476,281.285705,1.2827,-53.12585,3.40038,NA,NA,NA,NA,NA,NA,2.58387,47.47646,-20.60067,NA,NA,NA,NA,NA,NA,-0.696,63.47339,-16.04982,NA,NA,NA,NA,NA,NA,NA,NA,NA,NA,NA,NA,NA,NA,NA,NA,NA,NA,NA,NA,NA,NA,NA,NA,NA,NA,NA,NA,High,High,High,High,Undefined,NA,NA,NA,233.111334,16.80093,2055.450384,0.957315,01:45:00,-0.314615,-0.769455,-0.555838,-92.911878,-24.76074,76.233234,-0.979443,130.299617,-0.13047,-8.849907,0.13047,-0.153847,0.979443,82.412416,-78.362424,0.153847,-0.153847,-130.299617,78.362424,0.979443,8.849907,-82.412416,-0.979443,0.153847,0.13047,-0.13047,NA,NA,NA,NA,NA,NA,NA,NA,NA,NA,NA,NA
NA,NA,NA,NA,NA,NA,NA,NA,NA,NA,NA,NA,NA,NA,NA,NA,79,2025-10-16,11:45:19,2,2,"Casson, Kolton",1000370207,Right,CAR_EAG,"Carruthers, Wade",1000300075,Right,CAR_EAG,Undefined,3,Top,1,0,1,Fastball,Sinker,FoulBallNotFieldable,Undefined,Undefined,Undefined,0,0,NA,88.64158,-0.80971,-3.837653,2209.058331,236.104014,01:45:00,5.35439,2.7896,6.7396,-22.8097,11.49564,15.57887,2.71201,0.57597,81.46587,-5.134773,-1.003683,0.421553,NA,NA,NA,NA,NA,NA,NA,NA,NA,NA,NA,-9.26249,6.61036,-2.54217,50,5.29194,8.06717,-128.77283,-2.45198,-15.63811,25.37125,-21.01357,CAR_EAG,CAR_EAG,CarsonNewman,TeamExclusive,Team,20251016-CarsonNewman-Private-1,1ec89e90-aaa7-11f0-b6c6-a366fa88dd2f,89.4133,NA,NA,7.17571,NA,NA,NA,NA,NA,NA,ce55f4e9-d602-4b97-9db7-16df456cdcea,2025-10-16,15:45:19,2025-10-16T15:45:19Z,2025-10-16T15:45:19Z,NA,v3,CNE,CNE,NA,"Cochran, Carson",10085797,Right,CAR_EAG,d832c09a-f91f-4c6d-b2a6-f1e8014e2ae3,53.76395,-129.51229,12.68562,5.35448,-1.83952,-10.50679,-2.78393,8.52296,-7.81906,NA,NA,NA,NA,NA,NA,NA,NA,NA,NA,NA,NA,NA,NA,NA,NA,NA,NA,NA,NA,NA,NA,NA,NA,NA,NA,NA,NA,NA,NA,NA,NA,NA,NA,NA,NA,NA,NA,NA,NA,NA,NA,NA,NA,NA,NA,NA,NA,NA,NA,High,High,High,NA,NA,NA,NA,NA,232.911692,13.485446,2148.152801,0.972429,01:45:00,-0.260963,-0.778932,-0.570231,77.332001,56.180546,62.836084,-0.995041,167.460233,-0.097095,-1.237461,0.097095,-0.021596,0.995041,84.426802,-84.291496,0.021596,-0.021596,-167.460233,84.291496,0.995041,1.237461,-84.426802,-0.995041,0.021596,0.097095,-0.097095,NA,NA,NA,NA,NA,NA,NA,NA,NA,NA,NA,NA
NA,NA,NA,NA,NA,NA,NA,NA,NA,NA,NA,NA,NA,NA,NA,NA,80,2025-10-16,11:45:51,2,3,"Casson, Kolton",1000370207,Right,CAR_EAG,"Carruthers, Wade",1000300075,Right,CAR_EAG,Undefined,3,Top,1,0,2,Fastball,Sinker,BallCalled,Undefined,Undefined,Undefined,0,0,NA,89.41795,-2.701134,-5.157922,2134.315216,223.212901,01:30:00,5.48751,2.73902,6.98148,-20.6743,13.4167,11.4791,1.29611,-1.00832,81.10659,-6.666875,-3.066624,0.420234,NA,NA,NA,NA,NA,NA,NA,NA,NA,NA,NA,-7.62567,8.33138,-2.42317,50,5.3131,11.24141,-129.35856,-6.64157,-12.79692,29.41078,-18.19285,CAR_EAG,CAR_EAG,CarsonNewman,TeamExclusive,Team,20251016-CarsonNewman-Private-1,31d9c0e0-aaa7-11f0-b6c6-a366fa88dd2f,89.69387,NA,NA,8.31136,NA,NA,NA,NA,NA,NA,ce55f4e9-d602-4b97-9db7-16df456cdcea,2025-10-16,15:45:51,2025-10-16T15:45:51Z,2025-10-16T15:45:51Z,NA,v3,CNE,CNE,NA,"Cochran, Carson",10085797,Right,CAR_EAG,f18e66e1-fe36-43e4-bceb-8fd520eefb54,53.51747,-130.15583,14.70539,5.48646,-6.1484,-9.09642,-2.73261,11.58831,-6.39846,NA,NA,NA,NA,NA,NA,NA,NA,NA,NA,NA,NA,NA,NA,NA,NA,NA,NA,NA,NA,NA,NA,NA,NA,NA,NA,NA,NA,NA,NA,NA,NA,NA,NA,NA,NA,NA,NA,NA,NA,NA,NA,NA,NA,NA,NA,NA,NA,NA,NA,High,High,High,NA,NA,NA,NA,NA,225.987963,17.017447,2040.865685,0.956216,01:30:00,-0.318606,-0.700732,-0.63833,-28.365581,39.465321,30.827224,-0.039748,175.229361,-0.995748,-4.766861,0.995748,-0.083101,0.039748,2.285928,-2.278017,0.083101,-0.083101,-175.229361,2.278017,0.039748,4.766861,-2.285928,-0.039748,0.083101,0.995748,-0.995748,NA,NA,NA,NA,NA,NA,NA,NA,NA,NA,NA,NA
NA,NA,NA,NA,NA,NA,NA,NA,NA,NA,NA,NA,NA,NA,NA,NA,81,2025-10-16,11:46:08,2,4,"Casson, Kolton",1000370207,Right,CAR_EAG,"Carruthers, Wade",1000300075,Right,CAR_EAG,Undefined,3,Top,1,1,2,Fastball,Four-Seam,BallCalled,Undefined,Undefined,Undefined,0,0,NA,89.79983,-1.884604,-5.101158,2175.819494,221.992969,01:30:00,5.60286,2.68556,6.86678,-18.88399,15.10221,12.49902,2.30389,-0.93499,81.12843,-5.531101,-2.829354,0.419588,NA,NA,NA,NA,NA,NA,NA,NA,NA,NA,NA,-8.16713,8.94717,-2.36374,50,5.47531,11.11768,-129.95174,-4.75322,-13.79678,30.31296,-17.05953,CAR_EAG,CAR_EAG,CarsonNewman,TeamExclusive,Team,20251016-CarsonNewman-Private-1,3c027620-aaa7-11f0-b6c6-a366fa88dd2f,89.83211,NA,NA,8.6714,NA,NA,NA,NA,NA,NA,ce55f4e9-d602-4b97-9db7-16df456cdcea,2025-10-16,15:46:08,2025-10-16T15:46:08Z,2025-10-16T15:46:08Z,NA,v3,CNE,CNE,NA,"Cochran, Carson",10085797,Right,CAR_EAG,934053be-244a-409f-a806-ac75653fc5ee,53.63228,-130.79627,15.15648,5.60111,-4.27794,-8.52976,-2.67884,11.50206,-6.89839,NA,NA,NA,NA,NA,NA,NA,NA,NA,NA,NA,NA,NA,NA,NA,NA,NA,NA,NA,NA,NA,NA,NA,NA,NA,NA,NA,NA,NA,NA,NA,NA,NA,NA,NA,NA,NA,NA,NA,NA,NA,NA,NA,NA,NA,NA,NA,NA,NA,NA,High,High,High,NA,NA,NA,NA,NA,225.39900600000001,15.212273,2099.57945,0.96496,01:30:00,-0.298955,-0.695323,-0.653569,-33.514524,33.479259,20.968739,-0.009329,175.447967,-0.996802,-4.551834,0.996802,-0.079361,0.009329,0.536234,-0.534543,0.079361,-0.079361,-175.447967,0.534543,0.009329,4.551834,-0.536234,-0.009329,0.079361,0.996802,-0.996802,NA,NA,NA,NA,NA,NA,NA,NA,NA,NA,NA,NA
NA,NA,NA,NA,NA,NA,NA,NA,NA,NA,NA,NA,NA,NA,NA,NA,82,2025-10-16,11:46:24,2,5,"Casson, Kolton",1000370207,Right,CAR_EAG,"Carruthers, Wade",1000300075,Right,CAR_EAG,Undefined,3,Top,1,2,2,Slider,Curveball,FoulBallNotFieldable,Undefined,Undefined,Undefined,0,0,NA,78.52669,0.849509,-2.330933,2210.882398,64.099657,08:15:00,5.31787,2.82524,5.92815,-48.87617,-3.55374,-10.18646,2.03383,-0.1877,72.2501,-8.11862,-4.159272,0.484538,59.24275,44.821949,142.684277,4621.091371,NA,NA,NA,NA,35.98879,NA,NA,4.60051,-1.71839,-2.6328,50,5.35784,5.00989,-114.05774,0.15838,6.04265,21.54902,-34.43111,CAR_EAG,CAR_EAG,CarsonNewman,TeamExclusive,Team,20251016-CarsonNewman-Private-1,45a22540-aaa7-11f0-b6c6-a366fa88dd2f,77.79043,31.24782,NA,6.27659,NA,NA,NA,2.59194,2.28868,0.13426,ce55f4e9-d602-4b97-9db7-16df456cdcea,2025-10-16,15:46:24,2025-10-16T15:46:24Z,2025-10-16T15:46:24Z,NA,v3,CNE,CNE,NA,"Cochran, Carson",10085797,Right,CAR_EAG,66a36645-8e6a-4f24-88c5-b13475589db3,54.57639,-114.91911,10.77451,5.324,1.53468,-17.21556,-2.82823,4.76834,3.02133,331.93964,2.59194,-49.01525,0.18396,0.97172,-0.29794,0.06972,0.00535,-0.01622,0.0069,2.28868,61.24874,-26.76087,3.07902,-0.64546,0.1092,-0.00826,-0.00829,0.0042,0.13426,37.36088,-5.70654,1.05432,-0.20211,0.02751,8.4e-4,-0.00568,0.00238,NA,NA,NA,NA,NA,NA,NA,NA,NA,NA,NA,NA,NA,NA,NA,NA,NA,NA,NA,NA,NA,NA,High,High,High,High,Undefined,NA,NA,NA,61.965464,71.53504,700.240924,0.316725,08:00:00,-0.937433,0.293594,0.187143,100.482254,-8.721546,6.520075,-0.243095,117.646367,-0.450094,-59.233109,0.450094,-0.859256,0.243095,28.373447,-14.0693,0.859256,-0.859256,-117.646367,14.0693,0.243095,59.233109,-28.373447,-0.243095,0.859256,0.450094,-0.450094,NA,NA,NA,NA,NA,NA,NA,NA,NA,NA,NA,NA
NA,NA,NA,NA,NA,NA,NA,NA,NA,NA,NA,NA,NA,NA,NA,NA,83,2025-10-16,11:46:46,2,6,"Casson, Kolton",1000370207,Right,CAR_EAG,"Carruthers, Wade",1000300075,Right,CAR_EAG,Undefined,3,Top,1,2,2,Fastball,Sinker,FoulBallNotFieldable,Undefined,Undefined,Undefined,0,0,NA,90.06576,-1.18526,-4.307862,2223.673174,240.939128,02:00:00,5.43976,2.94624,6.61353,-24.15033,9.4378,15.07961,2.33838,0.24968,82.44577,-5.743547,-1.573275,0.417123,68.00907,19.973606,139.134472,5383.508306,NA,NA,NA,NA,24.56751,NA,NA,-9.1367,5.61378,-2.6585,50,5.34886,9.26733,-130.67411,-3.42054,-15.81023,27.34152,-22.4599,CAR_EAG,CAR_EAG,CarsonNewman,TeamExclusive,Team,20251016-CarsonNewman-Private-1,52a8cd20-aaa7-11f0-b6c6-a366fa88dd2f,90.36284,9.55287,NA,7.61999,NA,NA,NA,1.18942,2.09535,-0.44239,ce55f4e9-d602-4b97-9db7-16df456cdcea,2025-10-16,15:46:46,2025-10-16T15:46:46Z,2025-10-16T15:46:46Z,NA,v3,CNE,CNE,NA,"Cochran, Carson",10085797,Right,CAR_EAG,da3b2609-67f5-4008-b931-65d5ce8032d0,53.88951,-131.48541,13.67076,5.44046,-2.75409,-11.22995,-2.94045,9.73646,-7.90512,309.545781,1.19189,-71.01283,0.17635,NA,NA,NA,NA,NA,NA,2.09891,33.90434,-26.59415,NA,NA,NA,NA,NA,NA,-0.44024,61.23609,-13.42669,NA,NA,NA,NA,NA,NA,NA,NA,NA,NA,NA,NA,NA,NA,NA,NA,NA,NA,NA,NA,NA,NA,NA,NA,NA,NA,NA,NA,High,High,High,High,Undefined,NA,NA,NA,236.380335,15.329692,2144.556091,0.964421,02:00:00,-0.287114,-0.8084,-0.513863,-83.634646,-25.685453,78.226319,-0.988774,134.409614,-0.104561,-6.127314,0.104561,-0.106738,0.988774,83.963528,-81.406755,0.106738,-0.106738,-134.409614,81.406755,0.988774,6.127314,-83.963528,-0.988774,0.106738,0.104561,-0.104561,NA,NA,NA,NA,NA,NA,NA,NA,NA,NA,NA,NA
NA,NA,NA,NA,NA,NA,NA,NA,NA,NA,NA,NA,NA,NA,NA,NA,84,2025-10-16,11:47:18,2,7,"Casson, Kolton",1000370207,Right,CAR_EAG,"Carruthers, Wade",1000300075,Right,CAR_EAG,Undefined,3,Top,1,2,2,Fastball,Sinker,BallCalled,Undefined,Undefined,Undefined,0,0,NA,90.57724,-2.788952,-4.889652,2309.999618,229.462475,01:45:00,5.52754,2.80314,6.74079,-19.66359,14.0654,14.97312,1.32926,-0.42775,81.57237,-6.569526,-2.171483,0.417997,NA,NA,NA,NA,NA,NA,NA,NA,NA,NA,NA,-9.40095,8.68973,-2.48512,50,5.33544,10.60178,-130.95821,-6.91303,-16.06019,31.85512,-17.32888,CAR_EAG,CAR_EAG,CarsonNewman,TeamExclusive,Team,20251016-CarsonNewman-Private-1,65b0a0a0-aaa7-11f0-b6c6-a366fa88dd2f,90.17396,NA,NA,9.00486,NA,NA,NA,NA,NA,NA,ce55f4e9-d602-4b97-9db7-16df456cdcea,2025-10-16,15:47:18,2025-10-16T15:47:18Z,2025-10-16T15:47:18Z,NA,v3,CNE,CNE,NA,"Cochran, Carson",10085797,Right,CAR_EAG,40bb3b92-cc10-44d5-bd77-8ba35c798d4c,53.75757,-131.86905,15.92756,5.52602,-6.41754,-8.66444,-2.79483,11.061,-8.0301,NA,NA,NA,NA,NA,NA,NA,NA,NA,NA,NA,NA,NA,NA,NA,NA,NA,NA,NA,NA,NA,NA,NA,NA,NA,NA,NA,NA,NA,NA,NA,NA,NA,NA,NA,NA,NA,NA,NA,NA,NA,NA,NA,NA,NA,NA,NA,NA,NA,NA,High,High,High,NA,NA,NA,NA,NA,227.255932,11.095496,2266.820635,0.981308,01:30:00,-0.21335,-0.729176,-0.650219,-13.156784,41.248591,55.103505,0.016342,173.519437,-0.993478,6.479694,0.993478,-0.112851,-0.016342,0.942396,0.936375,0.112851,0.112851,-173.519437,-0.936375,0.016342,-6.479694,-0.942396,-0.016342,-0.112851,0.993478,-0.993478,NA,NA,NA,NA,NA,NA,NA,NA,NA,NA,NA,NA
NA,NA,NA,NA,NA,NA,NA,NA,NA,NA,NA,NA,NA,NA,NA,NA,85,2025-10-16,11:47:38,2,8,"Casson, Kolton",1000370207,Right,CAR_EAG,"Carruthers, Wade",1000300075,Right,CAR_EAG,Undefined,3,Top,1,3,2,Fastball,Sinker,StrikeSwinging,Strikeout,Undefined,Undefined,0,0,NA,90.39431,0.108508,-3.307349,2265.699765,241.977878,02:00:00,5.46053,2.7756,6.53422,-23.58726,9.96749,16.65044,3.59463,1.12585,82.16188,-4.36364,-0.287985,0.416916,NA,NA,NA,NA,NA,NA,NA,NA,NA,NA,NA,-9.61087,5.53126,-2.55192,50,5.45795,6.90712,-131.21667,-0.45153,-16.67452,29.03165,-22.57746,CAR_EAG,CAR_EAG,CarsonNewman,TeamExclusive,Team,20251016-CarsonNewman-Private-1,71f46db0-aaa7-11f0-b6c6-a366fa88dd2f,90.40779,NA,NA,8.23243,NA,NA,NA,NA,NA,NA,ce55f4e9-d602-4b97-9db7-16df456cdcea,2025-10-16,15:47:38,2025-10-16T15:47:38Z,2025-10-16T15:47:38Z,NA,v3,CNE,CNE,NA,"Cochran, Carson",10085797,Right,CAR_EAG,283f4406-06cb-4eb6-93f4-c2586467324c,53.9665,-132.09134,14.51582,5.46131,0.22868,-11.28873,-2.76759,7.40949,-8.33726,NA,NA,NA,NA,NA,NA,NA,NA,NA,NA,NA,NA,NA,NA,NA,NA,NA,NA,NA,NA,NA,NA,NA,NA,NA,NA,NA,NA,NA,NA,NA,NA,NA,NA,NA,NA,NA,NA,NA,NA,NA,NA,NA,NA,NA,NA,NA,NA,NA,NA,High,High,High,NA,NA,NA,NA,NA,236.13235,16.50285,2172.365637,0.958806,01:45:00,-0.315921,-0.795583,-0.516955,-69.553694,-30.339925,81.507062,-0.980446,152.308888,-0.17425,-5.246953,0.17425,-0.091449,0.980446,79.922336,-78.650763,0.091449,-0.091449,-152.308888,78.650763,0.980446,5.246953,-79.922336,-0.980446,0.091449,0.17425,-0.17425,NA,NA,NA,NA,NA,NA,NA,NA,NA,NA,NA,NA
NA,NA,NA,NA,NA,NA,NA,NA,NA,NA,NA,NA,NA,NA,NA,NA,86,2025-10-16,11:48:01,3,1,"Casson, Kolton",1000370207,Right,CAR_EAG,"Rogers, Jacob",1000215913,Right,CAR_EAG,Undefined,3,Top,2,0,0,Slider,Slider,StrikeCalled,Undefined,Undefined,Undefined,0,0,NA,77.72714,1.43787,-2.666248,2232.231373,96.825998,09:15:00,5.39923,3.00701,6.16659,-43.17762,2.88677,-11.83119,3.13103,-0.44362,71.06115,-6.574126,-4.794995,0.488488,NA,NA,NA,NA,NA,NA,NA,NA,NA,NA,NA,5.29914,1.54886,-2.79908,50,5.48672,5.67917,-112.7901,1.55896,6.7846,21.68592,-30.19103,CAR_EAG,CAR_EAG,CarsonNewman,TeamExclusive,Team,20251016-CarsonNewman-Private-1,7f4da260-aaa7-11f0-b6c6-a366fa88dd2f,77.1614,NA,NA,6.66599,NA,NA,NA,NA,NA,NA,ce55f4e9-d602-4b97-9db7-16df456cdcea,2025-10-16,15:48:01,2025-10-16T15:48:01Z,2025-10-16T15:48:01Z,NA,v3,CNE,CNE,NA,"Cochran, Carson",10085797,Right,CAR_EAG,91722b61-e53f-4993-8d95-07b88fee2d68,54.33457,-113.62044,10.84296,5.40489,2.71496,-15.09552,-3.01156,5.41939,3.3923,NA,NA,NA,NA,NA,NA,NA,NA,NA,NA,NA,NA,NA,NA,NA,NA,NA,NA,NA,NA,NA,NA,NA,NA,NA,NA,NA,NA,NA,NA,NA,NA,NA,NA,NA,NA,NA,NA,NA,NA,NA,NA,NA,NA,NA,NA,NA,NA,NA,NA,High,High,High,NA,NA,NA,NA,NA,70.347538,70.429349,747.728234,0.334969,08:15:00,-0.927765,0.339001,0.155981,94.642004,-4.967606,-0.840813,-0.208816,110.543202,-0.343178,-66.314547,0.343178,-0.915765,0.208816,31.319644,-12.053002,0.915765,-0.915765,-110.543202,12.053002,0.208816,66.314547,-31.319644,-0.208816,0.915765,0.343178,-0.343178,NA,NA,NA,NA,NA,NA,NA,NA,NA,NA,NA,NA
NA,NA,NA,NA,NA,NA,NA,NA,NA,NA,NA,NA,NA,NA,NA,NA,87,2025-10-16,11:48:15,3,2,"Casson, Kolton",1000370207,Right,CAR_EAG,"Rogers, Jacob",1000215913,Right,CAR_EAG,Undefined,3,Top,2,0,1,Fastball,Sinker,InPlay,Undefined,GroundBall,Single,0,0,NA,89.86555,-1.840569,-4.064764,2207.329882,229.074121,01:45:00,5.50254,2.77438,6.68424,-20.29009,13.67768,14.4182,2.12329,0.25158,81.50054,-5.724397,-1.445786,0.419474,93.34789,-11.615105,24.122035,NA,NA,NA,NA,10.85556,10.85556,19.837335,0.073503,-8.85221,8.12418,-2.5077,50,5.37104,8.70686,-130.27519,-4.74036,-15.0701,29.76859,-18.34336,CAR_EAG,CAR_EAG,CarsonNewman,TeamExclusive,Team,20251016-CarsonNewman-Private-1,879562a0-aaa7-11f0-b6c6-a366fa88dd2f,89.85649,2.02908,NA,8.36501,NA,NA,NA,1.20173,2.02908,-0.35053,ce55f4e9-d602-4b97-9db7-16df456cdcea,2025-10-16,15:48:15,2025-10-16T15:48:15Z,2025-10-16T15:48:15Z,GroundBall,v3,CNE,CNE,NA,"Cochran, Carson",10085797,Right,CAR_EAG,9ddf2838-31c6-4ae6-a10d-fe54d6a7496c,53.81729,-131.14456,14.88429,5.50166,-4.20466,-9.17168,-2.76841,9.14697,-7.53505,180,1.19959,122.57623,NA,NA,NA,NA,NA,NA,NA,2.02956,-27.60556,NA,NA,NA,NA,NA,NA,NA,-0.35149,54.88758,NA,NA,NA,NA,NA,NA,NA,NA,NA,NA,NA,NA,NA,NA,NA,NA,NA,NA,NA,NA,NA,NA,NA,NA,NA,NA,NA,NA,NA,High,High,High,High,High,NA,NA,NA,232.034937,17.517728,2104.962445,0.953624,01:45:00,-0.317586,-0.761104,-0.565562,-84.62284,-26.958921,78.424802,-0.977808,133.667235,-0.144657,-8.716644,0.144657,-0.151548,0.977808,81.584712,-77.906656,0.151548,-0.151548,-133.667235,77.906656,0.977808,8.716644,-81.584712,-0.977808,0.151548,0.144657,-0.144657,NA,NA,NA,NA,NA,NA,NA,NA,NA,NA,NA,NA
NA,NA,NA,NA,NA,NA,NA,NA,NA,NA,NA,NA,NA,NA,NA,NA,88,2025-10-16,11:48:51,4,1,"Casson, Kolton",1000370207,Right,CAR_EAG,"Gibson, Aiden",10011511,Right,CAR_EAG,Undefined,3,Top,2,0,0,Fastball,Sinker,FoulBallNotFieldable,Undefined,Undefined,Undefined,0,0,NA,88.27662,-0.38401,-5.225747,2109.941379,251.173463,02:15:00,5.34586,2.84981,6.99686,-26.84557,7.99359,19.90647,2.7581,-0.25605,79.96224,-5.497149,-1.59576,0.42482,NA,NA,NA,NA,NA,NA,NA,NA,NA,NA,NA,-12.20792,4.73914,-2.53391,50,5.31329,10.98215,-127.9217,-1.5829,-20.03435,28.75761,-24.39667,CAR_EAG,CAR_EAG,CarsonNewman,TeamExclusive,Team,20251016-CarsonNewman-Private-1,9d649380-aaa7-11f0-b6c6-a366fa88dd2f,88.72565,NA,NA,8.31438,NA,NA,NA,NA,NA,NA,ce55f4e9-d602-4b97-9db7-16df456cdcea,2025-10-16,15:48:51,2025-10-16T15:48:51Z,2025-10-16T15:48:51Z,NA,v3,CNE,CNE,NA,"Cochran, Carson",10085797,Right,CAR_EAG,2f645479-8146-46ab-8de5-49ca7455dcf5,53.50563,-128.70738,14.3788,5.34743,-0.91636,-12.19834,-2.84143,11.5295,-10.01718,NA,NA,NA,NA,NA,NA,NA,NA,NA,NA,NA,NA,NA,NA,NA,NA,NA,NA,NA,NA,NA,NA,NA,NA,NA,NA,NA,NA,NA,NA,NA,NA,NA,NA,NA,NA,NA,NA,NA,NA,NA,NA,NA,NA,NA,NA,NA,NA,NA,NA,High,High,High,NA,NA,NA,NA,NA,235.394597,16.895898,2018.864477,0.956834,01:45:00,-0.333656,-0.789484,-0.515158,42.576188,58.235922,16.675539,-0.984143,122.228406,-0.094596,-8.629849,0.094596,-0.15005,0.984143,84.5096,-79.782841,0.15005,-0.15005,-122.228406,79.782841,0.984143,8.629849,-84.5096,-0.984143,0.15005,0.094596,-0.094596,NA,NA,NA,NA,NA,NA,NA,NA,NA,NA,NA,NA
NA,NA,NA,NA,NA,NA,NA,NA,NA,NA,NA,NA,NA,NA,NA,NA,89,2025-10-16,11:49:11,4,2,"Casson, Kolton",1000370207,Right,CAR_EAG,"Gibson, Aiden",10011511,Right,CAR_EAG,Undefined,3,Top,2,0,1,ChangeUp,Changeup,StrikeSwinging,Undefined,Undefined,Undefined,0,0,NA,80.83487,-0.536144,-3.563932,1519.279869,266.28398,03:00:00,5.28162,2.93181,6.17567,-40.43522,2.47437,14.70922,1.41588,0.86174,73.36118,-8.049024,-0.911638,0.471464,NA,NA,NA,NA,NA,NA,NA,NA,NA,NA,NA,-8.70764,1.92291,-2.66899,50,5.22083,6.74413,-117.16809,-2.34066,-11.94221,24.91373,-29.53683,CAR_EAG,CAR_EAG,CarsonNewman,TeamExclusive,Team,20251016-CarsonNewman-Private-1,a944e3d0-aaa7-11f0-b6c6-a366fa88dd2f,79.94764,NA,NA,7.47369,NA,NA,NA,NA,NA,NA,ce55f4e9-d602-4b97-9db7-16df456cdcea,2025-10-16,15:49:11,2025-10-16T15:49:11Z,2025-10-16T15:49:11Z,NA,v3,CNE,CNE,NA,"Cochran, Carson",10085797,Right,CAR_EAG,fbaccb67-5602-4dfd-96eb-2c9e191f7db8,54.32529,-118.0842,12.45686,5.28694,-1.25454,-14.76842,-2.92505,7.18326,-5.9711,NA,NA,NA,NA,NA,NA,NA,NA,NA,NA,NA,NA,NA,NA,NA,NA,NA,NA,NA,NA,NA,NA,NA,NA,NA,NA,NA,NA,NA,NA,NA,NA,NA,NA,NA,NA,NA,NA,NA,NA,NA,NA,NA,NA,NA,NA,NA,NA,NA,NA,High,High,High,NA,NA,NA,NA,NA,254.30561,-6.2511,1510.246607,0.994054,02:30:00,0.100893,-0.955933,-0.275703,62.475927,-6.09994,47.397407,0.661136,136.49589,-0.544187,31.096967,0.544187,-0.516488,-0.661136,50.541925,41.386584,0.516488,0.516488,-136.49589,-41.386584,0.661136,-31.096967,-50.541925,-0.661136,-0.516488,0.544187,-0.544187,NA,NA,NA,NA,NA,NA,NA,NA,NA,NA,NA,NA
NA,NA,NA,NA,NA,NA,NA,NA,NA,NA,NA,NA,NA,NA,NA,NA,90,2025-10-16,11:49:31,4,3,"Casson, Kolton",1000370207,Right,CAR_EAG,"Gibson, Aiden",10011511,Right,CAR_EAG,Undefined,3,Top,2,0,2,ChangeUp,Changeup,BallCalled,Undefined,Undefined,Undefined,0,0,NA,81.40313,0.98178,-2.936797,1471.344223,260.53974,02:45:00,5.44145,2.90532,6.20816,-38.78289,3.54445,12.13808,3.11702,1.20375,73.45241,-6.266237,-0.747899,0.468254,NA,NA,NA,NA,NA,NA,NA,NA,NA,NA,NA,-7.16843,2.01449,-2.69019,50,5.49643,5.58511,-118.00017,0.83449,-9.94965,25.71799,-29.37795,CAR_EAG,CAR_EAG,CarsonNewman,TeamExclusive,Team,20251016-CarsonNewman-Private-1,b4f21630-aaa7-11f0-b6c6-a366fa88dd2f,80.49564,NA,NA,7.95072,NA,NA,NA,NA,NA,NA,ce55f4e9-d602-4b97-9db7-16df456cdcea,2025-10-16,15:49:31,2025-10-16T15:49:31Z,2025-10-16T15:49:31Z,NA,v3,CNE,CNE,NA,"Cochran, Carson",10085797,Right,CAR_EAG,470fbfe7-fbc4-454b-aeb7-894f91464fa4,54.29091,-118.93169,12.85899,5.44694,1.89858,-14.68898,-2.89901,5.9455,-4.97482,NA,NA,NA,NA,NA,NA,NA,NA,NA,NA,NA,NA,NA,NA,NA,NA,NA,NA,NA,NA,NA,NA,NA,NA,NA,NA,NA,NA,NA,NA,NA,NA,NA,NA,NA,NA,NA,NA,NA,NA,NA,NA,NA,NA,NA,NA,NA,NA,NA,NA,High,High,High,NA,NA,NA,NA,NA,250.208468,-19.953696,1383.017548,0.939969,02:15:00,0.309321,-0.890163,-0.33456,76.701902,-19.122647,41.470128,0.447508,153.859259,-0.802808,23.203607,0.802808,-0.394,-0.447508,29.136519,26.583896,0.394,0.394,-153.859259,-26.583896,0.447508,-23.203607,-29.136519,-0.447508,-0.394,0.802808,-0.802808,NA,NA,NA,NA,NA,NA,NA,NA,NA,NA,NA,NA
NA,NA,NA,NA,NA,NA,NA,NA,NA,NA,NA,NA,NA,NA,NA,NA,91,2025-10-16,11:49:49,4,4,"Casson, Kolton",1000370207,Right,CAR_EAG,"Gibson, Aiden",10011511,Right,CAR_EAG,Undefined,3,Top,2,1,2,ChangeUp,Changeup,FoulBallNotFieldable,Undefined,Undefined,Undefined,0,0,NA,81.68745,-0.739753,-4.42808,1518.568852,261.572546,02:45:00,5.41728,2.81963,6.38595,-37.92687,3.58878,14.76942,1.57413,-0.03115,74.50054,-7.805616,-1.759332,0.463743,NA,NA,NA,NA,NA,NA,NA,NA,NA,NA,NA,-9.0954,2.4691,-2.50705,50,5.34635,8.64553,-118.40929,-2.64697,-12.81127,24.27552,-28.69623,CAR_EAG,CAR_EAG,CarsonNewman,TeamExclusive,Team,20251016-CarsonNewman-Private-1,bff68570-aaa7-11f0-b6c6-a366fa88dd2f,81.27873,NA,NA,7.18691,NA,NA,NA,NA,NA,NA,ce55f4e9-d602-4b97-9db7-16df456cdcea,2025-10-16,15:49:49,2025-10-16T15:49:49Z,2025-10-16T15:49:49Z,NA,v3,CNE,CNE,NA,"Cochran, Carson",10085797,Right,CAR_EAG,9bd54cde-b859-4531-9ec4-ef0c55921860,54.11736,-119.25042,12.13776,5.42083,-1.65267,-14.34811,-2.8143,9.08943,-6.40564,NA,NA,NA,NA,NA,NA,NA,NA,NA,NA,NA,NA,NA,NA,NA,NA,NA,NA,NA,NA,NA,NA,NA,NA,NA,NA,NA,NA,NA,NA,NA,NA,NA,NA,NA,NA,NA,NA,NA,NA,NA,NA,NA,NA,NA,NA,NA,NA,NA,NA,High,High,High,NA,NA,NA,NA,NA,251.327319,-5.072014,1512.622692,0.996084,02:30:00,0.075661,-0.942433,-0.325722,66.871823,-22.7668,43.462002,0.673372,151.396476,-0.649075,20.728423,0.649075,-0.353939,-0.673372,46.052553,42.327817,0.353939,0.353939,-151.396476,-42.327817,0.673372,-20.728423,-46.052553,-0.673372,-0.353939,0.649075,-0.649075,NA,NA,NA,NA,NA,NA,NA,NA,NA,NA,NA,NA
NA,NA,NA,NA,NA,NA,NA,NA,NA,NA,NA,NA,NA,NA,NA,NA,92,2025-10-16,11:50:10,4,5,"Casson, Kolton",1000370207,Right,CAR_EAG,"Gibson, Aiden",10011511,Right,CAR_EAG,Undefined,3,Top,2,1,2,Fastball,Four-Seam,StrikeSwinging,Strikeout,Undefined,Undefined,0,0,NA,90.30383,-2.501598,-4.451951,2333.911317,216.208296,01:15:00,5.55901,2.89169,6.5999,-16.76863,17.4754,11.82068,1.86133,-0.21026,80.86188,-5.765866,-2.310928,0.421176,NA,NA,NA,NA,NA,NA,NA,NA,NA,NA,NA,-7.64662,10.37477,-2.59121,50,5.38032,9.67921,-130.55874,-6.12001,-12.91569,32.97727,-14.65032,CAR_EAG,CAR_EAG,CarsonNewman,TeamExclusive,Team,20251016-CarsonNewman-Private-1,cc8cb840-aaa7-11f0-b6c6-a366fa88dd2f,89.4933,NA,NA,9.44195,NA,NA,NA,NA,NA,NA,ce55f4e9-d602-4b97-9db7-16df456cdcea,2025-10-16,15:50:10,2025-10-16T15:50:10Z,2025-10-16T15:50:10Z,NA,v3,CNE,CNE,NA,"Cochran, Carson",10085797,Right,CAR_EAG,edbd90ad-fb64-4c4f-af9c-936b14f66a02,53.897,-131.53938,16.48864,5.55583,-5.68436,-7.32516,-2.88475,10.06328,-6.45784,NA,NA,NA,NA,NA,NA,NA,NA,NA,NA,NA,NA,NA,NA,NA,NA,NA,NA,NA,NA,NA,NA,NA,NA,NA,NA,NA,NA,NA,NA,NA,NA,NA,NA,NA,NA,NA,NA,NA,NA,NA,NA,NA,NA,NA,NA,NA,NA,NA,NA,High,High,High,NA,NA,NA,NA,NA,226.808434,8.059821,2310.857462,0.990122,01:30:00,-0.160842,-0.7273,-0.667207,-50.398438,-19.413309,-35.869143,0.124748,176.686186,-0.990529,3.2879,0.990529,-0.057353,-0.124748,7.178101,7.166223,0.057353,0.057353,-176.686186,-7.166223,0.124748,-3.2879,-7.178101,-0.124748,-0.057353,0.990529,-0.990529,NA,NA,NA,NA,NA,NA,NA,NA,NA,NA,NA,NA
NA,NA,NA,NA,NA,NA,NA,NA,NA,NA,NA,NA,NA,NA,NA,NA,93,2025-10-16,11:52:23,1,1,"Griner, Gavin",10119620,Right,CAR_EAG,"Rodriguez, Sebastian",10180804,Left,CAR_EAG,Undefined,3,Bottom,0,0,0,Fastball,Changeup,BallCalled,Undefined,Undefined,Undefined,0,0,NA,84.40968,-2.197809,-2.099514,2024.140011,207.298513,01:00:00,5.83288,2.33712,4.92894,-25.17352,15.48639,7.32642,1.65499,0.96201,77.46075,-6.817019,-0.808134,0.458939,NA,NA,NA,NA,NA,NA,NA,NA,NA,NA,NA,-4.17449,8.63209,-2.13889,50,5.59815,4.15458,-122.30406,-5.59251,-6.34276,23.41715,-19.05839,CAR_EAG,CAR_EAG,CarsonNewman,TeamExclusive,Team,20251016-CarsonNewman-Private-1,1b919a00-aaa8-11f0-b6c6-a366fa88dd2f,82.1296,NA,NA,6.94893,NA,NA,NA,NA,NA,NA,ce55f4e9-d602-4b97-9db7-16df456cdcea,2025-10-16,15:52:23,2025-10-16T15:52:23Z,2025-10-16T15:52:23Z,NA,v3,CNE,CNE,NA,"Rogers, Jacob",1000215913,Right,CAR_EAG,81aa44db-c073-410b-9984-a04ea933ff9d,55.57122,-123.36616,11.70857,5.8322,-4.72812,-9.52919,-2.33385,4.44226,-3.17138,NA,NA,NA,NA,NA,NA,NA,NA,NA,NA,NA,NA,NA,NA,NA,NA,NA,NA,NA,NA,NA,NA,NA,NA,NA,NA,NA,NA,NA,NA,NA,NA,NA,NA,NA,NA,NA,NA,NA,NA,NA,NA,NA,NA,NA,NA,NA,NA,NA,NA,High,High,High,NA,NA,NA,NA,NA,214.273022,11.101953,1986.260462,0.981286,01:15:00,-0.200814,-0.559576,-0.804082,-28.686437,14.620273,67.243543,-0.418207,155.862294,-0.82893,-21.805275,0.82893,-0.371453,0.418207,26.771574,-24.721426,0.371453,-0.371453,-155.862294,24.721426,0.418207,21.805275,-26.771574,-0.418207,0.371453,0.82893,-0.82893,NA,NA,NA,NA,NA,NA,NA,NA,NA,NA,NA,NA
NA,NA,NA,NA,NA,NA,NA,NA,NA,NA,NA,NA,NA,NA,NA,NA,94,2025-10-16,11:52:36,1,2,"Griner, Gavin",10119620,Right,CAR_EAG,"Rodriguez, Sebastian",10180804,Left,CAR_EAG,Undefined,3,Bottom,0,1,0,Fastball,Changeup,InPlay,Undefined,GroundBall,Single,0,0,NA,83.47261,-1.392236,-3.013673,2073.511524,201.756657,12:45:00,5.61677,2.79063,5.32442,-26.01978,15.3056,5.54618,2.13986,0.42205,75.93266,-6.223852,-2.030439,0.462679,NA,NA,NA,NA,NA,NA,NA,NA,NA,NA,NA,-3.70315,8.50449,-2.5219,50,5.47223,6.13435,-120.90041,-3.80036,-5.44333,25.08635,-19.67306,CAR_EAG,CAR_EAG,CarsonNewman,TeamExclusive,Team,20251016-CarsonNewman-Private-1,2376a0d0-aaa8-11f0-b6c6-a366fa88dd2f,81.46563,NA,NA,7.53995,NA,NA,NA,NA,NA,NA,ce55f4e9-d602-4b97-9db7-16df456cdcea,2025-10-16,15:52:36,2025-10-16T15:52:36Z,2025-10-16T15:52:36Z,NA,v3,CNE,CNE,NA,"Rogers, Jacob",1000215913,Right,CAR_EAG,3552169e-e6f9-41fe-8fd8-62397b3e3857,55.17687,-121.96986,12.54317,5.61637,-2.96168,-9.83653,-2.78836,6.3664,-2.72167,NA,NA,NA,NA,NA,NA,NA,NA,NA,NA,NA,NA,NA,NA,NA,NA,NA,NA,NA,NA,NA,NA,NA,NA,NA,NA,NA,NA,NA,NA,NA,NA,NA,NA,NA,NA,NA,NA,NA,NA,NA,NA,NA,NA,NA,NA,NA,NA,NA,NA,High,High,High,NA,NA,NA,NA,NA,220.295754,19.358627,1956.279874,0.943462,01:15:00,-0.353951,-0.618042,-0.701956,-40.893986,17.591153,42.1727,-0.405584,151.721456,-0.804969,-25.660808,0.804969,-0.433043,0.405584,26.741256,-23.927725,0.433043,-0.433043,-151.721456,23.927725,0.405584,25.660808,-26.741256,-0.405584,0.433043,0.804969,-0.804969,NA,NA,NA,NA,NA,NA,NA,NA,NA,NA,NA,NA
NA,NA,NA,NA,NA,NA,NA,NA,NA,NA,NA,NA,NA,NA,NA,NA,95,2025-10-16,11:53:11,2,1,"Griner, Gavin",10119620,Right,CAR_EAG,"Hornbuckle, Kylan",1000106804,Right,CAR_EAG,Undefined,3,Bottom,0,0,0,Fastball,Changeup,InPlay,Undefined,Bunt,Out,1,0,NA,82.75444,-0.556282,-2.990997,1822.560813,216.077324,01:15:00,5.70598,2.54224,5.53702,-27.38092,14.27599,9.37686,2.90354,0.52533,75.25028,-5.658784,-1.321928,0.464531,21.90403,-15.175505,22.989018,5866.295973,NA,NA,NA,11.24054,11.17622,12.331758,0.253371,-5.67229,7.78918,-2.28904,50,5.63969,5.89103,-119.95089,-2.04039,-8.20992,24.62684,-20.90019,CAR_EAG,CAR_EAG,CarsonNewman,TeamExclusive,Team,20251016-CarsonNewman-Private-1,381ae640-aaa8-11f0-b6c6-a366fa88dd2f,81.14082,3.14501,NA,7.50416,NA,NA,NA,3.76589,3.14501,-0.67191,ce55f4e9-d602-4b97-9db7-16df456cdcea,2025-10-16,15:53:11,2025-10-16T15:53:11Z,2025-10-16T15:53:11Z,GroundBall,v3,CNE,CNE,NA,"Rogers, Jacob",1000215913,Right,CAR_EAG,335c2577-1390-4a75-a91f-ecb9230aa6a2,54.96481,-120.96591,12.31342,5.70603,-1.17897,-10.4501,-2.53882,6.22941,-4.10496,225.63809,3.76591,28.54208,-0.25656,NA,NA,NA,NA,NA,NA,3.1451,-8.41458,-15.78262,NA,NA,NA,NA,NA,NA,-0.67188,12.10769,0.07438,NA,NA,NA,NA,NA,NA,NA,NA,NA,NA,NA,NA,NA,NA,NA,NA,NA,NA,NA,NA,NA,NA,NA,NA,NA,NA,NA,NA,High,High,High,High,High,NA,NA,NA,220.48562,14.422394,1765.124429,0.968486,01:15:00,-0.281056,-0.631185,-0.72292,-46.292851,16.633107,42.474416,-0.441108,153.528907,-0.803364,-23.580472,0.803364,-0.400037,0.441108,28.770151,-26.174621,0.400037,-0.400037,-153.528907,26.174621,0.441108,23.580472,-28.770151,-0.441108,0.400037,0.803364,-0.803364,NA,NA,NA,NA,NA,NA,NA,NA,NA,NA,NA,NA
NA,NA,NA,NA,NA,NA,NA,NA,NA,NA,NA,NA,NA,NA,NA,NA,96,2025-10-16,11:53:46,3,1,"Griner, Gavin",10119620,Right,CAR_EAG,"Cochran, Carson",10085797,Right,CAR_EAG,Undefined,3,Bottom,1,0,0,Slider,Curveball,BallCalled,Undefined,Undefined,Undefined,0,0,NA,70.02916,1.421953,-3.434923,2230.45506,64.743549,08:15:00,5.70918,2.44603,4.99578,-65.12626,-4.5089,-14.41434,1.62726,-2.00222,63.35267,-10.347949,-5.972789,0.560364,NA,NA,NA,NA,NA,NA,NA,NA,NA,NA,NA,5.87811,-2.02547,-2.10287,50,5.794,6.61439,-101.16456,0.41716,5.93046,20.57268,-34.21754,CAR_EAG,CAR_EAG,CarsonNewman,TeamExclusive,Team,20251016-CarsonNewman-Private-1,4d12f100-aaa8-11f0-b6c6-a366fa88dd2f,67.26425,NA,NA,6.67648,NA,NA,NA,NA,NA,NA,ce55f4e9-d602-4b97-9db7-16df456cdcea,2025-10-16,15:53:46,2025-10-16T15:53:46Z,2025-10-16T15:53:46Z,NA,v3,CNE,CNE,NA,"Rogers, Jacob",1000215913,Right,CAR_EAG,6d046553-f275-4973-9247-00908c7adf0f,55.50461,-102.27785,10.28634,5.72132,2.26883,-17.10877,-2.45213,6.29346,2.96523,NA,NA,NA,NA,NA,NA,NA,NA,NA,NA,NA,NA,NA,NA,NA,NA,NA,NA,NA,NA,NA,NA,NA,NA,NA,NA,NA,NA,NA,NA,NA,NA,NA,NA,NA,NA,NA,NA,NA,NA,NA,NA,NA,NA,NA,NA,NA,NA,NA,NA,High,High,High,NA,NA,NA,NA,NA,54.329648,53.915351,1313.693088,0.58898,07:45:00,-0.774018,0.498386,0.390523,-32.372597,29.960309,34.995522,-0.496513,133.294676,-0.595252,-39.181832,0.595252,-0.631784,0.496513,39.832224,-29.769543,0.631784,-0.631784,-133.294676,29.769543,0.496513,39.181832,-39.832224,-0.496513,0.631784,0.595252,-0.595252,NA,NA,NA,NA,NA,NA,NA,NA,NA,NA,NA,NA
NA,NA,NA,NA,NA,NA,NA,NA,NA,NA,NA,NA,NA,NA,NA,NA,97,2025-10-16,11:54:05,3,2,"Griner, Gavin",10119620,Right,CAR_EAG,"Cochran, Carson",10085797,Right,CAR_EAG,Undefined,3,Bottom,1,1,0,Slider,Curveball,FoulBallNotFieldable,Undefined,Undefined,Undefined,0,0,NA,70.19122,0.932076,-1.753349,2206.477639,56.419039,08:00:00,5.64752,2.58455,4.86605,-66.25157,-7.45437,-13.84312,1.0092,-0.229,65.27643,-10.91301,-4.195602,0.551886,71.84393,-32.616524,-64.070054,NA,NA,NA,NA,4.23654,4.23654,-23.955988,0.022955,6.42315,-3.5415,-2.39923,50,5.68222,3.6214,-101.89825,-0.51131,6.76202,16.54263,-35.90239,CAR_EAG,CAR_EAG,CarsonNewman,TeamExclusive,Team,20251016-CarsonNewman-Private-1,58a4d330-aaa8-11f0-b6c6-a366fa88dd2f,68.29745,1.30611,NA,4.91478,NA,NA,NA,2.97912,1.30611,0.11536,ce55f4e9-d602-4b97-9db7-16df456cdcea,2025-10-16,15:54:05,2025-10-16T15:54:05Z,2025-10-16T15:54:05Z,GroundBall,v3,CNE,CNE,NA,"Rogers, Jacob",1000215913,Right,CAR_EAG,254bdc1b-9888-4620-b32f-4f78cd116ee5,55.64062,-102.8099,8.27132,5.65588,1.46722,-17.95119,-2.58853,3.24875,3.38101,NA,2.97886,38.87956,NA,NA,NA,NA,NA,NA,NA,1.30649,-56.89896,NA,NA,NA,NA,NA,NA,NA,0.11589,-79.9629,NA,NA,NA,NA,NA,NA,NA,NA,NA,NA,NA,NA,NA,NA,NA,NA,NA,NA,NA,NA,NA,NA,NA,NA,NA,NA,NA,NA,NA,High,High,High,Estimated,Estimated,NA,NA,NA,48.589496,53.036945,1326.75485,0.6013,07:30:00,-0.779042,0.463907,0.421763,-31.076829,30.018668,33.541404,-0.551454,132.747162,-0.566229,-37.778003,0.566229,-0.612604,0.551454,44.242661,-33.466839,0.612604,-0.612604,-132.747162,33.466839,0.551454,37.778003,-44.242661,-0.551454,0.612604,0.566229,-0.566229,NA,NA,NA,NA,NA,NA,NA,NA,NA,NA,NA,NA
NA,NA,NA,NA,NA,NA,NA,NA,NA,NA,NA,NA,NA,NA,NA,NA,98,2025-10-16,11:54:27,3,3,"Griner, Gavin",10119620,Right,CAR_EAG,"Cochran, Carson",10085797,Right,CAR_EAG,Undefined,3,Bottom,1,1,1,Fastball,Four-Seam,BallCalled,Undefined,Undefined,Undefined,0,0,NA,85.32343,-1.134241,-4.2917,2065.917859,206.979794,01:00:00,5.78005,2.10303,5.31747,-25.61966,14.17473,6.50363,2.57739,-1.39056,77.28557,-5.893749,-3.141938,0.454028,NA,NA,NA,NA,NA,NA,NA,NA,NA,NA,NA,-4.54252,7.85024,-1.71819,50,5.65889,8.96748,-123.33379,-3.31372,-6.93345,26.60363,-20.1919,CAR_EAG,CAR_EAG,CarsonNewman,TeamExclusive,Team,20251016-CarsonNewman-Private-1,65792070-aaa8-11f0-b6c6-a366fa88dd2f,83.01791,NA,NA,8.03785,NA,NA,NA,NA,NA,NA,ce55f4e9-d602-4b97-9db7-16df456cdcea,2025-10-16,15:54:27,2025-10-16T15:54:27Z,2025-10-16T15:54:27Z,NA,v3,CNE,CNE,NA,"Rogers, Jacob",1000215913,Right,CAR_EAG,99716b41-5e09-4be0-bf9e-4f0c418b28c1,55.18071,-124.44628,13.30181,5.77981,-2.46935,-10.09595,-2.09925,9.25741,-3.46673,NA,NA,NA,NA,NA,NA,NA,NA,NA,NA,NA,NA,NA,NA,NA,NA,NA,NA,NA,NA,NA,NA,NA,NA,NA,NA,NA,NA,NA,NA,NA,NA,NA,NA,NA,NA,NA,NA,NA,NA,NA,NA,NA,NA,NA,NA,NA,NA,NA,NA,High,High,High,NA,NA,NA,NA,NA,213.610028,24.064531,1886.362286,0.913087,01:00:00,-0.453472,-0.5134,-0.728549,-28.060714,21.953988,51.945986,-0.474014,155.759325,-0.802881,-21.193226,0.802881,-0.361514,0.474014,30.557247,-28.295186,0.361514,-0.361514,-155.759325,28.295186,0.474014,21.193226,-30.557247,-0.474014,0.361514,0.802881,-0.802881,NA,NA,NA,NA,NA,NA,NA,NA,NA,NA,NA,NA
NA,NA,NA,NA,NA,NA,NA,NA,NA,NA,NA,NA,NA,NA,NA,NA,99,2025-10-16,11:54:46,3,4,"Griner, Gavin",10119620,Right,CAR_EAG,"Cochran, Carson",10085797,Right,CAR_EAG,Undefined,3,Bottom,1,2,1,Fastball,Four-Seam,BallCalled,Undefined,Undefined,Undefined,0,0,NA,84.57028,-2.822138,-5.313094,2001.590616,207.027861,01:00:00,5.74857,2.23408,5.24048,-25.88895,14.78335,6.82477,0.92502,-2.20535,77.04825,-7.592191,-4.110916,0.459009,NA,NA,NA,NA,NA,NA,NA,NA,NA,NA,NA,-4.95634,8.62953,-1.74931,50,5.46888,11.04605,-121.98408,-6.91749,-7.42944,25.15292,-19.23855,CAR_EAG,CAR_EAG,CarsonNewman,TeamExclusive,Team,20251016-CarsonNewman-Private-1,711dc750-aaa8-11f0-b6c6-a366fa88dd2f,82.11707,NA,NA,7.52203,NA,NA,NA,NA,NA,NA,ce55f4e9-d602-4b97-9db7-16df456cdcea,2025-10-16,15:54:46,2025-10-16T15:54:46Z,2025-10-16T15:54:46Z,NA,v3,CNE,CNE,NA,"Rogers, Jacob",1000215913,Right,CAR_EAG,9cfa7c15-c604-4e87-a573-7967e6619f4c,55.25873,-123.06365,12.57646,5.74806,-6.09177,-9.61928,-2.23025,11.36493,-3.71472,NA,NA,NA,NA,NA,NA,NA,NA,NA,NA,NA,NA,NA,NA,NA,NA,NA,NA,NA,NA,NA,NA,NA,NA,NA,NA,NA,NA,NA,NA,NA,NA,NA,NA,NA,NA,NA,NA,NA,NA,NA,NA,NA,NA,NA,NA,NA,NA,NA,NA,High,High,High,NA,NA,NA,NA,NA,215.012518,20.789122,1871.273208,0.934893,01:15:00,-0.397582,-0.553225,-0.732032,-32.162015,23.115922,44.103072,-0.396693,158.967821,-0.856797,-19.23513,0.856797,-0.329446,0.396693,24.843921,-23.371598,0.329446,-0.329446,-158.967821,23.371598,0.396693,19.23513,-24.843921,-0.396693,0.329446,0.856797,-0.856797,NA,NA,NA,NA,NA,NA,NA,NA,NA,NA,NA,NA
NA,NA,NA,NA,NA,NA,NA,NA,NA,NA,NA,NA,NA,NA,NA,NA,100,2025-10-16,11:55:07,3,5,"Griner, Gavin",10119620,Right,CAR_EAG,"Cochran, Carson",10085797,Right,CAR_EAG,Undefined,3,Bottom,1,3,1,Fastball,Changeup,StrikeCalled,Undefined,Undefined,Undefined,0,0,NA,83.27467,-0.744566,-4.241326,1920.884366,211.404108,01:00:00,5.69907,2.32054,5.48047,-28.26616,12.95918,7.08189,2.6449,-1.06524,75.95391,-5.980888,-2.985258,0.462119,NA,NA,NA,NA,NA,NA,NA,NA,NA,NA,NA,-4.76689,7.15118,-1.95248,50,5.61455,8.64152,-120.52602,-2.5005,-6.99485,23.9571,-21.68051,CAR_EAG,CAR_EAG,CarsonNewman,TeamExclusive,Team,20251016-CarsonNewman-Private-1,7d98d100-aaa8-11f0-b6c6-a366fa88dd2f,81.56442,NA,NA,7.32076,NA,NA,NA,NA,NA,NA,ce55f4e9-d602-4b97-9db7-16df456cdcea,2025-10-16,15:55:07,2025-10-16T15:55:07Z,2025-10-16T15:55:07Z,NA,v3,CNE,CNE,NA,"Rogers, Jacob",1000215913,Right,CAR_EAG,ef165a5a-504d-41c0-a4bf-8728e46dd63b,55.01933,-121.51963,11.97855,5.69962,-1.60132,-10.84026,-2.3169,8.93163,-3.49742,NA,NA,NA,NA,NA,NA,NA,NA,NA,NA,NA,NA,NA,NA,NA,NA,NA,NA,NA,NA,NA,NA,NA,NA,NA,NA,NA,NA,NA,NA,NA,NA,NA,NA,NA,NA,NA,NA,NA,NA,NA,NA,NA,NA,NA,NA,NA,NA,NA,NA,High,High,High,NA,NA,NA,NA,NA,213.371203,24.650174,1745.836526,0.908871,01:00:00,-0.465556,-0.505312,-0.726579,-43.04063,18.744039,28.007971,-0.445596,154.830642,-0.810236,-22.379464,0.810236,-0.380739,0.445596,28.80894,-26.461454,0.380739,-0.380739,-154.830642,26.461454,0.445596,22.379464,-28.80894,-0.445596,0.380739,0.810236,-0.810236,NA,NA,NA,NA,NA,NA,NA,NA,NA,NA,NA,NA
NA,NA,NA,NA,NA,NA,NA,NA,NA,NA,NA,NA,NA,NA,NA,NA,101,2025-10-16,11:55:27,3,6,"Griner, Gavin",10119620,Right,CAR_EAG,"Cochran, Carson",10085797,Right,CAR_EAG,Undefined,3,Bottom,1,3,2,Fastball,Four-Seam,InPlay,Undefined,GroundBall,Out,1,0,NA,85.25041,-1.925497,-3.855802,1994.940911,200.012731,12:45:00,5.76814,2.15705,5.15915,-25.14155,14.57178,4.83961,1.8557,-1.07469,78.03142,-6.556705,-3.001806,0.453565,82.21813,-22.758745,17.813938,NA,NA,NA,NA,6.16816,6.16816,23.190797,0.039786,-3.49752,8.18347,-1.80037,50,5.56897,8.10569,-123.38044,-5.03207,-5.3916,24.53396,-19.55882,CAR_EAG,CAR_EAG,CarsonNewman,TeamExclusive,Team,20251016-CarsonNewman-Private-1,8968f4b0-aaa8-11f0-b6c6-a366fa88dd2f,83.10261,1.8595,NA,7.21899,NA,NA,NA,1.44976,1.8595,1.07296,ce55f4e9-d602-4b97-9db7-16df456cdcea,2025-10-16,15:55:27,2025-10-16T15:55:27Z,2025-10-16T15:55:27Z,GroundBall,v3,CNE,CNE,NA,"Rogers, Jacob",1000215913,Right,CAR_EAG,7ffb3d73-2876-4740-b6e4-be7399a0fce5,55.34233,-124.43822,12.26698,5.76775,-4.1888,-9.77941,-2.15486,8.33815,-2.6958,NA,1.44847,106.06858,NA,NA,NA,NA,NA,NA,NA,1.86008,-46.73814,NA,NA,NA,NA,NA,NA,NA,1.07254,34.08336,NA,NA,NA,NA,NA,NA,NA,NA,NA,NA,NA,NA,NA,NA,NA,NA,NA,NA,NA,NA,NA,NA,NA,NA,NA,NA,NA,NA,NA,High,High,High,Estimated,Estimated,NA,NA,NA,212.2407,20.369716,1870.189467,0.937466,01:00:00,-0.383647,-0.51153,-0.768864,-24.397892,19.410193,59.06489,-0.446846,157.363457,-0.825695,-20.140386,0.825695,-0.344322,0.446846,28.421161,-26.541482,0.344322,-0.344322,-157.363457,26.541482,0.446846,20.140386,-28.421161,-0.446846,0.344322,0.825695,-0.825695,NA,NA,NA,NA,NA,NA,NA,NA,NA,NA,NA,NA
NA,NA,NA,NA,NA,NA,NA,NA,NA,NA,NA,NA,NA,NA,NA,NA,102,2025-10-16,11:55:59,4,1,"Griner, Gavin",10119620,Right,CAR_EAG,"Alexander, Trace",10000832,Right,CAR_EAG,Undefined,3,Bottom,2,0,0,Slider,Curveball,BallinDirt,Undefined,Undefined,Undefined,1,0,NA,70.56123,0.396125,-2.841902,2101.196481,69.520024,08:15:00,5.62119,2.3033,4.86135,-61.76692,-2.37898,-12.01323,0.84936,-1.38993,64.42259,-10.712801,-4.956657,0.554652,NA,NA,NA,NA,NA,NA,NA,NA,NA,NA,NA,4.97362,-0.65583,-2.01221,50,5.60813,5.52442,-102.08785,-1.32551,5.15874,19.49627,-32.85429,CAR_EAG,CAR_EAG,CarsonNewman,TeamExclusive,Team,20251016-CarsonNewman-Private-1,9c4c0220-aaa8-11f0-b6c6-a366fa88dd2f,67.95693,NA,NA,6.13863,NA,NA,NA,NA,NA,NA,ce55f4e9-d602-4b97-9db7-16df456cdcea,2025-10-16,15:55:59,2025-10-16T15:55:59Z,2025-10-16T15:55:59Z,NA,v3,CNE,CNE,NA,"Rogers, Jacob",1000215913,Right,CAR_EAG,191feb4f-eced-48ea-a895-240ec84228f7,55.63973,-103.15928,9.74814,5.63136,0.48001,-16.42715,-2.30802,5.24092,2.57937,NA,NA,NA,NA,NA,NA,NA,NA,NA,NA,NA,NA,NA,NA,NA,NA,NA,NA,NA,NA,NA,NA,NA,NA,NA,NA,NA,NA,NA,NA,NA,NA,NA,NA,NA,NA,NA,NA,NA,NA,NA,NA,NA,NA,NA,NA,NA,NA,NA,NA,High,High,High,NA,NA,NA,NA,NA,46.696513,56.205754,1168.711047,0.556212,07:30:00,-0.808289,0.410509,0.422079,-19.406406,10.12019,28.862488,-0.57607,132.902726,-0.55645,-36.780751,0.55645,-0.598755,0.57607,45.992477,-35.174573,0.598755,-0.598755,-132.902726,35.174573,0.57607,36.780751,-45.992477,-0.57607,0.598755,0.55645,-0.55645,NA,NA,NA,NA,NA,NA,NA,NA,NA,NA,NA,NA
NA,NA,NA,NA,NA,NA,NA,NA,NA,NA,NA,NA,NA,NA,NA,NA,103,2025-10-16,11:58:30,1,1,"Casson, Kolton",1000370207,Right,CAR_EAG,"Wyatt, Jack",10013525,Right,CAR_EAG,Undefined,4,Top,0,0,0,Fastball,Sinker,BallCalled,Undefined,Undefined,Undefined,0,0,NA,88.59417,-0.485299,-2.041435,2144.05755,243.757355,02:15:00,5.37342,2.87847,6.81056,-25.18368,9.82623,17.28462,2.83165,2.45525,79.56355,-5.304636,1.115177,0.42586,NA,NA,NA,NA,NA,NA,NA,NA,NA,NA,NA,-9.71564,5.76193,-2.75125,50,5.33291,3.90479,-128.60196,-1.78243,-15.93362,31.82159,-22.72453,CAR_EAG,CAR_EAG,CarsonNewman,TeamExclusive,Team,20251016-CarsonNewman-Private-1,f63c25d0-aaa8-11f0-b6c6-a366fa88dd2f,88.50901,NA,NA,9.03062,NA,NA,NA,NA,NA,NA,ce55f4e9-d602-4b97-9db7-16df456cdcea,2025-10-16,15:58:30,2025-10-16T15:58:30Z,2025-10-16T15:58:30Z,NA,v3,CNE,CNE,NA,"Cochran, Carson",10085797,Right,CAR_EAG,62b080d6-4bbd-4d1e-9e8b-7ba8945db9d8,53.68748,-129.51118,15.91079,5.37456,-1.13313,-11.36227,-2.86932,4.36006,-7.96681,NA,NA,NA,NA,NA,NA,NA,NA,NA,NA,NA,NA,NA,NA,NA,NA,NA,NA,NA,NA,NA,NA,NA,NA,NA,NA,NA,NA,NA,NA,NA,NA,NA,NA,NA,NA,NA,NA,NA,NA,NA,NA,NA,NA,NA,NA,NA,NA,NA,NA,High,High,High,NA,NA,NA,NA,NA,234.649277,15.470429,2066.374596,0.963768,01:45:00,-0.279772,-0.788305,-0.547999,49.178865,55.447156,28.602026,-0.988334,139.904951,-0.116507,-5.629218,0.116507,-0.09809,0.988334,83.276903,-81.239722,0.09809,-0.09809,-139.904951,81.239722,0.988334,5.629218,-83.276903,-0.988334,0.09809,0.116507,-0.116507,NA,NA,NA,NA,NA,NA,NA,NA,NA,NA,NA,NA
NA,NA,NA,NA,NA,NA,NA,NA,NA,NA,NA,NA,NA,NA,NA,NA,104,2025-10-16,11:58:43,1,2,"Casson, Kolton",1000370207,Right,CAR_EAG,"Wyatt, Jack",10013525,Right,CAR_EAG,Undefined,4,Top,0,1,0,ChangeUp,Changeup,BallCalled,Undefined,Undefined,Undefined,0,0,NA,82.75026,-2.653816,-5.931598,1672.462221,266.604347,03:00:00,5.25312,2.76634,6.48314,-38.61376,2.7004,17.75237,-0.41633,-1.22032,74.34068,-9.85663,-2.72506,0.462616,NA,NA,NA,NA,NA,NA,NA,NA,NA,NA,NA,-11.47327,2.79945,-2.3555,50,5.0488,11.76072,-119.3713,-6.69282,-16.10491,28.79806,-28.24452,CAR_EAG,CAR_EAG,CarsonNewman,TeamExclusive,Team,20251016-CarsonNewman-Private-1,fdf561b0-aaa8-11f0-b6c6-a366fa88dd2f,81.47667,NA,NA,8.40959,NA,NA,NA,NA,NA,NA,ce55f4e9-d602-4b97-9db7-16df456cdcea,2025-10-16,15:58:43,2025-10-16T15:58:43Z,2025-10-16T15:58:43Z,NA,v3,CNE,CNE,NA,"Cochran, Carson",10085797,Right,CAR_EAG,27f7df5f-460e-4a75-ac6d-3c70a5ab856f,54.01825,-120.33679,14.39903,5.25731,-5.74589,-14.12226,-2.75884,12.30065,-8.05246,NA,NA,NA,NA,NA,NA,NA,NA,NA,NA,NA,NA,NA,NA,NA,NA,NA,NA,NA,NA,NA,NA,NA,NA,NA,NA,NA,NA,NA,NA,NA,NA,NA,NA,NA,NA,NA,NA,NA,NA,NA,NA,NA,NA,NA,NA,NA,NA,NA,NA,High,High,High,NA,NA,NA,NA,NA,250.650408,-2.905633,1670.312068,0.998714,02:15:00,0.059566,-0.938944,-0.338875,62.92681,-14.908313,39.880104,0.624733,139.246352,-0.591503,30.646347,0.591503,-0.509738,-0.624733,46.565034,38.662601,0.509738,0.509738,-139.246352,-38.662601,0.624733,-30.646347,-46.565034,-0.624733,-0.509738,0.591503,-0.591503,NA,NA,NA,NA,NA,NA,NA,NA,NA,NA,NA,NA
NA,NA,NA,NA,NA,NA,NA,NA,NA,NA,NA,NA,NA,NA,NA,NA,105,2025-10-16,11:58:59,1,3,"Casson, Kolton",1000370207,Right,CAR_EAG,"Wyatt, Jack",10013525,Right,CAR_EAG,Undefined,4,Top,0,2,0,Fastball,Sinker,FoulBallNotFieldable,Undefined,Undefined,Undefined,0,0,NA,89.32519,-0.996036,-4.360914,2163.433465,247.090203,02:15:00,5.34485,2.96365,6.85243,-25.7971,8.39414,17.04899,2.2842,0.40055,80.93565,-5.90008,-1.254633,0.420852,NA,NA,NA,NA,NA,NA,NA,NA,NA,NA,NA,-10.41123,5.11158,-2.69012,50,5.27172,9.2467,-129.53319,-2.97807,-17.49485,29.8301,-23.58468,CAR_EAG,CAR_EAG,CarsonNewman,TeamExclusive,Team,20251016-CarsonNewman-Private-1,07e04aa0-aaa9-11f0-b6c6-a366fa88dd2f,89.5623,NA,NA,8.38954,NA,NA,NA,NA,NA,NA,ce55f4e9-d602-4b97-9db7-16df456cdcea,2025-10-16,15:58:59,2025-10-16T15:58:59Z,2025-10-16T15:58:59Z,NA,v3,CNE,CNE,NA,"Cochran, Carson",10085797,Right,CAR_EAG,4242df5d-b988-4b7a-b7b6-78c39c53374c,53.64971,-130.37097,14.91505,5.34606,-2.3157,-11.79234,-2.95672,9.73804,-8.74742,NA,NA,NA,NA,NA,NA,NA,NA,NA,NA,NA,NA,NA,NA,NA,NA,NA,NA,NA,NA,NA,NA,NA,NA,NA,NA,NA,NA,NA,NA,NA,NA,NA,NA,NA,NA,NA,NA,NA,NA,NA,NA,NA,NA,NA,NA,NA,NA,NA,NA,High,High,High,NA,NA,NA,NA,NA,236.656861,13.595346,2102.814268,0.97198,02:00:00,-0.260897,-0.81595,-0.515906,47.140466,49.804914,26.222513,-0.996443,173.112654,-0.083659,-0.578988,0.083659,-0.010105,0.996443,85.200851,-85.166132,0.010105,-0.010105,-173.112654,85.166132,0.996443,0.578988,-85.200851,-0.996443,0.010105,0.083659,-0.083659,NA,NA,NA,NA,NA,NA,NA,NA,NA,NA,NA,NA
NA,NA,NA,NA,NA,NA,NA,NA,NA,NA,NA,NA,NA,NA,NA,NA,106,2025-10-16,11:59:19,1,4,"Casson, Kolton",1000370207,Right,CAR_EAG,"Wyatt, Jack",10013525,Right,CAR_EAG,Undefined,4,Top,0,2,1,Fastball,Sinker,StrikeSwinging,Undefined,Undefined,Undefined,0,0,NA,90.45439,-1.296367,-3.820713,2340.171638,242.666842,02:00:00,5.29228,2.90537,6.56825,-22.09922,11.49272,20.01662,2.25941,1.06566,82.10426,-5.499606,-0.189556,0.417147,NA,NA,NA,NA,NA,NA,NA,NA,NA,NA,NA,-11.55969,6.76178,-2.64931,50,5.19348,7.9537,-131.19401,-3.61115,-19.99628,29.69604,-20.47731,CAR_EAG,CAR_EAG,CarsonNewman,TeamExclusive,Team,20251016-CarsonNewman-Private-1,13b32d70-aaa9-11f0-b6c6-a366fa88dd2f,90.3577,NA,NA,8.35014,NA,NA,NA,NA,NA,NA,ce55f4e9-d602-4b97-9db7-16df456cdcea,2025-10-16,15:59:19,2025-10-16T15:59:19Z,2025-10-16T15:59:19Z,NA,v3,CNE,CNE,NA,"Cochran, Carson",10085797,Right,CAR_EAG,d5d0da1a-eb74-495c-9dbd-f88c6cecb5f6,53.93286,-132.08122,14.84802,5.29223,-2.99936,-10.23866,-2.89586,8.55112,-9.99814,NA,NA,NA,NA,NA,NA,NA,NA,NA,NA,NA,NA,NA,NA,NA,NA,NA,NA,NA,NA,NA,NA,NA,NA,NA,NA,NA,NA,NA,NA,NA,NA,NA,NA,NA,NA,NA,NA,NA,NA,NA,NA,NA,NA,NA,NA,NA,NA,NA,NA,High,High,High,NA,NA,NA,NA,NA,237.013388,14.9088,2261.39345,0.966337,02:00:00,-0.273404,-0.816174,-0.509028,-79.92613,-30.140355,75.48244,-0.998145,161.848408,-0.057853,-1.086787,0.057853,-0.018967,0.998145,86.682831,-86.509527,0.018967,-0.018967,-161.848408,86.509527,0.998145,1.086787,-86.682831,-0.998145,0.018967,0.057853,-0.057853,NA,NA,NA,NA,NA,NA,NA,NA,NA,NA,NA,NA
NA,NA,NA,NA,NA,NA,NA,NA,NA,NA,NA,NA,NA,NA,NA,NA,107,2025-10-16,11:59:33,1,5,"Casson, Kolton",1000370207,Right,CAR_EAG,"Wyatt, Jack",10013525,Right,CAR_EAG,Undefined,4,Top,0,2,2,ChangeUp,Changeup,BallCalled,Undefined,Undefined,Undefined,0,0,NA,84.00994,-1.939543,-5.492233,1647.578332,265.697275,02:45:00,5.38978,2.78484,6.48744,-36.31829,2.79977,19.98662,0.57359,-0.60775,76.89266,-8.692411,-1.879142,0.450153,NA,NA,NA,NA,NA,NA,NA,NA,NA,NA,NA,-12.02272,2.43815,-2.40608,50,5.2373,10.95249,-121.58477,-5.22964,-17.92796,24.69294,-28.53835,CAR_EAG,CAR_EAG,CarsonNewman,TeamExclusive,Team,20251016-CarsonNewman-Private-1,1c0fd540-aaa9-11f0-b6c6-a366fa88dd2f,83.73255,NA,NA,7.11728,NA,NA,NA,NA,NA,NA,ce55f4e9-d602-4b97-9db7-16df456cdcea,2025-10-16,15:59:33,2025-10-16T15:59:33Z,2025-10-16T15:59:33Z,NA,v3,CNE,CNE,NA,"Cochran, Carson",10085797,Right,CAR_EAG,8fd67710-0f95-4b4e-a0db-d911d697e7cd,54.01588,-122.39765,12.34647,5.39399,-4.29017,-14.26918,-2.77634,11.54267,-8.96398,NA,NA,NA,NA,NA,NA,NA,NA,NA,NA,NA,NA,NA,NA,NA,NA,NA,NA,NA,NA,NA,NA,NA,NA,NA,NA,NA,NA,NA,NA,NA,NA,NA,NA,NA,NA,NA,NA,NA,NA,NA,NA,NA,NA,NA,NA,NA,NA,NA,NA,High,High,High,NA,NA,NA,NA,NA,251.44968,-10.572222,1619.609726,0.983024,02:30:00,0.183993,-0.925207,-0.33187,62.561631,-23.637006,49.770046,0.671248,147.252021,-0.62342,23.638575,0.62342,-0.400966,-0.671248,47.115706,42.163485,0.400966,0.400966,-147.252021,-42.163485,0.671248,-23.638575,-47.115706,-0.671248,-0.400966,0.62342,-0.62342,NA,NA,NA,NA,NA,NA,NA,NA,NA,NA,NA,NA
NA,NA,NA,NA,NA,NA,NA,NA,NA,NA,NA,NA,NA,NA,NA,NA,108,2025-10-16,11:59:57,1,6,"Casson, Kolton",1000370207,Right,CAR_EAG,"Wyatt, Jack",10013525,Right,CAR_EAG,Undefined,4,Top,0,3,2,Slider,Curveball,StrikeSwinging,Strikeout,Undefined,Undefined,0,0,NA,79.44973,-0.158154,-3.757785,2380.374328,61.695325,08:00:00,5.32279,3.01862,5.94263,-50.25979,-5.54985,-13.00564,0.98745,-1.5561,72.87674,-9.34398,-6.087863,0.481253,NA,NA,NA,NA,NA,NA,NA,NA,NA,NA,NA,5.63784,-2.5828,-2.71084,50,5.28117,8.02548,-115.20443,-1.89147,7.48407,23.84988,-35.60262,CAR_EAG,CAR_EAG,CarsonNewman,TeamExclusive,Team,20251016-CarsonNewman-Private-1,2a5fed10-aaa9-11f0-b6c6-a366fa88dd2f,78.32146,NA,NA,6.57299,NA,NA,NA,NA,NA,NA,ce55f4e9-d602-4b97-9db7-16df456cdcea,2025-10-16,15:59:57,2025-10-16T15:59:57Z,2025-10-16T15:59:57Z,NA,v3,CNE,CNE,NA,"Cochran, Carson",10085797,Right,CAR_EAG,45bc9a78-6cb4-48bf-a438-5ef91d504d4d,54.56289,-116.1452,11.92494,5.32808,-0.48709,-17.80131,-3.02159,7.73027,3.74203,NA,NA,NA,NA,NA,NA,NA,NA,NA,NA,NA,NA,NA,NA,NA,NA,NA,NA,NA,NA,NA,NA,NA,NA,NA,NA,NA,NA,NA,NA,NA,NA,NA,NA,NA,NA,NA,NA,NA,NA,NA,NA,NA,NA,NA,NA,NA,NA,NA,NA,High,High,High,NA,NA,NA,NA,NA,57.64894,72.212255,727.184481,0.305492,08:00:00,-0.940141,0.255446,0.225571,-34.318224,38.493675,56.59205,-0.378714,123.526884,-0.511187,-50.491763,0.511187,-0.771533,0.378714,36.532933,-22.254028,0.771533,-0.771533,-123.526884,22.254028,0.378714,50.491763,-36.532933,-0.378714,0.771533,0.511187,-0.511187,NA,NA,NA,NA,NA,NA,NA,NA,NA,NA,NA,NA
NA,NA,NA,NA,NA,NA,NA,NA,NA,NA,NA,NA,NA,NA,NA,NA,109,2025-10-16,12:00:27,2,1,"Casson, Kolton",1000370207,Right,CAR_EAG,"Nathan, Cole",1000323259,Right,CAR_EAG,Undefined,4,Top,1,0,0,Fastball,Sinker,BallCalled,Undefined,Undefined,Undefined,0,0,NA,90.04563,-1.439275,-5.86169,2141.022388,232.393947,01:45:00,5.38767,2.66864,7.00486,-17.94749,15.77871,18.88033,2.57643,-1.10559,81.05924,-4.934173,-2.426325,0.41798,NA,NA,NA,NA,NA,NA,NA,NA,NA,NA,NA,-11.79701,9.2013,-2.31297,50,5.29257,12.63942,-130.20459,-3.69542,-19.97562,30.81797,-16.59368,CAR_EAG,CAR_EAG,CarsonNewman,TeamExclusive,Team,20251016-CarsonNewman-Private-1,3c4d4fe0-aaa9-11f0-b6c6-a366fa88dd2f,90.1777,NA,NA,8.98639,NA,NA,NA,NA,NA,NA,ce55f4e9-d602-4b97-9db7-16df456cdcea,2025-10-16,16:00:27,2025-10-16T16:00:27Z,2025-10-16T16:00:27Z,NA,v3,CNE,CNE,NA,"Cochran, Carson",10085797,Right,CAR_EAG,c1164dfc-6939-4967-ace1-55b602c51e88,53.4945,-131.02909,15.40898,5.3855,-3.25147,-8.29684,-2.65827,13.17384,-9.98781,NA,NA,NA,NA,NA,NA,NA,NA,NA,NA,NA,NA,NA,NA,NA,NA,NA,NA,NA,NA,NA,NA,NA,NA,NA,NA,NA,NA,NA,NA,NA,NA,NA,NA,NA,NA,NA,NA,NA,NA,NA,NA,NA,NA,NA,NA,NA,NA,NA,NA,High,High,High,NA,NA,NA,NA,NA,234.876392,17.824438,2038.251003,0.951999,01:45:00,-0.340887,-0.786095,-0.515607,48.111695,57.881854,22.484668,-0.990162,128.422897,-0.086957,-6.293529,0.086957,-0.109622,0.990162,84.981123,-81.956605,0.109622,-0.109622,-128.422897,81.956605,0.990162,6.293529,-84.981123,-0.990162,0.109622,0.086957,-0.086957,NA,NA,NA,NA,NA,NA,NA,NA,NA,NA,NA,NA
NA,NA,NA,NA,NA,NA,NA,NA,NA,NA,NA,NA,NA,NA,NA,NA,110,2025-10-16,12:00:44,2,2,"Casson, Kolton",1000370207,Right,CAR_EAG,"Nathan, Cole",1000323259,Right,CAR_EAG,Undefined,4,Top,1,1,0,Fastball,Sinker,StrikeCalled,Undefined,Undefined,Undefined,0,0,NA,88.85419,-1.604681,-4.43767,2225.335269,237.888234,02:00:00,5.36689,2.84787,6.7388,-20.76848,14.00229,20.33867,2.16511,0.47969,80.32704,-5.593565,-0.740688,0.424403,NA,NA,NA,NA,NA,NA,NA,NA,NA,NA,NA,-12.01048,8.24674,-2.56142,50,5.25266,9.19734,-128.74199,-4.15578,-19.92914,29.55611,-18.49013,CAR_EAG,CAR_EAG,CarsonNewman,TeamExclusive,Team,20251016-CarsonNewman-Private-1,465361f0-aaa9-11f0-b6c6-a366fa88dd2f,88.81282,NA,NA,8.52714,NA,NA,NA,NA,NA,NA,ce55f4e9-d602-4b97-9db7-16df456cdcea,2025-10-16,16:00:44,2025-10-16T16:00:44Z,2025-10-16T16:00:44Z,NA,v3,CNE,CNE,NA,"Cochran, Carson",10085797,Right,CAR_EAG,6d93d405-3fa5-4168-bf0d-9d87927f6717,53.76153,-129.60267,14.77806,5.36584,-3.61735,-9.24507,-2.8377,9.77768,-9.96457,NA,NA,NA,NA,NA,NA,NA,NA,NA,NA,NA,NA,NA,NA,NA,NA,NA,NA,NA,NA,NA,NA,NA,NA,NA,NA,NA,NA,NA,NA,NA,NA,NA,NA,NA,NA,NA,NA,NA,NA,NA,NA,NA,NA,NA,NA,NA,NA,NA,NA,High,High,High,NA,NA,NA,NA,NA,231.933516,17.36398,2123.922595,0.954428,01:45:00,-0.321983,-0.75948,-0.565258,-94.609291,-31.232462,74.742746,-0.992078,156.301899,-0.115028,-2.894037,0.115028,-0.050489,0.992078,83.386315,-82.783419,0.050489,-0.050489,-156.301899,82.783419,0.992078,2.894037,-83.386315,-0.992078,0.050489,0.115028,-0.115028,NA,NA,NA,NA,NA,NA,NA,NA,NA,NA,NA,NA
NA,NA,NA,NA,NA,NA,NA,NA,NA,NA,NA,NA,NA,NA,NA,NA,111,2025-10-16,12:01:00,2,3,"Casson, Kolton",1000370207,Right,CAR_EAG,"Nathan, Cole",1000323259,Right,CAR_EAG,Undefined,4,Top,1,1,1,ChangeUp,Changeup,FoulBallNotFieldable,Undefined,Undefined,Undefined,0,0,NA,82.80141,-0.394066,-3.937059,1720.81851,248.034825,02:15:00,5.48192,2.62481,6.44813,-31.10482,9.31745,19.57103,2.52691,0.63255,74.98231,-6.260047,-0.394944,0.457596,NA,NA,NA,NA,NA,NA,NA,NA,NA,NA,NA,-11.51737,5.39425,-2.3538,50,5.44,7.55592,-120.06518,-1.70556,-16.606,25.90847,-24.39649,CAR_EAG,CAR_EAG,CarsonNewman,TeamExclusive,Team,20251016-CarsonNewman-Private-1,4faa9660-aaa9-11f0-b6c6-a366fa88dd2f,82.37065,NA,NA,7.8191,NA,NA,NA,NA,NA,NA,ce55f4e9-d602-4b97-9db7-16df456cdcea,2025-10-16,16:01:00,2025-10-16T16:01:00Z,2025-10-16T16:01:00Z,NA,v3,CNE,CNE,NA,"Cochran, Carson",10085797,Right,CAR_EAG,650143db-1d34-4ddf-ba5d-a1755ff3e70f,54.05437,-120.9369,12.95424,5.48358,-0.88472,-12.19824,-2.61742,8.11464,-8.303,NA,NA,NA,NA,NA,NA,NA,NA,NA,NA,NA,NA,NA,NA,NA,NA,NA,NA,NA,NA,NA,NA,NA,NA,NA,NA,NA,NA,NA,NA,NA,NA,NA,NA,NA,NA,NA,NA,NA,NA,NA,NA,NA,NA,NA,NA,NA,NA,NA,NA,High,High,High,NA,NA,NA,NA,NA,250.164632,-2.886414,1718.635352,0.998731,02:15:00,0.033414,-0.93911,-0.341989,65.773491,-15.67807,41.79191,0.670976,142.788464,-0.59052,26.642149,0.59052,-0.448417,-0.670976,48.649247,42.142403,0.448417,0.448417,-142.788464,-42.142403,0.670976,-26.642149,-48.649247,-0.670976,-0.448417,0.59052,-0.59052,NA,NA,NA,NA,NA,NA,NA,NA,NA,NA,NA,NA
NA,NA,NA,NA,NA,NA,NA,NA,NA,NA,NA,NA,NA,NA,NA,NA,112,2025-10-16,12:01:20,2,4,"Casson, Kolton",1000370207,Right,CAR_EAG,"Nathan, Cole",1000323259,Right,CAR_EAG,Undefined,4,Top,1,1,2,Slider,Curveball,FoulBallNotFieldable,Undefined,Undefined,Undefined,0,0,NA,77.00056,1.654299,-1.714172,2242.160279,87.191557,09:00:00,5.37978,2.67927,6.06092,-46.86152,1.22134,-12.93638,3.00697,0.01415,68.97064,-7.077885,-4.041136,0.499076,NA,NA,NA,NA,NA,NA,NA,NA,NA,NA,NA,6.05855,0.52717,-2.53921,50,5.48362,3.80604,-111.56206,1.83421,7.41517,25.46646,-31.52884,CAR_EAG,CAR_EAG,CarsonNewman,TeamExclusive,Team,20251016-CarsonNewman-Private-1,5be73780-aaa9-11f0-b6c6-a366fa88dd2f,75.52447,NA,NA,8.02993,NA,NA,NA,NA,NA,NA,ce55f4e9-d602-4b97-9db7-16df456cdcea,2025-10-16,16:01:20,2025-10-16T16:01:20Z,2025-10-16T16:01:20Z,NA,v3,CNE,CNE,NA,"Cochran, Carson",10085797,Right,CAR_EAG,4153a6cd-b5ab-47cb-be7d-950a01636a51,54.43914,-112.57083,12.73323,5.38622,3.08312,-15.76442,-2.68415,3.51231,3.70759,NA,NA,NA,NA,NA,NA,NA,NA,NA,NA,NA,NA,NA,NA,NA,NA,NA,NA,NA,NA,NA,NA,NA,NA,NA,NA,NA,NA,NA,NA,NA,NA,NA,NA,NA,NA,NA,NA,NA,NA,NA,NA,NA,NA,NA,NA,NA,NA,NA,NA,High,High,High,NA,NA,NA,NA,NA,59.93141,64.017044,982.298859,0.438104,08:00:00,-0.880641,0.404939,0.245959,85.817978,-2.082772,12.46792,-0.315704,126.472523,-0.564036,-49.73084,0.564036,-0.763016,0.315704,29.236736,-18.403321,0.763016,-0.763016,-126.472523,18.403321,0.315704,49.73084,-29.236736,-0.315704,0.763016,0.564036,-0.564036,NA,NA,NA,NA,NA,NA,NA,NA,NA,NA,NA,NA
NA,NA,NA,NA,NA,NA,NA,NA,NA,NA,NA,NA,NA,NA,NA,NA,113,2025-10-16,12:01:41,2,5,"Casson, Kolton",1000370207,Right,CAR_EAG,"Nathan, Cole",1000323259,Right,CAR_EAG,Undefined,4,Top,1,1,2,Fastball,Sinker,BallCalled,Undefined,Undefined,Undefined,0,0,NA,90.62915,-2.358123,-4.436574,2161.2291,230.073462,01:45:00,5.54764,2.6468,6.48655,-20.94478,12.97367,14.01253,1.62939,-0.26711,81.73114,-6.352291,-1.902511,0.419169,NA,NA,NA,NA,NA,NA,NA,NA,NA,NA,NA,-8.67544,7.90189,-2.33987,50,5.37221,9.59321,-131.11861,-6.00995,-14.87927,31.55361,-18.62145,CAR_EAG,CAR_EAG,CarsonNewman,TeamExclusive,Team,20251016-CarsonNewman-Private-1,685c74d0-aaa9-11f0-b6c6-a366fa88dd2f,89.92175,NA,NA,8.898,NA,NA,NA,NA,NA,NA,ce55f4e9-d602-4b97-9db7-16df456cdcea,2025-10-16,16:01:41,2025-10-16T16:01:41Z,2025-10-16T16:01:41Z,NA,v3,CNE,CNE,NA,"Cochran, Carson",10085797,Right,CAR_EAG,a977159f-cb0b-444c-b54e-f7833b4c7d3a,54.01201,-132.08057,15.77681,5.54678,-5.44224,-9.31073,-2.63925,10.04683,-7.43963,NA,NA,NA,NA,NA,NA,NA,NA,NA,NA,NA,NA,NA,NA,NA,NA,NA,NA,NA,NA,NA,NA,NA,NA,NA,NA,NA,NA,NA,NA,NA,NA,NA,NA,NA,NA,NA,NA,NA,NA,NA,NA,NA,NA,NA,NA,NA,NA,NA,NA,High,High,High,NA,NA,NA,NA,NA,232.117524,5.376543,2151.720576,0.9956,01:45:00,-0.108396,-0.788989,-0.604769,-59.622159,-7.416178,-17.258893,0.135056,177.000178,-0.98948,2.972313,0.98948,-0.051853,-0.135056,7.772398,7.761877,0.051853,0.051853,-177.000178,-7.761877,0.135056,-2.972313,-7.772398,-0.135056,-0.051853,0.98948,-0.98948,NA,NA,NA,NA,NA,NA,NA,NA,NA,NA,NA,NA
NA,NA,NA,NA,NA,NA,NA,NA,NA,NA,NA,NA,NA,NA,NA,NA,114,2025-10-16,12:01:58,2,6,"Casson, Kolton",1000370207,Right,CAR_EAG,"Nathan, Cole",1000323259,Right,CAR_EAG,Undefined,4,Top,1,2,2,ChangeUp,Changeup,FoulBallNotFieldable,Undefined,Undefined,Undefined,0,0,NA,83.59615,-0.849709,-4.211384,1913.711903,251.650691,02:30:00,5.36959,2.66958,6.65596,-33.12364,6.63587,15.43828,1.82948,0.0949,75.11424,-7.111985,-1.406723,0.453829,NA,NA,NA,NA,NA,NA,NA,NA,NA,NA,NA,-9.59375,4.21481,-2.39146,50,5.29919,8.35936,-121.0844,-2.72584,-13.92264,28.60125,-26.05741,CAR_EAG,CAR_EAG,CarsonNewman,TeamExclusive,Team,20251016-CarsonNewman-Private-1,720e7370-aaa9-11f0-b6c6-a366fa88dd2f,83.05432,NA,NA,8.48191,NA,NA,NA,NA,NA,NA,ce55f4e9-d602-4b97-9db7-16df456cdcea,2025-10-16,16:01:58,2025-10-16T16:01:58Z,2025-10-16T16:01:58Z,NA,v3,CNE,CNE,NA,"Cochran, Carson",10085797,Right,CAR_EAG,f7d7abb0-df7c-4111-a069-e8220480e8ac,53.8446,-121.98915,14.30062,5.37239,-1.90156,-13.0287,-2.66285,8.79978,-6.96132,NA,NA,NA,NA,NA,NA,NA,NA,NA,NA,NA,NA,NA,NA,NA,NA,NA,NA,NA,NA,NA,NA,NA,NA,NA,NA,NA,NA,NA,NA,NA,NA,NA,NA,NA,NA,NA,NA,NA,NA,NA,NA,NA,NA,NA,NA,NA,NA,NA,NA,High,High,High,NA,NA,NA,NA,NA,247.322595,-1.232745,1913.268977,0.999769,02:15:00,0.00679,-0.922056,-0.386997,45.179574,-28.897977,36.31433,0.660227,129.253633,-0.475241,35.562463,0.475241,-0.58159,-0.660227,54.253123,41.317164,0.58159,0.58159,-129.253633,-41.317164,0.660227,-35.562463,-54.253123,-0.660227,-0.58159,0.475241,-0.475241,NA,NA,NA,NA,NA,NA,NA,NA,NA,NA,NA,NA
NA,NA,NA,NA,NA,NA,NA,NA,NA,NA,NA,NA,NA,NA,NA,NA,115,2025-10-16,12:02:23,2,7,"Casson, Kolton",1000370207,Right,CAR_EAG,"Nathan, Cole",1000323259,Right,CAR_EAG,Undefined,4,Top,1,2,2,Fastball,Four-Seam,FoulBallNotFieldable,Undefined,Undefined,Undefined,0,0,NA,89.83436,-0.469539,-3.851269,2440.174411,223.499202,01:30:00,5.45695,2.81089,6.75491,-20.42848,13.78741,11.86524,3.32468,0.27633,80.53158,-4.414645,-1.693523,0.421003,68.17573,35.734891,144.00217,5278.225907,NA,NA,NA,NA,25.12799,NA,NA,-7.54205,7.8067,-2.56191,50,5.41812,8.30163,-130.18714,-1.59719,-12.68012,32.52526,-19.049,CAR_EAG,CAR_EAG,CarsonNewman,TeamExclusive,Team,20251016-CarsonNewman-Private-1,812efaa0-aaa9-11f0-b6c6-a366fa88dd2f,89.53005,20.22492,NA,9.30278,NA,NA,NA,0.92289,3.30876,-0.31511,ce55f4e9-d602-4b97-9db7-16df456cdcea,2025-10-16,16:02:23,2025-10-16T16:02:23Z,2025-10-16T16:02:23Z,NA,v3,CNE,CNE,NA,"Cochran, Carson",10085797,Right,CAR_EAG,0473bd16-ccc9-49b6-b150-be8770c1bac7,53.744,-131.11918,16.26263,5.45607,-1.05133,-9.5245,-2.80501,8.66499,-6.34006,293.685863,0.92506,-65.75421,3.24148,NA,NA,NA,NA,NA,NA,3.31491,58.15597,-24.53885,NA,NA,NA,NA,NA,NA,-0.30437,47.28028,-16.97555,NA,NA,NA,NA,NA,NA,NA,NA,NA,NA,NA,NA,NA,NA,NA,NA,NA,NA,NA,NA,NA,NA,NA,NA,NA,NA,NA,NA,High,High,High,High,Undefined,NA,NA,NA,230.692272,17.753359,2323.968241,0.952378,01:45:00,-0.338719,-0.739381,-0.581881,-17.124831,45.600873,47.696337,-0.046747,172.718437,-0.990851,-7.27356,0.990851,-0.126607,0.046747,2.701106,-2.679354,0.126607,-0.126607,-172.718437,2.679354,0.046747,7.27356,-2.701106,-0.046747,0.126607,0.990851,-0.990851,NA,NA,NA,NA,NA,NA,NA,NA,NA,NA,NA,NA
NA,NA,NA,NA,NA,NA,NA,NA,NA,NA,NA,NA,NA,NA,NA,NA,116,2025-10-16,12:02:49,2,8,"Casson, Kolton",1000370207,Right,CAR_EAG,"Nathan, Cole",1000323259,Right,CAR_EAG,Undefined,4,Top,1,2,2,ChangeUp,Changeup,BallCalled,Undefined,Undefined,Undefined,0,0,NA,83.18266,0.503076,-2.110472,1354.092582,260.350265,02:45:00,5.36903,2.55938,6.40982,-36.17506,4.31,16.23147,2.81735,1.97055,74.52965,-6.30888,0.831792,0.457951,NA,NA,NA,NA,NA,NA,NA,NA,NA,NA,NA,-9.07087,2.58961,-2.41445,50,5.38944,3.80788,-120.61365,-0.0318,-13.04136,28.71077,-28.45093,CAR_EAG,CAR_EAG,CarsonNewman,TeamExclusive,Team,20251016-CarsonNewman-Private-1,90d1f840-aaa9-11f0-b6c6-a366fa88dd2f,82.30675,NA,NA,8.65301,NA,NA,NA,NA,NA,NA,ce55f4e9-d602-4b97-9db7-16df456cdcea,2025-10-16,16:02:49,2025-10-16T16:02:49Z,2025-10-16T16:02:49Z,NA,v3,CNE,CNE,NA,"Cochran, Carson",10085797,Right,CAR_EAG,89595cc1-01e4-4106-8490-204fb86a1486,54.08766,-121.58278,14.35539,5.3743,0.92856,-14.22547,-2.55041,4.24809,-6.52068,NA,NA,NA,NA,NA,NA,NA,NA,NA,NA,NA,NA,NA,NA,NA,NA,NA,NA,NA,NA,NA,NA,NA,NA,NA,NA,NA,NA,NA,NA,NA,NA,NA,NA,NA,NA,NA,NA,NA,NA,NA,NA,NA,NA,NA,NA,NA,NA,NA,NA,High,High,High,NA,NA,NA,NA,NA,260.995223,-5.101296,1348.729095,0.996039,02:45:00,0.07448,-0.984506,-0.158747,68.26474,-18.382982,31.19166,0.474143,157.639793,-0.814247,19.569327,0.814247,-0.334947,-0.474143,30.212587,28.303555,0.334947,0.334947,-157.639793,-28.303555,0.474143,-19.569327,-30.212587,-0.474143,-0.334947,0.814247,-0.814247,NA,NA,NA,NA,NA,NA,NA,NA,NA,NA,NA,NA
NA,NA,NA,NA,NA,NA,NA,NA,NA,NA,NA,NA,NA,NA,NA,NA,117,2025-10-16,12:03:07,2,9,"Casson, Kolton",1000370207,Right,CAR_EAG,"Nathan, Cole",1000323259,Right,CAR_EAG,Undefined,4,Top,1,3,2,Slider,Curveball,InPlay,Undefined,LineDrive,Out,1,0,NA,77.1427,0.673828,-2.431726,2216.898126,84.015561,08:45:00,5.30791,2.84898,6.01685,-47.69814,0.32937,-14.51099,1.95786,-0.61426,69.30334,-8.173265,-5.039021,0.498788,77.28549,13.995883,-27.822987,1719.426642,95.57271,10.79114,-54.45963,158.49458,131.78981,-31.259582,1.65635,6.62843,0.38583,-2.65012,50,5.335,5.26645,-111.75831,-0.10983,8.13231,25.75534,-31.7007,CAR_EAG,CAR_EAG,CarsonNewman,TeamExclusive,Team,20251016-CarsonNewman-Private-1,9b939220-aaa9-11f0-b6c6-a366fa88dd2f,75.56798,12.44217,NA,7.83936,NA,NA,NA,2.94636,2.23781,0.46417,ce55f4e9-d602-4b97-9db7-16df456cdcea,2025-10-16,16:03:07,2025-10-16T16:03:07Z,2025-10-16T16:03:07Z,LineDrive,v3,CNE,CNE,NA,"Cochran, Carson",10085797,Right,CAR_EAG,283403fc-75cb-45b1-8839-5212508e4d11,54.48412,-112.78697,12.87767,5.3141,1.15628,-15.85035,-2.85397,4.94165,4.06615,90.82379,2.94636,97.27164,-12.50187,1.74334,-0.36043,0.05121,-0.008,0.00135,-1.1e-4,2.23781,27.41439,-19.51976,1.67361,-0.31225,0.06512,-0.00946,0.00122,-1.1e-4,0.46417,-51.33541,0.16095,0.61539,-0.183,0.04838,-0.00894,0.00137,-1.1e-4,NA,NA,NA,NA,NA,NA,NA,NA,NA,NA,NA,NA,NA,NA,NA,NA,NA,NA,NA,NA,NA,NA,High,High,High,High,High,NA,NA,NA,56.923097,62.454742,1025.202581,0.462449,08:00:00,-0.870525,0.397904,0.289584,117.527269,-12.200951,-9.112986,-0.306047,118.006905,-0.447046,-57.195769,0.447046,-0.840527,0.306047,34.395526,-17.82119,0.840527,-0.840527,-118.006905,17.82119,0.306047,57.195769,-34.395526,-0.306047,0.840527,0.447046,-0.447046,NA,NA,NA,NA,NA,NA,NA,NA,NA,NA,NA,NA
NA,NA,NA,NA,NA,NA,NA,NA,NA,NA,NA,NA,NA,NA,NA,NA,118,2025-10-16,12:05:36,3,1,"Angel, Bransen",1000323260,Right,CAR_EAG,"Benner, Seth",1000370212,Right,CAR_EAG,Undefined,4,Top,2,0,0,Slider,Curveball,BallCalled,Undefined,Undefined,Undefined,0,0,NA,71.80762,0.080451,-1.557719,2468.535463,63.823993,08:15:00,5.89858,2.44464,5.16953,-60.077,-4.06437,-11.96229,0.9679,-0.01861,66.18027,-10.755887,-3.680602,0.53866,NA,NA,NA,NA,NA,NA,NA,NA,NA,NA,NA,5.49048,-1.47906,-2.28997,50,5.86028,3.27738,-104.17153,-1.80147,5.98908,18.69387,-33.78744,CAR_EAG,CAR_EAG,CarsonNewman,TeamExclusive,Team,20251016-CarsonNewman-Private-1,f453e860-aaa9-11f0-b6c6-a366fa88dd2f,69.97451,NA,NA,5.62735,NA,NA,NA,NA,NA,NA,ce55f4e9-d602-4b97-9db7-16df456cdcea,2025-10-16,16:05:36,2025-10-16T16:05:36Z,2025-10-16T16:05:36Z,NA,v3,CNE,CNE,NA,"Cochran, Carson",10085797,Right,CAR_EAG,8bfabb3b-02d8-4d38-a47b-88238c4a58cd,55.33365,-105.12431,9.34693,5.90821,-0.07941,-16.89372,-2.44923,2.97213,2.99454,NA,NA,NA,NA,NA,NA,NA,NA,NA,NA,NA,NA,NA,NA,NA,NA,NA,NA,NA,NA,NA,NA,NA,NA,NA,NA,NA,NA,NA,NA,NA,NA,NA,NA,NA,NA,NA,NA,NA,NA,NA,NA,NA,NA,NA,NA,NA,NA,NA,NA,High,High,High,NA,NA,NA,NA,NA,45.333342,60.312175,1222.601618,0.495274,07:30:00,-0.858456,0.353463,0.371642,92.976141,-22.984791,-71.052607,-0.419366,137.190171,-0.665987,-38.091765,0.665987,-0.616923,0.419366,32.198264,-24.794571,0.616923,-0.616923,-137.190171,24.794571,0.419366,38.091765,-32.198264,-0.419366,0.616923,0.665987,-0.665987,NA,NA,NA,NA,NA,NA,NA,NA,NA,NA,NA,NA
NA,NA,NA,NA,NA,NA,NA,NA,NA,NA,NA,NA,NA,NA,NA,NA,119,2025-10-16,12:05:49,3,2,"Angel, Bransen",1000323260,Right,CAR_EAG,"Benner, Seth",1000370212,Right,CAR_EAG,Undefined,4,Top,2,1,0,Fastball,Four-Seam,FoulBallNotFieldable,Undefined,Undefined,Undefined,0,0,NA,84.82751,-2.628251,-2.537406,2013.919151,203.849927,12:45:00,6.09404,2.05556,5.60291,-22.76324,17.17383,6.94142,1.7393,0.2636,76.62913,-6.907455,-1.299272,0.454841,69.5367,9.20505,-44.600815,3609.904009,NA,NA,NA,102.81908,99.80707,-49.131302,1.122235,-4.36894,9.98603,-1.84287,50,5.85429,5.15569,-122.77515,-6.34359,-6.56455,27.84679,-17.1695,CAR_EAG,CAR_EAG,CarsonNewman,TeamExclusive,Team,20251016-CarsonNewman-Private-1,fc251910-aaa9-11f0-b6c6-a366fa88dd2f,82.86952,6.2171,NA,8.19838,NA,NA,NA,3.03916,2.30901,-0.51632,ce55f4e9-d602-4b97-9db7-16df456cdcea,2025-10-16,16:05:49,2025-10-16T16:05:49Z,2025-10-16T16:05:49Z,GroundBall,v3,CNE,CNE,NA,"Cochran, Carson",10085797,Right,CAR_EAG,ea5b1614-0888-464d-941b-de581f209a14,54.8977,-123.88102,13.923400000000001,6.09267,-5.66174,-8.58475,-2.0528,5.41638,-3.28228,NA,3.03916,71.68124,-15.65681,3.12,-0.67222,0.11407,-0.01972,0.00316,-3e-4,2.30901,16.31468,-17.56203,1.21969,-0.17011,0.02778,-0.00204,2.9e-4,-7e-5,-0.51632,-70.68931,1.10051,0.78027,-0.33513,0.09762,-0.02304,0.00427,-4.5e-4,NA,NA,NA,NA,NA,NA,NA,NA,NA,NA,NA,NA,NA,NA,NA,NA,NA,NA,NA,NA,NA,NA,High,High,High,Medium,High,NA,NA,NA,219.358462,-0.189688,2013.908114,0.999995,01:15:00,-0.001875,-0.633348,-0.773865,-46.982769,-15.817426,7.364004,-0.099211,163.012479,-0.95165,-16.901186,0.95165,-0.290722,0.099211,5.951691,-5.693754,0.290722,-0.290722,-163.012479,5.693754,0.099211,16.901186,-5.951691,-0.099211,0.290722,0.95165,-0.95165,NA,NA,NA,NA,NA,NA,NA,NA,NA,NA,NA,NA
NA,NA,NA,NA,NA,NA,NA,NA,NA,NA,NA,NA,NA,NA,NA,NA,120,2025-10-16,12:06:10,3,3,"Angel, Bransen",1000323260,Right,CAR_EAG,"Benner, Seth",1000370212,Right,CAR_EAG,Undefined,4,Top,2,1,1,ChangeUp,Changeup,BallCalled,Undefined,Undefined,Undefined,0,0,NA,79.38221,-2.010534,-3.24764,1393.653976,260.082815,02:45:00,6.13515,1.8578,5.75712,-40.59502,4.12197,15.39284,0.87688,0.11411,73.09726,-9.443265,-0.489878,0.481291,NA,NA,NA,NA,NA,NA,NA,NA,NA,NA,NA,-8.73713,3.11984,-1.5975,50,5.94344,5.94116,-115.09245,-5.35192,-11.70974,21.52287,-27.99275,CAR_EAG,CAR_EAG,CarsonNewman,TeamExclusive,Team,20251016-CarsonNewman-Private-1,086563b0-aaaa-11f0-b6c6-a366fa88dd2f,78.31529,NA,NA,6.28495,NA,NA,NA,NA,NA,NA,ce55f4e9-d602-4b97-9db7-16df456cdcea,2025-10-16,16:06:10,2025-10-16T16:06:10Z,2025-10-16T16:06:10Z,NA,v3,CNE,CNE,NA,"Cochran, Carson",10085797,Right,CAR_EAG,70d808e4-0cf4-4bad-84f6-18bbf981bd20,54.74526,-115.97645,10.76144,6.13964,-4.2022,-13.99638,-1.85139,6.4221,-5.85487,NA,NA,NA,NA,NA,NA,NA,NA,NA,NA,NA,NA,NA,NA,NA,NA,NA,NA,NA,NA,NA,NA,NA,NA,NA,NA,NA,NA,NA,NA,NA,NA,NA,NA,NA,NA,NA,NA,NA,NA,NA,NA,NA,NA,NA,NA,NA,NA,NA,NA,High,High,High,NA,NA,NA,NA,NA,240.117919,-27.017301,1241.563672,0.890869,02:00:00,0.455162,-0.756018,-0.470387,-94.664876,20.193627,46.91323,-0.591836,175.424574,-0.80349,-3.686686,0.80349,-0.0643,0.591836,36.374686,-36.287399,0.0643,-0.0643,-175.424574,36.287399,0.591836,3.686686,-36.374686,-0.591836,0.0643,0.80349,-0.80349,NA,NA,NA,NA,NA,NA,NA,NA,NA,NA,NA,NA
NA,NA,NA,NA,NA,NA,NA,NA,NA,NA,NA,NA,NA,NA,NA,NA,121,2025-10-16,12:06:23,3,4,"Angel, Bransen",1000323260,Right,CAR_EAG,"Benner, Seth",1000370212,Right,CAR_EAG,Undefined,4,Top,2,2,1,Slider,Curveball,StrikeCalled,Undefined,Undefined,Undefined,0,0,NA,73.52771,0.29105,-1.802259,2586.608582,80.477504,08:45:00,5.95261,2.17998,4.77461,-54.21771,-0.71622,-13.30351,1.71053,-0.63781,68.43661,-9.411592,-4.142406,0.526447,NA,NA,NA,NA,NA,NA,NA,NA,NA,NA,NA,6.08174,0.05327,-1.98731,50,5.93409,3.88074,-106.74187,-1.33954,7.0708,17.04836,-32.11212,CAR_EAG,CAR_EAG,CarsonNewman,TeamExclusive,Team,20251016-CarsonNewman-Private-1,10625f50-aaaa-11f0-b6c6-a366fa88dd2f,71.59785,NA,NA,5.0911,NA,NA,NA,NA,NA,NA,ce55f4e9-d602-4b97-9db7-16df456cdcea,2025-10-16,16:06:23,2025-10-16T16:06:23Z,2025-10-16T16:06:23Z,NA,v3,CNE,CNE,NA,"Cochran, Carson",10085797,Right,CAR_EAG,ee3fbe2a-b935-4412-8ef1-f38c968c5c27,55.72951,-107.65308,8.52418,5.95982,0.37679,-16.05606,-2.18463,3.50282,3.5354,NA,NA,NA,NA,NA,NA,NA,NA,NA,NA,NA,NA,NA,NA,NA,NA,NA,NA,NA,NA,NA,NA,NA,NA,NA,NA,NA,NA,NA,NA,NA,NA,NA,NA,NA,NA,NA,NA,NA,NA,NA,NA,NA,NA,NA,NA,NA,NA,NA,NA,High,High,High,NA,NA,NA,NA,NA,50.484488,68.578728,944.687477,0.365222,07:45:00,-0.921709,0.286477,0.261504,20.067945,48.139105,15.41255,-0.341349,128.354919,-0.58326,-47.483379,0.58326,-0.737081,0.341349,30.338028,-19.959084,0.737081,-0.737081,-128.354919,19.959084,0.341349,47.483379,-30.338028,-0.341349,0.737081,0.58326,-0.58326,NA,NA,NA,NA,NA,NA,NA,NA,NA,NA,NA,NA
NA,NA,NA,NA,NA,NA,NA,NA,NA,NA,NA,NA,NA,NA,NA,NA,122,2025-10-16,12:06:40,3,5,"Angel, Bransen",1000323260,Right,CAR_EAG,"Benner, Seth",1000370212,Right,CAR_EAG,Undefined,4,Top,2,2,2,Slider,Curveball,InPlay,Undefined,GroundBall,Out,1,0,NA,73.29464,0.686769,-1.207181,2635.649764,57.735954,08:00:00,5.83622,2.2762,4.72557,-61.01688,-6.81674,-13.36123,1.40332,0.01712,67.95463,-10.213626,-3.559019,0.529873,94.32473,10.354514,-14.743133,720.763924,105.7091,5.93504,-30.42183,143.00164,143.00164,-16.536678,1.199772,6.29055,-3.15866,-2.14159,50,5.85047,2.75795,-106.3971,-0.85108,7.21921,18.05734,-35.79903,CAR_EAG,CAR_EAG,CarsonNewman,TeamExclusive,Team,20251016-CarsonNewman-Private-1,1aa02330-aaaa-11f0-b6c6-a366fa88dd2f,71.13487,8.1874,NA,5.34001,NA,NA,NA,2.29723,1.62166,-0.0532,ce55f4e9-d602-4b97-9db7-16df456cdcea,2025-10-16,16:06:40,2025-10-16T16:06:40Z,2025-10-16T16:06:40Z,LineDrive,v3,CNE,CNE,NA,"Cochran, Carson",10085797,Right,CAR_EAG,be30ea8e-7f61-479f-9caf-8f765a7ebc49,55.78048,-107.37366,9.02867,5.84414,1.08497,-17.89952,-2.28019,2.36753,3.6096,44.760166,2.29723,131.60916,-18.31547,2.33527,-0.43407,0.05362,-0.00585,0.00105,-1e-4,1.62166,24.86548,-25.24395,3.54812,-0.77535,0.1796,-0.03477,0.00612,-6.7e-4,-0.0532,-34.63293,-0.82743,1.62627,-0.47126,0.1339,-0.02969,0.00548,-6.1e-4,NA,NA,NA,NA,NA,NA,NA,NA,NA,NA,NA,NA,NA,NA,NA,NA,NA,NA,NA,NA,NA,NA,High,High,High,High,High,NA,NA,NA,NA,NA,NA,NA,NA,NA,NA,NA,NA,NA,NA,NA,NA,NA,NA,NA,NA,NA,NA,NA,NA,NA,NA,NA,NA,NA,NA,NA,NA,NA,NA,NA,NA,NA,NA,NA,NA,NA,NA,NA,NA,NA,NA
NA,NA,NA,NA,NA,NA,NA,NA,NA,NA,NA,NA,NA,NA,NA,NA,123,2025-10-16,12:08:31,1,1,"Griner, Gavin",10119620,Right,CAR_EAG,"Alexander, Trace",10000832,Right,CAR_EAG,Undefined,4,Bottom,0,0,0,Slider,Curveball,BallCalled,Undefined,Undefined,Undefined,0,0,NA,69.48542,0.972446,-2.762006,2217.669499,74.075368,08:30:00,5.6214,2.58748,4.6338,-65.18334,-3.47847,-19.68076,1.11493,-1.67989,63.5913,-10.688368,-6.209043,0.565368,NA,NA,NA,NA,NA,NA,NA,NA,NA,NA,NA,8.68193,-1.33606,-2.28507,50,5.66196,5.60526,-100.5238,-0.4695,8.73902,18.77122,-33.51889,CAR_EAG,CAR_EAG,CarsonNewman,TeamExclusive,Team,20251016-CarsonNewman-Private-1,5c913db0-aaaa-11f0-b6c6-a366fa88dd2f,66.66886,NA,NA,5.89412,NA,NA,NA,NA,NA,NA,ce55f4e9-d602-4b97-9db7-16df456cdcea,2025-10-16,16:08:31,2025-10-16T16:08:31Z,2025-10-16T16:08:31Z,NA,v3,CNE,CNE,NA,"Rogers, Jacob",1000215913,Right,CAR_EAG,a5d0a226-93ca-4005-b02d-2516f68867cb,55.86855,-101.61375,9.38561,5.63271,1.47677,-16.75945,-2.5958,5.09782,4.36951,NA,NA,NA,NA,NA,NA,NA,NA,NA,NA,NA,NA,NA,NA,NA,NA,NA,NA,NA,NA,NA,NA,NA,NA,NA,NA,NA,NA,NA,NA,NA,NA,NA,NA,NA,NA,NA,NA,NA,NA,NA,NA,NA,NA,NA,NA,NA,NA,NA,NA,High,High,High,NA,NA,NA,NA,NA,53.147648,61.273611,1065.872811,0.480627,07:45:00,-0.85537,0.399418,0.32986,-13.261049,-5.932551,17.966733,-0.652945,135.094295,-0.536447,-32.322487,0.536447,-0.534684,0.652945,50.59416,-40.764044,0.534684,-0.534684,-135.094295,40.764044,0.652945,32.322487,-50.59416,-0.652945,0.534684,0.536447,-0.536447,NA,NA,NA,NA,NA,NA,NA,NA,NA,NA,NA,NA
NA,NA,NA,NA,NA,NA,NA,NA,NA,NA,NA,NA,NA,NA,NA,NA,124,2025-10-16,12:08:44,1,2,"Griner, Gavin",10119620,Right,CAR_EAG,"Alexander, Trace",10000832,Right,CAR_EAG,Undefined,4,Bottom,0,1,0,Fastball,Changeup,StrikeSwinging,Undefined,Undefined,Undefined,0,0,NA,82.86318,-1.342946,-3.315394,2016.602633,212.251617,01:00:00,5.7828,2.37942,5.27357,-21.27442,20.65761,12.14158,2.74612,0.2735,75.39015,-5.339173,-1.166129,0.466063,NA,NA,NA,NA,NA,NA,NA,NA,NA,NA,NA,-7.00918,11.12434,-2.08536,50,5.64476,6.43206,-119.98607,-3.47056,-10.18368,23.94453,-16.01139,CAR_EAG,CAR_EAG,CarsonNewman,TeamExclusive,Team,20251016-CarsonNewman-Private-1,6424f030-aaaa-11f0-b6c6-a366fa88dd2f,80.87417,NA,NA,7.47302,NA,NA,NA,NA,NA,NA,ce55f4e9-d602-4b97-9db7-16df456cdcea,2025-10-16,16:08:44,2025-10-16T16:08:44Z,2025-10-16T16:08:44Z,NA,v3,CNE,CNE,NA,"Rogers, Jacob",1000215913,Right,CAR_EAG,5ac5222b-2a3f-45f4-b844-38f65fbfc074,55.22623,-121.02452,11.97227,5.78022,-2.77616,-8.0057,-2.37389,6.87371,-5.09184,NA,NA,NA,NA,NA,NA,NA,NA,NA,NA,NA,NA,NA,NA,NA,NA,NA,NA,NA,NA,NA,NA,NA,NA,NA,NA,NA,NA,NA,NA,NA,NA,NA,NA,NA,NA,NA,NA,NA,NA,NA,NA,NA,NA,NA,NA,NA,NA,NA,NA,High,High,High,NA,NA,NA,NA,NA,215.079284,21.005398,1882.592649,0.933547,01:15:00,-0.389387,-0.544772,-0.742699,-25.695872,22.427108,56.737727,-0.432569,158.180493,-0.837009,-19.579257,0.837009,-0.33511,0.432569,27.330071,-25.630722,0.33511,-0.33511,-158.180493,25.630722,0.432569,19.579257,-27.330071,-0.432569,0.33511,0.837009,-0.837009,NA,NA,NA,NA,NA,NA,NA,NA,NA,NA,NA,NA
NA,NA,NA,NA,NA,NA,NA,NA,NA,NA,NA,NA,NA,NA,NA,NA,125,2025-10-16,12:08:56,1,3,"Griner, Gavin",10119620,Right,CAR_EAG,"Alexander, Trace",10000832,Right,CAR_EAG,Undefined,4,Bottom,0,1,1,Fastball,Four-Seam,FoulBallNotFieldable,Undefined,Undefined,Undefined,0,0,NA,84.09039,-1.016411,-3.078279,2036.540555,213.116055,01:00:00,5.72931,2.23255,5.22132,-20.78607,19.92214,12.11595,3.03999,0.34511,76.5842,-4.915733,-0.934933,0.459211,69.31607,25.321392,163.675742,2614.261018,NA,NA,NA,NA,32.44,NA,NA,-6.93953,10.63843,-1.95773,50,5.62039,6.03078,-121.8316,-2.82346,-10.40748,24.42241,-16.21923,CAR_EAG,CAR_EAG,CarsonNewman,TeamExclusive,Team,20251016-CarsonNewman-Private-1,6b5a2f00-aaaa-11f0-b6c6-a366fa88dd2f,82.08084,16.34255,NA,7.50619,NA,NA,NA,1.37466,3.01808,-0.3584,ce55f4e9-d602-4b97-9db7-16df456cdcea,2025-10-16,16:08:56,2025-10-16T16:08:56Z,2025-10-16T16:08:56Z,NA,v3,CNE,CNE,NA,"Rogers, Jacob",1000215913,Right,CAR_EAG,a5cc60e3-ed93-4a0f-9cbe-879a99c3a6ca,55.27968,-122.88541,12.2112,5.72712,-2.12361,-8.10961,-2.22764,6.47986,-5.20374,304.138277,1.37391,-88.16529,5.89424,NA,NA,NA,NA,NA,NA,3.02324,43.30018,-21.83744,NA,NA,NA,NA,NA,NA,-0.35456,25.69467,-6.76956,NA,NA,NA,NA,NA,NA,NA,NA,NA,NA,NA,NA,NA,NA,NA,NA,NA,NA,NA,NA,NA,NA,NA,NA,NA,NA,NA,NA,High,High,High,Medium,Undefined,NA,NA,NA,217.577723,17.993745,1936.933853,0.95109,01:15:00,-0.338622,-0.585399,-0.736643,-35.10993,22.518611,44.327798,-0.385989,159.739801,-0.865428,-18.62956,0.865428,-0.319448,0.385989,24.037312,-22.705142,0.319448,-0.319448,-159.739801,22.705142,0.385989,18.62956,-24.037312,-0.385989,0.319448,0.865428,-0.865428,NA,NA,NA,NA,NA,NA,NA,NA,NA,NA,NA,NA
NA,NA,NA,NA,NA,NA,NA,NA,NA,NA,NA,NA,NA,NA,NA,NA,126,2025-10-16,12:09:14,1,4,"Griner, Gavin",10119620,Right,CAR_EAG,"Alexander, Trace",10000832,Right,CAR_EAG,Undefined,4,Bottom,0,1,2,Fastball,Four-Seam,BallCalled,Undefined,Undefined,Undefined,0,0,NA,86.56579,0.262519,-2.707324,2091.059986,218.019272,01:15:00,5.75975,2.10513,4.91158,-20.40568,18.50336,13.45261,4.30781,0.66411,78.54279,-3.55176,-0.340268,0.448949,NA,NA,NA,NA,NA,NA,NA,NA,NA,NA,NA,-7.37426,9.41319,-1.85216,50,5.76915,5.29755,-125.36821,-0.12188,-11.69548,26.16964,-17.2449,CAR_EAG,CAR_EAG,CarsonNewman,TeamExclusive,Team,20251016-CarsonNewman-Private-1,75ed3ed0-aaaa-11f0-b6c6-a366fa88dd2f,83.95713,NA,NA,8.02301,NA,NA,NA,NA,NA,NA,ce55f4e9-d602-4b97-9db7-16df456cdcea,2025-10-16,16:09:14,2025-10-16T16:09:14Z,2025-10-16T16:09:14Z,NA,v3,CNE,CNE,NA,"Rogers, Jacob",1000215913,Right,CAR_EAG,4d82ae81-aadf-458d-8ada-0a95ab6d6510,55.58765,-126.52921,13.08482,5.75759,0.64319,-8.62245,-2.09869,5.81641,-5.84774,NA,NA,NA,NA,NA,NA,NA,NA,NA,NA,NA,NA,NA,NA,NA,NA,NA,NA,NA,NA,NA,NA,NA,NA,NA,NA,NA,NA,NA,NA,NA,NA,NA,NA,NA,NA,NA,NA,NA,NA,NA,NA,NA,NA,NA,NA,NA,NA,NA,NA,High,High,High,NA,NA,NA,NA,NA,221.679852,12.759466,2039.423028,0.975306,01:30:00,-0.257985,-0.647528,-0.717043,-31.397566,23.476991,63.474179,-0.437262,156.99489,-0.82781,-20.577357,0.82781,-0.351472,0.437262,27.8437,-25.929315,0.351472,-0.351472,-156.99489,25.929315,0.437262,20.577357,-27.8437,-0.437262,0.351472,0.82781,-0.82781,NA,NA,NA,NA,NA,NA,NA,NA,NA,NA,NA,NA
NA,NA,NA,NA,NA,NA,NA,NA,NA,NA,NA,NA,NA,NA,NA,NA,127,2025-10-16,12:09:27,1,5,"Griner, Gavin",10119620,Right,CAR_EAG,"Alexander, Trace",10000832,Right,CAR_EAG,Undefined,4,Bottom,0,2,2,Fastball,Four-Seam,BallCalled,Undefined,Undefined,Undefined,0,0,NA,86.33277,-4.182056,-5.047706,2142.109407,214.91653,01:15:00,5.66899,1.98353,5.34284,-18.49221,20.26777,13.22713,0.18242,-1.66184,78.85587,-7.644838,-2.710964,0.448088,NA,NA,NA,NA,NA,NA,NA,NA,NA,NA,NA,-8.06119,11.73536,-1.5371,50,5.27695,10.42471,-124.51705,-9.71779,-12.64835,25.14679,-13.76075,CAR_EAG,CAR_EAG,CarsonNewman,TeamExclusive,Team,20251016-CarsonNewman-Private-1,7e1edf00-aaaa-11f0-b6c6-a366fa88dd2f,84.1184,NA,NA,7.4769,NA,NA,NA,NA,NA,NA,ce55f4e9-d602-4b97-9db7-16df456cdcea,2025-10-16,16:09:27,2025-10-16T16:09:27Z,2025-10-16T16:09:27Z,NA,v3,CNE,CNE,NA,"Rogers, Jacob",1000215913,Right,CAR_EAG,d531e68b-10b3-46d2-9017-2079883afb29,55.15867,-125.55454,12.5734,5.66617,-9.15006,-6.88037,-1.97796,10.94656,-6.32418,NA,NA,NA,NA,NA,NA,NA,NA,NA,NA,NA,NA,NA,NA,NA,NA,NA,NA,NA,NA,NA,NA,NA,NA,NA,NA,NA,NA,NA,NA,NA,NA,NA,NA,NA,NA,NA,NA,NA,NA,NA,NA,NA,NA,NA,NA,NA,NA,NA,NA,High,High,High,NA,NA,NA,NA,NA,216.516767,18.126094,2035.805397,0.950374,01:15:00,-0.335199,-0.58671,-0.737166,-29.867097,23.693744,57.421398,-0.442307,158.988038,-0.837227,-18.758626,0.837227,-0.321582,0.442307,27.847481,-26.251167,0.321582,-0.321582,-158.988038,26.251167,0.442307,18.758626,-27.847481,-0.442307,0.321582,0.837227,-0.837227,NA,NA,NA,NA,NA,NA,NA,NA,NA,NA,NA,NA
NA,NA,NA,NA,NA,NA,NA,NA,NA,NA,NA,NA,NA,NA,NA,NA,128,2025-10-16,12:09:47,1,6,"Griner, Gavin",10119620,Right,CAR_EAG,"Alexander, Trace",10000832,Right,CAR_EAG,Undefined,4,Bottom,0,3,2,Fastball,Changeup,InPlay,Undefined,FlyBall,Out,1,0,NA,84.35004,-1.23685,-3.33374,2076.347039,224.561396,01:30:00,5.73248,2.2538299999999998,5.4335,-23.64021,16.29426,14.81107,2.60197,0.36239,77.30598,-5.636542,-0.703034,0.454826,87.16281,36.320554,22.804536,NA,96.28703,70.13495,53.18648,291.89311,162.08806,38.45545,4.84277,-8.39146,8.91823,-1.96894,50,5.60659,6.50803,-122.30163,-3.41286,-12.75051,23.39853,-18.62315,CAR_EAG,CAR_EAG,CarsonNewman,TeamExclusive,Team,20251016-CarsonNewman-Private-1,898d5ab0-aaaa-11f0-b6c6-a366fa88dd2f,82.87219,82.78418,NA,7.04406,NA,NA,NA,0.84686,2.44718,-0.696,ce55f4e9-d602-4b97-9db7-16df456cdcea,2025-10-16,16:09:47,2025-10-16T16:09:47Z,2025-10-16T16:09:47Z,FlyBall,v3,CNE,CNE,NA,"Rogers, Jacob",1000215913,Right,CAR_EAG,96ce3246-c174-4a34-9f7c-598c51a08f19,55.06912,-123.26763,11.69927,5.73162,-2.64401,-9.31157,-2.24848,7.03444,-6.37525,218.73417800000001,0.85207,94.84271,-23.27463,5.54256,-0.87808,0.05862,-0.001,0.00115,-1.6e-4,2.4488,75.67547,-19.82008,0.60029,0.52295,-0.32164,0.093,-0.01308,7.1e-4,-0.69474,39.89427,2.14814,-2.03016,0.86497,-0.27048,0.05783,-0.00705,3.6e-4,NA,NA,NA,NA,NA,NA,NA,NA,NA,NA,NA,NA,NA,NA,NA,NA,NA,NA,NA,NA,NA,NA,High,High,High,High,Medium,NA,NA,NA,213.940101,22.095774,1923.852586,0.926556,01:15:00,-0.408985,-0.525319,-0.746171,-34.836727,23.253916,44.146479,-0.464477,159.414841,-0.829041,-18.141869,0.829041,-0.311371,0.464477,29.260112,-27.676409,0.311371,-0.311371,-159.414841,27.676409,0.464477,18.141869,-29.260112,-0.464477,0.311371,0.829041,-0.829041,NA,NA,NA,NA,NA,NA,NA,NA,NA,NA,NA,NA
NA,NA,NA,NA,NA,NA,NA,NA,NA,NA,NA,NA,NA,NA,NA,NA,129,2025-10-16,12:10:19,2,1,"Griner, Gavin",10119620,Right,CAR_EAG,"Ring, Alex",10041847,Right,CAR_EAG,Undefined,4,Bottom,1,0,0,Fastball,Changeup,FoulBallNotFieldable,Undefined,Undefined,Undefined,0,0,NA,85.44958,-1.455179,-3.195725,2082.320378,214.111985,01:15:00,5.67165,2.11524,5.31977,-21.42218,17.88403,11.22957,2.51834,0.04867,77.86317,-5.46222,-1.205621,0.451234,69.41712,37.658096,148.395366,3332.859415,NA,NA,NA,NA,24.15202,NA,NA,-6.58115,9.77808,-1.83409,50,5.52462,6.43199,-123.79511,-3.84596,-10.18405,25.36491,-17.04292,CAR_EAG,CAR_EAG,CarsonNewman,TeamExclusive,Team,20251016-CarsonNewman-Private-1,9cee23a0-aaaa-11f0-b6c6-a366fa88dd2f,83.53189,20.62882,NA,7.58641,NA,NA,NA,1.75714,2.61313,-0.06673,ce55f4e9-d602-4b97-9db7-16df456cdcea,2025-10-16,16:10:19,2025-10-16T16:10:19Z,2025-10-16T16:10:19Z,NA,v3,CNE,CNE,NA,"Rogers, Jacob",1000215913,Right,CAR_EAG,a4c336ca-70f9-40de-90c5-b7b0fd2e696a,55.18201,-124.85236,12.68245,5.67012,-3.13559,-8.52146,-2.11103,6.85647,-5.09202,295.556874,1.75868,-68.71031,1.7788,NA,NA,NA,NA,NA,NA,2.6165,62.06548,-22.56,NA,NA,NA,NA,NA,NA,-0.06116,42.01442,-12.40771,NA,NA,NA,NA,NA,NA,NA,NA,NA,NA,NA,NA,NA,NA,NA,NA,NA,NA,NA,NA,NA,NA,NA,NA,NA,NA,NA,NA,High,High,High,High,Undefined,NA,NA,NA,216.841234,17.415583,1986.864646,0.954159,01:15:00,-0.326801,-0.57953,-0.746556,-28.214914,21.344886,55.990102,-0.396332,157.848484,-0.850342,-20.253775,0.850342,-0.346179,0.396332,24.989571,-23.349098,0.346179,-0.346179,-157.848484,23.349098,0.396332,20.253775,-24.989571,-0.396332,0.346179,0.850342,-0.850342,NA,NA,NA,NA,NA,NA,NA,NA,NA,NA,NA,NA
NA,NA,NA,NA,NA,NA,NA,NA,NA,NA,NA,NA,NA,NA,NA,NA,130,2025-10-16,12:10:38,2,2,"Griner, Gavin",10119620,Right,CAR_EAG,"Ring, Alex",10041847,Right,CAR_EAG,Undefined,4,Bottom,1,0,1,Slider,Curveball,BallCalled,Undefined,Undefined,Undefined,0,0,NA,70.38427,2.432771,-2.064562,2337.756032,61.168219,08:00:00,5.62401,2.37566,4.66505,-68.35547,-8.85768,-19.51525,2.24162,-1.21268,64.740710000000007,-9.794006,-5.485235,0.555165,NA,NA,NA,NA,NA,NA,NA,NA,NA,NA,NA,8.93276,-4.49717,-2.1462,50,5.8101,4.42461,-101.96475,2.0088,9.33953,17.84342,-36.87602,CAR_EAG,CAR_EAG,CarsonNewman,TeamExclusive,Team,20251016-CarsonNewman-Private-1,a81becd0-aaaa-11f0-b6c6-a366fa88dd2f,67.89416,NA,NA,5.64356,NA,NA,NA,NA,NA,NA,ce55f4e9-d602-4b97-9db7-16df456cdcea,2025-10-16,16:10:38,2025-10-16T16:10:38Z,2025-10-16T16:10:38Z,NA,v3,CNE,CNE,NA,"Rogers, Jacob",1000215913,Right,CAR_EAG,de0bf595-f038-4241-b4ac-769bf57f2834,55.84085,-102.98181,8.92171,5.63569,4.11069,-18.43801,-2.38323,3.89227,4.66977,NA,NA,NA,NA,NA,NA,NA,NA,NA,NA,NA,NA,NA,NA,NA,NA,NA,NA,NA,NA,NA,NA,NA,NA,NA,NA,NA,NA,NA,NA,NA,NA,NA,NA,NA,NA,NA,NA,NA,NA,NA,NA,NA,NA,NA,NA,NA,NA,NA,NA,High,High,High,NA,NA,NA,NA,NA,49.211857,53.061982,1404.876174,0.600951,07:45:00,-0.764604,0.488515,0.420398,-22.657753,12.158905,16.656861,-0.667853,135.2464,-0.528553,-31.602728,0.528553,-0.524026,0.667853,51.641165,-41.901588,0.524026,-0.524026,-135.2464,41.901588,0.667853,31.602728,-51.641165,-0.667853,0.524026,0.528553,-0.528553,NA,NA,NA,NA,NA,NA,NA,NA,NA,NA,NA,NA
NA,NA,NA,NA,NA,NA,NA,NA,NA,NA,NA,NA,NA,NA,NA,NA,131,2025-10-16,12:10:53,2,3,"Griner, Gavin",10119620,Right,CAR_EAG,"Ring, Alex",10041847,Right,CAR_EAG,Undefined,4,Bottom,1,1,1,Slider,Curveball,StrikeCalled,Undefined,Undefined,Undefined,0,0,NA,69.61978,1.744475,-1.904426,2250.334352,63.094503,08:00:00,5.60444,2.54065,4.81029,-67.93019,-8.07701,-19.30265,1.59775,-0.87284,64.77961,-10.392582,-5.300661,0.55682,NA,NA,NA,NA,NA,NA,NA,NA,NA,NA,NA,9.01359,-3.94882,-2.33352,50,5.71877,4.07184,-101.0481,0.83754,9.3446,16.05068,-36.2679,CAR_EAG,CAR_EAG,CarsonNewman,TeamExclusive,Team,20251016-CarsonNewman-Private-1,b14b26e0-aaaa-11f0-b6c6-a366fa88dd2f,67.69228,NA,NA,4.84017,NA,NA,NA,NA,NA,NA,ce55f4e9-d602-4b97-9db7-16df456cdcea,2025-10-16,16:10:53,2025-10-16T16:10:53Z,2025-10-16T16:10:53Z,NA,v3,CNE,CNE,NA,"Rogers, Jacob",1000215913,Right,CAR_EAG,9c2c965a-2fb3-4e52-8ebf-1ca759437d90,55.69698,-101.94901,8.02534,5.61463,2.87321,-18.13395,-2.54735,3.54734,4.6723,NA,NA,NA,NA,NA,NA,NA,NA,NA,NA,NA,NA,NA,NA,NA,NA,NA,NA,NA,NA,NA,NA,NA,NA,NA,NA,NA,NA,NA,NA,NA,NA,NA,NA,NA,NA,NA,NA,NA,NA,NA,NA,NA,NA,NA,NA,NA,NA,NA,NA,High,High,High,NA,NA,NA,NA,NA,43.778245,51.208032,1409.822208,0.626495,07:30:00,-0.750414,0.456979,0.477545,-19.285893,8.032928,23.396553,-0.56875,138.545753,-0.616459,-32.991854,0.616459,-0.54452,0.56875,42.694889,-34.663111,0.54452,-0.54452,-138.545753,34.663111,0.56875,32.991854,-42.694889,-0.56875,0.54452,0.616459,-0.616459,NA,NA,NA,NA,NA,NA,NA,NA,NA,NA,NA,NA
NA,NA,NA,NA,NA,NA,NA,NA,NA,NA,NA,NA,NA,NA,NA,NA,132,2025-10-16,12:11:08,2,4,"Griner, Gavin",10119620,Right,CAR_EAG,"Ring, Alex",10041847,Right,CAR_EAG,Undefined,4,Bottom,1,1,2,Fastball,Four-Seam,StrikeCalled,Strikeout,Undefined,Undefined,0,0,NA,86.81215,-1.893376,-4.174139,2244.252634,212.689335,01:00:00,5.65245,2.04465,5.17246,-19.53977,18.62119,11.17485,2.23691,-0.95932,79.52199,-5.535948,-2.202939,0.444612,NA,NA,NA,NA,NA,NA,NA,NA,NA,NA,NA,-6.66776,10.1415,-1.66402,50,5.4611,8.66798,-125.64107,-4.81337,-10.70543,24.39923,-15.8914,CAR_EAG,CAR_EAG,CarsonNewman,TeamExclusive,Team,20251016-CarsonNewman-Private-1,b9dd5da0-aaaa-11f0-b6c6-a366fa88dd2f,84.77606,NA,NA,7.29016,NA,NA,NA,NA,NA,NA,ce55f4e9-d602-4b97-9db7-16df456cdcea,2025-10-16,16:11:08,2025-10-16T16:11:08Z,2025-10-16T16:11:08Z,NA,v3,CNE,CNE,NA,"Rogers, Jacob",1000215913,Right,CAR_EAG,9da93845-3fce-472e-98e2-5c30f742547d,55.32861,-126.67164,12.19961,5.65023,-4.14215,-7.9457,-2.03969,9.12015,-5.35271,NA,NA,NA,NA,NA,NA,NA,NA,NA,NA,NA,NA,NA,NA,NA,NA,NA,NA,NA,NA,NA,NA,NA,NA,NA,NA,NA,NA,NA,NA,NA,NA,NA,NA,NA,NA,NA,NA,NA,NA,NA,NA,NA,NA,NA,NA,NA,NA,NA,NA,High,High,High,NA,NA,NA,NA,NA,216.324326,19.153974,2120.011364,0.94464,01:15:00,-0.364017,-0.570098,-0.736532,-35.684113,20.076265,53.59038,-0.501661,153.88267,-0.776736,-22.383902,0.776736,-0.380811,0.501661,32.856701,-30.109957,0.380811,-0.380811,-153.88267,30.109957,0.501661,22.383902,-32.856701,-0.501661,0.380811,0.776736,-0.776736,NA,NA,NA,NA,NA,NA,NA,NA,NA,NA,NA,NA
NA,NA,NA,NA,NA,NA,NA,NA,NA,NA,NA,NA,NA,NA,NA,NA,133,2025-10-16,12:11:38,3,1,"Griner, Gavin",10119620,Right,CAR_EAG,"Smith, Braxton",1000370200,Right,CAR_EAG,Undefined,4,Bottom,2,0,0,Slider,Curveball,StrikeCalled,Undefined,Undefined,Undefined,0,0,NA,71.33395,2.03165,-2.103724,2228.396387,58.290772,08:00:00,5.60745,2.5423,4.87377,-66.85925,-8.99642,-17.74277,1.96051,-0.92792,65.18822,-9.990455,-5.227492,0.547484,NA,NA,NA,NA,NA,NA,NA,NA,NA,NA,NA,8.03394,-4.44366,-2.31957,50,5.75098,4.47955,-103.30045,1.40713,8.55699,19.50234,-36.90703,CAR_EAG,CAR_EAG,CarsonNewman,TeamExclusive,Team,20251016-CarsonNewman-Private-1,cbcfa270-aaaa-11f0-b6c6-a366fa88dd2f,68.84666,NA,NA,6.14573,NA,NA,NA,NA,NA,NA,ce55f4e9-d602-4b97-9db7-16df456cdcea,2025-10-16,16:11:38,2025-10-16T16:11:38Z,2025-10-16T16:11:38Z,NA,v3,CNE,CNE,NA,"Rogers, Jacob",1000215913,Right,CAR_EAG,d4128521-67a4-44aa-b1c4-bb53a2fbf812,55.63039,-104.35801,9.75117,5.62041,3.4085,-18.45352,-2.5499,4.01553,4.2785,NA,NA,NA,NA,NA,NA,NA,NA,NA,NA,NA,NA,NA,NA,NA,NA,NA,NA,NA,NA,NA,NA,NA,NA,NA,NA,NA,NA,NA,NA,NA,NA,NA,NA,NA,NA,NA,NA,NA,NA,NA,NA,NA,NA,NA,NA,NA,NA,NA,NA,High,High,High,NA,NA,NA,NA,NA,48.372592,57.166931,1208.221506,0.542193,07:30:00,-0.81158,0.434812,0.390225,-21.137574,6.340097,22.615617,-0.621363,135.508211,-0.558926,-33.305157,0.558926,-0.549098,0.621363,48.028111,-38.415772,0.549098,-0.549098,-135.508211,38.415772,0.621363,33.305157,-48.028111,-0.621363,0.549098,0.558926,-0.558926,NA,NA,NA,NA,NA,NA,NA,NA,NA,NA,NA,NA
NA,NA,NA,NA,NA,NA,NA,NA,NA,NA,NA,NA,NA,NA,NA,NA,134,2025-10-16,12:11:55,3,2,"Griner, Gavin",10119620,Right,CAR_EAG,"Smith, Braxton",1000370200,Right,CAR_EAG,Undefined,4,Bottom,2,0,1,Slider,Curveball,StrikeCalled,Undefined,Undefined,Undefined,0,0,NA,70.85293,3.149605,-0.592059,2413.794795,61.323659,08:00:00,5.54585,2.47096,4.76924,-66.09441,-7.76587,-17.56032,3.02739,0.44623,65.01034,-8.730622,-3.678584,0.549683,NA,NA,NA,NA,NA,NA,NA,NA,NA,NA,NA,8.40957,-4.11984,-2.39543,50,5.80354,1.74079,-102.67302,3.40362,8.94349,17.59013,-36.55545,CAR_EAG,CAR_EAG,CarsonNewman,TeamExclusive,Team,20251016-CarsonNewman-Private-1,d5d69ee0-aaaa-11f0-b6c6-a366fa88dd2f,68.57128,NA,NA,5.84258,NA,NA,NA,NA,NA,NA,ce55f4e9-d602-4b97-9db7-16df456cdcea,2025-10-16,16:11:55,2025-10-16T16:11:55Z,2025-10-16T16:11:55Z,NA,v3,CNE,CNE,NA,"Rogers, Jacob",1000215913,Right,CAR_EAG,3123ab48-0a9f-419a-ad10-4c45a99f545d,55.73593,-103.65106,8.79507,5.55779,5.43614,-18.27772,-2.4784,1.24352,4.47175,NA,NA,NA,NA,NA,NA,NA,NA,NA,NA,NA,NA,NA,NA,NA,NA,NA,NA,NA,NA,NA,NA,NA,NA,NA,NA,NA,NA,NA,NA,NA,NA,NA,NA,NA,NA,NA,NA,NA,NA,NA,NA,NA,NA,NA,NA,NA,NA,NA,NA,High,High,High,NA,NA,NA,NA,NA,47.619584,48.736848,1591.942021,0.659518,07:30:00,-0.719154,0.527741,0.452004,-23.446838,14.752716,18.330381,-0.614762,136.237877,-0.569622,-33.060578,0.569622,-0.545525,0.614762,47.182654,-37.934655,0.545525,-0.545525,-136.237877,37.934655,0.614762,33.060578,-47.182654,-0.614762,0.545525,0.569622,-0.569622,NA,NA,NA,NA,NA,NA,NA,NA,NA,NA,NA,NA
NA,NA,NA,NA,NA,NA,NA,NA,NA,NA,NA,NA,NA,NA,NA,NA,135,2025-10-16,12:12:11,3,3,"Griner, Gavin",10119620,Right,CAR_EAG,"Smith, Braxton",1000370200,Right,CAR_EAG,Undefined,4,Bottom,2,0,2,Slider,Curveball,BallCalled,Undefined,Undefined,Undefined,0,0,NA,72.02292,0.89293,-1.645748,2344.978318,58.901996,08:00:00,5.53505,2.27068,4.94249,-65.10484,-8.92398,-17.7782,0.95398,-0.76666,66.3964,-10.784648,-4.78624,0.539468,NA,NA,NA,NA,NA,NA,NA,NA,NA,NA,NA,8.27363,-4.09874,-2.09543,50,5.56797,3.68257,-104.47023,-0.57453,9.06946,18.93328,-36.66703,CAR_EAG,CAR_EAG,CarsonNewman,TeamExclusive,Team,20251016-CarsonNewman-Private-1,df7abad0-aaaa-11f0-b6c6-a366fa88dd2f,69.86966,NA,NA,5.62652,NA,NA,NA,NA,NA,NA,ce55f4e9-d602-4b97-9db7-16df456cdcea,2025-10-16,16:12:11,2025-10-16T16:12:11Z,2025-10-16T16:12:11Z,NA,v3,CNE,CNE,NA,"Rogers, Jacob",1000215913,Right,CAR_EAG,d4547cc4-87ab-466e-a8c0-302e863674d5,55.56279,-105.47356,9.46664,5.54693,1.36857,-18.33352,-2.27785,3.20196,4.53473,NA,NA,NA,NA,NA,NA,NA,NA,NA,NA,NA,NA,NA,NA,NA,NA,NA,NA,NA,NA,NA,NA,NA,NA,NA,NA,NA,NA,NA,NA,NA,NA,NA,NA,NA,NA,NA,NA,NA,NA,NA,NA,NA,NA,NA,NA,NA,NA,NA,NA,High,High,High,NA,NA,NA,NA,NA,45.690473,50.314286,1497.446764,0.638576,07:30:00,-0.749219,0.468887,0.467778,-24.370656,16.817981,22.225063,-0.629441,136.929083,-0.567641,-32.049306,0.567641,-0.530649,0.629441,47.955283,-39.008863,0.530649,-0.530649,-136.929083,39.008863,0.629441,32.049306,-47.955283,-0.629441,0.530649,0.567641,-0.567641,NA,NA,NA,NA,NA,NA,NA,NA,NA,NA,NA,NA
NA,NA,NA,NA,NA,NA,NA,NA,NA,NA,NA,NA,NA,NA,NA,NA,136,2025-10-16,12:12:25,3,4,"Griner, Gavin",10119620,Right,CAR_EAG,"Smith, Braxton",1000370200,Right,CAR_EAG,Undefined,4,Bottom,2,1,2,Slider,Curveball,StrikeSwinging,Strikeout,Undefined,Undefined,0,0,NA,71.14631,1.407301,-1.804965,2429.380889,59.656939,08:00:00,5.70658,2.3019,4.84217,-67.16787,-9.22682,-19.00214,1.4427,-0.99122,65.42764,-10.630858,-5.153514,0.547854,NA,NA,NA,NA,NA,NA,NA,NA,NA,NA,NA,8.80733,-4.41221,-2.10619,50,5.78818,3.9731900000000002,-103.13808,0.2701,9.38855,18.81337,-36.87744,CAR_EAG,CAR_EAG,CarsonNewman,TeamExclusive,Team,20251016-CarsonNewman-Private-1,e7deb5a0-aaaa-11f0-b6c6-a366fa88dd2f,68.8002,NA,NA,5.71867,NA,NA,NA,NA,NA,NA,ce55f4e9-d602-4b97-9db7-16df456cdcea,2025-10-16,16:12:25,2025-10-16T16:12:25Z,2025-10-16T16:12:25Z,NA,v3,CNE,CNE,NA,"Rogers, Jacob",1000215913,Right,CAR_EAG,6c8c46d4-98a8-4c83-81cc-468c6642b0e7,55.66335,-104.16601,9.40669,5.71837,2.28502,-18.43872,-2.30927,3.46021,4.69428,NA,NA,NA,NA,NA,NA,NA,NA,NA,NA,NA,NA,NA,NA,NA,NA,NA,NA,NA,NA,NA,NA,NA,NA,NA,NA,NA,NA,NA,NA,NA,NA,NA,NA,NA,NA,NA,NA,NA,NA,NA,NA,NA,NA,NA,NA,NA,NA,NA,NA,High,High,High,NA,NA,NA,NA,NA,39.477701,47.024708,1656.067435,0.681683,07:15:00,-0.703852,0.451237,0.548614,-15.931001,8.822219,22.298,-0.558359,140.301913,-0.638311,-31.998692,0.638311,-0.5299,0.558359,41.177661,-33.942421,0.5299,-0.5299,-140.301913,33.942421,0.558359,31.998692,-41.177661,-0.558359,0.5299,0.638311,-0.638311,NA,NA,NA,NA,NA,NA,NA,NA,NA,NA,NA,NA
NA,NA,NA,NA,NA,NA,NA,NA,NA,NA,NA,NA,NA,NA,NA,NA,137,2025-10-16,12:14:37,1,1,"Angel, Bransen",1000323260,Right,CAR_EAG,"Kilgore, Tanner",814348,Right,CAR_EAG,Undefined,5,Top,0,0,0,Slider,Curveball,StrikeSwinging,Undefined,Undefined,Undefined,0,0,NA,72.97411,0.302197,-1.277236,2509.150592,78.799665,08:45:00,6.06968,2.2848,4.6534,-56.79456,-1.73417,-17.43784,1.62401,-0.38211,67.37761,-9.857834,-4.3402520000000004,0.534061,NA,NA,NA,NA,NA,NA,NA,NA,NA,NA,NA,8.15989,-0.39717,-2.13753,50,6.04886,3.0534,-105.83813,-1.42916,9.23269,18.48275,-32.62342,CAR_EAG,CAR_EAG,CarsonNewman,TeamExclusive,Team,20251016-CarsonNewman-Private-1,3678c7a0-aaab-11f0-b6c6-a366fa88dd2f,70.57701,NA,NA,5.59649,NA,NA,NA,NA,NA,NA,ce55f4e9-d602-4b97-9db7-16df456cdcea,2025-10-16,16:14:37,2025-10-16T16:14:37Z,2025-10-16T16:14:37Z,NA,v3,CNE,CNE,NA,"Cochran, Carson",10085797,Right,CAR_EAG,9dbeef11-4d48-427a-ac99-d90ae9afed10,55.85014,-106.85487,9.24137,6.07811,0.36546,-16.31171,-2.29153,2.54551,4.61635,NA,NA,NA,NA,NA,NA,NA,NA,NA,NA,NA,NA,NA,NA,NA,NA,NA,NA,NA,NA,NA,NA,NA,NA,NA,NA,NA,NA,NA,NA,NA,NA,NA,NA,NA,NA,NA,NA,NA,NA,NA,NA,NA,NA,NA,NA,NA,NA,NA,NA,High,High,High,NA,NA,NA,NA,NA,47.535125,65.884785,1025.170809,0.408573,07:30:00,-0.904748,0.30621,0.296084,40.36537,29.476569,30.880398,-0.523728,126.51116,-0.506854,-43.211663,0.506854,-0.684695,0.523728,45.937995,-31.582632,0.684695,-0.684695,-126.51116,31.582632,0.523728,43.211663,-45.937995,-0.523728,0.684695,0.506854,-0.506854,NA,NA,NA,NA,NA,NA,NA,NA,NA,NA,NA,NA
NA,NA,NA,NA,NA,NA,NA,NA,NA,NA,NA,NA,NA,NA,NA,NA,138,2025-10-16,12:14:52,1,2,"Angel, Bransen",1000323260,Right,CAR_EAG,"Kilgore, Tanner",814348,Right,CAR_EAG,Undefined,5,Top,0,0,1,Slider,Curveball,FoulBallNotFieldable,Undefined,Undefined,Undefined,0,0,NA,69.83647,2.217462,-1.511241,2568.34936,42.187948,07:30:00,6.12972,2.10699,4.50232,-77.29756,-16.26713,-16.5806,1.80282,-0.71495,64.16569,-11.531958,-4.417755,0.56227,NA,NA,NA,NA,NA,NA,NA,NA,NA,NA,NA,7.64882,-8.15024,-1.93146,50,6.28741,3.30252,-101.18103,1.25152,7.82933,18.45091,-40.51664,CAR_EAG,CAR_EAG,CarsonNewman,TeamExclusive,Team,20251016-CarsonNewman-Private-1,3f8c3c50-aaab-11f0-b6c6-a366fa88dd2f,67.03624,NA,NA,5.67078,NA,NA,NA,NA,NA,NA,ce55f4e9-d602-4b97-9db7-16df456cdcea,2025-10-16,16:14:52,2025-10-16T16:14:52Z,2025-10-16T16:14:52Z,NA,v3,CNE,CNE,NA,"Cochran, Carson",10085797,Right,CAR_EAG,4bbc9a62-e016-40e2-b1f1-49a4851f055d,56.00556,-102.27032,9.22546,6.14292,3.6435,-20.25832,-2.11279,2.8403,3.91467,NA,NA,NA,NA,NA,NA,NA,NA,NA,NA,NA,NA,NA,NA,NA,NA,NA,NA,NA,NA,NA,NA,NA,NA,NA,NA,NA,NA,NA,NA,NA,NA,NA,NA,NA,NA,NA,NA,NA,NA,NA,NA,NA,NA,NA,NA,NA,NA,NA,NA,High,High,High,NA,NA,NA,NA,NA,30.623956,39.420795,1984.057985,0.772503,07:00:00,-0.601562,0.417789,0.680863,-44.746516,26.730812,69.100141,-0.149437,178.755058,-0.988538,-1.23096,0.988538,-0.021483,0.149437,8.596325,-8.594326,0.021483,-0.021483,-178.755058,8.594326,0.149437,1.23096,-8.596325,-0.149437,0.021483,0.988538,-0.988538,NA,NA,NA,NA,NA,NA,NA,NA,NA,NA,NA,NA
NA,NA,NA,NA,NA,NA,NA,NA,NA,NA,NA,NA,NA,NA,NA,NA,139,2025-10-16,12:15:11,1,3,"Angel, Bransen",1000323260,Right,CAR_EAG,"Kilgore, Tanner",814348,Right,CAR_EAG,Undefined,5,Top,0,0,2,Fastball,Four-Seam,InPlay,Undefined,GroundBall,Single,0,0,NA,86.7383,-2.055835,-2.720888,2308.991707,208.561812,01:00:00,6.30262,1.80998,5.33848,-16.9941,21.07521,10.788,2.95468,0.15434,79.09878,-5.271209,-0.807413,0.444078,96.48135,-6.972855,-21.888005,NA,NA,NA,NA,20.15796,19.80701,-20.885271,0.136104,-6.21796,11.55044,-1.57244,50,6.10521,5.50706,-125.69575,-5.03895,-9.93104,25.87948,-13.72625,CAR_EAG,CAR_EAG,CarsonNewman,TeamExclusive,Team,20251016-CarsonNewman-Private-1,4ade0840-aaab-11f0-b6c6-a366fa88dd2f,84.878,2.92098,NA,7.63952,NA,NA,NA,1.6572,2.92098,-0.12192,ce55f4e9-d602-4b97-9db7-16df456cdcea,2025-10-16,16:15:11,2025-10-16T16:15:11Z,2025-10-16T16:15:11Z,GroundBall,v3,CNE,CNE,NA,"Cochran, Carson",10085797,Right,CAR_EAG,a3972896-e6d3-49c1-98fd-bd1a1d1f759e,55.16347,-126.7544,12.93974,6.29985,-4.47745,-6.86313,-1.80602,5.91331,-4.96552,24.184012,1.65774,130.28158,-30.0483,NA,NA,NA,NA,NA,NA,2.92195,-17.27225,-30.88396,NA,NA,NA,NA,NA,NA,-0.12178,-52.37642,3.45568,NA,NA,NA,NA,NA,NA,NA,NA,NA,NA,NA,NA,NA,NA,NA,NA,NA,NA,NA,NA,NA,NA,NA,NA,NA,NA,NA,NA,High,High,High,High,High,NA,NA,NA,212.701008,-5.013614,2300.157414,0.996174,01:00:00,0.066729,-0.534707,-0.842399,-38.060474,-16.741262,18.839981,-0.062279,159.634835,-0.935674,-20.323883,0.935674,-0.347327,0.062279,3.80805,-3.570659,0.347327,-0.347327,-159.634835,3.570659,0.062279,20.323883,-3.80805,-0.062279,0.347327,0.935674,-0.935674,NA,NA,NA,NA,NA,NA,NA,NA,NA,NA,NA,NA
NA,NA,NA,NA,NA,NA,NA,NA,NA,NA,NA,NA,NA,NA,NA,NA,140,2025-10-16,12:15:56,2,1,"Angel, Bransen",1000323260,Right,CAR_EAG,"Soto Diaz, Bradley",1000475324,Right,CAR_EAG,Undefined,5,Top,0,0,0,Curveball,Curveball,StrikeCalled,Undefined,Undefined,Undefined,0,0,NA,71.98522,2.136207,-2.034004,2478.121776,60.539898,08:00:00,6.06418,2.84301,4.90852,-59.88732,-3.48847,-9.44312,3.09599,0.13172,65.87243,-8.674007,-3.696887,0.540513,NA,NA,NA,NA,NA,NA,NA,NA,NA,NA,NA,4.03532,-1.7674,-2.63581,50,6.22318,4.06885,-104.26866,1.87927,4.41255,18.63526,-34.10669,CAR_EAG,CAR_EAG,CarsonNewman,TeamExclusive,Team,20251016-CarsonNewman-Private-1,65de91a0-aaab-11f0-b6c6-a366fa88dd2f,69.73452,NA,NA,6.11279,NA,NA,NA,NA,NA,NA,ce55f4e9-d602-4b97-9db7-16df456cdcea,2025-10-16,16:15:56,2025-10-16T16:15:56Z,2025-10-16T16:15:56Z,NA,v3,CNE,CNE,NA,"Cochran, Carson",10085797,Right,CAR_EAG,0a37d189-fd77-4dcf-a5dc-28add1dd5dea,55.59374,-105.26365,9.31763,6.07423,3.70031,-17.05334,-2.84676,3.83325,2.20627,NA,NA,NA,NA,NA,NA,NA,NA,NA,NA,NA,NA,NA,NA,NA,NA,NA,NA,NA,NA,NA,NA,NA,NA,NA,NA,NA,NA,NA,NA,NA,NA,NA,NA,NA,NA,NA,NA,NA,NA,NA,NA,NA,NA,NA,NA,NA,NA,NA,NA,High,High,High,NA,NA,NA,NA,NA,52.395781,68.318288,915.542507,0.36945,07:45:00,-0.909115,0.32713,0.257869,27.429059,52.416872,20.224521,-0.353901,135.504682,-0.667144,-40.957108,0.667144,-0.655494,0.353901,27.944682,-20.726117,0.655494,-0.655494,-135.504682,20.726117,0.353901,40.957108,-27.944682,-0.353901,0.655494,0.667144,-0.667144,NA,NA,NA,NA,NA,NA,NA,NA,NA,NA,NA,NA
NA,NA,NA,NA,NA,NA,NA,NA,NA,NA,NA,NA,NA,NA,NA,NA,141,2025-10-16,12:16:15,2,2,"Angel, Bransen",1000323260,Right,CAR_EAG,"Soto Diaz, Bradley",1000475324,Right,CAR_EAG,Undefined,5,Top,0,0,1,Slider,Curveball,StrikeCalled,Undefined,Undefined,Undefined,0,0,NA,72.71214,2.15719,-1.973708,2564.560532,64.482835,08:15:00,6.02281,2.56899,4.94038,-58.47759,-3.08484,-10.37583,3.19071,-0.16184,66.28763,-8.420435,-3.801645,0.535671,NA,NA,NA,NA,NA,NA,NA,NA,NA,NA,NA,4.49099,-1.58508,-2.36809,50,6.1845,4.03484,-105.28397,1.99225,4.98981,19.5648,-33.9352,CAR_EAG,CAR_EAG,CarsonNewman,TeamExclusive,Team,20251016-CarsonNewman-Private-1,714fcc70-aaab-11f0-b6c6-a366fa88dd2f,70.36494,NA,NA,6.42451,NA,NA,NA,NA,NA,NA,ce55f4e9-d602-4b97-9db7-16df456cdcea,2025-10-16,16:16:15,2025-10-16T16:16:15Z,2025-10-16T16:16:15Z,NA,v3,CNE,CNE,NA,"Cochran, Carson",10085797,Right,CAR_EAG,67d06df6-a2b2-41f1-89b8-2da57e901f75,55.56116,-106.31237,9.7824,6.0329,3.77601,-16.9676,-2.57329,3.77256,2.49491,NA,NA,NA,NA,NA,NA,NA,NA,NA,NA,NA,NA,NA,NA,NA,NA,NA,NA,NA,NA,NA,NA,NA,NA,NA,NA,NA,NA,NA,NA,NA,NA,NA,NA,NA,NA,NA,NA,NA,NA,NA,NA,NA,NA,NA,NA,NA,NA,NA,NA,High,High,High,NA,NA,NA,NA,NA,50.905409,69.596546,894.079019,0.348629,07:45:00,-0.918291,0.305661,0.251622,38.394342,37.952997,28.732558,-0.427677,131.809561,-0.602612,-42.357832,0.602612,-0.673759,0.427677,35.363531,-25.320237,0.673759,-0.673759,-131.809561,25.320237,0.427677,42.357832,-35.363531,-0.427677,0.673759,0.602612,-0.602612,NA,NA,NA,NA,NA,NA,NA,NA,NA,NA,NA,NA
NA,NA,NA,NA,NA,NA,NA,NA,NA,NA,NA,NA,NA,NA,NA,NA,142,2025-10-16,12:16:33,2,3,"Angel, Bransen",1000323260,Right,CAR_EAG,"Soto Diaz, Bradley",1000475324,Right,CAR_EAG,Undefined,5,Top,0,0,2,Curveball,Curveball,FoulBallNotFieldable,Undefined,Undefined,Undefined,0,0,NA,69.70743,3.002253,-0.997793,2577.869257,43.532557,07:30:00,6.10121,2.6354,4.86331,-74.34913,-13.73052,-15.02245,2.75009,0.43904,63.61843,-10.364823,-3.646201,0.560369,NA,NA,NA,NA,NA,NA,NA,NA,NA,NA,NA,7.14674,-7.28607,-2.52329,50,6.33316,2.31061,-100.96455,2.85448,7.26754,18.71597,-39.58327,CAR_EAG,CAR_EAG,CarsonNewman,TeamExclusive,Team,20251016-CarsonNewman-Private-1,7baadc50-aaab-11f0-b6c6-a366fa88dd2f,67.26356,NA,NA,6.08901,NA,NA,NA,NA,NA,NA,ce55f4e9-d602-4b97-9db7-16df456cdcea,2025-10-16,16:16:33,2025-10-16T16:16:33Z,2025-10-16T16:16:33Z,NA,v3,CNE,CNE,NA,"Cochran, Carson",10085797,Right,CAR_EAG,850ca5ee-4ac7-43ac-9ce5-afa1c29fe01d,55.64332,-102.00529,9.35799,6.11323,5.0556,-19.79164,-2.64054,1.90648,3.63377,NA,NA,NA,NA,NA,NA,NA,NA,NA,NA,NA,NA,NA,NA,NA,NA,NA,NA,NA,NA,NA,NA,NA,NA,NA,NA,NA,NA,NA,NA,NA,NA,NA,NA,NA,NA,NA,NA,NA,NA,NA,NA,NA,NA,NA,NA,NA,NA,NA,NA,High,High,High,NA,NA,NA,NA,NA,29.448615,35.477967,2099.258881,0.814339,07:00:00,-0.546191,0.430212,0.718744,6.493217,-49.002137,-67.496738,-0.144668,166.393065,-0.961708,-13.461085,0.961708,-0.232785,0.144668,8.554746,-8.318043,0.232785,-0.232785,-166.393065,8.318043,0.144668,13.461085,-8.554746,-0.144668,0.232785,0.961708,-0.961708,NA,NA,NA,NA,NA,NA,NA,NA,NA,NA,NA,NA
NA,NA,NA,NA,NA,NA,NA,NA,NA,NA,NA,NA,NA,NA,NA,NA,143,2025-10-16,12:16:58,2,4,"Angel, Bransen",1000323260,Right,CAR_EAG,"Soto Diaz, Bradley",1000475324,Right,CAR_EAG,Undefined,5,Top,0,0,2,Curveball,Curveball,BallCalled,Undefined,Undefined,Undefined,0,0,NA,70.65368,0.432148,-1.907997,2627.475407,39.005291,07:15:00,6.12779,2.37554,4.97096,-77.06544,-17.30828,-15.89914,0.11412,-0.75236,64.11462,-13.378071,-4.726213,0.556373,NA,NA,NA,NA,NA,NA,NA,NA,NA,NA,NA,7.14823,-8.07339,-2.17737,50,6.10651,4.00457,-102.25089,-1.79364,7.30831,22.24279,-40.42824,CAR_EAG,CAR_EAG,CarsonNewman,TeamExclusive,Team,20251016-CarsonNewman-Private-1,8b0f9870-aaab-11f0-b6c6-a366fa88dd2f,67.74666,NA,NA,6.53907,NA,NA,NA,NA,NA,NA,ce55f4e9-d602-4b97-9db7-16df456cdcea,2025-10-16,16:16:58,2025-10-16T16:16:58Z,2025-10-16T16:16:58Z,NA,v3,CNE,CNE,NA,"Cochran, Carson",10085797,Right,CAR_EAG,5b179ae0-8cde-43fe-804a-788c621a2d4d,55.53384,-103.44767,11.12139,6.1445,0.38162,-20.21412,-2.38225,3.61134,3.65416,NA,NA,NA,NA,NA,NA,NA,NA,NA,NA,NA,NA,NA,NA,NA,NA,NA,NA,NA,NA,NA,NA,NA,NA,NA,NA,NA,NA,NA,NA,NA,NA,NA,NA,NA,NA,NA,NA,NA,NA,NA,NA,NA,NA,NA,NA,NA,NA,NA,NA,High,High,High,NA,NA,NA,NA,NA,27.797894,35.474265,2139.753615,0.814376,07:00:00,-0.553151,0.384154,0.739223,10.326016,-44.379102,-66.198159,-0.105908,169.648725,-0.978192,-10.292423,0.978192,-0.178672,0.105908,6.179299,-6.079488,0.178672,-0.178672,-169.648725,6.079488,0.105908,10.292423,-6.179299,-0.105908,0.178672,0.978192,-0.978192,NA,NA,NA,NA,NA,NA,NA,NA,NA,NA,NA,NA
NA,NA,NA,NA,NA,NA,NA,NA,NA,NA,NA,NA,NA,NA,NA,NA,144,2025-10-16,12:17:23,2,5,"Angel, Bransen",1000323260,Right,CAR_EAG,"Soto Diaz, Bradley",1000475324,Right,CAR_EAG,Undefined,5,Top,0,1,2,Slider,Curveball,InPlay,Undefined,FlyBall,Out,1,0,NA,72.15022,1.280916,-2.370685,2468.122526,66.084765,08:15:00,6.03713,2.42495,5.0795,-60.75621,-3.97067,-13.81363,2.18288,-0.96234,65.13611,-9.743321,-4.811595,0.542363,78.65046,45.239967,19.07205,NA,99.95311,83.60186,45.92714,267.80353,210.94483,30.393491,4.925727,6.02882,-1.8385,-2.18863,50,6.11094,4.84432,-104.35884,0.35183,6.47343,21.87414,-34.14813,CAR_EAG,CAR_EAG,CarsonNewman,TeamExclusive,Team,20251016-CarsonNewman-Private-1,99d5a390-aaab-11f0-b6c6-a366fa88dd2f,69.49666,90.9619,NA,7.01412,NA,NA,NA,1.66408,1.77066,0.34177,ce55f4e9-d602-4b97-9db7-16df456cdcea,2025-10-16,16:17:23,2025-10-16T16:17:23Z,2025-10-16T16:17:23Z,FlyBall,v3,CNE,CNE,NA,"Cochran, Carson",10085797,Right,CAR_EAG,3e394e68-9432-4989-aa33-15298f5a5652,55.42158,-105.48911,10.93707,6.04717,2.11631,-17.07407,-2.43031,4.50983,3.23671,215.739408,1.67195,76.59767,-13.66366,2.27346,0.29365,-0.3226,0.08693,-0.01034,4.6e-4,1.77057,81.89747,-21.90268,1.71767,0.00284,-0.16715,0.06368,-0.01005,5.8e-4,0.34073,26.56025,1.7455,-0.83258,0.21873,-0.04638,0.01006,-0.00163,1.1e-4,NA,NA,NA,NA,NA,NA,NA,NA,NA,NA,NA,NA,NA,NA,NA,NA,NA,NA,NA,NA,NA,NA,High,High,High,High,Medium,NA,NA,NA,44.879371,61.096121,1192.946422,0.483342,07:30:00,-0.852679,0.360538,0.378087,25.908468,57.543369,22.144377,-0.437017,131.875206,-0.600394,-42.046472,0.600394,-0.669733,0.437017,36.050278,-25.913736,0.669733,-0.669733,-131.875206,25.913736,0.437017,42.046472,-36.050278,-0.437017,0.669733,0.600394,-0.600394,NA,NA,NA,NA,NA,NA,NA,NA,NA,NA,NA,NA
NA,NA,NA,NA,NA,NA,NA,NA,NA,NA,NA,NA,NA,NA,NA,NA,145,2025-10-16,12:18:08,3,1,"Angel, Bransen",1000323260,Right,CAR_EAG,"Mutter, Evan",1000300074,Right,CAR_EAG,Undefined,5,Top,1,0,0,ChangeUp,Changeup,BallCalled,Undefined,Undefined,Undefined,0,0,NA,77.89741,1.29986,-3.295791,1276.425489,269.203938,03:00:00,6.19168,2.23136,5.71412,-45.59786,2.14165,16.31084,3.60508,0.51673,69.48121,-7.158818,-0.381032,0.497291,NA,NA,NA,NA,NA,NA,NA,NA,NA,NA,NA,-9.34095,1.26327,-1.96491,50,6.2734,5.83095,-112.61864,1.09247,-11.66364,25.73757,-30.59664,CAR_EAG,CAR_EAG,CarsonNewman,TeamExclusive,Team,20251016-CarsonNewman-Private-1,b4538f70-aaab-11f0-b6c6-a366fa88dd2f,75.79557,NA,NA,8.4162,NA,NA,NA,NA,NA,NA,ce55f4e9-d602-4b97-9db7-16df456cdcea,2025-10-16,16:18:08,2025-10-16T16:18:08Z,2025-10-16T16:18:08Z,NA,v3,CNE,CNE,NA,"Cochran, Carson",10085797,Right,CAR_EAG,4ec5797a-4c41-4ae1-8617-0ce6fc5b27ba,54.78265,-113.7064,12.86879,6.1999,2.3856,-15.29832,-2.22177,6.3239,-5.83182,NA,NA,NA,NA,NA,NA,NA,NA,NA,NA,NA,NA,NA,NA,NA,NA,NA,NA,NA,NA,NA,NA,NA,NA,NA,NA,NA,NA,72.51501,1.593467,0.708506,0.884961,-1.94196,3.16548,-0.49979,-2.86798,5.40481,3.42077,64.51132,0.04265,60.26706,-2.84375,82.6352,-7.43185,5.41364,5.30246,-12.87361,3.42563,66.16037,-2.19298,High,High,High,NA,NA,High,High,High,237.964179,-17.599036,1216.683357,0.953196,02:00:00,0.254408,-0.814691,-0.52111,-96.329824,28.928685,32.560616,0.651667,175.718035,-0.756388,3.246605,0.756388,-0.056634,-0.651667,40.746618,40.667438,0.056634,0.056634,-175.718035,-40.667438,0.651667,-3.246605,-40.746618,-0.651667,-0.056634,0.756388,-0.756388,NA,NA,NA,NA,NA,NA,NA,NA,NA,NA,NA,NA
NA,NA,NA,NA,NA,NA,NA,NA,NA,NA,NA,NA,NA,NA,NA,NA,146,2025-10-16,12:18:30,3,2,"Angel, Bransen",1000323260,Right,CAR_EAG,"Mutter, Evan",1000300074,Right,CAR_EAG,Undefined,5,Top,1,1,0,Fastball,Four-Seam,StrikeCalled,Undefined,Undefined,Undefined,0,0,NA,84.56445,-1.562057,-3.433095,2188.870579,189.466262,12:15:00,6.19624,2.14725,5.53712,-19.66155,20.6684,3.19819,3.0947,-0.79908,76.17495,-5.301483,-2.864706,0.457072,NA,NA,NA,NA,NA,NA,NA,NA,NA,NA,NA,-2.69146,11.31619,-1.85103,50,6.04767,7.19578,-122.28009,-3.90049,-4.01675,27.33417,-15.28569,CAR_EAG,CAR_EAG,CarsonNewman,TeamExclusive,Team,20251016-CarsonNewman-Private-1,c1bbdf50-aaab-11f0-b6c6-a366fa88dd2f,82.46491,NA,NA,8.38951,NA,NA,NA,NA,NA,NA,ce55f4e9-d602-4b97-9db7-16df456cdcea,2025-10-16,16:18:30,2025-10-16T16:18:30Z,2025-10-16T16:18:30Z,NA,v3,CNE,CNE,NA,"Cochran, Carson",10085797,Right,CAR_EAG,d825c99c-ab76-4818-9465-829fec8d8160,54.95857,-123.38353,13.66709,6.19268,-3.28343,-7.64285,-2.14479,7.35793,-2.00837,NA,NA,NA,NA,NA,NA,NA,NA,NA,NA,NA,NA,NA,NA,NA,NA,NA,NA,NA,NA,NA,NA,NA,NA,NA,NA,NA,NA,NA,NA,NA,NA,NA,NA,NA,NA,NA,NA,NA,NA,NA,NA,NA,NA,NA,NA,NA,NA,NA,NA,High,High,High,NA,NA,NA,NA,NA,210.927877,-3.371082,2185.083032,0.99827,01:00:00,0.021357,-0.511276,-0.859151,-34.08005,-24.214852,11.825926,-0.001682,154.602933,-0.903356,-25.397029,0.903356,-0.428888,0.001682,0.106655,-0.096348,0.428888,-0.428888,-154.602933,0.096348,0.001682,25.397029,-0.106655,-0.001682,0.428888,0.903356,-0.903356,NA,NA,NA,NA,NA,NA,NA,NA,NA,NA,NA,NA
NA,NA,NA,NA,NA,NA,NA,NA,NA,NA,NA,NA,NA,NA,NA,NA,147,2025-10-16,12:18:50,3,3,"Angel, Bransen",1000323260,Right,CAR_EAG,"Mutter, Evan",1000300074,Right,CAR_EAG,Undefined,5,Top,1,1,1,Slider,Curveball,BallCalled,Undefined,Undefined,Undefined,0,0,NA,72.81554,0.879232,-0.202265,2426.195661,59.179839,08:00:00,6.00779,2.54271,4.70936,-59.65275,-3.71382,-9.59587,1.87135,1.55108,66.18683,-9.862934,-1.891154,0.538305,NA,NA,NA,NA,NA,NA,NA,NA,NA,NA,NA,4.62583,-1.50705,-2.51314,50,6.04359,0.75577,-105.44499,-0.45513,5.1215,20.71171,-33.84257,CAR_EAG,CAR_EAG,CarsonNewman,TeamExclusive,Team,20251016-CarsonNewman-Private-1,cd968a50-aaab-11f0-b6c6-a366fa88dd2f,70.02058,NA,NA,6.62871,NA,NA,NA,NA,NA,NA,ce55f4e9-d602-4b97-9db7-16df456cdcea,2025-10-16,16:18:50,2025-10-16T16:18:50Z,2025-10-16T16:18:50Z,NA,v3,CNE,CNE,NA,"Cochran, Carson",10085797,Right,CAR_EAG,898100b0-5c10-44fe-9f97-a4c0cd812dd3,55.79182,-106.57656,10.35586,6.01795,1.39384,-16.92128,-2.54679,0.47596,2.56075,NA,NA,NA,NA,NA,NA,NA,NA,NA,NA,NA,NA,NA,NA,NA,NA,NA,NA,NA,NA,NA,NA,NA,NA,NA,NA,NA,NA,NA,NA,NA,NA,NA,NA,NA,NA,NA,NA,NA,NA,NA,NA,NA,NA,NA,NA,NA,NA,NA,NA,High,High,High,NA,NA,NA,NA,NA,44.466461,70.374939,814.87078,0.335864,07:30:00,-0.937338,0.249695,0.243003,31.272227,39.178525,31.351098,-0.476857,129.996518,-0.564957,-42.327903,0.564957,-0.673373,0.476857,40.166356,-28.480348,0.673373,-0.673373,-129.996518,28.480348,0.476857,42.327903,-40.166356,-0.476857,0.673373,0.564957,-0.564957,NA,NA,NA,NA,NA,NA,NA,NA,NA,NA,NA,NA
NA,NA,NA,NA,NA,NA,NA,NA,NA,NA,NA,NA,NA,NA,NA,NA,148,2025-10-16,12:19:09,3,4,"Angel, Bransen",1000323260,Right,CAR_EAG,"Mutter, Evan",1000300074,Right,CAR_EAG,Undefined,5,Top,1,2,1,Fastball,Four-Seam,FoulBallNotFieldable,Undefined,Undefined,Undefined,0,0,NA,84.52137,-2.550713,-4.118156,2174.572012,204.671292,12:45:00,6.14884,2.16358,5.77312,-20.3632,20.00194,8.45878,2.07047,-0.97052,75.72221,-6.438471,-2.609182,0.457272,64.13157,50.454086,127.264271,4623.238638,NA,NA,NA,NA,36.3653,NA,NA,-5.72126,11.50953,-1.82776,50,5.9254,8.43943,-122.06508,-6.01843,-8.4407,28.99264,-15.19376,CAR_EAG,CAR_EAG,CarsonNewman,TeamExclusive,Team,20251016-CarsonNewman-Private-1,d8b47500-aaab-11f0-b6c6-a366fa88dd2f,82.42891,38.80298,NA,8.79916,NA,NA,NA,1.40092,1.90741,0.85799,ce55f4e9-d602-4b97-9db7-16df456cdcea,2025-10-16,16:19:09,2025-10-16T16:19:09Z,2025-10-16T16:19:09Z,NA,v3,CNE,CNE,NA,"Cochran, Carson",10085797,Right,CAR_EAG,5481ff90-559a-417e-aa9b-672d1b5316e8,54.72498,-123.18223,14.49632,6.14602,-5.43298,-7.59688,-2.15921,8.76467,-4.22035,318.739809,1.40092,-36.26131,-2.45085,1.42018,-0.43151,0.11018,-0.02658,0.00616,-9.2e-4,1.90741,72.53064,-26.04208,2.99002,-0.61591,0.11277,-0.02294,0.00479,-7.3e-4,0.85799,47.6614,-9.81115,2.16504,-0.45213,0.08706,-0.01908,0.00356,-4.9e-4,NA,NA,NA,NA,NA,NA,NA,NA,NA,NA,NA,NA,NA,NA,NA,NA,NA,NA,NA,NA,NA,NA,High,High,High,High,Undefined,NA,NA,NA,210.861594,-9.209692,2146.540052,0.987109,01:00:00,0.121102,-0.498729,-0.858256,-25.974532,-29.468618,-0.161197,0.093962,161.539552,-0.944346,18.375848,0.944346,-0.315249,-0.093962,5.682175,5.391554,0.315249,0.315249,-161.539552,-5.391554,0.093962,-18.375848,-5.682175,-0.093962,-0.315249,0.944346,-0.944346,NA,NA,NA,NA,NA,NA,NA,NA,NA,NA,NA,NA
NA,NA,NA,NA,NA,NA,NA,NA,NA,NA,NA,NA,NA,NA,NA,NA,149,2025-10-16,12:19:32,3,5,"Angel, Bransen",1000323260,Right,CAR_EAG,"Mutter, Evan",1000300074,Right,CAR_EAG,Undefined,5,Top,1,2,2,ChangeUp,Changeup,InPlay,Undefined,GroundBall,Out,1,0,NA,76.45303,-0.108352,-4.189331,1125.733722,253.450403,02:30:00,6.11151,2.22473,6.02765,-43.71806,4.5828,9.67441,2.36772,-0.85601,69.44865,-8.210573,-2.453086,0.500206,63.15894,-9.870101,-49.295259,NA,NA,NA,NA,16.24359,15.34045,-38.539906,0.159934,-6.34847,2.84047,-1.90183,50,6.07924,7.77074,-110.71961,-1.48451,-7.774,22.26306,-28.69575,CAR_EAG,CAR_EAG,CarsonNewman,TeamExclusive,Team,20251016-CarsonNewman-Private-1,e67da990-aaab-11f0-b6c6-a366fa88dd2f,75.35386,2.66333,NA,7.00438,NA,NA,NA,3.18405,2.66333,0.82666,ce55f4e9-d602-4b97-9db7-16df456cdcea,2025-10-16,16:19:32,2025-10-16T16:19:32Z,2025-10-16T16:19:32Z,GroundBall,v3,CNE,CNE,NA,"Cochran, Carson",10085797,Right,CAR_EAG,3f1f92fd-b003-4c5e-b5b4-2e0c8215e257,54.4743,-111.61566,11.13153,6.11574,-0.32956,-14.34788,-2.22088,8.08363,-3.887,202.862096,3.18407,59.51523,0.10588,NA,NA,NA,NA,NA,NA,2.66328,-15.87478,-4.87202,NA,NA,NA,NA,NA,NA,0.82656,-69.17598,4.55052,NA,NA,NA,NA,NA,NA,NA,NA,NA,NA,NA,NA,NA,NA,NA,NA,NA,NA,NA,NA,NA,NA,NA,NA,NA,NA,NA,NA,High,High,High,Medium,Medium,NA,NA,NA,250.336258,-29.703011,977.81848,0.868605,02:15:00,0.47437,-0.817013,-0.327815,-95.301298,20.436121,45.271118,-0.476115,172.370515,-0.871598,-6.70472,0.871598,-0.116753,0.476115,28.645823,-28.431994,0.116753,-0.116753,-172.370515,28.431994,0.476115,6.70472,-28.645823,-0.476115,0.116753,0.871598,-0.871598,NA,NA,NA,NA,NA,NA,NA,NA,NA,NA,NA,NA
NA,NA,NA,NA,NA,NA,NA,NA,NA,NA,NA,NA,NA,NA,NA,NA,150,2025-10-16,12:20:15,4,1,"Angel, Bransen",1000323260,Right,CAR_EAG,"Carruthers, Wade",1000300075,Right,CAR_EAG,Undefined,5,Top,2,0,0,Slider,Curveball,StrikeCalled,Undefined,Undefined,Undefined,0,0,NA,73.20283,0.945198,-3.15938,2309.724204,46.990519,07:30:00,5.97059,2.5807,5.06657,-56.63176,-2.69437,-4.67973,2.14398,-0.7914,67.50106,-9.267433,-3.985379,0.528587,NA,NA,NA,NA,NA,NA,NA,NA,NA,NA,NA,1.43417,-1.07335,-2.2764,50,6.01559,6.03496,-106.08889,-0.13938,1.63326,18.27508,-33.39641,CAR_EAG,CAR_EAG,CarsonNewman,TeamExclusive,Team,20251016-CarsonNewman-Private-1,000accd0-aaac-11f0-b6c6-a366fa88dd2f,71.30793,NA,NA,5.70177,NA,NA,NA,NA,NA,NA,ce55f4e9-d602-4b97-9db7-16df456cdcea,2025-10-16,16:20:15,2025-10-16T16:20:15Z,2025-10-16T16:20:15Z,NA,v3,CNE,CNE,NA,"Cochran, Carson",10085797,Right,CAR_EAG,fd122864-5b57-4b7f-aca2-93160a4da02d,55.43625,-107.02125,9.13754,5.97924,1.56444,-16.69821,-2.58217,5.95163,0.81663,NA,NA,NA,NA,NA,NA,NA,NA,NA,NA,NA,NA,NA,NA,NA,NA,NA,NA,NA,NA,NA,NA,NA,NA,NA,NA,NA,NA,NA,NA,NA,NA,NA,NA,NA,NA,NA,NA,NA,NA,NA,NA,NA,NA,NA,NA,NA,NA,NA,NA,High,High,High,NA,NA,NA,NA,NA,51.587085,73.723434,647.355948,0.280274,07:45:00,-0.945116,0.235415,0.226574,29.496814,46.035763,28.258873,-0.392113,133.864974,-0.637467,-41.547217,0.637467,-0.663237,0.392113,31.596152,-23.086051,0.663237,-0.663237,-133.864974,23.086051,0.392113,41.547217,-31.596152,-0.392113,0.663237,0.637467,-0.637467,NA,NA,NA,NA,NA,NA,NA,NA,NA,NA,NA,NA
NA,NA,NA,NA,NA,NA,NA,NA,NA,NA,NA,NA,NA,NA,NA,NA,151,2025-10-16,12:20:56,4,2,"Angel, Bransen",1000323260,Right,CAR_EAG,"Carruthers, Wade",1000300075,Right,CAR_EAG,Undefined,5,Top,2,0,1,Slider,Curveball,StrikeSwinging,Undefined,Undefined,Undefined,0,0,NA,73.29967,1.34276,-1.584219,2297.264166,69.485921,08:15:00,5.97893,2.55136,4.88227,-56.44216,-1.4978,-9.29654,2.5466,0.27735,66.4499,-8.877742,-3.22229,0.533498,NA,NA,NA,NA,NA,NA,NA,NA,NA,NA,NA,4.03398,-0.54728,-2.38752,50,6.06366,3.3056,-106.09028,0.55932,4.51921,21.03369,-32.78718,CAR_EAG,CAR_EAG,CarsonNewman,TeamExclusive,Team,20251016-CarsonNewman-Private-1,185fe540-aaac-11f0-b6c6-a366fa88dd2f,70.65147,NA,NA,6.84977,NA,NA,NA,NA,NA,NA,ce55f4e9-d602-4b97-9db7-16df456cdcea,2025-10-16,16:20:56,2025-10-16T16:20:56Z,2025-10-16T16:20:56Z,NA,v3,CNE,CNE,NA,"Cochran, Carson",10085797,Right,CAR_EAG,93ea808b-00dd-48e3-87a9-d3c2d6784e70,55.61749,-107.19824,10.51684,5.98871,2.28638,-16.39359,-2.55537,3.06755,2.2596,NA,NA,NA,NA,NA,NA,NA,NA,NA,NA,NA,NA,NA,NA,NA,NA,NA,NA,NA,NA,NA,NA,NA,NA,NA,NA,NA,NA,NA,NA,NA,NA,NA,NA,NA,NA,NA,NA,NA,NA,NA,NA,NA,NA,NA,NA,NA,NA,NA,NA,High,High,High,NA,NA,NA,NA,NA,51.545618,71.806692,717.260913,0.312224,07:45:00,-0.938289,0.266699,0.220194,28.339945,34.087839,29.367878,-0.513341,126.210812,-0.506979,-43.822392,0.506979,-0.692425,0.513341,45.357252,-30.886651,0.692425,-0.692425,-126.210812,30.886651,0.513341,43.822392,-45.357252,-0.513341,0.692425,0.506979,-0.506979,NA,NA,NA,NA,NA,NA,NA,NA,NA,NA,NA,NA
NA,NA,NA,NA,NA,NA,NA,NA,NA,NA,NA,NA,NA,NA,NA,NA,152,2025-10-16,12:21:20,4,3,"Angel, Bransen",1000323260,Right,CAR_EAG,"Carruthers, Wade",1000300075,Right,CAR_EAG,Undefined,5,Top,2,0,2,Curveball,Curveball,BallCalled,Undefined,Undefined,Undefined,0,0,NA,70.1704,4.228475,-1.777011,2502.515059,29.549495,07:00:00,6.16953,2.15788,4.94492,-75.29205,-15.88048,-10.09544,3.90057,-0.36333,64.18033,-9.314073,-3.555424,0.554762,NA,NA,NA,NA,NA,NA,NA,NA,NA,NA,NA,4.41607,-8.41796,-1.97653,50,6.51861,3.53461,-101.55708,4.98806,4.57867,17.75624,-40.90199,CAR_EAG,CAR_EAG,CarsonNewman,TeamExclusive,Team,20251016-CarsonNewman-Private-1,26dadda0-aaac-11f0-b6c6-a366fa88dd2f,67.9434,NA,NA,5.99007,NA,NA,NA,NA,NA,NA,ce55f4e9-d602-4b97-9db7-16df456cdcea,2025-10-16,16:21:20,2025-10-16T16:21:20Z,2025-10-16T16:21:20Z,NA,v3,CNE,CNE,NA,"Cochran, Carson",10085797,Right,CAR_EAG,87e6de3a-6f81-42c1-b792-cc9affc616fb,55.56205,-102.52494,8.87812,6.18596,7.21754,-20.451,-2.16239,3.28503,2.28934,NA,NA,NA,NA,NA,NA,NA,NA,NA,NA,NA,NA,NA,NA,NA,NA,NA,NA,NA,NA,NA,NA,NA,NA,NA,NA,NA,NA,NA,NA,NA,NA,NA,NA,NA,NA,NA,NA,NA,NA,NA,NA,NA,NA,NA,NA,NA,NA,NA,NA,High,High,High,NA,NA,NA,NA,NA,30.199975,43.123211,1826.549247,0.729885,07:00:00,-0.634761,0.416549,0.650818,3.281356,-52.67265,-56.441658,-0.094124,165.836056,-0.965295,-14.099758,0.965295,-0.243611,0.094124,5.569213,-5.400923,0.243611,-0.243611,-165.836056,5.400923,0.094124,14.099758,-5.569213,-0.094124,0.243611,0.965295,-0.965295,NA,NA,NA,NA,NA,NA,NA,NA,NA,NA,NA,NA
NA,NA,NA,NA,NA,NA,NA,NA,NA,NA,NA,NA,NA,NA,NA,NA,153,2025-10-16,12:21:39,4,4,"Angel, Bransen",1000323260,Right,CAR_EAG,"Carruthers, Wade",1000300075,Right,CAR_EAG,Undefined,5,Top,2,1,2,Slider,Curveball,FoulBallNotFieldable,Undefined,Undefined,Undefined,0,0,NA,72.37155,2.288502,-1.428996,2429.345837,55.53377,07:45:00,6.06509,2.33537,5.08732,-60.35814,-4.88099,-9.79217,3.19415,0.17215,66.10575,-8.646976,-3.16032,0.536079,NA,NA,NA,NA,NA,NA,NA,NA,NA,NA,NA,4.4474,-2.62638,-2.1919400000000002,50,6.23404,2.98443,-104.88431,2.20918,4.9097,19.22484,-35.07342,CAR_EAG,CAR_EAG,CarsonNewman,TeamExclusive,Team,20251016-CarsonNewman-Private-1,3245afd0-aaac-11f0-b6c6-a366fa88dd2f,70.3114,NA,NA,6.26581,NA,NA,NA,NA,NA,NA,ce55f4e9-d602-4b97-9db7-16df456cdcea,2025-10-16,16:21:39,2025-10-16T16:21:39Z,2025-10-16T16:21:39Z,NA,v3,CNE,CNE,NA,"Cochran, Carson",10085797,Right,CAR_EAG,bc9ca780-f7a1-4ca9-b4cf-dec11d553ed2,55.41619,-105.87242,9.61242,6.07417,4.01186,-17.53671,-2.33884,2.73209,2.45485,NA,NA,NA,NA,NA,NA,NA,NA,NA,NA,NA,NA,NA,NA,NA,NA,NA,NA,NA,NA,NA,NA,NA,NA,NA,NA,NA,NA,NA,NA,NA,NA,NA,NA,NA,NA,NA,NA,NA,NA,NA,NA,NA,NA,NA,NA,NA,NA,NA,NA,High,High,High,NA,NA,NA,NA,NA,42.444224,63.2237,1094.440452,0.450508,07:30:00,-0.871355,0.339443,0.354286,13.463481,65.727915,17.122321,-0.443218,135.835497,-0.643036,-38.649187,0.643036,-0.62455,0.443218,34.576875,-26.309365,0.62455,-0.62455,-135.835497,26.309365,0.443218,38.649187,-34.576875,-0.443218,0.62455,0.643036,-0.643036,NA,NA,NA,NA,NA,NA,NA,NA,NA,NA,NA,NA
NA,NA,NA,NA,NA,NA,NA,NA,NA,NA,NA,NA,NA,NA,NA,NA,154,2025-10-16,12:22:38,4,5,"Angel, Bransen",1000323260,Right,CAR_EAG,"Carruthers, Wade",1000300075,Right,CAR_EAG,Undefined,5,Top,2,1,2,Curveball,Curveball,BallCalled,Undefined,Undefined,Undefined,0,0,NA,68.83314,2.99814,-0.418122,2446.223036,30.378659,07:00:00,6.10948,2.44126,4.82178,-76.05555,-13.24406,-9.13851,2.61407,1.28366,62.26759,-10.703866,-2.029003,0.570415,NA,NA,NA,NA,NA,NA,NA,NA,NA,NA,NA,4.31315,-6.76559,-2.39146,50,6.34193,1.07433,-99.56921,2.69426,4.22958,19.44247,-38.80854,CAR_EAG,CAR_EAG,CarsonNewman,TeamExclusive,Team,20251016-CarsonNewman-Private-1,55754150-aaac-11f0-b6c6-a366fa88dd2f,66.07898,NA,NA,6.56554,NA,NA,NA,NA,NA,NA,ce55f4e9-d602-4b97-9db7-16df456cdcea,2025-10-16,16:22:38,2025-10-16T16:22:38Z,2025-10-16T16:22:38Z,NA,v3,CNE,CNE,NA,"Cochran, Carson",10085797,Right,CAR_EAG,bcbb0d19-c9f5-4bed-8623-26b66ee24f4c,55.68165,-100.67253,9.72124,6.12655,4.89656,-19.40427,-2.44561,0.83431,2.11479,NA,NA,NA,NA,NA,NA,NA,NA,NA,NA,NA,NA,NA,NA,NA,NA,NA,NA,NA,NA,NA,NA,NA,NA,NA,NA,NA,NA,NA,NA,NA,NA,NA,NA,NA,NA,NA,NA,NA,NA,NA,NA,NA,NA,NA,NA,NA,NA,NA,NA,High,High,High,NA,NA,NA,NA,NA,32.622875,38.425371,1916.41596,0.783418,07:00:00,-0.593723,0.454275,0.664174,9.42701,-48.606102,-77.504896,-0.12006,160.435666,-0.93545,-19.417115,0.93545,-0.332443,0.12006,7.313631,-6.895574,0.332443,-0.332443,-160.435666,6.895574,0.12006,19.417115,-7.313631,-0.12006,0.332443,0.93545,-0.93545,NA,NA,NA,NA,NA,NA,NA,NA,NA,NA,NA,NA
NA,NA,NA,NA,NA,NA,NA,NA,NA,NA,NA,NA,NA,NA,NA,NA,155,2025-10-16,12:23:00,4,6,"Angel, Bransen",1000323260,Right,CAR_EAG,"Carruthers, Wade",1000300075,Right,CAR_EAG,Undefined,5,Top,2,2,2,Fastball,Four-Seam,StrikeSwinging,Strikeout,Undefined,Undefined,0,0,NA,85.37273,-1.783041,-1.723636,2045.698774,206.006653,12:45:00,6.26527,2.0123,5.50034,-18.18064,21.51848,9.75634,3.08112,1.21261,76.55786,-5.268022,0.013875,0.453484,NA,NA,NA,NA,NA,NA,NA,NA,NA,NA,NA,-5.44658,11.83595,-1.86815,50,6.09751,3.28781,-123.55561,-4.35558,-8.25731,29.04189,-14.23014,CAR_EAG,CAR_EAG,CarsonNewman,TeamExclusive,Team,20251016-CarsonNewman-Private-1,629f0190-aaac-11f0-b6c6-a366fa88dd2f,83.11748,NA,NA,8.81487,NA,NA,NA,NA,NA,NA,ce55f4e9-d602-4b97-9db7-16df456cdcea,2025-10-16,16:23:00,2025-10-16T16:23:00Z,2025-10-16T16:23:00Z,NA,v3,CNE,CNE,NA,"Cochran, Carson",10085797,Right,CAR_EAG,7ef9e81d-ce4a-4c43-906f-2d3dc320057d,54.99601,-124.7244,14.52095,6.26127,-3.78289,-7.11507,-2.00715,3.62012,-4.12865,NA,NA,NA,NA,NA,NA,NA,NA,NA,NA,NA,NA,NA,NA,NA,NA,NA,NA,NA,NA,NA,NA,NA,NA,NA,NA,NA,NA,NA,NA,NA,NA,NA,NA,NA,NA,NA,NA,NA,NA,NA,NA,NA,NA,NA,NA,NA,NA,NA,NA,High,High,High,NA,NA,NA,NA,NA,209.064905,-5.693535,2035.606874,0.995067,01:00:00,0.087988,-0.480083,-0.872799,-27.235274,-18.340317,13.447741,0.057741,162.507852,-0.952167,17.462025,0.952167,-0.300074,-0.057741,3.470271,3.310165,0.300074,0.300074,-162.507852,-3.310165,0.057741,-17.462025,-3.470271,-0.057741,-0.300074,0.952167,-0.952167,NA,NA,NA,NA,NA,NA,NA,NA,NA,NA,NA,NA
NA,NA,NA,NA,NA,NA,NA,NA,NA,NA,NA,NA,NA,NA,NA,NA,156,2025-10-16,12:25:15,1,1,"Griner, Gavin",10119620,Right,CAR_EAG,"Bolton, Ryan",1000215919,Right,CAR_EAG,Undefined,5,Bottom,0,0,0,ChangeUp,Changeup,InPlay,Undefined,FlyBall,Out,1,0,NA,75.24342,0.63718,-4.081972,1397.889518,252.166022,02:30:00,5.68982,2.44284,5.90378,-43.77203,6.01614,13.49505,2.63519,-0.2284,68.6083,-7.463636,-1.666066,0.507849,69.13172,61.05231,-21.264805,NA,103.47605,97.73222,-37.31882,160.05201,157.83133,-19.55414,5.233691,-8.17355,3.34382,-2.12215,50,5.71599,7.30669,-109.02062,-0.06255,-9.77018,20.38403,-28.17704,CAR_EAG,CAR_EAG,CarsonNewman,TeamExclusive,Team,20251016-CarsonNewman-Private-1,b2ee3da0-aaac-11f0-b6c6-a366fa88dd2f,74.21978,107.76711,NA,6.63512,NA,NA,NA,2.4026,3.00422,0.24638,ce55f4e9-d602-4b97-9db7-16df456cdcea,2025-10-16,16:25:15,2025-10-16T16:25:15Z,2025-10-16T16:25:15Z,Popup,v3,CNE,CNE,NA,"Rogers, Jacob",1000215913,Right,CAR_EAG,faa3ab89-fc17-41d3-8885-def0aad60cf3,54.59878,-109.87711,10.19201,5.69375,1.12138,-14.08852,-2.43778,7.71721,-4.88509,180.116482,2.3905,45.95768,-12.30044,5.00769,-1.75095,0.48326,-0.08466,0.00787,-2.9e-4,2.98552,89.13573,-24.01896,5.02331,-2.88267,1.20702,-0.28969,0.03546,-0.00172,0.25049,-17.86954,4.73879,-1.68116,0.49021,-0.10567,0.01281,-5.4e-4,-1e-5,NA,NA,NA,NA,NA,NA,NA,NA,NA,NA,NA,NA,NA,NA,NA,NA,NA,NA,NA,NA,NA,NA,High,High,High,High,High,NA,NA,NA,226.824265,25.932476,1257.13609,0.89931,01:30:00,-0.487252,-0.650926,-0.582135,92.321983,26.864807,45.914594,0.456405,98.94436,-0.138338,61.51627,0.138338,-0.878953,-0.456405,73.137787,27.155341,0.878953,0.878953,-98.94436,-27.155341,0.456405,-61.51627,-73.137787,-0.456405,-0.878953,0.138338,-0.138338,NA,NA,NA,NA,NA,NA,NA,NA,NA,NA,NA,NA
NA,NA,NA,NA,NA,NA,NA,NA,NA,NA,NA,NA,NA,NA,NA,NA,157,2025-10-16,12:25:45,2,1,"Griner, Gavin",10119620,Right,CAR_EAG,"Pierce, Johno",10069844,Right,CAR_EAG,Undefined,5,Bottom,1,0,0,ChangeUp,Changeup,BallCalled,Undefined,Undefined,Undefined,0,0,NA,75.35757,2.359282,-2.998921,1296.146224,255.785883,02:30:00,5.66536,2.42036,5.50161,-46.2718,4.54465,10.71886,4.0204,0.50601,67.92518,-6.178916,-1.093358,0.513066,NA,NA,NA,NA,NA,NA,NA,NA,NA,NA,NA,-6.29674,2.12862,-2.1652,50,5.84138,5.2918,-109.00652,3.03034,-7.4678,21.72293,-29.64956,CAR_EAG,CAR_EAG,CarsonNewman,TeamExclusive,Team,20251016-CarsonNewman-Private-1,c4ef2870-aaac-11f0-b6c6-a366fa88dd2f,73.46503,NA,NA,7.43239,NA,NA,NA,NA,NA,NA,ce55f4e9-d602-4b97-9db7-16df456cdcea,2025-10-16,16:25:45,2025-10-16T16:25:45Z,2025-10-16T16:25:45Z,NA,v3,CNE,CNE,NA,"Rogers, Jacob",1000215913,Right,CAR_EAG,41659770-cfd8-4de0-be4c-d29dd6e58858,54.99651,-109.99772,10.86147,5.67224,4.38323,-14.82478,-2.41444,5.63255,-3.7339,NA,NA,NA,NA,NA,NA,NA,NA,NA,NA,NA,NA,NA,NA,NA,NA,NA,NA,NA,NA,NA,NA,NA,NA,NA,NA,NA,NA,NA,NA,NA,NA,NA,NA,NA,NA,NA,NA,NA,NA,NA,NA,NA,NA,NA,NA,NA,NA,NA,NA,High,High,High,NA,NA,NA,NA,NA,229.879714,22.951076,1193.540899,0.920838,01:45:00,-0.449072,-0.68751,-0.57067,-53.546897,-54.830801,20.106665,0.46013,107.745913,-0.270614,57.73685,0.270614,-0.845605,-0.46013,59.539162,27.395505,0.845605,0.845605,-107.745913,-27.395505,0.46013,-57.73685,-59.539162,-0.46013,-0.845605,0.270614,-0.270614,NA,NA,NA,NA,NA,NA,NA,NA,NA,NA,NA,NA
NA,NA,NA,NA,NA,NA,NA,NA,NA,NA,NA,NA,NA,NA,NA,NA,158,2025-10-16,12:25:56,2,2,"Griner, Gavin",10119620,Right,CAR_EAG,"Pierce, Johno",10069844,Right,CAR_EAG,Undefined,5,Bottom,1,1,0,Fastball,Changeup,StrikeCalled,Undefined,Undefined,Undefined,0,0,NA,83.04234,-1.164698,-3.779992,2017.883061,220.135598,01:15:00,5.64579,2.30751,5.44617,-25.95269,15.94072,12.15276,2.39002,-0.22416,74.9554,-6.020088,-1.622864,0.465848,NA,NA,NA,NA,NA,NA,NA,NA,NA,NA,NA,-7.265,8.82103,-1.98148,50,5.52522,7.41651,-120.0985,-3.26986,-10.47505,26.03824,-19.45549,CAR_EAG,CAR_EAG,CarsonNewman,TeamExclusive,Team,20251016-CarsonNewman-Private-1,cb93e710-aaac-11f0-b6c6-a366fa88dd2f,80.91144,NA,NA,8.08695,NA,NA,NA,NA,NA,NA,ce55f4e9-d602-4b97-9db7-16df456cdcea,2025-10-16,16:25:56,2025-10-16T16:25:56Z,2025-10-16T16:25:56Z,NA,v3,CNE,CNE,NA,"Rogers, Jacob",1000215913,Right,CAR_EAG,f2b3235c-d540-436c-b0cd-fe4eae704aa1,55.05191,-121.18885,13.01912,5.64509,-2.45516,-9.72774,-2.30123,7.85515,-5.23752,NA,NA,NA,NA,NA,NA,NA,NA,NA,NA,NA,NA,NA,NA,NA,NA,NA,NA,NA,NA,NA,NA,NA,NA,NA,NA,NA,NA,NA,NA,NA,NA,NA,NA,NA,NA,NA,NA,NA,NA,NA,NA,NA,NA,NA,NA,NA,NA,NA,NA,High,High,High,NA,NA,NA,NA,NA,216.489669,23.061837,1856.619125,0.920083,01:15:00,-0.42846,-0.555002,-0.713018,-48.883838,20.353882,29.034933,-0.4899,155.899726,-0.795788,-20.853371,0.795788,-0.355978,0.4899,31.617135,-29.334006,0.355978,-0.355978,-155.899726,29.334006,0.4899,20.853371,-31.617135,-0.4899,0.355978,0.795788,-0.795788,NA,NA,NA,NA,NA,NA,NA,NA,NA,NA,NA,NA
NA,NA,NA,NA,NA,NA,NA,NA,NA,NA,NA,NA,NA,NA,NA,NA,159,2025-10-16,12:26:08,2,3,"Griner, Gavin",10119620,Right,CAR_EAG,"Pierce, Johno",10069844,Right,CAR_EAG,Undefined,5,Bottom,1,1,1,ChangeUp,Changeup,FoulBallNotFieldable,Undefined,Undefined,Undefined,0,0,NA,74.96173,1.935412,-2.176559,1301.076142,233.65978,01:45:00,5.61071,2.33888,5.73611,-42.45223,8.04985,8.61091,3.87737,1.02855,68.02032,-5.940896,-0.637492,0.511477,NA,NA,NA,NA,NA,NA,NA,NA,NA,NA,NA,-5.04079,4.00481,-2.16286,50,5.74622,3.81531,-108.65867,2.41374,-5.973,20.62157,-27.42863,CAR_EAG,CAR_EAG,CarsonNewman,TeamExclusive,Team,20251016-CarsonNewman-Private-1,d2baa6f0-aaac-11f0-b6c6-a366fa88dd2f,73.69334,NA,NA,6.94141,NA,NA,NA,NA,NA,NA,ce55f4e9-d602-4b97-9db7-16df456cdcea,2025-10-16,16:26:08,2025-10-16T16:26:08Z,2025-10-16T16:26:08Z,NA,v3,CNE,CNE,NA,"Rogers, Jacob",1000215913,Right,CAR_EAG,1aaccf86-a8d2-41b5-8762-0e1bab02009e,54.76419,-109.5591,10.31079,5.61468,3.6114,-13.71431,-2.33515,4.07612,-2.9865,NA,NA,NA,NA,NA,NA,NA,NA,NA,NA,NA,NA,NA,NA,NA,NA,NA,NA,NA,NA,NA,NA,NA,NA,NA,NA,NA,NA,NA,NA,NA,NA,NA,NA,NA,NA,NA,NA,NA,NA,NA,NA,NA,NA,NA,NA,NA,NA,NA,NA,High,High,High,NA,NA,NA,NA,NA,224.448203,19.111328,1229.366285,0.944884,01:30:00,-0.37493,-0.650234,-0.660775,-50.607691,-59.519491,8.230931,0.424314,117.274868,-0.414961,53.594658,0.414961,-0.804838,-0.424314,45.638471,25.107245,0.804838,0.804838,-117.274868,-25.107245,0.424314,-53.594658,-45.638471,-0.424314,-0.804838,0.414961,-0.414961,NA,NA,NA,NA,NA,NA,NA,NA,NA,NA,NA,NA
NA,NA,NA,NA,NA,NA,NA,NA,NA,NA,NA,NA,NA,NA,NA,NA,160,2025-10-16,12:26:31,2,4,"Griner, Gavin",10119620,Right,CAR_EAG,"Pierce, Johno",10069844,Right,CAR_EAG,Undefined,5,Bottom,1,1,2,Slider,Curveball,FoulBallNotFieldable,Undefined,Undefined,Undefined,0,0,NA,70.16367,1.634803,-2.207988,2090.903197,49.99767,07:45:00,5.53543,2.21628,4.69599,-71.09846,-10.10064,-14.8106,1.16423,-1.11525,63.47034,-11.126893,-4.810068,0.562119,42.69878,-14.727726,79.385519,NA,NA,NA,NA,6.94199,3.26091,58.622572,0.083166,6.50241,-4.98146,-1.97782,50,5.63731,4.47392,-101.44008,0.51372,6.58454,20.94706,-37.21844,CAR_EAG,CAR_EAG,CarsonNewman,TeamExclusive,Team,20251016-CarsonNewman-Private-1,e031c3e0-aaac-11f0-b6c6-a366fa88dd2f,67.05415,1.33087,NA,6.69333,NA,NA,NA,2.6819,1.33087,0.9504,ce55f4e9-d602-4b97-9db7-16df456cdcea,2025-10-16,16:26:31,2025-10-16T16:26:31Z,2025-10-16T16:26:31Z,GroundBall,v3,CNE,CNE,NA,"Rogers, Jacob",1000215913,Right,CAR_EAG,1d985603-61d6-44e5-8e0c-3b7c781911ad,55.80736,-102.63227,10.47353,5.54779,2.632,-18.60922,-2.22179,4.09917,3.29227,NA,2.68114,11.2137,NA,NA,NA,NA,NA,NA,NA,1.33196,-16.00252,NA,NA,NA,NA,NA,NA,NA,0.94632,59.83626,NA,NA,NA,NA,NA,NA,NA,NA,NA,NA,NA,NA,NA,NA,NA,NA,NA,NA,NA,NA,NA,NA,NA,NA,NA,NA,NA,NA,NA,High,High,High,Low,Low,NA,NA,NA,47.213274,47.912467,1401.459547,0.670265,07:30:00,-0.709705,0.512871,0.482993,-13.915437,8.791218,21.083752,-0.546202,132.801732,-0.569155,-37.922443,0.569155,-0.614594,0.546202,43.821067,-33.106835,0.614594,-0.614594,-132.801732,33.106835,0.546202,37.922443,-43.821067,-0.546202,0.614594,0.569155,-0.569155,NA,NA,NA,NA,NA,NA,NA,NA,NA,NA,NA,NA
NA,NA,NA,NA,NA,NA,NA,NA,NA,NA,NA,NA,NA,NA,NA,NA,161,2025-10-16,12:26:48,2,5,"Griner, Gavin",10119620,Right,CAR_EAG,"Pierce, Johno",10069844,Right,CAR_EAG,Undefined,5,Bottom,1,1,2,Slider,Curveball,BallCalled,Undefined,Undefined,Undefined,0,0,NA,70.54587,1.147446,-2.937882,2277.392626,66.101609,08:15:00,5.59665,2.23175,4.78274,-66.83267,-6.55945,-19.97911,1.11649,-2.22042,63.83876,-10.863818,-6.445895,0.558771,NA,NA,NA,NA,NA,NA,NA,NA,NA,NA,NA,8.68646,-2.90103,-1.91961,50,5.65383,6.00719,-101.92855,-0.19601,8.8744,21.26378,-35.13782,CAR_EAG,CAR_EAG,CarsonNewman,TeamExclusive,Team,20251016-CarsonNewman-Private-1,ea489ed0-aaac-11f0-b6c6-a366fa88dd2f,67.45601,NA,NA,6.70712,NA,NA,NA,NA,NA,NA,ce55f4e9-d602-4b97-9db7-16df456cdcea,2025-10-16,16:26:48,2025-10-16T16:26:48Z,2025-10-16T16:26:48Z,NA,v3,CNE,CNE,NA,"Rogers, Jacob",1000215913,Right,CAR_EAG,c019d55b-5095-4684-b31e-b8ebf7ac725b,55.71842,-103.1146,10.63189,5.61011,1.76389,-17.56891,-2.24087,5.5122,4.4372,NA,NA,NA,NA,NA,NA,NA,NA,NA,NA,NA,NA,NA,NA,NA,NA,NA,NA,NA,NA,NA,NA,NA,NA,NA,NA,NA,NA,NA,NA,NA,NA,NA,NA,NA,NA,NA,NA,NA,NA,NA,NA,NA,NA,NA,NA,NA,NA,NA,NA,High,High,High,NA,NA,NA,NA,NA,44.621874,50.947455,1434.83214,0.630033,07:30:00,-0.743558,0.458013,0.487181,-15.149636,6.603276,23.932562,-0.546513,135.824403,-0.600626,-35.703138,0.600626,-0.583586,0.546513,42.299227,-33.128101,0.583586,-0.583586,-135.824403,33.128101,0.546513,35.703138,-42.299227,-0.546513,0.583586,0.600626,-0.600626,NA,NA,NA,NA,NA,NA,NA,NA,NA,NA,NA,NA
NA,NA,NA,NA,NA,NA,NA,NA,NA,NA,NA,NA,NA,NA,NA,NA,162,2025-10-16,12:27:04,2,6,"Griner, Gavin",10119620,Right,CAR_EAG,"Pierce, Johno",10069844,Right,CAR_EAG,Undefined,5,Bottom,1,2,2,Fastball,Four-Seam,BallCalled,Undefined,Undefined,Undefined,0,0,NA,84.57516,-4.158828,-5.219194,2170.508733,214.480702,01:15:00,5.63253,2.1403,5.43041,-21.38604,19.00048,12.08489,-0.06785,-1.75443,77.14703,-8.143825,-3.081289,0.457393,NA,NA,NA,NA,NA,NA,NA,NA,NA,NA,NA,-7.6365,11.19859,-1.68521,50,5.24729,10.63595,-121.93892,-9.57283,-11.45255,24.86054,-15.37937,CAR_EAG,CAR_EAG,CarsonNewman,TeamExclusive,Team,20251016-CarsonNewman-Private-1,f3b5f350-aaac-11f0-b6c6-a366fa88dd2f,82.40708,NA,NA,7.42813,NA,NA,NA,NA,NA,NA,ce55f4e9-d602-4b97-9db7-16df456cdcea,2025-10-16,16:27:04,2025-10-16T16:27:04Z,2025-10-16T16:27:04Z,NA,v3,CNE,CNE,NA,"Rogers, Jacob",1000215913,Right,CAR_EAG,c91d02c8-cad5-4c11-a57a-33e8cd26cd4d,55.07138,-122.96851,12.43027,5.63056,-8.9359,-7.68969,-2.13551,11.11025,-5.72628,NA,NA,NA,NA,NA,NA,NA,NA,NA,NA,NA,NA,NA,NA,NA,NA,NA,NA,NA,NA,NA,NA,NA,NA,NA,NA,NA,NA,NA,NA,NA,NA,NA,NA,NA,NA,NA,NA,NA,NA,NA,NA,NA,NA,NA,NA,NA,NA,NA,NA,High,High,High,NA,NA,NA,NA,NA,217.256691,21.103631,2024.934277,0.932931,01:15:00,-0.384377,-0.589409,-0.710529,-30.987052,23.473645,50.995277,-0.416833,156.722991,-0.834996,-21.05163,0.834996,-0.359209,0.416833,26.52855,-24.634828,0.359209,-0.359209,-156.722991,24.634828,0.416833,21.05163,-26.52855,-0.416833,0.359209,0.834996,-0.834996,NA,NA,NA,NA,NA,NA,NA,NA,NA,NA,NA,NA
NA,NA,NA,NA,NA,NA,NA,NA,NA,NA,NA,NA,NA,NA,NA,NA,163,2025-10-16,12:27:23,2,7,"Griner, Gavin",10119620,Right,CAR_EAG,"Pierce, Johno",10069844,Right,CAR_EAG,Undefined,5,Bottom,1,3,2,Slider,Curveball,InPlay,Undefined,GroundBall,Single,0,0,NA,66.81721,2.214985,-2.212306,2201.720158,55.999446,07:45:00,5.54909,2.56094,4.78995,-76.07772,-9.2939,-17.41288,1.31118,-0.98792,60.78209,-11.449538,-5.27488,0.588176,55.87252,-78.100148,-89.615542,NA,NA,NA,NA,3.0869,3.0869,9.213423,0.020322,7.83646,-4.73961,-2.32371,50,5.70393,4.3568,-96.64378,1.34508,7.23301,18.4431,-36.54866,CAR_EAG,CAR_EAG,CarsonNewman,TeamExclusive,Team,20251016-CarsonNewman-Private-1,ff1e7b90-aaac-11f0-b6c6-a366fa88dd2f,64.08364,1.63575,NA,6.03511,NA,NA,NA,3.04476,1.63575,0.83895,ce55f4e9-d602-4b97-9db7-16df456cdcea,2025-10-16,16:27:23,2025-10-16T16:27:23Z,2025-10-16T16:27:23Z,GroundBall,v3,CNE,CNE,NA,"Rogers, Jacob",1000215913,Right,CAR_EAG,cf914e8c-9b62-4868-a5ae-6bb93355f22a,55.71445,-97.72822,9.22155,5.56166,3.49411,-18.27433,-2.56739,3.93151,3.6165,NA,3.04476,0.11382,NA,NA,NA,NA,NA,NA,NA,1.63676,-80.49229,NA,NA,NA,NA,NA,NA,NA,0.83916,-16.96179,NA,NA,NA,NA,NA,NA,NA,NA,NA,NA,NA,NA,NA,NA,NA,NA,NA,NA,NA,NA,NA,NA,NA,NA,NA,NA,NA,NA,NA,High,High,High,Estimated,Estimated,NA,NA,NA,47.940949,50.343152,1405.111755,0.638188,07:30:00,-0.733929,0.503227,0.456191,-9.108934,4.712451,13.90226,-0.626798,130.518131,-0.506226,-36.32284,0.506226,-0.592334,0.626798,51.074348,-38.814268,0.592334,-0.592334,-130.518131,38.814268,0.626798,36.32284,-51.074348,-0.626798,0.592334,0.506226,-0.506226,NA,NA,NA,NA,NA,NA,NA,NA,NA,NA,NA,NA
NA,NA,NA,NA,NA,NA,NA,NA,NA,NA,NA,NA,NA,NA,NA,NA,164,2025-10-16,12:28:02,3,1,"Griner, Gavin",10119620,Right,CAR_EAG,"Floyd, Logan",1000148156,Right,CAR_EAG,Undefined,5,Bottom,1,0,0,ChangeUp,Changeup,InPlay,Undefined,LineDrive,Double,0,1,NA,76.75486,1.034404,-4.006412,1543.558138,237.586177,02:00:00,5.53214,2.35773,5.46807,-36.93372,11.38914,15.52371,3.42493,-0.10448,70.19511,-5.779078,-1.251498,0.50032,100.74516,11.819375,5.717364,1343.83205,108.78703,18.16473,16.29048,252.33158,252.33158,12.70951,2.253704,-8.9763,5.88886,-2.01586,50,5.59818,7.20341,-111.19985,0.86381,-11.25096,19.7491,-24.79294,CAR_EAG,CAR_EAG,CarsonNewman,TeamExclusive,Team,20251016-CarsonNewman-Private-1,1650e5f0-aaad-11f0-b6c6-a366fa88dd2f,75.33667,18.6924,NA,6.55975,NA,NA,NA,1.69539,3.50768,0.10404,ce55f4e9-d602-4b97-9db7-16df456cdcea,2025-10-16,16:28:02,2025-10-16T16:28:02Z,2025-10-16T16:28:02Z,LineDrive,v3,CNE,CNE,NA,"Rogers, Jacob",1000215913,Right,CAR_EAG,0708e15b-6aa1-43f5-8177-f9b9e3f7d733,55.03463,-112.09044,9.87455,5.53401,1.98185,-12.39647,-2.35213,7.71077,-5.62548,243.327387,1.69538,143.90773,-22.79879,4.72156,-1.06962,0.24563,-0.04924,0.00627,-3.1e-4,3.50776,30.26036,-16.20399,1.26956,-0.146,-0.00767,-0.01451,0.0122,-0.00214,0.10414,14.40217,6.99915,-1.78229,0.57425,-0.18135,0.01633,0.0097,-0.00221,NA,NA,NA,NA,NA,NA,NA,NA,NA,NA,NA,NA,NA,NA,NA,NA,NA,NA,NA,NA,NA,NA,High,High,High,High,High,NA,NA,NA,220.871633,26.81764,1377.543766,0.892447,01:15:00,-0.507644,-0.575748,-0.640947,-27.974888,-44.29367,12.832771,0.384922,104.517589,-0.231362,63.313841,0.231362,-0.89348,-0.384922,58.991511,22.638915,0.89348,0.89348,-104.517589,-22.638915,0.384922,-63.313841,-58.991511,-0.384922,-0.89348,0.231362,-0.231362,NA,NA,NA,NA,NA,NA,NA,NA,NA,NA,NA,NA
NA,NA,NA,NA,NA,NA,NA,NA,NA,NA,NA,NA,NA,NA,NA,NA,165,2025-10-16,12:28:57,4,1,"Griner, Gavin",10119620,Right,CAR_EAG,"Rodriguez, Sebastian",10180804,Left,CAR_EAG,Undefined,5,Bottom,1,0,0,Fastball,Four-Seam,BallCalled,Undefined,Undefined,Undefined,0,0,NA,85.37222,-3.127407,-3.845433,2127.469538,216.228119,01:15:00,5.7196,2.44155,5.152,-20.82218,19.12481,12.97816,1.03055,-0.10266,77.54794,-7.014558,-1.554213,0.454897,NA,NA,NA,NA,NA,NA,NA,NA,NA,NA,NA,-7.548,10.83886,-2.09168,50,5.41082,7.70367,-123.32569,-7.42864,-11.55357,25.92535,-15.58318,CAR_EAG,CAR_EAG,CarsonNewman,TeamExclusive,Team,20251016-CarsonNewman-Private-1,371c6fc0-aaad-11f0-b6c6-a366fa88dd2f,82.85922,NA,NA,7.82427,NA,NA,NA,NA,NA,NA,ce55f4e9-d602-4b97-9db7-16df456cdcea,2025-10-16,16:28:57,2025-10-16T16:28:57Z,2025-10-16T16:28:57Z,NA,v3,CNE,CNE,NA,"Rogers, Jacob",1000215913,Right,CAR_EAG,6487477d-cfdd-4778-b5cc-ca2345796573,55.34672,-124.44459,12.96267,5.71691,-6.75609,-7.79159,-2.43492,8.20231,-5.77678,NA,NA,NA,NA,NA,NA,NA,NA,NA,NA,NA,NA,NA,NA,NA,NA,NA,NA,NA,NA,NA,NA,NA,NA,NA,NA,NA,NA,NA,NA,NA,NA,NA,NA,NA,NA,NA,NA,NA,NA,NA,NA,NA,NA,NA,NA,NA,NA,NA,NA,High,High,High,NA,NA,NA,NA,NA,218.791067,20.581325,1991.682016,0.936174,01:15:00,-0.367234,-0.604802,-0.70665,-17.431859,24.825527,73.744948,-0.452667,158.708962,-0.830821,-18.891296,0.830821,-0.323774,0.452667,28.583488,-26.914957,0.323774,-0.323774,-158.708962,26.914957,0.452667,18.891296,-28.583488,-0.452667,0.323774,0.830821,-0.830821,NA,NA,NA,NA,NA,NA,NA,NA,NA,NA,NA,NA
NA,NA,NA,NA,NA,NA,NA,NA,NA,NA,NA,NA,NA,NA,NA,NA,166,2025-10-16,12:29:12,4,2,"Griner, Gavin",10119620,Right,CAR_EAG,"Rodriguez, Sebastian",10180804,Left,CAR_EAG,Undefined,5,Bottom,1,1,0,Fastball,Four-Seam,BallCalled,Undefined,Undefined,Undefined,0,0,NA,84.16642,0.212282,-2.762452,2121.031718,209.943735,01:00:00,5.75721,2.36999,5.37768,-20.98678,19.53355,10.46296,4.20756,0.65007,76.28332,-3.749111,-0.905971,0.45815,NA,NA,NA,NA,NA,NA,NA,NA,NA,NA,NA,-6.02083,10.11729,-2.12986,50,5.76184,5.42754,-121.9377,-0.18736,-9.01433,25.23106,-17.02653,CAR_EAG,CAR_EAG,CarsonNewman,TeamExclusive,Team,20251016-CarsonNewman-Private-1,4033dc10-aaad-11f0-b6c6-a366fa88dd2f,82.2709,NA,NA,7.8831,NA,NA,NA,NA,NA,NA,ce55f4e9-d602-4b97-9db7-16df456cdcea,2025-10-16,16:29:12,2025-10-16T16:29:12Z,2025-10-16T16:29:12Z,NA,v3,CNE,CNE,NA,"Rogers, Jacob",1000215913,Right,CAR_EAG,6feeabab-a733-47e8-80f7-983b785faf3e,55.12069,-122.99269,12.61553,5.75479,0.52458,-8.51327,-2.36469,5.80446,-4.50717,NA,NA,NA,NA,NA,NA,NA,NA,NA,NA,NA,NA,NA,NA,NA,NA,NA,NA,NA,NA,NA,NA,NA,NA,NA,NA,NA,NA,NA,NA,NA,NA,NA,NA,NA,NA,NA,NA,NA,NA,NA,NA,NA,NA,NA,NA,NA,NA,NA,NA,High,High,High,NA,NA,NA,NA,NA,215.733013,25.097435,1920.780427,0.905588,01:15:00,-0.461049,-0.527296,-0.713717,-33.798987,19.901819,50.753617,-0.525438,150.816042,-0.742826,-24.511675,0.742826,-0.414879,0.525438,35.273662,-31.697721,0.414879,-0.414879,-150.816042,31.697721,0.525438,24.511675,-35.273662,-0.525438,0.414879,0.742826,-0.742826,NA,NA,NA,NA,NA,NA,NA,NA,NA,NA,NA,NA
NA,NA,NA,NA,NA,NA,NA,NA,NA,NA,NA,NA,NA,NA,NA,NA,167,2025-10-16,12:30:17,4,3,"Griner, Gavin",10119620,Right,CAR_EAG,"Rodriguez, Sebastian",10180804,Left,CAR_EAG,Undefined,5,Bottom,1,2,0,Fastball,Changeup,StrikeCalled,Undefined,Undefined,Undefined,0,0,NA,84.50508,-1.551736,-4.131712,2005.014549,217.696885,01:15:00,5.74933,2.43294,5.30865,-22.79844,17.48056,12.47072,2.38867,-0.41306,77.01684,-5.803079,-1.925591,0.456784,NA,NA,NA,NA,NA,NA,NA,NA,NA,NA,NA,-7.40457,9.58713,-2.06663,50,5.59195,8.29412,-122.27681,-4.06082,-11.19044,24.5145,-17.6851,CAR_EAG,CAR_EAG,CarsonNewman,TeamExclusive,Team,20251016-CarsonNewman-Private-1,6735f960-aaad-11f0-b6c6-a366fa88dd2f,82.51701,NA,NA,7.48825,NA,NA,NA,NA,NA,NA,ce55f4e9-d602-4b97-9db7-16df456cdcea,2025-10-16,16:30:17,2025-10-16T16:30:17Z,2025-10-16T16:30:17Z,NA,v3,CNE,CNE,NA,"Rogers, Jacob",1000215913,Right,CAR_EAG,e464a9f5-e4f5-41c5-91c9-e1ad8fbe3340,55.19179,-123.31328,12.25725,5.74784,-3.31309,-8.84255,-2.42731,8.76725,-5.59522,NA,NA,NA,NA,NA,NA,NA,NA,NA,NA,NA,NA,NA,NA,NA,NA,NA,NA,NA,NA,NA,NA,NA,NA,NA,NA,NA,NA,NA,NA,NA,NA,NA,NA,NA,NA,NA,NA,NA,NA,NA,NA,NA,NA,NA,NA,NA,NA,NA,NA,High,High,High,NA,NA,NA,NA,NA,217.982085,22.12442,1857.381718,0.926368,01:15:00,-0.412713,-0.580091,-0.702256,-34.119146,18.849945,53.021016,-0.485737,149.284662,-0.751482,-26.517382,0.751482,-0.446469,0.485737,32.877512,-29.060771,0.446469,-0.446469,-149.284662,29.060771,0.485737,26.517382,-32.877512,-0.485737,0.446469,0.751482,-0.751482,NA,NA,NA,NA,NA,NA,NA,NA,NA,NA,NA,NA
NA,NA,NA,NA,NA,NA,NA,NA,NA,NA,NA,NA,NA,NA,NA,NA,168,2025-10-16,12:30:34,4,4,"Griner, Gavin",10119620,Right,CAR_EAG,"Rodriguez, Sebastian",10180804,Left,CAR_EAG,Undefined,5,Bottom,1,2,1,Fastball,Four-Seam,BallCalled,Undefined,Undefined,Undefined,0,0,NA,84.25441,-2.532424,-3.935773,2143.9843300000002,214.196002,01:15:00,5.66275,2.44543,5.45614,-21.89706,18.63556,11.69335,1.46014,-0.27036,76.49753,-6.639546,-1.860415,0.45822,NA,NA,NA,NA,NA,NA,NA,NA,NA,NA,NA,-7.02512,10.54213,-2.10589,50,5.42408,7.87866,-121.81362,-6.0751,-10.48148,25.49822,-16.44516,CAR_EAG,CAR_EAG,CarsonNewman,TeamExclusive,Team,20251016-CarsonNewman-Private-1,715008a0-aaad-11f0-b6c6-a366fa88dd2f,82.25846,NA,NA,7.75688,NA,NA,NA,NA,NA,NA,ce55f4e9-d602-4b97-9db7-16df456cdcea,2025-10-16,16:30:34,2025-10-16T16:30:34Z,2025-10-16T16:30:34Z,NA,v3,CNE,CNE,NA,"Rogers, Jacob",1000215913,Right,CAR_EAG,f6a6094a-786f-4510-bb45-f8343024b001,55.04276,-122.86465,12.74911,5.66052,-5.39724,-8.22258,-2.43955,8.3107,-5.24074,NA,NA,NA,NA,NA,NA,NA,NA,NA,NA,NA,NA,NA,NA,NA,NA,NA,NA,NA,NA,NA,NA,NA,NA,NA,NA,NA,NA,NA,NA,NA,NA,NA,NA,NA,NA,NA,NA,NA,NA,NA,NA,NA,NA,NA,NA,NA,NA,NA,NA,High,High,High,NA,NA,NA,NA,NA,218.182,22.596221,1979.402578,0.923236,01:15:00,-0.407608,-0.587129,-0.699382,-35.781634,23.597647,50.962063,-0.49812,154.522941,-0.782788,-21.899903,0.782788,-0.372986,0.49812,32.470265,-29.875712,0.372986,-0.372986,-154.522941,29.875712,0.49812,21.899903,-32.470265,-0.49812,0.372986,0.782788,-0.782788,NA,NA,NA,NA,NA,NA,NA,NA,NA,NA,NA,NA
NA,NA,NA,NA,NA,NA,NA,NA,NA,NA,NA,NA,NA,NA,NA,NA,169,2025-10-16,12:30:52,4,5,"Griner, Gavin",10119620,Right,CAR_EAG,"Rodriguez, Sebastian",10180804,Left,CAR_EAG,Undefined,5,Bottom,1,3,1,Fastball,Changeup,StrikeSwinging,Undefined,Undefined,Undefined,0,0,NA,83.68878,-1.295949,-3.04484,2045.386964,229.685724,01:45:00,5.61919,2.39301,5.26436,-26.3758,14.68741,15.69765,2.20175,0.83786,76.30601,-6.182136,-0.263362,0.461209,NA,NA,NA,NA,NA,NA,NA,NA,NA,NA,NA,-8.69811,8.11819,-2.126,50,5.48129,5.77213,-121.24311,-3.63395,-12.912,24.30812,-20.12293,CAR_EAG,CAR_EAG,CarsonNewman,TeamExclusive,Team,20251016-CarsonNewman-Private-1,7bc975f0-aaad-11f0-b6c6-a366fa88dd2f,81.72531,NA,NA,7.38278,NA,NA,NA,NA,NA,NA,ce55f4e9-d602-4b97-9db7-16df456cdcea,2025-10-16,16:30:52,2025-10-16T16:30:52Z,2025-10-16T16:30:52Z,NA,v3,CNE,CNE,NA,"Rogers, Jacob",1000215913,Right,CAR_EAG,aee46d56-3952-40ae-abc6-fdf9cc154a8e,55.23627,-122.28843,12.15406,5.61896,-2.76861,-10.06147,-2.38616,6.32738,-6.456,NA,NA,NA,NA,NA,NA,NA,NA,NA,NA,NA,NA,NA,NA,NA,NA,NA,NA,NA,NA,NA,NA,NA,NA,NA,NA,NA,NA,NA,NA,NA,NA,NA,NA,NA,NA,NA,NA,NA,NA,NA,NA,NA,NA,NA,NA,NA,NA,NA,NA,High,High,High,NA,NA,NA,NA,NA,218.735675,19.964807,1922.464375,0.939903,01:15:00,-0.366535,-0.595696,-0.714702,-26.7351,22.762482,58.191013,-0.415728,156.08365,-0.831399,-21.63602,0.831399,-0.368709,0.415728,26.566659,-24.565198,0.368709,-0.368709,-156.08365,24.565198,0.415728,21.63602,-26.566659,-0.415728,0.368709,0.831399,-0.831399,NA,NA,NA,NA,NA,NA,NA,NA,NA,NA,NA,NA
NA,NA,NA,NA,NA,NA,NA,NA,NA,NA,NA,NA,NA,NA,NA,NA,170,2025-10-16,12:31:09,4,6,"Griner, Gavin",10119620,Right,CAR_EAG,"Rodriguez, Sebastian",10180804,Left,CAR_EAG,Undefined,5,Bottom,1,3,2,Fastball,Four-Seam,StrikeSwinging,Strikeout,Undefined,Undefined,0,0,NA,84.59388,-0.825583,-2.050548,2049.651832,213.165511,01:00:00,5.78433,2.15213,5.12331,-18.67745,22.17655,13.5028,3.44967,1.34503,76.01514,-4.381637,0.336587,0.460033,NA,NA,NA,NA,NA,NA,NA,NA,NA,NA,NA,-7.30689,11.67863,-1.97006,50,5.69304,3.76939,-122.42473,-2.32089,-10.92048,27.60568,-14.71985,CAR_EAG,CAR_EAG,CarsonNewman,TeamExclusive,Team,20251016-CarsonNewman-Private-1,860f5020-aaad-11f0-b6c6-a366fa88dd2f,81.93428,NA,NA,8.57874,NA,NA,NA,NA,NA,NA,ce55f4e9-d602-4b97-9db7-16df456cdcea,2025-10-16,16:31:09,2025-10-16T16:31:09Z,2025-10-16T16:31:09Z,NA,v3,CNE,CNE,NA,"Rogers, Jacob",1000215913,Right,CAR_EAG,30218d09-31f0-418b-af9f-6220421ebeac,55.37358,-123.63049,13.80284,5.78037,-1.67795,-7.35992,-2.14511,4.24638,-5.46024,NA,NA,NA,NA,NA,NA,NA,NA,NA,NA,NA,NA,NA,NA,NA,NA,NA,NA,NA,NA,NA,NA,NA,NA,NA,NA,NA,NA,NA,NA,NA,NA,NA,NA,NA,NA,NA,NA,NA,NA,NA,NA,NA,NA,NA,NA,NA,NA,NA,NA,High,High,High,NA,NA,NA,NA,NA,216.206889,17.592984,1953.784875,0.953228,01:15:00,-0.321441,-0.567371,-0.758133,-34.591696,20.138288,52.824278,-0.459209,157.086636,-0.818234,-20.234337,0.818234,-0.345861,0.459209,29.302015,-27.336106,0.345861,-0.345861,-157.086636,27.336106,0.459209,20.234337,-29.302015,-0.459209,0.345861,0.818234,-0.818234,NA,NA,NA,NA,NA,NA,NA,NA,NA,NA,NA,NA
NA,NA,NA,NA,NA,NA,NA,NA,NA,NA,NA,NA,NA,NA,NA,NA,171,2025-10-16,12:31:38,5,1,"Griner, Gavin",10119620,Right,CAR_EAG,"Hornbuckle, Kylan",1000106804,Right,CAR_EAG,Undefined,5,Bottom,2,0,0,ChangeUp,Changeup,StrikeCalled,Undefined,Undefined,Undefined,0,0,NA,76.26415,0.746474,-4.442798,1475.587068,233.215333,01:45:00,5.61928,2.30746,5.66694,-37.09333,12.09831,13.85335,3.22637,-0.68915,69.00985,-6.151237,-1.97757,0.504797,NA,NA,NA,NA,NA,NA,NA,NA,NA,NA,NA,-8.34512,6.42378,-1.93994,50,5.6595,8.04051,-110.29532,0.33486,-10.17402,21.50261,-24.34245,CAR_EAG,CAR_EAG,CarsonNewman,TeamExclusive,Team,20251016-CarsonNewman-Private-1,974f0dd0-aaad-11f0-b6c6-a366fa88dd2f,74.66846,NA,NA,7.2543,NA,NA,NA,NA,NA,NA,ce55f4e9-d602-4b97-9db7-16df456cdcea,2025-10-16,16:31:38,2025-10-16T16:31:38Z,2025-10-16T16:31:38Z,NA,v3,CNE,CNE,NA,"Rogers, Jacob",1000215913,Right,CAR_EAG,cecfca4f-154d-43e2-a96e-306daa05985f,54.83182,-111.23332,10.75131,5.62173,1.39674,-12.17122,-2.30037,8.48432,-5.08701,NA,NA,NA,NA,NA,NA,NA,NA,NA,NA,NA,NA,NA,NA,NA,NA,NA,NA,NA,NA,NA,NA,NA,NA,NA,NA,NA,NA,NA,NA,NA,NA,NA,NA,NA,NA,NA,NA,NA,NA,NA,NA,NA,NA,NA,NA,NA,NA,NA,NA,High,High,High,NA,NA,NA,NA,NA,224.81881,28.624532,1295.237776,0.877778,01:30:00,-0.533856,-0.612423,-0.58304,-57.639478,-51.969737,28.766526,0.353726,96.575529,-0.10711,68.309865,0.10711,-0.929196,-0.353726,73.153487,20.715371,0.929196,0.929196,-96.575529,-20.715371,0.353726,-68.309865,-73.153487,-0.353726,-0.929196,0.10711,-0.10711,NA,NA,NA,NA,NA,NA,NA,NA,NA,NA,NA,NA
NA,NA,NA,NA,NA,NA,NA,NA,NA,NA,NA,NA,NA,NA,NA,NA,172,2025-10-16,12:31:56,5,2,"Griner, Gavin",10119620,Right,CAR_EAG,"Hornbuckle, Kylan",1000106804,Right,CAR_EAG,Undefined,5,Bottom,2,0,1,Slider,Curveball,InPlay,Undefined,LineDrive,Single,0,1,NA,71.11013,2.797368,-1.813224,2262.359643,69.147902,08:15:00,5.44727,2.49771,5.16231,-62.49271,-4.65713,-17.57347,2.87604,-0.67404,64.50222,-8.561719,-4.920006,0.547355,98.33367,15.357309,-18.472787,917.983929,103.65003,19.81211,-36.83283,226.00174,226.00174,-21.475919,2.015745,8.18485,-2.70622,-2.31416,50,5.6607,3.90512,-102.92978,3.042,8.62411,19.92766,-35.0255,CAR_EAG,CAR_EAG,CarsonNewman,TeamExclusive,Team,20251016-CarsonNewman-Private-1,a20efa00-aaad-11f0-b6c6-a366fa88dd2f,68.8629,19.88367,NA,6.60792,NA,NA,NA,1.86939,3.03299,0.642,ce55f4e9-d602-4b97-9db7-16df456cdcea,2025-10-16,16:31:56,2025-10-16T16:31:56Z,2025-10-16T16:31:56Z,LineDrive,v3,CNE,CNE,NA,"Rogers, Jacob",1000215913,Right,CAR_EAG,3b35851d-e6f4-475a-bc08-58855b0c7275,55.34094,-103.95866,9.96383,5.45696,4.8504,-17.51275,-2.50429,3.45985,4.31205,67.668875,1.86939,131.90698,-18.16397,2.90204,-0.6046,0.10485,-0.01855,0.00281,-2.1e-4,3.03299,38.19562,-23.87798,2.95965,-0.64718,0.14191,-0.02533,0.00366,-2.9e-4,0.642,-44.06561,-0.09355,1.15596,-0.36154,0.10037,-0.02052,0.00317,-2.6e-4,NA,NA,NA,NA,NA,NA,NA,NA,NA,NA,NA,NA,NA,NA,NA,NA,NA,NA,NA,NA,NA,NA,High,High,High,High,High,NA,NA,NA,53.631057,60.041487,1129.760869,0.499373,07:45:00,-0.835938,0.443907,0.322731,-49.55384,32.455066,27.217063,-0.628787,138.26353,-0.58024,-31.173927,0.58024,-0.517638,0.628787,47.299411,-38.960678,0.517638,-0.517638,-138.26353,38.960678,0.628787,31.173927,-47.299411,-0.628787,0.517638,0.58024,-0.58024,NA,NA,NA,NA,NA,NA,NA,NA,NA,NA,NA,NA
NA,NA,NA,NA,NA,NA,NA,NA,NA,NA,NA,NA,NA,NA,NA,NA,173,2025-10-16,12:35:40,6,1,"Wilson, Alec",10092217,Right,CAR_EAG,"Cochran, Carson",10085797,Right,CAR_EAG,Undefined,5,Bottom,2,0,0,Slider,Curveball,InPlay,Undefined,GroundBall,Out,1,0,NA,72.53222,1.324519,-1.080763,1872.487023,57.245401,08:00:00,6.02406,2.26075,5.37225,-64.14531,-9.6143,-17.68509,1.92093,-0.22646,66.68553,-10.293242,-4.230246,0.531488,93.16072,-12.095724,-12.881186,NA,NA,NA,NA,11.9394,11.84984,-10.127688,0.072523,8.63115,-4.83059,-2.15057,50,6.09677,2.62077,-105.29801,0.39267,9.59614,19.50582,-37.54471,CAR_EAG,CAR_EAG,CarsonNewman,TeamExclusive,Team,20251016-CarsonNewman-Private-1,27568b60-aaae-11f0-b6c6-a366fa88dd2f,70.91874,2.0796,NA,5.84669,NA,NA,NA,2.29355,2.0796,0.06386,ce55f4e9-d602-4b97-9db7-16df456cdcea,2025-10-16,16:35:40,2025-10-16T16:35:40Z,2025-10-16T16:35:40Z,GroundBall,v3,CNE,CNE,NA,"Rogers, Jacob",1000215913,Right,CAR_EAG,ff204cdb-39c8-4013-abf1-cf070e83a4c0,55.13403,-106.2448,9.75291,6.03348,2.21505,-18.77235,-2.26648,2.15499,4.79807,180,2.29123,130.43884,NA,NA,NA,NA,NA,NA,NA,2.08011,-28.67511,NA,NA,NA,NA,NA,NA,NA,0.0644,-29.82941,NA,NA,NA,NA,NA,NA,NA,NA,NA,NA,NA,NA,NA,NA,NA,NA,NA,NA,NA,NA,NA,NA,NA,NA,NA,NA,NA,NA,NA,High,High,High,Medium,High,NA,NA,NA,42.558535,59.453481,951.668609,0.508238,07:30:00,-0.845828,0.363558,0.390384,-16.587179,8.510629,13.925471,-0.783206,133.094051,-0.424787,-27.002641,0.424787,-0.454032,0.783206,61.525957,-51.55505,0.454032,-0.454032,-133.094051,51.55505,0.783206,27.002641,-61.525957,-0.783206,0.454032,0.424787,-0.424787,NA,NA,NA,NA,NA,NA,NA,NA,NA,NA,NA,NA
NA,NA,NA,NA,NA,NA,NA,NA,NA,NA,NA,NA,NA,NA,NA,NA,174,2025-10-16,12:38:06,1,1,"Angel, Bransen",1000323260,Right,CAR_EAG,"Rogers, Jacob",1000215913,Right,CAR_EAG,Undefined,6,Top,0,0,0,Fastball,Four-Seam,InPlay,Undefined,FlyBall,Out,1,0,NA,84.53976,-1.783456,-1.618731,2187.187121,202.679869,12:45:00,6.32314,1.7373,5.54716,-16.29123,23.69442,9.3154,3.2976,1.00039,76.56597,-4.914741,0.041543,0.455117,NA,NA,NA,NA,NA,NA,NA,NA,NA,NA,NA,-5.23713,12.96257,-1.60357,50,6.15842,3.07831,-122.5554,-4.25959,-7.8877,26.42158,-12.65099,CAR_EAG,CAR_EAG,CarsonNewman,TeamExclusive,Team,20251016-CarsonNewman-Private-1,7e573040-aaae-11f0-b6c6-a366fa88dd2f,82.81915,NA,NA,7.97379,NA,NA,NA,NA,NA,NA,ce55f4e9-d602-4b97-9db7-16df456cdcea,2025-10-16,16:38:06,2025-10-16T16:38:06Z,2025-10-16T16:38:06Z,NA,v3,CNE,CNE,NA,"Cochran, Carson",10085797,Right,CAR_EAG,190edfcb-a8df-49d2-9afa-a35bd7892aec,54.95382,-123.61878,13.21079,6.3196,-3.75043,-6.32549,-1.73385,3.39576,-3.94385,NA,NA,NA,NA,NA,NA,NA,NA,NA,NA,NA,NA,NA,NA,NA,NA,NA,NA,NA,NA,NA,NA,NA,NA,NA,NA,NA,NA,NA,NA,NA,NA,NA,NA,NA,NA,NA,NA,NA,NA,NA,NA,NA,NA,NA,NA,NA,NA,NA,NA,High,High,High,NA,NA,NA,NA,NA,210.867388,-4.604575,2180.127911,0.996772,01:00:00,0.071948,-0.508651,-0.857961,-21.946988,-9.57537,8.015967,0.160043,171.700282,-0.976772,8.191994,0.976772,-0.142491,-0.160043,9.305187,9.209408,0.142491,0.142491,-171.700282,-9.209408,0.160043,-8.191994,-9.305187,-0.160043,-0.142491,0.976772,-0.976772,NA,NA,NA,NA,NA,NA,NA,NA,NA,NA,NA,NA
NA,NA,NA,NA,NA,NA,NA,NA,NA,NA,NA,NA,NA,NA,NA,NA,175,2025-10-16,12:38:36,2,1,"Angel, Bransen",1000323260,Right,CAR_EAG,"Gibson, Aiden",10011511,Right,CAR_EAG,Undefined,6,Top,1,0,0,Curveball,Curveball,BallCalled,Undefined,Undefined,Undefined,0,0,NA,68.58595,3.919587,-1.194229,2499.286833,55.296847,07:45:00,6.18365,2.05393,4.82941,-74.26547,-11.51209,-19.68855,3.71362,-0.71797,62.50915,-9.445058,-4.655323,0.570151,NA,NA,NA,NA,NA,NA,NA,NA,NA,NA,NA,9.23906,-6.19052,-1.91773,50,6.50898,2.8091,-99.233,4.36181,9.09122,17.83101,-38.2655,CAR_EAG,CAR_EAG,CarsonNewman,TeamExclusive,Team,20251016-CarsonNewman-Private-1,90427030-aaae-11f0-b6c6-a366fa88dd2f,66.10955,NA,NA,6.0768,NA,NA,NA,NA,NA,NA,ce55f4e9-d602-4b97-9db7-16df456cdcea,2025-10-16,16:38:36,2025-10-16T16:38:36Z,2025-10-16T16:38:36Z,NA,v3,CNE,CNE,NA,"Cochran, Carson",10085797,Right,CAR_EAG,ff9cdbc1-209b-4848-8f03-c1100cfb8563,55.67635,-100.24778,8.91551,6.19878,6.53955,-19.13275,-2.06288,2.29171,4.54561,NA,NA,NA,NA,NA,NA,NA,NA,NA,NA,NA,NA,NA,NA,NA,NA,NA,NA,NA,NA,NA,NA,NA,NA,NA,NA,NA,NA,NA,NA,NA,NA,NA,NA,NA,NA,NA,NA,NA,NA,NA,NA,NA,NA,NA,NA,NA,NA,NA,NA,High,High,High,NA,NA,NA,NA,NA,34.810174,45.980678,1736.75672,0.694901,07:15:00,-0.678266,0.444918,0.58481,-31.733559,38.822688,89.299705,-0.026414,168.575964,-0.979846,-11.419996,0.979846,-0.197999,0.026414,1.544165,-1.513587,0.197999,-0.197999,-168.575964,1.513587,0.026414,11.419996,-1.544165,-0.026414,0.197999,0.979846,-0.979846,NA,NA,NA,NA,NA,NA,NA,NA,NA,NA,NA,NA
NA,NA,NA,NA,NA,NA,NA,NA,NA,NA,NA,NA,NA,NA,NA,NA,176,2025-10-16,12:38:50,2,2,"Angel, Bransen",1000323260,Right,CAR_EAG,"Gibson, Aiden",10011511,Right,CAR_EAG,Undefined,6,Top,1,1,0,Slider,Curveball,StrikeSwinging,Undefined,Undefined,Undefined,0,0,NA,72.25706,1.859366,-1.366531,2437.44178,96.21782,09:15:00,6.00481,2.24053,5.0493,-52.07645,3.56961,-16.03166,3.42006,-0.38466,66.02561,-7.610354,-4.196606,0.536894,NA,NA,NA,NA,NA,NA,NA,NA,NA,NA,NA,7.49741,1.8037,-2.09705,50,6.14102,3.11488,-104.70889,1.70735,8.26783,18.78933,-30.185,CAR_EAG,CAR_EAG,CarsonNewman,TeamExclusive,Team,20251016-CarsonNewman-Private-1,987066e0-aaae-11f0-b6c6-a366fa88dd2f,70.20462,NA,NA,6.23145,NA,NA,NA,NA,NA,NA,ce55f4e9-d602-4b97-9db7-16df456cdcea,2025-10-16,16:38:50,2025-10-16T16:38:50Z,2025-10-16T16:38:50Z,NA,v3,CNE,CNE,NA,"Cochran, Carson",10085797,Right,CAR_EAG,6c92be03-df21-4333-8dcd-bb82aad32302,55.45146,-105.68259,9.39467,6.01201,3.27159,-15.0925,-2.24737,2.68642,4.13391,NA,NA,NA,NA,NA,NA,NA,NA,NA,NA,NA,NA,NA,NA,NA,NA,NA,NA,NA,NA,NA,NA,NA,NA,NA,NA,NA,NA,NA,NA,NA,NA,NA,NA,NA,NA,NA,NA,NA,NA,NA,NA,NA,NA,NA,NA,NA,NA,NA,NA,High,High,High,NA,NA,NA,NA,NA,56.627675,68.094682,909.345902,0.373074,08:00:00,-0.912049,0.341499,0.227035,16.836557,47.36866,12.308447,-0.375605,128.90078,-0.581993,-46.15795,0.581993,-0.721252,0.375605,32.837283,-22.061728,0.721252,-0.721252,-128.90078,22.061728,0.375605,46.15795,-32.837283,-0.375605,0.721252,0.581993,-0.581993,NA,NA,NA,NA,NA,NA,NA,NA,NA,NA,NA,NA
NA,NA,NA,NA,NA,NA,NA,NA,NA,NA,NA,NA,NA,NA,NA,NA,177,2025-10-16,12:39:06,2,3,"Angel, Bransen",1000323260,Right,CAR_EAG,"Gibson, Aiden",10011511,Right,CAR_EAG,Undefined,6,Top,1,1,1,Slider,Curveball,FoulBallNotFieldable,Undefined,Undefined,Undefined,0,0,NA,74.97114,0.74399,-1.804526,2537.468874,78.065633,08:30:00,6.10218,2.25367,4.75516,-52.8383,-0.87547,-11.80587,2.40496,-0.44208,69.0244,-8.751405,-3.879512,0.518821,NA,NA,NA,NA,NA,NA,NA,NA,NA,NA,NA,5.32185,-0.20693,-2.06128,50,6.13012,3.89556,-108.71665,-0.44699,6.35806,19.37474,-32.42127,CAR_EAG,CAR_EAG,CarsonNewman,TeamExclusive,Team,20251016-CarsonNewman-Private-1,a224fd90-aaae-11f0-b6c6-a366fa88dd2f,72.65013,NA,NA,5.94674,NA,NA,NA,NA,NA,NA,ce55f4e9-d602-4b97-9db7-16df456cdcea,2025-10-16,16:39:06,2025-10-16T16:39:06Z,2025-10-16T16:39:06Z,NA,v3,CNE,CNE,NA,"Cochran, Carson",10085797,Right,CAR_EAG,4e1efa3d-f8c6-44c4-bcdf-ef4a37a14c1e,55.74841,-109.73631,9.68737,6.10874,1.25929,-16.21063,-2.25749,3.56094,3.17903,NA,NA,NA,NA,NA,NA,NA,NA,NA,NA,NA,NA,NA,NA,NA,NA,NA,NA,NA,NA,NA,NA,NA,NA,NA,NA,NA,NA,NA,NA,NA,NA,NA,NA,NA,NA,NA,NA,NA,NA,NA,NA,NA,NA,NA,NA,NA,NA,NA,NA,High,High,High,NA,NA,NA,NA,NA,55.419148,75.385405,640.243636,0.252316,07:45:00,-0.959878,0.220285,0.173519,34.085941,39.539261,28.253748,-0.347516,133.335269,-0.643494,-43.001521,0.643494,-0.682018,0.347516,28.371023,-20.335428,0.682018,-0.682018,-133.335269,20.335428,0.347516,43.001521,-28.371023,-0.347516,0.682018,0.643494,-0.643494,NA,NA,NA,NA,NA,NA,NA,NA,NA,NA,NA,NA
NA,NA,NA,NA,NA,NA,NA,NA,NA,NA,NA,NA,NA,NA,NA,NA,178,2025-10-16,12:39:25,2,4,"Angel, Bransen",1000323260,Right,CAR_EAG,"Gibson, Aiden",10011511,Right,CAR_EAG,Undefined,6,Top,1,1,2,Fastball,Four-Seam,BallCalled,Undefined,Undefined,Undefined,0,0,NA,86.10109,0.032233,-3.844626,2265.572745,196.881421,12:30:00,6.41816,1.51515,5.38796,-16.79989,21.97859,6.273,5.04845,-1.5712,78.01024,-3.174097,-2.733913,0.448195,NA,NA,NA,NA,NA,NA,NA,NA,NA,NA,NA,-4.24418,11.36276,-1.1754,50,6.4096,8.09304,-124.60112,-0.40648,-6.6383,26.22788,-14.40155,CAR_EAG,CAR_EAG,CarsonNewman,TeamExclusive,Team,20251016-CarsonNewman-Private-1,ad8b14d0-aaae-11f0-b6c6-a366fa88dd2f,84.09835,NA,NA,8.09085,NA,NA,NA,NA,NA,NA,ce55f4e9-d602-4b97-9db7-16df456cdcea,2025-10-16,16:39:25,2025-10-16T16:39:25Z,2025-10-16T16:39:25Z,NA,v3,CNE,CNE,NA,"Cochran, Carson",10085797,Right,CAR_EAG,c12007a2-9826-4d5b-8c18-e36e5e263059,55.10985,-125.67211,13.11394,6.41419,0.18159,-7.20077,-1.5114,8.3641,-3.31915,NA,NA,NA,NA,NA,NA,NA,NA,NA,NA,NA,NA,NA,NA,NA,NA,NA,NA,NA,NA,NA,NA,NA,NA,NA,NA,NA,NA,NA,NA,NA,NA,NA,NA,NA,NA,NA,NA,NA,NA,NA,NA,NA,NA,NA,NA,NA,NA,NA,NA,High,High,High,NA,NA,NA,NA,NA,207.575662,-0.435683,2265.507245,0.999971,01:00:00,-0.052105,-0.46291,-0.884872,-29.153697,-19.15494,6.104497,0.006033,157.313796,-0.922614,22.685768,0.922614,-0.385677,-0.006033,0.374652,0.345666,0.385677,0.385677,-157.313796,-0.345666,0.006033,-22.685768,-0.374652,-0.006033,-0.385677,0.922614,-0.922614,NA,NA,NA,NA,NA,NA,NA,NA,NA,NA,NA,NA
NA,NA,NA,NA,NA,NA,NA,NA,NA,NA,NA,NA,NA,NA,NA,NA,179,2025-10-16,12:39:39,2,5,"Angel, Bransen",1000323260,Right,CAR_EAG,"Gibson, Aiden",10011511,Right,CAR_EAG,Undefined,6,Top,1,2,2,Curveball,Curveball,StrikeCalled,Strikeout,Undefined,Undefined,0,0,NA,68.98839,3.2673,-0.82504,2473.459626,43.80033,07:30:00,6.00987,2.15323,4.88277,-74.8902,-13.36658,-14.7452,2.86404,0.14381,63.25273,-10.191029,-3.42471,0.564537,NA,NA,NA,NA,NA,NA,NA,NA,NA,NA,NA,6.99307,-6.93815,-2.05909,50,6.26747,1.98844,-99.96311,3.24445,7.01392,17.43332,-39.13289,CAR_EAG,CAR_EAG,CarsonNewman,TeamExclusive,Team,20251016-CarsonNewman-Private-1,b5bd2a30-aaae-11f0-b6c6-a366fa88dd2f,66.76699,NA,NA,5.73566,NA,NA,NA,NA,NA,NA,ce55f4e9-d602-4b97-9db7-16df456cdcea,2025-10-16,16:39:39,2025-10-16T16:39:39Z,2025-10-16T16:39:39Z,NA,v3,CNE,CNE,NA,"Cochran, Carson",10085797,Right,CAR_EAG,97cface9-22f1-4032-9cdd-34a337df1094,55.62391,-100.93914,8.71666,6.02449,5.43536,-19.56644,-2.15943,1.59576,3.50696,NA,NA,NA,NA,NA,NA,NA,NA,NA,NA,NA,NA,NA,NA,NA,NA,NA,NA,NA,NA,NA,NA,NA,NA,NA,NA,NA,NA,NA,NA,NA,NA,NA,NA,NA,NA,NA,NA,NA,NA,NA,NA,NA,NA,NA,NA,NA,NA,NA,NA,High,High,High,NA,NA,NA,NA,NA,33.112841,42.475187,1824.349234,0.73757,07:00:00,-0.642246,0.440758,0.627099,20.698405,-45.195694,-75.114737,-0.028639,170.199443,-0.985002,-9.796497,0.985002,-0.170149,0.028639,1.665418,-1.641127,0.170149,-0.170149,-170.199443,1.641127,0.028639,9.796497,-1.665418,-0.028639,0.170149,0.985002,-0.985002,NA,NA,NA,NA,NA,NA,NA,NA,NA,NA,NA,NA
NA,NA,NA,NA,NA,NA,NA,NA,NA,NA,NA,NA,NA,NA,NA,NA,180,2025-10-16,12:40:08,3,1,"Angel, Bransen",1000323260,Right,CAR_EAG,"Wyatt, Jack",10013525,Right,CAR_EAG,Undefined,6,Top,2,0,0,ChangeUp,Changeup,BallCalled,Undefined,Undefined,Undefined,0,0,NA,79.51079,0.206201,-2.187954,1738.504489,267.995866,03:00:00,5.96707,2.35466,5.42803,-43.46648,2.00965,12.17229,2.53814,1.31871,72.23166,-7.761763,-0.020726,0.485359,NA,NA,NA,NA,NA,NA,NA,NA,NA,NA,NA,-6.76595,1.44992,-2.16909,50,5.95553,3.90708,-115.24612,-1.06791,-8.99735,23.66324,-30.24593,CAR_EAG,CAR_EAG,CarsonNewman,TeamExclusive,Team,20251016-CarsonNewman-Private-1,c7710670-aaae-11f0-b6c6-a366fa88dd2f,77.65888,NA,NA,7.27913,NA,NA,NA,NA,NA,NA,ce55f4e9-d602-4b97-9db7-16df456cdcea,2025-10-16,16:40:08,2025-10-16T16:40:08Z,2025-10-16T16:40:08Z,NA,v3,CNE,CNE,NA,"Cochran, Carson",10085797,Right,CAR_EAG,0fad4223-abcd-4e70-9da5-d9d021efdde9,55.07221,-116.28293,11.83162,5.97329,0.25731,-15.12297,-2.34892,4.3013,-4.49867,NA,NA,NA,NA,NA,NA,NA,NA,NA,NA,NA,NA,NA,NA,NA,NA,NA,NA,NA,NA,NA,NA,NA,NA,NA,NA,NA,NA,NA,NA,NA,NA,NA,NA,NA,NA,NA,NA,NA,NA,NA,NA,NA,NA,NA,NA,NA,NA,NA,NA,High,High,High,NA,NA,NA,NA,NA,235.509008,-28.516011,1527.595629,0.878684,01:45:00,0.455452,-0.725938,-0.515342,-95.812593,32.181242,33.569704,0.532116,162.407329,-0.807072,14.827196,0.807072,-0.255905,-0.532116,33.397557,32.148566,0.255905,0.255905,-162.407329,-32.148566,0.532116,-14.827196,-33.397557,-0.532116,-0.255905,0.807072,-0.807072,NA,NA,NA,NA,NA,NA,NA,NA,NA,NA,NA,NA
NA,NA,NA,NA,NA,NA,NA,NA,NA,NA,NA,NA,NA,NA,NA,NA,181,2025-10-16,12:40:23,3,2,"Angel, Bransen",1000323260,Right,CAR_EAG,"Wyatt, Jack",10013525,Right,CAR_EAG,Undefined,6,Top,2,1,0,ChangeUp,Changeup,BallCalled,Undefined,Undefined,Undefined,0,0,NA,78.39121,-1.119543,-1.522601,1255.059863,252.518618,02:30:00,5.99298,2.1703,5.66728,-41.15443,4.86508,10.67654,1.51902,1.63992,71.91418,-8.672451,0.388996,0.48825,NA,NA,NA,NA,NA,NA,NA,NA,NA,NA,NA,-5.86764,3.24866,-2.04846,50,5.87239,2.61757,-113.77826,-3.54044,-7.65849,21.7167,-27.93384,CAR_EAG,CAR_EAG,CarsonNewman,TeamExclusive,Team,20251016-CarsonNewman-Private-1,cffcad80-aaae-11f0-b6c6-a366fa88dd2f,77.19903,NA,NA,6.47703,NA,NA,NA,NA,NA,NA,ce55f4e9-d602-4b97-9db7-16df456cdcea,2025-10-16,16:40:23,2025-10-16T16:40:23Z,2025-10-16T16:40:23Z,NA,v3,CNE,CNE,NA,"Cochran, Carson",10085797,Right,CAR_EAG,ef49794e-9e23-443d-9405-454b41099570,54.83438,-114.69728,10.85835,5.9972,-2.35832,-13.96692,-2.16609,2.94166,-3.82925,NA,NA,NA,NA,NA,NA,NA,NA,NA,NA,NA,NA,NA,NA,NA,NA,NA,NA,NA,NA,NA,NA,NA,NA,NA,NA,NA,NA,NA,NA,NA,NA,NA,NA,NA,NA,NA,NA,NA,NA,NA,NA,NA,NA,NA,NA,NA,NA,NA,NA,High,High,High,NA,NA,NA,NA,NA,244.778873,-25.178351,1135.813946,0.904988,02:15:00,0.43095,-0.810247,-0.397218,-98.497493,35.403092,34.306908,0.512808,170.106959,-0.845738,8.482018,0.845738,-0.147499,-0.512808,31.230272,30.851041,0.147499,0.147499,-170.106959,-30.851041,0.512808,-8.482018,-31.230272,-0.512808,-0.147499,0.845738,-0.845738,NA,NA,NA,NA,NA,NA,NA,NA,NA,NA,NA,NA
NA,NA,NA,NA,NA,NA,NA,NA,NA,NA,NA,NA,NA,NA,NA,NA,182,2025-10-16,12:40:37,3,3,"Angel, Bransen",1000323260,Right,CAR_EAG,"Wyatt, Jack",10013525,Right,CAR_EAG,Undefined,6,Top,2,2,0,Fastball,Four-Seam,InPlay,Undefined,FlyBall,Out,1,0,NA,85.13762,-1.721139,-3.308157,2288.161876,212.614592,01:00:00,6.10836,2.04019,5.75368,-19.80954,19.16607,11.43245,2.85212,-0.09025,77.56619,-5.470739,-1.266045,0.449333,83.47027,60.044202,-20.365698,NA,NA,NA,NA,NA,184.99097,NA,NA,-6.80504,10.65642,-1.77252,50,5.95336,6.66866,-123.39172,-4.2928,-10.45547,25.34198,-15.80116,CAR_EAG,CAR_EAG,CarsonNewman,TeamExclusive,Team,20251016-CarsonNewman-Private-1,d8cefa80-aaae-11f0-b6c6-a366fa88dd2f,83.88539,100.91164,NA,7.57143,NA,NA,NA,1.4763,2.03148,0.65642,ce55f4e9-d602-4b97-9db7-16df456cdcea,2025-10-16,16:40:37,2025-10-16T16:40:37Z,2025-10-16T16:40:37Z,NA,v3,CNE,CNE,NA,"Cochran, Carson",10085797,Right,CAR_EAG,983242b7-0913-49e8-a501-17ec7bb8ed30,54.74798,-124.36303,12.67099,6.10629,-3.68718,-7.90058,-2.03579,7.0694,-5.22774,162.044679,1.47632,57.30489,-18.74152,5.35815,-0.77313,0.00889,-0.16666,0.16132,-0.0417,2.03147,106.07011,-25.95648,2.79505,-0.69708,0.27634,-0.05053,-0.02663,0.01111,0.65643,-21.27511,-1.08593,0.80391,-0.08225,-0.05922,-0.02737,0.04629,-0.01317,NA,NA,NA,NA,NA,NA,NA,NA,NA,NA,NA,NA,NA,NA,NA,NA,NA,NA,NA,NA,NA,NA,High,High,High,Medium,Undefined,NA,NA,NA,211.367779,-5.602447,2277.231857,0.995223,01:00:00,0.063916,-0.514877,-0.854878,-21.027637,-27.327598,-22.078379,0.108616,170.247625,-0.979718,9.69412,0.979718,-0.168388,-0.108616,6.326217,6.235522,0.168388,0.168388,-170.247625,-6.235522,0.108616,-9.69412,-6.326217,-0.108616,-0.168388,0.979718,-0.979718,NA,NA,NA,NA,NA,NA,NA,NA,NA,NA,NA,NA
NA,NA,NA,NA,NA,NA,NA,NA,NA,NA,NA,NA,NA,NA,NA,NA,183,2025-10-16,12:42:45,1,1,"Wilson, Alec",10092217,Right,CAR_EAG,"Larsen, David",1000370203,Right,CAR_EAG,Undefined,6,Bottom,0,0,0,Fastball,Changeup,BallCalled,Undefined,Undefined,Undefined,0,0,NA,82.32879,-0.416875,-2.019382,2074.589143,219.658291,01:15:00,6.16914,2.28962,5.57689,-25.1843,16.60497,12.64379,3.68083,1.45632,75.13633,-5.128446,0.235448,0.465269,NA,NA,NA,NA,NA,NA,NA,NA,NA,NA,NA,-6.93528,8.91682,-2.12405,50,6.11695,3.69211,-119.45366,-1.64688,-10.00824,23.27922,-19.30625,CAR_EAG,CAR_EAG,CarsonNewman,TeamExclusive,Team,20251016-CarsonNewman-Private-1,25205500-aaaf-11f0-b6c6-a366fa88dd2f,81.01222,NA,NA,7.19246,NA,NA,NA,NA,NA,NA,ce55f4e9-d602-4b97-9db7-16df456cdcea,2025-10-16,16:42:45,2025-10-16T16:42:45Z,2025-10-16T16:42:45Z,NA,v3,CNE,CNE,NA,"Rogers, Jacob",1000215913,Right,CAR_EAG,25482eb1-d22c-4e14-bf80-9a02da0f4410,54.92313,-120.40926,11.63961,6.16829,-0.85437,-9.65313,-2.28404,4.10295,-5.00412,NA,NA,NA,NA,NA,NA,NA,NA,NA,NA,NA,NA,NA,NA,NA,NA,NA,NA,NA,NA,NA,NA,NA,NA,NA,NA,NA,NA,NA,NA,NA,NA,NA,NA,NA,NA,NA,NA,NA,NA,NA,NA,NA,NA,NA,NA,NA,NA,NA,NA,High,High,High,NA,NA,NA,NA,NA,216.860667,16.147364,1992.745737,0.96055,01:15:00,-0.30082,-0.578214,-0.758403,-13.088091,39.079598,15.631538,-0.266286,172.116989,-0.954786,-7.596677,0.954786,-0.132199,0.266286,15.583555,-15.443353,0.132199,-0.132199,-172.116989,15.443353,0.266286,7.596677,-15.583555,-0.266286,0.132199,0.954786,-0.954786,NA,NA,NA,NA,NA,NA,NA,NA,NA,NA,NA,NA
NA,NA,NA,NA,NA,NA,NA,NA,NA,NA,NA,NA,NA,NA,NA,NA,184,2025-10-16,12:43:01,1,2,"Wilson, Alec",10092217,Right,CAR_EAG,"Larsen, David",1000370203,Right,CAR_EAG,Undefined,6,Bottom,0,1,0,Fastball,Changeup,InPlay,Undefined,FlyBall,Single,0,0,NA,82.20017,-0.873566,-2.598125,1995.95849,209.956966,01:00:00,6.10036,2.13001,5.90708,-24.43446,17.06186,9.04615,3.25235,0.47044,74.95341,-5.476612,-0.975992,0.463635,63.06345,30.265162,-24.697641,2166.072015,99.81957,39.3625,-46.2168,212.58704,212.58704,-25.018949,3.369859,-5.41154,9.40804,-1.92648,50,6.01623,5.06549,-119.27096,-2.52633,-7.76569,23.75258,-18.67332,CAR_EAG,CAR_EAG,CarsonNewman,TeamExclusive,Team,20251016-CarsonNewman-Private-1,2e265c30-aaaf-11f0-b6c6-a366fa88dd2f,81.29765,39.37575,NA,7.24676,NA,NA,NA,1.65943,3.39508,-0.46973,ce55f4e9-d602-4b97-9db7-16df456cdcea,2025-10-16,16:43:01,2025-10-16T16:43:01Z,2025-10-16T16:43:01Z,Popup,v3,CNE,CNE,NA,"Rogers, Jacob",1000215913,Right,CAR_EAG,cda857e4-68e3-47f2-9016-a862703be4b1,54.5944,-120.18244,11.87629,6.09942,-1.80975,-9.33666,-2.12658,5.36349,-3.88285,173.373996,1.65984,72.56183,-8.23837,1.47047,0.18385,-0.34983,0.14478,-0.02655,0.00187,3.39461,46.63424,-16.19253,1.05167,-0.52104,0.29281,-0.08599,0.01229,-7e-4,-0.46999,-33.36828,3.14654,-0.27891,-0.19925,0.17868,-0.07059,0.01323,-9.6e-4,NA,NA,NA,NA,NA,NA,NA,NA,NA,NA,NA,NA,NA,NA,NA,NA,NA,NA,NA,NA,NA,NA,High,High,High,High,High,NA,NA,NA,218.321689,17.525086,1903.31648,0.953585,01:15:00,-0.325686,-0.595818,-0.734119,-31.624229,32.263074,7.370725,-0.030448,176.883393,-0.998058,-3.115161,0.998058,-0.054343,0.030448,1.747392,-1.744809,0.054343,-0.054343,-176.883393,1.744809,0.030448,3.115161,-1.747392,-0.030448,0.054343,0.998058,-0.998058,NA,NA,NA,NA,NA,NA,NA,NA,NA,NA,NA,NA
NA,NA,NA,NA,NA,NA,NA,NA,NA,NA,NA,NA,NA,NA,NA,NA,185,2025-10-16,12:43:46,2,1,"Wilson, Alec",10092217,Right,CAR_EAG,"Ring, Alex",10041847,Right,CAR_EAG,Undefined,6,Bottom,0,0,0,Fastball,Changeup,InPlay,Undefined,GroundBall,Out,2,0,NA,82.82173,-1.961962,-2.757277,2091.000454,210.227731,01:00:00,6.09974,2.20361,5.69459,-22.97686,18.31013,9.86067,2.35367,0.45362,75.51974,-6.278532,-0.996103,0.462464,91.1039,3.852722,8.458578,1229.667973,NA,NA,NA,88.60524,88.60524,9.717526,0.70904,-5.83922,10.29776,-1.97811,50,5.92051,5.39015,-120.05171,-4.80035,-8.48519,24.17298,-17.20996,CAR_EAG,CAR_EAG,CarsonNewman,TeamExclusive,Team,20251016-CarsonNewman-Private-1,491188d0-aaaf-11f0-b6c6-a366fa88dd2f,81.50352,3.60396,NA,7.30199,NA,NA,NA,1.79646,2.5098,-0.46616,ce55f4e9-d602-4b97-9db7-16df456cdcea,2025-10-16,16:43:46,2025-10-16T16:43:46Z,2025-10-16T16:43:46Z,GroundBall,v3,CNE,CNE,NA,"Rogers, Jacob",1000215913,Right,CAR_EAG,9795558c-b72d-480b-bf76-0fb699c3decf,54.80673,-121.01569,12.08649,6.09825,-4.11404,-8.60498,-2.19981,5.72853,-4.2426,284.113412,1.83131,131.20164,-15.03159,NA,NA,NA,NA,NA,NA,2.53473,8.50363,-17.08145,NA,NA,NA,NA,NA,NA,-0.48111,19.89733,2.67045,NA,NA,NA,NA,NA,NA,NA,NA,NA,NA,NA,NA,NA,NA,NA,NA,NA,NA,NA,NA,NA,NA,NA,NA,NA,NA,NA,NA,High,High,High,High,High,NA,NA,NA,215.799602,20.277421,1961.411916,0.938026,01:15:00,-0.363797,-0.560243,-0.744164,-13.2364,44.135467,19.637532,-0.187518,171.976924,-0.972647,-7.879843,0.972647,-0.137096,0.187518,10.912278,-10.807996,0.137096,-0.137096,-171.976924,10.807996,0.187518,7.879843,-10.912278,-0.187518,0.137096,0.972647,-0.972647,NA,NA,NA,NA,NA,NA,NA,NA,NA,NA,NA,NA
NA,NA,NA,NA,NA,NA,NA,NA,NA,NA,NA,NA,NA,NA,NA,NA,186,2025-10-16,12:44:18,3,1,"Wilson, Alec",10092217,Right,CAR_EAG,"Smith, Braxton",1000370200,Right,CAR_EAG,Undefined,6,Bottom,2,0,0,Slider,Curveball,BallCalled,Undefined,Undefined,Undefined,0,0,NA,71.54898,0.592828,-1.578107,2013.489924,60.133724,08:00:00,6.00377,2.23669,5.58836,-63.02649,-7.16087,-15.75958,1.3054,-0.55067,65.61901,-10.869813,-4.396172,0.537952,NA,NA,NA,NA,NA,NA,NA,NA,NA,NA,NA,7.44804,-3.20181,-2.09078,50,6.01405,3.42154,-103.82094,-0.863,8.01152,19.73067,-35.6181,CAR_EAG,CAR_EAG,CarsonNewman,TeamExclusive,Team,20251016-CarsonNewman-Private-1,5c48f7d0-aaaf-11f0-b6c6-a366fa88dd2f,70.06653,NA,NA,5.92997,NA,NA,NA,NA,NA,NA,ce55f4e9-d602-4b97-9db7-16df456cdcea,2025-10-16,16:44:18,2025-10-16T16:44:18Z,2025-10-16T16:44:18Z,NA,v3,CNE,CNE,NA,"Rogers, Jacob",1000215913,Right,CAR_EAG,acd84947-b5dd-489b-ae5c-6cdd00ef6857,54.91536,-104.75092,9.86534,6.01516,0.81581,-17.80905,-2.24315,3.04392,4.00576,NA,NA,NA,NA,NA,NA,NA,NA,NA,NA,NA,NA,NA,NA,NA,NA,NA,NA,NA,NA,NA,NA,NA,NA,NA,NA,NA,NA,NA,NA,NA,NA,NA,NA,NA,NA,NA,NA,NA,NA,NA,NA,NA,NA,NA,NA,NA,NA,NA,NA,High,High,High,NA,NA,NA,NA,NA,35.434229,56.382228,1114.76844,0.55365,07:15:00,-0.816646,0.329587,0.473774,-18.199167,18.526707,14.841196,-0.819043,131.280838,-0.37852,-25.540617,0.37852,-0.431151,0.819043,65.196035,-54.989124,0.431151,-0.431151,-131.280838,54.989124,0.819043,25.540617,-65.196035,-0.819043,0.431151,0.37852,-0.37852,NA,NA,NA,NA,NA,NA,NA,NA,NA,NA,NA,NA
NA,NA,NA,NA,NA,NA,NA,NA,NA,NA,NA,NA,NA,NA,NA,NA,187,2025-10-16,12:44:34,3,2,"Wilson, Alec",10092217,Right,CAR_EAG,"Smith, Braxton",1000370200,Right,CAR_EAG,Undefined,6,Bottom,2,1,0,Slider,Curveball,InPlay,Undefined,GroundBall,Out,1,0,NA,72.31872,0.729294,-0.738987,2070.857191,58.741097,08:00:00,5.97231,2.27434,5.34694,-63.39968,-8.06548,-16.48001,1.37321,0.20776,66.03399,-10.769163,-3.675171,0.535388,78.14983,-10.126367,-32.319475,NA,NA,NA,NA,9.97158,8.63173,-27.469846,0.071403,8.0667,-3.78811,-2.19537,50,5.99245,1.95286,-104.90015,-0.68577,8.82664,20.72561,-36.31902,CAR_EAG,CAR_EAG,CarsonNewman,TeamExclusive,Team,20251016-CarsonNewman-Private-1,659aae00-aaaf-11f0-b6c6-a366fa88dd2f,70.40215,1.44111,NA,6.28474,NA,NA,NA,2.02852,1.44111,-0.28579,ce55f4e9-d602-4b97-9db7-16df456cdcea,2025-10-16,16:44:34,2025-10-16T16:44:34Z,2025-10-16T16:44:34Z,GroundBall,v3,CNE,CNE,NA,"Rogers, Jacob",1000215913,Right,CAR_EAG,bbaabe67-9822-40b7-9253-f44bc8718ca4,55.1574,-105.91422,10.36281,5.98253,1.09126,-18.15951,-2.28035,1.52098,4.41332,180,2.02687,95.4973,NA,NA,NA,NA,NA,NA,NA,1.44146,-20.18271,NA,NA,NA,NA,NA,NA,NA,-0.28475,-60.41633,NA,NA,NA,NA,NA,NA,NA,NA,NA,NA,NA,NA,NA,NA,NA,NA,NA,NA,NA,NA,NA,NA,NA,NA,NA,NA,NA,NA,NA,High,High,High,High,High,NA,NA,NA,36.312487,55.947693,1159.575492,0.55995,07:15:00,-0.818351,0.342115,0.4618,0.596848,5.157619,10.954934,-0.777232,128.068713,-0.387977,-29.693661,0.387977,-0.495363,0.777232,63.472631,-51.007834,0.495363,-0.495363,-128.068713,51.007834,0.777232,29.693661,-63.472631,-0.777232,0.495363,0.387977,-0.387977,NA,NA,NA,NA,NA,NA,NA,NA,NA,NA,NA,NA
NA,NA,NA,NA,NA,NA,NA,NA,NA,NA,NA,NA,NA,NA,NA,NA,188,2025-10-16,12:46:25,1,1,"Angel, Bransen",1000323260,Right,CAR_EAG,"Nathan, Cole",1000323259,Right,CAR_EAG,Undefined,7,Top,0,0,0,Slider,Curveball,BallCalled,Undefined,Undefined,Undefined,0,0,NA,70.95039,1.406258,0.261383,2522.716722,67.366641,08:15:00,6.06943,2.23698,5.10971,-59.44735,-2.35732,-9.87796,2.44072,1.66009,65.47418,-9.343753,-1.489604,0.543815,NA,NA,NA,NA,NA,NA,NA,NA,NA,NA,NA,4.97811,-1.00595,-2.2536,50,6.15549,-0.10492,-102.99302,0.61258,5.34978,17.025,-33.25508,CAR_EAG,CAR_EAG,CarsonNewman,TeamExclusive,Team,20251016-CarsonNewman-Private-1,a7bc0040-aaaf-11f0-b6c6-a366fa88dd2f,69.31108,NA,NA,5.47621,NA,NA,NA,NA,NA,NA,ce55f4e9-d602-4b97-9db7-16df456cdcea,2025-10-16,16:46:25,2025-10-16T16:46:25Z,2025-10-16T16:46:25Z,NA,v3,CNE,CNE,NA,"Cochran, Carson",10085797,Right,CAR_EAG,f28182dc-862b-41a9-9161-bd74f77a7625,55.39369,-103.88078,8.5125,6.07833,2.34665,-16.62754,-2.24085,-0.38388,2.67489,NA,NA,NA,NA,NA,NA,NA,NA,NA,NA,NA,NA,NA,NA,NA,NA,NA,NA,NA,NA,NA,NA,NA,NA,NA,NA,NA,NA,NA,NA,NA,NA,NA,NA,NA,NA,NA,NA,NA,NA,NA,NA,NA,NA,NA,NA,NA,NA,NA,NA,High,High,High,NA,NA,NA,NA,NA,49.989395,62.627515,1159.878002,0.459773,07:45:00,-0.880466,0.37384,0.291588,-5.385003,61.237414,-7.095647,-0.323707,132.444228,-0.638535,-44.282939,0.638535,-0.698202,0.323707,26.882877,-18.887287,0.698202,-0.698202,-132.444228,18.887287,0.323707,44.282939,-26.882877,-0.323707,0.698202,0.638535,-0.638535,NA,NA,NA,NA,NA,NA,NA,NA,NA,NA,NA,NA
NA,NA,NA,NA,NA,NA,NA,NA,NA,NA,NA,NA,NA,NA,NA,NA,189,2025-10-16,12:46:38,1,2,"Angel, Bransen",1000323260,Right,CAR_EAG,"Nathan, Cole",1000323259,Right,CAR_EAG,Undefined,7,Top,0,1,0,Slider,Curveball,StrikeCalled,Undefined,Undefined,Undefined,0,0,NA,72.0188,1.344647,-2.704029,2605.948096,60.088487,08:00:00,6.08753,2.22519,5.02434,-59.88724,-3.93378,-9.91894,2.36749,-1.15501,66.28253,-9.450245,-4.454384,0.538375,NA,NA,NA,NA,NA,NA,NA,NA,NA,NA,NA,4.13079,-1.79839,-1.95778,50,6.16817,5.30412,-104.37392,0.4723,4.5374,18.26475,-34.14947,CAR_EAG,CAR_EAG,CarsonNewman,TeamExclusive,Team,20251016-CarsonNewman-Private-1,afb8adc0-aaaf-11f0-b6c6-a366fa88dd2f,70.0115,NA,NA,5.73627,NA,NA,NA,NA,NA,NA,ce55f4e9-d602-4b97-9db7-16df456cdcea,2025-10-16,16:46:38,2025-10-16T16:46:38Z,2025-10-16T16:46:38Z,NA,v3,CNE,CNE,NA,"Cochran, Carson",10085797,Right,CAR_EAG,849d2bdf-ae3f-4dbe-bf28-2e9288e1762e,55.47896,-105.32834,9.13238,6.09687,2.25677,-17.07473,-2.22875,5.06702,2.2687,NA,NA,NA,NA,NA,NA,NA,NA,NA,NA,NA,NA,NA,NA,NA,NA,NA,NA,NA,NA,NA,NA,NA,NA,NA,NA,NA,NA,NA,NA,NA,NA,NA,NA,NA,NA,NA,NA,NA,NA,NA,NA,NA,NA,NA,NA,NA,NA,NA,NA,High,High,High,NA,NA,NA,NA,NA,46.000843,63.756021,1152.335754,0.442194,07:30:00,-0.873726,0.339052,0.348777,13.763497,61.924528,5.498187,-0.272311,133.192515,-0.658586,-44.547997,0.658586,-0.701507,0.272311,22.464002,-15.801808,0.701507,-0.701507,-133.192515,15.801808,0.272311,44.547997,-22.464002,-0.272311,0.701507,0.658586,-0.658586,NA,NA,NA,NA,NA,NA,NA,NA,NA,NA,NA,NA
NA,NA,NA,NA,NA,NA,NA,NA,NA,NA,NA,NA,NA,NA,NA,NA,190,2025-10-16,12:46:53,1,3,"Angel, Bransen",1000323260,Right,CAR_EAG,"Nathan, Cole",1000323259,Right,CAR_EAG,Undefined,7,Top,0,1,1,Slider,Curveball,FoulBallNotFieldable,Undefined,Undefined,Undefined,0,0,NA,72.0148,0.123883,-1.078709,2461.995612,75.450444,08:30:00,5.96312,2.16565,4.89666,-57.15704,-1.27677,-11.53827,1.31724,0.18365,66.65182,-10.142062,-3.116061,0.538023,NA,NA,NA,NA,NA,NA,NA,NA,NA,NA,NA,5.45551,-0.24331,-2.04959,50,5.92673,2.39783,-104.52561,-1.66844,6.03276,17.69584,-32.44311,CAR_EAG,CAR_EAG,CarsonNewman,TeamExclusive,Team,20251016-CarsonNewman-Private-1,b8763a40-aaaf-11f0-b6c6-a366fa88dd2f,70.05734,NA,NA,5.36298,NA,NA,NA,NA,NA,NA,ce55f4e9-d602-4b97-9db7-16df456cdcea,2025-10-16,16:46:53,2025-10-16T16:46:53Z,2025-10-16T16:46:53Z,NA,v3,CNE,CNE,NA,"Cochran, Carson",10085797,Right,CAR_EAG,84fdd9f3-11fe-4ddb-84b7-49a058b8d323,55.60786,-105.47073,8.84792,5.96957,0.06432,-16.22155,-2.16905,2.07563,3.01638,NA,NA,NA,NA,NA,NA,NA,NA,NA,NA,NA,NA,NA,NA,NA,NA,NA,NA,NA,NA,NA,NA,NA,NA,NA,NA,NA,NA,NA,NA,NA,NA,NA,NA,NA,NA,NA,NA,NA,NA,NA,NA,NA,NA,NA,NA,NA,NA,NA,NA,High,High,High,NA,NA,NA,NA,NA,47.825239,59.61516,1245.290999,0.505806,07:30:00,-0.855289,0.376717,0.35576,14.089783,54.932322,7.95119,-0.367889,126.445342,-0.552394,-48.418246,0.552394,-0.748009,0.367889,33.663199,-21.585478,0.748009,-0.748009,-126.445342,21.585478,0.367889,48.418246,-33.663199,-0.367889,0.748009,0.552394,-0.552394,NA,NA,NA,NA,NA,NA,NA,NA,NA,NA,NA,NA
NA,NA,NA,NA,NA,NA,NA,NA,NA,NA,NA,NA,NA,NA,NA,NA,191,2025-10-16,12:47:15,1,4,"Angel, Bransen",1000323260,Right,CAR_EAG,"Nathan, Cole",1000323259,Right,CAR_EAG,Undefined,7,Top,0,1,2,ChangeUp,Changeup,BallCalled,Undefined,Undefined,Undefined,0,0,NA,79.32677,-3.069299,-5.034661,1595.663442,244.269547,02:15:00,6.08259,1.7301,5.8969,-35.86384,9.47008,16.21367,0.23048,-1.60525,72.12925,-9.696663,-2.133276,0.484599,NA,NA,NA,NA,NA,NA,NA,NA,NA,NA,NA,-9.87784,6.31185,-1.333,50,5.81392,9.47652,-114.53318,-7.25105,-12.95214,23.69277,-23.89771,CAR_EAG,CAR_EAG,CarsonNewman,TeamExclusive,Team,20251016-CarsonNewman-Private-1,c5ee8fb0-aaaf-11f0-b6c6-a366fa88dd2f,77.7806,NA,NA,7.19752,NA,NA,NA,NA,NA,NA,ce55f4e9-d602-4b97-9db7-16df456cdcea,2025-10-16,16:47:15,2025-10-16T16:47:15Z,2025-10-16T16:47:15Z,NA,v3,CNE,CNE,NA,"Cochran, Carson",10085797,Right,CAR_EAG,b23c5803-f464-4779-85fe-6abe03e6b27c,54.60355,-115.48156,11.84639,6.08502,-6.29447,-11.94886,-1.7227,9.99497,-6.47607,NA,NA,NA,NA,NA,NA,NA,NA,NA,NA,NA,NA,NA,NA,NA,NA,NA,NA,NA,NA,NA,NA,NA,NA,NA,NA,NA,NA,NA,NA,NA,NA,NA,NA,NA,NA,NA,NA,NA,NA,NA,NA,NA,NA,NA,NA,NA,NA,NA,NA,High,High,High,NA,NA,NA,NA,NA,234.841008,-7.777982,1580.983212,0.9908,01:45:00,0.127754,-0.801627,-0.584014,-111.795186,26.427041,32.572713,-0.895761,176.124418,-0.44352,-1.721783,0.44352,-0.030046,0.895761,63.658515,-63.606318,0.030046,-0.030046,-176.124418,63.606318,0.895761,1.721783,-63.658515,-0.895761,0.030046,0.44352,-0.44352,NA,NA,NA,NA,NA,NA,NA,NA,NA,NA,NA,NA
NA,NA,NA,NA,NA,NA,NA,NA,NA,NA,NA,NA,NA,NA,NA,NA,192,2025-10-16,12:47:37,1,5,"Angel, Bransen",1000323260,Right,CAR_EAG,"Nathan, Cole",1000323259,Right,CAR_EAG,Undefined,7,Top,0,2,2,Fastball,Four-Seam,InPlay,Undefined,FlyBall,Out,1,0,NA,84.57173,-2.740711,-2.90202,2148.571346,206.370182,01:00:00,6.31832,1.74178,5.71259,-19.70489,20.8919,9.52375,2.1176,-0.1706,75.28849,-6.525455,-1.201028,0.458582,80.93577,53.198533,27.122301,5008.012821,91.96996,107.80983,60.34441,257.53389,123.22698,38.111833,5.412578,-5.89926,12.08166,-1.50465,50,6.07678,5.79553,-122.17651,-6.39549,-8.65555,30.64214,-14.44754,CAR_EAG,CAR_EAG,CarsonNewman,TeamExclusive,Team,20251016-CarsonNewman-Private-1,d2c8a950-aaaf-11f0-b6c6-a366fa88dd2f,82.19339,114.79869,NA,9.28324,NA,NA,NA,2.18712,2.12913,0.43797,ce55f4e9-d602-4b97-9db7-16df456cdcea,2025-10-16,16:47:37,2025-10-16T16:47:37Z,2025-10-16T16:47:37Z,FlyBall,v3,CNE,CNE,NA,"Cochran, Carson",10085797,Right,CAR_EAG,e349af31-5fa7-44ee-886d-2e31f8480136,54.7847,-123.37068,15.32107,6.31505,-5.83245,-7.22377,-1.73709,6.13285,-4.32777,210.62782,2.19884,63.0404,-11.62765,1.34946,0.81952,-0.51129,0.12614,-0.01476,6.7e-4,2.12485,95.11286,-24.59014,2.83201,-0.49883,0.00176,0.0256,-0.00521,3.2e-4,0.43247,32.52786,-0.59076,0.41641,-0.45668,0.20925,-0.04817,0.00548,-2.5e-4,NA,NA,NA,NA,NA,NA,NA,NA,NA,NA,NA,NA,NA,NA,NA,NA,NA,NA,NA,NA,NA,NA,High,High,High,High,Low,NA,NA,NA,213.155531,-11.548804,2105.072507,0.979755,01:00:00,0.183779,-0.525655,-0.830609,-26.42104,-32.613161,-0.344425,0.114016,163.008015,-0.950109,16.877846,0.950109,-0.290332,-0.114016,6.842969,6.546895,0.290332,0.290332,-163.008015,-6.546895,0.114016,-16.877846,-6.842969,-0.114016,-0.290332,0.950109,-0.950109,NA,NA,NA,NA,NA,NA,NA,NA,NA,NA,NA,NA
NA,NA,NA,NA,NA,NA,NA,NA,NA,NA,NA,NA,NA,NA,NA,NA,193,2025-10-16,12:48:10,2,1,"Angel, Bransen",1000323260,Right,CAR_EAG,"Benner, Seth",1000370212,Right,CAR_EAG,Undefined,7,Top,1,0,0,Slider,Curveball,StrikeCalled,Undefined,Undefined,Undefined,0,0,NA,69.53507,2.375423,-1.835966,2541.218292,40.587752,07:15:00,6.06602,2.02583,5.00808,-76.84292,-16.03745,-15.55859,1.90719,-1.00439,63.50893,-11.442351,-4.586826,0.561232,NA,NA,NA,NA,NA,NA,NA,NA,NA,NA,NA,7.05059,-8.01989,-1.83641,50,6.23228,3.80896,-100.72106,1.65718,7.10453,19.27152,-40.25531,CAR_EAG,CAR_EAG,CarsonNewman,TeamExclusive,Team,20251016-CarsonNewman-Private-1,e65b57b0-aaaf-11f0-b6c6-a366fa88dd2f,67.16014,NA,NA,6.02614,NA,NA,NA,NA,NA,NA,ce55f4e9-d602-4b97-9db7-16df456cdcea,2025-10-16,16:48:10,2025-10-16T16:48:10Z,2025-10-16T16:48:10Z,NA,v3,CNE,CNE,NA,"Cochran, Carson",10085797,Right,CAR_EAG,9b035849-cee3-42c5-8335-a2b5d2417a75,55.49824,-101.76763,9.63576,6.08292,3.84331,-20.12765,-2.03278,3.42314,3.55226,NA,NA,NA,NA,NA,NA,NA,NA,NA,NA,NA,NA,NA,NA,NA,NA,NA,NA,NA,NA,NA,NA,NA,NA,NA,NA,NA,NA,NA,NA,NA,NA,NA,NA,NA,NA,NA,NA,NA,NA,NA,NA,NA,NA,NA,NA,NA,NA,NA,NA,High,High,High,NA,NA,NA,NA,NA,28.463121,39.852149,1950.894788,0.767701,07:00:00,-0.60315,0.392126,0.694584,8.724644,-42.014912,-58.657862,0.01724,170.612994,-0.986463,9.385599,0.986463,-0.163078,-0.01724,1.001217,0.987813,0.163078,0.163078,-170.612994,-0.987813,0.01724,-9.385599,-1.001217,-0.01724,-0.163078,0.986463,-0.986463,NA,NA,NA,NA,NA,NA,NA,NA,NA,NA,NA,NA
NA,NA,NA,NA,NA,NA,NA,NA,NA,NA,NA,NA,NA,NA,NA,NA,194,2025-10-16,12:48:23,2,2,"Angel, Bransen",1000323260,Right,CAR_EAG,"Benner, Seth",1000370212,Right,CAR_EAG,Undefined,7,Top,1,0,1,Slider,Curveball,HitByPitch,Undefined,Undefined,Undefined,0,0,NA,70.20184,3.64371,1.541926,2489.97867,36.650831,07:15:00,6.06788,2.05547,4.68589,-76.92689,-16.79509,-14.03331,3.12324,2.35056,63.96545,-10.14107,-0.924022,0.558115,NA,NA,NA,NA,NA,NA,NA,NA,NA,NA,NA,7.39225,-8.89524,-2.19853,50,6.36814,-2.20157,-101.60396,3.85017,7.63065,18.59427,-41.35617,CAR_EAG,CAR_EAG,CarsonNewman,TeamExclusive,Team,20251016-CarsonNewman-Private-1,ee9e8410-aaaf-11f0-b6c6-a366fa88dd2f,67.53527,NA,NA,6.23639,NA,NA,NA,NA,NA,NA,ce55f4e9-d602-4b97-9db7-16df456cdcea,2025-10-16,16:48:23,2025-10-16T16:48:23Z,2025-10-16T16:48:23Z,NA,v3,CNE,CNE,NA,"Cochran, Carson",10085797,Right,CAR_EAG,4a59b74a-fb74-47e5-9277-5b35a752a07f,55.82164,-102.66383,9.29714,6.0815,6.20747,-20.67808,-2.06065,-2.63652,3.81533,NA,NA,NA,NA,NA,NA,NA,NA,NA,NA,NA,NA,NA,NA,NA,NA,NA,NA,NA,NA,NA,NA,NA,NA,NA,NA,NA,NA,NA,NA,NA,NA,NA,NA,NA,NA,NA,NA,NA,NA,NA,NA,NA,NA,NA,NA,NA,NA,NA,NA,High,High,High,NA,NA,NA,NA,NA,28.710078,36.713579,1996.051527,0.801634,07:00:00,-0.590845,0.422301,0.687433,-33.865312,43.922201,86.577515,-0.198717,174.993806,-0.976318,-4.906108,0.976318,-0.085523,0.198717,11.504665,-11.461942,0.085523,-0.085523,-174.993806,11.461942,0.198717,4.906108,-11.504665,-0.198717,0.085523,0.976318,-0.976318,NA,NA,NA,NA,NA,NA,NA,NA,NA,NA,NA,NA
NA,NA,NA,NA,NA,NA,NA,NA,NA,NA,NA,NA,NA,NA,NA,NA,195,2025-10-16,12:48:58,3,1,"Angel, Bransen",1000323260,Right,CAR_EAG,"Kilgore, Tanner",814348,Right,CAR_EAG,Undefined,7,Top,1,0,0,Slider,Curveball,BallCalled,Undefined,Undefined,Undefined,0,0,NA,73.4173,0.958582,-3.116655,2326.133252,50.260077,07:45:00,5.96699,2.61601,5.24292,-59.71865,-6.26863,-9.56815,1.89279,-1.11345,67.6254,-9.825295,-4.81128,0.526193,NA,NA,NA,NA,NA,NA,NA,NA,NA,NA,NA,3.8663,-2.89331,-2.32187,50,6.01075,6.15396,-106.41982,-0.18352,4.41061,19.15696,-35.47467,CAR_EAG,CAR_EAG,CarsonNewman,TeamExclusive,Team,20251016-CarsonNewman-Private-1,03192170-aab0-11f0-b6c6-a366fa88dd2f,71.63228,NA,NA,5.7919,NA,NA,NA,NA,NA,NA,ce55f4e9-d602-4b97-9db7-16df456cdcea,2025-10-16,16:48:58,2025-10-16T16:48:58Z,2025-10-16T16:48:58Z,NA,v3,CNE,CNE,NA,"Cochran, Carson",10085797,Right,CAR_EAG,2716e0e7-5cc0-4f05-968f-b39e04896879,55.26097,-107.36268,9.57848,5.97682,1.56247,-17.73734,-2.61941,5.93688,2.20531,NA,NA,NA,NA,NA,NA,NA,NA,NA,NA,NA,NA,NA,NA,NA,NA,NA,NA,NA,NA,NA,NA,NA,NA,NA,NA,NA,NA,NA,NA,NA,NA,NA,NA,NA,NA,NA,NA,NA,NA,NA,NA,NA,NA,NA,NA,NA,NA,NA,NA,High,High,High,NA,NA,NA,NA,NA,53.104806,72.81269,687.364135,0.295496,07:45:00,-0.940204,0.252268,0.228859,29.958248,39.208197,27.725251,-0.435506,129.070159,-0.567361,-44.337329,0.567361,-0.698881,0.435506,37.50983,-25.81752,0.698881,-0.698881,-129.070159,25.81752,0.435506,44.337329,-37.50983,-0.435506,0.698881,0.567361,-0.567361,NA,NA,NA,NA,NA,NA,NA,NA,NA,NA,NA,NA
NA,NA,NA,NA,NA,NA,NA,NA,NA,NA,NA,NA,NA,NA,NA,NA,196,2025-10-16,12:49:17,3,2,"Angel, Bransen",1000323260,Right,CAR_EAG,"Kilgore, Tanner",814348,Right,CAR_EAG,Undefined,7,Top,1,1,0,Slider,Curveball,StrikeCalled,Undefined,Undefined,Undefined,0,0,NA,72.78015,2.01773,-1.50288,2482.01687,57.596993,08:00:00,6.02225,2.57097,4.9961,-58.98428,-4.73717,-9.91693,3.01342,0.32526,67.43167,-8.604572,-3.253518,0.530102,NA,NA,NA,NA,NA,NA,NA,NA,NA,NA,NA,4.52347,-2.39256,-2.41786,50,6.16824,3.14942,-105.64622,1.73731,5.1446,16.93506,-34.89514,CAR_EAG,CAR_EAG,CarsonNewman,TeamExclusive,Team,20251016-CarsonNewman-Private-1,0e3ab5a0-aab0-11f0-b6c6-a366fa88dd2f,71.10406,NA,NA,5.34848,NA,NA,NA,NA,NA,NA,ce55f4e9-d602-4b97-9db7-16df456cdcea,2025-10-16,16:49:17,2025-10-16T16:49:17Z,2025-10-16T16:49:17Z,NA,v3,CNE,CNE,NA,"Cochran, Carson",10085797,Right,CAR_EAG,a4ea762d-e09d-4cb3-a620-30fa7e80902f,55.50879,-106.52562,8.46753,6.03098,3.54933,-17.44757,-2.57447,2.88227,2.5723,NA,NA,NA,NA,NA,NA,NA,NA,NA,NA,NA,NA,NA,NA,NA,NA,NA,NA,NA,NA,NA,NA,NA,NA,NA,NA,NA,NA,72.88826,1.696231,0.785562,0.910669,-1.57707,2.54282,-0.15252,-3.65537,4.64574,3.78186,65.65321,2.4508,59.13142,-3.60739,84.67418,-9.56655,4.64524,7.27275,-10.63386,3.79361,63.66474,-3.20868,High,High,High,NA,NA,High,High,High,46.968866,67.81936,937.03065,0.377528,07:30:00,-0.908636,0.308399,0.281551,38.254207,39.834372,29.444274,-0.441677,131.527584,-0.594809,-42.195113,0.594809,-0.671657,0.441677,36.595834,-26.210932,0.671657,-0.671657,-131.527584,26.210932,0.441677,42.195113,-36.595834,-0.441677,0.671657,0.594809,-0.594809,NA,NA,NA,NA,NA,NA,NA,NA,NA,NA,NA,NA
NA,NA,NA,NA,NA,NA,NA,NA,NA,NA,NA,NA,NA,NA,NA,NA,197,2025-10-16,12:49:38,3,3,"Angel, Bransen",1000323260,Right,CAR_EAG,"Kilgore, Tanner",814348,Right,CAR_EAG,Undefined,7,Top,1,1,1,Slider,Curveball,FoulBallNotFieldable,Undefined,Undefined,Undefined,0,0,NA,73.36461,0.507093,-1.270967,2448.073523,47.399223,07:30:00,5.9766,2.60749,5.40016,-59.36098,-5.74016,-8.2889,1.50519,0.72551,66.92546,-10.285874,-2.748699,0.527033,96.22001,-1.030864,-52.493996,NA,NA,NA,NA,21.97204,16.27724,-47.737845,0.18532,3.7828,-2.58776,-2.48801,50,5.97994,2.66297,-106.39694,-0.95114,4.2644,21.07517,-35.09125,CAR_EAG,CAR_EAG,CarsonNewman,TeamExclusive,Team,20251016-CarsonNewman-Private-1,1af03040-aab0-11f0-b6c6-a366fa88dd2f,71.51813,2.02007,NA,6.43915,NA,NA,NA,NA,NA,NA,ce55f4e9-d602-4b97-9db7-16df456cdcea,2025-10-16,16:49:38,2025-10-16T16:49:38Z,2025-10-16T16:49:38Z,GroundBall,v3,CNE,CNE,NA,"Cochran, Carson",10085797,Right,CAR_EAG,fc80ac30-25e2-4c6b-b846-f5b4bd8ec69d,55.10311,-107.40301,10.53758,5.98536,0.72403,-17.54562,-2.61027,2.45939,2.1322,NA,-0.64108,85.92194,-14.70592,NA,NA,NA,NA,NA,NA,2.02415,-2.83225,-43.77891,NA,NA,NA,NA,NA,NA,3.55237,-111.88475,26.8401,NA,NA,NA,NA,NA,NA,NA,NA,NA,NA,NA,NA,NA,NA,NA,NA,NA,NA,NA,NA,NA,NA,NA,NA,NA,NA,NA,NA,High,High,High,Low,Low,NA,NA,NA,43.859198,69.882947,841.988393,0.343939,07:30:00,-0.931115,0.246613,0.268714,-2.055119,55.457373,9.449374,-0.416397,127.727104,-0.55633,-45.980529,0.55633,-0.719104,0.416397,36.813818,-24.607345,0.719104,-0.719104,-127.727104,24.607345,0.416397,45.980529,-36.813818,-0.416397,0.719104,0.55633,-0.55633,NA,NA,NA,NA,NA,NA,NA,NA,NA,NA,NA,NA
NA,NA,NA,NA,NA,NA,NA,NA,NA,NA,NA,NA,NA,NA,NA,NA,198,2025-10-16,12:50:04,3,4,"Angel, Bransen",1000323260,Right,CAR_EAG,"Kilgore, Tanner",814348,Right,CAR_EAG,Undefined,7,Top,1,1,2,ChangeUp,Changeup,BallCalled,Undefined,Undefined,Undefined,0,0,NA,78.99725,-3.318323,-3.792979,1826.351909,236.948522,02:00:00,6.16454,2.34086,5.62118,-34.11848,11.79524,15.62631,0.21421,0.09804,72.10119,-9.59751,-1.004381,0.487689,NA,NA,NA,NA,NA,NA,NA,NA,NA,NA,NA,-9.06815,7.47378,-2.02703,50,5.85878,6.96466,-114.2008,-7.69878,-11.86792,22.79609,-22.39273,CAR_EAG,CAR_EAG,CarsonNewman,TeamExclusive,Team,20251016-CarsonNewman-Private-1,2a7349d0-aab0-11f0-b6c6-a366fa88dd2f,77.28791,NA,NA,6.89606,NA,NA,NA,NA,NA,NA,ce55f4e9-d602-4b97-9db7-16df456cdcea,2025-10-16,16:50:04,2025-10-16T16:50:04Z,2025-10-16T16:50:04Z,NA,v3,CNE,CNE,NA,"Cochran, Carson",10085797,Right,CAR_EAG,58bbcec8-5863-4309-adc1-c0faf98ba203,54.87935,-115.17067,11.39804,6.16606,-6.74608,-11.19637,-2.33408,7.46958,-5.93396,NA,NA,NA,NA,NA,NA,NA,NA,NA,NA,NA,NA,NA,NA,NA,NA,NA,NA,NA,NA,NA,NA,NA,NA,NA,NA,NA,NA,NA,NA,NA,NA,NA,NA,NA,NA,NA,NA,NA,NA,NA,NA,NA,NA,NA,NA,NA,NA,NA,NA,High,High,High,NA,NA,NA,NA,NA,239.588522,-31.149876,1563.023222,0.855817,02:00:00,0.52925,-0.706888,-0.469259,-93.394633,23.019804,57.296382,-0.600724,172.774236,-0.793108,-5.771139,0.793108,-0.100555,0.600724,37.141396,-36.921753,0.100555,-0.100555,-172.774236,36.921753,0.600724,5.771139,-37.141396,-0.600724,0.100555,0.793108,-0.793108,NA,NA,NA,NA,NA,NA,NA,NA,NA,NA,NA,NA
NA,NA,NA,NA,NA,NA,NA,NA,NA,NA,NA,NA,NA,NA,NA,NA,199,2025-10-16,12:50:28,3,5,"Angel, Bransen",1000323260,Right,CAR_EAG,"Kilgore, Tanner",814348,Right,CAR_EAG,Undefined,7,Top,1,2,2,Slider,Curveball,FoulBallNotFieldable,Undefined,Undefined,Undefined,0,0,NA,74.48612,0.441996,-2.563088,2359.958747,70.085221,08:15:00,5.98656,2.60242,5.20556,-54.60208,-3.13354,-12.73678,1.85252,-0.8712,69.19991,-9.39856,-4.819267,0.516348,81.85699,23.254584,37.2231,4329.31913,83.53813,37.33381,71.56352,289.18689,180.10093,45.671256,3.703828,5.73398,-1.29886,-2.35485,50,5.98581,5.31408,-108.13644,-0.97255,6.81843,18.10544,-33.71855,CAR_EAG,CAR_EAG,CarsonNewman,TeamExclusive,Team,20251016-CarsonNewman-Private-1,38961010-aab0-11f0-b6c6-a366fa88dd2f,72.99816,42.23909,NA,5.28621,NA,NA,NA,0.95283,1.81926,0.87269,ce55f4e9-d602-4b97-9db7-16df456cdcea,2025-10-16,16:50:28,2025-10-16T16:50:28Z,2025-10-16T16:50:28Z,LineDrive,v3,CNE,CNE,NA,"Cochran, Carson",10085797,Right,CAR_EAG,9ebd366b-13b7-42a9-8b1b-55da31c7e7bc,55.29976,-109.02018,9.05272,5.99311,0.67327,-16.85927,-2.60611,4.98127,3.40922,219.100331,0.95275,87.83699,-16.51052,3.66651,-0.78933,0.18248,-0.04943,0.00968,-7.8e-4,1.81972,47.38397,-14.57773,0.23023,0.27448,-0.19998,0.07991,-0.01545,0.00113,0.87283,66.72216,-4.14655,0.31713,-0.0376,0.0427,-0.02086,0.00464,-3.8e-4,NA,NA,NA,NA,NA,NA,NA,NA,NA,NA,NA,NA,NA,NA,NA,NA,NA,NA,NA,NA,NA,NA,High,High,High,High,Medium,NA,NA,NA,54.868092,75.020908,609.970382,0.258467,07:45:00,-0.956745,0.218827,0.191714,12.949415,44.82167,17.860301,-0.385991,127.32762,-0.55938,-47.185414,0.55938,-0.733557,0.385991,34.606972,-22.705253,0.733557,-0.733557,-127.32762,22.705253,0.385991,47.185414,-34.606972,-0.385991,0.733557,0.55938,-0.55938,NA,NA,NA,NA,NA,NA,NA,NA,NA,NA,NA,NA
NA,NA,NA,NA,NA,NA,NA,NA,NA,NA,NA,NA,NA,NA,NA,NA,200,2025-10-16,12:51:06,3,6,"Angel, Bransen",1000323260,Right,CAR_EAG,"Kilgore, Tanner",814348,Right,CAR_EAG,Undefined,7,Top,1,2,2,Fastball,Four-Seam,InPlay,Undefined,Popup,Out,1,0,NA,84.92098,-0.817072,-3.402792,1989.621077,215.935141,01:15:00,6.34116,2.24664,5.8684,-20.03729,19.92615,13.26079,3.91098,0.18698,75.4297,-4.686113,-1.029578,0.454991,66.96151,70.320477,27.032529,NA,NA,NA,NA,NA,29.82005,NA,NA,-8.00489,10.923,-1.97843,50,6.26364,6.75159,-122.79526,-2.29287,-11.86673,30.90755,-15.98143,CAR_EAG,CAR_EAG,CarsonNewman,TeamExclusive,Team,20251016-CarsonNewman-Private-1,4fa40280-aab0-11f0-b6c6-a366fa88dd2f,82.84215,83.55783,NA,9.49128,NA,NA,NA,1.09354,3.57799,-0.08365,ce55f4e9-d602-4b97-9db7-16df456cdcea,2025-10-16,16:51:06,2025-10-16T16:51:06Z,2025-10-16T16:51:06Z,NA,v3,CNE,CNE,NA,"Cochran, Carson",10085797,Right,CAR_EAG,78997d89-399c-42a0-8c30-8f602aa930c2,54.62901,-123.95491,15.45378,6.33842,-1.69325,-7.99072,-2.2401,7.19683,-5.93336,186.543073,1.09355,29.46049,-10.78501,3.67893,-1.9454,2.57183,-2.46549,1.22509,-0.24488,3.57799,92.47353,-23.8352,2.24982,-0.02101,-0.70724,0.76943,-0.39341,0.07962,-0.08365,15.03168,-2.50848,0.6745,-0.25822,0.29839,-0.28066,0.13867,-0.02764,NA,NA,NA,NA,NA,NA,NA,NA,NA,NA,NA,NA,NA,NA,NA,NA,NA,NA,NA,NA,NA,NA,High,High,High,High,Undefined,NA,NA,NA,214.3536,-12.542951,1942.135747,0.976133,01:15:00,0.176775,-0.547678,-0.817802,-29.168071,-25.582868,8.760471,0.116982,164.148738,-0.955369,15.739595,0.955369,-0.271266,-0.116982,6.980925,6.717942,0.271266,0.271266,-164.148738,-6.717942,0.116982,-15.739595,-6.980925,-0.116982,-0.271266,0.955369,-0.955369,NA,NA,NA,NA,NA,NA,NA,NA,NA,NA,NA,NA
NA,NA,NA,NA,NA,NA,NA,NA,NA,NA,NA,NA,NA,NA,NA,NA,201,2025-10-16,12:51:38,4,1,"Angel, Bransen",1000323260,Right,CAR_EAG,"Soto Diaz, Bradley",1000475324,Right,CAR_EAG,Undefined,7,Top,2,0,0,Slider,Curveball,BallCalled,Undefined,Undefined,Undefined,0,0,NA,73.62807,2.82388,-1.920804,2205.22853,70.305174,08:15:00,6.02228,2.63517,5.08505,-56.41456,-2.03099,-11.32075,3.98656,-0.11948,66.22732,-7.462481,-3.918853,0.530769,NA,NA,NA,NA,NA,NA,NA,NA,NA,NA,NA,4.89583,-1.2785,-2.44411,50,6.24634,4.02233,-106.42596,3.35685,5.49616,21.8735,-33.60934,CAR_EAG,CAR_EAG,CarsonNewman,TeamExclusive,Team,20251016-CarsonNewman-Private-1,6238c8e0-aab0-11f0-b6c6-a366fa88dd2f,71.01483,NA,NA,7.40075,NA,NA,NA,NA,NA,NA,ce55f4e9-d602-4b97-9db7-16df456cdcea,2025-10-16,16:51:38,2025-10-16T16:51:38Z,2025-10-16T16:51:38Z,NA,v3,CNE,CNE,NA,"Cochran, Carson",10085797,Right,CAR_EAG,ace54aa3-895c-4f4a-b3b4-5e334788a50e,55.41348,-107.53282,10.93675,6.03344,5.05759,-16.80467,-2.64062,3.74421,2.74808,NA,NA,NA,NA,NA,NA,NA,NA,NA,NA,NA,NA,NA,NA,NA,NA,NA,NA,NA,NA,NA,NA,NA,NA,NA,NA,NA,NA,NA,NA,NA,NA,NA,NA,NA,NA,NA,NA,NA,NA,NA,NA,NA,NA,NA,NA,NA,NA,NA,NA,High,High,High,NA,NA,NA,NA,NA,54.524887,74.624449,584.70465,0.265145,07:45:00,-0.946707,0.263166,0.185713,23.878036,39.481094,25.197018,-0.452749,128.982765,-0.560917,-43.876122,0.560917,-0.693101,0.452749,38.90904,-26.92022,0.693101,-0.693101,-128.982765,26.92022,0.452749,43.876122,-38.90904,-0.452749,0.693101,0.560917,-0.560917,NA,NA,NA,NA,NA,NA,NA,NA,NA,NA,NA,NA
NA,NA,NA,NA,NA,NA,NA,NA,NA,NA,NA,NA,NA,NA,NA,NA,202,2025-10-16,12:51:54,4,2,"Angel, Bransen",1000323260,Right,CAR_EAG,"Soto Diaz, Bradley",1000475324,Right,CAR_EAG,Undefined,7,Top,2,1,0,Fastball,Four-Seam,BallCalled,Undefined,Undefined,Undefined,0,0,NA,85.19181,-0.552415,-3.133952,1945.486358,200.282426,12:45:00,6.27806,2.12977,5.52207,-18.50418,21.42474,7.35146,4.21876,-0.19075,76.18512,-4.107917,-1.826948,0.454794,NA,NA,NA,NA,NA,NA,NA,NA,NA,NA,NA,-4.71599,11.37221,-1.86155,50,6.21799,6.41928,-123.19193,-1.69972,-7.10168,29.05844,-15.04894,CAR_EAG,CAR_EAG,CarsonNewman,TeamExclusive,Team,20251016-CarsonNewman-Private-1,6bcf9e60-aab0-11f0-b6c6-a366fa88dd2f,82.87798,NA,NA,9.0067,NA,NA,NA,NA,NA,NA,ce55f4e9-d602-4b97-9db7-16df456cdcea,2025-10-16,16:51:54,2025-10-16T16:51:54Z,2025-10-16T16:51:54Z,NA,v3,CNE,CNE,NA,"Cochran, Carson",10085797,Right,CAR_EAG,40ef4fb1-417d-4705-943d-ebae015ac065,54.97318,-124.35946,14.52922,6.27413,-1.09507,-7.52447,-2.1252,6.70462,-3.55084,NA,NA,NA,NA,NA,NA,NA,NA,NA,NA,NA,NA,NA,NA,NA,NA,NA,NA,NA,NA,NA,NA,NA,NA,NA,NA,NA,NA,NA,NA,NA,NA,NA,NA,NA,NA,NA,NA,NA,NA,NA,NA,NA,NA,NA,NA,NA,NA,NA,NA,High,High,High,NA,NA,NA,NA,NA,211.884439,-3.865876,1941.059618,0.997725,01:00:00,0.026075,-0.526331,-0.84988,-29.554386,-14.461065,15.920299,0.055215,160.837596,-0.943151,19.132034,0.943151,-0.327746,-0.055215,3.350453,3.165199,0.327746,0.327746,-160.837596,-3.165199,0.055215,-19.132034,-3.350453,-0.055215,-0.327746,0.943151,-0.943151,NA,NA,NA,NA,NA,NA,NA,NA,NA,NA,NA,NA
NA,NA,NA,NA,NA,NA,NA,NA,NA,NA,NA,NA,NA,NA,NA,NA,203,2025-10-16,12:52:47,4,3,"Angel, Bransen",1000323260,Right,CAR_EAG,"Soto Diaz, Bradley",1000475324,Right,CAR_EAG,Undefined,7,Top,2,2,0,Fastball,Four-Seam,StrikeCalled,Undefined,Undefined,Undefined,0,0,NA,84.76065,-1.509449,-4.069394,2120.276604,200.569818,12:45:00,6.23664,2.395,5.79933,-20.55501,19.89422,6.82882,3.11583,-0.82746,75.12526,-5.466011,-2.850882,0.457748,NA,NA,NA,NA,NA,NA,NA,NA,NA,NA,NA,-4.94099,11.12174,-2.06379,50,6.10028,8.40813,-122.32146,-3.78506,-7.25141,31.17257,-15.85168,CAR_EAG,CAR_EAG,CarsonNewman,TeamExclusive,Team,20251016-CarsonNewman-Private-1,8be1ea50-aab0-11f0-b6c6-a366fa88dd2f,82.34318,NA,NA,9.6354,NA,NA,NA,NA,NA,NA,ce55f4e9-d602-4b97-9db7-16df456cdcea,2025-10-16,16:52:47,2025-10-16T16:52:47Z,2025-10-16T16:52:47Z,NA,v3,CNE,CNE,NA,"Cochran, Carson",10085797,Right,CAR_EAG,6990d88a-d8fe-4acb-b3a1-1e3801cc46d6,54.69419,-123.51194,15.58628,6.23327,-3.17969,-7.92584,-2.39019,8.68506,-3.62571,NA,NA,NA,NA,NA,NA,NA,NA,NA,NA,NA,NA,NA,NA,NA,NA,NA,NA,NA,NA,NA,NA,NA,NA,NA,NA,NA,NA,NA,NA,NA,NA,NA,NA,NA,NA,NA,NA,NA,NA,NA,NA,NA,NA,NA,NA,NA,NA,NA,NA,High,High,High,NA,NA,NA,NA,NA,212.075957,-3.159699,2117.053319,0.99848,01:00:00,0.008853,-0.5286,-0.848825,-23.306422,-20.676999,10.472847,0.176766,157.196258,-0.907322,22.424929,0.907322,-0.381473,-0.176766,11.024367,10.181441,0.381473,0.381473,-157.196258,-10.181441,0.176766,-22.424929,-11.024367,-0.176766,-0.381473,0.907322,-0.907322,NA,NA,NA,NA,NA,NA,NA,NA,NA,NA,NA,NA
NA,NA,NA,NA,NA,NA,NA,NA,NA,NA,NA,NA,NA,NA,NA,NA,204,2025-10-16,12:53:04,4,4,"Angel, Bransen",1000323260,Right,CAR_EAG,"Soto Diaz, Bradley",1000475324,Right,CAR_EAG,Undefined,7,Top,2,2,1,Slider,Curveball,BallCalled,Undefined,Undefined,Undefined,0,0,NA,73.21309,0.552828,-0.904887,2268.518546,31.257599,07:00:00,6.10242,2.5423,5.15541,-61.80177,-6.69752,-5.38929,1.47279,1.24127,65.89708,-10.672776,-1.862021,0.534274,NA,NA,NA,NA,NA,NA,NA,NA,NA,NA,NA,2.34221,-2.88055,-2.45343,50,6.10708,1.8823,-105.95417,-1.03471,2.58227,23.18763,-35.34987,CAR_EAG,CAR_EAG,CarsonNewman,TeamExclusive,Team,20251016-CarsonNewman-Private-1,9620bfa0-aab0-11f0-b6c6-a366fa88dd2f,70.5489,NA,NA,7.31602,NA,NA,NA,NA,NA,NA,ce55f4e9-d602-4b97-9db7-16df456cdcea,2025-10-16,16:53:04,2025-10-16T16:53:04Z,2025-10-16T16:53:04Z,NA,v3,CNE,CNE,NA,"Cochran, Carson",10085797,Right,CAR_EAG,418ccabe-c10a-4347-87fa-6d70d5b4f01e,55.34442,-107.11739,11.59382,6.1145,0.73864,-17.67493,-2.5446,1.75276,1.29114,NA,NA,NA,NA,NA,NA,NA,NA,NA,NA,NA,NA,NA,NA,NA,NA,NA,NA,NA,NA,NA,NA,NA,NA,NA,NA,NA,NA,NA,NA,NA,NA,NA,NA,NA,NA,NA,NA,NA,NA,NA,NA,NA,NA,NA,NA,NA,NA,NA,NA,High,High,High,NA,NA,NA,NA,NA,72.011123,80.157541,387.779857,0.17094,08:30:00,-0.982711,0.172082,0.06832,27.522226,40.306309,23.809926,-0.267535,135.354052,-0.685529,-42.618082,0.685529,-0.677108,0.267535,21.318757,-15.517638,0.677108,-0.677108,-135.354052,15.517638,0.267535,42.618082,-21.318757,-0.267535,0.677108,0.685529,-0.685529,NA,NA,NA,NA,NA,NA,NA,NA,NA,NA,NA,NA
NA,NA,NA,NA,NA,NA,NA,NA,NA,NA,NA,NA,NA,NA,NA,NA,205,2025-10-16,12:53:22,4,5,"Angel, Bransen",1000323260,Right,CAR_EAG,"Soto Diaz, Bradley",1000475324,Right,CAR_EAG,Undefined,7,Top,2,3,1,Fastball,Four-Seam,BallCalled,Walk,Undefined,Undefined,0,0,NA,84.61041,-3.107988,-3.796202,2034.244214,186.970246,12:15:00,6.246,2.02193,5.68026,-20.31875,20.06773,2.26181,1.6462,-1.3337,76.01375,-6.96534,-3.393326,0.457393,NA,NA,NA,NA,NA,NA,NA,NA,NA,NA,NA,-2.41358,11.64847,-1.70287,50,5.97079,8.00751,-122.13793,-7.21865,-3.57345,28.51355,-14.92789,CAR_EAG,CAR_EAG,CarsonNewman,TeamExclusive,Team,20251016-CarsonNewman-Private-1,a062f050-aab0-11f0-b6c6-a366fa88dd2f,82.40714,NA,NA,8.59666,NA,NA,NA,NA,NA,NA,ce55f4e9-d602-4b97-9db7-16df456cdcea,2025-10-16,16:53:22,2025-10-16T16:53:22Z,2025-10-16T16:53:22Z,NA,v3,CNE,CNE,NA,"Cochran, Carson",10085797,Right,CAR_EAG,49ec52aa-aecf-4b2c-968c-ffd1371a91ce,54.81546,-123.25699,14.25678,6.2426,-6.63278,-7.46394,-2.01989,8.14776,-1.78673,NA,NA,NA,NA,NA,NA,NA,NA,NA,NA,NA,NA,NA,NA,NA,NA,NA,NA,NA,NA,NA,NA,NA,NA,NA,NA,NA,NA,NA,NA,NA,NA,NA,NA,NA,NA,NA,NA,NA,NA,NA,NA,NA,NA,NA,NA,NA,NA,NA,NA,High,High,High,NA,NA,NA,NA,NA,209.89388,-2.002312,2033.002142,0.999389,01:00:00,0.004394,-0.495464,-0.868617,-24.999877,-18.786403,19.042646,0.099846,154.461748,-0.897789,25.401531,0.897789,-0.428959,-0.099846,6.345981,5.730311,0.428959,0.428959,-154.461748,-5.730311,0.099846,-25.401531,-6.345981,-0.099846,-0.428959,0.897789,-0.897789,NA,NA,NA,NA,NA,NA,NA,NA,NA,NA,NA,NA
NA,NA,NA,NA,NA,NA,NA,NA,NA,NA,NA,NA,NA,NA,NA,NA,206,2025-10-16,12:55:56,5,1,"Roberts, Braxton",10050666,Right,CAR_EAG,"Mutter, Evan",1000300074,Right,CAR_EAG,Undefined,7,Top,2,0,0,Fastball,Changeup,InPlay,Undefined,FlyBall,Out,1,0,NA,82.29422,-1.663973,-3.025459,1676.604754,208.89281,01:00:00,6.24095,1.71722,5.26553,-27.35214,15.85233,7.83059,2.39573,-0.47519,73.92062,-6.765403,-1.638388,0.473081,86.84831,28.324982,-2.904088,2797.000074,109.98142,50.39326,-1.99472,332.36314,329.97385,1.893899,4.333242,-4.94311,8.95563,-1.44614,50,6.06895,5.95577,-118.966,-4.3476,-6.93987,27.15596,-19.60079,CAR_EAG,CAR_EAG,CarsonNewman,TeamExclusive,Team,20251016-CarsonNewman-Private-1,fc1f96a0-aab0-11f0-b6c6-a366fa88dd2f,79.67432,62.92648,NA,8.3736,NA,NA,NA,1.88459,2.56572,0.49766,ce55f4e9-d602-4b97-9db7-16df456cdcea,2025-10-16,16:55:56,2025-10-16T16:55:56Z,2025-10-16T16:55:56Z,FlyBall,v3,CNE,CNE,NA,"Cochran, Carson",10085797,Right,CAR_EAG,bf81b061-1a22-46b9-afce-70db474e6da3,55.23277,-120.15453,13.57798,6.24046,-3.48974,-9.8004,-1.71345,6.25951,-3.46993,199.741575,1.88466,111.98408,-16.80688,3.83433,-0.87803,0.22825,-0.05407,0.00795,-4.9e-4,2.56617,60.42024,-16.50954,0.68551,0.19226,-0.18823,0.06334,-0.00985,5.9e-4,0.4976,-5.6799,3.91149,-0.92054,0.21196,-0.05401,0.01239,-0.00178,1.1e-4,NA,NA,NA,NA,NA,NA,NA,NA,NA,NA,NA,NA,NA,NA,NA,NA,NA,NA,NA,NA,NA,NA,High,High,High,High,Medium,NA,NA,NA,221.168707,-18.928535,1585.940547,0.945924,01:15:00,0.304273,-0.612999,-0.729143,-33.581919,-10.947141,-6.923103,-0.041146,166.684732,-0.972293,-13.303784,0.972293,-0.230114,0.041146,2.423199,-2.358132,0.230114,-0.230114,-166.684732,2.358132,0.041146,13.303784,-2.423199,-0.041146,0.230114,0.972293,-0.972293,NA,NA,NA,NA,NA,NA,NA,NA,NA,NA,NA,NA
NA,NA,NA,NA,NA,NA,NA,NA,NA,NA,NA,NA,NA,NA,NA,NA,207,2025-10-16,12:58:27,1,1,"Wilson, Alec",10092217,Right,CAR_EAG,"Bolton, Ryan",1000215919,Right,CAR_EAG,Undefined,7,Bottom,0,0,0,Slider,Curveball,BallCalled,Undefined,Undefined,Undefined,0,0,NA,71.47874,0.444596,-0.589347,1985.06445,58.12906,08:00:00,5.98278,2.3241,5.55385,-59.08306,-2.82154,-7.79241,1.47467,1.12401,65.07795,-10.352069,-1.982897,0.539855,NA,NA,NA,NA,NA,NA,NA,NA,NA,NA,NA,3.7411,-0.9752,-2.26785,50,5.98247,1.34427,-103.65894,-0.99353,3.99596,20.28921,-33.21566,CAR_EAG,CAR_EAG,CarsonNewman,TeamExclusive,Team,20251016-CarsonNewman-Private-1,568d4ec0-aab1-11f0-b6c6-a366fa88dd2f,69.81954,NA,NA,6.40079,NA,NA,NA,NA,NA,NA,ce55f4e9-d602-4b97-9db7-16df456cdcea,2025-10-16,16:58:27,2025-10-16T16:58:27Z,2025-10-16T16:58:27Z,NA,v3,CNE,CNE,NA,"Rogers, Jacob",1000215913,Right,CAR_EAG,ca1ac42b-252e-4335-bd9f-386967687c38,54.9475,-104.62283,10.1446,5.99219,0.58447,-16.60783,-2.32721,1.15444,1.99798,NA,NA,NA,NA,NA,NA,NA,NA,NA,NA,NA,NA,NA,NA,NA,NA,NA,NA,NA,NA,NA,NA,NA,NA,NA,NA,NA,NA,NA,NA,NA,NA,NA,NA,NA,NA,NA,NA,NA,NA,NA,NA,NA,NA,NA,NA,NA,NA,NA,NA,High,High,High,NA,NA,NA,NA,NA,42.468429,61.96281,933.068776,0.470045,07:30:00,-0.876541,0.324206,0.355763,-15.044441,1.78075,16.927659,-0.754533,135.464423,-0.467794,-27.40458,0.467794,-0.460271,0.754533,58.202015,-48.98458,0.460271,-0.460271,-135.464423,48.98458,0.754533,27.40458,-58.202015,-0.754533,0.460271,0.467794,-0.467794,NA,NA,NA,NA,NA,NA,NA,NA,NA,NA,NA,NA
NA,NA,NA,NA,NA,NA,NA,NA,NA,NA,NA,NA,NA,NA,NA,NA,208,2025-10-16,12:58:42,1,2,"Wilson, Alec",10092217,Right,CAR_EAG,"Bolton, Ryan",1000215919,Right,CAR_EAG,Undefined,7,Bottom,0,1,0,Slider,Curveball,StrikeCalled,Undefined,Undefined,Undefined,0,0,NA,71.78074,1.091743,-0.552908,1912.057452,66.554047,08:15:00,5.96213,2.25947,5.42749,-62.78059,-6.39906,-19.59143,1.75316,0.10896,65.04858,-10.351873,-4.046981,0.54043,NA,NA,NA,NA,NA,NA,NA,NA,NA,NA,NA,9.59174,-2.90343,-2.1967,50,6.01613,1.73025,-104.03162,-9.8e-4,10.25453,21.43006,-35.27812,CAR_EAG,CAR_EAG,CarsonNewman,TeamExclusive,Team,20251016-CarsonNewman-Private-1,5f9ea090-aab1-11f0-b6c6-a366fa88dd2f,69.74523,NA,NA,6.73216,NA,NA,NA,NA,NA,NA,ce55f4e9-d602-4b97-9db7-16df456cdcea,2025-10-16,16:58:42,2025-10-16T16:58:42Z,2025-10-16T16:58:42Z,NA,v3,CNE,CNE,NA,"Rogers, Jacob",1000215913,Right,CAR_EAG,49971927-a245-4656-a02b-da78ac6528b6,55.07448,-105.07175,10.71503,5.97462,1.71127,-17.63906,-2.2686,1.23254,5.12726,NA,NA,NA,NA,NA,NA,NA,NA,NA,NA,NA,NA,NA,NA,NA,NA,NA,NA,NA,NA,NA,NA,NA,NA,NA,NA,NA,NA,NA,NA,NA,NA,NA,NA,NA,NA,NA,NA,NA,NA,NA,NA,NA,NA,NA,NA,NA,NA,NA,NA,High,High,High,NA,NA,NA,NA,NA,42.35994,60.389682,944.744592,0.494098,07:30:00,-0.859342,0.349421,0.373412,-9.928566,5.376027,11.263102,-0.805944,130.30248,-0.382914,-26.838481,0.382914,-0.451477,0.805944,64.587032,-53.701511000000004,0.451477,-0.451477,-130.30248,53.701511000000004,0.805944,26.838481,-64.587032,-0.805944,0.451477,0.382914,-0.382914,NA,NA,NA,NA,NA,NA,NA,NA,NA,NA,NA,NA
NA,NA,NA,NA,NA,NA,NA,NA,NA,NA,NA,NA,NA,NA,NA,NA,209,2025-10-16,12:58:59,1,3,"Wilson, Alec",10092217,Right,CAR_EAG,"Bolton, Ryan",1000215919,Right,CAR_EAG,Undefined,7,Bottom,0,1,1,Fastball,Four-Seam,StrikeCalled,Undefined,Undefined,Undefined,0,0,NA,83.56428,-0.889741,-3.500537,2010.213362,201.606709,12:45:00,6.18869,1.96286,5.70626,-22.86198,18.33123,6.63945,3.45287,-0.74963,74.94351,-5.231342,-2.316556,0.461938,NA,NA,NA,NA,NA,NA,NA,NA,NA,NA,NA,-4.51461,10.03485,-1.6731,50,6.10012,7.11366,-120.85365,-2.54199,-6.54792,27.79839,-17.61967,CAR_EAG,CAR_EAG,CarsonNewman,TeamExclusive,Team,20251016-CarsonNewman-Private-1,69642730-aab1-11f0-b6c6-a366fa88dd2f,81.59624,NA,NA,8.62076,NA,NA,NA,NA,NA,NA,ce55f4e9-d602-4b97-9db7-16df456cdcea,2025-10-16,16:58:59,2025-10-16T16:58:59Z,2025-10-16T16:58:59Z,NA,v3,CNE,CNE,NA,"Rogers, Jacob",1000215913,Right,CAR_EAG,34700556-9e09-472c-8ae0-0ca079fca2c6,54.7901,-121.95048,13.8992,6.1867,-1.84678,-8.80984,-1.9588699999999999,7.37201,-3.27396,NA,NA,NA,NA,NA,NA,NA,NA,NA,NA,NA,NA,NA,NA,NA,NA,NA,NA,NA,NA,NA,NA,NA,NA,NA,NA,NA,NA,NA,NA,NA,NA,NA,NA,NA,NA,NA,NA,NA,NA,NA,NA,NA,NA,NA,NA,NA,NA,NA,NA,High,High,High,NA,NA,NA,NA,NA,216.858653,21.442385,1871.07773,0.930786,01:15:00,-0.401658,-0.563935,-0.72156,-25.796701,38.361185,14.943342,-0.006681,178.334926,-0.999555,-1.665037,0.999555,-0.029056,0.006681,0.382986,-0.382824,0.029056,-0.029056,-178.334926,0.382824,0.006681,1.665037,-0.382986,-0.006681,0.029056,0.999555,-0.999555,NA,NA,NA,NA,NA,NA,NA,NA,NA,NA,NA,NA
NA,NA,NA,NA,NA,NA,NA,NA,NA,NA,NA,NA,NA,NA,NA,NA,210,2025-10-16,12:59:18,1,4,"Wilson, Alec",10092217,Right,CAR_EAG,"Bolton, Ryan",1000215919,Right,CAR_EAG,Undefined,7,Bottom,0,1,2,Slider,Curveball,InPlay,Undefined,GroundBall,Single,0,0,NA,71.94833,1.324392,-1.278988,2046.7012,35.952723,07:15:00,5.9966,2.07129,5.46645,-64.22322,-9.09764,-7.88323,1.88478,0.21708,66.20317,-10.332134,-2.685764,0.534377,80.66206,-36.375065,-24.009507,NA,NA,NA,NA,4.1489,4.1489,-17.988976,0.027213,3.60914,-4.51173,-1.95307,50,6.0689,2.61213,-104.45421,0.40383,3.95852,18.78662,-37.12255,CAR_EAG,CAR_EAG,CarsonNewman,TeamExclusive,Team,20251016-CarsonNewman-Private-1,74e51970-aab1-11f0-b6c6-a366fa88dd2f,70.53525,1.91332,NA,5.74516,NA,NA,NA,1.5733,1.91332,-0.22442,ce55f4e9-d602-4b97-9db7-16df456cdcea,2025-10-16,16:59:18,2025-10-16T16:59:18Z,2025-10-16T16:59:18Z,GroundBall,v3,CNE,CNE,NA,"Rogers, Jacob",1000215913,Right,CAR_EAG,2d1cbe04-eb1b-4c77-b61e-91a243f34ffa,55.03874,-105.35656,9.39331,6.00668,2.18687,-18.56128,-2.07397,2.422,1.97926,NA,1.57251,87.19377,NA,NA,NA,NA,NA,NA,NA,1.91396,-70.30957,NA,NA,NA,NA,NA,NA,NA,-0.22406,-38.83851,NA,NA,NA,NA,NA,NA,NA,NA,NA,NA,NA,NA,NA,NA,NA,NA,NA,NA,NA,NA,NA,NA,NA,NA,NA,NA,NA,NA,NA,High,High,High,Estimated,Estimated,NA,NA,NA,35.336298,54.569481,1186.503937,0.579715,07:15:00,-0.796095,0.354036,0.490807,-9.354915,8.060038,15.025384,-0.739418,134.845664,-0.474773,-28.511659,0.474773,-0.477338,0.739418,57.295899,-47.681893,0.477338,-0.477338,-134.845664,47.681893,0.739418,28.511659,-57.295899,-0.739418,0.477338,0.474773,-0.474773,NA,NA,NA,NA,NA,NA,NA,NA,NA,NA,NA,NA
NA,NA,NA,NA,NA,NA,NA,NA,NA,NA,NA,NA,NA,NA,NA,NA,211,2025-10-16,13:00:05,2,1,"Wilson, Alec",10092217,Right,CAR_EAG,"Pierce, Johno",10069844,Right,CAR_EAG,Undefined,7,Bottom,0,0,0,Fastball,Changeup,BallCalled,Undefined,Undefined,Undefined,0,0,NA,82.70521,-2.476045,-3.620194,1790.939459,199.969293,12:45:00,6.20962,2.00947,5.77566,-24.61143,17.20308,5.69083,1.8485,-0.8896,74.74414,-7.104585,-2.603664,0.465409,NA,NA,NA,NA,NA,NA,NA,NA,NA,NA,NA,-4.03701,9.99642,-1.71333,50,5.98991,7.33316,-119.58129,-5.90302,-5.76144,26.15548,-17.90755,CAR_EAG,CAR_EAG,CarsonNewman,TeamExclusive,Team,20251016-CarsonNewman-Private-1,90f82440-aab1-11f0-b6c6-a366fa88dd2f,80.98775,NA,NA,7.96107,NA,NA,NA,NA,NA,NA,ce55f4e9-d602-4b97-9db7-16df456cdcea,2025-10-16,17:00:05,2025-10-16T17:00:05Z,2025-10-16T17:00:05Z,NA,v3,CNE,CNE,NA,"Rogers, Jacob",1000215913,Right,CAR_EAG,1d555564-c31c-4161-aa7c-2144547904ae,54.72168,-120.60962,13.07774,6.20815,-5.19897,-8.95378,-2.0061,7.55968,-2.88072,NA,NA,NA,NA,NA,NA,NA,NA,NA,NA,NA,NA,NA,NA,NA,NA,NA,NA,NA,NA,NA,NA,NA,NA,NA,NA,NA,NA,NA,NA,NA,NA,NA,NA,NA,NA,NA,NA,NA,NA,NA,NA,NA,NA,NA,NA,NA,NA,NA,NA,High,High,High,NA,NA,NA,NA,NA,214.369827,19.58,1687.377469,0.942174,01:15:00,-0.360314,-0.545869,-0.75644,-9.235191,44.392646,32.554621,-0.108781,174.108362,-0.988815,-5.856553,0.988815,-0.102038,0.108781,6.27793,-6.245032,0.102038,-0.102038,-174.108362,6.245032,0.108781,5.856553,-6.27793,-0.108781,0.102038,0.988815,-0.988815,NA,NA,NA,NA,NA,NA,NA,NA,NA,NA,NA,NA
NA,NA,NA,NA,NA,NA,NA,NA,NA,NA,NA,NA,NA,NA,NA,NA,212,2025-10-16,13:00:22,2,2,"Wilson, Alec",10092217,Right,CAR_EAG,"Pierce, Johno",10069844,Right,CAR_EAG,Undefined,7,Bottom,0,1,0,Fastball,Changeup,StrikeCalled,Undefined,Undefined,Undefined,0,0,NA,83.17846,-2.1090970000000002,-2.802371,1972.49251,199.688266,12:45:00,6.17249,2.06824,5.76265,-23.8519,17.1928,5.63784,2.21847,-0.07244,75.54007,-6.591835,-1.794312,0.461105,NA,NA,NA,NA,NA,NA,NA,NA,NA,NA,NA,-3.70331,9.81166,-1.83926,50,5.98317,5.66608,-120.46558,-5.14834,-5.3948,25.296,-17.88094,CAR_EAG,CAR_EAG,CarsonNewman,TeamExclusive,Team,20251016-CarsonNewman-Private-1,9ab853b0-aab1-11f0-b6c6-a366fa88dd2f,81.74367,NA,NA,7.6384,NA,NA,NA,NA,NA,NA,ce55f4e9-d602-4b97-9db7-16df456cdcea,2025-10-16,17:00:22,2025-10-16T17:00:22Z,2025-10-16T17:00:22Z,NA,v3,CNE,CNE,NA,"Rogers, Jacob",1000215913,Right,CAR_EAG,ff9b09f7-8d06-47c6-a432-c808d79307de,54.73569,-121.45593,12.648,6.17103,-4.44828,-8.94047,-2.06522,5.87729,-2.6974,NA,NA,NA,NA,NA,NA,NA,NA,NA,NA,NA,NA,NA,NA,NA,NA,NA,NA,NA,NA,NA,NA,NA,NA,NA,NA,NA,NA,NA,NA,NA,NA,NA,NA,NA,NA,NA,NA,NA,NA,NA,NA,NA,NA,NA,NA,NA,NA,NA,NA,High,High,High,NA,NA,NA,NA,NA,216.525199,22.338947,1824.460043,0.924952,01:15:00,-0.395478,-0.564124,-0.724818,-19.202519,42.799511,10.066945,-0.175687,172.142959,-0.975204,-7.734079,0.975204,-0.134576,0.175687,10.212527,-10.118644,0.134576,-0.134576,-172.142959,10.118644,0.175687,7.734079,-10.212527,-0.175687,0.134576,0.975204,-0.975204,NA,NA,NA,NA,NA,NA,NA,NA,NA,NA,NA,NA
NA,NA,NA,NA,NA,NA,NA,NA,NA,NA,NA,NA,NA,NA,NA,NA,213,2025-10-16,13:00:39,2,3,"Wilson, Alec",10092217,Right,CAR_EAG,"Pierce, Johno",10069844,Right,CAR_EAG,Undefined,7,Bottom,0,1,1,Slider,Curveball,BallCalled,Undefined,Undefined,Undefined,0,0,NA,71.69757,0.364566,-2.205106,1942.206985,67.555704,08:15:00,5.99465,2.13328,5.65805,-59.4672,-3.36457,-13.20359,1.37931,-1.02455,65.04243,-10.513967,-4.566717,0.539092,NA,NA,NA,NA,NA,NA,NA,NA,NA,NA,NA,5.89654,-1.17067,-1.93812,50,5.98857,4.47157,-103.86387,-1.13384,6.28309,21.3756,-33.42147,CAR_EAG,CAR_EAG,CarsonNewman,TeamExclusive,Team,20251016-CarsonNewman-Private-1,a4f4b800-aab1-11f0-b6c6-a366fa88dd2f,69.91837,NA,NA,6.65514,NA,NA,NA,NA,NA,NA,ce55f4e9-d602-4b97-9db7-16df456cdcea,2025-10-16,17:00:39,2025-10-16T17:00:39Z,2025-10-16T17:00:39Z,NA,v3,CNE,CNE,NA,"Rogers, Jacob",1000215913,Right,CAR_EAG,64464ee2-eb82-441e-9f4a-ae8a35b68753,54.84245,-104.85573,10.6878,6.0052,0.41696,-16.71074,-2.13885,4.18002,3.14155,NA,NA,NA,NA,NA,NA,NA,NA,NA,NA,NA,NA,NA,NA,NA,NA,NA,NA,NA,NA,NA,NA,NA,NA,NA,NA,NA,NA,NA,NA,NA,NA,NA,NA,NA,NA,NA,NA,NA,NA,NA,NA,NA,NA,NA,NA,NA,NA,NA,NA,High,High,High,NA,NA,NA,NA,NA,43.472698,62.58072,894.383422,0.460499,07:30:00,-0.872112,0.322469,0.368013,-20.044791,11.366278,18.609758,-0.781984,130.529729,-0.405046,-28.277954,0.405046,-0.473749,0.781984,62.617139,-51.442629,0.473749,-0.473749,-130.529729,51.442629,0.781984,28.277954,-62.617139,-0.781984,0.473749,0.405046,-0.405046,NA,NA,NA,NA,NA,NA,NA,NA,NA,NA,NA,NA
NA,NA,NA,NA,NA,NA,NA,NA,NA,NA,NA,NA,NA,NA,NA,NA,214,2025-10-16,13:00:59,2,4,"Wilson, Alec",10092217,Right,CAR_EAG,"Pierce, Johno",10069844,Right,CAR_EAG,Undefined,7,Bottom,0,2,1,Slider,Curveball,InPlay,Undefined,FlyBall,Out,1,0,NA,71.944820000000007,1.753631,-1.634598,1966.238344,51.817938,07:45:00,6.03493,2.30109,5.73037,-61.73098,-6.57201,-10.82146,2.52511,-0.1235,65.46386,-9.558291,-3.572442,0.534539,82.25602,31.327471,-9.697317,2936.827205,109.20768,57.34275,-13.17871,300.37087,298.12043,-2.756267,4.442902,5.00067,-3.43792,-2.15778,50,6.14315,3.35143,-104.33871,1.35166,5.41498,20.45659,-35.89677,CAR_EAG,CAR_EAG,CarsonNewman,TeamExclusive,Team,20251016-CarsonNewman-Private-1,b1285870-aab1-11f0-b6c6-a366fa88dd2f,70.51391,67.8809,NA,6.48096,NA,NA,NA,2.16783,2.76438,0.10946,ce55f4e9-d602-4b97-9db7-16df456cdcea,2025-10-16,17:00:59,2025-10-16T17:00:59Z,2025-10-16T17:00:59Z,FlyBall,v3,CNE,CNE,NA,"Rogers, Jacob",1000215913,Right,CAR_EAG,cfa005e5-5b64-4bb8-a91c-c30938ebe5ad,54.77326,-105.27039,10.22829,6.04436,2.98655,-17.94839,-2.3048,3.10481,2.70749,200.774524,2.16865,101.56344,-17.5578,4.21225,-0.784,0.1349,-0.0256,0.00383,-2.5e-4,2.76459,62.7167,-15.92495,0.28122,0.21678,-0.15334,0.05008,-0.00778,4.6e-4,0.10913,-17.3516,7.14785,-1.71206,0.31884,-0.05512,0.01052,-0.00157,1e-4,NA,NA,NA,NA,NA,NA,NA,NA,NA,NA,NA,NA,NA,NA,NA,NA,NA,NA,NA,NA,NA,NA,High,High,High,High,High,NA,NA,NA,37.647877,61.497025,938.297557,0.477204,07:15:00,-0.858329,0.318236,0.402488,-24.628861,17.290137,20.534136,-0.780226,131.264991,-0.412542,-28.045073,0.412542,-0.470166,0.780226,62.132489,-51.281287,0.470166,-0.470166,-131.264991,51.281287,0.780226,28.045073,-62.132489,-0.780226,0.470166,0.412542,-0.412542,NA,NA,NA,NA,NA,NA,NA,NA,NA,NA,NA,NA
NA,NA,NA,NA,NA,NA,NA,NA,NA,NA,NA,NA,NA,NA,NA,NA,215,2025-10-16,13:01:34,3,1,"Wilson, Alec",10092217,Right,CAR_EAG,"Floyd, Logan",1000148156,Right,CAR_EAG,Undefined,7,Bottom,1,0,0,Fastball,Changeup,InPlay,Undefined,LineDrive,Single,0,0,NA,83.0805,-2.504177,-3.487237,1921.842498,197.788406,12:30:00,6.05488,2.13193,6.01206,-23.89348,16.74095,4.93299,1.73801,-0.69169,75.84876,-6.993784,-2.602064,0.458795,84.37896,3.998339,10.787008,1578.563227,NA,NA,NA,85.40879,85.38756,12.898342,0.742274,-3.56563,9.75729,-1.86057,50,5.84479,7.145,-120.34845,-5.95727,-5.20446,24.39873,-17.9321,CAR_EAG,CAR_EAG,CarsonNewman,TeamExclusive,Team,20251016-CarsonNewman-Private-1,c581d940-aab1-11f0-b6c6-a366fa88dd2f,82.15532,3.00877,NA,7.23174,NA,NA,NA,1.32243,1.79393,0.69563,ce55f4e9-d602-4b97-9db7-16df456cdcea,2025-10-16,17:01:34,2025-10-16T17:01:34Z,2025-10-16T17:01:34Z,GroundBall,v3,CNE,CNE,NA,"Rogers, Jacob",1000215913,Right,CAR_EAG,0ce19a14-0d33-4ea6-a338-acd429c116b7,54.48891,-121.25509,12.19937,6.05378,-5.29093,-8.96605,-2.12967,7.33839,-2.60223,254.832128,1.36373,120.51874,-13.80484,NA,NA,NA,NA,NA,NA,1.81085,8.3228,-14.52831,NA,NA,NA,NA,NA,NA,0.68211,23.3545,1.9236,NA,NA,NA,NA,NA,NA,NA,NA,NA,NA,NA,NA,NA,NA,NA,NA,NA,NA,NA,NA,NA,NA,NA,NA,NA,NA,NA,NA,High,High,High,High,High,NA,NA,NA,218.640235,22.017088,1781.686545,0.927072,01:15:00,-0.392631,-0.594717,-0.701536,-32.067939,35.263047,-3.222038,-0.107886,173.5206,-0.987813,-6.441421,0.987813,-0.112187,0.107886,6.232968,-6.193465,0.112187,-0.112187,-173.5206,6.193465,0.107886,6.441421,-6.232968,-0.107886,0.112187,0.987813,-0.987813,NA,NA,NA,NA,NA,NA,NA,NA,NA,NA,NA,NA
NA,NA,NA,NA,NA,NA,NA,NA,NA,NA,NA,NA,NA,NA,NA,NA,216,2025-10-16,13:04:36,4,1,"Butler, Cameron",10110399,Left,CAR_EAG,"Rodriguez, Sebastian",10180804,Right,CAR_EAG,Undefined,7,Bottom,1,0,0,Slider,Curveball,HitByPitch,Undefined,Undefined,Undefined,0,0,NA,72.1853,4.323666,0.679923,1736.283307,302.768478,04:00:00,4.41761,-2.59096,5.2487,-56.74877,-1.56784,5.09721,3.75977,-1.5272,65.92022,-6.014988,1.582285,0.534646,NA,NA,NA,NA,NA,NA,NA,NA,NA,NA,NA,-2.37866,-1.58264,2.52446,50,4.77266,-1.42555,-104.52935,6.10773,-2.63049,17.70053,-33.92425,CAR_EAG,CAR_EAG,CarsonNewman,TeamExclusive,Team,20251016-CarsonNewman-Private-1,325ea750-aab2-11f0-b6c6-a366fa88dd2f,70.49985,NA,NA,6.26508,NA,NA,NA,NA,NA,NA,ce55f4e9-d602-4b97-9db7-16df456cdcea,2025-10-16,17:04:36,2025-10-16T17:04:36Z,2025-10-16T17:04:36Z,NA,v3,CNE,CNE,NA,"Rogers, Jacob",1000215913,Right,CAR_EAG,d250f677-d07e-42be-b5bb-31f968261597,55.25532,-105.41551,8.85027,4.42437,7.80611,-16.96212,2.59253,-1.29386,-1.31525,NA,NA,NA,NA,NA,NA,NA,NA,NA,NA,NA,NA,NA,NA,NA,NA,NA,NA,NA,NA,NA,NA,NA,NA,NA,NA,NA,NA,NA,NA,NA,NA,NA,NA,NA,NA,NA,NA,NA,NA,NA,NA,NA,NA,NA,NA,NA,NA,NA,NA,High,High,High,NA,NA,NA,NA,NA,284.303102,-78.501585,346.112151,0.199341,03:30:00,0.961927,-0.26649,0.060667,71.287347,17.25192,6.510418,0.865807,157.073195,-0.46085,11.240339,0.46085,-0.194925,-0.865807,61.974583,59.974946,0.194925,0.194925,-157.073195,-59.974946,0.865807,-11.240339,-61.974583,-0.865807,-0.194925,0.46085,-0.46085,NA,NA,NA,NA,NA,NA,NA,NA,NA,NA,NA,NA
NA,NA,NA,NA,NA,NA,NA,NA,NA,NA,NA,NA,NA,NA,NA,NA,217,2025-10-16,13:05:12,5,1,"Butler, Cameron",10110399,Left,CAR_EAG,"Hornbuckle, Kylan",1000106804,Right,CAR_EAG,Undefined,7,Bottom,1,0,0,ChangeUp,Changeup,BallCalled,Undefined,Undefined,Undefined,0,0,NA,73.84208,0.752502,2.792188,1204.553134,81.184181,08:45:00,4.75049,-2.53611,5.46959,-53.74719,-1.17158,-19.15245,0.97671,-1.51685,67.38798,-9.065585,-0.621104,0.521872,NA,NA,NA,NA,NA,NA,NA,NA,NA,NA,NA,10.43709,-0.22614,2.30352,50,4.78041,-4.49863,-107.04532,-0.30895,11.99388,20.13645,-32.4339,CAR_EAG,CAR_EAG,CarsonNewman,TeamExclusive,Team,20251016-CarsonNewman-Private-1,47eefa70-aab2-11f0-b6c6-a366fa88dd2f,72.22552,NA,NA,6.45411,NA,NA,NA,NA,NA,NA,ce55f4e9-d602-4b97-9db7-16df456cdcea,2025-10-16,17:05:12,2025-10-16T17:05:12Z,2025-10-16T17:05:12Z,NA,v3,CNE,CNE,NA,"Rogers, Jacob",1000215913,Right,CAR_EAG,bddeb3e0-08e0-410c-93e3-fd8e047b1a5e,55.03282,-107.9879,10.06822,4.75934,1.20927,-16.21695,2.52724,-5.06006,5.99694,NA,NA,NA,NA,NA,NA,NA,NA,NA,NA,NA,NA,NA,NA,NA,NA,NA,NA,NA,NA,NA,NA,NA,NA,NA,NA,NA,NA,NA,NA,NA,NA,NA,NA,NA,NA,NA,NA,NA,NA,NA,NA,NA,NA,NA,NA,NA,NA,NA,NA,High,High,High,NA,NA,NA,NA,NA,91.95686,10.295958,1185.156999,0.983898,09:00:00,-0.16397,0.985586,-0.041634,80.510392,-29.059219,-86.473933,-0.888861,112.461769,-0.175055,-25.050574,0.175055,-0.423418,0.888861,78.858599,-62.730408,0.423418,-0.423418,-112.461769,62.730408,0.888861,25.050574,-78.858599,-0.888861,0.423418,0.175055,-0.175055,NA,NA,NA,NA,NA,NA,NA,NA,NA,NA,NA,NA
NA,NA,NA,NA,NA,NA,NA,NA,NA,NA,NA,NA,NA,NA,NA,NA,218,2025-10-16,13:05:29,5,2,"Butler, Cameron",10110399,Left,CAR_EAG,"Hornbuckle, Kylan",1000106804,Right,CAR_EAG,Undefined,7,Bottom,1,1,0,ChangeUp,Changeup,BallCalled,Undefined,Undefined,Undefined,0,0,NA,73.99277,2.159122,0.766981,1190.192314,110.69437,09:45:00,4.7848,-2.36936,5.89332,-44.92349,6.62819,-12.88552,3.04707,-2.73096,67.11494,-6.193817,-1.545053,0.516765,NA,NA,NA,NA,NA,NA,NA,NA,NA,NA,NA,6.77414,3.28378,2.31474,50,4.93345,-0.97048,-107.31327,2.74388,7.81755,20.36933,-28.38445,CAR_EAG,CAR_EAG,CarsonNewman,TeamExclusive,Team,20251016-CarsonNewman-Private-1,51f819c0-aab2-11f0-b6c6-a366fa88dd2f,72.93929,NA,NA,6.87782,NA,NA,NA,NA,NA,NA,ce55f4e9-d602-4b97-9db7-16df456cdcea,2025-10-16,17:05:29,2025-10-16T17:05:29Z,2025-10-16T17:05:29Z,NA,v3,CNE,CNE,NA,"Rogers, Jacob",1000215913,Right,CAR_EAG,e633dd79-bacd-4e53-8ec0-a890fc0e419a,54.60605,-108.18403,10.18467,4.79021,3.9572600000000002,-14.19222,2.36337,-1.30466,3.90877,NA,NA,NA,NA,NA,NA,NA,NA,NA,NA,NA,NA,NA,NA,NA,NA,NA,NA,NA,NA,NA,NA,NA,NA,NA,NA,NA,NA,NA,NA,NA,NA,NA,NA,NA,NA,NA,NA,NA,NA,NA,NA,NA,NA,NA,NA,NA,NA,NA,NA,High,High,High,NA,NA,NA,NA,NA,99.32739,2.669413,1188.900813,0.998915,09:15:00,-0.007236,0.986762,-0.162011,-69.979483,30.823405,87.345315,-0.929287,118.205314,-0.174571,-18.995903,0.174571,-0.325501,0.929287,79.360726,-68.323953,0.325501,-0.325501,-118.205314,68.323953,0.929287,18.995903,-79.360726,-0.929287,0.325501,0.174571,-0.174571,NA,NA,NA,NA,NA,NA,NA,NA,NA,NA,NA,NA
NA,NA,NA,NA,NA,NA,NA,NA,NA,NA,NA,NA,NA,NA,NA,NA,219,2025-10-16,13:05:52,5,3,"Butler, Cameron",10110399,Left,CAR_EAG,"Hornbuckle, Kylan",1000106804,Right,CAR_EAG,Undefined,7,Bottom,1,2,0,Fastball,Changeup,BallCalled,Undefined,Undefined,Undefined,0,0,NA,79.62767,2.792957,1.779407,1523.759895,94.269493,09:15:00,4.30978,-2.46646,5.89147,-41.78246,2.43209,-13.82682,3.4246,-1.96591,72.57702,-4.941815,-0.699492,0.478579,NA,NA,NA,NA,NA,NA,NA,NA,NA,NA,NA,7.55237,0.88894,2.33089,50,4.51124,-3.05972,-115.51804,4.31381,10.18422,21.93168,-30.97532,CAR_EAG,CAR_EAG,CarsonNewman,TeamExclusive,Team,20251016-CarsonNewman-Private-1,5f80c2e0-aab2-11f0-b6c6-a366fa88dd2f,78.75902,NA,NA,7.05065,NA,NA,NA,NA,NA,NA,ce55f4e9-d602-4b97-9db7-16df456cdcea,2025-10-16,17:05:52,2025-10-16T17:05:52Z,2025-10-16T17:05:52Z,NA,v3,CNE,CNE,NA,"Rogers, Jacob",1000215913,Right,CAR_EAG,bab42fb7-f446-407b-84db-d46a23316800,54.61065,-116.3901,10.96584,4.31523,5.54547,-15.48766,2.4606,-3.46468,5.09211,NA,NA,NA,NA,NA,NA,NA,NA,NA,NA,NA,NA,NA,NA,NA,NA,NA,NA,NA,NA,NA,NA,NA,NA,NA,NA,NA,NA,71.98868,2.067224,1.158093,0.909131,-0.9982,3.20759,1.99776,0.43785,4.7477,0.53583,65.12409,0.81893,-59.65737,0.45827,75.97005,-5.3754,4.75885,7.36574,-12.8992,0.50861,-72.15259,6.63737,High,High,High,NA,NA,High,High,High,110.8036,-36.303696,1227.982996,0.80589,09:45:00,0.636655,0.723604,-0.266584,-68.831254,3.355656,58.42281,0.136961,103.327533,-0.228345,74.557566,0.228345,-0.963898,-0.136961,30.95523,7.872021,0.963898,0.963898,-103.327533,-7.872021,0.136961,-74.557566,-30.95523,-0.136961,-0.963898,0.228345,-0.228345,NA,NA,NA,NA,NA,NA,NA,NA,NA,NA,NA,NA
NA,NA,NA,NA,NA,NA,NA,NA,NA,NA,NA,NA,NA,NA,NA,NA,220,2025-10-16,13:06:25,5,4,"Butler, Cameron",10110399,Left,CAR_EAG,"Hornbuckle, Kylan",1000106804,Right,CAR_EAG,Undefined,7,Bottom,1,3,0,Fastball,Changeup,BallCalled,Walk,Undefined,Undefined,0,0,NA,79.95286,1.369219,0.204207,1528.227755,88.054632,09:00:00,4.27038,-2.10634,6.01439,-43.06601,0.91063,-17.67001,1.95024,-3.38966,72.52693,-6.621499,-2.975962,0.47729,NA,NA,NA,NA,NA,NA,NA,NA,NA,NA,NA,9.04233,0.56421,2.09927,50,4.35503,0.27324,-116.05453,1.40895,12.17369,24.3267,-31.41444,CAR_EAG,CAR_EAG,CarsonNewman,TeamExclusive,Team,20251016-CarsonNewman-Private-1,72f42970-aab2-11f0-b6c6-a366fa88dd2f,78.97175,NA,NA,7.42593,NA,NA,NA,NA,NA,NA,ce55f4e9-d602-4b97-9db7-16df456cdcea,2025-10-16,17:06:25,2025-10-16T17:06:25Z,2025-10-16T17:06:25Z,NA,v3,CNE,CNE,NA,"Rogers, Jacob",1000215913,Right,CAR_EAG,cb83acdd-2ac3-46c1-9493-d4fd224fb730,54.48605,-116.9911,12.16335,4.27751,2.61838,-15.70722,2.09778,-0.19543,6.08684,NA,NA,NA,NA,NA,NA,NA,NA,NA,NA,NA,NA,NA,NA,NA,NA,NA,NA,NA,NA,NA,NA,NA,NA,NA,NA,NA,NA,NA,NA,NA,NA,NA,NA,NA,NA,NA,NA,NA,NA,NA,NA,NA,NA,NA,NA,NA,NA,NA,NA,High,High,High,NA,NA,NA,NA,NA,107.104836,-30.391585,1318.230892,0.862588,09:30:00,0.526363,0.81211,-0.251831,-56.807232,4.138083,67.966669,0.052136,104.681757,-0.253105,75.02372,0.253105,-0.966033,-0.052136,11.639335,2.988537,0.966033,0.966033,-104.681757,-2.988537,0.052136,-75.02372,-11.639335,-0.052136,-0.966033,0.253105,-0.253105,NA,NA,NA,NA,NA,NA,NA,NA,NA,NA,NA,NA
NA,NA,NA,NA,NA,NA,NA,NA,NA,NA,NA,NA,NA,NA,NA,NA,221,2025-10-16,13:07:21,6,1,"Butler, Cameron",10110399,Left,CAR_EAG,"Van Ness, Jameson",1000370206,Right,CAR_EAG,Undefined,7,Bottom,1,0,0,Fastball,Changeup,BallCalled,Undefined,Undefined,Undefined,0,0,NA,79.51476,0.708918,2.465645,1561.283853,91.063318,09:00:00,4.41714,-2.17535,5.96052,-42.7242,1.85319,-16.2745,1.51484,-1.24367,72.14613,-7.209057,-0.459544,0.480539,NA,NA,NA,NA,NA,NA,NA,NA,NA,NA,NA,9.07689,1.21831,1.98833,50,4.44996,-4.34462,-115.34141,0.0844,12.08014,23.87061,-30.55265,CAR_EAG,CAR_EAG,CarsonNewman,TeamExclusive,Team,20251016-CarsonNewman-Private-1,94dbaa90-aab2-11f0-b6c6-a366fa88dd2f,78.43783,NA,NA,7.36863,NA,NA,NA,NA,NA,NA,ce55f4e9-d602-4b97-9db7-16df456cdcea,2025-10-16,17:07:21,2025-10-16T17:07:21Z,2025-10-16T17:07:21Z,NA,v3,CNE,CNE,NA,"Rogers, Jacob",1000215913,Right,CAR_EAG,d0dbb533-2f3e-45f7-b24c-9abbaf6632dc,54.54064,-116.27733,11.93531,4.42317,1.28231,-15.27633,2.16795,-4.81826,6.04007,NA,NA,NA,NA,NA,NA,NA,NA,NA,NA,NA,NA,NA,NA,NA,NA,NA,NA,NA,NA,NA,NA,NA,NA,NA,NA,NA,NA,NA,NA,NA,NA,NA,NA,NA,NA,NA,NA,NA,NA,NA,NA,NA,NA,NA,NA,NA,NA,NA,NA,High,High,High,NA,NA,NA,NA,NA,113.446152,-37.522198,1238.281444,0.793117,09:45:00,0.631029,0.720042,-0.288691,-69.486367,3.667955,64.583662,0.123358,109.092604,-0.324598,69.680949,0.324598,-0.937774,-0.123358,20.808466,7.08594,0.937774,0.937774,-109.092604,-7.08594,0.123358,-69.680949,-20.808466,-0.123358,-0.937774,0.324598,-0.324598,NA,NA,NA,NA,NA,NA,NA,NA,NA,NA,NA,NA
NA,NA,NA,NA,NA,NA,NA,NA,NA,NA,NA,NA,NA,NA,NA,NA,222,2025-10-16,13:07:38,6,2,"Butler, Cameron",10110399,Left,CAR_EAG,"Van Ness, Jameson",1000370206,Right,CAR_EAG,Undefined,7,Bottom,1,1,0,Fastball,Changeup,StrikeCalled,Undefined,Undefined,Undefined,0,0,NA,80.05379,2.074619,3.832795,1704.634716,103.546429,09:30:00,4.3208,-2.27878,5.98601,-39.39069,5.36701,-14.91312,2.96634,0.03636,71.23606,-5.30202,1.160374,0.48151,NA,NA,NA,NA,NA,NA,NA,NA,NA,NA,NA,8.92245,2.56232,1.9835,50,4.46395,-7.15982,-115.69148,2.98473,11.77171,26.92319,-28.79348,CAR_EAG,CAR_EAG,CarsonNewman,TeamExclusive,Team,20251016-CarsonNewman-Private-1,9e9f8380-aab2-11f0-b6c6-a366fa88dd2f,78.27965,NA,NA,8.81773,NA,NA,NA,NA,NA,NA,ce55f4e9-d602-4b97-9db7-16df456cdcea,2025-10-16,17:07:38,2025-10-16T17:07:38Z,2025-10-16T17:07:38Z,NA,v3,CNE,CNE,NA,"Rogers, Jacob",1000215913,Right,CAR_EAG,b94944b0-cb4f-4d61-bb11-39e134ea2c16,54.51101,-116.73654,13.46159,4.3264,4.10239,-14.39674,2.27029,-7.61676,5.88585,NA,NA,NA,NA,NA,NA,NA,NA,NA,NA,NA,NA,NA,NA,NA,NA,NA,NA,NA,NA,NA,NA,NA,NA,NA,NA,NA,NA,NA,NA,NA,NA,NA,NA,NA,NA,NA,NA,NA,NA,NA,NA,NA,NA,NA,NA,NA,NA,NA,NA,High,High,High,NA,NA,NA,NA,NA,114.916685,-38.647985,1331.315788,0.780998,09:45:00,0.670307,0.68523,-0.284865,-70.067445,0.107008,58.844778,0.191265,107.941179,-0.302354,69.03664,0.302354,-0.933809,-0.191265,32.316932,11.026621,0.933809,0.933809,-107.941179,-11.026621,0.191265,-69.03664,-32.316932,-0.191265,-0.933809,0.302354,-0.302354,NA,NA,NA,NA,NA,NA,NA,NA,NA,NA,NA,NA
NA,NA,NA,NA,NA,NA,NA,NA,NA,NA,NA,NA,NA,NA,NA,NA,223,2025-10-16,13:07:55,6,3,"Butler, Cameron",10110399,Left,CAR_EAG,"Van Ness, Jameson",1000370206,Right,CAR_EAG,Undefined,7,Bottom,1,1,1,Fastball,Changeup,StrikeCalled,Undefined,Undefined,Undefined,0,0,NA,78.01324,2.590662,3.768002,1665.945376,110.127715,09:45:00,4.26246,-2.5147,5.77573,-40.68951,6.23949,-12.47241,3.28932,-0.04264,70.26263,-4.969196,1.542779,0.493051,NA,NA,NA,NA,NA,NA,NA,NA,NA,NA,NA,7.47953,2.87654,2.21032,50,4.45296,-6.94457,-112.81799,3.85291,9.51544,22.99721,-28.51453,CAR_EAG,CAR_EAG,CarsonNewman,TeamExclusive,Team,20251016-CarsonNewman-Private-1,a8ecd7c0-aab2-11f0-b6c6-a366fa88dd2f,76.44734,NA,NA,7.75062,NA,NA,NA,NA,NA,NA,ce55f4e9-d602-4b97-9db7-16df456cdcea,2025-10-16,17:07:55,2025-10-16T17:07:55Z,2025-10-16T17:07:55Z,NA,v3,CNE,CNE,NA,"Rogers, Jacob",1000215913,Right,CAR_EAG,f10cb908-bbb5-4586-be1d-6025817c311d,54.72311,-113.77668,11.4986,4.26756,5.04161,-14.25727,2.5081,-7.34125,4.75772,NA,NA,NA,NA,NA,NA,NA,NA,NA,NA,NA,NA,NA,NA,NA,NA,NA,NA,NA,NA,NA,NA,NA,NA,NA,NA,NA,NA,NA,NA,NA,NA,NA,NA,NA,NA,NA,NA,NA,NA,NA,NA,NA,NA,NA,NA,NA,NA,NA,NA,High,High,High,NA,NA,NA,NA,NA,117.93459,-49.774668,1075.859715,0.645795,10:00:00,0.806696,0.535455,-0.250059,-12.37451,80.714817,-49.067435,0.266827,107.275771,-0.286204,66.965084,0.286204,-0.920267,-0.266827,42.993257,15.475531,0.920267,0.920267,-107.275771,-15.475531,0.266827,-66.965084,-42.993257,-0.266827,-0.920267,0.286204,-0.286204,NA,NA,NA,NA,NA,NA,NA,NA,NA,NA,NA,NA
NA,NA,NA,NA,NA,NA,NA,NA,NA,NA,NA,NA,NA,NA,NA,NA,224,2025-10-16,13:08:12,6,4,"Butler, Cameron",10110399,Left,CAR_EAG,"Van Ness, Jameson",1000370206,Right,CAR_EAG,Undefined,7,Bottom,1,1,2,Fastball,Changeup,BallCalled,Undefined,Undefined,Undefined,0,0,NA,78.9724,3.229852,2.336987,1736.303834,94.840481,09:15:00,4.3438,-2.41391,6.01703,-42.27325,3.07965,-17.3158,3.81867,-1.69082,71.03549,-4.650585,-0.77261,0.484701,NA,NA,NA,NA,NA,NA,NA,NA,NA,NA,NA,9.55461,1.06323,2.23952,50,4.575,-4.00142,-114.3541,5.1577,12.46467,23.99935,-30.78697,CAR_EAG,CAR_EAG,CarsonNewman,TeamExclusive,Team,20251016-CarsonNewman-Private-1,b33d3940-aab2-11f0-b6c6-a366fa88dd2f,77.76432,NA,NA,7.93691,NA,NA,NA,NA,NA,NA,ce55f4e9-d602-4b97-9db7-16df456cdcea,2025-10-16,17:08:12,2025-10-16T17:08:12Z,2025-10-16T17:08:12Z,NA,v3,CNE,CNE,NA,"Rogers, Jacob",1000215913,Right,CAR_EAG,d52078ba-5f3c-40c3-908a-9363cd97e5fa,54.4829,-115.29108,11.99968,4.35017,6.35969,-15.39348,2.40525,-4.48807,6.23233,NA,NA,NA,NA,NA,NA,NA,NA,NA,NA,NA,NA,NA,NA,NA,NA,NA,NA,NA,NA,NA,NA,NA,NA,NA,NA,NA,NA,NA,NA,NA,NA,NA,NA,NA,NA,NA,NA,NA,NA,NA,NA,NA,NA,NA,NA,NA,NA,NA,NA,High,High,High,NA,NA,NA,NA,NA,112.516236,-41.014484,1310.11714,0.754544,09:45:00,0.705684,0.658944,-0.26039,-65.249067,-5.346599,51.589293,0.255704,106.590793,-0.276042,67.896819,0.276042,-0.926508,-0.255704,42.809607,14.815277,0.926508,0.926508,-106.590793,-14.815277,0.255704,-67.896819,-42.809607,-0.255704,-0.926508,0.276042,-0.276042,NA,NA,NA,NA,NA,NA,NA,NA,NA,NA,NA,NA
NA,NA,NA,NA,NA,NA,NA,NA,NA,NA,NA,NA,NA,NA,NA,NA,225,2025-10-16,13:08:29,6,5,"Butler, Cameron",10110399,Left,CAR_EAG,"Van Ness, Jameson",1000370206,Right,CAR_EAG,Undefined,7,Bottom,1,2,2,ChangeUp,Changeup,BallCalled,Undefined,Undefined,Undefined,0,0,NA,74.86739,-0.050284,3.350833,1176.34957,97.583347,09:15:00,4.76806,-2.19065,5.82807,-46.80558,3.34914,-13.01001,0.82077,-0.15616,68.74843,-8.656261,1.019653,0.509715,NA,NA,NA,NA,NA,NA,NA,NA,NA,NA,NA,7.59638,2.2191,1.92428,50,4.73633,-5.89303,-108.59766,-1.50165,9.05005,19.44104,-29.5303,CAR_EAG,CAR_EAG,CarsonNewman,TeamExclusive,Team,20251016-CarsonNewman-Private-1,bd5091c0-aab2-11f0-b6c6-a366fa88dd2f,73.9481,NA,NA,6.11895,NA,NA,NA,NA,NA,NA,ce55f4e9-d602-4b97-9db7-16df456cdcea,2025-10-16,17:08:29,2025-10-16T17:08:29Z,2025-10-16T17:08:29Z,NA,v3,CNE,CNE,NA,"Rogers, Jacob",1000215913,Right,CAR_EAG,a921637a-2df7-4d39-8977-1b31f1542577,54.67428,-109.43125,9.72052,4.77357,-0.23546,-14.76515,2.18528,-6.28108,4.52502,NA,NA,NA,NA,NA,NA,NA,NA,NA,NA,NA,NA,NA,NA,NA,NA,NA,NA,NA,NA,NA,NA,NA,NA,NA,NA,NA,NA,NA,NA,NA,NA,NA,NA,NA,NA,NA,NA,NA,NA,NA,NA,NA,NA,NA,NA,NA,NA,NA,NA,High,High,High,NA,NA,NA,NA,NA,98.00967,7.143128,1167.219473,0.992239,09:15:00,-0.116915,0.982449,-0.145341,81.265518,-28.261282,-88.476831,-0.936594,113.807913,-0.141453,-18.699028,0.141453,-0.320597,0.936594,81.411577,-69.487242,0.320597,-0.320597,-113.807913,69.487242,0.936594,18.699028,-81.411577,-0.936594,0.320597,0.141453,-0.141453,NA,NA,NA,NA,NA,NA,NA,NA,NA,NA,NA,NA
NA,NA,NA,NA,NA,NA,NA,NA,NA,NA,NA,NA,NA,NA,NA,NA,226,2025-10-16,13:08:48,6,6,"Butler, Cameron",10110399,Left,CAR_EAG,"Van Ness, Jameson",1000370206,Right,CAR_EAG,Undefined,7,Bottom,1,3,2,Fastball,Changeup,HitByPitch,Walk,Undefined,Undefined,0,0,NA,79.18223,1.570996,5.987984,1564.284196,94.114129,09:15:00,4.37476,-2.30185,6.11071,-42.32829,2.54819,-14.31434,2.30847,2.06272,71.90553,-6.273825,3.429803,0.482148,NA,NA,NA,NA,NA,NA,NA,NA,NA,NA,NA,9.20276,1.25642,1.84802,50,4.47383,-11.48268,-114.40806,1.88232,12.115,22.44021,-30.52002,CAR_EAG,CAR_EAG,CarsonNewman,TeamExclusive,Team,20251016-CarsonNewman-Private-1,c8604ba0-aab2-11f0-b6c6-a366fa88dd2f,78.17601,NA,NA,7.2767,NA,NA,NA,NA,NA,NA,ce55f4e9-d602-4b97-9db7-16df456cdcea,2025-10-16,17:08:48,2025-10-16T17:08:48Z,2025-10-16T17:08:48Z,NA,v3,CNE,CNE,NA,"Rogers, Jacob",1000215913,Right,CAR_EAG,1caf1d9a-0faa-4996-ad90-aad9d14fd380,54.39224,-115.26634,11.2201,4.37951,3.04964,-15.26001,2.29607,-11.94605,6.0575,NA,NA,NA,NA,NA,NA,NA,NA,NA,NA,NA,NA,NA,NA,NA,NA,NA,NA,NA,NA,NA,NA,NA,NA,NA,NA,NA,NA,NA,NA,NA,NA,NA,NA,NA,NA,NA,NA,NA,NA,NA,NA,NA,NA,NA,NA,NA,NA,NA,NA,High,High,High,NA,NA,NA,NA,NA,109.788011,-40.63957,1187.012773,0.758822,09:45:00,0.693769,0.69589,-0.185531,-78.358504,3.820595,64.520388,0.055002,110.212551,-0.344981,69.553176,0.344981,-0.936997,-0.055002,9.05876,3.152992,0.936997,0.936997,-110.212551,-3.152992,0.055002,-69.553176,-9.05876,-0.055002,-0.936997,0.344981,-0.344981,NA,NA,NA,NA,NA,NA,NA,NA,NA,NA,NA,NA
