player_name,display_name,active,notes,id,pitcher,date,rel_speed,horz_break,induced_vert_break,original_pitch_type,new_pitch_type,new_pitcher,modified_at,pitch_key,created_at,PitchNo,Date,Time,PAofInning,PitchofPA,Pitcher,PitcherId,PitcherThrows,PitcherTeam,Batter,BatterId,BatterSide,BatterTeam,PitcherSet,Inning,Top/Bottom,Outs,Balls,Strikes,TaggedPitchType,AutoPitchType,PitchCall,KorBB,TaggedHitType,PlayResult,OutsOnPlay,RunsScored,Notes,RelSpeed,VertRelAngle,HorzRelAngle,SpinRate,SpinAxis,Tilt,RelHeight,RelSide,Extension,VertBreak,InducedVertBreak,HorzBreak,PlateLocHeight,PlateLocSide,ZoneSpeed,VertApprAngle,HorzApprAngle,ZoneTime,ExitSpeed,Angle,Direction,HitSpinRate,PositionAt110X,PositionAt110Y,PositionAt110Z,Distance,LastTrackedDistance,Bearing,HangTime,pfxx,pfxz,x0,y0,z0,vx0,vy0,vz0,ax0,ay0,az0,HomeTeam,AwayTeam,Stadium,Level,League,GameID,PitchUID,EffectiveVelo,MaxHeight,MeasuredDuration,SpeedDrop,PitchLastMeasuredX,PitchLastMeasuredY,PitchLastMeasuredZ,ContactPositionX,ContactPositionY,ContactPositionZ,GameUID,UTCDate,UTCTime,LocalDateTime,UTCDateTime,AutoHitType,System,HomeTeamForeignID,AwayTeamForeignID,GameForeignID,Catcher,CatcherId,CatcherThrows,CatcherTeam,PlayID,PitchTrajectoryXc0,PitchTrajectoryXc1,PitchTrajectoryXc2,PitchTrajectoryYc0,PitchTrajectoryYc1,PitchTrajectoryYc2,PitchTrajectoryZc0,PitchTrajectoryZc1,PitchTrajectoryZc2,HitSpinAxis,HitTrajectoryXc0,HitTrajectoryXc1,HitTrajectoryXc2,HitTrajectoryXc3,HitTrajectoryXc4,HitTrajectoryXc5,HitTrajectoryXc6,HitTrajectoryXc7,HitTrajectoryXc8,HitTrajectoryYc0,HitTrajectoryYc1,HitTrajectoryYc2,HitTrajectoryYc3,HitTrajectoryYc4,HitTrajectoryYc5,HitTrajectoryYc6,HitTrajectoryYc7,HitTrajectoryYc8,HitTrajectoryZc0,HitTrajectoryZc1,HitTrajectoryZc2,HitTrajectoryZc3,HitTrajectoryZc4,HitTrajectoryZc5,HitTrajectoryZc6,HitTrajectoryZc7,HitTrajectoryZc8,ThrowSpeed,PopTime,ExchangeTime,TimeToBase,CatchPositionX,CatchPositionY,CatchPositionZ,ThrowPositionX,ThrowPositionY,ThrowPositionZ,BasePositionX,BasePositionY,BasePositionZ,ThrowTrajectoryXc0,ThrowTrajectoryXc1,ThrowTrajectoryXc2,ThrowTrajectoryYc0,ThrowTrajectoryYc1,ThrowTrajectoryYc2,ThrowTrajectoryZc0,ThrowTrajectoryZc1,ThrowTrajectoryZc2,PitchReleaseConfidence,PitchLocationConfidence,PitchMovementConfidence,HitLaunchConfidence,HitLandingConfidence,CatcherThrowCatchConfidence,CatcherThrowReleaseConfidence,CatcherThrowLocationConfidence,SpinAxis3dTransverseAngle,SpinAxis3dLongitudinalAngle,SpinAxis3dActiveSpinRate,SpinAxis3dSpinEfficiency,SpinAxis3dTilt,SpinAxis3dVectorX,SpinAxis3dVectorY,SpinAxis3dVectorZ,SpinAxis3dSeamOrientationRotationX,SpinAxis3dSeamOrientationRotationY,SpinAxis3dSeamOrientationRotationZ,SpinAxis3dSeamOrientationBallYAmb1,SpinAxis3dSeamOrientationBallAngleHorizontalAmb1,SpinAxis3dSeamOrientationBallZAmb1,SpinAxis3dSeamOrientationBallAngleVerticalAmb2,SpinAxis3dSeamOrientationBallZAmb2,SpinAxis3dSeamOrientationBallXAmb4,SpinAxis3dSeamOrientationBallYAmb4,SpinAxis3dSeamOrientationBallAngleHorizontalAmb2,SpinAxis3dSeamOrientationBallAngleVerticalAmb1,SpinAxis3dSeamOrientationBallXAmb1,SpinAxis3dSeamOrientationBallYAmb2,SpinAxis3dSeamOrientationBallAngleHorizontalAmb4,SpinAxis3dSeamOrientationBallAngleVerticalAmb4,SpinAxis3dSeamOrientationBallXAmb2,SpinAxis3dSeamOrientationBallAngleVerticalAmb3,SpinAxis3dSeamOrientationBallAngleHorizontalAmb3,SpinAxis3dSeamOrientationBallXAmb3,SpinAxis3dSeamOrientationBallYAmb3,SpinAxis3dSeamOrientationBallZAmb3,SpinAxis3dSeamOrientationBallZAmb4,session_id,play_id,camera_slot,camera_name,camera_target,video_type,azure_blob,azure_md5,cloudinary_url,cloudinary_public_id,uploaded_at,HitType
NA,NA,NA,NA,NA,NA,NA,NA,NA,NA,NA,NA,NA,NA,NA,NA,1,2025-10-10,14:44:40,1,1,"Mangum, McCain",1000261673,Right,CAR_EAG,"Smith, Braxton",1000370200,Right,CAR_EAG,Undefined,1,Top,0,0,0,Fastball,Four-Seam,BallCalled,Undefined,Undefined,Undefined,0,0,NA,87.04788,-0.755072,-5.400301,2161.260284,204.821296,12:45:00,5.54334,3.22542,6.41147,-23.77403,12.28323,5.20398,2.86477,-1.32107,80.36429,-5.213298,-4.464351,0.432183,NA,NA,NA,NA,NA,NA,NA,NA,NA,NA,NA,-4.05528,6.93166,-2.8402,50,5.47803,11.72457,-126.12349,-2.35901,-6.60058,23.13273,-20.89177,CAR_EAG,CAR_EAG,CarsonNewman,TeamExclusive,Team,20251010-CarsonNewman-Private-1,2e4fbee0-a609-11f0-b95a-07f253d65970,87.21404,NA,NA,6.68359,NA,NA,NA,NA,NA,NA,0c368c5f-52eb-4b15-8a1f-5e10ac20fa49,2025-10-10,18:44:40,2025-10-10T18:44:40Z,2025-10-10T18:44:40Z,NA,v3,CNE,CNE,NA,"Van Ness, Jameson",1000370206,Right,CAR_EAG,90e78287-34ee-45d5-ab13-babdec77d453,54.09059,-126.87154,11.56637,5.54339,-1.68343,-10.44589,-3.2228,11.93802,-3.30029,NA,NA,NA,NA,NA,NA,NA,NA,NA,NA,NA,NA,NA,NA,NA,NA,NA,NA,NA,NA,NA,NA,NA,NA,NA,NA,NA,NA,NA,NA,NA,NA,NA,NA,NA,NA,NA,NA,NA,NA,NA,NA,NA,NA,NA,NA,NA,NA,NA,NA,High,High,High,NA,NA,NA,NA,NA,214.964774,41.525904,1618.040617,0.748656,01:15:00,-0.712071,-0.437734,-0.548948,-73.32069,18.603938,-45.509844,-0.321621,179.876731,-0.946866,-0.11672,0.946866,-0.002037,0.321621,18.761029,-18.760989,0.002037,-0.002037,-179.876731,18.760989,0.321621,0.11672,-18.761029,-0.321621,0.002037,0.946866,-0.946866,NA,NA,NA,NA,NA,NA,NA,NA,NA,NA,NA,NA
NA,NA,NA,NA,NA,NA,NA,NA,NA,NA,NA,NA,NA,NA,NA,NA,2,2025-10-10,14:45:00,1,2,"Mangum, McCain",1000261673,Right,CAR_EAG,"Smith, Braxton",1000370200,Right,CAR_EAG,Undefined,1,Top,0,1,0,Fastball,Cutter,InPlay,Undefined,Bunt,Out,1,0,NA,86.34071,-0.662677,-4.400395,2166.597523,208.380615,01:00:00,5.61042,3.36605,6.41583,-25.06155,11.33237,5.58528,2.91088,-0.22216,80.04714,-5.352015,-3.392834,0.434196,NA,NA,NA,NA,NA,NA,NA,NA,NA,NA,NA,-3.9924,6.39646,-3.05355,50,5.55125,9.44318,-125.35987,-2.18552,-6.44179,22.0306,-21.85333,CAR_EAG,CAR_EAG,CarsonNewman,TeamExclusive,Team,20251010-CarsonNewman-Private-1,3a8a3d20-a609-11f0-b95a-07f253d65970,86.80974,NA,NA,6.29357,NA,NA,NA,NA,NA,NA,0c368c5f-52eb-4b15-8a1f-5e10ac20fa49,2025-10-10,18:45:00,2025-10-10T18:45:00Z,2025-10-10T18:45:00Z,NA,v3,CNE,CNE,NA,"Van Ness, Jameson",1000370206,Right,CAR_EAG,5403a487-70f9-4b40-86e7-a76badac1530,54.0882,-126.07627,11.0153,5.61077,-1.47488,-10.92666,-3.36404,9.65266,-3.2209,NA,NA,NA,NA,NA,NA,NA,NA,NA,NA,NA,NA,NA,NA,NA,NA,NA,NA,NA,NA,NA,NA,NA,NA,NA,NA,NA,NA,NA,NA,NA,NA,NA,NA,NA,NA,NA,NA,NA,NA,NA,NA,NA,NA,NA,NA,NA,NA,NA,NA,High,High,High,NA,NA,NA,NA,NA,214.360149,41.132838,1631.85202,0.753187,01:15:00,-0.698627,-0.432673,-0.569837,-77.289569,1.81218,-44.978147,-0.385619,169.374765,-0.906838,-9.795007,0.906838,-0.170124,0.385619,23.036881,-22.682183,0.170124,-0.170124,-169.374765,22.682183,0.385619,9.795007,-23.036881,-0.385619,0.170124,0.906838,-0.906838,NA,NA,NA,NA,NA,NA,NA,NA,NA,NA,NA,NA
NA,NA,NA,NA,NA,NA,NA,NA,NA,NA,NA,NA,NA,NA,NA,NA,3,2025-10-10,14:45:39,2,1,"Mangum, McCain",1000261673,Right,CAR_EAG,"Ring, Alex",10041847,Right,CAR_EAG,Undefined,1,Top,1,0,0,Fastball,Four-Seam,BallCalled,Undefined,Undefined,Undefined,0,0,NA,87.99641,0.361847,-3.400961,2300.471057,214.990702,01:15:00,5.60194,3.20923,6.33178,-21.8343,13.63213,8.7793,4.11621,0.80535,80.48549,-3.772834,-1.816481,0.428628,NA,NA,NA,NA,NA,NA,NA,NA,NA,NA,NA,-5.46055,7.32477,-2.96473,50,5.61785,7.2404,-127.73457,0.17833,-9.04505,25.67611,-20.04107,CAR_EAG,CAR_EAG,CarsonNewman,TeamExclusive,Team,20251010-CarsonNewman-Private-1,513f8840-a609-11f0-b95a-07f253d65970,87.93746,NA,NA,7.51091,NA,NA,NA,NA,NA,NA,0c368c5f-52eb-4b15-8a1f-5e10ac20fa49,2025-10-10,18:45:39,2025-10-10T18:45:39Z,2025-10-10T18:45:39Z,NA,v3,CNE,CNE,NA,"Van Ness, Jameson",1000370206,Right,CAR_EAG,d83343f1-e676-47f5-b4f1-307cf075facf,54.16887,-128.56983,12.83805,5.60144,0.83028,-10.02053,-3.20505,7.53464,-4.52252,NA,NA,NA,NA,NA,NA,NA,NA,NA,NA,NA,NA,NA,NA,NA,NA,NA,NA,NA,NA,NA,NA,NA,NA,NA,NA,NA,NA,NA,NA,NA,NA,NA,NA,NA,NA,NA,NA,NA,NA,NA,NA,NA,NA,NA,NA,NA,NA,NA,NA,High,High,High,NA,NA,NA,NA,NA,211.202452,42.234704,1703.263259,0.740398,01:00:00,-0.710959,-0.37932,-0.59216,-69.969624,-3.84039,-53.641673,-0.274766,170.673968,-0.948802,-8.964066,0.948802,-0.155815,0.274766,16.15061,-15.948058,0.155815,-0.155815,-170.673968,15.948058,0.274766,8.964066,-16.15061,-0.274766,0.155815,0.948802,-0.948802,NA,NA,NA,NA,NA,NA,NA,NA,NA,NA,NA,NA
NA,NA,NA,NA,NA,NA,NA,NA,NA,NA,NA,NA,NA,NA,NA,NA,4,2025-10-10,14:45:53,2,2,"Mangum, McCain",1000261673,Right,CAR_EAG,"Ring, Alex",10041847,Right,CAR_EAG,Undefined,1,Top,1,1,0,Fastball,Four-Seam,InPlay,Undefined,LineDrive,Double,0,2,NA,86.45064,-0.926396,-3.194284,2111.701107,204.844938,12:45:00,5.54183,3.31918,6.17267,-23.59214,13.15564,5.5965,2.71876,0.83214,79.7283,-5.347586,-2.186743,0.436302,89.21523,18.180922,6.559432,2595.98301,108.40283,29.44255,18.67576,277.84189,277.84189,15.951289,3.159347,-3.73807,7.38485,-3.08005,50,5.4594,6.79565,-125.57863,-2.74174,-6.01758,23.5009,-20.28581,CAR_EAG,CAR_EAG,CarsonNewman,TeamExclusive,Team,20251010-CarsonNewman-Private-1,5a3562d0-a609-11f0-b95a-07f253d65970,86.39077,32.59072,NA,6.72234,NA,NA,NA,1.91726,2.82461,-0.81706,0c368c5f-52eb-4b15-8a1f-5e10ac20fa49,2025-10-10,18:45:53,2025-10-10T18:45:53Z,2025-10-10T18:45:53Z,LineDrive,v3,CNE,CNE,NA,"Van Ness, Jameson",1000370206,Right,CAR_EAG,21d323a3-513c-46fe-87e9-926f63d1e34b,54.33082,-126.38651,11.75045,5.54167,-2.04439,-10.1429,-3.31721,7.00251,-3.00879,229.358202,1.91747,123.49439,-20.40132,4.00369,-0.65382,0.04294,0.01507,-0.00526,5.6e-4,2.8243,40.83894,-14.70856,0.5726,-0.15171,0.0995,-0.03898,0.00881,-8.3e-4,-0.81733,14.21088,7.16324,-2.36594,0.59436,-0.13122,0.02866,-0.00452,3.2e-4,NA,NA,NA,NA,NA,NA,NA,NA,NA,NA,NA,NA,NA,NA,NA,NA,NA,NA,NA,NA,NA,NA,High,High,High,High,High,NA,NA,NA,210.790398,46.586703,1451.279499,0.687256,01:00:00,-0.75241,-0.363504,-0.549312,-65.854421,29.982384,-36.872016,-0.305465,176.521074,-0.950448,-3.312454,0.950448,-0.057781,0.305465,17.816932,-17.786169,0.057781,-0.057781,-176.521074,17.786169,0.305465,3.312454,-17.816932,-0.305465,0.057781,0.950448,-0.950448,NA,NA,NA,NA,NA,NA,NA,NA,NA,NA,NA,NA
NA,NA,NA,NA,NA,NA,NA,NA,NA,NA,NA,NA,NA,NA,NA,NA,5,2025-10-10,14:46:42,3,1,"Mangum, McCain",1000261673,Right,CAR_EAG,"Gibson, Aiden",10011511,Right,CAR_EAG,Undefined,1,Top,1,0,0,Slider,Curveball,BallCalled,Undefined,Undefined,Undefined,0,0,NA,76.39449,2.870961,-1.97573,2220.897916,78.067733,08:30:00,5.64194,3.04804,5.96272,-48.10778,-0.31465,-8.32729,4.29902,0.52129,70.04939,-6.005376,-3.469153,0.49757,NA,NA,NA,NA,NA,NA,NA,NA,NA,NA,NA,3.70256,-0.46303,-2.88669,50,5.84353,4.12739,-110.8487,4.09419,4.61077,19.65556,-32.75068,CAR_EAG,CAR_EAG,CarsonNewman,TeamExclusive,Team,20251010-CarsonNewman-Private-1,76e263b0-a609-11f0-b95a-07f253d65970,75.75305,NA,NA,6.3451,NA,NA,NA,NA,NA,NA,0c368c5f-52eb-4b15-8a1f-5e10ac20fa49,2025-10-10,18:46:42,2025-10-10T18:46:42Z,2025-10-10T18:46:42Z,NA,v3,CNE,CNE,NA,"Van Ness, Jameson",1000370206,Right,CAR_EAG,cee5d013-fdbe-49de-8898-bc9b8bb83e24,54.5395,-111.65074,9.82778,5.6492000000000004,5.43057,-16.37534,-3.05127,3.93925,2.30538,NA,NA,NA,NA,NA,NA,NA,NA,NA,NA,NA,NA,NA,NA,NA,NA,NA,NA,NA,NA,NA,NA,NA,NA,NA,NA,NA,NA,NA,NA,NA,NA,NA,NA,NA,NA,NA,NA,NA,NA,NA,NA,NA,NA,NA,NA,NA,NA,NA,NA,High,High,High,NA,NA,NA,NA,NA,70.191764,75.102512,570.971569,0.25709,08:15:00,-0.949489,0.289979,0.119927,54.327096,-52.789025,-14.689257,-0.504212,123.064387,-0.471153,-46.363323,0.471153,-0.72373,0.504212,46.941209,-30.279027,0.72373,-0.72373,-123.064387,30.279027,0.504212,46.363323,-46.941209,-0.504212,0.72373,0.471153,-0.471153,NA,NA,NA,NA,NA,NA,NA,NA,NA,NA,NA,NA
NA,NA,NA,NA,NA,NA,NA,NA,NA,NA,NA,NA,NA,NA,NA,NA,6,2025-10-10,14:47:23,3,2,"Mangum, McCain",1000261673,Right,CAR_EAG,"Gibson, Aiden",10011511,Right,CAR_EAG,Undefined,1,Top,1,1,0,Slider,Curveball,FoulBallNotFieldable,Undefined,Undefined,Undefined,0,0,NA,73.52616,0.161599,-2.330967,2135.602741,71.949291,08:30:00,5.60478,3.18023,5.3618,-55.62983,-2.27587,-12.52871,1.12064,-0.05099,67.31966,-9.93731,-4.558216,0.52572,55.81208,25.176383,144.681804,3964.479327,NA,NA,NA,109.02913,30.8509,148.614122,1.781042,5.60709,-0.74146,-2.96127,50,5.57951,4.79596,-106.59392,-1.46829,6.36681,20.56011,-33.01598,CAR_EAG,CAR_EAG,CarsonNewman,TeamExclusive,Team,20251010-CarsonNewman-Private-1,8f95c8c0-a609-11f0-b95a-07f253d65970,71.69675,15.1854,NA,6.2065,NA,NA,NA,2.46729,1.18814,-0.11096,0c368c5f-52eb-4b15-8a1f-5e10ac20fa49,2025-10-10,18:47:23,2025-10-10T18:47:23Z,2025-10-10T18:47:23Z,LineDrive,v3,CNE,CNE,NA,"Van Ness, Jameson",1000370206,Right,CAR_EAG,5cc0fda0-14c7-41d5-b612-cbeb06a6e568,55.14149,-107.58106,10.28005,5.61196,0.11687,-16.50799,-3.18419,4.49028,3.1834,314.596551,2.50427,-60.71633,3.94497,NA,NA,NA,NA,NA,NA,1.6043,31.55725,-18.33589,NA,NA,NA,NA,NA,NA,0.09993,41.11598,-5.26618,NA,NA,NA,NA,NA,NA,NA,NA,NA,NA,NA,NA,NA,NA,NA,NA,NA,NA,NA,NA,NA,NA,NA,NA,NA,NA,NA,NA,High,High,High,High,Low,NA,NA,NA,52.12403,63.38693,956.671121,0.447963,07:45:00,-0.881126,0.356116,0.311123,-38.853932,75.733278,-25.012948,-0.490307,142.081922,-0.687557,-32.384405,0.687557,-0.535597,0.490307,35.49325,-29.360788,0.535597,-0.535597,-142.081922,29.360788,0.490307,32.384405,-35.49325,-0.490307,0.535597,0.687557,-0.687557,NA,NA,NA,NA,NA,NA,NA,NA,NA,NA,NA,NA
NA,NA,NA,NA,NA,NA,NA,NA,NA,NA,NA,NA,NA,NA,NA,NA,7,2025-10-10,14:47:43,3,3,"Mangum, McCain",1000261673,Right,CAR_EAG,"Gibson, Aiden",10011511,Right,CAR_EAG,Undefined,1,Top,1,1,1,Slider,Curveball,BallCalled,Undefined,Undefined,Undefined,0,0,NA,73.15865,-0.087771,-2.072748,2097.878789,62.531606,08:00:00,5.48538,3.24597,5.50876,-61.16275,-7.42583,-17.81603,0.30635,-0.17802,67.0775,-11.172485,-5.252986,0.527604,NA,NA,NA,NA,NA,NA,NA,NA,NA,NA,NA,8.33229,-3.18709,-3.0527,50,5.43672,4.4861,-106.10495,-2.09568,9.33784,21.02737,-35.74576,CAR_EAG,CAR_EAG,CarsonNewman,TeamExclusive,Team,20251010-CarsonNewman-Private-1,9b9c3eb0-a609-11f0-b95a-07f253d65970,71.44083,NA,NA,6.08114,NA,NA,NA,NA,NA,NA,0c368c5f-52eb-4b15-8a1f-5e10ac20fa49,2025-10-10,18:47:43,2025-10-10T18:47:43Z,2025-10-10T18:47:43Z,NA,v3,CNE,CNE,NA,"Van Ness, Jameson",1000370206,Right,CAR_EAG,74fd4d72-1eeb-44d2-aee1-47380ce2d40f,54.99537,-107.09034,10.51368,5.49568,-0.42057,-17.87288,-3.25267,4.04851,4.66892,NA,NA,NA,NA,NA,NA,NA,NA,NA,NA,NA,NA,NA,NA,NA,NA,NA,NA,NA,NA,NA,NA,NA,NA,NA,NA,NA,NA,71.92395,NA,NA,0.865674,NA,NA,NA,4.12894,5.62167,-2.99514,67.54728,3.15064,-57.24177,4.13663,76.48821,-3.75736,5.63127,8.0263,-12.60387,-3.03914,-71.32769,10.15781,High,High,High,NA,NA,High,High,High,51.437547,63.59316,933.015036,0.444742,07:45:00,-0.885577,0.346384,0.30947,90.977798,-24.68345,-54.614649,-0.593582,129.380557,-0.510603,-38.465887,0.510603,-0.622049,0.593582,49.297692,-36.411643,0.622049,-0.622049,-129.380557,36.411643,0.593582,38.465887,-49.297692,-0.593582,0.622049,0.510603,-0.510603,NA,NA,NA,NA,NA,NA,NA,NA,NA,NA,NA,NA
NA,NA,NA,NA,NA,NA,NA,NA,NA,NA,NA,NA,NA,NA,NA,NA,8,2025-10-10,14:48:11,3,4,"Mangum, McCain",1000261673,Right,CAR_EAG,"Gibson, Aiden",10011511,Right,CAR_EAG,Undefined,1,Top,1,2,1,Fastball,Four-Seam,BallCalled,Undefined,Undefined,Undefined,0,0,NA,87.37122,0.425722,-3.362014,2282.691632,210.60336,01:00:00,5.54549,3.10189,6.2597,-21.51552,14.61757,7.97808,4.14578,0.663,79.78093,-3.653138,-1.924293,0.432637,NA,NA,NA,NA,NA,NA,NA,NA,NA,NA,NA,-5.03748,7.80304,-2.85581,50,5.56642,7.12797,-126.79189,0.32781,-8.20845,25.68552,-19.45921,CAR_EAG,CAR_EAG,CarsonNewman,TeamExclusive,Team,20251010-CarsonNewman-Private-1,ac043a00-a609-11f0-b95a-07f253d65970,87.12247,NA,NA,7.5903,NA,NA,NA,NA,NA,NA,0c368c5f-52eb-4b15-8a1f-5e10ac20fa49,2025-10-10,18:48:11,2025-10-10T18:48:11Z,2025-10-10T18:48:11Z,NA,v3,CNE,CNE,NA,"Van Ness, Jameson",1000370206,Right,CAR_EAG,8f43711f-93c3-45f8-afa1-72ae8fe179eb,54.24049,-127.64804,12.84276,5.54468,0.97643,-9.7296,-3.09796,7.40158,-4.10423,NA,NA,NA,NA,NA,NA,NA,NA,NA,NA,NA,NA,NA,NA,NA,NA,NA,NA,NA,NA,NA,NA,NA,NA,NA,NA,NA,NA,NA,NA,NA,NA,NA,NA,NA,NA,NA,NA,NA,NA,NA,NA,NA,NA,NA,NA,NA,NA,NA,NA,High,High,High,NA,NA,NA,NA,NA,211.870485,44.997085,1614.188853,0.707143,01:00:00,-0.743822,-0.368108,-0.557876,-75.787546,18.593256,-44.592731,-0.403894,175.018983,-0.911351,-4.555725,0.911351,-0.079429,0.403894,23.902041,-23.82184,0.079429,-0.079429,-175.018983,23.82184,0.403894,4.555725,-23.902041,-0.403894,0.079429,0.911351,-0.911351,NA,NA,NA,NA,NA,NA,NA,NA,NA,NA,NA,NA
NA,NA,NA,NA,NA,NA,NA,NA,NA,NA,NA,NA,NA,NA,NA,NA,9,2025-10-10,14:48:28,3,5,"Mangum, McCain",1000261673,Right,CAR_EAG,"Gibson, Aiden",10011511,Right,CAR_EAG,Undefined,1,Top,1,3,1,Fastball,Four-Seam,StrikeCalled,Undefined,Undefined,Undefined,0,0,NA,86.05287,-1.934425,-4.223058,2120.921263,209.976894,01:00:00,5.54801,3.10671,6.20567,-22.82655,14.65572,7.75559,1.85467,-0.15219,78.72537,-6.233124,-2.828338,0.44064,NA,NA,NA,NA,NA,NA,NA,NA,NA,NA,NA,-5.17268,8.49599,-2.79254,50,5.39069,8.89802,-124.66566,-4.88155,-8.13882,25.10836,-18.80628,CAR_EAG,CAR_EAG,CarsonNewman,TeamExclusive,Team,20251010-CarsonNewman-Private-1,b698f780-a609-11f0-b95a-07f253d65970,85.54012,NA,NA,7.3275,NA,NA,NA,NA,NA,NA,0c368c5f-52eb-4b15-8a1f-5e10ac20fa49,2025-10-10,18:48:28,2025-10-10T18:48:28Z,2025-10-10T18:48:28Z,NA,v3,CNE,CNE,NA,"Van Ness, Jameson",1000370206,Right,CAR_EAG,ef71af19-123e-4859-8a33-17d3b8fc83bf,54.29455,-125.52763,12.55418,5.54719,-4.23594,-9.40314,-3.10281,9.17742,-4.06941,NA,NA,NA,NA,NA,NA,NA,NA,NA,NA,NA,NA,NA,NA,NA,NA,NA,NA,NA,NA,NA,NA,NA,NA,NA,NA,NA,NA,NA,NA,NA,NA,NA,NA,NA,NA,NA,NA,NA,NA,NA,NA,NA,NA,NA,NA,NA,NA,NA,NA,High,High,High,NA,NA,NA,NA,NA,214.375122,45.606499,1483.758971,0.699582,01:15:00,-0.741429,-0.418885,-0.524231,-65.559003,24.418469,-38.96004,-0.224625,175.975431,-0.972042,-3.921559,0.972042,-0.068391,0.224625,13.011846,-12.980847,0.068391,-0.068391,-175.975431,12.980847,0.224625,3.921559,-13.011846,-0.224625,0.068391,0.972042,-0.972042,NA,NA,NA,NA,NA,NA,NA,NA,NA,NA,NA,NA
NA,NA,NA,NA,NA,NA,NA,NA,NA,NA,NA,NA,NA,NA,NA,NA,10,2025-10-10,14:48:53,3,6,"Mangum, McCain",1000261673,Right,CAR_EAG,"Gibson, Aiden",10011511,Right,CAR_EAG,Undefined,1,Top,1,3,2,Fastball,Four-Seam,BallCalled,Walk,Undefined,Undefined,0,0,NA,87.51398,-0.653442,-5.0703,2217.635408,209.019383,01:00:00,5.44782,3.02652,6.29731,-24.54005,11.53977,5.77902,2.7983,-1.1762,80.1563,-5.259783,-4.031998,0.432318,NA,NA,NA,NA,NA,NA,NA,NA,NA,NA,NA,-4.37146,6.52366,-2.65535,50,5.3877,11.01662,-126.74533,-2.18573,-7.12589,25.39672,-21.53989,CAR_EAG,CAR_EAG,CarsonNewman,TeamExclusive,Team,20251010-CarsonNewman-Private-1,c5500e80-a609-11f0-b95a-07f253d65970,87.18678,NA,NA,7.35769,NA,NA,NA,NA,NA,NA,0c368c5f-52eb-4b15-8a1f-5e10ac20fa49,2025-10-10,18:48:53,2025-10-10T18:48:53Z,2025-10-10T18:48:53Z,NA,v3,CNE,CNE,NA,"Van Ness, Jameson",1000370206,Right,CAR_EAG,13d0379c-fa3d-45d2-a760-6390643db009,54.20346,-127.58482,12.69836,5.44818,-1.47373,-10.76994,-3.0234,11.25217,-3.56295,NA,NA,NA,NA,NA,NA,NA,NA,NA,NA,NA,NA,NA,NA,NA,NA,NA,NA,NA,NA,NA,NA,NA,NA,NA,NA,NA,NA,NA,NA,NA,NA,NA,NA,NA,NA,NA,NA,NA,NA,NA,NA,NA,NA,NA,NA,NA,NA,NA,NA,High,High,High,NA,NA,NA,NA,NA,210.59416,49.950519,1426.935139,0.643449,01:00:00,-0.807674,-0.336194,-0.484392,-68.695138,23.864358,-46.832441,-0.23103,174.966463,-0.969194,-4.897025,0.969194,-0.085365,0.23103,13.407571,-13.357721,0.085365,-0.085365,-174.966463,13.357721,0.23103,4.897025,-13.407571,-0.23103,0.085365,0.969194,-0.969194,NA,NA,NA,NA,NA,NA,NA,NA,NA,NA,NA,NA
NA,NA,NA,NA,NA,NA,NA,NA,NA,NA,NA,NA,NA,NA,NA,NA,11,2025-10-10,14:49:25,4,1,"Mangum, McCain",1000261673,Right,CAR_EAG,"Kilgore, Tanner",814348,Right,CAR_EAG,Undefined,1,Top,1,0,0,Fastball,Four-Seam,StrikeSwinging,Undefined,Undefined,Undefined,1,1,NA,85.84246,0.070193,-4.399903,2111.724656,205.117134,12:45:00,5.55052,3.16187,6.22785,-24.58997,12.7439,5.4604,3.56631,-0.45076,78.95832,-4.54293,-3.418705,0.439767,NA,NA,NA,NA,NA,NA,NA,NA,NA,NA,NA,-3.96398,6.93229,-2.83504,50,5.5434,9.36975,-124.50842,-0.57396,-6.26805,23.28776,-21.2124,CAR_EAG,CAR_EAG,CarsonNewman,TeamExclusive,Team,20251010-CarsonNewman-Private-1,d80de0b0-a609-11f0-b95a-07f253d65970,85.70997,NA,NA,6.88414,NA,NA,NA,NA,NA,NA,0c368c5f-52eb-4b15-8a1f-5e10ac20fa49,2025-10-10,18:49:25,2025-10-10T18:49:25Z,2025-10-10T18:49:25Z,NA,v3,CNE,CNE,NA,"Van Ness, Jameson",1000370206,Right,CAR_EAG,67579edf-0aad-4ccf-a46c-42d7a934796d,54.27408,-125.30528,11.64388,5.55062,0.15189,-10.6062,-3.15932,9.58423,-3.13403,NA,NA,NA,NA,NA,NA,NA,NA,NA,NA,NA,NA,NA,NA,NA,NA,NA,NA,NA,NA,NA,NA,NA,NA,NA,NA,NA,NA,70.90768,2.221596,0.777114,1.444482,-2.6166,3.2312,0.68906,-3.58275,6.43086,1.35573,127.28595,1.51778,9.10165,-3.4422,101.21515,-7.49491,6.49025,15.79879,-13.35793,1.34194,4.72608,0.45468,High,High,High,NA,NA,High,High,High,211.483835,45.236315,1487.043427,0.704184,01:00:00,-0.754444,-0.366896,-0.544245,-58.201973,26.922838,-33.845206,-0.193001,172.363144,-0.972495,-7.492439,0.972495,-0.130395,0.193001,11.225065,-11.127998,0.130395,-0.130395,-172.363144,11.127998,0.193001,7.492439,-11.225065,-0.193001,0.130395,0.972495,-0.972495,NA,NA,NA,NA,NA,NA,NA,NA,NA,NA,NA,NA
NA,NA,NA,NA,NA,NA,NA,NA,NA,NA,NA,NA,NA,NA,NA,NA,12,2025-10-10,14:49:51,4,2,"Mangum, McCain",1000261673,Right,CAR_EAG,"Kilgore, Tanner",814348,Right,CAR_EAG,Undefined,1,Top,2,0,1,Slider,Curveball,BallCalled,Undefined,Undefined,Undefined,0,0,NA,75.74933,-0.990309,-3.877941,2270.828501,71.594863,08:30:00,5.52741,3.05361,5.5649,-51.72082,-2.28665,-11.28938,0.28993,-1.51565,70.33557,-10.336702,-5.887182,0.50604,NA,NA,NA,NA,NA,NA,NA,NA,NA,NA,NA,4.66551,-0.46228,-2.71076,50,5.40749,7.85495,-109.81498,-3.55594,5.69626,19.47598,-32.73845,CAR_EAG,CAR_EAG,CarsonNewman,TeamExclusive,Team,20251010-CarsonNewman-Private-1,e80fee40-a609-11f0-b95a-07f253d65970,74.48507,NA,NA,5.41377,NA,NA,NA,NA,NA,NA,0c368c5f-52eb-4b15-8a1f-5e10ac20fa49,2025-10-10,18:49:51,2025-10-10T18:49:51Z,2025-10-10T18:49:51Z,NA,v3,CNE,CNE,NA,"Van Ness, Jameson",1000370206,Right,CAR_EAG,6c4b7e73-8738-4512-ab68-bee10131daa0,54.93938,-110.68752,9.73799,5.53394,-2.08922,-16.36922,-3.05696,7.59975,2.84813,NA,NA,NA,NA,NA,NA,NA,NA,NA,NA,NA,NA,NA,NA,NA,NA,NA,NA,NA,NA,NA,NA,NA,NA,NA,NA,NA,NA,NA,NA,NA,NA,NA,NA,NA,NA,NA,NA,NA,NA,NA,NA,NA,NA,NA,NA,NA,NA,NA,NA,High,High,High,NA,NA,NA,NA,NA,52.804974,70.44164,760.198069,0.334767,07:45:00,-0.930914,0.250343,0.265944,-79.94383,51.548465,-42.608088,-0.418352,125.486952,-0.527275,-47.694699,0.527275,-0.739569,0.418352,38.429303,-24.730615,0.739569,-0.739569,-125.486952,24.730615,0.418352,47.694699,-38.429303,-0.418352,0.739569,0.527275,-0.527275,NA,NA,NA,NA,NA,NA,NA,NA,NA,NA,NA,NA
NA,NA,NA,NA,NA,NA,NA,NA,NA,NA,NA,NA,NA,NA,NA,NA,13,2025-10-10,14:50:07,4,3,"Mangum, McCain",1000261673,Right,CAR_EAG,"Kilgore, Tanner",814348,Right,CAR_EAG,Undefined,1,Top,2,1,1,Slider,Curveball,BallCalled,Undefined,Undefined,Undefined,0,0,NA,76.05611,1.145825,-0.9512,2185.775815,95.573883,09:15:00,5.49901,3.31405,5.30624,-46.88943,2.52335,-10.01745,2.66751,1.58624,69.80412,-7.40757,-2.729982,0.505931,NA,NA,NA,NA,NA,NA,NA,NA,NA,NA,NA,4.71835,1.45795,-3.22026,50,5.56929,2.22635,-110.3724,0.64869,5.81553,19.7971,-30.37706,CAR_EAG,CAR_EAG,CarsonNewman,TeamExclusive,Team,20251010-CarsonNewman-Private-1,f1609300-a609-11f0-b95a-07f253d65970,74.50119,NA,NA,6.25199,NA,NA,NA,NA,NA,NA,0c368c5f-52eb-4b15-8a1f-5e10ac20fa49,2025-10-10,18:50:07,2025-10-10T18:50:07Z,2025-10-10T18:50:07Z,NA,v3,CNE,CNE,NA,"Van Ness, Jameson",1000370206,Right,CAR_EAG,d49807b8-2154-4748-a575-dc96afa6e6f1,55.19482,-111.30027,9.89855,5.50552,2.07244,-15.18853,-3.31822,1.95378,2.90777,NA,NA,NA,NA,NA,NA,NA,NA,NA,NA,NA,NA,NA,NA,NA,NA,NA,NA,NA,NA,NA,NA,NA,NA,NA,NA,NA,NA,NA,NA,NA,NA,NA,NA,NA,NA,NA,NA,NA,NA,NA,NA,NA,NA,NA,NA,NA,NA,NA,NA,High,High,High,NA,NA,NA,NA,NA,65.706188,74.734994,575.479541,0.263284,08:15:00,-0.957796,0.259213,0.124237,-48.944137,58.013513,-23.632185,-0.481885,134.479337,-0.613935,-38.696578,0.613935,-0.625196,0.481885,38.128784,-28.808592,0.625196,-0.625196,-134.479337,28.808592,0.481885,38.696578,-38.128784,-0.481885,0.625196,0.613935,-0.613935,NA,NA,NA,NA,NA,NA,NA,NA,NA,NA,NA,NA
NA,NA,NA,NA,NA,NA,NA,NA,NA,NA,NA,NA,NA,NA,NA,NA,14,2025-10-10,14:50:22,4,4,"Mangum, McCain",1000261673,Right,CAR_EAG,"Kilgore, Tanner",814348,Right,CAR_EAG,Undefined,1,Top,2,2,1,Slider,Curveball,StrikeCalled,Undefined,Undefined,Undefined,0,0,NA,73.72961,2.273619,-1.339001,2171.457971,56.710752,08:00:00,5.52119,3.11835,5.49733,-57.21078,-5.3376,-10.38997,2.88211,0.99976,68.24164,-8.130198,-3.190079,0.518374,NA,NA,NA,NA,NA,NA,NA,NA,NA,NA,NA,4.87788,-2.78925,-2.99406,50,5.68149,2.885,-107.09195,2.41966,5.69869,17.45863,-35.43266,CAR_EAG,CAR_EAG,CarsonNewman,TeamExclusive,Team,20251010-CarsonNewman-Private-1,fa808ad0-a609-11f0-b95a-07f253d65970,72.71288,NA,NA,5.48797,NA,NA,NA,NA,NA,NA,0c368c5f-52eb-4b15-8a1f-5e10ac20fa49,2025-10-10,18:50:22,2025-10-10T18:50:22Z,2025-10-10T18:50:22Z,NA,v3,CNE,CNE,NA,"Van Ness, Jameson",1000370206,Right,CAR_EAG,c7c1781f-8768-447f-abda-ec788910aeba,55.00751,-107.90521,8.72931,5.53033,4.07019,-17.71633,-3.12226,2.61955,2.84935,NA,NA,NA,NA,NA,NA,NA,NA,NA,NA,NA,NA,NA,NA,NA,NA,NA,NA,NA,NA,NA,NA,NA,NA,NA,NA,NA,NA,NA,NA,NA,NA,NA,NA,NA,NA,NA,NA,NA,NA,NA,NA,NA,NA,NA,NA,NA,NA,NA,NA,High,High,High,NA,NA,NA,NA,NA,58.623475,63.925111,954.454695,0.439546,08:00:00,-0.877037,0.410607,0.249416,-73.634328,57.545378,-50.578339,-0.461775,130.00618,-0.570224,-42.798156,0.570224,-0.679418,0.461775,39.001014,-27.501706,0.679418,-0.679418,-130.00618,27.501706,0.461775,42.798156,-39.001014,-0.461775,0.679418,0.570224,-0.570224,NA,NA,NA,NA,NA,NA,NA,NA,NA,NA,NA,NA
NA,NA,NA,NA,NA,NA,NA,NA,NA,NA,NA,NA,NA,NA,NA,NA,15,2025-10-10,14:50:39,4,5,"Mangum, McCain",1000261673,Right,CAR_EAG,"Kilgore, Tanner",814348,Right,CAR_EAG,Undefined,1,Top,2,2,2,Slider,Curveball,BallCalled,Undefined,Undefined,Undefined,0,0,NA,75.09792,3.402067,0.032265,2157.099039,76.546045,08:30:00,5.40526,2.99649,5.29461,-53.29341,-2.38374,-16.69973,4.16231,1.63514,68.55517,-6.316864,-2.929325,0.513537,NA,NA,NA,NA,NA,NA,NA,NA,NA,NA,NA,8.30741,-1.62835,-2.98694,50,5.67653,0.59102,-108.84989,4.69306,9.9374,19.63472,-34.12188,CAR_EAG,CAR_EAG,CarsonNewman,TeamExclusive,Team,20251010-CarsonNewman-Private-1,0444b1e0-a60a-11f0-b95a-07f253d65970,73.39771,NA,NA,6.54275,NA,NA,NA,NA,NA,NA,0c368c5f-52eb-4b15-8a1f-5e10ac20fa49,2025-10-10,18:50:39,2025-10-10T18:50:39Z,2025-10-10T18:50:39Z,NA,v3,CNE,CNE,NA,"Van Ness, Jameson",1000370206,Right,CAR_EAG,d8d6b91d-30dc-4efb-9053-83c33d66f6e2,55.20834,-109.78537,9.81736,5.41421,6.31877,-17.06094,-3.00382,0.11756,4.9687,NA,NA,NA,NA,NA,NA,NA,NA,NA,NA,NA,NA,NA,NA,NA,NA,NA,NA,NA,NA,NA,NA,NA,NA,NA,NA,NA,NA,NA,NA,NA,NA,NA,NA,NA,NA,NA,NA,NA,NA,NA,NA,NA,NA,NA,NA,NA,NA,NA,NA,High,High,High,NA,NA,NA,NA,NA,54.918206,64.163853,940.061623,0.435799,07:45:00,-0.877436,0.409411,0.249979,-38.878255,61.609809,-20.198206,-0.521296,127.293585,-0.51706,-42.757426,0.51706,-0.678896,0.521296,45.233728,-31.419211,0.678896,-0.678896,-127.293585,31.419211,0.521296,42.757426,-45.233728,-0.521296,0.678896,0.51706,-0.51706,NA,NA,NA,NA,NA,NA,NA,NA,NA,NA,NA,NA
NA,NA,NA,NA,NA,NA,NA,NA,NA,NA,NA,NA,NA,NA,NA,NA,16,2025-10-10,14:50:56,4,6,"Mangum, McCain",1000261673,Right,CAR_EAG,"Kilgore, Tanner",814348,Right,CAR_EAG,Undefined,1,Top,2,3,2,Fastball,Cutter,FoulBallNotFieldable,Undefined,Undefined,Undefined,0,0,NA,86.62963,-0.528833,-4.546751,2137.803356,199.969869,12:45:00,5.41654,3.25406,6.3163,-24.77651,11.52477,3.82929,2.86316,-0.62379,80.31878,-5.156433,-3.857701,0.433643,71.84674,23.088846,149.207521,4304.652524,NA,NA,NA,NA,27.65302,NA,NA,-3.0724,6.44426,-2.92235,50,5.36567,9.85249,-125.72213,-1.90325,-4.9893,21.999389999999998,-21.70918,CAR_EAG,CAR_EAG,CarsonNewman,TeamExclusive,Team,20251010-CarsonNewman-Private-1,0e6095e0-a60a-11f0-b95a-07f253d65970,86.92044,12.39556,NA,6.31085,NA,NA,NA,0.19382,2.56244,0.5915,0c368c5f-52eb-4b15-8a1f-5e10ac20fa49,2025-10-10,18:50:56,2025-10-10T18:50:56Z,2025-10-10T18:50:56Z,NA,v3,CNE,CNE,NA,"Van Ness, Jameson",1000370206,Right,CAR_EAG,b82d8c2d-85f1-4686-841d-100f9bffde62,54.18658,-126.45259,10.9997,5.4169,-1.18242,-10.85459,-3.25223,10.01816,-2.49465,304.665959,0.19589,-83.3641,2.67068,NA,NA,NA,NA,NA,NA,2.56618,41.15348,-25.84151,NA,NA,NA,NA,NA,NA,0.59518,49.45623,-14.60398,NA,NA,NA,NA,NA,NA,NA,NA,NA,NA,NA,NA,NA,NA,NA,NA,NA,NA,NA,NA,NA,NA,NA,NA,NA,NA,NA,NA,High,High,High,High,Undefined,NA,NA,NA,208.366292,52.834924,1291.475836,0.604113,01:00:00,-0.833855,-0.294361,-0.466944,-77.209305,21.181205,-51.360868,-0.342217,173.733568,-0.934007,-5.88669,0.934007,-0.102561,0.342217,20.122676,-20.012012,0.102561,-0.102561,-173.733568,20.012012,0.342217,5.88669,-20.122676,-0.342217,0.102561,0.934007,-0.934007,NA,NA,NA,NA,NA,NA,NA,NA,NA,NA,NA,NA
NA,NA,NA,NA,NA,NA,NA,NA,NA,NA,NA,NA,NA,NA,NA,NA,17,2025-10-10,14:51:16,4,7,"Mangum, McCain",1000261673,Right,CAR_EAG,"Kilgore, Tanner",814348,Right,CAR_EAG,Undefined,1,Top,2,3,2,Fastball,Cutter,BallCalled,Walk,Undefined,Undefined,0,0,NA,87.06313,0.511219,-3.049758,2164.999625,194.155965,12:30:00,5.50778,3.10514,6.13279,-24.59068,11.61375,2.67315,3.93178,0.50625,80.33387,-4.088178,-2.569068,0.433064,NA,NA,NA,NA,NA,NA,NA,NA,NA,NA,NA,-2.12925,6.19906,-2.87327,50,5.53399,6.63206,-126.48116,0.36965,-3.48724,23.1317,-22.02137,CAR_EAG,CAR_EAG,CarsonNewman,TeamExclusive,Team,20251010-CarsonNewman-Private-1,1a32b560-a60a-11f0-b95a-07f253d65970,87.0366,NA,NA,6.72926,NA,NA,NA,NA,NA,NA,0c368c5f-52eb-4b15-8a1f-5e10ac20fa49,2025-10-10,18:51:16,2025-10-10T18:51:16Z,2025-10-10T18:51:16Z,NA,v3,CNE,CNE,NA,"Van Ness, Jameson",1000370206,Right,CAR_EAG,b14036e8-3a02-4872-b88f-c34cdac510fa,54.36889,-127.27766,11.56585,5.5082,1.12792,-11.01069,-3.1037,6.75214,-1.74362,NA,NA,NA,NA,NA,NA,NA,NA,NA,NA,NA,NA,NA,NA,NA,NA,NA,NA,NA,NA,NA,NA,NA,NA,NA,NA,NA,NA,NA,NA,NA,NA,NA,NA,NA,NA,NA,NA,NA,NA,NA,NA,NA,NA,NA,NA,NA,NA,NA,NA,High,High,High,NA,NA,NA,NA,NA,209.754624,49.504697,1405.919821,0.649386,01:00:00,-0.792218,-0.315484,-0.522361,-66.867758,25.706551,-45.689208,-0.25444,175.924914,-0.964644,-3.940753,0.964644,-0.068725,0.25444,14.77614,-14.740411,0.068725,-0.068725,-175.924914,14.740411,0.25444,3.940753,-14.77614,-0.25444,0.068725,0.964644,-0.964644,NA,NA,NA,NA,NA,NA,NA,NA,NA,NA,NA,NA
NA,NA,NA,NA,NA,NA,NA,NA,NA,NA,NA,NA,NA,NA,NA,NA,18,2025-10-10,14:51:45,5,1,"Mangum, McCain",1000261673,Right,CAR_EAG,"Pierce, Johno",10069844,Right,CAR_EAG,Undefined,1,Top,2,0,0,Fastball,Four-Seam,FoulBallNotFieldable,Undefined,Undefined,Undefined,0,0,NA,86.83578,-1.249003,-3.961585,2202.280465,222.449232,01:30:00,5.39483,2.93098,6.56069,-24.02816,12.10894,10.05308,2.2444,0.13071,79.66307,-5.787433,-2.139889,0.432662,62.19618,37.375186,132.774869,5687.336625,NA,NA,NA,NA,28.92843,NA,NA,-6.3804,7.04327,-2.66155,50,5.29817,8.35872,-126.02856,-3.42701,-10.28448,25.08391,-20.82108,CAR_EAG,CAR_EAG,CarsonNewman,TeamExclusive,Team,20251010-CarsonNewman-Private-1,2c00d060-a60a-11f0-b95a-07f253d65970,87.11761,21.97694,NA,7.17271,NA,NA,NA,1.41363,2.10054,-0.2501,0c368c5f-52eb-4b15-8a1f-5e10ac20fa49,2025-10-10,18:51:45,2025-10-10T18:51:45Z,2025-10-10T18:51:45Z,NA,v3,CNE,CNE,NA,"Van Ness, Jameson",1000370206,Right,CAR_EAG,accaac5b-2e3a-4c88-93f0-734bd03f7604,53.94208,-126.81074,12.54196,5.39491,-2.77776,-10.41054,-2.9272,8.67942,-5.14224,300.734711,1.41604,-49.30619,2.03645,NA,NA,NA,NA,NA,NA,2.1133,54.98561,-22.93673,NA,NA,NA,NA,NA,NA,-0.23544,52.76391,-11.52138,NA,NA,NA,NA,NA,NA,NA,NA,NA,NA,NA,NA,NA,NA,NA,NA,NA,NA,NA,NA,NA,NA,NA,NA,NA,NA,NA,NA,High,High,High,High,Undefined,NA,NA,NA,216.172683,41.509948,1649.157169,0.748841,01:15:00,-0.693161,-0.456323,-0.55794,-68.625496,-3.552592,-47.889668,-0.212272,170.519507,-0.963864,-9.262513,0.963864,-0.160958,0.212272,12.420026,-12.255551,0.160958,-0.160958,-170.519507,12.255551,0.212272,9.262513,-12.420026,-0.212272,0.160958,0.963864,-0.963864,NA,NA,NA,NA,NA,NA,NA,NA,NA,NA,NA,NA
NA,NA,NA,NA,NA,NA,NA,NA,NA,NA,NA,NA,NA,NA,NA,NA,19,2025-10-10,14:52:11,5,2,"Mangum, McCain",1000261673,Right,CAR_EAG,"Pierce, Johno",10069844,Right,CAR_EAG,Undefined,1,Top,2,0,1,Fastball,Changeup,BallCalled,Undefined,Undefined,Undefined,0,0,NA,85.59078,-1.242759,-5.593296,2162.332575,224.424496,01:30:00,5.39381,3.16363,6.44201,-27.59206,9.7089,8.45441,1.94682,-1.2881,79.0673,-6.392551,-4.071307,0.439573,NA,NA,NA,NA,NA,NA,NA,NA,NA,NA,NA,-5.79792,5.74036,-2.76869,50,5.29268,11.8215,-123.95771,-3.5124,-9.11162,22.44972,-23.15292,CAR_EAG,CAR_EAG,CarsonNewman,TeamExclusive,Team,20251010-CarsonNewman-Private-1,3b7eb9d0-a60a-11f0-b95a-07f253d65970,85.74778,NA,NA,6.52349,NA,NA,NA,NA,NA,NA,0c368c5f-52eb-4b15-8a1f-5e10ac20fa49,2025-10-10,18:52:11,2025-10-10T18:52:11Z,2025-10-10T18:52:11Z,NA,v3,CNE,CNE,NA,"Van Ness, Jameson",1000370206,Right,CAR_EAG,c01c17ac-4ba0-4a57-a26d-62aacbcc73ca,54.06,-124.69084,11.22486,5.39504,-2.7563,-11.57646,-3.1596,12.11906,-4.55581,NA,NA,NA,NA,NA,NA,NA,NA,NA,NA,NA,NA,NA,NA,NA,NA,NA,NA,NA,NA,NA,NA,NA,NA,NA,NA,NA,NA,NA,NA,NA,NA,NA,NA,NA,NA,NA,NA,NA,NA,NA,NA,NA,NA,NA,NA,NA,NA,NA,NA,High,High,High,NA,NA,NA,NA,NA,210.389324,49.270202,1410.906018,0.652493,01:00:00,-0.801743,-0.346436,-0.487021,-72.817458,6.065705,-54.718317,-0.228226,172.477988,-0.96523,-7.322389,0.96523,-0.127452,0.228226,13.303114,-13.192656,0.127452,-0.127452,-172.477988,13.192656,0.228226,7.322389,-13.303114,-0.228226,0.127452,0.96523,-0.96523,NA,NA,NA,NA,NA,NA,NA,NA,NA,NA,NA,NA
NA,NA,NA,NA,NA,NA,NA,NA,NA,NA,NA,NA,NA,NA,NA,NA,20,2025-10-10,14:52:28,5,3,"Mangum, McCain",1000261673,Right,CAR_EAG,"Pierce, Johno",10069844,Right,CAR_EAG,Undefined,1,Top,2,1,1,Fastball,Changeup,FoulBallNotFieldable,Undefined,Undefined,Undefined,0,0,NA,84.87826,-1.122351,-4.418215,2123.529204,205.107672,12:45:00,5.48611,2.52206,6.28633,-25.22679,12.77674,5.47914,2.34624,-1.10149,78.44995,-5.840813,-3.431864,0.443694,72.78856,46.359989,77.952058,5696.112822,NA,NA,NA,NA,47.65401,NA,NA,-3.97177,7.26847,-2.19839,50,5.3907,9.31333,-123.14539,-3.15398,-6.16025,22.1548,-20.90058,CAR_EAG,CAR_EAG,CarsonNewman,TeamExclusive,Team,20251010-CarsonNewman-Private-1,4562c4f0-a60a-11f0-b95a-07f253d65970,84.95149,43.99481,NA,6.4283,NA,NA,NA,1.72611,2.37787,1.08292,0c368c5f-52eb-4b15-8a1f-5e10ac20fa49,2025-10-10,18:52:28,2025-10-10T18:52:28Z,2025-10-10T18:52:28Z,NA,v3,CNE,CNE,NA,"Van Ness, Jameson",1000370206,Right,CAR_EAG,0673f852-0455-4c62-a64b-94f6cd61ab23,54.21697,-123.90174,11.0774,5.48619,-2.44046,-10.45029,-2.51992,9.52363,-3.08012,NA,1.72611,15.37824,-3.95972,-0.58411,0.2702,-0.087790000000000007,-0.00641,0.0227,-0.00991,2.37787,77.25854,-24.77954,2.81206,-0.59278,0.12016,-0.04655,0.03378,-0.01236,1.08292,72.05243,-7.97791,1.78217,-0.41762,0.08832,-0.04861,0.03851,-0.01419,NA,NA,NA,NA,NA,NA,NA,NA,NA,NA,NA,NA,NA,NA,NA,NA,NA,NA,NA,NA,NA,NA,High,High,High,Medium,Undefined,NA,NA,NA,208.536106,49.913283,1367.438722,0.643946,01:00:00,-0.800224,-0.322548,-0.505574,-58.800845,28.222718,-39.931715,-0.15114,173.076797,-0.981305,-6.843289,0.981305,-0.119154,0.15114,8.755848,-8.692984,0.119154,-0.119154,-173.076797,8.692984,0.15114,6.843289,-8.755848,-0.15114,0.119154,0.981305,-0.981305,NA,NA,NA,NA,NA,NA,NA,NA,NA,NA,NA,NA
NA,NA,NA,NA,NA,NA,NA,NA,NA,NA,NA,NA,NA,NA,NA,NA,21,2025-10-10,14:53:20,5,4,"Mangum, McCain",1000261673,Right,CAR_EAG,"Pierce, Johno",10069844,Right,CAR_EAG,Undefined,1,Top,2,1,2,Slider,Curveball,InPlay,Undefined,GroundBall,Single,0,0,NA,74.64277,0.280143,-2.442879,2127.941383,49.743371,07:45:00,5.54167,3.14789,5.68679,-58.27145,-6.84555,-10.23508,0.94708,0.01654,68.01604,-10.354141,-4.274595,0.516134,69.10948,-30.133158,-23.985954,NA,NA,NA,NA,4.17609,4.17609,-11.947549,0.021844,4.4163,-3.11705,-2.93549,50,5.52866,4.98431,-108.21630999999999,-1.28984,5.13491,22.31886,-35.79828,CAR_EAG,CAR_EAG,CarsonNewman,TeamExclusive,Team,20251010-CarsonNewman-Private-1,6490f270-a60a-11f0-b95a-07f253d65970,73.02844,1.11337,NA,6.62673,NA,NA,NA,2.33316,1.11337,-0.08479,0c368c5f-52eb-4b15-8a1f-5e10ac20fa49,2025-10-10,18:53:20,2025-10-10T18:53:20Z,2025-10-10T18:53:20Z,GroundBall,v3,CNE,CNE,NA,"Van Ness, Jameson",1000370206,Right,CAR_EAG,f23037d4-8428-4a45-8990-92fb93e58fb8,54.8165,-109.20516,11.15943,5.55067,0.29622,-17.89914,-3.15128,4.7568,2.56746,NA,2.33269,80.22566,NA,NA,NA,NA,NA,NA,NA,1.11366,-50.96863,NA,NA,NA,NA,NA,NA,NA,-0.08458,-35.6952,NA,NA,NA,NA,NA,NA,NA,NA,NA,NA,NA,NA,NA,NA,NA,NA,NA,NA,NA,NA,NA,NA,NA,NA,NA,NA,NA,NA,NA,High,High,High,Estimated,Estimated,NA,NA,NA,60.613981,71.394246,678.929254,0.319054,08:00:00,-0.938833,0.282633,0.196752,-91.353727,37.565722,-46.479709,-0.374378,121.001181,-0.477599,-52.638351,0.477599,-0.794821,0.374378,38.092018,-21.985872,0.794821,-0.794821,-121.001181,21.985872,0.374378,52.638351,-38.092018,-0.374378,0.794821,0.477599,-0.477599,NA,NA,NA,NA,NA,NA,NA,NA,NA,NA,NA,NA
NA,NA,NA,NA,NA,NA,NA,NA,NA,NA,NA,NA,NA,NA,NA,NA,22,2025-10-10,14:54:02,6,1,"Mangum, McCain",1000261673,Right,CAR_EAG,"Benner, Seth",1000370212,Right,CAR_EAG,Undefined,1,Top,2,0,0,Fastball,Cutter,StrikeCalled,Undefined,Undefined,Undefined,0,0,NA,85.28766,-0.612673,-4.219623,2083.444434,187.422516,12:15:00,5.59453,2.91904,6.28885,-23.27304,14.48442,1.7413,3.08892,-0.83173,78.48538,-4.991224,-3.906315,0.442255,NA,NA,NA,NA,NA,NA,NA,NA,NA,NA,NA,-1.99319,8.03426,-2.6084,50,5.53783,9.05942,-123.7028,-1.98744,-3.10921,23.12678,-19.64128,CAR_EAG,CAR_EAG,CarsonNewman,TeamExclusive,Team,20251010-CarsonNewman-Private-1,7d0bbb50-a60a-11f0-b95a-07f253d65970,85.22787,NA,NA,6.80228,NA,NA,NA,NA,NA,NA,0c368c5f-52eb-4b15-8a1f-5e10ac20fa49,2025-10-10,18:54:02,2025-10-10T18:54:02Z,2025-10-10T18:54:02Z,NA,v3,CNE,CNE,NA,"Van Ness, Jameson",1000370206,Right,CAR_EAG,3fde119a-bc11-4f58-b6c3-ecf4052400dc,54.21164,-124.4877,11.56339,5.59397,-1.32084,-9.82064,-2.91765,9.16494,-1.55461,NA,NA,NA,NA,NA,NA,NA,NA,NA,NA,NA,NA,NA,NA,NA,NA,NA,NA,NA,NA,NA,NA,NA,NA,NA,NA,NA,NA,NA,NA,NA,NA,NA,NA,NA,NA,NA,NA,NA,NA,NA,NA,NA,NA,NA,NA,NA,NA,NA,NA,High,High,High,NA,NA,NA,NA,NA,215.587405,41.582769,1558.411697,0.747998,01:15:00,-0.70198,-0.442365,-0.558155,-62.513932,15.844726,-38.060876,-0.183732,173.145778,-0.975951,-6.736994,0.975951,-0.117312,0.183732,10.661668,-10.587198,0.117312,-0.117312,-173.145778,10.587198,0.183732,6.736994,-10.661668,-0.183732,0.117312,0.975951,-0.975951,NA,NA,NA,NA,NA,NA,NA,NA,NA,NA,NA,NA
NA,NA,NA,NA,NA,NA,NA,NA,NA,NA,NA,NA,NA,NA,NA,NA,23,2025-10-10,14:54:51,6,2,"Mangum, McCain",1000261673,Right,CAR_EAG,"Benner, Seth",1000370212,Right,CAR_EAG,Undefined,1,Top,2,0,1,Fastball,Slider,BallCalled,Undefined,Undefined,Undefined,0,0,NA,84.23989,-0.490517,-4.469479,2125.256654,164.310063,11:30:00,5.5189,2.90951,6.32243,-27.80155,10.61682,-2.69236,2.74894,-1.4397,78.19976,-5.664449,-4.953981,0.446109,NA,NA,NA,NA,NA,NA,NA,NA,NA,NA,NA,0.32846,5.98823,-2.581,50,5.46954,9.6551,-122.25042,-1.86779,0.50373,21.06823,-22.99002,CAR_EAG,CAR_EAG,CarsonNewman,TeamExclusive,Team,20251010-CarsonNewman-Private-1,9a7184e0-a60a-11f0-b95a-07f253d65970,84.49158,NA,NA,6.04012,NA,NA,NA,NA,NA,NA,0c368c5f-52eb-4b15-8a1f-5e10ac20fa49,2025-10-10,18:54:51,2025-10-10T18:54:51Z,2025-10-10T18:54:51Z,NA,v3,CNE,CNE,NA,"Van Ness, Jameson",1000370206,Right,CAR_EAG,c741704d-14d6-4823-9048-51555d4b787f,54.18002,-122.96868,10.53412,5.51986,-1.08401,-11.49501,-2.90987,9.63792,0.25187,NA,NA,NA,NA,NA,NA,NA,NA,NA,NA,NA,NA,NA,NA,NA,NA,NA,NA,NA,NA,NA,NA,NA,NA,NA,NA,NA,NA,NA,NA,NA,NA,NA,NA,NA,NA,NA,NA,NA,NA,NA,NA,NA,NA,NA,NA,NA,NA,NA,NA,High,High,High,NA,NA,NA,NA,NA,210.556275,51.25258,1330.17338,0.625888,01:00:00,-0.816798,-0.324857,-0.47677,-69.388057,26.360901,-44.096967,-0.267625,173.329894,-0.957001,-6.425757,0.957001,-0.111916,0.267625,15.623628,-15.522993,0.111916,-0.111916,-173.329894,15.522993,0.267625,6.425757,-15.623628,-0.267625,0.111916,0.957001,-0.957001,NA,NA,NA,NA,NA,NA,NA,NA,NA,NA,NA,NA
NA,NA,NA,NA,NA,NA,NA,NA,NA,NA,NA,NA,NA,NA,NA,NA,24,2025-10-10,14:55:27,6,3,"Mangum, McCain",1000261673,Right,CAR_EAG,"Benner, Seth",1000370212,Right,CAR_EAG,Undefined,1,Top,2,1,1,Fastball,Four-Seam,StrikeSwinging,Undefined,Undefined,Undefined,0,0,NA,87.07954,-1.237878,-2.596271,2151.191537,185.586923,12:15:00,5.49987,2.2216,6.12889,-21.41844,14.99954,1.35886,2.56935,-0.06679,79.97707,-5.271317,-2.351677,0.434339,NA,NA,NA,NA,NA,NA,NA,NA,NA,NA,NA,-1.3898,8.41831,-2.02363,50,5.39384,5.67869,-126.44061,-3.36598,-2.25935,24.76893,-18.48875,CAR_EAG,CAR_EAG,CarsonNewman,TeamExclusive,Team,20251010-CarsonNewman-Private-1,b0501f10-a60a-11f0-b95a-07f253d65970,86.78108,NA,NA,7.10247,NA,NA,NA,NA,NA,NA,0c368c5f-52eb-4b15-8a1f-5e10ac20fa49,2025-10-10,18:55:27,2025-10-10T18:55:27Z,2025-10-10T18:55:27Z,NA,v3,CNE,CNE,NA,"Van Ness, Jameson",1000370206,Right,CAR_EAG,0791e0fc-c1cb-4872-9939-4c230e9b7fbc,54.37166,-127.29411,12.38446,5.49885,-2.72889,-9.24438,-2.22065,5.75655,-1.12968,NA,NA,NA,NA,NA,NA,NA,NA,NA,NA,NA,NA,NA,NA,NA,NA,NA,NA,NA,NA,NA,NA,NA,NA,NA,NA,NA,NA,NA,NA,NA,NA,NA,NA,NA,NA,NA,NA,NA,NA,NA,NA,NA,NA,NA,NA,NA,NA,NA,NA,High,High,High,NA,NA,NA,NA,NA,215.299711,42.963602,1574.213578,0.731787,01:15:00,-0.698603,-0.43749,-0.566177,-57.013142,19.782278,-33.171178,-0.137396,172.260394,-0.981493,-7.665762,0.981493,-0.133394,0.137396,7.968842,-7.897169,0.133394,-0.133394,-172.260394,7.897169,0.137396,7.665762,-7.968842,-0.137396,0.133394,0.981493,-0.981493,NA,NA,NA,NA,NA,NA,NA,NA,NA,NA,NA,NA
NA,NA,NA,NA,NA,NA,NA,NA,NA,NA,NA,NA,NA,NA,NA,NA,25,2025-10-10,14:55:49,6,4,"Mangum, McCain",1000261673,Right,CAR_EAG,"Benner, Seth",1000370212,Right,CAR_EAG,Undefined,1,Top,2,1,2,Fastball,Cutter,FoulBallNotFieldable,Undefined,Undefined,Undefined,0,0,NA,87.58759,-1.799037,-3.827014,2121.151235,194.584946,12:30:00,5.4491,2.35835,6.50415,-23.75667,11.64009,2.76331,1.8139,-0.92922,80.96463,-6.255651,-3.326957,0.428206,NA,NA,NA,NA,NA,NA,NA,NA,NA,NA,NA,-2.41673,6.8841,-2.09154,50,5.31245,8.40195,-127.14775,-4.68815,-3.99194,23.8676,-20.80289,CAR_EAG,CAR_EAG,CarsonNewman,TeamExclusive,Team,20251010-CarsonNewman-Private-1,bcf17570-a60a-11f0-b95a-07f253d65970,88.02403,NA,NA,6.62296,NA,NA,NA,NA,NA,NA,0c368c5f-52eb-4b15-8a1f-5e10ac20fa49,2025-10-10,18:55:49,2025-10-10T18:55:49Z,2025-10-10T18:55:49Z,NA,v3,CNE,CNE,NA,"Van Ness, Jameson",1000370206,Right,CAR_EAG,3cdfbc17-0b3c-4283-893b-30b7644e10cb,53.99832,-127.89609,11.9338,5.44922,-4.0359,-10.40144,-2.35693,8.52711,-1.99597,NA,NA,NA,NA,NA,NA,NA,NA,NA,NA,NA,NA,NA,NA,NA,NA,NA,NA,NA,NA,NA,NA,NA,NA,NA,NA,NA,NA,NA,NA,NA,NA,NA,NA,NA,NA,NA,NA,NA,NA,NA,NA,NA,NA,NA,NA,NA,NA,NA,NA,High,High,High,NA,NA,NA,NA,NA,215.94235,42.146842,1572.679827,0.741427,01:15:00,-0.695639,-0.456048,-0.555073,-61.063482,6.208208,-42.383923,-0.112808,171.605458,-0.982971,-8.340575,0.982971,-0.145057,0.112808,6.546744,-6.477203,0.145057,-0.145057,-171.605458,6.477203,0.112808,8.340575,-6.546744,-0.112808,0.145057,0.982971,-0.982971,NA,NA,NA,NA,NA,NA,NA,NA,NA,NA,NA,NA
NA,NA,NA,NA,NA,NA,NA,NA,NA,NA,NA,NA,NA,NA,NA,NA,26,2025-10-10,14:56:08,6,5,"Mangum, McCain",1000261673,Right,CAR_EAG,"Benner, Seth",1000370212,Right,CAR_EAG,Undefined,1,Top,2,1,2,Fastball,Cutter,FoulBallNotFieldable,Undefined,Undefined,Undefined,0,0,NA,86.93047,-0.493723,-3.106159,2138.055143,174.164239,11:45:00,5.44479,2.42843,6.34562,-22.65608,13.49123,-1.27138,3.10157,-0.53991,80.07496,-4.760342,-3.335668,0.432722,NA,NA,NA,NA,NA,NA,NA,NA,NA,NA,NA,-0.14079,7.47953,-2.20198,50,5.39797,6.90177,-126.236,-1.74166,-0.22904,23.74187,-20.00674,CAR_EAG,CAR_EAG,CarsonNewman,TeamExclusive,Team,20251010-CarsonNewman-Private-1,c8453d30-a60a-11f0-b95a-07f253d65970,87.10535,NA,NA,6.8555,NA,NA,NA,NA,NA,NA,0c368c5f-52eb-4b15-8a1f-5e10ac20fa49,2025-10-10,18:56:08,2025-10-10T18:56:08Z,2025-10-10T18:56:08Z,NA,v3,CNE,CNE,NA,"Van Ness, Jameson",1000370206,Right,CAR_EAG,152986da-20a7-45ee-a853-783caead99e4,54.15297,-127.01467,11.87094,5.44433,-1.0855,-10.00337,-2.42846,6.90928,-0.11452,NA,NA,NA,NA,NA,NA,NA,NA,NA,NA,NA,NA,NA,NA,NA,NA,NA,NA,NA,NA,NA,NA,NA,NA,NA,NA,NA,NA,NA,NA,NA,NA,NA,NA,NA,NA,NA,NA,NA,NA,NA,NA,NA,NA,NA,NA,NA,NA,NA,NA,High,High,High,NA,NA,NA,NA,NA,210.985161,50.3595,1364.011784,0.637968,01:00:00,-0.795713,-0.33506,-0.504555,-71.61741,7.795934,-53.861385,-0.234874,172.430438,-0.963555,-7.356622,0.963555,-0.128045,0.234874,13.69913,-13.584193,0.128045,-0.128045,-172.430438,13.584193,0.234874,7.356622,-13.69913,-0.234874,0.128045,0.963555,-0.963555,NA,NA,NA,NA,NA,NA,NA,NA,NA,NA,NA,NA
NA,NA,NA,NA,NA,NA,NA,NA,NA,NA,NA,NA,NA,NA,NA,NA,27,2025-10-10,14:56:35,6,6,"Mangum, McCain",1000261673,Right,CAR_EAG,"Benner, Seth",1000370212,Right,CAR_EAG,Undefined,1,Top,2,1,2,Fastball,Cutter,InPlay,Undefined,FlyBall,Out,1,0,NA,87.4828,-1.258482,-2.537954,2172.57506,178.68014,12:00:00,5.45981,2.34625,6.45908,-21.12926,14.34646,-0.30685,2.54163,-0.0123,80.70922,-5.249984,-2.593533,0.428684,81.17138,27.665247,-1.12132,2203.793233,109.9512,46.55332,3.27527,292.8816,288.61129,5.855526,4.001902,-0.49047,8.16902,-2.16657,50,5.3611,5.6485900000000004,-127.18215,-3.38929,-0.80924,24.29214,-18.6957,CAR_EAG,CAR_EAG,CarsonNewman,TeamExclusive,Team,20251010-CarsonNewman-Private-1,d88b0a80-a60a-11f0-b95a-07f253d65970,87.92595,53.20396,NA,6.77358,NA,NA,NA,1.97114,2.70069,0.00851,0c368c5f-52eb-4b15-8a1f-5e10ac20fa49,2025-10-10,18:56:35,2025-10-10T18:56:35Z,2025-10-10T18:56:35Z,LineDrive,v3,CNE,CNE,NA,"Van Ness, Jameson",1000370206,Right,CAR_EAG,83448435-6cda-4ab8-8104-5e14a2a4d01c,54.04438,-127.95231,12.14607,5.45916,-2.79657,-9.34785,-2.34606,5.67424,-0.40462,213.017185,1.97159,105.41003,-15.6866,3.3006,-0.63638,0.13616,-0.03512,0.00658,-5.1e-4,2.70082,55.2705,-16.31472,0.64469,0.13672,-0.1572,0.06317,-0.01143,7.7e-4,0.00811,-2.05172,5.42979,-1.48529,0.29639,-0.04465,0.0074,-0.00127,1e-4,NA,NA,NA,NA,NA,NA,NA,NA,NA,NA,NA,NA,NA,NA,NA,NA,NA,NA,NA,NA,NA,NA,High,High,High,High,High,NA,NA,NA,212.391193,46.555034,1493.987562,0.687658,01:00:00,-0.742778,-0.384233,-0.548312,-68.819445,7.756027,-54.469565,-0.22236,177.403452,-0.973964,-2.5315,0.973964,-0.044169,0.22236,12.860443,-12.847677,0.044169,-0.044169,-177.403452,12.847677,0.22236,2.5315,-12.860443,-0.22236,0.044169,0.973964,-0.973964,NA,NA,NA,NA,NA,NA,NA,NA,NA,NA,NA,NA
NA,NA,NA,NA,NA,NA,NA,NA,NA,NA,NA,NA,NA,NA,NA,NA,28,2025-10-10,14:59:27,1,1,"Fletcher, Drew",1000357758,Right,CAR_EAG,"Mutter, Evan",1000300074,Right,CAR_EAG,Undefined,1,Bottom,0,0,0,Fastball,Changeup,StrikeCalled,Undefined,Undefined,Undefined,0,0,NA,85.49291,0.14559,-4.400033,2009.770993,257.982727,02:30:00,5.29034,2.94212,5.77178,-34.30431,4.83937,15.99493,2.56754,0.17215,77.00379,-6.220117,-1.545115,0.4503,NA,NA,NA,NA,NA,NA,NA,NA,NA,NA,NA,-9.49776,2.86374,-2.58707,50,5.28202,8.83438,-123.65704,-0.8573,-14.47946,28.20417,-27.80823,CAR_EAG,CAR_EAG,CarsonNewman,TeamExclusive,Team,20251010-CarsonNewman-Private-1,3efa2f80-a60b-11f0-b95a-07f253d65970,83.70512,NA,NA,8.48912,NA,NA,NA,NA,NA,NA,0c368c5f-52eb-4b15-8a1f-5e10ac20fa49,2025-10-10,18:59:27,2025-10-10T18:59:27Z,2025-10-10T18:59:27Z,NA,v3,CNE,CNE,NA,"Rogers, Jacob",1000215913,Right,CAR_EAG,68fe8102-9752-4100-95a0-86aaec1a18ef,54.72766,-124.73069,14.10209,5.29451,0.20127,-13.90411,-2.93386,9.38557,-7.23973,NA,NA,NA,NA,NA,NA,NA,NA,NA,NA,NA,NA,NA,NA,NA,NA,NA,NA,NA,NA,NA,NA,NA,NA,NA,NA,NA,NA,NA,NA,NA,NA,NA,NA,NA,NA,NA,NA,NA,NA,NA,NA,NA,NA,NA,NA,NA,NA,NA,NA,High,High,High,NA,NA,NA,NA,NA,236.792635,28.033383,1773.972422,0.882674,02:00:00,-0.507558,-0.737331,-0.445789,69.951319,52.715431,46.183337,0.963432,137.637696,-0.197991,10.401888,0.197991,-0.180552,-0.963432,78.387077,74.457468,0.180552,0.180552,-137.637696,-74.457468,0.963432,-10.401888,-78.387077,-0.963432,-0.180552,0.197991,-0.197991,NA,NA,NA,NA,NA,NA,NA,NA,NA,NA,NA,NA
NA,NA,NA,NA,NA,NA,NA,NA,NA,NA,NA,NA,NA,NA,NA,NA,29,2025-10-10,15:00:11,1,2,"Fletcher, Drew",1000357758,Right,CAR_EAG,"Mutter, Evan",1000300074,Right,CAR_EAG,Undefined,1,Bottom,0,0,1,Slider,Slider,StrikeCalled,Undefined,Undefined,Undefined,0,0,NA,75.20619,0.905734,-3.989263,2301.459165,121.284326,10:00:00,4.88862,3.62804,5.61956,-44.99006,5.40504,-6.195,1.98688,-0.61737,68.77401,-7.352875,-5.0903,0.510935,NA,NA,NA,NA,NA,NA,NA,NA,NA,NA,NA,1.95189,2.98032,-3.28298,50,4.93737,7.82335,-108.8864,0.33921,2.32942,20.18389,-28.61731,CAR_EAG,CAR_EAG,CarsonNewman,TeamExclusive,Team,20251010-CarsonNewman-Private-1,595a0c10-a60b-11f0-b95a-07f253d65970,73.77151,NA,NA,6.43217,NA,NA,NA,NA,NA,NA,0c368c5f-52eb-4b15-8a1f-5e10ac20fa49,2025-10-10,19:00:11,2025-10-10T19:00:11Z,2025-10-10T19:00:11Z,NA,v3,CNE,CNE,NA,"Rogers, Jacob",1000215913,Right,CAR_EAG,ecbfad32-2a18-434b-9041-fa7d7b2f3839,54.8808,-109.78741,10.09195,4.89372,1.61668,-14.30866,-3.62989,7.71936,1.16471,NA,NA,NA,NA,NA,NA,NA,NA,NA,NA,NA,NA,NA,NA,NA,NA,NA,NA,NA,NA,NA,NA,NA,NA,NA,NA,NA,NA,NA,NA,NA,NA,NA,NA,NA,NA,NA,NA,NA,NA,NA,NA,NA,NA,NA,NA,NA,NA,NA,NA,High,High,High,NA,NA,NA,NA,NA,140.891873,76.808142,525.221802,0.228213,10:45:00,-0.981181,0.159325,-0.109087,-2.922337,36.458779,-3.032515,-0.141565,132.477612,-0.668501,-46.895907,0.668501,-0.730113,0.141565,11.956583,-8.138411,0.730113,-0.730113,-132.477612,8.138411,0.141565,46.895907,-11.956583,-0.141565,0.730113,0.668501,-0.668501,NA,NA,NA,NA,NA,NA,NA,NA,NA,NA,NA,NA
NA,NA,NA,NA,NA,NA,NA,NA,NA,NA,NA,NA,NA,NA,NA,NA,30,2025-10-10,15:00:50,1,3,"Fletcher, Drew",1000357758,Right,CAR_EAG,"Mutter, Evan",1000300074,Right,CAR_EAG,Undefined,1,Bottom,0,0,2,Slider,Slider,StrikeCalled,Strikeout,Undefined,Undefined,0,0,NA,75.62428,0.734591,-3.337471,2291.562203,128.533275,10:15:00,4.91609,3.35525,5.54162,-41.94518,7.52091,-7.59185,2.10845,-0.4003,69.72345,-6.949247,-4.686429,0.506204,NA,NA,NA,NA,NA,NA,NA,NA,NA,NA,NA,2.93768,4.07162,-3.06041,50,4.95211,6.67854,-109.66426,0.1015,3.5905,18.73028,-27.19761,CAR_EAG,CAR_EAG,CarsonNewman,TeamExclusive,Team,20251010-CarsonNewman-Private-1,70c44f50-a60b-11f0-b95a-07f253d65970,74.46103,NA,NA,5.90083,NA,NA,NA,NA,NA,NA,0c368c5f-52eb-4b15-8a1f-5e10ac20fa49,2025-10-10,19:00:50,2025-10-10T19:00:50Z,2025-10-10T19:00:50Z,NA,v3,CNE,CNE,NA,"Rogers, Jacob",1000215913,Right,CAR_EAG,b397e4d8-121e-4601-b379-9ea817047f54,54.95964,-110.5081,9.36514,4.91994,1.32682,-13.59881,-3.35765,6.51678,1.79525,NA,NA,NA,NA,NA,NA,NA,NA,NA,NA,NA,NA,NA,NA,NA,NA,NA,NA,NA,NA,NA,NA,NA,NA,NA,NA,NA,NA,NA,NA,NA,NA,NA,NA,NA,NA,NA,NA,NA,NA,NA,NA,NA,NA,NA,NA,NA,NA,NA,NA,High,High,High,NA,NA,NA,NA,NA,127.011959,75.640005,568.338452,0.248014,10:15:00,-0.973191,0.210445,-0.092801,9.438105,31.207758,-6.993704,0.007915,126.862359,-0.599876,53.135247,0.599876,-0.800054,-0.007915,0.755986,0.453529,0.800054,0.800054,-126.862359,-0.453529,0.007915,-53.135247,-0.755986,-0.007915,-0.800054,0.599876,-0.599876,NA,NA,NA,NA,NA,NA,NA,NA,NA,NA,NA,NA
NA,NA,NA,NA,NA,NA,NA,NA,NA,NA,NA,NA,NA,NA,NA,NA,31,2025-10-10,15:01:23,2,1,"Fletcher, Drew",1000357758,Right,CAR_EAG,"Wyatt, Jack",10013525,Right,CAR_EAG,Undefined,1,Bottom,1,0,0,Fastball,Changeup,BallCalled,Undefined,Undefined,Undefined,0,0,NA,86.19703,-1.037914,-3.074684,2034.148558,259.065051,02:45:00,5.12496,3.3049,5.77596,-33.40376,4.75095,17.79131,1.37398,1.92359,78.3478,-7.213944,0.111054,0.444575,NA,NA,NA,NA,NA,NA,NA,NA,NA,NA,NA,-9.99319,3.13075,-3.06147,50,5.01903,5.96809,-124.95511,-3.41518,-15.65107,27.39184,-27.27074,CAR_EAG,CAR_EAG,CarsonNewman,TeamExclusive,Team,20251010-CarsonNewman-Private-1,849677b0-a60b-11f0-b95a-07f253d65970,84.78301,NA,NA,7.84923,NA,NA,NA,NA,NA,NA,0c368c5f-52eb-4b15-8a1f-5e10ac20fa49,2025-10-10,19:01:23,2025-10-10T19:01:23Z,2025-10-10T19:01:23Z,NA,v3,CNE,CNE,NA,"Rogers, Jacob",1000215913,Right,CAR_EAG,61c15fe8-716d-4d95-a391-d5c476d8ed92,54.72577,-125.9868,13.69592,5.12831,-2.38805,-13.63537,-3.29736,6.55758,-7.82554,NA,NA,NA,NA,NA,NA,NA,NA,NA,NA,NA,NA,NA,NA,NA,NA,NA,NA,NA,NA,NA,NA,NA,NA,NA,NA,NA,NA,NA,NA,NA,NA,NA,NA,NA,NA,NA,NA,NA,NA,NA,NA,NA,NA,NA,NA,NA,NA,NA,NA,High,High,High,NA,NA,NA,NA,NA,237.118887,27.145025,1810.09634,0.889855,02:00:00,-0.467908,-0.755441,-0.458663,73.784797,50.99942,54.299433,0.955648,136.811615,-0.214731,11.628426,0.214731,-0.201564,-0.955648,77.336154,72.871716,0.201564,0.201564,-136.811615,-72.871716,0.955648,-11.628426,-77.336154,-0.955648,-0.201564,0.214731,-0.214731,NA,NA,NA,NA,NA,NA,NA,NA,NA,NA,NA,NA
NA,NA,NA,NA,NA,NA,NA,NA,NA,NA,NA,NA,NA,NA,NA,NA,32,2025-10-10,15:01:47,2,2,"Fletcher, Drew",1000357758,Right,CAR_EAG,"Wyatt, Jack",10013525,Right,CAR_EAG,Undefined,1,Bottom,1,1,0,ChangeUp,Changeup,FoulBallNotFieldable,Undefined,Undefined,Undefined,0,0,NA,75.45964,1.360672,-4.113161,1508.348638,270.305537,03:00:00,4.81411,3.3201,6.17623,-47.53884,1.63055,10.2426,2.1127,0.36831,68.59711,-7.465019,-2.270965,0.504683,NA,NA,NA,NA,NA,NA,NA,NA,NA,NA,NA,-6.61221,0.85244,-3.01377,50,4.89304,7.51465,-109.33235,1.25306,-7.91761,21.20824,-31.15332,CAR_EAG,CAR_EAG,CarsonNewman,TeamExclusive,Team,20251010-CarsonNewman-Private-1,92aeb6a0-a60b-11f0-b95a-07f253d65970,74.68534,NA,NA,6.86253,NA,NA,NA,NA,NA,NA,0c368c5f-52eb-4b15-8a1f-5e10ac20fa49,2025-10-10,19:01:47,2025-10-10T19:01:47Z,2025-10-10T19:01:47Z,NA,v3,CNE,CNE,NA,"Rogers, Jacob",1000215913,Right,CAR_EAG,eeb78fec-76cf-47bf-8a92-aef2c2ee371b,54.32661,-110.16842,10.60412,4.81943,2.4812,-15.57666,-3.31617,7.82678,-3.95881,NA,NA,NA,NA,NA,NA,NA,NA,NA,NA,NA,NA,NA,NA,NA,NA,NA,NA,NA,NA,NA,NA,NA,NA,NA,NA,NA,NA,NA,NA,NA,NA,NA,NA,NA,NA,NA,NA,NA,NA,NA,NA,NA,NA,NA,NA,NA,NA,NA,NA,High,High,High,NA,NA,NA,NA,NA,252.115279,41.186261,1135.142219,0.752573,02:30:00,-0.690168,-0.700367,-0.182083,29.57477,63.905527,-6.366993,0.981038,147.451963,-0.163375,5.985323,0.163375,-0.104274,-0.981038,80.54517,78.824495,0.104274,0.104274,-147.451963,-78.824495,0.981038,-5.985323,-80.54517,-0.981038,-0.104274,0.163375,-0.163375,NA,NA,NA,NA,NA,NA,NA,NA,NA,NA,NA,NA
NA,NA,NA,NA,NA,NA,NA,NA,NA,NA,NA,NA,NA,NA,NA,NA,33,2025-10-10,15:02:19,2,3,"Fletcher, Drew",1000357758,Right,CAR_EAG,"Wyatt, Jack",10013525,Right,CAR_EAG,Undefined,1,Bottom,1,1,1,ChangeUp,Changeup,BallCalled,Undefined,Undefined,Undefined,0,0,NA,75.48738,2.166041,-2.077921,1554.528519,266.365162,03:00:00,4.86964,3.39381,6.00451,-46.82018,2.58024,13.75079,2.97722,2.61353,68.40285,-6.531833,0.393652,0.505868,NA,NA,NA,NA,NA,NA,NA,NA,NA,NA,NA,-7.65134,1.20567,-3.23757,50,5.01498,3.47006,-109.45367,2.7554,-9.17572,21.38241,-30.72818,CAR_EAG,CAR_EAG,CarsonNewman,TeamExclusive,Team,20251010-CarsonNewman-Private-1,a5d535b0-a60b-11f0-b95a-07f253d65970,74.5105,NA,NA,7.08453,NA,NA,NA,NA,NA,NA,0c368c5f-52eb-4b15-8a1f-5e10ac20fa49,2025-10-10,19:02:19,2025-10-10T19:02:19Z,2025-10-10T19:02:19Z,NA,v3,CNE,CNE,NA,"Rogers, Jacob",1000215913,Right,CAR_EAG,c076280c-b28d-4d07-b5f3-df33c15feff4,54.49581,-110.32846,10.69121,4.87654,4.01254,-15.36409,-3.38721,3.84545,-4.58786,NA,NA,NA,NA,NA,NA,NA,NA,NA,NA,NA,NA,NA,NA,NA,NA,NA,NA,NA,NA,NA,NA,NA,NA,NA,NA,NA,NA,NA,NA,NA,NA,NA,NA,NA,NA,NA,NA,NA,NA,NA,NA,NA,NA,NA,NA,NA,NA,NA,NA,High,High,High,NA,NA,NA,NA,NA,252.905777,39.793439,1194.432583,0.768357,02:30:00,-0.675072,-0.709698,-0.201509,16.71442,64.361768,-11.557128,0.955068,171.710344,-0.293291,2.449132,0.293291,-0.042732,-0.955068,72.928862,72.75925,0.042732,0.042732,-171.710344,-72.75925,0.955068,-2.449132,-72.928862,-0.955068,-0.042732,0.293291,-0.293291,NA,NA,NA,NA,NA,NA,NA,NA,NA,NA,NA,NA
NA,NA,NA,NA,NA,NA,NA,NA,NA,NA,NA,NA,NA,NA,NA,NA,34,2025-10-10,15:02:42,2,4,"Fletcher, Drew",1000357758,Right,CAR_EAG,"Wyatt, Jack",10013525,Right,CAR_EAG,Undefined,1,Bottom,1,2,1,Slider,Curveball,BallCalled,Undefined,Undefined,Undefined,0,0,NA,73.10566,2.120264,-1.141006,2203.159829,114.02807,09:45:00,4.86842,3.362,5.37156,-46.91692,6.61481,-11.00414,2.94797,1.37502,66.82074,-6.487872,-3.094992,0.526595,NA,NA,NA,NA,NA,NA,NA,NA,NA,NA,NA,5.17481,3.24201,-3.25166,50,5.02566,2.52224,-106.00549,2.46929,5.86964,18.65742,-28.49673,CAR_EAG,CAR_EAG,CarsonNewman,TeamExclusive,Team,20251010-CarsonNewman-Private-1,b351f7f0-a60b-11f0-b95a-07f253d65970,71.5776,NA,NA,6.28492,NA,NA,NA,NA,NA,NA,0c368c5f-52eb-4b15-8a1f-5e10ac20fa49,2025-10-10,19:02:42,2025-10-10T19:02:42Z,2025-10-10T19:02:42Z,NA,v3,CNE,CNE,NA,"Rogers, Jacob",1000215913,Right,CAR_EAG,2bb4c16c-3539-4340-a5b3-2f0871226f53,55.12891,-106.90439,9.32871,4.87362,3.84223,-14.24836,-3.36636,2.23945,2.93482,NA,NA,NA,NA,NA,NA,NA,NA,NA,NA,NA,NA,NA,NA,NA,NA,NA,NA,NA,NA,NA,NA,NA,NA,NA,NA,NA,NA,NA,NA,NA,NA,NA,NA,NA,NA,NA,NA,NA,NA,NA,NA,NA,NA,NA,NA,NA,NA,NA,NA,High,High,High,NA,NA,NA,NA,NA,117.310662,70.867848,722.081484,0.327748,10:00:00,-0.936154,0.325969,-0.13176,9.108332,31.652153,-11.162703,-0.037656,129.933457,-0.641442,-50.018024,0.641442,-0.766247,0.037656,3.359718,-2.158049,0.766247,-0.766247,-129.933457,2.158049,0.037656,50.018024,-3.359718,-0.037656,0.766247,0.641442,-0.641442,NA,NA,NA,NA,NA,NA,NA,NA,NA,NA,NA,NA
NA,NA,NA,NA,NA,NA,NA,NA,NA,NA,NA,NA,NA,NA,NA,NA,35,2025-10-10,15:03:05,2,5,"Fletcher, Drew",1000357758,Right,CAR_EAG,"Wyatt, Jack",10013525,Right,CAR_EAG,Undefined,1,Bottom,1,3,1,Fastball,Changeup,StrikeSwinging,Undefined,Undefined,Undefined,0,0,NA,84.96309,0.02681,-3.755255,1919.15911,253.296948,02:30:00,5.18484,3.02672,6.24029,-32.46502,5.77378,15.24875,2.50421,0.82843,77.80822,-6.023875,-1.006303,0.445065,NA,NA,NA,NA,NA,NA,NA,NA,NA,NA,NA,-8.91382,3.36559,-2.75362,50,5.1709,7.50182,-123.29945,-0.95669,-13.73526,24.29788,-26.988,CAR_EAG,CAR_EAG,CarsonNewman,TeamExclusive,Team,20251010-CarsonNewman-Private-1,c1382a60-a60b-11f0-b95a-07f253d65970,84.68974,NA,NA,7.15486,NA,NA,NA,NA,NA,NA,0c368c5f-52eb-4b15-8a1f-5e10ac20fa49,2025-10-10,19:03:05,2025-10-10T19:03:05Z,2025-10-10T19:03:05Z,NA,v3,CNE,CNE,NA,"Rogers, Jacob",1000215913,Right,CAR_EAG,2c1fd4fb-75fa-48d3-946e-fca437d81a26,54.26208,-124.13651,12.14894,5.18784,-0.02696,-13.494,-3.02021,7.975,-6.86763,NA,NA,NA,NA,NA,NA,NA,NA,NA,NA,NA,NA,NA,NA,NA,NA,NA,NA,NA,NA,NA,NA,NA,NA,NA,NA,NA,NA,NA,NA,NA,NA,NA,NA,NA,NA,NA,NA,NA,NA,NA,NA,NA,NA,NA,NA,NA,NA,NA,NA,High,High,High,NA,NA,NA,NA,NA,234.149421,32.012003,1627.326143,0.847937,01:45:00,-0.561805,-0.687045,-0.460808,21.416087,30.183028,-8.627078,0.939304,152.350536,-0.303906,9.161194,0.303906,-0.159213,-0.939304,72.071323,69.93503,0.159213,0.159213,-152.350536,-69.93503,0.939304,-9.161194,-72.071323,-0.939304,-0.159213,0.303906,-0.303906,NA,NA,NA,NA,NA,NA,NA,NA,NA,NA,NA,NA
NA,NA,NA,NA,NA,NA,NA,NA,NA,NA,NA,NA,NA,NA,NA,NA,36,2025-10-10,15:03:27,2,6,"Fletcher, Drew",1000357758,Right,CAR_EAG,"Wyatt, Jack",10013525,Right,CAR_EAG,Undefined,1,Bottom,1,3,2,Fastball,Changeup,BallCalled,Walk,Undefined,Undefined,0,0,NA,86.8578,-0.386013,-1.346793,1977.681194,253.391513,02:30:00,5.43323,2.69059,5.75969,-31.44765,5.50607,14.82713,2.45317,2.6723,80.07322,-6.182085,1.309732,0.437523,NA,NA,NA,NA,NA,NA,NA,NA,NA,NA,NA,-7.90863,3.24402,-2.58804,50,5.38202,2.35267,-126.26087,-1.94187,-12.84772,24.17991,-26.90408,CAR_EAG,CAR_EAG,CarsonNewman,TeamExclusive,Team,20251010-CarsonNewman-Private-1,ce571530-a60b-11f0-b95a-07f253d65970,86.14969,NA,NA,6.78458,NA,NA,NA,NA,NA,NA,0c368c5f-52eb-4b15-8a1f-5e10ac20fa49,2025-10-10,19:03:27,2025-10-10T19:03:27Z,2025-10-10T19:03:27Z,NA,v3,CNE,CNE,NA,"Rogers, Jacob",1000215913,Right,CAR_EAG,eb77fd75-6df0-496d-9f85-d77a6fd08c48,54.74357,-127.16606,12.08995,5.43586,-0.9347,-13.45204,-2.68511,2.83364,-6.42386,NA,NA,NA,NA,NA,NA,NA,NA,NA,NA,NA,NA,NA,NA,NA,NA,NA,NA,NA,NA,NA,NA,NA,NA,NA,NA,NA,NA,NA,NA,NA,NA,NA,NA,NA,NA,NA,NA,NA,NA,NA,NA,NA,NA,NA,NA,NA,NA,NA,NA,High,High,High,NA,NA,NA,NA,NA,234.47282,22.750115,1823.817981,0.9222,01:45:00,-0.394137,-0.753112,-0.526762,52.95171,38.308149,31.894623,0.952043,125.673699,-0.178429,14.391753,0.178429,-0.24855,-0.952043,79.38496,72.183814,0.24855,0.24855,-125.673699,-72.183814,0.952043,-14.391753,-79.38496,-0.952043,-0.24855,0.178429,-0.178429,NA,NA,NA,NA,NA,NA,NA,NA,NA,NA,NA,NA
NA,NA,NA,NA,NA,NA,NA,NA,NA,NA,NA,NA,NA,NA,NA,NA,37,2025-10-10,15:04:02,3,1,"Fletcher, Drew",1000357758,Right,CAR_EAG,"Floyd, Logan",1000148156,Right,CAR_EAG,Undefined,1,Bottom,1,0,0,Fastball,Changeup,StrikeCalled,Undefined,Undefined,Undefined,0,0,NA,86.1881,-0.361386,-4.598263,1861.514213,248.17912,02:15:00,5.30046,2.85442,5.6478,-31.01506,6.92918,14.42091,2.37768,-0.24231,79.17562,-6.072721,-2.032146,0.443348,NA,NA,NA,NA,NA,NA,NA,NA,NA,NA,NA,-8.50256,3.96902,-2.47271,50,5.24993,9.4359,-124.87633,-1.86753,-13.50422,23.77679,-25.87025,CAR_EAG,CAR_EAG,CarsonNewman,TeamExclusive,Team,20251010-CarsonNewman-Private-1,e2cdbaf0-a60b-11f0-b95a-07f253d65970,85.0178,NA,NA,7.01248,NA,NA,NA,NA,NA,NA,0c368c5f-52eb-4b15-8a1f-5e10ac20fa49,2025-10-10,19:04:02,2025-10-10T19:04:02Z,2025-10-10T19:04:02Z,NA,v3,CNE,CNE,NA,"Rogers, Jacob",1000215913,Right,CAR_EAG,d9be6abd-131e-4834-9ea5-647ae2eea333,54.85479,-125.79729,11.8884,5.30286,-0.86547,-12.93513,-2.84832,9.95897,-6.75211,NA,NA,NA,NA,NA,NA,NA,NA,NA,NA,NA,NA,NA,NA,NA,NA,NA,NA,NA,NA,NA,NA,NA,NA,NA,NA,NA,NA,NA,NA,NA,NA,NA,NA,NA,NA,NA,NA,NA,NA,NA,NA,NA,NA,NA,NA,NA,NA,NA,NA,High,High,High,NA,NA,NA,NA,NA,232.939117,31.760533,1582.762652,0.850255,01:45:00,-0.56148,-0.681807,-0.468914,85.695209,49.642689,64.839193,0.936771,145.759823,-0.289293,11.355739,0.289293,-0.1969,-0.936771,72.838301,69.516175,0.1969,0.1969,-145.759823,-69.516175,0.936771,-11.355739,-72.838301,-0.936771,-0.1969,0.289293,-0.289293,NA,NA,NA,NA,NA,NA,NA,NA,NA,NA,NA,NA
NA,NA,NA,NA,NA,NA,NA,NA,NA,NA,NA,NA,NA,NA,NA,NA,38,2025-10-10,15:04:23,3,2,"Fletcher, Drew",1000357758,Right,CAR_EAG,"Floyd, Logan",1000148156,Right,CAR_EAG,Undefined,1,Bottom,1,0,1,Fastball,Slider,InPlay,Undefined,Popup,Out,1,0,NA,74.79886,2.211669,-3.487595,2293.180825,113.603099,09:45:00,4.99123,3.16475,5.52569,-45.7077,4.65126,-7.45646,3.25487,-0.7213,69.2258,-6.138546,-4.810584,0.510752,69.07967,79.633462,-22.445271,NA,NA,NA,NA,NA,16.99967,NA,NA,2.92669,2.17307,-2.85573,50,5.15309,6.87842,-108.47942,2.78054,3.52057,17.28966,-29.56002,CAR_EAG,CAR_EAG,CarsonNewman,TeamExclusive,Team,20251010-CarsonNewman-Private-1,ef56f570-a60b-11f0-b95a-07f253d65970,73.79799,89.78457,NA,5.57306,NA,NA,NA,3.61738,2.74384,1.2034,0c368c5f-52eb-4b15-8a1f-5e10ac20fa49,2025-10-10,19:04:23,2025-10-10T19:04:23Z,2025-10-10T19:04:23Z,NA,v3,CNE,CNE,NA,"Rogers, Jacob",1000215913,Right,CAR_EAG,e8493e89-0d86-4f38-abfc-06f48dd2e036,54.97837,-109.27,8.64483,4.99505,4.1322,-14.78001,-3.16657,6.71744,1.76029,NA,3.61738,16.85034,-7.38867,2.37848,-0.58371,0.17071,-0.07844,0.03544,-0.00767,2.74384,99.66285,-24.99262,2.75247,-0.51284,0.0714,6.7e-4,-0.00647,0.00168,1.2034,-6.96078,2.3324,-0.72634,0.17413,-0.04997,0.02253,-0.01012,0.00219,NA,NA,NA,NA,NA,NA,NA,NA,NA,NA,NA,NA,NA,NA,NA,NA,NA,NA,NA,NA,NA,NA,High,High,High,Medium,Undefined,NA,NA,NA,107.761695,71.416614,730.801133,0.318684,09:30:00,-0.939624,0.339847,-0.040132,-16.762698,36.258822,-21.826475,-0.147306,127.821385,-0.606513,-51.380574,0.606513,-0.781309,0.147306,13.651297,-8.470822,0.781309,-0.781309,-127.821385,8.470822,0.147306,51.380574,-13.651297,-0.147306,0.781309,0.606513,-0.606513,NA,NA,NA,NA,NA,NA,NA,NA,NA,NA,NA,NA
NA,NA,NA,NA,NA,NA,NA,NA,NA,NA,NA,NA,NA,NA,NA,NA,39,2025-10-10,15:05:03,4,1,"Fletcher, Drew",1000357758,Right,CAR_EAG,"Nathan, Cole",1000323259,Right,CAR_EAG,Undefined,1,Bottom,2,0,0,Slider,Curveball,BallCalled,Undefined,Undefined,Undefined,0,0,NA,74.51246,1.549886,-3.789261,2366.364766,77.945951,08:30:00,4.95995,3.24734,5.52196,-52.28684,-1.30681,-12.9719,2.05538,-1.38175,69.02006,-7.949581,-6.092283,0.513892,NA,NA,NA,NA,NA,NA,NA,NA,NA,NA,NA,5.54815,-0.60114,-2.90817,50,5.06016,7.62947,-108.03655,1.26852,6.58663,18.03583,-32.8877,CAR_EAG,CAR_EAG,CarsonNewman,TeamExclusive,Team,20251010-CarsonNewman-Private-1,07658f00-a60c-11f0-b95a-07f253d65970,73.34706,NA,NA,5.4924,NA,NA,NA,NA,NA,NA,0c368c5f-52eb-4b15-8a1f-5e10ac20fa49,2025-10-10,19:05:03,2025-10-10T19:05:03Z,2025-10-10T19:05:03Z,NA,v3,CNE,CNE,NA,"Rogers, Jacob",1000215913,Right,CAR_EAG,6051bd11-4e38-4da5-a554-3c5770af70af,54.98198,-108.86507,9.01792,4.96718,2.7793,-16.44385,-3.2517,7.32689,3.29331,NA,NA,NA,NA,NA,NA,NA,NA,NA,NA,NA,NA,NA,NA,NA,NA,NA,NA,NA,NA,NA,NA,NA,NA,NA,NA,NA,NA,NA,NA,NA,NA,NA,NA,NA,NA,NA,NA,NA,NA,NA,NA,NA,NA,NA,NA,NA,NA,NA,NA,High,High,High,NA,NA,NA,NA,NA,97.229574,70.398093,793.874968,0.335483,09:15:00,-0.933451,0.358174,0.019513,-17.820525,38.276715,-21.82714,-0.170615,126.039591,-0.579718,-52.821296,0.579718,-0.796755,0.170615,16.399545,-9.823589,0.796755,-0.796755,-126.039591,9.823589,0.170615,52.821296,-16.399545,-0.170615,0.796755,0.579718,-0.579718,NA,NA,NA,NA,NA,NA,NA,NA,NA,NA,NA,NA
NA,NA,NA,NA,NA,NA,NA,NA,NA,NA,NA,NA,NA,NA,NA,NA,40,2025-10-10,15:05:24,4,2,"Fletcher, Drew",1000357758,Right,CAR_EAG,"Nathan, Cole",1000323259,Right,CAR_EAG,Undefined,1,Bottom,2,1,0,Fastball,Changeup,BallCalled,Undefined,Undefined,Undefined,0,0,NA,85.35972,1.409261,-5.77026,2067.147088,246.954121,02:15:00,5.32162,2.66566,6.0748,-30.80596,7.18154,14.33347,4.06541,-1.49747,78.60229,-4.300488,-3.20987,0.4436,NA,NA,NA,NA,NA,NA,NA,NA,NA,NA,NA,-8.76689,3.70292,-2.22491,50,5.41479,11.91945,-123.55989,2.06983,-13.71745,21.82364,-26.38013,CAR_EAG,CAR_EAG,CarsonNewman,TeamExclusive,Team,20251010-CarsonNewman-Private-1,13acde80-a60c-11f0-b95a-07f253d65970,84.96938,NA,NA,6.75744,NA,NA,NA,NA,NA,NA,0c368c5f-52eb-4b15-8a1f-5e10ac20fa49,2025-10-10,19:05:24,2025-10-10T19:05:24Z,2025-10-10T19:05:24Z,NA,v3,CNE,CNE,NA,"Rogers, Jacob",1000215913,Right,CAR_EAG,c0486794-1ce4-4537-9429-4680b84c6acb,54.42838,-124.33959,10.91182,5.32401,3.01232,-13.19007,-2.65951,12.40954,-6.85872,NA,NA,NA,NA,NA,NA,NA,NA,NA,NA,NA,NA,NA,NA,NA,NA,NA,NA,NA,NA,NA,NA,NA,NA,NA,NA,NA,NA,NA,NA,NA,NA,NA,NA,NA,NA,NA,NA,NA,NA,NA,NA,NA,NA,NA,NA,NA,NA,NA,NA,High,High,High,NA,NA,NA,NA,NA,232.274114,28.471809,1817.129333,0.879051,01:45:00,-0.545258,-0.683349,-0.485518,36.044557,38.180141,3.289252,0.963129,143.869108,-0.217297,9.12768,0.217297,-0.158635,-0.963129,77.286054,74.3928,0.158635,0.158635,-143.869108,-74.3928,0.963129,-9.12768,-77.286054,-0.963129,-0.158635,0.217297,-0.217297,NA,NA,NA,NA,NA,NA,NA,NA,NA,NA,NA,NA
NA,NA,NA,NA,NA,NA,NA,NA,NA,NA,NA,NA,NA,NA,NA,NA,41,2025-10-10,15:05:47,4,3,"Fletcher, Drew",1000357758,Right,CAR_EAG,"Nathan, Cole",1000323259,Right,CAR_EAG,Undefined,1,Bottom,2,2,0,Fastball,Changeup,StrikeCalled,Undefined,Undefined,Undefined,0,0,NA,83.60103,-0.392504,-5.281674,1888.729921,249.643381,02:15:00,5.07881,3.04674,5.84711,-32.78553,7.43874,16.61591,1.98036,-0.49089,76.57326,-6.455141,-2.31786,0.456473,NA,NA,NA,NA,NA,NA,NA,NA,NA,NA,NA,-9.8919,4.3039,-2.6254,50,5.02753,10.51955,-121.00308,-1.90074,-14.70243,23.06156,-25.77712,CAR_EAG,CAR_EAG,CarsonNewman,TeamExclusive,Team,20251010-CarsonNewman-Private-1,21992b70-a60c-11f0-b95a-07f253d65970,82.57314,NA,NA,7.02778,NA,NA,NA,NA,NA,NA,0c368c5f-52eb-4b15-8a1f-5e10ac20fa49,2025-10-10,19:05:47,2025-10-10T19:05:47Z,2025-10-10T19:05:47Z,NA,v3,CNE,CNE,NA,"Rogers, Jacob",1000215913,Right,CAR_EAG,448f362b-18e8-43d1-ba94-c4b141d52021,54.65519,-121.88707,11.53078,5.08145,-0.91266,-12.88856,-3.03944,11.08312,-7.35121,NA,NA,NA,NA,NA,NA,NA,NA,NA,NA,NA,NA,NA,NA,NA,NA,NA,NA,NA,NA,NA,NA,NA,NA,NA,NA,NA,NA,NA,NA,NA,NA,NA,NA,NA,NA,NA,NA,NA,NA,NA,NA,NA,NA,NA,NA,NA,NA,NA,NA,High,High,High,NA,NA,NA,NA,NA,239.849749,27.50371,1675.26743,0.886981,02:00:00,-0.495612,-0.770128,-0.401586,64.88384,57.854878,51.839854,0.928904,156.949742,-0.340755,8.336969,0.340755,-0.144995,-0.928904,69.85519,68.264624,0.144995,0.144995,-156.949742,-68.264624,0.928904,-8.336969,-69.85519,-0.928904,-0.144995,0.340755,-0.340755,NA,NA,NA,NA,NA,NA,NA,NA,NA,NA,NA,NA
NA,NA,NA,NA,NA,NA,NA,NA,NA,NA,NA,NA,NA,NA,NA,NA,42,2025-10-10,15:06:10,4,4,"Fletcher, Drew",1000357758,Right,CAR_EAG,"Nathan, Cole",1000323259,Right,CAR_EAG,Undefined,1,Bottom,2,2,1,Slider,Curveball,FoulBallNotFieldable,Undefined,Undefined,Undefined,0,0,NA,73.18857,2.637685,-1.709592,2256.486778,111.355711,09:45:00,4.93545,3.18619,5.45117,-47.3514,4.95866,-9.22217,3.46181,0.81664,68.07833,-5.999492,-3.348117,0.520552,NA,NA,NA,NA,NA,NA,NA,NA,NA,NA,NA,4.29004,2.26543,-3.0285,50,5.13548,3.49934,-106.31813,3.44282,4.99012,15.45401,-29.53892,CAR_EAG,CAR_EAG,CarsonNewman,TeamExclusive,Team,20251010-CarsonNewman-Private-1,2f1e7930-a60c-11f0-b95a-07f253d65970,72.40861,NA,NA,5.11024,NA,NA,NA,NA,NA,NA,0c368c5f-52eb-4b15-8a1f-5e10ac20fa49,2025-10-10,19:06:10,2025-10-10T19:06:10Z,2025-10-10T19:06:10Z,NA,v3,CNE,CNE,NA,"Rogers, Jacob",1000215913,Right,CAR_EAG,360cd7e9-bab0-45e7-b7f9-68c549fd5454,55.05342,-107.05016,7.72701,4.93926,4.84201,-14.76946,-3.18866,3.26297,2.49506,NA,NA,NA,NA,NA,NA,NA,NA,NA,NA,NA,NA,NA,NA,NA,NA,NA,NA,NA,NA,NA,NA,NA,NA,NA,NA,NA,NA,NA,NA,NA,NA,NA,NA,NA,NA,NA,NA,NA,NA,NA,NA,NA,NA,NA,NA,NA,NA,NA,NA,High,High,High,NA,NA,NA,NA,NA,111.391794,69.907604,775.182304,0.343535,09:45:00,-0.926752,0.362749,-0.097697,-14.247803,32.288649,-23.87468,-0.10875,127.552913,-0.605879,-52.00727,0.605879,-0.788089,0.10875,10.175735,-6.243261,0.788089,-0.788089,-127.552913,6.243261,0.10875,52.00727,-10.175735,-0.10875,0.788089,0.605879,-0.605879,NA,NA,NA,NA,NA,NA,NA,NA,NA,NA,NA,NA
NA,NA,NA,NA,NA,NA,NA,NA,NA,NA,NA,NA,NA,NA,NA,NA,43,2025-10-10,15:06:41,4,5,"Fletcher, Drew",1000357758,Right,CAR_EAG,"Nathan, Cole",1000323259,Right,CAR_EAG,Undefined,1,Bottom,2,2,2,ChangeUp,Changeup,InPlay,Undefined,Popup,Out,1,0,NA,75.20944,2.938118,-3.91615,1549.816065,262.306135,02:45:00,4.85334,3.15188,6.28269,-45.88128,3.22051,12.00812,3.74673,0.53736,68.4247,-5.610739,-1.754127,0.504336,64.63626,65.619656,39.934212,5098.489955,NA,NA,NA,104.95138,41.03876,51.321506,4.875309,-7.37095,1.28579,-2.86815,50,5.0487,7.04919,-108.94142,4.32871,-8.81923,19.9285,-30.63561,CAR_EAG,CAR_EAG,CarsonNewman,TeamExclusive,Team,20251010-CarsonNewman-Private-1,41f85ee0-a60c-11f0-b95a-07f253d65970,74.73674,97.41865,NA,6.78473,NA,NA,NA,1.15381,3.49114,-0.38737,0c368c5f-52eb-4b15-8a1f-5e10ac20fa49,2025-10-10,19:06:41,2025-10-10T19:06:41Z,2025-10-10T19:06:41Z,Popup,v3,CNE,CNE,NA,"Rogers, Jacob",1000215913,Right,CAR_EAG,b96a5206-1b21-4c8a-b0f3-a79c0e04a371,54.21959,-109.71058,9.96425,4.85881,5.51113,-15.31781,-3.14679,7.38958,-4.40961,191.400052,1.15484,29.96546,-11.14019,3.23864,-0.28978,-0.17297,0.07687,-0.01261,7.6e-4,3.48052,86.56402,-24.2918,3.57626,-1.40795,0.47071,-0.09482,0.00948,-3.5e-4,-0.38396,25.04307,-4.05647,0.53982,0.30915,-0.2135,0.05857,-0.00775,4e-4,NA,NA,NA,NA,NA,NA,NA,NA,NA,NA,NA,NA,NA,NA,NA,NA,NA,NA,NA,NA,NA,NA,High,High,High,Medium,Low,NA,NA,NA,249.689406,44.39852,1107.329254,0.714491,02:15:00,-0.748297,-0.633324,-0.197361,16.703048,61.018345,-25.834892,0.985796,173.329524,-0.16681000000000001,1.117831,0.16681000000000001,-0.019509,-0.985796,80.395732,80.331506,0.019509,0.019509,-173.329524,-80.331506,0.985796,-1.117831,-80.395732,-0.985796,-0.019509,0.16681000000000001,-0.16681000000000001,NA,NA,NA,NA,NA,NA,NA,NA,NA,NA,NA,NA
NA,NA,NA,NA,NA,NA,NA,NA,NA,NA,NA,NA,NA,NA,NA,NA,44,2025-10-10,15:09:49,1,1,"Mangum, McCain",1000261673,Right,CAR_EAG,"Soto Diaz, Bradley",1000475324,Right,CAR_EAG,Undefined,2,Top,0,0,0,Fastball,Cutter,FoulBallNotFieldable,Undefined,Undefined,Undefined,0,0,NA,83.90722,-1.673365,-3.180856,2103.382423,186.045709,12:15:00,5.5907,2.12223,6.32097,-23.35005,15.73544,1.53677,2.1008,-0.68243,76.97919,-6.079058,-2.903455,0.449965,73.24622,53.877291,47.59814,5278.493631,NA,NA,NA,NA,61.4097,NA,NA,-1.6891,9.04245,-1.89018,50,5.45691,6.71243,-121.78756,-4.20612,-2.5378,23.83555,-18.5881,CAR_EAG,CAR_EAG,CarsonNewman,TeamExclusive,Team,20251010-CarsonNewman-Private-1,b1c1c590-a60c-11f0-b95a-07f253d65970,83.76741,73.33859,NA,6.92802,NA,NA,NA,1.79036,2.38011,0.82963,0c368c5f-52eb-4b15-8a1f-5e10ac20fa49,2025-10-10,19:09:49,2025-10-10T19:09:49Z,2025-10-10T19:09:49Z,NA,v3,CNE,CNE,NA,"Van Ness, Jameson",1000370206,Right,CAR_EAG,16cfe8be-004b-4443-bec0-e918fc24249f,54.1816,-122.60322,11.91778,5.58996,-3.57003,-9.29405,-2.12137,6.79928,-1.2689,207.907817,1.79037,42.7035,-14.15168,4.00957,-0.81085,0.63954,-0.9175,0.60294,-0.14644,2.3801,86.77606,-23.30589,2.22404,-0.43026,-0.04934,0.2525,-0.18817,0.04772,0.82963,46.76561,-4.0892,0.55598,-0.06591,-0.04824,0.12053,-0.08764,0.02215,NA,NA,NA,NA,NA,NA,NA,NA,NA,NA,NA,NA,NA,NA,NA,NA,NA,NA,NA,NA,NA,NA,High,High,High,High,Undefined,NA,NA,NA,215.601141,42.767571,1544.123138,0.734114,01:15:00,-0.698351,-0.447003,-0.559012,-59.719942,13.884668,-38.510978,-0.128582,172.717245,-0.983699,-7.221977,0.983699,-0.125714,0.128582,7.447058,-7.387646,0.125714,-0.125714,-172.717245,7.387646,0.128582,7.221977,-7.447058,-0.128582,0.125714,0.983699,-0.983699,NA,NA,NA,NA,NA,NA,NA,NA,NA,NA,NA,NA
NA,NA,NA,NA,NA,NA,NA,NA,NA,NA,NA,NA,NA,NA,NA,NA,45,2025-10-10,15:10:31,1,2,"Mangum, McCain",1000261673,Right,CAR_EAG,"Soto Diaz, Bradley",1000475324,Right,CAR_EAG,Undefined,2,Top,0,0,1,Fastball,Cutter,InPlay,Undefined,GroundBall,Out,2,1,NA,83.50702,-1.506018,-2.974589,2157.209067,187.19847,12:15:00,5.50186,2.36029,6.19777,-23.468,16.49406,1.91162,2.15365,-0.22901,75.96052,-5.949832,-2.630226,0.454983,72.33044,-19.379576,-36.154419,NA,NA,NA,NA,8.45175,8.33893,-24.929521,0.063528,-1.89378,9.40918,-2.13719,50,5.37653,6.22133,-121.10577,-3.83613,-2.78946,25.46417,-18.31477,CAR_EAG,CAR_EAG,CarsonNewman,TeamExclusive,Team,20251010-CarsonNewman-Private-1,caac6740-a60c-11f0-b95a-07f253d65970,82.84357,2.2429,NA,7.5465,NA,NA,NA,2.51586,2.2429,0.19935,0c368c5f-52eb-4b15-8a1f-5e10ac20fa49,2025-10-10,19:10:31,2025-10-10T19:10:31Z,2025-10-10T19:10:31Z,GroundBall,v3,CNE,CNE,NA,"Van Ness, Jameson",1000370206,Right,CAR_EAG,a2a72c9f-4849-46de-889f-db095a9689dc,54.30315,-122.00721,12.73209,5.50085,-3.18778,-9.15739,-2.35918,6.32008,-1.39473,180,2.51341,81.04236,NA,NA,NA,NA,NA,NA,NA,2.24397,-35.30592,NA,NA,NA,NA,NA,NA,NA,0.20114,-59.215089999999996,NA,NA,NA,NA,NA,NA,NA,NA,NA,NA,NA,NA,NA,NA,NA,NA,NA,NA,NA,NA,NA,NA,NA,NA,NA,NA,NA,NA,NA,High,High,High,High,High,NA,NA,NA,210.384795,46.932745,1473.063956,0.682856,01:00:00,-0.750819,-0.364473,-0.550845,-70.04989,15.654746,-40.651158,-0.321239,169.60491,-0.931455,-9.838491,0.931455,-0.170871,0.321239,19.028252,-18.737899,0.170871,-0.170871,-169.60491,18.737899,0.321239,9.838491,-19.028252,-0.321239,0.170871,0.931455,-0.931455,NA,NA,NA,NA,NA,NA,NA,NA,NA,NA,NA,NA
NA,NA,NA,NA,NA,NA,NA,NA,NA,NA,NA,NA,NA,NA,NA,NA,46,2025-10-10,15:11:03,2,1,"Mangum, McCain",1000261673,Right,CAR_EAG,"Rogers, Jacob",1000215913,Right,CAR_EAG,Undefined,2,Top,2,0,0,Slider,Curveball,BallCalled,Undefined,Undefined,Undefined,0,0,NA,72.58792,1.010812,-0.094824,2227.284383,62.222732,08:00:00,5.62101,2.64871,5.48586,-59.547,-5.29922,-13.48516,1.6046,1.43623,66.51825,-9.83347,-2.502593,0.530106,NA,NA,NA,NA,NA,NA,NA,NA,NA,NA,NA,6.78382,-2.46721,-2.63092,50,5.66914,0.66141,-105.37053,-0.00849,7.54978,19.59626,-34.91984,CAR_EAG,CAR_EAG,CarsonNewman,TeamExclusive,Team,20251010-CarsonNewman-Private-1,de47ef40-a60c-11f0-b95a-07f253d65970,71.10363,NA,NA,6.06967,NA,NA,NA,NA,NA,NA,0c368c5f-52eb-4b15-8a1f-5e10ac20fa49,2025-10-10,19:11:03,2025-10-10T19:11:03Z,2025-10-10T19:11:03Z,NA,v3,CNE,CNE,NA,"Van Ness, Jameson",1000370206,Right,CAR_EAG,88288808-2904-495b-8407-0e6c4f12af5b,55.01798,-106.29965,9.79813,5.6303,1.64717,-17.45992,-2.65379,0.30345,3.77489,NA,NA,NA,NA,NA,NA,NA,NA,NA,NA,NA,NA,NA,NA,NA,NA,NA,NA,NA,NA,NA,NA,NA,NA,NA,NA,NA,NA,NA,NA,NA,NA,NA,NA,NA,NA,NA,NA,NA,NA,NA,NA,NA,NA,NA,NA,NA,NA,NA,NA,High,High,High,NA,NA,NA,NA,NA,61.465461,65.754036,914.644633,0.410655,08:00:00,-0.904959,0.376801,0.197663,-71.456484,48.280403,-47.402217,-0.374498,127.083747,-0.559101,-47.705901,0.559101,-0.7397,0.374498,33.815057,-21.993319,0.7397,-0.7397,-127.083747,21.993319,0.374498,47.705901,-33.815057,-0.374498,0.7397,0.559101,-0.559101,NA,NA,NA,NA,NA,NA,NA,NA,NA,NA,NA,NA
NA,NA,NA,NA,NA,NA,NA,NA,NA,NA,NA,NA,NA,NA,NA,NA,47,2025-10-10,15:11:15,2,2,"Mangum, McCain",1000261673,Right,CAR_EAG,"Rogers, Jacob",1000215913,Right,CAR_EAG,Undefined,2,Top,2,1,0,Slider,Curveball,BallCalled,Undefined,Undefined,Undefined,0,0,NA,73.74234,0.523105,-0.819379,2079.150256,52.74267,07:45:00,5.60752,2.30703,5.56303,-57.05283,-4.85851,-8.58268,1.34191,0.82623,67.86783,-9.864267,-2.354173,0.519976,NA,NA,NA,NA,NA,NA,NA,NA,NA,NA,NA,4.11516,-2.14134,-2.23045,50,5.61493,1.84109,-107.09785,-0.81705,4.75217,19.48824,-34.64687,CAR_EAG,CAR_EAG,CarsonNewman,TeamExclusive,Team,20251010-CarsonNewman-Private-1,e571e370-a60c-11f0-b95a-07f253d65970,72.48886,NA,NA,5.87451,NA,NA,NA,NA,NA,NA,0c368c5f-52eb-4b15-8a1f-5e10ac20fa49,2025-10-10,19:11:15,2025-10-10T19:11:15Z,2025-10-10T19:11:15Z,NA,v3,CNE,CNE,NA,"Van Ness, Jameson",1000370206,Right,CAR_EAG,2aa81e61-edff-46b3-9953-7b77043e9301,54.9409,-107.99319,9.74412,5.6159,0.77471,-17.32344,-2.31001,1.62277,2.37608,NA,NA,NA,NA,NA,NA,NA,NA,NA,NA,NA,NA,NA,NA,NA,NA,NA,NA,NA,NA,NA,NA,NA,NA,NA,NA,NA,NA,NA,NA,NA,NA,NA,NA,NA,NA,NA,NA,NA,NA,NA,NA,NA,NA,NA,NA,NA,NA,NA,NA,High,High,High,NA,NA,NA,NA,NA,65.441441,73.690236,583.888336,0.28083,08:15:00,-0.955618,0.264177,0.130399,85.578659,-50.001495,-44.923311,-0.454871,127.638112,-0.543839,-44.847145,0.543839,-0.705218,0.454871,39.909376,-27.056623,0.705218,-0.705218,-127.638112,27.056623,0.454871,44.847145,-39.909376,-0.454871,0.705218,0.543839,-0.543839,NA,NA,NA,NA,NA,NA,NA,NA,NA,NA,NA,NA
NA,NA,NA,NA,NA,NA,NA,NA,NA,NA,NA,NA,NA,NA,NA,NA,48,2025-10-10,15:11:28,2,3,"Mangum, McCain",1000261673,Right,CAR_EAG,"Rogers, Jacob",1000215913,Right,CAR_EAG,Undefined,2,Top,2,2,0,Fastball,Slider,BallCalled,Undefined,Undefined,Undefined,0,0,NA,84.60839,-2.385679,-4.29259,2245.811163,192.619731,12:30:00,5.54256,2.23458,6.113,-29.89356,8.83162,1.71752,0.83797,-1.59899,78.16353,-7.909441,-3.984176,0.447887,NA,NA,NA,NA,NA,NA,NA,NA,NA,NA,NA,-2.01366,5.56162,-1.90544,50,5.34321,9.13552,-122.59086,-6.05393,-3.08129,22.98289,-23.66374,CAR_EAG,CAR_EAG,CarsonNewman,TeamExclusive,Team,20251010-CarsonNewman-Private-1,ed342000-a60c-11f0-b95a-07f253d65970,84.15619,NA,NA,6.44487,NA,NA,NA,NA,NA,NA,0c368c5f-52eb-4b15-8a1f-5e10ac20fa49,2025-10-10,19:11:28,2025-10-10T19:11:28Z,2025-10-10T19:11:28Z,NA,v3,CNE,CNE,NA,"Van Ness, Jameson",1000370206,Right,CAR_EAG,1ec8982e-86a1-4b60-adde-76783f0a5ff6,54.38867,-123.41089,11.49144,5.54415,-5.20961,-11.83187,-2.23335,9.24546,-1.54064,NA,NA,NA,NA,NA,NA,NA,NA,NA,NA,NA,NA,NA,NA,NA,NA,NA,NA,NA,NA,NA,NA,NA,NA,NA,NA,NA,NA,NA,NA,NA,NA,NA,NA,NA,NA,NA,NA,NA,NA,NA,NA,NA,NA,NA,NA,NA,NA,NA,NA,High,High,High,NA,NA,NA,NA,NA,NA,NA,NA,NA,NA,NA,NA,NA,NA,NA,NA,NA,NA,NA,NA,NA,NA,NA,NA,NA,NA,NA,NA,NA,NA,NA,NA,NA,NA,NA,NA,NA,NA,NA,NA,NA,NA,NA,NA,NA,NA,NA,NA
NA,NA,NA,NA,NA,NA,NA,NA,NA,NA,NA,NA,NA,NA,NA,NA,49,2025-10-10,15:11:47,2,4,"Mangum, McCain",1000261673,Right,CAR_EAG,"Rogers, Jacob",1000215913,Right,CAR_EAG,Undefined,2,Top,2,3,0,Fastball,Cutter,StrikeCalled,Undefined,Undefined,Undefined,0,0,NA,85.53228,0.185861,-2.894347,2234.635902,190.297788,12:15:00,5.5012,1.95364,6.06186,-24.56304,13.63292,2.24776,3.62653,-0.54024,77.75699,-4.445195,-2.490567,0.444816,NA,NA,NA,NA,NA,NA,NA,NA,NA,NA,NA,-1.99957,7.3415,-1.7299,50,5.50253,6.18097,-124.05585,-0.33037,-3.09944,26.05799,-20.79441,CAR_EAG,CAR_EAG,CarsonNewman,TeamExclusive,Team,20251010-CarsonNewman-Private-1,f868ee10-a60c-11f0-b95a-07f253d65970,84.73722,NA,NA,7.77529,NA,NA,NA,NA,NA,NA,0c368c5f-52eb-4b15-8a1f-5e10ac20fa49,2025-10-10,19:11:47,2025-10-10T19:11:47Z,2025-10-10T19:11:47Z,NA,v3,CNE,CNE,NA,"Van Ness, Jameson",1000370206,Right,CAR_EAG,e757a7c7-9f50-448a-9f69-db22b58376d9,54.4371,-124.98439,13.02899,5.5011,0.41061,-10.39721,-1.95212,6.29142,-1.54972,NA,NA,NA,NA,NA,NA,NA,NA,NA,NA,NA,NA,NA,NA,NA,NA,NA,NA,NA,NA,NA,NA,NA,NA,NA,NA,NA,NA,NA,NA,NA,NA,NA,NA,NA,NA,NA,NA,NA,NA,NA,NA,NA,NA,NA,NA,NA,NA,NA,NA,High,High,High,NA,NA,NA,NA,NA,207.803996,49.555901,1449.621382,0.648706,01:00:00,-0.790019,-0.300117,-0.534602,-69.133761,15.114676,-40.356958,-0.317946,164.459695,-0.913448,-14.715149,0.913448,-0.254014,0.317946,19.191607,-18.538767,0.254014,-0.254014,-164.459695,18.538767,0.317946,14.715149,-19.191607,-0.317946,0.254014,0.913448,-0.913448,NA,NA,NA,NA,NA,NA,NA,NA,NA,NA,NA,NA
NA,NA,NA,NA,NA,NA,NA,NA,NA,NA,NA,NA,NA,NA,NA,NA,50,2025-10-10,15:12:00,2,5,"Mangum, McCain",1000261673,Right,CAR_EAG,"Rogers, Jacob",1000215913,Right,CAR_EAG,Undefined,2,Top,2,3,1,Fastball,Slider,InPlay,Undefined,GroundBall,Out,1,0,NA,85.89122,-1.101819,-1.762741,2221.16138,197.462355,12:30:00,5.4834,1.81289,6.11599,-27.40647,10.02871,2.79516,2.18015,0.41544,78.9451,-6.214018,-1.258942,0.440363,78.75356,-27.774104,-24.360426,NA,NA,NA,NA,6.02075,1.83249,-21.04098,0.041107,-1.93126,5.823,-1.67916,50,5.38442,3.73356,-124.8147,-3.25331,-3.05397,24.55196,-22.96599,CAR_EAG,CAR_EAG,CarsonNewman,TeamExclusive,Team,20251010-CarsonNewman-Private-1,ffc89840-a60c-11f0-b95a-07f253d65970,85.59394,2.2181,NA,6.94612,NA,NA,NA,1.78265,2.2181,-0.42448,0c368c5f-52eb-4b15-8a1f-5e10ac20fa49,2025-10-10,19:12:00,2025-10-10T19:12:00Z,2025-10-10T19:12:00Z,GroundBall,v3,CNE,CNE,NA,"Van Ness, Jameson",1000370206,Right,CAR_EAG,79b163c6-b4ec-4593-890d-ff2728c342c0,54.38664,-125.67462,12.27598,5.48428,-2.44893,-11.483,-1.81179,3.84052,-1.52698,NA,1.7811,93.33364,NA,NA,NA,NA,NA,NA,NA,2.219,-53.95942,NA,NA,NA,NA,NA,NA,NA,-0.42377,-42.26031,NA,NA,NA,NA,NA,NA,NA,NA,NA,NA,NA,NA,NA,NA,NA,NA,NA,NA,NA,NA,NA,NA,NA,NA,NA,NA,NA,NA,NA,High,High,High,Estimated,Estimated,NA,NA,NA,207.80863,47.981348,1486.784339,0.669372,01:00:00,-0.754649,-0.326504,-0.569123,-65.517677,11.980288,-42.908886,-0.256949,167.727279,-0.944339,-11.854572,0.944339,-0.205428,0.256949,15.221337,-14.8891,0.205428,-0.205428,-167.727279,14.8891,0.256949,11.854572,-15.221337,-0.256949,0.205428,0.944339,-0.944339,NA,NA,NA,NA,NA,NA,NA,NA,NA,NA,NA,NA
NA,NA,NA,NA,NA,NA,NA,NA,NA,NA,NA,NA,NA,NA,NA,NA,51,2025-10-10,15:14:15,1,1,"Fletcher, Drew",1000357758,Right,CAR_EAG,"Hornbuckle, Kylan",1000106804,Right,CAR_EAG,Undefined,2,Bottom,0,0,0,Fastball,Changeup,BallCalled,Undefined,Undefined,Undefined,0,0,NA,85.023929999999993,-0.4769,-5.981967,2069.289311,227.336114,01:30:00,5.24933,2.65535,5.80986,-23.9658,15.69194,15.44147,2.80625,-1.64119,76.47804,-5.00157,-3.237913,0.453247,NA,NA,NA,NA,NA,NA,NA,NA,NA,NA,NA,-9.69071,8.55489,-2.17184,50,5.19594,12.20132,-122.66433,-1.74594,-14.56982,27.25674,-19.31193,CAR_EAG,CAR_EAG,CarsonNewman,TeamExclusive,Team,20251010-CarsonNewman-Private-1,505a0d70-a60d-11f0-b95a-07f253d65970,83.16084,NA,NA,8.5459,NA,NA,NA,NA,NA,NA,0c368c5f-52eb-4b15-8a1f-5e10ac20fa49,2025-10-10,19:14:15,2025-10-10T19:14:15Z,2025-10-10T19:14:15Z,NA,v3,CNE,CNE,NA,"Rogers, Jacob",1000215913,Right,CAR_EAG,fc30e7c3-2538-466a-a438-bb900cc6a5fb,54.68843,-123.70174,13.62837,5.24841,-1.01092,-9.65596,-2.64678,12.75586,-7.28491,NA,NA,NA,NA,NA,NA,NA,NA,NA,NA,NA,NA,NA,NA,NA,NA,NA,NA,NA,NA,NA,NA,NA,NA,NA,NA,NA,NA,NA,NA,NA,NA,NA,NA,NA,NA,NA,NA,NA,NA,NA,NA,NA,NA,NA,NA,NA,NA,NA,NA,High,High,High,NA,NA,NA,NA,NA,236.744844,26.12426,1857.893234,0.897841,02:00:00,-0.483002,-0.754447,-0.444432,63.059323,61.198507,41.928482,0.973452,173.376145,-0.227365,1.512952,0.227365,-0.026403,-0.973452,76.853363,76.768115,0.026403,0.026403,-173.376145,-76.768115,0.973452,-1.512952,-76.853363,-0.973452,-0.026403,0.227365,-0.227365,NA,NA,NA,NA,NA,NA,NA,NA,NA,NA,NA,NA
NA,NA,NA,NA,NA,NA,NA,NA,NA,NA,NA,NA,NA,NA,NA,NA,52,2025-10-10,15:14:33,1,2,"Fletcher, Drew",1000357758,Right,CAR_EAG,"Hornbuckle, Kylan",1000106804,Right,CAR_EAG,Undefined,2,Bottom,0,1,0,Fastball,Changeup,BallCalled,Undefined,Undefined,Undefined,0,0,NA,85.84339,-0.052514,-5.746297,2088.604459,232.576721,01:45:00,5.36167,2.85983,5.65515,-25.47399,13.69776,15.9919,3.18961,-1.18493,77.05243,-4.836187,-2.910497,0.450462,NA,NA,NA,NA,NA,NA,NA,NA,NA,NA,NA,-9.8543,7.36804,-2.38128,50,5.34138,11.76212,-123.84269,-0.9279,-15.0764,28.16469,-20.90143,CAR_EAG,CAR_EAG,CarsonNewman,TeamExclusive,Team,20251010-CarsonNewman-Private-1,5ad37ac0-a60d-11f0-b95a-07f253d65970,83.67513,NA,NA,8.79096,NA,NA,NA,NA,NA,NA,0c368c5f-52eb-4b15-8a1f-5e10ac20fa49,2025-10-10,19:14:33,2025-10-10T19:14:33Z,2025-10-10T19:14:33Z,NA,v3,CNE,CNE,NA,"Rogers, Jacob",1000215913,Right,CAR_EAG,7cb48ca7-81ec-4f27-b63d-d559ea1ef668,54.84254,-124.93914,14.08234,5.36167,-0.11421,-10.45072,-2.8506,12.34904,-7.5382,NA,NA,NA,NA,NA,NA,NA,NA,NA,NA,NA,NA,NA,NA,NA,NA,NA,NA,NA,NA,NA,NA,NA,NA,NA,NA,NA,NA,NA,NA,NA,NA,NA,NA,NA,NA,NA,NA,NA,NA,NA,NA,NA,NA,NA,NA,NA,NA,NA,NA,High,High,High,NA,NA,NA,NA,NA,234.157418,29.94647,1809.759394,0.866492,01:45:00,-0.546843,-0.702861,-0.454917,74.951246,60.248954,53.019203,0.960987,170.187504,-0.272547,2.70182,0.272547,-0.047138,-0.960987,74.166082,73.943039,0.047138,0.047138,-170.187504,-73.943039,0.960987,-2.70182,-74.166082,-0.960987,-0.047138,0.272547,-0.272547,NA,NA,NA,NA,NA,NA,NA,NA,NA,NA,NA,NA
NA,NA,NA,NA,NA,NA,NA,NA,NA,NA,NA,NA,NA,NA,NA,NA,53,2025-10-10,15:14:53,1,3,"Fletcher, Drew",1000357758,Right,CAR_EAG,"Hornbuckle, Kylan",1000106804,Right,CAR_EAG,Undefined,2,Bottom,0,2,0,Slider,Curveball,StrikeSwinging,Undefined,Undefined,Undefined,0,0,NA,73.64739,1.905437,-1.91305,2344.879416,125.79689,10:15:00,4.98684,3.21297,5.42801,-45.49144,8.05024,-8.41004,2.98223,0.71965,66.24358,-6.505708,-3.406971,0.526644,NA,NA,NA,NA,NA,NA,NA,NA,NA,NA,NA,3.54886,4.00996,-3.03733,50,5.12513,3.88042,-106.55791,2.15193,3.99874,21.72726,-27.6558,CAR_EAG,CAR_EAG,CarsonNewman,TeamExclusive,Team,20251010-CarsonNewman-Private-1,66da65e0-a60d-11f0-b95a-07f253d65970,71.57097,NA,NA,7.40381,NA,NA,NA,NA,NA,NA,0c368c5f-52eb-4b15-8a1f-5e10ac20fa49,2025-10-10,19:14:53,2025-10-10T19:14:53Z,2025-10-10T19:14:53Z,NA,v3,CNE,CNE,NA,"Rogers, Jacob",1000215913,Right,CAR_EAG,7c44b9eb-b5c6-4484-81b4-0b168c580374,55.06891,-107.5865,10.86363,4.99226,3.46119,-13.8279,-3.21655,3.69112,1.99937,NA,NA,NA,NA,NA,NA,NA,NA,NA,NA,NA,NA,NA,NA,NA,NA,NA,NA,NA,NA,NA,NA,NA,NA,NA,NA,NA,NA,NA,NA,NA,NA,NA,NA,NA,NA,NA,NA,NA,NA,NA,NA,NA,NA,NA,NA,NA,NA,NA,NA,High,High,High,NA,NA,NA,NA,NA,112.032261,68.524985,858.449717,0.366095,09:45:00,-0.922851,0.370115,-0.106585,-3.626154,34.817506,-25.057035,0.0143,131.038247,-0.656496,48.955022,0.656496,-0.754194,-0.0143,1.247863,0.819374,0.754194,0.754194,-131.038247,-0.819374,0.0143,-48.955022,-1.247863,-0.0143,-0.754194,0.656496,-0.656496,NA,NA,NA,NA,NA,NA,NA,NA,NA,NA,NA,NA
NA,NA,NA,NA,NA,NA,NA,NA,NA,NA,NA,NA,NA,NA,NA,NA,54,2025-10-10,15:15:13,1,4,"Fletcher, Drew",1000357758,Right,CAR_EAG,"Hornbuckle, Kylan",1000106804,Right,CAR_EAG,Undefined,2,Bottom,0,2,1,ChangeUp,Changeup,InPlay,Undefined,LineDrive,Double,0,1,NA,74.51604,1.829532,-3.659568,1571.959987,268.489441,03:00:00,4.95399,3.07514,6.04657,-48.69731,2.15118,12.95131,2.59377,0.76165,67.4085,-7.21356,-1.333963,0.513228,100.51289,17.080654,-18.92732,878.124909,104.78251,29.89394,-33.47372,328.26511,328.26511,-16.205687,3.370842,-7.85304,1.01965,-2.79671,50,5.07074,6.45194,-107.92302,2.05361,-9.12706,21.3357,-30.98898,CAR_EAG,CAR_EAG,CarsonNewman,TeamExclusive,Team,20251010-CarsonNewman-Private-1,734717b0-a60d-11f0-b95a-07f253d65970,73.44187,36.76873,NA,7.10754,NA,NA,NA,1.81132,2.73259,-0.7451,0c368c5f-52eb-4b15-8a1f-5e10ac20fa49,2025-10-10,19:15:13,2025-10-10T19:15:13Z,2025-10-10T19:15:13Z,LineDrive,v3,CNE,CNE,NA,"Rogers, Jacob",1000215913,Right,CAR_EAG,c1ca4428-e5f6-40d4-ba48-81dd13f9a5de,54.45513,-108.8002,10.66785,4.96012,3.32768,-15.49449,-3.06969,6.82719,-4.56353,209.498782,1.81136,133.29524,-20.67292,4.29407,-0.75812,0.08654,6e-4,-0.00214,2.7e-4,2.73246,43.30452,-13.99206,-0.06702,0.15001,0.00544,-0.02004,0.00637,-6.6e-4,-0.74514,-45.70733,12.09087,-3.8558,1.01386,-0.21223,0.03322,-0.00317,1.1e-4,NA,NA,NA,NA,NA,NA,NA,NA,NA,NA,NA,NA,NA,NA,NA,NA,NA,NA,NA,NA,NA,NA,High,High,High,High,High,NA,NA,NA,247.418956,47.149702,1069.066665,0.680085,02:15:00,-0.767941,-0.604222,-0.212563,53.627099,78.162079,9.059924,-0.989844,166.652947,-0.138319,-1.880623,0.138319,-0.032817,0.989844,82.045105,-81.827219,0.032817,-0.032817,-166.652947,81.827219,0.989844,1.880623,-82.045105,-0.989844,0.032817,0.138319,-0.138319,NA,NA,NA,NA,NA,NA,NA,NA,NA,NA,NA,NA
NA,NA,NA,NA,NA,NA,NA,NA,NA,NA,NA,NA,NA,NA,NA,NA,55,2025-10-10,15:16:08,2,1,"Fletcher, Drew",1000357758,Right,CAR_EAG,"Bolton, Ryan",1000215919,Right,CAR_EAG,Undefined,2,Bottom,0,0,0,Slider,Slider,BallCalled,Undefined,Undefined,Undefined,0,0,NA,75.53499,-0.549441,-3.785726,2383.434284,117.79523,10:00:00,4.91774,3.32437,5.42316,-44.35806,5.55343,-7.67473,0.70543,-0.86651,69.8332,-8.612161,-5.146735,0.508477,NA,NA,NA,NA,NA,NA,NA,NA,NA,NA,NA,2.83851,3.41221,-2.9823,50,4.83804,7.53064,-109.46602,-2.46733,3.45159,18.935,-28.02485,CAR_EAG,CAR_EAG,CarsonNewman,TeamExclusive,Team,20251010-CarsonNewman-Private-1,9421e3c0-a60d-11f0-b95a-07f253d65970,74.12805,NA,NA,5.70179,NA,NA,NA,NA,NA,NA,0c368c5f-52eb-4b15-8a1f-5e10ac20fa49,2025-10-10,19:16:08,2025-10-10T19:16:08Z,2025-10-10T19:16:08Z,NA,v3,CNE,CNE,NA,"Rogers, Jacob",1000215913,Right,CAR_EAG,6076eaf5-378a-4650-bb8b-afedece6015e,55.07872,-110.34102,9.4675,4.92213,-1.17228,-14.01242,-3.32661,7.37114,1.7258,NA,NA,NA,NA,NA,NA,NA,NA,NA,NA,NA,NA,NA,NA,NA,NA,NA,NA,NA,NA,NA,NA,NA,NA,NA,NA,NA,NA,NA,NA,NA,NA,NA,NA,NA,NA,NA,NA,NA,NA,NA,NA,NA,NA,NA,NA,NA,NA,NA,NA,High,High,High,NA,NA,NA,NA,NA,113.861211,73.073347,693.930351,0.291147,09:45:00,-0.964871,0.257076,-0.054188,19.867295,38.649066,-8.543809,0.120632,131.690163,-0.660245,47.842196,0.660245,-0.741299,-0.120632,10.354169,6.928568,0.741299,0.741299,-131.690163,-6.928568,0.120632,-47.842196,-10.354169,-0.120632,-0.741299,0.660245,-0.660245,NA,NA,NA,NA,NA,NA,NA,NA,NA,NA,NA,NA
NA,NA,NA,NA,NA,NA,NA,NA,NA,NA,NA,NA,NA,NA,NA,NA,56,2025-10-10,15:16:30,2,2,"Fletcher, Drew",1000357758,Right,CAR_EAG,"Bolton, Ryan",1000215919,Right,CAR_EAG,Undefined,2,Bottom,0,1,0,Fastball,Changeup,BallCalled,Undefined,Undefined,Undefined,0,0,NA,85.56654,-1.249263,-5.245638,2070.045801,228.840913,01:45:00,5.20669,2.70604,5.81209,-25.49104,13.16009,13.58331,1.91565,-1.05375,77.96986,-6.008824,-2.825387,0.447458,NA,NA,NA,NA,NA,NA,NA,NA,NA,NA,NA,-8.38634,7.45414,-2.28274,50,5.08874,10.79523,-123.73135,-3.51582,-12.97251,25.18983,-20.64355,CAR_EAG,CAR_EAG,CarsonNewman,TeamExclusive,Team,20251010-CarsonNewman-Private-1,a0ae5290-a60d-11f0-b95a-07f253d65970,84.23675,NA,NA,7.59668,NA,NA,NA,NA,NA,NA,0c368c5f-52eb-4b15-8a1f-5e10ac20fa49,2025-10-10,19:16:30,2025-10-10T19:16:30Z,2025-10-10T19:16:30Z,NA,v3,CNE,CNE,NA,"Rogers, Jacob",1000215913,Right,CAR_EAG,a9e17ac1-d7c1-44aa-a3f7-a88b89137f8e,54.68835,-124.68218,12.59492,5.20675,-2.7366,-10.32178,-2.69946,11.28489,-6.48625,NA,NA,NA,NA,NA,NA,NA,NA,NA,NA,NA,NA,NA,NA,NA,NA,NA,NA,NA,NA,NA,NA,NA,NA,NA,NA,NA,NA,NA,NA,NA,NA,NA,NA,NA,NA,NA,NA,NA,NA,NA,NA,NA,NA,NA,NA,NA,NA,NA,NA,High,High,High,NA,NA,NA,NA,NA,235.68343,27.062412,1843.399527,0.890511,01:45:00,-0.482879,-0.745249,-0.459817,56.802926,56.772159,33.972776,0.973332,164.007491,-0.220524,3.623684,0.220524,-0.063203,-0.973332,77.234229,76.738102,0.063203,0.063203,-164.007491,-76.738102,0.973332,-3.623684,-77.234229,-0.973332,-0.063203,0.220524,-0.220524,NA,NA,NA,NA,NA,NA,NA,NA,NA,NA,NA,NA
NA,NA,NA,NA,NA,NA,NA,NA,NA,NA,NA,NA,NA,NA,NA,NA,57,2025-10-10,15:16:52,2,3,"Fletcher, Drew",1000357758,Right,CAR_EAG,"Bolton, Ryan",1000215919,Right,CAR_EAG,Undefined,2,Bottom,0,2,0,Fastball,Four-Seam,FoulBallNotFieldable,Undefined,Undefined,Undefined,0,0,NA,85.57269,-0.568296,-3.293267,2048.088139,216.951779,01:15:00,5.41077,2.69443,5.76679,-21.67926,17.25217,11.91804,3.07435,0.61911,77.1035,-4.683065,-1.164008,0.449078,60.02823,57.498539,47.007075,5652.937134,61.08526,57.18466,91.47998,141.84901,60.04382,56.894221,4.415125,-7.10902,9.36686,-2.42883,50,5.35078,6.63247,-123.92418,-1.87455,-10.90098,27.98578,-17.81092,CAR_EAG,CAR_EAG,CarsonNewman,TeamExclusive,Team,20251010-CarsonNewman-Private-1,ae23e8e0-a60d-11f0-b95a-07f253d65970,83.93299,77.26618,NA,8.46919,NA,NA,NA,0.77612,3.12728,-0.51916,0c368c5f-52eb-4b15-8a1f-5e10ac20fa49,2025-10-10,19:16:52,2025-10-10T19:16:52Z,2025-10-10T19:16:52Z,Popup,v3,CNE,CNE,NA,"Rogers, Jacob",1000215913,Right,CAR_EAG,f233ebcb-b830-4151-945a-1e4436840bc4,54.73249,-124.98835,13.99289,5.40919,-1.19728,-8.90546,-2.68891,7.04699,-5.45049,201.820966,0.77797,32.19754,-9.26116,2.18634,0.23072,-0.40605,0.14254,-0.02212,0.0013,3.12419,74.32238,-21.43241,2.14042,-0.59178,0.12429,-0.00478,-0.00291,3.4e-4,-0.51956,34.60957,-3.49948,0.71066,-0.11465,0.01802,-0.00381,7.2e-4,-6e-5,NA,NA,NA,NA,NA,NA,NA,NA,NA,NA,NA,NA,NA,NA,NA,NA,NA,NA,NA,NA,NA,NA,High,High,High,High,Low,NA,NA,NA,234.006177,23.973531,1871.40625,0.913733,01:45:00,-0.429152,-0.743277,-0.513193,61.241859,53.736844,40.463954,0.976025,162.673426,-0.207782,3.716667,0.207782,-0.064823,-0.976025,77.981951,77.42845,0.064823,0.064823,-162.673426,-77.42845,0.976025,-3.716667,-77.981951,-0.976025,-0.064823,0.207782,-0.207782,NA,NA,NA,NA,NA,NA,NA,NA,NA,NA,NA,NA
NA,NA,NA,NA,NA,NA,NA,NA,NA,NA,NA,NA,NA,NA,NA,NA,58,2025-10-10,15:17:30,2,4,"Fletcher, Drew",1000357758,Right,CAR_EAG,"Bolton, Ryan",1000215919,Right,CAR_EAG,Undefined,2,Bottom,0,2,1,Slider,Slider,StrikeCalled,Undefined,Undefined,Undefined,0,0,NA,74.95162,0.922627,-1.955643,2258.503533,88.657263,09:00:00,5.03132,3.12127,5.40063,-49.15593,1.31508,-7.5452,1.80017,0.65914,69.25913,-8.023641,-3.297257,0.511319,NA,NA,NA,NA,NA,NA,NA,NA,NA,NA,NA,3.28232,0.86161,-2.9413299999999998,50,5.07898,3.99701,-108.82643,0.16842,3.95226,18.37471,-31.13656,CAR_EAG,CAR_EAG,CarsonNewman,TeamExclusive,Team,20251010-CarsonNewman-Private-1,c48d36e0-a60d-11f0-b95a-07f253d65970,73.71603,NA,NA,5.6925,NA,NA,NA,NA,NA,NA,0c368c5f-52eb-4b15-8a1f-5e10ac20fa49,2025-10-10,19:17:30,2025-10-10T19:17:30Z,2025-10-10T19:17:30Z,NA,v3,CNE,CNE,NA,"Rogers, Jacob",1000215913,Right,CAR_EAG,ba035c0e-51fb-44be-b494-e3f2a200aebf,55.10251,-109.68458,9.18735,5.03716,1.62258,-15.56828,-3.12369,3.81243,1.97613,NA,NA,NA,NA,NA,NA,NA,NA,NA,NA,NA,NA,NA,NA,NA,NA,NA,NA,NA,NA,NA,NA,NA,NA,NA,NA,NA,NA,NA,NA,NA,NA,NA,NA,NA,NA,NA,NA,NA,NA,NA,NA,NA,NA,NA,NA,NA,NA,NA,NA,High,High,High,NA,NA,NA,NA,NA,110.080989,71.462157,718.04817,0.317931,09:45:00,-0.946359,0.313831,-0.076911,6.175494,35.533292,-16.257494,0.032656,129.936023,-0.641589,50.02749,0.641589,-0.766353,-0.032656,2.913765,1.871387,0.766353,0.766353,-129.936023,-1.871387,0.032656,-50.02749,-2.913765,-0.032656,-0.766353,0.641589,-0.641589,NA,NA,NA,NA,NA,NA,NA,NA,NA,NA,NA,NA
NA,NA,NA,NA,NA,NA,NA,NA,NA,NA,NA,NA,NA,NA,NA,NA,59,2025-10-10,15:17:51,2,5,"Fletcher, Drew",1000357758,Right,CAR_EAG,"Bolton, Ryan",1000215919,Right,CAR_EAG,Undefined,2,Bottom,0,2,2,Slider,Curveball,InPlay,Undefined,LineDrive,Out,1,0,NA,74.42291,2.668873,-2.178126,2273.500351,95.281471,09:15:00,5.09503,2.94557,5.55097,-48.21266,2.47012,-11.80654,3.57494,-0.07472,68.93896,-6.139571,-4.27807,0.512391,86.48531,9.680424,19.683553,2328.287382,101.06197,9.29378,43.4327,164.57461,147.94148,24.967736,1.520764,5.46473,0.97847,-2.74879,50,5.29402,4.53302,-108.04571,3.54259,6.52817,16.96135,-31.00519,CAR_EAG,CAR_EAG,CarsonNewman,TeamExclusive,Team,20251010-CarsonNewman-Private-1,d16f8de0-a60d-11f0-b95a-07f253d65970,73.56184,10.60391,NA,5.48395,NA,NA,NA,0.88424,3.5314,0.13074,0c368c5f-52eb-4b15-8a1f-5e10ac20fa49,2025-10-10,19:17:51,2025-10-10T19:17:51Z,2025-10-10T19:17:51Z,LineDrive,v3,CNE,CNE,NA,"Rogers, Jacob",1000215913,Right,CAR_EAG,6184606e-132c-4515-b4ff-2d073b9eb14a,54.95346,-108.82053,8.48067,5.09983,4.95898,-15.50259,-2.94906,4.2348,3.26408,254.714368,0.88425,117.73245,-17.92762,3.92786,-0.57169,-0.15335,0.17275,-0.06038,0.00761,3.5314,21.3293,-16.54655,0.81882,-0.34715,0.3951,-0.25945,0.08235,-0.00969,0.13074,42.11617,3.79824,-1.34179,0.10474,0.28923,-0.23081,0.07574,-0.00905,NA,NA,NA,NA,NA,NA,NA,NA,NA,NA,NA,NA,NA,NA,NA,NA,NA,NA,NA,NA,NA,NA,High,High,High,High,High,NA,NA,NA,104.46715,67.799077,859.05508,0.377856,09:30:00,-0.910756,0.408589,-0.059827,-29.892611,28.683324,-32.45145,-0.137687,122.234835,-0.528311,-56.909877,0.528311,-0.837813,0.137687,14.607311,-7.914001,0.837813,-0.837813,-122.234835,7.914001,0.137687,56.909877,-14.607311,-0.137687,0.837813,0.528311,-0.528311,NA,NA,NA,NA,NA,NA,NA,NA,NA,NA,NA,NA
NA,NA,NA,NA,NA,NA,NA,NA,NA,NA,NA,NA,NA,NA,NA,NA,60,2025-10-10,15:18:30,3,1,"Fletcher, Drew",1000357758,Right,CAR_EAG,"Rodriguez, Sebastian",10180804,Left,CAR_EAG,Undefined,2,Bottom,1,0,0,ChangeUp,Changeup,InPlay,Undefined,Bunt,Out,1,0,NA,75.65744,1.55867,-5.517639,1379.966792,269.442513,03:00:00,4.89014,3.26515,6.15078,-47.26688,1.76606,11.2189,2.39854,-0.91414,68.85325,-7.19584,-3.506896,0.503982,NA,NA,NA,NA,NA,NA,NA,NA,NA,NA,NA,-7.54882,0.81654,-2.85012,50,4.98462,10.19534,-109.4201,1.64931,-9.07784,20.76703,-31.19211,CAR_EAG,CAR_EAG,CarsonNewman,TeamExclusive,Team,20251010-CarsonNewman-Private-1,e8bad770-a60d-11f0-b95a-07f253d65970,74.7892,NA,NA,6.80419,NA,NA,NA,NA,NA,NA,0c368c5f-52eb-4b15-8a1f-5e10ac20fa49,2025-10-10,19:18:30,2025-10-10T19:18:30Z,2025-10-10T19:18:30Z,NA,v3,CNE,CNE,NA,"Rogers, Jacob",1000215913,Right,CAR_EAG,c2580ee5-ae9a-4418-92aa-febae7dddc67,54.35315,-110.24319,10.38352,4.89475,2.8856,-15.59606,-3.26135,10.55514,-4.53892,NA,NA,NA,NA,NA,NA,NA,NA,NA,NA,NA,NA,NA,NA,NA,NA,NA,NA,NA,NA,NA,NA,NA,NA,NA,NA,NA,NA,NA,NA,NA,NA,NA,NA,NA,NA,NA,NA,NA,NA,NA,NA,NA,NA,NA,NA,NA,NA,NA,NA,High,High,High,NA,NA,NA,NA,NA,250.282229,42.844846,1011.788666,0.733198,02:15:00,-0.719087,-0.671455,-0.17906,16.192914,69.165991,-20.212717,-0.976955,177.368385,-0.213221,-0.561521,0.213221,-0.0098,0.976955,77.688195,-77.675594,0.0098,-0.0098,-177.368385,77.675594,0.976955,0.561521,-77.688195,-0.976955,0.0098,0.213221,-0.213221,NA,NA,NA,NA,NA,NA,NA,NA,NA,NA,NA,NA
NA,NA,NA,NA,NA,NA,NA,NA,NA,NA,NA,NA,NA,NA,NA,NA,61,2025-10-10,15:19:04,4,1,"Fletcher, Drew",1000357758,Right,CAR_EAG,"Van Ness, Jameson",1000370206,Right,CAR_EAG,Undefined,2,Bottom,2,0,0,Slider,Curveball,BallCalled,Undefined,Undefined,Undefined,0,0,NA,75.73736,1.29422,-4.133933,2097.862848,106.742506,09:30:00,4.8631,3.15,5.54637,-45.53357,3.57626,-7.37465,2.28154,-1.3347,70.2547,-7.002874,-5.441958,0.504377,NA,NA,NA,NA,NA,NA,NA,NA,NA,NA,NA,2.69516,1.91898,-2.78629,50,4.94522,8.20879,-109.80153,1.04483,3.32285,17.64303,-29.80816,CAR_EAG,CAR_EAG,CarsonNewman,TeamExclusive,Team,20251010-CarsonNewman-Private-1,fcd81290-a60d-11f0-b95a-07f253d65970,74.73064,NA,NA,5.48265,NA,NA,NA,NA,NA,NA,0c368c5f-52eb-4b15-8a1f-5e10ac20fa49,2025-10-10,19:19:04,2025-10-10T19:19:04Z,2025-10-10T19:19:04Z,NA,v3,CNE,CNE,NA,"Rogers, Jacob",1000215913,Right,CAR_EAG,0d5ef27a-a803-4568-a705-7ea216468376,54.95655,-110.59508,8.82151,4.86807,2.38556,-14.90408,-3.15215,8.05933,1.66142,NA,NA,NA,NA,NA,NA,NA,NA,NA,NA,NA,NA,NA,NA,NA,NA,NA,NA,NA,NA,NA,NA,NA,NA,NA,NA,NA,NA,NA,NA,NA,NA,NA,NA,NA,NA,NA,NA,NA,NA,NA,NA,NA,NA,NA,NA,NA,NA,NA,NA,High,High,High,NA,NA,NA,NA,NA,116.484635,73.6794,589.524183,0.281012,10:00:00,-0.960331,0.273133,-0.056237,0.340508,29.232572,-13.511255,-0.037839,122.475405,-0.536553,-57.460183,0.536553,-0.843018,0.037839,4.033963,-2.168536,0.843018,-0.843018,-122.475405,2.168536,0.037839,57.460183,-4.033963,-0.037839,0.843018,0.536553,-0.536553,NA,NA,NA,NA,NA,NA,NA,NA,NA,NA,NA,NA
NA,NA,NA,NA,NA,NA,NA,NA,NA,NA,NA,NA,NA,NA,NA,NA,62,2025-10-10,15:19:26,4,2,"Fletcher, Drew",1000357758,Right,CAR_EAG,"Van Ness, Jameson",1000370206,Right,CAR_EAG,Undefined,2,Bottom,2,1,0,Slider,Curveball,StrikeCalled,Undefined,Undefined,Undefined,0,0,NA,70.91119,2.434693,-1.823231,2108.276576,102.676828,09:30:00,4.84169,3.30393,5.42241,-52.61912,3.70992,-9.23233,2.73994,0.82613,65.47648,-7.16926,-3.463079,0.540179,NA,NA,NA,NA,NA,NA,NA,NA,NA,NA,NA,4.1665,1.73913,-3.13537,50,5.0214,3.60286,-102.89614,2.7859,4.49393,16.10685,-30.29822,CAR_EAG,CAR_EAG,CarsonNewman,TeamExclusive,Team,20251010-CarsonNewman-Private-1,09aea9c0-a60e-11f0-b95a-07f253d65970,69.77771,NA,NA,5.4347,NA,NA,NA,NA,NA,NA,0c368c5f-52eb-4b15-8a1f-5e10ac20fa49,2025-10-10,19:19:26,2025-10-10T19:19:26Z,2025-10-10T19:19:26Z,NA,v3,CNE,CNE,NA,"Rogers, Jacob",1000215913,Right,CAR_EAG,b1d86b6b-03d9-4bc2-b42a-c37dd2dc4b01,55.08016,-103.68831,8.05342,4.84774,4.27604,-15.14911,-3.30713,3.38184,2.24697,NA,NA,NA,NA,NA,NA,NA,NA,NA,NA,NA,NA,NA,NA,NA,NA,NA,NA,NA,NA,NA,NA,NA,NA,NA,NA,NA,NA,NA,NA,NA,NA,NA,NA,NA,NA,NA,NA,NA,NA,NA,NA,NA,NA,NA,NA,NA,NA,NA,NA,High,High,High,NA,NA,NA,NA,NA,100.889596,62.583187,970.777639,0.46046,09:15:00,-0.869999,0.48947,-0.059339,-1.919543,37.677661,-24.533201,-0.106196,130.958367,-0.651804,-48.669758,0.651804,-0.750916,0.106196,9.253694,-6.096084,0.750916,-0.750916,-130.958367,6.096084,0.106196,48.669758,-9.253694,-0.106196,0.750916,0.651804,-0.651804,NA,NA,NA,NA,NA,NA,NA,NA,NA,NA,NA,NA
NA,NA,NA,NA,NA,NA,NA,NA,NA,NA,NA,NA,NA,NA,NA,NA,63,2025-10-10,15:19:44,4,3,"Fletcher, Drew",1000357758,Right,CAR_EAG,"Van Ness, Jameson",1000370206,Right,CAR_EAG,Undefined,2,Bottom,2,1,1,Slider,Curveball,FoulBallNotFieldable,Undefined,Undefined,Undefined,0,0,NA,74.10024,2.504768,-2.577777,2198.132626,95.334731,09:15:00,4.98948,3.12309,5.41716,-49.15207,2.38634,-10.0378,3.24387,-0.12994,68.49573,-6.454871,-4.358288,0.516698,61.51375,52.079765,120.463743,5508.74659,NA,NA,NA,NA,18.43837,NA,NA,4.4211,0.96768,-2.88646,50,5.17784,5.20516,-107.5062,3.15719,5.2151,17.2568,-31.03259,CAR_EAG,CAR_EAG,CarsonNewman,TeamExclusive,Team,20251010-CarsonNewman-Private-1,14b00bc0-a60e-11f0-b95a-07f253d65970,72.94867,24.74789,NA,5.60451,NA,NA,NA,0.53641,3.20315,0.18154,0c368c5f-52eb-4b15-8a1f-5e10ac20fa49,2025-10-10,19:19:44,2025-10-10T19:19:44Z,2025-10-10T19:19:44Z,NA,v3,CNE,CNE,NA,"Rogers, Jacob",1000215913,Right,CAR_EAG,0ed5168d-18ad-4896-816a-f0d635c5ecda,55.08682,-108.31965,8.6284,4.99454,4.62001,-15.5163,-3.12603,4.95933,2.60755,321.505318,0.54294,-28.36319,-3.77852,NA,NA,NA,NA,NA,NA,3.21238,70.81928,-27.03527,NA,NA,NA,NA,NA,NA,0.18867,47.51927,-10.56566,NA,NA,NA,NA,NA,NA,NA,NA,NA,NA,NA,NA,NA,NA,NA,NA,NA,NA,NA,NA,NA,NA,NA,NA,NA,NA,NA,NA,High,High,High,High,Undefined,NA,NA,NA,101.432469,70.267888,742.139823,0.337623,09:30:00,-0.927993,0.371744,-0.02521,-12.477179,33.120233,-25.982651,-0.051639,124.675116,-0.568163,-55.214539,0.568163,-0.821294,0.051639,5.193174,-2.959994,0.821294,-0.821294,-124.675116,2.959994,0.051639,55.214539,-5.193174,-0.051639,0.821294,0.568163,-0.568163,NA,NA,NA,NA,NA,NA,NA,NA,NA,NA,NA,NA
NA,NA,NA,NA,NA,NA,NA,NA,NA,NA,NA,NA,NA,NA,NA,NA,64,2025-10-10,15:20:07,4,4,"Fletcher, Drew",1000357758,Right,CAR_EAG,"Van Ness, Jameson",1000370206,Right,CAR_EAG,Undefined,2,Bottom,2,1,2,Slider,Curveball,BallCalled,Undefined,Undefined,Undefined,0,0,NA,74.65426,0.639847,-5.233423,2331.758772,113.011574,09:45:00,4.90303,2.87333,5.60297,-44.09286,6.90969,-12.70335,1.8285,-3.08472,68.9242,-7.406179,-7.479983,0.514005,NA,NA,NA,NA,NA,NA,NA,NA,NA,NA,NA,4.99807,3.79866,-2.41552,50,4.92955,10.35138,-107.99271,-0.12956,5.90774,18.64858,-27.68404,CAR_EAG,CAR_EAG,CarsonNewman,TeamExclusive,Team,20251010-CarsonNewman-Private-1,2255b2c0-a60e-11f0-b95a-07f253d65970,73.33087,NA,NA,5.73006,NA,NA,NA,NA,NA,NA,0c368c5f-52eb-4b15-8a1f-5e10ac20fa49,2025-10-10,19:20:07,2025-10-10T19:20:07Z,2025-10-10T19:20:07Z,NA,v3,CNE,CNE,NA,"Rogers, Jacob",1000215913,Right,CAR_EAG,920fc666-bd9c-4c2c-8fcd-bbe1c3992a47,54.89891,-108.83539,9.32429,4.90714,1.12139,-13.84202,-2.87724,10.08442,2.95387,NA,NA,NA,NA,NA,NA,NA,NA,NA,NA,NA,NA,NA,NA,NA,NA,NA,NA,NA,NA,NA,NA,NA,NA,NA,NA,NA,NA,NA,NA,NA,NA,NA,NA,NA,NA,NA,NA,NA,NA,NA,NA,NA,NA,NA,NA,NA,NA,NA,NA,High,High,High,NA,NA,NA,NA,NA,100.523127,65.939215,950.671104,0.407706,09:15:00,-0.911584,0.41102,0.008725,-17.85698,34.765028,-30.724388,-0.064087,124.625206,-0.567038,-55.204588,0.567038,-0.821195,0.064087,6.448213,-3.674414,0.821195,-0.821195,-124.625206,3.674414,0.064087,55.204588,-6.448213,-0.064087,0.821195,0.567038,-0.567038,NA,NA,NA,NA,NA,NA,NA,NA,NA,NA,NA,NA
NA,NA,NA,NA,NA,NA,NA,NA,NA,NA,NA,NA,NA,NA,NA,NA,65,2025-10-10,15:20:25,4,5,"Fletcher, Drew",1000357758,Right,CAR_EAG,"Van Ness, Jameson",1000370206,Right,CAR_EAG,Undefined,2,Bottom,2,2,2,Fastball,Changeup,InPlay,Undefined,GroundBall,Single,0,1,NA,85.57392,-0.35706,-3.943332,1832.737671,268.641903,03:00:00,5.33834,2.62693,5.5285,-37.16278,1.51284,13.64568,1.90684,0.07171,78.64739,-7.148884,-1.515065,0.4476,70.41424,-67.098212,-92.760085,NA,NA,NA,NA,1.32865,1.32865,-39.66294,0.019519,-7.98174,1.19969,-2.29305,50,5.2822,7.98271,-124.07223,-2.11307,-12.48202,24.07663,-30.29797,CAR_EAG,CAR_EAG,CarsonNewman,TeamExclusive,Team,20251010-CarsonNewman-Private-1,2d257d70-a60e-11f0-b95a-07f253d65970,84.21012,1.862,NA,6.92652,NA,NA,NA,1.06069,1.862,-0.06234,0c368c5f-52eb-4b15-8a1f-5e10ac20fa49,2025-10-10,19:20:25,2025-10-10T19:20:25Z,2025-10-10T19:20:25Z,GroundBall,v3,CNE,CNE,NA,"Rogers, Jacob",1000215913,Right,CAR_EAG,7343317f-bae5-438d-9ddb-38e13fa2e4bd,54.97525,-125.03396,12.03831,5.34243,-0.90282,-15.14898,-2.62188,8.4813,-6.24101,NA,1.0607,-1.94056,NA,NA,NA,NA,NA,NA,NA,1.86282,-95.39304,NA,NA,NA,NA,NA,NA,NA,-0.06199,-40.25235,NA,NA,NA,NA,NA,NA,NA,NA,NA,NA,NA,NA,NA,NA,NA,NA,NA,NA,NA,NA,NA,NA,NA,NA,NA,NA,NA,NA,NA,High,High,High,Estimated,Estimated,NA,NA,NA,234.629721,30.520714,1578.803827,0.861446,01:45:00,-0.536563,-0.705598,-0.462851,-81.406325,-35.792289,75.308577,0.934438,171.724531,-0.352418,2.938161,0.352418,-0.051258,-0.934438,69.336328,69.137534,0.051258,0.051258,-171.724531,-69.137534,0.934438,-2.938161,-69.336328,-0.934438,-0.051258,0.352418,-0.352418,NA,NA,NA,NA,NA,NA,NA,NA,NA,NA,NA,NA
NA,NA,NA,NA,NA,NA,NA,NA,NA,NA,NA,NA,NA,NA,NA,NA,66,2025-10-10,15:21:07,5,1,"Fletcher, Drew",1000357758,Right,CAR_EAG,"Bishop, Matthew",10136275,Right,CAR_EAG,Undefined,2,Bottom,2,0,0,Fastball,Changeup,StrikeSwinging,Undefined,Undefined,Undefined,1,0,NA,86.10542,0.2941,-6.691833,1981.870804,257.530077,02:30:00,5.3136,2.64069,5.78001,-33.46348,5.08256,16.93962,2.80052,-2.20281,77.99575,-5.889334,-3.68833,0.44685,NA,NA,NA,NA,NA,NA,NA,NA,NA,NA,NA,-10.56414,2.91512,-2.0959,50,5.31805,13.85309,-124.18151,-0.50478,-16.38698,26.40757,-27.65217,CAR_EAG,CAR_EAG,CarsonNewman,TeamExclusive,Team,20251010-CarsonNewman-Private-1,45bca7f0-a60e-11f0-b95a-07f253d65970,84.35152,NA,NA,8.10967,NA,NA,NA,NA,NA,NA,0c368c5f-52eb-4b15-8a1f-5e10ac20fa49,2025-10-10,19:21:07,2025-10-10T19:21:07Z,2025-10-10T19:21:07Z,NA,v3,CNE,CNE,NA,"Rogers, Jacob",1000215913,Right,CAR_EAG,7d6b0e91-d94f-4fbb-b9d1-49a946719029,54.72106,-125.18143,13.20378,5.31735,0.54227,-13.82608,-2.63219,14.47359,-8.19349,NA,NA,NA,NA,NA,NA,NA,NA,NA,NA,NA,NA,NA,NA,NA,NA,NA,NA,NA,NA,NA,NA,NA,NA,NA,NA,NA,NA,78.85792,2.387006,1.150874,1.236133,-1.12649,2.53029,2.36355,0.83627,6.18317,5.9242,127.28921,2.51413,4.09383,0.95938,113.78075,-9.47412,6.17192,9.34067,-9.94432,5.88476,-4.4735,2.4793,High,High,High,NA,NA,High,High,High,235.464734,26.789426,1769.154651,0.892669,01:45:00,-0.510357,-0.733037,-0.449658,62.472595,53.110399,39.515992,0.960695,145.585811,-0.229018,9.026733,0.229018,-0.156895,-0.960695,76.59163,73.882589,0.156895,0.156895,-145.585811,-73.882589,0.960695,-9.026733,-76.59163,-0.960695,-0.156895,0.229018,-0.229018,NA,NA,NA,NA,NA,NA,NA,NA,NA,NA,NA,NA
NA,NA,NA,NA,NA,NA,NA,NA,NA,NA,NA,NA,NA,NA,NA,NA,67,2025-10-10,15:23:42,1,1,"Smith, Bryce",10170454,Left,CAR_EAG,"Carruthers, Wade",1000300075,Right,CAR_EAG,Undefined,3,Top,0,0,0,Fastball,Slider,InPlay,Undefined,GroundBall,Out,2,0,NA,80.59428,-0.664516,3.848552,2077.890948,148.354687,11:00:00,6.24228,-2.69378,5.71489,-36.12199,6.72331,-3.42666,2.61161,0.61147,74.99846,-7.275384,3.237316,0.471111,94.30351,3.402247,6.025571,1678.972906,NA,NA,NA,101.67177,101.67177,8.737843,0.805115,2.66945,3.92599,2.37344,50,6.16382,-7.74122,-116.99139,-2.52573,3.75356,19.0612,-26.65362,CAR_EAG,CAR_EAG,CarsonNewman,TeamExclusive,Team,20251010-CarsonNewman-Private-1,a2616450-a60e-11f0-b95a-07f253d65970,80.00758,3.77654,NA,5.59582,NA,NA,NA,1.068,2.63029,-0.65401,0c368c5f-52eb-4b15-8a1f-5e10ac20fa49,2025-10-10,19:23:42,2025-10-10T19:23:42Z,2025-10-10T19:23:42Z,GroundBall,v3,CNE,CNE,NA,"Van Ness, Jameson",1000370206,Right,CAR_EAG,e0caf9e1-1bf9-4c00-aa07-8c29b840bbae,54.78907,-117.76908,9.5306,6.24468,-1.43827,-13.32681,2.69241,-7.89437,1.87678,257.833803,1.12646,136.32106,-16.11047,NA,NA,NA,NA,NA,NA,2.64901,7.89555,-13.92068,NA,NA,NA,NA,NA,NA,-0.69638,15.21365,6.06486,NA,NA,NA,NA,NA,NA,NA,NA,NA,NA,NA,NA,NA,NA,NA,NA,NA,NA,NA,NA,NA,NA,NA,NA,NA,NA,NA,NA,High,High,High,High,High,NA,NA,NA,127.59073,-51.468402,1294.414156,0.622946,10:15:00,0.800242,0.502655,-0.327033,-106.99728,-6.325746,-25.254325,0.470103,171.401047,-0.87269,7.583194,0.87269,-0.131966,-0.470103,28.310599,28.04101,0.131966,0.131966,-171.401047,-28.04101,0.470103,-7.583194,-28.310599,-0.470103,-0.131966,0.87269,-0.87269,NA,NA,NA,NA,NA,NA,NA,NA,NA,NA,NA,NA
NA,NA,NA,NA,NA,NA,NA,NA,NA,NA,NA,NA,NA,NA,NA,NA,68,2025-10-10,15:24:11,2,1,"Smith, Bryce",10170454,Left,CAR_EAG,"Alexander, Trace",10000832,Right,CAR_EAG,Undefined,3,Top,2,0,0,Fastball,Changeup,BallCalled,Undefined,Undefined,Undefined,0,0,NA,78.17003,-1.101259,5.767563,1953.823892,141.988033,10:45:00,6.21423,-2.92712,5.73924,-36.05242,9.91823,-6.70508,2.17903,1.90308,72.41423,-7.709323,4.576907,0.487991,NA,NA,NA,NA,NA,NA,NA,NA,NA,NA,NA,4.84878,5.75154,2.44944,50,6.09986,-11.17047,-113.06883,-3.29563,6.34271,18.59739,-24.65044,CAR_EAG,CAR_EAG,CarsonNewman,TeamExclusive,Team,20251010-CarsonNewman-Private-1,b3bc2410-a60e-11f0-b95a-07f253d65970,77.24007,NA,NA,5.75579,NA,NA,NA,NA,NA,NA,0c368c5f-52eb-4b15-8a1f-5e10ac20fa49,2025-10-10,19:24:11,2025-10-10T19:24:11Z,2025-10-10T19:24:11Z,NA,v3,CNE,CNE,NA,"Van Ness, Jameson",1000370206,Right,CAR_EAG,4a182a9c-d4b8-471a-a5e2-ecaf58b68969,54.76279,-113.84951,9.29869,6.21648,-2.26085,-12.32522,2.92394,-11.43672,3.17136,NA,NA,NA,NA,NA,NA,NA,NA,NA,NA,NA,NA,NA,NA,NA,NA,NA,NA,NA,NA,NA,NA,NA,NA,NA,NA,NA,NA,NA,NA,NA,NA,NA,NA,NA,NA,NA,NA,NA,NA,NA,NA,NA,NA,NA,NA,NA,NA,NA,NA,High,High,High,NA,NA,NA,NA,NA,121.784069,-49.593717,1266.475297,0.648203,10:00:00,0.781247,0.565531,-0.264249,-107.216732,-23.74898,-22.276845,0.359087,168.597571,-0.914883,10.632752,0.914883,-0.184513,-0.359087,21.429745,21.044128,0.184513,0.184513,-168.597571,-21.044128,0.359087,-10.632752,-21.429745,-0.359087,-0.184513,0.914883,-0.914883,NA,NA,NA,NA,NA,NA,NA,NA,NA,NA,NA,NA
NA,NA,NA,NA,NA,NA,NA,NA,NA,NA,NA,NA,NA,NA,NA,NA,69,2025-10-10,15:24:27,2,2,"Smith, Bryce",10170454,Left,CAR_EAG,"Alexander, Trace",10000832,Right,CAR_EAG,Undefined,3,Top,2,1,0,Fastball,Changeup,BallCalled,Undefined,Undefined,Undefined,0,0,NA,79.64808,-2.149266,4.026031,2002.360706,127.56771,10:15:00,6.19303,-3.03332,5.76313,-34.87927,9.06894,-10.16485,1.28004,-0.12685,74.07543,-8.536316,2.209583,0.477136,NA,NA,NA,NA,NA,NA,NA,NA,NA,NA,NA,6.16615,5.54374,2.70551,50,5.99311,-7.74691,-115.49484,-5.44267,8.43487,18.94264,-24.59059,CAR_EAG,CAR_EAG,CarsonNewman,TeamExclusive,Team,20251010-CarsonNewman-Private-1,bd170200-a60e-11f0-b95a-07f253d65970,78.99727,NA,NA,5.57265,NA,NA,NA,NA,NA,NA,0c368c5f-52eb-4b15-8a1f-5e10ac20fa49,2025-10-10,19:24:27,2025-10-10T19:24:27Z,2025-10-10T19:24:27Z,NA,v3,CNE,CNE,NA,"Van Ness, Jameson",1000370206,Right,CAR_EAG,fb5cc3da-152a-448c-9c16-78839e8d45af,54.7399,-116.26965,9.47132,6.1951599999999996,-4.43685,-12.2953,3.02944,-8.09192,4.21743,NA,NA,NA,NA,NA,NA,NA,NA,NA,NA,NA,NA,NA,NA,NA,NA,NA,NA,NA,NA,NA,NA,NA,NA,NA,NA,NA,NA,NA,NA,NA,NA,NA,NA,NA,NA,NA,NA,NA,NA,NA,NA,NA,NA,NA,NA,NA,NA,NA,NA,High,High,High,NA,NA,NA,NA,NA,117.411553,-40.207121,1529.234505,0.763716,10:00:00,0.642829,0.701701,-0.307224,-108.803034,-14.933973,-16.53248,0.323483,173.496407,-0.940145,6.152532,0.940145,-0.107176,-0.323483,18.987183,18.87367,0.107176,0.107176,-173.496407,-18.87367,0.323483,-6.152532,-18.987183,-0.323483,-0.107176,0.940145,-0.940145,NA,NA,NA,NA,NA,NA,NA,NA,NA,NA,NA,NA
NA,NA,NA,NA,NA,NA,NA,NA,NA,NA,NA,NA,NA,NA,NA,NA,70,2025-10-10,15:24:38,2,3,"Smith, Bryce",10170454,Left,CAR_EAG,"Alexander, Trace",10000832,Right,CAR_EAG,Undefined,3,Top,2,2,0,Fastball,Changeup,StrikeCalled,Undefined,Undefined,Undefined,0,0,NA,81.19456,-2.117228,3.333148,2070.674636,131.760382,10:30:00,6.22284,-3.04542,6.03937,-31.41943,10.26627,-10.20851,1.63987,-0.80628,75.60791,-7.913488,1.497593,0.464692,NA,NA,NA,NA,NA,NA,NA,NA,NA,NA,NA,6.06855,6.1578,2.79062,50,6.04008,-6.49316,-117.90542,-5.31785,8.6691,19.30711,-23.37742,CAR_EAG,CAR_EAG,CarsonNewman,TeamExclusive,Team,20251010-CarsonNewman-Private-1,c3e40920-a60e-11f0-b95a-07f253d65970,81.11277,NA,NA,5.58665,NA,NA,NA,NA,NA,NA,0c368c5f-52eb-4b15-8a1f-5e10ac20fa49,2025-10-10,19:24:38,2025-10-10T19:24:38Z,2025-10-10T19:24:38Z,NA,v3,CNE,CNE,NA,"Van Ness, Jameson",1000370206,Right,CAR_EAG,e15af05e-1d6e-4afe-bd5d-5c1233f0bfaf,54.46426,-118.63419,9.65355,6.22415,-4.43544,-11.68871,3.04189,-6.82039,4.33455,NA,NA,NA,NA,NA,NA,NA,NA,NA,NA,NA,NA,NA,NA,NA,NA,NA,NA,NA,NA,NA,NA,NA,NA,NA,NA,NA,NA,NA,NA,NA,NA,NA,NA,NA,NA,NA,NA,NA,NA,NA,NA,NA,NA,NA,NA,NA,NA,NA,NA,High,High,High,NA,NA,NA,NA,NA,120.148503,-40.146301,1582.824996,0.764401,10:00:00,0.641154,0.684366,-0.347224,-94.577134,15.283296,-27.189421,0.33972,168.09442,-0.920295,11.188073,0.920295,-0.19403,-0.33972,20.261258,19.859824,0.19403,0.19403,-168.09442,-19.859824,0.33972,-11.188073,-20.261258,-0.33972,-0.19403,0.920295,-0.920295,NA,NA,NA,NA,NA,NA,NA,NA,NA,NA,NA,NA
NA,NA,NA,NA,NA,NA,NA,NA,NA,NA,NA,NA,NA,NA,NA,NA,71,2025-10-10,15:24:51,2,4,"Smith, Bryce",10170454,Left,CAR_EAG,"Alexander, Trace",10000832,Right,CAR_EAG,Undefined,3,Top,2,2,1,Slider,Curveball,BallCalled,Undefined,Undefined,Undefined,0,0,NA,74.23004,-0.967634,3.001519,2176.724048,291.489,03:45:00,6.2809,-2.8082,5.4854,-52.0016,-0.33661,4.95532,1.04076,0.41563,68.6486,-10.390109,3.88446,0.517332,NA,NA,NA,NA,NA,NA,NA,NA,NA,NA,NA,-1.65772,0.56681,2.54127,50,6.16046,-5.82436,-107.65173,-3.46364,-1.94084,19.08836,-31.51042,CAR_EAG,CAR_EAG,CarsonNewman,TeamExclusive,Team,20251010-CarsonNewman-Private-1,cbd51de0-a60e-11f0-b95a-07f253d65970,72.85923,NA,NA,5.58144,NA,NA,NA,NA,NA,NA,0c368c5f-52eb-4b15-8a1f-5e10ac20fa49,2025-10-10,19:24:51,2025-10-10T19:24:51Z,2025-10-10T19:24:51Z,NA,v3,CNE,CNE,NA,"Van Ness, Jameson",1000370206,Right,CAR_EAG,b0e5399c-a7a5-43c5-8f6a-15301bcbc975,55.01771,-108.5378,9.54418,6.2873,-2.00094,-15.75521,2.80954,-5.73427,-0.97042,NA,NA,NA,NA,NA,NA,NA,NA,NA,NA,NA,NA,NA,NA,NA,NA,NA,NA,NA,NA,NA,NA,NA,NA,NA,NA,NA,NA,NA,NA,NA,NA,NA,NA,NA,NA,NA,NA,NA,NA,NA,NA,NA,NA,NA,NA,NA,NA,NA,NA,High,High,High,NA,NA,NA,NA,NA,5.978633,-77.05945,487.455437,0.22394,06:15:00,0.961072,0.03978,0.273421,31.90329,3.109018,-33.38263,0.643771,92.207914,-0.029481,49.875885,0.029481,-0.76465,-0.643771,87.378044,40.073581,0.76465,0.76465,-92.207914,-40.073581,0.643771,-49.875885,-87.378044,-0.643771,-0.76465,0.029481,-0.029481,NA,NA,NA,NA,NA,NA,NA,NA,NA,NA,NA,NA
NA,NA,NA,NA,NA,NA,NA,NA,NA,NA,NA,NA,NA,NA,NA,NA,72,2025-10-10,15:25:04,2,5,"Smith, Bryce",10170454,Left,CAR_EAG,"Alexander, Trace",10000832,Right,CAR_EAG,Undefined,3,Top,2,3,1,Fastball,Changeup,StrikeSwinging,Undefined,Undefined,Undefined,0,0,NA,81.89831,-1.759277,3.643943,2019.343356,133.328947,10:30:00,6.23495,-3.03053,5.97224,-31.92033,8.95453,-8.37292,1.94002,-0.3453,76.6182,-7.62519,2.14157,0.46015,NA,NA,NA,NA,NA,NA,NA,NA,NA,NA,NA,5.1224,5.33551,2.74627,50,6.07724,-7.26527,-118.96257,-4.65759,7.49163,18.42093,-24.37079,CAR_EAG,CAR_EAG,CarsonNewman,TeamExclusive,Team,20251010-CarsonNewman-Private-1,d360e120-a60e-11f0-b95a-07f253d65970,81.91333,NA,NA,5.28011,NA,NA,NA,NA,NA,NA,0c368c5f-52eb-4b15-8a1f-5e10ac20fa49,2025-10-10,19:25:04,2025-10-10T19:25:04Z,2025-10-10T19:25:04Z,NA,v3,CNE,CNE,NA,"Van Ness, Jameson",1000370206,Right,CAR_EAG,aa9bdd38-d994-4db0-a48b-1d160e18bfd1,54.5318,-119.66225,9.21047,6.23657,-3.73192,-12.18539,3.02763,-7.54983,3.74581,NA,NA,NA,NA,NA,NA,NA,NA,NA,NA,NA,NA,NA,NA,NA,NA,NA,NA,NA,NA,NA,NA,NA,NA,NA,NA,NA,NA,NA,NA,NA,NA,NA,NA,NA,NA,NA,NA,NA,NA,NA,NA,NA,NA,NA,NA,NA,NA,NA,NA,High,High,High,NA,NA,NA,NA,NA,121.764925,-46.195191,1397.797053,0.692204,10:00:00,0.725032,0.610401,-0.318965,-94.636581,9.947726,-28.462871,0.396073,168.559335,-0.899975,10.493942,0.899975,-0.182132,-0.396073,23.753964,23.332891,0.182132,0.182132,-168.559335,-23.332891,0.396073,-10.493942,-23.753964,-0.396073,-0.182132,0.899975,-0.899975,NA,NA,NA,NA,NA,NA,NA,NA,NA,NA,NA,NA
NA,NA,NA,NA,NA,NA,NA,NA,NA,NA,NA,NA,NA,NA,NA,NA,73,2025-10-10,15:25:17,2,6,"Smith, Bryce",10170454,Left,CAR_EAG,"Alexander, Trace",10000832,Right,CAR_EAG,Undefined,3,Top,2,3,2,Fastball,Changeup,InPlay,Undefined,GroundBall,Out,1,0,NA,83.0326,-1.585906,3.295848,2138.736177,124.778121,10:15:00,6.35788,-2.80487,5.57162,-32.6538,8.04804,-9.90949,2.15246,-0.54853,76.97041,-7.563323,1.529706,0.459175,86.87702,10.337386,-10.51192,922.461764,NA,NA,NA,136.2219,136.2219,-13.225302,1.23489,5.87847,4.80776,2.52736,50,6.19927,-6.54843,-120.5083,-4.44173,8.73756,21.05573,-25.02795,CAR_EAG,CAR_EAG,CarsonNewman,TeamExclusive,Team,20251010-CarsonNewman-Private-1,db25dcd0-a60e-11f0-b95a-07f253d65970,82.08727,8.46921,NA,6.06219,NA,NA,NA,2.21614,2.2984,0.58334,0c368c5f-52eb-4b15-8a1f-5e10ac20fa49,2025-10-10,19:25:17,2025-10-10T19:25:17Z,2025-10-10T19:25:17Z,LineDrive,v3,CNE,CNE,NA,"Van Ness, Jameson",1000370206,Right,CAR_EAG,aa4c1fc7-9a56-4e88-bd9b-bbec6dd3d9f7,54.93243,-121.36706,10.52787,6.35961,-3.42096,-12.51397,2.8017,-6.90479,4.36878,67.176507,2.21614,123.2474,-17.4881,3.27262,-0.68329,0.12685,-0.02548,0.00431,-4.1e-4,2.2984,22.86467,-22.33015,2.33925,-0.47835,0.09679,-0.01818,0.00327,-3.5e-4,0.58334,-22.86908,-3.87609,1.77076,-0.5309,0.13655,-0.03141,0.00592,-6.1e-4,NA,NA,NA,NA,NA,NA,NA,NA,NA,NA,NA,NA,NA,NA,NA,NA,NA,NA,NA,NA,NA,NA,High,High,High,High,High,NA,NA,NA,122.376908,-52.004569,1316.603067,0.615599,10:00:00,0.791042,0.541511,-0.284637,-97.145822,-9.108529,-20.223381,0.503119,161.893936,-0.821424,15.579719,0.821424,-0.268579,-0.503119,31.487307,30.206554,0.268579,0.268579,-161.893936,-30.206554,0.503119,-15.579719,-31.487307,-0.503119,-0.268579,0.821424,-0.821424,NA,NA,NA,NA,NA,NA,NA,NA,NA,NA,NA,NA
NA,NA,NA,NA,NA,NA,NA,NA,NA,NA,NA,NA,NA,NA,NA,NA,74,2025-10-10,15:27:31,1,1,"Butler, Cameron",10110399,Left,CAR_EAG,"Bishop, Matthew",10136275,Right,CAR_EAG,Undefined,3,Bottom,0,0,0,Fastball,Changeup,FoulBallNotFieldable,Undefined,Undefined,Undefined,0,0,NA,79.89577,1.573424,3.080862,1905.679118,103.509169,09:30:00,4.4789,-2.65446,5.83544,-38.8438,4.74197,-14.493,2.70693,-0.99572,73.61427,-5.590343,0.487038,0.475164,NA,NA,NA,NA,NA,NA,NA,NA,NA,NA,NA,8.2517,2.3665,2.41181,50,4.58421,-5.70763,-116.01599,1.96673,11.33842,20.04448,-28.9223,CAR_EAG,CAR_EAG,CarsonNewman,TeamExclusive,Team,20251010-CarsonNewman-Private-1,2abd3a90-a60f-11f0-b95a-07f253d65970,79.32509,NA,NA,6.2815,NA,NA,NA,NA,NA,NA,0c368c5f-52eb-4b15-8a1f-5e10ac20fa49,2025-10-10,19:27:31,2025-10-10T19:27:31Z,2025-10-10T19:27:31Z,NA,v3,CNE,CNE,NA,"Rogers, Jacob",1000215913,Right,CAR_EAG,9f77a32a-ef3b-4042-8bda-fd9cefe0f107,54.66913,-116.8199,10.02224,4.48207,3.12671,-14.46115,2.64985,-6.16238,5.66921,NA,NA,NA,NA,NA,NA,NA,NA,NA,NA,NA,NA,NA,NA,NA,NA,NA,NA,NA,NA,NA,NA,NA,NA,NA,NA,NA,NA,NA,NA,NA,NA,NA,NA,NA,NA,NA,NA,NA,NA,NA,NA,NA,NA,NA,NA,NA,NA,NA,NA,High,High,High,NA,NA,NA,NA,NA,110.855943,-45.059542,1346.117564,0.706372,09:45:00,0.738166,0.640404,-0.212116,-55.427698,-2.18419,54.686365,0.072079,109.443331,-0.332009,70.138808,0.332009,-0.940518,-0.072079,12.248798,4.133397,0.940518,0.940518,-109.443331,-4.133397,0.072079,-70.138808,-12.248798,-0.072079,-0.940518,0.332009,-0.332009,NA,NA,NA,NA,NA,NA,NA,NA,NA,NA,NA,NA
NA,NA,NA,NA,NA,NA,NA,NA,NA,NA,NA,NA,NA,NA,NA,NA,75,2025-10-10,15:28:38,1,2,"Butler, Cameron",10110399,Left,CAR_EAG,"Bishop, Matthew",10136275,Right,CAR_EAG,Undefined,3,Bottom,0,0,1,Fastball,Changeup,BallCalled,Undefined,Undefined,Undefined,0,0,NA,80.70388,0.859543,2.304649,1912.007899,93.57312,09:00:00,4.3661,-2.83461,5.54827,-41.07081,2.49165,-17.52406,1.74752,-2.14001,73.77941,-6.681384,-0.820555,0.475037,NA,NA,NA,NA,NA,NA,NA,NA,NA,NA,NA,9.49591,1.44221,2.64681,50,4.41344,-4.00944,-117.11488,0.36702,13.15628,22.62472,-30.17593,CAR_EAG,CAR_EAG,CarsonNewman,TeamExclusive,Team,20251010-CarsonNewman-Private-1,53279a70-a60f-11f0-b95a-07f253d65970,79.34626,NA,NA,6.92447,NA,NA,NA,NA,NA,NA,0c368c5f-52eb-4b15-8a1f-5e10ac20fa49,2025-10-10,19:28:38,2025-10-10T19:28:38Z,2025-10-10T19:28:38Z,NA,v3,CNE,CNE,NA,"Rogers, Jacob",1000215913,Right,CAR_EAG,b73b1307-9117-40aa-90ea-13d23fff8702,54.95445,-118.06812,11.31236,4.37119,1.63842,-15.08797,2.82741,-4.56375,6.57814,NA,NA,NA,NA,NA,NA,NA,NA,NA,NA,NA,NA,NA,NA,NA,NA,NA,NA,NA,NA,NA,NA,NA,NA,NA,NA,NA,NA,74.48496,2.246762,0.94249,1.304272,-0.74103,1.48838,2.1733,0.25142,6.13457,2.10469,127.28371,1.35805,6.76323,0.33363,107.24207,-7.67158,6.18423,14.82541,-14.25335,2.07464,1.19155,1.86985,High,High,High,NA,NA,High,High,High,108.632131,-37.516695,1516.558622,0.793176,09:30:00,0.629888,0.742385,-0.228267,-69.320372,5.718368,67.299044,0.021888,108.861266,-0.3232,71.098595,0.3232,-0.946077,-0.021888,3.874338,1.254199,0.946077,0.946077,-108.861266,-1.254199,0.021888,-71.098595,-3.874338,-0.021888,-0.946077,0.3232,-0.3232,NA,NA,NA,NA,NA,NA,NA,NA,NA,NA,NA,NA
NA,NA,NA,NA,NA,NA,NA,NA,NA,NA,NA,NA,NA,NA,NA,NA,76,2025-10-10,15:29:11,1,3,"Butler, Cameron",10110399,Left,CAR_EAG,"Bishop, Matthew",10136275,Right,CAR_EAG,Undefined,3,Bottom,0,1,1,Fastball,Changeup,InPlay,Undefined,Bunt,Out,1,0,NA,80.69403,0.508885,4.545518,1901.625386,91.656882,09:00:00,4.31157,-2.7575,5.57948,-41.39274,1.66583,-16.06217,1.33899,0.15837,74.80415,-7.041373,1.689157,0.472282,35.06439,-25.230491,-38.619817,NA,NA,NA,NA,6.14219,6.14219,-20.599745,0.070169,9.30914,1.02886,2.3767,50,4.32782,-8.69101,-117.04957,-0.34584,13.08505,19.36495,-30.72784,CAR_EAG,CAR_EAG,CarsonNewman,TeamExclusive,Team,20251010-CarsonNewman-Private-1,66857d30-a60f-11f0-b95a-07f253d65970,79.80923,1.55222,NA,5.88988,NA,NA,NA,3.17578,1.55222,-0.10505,0c368c5f-52eb-4b15-8a1f-5e10ac20fa49,2025-10-10,19:29:11,2025-10-10T19:29:11Z,2025-10-10T19:29:11Z,GroundBall,v3,CNE,CNE,NA,"Rogers, Jacob",1000215913,Right,CAR_EAG,d5ca5959-88d0-48a8-864a-223c72b89b00,54.92632,-117.86178,9.68247,4.3153,0.94294,-15.36392,2.75273,-9.23982,6.54252,NA,3.17204,36.67827,NA,NA,NA,NA,NA,NA,NA,1.55447,-22.12112,NA,NA,NA,NA,NA,NA,NA,-0.10206,-29.30066,NA,NA,NA,NA,NA,NA,NA,NA,NA,NA,NA,NA,NA,NA,NA,NA,NA,NA,NA,NA,NA,NA,NA,NA,NA,NA,NA,NA,NA,High,High,High,Estimated,Estimated,NA,NA,NA,108.451368,-39.954083,1457.708673,0.766559,09:30:00,0.665794,0.72142,-0.19045,-79.654382,5.149482,63.212736,0.054863,106.519281,-0.28391,73.192203,0.28391,-0.95728,-0.054863,10.937111,3.145005,0.95728,0.95728,-106.519281,-3.145005,0.054863,-73.192203,-10.937111,-0.054863,-0.95728,0.28391,-0.28391,NA,NA,NA,NA,NA,NA,NA,NA,NA,NA,NA,NA
NA,NA,NA,NA,NA,NA,NA,NA,NA,NA,NA,NA,NA,NA,NA,NA,77,2025-10-10,15:29:52,2,1,"Butler, Cameron",10110399,Left,CAR_EAG,"Mutter, Evan",1000300074,Right,CAR_EAG,Undefined,3,Bottom,1,0,0,ChangeUp,Changeup,BallCalled,Undefined,Undefined,Undefined,0,0,NA,75.82166,1.790577,1.385245,1324.662256,114.344165,09:45:00,4.93507,-2.60067,5.3704,-41.21723,7.72252,-14.12465,3.18025,-2.47862,70.26303,-5.746683,-1.124246,0.503503,NA,NA,NA,NA,NA,NA,NA,NA,NA,NA,NA,7.41422,3.87748,2.48673,50,5.06641,-2.12611,-110.16608,2.11967,9.24071,16.97534,-27.34135,CAR_EAG,CAR_EAG,CarsonNewman,TeamExclusive,Team,20251010-CarsonNewman-Private-1,7f12bca0-a60f-11f0-b95a-07f253d65970,74.86039,NA,NA,5.55863,NA,NA,NA,NA,NA,NA,0c368c5f-52eb-4b15-8a1f-5e10ac20fa49,2025-10-10,19:29:52,2025-10-10T19:29:52Z,2025-10-10T19:29:52Z,NA,v3,CNE,CNE,NA,"Rogers, Jacob",1000215913,Right,CAR_EAG,0f44559a-4407-437a-82d1-8da44c56715e,55.13267,-110.95415,8.48767,4.93855,3.38897,-13.67068,2.59539,-2.5551,4.62035,NA,NA,NA,NA,NA,NA,NA,NA,NA,NA,NA,NA,NA,NA,NA,NA,NA,NA,NA,NA,NA,NA,NA,NA,NA,NA,NA,NA,NA,NA,NA,NA,NA,NA,NA,NA,NA,NA,NA,NA,NA,NA,NA,NA,NA,NA,NA,NA,NA,NA,High,High,High,NA,NA,NA,NA,NA,102.283134,0.972376,1324.471496,0.999856,09:30:00,0.018703,0.977021,-0.212322,-92.229134,28.816386,85.084698,-0.956646,100.688246,-0.054017,-16.63053,0.054017,-0.286199,0.956646,86.768225,-73.067077,0.286199,-0.286199,-100.688246,73.067077,0.956646,16.63053,-86.768225,-0.956646,0.286199,0.054017,-0.054017,NA,NA,NA,NA,NA,NA,NA,NA,NA,NA,NA,NA
NA,NA,NA,NA,NA,NA,NA,NA,NA,NA,NA,NA,NA,NA,NA,NA,78,2025-10-10,15:30:10,2,2,"Butler, Cameron",10110399,Left,CAR_EAG,"Mutter, Evan",1000300074,Right,CAR_EAG,Undefined,3,Bottom,1,1,0,Fastball,Changeup,InPlay,Undefined,Bunt,Out,1,0,NA,80.55375,1.416526,2.572936,1865.746561,87.621213,09:00:00,4.44347,-2.64412,5.81309,-42.08057,0.62512,-13.25422,2.25559,-1.35443,74.61594,-6.305624,0.199156,0.470342,NA,NA,NA,NA,NA,NA,NA,NA,NA,NA,NA,7.43729,0.30028,2.44126,50,4.53423,-4.76446,-117.08224,1.52886,10.44982,19.57632,-31.75212,CAR_EAG,CAR_EAG,CarsonNewman,TeamExclusive,Team,20251010-CarsonNewman-Private-1,8965dd40-a60f-11f0-b95a-07f253d65970,80.13828,NA,NA,5.93781,NA,NA,NA,NA,NA,NA,0c368c5f-52eb-4b15-8a1f-5e10ac20fa49,2025-10-10,19:30:10,2025-10-10T19:30:10Z,2025-10-10T19:30:10Z,NA,v3,CNE,CNE,NA,"Rogers, Jacob",1000215913,Right,CAR_EAG,83505bb0-cf6f-4889-bd9a-762a02236004,54.69213,-117.86416,9.78816,4.44783,2.79711,-15.87606,2.6399,-5.18185,5.22491,NA,NA,NA,NA,NA,NA,NA,NA,NA,NA,NA,NA,NA,NA,NA,NA,NA,NA,NA,NA,NA,NA,NA,NA,NA,NA,NA,NA,NA,NA,NA,NA,NA,NA,NA,NA,NA,NA,NA,NA,NA,NA,NA,NA,NA,NA,NA,NA,NA,NA,High,High,High,NA,NA,NA,NA,NA,109.226788,-38.548834,1459.158023,0.782077,09:45:00,0.652161,0.722824,-0.228499,-53.618628,-4.181741,58.269353,0.136269,108.665304,-0.317054,69.812239,0.317054,-0.938567,-0.136269,23.257893,7.832,0.938567,0.938567,-108.665304,-7.832,0.136269,-69.812239,-23.257893,-0.136269,-0.938567,0.317054,-0.317054,NA,NA,NA,NA,NA,NA,NA,NA,NA,NA,NA,NA
NA,NA,NA,NA,NA,NA,NA,NA,NA,NA,NA,NA,NA,NA,NA,NA,79,2025-10-10,15:30:41,3,1,"Butler, Cameron",10110399,Left,CAR_EAG,"Wyatt, Jack",10013525,Right,CAR_EAG,Undefined,3,Bottom,2,0,0,Fastball,Changeup,BallCalled,Undefined,Undefined,Undefined,0,0,NA,80.4415,1.654584,6.529327,1927.59608,86.098581,08:45:00,4.48518,-2.47572,5.71657,-43.44345,0.27173,-15.49395,2.41679,2.34227,73.82911,-6.290095,3.785376,0.475869,NA,NA,NA,NA,NA,NA,NA,NA,NA,NA,NA,9.52327,0.15217,1.93671,50,4.59766,-12.68501,-116.16759,1.93002,13.10012,20.40656,-31.96472,CAR_EAG,CAR_EAG,CarsonNewman,TeamExclusive,Team,20251010-CarsonNewman-Private-1,9c512810-a60f-11f0-b95a-07f253d65970,79.20756,NA,NA,6.61239,NA,NA,NA,NA,NA,NA,0c368c5f-52eb-4b15-8a1f-5e10ac20fa49,2025-10-10,19:30:41,2025-10-10T19:30:41Z,2025-10-10T19:30:41Z,NA,v3,CNE,CNE,NA,"Rogers, Jacob",1000215913,Right,CAR_EAG,a1d3a7d8-64c7-4951-ab82-1fd712440939,54.78694,-117.00547,10.20328,4.49147,3.24247,-15.98236,2.46859,-13.22288,6.55006,NA,NA,NA,NA,NA,NA,NA,NA,NA,NA,NA,NA,NA,NA,NA,NA,NA,NA,NA,NA,NA,NA,NA,NA,NA,NA,NA,NA,NA,NA,NA,NA,NA,NA,NA,NA,NA,NA,NA,NA,NA,NA,NA,NA,NA,NA,NA,NA,NA,NA,High,High,High,NA,NA,NA,NA,NA,109.045252,-43.308917,1402.646152,0.727666,09:45:00,0.727931,0.667742,-0.155684,-18.953343,80.012988000000007,-47.023357,0.154636,107.828451,-0.302485,70.14019,0.302485,-0.940527,-0.154636,27.076918,8.895676,0.940527,0.940527,-107.828451,-8.895676,0.154636,-70.14019,-27.076918,-0.154636,-0.940527,0.302485,-0.302485,NA,NA,NA,NA,NA,NA,NA,NA,NA,NA,NA,NA
NA,NA,NA,NA,NA,NA,NA,NA,NA,NA,NA,NA,NA,NA,NA,NA,80,2025-10-10,15:30:59,3,2,"Butler, Cameron",10110399,Left,CAR_EAG,"Wyatt, Jack",10013525,Right,CAR_EAG,Undefined,3,Bottom,2,1,0,Fastball,Changeup,InPlay,Undefined,Bunt,Out,1,0,NA,80.27235,1.824541,2.981794,1905.161359,100.192895,09:15:00,4.41808,-2.59847,5.70197,-38.80569,4.59445,-18.55879,2.88735,-1.36394,73.90336,-5.317384,-0.332287,0.474151,NA,NA,NA,NA,NA,NA,NA,NA,NA,NA,NA,10.3363,2.1778,2.36043,50,4.54677,-5.37916,-116.55779,2.46764,14.33031,20.31111,-29.15472,CAR_EAG,CAR_EAG,CarsonNewman,TeamExclusive,Team,20251010-CarsonNewman-Private-1,a6f94680-a60f-11f0-b95a-07f253d65970,79.49452,NA,NA,6.36899,NA,NA,NA,NA,NA,NA,0c368c5f-52eb-4b15-8a1f-5e10ac20fa49,2025-10-10,19:30:59,2025-10-10T19:30:59Z,2025-10-10T19:30:59Z,NA,v3,CNE,CNE,NA,"Rogers, Jacob",1000215913,Right,CAR_EAG,0fea0a76-12ac-4c02-9901-70fb6a575d30,54.80368,-117.39189,10.15555,4.42085,3.6649,-14.57736,2.59342,-5.96764,7.16515,NA,NA,NA,NA,NA,NA,NA,NA,NA,NA,NA,NA,NA,NA,NA,NA,NA,NA,NA,NA,NA,NA,NA,NA,NA,NA,NA,NA,NA,NA,NA,NA,NA,NA,NA,NA,NA,NA,NA,NA,NA,NA,NA,NA,NA,NA,NA,NA,NA,NA,High,High,High,NA,NA,NA,NA,NA,109.480182,-37.600953,1509.420283,0.792279,09:45:00,0.646516,0.727122,-0.230891,-69.536429,1.716425,62.724225,0.105028,107.376383,-0.296996,71.638013,0.296996,-0.949085,-0.105028,19.475286,6.028754,0.949085,0.949085,-107.376383,-6.028754,0.105028,-71.638013,-19.475286,-0.105028,-0.949085,0.296996,-0.296996,NA,NA,NA,NA,NA,NA,NA,NA,NA,NA,NA,NA
NA,NA,NA,NA,NA,NA,NA,NA,NA,NA,NA,NA,NA,NA,NA,NA,81,2025-10-10,15:33:09,1,1,"Adams, Kyle",1000370208,Right,CAR_EAG,"Smith, Braxton",1000370200,Right,CAR_EAG,Undefined,4,Top,0,0,0,Fastball,Slider,BallCalled,Undefined,Undefined,Undefined,0,0,NA,81.82452,1.079184,-2.64185,2117.004013,161.431646,11:30:00,5.71717,2.11301,5.87457,-31.70762,9.51402,-2.82791,4.07844,-0.57824,75.89549,-4.783152,-3.14802,0.462098,NA,NA,NA,NA,NA,NA,NA,NA,NA,NA,NA,0.82736,4.96886,-1.89749,50,5.786,5.59473,-118.90897,1.24559,1.20245,19.57478,-24.95245,CAR_EAG,CAR_EAG,CarsonNewman,TeamExclusive,Team,20251010-CarsonNewman-Private-1,f4162e60-a60f-11f0-b95a-07f253d65970,81.56805,NA,NA,5.92903,NA,NA,NA,NA,NA,NA,0c368c5f-52eb-4b15-8a1f-5e10ac20fa49,2025-10-10,19:33:09,2025-10-10T19:33:09Z,2025-10-10T19:33:09Z,NA,v3,CNE,CNE,NA,"Van Ness, Jameson",1000370206,Right,CAR_EAG,369d681d-0ef9-4623-9341-6bca989692c4,54.62809,-119.66842,9.78739,5.71889,2.21368,-12.47623,-2.11364,5.54808,0.60122,NA,NA,NA,NA,NA,NA,NA,NA,NA,NA,NA,NA,NA,NA,NA,NA,NA,NA,NA,NA,NA,NA,NA,NA,NA,NA,NA,NA,NA,NA,NA,NA,NA,NA,NA,NA,NA,NA,NA,NA,NA,NA,NA,NA,NA,NA,NA,NA,NA,NA,High,High,High,NA,NA,NA,NA,NA,206.683352,51.447519,1319.382991,0.623231,01:00:00,-0.812,-0.265089,-0.519984,-74.747865,7.772071,-57.804542,-0.306145,171.775923,-0.942195,-7.82666,0.942195,-0.136177,0.306145,18.000387,-17.827047,0.136177,-0.136177,-171.775923,17.827047,0.306145,7.82666,-18.000387,-0.306145,0.136177,0.942195,-0.942195,NA,NA,NA,NA,NA,NA,NA,NA,NA,NA,NA,NA
NA,NA,NA,NA,NA,NA,NA,NA,NA,NA,NA,NA,NA,NA,NA,NA,82,2025-10-10,15:33:26,1,2,"Adams, Kyle",1000370208,Right,CAR_EAG,"Smith, Braxton",1000370200,Right,CAR_EAG,Undefined,4,Top,0,1,0,Fastball,Slider,FoulBallNotFieldable,Undefined,Undefined,Undefined,0,0,NA,83.84832,-0.05078,-3.662355,2324.563506,190.958992,12:15:00,5.34542,2.44712,5.92092,-27.75576,11.39906,2.00827,2.98522,-0.78893,77.96092,-5.188235,-3.302999,0.450365,NA,NA,NA,NA,NA,NA,NA,NA,NA,NA,NA,-1.86638,6.19363,-2.15455,50,5.32534,7.71743,-121.78713,-0.98149,-2.8528,19.94617,-22.707,CAR_EAG,CAR_EAG,CarsonNewman,TeamExclusive,Team,20251010-CarsonNewman-Private-1,fe4af190-a60f-11f0-b95a-07f253d65970,83.69318,NA,NA,5.88739,NA,NA,NA,NA,NA,NA,0c368c5f-52eb-4b15-8a1f-5e10ac20fa49,2025-10-10,19:33:26,2025-10-10T19:33:26Z,2025-10-10T19:33:26Z,NA,v3,CNE,CNE,NA,"Van Ness, Jameson",1000370206,Right,CAR_EAG,90a1122b-15f4-488c-8bd8-80c33caeffd4,54.58193,-122.53525,9.97309,5.34619,-0.12981,-11.3535,-2.44601,7.82443,-1.4264,NA,NA,NA,NA,NA,NA,NA,NA,NA,NA,NA,NA,NA,NA,NA,NA,NA,NA,NA,NA,NA,NA,NA,NA,NA,NA,NA,NA,NA,NA,NA,NA,NA,NA,NA,NA,NA,NA,NA,NA,NA,NA,NA,NA,NA,NA,NA,NA,NA,NA,High,High,High,NA,NA,NA,NA,NA,217.966606,46.048036,1613.375013,0.694055,01:15:00,-0.75302500000000006,-0.427622,-0.500092,-79.306223,-2.68133,-55.590594,-0.327346,174.154304,-0.939991,-5.522594,0.939991,-0.096238,0.327346,19.200352,-19.107763,0.096238,-0.096238,-174.154304,19.107763,0.327346,5.522594,-19.200352,-0.327346,0.096238,0.939991,-0.939991,NA,NA,NA,NA,NA,NA,NA,NA,NA,NA,NA,NA
NA,NA,NA,NA,NA,NA,NA,NA,NA,NA,NA,NA,NA,NA,NA,NA,83,2025-10-10,15:33:47,1,3,"Adams, Kyle",1000370208,Right,CAR_EAG,"Smith, Braxton",1000370200,Right,CAR_EAG,Undefined,4,Top,0,1,1,Fastball,Changeup,InPlay,Undefined,GroundBall,Out,1,0,NA,83.8572,0.794139,-3.821805,2171.736127,249.420715,02:15:00,5.26036,2.65593,5.75823,-32.88242,6.95579,15.32891,3.2611,0.37046,76.97481,-5.28193,-1.085062,0.454278,82.33694,-7.563199,12.559351,NA,NA,NA,NA,19.42969,19.2927,11.805417,0.164932,-8.84028,3.68669,-2.34816,50,5.30621,7.51521,-121.64486,0.60077,-13.31798,22.65313,-26.61997,CAR_EAG,CAR_EAG,CarsonNewman,TeamExclusive,Team,20251010-CarsonNewman-Private-1,0b06d4d0-a610-11f0-b95a-07f253d65970,82.97227,3.11274,NA,6.88238,NA,NA,NA,0.22127,3.11274,-0.41322,0c368c5f-52eb-4b15-8a1f-5e10ac20fa49,2025-10-10,19:33:47,2025-10-10T19:33:47Z,2025-10-10T19:33:47Z,GroundBall,v3,CNE,CNE,NA,"Van Ness, Jameson",1000370206,Right,CAR_EAG,71f8948b-797a-4e5e-b474-8c989dce6070,54.74527,-122.52535,11.32657,5.26275,1.63546,-13.30999,-2.65032,8.03286,-6.65899,301.869275,0.22171,116.80998,-17.24796,NA,NA,NA,NA,NA,NA,3.11317,-15.92913,-17.87961,NA,NA,NA,NA,NA,NA,-0.41347,26.05116,3.38663,NA,NA,NA,NA,NA,NA,NA,NA,NA,NA,NA,NA,NA,NA,NA,NA,NA,NA,NA,NA,NA,NA,NA,NA,NA,NA,NA,NA,High,High,High,High,High,NA,NA,NA,232.164284,36.741529,1740.303946,0.801342,01:45:00,-0.638334,-0.624526,-0.449996,-76.833513,-43.34406,52.844459,0.951286,128.34045,-0.191255,13.993966,0.191255,-0.24182,-0.951286,78.632288,72.042567,0.24182,0.24182,-128.34045,-72.042567,0.951286,-13.993966,-78.632288,-0.951286,-0.24182,0.191255,-0.191255,NA,NA,NA,NA,NA,NA,NA,NA,NA,NA,NA,NA
NA,NA,NA,NA,NA,NA,NA,NA,NA,NA,NA,NA,NA,NA,NA,NA,84,2025-10-10,15:34:17,2,1,"Adams, Kyle",1000370208,Right,CAR_EAG,"Ring, Alex",10041847,Right,CAR_EAG,Undefined,4,Top,1,0,0,Fastball,Changeup,InPlay,Undefined,Bunt,FieldersChoice,0,1,NA,84.70212,-0.9133,-4.160988,2320.791595,240.552594,02:00:00,5.28338,2.53972,6.01175,-30.07147,8.22323,12.7389,1.92899,-0.26041,78.75662,-6.466919,-1.876071,0.44539,29.56545,-8.643888,6.480559,NA,NA,NA,NA,11.86579,11.67792,5.287105,0.20368,-7.59374,4.74866,-2.21977,50,5.19467,8.4696,-122.99771,-2.92292,-11.82451,20.63087,-24.77975,CAR_EAG,CAR_EAG,CarsonNewman,TeamExclusive,Team,20251010-CarsonNewman-Private-1,1d12bc20-a610-11f0-b95a-07f253d65970,84.6279,2.11106,NA,5.9455,NA,NA,NA,3.21618,2.11106,0.11277,0c368c5f-52eb-4b15-8a1f-5e10ac20fa49,2025-10-10,19:34:17,2025-10-10T19:34:17Z,2025-10-10T19:34:17Z,GroundBall,v3,CNE,CNE,NA,"Van Ness, Jameson",1000370206,Right,CAR_EAG,a8a68311-c45e-470f-bc6b-8137a45c7e7e,54.49348,-123.74912,10.31544,5.28469,-2.0204,-12.38987,-2.5361,8.90027,-5.91225,358.327809,3.21583,42.61886,-1.94656,NA,NA,NA,NA,NA,NA,2.11119,-6.52562,-18.85457,NA,NA,NA,NA,NA,NA,0.11273,4.84108,-0.12852,NA,NA,NA,NA,NA,NA,NA,NA,NA,NA,NA,NA,NA,NA,NA,NA,NA,NA,NA,NA,NA,NA,NA,NA,NA,NA,NA,NA,High,High,High,High,High,NA,NA,NA,230.892546,30.959618,1990.148611,0.85753,01:45:00,-0.541682,-0.673528,-0.502932,89.543719,36.213176,67.896857,0.89286,124.589175,-0.255649,21.760903,0.255649,-0.370734,-0.89286,74.022214,63.234918,0.370734,0.370734,-124.589175,-63.234918,0.89286,-21.760903,-74.022214,-0.89286,-0.370734,0.255649,-0.255649,NA,NA,NA,NA,NA,NA,NA,NA,NA,NA,NA,NA
NA,NA,NA,NA,NA,NA,NA,NA,NA,NA,NA,NA,NA,NA,NA,NA,85,2025-10-10,15:35:20,3,1,"Adams, Kyle",1000370208,Right,CAR_EAG,"Gibson, Aiden",10011511,Right,CAR_EAG,Undefined,4,Top,1,0,0,Slider,Curveball,StrikeCalled,Undefined,Undefined,Undefined,0,0,NA,73.27706,1.848023,-1.99985,2297.316684,66.183138,08:15:00,5.3848,2.39556,5.54064,-56.22802,-3.86599,-12.06914,2.42806,-0.48015,68.03485,-8.373272,-4.150105,0.52081,NA,NA,NA,NA,NA,NA,NA,NA,NA,NA,NA,5.59012,-1.97,-2.21384,50,5.50761,4.15044,-106.45053,1.67161,6.46202,17.00372,-34.45132,CAR_EAG,CAR_EAG,CarsonNewman,TeamExclusive,Team,20251010-CarsonNewman-Private-1,425c05e0-a610-11f0-b95a-07f253d65970,72.37266,NA,NA,5.24221,NA,NA,NA,NA,NA,NA,0c368c5f-52eb-4b15-8a1f-5e10ac20fa49,2025-10-10,19:35:20,2025-10-10T19:35:20Z,2025-10-10T19:35:20Z,NA,v3,CNE,CNE,NA,"Van Ness, Jameson",1000370206,Right,CAR_EAG,4621bade-2f27-464f-933d-174b1ec92f35,54.9645,-107.24059,8.50186,5.39275,3.27237,-17.22566,-2.39971,3.85019,3.23101,NA,NA,NA,NA,NA,NA,NA,NA,NA,NA,NA,NA,NA,NA,NA,NA,NA,NA,NA,NA,NA,NA,NA,NA,NA,NA,NA,NA,73.13538,1.696932,0.792269,0.904663,-0.73671,2.1018,0.63805,-3.53406,6.19645,2.8837,64.87573,4.87531,59.91788,-3.49558,82.53478,-7.7641,6.19493,8.00781,-10.46344,2.90417,66.98752,-4.42233,High,High,High,NA,NA,High,High,High,77.03059,68.187869,853.601106,0.371564,08:30:00,-0.912779,0.391837,0.115314,7.833363,70.550018,-48.145879,0.524998,151.294506,-0.746503,24.128934,0.746503,-0.408791,-0.524998,35.11784,31.668127,0.408791,0.408791,-151.294506,-31.668127,0.524998,-24.128934,-35.11784,-0.524998,-0.408791,0.746503,-0.746503,NA,NA,NA,NA,NA,NA,NA,NA,NA,NA,NA,NA
NA,NA,NA,NA,NA,NA,NA,NA,NA,NA,NA,NA,NA,NA,NA,NA,86,2025-10-10,15:35:57,3,2,"Adams, Kyle",1000370208,Right,CAR_EAG,"Gibson, Aiden",10011511,Right,CAR_EAG,Undefined,4,Top,1,0,1,Slider,Curveball,StrikeSwinging,Undefined,Undefined,Undefined,0,0,NA,75.1651,0.76357,-2.725621,2268.230216,49.558149,07:45:00,5.39992,2.49217,5.67359,-51.28263,-1.99449,-3.88784,1.83913,-0.37495,70.12125,-8.56609,-3.420061,0.505292,NA,NA,NA,NA,NA,NA,NA,NA,NA,NA,NA,1.32583,-0.81378,-2.25941,50,5.4316700000000004,5.33903,-109.24098,-0.14874,1.62249,16.95441,-33.16993,CAR_EAG,CAR_EAG,CarsonNewman,TeamExclusive,Team,20251010-CarsonNewman-Private-1,5884ef80-a610-11f0-b95a-07f253d65970,74.59534,NA,NA,5.04385,NA,NA,NA,NA,NA,NA,0c368c5f-52eb-4b15-8a1f-5e10ac20fa49,2025-10-10,19:35:57,2025-10-10T19:35:57Z,2025-10-10T19:35:57Z,NA,v3,CNE,CNE,NA,"Van Ness, Jameson",1000370206,Right,CAR_EAG,d5aa15bd-cfaf-447f-ab0a-35a345b99486,54.83146,-109.98828,8.4772,5.406,1.31329,-16.58497,-2.49317,5.26752,0.81124,NA,NA,NA,NA,NA,NA,NA,NA,NA,NA,NA,NA,NA,NA,NA,NA,NA,NA,NA,NA,NA,NA,NA,NA,NA,NA,NA,NA,71.10924,1.881453,0.954061,0.927393,-0.32744,1.57088,0.47953,-4.05307,6.08641,3.4239,62.80344,2.72345,61.98267,-4.01864,78.76696,-7.3221,6.0889,6.6503,-11.09303,3.44291,67.0965,-4.33101,High,High,High,NA,NA,High,High,High,88.943176,78.171429,464.95123,0.204984,09:00:00,-0.974663,0.217975,0.050186,0.738224,60.762738,-50.360592,0.620068,146.834822,-0.656743,25.4162,0.656743,-0.429191,-0.620068,43.354718,38.321115,0.429191,0.429191,-146.834822,-38.321115,0.620068,-25.4162,-43.354718,-0.620068,-0.429191,0.656743,-0.656743,NA,NA,NA,NA,NA,NA,NA,NA,NA,NA,NA,NA
NA,NA,NA,NA,NA,NA,NA,NA,NA,NA,NA,NA,NA,NA,NA,NA,87,2025-10-10,15:36:24,3,3,"Adams, Kyle",1000370208,Right,CAR_EAG,"Gibson, Aiden",10011511,Right,CAR_EAG,Undefined,4,Top,1,0,2,Fastball,Slider,BallCalled,Undefined,Undefined,Undefined,0,0,NA,83.41775,2.324051,-0.952219,2171.130805,189.96736,12:15:00,5.72448,2.02218,5.76322,-31.89045,7.98611,1.21347,5.23161,1.23692,77.02773,-3.571307,-0.735145,0.454496,NA,NA,NA,NA,NA,NA,NA,NA,NA,NA,NA,-0.84504,3.86012,-1.94403,50,5.89766,1.96608,-121.2151,3.87093,-1.27421,20.70225,-26.35343,CAR_EAG,CAR_EAG,CarsonNewman,TeamExclusive,Team,20251010-CarsonNewman-Private-1,686c7030-a610-11f0-b95a-07f253d65970,82.93233,NA,NA,6.39002,NA,NA,NA,NA,NA,NA,0c368c5f-52eb-4b15-8a1f-5e10ac20fa49,2025-10-10,19:36:24,2025-10-10T19:36:24Z,2025-10-10T19:36:24Z,NA,v3,CNE,CNE,NA,"Van Ness, Jameson",1000370206,Right,CAR_EAG,be00b517-dbd2-4887-8171-95a2938a0eae,54.73892,-122.02178,10.35113,5.72682,4.89781,-13.17672,-2.02161,2.01573,-0.63711,NA,NA,NA,NA,NA,NA,NA,NA,NA,NA,NA,NA,NA,NA,NA,NA,NA,NA,NA,NA,NA,NA,NA,NA,NA,NA,NA,NA,NA,NA,NA,NA,NA,NA,NA,NA,NA,NA,NA,NA,NA,NA,NA,NA,NA,NA,NA,NA,NA,NA,High,High,High,NA,NA,NA,NA,NA,211.57291,50.726951,1374.362279,0.633017,01:00:00,-0.795795,-0.299772,-0.526162,-66.468247,1.334428,-55.734941,-0.156043,169.031871,-0.969707,-10.832138,0.969707,-0.187932,0.156043,9.141514,-8.977272,0.187932,-0.187932,-169.031871,8.977272,0.156043,10.832138,-9.141514,-0.156043,0.187932,0.969707,-0.969707,NA,NA,NA,NA,NA,NA,NA,NA,NA,NA,NA,NA
NA,NA,NA,NA,NA,NA,NA,NA,NA,NA,NA,NA,NA,NA,NA,NA,88,2025-10-10,15:36:44,3,4,"Adams, Kyle",1000370208,Right,CAR_EAG,"Gibson, Aiden",10011511,Right,CAR_EAG,Undefined,4,Top,1,1,2,Slider,Curveball,InPlay,Undefined,FlyBall,Out,1,0,NA,75.23471,1.754114,-1.231783,2314.29274,67.703587,08:15:00,5.33245,2.32875,5.32356,-51.96093,-2.07299,-8.38611,2.64942,0.47376,69.88235,-7.668522,-2.721272,0.508357,80.27737,47.884352,1.860492,NA,109.08927,102.24181,14.12345,245.43654,241.88258,14.230681,5.459773,3.93847,-1.12429,-2.21082,50,5.45309,2.66134,-109.33615,1.64165,4.81945,17.31157,-33.54983,CAR_EAG,CAR_EAG,CarsonNewman,TeamExclusive,Team,20251010-CarsonNewman-Private-1,74a5dd00-a610-11f0-b95a-07f253d65970,74.14555,110.22822,NA,5.35236,NA,NA,NA,1.70885,2.88986,-0.42815,0c368c5f-52eb-4b15-8a1f-5e10ac20fa49,2025-10-10,19:36:44,2025-10-10T19:36:44Z,2025-10-10T19:36:44Z,FlyBall,v3,CNE,CNE,NA,"Van Ness, Jameson",1000370206,Right,CAR_EAG,a332b7a1-3313-4e0b-9b47-957fef69b92d,55.18185,-110.15355,8.65579,5.33818,3.22578,-16.77492,-2.33111,2.43377,2.40972,197.718343,1.71375,78.82702,-17.27466,4.06133,-0.62695,0.05442,-0.0019,1e-4,-1e-5,2.88944,87.33462,-20.61542,1.42532,-0.01359,-0.09695,0.03124,-0.0042,2.1e-4,-0.42934,2.58559,4.10848,-0.95284,0.14356,-0.01162,2.9e-4,-2e-5,0,NA,NA,NA,NA,NA,NA,NA,NA,NA,NA,NA,NA,NA,NA,NA,NA,NA,NA,NA,NA,NA,NA,High,High,High,High,Medium,NA,NA,NA,84.536,72.029494,714.022659,0.308527,08:45:00,-0.940519,0.336099,0.049608,-96.679655,-27.117413,28.895773,0.565697,148.555194,-0.703513,25.479102,0.703513,-0.430182,-0.565697,38.802835,34.450675,0.430182,0.430182,-148.555194,-34.450675,0.565697,-25.479102,-38.802835,-0.565697,-0.430182,0.703513,-0.703513,NA,NA,NA,NA,NA,NA,NA,NA,NA,NA,NA,NA
NA,NA,NA,NA,NA,NA,NA,NA,NA,NA,NA,NA,NA,NA,NA,NA,89,2025-10-10,15:37:23,4,1,"Adams, Kyle",1000370208,Right,CAR_EAG,"Kilgore, Tanner",814348,Right,CAR_EAG,Undefined,4,Top,2,0,0,Slider,Curveball,BallCalled,Undefined,Undefined,Undefined,0,0,NA,74.88816,2.912669,-0.874725,2201.105586,72.325261,08:30:00,5.39315,2.41379,5.60717,-50.72247,-0.77524,-6.80201,3.88793,1.03033,69.22212,-6.361969,-2.088188,0.508659,NA,NA,NA,NA,NA,NA,NA,NA,NA,NA,NA,3.21866,-0.66453,-2.33447,50,5.60964,1.91061,-108.75724,3.9307,3.8935,17.2917,-32.97791,CAR_EAG,CAR_EAG,CarsonNewman,TeamExclusive,Team,20251010-CarsonNewman-Private-1,8b62f050-a610-11f0-b95a-07f253d65970,74.10152,NA,NA,5.66604,NA,NA,NA,NA,NA,NA,0c368c5f-52eb-4b15-8a1f-5e10ac20fa49,2025-10-10,19:37:23,2025-10-10T19:37:23Z,2025-10-10T19:37:23Z,NA,v3,CNE,CNE,NA,"Van Ness, Jameson",1000370206,Right,CAR_EAG,7444c416-674c-4d04-aed2-b4361dbe347e,54.89651,-109.53298,8.64585,5.40012,5.41017,-16.48895,-2.41627,1.73594,1.94675,NA,NA,NA,NA,NA,NA,NA,NA,NA,NA,NA,NA,NA,NA,NA,NA,NA,NA,NA,NA,NA,NA,NA,NA,NA,NA,NA,NA,NA,NA,NA,NA,NA,NA,NA,NA,NA,NA,NA,NA,NA,NA,NA,NA,NA,NA,NA,NA,NA,NA,High,High,High,NA,NA,NA,NA,NA,82.394338,73.502082,625.071072,0.283981,08:45:00,-0.942604,0.32984,0.051982,29.501545,66.983088,-32.11785,0.624251,146.739366,-0.653247,25.36993,0.653247,-0.428461,-0.624251,43.699746,38.627235,0.428461,0.428461,-146.739366,-38.627235,0.624251,-25.36993,-43.699746,-0.624251,-0.428461,0.653247,-0.653247,NA,NA,NA,NA,NA,NA,NA,NA,NA,NA,NA,NA
NA,NA,NA,NA,NA,NA,NA,NA,NA,NA,NA,NA,NA,NA,NA,NA,90,2025-10-10,15:37:55,4,2,"Adams, Kyle",1000370208,Right,CAR_EAG,"Kilgore, Tanner",814348,Right,CAR_EAG,Undefined,4,Top,2,1,0,Slider,Curveball,BallCalled,Undefined,Undefined,Undefined,0,0,NA,73.44805,2.18661,-1.188362,2203.578734,66.433224,08:15:00,5.47165,2.41851,5.51444,-52.94767,-0.6789,-5.04843,3.10553,0.88638,67.80954,-7.477042,-2.087917,0.520346,NA,NA,NA,NA,NA,NA,NA,NA,NA,NA,NA,2.23402,-0.4315,-2.31142,50,5.62674,2.39644,-106.65646,2.4115,2.5882,17.3552,-32.67396,CAR_EAG,CAR_EAG,CarsonNewman,TeamExclusive,Team,20251010-CarsonNewman-Private-1,9ee28be0-a610-11f0-b95a-07f253d65970,72.43721,NA,NA,5.63851,NA,NA,NA,NA,NA,NA,0c368c5f-52eb-4b15-8a1f-5e10ac20fa49,2025-10-10,19:37:55,2025-10-10T19:37:55Z,2025-10-10T19:37:55Z,NA,v3,CNE,CNE,NA,"Van Ness, Jameson",1000370206,Right,CAR_EAG,d07425aa-8682-4267-b8c7-70ec74d82a68,54.98882,-107.46518,8.6776,5.4789,3.93404,-16.33698,-2.42028,2.27584,1.2941,NA,NA,NA,NA,NA,NA,NA,NA,NA,NA,NA,NA,NA,NA,NA,NA,NA,NA,NA,NA,NA,NA,NA,NA,NA,NA,NA,NA,NA,NA,NA,NA,NA,NA,NA,NA,NA,NA,NA,NA,NA,NA,NA,NA,NA,NA,NA,NA,NA,NA,High,High,High,NA,NA,NA,NA,NA,82.662711,74.280745,597.002257,0.270924,08:45:00,-0.950725,0.305237,0.054329,9.370834,62.679428,-48.814232,0.627231,145.476348,-0.641675,26.193311,0.641675,-0.441401,-0.627231,44.347816,38.846101,0.441401,0.441401,-145.476348,-38.846101,0.627231,-26.193311,-44.347816,-0.627231,-0.441401,0.641675,-0.641675,NA,NA,NA,NA,NA,NA,NA,NA,NA,NA,NA,NA
NA,NA,NA,NA,NA,NA,NA,NA,NA,NA,NA,NA,NA,NA,NA,NA,91,2025-10-10,15:38:15,4,3,"Adams, Kyle",1000370208,Right,CAR_EAG,"Kilgore, Tanner",814348,Right,CAR_EAG,Undefined,4,Top,2,2,0,Fastball,Curveball,BallCalled,Undefined,Undefined,Undefined,0,0,NA,74.71719,2.616584,-0.665864,2264.825578,86.43935,09:00:00,5.3777,2.45472,5.72586,-49.06664,0.75161,-9.65945,3.72785,1.02953,69.24878,-6.374803,-2.393263,0.508002,NA,NA,NA,NA,NA,NA,NA,NA,NA,NA,NA,4.74866,0.18059,-2.3931,50,5.56587,1.60881,-108.5822,3.4515,5.73762,16.86605,-31.95585,CAR_EAG,CAR_EAG,CarsonNewman,TeamExclusive,Team,20251010-CarsonNewman-Private-1,ab0c4140-a610-11f0-b95a-07f253d65970,74.1974,NA,NA,5.46841,NA,NA,NA,NA,NA,NA,0c368c5f-52eb-4b15-8a1f-5e10ac20fa49,2025-10-10,19:38:15,2025-10-10T19:38:15Z,2025-10-10T19:38:15Z,NA,v3,CNE,CNE,NA,"Van Ness, Jameson",1000370206,Right,CAR_EAG,3701db45-ce76-4f7d-a5bb-9e15a3e885dd,54.77812,-109.32186,8.43303,5.38377,4.85293,-15.97793,-2.45814,1.35719,2.86881,NA,NA,NA,NA,NA,NA,NA,NA,NA,NA,NA,NA,NA,NA,NA,NA,NA,NA,NA,NA,NA,NA,NA,NA,NA,NA,NA,NA,NA,NA,NA,NA,NA,NA,NA,NA,NA,NA,NA,NA,NA,NA,NA,NA,NA,NA,NA,NA,NA,NA,High,High,High,NA,NA,NA,NA,NA,75.429026,65.89705,924.903719,0.408377,08:30:00,-0.892563,0.436502,0.11312,-99.640026,-11.028878,20.274732,0.65201,151.730882,-0.667781,21.044853,0.667781,-0.359099,-0.65201,44.31539,40.693326,0.359099,0.359099,-151.730882,-40.693326,0.65201,-21.044853,-44.31539,-0.65201,-0.359099,0.667781,-0.667781,NA,NA,NA,NA,NA,NA,NA,NA,NA,NA,NA,NA
NA,NA,NA,NA,NA,NA,NA,NA,NA,NA,NA,NA,NA,NA,NA,NA,92,2025-10-10,15:38:37,4,4,"Adams, Kyle",1000370208,Right,CAR_EAG,"Kilgore, Tanner",814348,Right,CAR_EAG,Undefined,4,Top,2,3,0,Slider,Curveball,StrikeCalled,Undefined,Undefined,Undefined,0,0,NA,71.84467,2.918131,-0.601667,2170.31995,54.566947,07:45:00,5.44349,2.33731,5.54365,-59.66035,-5.05264,-9.32914,3.20163,0.99754,66.35347,-7.955112,-2.265165,0.531861,NA,NA,NA,NA,NA,NA,NA,NA,NA,NA,NA,4.54055,-2.79772,-2.27886,50,5.65694,1.42878,-104.32011,3.47035,5.0295,16.6987,-35.27305,CAR_EAG,CAR_EAG,CarsonNewman,TeamExclusive,Team,20251010-CarsonNewman-Private-1,b7fb4270-a610-11f0-b95a-07f253d65970,70.86893,NA,NA,5.4912,NA,NA,NA,NA,NA,NA,0c368c5f-52eb-4b15-8a1f-5e10ac20fa49,2025-10-10,19:38:37,2025-10-10T19:38:37Z,2025-10-10T19:38:37Z,NA,v3,CNE,CNE,NA,"Van Ness, Jameson",1000370206,Right,CAR_EAG,2638c2ae-cc69-4a85-a356-cda28a71ad62,54.96104,-105.11123,8.34935,5.45294,5.14146,-17.63652,-2.34091,1.1905,2.51475,NA,NA,NA,NA,NA,NA,NA,NA,NA,NA,NA,NA,NA,NA,NA,NA,NA,NA,NA,NA,NA,NA,NA,NA,NA,NA,NA,NA,NA,NA,NA,NA,NA,NA,NA,NA,NA,NA,NA,NA,NA,NA,NA,NA,NA,NA,NA,NA,NA,NA,High,High,High,NA,NA,NA,NA,NA,74.99855,69.419396,762.921193,0.351525,08:30:00,-0.916673,0.386764,0.100621,5.063253,71.4102,-52.701611,0.562185,153.380842,-0.739352,21.749493,0.739352,-0.370549,-0.562185,37.248446,34.207024,0.370549,0.370549,-153.380842,-34.207024,0.562185,-21.749493,-37.248446,-0.562185,-0.370549,0.739352,-0.739352,NA,NA,NA,NA,NA,NA,NA,NA,NA,NA,NA,NA
NA,NA,NA,NA,NA,NA,NA,NA,NA,NA,NA,NA,NA,NA,NA,NA,93,2025-10-10,15:38:56,4,5,"Adams, Kyle",1000370208,Right,CAR_EAG,"Kilgore, Tanner",814348,Right,CAR_EAG,Undefined,4,Top,2,3,1,Slider,Curveball,StrikeCalled,Undefined,Undefined,Undefined,0,0,NA,72.73884,1.697089,-2.076422,2230.522165,57.061488,08:00:00,5.38117,2.38377,5.72088,-57.2944,-4.59831,-9.33591,2.18901,-0.3293,67.67538,-8.741542,-3.746036,0.522469,NA,NA,NA,NA,NA,NA,NA,NA,NA,NA,NA,4.22898,-2.30973,-2.2043,50,5.48751,4.15768,-105.71579,1.39218,4.82797,16.53448,-34.81095,CAR_EAG,CAR_EAG,CarsonNewman,TeamExclusive,Team,20251010-CarsonNewman-Private-1,c327ac10-a610-11f0-b95a-07f253d65970,72.14291,NA,NA,5.06346,NA,NA,NA,NA,NA,NA,0c368c5f-52eb-4b15-8a1f-5e10ac20fa49,2025-10-10,19:38:56,2025-10-10T19:38:56Z,2025-10-10T19:38:56Z,NA,v3,CNE,CNE,NA,"Van Ness, Jameson",1000370206,Right,CAR_EAG,1d3c2d1e-0a0e-484f-96e6-a4ecd6d5e566,54.78448,-106.46148,8.26724,5.38932,2.96211,-17.40548,-2.3869,3.93995,2.41398,NA,NA,NA,NA,NA,NA,NA,NA,NA,NA,NA,NA,NA,NA,NA,NA,NA,NA,NA,NA,NA,NA,NA,NA,NA,NA,NA,NA,NA,NA,NA,NA,NA,NA,NA,NA,NA,NA,NA,NA,NA,NA,NA,NA,NA,NA,NA,NA,NA,NA,High,High,High,NA,NA,NA,NA,NA,72.84251,68.809407,806.270161,0.361471,08:30:00,-0.917277,0.372847,0.139961,-2.020405,75.764359,-58.518623,0.561098,156.376738,-0.758384,19.371776,0.758384,-0.331696,-0.561098,36.496288,34.131798,0.331696,0.331696,-156.376738,-34.131798,0.561098,-19.371776,-36.496288,-0.561098,-0.331696,0.758384,-0.758384,NA,NA,NA,NA,NA,NA,NA,NA,NA,NA,NA,NA
NA,NA,NA,NA,NA,NA,NA,NA,NA,NA,NA,NA,NA,NA,NA,NA,94,2025-10-10,15:39:14,4,6,"Adams, Kyle",1000370208,Right,CAR_EAG,"Kilgore, Tanner",814348,Right,CAR_EAG,Undefined,4,Top,2,3,2,Slider,Curveball,InPlay,Undefined,FlyBall,Out,1,0,NA,74.27635,1.747624,-3.140513,2221.183335,61.909192,08:00:00,5.35808,2.32314,5.79053,-52.59582,-1.70378,-6.06622,2.60386,-1.10694,68.42957,-7.88542,-4.224433,0.513448,83.33725,23.055416,21.631124,3795.711721,99.02468,37.96002,47.89592,291.25576,286.0136,32.282754,3.647452,2.24374,-0.93969,-2.06044,50,5.47035,6.12448,-107.76391,1.7034,2.63977,18.64197,-33.2796,CAR_EAG,CAR_EAG,CarsonNewman,TeamExclusive,Team,20251010-CarsonNewman-Private-1,cdebde00-a610-11f0-b95a-07f253d65970,73.41044,43.05276,NA,5.84678,NA,NA,NA,1.21694,2.69345,1.17287,0c368c5f-52eb-4b15-8a1f-5e10ac20fa49,2025-10-10,19:39:14,2025-10-10T19:39:14Z,2025-10-10T19:39:14Z,LineDrive,v3,CNE,CNE,NA,"Van Ness, Jameson",1000370206,Right,CAR_EAG,c7e195e8-9faf-43d9-ba6a-57922aa6ed25,54.7135,-108.57623,9.32098,5.36453,3.15355,-16.6398,-2.32481,6.00945,1.31989,221.208636,1.21671,104.55103,-18.42467,4.00124,-0.86642,0.1859,-0.03361,0.00373,-1.6e-4,2.69361,47.86288,-15.18625,0.67642,-0.05552,-6.8e-4,-7e-4,0.00102,-1.5e-4,1.17284,41.45893,0.84812,-0.35359,0.0963,-0.0196,0.00296,-3.8e-4,3e-5,NA,NA,NA,NA,NA,NA,NA,NA,NA,NA,NA,NA,NA,NA,NA,NA,NA,NA,NA,NA,NA,NA,High,High,High,High,High,NA,NA,NA,85.951384,75.041157,573.343237,0.258125,08:45:00,-0.955373,0.286825,0.07067,-9.801675,66.607263,-62.757048,0.603921,154.748703,-0.720883,19.877508,0.720883,-0.34001,-0.603921,39.954661,37.151248,0.34001,0.34001,-154.748703,-37.151248,0.603921,-19.877508,-39.954661,-0.603921,-0.34001,0.720883,-0.720883,NA,NA,NA,NA,NA,NA,NA,NA,NA,NA,NA,NA
NA,NA,NA,NA,NA,NA,NA,NA,NA,NA,NA,NA,NA,NA,NA,NA,95,2025-10-10,15:41:28,1,1,"Butler, Cameron",10110399,Left,CAR_EAG,"Floyd, Logan",1000148156,Right,CAR_EAG,Undefined,4,Bottom,0,0,0,ChangeUp,Changeup,StrikeCalled,Undefined,Undefined,Undefined,0,0,NA,75.33568,1.224252,2.772651,1347.152483,88.709609,09:00:00,4.79947,-2.59554,5.319,-48.67054,1.03874,-14.28646,1.89412,-1.18182,70.01575,-7.609256,0.236949,0.507446,NA,NA,NA,NA,NA,NA,NA,NA,NA,NA,NA,7.83036,0.6511,2.35491,50,4.87496,-4.75917,-109.42202,0.73715,9.62599,16.78444,-31.37362,CAR_EAG,CAR_EAG,CarsonNewman,TeamExclusive,Team,20251010-CarsonNewman-Private-1,1da62d10-a611-11f0-b95a-07f253d65970,74.27867,NA,NA,5.31994,NA,NA,NA,NA,NA,NA,0c368c5f-52eb-4b15-8a1f-5e10ac20fa49,2025-10-10,19:41:28,2025-10-10T19:41:28Z,2025-10-10T19:41:28Z,NA,v3,CNE,CNE,NA,"Rogers, Jacob",1000215913,Right,CAR_EAG,8536b245-608c-4402-b3fb-da142e331c38,55.18576,-110.2146,8.39222,4.80517,2.21865,-15.68681,2.59037,-5.21372,4.813,NA,NA,NA,NA,NA,NA,NA,NA,NA,NA,NA,NA,NA,NA,NA,NA,NA,NA,NA,NA,NA,NA,NA,NA,NA,NA,NA,NA,NA,NA,NA,NA,NA,NA,NA,NA,NA,NA,NA,NA,NA,NA,NA,NA,NA,NA,NA,NA,NA,NA,High,High,High,NA,NA,NA,NA,NA,98.153607,2.277178,1346.088639,0.99921,09:15:00,-0.011715,0.989733,-0.142449,91.394208,-33.658156,-80.066602,-0.418673,100.757043,-0.169499,-63.148349,0.169499,-0.89217900000000006,0.418673,67.959492,-24.750806,0.89217900000000006,-0.89217900000000006,-100.757043,24.750806,0.418673,63.148349,-67.959492,-0.418673,0.89217900000000006,0.169499,-0.169499,NA,NA,NA,NA,NA,NA,NA,NA,NA,NA,NA,NA
NA,NA,NA,NA,NA,NA,NA,NA,NA,NA,NA,NA,NA,NA,NA,NA,96,2025-10-10,15:41:46,1,2,"Butler, Cameron",10110399,Left,CAR_EAG,"Floyd, Logan",1000148156,Right,CAR_EAG,Undefined,4,Bottom,0,0,1,ChangeUp,Changeup,InPlay,Undefined,LineDrive,Out,1,1,NA,75.43433,2.03949,3.080325,1431.402625,89.449658,09:00:00,4.73417,-2.8641200000000002,5.37232,-48.44865,1.26272,-16.18666,2.61259,-1.3221,69.70282,-6.783896,0.207428,0.507457,88.27613,16.662839,22.560272,2657.336914,97.7982,25.2874,50.35366,265.47572,254.5558,32.577395,2.801043,8.94249,0.51551,2.59979,50,4.88253,-5.28686,-109.46863,2.32887,10.96027,17.50493,-31.54223,CAR_EAG,CAR_EAG,CarsonNewman,TeamExclusive,Team,20251010-CarsonNewman-Private-1,284bda80-a611-11f0-b95a-07f253d65970,74.27709,26.84515,NA,5.7315,NA,NA,NA,1.03287,2.60842,1.31216,0c368c5f-52eb-4b15-8a1f-5e10ac20fa49,2025-10-10,19:41:46,2025-10-10T19:41:46Z,2025-10-10T19:41:46Z,LineDrive,v3,CNE,CNE,NA,"Rogers, Jacob",1000215913,Right,CAR_EAG,39d664a8-8222-423f-b242-0215047ba882,55.13277,-110.28635,8.75247,4.73932,3.80232,-15.77112,2.85872,-5.79885,5.48013,235.661417,1.03285,114.54509,-20.44469,4.52096,-0.88522,0.13195,-0.01257,3.2e-4,7e-5,2.60844,37.1216,-14.59672,0.18322,0.10513,-0.01704,-0.00296,0.00208,-2.7e-4,1.3122,47.583,3.37781,-1.67933,0.5137,-0.11209,0.01726,-0.00151,4e-5,NA,NA,NA,NA,NA,NA,NA,NA,NA,NA,NA,NA,NA,NA,NA,NA,NA,NA,NA,NA,NA,NA,High,High,High,High,High,NA,NA,NA,97.342012,-1.548346,1430.879993,0.999635,09:15:00,0.069061,0.989849,-0.124214,91.577991,-31.16782,-87.228127,-0.400411,98.027948,-0.127972,-65.142427,0.127972,-0.907356,0.400411,72.276061,-23.603886,0.907356,-0.907356,-98.027948,23.603886,0.400411,65.142427,-72.276061,-0.400411,0.907356,0.127972,-0.127972,NA,NA,NA,NA,NA,NA,NA,NA,NA,NA,NA,NA
NA,NA,NA,NA,NA,NA,NA,NA,NA,NA,NA,NA,NA,NA,NA,NA,97,2025-10-10,15:42:32,2,1,"Butler, Cameron",10110399,Left,CAR_EAG,"Nathan, Cole",1000323259,Right,CAR_EAG,Undefined,4,Bottom,1,0,0,Fastball,Changeup,BallCalled,Undefined,Undefined,Undefined,0,0,NA,81.31771,1.228327,0.792685,1705.289876,92.851334,09:00:00,4.40766,-2.79987,5.37738,-40.74108,2.06457,-16.29387,2.16443,-3.41449,74.91754,-6.211027,-2.105144,0.470893,NA,NA,NA,NA,NA,NA,NA,NA,NA,NA,NA,8.37579,1.11496,2.74071,50,4.48883,-0.96554,-118.14185,1.10181,11.90761,21.26603,-30.58896,CAR_EAG,CAR_EAG,CarsonNewman,TeamExclusive,Team,20251010-CarsonNewman-Private-1,43efcfd0-a611-11f0-b95a-07f253d65970,80.04463,NA,NA,6.40017,NA,NA,NA,NA,NA,NA,0c368c5f-52eb-4b15-8a1f-5e10ac20fa49,2025-10-10,19:42:32,2025-10-10T19:42:32Z,2025-10-10T19:42:32Z,NA,v3,CNE,CNE,NA,"Rogers, Jacob",1000215913,Right,CAR_EAG,11599a4f-7804-4702-8b6e-a5884a9e6035,55.12609,-119.061,10.63301,4.41264,2.4239,-15.29448,2.79356,-1.48021,5.95381,NA,NA,NA,NA,NA,NA,NA,NA,NA,NA,NA,NA,NA,NA,NA,NA,NA,NA,NA,NA,NA,NA,NA,NA,NA,NA,NA,NA,NA,NA,NA,NA,NA,NA,NA,NA,NA,NA,NA,NA,NA,NA,NA,NA,NA,NA,NA,NA,NA,NA,High,High,High,NA,NA,NA,NA,NA,107.354552,-36.954982,1362.710988,0.799108,09:30:00,0.620638,0.749668,-0.229797,-81.91196,9.729573,67.27531,0.028543,106.84129,-0.289604,73.081762,0.289604,-0.956721,-0.028543,5.628803,1.635608,0.956721,0.956721,-106.84129,-1.635608,0.028543,-73.081762,-5.628803,-0.028543,-0.956721,0.289604,-0.289604,NA,NA,NA,NA,NA,NA,NA,NA,NA,NA,NA,NA
NA,NA,NA,NA,NA,NA,NA,NA,NA,NA,NA,NA,NA,NA,NA,NA,98,2025-10-10,15:42:50,2,2,"Butler, Cameron",10110399,Left,CAR_EAG,"Nathan, Cole",1000323259,Right,CAR_EAG,Undefined,4,Bottom,1,1,0,Fastball,Changeup,InPlay,Undefined,FlyBall,Out,1,0,NA,80.62357,0.856377,4.567066,1856.920975,112.47842,09:45:00,4.45675,-2.45703,5.85677,-35.26175,8.16268,-16.23269,2.31656,0.44274,73.33142,-5.693077,1.668019,0.474284,80.8838,41.472919,-26.107643,NA,97.65076,83.80529,-50.63892,267.38741,257.30086,-29.030979,5.189153,9.67686,4.32414,2.09519,50,4.50586,-8.70963,-116.747,0.6569,13.29164,22.96295,-26.23464,CAR_EAG,CAR_EAG,CarsonNewman,TeamExclusive,Team,20251010-CarsonNewman-Private-1,4e95f270-a611-11f0-b95a-07f253d65970,79.47231,95.34058,NA,7.29215,NA,NA,NA,1.88072,1.55728,-0.40229,0c368c5f-52eb-4b15-8a1f-5e10ac20fa49,2025-10-10,19:42:50,2025-10-10T19:42:50Z,2025-10-10T19:42:50Z,FlyBall,v3,CNE,CNE,NA,"Rogers, Jacob",1000215913,Right,CAR_EAG,2a3e97e2-17c3-440a-be50-4bb71a6a674b,54.6459,-117.65725,11.48147,4.45921,1.69684,-13.11732,2.45088,-9.2365100000000009,6.64582,172.454278,1.88388,79.74704,-17.75261,4.18153,-0.5098,-0.03043,0.02122,-0.00281,1.2e-4,1.55615,78.58412,-18.18719,0.91903,-0.08583,-0.02049,0.01325,-0.00239,1.4e-4,-0.4038,-39.08351,6.63299,-1.40244,0.1335,0.0223,-0.00881,0.00103,-4e-5,NA,NA,NA,NA,NA,NA,NA,NA,NA,NA,NA,NA,NA,NA,NA,NA,NA,NA,NA,NA,NA,NA,High,High,High,High,Low,NA,NA,NA,112.853823,-41.655682,1387.403169,0.747153,09:45:00,0.695832,0.678489,-0.235522,-70.081027,4.604886,57.237338,0.075122,105.04534,-0.25885,74.363687,0.25885,-0.962992,-0.075122,16.183461,4.308222,0.962992,0.962992,-105.04534,-4.308222,0.075122,-74.363687,-16.183461,-0.075122,-0.962992,0.25885,-0.25885,NA,NA,NA,NA,NA,NA,NA,NA,NA,NA,NA,NA
NA,NA,NA,NA,NA,NA,NA,NA,NA,NA,NA,NA,NA,NA,NA,NA,99,2025-10-10,15:43:23,3,1,"Butler, Cameron",10110399,Left,CAR_EAG,"Hornbuckle, Kylan",1000106804,Right,CAR_EAG,Undefined,4,Bottom,2,0,0,ChangeUp,Changeup,StrikeCalled,Undefined,Undefined,Undefined,0,0,NA,75.69642,1.482337,2.798498,1349.820706,103.082423,09:30:00,4.70862,-2.64461,5.40316,-44.31833,4.84382,-14.94505,2.40644,-1.26557,70.11313,-6.605008,0.14337,0.504646,NA,NA,NA,NA,NA,NA,NA,NA,NA,NA,NA,8.19138,2.50512,2.40584,50,4.80965,-4.80823,-109.91066,1.4164,10.14773,17.15828,-29.07064,CAR_EAG,CAR_EAG,CarsonNewman,TeamExclusive,Team,20251010-CarsonNewman-Private-1,61fa3dd0-a611-11f0-b95a-07f253d65970,74.69088,NA,NA,5.58329,NA,NA,NA,NA,NA,NA,0c368c5f-52eb-4b15-8a1f-5e10ac20fa49,2025-10-10,19:43:23,2025-10-10T19:43:23Z,2025-10-10T19:43:23Z,NA,v3,CNE,CNE,NA,"Rogers, Jacob",1000215913,Right,CAR_EAG,ac60b90f-93d6-4d9c-b0cf-f9258cf0cfaa,55.10064,-110.70406,8.57914,4.71307,2.76063,-14.53532,2.63902,-5.27746,5.07386,NA,NA,NA,NA,NA,NA,NA,NA,NA,NA,NA,NA,NA,NA,NA,NA,NA,NA,NA,NA,NA,NA,NA,NA,NA,NA,NA,NA,NA,NA,NA,NA,NA,NA,NA,NA,NA,NA,NA,NA,NA,NA,NA,NA,NA,NA,NA,NA,NA,NA,High,High,High,NA,NA,NA,NA,NA,99.109087,1.24548,1349.501804,0.999764,09:15:00,0.011531,0.987387,-0.157903,-88.868619,26.594563,86.804317,-0.952779,99.388263,-0.049535,-17.433453,0.049535,-0.299598,0.952779,87.023866,-72.322116,0.299598,-0.299598,-99.388263,72.322116,0.952779,17.433453,-87.023866,-0.952779,0.299598,0.049535,-0.049535,NA,NA,NA,NA,NA,NA,NA,NA,NA,NA,NA,NA
NA,NA,NA,NA,NA,NA,NA,NA,NA,NA,NA,NA,NA,NA,NA,NA,100,2025-10-10,15:43:36,3,2,"Butler, Cameron",10110399,Left,CAR_EAG,"Hornbuckle, Kylan",1000106804,Right,CAR_EAG,Undefined,4,Bottom,2,0,1,ChangeUp,Changeup,StrikeSwinging,Undefined,Undefined,Undefined,0,0,NA,75.42281,1.566087,3.223797,1409.286061,92.391871,09:00:00,4.64638,-2.62511,5.72775,-46.40132,1.61665,-13.71398,2.24094,-0.76212,71.22601,-6.878378,0.773635,0.498739,NA,NA,NA,NA,NA,NA,NA,NA,NA,NA,NA,7.61363,0.86721,2.36447,50,4.748,-5.70031,-109.74924,1.56635,9.59352,13.38559,-31.08134,CAR_EAG,CAR_EAG,CarsonNewman,TeamExclusive,Team,20251010-CarsonNewman-Private-1,6a3023c0-a611-11f0-b95a-07f253d65970,75.57548,NA,NA,4.1968,NA,NA,NA,NA,NA,NA,0c368c5f-52eb-4b15-8a1f-5e10ac20fa49,2025-10-10,19:43:36,2025-10-10T19:43:36Z,2025-10-10T19:43:36Z,NA,v3,CNE,CNE,NA,"Rogers, Jacob",1000215913,Right,CAR_EAG,353bf618-ae02-4b85-a87e-847832eb5057,54.77902,-110.33057,6.69279,4.65066,2.9162,-15.54067,2.62108,-6.11696,4.79676,NA,NA,NA,NA,NA,NA,NA,NA,NA,NA,NA,NA,NA,NA,NA,NA,NA,NA,NA,NA,NA,NA,NA,NA,NA,NA,NA,NA,NA,NA,NA,NA,NA,NA,NA,NA,NA,NA,NA,NA,NA,NA,NA,NA,NA,NA,NA,NA,NA,NA,High,High,High,NA,NA,NA,NA,NA,100.029202,5.426074,1402.9711,0.995519,09:15:00,-0.057877,0.982525,-0.176904,-61.112564,20.998327,89.456936,-0.980102,138.695523,-0.149113,-7.528522,0.149113,-0.13102,0.980102,81.34933,-78.550943,0.13102,-0.13102,-138.695523,78.550943,0.980102,7.528522,-81.34933,-0.980102,0.13102,0.149113,-0.149113,NA,NA,NA,NA,NA,NA,NA,NA,NA,NA,NA,NA
NA,NA,NA,NA,NA,NA,NA,NA,NA,NA,NA,NA,NA,NA,NA,NA,101,2025-10-10,15:43:55,3,3,"Butler, Cameron",10110399,Left,CAR_EAG,"Hornbuckle, Kylan",1000106804,Right,CAR_EAG,Undefined,4,Bottom,2,0,2,ChangeUp,Changeup,StrikeSwinging,Strikeout,Undefined,Undefined,0,0,NA,75.09938,1.119718,3.20934,1428.266854,99.130083,09:15:00,4.67218,-2.45539,5.34717,-45.83707,3.78406,-15.7808,1.90455,-0.75681,70.25285,-7.196367,0.409042,0.506996,NA,NA,NA,NA,NA,NA,NA,NA,NA,NA,NA,8.63268,2.05012,2.17769,50,4.73995,-5.53229,-109.12972,0.64759,10.64306,15.18133,-29.6465,CAR_EAG,CAR_EAG,CarsonNewman,TeamExclusive,Team,20251010-CarsonNewman-Private-1,754730a0-a611-11f0-b95a-07f253d65970,74.34463,NA,NA,4.84653,NA,NA,NA,NA,NA,NA,0c368c5f-52eb-4b15-8a1f-5e10ac20fa49,2025-10-10,19:43:55,2025-10-10T19:43:55Z,2025-10-10T19:43:55Z,NA,v3,CNE,CNE,NA,"Rogers, Jacob",1000215913,Right,CAR_EAG,de5077d5-3b7f-4d15-bebb-3b4ab7f3c29f,55.15823,-109.84495,7.59067,4.67654,2.04431,-14.82325,2.45014,-6.03371,5.32153,NA,NA,NA,NA,NA,NA,NA,NA,NA,NA,NA,NA,NA,NA,NA,NA,NA,NA,NA,NA,NA,NA,NA,NA,NA,NA,NA,NA,NA,NA,NA,NA,NA,NA,NA,NA,NA,NA,NA,NA,NA,NA,NA,NA,NA,NA,NA,NA,NA,NA,High,High,High,NA,NA,NA,NA,NA,97.156259,3.814776,1425.102305,0.997784,09:15:00,-0.040139,0.991123,-0.126746,-86.045939,23.442006,88.775754,-0.95868,106.368794,-0.080173,-15.84014,0.080173,-0.272954,0.95868,85.219546,-73.471925,0.272954,-0.272954,-106.368794,73.471925,0.95868,15.84014,-85.219546,-0.95868,0.272954,0.080173,-0.080173,NA,NA,NA,NA,NA,NA,NA,NA,NA,NA,NA,NA
NA,NA,NA,NA,NA,NA,NA,NA,NA,NA,NA,NA,NA,NA,NA,NA,102,2025-10-10,15:46:31,1,1,"Shelton, Harrison",1000370205,Left,CAR_EAG,"Pierce, Johno",10069844,Right,CAR_EAG,Undefined,5,Top,0,0,0,Curveball,Curveball,InPlay,Undefined,Bunt,Out,1,0,NA,70.56154,1.386318,0.729527,2163.91962,315.243833,04:30:00,6.38628,-2.15817,5.27615,-71.49787,-13.53863,15.32461,1.73063,-0.19585,64.89513,-11.517363,3.458105,0.54794,NA,NA,NA,NA,NA,NA,NA,NA,NA,NA,NA,-7.53004,-6.83678,2.07951,50,6.45947,-1.84242,-102.42584,0.22987,-7.89809,18.91659,-39.34502,CAR_EAG,CAR_EAG,CarsonNewman,TeamExclusive,Team,20251010-CarsonNewman-Private-1,d23db680-a611-11f0-b95a-07f253d65970,68.78939,NA,NA,5.66641,NA,NA,NA,NA,NA,NA,0c368c5f-52eb-4b15-8a1f-5e10ac20fa49,2025-10-10,19:46:31,2025-10-10T19:46:31Z,2025-10-10T19:46:31Z,NA,v3,CNE,CNE,NA,"Van Ness, Jameson",1000370206,Right,CAR_EAG,f6bda71a-8f29-4fe1-94cc-9e9f19b312b5,55.23105,-103.38743,9.4583,6.39695,2.22989,-19.67251,2.16296,-1.44094,-3.94905,NA,NA,NA,NA,NA,NA,NA,NA,NA,NA,NA,NA,NA,NA,NA,NA,NA,NA,NA,NA,NA,NA,NA,NA,NA,NA,NA,NA,NA,NA,NA,NA,NA,NA,NA,NA,NA,NA,NA,NA,NA,NA,NA,NA,NA,NA,NA,NA,NA,NA,High,High,High,NA,NA,NA,NA,NA,338.054876,-22.975422,1992.261024,0.920672,05:15:00,0.370994,-0.353415,0.858756,67.32211,-5.157217,36.212802,0.167487,143.45887,-0.792081,35.943647,0.792081,-0.586989,-0.167487,11.93942,9.641729,0.586989,0.586989,-143.45887,-9.641729,0.167487,-35.943647,-11.93942,-0.167487,-0.586989,0.792081,-0.792081,NA,NA,NA,NA,NA,NA,NA,NA,NA,NA,NA,NA
NA,NA,NA,NA,NA,NA,NA,NA,NA,NA,NA,NA,NA,NA,NA,NA,103,2025-10-10,15:47:06,2,1,"Shelton, Harrison",1000370205,Left,CAR_EAG,"Benner, Seth",1000370212,Right,CAR_EAG,Undefined,5,Top,1,0,0,Curveball,Curveball,BallCalled,Undefined,Undefined,Undefined,0,0,NA,73.1,1.0001660000000001,2.233534,2271.780858,304.117157,04:15:00,6.39241,-1.97849,5.06367,-63.19468,-8.87689,15.6619,2.07014,1.43393,67.32578,-10.363649,5.00316,0.530448,NA,NA,NA,NA,NA,NA,NA,NA,NA,NA,NA,-7.10315,-4.17516,1.75315,50,6.4373,-4.73271,-106.00943,-0.28069,-8.01942,19.45624,-36.88778,CAR_EAG,CAR_EAG,CarsonNewman,TeamExclusive,Team,20251010-CarsonNewman-Private-1,e746ff50-a611-11f0-b95a-07f253d65970,71.0578,NA,NA,5.77422,NA,NA,NA,NA,NA,NA,0c368c5f-52eb-4b15-8a1f-5e10ac20fa49,2025-10-10,19:47:06,2025-10-10T19:47:06Z,2025-10-10T19:47:06Z,NA,v3,CNE,CNE,NA,"Van Ness, Jameson",1000370206,Right,CAR_EAG,ff5911ec-1c3a-4b73-8aae-d7364d92d8f0,55.44139,-107.00345,9.72812,6.40349,1.6039,-18.44389,1.98448,-4.323,-4.00971,NA,NA,NA,NA,NA,NA,NA,NA,NA,NA,NA,NA,NA,NA,NA,NA,NA,NA,NA,NA,NA,NA,NA,NA,NA,NA,NA,NA,NA,NA,NA,NA,NA,NA,NA,NA,NA,NA,NA,NA,NA,NA,NA,NA,NA,NA,NA,NA,NA,NA,High,High,High,NA,NA,NA,NA,NA,339.963365,-36.192023,1833.423765,0.807043,05:15:00,0.555583,-0.286775,0.780441,57.383487,19.450094,2.97171,0.249293,141.603877,-0.758991,36.976365,0.758991,-0.601486,-0.249293,18.182956,14.435709,0.601486,0.601486,-141.603877,-14.435709,0.249293,-36.976365,-18.182956,-0.249293,-0.601486,0.758991,-0.758991,NA,NA,NA,NA,NA,NA,NA,NA,NA,NA,NA,NA
NA,NA,NA,NA,NA,NA,NA,NA,NA,NA,NA,NA,NA,NA,NA,NA,104,2025-10-10,15:47:45,2,2,"Shelton, Harrison",1000370205,Left,CAR_EAG,"Benner, Seth",1000370212,Right,CAR_EAG,Undefined,5,Top,1,1,0,Curveball,Curveball,StrikeCalled,Undefined,Undefined,Undefined,0,0,NA,71.86216,2.09121,0.412142,2149.162652,309.473656,04:15:00,6.4788,-2.36574,4.97522,-67.39484,-10.83906,15.46611,2.83871,-0.68761,65.74747,-10.05249,3.146678,0.541265,NA,NA,NA,NA,NA,NA,NA,NA,NA,NA,NA,-7.47965,-5.37028,2.31277,50,6.62577,-1.34673,-104.18889,1.52035,-8.12841,19.35972,-38.01015,CAR_EAG,CAR_EAG,CarsonNewman,TeamExclusive,Team,20251010-CarsonNewman-Private-1,fe2a5f50-a611-11f0-b95a-07f253d65970,69.6377,NA,NA,6.11469,NA,NA,NA,NA,NA,NA,0c368c5f-52eb-4b15-8a1f-5e10ac20fa49,2025-10-10,19:47:45,2025-10-10T19:47:45Z,2025-10-10T19:47:45Z,NA,v3,CNE,CNE,NA,"Van Ness, Jameson",1000370206,Right,CAR_EAG,734a71dc-b215-4ea7-8a01-f7d39841cb65,55.52961,-105.21136,9.67986,6.49246,3.52781,-19.00508,2.37256,-0.91744,-4.06421,NA,NA,NA,NA,NA,NA,NA,NA,NA,NA,NA,NA,NA,NA,NA,NA,NA,NA,NA,NA,NA,NA,NA,NA,NA,NA,NA,NA,NA,NA,NA,NA,NA,NA,NA,NA,NA,NA,NA,NA,NA,NA,NA,NA,NA,NA,NA,NA,NA,NA,High,High,High,NA,NA,NA,NA,NA,336.883791,-29.836678,1864.28499,0.867447,05:15:00,0.47902,-0.358486,0.801267,60.259578,14.334958,18.398433,0.132519,149.460889,-0.853686,30.241445,0.853686,-0.503645,-0.132519,8.823656,7.615156,0.503645,0.503645,-149.460889,-7.615156,0.132519,-30.241445,-8.823656,-0.132519,-0.503645,0.853686,-0.853686,NA,NA,NA,NA,NA,NA,NA,NA,NA,NA,NA,NA
NA,NA,NA,NA,NA,NA,NA,NA,NA,NA,NA,NA,NA,NA,NA,NA,105,2025-10-10,15:48:06,2,3,"Shelton, Harrison",1000370205,Left,CAR_EAG,"Benner, Seth",1000370212,Right,CAR_EAG,Undefined,5,Top,1,1,1,Fastball,Changeup,BallCalled,Undefined,Undefined,Undefined,0,0,NA,85.00961,-1.813894,1.479258,2042.362913,141.866953,10:45:00,6.57593,-1.99494,5.7923,-22.03367,16.85985,-12.24009,3.05125,-1.63853,77.67958,-5.954967,-0.713866,0.448859,NA,NA,NA,NA,NA,NA,NA,NA,NA,NA,NA,6.62146,9.4841,1.88033,50,6.41332,-2.6778,-123.36015,-4.57063,10.18758,24.89368,-17.58206,CAR_EAG,CAR_EAG,CarsonNewman,TeamExclusive,Team,20251010-CarsonNewman-Private-1,0ab1c510-a612-11f0-b95a-07f253d65970,83.97387,NA,NA,7.33004,NA,NA,NA,NA,NA,NA,0c368c5f-52eb-4b15-8a1f-5e10ac20fa49,2025-10-10,19:48:06,2025-10-10T19:48:06Z,2025-10-10T19:48:06Z,NA,v3,CNE,CNE,NA,"Van Ness, Jameson",1000370206,Right,CAR_EAG,b0577f56-2fd5-4527-9084-aa31471fa788,54.70764,-124.30651,12.44684,6.57438,-3.90223,-8.79103,1.98949,-3.06509,5.09379,NA,NA,NA,NA,NA,NA,NA,NA,NA,NA,NA,NA,NA,NA,NA,NA,NA,NA,NA,NA,NA,NA,NA,NA,NA,NA,NA,NA,NA,NA,NA,NA,NA,NA,NA,NA,NA,NA,NA,NA,NA,NA,NA,NA,NA,NA,NA,NA,NA,NA,High,High,High,NA,NA,NA,NA,NA,156.349207,-29.087255,1784.780889,0.87388,11:15:00,0.495307,0.365779,-0.787957,106.251815,-25.265701,6.842862,-0.988631,100.753922,-0.028057,-8.495073,0.028057,-0.147724,0.988631,88.374412,-81.351913,0.147724,-0.147724,-100.753922,81.351913,0.988631,8.495073,-88.374412,-0.988631,0.147724,0.028057,-0.028057,NA,NA,NA,NA,NA,NA,NA,NA,NA,NA,NA,NA
NA,NA,NA,NA,NA,NA,NA,NA,NA,NA,NA,NA,NA,NA,NA,NA,106,2025-10-10,15:49:01,2,4,"Shelton, Harrison",1000370205,Left,CAR_EAG,"Benner, Seth",1000370212,Right,CAR_EAG,Undefined,5,Top,1,2,1,Curveball,Curveball,FoulBallNotFieldable,Undefined,Undefined,Undefined,0,0,NA,72.45695,1.21067,1.586785,2179.057505,328.472601,05:00:00,6.39688,-1.92392,4.98304,-68.41145,-13.73914,9.36741,1.83989,0.35563,67.62533,-11.020084,3.2445,0.532176,84.80354,4.298811,-60.526073,3881.797533,NA,NA,NA,125.90595,92.55398,-67.532987,1.085934,-4.28469,-6.84189,1.76264,50,6.45652,-3.26082,-105.29033,-0.07357,-4.8373100000000004,16.92298,-39.89837,CAR_EAG,CAR_EAG,CarsonNewman,TeamExclusive,Team,20251010-CarsonNewman-Private-1,2b9d32f0-a612-11f0-b95a-07f253d65970,70.82705,4.47608,NA,4.83161,NA,NA,NA,3.18387,2.61164,-0.60488,0c368c5f-52eb-4b15-8a1f-5e10ac20fa49,2025-10-10,19:49:01,2025-10-10T19:49:01Z,2025-10-10T19:49:01Z,GroundBall,v3,CNE,CNE,NA,"Van Ness, Jameson",1000370206,Right,CAR_EAG,0aefdec4-ab14-4687-9bcc-e57692ec2fbb,55.52546,-106.1747,8.46149,6.40588,2.01147,-19.94919,1.92645,-3.00803,-2.41866,NA,3.18387,61.02538,-20.24581,2.35305,-0.41169,0.07453,-0.0119,0.00181,-1.9e-4,2.61164,9.32315,-12.23911,1.53246,-0.24381,0.0606,-0.01301,0.00211,-2.1e-4,-0.60488,-107.97662,0.7398,0.62159,-0.14458,0.03566,-0.00764,0.00128,-1.3e-4,NA,NA,NA,NA,NA,NA,NA,NA,NA,NA,NA,NA,NA,NA,NA,NA,NA,NA,NA,NA,NA,NA,High,High,High,Medium,Medium,NA,NA,NA,339.503175,-31.666563,1854.634241,0.851118,05:15:00,0.496286,-0.309049,0.811289,61.199152,11.931562,4.166669,0.294839,139.911315,-0.73104,37.97706,0.73104,-0.615346,-0.294839,21.964969,17.14791,0.615346,0.615346,-139.911315,-17.14791,0.294839,-37.97706,-21.964969,-0.294839,-0.615346,0.73104,-0.73104,NA,NA,NA,NA,NA,NA,NA,NA,NA,NA,NA,NA
NA,NA,NA,NA,NA,NA,NA,NA,NA,NA,NA,NA,NA,NA,NA,NA,107,2025-10-10,15:49:21,2,5,"Shelton, Harrison",1000370205,Left,CAR_EAG,"Benner, Seth",1000370212,Right,CAR_EAG,Undefined,5,Top,1,2,2,Curveball,Curveball,BallCalled,Undefined,Undefined,Undefined,0,0,NA,70.12149,3.188676,-0.134374,2063.231695,323.182328,04:45:00,6.44514,-1.94996,5.61663,-70.40275,-12.99347,11.02489,3.55745,-1.15664,64.70404,-9.621796,1.836944,0.545334,NA,NA,NA,NA,NA,NA,NA,NA,NA,NA,NA,-5.59662,-6.87162,1.95427,50,6.67239,-0.14501,-101.82723,3.52741,-5.87414,16.77393,-39.38638,CAR_EAG,CAR_EAG,CarsonNewman,TeamExclusive,Team,20251010-CarsonNewman-Private-1,37ccdbc0-a612-11f0-b95a-07f253d65970,69.11809,NA,NA,5.41745,NA,NA,NA,NA,NA,NA,0c368c5f-52eb-4b15-8a1f-5e10ac20fa49,2025-10-10,19:49:21,2025-10-10T19:49:21Z,2025-10-10T19:49:21Z,NA,v3,CNE,CNE,NA,"Van Ness, Jameson",1000370206,Right,CAR_EAG,d49933bd-cc48-4840-bd56-f895150f297a,54.89067,-102.62971,8.38697,6.45856,5.41168,-19.69319,1.95449,0.13601,-2.93707,NA,NA,NA,NA,NA,NA,NA,NA,NA,NA,NA,NA,NA,NA,NA,NA,NA,NA,NA,NA,NA,NA,NA,NA,NA,NA,NA,NA,NA,NA,NA,NA,NA,NA,NA,NA,NA,NA,NA,NA,NA,NA,NA,NA,NA,NA,NA,NA,NA,NA,High,High,High,NA,NA,NA,NA,NA,337.185518,-17.342988,1969.431853,0.954537,05:15:00,0.279105,-0.386129,0.879207,50.96296,-21.27972,73.981369,0.045402,151.082675,-0.874416,28.88469,0.874416,-0.483048,-0.045402,2.972304,2.602258,0.483048,0.483048,-151.082675,-2.602258,0.045402,-28.88469,-2.972304,-0.045402,-0.483048,0.874416,-0.874416,NA,NA,NA,NA,NA,NA,NA,NA,NA,NA,NA,NA
NA,NA,NA,NA,NA,NA,NA,NA,NA,NA,NA,NA,NA,NA,NA,NA,108,2025-10-10,15:49:39,2,6,"Shelton, Harrison",1000370205,Left,CAR_EAG,"Benner, Seth",1000370212,Right,CAR_EAG,Undefined,5,Top,1,3,2,Curveball,Curveball,BallCalled,Walk,Undefined,Undefined,0,0,NA,70.93495,2.283551,-0.278672,2028.20897,318.234021,04:30:00,6.45661,-2.11197,5.03705,-68.08362,-10.72319,11.15406,2.93857,-1.44538,65.44965,-9.976005,1.69601,0.545102,NA,NA,NA,NA,NA,NA,NA,NA,NA,NA,NA,-5.59721,-5.39264,2.12926,50,6.61994,0.08376,-102.95607,1.85193,-6.00033,17.2917,-37.95507,CAR_EAG,CAR_EAG,CarsonNewman,TeamExclusive,Team,20251010-CarsonNewman-Private-1,42420350-a612-11f0-b95a-07f253d65970,69.14753,NA,NA,5.4853,NA,NA,NA,NA,NA,NA,0c368c5f-52eb-4b15-8a1f-5e10ac20fa49,2025-10-10,19:49:39,2025-10-10T19:49:39Z,2025-10-10T19:49:39Z,NA,v3,CNE,CNE,NA,"Van Ness, Jameson",1000370206,Right,CAR_EAG,2cd562d9-9fdb-4b46-8451-1e039d96022b,55.46907,-103.87054,8.64585,6.46892,3.85921,-18.97754,2.11644,0.40109,-3.00017,NA,NA,NA,NA,NA,NA,NA,NA,NA,NA,NA,NA,NA,NA,NA,NA,NA,NA,NA,NA,NA,NA,NA,NA,NA,NA,NA,NA,NA,NA,NA,NA,NA,NA,NA,NA,NA,NA,NA,NA,NA,NA,NA,NA,NA,NA,NA,NA,NA,NA,High,High,High,NA,NA,NA,NA,NA,333.299858,-29.956571,1757.248652,0.866404,05:00:00,0.487194,-0.408881,0.771659,74.17306,8.072965,28.977514,0.117207,142.529483,-0.788196,37.168422,0.788196,-0.60416,-0.117207,8.458084,6.730953,0.60416,0.60416,-142.529483,-6.730953,0.117207,-37.168422,-8.458084,-0.117207,-0.60416,0.788196,-0.788196,NA,NA,NA,NA,NA,NA,NA,NA,NA,NA,NA,NA
NA,NA,NA,NA,NA,NA,NA,NA,NA,NA,NA,NA,NA,NA,NA,NA,109,2025-10-10,15:50:16,3,1,"Shelton, Harrison",1000370205,Left,CAR_EAG,"Soto Diaz, Bradley",1000475324,Right,CAR_EAG,Undefined,5,Top,1,0,0,Fastball,Changeup,StrikeSwinging,Undefined,Undefined,Undefined,1,0,NA,82.75539,-0.55814,2.61899,2013.761786,156.229788,11:15:00,6.23852,-2.40215,5.73642,-23.45281,17.86792,-7.25591,3.76379,-0.56617,75.20104,-4.980573,1.322473,0.462653,NA,NA,NA,NA,NA,NA,NA,NA,NA,NA,NA,4.4411,9.65634,2.18823,50,6.17774,-5.19225,-119.98019,-1.85829,6.43738,24.42774,-18.17712,CAR_EAG,CAR_EAG,CarsonNewman,TeamExclusive,Team,20251010-CarsonNewman-Private-1,58949500-a612-11f0-b95a-07f253d65970,81.47022,NA,NA,7.55436,NA,NA,NA,NA,NA,NA,0c368c5f-52eb-4b15-8a1f-5e10ac20fa49,2025-10-10,19:50:16,2025-10-10T19:50:16Z,2025-10-10T19:50:16Z,NA,v3,CNE,CNE,NA,"Van Ness, Jameson",1000370206,Right,CAR_EAG,1a4100d2-63f1-4193-8232-26b18a096e7c,54.76241,-120.94593,12.21387,6.237,-1.13967,-9.08856,2.39854,-5.44675,3.21869,NA,NA,NA,NA,NA,NA,NA,NA,NA,NA,NA,NA,NA,NA,NA,NA,NA,NA,NA,NA,NA,NA,NA,NA,NA,NA,NA,NA,75.91528,2.515241,1.20489,1.310352,-1.91298,3.46412,0.49166,0.21351,6.25866,2.29302,127.27674,-0.57287,2.49274,0.36032,109.34056,-9.6577,6.2576,8.51763,-10.48265,2.24485,-3.0054,2.47969,High,High,High,NA,NA,High,High,High,152.067273,-44.199809,1443.691861,0.716913,11:00:00,0.722076,0.342602,-0.601024,-88.340955,39.35159,30.643446,-0.041891,94.12686,-0.071902,-85.226605,0.071902,-0.996532,0.041891,30.225811,-2.400895,0.996532,-0.996532,-94.12686,2.400895,0.041891,85.226605,-30.225811,-0.041891,0.996532,0.071902,-0.071902,NA,NA,NA,NA,NA,NA,NA,NA,NA,NA,NA,NA
NA,NA,NA,NA,NA,NA,NA,NA,NA,NA,NA,NA,NA,NA,NA,NA,110,2025-10-10,15:50:44,3,2,"Shelton, Harrison",1000370205,Left,CAR_EAG,"Soto Diaz, Bradley",1000475324,Right,CAR_EAG,Undefined,5,Top,2,0,1,Curveball,Curveball,BallCalled,Undefined,Undefined,Undefined,0,0,NA,73.02438,0.938073,-0.679088,2299.88249,312.557399,04:30:00,6.41132,-2.03866,4.98795,-64.79208,-10.91371,13.58792,1.89795,-1.54763,67.91091,-10.674717,1.727754,0.528298,NA,NA,NA,NA,NA,NA,NA,NA,NA,NA,NA,-6.93134,-5.20674,2.09247,50,6.44825,0.7417,-106.11721,-0.47585,-7.93563,17.47128,-38.13518,CAR_EAG,CAR_EAG,CarsonNewman,TeamExclusive,Team,20251010-CarsonNewman-Private-1,692cc810-a612-11f0-b95a-07f253d65970,71.34699,NA,NA,5.11347,NA,NA,NA,NA,NA,NA,0c368c5f-52eb-4b15-8a1f-5e10ac20fa49,2025-10-10,19:50:44,2025-10-10T19:50:44Z,2025-10-10T19:50:44Z,NA,v3,CNE,CNE,NA,"Van Ness, Jameson",1000370206,Right,CAR_EAG,5dbe8ac2-c247-49e3-84d6-c30c9810c120,55.51936,-107.02207,8.73564,6.42175,1.49921,-19.06759,2.04342,1.15269,-3.96782,NA,NA,NA,NA,NA,NA,NA,NA,NA,NA,NA,NA,NA,NA,NA,NA,NA,NA,NA,NA,NA,NA,NA,NA,NA,NA,NA,NA,NA,NA,NA,NA,NA,NA,NA,NA,NA,NA,NA,NA,NA,NA,NA,NA,NA,NA,NA,NA,NA,NA,High,High,High,NA,NA,NA,NA,NA,330.270808,-26.729989,2054.108052,0.893136,05:00:00,0.451636,-0.450212,0.770282,70.292005,2.634436,34.615391,0.080495,148.685903,-0.851559,31.201058,0.851559,-0.518043,-0.080495,5.39996,4.617042,0.518043,0.518043,-148.685903,-4.617042,0.080495,-31.201058,-5.39996,-0.080495,-0.518043,0.851559,-0.851559,NA,NA,NA,NA,NA,NA,NA,NA,NA,NA,NA,NA
NA,NA,NA,NA,NA,NA,NA,NA,NA,NA,NA,NA,NA,NA,NA,NA,111,2025-10-10,15:50:56,3,3,"Shelton, Harrison",1000370205,Left,CAR_EAG,"Soto Diaz, Bradley",1000475324,Right,CAR_EAG,Undefined,5,Top,2,1,1,Curveball,Curveball,BallCalled,Undefined,Undefined,Undefined,0,0,NA,70.62176,2.501483,-0.784038,2117.294034,317.657118,04:30:00,6.45999,-2.1484,5.14567,-69.62665,-12.11725,12.61296,3.01478,-1.83558,65.31103,-10.048561,1.453076,0.545809,NA,NA,NA,NA,NA,NA,NA,NA,NA,NA,NA,-6.47296,-6.14044,2.21173,50,6.64035,0.93824,-102.53851,2.20758,-6.8992000000000004,16.77802,-38.71885,CAR_EAG,CAR_EAG,CarsonNewman,TeamExclusive,Team,20251010-CarsonNewman-Private-1,7020df30-a612-11f0-b95a-07f253d65970,69.0579,NA,NA,5.31073,NA,NA,NA,NA,NA,NA,0c368c5f-52eb-4b15-8a1f-5e10ac20fa49,2025-10-10,19:50:56,2025-10-10T19:50:56Z,2025-10-10T19:50:56Z,NA,v3,CNE,CNE,NA,"Van Ness, Jameson",1000370206,Right,CAR_EAG,04484d8f-7d11-4ac5-8b9d-4924d3b7b849,55.36152,-103.41208,8.38901,6.47293,4.22352,-19.35943,2.15353,1.29745,-3.4496000000000002,NA,NA,NA,NA,NA,NA,NA,NA,NA,NA,NA,NA,NA,NA,NA,NA,NA,NA,NA,NA,NA,NA,NA,NA,NA,NA,NA,NA,NA,NA,NA,NA,NA,NA,NA,NA,NA,NA,NA,NA,NA,NA,NA,NA,NA,NA,NA,NA,NA,NA,High,High,High,NA,NA,NA,NA,NA,336.517941,-24.546009,1925.949879,0.909628,05:15:00,0.410587,-0.380238,0.828756,73.034137,-7.542221,42.161503,0.157481,141.346769,-0.771196,38.08367,0.771196,-0.616812,-0.157481,11.541346,9.060727,0.616812,0.616812,-141.346769,-9.060727,0.157481,-38.08367,-11.541346,-0.157481,-0.616812,0.771196,-0.771196,NA,NA,NA,NA,NA,NA,NA,NA,NA,NA,NA,NA
NA,NA,NA,NA,NA,NA,NA,NA,NA,NA,NA,NA,NA,NA,NA,NA,112,2025-10-10,15:51:09,3,4,"Shelton, Harrison",1000370205,Left,CAR_EAG,"Soto Diaz, Bradley",1000475324,Right,CAR_EAG,Undefined,5,Top,2,2,1,Fastball,Changeup,StrikeCalled,Undefined,Undefined,Undefined,0,0,NA,84.41013,-1.406364,3.093376,1967.501581,164.708016,11:30:00,6.55924,-1.62572,5.67182,-21.14422,18.32103,-4.67748,3.48379,0.87148,77.50735,-5.371186,2.259252,0.452146,NA,NA,NA,NA,NA,NA,NA,NA,NA,NA,NA,3.18122,10.03863,1.36723,50,6.42703,-6.4226,-122.42181,-3.6471,4.8525,23.01235,-16.86164,CAR_EAG,CAR_EAG,CarsonNewman,TeamExclusive,Team,20251010-CarsonNewman-Private-1,786459b0-a612-11f0-b95a-07f253d65970,83.36343,NA,NA,6.90277,NA,NA,NA,NA,NA,NA,0c368c5f-52eb-4b15-8a1f-5e10ac20fa49,2025-10-10,19:51:09,2025-10-10T19:51:09Z,2025-10-10T19:51:09Z,NA,v3,CNE,CNE,NA,"Van Ness, Jameson",1000370206,Right,CAR_EAG,c365087a-4dc6-4227-8cae-906d44fc80c8,54.82852,-123.32612,11.50617,6.55733,-2.98449,-8.43082,1.62336,-6.61329,2.42625,NA,NA,NA,NA,NA,NA,NA,NA,NA,NA,NA,NA,NA,NA,NA,NA,NA,NA,NA,NA,NA,NA,NA,NA,NA,NA,NA,NA,NA,NA,NA,NA,NA,NA,NA,NA,NA,NA,NA,NA,NA,NA,NA,NA,NA,NA,NA,NA,NA,NA,High,High,High,NA,NA,NA,NA,NA,165.284949,-43.137336,1435.719106,0.729717,11:30:00,0.716091,0.202082,-0.668114,65.034965,-37.593997,43.106838,-0.989705,125.899181,-0.083923,-6.65775,0.083923,-0.115938,0.989705,85.153151,-81.771288,0.115938,-0.115938,-125.899181,81.771288,0.989705,6.65775,-85.153151,-0.989705,0.115938,0.083923,-0.083923,NA,NA,NA,NA,NA,NA,NA,NA,NA,NA,NA,NA
NA,NA,NA,NA,NA,NA,NA,NA,NA,NA,NA,NA,NA,NA,NA,NA,113,2025-10-10,15:51:25,3,5,"Shelton, Harrison",1000370205,Left,CAR_EAG,"Soto Diaz, Bradley",1000475324,Right,CAR_EAG,Undefined,5,Top,2,2,2,Curveball,Curveball,InPlay,Undefined,GroundBall,Out,1,0,NA,71.42434,1.700014,0.553633,2220.565138,315.80887,04:30:00,6.38734,-2.15004,5.04804,-69.45216,-12.77607,14.13816,2.20376,-0.44963,65.94661,-10.783138,3.058689,0.541841,92.3581,-4.178773,14.162789,NA,NA,NA,NA,20.9828,20.60863,15.008804,0.151357,-6.89583,-6.39496,2.08531,50,6.49321,-1.52316,-103.69422,0.7824,-7.47194,18.12101,-39.10328,CAR_EAG,CAR_EAG,CarsonNewman,TeamExclusive,Team,20251010-CarsonNewman-Private-1,81e424c0-a612-11f0-b95a-07f253d65970,69.56372,2.05374,NA,5.47772,NA,NA,NA,0.8607,2.05374,0.36691,0c368c5f-52eb-4b15-8a1f-5e10ac20fa49,2025-10-10,19:51:25,2025-10-10T19:51:25Z,2025-10-10T19:51:25Z,GroundBall,v3,CNE,CNE,NA,"Van Ness, Jameson",1000370206,Right,CAR_EAG,9733264f-81cc-4877-8a6a-56d79614aeab,55.45919,-104.64389,9.06051,6.39851,2.83168,-19.55164,2.15487,-1.13158,-3.73597,323.313311,0.86094,130.97114,-18.22574,NA,NA,NA,NA,NA,NA,2.05427,-9.91701,-24.18761,NA,NA,NA,NA,NA,NA,0.3667,33.07317,2.68515,NA,NA,NA,NA,NA,NA,NA,NA,NA,NA,NA,NA,NA,NA,NA,NA,NA,NA,NA,NA,NA,NA,NA,NA,NA,NA,NA,NA,High,High,High,High,High,NA,NA,NA,333.088101,-26.133542,1993.556489,0.89777,05:00:00,0.420461,-0.419237,0.804645,65.503362,-1.768358,33.551264,0.143332,150.488517,-0.861271,29.177167,0.861271,-0.487512,-0.143332,9.448516,8.240697,0.487512,0.487512,-150.488517,-8.240697,0.143332,-29.177167,-9.448516,-0.143332,-0.487512,0.861271,-0.861271,NA,NA,NA,NA,NA,NA,NA,NA,NA,NA,NA,NA
NA,NA,NA,NA,NA,NA,NA,NA,NA,NA,NA,NA,NA,NA,NA,NA,114,2025-10-10,15:53:48,1,1,"Butler, Cameron",10110399,Left,CAR_EAG,"Bolton, Ryan",1000215919,Right,CAR_EAG,Undefined,5,Bottom,0,0,0,Fastball,Four-Seam,StrikeCalled,Undefined,Undefined,Undefined,0,0,NA,87.14716,-1.300564,-3.848631,2170.236114,201.609819,12:45:00,5.5346,2.37531,7.22542,-18.71631,15.85217,5.90607,2.7947,-0.62178,80.80464,-4.893043,-2.765379,0.423167,NA,NA,NA,NA,NA,NA,NA,NA,NA,NA,NA,-4.10634,9.16749,-2.15573,50,5.4538,8.33167,-126.72227,-3.30112,-6.77124,22.48071,-17.05702,CAR_EAG,CAR_EAG,CarsonNewman,TeamExclusive,Team,20251010-CarsonNewman-Private-1,d6b0d2a0-a612-11f0-b95a-07f253d65970,89.07226,NA,NA,6.34252,NA,NA,NA,NA,NA,NA,0c368c5f-52eb-4b15-8a1f-5e10ac20fa49,2025-10-10,19:53:48,2025-10-10T19:53:48Z,2025-10-10T19:53:48Z,NA,v3,CNE,CNE,NA,"Rogers, Jacob",1000215913,Right,CAR_EAG,c158b41c-b36c-4eef-842e-042274cab1ee,53.27794,-127.30246,11.24036,5.53331,-2.86091,-8.52851,-2.373,8.50642,-3.38562,NA,NA,NA,NA,NA,NA,NA,NA,NA,NA,NA,NA,NA,NA,NA,NA,NA,NA,NA,NA,NA,NA,NA,NA,NA,NA,NA,NA,73.23344,1.787236,0.899174,0.888062,-0.74187,2.60647,0.72519,-1.33183,5.38034,2.53527,64.46207,-0.2765,60.31641,-1.29599,81.68816,-8.71578,5.37267,1.4046,-8.72456,2.55062,68.76355,-4.23355,High,High,High,NA,NA,High,High,High,217.499344,20.065385,2038.506477,0.939302,01:15:00,-0.3793,-0.579442,-0.721373,108.138179,19.002412,-15.41497,-0.034701,149.459052,-0.860747,-30.520591,0.860747,-0.507848,0.034701,2.308657,-1.988646,0.507848,-0.507848,-149.459052,1.988646,0.034701,30.520591,-2.308657,-0.034701,0.507848,0.860747,-0.860747,NA,NA,NA,NA,NA,NA,NA,NA,NA,NA,NA,NA
NA,NA,NA,NA,NA,NA,NA,NA,NA,NA,NA,NA,NA,NA,NA,NA,115,2025-10-10,15:54:07,1,2,"Butler, Cameron",10110399,Left,CAR_EAG,"Bolton, Ryan",1000215919,Right,CAR_EAG,Undefined,5,Bottom,0,0,1,Fastball,Four-Seam,BallCalled,Undefined,Undefined,Undefined,0,0,NA,87.02937,-1.837921,-3.86999,2034.766096,202.680488,12:45:00,5.63198,2.12074,6.98069,-20.28159,14.72477,5.75382,2.26581,-0.92501,80.78744,-5.694652,-2.819416,0.425839,NA,NA,NA,NA,NA,NA,NA,NA,NA,NA,NA,-3.9802399999999998,8.60922,-1.8836,50,5.51113,8.35597,-126.46591,-4.56484,-6.54167,22.20646,-18.02441,CAR_EAG,CAR_EAG,CarsonNewman,TeamExclusive,Team,20251010-CarsonNewman-Private-1,e2555270-a612-11f0-b95a-07f253d65970,88.51343,NA,NA,6.24194,NA,NA,NA,NA,NA,NA,0c368c5f-52eb-4b15-8a1f-5e10ac20fa49,2025-10-10,19:54:07,2025-10-10T19:54:07Z,2025-10-10T19:54:07Z,NA,v3,CNE,CNE,NA,"Rogers, Jacob",1000215913,Right,CAR_EAG,b3874464-e137-4317-b5a2-041617a3db3d,53.52202,-127.08285,11.10323,5.63099,-4.06409,-9.01221,-2.11826,8.53771,-3.27083,NA,NA,NA,NA,NA,NA,NA,NA,NA,NA,NA,NA,NA,NA,NA,NA,NA,NA,NA,NA,NA,NA,NA,NA,NA,NA,NA,NA,75.44513,1.651718,0.777523,0.874194,-1.50634,1.9677,1.06746,-2.39168,5.38315,3.36955,64.68635,7.07051,60.11234,-2.3518,85.48334,-10.20961,5.38423,11.80422,-11.30378,3.38034,68.21099,-3.83239,High,High,High,NA,NA,High,High,High,213.478778,18.921727,1924.812334,0.945962,01:00:00,-0.359926,-0.531951,-0.766473,-57.606181,-43.826606,-36.527126,-0.139167,148.923192,-0.848142,-30.741368,0.848142,-0.511164,0.139167,9.318354,-7.999676,0.511164,-0.511164,-148.923192,7.999676,0.139167,30.741368,-9.318354,-0.139167,0.511164,0.848142,-0.848142,NA,NA,NA,NA,NA,NA,NA,NA,NA,NA,NA,NA
NA,NA,NA,NA,NA,NA,NA,NA,NA,NA,NA,NA,NA,NA,NA,NA,116,2025-10-10,15:54:30,1,3,"Butler, Cameron",10110399,Left,CAR_EAG,"Bolton, Ryan",1000215919,Right,CAR_EAG,Undefined,5,Bottom,0,1,1,Slider,Curveball,BallCalled,Undefined,Undefined,Undefined,0,0,NA,73.60767,3.445603,0.596448,2562.367733,80.437351,08:45:00,5.56338,2.86881,6.00003,-52.22562,-1.05264,-15.08552,4.40813,2.1644,67.72398,-6.188371,-2.114461,0.514863,NA,NA,NA,NA,NA,NA,NA,NA,NA,NA,NA,7.88453,-0.9661,-2.90761,50,5.80627,-0.59085,-106.8854,4.90962,9.16766,17.54408,-33.29737,CAR_EAG,CAR_EAG,CarsonNewman,TeamExclusive,Team,20251010-CarsonNewman-Private-1,efe91f20-a612-11f0-b95a-07f253d65970,73.20869,NA,NA,5.88369,NA,NA,NA,NA,NA,NA,0c368c5f-52eb-4b15-8a1f-5e10ac20fa49,2025-10-10,19:54:30,2025-10-10T19:54:30Z,2025-10-10T19:54:30Z,NA,v3,CNE,CNE,NA,"Rogers, Jacob",1000215913,Right,CAR_EAG,7b343617-c017-4ab4-8ef1-c2616ef08179,54.50419,-107.62218,8.77204,5.57072,6.30796,-16.64868,-2.87471,-0.97585,4.58383,NA,NA,NA,NA,NA,NA,NA,NA,NA,NA,NA,NA,NA,NA,NA,NA,NA,NA,NA,NA,NA,NA,NA,NA,NA,NA,NA,NA,NA,NA,NA,NA,NA,NA,NA,NA,NA,NA,NA,NA,NA,NA,NA,NA,NA,NA,NA,NA,NA,NA,High,High,High,NA,NA,NA,NA,NA,69.814495,53.266365,1532.541166,0.598096,08:15:00,-0.768345,0.608512,0.198392,14.829023,-7.476429,52.273172,0.997381,149.225266,-0.062139,2.120711,0.062139,-0.037005,-0.997381,86.434978,85.852593,0.037005,0.037005,-149.225266,-85.852593,0.997381,-2.120711,-86.434978,-0.997381,-0.037005,0.062139,-0.062139,NA,NA,NA,NA,NA,NA,NA,NA,NA,NA,NA,NA
NA,NA,NA,NA,NA,NA,NA,NA,NA,NA,NA,NA,NA,NA,NA,NA,117,2025-10-10,15:54:49,1,4,"Butler, Cameron",10110399,Left,CAR_EAG,"Bolton, Ryan",1000215919,Right,CAR_EAG,Undefined,5,Bottom,0,2,1,Fastball,Changeup,InPlay,Undefined,Bunt,Error,0,0,NA,85.18363,-0.373209,-3.491499,2102.592665,210.161179,01:00:00,5.515,2.39932,6.93243,-22.06698,14.53957,7.86197,3.33569,-0.12802,78.82247,-4.575479,-2.056384,0.435463,26.24151,20.728473,11.850148,795.589281,NA,NA,NA,39.3098,39.27831,10.653406,1.06605,-5.08677,8.17674,-2.18365,50,5.48359,7.30187,-123.90158,-1.35262,-8.00256,21.96664,-19.31038,CAR_EAG,CAR_EAG,CarsonNewman,TeamExclusive,Team,20251010-CarsonNewman-Private-1,fb1ed790-a612-11f0-b95a-07f253d65970,86.55723,6.33573,NA,6.36116,NA,NA,NA,2.98139,3.46475,0.06333,0c368c5f-52eb-4b15-8a1f-5e10ac20fa49,2025-10-10,19:54:49,2025-10-10T19:54:49Z,2025-10-10T19:54:49Z,GroundBall,v3,CNE,CNE,NA,"Rogers, Jacob",1000215913,Right,CAR_EAG,f5187cae-7373-4636-ad8d-bd7fc6a0f4e3,53.57197,-124.53325,10.98332,5.5145,-0.79733,-9.65519,-2.39693,7.53199,-4.00128,148.895304,2.9814,35.22806,-1.99212,0.27003,0.50133,-1.29282,1.36671,-0.6785,0.13207,3.46475,13.62254,-16.35318,0.56935,-0.23063,0.29571,-0.17104,0.02677,0.00494,0.06333,7.39159,-0.72919,0.19346,0.08966,-0.41477,0.43125,-0.20933,0.04068,NA,NA,NA,NA,NA,NA,NA,NA,NA,NA,NA,NA,NA,NA,NA,NA,NA,NA,NA,NA,NA,NA,High,High,High,High,High,NA,NA,NA,213.757136,27.414152,1866.475064,0.887702,01:15:00,-0.501294,-0.496261,-0.708822,-72.836956,-42.986675,-35.361376,-0.211511,144.156353,-0.792278,-34.912658,0.792278,-0.572327,0.211511,14.94742,-12.210929,0.572327,-0.572327,-144.156353,12.210929,0.211511,34.912658,-14.94742,-0.211511,0.572327,0.792278,-0.792278,NA,NA,NA,NA,NA,NA,NA,NA,NA,NA,NA,NA
NA,NA,NA,NA,NA,NA,NA,NA,NA,NA,NA,NA,NA,NA,NA,NA,118,2025-10-10,15:55:22,2,1,"Butler, Cameron",10110399,Left,CAR_EAG,"Rodriguez, Sebastian",10180804,Right,CAR_EAG,Undefined,5,Bottom,0,0,0,Fastball,Four-Seam,FoulBallNotFieldable,Undefined,Undefined,Undefined,0,0,NA,86.28841,-0.973366,-3.864165,2088.162571,209.711607,01:00:00,5.71309,2.33874,6.8394,-20.55489,15.31879,8.16607,3.11037,-0.51021,79.78241,-4.887975,-2.377194,0.431081,67.06773,19.347355,-179.757846,1877.89081,NA,NA,NA,NA,26.55099,NA,NA,-5.33146,8.713,-2.09369,50,5.64269,8.19441,-125.41476,-2.65161,-8.58666,22.70042,-18.14115,CAR_EAG,CAR_EAG,CarsonNewman,TeamExclusive,Team,20251010-CarsonNewman-Private-1,0f2a8680-a613-11f0-b95a-07f253d65970,87.43696,10.81801,NA,6.50599,NA,NA,NA,4.16145,2.84954,0.15919,0c368c5f-52eb-4b15-8a1f-5e10ac20fa49,2025-10-10,19:55:22,2025-10-10T19:55:22Z,2025-10-10T19:55:22Z,NA,v3,CNE,CNE,NA,"Rogers, Jacob",1000215913,Right,CAR_EAG,9b7412f6-9046-456f-8dde-c7f69e4d6ff4,53.66484,-126.07637,11.35021,5.71227,-2.12289,-9.07058,-2.33617,8.44467,-4.29333,313.769588,4.16511,-92.95652,0.54319,NA,NA,NA,NA,NA,NA,2.85067,32.54286,-25.58926,NA,NA,NA,NA,NA,NA,0.16123,-0.47336,-9.88836,NA,NA,NA,NA,NA,NA,NA,NA,NA,NA,NA,NA,NA,NA,NA,NA,NA,NA,NA,NA,NA,NA,NA,NA,NA,NA,NA,NA,High,High,High,Medium,Undefined,NA,NA,NA,209.196013,28.916637,1827.819139,0.875324,01:00:00,-0.526626,-0.435135,-0.73029,-74.916544,-33.829085,-24.82797,-0.267334,137.395491,-0.709255,-40.714947,0.709255,-0.652296,0.267334,20.652551,-15.505686,0.652296,-0.652296,-137.395491,15.505686,0.267334,40.714947,-20.652551,-0.267334,0.652296,0.709255,-0.709255,NA,NA,NA,NA,NA,NA,NA,NA,NA,NA,NA,NA
NA,NA,NA,NA,NA,NA,NA,NA,NA,NA,NA,NA,NA,NA,NA,NA,119,2025-10-10,15:55:49,2,2,"Butler, Cameron",10110399,Left,CAR_EAG,"Rodriguez, Sebastian",10180804,Right,CAR_EAG,Undefined,5,Bottom,0,0,1,Fastball,Four-Seam,StrikeCalled,Undefined,Undefined,Undefined,0,0,NA,87.56541,-2.132057,-3.232711,2126.343772,207.621234,01:00:00,5.60074,2.52484,7.1557,-18.25938,16.26426,7.97886,2.14249,0.25626,80.76502,-5.645056,-1.768984,0.422892,NA,NA,NA,NA,NA,NA,NA,NA,NA,NA,NA,-5.12138,9.61422,-2.33733,50,5.46952,6.92031,-127.28668,-5.15572,-8.46519,24.29175,-16.28254,CAR_EAG,CAR_EAG,CarsonNewman,TeamExclusive,Team,20251010-CarsonNewman-Private-1,1ed26620-a613-11f0-b95a-07f253d65970,89.13015,NA,NA,6.80039,NA,NA,NA,NA,NA,NA,0c368c5f-52eb-4b15-8a1f-5e10ac20fa49,2025-10-10,19:55:49,2025-10-10T19:55:49Z,2025-10-10T19:55:49Z,NA,v3,CNE,CNE,NA,"Rogers, Jacob",1000215913,Right,CAR_EAG,39a541ac-895c-4af6-a570-0849df8b8077,53.34705,-127.92385,12.14588,5.59915,-4.72863,-8.14127,-2.52176,7.14235,-4.2326,NA,NA,NA,NA,NA,NA,NA,NA,NA,NA,NA,NA,NA,NA,NA,NA,NA,NA,NA,NA,NA,NA,NA,NA,NA,NA,NA,NA,78.00056,NA,1.094451,NA,-0.29659,1.97105,-0.20407,1.73971,5.81697,-1.03267,NA,NA,NA,1.82985,112.97027,-8.9957,5.82576,7.35397,-11.21138,-1.07264,-4.46762,3.13011,High,High,High,NA,NA,High,High,High,212.681915,19.122036,2009.018485,0.944823,01:00:00,-0.352728,-0.522014,-0.776585,106.72416,24.082036,-15.489346,-0.133586,143.790727,-0.799633,-35.834196,0.799633,-0.585442,0.133586,9.484189,-7.676853,0.585442,-0.585442,-143.790727,7.676853,0.133586,35.834196,-9.484189,-0.133586,0.585442,0.799633,-0.799633,NA,NA,NA,NA,NA,NA,NA,NA,NA,NA,NA,NA
NA,NA,NA,NA,NA,NA,NA,NA,NA,NA,NA,NA,NA,NA,NA,NA,120,2025-10-10,15:56:11,2,3,"Butler, Cameron",10110399,Left,CAR_EAG,"Rodriguez, Sebastian",10180804,Right,CAR_EAG,Undefined,5,Bottom,0,0,2,Fastball,Four-Seam,BallCalled,Undefined,Undefined,Undefined,0,0,NA,87.94538,-2.683656,-2.12625,2348.320164,208.371364,01:00:00,5.5192,2.47839,7.17494,-17.79745,16.27225,8.26284,1.60085,1.23939,81.41342,-6.101088,-0.607341,0.420103,NA,NA,NA,NA,NA,NA,NA,NA,NA,NA,NA,-4.97906,9.73898,-2.35656,50,5.35682,4.4732,-127.93916,-6.40076,-8.33954,23.79238,-15.86198,CAR_EAG,CAR_EAG,CarsonNewman,TeamExclusive,Team,20251010-CarsonNewman-Private-1,2c2e0bd0-a613-11f0-b95a-07f253d65970,89.72197,NA,NA,6.53196,NA,NA,NA,NA,NA,NA,0c368c5f-52eb-4b15-8a1f-5e10ac20fa49,2025-10-10,19:56:11,2025-10-10T19:56:11Z,2025-10-10T19:56:11Z,NA,v3,CNE,CNE,NA,"Rogers, Jacob",1000215913,Right,CAR_EAG,a357c86f-fc1e-4c40-b1fb-f5b51bacaec2,53.32824,-128.55661,11.89619,5.51759,-5.98912,-7.93099,-2.47545,4.68962,-4.16977,NA,NA,NA,NA,NA,NA,NA,NA,NA,NA,NA,NA,NA,NA,NA,NA,NA,NA,NA,NA,NA,NA,NA,NA,NA,NA,NA,NA,NA,NA,NA,NA,NA,NA,NA,NA,NA,NA,NA,NA,NA,NA,NA,NA,NA,NA,NA,NA,NA,NA,High,High,High,NA,NA,NA,NA,NA,213.338903,25.452978,2120.388215,0.902938,01:00:00,-0.433772,-0.515824,-0.738761,-60.917051,-48.458479,-52.747164,-0.205379,152.315536,-0.866643,-27.045492,0.866643,-0.454698,0.205379,13.332139,-11.851686,0.454698,-0.454698,-152.315536,11.851686,0.205379,27.045492,-13.332139,-0.205379,0.454698,0.866643,-0.866643,NA,NA,NA,NA,NA,NA,NA,NA,NA,NA,NA,NA
NA,NA,NA,NA,NA,NA,NA,NA,NA,NA,NA,NA,NA,NA,NA,NA,121,2025-10-10,15:56:31,2,4,"Butler, Cameron",10110399,Left,CAR_EAG,"Rodriguez, Sebastian",10180804,Right,CAR_EAG,Undefined,5,Bottom,0,1,2,Fastball,Four-Seam,StrikeSwinging,Strikeout,Undefined,Undefined,0,0,NA,87.14305,-1.15577,-2.130586,2141.84091,209.894513,01:00:00,5.60738,2.54856,7.26687,-19.60576,15.03406,8.06162,2.92726,1.29228,80.30119,-4.932767,-0.646307,0.423603,NA,NA,NA,NA,NA,NA,NA,NA,NA,NA,NA,-4.94134,8.75142,-2.42984,50,5.53585,4.46157,-126.87911,-3.00055,-8.10323,24.50451,-17.82278,CAR_EAG,CAR_EAG,CarsonNewman,TeamExclusive,Team,20251010-CarsonNewman-Private-1,37dbda70-a613-11f0-b95a-07f253d65970,88.98053,NA,NA,6.84186,NA,NA,NA,NA,NA,NA,0c368c5f-52eb-4b15-8a1f-5e10ac20fa49,2025-10-10,19:56:31,2025-10-10T19:56:31Z,2025-10-10T19:56:31Z,NA,v3,CNE,CNE,NA,"Rogers, Jacob",1000215913,Right,CAR_EAG,b2da1e57-b02a-4e50-876e-d972d0ac833d,53.23684,-127.50271,12.25225,5.60644,-2.54698,-8.91139,-2.54601,4.66778,-4.05162,NA,NA,NA,NA,NA,NA,NA,NA,NA,NA,NA,NA,NA,NA,NA,NA,NA,NA,NA,NA,NA,NA,NA,NA,NA,NA,NA,NA,NA,NA,NA,NA,NA,NA,NA,NA,NA,NA,NA,NA,NA,NA,NA,NA,NA,NA,NA,NA,NA,NA,High,High,High,NA,NA,NA,NA,NA,210.742642,22.559242,1977.954432,0.923483,01:00:00,-0.403288,-0.479711,-0.779254,115.108103,18.274622,-22.074727,-0.060203,151.766475,-0.879429,-28.177737,0.879429,-0.472208,0.060203,3.916173,-3.451456,0.472208,-0.472208,-151.766475,3.451456,0.060203,28.177737,-3.916173,-0.060203,0.472208,0.879429,-0.879429,NA,NA,NA,NA,NA,NA,NA,NA,NA,NA,NA,NA
NA,NA,NA,NA,NA,NA,NA,NA,NA,NA,NA,NA,NA,NA,NA,NA,122,2025-10-10,15:57:07,3,1,"Butler, Cameron",10110399,Left,CAR_EAG,"Van Ness, Jameson",1000370206,Right,CAR_EAG,Undefined,5,Bottom,1,0,0,Fastball,Four-Seam,StrikeCalled,Undefined,Undefined,Undefined,0,0,NA,87.09692,-1.202844,-2.640737,2220.19857,205.33568,12:45:00,5.54465,2.77896,7.05624,-18.02214,17.148,7.60296,2.94904,1.01248,79.80255,-4.689188,-1.24772,0.426834,NA,NA,NA,NA,NA,NA,NA,NA,NA,NA,NA,-4.77965,9.83658,-2.62157,50,5.4656,5.5752,-126.63751,-3.06066,-7.7729,25.5141,-16.1774,CAR_EAG,CAR_EAG,CarsonNewman,TeamExclusive,Team,20251010-CarsonNewman-Private-1,4d3c9210-a613-11f0-b95a-07f253d65970,88.30711,NA,NA,7.29437,NA,NA,NA,NA,NA,NA,0c368c5f-52eb-4b15-8a1f-5e10ac20fa49,2025-10-10,19:57:07,2025-10-10T19:57:07Z,2025-10-10T19:57:07Z,NA,v3,CNE,CNE,NA,"Rogers, Jacob",1000215913,Right,CAR_EAG,8af8b485-babf-4ead-9bef-6fdc591a41f1,53.44511,-127.32972,12.75705,5.54268,-2.62177,-8.0887,-2.77569,5.78608,-3.88645,NA,NA,NA,NA,NA,NA,NA,NA,NA,NA,NA,NA,NA,NA,NA,NA,NA,NA,NA,NA,NA,NA,NA,NA,NA,NA,NA,NA,NA,NA,NA,NA,NA,NA,NA,NA,NA,NA,NA,NA,NA,NA,NA,NA,NA,NA,NA,NA,NA,NA,High,High,High,NA,NA,NA,NA,NA,213.195045,23.118529,2041.904571,0.919695,01:00:00,-0.417031,-0.511656,-0.751195,108.888512,26.314999,-22.53543,-0.163314,148.773806,-0.843647,-30.760985,0.843647,-0.511458,0.163314,10.955839,-9.39928,0.511458,-0.511458,-148.773806,9.39928,0.163314,30.760985,-10.955839,-0.163314,0.511458,0.843647,-0.843647,NA,NA,NA,NA,NA,NA,NA,NA,NA,NA,NA,NA
NA,NA,NA,NA,NA,NA,NA,NA,NA,NA,NA,NA,NA,NA,NA,NA,123,2025-10-10,15:57:26,3,2,"Butler, Cameron",10110399,Left,CAR_EAG,"Van Ness, Jameson",1000370206,Right,CAR_EAG,Undefined,5,Bottom,1,0,1,Fastball,Four-Seam,FoulBallNotFieldable,Undefined,Undefined,Undefined,0,0,NA,86.31282,-1.307294,-1.760544,2070.484691,205.616282,12:45:00,5.58676,2.46694,6.91996,-19.44966,16.28639,7.31347,2.77477,1.47276,79.64145,-5.032637,-0.422589,0.430253,NA,NA,NA,NA,NA,NA,NA,NA,NA,NA,NA,-4.37567,9.35465,-2.35896,50,5.49757,3.61427,-125.63512,-3.3361,-7.04801,23.60262,-17.1063,CAR_EAG,CAR_EAG,CarsonNewman,TeamExclusive,Team,20251010-CarsonNewman-Private-1,59069b40-a613-11f0-b95a-07f253d65970,87.60519,NA,NA,6.67136,NA,NA,NA,NA,NA,NA,0c368c5f-52eb-4b15-8a1f-5e10ac20fa49,2025-10-10,19:57:26,2025-10-10T19:57:26Z,2025-10-10T19:57:26Z,NA,v3,CNE,CNE,NA,"Rogers, Jacob",1000215913,Right,CAR_EAG,ceef20b6-5a4c-45fe-9daf-275d807e31b4,53.58361,-126.30657,11.80131,5.58555,-2.84946,-8.55315,-2.46463,3.81477,-3.524,NA,NA,NA,NA,NA,NA,NA,NA,NA,NA,NA,NA,NA,NA,NA,NA,NA,NA,NA,NA,NA,NA,NA,NA,NA,NA,NA,NA,NA,NA,NA,NA,NA,NA,NA,NA,NA,NA,NA,NA,NA,NA,NA,NA,NA,NA,NA,NA,NA,NA,High,High,High,NA,NA,NA,NA,NA,215.096744,21.055879,1932.239418,0.93323,01:15:00,-0.370238,-0.544626,-0.752533,115.935953,25.992327,0.068214,0.003601,148.89536,-0.85622,31.104416,0.85622,-0.516599,-0.003601,0.240984,0.206337,0.516599,0.516599,-148.89536,-0.206337,0.003601,-31.104416,-0.240984,-0.003601,-0.516599,0.85622,-0.85622,NA,NA,NA,NA,NA,NA,NA,NA,NA,NA,NA,NA
NA,NA,NA,NA,NA,NA,NA,NA,NA,NA,NA,NA,NA,NA,NA,NA,124,2025-10-10,15:57:52,3,3,"Butler, Cameron",10110399,Left,CAR_EAG,"Van Ness, Jameson",1000370206,Right,CAR_EAG,Undefined,5,Bottom,1,0,2,Fastball,Four-Seam,BallCalled,Undefined,Undefined,Undefined,0,0,NA,87.82731,-3.42237,-3.376003,2202.312768,215.647976,01:15:00,5.62122,2.58566,6.71464,-21.48375,13.2019,8.79993,0.69309,0.22915,81.89625,-7.455074,-1.774397,0.423883,NA,NA,NA,NA,NA,NA,NA,NA,NA,NA,NA,-5.4352,8.07508,-2.36494,50,5.38511,7.20915,-127.53724,-8.22642,-9.1102900000000009,21.88771,-18.63885,CAR_EAG,CAR_EAG,CarsonNewman,TeamExclusive,Team,20251010-CarsonNewman-Private-1,681436b0-a613-11f0-b95a-07f253d65970,88.92171,NA,NA,5.93107,NA,NA,NA,NA,NA,NA,0c368c5f-52eb-4b15-8a1f-5e10ac20fa49,2025-10-10,19:57:52,2025-10-10T19:57:52Z,2025-10-10T19:57:52Z,NA,v3,CNE,CNE,NA,"Rogers, Jacob",1000215913,Right,CAR_EAG,92acce7e-81cc-4d20-b540-343ddb5a0089,53.78924,-128.1859,10.94386,5.62072,-7.67405,-9.31943,-2.58259,7.47913,-4.55515,NA,NA,NA,NA,NA,NA,NA,NA,NA,NA,NA,NA,NA,NA,NA,NA,NA,NA,NA,NA,NA,NA,NA,NA,NA,NA,NA,NA,NA,NA,NA,NA,NA,NA,NA,NA,NA,NA,NA,NA,NA,NA,NA,NA,NA,NA,NA,NA,NA,NA,High,High,High,NA,NA,NA,NA,NA,214.601057,20.291421,2065.639159,0.937941,01:15:00,-0.3593,-0.552371,-0.75219,-48.923323,-32.307424,-24.855158,-0.01306,151.199861,-0.876231,-28.797453,0.876231,-0.481715,0.01306,0.853888,-0.74828,0.481715,-0.481715,-151.199861,0.74828,0.01306,28.797453,-0.853888,-0.01306,0.481715,0.876231,-0.876231,NA,NA,NA,NA,NA,NA,NA,NA,NA,NA,NA,NA
NA,NA,NA,NA,NA,NA,NA,NA,NA,NA,NA,NA,NA,NA,NA,NA,125,2025-10-10,15:58:14,3,4,"Butler, Cameron",10110399,Left,CAR_EAG,"Van Ness, Jameson",1000370206,Right,CAR_EAG,Undefined,5,Bottom,1,1,2,Fastball,Four-Seam,StrikeSwinging,Strikeout,Undefined,Undefined,0,0,NA,87.03498,-0.147304,-2.949796,2250.702018,205.222659,12:45:00,5.5385,2.24064,7.32579,-18.47072,16.23513,7.1687,3.86601,0.17051,80.00595,-3.727879,-1.630343,0.424007,NA,NA,NA,NA,NA,NA,NA,NA,NA,NA,NA,-4.63733,9.13359,-2.0779,50,5.52452,6.28828,-126.63817,-0.71272,-7.57425,24.46129,-17.25595,CAR_EAG,CAR_EAG,CarsonNewman,TeamExclusive,Team,20251010-CarsonNewman-Private-1,75568800-a613-11f0-b95a-07f253d65970,88.89586,NA,NA,7.02904,NA,NA,NA,NA,NA,NA,0c368c5f-52eb-4b15-8a1f-5e10ac20fa49,2025-10-10,19:58:14,2025-10-10T19:58:14Z,2025-10-10T19:58:14Z,NA,v3,CNE,CNE,NA,"Rogers, Jacob",1000215913,Right,CAR_EAG,82a27124-b2f0-4cc1-888a-e6f1fbf5a313,53.17614,-127.25019,12.23064,5.53695,-0.28097,-8.62797,-2.2376,6.47779,-3.78712,NA,NA,NA,NA,NA,NA,NA,NA,NA,NA,NA,NA,NA,NA,NA,NA,NA,NA,NA,NA,NA,NA,NA,NA,NA,NA,NA,NA,NA,NA,NA,NA,NA,NA,NA,NA,NA,NA,NA,NA,NA,NA,NA,NA,NA,NA,NA,NA,NA,NA,High,High,High,NA,NA,NA,NA,NA,214.675679,22.835685,2074.295638,0.921622,01:15:00,-0.425232,-0.525335,-0.737022,108.656903,12.472084,-32.409642,-0.083349,151.006716,-0.871633,-28.882864,0.871633,-0.483021,0.083349,5.462228,-4.781082,0.483021,-0.483021,-151.006716,4.781082,0.083349,28.882864,-5.462228,-0.083349,0.483021,0.871633,-0.871633,NA,NA,NA,NA,NA,NA,NA,NA,NA,NA,NA,NA
NA,NA,NA,NA,NA,NA,NA,NA,NA,NA,NA,NA,NA,NA,NA,NA,126,2025-10-10,15:58:40,4,1,"Butler, Cameron",10110399,Left,CAR_EAG,"Bishop, Matthew",10136275,Right,CAR_EAG,Undefined,5,Bottom,2,0,0,Fastball,Four-Seam,StrikeCalled,Undefined,Undefined,Undefined,0,0,NA,87.74245,-2.331666,-4.010039,2241.355084,201.898375,12:45:00,5.59771,2.36259,7.29873,-18.16068,16.06934,6.05796,1.97019,-0.76351,81.01962,-5.828273,-2.897517,0.42109,NA,NA,NA,NA,NA,NA,NA,NA,NA,NA,NA,-4.27733,9.58815,-2.13862,50,5.46088,8.73118,-127.43787,-5.59194,-7.0954,24.05297,-16.26889,CAR_EAG,CAR_EAG,CarsonNewman,TeamExclusive,Team,20251010-CarsonNewman-Private-1,849f30a0-a613-11f0-b95a-07f253d65970,89.51159,NA,NA,6.72283,NA,NA,NA,NA,NA,NA,0c368c5f-52eb-4b15-8a1f-5e10ac20fa49,2025-10-10,19:58:40,2025-10-10T19:58:40Z,2025-10-10T19:58:40Z,NA,v3,CNE,CNE,NA,"Rogers, Jacob",1000215913,Right,CAR_EAG,969d5c72-6515-4d5e-810f-e7ad2192e552,53.20331,-128.04105,12.02649,5.596,-5.18396,-8.13445,-2.3598,8.90911,-3.5477,NA,NA,NA,NA,NA,NA,NA,NA,NA,NA,NA,NA,NA,NA,NA,NA,NA,NA,NA,NA,NA,NA,NA,NA,NA,NA,NA,NA,NA,NA,NA,NA,NA,NA,NA,NA,NA,NA,NA,NA,NA,NA,NA,NA,NA,NA,NA,NA,NA,NA,High,High,High,NA,NA,NA,NA,NA,213.161706,20.522808,2099.102349,0.936533,01:00:00,-0.383468,-0.526126,-0.759042,117.622216,21.463262,-3.183555,0.051428,150.786413,-0.871651,29.171198,0.871651,-0.487421,-0.051428,3.376582,2.947915,0.487421,0.487421,-150.786413,-2.947915,0.051428,-29.171198,-3.376582,-0.051428,-0.487421,0.871651,-0.871651,NA,NA,NA,NA,NA,NA,NA,NA,NA,NA,NA,NA
NA,NA,NA,NA,NA,NA,NA,NA,NA,NA,NA,NA,NA,NA,NA,NA,127,2025-10-10,15:59:06,4,2,"Butler, Cameron",10110399,Left,CAR_EAG,"Bishop, Matthew",10136275,Right,CAR_EAG,Undefined,5,Bottom,2,0,1,Fastball,Four-Seam,BallCalled,Undefined,Undefined,Undefined,0,0,NA,85.96456,-0.478037,-5.29082,2220.687372,195.773767,12:30:00,5.60988,2.22618,7.27002,-20.81367,15.06769,3.95984,3.44117,-2.24293,79.04976,-4.477429,-4.566574,0.431128,NA,NA,NA,NA,NA,NA,NA,NA,NA,NA,NA,-3.53012,8.59186,-1.92699,50,5.57628,11.41846,-124.69509,-1.50321,-5.58769,23.8251,-18.57437,CAR_EAG,CAR_EAG,CarsonNewman,TeamExclusive,Team,20251010-CarsonNewman-Private-1,9452a900-a613-11f0-b95a-07f253d65970,87.42756,NA,NA,6.9148,NA,NA,NA,NA,NA,NA,0c368c5f-52eb-4b15-8a1f-5e10ac20fa49,2025-10-10,19:59:06,2025-10-10T19:59:06Z,2025-10-10T19:59:06Z,NA,v3,CNE,CNE,NA,"Rogers, Jacob",1000215913,Right,CAR_EAG,bb3a2933-d91e-4c84-98a5-9c207c50b4c4,53.23199,-125.31109,11.91255,5.60893,-1.02297,-9.28718,-2.22409,11.56293,-2.79385,NA,NA,NA,NA,NA,NA,NA,NA,NA,NA,NA,NA,NA,NA,NA,NA,NA,NA,NA,NA,NA,NA,NA,NA,NA,NA,NA,NA,72.85294,1.636683,0.702259,0.934424,-0.58308,3.28098,2.40216,0.15209,5.30777,2.8056,64.54013,4.43103,-60.25067,0.18479,73.80689,-5.2996,5.32629,11.04536,-12.85659,2.74471,-75.13314,8.29179,High,High,High,NA,NA,High,High,High,208.793231,34.477765,1830.614599,0.824346,01:00:00,-0.626972,-0.401756,-0.667457,88.279888,22.751965,-53.955124,-0.217345,137.879936,-0.72401,-40.893382,0.72401,-0.654654,0.217345,16.70958,-12.553154,0.654654,-0.654654,-137.879936,12.553154,0.217345,40.893382,-16.70958,-0.217345,0.654654,0.72401,-0.72401,NA,NA,NA,NA,NA,NA,NA,NA,NA,NA,NA,NA
NA,NA,NA,NA,NA,NA,NA,NA,NA,NA,NA,NA,NA,NA,NA,NA,128,2025-10-10,15:59:30,4,3,"Butler, Cameron",10110399,Left,CAR_EAG,"Bishop, Matthew",10136275,Right,CAR_EAG,Undefined,5,Bottom,2,1,1,Fastball,Four-Seam,BallCalled,Undefined,Undefined,Undefined,0,0,NA,87.58584,-3.038607,-5.926405,2199.485224,210.207593,01:00:00,5.70754,2.24313,7.25433,-20.83182,13.71686,7.41063,1.20499,-2.52047,81.16803,-7.000911,-4.573136,0.423046,NA,NA,NA,NA,NA,NA,NA,NA,NA,NA,NA,-5.42843,8.4641,-1.90665,50,5.52736,12.91347,-126.79265,-7.25088,-8.94349,22.99595,-18.2292,CAR_EAG,CAR_EAG,CarsonNewman,TeamExclusive,Team,20251010-CarsonNewman-Private-1,a2e4f9f0-a613-11f0-b95a-07f253d65970,89.09782,NA,NA,6.41781,NA,NA,NA,NA,NA,NA,0c368c5f-52eb-4b15-8a1f-5e10ac20fa49,2025-10-10,19:59:30,2025-10-10T19:59:30Z,2025-10-10T19:59:30Z,NA,v3,CNE,CNE,NA,"Rogers, Jacob",1000215913,Right,CAR_EAG,bc95eb33-7e79-4dd2-9a3c-8d025ea0a0c4,53.24805,-127.38037,11.49797,5.70672,-6.78498,-9.1146,-2.23961,13.14205,-4.47175,NA,NA,NA,NA,NA,NA,NA,NA,NA,NA,NA,NA,NA,NA,NA,NA,NA,NA,NA,NA,NA,NA,NA,NA,NA,NA,NA,NA,NA,NA,NA,NA,NA,NA,NA,NA,NA,NA,NA,NA,NA,NA,NA,NA,NA,NA,NA,NA,NA,NA,High,High,High,NA,NA,NA,NA,NA,210.466663,24.091586,2007.897155,0.912894,01:00:00,-0.462281,-0.483858,-0.743086,-53.633492,-44.228485,-51.420971,-0.085661,152.9078,-0.887002,-26.98452,0.887002,-0.45375,0.085661,5.516135,-4.914021,0.45375,-0.45375,-152.9078,4.914021,0.085661,26.98452,-5.516135,-0.085661,0.45375,0.887002,-0.887002,NA,NA,NA,NA,NA,NA,NA,NA,NA,NA,NA,NA
NA,NA,NA,NA,NA,NA,NA,NA,NA,NA,NA,NA,NA,NA,NA,NA,129,2025-10-10,16:00:03,4,4,"Butler, Cameron",10110399,Left,CAR_EAG,"Bishop, Matthew",10136275,Right,CAR_EAG,Undefined,5,Bottom,2,2,1,Fastball,Four-Seam,InPlay,Undefined,GroundBall,Single,0,1,NA,88.08593,-1.604171,-3.568484,2270.482056,206.644714,01:00:00,5.64392,2.31135,7.13482,-17.26438,16.84182,7.95485,2.74729,-0.26598,81.26158,-4.933984,-2.110911,0.420328,99.3025,-1.372814,19.183285,2143.876001,NA,NA,NA,47.99413,46.20853,20.604136,0.342909,-5.19154,9.77548,-2.10293,50,5.5433,7.71792,-128.05329,-3.97761,-8.69494,24.29625,-15.80177,CAR_EAG,CAR_EAG,CarsonNewman,TeamExclusive,Team,20251010-CarsonNewman-Private-1,b6594ae0-a613-11f0-b95a-07f253d65970,89.67391,2.66143,NA,6.82435,NA,NA,NA,0.33549,2.66143,0.2714,0c368c5f-52eb-4b15-8a1f-5e10ac20fa49,2025-10-10,20:00:03,2025-10-10T20:00:03Z,2025-10-10T20:00:03Z,GroundBall,v3,CNE,CNE,NA,"Rogers, Jacob",1000215913,Right,CAR_EAG,f443759f-ab5a-4906-afb2-f31bcc493a73,53.36847,-128.69082,12.14812,5.64223,-3.56298,-7.90089,-2.30844,7.94607,-4.34747,254.751769,0.34274,137.23499,-21.13035,NA,NA,NA,NA,NA,NA,2.66249,-3.53048,-12.35606,NA,NA,NA,NA,NA,NA,0.26929,47.92576,1.59976,NA,NA,NA,NA,NA,NA,NA,NA,NA,NA,NA,NA,NA,NA,NA,NA,NA,NA,NA,NA,NA,NA,NA,NA,NA,NA,NA,NA,High,High,High,High,High,NA,NA,NA,213.5391,23.684318,2079.245198,0.915773,01:00:00,-0.434134,-0.517017,-0.737714,114.254274,27.627008,-8.895947,-0.032974,149.607658,-0.862112,-30.37407,0.862112,-0.505643,0.032974,2.190371,-1.889609,0.505643,-0.505643,-149.607658,1.889609,0.032974,30.37407,-2.190371,-0.032974,0.505643,0.862112,-0.862112,NA,NA,NA,NA,NA,NA,NA,NA,NA,NA,NA,NA
NA,NA,NA,NA,NA,NA,NA,NA,NA,NA,NA,NA,NA,NA,NA,NA,130,2025-10-10,16:00:42,5,1,"Butler, Cameron",10110399,Left,CAR_EAG,"Mutter, Evan",1000300074,Right,CAR_EAG,Undefined,5,Bottom,2,0,0,Fastball,Four-Seam,FoulBallNotFieldable,Undefined,Undefined,Undefined,0,0,NA,87.57177,-1.034028,-3.66809,2209.78644,206.648676,01:00:00,5.56019,2.29178,7.38082,-19.82989,14.4091,6.72741,2.97243,-0.46276,80.6549,-4.856535,-2.429859,0.421145,28.09574,69.020578,-63.803385,3031.896531,NA,NA,NA,40.70904,40.70904,-52.805417,2.542461,-4.62343,8.40725,-2.09256,50,5.49786,7.9499,-127.34939,-2.73769,-7.63867,24.67168,-18.28393,CAR_EAG,CAR_EAG,CarsonNewman,TeamExclusive,Team,20251010-CarsonNewman-Private-1,cdd6ef10-a613-11f0-b95a-07f253d65970,89.49987,25.8365,NA,6.91686,NA,NA,NA,2.97754,2.41051,0.26728,0c368c5f-52eb-4b15-8a1f-5e10ac20fa49,2025-10-10,20:00:42,2025-10-10T20:00:42Z,2025-10-10T20:00:42Z,Popup,v3,CNE,CNE,NA,"Rogers, Jacob",1000215913,Right,CAR_EAG,ad426177-0aaa-4052-a3bf-941465c3577b,53.12254,-127.9529,12.33584,5.55936,-2.29044,-9.14196,-2.28931,8.13676,-3.81933,340.517156,2.97818,6.47495,2.7141,-2.44572,2.79829,-2.47221,1.21012,-0.29546,0.02839,2.41056,38.48048,-16.84388,1.51438,-1.69687,2.07742,-1.35764,0.40972,-0.04623,0.2674,-13.24484,0.42916,-0.36848,0.44008,-0.37802,0.17603,-0.04081,0.00373,NA,NA,NA,NA,NA,NA,NA,NA,NA,NA,NA,NA,NA,NA,NA,NA,NA,NA,NA,NA,NA,NA,High,High,High,Medium,Medium,NA,NA,NA,210.291533,26.979556,1969.291982,0.891168,01:00:00,-0.493804,-0.457619,-0.73942,105.888369,16.694609,-41.333224,-0.146649,148.507994,-0.843494,-31.11329,0.843494,-0.516732,0.146649,9.862811,-8.432791,0.516732,-0.516732,-148.507994,8.432791,0.146649,31.11329,-9.862811,-0.146649,0.516732,0.843494,-0.843494,NA,NA,NA,NA,NA,NA,NA,NA,NA,NA,NA,NA
NA,NA,NA,NA,NA,NA,NA,NA,NA,NA,NA,NA,NA,NA,NA,NA,131,2025-10-10,16:01:13,5,2,"Butler, Cameron",10110399,Left,CAR_EAG,"Mutter, Evan",1000300074,Right,CAR_EAG,Undefined,5,Bottom,2,0,1,Fastball,Four-Seam,FoulBallNotFieldable,Undefined,Undefined,Undefined,0,0,NA,86.71361,-1.99443,-3.104331,2019.989367,204.148798,12:45:00,5.6597,2.31015,6.97117,-22.48509,13.08198,5.3828,1.96821,-0.06805,79.8252,-6.272275,-2.119974,0.429235,66.66731,55.63848,65.670141,5641.788528,31.97941,86.20735,105.2486,172.69948,64.65365,74.83567,4.797158,-3.7149200000000002,7.85552,-2.11984,50,5.52835,6.65006,-126.01035,-4.95929,-5.99541,24.71107,-19.49624,CAR_EAG,CAR_EAG,CarsonNewman,TeamExclusive,Team,20251010-CarsonNewman-Private-1,e008fc00-a613-11f0-b95a-07f253d65970,87.81298,89.73311,NA,6.88841,NA,NA,NA,1.3878,2.0661,-0.59163,0c368c5f-52eb-4b15-8a1f-5e10ac20fa49,2025-10-10,20:01:13,2025-10-10T20:01:13Z,2025-10-10T20:01:13Z,Popup,v3,CNE,CNE,NA,"Rogers, Jacob",1000215913,Right,CAR_EAG,d409d2a6-8b09-4b3c-bb93-07acdad9658a,53.53157,-126.701,12.35554,5.65934,-4.41438,-9.74812,-2.30805,6.81763,-2.9977,NA,1.38969,22.68193,-8.21812,1.8451,0.16634,-0.26906,0.08425,-0.01173,6.2e-4,2.06386,80.75945,-21.5948,2.04694,-0.44013,0.04595,0.01166,-0.00399,3.2e-4,-0.59071,50.25868,-7.7979,1.61382,-0.019,-0.11398,0.03585,-0.00468,2.3e-4,NA,NA,NA,NA,NA,NA,NA,NA,NA,NA,NA,NA,NA,NA,NA,NA,NA,NA,NA,NA,NA,NA,High,High,High,High,Low,NA,NA,NA,212.195652,25.270028,1826.688466,0.904306,01:00:00,-0.450698,-0.49639,-0.741936,-60.130536,-42.005393,-41.072197,-0.135897,149.25257,-0.851456,-30.431748,0.851456,-0.506512,0.135897,9.068232,-7.810495,0.506512,-0.506512,-149.25257,7.810495,0.135897,30.431748,-9.068232,-0.135897,0.506512,0.851456,-0.851456,NA,NA,NA,NA,NA,NA,NA,NA,NA,NA,NA,NA
NA,NA,NA,NA,NA,NA,NA,NA,NA,NA,NA,NA,NA,NA,NA,NA,132,2025-10-10,16:01:34,5,3,"Butler, Cameron",10110399,Left,CAR_EAG,"Mutter, Evan",1000300074,Right,CAR_EAG,Undefined,5,Bottom,2,0,2,Slider,Curveball,FoulBallNotFieldable,Undefined,Undefined,Undefined,0,1,NA,76.80614,1.327464,-1.455581,2612.713846,93.390695,09:00:00,5.61684,2.59443,6.17835,-44.62376,2.72685,-19.16103,3.12477,-0.3469,69.91821,-6.968077,-4.91019,0.495261,59.09001,36.058617,160.292541,4111.367441,NA,NA,NA,NA,31.99034,NA,NA,9.48843,1.44331,-2.47477,50,5.69474,3.50235,-111.52144,1.29646,11.79174,22.52734,-30.38036,CAR_EAG,CAR_EAG,CarsonNewman,TeamExclusive,Team,20251010-CarsonNewman-Private-1,eceaddd0-a613-11f0-b95a-07f253d65970,76.10622,22.14275,NA,6.88793,NA,NA,NA,1.92257,3.23729,0.31045,0c368c5f-52eb-4b15-8a1f-5e10ac20fa49,2025-10-10,20:01:34,2025-10-10T20:01:34Z,2025-10-10T20:01:34Z,NA,v3,CNE,CNE,NA,"Rogers, Jacob",1000215913,Right,CAR_EAG,5f82e19d-96b2-4761-9b54-9da2e822f57e,54.32429,-112.39155,11.26367,5.622,2.46989,-15.19018,-2.60125,3.0469,5.89587,340.543838,1.92626,-66.06029,3.38391,NA,NA,NA,NA,NA,NA,3.25561,50.51453,-25.16791,NA,NA,NA,NA,NA,NA,0.31466,23.5119,-3.7859,NA,NA,NA,NA,NA,NA,NA,NA,NA,NA,NA,NA,NA,NA,NA,NA,NA,NA,NA,NA,NA,NA,NA,NA,NA,NA,NA,NA,High,High,High,High,Undefined,NA,NA,NA,84.964638,64.741179,1114.865836,0.426708,08:45:00,-0.89306,0.445899,0.060157,6.458126,-24.004062,61.150502,-0.999067,162.992149,-0.041297,-0.723775,0.041297,-0.012632000000000001,0.999067,87.632998,-87.524874,0.012632000000000001,-0.012632000000000001,-162.992149,87.524874,0.999067,0.723775,-87.632998,-0.999067,0.012632000000000001,0.041297,-0.041297,NA,NA,NA,NA,NA,NA,NA,NA,NA,NA,NA,NA
NA,NA,NA,NA,NA,NA,NA,NA,NA,NA,NA,NA,NA,NA,NA,NA,133,2025-10-10,16:02:03,5,4,"Butler, Cameron",10110399,Left,CAR_EAG,"Mutter, Evan",1000300074,Right,CAR_EAG,Undefined,5,Bottom,2,0,2,Slider,Curveball,BallCalled,Undefined,Undefined,Undefined,0,0,NA,75.80628,-0.815639,-2.584836,2670.18273,80.922399,08:45:00,5.32547,2.7586,6.17578,-50.55255,-1.42319,-19.95824,0.35863,-1.29351,69.00549,-10.126304,-6.185016,0.504478,NA,NA,NA,NA,NA,NA,NA,NA,NA,NA,NA,9.42319,0.0889,-2.55331,50,5.23871,5.65951,-109.92295,-3.0395,11.26049,23.72397,-32.06783,CAR_EAG,CAR_EAG,CarsonNewman,TeamExclusive,Team,20251010-CarsonNewman-Private-1,fdd0bbb0-a613-11f0-b95a-07f253d65970,74.71578,NA,NA,6.80079,NA,NA,NA,NA,NA,NA,0c368c5f-52eb-4b15-8a1f-5e10ac20fa49,2025-10-10,20:02:03,2025-10-10T20:02:03Z,2025-10-10T20:02:03Z,NA,v3,CNE,CNE,NA,"Rogers, Jacob",1000215913,Right,CAR_EAG,c1784fe6-3844-407d-a92e-a3ce3672ec2b,54.32598,-110.85267,11.86199,5.3332,-1.7828,-16.03391,-2.76645,5.21823,5.63025,NA,NA,NA,NA,NA,NA,NA,NA,NA,NA,NA,NA,NA,NA,NA,NA,NA,NA,NA,NA,NA,NA,NA,NA,NA,NA,NA,NA,NA,NA,NA,NA,NA,NA,NA,NA,NA,NA,NA,NA,NA,NA,NA,NA,NA,NA,NA,NA,NA,NA,High,High,High,NA,NA,NA,NA,NA,73.411924,56.025064,1492.178706,0.55883,08:30:00,-0.828776,0.523714,0.197117,13.39946,-60.907422,51.970928,0.991008,111.76392,-0.049611,7.138203,0.049611,-0.124263,-0.991008,87.134104,82.310738,0.124263,0.124263,-111.76392,-82.310738,0.991008,-7.138203,-87.134104,-0.991008,-0.124263,0.049611,-0.049611,NA,NA,NA,NA,NA,NA,NA,NA,NA,NA,NA,NA
NA,NA,NA,NA,NA,NA,NA,NA,NA,NA,NA,NA,NA,NA,NA,NA,134,2025-10-10,16:02:25,5,5,"Butler, Cameron",10110399,Left,CAR_EAG,"Mutter, Evan",1000300074,Right,CAR_EAG,Undefined,5,Bottom,2,1,2,Fastball,Changeup,InPlay,Undefined,LineDrive,Double,0,1,NA,87.32805,-2.336228,-3.133855,2105.905997,217.19161,01:15:00,5.47373,2.5076,7.16603,-23.50237,11.28367,7.77099,1.39353,0.31215,80.51524,-6.80643,-1.706774,0.424496,94.08311,18.833351,-19.926337,1844.513835,102.59427,32.49661,-39.67695,331.28955,331.28955,-23.385407,3.864421,-5.0676,7.0167,-2.32668,50,5.3297,6.69995,-126.94579,-5.76594,-8.30176,25.03738,-20.6793,CAR_EAG,CAR_EAG,CarsonNewman,TeamExclusive,Team,20251010-CarsonNewman-Private-1,0ae6cce0-a614-11f0-b95a-07f253d65970,88.79331,41.64234,NA,6.81281,NA,NA,NA,2.32123,1.58296,-0.33672,0c368c5f-52eb-4b15-8a1f-5e10ac20fa49,2025-10-10,20:02:25,2025-10-10T20:02:25Z,2025-10-10T20:02:25Z,LineDrive,v3,CNE,CNE,NA,"Rogers, Jacob",1000215913,Right,CAR_EAG,8dc9e213-0782-48f2-a644-7e63f94d29a9,53.33824,-127.60248,12.51869,5.47382,-5.22355,-10.33965,-2.50527,6.91769,-4.15088,156.515506,2.32077,122.79713,-21.79038,5.15675,-1.32662,0.36917,-0.09204,0.0146,-9.8e-4,1.58384,44.51741,-12.41059,-0.5324,0.65782,-0.33634,0.10681,-0.01767,0.00115,-0.33651,-44.5172,2.96084,0.34908,-0.19675,0.02132,0.00656,-0.00235,2.1e-4,NA,NA,NA,NA,NA,NA,NA,NA,NA,NA,NA,NA,NA,NA,NA,NA,NA,NA,NA,NA,NA,NA,High,High,High,High,High,NA,NA,NA,207.922699,34.027695,1745.305767,0.828767,01:00:00,-0.582529,-0.410583,-0.701485,-61.669157,-33.203546,-50.783424,-0.154795,154.453361,-0.89136,-25.216996,0.89136,-0.426048,0.154795,9.851846,-8.904924,0.426048,-0.426048,-154.453361,8.904924,0.154795,25.216996,-9.851846,-0.154795,0.426048,0.89136,-0.89136,NA,NA,NA,NA,NA,NA,NA,NA,NA,NA,NA,NA
NA,NA,NA,NA,NA,NA,NA,NA,NA,NA,NA,NA,NA,NA,NA,NA,135,2025-10-10,16:03:17,6,1,"Butler, Cameron",10110399,Left,CAR_EAG,"Wyatt, Jack",10013525,Right,CAR_EAG,Undefined,5,Bottom,2,0,0,Fastball,Changeup,FoulBallNotFieldable,Undefined,Undefined,Undefined,0,0,NA,86.05588,-2.222128,-3.822641,2166.236893,215.655657,01:15:00,5.51164,2.58507,7.09668,-24.35269,11.58469,7.5417,1.46014,-0.26069,79.39588,-6.844035,-2.441407,0.431464,NA,NA,NA,NA,NA,NA,NA,NA,NA,NA,NA,-5.09233,7.13453,-2.35917,50,5.37093,8.10767,-125.00208,-5.4641,-8.09823,23.99978,-20.82816,CAR_EAG,CAR_EAG,CarsonNewman,TeamExclusive,Team,20251010-CarsonNewman-Private-1,2a2c7a00-a614-11f0-b95a-07f253d65970,87.35939,NA,NA,6.66,NA,NA,NA,NA,NA,NA,0c368c5f-52eb-4b15-8a1f-5e10ac20fa49,2025-10-10,20:03:17,2025-10-10T20:03:17Z,2025-10-10T20:03:17Z,NA,v3,CNE,CNE,NA,"Rogers, Jacob",1000215913,Right,CAR_EAG,3bc415b0-93e0-4a4d-aacc-c9e8f05f403d,53.40724,-125.65455,11.99989,5.51178,-4.89785,-10.41408,-2.58258,8.32784,-4.04912,NA,NA,NA,NA,NA,NA,NA,NA,NA,NA,NA,NA,NA,NA,NA,NA,NA,NA,NA,NA,NA,NA,NA,NA,NA,NA,NA,NA,NA,NA,NA,NA,NA,NA,NA,NA,NA,NA,NA,NA,NA,NA,NA,NA,NA,NA,NA,NA,NA,NA,High,High,High,NA,NA,NA,NA,NA,207.65732,39.243115,1677.682604,0.774469,01:00:00,-0.662555,-0.383753,-0.643237,-71.208116,-37.957889,-35.728954,-0.072177,139.865194,-0.762536,-40.008931,0.762536,-0.642907,0.072177,5.407126,-4.139011,0.642907,-0.642907,-139.865194,4.139011,0.072177,40.008931,-5.407126,-0.072177,0.642907,0.762536,-0.762536,NA,NA,NA,NA,NA,NA,NA,NA,NA,NA,NA,NA
NA,NA,NA,NA,NA,NA,NA,NA,NA,NA,NA,NA,NA,NA,NA,NA,136,2025-10-10,16:03:49,6,2,"Butler, Cameron",10110399,Left,CAR_EAG,"Wyatt, Jack",10013525,Right,CAR_EAG,Undefined,5,Bottom,2,0,1,Fastball,Sinker,StrikeSwinging,Undefined,Undefined,Undefined,0,0,NA,87.68907,-1.710546,-1.064909,2175.330155,224.704169,01:30:00,5.59871,2.71964,6.75543,-21.04883,14.11784,12.86548,2.28138,2.81889,80.25452,-5.726173,1.283221,0.426812,NA,NA,NA,NA,NA,NA,NA,NA,NA,NA,NA,-7.06575,8.29122,-2.65389,50,5.47821,1.88875,-127.49579,-4.35442,-11.61166,26.60352,-18.54845,CAR_EAG,CAR_EAG,CarsonNewman,TeamExclusive,Team,20251010-CarsonNewman-Private-1,3ccbc7b0-a614-11f0-b95a-07f253d65970,88.31149,NA,NA,7.43456,NA,NA,NA,NA,NA,NA,0c368c5f-52eb-4b15-8a1f-5e10ac20fa49,2025-10-10,20:03:49,2025-10-10T20:03:49Z,2025-10-10T20:03:49Z,NA,v3,CNE,CNE,NA,"Rogers, Jacob",1000215913,Right,CAR_EAG,309b5ace-d6c0-4308-a602-a3ce6a579eed,53.74549,-128.27495,13.30176,5.59779,-3.81118,-9.27423,-2.71419,2.22883,-5.80583,NA,NA,NA,NA,NA,NA,NA,NA,NA,NA,NA,NA,NA,NA,NA,NA,NA,NA,NA,NA,NA,NA,NA,NA,NA,NA,NA,NA,74.60065,1.763931,0.913101,0.85083,-1.97122,1.93266,-2.89929,-0.52316,5.3871,-4.53451,65.17478,-1.04503,-59.59918,-0.50923,81.60349,-5.23983,5.38526,0.81333,-9.83408,-4.56261,-72.08967,8.82894,High,High,High,NA,NA,High,High,High,213.635436,21.307807,2026.628337,0.931642,01:00:00,-0.362168,-0.526659,-0.769067,-54.670675,-37.057582,-22.221133,-0.072872,145.009859,-0.817073,-34.883587,0.817073,-0.571911,0.072872,5.09651,-4.17894,0.571911,-0.571911,-145.009859,4.17894,0.072872,34.883587,-5.09651,-0.072872,0.571911,0.817073,-0.817073,NA,NA,NA,NA,NA,NA,NA,NA,NA,NA,NA,NA
NA,NA,NA,NA,NA,NA,NA,NA,NA,NA,NA,NA,NA,NA,NA,NA,137,2025-10-10,16:04:15,6,3,"Butler, Cameron",10110399,Left,CAR_EAG,"Wyatt, Jack",10013525,Right,CAR_EAG,Undefined,5,Bottom,2,0,2,Fastball,Four-Seam,BallCalled,Undefined,Undefined,Undefined,0,0,NA,86.51476,0.603046,-2.4763,2195.074861,217.578035,01:15:00,5.66258,2.4424,6.97911,-19.59072,16.43481,11.72835,4.57906,1.16602,78.48598,-3.197424,-0.330416,0.431993,NA,NA,NA,NA,NA,NA,NA,NA,NA,NA,NA,-6.93189,8.91878,-2.29255,50,5.69256,5.00971,-125.71153,0.88234,-11.01536,27.14513,-18.00129,CAR_EAG,CAR_EAG,CarsonNewman,TeamExclusive,Team,20251010-CarsonNewman-Private-1,4cdacd90-a614-11f0-b95a-07f253d65970,87.25245,NA,NA,8.02878,NA,NA,NA,NA,NA,NA,0c368c5f-52eb-4b15-8a1f-5e10ac20fa49,2025-10-10,20:04:15,2025-10-10T20:04:15Z,2025-10-10T20:04:15Z,NA,v3,CNE,CNE,NA,"Rogers, Jacob",1000215913,Right,CAR_EAG,5e0adb8a-42ea-4c2d-a7d7-b504f793edf8,53.52039,-126.46941,13.57257,5.66091,1.38492,-9.00065,-2.43671,5.31725,-5.50768,NA,NA,NA,NA,NA,NA,NA,NA,NA,NA,NA,NA,NA,NA,NA,NA,NA,NA,NA,NA,NA,NA,NA,NA,NA,NA,NA,NA,NA,NA,NA,NA,NA,NA,NA,NA,NA,NA,NA,NA,NA,NA,NA,NA,NA,NA,NA,NA,NA,NA,High,High,High,NA,NA,NA,NA,NA,207.988347,28.98999,1920.041618,0.874704,01:00:00,-0.521866,-0.405368,-0.750555,-64.613851,-45.003687,-33.130549,-0.073776,136.753674,-0.72643,-43.099639,0.72643,-0.683269,0.073776,5.799071,-4.230906,0.683269,-0.683269,-136.753674,4.230906,0.073776,43.099639,-5.799071,-0.073776,0.683269,0.72643,-0.72643,NA,NA,NA,NA,NA,NA,NA,NA,NA,NA,NA,NA
NA,NA,NA,NA,NA,NA,NA,NA,NA,NA,NA,NA,NA,NA,NA,NA,138,2025-10-10,16:04:33,6,4,"Butler, Cameron",10110399,Left,CAR_EAG,"Wyatt, Jack",10013525,Right,CAR_EAG,Undefined,5,Bottom,2,1,2,Slider,Slider,InPlay,Undefined,FlyBall,Out,1,0,NA,75.76956,0.970489,-1.032147,2628.732127,106.518785,09:30:00,5.32139,2.77426,6.18248,-40.98715,7.65422,-20.25044,2.80224,0.13347,68.9188,-6.682072,-4.683831,0.501966,91.67923,30.738584,9.157058,NA,108.77824,60.31641,16.3487,366.58708,363.94354,7.499741,5.178915,10.20898,4.1189,-2.68607,50,5.37402,2.67609,-110.03376,0.72768,12.34657,21.99421,-27.19271,CAR_EAG,CAR_EAG,CarsonNewman,TeamExclusive,Team,20251010-CarsonNewman-Private-1,571adb60-a614-11f0-b95a-07f253d65970,75.08965,84.97457,NA,6.85077,NA,NA,NA,2.04714,3.02966,-0.13026,0c368c5f-52eb-4b15-8a1f-5e10ac20fa49,2025-10-10,20:04:33,2025-10-10T20:04:33Z,2025-10-10T20:04:33Z,FlyBall,v3,CNE,CNE,NA,"Rogers, Jacob",1000215913,Right,CAR_EAG,fa48869f-c9d8-43a8-83e0-6487ab1c14d2,54.3198,-110.89387,10.9971,5.32476,1.79108,-13.59636,-2.78128,2.19326,6.17328,176.570238,2.05081,114.0264,-19.05345,3.92815,-0.56661,0.04054,1e-5,1e-5,-2e-5,3.02688,68.77795,-16.04213,1.02027,-0.20184,0.01281,0.00787,-0.00189,1.2e-4,-0.12957,18.37909,-3.77877,0.74321,-0.10229,0.00646,1e-5,3e-5,-1e-5,NA,NA,NA,NA,NA,NA,NA,NA,NA,NA,NA,NA,NA,NA,NA,NA,NA,NA,NA,NA,NA,NA,High,High,High,High,High,NA,NA,NA,85.323083,59.739479,1324.703788,0.503933,08:45:00,-0.854233,0.516812,0.056486,1.322318,-44.043769,60.712403,0.997983,94.881599,-0.005402,3.626342,0.005402,-0.063249,-0.997983,89.68987,86.360439,0.063249,0.063249,-94.881599,-86.360439,0.997983,-3.626342,-89.68987,-0.997983,-0.063249,0.005402,-0.005402,NA,NA,NA,NA,NA,NA,NA,NA,NA,NA,NA,NA
NA,NA,NA,NA,NA,NA,NA,NA,NA,NA,NA,NA,NA,NA,NA,NA,139,2025-10-10,16:07:06,1,1,"Shelton, Harrison",1000370205,Left,CAR_EAG,"Rogers, Jacob",1000215913,Right,CAR_EAG,Undefined,6,Top,0,0,0,Cutter,Changeup,BallCalled,Undefined,Undefined,Undefined,0,0,NA,76.2101,0.017845,2.136866,1717.931055,110.021583,09:45:00,6.11774,-2.55481,5.55193,-41.24313,8.08815,-17.3921,2.6975,-2.00639,69.14325,-7.598271,-0.96658,0.505513,NA,NA,NA,NA,NA,NA,NA,NA,NA,NA,NA,9.45189,4.59492,2.38162,50,6.09231,-3.45956,-110.47488,-1.24846,11.52986,22.06005,-26.56893,CAR_EAG,CAR_EAG,CarsonNewman,TeamExclusive,Team,20251010-CarsonNewman-Private-1,b28df590-a614-11f0-b95a-07f253d65970,74.56268,NA,NA,7.06685,NA,NA,NA,NA,NA,NA,0c368c5f-52eb-4b15-8a1f-5e10ac20fa49,2025-10-10,20:07:06,2025-10-10T20:07:06Z,2025-10-10T20:07:06Z,NA,v3,CNE,CNE,NA,"Van Ness, Jameson",1000370206,Right,CAR_EAG,417b0fa0-29f5-4a3f-a81d-105127e67d99,54.94857,-111.45865,11.03003,6.12157,-0.06362,-13.28446,2.54737,-3.97373,5.76493,NA,NA,NA,NA,NA,NA,NA,NA,NA,NA,NA,NA,NA,NA,NA,NA,NA,NA,NA,NA,NA,NA,NA,NA,NA,NA,NA,NA,NA,NA,NA,NA,NA,NA,NA,NA,NA,NA,NA,NA,NA,NA,NA,NA,NA,NA,NA,NA,NA,NA,High,High,High,NA,NA,NA,NA,NA,135.143471,-43.790808,1240.125053,0.721871,10:30:00,0.710785,0.508945,-0.485551,-57.364566,31.484253,44.551902,-0.104568,95.445387,-0.094377,-81.902394,0.094377,-0.99003,0.104568,47.932628,-6.002299,0.99003,-0.99003,-95.445387,6.002299,0.104568,81.902394,-47.932628,-0.104568,0.99003,0.094377,-0.094377,NA,NA,NA,NA,NA,NA,NA,NA,NA,NA,NA,NA
NA,NA,NA,NA,NA,NA,NA,NA,NA,NA,NA,NA,NA,NA,NA,NA,140,2025-10-10,16:07:26,1,2,"Shelton, Harrison",1000370205,Left,CAR_EAG,"Rogers, Jacob",1000215913,Right,CAR_EAG,Undefined,6,Top,0,1,0,Fastball,Changeup,BallCalled,Undefined,Undefined,Undefined,0,0,NA,80.97508,0.372038,2.535,2033.086212,133.22377,10:30:00,6.38941,-2.1337,5.84435,-30.59801,11.99737,-11.3717,4.18568,-0.72386,74.24239,-5.325245,0.497938,0.469735,NA,NA,NA,NA,NA,NA,NA,NA,NA,NA,NA,6.45717,6.43851,1.93369,50,6.40181,-4.75939,-117.55329,-0.17424,9.06568,21.58647,-23.13457,CAR_EAG,CAR_EAG,CarsonNewman,TeamExclusive,Team,20251010-CarsonNewman-Private-1,be802030-a614-11f0-b95a-07f253d65970,80.242,NA,NA,6.73269,NA,NA,NA,NA,NA,NA,0c368c5f-52eb-4b15-8a1f-5e10ac20fa49,2025-10-10,20:07:26,2025-10-10T20:07:26Z,2025-10-10T20:07:26Z,NA,v3,CNE,CNE,NA,"Van Ness, Jameson",1000370206,Right,CAR_EAG,52cd3bf9-088e-4654-b728-0c3b4740d572,54.65626,-118.40524,10.79324,6.39067,0.73881,-11.56728,2.12859,-5.11719,4.53284,NA,NA,NA,NA,NA,NA,NA,NA,NA,NA,NA,NA,NA,NA,NA,NA,NA,NA,NA,NA,NA,NA,NA,NA,NA,NA,NA,NA,NA,NA,NA,NA,NA,NA,NA,NA,NA,NA,NA,NA,NA,NA,NA,NA,NA,NA,NA,NA,NA,NA,High,High,High,NA,NA,NA,NA,NA,148.812118,-40.401196,1548.245525,0.761525,11:00:00,0.67886,0.390136,-0.622047,102.195864,-39.11785,18.494905,-0.202964,93.110799,-0.053138,-77.88908,0.053138,-0.977743,0.202964,75.328839,-11.710357,0.977743,-0.977743,-93.110799,11.710357,0.202964,77.88908,-75.328839,-0.202964,0.977743,0.053138,-0.053138,NA,NA,NA,NA,NA,NA,NA,NA,NA,NA,NA,NA
NA,NA,NA,NA,NA,NA,NA,NA,NA,NA,NA,NA,NA,NA,NA,NA,141,2025-10-10,16:07:43,1,3,"Shelton, Harrison",1000370205,Left,CAR_EAG,"Rogers, Jacob",1000215913,Right,CAR_EAG,Undefined,6,Top,0,2,0,Fastball,Changeup,BallCalled,Undefined,Undefined,Undefined,0,0,NA,77.04921,0.504643,1.852363,1937.198122,143.638978,10:45:00,6.34915,-2.40631,5.4707,-33.33998,15.08225,-9.83666,4.04336,-1.49183,69.64805,-5.711141,0.101628,0.500834,NA,NA,NA,NA,NA,NA,NA,NA,NA,NA,NA,5.4937,7.94044,2.25011,50,6.37131,-3.22062,-111.62884,-0.02701,6.84843,22.35525,-22.27554,CAR_EAG,CAR_EAG,CarsonNewman,TeamExclusive,Team,20251010-CarsonNewman-Private-1,c8756960-a614-11f0-b95a-07f253d65970,75.25932,NA,NA,7.40116,NA,NA,NA,NA,NA,NA,0c368c5f-52eb-4b15-8a1f-5e10ac20fa49,2025-10-10,20:07:43,2025-10-10T20:07:43Z,2025-10-10T20:07:43Z,NA,v3,CNE,CNE,NA,"Van Ness, Jameson",1000370206,Right,CAR_EAG,2fccb791-d5f7-4b7a-823e-f11548405c9d,55.02664,-112.63099,11.17763,6.35014,0.97157,-11.13777,2.40137,-3.52763,3.42422,NA,NA,NA,NA,NA,NA,NA,NA,NA,NA,NA,NA,NA,NA,NA,NA,NA,NA,NA,NA,NA,NA,NA,NA,NA,NA,NA,NA,71.26426,1.577101,0.657203,0.919897,-1.30355,3.76267,1.48911,-3.66026,5.93175,4.50352,64.538,5.20526,60.25534,-3.6211,80.93053,-7.4944,5.93879,10.24432,-12.01643,4.52279,64.28721,-4.05508,High,High,High,NA,NA,High,High,High,153.56097,-45.07349,1368.047828,0.706199,11:00:00,0.730823,0.308184,-0.609032,-84.114074,44.665741,25.36173,-0.127019,91.241498000000007,-0.021491,-82.598333,0.021491,-0.991667,0.127019,80.396779,-7.297376,0.991667,-0.991667,-91.241498000000007,7.297376,0.127019,82.598333,-80.396779,-0.127019,0.991667,0.021491,-0.021491,NA,NA,NA,NA,NA,NA,NA,NA,NA,NA,NA,NA
NA,NA,NA,NA,NA,NA,NA,NA,NA,NA,NA,NA,NA,NA,NA,NA,142,2025-10-10,16:08:12,1,4,"Shelton, Harrison",1000370205,Left,CAR_EAG,"Rogers, Jacob",1000215913,Right,CAR_EAG,Undefined,6,Top,0,3,0,Fastball,Changeup,BallCalled,Walk,Undefined,Undefined,0,0,NA,79.51262,0.461853,1.080882,1932.07212,145.832643,10:45:00,6.37646,-2.39239,5.59619,-29.88864,15.11091,-9.22245,4.31705,-2.15159,72.18356,-5.124319,-0.564952,0.482809,NA,NA,NA,NA,NA,NA,NA,NA,NA,NA,NA,4.96406,7.95788,2.30572,50,6.39697,-1.80795,-115.33355,0.0203,6.63734,22.91716,-21.5337,CAR_EAG,CAR_EAG,CarsonNewman,TeamExclusive,Team,20251010-CarsonNewman-Private-1,da180790-a614-11f0-b95a-07f253d65970,78.06902,NA,NA,7.32907,NA,NA,NA,NA,NA,NA,0c368c5f-52eb-4b15-8a1f-5e10ac20fa49,2025-10-10,20:08:12,2025-10-10T20:08:12Z,2025-10-10T20:08:12Z,NA,v3,CNE,CNE,NA,"Van Ness, Jameson",1000370206,Right,CAR_EAG,fdb1f302-c874-42f8-9669-4f1ae98ed4c8,54.90243,-116.3036,11.45858,6.37681,0.93179,-10.76685,2.38819,-2.0889,3.31867,NA,NA,NA,NA,NA,NA,NA,NA,NA,NA,NA,NA,NA,NA,NA,NA,NA,NA,NA,NA,NA,NA,NA,NA,NA,NA,NA,NA,NA,NA,NA,NA,NA,NA,NA,NA,NA,NA,NA,NA,NA,NA,NA,NA,NA,NA,NA,NA,NA,NA,High,High,High,NA,NA,NA,NA,NA,149.610684,-37.052014,1541.965212,0.798089,11:00:00,0.618653,0.398861,-0.676888,102.770353,-37.826975,15.677753,-0.140377,90.118808,-0.002053,-81.929483,0.002053,-0.990096,0.140377,89.162086,-8.069648,0.990096,-0.990096,-90.118808,8.069648,0.140377,81.929483,-89.162086,-0.140377,0.990096,0.002053,-0.002053,NA,NA,NA,NA,NA,NA,NA,NA,NA,NA,NA,NA
NA,NA,NA,NA,NA,NA,NA,NA,NA,NA,NA,NA,NA,NA,NA,NA,143,2025-10-10,16:08:50,2,1,"Shelton, Harrison",1000370205,Left,CAR_EAG,"Carruthers, Wade",1000300075,Right,CAR_EAG,Undefined,6,Top,0,0,0,Curveball,Curveball,BallCalled,Undefined,Undefined,Undefined,0,0,NA,69.39098,0.013029,1.988902,2135.210353,327.529364,05:00:00,6.27498,-2.36857,5.18583,-72.535,-12.65583,9.24827,0.24267,0.27415,64.48243,-12.977337,3.634267,0.556941,NA,NA,NA,NA,NA,NA,NA,NA,NA,NA,NA,-4.04437,-5.81335,2.17635,50,6.22065,-3.82311,-100.72669,-2.26213,-4.12519,17.45981,-38.10358,CAR_EAG,CAR_EAG,CarsonNewman,TeamExclusive,Team,20251010-CarsonNewman-Private-1,f0ba3fe0-a614-11f0-b95a-07f253d65970,67.6776,NA,NA,4.90855,NA,NA,NA,NA,NA,NA,0c368c5f-52eb-4b15-8a1f-5e10ac20fa49,2025-10-10,20:08:50,2025-10-10T20:08:50Z,2025-10-10T20:08:50Z,NA,v3,CNE,CNE,NA,"Van Ness, Jameson",1000370206,Right,CAR_EAG,1281e6cc-efc8-48af-ba19-7b4f6b5aaadc,55.321040000000004,-101.64485,8.72991,6.28692,-0.25838,-19.05179,2.37169,-3.60618,-2.0626,NA,NA,NA,NA,NA,NA,NA,NA,NA,NA,NA,NA,NA,NA,NA,NA,NA,NA,NA,NA,NA,NA,NA,NA,NA,NA,NA,NA,NA,NA,NA,NA,NA,NA,NA,NA,NA,NA,NA,NA,NA,NA,NA,NA,NA,NA,NA,NA,NA,NA,High,High,High,NA,NA,NA,NA,NA,332.180071,-34.639967,1756.723105,0.82274,05:00:00,0.542734,-0.384097,0.746933,64.693709,14.340294,27.255742,0.112124,151.721397,-0.875101,28.084418,0.875101,-0.470772,-0.112124,7.301331,6.437752,0.470772,0.470772,-151.721397,-6.437752,0.112124,-28.084418,-7.301331,-0.112124,-0.470772,0.875101,-0.875101,NA,NA,NA,NA,NA,NA,NA,NA,NA,NA,NA,NA
NA,NA,NA,NA,NA,NA,NA,NA,NA,NA,NA,NA,NA,NA,NA,NA,144,2025-10-10,16:09:19,2,2,"Shelton, Harrison",1000370205,Left,CAR_EAG,"Carruthers, Wade",1000300075,Right,CAR_EAG,Undefined,6,Top,0,1,0,Curveball,Curveball,StrikeCalled,Undefined,Undefined,Undefined,0,0,NA,69.10346,2.345111,0.868592,2144.735536,325.990236,04:45:00,6.39748,-2.12559,5.13623,-74.40465,-13.21442,10.378,2.40703,-0.44272,63.0102,-11.09829,2.709935,0.563005,NA,NA,NA,NA,NA,NA,NA,NA,NA,NA,NA,-4.83992,-6.60323,2.03585,50,6.56033,-1.89956,-100.13219,1.71579,-4.82558,18.87916,-38.7577,CAR_EAG,CAR_EAG,CarsonNewman,TeamExclusive,Team,20251010-CarsonNewman-Private-1,01a7bee0-a615-11f0-b95a-07f253d65970,66.94865,NA,NA,6.09326,NA,NA,NA,NA,NA,NA,0c368c5f-52eb-4b15-8a1f-5e10ac20fa49,2025-10-10,20:09:19,2025-10-10T20:09:19Z,2025-10-10T20:09:19Z,NA,v3,CNE,CNE,NA,"Van Ness, Jameson",1000370206,Right,CAR_EAG,2ac3eb34-d03e-4afb-a20d-18dd17180d8a,55.36834,-101.13928,9.43958,6.41365,3.7833,-19.37885,2.13032,-1.64215,-2.41279,NA,NA,NA,NA,NA,NA,NA,NA,NA,NA,NA,NA,NA,NA,NA,NA,NA,NA,NA,NA,NA,NA,NA,NA,NA,NA,NA,NA,NA,NA,NA,NA,NA,NA,NA,NA,NA,NA,NA,NA,NA,NA,NA,NA,NA,NA,NA,NA,NA,NA,High,High,High,NA,NA,NA,NA,NA,332.510642,-28.359323,1887.337293,0.879986,05:00:00,0.446095,-0.425283,0.787486,66.145901,7.637822,20.390148,0.16273,147.989306,-0.836647,31.534503,0.836647,-0.523012,-0.16273,11.00678,9.365411,0.523012,0.523012,-147.989306,-9.365411,0.16273,-31.534503,-11.00678,-0.16273,-0.523012,0.836647,-0.836647,NA,NA,NA,NA,NA,NA,NA,NA,NA,NA,NA,NA
NA,NA,NA,NA,NA,NA,NA,NA,NA,NA,NA,NA,NA,NA,NA,NA,145,2025-10-10,16:09:38,2,3,"Shelton, Harrison",1000370205,Left,CAR_EAG,"Carruthers, Wade",1000300075,Right,CAR_EAG,Undefined,6,Top,0,1,1,Fastball,Changeup,StrikeCalled,Undefined,Undefined,Undefined,0,0,NA,82.41791,-1.681967,4.474365,2034.949282,141.42157,10:45:00,6.15258,-2.42068,5.90124,-27.64962,13.35831,-9.68174,2.28173,0.93485,76.08428,-6.812228,2.743501,0.460899,NA,NA,NA,NA,NA,NA,NA,NA,NA,NA,NA,6.07331,7.65363,2.06553,50,6.00091,-8.96844,-119.43064,-4.36225,8.85116,21.05677,-21.01978,CAR_EAG,CAR_EAG,CarsonNewman,TeamExclusive,Team,20251010-CarsonNewman-Private-1,0d5a4870-a615-11f0-b95a-07f253d65970,81.78034,NA,NA,6.33363,NA,NA,NA,NA,NA,NA,0c368c5f-52eb-4b15-8a1f-5e10ac20fa49,2025-10-10,20:09:38,2025-10-10T20:09:38Z,2025-10-10T20:09:38Z,NA,v3,CNE,CNE,NA,"Van Ness, Jameson",1000370206,Right,CAR_EAG,742cf098-bcf0-4610-9790-18ce23b989c7,54.60027,-120.23898,10.52839,6.15288,-3.55534,-10.50989,2.41633,-9.30822,4.42558,NA,NA,NA,NA,NA,NA,NA,NA,NA,NA,NA,NA,NA,NA,NA,NA,NA,NA,NA,NA,NA,NA,NA,NA,NA,NA,NA,NA,NA,NA,NA,NA,NA,NA,NA,NA,NA,NA,NA,NA,NA,NA,NA,NA,NA,NA,NA,NA,NA,NA,High,High,High,NA,NA,NA,NA,NA,151.673154,-39.807153,1563.255383,0.768204,11:00:00,0.680067,0.383147,-0.625066,87.908628,-42.824931,33.935195,-0.145615,91.461131,-0.025227,-81.501458,0.025227,-0.98902,0.145615,80.171388,-8.372904,0.98902,-0.98902,-91.461131,8.372904,0.145615,81.501458,-80.171388,-0.145615,0.98902,0.025227,-0.025227,NA,NA,NA,NA,NA,NA,NA,NA,NA,NA,NA,NA
NA,NA,NA,NA,NA,NA,NA,NA,NA,NA,NA,NA,NA,NA,NA,NA,146,2025-10-10,16:10:00,2,4,"Shelton, Harrison",1000370205,Left,CAR_EAG,"Carruthers, Wade",1000300075,Right,CAR_EAG,Undefined,6,Top,0,1,2,Fastball,Changeup,BallCalled,Undefined,Undefined,Undefined,0,0,NA,81.3543,0.400098,2.200367,2078.527936,142.68567,10:45:00,6.24296,-2.42647,5.95413,-26.45344,16.0432,-11.11607,4.40985,-1.31108,73.68457,-4.598526,0.204853,0.46919,NA,NA,NA,NA,NA,NA,NA,NA,NA,NA,NA,6.32339,8.52709,2.25742,50,6.26007,-4.09579,-117.99567,0.0698,8.83589,24.31178,-20.2588,CAR_EAG,CAR_EAG,CarsonNewman,TeamExclusive,Team,20251010-CarsonNewman-Private-1,1a46d8a0-a615-11f0-b95a-07f253d65970,80.33513,NA,NA,7.66974,NA,NA,NA,NA,NA,NA,0c368c5f-52eb-4b15-8a1f-5e10ac20fa49,2025-10-10,20:10:00,2025-10-10T20:10:00Z,2025-10-10T20:10:00Z,NA,v3,CNE,CNE,NA,"Van Ness, Jameson",1000370206,Right,CAR_EAG,657fe6b1-7510-401e-841c-1844c666be82,54.54433,-118.92829,12.15589,6.24249,0.84695,-10.1294,2.42104,-4.43475,4.41794,NA,NA,NA,NA,NA,NA,NA,NA,NA,NA,NA,NA,NA,NA,NA,NA,NA,NA,NA,NA,NA,NA,NA,NA,NA,NA,NA,NA,NA,NA,NA,NA,NA,NA,NA,NA,NA,NA,NA,NA,NA,NA,NA,NA,NA,NA,NA,NA,NA,NA,High,High,High,NA,NA,NA,NA,NA,148.865688,-39.870786,1595.253804,0.767492,11:00:00,0.668562,0.392343,-0.631738,-68.834543,45.603007,34.306371,-0.121699,90.532538,-0.009225,-82.989658,0.009225,-0.992524,0.121699,85.665028,-6.990187,0.992524,-0.992524,-90.532538,6.990187,0.121699,82.989658,-85.665028,-0.121699,0.992524,0.009225,-0.009225,NA,NA,NA,NA,NA,NA,NA,NA,NA,NA,NA,NA
NA,NA,NA,NA,NA,NA,NA,NA,NA,NA,NA,NA,NA,NA,NA,NA,147,2025-10-10,16:10:20,2,5,"Shelton, Harrison",1000370205,Left,CAR_EAG,"Carruthers, Wade",1000300075,Right,CAR_EAG,Undefined,6,Top,0,2,2,Curveball,Curveball,StrikeSwinging,Strikeout,Undefined,Undefined,0,0,NA,69.62657,0.734264,0.730085,2276.355394,325.997246,04:45:00,6.35904,-2.2538,5.21657,-69.92146,-10.58465,8.41138,1.22279,-0.8663,64.41494,-11.854265,2.22702,0.554413,NA,NA,NA,NA,NA,NA,NA,NA,NA,NA,NA,-3.97882,-4.90158,2.17983,50,6.37429,-1.58986,-101.09761,-0.91858,-4.09174,17.45966,-37.21474,CAR_EAG,CAR_EAG,CarsonNewman,TeamExclusive,Team,20251010-CarsonNewman-Private-1,26213580-a615-11f0-b95a-07f253d65970,67.9862,NA,NA,5.21163,NA,NA,NA,NA,NA,NA,0c368c5f-52eb-4b15-8a1f-5e10ac20fa49,2025-10-10,20:10:20,2025-10-10T20:10:20Z,2025-10-10T20:10:20Z,NA,v3,CNE,CNE,NA,"Van Ness, Jameson",1000370206,Right,CAR_EAG,05f35993-aae2-47a4-8efa-25550a48580a,55.28899,-102.00693,8.72983,6.37166,1.01962,-18.60737,2.25708,-1.37675,-2.04587,NA,NA,NA,NA,NA,NA,NA,NA,NA,NA,NA,NA,NA,NA,NA,NA,NA,NA,NA,NA,NA,NA,NA,NA,NA,NA,NA,NA,NA,NA,NA,NA,NA,NA,NA,NA,NA,NA,NA,NA,NA,NA,NA,NA,NA,NA,NA,NA,NA,NA,High,High,High,NA,NA,NA,NA,NA,331.185193,-40.373838,1734.205314,0.761834,05:00:00,0.634456,-0.37546,0.675645,76.147047,7.131131,27.720545,0.300078,144.984716,-0.781255,33.185493,0.781255,-0.547351,-0.300078,21.011671,17.462308,0.547351,0.547351,-144.984716,-17.462308,0.300078,-33.185493,-21.011671,-0.300078,-0.547351,0.781255,-0.781255,NA,NA,NA,NA,NA,NA,NA,NA,NA,NA,NA,NA
NA,NA,NA,NA,NA,NA,NA,NA,NA,NA,NA,NA,NA,NA,NA,NA,148,2025-10-10,16:11:50,3,1,"Shelton, Harrison",1000370205,Left,CAR_EAG,"Alexander, Trace",10000832,Right,CAR_EAG,Undefined,6,Top,1,0,0,Fastball,Changeup,BallCalled,Undefined,Undefined,Undefined,0,0,NA,83.10674,-0.285092,2.04814,2047.975165,153.342182,11:00:00,6.27106,-2.36401,5.80351,-25.42899,16.0319,-7.25181,3.88665,-1.06259,74.42693,-5.105061,0.749751,0.463437,NA,NA,NA,NA,NA,NA,NA,NA,NA,NA,NA,4.34248,8.70623,2.19984,50,6.23279,-3.99932,-120.33789,-1.34728,6.23366,27.93589,-19.67625,CAR_EAG,CAR_EAG,CarsonNewman,TeamExclusive,Team,20251010-CarsonNewman-Private-1,5bbd1dd0-a615-11f0-b95a-07f253d65970,81.33238,NA,NA,8.67981,NA,NA,NA,NA,NA,NA,0c368c5f-52eb-4b15-8a1f-5e10ac20fa49,2025-10-10,20:11:50,2025-10-10T20:11:50Z,2025-10-10T20:11:50Z,NA,v3,CNE,CNE,NA,"Van Ness, Jameson",1000370206,Right,CAR_EAG,5b7837c1-6f69-431e-97c6-0b8adbf78239,54.69173,-121.42217,13.96795,6.27026,-0.58358,-9.83812,2.35976,-4.24127,3.11683,NA,NA,NA,NA,NA,NA,NA,NA,NA,NA,NA,NA,NA,NA,NA,NA,NA,NA,NA,NA,NA,NA,NA,NA,NA,NA,NA,NA,NA,NA,NA,NA,NA,NA,NA,NA,NA,NA,NA,NA,NA,NA,NA,NA,NA,NA,NA,NA,NA,NA,High,High,High,NA,NA,NA,NA,NA,151.274224,-40.828365,1549.644393,0.756671,11:00:00,0.675276,0.366919,-0.639823,-70.500315,47.682433,32.941484,-0.147691,90.598973,-0.010339,-81.485912,0.010339,-0.988979,0.147691,85.995506,-8.493148,0.988979,-0.988979,-90.598973,8.493148,0.147691,81.485912,-85.995506,-0.147691,0.988979,0.010339,-0.010339,NA,NA,NA,NA,NA,NA,NA,NA,NA,NA,NA,NA
NA,NA,NA,NA,NA,NA,NA,NA,NA,NA,NA,NA,NA,NA,NA,NA,149,2025-10-10,16:12:10,3,2,"Shelton, Harrison",1000370205,Left,CAR_EAG,"Alexander, Trace",10000832,Right,CAR_EAG,Undefined,6,Top,1,1,0,Curveball,Curveball,BallCalled,Undefined,Undefined,Undefined,0,0,NA,69.39925,1.634425,-0.182101,2125.672043,313.590801,04:30:00,6.31898,-2.42685,5.30507,-71.01449,-11.26792,13.90265,1.9358900000000001,-1.43925,63.82964,-11.209613,2.294451,0.556324,NA,NA,NA,NA,NA,NA,NA,NA,NA,NA,NA,-6.9917,-5.4926,2.43303,50,6.41597,-0.17716,-100.73252,0.65008,-7.1119,17.8941,-37.76111,CAR_EAG,CAR_EAG,CarsonNewman,TeamExclusive,Team,20251010-CarsonNewman-Private-1,67e2db90-a615-11f0-b95a-07f253d65970,67.75267,NA,NA,5.56961,NA,NA,NA,NA,NA,NA,0c368c5f-52eb-4b15-8a1f-5e10ac20fa49,2025-10-10,20:12:10,2025-10-10T20:12:10Z,2025-10-10T20:12:10Z,NA,v3,CNE,CNE,NA,"Van Ness, Jameson",1000370206,Right,CAR_EAG,26281efd-1e56-42a1-bd6e-720260ca1a46,55.20064,-101.65216,8.94705,6.33269,2.59076,-18.88056,2.43274,0.18834,-3.55595,NA,NA,NA,NA,NA,NA,NA,NA,NA,NA,NA,NA,NA,NA,NA,NA,NA,NA,NA,NA,NA,NA,NA,NA,NA,NA,NA,NA,NA,NA,NA,NA,NA,NA,NA,NA,NA,NA,NA,NA,NA,NA,NA,NA,NA,NA,NA,NA,NA,NA,High,High,High,NA,NA,NA,NA,NA,328.951621,-31.977079,1803.122621,0.84826,05:00:00,0.519193,-0.452427,0.725085,73.594129,3.121398,27.598846,0.210401,147.396117,-0.823558,31.787224,0.823558,-0.526766,-0.210401,14.33128,12.145872,0.526766,0.526766,-147.396117,-12.145872,0.210401,-31.787224,-14.33128,-0.210401,-0.526766,0.823558,-0.823558,NA,NA,NA,NA,NA,NA,NA,NA,NA,NA,NA,NA
NA,NA,NA,NA,NA,NA,NA,NA,NA,NA,NA,NA,NA,NA,NA,NA,150,2025-10-10,16:12:31,3,3,"Shelton, Harrison",1000370205,Left,CAR_EAG,"Alexander, Trace",10000832,Right,CAR_EAG,Undefined,6,Top,1,2,0,Fastball,Changeup,BallCalled,Undefined,Undefined,Undefined,0,0,NA,81.44791,-1.681667,1.524349,1975.529354,142.579285,10:45:00,6.2596,-2.2334,6.07461,-27.36954,14.64961,-10.13867,2.42169,-1.66741,74.37835,-6.817606,-0.302457,0.466547,NA,NA,NA,NA,NA,NA,NA,NA,NA,NA,NA,5.62394,8.46311,2.12042,50,6.11483,-2.75373,-118.20649,-4.25708,7.92295,23.43895,-20.2513,CAR_EAG,CAR_EAG,CarsonNewman,TeamExclusive,Team,20251010-CarsonNewman-Private-1,73dd6aa0-a615-11f0-b95a-07f253d65970,80.79029,NA,NA,7.06956,NA,NA,NA,NA,NA,NA,0c368c5f-52eb-4b15-8a1f-5e10ac20fa49,2025-10-10,20:12:31,2025-10-10T20:12:31Z,2025-10-10T20:12:31Z,NA,v3,CNE,CNE,NA,"Van Ness, Jameson",1000370206,Right,CAR_EAG,953d3f8d-f9a6-4222-8def-62ce356466d5,54.42438,-119.08056,11.71948,6.2595,-3.50188,-10.12565,2.22862,-3.04919,3.96148,NA,NA,NA,NA,NA,NA,NA,NA,NA,NA,NA,NA,NA,NA,NA,NA,NA,NA,NA,NA,NA,NA,NA,NA,NA,NA,NA,NA,NA,NA,NA,NA,NA,NA,NA,NA,NA,NA,NA,NA,NA,NA,NA,NA,NA,NA,NA,NA,NA,NA,High,High,High,NA,NA,NA,NA,NA,153.925461,-39.31139,1528.49528,0.773714,11:15:00,0.641549,0.358524,-0.678142,112.12353,-34.190403,2.663466,-0.162803,92.68711,-0.046256,-80.255957,0.046256,-0.985574,0.162803,74.138902,-9.369648,0.985574,-0.985574,-92.68711,9.369648,0.162803,80.255957,-74.138902,-0.162803,0.985574,0.046256,-0.046256,NA,NA,NA,NA,NA,NA,NA,NA,NA,NA,NA,NA
NA,NA,NA,NA,NA,NA,NA,NA,NA,NA,NA,NA,NA,NA,NA,NA,151,2025-10-10,16:14:33,3,4,"Shelton, Harrison",1000370205,Left,CAR_EAG,"Alexander, Trace",10000832,Right,CAR_EAG,Undefined,6,Top,1,3,0,Curveball,Curveball,InPlay,Undefined,GroundBall,Out,2,0,NA,72.44033,-0.535721,-0.81562,2524.893696,88.311064,09:00:00,5.65337,2.98753,5.9684,-51.54944,1.09335,-13.53705,0.8608,1.10315,67.55397,-9.961207,-3.254246,0.522205,NA,NA,NA,NA,NA,NA,NA,NA,NA,NA,NA,6.80744,1.10921,-2.91513,50,5.58178,1.94267,-105.38912,-2.45181,7.7048,16.84656,-30.91862,CAR_EAG,CAR_EAG,CarsonNewman,TeamExclusive,Team,20251010-CarsonNewman-Private-1,bd109530-a615-11f0-b95a-07f253d65970,72.17943,NA,NA,4.88636,NA,NA,NA,NA,NA,NA,0c368c5f-52eb-4b15-8a1f-5e10ac20fa49,2025-10-10,20:14:33,2025-10-10T20:14:33Z,2025-10-10T20:14:33Z,NA,v3,CNE,CNE,NA,"Van Ness, Jameson",1000370206,Right,CAR_EAG,b2d70b16-eeba-4127-b37d-44d86c7ea854,54.5367,-106.11184,8.42328,5.65851,-1.1254,-15.45931,-2.99138,1.61213,3.8524,NA,NA,NA,NA,NA,NA,NA,NA,NA,NA,NA,NA,NA,NA,NA,NA,NA,NA,NA,NA,NA,NA,NA,NA,NA,NA,NA,NA,NA,NA,NA,NA,NA,NA,NA,NA,NA,NA,NA,NA,NA,NA,NA,NA,NA,NA,NA,NA,NA,NA,High,High,High,NA,NA,NA,NA,NA,79.515214,61.563241,1202.325235,0.476188,08:45:00,-0.88236,0.459995,0.099224,-5.157154,-18.086737,71.179419,0.174093,97.918056000000007,-0.135653,77.249644,0.135653,-0.975341,-0.174093,52.074282,10.025865,0.975341,0.975341,-97.918056000000007,-10.025865,0.174093,-77.249644,-52.074282,-0.174093,-0.975341,0.135653,-0.135653,NA,NA,NA,NA,NA,NA,NA,NA,NA,NA,NA,NA
NA,NA,NA,NA,NA,NA,NA,NA,NA,NA,NA,NA,NA,NA,NA,NA,152,2025-10-10,16:16:59,4,1,"Shelton, Harrison",1000370205,Left,CAR_EAG,"Smith, Braxton",1000370200,Right,CAR_EAG,Undefined,6,Top,2,0,0,Fastball,Slider,InPlay,Undefined,FlyBall,Out,1,0,NA,84.76603,-1.178526,-2.105675,2057.084772,193.277041,12:30:00,5.60852,2.58704,7.10252,-25.02344,11.77213,2.52945,2.45296,0.88627,78.36974,-5.934611,-1.641386,0.436586,80.25755,25.088534,-5.212334,2535.717342,109.86072,40.95208,-5.53038,277.58165,274.94678,2.11241,3.72071,-1.90343,6.95272,-2.46246,50,5.5302,4.45529,-123.39382,-3.15172,-2.95778,22.74383,-21.37005,CAR_EAG,CAR_EAG,CarsonNewman,TeamExclusive,Team,20251010-CarsonNewman-Private-1,13cbf3b0-a616-11f0-b95a-07f253d65970,86.33461,45.60001,NA,6.39629,NA,NA,NA,1.74335,2.55411,-0.88082,0c368c5f-52eb-4b15-8a1f-5e10ac20fa49,2025-10-10,20:16:59,2025-10-10T20:16:59Z,2025-10-10T20:16:59Z,LineDrive,v3,CNE,CNE,NA,"Van Ness, Jameson",1000370206,Right,CAR_EAG,e24018b5-9fe9-4b5a-a4d9-1376e49132d5,53.40085,-124.01908,11.37191,5.60877,-2.56423,-10.68503,-2.58606,4.5366,-1.47889,209.898872,1.74286,106.17866,-15.97229,3.64663,-0.89815,0.24984,-0.05984,0.00871,-5.3e-4,2.55466,49.89609,-15.47315,0.59336,0.07417,-0.08256,0.02566,-0.00335,1.4e-4,-0.8806,-9.69133,6.09018,-1.31804,0.32962,-0.10049,0.0263,-0.00403,2.5e-4,NA,NA,NA,NA,NA,NA,NA,NA,NA,NA,NA,NA,NA,NA,NA,NA,NA,NA,NA,NA,NA,NA,High,High,High,High,High,NA,NA,NA,208.659415,31.134649,1760.771094,0.855955,01:00:00,-0.535752,-0.421065,-0.731897,-62.651015,-47.473852,-59.336661,-0.187191,150.806944,-0.85755,-28.628732,0.85755,-0.479132,0.187191,12.31372,-10.788914,0.479132,-0.479132,-150.806944,10.788914,0.187191,28.628732,-12.31372,-0.187191,0.479132,0.85755,-0.85755,NA,NA,NA,NA,NA,NA,NA,NA,NA,NA,NA,NA
NA,NA,NA,NA,NA,NA,NA,NA,NA,NA,NA,NA,NA,NA,NA,NA,153,2025-10-10,16:18:32,1,1,"Butler, Cameron",10110399,Left,CAR_EAG,"Hornbuckle, Kylan",1000106804,Right,CAR_EAG,Undefined,6,Bottom,0,0,0,Fastball,Four-Seam,StrikeCalled,Undefined,Undefined,Undefined,0,0,NA,85.38648,-1.812424,-3.707197,2075.120353,187.252606,12:15:00,5.56431,2.66101,7.13334,-21.61852,15.01095,1.76484,2.11514,-0.55855,78.31515,-5.956041,-3.383951,0.435599,NA,NA,NA,NA,NA,NA,NA,NA,NA,NA,NA,-1.97339,8.91512,-2.44264,50,5.45011,7.97295,-123.97619,-4.42557,-3.07171,24.7556,-18.29696,CAR_EAG,CAR_EAG,CarsonNewman,TeamExclusive,Team,20251010-CarsonNewman-Private-1,4b4ec470-a616-11f0-b95a-07f253d65970,86.53015,NA,NA,7.07133,NA,NA,NA,NA,NA,NA,0c368c5f-52eb-4b15-8a1f-5e10ac20fa49,2025-10-10,20:18:32,2025-10-10T20:18:32Z,2025-10-10T20:18:32Z,NA,v3,CNE,CNE,NA,"Rogers, Jacob",1000215913,Right,CAR_EAG,d2d324be-4b23-418b-aa77-a8f08795bc8f,53.36727,-124.64675,12.3778,5.56328,-3.92995,-9.14848,-2.65973,8.05615,-1.53586,NA,NA,NA,NA,NA,NA,NA,NA,NA,NA,NA,NA,NA,NA,NA,NA,NA,NA,NA,NA,NA,NA,NA,NA,NA,NA,NA,NA,NA,NA,NA,NA,NA,NA,NA,NA,NA,NA,NA,NA,NA,NA,NA,NA,NA,NA,NA,NA,NA,NA,High,High,High,NA,NA,NA,NA,NA,212.573576,25.362061,1875.118423,0.903619,01:00:00,-0.461108,-0.499796,-0.733201,-54.906554,-45.794145,-61.224364,-0.174584,157.615396,-0.910448,-22.022667,0.910448,-0.374973,0.174584,10.85505,-10.05445,0.374973,-0.374973,-157.615396,10.05445,0.174584,22.022667,-10.85505,-0.174584,0.374973,0.910448,-0.910448,NA,NA,NA,NA,NA,NA,NA,NA,NA,NA,NA,NA
NA,NA,NA,NA,NA,NA,NA,NA,NA,NA,NA,NA,NA,NA,NA,NA,154,2025-10-10,16:18:50,1,2,"Butler, Cameron",10110399,Left,CAR_EAG,"Hornbuckle, Kylan",1000106804,Right,CAR_EAG,Undefined,6,Bottom,0,0,1,Slider,Curveball,HitByPitch,Undefined,Undefined,Undefined,0,0,NA,73.25402,2.027932,0.524529,2645.086793,86.362105,09:00:00,5.35409,2.81195,6.30779,-50.97916,0.61882,-17.01721,2.97498,1.8771,66.83806,-7.460876,-2.555102,0.516997,NA,NA,NA,NA,NA,NA,NA,NA,NA,NA,NA,9.08776,0.12661,-2.8422,50,5.47837,-0.42685,-106.4333,2.39035,10.32465,19.89955,-32.0302,CAR_EAG,CAR_EAG,CarsonNewman,TeamExclusive,Team,20251010-CarsonNewman-Private-1,5639b840-a616-11f0-b95a-07f253d65970,72.90654,NA,NA,6.41596,NA,NA,NA,NA,NA,NA,0c368c5f-52eb-4b15-8a1f-5e10ac20fa49,2025-10-10,20:18:50,2025-10-10T20:18:50Z,2025-10-10T20:18:50Z,NA,v3,CNE,CNE,NA,"Rogers, Jacob",1000215913,Right,CAR_EAG,25e0fbf1-3e9e-4fdc-99e1-348e738a0d77,54.19627,-107.21499,9.94978,5.35976,3.64856,-16.0151,-2.81747,-0.83243,5.16233,NA,NA,NA,NA,NA,NA,NA,NA,NA,NA,NA,NA,NA,NA,NA,NA,NA,NA,NA,NA,NA,NA,NA,NA,NA,NA,NA,NA,NA,NA,NA,NA,NA,NA,NA,NA,NA,NA,NA,NA,NA,NA,NA,NA,NA,NA,NA,NA,NA,NA,High,High,High,NA,NA,NA,NA,NA,72.727416,54.654025,1530.215286,0.578512,08:30:00,-0.797154,0.580941,0.16448,7.302437,-5.228695,60.541468,0.128238,91.574554,-0.027251,82.466737,0.027251,-0.991369,-0.128238,78.003021,7.367802,0.991369,0.991369,-91.574554,-7.367802,0.128238,-82.466737,-78.003021,-0.128238,-0.991369,0.027251,-0.027251,NA,NA,NA,NA,NA,NA,NA,NA,NA,NA,NA,NA
NA,NA,NA,NA,NA,NA,NA,NA,NA,NA,NA,NA,NA,NA,NA,NA,155,2025-10-10,16:19:24,2,1,"Butler, Cameron",10110399,Left,CAR_EAG,"Bolton, Ryan",1000215919,Right,CAR_EAG,Undefined,6,Bottom,0,0,0,Slider,Curveball,StrikeCalled,Undefined,Undefined,Undefined,0,0,NA,73.71763,1.33529,-1.360266,2482.640359,97.982759,09:15:00,5.44833,2.75955,6.1182,-47.3614,3.59099,-14.53879,2.73671,0.29007,67.84478,-7.430041,-3.979538,0.513752,NA,NA,NA,NA,NA,NA,NA,NA,NA,NA,NA,7.10304,1.98547,-2.64801,50,5.52626,3.03932,-107.11877,1.16107,8.24722,18.62509,-29.86876,CAR_EAG,CAR_EAG,CarsonNewman,TeamExclusive,Team,20251010-CarsonNewman-Private-1,6a2c39e0-a616-11f0-b95a-07f253d65970,73.36694,NA,NA,5.87284,NA,NA,NA,NA,NA,NA,0c368c5f-52eb-4b15-8a1f-5e10ac20fa49,2025-10-10,20:19:24,2025-10-10T20:19:24Z,2025-10-10T20:19:24Z,NA,v3,CNE,CNE,NA,"Rogers, Jacob",1000215913,Right,CAR_EAG,0d1ebf53-ccef-4a41-81fa-582bb96afe8b,54.38413,-107.87836,9.31255,5.45407,2.37922,-14.93438,-2.76511,2.70298,4.12361,NA,NA,NA,NA,NA,NA,NA,NA,NA,NA,NA,NA,NA,NA,NA,NA,NA,NA,NA,NA,NA,NA,NA,NA,NA,NA,NA,NA,NA,NA,NA,NA,NA,NA,NA,NA,NA,NA,NA,NA,NA,NA,NA,NA,NA,NA,NA,NA,NA,NA,High,High,High,NA,NA,NA,NA,NA,81.26216,59.216069,1270.620148,0.511802,08:45:00,-0.844998,0.525744,0.097837,-3.680675,-26.91843,64.946684,0.14949,95.640713,-0.097186,79.728998,0.097186,-0.983975,-0.14949,56.971585,8.597392,0.983975,0.983975,-95.640713,-8.597392,0.14949,-79.728998,-56.971585,-0.14949,-0.983975,0.097186,-0.097186,NA,NA,NA,NA,NA,NA,NA,NA,NA,NA,NA,NA
NA,NA,NA,NA,NA,NA,NA,NA,NA,NA,NA,NA,NA,NA,NA,NA,156,2025-10-10,16:19:46,2,2,"Butler, Cameron",10110399,Left,CAR_EAG,"Bolton, Ryan",1000215919,Right,CAR_EAG,Undefined,6,Bottom,0,0,1,Fastball,Cutter,StrikeCalled,Undefined,Undefined,Undefined,0,0,NA,85.65615,-2.172094,-2.867376,2165.265128,195.808248,12:30:00,5.67171,2.34033,6.85145,-21.51104,15.1128,3.96351,1.8952,0.054,78.83853,-6.267454,-2.144078,0.435565,NA,NA,NA,NA,NA,NA,NA,NA,NA,NA,NA,-2.86225,8.95359,-2.15829,50,5.52458,6.09265,-124.4366,-5.259,-4.50659,23.99462,-18.07658,CAR_EAG,CAR_EAG,CarsonNewman,TeamExclusive,Team,20251010-CarsonNewman-Private-1,77470600-a616-11f0-b95a-07f253d65970,86.53681,NA,NA,6.81762,NA,NA,NA,NA,NA,NA,0c368c5f-52eb-4b15-8a1f-5e10ac20fa49,2025-10-10,20:19:46,2025-10-10T20:19:46Z,2025-10-10T20:19:46Z,NA,v3,CNE,CNE,NA,"Rogers, Jacob",1000215913,Right,CAR_EAG,231703cd-3417-442e-bbb8-40abf8a8b74e,53.64984,-125.13841,11.99731,5.67066,-4.73029,-9.03829,-2.33842,6.22447,-2.25329,NA,NA,NA,NA,NA,NA,NA,NA,NA,NA,NA,NA,NA,NA,NA,NA,NA,NA,NA,NA,NA,NA,NA,NA,NA,NA,NA,NA,NA,NA,NA,NA,NA,NA,NA,NA,NA,NA,NA,NA,NA,NA,NA,NA,NA,NA,NA,NA,NA,NA,High,High,High,NA,NA,NA,NA,NA,209.035964,26.116088,1944.200245,0.897904,01:00:00,-0.462099,-0.452176,-0.76289,-55.716422,-32.77242,-50.123045,-0.189875,157.858887,-0.909408,-21.717637,0.909408,-0.370033,0.189875,11.793338,-10.945485,0.370033,-0.370033,-157.858887,10.945485,0.189875,21.717637,-11.793338,-0.189875,0.370033,0.909408,-0.909408,NA,NA,NA,NA,NA,NA,NA,NA,NA,NA,NA,NA
NA,NA,NA,NA,NA,NA,NA,NA,NA,NA,NA,NA,NA,NA,NA,NA,157,2025-10-10,16:20:05,2,3,"Butler, Cameron",10110399,Left,CAR_EAG,"Bolton, Ryan",1000215919,Right,CAR_EAG,Undefined,6,Bottom,0,0,2,Fastball,Slider,BallCalled,Undefined,Undefined,Undefined,0,0,NA,85.51381,-0.455122,-5.83475,2073.81547,174.150656,11:45:00,5.64114,2.23268,7.03027,-24.69895,12.07879,-1.12441,3.16718,-3.18126,78.58337,-5.141096,-6.038889,0.43648,NA,NA,NA,NA,NA,NA,NA,NA,NA,NA,NA,-0.97669,6.93634,-1.87691,50,5.60509,12.69212,-123.80695,-1.60186,-1.52132,23.90102,-21.36989,CAR_EAG,CAR_EAG,CarsonNewman,TeamExclusive,Team,20251010-CarsonNewman-Private-1,82810430-a616-11f0-b95a-07f253d65970,86.35556,NA,NA,6.93044,NA,NA,NA,NA,NA,NA,0c368c5f-52eb-4b15-8a1f-5e10ac20fa49,2025-10-10,20:20:05,2025-10-10T20:20:05Z,2025-10-10T20:20:05Z,NA,v3,CNE,CNE,NA,"Rogers, Jacob",1000215913,Right,CAR_EAG,2a33fd88-6916-4a93-a0e5-fa7b9c4ed299,53.46839,-124.47472,11.95051,5.6415,-1.00481,-10.68494,-2.23211,12.73463,-0.76066,NA,NA,NA,NA,NA,NA,NA,NA,NA,NA,NA,NA,NA,NA,NA,NA,NA,NA,NA,NA,NA,NA,NA,NA,NA,NA,NA,NA,NA,NA,NA,NA,NA,NA,NA,NA,NA,NA,NA,NA,NA,NA,NA,NA,NA,NA,NA,NA,NA,NA,High,High,High,NA,NA,NA,NA,NA,202.076239,37.794519,1638.757281,0.790214,12:45:00,-0.681734,-0.301852,-0.666427,-74.576659,-24.340432,-49.039976,-0.308567,150.115738,-0.824725,-28.290118,0.824725,-0.473936,0.308567,20.513094,-17.972879,0.473936,-0.473936,-150.115738,17.972879,0.308567,28.290118,-20.513094,-0.308567,0.473936,0.824725,-0.824725,NA,NA,NA,NA,NA,NA,NA,NA,NA,NA,NA,NA
NA,NA,NA,NA,NA,NA,NA,NA,NA,NA,NA,NA,NA,NA,NA,NA,158,2025-10-10,16:20:32,2,4,"Butler, Cameron",10110399,Left,CAR_EAG,"Bolton, Ryan",1000215919,Right,CAR_EAG,Undefined,6,Bottom,0,1,2,Slider,Curveball,BallCalled,Undefined,Undefined,Undefined,0,0,NA,75.06514,-0.746795,-2.033846,2538.086926,109.777823,09:45:00,5.37962,2.85968,6.25984,-42.16943,6.9717,-14.99993,1.1764,-0.26654,69.00106,-8.564694,-4.743619,0.504538,NA,NA,NA,NA,NA,NA,NA,NA,NA,NA,NA,7.1776,4.34063,-2.70182,50,5.30381,4.37961,-109.02136,-2.58204,8.58483,20.2804,-26.98241,CAR_EAG,CAR_EAG,CarsonNewman,TeamExclusive,Team,20251010-CarsonNewman-Private-1,92bd0d80-a616-11f0-b95a-07f253d65970,74.70683,NA,NA,6.06407,NA,NA,NA,NA,NA,NA,0c368c5f-52eb-4b15-8a1f-5e10ac20fa49,2025-10-10,20:20:32,2025-10-10T20:20:32Z,2025-10-10T20:20:32Z,NA,v3,CNE,CNE,NA,"Rogers, Jacob",1000215913,Right,CAR_EAG,1cb664bd-3df9-4e01-82d8-965ee90c5aa2,54.24161,-109.80755,10.1402,5.38363,-1.53603,-13.4912,-2.86515,4.0468,4.29241,NA,NA,NA,NA,NA,NA,NA,NA,NA,NA,NA,NA,NA,NA,NA,NA,NA,NA,NA,NA,NA,NA,NA,NA,NA,NA,NA,NA,NA,NA,NA,NA,NA,NA,NA,NA,NA,NA,NA,NA,NA,NA,NA,NA,NA,NA,NA,NA,NA,NA,High,High,High,NA,NA,NA,NA,NA,85.124855,61.94863,1193.568395,0.470263,08:45:00,-0.88658,0.457019,0.071475,3.807085,-17.983209,61.756831,0.005733,90.368347,-0.006429,89.506481,0.006429,-0.999963,-0.005733,41.723958,0.328456,0.999963,0.999963,-90.368347,-0.328456,0.005733,-89.506481,-41.723958,-0.005733,-0.999963,0.006429,-0.006429,NA,NA,NA,NA,NA,NA,NA,NA,NA,NA,NA,NA
NA,NA,NA,NA,NA,NA,NA,NA,NA,NA,NA,NA,NA,NA,NA,NA,159,2025-10-10,16:20:50,2,5,"Butler, Cameron",10110399,Left,CAR_EAG,"Bolton, Ryan",1000215919,Right,CAR_EAG,Undefined,6,Bottom,0,2,2,Fastball,Cutter,FoulBallNotFieldable,Undefined,Undefined,Undefined,0,0,NA,85.67016,0.404921,-3.421949,2060.115266,186.254794,12:15:00,5.57966,2.47584,7.15246,-22.31954,13.87265,1.4024,4.08743,-0.5131,78.61359,-3.878491,-3.165039,0.432991,NA,NA,NA,NA,NA,NA,NA,NA,NA,NA,NA,-1.66614,7.6765,-2.27539,50,5.59617,7.39776,-124.51757,0.36356,-2.62508,24.17684,-20.07938,CAR_EAG,CAR_EAG,CarsonNewman,TeamExclusive,Team,20251010-CarsonNewman-Private-1,9dcbb5f0-a616-11f0-b95a-07f253d65970,87.05133,NA,NA,7.05658,NA,NA,NA,NA,NA,NA,0c368c5f-52eb-4b15-8a1f-5e10ac20fa49,2025-10-10,20:20:50,2025-10-10T20:20:50Z,2025-10-10T20:20:50Z,NA,v3,CNE,CNE,NA,"Rogers, Jacob",1000215913,Right,CAR_EAG,06f47fd7-9c86-4970-8ab6-2bfaf193e9bf,53.34828,-125.16599,12.08842,5.5792,0.9021,-10.03969,-2.47474,7.46816,-1.31254,NA,NA,NA,NA,NA,NA,NA,NA,NA,NA,NA,NA,NA,NA,NA,NA,NA,NA,NA,NA,NA,NA,NA,NA,NA,NA,NA,NA,NA,NA,NA,NA,NA,NA,NA,NA,NA,NA,NA,NA,NA,NA,NA,NA,NA,NA,NA,NA,NA,NA,High,High,High,NA,NA,NA,NA,NA,209.274761,30.336352,1778.034538,0.863075,01:00:00,-0.552076,-0.418462,-0.721181,-66.102936,-39.97514,-49.608086,-0.201974,149.748828,-0.846022,-29.564886,0.846022,-0.493409,0.201974,13.427134,-11.652442,0.493409,-0.493409,-149.748828,11.652442,0.201974,29.564886,-13.427134,-0.201974,0.493409,0.846022,-0.846022,NA,NA,NA,NA,NA,NA,NA,NA,NA,NA,NA,NA
NA,NA,NA,NA,NA,NA,NA,NA,NA,NA,NA,NA,NA,NA,NA,NA,160,2025-10-10,16:21:15,2,6,"Butler, Cameron",10110399,Left,CAR_EAG,"Bolton, Ryan",1000215919,Right,CAR_EAG,Undefined,6,Bottom,0,2,2,Fastball,Slider,BallCalled,Undefined,Undefined,Undefined,0,0,NA,85.85125,-1.751699,-4.0433770000000004,2045.94417,185.508714,12:15:00,5.58667,2.25037,7.44028,-23.86147,11.60666,1.02421,2.01461,-1.31548,79.59767,-6.299692,-3.854772,0.428638,NA,NA,NA,NA,NA,NA,NA,NA,NA,NA,NA,-1.5578,7.07209,-2.03357,50,5.48623,8.78759,-124.7737,-4.3653,-2.48194,22.60422,-20.90649,CAR_EAG,CAR_EAG,CarsonNewman,TeamExclusive,Team,20251010-CarsonNewman-Private-1,acaff770-a616-11f0-b95a-07f253d65970,87.93543,NA,NA,6.25358,NA,NA,NA,NA,NA,NA,0c368c5f-52eb-4b15-8a1f-5e10ac20fa49,2025-10-10,20:21:15,2025-10-10T20:21:15Z,2025-10-10T20:21:15Z,NA,v3,CNE,CNE,NA,"Rogers, Jacob",1000215913,Right,CAR_EAG,e049a6c3-21a5-4a5f-996a-14bcc63b04c6,53.06194,-125.32718,11.30211,5.58685,-3.8534,-10.45324,-2.24948,8.84836,-1.24097,NA,NA,NA,NA,NA,NA,NA,NA,NA,NA,NA,NA,NA,NA,NA,NA,NA,NA,NA,NA,NA,NA,NA,NA,NA,NA,NA,NA,NA,NA,NA,NA,NA,NA,NA,NA,NA,NA,NA,NA,NA,NA,NA,NA,NA,NA,NA,NA,NA,NA,High,High,High,NA,NA,NA,NA,NA,207.301725,30.449343,1763.76254,0.862078,01:00:00,-0.547237,-0.410721,-0.729274,104.604373,26.013024,-43.771505,-0.219918,148.40691,-0.830937,-30.734302,0.830937,-0.511058,0.219918,14.8242,-12.704245,0.511058,-0.511058,-148.40691,12.704245,0.219918,30.734302,-14.8242,-0.219918,0.511058,0.830937,-0.830937,NA,NA,NA,NA,NA,NA,NA,NA,NA,NA,NA,NA
NA,NA,NA,NA,NA,NA,NA,NA,NA,NA,NA,NA,NA,NA,NA,NA,161,2025-10-10,16:21:39,2,7,"Butler, Cameron",10110399,Left,CAR_EAG,"Bolton, Ryan",1000215919,Right,CAR_EAG,Undefined,6,Bottom,0,3,2,Fastball,Slider,InPlay,Undefined,Popup,Out,1,0,NA,85.76472,-0.283228,-3.786426,2054.391254,176.68599,12:00:00,5.47365,2.53672,6.96748,-25.2186,11.0719,-0.58067,3.11387,-0.96144,79.08301,-5.064027,-3.892381,0.433578,60.01776,41.660075,15.961883,NA,102.99548,55.73059,38.62544,188.93169,186.72029,23.259334,3.924103,-0.67571,6.31126,-2.30211,50,5.44726,8.26847,-124.6418,-1.26314,-1.06948,23.6161,-22.18476,CAR_EAG,CAR_EAG,CarsonNewman,TeamExclusive,Team,20251010-CarsonNewman-Private-1,bad0e8f0-a616-11f0-b95a-07f253d65970,86.93339,56.16334,NA,6.6817,NA,NA,NA,1.57647,3.29519,0.99098,0c368c5f-52eb-4b15-8a1f-5e10ac20fa49,2025-10-10,20:21:39,2025-10-10T20:21:39Z,2025-10-10T20:21:39Z,Popup,v3,CNE,CNE,NA,"Rogers, Jacob",1000215913,Right,CAR_EAG,d70f69ea-30fb-40bb-8f5a-92c40b620a66,53.53568,-125.30992,11.80805,5.47411,-0.63552,-11.09238,-2.53646,8.29873,-0.53474,200.105546,1.57783,63.18937,-10.05136,1.98674,-0.01262,-0.16296,0.05543,-0.00781,4.1e-4,3.29435,58.53297,-17.74483,1.18042,-0.24219,0.01331,0.0178,-0.00532,4.5e-4,0.99102,18.0836,-0.02039,0.12872,-0.04216,0.00807,-3.7e-4,-1.2e-4,1e-5,NA,NA,NA,NA,NA,NA,NA,NA,NA,NA,NA,NA,NA,NA,NA,NA,NA,NA,NA,NA,NA,NA,High,High,High,High,High,NA,NA,NA,206.784115,33.060918,1721.766861,0.838091,01:00:00,-0.591878,-0.380361,-0.710638,-62.247239,-31.148469,-38.629168,-0.125089,145.65985,-0.819218,-34.033261,0.819218,-0.559674,0.125089,8.681593,-7.185872,0.559674,-0.559674,-145.65985,7.185872,0.125089,34.033261,-8.681593,-0.125089,0.559674,0.819218,-0.819218,NA,NA,NA,NA,NA,NA,NA,NA,NA,NA,NA,NA
NA,NA,NA,NA,NA,NA,NA,NA,NA,NA,NA,NA,NA,NA,NA,NA,162,2025-10-10,16:22:20,3,1,"Butler, Cameron",10110399,Left,CAR_EAG,"Rodriguez, Sebastian",10180804,Right,CAR_EAG,Undefined,6,Bottom,1,0,0,Fastball,Four-Seam,StrikeSwinging,Undefined,Undefined,Undefined,0,0,NA,85.04787,-0.423944,-2.947544,1919.467198,195.690176,12:30:00,5.63671,2.45589,7.1625,-24.84053,11.77323,3.0041,3.18191,0.03234,78.29134,-5.163675,-2.396298,0.435505,NA,NA,NA,NA,NA,NA,NA,NA,NA,NA,NA,-2.38823,6.78359,-2.28422,50,5.60412,6.26967,-123.70373,-1.51409,-3.71925,23.51823,-21.60988,CAR_EAG,CAR_EAG,CarsonNewman,TeamExclusive,Team,20251010-CarsonNewman-Private-1,d32f9e50-a616-11f0-b95a-07f253d65970,86.54874,NA,NA,6.75654,NA,NA,NA,NA,NA,NA,0c368c5f-52eb-4b15-8a1f-5e10ac20fa49,2025-10-10,20:22:20,2025-10-10T20:22:20Z,2025-10-10T20:22:20Z,NA,v3,CNE,CNE,NA,"Rogers, Jacob",1000215913,Right,CAR_EAG,ed83e1c8-b0bc-4c97-bc50-5ee5c7d20c86,53.33924,-124.33696,11.75911,5.63705,-0.93225,-10.80494,-2.45438,6.36981,-1.85962,NA,NA,NA,NA,NA,NA,NA,NA,NA,NA,NA,NA,NA,NA,NA,NA,NA,NA,NA,NA,NA,NA,NA,NA,NA,NA,NA,NA,NA,NA,NA,NA,NA,NA,NA,NA,NA,NA,NA,NA,NA,NA,NA,NA,NA,NA,NA,NA,NA,NA,High,High,High,NA,NA,NA,NA,NA,208.320802,27.194995,1707.282188,0.889456,01:00:00,-0.493548,-0.425335,-0.758618,-59.057743,-42.350952,-52.224093,-0.165345,150.462484,-0.858058,-29.091628,0.858058,-0.486208,0.165345,10.907016,-9.517268,0.486208,-0.486208,-150.462484,9.517268,0.165345,29.091628,-10.907016,-0.165345,0.486208,0.858058,-0.858058,NA,NA,NA,NA,NA,NA,NA,NA,NA,NA,NA,NA
NA,NA,NA,NA,NA,NA,NA,NA,NA,NA,NA,NA,NA,NA,NA,NA,163,2025-10-10,16:22:38,3,2,"Butler, Cameron",10110399,Left,CAR_EAG,"Rodriguez, Sebastian",10180804,Right,CAR_EAG,Undefined,6,Bottom,1,0,1,Fastball,Four-Seam,StrikeSwinging,Undefined,Undefined,Undefined,0,0,NA,85.17079,-0.419907,-3.351295,1914.302691,196.5047,12:30:00,5.62052,2.44276,7.22804,-24.52316,12.09587,3.2476,3.19616,-0.32371,78.02209,-5.116959,-2.75507,0.435537,NA,NA,NA,NA,NA,NA,NA,NA,NA,NA,NA,-2.67248,6.98811,-2.25123,50,5.58905,7.13992,-123.78822,-1.48425,-4.14647,24.72768,-21.3317,CAR_EAG,CAR_EAG,CarsonNewman,TeamExclusive,Team,20251010-CarsonNewman-Private-1,ddf1d470-a616-11f0-b95a-07f253d65970,86.54246,NA,NA,7.1487,NA,NA,NA,NA,NA,NA,0c368c5f-52eb-4b15-8a1f-5e10ac20fa49,2025-10-10,20:22:38,2025-10-10T20:22:38Z,2025-10-10T20:22:38Z,NA,v3,CNE,CNE,NA,"Rogers, Jacob",1000215913,Right,CAR_EAG,a90c91a7-752c-41bd-8e4b-5900f1f443a1,53.27262,-124.44023,12.36384,5.62077,-0.92178,-10.66585,-2.44094,7.24926,-2.07323,NA,NA,NA,NA,NA,NA,NA,NA,NA,NA,NA,NA,NA,NA,NA,NA,NA,NA,NA,NA,NA,NA,NA,NA,NA,NA,NA,NA,NA,NA,NA,NA,NA,NA,NA,NA,NA,NA,NA,NA,NA,NA,NA,NA,NA,NA,NA,NA,NA,NA,High,High,High,NA,NA,NA,NA,NA,207.051914,29.280747,1669.719267,0.872234,01:00:00,-0.530748,-0.400264,-0.747058,-61.336759,-49.363489,-63.526614,-0.194697,150.205777,-0.851209,-29.168378,0.851209,-0.487378,0.194697,12.883607,-11.226995,0.487378,-0.487378,-150.205777,11.226995,0.194697,29.168378,-12.883607,-0.194697,0.487378,0.851209,-0.851209,NA,NA,NA,NA,NA,NA,NA,NA,NA,NA,NA,NA
NA,NA,NA,NA,NA,NA,NA,NA,NA,NA,NA,NA,NA,NA,NA,NA,164,2025-10-10,16:22:56,3,3,"Butler, Cameron",10110399,Left,CAR_EAG,"Rodriguez, Sebastian",10180804,Right,CAR_EAG,Undefined,6,Bottom,1,0,2,Fastball,Cutter,BallCalled,Undefined,Undefined,Undefined,0,0,NA,86.82044,-2.160894,-4.91385,2199.242968,190.159146,12:15:00,5.53005,2.31187,7.36595,-21.8206,13.13296,2.17335,1.75267,-1.95418,80.28807,-6.325239,-4.515128,0.425517,NA,NA,NA,NA,NA,NA,NA,NA,NA,NA,NA,-2.42106,7.99229,-2.04196,50,5.40475,10.75853,-125.96326,-5.26324,-3.92313,23.53746,-19.22323,CAR_EAG,CAR_EAG,CarsonNewman,TeamExclusive,Team,20251010-CarsonNewman-Private-1,e8f88da0-a616-11f0-b95a-07f253d65970,88.58028,NA,NA,6.53237,NA,NA,NA,NA,NA,NA,0c368c5f-52eb-4b15-8a1f-5e10ac20fa49,2025-10-10,20:22:56,2025-10-10T20:22:56Z,2025-10-10T20:22:56Z,NA,v3,CNE,CNE,NA,"Rogers, Jacob",1000215913,Right,CAR_EAG,e4e95811-2486-4234-ba33-0f9ac0215347,53.1358,-126.54785,11.76873,5.52954,-4.78579,-9.61161,-2.31037,10.85597,-1.96157,NA,NA,NA,NA,NA,NA,NA,NA,NA,NA,NA,NA,NA,NA,NA,NA,NA,NA,NA,NA,NA,NA,NA,NA,NA,NA,NA,NA,NA,NA,NA,NA,NA,NA,NA,NA,NA,NA,NA,NA,NA,NA,NA,NA,NA,NA,NA,NA,NA,NA,High,High,High,NA,NA,NA,NA,NA,206.267878,33.362873,1836.817383,0.835204,01:00:00,-0.597797,-0.390108,-0.700325,106.456502,34.668667,-36.24441,-0.19144,149.364679,-0.844514,-30.00973,0.844514,-0.500147,0.19144,12.772333,-11.036835,0.500147,-0.500147,-149.364679,11.036835,0.19144,30.00973,-12.772333,-0.19144,0.500147,0.844514,-0.844514,NA,NA,NA,NA,NA,NA,NA,NA,NA,NA,NA,NA
NA,NA,NA,NA,NA,NA,NA,NA,NA,NA,NA,NA,NA,NA,NA,NA,165,2025-10-10,16:23:20,3,4,"Butler, Cameron",10110399,Left,CAR_EAG,"Rodriguez, Sebastian",10180804,Right,CAR_EAG,Undefined,6,Bottom,1,1,2,Fastball,Slider,BallCalled,Undefined,Undefined,Undefined,0,0,NA,86.71919,-1.37269,-5.244679,2026.445349,182.924638,12:00:00,5.5722,2.32417,7.28796,-24.86864,10.4013,0.47831,2.25321,-2.39133,79.9486,-6.097677,-5.157166,0.427439,NA,NA,NA,NA,NA,NA,NA,NA,NA,NA,NA,-1.64374,6.32355,-2.02853,50,5.48759,11.52728,-125.75321,-3.62593,-2.64521,24.31834,-21.99784,CAR_EAG,CAR_EAG,CarsonNewman,TeamExclusive,Team,20251010-CarsonNewman-Private-1,f6cd5af0-a616-11f0-b95a-07f253d65970,88.1821,NA,NA,6.77059,NA,NA,NA,NA,NA,NA,0c368c5f-52eb-4b15-8a1f-5e10ac20fa49,2025-10-10,20:23:20,2025-10-10T20:23:20Z,2025-10-10T20:23:20Z,NA,v3,CNE,CNE,NA,"Rogers, Jacob",1000215913,Right,CAR_EAG,0ed26200-f114-4bb9-a519-5eb2960e3b20,53.21313,-126.37304,12.15917,5.57286,-3.06524,-10.99892,-2.3232,11.5947,-1.32261,NA,NA,NA,NA,NA,NA,NA,NA,NA,NA,NA,NA,NA,NA,NA,NA,NA,NA,NA,NA,NA,NA,NA,NA,NA,NA,NA,NA,NA,NA,NA,NA,NA,NA,NA,NA,NA,NA,NA,NA,NA,NA,NA,NA,NA,NA,NA,NA,NA,NA,High,High,High,NA,NA,NA,NA,NA,205.505948,33.288492,1693.941363,0.835918,12:45:00,-0.606777,-0.372995,-0.701923,-63.03082,-45.95262,-59.4808,-0.120072,150.055525,-0.860241,-29.705971,0.860241,-0.495549,0.120072,7.945973,-6.896249,0.495549,-0.495549,-150.055525,6.896249,0.120072,29.705971,-7.945973,-0.120072,0.495549,0.860241,-0.860241,NA,NA,NA,NA,NA,NA,NA,NA,NA,NA,NA,NA
NA,NA,NA,NA,NA,NA,NA,NA,NA,NA,NA,NA,NA,NA,NA,NA,166,2025-10-10,16:23:46,3,5,"Butler, Cameron",10110399,Left,CAR_EAG,"Rodriguez, Sebastian",10180804,Right,CAR_EAG,Undefined,6,Bottom,1,2,2,Fastball,Slider,BallCalled,Undefined,Undefined,Undefined,0,0,NA,85.2681,-1.63216,-4.129132,2134.524372,182.472169,12:00:00,5.5185,2.45884,7.08225,-25.65198,10.94993,0.42681,1.89497,-1.26035,78.79399,-6.48711,-4.051103,0.435435,NA,NA,NA,NA,NA,NA,NA,NA,NA,NA,NA,-1.29772,6.6376,-2.21151,50,5.41224,8.9248,-123.82391,-4.17797,-2.02848,23.15348,-21.79884,CAR_EAG,CAR_EAG,CarsonNewman,TeamExclusive,Team,20251010-CarsonNewman-Private-1,068ae570-a617-11f0-b95a-07f253d65970,86.56278,NA,NA,6.47411,NA,NA,NA,NA,NA,NA,0c368c5f-52eb-4b15-8a1f-5e10ac20fa49,2025-10-10,20:23:46,2025-10-10T20:23:46Z,2025-10-10T20:23:46Z,NA,v3,CNE,CNE,NA,"Rogers, Jacob",1000215913,Right,CAR_EAG,1ed7db07-6860-4b14-b7dc-31756a8ed416,53.41976,-124.46172,11.57674,5.51906,-3.57748,-10.89942,-2.45813,8.98068,-1.01424,NA,NA,NA,NA,NA,NA,NA,NA,NA,NA,NA,NA,NA,NA,NA,NA,NA,NA,NA,NA,NA,NA,NA,NA,NA,NA,NA,NA,NA,NA,NA,NA,NA,NA,NA,NA,NA,NA,NA,NA,NA,NA,NA,NA,NA,NA,NA,NA,NA,NA,High,High,High,NA,NA,NA,NA,NA,205.445982,33.541935,1779.086858,0.833482,12:45:00,-0.594908,-0.373706,-0.711637,-62.793802,-33.846928,-47.251878,-0.145116,149.385975,-0.851507,-30.255805,0.851507,-0.503861,0.145116,9.671553,-8.343982,0.503861,-0.503861,-149.385975,8.343982,0.145116,30.255805,-9.671553,-0.145116,0.503861,0.851507,-0.851507,NA,NA,NA,NA,NA,NA,NA,NA,NA,NA,NA,NA
NA,NA,NA,NA,NA,NA,NA,NA,NA,NA,NA,NA,NA,NA,NA,NA,167,2025-10-10,16:24:08,3,6,"Butler, Cameron",10110399,Left,CAR_EAG,"Rodriguez, Sebastian",10180804,Right,CAR_EAG,Undefined,6,Bottom,1,3,2,Slider,Curveball,BallCalled,Walk,Undefined,Undefined,0,0,NA,75.01878,0.241022,-1.668265,2514.163122,77.593065,08:30:00,5.42223,2.70842,6.11223,-51.00613,-1.69079,-14.62528,1.39469,-0.05342,69.18367,-9.142045,-4.306127,0.505432,NA,NA,NA,NA,NA,NA,NA,NA,NA,NA,NA,7.03402,-0.4137,-2.57314,50,5.41463,3.68536,-109.02063,-1.04256,8.43465,19.82228,-32.67012,CAR_EAG,CAR_EAG,CarsonNewman,TeamExclusive,Team,20251010-CarsonNewman-Private-1,13b73dc0-a617-11f0-b95a-07f253d65970,74.57474,NA,NA,5.83511,NA,NA,NA,NA,NA,NA,0c368c5f-52eb-4b15-8a1f-5e10ac20fa49,2025-10-10,20:24:08,2025-10-10T20:24:08Z,2025-10-10T20:24:08Z,NA,v3,CNE,CNE,NA,"Rogers, Jacob",1000215913,Right,CAR_EAG,a056a595-9b75-45c8-ae60-1b8f41b4d036,54.39079,-109.81607,9.91114,5.43016,0.26845,-16.33506,-2.71424,3.34689,4.21732,NA,NA,NA,NA,NA,NA,NA,NA,NA,NA,NA,NA,NA,NA,NA,NA,NA,NA,NA,NA,NA,NA,NA,NA,NA,NA,NA,NA,NA,NA,NA,NA,NA,NA,NA,NA,NA,NA,NA,NA,NA,NA,NA,NA,NA,NA,NA,NA,NA,NA,High,High,High,NA,NA,NA,NA,NA,89.67734,61.381531,1204.220883,0.478975,09:00:00,-0.875356,0.482656,0.028193,-3.488002,-28.114168,56.417265,-0.05921,97.131353,-0.123927,-82.10576,0.123927,-0.990523,0.05921,25.537636,-3.394465,0.990523,-0.990523,-97.131353,3.394465,0.05921,82.10576,-25.537636,-0.05921,0.990523,0.123927,-0.123927,NA,NA,NA,NA,NA,NA,NA,NA,NA,NA,NA,NA
NA,NA,NA,NA,NA,NA,NA,NA,NA,NA,NA,NA,NA,NA,NA,NA,168,2025-10-10,16:25:06,4,1,"Butler, Cameron",10110399,Left,CAR_EAG,"Van Ness, Jameson",1000370206,Right,CAR_EAG,Undefined,6,Bottom,1,0,0,Fastball,Cutter,StrikeCalled,Undefined,Undefined,Undefined,0,0,NA,84.8359,-1.427962,-3.535522,2147.711262,200.344951,12:45:00,5.47565,2.64713,6.95559,-23.80675,13.26741,4.51914,2.1896,-0.19758,78.32052,-5.948259,-2.71014,0.438235,NA,NA,NA,NA,NA,NA,NA,NA,NA,NA,NA,-3.30669,7.78693,-2.42878,50,5.3784,7.46129,-123.27139,-3.67053,-5.128,22.70665,-20.09813,CAR_EAG,CAR_EAG,CarsonNewman,TeamExclusive,Team,20251010-CarsonNewman-Private-1,3642c710-a617-11f0-b95a-07f253d65970,86.00963,NA,NA,6.51539,NA,NA,NA,NA,NA,NA,0c368c5f-52eb-4b15-8a1f-5e10ac20fa49,2025-10-10,20:25:06,2025-10-10T20:25:06Z,2025-10-10T20:25:06Z,NA,v3,CNE,CNE,NA,"Rogers, Jacob",1000215913,Right,CAR_EAG,e1a49f42-0674-409f-9e69-62af22173cad,53.54611,-123.92286,11.35332,5.47544,-3.0939,-10.04907,-2.64496,7.60842,-2.564,NA,NA,NA,NA,NA,NA,NA,NA,NA,NA,NA,NA,NA,NA,NA,NA,NA,NA,NA,NA,NA,NA,NA,NA,NA,NA,NA,NA,NA,NA,NA,NA,NA,NA,NA,NA,NA,NA,NA,NA,NA,NA,NA,NA,NA,NA,NA,NA,NA,NA,High,High,High,NA,NA,NA,NA,NA,209.624469,27.848978,1898.96758,0.884182,01:00:00,-0.502636,-0.448568,-0.739015,-63.743788,-37.426458,-38.745703,-0.172333,146.930813,-0.825475,-32.512782,0.825475,-0.537488,0.172333,11.792173,-9.923489,0.537488,-0.537488,-146.930813,9.923489,0.172333,32.512782,-11.792173,-0.172333,0.537488,0.825475,-0.825475,NA,NA,NA,NA,NA,NA,NA,NA,NA,NA,NA,NA
NA,NA,NA,NA,NA,NA,NA,NA,NA,NA,NA,NA,NA,NA,NA,NA,169,2025-10-10,16:25:25,4,2,"Butler, Cameron",10110399,Left,CAR_EAG,"Van Ness, Jameson",1000370206,Right,CAR_EAG,Undefined,6,Bottom,1,0,1,Fastball,Cutter,BallCalled,Undefined,Undefined,Undefined,0,0,NA,85.6448,-2.44638,-4.707563,2171.916879,192.116053,12:30:00,5.5665,2.65873,7.19463,-21.72426,14.69426,2.91004,1.53137,-1.37248,78.64513,-6.601084,-4.175106,0.434343,NA,NA,NA,NA,NA,NA,NA,NA,NA,NA,NA,-2.87036,8.9439,-2.3864,50,5.4175,10.12937,-124.17458,-5.81722,-4.48383,24.75359,-18.20267,CAR_EAG,CAR_EAG,CarsonNewman,TeamExclusive,Team,20251010-CarsonNewman-Private-1,41b27b40-a617-11f0-b95a-07f253d65970,86.78042,NA,NA,6.99967,NA,NA,NA,NA,NA,NA,0c368c5f-52eb-4b15-8a1f-5e10ac20fa49,2025-10-10,20:25:25,2025-10-10T20:25:25Z,2025-10-10T20:25:25Z,NA,v3,CNE,CNE,NA,"Rogers, Jacob",1000215913,Right,CAR_EAG,b6e3599a-72b9-4aa0-a5a9-0d572d7535fd,53.30693,-124.83206,12.37679,5.56559,-5.33374,-9.10133,-2.65703,10.24846,-2.24191,NA,NA,NA,NA,NA,NA,NA,NA,NA,NA,NA,NA,NA,NA,NA,NA,NA,NA,NA,NA,NA,NA,NA,NA,NA,NA,NA,NA,68.68128,2.073804,1.090918,0.982886,0.109,1.37826,1.46779,-0.86928,4.32563,1.99249,63.67322,3.94047,-61.11763,-0.84833,69.51108,-3.96217,4.34016,12.33722,-12.98769,1.94941,-70.91222,6.92313,High,High,High,NA,NA,High,High,High,208.947796,30.995946,1861.775279,0.857204,01:00:00,-0.556684,-0.436501,-0.706803,111.814525,28.306803,-30.569959,-0.108165,153.34709,-0.888497,-26.484312,0.888497,-0.445953,0.108165,6.940964,-6.209519,0.445953,-0.445953,-153.34709,6.209519,0.108165,26.484312,-6.940964,-0.108165,0.445953,0.888497,-0.888497,NA,NA,NA,NA,NA,NA,NA,NA,NA,NA,NA,NA
NA,NA,NA,NA,NA,NA,NA,NA,NA,NA,NA,NA,NA,NA,NA,NA,170,2025-10-10,16:25:47,4,3,"Butler, Cameron",10110399,Left,CAR_EAG,"Van Ness, Jameson",1000370206,Right,CAR_EAG,Undefined,6,Bottom,1,1,1,Fastball,Slider,BallCalled,Undefined,Undefined,Undefined,0,0,NA,85.47079,-1.208249,-4.496937,1991.775628,188.735788,12:15:00,5.48062,2.51413,7.09017,-25.04214,11.64977,1.61378,2.2936,-1.4413,78.36189,-5.973591,-4.202186,0.43597,NA,NA,NA,NA,NA,NA,NA,NA,NA,NA,NA,-2.1128,6.94414,-2.24555,50,5.40021,9.69549,-123.9896,-3.23964,-3.28826,24.84514,-21.36656,CAR_EAG,CAR_EAG,CarsonNewman,TeamExclusive,Team,20251010-CarsonNewman-Private-1,4edf21b0-a617-11f0-b95a-07f253d65970,86.45651,NA,NA,7.1089,NA,NA,NA,NA,NA,NA,0c368c5f-52eb-4b15-8a1f-5e10ac20fa49,2025-10-10,20:25:47,2025-10-10T20:25:47Z,2025-10-10T20:25:47Z,NA,v3,CNE,CNE,NA,"Rogers, Jacob",1000215913,Right,CAR_EAG,33e71d3b-a55c-403b-b5b8-8d8a914783f7,53.40983,-124.671,12.42257,5.48102,-2.65365,-10.68328,-2.51269,9.78567,-1.64413,NA,NA,NA,NA,NA,NA,NA,NA,NA,NA,NA,NA,NA,NA,NA,NA,NA,NA,NA,NA,NA,NA,NA,NA,NA,NA,NA,NA,NA,NA,NA,NA,NA,NA,NA,NA,NA,NA,NA,NA,NA,NA,NA,NA,NA,NA,NA,NA,NA,NA,High,High,High,NA,NA,NA,NA,NA,210.454084,31.372708,1700.5758,0.853799,01:00:00,-0.567495,-0.443627,-0.693646,-60.151079,-32.741996,-42.017414,-0.094389,151.166813,-0.872116,-28.692459,0.872116,-0.480108,0.094389,6.177078,-5.416163,0.480108,-0.480108,-151.166813,5.416163,0.094389,28.692459,-6.177078,-0.094389,0.480108,0.872116,-0.872116,NA,NA,NA,NA,NA,NA,NA,NA,NA,NA,NA,NA
NA,NA,NA,NA,NA,NA,NA,NA,NA,NA,NA,NA,NA,NA,NA,NA,171,2025-10-10,16:26:04,4,4,"Butler, Cameron",10110399,Left,CAR_EAG,"Van Ness, Jameson",1000370206,Right,CAR_EAG,Undefined,6,Bottom,1,2,1,Slider,Curveball,BallCalled,Undefined,Undefined,Undefined,0,0,NA,73.41437,0.889018,-0.07772,2547.332998,100.183019,09:15:00,5.40736,2.8682,6.1254,-47.19321,4.42284,-15.24363,2.29653,1.52605,67.19712,-7.867681,-2.828612,0.517087,NA,NA,NA,NA,NA,NA,NA,NA,NA,NA,NA,7.77182,2.60118,-2.85499,50,5.4515,0.67489,-106.64792,0.32548,8.89307,19.44811,-29.19761,CAR_EAG,CAR_EAG,CarsonNewman,TeamExclusive,Team,20251010-CarsonNewman-Private-1,58ab5f10-a617-11f0-b95a-07f253d65970,72.89376,NA,NA,6.21725,NA,NA,NA,NA,NA,NA,0c368c5f-52eb-4b15-8a1f-5e10ac20fa49,2025-10-10,20:26:04,2025-10-10T20:26:04Z,2025-10-10T20:26:04Z,NA,v3,CNE,CNE,NA,"Rogers, Jacob",1000215913,Right,CAR_EAG,3f9a6061-68bc-4a96-8118-9056f70ad361,54.37508,-107.44279,9.72406,5.41381,1.51882,-14.59881,-2.87514,0.31142,4.44653,NA,NA,NA,NA,NA,NA,NA,NA,NA,NA,NA,NA,NA,NA,NA,NA,NA,NA,NA,NA,NA,NA,NA,NA,NA,NA,NA,NA,NA,NA,NA,NA,NA,NA,NA,NA,NA,NA,NA,NA,NA,NA,NA,NA,NA,NA,NA,NA,NA,NA,High,High,High,NA,NA,NA,NA,NA,78.203554,58.510925,1330.563671,0.522336,08:30:00,-0.844558,0.524474,0.10793,4.384609,-10.803513,64.900272,0.134956,90.47897,-0.008283,82.229248,0.008283,-0.990817,-0.134956,86.487825,7.756067,0.990817,0.990817,-90.47897,-7.756067,0.134956,-82.229248,-86.487825,-0.134956,-0.990817,0.008283,-0.008283,NA,NA,NA,NA,NA,NA,NA,NA,NA,NA,NA,NA
NA,NA,NA,NA,NA,NA,NA,NA,NA,NA,NA,NA,NA,NA,NA,NA,172,2025-10-10,16:26:25,4,5,"Butler, Cameron",10110399,Left,CAR_EAG,"Van Ness, Jameson",1000370206,Right,CAR_EAG,Undefined,6,Bottom,1,3,1,Fastball,Four-Seam,InPlay,Undefined,Popup,Out,2,0,NA,85.37421,-0.143965,-1.866989,1837.023276,201.839701,12:45:00,5.5432,2.60533,7.12304,-24.70927,11.81438,4.28075,3.35344,1.26802,78.15492,-4.873132,-1.080915,0.434969,50.41644,51.884655,40.618567,NA,NA,NA,NA,129.43432,119.95304,47.721666,3.780105,-2.82225,6.73044,-2.49599,50,5.52677,3.90604,-124.22685,-0.91118,-4.40603,25.10781,-21.6666,CAR_EAG,CAR_EAG,CarsonNewman,TeamExclusive,Team,20251010-CarsonNewman-Private-1,654f7490-a617-11f0-b95a-07f253d65970,86.65544,54.54997,NA,7.21929,NA,NA,NA,0.19011,3.68454,-1.03061,0c368c5f-52eb-4b15-8a1f-5e10ac20fa49,2025-10-10,20:26:25,2025-10-10T20:26:25Z,2025-10-10T20:26:25Z,Popup,v3,CNE,CNE,NA,"Rogers, Jacob",1000215913,Right,CAR_EAG,9d2a206d-8dd1-4d1d-b8c2-2a93127cbb33,53.37865,-124.90785,12.5539,5.54351,-0.32352,-10.8333,-2.60356,4.02555,-2.20302,202.363548,0.19072,34.62231,-7.07896,1.66345,0.08428,-0.2826,0.11504,-0.02032,0.00136,3.68328,58.2144,-18.19436,1.42014,-0.60601,0.24866,-0.05698,0.00609,-2.3e-4,-1.03041,29.70637,-1.93881,0.25544,0.09619,-0.08803,0.03001,-0.00488,3.1e-4,NA,NA,NA,NA,NA,NA,NA,NA,NA,NA,NA,NA,NA,NA,NA,NA,NA,NA,NA,NA,NA,NA,High,High,High,High,Medium,NA,NA,NA,211.320311,26.23446,1647.796416,0.896993,01:00:00,-0.465603,-0.467386,-0.751508,-51.718995,-44.304137,-55.333656,-0.085432,153.871239,-0.894524,-26.026056,0.894524,-0.43878,0.085432,5.455493,-4.900846,0.43878,-0.43878,-153.871239,4.900846,0.085432,26.026056,-5.455493,-0.085432,0.43878,0.894524,-0.894524,NA,NA,NA,NA,NA,NA,NA,NA,NA,NA,NA,NA
