player_name,display_name,active,notes,id,pitcher,date,rel_speed,horz_break,induced_vert_break,original_pitch_type,new_pitch_type,new_pitcher,modified_at,pitch_key,created_at,PitchNo,Date,Time,PAofInning,PitchofPA,Pitcher,PitcherId,PitcherThrows,PitcherTeam,Batter,BatterId,BatterSide,BatterTeam,PitcherSet,Inning,Top/Bottom,Outs,Balls,Strikes,TaggedPitchType,AutoPitchType,PitchCall,KorBB,TaggedHitType,PlayResult,OutsOnPlay,RunsScored,Notes,RelSpeed,VertRelAngle,HorzRelAngle,SpinRate,SpinAxis,Tilt,RelHeight,RelSide,Extension,VertBreak,InducedVertBreak,HorzBreak,PlateLocHeight,PlateLocSide,ZoneSpeed,VertApprAngle,HorzApprAngle,ZoneTime,ExitSpeed,Angle,Direction,HitSpinRate,PositionAt110X,PositionAt110Y,PositionAt110Z,Distance,LastTrackedDistance,Bearing,HangTime,pfxx,pfxz,x0,y0,z0,vx0,vy0,vz0,ax0,ay0,az0,HomeTeam,AwayTeam,Stadium,Level,League,GameID,PitchUID,EffectiveVelo,MaxHeight,MeasuredDuration,SpeedDrop,PitchLastMeasuredX,PitchLastMeasuredY,PitchLastMeasuredZ,ContactPositionX,ContactPositionY,ContactPositionZ,GameUID,UTCDate,UTCTime,LocalDateTime,UTCDateTime,AutoHitType,System,HomeTeamForeignID,AwayTeamForeignID,GameForeignID,Catcher,CatcherId,CatcherThrows,CatcherTeam,PlayID,PitchTrajectoryXc0,PitchTrajectoryXc1,PitchTrajectoryXc2,PitchTrajectoryYc0,PitchTrajectoryYc1,PitchTrajectoryYc2,PitchTrajectoryZc0,PitchTrajectoryZc1,PitchTrajectoryZc2,HitSpinAxis,HitTrajectoryXc0,HitTrajectoryXc1,HitTrajectoryXc2,HitTrajectoryXc3,HitTrajectoryXc4,HitTrajectoryXc5,HitTrajectoryXc6,HitTrajectoryXc7,HitTrajectoryXc8,HitTrajectoryYc0,HitTrajectoryYc1,HitTrajectoryYc2,HitTrajectoryYc3,HitTrajectoryYc4,HitTrajectoryYc5,HitTrajectoryYc6,HitTrajectoryYc7,HitTrajectoryYc8,HitTrajectoryZc0,HitTrajectoryZc1,HitTrajectoryZc2,HitTrajectoryZc3,HitTrajectoryZc4,HitTrajectoryZc5,HitTrajectoryZc6,HitTrajectoryZc7,HitTrajectoryZc8,ThrowSpeed,PopTime,ExchangeTime,TimeToBase,CatchPositionX,CatchPositionY,CatchPositionZ,ThrowPositionX,ThrowPositionY,ThrowPositionZ,BasePositionX,BasePositionY,BasePositionZ,ThrowTrajectoryXc0,ThrowTrajectoryXc1,ThrowTrajectoryXc2,ThrowTrajectoryYc0,ThrowTrajectoryYc1,ThrowTrajectoryYc2,ThrowTrajectoryZc0,ThrowTrajectoryZc1,ThrowTrajectoryZc2,PitchReleaseConfidence,PitchLocationConfidence,PitchMovementConfidence,HitLaunchConfidence,HitLandingConfidence,CatcherThrowCatchConfidence,CatcherThrowReleaseConfidence,CatcherThrowLocationConfidence,SpinAxis3dTransverseAngle,SpinAxis3dLongitudinalAngle,SpinAxis3dActiveSpinRate,SpinAxis3dSpinEfficiency,SpinAxis3dTilt,SpinAxis3dVectorX,SpinAxis3dVectorY,SpinAxis3dVectorZ,SpinAxis3dSeamOrientationRotationX,SpinAxis3dSeamOrientationRotationY,SpinAxis3dSeamOrientationRotationZ,SpinAxis3dSeamOrientationBallYAmb1,SpinAxis3dSeamOrientationBallAngleHorizontalAmb1,SpinAxis3dSeamOrientationBallZAmb1,SpinAxis3dSeamOrientationBallAngleVerticalAmb2,SpinAxis3dSeamOrientationBallZAmb2,SpinAxis3dSeamOrientationBallXAmb4,SpinAxis3dSeamOrientationBallYAmb4,SpinAxis3dSeamOrientationBallAngleHorizontalAmb2,SpinAxis3dSeamOrientationBallAngleVerticalAmb1,SpinAxis3dSeamOrientationBallXAmb1,SpinAxis3dSeamOrientationBallYAmb2,SpinAxis3dSeamOrientationBallAngleHorizontalAmb4,SpinAxis3dSeamOrientationBallAngleVerticalAmb4,SpinAxis3dSeamOrientationBallXAmb2,SpinAxis3dSeamOrientationBallAngleVerticalAmb3,SpinAxis3dSeamOrientationBallAngleHorizontalAmb3,SpinAxis3dSeamOrientationBallXAmb3,SpinAxis3dSeamOrientationBallYAmb3,SpinAxis3dSeamOrientationBallZAmb3,SpinAxis3dSeamOrientationBallZAmb4,session_id,play_id,camera_slot,camera_name,camera_target,video_type,azure_blob,azure_md5,cloudinary_url,cloudinary_public_id,uploaded_at,HitType
NA,NA,NA,NA,NA,NA,NA,NA,NA,NA,NA,NA,NA,NA,NA,NA,21,2026-02-20,14:09:52,4,3,"Higgins, Ryan",1000329317,Right,CAR_EAG,"Procopio, Matthew",10069634,Right,LEN_BEA,Undefined,1,Top,1,2,0,Slider,Curveball,BallCalled,Undefined,Undefined,Undefined,0,0,NA,77.9071,1.268452,-3.609585,2781.827928,73.864618,08:30:00,5.84555,2.73259,5.36532,-51.40648,-2.41847,-15.4658,2.75368,-1.94546,69.17379,-8.158647,-6.346761,0.503752,NA,NA,NA,NA,NA,NA,NA,NA,NA,NA,NA,6.23516,-1.04748,-2.39706,50,5.92421,7.72742,-112.39369,0.73989,7.65487,27.99332,-33.46002,CAR_EAG,LEN_BEA,CarsonNewman,D2,Team,20260220-CarsonNewman-1,be7f4500-0e8f-11f1-8304-27cb6f288688,74.82347,NA,NA,8.73331,NA,NA,NA,NA,NA,NA,46df0e37-f40e-476d-8c8d-a76c06d1b556,2026-02-20,19:09:52,2026-02-20T19:09:52Z,2026-02-20T19:09:52Z,NA,v3,CNE,NA,NA,"Rogers, Jacob",1000215913,Right,CAR_EAG,08e69362-87b9-4333-8bf5-b6c5bfb8ff67,55.12999,-113.66421,13.99666,5.85616,2.25852,-16.73001,-2.7399,7.37999,3.82743,NA,NA,NA,NA,NA,NA,NA,NA,NA,NA,NA,NA,NA,NA,NA,NA,NA,NA,NA,NA,NA,NA,NA,NA,NA,NA,NA,NA,NA,NA,NA,NA,NA,NA,NA,NA,NA,NA,NA,NA,NA,NA,NA,NA,NA,NA,NA,NA,NA,NA,High,High,High,NA,NA,NA,NA,NA,59.133991,64.004739,1219.266309,0.438297,08:00:00,-0.874359,0.396026,0.280464,-18.129728,50.337138,52.043545,-0.359727,108.473116,-0.295648,-62.248976,0.295648,-0.884979,0.359727,50.584313,-21.083447,0.884979,-0.884979,-108.473116,21.083447,0.359727,62.248976,-50.584313,-0.359727,0.884979,0.295648,-0.295648,NA,NA,NA,NA,NA,NA,NA,NA,NA,NA,NA,NA
NA,NA,NA,NA,NA,NA,NA,NA,NA,NA,NA,NA,NA,NA,NA,NA,22,2026-02-20,14:10:12,4,4,"Higgins, Ryan",1000329317,Right,CAR_EAG,"Procopio, Matthew",10069634,Right,LEN_BEA,Undefined,1,Top,1,3,0,Slider,Slider,BallCalled,Walk,Undefined,Undefined,0,0,NA,77.6081,-0.397063,-3.998932,2857.036344,82.591182,08:45:00,5.95161,2.80923,5.09845,-49.99365,-0.63539,-19.41922,1.41037,-2.58363,69.99808,-9.44583,-7.417952,0.505652,NA,NA,NA,NA,NA,NA,NA,NA,NA,NA,NA,8.16504,0.39894,-2.41525,50,5.87551,8.62774,-112.04159,-2.51606,10.07085,25.84112,-31.68201,CAR_EAG,LEN_BEA,CarsonNewman,D2,Team,20260220-CarsonNewman-1,ca46b620-0e8f-11f1-8304-27cb6f288688,74.54232,NA,NA,7.61002,NA,NA,NA,NA,NA,NA,46df0e37-f40e-476d-8c8d-a76c06d1b556,2026-02-20,19:10:12,2026-02-20T19:10:12Z,2026-02-20T19:10:12Z,NA,v3,CNE,NA,NA,"Rogers, Jacob",1000215913,Right,CAR_EAG,bb12d98f-ae95-408f-9572-9a830c6c8f11,55.40007,-113.28021,12.92056,5.95971,-0.99748,-15.841,-2.81723,8.14502,5.03543,NA,NA,NA,NA,NA,NA,NA,NA,NA,NA,NA,NA,NA,NA,NA,NA,NA,NA,NA,NA,NA,NA,NA,NA,NA,NA,NA,NA,NA,NA,NA,NA,NA,NA,NA,NA,NA,NA,NA,NA,NA,NA,NA,NA,NA,NA,NA,NA,NA,NA,High,High,High,NA,NA,NA,NA,NA,58.759677,60.161832,1421.523915,0.497552,08:00:00,-0.850247,0.419385,0.318114,-7.063032,1.182168,55.008757,-0.15048,115.637011,-0.427741,-63.035454,0.427741,-0.891287,0.15048,19.381948,-8.654749,0.891287,-0.891287,-115.637011,8.654749,0.15048,63.035454,-19.381948,-0.15048,0.891287,0.427741,-0.427741,NA,NA,NA,NA,NA,NA,NA,NA,NA,NA,NA,NA
NA,NA,NA,NA,NA,NA,NA,NA,NA,NA,NA,NA,NA,NA,NA,NA,173,2026-02-20,15:20:29,4,5,"Burnley, Michael",10109139,Right,LEN_BEA,"Gibson, Aiden",10011511,Right,CAR_EAG,Undefined,3,Bottom,2,2,2,Fastball,Four-Seam,BallCalled,Undefined,Undefined,Undefined,0,0,NA,91.92624,-2.094267,-2.161568,2407.387608,179.734574,12:00:00,5.75837,0.28296,6.3199,-16.33702,16.29269,-0.07059,2.4658,-1.71478,83.9378,-5.215757,-2.174327,0.411129,NA,NA,NA,NA,NA,NA,NA,NA,NA,NA,NA,-0.57783,9.38197,-0.12482,50,5.59706,5.03928,-133.43301,-5.33433,-1.03951,29.2833,-15.29563,CAR_EAG,LEN_BEA,CarsonNewman,D2,Team,20260220-CarsonNewman-1,9ba987c0-0e99-11f1-8304-27cb6f288688,91.68037,NA,NA,7.98844,NA,NA,NA,NA,NA,NA,46df0e37-f40e-476d-8c8d-a76c06d1b556,2026-02-20,20:20:29,2026-02-20T20:20:29Z,2026-02-20T20:20:29Z,NA,v3,CNE,NA,NA,"Christmas, Seth",1000191967,Right,LEN_BEA,3a130a2a-86c6-408c-9b02-2495b9e1ce83,54.17937,-134.34708,14.64165,5.75612,-4.85688,-7.64782,-0.28263,5.07174,-0.51976,NA,NA,NA,NA,NA,NA,NA,NA,NA,NA,NA,NA,NA,NA,NA,NA,NA,NA,NA,NA,NA,NA,NA,NA,NA,NA,NA,NA,NA,NA,NA,NA,NA,NA,NA,NA,NA,NA,NA,NA,NA,NA,NA,NA,NA,NA,NA,NA,NA,NA,High,High,High,NA,NA,NA,NA,NA,185.652734,27.845816,2128.630791,0.884208,12:15:00,-0.496457,-0.104105,-0.861796,47.760643,37.783701,86.727857,-0.235206,154.172851,-0.87486,-25.051676,0.87486,-0.423436,0.235206,15.048136,-13.603769,0.423436,-0.423436,-154.172851,13.603769,0.235206,25.051676,-15.048136,-0.235206,0.423436,0.87486,-0.87486,NA,NA,NA,NA,NA,NA,NA,NA,NA,NA,NA,NA
NA,NA,NA,NA,NA,NA,NA,NA,NA,NA,NA,NA,NA,NA,NA,NA,174,2026-02-20,15:20:53,4,6,"Burnley, Michael",10109139,Right,LEN_BEA,"Gibson, Aiden",10011511,Right,CAR_EAG,Undefined,3,Bottom,2,3,2,Fastball,Four-Seam,InPlay,Undefined,FlyBall,Out,1,0,NA,89.75616,-1.72724,-0.034639,2359.656152,180.933056,12:00:00,5.8593,0.47556,6.5056,-16.00615,17.95029,0.27433,2.9397,0.46663,81.84785,-4.814274,0.015179,0.419404,72.5521,59.124,33.813528,4178.567793,85.02462,99.96517,69.79121,155.35423,155.35423,40.144891,5.291311,-0.15425,10.25241,-0.47325,50,5.73137,0.06824,-130.44915,-4.33803,-0.26469,28.48884,-14.57986,CAR_EAG,LEN_BEA,CarsonNewman,D2,Team,20260220-CarsonNewman-1,aa1034d0-0e99-11f1-8304-27cb6f288688,89.87145,111.24607,NA,7.90831,NA,NA,NA,0.85519,3.15418,-0.32751,46df0e37-f40e-476d-8c8d-a76c06d1b556,2026-02-20,20:20:53,2026-02-20T20:20:53Z,2026-02-20T20:20:53Z,Popup,v3,CNE,NA,NA,"Christmas, Seth",1000191967,Right,LEN_BEA,4bc7ce75-0d41-4916-9374-1344fa0c2c9a,53.9949,-131.3187,14.24442,5.85698,-3.89301,-7.28993,-0.47546,0.07633,-0.13234,188.846057,0.86047,45.26311,-13.48686,3.50728,-0.3342,-0.10111,0.04085,-0.00556,2.7e-4,3.15117,91.37146,-22.68723,1.8159,-0.10314,-0.09345,0.03936,-0.00654,4e-4,-0.32404,30.32085,-5.7096,1.16222,0.01089,-0.08185,0.02226,-0.00255,1.1e-4,NA,NA,NA,NA,NA,NA,NA,NA,NA,NA,NA,NA,NA,NA,NA,NA,NA,NA,NA,NA,NA,NA,High,High,High,Medium,Low,NA,NA,NA,186.691921,24.223751,2151.888697,0.91195,12:15:00,-0.407459,-0.118589,-0.905491,24.17185,46.680051,58.27302,-0.089172,153.631455,-0.892386,-26.255451,0.892386,-0.442374,0.089172,5.706348,-5.115967,0.442374,-0.442374,-153.631455,5.115967,0.089172,26.255451,-5.706348,-0.089172,0.442374,0.892386,-0.892386,NA,NA,NA,NA,NA,NA,NA,NA,NA,NA,NA,NA
NA,NA,NA,NA,NA,NA,NA,NA,NA,NA,NA,NA,NA,NA,NA,NA,175,2026-02-20,15:23:04,1,1,"Slifka, Denver",10107869,Right,CAR_EAG,"Wainwright, Mackenzie",694679,Right,LEN_BEA,Undefined,4,Top,0,0,0,Slider,Curveball,InPlay,Undefined,LineDrive,Out,1,0,NA,73.63695,1.457311,-1.029639,2270.659145,35.471396,07:15:00,5.73096,1.54686,5.78607,-65.615,-12.7756,-10.49367,1.61939,-0.28566,66.71717,-10.555396,-2.91447,0.523179,99.20504,19.698194,12.854894,3831.190644,105.78593,34.47905,30.15505,332.6348,323.31976,22.39542,3.798312,4.98831,-6.46449,-1.4556,50,5.81198,2.29557,-106.8004,0.67954,5.61785,22.6685,-39.45439,CAR_EAG,LEN_BEA,CarsonNewman,D2,Team,20260220-CarsonNewman-1,f84347a0-0e99-11f1-8304-27cb6f288688,72.04501,44.5796,NA,6.91978,NA,NA,NA,1.37711,1.74101,0.33266,46df0e37-f40e-476d-8c8d-a76c06d1b556,2026-02-20,20:23:04,2026-02-20T20:23:04Z,2026-02-20T20:23:04Z,LineDrive,v3,CNE,NA,NA,"Rogers, Jacob",1000215913,Right,CAR_EAG,eeb9d71d-c401-4260-a80e-b4de8370fa5d,54.71681,-107.7969,11.33425,5.74398,2.41394,-19.7272,-1.55109,2.04861,2.80893,221.977186,1.37673,133.56197,-25.12644,5.35002,-1.11846,0.22078,-0.03766,0.00417,-1.8e-4,1.74142,49.03265,-14.85486,0.45273,0.02454,-0.01478,0.00208,6.2e-4,-1.2e-4,0.33311,30.46519,3.68914,-1.79934,0.53764,-0.13469,0.02678,-0.00327,1.7e-4,NA,NA,NA,NA,NA,NA,NA,NA,NA,NA,NA,NA,NA,NA,NA,NA,NA,NA,NA,NA,NA,NA,High,High,High,High,High,NA,NA,NA,44.476382,48.504644,1504.44642,0.662559,07:30:00,-0.728347,0.483098,0.485929,-10.11783,8.608892,26.031885,-0.510025,128.900916,-0.540159,-42.021123,0.540159,-0.669405,0.510025,43.356417,-30.665513,0.669405,-0.669405,-128.900916,30.665513,0.510025,42.021123,-43.356417,-0.510025,0.669405,0.540159,-0.540159,NA,NA,NA,NA,NA,NA,NA,NA,NA,NA,NA,NA
NA,NA,NA,NA,NA,NA,NA,NA,NA,NA,NA,NA,NA,NA,NA,NA,176,2026-02-20,15:23:34,2,1,"Slifka, Denver",10107869,Right,CAR_EAG,"Procopio, Matthew",10069634,Right,LEN_BEA,Undefined,4,Top,1,0,0,Slider,Curveball,StrikeCalled,Undefined,Undefined,Undefined,0,0,NA,72.59602,2.867565,0.208792,2361.074351,48.653589,07:30:00,5.65386,1.48714,5.74803,-63.287,-9.39367,-12.75194,3.05198,0.61887,66.11509,-8.734513,-2.076144,0.528371,NA,NA,NA,NA,NA,NA,NA,NA,NA,NA,NA,6.50552,-5.03969,-1.4968,50,5.85422,0.076,-105.30587,3.32156,7.21706,19.89414,-37.76495,CAR_EAG,LEN_BEA,CarsonNewman,D2,Team,20260220-CarsonNewman-1,09e26360-0e9a-11f1-8304-27cb6f288688,71.33708,NA,NA,6.48094,NA,NA,NA,NA,NA,NA,46df0e37-f40e-476d-8c8d-a76c06d1b556,2026-02-20,20:23:34,2026-02-20T20:23:34Z,2026-02-20T20:23:34Z,NA,v3,CNE,NA,NA,"Rogers, Jacob",1000215913,Right,CAR_EAG,8d12e910-294b-44da-82b9-7f22e6f650c4,54.75494,-106.20036,9.94707,5.6667,5.01957,-18.88248,-1.49292,-0.2485,3.60853,NA,NA,NA,NA,NA,NA,NA,NA,NA,NA,NA,NA,NA,NA,NA,NA,NA,NA,NA,NA,NA,NA,NA,NA,NA,NA,NA,NA,NA,NA,NA,NA,NA,NA,NA,NA,NA,NA,NA,NA,NA,NA,NA,NA,NA,NA,NA,NA,NA,NA,High,High,High,NA,NA,NA,NA,NA,49.792904,51.172136,1480.352868,0.626983,07:45:00,-0.755573,0.51721,0.401999,-15.077379,-1.640024,20.739411,-0.511721,134.114513,-0.598051,-38.084873,0.598051,-0.616828,0.511721,40.551858,-30.778513,0.616828,-0.616828,-134.114513,30.778513,0.511721,38.084873,-40.551858,-0.511721,0.616828,0.598051,-0.598051,NA,NA,NA,NA,NA,NA,NA,NA,NA,NA,NA,NA
NA,NA,NA,NA,NA,NA,NA,NA,NA,NA,NA,NA,NA,NA,NA,NA,177,2026-02-20,15:23:48,2,2,"Slifka, Denver",10107869,Right,CAR_EAG,"Procopio, Matthew",10069634,Right,LEN_BEA,Undefined,4,Top,1,0,1,Slider,Curveball,BallCalled,Undefined,Undefined,Undefined,0,0,NA,71.83757,2.86816,0.997965,2196.45199,53.882994,07:45:00,5.97166,1.62108,5.69385,-61.2418,-5.60205,-10.48256,3.54388,1.67771,64.80703,-8.399373,-0.877565,0.536864,NA,NA,NA,NA,NA,NA,NA,NA,NA,NA,NA,5.60429,-3.1087,-1.69849,50,6.17545,-1.43127,-104.0504,3.34582,6.02075,20.72315,-35.51376,CAR_EAG,LEN_BEA,CarsonNewman,D2,Team,20260220-CarsonNewman-1,1258d4c0-0e9a-11f1-8304-27cb6f288688,70.20859,NA,NA,7.03054,NA,NA,NA,NA,NA,NA,46df0e37-f40e-476d-8c8d-a76c06d1b556,2026-02-20,20:23:48,2026-02-20T20:23:48Z,2026-02-20T20:23:48Z,NA,v3,CNE,NA,NA,"Rogers, Jacob",1000215913,Right,CAR_EAG,a2371d8d-f3b9-416a-8992-10c23a38b09a,54.80608,-105.00324,10.36158,5.98407,4.97872,-17.75688,-1.62632,-1.7081,3.01037,NA,NA,NA,NA,NA,NA,NA,NA,NA,NA,NA,NA,NA,NA,NA,NA,NA,NA,NA,NA,NA,NA,NA,NA,NA,NA,NA,NA,NA,NA,NA,NA,NA,NA,NA,NA,NA,NA,NA,NA,NA,NA,NA,NA,NA,NA,NA,NA,NA,NA,High,High,High,NA,NA,NA,NA,NA,45.575435,47.400169,1486.720813,0.676874,07:30:00,-0.719133,0.519632,0.461336,-17.982442,13.997323,22.504944,-0.563457,131.897458,-0.551699,-37.947126,0.551699,-0.614934,0.563457,45.60407,-34.295214,0.614934,-0.614934,-131.897458,34.295214,0.563457,37.947126,-45.60407,-0.563457,0.614934,0.551699,-0.551699,NA,NA,NA,NA,NA,NA,NA,NA,NA,NA,NA,NA
NA,NA,NA,NA,NA,NA,NA,NA,NA,NA,NA,NA,NA,NA,NA,NA,178,2026-02-20,15:24:07,2,3,"Slifka, Denver",10107869,Right,CAR_EAG,"Procopio, Matthew",10069634,Right,LEN_BEA,Undefined,4,Top,1,1,1,Fastball,Slider,InPlay,Undefined,FlyBall,Out,1,0,NA,80.76258,-0.215084,-2.199433,2061.575967,168.775039,11:45:00,5.90844,1.62489,6.05407,-34.45821,8.30843,-1.37221,2.83767,-0.52645,73.78344,-6.629092,-2.446314,0.470678,98.32071,32.321051,6.420954,4311.905504,108.45748,67.62803,18.3556,339.79082,335.68051,13.613804,5.173055,0.06453,4.74544,-1.45305,50,5.87319,4.55378,-117.25117,-1.47643,0.08933,23.30351,-25.60408,CAR_EAG,LEN_BEA,CarsonNewman,D2,Team,20260220-CarsonNewman-1,1d75fc20-0e9a-11f1-8304-27cb6f288688,80.08115,92.20374,NA,6.97915,NA,NA,NA,1.21385,3.2536,0.68531,46df0e37-f40e-476d-8c8d-a76c06d1b556,2026-02-20,20:24:07,2026-02-20T20:24:07Z,2026-02-20T20:24:07Z,FlyBall,v3,CNE,NA,NA,"Rogers, Jacob",1000215913,Right,CAR_EAG,d822d7e4-749f-49fd-8ac6-9037ed1ceffb,54.44667,-118.13163,11.65175,5.9107,-0.50905,-12.80204,-1.62504,4.55041,0.04467,201.505141,1.2183,121.00471,-29.15266,7.47512,-1.35353,0.14334,-0.00387,-5.7e-4,3e-5,3.25275,77.11019,-17.61202,-0.25472,0.61537,-0.25052,0.05984,-0.00758,3.8e-4,0.68421,13.65304,3.37594,-1.6902,0.4503,-0.0719,0.00579,-1.1e-4,-1e-5,NA,NA,NA,NA,NA,NA,NA,NA,NA,NA,NA,NA,NA,NA,NA,NA,NA,NA,NA,NA,NA,NA,High,High,High,Medium,Medium,NA,NA,NA,198.970399,56.044162,1151.500964,0.558554,12:45:00,-0.848442,-0.184687,-0.496021,111.691923,19.056231,-48.63167,0.236816,163.060077,-0.9294,16.444157,0.9294,-0.283081,-0.236816,14.295079,13.698692,0.283081,0.283081,-163.060077,-13.698692,0.236816,-16.444157,-14.295079,-0.236816,-0.283081,0.9294,-0.9294,NA,NA,NA,NA,NA,NA,NA,NA,NA,NA,NA,NA
NA,NA,NA,NA,NA,NA,NA,NA,NA,NA,NA,NA,NA,NA,NA,NA,179,2026-02-20,15:24:44,3,1,"Slifka, Denver",10107869,Right,CAR_EAG,"Christmas, Seth",1000191967,Right,LEN_BEA,Undefined,4,Top,2,0,0,Cutter,Slider,BallCalled,Undefined,Undefined,Undefined,0,0,NA,79.78679,1.375811,-1.746038,2172.264504,144.813204,10:45:00,6.13238,1.61622,5.90764,-39.09353,5.30862,-2.655,4.15252,-0.22628,72.21887,-5.89477,-2.222299,0.479594,NA,NA,NA,NA,NA,NA,NA,NA,NA,NA,NA,0.80039,2.77103,-1.47449,50,6.22099,3.62975,-115.69152,1.55892,1.07121,24.10778,-28.46546,CAR_EAG,LEN_BEA,CarsonNewman,D2,Team,20260220-CarsonNewman-1,33dd0030-0e9a-11f1-8304-27cb6f288688,78.59244,NA,NA,7.56793,NA,NA,NA,NA,NA,NA,46df0e37-f40e-476d-8c8d-a76c06d1b556,2026-02-20,20:24:44,2026-02-20T20:24:44Z,2026-02-20T20:24:44Z,NA,v3,CNE,NA,NA,"Rogers, Jacob",1000215913,Right,CAR_EAG,2038cd3a-6660-49c8-95bb-289dfedc7c9f,54.59027,-116.64412,12.05389,6.13717,2.68371,-14.23273,-1.61709,3.58743,0.53561,NA,NA,NA,NA,NA,NA,NA,NA,NA,NA,NA,NA,NA,NA,NA,NA,NA,NA,NA,NA,NA,NA,NA,NA,NA,NA,NA,NA,NA,NA,NA,NA,NA,NA,NA,NA,NA,NA,NA,NA,NA,NA,NA,NA,NA,NA,NA,NA,NA,NA,High,High,High,NA,NA,NA,NA,NA,188.379364,67.281673,838.930977,0.386201,12:15:00,-0.934713,-0.034116,-0.353762,100.936946,14.343231,-53.820225,0.420178,159.566698,-0.850345,18.469702,0.850345,-0.316803,-0.420178,26.295192,24.845814,0.316803,0.316803,-159.566698,-24.845814,0.420178,-18.469702,-26.295192,-0.420178,-0.316803,0.850345,-0.850345,NA,NA,NA,NA,NA,NA,NA,NA,NA,NA,NA,NA
NA,NA,NA,NA,NA,NA,NA,NA,NA,NA,NA,NA,NA,NA,NA,NA,180,2026-02-20,15:24:59,3,2,"Slifka, Denver",10107869,Right,CAR_EAG,"Christmas, Seth",1000191967,Right,LEN_BEA,Undefined,4,Top,2,1,0,Fastball,Changeup,BallCalled,Undefined,Undefined,Undefined,0,0,NA,81.66818,1.582517,-2.181793,1974.487331,235.446779,01:45:00,6.0081,1.47654,6.61035,-32.49537,9.19158,11.04705,4.75113,0.39768,73.01347,-4.60569,-0.174089,0.464699,NA,NA,NA,NA,NA,NA,NA,NA,NA,NA,NA,-6.48071,4.7652,-1.33164,50,6.10296,4.09805,-118.39312,2.39135,-8.98414,27.51217,-25.56806,CAR_EAG,LEN_BEA,CarsonNewman,D2,Team,20260220-CarsonNewman-1,3c489c20-0e9a-11f1-8304-27cb6f288688,81.11159,NA,NA,8.65471,NA,NA,NA,NA,NA,NA,46df0e37-f40e-476d-8c8d-a76c06d1b556,2026-02-20,20:24:59,2026-02-20T20:24:59Z,2026-02-20T20:24:59Z,NA,v3,CNE,NA,NA,"Rogers, Jacob",1000215913,Right,CAR_EAG,7a39bab5-f398-44be-8351-05cdec09cda0,53.88535,-119.29258,13.75608,6.01111,3.22724,-12.78403,-1.47042,4.39177,-4.49207,NA,NA,NA,NA,NA,NA,NA,NA,NA,NA,NA,NA,NA,NA,NA,NA,NA,NA,NA,NA,NA,NA,NA,NA,NA,NA,NA,NA,NA,NA,NA,NA,NA,NA,NA,NA,NA,NA,NA,NA,NA,NA,NA,NA,NA,NA,NA,NA,NA,NA,High,High,High,NA,NA,NA,NA,NA,211.573253,40.017544,1512.156356,0.765848,01:00:00,-0.678217,-0.383078,-0.627115,41.67227,41.098822,-21.428047,-0.980433,167.767554,-0.192383,-2.390431,0.192383,-0.041709,0.980433,78.898314,-78.647031,0.041709,-0.041709,-167.767554,78.647031,0.980433,2.390431,-78.898314,-0.980433,0.041709,0.192383,-0.192383,NA,NA,NA,NA,NA,NA,NA,NA,NA,NA,NA,NA
NA,NA,NA,NA,NA,NA,NA,NA,NA,NA,NA,NA,NA,NA,NA,NA,181,2026-02-20,15:25:15,3,3,"Slifka, Denver",10107869,Right,CAR_EAG,"Christmas, Seth",1000191967,Right,LEN_BEA,Undefined,4,Top,2,2,0,Fastball,Changeup,StrikeSwinging,Undefined,Undefined,Undefined,0,0,NA,81.07912,0.048827,-2.581001,1963.616727,237.641286,02:00:00,5.98786,1.36064,6.19217,-31.23002,11.90237,16.08572,3.43049,0.31652,72.35212,-5.871022,0.320523,0.472686,NA,NA,NA,NA,NA,NA,NA,NA,NA,NA,NA,-9.12414,6.63851,-1.1733,50,5.97623,4.6618,-117.42,-0.78804,-12.39956,27.74423,-23.15242,CAR_EAG,LEN_BEA,CarsonNewman,D2,Team,20260220-CarsonNewman-1,45d18ef0-0e9a-11f1-8304-27cb6f288688,79.74092,NA,NA,8.72699,NA,NA,NA,NA,NA,NA,46df0e37-f40e-476d-8c8d-a76c06d1b556,2026-02-20,20:25:15,2026-02-20T20:25:15Z,2026-02-20T20:25:15Z,NA,v3,CNE,NA,NA,"Rogers, Jacob",1000215913,Right,CAR_EAG,4ca6c56d-c583-4455-a545-c03ce4fa17fc,54.30301,-118.43236,13.87211,5.98957,0.05677,-11.57621,-1.35166,5.11425,-6.19978,NA,NA,NA,NA,NA,NA,NA,NA,NA,NA,NA,NA,NA,NA,NA,NA,NA,NA,NA,NA,NA,NA,NA,NA,NA,NA,NA,NA,NA,NA,NA,NA,NA,NA,NA,NA,NA,NA,NA,NA,NA,NA,NA,NA,NA,NA,NA,NA,NA,NA,High,High,High,NA,NA,NA,NA,NA,206.411357,43.277978,1429.584253,0.728036,01:00:00,-0.714481,-0.323255,-0.620502,-81.516761,-37.986095,45.409132,-0.958661,163.709396,-0.273126,-4.578161,0.273126,-0.079819,0.958661,74.097562,-73.468035,0.079819,-0.079819,-163.709396,73.468035,0.958661,4.578161,-74.097562,-0.958661,0.079819,0.273126,-0.273126,NA,NA,NA,NA,NA,NA,NA,NA,NA,NA,NA,NA
NA,NA,NA,NA,NA,NA,NA,NA,NA,NA,NA,NA,NA,NA,NA,NA,182,2026-02-20,15:25:32,3,4,"Slifka, Denver",10107869,Right,CAR_EAG,"Christmas, Seth",1000191967,Right,LEN_BEA,Undefined,4,Top,2,2,1,Slider,Curveball,InPlay,Undefined,FlyBall,HomeRun,0,1,NA,73.38137,1.757168,-0.683366,2481.32933,47.100795,07:30:00,5.96761,1.65181,5.86884,-60.59054,-7.72989,-10.37662,2.5513,0.15227,66.50319,-9.38826,-2.548168,0.523284,93.61071,31.775642,-30.807561,2267.745392,93.38449,53.52295,-58.13203,377.20284,313.3732,-38.945905,4.557391,5.10268,-4.07059,-1.59027,50,6.07472,1.63116,-106.45369,1.44897,5.73229,21.85861,-36.74688,CAR_EAG,LEN_BEA,CarsonNewman,D2,Team,20260220-CarsonNewman-1,4ff402a0-0e9a-11f1-8304-27cb6f288688,72.03054,70.84543,NA,6.87818,NA,NA,NA,3.04161,2.62211,-0.28553,46df0e37-f40e-476d-8c8d-a76c06d1b556,2026-02-20,20:25:32,2026-02-20T20:25:32Z,2026-02-20T20:25:32Z,FlyBall,v3,CNE,NA,NA,"Rogers, Jacob",1000215913,Right,CAR_EAG,c1e0cf26-13e0-4ba3-984b-18d60eed416b,54.63364,-107.40092,10.9293,5.97743,3.04138,-18.37344,-1.65558,1.38276,2.86615,89.618812,3.04232,100.24122,-8.31531,0.13799,-0.37641,0.22069,-0.0551,0.00683,-3.4e-4,2.62341,72.26744,-22.6766,2.03716,-0.15606,0.03533,-0.01356,0.0022,-1.3e-4,-0.28547,-59.78164,0.3918,0.52562,2e-4,-0.03912,0.01084,-0.00134,7e-5,NA,NA,NA,NA,NA,NA,NA,NA,NA,NA,NA,NA,NA,NA,NA,NA,NA,NA,NA,NA,NA,NA,High,High,High,Medium,Medium,NA,NA,NA,50.836947,53.42312,1478.626318,0.595901,07:45:00,-0.783968,0.48644,0.385707,-23.195099,10.087935,25.21596,-0.562151,133.863148,-0.573084,-36.604595,0.573084,-0.596289,0.562151,44.448255,-34.204709,0.596289,-0.596289,-133.863148,34.204709,0.562151,36.604595,-44.448255,-0.562151,0.596289,0.573084,-0.573084,NA,NA,NA,NA,NA,NA,NA,NA,NA,NA,NA,NA
NA,NA,NA,NA,NA,NA,NA,NA,NA,NA,NA,NA,NA,NA,NA,NA,183,2026-02-20,15:26:20,4,1,"Slifka, Denver",10107869,Right,CAR_EAG,"Boris, Sylas",1000138481,Right,LEN_BEA,Undefined,4,Top,2,0,0,Fastball,Changeup,FoulBallNotFieldable,Undefined,Undefined,Undefined,0,0,NA,82.63116,-0.867363,-3.168096,2072.286886,219.449566,01:15:00,5.80916,1.44726,6.48805,-29.98805,10.39796,7.42197,2.51254,-0.84588,75.14557,-6.520795,-1.823024,0.45739,NA,NA,NA,NA,NA,NA,NA,NA,NA,NA,NA,-4.87796,6.10949,-1.22786,50,5.73502,6.37233,-119.90515,-2.64939,-7.03295,25.27463,-23.36548,CAR_EAG,LEN_BEA,CarsonNewman,D2,Team,20260220-CarsonNewman-1,6cf4efe0-0e9a-11f1-8304-27cb6f288688,82.40761,NA,NA,7.48559,NA,NA,NA,NA,NA,NA,46df0e37-f40e-476d-8c8d-a76c06d1b556,2026-02-20,20:26:20,2026-02-20T20:26:20Z,2026-02-20T20:26:20Z,NA,v3,CNE,NA,NA,"Rogers, Jacob",1000215913,Right,CAR_EAG,2d39dffe-ad88-40de-814b-fcab9804424a,54.01255,-120.74799,12.63731,5.81037,-1.87021,-11.68274,-1.44427,6.60686,-3.51647,NA,NA,NA,NA,NA,NA,NA,NA,NA,NA,NA,NA,NA,NA,NA,NA,NA,NA,NA,NA,NA,NA,NA,NA,NA,NA,NA,NA,NA,NA,NA,NA,NA,NA,NA,NA,NA,NA,NA,NA,NA,NA,NA,NA,NA,NA,NA,NA,NA,NA,High,High,High,NA,NA,NA,NA,NA,208.389828,41.780092,1545.319979,0.745708,01:00:00,-0.696075,-0.364605,-0.6185,56.000515,61.785569,11.44014,-0.916231,152.010878,-0.35379,-10.837685,0.35379,-0.188027,0.916231,68.886606,-66.381083,0.188027,-0.188027,-152.010878,66.381083,0.916231,10.837685,-68.886606,-0.916231,0.188027,0.35379,-0.35379,NA,NA,NA,NA,NA,NA,NA,NA,NA,NA,NA,NA
NA,NA,NA,NA,NA,NA,NA,NA,NA,NA,NA,NA,NA,NA,NA,NA,184,2026-02-20,15:26:41,4,2,"Slifka, Denver",10107869,Right,CAR_EAG,"Boris, Sylas",1000138481,Right,LEN_BEA,Undefined,4,Top,2,0,1,Cutter,Slider,BallCalled,Undefined,Undefined,Undefined,0,0,NA,81.52614,-1.881054,-3.190729,2217.267357,155.499526,11:15:00,5.71892,1.24645,6.15,-32.49065,9.54292,-3.70748,1.26992,-2.01384,74.51443,-7.921861,-3.85818,0.466627,NA,NA,NA,NA,NA,NA,NA,NA,NA,NA,NA,0.95248,5.93874,-1.00165,50,5.55903,6.72701,-118.16404,-4.85234,1.33657,24.09182,-23.84034,CAR_EAG,LEN_BEA,CarsonNewman,D2,Team,20260220-CarsonNewman-1,79a90af0-0e9a-11f1-8304-27cb6f288688,80.77644,NA,NA,7.0117,NA,NA,NA,NA,NA,NA,46df0e37-f40e-476d-8c8d-a76c06d1b556,2026-02-20,20:26:41,2026-02-20T20:26:41Z,2026-02-20T20:26:41Z,NA,v3,CNE,NA,NA,"Rogers, Jacob",1000215913,Right,CAR_EAG,dff727eb-67cd-41e6-a2c1-7c796843c256,54.34872,-119.04738,12.04591,5.72091,-3.97823,-11.92017,-1.2474,6.678,0.66828,NA,NA,NA,NA,NA,NA,NA,NA,NA,NA,NA,NA,NA,NA,NA,NA,NA,NA,NA,NA,NA,NA,NA,NA,NA,NA,NA,NA,NA,NA,NA,NA,NA,NA,NA,NA,NA,NA,NA,NA,NA,NA,NA,NA,NA,NA,NA,NA,NA,NA,High,High,High,NA,NA,NA,NA,NA,195.073078,57.9346,1177.118248,0.530887,12:30:00,-0.869681,-0.1658,-0.464936,110.83229,17.624683,-47.289594,0.305457,162.88915,-0.910059,16.269711,0.910059,-0.280159,-0.305457,18.554083,17.785654,0.280159,0.280159,-162.88915,-17.785654,0.305457,-16.269711,-18.554083,-0.305457,-0.280159,0.910059,-0.910059,NA,NA,NA,NA,NA,NA,NA,NA,NA,NA,NA,NA
NA,NA,NA,NA,NA,NA,NA,NA,NA,NA,NA,NA,NA,NA,NA,NA,185,2026-02-20,15:26:58,4,3,"Slifka, Denver",10107869,Right,CAR_EAG,"Boris, Sylas",1000138481,Right,LEN_BEA,Undefined,4,Top,2,1,1,Fastball,Changeup,InPlay,Undefined,LineDrive,Out,1,0,NA,81.76609,-0.067669000000000007,-2.596124,1877.122241,240.638472,02:00:00,5.58461,1.32538,6.57295,-31.73332,10.518980000000001,15.47532,2.87808,0.23366,72.2355,-6.140049,0.215838,0.467839,96.80556,8.966275,-36.468107,3621.229768,NA,NA,NA,136.42481,113.59375,-40.148952,1.085945,-9.14776,6.04213,-1.15281,50,5.56699,4.80324,-118.41749,-0.98567,-12.47397,30.95732,-23.93493,CAR_EAG,LEN_BEA,CarsonNewman,D2,Team,20260220-CarsonNewman-1,83930980-0e9a-11f1-8304-27cb6f288688,80.56708,8.20005,NA,9.53059,NA,NA,NA,2.71911,3.2819,-0.17219,46df0e37-f40e-476d-8c8d-a76c06d1b556,2026-02-20,20:26:58,2026-02-20T20:26:58Z,2026-02-20T20:26:58Z,LineDrive,v3,CNE,NA,NA,"Rogers, Jacob",1000215913,Right,CAR_EAG,39ca9fce-3553-4893-aefa-94dc25669668,53.92359,-119.43881,15.47866,5.58648,-0.19602,-11.96747,-1.31806,5.21478,-6.23699,NA,2.71911,112.78439,-21.08229,3.82725,-0.84894,0.20628,-0.08218,0.03366,-0.00679,3.2819,22.12823,-26.41121,3.7465,-0.88239,0.2301,-0.07247,0.02441,-0.00451,-0.17219,-83.35889,1.38109,1.22269,-0.46668,0.18293,-0.08587,0.03681,-0.00759,NA,NA,NA,NA,NA,NA,NA,NA,NA,NA,NA,NA,NA,NA,NA,NA,NA,NA,NA,NA,NA,NA,High,High,High,Medium,High,NA,NA,NA,NA,NA,NA,NA,NA,NA,NA,NA,NA,NA,NA,NA,NA,NA,NA,NA,NA,NA,NA,NA,NA,NA,NA,NA,NA,NA,NA,NA,NA,NA,NA,NA,NA,NA,NA,NA,NA,NA,NA,NA,NA,NA,NA
NA,NA,NA,NA,NA,NA,NA,NA,NA,NA,NA,NA,NA,NA,NA,NA,186,2026-02-20,15:28:49,1,1,"Burnley, Michael",10109139,Right,LEN_BEA,"Pierce, Johno",10069844,Right,CAR_EAG,Undefined,4,Bottom,0,0,0,Fastball,Four-Seam,StrikeCalled,Undefined,Undefined,Undefined,0,0,NA,89.46884,-2.355985,-2.006711,2213.947446,204.040822,12:45:00,5.90516,0.65588,6.22858,-18.9904,16.0606,6.58819,2.14634,-0.64734,80.64256,-5.988844,-0.817176,0.42611,NA,NA,NA,NA,NA,NA,NA,NA,NA,NA,NA,-4.04681,9.45386,-0.50894,50,5.71949,4.26787,-129.65675,-5.86752,-6.77538,31.27165,-16.34583,CAR_EAG,LEN_BEA,CarsonNewman,D2,Team,20260220-CarsonNewman-1,c59e3bb0-0e9a-11f1-8304-27cb6f288688,88.45708,NA,NA,8.82628,NA,NA,NA,NA,NA,NA,46df0e37-f40e-476d-8c8d-a76c06d1b556,2026-02-20,20:28:49,2026-02-20T20:28:49Z,2026-02-20T20:28:49Z,NA,v3,CNE,NA,NA,"Christmas, Seth",1000191967,Right,LEN_BEA,2f5a95f1-b521-46aa-9b07-63f65ff7af11,54.26868,-130.68225,15.63582,5.90312,-5.33149,-8.17292,-0.65255,4.49006,-3.38769,NA,NA,NA,NA,NA,NA,NA,NA,NA,NA,NA,NA,NA,NA,NA,NA,NA,NA,NA,NA,NA,NA,NA,NA,NA,NA,NA,NA,NA,NA,NA,NA,NA,NA,NA,NA,NA,NA,NA,NA,NA,NA,NA,NA,NA,NA,NA,NA,NA,NA,High,High,High,NA,NA,NA,NA,NA,193.426998,22.14526,2050.627089,0.926231,12:30:00,-0.399117,-0.230391,-0.887483,-38.551597,-40.952678,-85.036378,-0.171345,153.835842,-0.884261,-25.748611,0.884261,-0.434423,0.171345,10.966392,-9.866011,0.434423,-0.434423,-153.835842,9.866011,0.171345,25.748611,-10.966392,-0.171345,0.434423,0.884261,-0.884261,NA,NA,NA,NA,NA,NA,NA,NA,NA,NA,NA,NA
NA,NA,NA,NA,NA,NA,NA,NA,NA,NA,NA,NA,NA,NA,NA,NA,187,2026-02-20,15:29:03,1,2,"Burnley, Michael",10109139,Right,LEN_BEA,"Pierce, Johno",10069844,Right,CAR_EAG,Undefined,4,Bottom,0,0,1,Slider,Slider,InPlay,Undefined,LineDrive,Double,0,0,NA,80.17186,-1.435636,0.092112,2242.858315,131.387536,10:30:00,6.24804,0.69734,5.87667,-31.50954,12.92469,-12.73119,2.28857,-0.27804,72.09725,-7.342766,-2.194661,0.479767,64.64552,28.642656,1.142959,3507.54013,109.79164,34.84471,6.7667,202.66393,202.66393,5.791913,3.130411,6.57607,7.59201,-0.69725,50,6.11403,0.29892,-116.19877,-3.84282,8.77665,26.61172,-22.04146,CAR_EAG,LEN_BEA,CarsonNewman,D2,Team,20260220-CarsonNewman-1,cdd5cf50-0e9a-11f1-8304-27cb6f288688,78.56405,34.84189,NA,8.07461,NA,NA,NA,2.57862,2.5132,0.24607,46df0e37-f40e-476d-8c8d-a76c06d1b556,2026-02-20,20:29:03,2026-02-20T20:29:03Z,2026-02-20T20:29:03Z,LineDrive,v3,CNE,NA,NA,"Christmas, Seth",1000191967,Right,LEN_BEA,dd73f3c9-4ad1-48cb-bf0a-2d3fb8a47ee9,54.62181,-117.25247,13.30586,6.24891,-2.97008,-11.02073,-0.7022,-0.04859,4.38833,213.731173,2.57889,83.1848,-8.93561,1.27646,-0.12179,-0.03097,0.00749,0.00148,-3.6e-4,2.51314,45.44955,-17.35585,1.16541,-0.16868,-0.00526,0.02356,-0.00722,7e-4,0.24605,1.66048,2.26781,-0.35954,0.05421,-0.00132,-0.00182,2.6e-4,-1e-5,NA,NA,NA,NA,NA,NA,NA,NA,NA,NA,NA,NA,NA,NA,NA,NA,NA,NA,NA,NA,NA,NA,High,High,High,High,High,NA,NA,NA,125.382994,64.828264,953.961397,0.425333,10:15:00,-0.913044,0.32399,-0.247753,-60.879895,7.108114,22.189491,-0.686633,123.423293,-0.400449,-37.356699,0.400449,-0.606775,0.686633,59.748993,-43.364156,0.606775,-0.606775,-123.423293,43.364156,0.686633,37.356699,-59.748993,-0.686633,0.606775,0.400449,-0.400449,NA,NA,NA,NA,NA,NA,NA,NA,NA,NA,NA,NA
NA,NA,NA,NA,NA,NA,NA,NA,NA,NA,NA,NA,NA,NA,NA,NA,188,2026-02-20,15:29:48,2,1,"Burnley, Michael",10109139,Right,LEN_BEA,"Rogers, Jacob",1000215913,Right,CAR_EAG,Undefined,4,Bottom,0,0,0,Fastball,Four-Seam,StrikeCalled,Undefined,Undefined,Undefined,0,0,NA,89.73053,-2.43927,-0.278232,2237.451496,198.664703,12:30:00,5.95133,0.80023,6.27741,-17.7821,16.37355,5.16878,2.2196,0.97449,82.26829,-5.817338,0.65663,0.420633,NA,NA,NA,NA,NA,NA,NA,NA,NA,NA,NA,-2.75276,9.49961,-0.78203,50,5.76221,0.42323,-130.34461,-6.05085,-4.74243,27.03857,-15.80821,CAR_EAG,LEN_BEA,CarsonNewman,D2,Team,20260220-CarsonNewman-1,e8cbf870-0e9a-11f1-8304-27cb6f288688,89.60895,NA,NA,7.46223,NA,NA,NA,NA,NA,NA,46df0e37-f40e-476d-8c8d-a76c06d1b556,2026-02-20,20:29:48,2026-02-20T20:29:48Z,2026-02-20T20:29:48Z,NA,v3,CNE,NA,NA,"Christmas, Seth",1000191967,Right,LEN_BEA,14ecacfb-fda5-4dd8-97c8-1fbd0710e4fa,54.2225,-131.2176,13.51929,5.94934,-5.54045,-7.9041,-0.79817,0.57635,-2.37122,NA,NA,NA,NA,NA,NA,NA,NA,NA,NA,NA,NA,NA,NA,NA,NA,NA,NA,NA,NA,NA,NA,NA,NA,NA,NA,NA,NA,NA,NA,NA,NA,NA,NA,NA,NA,NA,NA,NA,NA,NA,NA,NA,NA,NA,NA,NA,NA,NA,NA,High,High,High,NA,NA,NA,NA,NA,189.271278,19.590557,2107.931533,0.942113,12:15:00,-0.333044,-0.165916,-0.928199,-32.564092,-32.608493,-85.797615,-0.171962,157.211573,-0.908208,-22.430317,0.908208,-0.38156,0.171962,10.721603,-9.901932,0.38156,-0.38156,-157.211573,9.901932,0.171962,22.430317,-10.721603,-0.171962,0.38156,0.908208,-0.908208,NA,NA,NA,NA,NA,NA,NA,NA,NA,NA,NA,NA
NA,NA,NA,NA,NA,NA,NA,NA,NA,NA,NA,NA,NA,NA,NA,NA,189,2026-02-20,15:30:06,2,2,"Burnley, Michael",10109139,Right,LEN_BEA,"Rogers, Jacob",1000215913,Right,CAR_EAG,Undefined,4,Bottom,0,0,1,Fastball,Four-Seam,StrikeCalled,Undefined,Undefined,Undefined,0,0,NA,89.79371,-2.965914,-1.60192,2353.339737,193.55994,12:30:00,6.12896,0.59683,6.35283,-17.53351,16.89674,3.78492,1.93428,-0.56267,81.4849,-6.322446,-0.916747,0.42232,NA,NA,NA,NA,NA,NA,NA,NA,NA,NA,NA,-2.44571,10.04666,-0.48219,50,5.9051,3.48528,-130.19489,-7.21547,-4.15714,29.81219,-15.09705,CAR_EAG,LEN_BEA,CarsonNewman,D2,Team,20260220-CarsonNewman-1,f3c14c80-0e9a-11f1-8304-27cb6f288688,89.25093,NA,NA,8.30881,NA,NA,NA,NA,NA,NA,46df0e37-f40e-476d-8c8d-a76c06d1b556,2026-02-20,20:30:06,2026-02-20T20:30:06Z,2026-02-20T20:30:06Z,NA,v3,CNE,NA,NA,"Christmas, Seth",1000191967,Right,LEN_BEA,82bf127a-4da0-437d-aa88-56ff40d4eb68,54.14489,-131.14055,14.90609,6.12639,-6.73658,-7.54853,-0.59483,3.61715,-2.07857,NA,NA,NA,NA,NA,NA,NA,NA,NA,NA,NA,NA,NA,NA,NA,NA,NA,NA,NA,NA,NA,NA,NA,NA,NA,NA,NA,NA,NA,NA,NA,NA,NA,NA,NA,NA,NA,NA,NA,NA,NA,NA,NA,NA,NA,NA,NA,NA,NA,NA,High,High,High,NA,NA,NA,NA,NA,192.00212200000001,20.067041,2210.472686,0.939292,12:30:00,-0.358107,-0.212816,-0.909103,22.13405,46.644943,72.972526,-0.060551,153.246412,-0.891312,-26.700602,0.891312,-0.449328,0.060551,3.886373,-3.471418,0.449328,-0.449328,-153.246412,3.471418,0.060551,26.700602,-3.886373,-0.060551,0.449328,0.891312,-0.891312,NA,NA,NA,NA,NA,NA,NA,NA,NA,NA,NA,NA
NA,NA,NA,NA,NA,NA,NA,NA,NA,NA,NA,NA,NA,NA,NA,NA,190,2026-02-20,15:30:28,2,3,"Burnley, Michael",10109139,Right,LEN_BEA,"Rogers, Jacob",1000215913,Right,CAR_EAG,Undefined,4,Bottom,0,0,2,Fastball,Four-Seam,InPlay,Undefined,GroundBall,Out,1,0,NA,91.20822,-1.415358,-0.740443,2152.326203,187.771362,12:15:00,6.28767,0.32144,5.91295,-20.12603,13.88662,1.72823,3.29646,-0.22182,82.29385,-5.227915,-0.430056,0.419751,94.61924,-17.781466000000002,6.651527,NA,NA,NA,NA,11.50391,11.04035,6.808367,0.07668,-1.12331,7.92272,-0.26303,50,6.16281,1.63439,-132.28302,-3.9049,-1.96071,32.14879,-18.345,CAR_EAG,LEN_BEA,CarsonNewman,D2,Team,20260220-CarsonNewman-1,00af3c40-0e9b-11f1-8304-27cb6f288688,89.79717,3.25762,NA,8.91437,NA,NA,NA,1.33357,3.25762,0.18722,46df0e37-f40e-476d-8c8d-a76c06d1b556,2026-02-20,20:30:28,2026-02-20T20:30:28Z,2026-02-20T20:30:28Z,GroundBall,v3,CNE,NA,NA,"Christmas, Seth",1000191967,Right,LEN_BEA,028e9842-5a9e-4f10-9900-3b8e9b7a2d9f,54.5855,-133.39278,16.07439,6.28667,-3.27164,-9.1725,-0.32062,1.70208,-0.98035,180,1.32962,131.57565,NA,NA,NA,NA,NA,NA,NA,3.2589,-42.48333,NA,NA,NA,NA,NA,NA,NA,0.18676,15.34375,NA,NA,NA,NA,NA,NA,NA,NA,NA,NA,NA,NA,NA,NA,NA,NA,NA,NA,NA,NA,NA,NA,NA,NA,NA,NA,NA,NA,NA,High,High,High,High,High,NA,NA,NA,190.285718,21.412513,2003.764275,0.930976,12:15:00,-0.37267,-0.175199,-0.911275,-35.161599,-24.818025,-62.145471,-0.135166,156.189424,-0.906489,-23.578759,0.906489,-0.400009,0.135166,8.480845,-7.768214,0.400009,-0.400009,-156.189424,7.768214,0.135166,23.578759,-8.480845,-0.135166,0.400009,0.906489,-0.906489,NA,NA,NA,NA,NA,NA,NA,NA,NA,NA,NA,NA
NA,NA,NA,NA,NA,NA,NA,NA,NA,NA,NA,NA,NA,NA,NA,NA,191,2026-02-20,15:31:01,3,1,"Burnley, Michael",10109139,Right,LEN_BEA,"Greene, Maddox",10122259,Right,CAR_EAG,Undefined,4,Bottom,1,0,0,Fastball,Four-Seam,BallCalled,Undefined,Undefined,Undefined,0,0,NA,90.95352,-3.239141,-1.546025,2236.622074,189.414108,12:15:00,6.01544,0.58384,6.40159,-18.11493,15.53607,2.37394,1.52282,-0.64044,82.24664,-6.703004,-1.115808,0.417513,NA,NA,NA,NA,NA,NA,NA,NA,NA,NA,NA,-1.72039,9.48087,-0.47394,50,5.77445,3.45831,-131.80026,-7.95621,-2.98349,31.70314,-15.73237,CAR_EAG,LEN_BEA,CarsonNewman,D2,Team,20260220-CarsonNewman-1,14398630-0e9b-11f1-8304-27cb6f288688,90.2784,NA,NA,8.70688,NA,NA,NA,NA,NA,NA,46df0e37-f40e-476d-8c8d-a76c06d1b556,2026-02-20,20:31:01,2026-02-20T20:31:01Z,2026-02-20T20:31:01Z,NA,v3,CNE,NA,NA,"Christmas, Seth",1000191967,Right,LEN_BEA,6f353335-729a-48bd-b2d4-35c8215ad318,54.09539,-132.78171,15.85157,6.01321,-7.46918,-7.86618,-0.58243,3.55067,-1.49175,NA,NA,NA,NA,NA,NA,NA,NA,NA,NA,NA,NA,NA,NA,NA,NA,NA,NA,NA,NA,NA,NA,NA,NA,NA,NA,NA,NA,NA,NA,NA,NA,NA,NA,NA,NA,NA,NA,NA,NA,NA,NA,NA,NA,NA,NA,NA,NA,NA,NA,High,High,High,NA,NA,NA,NA,NA,187.274414,26.190119,2006.998138,0.897334,12:15:00,-0.458083,-0.138378,-0.878073,-42.10163,-37.053892,-85.570019,-0.163652,153.035562,-0.879272,-26.572137,0.879272,-0.447324,0.163652,10.543371,-9.4189330000000009,0.447324,-0.447324,-153.035562,9.4189330000000009,0.163652,26.572137,-10.543371,-0.163652,0.447324,0.879272,-0.879272,NA,NA,NA,NA,NA,NA,NA,NA,NA,NA,NA,NA
NA,NA,NA,NA,NA,NA,NA,NA,NA,NA,NA,NA,NA,NA,NA,NA,192,2026-02-20,15:31:17,3,2,"Burnley, Michael",10109139,Right,LEN_BEA,"Greene, Maddox",10122259,Right,CAR_EAG,Undefined,4,Bottom,1,1,0,Slider,Slider,StrikeSwinging,Undefined,Undefined,Undefined,0,0,NA,80.58723,-1.475285,-0.382928,2364.702526,122.60728,10:00:00,6.00574,0.6901,5.58305,-35.99726,7.74748,-9.84973,1.62785,-0.48834,73.76333,-8.092621,-2.143291,0.47603,NA,NA,NA,NA,NA,NA,NA,NA,NA,NA,NA,4.85154,4.8115,-0.65073,50,5.85563,1.17674,-116.92622,-4.19398,6.67954,23.17918,-25.54964,CAR_EAG,LEN_BEA,CarsonNewman,D2,Team,20260220-CarsonNewman-1,1df10310-0e9b-11f1-8304-27cb6f288688,79.1808,NA,NA,6.8239,NA,NA,NA,NA,NA,NA,46df0e37-f40e-476d-8c8d-a76c06d1b556,2026-02-20,20:31:17,2026-02-20T20:31:17Z,2026-02-20T20:31:17Z,NA,v3,CNE,NA,NA,"Christmas, Seth",1000191967,Right,LEN_BEA,13336be6-241a-4324-b0a6-448fa81aaa4c,54.91606,-117.89674,11.58959,6.00884,-3.12421,-12.77482,-0.69414,0.89707,3.33977,NA,NA,NA,NA,NA,NA,NA,NA,NA,NA,NA,NA,NA,NA,NA,NA,NA,NA,NA,NA,NA,NA,NA,NA,NA,NA,NA,NA,NA,NA,NA,NA,NA,NA,NA,NA,NA,NA,NA,NA,NA,NA,NA,NA,NA,NA,NA,NA,NA,NA,High,High,High,NA,NA,NA,NA,NA,104.551339,66.90275,927.656172,0.392293,09:30:00,-0.929949,0.355902,-0.09235,-27.701023,-16.301494,27.236892,-0.663216,125.210501,-0.43153,-37.697697,0.43153,-0.611495,0.663216,56.949417,-41.545591,0.611495,-0.611495,-125.210501,41.545591,0.663216,37.697697,-56.949417,-0.663216,0.611495,0.43153,-0.43153,NA,NA,NA,NA,NA,NA,NA,NA,NA,NA,NA,NA
NA,NA,NA,NA,NA,NA,NA,NA,NA,NA,NA,NA,NA,NA,NA,NA,193,2026-02-20,15:31:37,3,3,"Burnley, Michael",10109139,Right,LEN_BEA,"Greene, Maddox",10122259,Right,CAR_EAG,Undefined,4,Bottom,1,1,1,Fastball,Four-Seam,InPlay,Undefined,GroundBall,Out,1,0,NA,89.51284,-2.07137,-1.333814,2322.174183,207.527091,01:00:00,6.26074,0.55542,6.51667,-20.73848,13.75831,6.52878,2.63047,-0.12467,80.95536,-6.031437,-0.147705,0.422728,94.19683,-7.347195,1.853803,NA,NA,NA,NA,19.53301,17.59321,1.920868,0.133895,-3.86103,8.24056,-0.46513,50,6.10727,2.77115,-129.92339,-5.2751,-6.50235,30.9638,-18.29619,CAR_EAG,LEN_BEA,CarsonNewman,D2,Team,20260220-CarsonNewman-1,29ddfd90-0e9b-11f1-8304-27cb6f288688,89.16484,2.61605,NA,8.55748,NA,NA,NA,1.43885,2.61605,0.08364,46df0e37-f40e-476d-8c8d-a76c06d1b556,2026-02-20,20:31:37,2026-02-20T20:31:37Z,2026-02-20T20:31:37Z,GroundBall,v3,CNE,NA,NA,"Christmas, Seth",1000191967,Right,LEN_BEA,8f830fb9-f89d-4039-93b3-1697c8fc7373,53.98293,-130.86917,15.4819,6.25987,-4.71624,-9.14809,-0.55281,2.96976,-3.25117,99.465639,1.43905,136.92988,-14.02296,NA,NA,NA,NA,NA,NA,2.61614,-17.67635,-13.91435,NA,NA,NA,NA,NA,NA,0.08366,4.43034,-1.23561,NA,NA,NA,NA,NA,NA,NA,NA,NA,NA,NA,NA,NA,NA,NA,NA,NA,NA,NA,NA,NA,NA,NA,NA,NA,NA,NA,NA,High,High,High,High,High,NA,NA,NA,181.831336,33.800406,1929.681527,0.830981,12:00:00,-0.574161,-0.046646,-0.817413,50.416818,53.622044,77.458943,-0.128212,145.837608,-0.82062,-33.842087,0.82062,-0.556906,0.128212,8.879973,-7.366274,0.556906,-0.556906,-145.837608,7.366274,0.128212,33.842087,-8.879973,-0.128212,0.556906,0.82062,-0.82062,NA,NA,NA,NA,NA,NA,NA,NA,NA,NA,NA,NA
NA,NA,NA,NA,NA,NA,NA,NA,NA,NA,NA,NA,NA,NA,NA,NA,194,2026-02-20,15:32:15,4,1,"Burnley, Michael",10109139,Right,LEN_BEA,"Smith, Braxton",1000370200,Right,CAR_EAG,Undefined,4,Bottom,2,0,0,ChangeUp,Splitter,BallCalled,Undefined,Undefined,Undefined,0,0,NA,86.50642,-3.203331,-2.360143,1041.523912,264.473558,02:45:00,5.95925,0.60359,5.95413,-35.2488,2.93622,15.26052,0.04535,-0.31482,78.06221,-9.710781,0.388285,0.444752,NA,NA,NA,NA,NA,NA,NA,NA,NA,NA,NA,-8.63229,3.05221,-0.42427,50,5.68475,4.52828,-125.16599,-8.20251,-13.37485,30.75648,-27.44495,CAR_EAG,LEN_BEA,CarsonNewman,D2,Team,20260220-CarsonNewman-1,40b3c900-0e9b-11f1-8304-27cb6f288688,84.74935,NA,NA,8.44421,NA,NA,NA,NA,NA,NA,46df0e37-f40e-476d-8c8d-a76c06d1b556,2026-02-20,20:32:15,2026-02-20T20:32:15Z,2026-02-20T20:32:15Z,NA,v3,CNE,NA,NA,"Christmas, Seth",1000191967,Right,LEN_BEA,0481baf8-1150-4c74-980b-ac842c509f38,54.54479,-126.27783,15.37824,5.96333,-7.21039,-13.72247,-0.5967,5.01177,-6.68743,NA,NA,NA,NA,NA,NA,NA,NA,NA,NA,NA,NA,NA,NA,NA,NA,NA,NA,NA,NA,NA,NA,NA,NA,NA,NA,NA,NA,NA,NA,NA,NA,NA,NA,NA,NA,NA,NA,NA,NA,NA,NA,NA,NA,NA,NA,NA,NA,NA,NA,High,High,High,NA,NA,NA,NA,NA,223.363135,7.271371,1033.147777,0.991958,01:30:00,-0.117935,-0.687106,-0.716921,95.627548,20.588866,83.303787,0.399931,93.32239,-0.053118,66.206375,0.053118,-0.915005,-0.399931,82.434441,23.573894,0.915005,0.915005,-93.32239,-23.573894,0.399931,-66.206375,-82.434441,-0.399931,-0.915005,0.053118,-0.053118,NA,NA,NA,NA,NA,NA,NA,NA,NA,NA,NA,NA
NA,NA,NA,NA,NA,NA,NA,NA,NA,NA,NA,NA,NA,NA,NA,NA,195,2026-02-20,15:32:36,4,2,"Burnley, Michael",10109139,Right,LEN_BEA,"Smith, Braxton",1000370200,Right,CAR_EAG,Undefined,4,Bottom,2,1,0,Slider,Slider,StrikeSwinging,Undefined,Undefined,Undefined,0,0,NA,81.26716,-1.48142,-0.413462,2361.649542,120.674238,10:00:00,5.90347,0.63863,5.8032,-35.2138,7.28906,-10.00591,1.59083,-0.57975,74.64059,-7.971918,-2.209053,0.469224,NA,NA,NA,NA,NA,NA,NA,NA,NA,NA,NA,4.9826,4.56579,-0.59871,50,5.76086,1.24151,-118.00851,-4.17982,7.011,22.91162,-25.74957,CAR_EAG,LEN_BEA,CarsonNewman,D2,Team,20260220-CarsonNewman-1,4d0db620-0e9b-11f1-8304-27cb6f288688,80.32927,NA,NA,6.62657,NA,NA,NA,NA,NA,NA,46df0e37-f40e-476d-8c8d-a76c06d1b556,2026-02-20,20:32:36,2026-02-20T20:32:36Z,2026-02-20T20:32:36Z,NA,v3,CNE,NA,NA,"Christmas, Seth",1000191967,Right,LEN_BEA,04936500-906e-4523-857f-e5b7d309cdc1,54.69706,-118.91696,11.45581,5.90635,-3.15885,-12.87478,-0.64242,0.96352,3.5055,NA,NA,NA,NA,NA,NA,NA,NA,NA,NA,NA,NA,NA,NA,NA,NA,NA,NA,NA,NA,NA,NA,NA,NA,NA,NA,NA,NA,NA,NA,NA,NA,NA,NA,NA,NA,NA,NA,NA,NA,NA,NA,NA,NA,NA,NA,NA,NA,NA,NA,High,High,High,NA,NA,NA,NA,NA,114.132328,66.606858,937.664691,0.397038,09:45:00,-0.92801,0.33849,-0.155635,-49.850777,-0.697634,26.68601,-0.679033,128.278079,-0.454764,-35.189616,0.454764,-0.576284,0.679033,56.188886,-42.768149,0.576284,-0.576284,-128.278079,42.768149,0.679033,35.189616,-56.188886,-0.679033,0.576284,0.454764,-0.454764,NA,NA,NA,NA,NA,NA,NA,NA,NA,NA,NA,NA
NA,NA,NA,NA,NA,NA,NA,NA,NA,NA,NA,NA,NA,NA,NA,NA,196,2026-02-20,15:32:54,4,3,"Burnley, Michael",10109139,Right,LEN_BEA,"Smith, Braxton",1000370200,Right,CAR_EAG,Undefined,4,Bottom,2,1,1,Slider,Slider,BallCalled,Undefined,Undefined,Undefined,0,0,NA,81.22735,-2.709424,0.115616,2371.532365,96.368413,09:15:00,5.95108,0.50739,5.62493,-40.76404,2.40823,-8.5252,0.02381,-0.09515,74.4674,-10.142738,-1.412211,0.472905,NA,NA,NA,NA,NA,NA,NA,NA,NA,NA,NA,4.36752,2.4791,-0.51165,50,5.69388,0.0992,-117.77149,-6.94297,6.07791,24.28081,-28.72411,CAR_EAG,LEN_BEA,CarsonNewman,D2,Team,20260220-CarsonNewman-1,57bbc800-0e9b-11f1-8304-27cb6f288688,79.70405,NA,NA,6.75995,NA,NA,NA,NA,NA,NA,46df0e37-f40e-476d-8c8d-a76c06d1b556,2026-02-20,20:32:54,2026-02-20T20:32:54Z,2026-02-20T20:32:54Z,NA,v3,CNE,NA,NA,"Christmas, Seth",1000191967,Right,LEN_BEA,30f7d09e-6ca9-48b8-9980-b386c982b9d2,54.87565,-118.77244,12.1404,5.95569,-5.75885,-14.36205,-0.51058,-0.15135,3.03895,NA,NA,NA,NA,NA,NA,NA,NA,NA,NA,NA,NA,NA,NA,NA,NA,NA,NA,NA,NA,NA,NA,NA,NA,NA,NA,NA,NA,NA,NA,NA,NA,NA,NA,NA,NA,NA,NA,NA,NA,NA,NA,NA,NA,NA,NA,NA,NA,NA,NA,High,High,High,NA,NA,NA,NA,NA,104.524188,68.990793,850.236973,0.358518,09:30:00,-0.948702,0.302544,-0.091827,-29.969274,-19.784869,35.065334,-0.598311,128.39424,-0.49764,-38.902392,0.49764,-0.627996,0.598311,50.248267,-36.749004,0.627996,-0.627996,-128.39424,36.749004,0.598311,38.902392,-50.248267,-0.598311,0.627996,0.49764,-0.49764,NA,NA,NA,NA,NA,NA,NA,NA,NA,NA,NA,NA
NA,NA,NA,NA,NA,NA,NA,NA,NA,NA,NA,NA,NA,NA,NA,NA,197,2026-02-20,15:33:14,4,4,"Burnley, Michael",10109139,Right,LEN_BEA,"Smith, Braxton",1000370200,Right,CAR_EAG,Undefined,4,Bottom,2,2,1,Fastball,Four-Seam,BallCalled,Undefined,Undefined,Undefined,0,0,NA,91.60882,-1.716496,-1.99494,2333.656995,200.327035,12:45:00,5.92018,0.47357,6.36877,-20.32399,12.53131,4.24071,2.64557,-1.00951,83.47329,-5.56821,-1.227246,0.412548,NA,NA,NA,NA,NA,NA,NA,NA,NA,NA,NA,-2.78197,7.35796,-0.33116,50,5.78649,4.45717,-132.99685,-4.59368,-4.95831,29.83213,-19.05987,CAR_EAG,LEN_BEA,CarsonNewman,D2,Team,20260220-CarsonNewman-1,63afc760-0e9b-11f1-8304-27cb6f288688,91.36503,NA,NA,8.13553,NA,NA,NA,NA,NA,NA,46df0e37-f40e-476d-8c8d-a76c06d1b556,2026-02-20,20:33:14,2026-02-20T20:33:14Z,2026-02-20T20:33:14Z,NA,v3,CNE,NA,NA,"Christmas, Seth",1000191967,Right,LEN_BEA,5d3fadf0-c970-4aa8-ab63-6ba84d30c719,54.13032,-133.9201,14.91607,5.91953,-4.00381,-9.52993,-0.47148,4.61062,-2.47915,NA,NA,NA,NA,NA,NA,NA,NA,NA,NA,NA,NA,NA,NA,NA,NA,NA,NA,NA,NA,NA,NA,NA,NA,NA,NA,NA,NA,NA,NA,NA,NA,NA,NA,NA,NA,NA,NA,NA,NA,NA,NA,NA,NA,NA,NA,NA,NA,NA,NA,High,High,High,NA,NA,NA,NA,NA,189.750361,26.793863,2083.101826,0.892634,12:15:00,-0.476406,-0.164608,-0.863679,42.26025,45.852123,88.674265,-0.139866,149.841385,-0.856139,-29.831911,0.856139,-0.497457,0.139866,9.278384,-8.04012,0.497457,-0.497457,-149.841385,8.04012,0.139866,29.831911,-9.278384,-0.139866,0.497457,0.856139,-0.856139,NA,NA,NA,NA,NA,NA,NA,NA,NA,NA,NA,NA
NA,NA,NA,NA,NA,NA,NA,NA,NA,NA,NA,NA,NA,NA,NA,NA,198,2026-02-20,15:33:37,4,5,"Burnley, Michael",10109139,Right,LEN_BEA,"Smith, Braxton",1000370200,Right,CAR_EAG,Undefined,4,Bottom,2,3,1,Fastball,Four-Seam,InPlay,Undefined,GroundBall,Out,1,0,NA,92.36988,-2.631299,-1.717083,2426.071409,192.605982,12:30:00,6.00186,0.35028,6.48136,-13.70469,18.70769,3.92713,2.44087,-0.89961,83.56547,-5.303228,-1.004754,0.409757,81.18239,-19.49833,25.928518,NA,NA,NA,NA,6.83661,6.77457,31.895083,0.056934,-2.58599,10.93953,-0.23111,50,5.81032,3.85537,-133.98875,-6.48468,-4.64459,32.20005,-12.52591,CAR_EAG,LEN_BEA,CarsonNewman,D2,Team,20260220-CarsonNewman-1,71342ac0-0e9b-11f1-8304-27cb6f288688,91.98719,2.26804,NA,8.80441,NA,NA,NA,0.04382,2.26804,0.8115,46df0e37-f40e-476d-8c8d-a76c06d1b556,2026-02-20,20:33:37,2026-02-20T20:33:37Z,2026-02-20T20:33:37Z,GroundBall,v3,CNE,NA,NA,"Christmas, Seth",1000191967,Right,LEN_BEA,b5d66a99-d80a-442b-a917-9b3f6426c562,54.0173,-134.95073,16.10003,5.99846,-6.11047,-6.26296,-0.34837,3.99412,-2.32229,180,0.04163,101.17945,NA,NA,NA,NA,NA,NA,NA,2.2689,-39.83609,NA,NA,NA,NA,NA,NA,NA,0.81044,49.19235,NA,NA,NA,NA,NA,NA,NA,NA,NA,NA,NA,NA,NA,NA,NA,NA,NA,NA,NA,NA,NA,NA,NA,NA,NA,NA,NA,NA,NA,High,High,High,High,High,NA,NA,NA,186.39941,25.728405,2185.555351,0.900862,12:15:00,-0.455671,-0.120232,-0.881991,40.607208,43.791512,72.651768,-0.224318,153.834458,-0.874651,-25.450338,0.874651,-0.42972900000000003,0.224318,14.384356,-12.962762,0.42972900000000003,-0.42972900000000003,-153.834458,12.962762,0.224318,25.450338,-14.384356,-0.224318,0.42972900000000003,0.874651,-0.874651,NA,NA,NA,NA,NA,NA,NA,NA,NA,NA,NA,NA
NA,NA,NA,NA,NA,NA,NA,NA,NA,NA,NA,NA,NA,NA,NA,NA,199,2026-02-20,15:35:42,1,1,"Slifka, Denver",10107869,Right,CAR_EAG,"Stillinger, Andrew",10039721,Left,LEN_BEA,Undefined,5,Top,0,0,0,Fastball,Changeup,InPlay,Undefined,GroundBall,Single,0,0,NA,81.65772,-0.588771,-3.135982,1818.491022,239.344567,02:00:00,5.78127,1.51473,6.5159,-32.98462,8.2889,11.62146,2.49145,-0.39735,74.31959,-6.792536,-1.02764,0.462389,104.27843,0.358028,27.46781,3119.484012,NA,NA,NA,55.01193,52.96556,29.993627,0.361881,-7.0665,4.92969,-1.30074,50,5.72594,6.0837,-118.5242,-2.13823,-9.96163,24.55788,-25.2247,CAR_EAG,LEN_BEA,CarsonNewman,D2,Team,20260220-CarsonNewman-1,bc2c0fc0-0e9b-11f1-8304-27cb6f288688,81.5168,2.54203,NA,7.33813,NA,NA,NA,1.83761,2.5324,0.4724,46df0e37-f40e-476d-8c8d-a76c06d1b556,2026-02-20,20:35:42,2026-02-20T20:35:42Z,2026-02-20T20:35:42Z,GroundBall,v3,CNE,NA,NA,"Rogers, Jacob",1000215913,Right,CAR_EAG,5cf693ad-e110-4291-a85c-1b01033c5f77,53.98496,-119.34702,12.27894,5.78343,-1.29306,-12.61235,-1.51017,6.41747,-4.98082,284.038209,1.84157,135.5534,-24.85517,NA,NA,NA,NA,NA,NA,2.53756,0.7661,-21.53221,NA,NA,NA,NA,NA,NA,0.46325,70.88009,10.66018,NA,NA,NA,NA,NA,NA,NA,NA,NA,NA,NA,NA,NA,NA,NA,NA,NA,NA,NA,NA,NA,NA,NA,NA,NA,NA,NA,NA,High,High,High,Medium,High,NA,NA,NA,211.766529,42.277995,1345.482451,0.73989,01:00:00,-0.702102,-0.396414,-0.591531,53.220784,58.763198,9.5491,-0.929244,162.266648,-0.351911,-6.461452,0.351911,-0.112535,0.929244,69.258016,-68.317317,0.112535,-0.112535,-162.266648,68.317317,0.929244,6.461452,-69.258016,-0.929244,0.112535,0.351911,-0.351911,NA,NA,NA,NA,NA,NA,NA,NA,NA,NA,NA,NA
NA,NA,NA,NA,NA,NA,NA,NA,NA,NA,NA,NA,NA,NA,NA,NA,200,2026-02-20,15:36:50,2,1,"Slifka, Denver",10107869,Right,CAR_EAG,"Morris, Nick",10108627,Right,LEN_BEA,Undefined,5,Top,0,0,0,Fastball,Changeup,StrikeCalled,Undefined,Undefined,Undefined,0,0,NA,77.92559,0.487425,-3.660802,1920.292283,239.672599,02:00:00,5.62895,1.7407300000000001,5.84335,-38.68085,7.66134,10.51737,2.85948,-0.78968,71.18977,-6.675282,-1.779358,0.489959,NA,NA,NA,NA,NA,NA,NA,NA,NA,NA,NA,-6.39615,4.24461,-1.44835,50,5.64616,6.83096,-112.95292,-0.21747,-8.24143,21.08216,-26.70488,CAR_EAG,LEN_BEA,CarsonNewman,D2,Team,20260220-CarsonNewman-1,e43def60-0e9b-11f1-8304-27cb6f288688,76.92978,NA,NA,6.73582,NA,NA,NA,NA,NA,NA,46df0e37-f40e-476d-8c8d-a76c06d1b556,2026-02-20,20:36:50,2026-02-20T20:36:50Z,2026-02-20T20:36:50Z,NA,v3,CNE,NA,NA,"Rogers, Jacob",1000215913,Right,CAR_EAG,7fa63903-e936-4921-83ec-fb8404f52cbc,54.65639,-113.8187,10.54108,5.63257,0.87922,-13.35244,-1.73583,7.16941,-4.12072,NA,NA,NA,NA,NA,NA,NA,NA,NA,NA,NA,NA,NA,NA,NA,NA,NA,NA,NA,NA,NA,NA,NA,NA,NA,NA,NA,NA,NA,NA,NA,NA,NA,NA,NA,NA,NA,NA,NA,NA,NA,NA,NA,NA,NA,NA,NA,NA,NA,NA,High,High,High,NA,NA,NA,NA,NA,203.896867,50.394829,1224.173903,0.637494,12:45:00,-0.808263,-0.25168,-0.532324,-65.36417,-35.999203,50.280644,-0.887442,153.709379,-0.413242,-11.779905,0.413242,-0.204153,0.887442,65.030709,-62.553511,0.204153,-0.204153,-153.709379,62.553511,0.887442,11.779905,-65.030709,-0.887442,0.204153,0.413242,-0.413242,NA,NA,NA,NA,NA,NA,NA,NA,NA,NA,NA,NA
NA,NA,NA,NA,NA,NA,NA,NA,NA,NA,NA,NA,NA,NA,NA,NA,201,2026-02-20,15:37:08,2,2,"Slifka, Denver",10107869,Right,CAR_EAG,"Morris, Nick",10108627,Right,LEN_BEA,Undefined,5,Top,0,0,1,Slider,Curveball,BallinDirt,Undefined,Undefined,Undefined,0,0,NA,71.24048,-0.514893,-1.392205,2234.416224,58.306278,08:00:00,5.88749,1.56807,5.92835,-60.74637,-5.03166,-11.27099,0.34738,-0.66324,65.35819,-11.621971,-3.423512,0.537225,NA,NA,NA,NA,NA,NA,NA,NA,NA,NA,NA,5.33516,-1.84669,-1.45039,50,5.81226,2.89136,-103.40999,-2.67759,5.68126,19.91385,-34.14053,CAR_EAG,LEN_BEA,CarsonNewman,D2,Team,20260220-CarsonNewman-1,ef1b75b0-0e9b-11f1-8304-27cb6f288688,70.16134,NA,NA,5.88229,NA,NA,NA,NA,NA,NA,46df0e37-f40e-476d-8c8d-a76c06d1b556,2026-02-20,20:37:08,2026-02-20T20:37:08Z,2026-02-20T20:37:08Z,NA,v3,CNE,NA,NA,"Rogers, Jacob",1000215913,Right,CAR_EAG,8ddb45b1-4a10-4385-ba19-13e40f45eba9,54.5738,-104.28705,9.95692,5.89707,-1.17394,-17.07027,-1.57222,2.64114,2.84063,NA,NA,NA,NA,NA,NA,NA,NA,NA,NA,NA,NA,NA,NA,NA,NA,NA,NA,NA,NA,NA,NA,NA,NA,NA,NA,NA,NA,NA,NA,NA,NA,NA,NA,NA,NA,NA,NA,NA,NA,NA,NA,NA,NA,NA,NA,NA,NA,NA,NA,High,High,High,NA,NA,NA,NA,NA,50.140312,56.637049,1228.796609,0.549941,07:45:00,-0.830152,0.414621,0.372742,-27.820538,16.993966,37.341895,-0.499608,133.729414,-0.5988,-38.752997,0.5988,-0.625964,0.499608,39.839889,-29.974047,0.625964,-0.625964,-133.729414,29.974047,0.499608,38.752997,-39.839889,-0.499608,0.625964,0.5988,-0.5988,NA,NA,NA,NA,NA,NA,NA,NA,NA,NA,NA,NA
NA,NA,NA,NA,NA,NA,NA,NA,NA,NA,NA,NA,NA,NA,NA,NA,202,2026-02-20,15:37:40,2,3,"Slifka, Denver",10107869,Right,CAR_EAG,"Morris, Nick",10108627,Right,LEN_BEA,Undefined,5,Top,0,1,1,Fastball,Changeup,FoulBallNotFieldable,Undefined,Undefined,Undefined,0,0,NA,80.23643,-0.279572,-3.294493,1903.996772,224.915668,01:30:00,5.75373,1.70021,6.36859,-32.34927,10.36705,8.98004,2.80027,-0.58638,73.46139,-6.345459,-1.671172,0.470401,NA,NA,NA,NA,NA,NA,NA,NA,NA,NA,NA,-5.63481,5.88618,-1.46598,50,5.71837,6.39048,-116.48443,-1.46958,-7.73007,22.19612,-24.09918,CAR_EAG,LEN_BEA,CarsonNewman,D2,Team,20260220-CarsonNewman-1,0254e080-0e9c-11f1-8304-27cb6f288688,80.12831,NA,NA,6.77504,NA,NA,NA,NA,NA,NA,46df0e37-f40e-476d-8c8d-a76c06d1b556,2026-02-20,20:37:40,2026-02-20T20:37:40Z,2026-02-20T20:37:40Z,NA,v3,CNE,NA,NA,"Rogers, Jacob",1000215913,Right,CAR_EAG,b9aadc7c-859a-4992-ab9e-17e4846b4b04,54.1327,-117.26927,11.09806,5.75526,-0.61745,-12.04959,-1.69677,6.66381,-3.86503,NA,NA,NA,NA,NA,NA,NA,NA,NA,NA,NA,NA,NA,NA,NA,NA,NA,NA,NA,NA,NA,NA,NA,NA,NA,NA,NA,NA,NA,NA,NA,NA,NA,NA,NA,NA,NA,NA,NA,NA,NA,NA,NA,NA,NA,NA,NA,NA,NA,NA,High,High,High,NA,NA,NA,NA,NA,205.374199,44.182081,1365.410543,0.717129,12:45:00,-0.73152,-0.310707,-0.60691,-94.163571,-32.893291,51.160295,-0.91796,165.109063,-0.383351,-5.850723,0.383351,-0.101937,0.91796,67.333981,-66.629643,0.101937,-0.101937,-165.109063,66.629643,0.91796,5.850723,-67.333981,-0.91796,0.101937,0.383351,-0.383351,NA,NA,NA,NA,NA,NA,NA,NA,NA,NA,NA,NA
NA,NA,NA,NA,NA,NA,NA,NA,NA,NA,NA,NA,NA,NA,NA,NA,203,2026-02-20,15:38:05,2,4,"Slifka, Denver",10107869,Right,CAR_EAG,"Morris, Nick",10108627,Right,LEN_BEA,Undefined,5,Top,0,1,2,Slider,Curveball,BallinDirt,Undefined,Undefined,Undefined,0,0,NA,74.66241,-1.438514,-4.403812,2350.930642,54.655106,07:45:00,5.74517,1.52028,6.27052,-54.98869,-4.66536,-8.98788,-0.16761,-3.29665,68.59855,-11.505042,-6.025067,0.510571,NA,NA,NA,NA,NA,NA,NA,NA,NA,NA,NA,3.28303,-1.5563,-1.18949,50,5.61168,8.61967,-108.13898,-4.2661,3.82281,21.78793,-33.98624,CAR_EAG,LEN_BEA,CarsonNewman,D2,Team,20260220-CarsonNewman-1,112c9ee0-0e9c-11f1-8304-27cb6f288688,73.82409,NA,NA,6.06387,NA,NA,NA,NA,NA,NA,46df0e37-f40e-476d-8c8d-a76c06d1b556,2026-02-20,20:38:05,2026-02-20T20:38:05Z,2026-02-20T20:38:05Z,NA,v3,CNE,NA,NA,"Rogers, Jacob",1000215913,Right,CAR_EAG,7486fee0-e818-4b76-b23a-dd6e3233479c,54.23251,-108.98841,10.89397,5.75218,-2.9411,-16.99312,-1.52263,8.47063,1.9114,NA,NA,NA,NA,NA,NA,NA,NA,NA,NA,NA,NA,NA,NA,NA,NA,NA,NA,NA,NA,NA,NA,NA,NA,NA,NA,NA,NA,NA,NA,NA,NA,NA,NA,NA,NA,NA,NA,NA,NA,NA,NA,NA,NA,NA,NA,NA,NA,NA,NA,High,High,High,NA,NA,NA,NA,NA,51.143255,63.585913,1045.824153,0.444855,07:45:00,-0.879918,0.323824,0.347683,-34.304643,23.987326,36.353935,-0.613336,132.129868,-0.529823,-35.856172,0.529823,-0.585753,0.613336,49.178321,-37.831143,0.585753,-0.585753,-132.129868,37.831143,0.613336,35.856172,-49.178321,-0.613336,0.585753,0.529823,-0.529823,NA,NA,NA,NA,NA,NA,NA,NA,NA,NA,NA,NA
NA,NA,NA,NA,NA,NA,NA,NA,NA,NA,NA,NA,NA,NA,NA,NA,204,2026-02-20,15:40:25,2,5,"Adams, Kyle",1000370208,Right,CAR_EAG,"Morris, Nick",10108627,Right,LEN_BEA,Undefined,5,Top,0,2,2,Slider,Curveball,StrikeSwinging,Strikeout,Undefined,Undefined,0,0,NA,72.5671,0.642797,-3.915568,2278.179828,49.049086,07:45:00,5.51626,2.46101,5.65688,-59.71625,-5.48559,-8.39115,1.14082,-1.89569,66.6024,-10.222413,-5.411232,0.530022,NA,NA,NA,NA,NA,NA,NA,NA,NA,NA,NA,3.0304,-2.40189,-2.12359,50,5.53333,7.4934,-105.10646,-0.6512,3.35231,19.66209,-34.8311,CAR_EAG,LEN_BEA,CarsonNewman,D2,Team,20260220-CarsonNewman-1,64690fd0-0e9c-11f1-8304-27cb6f288688,71.11486,NA,NA,5.9647,NA,NA,NA,NA,NA,NA,46df0e37-f40e-476d-8c8d-a76c06d1b556,2026-02-20,20:40:25,2026-02-20T20:40:25Z,2026-02-20T20:40:25Z,NA,v3,CNE,NA,NA,"Rogers, Jacob",1000215913,Right,CAR_EAG,4edbed17-9658-4225-b439-71803219630a,54.844970000000004,-106.00892,9.83104,5.52653,0.94751,-17.41555,-2.46399,7.33954,1.67615,NA,NA,NA,NA,NA,NA,NA,NA,NA,NA,NA,NA,NA,NA,NA,NA,NA,NA,NA,NA,NA,NA,NA,NA,NA,NA,NA,NA,NA,NA,NA,NA,NA,NA,NA,NA,NA,NA,NA,NA,NA,NA,NA,NA,NA,NA,NA,NA,NA,NA,High,High,High,NA,NA,NA,NA,NA,63.311778,65.192,955.876017,0.419579,08:00:00,-0.888479,0.385038,0.249702,-89.381974,-25.903308,28.928818,0.422444,148.405644,-0.772043,28.350168,0.772043,-0.474859,-0.422444,28.686481,24.989,0.474859,0.474859,-148.405644,-24.989,0.422444,-28.350168,-28.686481,-0.422444,-0.474859,0.772043,-0.772043,NA,NA,NA,NA,NA,NA,NA,NA,NA,NA,NA,NA
NA,NA,NA,NA,NA,NA,NA,NA,NA,NA,NA,NA,NA,NA,NA,NA,205,2026-02-20,15:40:53,3,1,"Adams, Kyle",1000370208,Right,CAR_EAG,"Beard, Drew",1000361012,Right,LEN_BEA,Undefined,5,Top,1,0,0,Fastball,Slider,BallCalled,Undefined,Undefined,Undefined,0,0,NA,81.78399,0.627591,-2.594052,2177.915625,177.685954,12:00:00,5.6355,2.11918,6.44624,-30.28773,10.57674,-0.37685,3.6888,-0.29738,74.96182,-5.068487,-2.662274,0.460092,NA,NA,NA,NA,NA,NA,NA,NA,NA,NA,NA,-0.51496,5.75437,-1.93498,50,5.6665,5.39609,-118.80103,0.45731,-0.73701,22.45544,-23.93841,CAR_EAG,LEN_BEA,CarsonNewman,D2,Team,20260220-CarsonNewman-1,7528ef20-0e9c-11f1-8304-27cb6f288688,81.92376,NA,NA,6.82217,NA,NA,NA,NA,NA,NA,46df0e37-f40e-476d-8c8d-a76c06d1b556,2026-02-20,20:40:53,2026-02-20T20:40:53Z,2026-02-20T20:40:53Z,NA,v3,CNE,NA,NA,"Rogers, Jacob",1000215913,Right,CAR_EAG,f68886ee-61a5-4834-ac46-355bd2830025,54.05314,-119.56469,11.22772,5.6371,1.2714,-11.96921,-2.11891,5.42116,-0.36851,NA,NA,NA,NA,NA,NA,NA,NA,NA,NA,NA,NA,NA,NA,NA,NA,NA,NA,NA,NA,NA,NA,NA,NA,NA,NA,NA,NA,NA,NA,NA,NA,NA,NA,NA,NA,NA,NA,NA,NA,NA,NA,NA,NA,NA,NA,NA,NA,NA,NA,High,High,High,NA,NA,NA,NA,NA,200.572934,50.47049,1386.190055,0.636476,12:45:00,-0.799877,-0.215195,-0.560257,-63.503869,-17.220518,-75.209647,-0.110482,170.625259,-0.980604,-9.316837,0.980604,-0.161894,0.110482,6.428256,-6.343105,0.161894,-0.161894,-170.625259,6.343105,0.110482,9.316837,-6.428256,-0.110482,0.161894,0.980604,-0.980604,NA,NA,NA,NA,NA,NA,NA,NA,NA,NA,NA,NA
NA,NA,NA,NA,NA,NA,NA,NA,NA,NA,NA,NA,NA,NA,NA,NA,206,2026-02-20,15:41:08,3,2,"Adams, Kyle",1000370208,Right,CAR_EAG,"Beard, Drew",1000361012,Right,LEN_BEA,Undefined,5,Top,1,1,0,Fastball,Slider,InPlay,Undefined,GroundBall,Single,0,1,NA,81.77795,-0.281347,-3.545395,2142.543226,177.140745,12:00:00,5.35534,2.24818,6.62959,-30.00679,10.57501,-0.46681,2.59667,-1.04119,75.20151,-5.925944,-3.630106,0.458498,73.34933,-5.48566,25.509264,2677.795401,NA,NA,NA,21.65952,21.65952,27.998153,0.19798,-0.71587,6.02402,-2.00765,50,5.32387,7.37463,-118.76801,-1.38846,-1.02494,22.24272,-23.54913,CAR_EAG,LEN_BEA,CarsonNewman,D2,Team,20260220-CarsonNewman-1,7e065fb0-0e9c-11f1-8304-27cb6f288688,82.2086,2.54788,NA,6.57644,NA,NA,NA,0.51218,2.54788,1.09568,46df0e37-f40e-476d-8c8d-a76c06d1b556,2026-02-20,20:41:08,2026-02-20T20:41:08Z,2026-02-20T20:41:08Z,GroundBall,v3,CNE,NA,NA,"Rogers, Jacob",1000215913,Right,CAR_EAG,8575477b-8746-410c-a3a5-053fed0e343f,53.8716,-119.49087,11.12136,5.35656,-0.62314,-11.77457,-2.24786,7.40794,-0.51247,254.536863,0.51291,96.59772,-13.10179,NA,NA,NA,NA,NA,NA,2.54813,-10.30106,-12.98649,NA,NA,NA,NA,NA,NA,1.09566,46.11877,-1.48853,NA,NA,NA,NA,NA,NA,NA,NA,NA,NA,NA,NA,NA,NA,NA,NA,NA,NA,NA,NA,NA,NA,NA,NA,NA,NA,NA,NA,High,High,High,High,High,NA,NA,NA,205.938472,52.905185,1292.244525,0.603136,12:45:00,-0.82835,-0.267729,-0.492096,70.025405,26.933451,87.288122,0.264575,176.997406,-0.963041,2.895504,0.963041,-0.050515,-0.264575,15.361807,15.341712,0.050515,0.050515,-176.997406,-15.341712,0.264575,-2.895504,-15.361807,-0.264575,-0.050515,0.963041,-0.963041,NA,NA,NA,NA,NA,NA,NA,NA,NA,NA,NA,NA
NA,NA,NA,NA,NA,NA,NA,NA,NA,NA,NA,NA,NA,NA,NA,NA,207,2026-02-20,15:41:41,4,1,"Adams, Kyle",1000370208,Right,CAR_EAG,"Murchison, Trent",10032231,Left,LEN_BEA,Undefined,5,Top,1,0,0,Fastball,Slider,BallCalled,Undefined,Undefined,Undefined,0,0,NA,83.43611,2.362959,-1.472583,2172.841116,193.328224,12:30:00,5.27971,2.84191,6.3565,-28.62293,10.60788,2.24378,5.07131,1.67321,76.53919,-3.019389,-1.066833,0.450801,NA,NA,NA,NA,NA,NA,NA,NA,NA,NA,NA,-1.5424,5.27465,-2.73611,50,5.43766,3.03146,-121.22032,4.17853,-2.30973,22.27282,-24.27526,CAR_EAG,LEN_BEA,CarsonNewman,D2,Team,20260220-CarsonNewman-1,91ebe900-0e9c-11f1-8304-27cb6f288688,83.61208,NA,NA,6.89692,NA,NA,NA,NA,NA,NA,46df0e37-f40e-476d-8c8d-a76c06d1b556,2026-02-20,20:41:41,2026-02-20T20:41:41Z,2026-02-20T20:41:41Z,NA,v3,CNE,NA,NA,"Rogers, Jacob",1000215913,Right,CAR_EAG,c3574d55-9ce5-4fde-9bc0-2cc1f40df262,54.14311,-121.97919,11.13641,5.2812,5.00563,-12.13763,-2.84073,3.11015,-1.15487,NA,NA,NA,NA,NA,NA,NA,NA,NA,NA,NA,NA,NA,NA,NA,NA,NA,NA,NA,NA,NA,NA,NA,NA,NA,NA,NA,NA,NA,NA,NA,NA,NA,NA,NA,NA,NA,NA,NA,NA,NA,NA,NA,NA,NA,NA,NA,NA,NA,NA,High,High,High,NA,NA,NA,NA,NA,210.302153,55.420423,1233.19664,0.56755,01:00:00,-0.846762,-0.252174,-0.468404,-69.978418,-20.411839,-77.235519,-0.130065,173.737531,-0.985589,-6.209062,0.985589,-0.108157,0.130065,7.517703,-7.473351,0.108157,-0.108157,-173.737531,7.473351,0.130065,6.209062,-7.517703,-0.130065,0.108157,0.985589,-0.985589,NA,NA,NA,NA,NA,NA,NA,NA,NA,NA,NA,NA
NA,NA,NA,NA,NA,NA,NA,NA,NA,NA,NA,NA,NA,NA,NA,NA,208,2026-02-20,15:42:09,4,2,"Adams, Kyle",1000370208,Right,CAR_EAG,"Murchison, Trent",10032231,Left,LEN_BEA,Undefined,5,Top,1,1,0,Fastball,Changeup,BallCalled,Undefined,Undefined,Undefined,0,0,NA,79.6133,0.200369,-1.000681,2082.913844,189.049562,12:15:00,5.49473,2.59522,6.443,-29.33742,13.91194,1.99347,3.2341,1.84173,72.67446,-5.349533,-0.639182,0.473327,NA,NA,NA,NA,NA,NA,NA,NA,NA,NA,NA,-1.32032,7.6415,-2.52499,50,5.49576,1.94902,-115.68714,-0.36958,-1.78361,22.22159,-21.85102,CAR_EAG,LEN_BEA,CarsonNewman,D2,Team,20260220-CarsonNewman-1,a2364a30-0e9c-11f1-8304-27cb6f288688,79.63298,NA,NA,6.93884,NA,NA,NA,NA,NA,NA,46df0e37-f40e-476d-8c8d-a76c06d1b556,2026-02-20,20:42:09,2026-02-20T20:42:09Z,2026-02-20T20:42:09Z,NA,v3,CNE,NA,NA,"Rogers, Jacob",1000215913,Right,CAR_EAG,db8accb6-d85e-42e0-a350-f7024b0e75f0,54.05493,-116.46342,11.11079,5.49533,0.39375,-10.92551,-2.59416,2.01133,-0.89181,NA,NA,NA,NA,NA,NA,NA,NA,NA,NA,NA,NA,NA,NA,NA,NA,NA,NA,NA,NA,NA,NA,NA,NA,NA,NA,NA,NA,NA,NA,NA,NA,NA,NA,NA,NA,NA,NA,NA,NA,NA,NA,NA,NA,NA,NA,NA,NA,NA,NA,High,High,High,NA,NA,NA,NA,NA,211.959935,53.767165,1231.143755,0.591068,01:00:00,-0.816346,-0.310045,-0.48729,-63.777859,-22.250977,-79.163311,-0.076618,177.446419,-0.99607,-2.54607,0.99607,-0.044423,0.076618,4.398561,-4.39421,0.044423,-0.044423,-177.446419,4.39421,0.076618,2.54607,-4.398561,-0.076618,0.044423,0.99607,-0.99607,NA,NA,NA,NA,NA,NA,NA,NA,NA,NA,NA,NA
NA,NA,NA,NA,NA,NA,NA,NA,NA,NA,NA,NA,NA,NA,NA,NA,209,2026-02-20,15:42:26,4,3,"Adams, Kyle",1000370208,Right,CAR_EAG,"Murchison, Trent",10032231,Left,LEN_BEA,Undefined,5,Top,1,2,0,Fastball,Slider,StrikeCalled,Undefined,Undefined,Undefined,0,0,NA,82.04664,0.671522,-2.393821,2157.655902,196.867272,12:30:00,5.46106,2.58101,6.11191,-31.14978,10.36323,2.71685,3.48676,0.59261,74.46367,-5.173219,-1.904874,0.463728,NA,NA,NA,NA,NA,NA,NA,NA,NA,NA,NA,-2.11083,5.57819,-2.39852,50,5.49656,4.86931,-119.01489,0.4674,-3.00289,24.57896,-24.23837,CAR_EAG,LEN_BEA,CarsonNewman,D2,Team,20260220-CarsonNewman-1,acdf5300-0e9c-11f1-8304-27cb6f288688,81.28133,NA,NA,7.58296,NA,NA,NA,NA,NA,NA,46df0e37-f40e-476d-8c8d-a76c06d1b556,2026-02-20,20:42:26,2026-02-20T20:42:26Z,2026-02-20T20:42:26Z,NA,v3,CNE,NA,NA,"Rogers, Jacob",1000215913,Right,CAR_EAG,7b61b180-e4c2-4c0d-809e-713189016168,54.38553,-119.91717,12.28948,5.46307,1.35717,-12.11918,-2.57929,4.97954,-1.50145,NA,NA,NA,NA,NA,NA,NA,NA,NA,NA,NA,NA,NA,NA,NA,NA,NA,NA,NA,NA,NA,NA,NA,NA,NA,NA,NA,NA,NA,NA,NA,NA,NA,NA,NA,NA,NA,NA,NA,NA,NA,NA,NA,NA,NA,NA,NA,NA,NA,NA,High,High,High,NA,NA,NA,NA,NA,213.530531,51.495731,1343.298195,0.622573,01:00:00,-0.807528,-0.334702,-0.485667,-69.998606,-10.603896,-69.489935,-0.154952,176.546038,-0.986127,-3.412195,0.986127,-0.059519,0.154952,8.929995,-8.914035,0.059519,-0.059519,-176.546038,8.914035,0.154952,3.412195,-8.929995,-0.154952,0.059519,0.986127,-0.986127,NA,NA,NA,NA,NA,NA,NA,NA,NA,NA,NA,NA
NA,NA,NA,NA,NA,NA,NA,NA,NA,NA,NA,NA,NA,NA,NA,NA,210,2026-02-20,15:42:44,4,4,"Adams, Kyle",1000370208,Right,CAR_EAG,"Murchison, Trent",10032231,Left,LEN_BEA,Undefined,5,Top,1,2,1,Slider,Curveball,FoulBallNotFieldable,Undefined,Undefined,Undefined,0,0,NA,72.80935,1.660626,-1.910062,2195.999159,92.881034,09:00:00,5.33298,2.75436,5.89896,-51.13085,2.17323,-6.95701,2.61509,0.40066,66.2478,-7.790808,-3.158027,0.525475,NA,NA,NA,NA,NA,NA,NA,NA,NA,NA,NA,2.93138,1.21185,-2.59681,50,5.43805,3.76868,-105.57386,1.56991,3.2701,19.91879,-30.82218,CAR_EAG,LEN_BEA,CarsonNewman,D2,Team,20260220-CarsonNewman-1,b7a559b0-0e9c-11f1-8304-27cb6f288688,71.73029,NA,NA,6.56155,NA,NA,NA,NA,NA,NA,46df0e37-f40e-476d-8c8d-a76c06d1b556,2026-02-20,20:42:44,2026-02-20T20:42:44Z,2026-02-20T20:42:44Z,NA,v3,CNE,NA,NA,"Rogers, Jacob",1000215913,Right,CAR_EAG,fc2d4d0d-e89f-4ea9-bd8b-16fd42ebb456,54.59954,-106.43812,9.9594,5.34093,2.90726,-15.41109,-2.75725,3.62679,1.63505,NA,NA,NA,NA,NA,NA,NA,NA,NA,NA,NA,NA,NA,NA,NA,NA,NA,NA,NA,NA,NA,NA,NA,NA,NA,NA,NA,NA,NA,NA,NA,NA,NA,NA,NA,NA,NA,NA,NA,NA,NA,NA,NA,NA,NA,NA,NA,NA,NA,NA,High,High,High,NA,NA,NA,NA,NA,69.76445,62.854482,1001.928965,0.456252,08:15:00,-0.871324,0.453699,0.186954,19.312026,70.396108,-43.304331,0.526224,144.551332,-0.692722,29.549684,0.692722,-0.493178,-0.526224,37.221983,31.750662,0.493178,0.493178,-144.551332,-31.750662,0.526224,-29.549684,-37.221983,-0.526224,-0.493178,0.692722,-0.692722,NA,NA,NA,NA,NA,NA,NA,NA,NA,NA,NA,NA
NA,NA,NA,NA,NA,NA,NA,NA,NA,NA,NA,NA,NA,NA,NA,NA,211,2026-02-20,15:43:12,4,5,"Adams, Kyle",1000370208,Right,CAR_EAG,"Murchison, Trent",10032231,Left,LEN_BEA,Undefined,5,Top,1,2,2,ChangeUp,Splitter,BallCalled,Undefined,Undefined,Undefined,0,0,NA,76.28014,-1.141515,-4.398669,866.613678,214.009773,01:15:00,5.3975,2.65903,6.16645,-37.01388,11.03985,6.3491,1.25531,-0.88305,69.67389,-8.034385,-3.257426,0.498925,NA,NA,NA,NA,NA,NA,NA,NA,NA,NA,NA,-4.56981,6.56142,-2.32803,50,5.29207,8.2698,-110.44163,-3.23381,-5.60739,20.86725,-24.12284,CAR_EAG,LEN_BEA,CarsonNewman,D2,Team,20260220-CarsonNewman-1,c844b8b0-0e9c-11f1-8304-27cb6f288688,75.54736,NA,NA,6.60625,NA,NA,NA,NA,NA,NA,46df0e37-f40e-476d-8c8d-a76c06d1b556,2026-02-20,20:43:12,2026-02-20T20:43:12Z,2026-02-20T20:43:12Z,NA,v3,CNE,NA,NA,"Rogers, Jacob",1000215913,Right,CAR_EAG,e2c5bdce-7b42-4c49-827e-da8a012a9041,54.33167,-111.25706,10.43363,5.40002,-2.29116,-12.06142,-2.65547,8.48892,-2.80369,NA,NA,NA,NA,NA,NA,NA,NA,NA,NA,NA,NA,NA,NA,NA,NA,NA,NA,NA,NA,NA,NA,NA,NA,NA,NA,NA,NA,NA,NA,NA,NA,NA,NA,NA,NA,NA,NA,NA,NA,NA,NA,NA,NA,NA,NA,NA,NA,NA,NA,High,High,High,NA,NA,NA,NA,NA,205.057282,52.052102,532.919439,0.614945,12:45:00,-0.823643,-0.276102,-0.495358,79.29202,11.378481,17.288794,0.648769,97.853464,-0.103981,48.924797,0.103981,-0.753848,-0.648769,80.894398,40.448865,0.753848,0.753848,-97.853464,-40.448865,0.648769,-48.924797,-80.894398,-0.648769,-0.753848,0.103981,-0.103981,NA,NA,NA,NA,NA,NA,NA,NA,NA,NA,NA,NA
NA,NA,NA,NA,NA,NA,NA,NA,NA,NA,NA,NA,NA,NA,NA,NA,212,2026-02-20,15:43:32,4,6,"Adams, Kyle",1000370208,Right,CAR_EAG,"Murchison, Trent",10032231,Left,LEN_BEA,Undefined,5,Top,1,3,2,Fastball,Slider,BallCalled,Walk,Undefined,Undefined,0,0,NA,80.71004,0.69068,-1.668565,2153.084046,210.69524,01:00:00,5.23083,2.78469,6.53491,-32.20392,9.81158,5.01213,3.18102,1.67136,73.55293,-5.387038,-0.758354,0.466526,NA,NA,NA,NA,NA,NA,NA,NA,NA,NA,NA,-3.09138,5.37866,-2.67074,50,5.26514,3.23461,-117.25558,0.53427,-4.28289,23.18091,-24.7223,CAR_EAG,LEN_BEA,CarsonNewman,D2,Team,20260220-CarsonNewman-1,d3c18c40-0e9c-11f1-8304-27cb6f288688,80.79378,NA,NA,7.15711,NA,NA,NA,NA,NA,NA,46df0e37-f40e-476d-8c8d-a76c06d1b556,2026-02-20,20:43:32,2026-02-20T20:43:32Z,2026-02-20T20:43:32Z,NA,v3,CNE,NA,NA,"Rogers, Jacob",1000215913,Right,CAR_EAG,1a929052-5662-443c-8c58-d80f9790441b,53.96337,-118.03652,11.59045,5.23311,1.36714,-12.36115,-2.78215,3.3789,-2.14145,NA,NA,NA,NA,NA,NA,NA,NA,NA,NA,NA,NA,NA,NA,NA,NA,NA,NA,NA,NA,NA,NA,NA,NA,NA,NA,NA,NA,NA,NA,NA,NA,NA,NA,NA,NA,NA,NA,NA,NA,NA,NA,NA,NA,NA,NA,NA,NA,NA,NA,High,High,High,NA,NA,NA,NA,NA,212.706207,54.704925,1244.024996,0.577787,01:00:00,-0.8337,-0.302335,-0.462101,68.845732,44.219134,87.830684,-0.229384,175.10333,-0.969783,-4.765799,0.969783,-0.083083,0.229384,13.307688,-13.260837,0.083083,-0.083083,-175.10333,13.260837,0.229384,4.765799,-13.307688,-0.229384,0.083083,0.969783,-0.969783,NA,NA,NA,NA,NA,NA,NA,NA,NA,NA,NA,NA
NA,NA,NA,NA,NA,NA,NA,NA,NA,NA,NA,NA,NA,NA,NA,NA,213,2026-02-20,15:44:24,5,1,"Adams, Kyle",1000370208,Right,CAR_EAG,"Lackey, Lleyton",813440,Left,LEN_BEA,Undefined,5,Top,1,0,0,Fastball,Slider,StrikeCalled,Undefined,Undefined,Undefined,0,0,NA,80.75525,-0.651811,-2.477472,2028.992293,206.051983,12:45:00,5.51938,2.60647,6.30647,-34.82266,7.11032,2.87319,2.01641,0.56202,74.59843,-7.125738,-1.95797,0.466068,NA,NA,NA,NA,NA,NA,NA,NA,NA,NA,NA,-2.1402,4.26264,-2.42595,50,5.45485,4.97524,-117.36915,-2.35414,-3.00354,20.9491,-26.19186,CAR_EAG,LEN_BEA,CarsonNewman,D2,Team,20260220-CarsonNewman-1,f2c8a9c0-0e9c-11f1-8304-27cb6f288688,80.87326,NA,NA,6.15682,NA,NA,NA,NA,NA,NA,46df0e37-f40e-476d-8c8d-a76c06d1b556,2026-02-20,20:44:24,2026-02-20T20:44:24Z,2026-02-20T20:44:24Z,NA,v3,CNE,NA,NA,"Rogers, Jacob",1000215913,Right,CAR_EAG,e486b584-bca5-4e81-9439-9e5300858424,54.19475,-118.11549,10.47455,5.5221,-1.42102,-13.09593,-2.60511,5.08225,-1.50177,NA,NA,NA,NA,NA,NA,NA,NA,NA,NA,NA,NA,NA,NA,NA,NA,NA,NA,NA,NA,NA,NA,NA,NA,NA,NA,NA,NA,NA,NA,NA,NA,NA,NA,NA,NA,NA,NA,NA,NA,NA,NA,NA,NA,NA,NA,NA,NA,NA,NA,High,High,High,NA,NA,NA,NA,NA,210.097505,53.920905,1194.876646,0.588902,01:00:00,-0.826065,-0.304493,-0.474237,-74.183533,-14.778102,-72.440144,-0.211431,175.243642,-0.974027,-4.648592,0.974027,-0.081044,0.211431,12.247119,-12.20621,0.081044,-0.081044,-175.243642,12.20621,0.211431,4.648592,-12.247119,-0.211431,0.081044,0.974027,-0.974027,NA,NA,NA,NA,NA,NA,NA,NA,NA,NA,NA,NA
NA,NA,NA,NA,NA,NA,NA,NA,NA,NA,NA,NA,NA,NA,NA,NA,214,2026-02-20,15:44:42,5,2,"Adams, Kyle",1000370208,Right,CAR_EAG,"Lackey, Lleyton",813440,Left,LEN_BEA,Undefined,5,Top,1,0,1,Slider,Slider,FoulBallNotFieldable,Undefined,Undefined,Undefined,0,0,NA,72.94768,1.968269,-1.25638,2242.220327,128.395574,10:15:00,5.26046,2.63689,5.6606,-48.48644,5.40272,-4.35118,3.05661,1.10246,65.83541,-7.007652,-2.033532,0.528351,NA,NA,NA,NA,NA,NA,NA,NA,NA,NA,NA,1.79732,2.62862,-2.52771,50,5.39664,2.47375,-105.68873,2.20155,1.99628,21.04033,-29.25441,CAR_EAG,LEN_BEA,CarsonNewman,D2,Team,20260220-CarsonNewman-1,fe37c1b0-0e9c-11f1-8304-27cb6f288688,71.33983,NA,NA,7.11226,NA,NA,NA,NA,NA,NA,46df0e37-f40e-476d-8c8d-a76c06d1b556,2026-02-20,20:44:42,2026-02-20T20:44:42Z,2026-02-20T20:44:42Z,NA,v3,CNE,NA,NA,"Rogers, Jacob",1000215913,Right,CAR_EAG,51b37e1f-e0c1-4c35-b2c8-3d8b35120bbe,54.83835,-106.64759,10.52017,5.26594,3.53474,-14.62721,-2.63837,2.38278,0.99814,NA,NA,NA,NA,NA,NA,NA,NA,NA,NA,NA,NA,NA,NA,NA,NA,NA,NA,NA,NA,NA,NA,NA,NA,NA,NA,NA,NA,NA,NA,NA,NA,NA,NA,NA,NA,NA,NA,NA,NA,NA,NA,NA,NA,NA,NA,NA,NA,NA,NA,High,High,High,NA,NA,NA,NA,NA,70.67441,65.708388,922.406685,0.411381,08:15:00,-0.894392,0.419277,0.155789,37.179999,67.338822,-21.682517,0.466554,143.707206,-0.712903,31.570116,0.712903,-0.523542,-0.466554,33.202442,27.810861,0.523542,0.523542,-143.707206,-27.810861,0.466554,-31.570116,-33.202442,-0.466554,-0.523542,0.712903,-0.712903,NA,NA,NA,NA,NA,NA,NA,NA,NA,NA,NA,NA
NA,NA,NA,NA,NA,NA,NA,NA,NA,NA,NA,NA,NA,NA,NA,NA,215,2026-02-20,15:45:08,5,3,"Adams, Kyle",1000370208,Right,CAR_EAG,"Lackey, Lleyton",813440,Left,LEN_BEA,Undefined,5,Top,1,0,2,Slider,Curveball,BallCalled,Undefined,Undefined,Undefined,0,0,NA,73.80522,1.191281,-3.060671,2251.369394,52.316668,07:45:00,5.23662,2.61804,5.86148,-54.01393,-2.18433,-5.0378,1.84396,-0.648,67.54204,-8.72661,-3.962892,0.518156,NA,NA,NA,NA,NA,NA,NA,NA,NA,NA,NA,1.68059,-1.13949,-2.36643,50,5.30134,5.89373,-107.04831,0.64258,1.93112,20.16083,-33.48341,CAR_EAG,LEN_BEA,CarsonNewman,D2,Team,20260220-CarsonNewman-1,0cfb82e0-0e9d-11f1-8304-27cb6f288688,72.74346,NA,NA,6.26318,NA,NA,NA,NA,NA,NA,46df0e37-f40e-476d-8c8d-a76c06d1b556,2026-02-20,20:45:08,2026-02-20T20:45:08Z,2026-02-20T20:45:08Z,NA,v3,CNE,NA,NA,"Rogers, Jacob",1000215913,Right,CAR_EAG,d0d140fa-2e33-4625-9f7e-beb613cb8972,54.64198,-107.91901,10.08042,5.24236,2.08865,-16.7417,-2.61916,5.81033,0.96556,NA,NA,NA,NA,NA,NA,NA,NA,NA,NA,NA,NA,NA,NA,NA,NA,NA,NA,NA,NA,NA,NA,NA,NA,NA,NA,NA,NA,NA,NA,NA,NA,NA,NA,NA,NA,NA,NA,NA,NA,NA,NA,NA,NA,NA,NA,NA,NA,NA,NA,High,High,High,NA,NA,NA,NA,NA,68.174883,64.171192,980.884992,0.435684,08:15:00,-0.881576,0.423081,0.209345,71.481987,65.134091,10.417407,0.413857,144.989762,-0.745615,31.485574,0.745615,-0.522284,-0.413857,29.03267,24.447366,0.522284,0.522284,-144.989762,-24.447366,0.413857,-31.485574,-29.03267,-0.413857,-0.522284,0.745615,-0.745615,NA,NA,NA,NA,NA,NA,NA,NA,NA,NA,NA,NA
NA,NA,NA,NA,NA,NA,NA,NA,NA,NA,NA,NA,NA,NA,NA,NA,216,2026-02-20,15:45:27,5,4,"Adams, Kyle",1000370208,Right,CAR_EAG,"Lackey, Lleyton",813440,Left,LEN_BEA,Undefined,5,Top,1,1,2,ChangeUp,Splitter,FoulBallNotFieldable,Undefined,Undefined,Undefined,0,0,NA,76.27169,0.466479,-2.613592,911.235204,219.096369,01:15:00,5.32585,2.41545,6.00853,-41.87396,6.99811,4.1811,2.269,0.34074,68.60037,-7.350347,-1.86215,0.503155,NA,NA,NA,NA,NA,NA,NA,NA,NA,NA,NA,-3.05784,3.9461,-2.21233,50,5.33988,4.8939,-110.49672,-0.3077,-3.69417,23.88034,-27.40676,CAR_EAG,LEN_BEA,CarsonNewman,D2,Team,20260220-CarsonNewman-1,187b63b0-0e9d-11f1-8304-27cb6f288688,74.91219,NA,NA,7.67132,NA,NA,NA,NA,NA,NA,46df0e37-f40e-476d-8c8d-a76c06d1b556,2026-02-20,20:45:27,2026-02-20T20:45:27Z,2026-02-20T20:45:27Z,NA,v3,CNE,NA,NA,"Rogers, Jacob",1000215913,Right,CAR_EAG,8a004838-de93-42e5-87ca-fc53621dcfff,54.48991,-111.46285,11.94017,5.3299,0.8011,-13.70338,-2.41335,5.04336,-1.84709,NA,NA,NA,NA,NA,NA,NA,NA,NA,NA,NA,NA,NA,NA,NA,NA,NA,NA,NA,NA,NA,NA,NA,NA,NA,NA,NA,NA,NA,NA,NA,NA,NA,NA,NA,NA,NA,NA,NA,NA,NA,NA,NA,NA,NA,NA,NA,NA,NA,NA,High,High,High,NA,NA,NA,NA,NA,202.515675,61.697043,432.047275,0.474134,12:45:00,-0.900957,-0.174389,-0.397322,90.780865,7.88149,27.653013,0.517513,107.475207,-0.256953,54.704523,0.256953,-0.816183,-0.517513,63.59489,31.165592,0.816183,0.816183,-107.475207,-31.165592,0.517513,-54.704523,-63.59489,-0.517513,-0.816183,0.256953,-0.256953,NA,NA,NA,NA,NA,NA,NA,NA,NA,NA,NA,NA
NA,NA,NA,NA,NA,NA,NA,NA,NA,NA,NA,NA,NA,NA,NA,NA,217,2026-02-20,15:45:55,5,5,"Adams, Kyle",1000370208,Right,CAR_EAG,"Lackey, Lleyton",813440,Left,LEN_BEA,Undefined,5,Top,1,1,2,ChangeUp,Splitter,BallCalled,Undefined,Undefined,Undefined,0,0,NA,78.40371,-0.80617,-3.420034,850.295076,242.988652,02:00:00,5.6538,2.35937,5.94312,-39.84691,7.13977,10.14004,1.58402,0.02809,69.78365,-8.253618,-1.600095,0.493354,NA,NA,NA,NA,NA,NA,NA,NA,NA,NA,NA,-6.44288,4.555,-2.09198,50,5.56778,6.37921,-113.31521,-2.79652,-8.09312,27.24086,-26.45236,CAR_EAG,LEN_BEA,CarsonNewman,D2,Team,20260220-CarsonNewman-1,2941f9c0-0e9d-11f1-8304-27cb6f288688,76.40037,NA,NA,8.62007,NA,NA,NA,NA,NA,NA,46df0e37-f40e-476d-8c8d-a76c06d1b556,2026-02-20,20:45:55,2026-02-20T20:45:55Z,2026-02-20T20:45:55Z,NA,v3,CNE,NA,NA,"Rogers, Jacob",1000215913,Right,CAR_EAG,42b1bdeb-2dcb-48bf-8807-b6de5601a2d1,54.55157,-114.40417,13.62043,5.65844,-1.73907,-13.22618,-2.35346,6.70273,-4.04656,NA,NA,NA,NA,NA,NA,NA,NA,NA,NA,NA,NA,NA,NA,NA,NA,NA,NA,NA,NA,NA,NA,NA,NA,NA,NA,NA,NA,NA,NA,NA,NA,NA,NA,NA,NA,NA,NA,NA,NA,NA,NA,NA,NA,NA,NA,NA,NA,NA,NA,High,High,High,NA,NA,NA,NA,NA,201.595717,51.208797,532.69638,0.626484,12:45:00,-0.80948,-0.241524,-0.535171,83.631221,-0.226502,28.829565,0.508803,105.93866,-0.236405,55.872099,0.236405,-0.827787,-0.508803,65.078997,30.584152,0.827787,0.827787,-105.93866,-30.584152,0.508803,-55.872099,-65.078997,-0.508803,-0.827787,0.236405,-0.236405,NA,NA,NA,NA,NA,NA,NA,NA,NA,NA,NA,NA
NA,NA,NA,NA,NA,NA,NA,NA,NA,NA,NA,NA,NA,NA,NA,NA,218,2026-02-20,15:46:19,5,6,"Adams, Kyle",1000370208,Right,CAR_EAG,"Lackey, Lleyton",813440,Left,LEN_BEA,Undefined,5,Top,1,2,2,ChangeUp,Changeup,BallCalled,Undefined,Undefined,Undefined,0,0,NA,75.97398,-1.381742,-4.498243,1024.939314,260.12062100000003,02:45:00,5.52379,2.51072,6.14729,-45.12589,3.64252,10.9526,0.4823,-0.74178,69.23115,-9.724766,-2.526948,0.502621,NA,NA,NA,NA,NA,NA,NA,NA,NA,NA,NA,-7.0502,2.87984,-2.17289,50,5.3956,8.26005,-109.94583,-3.96705,-8.51663,21.87732,-28.69518,CAR_EAG,LEN_BEA,CarsonNewman,D2,Team,20260220-CarsonNewman-1,37421cd0-0e9d-11f1-8304-27cb6f288688,74.99178,NA,NA,6.74283,NA,NA,NA,NA,NA,NA,46df0e37-f40e-476d-8c8d-a76c06d1b556,2026-02-20,20:46:19,2026-02-20T20:46:19Z,2026-02-20T20:46:19Z,NA,v3,CNE,NA,NA,"Rogers, Jacob",1000215913,Right,CAR_EAG,e87f2502-6988-454c-b11b-5cb70b277818,54.35185,-110.80839,10.93866,5.5297,-2.83569,-14.34759,-2.50518,8.59584,-4.25832,NA,NA,NA,NA,NA,NA,NA,NA,NA,NA,NA,NA,NA,NA,NA,NA,NA,NA,NA,NA,NA,NA,NA,NA,NA,NA,NA,NA,NA,NA,NA,NA,NA,NA,NA,NA,NA,NA,NA,NA,NA,NA,NA,NA,NA,NA,NA,NA,NA,NA,High,High,High,NA,NA,NA,NA,NA,210.262157,38.861677,798.082316,0.778663,01:00:00,-0.668642,-0.407429,-0.622029,58.19824,-5.389164,27.329426,0.493006,106.080694,-0.240989,56.718439,0.240989,-0.835984,-0.493006,63.949873,29.53835,0.835984,0.835984,-106.080694,-29.53835,0.493006,-56.718439,-63.949873,-0.493006,-0.835984,0.240989,-0.240989,NA,NA,NA,NA,NA,NA,NA,NA,NA,NA,NA,NA
NA,NA,NA,NA,NA,NA,NA,NA,NA,NA,NA,NA,NA,NA,NA,NA,219,2026-02-20,15:46:41,5,7,"Adams, Kyle",1000370208,Right,CAR_EAG,"Lackey, Lleyton",813440,Left,LEN_BEA,Undefined,5,Top,1,3,2,Fastball,Slider,InPlay,Undefined,FlyBall,Error,0,0,NA,81.02507,-0.250533,-3.415676,2091.369497,202.832067,12:45:00,5.40222,2.30193,6.56162,-30.59454,10.66831,3.985,2.62257,-0.5013,74.76813,-5.99214,-2.693239,0.462329,78.44552,47.546066,7.08434,NA,109.99133,88.00409,-1.37822,243.66226,239.74064,-10.145856,4.890119,-3.01154,6.02457,-2.06804,50,5.37169,6.89591,-117.74891,-1.33849,-4.25446,21.05203,-23.66306,CAR_EAG,LEN_BEA,CarsonNewman,D2,Team,20260220-CarsonNewman-1,447fb330-0e9d-11f1-8304-27cb6f288688,81.52731,94.82066,NA,6.25694,NA,NA,NA,1.70109,2.24818,0.40033,46df0e37-f40e-476d-8c8d-a76c06d1b556,2026-02-20,20:46:41,2026-02-20T20:46:41Z,2026-02-20T20:46:41Z,FlyBall,v3,CNE,NA,NA,"Rogers, Jacob",1000215913,Right,CAR_EAG,49beeee4-cc26-487e-abae-c460f54c4d93,53.94156,-118.45151,10.52602,5.40318,-0.54875,-11.83153,-2.30056,7.0379,-2.12723,114.828714,1.68508,77.43219,-11.17012,4.64763,-3.03007,1.38103,-0.36479,0.04965,-0.00268,2.22639,85.38007,-25.21892,6.29192,-3.99903,1.76749,-0.44911,0.0591,-0.00312,0.43413,8.91636,-6.37551,-1.89472,2.56483,-1.06679,0.20413,-0.01617,2.9e-4,NA,NA,NA,NA,NA,NA,NA,NA,NA,NA,NA,NA,NA,NA,NA,NA,NA,NA,NA,NA,NA,NA,High,High,High,Low,Medium,NA,NA,NA,204.605336,50.358862,1334.245732,0.637977,12:45:00,-0.80208,-0.268996,-0.533207,-64.501802,-25.831743,-82.332109,-0.138457,174.861507,-0.986388,-5.088871,0.986388,-0.088701,0.138457,7.990265,-7.958565,0.088701,-0.088701,-174.861507,7.958565,0.138457,5.088871,-7.990265,-0.138457,0.088701,0.986388,-0.986388,NA,NA,NA,NA,NA,NA,NA,NA,NA,NA,NA,NA
NA,NA,NA,NA,NA,NA,NA,NA,NA,NA,NA,NA,NA,NA,NA,NA,220,2026-02-20,15:49:20,6,1,"Wilson, Alec",10092217,Right,CAR_EAG,"Wainwright, Mackenzie",694679,Right,LEN_BEA,Undefined,5,Top,1,0,0,Slider,Curveball,StrikeCalled,Undefined,Undefined,Undefined,0,0,NA,70.96226,2.638375,-1.68344,1916.578314,84.321633,08:45:00,5.9437,1.9656,5.07363,-58.57806,0.66063,-17.51485,3.5525,-1.08157,63.2607,-8.083891,-4.774292,0.553954,NA,NA,NA,NA,NA,NA,NA,NA,NA,NA,NA,7.94048,0.11626,-1.79165,50,6.14915,3.6924,-102.45577,2.84724,8.15961,22.16868,-32.05459,CAR_EAG,LEN_BEA,CarsonNewman,D2,Team,20260220-CarsonNewman-1,a3880210-0e9d-11f1-8304-27cb6f288688,68.04249,NA,NA,7.70156,NA,NA,NA,NA,NA,NA,46df0e37-f40e-476d-8c8d-a76c06d1b556,2026-02-20,20:49:20,2026-02-20T20:49:20Z,2026-02-20T20:49:20Z,NA,v3,CNE,NA,NA,"Rogers, Jacob",1000215913,Right,CAR_EAG,8351eb6a-739d-427f-be55-fa23a5558335,55.42209,-103.62233,11.08434,5.95494,4.53401,-16.0273,-1.97466,3.26303,4.0798,NA,NA,NA,NA,NA,NA,NA,NA,NA,NA,NA,NA,NA,NA,NA,NA,NA,NA,NA,NA,NA,NA,NA,NA,NA,NA,NA,NA,NA,NA,NA,NA,NA,NA,NA,NA,NA,NA,NA,NA,NA,NA,NA,NA,NA,NA,NA,NA,NA,NA,High,High,High,NA,NA,NA,NA,NA,61.606227,59.911409,960.854399,0.501338,08:00:00,-0.836665,0.480389,0.263093,3.451842,-17.1085,-10.433611,-0.792241,144.85637,-0.498974,-20.563962,0.498974,-0.351253,0.792241,57.796214,-52.395462,0.351253,-0.351253,-144.85637,52.395462,0.792241,20.563962,-57.796214,-0.792241,0.351253,0.498974,-0.498974,NA,NA,NA,NA,NA,NA,NA,NA,NA,NA,NA,NA
NA,NA,NA,NA,NA,NA,NA,NA,NA,NA,NA,NA,NA,NA,NA,NA,221,2026-02-20,15:49:41,6,2,"Wilson, Alec",10092217,Right,CAR_EAG,"Wainwright, Mackenzie",694679,Right,LEN_BEA,Undefined,5,Top,1,0,1,Slider,Curveball,BallCalled,Undefined,Undefined,Undefined,0,0,NA,71.82361,1.843102,-2.273897,2058.347956,71.104131,08:15:00,5.76665,1.8576,5.19266,-60.50645,-2.9939,-15.5091,2.46026,-1.57506,64.27458,-9.202936,-5.018459,0.545824,NA,NA,NA,NA,NA,NA,NA,NA,NA,NA,NA,6.80315,-1.44413,-1.63445,50,5.89296,4.71679,-103.7745,1.39235,7.17065,22.77294,-33.6962,CAR_EAG,LEN_BEA,CarsonNewman,D2,Team,20260220-CarsonNewman-1,aff85d60-0e9d-11f1-8304-27cb6f288688,69.05602,NA,NA,7.54903,NA,NA,NA,NA,NA,NA,46df0e37-f40e-476d-8c8d-a76c06d1b556,2026-02-20,20:49:41,2026-02-20T20:49:41Z,2026-02-20T20:49:41Z,NA,v3,CNE,NA,NA,"Rogers, Jacob",1000215913,Right,CAR_EAG,8d60b497-1926-4951-b0c9-1af13d2fff17,55.30466,-104.93213,11.38647,5.77865,3.10525,-16.8481,-1.86496,4.35229,3.58532,NA,NA,NA,NA,NA,NA,NA,NA,NA,NA,NA,NA,NA,NA,NA,NA,NA,NA,NA,NA,NA,NA,NA,NA,NA,NA,NA,NA,NA,NA,NA,NA,NA,NA,NA,NA,NA,NA,NA,NA,NA,NA,NA,NA,NA,NA,NA,NA,NA,NA,High,High,High,NA,NA,NA,NA,NA,54.959248,62.149514,961.589984,0.467166,07:45:00,-0.860082,0.410729,0.302591,-7.486599,-11.617674,2.114714,-0.766243,144.003802,-0.519859,-22.188023,0.519859,-0.377647,0.766243,55.844988,-50.017729,0.377647,-0.377647,-144.003802,50.017729,0.766243,22.188023,-55.844988,-0.766243,0.377647,0.519859,-0.519859,NA,NA,NA,NA,NA,NA,NA,NA,NA,NA,NA,NA
NA,NA,NA,NA,NA,NA,NA,NA,NA,NA,NA,NA,NA,NA,NA,NA,222,2026-02-20,15:50:04,6,3,"Wilson, Alec",10092217,Right,CAR_EAG,"Wainwright, Mackenzie",694679,Right,LEN_BEA,Undefined,5,Top,1,1,1,ChangeUp,Changeup,BallCalled,Undefined,Undefined,Undefined,0,0,NA,73.46774,2.806826,-2.000652,1553.482827,248.162878,02:15:00,5.74424,2.04314,6.13339,-44.64585,7.92158,14.76044,4.62178,1.42322,65.68055,-5.584259,0.656815,0.521831,NA,NA,NA,NA,NA,NA,NA,NA,NA,NA,NA,-8.18445,3.75429,-1.89715,50,5.93663,3.1827,-106.33208,3.99118,-9.1537,22.16283,-27.97514,CAR_EAG,LEN_BEA,CarsonNewman,D2,Team,20260220-CarsonNewman-1,bdbfe440-0e9d-11f1-8304-27cb6f288688,72.23115,NA,NA,7.78719,NA,NA,NA,NA,NA,NA,46df0e37-f40e-476d-8c8d-a76c06d1b556,2026-02-20,20:50:04,2026-02-20T20:50:04Z,2026-02-20T20:50:04Z,NA,v3,CNE,NA,NA,"Rogers, Jacob",1000215913,Right,CAR_EAG,b76414c3-73d0-4606-b399-73e243b6204b,54.36201,-107.2374,11.08142,5.75025,5.13393,-13.98757,-2.03479,3.55662,-4.57685,NA,NA,NA,NA,NA,NA,NA,NA,NA,NA,NA,NA,NA,NA,NA,NA,NA,NA,NA,NA,NA,NA,NA,NA,NA,NA,NA,NA,NA,NA,NA,NA,NA,NA,NA,NA,NA,NA,NA,NA,NA,NA,NA,NA,NA,NA,NA,NA,NA,NA,High,High,High,NA,NA,NA,NA,NA,229.411832,18.354716,1474.44968,0.949125,01:45:00,-0.371161,-0.704486,-0.604929,81.267126,29.707925,37.531911,0.328393,101.895714,-0.194699,67.556528,0.194699,-0.924257,-0.328393,59.336933,19.171259,0.924257,0.924257,-101.895714,-19.171259,0.328393,-67.556528,-59.336933,-0.328393,-0.924257,0.194699,-0.194699,NA,NA,NA,NA,NA,NA,NA,NA,NA,NA,NA,NA
NA,NA,NA,NA,NA,NA,NA,NA,NA,NA,NA,NA,NA,NA,NA,NA,223,2026-02-20,15:50:26,6,4,"Wilson, Alec",10092217,Right,CAR_EAG,"Wainwright, Mackenzie",694679,Right,LEN_BEA,Undefined,5,Top,1,2,1,Fastball,Changeup,BallCalled,Undefined,Undefined,Undefined,0,0,NA,82.47998,0.861682,-2.501101,1962.175269,199.906707,12:45:00,5.81433,1.78358,5.56408,-22.65422,20.00749,6.64091,4.73233,-0.00113,73.43727,-3.468873,-1.318702,0.4701,NA,NA,NA,NA,NA,NA,NA,NA,NA,NA,NA,-4.17937,10.22871,-1.57188,50,5.87441,4.92444,-119.27159,1.15594,-5.87518,28.0963,-17.79493,CAR_EAG,LEN_BEA,CarsonNewman,D2,Team,20260220-CarsonNewman-1,ca9eb8d0-0e9d-11f1-8304-27cb6f288688,80.17955,NA,NA,9.04271,NA,NA,NA,NA,NA,NA,46df0e37-f40e-476d-8c8d-a76c06d1b556,2026-02-20,20:50:26,2026-02-20T20:50:26Z,2026-02-20T20:50:26Z,NA,v3,CNE,NA,NA,"Rogers, Jacob",1000215913,Right,CAR_EAG,7b956ea7-1e14-4817-a6e0-fc6ddd1cbae5,54.92913,-120.42712,14.04815,5.81182,1.88781,-8.89746,-1.77938,5.16607,-2.93759,NA,NA,NA,NA,NA,NA,NA,NA,NA,NA,NA,NA,NA,NA,NA,NA,NA,NA,NA,NA,NA,NA,NA,NA,NA,NA,NA,NA,NA,NA,NA,NA,NA,NA,NA,NA,NA,NA,NA,NA,NA,NA,NA,NA,NA,NA,NA,NA,NA,NA,High,High,High,NA,NA,NA,NA,NA,212.427627,15.080957,1894.596302,0.965559,01:00:00,-0.303251,-0.513794,-0.80253,-19.838322,36.252899,12.840817,-0.106215,171.702992,-0.983936,-8.249746,0.983936,-0.143488,0.106215,6.161163,-6.097165,0.143488,-0.143488,-171.702992,6.097165,0.106215,8.249746,-6.161163,-0.106215,0.143488,0.983936,-0.983936,NA,NA,NA,NA,NA,NA,NA,NA,NA,NA,NA,NA
NA,NA,NA,NA,NA,NA,NA,NA,NA,NA,NA,NA,NA,NA,NA,NA,224,2026-02-20,15:50:46,6,5,"Wilson, Alec",10092217,Right,CAR_EAG,"Wainwright, Mackenzie",694679,Right,LEN_BEA,Undefined,5,Top,1,3,1,Fastball,Changeup,FoulBallNotFieldable,Undefined,Undefined,Undefined,0,0,NA,81.21182,-0.109132,-2.492447,1890.31324,216.121314,01:15:00,5.72093,1.88826,5.85969,-26.32249,16.37025,10.89847,3.4259,0.47933,73.79845,-5.065411,-0.539743,0.470271,NA,NA,NA,NA,NA,NA,NA,NA,NA,NA,NA,-6.31048,8.82437,-1.69231,50,5.69684,4.70494,-117.80444,-0.98908,-8.81155,23.70946,-19.85228,CAR_EAG,LEN_BEA,CarsonNewman,D2,Team,20260220-CarsonNewman-1,d6c9cdc0-0e9d-11f1-8304-27cb6f288688,80.15042,NA,NA,7.41337,NA,NA,NA,NA,NA,NA,46df0e37-f40e-476d-8c8d-a76c06d1b556,2026-02-20,20:50:46,2026-02-20T20:50:46Z,2026-02-20T20:50:46Z,NA,v3,CNE,NA,NA,"Rogers, Jacob",1000215913,Right,CAR_EAG,abd3a312-feb1-47d9-b8a0-5426e77a1ac8,54.63968,-118.73455,11.85473,5.72037,-0.21029,-9.92614,-1.88367,5.05062,-4.40577,NA,NA,NA,NA,NA,NA,NA,NA,NA,NA,NA,NA,NA,NA,NA,NA,NA,NA,NA,NA,NA,NA,NA,NA,NA,NA,NA,NA,NA,NA,NA,NA,NA,NA,NA,NA,NA,NA,NA,NA,NA,NA,NA,NA,NA,NA,NA,NA,NA,NA,High,High,High,NA,NA,NA,NA,NA,215.970477,17.989463,1797.902121,0.951113,01:15:00,-0.340961,-0.559241,-0.755642,-28.970269,27.520402,-12.362621,-0.16938,170.668243,-0.972508,-9.195742,0.972508,-0.159808,0.16938,9.880007,-9.751782,0.159808,-0.159808,-170.668243,9.751782,0.16938,9.195742,-9.880007,-0.16938,0.159808,0.972508,-0.972508,NA,NA,NA,NA,NA,NA,NA,NA,NA,NA,NA,NA
NA,NA,NA,NA,NA,NA,NA,NA,NA,NA,NA,NA,NA,NA,NA,NA,225,2026-02-20,15:51:16,6,6,"Wilson, Alec",10092217,Right,CAR_EAG,"Wainwright, Mackenzie",694679,Right,LEN_BEA,Undefined,5,Top,1,3,2,Slider,Curveball,FoulBallNotFieldable,Undefined,Undefined,Undefined,0,0,NA,71.11385,1.723527,-1.425461,2055.192238,76.489118,08:30:00,5.66651,1.82418,5.20721,-57.34416,-0.0678,-8.37516,2.50975,-0.21463,64.87911,-8.714341,-2.909855,0.544702,65.99529,47.15845,120.149292,4523.167245,NA,NA,NA,NA,20.69572,NA,NA,3.75536,-0.04047,-1.68558,50,5.78281,2.8698,-103.06923,1.3032,3.99606,18.85871,-32.21711,CAR_EAG,LEN_BEA,CarsonNewman,D2,Team,20260220-CarsonNewman-1,e8c64bc0-0e9d-11f1-8304-27cb6f288688,69.19823,23.19322,NA,6.23474,NA,NA,NA,1.07951,2.25956,0.10759,46df0e37-f40e-476d-8c8d-a76c06d1b556,2026-02-20,20:51:16,2026-02-20T20:51:16Z,2026-02-20T20:51:16Z,NA,v3,CNE,NA,NA,"Rogers, Jacob",1000215913,Right,CAR_EAG,c9cfbe22-3954-48de-9b25-e46cc381d975,55.29403,-104.03337,9.42936,5.67408,2.95029,-16.10855,-1.82708,2.6655,1.99803,314.085518,1.08382,-33.22899,-1.84583,NA,NA,NA,NA,NA,NA,2.26831,70.62718,-26.94291,NA,NA,NA,NA,NA,NA,0.11586,56.58626,-13.03769,NA,NA,NA,NA,NA,NA,NA,NA,NA,NA,NA,NA,NA,NA,NA,NA,NA,NA,NA,NA,NA,NA,NA,NA,NA,NA,NA,NA,High,High,High,High,Undefined,NA,NA,NA,60.243371,60.858068,1000.826664,0.486975,08:00:00,-0.854027,0.448841,0.26302,7.157127,-17.204023,-3.878523,-0.765214,135.568378,-0.459712,-26.787346,0.459712,-0.45068,0.765214,59.004127,-49.926019,0.45068,-0.45068,-135.568378,49.926019,0.765214,26.787346,-59.004127,-0.765214,0.45068,0.459712,-0.459712,NA,NA,NA,NA,NA,NA,NA,NA,NA,NA,NA,NA
NA,NA,NA,NA,NA,NA,NA,NA,NA,NA,NA,NA,NA,NA,NA,NA,226,2026-02-20,15:51:43,6,7,"Wilson, Alec",10092217,Right,CAR_EAG,"Wainwright, Mackenzie",694679,Right,LEN_BEA,Undefined,5,Top,1,3,2,Slider,Curveball,BallCalled,Walk,Undefined,Undefined,0,1,NA,70.86733,0.565025,-1.553274,2064.808927,66.055259,08:15:00,5.62038,1.73688,5.29434,-61.96181,-4.74654,-14.82631,0.98764,-0.95745,65.34602,-10.638336,-4.189532,0.544412,NA,NA,NA,NA,NA,NA,NA,NA,NA,NA,NA,6.96103,-1.98102,-1.58431,50,5.62665,3.32327,-102.84254,-0.93426,7.40086,18.2163,-34.28026,CAR_EAG,LEN_BEA,CarsonNewman,D2,Team,20260220-CarsonNewman-1,f8881c00-0e9d-11f1-8304-27cb6f288688,69.23518,NA,NA,5.52131,NA,NA,NA,NA,NA,NA,46df0e37-f40e-476d-8c8d-a76c06d1b556,2026-02-20,20:51:43,2026-02-20T20:51:43Z,2026-02-20T20:51:43Z,NA,v3,CNE,NA,NA,"Rogers, Jacob",1000215913,Right,CAR_EAG,330ea724-3c6d-482c-a61b-413a764b41b8,55.20878,-103.76106,9.10815,5.63018,0.79426,-17.14013,-1.74248,2.95009,3.70043,NA,NA,NA,NA,NA,NA,NA,NA,NA,NA,NA,NA,NA,NA,NA,NA,NA,NA,NA,NA,NA,NA,NA,NA,NA,NA,NA,NA,NA,NA,NA,NA,NA,NA,NA,NA,NA,NA,NA,NA,NA,NA,NA,NA,NA,NA,NA,NA,NA,NA,High,High,High,NA,NA,NA,NA,NA,56.026702,60.292729,1023.25509,0.495569,07:45:00,-0.856649,0.41952,0.300258,1.579407,-9.530389,-1.320082,-0.8045,136.15002,-0.428333,-24.297489,0.428333,-0.411474,0.8045,61.968199,-53.56196,0.411474,-0.411474,-136.15002,53.56196,0.8045,24.297489,-61.968199,-0.8045,0.411474,0.428333,-0.428333,NA,NA,NA,NA,NA,NA,NA,NA,NA,NA,NA,NA
NA,NA,NA,NA,NA,NA,NA,NA,NA,NA,NA,NA,NA,NA,NA,NA,227,2026-02-20,15:52:17,7,1,"Wilson, Alec",10092217,Right,CAR_EAG,"Procopio, Matthew",10069634,Right,LEN_BEA,Undefined,5,Top,1,0,0,Fastball,Changeup,InPlay,Undefined,GroundBall,Out,2,0,NA,81.45075,-1.131519,-2.581287,1968.0997,225.985071,01:30:00,5.73208,1.75329,5.83866,-27.88234,14.3017,13.42198,2.35566,0.47099,74.68705,-6.331777,-0.176043,0.467461,80.72945,-10.750405,-15.955743,NA,NA,NA,NA,12.72242,12.50233,-18.504118,0.099784,-7.60493,8.02445,-1.55088,50,5.62335,4.81737,-118.22961,-3.1783,-10.77531,22.32553,-20.80433,CAR_EAG,LEN_BEA,CarsonNewman,D2,Team,20260220-CarsonNewman-1,0d1c0dc0-0e9e-11f1-8304-27cb6f288688,80.63224,2.28617,NA,6.7637,NA,NA,NA,0.98991,2.28617,-0.64487,46df0e37-f40e-476d-8c8d-a76c06d1b556,2026-02-20,20:52:17,2026-02-20T20:52:17Z,2026-02-20T20:52:17Z,GroundBall,v3,CNE,NA,NA,"Rogers, Jacob",1000215913,Right,CAR_EAG,764556bb-ca99-45a9-a33d-0da3d98c5a76,54.66282,-119.10684,11.16276,5.73217,-2.36084,-10.40217,-1.74849,5.24076,-5.38766,104.925046,0.98983,111.85499,-8.67668,NA,NA,NA,NA,NA,NA,2.28619,-22.08902,-8.25584,NA,NA,NA,NA,NA,NA,-0.64481,-31.98471,-20.23125,NA,NA,NA,NA,NA,NA,NA,NA,NA,NA,NA,NA,NA,NA,NA,NA,NA,NA,NA,NA,NA,NA,NA,NA,NA,NA,NA,NA,High,High,High,High,High,NA,NA,NA,215.920404,16.533976,1886.721037,0.958651,01:15:00,-0.308109,-0.567913,-0.763245,-33.167073,31.05033,-4.324664,-0.061099,170.330666,-0.983952,-9.651096,0.983952,-0.167648,0.061099,3.553241,-3.502889,0.167648,-0.167648,-170.330666,3.502889,0.061099,9.651096,-3.553241,-0.061099,0.167648,0.983952,-0.983952,NA,NA,NA,NA,NA,NA,NA,NA,NA,NA,NA,NA
NA,NA,NA,NA,NA,NA,NA,NA,NA,NA,NA,NA,NA,NA,NA,NA,228,2026-02-20,15:54:34,1,1,"Burnley, Michael",10109139,Right,LEN_BEA,"Floyd, Logan",1000148156,Right,CAR_EAG,Undefined,5,Bottom,0,0,0,Fastball,Four-Seam,BallCalled,Undefined,Undefined,Undefined,0,0,NA,87.6828,-0.774503,-1.777868,2334.995622,186.205439,12:15:00,6.0934,0.87822,5.96157,-15.88666,20.53403,2.10118,4.05093,-0.59583,79.67762,-3.833117,-1.400612,0.434356,NA,NA,NA,NA,NA,NA,NA,NA,NA,NA,NA,-1.58724,11.08694,-0.7382,50,6.02288,3.86055,-127.24184,-2.13375,-2.58989,27.26215,-14.08354,CAR_EAG,LEN_BEA,CarsonNewman,D2,Team,20260220-CarsonNewman-1,5e3e2a30-0e9e-11f1-8304-27cb6f288688,86.77781,NA,NA,8.00518,NA,NA,NA,NA,NA,NA,46df0e37-f40e-476d-8c8d-a76c06d1b556,2026-02-20,20:54:34,2026-02-20T20:54:34Z,2026-02-20T20:54:34Z,NA,v3,CNE,NA,NA,"Christmas, Seth",1000191967,Right,LEN_BEA,82301fd5-679b-483b-843e-b6b9fd9f2138,54.53606,-128.21003,13.63107,6.08977,-1.63358,-7.04177,-0.87693,3.95252,-1.29494,NA,NA,NA,NA,NA,NA,NA,NA,NA,NA,NA,NA,NA,NA,NA,NA,NA,NA,NA,NA,NA,NA,NA,NA,NA,NA,NA,NA,NA,NA,NA,NA,NA,NA,NA,NA,NA,NA,NA,NA,NA,NA,NA,NA,NA,NA,NA,NA,NA,NA,High,High,High,NA,NA,NA,NA,NA,190.799892,30.052591,2021.093044,0.865566,12:15:00,-0.524695,-0.168944,-0.834358,-39.94428,-36.667943,-80.764591,-0.043681,154.371404,-0.900756,-25.602363,0.900756,-0.432123,0.043681,2.77633,-2.503552,0.432123,-0.432123,-154.371404,2.503552,0.043681,25.602363,-2.77633,-0.043681,0.432123,0.900756,-0.900756,NA,NA,NA,NA,NA,NA,NA,NA,NA,NA,NA,NA
NA,NA,NA,NA,NA,NA,NA,NA,NA,NA,NA,NA,NA,NA,NA,NA,229,2026-02-20,15:54:49,1,2,"Burnley, Michael",10109139,Right,LEN_BEA,"Floyd, Logan",1000148156,Right,CAR_EAG,Undefined,5,Bottom,0,1,0,Fastball,Four-Seam,StrikeCalled,Undefined,Undefined,Undefined,0,0,NA,87.57299,-1.792725,-2.722854,2302.387825,191.295258,12:30:00,5.92323,0.79739,6.12352,-18.9493,16.80694,3.15528,2.68437,-1.45878,81.03285,-5.361,-2.155042,0.430375,NA,NA,NA,NA,NA,NA,NA,NA,NA,NA,NA,-2.29047,9.44327,-0.59044,50,5.77572,5.92512,-127.22143,-4.53501,-3.80066,23.0542,-16.50439,CAR_EAG,LEN_BEA,CarsonNewman,D2,Team,20260220-CarsonNewman-1,67c93fe0-0e9e-11f1-8304-27cb6f288688,87.58044,NA,NA,6.54014,NA,NA,NA,NA,NA,NA,46df0e37-f40e-476d-8c8d-a76c06d1b556,2026-02-20,20:54:49,2026-02-20T20:54:49Z,2026-02-20T20:54:49Z,NA,v3,CNE,NA,NA,"Christmas, Seth",1000191967,Right,LEN_BEA,c2b1150d-f69d-4712-bbfe-6b12b34f21a7,54.37774,-128.01228,11.5271,5.92157,-3.96885,-8.2522,-0.79593,6.05549,-1.90033,NA,NA,NA,NA,NA,NA,NA,NA,NA,NA,NA,NA,NA,NA,NA,NA,NA,NA,NA,NA,NA,NA,NA,NA,NA,NA,NA,NA,NA,NA,NA,NA,NA,NA,NA,NA,NA,NA,NA,NA,NA,NA,NA,NA,NA,NA,NA,NA,NA,NA,High,High,High,NA,NA,NA,NA,NA,192.553841,27.919425,2034.405856,0.883607,12:30:00,-0.502442,-0.206612,-0.839561,-42.249599,-42.249776,-70.490296,-0.028606,146.970707,-0.838049,-33.014051,0.838049,-0.544845,0.028606,1.954956,-1.639208,0.544845,-0.544845,-146.970707,1.639208,0.028606,33.014051,-1.954956,-0.028606,0.544845,0.838049,-0.838049,NA,NA,NA,NA,NA,NA,NA,NA,NA,NA,NA,NA
NA,NA,NA,NA,NA,NA,NA,NA,NA,NA,NA,NA,NA,NA,NA,NA,230,2026-02-20,15:55:07,1,3,"Burnley, Michael",10109139,Right,LEN_BEA,"Floyd, Logan",1000148156,Right,CAR_EAG,Undefined,5,Bottom,0,1,1,ChangeUp,Splitter,StrikeSwinging,Undefined,Undefined,Undefined,0,0,NA,83.4944,-1.526636,-1.75382,1113.604305,233.875639,01:45:00,5.78885,0.63798,6.02451,-33.22147,6.81508,7.54402,1.60542,-0.35826,76.41993,-7.687218,-0.395038,0.455407,NA,NA,NA,NA,NA,NA,NA,NA,NA,NA,NA,-4.39095,4.35114,-0.50471,50,5.65131,3.418,-121.20745,-4.28343,-6.50322,24.67055,-25.72975,CAR_EAG,LEN_BEA,CarsonNewman,D2,Team,20260220-CarsonNewman-1,72403c30-0e9e-11f1-8304-27cb6f288688,82.76648,NA,NA,7.07447,NA,NA,NA,NA,NA,NA,46df0e37-f40e-476d-8c8d-a76c06d1b556,2026-02-20,20:55:07,2026-02-20T20:55:07Z,2026-02-20T20:55:07Z,NA,v3,CNE,NA,NA,"Christmas, Seth",1000191967,Right,LEN_BEA,b31edee1-0242-4914-9186-7b9efd49986c,54.47577,-122.11505,12.33528,5.79148,-3.33686,-12.86487,-0.63485,3.65724,-3.25161,NA,NA,NA,NA,NA,NA,NA,NA,NA,NA,NA,NA,NA,NA,NA,NA,NA,NA,NA,NA,NA,NA,NA,NA,NA,NA,NA,NA,NA,NA,NA,NA,NA,NA,NA,NA,NA,NA,NA,NA,NA,NA,NA,NA,NA,NA,NA,NA,NA,NA,High,High,High,NA,NA,NA,NA,NA,218.391679,9.788847,1097.391354,0.985441,01:15:00,-0.177219,-0.616305,-0.767308,96.709479,16.880961,72.164022,0.390298,97.952883,-0.127385,65.759969,0.127385,-0.911833,-0.390298,71.924385,22.973054,0.911833,0.911833,-97.952883,-22.973054,0.390298,-65.759969,-71.924385,-0.390298,-0.911833,0.127385,-0.127385,NA,NA,NA,NA,NA,NA,NA,NA,NA,NA,NA,NA
NA,NA,NA,NA,NA,NA,NA,NA,NA,NA,NA,NA,NA,NA,NA,NA,231,2026-02-20,15:55:28,1,4,"Burnley, Michael",10109139,Right,LEN_BEA,"Floyd, Logan",1000148156,Right,CAR_EAG,Undefined,5,Bottom,0,1,2,Slider,Slider,BallCalled,Undefined,Undefined,Undefined,0,0,NA,78.58523,-1.144581,0.026721,2390.319087,113.572884,09:45:00,5.93706,0.60582,5.6002,-38.4899,7.62855,-13.87973,1.66083,-0.52587,71.72494,-8.228747,-2.454963,0.488775,NA,NA,NA,NA,NA,NA,NA,NA,NA,NA,NA,7.01166,4.70032,-0.59906,50,5.81433,0.48943,-114.00975,-3.50856,9.1419,22.80308,-26.0457,CAR_EAG,LEN_BEA,CarsonNewman,D2,Team,20260220-CarsonNewman-1,7e9b88e0-0e9e-11f1-8304-27cb6f288688,77.11616,NA,NA,6.8603,NA,NA,NA,NA,NA,NA,46df0e37-f40e-476d-8c8d-a76c06d1b556,2026-02-20,20:55:28,2026-02-20T20:55:28Z,2026-02-20T20:55:28Z,NA,v3,CNE,NA,NA,"Christmas, Seth",1000191967,Right,LEN_BEA,7e5092cf-8bc5-4d04-9c8e-040a4cc0d839,54.89901,-114.98542,11.40154,5.94061,-2.39414,-13.02285,-0.61163,0.09827,4.57095,NA,NA,NA,NA,NA,NA,NA,NA,NA,NA,NA,NA,NA,NA,NA,NA,NA,NA,NA,NA,NA,NA,NA,NA,NA,NA,NA,NA,NA,NA,NA,NA,NA,NA,NA,NA,NA,NA,NA,NA,NA,NA,NA,NA,NA,NA,NA,NA,NA,NA,High,High,High,NA,NA,NA,NA,NA,102.356596,64.183444,1040.962998,0.435491,09:30:00,-0.908467,0.407336,-0.093617,-40.796611,-4.237777,23.410727,-0.676718,127.38371,-0.447009,-35.80361,0.447009,-0.585009,0.676718,56.553043,-42.587705,0.585009,-0.585009,-127.38371,42.587705,0.676718,35.80361,-56.553043,-0.676718,0.585009,0.447009,-0.447009,NA,NA,NA,NA,NA,NA,NA,NA,NA,NA,NA,NA
NA,NA,NA,NA,NA,NA,NA,NA,NA,NA,NA,NA,NA,NA,NA,NA,232,2026-02-20,15:55:47,1,5,"Burnley, Michael",10109139,Right,LEN_BEA,"Floyd, Logan",1000148156,Right,CAR_EAG,Undefined,5,Bottom,0,2,2,ChangeUp,Changeup,BallCalled,Undefined,Undefined,Undefined,0,0,NA,84.74632,-4.268329,-1.874945,1277.690681,240.206138,02:00:00,6.15425,0.58307,5.97331,-31.20679,7.87847,11.52284,-0.41294,-0.19557,77.93974,-10.002849,0.201135,0.449964,NA,NA,NA,NA,NA,NA,NA,NA,NA,NA,NA,-6.55666,5.63756,-0.44134,50,5.79804,3.58277,-122.76679,-10.16121,-9.96387,25.27171,-23.60685,CAR_EAG,LEN_BEA,CarsonNewman,D2,Team,20260220-CarsonNewman-1,89cea940-0e9e-11f1-8304-27cb6f288688,83.76764,NA,NA,6.80657,NA,NA,NA,NA,NA,NA,46df0e37-f40e-476d-8c8d-a76c06d1b556,2026-02-20,20:55:47,2026-02-20T20:55:47Z,2026-02-20T20:55:47Z,NA,v3,CNE,NA,NA,"Christmas, Seth",1000191967,Right,LEN_BEA,3e81e423-c800-41d6-9b16-7c95700e9297,54.5296,-123.6957,12.63586,6.15559,-9.2935,-11.80343,-0.57976,3.94901,-4.98194,NA,NA,NA,NA,NA,NA,NA,NA,NA,NA,NA,NA,NA,NA,NA,NA,NA,NA,NA,NA,NA,NA,NA,NA,NA,NA,NA,NA,NA,NA,NA,NA,NA,NA,NA,NA,NA,NA,NA,NA,NA,NA,NA,NA,NA,NA,NA,NA,NA,NA,High,High,High,NA,NA,NA,NA,NA,220.265937,29.02027,1117.274233,0.874448,01:15:00,-0.463303,-0.599726,-0.652441,87.848606,28.370537,63.671099,0.920817,118.104737,-0.18372,20.121323,0.18372,-0.344009,-0.920817,78.716582,67.045863,0.344009,0.344009,-118.104737,-67.045863,0.920817,-20.121323,-78.716582,-0.920817,-0.344009,0.18372,-0.18372,NA,NA,NA,NA,NA,NA,NA,NA,NA,NA,NA,NA
NA,NA,NA,NA,NA,NA,NA,NA,NA,NA,NA,NA,NA,NA,NA,NA,233,2026-02-20,15:56:12,1,6,"Burnley, Michael",10109139,Right,LEN_BEA,"Floyd, Logan",1000148156,Right,CAR_EAG,Undefined,5,Bottom,0,3,2,Slider,Slider,StrikeCalled,Strikeout,Undefined,Undefined,0,0,NA,78.96935,-0.21122,-0.983272,2314.799172,95.382902,09:15:00,5.87879,0.70237,5.53899,-42.56183,2.36685,-11.84741,2.13452,-1.20405,73.38738,-7.96384,-3.097831,0.482429,NA,NA,NA,NA,NA,NA,NA,NA,NA,NA,NA,5.76044,1.63705,-0.60898,50,5.83198,2.42529,-114.81862,-1.83778,7.76454,19.32551,-29.96746,CAR_EAG,LEN_BEA,CarsonNewman,D2,Team,20260220-CarsonNewman-1,99327b00-0e9e-11f1-8304-27cb6f288688,78.13059,NA,NA,5.58197,NA,NA,NA,NA,NA,NA,46df0e37-f40e-476d-8c8d-a76c06d1b556,2026-02-20,20:56:12,2026-02-20T20:56:12Z,2026-02-20T20:56:12Z,NA,v3,CNE,NA,NA,"Christmas, Seth",1000191967,Right,LEN_BEA,a547b757-1423-43a0-8442-6b003a1bca96,54.96404,-115.65112,9.66275,5.88334,-0.54686,-14.98373,-0.70625,2.09082,3.88227,NA,NA,NA,NA,NA,NA,NA,NA,NA,NA,NA,NA,NA,NA,NA,NA,NA,NA,NA,NA,NA,NA,NA,NA,NA,NA,NA,NA,53.85688,2.600915,1.237146,1.36377,-0.70822,1.83054,1.32062,-2.93792,4.83252,3.07624,66.93733,9.71736,-57.86202,-2.85715,55.64215,-3.26635,4.94041,24.0369,-15.04387,3.00031,-48.72243,2.99537,High,High,High,NA,NA,High,High,High,97.00679,64.031992,1013.579302,0.437869,09:15:00,-0.901419,0.431282,-0.037951,-25.027586,-14.679514,23.46219,-0.643585,124.745798,-0.436215,-38.968979,0.436215,-0.6289,0.643585,55.871025,-40.059687,0.6289,-0.6289,-124.745798,40.059687,0.643585,38.968979,-55.871025,-0.643585,0.6289,0.436215,-0.436215,NA,NA,NA,NA,NA,NA,NA,NA,NA,NA,NA,NA
NA,NA,NA,NA,NA,NA,NA,NA,NA,NA,NA,NA,NA,NA,NA,NA,234,2026-02-20,15:56:45,2,1,"Burnley, Michael",10109139,Right,LEN_BEA,"Nathan, Cole",1000323259,Right,CAR_EAG,Undefined,5,Bottom,1,0,0,ChangeUp,Splitter,InPlay,Undefined,LineDrive,Single,0,0,NA,84.28723,-1.93809,-2.518028,1230.449086,205.697334,12:45:00,5.98298,0.85352,6.28179,-25.83557,13.27123,5.74158,2.04124,-0.99041,76.70694,-6.806995,-1.480567,0.450088,70.19291,18.535642,-1.554719,1323.805694,109.99565,19.28779,-0.92423,191.07043,191.07043,-0.428815,2.313981,-3.76595,7.88374,-0.67039,50,5.82727,5.1624,-122.27543,-4.87834,-5.65004,26.14276,-20.34607,CAR_EAG,LEN_BEA,CarsonNewman,D2,Team,20260220-CarsonNewman-1,acabd500-0e9e-11f1-8304-27cb6f288688,83.74456,19.53023,NA,7.58029,NA,NA,NA,2.08906,2.17333,1.0097,46df0e37-f40e-476d-8c8d-a76c06d1b556,2026-02-20,20:56:45,2026-02-20T20:56:45Z,2026-02-20T20:56:45Z,LineDrive,v3,CNE,NA,NA,"Christmas, Seth",1000191967,Right,LEN_BEA,a726999f-2145-4b6e-be01-076a7f29e679,54.21852,-123.17405,13.07138,5.98294,-4.17897,-10.17303,-0.85118,5.35661,-2.82502,199.728001,2.08914,97.56942,-8.92488,1.2858,-0.11966,-0.07665,0.01953,0.00544,-0.00165,2.17331,32.7277,-16.26702,0.86056,-0.08181,-0.02228,0.04597,-0.01919,0.00258,1.00971,-2.64932,1.3857,-0.5976,0.16223,-0.00843,-0.00591,0.00176,-1.6e-4,NA,NA,NA,NA,NA,NA,NA,NA,NA,NA,NA,NA,NA,NA,NA,NA,NA,NA,NA,NA,NA,NA,High,High,High,High,High,NA,NA,NA,221.919949,32.591598,1036.691984,0.842531,01:30:00,-0.546344,-0.580783,-0.60349,82.084427,36.579364,55.975229,0.927062,133.469816,-0.257926,15.7883,0.257926,-0.272084,-0.927062,74.452471,67.981443,0.272084,0.272084,-133.469816,-67.981443,0.927062,-15.7883,-74.452471,-0.927062,-0.272084,0.257926,-0.257926,NA,NA,NA,NA,NA,NA,NA,NA,NA,NA,NA,NA
NA,NA,NA,NA,NA,NA,NA,NA,NA,NA,NA,NA,NA,NA,NA,NA,235,2026-02-20,15:57:17,3,1,"Burnley, Michael",10109139,Right,LEN_BEA,"Soto Diaz, Bradley",1000475324,Right,CAR_EAG,Undefined,5,Bottom,1,0,0,Fastball,Four-Seam,FoulBallNotFieldable,Undefined,Undefined,Undefined,0,0,NA,90.15248,-2.114725,-1.779246,2288.684875,203.943184,12:45:00,5.96021,0.49347,6.34907,-17.36619,16.07422,6.71524,2.56452,-0.58532,83.35419,-5.404778,-0.563924,0.416205,NA,NA,NA,NA,NA,NA,NA,NA,NA,NA,NA,-3.95142,9.21268,-0.36733,50,5.79812,3.8091,-131.08019,-5.3337,-6.95095,24.83591,-15.96792,CAR_EAG,LEN_BEA,CarsonNewman,D2,Team,20260220-CarsonNewman-1,bf742e80-0e9e-11f1-8304-27cb6f288688,90.56221,NA,NA,6.79829,NA,NA,NA,NA,NA,NA,46df0e37-f40e-476d-8c8d-a76c06d1b556,2026-02-20,20:57:17,2026-02-20T20:57:17Z,2026-02-20T20:57:17Z,NA,v3,CNE,NA,NA,"Christmas, Seth",1000191967,Right,LEN_BEA,3af127c6-cadd-4f7b-897e-bcb64b700411,54.15317,-131.86475,12.41795,5.95865,-4.82928,-7.98396,-0.49112,4.02868,-3.47548,NA,NA,NA,NA,NA,NA,NA,NA,NA,NA,NA,NA,NA,NA,NA,NA,NA,NA,NA,NA,NA,NA,NA,NA,NA,NA,NA,NA,NA,NA,NA,NA,NA,NA,NA,NA,NA,NA,NA,NA,NA,NA,NA,NA,NA,NA,NA,NA,NA,NA,High,High,High,NA,NA,NA,NA,NA,188.953943,27.708659,2026.226202,0.885323,12:15:00,-0.486506,-0.154856,-0.859844,-40.39324,-37.413688,-86.762506,-0.116833,154.896016,-0.899338,-24.920281,0.899338,-0.421357,0.116833,7.401851,-6.709369,0.421357,-0.421357,-154.896016,6.709369,0.116833,24.920281,-7.401851,-0.116833,0.421357,0.899338,-0.899338,NA,NA,NA,NA,NA,NA,NA,NA,NA,NA,NA,NA
NA,NA,NA,NA,NA,NA,NA,NA,NA,NA,NA,NA,NA,NA,NA,NA,236,2026-02-20,15:57:42,3,2,"Burnley, Michael",10109139,Right,LEN_BEA,"Soto Diaz, Bradley",1000475324,Right,CAR_EAG,Undefined,5,Bottom,1,0,1,ChangeUp,Splitter,BallCalled,Undefined,Undefined,Undefined,0,0,NA,82.5931,-1.689789,-0.548359,1104.958773,258.577619,02:30:00,5.94539,0.85812,5.78769,-36.36746,4.32579,15.76182,1.34217,1.66143,76.79365,-8.341988,2.281072,0.459127,NA,NA,NA,NA,NA,NA,NA,NA,NA,NA,NA,-8.20993,2.98563,-0.82256,50,5.78407,0.53886,-120.10198,-4.74868,-12.10989,21.11289,-27.77016,CAR_EAG,LEN_BEA,CarsonNewman,D2,Team,20260220-CarsonNewman-1,ce9f15f0-0e9e-11f1-8304-27cb6f288688,82.09591,NA,NA,5.79945,NA,NA,NA,NA,NA,NA,46df0e37-f40e-476d-8c8d-a76c06d1b556,2026-02-20,20:57:42,2026-02-20T20:57:42Z,2026-02-20T20:57:42Z,NA,v3,CNE,NA,NA,"Christmas, Seth",1000191967,Right,LEN_BEA,8d25323d-5251-441c-9649-d6588fbaf1c9,54.71573,-120.92812,10.55645,5.94862,-3.66204,-13.88508,-0.85292,1.01272,-6.05494,NA,NA,NA,NA,NA,NA,NA,NA,NA,NA,NA,NA,NA,NA,NA,NA,NA,NA,NA,NA,NA,NA,NA,NA,NA,NA,NA,NA,NA,NA,NA,NA,NA,NA,NA,NA,NA,NA,NA,NA,NA,NA,NA,NA,NA,NA,NA,NA,NA,NA,High,High,High,NA,NA,NA,NA,NA,224.904724,13.408889,1074.837502,0.97274,01:30:00,-0.218133,-0.693226,-0.686918,84.956585,22.230665,68.319847,0.911325,93.727095,-0.026761,24.256112,0.026761,-0.410816,-0.911325,88.317973,65.689157,0.410816,0.410816,-93.727095,-65.689157,0.911325,-24.256112,-88.317973,-0.911325,-0.410816,0.026761,-0.026761,NA,NA,NA,NA,NA,NA,NA,NA,NA,NA,NA,NA
NA,NA,NA,NA,NA,NA,NA,NA,NA,NA,NA,NA,NA,NA,NA,NA,237,2026-02-20,15:58:00,3,3,"Burnley, Michael",10109139,Right,LEN_BEA,"Soto Diaz, Bradley",1000475324,Right,CAR_EAG,Undefined,5,Bottom,1,1,1,Slider,Slider,StrikeCalled,Undefined,Undefined,Undefined,0,0,NA,79.33198,0.661871,-0.024236,2226.327946,101.751611,09:30:00,6.21534,0.54869,5.52115,-42.17983,3.4191,-8.67343,3.31923,-0.19675,71.83785,-7.107745,-1.571668,0.486014,NA,NA,NA,NA,NA,NA,NA,NA,NA,NA,NA,4.3328,2.03563,-0.54078,50,6.24523,0.40051,-115.02296,-0.07996,5.72278,24.14431,-29.48539,CAR_EAG,LEN_BEA,CarsonNewman,D2,Team,20260220-CarsonNewman-1,d94a68b0-0e9e-11f1-8304-27cb6f288688,77.55425,NA,NA,7.49412,NA,NA,NA,NA,NA,NA,46df0e37-f40e-476d-8c8d-a76c06d1b556,2026-02-20,20:58:00,2026-02-20T20:58:00Z,2026-02-20T20:58:00Z,NA,v3,CNE,NA,NA,"Christmas, Seth",1000191967,Right,LEN_BEA,876b4c4a-68f1-4338-bbe6-e69af89aa921,54.97672,-116.06292,12.07216,6.22132,1.19005,-14.74269,-0.55272,0.15402,2.86139,NA,NA,NA,NA,NA,NA,NA,NA,NA,NA,NA,NA,NA,NA,NA,NA,NA,NA,NA,NA,NA,NA,NA,NA,NA,NA,NA,NA,NA,NA,NA,NA,NA,NA,NA,NA,NA,NA,NA,NA,NA,NA,NA,NA,NA,NA,NA,NA,NA,NA,High,High,High,NA,NA,NA,NA,NA,117.110498,67.199909,862.74004,0.387517,10:00:00,-0.917891,0.355566,-0.176206,-43.92173,-10.997708,19.980925,-0.761121,131.136993,-0.426696,-29.241621,0.426696,-0.488494,0.761121,60.724341,-49.563088,0.488494,-0.488494,-131.136993,49.563088,0.761121,29.241621,-60.724341,-0.761121,0.488494,0.426696,-0.426696,NA,NA,NA,NA,NA,NA,NA,NA,NA,NA,NA,NA
NA,NA,NA,NA,NA,NA,NA,NA,NA,NA,NA,NA,NA,NA,NA,NA,238,2026-02-20,15:58:24,3,4,"Burnley, Michael",10109139,Right,LEN_BEA,"Soto Diaz, Bradley",1000475324,Right,CAR_EAG,Undefined,5,Bottom,1,1,2,Slider,Slider,InPlay,Undefined,GroundBall,FieldersChoice,1,0,NA,78.08929,-0.698786,-0.021505,2248.943328,104.503016,09:30:00,5.95296,0.53182,5.60204,-41.87742,5.33693,-13.80761,1.81077,-0.63889,70.53054,-8.423481,-2.490722,0.494548,85.55891,-4.284027,-2.238765,NA,NA,NA,NA,16.68794,15.71669,0.283453,0.12964,6.98847,3.4461,-0.5208,50,5.86633,0.57745,-113.18467,-2.71653,8.87081,24.79727,-27.79972,CAR_EAG,LEN_BEA,CarsonNewman,D2,Team,20260220-CarsonNewman-1,e793c9c0-0e9e-11f1-8304-27cb6f288688,76.21595,1.64146,NA,7.55875,NA,NA,NA,0.74183,1.64146,0.65723,46df0e37-f40e-476d-8c8d-a76c06d1b556,2026-02-20,20:58:24,2026-02-20T20:58:24Z,2026-02-20T20:58:24Z,GroundBall,v3,CNE,NA,NA,"Christmas, Seth",1000191967,Right,LEN_BEA,6cc81c90-210f-4eb9-9d01-e7f5ef25caaa,54.89675,-114.25245,12.39864,5.95753,-1.51947,-13.89986,-0.53744,0.19548,4.4354,344.762983,0.74192,125.03141,-15.66863,NA,NA,NA,NA,NA,NA,1.6418,-9.40952,-25.13818,NA,NA,NA,NA,NA,NA,0.65716,-4.88148,3.46863,NA,NA,NA,NA,NA,NA,NA,NA,NA,NA,NA,NA,NA,NA,NA,NA,NA,NA,NA,NA,NA,NA,NA,NA,NA,NA,NA,NA,High,High,High,High,High,NA,NA,NA,98.254991,64.601855,964.585023,0.428906,09:15:00,-0.908482,0.413413,-0.061241,-28.21858,-11.478151,25.071627,-0.646531,123.410596,-0.420073,-39.554895,0.420073,-0.636817,0.646531,56.986901,-40.280592,0.636817,-0.636817,-123.410596,40.280592,0.646531,39.554895,-56.986901,-0.646531,0.636817,0.420073,-0.420073,NA,NA,NA,NA,NA,NA,NA,NA,NA,NA,NA,NA
NA,NA,NA,NA,NA,NA,NA,NA,NA,NA,NA,NA,NA,NA,NA,NA,239,2026-02-20,15:59:42,4,1,"Burnley, Michael",10109139,Right,LEN_BEA,"Bishop, Matthew",10136275,Right,CAR_EAG,Undefined,5,Bottom,2,0,0,Fastball,Four-Seam,FoulBallNotFieldable,Undefined,Undefined,Undefined,0,0,NA,91.0015,-2.488174,0.204377,2241.858444,198.822591,12:45:00,6.00714,0.63763,6.1946,-15.86713,17.46296,5.59425,2.38625,1.29251,83.36038,-5.51421,1.214393,0.415518,65.24929,-24.624491,-65.316762,NA,NA,NA,NA,7.15242,7.15242,-57.861682,0.06008,-2.85681,10.07406,-0.65584,50,5.81159,-0.69865,-132.19033,-6.18956,-5.05681,28.08169,-14.34197,CAR_EAG,LEN_BEA,CarsonNewman,D2,Team,20260220-CarsonNewman-1,16464950-0e9f-11f1-8304-27cb6f288688,90.71194,2.40523,NA,7.64113,NA,NA,NA,1.61345,2.40523,-1.28835,46df0e37-f40e-476d-8c8d-a76c06d1b556,2026-02-20,20:59:42,2026-02-20T20:59:42Z,2026-02-20T20:59:42Z,GroundBall,v3,CNE,NA,NA,"Christmas, Seth",1000191967,Right,LEN_BEA,ad4e6c5d-d847-4db2-bee6-23bf13daccad,54.30675,-133.10209,14.04084,6.00499,-5.72391,-7.17098,-0.63582,-0.53446,-2.52841,NA,1.61205,36.47453,NA,NA,NA,NA,NA,NA,NA,2.40677,-40.0339,NA,NA,NA,NA,NA,NA,NA,-1.2853,-79.36247,NA,NA,NA,NA,NA,NA,NA,NA,NA,NA,NA,NA,NA,NA,NA,NA,NA,NA,NA,NA,NA,NA,NA,NA,NA,NA,NA,NA,NA,High,High,High,Estimated,Estimated,NA,NA,NA,192.811699,20.165254,2104.437563,0.938702,12:30:00,-0.3321,-0.222925,-0.916523,-37.601188,-27.677331,-62.166669,-0.192204,156.667066,-0.901099,-22.872926,0.901099,-0.388689,0.192204,12.040696,-11.081406,0.388689,-0.388689,-156.667066,11.081406,0.192204,22.872926,-12.040696,-0.192204,0.388689,0.901099,-0.901099,NA,NA,NA,NA,NA,NA,NA,NA,NA,NA,NA,NA
NA,NA,NA,NA,NA,NA,NA,NA,NA,NA,NA,NA,NA,NA,NA,NA,240,2026-02-20,16:00:29,4,2,"Burnley, Michael",10109139,Right,LEN_BEA,"Bishop, Matthew",10136275,Right,CAR_EAG,Undefined,5,Bottom,2,0,1,Fastball,Four-Seam,BallCalled,Undefined,Undefined,Undefined,0,0,NA,89.75267,-1.047436,-1.677228,2318.039725,196.149416,12:30:00,5.89504,0.50744,6.23863,-17.04485,17.38521,4.69973,3.50789,-0.64855,81.51343,-4.319888,-0.828687,0.422319,NA,NA,NA,NA,NA,NA,NA,NA,NA,NA,NA,-2.91201,9.64426,-0.38451,50,5.80827,3.6185,-130.2943,-2.84133,-4.97447,28.98086,-15.6991,CAR_EAG,LEN_BEA,CarsonNewman,D2,Team,20260220-CarsonNewman-1,32544b10-0e9f-11f1-8304-27cb6f288688,89.25114,NA,NA,8.23924,NA,NA,NA,NA,NA,NA,46df0e37-f40e-476d-8c8d-a76c06d1b556,2026-02-20,21:00:29,2026-02-20T21:00:29Z,2026-02-20T21:00:29Z,NA,v3,CNE,NA,NA,"Christmas, Seth",1000191967,Right,LEN_BEA,792536a8-1d93-43d6-9a1f-1cd5ae4d00c6,54.25926,-131.23825,14.49043,5.89249,-2.32998,-7.84955,-0.50501,3.78052,-2.48723,NA,NA,NA,NA,NA,NA,NA,NA,NA,NA,NA,NA,NA,NA,NA,NA,NA,NA,NA,NA,NA,NA,NA,NA,NA,NA,NA,NA,NA,NA,NA,NA,NA,NA,NA,NA,NA,NA,NA,NA,NA,NA,NA,NA,NA,NA,NA,NA,NA,NA,High,High,High,NA,NA,NA,NA,NA,185.832514,25.181961,2097.735691,0.904961,12:15:00,-0.449911,-0.099726,-0.887488,-34.673834,-30.295621,-84.521072,-0.075553,156.434412,-0.913983,-23.494178,0.913983,-0.398656,0.075553,4.725533,-4.333007,0.398656,-0.398656,-156.434412,4.333007,0.075553,23.494178,-4.725533,-0.075553,0.398656,0.913983,-0.913983,NA,NA,NA,NA,NA,NA,NA,NA,NA,NA,NA,NA
NA,NA,NA,NA,NA,NA,NA,NA,NA,NA,NA,NA,NA,NA,NA,NA,241,2026-02-20,16:00:48,4,3,"Burnley, Michael",10109139,Right,LEN_BEA,"Bishop, Matthew",10136275,Right,CAR_EAG,Undefined,5,Bottom,2,1,1,Slider,Slider,BallCalled,Undefined,Undefined,Undefined,0,0,NA,79.03663,-1.123713,-0.553831,2485.657981,97.03935,09:15:00,6.03418,0.59696,5.53798,-42.55782,3.71622,-16.03934,1.43718,-1.25733,71.42493,-8.941089,-3.418783,0.489599,NA,NA,NA,NA,NA,NA,NA,NA,NA,NA,NA,7.8354,2.82622,-0.53836,50,5.90909,1.75634,-114.49844,-3.65607,10.17099,25.51002,-28.50537,CAR_EAG,LEN_BEA,CarsonNewman,D2,Team,20260220-CarsonNewman-1,3d7a4c10-0e9f-11f1-8304-27cb6f288688,76.98642,NA,NA,7.61169,NA,NA,NA,NA,NA,NA,46df0e37-f40e-476d-8c8d-a76c06d1b556,2026-02-20,21:00:48,2026-02-20T21:00:48Z,2026-02-20T21:00:48Z,NA,v3,CNE,NA,NA,"Christmas, Seth",1000191967,Right,LEN_BEA,06c93165-01f9-4025-8fe8-581b0ef81231,54.95934,-115.59809,12.75501,6.04021,-2.4273,-14.25268,-0.60462,1.31791,5.08549,NA,NA,NA,NA,NA,NA,NA,NA,NA,NA,NA,NA,NA,NA,NA,NA,NA,NA,NA,NA,NA,NA,NA,NA,NA,NA,NA,NA,NA,NA,NA,NA,NA,NA,NA,NA,NA,NA,NA,NA,NA,NA,NA,NA,NA,NA,NA,NA,NA,NA,High,High,High,NA,NA,NA,NA,NA,102.810797,68.309229,918.691953,0.369597,09:30:00,-0.93683,0.342105,-0.0729,-35.597341,-3.426803,32.754785,-0.605923,122.900244,-0.432111,-41.90792,0.432111,-0.667935,0.605923,54.505622,-37.295277,0.667935,-0.667935,-122.900244,37.295277,0.605923,41.90792,-54.505622,-0.605923,0.667935,0.432111,-0.432111,NA,NA,NA,NA,NA,NA,NA,NA,NA,NA,NA,NA
NA,NA,NA,NA,NA,NA,NA,NA,NA,NA,NA,NA,NA,NA,NA,NA,242,2026-02-20,16:01:09,4,4,"Burnley, Michael",10109139,Right,LEN_BEA,"Bishop, Matthew",10136275,Right,CAR_EAG,Undefined,5,Bottom,2,2,1,Slider,Slider,StrikeCalled,Undefined,Undefined,Undefined,0,0,NA,77.90766,1.369708,0.096412,2362.250503,92.742449,09:00:00,5.90664,0.52405,5.34428,-45.13361,2.45004,-16.37611,3.43064,-0.75018,70.58082,-6.911112,-2.814105,0.496478,NA,NA,NA,NA,NA,NA,NA,NA,NA,NA,NA,8.16134,1.34244,-0.5209,50,5.99834,0.4776,-112.92854,1.17371,10.39712,23.15262,-30.46385,CAR_EAG,LEN_BEA,CarsonNewman,D2,Team,20260220-CarsonNewman-1,4a31c280-0e9f-11f1-8304-27cb6f288688,75.91959,NA,NA,7.32684,NA,NA,NA,NA,NA,NA,46df0e37-f40e-476d-8c8d-a76c06d1b556,2026-02-20,21:01:09,2026-02-20T21:01:09Z,2026-02-20T21:01:09Z,NA,v3,CNE,NA,NA,"Christmas, Seth",1000191967,Right,LEN_BEA,88c19989-1b12-41ae-b337-ad96e18b9d21,55.15452,-113.98042,11.57631,5.91357,2.55776,-15.23193,-0.53187,0.00524,5.19856,NA,NA,NA,NA,NA,NA,NA,NA,NA,NA,NA,NA,NA,NA,NA,NA,NA,NA,NA,NA,NA,NA,NA,NA,NA,NA,NA,NA,NA,NA,NA,NA,NA,NA,NA,NA,NA,NA,NA,NA,NA,NA,NA,NA,NA,NA,NA,NA,NA,NA,High,High,High,NA,NA,NA,NA,NA,92.559676,65.077327,995.439881,0.421395,09:00:00,-0.896522,0.442532,-0.020328,-18.907404,-18.722578,24.717169,-0.602625,122.134619,-0.424477,-42.513789,0.424477,-0.675768,0.602625,54.839877,-37.058139,0.675768,-0.675768,-122.134619,37.058139,0.602625,42.513789,-54.839877,-0.602625,0.675768,0.424477,-0.424477,NA,NA,NA,NA,NA,NA,NA,NA,NA,NA,NA,NA
NA,NA,NA,NA,NA,NA,NA,NA,NA,NA,NA,NA,NA,NA,NA,NA,243,2026-02-20,16:01:32,4,5,"Burnley, Michael",10109139,Right,LEN_BEA,"Bishop, Matthew",10136275,Right,CAR_EAG,Undefined,5,Bottom,2,2,2,Slider,Slider,InPlay,Undefined,FlyBall,Out,1,0,NA,80.01753,-0.041261,0.285966,2369.4587,98.84417,09:15:00,5.8847,0.57126999999999994,5.35407,-42.05384,3.48669,-11.14642,2.34152,-0.08939,71.87351,-7.778182,-1.697482,0.485703,79.66308,26.487865,-31.183226,3118.04384,93.11604,43.7096,-58.56106,294.53522,289.84625,-36.013521,3.915668,5.718,2.22807,-0.58861,50,5.85126,-0.12549,-115.89852,-1.51318,7.58316,26.70449,-29.21917,CAR_EAG,LEN_BEA,CarsonNewman,D2,Team,20260220-CarsonNewman-1,579ad5b0-0e9f-11f1-8304-27cb6f288688,77.60396,49.79972,NA,8.14402,NA,NA,NA,2.2487,2.48907,0.09897,46df0e37-f40e-476d-8c8d-a76c06d1b556,2026-02-20,21:01:32,2026-02-20T21:01:32Z,2026-02-20T21:01:32Z,LineDrive,v3,CNE,NA,NA,"Christmas, Seth",1000191967,Right,LEN_BEA,39ba0435-c17f-4a16-b589-257049e6e3f9,55.14486,-117.07796,13.35225,5.8896,-0.22268,-14.60958,-0.57567,-0.46041,3.79158,159.734621,2.2485,89.47017,-13.82417,2.91036,-0.61156,0.15385,-0.03913,0.00635,-4.3e-4,2.48927,52.10902,-15.5128,0.84445,-0.12387,-0.01775,0.01832,-0.0039,2.7e-4,0.09893,-54.14405,5.24956,-1.16993,0.18692,-0.02557,0.00409,-6.8e-4,5e-5,NA,NA,NA,NA,NA,NA,NA,NA,NA,NA,NA,NA,NA,NA,NA,NA,NA,NA,NA,NA,NA,NA,High,High,High,High,High,NA,NA,NA,97.078321,64.015688,1038.119176,0.438125,09:15:00,-0.898946,0.434138,-0.058476,-16.388545,-40.729906,24.78466,-0.518492,131.99372,-0.572092,-39.458042,0.572092,-0.635513,0.518492,42.186256,-31.231129,0.635513,-0.635513,-131.99372,31.231129,0.518492,39.458042,-42.186256,-0.518492,0.635513,0.572092,-0.572092,NA,NA,NA,NA,NA,NA,NA,NA,NA,NA,NA,NA
NA,NA,NA,NA,NA,NA,NA,NA,NA,NA,NA,NA,NA,NA,NA,NA,244,2026-02-20,16:03:43,1,1,"Wilson, Alec",10092217,Right,CAR_EAG,"Christmas, Seth",1000191967,Right,LEN_BEA,Undefined,6,Top,0,0,0,Slider,Curveball,StrikeCalled,Undefined,Undefined,Undefined,0,0,NA,69.79727,3.123054,-1.505681,2117.431094,73.851701,08:30:00,5.62551,1.82776,5.12895,-61.60925,-2.26311,-14.27387,3.43675,-0.78016,63.9856,-8.051942,-4.027708,0.554457,NA,NA,NA,NA,NA,NA,NA,NA,NA,NA,NA,6.63595,-1.42543,-1.67486,50,5.87146,3.18166,-101.12965,3.57591,6.84838,17.02732,-33.64513,CAR_EAG,LEN_BEA,CarsonNewman,D2,Team,20260220-CarsonNewman-1,a5bf6990-0e9f-11f1-8304-27cb6f288688,67.98086,NA,NA,5.81167,NA,NA,NA,NA,NA,NA,46df0e37-f40e-476d-8c8d-a76c06d1b556,2026-02-20,21:03:43,2026-02-20T21:03:43Z,2026-02-20T21:03:43Z,NA,v3,CNE,NA,NA,"Rogers, Jacob",1000215913,Right,CAR_EAG,f259d8f1-13eb-42a2-8c7f-8b1fa0bcab29,55.37323,-102.03033,8.51366,5.63524,5.35562,-16.82257,-1.83358,2.8194,3.42419,NA,NA,NA,NA,NA,NA,NA,NA,NA,NA,NA,NA,NA,NA,NA,NA,NA,NA,NA,NA,NA,NA,NA,NA,NA,NA,NA,NA,NA,NA,NA,NA,NA,NA,NA,NA,NA,NA,NA,NA,NA,NA,NA,NA,NA,NA,NA,NA,NA,NA,High,High,High,NA,NA,NA,NA,NA,59.354632,58.524897,1105.570081,0.522128,08:00:00,-0.819849,0.495004,0.287782,-3.472796,-13.156373,-2.265665,-0.751494,139.028134,-0.498125,-25.631662,0.498125,-0.432584,0.751494,56.461739,-48.71993,0.432584,-0.432584,-139.028134,48.71993,0.751494,25.631662,-56.461739,-0.751494,0.432584,0.498125,-0.498125,NA,NA,NA,NA,NA,NA,NA,NA,NA,NA,NA,NA
NA,NA,NA,NA,NA,NA,NA,NA,NA,NA,NA,NA,NA,NA,NA,NA,245,2026-02-20,16:04:01,1,2,"Wilson, Alec",10092217,Right,CAR_EAG,"Christmas, Seth",1000191967,Right,LEN_BEA,Undefined,6,Top,0,0,1,Fastball,Changeup,BallCalled,Undefined,Undefined,Undefined,0,0,NA,82.46052,1.454284,-2.754764,2057.250555,206.903437,01:00:00,5.7339,1.90447,5.54774,-20.5347,21.81029,10.29044,5.38361,0.18562,73.98531,-2.476346,-0.923664,0.468352,NA,NA,NA,NA,NA,NA,NA,NA,NA,NA,NA,-6.02288,10.93552,-1.67253,50,5.84682,5.30486,-119.33092,2.47064,-8.5559,26.13836,-16.63945,CAR_EAG,LEN_BEA,CarsonNewman,D2,Team,20260220-CarsonNewman-1,b0954ec0-0e9f-11f1-8304-27cb6f288688,80.47886,NA,NA,8.47521,NA,NA,NA,NA,NA,NA,46df0e37-f40e-476d-8c8d-a76c06d1b556,2026-02-20,21:04:01,2026-02-20T21:04:01Z,2026-02-20T21:04:01Z,NA,v3,CNE,NA,NA,"Rogers, Jacob",1000215913,Right,CAR_EAG,338ae259-d5d6-4b8b-b252-1e748ad889cb,54.94781,-120.40981,13.06918,5.73067,3.15745,-8.31973,-1.89878,5.65802,-4.27795,NA,NA,NA,NA,NA,NA,NA,NA,NA,NA,NA,NA,NA,NA,NA,NA,NA,NA,NA,NA,NA,NA,NA,NA,NA,NA,NA,NA,NA,NA,NA,NA,NA,NA,NA,NA,NA,NA,NA,NA,NA,NA,NA,NA,NA,NA,NA,NA,NA,NA,High,High,High,NA,NA,NA,NA,NA,213.707514,19.54443,1938.716622,0.942382,01:00:00,-0.384979,-0.51432,-0.766333,-26.28455,36.670348,-5.948751,-0.135054,168.758511,-0.971828,-11.137173,0.971828,-0.193159,0.135054,7.911684,-7.76176,0.193159,-0.193159,-168.758511,7.76176,0.135054,11.137173,-7.911684,-0.135054,0.193159,0.971828,-0.971828,NA,NA,NA,NA,NA,NA,NA,NA,NA,NA,NA,NA
NA,NA,NA,NA,NA,NA,NA,NA,NA,NA,NA,NA,NA,NA,NA,NA,246,2026-02-20,16:04:20,1,3,"Wilson, Alec",10092217,Right,CAR_EAG,"Christmas, Seth",1000191967,Right,LEN_BEA,Undefined,6,Top,0,1,1,Fastball,Changeup,BallCalled,Undefined,Undefined,Undefined,0,0,NA,79.79986,0.029425,-1.927709,1968.855931,224.856423,01:30:00,5.76096,1.92416,5.57562,-27.98998,16.4621,14.95792,3.45596,1.36942,72.87844,-5.195736,0.739908,0.479863,NA,NA,NA,NA,NA,NA,NA,NA,NA,NA,NA,-8.08457,8.74481,-1.76807,50,5.74538,3.3042,-115.80643,-0.7897,-10.96887,21.81229,-20.3094,CAR_EAG,LEN_BEA,CarsonNewman,D2,Team,20260220-CarsonNewman-1,bb99be00-0e9f-11f1-8304-27cb6f288688,78.54834,NA,NA,6.92142,NA,NA,NA,NA,NA,NA,46df0e37-f40e-476d-8c8d-a76c06d1b556,2026-02-20,21:04:20,2026-02-20T21:04:20Z,2026-02-20T21:04:20Z,NA,v3,CNE,NA,NA,"Rogers, Jacob",1000215913,Right,CAR_EAG,efe82b73-cc3c-4049-ba81-609dcebb5275,54.92399,-116.73019,10.90615,5.76061,0.07041,-10.1547,-1.91784,3.76873,-5.48444,NA,NA,NA,NA,NA,NA,NA,NA,NA,NA,NA,NA,NA,NA,NA,NA,NA,NA,NA,NA,NA,NA,NA,NA,NA,NA,NA,NA,NA,NA,NA,NA,NA,NA,NA,NA,NA,NA,NA,NA,NA,NA,NA,NA,NA,NA,NA,NA,NA,NA,High,High,High,NA,NA,NA,NA,NA,214.978218,21.526439,1831.524979,0.930248,01:15:00,-0.392636,-0.53309,-0.749434,-21.773624,39.482495,8.09056,-0.114381,173.155902,-0.986358,-6.798967,0.986358,-0.118386,0.114381,6.614656,-6.567934,0.118386,-0.118386,-173.155902,6.567934,0.114381,6.798967,-6.614656,-0.114381,0.118386,0.986358,-0.986358,NA,NA,NA,NA,NA,NA,NA,NA,NA,NA,NA,NA
NA,NA,NA,NA,NA,NA,NA,NA,NA,NA,NA,NA,NA,NA,NA,NA,247,2026-02-20,16:04:39,1,4,"Wilson, Alec",10092217,Right,CAR_EAG,"Christmas, Seth",1000191967,Right,LEN_BEA,Undefined,6,Top,0,2,1,Slider,Curveball,BallCalled,Undefined,Undefined,Undefined,0,0,NA,70.46869,1.638211,-2.091657,2166.685998,62.772294,08:00:00,5.78848,1.62797,5.15563,-62.56807,-4.00213,-11.64953,2.11808,-1.31273,64.40269,-9.697312,-4.153768,0.5508,NA,NA,NA,NA,NA,NA,NA,NA,NA,NA,NA,5.13607,-1.90567,-1.42313,50,5.89377,4.15681,-102.09458,0.93386,5.35311,18.77192,-34.16024,CAR_EAG,LEN_BEA,CarsonNewman,D2,Team,20260220-CarsonNewman-1,c70a5c90-0e9f-11f1-8304-27cb6f288688,68.43216,NA,NA,6.066,NA,NA,NA,NA,NA,NA,46df0e37-f40e-476d-8c8d-a76c06d1b556,2026-02-20,21:04:39,2026-02-20T21:04:39Z,2026-02-20T21:04:39Z,NA,v3,CNE,NA,NA,"Rogers, Jacob",1000215913,Right,CAR_EAG,f2543247-8662-4ff9-86db-b6f63616d924,55.34597,-103.07285,9.38596,5.79871,2.71407,-17.08012,-1.63249,3.87784,2.67656,NA,NA,NA,NA,NA,NA,NA,NA,NA,NA,NA,NA,NA,NA,NA,NA,NA,NA,NA,NA,NA,NA,NA,NA,NA,NA,NA,NA,NA,NA,NA,NA,NA,NA,NA,NA,NA,NA,NA,NA,NA,NA,NA,NA,NA,NA,NA,NA,NA,NA,High,High,High,NA,NA,NA,NA,NA,55.528474,61.769676,1024.8795930000001,0.473017,07:45:00,-0.859194,0.414987,0.299285,-9.829114,-14.208882,7.924915,-0.696011,142.320938,-0.568283,-26.032924,0.568283,-0.438888,0.696011,50.768861,-44.107869,0.438888,-0.438888,-142.320938,44.107869,0.696011,26.032924,-50.768861,-0.696011,0.438888,0.568283,-0.568283,NA,NA,NA,NA,NA,NA,NA,NA,NA,NA,NA,NA
NA,NA,NA,NA,NA,NA,NA,NA,NA,NA,NA,NA,NA,NA,NA,NA,248,2026-02-20,16:04:59,1,5,"Wilson, Alec",10092217,Right,CAR_EAG,"Christmas, Seth",1000191967,Right,LEN_BEA,Undefined,6,Top,0,3,1,Fastball,Changeup,BallCalled,Walk,Undefined,Undefined,0,0,NA,80.82214,0.096561,-2.231149,2033.859658,198.917731,12:45:00,5.80428,1.79665,5.50384,-23.23356,20.87844,6.60197,3.95853,0.25899,72.67716,-4.314661,-1.056339,0.478024,NA,NA,NA,NA,NA,NA,NA,NA,NA,NA,NA,-4.0224,10.93249,-1.60614,50,5.7976,4.28572,-117.02912,-0.46422,-5.49262,25.25543,-17.24563,CAR_EAG,LEN_BEA,CarsonNewman,D2,Team,20260220-CarsonNewman-1,d3435430-0e9f-11f1-8304-27cb6f288688,78.8505,NA,NA,8.14498,NA,NA,NA,NA,NA,NA,46df0e37-f40e-476d-8c8d-a76c06d1b556,2026-02-20,21:04:59,2026-02-20T21:04:59Z,2026-02-20T21:04:59Z,NA,v3,CNE,NA,NA,"Rogers, Jacob",1000215913,Right,CAR_EAG,257bb9d6-1d35-4846-88a0-7999094703d2,54.99187,-118.10148,12.62771,5.80177,0.26804,-8.62282,-1.79306,4.51894,-2.74631,NA,NA,NA,NA,NA,NA,NA,NA,NA,NA,NA,NA,NA,NA,NA,NA,NA,NA,NA,NA,NA,NA,NA,NA,NA,NA,NA,NA,NA,NA,NA,NA,NA,NA,NA,NA,NA,NA,NA,NA,NA,NA,NA,NA,NA,NA,NA,NA,NA,NA,High,High,High,NA,NA,NA,NA,NA,211.077169,23.28564,1868.192613,0.918545,01:00:00,-0.426441,-0.473479,-0.770692,-21.722035,43.122065,7.528907,-0.053451,170.011194,-0.983434,-9.97438,0.983434,-0.173208,0.053451,3.111061,-3.063993,0.173208,-0.173208,-170.011194,3.063993,0.053451,9.97438,-3.111061,-0.053451,0.173208,0.983434,-0.983434,NA,NA,NA,NA,NA,NA,NA,NA,NA,NA,NA,NA
NA,NA,NA,NA,NA,NA,NA,NA,NA,NA,NA,NA,NA,NA,NA,NA,249,2026-02-20,16:05:30,2,1,"Wilson, Alec",10092217,Right,CAR_EAG,"Boris, Sylas",1000138481,Right,LEN_BEA,Undefined,6,Top,0,0,0,Fastball,Changeup,InPlay,Undefined,LineDrive,Double,0,0,NA,80.1157,-0.612796,-2.202179,2043.250398,212.382464,01:00:00,5.79456,1.95142,5.73352,-26.03533,17.8617,10.42071,3.05382,0.76795,73.13917,-5.498432,-0.338724,0.476858,95.66957,18.969943,-33.552792,2193.586495,88.4621,26.92224,-65.37869,263.76787,145.93982,-40.982863,2.44426,-5.96607,9.70166,-1.77446,50,5.7276300000000004,4.07378,-116.26722,-2.00381,-8.14597,22.3132,-18.92755,CAR_EAG,LEN_BEA,CarsonNewman,D2,Team,20260220-CarsonNewman-1,e5858dc0-0e9f-11f1-8304-27cb6f288688,79.04333,28.00348,NA,6.97654,NA,NA,NA,2.2434,3.42444,-0.7545,46df0e37-f40e-476d-8c8d-a76c06d1b556,2026-02-20,21:05:30,2026-02-20T21:05:30Z,2026-02-20T21:05:30Z,LineDrive,v3,CNE,NA,NA,"Rogers, Jacob",1000215913,Right,CAR_EAG,ebeb21ac-232f-4f38-adc4-49d14992b3b6,54.76717,-117.17853,11.1566,5.79368,-1.23077,-9.46377,-1.94763,4.40648,-4.07298,NA,2.24339,110.58475,-17.54388,3.37455,-0.72742,0.13877,-0.02622,0.00352,-2.1e-4,3.42444,45.61251,-23.53133,2.6469,-0.5541,0.11073,-0.01847,0.00251,-1.8e-4,-0.7545,-73.3407,-0.24482,1.12349,-0.39385,0.11068,-0.02348,0.00341,-2.2e-4,NA,NA,NA,NA,NA,NA,NA,NA,NA,NA,NA,NA,NA,NA,NA,NA,NA,NA,NA,NA,NA,NA,High,High,High,High,Medium,NA,NA,NA,216.906336,15.133591,1972.38994,0.96532,01:15:00,-0.284328,-0.582442,-0.761524,-25.057342,29.602207,-6.98462,-0.230287,168.622832,-0.954001,-11.067464,0.954001,-0.191965,0.230287,13.57106,-13.313974,0.191965,-0.191965,-168.622832,13.313974,0.230287,11.067464,-13.57106,-0.230287,0.191965,0.954001,-0.954001,NA,NA,NA,NA,NA,NA,NA,NA,NA,NA,NA,NA
NA,NA,NA,NA,NA,NA,NA,NA,NA,NA,NA,NA,NA,NA,NA,NA,250,2026-02-20,16:06:20,3,1,"Wilson, Alec",10092217,Right,CAR_EAG,"Stillinger, Andrew",10039721,Left,LEN_BEA,Undefined,6,Top,0,0,0,Slider,Curveball,StrikeCalled,Undefined,Undefined,Undefined,0,0,NA,70.53324,2.61527,-0.512783,2157.324409,60.361086,08:00:00,5.99807,1.87434,5.21471,-67.71649,-8.53993,-19.00981,2.81608,-0.19201,63.47812,-9.713076,-3.885186,0.553664,NA,NA,NA,NA,NA,NA,NA,NA,NA,NA,NA,9.18591,-4.39965,-1.81242,50,6.18988,1.63349,-102.05827,2.48162,9.41843,21.15905,-36.68508,CAR_EAG,LEN_BEA,CarsonNewman,D2,Team,20260220-CarsonNewman-1,033fdff0-0ea0-11f1-8304-27cb6f288688,68.07818,NA,NA,7.05511,NA,NA,NA,NA,NA,NA,46df0e37-f40e-476d-8c8d-a76c06d1b556,2026-02-20,21:06:20,2026-02-20T21:06:20Z,2026-02-20T21:06:20Z,NA,v3,CNE,NA,NA,"Rogers, Jacob",1000215913,Right,CAR_EAG,6ddd7ef7-42f5-48c4-af4d-a14c87276a05,55.28585,-103.14833,10.57953,6.01336,4.37154,-18.34254,-1.88407,1.14828,4.70922,NA,NA,NA,NA,NA,NA,NA,NA,NA,NA,NA,NA,NA,NA,NA,NA,NA,NA,NA,NA,NA,NA,NA,NA,NA,NA,NA,NA,NA,NA,NA,NA,NA,NA,NA,NA,NA,NA,NA,NA,NA,NA,NA,NA,NA,NA,NA,NA,NA,NA,High,High,High,NA,NA,NA,NA,NA,51.032446,60.179369,1072.808061,0.497286,07:45:00,-0.846208,0.425826,0.32032,-13.581153,-4.004825,9.008503,-0.744727,137.63546,-0.493101,-26.724658,0.493101,-0.449703,0.744727,56.490561,-48.135673,0.449703,-0.449703,-137.63546,48.135673,0.744727,26.724658,-56.490561,-0.744727,0.449703,0.493101,-0.493101,NA,NA,NA,NA,NA,NA,NA,NA,NA,NA,NA,NA
NA,NA,NA,NA,NA,NA,NA,NA,NA,NA,NA,NA,NA,NA,NA,NA,251,2026-02-20,16:06:39,3,2,"Wilson, Alec",10092217,Right,CAR_EAG,"Stillinger, Andrew",10039721,Left,LEN_BEA,Undefined,6,Top,0,0,1,ChangeUp,Changeup,BallCalled,Undefined,Undefined,Undefined,0,0,NA,73.51732,0.556174,-2.536583,1616.935758,260.460532,02:45:00,6.08164,2.17792,6.05391,-47.29235,5.29158,19.40159,2.65598,1.44509,66.10342,-8.263288,0.957961,0.521913,NA,NA,NA,NA,NA,NA,NA,NA,NA,NA,NA,-10.72969,3.19764,-1.9901,50,6.10052,4.01818,-106.50359,-0.30747,-12.02904,22.37314,-28.5892,CAR_EAG,LEN_BEA,CarsonNewman,D2,Team,20260220-CarsonNewman-1,0eafe240-0ea0-11f1-8304-27cb6f288688,72.21981,NA,NA,7.4139099999999996,NA,NA,NA,NA,NA,NA,46df0e37-f40e-476d-8c8d-a76c06d1b556,2026-02-20,21:06:39,2026-02-20T21:06:39Z,2026-02-20T21:06:39Z,NA,v3,CNE,NA,NA,"Rogers, Jacob",1000215913,Right,CAR_EAG,9c58e8da-7a00-42e6-b114-63c2bf1287e7,54.44313,-107.4329,11.18657,6.08863,0.88003,-14.2946,-2.16738,4.51782,-6.01452,NA,NA,NA,NA,NA,NA,NA,NA,NA,NA,NA,NA,NA,NA,NA,NA,NA,NA,NA,NA,NA,NA,NA,NA,NA,NA,NA,NA,NA,NA,NA,NA,NA,NA,NA,NA,NA,NA,NA,NA,NA,NA,NA,NA,NA,NA,NA,NA,NA,NA,High,High,High,NA,NA,NA,NA,NA,229.812501,27.683868,1431.836184,0.885524,01:45:00,-0.495965,-0.671943,-0.55001,72.836594,47.868541,31.598359,0.111439,91.183226,-0.020521,83.49367,0.020521,-0.993559,-0.111439,79.566103,6.398292,0.993559,0.993559,-91.183226,-6.398292,0.111439,-83.49367,-79.566103,-0.111439,-0.993559,0.020521,-0.020521,NA,NA,NA,NA,NA,NA,NA,NA,NA,NA,NA,NA
NA,NA,NA,NA,NA,NA,NA,NA,NA,NA,NA,NA,NA,NA,NA,NA,252,2026-02-20,16:06:59,3,3,"Wilson, Alec",10092217,Right,CAR_EAG,"Stillinger, Andrew",10039721,Left,LEN_BEA,Undefined,6,Top,0,1,1,ChangeUp,Changeup,InPlay,Undefined,GroundBall,Out,1,0,NA,73.63839,1.098162,-3.674744,1667.701332,251.232562,02:15:00,5.94461,2.05288,6.00583,-44.54829,5.69327,13.17095,3.25196,-0.25898,69.08355,-7.080422,-1.311205,0.510156,84.86103,-17.271013,16.528109,NA,NA,NA,NA,11.81775,2.983,15.11759,0.086662,-7.59689,3.06248,-1.77115,50,6.00604,6.44417,-107.06435,0.79177,-9.03742,14.16808,-28.53085,CAR_EAG,LEN_BEA,CarsonNewman,D2,Team,20260220-CarsonNewman-1,1a866e90-0ea0-11f1-8304-27cb6f288688,73.88414,3.21199,NA,4.55485,NA,NA,NA,1.5047,3.21199,0.14308,46df0e37-f40e-476d-8c8d-a76c06d1b556,2026-02-20,21:06:59,2026-02-20T21:06:59Z,2026-02-20T21:06:59Z,GroundBall,v3,CNE,NA,NA,"Rogers, Jacob",1000215913,Right,CAR_EAG,0d0bccec-d993-4678-bedf-84cdec1fc6f9,54.499,-107.65806,7.08404,5.94781,1.98737,-14.26543,-2.04913,6.82288,-4.51871,NA,1.49992,114.28314,NA,NA,NA,NA,NA,NA,NA,3.21355,-37.06326,NA,NA,NA,NA,NA,NA,NA,0.14166,33.9132,NA,NA,NA,NA,NA,NA,NA,NA,NA,NA,NA,NA,NA,NA,NA,NA,NA,NA,NA,NA,NA,NA,NA,NA,NA,NA,NA,NA,NA,High,High,High,Low,Low,NA,NA,NA,226.794048,30.408055,1438.296539,0.862443,01:30:00,-0.554888,-0.618816,-0.556027,87.889334,44.920988,42.986945,0.193894,92.232973,-0.038223,78.601854,0.038223,-0.980278,-0.193894,78.847943,11.180117,0.980278,0.980278,-92.232973,-11.180117,0.193894,-78.601854,-78.847943,-0.193894,-0.980278,0.038223,-0.038223,NA,NA,NA,NA,NA,NA,NA,NA,NA,NA,NA,NA
NA,NA,NA,NA,NA,NA,NA,NA,NA,NA,NA,NA,NA,NA,NA,NA,253,2026-02-20,16:07:47,4,1,"Wilson, Alec",10092217,Right,CAR_EAG,"Morris, Nick",10108627,Right,LEN_BEA,Undefined,6,Top,1,0,0,Fastball,Changeup,FoulBallNotFieldable,Undefined,Undefined,Undefined,0,0,NA,81.28678,-1.709985,-3.63412,2018.315646,210.299752,01:00:00,5.97776,1.67042,5.76823,-16.67391,26.53978,14.57288,2.99314,-0.50191,73.20337,-4.956521,-1.032272,0.473132,70.82201,50.061158,73.661931,4762.410932,10.14497,82.90218,109.53099,172.84294,62.25129,87.469747,4.747693,-8.58827,14.52154,-1.37837,50,5.82628,6.89547,-117.63262,-3.90705,-11.86157,25.29366,-12.11786,CAR_EAG,LEN_BEA,CarsonNewman,D2,Team,20260220-CarsonNewman-1,373d5a80-0ea0-11f1-8304-27cb6f288688,79.66584,84.64843,NA,8.08341,NA,NA,NA,0.55879,3.19605,0.59637,46df0e37-f40e-476d-8c8d-a76c06d1b556,2026-02-20,21:07:47,2026-02-20T21:07:47Z,2026-02-20T21:07:47Z,Popup,v3,CNE,NA,NA,"Rogers, Jacob",1000215913,Right,CAR_EAG,635c3f13-2dd3-45a2-93a5-e82c36d088ff,54.73056,-118.64543,12.64683,5.97302,-3.42183,-6.05893,-1.66399,7.37043,-5.93078,210.889002,0.56264,18.64955,-11.53835,3.02607,0.10849,-0.41178,0.14412,-0.02149,0.0012,3.18664,79.84464,-23.45293,3.16619,-1.22709,0.42448,-0.08173,0.00751,-2.5e-4,0.59767,63.94239,-14.1555,3.0666,-0.06289,-0.26773,0.09967,-0.01525,8.7e-4,NA,NA,NA,NA,NA,NA,NA,NA,NA,NA,NA,NA,NA,NA,NA,NA,NA,NA,NA,NA,NA,NA,High,High,High,High,Low,NA,NA,NA,213.947452,21.026177,1883.92933,0.933417,01:15:00,-0.39147,-0.531724,-0.751013,-27.740912,34.579497,-2.296382,-0.098896,172.929507,-0.987531,-7.035656,0.987531,-0.122487,0.098896,5.718784,-5.675581,0.122487,-0.122487,-172.929507,5.675581,0.098896,7.035656,-5.718784,-0.098896,0.122487,0.987531,-0.987531,NA,NA,NA,NA,NA,NA,NA,NA,NA,NA,NA,NA
NA,NA,NA,NA,NA,NA,NA,NA,NA,NA,NA,NA,NA,NA,NA,NA,254,2026-02-20,16:08:14,4,2,"Wilson, Alec",10092217,Right,CAR_EAG,"Morris, Nick",10108627,Right,LEN_BEA,Undefined,6,Top,1,0,1,Fastball,Changeup,FoulBallNotFieldable,Undefined,Undefined,Undefined,0,0,NA,80.28185,-1.485533,-2.944754,1939.959635,219.501792,01:15:00,6.05983,1.7684,5.8472,-29.40427,15.01517,10.96398,2.22683,-0.05691,72.11653,-7.017958,-0.980498,0.479687,NA,NA,NA,NA,NA,NA,NA,NA,NA,NA,NA,-6.62804,8.6652,-1.53517,50,5.92189,5.55506,-116.20063,-3.87363,-8.8622,26.25711,-20.58798,CAR_EAG,LEN_BEA,CarsonNewman,D2,Team,20260220-CarsonNewman-1,478d39f0-0ea0-11f1-8304-27cb6f288688,78.57716,NA,NA,8.16532,NA,NA,NA,NA,NA,NA,46df0e37-f40e-476d-8c8d-a76c06d1b556,2026-02-20,21:08:14,2026-02-20T21:08:14Z,2026-02-20T21:08:14Z,NA,v3,CNE,NA,NA,"Rogers, Jacob",1000215913,Right,CAR_EAG,0b1f70fa-3be1-4946-ae53-2fe4ddbdb9c9,54.65089,-117.24685,13.12855,6.05989,-3.05329,-10.29399,-1.76355,5.90818,-4.4311,NA,NA,NA,NA,NA,NA,NA,NA,NA,NA,NA,NA,NA,NA,NA,NA,NA,NA,NA,NA,NA,NA,NA,NA,NA,NA,NA,NA,NA,NA,NA,NA,NA,NA,NA,NA,NA,NA,NA,NA,NA,NA,NA,NA,NA,NA,NA,NA,NA,NA,High,High,High,NA,NA,NA,NA,NA,217.051217,15.282696,1871.356973,0.964637,01:15:00,-0.287648,-0.587859,-0.756095,-22.89022,27.589673,-2.083372,-0.242395,173.201381,-0.963356,-6.594954,0.963356,-0.11485,0.242395,14.123317,-14.027942,0.11485,-0.11485,-173.201381,14.027942,0.242395,6.594954,-14.123317,-0.242395,0.11485,0.963356,-0.963356,NA,NA,NA,NA,NA,NA,NA,NA,NA,NA,NA,NA
NA,NA,NA,NA,NA,NA,NA,NA,NA,NA,NA,NA,NA,NA,NA,NA,255,2026-02-20,16:08:39,4,3,"Wilson, Alec",10092217,Right,CAR_EAG,"Morris, Nick",10108627,Right,LEN_BEA,Undefined,6,Top,1,0,2,Fastball,Changeup,BallCalled,Undefined,Undefined,Undefined,0,0,NA,81.60184,-1.709282,-5.684258,1981.62649,211.175071,01:00:00,5.80764,1.54709,5.73607,-26.13096,17.24469,9.42863,2.02998,-2.97803,73.34658,-6.626914,-4.010139,0.474017,NA,NA,NA,NA,NA,NA,NA,NA,NA,NA,NA,-6.66115,9.80418,-1.07784,50,5.64886,11.33093,-117.65824,-4.2906,-9.1672,26.12254,-18.68135,CAR_EAG,LEN_BEA,CarsonNewman,D2,Team,20260220-CarsonNewman-1,56362020-0ea0-11f1-8304-27cb6f288688,79.517,NA,NA,8.25526,NA,NA,NA,NA,NA,NA,46df0e37-f40e-476d-8c8d-a76c06d1b556,2026-02-20,21:08:39,2026-02-20T21:08:39Z,2026-02-20T21:08:39Z,NA,v3,CNE,NA,NA,"Rogers, Jacob",1000215913,Right,CAR_EAG,bb8fa244-f21d-4f66-8d40-06607fe72add,54.7607,-118.7105,13.06127,5.80654,-3.53808,-9.34067,-1.54171,11.7002,-4.5836,NA,NA,NA,NA,NA,NA,NA,NA,NA,NA,NA,NA,NA,NA,NA,NA,NA,NA,NA,NA,NA,NA,NA,NA,NA,NA,NA,NA,NA,NA,NA,NA,NA,NA,NA,NA,NA,NA,NA,NA,NA,NA,NA,NA,NA,NA,NA,NA,NA,NA,High,High,High,NA,NA,NA,NA,NA,213.413918,18.162958,1882.889528,0.950174,01:00:00,-0.373075,-0.53231,-0.759908,-22.226481,40.90021,8.154543,-0.111381,170.636896,-0.980538,-9.304325,0.980538,-0.161678,0.111381,6.480557,-6.394937,0.161678,-0.161678,-170.636896,6.394937,0.111381,9.304325,-6.480557,-0.111381,0.161678,0.980538,-0.980538,NA,NA,NA,NA,NA,NA,NA,NA,NA,NA,NA,NA
NA,NA,NA,NA,NA,NA,NA,NA,NA,NA,NA,NA,NA,NA,NA,NA,256,2026-02-20,16:09:01,4,4,"Wilson, Alec",10092217,Right,CAR_EAG,"Morris, Nick",10108627,Right,LEN_BEA,Undefined,6,Top,1,1,2,Slider,Curveball,BallCalled,Undefined,Undefined,Undefined,0,0,NA,71.23581,0.513704,-2.622804,2105.452602,48.533149,07:30:00,5.44053,1.79315,5.21892,-61.14043,-4.51642,-7.10008,0.82904,-1.26637,65.88219,-10.51367,-3.881922,0.541591,NA,NA,NA,NA,NA,NA,NA,NA,NA,NA,NA,2.80595,-1.88591,-1.54528,50,5.44193,4.99073,-103.33114,-1.02027,3.02602,17.62812,-34.20786,CAR_EAG,LEN_BEA,CarsonNewman,D2,Team,20260220-CarsonNewman-1,634fdad0-0ea0-11f1-8304-27cb6f288688,69.59571,NA,NA,5.35362,NA,NA,NA,NA,NA,NA,46df0e37-f40e-476d-8c8d-a76c06d1b556,2026-02-20,21:09:01,2026-02-20T21:09:01Z,2026-02-20T21:09:01Z,NA,v3,CNE,NA,NA,"Rogers, Jacob",1000215913,Right,CAR_EAG,d07e2cb5-1c88-46e0-ba56-b465d0fe4733,55.2842,-104.22872,8.81406,5.44953,0.7215,-17.10393,-1.79547,4.83665,1.51301,NA,NA,NA,NA,NA,NA,NA,NA,NA,NA,NA,NA,NA,NA,NA,NA,NA,NA,NA,NA,NA,NA,NA,NA,NA,NA,NA,NA,NA,NA,NA,NA,NA,NA,NA,NA,NA,NA,NA,NA,NA,NA,NA,NA,NA,NA,NA,NA,NA,NA,High,High,High,NA,NA,NA,NA,NA,61.280266,63.602159,936.087228,0.444601,08:00:00,-0.881486,0.397922,0.254246,7.468235,-19.798082,-4.582656,-0.770668,141.722917,-0.500246,-23.250136,0.500246,-0.394746,0.770668,57.01209,-50.413907,0.394746,-0.394746,-141.722917,50.413907,0.770668,23.250136,-57.01209,-0.770668,0.394746,0.500246,-0.500246,NA,NA,NA,NA,NA,NA,NA,NA,NA,NA,NA,NA
NA,NA,NA,NA,NA,NA,NA,NA,NA,NA,NA,NA,NA,NA,NA,NA,257,2026-02-20,16:09:39,4,5,"Wilson, Alec",10092217,Right,CAR_EAG,"Morris, Nick",10108627,Right,LEN_BEA,Undefined,6,Top,1,2,2,Fastball,Changeup,BallCalled,Undefined,Undefined,Undefined,0,0,NA,81.68726,-1.102666,-1.797734,1971.598514,225.30648,01:30:00,5.50662,1.78858,5.89736,-27.35635,14.33371,13.19934,2.20256,1.21892,75.12934,-6.205776,0.571883,0.464716,NA,NA,NA,NA,NA,NA,NA,NA,NA,NA,NA,-7.21418,8.02941,-1.6513,50,5.40209,3.21161,-118.65872,-3.10512,-10.33113,21.76213,-20.67547,CAR_EAG,LEN_BEA,CarsonNewman,D2,Team,20260220-CarsonNewman-1,79dc6840-0ea0-11f1-8304-27cb6f288688,81.10854,NA,NA,6.55792,NA,NA,NA,NA,NA,NA,46df0e37-f40e-476d-8c8d-a76c06d1b556,2026-02-20,21:09:39,2026-02-20T21:09:39Z,2026-02-20T21:09:39Z,NA,v3,CNE,NA,NA,"Rogers, Jacob",1000215913,Right,CAR_EAG,8694ecc2-3f07-42be-a923-8a76765c819e,54.60302,-119.49993,10.88106,5.50667,-2.30591,-10.33773,-1.78316,3.61096,-5.16556,NA,NA,NA,NA,NA,NA,NA,NA,NA,NA,NA,NA,NA,NA,NA,NA,NA,NA,NA,NA,NA,NA,NA,NA,NA,NA,NA,NA,NA,NA,NA,NA,NA,NA,NA,NA,NA,NA,NA,NA,NA,NA,NA,NA,NA,NA,NA,NA,NA,NA,High,High,High,NA,NA,NA,NA,NA,218.979415,10.523543,1938.436118,0.98318,01:15:00,-0.194597,-0.621861,-0.758565,-32.177567,17.679139,-10.711087,-0.150674,170.758172,-0.975751,-9.13541,0.975751,-0.158768,0.150674,8.77817,-8.665964,0.158768,-0.158768,-170.758172,8.665964,0.150674,9.13541,-8.77817,-0.150674,0.158768,0.975751,-0.975751,NA,NA,NA,NA,NA,NA,NA,NA,NA,NA,NA,NA
NA,NA,NA,NA,NA,NA,NA,NA,NA,NA,NA,NA,NA,NA,NA,NA,258,2026-02-20,16:10:30,4,6,"Wilson, Alec",10092217,Right,CAR_EAG,"Morris, Nick",10108627,Right,LEN_BEA,Undefined,6,Top,1,3,2,Fastball,Changeup,StrikeCalled,Strikeout,Undefined,Undefined,0,0,NA,81.88619,-1.472507,-4.114623,1955.486617,218.183818,01:15:00,5.86163,1.57805,5.80687,-26.38872,15.70296,11.25071,2.28929,-1.31759,74.74361,-6.407481,-2.105335,0.466949,NA,NA,NA,NA,NA,NA,NA,NA,NA,NA,NA,-6.89599,8.84815,-1.24651,50,5.72482,8.08553,-118.57962,-3.8444,-9.79581,23.16923,-19.60519,CAR_EAG,LEN_BEA,CarsonNewman,D2,Team,20260220-CarsonNewman-1,982d5520-0ea0-11f1-8304-27cb6f288688,80.72068,NA,NA,7.14258,NA,NA,NA,NA,NA,NA,46df0e37-f40e-476d-8c8d-a76c06d1b556,2026-02-20,21:10:30,2026-02-20T21:10:30Z,2026-02-20T21:10:30Z,NA,v3,CNE,NA,NA,"Rogers, Jacob",1000215913,Right,CAR_EAG,0d361a59-8df0-4c63-ae80-864e185bb74f,54.69251,-119.49297,11.58461,5.86113,-3.07155,-9.80259,-1.57286,8.47169,-4.89791,NA,NA,NA,NA,NA,NA,NA,NA,NA,NA,NA,NA,NA,NA,NA,NA,NA,NA,NA,NA,NA,NA,NA,NA,NA,NA,NA,NA,NA,NA,NA,NA,NA,NA,NA,NA,NA,NA,NA,NA,NA,NA,NA,NA,NA,NA,NA,NA,NA,NA,High,High,High,NA,NA,NA,NA,NA,213.707042,21.340449,1821.407802,0.931435,01:00:00,-0.405199,-0.526077,-0.747701,-22.68586,36.872938,2.058126,-0.142764,173.602988,-0.983594,-6.331217,0.983594,-0.110276,0.142764,8.258516,-8.207799,0.110276,-0.110276,-173.602988,8.207799,0.142764,6.331217,-8.258516,-0.142764,0.110276,0.983594,-0.983594,NA,NA,NA,NA,NA,NA,NA,NA,NA,NA,NA,NA
NA,NA,NA,NA,NA,NA,NA,NA,NA,NA,NA,NA,NA,NA,NA,NA,259,2026-02-20,16:11:02,5,1,"Wilson, Alec",10092217,Right,CAR_EAG,"Beard, Drew",1000361012,Right,LEN_BEA,Undefined,6,Top,2,0,0,Slider,Curveball,BallCalled,Undefined,Undefined,Undefined,0,0,NA,71.33178,0.762743,-2.764535,2157.75998,55.857918,07:45:00,5.80444,1.66386,5.13828,-62.43472,-5.46229,-10.78634,1.32068,-1.84031,65.65057,-10.491712,-4.673428,0.543255,NA,NA,NA,NA,NA,NA,NA,NA,NA,NA,NA,4.51209,-2.32559,-1.39599,50,5.82807,5.39486,-103.37655,-0.65251,4.84335,18.53013,-34.67036,CAR_EAG,LEN_BEA,CarsonNewman,D2,Team,20260220-CarsonNewman-1,ab649d10-0ea0-11f1-8304-27cb6f288688,69.38259,NA,NA,5.6812,NA,NA,NA,NA,NA,NA,46df0e37-f40e-476d-8c8d-a76c06d1b556,2026-02-20,21:11:02,2026-02-20T21:11:02Z,2026-02-20T21:11:02Z,NA,v3,CNE,NA,NA,"Rogers, Jacob",1000215913,Right,CAR_EAG,a09ce5f5-28ee-4037-a3c1-5686d883f9f7,55.3638,-104.33358,9.26507,5.81553,1.13811,-17.33518,-1.66816,5.14471,2.42167,NA,NA,NA,NA,NA,NA,NA,NA,NA,NA,NA,NA,NA,NA,NA,NA,NA,NA,NA,NA,NA,NA,NA,NA,NA,NA,NA,NA,NA,NA,NA,NA,NA,NA,NA,NA,NA,NA,NA,NA,NA,NA,NA,NA,NA,NA,NA,NA,NA,NA,High,High,High,NA,NA,NA,NA,NA,58.067101,60.757669,1054.075366,0.488504,08:00:00,-0.853494,0.426157,0.299897,6.695182,-14.285674,-4.964661,-0.78596,138.805898,-0.465243,-24.029381,0.465243,-0.407205,0.78596,59.376896,-51.809535,0.407205,-0.407205,-138.805898,51.809535,0.78596,24.029381,-59.376896,-0.78596,0.407205,0.465243,-0.465243,NA,NA,NA,NA,NA,NA,NA,NA,NA,NA,NA,NA
NA,NA,NA,NA,NA,NA,NA,NA,NA,NA,NA,NA,NA,NA,NA,NA,260,2026-02-20,16:11:22,5,2,"Wilson, Alec",10092217,Right,CAR_EAG,"Beard, Drew",1000361012,Right,LEN_BEA,Undefined,6,Top,2,1,0,Fastball,Changeup,InPlay,Undefined,LineDrive,Out,1,0,NA,80.95951,-1.245695,-3.709657,2005.132675,212.427753,01:00:00,5.87771,1.71478,5.7208,-23.65974,20.08773,11.71973,2.74308,-0.76898,72.84412,-5.737566,-1.619021,0.476045,97.64658,15.880672,-4.021528,6581.767839,109.65297,23.85976,-8.73057,288.38738,281.54388,-6.180662,2.601139,-7.19563,11.09497,-1.41184,50,5.75922,7.13318,-117.12957,-3.21511,-9.82564,25.64847,-17.0239,CAR_EAG,LEN_BEA,CarsonNewman,D2,Team,20260220-CarsonNewman-1,b70e7410-0ea0-11f1-8304-27cb6f288688,79.17835,25.81912,NA,8.11539,NA,NA,NA,1.63673,2.7809,0.74636,46df0e37-f40e-476d-8c8d-a76c06d1b556,2026-02-20,21:11:22,2026-02-20T21:11:22Z,2026-02-20T21:11:22Z,LineDrive,v3,CNE,NA,NA,"Rogers, Jacob",1000215913,Right,CAR_EAG,79e3737c-20a9-4fb9-bfdb-7a54920a02c0,54.77777,-118.17115,12.82424,5.87574,-2.52377,-8.51195,-1.70962,7.5322,-4.91282,125.137417,1.63682,137.40423,-14.806,2.31512,-0.23543,-0.11289,0.07195,-0.01865,0.00194,2.78085,39.19143,-18.06701,1.48087,-0.39552,0.16694,-0.059520000000000003,0.01362,-0.00136,0.74645,-9.6664,-2.15408,0.59262,0.08443,-0.14118,0.05571,-0.01056,8.1e-4,NA,NA,NA,NA,NA,NA,NA,NA,NA,NA,NA,NA,NA,NA,NA,NA,NA,NA,NA,NA,NA,NA,High,High,High,High,High,NA,NA,NA,213.0497,18.03861,1906.576524,0.950848,01:00:00,-0.349252,-0.52517,-0.776028,-16.322227,39.968827,18.251823,-0.11754,173.183071,-0.986048,-6.769453,0.986048,-0.117875,0.11754,6.797751,-6.750139,0.117875,-0.117875,-173.183071,6.750139,0.11754,6.769453,-6.797751,-0.11754,0.117875,0.986048,-0.986048,NA,NA,NA,NA,NA,NA,NA,NA,NA,NA,NA,NA
NA,NA,NA,NA,NA,NA,NA,NA,NA,NA,NA,NA,NA,NA,NA,NA,261,2026-02-20,16:13:35,1,1,"Burnley, Michael",10109139,Right,LEN_BEA,"Gibson, Aiden",10011511,Right,CAR_EAG,Undefined,6,Bottom,0,0,0,Fastball,Four-Seam,BallCalled,Undefined,Undefined,Undefined,0,0,NA,90.72446,-0.435217,-1.958364,2281.604599,192.722031,12:30:00,5.76004,0.51114,6.24301,-18.85796,14.78103,3.08784,3.78686,-1.03862,82.50692,-4.02897,-1.400985,0.417439,NA,NA,NA,NA,NA,NA,NA,NA,NA,NA,NA,-2.16433,8.11493,-0.3667,50,5.71819,4.37526,-131.73437,-1.54788,-3.78482,29.25507,-17.98329,CAR_EAG,LEN_BEA,CarsonNewman,D2,Team,20260220-CarsonNewman-1,0691d4a0-0ea1-11f1-8304-27cb6f288688,90.29451,NA,NA,8.21754,NA,NA,NA,NA,NA,NA,46df0e37-f40e-476d-8c8d-a76c06d1b556,2026-02-20,21:13:35,2026-02-20T21:13:35Z,2026-02-20T21:13:35Z,NA,v3,CNE,NA,NA,"Christmas, Seth",1000191967,Right,LEN_BEA,70f9d4df-34bf-4e47-ac7f-d69a8a731fa9,54.2557,-132.6761,14.62753,5.75869,-0.969,-8.99165,-0.5095,4.4971,-1.89241,NA,NA,NA,NA,NA,NA,NA,NA,NA,NA,NA,NA,NA,NA,NA,NA,NA,NA,NA,NA,NA,NA,NA,NA,NA,NA,NA,NA,NA,NA,NA,NA,NA,NA,NA,NA,NA,NA,NA,NA,NA,NA,NA,NA,NA,NA,NA,NA,NA,NA,High,High,High,NA,NA,NA,NA,NA,188.768207,28.085654,2012.93374,0.882245,12:15:00,-0.499278,-0.138059,-0.855372,-42.280369,-39.111053,-79.944648,-0.084992,149.722987,-0.860473,-30.156052,0.860473,-0.502357,0.084992,5.641023,-4.875575,0.502357,-0.502357,-149.722987,4.875575,0.084992,30.156052,-5.641023,-0.084992,0.502357,0.860473,-0.860473,NA,NA,NA,NA,NA,NA,NA,NA,NA,NA,NA,NA
NA,NA,NA,NA,NA,NA,NA,NA,NA,NA,NA,NA,NA,NA,NA,NA,262,2026-02-20,16:13:52,1,2,"Burnley, Michael",10109139,Right,LEN_BEA,"Gibson, Aiden",10011511,Right,CAR_EAG,Undefined,6,Bottom,0,1,0,Fastball,Four-Seam,FoulBallNotFieldable,Undefined,Undefined,Undefined,0,0,NA,88.56395,-2.612364,-1.686868,2257.374778,190.516343,12:15:00,5.7271,0.74925,6.54079,-19.87442,15.14824,2.59177,1.67216,-0.5824,80.63713,-6.401617,-1.215994,0.425938,NA,NA,NA,NA,NA,NA,NA,NA,NA,NA,NA,-1.86803,9.09229,-0.63341,50,5.5373,3.68638,-128.54583,-6.40131,-3.1015,28.56979,-17.07806,CAR_EAG,LEN_BEA,CarsonNewman,D2,Team,20260220-CarsonNewman-1,10a2e330-0ea1-11f1-8304-27cb6f288688,88.49288,NA,NA,7.92682,NA,NA,NA,NA,NA,NA,46df0e37-f40e-476d-8c8d-a76c06d1b556,2026-02-20,21:13:52,2026-02-20T21:13:52Z,2026-02-20T21:13:52Z,NA,v3,CNE,NA,NA,"Christmas, Seth",1000191967,Right,LEN_BEA,afb0a854-de4c-4004-84be-9c61ab45ebb8,53.959,-129.42274,14.28489,5.72574,-5.87712,-8.53903,-0.74802,3.78158,-1.55075,NA,NA,NA,NA,NA,NA,NA,NA,NA,NA,NA,NA,NA,NA,NA,NA,NA,NA,NA,NA,NA,NA,NA,NA,NA,NA,NA,NA,NA,NA,NA,NA,NA,NA,NA,NA,NA,NA,NA,NA,NA,NA,NA,NA,NA,NA,NA,NA,NA,NA,High,High,High,NA,NA,NA,NA,NA,188.28463,26.28978,2023.884236,0.896565,12:15:00,-0.462491,-0.14924,-0.873974,37.599817,42.950199,86.163275,-0.107403,152.197499,-0.879444,-27.627884,0.879444,-0.463727,0.107403,6.962803,-6.16561,0.463727,-0.463727,-152.197499,6.16561,0.107403,27.627884,-6.962803,-0.107403,0.463727,0.879444,-0.879444,NA,NA,NA,NA,NA,NA,NA,NA,NA,NA,NA,NA
NA,NA,NA,NA,NA,NA,NA,NA,NA,NA,NA,NA,NA,NA,NA,NA,263,2026-02-20,16:14:13,1,3,"Burnley, Michael",10109139,Right,LEN_BEA,"Gibson, Aiden",10011511,Right,CAR_EAG,Undefined,6,Bottom,0,1,1,Fastball,Four-Seam,StrikeSwinging,Undefined,Undefined,Undefined,0,0,NA,88.60976,-0.707985,-0.587777,2170.476654,200.558544,12:45:00,6.01479,0.64848,5.99571,-15.72261,20.67678,7.20725,4.04842,0.70436,78.75736,-3.788555,0.708174,0.434229,NA,NA,NA,NA,NA,NA,NA,NA,NA,NA,NA,-3.85725,11.2156,-0.60583,50,5.95035,0.99882,-128.33306,-1.9655,-6.25274,33.48143,-13.99325,CAR_EAG,LEN_BEA,CarsonNewman,D2,Team,20260220-CarsonNewman-1,1d3ee260-0ea1-11f1-8304-27cb6f288688,86.803210000000007,NA,NA,9.85241,NA,NA,NA,NA,NA,NA,46df0e37-f40e-476d-8c8d-a76c06d1b556,2026-02-20,21:14:13,2026-02-20T21:14:13Z,2026-02-20T21:14:13Z,NA,v3,CNE,NA,NA,"Christmas, Seth",1000191967,Right,LEN_BEA,b51898fb-1da2-42c0-b0b6-6dcec9b2bdf7,54.49774,-129.50118,16.74072,6.01041,-1.47729,-6.99662,-0.64448,1.21697,-3.12637,NA,NA,NA,NA,NA,NA,NA,NA,NA,NA,NA,NA,NA,NA,NA,NA,NA,NA,NA,NA,NA,NA,NA,NA,NA,NA,NA,NA,NA,NA,NA,NA,NA,NA,NA,NA,NA,NA,NA,NA,NA,NA,NA,NA,NA,NA,NA,NA,NA,NA,High,High,High,NA,NA,NA,NA,NA,192.776106,17.487833,2070.158931,0.953781,12:30:00,-0.307401,-0.214618,-0.927062,-32.962976,-27.951062,-69.32849,-0.164164,159.036179,-0.921138,-20.666291,0.921138,-0.352924,0.164164,10.105075,-9.44866,0.352924,-0.352924,-159.036179,9.44866,0.164164,20.666291,-10.105075,-0.164164,0.352924,0.921138,-0.921138,NA,NA,NA,NA,NA,NA,NA,NA,NA,NA,NA,NA
NA,NA,NA,NA,NA,NA,NA,NA,NA,NA,NA,NA,NA,NA,NA,NA,264,2026-02-20,16:14:36,1,4,"Burnley, Michael",10109139,Right,LEN_BEA,"Gibson, Aiden",10011511,Right,CAR_EAG,Undefined,6,Bottom,0,1,2,Slider,Slider,FoulBallNotFieldable,Undefined,Undefined,Undefined,0,0,NA,78.22046,-0.290109,0.09844,2398.045603,120.013418,10:00:00,5.97359,0.6355,5.65997,-36.65612,10.14658,-14.60206,2.64837,-0.48953,70.66877,-7.101257,-2.513003,0.492387,58.62908,-36.169007,-74.441152,NA,NA,NA,NA,4.76949,4.76949,-42.188151,0.05448,7.47693,5.72366,-0.63424,50,5.92612,0.36197,-113.4278,-1.70073,9.5612,24.31879,-24.85486,CAR_EAG,LEN_BEA,CarsonNewman,D2,Team,20260220-CarsonNewman-1,2ad54720-0ea1-11f1-8304-27cb6f288688,76.55036,2.78083,NA,7.55169,NA,NA,NA,2.51363,2.78083,0.46142,46df0e37-f40e-476d-8c8d-a76c06d1b556,2026-02-20,21:14:36,2026-02-20T21:14:36Z,2026-02-20T21:14:36Z,GroundBall,v3,CNE,NA,NA,"Christmas, Seth",1000191967,Right,LEN_BEA,8aed9c22-dde0-44fe-a8f2-9c43ecdfbad7,54.83942,-114.46067,12.1594,5.97594,-0.6451,-12.42743,-0.64098,-0.04411,4.7806,180,2.51268,18.728,NA,NA,NA,NA,NA,NA,NA,2.78342,-51.04342,NA,NA,NA,NA,NA,NA,NA,0.46483,-67.26264,NA,NA,NA,NA,NA,NA,NA,NA,NA,NA,NA,NA,NA,NA,NA,NA,NA,NA,NA,NA,NA,NA,NA,NA,NA,NA,NA,NA,NA,High,High,High,High,High,NA,NA,NA,101.522199,63.738436,1061.06252,0.44247,09:30:00,-0.898814,0.429007,-0.089927000000000007,-31.227963,-6.357247,24.962602,-0.639961,119.807856,-0.38197,-41.816345,0.38197,-0.666745,0.639961,59.168522,-39.788903,0.666745,-0.666745,-119.807856,39.788903,0.639961,41.816345,-59.168522,-0.639961,0.666745,0.38197,-0.38197,NA,NA,NA,NA,NA,NA,NA,NA,NA,NA,NA,NA
NA,NA,NA,NA,NA,NA,NA,NA,NA,NA,NA,NA,NA,NA,NA,NA,265,2026-02-20,16:14:59,1,5,"Burnley, Michael",10109139,Right,LEN_BEA,"Gibson, Aiden",10011511,Right,CAR_EAG,Undefined,6,Bottom,0,1,2,Slider,Slider,BallCalled,Undefined,Undefined,Undefined,0,0,NA,79.40018,-0.397577,-0.905129,2486.518656,93.531601,09:00:00,5.87998,0.71925,5.52773,-43.5229,3.02977,-17.50068,1.88134,-1.5854,70.65694,-8.437427,-4.028188,0.49107,NA,NA,NA,NA,NA,NA,NA,NA,NA,NA,NA,8.38048,2.30055,-0.62899,50,5.81735,2.53773,-114.84047,-2.24667,10.77343,28.66331,-29.21658,CAR_EAG,LEN_BEA,CarsonNewman,D2,Team,20260220-CarsonNewman-1,387792c0-0ea1-11f1-8304-27cb6f288688,76.75569,NA,NA,8.74324,NA,NA,NA,NA,NA,NA,46df0e37-f40e-476d-8c8d-a76c06d1b556,2026-02-20,21:14:59,2026-02-20T21:14:59Z,2026-02-20T21:14:59Z,NA,v3,CNE,NA,NA,"Christmas, Seth",1000191967,Right,LEN_BEA,d2c32cd5-76e8-4314-a3d8-4046be96adf0,54.96716,-116.07362,14.33165,5.88697,-0.98973,-14.60829,-0.7282,2.07424,5.38672,NA,NA,NA,NA,NA,NA,NA,NA,NA,NA,NA,NA,NA,NA,NA,NA,NA,NA,NA,NA,NA,NA,NA,NA,NA,NA,NA,NA,NA,NA,NA,NA,NA,NA,NA,NA,NA,NA,NA,NA,NA,NA,NA,NA,NA,NA,NA,NA,NA,NA,High,High,High,NA,NA,NA,NA,NA,90.301136,65.707793,1022.929896,0.41139,09:00:00,-0.914212,0.40505,0.012281,-23.643702,-9.212832,25.843445,-0.636147,122.233381,-0.41153,-40.74212,0.41153,-0.652656,0.636147,57.10075,-39.505135,0.652656,-0.652656,-122.233381,39.505135,0.636147,40.74212,-57.10075,-0.636147,0.652656,0.41153,-0.41153,NA,NA,NA,NA,NA,NA,NA,NA,NA,NA,NA,NA
NA,NA,NA,NA,NA,NA,NA,NA,NA,NA,NA,NA,NA,NA,NA,NA,266,2026-02-20,16:15:22,1,6,"Burnley, Michael",10109139,Right,LEN_BEA,"Gibson, Aiden",10011511,Right,CAR_EAG,Undefined,6,Bottom,0,2,2,Slider,Slider,BallCalled,Undefined,Undefined,Undefined,0,0,NA,76.66292,-0.235441,-0.84295,2382.628055,92.696635,09:00:00,5.76972,0.48318,5.45587,-47.12408,2.57689,-12.66363,1.62229,-1.3612899999999999,68.74616,-8.903335,-3.101089,0.507404,NA,NA,NA,NA,NA,NA,NA,NA,NA,NA,NA,6.03477,1.97965,-0.39999,50,5.7173,2.13204,-110.96727,-1.9876,7.2985,25.41596,-29.77982,CAR_EAG,LEN_BEA,CarsonNewman,D2,Team,20260220-CarsonNewman-1,46b31120-0ea1-11f1-8304-27cb6f288688,74.2849,NA,NA,7.91676,NA,NA,NA,NA,NA,NA,46df0e37-f40e-476d-8c8d-a76c06d1b556,2026-02-20,21:15:22,2026-02-20T21:15:22Z,2026-02-20T21:15:22Z,NA,v3,CNE,NA,NA,"Christmas, Seth",1000191967,Right,LEN_BEA,e94c5b08-864a-4d97-8064-97a86396d685,55.04092,-112.1159,12.70798,5.77672,-0.64176,-14.88991,-0.48889,1.8022,3.64925,NA,NA,NA,NA,NA,NA,NA,NA,NA,NA,NA,NA,NA,NA,NA,NA,NA,NA,NA,NA,NA,NA,NA,NA,NA,NA,NA,NA,NA,NA,NA,NA,NA,NA,NA,NA,NA,NA,NA,NA,NA,NA,NA,NA,NA,NA,NA,NA,NA,NA,High,High,High,NA,NA,NA,NA,NA,81.080288,61.199853,1147.845167,0.481756,08:45:00,-0.87706,0.472325,0.087609,-17.284894,-15.100754,24.796723,-0.554809,124.06595,-0.466029,-43.567179,0.466029,-0.689205,0.554809,49.970373,-33.697591,0.689205,-0.689205,-124.06595,33.697591,0.554809,43.567179,-49.970373,-0.554809,0.689205,0.466029,-0.466029,NA,NA,NA,NA,NA,NA,NA,NA,NA,NA,NA,NA
NA,NA,NA,NA,NA,NA,NA,NA,NA,NA,NA,NA,NA,NA,NA,NA,267,2026-02-20,16:15:43,1,7,"Burnley, Michael",10109139,Right,LEN_BEA,"Gibson, Aiden",10011511,Right,CAR_EAG,Undefined,6,Bottom,0,3,2,Fastball,Four-Seam,FoulBallNotFieldable,Undefined,Undefined,Undefined,0,0,NA,88.80802,-2.754345,-1.179081,2267.893716,191.274295,12:30:00,5.88419,0.60979,6.44897,-17.90544,17.91942,3.27441,1.8589,-0.20084,78.88072,-6.239849,-0.585097,0.430788,NA,NA,NA,NA,NA,NA,NA,NA,NA,NA,NA,-2.15768,10.8219,-0.5276,50,5.68084,2.51553,-128.58271,-6.63034,-3.49064,35.02589,-14.66676,CAR_EAG,LEN_BEA,CarsonNewman,D2,Team,20260220-CarsonNewman-1,52d79660-0ea1-11f1-8304-27cb6f288688,87.49648,NA,NA,9.9273,NA,NA,NA,NA,NA,NA,46df0e37-f40e-476d-8c8d-a76c06d1b556,2026-02-20,21:15:43,2026-02-20T21:15:43Z,2026-02-20T21:15:43Z,NA,v3,CNE,NA,NA,"Christmas, Seth",1000191967,Right,LEN_BEA,826fc1f9-f341-4191-9863-aeb460bbbfd6,54.04749,-129.68056,17.51294,5.88146,-6.17062,-7.33338,-0.60816,2.62494,-1.74532,NA,NA,NA,NA,NA,NA,NA,NA,NA,NA,NA,NA,NA,NA,NA,NA,NA,NA,NA,NA,NA,NA,NA,NA,NA,NA,NA,NA,NA,NA,NA,NA,NA,NA,NA,NA,NA,NA,NA,NA,NA,NA,NA,NA,NA,NA,NA,NA,NA,NA,High,High,High,NA,NA,NA,NA,NA,188.855986,30.696385,1950.126607,0.859884,12:15:00,-0.520914,-0.156758,-0.839092,43.062527,38.82068,89.445773,-0.136006,156.167459,-0.906231,-23.597579,0.906231,-0.40031,0.136006,8.535188,-7.816803,0.40031,-0.40031,-156.167459,7.816803,0.136006,23.597579,-8.535188,-0.136006,0.40031,0.906231,-0.906231,NA,NA,NA,NA,NA,NA,NA,NA,NA,NA,NA,NA
NA,NA,NA,NA,NA,NA,NA,NA,NA,NA,NA,NA,NA,NA,NA,NA,268,2026-02-20,16:16:08,1,8,"Burnley, Michael",10109139,Right,LEN_BEA,"Gibson, Aiden",10011511,Right,CAR_EAG,Undefined,6,Bottom,0,3,2,Fastball,Four-Seam,FoulBallNotFieldable,Undefined,Undefined,Undefined,0,0,NA,90.05307,-1.329785,-1.689022,2269.654282,194.178891,12:30:00,5.83807,0.59025,6.31184,-19.09446,14.88237,3.48276,3.02113,-0.67588,82.17944,-4.961907,-1.059227,0.41953,NA,NA,NA,NA,NA,NA,NA,NA,NA,NA,NA,-2.30291,8.46158,-0.46812,50,5.73137,3.71869,-130.82015,-3.58655,-3.97848,28.39761,-17.55596,CAR_EAG,LEN_BEA,CarsonNewman,D2,Team,20260220-CarsonNewman-1,617dbd70-0ea1-11f1-8304-27cb6f288688,89.8445,NA,NA,7.87363,NA,NA,NA,NA,NA,NA,46df0e37-f40e-476d-8c8d-a76c06d1b556,2026-02-20,21:16:08,2026-02-20T21:16:08Z,2026-02-20T21:16:08Z,NA,v3,CNE,NA,NA,"Christmas, Seth",1000191967,Right,LEN_BEA,c83470a8-b5a8-412b-99a3-7b89ff72f81b,54.18883,-131.7263,14.19881,5.83688,-3.02636,-8.77798,-0.5888,3.84564,-1.98924,NA,NA,NA,NA,NA,NA,NA,NA,NA,NA,NA,NA,NA,NA,NA,NA,NA,NA,NA,NA,NA,NA,NA,NA,NA,NA,NA,NA,NA,NA,NA,NA,NA,NA,NA,NA,NA,NA,NA,NA,NA,NA,NA,NA,NA,NA,NA,NA,NA,NA,High,High,High,NA,NA,NA,NA,NA,191.271657,27.357942,2015.800153,0.888153,12:30:00,-0.480871,-0.184217,-0.857221,-34.368271,-41.751419,-89.497944,-0.030477,154.121479,-0.899304,-25.865611,0.899304,-0.436262,0.030477,1.940986,-1.746474,0.436262,-0.436262,-154.121479,1.746474,0.030477,25.865611,-1.940986,-0.030477,0.436262,0.899304,-0.899304,NA,NA,NA,NA,NA,NA,NA,NA,NA,NA,NA,NA
NA,NA,NA,NA,NA,NA,NA,NA,NA,NA,NA,NA,NA,NA,NA,NA,269,2026-02-20,16:16:33,1,9,"Burnley, Michael",10109139,Right,LEN_BEA,"Gibson, Aiden",10011511,Right,CAR_EAG,Undefined,6,Bottom,0,3,2,ChangeUp,Changeup,BallCalled,Walk,Undefined,Undefined,0,0,NA,84.90024,-2.150183,-1.032089,1272.432008,268.449017,03:00:00,6.28908,0.85705,5.93876,-37.76368,2.21528,21.17576,1.14612,1.66412,75.8439,-9.151001,2.782489,0.455079,NA,NA,NA,NA,NA,NA,NA,NA,NA,NA,NA,-11.1452,2.47366,-0.78606,50,6.09696,1.32802,-122.89079,-5.88297,-16.45706,32.15682,-28.52143,CAR_EAG,LEN_BEA,CarsonNewman,D2,Team,20260220-CarsonNewman-1,70e586d0-0ea1-11f1-8304-27cb6f288688,82.82609,NA,NA,9.05633,NA,NA,NA,NA,NA,NA,46df0e37-f40e-476d-8c8d-a76c06d1b556,2026-02-20,21:16:33,2026-02-20T21:16:33Z,2026-02-20T21:16:33Z,NA,v3,CNE,NA,NA,"Christmas, Seth",1000191967,Right,LEN_BEA,51972106-bc0b-42fd-af69-4aa23ba07c5d,54.55818,-124.0778,16.07841,6.29469,-4.83016,-14.26072,-0.84629,1.9355,-8.22853,NA,NA,NA,NA,NA,NA,NA,NA,NA,NA,NA,NA,NA,NA,NA,NA,NA,NA,NA,NA,NA,NA,NA,NA,NA,NA,NA,NA,NA,NA,NA,NA,NA,NA,NA,NA,NA,NA,NA,NA,NA,NA,NA,NA,NA,NA,NA,NA,NA,NA,High,High,High,NA,NA,NA,NA,NA,224.809877,18.329932,1207.870482,0.949261,01:30:00,-0.30125,-0.680326,-0.668135,86.059683,22.550146,65.383851,0.900795,97.013958,-0.053026,25.530757,0.053026,-0.430996,-0.900795,86.631114,64.262722,0.430996,0.430996,-97.013958,-64.262722,0.900795,-25.530757,-86.631114,-0.900795,-0.430996,0.053026,-0.053026,NA,NA,NA,NA,NA,NA,NA,NA,NA,NA,NA,NA
NA,NA,NA,NA,NA,NA,NA,NA,NA,NA,NA,NA,NA,NA,NA,NA,270,2026-02-20,16:17:09,2,1,"Burnley, Michael",10109139,Right,LEN_BEA,"Pierce, Johno",10069844,Right,CAR_EAG,Undefined,6,Bottom,0,0,0,Slider,Slider,BallCalled,Undefined,Undefined,Undefined,0,0,NA,76.09988,2.324207,0.989939,2228.836512,94.078602,09:15:00,5.69718,0.72302,5.71034,-46.65227,3.17614,-17.46178,3.97644,0.19027,68.01363,-6.34262,-2.132985,0.508054,NA,NA,NA,NA,NA,NA,NA,NA,NA,NA,NA,9.0891,1.42894,-0.79548,50,5.86393,-1.22108,-110.15042,3.01443,10.88034,24.24473,-30.46351,CAR_EAG,LEN_BEA,CarsonNewman,D2,Team,20260220-CarsonNewman-1,861ac1a0-0ea1-11f1-8304-27cb6f288688,74.1898,NA,NA,8.08625,NA,NA,NA,NA,NA,NA,46df0e37-f40e-476d-8c8d-a76c06d1b556,2026-02-20,21:17:09,2026-02-20T21:17:09Z,2026-02-20T21:17:09Z,NA,v3,CNE,NA,NA,"Christmas, Seth",1000191967,Right,LEN_BEA,c9251236-2141-409b-99fa-8db66ed6bca0,54.78607,-111.19887,12.12237,5.70509,4.33181,-15.23176,-0.7325,-1.69159,5.44017,NA,NA,NA,NA,NA,NA,NA,NA,NA,NA,NA,NA,NA,NA,NA,NA,NA,NA,NA,NA,NA,NA,NA,NA,NA,NA,NA,NA,NA,NA,NA,NA,NA,NA,NA,NA,NA,NA,NA,NA,NA,NA,NA,NA,NA,NA,NA,NA,NA,NA,High,High,High,NA,NA,NA,NA,NA,91.939897,60.83684,1086.108226,0.487298,09:00:00,-0.852354,0.522032,-0.031226,-51.991459,10.198756,23.058922,-0.565192,132.690251,-0.559351,-37.327466,0.559351,-0.60637,0.565192,45.297629,-34.415655,0.60637,-0.60637,-132.690251,34.415655,0.565192,37.327466,-45.297629,-0.565192,0.60637,0.559351,-0.559351,NA,NA,NA,NA,NA,NA,NA,NA,NA,NA,NA,NA
NA,NA,NA,NA,NA,NA,NA,NA,NA,NA,NA,NA,NA,NA,NA,NA,271,2026-02-20,16:17:28,2,2,"Burnley, Michael",10109139,Right,LEN_BEA,"Pierce, Johno",10069844,Right,CAR_EAG,Undefined,6,Bottom,0,1,0,Fastball,Four-Seam,InPlay,Undefined,LineDrive,Out,2,0,NA,88.61121,-1.723603,-1.170337,2186.969641,192.384971,12:30:00,5.84674,0.70191,6.42623,-20.4382,14.95599,3.00126,2.55843,-0.1239,79.9182,-5.636394,-0.626121,0.428191,94.7749,4.277584,39.30307,3706.151636,NA,NA,NA,131.91541,83.70718,43.330883,1.099553,-1.94634,8.74567,-0.61976,50,5.71456,2.50738,-128.57536,-4.42892,-3.20378,30.80882,-17.77813,CAR_EAG,LEN_BEA,CarsonNewman,D2,Team,20260220-CarsonNewman-1,91b04d50-0ea1-11f1-8304-27cb6f288688,88.02718,4.90959,NA,8.69301,NA,NA,NA,0.48956,2.61562,0.07108,46df0e37-f40e-476d-8c8d-a76c06d1b556,2026-02-20,21:17:28,2026-02-20T21:17:28Z,2026-02-20T21:17:28Z,GroundBall,v3,CNE,NA,NA,"Christmas, Seth",1000191967,Right,LEN_BEA,19388a19-1a7d-4306-8016-b5a937e2e84a,54.07184,-129.54737,15.40441,5.84544,-3.86803,-8.88907,-0.70046,2.60845,-1.60189,NA,0.69781,104.64367,-16.53204,NA,NA,NA,NA,NA,NA,2.62705,10.23851,-11.49509,NA,NA,NA,NA,NA,NA,0.08638,87.62853,-4.90747,NA,NA,NA,NA,NA,NA,NA,NA,NA,NA,NA,NA,NA,NA,NA,NA,NA,NA,NA,NA,NA,NA,NA,NA,NA,NA,NA,NA,High,High,High,High,Medium,NA,NA,NA,192.457419,27.469157,1940.409094,0.887259,12:30:00,-0.472906,-0.205182,-0.85689,38.733229,47.377255,81.058867,-0.150763,153.336586,-0.883444,-26.33503,0.883444,-0.443619,0.150763,9.684454,-8.67115,0.443619,-0.443619,-153.336586,8.67115,0.150763,26.33503,-9.684454,-0.150763,0.443619,0.883444,-0.883444,NA,NA,NA,NA,NA,NA,NA,NA,NA,NA,NA,NA
NA,NA,NA,NA,NA,NA,NA,NA,NA,NA,NA,NA,NA,NA,NA,NA,272,2026-02-20,16:18:15,3,1,"Burnley, Michael",10109139,Right,LEN_BEA,"Benner, Seth",1000370212,Right,CAR_EAG,Undefined,6,Bottom,2,0,0,Fastball,Four-Seam,StrikeSwinging,Undefined,Undefined,Undefined,0,0,NA,89.87871,-2.100262,-2.074549,2214.128088,209.821815,01:00:00,5.70347,1.00884,6.45496,-19.52422,14.68761,7.73591,2.14483,-0.25321,81.49147,-5.829767,-0.671802,0.420978,NA,NA,NA,NA,NA,NA,NA,NA,NA,NA,NA,-4.65485,8.66934,-0.86504,50,5.54583,4.40997,-130.39998,-5.32333,-7.93207,30.06621,-17.40105,CAR_EAG,LEN_BEA,CarsonNewman,D2,Team,20260220-CarsonNewman-1,ad7f4a40-0ea1-11f1-8304-27cb6f288688,89.5354,NA,NA,8.38724,NA,NA,NA,NA,NA,NA,46df0e37-f40e-476d-8c8d-a76c06d1b556,2026-02-20,21:18:15,2026-02-20T21:18:15Z,2026-02-20T21:18:15Z,NA,v3,CNE,NA,NA,"Christmas, Seth",1000191967,Right,LEN_BEA,dd4fcc6d-cb47-437f-8329-9b8ed59fe40c,54.04325,-131.32892,15.0331,5.70199,-4.7857,-8.70053,-1.00508,4.65505,-3.96604,NA,NA,NA,NA,NA,NA,NA,NA,NA,NA,NA,NA,NA,NA,NA,NA,NA,NA,NA,NA,NA,NA,NA,NA,NA,NA,NA,NA,NA,NA,NA,NA,NA,NA,NA,NA,NA,NA,NA,NA,NA,NA,NA,NA,NA,NA,NA,NA,NA,NA,High,High,High,NA,NA,NA,NA,NA,199.596989,21.227974,2063.893149,0.932147,12:45:00,-0.381938,-0.325704,-0.864893,-34.116114,-43.73951,-86.490938,-0.134972,157.437579,-0.915012,-22.344756,0.915012,-0.380179,0.134972,8.391079,-7.756979,0.380179,-0.380179,-157.437579,7.756979,0.134972,22.344756,-8.391079,-0.134972,0.380179,0.915012,-0.915012,NA,NA,NA,NA,NA,NA,NA,NA,NA,NA,NA,NA
NA,NA,NA,NA,NA,NA,NA,NA,NA,NA,NA,NA,NA,NA,NA,NA,273,2026-02-20,16:18:32,3,2,"Burnley, Michael",10109139,Right,LEN_BEA,"Benner, Seth",1000370212,Right,CAR_EAG,Undefined,6,Bottom,2,0,1,Slider,Slider,StrikeSwinging,Undefined,Undefined,Undefined,0,0,NA,78.10685,0.649741,-0.044508,2279.644302,87.169491,09:00:00,6.14129,0.81443,5.39271,-46.23416,0.82984,-15.45072,2.89743,-0.51485,71.1647,-7.806566,-2.795353,0.49376,NA,NA,NA,NA,NA,NA,NA,NA,NA,NA,NA,7.69654,0.74173,-0.79947,50,6.16719,0.70929,-113.30938,-0.28182,9.9052,22.65413,-31.21944,CAR_EAG,LEN_BEA,CarsonNewman,D2,Team,20260220-CarsonNewman-1,b7c06980-0ea1-11f1-8304-27cb6f288688,76.33758,NA,NA,6.94215,NA,NA,NA,NA,NA,NA,46df0e37-f40e-476d-8c8d-a76c06d1b556,2026-02-20,21:18:32,2026-02-20T21:18:32Z,2026-02-20T21:18:32Z,NA,v3,CNE,NA,NA,"Christmas, Seth",1000191967,Right,LEN_BEA,0cafb836-b594-421a-9824-f70881eec6b8,55.1073,-114.32593,11.32707,6.1484,1.11907,-15.60972,-0.82132,0.26482,4.9526,NA,NA,NA,NA,NA,NA,NA,NA,NA,NA,NA,NA,NA,NA,NA,NA,NA,NA,NA,NA,NA,NA,NA,NA,NA,NA,NA,NA,NA,NA,NA,NA,NA,NA,NA,NA,NA,NA,NA,NA,NA,NA,NA,NA,NA,NA,NA,NA,NA,NA,High,High,High,NA,NA,NA,NA,NA,99.248615,63.473613,1018.111749,0.44661,09:15:00,-0.889728,0.450922,-0.071087,-15.776734,-32.034936,21.858107,-0.59523,126.813415,-0.481499,-40.039766,0.481499,-0.643319,0.59523,51.029593,-36.529049,0.643319,-0.643319,-126.813415,36.529049,0.59523,40.039766,-51.029593,-0.59523,0.643319,0.481499,-0.481499,NA,NA,NA,NA,NA,NA,NA,NA,NA,NA,NA,NA
NA,NA,NA,NA,NA,NA,NA,NA,NA,NA,NA,NA,NA,NA,NA,NA,274,2026-02-20,16:18:51,3,3,"Burnley, Michael",10109139,Right,LEN_BEA,"Benner, Seth",1000370212,Right,CAR_EAG,Undefined,6,Bottom,2,0,2,Slider,Slider,StrikeSwinging,Strikeout,Undefined,Undefined,0,0,NA,77.97065,-1.624143,-0.327485,2333.020792,83.012877,08:45:00,6.20847,0.44158,5.52383,-47.51538,0.48209,-11.78402,0.72995,-0.8466,70.07898,-10.32872,-2.435066,0.498632,NA,NA,NA,NA,NA,NA,NA,NA,NA,NA,NA,5.80705,1.42378,-0.40511,50,6.036,1.11151,-112.84179,-4.7673,7.25261,26.53052,-30.39585,CAR_EAG,LEN_BEA,CarsonNewman,D2,Team,20260220-CarsonNewman-1,c3095bd0-0ea1-11f1-8304-27cb6f288688,75.59164,NA,NA,7.89166,NA,NA,NA,NA,NA,NA,46df0e37-f40e-476d-8c8d-a76c06d1b556,2026-02-20,21:18:51,2026-02-20T21:18:51Z,2026-02-20T21:18:51Z,NA,v3,CNE,NA,NA,"Christmas, Seth",1000191967,Right,LEN_BEA,af61cf9e-14d4-4225-b693-8503c28c68d3,54.97345,-114.00511,13.26526,6.21582,-3.43449,-15.19792,-0.44687,0.79349,3.6263,NA,NA,NA,NA,NA,NA,NA,NA,NA,NA,NA,NA,NA,NA,NA,NA,NA,NA,NA,NA,NA,NA,NA,NA,NA,NA,NA,NA,NA,NA,NA,NA,NA,NA,NA,NA,NA,NA,NA,NA,NA,NA,NA,NA,NA,NA,NA,NA,NA,NA,High,High,High,NA,NA,NA,NA,NA,73.75508,62.827266,1065.431369,0.456675,08:30:00,-0.900958,0.413051,0.132904,-18.260396,-23.254413,28.761872,-0.490511,132.346416,-0.587009,-40.095625,0.587009,-0.644065,0.490511,39.882488,-29.374155,0.644065,-0.644065,-132.346416,29.374155,0.490511,40.095625,-39.882488,-0.490511,0.644065,0.587009,-0.587009,NA,NA,NA,NA,NA,NA,NA,NA,NA,NA,NA,NA
NA,NA,NA,NA,NA,NA,NA,NA,NA,NA,NA,NA,NA,NA,NA,NA,275,2026-02-20,16:20:53,1,1,"Wilson, Alec",10092217,Right,CAR_EAG,"Murchison, Trent",10032231,Left,LEN_BEA,Undefined,7,Top,0,0,0,ChangeUp,Changeup,StrikeCalled,Undefined,Undefined,Undefined,0,0,NA,74.40458,1.625294,-1.383899,1638.710657,274.040315,03:15:00,5.53226,1.9622,6.20512,-50.26688,0.5015,19.20446,2.84443,2.28491,67.16297,-7.742472,2.085756,0.512823,NA,NA,NA,NA,NA,NA,NA,NA,NA,NA,NA,-10.24855,0.38449,-1.86665,50,5.63049,1.91706,-107.92661,1.61712,-11.8501,22.2328,-31.72948,CAR_EAG,LEN_BEA,CarsonNewman,D2,Team,20260220-CarsonNewman-1,0b7f77f0-0ea2-11f1-8304-27cb6f288688,73.49983,NA,NA,7.24161,NA,NA,NA,NA,NA,NA,46df0e37-f40e-476d-8c8d-a76c06d1b556,2026-02-20,21:20:53,2026-02-20T21:20:53Z,2026-02-20T21:20:53Z,NA,v3,CNE,NA,NA,"Hammond, Kevin",10120878,Right,CAR_EAG,05551089-03a4-4f77-a32e-2a8e0eb85bdb,54.29352,-108.80747,11.1164,5.54151,2.87425,-15.86474,-1.95191,2.38656,-5.92505,NA,NA,NA,NA,NA,NA,NA,NA,NA,NA,NA,NA,NA,NA,NA,NA,NA,NA,NA,NA,NA,NA,NA,NA,NA,NA,NA,NA,NA,NA,NA,NA,NA,NA,NA,NA,NA,NA,NA,NA,NA,NA,NA,NA,NA,NA,NA,NA,NA,NA,High,High,High,NA,NA,NA,NA,NA,231.86152,17.667593,1561.418071,0.952833,01:45:00,-0.338745,-0.740513,-0.580424,60.264255,19.183036,19.604817,0.345458,98.76545,-0.143008,68.044386,0.143008,-0.927474,-0.345458,67.512095,20.209748,0.927474,0.927474,-98.76545,-20.209748,0.345458,-68.044386,-67.512095,-0.345458,-0.927474,0.143008,-0.143008,NA,NA,NA,NA,NA,NA,NA,NA,NA,NA,NA,NA
NA,NA,NA,NA,NA,NA,NA,NA,NA,NA,NA,NA,NA,NA,NA,NA,276,2026-02-20,16:20:56,1,2,"Wilson, Alec",10092217,Right,CAR_EAG,"Murchison, Trent",10032231,Left,LEN_BEA,Undefined,7,Top,0,0,1,ChangeUp,NA,StrikeCalled,Undefined,Undefined,Undefined,0,0,NA,NA,NA,NA,NA,NA,NA,NA,NA,NA,NA,NA,NA,NA,NA,NA,NA,NA,NA,NA,NA,NA,NA,NA,NA,NA,NA,NA,NA,NA,NA,NA,NA,NA,NA,NA,NA,NA,NA,NA,NA,CAR_EAG,LEN_BEA,CarsonNewman,D2,Team,20260220-CarsonNewman-1,3498b571-0ea2-11f1-8304-27cb6f288688,NA,NA,NA,NA,NA,NA,NA,NA,NA,NA,46df0e37-f40e-476d-8c8d-a76c06d1b556,2026-02-20,21:20:56,2026-02-20T21:20:56Z,2026-02-20T21:20:56Z,NA,v3,CNE,NA,NA,"Hammond, Kevin",10120878,Right,CAR_EAG,3498b570-0ea2-11f1-8304-27cb6f288688,NA,NA,NA,NA,NA,NA,NA,NA,NA,NA,NA,NA,NA,NA,NA,NA,NA,NA,NA,NA,NA,NA,NA,NA,NA,NA,NA,NA,NA,NA,NA,NA,NA,NA,NA,NA,NA,NA,NA,NA,NA,NA,NA,NA,NA,NA,NA,NA,NA,NA,NA,NA,NA,NA,NA,NA,NA,NA,NA,NA,NA,NA,NA,NA,NA,NA,NA,NA,NA,NA,NA,NA,NA,NA,NA,NA,NA,NA,NA,NA,NA,NA,NA,NA,NA,NA,NA,NA,NA,NA,NA,NA,NA,NA,NA,NA,NA,NA,NA,NA,NA,NA,NA,NA,NA,NA,NA,NA,NA,NA
NA,NA,NA,NA,NA,NA,NA,NA,NA,NA,NA,NA,NA,NA,NA,NA,277,2026-02-20,16:21:42,1,3,"Wilson, Alec",10092217,Right,CAR_EAG,"Murchison, Trent",10032231,Left,LEN_BEA,Undefined,7,Top,0,0,2,ChangeUp,Changeup,StrikeSwinging,Strikeout,Undefined,Undefined,0,0,NA,74.1517,0.719879,-1.96083,1602.516534,245.826019,02:15:00,5.67178,2.10825,5.94227,-44.90435,6.59166,10.53363,2.59796,1.1664,67.09635,-7.632172,-0.067957,0.516485,NA,NA,NA,NA,NA,NA,NA,NA,NA,NA,NA,-5.97489,3.74894,-1.95752,50,5.70456,3.29687,-107.49608,0.053,-6.88103,21.37441,-27.85656,CAR_EAG,LEN_BEA,CarsonNewman,D2,Team,20260220-CarsonNewman-1,28e1e620-0ea2-11f1-8304-27cb6f288688,72.9787,NA,NA,7.05534,NA,NA,NA,NA,NA,NA,46df0e37-f40e-476d-8c8d-a76c06d1b556,2026-02-20,21:21:42,2026-02-20T21:21:42Z,2026-02-20T21:21:42Z,NA,v3,CNE,NA,NA,"Hammond, Kevin",10120878,Right,CAR_EAG,7bb4b59b-bc59-451b-800b-91aa08ca97b2,54.55473,-108.39795,10.6872,5.67752,1.22839,-13.92828,-2.10275,3.58721,-3.44051,NA,NA,NA,NA,NA,NA,NA,NA,NA,NA,NA,NA,NA,NA,NA,NA,NA,NA,NA,NA,NA,NA,NA,NA,NA,NA,NA,NA,NA,NA,NA,NA,NA,NA,NA,NA,NA,NA,NA,NA,NA,NA,NA,NA,NA,NA,NA,NA,NA,NA,High,High,High,NA,NA,NA,NA,NA,229.286375,25.147053,1450.630226,0.90522,01:45:00,-0.453479,-0.680745,-0.575276,91.857124,35.906693,48.137904,0.318418,98.911669,-0.146849,69.473001,0.146849,-0.936507,-0.318418,65.241722,18.567281,0.936507,0.936507,-98.911669,-18.567281,0.318418,-69.473001,-65.241722,-0.318418,-0.936507,0.146849,-0.146849,NA,NA,NA,NA,NA,NA,NA,NA,NA,NA,NA,NA
NA,NA,NA,NA,NA,NA,NA,NA,NA,NA,NA,NA,NA,NA,NA,NA,278,2026-02-20,16:22:07,2,1,"Wilson, Alec",10092217,Right,CAR_EAG,"Lackey, Lleyton",813440,Left,LEN_BEA,Undefined,7,Top,1,0,0,Slider,Curveball,StrikeCalled,Undefined,Undefined,Undefined,0,0,NA,70.55481,2.280818,-0.07388,2154.841237,61.268163,08:00:00,5.88572,1.81282,5.26579,-65.83771,-6.24906,-15.94127,2.54308,0.41497,62.86681,-9.765341,-2.906025,0.555588,NA,NA,NA,NA,NA,NA,NA,NA,NA,NA,NA,7.8267,-3.15146,-1.79414,50,6.0472,0.73856,-101.97971,1.96635,7.93392,22.60782,-35.36869,CAR_EAG,LEN_BEA,CarsonNewman,D2,Team,20260220-CarsonNewman-1,37b3ff30-0ea2-11f1-8304-27cb6f288688,67.84238,NA,NA,7.68799,NA,NA,NA,NA,NA,NA,46df0e37-f40e-476d-8c8d-a76c06d1b556,2026-02-20,21:22:07,2026-02-20T21:22:07Z,2026-02-20T21:22:07Z,NA,v3,CNE,NA,NA,"Hammond, Kevin",10120878,Right,CAR_EAG,2e681d67-a7c2-4c62-8c75-27c31ce1cd74,55.23148,-103.13296,11.30391,5.90087,3.77053,-17.68434,-1.8215,0.33385,3.96696,NA,NA,NA,NA,NA,NA,NA,NA,NA,NA,NA,NA,NA,NA,NA,NA,NA,NA,NA,NA,NA,NA,NA,NA,NA,NA,NA,NA,NA,NA,NA,NA,NA,NA,NA,NA,NA,NA,NA,NA,NA,NA,NA,NA,NA,NA,NA,NA,NA,NA,High,High,High,NA,NA,NA,NA,NA,58.20781,63.277639,968.962341,0.449668,08:00:00,-0.876972,0.417446,0.238034,-22.499648,-4.629767,4.740731,-0.81756,144.458396,-0.468561,-19.556403,0.468561,-0.334735,0.81756,60.182069,-54.841239,0.334735,-0.334735,-144.458396,54.841239,0.81756,19.556403,-60.182069,-0.81756,0.334735,0.468561,-0.468561,NA,NA,NA,NA,NA,NA,NA,NA,NA,NA,NA,NA
NA,NA,NA,NA,NA,NA,NA,NA,NA,NA,NA,NA,NA,NA,NA,NA,279,2026-02-20,16:22:21,2,2,"Wilson, Alec",10092217,Right,CAR_EAG,"Lackey, Lleyton",813440,Left,LEN_BEA,Undefined,7,Top,1,0,1,ChangeUp,Changeup,BallCalled,Undefined,Undefined,Undefined,0,0,NA,73.91929,1.613424,-1.781853,1588.375977,251.050349,02:15:00,5.57209,1.98284,6.05887,-43.40557,7.88272,17.86099,3.44947,1.82143,67.13176,-6.484664,1.432918,0.515443,NA,NA,NA,NA,NA,NA,NA,NA,NA,NA,NA,-9.62843,4.13701,-1.85323,50,5.67478,2.69722,-107.24063,1.80286,-11.10508,20.209,-27.40256,CAR_EAG,LEN_BEA,CarsonNewman,D2,Team,20260220-CarsonNewman-1,405e78e0-0ea2-11f1-8304-27cb6f288688,73.1263,NA,NA,6.78753,NA,NA,NA,NA,NA,NA,46df0e37-f40e-476d-8c8d-a76c06d1b556,2026-02-20,21:22:21,2026-02-20T21:22:21Z,2026-02-20T21:22:21Z,NA,v3,CNE,NA,NA,"Hammond, Kevin",10120878,Right,CAR_EAG,f20aed7a-9e78-44dc-88dd-3ef02b85f991,54.43964,-108.07402,10.1045,5.57713,2.93291,-13.70128,-1.9739,3.15518,-5.55254,NA,NA,NA,NA,NA,NA,NA,NA,NA,NA,NA,NA,NA,NA,NA,NA,NA,NA,NA,NA,NA,NA,NA,NA,NA,NA,NA,NA,NA,NA,NA,NA,NA,NA,NA,NA,NA,NA,NA,NA,NA,NA,NA,NA,NA,NA,NA,NA,NA,NA,High,High,High,NA,NA,NA,NA,NA,227.399762,26.819067,1417.523473,0.892436,01:30:00,-0.488048,-0.643953,-0.58918,74.634108,39.265348,33.689858,0.217787,90.390262,-0.006648,77.414951,0.006648,-0.975974,-0.217787,88.251628,12.579094,0.975974,0.975974,-90.390262,-12.579094,0.217787,-77.414951,-88.251628,-0.217787,-0.975974,0.006648,-0.006648,NA,NA,NA,NA,NA,NA,NA,NA,NA,NA,NA,NA
NA,NA,NA,NA,NA,NA,NA,NA,NA,NA,NA,NA,NA,NA,NA,NA,280,2026-02-20,16:22:36,2,3,"Wilson, Alec",10092217,Right,CAR_EAG,"Lackey, Lleyton",813440,Left,LEN_BEA,Undefined,7,Top,1,1,1,Slider,Curveball,InPlay,Undefined,FlyBall,Out,1,0,NA,69.65649,2.010491,-0.363208,2172.765885,73.995438,08:30:00,5.56718,1.79439,5.24798,-64.50984,-3.0289,-19.83517,2.08155,-0.19987,61.83314,-9.817582,-3.88522,0.564341,92.41462,54.779974,25.125243,NA,101.85851,147.90185,41.53113,204.02136,87.71571,20.99459,6.211514,9.77375,-1.63693,-1.74548,50,5.70458,1.36139,-100.65288,1.55641,9.59016,22.94797,-33.78024,CAR_EAG,LEN_BEA,CarsonNewman,D2,Team,20260220-CarsonNewman-1,49481e70-0ea2-11f1-8304-27cb6f288688,66.79019,152.33225,NA,7.82336,NA,NA,NA,1.96848,2.40961,0.22925,46df0e37-f40e-476d-8c8d-a76c06d1b556,2026-02-20,21:22:36,2026-02-20T21:22:36Z,2026-02-20T21:22:36Z,FlyBall,v3,CNE,NA,NA,"Hammond, Kevin",10120878,Right,CAR_EAG,161ec150-be20-47c3-b294-462203fee4b7,55.25044,-101.8429,11.47398,5.57845,3.30816,-16.89012,-1.80318,0.86407,4.79508,175.426522,1.98657,70.46589,-21.26663,5.27531,-0.5668,-0.0795,0.03561,-0.00449,2e-4,2.3952,110.93355,-25.10425,2.29929,-0.27813,-0.00779,0.01363,-0.00253,1.5e-4,0.23754,33.04609,-12.08385,3.2941,-0.47117,-0.00365,0.01369,-0.00202,1e-4,NA,NA,NA,NA,NA,NA,NA,NA,NA,NA,NA,NA,NA,NA,NA,NA,NA,NA,NA,NA,NA,NA,High,High,High,High,Low,NA,NA,NA,56.512306,57.428509,1169.711854,0.538352,08:00:00,-0.82455,0.478276,0.302273,-9.136301,-8.650872,1.597004,-0.756093,139.175885,-0.495247,-25.331142,0.495247,-0.427849,0.756093,56.774889,-49.120927,0.427849,-0.427849,-139.175885,49.120927,0.756093,25.331142,-56.774889,-0.756093,0.427849,0.495247,-0.495247,NA,NA,NA,NA,NA,NA,NA,NA,NA,NA,NA,NA
NA,NA,NA,NA,NA,NA,NA,NA,NA,NA,NA,NA,NA,NA,NA,NA,281,2026-02-20,16:23:12,3,1,"Wilson, Alec",10092217,Right,CAR_EAG,"Wainwright, Mackenzie",694679,Right,LEN_BEA,Undefined,7,Top,2,0,0,Fastball,Changeup,StrikeCalled,Undefined,Undefined,Undefined,0,0,NA,82.95509,-1.631473,-3.692999,2073.826518,208.073753,01:00:00,5.93628,1.67152,5.62168,-22.63253,18.89218,9.29851,2.52411,-1.00483,75.21622,-5.896687,-2.037401,0.463793,NA,NA,NA,NA,NA,NA,NA,NA,NA,NA,NA,-5.78055,10.46788,-1.362,50,5.78251,7.35881,-120.03999,-4.09215,-8.3668,24.97884,-17.0228,CAR_EAG,LEN_BEA,CarsonNewman,D2,Team,20260220-CarsonNewman-1,5e8a5190-0ea2-11f1-8304-27cb6f288688,81.26988,NA,NA,7.73887,NA,NA,NA,NA,NA,NA,46df0e37-f40e-476d-8c8d-a76c06d1b556,2026-02-20,21:23:12,2026-02-20T21:23:12Z,2026-02-20T21:23:12Z,NA,v3,CNE,NA,NA,"Hammond, Kevin",10120878,Right,CAR_EAG,89876746-5f87-407b-8a39-e685fe6f61d0,54.87535,-121.05024,12.48942,5.93409,-3.40368,-8.5114,-1.66646,7.6972,-4.1834,NA,NA,NA,NA,NA,NA,NA,NA,NA,NA,NA,NA,NA,NA,NA,NA,NA,NA,NA,NA,NA,NA,NA,NA,NA,NA,NA,NA,NA,NA,NA,NA,NA,NA,NA,NA,NA,NA,NA,NA,NA,NA,NA,NA,NA,NA,NA,NA,NA,NA,High,High,High,NA,NA,NA,NA,NA,214.348716,21.809495,1925.390878,0.928424,01:15:00,-0.405089,-0.534208,-0.741973,-26.619611,38.129336,-3.04701,-0.13077,170.553349,-0.977968,-9.364797,0.977968,-0.16272,0.13077,7.616198,-7.514102,0.16272,-0.16272,-170.553349,7.514102,0.13077,9.364797,-7.616198,-0.13077,0.16272,0.977968,-0.977968,NA,NA,NA,NA,NA,NA,NA,NA,NA,NA,NA,NA
NA,NA,NA,NA,NA,NA,NA,NA,NA,NA,NA,NA,NA,NA,NA,NA,282,2026-02-20,16:23:26,3,2,"Wilson, Alec",10092217,Right,CAR_EAG,"Wainwright, Mackenzie",694679,Right,LEN_BEA,Undefined,7,Top,2,0,1,Fastball,Changeup,BallCalled,Undefined,Undefined,Undefined,0,0,NA,81.84892,0.267167,-4.2604,2001.850527,204.055932,12:45:00,5.92693,1.58617,5.60982,-25.09781,18.03584,7.32556,4.08553,-1.78755,73.3511,-4.480031,-2.958879,0.472693,NA,NA,NA,NA,NA,NA,NA,NA,NA,NA,NA,-5.06524,9.47315,-1.22583,50,5.93406,8.49984,-118.24916,-0.18206,-7.04271,26.3382,-19.00258,CAR_EAG,LEN_BEA,CarsonNewman,D2,Team,20260220-CarsonNewman-1,66af95b0-0ea2-11f1-8304-27cb6f288688,79.73974,NA,NA,8.49782,NA,NA,NA,NA,NA,NA,46df0e37-f40e-476d-8c8d-a76c06d1b556,2026-02-20,21:23:26,2026-02-20T21:23:26Z,2026-02-20T21:23:26Z,NA,v3,CNE,NA,NA,"Hammond, Kevin",10120878,Right,CAR_EAG,3159e609-af55-443e-9de7-07f19c58bc38,54.88447,-119.33214,13.1691,5.92548,0.59929,-9.50129,-1.58129,8.78943,-3.52136,NA,NA,NA,NA,NA,NA,NA,NA,NA,NA,NA,NA,NA,NA,NA,NA,NA,NA,NA,NA,NA,NA,NA,NA,NA,NA,NA,NA,NA,NA,NA,NA,NA,NA,NA,NA,NA,NA,NA,NA,NA,NA,NA,NA,NA,NA,NA,NA,NA,NA,High,High,High,NA,NA,NA,NA,NA,214.427952,23.139179,1840.807656,0.919553,01:15:00,-0.450641,-0.518049,-0.727013,-18.576107,43.269195,8.850036,-0.135589,173.289942,-0.983979,-6.647811,0.983979,-0.115766,0.135589,7.845781,-7.792701,0.115766,-0.115766,-173.289942,7.792701,0.135589,6.647811,-7.845781,-0.135589,0.115766,0.983979,-0.983979,NA,NA,NA,NA,NA,NA,NA,NA,NA,NA,NA,NA
NA,NA,NA,NA,NA,NA,NA,NA,NA,NA,NA,NA,NA,NA,NA,NA,283,2026-02-20,16:23:40,3,3,"Wilson, Alec",10092217,Right,CAR_EAG,"Wainwright, Mackenzie",694679,Right,LEN_BEA,Undefined,7,Top,2,1,1,Slider,Curveball,FoulBallNotFieldable,Undefined,Undefined,Undefined,0,0,NA,71.23963,1.915717,-1.253993,2120.376464,76.718559,08:30:00,5.93839,1.71016,5.15381,-60.60822,-2.55307,-20.15863,2.69227,-1.15042,64.20161,-9.127316,-4.822445,0.548393,NA,NA,NA,NA,NA,NA,NA,NA,NA,NA,NA,9.46138,-1.18402,-1.57725,50,6.07202,3.03246,-103.07087,1.49188,9.91375,21.27758,-33.41467,CAR_EAG,LEN_BEA,CarsonNewman,D2,Team,20260220-CarsonNewman-1,6f8a2010-0ea2-11f1-8304-27cb6f288688,68.73255,NA,NA,7.03802,NA,NA,NA,NA,NA,NA,46df0e37-f40e-476d-8c8d-a76c06d1b556,2026-02-20,21:23:40,2026-02-20T21:23:40Z,2026-02-20T21:23:40Z,NA,v3,CNE,NA,NA,"Hammond, Kevin",10120878,Right,CAR_EAG,35f9af3c-d407-4a2d-8fca-436f2d6e306a,55.34476,-104.16838,10.63879,5.95062,3.21542,-16.70734,-1.72048,2.52111,4.95687,NA,NA,NA,NA,NA,NA,NA,NA,NA,NA,NA,NA,NA,NA,NA,NA,NA,NA,NA,NA,NA,NA,NA,NA,NA,NA,NA,NA,NA,NA,NA,NA,NA,NA,NA,NA,NA,NA,NA,NA,NA,NA,NA,NA,NA,NA,NA,NA,NA,NA,High,High,High,NA,NA,NA,NA,NA,59.259111,61.368135,1016.042163,0.47918,08:00:00,-0.857891,0.440961,0.263774,-7.16355,-10.067944,2.174689,-0.781549,137.837732,-0.462422,-24.755327,0.462422,-0.418744,0.781549,59.388314,-51.402638,0.418744,-0.418744,-137.837732,51.402638,0.781549,24.755327,-59.388314,-0.781549,0.418744,0.462422,-0.462422,NA,NA,NA,NA,NA,NA,NA,NA,NA,NA,NA,NA
NA,NA,NA,NA,NA,NA,NA,NA,NA,NA,NA,NA,NA,NA,NA,NA,284,2026-02-20,16:24:05,3,4,"Wilson, Alec",10092217,Right,CAR_EAG,"Wainwright, Mackenzie",694679,Right,LEN_BEA,Undefined,7,Top,2,1,2,Fastball,Changeup,StrikeSwinging,Strikeout,Undefined,Undefined,0,0,NA,83.66499,0.004011,-3.427759,2090.321012,219.876283,01:15:00,5.89128,1.63493,5.62982,-22.74757,18.303,14.02237,3.9994,-0.39877,75.13831,-4.313479,-0.929674,0.461138,NA,NA,NA,NA,NA,NA,NA,NA,NA,NA,NA,-8.11926,9.67075,-1.35149,50,5.87739,6.64964,-121.0581,-0.65866,-11.86136,27.0622,-18.04612,CAR_EAG,LEN_BEA,CarsonNewman,D2,Team,20260220-CarsonNewman-1,7dfed6e0-0ea2-11f1-8304-27cb6f288688,81.73786,NA,NA,8.52669,NA,NA,NA,NA,NA,NA,46df0e37-f40e-476d-8c8d-a76c06d1b556,2026-02-20,21:24:05,2026-02-20T21:24:05Z,2026-02-20T21:24:05Z,NA,v3,CNE,NA,NA,"Hammond, Kevin",10120878,Right,CAR_EAG,afb59999-5f84-4b19-9238-9cd49032100f,54.86603,-122.14105,13.5311,5.88929,0.06349,-9.02306,-1.62709,7.12429,-5.93068,NA,NA,NA,NA,NA,NA,NA,NA,NA,NA,NA,NA,NA,NA,NA,NA,NA,NA,NA,NA,NA,NA,NA,NA,NA,NA,NA,NA,NA,NA,NA,NA,NA,NA,NA,NA,NA,NA,NA,NA,NA,NA,NA,NA,NA,NA,NA,NA,NA,NA,High,High,High,NA,NA,NA,NA,NA,213.272218,22.280679,1934.252676,0.925338,01:00:00,-0.424758,-0.50763,-0.749595,-25.488095,36.977701,0.884884,-0.082777,173.942219,-0.991003,-6.036914,0.991003,-0.105169,0.082777,4.774761,-4.748221,0.105169,-0.105169,-173.942219,4.748221,0.082777,6.036914,-4.774761,-0.082777,0.105169,0.991003,-0.991003,NA,NA,NA,NA,NA,NA,NA,NA,NA,NA,NA,NA
NA,NA,NA,NA,NA,NA,NA,NA,NA,NA,NA,NA,NA,NA,NA,NA,285,2026-02-20,16:26:13,1,1,"Burnley, Michael",10109139,Right,LEN_BEA,"Greene, Maddox",10122259,Right,CAR_EAG,Undefined,7,Bottom,0,0,0,Fastball,Four-Seam,InPlay,Undefined,GroundBall,Double,0,0,NA,88.32865,-1.529488,-0.64679,2208.110361,200.692066,12:45:00,6.02623,0.78037,6.22125,-17.87863,17.69627,6.23052,3.12455,0.70272,80.26677,-4.953989,0.47859,0.429283,86.60258,-10.223302,-43.829978,NA,NA,NA,NA,22.42057,22.42057,-41.171473,0.158263,-3.44933,10.01249,-0.7351,50,5.90284,1.20308,-128.28842,-3.91488,-5.70249,28.51992,-15.6212,CAR_EAG,LEN_BEA,CarsonNewman,D2,Team,20260220-CarsonNewman-1,ca8f0f20-0ea2-11f1-8304-27cb6f288688,87.80332,3.57848,NA,8.06188,NA,NA,NA,2.56288,3.57848,-1.01874,46df0e37-f40e-476d-8c8d-a76c06d1b556,2026-02-20,21:26:13,2026-02-20T21:26:13Z,2026-02-20T21:26:13Z,GroundBall,v3,CNE,NA,NA,"Christmas, Seth",1000191967,Right,LEN_BEA,edbf8245-b931-495c-bdc1-caf83b2df372,54.27953,-129.2363,14.25996,6.02433,-3.3957,-7.8106,-0.77823,1.39261,-2.85125,180,2.55602,90.44435,NA,NA,NA,NA,NA,NA,NA,3.5802,-22.61094,NA,NA,NA,NA,NA,NA,NA,-1.01215,-86.8239,NA,NA,NA,NA,NA,NA,NA,NA,NA,NA,NA,NA,NA,NA,NA,NA,NA,NA,NA,NA,NA,NA,NA,NA,NA,NA,NA,NA,NA,High,High,High,Low,Low,NA,NA,NA,188.486669,26.358156,1978.546917,0.896036,12:15:00,-0.450269,-0.14404,-0.881198,-38.361808,-31.092219,-83.304328,-0.133238,157.598789,-0.916295,-22.190802,0.916295,-0.37769200000000003,0.133238,8.273367,-7.656745,0.37769200000000003,-0.37769200000000003,-157.598789,7.656745,0.133238,22.190802,-8.273367,-0.133238,0.37769200000000003,0.916295,-0.916295,NA,NA,NA,NA,NA,NA,NA,NA,NA,NA,NA,NA
NA,NA,NA,NA,NA,NA,NA,NA,NA,NA,NA,NA,NA,NA,NA,NA,286,2026-02-20,16:27:00,2,1,"Burnley, Michael",10109139,Right,LEN_BEA,"Smith, Braxton",1000370200,Right,CAR_EAG,Undefined,7,Bottom,0,0,0,ChangeUp,Changeup,BallCalled,Undefined,Undefined,Undefined,0,0,NA,84.36397,-4.496753,-2.032139,1233.508451,262.768117,02:45:00,6.09587,0.77648,5.98013,-35.66754,3.76851,19.67048,-1.05603,0.53115,77.83475,-11.005025,1.516636,0.451979,NA,NA,NA,NA,NA,NA,NA,NA,NA,NA,NA,-10.95953,3.51319,-0.62754,50,5.71926,3.6162,-122.22264,-10.762,-16.50116,25.13316,-26.88442,CAR_EAG,LEN_BEA,CarsonNewman,D2,Team,20260220-CarsonNewman-1,e6948560-0ea2-11f1-8304-27cb6f288688,83.39426,NA,NA,6.52922,NA,NA,NA,NA,NA,NA,46df0e37-f40e-476d-8c8d-a76c06d1b556,2026-02-20,21:27:00,2026-02-20T21:27:00Z,2026-02-20T21:27:00Z,NA,v3,CNE,NA,NA,"Christmas, Seth",1000191967,Right,LEN_BEA,b4001d75-3133-40ae-93b0-7a761cbbc12c,54.52497,-123.14961,12.56658,6.0979,-9.77044,-13.44221,-0.77214,4.2248,-8.25058,NA,NA,NA,NA,NA,NA,NA,NA,NA,NA,NA,NA,NA,NA,NA,NA,NA,NA,NA,NA,NA,NA,NA,NA,NA,NA,NA,NA,NA,NA,NA,NA,NA,NA,NA,NA,NA,NA,NA,NA,NA,NA,NA,NA,NA,NA,NA,NA,NA,NA,High,High,High,NA,NA,NA,NA,NA,219.464769,12.238581,1205.474965,0.977273,01:15:00,-0.189281,-0.635866,-0.748229,82.564597,28.563158,73.164883,0.966591,118.699711,-0.123092,12.993195,0.123092,-0.224835,-0.966591,82.742626,75.147874,0.224835,0.224835,-118.699711,-75.147874,0.966591,-12.993195,-82.742626,-0.966591,-0.224835,0.123092,-0.123092,NA,NA,NA,NA,NA,NA,NA,NA,NA,NA,NA,NA
NA,NA,NA,NA,NA,NA,NA,NA,NA,NA,NA,NA,NA,NA,NA,NA,287,2026-02-20,16:27:32,2,2,"Burnley, Michael",10109139,Right,LEN_BEA,"Smith, Braxton",1000370200,Right,CAR_EAG,Undefined,7,Bottom,0,1,0,Fastball,Four-Seam,InPlay,Undefined,GroundBall,Out,1,1,NA,89.04505,-1.614471,-2.040747,2208.803672,194.675512,12:30:00,5.96171,0.58293,6.43207,-15.84576,19.3647,4.7224,3.15604,-0.89997,79.85904,-4.710521,-1.18529,0.427078,67.7088,-1.455085,-3.381583,1490.031559,NA,NA,NA,33.83851,33.22984,-2.010835,0.337702,-3.1600799999999998,11.04241,-0.43966,50,5.83944,4.41241,-129.11414,-4.01747,-5.22154,32.18467,-13.92813,CAR_EAG,LEN_BEA,CarsonNewman,D2,Team,20260220-CarsonNewman-1,f98a5780-0ea2-11f1-8304-27cb6f288688,88.25656,3.1475,NA,9.18601,NA,NA,NA,1.28127,3.1475,0.90296,46df0e37-f40e-476d-8c8d-a76c06d1b556,2026-02-20,21:27:32,2026-02-20T21:27:32Z,2026-02-20T21:27:32Z,GroundBall,v3,CNE,NA,NA,"Christmas, Seth",1000191967,Right,LEN_BEA,d462beba-6362-4f05-8a28-9ed743f4cccc,54.0659,-130.12371,16.09233,5.95861,-3.58057,-6.96406,-0.58063,4.5762,-2.61077,17.92524,1.28152,99.09114,-8.13163,NA,NA,NA,NA,NA,NA,3.15006,-2.62193,-19.88181,NA,NA,NA,NA,NA,NA,0.90332,-5.86983,-0.95361,NA,NA,NA,NA,NA,NA,NA,NA,NA,NA,NA,NA,NA,NA,NA,NA,NA,NA,NA,NA,NA,NA,NA,NA,NA,NA,NA,NA,High,High,High,High,High,NA,NA,NA,189.796845,28.503029,1941.078744,0.878792,12:15:00,-0.503341,-0.162917,-0.848591,39.574339,33.448106,86.108624,-0.14212,162.145563,-0.942177,-17.667199,0.942177,-0.303488,0.14212,8.57795,-8.170539,0.303488,-0.303488,-162.145563,8.170539,0.14212,17.667199,-8.57795,-0.14212,0.303488,0.942177,-0.942177,NA,NA,NA,NA,NA,NA,NA,NA,NA,NA,NA,NA
NA,NA,NA,NA,NA,NA,NA,NA,NA,NA,NA,NA,NA,NA,NA,NA,288,2026-02-20,16:28:08,3,1,"Burnley, Michael",10109139,Right,LEN_BEA,"Floyd, Logan",1000148156,Right,CAR_EAG,Undefined,7,Bottom,1,0,0,ChangeUp,Splitter,BallCalled,Undefined,Undefined,Undefined,0,0,NA,84.29882,-3.45073,-2.220754,1069.707182,267.21247,03:00:00,5.8993,0.7118,6.25913,-37.34569,1.98469,12.72048,-0.40103,-0.27697,77.03191,-10.339389,0.084681,0.451373,NA,NA,NA,NA,NA,NA,NA,NA,NA,NA,NA,-7.40386,2.45307,-0.55338,50,5.62446,4.27319,-122.18749,-8.53196,-11.04196,27.11037,-28.5156,CAR_EAG,LEN_BEA,CarsonNewman,D2,Team,20260220-CarsonNewman-1,0eebab60-0ea3-11f1-8304-27cb6f288688,83.5062,NA,NA,7.26692,NA,NA,NA,NA,NA,NA,46df0e37-f40e-476d-8c8d-a76c06d1b556,2026-02-20,21:28:08,2026-02-20T21:28:08Z,2026-02-20T21:28:08Z,NA,v3,CNE,NA,NA,"Christmas, Seth",1000191967,Right,LEN_BEA,c8c036cf-9532-4582-9f7d-c2eb91e7fd7b,54.24351,-123.12542,13.55518,5.90257,-7.54541,-14.2578,-0.70782,4.6552,-5.52098,NA,NA,NA,NA,NA,NA,NA,NA,NA,NA,NA,NA,NA,NA,NA,NA,NA,NA,NA,NA,NA,NA,NA,NA,NA,NA,NA,NA,NA,NA,NA,NA,NA,NA,NA,NA,NA,NA,NA,NA,NA,NA,NA,NA,NA,NA,NA,NA,NA,NA,High,High,High,NA,NA,NA,NA,NA,222.373708,17.092128,1022.461857,0.955833,01:30:00,-0.281773,-0.660719,-0.69574,84.290263,24.02489,64.66601,0.925748,99.824727,-0.064524,21.87577,0.064524,-0.372595,-0.925748,86.012971,67.781417,0.372595,0.372595,-99.824727,-67.781417,0.925748,-21.87577,-86.012971,-0.925748,-0.372595,0.064524,-0.064524,NA,NA,NA,NA,NA,NA,NA,NA,NA,NA,NA,NA
NA,NA,NA,NA,NA,NA,NA,NA,NA,NA,NA,NA,NA,NA,NA,NA,289,2026-02-20,16:28:35,3,2,"Burnley, Michael",10109139,Right,LEN_BEA,"Floyd, Logan",1000148156,Right,CAR_EAG,Undefined,7,Bottom,1,1,0,Slider,Slider,BallCalled,Undefined,Undefined,Undefined,0,0,NA,78.99652,-0.712434,-0.759431,2260.442689,105.930286,09:30:00,6.30501,0.70281,5.69733,-40.54884,6.43989,-15.34473,2.26192,-1.28368,69.87506,-8.26797,-3.506617,0.493365,NA,NA,NA,NA,NA,NA,NA,NA,NA,NA,NA,7.34367,4.21504,-0.62999,50,6.22111,2.14588,-114.18355,-2.70892,9.28549,29.28757,-26.84447,CAR_EAG,LEN_BEA,CarsonNewman,D2,Team,20260220-CarsonNewman-1,1ed6ae80-0ea3-11f1-8304-27cb6f288688,76.39871,NA,NA,9.12146,NA,NA,NA,NA,NA,NA,46df0e37-f40e-476d-8c8d-a76c06d1b556,2026-02-20,21:28:35,2026-02-20T21:28:35Z,2026-02-20T21:28:35Z,NA,v3,CNE,NA,NA,"Christmas, Seth",1000191967,Right,LEN_BEA,36d4b7b7-08c2-48b0-a18d-5d6b17dc5968,54.79433,-115.40673,14.64378,6.31084,-1.58778,-13.42223,-0.71151,1.75808,4.64274,NA,NA,NA,NA,NA,NA,NA,NA,NA,NA,NA,NA,NA,NA,NA,NA,NA,NA,NA,NA,NA,NA,NA,NA,NA,NA,NA,NA,NA,NA,NA,NA,NA,NA,NA,NA,NA,NA,NA,NA,NA,NA,NA,NA,NA,NA,NA,NA,NA,NA,High,High,High,NA,NA,NA,NA,NA,99.991356,62.191778,1054.527182,0.466514,09:15:00,-0.891153,0.448405,-0.069134,-34.363788,-1.20024,24.716384,-0.623059,120.263487,-0.394198,-42.499031,0.394198,-0.675578,0.623059,57.679178,-38.539853,0.675578,-0.675578,-120.263487,38.539853,0.623059,42.499031,-57.679178,-0.623059,0.675578,0.394198,-0.394198,NA,NA,NA,NA,NA,NA,NA,NA,NA,NA,NA,NA
NA,NA,NA,NA,NA,NA,NA,NA,NA,NA,NA,NA,NA,NA,NA,NA,290,2026-02-20,16:28:52,3,3,"Burnley, Michael",10109139,Right,LEN_BEA,"Floyd, Logan",1000148156,Right,CAR_EAG,Undefined,7,Bottom,1,2,0,Fastball,Four-Seam,InPlay,Undefined,LineDrive,Single,0,0,NA,88.64895,-1.429849,-0.747845,2149.408571,209.001696,01:00:00,6.25929,0.52615,6.34182,-16.69387,19.10686,9.81067,3.55133,0.65515,79.10607,-4.689572,1.028105,0.430643,99.8675,14.62729,-26.96108,1786.153118,95.32802,22.00846,-54.88651,260.09249,259.18156,-33.805181,2.283867,-5.38193,10.8576,-0.47619,50,6.14742,1.28333,-128.54201,-3.61809,-8.76124,33.3566,-14.49904,CAR_EAG,LEN_BEA,CarsonNewman,D2,Team,20260220-CarsonNewman-1,290e09c0-0ea3-11f1-8304-27cb6f288688,87.52596,22.7836,NA,9.54288,NA,NA,NA,1.95599,3.6649,-0.57523,46df0e37-f40e-476d-8c8d-a76c06d1b556,2026-02-20,21:28:52,2026-02-20T21:28:52Z,2026-02-20T21:28:52Z,LineDrive,v3,CNE,NA,NA,"Christmas, Seth",1000191967,Right,LEN_BEA,7d2f7db6-c77c-409c-bf52-30fe3cd488e4,54.15592,-129.61598,16.6783,6.2564,-3.15127,-7.24952,-0.52205,1.56541,-4.38062,105.695888,1.95605,126.31996,-22.55571,5.55246,-1.45615,0.5919,-0.2524,0.06439,-0.00681,3.66484,36.99007,-18.95902,1.07179,0.10293,-0.27563,0.16624,-0.04658,0.00515,-0.57518,-64.25736,-0.79161,1.21497,-0.64177,0.37898,-0.1777,0.04668,-0.00503,NA,NA,NA,NA,NA,NA,NA,NA,NA,NA,NA,NA,NA,NA,NA,NA,NA,NA,NA,NA,NA,NA,High,High,High,High,High,NA,NA,NA,187.929127,30.330022,1855.221324,0.863131,12:15:00,-0.512967,-0.131631,-0.848256,-45.83887,-33.199521,-86.780436,-0.187381,157.331095,-0.906403,-22.245676,0.906403,-0.378579,0.187381,11.680222,-10.799969,0.378579,-0.378579,-157.331095,10.799969,0.187381,22.245676,-11.680222,-0.187381,0.378579,0.906403,-0.906403,NA,NA,NA,NA,NA,NA,NA,NA,NA,NA,NA,NA
NA,NA,NA,NA,NA,NA,NA,NA,NA,NA,NA,NA,NA,NA,NA,NA,291,2026-02-20,16:29:31,4,1,"Burnley, Michael",10109139,Right,LEN_BEA,"Nathan, Cole",1000323259,Right,CAR_EAG,Undefined,7,Bottom,1,0,0,Slider,Slider,StrikeCalled,Undefined,Undefined,Undefined,0,0,NA,78.95938,-0.339086,0.550818,2128.53557,113.959943,09:45:00,5.79397,0.58334,5.46793,-39.27069,7.01882,-11.96386,2.20404,0.10188,71.32907,-7.586148,-1.582296,0.489681,NA,NA,NA,NA,NA,NA,NA,NA,NA,NA,NA,6.15225,4.1798400000000004,-0.62362,50,5.7379,-0.61240000000000006,-114.41789,-1.96779,8.01236,24.57277,-26.73049,CAR_EAG,LEN_BEA,CarsonNewman,D2,Team,20260220-CarsonNewman-1,40b6dca0-0ea3-11f1-8304-27cb6f288688,76.97353,NA,NA,7.63031,NA,NA,NA,NA,NA,NA,46df0e37-f40e-476d-8c8d-a76c06d1b556,2026-02-20,21:29:31,2026-02-20T21:29:31Z,2026-02-20T21:29:31Z,NA,v3,CNE,NA,NA,"Christmas, Seth",1000191967,Right,LEN_BEA,17bbcac2-ec4c-4c96-8674-19aa0bc62b02,55.02893,-115.49287,12.28638,5.7984,-0.79842,-13.36524,-0.58916,-0.96292,4.00618,NA,NA,NA,NA,NA,NA,NA,NA,NA,NA,NA,NA,NA,NA,NA,NA,NA,NA,NA,NA,NA,NA,NA,NA,NA,NA,NA,NA,NA,NA,NA,NA,NA,NA,NA,NA,NA,NA,NA,NA,NA,NA,NA,NA,NA,NA,NA,NA,NA,NA,High,High,High,NA,NA,NA,NA,NA,103.361597,62.454534,984.346241,0.462452,09:30:00,-0.888223,0.444679,-0.115415,-15.805478,-40.288983,18.015974,-0.614118,133.685306,-0.545108,-34.800148,0.545108,-0.570716,0.614118,48.406877,-37.887871,0.570716,-0.570716,-133.685306,37.887871,0.614118,34.800148,-48.406877,-0.614118,0.570716,0.545108,-0.545108,NA,NA,NA,NA,NA,NA,NA,NA,NA,NA,NA,NA
NA,NA,NA,NA,NA,NA,NA,NA,NA,NA,NA,NA,NA,NA,NA,NA,292,2026-02-20,16:29:49,4,2,"Burnley, Michael",10109139,Right,LEN_BEA,"Nathan, Cole",1000323259,Right,CAR_EAG,Undefined,7,Bottom,1,0,1,Fastball,Four-Seam,FoulBallNotFieldable,Undefined,Undefined,Undefined,0,0,NA,87.03416,-0.550455,-0.428469,2264.268588,189.602025,12:15:00,5.81434,0.51842,6.29655,-13.92891,23.02537,3.66264,4.14635,0.42882,78.02942,-3.310114,0.233802,0.437526,NA,NA,NA,NA,NA,NA,NA,NA,NA,NA,NA,-2.05099,12.55146,-0.48863,50,5.76711,0.79974,-126.29715,-1.50665,-3.24529,30.6066,-12.31374,CAR_EAG,LEN_BEA,CarsonNewman,D2,Team,20260220-CarsonNewman-1,4b196690-0ea3-11f1-8304-27cb6f288688,86.14906,NA,NA,9.00474,NA,NA,NA,NA,NA,NA,46df0e37-f40e-476d-8c8d-a76c06d1b556,2026-02-20,21:29:49,2026-02-20T21:29:49Z,2026-02-20T21:29:49Z,NA,v3,CNE,NA,NA,"Christmas, Seth",1000191967,Right,LEN_BEA,a3d15e23-97d0-4977-8929-18a937539798,54.20161,-127.31128,15.3033,5.81027,-1.09864,-6.15687,-0.51691,0.90727,-1.62264,NA,NA,NA,NA,NA,NA,NA,NA,NA,NA,NA,NA,NA,NA,NA,NA,NA,NA,NA,NA,NA,NA,NA,NA,NA,NA,NA,NA,NA,NA,NA,NA,NA,NA,NA,NA,NA,NA,NA,NA,NA,NA,NA,NA,NA,NA,NA,NA,NA,NA,High,High,High,NA,NA,NA,NA,NA,192.692504,21.613576,2105.066133,0.929689,12:30:00,-0.373138,-0.207799,-0.904206,33.303324,38.465028,75.610177,-0.230288,160.028855,-0.914604,-19.412503,0.914604,-0.332367,0.230288,14.132718,-13.314019,0.332367,-0.332367,-160.028855,13.314019,0.230288,19.412503,-14.132718,-0.230288,0.332367,0.914604,-0.914604,NA,NA,NA,NA,NA,NA,NA,NA,NA,NA,NA,NA
NA,NA,NA,NA,NA,NA,NA,NA,NA,NA,NA,NA,NA,NA,NA,NA,293,2026-02-20,16:30:14,4,3,"Burnley, Michael",10109139,Right,LEN_BEA,"Nathan, Cole",1000323259,Right,CAR_EAG,Undefined,7,Bottom,1,0,2,Slider,Slider,BallCalled,Undefined,Undefined,Undefined,0,0,NA,77.98566,-1.236507,-0.075514,2402.381408,96.132049,09:15:00,5.87604,0.43737,5.64139,-43.75235,4.24296,-20.86619,1.07631,-1.37192,69.6223,-9.32023,-3.811442,0.498621,NA,NA,NA,NA,NA,NA,NA,NA,NA,NA,NA,10.44398,3.25335,-0.41788,50,5.74402,0.98093,-112.84053,-3.83529,12.97385,27.51491,-28.13261,CAR_EAG,LEN_BEA,CarsonNewman,D2,Team,20260220-CarsonNewman-1,59e2f420-0ea3-11f1-8304-27cb6f288688,75.59331,NA,NA,8.36336,NA,NA,NA,NA,NA,NA,46df0e37-f40e-476d-8c8d-a76c06d1b556,2026-02-20,21:30:14,2026-02-20T21:30:14Z,2026-02-20T21:30:14Z,NA,v3,CNE,NA,NA,"Christmas, Seth",1000191967,Right,LEN_BEA,e53f7e41-c0d4-4bbe-a9f7-3766031e770e,54.85444,-114.01808,13.75746,5.8824,-2.63129,-14.06631,-0.44798,0.42569,6.48693,NA,NA,NA,NA,NA,NA,NA,NA,NA,NA,NA,NA,NA,NA,NA,NA,NA,NA,NA,NA,NA,NA,NA,NA,NA,NA,NA,NA,NA,NA,NA,NA,NA,NA,NA,NA,NA,NA,NA,NA,NA,NA,NA,NA,NA,NA,NA,NA,NA,NA,High,High,High,NA,NA,NA,NA,NA,94.691635,64.458649,1035.816515,0.431162,09:15:00,-0.911383,0.410147,-0.034065,-30.098227,-3.089803,22.331557,-0.687953,120.312182,-0.366297,-38.794999,0.366297,-0.626536,0.687953,61.967192,-43.468308,0.626536,-0.626536,-120.312182,43.468308,0.687953,38.794999,-61.967192,-0.687953,0.626536,0.366297,-0.366297,NA,NA,NA,NA,NA,NA,NA,NA,NA,NA,NA,NA
NA,NA,NA,NA,NA,NA,NA,NA,NA,NA,NA,NA,NA,NA,NA,NA,294,2026-02-20,16:30:33,4,4,"Burnley, Michael",10109139,Right,LEN_BEA,"Nathan, Cole",1000323259,Right,CAR_EAG,Undefined,7,Bottom,1,1,2,Fastball,Four-Seam,FoulBallNotFieldable,Undefined,Undefined,Undefined,0,0,NA,88.87621,-1.597245,-1.396004,2317.85239,198.609913,12:30:00,5.87132,0.51845,6.4608,-16.83052,18.33237,5.73815,3.00074,-0.28598,79.9997,-4.86547,-0.355255,0.42679,NA,NA,NA,NA,NA,NA,NA,NA,NA,NA,NA,-3.46937,10.49512,-0.42222,50,5.7508,2.91807,-128.97162,-4.01421,-5.73897,31.3031,-14.81328,CAR_EAG,LEN_BEA,CarsonNewman,D2,Team,20260220-CarsonNewman-1,658ddc90-0ea3-11f1-8304-27cb6f288688,88.31622,NA,NA,8.8765,NA,NA,NA,NA,NA,NA,46df0e37-f40e-476d-8c8d-a76c06d1b556,2026-02-20,21:30:33,2026-02-20T21:30:33Z,2026-02-20T21:30:33Z,NA,v3,CNE,NA,NA,"Christmas, Seth",1000191967,Right,LEN_BEA,29155ccd-bdb0-4c4a-9e32-0f45e2c4c852,54.03813,-129.94803,15.65155,5.86881,-3.55215,-7.40664,-0.51604,3.09708,-2.86948,NA,NA,NA,NA,NA,NA,NA,NA,NA,NA,NA,NA,NA,NA,NA,NA,NA,NA,NA,NA,NA,NA,NA,NA,NA,NA,NA,NA,NA,NA,NA,NA,NA,NA,NA,NA,NA,NA,NA,NA,NA,NA,NA,NA,NA,NA,NA,NA,NA,NA,High,High,High,NA,NA,NA,NA,NA,194.217129,23.069527,2132.493817,0.92003,12:30:00,-0.407011,-0.236791,-0.882197,35.824278,43.398014,78.733824,-0.214093,157.122543,-0.899976,-22.318036,0.899976,-0.379747,0.214093,13.38124,-12.362325,0.379747,-0.379747,-157.122543,12.362325,0.214093,22.318036,-13.38124,-0.214093,0.379747,0.899976,-0.899976,NA,NA,NA,NA,NA,NA,NA,NA,NA,NA,NA,NA
NA,NA,NA,NA,NA,NA,NA,NA,NA,NA,NA,NA,NA,NA,NA,NA,295,2026-02-20,16:30:59,4,5,"Burnley, Michael",10109139,Right,LEN_BEA,"Nathan, Cole",1000323259,Right,CAR_EAG,Undefined,7,Bottom,1,1,2,ChangeUp,Changeup,BallCalled,Undefined,Undefined,Undefined,0,0,NA,85.57478,-4.071946,-2.724659,1311.107459,227.070829,01:30:00,5.67515,0.55329,6.0798,-26.39757,11.64658,11.21485,-0.3028,-1.03501,78.78334,-8.964031,-0.703926,0.443931,NA,NA,NA,NA,NA,NA,NA,NA,NA,NA,NA,-6.61122,7.50244,-0.34869,50,5.34538,5.47547,-123.98142,-9.64763,-10.29457,24.69464,-20.49176,CAR_EAG,LEN_BEA,CarsonNewman,D2,Team,20260220-CarsonNewman-1,7504e830-0ea3-11f1-8304-27cb6f288688,84.9061,NA,NA,6.79144,NA,NA,NA,NA,NA,NA,46df0e37-f40e-476d-8c8d-a76c06d1b556,2026-02-20,21:30:59,2026-02-20T21:30:59Z,2026-02-20T21:30:59Z,NA,v3,CNE,NA,NA,"Christmas, Seth",1000191967,Right,LEN_BEA,a8dc2d6e-2a18-459e-9b51-3e7063e9e913,54.42293,-124.85928,12.34732,5.67539,-8.91918,-10.24588,-0.54984,5.84142,-5.14729,NA,NA,NA,NA,NA,NA,NA,NA,NA,NA,NA,NA,NA,NA,NA,NA,NA,NA,NA,NA,NA,NA,NA,NA,NA,NA,NA,NA,NA,NA,NA,NA,NA,NA,NA,NA,NA,NA,NA,NA,NA,NA,NA,NA,NA,NA,NA,NA,NA,NA,High,High,High,NA,NA,NA,NA,NA,215.244269,15.970058,1260.506068,0.961406,01:15:00,-0.272104,-0.572929,-0.773118,93.268022,26.02069,67.364788,0.230095,91.455601,-0.024721,76.619356,0.024721,-0.972854,-0.230095,83.867839,13.302672,0.972854,0.972854,-91.455601,-13.302672,0.230095,-76.619356,-83.867839,-0.230095,-0.972854,0.024721,-0.024721,NA,NA,NA,NA,NA,NA,NA,NA,NA,NA,NA,NA
NA,NA,NA,NA,NA,NA,NA,NA,NA,NA,NA,NA,NA,NA,NA,NA,296,2026-02-20,16:31:26,4,6,"Burnley, Michael",10109139,Right,LEN_BEA,"Nathan, Cole",1000323259,Right,CAR_EAG,Undefined,7,Bottom,1,2,2,Slider,Slider,FoulBallNotFieldable,Undefined,Undefined,Undefined,0,0,NA,77.56953,1.29309,0.265536,2441.869768,82.840464,08:45:00,5.90077,0.44573,5.43997,-47.52388,-0.23484,-13.75119,3.15153,-0.45155,71.0976,-7.391182,-2.184099,0.494939,NA,NA,NA,NA,NA,NA,NA,NA,NA,NA,NA,7.0289,-0.07551,-0.45928,50,5.98215,0.00676,-112.63245,0.96325,9.00402,20.99165,-32.27078,CAR_EAG,LEN_BEA,CarsonNewman,D2,Team,20260220-CarsonNewman-1,84db2ad0-0ea3-11f1-8304-27cb6f288688,76.15574,NA,NA,6.47194,NA,NA,NA,NA,NA,NA,46df0e37-f40e-476d-8c8d-a76c06d1b556,2026-02-20,21:31:26,2026-02-20T21:31:26Z,2026-02-20T21:31:26Z,NA,v3,CNE,NA,NA,"Christmas, Seth",1000191967,Right,LEN_BEA,8d269de5-1d93-4f29-af54-e6233916624b,55.06266,-113.57207,10.49582,5.90671,2.40775,-16.13539,-0.45056,-0.39628,4.50201,NA,NA,NA,NA,NA,NA,NA,NA,NA,NA,NA,NA,NA,NA,NA,NA,NA,NA,NA,NA,NA,NA,NA,NA,NA,NA,NA,NA,NA,NA,NA,NA,NA,NA,NA,NA,NA,NA,NA,NA,NA,NA,NA,NA,NA,NA,NA,NA,NA,NA,High,High,High,NA,NA,NA,NA,NA,76.971816,62.108983,1142.285303,0.467791,08:30:00,-0.873808,0.475579,0.101406,-19.517224,-23.500237,28.021703,-0.462305,130.096949,-0.571122,-42.711122,0.571122,-0.678302,0.462305,38.989062,-27.535936,0.678302,-0.678302,-130.096949,27.535936,0.462305,42.711122,-38.989062,-0.462305,0.678302,0.571122,-0.571122,NA,NA,NA,NA,NA,NA,NA,NA,NA,NA,NA,NA
NA,NA,NA,NA,NA,NA,NA,NA,NA,NA,NA,NA,NA,NA,NA,NA,297,2026-02-20,16:31:51,4,7,"Burnley, Michael",10109139,Right,LEN_BEA,"Nathan, Cole",1000323259,Right,CAR_EAG,Undefined,7,Bottom,1,2,2,Slider,Slider,FoulBallNotFieldable,Undefined,Undefined,Undefined,0,0,NA,78.78904,-0.495596,-0.026629,2369.083848,85.064811,08:45:00,5.88507,0.45214,5.51177,-47.25152,-0.09843,-23.44966,1.48398,-1.5269,70.43891,-9.180026,-4.214805,0.494227,NA,NA,NA,NA,NA,NA,NA,NA,NA,NA,NA,11.8528,0.65862,-0.43349,50,5.81054,0.98301,-114.07446,-2.55583,15.05611,28.01575,-31.33744,CAR_EAG,LEN_BEA,CarsonNewman,D2,Team,20260220-CarsonNewman-1,93c511a0-0ea3-11f1-8304-27cb6f288688,76.26543,NA,NA,8.35013,NA,NA,NA,NA,NA,NA,46df0e37-f40e-476d-8c8d-a76c06d1b556,2026-02-20,21:31:51,2026-02-20T21:31:51Z,2026-02-20T21:31:51Z,NA,v3,CNE,NA,NA,"Christmas, Seth",1000191967,Right,LEN_BEA,2f178a99-3461-4811-ac37-870b64716dc2,54.98762,-115.29287,14.00787,5.89206,-1.19296,-15.66872,-0.462,0.32822,7.52805,NA,NA,NA,NA,NA,NA,NA,NA,NA,NA,NA,NA,NA,NA,NA,NA,NA,NA,NA,NA,NA,NA,NA,NA,NA,NA,NA,NA,NA,NA,NA,NA,NA,NA,NA,NA,NA,NA,NA,NA,NA,NA,NA,NA,NA,NA,NA,NA,NA,NA,High,High,High,NA,NA,NA,NA,NA,88.415486,61.890572,1116.210493,0.471157,09:00:00,-0.886084,0.46333,0.01344,-11.709474,-21.415443,19.460322,-0.628947,121.355057,-0.404538,-41.598711,0.404538,-0.663909,0.628947,57.25093,-38.97244,0.663909,-0.663909,-121.355057,38.97244,0.628947,41.598711,-57.25093,-0.628947,0.663909,0.404538,-0.404538,NA,NA,NA,NA,NA,NA,NA,NA,NA,NA,NA,NA
NA,NA,NA,NA,NA,NA,NA,NA,NA,NA,NA,NA,NA,NA,NA,NA,298,2026-02-20,16:32:18,4,8,"Burnley, Michael",10109139,Right,LEN_BEA,"Nathan, Cole",1000323259,Right,CAR_EAG,Undefined,7,Bottom,1,2,2,Fastball,Four-Seam,BallCalled,Undefined,Undefined,Undefined,0,0,NA,90.43281,-2.141602,-2.462991,2317.313229,181.4663,12:00:00,6.09549,0.2726,6.35853,-10.03591,24.67678,0.59441,3.28534,-1.94613,80.04423,-4.206577,-2.355578,0.424049,NA,NA,NA,NA,NA,NA,NA,NA,NA,NA,NA,-1.22551,13.91686,-0.09431,50,5.9346,5.60018,-130.79956,-5.00784,-2.0541,35.93875,-8.84801,CAR_EAG,LEN_BEA,CarsonNewman,D2,Team,20260220-CarsonNewman-1,a3ca2c70-0ea3-11f1-8304-27cb6f288688,88.88708,NA,NA,10.38858,NA,NA,NA,NA,NA,NA,46df0e37-f40e-476d-8c8d-a76c06d1b556,2026-02-20,21:32:18,2026-02-20T21:32:18Z,2026-02-20T21:32:18Z,NA,v3,CNE,NA,NA,"Christmas, Seth",1000191967,Right,LEN_BEA,c45c3423-ac90-4631-a9aa-77ef626681e7,54.13349,-131.9304,17.96938,6.0878,-4.72943,-4.424,-0.27155,5.66482,-1.02705,NA,NA,NA,NA,NA,NA,NA,NA,NA,NA,NA,NA,NA,NA,NA,NA,NA,NA,NA,NA,NA,NA,NA,NA,NA,NA,NA,NA,70.84225,1.594796,0.669747,0.925049,-2.13719,3.01766,2.0921,-4.98801,5.13891,4.44837,65.04496,1.09963,59.73571,-4.9621,81.93443,-6.83123,5.14947,7.68554,-13.07205,4.45903,62.69943,-3.21127,High,High,High,NA,NA,High,High,High,192.267946,25.590237,2089.999031,0.901906,12:30:00,-0.46195,-0.207648,-0.862255,35.124749,35.289721,70.985783,-0.218576,167.277504,-0.951862,-12.409897,0.951862,-0.214904,0.218576,12.932641,-12.625422,0.214904,-0.214904,-167.277504,12.625422,0.218576,12.409897,-12.932641,-0.218576,0.214904,0.951862,-0.951862,NA,NA,NA,NA,NA,NA,NA,NA,NA,NA,NA,NA
NA,NA,NA,NA,NA,NA,NA,NA,NA,NA,NA,NA,NA,NA,NA,NA,299,2026-02-20,16:32:42,4,9,"Burnley, Michael",10109139,Right,LEN_BEA,"Nathan, Cole",1000323259,Right,CAR_EAG,Undefined,7,Bottom,1,3,2,Fastball,Four-Seam,FoulBallNotFieldable,Undefined,Undefined,Undefined,0,0,NA,90.57195,-3.061365,-0.839191,2283.89011,191.553153,12:30:00,6.07954,0.38894,6.45065,-12.58843,20.84844,4.03851,2.21485,-0.04559,82.71718,-5.515254,-0.106741,0.416183,NA,NA,NA,NA,NA,NA,NA,NA,NA,NA,NA,-2.36543,12.14068,-0.33126,50,5.85665,1.76928,-131.51468,-7.3228,-4.13196,28.57698,-10.96674,CAR_EAG,LEN_BEA,CarsonNewman,D2,Team,20260220-CarsonNewman-1,b2722840-0ea3-11f1-8304-27cb6f288688,90.56701,NA,NA,7.85477,NA,NA,NA,NA,NA,NA,46df0e37-f40e-476d-8c8d-a76c06d1b556,2026-02-20,21:32:42,2026-02-20T21:32:42Z,2026-02-20T21:32:42Z,NA,v3,CNE,NA,NA,"Christmas, Seth",1000191967,Right,LEN_BEA,214f23dd-270d-4fc9-8dde-d7a5bd409a84,54.05072,-132.39194,14.28849,6.07628,-6.98614,-5.48337,-0.38752,1.89612,-2.06598,NA,NA,NA,NA,NA,NA,NA,NA,NA,NA,NA,NA,NA,NA,NA,NA,NA,NA,NA,NA,NA,NA,NA,NA,NA,NA,NA,NA,NA,NA,NA,NA,NA,NA,NA,NA,NA,NA,NA,NA,NA,NA,NA,NA,NA,NA,NA,NA,NA,NA,High,High,High,NA,NA,NA,NA,NA,187.33442,25.962194,2053.407015,0.899083,12:15:00,-0.444038,-0.137993,-0.885318,45.948129,45.891932,84.624505,-0.23683,148.270225,-0.826341,-30.727267,0.826341,-0.510952,0.23683,15.992337,-13.699513,0.510952,-0.510952,-148.270225,13.699513,0.23683,30.727267,-15.992337,-0.23683,0.510952,0.826341,-0.826341,NA,NA,NA,NA,NA,NA,NA,NA,NA,NA,NA,NA
NA,NA,NA,NA,NA,NA,NA,NA,NA,NA,NA,NA,NA,NA,NA,NA,300,2026-02-20,16:33:05,4,10,"Burnley, Michael",10109139,Right,LEN_BEA,"Nathan, Cole",1000323259,Right,CAR_EAG,Undefined,7,Bottom,1,3,2,Slider,Slider,BallCalled,Walk,Undefined,Undefined,0,0,NA,78.59306,1.357244,1.646764,2418.958234,97.428277,09:15:00,5.95191,0.32092,5.45028,-42.89861,3.45508,-14.50383,3.64847,0.65443,71.4431,-6.528086,-0.935402,0.49002,NA,NA,NA,NA,NA,NA,NA,NA,NA,NA,NA,7.73886,1.83626,-0.45627,50,6.04264,-2.69114,-113.96031,1.26601,10.09709,22.47955,-29.77823,CAR_EAG,LEN_BEA,CarsonNewman,D2,Team,20260220-CarsonNewman-1,c00d20e0-0ea3-11f1-8304-27cb6f288688,76.92025,NA,NA,7.14996,NA,NA,NA,NA,NA,NA,46df0e37-f40e-476d-8c8d-a76c06d1b556,2026-02-20,21:33:05,2026-02-20T21:33:05Z,2026-02-20T21:33:05Z,NA,v3,CNE,NA,NA,"Christmas, Seth",1000191967,Right,LEN_BEA,e2fe3713-41ee-450a-b05c-874a83061494,55.04922,-114.95199,11.23978,5.95782,2.57967,-14.88911,-0.32773,-3.13657,5.04855,NA,NA,NA,NA,NA,NA,NA,NA,NA,NA,NA,NA,NA,NA,NA,NA,NA,NA,NA,NA,NA,NA,NA,NA,NA,NA,NA,NA,NA,NA,NA,NA,NA,NA,NA,NA,NA,NA,NA,NA,NA,NA,NA,NA,NA,NA,NA,NA,NA,NA,High,High,High,NA,NA,NA,NA,NA,89.55248,63.436981,1081.714274,0.447182,09:00:00,-0.883336,0.468229,-0.021901,-28.840461,-16.718474,25.524752,-0.576673,129.452769,-0.51914,-39.111106,0.51914,-0.630826,0.576673,48.005401,-35.216874,0.630826,-0.630826,-129.452769,35.216874,0.576673,39.111106,-48.005401,-0.576673,0.630826,0.51914,-0.51914,NA,NA,NA,NA,NA,NA,NA,NA,NA,NA,NA,NA
NA,NA,NA,NA,NA,NA,NA,NA,NA,NA,NA,NA,NA,NA,NA,NA,301,2026-02-20,16:33:45,5,1,"Burnley, Michael",10109139,Right,LEN_BEA,"Soto Diaz, Bradley",1000475324,Right,CAR_EAG,Undefined,7,Bottom,1,0,0,Slider,Slider,StrikeSwinging,Undefined,Undefined,Undefined,0,0,NA,76.85323,0.785618,0.172803,2311.422354,99.243074,09:15:00,6.2517,0.74433,5.683,-45.14341,3.93091,-11.99867,3.22213,-0.09448,68.59146,-7.596446,-1.97454,0.504195,NA,NA,NA,NA,NA,NA,NA,NA,NA,NA,NA,6.06201,2.355,-0.75164,50,6.29058,0.1402,-111.24906,0.10068,7.36578,25.61715,-29.31256,CAR_EAG,LEN_BEA,CarsonNewman,D2,Team,20260220-CarsonNewman-1,d785e310-0ea3-11f1-8304-27cb6f288688,74.75765,NA,NA,8.26177,NA,NA,NA,NA,NA,NA,46df0e37-f40e-476d-8c8d-a76c06d1b556,2026-02-20,21:33:45,2026-02-20T21:33:45Z,2026-02-20T21:33:45Z,NA,v3,CNE,NA,NA,"Christmas, Seth",1000191967,Right,LEN_BEA,5c4be87e-6ef6-4252-8304-f3ea9b006f29,54.81153,-112.35154,12.80857,6.2591,1.3622,-14.65628,-0.75085,-0.1768,3.68289,NA,NA,NA,NA,NA,NA,NA,NA,NA,NA,NA,NA,NA,NA,NA,NA,NA,NA,NA,NA,NA,NA,NA,NA,NA,NA,NA,NA,NA,NA,NA,NA,NA,NA,NA,NA,NA,NA,NA,NA,NA,NA,NA,NA,NA,NA,NA,NA,NA,NA,High,High,High,NA,NA,NA,NA,NA,87.517487,59.214841,1183.033005,0.51182,09:00:00,-0.852064,0.523071,0.0196,-38.237024,0.303069,25.822087,-0.539245,129.39879,-0.534524,-40.599533,0.534524,-0.650768,0.539245,45.251917,-32.63226,0.650768,-0.650768,-129.39879,32.63226,0.539245,40.599533,-45.251917,-0.539245,0.650768,0.534524,-0.534524,NA,NA,NA,NA,NA,NA,NA,NA,NA,NA,NA,NA
NA,NA,NA,NA,NA,NA,NA,NA,NA,NA,NA,NA,NA,NA,NA,NA,302,2026-02-20,16:34:04,5,2,"Burnley, Michael",10109139,Right,LEN_BEA,"Soto Diaz, Bradley",1000475324,Right,CAR_EAG,Undefined,7,Bottom,1,0,1,Slider,Slider,BallCalled,Undefined,Undefined,Undefined,0,0,NA,79.25228,-2.913942,-1.007005,2364.59053,118.948085,10:00:00,6.1358,0.58139,5.91525,-33.64057,11.77134,-18.20359,0.6252,-1.87028,71.78476,-9.153761,-4.279187,0.485016,NA,NA,NA,NA,NA,NA,NA,NA,NA,NA,NA,8.9528,7.53489,-0.49053,50,5.88317,2.71072,-114.76713,-6.83762,11.68592,25.4669,-22.3389,CAR_EAG,LEN_BEA,CarsonNewman,D2,Team,20260220-CarsonNewman-1,e344c8b0-0ea3-11f1-8304-27cb6f288688,77.71375,NA,NA,7.46752,NA,NA,NA,NA,NA,NA,46df0e37-f40e-476d-8c8d-a76c06d1b556,2026-02-20,21:34:04,2026-02-20T21:34:04Z,2026-02-20T21:34:04Z,NA,v3,CNE,NA,NA,"Christmas, Seth",1000191967,Right,LEN_BEA,9af4aabc-ae2c-4bb9-8d6d-6974fc5b63c0,54.58272,-115.77957,12.73345,6.13735,-5.94954,-11.16945,-0.58906,2.24614,5.84296,NA,NA,NA,NA,NA,NA,NA,NA,NA,NA,NA,NA,NA,NA,NA,NA,NA,NA,NA,NA,NA,NA,NA,NA,NA,NA,NA,NA,NA,NA,NA,NA,NA,NA,NA,NA,NA,NA,NA,NA,NA,NA,NA,NA,NA,NA,NA,NA,NA,NA,High,High,High,NA,NA,NA,NA,NA,113.173289,64.506261,1017.74922,0.430412,09:45:00,-0.924415,0.349289,-0.15315,-50.69474,6.140314,31.49695,-0.586153,125.168774,-0.466665,-41.475955,0.466665,-0.662306,0.586153,51.474987,-35.884469,0.662306,-0.662306,-125.168774,35.884469,0.586153,41.475955,-51.474987,-0.586153,0.662306,0.466665,-0.466665,NA,NA,NA,NA,NA,NA,NA,NA,NA,NA,NA,NA
NA,NA,NA,NA,NA,NA,NA,NA,NA,NA,NA,NA,NA,NA,NA,NA,303,2026-02-20,16:34:25,5,3,"Burnley, Michael",10109139,Right,LEN_BEA,"Soto Diaz, Bradley",1000475324,Right,CAR_EAG,Undefined,7,Bottom,1,1,1,Slider,Slider,BallCalled,Undefined,Undefined,Undefined,0,0,NA,78.9262,1.483621,1.16745,2238.995442,101.851481,09:30:00,6.1522,0.56408,5.16803,-41.92219,5.53244,-17.24745,4.0556,0.2257,70.23032,-6.25553,-1.886948,0.495805,NA,NA,NA,NA,NA,NA,NA,NA,NA,NA,NA,8.87241,2.82228,-0.65958,50,6.25952,-1.58095,-114.0976,1.50957,11.35658,26.66638,-28.56157,CAR_EAG,LEN_BEA,CarsonNewman,D2,Team,20260220-CarsonNewman-1,efc24360-0ea3-11f1-8304-27cb6f288688,76.02274,NA,NA,8.69589,NA,NA,NA,NA,NA,NA,46df0e37-f40e-476d-8c8d-a76c06d1b556,2026-02-20,21:34:25,2026-02-20T21:34:25Z,2026-02-20T21:34:25Z,NA,v3,CNE,NA,NA,"Christmas, Seth",1000191967,Right,LEN_BEA,79bddb4c-5630-4ebd-bc4e-f42cf430fcb0,55.32648,-115.33576,13.33319,6.15864,2.83573,-14.28079,-0.57393,-2.10825,5.67829,NA,NA,NA,NA,NA,NA,NA,NA,NA,NA,NA,NA,NA,NA,NA,NA,NA,NA,NA,NA,NA,NA,NA,NA,NA,NA,NA,NA,NA,NA,NA,NA,NA,NA,NA,NA,NA,NA,NA,NA,NA,NA,NA,NA,NA,NA,NA,NA,NA,NA,High,High,High,NA,NA,NA,NA,NA,104.241772,62.169402,1045.295106,0.466859,09:30:00,-0.869798,0.475255,-0.132603,-1.374404,-47.610581,9.153367,-0.625698,130.192804,-0.503424,-36.574979,0.503424,-0.595874,0.625698,51.180508,-38.73342,0.595874,-0.595874,-130.192804,38.73342,0.625698,36.574979,-51.180508,-0.625698,0.595874,0.503424,-0.503424,NA,NA,NA,NA,NA,NA,NA,NA,NA,NA,NA,NA
NA,NA,NA,NA,NA,NA,NA,NA,NA,NA,NA,NA,NA,NA,NA,NA,304,2026-02-20,16:34:45,5,4,"Burnley, Michael",10109139,Right,LEN_BEA,"Soto Diaz, Bradley",1000475324,Right,CAR_EAG,Undefined,7,Bottom,1,2,1,Fastball,Four-Seam,FoulBallNotFieldable,Undefined,Undefined,Undefined,0,0,NA,88.28655,-1.201521,-1.02372,2220.199153,194.393153,12:30:00,5.9482,0.48664,6.43944,-16.76525,18.3858,4.42721,3.44661,-0.08529,80.53532,-4.430392,-0.220975,0.426718,NA,NA,NA,NA,NA,NA,NA,NA,NA,NA,NA,-2.61658,10.31111,-0.41584,50,5.85509,2.1231,-128.32079,-3.11819,-4.34911,27.33294,-15.03561,CAR_EAG,LEN_BEA,CarsonNewman,D2,Team,20260220-CarsonNewman-1,fbcb9f80-0ea3-11f1-8304-27cb6f288688,88.33109,NA,NA,7.75123,NA,NA,NA,NA,NA,NA,46df0e37-f40e-476d-8c8d-a76c06d1b556,2026-02-20,21:34:45,2026-02-20T21:34:45Z,2026-02-20T21:34:45Z,NA,v3,CNE,NA,NA,"Christmas, Seth",1000191967,Right,LEN_BEA,1ebd28f0-98d3-4cb8-bd2c-6ffd93140005,54.06123,-129.18295,13.66647,5.94596,-2.64392,-7.51781,-0.48497,2.26028,-2.17456,NA,NA,NA,NA,NA,NA,NA,NA,NA,NA,NA,NA,NA,NA,NA,NA,NA,NA,NA,NA,NA,NA,NA,NA,NA,NA,NA,NA,NA,NA,NA,NA,NA,NA,NA,NA,NA,NA,NA,NA,NA,NA,NA,NA,NA,NA,NA,NA,NA,NA,High,High,High,NA,NA,NA,NA,NA,190.543129,24.975081,2012.591674,0.906492,12:15:00,-0.434509,-0.174683,-0.883566,29.60703,37.108542,80.43348,-0.074245,160.171697,-0.938117,-19.771293,0.938117,-0.338266,0.074245,4.52512,-4.257858,0.338266,-0.338266,-160.171697,4.257858,0.074245,19.771293,-4.52512,-0.074245,0.338266,0.938117,-0.938117,NA,NA,NA,NA,NA,NA,NA,NA,NA,NA,NA,NA
NA,NA,NA,NA,NA,NA,NA,NA,NA,NA,NA,NA,NA,NA,NA,NA,305,2026-02-20,16:35:12,5,5,"Burnley, Michael",10109139,Right,LEN_BEA,"Soto Diaz, Bradley",1000475324,Right,CAR_EAG,Undefined,7,Bottom,1,2,2,ChangeUp,Changeup,FoulBallNotFieldable,Undefined,Undefined,Undefined,0,0,NA,84.16156,-0.793147,-2.37498,1219.638103,235.051482,01:45:00,6.16222,0.47719,6.521,-32.44836,6.41272,7.27851,2.72978,-1.09666,76.54309,-6.888413,-1.053101,0.448672,NA,NA,NA,NA,NA,NA,NA,NA,NA,NA,NA,-4.55004,4.0002,-0.3147,50,6.09312,4.80144,-122.20489,-2.63624,-6.80901,26.42536,-26.18782,CAR_EAG,LEN_BEA,CarsonNewman,D2,Team,20260220-CarsonNewman-1,0ba78770-0ea4-11f1-8304-27cb6f288688,84.00895,NA,NA,7.61847,NA,NA,NA,NA,NA,NA,46df0e37-f40e-476d-8c8d-a76c06d1b556,2026-02-20,21:35:12,2026-02-20T21:35:12Z,2026-02-20T21:35:12Z,NA,v3,CNE,NA,NA,"Christmas, Seth",1000191967,Right,LEN_BEA,9b5dcab8-a004-436c-a782-377ddfe5d0e8,53.9791,-123.06231,13.21268,6.16487,-1.78653,-13.09391,-0.47407,5.02238,-3.4045,NA,NA,NA,NA,NA,NA,NA,NA,NA,NA,NA,NA,NA,NA,NA,NA,NA,NA,NA,NA,NA,NA,NA,NA,NA,NA,NA,NA,NA,NA,NA,NA,NA,NA,NA,NA,NA,NA,NA,NA,NA,NA,NA,NA,NA,NA,NA,NA,NA,NA,High,High,High,NA,NA,NA,NA,NA,218.15679600000001,34.830698,1001.131785,0.820843,01:15:00,-0.590341,-0.514987,-0.621518,71.569077,29.493804,34.870199,0.904026,119.626463,-0.21132,21.813783,0.21132,-0.371591,-0.904026,76.843095,64.692475,0.371591,0.371591,-119.626463,-64.692475,0.904026,-21.813783,-76.843095,-0.904026,-0.371591,0.21132,-0.21132,NA,NA,NA,NA,NA,NA,NA,NA,NA,NA,NA,NA
NA,NA,NA,NA,NA,NA,NA,NA,NA,NA,NA,NA,NA,NA,NA,NA,306,2026-02-20,16:35:39,5,6,"Burnley, Michael",10109139,Right,LEN_BEA,"Soto Diaz, Bradley",1000475324,Right,CAR_EAG,Undefined,7,Bottom,1,2,2,Fastball,Four-Seam,InPlay,Undefined,FlyBall,HomeRun,0,3,NA,90.29893,-2.151627,-1.46966,2242.107742,195.484622,12:30:00,6.17151,0.4692,6.55801,-17.2545,16.80544,4.29992,2.75925,-0.52029,81.10479,-5.496357,-0.688249,0.420043,93.90532,30.42225,25.504375,NA,95.88678,59.2056,53.90446,353.61817,235.1782,36.501269,4.896133,-2.7441,9.90548,-0.36945,50,6.0155,3.18716,-130.95657,-5.354,-4.66719,32.96539,-15.32662,CAR_EAG,LEN_BEA,CarsonNewman,D2,Team,20260220-CarsonNewman-1,1bbd6b20-0ea4-11f1-8304-27cb6f288688,89.73479,79.14197,NA,9.19413,NA,NA,NA,-0.11148,3.13359,0.66777,46df0e37-f40e-476d-8c8d-a76c06d1b556,2026-02-20,21:35:39,2026-02-20T21:35:39Z,2026-02-20T21:35:39Z,FlyBall,v3,CNE,NA,NA,"Christmas, Seth",1000191967,Right,LEN_BEA,1ced3815-0f79-4e78-8ec0-7c5030f00559,53.93935,-131.94449,16.48269,6.16907,-4.89469,-7.66331,-0.46706,3.32702,-2.3336,213.374757,-0.11075,107.17885,-22.32218,5.24835,-1.13813,0.23043,-0.04052,0.00489,-2.6e-4,3.13543,69.69576,-17.68075,0.63113,0.29332,-0.19621,0.05563,-0.0075,3.9e-4,0.66804,51.1321,-2.25366,-0.06825,0.13476,-0.04334,0.0074400000000000004,-6.5e-4,2e-5,NA,NA,NA,NA,NA,NA,NA,NA,NA,NA,NA,NA,NA,NA,NA,NA,NA,NA,NA,NA,NA,NA,High,High,High,Low,Medium,NA,NA,NA,187.370907,29.01744,1960.660662,0.874472,12:15:00,-0.502607,-0.13032,-0.854636,42.481335,47.344557,80.476582,-0.146312,150.633302,-0.86212,-29.020326,0.86212,-0.48512,0.146312,9.632011,-8.413275,0.48512,-0.48512,-150.633302,8.413275,0.146312,29.020326,-9.632011,-0.146312,0.48512,0.86212,-0.86212,NA,NA,NA,NA,NA,NA,NA,NA,NA,NA,NA,NA
NA,NA,NA,NA,NA,NA,NA,NA,NA,NA,NA,NA,NA,NA,NA,NA,307,2026-02-20,16:36:30,6,1,"Burnley, Michael",10109139,Right,LEN_BEA,"Bishop, Matthew",10136275,Right,CAR_EAG,Undefined,7,Bottom,1,0,0,Slider,Curveball,FoulBallNotFieldable,Undefined,Undefined,Undefined,0,0,NA,77.66072,1.553768,0.752911,2260.555966,70.728291,08:15:00,5.76665,0.59241,5.56154,-51.97341,-4.16414,-16.95914,2.88768,-0.11738,70.0201,-7.98995,-2.275964,0.497654,NA,NA,NA,NA,NA,NA,NA,NA,NA,NA,NA,8.76225,-2.05386,-0.6462,50,5.86715,-0.80727,-112.55661,1.31527,11.00336,24.45335,-34.75324,CAR_EAG,LEN_BEA,CarsonNewman,D2,Team,20260220-CarsonNewman-1,3a75cc60-0ea4-11f1-8304-27cb6f288688,75.74024,NA,NA,7.64062,NA,NA,NA,NA,NA,NA,46df0e37-f40e-476d-8c8d-a76c06d1b556,2026-02-20,21:36:30,2026-02-20T21:36:30Z,2026-02-20T21:36:30Z,NA,v3,CNE,NA,NA,"Christmas, Seth",1000191967,Right,LEN_BEA,c0f37c56-45eb-4410-aff1-3ba36bb25fe4,54.93848,-113.62445,12.22668,5.77658,2.83288,-17.37662,-0.60046,-1.28777,5.50168,NA,NA,NA,NA,NA,NA,NA,NA,NA,NA,NA,NA,NA,NA,NA,NA,NA,NA,NA,NA,NA,NA,NA,NA,NA,NA,NA,NA,NA,NA,NA,NA,NA,NA,NA,NA,NA,NA,NA,NA,NA,NA,NA,NA,NA,NA,NA,NA,NA,NA,High,High,High,NA,NA,NA,NA,NA,83.915614,59.976159,1131.092477,0.50036,08:45:00,-0.852631,0.520835,0.041834,-23.480678,-15.310543,24.465583,-0.528949,126.301701,-0.502434,-43.152208,0.502434,-0.683939,0.528949,46.472654,-31.934499,0.683939,-0.683939,-126.301701,31.934499,0.528949,43.152208,-46.472654,-0.528949,0.683939,0.502434,-0.502434,NA,NA,NA,NA,NA,NA,NA,NA,NA,NA,NA,NA
NA,NA,NA,NA,NA,NA,NA,NA,NA,NA,NA,NA,NA,NA,NA,NA,308,2026-02-20,16:36:51,6,2,"Burnley, Michael",10109139,Right,LEN_BEA,"Bishop, Matthew",10136275,Right,CAR_EAG,Undefined,7,Bottom,1,0,1,Fastball,Four-Seam,StrikeCalled,Undefined,Undefined,Undefined,0,0,NA,90.22761,-3.072371,-0.964486,2255.122384,182.700665,12:00:00,6.05721,0.49585,6.51083,-16.17107,17.60757,0.77642,1.88695,-0.32466,82.12335,-6.182712,-0.82348,0.418305,NA,NA,NA,NA,NA,NA,NA,NA,NA,NA,NA,-0.69362,10.48217,-0.42885,50,5.83526,2.17348,-130.93332,-7.43723,-1.19556,29.46989,-14.10603,CAR_EAG,LEN_BEA,CarsonNewman,D2,Team,20260220-CarsonNewman-1,470680f0-0ea4-11f1-8304-27cb6f288688,90.10763,NA,NA,8.10426,NA,NA,NA,NA,NA,NA,46df0e37-f40e-476d-8c8d-a76c06d1b556,2026-02-20,21:36:51,2026-02-20T21:36:51Z,2026-02-20T21:36:51Z,NA,v3,CNE,NA,NA,"Christmas, Seth",1000191967,Right,LEN_BEA,b3f04446-5961-49c1-b6fc-d7dd2922f6ff,53.98834,-131.82794,14.73494,6.05453,-7.00901,-7.05301,-0.49538,2.20977,-0.59778,NA,NA,NA,NA,NA,NA,NA,NA,NA,NA,NA,NA,NA,NA,NA,NA,NA,NA,NA,NA,NA,NA,NA,NA,NA,NA,NA,NA,NA,NA,NA,NA,NA,NA,NA,NA,NA,NA,NA,NA,NA,NA,NA,NA,NA,NA,NA,NA,NA,NA,High,High,High,NA,NA,NA,NA,NA,192.064548,26.108775,2025.010113,0.89796,12:30:00,-0.444105,-0.211003,-0.870775,30.532394,43.159456,71.294278,-0.137847,159.576115,-0.92819,-20.220341,0.92819,-0.345631,0.137847,8.447368,-7.923304,0.345631,-0.345631,-159.576115,7.923304,0.137847,20.220341,-8.447368,-0.137847,0.345631,0.92819,-0.92819,NA,NA,NA,NA,NA,NA,NA,NA,NA,NA,NA,NA
NA,NA,NA,NA,NA,NA,NA,NA,NA,NA,NA,NA,NA,NA,NA,NA,309,2026-02-20,16:37:10,6,3,"Burnley, Michael",10109139,Right,LEN_BEA,"Bishop, Matthew",10136275,Right,CAR_EAG,Undefined,7,Bottom,1,0,2,Slider,Slider,BallCalled,Undefined,Undefined,Undefined,0,0,NA,79.8324,-2.075541,0.691163,2427.204205,94.985063,09:15:00,5.89946,0.60781,5.55116,-42.43392,2.41142,-10.04591,0.42279,0.41655,73.03267,-9.820596,-1.106138,0.481981,NA,NA,NA,NA,NA,NA,NA,NA,NA,NA,NA,5.32894,2.27799,-0.66068,50,5.69168,-1.00672,-115.77588,-5.60623,7.15423,23.81229,-29.11582,CAR_EAG,LEN_BEA,CarsonNewman,D2,Team,20260220-CarsonNewman-1,5224e0d0-0ea4-11f1-8304-27cb6f288688,78.20313,NA,NA,6.79974,NA,NA,NA,NA,NA,NA,46df0e37-f40e-476d-8c8d-a76c06d1b556,2026-02-20,21:37:10,2026-02-20T21:37:10Z,2026-02-20T21:37:10Z,NA,v3,CNE,NA,NA,"Christmas, Seth",1000191967,Right,LEN_BEA,a4016943-bfe3-4138-b771-1bbb3ba48160,54.9501,-116.78955,11.90614,5.90395,-4.36678,-14.55791,-0.61134,-1.31127,3.57711,NA,NA,NA,NA,NA,NA,NA,NA,NA,NA,NA,NA,NA,NA,NA,NA,NA,NA,NA,NA,NA,NA,NA,NA,NA,NA,NA,NA,NA,NA,NA,NA,NA,NA,NA,NA,NA,NA,NA,NA,NA,NA,NA,NA,NA,NA,NA,NA,NA,NA,High,High,High,NA,NA,NA,NA,NA,102.370889,67.188007,941.047799,0.387709,09:30:00,-0.933823,0.345074,-0.094334,-23.871576,-20.839491,31.193311,-0.61291,123.523611,-0.436386,-41.202134,0.436386,-0.658717,0.61291,54.54949,-37.800202,0.658717,-0.658717,-123.523611,37.800202,0.61291,41.202134,-54.54949,-0.61291,0.658717,0.436386,-0.436386,NA,NA,NA,NA,NA,NA,NA,NA,NA,NA,NA,NA
NA,NA,NA,NA,NA,NA,NA,NA,NA,NA,NA,NA,NA,NA,NA,NA,310,2026-02-20,16:37:31,6,4,"Burnley, Michael",10109139,Right,LEN_BEA,"Bishop, Matthew",10136275,Right,CAR_EAG,Undefined,7,Bottom,1,1,2,Slider,Slider,BallCalled,Undefined,Undefined,Undefined,0,0,NA,79.294,-1.475033,0.692532,2337.338908,103.163116,09:30:00,5.99316,0.48619,5.5125,-42.67309,3.78473,-8.08359,1.0573,0.46021,70.98289,-9.336318,-0.751972,0.49057,NA,NA,NA,NA,NA,NA,NA,NA,NA,NA,NA,4.29166,3.05484,-0.54119,50,5.8367000000000004,-1.05435,-114.70628,-4.3749,5.54038,27.35211,-28.23034,CAR_EAG,LEN_BEA,CarsonNewman,D2,Team,20260220-CarsonNewman-1,5e813ef0-0ea4-11f1-8304-27cb6f288688,76.83402,NA,NA,8.31112,NA,NA,NA,NA,NA,NA,46df0e37-f40e-476d-8c8d-a76c06d1b556,2026-02-20,21:37:31,2026-02-20T21:37:31Z,2026-02-20T21:37:31Z,NA,v3,CNE,NA,NA,"Christmas, Seth",1000191967,Right,LEN_BEA,de388d92-6662-40f4-9b0f-7cc437bf05fc,54.98236,-115.88825,13.67606,5.9994,-3.15498,-14.11517,-0.49046,-1.29377,2.77019,NA,NA,NA,NA,NA,NA,NA,NA,NA,NA,NA,NA,NA,NA,NA,NA,NA,NA,NA,NA,NA,NA,NA,NA,NA,NA,NA,NA,NA,NA,NA,NA,NA,NA,NA,NA,NA,NA,NA,NA,NA,NA,NA,NA,NA,NA,NA,NA,NA,NA,High,High,High,NA,NA,NA,NA,NA,89.07407,65.409129,972.65066,0.416136,09:00:00,-0.919726,0.392537,-0.004392,-20.646799,-24.715676,18.46481,-0.681413,135.577739,-0.522723,-30.816231,0.522723,-0.512286,0.681413,52.507596,-42.954151,0.512286,-0.512286,-135.577739,42.954151,0.681413,30.816231,-52.507596,-0.681413,0.512286,0.522723,-0.522723,NA,NA,NA,NA,NA,NA,NA,NA,NA,NA,NA,NA
NA,NA,NA,NA,NA,NA,NA,NA,NA,NA,NA,NA,NA,NA,NA,NA,311,2026-02-20,16:37:53,6,5,"Burnley, Michael",10109139,Right,LEN_BEA,"Bishop, Matthew",10136275,Right,CAR_EAG,Undefined,7,Bottom,1,2,2,Slider,Slider,StrikeCalled,Strikeout,Undefined,Undefined,0,0,NA,78.61967,0.222216,2.1049,2422.588777,94.110351,09:15:00,5.79262,0.36636,5.4098,-44.16459,3.0837,-16.90556,2.32058,0.9306,70.39338,-7.917088,-0.904805,0.494726,NA,NA,NA,NA,NA,NA,NA,NA,NA,NA,NA,9.12587,2.08311,-0.54201,50,5.78242,-3.47821,-113.75221,-1.04845,11.64139,26.00309,-29.51674,CAR_EAG,LEN_BEA,CarsonNewman,D2,Team,20260220-CarsonNewman-1,6b81cc50-0ea4-11f1-8304-27cb6f288688,76.18858,NA,NA,8.22629,NA,NA,NA,NA,NA,NA,46df0e37-f40e-476d-8c8d-a76c06d1b556,2026-02-20,21:37:53,2026-02-20T21:37:53Z,2026-02-20T21:37:53Z,NA,v3,CNE,NA,NA,"Christmas, Seth",1000191967,Right,LEN_BEA,7034eb54-cf44-4f0c-ba2d-c03970159861,55.08631,-114.90902,13.00155,5.79985,0.26469,-14.75837,-0.37575,-3.99611,5.8207,NA,NA,NA,NA,NA,NA,NA,NA,NA,NA,NA,NA,NA,NA,NA,NA,NA,NA,NA,NA,NA,NA,NA,NA,NA,NA,NA,NA,53.98495,2.822148,1.468877,1.353271,-2.0634,1.81826,-0.86968,-3.08734,3.11083,3.39115,62.91665,10.99194,-61.88857,-3.05255,51.74702,-2.21074,3.23077,27.39931,-15.98364,3.3333,-51.98838,2.79296,High,High,High,NA,NA,High,High,High,87.301779,63.167226,1093.527596,0.451388,09:00:00,-0.890752,0.454345,-0.011475,-10.593591,-24.891906,18.693056,-0.638069,122.202455,-0.410331,-40.657309,0.410331,-0.651533,0.638069,57.255623,-39.648002,0.651533,-0.651533,-122.202455,39.648002,0.638069,40.657309,-57.255623,-0.638069,0.651533,0.410331,-0.410331,NA,NA,NA,NA,NA,NA,NA,NA,NA,NA,NA,NA
NA,NA,NA,NA,NA,NA,NA,NA,NA,NA,NA,NA,NA,NA,NA,NA,312,2026-02-20,16:38:25,7,1,"Burnley, Michael",10109139,Right,LEN_BEA,"Gibson, Aiden",10011511,Right,CAR_EAG,Undefined,7,Bottom,2,0,0,Slider,Slider,BallCalled,Undefined,Undefined,Undefined,0,0,NA,76.54115,1.801427,1.175883,2381.94621,82.944563,08:45:00,5.90272,0.48944,5.63143,-48.91089,-0.03287,-14.35824,3.50858,0.39025,69.19893,-7.211792,-1.389803,0.503185,NA,NA,NA,NA,NA,NA,NA,NA,NA,NA,NA,7.57583,-0.00811,-0.5805,50,6.02545,-1.71756,-110.94283,1.91205,9.29584,22.71719,-32.18398,CAR_EAG,LEN_BEA,CarsonNewman,D2,Team,20260220-CarsonNewman-1,7ecaa070-0ea4-11f1-8304-27cb6f288688,74.90764,NA,NA,7.34223,NA,NA,NA,NA,NA,NA,46df0e37-f40e-476d-8c8d-a76c06d1b556,2026-02-20,21:38:25,2026-02-20T21:38:25Z,2026-02-20T21:38:25Z,NA,v3,CNE,NA,NA,"Christmas, Seth",1000191967,Right,LEN_BEA,511a7c6b-ebd9-4852-9ffc-da33cf56fbf9,54.86748,-111.93508,11.35859,5.91124,3.3178,-16.09199,-0.49661,-2.12359,4.64792,NA,NA,NA,NA,NA,NA,NA,NA,NA,NA,NA,NA,NA,NA,NA,NA,NA,NA,NA,NA,NA,NA,NA,NA,NA,NA,NA,NA,NA,NA,NA,NA,NA,NA,NA,NA,NA,NA,NA,NA,NA,NA,NA,NA,NA,NA,NA,NA,NA,NA,High,High,High,NA,NA,NA,NA,NA,80.160959,63.704842,1055.191287,0.44299500000000003,08:45:00,-0.883727,0.464447,0.057576,-26.754958,1.667431,27.251714,-0.574473,119.623737,-0.404598,-45.359927,0.404598,-0.711535,0.574473,54.843164,-35.062703,0.711535,-0.711535,-119.623737,35.062703,0.574473,45.359927,-54.843164,-0.574473,0.711535,0.404598,-0.404598,NA,NA,NA,NA,NA,NA,NA,NA,NA,NA,NA,NA
NA,NA,NA,NA,NA,NA,NA,NA,NA,NA,NA,NA,NA,NA,NA,NA,313,2026-02-20,16:38:44,7,2,"Burnley, Michael",10109139,Right,LEN_BEA,"Gibson, Aiden",10011511,Right,CAR_EAG,Undefined,7,Bottom,2,1,0,Fastball,Four-Seam,InPlay,Undefined,FlyBall,Out,1,0,NA,87.97259,-1.883928,-1.235026,2271.274193,187.868706,12:15:00,5.96981,0.61908,6.65332,-16.01576,19.49426,2.5189,2.90992,-0.30152,79.47646,-5.008791,-0.776484,0.428891,93.93901,48.448847,4.269047,4210.558106,109.26748,108.59234,12.67177,292.89336,292.89336,9.026453,5.787656,-1.72559,11.25359,-0.53689,50,5.83619,2.65896,-127.72933,-4.56532,-2.80929,29.87782,-13.85293,CAR_EAG,LEN_BEA,CarsonNewman,D2,Team,20260220-CarsonNewman-1,8a40e450-0ea4-11f1-8304-27cb6f288688,87.88352,131.07246,NA,8.49613,NA,NA,NA,2.07565,2.9674,0.29255,46df0e37-f40e-476d-8c8d-a76c06d1b556,2026-02-20,21:38:44,2026-02-20T21:38:44Z,2026-02-20T21:38:44Z,FlyBall,v3,CNE,NA,NA,"Christmas, Seth",1000191967,Right,LEN_BEA,217c5fe6-e93a-4c8e-af4b-89976588cf25,53.84592,-128.6258,14.93891,5.96693,-4.14967,-6.92646,-0.61794,2.74325,-1.40465,NA,2.08323,90.9963,-19.25699,4.4259,-0.7088,0.07981,-0.00727,6.5e-4,-3e-5,2.96738,103.09877,-26.12603,3.0738,-0.44677,7.8e-4,0.01367,-0.0022,1.1e-4,0.2906,6.84093,1.27868,-0.37319,0.01321,0.02157,-0.00664,8.1e-4,-4e-5,NA,NA,NA,NA,NA,NA,NA,NA,NA,NA,NA,NA,NA,NA,NA,NA,NA,NA,NA,NA,NA,NA,High,High,High,Low,Low,NA,NA,NA,190.215412,25.846802,2044.062625,0.899963,12:15:00,-0.449474,-0.173854,-0.876212,36.814754,43.484695,76.288845,-0.177789,155.838757,-0.897861,-23.752407,0.897861,-0.402785,0.177789,11.200476,-10.241008,0.402785,-0.402785,-155.838757,10.241008,0.177789,23.752407,-11.200476,-0.177789,0.402785,0.897861,-0.897861,NA,NA,NA,NA,NA,NA,NA,NA,NA,NA,NA,NA
NA,NA,NA,NA,NA,NA,NA,NA,NA,NA,NA,NA,NA,NA,NA,NA,314,2026-02-20,16:40:56,1,1,"Wilson, Alec",10092217,Right,CAR_EAG,"Procopio, Matthew",10069634,Right,LEN_BEA,Undefined,8,Top,0,0,0,Slider,Curveball,StrikeCalled,Undefined,Undefined,Undefined,0,0,NA,69.06734,2.262698,-0.774834,1965.043569,91.322467,09:00:00,6.30753,1.68405,5.20191,-58.84495,2.70205,-16.09855,3.5333,-0.38632,62.20517,-8.512764,-3.62664,0.564644,NA,NA,NA,NA,NA,NA,NA,NA,NA,NA,NA,7.66414,1.3224,-1.5999,50,6.4738,1.9479,-99.91371,2.15112,7.56661,19.59884,-30.86847,CAR_EAG,LEN_BEA,CarsonNewman,D2,Team,20260220-CarsonNewman-1,d88fe390-0ea4-11f1-8304-27cb6f288688,66.7543,NA,NA,6.86217,NA,NA,NA,NA,NA,NA,46df0e37-f40e-476d-8c8d-a76c06d1b556,2026-02-20,21:40:56,2026-02-20T21:40:56Z,2026-02-20T21:40:56Z,NA,v3,CNE,NA,NA,"Hammond, Kevin",10120878,Right,CAR_EAG,30e7d819-9b05-4581-a6c2-0c4a339dacef,55.29511,-100.94704,9.79942,6.31748,3.77864,-15.43424,-1.69208,1.54896,3.78331,NA,NA,NA,NA,NA,NA,NA,NA,NA,NA,NA,NA,NA,NA,NA,NA,NA,NA,NA,NA,NA,NA,NA,NA,NA,NA,NA,NA,NA,NA,NA,NA,NA,NA,NA,NA,NA,NA,NA,NA,NA,NA,NA,NA,NA,NA,NA,NA,NA,NA,High,High,High,NA,NA,NA,NA,NA,57.91399,59.978363,983.164363,0.500327,08:00:00,-0.844754,0.457757,0.277219,-3.110777,-8.609666,-4.152608,-0.824379,138.769287,-0.425696,-21.905182,0.425696,-0.373072,0.824379,62.688914,-55.525578,0.373072,-0.373072,-138.769287,55.525578,0.824379,21.905182,-62.688914,-0.824379,0.373072,0.425696,-0.425696,NA,NA,NA,NA,NA,NA,NA,NA,NA,NA,NA,NA
NA,NA,NA,NA,NA,NA,NA,NA,NA,NA,NA,NA,NA,NA,NA,NA,315,2026-02-20,16:41:11,1,2,"Wilson, Alec",10092217,Right,CAR_EAG,"Procopio, Matthew",10069634,Right,LEN_BEA,Undefined,8,Top,0,0,1,Slider,Curveball,InPlay,Undefined,LineDrive,Out,1,0,NA,69.5327,1.630289,-1.635053,2086.394803,85.389135,08:45:00,5.96443,1.59111,5.27652,-59.40098,0.91807,-15.86505,2.54665,-1.26713,63.03538,-9.213244,-4.449025,0.558983,63.22752,17.80824,-18.40898,955.522433,104.98632,12.0235,-32.82985,151.12284,140.28878,-17.551158,1.91248,7.4317,0.47189,-1.4294,50,6.0699,3.43484,-100.69325,1.07632,7.47041,19.53989,-31.6997,CAR_EAG,LEN_BEA,CarsonNewman,D2,Team,20260220-CarsonNewman-1,e1d823e0-0ea4-11f1-8304-27cb6f288688,67.43039,15.07322,NA,6.49732,NA,NA,NA,2.56937,2.72895,1.18372,46df0e37-f40e-476d-8c8d-a76c06d1b556,2026-02-20,21:41:11,2026-02-20T21:41:11Z,2026-02-20T21:41:11Z,LineDrive,v3,CNE,NA,NA,"Hammond, Kevin",10120878,Right,CAR_EAG,954c45c2-db7f-4765-95ee-36d6e5c35ce5,55.22433,-101.702,9.76994,5.97209,2.71281,-15.84985,-1.59677,3.04918,3.7352,170.555498,2.56936,83.77276,-7.2843,1.69813,-0.42031,0.10061,-0.02637,0.00333,5.4e-4,2.72895,28.36083,-16.96074,0.84128,-0.11959,0.05975,-0.03996,0.02031,-0.00387,1.18372,-27.88212,2.13643,-0.17146,-4e-4,-0.00724,0.00575,-0.00141,-3e-5,NA,NA,NA,NA,NA,NA,NA,NA,NA,NA,NA,NA,NA,NA,NA,NA,NA,NA,NA,NA,NA,NA,High,High,High,High,High,NA,NA,NA,54.60609,61.781375,986.525114,0.472837,07:45:00,-0.861659,0.410365,0.298572,-5.769938,-1.247011,3.94402,-0.82454,129.812541,-0.362271,-25.761007,0.362271,-0.434618,0.82454,66.281143,-55.541889,0.434618,-0.434618,-129.812541,55.541889,0.82454,25.761007,-66.281143,-0.82454,0.434618,0.362271,-0.362271,NA,NA,NA,NA,NA,NA,NA,NA,NA,NA,NA,NA
NA,NA,NA,NA,NA,NA,NA,NA,NA,NA,NA,NA,NA,NA,NA,NA,316,2026-02-20,16:41:42,2,1,"Wilson, Alec",10092217,Right,CAR_EAG,"Christmas, Seth",1000191967,Right,LEN_BEA,Undefined,8,Top,1,0,0,Fastball,Changeup,StrikeCalled,Undefined,Undefined,Undefined,0,0,NA,81.79877,-0.669467,-1.845324,1961.226937,208.273527,01:00:00,5.89244,1.77883,5.61332,-22.55572,20.41355,10.11107,3.38758,0.89844,73.45264,-4.963171,-0.04112,0.471792,NA,NA,NA,NA,NA,NA,NA,NA,NA,NA,NA,-5.65788,10.97544,-1.62747,50,5.82104,3.39064,-118.4501,-2.01738,-7.89669,26.34248,-16.85561,CAR_EAG,LEN_BEA,CarsonNewman,D2,Team,20260220-CarsonNewman-1,f3fd5f90-0ea4-11f1-8304-27cb6f288688,79.89209,NA,NA,8.34613,NA,NA,NA,NA,NA,NA,46df0e37-f40e-476d-8c8d-a76c06d1b556,2026-02-20,21:41:42,2026-02-20T21:41:42Z,2026-02-20T21:41:42Z,NA,v3,CNE,NA,NA,"Hammond, Kevin",10120878,Right,CAR_EAG,74c3945f-6924-4db0-974c-24ace899aa4d,54.88136,-119.53075,13.17124,5.88962,-1.32591,-8.42781,-1.77321,3.71458,-3.94835,NA,NA,NA,NA,NA,NA,NA,NA,NA,NA,NA,NA,NA,NA,NA,NA,NA,NA,NA,NA,NA,NA,NA,NA,NA,NA,NA,NA,NA,NA,NA,NA,NA,NA,NA,NA,NA,NA,NA,NA,NA,NA,NA,NA,NA,NA,NA,NA,NA,NA,High,High,High,NA,NA,NA,NA,NA,214.302412,18.263737,1862.428205,0.949624,01:15:00,-0.332219,-0.538796,-0.774164,-25.166356,28.914098,4.675971,-0.096136,177.36683,-0.994317,-2.620965,0.994317,-0.045729,0.096136,5.522487,-5.516692,0.045729,-0.045729,-177.36683,5.516692,0.096136,2.620965,-5.522487,-0.096136,0.045729,0.994317,-0.994317,NA,NA,NA,NA,NA,NA,NA,NA,NA,NA,NA,NA
NA,NA,NA,NA,NA,NA,NA,NA,NA,NA,NA,NA,NA,NA,NA,NA,317,2026-02-20,16:41:59,2,2,"Wilson, Alec",10092217,Right,CAR_EAG,"Christmas, Seth",1000191967,Right,LEN_BEA,Undefined,8,Top,1,0,1,Slider,Curveball,BallCalled,Undefined,Undefined,Undefined,0,0,NA,69.16522,3.404667,-0.794215,2090.627568,89.795587,09:00:00,6.03253,1.58685,5.46352,-59.44129,2.6413,-18.51426,4.26991,-0.69944,60.95824,-7.618626,-4.085644,0.567096,NA,NA,NA,NA,NA,NA,NA,NA,NA,NA,NA,8.7913,0.86224,-1.50456,50,6.29385,2.0759,-99.76643,4.18081,8.48198,22.42716,-31.34213,CAR_EAG,LEN_BEA,CarsonNewman,D2,Team,20260220-CarsonNewman-1,fe464700-0ea4-11f1-8304-27cb6f288688,66.46577,NA,NA,8.20697,NA,NA,NA,NA,NA,NA,46df0e37-f40e-476d-8c8d-a76c06d1b556,2026-02-20,21:41:59,2026-02-20T21:41:59Z,2026-02-20T21:41:59Z,NA,v3,CNE,NA,NA,"Hammond, Kevin",10120878,Right,CAR_EAG,48a23c3a-1f42-49d7-aa41-d533e103e586,55.02887,-100.89057,11.21358,6.04492,5.75181,-15.67107,-1.59796,1.65075,4.24099,NA,NA,NA,NA,NA,NA,NA,NA,NA,NA,NA,NA,NA,NA,NA,NA,NA,NA,NA,NA,NA,NA,NA,NA,NA,NA,NA,NA,NA,NA,NA,NA,NA,NA,NA,NA,NA,NA,NA,NA,NA,NA,NA,NA,NA,NA,NA,NA,NA,NA,High,High,High,NA,NA,NA,NA,NA,57.921679,57.97438,1108.656498,0.530298,08:00:00,-0.815647,0.49889,0.292964,-43.128509,16.665477,5.782959,-0.813153,139.251024,-0.440948,-22.329432,0.440948,-0.379931,0.813153,61.530362,-54.405094,0.379931,-0.379931,-139.251024,54.405094,0.813153,22.329432,-61.530362,-0.813153,0.379931,0.440948,-0.440948,NA,NA,NA,NA,NA,NA,NA,NA,NA,NA,NA,NA
NA,NA,NA,NA,NA,NA,NA,NA,NA,NA,NA,NA,NA,NA,NA,NA,318,2026-02-20,16:42:18,2,3,"Wilson, Alec",10092217,Right,CAR_EAG,"Christmas, Seth",1000191967,Right,LEN_BEA,Undefined,8,Top,1,1,1,Slider,Curveball,StrikeCalled,Undefined,Undefined,Undefined,0,0,NA,69.33733,2.286768,-1.742911,2217.932288,59.940318,08:00:00,5.76412,1.85577,5.42323,-68.24189,-6.50831,-15.83351,2.22144,-1.09678,61.61721,-10.229638,-4.560339,0.565499,NA,NA,NA,NA,NA,NA,NA,NA,NA,NA,NA,7.10685,-3.23327,-1.6902,50,5.92168,3.63645,-100.13736,1.90366,6.90559,22.64119,-35.31575,CAR_EAG,LEN_BEA,CarsonNewman,D2,Team,20260220-CarsonNewman-1,09c600c0-0ea5-11f1-8304-27cb6f288688,66.65338,NA,NA,7.72012,NA,NA,NA,NA,NA,NA,46df0e37-f40e-476d-8c8d-a76c06d1b556,2026-02-20,21:42:18,2026-02-20T21:42:18Z,2026-02-20T21:42:18Z,NA,v3,CNE,NA,NA,"Hammond, Kevin",10120878,Right,CAR_EAG,d29005a1-587e-4fa7-9c58-82095fbfb775,55.07264,-101.2778,11.32059,5.78099,3.68252,-17.65787,-1.86461,3.28862,3.4528,NA,NA,NA,NA,NA,NA,NA,NA,NA,NA,NA,NA,NA,NA,NA,NA,NA,NA,NA,NA,NA,NA,NA,NA,NA,NA,NA,NA,NA,NA,NA,NA,NA,NA,NA,NA,NA,NA,NA,NA,NA,NA,NA,NA,NA,NA,NA,NA,NA,NA,High,High,High,NA,NA,NA,NA,NA,58.464325,58.03746,1174.095053,0.529365,08:00:00,-0.820911,0.484678,0.301981,-22.005968,-2.799492,0.7481,-0.798578,146.594583,-0.502456,-19.352386,0.502456,-0.331377,0.798578,57.822345,-52.994514,0.331377,-0.331377,-146.594583,52.994514,0.798578,19.352386,-57.822345,-0.798578,0.331377,0.502456,-0.502456,NA,NA,NA,NA,NA,NA,NA,NA,NA,NA,NA,NA
NA,NA,NA,NA,NA,NA,NA,NA,NA,NA,NA,NA,NA,NA,NA,NA,319,2026-02-20,16:42:37,2,4,"Wilson, Alec",10092217,Right,CAR_EAG,"Christmas, Seth",1000191967,Right,LEN_BEA,Undefined,8,Top,1,1,2,Slider,Curveball,FoulBallNotFieldable,Undefined,Undefined,Undefined,0,0,NA,70.37087,1.442723,-1.956961,2082.133948,76.313225,08:30:00,5.91116,1.73428,5.40921,-60.85381,-1.71358,-16.50836,2.19283,-1.47569,63.33465,-9.694723,-4.892561,0.553494,52.0848,18.400136,130.58627,3073.231552,NA,NA,NA,92.93338,26.23686,133.272348,1.564108,7.59386,-0.76512,-1.54801,50,5.99755,4.06967,-101.82609,0.72597,7.73028,21.46029,-32.95292,CAR_EAG,LEN_BEA,CarsonNewman,D2,Team,20260220-CarsonNewman-1,14c4a3a0-0ea5-11f1-8304-27cb6f288688,68.0991,10.59991,NA,7.03623,NA,NA,NA,2.55263,2.2492,1.23073,46df0e37-f40e-476d-8c8d-a76c06d1b556,2026-02-20,21:42:37,2026-02-20T21:42:37Z,2026-02-20T21:42:37Z,GroundBall,v3,CNE,NA,NA,"Hammond, Kevin",10120878,Right,CAR_EAG,04cd15d1-c40f-4554-b040-0935ec3d65df,55.09047,-102.89333,10.73014,5.9207,2.36475,-16.47646,-1.74084,3.68523,3.86514,275.765565,2.5197600000000002,-46.85704,2.8986,NA,NA,NA,NA,NA,NA,2.4456,22.37128,-15.37466,NA,NA,NA,NA,NA,NA,1.47841,52.75844,-6.75611,NA,NA,NA,NA,NA,NA,NA,NA,NA,NA,NA,NA,NA,NA,NA,NA,NA,NA,NA,NA,NA,NA,NA,NA,NA,NA,NA,NA,High,High,High,High,Low,NA,NA,NA,56.283512,61.837708,982.706121,0.471971,08:00:00,-0.861996,0.414655,0.291589,-21.959891,1.654936,4.635473,-0.833782,140.942519,-0.428709,-20.357346,0.428709,-0.347874,0.833782,62.788967,-56.489221,0.347874,-0.347874,-140.942519,56.489221,0.833782,20.357346,-62.788967,-0.833782,0.347874,0.428709,-0.428709,NA,NA,NA,NA,NA,NA,NA,NA,NA,NA,NA,NA
NA,NA,NA,NA,NA,NA,NA,NA,NA,NA,NA,NA,NA,NA,NA,NA,320,2026-02-20,16:43:05,2,5,"Wilson, Alec",10092217,Right,CAR_EAG,"Christmas, Seth",1000191967,Right,LEN_BEA,Undefined,8,Top,1,1,2,Fastball,Changeup,FoulBallNotFieldable,Undefined,Undefined,Undefined,0,0,NA,81.25126,-0.265195,-2.997416,1981.667149,218.695701,01:15:00,5.70699,1.69052,5.68701,-28.00765,14.84993,10.76256,3.12549,-0.20904,74.04405,-5.496839,-1.076434,0.471178,65.38575,28.43674,157.285059,3185.695416,NA,NA,NA,NA,30.81003,NA,NA,-6.3354,8.03871,-1.44495,50,5.66726,5.74397,-117.81429,-1.40278,-8.87348,23.11084,-20.91487,CAR_EAG,LEN_BEA,CarsonNewman,D2,Team,20260220-CarsonNewman-1,25bd6d40-0ea5-11f1-8304-27cb6f288688,79.99612,17.62386,NA,7.20721,NA,NA,NA,1.36221,3.12209,0.15397,46df0e37-f40e-476d-8c8d-a76c06d1b556,2026-02-20,21:43:05,2026-02-20T21:43:05Z,2026-02-20T21:43:05Z,NA,v3,CNE,NA,NA,"Hammond, Kevin",10120878,Right,CAR_EAG,ec90cf8f-7df2-4599-9005-617e0fb533be,54.81283,-118.75463,11.55542,5.70703,-0.55178,-10.45743,-1.68601,6.10502,-4.43674,296.196792,1.36286,-77.81085,4.60204,NA,NA,NA,NA,NA,NA,3.12852,45.44812,-22.18305,NA,NA,NA,NA,NA,NA,0.16155,32.30593,-10.21203,NA,NA,NA,NA,NA,NA,NA,NA,NA,NA,NA,NA,NA,NA,NA,NA,NA,NA,NA,NA,NA,NA,NA,NA,NA,NA,NA,NA,High,High,High,High,Undefined,NA,NA,NA,210.707615,27.81872,1752.642995,0.884429,01:00:00,-0.503708,-0.453795,-0.735084,-26.008692,48.370107,2.34805,-0.004203,168.304419,-0.97923,-11.695476,0.97923,-0.20271,0.004203,0.245941,-0.240835,0.20271,-0.20271,-168.304419,0.240835,0.004203,11.695476,-0.245941,-0.004203,0.20271,0.97923,-0.97923,NA,NA,NA,NA,NA,NA,NA,NA,NA,NA,NA,NA
NA,NA,NA,NA,NA,NA,NA,NA,NA,NA,NA,NA,NA,NA,NA,NA,321,2026-02-20,16:43:30,2,6,"Wilson, Alec",10092217,Right,CAR_EAG,"Christmas, Seth",1000191967,Right,LEN_BEA,Undefined,8,Top,1,1,2,Fastball,Changeup,BallCalled,Undefined,Undefined,Undefined,0,0,NA,81.60662,0.436799,-2.339807,2027.391284,214.623468,01:15:00,5.71612,1.81707,5.5611,-24.8773,17.73469,11.2891,4.05146,0.57055,74.30994,-4.232078,-0.328629,0.469826,NA,NA,NA,NA,NA,NA,NA,NA,NA,NA,NA,-6.32445,9.2389,-1.62234,50,5.73772,4.37047,-118.35147,0.15202,-8.95418,22.96839,-19.09362,CAR_EAG,LEN_BEA,CarsonNewman,D2,Team,20260220-CarsonNewman-1,34760ae0-0ea5-11f1-8304-27cb6f288688,80.22631,NA,NA,7.29668,NA,NA,NA,NA,NA,NA,46df0e37-f40e-476d-8c8d-a76c06d1b556,2026-02-20,21:43:30,2026-02-20T21:43:30Z,2026-02-20T21:43:30Z,NA,v3,CNE,NA,NA,"Hammond, Kevin",10120878,Right,CAR_EAG,ee5f0de4-bc65-4605-8959-4d7374bea36e,54.93705,-119.30576,11.48419,5.71492,0.94532,-9.54681,-1.81165,4.74249,-4.47709,NA,NA,NA,NA,NA,NA,NA,NA,NA,NA,NA,NA,NA,NA,NA,NA,NA,NA,NA,NA,NA,NA,NA,NA,NA,NA,NA,NA,NA,NA,NA,NA,NA,NA,NA,NA,NA,NA,NA,NA,NA,NA,NA,NA,NA,NA,NA,NA,NA,NA,High,High,High,NA,NA,NA,NA,NA,213.158321,23.653364,1857.069041,0.915989,01:00:00,-0.435979,-0.497931,-0.749658,-18.163762,39.914661,11.11535,-0.100392,175.408284,-0.991755,-4.568469,0.991755,-0.07965,0.100392,5.780156,-5.76173,0.07965,-0.07965,-175.408284,5.76173,0.100392,4.568469,-5.780156,-0.100392,0.07965,0.991755,-0.991755,NA,NA,NA,NA,NA,NA,NA,NA,NA,NA,NA,NA
NA,NA,NA,NA,NA,NA,NA,NA,NA,NA,NA,NA,NA,NA,NA,NA,322,2026-02-20,16:43:50,2,7,"Wilson, Alec",10092217,Right,CAR_EAG,"Christmas, Seth",1000191967,Right,LEN_BEA,Undefined,8,Top,1,2,2,Fastball,Changeup,BallCalled,Undefined,Undefined,Undefined,0,0,NA,81.90501,-1.063537,-1.883065,1961.295036,216.781911,01:15:00,6.15794,1.72357,5.53834,-26.0282,16.87052,11.42682,2.9942,0.91509,73.80382,-5.955154,0.15399,0.471404,NA,NA,NA,NA,NA,NA,NA,NA,NA,NA,NA,-6.33197,9.3093,-1.56777,50,6.0488,3.42165,-118.62298,-2.99749,-8.87946,26.04276,-19.11942,CAR_EAG,LEN_BEA,CarsonNewman,D2,Team,20260220-CarsonNewman-1,40799aa0-0ea5-11f1-8304-27cb6f288688,79.95777,NA,NA,8.10119,NA,NA,NA,NA,NA,NA,46df0e37-f40e-476d-8c8d-a76c06d1b556,2026-02-20,21:43:50,2026-02-20T21:43:50Z,2026-02-20T21:43:50Z,NA,v3,CNE,NA,NA,"Hammond, Kevin",10120878,Right,CAR_EAG,b35f0788-b96e-4f5e-a5c2-1ae018005c55,54.95797,-119.70651,13.02138,6.15696,-2.202,-9.55971,-1.71781,3.79109,-4.43973,NA,NA,NA,NA,NA,NA,NA,NA,NA,NA,NA,NA,NA,NA,NA,NA,NA,NA,NA,NA,NA,NA,NA,NA,NA,NA,NA,NA,NA,NA,NA,NA,NA,NA,NA,NA,NA,NA,NA,NA,NA,NA,NA,NA,NA,NA,NA,NA,NA,NA,High,High,High,NA,NA,NA,NA,NA,212.382404,22.865295,1807.178311,0.921421,01:00:00,-0.404704,-0.50061,-0.765248,-14.809904,38.491379,11.37437,-0.165493,174.855648,-0.98223800000000006,-5.073229,0.98223800000000006,-0.088429,0.165493,9.563686,-9.525871,0.088429,-0.088429,-174.855648,9.525871,0.165493,5.073229,-9.563686,-0.165493,0.088429,0.98223800000000006,-0.98223800000000006,NA,NA,NA,NA,NA,NA,NA,NA,NA,NA,NA,NA
NA,NA,NA,NA,NA,NA,NA,NA,NA,NA,NA,NA,NA,NA,NA,NA,323,2026-02-20,16:44:11,2,8,"Wilson, Alec",10092217,Right,CAR_EAG,"Christmas, Seth",1000191967,Right,LEN_BEA,Undefined,8,Top,1,3,2,Slider,Curveball,InPlay,Undefined,LineDrive,Double,0,0,NA,69.4702,2.630368,-0.83305,2142.603264,67.531414,08:15:00,5.84389,1.66468,5.47467,-64.19874,-4.36803,-15.70521,2.95748,-0.42371,63.04322,-9.111277,-3.630455,0.556716,97.44591,21.935709,-14.959605,1428.589495,106.20061,38.28625,-28.66002,368.82461,363.17127,-17.412168,3.793608,7.65827,-2.50075,-1.58029,50,6.0314,2.01023,-100.65941,2.70989,7.71354,19.1296,-34.69284,CAR_EAG,LEN_BEA,CarsonNewman,D2,Team,20260220-CarsonNewman-1,4d49a220-0ea5-11f1-8304-27cb6f288688,67.705,49.16813,NA,6.42698,NA,NA,NA,1.80707,3.06309,0.38374,46df0e37-f40e-476d-8c8d-a76c06d1b556,2026-02-20,21:44:11,2026-02-20T21:44:11Z,2026-02-20T21:44:11Z,LineDrive,v3,CNE,NA,NA,"Hammond, Kevin",10120878,Right,CAR_EAG,ab837697-fa09-468d-abe5-03382f496a86,55.02752,-101.61036,9.5648,5.85382,4.4345,-17.34642,-1.67069,1.62678,3.85677,165.980372,1.8070600000000001,128.08059,-17.49383,3.78899,-0.80602,0.18463,-0.03863,0.00522,-3e-4,3.06289,53.39429,-17.03256,1.11667,-0.09685,-0.04849,0.02448,-0.00412,2.4e-4,0.3835,-34.21619,3.15373,-0.85819,0.19725,-0.05545,0.01446,-0.0024,1.7e-4,NA,NA,NA,NA,NA,NA,NA,NA,NA,NA,NA,NA,NA,NA,NA,NA,NA,NA,NA,NA,NA,NA,High,High,High,Medium,Medium,NA,NA,NA,57.401471,56.132246,1194.025422,0.557278,08:00:00,-0.803455,0.507099,0.311947,-32.03472,12.33275,9.555313,-0.758446,135.666395,-0.466176,-27.094263,0.466176,-0.455456,0.758446,58.423219,-49.327396,0.455456,-0.455456,-135.666395,49.327396,0.758446,27.094263,-58.423219,-0.758446,0.455456,0.466176,-0.466176,NA,NA,NA,NA,NA,NA,NA,NA,NA,NA,NA,NA
NA,NA,NA,NA,NA,NA,NA,NA,NA,NA,NA,NA,NA,NA,NA,NA,324,2026-02-20,16:46:11,3,1,"Wilson, Alec",10092217,Right,CAR_EAG,"Boris, Sylas",1000138481,Right,LEN_BEA,Undefined,8,Top,1,0,0,Slider,Curveball,BallCalled,Undefined,Undefined,Undefined,0,0,NA,68.17467,3.797415,0.049789,2084.22963,70.96887,08:15:00,5.76731,1.75692,5.52723,-67.24748,-4.4113,-19.928,3.71871,0.1428,61.00993,-8.573589,-3.500321,0.570527,NA,NA,NA,NA,NA,NA,NA,NA,NA,NA,NA,9.91327,-2.74016,-1.7481,50,6.05433,0.62915,-98.5499,4.55416,9.46373,19.93322,-34.78993,CAR_EAG,LEN_BEA,CarsonNewman,D2,Team,20260220-CarsonNewman-1,94457a50-0ea5-11f1-8304-27cb6f288688,66.066,NA,NA,7.16474,NA,NA,NA,NA,NA,NA,46df0e37-f40e-476d-8c8d-a76c06d1b556,2026-02-20,21:46:11,2026-02-20T21:46:11Z,2026-02-20T21:46:11Z,NA,v3,CNE,NA,NA,"Hammond, Kevin",10120878,Right,CAR_EAG,afc4293b-e09e-4482-9643-b3f7809150e7,54.97165,-99.55041,9.96661,5.78192,6.30037,-17.39496,-1.76776,0.15413,4.73186,NA,NA,NA,NA,NA,NA,NA,NA,NA,NA,NA,NA,NA,NA,NA,NA,NA,NA,NA,NA,NA,NA,NA,NA,NA,NA,NA,NA,NA,NA,NA,NA,NA,NA,NA,NA,NA,NA,NA,NA,NA,NA,NA,NA,NA,NA,NA,NA,NA,NA,High,High,High,NA,NA,NA,NA,NA,55.500621,51.79684,1288.995427,0.618452,07:45:00,-0.750646,0.560611,0.349637,-41.594842,38.51732,2.483533,-0.785601,114.868167,-0.260197,-34.15011,0.260197,-0.561363,0.785601,71.674739,-51.776307,0.561363,-0.561363,-114.868167,51.776307,0.785601,34.15011,-71.674739,-0.785601,0.561363,0.260197,-0.260197,NA,NA,NA,NA,NA,NA,NA,NA,NA,NA,NA,NA
NA,NA,NA,NA,NA,NA,NA,NA,NA,NA,NA,NA,NA,NA,NA,NA,325,2026-02-20,16:46:29,3,2,"Wilson, Alec",10092217,Right,CAR_EAG,"Boris, Sylas",1000138481,Right,LEN_BEA,Undefined,8,Top,1,1,0,Fastball,Changeup,InPlay,Undefined,GroundBall,Out,1,0,NA,80.83066,-1.264826,-3.689179,1995.233511,207.796954,01:00:00,5.74992,1.80223,5.93503,-23.81541,19.37127,9.41764,2.58922,-0.8404,73.32909,-5.776717,-2.002582,0.472984,76.80864,-30.508518,-40.049018,NA,NA,NA,NA,6.57706,6.49165,-18.819476,0.047058,-6.01103,10.78371,-1.5129,50,5.6355,7.19993,-117.10064,-3.2458,-8.26636,24.09626,-17.3443,CAR_EAG,LEN_BEA,CarsonNewman,D2,Team,20260220-CarsonNewman-1,9f77b050-0ea5-11f1-8304-27cb6f288688,79.69076,2.69998,NA,7.50157,NA,NA,NA,2.71788,2.69998,0.82664,46df0e37-f40e-476d-8c8d-a76c06d1b556,2026-02-20,21:46:29,2026-02-20T21:46:29Z,2026-02-20T21:46:29Z,GroundBall,v3,CNE,NA,NA,"Hammond, Kevin",10120878,Right,CAR_EAG,9abe8122-1b78-4e22-97ef-89a93cd5eaa6,54.56572,-118.03641,12.04813,5.74847,-2.57224,-8.67215,-1.79874,7.52095,-4.13318,180,2.71606,74.53677,NA,NA,NA,NA,NA,NA,NA,2.70138,-57.37527,NA,NA,NA,NA,NA,NA,NA,0.82817,-62.65252,NA,NA,NA,NA,NA,NA,NA,NA,NA,NA,NA,NA,NA,NA,NA,NA,NA,NA,NA,NA,NA,NA,NA,NA,NA,NA,NA,NA,NA,High,High,High,High,High,NA,NA,NA,211.735795,27.879352,1763.655141,0.883934,01:00:00,-0.504659,-0.475161,-0.720793,-33.955107,31.797297,-18.169683,-0.065035,174.370252,-0.99307,-5.617791,0.99307,-0.097892,0.065035,3.746897,-3.728875,0.097892,-0.097892,-174.370252,3.728875,0.065035,5.617791,-3.746897,-0.065035,0.097892,0.99307,-0.99307,NA,NA,NA,NA,NA,NA,NA,NA,NA,NA,NA,NA
NA,NA,NA,NA,NA,NA,NA,NA,NA,NA,NA,NA,NA,NA,NA,NA,326,2026-02-20,16:47:35,4,1,"Wilson, Alec",10092217,Right,CAR_EAG,"Stillinger, Andrew",10039721,Left,LEN_BEA,Undefined,8,Top,2,0,0,Slider,Curveball,StrikeCalled,Undefined,Undefined,Undefined,0,0,NA,70.19331,1.95044,-1.079556,2185.580242,68.358161,08:15:00,5.59248,2.02073,5.1816,-62.17106,-3.36181,-13.44434,2.2478,-0.11552,64.18479,-9.331984,-3.462398,0.551943,NA,NA,NA,NA,NA,NA,NA,NA,NA,NA,NA,6.32292,-1.61201,-1.90987,50,5.72703,2.41482,-101.74823,1.49412,6.56132,18.27213,-33.84683,CAR_EAG,LEN_BEA,CarsonNewman,D2,Team,20260220-CarsonNewman-1,c6550790-0ea5-11f1-8304-27cb6f288688,68.29045,NA,NA,6.00852,NA,NA,NA,NA,NA,NA,46df0e37-f40e-476d-8c8d-a76c06d1b556,2026-02-20,21:47:35,2026-02-20T21:47:35Z,2026-02-20T21:47:35Z,NA,v3,CNE,NA,NA,"Hammond, Kevin",10120878,Right,CAR_EAG,5ce5b1e9-83d2-4387-b266-53ffd2ac5416,55.3196,-102.69909,9.13607,5.60345,3.25547,-16.92342,-2.02664,2.07338,3.28066,NA,NA,NA,NA,NA,NA,NA,NA,NA,NA,NA,NA,NA,NA,NA,NA,NA,NA,NA,NA,NA,NA,NA,NA,NA,NA,NA,NA,NA,NA,NA,NA,NA,NA,NA,NA,NA,NA,NA,NA,NA,NA,NA,NA,NA,NA,NA,NA,NA,NA,High,High,High,NA,NA,NA,NA,NA,57.095358,60.35246,1081.126005,0.494663,08:00:00,-0.849232,0.444646,0.284773,-8.154346,0.477975,0.760321,-0.845702,129.484035,-0.339332,-24.322769,0.339332,-0.411877,0.845702,68.137212,-57.747202,0.411877,-0.411877,-129.484035,57.747202,0.845702,24.322769,-68.137212,-0.845702,0.411877,0.339332,-0.339332,NA,NA,NA,NA,NA,NA,NA,NA,NA,NA,NA,NA
NA,NA,NA,NA,NA,NA,NA,NA,NA,NA,NA,NA,NA,NA,NA,NA,327,2026-02-20,16:47:54,4,2,"Wilson, Alec",10092217,Right,CAR_EAG,"Stillinger, Andrew",10039721,Left,LEN_BEA,Undefined,8,Top,2,0,1,Slider,Curveball,BallCalled,Undefined,Undefined,Undefined,0,0,NA,70.14167,1.617609,0.561628,2181.301483,75.681838,08:30:00,5.68523,2.09496,5.1088,-60.52306,-1.81835,-14.54623,2.16621,1.41195,64.4292,-9.346224,-2.015599,0.551452,NA,NA,NA,NA,NA,NA,NA,NA,NA,NA,NA,7.35776,-0.75083,-2.13616,50,5.79067,-0.45906,-101.75267,0.94411,7.67995,17.38364,-32.95777,CAR_EAG,LEN_BEA,CarsonNewman,D2,Team,20260220-CarsonNewman-1,d1d361c0-0ea5-11f1-8304-27cb6f288688,68.35123,NA,NA,5.71247,NA,NA,NA,NA,NA,NA,46df0e37-f40e-476d-8c8d-a76c06d1b556,2026-02-20,21:47:54,2026-02-20T21:47:54Z,2026-02-20T21:47:54Z,NA,v3,CNE,NA,NA,"Hammond, Kevin",10120878,Right,CAR_EAG,5ba8bfaf-3260-449f-8754-36108bb5dbc3,55.39305,-102.6699,8.69182,5.69498,2.68309,-16.47889,-2.10125,-0.86427,3.83997,NA,NA,NA,NA,NA,NA,NA,NA,NA,NA,NA,NA,NA,NA,NA,NA,NA,NA,NA,NA,NA,NA,NA,NA,NA,NA,NA,NA,NA,NA,NA,NA,NA,NA,NA,NA,NA,NA,NA,NA,NA,NA,NA,NA,NA,NA,NA,NA,NA,NA,High,High,High,NA,NA,NA,NA,NA,60.982569,59.806825,1097.013577,0.502917,08:00:00,-0.853926,0.464011,0.235594,-1.507768,-11.192727,-2.821614,-0.813347,135.098657,-0.412087,-24.246956,0.412087,-0.41067,0.813347,63.130686,-54.424284,0.41067,-0.41067,-135.098657,54.424284,0.813347,24.246956,-63.130686,-0.813347,0.41067,0.412087,-0.412087,NA,NA,NA,NA,NA,NA,NA,NA,NA,NA,NA,NA
NA,NA,NA,NA,NA,NA,NA,NA,NA,NA,NA,NA,NA,NA,NA,NA,328,2026-02-20,16:48:16,4,3,"Wilson, Alec",10092217,Right,CAR_EAG,"Stillinger, Andrew",10039721,Left,LEN_BEA,Undefined,8,Top,2,1,1,Slider,Curveball,InPlay,Undefined,GroundBall,Single,0,1,NA,69.64034,2.512531,-0.329332,2202.826958,54.010511,07:45:00,5.69628,2.0457,5.36298,-69.89142,-9.84178,-16.60674,2.22968,0.35297,63.0485,-10.216735,-3.285474,0.557733,96.76545,4.495614,5.055998,3440.524111,NA,NA,NA,90.40354,90.04862,3.83639,0.676052,8.2354,-5.21914,-2.00372,50,5.87227,1.16944,-100.88602,2.27631,8.28644,20.03897,-37.42552,CAR_EAG,LEN_BEA,CarsonNewman,D2,Team,20260220-CarsonNewman-1,dee26e10-0ea5-11f1-8304-27cb6f288688,67.58148,3.64974,NA,6.59184,NA,NA,NA,1.56726,2.27025,-0.36473,46df0e37-f40e-476d-8c8d-a76c06d1b556,2026-02-20,21:48:16,2026-02-20T21:48:16Z,2026-02-20T21:48:16Z,GroundBall,v3,CNE,NA,NA,"Hammond, Kevin",10120878,Right,CAR_EAG,275dd040-c3f3-4073-853a-fba9b20dbb41,55.14019,-101.9019,10.01949,5.70878,4.17361,-18.71276,-2.05236,0.74935,4.14322,32.25309,1.58744,140.53289,-14.03133,NA,NA,NA,NA,NA,NA,2.30119,10.50727,-20.64084,NA,NA,NA,NA,NA,NA,-0.35342,12.24268,-4.1245,NA,NA,NA,NA,NA,NA,NA,NA,NA,NA,NA,NA,NA,NA,NA,NA,NA,NA,NA,NA,NA,NA,NA,NA,NA,NA,NA,NA,High,High,High,High,High,NA,NA,NA,56.741123,55.952343,1233.323781,0.559882,08:00:00,-0.805474,0.504047,0.311687,-24.339815,4.140502,2.414333,-0.803735,139.654734,-0.453474,-22.65555,0.453474,-0.38519,0.803735,60.567946,-53.488258,0.38519,-0.38519,-139.654734,53.488258,0.803735,22.65555,-60.567946,-0.803735,0.38519,0.453474,-0.453474,NA,NA,NA,NA,NA,NA,NA,NA,NA,NA,NA,NA
NA,NA,NA,NA,NA,NA,NA,NA,NA,NA,NA,NA,NA,NA,NA,NA,329,2026-02-20,16:51:01,5,1,"Norris, Eli",1000334436,Right,CAR_EAG,"Mann, Xavier",1000111244,Right,LEN_BEA,Undefined,8,Top,2,0,0,Cutter,Slider,BallCalled,Undefined,Undefined,Undefined,0,0,NA,81.1439,-0.494659,-1.903857,2330.341813,134.760021,10:30:00,6.66896,0.25449,5.81059,-39.75801,3.04622,-1.65213,2.89553,-1.6543,74.19461,-7.817855,-2.200088,0.470885,NA,NA,NA,NA,NA,NA,NA,NA,NA,NA,NA,0.27736,2.14114,-0.09734,50,6.60489,3.97902,-117.75929,-2.31472,0.38704,23.67833,-29.18642,CAR_EAG,LEN_BEA,CarsonNewman,D2,Team,20260220-CarsonNewman-1,41477c80-0ea6-11f1-8304-27cb6f288688,80.04598,NA,NA,6.94929,NA,NA,NA,NA,NA,NA,46df0e37-f40e-476d-8c8d-a76c06d1b556,2026-02-20,21:51:01,2026-02-20T21:51:01Z,2026-02-20T21:51:01Z,NA,v3,CNE,NA,NA,"Hammond, Kevin",10120878,Right,CAR_EAG,d0dd2d32-f72c-4db1-8d8a-49998c1f9738,54.6893,-118.69844,11.83917,6.67374,-1.1571,-14.59321,-0.25486,3.96367,0.19352,NA,NA,NA,NA,NA,NA,NA,NA,NA,NA,NA,NA,NA,NA,NA,NA,NA,NA,NA,NA,NA,NA,NA,NA,NA,NA,NA,NA,NA,NA,NA,NA,NA,NA,NA,NA,NA,NA,NA,NA,NA,NA,NA,NA,NA,NA,NA,NA,NA,NA,High,High,High,NA,NA,NA,NA,NA,171.585907,66.975771,911.444117,0.39112,11:45:00,-0.933145,0.049283,-0.356106,-21.763188,9.905208,-34.00024,0.265287,130.972441,-0.632202,46.716658,0.632202,-0.727972,-0.265287,22.764083,15.38401,0.727972,0.727972,-130.972441,-15.38401,0.265287,-46.716658,-22.764083,-0.265287,-0.727972,0.632202,-0.632202,NA,NA,NA,NA,NA,NA,NA,NA,NA,NA,NA,NA
NA,NA,NA,NA,NA,NA,NA,NA,NA,NA,NA,NA,NA,NA,NA,NA,330,2026-02-20,16:51:21,5,2,"Norris, Eli",1000334436,Right,CAR_EAG,"Mann, Xavier",1000111244,Right,LEN_BEA,Undefined,8,Top,2,1,0,Fastball,Four-Seam,StrikeCalled,Undefined,Undefined,Undefined,0,0,NA,89.03545,-3.094578,0.288894,2331.72941,184.059918,12:15:00,6.27527,0.16581,6.06506,-15.52926,19.64162,1.31134,2.11432,0.54246,81.25701,-6.066159,0.525077,0.426838,NA,NA,NA,NA,NA,NA,NA,NA,NA,NA,NA,-0.59004,11.3456,-0.18889,50,6.02659,-0.70594,-129.15578,-7.39546,-0.99366,27.65339,-13.06718,CAR_EAG,LEN_BEA,CarsonNewman,D2,Team,20260220-CarsonNewman-1,4cfc9e20-0ea6-11f1-8304-27cb6f288688,88.3062,NA,NA,7.77844,NA,NA,NA,NA,NA,NA,46df0e37-f40e-476d-8c8d-a76c06d1b556,2026-02-20,21:51:21,2026-02-20T21:51:21Z,2026-02-20T21:51:21Z,NA,v3,CNE,NA,NA,"Hammond, Kevin",10120878,Right,CAR_EAG,2b425b7f-d2a1-4adb-afc9-433f561a141f,54.43389,-130.10166,13.82669,6.2719,-6.9485,-6.53359,-0.16532,-0.67195,-0.49683,NA,NA,NA,NA,NA,NA,NA,NA,NA,NA,NA,NA,NA,NA,NA,NA,NA,NA,NA,NA,NA,NA,NA,NA,NA,NA,NA,NA,NA,NA,NA,NA,NA,NA,NA,NA,NA,NA,NA,NA,NA,NA,NA,NA,NA,NA,NA,NA,NA,NA,High,High,High,NA,NA,NA,NA,NA,192.334494,28.788715,2043.531268,0.876402,12:30:00,-0.466449,-0.21294,-0.858535,-5.196042,26.798027,30.921115,-0.147135,176.077299,-0.986799,-3.879942,0.986799,-0.067666,0.147135,8.480535,-8.460955,0.067666,-0.067666,-176.077299,8.460955,0.147135,3.879942,-8.480535,-0.147135,0.067666,0.986799,-0.986799,NA,NA,NA,NA,NA,NA,NA,NA,NA,NA,NA,NA
NA,NA,NA,NA,NA,NA,NA,NA,NA,NA,NA,NA,NA,NA,NA,NA,331,2026-02-20,16:51:37,5,3,"Norris, Eli",1000334436,Right,CAR_EAG,"Mann, Xavier",1000111244,Right,LEN_BEA,Undefined,8,Top,2,1,1,Fastball,Four-Seam,FoulBallNotFieldable,Undefined,Undefined,Undefined,0,0,NA,89.58324,-2.63203,-0.461073,2273.986725,180.581333,12:00:00,6.30635,0.0555,6.2631,-16.17194,18.26422,0.17386,2.53007,-0.35515,81.7846,-5.728973,-0.429643,0.422356,NA,NA,NA,NA,NA,NA,NA,NA,NA,NA,NA,-0.22417,10.61394,-0.02141,50,6.10323,1.04,-130.08438,-6.41649,-0.38269,28.23901,-14.05467,CAR_EAG,LEN_BEA,CarsonNewman,D2,Team,20260220-CarsonNewman-1,56d3b0f0-0ea6-11f1-8304-27cb6f288688,89.24331,NA,NA,7.79863,NA,NA,NA,NA,NA,NA,46df0e37-f40e-476d-8c8d-a76c06d1b556,2026-02-20,21:51:37,2026-02-20T21:51:37Z,2026-02-20T21:51:37Z,NA,v3,CNE,NA,NA,"Hammond, Kevin",10120878,Right,CAR_EAG,5f9e779e-8c4a-4886-b6df-66fcafa1dd53,54.23821,-131.0012,14.11951,6.30414,-5.96019,-7.02734,-0.05538,1.05242,-0.19135,NA,NA,NA,NA,NA,NA,NA,NA,NA,NA,NA,NA,NA,NA,NA,NA,NA,NA,NA,NA,NA,NA,NA,NA,NA,NA,NA,NA,NA,NA,NA,NA,NA,NA,NA,NA,NA,NA,NA,NA,NA,NA,NA,NA,NA,NA,NA,NA,NA,NA,High,High,High,NA,NA,NA,NA,NA,188.827531,30.351764,1962.312707,0.862939,12:15:00,-0.505539,-0.155492,-0.848677,-2.94097,23.919266,22.583717,-0.101452,172.058571,-0.9853,-7.900192,0.9853,-0.137448,0.101452,5.87878,-5.822791,0.137448,-0.137448,-172.058571,5.822791,0.101452,7.900192,-5.87878,-0.101452,0.137448,0.9853,-0.9853,NA,NA,NA,NA,NA,NA,NA,NA,NA,NA,NA,NA
NA,NA,NA,NA,NA,NA,NA,NA,NA,NA,NA,NA,NA,NA,NA,NA,332,2026-02-20,16:52:03,5,4,"Norris, Eli",1000334436,Right,CAR_EAG,"Mann, Xavier",1000111244,Right,LEN_BEA,Undefined,8,Top,2,1,2,Curveball,Curveball,StrikeSwinging,Strikeout,Undefined,Undefined,0,0,NA,76.14239,-0.011072,0.755544,2748.94056,24.56836,06:45:00,6.27651,-0.26,5.8622,-62.92059,-14.65335,-7.37496,1.02284,-0.17261,70.50887,-11.452518,-0.574137,0.500032,NA,NA,NA,NA,NA,NA,NA,NA,NA,NA,NA,3.99193,-7.02063,0.20298,50,6.23919,-1.19417,-110.73186,-2.03432,4.93454,20.58705,-40.85249,CAR_EAG,LEN_BEA,CarsonNewman,D2,Team,20260220-CarsonNewman-1,667af450-0ea6-11f1-8304-27cb6f288688,75.38009,NA,NA,5.63352,NA,NA,NA,NA,NA,NA,46df0e37-f40e-476d-8c8d-a76c06d1b556,2026-02-20,21:52:03,2026-02-20T21:52:03Z,2026-02-20T21:52:03Z,NA,v3,CNE,NA,NA,"Hammond, Kevin",10120878,Right,CAR_EAG,363a8f68-47ab-48a6-b334-f8b4be94672e,54.64371,-111.59187,10.29353,6.28853,-0.32774,-20.42624,0.25717,-1.40031,2.46727,NA,NA,NA,NA,NA,NA,NA,NA,NA,NA,NA,NA,NA,NA,NA,NA,NA,NA,NA,NA,NA,NA,NA,NA,NA,NA,NA,NA,NA,NA,NA,NA,NA,NA,NA,NA,NA,NA,NA,NA,NA,NA,NA,NA,NA,NA,NA,NA,NA,NA,High,High,High,NA,NA,NA,NA,NA,6.548991,51.671819,1704.796568,0.620165,06:15:00,-0.792541,0.07058,0.60572,-98.290916,18.451649,34.851955,0.770688,134.908491,-0.449857,26.826875,0.449857,-0.451296,-0.770688,59.727552,50.415743,0.451296,0.451296,-134.908491,-50.415743,0.770688,-26.826875,-59.727552,-0.770688,-0.451296,0.449857,-0.449857,NA,NA,NA,NA,NA,NA,NA,NA,NA,NA,NA,NA
NA,NA,NA,NA,NA,NA,NA,NA,NA,NA,NA,NA,NA,NA,NA,NA,333,2026-02-20,16:54:47,1,1,"Renaud, Jack",824527,Right,LEN_BEA,"Pierce, Johno",10069844,Right,CAR_EAG,Undefined,8,Bottom,0,0,0,Fastball,Four-Seam,BallCalled,Undefined,Undefined,Undefined,0,0,NA,91.55526,-2.021848,-4.197788,2333.467488,197.498364,12:30:00,6.13317,1.89781,5.7925,-10.90032,22.86237,6.84957,3.33814,-1.4434,83.17198,-4.160774,-2.976584,0.418206,NA,NA,NA,NA,NA,NA,NA,NA,NA,NA,NA,-4.67158,12.52473,-1.55565,50,5.95962,9.41585,-132.49443,-4.93308,-8.27553,29.22195,-9.98701,CAR_EAG,LEN_BEA,CarsonNewman,D2,Team,20260220-CarsonNewman-1,c8459780-0ea6-11f1-8304-27cb6f288688,90.12891,NA,NA,8.38328,NA,NA,NA,NA,NA,NA,46df0e37-f40e-476d-8c8d-a76c06d1b556,2026-02-20,21:54:47,2026-02-20T21:54:47Z,2026-02-20T21:54:47Z,NA,v3,CNE,NA,NA,"Christmas, Seth",1000191967,Right,LEN_BEA,41599069-4078-4705-a703-d956230ede92,54.70583,-133.52828,14.61098,6.12789,-4.57974,-4.9935,-1.89395,9.70863,-4.13777,NA,NA,NA,NA,NA,NA,NA,NA,NA,NA,NA,NA,NA,NA,NA,NA,NA,NA,NA,NA,NA,NA,NA,NA,NA,NA,NA,NA,NA,NA,NA,NA,NA,NA,NA,NA,NA,NA,NA,NA,NA,NA,NA,NA,NA,NA,NA,NA,NA,NA,High,High,High,NA,NA,NA,NA,NA,206.233163,9.128364,2303.915031,0.987335,12:45:00,-0.207595,-0.441753,-0.872788,-30.827402,0.313483,-23.784201,-0.027988,179.600931,-0.999584,-0.398913,0.999584,-0.006962,0.027988,1.603824,-1.603785,0.006962,-0.006962,-179.600931,1.603785,0.027988,0.398913,-1.603824,-0.027988,0.006962,0.999584,-0.999584,NA,NA,NA,NA,NA,NA,NA,NA,NA,NA,NA,NA
NA,NA,NA,NA,NA,NA,NA,NA,NA,NA,NA,NA,NA,NA,NA,NA,334,2026-02-20,16:55:01,1,2,"Renaud, Jack",824527,Right,LEN_BEA,"Pierce, Johno",10069844,Right,CAR_EAG,Undefined,8,Bottom,0,1,0,Fastball,Four-Seam,StrikeCalled,Undefined,Undefined,Undefined,0,0,NA,91.10291,-2.032809,-3.668001,2343.016844,196.884973,12:30:00,6.17938,2.17076,5.83029,-10.7702,23.39462,6.73788,3.38751,-0.68217,82.40397,-4.16177,-2.464462,0.420689,NA,NA,NA,NA,NA,NA,NA,NA,NA,NA,NA,-4.51205,12.84446,-1.87467,50,6.00652,8.14979,-131.86074,-4.9135,-7.87857,30.19776,-9.74612,CAR_EAG,LEN_BEA,CarsonNewman,D2,Team,20260220-CarsonNewman-1,d022d620-0ea6-11f1-8304-27cb6f288688,89.59694,NA,NA,8.69894,NA,NA,NA,NA,NA,NA,46df0e37-f40e-476d-8c8d-a76c06d1b556,2026-02-20,21:55:01,2026-02-20T21:55:01Z,2026-02-20T21:55:01Z,NA,v3,CNE,NA,NA,"Christmas, Seth",1000191967,Right,LEN_BEA,d1244281-d1f1-4b9d-b401-8ac835431861,54.66711,-132.92527,15.09888,6.17367,-4.56993,-4.87306,-2.16686,8.42752,-3.93928,NA,NA,NA,NA,NA,NA,NA,NA,NA,NA,NA,NA,NA,NA,NA,NA,NA,NA,NA,NA,NA,NA,NA,NA,NA,NA,NA,NA,NA,NA,NA,NA,NA,NA,NA,NA,NA,NA,NA,NA,NA,NA,NA,NA,NA,NA,NA,NA,NA,NA,High,High,High,NA,NA,NA,NA,NA,202.491502,12.544479,2287.083622,0.976128,12:45:00,-0.261095,-0.380884,-0.886993,-31.370277,6.569666,-21.236265,-0.081009,179.821762,-0.996709,-0.177652,0.996709,-0.003101,0.081009,4.646614,-4.646592,0.003101,-0.003101,-179.821762,4.646592,0.081009,0.177652,-4.646614,-0.081009,0.003101,0.996709,-0.996709,NA,NA,NA,NA,NA,NA,NA,NA,NA,NA,NA,NA
NA,NA,NA,NA,NA,NA,NA,NA,NA,NA,NA,NA,NA,NA,NA,NA,335,2026-02-20,16:55:14,1,3,"Renaud, Jack",824527,Right,LEN_BEA,"Pierce, Johno",10069844,Right,CAR_EAG,Undefined,8,Bottom,0,1,1,Slider,Slider,InPlay,Undefined,FlyBall,Out,1,0,NA,82.82523,-0.791513,-1.986539,2301.010811,95.419331,09:15:00,6.02468,2.2291,5.68911,-39.22514,1.65532,-4.66181,2.01769,-0.0117,76.5083,-7.963314,-2.820479,0.460182,80.68771,25.217972,-18.397356,2763.616182,104.00313,41.81105,-35.82362,297.64066,293.77069,-19.834198,3.931214,1.85819,1.38028,-2.05888,50,5.93319,4.35514,-120.31817,-2.99137,2.73325,22.59577,-30.14375,CAR_EAG,LEN_BEA,CarsonNewman,D2,Team,20260220-CarsonNewman-1,d7f98510-0ea6-11f1-8304-27cb6f288688,81.90775,48.06551,NA,6.31693,NA,NA,NA,2.08683,2.2316,0.00902,46df0e37-f40e-476d-8c8d-a76c06d1b556,2026-02-20,21:55:14,2026-02-20T21:55:14Z,2026-02-20T21:55:14Z,LineDrive,v3,CNE,NA,NA,"Christmas, Seth",1000191967,Right,LEN_BEA,550d14b6-0568-4af4-8db0-5c6e8ed0e2da,54.81379,-121.21883,11.29788,6.02848,-1.78985,-15.07188,-2.2303,4.24619,1.36663,166.730237,2.08724,101.57808,-15.3318,3.23927,-0.49281,0.03912,-0.00124,7.5e-4,-1.2e-4,2.2317,50.41925,-14.58731,0.35523,0.09614,-0.09641,0.04363,-0.00866,6.2e-4,0.00914,-33.79526,2.98166,-0.3802,0.11204,-0.05371,0.01697,-0.0028,1.8e-4,NA,NA,NA,NA,NA,NA,NA,NA,NA,NA,NA,NA,NA,NA,NA,NA,NA,NA,NA,NA,NA,NA,High,High,High,High,High,NA,NA,NA,144.987217,76.380765,541.815317,0.235468,10:45:00,-0.979756,0.121664,-0.158987,58.976759,23.013082,83.007092,0.383629,176.062991,-0.921308,3.635356,0.921308,-0.063406,-0.383629,22.606656,22.558658,0.063406,0.063406,-176.062991,-22.558658,0.383629,-3.635356,-22.606656,-0.383629,-0.063406,0.921308,-0.921308,NA,NA,NA,NA,NA,NA,NA,NA,NA,NA,NA,NA
NA,NA,NA,NA,NA,NA,NA,NA,NA,NA,NA,NA,NA,NA,NA,NA,336,2026-02-20,16:56:03,2,1,"Renaud, Jack",824527,Right,LEN_BEA,"Hubbard, Ian",10071315,Left,CAR_EAG,Undefined,8,Bottom,1,0,0,Fastball,Four-Seam,StrikeSwinging,Undefined,Undefined,Undefined,0,0,NA,91.71302,-3.241478,-3.112906,2346.761196,205.909621,12:45:00,6.41118,2.18314,5.71773,-10.62816,23.11856,10.66784,2.49818,0.16942,83.31953,-5.327269,-1.208863,0.418107,NA,NA,NA,NA,NA,NA,NA,NA,NA,NA,NA,-6.27571,12.98245,-1.92905,50,6.13286,6.73171,-132.73742,-7.76557,-11.15055,29.50511,-9.10704,CAR_EAG,LEN_BEA,CarsonNewman,D2,Team,20260220-CarsonNewman-1,f50520b0-0ea6-11f1-8304-27cb6f288688,90.15029,NA,NA,8.39349,NA,NA,NA,NA,NA,NA,46df0e37-f40e-476d-8c8d-a76c06d1b556,2026-02-20,21:56:03,2026-02-20T21:56:03Z,2026-02-20T21:56:03Z,NA,v3,CNE,NA,NA,"Christmas, Seth",1000191967,Right,LEN_BEA,3fbff616-f3ae-43d2-9ccf-6816062884af,54.78078,-133.79588,14.75256,6.40558,-7.43887,-4.55352,-2.17772,7.13172,-5.57528,NA,NA,NA,NA,NA,NA,NA,NA,NA,NA,NA,NA,NA,NA,NA,NA,NA,NA,NA,NA,NA,NA,NA,NA,NA,NA,NA,NA,NA,NA,NA,NA,NA,NA,NA,NA,NA,NA,NA,NA,NA,NA,NA,NA,NA,NA,NA,NA,NA,NA,High,High,High,NA,NA,NA,NA,NA,208.432587,8.516162,2320.886114,0.988974,01:00:00,-0.168274,-0.478495,-0.861816,-36.28752,-0.735328,-23.128544,0.102568,178.699192,-0.99447,1.293947,0.99447,-0.022582,-0.102568,5.88856,5.887053,0.022582,0.022582,-178.699192,-5.887053,0.102568,-1.293947,-5.88856,-0.102568,-0.022582,0.99447,-0.99447,NA,NA,NA,NA,NA,NA,NA,NA,NA,NA,NA,NA
NA,NA,NA,NA,NA,NA,NA,NA,NA,NA,NA,NA,NA,NA,NA,NA,337,2026-02-20,16:56:19,2,2,"Renaud, Jack",824527,Right,LEN_BEA,"Hubbard, Ian",10071315,Left,CAR_EAG,Undefined,8,Bottom,1,0,1,Slider,Four-Seam,BallCalled,Undefined,Undefined,Undefined,0,0,NA,90.75482,-3.641943,-3.146732,2319.947924,222.438738,01:30:00,6.04488,2.16207,5.70476,-18.63698,15.66513,13.31202,1.08859,0.33638,83.17193,-7.129318,-0.768776,0.421533,NA,NA,NA,NA,NA,NA,NA,NA,NA,NA,NA,-7.60193,9.28965,-1.90626,50,5.72713,6.63451,-131.39365,-8.97826,-13.31445,27.35224,-15.9036,CAR_EAG,LEN_BEA,CarsonNewman,D2,Team,20260220-CarsonNewman-1,feeb27a0-0ea6-11f1-8304-27cb6f288688,89.41747,NA,NA,7.58289,NA,NA,NA,NA,NA,NA,46df0e37-f40e-476d-8c8d-a76c06d1b556,2026-02-20,21:56:19,2026-02-20T21:56:19Z,2026-02-20T21:56:19Z,NA,v3,CNE,NA,NA,"Christmas, Seth",1000191967,Right,LEN_BEA,41727ca1-0645-4909-ae2b-afefc6fe591e,54.79565,-132.3882,13.67612,6.04307,-8.39999,-7.9518,-2.1563,7.11863,-6.65722,NA,NA,NA,NA,NA,NA,NA,NA,NA,NA,NA,NA,NA,NA,NA,NA,NA,NA,NA,NA,NA,NA,NA,NA,NA,NA,NA,NA,NA,NA,NA,NA,NA,NA,NA,NA,NA,NA,NA,NA,NA,NA,NA,NA,NA,NA,NA,NA,NA,NA,High,High,High,NA,NA,NA,NA,NA,209.967432,18.036483,2205.944656,0.95086,01:00:00,-0.323624,-0.49367,-0.807191,-42.238593,1.80129,-20.433647,-0.118931,173.861074,-0.987209,-6.09519,0.987209,-0.106181,0.118931,6.869402,-6.830383,0.106181,-0.106181,-173.861074,6.830383,0.118931,6.09519,-6.869402,-0.118931,0.106181,0.987209,-0.987209,NA,NA,NA,NA,NA,NA,NA,NA,NA,NA,NA,NA
NA,NA,NA,NA,NA,NA,NA,NA,NA,NA,NA,NA,NA,NA,NA,NA,338,2026-02-20,16:56:34,2,3,"Renaud, Jack",824527,Right,LEN_BEA,"Hubbard, Ian",10071315,Left,CAR_EAG,Undefined,8,Bottom,1,1,1,Slider,Curveball,StrikeCalled,Undefined,Undefined,Undefined,0,0,NA,78.70563,0.463304,-1.086535,2280.902637,34.259407,07:15:00,6.01573,2.19864,5.64843,-50.63597,-5.09433,-4.43634,2.22831,0.81533,72.41201,-8.776603,-1.880648,0.485708,NA,NA,NA,NA,NA,NA,NA,NA,NA,NA,NA,1.93323,-2.23606,-2.10364,50,6.02303,2.34039,-114.32735,-0.77544,2.5532,21.50266,-35.12717,CAR_EAG,LEN_BEA,CarsonNewman,D2,Team,20260220-CarsonNewman-1,07f48a30-0ea7-11f1-8304-27cb6f288688,77.60302,NA,NA,6.29362,NA,NA,NA,NA,NA,NA,46df0e37-f40e-476d-8c8d-a76c06d1b556,2026-02-20,21:56:34,2026-02-20T21:56:34Z,2026-02-20T21:56:34Z,NA,v3,CNE,NA,NA,"Christmas, Seth",1000191967,Right,LEN_BEA,92f6b2f1-4d7e-4836-a621-72cc2dd6f8cf,54.85363,-115.2366,10.75133,6.02442,0.70994,-17.56359,-2.20032,2.23243,1.2766,NA,NA,NA,NA,NA,NA,NA,NA,NA,NA,NA,NA,NA,NA,NA,NA,NA,NA,NA,NA,NA,NA,NA,NA,NA,NA,NA,NA,NA,NA,NA,NA,NA,NA,NA,NA,NA,NA,NA,NA,NA,NA,NA,NA,NA,NA,NA,NA,NA,NA,High,High,High,NA,NA,NA,NA,NA,70.802727,71.907487,708.339385,0.310552,08:15:00,-0.946047,0.30096,0.120077,-57.819874,-57.169404,34.098024,0.23206,175.452561,-0.96964,4.423051,0.96964,-0.07712,-0.23206,13.45919,13.418356,0.07712,0.07712,-175.452561,-13.418356,0.23206,-4.423051,-13.45919,-0.23206,-0.07712,0.96964,-0.96964,NA,NA,NA,NA,NA,NA,NA,NA,NA,NA,NA,NA
NA,NA,NA,NA,NA,NA,NA,NA,NA,NA,NA,NA,NA,NA,NA,NA,339,2026-02-20,16:56:55,2,4,"Renaud, Jack",824527,Right,LEN_BEA,"Hubbard, Ian",10071315,Left,CAR_EAG,Undefined,8,Bottom,1,1,2,Fastball,Four-Seam,FoulBallNotFieldable,Undefined,Undefined,Undefined,0,0,NA,90.71724,-1.980727,-3.34474,2209.202584,213.410533,01:00:00,6.06938,2.21125,5.70901,-15.79843,18.71139,11.5606,2.90349,0.05475,82.29851,-4.997524,-1.281741,0.422808,71.45956,35.610649,-173.630058,3429.593127,NA,NA,NA,NA,21.22157,NA,NA,-6.89764,10.46312,-1.93817,50,5.8936,7.17443,-131.40524,-5.02272,-11.97762,29.63205,-14.00506,CAR_EAG,LEN_BEA,CarsonNewman,D2,Team,20260220-CarsonNewman-1,1485b3f0-0ea7-11f1-8304-27cb6f288688,89.14797,18.43381,NA,8.41873,NA,NA,NA,2.26418,3.00633,-0.25132,46df0e37-f40e-476d-8c8d-a76c06d1b556,2026-02-20,21:56:55,2026-02-20T21:56:55Z,2026-02-20T21:56:55Z,NA,v3,CNE,NA,NA,"Christmas, Seth",1000191967,Right,LEN_BEA,fe9934c6-fb9b-44aa-87fe-f801ffa4a041,54.79148,-132.48132,14.81602,6.06676,-4.51413,-7.00253,-2.20661,7.60939,-5.98881,NA,2.26231,-84.59345,9.41892,NA,NA,NA,NA,NA,NA,3.00907,60.89819,-22.97429,NA,NA,NA,NA,NA,NA,-0.24976,-9.5271,-3.72521,NA,NA,NA,NA,NA,NA,NA,NA,NA,NA,NA,NA,NA,NA,NA,NA,NA,NA,NA,NA,NA,NA,NA,NA,NA,NA,NA,NA,High,High,High,High,Undefined,NA,NA,NA,209.33943,18.866638,2090.510548,0.946274,01:00:00,-0.354752,-0.474557,-0.805572,-31.110213,9.202083,-11.959687,0.028736,173.31393,-0.992789,6.683296,0.992789,-0.116381,-0.028736,1.657924,1.646655,0.116381,0.116381,-173.31393,-1.646655,0.028736,-6.683296,-1.657924,-0.028736,-0.116381,0.992789,-0.992789,NA,NA,NA,NA,NA,NA,NA,NA,NA,NA,NA,NA
NA,NA,NA,NA,NA,NA,NA,NA,NA,NA,NA,NA,NA,NA,NA,NA,340,2026-02-20,16:57:16,2,5,"Renaud, Jack",824527,Right,LEN_BEA,"Hubbard, Ian",10071315,Left,CAR_EAG,Undefined,8,Bottom,1,1,2,Fastball,Four-Seam,StrikeSwinging,Strikeout,Undefined,Undefined,0,0,NA,91.56484,-1.982928,-3.640094,2407.712161,215.361351,01:15:00,6.14308,2.23047,5.83996,-16.04733,17.87973,11.81658,2.95836,-0.17257,82.57962,-5.059805,-1.527205,0.419222,NA,NA,NA,NA,NA,NA,NA,NA,NA,NA,NA,-7.09965,10.0669,-1.94008,50,5.9717,7.89047,-132.49172,-5.05638,-12.46756,31.49552,-14.49577,CAR_EAG,LEN_BEA,CarsonNewman,D2,Team,20260220-CarsonNewman-1,20ff0ff0-0ea7-11f1-8304-27cb6f288688,89.91037,NA,NA,8.98523,NA,NA,NA,NA,NA,NA,46df0e37-f40e-476d-8c8d-a76c06d1b556,2026-02-20,21:57:16,2026-02-20T21:57:16Z,2026-02-20T21:57:16Z,NA,v3,CNE,NA,NA,"Christmas, Seth",1000191967,Right,LEN_BEA,a562c964-5efd-4425-95de-6b62877af5b3,54.65695,-133.59417,15.74776,6.13981,-4.54898,-7.24788,-2.22391,8.32687,-6.23378,NA,NA,NA,NA,NA,NA,NA,NA,NA,NA,NA,NA,NA,NA,NA,NA,NA,NA,NA,NA,NA,NA,NA,NA,NA,NA,NA,NA,63.82747,2.93621,1.875712,1.060498,-2.02996,2.64576,0.26034,-2.33781,5.171,-2.20629,68.34995,5.83975,-56.43982,-2.3176,70.53878,-3.68512,5.2197,16.63811,-15.15029,-2.27068,-58.00623,6.54845,High,High,High,NA,NA,High,High,High,207.735345,12.973637,2346.251614,0.974473,01:00:00,-0.263015,-0.461005,-0.847524,-31.823644,-16.654884,-29.389757,0.023494,165.766357,-0.969034,14.229631,0.969034,-0.245809,-0.023494,1.388853,1.346232,0.245809,0.245809,-165.766357,-1.346232,0.023494,-14.229631,-1.388853,-0.023494,-0.245809,0.969034,-0.969034,NA,NA,NA,NA,NA,NA,NA,NA,NA,NA,NA,NA
NA,NA,NA,NA,NA,NA,NA,NA,NA,NA,NA,NA,NA,NA,NA,NA,341,2026-02-20,16:57:51,3,1,"Renaud, Jack",824527,Right,LEN_BEA,"Greene, Maddox",10122259,Right,CAR_EAG,Undefined,8,Bottom,2,0,0,Slider,Slider,BallCalled,Undefined,Undefined,Undefined,0,0,NA,81.685,0.107183,-3.607535,2338.646627,106.700227,09:30:00,6.23528,2.13387,5.71324,-39.48986,3.25595,-5.97477,3.04451,-1.72938,74.26124,-7.162364,-4.672733,0.470564,NA,NA,NA,NA,NA,NA,NA,NA,NA,NA,NA,1.89079,2.09874,-1.82789,50,6.22021,7.69917,-118.28128,-1.09469,2.64764,24.99601,-29.23519,CAR_EAG,LEN_BEA,CarsonNewman,D2,Team,20260220-CarsonNewman-1,35be5770-0ea7-11f1-8304-27cb6f288688,80.10062,NA,NA,7.42376,NA,NA,NA,NA,NA,NA,46df0e37-f40e-476d-8c8d-a76c06d1b556,2026-02-20,21:57:51,2026-02-20T21:57:51Z,2026-02-20T21:57:51Z,NA,v3,CNE,NA,NA,"Christmas, Seth",1000191967,Right,LEN_BEA,fc6e3f6f-997f-4b3f-9d74-93282e802f66,54.78511,-119.28822,12.49801,6.24059,0.08302,-14.6176,-2.1359,7.59251,1.32382,NA,NA,NA,NA,NA,NA,NA,NA,NA,NA,NA,NA,NA,NA,NA,NA,NA,NA,NA,NA,NA,NA,NA,NA,NA,NA,NA,NA,NA,NA,NA,NA,NA,NA,NA,NA,NA,NA,NA,NA,NA,NA,NA,NA,NA,NA,NA,NA,NA,NA,High,High,High,NA,NA,NA,NA,NA,132.541895,76.193644,558.097402,0.238641,10:30:00,-0.979006,0.177643,-0.09995,56.804598,20.084712,76.97509,-0.452081,179.338391,-0.891918,-0.590137,0.891918,-0.0103,0.452081,26.878787,-26.877247,0.0103,-0.0103,-179.338391,26.877247,0.452081,0.590137,-26.878787,-0.452081,0.0103,0.891918,-0.891918,NA,NA,NA,NA,NA,NA,NA,NA,NA,NA,NA,NA
NA,NA,NA,NA,NA,NA,NA,NA,NA,NA,NA,NA,NA,NA,NA,NA,342,2026-02-20,16:58:07,3,2,"Renaud, Jack",824527,Right,LEN_BEA,"Greene, Maddox",10122259,Right,CAR_EAG,Undefined,8,Bottom,2,1,0,Fastball,Four-Seam,InPlay,Undefined,Popup,Out,1,0,NA,90.35314,-1.89979,-3.195984,2354.52978,213.712986,01:00:00,6.24212,2.24925,5.80414,-15.9617,18.94761,11.78946,3.14168,0.25619,81.37871,-4.968866,-1.087852,0.425248,NA,NA,NA,NA,NA,NA,NA,NA,NA,NA,NA,-7.06,10.65197,-1.99379,50,6.07662,6.79325,-130.8189,-4.80231,-12.05317,31.41366,-13.98852,CAR_EAG,LEN_BEA,CarsonNewman,D2,Team,20260220-CarsonNewman-1,3f755f20-0ea7-11f1-8304-27cb6f288688,88.63643,NA,NA,8.97443,NA,NA,NA,NA,NA,NA,46df0e37-f40e-476d-8c8d-a76c06d1b556,2026-02-20,21:58:07,2026-02-20T21:58:07Z,2026-02-20T21:58:07Z,NA,v3,CNE,NA,NA,"Christmas, Seth",1000191967,Right,LEN_BEA,ae747609-412a-47dc-8385-2d5592202df2,54.69532,-131.94157,15.70683,6.23932,-4.30238,-6.99426,-2.24427,7.22402,-6.02658,NA,NA,NA,NA,NA,NA,NA,NA,NA,NA,NA,NA,NA,NA,NA,NA,NA,NA,NA,NA,NA,NA,NA,NA,NA,NA,NA,NA,NA,NA,NA,NA,NA,NA,NA,NA,NA,NA,NA,NA,NA,NA,NA,NA,NA,NA,NA,NA,NA,NA,High,High,High,NA,NA,NA,NA,NA,205.292593,19.86867,2214.374297,0.940474,12:45:00,-0.373257,-0.412855,-0.830801,-36.043588,-9.067068,-31.383077,-0.031152,166.507297,-0.971928,-13.486031,0.971928,-0.233208,0.031152,1.835794,-1.785159,0.233208,-0.233208,-166.507297,1.785159,0.031152,13.486031,-1.835794,-0.031152,0.233208,0.971928,-0.971928,NA,NA,NA,NA,NA,NA,NA,NA,NA,NA,NA,NA
NA,NA,NA,NA,NA,NA,NA,NA,NA,NA,NA,NA,NA,NA,NA,NA,343,2026-02-20,17:00:19,1,1,"Norris, Eli",1000334436,Right,CAR_EAG,"Beard, Drew",1000361012,Right,LEN_BEA,Undefined,9,Top,0,0,0,Cutter,Slider,FoulBallNotFieldable,Undefined,Undefined,Undefined,0,0,NA,82.55515,-1.099197,-0.781225,2452.3194,206.630343,01:00:00,6.32129,0.51076,6.23494,-35.41388,5.36146,1.99539,2.35587,-0.04371,75.25497,-7.696261,-0.4202,0.45959,97.1881,-55.107263,-92.151898,NA,NA,NA,NA,3.15697,3.15697,-33.185536,0.021584,-1.28284,3.50264,-0.45347,50,6.22177,1.56174,-119.9104,-3.37112,-1.84848,25.42341,-27.12701,CAR_EAG,LEN_BEA,CarsonNewman,D2,Team,20260220-CarsonNewman-1,8df33690-0ea7-11f1-8304-27cb6f288688,82.01326,2.52839,NA,7.30018,NA,NA,NA,2.70829,2.52839,0.03413,46df0e37-f40e-476d-8c8d-a76c06d1b556,2026-02-20,22:00:19,2026-02-20T22:00:19Z,2026-02-20T22:00:19Z,GroundBall,v3,CNE,NA,NA,"Hammond, Kevin",10120878,Right,CAR_EAG,df4817d1-d6c8-425e-86f9-79477dd7b506,54.26597,-120.81149,12.71171,6.32421,-2.40965,-13.56351,-0.50998,1.62725,-0.92424,NA,2.70831,-3.06762,NA,NA,NA,NA,NA,NA,NA,2.52917,-117.14118,NA,NA,NA,NA,NA,NA,NA,0.03468,-81.63914,NA,NA,NA,NA,NA,NA,NA,NA,NA,NA,NA,NA,NA,NA,NA,NA,NA,NA,NA,NA,NA,NA,NA,NA,NA,NA,NA,NA,NA,High,High,High,Estimated,Estimated,NA,NA,NA,182.717075,64.777999,1044.998768,0.426127,12:00:00,-0.909829,-0.037551,-0.413281,-41.954403,-21.273549,-40.956891,0.367977,124.411618,-0.525482,50.095331,0.525482,-0.767113,-0.367977,35.002231,21.59089,0.767113,0.767113,-124.411618,-21.59089,0.367977,-50.095331,-35.002231,-0.367977,-0.767113,0.525482,-0.525482,NA,NA,NA,NA,NA,NA,NA,NA,NA,NA,NA,NA
NA,NA,NA,NA,NA,NA,NA,NA,NA,NA,NA,NA,NA,NA,NA,NA,344,2026-02-20,17:00:44,1,2,"Norris, Eli",1000334436,Right,CAR_EAG,"Beard, Drew",1000361012,Right,LEN_BEA,Undefined,9,Top,0,0,1,Curveball,Curveball,StrikeCalled,Undefined,Undefined,Undefined,0,0,NA,75.10812,1.225128,0.819114,2527.048127,38.657564,07:15:00,6.47883,0.07046,5.45921,-64.38681,-13.61001,-12.24599,2.26036,-0.18324,68.78659,-10.457115,-1.368971,0.512866,NA,NA,NA,NA,NA,NA,NA,NA,NA,NA,NA,6.38618,-6.63394,-0.1342,50,6.54303,-1.08989,-109.03455,0.16808,7.59851,21.25279,-40.06735,CAR_EAG,LEN_BEA,CarsonNewman,D2,Team,20260220-CarsonNewman-1,9cbf0e10-0ea7-11f1-8304-27cb6f288688,73.49371,NA,NA,6.32154,NA,NA,NA,NA,NA,NA,46df0e37-f40e-476d-8c8d-a76c06d1b556,2026-02-20,22:00:44,2026-02-20T22:00:44Z,2026-02-20T22:00:44Z,NA,v3,CNE,NA,NA,"Hammond, Kevin",10120878,Right,CAR_EAG,8aad9d9b-fe92-4e4d-8c79-76b9c0990d91,55.04517,-110.01355,10.62639,6.49278,2.01376,-20.03368,-0.07593,-1.43991,3.79925,NA,NA,NA,NA,NA,NA,NA,NA,NA,NA,NA,NA,NA,NA,NA,NA,NA,NA,NA,NA,NA,NA,NA,NA,NA,NA,NA,NA,NA,NA,NA,NA,NA,NA,NA,NA,NA,NA,NA,NA,NA,NA,NA,NA,NA,NA,NA,NA,NA,NA,High,High,High,NA,NA,NA,NA,NA,11.855271,49.61423,1637.352162,0.647931,06:30:00,-0.767667,0.149366,0.623199,-56.246706,-5.519898,-5.530079,0.714789,129.895872,-0.448553,32.448543,0.448553,-0.536542,-0.714789,57.890401,45.625887,0.536542,0.536542,-129.895872,-45.625887,0.714789,-32.448543,-57.890401,-0.714789,-0.536542,0.448553,-0.448553,NA,NA,NA,NA,NA,NA,NA,NA,NA,NA,NA,NA
NA,NA,NA,NA,NA,NA,NA,NA,NA,NA,NA,NA,NA,NA,NA,NA,345,2026-02-20,17:01:02,1,3,"Norris, Eli",1000334436,Right,CAR_EAG,"Beard, Drew",1000361012,Right,LEN_BEA,Undefined,9,Top,0,0,2,Splitter,Changeup,InPlay,Undefined,LineDrive,Double,0,0,NA,80.16373,-1.56566,-0.510046,1501.302238,200.019455,12:45:00,6.4770200000000004,-0.03378,5.88643,-24.12997,20.9493,6.92272,3.01187,0.06946,70.8911,-6.209604,0.732742,0.48323700000000003,96.34236,23.469109,-12.732271,1946.698105,107.22153,42.46231,-24.56681,374.99956,367.11935,-14.526011,4.205625,-3.73906,11.85772,0.07092,50,6.33736,0.76157,-115.96514,-3.79701,-4.89861,29.33387,-16.63899,CAR_EAG,LEN_BEA,CarsonNewman,D2,Team,20260220-CarsonNewman-1,a7d816c0-0ea7-11f1-8304-27cb6f288688,77.99995,57.08955,NA,9.27263,NA,NA,NA,2.09423,3.18616,-0.02999,46df0e37-f40e-476d-8c8d-a76c06d1b556,2026-02-20,22:01:02,2026-02-20T22:01:02Z,2026-02-20T22:01:02Z,LineDrive,v3,CNE,NA,NA,"Hammond, Kevin",10120878,Right,CAR_EAG,6d0d5072-5a88-4bb9-89e4-bbe05dc4696f,54.60825,-117.12502,14.66694,6.47449,-3.1391,-8.3195,0.03698,0.95526,-2.4493,172.645641,2.09343,126.44997,-18.52219,4.08437,-0.94508,0.22949,-0.04777,0.00622,-3.4e-4,3.18744,56.23128,-16.07647,0.86552,-0.03809,-0.04282,0.01728,-0.00261,1.4e-4,-0.02982,-28.57283,3.18676,-0.77062,0.16181,-0.03135,0.00503,-5.6e-4,3e-5,NA,NA,NA,NA,NA,NA,NA,NA,NA,NA,NA,NA,NA,NA,NA,NA,NA,NA,NA,NA,NA,NA,High,High,High,High,High,NA,NA,NA,187.060359,29.399765,1307.958269,0.871216,12:15:00,-0.495468,-0.120458,-0.860233,-50.620458,-68.189318,12.093573,0.988023,124.199801,-0.086732,7.332232,0.086732,-0.127623,-0.988023,84.983268,81.123535,0.127623,0.127623,-124.199801,-81.123535,0.988023,-7.332232,-84.983268,-0.988023,-0.127623,0.086732,-0.086732,NA,NA,NA,NA,NA,NA,NA,NA,NA,NA,NA,NA
NA,NA,NA,NA,NA,NA,NA,NA,NA,NA,NA,NA,NA,NA,NA,NA,346,2026-02-20,17:01:49,2,1,"Norris, Eli",1000334436,Right,CAR_EAG,"Murchison, Trent",10032231,Left,LEN_BEA,Undefined,9,Top,0,0,0,Fastball,Four-Seam,InPlay,Undefined,GroundBall,Sacrifice,1,0,NA,90.26791,-2.556178,-0.807609,2222.462094,196.080203,12:30:00,6.40909,0.49065,6.24401,-14.89639,19.16281,5.19099,2.80817,0.17826,82.07895,-5.430122,0.130353,0.420038,28.59867,-6.049991,-28.238436,851.46323400000006,NA,NA,NA,15.88421,15.597,-24.286141,0.323356,-2.95197,11.07548,-0.43309,50,6.21131,1.63841,-131.02722,-6.23766,-5.09428,29.57938,-13.06094,CAR_EAG,LEN_BEA,CarsonNewman,D2,Team,20260220-CarsonNewman-1,c39c8c60-0ea7-11f1-8304-27cb6f288688,89.73579,2.93623,NA,8.18896,NA,NA,NA,2.76741,2.93623,-0.18665,46df0e37-f40e-476d-8c8d-a76c06d1b556,2026-02-20,22:01:49,2026-02-20T22:01:49Z,2026-02-20T22:01:49Z,GroundBall,v3,CNE,NA,NA,"Hammond, Kevin",10120878,Right,CAR_EAG,f60af0d8-01e1-415d-827e-0541a34a1efa,54.25669,-131.98467,14.78969,6.40637,-5.81489,-6.53047,-0.48879,1.80331,-2.54714,157.485937,2.76784,36.72905,-1.59042,NA,NA,NA,NA,NA,NA,2.93689,-4.44712,-14.3443,NA,NA,NA,NA,NA,NA,-0.18687,-19.72602,0.31115,NA,NA,NA,NA,NA,NA,NA,NA,NA,NA,NA,NA,NA,NA,NA,NA,NA,NA,NA,NA,NA,NA,NA,NA,NA,NA,NA,NA,High,High,High,High,High,NA,NA,NA,191.784149,23.604057,2036.51842,0.916334,12:30:00,-0.404274,-0.20481,-0.891412,1.062806,22.028838,29.778357,-0.003609,175.144676,-0.996405,-4.855292,0.996405,-0.084639,0.003609,0.207537,-0.206793,0.084639,-0.084639,-175.144676,0.206793,0.003609,4.855292,-0.207537,-0.003609,0.084639,0.996405,-0.996405,NA,NA,NA,NA,NA,NA,NA,NA,NA,NA,NA,NA
NA,NA,NA,NA,NA,NA,NA,NA,NA,NA,NA,NA,NA,NA,NA,NA,347,2026-02-20,17:02:24,3,1,"Norris, Eli",1000334436,Right,CAR_EAG,"Lackey, Lleyton",813440,Left,LEN_BEA,Undefined,9,Top,1,0,0,Fastball,Four-Seam,InPlay,Undefined,FlyBall,Sacrifice,1,1,NA,91.25685,-3.947228,-1.263869,2257.47674,185.909266,12:15:00,6.4739,0.18037,6.02113,-7.68874,26.45903,2.60165,2.17031,-0.77369,81.82428,-5.543037,-0.796189,0.420584,87.49523,41.551521,10.133277,3007.860432,109.12918,81.02317,13.81344,324.00182,281.21134,2.54201,5.267422,-1.78382,15.41458,-0.08284,50,6.1605,2.80475,-132.0616,-9.21675,-3.08363,33.67046,-5.52762,CAR_EAG,LEN_BEA,CarsonNewman,D2,Team,20260220-CarsonNewman-1,d8484be0-0ea7-11f1-8304-27cb6f288688,89.61929,100.47953,NA,9.43257,NA,NA,NA,1.74475,1.69219,0.575,46df0e37-f40e-476d-8c8d-a76c06d1b556,2026-02-20,22:02:24,2026-02-20T22:02:24Z,2026-02-20T22:02:24Z,FlyBall,v3,CNE,NA,NA,"Hammond, Kevin",10120878,Right,CAR_EAG,d22d2098-70ee-4123-a62a-436f77fcddd7,54.47906,-133.19868,16.83523,6.4686,-9.03008,-2.76381,-0.17932,2.90889,-1.54181,148.268565,1.74907,94.45045,-14.28996,2.78757,-0.27726,-0.03179,0.01384,-0.00154,6e-5,1.69037,85.14571,-21.90978,2.1881,-0.3517,0.00131,0.01576,-0.00301,1.8e-4,0.57818,16.83166,-6.94764,1.50679,-0.14142,-0.02746,0.01074,-0.00126,5e-5,NA,NA,NA,NA,NA,NA,NA,NA,NA,NA,NA,NA,NA,NA,NA,NA,NA,NA,NA,NA,NA,NA,High,High,High,High,Low,NA,NA,NA,NA,NA,NA,NA,NA,NA,NA,NA,NA,NA,NA,NA,NA,NA,NA,NA,NA,NA,NA,NA,NA,NA,NA,NA,NA,NA,NA,NA,NA,NA,NA,NA,NA,NA,NA,NA,NA,NA,NA,NA,NA,NA,NA
NA,NA,NA,NA,NA,NA,NA,NA,NA,NA,NA,NA,NA,NA,NA,NA,348,2026-02-20,17:03:01,4,1,"Norris, Eli",1000334436,Right,CAR_EAG,"Wainwright, Mackenzie",694679,Right,LEN_BEA,Undefined,9,Top,2,0,0,Cutter,Slider,FoulBallNotFieldable,Undefined,Undefined,Undefined,0,0,NA,82.82141,-0.887674,-0.721972,2295.904886,159.178517,11:15:00,6.28715,0.1423,6.04987,-31.51628,8.53335,-2.8154,2.83889,-0.76073,76.74662,-6.724499,-1.229201,0.455481,NA,NA,NA,NA,NA,NA,NA,NA,NA,NA,NA,1.28039,4.96496,-0.08457,50,6.20089,1.62302,-120.47966,-2.84247,1.90063,21.23344,-24.80404,CAR_EAG,LEN_BEA,CarsonNewman,D2,Team,20260220-CarsonNewman-1,ee5b3c80-0ea7-11f1-8304-27cb6f288688,82.75298,NA,NA,6.07479,NA,NA,NA,NA,NA,NA,46df0e37-f40e-476d-8c8d-a76c06d1b556,2026-02-20,22:03:01,2026-02-20T22:03:01Z,2026-02-20T22:03:01Z,NA,v3,CNE,NA,NA,"Hammond, Kevin",10120878,Right,CAR_EAG,887fe849-9de1-461b-bd7c-f97e54d1a1a6,54.45257,-121.26184,10.61672,6.28877,-1.92875,-12.40202,-0.14307,1.55301,0.95031,NA,NA,NA,NA,NA,NA,NA,NA,NA,NA,NA,NA,NA,NA,NA,NA,NA,NA,NA,NA,NA,NA,NA,NA,NA,NA,NA,NA,NA,NA,NA,NA,NA,NA,NA,NA,NA,NA,NA,NA,NA,NA,NA,NA,NA,NA,NA,NA,NA,NA,High,High,High,NA,NA,NA,NA,NA,183.578193,60.840311,1118.669053,0.487245,12:00:00,-0.878747,-0.043934,-0.475261,-29.235619,-7.35309,-32.972768,0.263682,127.229148,-0.583593,50.178539,0.583593,-0.768044,-0.263682,24.314633,15.288639,0.768044,0.768044,-127.229148,-15.288639,0.263682,-50.178539,-24.314633,-0.263682,-0.768044,0.583593,-0.583593,NA,NA,NA,NA,NA,NA,NA,NA,NA,NA,NA,NA
NA,NA,NA,NA,NA,NA,NA,NA,NA,NA,NA,NA,NA,NA,NA,NA,349,2026-02-20,17:03:24,4,2,"Norris, Eli",1000334436,Right,CAR_EAG,"Wainwright, Mackenzie",694679,Right,LEN_BEA,Undefined,9,Top,2,0,1,Fastball,Four-Seam,StrikeSwinging,Undefined,Undefined,Undefined,0,0,NA,91.41494,-2.307294,0.039394,2348.342275,193.893619,12:30:00,6.43737,0.04333,5.94908,-12.42548,21.50572,5.00721,3.2607,0.49713,82.1796,-4.747169,0.93899,0.419248,NA,NA,NA,NA,NA,NA,NA,NA,NA,NA,NA,-2.52461,12.08678,-0.04911,50,6.24656,-0.31609,-132.46384,-5.62112,-4.41008,32.74422,-11.06044,CAR_EAG,LEN_BEA,CarsonNewman,D2,Team,20260220-CarsonNewman-1,fbf3eb30-0ea7-11f1-8304-27cb6f288688,89.90486,NA,NA,9.23534,NA,NA,NA,NA,NA,NA,46df0e37-f40e-476d-8c8d-a76c06d1b556,2026-02-20,22:03:24,2026-02-20T22:03:24Z,2026-02-20T22:03:24Z,NA,v3,CNE,NA,NA,"Hammond, Kevin",10120878,Right,CAR_EAG,c51d7e77-696b-4add-b2fa-87003f5f6292,54.54681,-133.58305,16.37211,6.43223,-5.24307,-5.53022,-0.04088,-0.16535,-2.20504,NA,NA,NA,NA,NA,NA,NA,NA,NA,NA,NA,NA,NA,NA,NA,NA,NA,NA,NA,NA,NA,NA,NA,NA,NA,NA,NA,NA,NA,NA,NA,NA,NA,NA,NA,NA,NA,NA,NA,NA,NA,NA,NA,NA,NA,NA,NA,NA,NA,NA,High,High,High,NA,NA,NA,NA,NA,191.21898,23.42889,2154.73145,0.917554,12:15:00,-0.389482,-0.194381,-0.900288,-25.740801,1.445353,-41.258576,-0.029999,171.847778,-0.989449,-8.148528,0.989449,-0.14174,0.029999,1.736635,-1.719097,0.14174,-0.14174,-171.847778,1.719097,0.029999,8.148528,-1.736635,-0.029999,0.14174,0.989449,-0.989449,NA,NA,NA,NA,NA,NA,NA,NA,NA,NA,NA,NA
NA,NA,NA,NA,NA,NA,NA,NA,NA,NA,NA,NA,NA,NA,NA,NA,350,2026-02-20,17:03:42,4,3,"Norris, Eli",1000334436,Right,CAR_EAG,"Wainwright, Mackenzie",694679,Right,LEN_BEA,Undefined,9,Top,2,0,2,Fastball,Four-Seam,StrikeSwinging,Strikeout,Undefined,Undefined,0,0,NA,93.44557,-2.00659,-0.426434,2405.368559,179.47852,12:00:00,6.59334,-0.1237,6.27847,-8.93225,23.16509,-0.19988,3.99856,-0.53344,83.81288,-3.827198,-0.462562,0.407761,NA,NA,NA,NA,NA,NA,NA,NA,NA,NA,NA,-0.03941,12.92371,0.15527,50,6.43998,1.01729,-135.47333,-4.85965,-0.07189,34.64196,-8.59524,CAR_EAG,LEN_BEA,CarsonNewman,D2,Team,20260220-CarsonNewman-1,06e2af90-0ea8-11f1-8304-27cb6f288688,92.43755,NA,NA,9.63269,NA,NA,NA,NA,NA,NA,46df0e37-f40e-476d-8c8d-a76c06d1b556,2026-02-20,22:03:42,2026-02-20T22:03:42Z,2026-02-20T22:03:42Z,NA,v3,CNE,NA,NA,"Hammond, Kevin",10120878,Right,CAR_EAG,2637d01c-21bf-4ac9-acdb-51165bf77cb3,54.21625,-136.54721,17.32098,6.5865,-4.5932,-4.29762,0.1237,1.01952,-0.03594,NA,NA,NA,NA,NA,NA,NA,NA,NA,NA,NA,NA,NA,NA,NA,NA,NA,NA,NA,NA,NA,NA,NA,NA,NA,NA,NA,NA,NA,NA,NA,NA,NA,NA,NA,NA,NA,NA,NA,NA,NA,NA,NA,NA,NA,NA,NA,NA,NA,NA,High,High,High,NA,NA,NA,NA,NA,188.343232,25.999869,2161.933345,0.898795,12:15:00,-0.44014,-0.145687,-0.886031,-28.750461,-10.512705,-73.651372,-0.014309,171.611681,-0.989201,-8.387454,0.989201,-0.145866,0.014309,0.828758,-0.819894,0.145866,-0.145866,-171.611681,0.819894,0.014309,8.387454,-0.828758,-0.014309,0.145866,0.989201,-0.989201,NA,NA,NA,NA,NA,NA,NA,NA,NA,NA,NA,NA
NA,NA,NA,NA,NA,NA,NA,NA,NA,NA,NA,NA,NA,NA,NA,NA,351,2026-02-20,17:05:51,1,1,"Renaud, Jack",824527,Right,LEN_BEA,"Smith, Braxton",1000370200,Right,CAR_EAG,Undefined,9,Bottom,0,0,0,Fastball,Four-Seam,StrikeCalled,Undefined,Undefined,Undefined,0,0,NA,89.30769,-2.148936,-3.855796,2226.328786,217.33302,01:15:00,6.15097,2.18599,5.85674,-15.97123,19.42017,13.89249,2.81793,-0.24426,81.14034,-5.20645,-1.37163,0.428174,NA,NA,NA,NA,NA,NA,NA,NA,NA,NA,NA,-8.18418,10.88666,-1.88044,50,5.96672,8.11425,-129.31282,-5.30851,-13.79489,28.11027,-13.82396,CAR_EAG,LEN_BEA,CarsonNewman,D2,Team,20260220-CarsonNewman-1,53881d80-0ea8-11f1-8304-27cb6f288688,88.03068,NA,NA,8.16735,NA,NA,NA,NA,NA,NA,46df0e37-f40e-476d-8c8d-a76c06d1b556,2026-02-20,22:05:51,2026-02-20T22:05:51Z,2026-02-20T22:05:51Z,NA,v3,CNE,NA,NA,"Christmas, Seth",1000191967,Right,LEN_BEA,5185b45b-53a3-483d-a558-81cdfe0fee4f,54.64264,-130.31814,14.05514,6.14773,-4.81412,-6.91198,-2.17946,8.6076,-6.89745,NA,NA,NA,NA,NA,NA,NA,NA,NA,NA,NA,NA,NA,NA,NA,NA,NA,NA,NA,NA,NA,NA,NA,NA,NA,NA,NA,NA,NA,NA,NA,NA,NA,NA,NA,NA,NA,NA,NA,NA,NA,NA,NA,NA,NA,NA,NA,NA,NA,NA,High,High,High,NA,NA,NA,NA,NA,210.57487,9.784561,2193.944,0.985454,01:00:00,-0.20774,-0.507285,-0.836365,-39.528784,-0.85757,-27.796335,0.112136,177.665836,-0.992868,2.319434,0.992868,-0.040471,-0.112136,6.4437430000000004,6.438442,0.040471,0.040471,-177.665836,-6.438442,0.112136,-2.319434,-6.4437430000000004,-0.112136,-0.040471,0.992868,-0.992868,NA,NA,NA,NA,NA,NA,NA,NA,NA,NA,NA,NA
NA,NA,NA,NA,NA,NA,NA,NA,NA,NA,NA,NA,NA,NA,NA,NA,352,2026-02-20,17:06:10,1,2,"Renaud, Jack",824527,Right,LEN_BEA,"Smith, Braxton",1000370200,Right,CAR_EAG,Undefined,9,Bottom,0,0,1,Fastball,Four-Seam,StrikeCalled,Undefined,Undefined,Undefined,0,0,NA,89.15757,-2.271106,-4.806855,2244.829989,210.88412,01:00:00,6.40265,2.09247,5.94223,-14.36851,21.39974,12.01457,3.08996,-1.37584,80.33354,-5.064861,-2.660371,0.430447,NA,NA,NA,NA,NA,NA,NA,NA,NA,NA,NA,-7.60587,12.01135,-1.71491,50,6.21274,10.3091,-128.81593,-5.47839,-12.62123,29.8597,-12.24235,CAR_EAG,LEN_BEA,CarsonNewman,D2,Team,20260220-CarsonNewman-1,5f204140-0ea8-11f1-8304-27cb6f288688,87.56573,NA,NA,8.82403,NA,NA,NA,NA,NA,NA,46df0e37-f40e-476d-8c8d-a76c06d1b556,2026-02-20,22:06:10,2026-02-20T22:06:10Z,2026-02-20T22:06:10Z,NA,v3,CNE,NA,NA,"Christmas, Seth",1000191967,Right,LEN_BEA,c0373f3f-2dc6-499b-a099-0abb0861652e,54.55505,-129.8675,14.92985,6.39808,-5.04724,-6.12117,-2.08579,10.75359,-6.31061,NA,NA,NA,NA,NA,NA,NA,NA,NA,NA,NA,NA,NA,NA,NA,NA,NA,NA,NA,NA,NA,NA,NA,NA,NA,NA,NA,NA,NA,NA,NA,NA,NA,NA,NA,NA,NA,NA,NA,NA,NA,NA,NA,NA,NA,NA,NA,NA,NA,NA,High,High,High,NA,NA,NA,NA,NA,207.911287,13.502951,2182.778161,0.972358,01:00:00,-0.28652,-0.46406,-0.838185,-33.624813,-6.258349,-30.826981,-0.007034,174.279797,-0.994996,-5.720061,0.994996,-0.099668,0.007034,0.405046,-0.403029,0.099668,-0.099668,-174.279797,0.403029,0.007034,5.720061,-0.405046,-0.007034,0.099668,0.994996,-0.994996,NA,NA,NA,NA,NA,NA,NA,NA,NA,NA,NA,NA
NA,NA,NA,NA,NA,NA,NA,NA,NA,NA,NA,NA,NA,NA,NA,NA,353,2026-02-20,17:06:28,1,3,"Renaud, Jack",824527,Right,LEN_BEA,"Smith, Braxton",1000370200,Right,CAR_EAG,Undefined,9,Bottom,0,0,2,Slider,Slider,InPlay,Undefined,GroundBall,Single,0,0,NA,79.85762,-0.221242,-2.164483,2234.352578,67.111734,08:15:00,6.00565,2.1657,5.75129,-44.06156,-0.33323,-3.74705,2.12774,-0.16259,74.05633,-8.269011,-2.835535,0.475941,86.51236,-0.914246,-25.570809,2436.648674,NA,NA,NA,33.85694,31.73251,-24.330175,0.2618,1.3689,0.20626,-1.9835,50,5.9599,4.52555,-116.065,-1.88178,1.87979,20.36116,-31.89081,CAR_EAG,LEN_BEA,CarsonNewman,D2,Team,20260220-CarsonNewman-1,69f1b9a0-0ea8-11f1-8304-27cb6f288688,79.19565,2.20085,NA,5.8013,NA,NA,NA,1.86597,2.20085,0.13111,46df0e37-f40e-476d-8c8d-a76c06d1b556,2026-02-20,22:06:28,2026-02-20T22:06:28Z,2026-02-20T22:06:28Z,GroundBall,v3,CNE,NA,NA,"Christmas, Seth",1000191967,Right,LEN_BEA,1fc42847-eff9-4662-a911-c5d264b917a9,54.75248,-116.89575,10.18058,6.01013,-0.58062,-15.94541,-2.16658,4.44886,0.9399,19.181973,1.86682,114.39914,-14.11348,NA,NA,NA,NA,NA,NA,2.20331,-2.14917,-23.97243,NA,NA,NA,NA,NA,NA,0.13125,-54.76666,3.75926,NA,NA,NA,NA,NA,NA,NA,NA,NA,NA,NA,NA,NA,NA,NA,NA,NA,NA,NA,NA,NA,NA,NA,NA,NA,NA,NA,NA,High,High,High,High,Medium,NA,NA,NA,125.662941,79.362342,412.455571,0.184597,10:15:00,-0.986749,0.146182,-0.070405,-72.653826,-52.108007,58.715679,-0.293615,178.579494,-0.95563,-1.357884,0.95563,-0.023697,0.293615,17.07945,-17.074506,0.023697,-0.023697,-178.579494,17.074506,0.293615,1.357884,-17.07945,-0.293615,0.023697,0.95563,-0.95563,NA,NA,NA,NA,NA,NA,NA,NA,NA,NA,NA,NA
NA,NA,NA,NA,NA,NA,NA,NA,NA,NA,NA,NA,NA,NA,NA,NA,354,2026-02-20,17:07:05,2,1,"Renaud, Jack",824527,Right,LEN_BEA,"Floyd, Logan",1000148156,Right,CAR_EAG,Undefined,9,Bottom,0,0,0,Fastball,Four-Seam,HitByPitch,Undefined,Undefined,Undefined,0,0,NA,90.9541,-0.674044,-1.46805,2248.672135,210.650634,01:00:00,6.17316,2.362,5.80761,-14.93587,19.0969,10.64678,4.30141,1.88366,82.59503,-3.543377,0.439074,0.419875,NA,NA,NA,NA,NA,NA,NA,NA,NA,NA,NA,-5.87544,10.28457,-2.248,50,6.10911,2.92045,-132.02909,-1.98068,-10.313,29.57835,-14.12183,CAR_EAG,LEN_BEA,CarsonNewman,D2,Team,20260220-CarsonNewman-1,7fedc6e0-0ea8-11f1-8304-27cb6f288688,89.77059,NA,NA,8.35908,NA,NA,NA,NA,NA,NA,46df0e37-f40e-476d-8c8d-a76c06d1b556,2026-02-20,22:07:05,2026-02-20T22:07:05Z,2026-02-20T22:07:05Z,NA,v3,CNE,NA,NA,"Christmas, Seth",1000191967,Right,LEN_BEA,d874cb78-f73e-4417-80ce-00eaeb315b25,54.69262,-133.07622,14.78917,6.17039,-1.48074,-7.06092,-2.35785,3.28555,-5.1565,NA,NA,NA,NA,NA,NA,NA,NA,NA,NA,NA,NA,NA,NA,NA,NA,NA,NA,NA,NA,NA,NA,NA,NA,NA,NA,NA,NA,NA,NA,NA,NA,NA,NA,NA,NA,NA,NA,NA,NA,NA,NA,NA,NA,NA,NA,NA,NA,NA,NA,High,High,High,NA,NA,NA,NA,NA,208.268112,14.711568,2174.952795,0.967217,01:00:00,-0.27029,-0.461028,-0.84522,-34.329626,-5.117808,-29.899679,-0.03334,175.408685,-0.996237,-4.588757,0.996237,-0.080003,0.03334,1.916742,-1.910596,0.080003,-0.080003,-175.408685,1.910596,0.03334,4.588757,-1.916742,-0.03334,0.080003,0.996237,-0.996237,NA,NA,NA,NA,NA,NA,NA,NA,NA,NA,NA,NA
NA,NA,NA,NA,NA,NA,NA,NA,NA,NA,NA,NA,NA,NA,NA,NA,355,2026-02-20,17:08:43,3,1,"Renaud, Jack",824527,Right,LEN_BEA,"Nathan, Cole",1000323259,Right,CAR_EAG,Undefined,9,Bottom,0,0,0,Fastball,Four-Seam,FoulBallNotFieldable,Undefined,Undefined,Undefined,0,0,NA,90.12806,-1.908195,-2.728543,2164.894272,210.300321,01:00:00,6.21419,1.90075,5.88496,-13.83804,20.83576,11.48386,3.28633,0.32199,81.78746,-4.586081,-0.670831,0.423811,NA,NA,NA,NA,NA,NA,NA,NA,NA,NA,NA,-6.70953,11.59394,-1.68717,50,6.05218,5.73947,-130.67366,-4.72524,-11.52382,29.25443,-12.26117,CAR_EAG,LEN_BEA,CarsonNewman,D2,Team,20260220-CarsonNewman-1,baaadb10-0ea8-11f1-8304-27cb6f288688,88.93691,NA,NA,8.3406,NA,NA,NA,NA,NA,NA,46df0e37-f40e-476d-8c8d-a76c06d1b556,2026-02-20,22:08:43,2026-02-20T22:08:43Z,2026-02-20T22:08:43Z,NA,v3,CNE,NA,NA,"Christmas, Seth",1000191967,Right,LEN_BEA,2abcfcbd-a787-4f0c-949f-fa98e978defe,54.61557,-131.70291,14.62722,6.21084,-4.29386,-6.13059,-1.89623,6.14491,-5.76191,NA,NA,NA,NA,NA,NA,NA,NA,NA,NA,NA,NA,NA,NA,NA,NA,NA,NA,NA,NA,NA,NA,NA,NA,NA,NA,NA,NA,NA,NA,NA,NA,NA,NA,NA,NA,NA,NA,NA,NA,NA,NA,NA,NA,NA,NA,NA,NA,NA,NA,High,High,High,NA,NA,NA,NA,NA,205.88385,17.142642,2068.716488,0.955574,12:45:00,-0.321305,-0.426737,-0.845375,-34.405936,-5.062506,-31.909762,-0.034547,173.017877,-0.991992,-6.977934,0.991992,-0.121487,0.034547,1.994578,-1.979798,0.121487,-0.121487,-173.017877,1.979798,0.034547,6.977934,-1.994578,-0.034547,0.121487,0.991992,-0.991992,NA,NA,NA,NA,NA,NA,NA,NA,NA,NA,NA,NA
NA,NA,NA,NA,NA,NA,NA,NA,NA,NA,NA,NA,NA,NA,NA,NA,356,2026-02-20,17:09:17,3,2,"Renaud, Jack",824527,Right,LEN_BEA,"Nathan, Cole",1000323259,Right,CAR_EAG,Undefined,9,Bottom,0,0,1,Fastball,Four-Seam,BallCalled,Undefined,Undefined,Undefined,0,0,NA,88.89656,-2.792015,-4.520852,2368.791497,203.409564,12:45:00,6.07803,1.94709,5.84847,-14.50422,21.28143,8.6889,2.26464,-1.5387,80.89899,-5.579929,-2.970604,0.430552,NA,NA,NA,NA,NA,NA,NA,NA,NA,NA,NA,-5.69843,11.99709,-1.58355,50,5.84148,9.78657,-128.53806,-6.66523,-9.50612,27.3601,-12.16045,CAR_EAG,LEN_BEA,CarsonNewman,D2,Team,20260220-CarsonNewman-1,ce51adb0-0ea8-11f1-8304-27cb6f288688,87.5444,NA,NA,7.99756,NA,NA,NA,NA,NA,NA,46df0e37-f40e-476d-8c8d-a76c06d1b556,2026-02-20,22:09:17,2026-02-20T22:09:17Z,2026-02-20T22:09:17Z,NA,v3,CNE,NA,NA,"Christmas, Seth",1000191967,Right,LEN_BEA,b3c090f5-c27e-4580-af6c-92831bb80016,54.64997,-129.52405,13.68005,6.07378,-6.227,-6.08022,-1.9424,10.12914,-4.75306,NA,NA,NA,NA,NA,NA,NA,NA,NA,NA,NA,NA,NA,NA,NA,NA,NA,NA,NA,NA,NA,NA,NA,NA,NA,NA,NA,NA,NA,NA,NA,NA,NA,NA,NA,NA,NA,NA,NA,NA,NA,NA,NA,NA,NA,NA,NA,NA,NA,NA,High,High,High,NA,NA,NA,NA,NA,201.940039,14.328501,2295.104891,0.968893,12:45:00,-0.299678,-0.373638,-0.877831,-37.34052,-0.522143,-30.640998,-0.15547,175.642287,-0.984985,-4.304625,0.984985,-0.075059,0.15547,8.969587,-8.944077,0.075059,-0.075059,-175.642287,8.944077,0.15547,4.304625,-8.969587,-0.15547,0.075059,0.984985,-0.984985,NA,NA,NA,NA,NA,NA,NA,NA,NA,NA,NA,NA
NA,NA,NA,NA,NA,NA,NA,NA,NA,NA,NA,NA,NA,NA,NA,NA,357,2026-02-20,17:09:38,3,3,"Renaud, Jack",824527,Right,LEN_BEA,"Nathan, Cole",1000323259,Right,CAR_EAG,Undefined,9,Bottom,0,1,1,Slider,Slider,InPlay,Undefined,Popup,Out,1,0,NA,81.50735,-0.691955,-2.935205,2314.583859,68.834363,08:15:00,5.8265,2.27636,5.7882,-43.06207,-0.54472,-4.96843,1.59338,-0.87078,74.71364,-8.578435,-3.824611,0.469304,49.28451,43.986468,33.573544,4117.682762,NA,NA,NA,117.17784,105.35528,38.684987,3.140307,1.67618,0.2976,-2.03123,50,5.74339,6.25266,-118.22811,-2.85322,2.35601,23.99961,-31.75574,CAR_EAG,LEN_BEA,CarsonNewman,D2,Team,20260220-CarsonNewman-1,db471780-0ea8-11f1-8304-27cb6f288688,80.31559,38.53047,NA,6.79371,NA,NA,NA,2.17336,1.86526,0.87025,46df0e37-f40e-476d-8c8d-a76c06d1b556,2026-02-20,22:09:38,2026-02-20T22:09:38Z,2026-02-20T22:09:38Z,Popup,v3,CNE,NA,NA,"Christmas, Seth",1000191967,Right,LEN_BEA,a21ea599-54f0-4291-a45d-fa40a5f917ca,54.71376,-119.18114,11.9998,5.83166,-1.5922,-15.87787,-2.27767,6.15911,1.17801,198.376921,2.17322,43.33854,-9.74355,2.87393,-0.79763,0.28248,-0.09669,0.02001,-0.00169,1.8656,50.18686,-18.34468,0.738,0.2498,-0.25732,0.10006,-0.01831,0.00128,0.87018,28.76401,-3.50963,0.93367,-0.2549,0.10148,-0.0377,0.008,-6.8e-4,NA,NA,NA,NA,NA,NA,NA,NA,NA,NA,NA,NA,NA,NA,NA,NA,NA,NA,NA,NA,NA,NA,High,High,High,High,High,NA,NA,NA,167.744457,79.091139,438.028761,0.189247,11:30:00,-0.990524,0.028311,-0.134389,55.536749,24.211546,71.019111,-0.334071,166.816872,-0.917708,-12.413264,0.917708,-0.214961,0.334071,20.002888,-19.516046,0.214961,-0.214961,-166.816872,19.516046,0.334071,12.413264,-20.002888,-0.334071,0.214961,0.917708,-0.917708,NA,NA,NA,NA,NA,NA,NA,NA,NA,NA,NA,NA
NA,NA,NA,NA,NA,NA,NA,NA,NA,NA,NA,NA,NA,NA,NA,NA,358,2026-02-20,17:10:28,4,1,"Renaud, Jack",824527,Right,LEN_BEA,"Soto Diaz, Bradley",1000475324,Right,CAR_EAG,Undefined,9,Bottom,1,0,0,Slider,Slider,BallCalled,Undefined,Undefined,Undefined,0,0,NA,80.92964,-0.989089,-2.887647,2276.880494,78.57556,08:30:00,5.8528,2.3478,5.7507,-41.86329,0.43142,-3.31146,1.44211,-0.61878,75.71674,-8.602761,-3.480188,0.468074,NA,NA,NA,NA,NA,NA,NA,NA,NA,NA,NA,1.02205,0.79228,-2.10574,50,5.74468,6.05844,-117.62403,-3.42174,1.45459,18.99591,-31.04649,CAR_EAG,LEN_BEA,CarsonNewman,D2,Team,20260220-CarsonNewman-1,f8a8e970-0ea8-11f1-8304-27cb6f288688,80.52669,NA,NA,5.2129,NA,NA,NA,NA,NA,NA,46df0e37-f40e-476d-8c8d-a76c06d1b556,2026-02-20,22:10:28,2026-02-20T22:10:28Z,2026-02-20T22:10:28Z,NA,v3,CNE,NA,NA,"Christmas, Seth",1000191967,Right,LEN_BEA,890021ff-2194-42c2-b1e1-afc2eb32157e,54.75298,-118.38913,9.49795,5.85731,-2.17127,-15.52325,-2.34857,5.99985,0.72729,NA,NA,NA,NA,NA,NA,NA,NA,NA,NA,NA,NA,NA,NA,NA,NA,NA,NA,NA,NA,NA,NA,NA,NA,NA,NA,NA,NA,NA,NA,NA,NA,NA,NA,NA,NA,NA,NA,NA,NA,NA,NA,NA,NA,NA,NA,NA,NA,NA,NA,High,High,High,NA,NA,NA,NA,NA,152.572497,81.47048,337.704531,0.148319,11:00:00,-0.995347,0.051238,-0.081608,53.634889,22.556389,77.799548,-0.472925,172.358404,-0.873278,-6.728544,0.873278,-0.117166,0.472925,28.437811,-28.224313,0.117166,-0.117166,-172.358404,28.224313,0.472925,6.728544,-28.437811,-0.472925,0.117166,0.873278,-0.873278,NA,NA,NA,NA,NA,NA,NA,NA,NA,NA,NA,NA
NA,NA,NA,NA,NA,NA,NA,NA,NA,NA,NA,NA,NA,NA,NA,NA,359,2026-02-20,17:10:45,4,2,"Renaud, Jack",824527,Right,LEN_BEA,"Soto Diaz, Bradley",1000475324,Right,CAR_EAG,Undefined,9,Bottom,1,1,0,Slider,Curveball,BallCalled,Undefined,Undefined,Undefined,0,0,NA,77.74464,-0.502276,-3.264546,2340.18885,59.154013,08:00:00,5.85112,2.21711,5.72602,-48.75963,-2.36059,-6.2126,1.31921,-1.34455,72.14535,-9.370419,-4.375094,0.490259,NA,NA,NA,NA,NA,NA,NA,NA,NA,NA,NA,2.29756,-0.64972,-1.94043,50,5.77896,6.66673,-112.84996,-2.56332,2.9745,19.78146,-33.01522,CAR_EAG,LEN_BEA,CarsonNewman,D2,Team,20260220-CarsonNewman-1,0344d2e0-0ea9-11f1-8304-27cb6f288688,76.88264,NA,NA,5.59929,NA,NA,NA,NA,NA,NA,46df0e37-f40e-476d-8c8d-a76c06d1b556,2026-02-20,22:10:45,2026-02-20T22:10:45Z,2026-02-20T22:10:45Z,NA,v3,CNE,NA,NA,"Christmas, Seth",1000191967,Right,LEN_BEA,af304828-36db-4c0b-be8b-c65448c9ee9c,54.77697,-113.68423,9.89073,5.8577,-1.17093,-16.50761,-2.21895,6.54128,1.48725,NA,NA,NA,NA,NA,NA,NA,NA,NA,NA,NA,NA,NA,NA,NA,NA,NA,NA,NA,NA,NA,NA,NA,NA,NA,NA,NA,NA,NA,NA,NA,NA,NA,NA,NA,NA,NA,NA,NA,NA,NA,NA,NA,NA,NA,NA,NA,NA,NA,NA,High,High,High,NA,NA,NA,NA,NA,74.276024,82.821849,292.418035,0.124955,08:30:00,-0.989639,0.111577,0.090366,-48.71094,-57.228597,37.66752,0.310952,178.104256,-0.949905,1.801731,0.949905,-0.031441,-0.310952,18.125906,18.116633,0.031441,0.031441,-178.104256,-18.116633,0.310952,-1.801731,-18.125906,-0.310952,-0.031441,0.949905,-0.949905,NA,NA,NA,NA,NA,NA,NA,NA,NA,NA,NA,NA
NA,NA,NA,NA,NA,NA,NA,NA,NA,NA,NA,NA,NA,NA,NA,NA,360,2026-02-20,17:11:06,4,3,"Renaud, Jack",824527,Right,LEN_BEA,"Soto Diaz, Bradley",1000475324,Right,CAR_EAG,Undefined,9,Bottom,1,2,0,Slider,Slider,StrikeCalled,Undefined,Undefined,Undefined,0,0,NA,78.74501,-0.522336,-1.219298,2298.460496,83.059873,08:45:00,6.08845,2.2423,5.72444,-44.13054,0.77768,-4.00551,1.92426,0.77263,73.18413,-8.577429,-1.937121,0.482319,NA,NA,NA,NA,NA,NA,NA,NA,NA,NA,NA,1.73587,0.92221,-2.13797,50,6.01742,2.58689,-114.49539,-2.47493,2.32484,19.37052,-30.93896,CAR_EAG,LEN_BEA,CarsonNewman,D2,Team,20260220-CarsonNewman-1,0f4184d0-0ea9-11f1-8304-27cb6f288688,78.14838,NA,NA,5.56088,NA,NA,NA,NA,NA,NA,46df0e37-f40e-476d-8c8d-a76c06d1b556,2026-02-20,22:11:06,2026-02-20T22:11:06Z,2026-02-20T22:11:06Z,NA,v3,CNE,NA,NA,"Christmas, Seth",1000191967,Right,LEN_BEA,e14e36a2-1dac-4421-929c-a122b856f7cb,54.77829,-115.30096,9.68526,6.09359,-1.18827,-15.46948,-2.24354,2.4902,1.16242,NA,NA,NA,NA,NA,NA,NA,NA,NA,NA,NA,NA,NA,NA,NA,NA,NA,NA,NA,NA,NA,NA,NA,NA,NA,NA,NA,NA,NA,NA,NA,NA,NA,NA,NA,NA,NA,NA,NA,NA,NA,NA,NA,NA,NA,NA,NA,NA,NA,NA,High,High,High,NA,NA,NA,NA,NA,114.374693,81.677324,332.697135,0.144748,09:45:00,-0.991676,0.12282,-0.038644,60.794642,46.192886,80.447486,-0.436638,179.837519,-0.899634,-0.146174,0.899634,-0.002551,0.436638,25.88968,-25.889589,0.002551,-0.002551,-179.837519,25.889589,0.436638,0.146174,-25.88968,-0.436638,0.002551,0.899634,-0.899634,NA,NA,NA,NA,NA,NA,NA,NA,NA,NA,NA,NA
NA,NA,NA,NA,NA,NA,NA,NA,NA,NA,NA,NA,NA,NA,NA,NA,361,2026-02-20,17:11:27,4,4,"Renaud, Jack",824527,Right,LEN_BEA,"Soto Diaz, Bradley",1000475324,Right,CAR_EAG,Undefined,9,Bottom,1,2,1,Fastball,Four-Seam,StrikeSwinging,Undefined,Undefined,Undefined,0,0,NA,89.54059,-3.247216,-2.779765,2336.91715,203.449168,12:45:00,6.29874,2.1661,5.66666,-11.83697,23.5008,9.68327,2.27764,0.37901,81.65777,-5.545717,-1.052289,0.427849,NA,NA,NA,NA,NA,NA,NA,NA,NA,NA,NA,-5.663,13.15469,-1.93709,50,6.01632,5.8664,-129.66856,-7.6513,-9.63437,27.3059,-9.79409,CAR_EAG,LEN_BEA,CarsonNewman,D2,Team,20260220-CarsonNewman-1,1c0b4ac0-0ea9-11f1-8304-27cb6f288688,88.09746,NA,NA,7.88283,NA,NA,NA,NA,NA,NA,46df0e37-f40e-476d-8c8d-a76c06d1b556,2026-02-20,22:11:27,2026-02-20T22:11:27Z,2026-02-20T22:11:27Z,NA,v3,CNE,NA,NA,"Christmas, Seth",1000191967,Right,LEN_BEA,efff8ce7-a499-46cd-bfd8-412331fd73b3,54.83256,-130.68224,13.65295,6.29361,-7.28771,-4.89704,-2.16151,6.22406,-4.81718,NA,NA,NA,NA,NA,NA,NA,NA,NA,NA,NA,NA,NA,NA,NA,NA,NA,NA,NA,NA,NA,NA,NA,NA,NA,NA,NA,NA,NA,NA,NA,NA,NA,NA,NA,NA,NA,NA,NA,NA,NA,NA,NA,NA,NA,NA,NA,NA,NA,NA,High,High,High,NA,NA,NA,NA,NA,206.759385,14.7755,2259.64121,0.966933,01:00:00,-0.271563,-0.449103,-0.851211,-41.01926,-3.056284,-19.280453,-0.16681000000000001,171.055344,-0.973998,-8.818326,0.973998,-0.153302,0.16681000000000001,9.718372,-9.602401,0.153302,-0.153302,-171.055344,9.602401,0.16681000000000001,8.818326,-9.718372,-0.16681000000000001,0.153302,0.973998,-0.973998,NA,NA,NA,NA,NA,NA,NA,NA,NA,NA,NA,NA
NA,NA,NA,NA,NA,NA,NA,NA,NA,NA,NA,NA,NA,NA,NA,NA,362,2026-02-20,17:11:48,4,5,"Renaud, Jack",824527,Right,LEN_BEA,"Soto Diaz, Bradley",1000475324,Right,CAR_EAG,Undefined,9,Bottom,1,2,2,Fastball,Four-Seam,BallCalled,Undefined,Undefined,Undefined,0,0,NA,89.86128,-3.672822,-5.782038,2412.030471,212.864882,01:00:00,6.16637,2.13299,5.78086,-14.1191,21.06178,12.8456,1.55019,-2.19482,81.99161,-6.377649,-3.500019,0.426899,NA,NA,NA,NA,NA,NA,NA,NA,NA,NA,NA,-8.09166,12.06627,-1.66184,50,5.85278,12.56002,-129.61451,-8.74066,-13.77725,26.86948,-11.62939,CAR_EAG,LEN_BEA,CarsonNewman,D2,Team,20260220-CarsonNewman-1,28d055c0-0ea9-11f1-8304-27cb6f288688,88.29364,NA,NA,7.86968,NA,NA,NA,NA,NA,NA,46df0e37-f40e-476d-8c8d-a76c06d1b556,2026-02-20,22:11:48,2026-02-20T22:11:48Z,2026-02-20T22:11:48Z,NA,v3,CNE,NA,NA,"Christmas, Seth",1000191967,Right,LEN_BEA,d9103416-4a34-4381-a2d4-f4c31e44c7b7,54.71869,-130.58905,13.43474,6.16215,-8.31887,-5.8147,-2.12644,13.05971,-6.88863,NA,NA,NA,NA,NA,NA,NA,NA,NA,NA,NA,NA,NA,NA,NA,NA,NA,NA,NA,NA,NA,NA,NA,NA,NA,NA,NA,NA,NA,NA,NA,NA,NA,NA,NA,NA,NA,NA,NA,NA,NA,NA,NA,NA,NA,NA,NA,NA,NA,NA,High,High,High,NA,NA,NA,NA,NA,206.940908,16.523982,2312.415481,0.958701,01:00:00,-0.340807,-0.451687,-0.824518,-40.580563,3.375855,-20.536097,-0.129517,173.524063,-0.98525,-6.42116,0.98525,-0.111836,0.129517,7.48895,-7.441702,0.111836,-0.111836,-173.524063,7.441702,0.129517,6.42116,-7.48895,-0.129517,0.111836,0.98525,-0.98525,NA,NA,NA,NA,NA,NA,NA,NA,NA,NA,NA,NA
NA,NA,NA,NA,NA,NA,NA,NA,NA,NA,NA,NA,NA,NA,NA,NA,363,2026-02-20,17:12:11,4,6,"Renaud, Jack",824527,Right,LEN_BEA,"Soto Diaz, Bradley",1000475324,Right,CAR_EAG,Undefined,9,Bottom,1,3,2,Fastball,Four-Seam,StrikeSwinging,Strikeout,Undefined,Undefined,0,0,NA,89.92324,-4.438032,-3.532264,2398.839837,200.505904,12:45:00,6.12788,2.05756,5.8315,-11.05398,23.99926,8.52233,1.0651,-0.51991,81.83863,-6.600459,-2.009278,0.426123,NA,NA,NA,NA,NA,NA,NA,NA,NA,NA,NA,-5.3302,13.84213,-1.77372,50,5.75753,7.64598,-129.93886,-10.34175,-9.08212,28.08828,-8.58845,CAR_EAG,LEN_BEA,CarsonNewman,D2,Team,20260220-CarsonNewman-1,36747620-0ea9-11f1-8304-27cb6f288688,88.45427,NA,NA,8.08461,NA,NA,NA,NA,NA,NA,46df0e37-f40e-476d-8c8d-a76c06d1b556,2026-02-20,22:12:11,2026-02-20T22:12:11Z,2026-02-20T22:12:11Z,NA,v3,CNE,NA,NA,"Christmas, Seth",1000191967,Right,LEN_BEA,5d913a4f-be1d-477a-8dd5-75db90b90540,54.667,-130.94382,14.04414,6.12204,-10.03447,-4.29423,-2.0531,7.97093,-4.54106,NA,NA,NA,NA,NA,NA,NA,NA,NA,NA,NA,NA,NA,NA,NA,NA,NA,NA,NA,NA,NA,NA,NA,NA,NA,NA,NA,NA,NA,NA,NA,NA,NA,NA,NA,NA,NA,NA,NA,NA,NA,NA,NA,NA,NA,NA,NA,NA,NA,NA,High,High,High,NA,NA,NA,NA,NA,206.03768,14.964861,2317.481687,0.966084,12:45:00,-0.27769,-0.442785,-0.852543,-36.315084,3.311783,-11.30244,-0.11698,172.180424,-0.9839,-7.765557,0.9839,-0.13512,0.11698,6.780298,-6.71783,0.13512,-0.13512,-172.180424,6.71783,0.11698,7.765557,-6.780298,-0.11698,0.13512,0.9839,-0.9839,NA,NA,NA,NA,NA,NA,NA,NA,NA,NA,NA,NA
NA,NA,NA,NA,NA,NA,NA,NA,NA,NA,NA,NA,NA,NA,NA,NA,364,2026-02-20,17:12:45,5,1,"Renaud, Jack",824527,Right,LEN_BEA,"Bishop, Matthew",10136275,Right,CAR_EAG,Undefined,9,Bottom,2,0,0,Fastball,Four-Seam,BallCalled,Undefined,Undefined,Undefined,0,0,NA,89.37687,-4.226455,-4.169073,2439.155881,207.240564,01:00:00,6.21201,2.12389,5.80043,-14.93706,20.35489,9.89567,1.01858,-0.93605,82.00695,-7.061018,-2.403024,0.427572,NA,NA,NA,NA,NA,NA,NA,NA,NA,NA,NA,-6.13426,11.83949,-1.78655,50,5.85418,8.99126,-129.19573,-9.99134,-10.41321,25.81989,-12.07597,CAR_EAG,LEN_BEA,CarsonNewman,D2,Team,20260220-CarsonNewman-1,4a813680-0ea9-11f1-8304-27cb6f288688,88.15465,NA,NA,7.36992,NA,NA,NA,NA,NA,NA,46df0e37-f40e-476d-8c8d-a76c06d1b556,2026-02-20,22:12:45,2026-02-20T22:12:45Z,2026-02-20T22:12:45Z,NA,v3,CNE,NA,NA,"Christmas, Seth",1000191967,Right,LEN_BEA,055cf897-e667-4839-bf6e-5e9969e5b954,54.69972,-130.13158,12.90994,6.20839,-9.55365,-6.03799,-2.11928,9.36869,-5.2066,NA,NA,NA,NA,NA,NA,NA,NA,NA,NA,NA,NA,NA,NA,NA,NA,NA,NA,NA,NA,NA,NA,NA,NA,NA,NA,NA,NA,NA,NA,NA,NA,NA,NA,NA,NA,NA,NA,NA,NA,NA,NA,NA,NA,NA,NA,NA,NA,NA,NA,High,High,High,NA,NA,NA,NA,NA,202.620669,18.307347,2315.698504,0.949385,12:45:00,-0.349301,-0.387317,-0.853214,-40.639524,7.704405,-19.64525,-0.202234,175.143738,-0.975822,-4.755685,0.975822,-0.082907,0.202234,11.708484,-11.667607,0.082907,-0.082907,-175.143738,11.667607,0.202234,4.755685,-11.708484,-0.202234,0.082907,0.975822,-0.975822,NA,NA,NA,NA,NA,NA,NA,NA,NA,NA,NA,NA
NA,NA,NA,NA,NA,NA,NA,NA,NA,NA,NA,NA,NA,NA,NA,NA,365,2026-02-20,17:13:05,5,2,"Renaud, Jack",824527,Right,LEN_BEA,"Bishop, Matthew",10136275,Right,CAR_EAG,Undefined,9,Bottom,2,1,0,Fastball,Four-Seam,StrikeSwinging,Undefined,Undefined,Undefined,0,0,NA,88.36021,-1.975444,-2.578376,2175.918499,203.635936,12:45:00,6.4834,1.99011,5.88179,-12.26178,24.04651,9.94812,3.62441,0.42298,79.66728,-4.3945,-0.796036,0.433685,NA,NA,NA,NA,NA,NA,NA,NA,NA,NA,NA,-5.82288,13.21312,-1.78714,50,6.31634,5.32537,-127.97804,-4.67243,-9.54065,29.38512,-10.52467,CAR_EAG,LEN_BEA,CarsonNewman,D2,Team,20260220-CarsonNewman-1,566b98f0-0ea9-11f1-8304-27cb6f288688,86.91207,NA,NA,8.69292,NA,NA,NA,NA,NA,NA,46df0e37-f40e-476d-8c8d-a76c06d1b556,2026-02-20,22:13:05,2026-02-20T22:13:05Z,2026-02-20T22:13:05Z,NA,v3,CNE,NA,NA,"Christmas, Seth",1000191967,Right,LEN_BEA,9f43f255-2950-403d-b4d1-c98f7565a4c2,54.61442,-129.03321,14.69256,6.47733,-4.29451,-5.26234,-1.98451,5.66796,-4.77032,NA,NA,NA,NA,NA,NA,NA,NA,NA,NA,NA,NA,NA,NA,NA,NA,NA,NA,NA,NA,NA,NA,NA,NA,NA,NA,NA,NA,NA,NA,NA,NA,NA,NA,NA,NA,NA,NA,NA,NA,NA,NA,NA,NA,NA,NA,NA,NA,NA,NA,High,High,High,NA,NA,NA,NA,NA,206.482995,13.863007,2112.537001,0.970871,01:00:00,-0.2634,-0.440945,-0.858014,-30.821265,-10.956344,-36.176079,0.003105,173.306479,-0.993179,6.693489,0.993179,-0.116558,-0.003105,0.179141,0.17792,0.116558,0.116558,-173.306479,-0.17792,0.003105,-6.693489,-0.179141,-0.003105,-0.116558,0.993179,-0.993179,NA,NA,NA,NA,NA,NA,NA,NA,NA,NA,NA,NA
NA,NA,NA,NA,NA,NA,NA,NA,NA,NA,NA,NA,NA,NA,NA,NA,366,2026-02-20,17:13:26,5,3,"Renaud, Jack",824527,Right,LEN_BEA,"Bishop, Matthew",10136275,Right,CAR_EAG,Undefined,9,Bottom,2,1,1,Fastball,Four-Seam,StrikeCalled,Undefined,Undefined,Undefined,0,0,NA,88.80085,-2.41555,-3.639905,2295.849475,204.675034,12:45:00,6.27331,1.90688,5.95462,-11.99493,23.7558,10.34079,3.02763,-0.61167,80.45759,-4.774501,-1.787753,0.430342,NA,NA,NA,NA,NA,NA,NA,NA,NA,NA,NA,-6.34209,13.21831,-1.62271,50,6.0739,7.73315,-128.55499,-5.68879,-10.53907,28.39032,-10.20831,CAR_EAG,LEN_BEA,CarsonNewman,D2,Team,20260220-CarsonNewman-1,63113510-0ea9-11f1-8304-27cb6f288688,87.58715,NA,NA,8.34326,NA,NA,NA,NA,NA,NA,46df0e37-f40e-476d-8c8d-a76c06d1b556,2026-02-20,22:13:26,2026-02-20T22:13:26Z,2026-02-20T22:13:26Z,NA,v3,CNE,NA,NA,"Christmas, Seth",1000191967,Right,LEN_BEA,7f7d819f-35f0-4c72-94a0-e1f3d16ca4e7,54.5435,-129.55451,14.19516,6.26785,-5.3294,-5.10415,-1.90149,8.10419,-5.26953,NA,NA,NA,NA,NA,NA,NA,NA,NA,NA,NA,NA,NA,NA,NA,NA,NA,NA,NA,NA,NA,NA,NA,NA,NA,NA,NA,NA,NA,NA,NA,NA,NA,NA,NA,NA,NA,NA,NA,NA,NA,NA,NA,NA,NA,NA,NA,NA,NA,NA,High,High,High,NA,NA,NA,NA,NA,205.958937,17.044655,2195.007957,0.956077,12:45:00,-0.329236,-0.430483,-0.84041,-32.027429,-10.49155,-37.222855,0.021378,171.100859,-0.987736,8.89709,0.987736,-0.15466,-0.021378,1.239873,1.224952,0.15466,0.15466,-171.100859,-1.224952,0.021378,-8.89709,-1.239873,-0.021378,-0.15466,0.987736,-0.987736,NA,NA,NA,NA,NA,NA,NA,NA,NA,NA,NA,NA
NA,NA,NA,NA,NA,NA,NA,NA,NA,NA,NA,NA,NA,NA,NA,NA,367,2026-02-20,17:13:49,5,4,"Renaud, Jack",824527,Right,LEN_BEA,"Bishop, Matthew",10136275,Right,CAR_EAG,Undefined,9,Bottom,2,1,2,Fastball,Four-Seam,BallCalled,Undefined,Undefined,Undefined,0,0,NA,90.12652,-1.698177,-4.653896,2351.722886,208.355661,01:00:00,6.28024,1.76903,5.85149,-16.31359,18.25355,9.26174,3.33711,-1.79321,82.44182,-4.795787,-3.001746,0.423159,NA,NA,NA,NA,NA,NA,NA,NA,NA,NA,NA,-5.95052,10.0939,-1.39517,50,6.13207,10.21722,-130.4762,-4.35591,-10.29158,26.60686,-14.71635,CAR_EAG,LEN_BEA,CarsonNewman,D2,Team,20260220-CarsonNewman-1,7096f800-0ea9-11f1-8304-27cb6f288688,89.07402,NA,NA,7.6847,NA,NA,NA,NA,NA,NA,46df0e37-f40e-476d-8c8d-a76c06d1b556,2026-02-20,22:13:49,2026-02-20T22:13:49Z,2026-02-20T22:13:49Z,NA,v3,CNE,NA,NA,"Christmas, Seth",1000191967,Right,LEN_BEA,36d3b98a-0833-4c92-ad4a-4dda870abedb,54.64797,-131.42059,13.30343,6.27741,-3.83356,-7.35818,-1.76431,10.58252,-5.14579,NA,NA,NA,NA,NA,NA,NA,NA,NA,NA,NA,NA,NA,NA,NA,NA,NA,NA,NA,NA,NA,NA,NA,NA,NA,NA,NA,NA,NA,NA,NA,NA,NA,NA,NA,NA,NA,NA,NA,NA,NA,NA,NA,NA,NA,NA,NA,NA,NA,NA,High,High,High,NA,NA,NA,NA,NA,202.597616,23.451737,2157.460313,0.917396,12:45:00,-0.454798,-0.364155,-0.812743,-43.459306,4.424898,-28.267121,-0.180243,170.348764,-0.969701,-9.491696,0.969701,-0.164905,0.180243,10.529657,-10.38389,0.164905,-0.164905,-170.348764,10.38389,0.180243,9.491696,-10.529657,-0.180243,0.164905,0.969701,-0.969701,NA,NA,NA,NA,NA,NA,NA,NA,NA,NA,NA,NA
NA,NA,NA,NA,NA,NA,NA,NA,NA,NA,NA,NA,NA,NA,NA,NA,368,2026-02-20,17:14:11,5,5,"Renaud, Jack",824527,Right,LEN_BEA,"Bishop, Matthew",10136275,Right,CAR_EAG,Undefined,9,Bottom,2,2,2,Fastball,Four-Seam,StrikeCalled,Strikeout,Undefined,Undefined,0,0,NA,90.19832,-3.036531,-3.694747,2519.930671,200.911053,12:45:00,6.19396,2.28381,5.88084,-8.92087,25.83167,9.40713,2.62197,-0.36838,81.77282,-4.834966,-2.012804,0.424292,NA,NA,NA,NA,NA,NA,NA,NA,NA,NA,NA,-5.8441,14.38103,-1.99013,50,5.94251,8.00959,-130.4979,-7.07048,-10.02063,28.91533,-7.5155,CAR_EAG,LEN_BEA,CarsonNewman,D2,Team,20260220-CarsonNewman-1,7e29da50-0ea9-11f1-8304-27cb6f288688,88.83614,NA,NA,8.42549,NA,NA,NA,NA,NA,NA,46df0e37-f40e-476d-8c8d-a76c06d1b556,2026-02-20,22:14:11,2026-02-20T22:14:11Z,2026-02-20T22:14:11Z,NA,v3,CNE,NA,NA,"Christmas, Seth",1000191967,Right,LEN_BEA,bdb4e72b-7d01-4fab-9543-6129e5764e0b,54.61707,-131.51696,14.45766,6.18702,-6.80561,-3.75775,-2.27864,8.36275,-5.01032,NA,NA,NA,NA,NA,NA,NA,NA,NA,NA,NA,NA,NA,NA,NA,NA,NA,NA,NA,NA,NA,NA,NA,NA,NA,NA,NA,NA,NA,NA,NA,NA,NA,NA,NA,NA,NA,NA,NA,NA,NA,NA,NA,NA,NA,NA,NA,NA,NA,NA,High,High,High,NA,NA,NA,NA,NA,205.957783,14.714038,2437.290937,0.967206,12:45:00,-0.286771,-0.436215,-0.852924,-42.048456,5.176298,-10.467995,-0.223854,172.617149,-0.966543,-7.19449,0.966543,-0.125238,0.223854,13.039938,-12.935484,0.125238,-0.125238,-172.617149,12.935484,0.223854,7.19449,-13.039938,-0.223854,0.125238,0.966543,-0.966543,NA,NA,NA,NA,NA,NA,NA,NA,NA,NA,NA,NA
