player_name,display_name,active,notes,id,pitcher,date,rel_speed,horz_break,induced_vert_break,original_pitch_type,new_pitch_type,new_pitcher,modified_at,pitch_key,created_at,PitchNo,Date,Time,PAofInning,PitchofPA,Pitcher,PitcherId,PitcherThrows,PitcherTeam,Batter,BatterId,BatterSide,BatterTeam,PitcherSet,Inning,Top/Bottom,Outs,Balls,Strikes,TaggedPitchType,AutoPitchType,PitchCall,KorBB,TaggedHitType,PlayResult,OutsOnPlay,RunsScored,Notes,RelSpeed,VertRelAngle,HorzRelAngle,SpinRate,SpinAxis,Tilt,RelHeight,RelSide,Extension,VertBreak,InducedVertBreak,HorzBreak,PlateLocHeight,PlateLocSide,ZoneSpeed,VertApprAngle,HorzApprAngle,ZoneTime,ExitSpeed,Angle,Direction,HitSpinRate,PositionAt110X,PositionAt110Y,PositionAt110Z,Distance,LastTrackedDistance,Bearing,HangTime,pfxx,pfxz,x0,y0,z0,vx0,vy0,vz0,ax0,ay0,az0,HomeTeam,AwayTeam,Stadium,Level,League,GameID,PitchUID,EffectiveVelo,MaxHeight,MeasuredDuration,SpeedDrop,PitchLastMeasuredX,PitchLastMeasuredY,PitchLastMeasuredZ,ContactPositionX,ContactPositionY,ContactPositionZ,GameUID,UTCDate,UTCTime,LocalDateTime,UTCDateTime,AutoHitType,System,HomeTeamForeignID,AwayTeamForeignID,GameForeignID,Catcher,CatcherId,CatcherThrows,CatcherTeam,PlayID,PitchTrajectoryXc0,PitchTrajectoryXc1,PitchTrajectoryXc2,PitchTrajectoryYc0,PitchTrajectoryYc1,PitchTrajectoryYc2,PitchTrajectoryZc0,PitchTrajectoryZc1,PitchTrajectoryZc2,HitSpinAxis,HitTrajectoryXc0,HitTrajectoryXc1,HitTrajectoryXc2,HitTrajectoryXc3,HitTrajectoryXc4,HitTrajectoryXc5,HitTrajectoryXc6,HitTrajectoryXc7,HitTrajectoryXc8,HitTrajectoryYc0,HitTrajectoryYc1,HitTrajectoryYc2,HitTrajectoryYc3,HitTrajectoryYc4,HitTrajectoryYc5,HitTrajectoryYc6,HitTrajectoryYc7,HitTrajectoryYc8,HitTrajectoryZc0,HitTrajectoryZc1,HitTrajectoryZc2,HitTrajectoryZc3,HitTrajectoryZc4,HitTrajectoryZc5,HitTrajectoryZc6,HitTrajectoryZc7,HitTrajectoryZc8,ThrowSpeed,PopTime,ExchangeTime,TimeToBase,CatchPositionX,CatchPositionY,CatchPositionZ,ThrowPositionX,ThrowPositionY,ThrowPositionZ,BasePositionX,BasePositionY,BasePositionZ,ThrowTrajectoryXc0,ThrowTrajectoryXc1,ThrowTrajectoryXc2,ThrowTrajectoryYc0,ThrowTrajectoryYc1,ThrowTrajectoryYc2,ThrowTrajectoryZc0,ThrowTrajectoryZc1,ThrowTrajectoryZc2,PitchReleaseConfidence,PitchLocationConfidence,PitchMovementConfidence,HitLaunchConfidence,HitLandingConfidence,CatcherThrowCatchConfidence,CatcherThrowReleaseConfidence,CatcherThrowLocationConfidence,SpinAxis3dTransverseAngle,SpinAxis3dLongitudinalAngle,SpinAxis3dActiveSpinRate,SpinAxis3dSpinEfficiency,SpinAxis3dTilt,SpinAxis3dVectorX,SpinAxis3dVectorY,SpinAxis3dVectorZ,SpinAxis3dSeamOrientationRotationX,SpinAxis3dSeamOrientationRotationY,SpinAxis3dSeamOrientationRotationZ,SpinAxis3dSeamOrientationBallYAmb1,SpinAxis3dSeamOrientationBallAngleHorizontalAmb1,SpinAxis3dSeamOrientationBallZAmb1,SpinAxis3dSeamOrientationBallAngleVerticalAmb2,SpinAxis3dSeamOrientationBallZAmb2,SpinAxis3dSeamOrientationBallXAmb4,SpinAxis3dSeamOrientationBallYAmb4,SpinAxis3dSeamOrientationBallAngleHorizontalAmb2,SpinAxis3dSeamOrientationBallAngleVerticalAmb1,SpinAxis3dSeamOrientationBallXAmb1,SpinAxis3dSeamOrientationBallYAmb2,SpinAxis3dSeamOrientationBallAngleHorizontalAmb4,SpinAxis3dSeamOrientationBallAngleVerticalAmb4,SpinAxis3dSeamOrientationBallXAmb2,SpinAxis3dSeamOrientationBallAngleVerticalAmb3,SpinAxis3dSeamOrientationBallAngleHorizontalAmb3,SpinAxis3dSeamOrientationBallXAmb3,SpinAxis3dSeamOrientationBallYAmb3,SpinAxis3dSeamOrientationBallZAmb3,SpinAxis3dSeamOrientationBallZAmb4,session_id,play_id,camera_slot,camera_name,camera_target,video_type,azure_blob,azure_md5,cloudinary_url,cloudinary_public_id,uploaded_at,HitType
NA,NA,NA,NA,NA,NA,NA,NA,NA,NA,NA,NA,NA,NA,NA,NA,1,2026-01-21,15:35:28,1,1,"Kileffer, James",1000475289,Right,CAR_EAG,"Hornbuckle, Kylan",1000106804,Right,CAR_EAG,Undefined,1,Top,0,0,0,Slider,Curveball,StrikeCalled,Undefined,Undefined,Undefined,0,0,NA,70.51623,2.896496,-0.205554,2358.571713,56.927309,08:00:00,5.53728,2.90405,5.23829,-67.42114,-8.88434,-16.81887,2.64369,1.30927,64.02747,-9.356484,-3.190339,0.550663,NA,NA,NA,NA,NA,NA,NA,NA,NA,NA,NA,8.24445,-4.64666,-2.87238,50,5.75428,0.99622,-102.14521,3.00201,8.56368,19.46857,-37.00062,CAR_EAG,CAR_EAG,CarsonNewman,TeamExclusive,Team,20260121-CarsonNewman-Private-1,bb0659c0-f708-11f0-a1f3-8be2d137b8b6,68.44919,NA,NA,6.48876,NA,NA,NA,NA,NA,NA,12e7b950-fffd-45a9-b94a-b9563b4018a5,2026-01-21,20:35:28,2026-01-21T20:35:28Z,2026-01-21T20:35:28Z,NA,v3,CNE,CNE,NA,"Cochran, Carson",10085797,Right,CAR_EAG,d5bb467a-4a40-4931-9210-dddf2aa7a531,55.26405,-103.14364,9.73429,5.55166,4.89956,-18.50031,-2.91221,0.55704,4.28184,NA,NA,NA,NA,NA,NA,NA,NA,NA,NA,NA,NA,NA,NA,NA,NA,NA,NA,NA,NA,NA,NA,NA,NA,NA,NA,NA,NA,NA,NA,NA,NA,NA,NA,NA,NA,NA,NA,NA,NA,NA,NA,NA,NA,NA,NA,NA,NA,NA,NA,High,High,High,NA,NA,NA,NA,NA,52.090741,34.775511,1937.314457,0.821393,07:45:00,-0.535072,0.67606,0.506597,58.904193,20.67678,24.052843,-0.772971,143.436618,-0.509582,-22.206391,0.509582,-0.377944,0.772971,56.605081,-50.621444,0.377944,-0.377944,-143.436618,50.621444,0.772971,22.206391,-56.605081,-0.772971,0.377944,0.509582,-0.509582,NA,NA,NA,NA,NA,NA,NA,NA,NA,NA,NA,NA
NA,NA,NA,NA,NA,NA,NA,NA,NA,NA,NA,NA,NA,NA,NA,NA,2,2026-01-21,15:35:47,1,2,"Kileffer, James",1000475289,Right,CAR_EAG,"Hornbuckle, Kylan",1000106804,Right,CAR_EAG,Undefined,1,Top,0,0,1,ChangeUp,Changeup,BallCalled,Undefined,Undefined,Undefined,0,0,NA,77.84985,-2.941311,-7.02104,1710.888338,248.474429,02:15:00,5.64191,2.45064,6.13224,-36.40211,10.0167,21.41733,-0.13327,-2.28698,71.42341,-9.670958,-3.193041,0.490364,NA,NA,NA,NA,NA,NA,NA,NA,NA,NA,NA,-13.15516,6.448,-1.92306,50,5.39628,13.07987,-112.2199,-6.84234,-16.75111,20.58322,-23.96352,CAR_EAG,CAR_EAG,CarsonNewman,TeamExclusive,Team,20260121-CarsonNewman-Private-1,c6576260-f708-11f0-a1f3-8be2d137b8b6,76.86629,NA,NA,6.42645,NA,NA,NA,NA,NA,NA,12e7b950-fffd-45a9-b94a-b9563b4018a5,2026-01-21,20:35:47,2026-01-21T20:35:47Z,2026-01-21T20:35:47Z,NA,v3,CNE,CNE,NA,"Cochran, Carson",10085797,Right,CAR_EAG,eaeb55c4-a75f-4372-9e39-3fbc668e7538,54.37107,-113.01879,10.29161,5.6438,-5.91224,-11.98176,-2.44335,13.73003,-8.37555,NA,NA,NA,NA,NA,NA,NA,NA,NA,NA,NA,NA,NA,NA,NA,NA,NA,NA,NA,NA,NA,NA,NA,NA,NA,NA,NA,NA,NA,NA,NA,NA,NA,NA,NA,NA,NA,NA,NA,NA,NA,NA,NA,NA,NA,NA,NA,NA,NA,NA,High,High,High,NA,NA,NA,NA,NA,239.657529,6.982451,1698.199419,0.992583,02:00:00,-0.138159,-0.86173,-0.488194,52.251468,39.669239,20.493652,0.020632,101.610718,-0.201218,78.330073,0.201218,-0.979329,-0.020632,5.854344,1.182202,0.979329,0.979329,-101.610718,-1.182202,0.020632,-78.330073,-5.854344,-0.020632,-0.979329,0.201218,-0.201218,NA,NA,NA,NA,NA,NA,NA,NA,NA,NA,NA,NA
NA,NA,NA,NA,NA,NA,NA,NA,NA,NA,NA,NA,NA,NA,NA,NA,3,2026-01-21,15:36:07,1,3,"Kileffer, James",1000475289,Right,CAR_EAG,"Hornbuckle, Kylan",1000106804,Right,CAR_EAG,Undefined,1,Top,0,1,1,Fastball,Changeup,StrikeSwinging,Undefined,Undefined,Undefined,0,0,NA,83.03651,-0.517514,-4.015339,2063.813756,209.083114,01:00:00,6.00242,2.25522,5.89713,-24.03482,16.66706,8.53768,3.51785,-0.76737,75.78043,-5.039459,-2.488804,0.459176,NA,NA,NA,NA,NA,NA,NA,NA,NA,NA,NA,-5.45701,9.06123,-1.93622,50,5.94686,8.1019,-120.3097,-1.78921,-7.99473,23.43679,-18.899,CAR_EAG,CAR_EAG,CarsonNewman,TeamExclusive,Team,20260121-CarsonNewman-Private-1,d21bc640-f708-11f0-a1f3-8be2d137b8b6,82.08722,NA,NA,7.25608,NA,NA,NA,NA,NA,NA,12e7b950-fffd-45a9-b94a-b9563b4018a5,2026-01-21,20:36:07,2026-01-21T20:36:07Z,2026-01-21T20:36:07Z,NA,v3,CNE,CNE,NA,"Cochran, Carson",10085797,Right,CAR_EAG,c4ed7c4c-4fc7-4038-9755-e5e35412cc50,54.60123,-121.20273,11.7184,6.00132,-1.06909,-9.4495,-2.25074,8.40653,-3.99737,NA,NA,NA,NA,NA,NA,NA,NA,NA,NA,NA,NA,NA,NA,NA,NA,NA,NA,NA,NA,NA,NA,NA,NA,NA,NA,NA,NA,NA,NA,NA,NA,NA,NA,NA,NA,NA,NA,NA,NA,NA,NA,NA,NA,NA,NA,NA,NA,NA,NA,High,High,High,NA,NA,NA,NA,NA,210.010172,26.715358,1843.503528,0.893251,01:00:00,-0.498574,-0.450805,-0.740404,-42.24173,-35.952398,-82.737995,-0.146002,172.851957,-0.981596,-7.071054,0.981596,-0.1231,0.146002,8.460113,-8.395301,0.1231,-0.1231,-172.851957,8.395301,0.146002,7.071054,-8.460113,-0.146002,0.1231,0.981596,-0.981596,NA,NA,NA,NA,NA,NA,NA,NA,NA,NA,NA,NA
NA,NA,NA,NA,NA,NA,NA,NA,NA,NA,NA,NA,NA,NA,NA,NA,4,2026-01-21,15:36:28,1,4,"Kileffer, James",1000475289,Right,CAR_EAG,"Hornbuckle, Kylan",1000106804,Right,CAR_EAG,Undefined,1,Top,0,1,2,Slider,Curveball,InPlay,Undefined,LineDrive,Out,1,0,NA,72.27986,2.583241,-2.127705,2373.148537,59.694154,08:00:00,5.55457,2.79397,5.30861,-62.13614,-6.93859,-14.94969,2.80477,-0.45003,66.12596,-8.698219,-4.778315,0.534726,83.9542,23.557046,-3.597099,2370.318945,109.99767,39.4994,-0.70426,278.05681,274.4704,3.246296,3.611611,6.87989,-3.80362,-2.58931,50,5.74383,4.43593,-104.75668,2.7467800000000002,7.57364,19.24077,-36.36122,CAR_EAG,CAR_EAG,CarsonNewman,TeamExclusive,Team,20260121-CarsonNewman-Private-1,de72a620-f708-11f0-a1f3-8be2d137b8b6,70.48925,43.95144,NA,6.1539,NA,NA,NA,1.38539,2.89898,0.46117,12e7b950-fffd-45a9-b94a-b9563b4018a5,2026-01-21,20:36:28,2026-01-21T20:36:28Z,2026-01-21T20:36:28Z,LineDrive,v3,CNE,CNE,NA,"Cochran, Carson",10085797,Right,CAR_EAG,a52bbf8c-005d-43c0-887f-bc20937d022f,55.19534,-105.7066,9.62038,5.5639,4.54195,-18.18061,-2.79908,4.06201,3.78682,214.232058,1.38514,112.65656,-19.09637,4.51727,-1.01117,0.2394,-0.05443,0.00847,-5.7e-4,2.89936,49.19995,-15.1567,-0.0919,0.39483,-0.18174,0.05045,-0.00707,3.7e-4,0.46121,-7.08263,7.45467,-2.46274,0.66892,-0.15966,0.03222,-0.00445,2.8e-4,NA,NA,NA,NA,NA,NA,NA,NA,NA,NA,NA,NA,NA,NA,NA,NA,NA,NA,NA,NA,NA,NA,High,High,High,High,High,NA,NA,NA,55.353092,47.357205,1607.631542,0.677426,07:45:00,-0.694938,0.589886,0.411213,63.153649,25.207581,28.027701,-0.586692,143.696144,-0.652617,-28.650297,0.652617,-0.479462,0.586692,41.955004,-35.922579,0.479462,-0.479462,-143.696144,35.922579,0.586692,28.650297,-41.955004,-0.586692,0.479462,0.652617,-0.652617,NA,NA,NA,NA,NA,NA,NA,NA,NA,NA,NA,NA
NA,NA,NA,NA,NA,NA,NA,NA,NA,NA,NA,NA,NA,NA,NA,NA,5,2026-01-21,15:37:01,2,1,"Kileffer, James",1000475289,Right,CAR_EAG,"Evans, Colton",10278429,Right,CAR_EAG,Undefined,1,Top,1,0,0,Fastball,Changeup,BallCalled,Undefined,Undefined,Undefined,0,0,NA,84.0211,1.673962,-2.341692,2064.081104,225.749596,01:30:00,5.94114,2.41858,5.84155,-26.91816,13.25579,12.16308,5.25548,1.25459,75.70982,-3.39808,-0.163917,0.456188,NA,NA,NA,NA,NA,NA,NA,NA,NA,NA,NA,-6.86772,6.65075,-2.23456,50,6.06206,4.46971,-121.73912,2.73472,-10.18485,26.53273,-22.31096,CAR_EAG,CAR_EAG,CarsonNewman,TeamExclusive,Team,20260121-CarsonNewman-Private-1,f266ae60-f708-11f0-a1f3-8be2d137b8b6,82.62482,NA,NA,8.31129,NA,NA,NA,NA,NA,NA,12e7b950-fffd-45a9-b94a-b9563b4018a5,2026-01-21,20:37:01,2026-01-21T20:37:01Z,2026-01-21T20:37:01Z,NA,v3,CNE,CNE,NA,"Cochran, Carson",10085797,Right,CAR_EAG,19b884f9-911b-4e66-89e3-0d9655ad7b29,54.65525,-122.74952,13.26637,5.94174,3.58435,-11.15548,-2.41216,4.85757,-5.09242,NA,NA,NA,NA,NA,NA,NA,NA,NA,NA,NA,NA,NA,NA,NA,NA,NA,NA,NA,NA,NA,NA,NA,NA,NA,NA,NA,NA,NA,NA,NA,NA,NA,NA,NA,NA,NA,NA,NA,NA,NA,NA,NA,NA,NA,NA,NA,NA,NA,NA,High,High,High,NA,NA,NA,NA,NA,NA,NA,NA,NA,NA,NA,NA,NA,NA,NA,NA,NA,NA,NA,NA,NA,NA,NA,NA,NA,NA,NA,NA,NA,NA,NA,NA,NA,NA,NA,NA,NA,NA,NA,NA,NA,NA,NA,NA,NA,NA,NA,NA
NA,NA,NA,NA,NA,NA,NA,NA,NA,NA,NA,NA,NA,NA,NA,NA,6,2026-01-21,15:37:20,2,2,"Kileffer, James",1000475289,Right,CAR_EAG,"Evans, Colton",10278429,Right,CAR_EAG,Undefined,1,Top,1,1,0,Fastball,Changeup,FoulBallNotFieldable,Undefined,Undefined,Undefined,0,0,NA,82.69493,-0.431539,-4.135758,2084.934914,215.864905,01:15:00,5.71171,2.40136,5.68813,-24.56911,17.12257,11.32705,3.261,-0.51627,74.86947,-5.056952,-2.118472,0.464725,66.20982,44.671817,155.173571,4644.813527,NA,NA,NA,NA,25.36355,NA,NA,-7.05335,9.25745,-2.06022,50,5.66024,8.20472,-119.70501,-1.64005,-10.13823,25.13358,-18.86777,CAR_EAG,CAR_EAG,CarsonNewman,TeamExclusive,Team,20260121-CarsonNewman-Private-1,fdbc4ae0-f708-11f0-a1f3-8be2d137b8b6,81.10699,25.29943,NA,7.82545,NA,NA,NA,1.95434,3.23459,0.45555,12e7b950-fffd-45a9-b94a-b9563b4018a5,2026-01-21,20:37:20,2026-01-21T20:37:20Z,2026-01-21T20:37:20Z,NA,v3,CNE,CNE,NA,"Cochran, Carson",10085797,Right,CAR_EAG,13dc9e5a-d209-4a9d-9ae4-352ceea026bb,54.81203,-120.71113,12.56679,5.71077,-0.88476,-9.43388,-2.39678,8.61056,-5.06911,331.516833,1.96223,-62.94597,1.28269,NA,NA,NA,NA,NA,NA,3.25275,67.66168,-31.70949,NA,NA,NA,NA,NA,NA,0.46414,28.70672,-8.83352,NA,NA,NA,NA,NA,NA,NA,NA,NA,NA,NA,NA,NA,NA,NA,NA,NA,NA,NA,NA,NA,NA,NA,NA,NA,NA,NA,NA,High,High,High,High,Undefined,NA,NA,NA,220.202268,28.508545,1832.128098,0.878746,01:15:00,-0.520176,-0.570799,-0.635299,-57.904787,-31.565814,-63.332572,-0.198085,174.324887,-0.975381,-5.562301,0.975381,-0.096928,0.198085,11.479781,-11.424997,0.096928,-0.096928,-174.324887,11.424997,0.198085,5.562301,-11.479781,-0.198085,0.096928,0.975381,-0.975381,NA,NA,NA,NA,NA,NA,NA,NA,NA,NA,NA,NA
NA,NA,NA,NA,NA,NA,NA,NA,NA,NA,NA,NA,NA,NA,NA,NA,7,2026-01-21,15:37:44,2,3,"Kileffer, James",1000475289,Right,CAR_EAG,"Evans, Colton",10278429,Right,CAR_EAG,Undefined,1,Top,1,1,1,Slider,Curveball,InPlay,Undefined,LineDrive,Out,1,0,NA,71.64463,2.88089,-1.926659,2446.039972,57.79894,08:00:00,5.48137,2.81848,5.23638,-65.68693,-8.49363,-16.85773,2.71919,-0.39799,64.63522,-9.06963,-4.911939,0.544307,90.84371,17.565274,-24.770423,1238.091373,98.06914,27.73499,-49.82263,276.59753,271.36045,-31.714734,2.950044,7.77859,-4.72229,-2.62779,50,5.69768,4.10791,-103.64846,3.11739,8.25087,21.34982,-37.18304,CAR_EAG,CAR_EAG,CarsonNewman,TeamExclusive,Team,20260121-CarsonNewman-Private-1,0baf4e90-f709-11f0-a1f3-8be2d137b8b6,69.24847,30.2708,NA,7.00941,NA,NA,NA,2.91738,3.03275,0.26698,12e7b950-fffd-45a9-b94a-b9563b4018a5,2026-01-21,20:37:44,2026-01-21T20:37:44Z,2026-01-21T20:37:44Z,LineDrive,v3,CNE,CNE,NA,"Cochran, Carson",10085797,Right,CAR_EAG,728210d9-27fc-4974-affe-958551130249,55.26614,-104.72758,10.67491,5.49262,4.99679,-18.59152,-2.82488,3.69088,4.12543,130.634684,2.91728,115.34466,-20.37093,4.49812,-1.06188,0.295,-0.07985,0.0138,-0.00101,3.03284,40.20339,-15.61238,0.52155,0.13496,-0.12789,0.05131,-0.00962,7.1e-4,0.26686,-53.21329,0.56507,0.78302,-0.46458,0.22605,-0.07711,0.0146,-0.00115,NA,NA,NA,NA,NA,NA,NA,NA,NA,NA,NA,NA,NA,NA,NA,NA,NA,NA,NA,NA,NA,NA,High,High,High,High,High,NA,NA,NA,56.019023,43.894817,1762.650231,0.720614,07:45:00,-0.648512,0.631641,0.424807,62.930563,14.782284,26.593357,-0.68736,146.997872,-0.609126,-23.303603,0.609126,-0.395603,0.68736,48.453207,-43.421476,0.395603,-0.395603,-146.997872,43.421476,0.68736,23.303603,-48.453207,-0.68736,0.395603,0.609126,-0.609126,NA,NA,NA,NA,NA,NA,NA,NA,NA,NA,NA,NA
NA,NA,NA,NA,NA,NA,NA,NA,NA,NA,NA,NA,NA,NA,NA,NA,8,2026-01-21,15:38:16,3,1,"Kileffer, James",1000475289,Right,CAR_EAG,"Kilgore, Tanner",814348,Right,CAR_EAG,Undefined,1,Top,2,0,0,Slider,Curveball,StrikeCalled,Undefined,Undefined,Undefined,0,0,NA,71.85328,2.563504,-1.691303,2201.973584,70.012104,08:15:00,5.54673,2.66432,5.26773,-60.45397,-4.1467,-16.79489,2.91975,-0.32454,65.25547,-8.446179,-4.6676,0.540075,NA,NA,NA,NA,NA,NA,NA,NA,NA,NA,NA,7.75804,-2.20945,-2.49706,50,5.73762,3.71036,-104.04131,2.7118,8.37098,19.99546,-34.55806,CAR_EAG,CAR_EAG,CarsonNewman,TeamExclusive,Team,20260121-CarsonNewman-Private-1,1f257440-f709-11f0-a1f3-8be2d137b8b6,69.79118,NA,NA,6.59781,NA,NA,NA,NA,NA,NA,12e7b950-fffd-45a9-b94a-b9563b4018a5,2026-01-21,20:38:16,2026-01-21T20:38:16Z,2026-01-21T20:38:16Z,NA,v3,CNE,CNE,NA,"Cochran, Carson",10085797,Right,CAR_EAG,c1c26d40-80dd-4c41-8aa0-c94b5d038bd5,55.23275,-105.04217,9.99773,5.5586,4.44157,-17.27903,-2.6723,3.29136,4.18549,NA,NA,NA,NA,NA,NA,NA,NA,NA,NA,NA,NA,NA,NA,NA,NA,NA,NA,NA,NA,NA,NA,NA,NA,NA,NA,NA,NA,NA,NA,NA,NA,NA,NA,NA,NA,NA,NA,NA,NA,NA,NA,NA,NA,NA,NA,NA,NA,NA,NA,High,High,High,NA,NA,NA,NA,NA,56.294825,40.590396,1672.135543,0.75938,08:00:00,-0.609032,0.660201,0.439562,55.354202,12.586991,17.488357,-0.746462,135.17937,-0.471999,-27.972844,0.471999,-0.469053,0.746462,57.694234,-48.284862,0.469053,-0.469053,-135.17937,48.284862,0.746462,27.972844,-57.694234,-0.746462,0.469053,0.471999,-0.471999,NA,NA,NA,NA,NA,NA,NA,NA,NA,NA,NA,NA
NA,NA,NA,NA,NA,NA,NA,NA,NA,NA,NA,NA,NA,NA,NA,NA,9,2026-01-21,15:38:36,3,2,"Kileffer, James",1000475289,Right,CAR_EAG,"Kilgore, Tanner",814348,Right,CAR_EAG,Undefined,1,Top,2,0,1,Slider,Curveball,BallCalled,Undefined,Undefined,Undefined,0,0,NA,71.80385,2.002155,-3.083474,2379.49001,66.318546,08:15:00,5.55596,2.93073,5.30357,-62.67149,-5.72311,-17.8982,2.21643,-1.45831,64.84799,-9.402709,-6.251495,0.54314,NA,NA,NA,NA,NA,NA,NA,NA,NA,NA,NA,7.73973,-2.79004,-2.6374,50,5.69382,6.27588,-103.79952,1.61501,8.22442,21.58753,-35.13881,CAR_EAG,CAR_EAG,CarsonNewman,TeamExclusive,Team,20260121-CarsonNewman-Private-1,2b25cfb0-f709-11f0-a1f3-8be2d137b8b6,69.39722,NA,NA,6.95586,NA,NA,NA,NA,NA,NA,12e7b950-fffd-45a9-b94a-b9563b4018a5,2026-01-21,20:38:36,2026-01-21T20:38:36Z,2026-01-21T20:38:36Z,NA,v3,CNE,CNE,NA,"Cochran, Carson",10085797,Right,CAR_EAG,13522881-b6ce-4487-a3e5-8459f32279a5,55.19552,-104.87448,10.79377,5.56983,3.36476,-17.56941,-2.93971,5.86635,4.11221,NA,NA,NA,NA,NA,NA,NA,NA,NA,NA,NA,NA,NA,NA,NA,NA,NA,NA,NA,NA,NA,NA,NA,NA,NA,NA,NA,NA,NA,NA,NA,NA,NA,NA,NA,NA,NA,NA,NA,NA,NA,NA,NA,NA,NA,NA,NA,NA,NA,NA,High,High,High,NA,NA,NA,NA,NA,55.734602,47.362839,1611.755287,0.677353,07:45:00,-0.694101,0.585151,0.419312,65.250134,7.310421,19.92932,-0.654571,138.295434,-0.564419,-30.195992,0.564419,-0.502959,0.654571,49.229696,-40.88713,0.502959,-0.502959,-138.295434,40.88713,0.654571,30.195992,-49.229696,-0.654571,0.502959,0.564419,-0.564419,NA,NA,NA,NA,NA,NA,NA,NA,NA,NA,NA,NA
NA,NA,NA,NA,NA,NA,NA,NA,NA,NA,NA,NA,NA,NA,NA,NA,10,2026-01-21,15:38:56,3,3,"Kileffer, James",1000475289,Right,CAR_EAG,"Kilgore, Tanner",814348,Right,CAR_EAG,Undefined,1,Top,2,1,1,Fastball,Changeup,BallCalled,Undefined,Undefined,Undefined,0,0,NA,82.64025,-1.339237,-4.461186,2098.795423,248.414831,02:15:00,5.67933,2.38162,6.23777,-33.14781,7.7735900000000004,16.04064,1.67761,-0.40536,75.10694,-7.530604,-1.57159,0.460412,NA,NA,NA,NA,NA,NA,NA,NA,NA,NA,NA,-9.60575,4.89059,-2.05564,50,5.5631,8.71737,-119.65588,-3.80254,-13.79731,25.08613,-25.14939,CAR_EAG,CAR_EAG,CarsonNewman,TeamExclusive,Team,20260121-CarsonNewman-Private-1,36d991c0-f709-11f0-a1f3-8be2d137b8b6,81.86675,NA,NA,7.53331,NA,NA,NA,NA,NA,NA,12e7b950-fffd-45a9-b94a-b9563b4018a5,2026-01-21,20:38:56,2026-01-21T20:38:56Z,2026-01-21T20:38:56Z,NA,v3,CNE,CNE,NA,"Cochran, Carson",10085797,Right,CAR_EAG,80c96dfe-9076-492c-8629-2466875b73ad,54.26148,-120.546,12.54306,5.6822,-2.91018,-12.5747,-2.37364,9.20694,-6.89866,NA,NA,NA,NA,NA,NA,NA,NA,NA,NA,NA,NA,NA,NA,NA,NA,NA,NA,NA,NA,NA,NA,NA,NA,NA,NA,NA,NA,NA,NA,NA,NA,NA,NA,NA,NA,NA,NA,NA,NA,NA,NA,NA,NA,NA,NA,NA,NA,NA,NA,High,High,High,NA,NA,NA,NA,NA,221.533021,32.668071,1766.790571,0.841812,01:30:00,-0.573999,-0.570628,-0.58729,-6.91446,69.611838,24.779989,-0.16531,163.153345,-0.943916,-16.608102,0.943916,-0.285824,0.16531,9.933621,-9.515272,0.285824,-0.285824,-163.153345,9.515272,0.16531,16.608102,-9.933621,-0.16531,0.285824,0.943916,-0.943916,NA,NA,NA,NA,NA,NA,NA,NA,NA,NA,NA,NA
NA,NA,NA,NA,NA,NA,NA,NA,NA,NA,NA,NA,NA,NA,NA,NA,11,2026-01-21,15:39:15,3,4,"Kileffer, James",1000475289,Right,CAR_EAG,"Kilgore, Tanner",814348,Right,CAR_EAG,Undefined,1,Top,2,2,1,Slider,Curveball,InPlay,Undefined,GroundBall,Out,1,0,NA,70.19873,2.102581,-1.689084,2441.556581,66.267604,08:15:00,5.47697,2.85491,5.34718,-66.19866,-6.93933,-20.76092,1.93443,-0.46002,63.55877,-9.950882,-5.376895,0.554051,55.93072,-49.804995,-62.157329,NA,NA,NA,NA,3.72381,3.72381,-19.800396,0.034131,9.88044,-3.68638,-2.68701,50,5.61909,3.73384,-101.65596,1.70125,10.07401,20.64534,-35.93265,CAR_EAG,CAR_EAG,CarsonNewman,TeamExclusive,Team,20260121-CarsonNewman-Private-1,422a2530-f709-11f0-a1f3-8be2d137b8b6,68.03064,2.14935,NA,6.63996,NA,NA,NA,2.65549,2.14935,0.34436,12e7b950-fffd-45a9-b94a-b9563b4018a5,2026-01-21,20:39:15,2026-01-21T20:39:15Z,2026-01-21T20:39:15Z,GroundBall,v3,CNE,CNE,NA,"Cochran, Carson",10085797,Right,CAR_EAG,50762005-8f00-41a5-9300-c0e43e3ac5c7,55.15577,-102.69771,10.32267,5.4875,3.51439,-17.96633,-2.86259,3.22551,5.03701,NA,2.65481,24.8499,NA,NA,NA,NA,NA,NA,NA,2.15107,-62.97265,NA,NA,NA,NA,NA,NA,NA,0.34565,-47.04706,NA,NA,NA,NA,NA,NA,NA,NA,NA,NA,NA,NA,NA,NA,NA,NA,NA,NA,NA,NA,NA,NA,NA,NA,NA,NA,NA,NA,NA,High,High,High,Estimated,Estimated,NA,NA,NA,57.094916,34.56996,2010.46064,0.823434,08:00:00,-0.528245,0.711684,0.463101,51.938921,21.298035,18.350568,-0.779365,137.072046,-0.458782,-25.261065,0.458782,-0.426743,0.779365,59.516348,-51.20246,0.426743,-0.426743,-137.072046,51.20246,0.779365,25.261065,-59.516348,-0.779365,0.426743,0.458782,-0.458782,NA,NA,NA,NA,NA,NA,NA,NA,NA,NA,NA,NA
NA,NA,NA,NA,NA,NA,NA,NA,NA,NA,NA,NA,NA,NA,NA,NA,12,2026-01-21,15:41:33,1,1,"Sharp, Will",1000370214,Right,CAR_EAG,"Smith, Braxton",1000370200,Right,CAR_EAG,Undefined,1,Bottom,0,0,0,Slider,Slider,StrikeCalled,Undefined,Undefined,Undefined,0,0,NA,71.00364,0.614335,-1.189071,1946.469665,128.639038,10:15:00,6.46318,2.54411,5.58515,-49.05184,6.85867,-6.44733,2.94938,0.89624,65.54803,-8.372073,-2.340276,0.538168,NA,NA,NA,NA,NA,NA,NA,NA,NA,NA,NA,2.93166,3.85638,-2.43768,50,6.48412,2.36647,-103.11043,-0.33438,3.16429,16.72987,-28.01164,CAR_EAG,CAR_EAG,CarsonNewman,TeamExclusive,Team,20260121-CarsonNewman-Private-1,94850fc0-f709-11f0-a1f3-8be2d137b8b6,70.03837,NA,NA,5.45561,NA,NA,NA,NA,NA,NA,12e7b950-fffd-45a9-b94a-b9563b4018a5,2026-01-21,20:41:33,2026-01-21T20:41:33Z,2026-01-21T20:41:33Z,NA,v3,CNE,CNE,NA,"Hammond, Kevin",10120878,Right,CAR_EAG,2f5e4c2c-9375-404c-a983-7d9602abcb7a,54.91483,-103.90481,8.36493,6.46842,0.99569,-14.00582,-2.54648,2.21622,1.58215,NA,NA,NA,NA,NA,NA,NA,NA,NA,NA,NA,NA,NA,NA,NA,NA,NA,NA,NA,NA,NA,NA,NA,NA,NA,NA,NA,NA,NA,NA,NA,NA,NA,NA,NA,NA,NA,NA,NA,NA,NA,NA,NA,NA,NA,NA,NA,NA,NA,NA,High,High,High,NA,NA,NA,NA,NA,127.914107,77.741249,413.287905,0.212327,10:15:00,-0.977844,0.17798,-0.110202,67.172153,-12.329073,20.027511,-0.264388,116.703699,-0.433386,-59.491526,0.433386,-0.861554,0.264388,31.385327,-15.330578,0.861554,-0.861554,-116.703699,15.330578,0.264388,59.491526,-31.385327,-0.264388,0.861554,0.433386,-0.433386,NA,NA,NA,NA,NA,NA,NA,NA,NA,NA,NA,NA
NA,NA,NA,NA,NA,NA,NA,NA,NA,NA,NA,NA,NA,NA,NA,NA,13,2026-01-21,15:41:48,1,2,"Sharp, Will",1000370214,Right,CAR_EAG,"Smith, Braxton",1000370200,Right,CAR_EAG,Undefined,1,Bottom,0,0,1,Fastball,Changeup,BallCalled,Undefined,Undefined,Undefined,0,0,NA,77.41179,-0.762216,-4.153749,2101.007181,174.700258,11:45:00,6.40598,2.40926,5.68625,-37.01321,10.23284,-0.80945,2.60916,-1.53673,71.07382,-7.575362,-4.297872,0.494714,NA,NA,NA,NA,NA,NA,NA,NA,NA,NA,NA,-0.75535,5.89697,-2.05853,50,6.31869,8.17186,-112.09794,-2.63288,-0.96052,20.38031,-24.67521,CAR_EAG,CAR_EAG,CarsonNewman,TeamExclusive,Team,20260121-CarsonNewman-Private-1,9d8aefe0-f709-11f0-a1f3-8be2d137b8b6,76.19037,NA,NA,6.33797,NA,NA,NA,NA,NA,NA,12e7b950-fffd-45a9-b94a-b9563b4018a5,2026-01-21,20:41:48,2026-01-21T20:41:48Z,2026-01-21T20:41:48Z,NA,v3,CNE,CNE,NA,"Hammond, Kevin",10120878,Right,CAR_EAG,d59335c3-982c-473e-a18c-95a0a23b173a,54.81214,-112.96944,10.19015,6.40872,-1.57772,-12.33761,-2.40886,8.21293,-0.48026,NA,NA,NA,NA,NA,NA,NA,NA,NA,NA,NA,NA,NA,NA,NA,NA,NA,NA,NA,NA,NA,NA,NA,NA,NA,NA,NA,NA,NA,NA,NA,NA,NA,NA,NA,NA,NA,NA,NA,NA,NA,NA,NA,NA,NA,NA,NA,NA,NA,NA,High,High,High,NA,NA,NA,NA,NA,199.07454,60.293079,1041.182657,0.495564,12:45:00,-0.897989,-0.173489,-0.404372,-88.218851,-10.250116,-61.984858,-0.322625,159.189722,-0.884777,-19.650213,0.884777,-0.336277,0.322625,20.033842,-18.821724,0.336277,-0.336277,-159.189722,18.821724,0.322625,19.650213,-20.033842,-0.322625,0.336277,0.884777,-0.884777,NA,NA,NA,NA,NA,NA,NA,NA,NA,NA,NA,NA
NA,NA,NA,NA,NA,NA,NA,NA,NA,NA,NA,NA,NA,NA,NA,NA,14,2026-01-21,15:42:05,1,3,"Sharp, Will",1000370214,Right,CAR_EAG,"Smith, Braxton",1000370200,Right,CAR_EAG,Undefined,1,Bottom,0,1,1,Slider,Slider,StrikeCalled,Undefined,Undefined,Undefined,0,0,NA,72.38333,-0.153523,-1.698866,2096.450211,113.916229,09:45:00,6.4109,2.52759,5.33617,-50.94377,3.45004,-3.99272,2.02148,0.60049,66.89461,-9.407021,-2.408973,0.530819,NA,NA,NA,NA,NA,NA,NA,NA,NA,NA,NA,1.5348,2.30165,-2.37122,50,6.3605,3.2621000000000002,-105.06096,-1.87875,1.71734,17.61258,-29.59864,CAR_EAG,CAR_EAG,CarsonNewman,TeamExclusive,Team,20260121-CarsonNewman-Private-1,a76bedc0-f709-11f0-a1f3-8be2d137b8b6,71.00813,NA,NA,5.48872,NA,NA,NA,NA,NA,NA,12e7b950-fffd-45a9-b94a-b9563b4018a5,2026-01-21,20:42:05,2026-01-21T20:42:05Z,2026-01-21T20:42:05Z,NA,v3,CNE,CNE,NA,"Hammond, Kevin",10120878,Right,CAR_EAG,1633cbc4-e91d-4a1c-a7f8-3605ad46c8aa,55.16462,-105.92323,8.80629,6.417,-0.42968,-14.79932,-2.52887,3.17802,0.85867,NA,NA,NA,NA,NA,NA,NA,NA,NA,NA,NA,NA,NA,NA,NA,NA,NA,NA,NA,NA,NA,NA,NA,NA,NA,NA,NA,NA,NA,NA,NA,NA,NA,NA,NA,NA,NA,NA,NA,NA,NA,NA,NA,NA,NA,NA,NA,NA,NA,NA,High,High,High,NA,NA,NA,NA,NA,155.824711,76.889894,475.523342,0.226823,11:15:00,-0.979888,0.090281,-0.177958,74.104857,-12.785314,27.02581,-0.153898,120.573445,-0.502583,-58.290148,0.502583,-0.850721,0.153898,17.025385,-8.852918,0.850721,-0.850721,-120.573445,8.852918,0.153898,58.290148,-17.025385,-0.153898,0.850721,0.502583,-0.502583,NA,NA,NA,NA,NA,NA,NA,NA,NA,NA,NA,NA
NA,NA,NA,NA,NA,NA,NA,NA,NA,NA,NA,NA,NA,NA,NA,NA,15,2026-01-21,15:42:22,1,4,"Sharp, Will",1000370214,Right,CAR_EAG,"Smith, Braxton",1000370200,Right,CAR_EAG,Undefined,1,Bottom,0,1,2,Slider,Curveball,FoulBallNotFieldable,Undefined,Undefined,Undefined,0,0,NA,73.32061,-1.000348,-3.453928,2058.103494,154.615608,11:15:00,6.48136,2.36772,5.57533,-44.8453,7.60548,-2.87256,1.80809,-1.10169,68.05571,-9.170593,-3.96566,0.521252,NA,NA,NA,NA,NA,NA,NA,NA,NA,NA,NA,0.5587,4.57599,-2.06801,50,6.36551,6.51959,-106.3466,-3.20791,0.64349,17.26243,-26.90356,CAR_EAG,CAR_EAG,CarsonNewman,TeamExclusive,Team,20260121-CarsonNewman-Private-1,b17c11f0-f709-11f0-a1f3-8be2d137b8b6,72.31141,NA,NA,5.2649,NA,NA,NA,NA,NA,NA,12e7b950-fffd-45a9-b94a-b9563b4018a5,2026-01-21,20:42:22,2026-01-21T20:42:22Z,2026-01-21T20:42:22Z,NA,v3,CNE,CNE,NA,"Hammond, Kevin",10120878,Right,CAR_EAG,359e42a0-bfef-47b0-92a6-4873aa6ea88f,54.92629,-107.14327,8.63121,6.4849,-1.96631,-13.45178,-2.3682,6.48989,0.32175,NA,NA,NA,NA,NA,NA,NA,NA,NA,NA,NA,NA,NA,NA,NA,NA,NA,NA,NA,NA,NA,NA,NA,NA,NA,NA,NA,NA,NA,NA,NA,NA,NA,NA,NA,NA,NA,NA,NA,NA,NA,NA,NA,NA,NA,NA,NA,NA,NA,NA,High,High,High,NA,NA,NA,NA,NA,143.655177,80.341206,345.309496,0.16778,10:45:00,-0.993758,0.082208,-0.075408,66.267615,-11.15425,36.580527,-0.329743,127.461112,-0.574205,-48.53596,0.574205,-0.749371,0.329743,29.86705,-19.253203,0.749371,-0.749371,-127.461112,19.253203,0.329743,48.53596,-29.86705,-0.329743,0.749371,0.574205,-0.574205,NA,NA,NA,NA,NA,NA,NA,NA,NA,NA,NA,NA
NA,NA,NA,NA,NA,NA,NA,NA,NA,NA,NA,NA,NA,NA,NA,NA,16,2026-01-21,15:42:40,1,5,"Sharp, Will",1000370214,Right,CAR_EAG,"Smith, Braxton",1000370200,Right,CAR_EAG,Undefined,1,Bottom,0,1,2,Slider,Curveball,InPlay,Undefined,FlyBall,Out,1,0,NA,72.11277,-0.35569,-2.452099,2036.874211,78.652939,08:30:00,6.41201,2.43116,5.56269,-54.59349,0.29504,-7.6344900000000004,1.52994,-0.49735,66.26108,-10.297934,-3.815034,0.533227,85.56304,25.561182,8.015308,2993.715283,107.32406,43.15833,24.11451,266.95226,263.70354,19.268412,3.767512,3.13622,0.75335,-2.21413,50,6.34523,4.74575,-104.5822,-2.29834,3.43991,19.22758,-31.34773,CAR_EAG,CAR_EAG,CarsonNewman,TeamExclusive,Team,20260121-CarsonNewman-Private-1,bc99fca0-f709-11f0-a1f3-8be2d137b8b6,70.68741,48.76828,NA,5.85169,NA,NA,NA,1.48537,1.64273,0.53529,12e7b950-fffd-45a9-b94a-b9563b4018a5,2026-01-21,20:42:40,2026-01-21T20:42:40Z,2026-01-21T20:42:40Z,LineDrive,v3,CNE,CNE,NA,"Hammond, Kevin",10120878,Right,CAR_EAG,463cbc32-4c7d-4685-8062-73b4ef50b542,54.93901,-105.48634,9.61379,6.41865,-0.82427,-15.67387,-2.43348,4.58399,1.71996,219.836537,1.48554,112.10011,-23.10794,5.1972,-1.01497,0.18609,-0.03373,0.0045,-2.6e-4,1.64239,54.15472,-16.61188,0.72587,-0.12593,0.04573,-0.01283,0.00261,-2.3e-4,0.53492,15.79423,5.61566,-1.95864,0.44263,-0.07785,0.01319,-0.00179,1.1e-4,NA,NA,NA,NA,NA,NA,NA,NA,NA,NA,NA,NA,NA,NA,NA,NA,NA,NA,NA,NA,NA,NA,High,High,High,High,High,NA,NA,NA,127.225745,80.382621,340.296109,0.167068,10:15:00,-0.990173,0.126906,-0.058759,69.974028,-7.393029,33.89966,-0.261357,128.773112,-0.604471,-48.810323,0.604471,-0.752534,0.261357,23.38238,-15.150621,0.752534,-0.752534,-128.773112,15.150621,0.261357,48.810323,-23.38238,-0.261357,0.752534,0.604471,-0.604471,NA,NA,NA,NA,NA,NA,NA,NA,NA,NA,NA,NA
NA,NA,NA,NA,NA,NA,NA,NA,NA,NA,NA,NA,NA,NA,NA,NA,17,2026-01-21,15:43:13,2,1,"Sharp, Will",1000370214,Right,CAR_EAG,"Gibson, Aiden",10011511,Right,CAR_EAG,Undefined,1,Bottom,1,0,0,Fastball,Changeup,StrikeCalled,Undefined,Undefined,Undefined,0,0,NA,77.61923,-0.831611,-1.775375,2043.720231,208.189757,01:00:00,6.37349,2.45654,6.08988,-37.12746,8.40784,3.81862,2.50982,1.1319,72.09522,-7.6929,-1.087006,0.485675,NA,NA,NA,NA,NA,NA,NA,NA,NA,NA,NA,-2.40319,4.97107,-2.32151,50,6.28967,3.36232,-112.86002,-2.72467,-3.13434,18.38552,-25.69062,CAR_EAG,CAR_EAG,CarsonNewman,TeamExclusive,Team,20260121-CarsonNewman-Private-1,cfe086d0-f709-11f0-a1f3-8be2d137b8b6,77.60839,NA,NA,5.52401,NA,NA,NA,NA,NA,NA,12e7b950-fffd-45a9-b94a-b9563b4018a5,2026-01-21,20:43:13,2026-01-21T20:43:13Z,2026-01-21T20:43:13Z,NA,v3,CNE,CNE,NA,"Hammond, Kevin",10120878,Right,CAR_EAG,5aa0394d-bd51-4a01-a5af-665778dba183,54.41113,-113.57635,9.19276,6.37633,-1.72373,-12.84531,-2.45489,3.48443,-1.56717,NA,NA,NA,NA,NA,NA,NA,NA,NA,NA,NA,NA,NA,NA,NA,NA,NA,NA,NA,NA,NA,NA,NA,NA,NA,NA,NA,NA,NA,NA,NA,NA,NA,NA,NA,NA,NA,NA,NA,NA,NA,NA,NA,NA,NA,NA,NA,NA,NA,NA,High,High,High,NA,NA,NA,NA,NA,200.875477,57.559901,1096.287445,0.536418,12:45:00,-0.856214,-0.203375,-0.474907,-91.79445,-34.872165,-77.038696,-0.420472,162.904529,-0.867217,-15.468935,0.867217,-0.266716,0.420472,25.866506,-24.86438,0.266716,-0.266716,-162.904529,24.86438,0.420472,15.468935,-25.866506,-0.420472,0.266716,0.867217,-0.867217,NA,NA,NA,NA,NA,NA,NA,NA,NA,NA,NA,NA
NA,NA,NA,NA,NA,NA,NA,NA,NA,NA,NA,NA,NA,NA,NA,NA,18,2026-01-21,15:43:28,2,2,"Sharp, Will",1000370214,Right,CAR_EAG,"Gibson, Aiden",10011511,Right,CAR_EAG,Undefined,1,Bottom,1,0,1,Slider,Curveball,FoulBallNotFieldable,Undefined,Undefined,Undefined,0,0,NA,70.89211,0.230592,-2.352873,1863.916482,172.845145,11:45:00,6.47243,2.38279,5.6646,-48.13003,7.30973,-0.72532,2.6768,0.1271,66.08876,-8.56254,-2.482467,0.535898,65.04144,40.0708,59.610887,4683.266161,34.96649,52.31197,104.29449,191.97096,69.04544,77.496054,3.739646,-0.20039,4.11154,-2.18328,50,6.46113,4.25725,-103.02105,-0.97008,-0.21802,15.13079,-27.70064,CAR_EAG,CAR_EAG,CarsonNewman,TeamExclusive,Team,20260121-CarsonNewman-Private-1,d93cc450-f709-11f0-a1f3-8be2d137b8b6,70.3351,52.79907,NA,4.80335,NA,NA,NA,0.52204,2.58974,-0.11453,12e7b950-fffd-45a9-b94a-b9563b4018a5,2026-01-21,20:43:28,2026-01-21T20:43:28Z,2026-01-21T20:43:28Z,FlyBall,v3,CNE,CNE,NA,"Hammond, Kevin",10120878,Right,CAR_EAG,f4846ec6-38ce-413d-9f8e-eed1c2504f5e,54.83784,-103.72915,7.56539,6.47619,0.32628,-13.85032,-2.38275,4.26745,-0.10901,224.783957,0.52365,36.88361,-16.02428,4.49588,-0.75801,0.04156,-0.00405,0.00442,-6.3e-4,2.59073,61.37185,-20.81789,0.89511,0.74488,-0.60135,0.22433,-0.04065,0.00284,-0.11343,62.93736,-5.71628,0.44159,0.43792,-0.29803,0.09133,-0.01344,7.6e-4,NA,NA,NA,NA,NA,NA,NA,NA,NA,NA,NA,NA,NA,NA,NA,NA,NA,NA,NA,NA,NA,NA,High,High,High,High,Low,NA,NA,NA,117.382791,77.478026,404.12324,0.216814,10:00:00,-0.978702,0.196448,-0.059591,53.551729,-1.717837,18.681803,-0.270066,115.969808,-0.421626,-59.95344,0.421626,-0.865619,0.270066,32.640953,-15.668188,0.865619,-0.865619,-115.969808,15.668188,0.270066,59.95344,-32.640953,-0.270066,0.865619,0.421626,-0.421626,NA,NA,NA,NA,NA,NA,NA,NA,NA,NA,NA,NA
NA,NA,NA,NA,NA,NA,NA,NA,NA,NA,NA,NA,NA,NA,NA,NA,19,2026-01-21,15:43:51,2,3,"Sharp, Will",1000370214,Right,CAR_EAG,"Gibson, Aiden",10011511,Right,CAR_EAG,Undefined,1,Bottom,1,0,2,Slider,Slider,StrikeSwinging,Strikeout,Undefined,Undefined,0,0,NA,73.15584,-1.106626,-2.682305,2067.920455,86.807487,09:00:00,6.34164,2.51844,5.5131,-51.43361,1.38303,-3.35366,1.01941,-0.27117,68.01909,-10.423927,-3.280604,0.523066,NA,NA,NA,NA,NA,NA,NA,NA,NA,NA,NA,0.98362,1.47099,-2.28208,50,6.21035,5.09366,-106.17521,-3.64661,1.12715,17.52163,-30.48841,CAR_EAG,CAR_EAG,CarsonNewman,TeamExclusive,Team,20260121-CarsonNewman-Private-1,e6bd5720-f709-11f0-a1f3-8be2d137b8b6,72.06053,NA,NA,5.13675,NA,NA,NA,NA,NA,NA,12e7b950-fffd-45a9-b94a-b9563b4018a5,2026-01-21,20:43:51,2026-01-21T20:43:51Z,2026-01-21T20:43:51Z,NA,v3,CNE,CNE,NA,"Hammond, Kevin",10120878,Right,CAR_EAG,bfbafc0b-1ad1-446a-b4ec-4c62983b5d95,54.98914,-106.99537,8.76081,6.34764,-2.21948,-15.24421,-2.51927,5.04091,0.56357,NA,NA,NA,NA,NA,NA,NA,NA,NA,NA,NA,NA,NA,NA,NA,NA,NA,NA,NA,NA,NA,NA,NA,NA,NA,NA,NA,NA,NA,NA,NA,NA,NA,NA,NA,NA,NA,NA,NA,NA,NA,NA,NA,NA,NA,NA,NA,NA,NA,NA,High,High,High,NA,NA,NA,NA,NA,132.787605,79.550287,375.063843,0.181372,10:30:00,-0.990487,0.114087,-0.076935,71.093038,-6.790772,38.00921,-0.234118,132.719277,-0.659553,-45.583246,0.659553,-0.714268,0.234118,19.543098,-13.539657,0.714268,-0.714268,-132.719277,13.539657,0.234118,45.583246,-19.543098,-0.234118,0.714268,0.659553,-0.659553,NA,NA,NA,NA,NA,NA,NA,NA,NA,NA,NA,NA
NA,NA,NA,NA,NA,NA,NA,NA,NA,NA,NA,NA,NA,NA,NA,NA,20,2026-01-21,15:44:17,3,1,"Sharp, Will",1000370214,Right,CAR_EAG,"Floyd, Logan",1000148156,Right,CAR_EAG,Undefined,1,Bottom,2,0,0,Fastball,Changeup,StrikeCalled,Undefined,Undefined,Undefined,0,0,NA,77.75984,-1.492953,-3.478912,1981.004296,181.690423,12:00:00,6.37752,2.37922,5.78318,-36.31486,9.97756,0.25354,1.95934,-0.84048,71.93335,-8.165387,-3.433591,0.489696,NA,NA,NA,NA,NA,NA,NA,NA,NA,NA,NA,-1.03721,5.92737,-2.09208,50,6.23229,6.84622,-112.76998,-4.05194,-1.34366,19.35148,-24.4952,CAR_EAG,CAR_EAG,CarsonNewman,TeamExclusive,Team,20260121-CarsonNewman-Private-1,f6647370-f709-11f0-a1f3-8be2d137b8b6,76.97116,NA,NA,5.82649,NA,NA,NA,NA,NA,NA,12e7b950-fffd-45a9-b94a-b9563b4018a5,2026-01-21,20:44:17,2026-01-21T20:44:17Z,2026-01-21T20:44:17Z,NA,v3,CNE,CNE,NA,"Hammond, Kevin",10120878,Right,CAR_EAG,70746cdd-9b59-4c21-953d-e8441d3386a8,54.71691,-113.57653,9.67574,6.3799,-3.03101,-12.2476,-2.37859,6.90222,-0.67183,NA,NA,NA,NA,NA,NA,NA,NA,NA,NA,NA,NA,NA,NA,NA,NA,NA,NA,NA,NA,NA,NA,NA,NA,NA,NA,NA,NA,NA,NA,NA,NA,NA,NA,NA,NA,NA,NA,NA,NA,NA,NA,NA,NA,NA,NA,NA,NA,NA,NA,High,High,High,NA,NA,NA,NA,NA,195.394094,58.438592,1036.881609,0.523412,12:30:00,-0.877229,-0.161096,-0.452236,-81.502326,0.568023,-68.819359,-0.3193,170.155289,-0.933699,-9.324648,0.933699,-0.162028,0.3193,18.879284,-18.620576,0.162028,-0.162028,-170.155289,18.620576,0.3193,9.324648,-18.879284,-0.3193,0.162028,0.933699,-0.933699,NA,NA,NA,NA,NA,NA,NA,NA,NA,NA,NA,NA
NA,NA,NA,NA,NA,NA,NA,NA,NA,NA,NA,NA,NA,NA,NA,NA,21,2026-01-21,15:44:34,3,2,"Sharp, Will",1000370214,Right,CAR_EAG,"Floyd, Logan",1000148156,Right,CAR_EAG,Undefined,1,Bottom,2,0,1,Slider,Curveball,InPlay,Undefined,FlyBall,Out,1,0,NA,72.61554,1.263938,-1.201933,1814.299559,121.68997,10:00:00,6.50839,2.38884,5.23847,-50.29436,4.67477,-4.45748,3.50565,0.88749,65.96955,-7.939622,-1.992513,0.533618,72.51931,66.717969,-15.345785,NA,NA,NA,NA,NA,106.64868,NA,NA,1.85854,2.45559,-2.27474,50,6.58737,2.37296,-105.22971,0.7434,2.05698,20.01589,-29.45628,CAR_EAG,CAR_EAG,CarsonNewman,TeamExclusive,Team,20260121-CarsonNewman-Private-1,00655560-f70a-11f0-a1f3-8be2d137b8b6,70.63557,86.7236,NA,6.646,NA,NA,NA,1.57646,3.55987,-0.79869,12e7b950-fffd-45a9-b94a-b9563b4018a5,2026-01-21,20:44:34,2026-01-21T20:44:34Z,2026-01-21T20:44:34Z,NA,v3,CNE,CNE,NA,"Hammond, Kevin",10120878,Right,CAR_EAG,1f4a3d2c-94e9-42d4-8fd8-072a8615ef2b,55.26143,-106.22578,10.00794,6.5139,2.20926,-14.72814,-2.39028,2.2706,1.02849,173.377084,1.57646,40.54128,-14.75038,4.81687,-1.19635,0.27544,-0.06039,0.01091,-0.00115,3.55987,97.70051,-24.86363,2.3227,-0.26568,-0.00294,0.00974,-0.00301,4.1e-4,-0.79869,-11.12567,0.93941,-0.08295,-0.01719,0.01026,-0.0033,7.4e-4,-9e-5,NA,NA,NA,NA,NA,NA,NA,NA,NA,NA,NA,NA,NA,NA,NA,NA,NA,NA,NA,NA,NA,NA,High,High,High,Medium,Undefined,NA,NA,NA,129.270629,78.028809,376.3217,0.20742,10:15:00,-0.977012,0.182116,-0.110824,86.9792,-33.299413,23.682673,-0.387481,125.813854,-0.53944,-48.380433,0.53944,-0.747571,0.387481,35.689745,-22.797836,0.747571,-0.747571,-125.813854,22.797836,0.387481,48.380433,-35.689745,-0.387481,0.747571,0.53944,-0.53944,NA,NA,NA,NA,NA,NA,NA,NA,NA,NA,NA,NA
NA,NA,NA,NA,NA,NA,NA,NA,NA,NA,NA,NA,NA,NA,NA,NA,22,2026-01-21,15:46:36,1,1,"Kileffer, James",1000475289,Right,CAR_EAG,"Hubbard, Ian",10071315,Left,CAR_EAG,Undefined,2,Top,0,0,0,ChangeUp,Changeup,InPlay,Undefined,GroundBall,Out,1,0,NA,75.76727,-0.980837,-3.226634,1986.943899,238.067699,02:00:00,5.60761,2.51088,5.35809,-37.34557,12.98757,17.93993,1.57407,0.97662,68.77708,-7.873315,-0.040862,0.510621,67.12794,-5.154664,25.774983,NA,NA,NA,NA,22.56637,21.26601,20.520895,0.221853,-10.04489,7.33493,-2.23397,50,5.49307,5.49845,-109.69346,-3.03616,-12.0937,21.55397,-23.34305,CAR_EAG,CAR_EAG,CarsonNewman,TeamExclusive,Team,20260121-CarsonNewman-Private-1,48fd9f80-f70a-11f0-a1f3-8be2d137b8b6,73.81692,1.94148,NA,6.99018,NA,NA,NA,2.10918,1.94148,-1.18406,12e7b950-fffd-45a9-b94a-b9563b4018a5,2026-01-21,20:46:36,2026-01-21T20:46:36Z,2026-01-21T20:46:36Z,GroundBall,v3,CNE,CNE,NA,"Cochran, Carson",10085797,Right,CAR_EAG,6d092af5-dc50-42a3-a4fb-f231e19ca725,55.14188,-110.69919,10.77698,5.60933,-1.94695,-11.67153,-2.5037,6.06275,-6.04685,172.875597,2.11021,88.2387,-11.23182,NA,NA,NA,NA,NA,NA,1.94004,-8.75935,0.09408,NA,NA,NA,NA,NA,NA,-1.18329,42.59301,-7.23725,NA,NA,NA,NA,NA,NA,NA,NA,NA,NA,NA,NA,NA,NA,NA,NA,NA,NA,NA,NA,NA,NA,NA,NA,NA,NA,NA,NA,High,High,High,Medium,High,NA,NA,NA,232.04223,25.51628,1793.143201,0.902463,01:45:00,-0.449104,-0.718829,-0.53065,-93.844846,-36.651064,50.53379,0.068507,96.626948,-0.115133,82.300746,0.115133,-0.990985,-0.068507,30.753584,3.928228,0.990985,0.990985,-96.626948,-3.928228,0.068507,-82.300746,-30.753584,-0.068507,-0.990985,0.115133,-0.115133,NA,NA,NA,NA,NA,NA,NA,NA,NA,NA,NA,NA
NA,NA,NA,NA,NA,NA,NA,NA,NA,NA,NA,NA,NA,NA,NA,NA,23,2026-01-21,15:47:11,2,1,"Kileffer, James",1000475289,Right,CAR_EAG,"Alexander, Trace",10000832,Right,CAR_EAG,Undefined,2,Top,1,0,0,Fastball,Changeup,StrikeCalled,Undefined,Undefined,Undefined,0,0,NA,81.75,-0.743645,-4.252903,1996.152675,212.641969,01:00:00,5.97301,2.23795,6.05831,-24.19804,18.25745,10.67075,3.26623,-0.81662,73.42097,-5.357386,-2.339656,0.468963,NA,NA,NA,NA,NA,NA,NA,NA,NA,NA,NA,-6.82237,10.07347,-1.91225,50,5.9022,8.36628,-118.22214,-2.18611,-9.48583,26.23132,-18.16789,CAR_EAG,CAR_EAG,CarsonNewman,TeamExclusive,Team,20260121-CarsonNewman-Private-1,5daf2b60-f70a-11f0-a1f3-8be2d137b8b6,80.37404,NA,NA,8.32903,NA,NA,NA,NA,NA,NA,12e7b950-fffd-45a9-b94a-b9563b4018a5,2026-01-21,20:47:11,2026-01-21T20:47:11Z,2026-01-21T20:47:11Z,NA,v3,CNE,CNE,NA,"Cochran, Carson",10085797,Right,CAR_EAG,553829f4-cc07-4f61-b7fa-289079edfde8,54.43703,-119.20257,13.11566,5.97121,-1.50706,-9.08394,-2.23157,8.72082,-4.74292,NA,NA,NA,NA,NA,NA,NA,NA,NA,NA,NA,NA,NA,NA,NA,NA,NA,NA,NA,NA,NA,NA,NA,NA,NA,NA,NA,NA,NA,NA,NA,NA,NA,NA,NA,NA,NA,NA,NA,NA,NA,NA,NA,NA,NA,NA,NA,NA,NA,NA,High,High,High,NA,NA,NA,NA,NA,211.010373,24.973637,1809.51668,0.906502,01:00:00,-0.472576,-0.472464,-0.743942,38.434718,38.941042,84.0961,-0.231819,176.22305,-0.970646,-3.673919,0.970646,-0.064078,0.231819,13.432299,-13.404178,0.064078,-0.064078,-176.22305,13.404178,0.231819,3.673919,-13.432299,-0.231819,0.064078,0.970646,-0.970646,NA,NA,NA,NA,NA,NA,NA,NA,NA,NA,NA,NA
NA,NA,NA,NA,NA,NA,NA,NA,NA,NA,NA,NA,NA,NA,NA,NA,24,2026-01-21,15:47:27,2,2,"Kileffer, James",1000475289,Right,CAR_EAG,"Alexander, Trace",10000832,Right,CAR_EAG,Undefined,2,Top,1,0,1,Fastball,Changeup,InPlay,Undefined,GroundBall,Out,1,0,NA,81.79297,-1.991809,-3.910825,2031.843085,211.869863,01:00:00,5.96705,2.25687,5.99819,-24.67612,17.84981,10.09237,2.05992,-0.53175,73.59829,-6.67331,-2.101318,0.469352,68.41848,-31.244986,-26.760187,NA,NA,NA,NA,4.52679,4.52679,-12.679755,0.039391,-6.48067,10.29292,-1.95402,50,5.79647,7.69493,-118.2924,-4.80355,-9.011,26.50195,-17.86235,CAR_EAG,CAR_EAG,CarsonNewman,TeamExclusive,Team,20260121-CarsonNewman-Private-1,6798dbd0-f70a-11f0-a1f3-8be2d137b8b6,80.30747,2.05672,NA,8.19468,NA,NA,NA,1.38943,2.05672,0.53275,12e7b950-fffd-45a9-b94a-b9563b4018a5,2026-01-21,20:47:27,2026-01-21T20:47:27Z,2026-01-21T20:47:27Z,GroundBall,v3,CNE,CNE,NA,"Cochran, Carson",10085797,Right,CAR_EAG,73ba9507-1cd1-4188-853d-c0c16c380e9e,54.49948,-119.29619,13.25097,5.9656,-4.127,-8.93117,-2.25193,8.03623,-4.5055,NA,1.38791,76.84391,NA,NA,NA,NA,NA,NA,NA,2.05776,-52.21289,NA,NA,NA,NA,NA,NA,NA,0.53352,-38.74966,NA,NA,NA,NA,NA,NA,NA,NA,NA,NA,NA,NA,NA,NA,NA,NA,NA,NA,NA,NA,NA,NA,NA,NA,NA,NA,NA,NA,NA,High,High,High,Estimated,Estimated,NA,NA,NA,209.193212,31.662758,1729.408281,0.851152,01:00:00,-0.559662,-0.433149,-0.706513,46.27495,37.561715,88.112767,-0.227238,175.709036,-0.97111,-4.178507,0.97111,-0.072864,0.227238,13.170128,-13.134493,0.072864,-0.072864,-175.709036,13.134493,0.227238,4.178507,-13.170128,-0.227238,0.072864,0.97111,-0.97111,NA,NA,NA,NA,NA,NA,NA,NA,NA,NA,NA,NA
NA,NA,NA,NA,NA,NA,NA,NA,NA,NA,NA,NA,NA,NA,NA,NA,25,2026-01-21,15:47:59,3,1,"Kileffer, James",1000475289,Right,CAR_EAG,"Rodriguez, Sebastian",10180804,Left,CAR_EAG,Undefined,2,Top,2,0,0,Fastball,Changeup,StrikeCalled,Undefined,Undefined,Undefined,0,0,NA,84.08112,-0.994596,-2.976007,2097.146896,217.165116,01:15:00,5.92637,2.21326,5.93625,-22.69163,17.2695,12.01406,3.11133,0.45098,76.0076,-5.300615,-0.821327,0.454978,NA,NA,NA,NA,NA,NA,NA,NA,NA,NA,NA,-7.01351,9.55343,-1.98197,50,5.83413,5.83873,-121.82534,-2.76345,-10.42283,26.42161,-17.97662,CAR_EAG,CAR_EAG,CarsonNewman,TeamExclusive,Team,20260121-CarsonNewman-Private-1,7a5e2810-f70a-11f0-a1f3-8be2d137b8b6,82.84456,NA,NA,8.07353,NA,NA,NA,NA,NA,NA,12e7b950-fffd-45a9-b94a-b9563b4018a5,2026-01-21,20:47:59,2026-01-21T20:47:59Z,2026-01-21T20:47:59Z,NA,v3,CNE,CNE,NA,"Cochran, Carson",10085797,Right,CAR_EAG,ed83621e-1910-432f-b2a1-d44229698cbd,54.56067,-122.81048,13.21081,5.92468,-2.09318,-8.98831,-2.20692,6.22735,-5.21142,NA,NA,NA,NA,NA,NA,NA,NA,NA,NA,NA,NA,NA,NA,NA,NA,NA,NA,NA,NA,NA,NA,NA,NA,NA,NA,NA,NA,NA,NA,NA,NA,NA,NA,NA,NA,NA,NA,NA,NA,NA,NA,NA,NA,NA,NA,NA,NA,NA,NA,High,High,High,NA,NA,NA,NA,NA,213.047275,21.738329,1948.008324,0.928885,01:00:00,-0.401456,-0.512902,-0.758791,-48.145547,-37.990556,-80.522004,-0.325676,172.686441,-0.937789,-6.912831,0.937789,-0.120359,0.325676,19.151112,-19.006527,0.120359,-0.120359,-172.686441,19.006527,0.325676,6.912831,-19.151112,-0.325676,0.120359,0.937789,-0.937789,NA,NA,NA,NA,NA,NA,NA,NA,NA,NA,NA,NA
NA,NA,NA,NA,NA,NA,NA,NA,NA,NA,NA,NA,NA,NA,NA,NA,26,2026-01-21,15:48:15,3,2,"Kileffer, James",1000475289,Right,CAR_EAG,"Rodriguez, Sebastian",10180804,Left,CAR_EAG,Undefined,2,Top,2,0,1,ChangeUp,Changeup,BallCalled,Undefined,Undefined,Undefined,0,0,NA,77.67198,-1.308461,-3.220967,1875.642428,235.620605,01:45:00,5.69628,2.5318,5.23013,-35.664,13.04284,16.24765,1.49208,0.85465,69.69401,-7.909156,-0.342623,0.502304,NA,NA,NA,NA,NA,NA,NA,NA,NA,NA,NA,-9.15351,7.51729,-2.24722,50,5.54971,5.64638,-112.22932,-3.71236,-11.4079,24.63584,-22.80538,CAR_EAG,CAR_EAG,CarsonNewman,TeamExclusive,Team,20260121-CarsonNewman-Private-1,83ebfce0-f70a-11f0-a1f3-8be2d137b8b6,75.03914,NA,NA,7.97797,NA,NA,NA,NA,NA,NA,12e7b950-fffd-45a9-b94a-b9563b4018a5,2026-01-21,20:48:15,2026-01-21T20:48:15Z,2026-01-21T20:48:15Z,NA,v3,CNE,CNE,NA,"Cochran, Carson",10085797,Right,CAR_EAG,56670d3f-9bc3-411b-9ebd-8b0643a529f0,55.26573,-113.37933,12.31792,5.69816,-2.6478,-11.40269,-2.52322,6.1789,-5.70395,NA,NA,NA,NA,NA,NA,NA,NA,NA,NA,NA,NA,NA,NA,NA,NA,NA,NA,NA,NA,NA,NA,NA,NA,NA,NA,NA,NA,NA,NA,NA,NA,NA,NA,NA,NA,NA,NA,NA,NA,NA,NA,NA,NA,NA,NA,NA,NA,NA,NA,High,High,High,NA,NA,NA,NA,NA,233.336131,18.249945,1781.296541,0.949699,01:45:00,-0.327081,-0.768756,-0.549575,-82.292431,-30.396296,47.997545,-0.037028,106.198794,-0.278779,-73.666498,0.278779,-0.959641,0.037028,7.565808,-2.122023,0.959641,-0.959641,-106.198794,2.122023,0.037028,73.666498,-7.565808,-0.037028,0.959641,0.278779,-0.278779,NA,NA,NA,NA,NA,NA,NA,NA,NA,NA,NA,NA
NA,NA,NA,NA,NA,NA,NA,NA,NA,NA,NA,NA,NA,NA,NA,NA,27,2026-01-21,15:48:33,3,3,"Kileffer, James",1000475289,Right,CAR_EAG,"Rodriguez, Sebastian",10180804,Left,CAR_EAG,Undefined,2,Top,2,1,1,Fastball,Changeup,FoulBallNotFieldable,Undefined,Undefined,Undefined,0,0,NA,83.74037,-1.625863,-2.529008,2071.843095,219.697103,01:15:00,5.8832,2.20617,5.6059,-24.21706,16.6021,12.56347,2.34547,0.89073,75.74229,-6.175932,-0.287673,0.459836,77.1862,33.187103,-36.053364,3424.755017,83.08335,54.31578,-72.0913,267.83734,161.52646,-46.95213,4.039134,-7.17292,9.34524,-1.99804,50,5.72861,4.84027,-121.30572,-4.19283,-10.55337,26.51969,-18.42455,CAR_EAG,CAR_EAG,CarsonNewman,TeamExclusive,Team,20260121-CarsonNewman-Private-1,8f0be360-f70a-11f0-a1f3-8be2d137b8b6,81.96923,58.66247,NA,7.99808,NA,NA,NA,1.22659,2.70974,-0.84297,12e7b950-fffd-45a9-b94a-b9563b4018a5,2026-01-21,20:48:33,2026-01-21T20:48:33Z,2026-01-21T20:48:33Z,FlyBall,v3,CNE,CNE,NA,"Cochran, Carson",10085797,Right,CAR_EAG,c9ebb38b-c023-47ff-a507-41f539b2ab08,54.89332,-122.37082,13.25984,5.88215,-3.45286,-9.21228,-2.20095,5.26412,-5.27668,NA,1.22714,76.58099,-15.6221,3.56622,-0.68062,0.13905,-0.04072,0.00841,-6.6e-4,2.71019,61.95264,-18.95965,1.10031,0.04847,-0.13545,0.05575,-0.00957,6e-4,-0.84307,-55.75787,2.21918,0.06099,-0.06488,0.00573,0.00327,-0.00126,1.3e-4,NA,NA,NA,NA,NA,NA,NA,NA,NA,NA,NA,NA,NA,NA,NA,NA,NA,NA,NA,NA,NA,NA,High,High,High,High,Medium,NA,NA,NA,215.403895,21.219671,1931.371284,0.9322,01:15:00,-0.379666,-0.550109,-0.743797,-61.051871,-16.190667,-48.579484,-0.350651,176.78124,-0.935029,-3.014193,0.935029,-0.052583,0.350651,20.556889,-20.527165,0.052583,-0.052583,-176.78124,20.527165,0.350651,3.014193,-20.556889,-0.350651,0.052583,0.935029,-0.935029,NA,NA,NA,NA,NA,NA,NA,NA,NA,NA,NA,NA
NA,NA,NA,NA,NA,NA,NA,NA,NA,NA,NA,NA,NA,NA,NA,NA,28,2026-01-21,15:49:08,3,4,"Kileffer, James",1000475289,Right,CAR_EAG,"Rodriguez, Sebastian",10180804,Left,CAR_EAG,Undefined,2,Top,2,1,2,ChangeUp,Changeup,BallCalled,Undefined,Undefined,Undefined,0,0,NA,78.19982,-2.44887,-4.959052,1839.626037,244.552027,02:15:00,5.64123,2.51278,5.85442,-36.39616,9.77418,17.31654,0.32285,-0.66353,71.77324,-9.156084,-1.862914,0.48905,NA,NA,NA,NA,NA,NA,NA,NA,NA,NA,NA,-10.26812,6.15418,-2.11916,50,5.42017,9.17346,-113.10266,-5.95284,-13.27722,20.96932,-24.21637,CAR_EAG,CAR_EAG,CarsonNewman,TeamExclusive,Team,20260121-CarsonNewman-Private-1,a3fd8580-f70a-11f0-a1f3-8be2d137b8b6,77.07281,NA,NA,6.42658,NA,NA,NA,NA,NA,NA,12e7b950-fffd-45a9-b94a-b9563b4018a5,2026-01-21,20:49:08,2026-01-21T20:49:08Z,2026-01-21T20:49:08Z,NA,v3,CNE,CNE,NA,"Cochran, Carson",10085797,Right,CAR_EAG,6a6527ca-10ae-4755-ab14-3cc6f146d2dc,54.64694,-113.96095,10.48466,5.64354,-4.96165,-12.10819,-2.50576,9.7169,-6.63861,NA,NA,NA,NA,NA,NA,NA,NA,NA,NA,NA,NA,NA,NA,NA,NA,NA,NA,NA,NA,NA,NA,NA,NA,NA,NA,NA,NA,NA,NA,NA,NA,NA,NA,NA,NA,NA,NA,NA,NA,NA,NA,NA,NA,NA,NA,NA,NA,NA,NA,High,High,High,NA,NA,NA,NA,NA,237.101503,10.538318,1808.59672,0.983133,02:00:00,-0.193064,-0.832533,-0.519245,62.632065,16.182023,5.933325,0.122251,117.17978,-0.453358,61.994819,0.453358,-0.882905,-0.122251,15.091206,7.022013,0.882905,0.882905,-117.17978,-7.022013,0.122251,-61.994819,-15.091206,-0.122251,-0.882905,0.453358,-0.453358,NA,NA,NA,NA,NA,NA,NA,NA,NA,NA,NA,NA
NA,NA,NA,NA,NA,NA,NA,NA,NA,NA,NA,NA,NA,NA,NA,NA,29,2026-01-21,15:49:28,3,5,"Kileffer, James",1000475289,Right,CAR_EAG,"Rodriguez, Sebastian",10180804,Left,CAR_EAG,Undefined,2,Top,2,2,2,ChangeUp,Changeup,BallCalled,Undefined,Undefined,Undefined,0,0,NA,79.12393,-1.875397,-5.09359,2021.35784,247.771699,02:15:00,5.73599,2.35687,5.83991,-35.16632,9.81579,20.44607,1.05489,-0.68592,72.65118,-8.366848,-1.440761,0.482716,NA,NA,NA,NA,NA,NA,NA,NA,NA,NA,NA,-11.81654,5.98284,-1.9527,50,5.56187,9.43079,-114.49336,-4.84065,-15.70407,20.90041,-24.22293,CAR_EAG,CAR_EAG,CarsonNewman,TeamExclusive,Team,20260121-CarsonNewman-Private-1,af73c960-f70a-11f0-a1f3-8be2d137b8b6,78.08416,NA,NA,6.47275,NA,NA,NA,NA,NA,NA,12e7b950-fffd-45a9-b94a-b9563b4018a5,2026-01-21,20:49:28,2026-01-21T20:49:28Z,2026-01-21T20:49:28Z,NA,v3,CNE,CNE,NA,"Cochran, Carson",10085797,Right,CAR_EAG,59ed0de7-a5ce-48eb-91ad-6a6a54dee2f2,54.66177,-115.34121,10.45021,5.73831,-3.85802,-12.11147,-2.3481900000000002,10.06785,-7.85203,NA,NA,NA,NA,NA,NA,NA,NA,NA,NA,NA,NA,NA,NA,NA,NA,NA,NA,NA,NA,NA,NA,NA,NA,NA,NA,NA,NA,NA,NA,NA,NA,NA,NA,NA,NA,NA,NA,NA,NA,NA,NA,NA,NA,NA,NA,NA,NA,NA,NA,High,High,High,NA,NA,NA,NA,NA,232.603339,8.42108,1999.564608,0.989219,01:45:00,-0.173512,-0.790256,-0.587698,62.019556,18.400591,13.814067,0.153397,109.27591,-0.32621,68.870476,0.32621,-0.932768,-0.153397,25.18481,8.823861,0.932768,0.932768,-109.27591,-8.823861,0.153397,-68.870476,-25.18481,-0.153397,-0.932768,0.32621,-0.32621,NA,NA,NA,NA,NA,NA,NA,NA,NA,NA,NA,NA
NA,NA,NA,NA,NA,NA,NA,NA,NA,NA,NA,NA,NA,NA,NA,NA,30,2026-01-21,15:49:52,3,6,"Kileffer, James",1000475289,Right,CAR_EAG,"Rodriguez, Sebastian",10180804,Left,CAR_EAG,Undefined,2,Top,2,3,2,Fastball,Four-Seam,BallCalled,Walk,Undefined,Undefined,0,0,NA,82.66814,-1.208886,-4.287004,2137.674789,202.407446,12:45:00,5.92911,2.32532,6.06,-23.09482,17.61214,6.73595,2.88231,-1.08877,75.78444,-5.55964,-3.079673,0.459204,NA,NA,NA,NA,NA,NA,NA,NA,NA,NA,NA,-4.70977,9.82902,-1.99566,50,5.82262,8.73927,-119.8469,-3.1871,-6.85912,22.87378,-17.85946,CAR_EAG,CAR_EAG,CarsonNewman,TeamExclusive,Team,20260121-CarsonNewman-Private-1,bd994ec0-f70a-11f0-a1f3-8be2d137b8b6,82.08211,NA,NA,6.8837,NA,NA,NA,NA,NA,NA,12e7b950-fffd-45a9-b94a-b9563b4018a5,2026-01-21,20:49:52,2026-01-21T20:49:52Z,2026-01-21T20:49:52Z,NA,v3,CNE,CNE,NA,"Cochran, Carson",10085797,Right,CAR_EAG,3c586842-9238-4332-b5e2-fff8678ace9e,54.44291,-120.69188,11.43689,5.92818,-2.52735,-8.92973,-2.32318,8.99265,-3.42956,NA,NA,NA,NA,NA,NA,NA,NA,NA,NA,NA,NA,NA,NA,NA,NA,NA,NA,NA,NA,NA,NA,NA,NA,NA,NA,NA,NA,NA,NA,NA,NA,NA,NA,NA,NA,NA,NA,NA,NA,NA,NA,NA,NA,NA,NA,NA,NA,NA,NA,High,High,High,NA,NA,NA,NA,NA,209.873878,30.351413,1844.690381,0.862942,01:00:00,-0.550669,-0.44039,-0.709098,-50.685693,-41.003641,-86.694457,-0.25702,170.63878,-0.953536,-9.044055,0.953536,-0.157194,0.25702,15.08521,-14.893296,0.157194,-0.157194,-170.63878,14.893296,0.25702,9.044055,-15.08521,-0.25702,0.157194,0.953536,-0.953536,NA,NA,NA,NA,NA,NA,NA,NA,NA,NA,NA,NA
NA,NA,NA,NA,NA,NA,NA,NA,NA,NA,NA,NA,NA,NA,NA,NA,31,2026-01-21,15:50:47,4,1,"Kileffer, James",1000475289,Right,CAR_EAG,"Mutter, Evan",1000300074,Right,CAR_EAG,Undefined,2,Top,2,0,0,Fastball,Changeup,BallCalled,Undefined,Undefined,Undefined,0,0,NA,80.90992,-2.235612,-2.422946,2051.18247,221.052904,01:15:00,5.98743,2.37312,6.05317,-28.22517,14.06524,11.1206,1.56291,1.05557,74.61279,-7.492215,-0.420898,0.46805,NA,NA,NA,NA,NA,NA,NA,NA,NA,NA,NA,-6.38059,8.24359,-2.19052,50,5.79808,4.55851,-117.45936,-5.41006,-8.95764,21.23047,-20.60099,CAR_EAG,CAR_EAG,CarsonNewman,TeamExclusive,Team,20260121-CarsonNewman-Private-1,dec76af0-f70a-11f0-a1f3-8be2d137b8b6,80.53079,NA,NA,6.29713,NA,NA,NA,NA,NA,NA,12e7b950-fffd-45a9-b94a-b9563b4018a5,2026-01-21,20:50:47,2026-01-21T20:50:47Z,2026-01-21T20:50:47Z,NA,v3,CNE,CNE,NA,"Cochran, Carson",10085797,Right,CAR_EAG,3676c083-22ec-46db-aca8-3fd2492e0684,54.44801,-118.26059,10.61523,5.98759,-4.63258,-10.3005,-2.36894,4.89657,-4.47882,NA,NA,NA,NA,NA,NA,NA,NA,NA,NA,NA,NA,NA,NA,NA,NA,NA,NA,NA,NA,NA,NA,NA,NA,NA,NA,NA,NA,NA,NA,NA,NA,NA,NA,NA,NA,NA,NA,NA,NA,NA,NA,NA,NA,NA,NA,NA,NA,NA,NA,High,High,High,NA,NA,NA,NA,NA,214.24862,26.160141,1841.070192,0.897565,01:15:00,-0.451831,-0.52195,-0.723476,36.333094,45.715906,79.732884,-0.267818,173.845935,-0.957917,-5.928433,0.957917,-0.103286,0.267818,15.620148,-15.534491,0.103286,-0.103286,-173.845935,15.534491,0.267818,5.928433,-15.620148,-0.267818,0.103286,0.957917,-0.957917,NA,NA,NA,NA,NA,NA,NA,NA,NA,NA,NA,NA
NA,NA,NA,NA,NA,NA,NA,NA,NA,NA,NA,NA,NA,NA,NA,NA,32,2026-01-21,15:51:23,4,2,"Kileffer, James",1000475289,Right,CAR_EAG,"Mutter, Evan",1000300074,Right,CAR_EAG,Undefined,2,Top,2,1,0,Slider,Curveball,StrikeSwinging,Undefined,Undefined,Undefined,1,0,NA,70.11343,2.005807,-3.523023,2295.868184,72.242024,08:30:00,5.66921,2.8175,5.30889,-63.80019,-4.8778,-21.20706,2.23971,-2.26097,64.34109,-9.543971,-7.271253,0.552474,NA,NA,NA,NA,NA,NA,NA,NA,NA,NA,NA,9.52619,-2.50575,-2.48143,50,5.80547,7.00432,-101.50896,1.59289,9.81696,18.52899,-34.75627,CAR_EAG,CAR_EAG,CarsonNewman,TeamExclusive,Team,20260121-CarsonNewman-Private-1,f4295b10-f70a-11f0-a1f3-8be2d137b8b6,68.22486,NA,NA,5.77234,NA,NA,NA,NA,NA,NA,12e7b950-fffd-45a9-b94a-b9563b4018a5,2026-01-21,20:51:23,2026-01-21T20:51:23Z,2026-01-21T20:51:23Z,NA,v3,CNE,CNE,NA,"Cochran, Carson",10085797,Right,CAR_EAG,b4ece715-51f4-44fc-bea5-ce0d5342e543,55.19471,-102.45279,9.26449,5.67924,3.36331,-17.37814,-2.82548,6.50427,4.90848,NA,NA,NA,NA,NA,NA,NA,NA,NA,NA,NA,NA,NA,NA,NA,NA,NA,NA,NA,NA,NA,NA,NA,NA,NA,NA,NA,NA,73.80386,NA,0.720435,NA,-2.10342,1.61683,2.71787,-2.28827,5.36664,3.75407,NA,NA,NA,-2.19205,106.31077,-8.91696,5.38969,9.3008400000000009,-12.19433,3.69891,-8.32737,3.81907,High,High,High,NA,NA,High,High,High,61.098068,53.101952,1378.423132,0.600393,08:00:00,-0.761511,0.553281,0.33761,55.01044,-8.826526,19.580502,-0.785348,129.991873,-0.397853,-28.312436,0.397853,-0.474279,0.785348,63.13349,-51.752915,0.474279,-0.474279,-129.991873,51.752915,0.785348,28.312436,-63.13349,-0.785348,0.474279,0.397853,-0.397853,NA,NA,NA,NA,NA,NA,NA,NA,NA,NA,NA,NA
NA,NA,NA,NA,NA,NA,NA,NA,NA,NA,NA,NA,NA,NA,NA,NA,33,2026-01-21,15:53:44,1,1,"Sharp, Will",1000370214,Right,CAR_EAG,"Nathan, Cole",1000323259,Right,CAR_EAG,Undefined,2,Bottom,0,0,0,Fastball,Curveball,BallCalled,Undefined,Undefined,Undefined,0,0,NA,76.48456,-1.662321,-3.958735,1932.097581,193.566237,12:30:00,6.31506,2.36122,5.95802,-38.32538,8.92201,1.83673,1.57558,-1.16276,71.33156,-8.689674,-3.629524,0.494721,NA,NA,NA,NA,NA,NA,NA,NA,NA,NA,NA,-1.89433,5.41559,-2.04731,50,6.1611,7.61462,-110.96795,-4.35526,-2.39379,17.35719,-25.33057,CAR_EAG,CAR_EAG,CarsonNewman,TeamExclusive,Team,20260121-CarsonNewman-Private-1,47f7abc0-f70b-11f0-a1f3-8be2d137b8b6,76.18931,NA,NA,5.153,NA,NA,NA,NA,NA,NA,12e7b950-fffd-45a9-b94a-b9563b4018a5,2026-01-21,20:53:44,2026-01-21T20:53:44Z,2026-01-21T20:53:44Z,NA,v3,CNE,CNE,NA,"Hammond, Kevin",10120878,Right,CAR_EAG,cb5b6fbc-3bab-43cf-825e-ad523fa64889,54.54341,-111.67635,8.67859,6.31776,-3.32144,-12.66529,-2.36008,7.7123100000000004,-1.19689,NA,NA,NA,NA,NA,NA,NA,NA,NA,NA,NA,NA,NA,NA,NA,NA,NA,NA,NA,NA,NA,NA,NA,NA,NA,NA,NA,NA,NA,NA,NA,NA,NA,NA,NA,NA,NA,NA,NA,NA,NA,NA,NA,NA,NA,NA,NA,NA,NA,NA,High,High,High,NA,NA,NA,NA,NA,205.819565,50.553385,1227.575564,0.635359,12:45:00,-0.801527,-0.299008,-0.517831,-79.271929,-19.68257,-73.804264,-0.340916,172.989257,-0.933065,-6.588834,0.933065,-0.114744,0.340916,20.070908,-19.932701,0.114744,-0.114744,-172.989257,19.932701,0.340916,6.588834,-20.070908,-0.340916,0.114744,0.933065,-0.933065,NA,NA,NA,NA,NA,NA,NA,NA,NA,NA,NA,NA
NA,NA,NA,NA,NA,NA,NA,NA,NA,NA,NA,NA,NA,NA,NA,NA,34,2026-01-21,15:54:00,1,2,"Sharp, Will",1000370214,Right,CAR_EAG,"Nathan, Cole",1000323259,Right,CAR_EAG,Undefined,2,Bottom,0,1,0,Slider,Curveball,BallCalled,Undefined,Undefined,Undefined,0,0,NA,70.93696,-1.404515,-3.102804,1884.227111,137.177776,10:30:00,6.40005,2.48093,5.45399,-50.96743,5.01555,-3.19973,0.83572,-0.69328,66.43933,-10.607072,-3.67246,0.538517,NA,NA,NA,NA,NA,NA,NA,NA,NA,NA,NA,0.85685,3.36256,-2.20466,50,6.24066,5.69124,-102.95505,-4.05973,0.93004,15.28907,-28.52423,CAR_EAG,CAR_EAG,CarsonNewman,TeamExclusive,Team,20260121-CarsonNewman-Private-1,51dfd590-f70b-11f0-a1f3-8be2d137b8b6,69.99303,NA,NA,4.49763,NA,NA,NA,NA,NA,NA,12e7b950-fffd-45a9-b94a-b9563b4018a5,2026-01-21,20:54:00,2026-01-21T20:54:00Z,2026-01-21T20:54:00Z,NA,v3,CNE,CNE,NA,"Hammond, Kevin",10120878,Right,CAR_EAG,e085d183-c689-45c6-a26b-06ea60bf9896,55.0483,-103.70202,7.64453,6.40496,-2.66613,-14.26212,-2.4816,5.6458,0.46502,NA,NA,NA,NA,NA,NA,NA,NA,NA,NA,NA,NA,NA,NA,NA,NA,NA,NA,NA,NA,NA,NA,NA,NA,NA,NA,NA,NA,NA,NA,NA,NA,NA,NA,NA,NA,NA,NA,NA,NA,NA,NA,NA,NA,NA,NA,NA,NA,NA,NA,High,High,High,NA,NA,NA,NA,NA,159.354184,77.607217,404.378328,0.214612,11:15:00,-0.987697,0.051708,-0.147584,78.111962,-24.687614,38.74434,-0.306362,129.713974,-0.608231,-47.075761,0.608231,-0.732255,0.306362,26.734045,-17.840094,0.732255,-0.732255,-129.713974,17.840094,0.306362,47.075761,-26.734045,-0.306362,0.732255,0.608231,-0.608231,NA,NA,NA,NA,NA,NA,NA,NA,NA,NA,NA,NA
NA,NA,NA,NA,NA,NA,NA,NA,NA,NA,NA,NA,NA,NA,NA,NA,35,2026-01-21,15:54:20,1,3,"Sharp, Will",1000370214,Right,CAR_EAG,"Nathan, Cole",1000323259,Right,CAR_EAG,Undefined,2,Bottom,0,2,0,Fastball,Curveball,InPlay,Undefined,LineDrive,Double,0,0,NA,76.53408,-0.944185,-2.632447,2066.35682,161.315034,11:30:00,6.3744,2.404,6.14338,-36.41549,10.14079,-3.01402,2.46623,-0.2816,71.50798,-7.66429,-3.175434,0.491089,103.23709,15.825461,-12.311101,1539.232805,107.70546,27.59458,-22.34922,324.53643,322.97495,-12.045141,3.225872,0.96374,5.84323,-2.20169,50,6.28319,5.21746,-111.30042,-2.86,1.22825,16.98254,-24.72714,CAR_EAG,CAR_EAG,CarsonNewman,TeamExclusive,Team,20260121-CarsonNewman-Private-1,5d996400-f70b-11f0-a1f3-8be2d137b8b6,76.75271,33.95949,NA,5.0261,NA,NA,NA,2.19643,2.58012,0.25496,12e7b950-fffd-45a9-b94a-b9563b4018a5,2026-01-21,20:54:20,2026-01-21T20:54:20Z,2026-01-21T20:54:20Z,LineDrive,v3,CNE,CNE,NA,"Hammond, Kevin",10120878,Right,CAR_EAG,7386c23a-450f-4ac3-ad2e-8c7bd2a12c90,54.35991,-111.96369,8.49127,6.37603,-1.89425,-12.36357,-2.40453,5.16949,0.61413,185.94735,2.19636,142.32927,-24.28384,5.48332,-1.1432,0.21517,-0.03282,0.00336,-1.6e-4,2.58034,41.27963,-13.95502,0.18474,0.04622,0.00463,-0.00802,0.00219,-1.9e-4,0.25506,-31.06658,6.30059,-1.79274,0.41349,-0.07409,0.00854,-4.4e-4,-0,NA,NA,NA,NA,NA,NA,NA,NA,NA,NA,NA,NA,NA,NA,NA,NA,NA,NA,NA,NA,NA,NA,High,High,High,High,Medium,NA,NA,NA,201.61981,51.490916,1286.593751,0.622639,12:45:00,-0.804386,-0.242272,-0.542464,-79.702293,-36.788333,-83.757963,-0.370211,167.450189,-0.906753,-11.645131,0.906753,-0.201849,0.370211,22.209311,-21.728623,0.201849,-0.201849,-167.450189,21.728623,0.370211,11.645131,-22.209311,-0.370211,0.201849,0.906753,-0.906753,NA,NA,NA,NA,NA,NA,NA,NA,NA,NA,NA,NA
NA,NA,NA,NA,NA,NA,NA,NA,NA,NA,NA,NA,NA,NA,NA,NA,36,2026-01-21,15:55:29,2,1,"Sharp, Will",1000370214,Right,CAR_EAG,"Soto Diaz, Bradley",1000475324,Right,CAR_EAG,Undefined,2,Bottom,0,0,0,Slider,Curveball,StrikeCalled,Undefined,Undefined,Undefined,0,0,NA,71.67478,-0.444199,-2.879436,1882.630201,142.737155,10:45:00,6.28532,2.42515,5.72208,-49.71274,5.09603,-2.57725,1.72829,-0.47403,66.2302,-9.535636,-3.340368,0.53284,NA,NA,NA,NA,NA,NA,NA,NA,NA,NA,NA,0.50937,3.25717,-2.18279,50,6.21756,5.31943,-103.9884,-2.25519,0.55772,17.44611,-28.60769,CAR_EAG,CAR_EAG,CarsonNewman,TeamExclusive,Team,20260121-CarsonNewman-Private-1,86b05790-f70b-11f0-a1f3-8be2d137b8b6,70.73882,NA,NA,5.44458,NA,NA,NA,NA,NA,NA,12e7b950-fffd-45a9-b94a-b9563b4018a5,2026-01-21,20:55:29,2026-01-21T20:55:29Z,2026-01-21T20:55:29Z,NA,v3,CNE,CNE,NA,"Hammond, Kevin",10120878,Right,CAR_EAG,a3813bb2-26d3-46d6-9c1b-d8b3fb2af455,54.77837,-104.787,8.72305,6.29082,-0.94567,-14.30384,-2.4257,5.2939,0.27886,NA,NA,NA,NA,NA,NA,NA,NA,NA,NA,NA,NA,NA,NA,NA,NA,NA,NA,NA,NA,NA,NA,NA,NA,NA,NA,NA,NA,NA,NA,NA,NA,NA,NA,NA,NA,NA,NA,NA,NA,NA,NA,NA,NA,NA,NA,NA,NA,NA,NA,High,High,High,NA,NA,NA,NA,NA,166.620505,75.546438,469.895543,0.249595,11:30:00,-0.979744,0.050247,-0.193849,72.078526,-23.93724,31.107778,-0.313989,120.067092,-0.475676,-55.252434,0.475676,-0.821671,0.313989,33.428409,-18.299786,0.821671,-0.821671,-120.067092,18.299786,0.313989,55.252434,-33.428409,-0.313989,0.821671,0.475676,-0.475676,NA,NA,NA,NA,NA,NA,NA,NA,NA,NA,NA,NA
NA,NA,NA,NA,NA,NA,NA,NA,NA,NA,NA,NA,NA,NA,NA,NA,37,2026-01-21,15:55:48,2,2,"Sharp, Will",1000370214,Right,CAR_EAG,"Soto Diaz, Bradley",1000475324,Right,CAR_EAG,Undefined,2,Bottom,0,0,1,Fastball,Changeup,FoulBallNotFieldable,Undefined,Undefined,Undefined,0,0,NA,77.70876,-0.488288,-3.47471,2027.785791,186.827542,12:15:00,6.36833,2.45114,6.2552,-35.36565,10.05957,1.04532,2.97007,-0.66999,71.844220000000007,-7.062068,-3.286291,0.485087,65.4649,39.314061,141.497146,4007.87081,NA,NA,NA,NA,26.21229,NA,NA,-1.4491,5.75107,-2.19337,50,6.31446,6.81661,-112.84734,-1.94715,-1.88077,19.28636,-24.70984,CAR_EAG,CAR_EAG,CarsonNewman,TeamExclusive,Team,20260121-CarsonNewman-Private-1,91d4aae0-f70b-11f0-a1f3-8be2d137b8b6,77.70238,22.25003,NA,5.86454,NA,NA,NA,1.28405,2.91895,0.62428,12e7b950-fffd-45a9-b94a-b9563b4018a5,2026-01-21,20:55:48,2026-01-21T20:55:48Z,2026-01-21T20:55:48Z,NA,v3,CNE,CNE,NA,"Hammond, Kevin",10120878,Right,CAR_EAG,c25bef15-6578-4a5e-8e5f-7d398546c2d8,54.24682,-113.57083,9.64318,6.37011,-1.02021,-12.35492,-2.45041,6.88717,-0.94038,305.267319,1.28796,-58.27489,1.74405,NA,NA,NA,NA,NA,NA,2.92911,60.47491,-25.76119,NA,NA,NA,NA,NA,NA,0.63624,45.82448,-13.765319999999999,NA,NA,NA,NA,NA,NA,NA,NA,NA,NA,NA,NA,NA,NA,NA,NA,NA,NA,NA,NA,NA,NA,NA,NA,NA,NA,NA,NA,High,High,High,High,Undefined,NA,NA,NA,202.378192,53.461996,1207.254122,0.595356,12:45:00,-0.833394,-0.233502,-0.500931,78.005138,42.801841,84.780118,-0.396899,172.853769,-0.910732,-6.556562,0.910732,-0.114184,0.396899,23.5477,-23.38449,0.114184,-0.114184,-172.853769,23.38449,0.396899,6.556562,-23.5477,-0.396899,0.114184,0.910732,-0.910732,NA,NA,NA,NA,NA,NA,NA,NA,NA,NA,NA,NA
NA,NA,NA,NA,NA,NA,NA,NA,NA,NA,NA,NA,NA,NA,NA,NA,38,2026-01-21,15:56:16,2,3,"Sharp, Will",1000370214,Right,CAR_EAG,"Soto Diaz, Bradley",1000475324,Right,CAR_EAG,Undefined,2,Bottom,0,0,2,Slider,Curveball,BallCalled,Undefined,Undefined,Undefined,0,0,NA,73.33557,-1.960618,-1.520222,1919.35251,140.546994,10:45:00,6.36689,2.57915,5.64092,-46.43861,6.14457,-3.67169,0.66659,0.85463,67.77356,-10.42671,-2.177701,0.521909,NA,NA,NA,NA,NA,NA,NA,NA,NA,NA,NA,1.43374,4.19642,-2.44759,50,6.17065,2.95418,-106.40154,-5.03777,1.64016,18.61958,-27.37355,CAR_EAG,CAR_EAG,CarsonNewman,TeamExclusive,Team,20260121-CarsonNewman-Private-1,a2d6ea60-f70b-11f0-a1f3-8be2d137b8b6,72.22033,NA,NA,5.56201,NA,NA,NA,NA,NA,NA,12e7b950-fffd-45a9-b94a-b9563b4018a5,2026-01-21,20:56:16,2026-01-21T20:56:16Z,2026-01-21T20:56:16Z,NA,v3,CNE,CNE,NA,"Hammond, Kevin",10120878,Right,CAR_EAG,38b4b339-2767-4fd5-86ee-d5cc0d1d869f,54.85941,-107.24853,9.30979,6.37149,-3.79257,-13.68678,-2.58027,2.87957,0.82008,NA,NA,NA,NA,NA,NA,NA,NA,NA,NA,NA,NA,NA,NA,NA,NA,NA,NA,NA,NA,NA,NA,NA,NA,NA,NA,NA,NA,NA,NA,NA,NA,NA,NA,NA,NA,NA,NA,NA,NA,NA,NA,NA,NA,NA,NA,NA,NA,NA,NA,High,High,High,NA,NA,NA,NA,NA,170.627208,73.822724,534.75124,0.27861,11:45:00,-0.968349,0.012489,-0.249288,55.530483,-17.954762,39.569415,-0.346683,123.79432,-0.521718,-51.214875,0.521718,-0.779501,0.346683,33.604097,-20.284541,0.779501,-0.779501,-123.79432,20.284541,0.346683,51.214875,-33.604097,-0.346683,0.779501,0.521718,-0.521718,NA,NA,NA,NA,NA,NA,NA,NA,NA,NA,NA,NA
NA,NA,NA,NA,NA,NA,NA,NA,NA,NA,NA,NA,NA,NA,NA,NA,39,2026-01-21,15:56:39,2,4,"Sharp, Will",1000370214,Right,CAR_EAG,"Soto Diaz, Bradley",1000475324,Right,CAR_EAG,Undefined,2,Bottom,0,1,2,ChangeUp,Changeup,InPlay,Undefined,FlyBall,Double,0,0,NA,74.34345,-0.907564,-3.871865,1926.531316,219.981996,01:15:00,6.22782,2.36647,6.51866,-35.21403,14.08296,10.53792,2.45858,-0.31353,68.54911,-7.511152,-1.962889,0.505337,72.52002,35.50292,29.497218,NA,88.81059,57.5821,64.90478,234.79404,161.17603,42.924006,4.170233,-6.5887,8.09146,-2.10081,50,6.14904,6.97164,-107.91488,-2.58548,-7.79961,18.1021,-22.59551,CAR_EAG,CAR_EAG,CarsonNewman,TeamExclusive,Team,20260121-CarsonNewman-Private-1,b03660a0-f70b-11f0-a1f3-8be2d137b8b6,74.58865,59.54089,NA,5.79435,NA,NA,NA,1.0812,2.54619,0.39136,12e7b950-fffd-45a9-b94a-b9563b4018a5,2026-01-21,20:56:39,2026-01-21T20:56:39Z,2026-01-21T20:56:39Z,FlyBall,v3,CNE,CNE,NA,"Hammond, Kevin",10120878,Right,CAR_EAG,576aa0de-c343-468e-bc23-735b184faa4f,53.98283,-108.58092,9.05105,6.22887,-1.75411,-11.29776,-2.3626,7.25862,-3.8998,218.959102,1.08294,75.32171,-17.07535,3.8727,-0.58773,0.02284,0.00176,0.00168,-2.7e-4,2.54671,61.7511,-18.33116,0.69815,0.33637,-0.26268,0.09308,-0.01563,9.9e-4,0.39196,42.6183,-0.1483,-0.97778,0.50918,-0.18779,0.04753,-0.0067,3.8e-4,NA,NA,NA,NA,NA,NA,NA,NA,NA,NA,NA,NA,NA,NA,NA,NA,NA,NA,NA,NA,NA,NA,High,High,High,High,Medium,NA,NA,NA,210.708866,37.829733,1521.645419,0.789837,01:00:00,-0.651321,-0.413015,-0.636553,-3.6144,-26.250487,6.624585,0.318181,107.432873,-0.284019,64.754096,0.284019,-0.904486,-0.318181,48.246871,18.552956,0.904486,0.904486,-107.432873,-18.552956,0.318181,-64.754096,-48.246871,-0.318181,-0.904486,0.284019,-0.284019,NA,NA,NA,NA,NA,NA,NA,NA,NA,NA,NA,NA
NA,NA,NA,NA,NA,NA,NA,NA,NA,NA,NA,NA,NA,NA,NA,NA,40,2026-01-21,15:57:25,3,1,"Sharp, Will",1000370214,Right,CAR_EAG,"Pierce, Johno",10069844,Right,CAR_EAG,Undefined,2,Bottom,0,0,0,Slider,Curveball,FoulBallNotFieldable,Undefined,Undefined,Undefined,0,0,NA,73.31053,-1.272107,-2.409182,1965.020669,189.474034,12:15:00,6.39805,2.34118,5.76209,-46.69652,6.0141,0.70539,1.32138,0.15621,67.22945,-9.841383,-2.28275,0.522541,NA,NA,NA,NA,NA,NA,NA,NA,NA,NA,NA,-1.0976,3.93087,-2.14192,50,6.26409,4.44875,-106.31624,-3.7238,-1.24465,19.79863,-27.71646,CAR_EAG,CAR_EAG,CarsonNewman,TeamExclusive,Team,20260121-CarsonNewman-Private-1,cbb73d90-f70b-11f0-a1f3-8be2d137b8b6,72.13298,NA,NA,6.08107,NA,NA,NA,NA,NA,NA,12e7b950-fffd-45a9-b94a-b9563b4018a5,2026-01-21,20:57:25,2026-01-21T20:57:25Z,2026-01-21T20:57:25Z,NA,v3,CNE,CNE,NA,"Hammond, Kevin",10120878,Right,CAR_EAG,7b984269-9305-49c4-b96c-007a6e658b76,54.73899,-107.19512,9.89931,6.40208,-2.49344,-13.85823,-2.34063,4.50401,-0.62233,NA,NA,NA,NA,NA,NA,NA,NA,NA,NA,NA,NA,NA,NA,NA,NA,NA,NA,NA,NA,NA,NA,NA,NA,NA,NA,NA,NA,NA,NA,NA,NA,NA,NA,NA,NA,NA,NA,NA,NA,NA,NA,NA,NA,NA,NA,NA,NA,NA,NA,High,High,High,NA,NA,NA,NA,NA,185.175874,72.615982,587.098284,0.298775,12:15:00,-0.965155,-0.048133,-0.257213,51.343498,-9.363175,38.676054,-0.254369,122.582053,-0.520794,-54.577964,0.520794,-0.814905,0.254369,26.03208,-14.73621,0.814905,-0.814905,-122.582053,14.73621,0.254369,54.577964,-26.03208,-0.254369,0.814905,0.520794,-0.520794,NA,NA,NA,NA,NA,NA,NA,NA,NA,NA,NA,NA
NA,NA,NA,NA,NA,NA,NA,NA,NA,NA,NA,NA,NA,NA,NA,NA,41,2026-01-21,15:57:47,3,2,"Sharp, Will",1000370214,Right,CAR_EAG,"Pierce, Johno",10069844,Right,CAR_EAG,Undefined,2,Bottom,0,0,1,Slider,Curveball,StrikeCalled,Undefined,Undefined,Undefined,0,0,NA,71.49364,0.752866,-2.487851,2049.394408,82.819665,08:45:00,6.42278,2.44614,5.71492,-54.63322,1.1589,-6.22083,2.57209,-0.39142,65.18328,-9.277225,-3.60021,0.537598,NA,NA,NA,NA,NA,NA,NA,NA,NA,NA,NA,2.34791,0.99461,-2.23407,50,6.45263,4.72305,-103.616,-0.252,2.5175,19.53121,-31.1076,CAR_EAG,CAR_EAG,CarsonNewman,TeamExclusive,Team,20260121-CarsonNewman-Private-1,d94983a0-f70b-11f0-a1f3-8be2d137b8b6,70.11267,NA,NA,6.31035,NA,NA,NA,NA,NA,NA,12e7b950-fffd-45a9-b94a-b9563b4018a5,2026-01-21,20:57:47,2026-01-21T20:57:47Z,2026-01-21T20:57:47Z,NA,v3,CNE,CNE,NA,"Hammond, Kevin",10120878,Right,CAR_EAG,e6a95e0a-7ff2-4b7a-a885-d556009be6a9,54.78383,-104.51384,9.76561,6.43135,1.17801,-15.5538,-2.44852,4.60732,1.25875,NA,NA,NA,NA,NA,NA,NA,NA,NA,NA,NA,NA,NA,NA,NA,NA,NA,NA,NA,NA,NA,NA,NA,NA,NA,NA,NA,NA,NA,NA,NA,NA,NA,NA,NA,NA,NA,NA,NA,NA,NA,NA,NA,NA,NA,NA,NA,NA,NA,NA,High,High,High,NA,NA,NA,NA,NA,147.814081,76.978583,461.759811,0.225315,11:00:00,-0.979985,0.13281,-0.148291,56.268945,4.710207,32.779899,-0.18231,131.406248,-0.650309,-47.516269,0.650309,-0.737469,0.18231,15.660489,-10.504337,0.737469,-0.737469,-131.406248,10.504337,0.18231,47.516269,-15.660489,-0.18231,0.737469,0.650309,-0.650309,NA,NA,NA,NA,NA,NA,NA,NA,NA,NA,NA,NA
NA,NA,NA,NA,NA,NA,NA,NA,NA,NA,NA,NA,NA,NA,NA,NA,42,2026-01-21,15:58:07,3,3,"Sharp, Will",1000370214,Right,CAR_EAG,"Pierce, Johno",10069844,Right,CAR_EAG,Undefined,2,Bottom,0,0,2,Slider,Slider,InPlay,Undefined,FlyBall,Out,1,0,NA,71.40352,-0.241492,-2.551405,2043.000354,183.275632,12:00:00,6.42617,2.35226,5.30365,-48.96558,7.70115,0.32799,2.11877,-0.01721,65.20452,-9.18742,-2.493183,0.54179600000000006,52.21344,69.846426,48.679553,4958.794917,NA,NA,NA,55.34812,26.55509,62.182791,4.298586,-0.95921,4.44768,-2.12057,50,6.36868,4.59809,-103.45095,-1.91603,-1.0278,19.07301,-27.40842,CAR_EAG,CAR_EAG,CarsonNewman,TeamExclusive,Team,20260121-CarsonNewman-Private-1,e50a6510-f70b-11f0-a1f3-8be2d137b8b6,69.56949,70.87211,NA,6.19899,NA,NA,NA,2.18683,2.56221,0.08369,12e7b950-fffd-45a9-b94a-b9563b4018a5,2026-01-21,20:58:07,2026-01-21T20:58:07Z,2026-01-21T20:58:07Z,Popup,v3,CNE,CNE,NA,"Hammond, Kevin",10120878,Right,CAR_EAG,a210e00f-ad50-46e1-bb7f-171091922f18,55.19683,-104.40468,9.53651,6.43023,-0.54549,-13.70421,-2.35178,4.64949,-0.5139,195.233017,2.16665,18.11726,-13.26338,12.36846,-10.66579,5.4737,-1.52282,0.21618,-0.01234,2.5499,72.18277,-23.33827,4.29395,-2.00804,0.66161,-0.10533,0.00441,3.1e-4,0.08409,19.71848,-0.77597,-2.72821,3.08235,-1.77621,0.5294,-0.07837,0.00459,NA,NA,NA,NA,NA,NA,NA,NA,NA,NA,NA,NA,NA,NA,NA,NA,NA,NA,NA,NA,NA,NA,High,High,High,High,Low,NA,NA,NA,124.402117,80.299698,344.234477,0.168495,10:15:00,-0.98954,0.134868,-0.0512,95.510313,-32.364695,18.151011,-0.393708,121.217132,-0.476424,-51.826126,0.476424,-0.786139,0.393708,39.56971,-23.185425,0.786139,-0.786139,-121.217132,23.185425,0.393708,51.826126,-39.56971,-0.393708,0.786139,0.476424,-0.476424,NA,NA,NA,NA,NA,NA,NA,NA,NA,NA,NA,NA
NA,NA,NA,NA,NA,NA,NA,NA,NA,NA,NA,NA,NA,NA,NA,NA,43,2026-01-21,15:58:46,4,1,"Sharp, Will",1000370214,Right,CAR_EAG,"Benner, Seth",1000370212,Right,CAR_EAG,Undefined,2,Bottom,1,0,0,Slider,Curveball,InPlay,Undefined,GroundBall,Out,1,1,NA,71.41101,0.828373,-2.549262,1863.039701,130.308406,10:15:00,6.37133,2.32086,5.47905,-52.01022,4.26685,-2.75516,2.8131,-0.29572,65.15338,-8.699045,-3.039617,0.53993,73.42255,-32.487975,29.711175,NA,NA,NA,NA,5.33056,5.33056,27.440247,0.047314,0.60146,2.45425,-2.09498,50,6.40892,4.70534,-103.47876,-0.06279,0.64512,19.00637,-29.54166,CAR_EAG,CAR_EAG,CarsonNewman,TeamExclusive,Team,20260121-CarsonNewman-Private-1,fc7cbea0-f70b-11f0-a1f3-8be2d137b8b6,69.8099,2.74657,NA,6.25763,NA,NA,NA,0.98462,2.74657,0.31868,12e7b950-fffd-45a9-b94a-b9563b4018a5,2026-01-21,20:58:46,2026-01-21T20:58:46Z,2026-01-21T20:58:46Z,GroundBall,v3,CNE,CNE,NA,"Hammond, Kevin",10120878,Right,CAR_EAG,fafba77e-a4c7-4c28-b67a-159a7b80bca3,55.02059,-104.39684,9.50318,6.37749,1.36418,-14.77083,-2.32152,4.67418,0.32256,NA,0.98244,79.17833,NA,NA,NA,NA,NA,NA,NA,2.74817,-58.05041,NA,NA,NA,NA,NA,NA,NA,0.31743,45.18299,NA,NA,NA,NA,NA,NA,NA,NA,NA,NA,NA,NA,NA,NA,NA,NA,NA,NA,NA,NA,NA,NA,NA,NA,NA,NA,NA,NA,NA,High,High,High,Estimated,Estimated,NA,NA,NA,123.756981,78.853946,360.145429,0.193311,10:15:00,-0.982521,0.174887,-0.063779,87.70345,-24.704234,25.92063,-0.302442,127.12542,-0.575296,-49.462085,0.575296,-0.759976,0.302442,27.731652,-17.604362,0.759976,-0.759976,-127.12542,17.604362,0.302442,49.462085,-27.731652,-0.302442,0.759976,0.575296,-0.575296,NA,NA,NA,NA,NA,NA,NA,NA,NA,NA,NA,NA
NA,NA,NA,NA,NA,NA,NA,NA,NA,NA,NA,NA,NA,NA,NA,NA,44,2026-01-21,15:59:21,5,1,"Sharp, Will",1000370214,Right,CAR_EAG,"Cochran, Carson",10085797,Right,CAR_EAG,Undefined,2,Bottom,2,0,0,Slider,Slider,StrikeCalled,Undefined,Undefined,Undefined,0,0,NA,72.90102,-0.561723,-2.740126,1992.290979,147.475866,11:00:00,6.35305,2.27108,5.36774,-51.49184,3.24697,-0.77004,1.53474,-0.36438,66.12419,-9.964839,-2.877043,0.532499,NA,NA,NA,NA,NA,NA,NA,NA,NA,NA,NA,-0.53634,2.45984,-2.02447,50,6.26669,5.07774,-105.48796,-2.65124,-0.59243,21.24406,-29.45698,CAR_EAG,CAR_EAG,CarsonNewman,TeamExclusive,Team,20260121-CarsonNewman-Private-1,110ba750-f70c-11f0-a1f3-8be2d137b8b6,70.78403,NA,NA,6.77683,NA,NA,NA,NA,NA,NA,12e7b950-fffd-45a9-b94a-b9563b4018a5,2026-01-21,20:59:21,2026-01-21T20:59:21Z,2026-01-21T20:59:21Z,NA,v3,CNE,CNE,NA,"Hammond, Kevin",10120878,Right,CAR_EAG,a85044e3-2748-4777-911e-0d9d63c7119a,55.12949,-106.51597,10.62203,6.36049,-1.2258,-14.72849,-2.27088,5.10641,-0.29621,NA,NA,NA,NA,NA,NA,NA,NA,NA,NA,NA,NA,NA,NA,NA,NA,NA,NA,NA,NA,NA,NA,NA,NA,NA,NA,NA,NA,NA,NA,NA,NA,NA,NA,NA,NA,NA,NA,NA,NA,NA,NA,NA,NA,NA,NA,NA,NA,NA,NA,High,High,High,NA,NA,NA,NA,NA,142.003466,80.987594,312.089023,0.156648,10:45:00,-0.993324,0.086748,-0.076047,84.172253,-24.315034,32.17453,-0.317552,127.178087,-0.573017,-49.070953,0.573017,-0.755521,0.317552,28.994154,-18.51494,0.755521,-0.755521,-127.178087,18.51494,0.317552,49.070953,-28.994154,-0.317552,0.755521,0.573017,-0.573017,NA,NA,NA,NA,NA,NA,NA,NA,NA,NA,NA,NA
NA,NA,NA,NA,NA,NA,NA,NA,NA,NA,NA,NA,NA,NA,NA,NA,45,2026-01-21,15:59:40,5,2,"Sharp, Will",1000370214,Right,CAR_EAG,"Cochran, Carson",10085797,Right,CAR_EAG,Undefined,2,Bottom,2,0,1,Slider,Curveball,InPlay,Undefined,GroundBall,Out,1,0,NA,70.21301,-0.174715,-3.096462,1887.207637,150.503914,11:00:00,6.36445,2.30979,5.79993,-52.20274,5.35733,-1.90969,1.85148,-0.73225,64.26134,-9.767376,-3.438361,0.54605,82.20064,-43.343528,12.838201,NA,NA,NA,NA,2.44527,2.44527,29.052842,0.020212,0.01244,3.37587,-2.0539,50,6.31908,5.56881,-101.75427,-1.77394,0.01291,18.44828,-28.67442,CAR_EAG,CAR_EAG,CarsonNewman,TeamExclusive,Team,20260121-CarsonNewman-Private-1,1c19b380-f70c-11f0-a1f3-8be2d137b8b6,69.02751,1.6755,NA,5.95168,NA,NA,NA,0.40668,1.6755,0.793,12e7b950-fffd-45a9-b94a-b9563b4018a5,2026-01-21,20:59:40,2026-01-21T20:59:40Z,2026-01-21T20:59:40Z,GroundBall,v3,CNE,CNE,NA,"Hammond, Kevin",10120878,Right,CAR_EAG,7a17b85b-0ff2-444d-b699-89bfd71fd5c1,54.69953,-102.60277,9.22414,6.37034,-0.45511,-14.33721,-2.31002,5.56822,0.00645,NA,0.40618,85.63817,NA,NA,NA,NA,NA,NA,NA,1.67597,-82.89655,NA,NA,NA,NA,NA,NA,NA,0.79288,19.51657,NA,NA,NA,NA,NA,NA,NA,NA,NA,NA,NA,NA,NA,NA,NA,NA,NA,NA,NA,NA,NA,NA,NA,NA,NA,NA,NA,NA,NA,High,High,High,Estimated,Estimated,NA,NA,NA,124.152201,77.567879,406.283404,0.215283,10:15:00,-0.982192,0.175178,-0.067902,55.797416,1.074484,24.273808,-0.247824,121.971539,-0.51298,-55.270227,0.51298,-0.821848,0.247824,25.785526,-14.348813,0.821848,-0.821848,-121.971539,14.348813,0.247824,55.270227,-25.785526,-0.247824,0.821848,0.51298,-0.51298,NA,NA,NA,NA,NA,NA,NA,NA,NA,NA,NA,NA
NA,NA,NA,NA,NA,NA,NA,NA,NA,NA,NA,NA,NA,NA,NA,NA,46,NA,NA,1,1,"Kileffer, James",1000475289,Right,CAR_EAG,"Mutter, Evan",1000300074,Right,CAR_EAG,Undefined,3,Top,0,0,0,Slider,NA,StrikeCalled,Undefined,Undefined,Undefined,0,0,NA,NA,NA,NA,NA,NA,NA,NA,NA,NA,NA,NA,NA,NA,NA,NA,NA,NA,NA,NA,NA,NA,NA,NA,NA,NA,NA,NA,NA,NA,NA,NA,NA,NA,NA,NA,NA,NA,NA,NA,NA,CAR_EAG,CAR_EAG,CarsonNewman,TeamExclusive,Team,20260121-CarsonNewman-Private-1,73e5beb0-f70c-11f0-a1f3-8be2d137b8b6,NA,NA,NA,NA,NA,NA,NA,NA,NA,NA,12e7b950-fffd-45a9-b94a-b9563b4018a5,NA,NA,NA,NA,NA,v3,CNE,CNE,NA,"Cochran, Carson",10085797,Right,CAR_EAG,abe979d2-3aea-4f15-bd02-17887951efed,NA,NA,NA,NA,NA,NA,NA,NA,NA,NA,NA,NA,NA,NA,NA,NA,NA,NA,NA,NA,NA,NA,NA,NA,NA,NA,NA,NA,NA,NA,NA,NA,NA,NA,NA,NA,NA,NA,NA,NA,NA,NA,NA,NA,NA,NA,NA,NA,NA,NA,NA,NA,NA,NA,NA,NA,NA,NA,NA,NA,NA,NA,NA,NA,NA,NA,NA,NA,NA,NA,NA,NA,NA,NA,NA,NA,NA,NA,NA,NA,NA,NA,NA,NA,NA,NA,NA,NA,NA,NA,NA,NA,NA,NA,NA,NA,NA,NA,NA,NA,NA,NA,NA,NA,NA,NA,NA,NA,NA,NA
NA,NA,NA,NA,NA,NA,NA,NA,NA,NA,NA,NA,NA,NA,NA,NA,47,2026-01-21,16:02:19,1,2,"Kileffer, James",1000475289,Right,CAR_EAG,"Mutter, Evan",1000300074,Right,CAR_EAG,Undefined,3,Top,0,0,1,Slider,Curveball,FoulBallNotFieldable,Undefined,Undefined,Undefined,0,0,NA,71.37548,2.277074,-1.938619,2357.438948,67.888172,08:15:00,5.50934,2.58241,5.21628,-63.48665,-6.01067,-19.91643,2.3623,-0.90089,64.67224,-9.260708,-5.465231,0.54565,NA,NA,NA,NA,NA,NA,NA,NA,NA,NA,NA,9.19178,-3.07051,-2.38801,50,5.6729,4.24979,-103.30955,2.06201,9.71857,20.68928,-35.42052,CAR_EAG,CAR_EAG,CarsonNewman,TeamExclusive,Team,20260121-CarsonNewman-Private-1,7b6218a0-f70c-11f0-a1f3-8be2d137b8b6,69.07799,NA,NA,6.70324,NA,NA,NA,NA,NA,NA,12e7b950-fffd-45a9-b94a-b9563b4018a5,2026-01-21,21:02:19,2026-01-21T21:02:19Z,2026-01-21T21:02:19Z,NA,v3,CNE,CNE,NA,"Cochran, Carson",10085797,Right,CAR_EAG,8795d59b-d4d4-498d-9a4e-ff3e589cc92e,55.2848,-104.36255,10.34464,5.52208,3.86476,-17.71026,-2.59172,3.75515,4.85928,NA,NA,NA,NA,NA,NA,NA,NA,NA,NA,NA,NA,NA,NA,NA,NA,NA,NA,NA,NA,NA,NA,NA,NA,NA,NA,NA,NA,NA,NA,NA,NA,NA,NA,NA,NA,NA,NA,NA,NA,NA,NA,NA,NA,NA,NA,NA,NA,NA,NA,High,High,High,NA,NA,NA,NA,NA,53.62049,45.16616,1662.119818,0.705053,07:45:00,-0.671501,0.59537,0.441158,67.474144,-13.344566,22.517558,-0.789397,152.884263,-0.54641,-16.248367,0.54641,-0.279802,0.789397,55.309509,-52.129151,0.279802,-0.279802,-152.884263,52.129151,0.789397,16.248367,-55.309509,-0.789397,0.279802,0.54641,-0.54641,NA,NA,NA,NA,NA,NA,NA,NA,NA,NA,NA,NA
NA,NA,NA,NA,NA,NA,NA,NA,NA,NA,NA,NA,NA,NA,NA,NA,48,2026-01-21,16:02:46,1,3,"Kileffer, James",1000475289,Right,CAR_EAG,"Mutter, Evan",1000300074,Right,CAR_EAG,Undefined,3,Top,0,0,2,Fastball,Four-Seam,BallCalled,Undefined,Undefined,Undefined,0,0,NA,83.54772,-0.516824,-3.668569,2180.716507,212.487788,01:00:00,6.24002,1.90059,5.8193,-22.43312,17.96332,10.58418,3.88906,-0.63305,76.0095,-4.754649,-1.777284,0.457449,NA,NA,NA,NA,NA,NA,NA,NA,NA,NA,NA,-6.39713,9.69209,-1.60595,50,6.18435,7.32493,-121.04943,-1.74186,-9.46343,24.28971,-17.83631,CAR_EAG,CAR_EAG,CarsonNewman,TeamExclusive,Team,20260121-CarsonNewman-Private-1,8b586660-f70c-11f0-a1f3-8be2d137b8b6,82.39699,NA,NA,7.53822,NA,NA,NA,NA,NA,NA,12e7b950-fffd-45a9-b94a-b9563b4018a5,2026-01-21,21:02:46,2026-01-21T21:02:46Z,2026-01-21T21:02:46Z,NA,v3,CNE,CNE,NA,"Cochran, Carson",10085797,Right,CAR_EAG,f609ec9e-2bb2-4d0b-bd34-6bafe834c609,54.67843,-121.98459,12.14486,6.2382,-1.05515,-8.91815,-1.89498,7.68928,-4.73171,NA,NA,NA,NA,NA,NA,NA,NA,NA,NA,NA,NA,NA,NA,NA,NA,NA,NA,NA,NA,NA,NA,NA,NA,NA,NA,NA,NA,NA,NA,NA,NA,NA,NA,NA,NA,NA,NA,NA,NA,NA,NA,NA,NA,NA,NA,NA,NA,NA,NA,High,High,High,NA,NA,NA,NA,NA,206.24613,23.859547,1994.351975,0.91454,12:45:00,-0.452494,-0.408067,-0.792925,-54.959769,-23.812206,-71.672379,-0.354386,174.109196,-0.930161,-5.507262,0.930161,-0.095972,0.354386,20.856568,-20.755839,0.095972,-0.095972,-174.109196,20.755839,0.354386,5.507262,-20.856568,-0.354386,0.095972,0.930161,-0.930161,NA,NA,NA,NA,NA,NA,NA,NA,NA,NA,NA,NA
NA,NA,NA,NA,NA,NA,NA,NA,NA,NA,NA,NA,NA,NA,NA,NA,49,2026-01-21,16:03:07,1,4,"Kileffer, James",1000475289,Right,CAR_EAG,"Mutter, Evan",1000300074,Right,CAR_EAG,Undefined,3,Top,0,1,2,Fastball,Changeup,BallCalled,Undefined,Undefined,Undefined,0,0,NA,83.2062,0.807554,-3.187915,2240.519643,225.810893,01:30:00,5.81557,2.52633,5.65807,-25.50745,15.67879,14.65639,4.44429,0.77157,75.16414,-3.992849,-0.574679,0.4619,NA,NA,NA,NA,NA,NA,NA,NA,NA,NA,NA,-8.3391,8.10902,-2.26536,50,5.86816,6.09811,-120.51595,0.92053,-12.14944,25.47135,-20.35978,CAR_EAG,CAR_EAG,CarsonNewman,TeamExclusive,Team,20260121-CarsonNewman-Private-1,97d93c70-f70c-11f0-a1f3-8be2d137b8b6,81.60312,NA,NA,8.04206,NA,NA,NA,NA,NA,NA,12e7b950-fffd-45a9-b94a-b9563b4018a5,2026-01-21,21:03:07,2026-01-21T21:03:07Z,2026-01-21T21:03:07Z,NA,v3,CNE,CNE,NA,"Cochran, Carson",10085797,Right,CAR_EAG,769c046e-40a4-4662-bfc9-2abf4ef03291,54.83966,-121.53452,12.73568,5.81507,1.73469,-10.17989,-2.51893,6.58395,-6.07472,NA,NA,NA,NA,NA,NA,NA,NA,NA,NA,NA,NA,NA,NA,NA,NA,NA,NA,NA,NA,NA,NA,NA,NA,NA,NA,NA,NA,NA,NA,NA,NA,NA,NA,NA,NA,NA,NA,NA,NA,NA,NA,NA,NA,NA,NA,NA,NA,NA,NA,High,High,High,NA,NA,NA,NA,NA,216.751665,21.586402,2083.378175,0.929864,01:15:00,-0.41656,-0.551142,-0.722994,-62.586973,-23.014646,-57.863911,-0.37809,176.471904,-0.924014,-3.265905,0.924014,-0.05697,0.37809,22.253523,-22.215452,0.05697,-0.05697,-176.471904,22.215452,0.37809,3.265905,-22.253523,-0.37809,0.05697,0.924014,-0.924014,NA,NA,NA,NA,NA,NA,NA,NA,NA,NA,NA,NA
NA,NA,NA,NA,NA,NA,NA,NA,NA,NA,NA,NA,NA,NA,NA,NA,50,2026-01-21,16:03:29,1,5,"Kileffer, James",1000475289,Right,CAR_EAG,"Mutter, Evan",1000300074,Right,CAR_EAG,Undefined,3,Top,0,2,2,Slider,Curveball,InPlay,Undefined,FlyBall,Out,1,0,NA,70.69061,2.329828,-1.152419,2437.126949,63.577184,08:00:00,5.51172,2.64656,5.20991,-66.54106,-8.3515,-20.82781,2.1593,-0.173,64.48777,-9.730254,-4.845336,0.549027,72.72771,57.936717,-17.986946,NA,104.25609,98.80828,-35.08075,154.82071,147.40217,-18.848251,5.253844,10.10453,-4.45882,-2.52327,50,5.67677,2.80919,-102.46723,2.06746,10.57022,19.47227,-36.83836,CAR_EAG,CAR_EAG,CarsonNewman,TeamExclusive,Team,20260121-CarsonNewman-Private-1,a4a8cec0-f70c-11f0-a1f3-8be2d137b8b6,68.65313,108.80833,NA,6.20284,NA,NA,NA,2.20698,2.52869,0.13972,12e7b950-fffd-45a9-b94a-b9563b4018a5,2026-01-21,21:03:29,2026-01-21T21:03:29Z,2026-01-21T21:03:29Z,Popup,v3,CNE,CNE,NA,"Cochran, Carson",10085797,Right,CAR_EAG,870ff3bc-3c9b-40ed-820e-24a3b2823d04,55.29476,-103.46852,9.73614,5.52175,3.96174,-18.41918,-2.65374,2.26565,5.28511,178.470863,2.21392,53.71554,-15.01474,3.75309,-0.30009,-0.12874,0.04669,-0.00609,2.9e-4,2.52704,90.41191,-22.41086,1.52114,0.11777,-0.18799,0.06254,-0.00951,5.5e-4,0.1375,-17.44084,4.35123,-1.02836,0.05776,0.04539,-0.01471,0.00184,-9e-5,NA,NA,NA,NA,NA,NA,NA,NA,NA,NA,NA,NA,NA,NA,NA,NA,NA,NA,NA,NA,NA,NA,High,High,High,High,Low,NA,NA,NA,52.381657,40.458755,1854.344773,0.760873,07:45:00,-0.614397,0.628564,0.476889,60.660609,16.317963,23.274396,-0.723423,140.693743,-0.534215,-25.934773,0.534215,-0.437348,0.723423,53.555801,-46.337824,0.437348,-0.437348,-140.693743,46.337824,0.723423,25.934773,-53.555801,-0.723423,0.437348,0.534215,-0.534215,NA,NA,NA,NA,NA,NA,NA,NA,NA,NA,NA,NA
NA,NA,NA,NA,NA,NA,NA,NA,NA,NA,NA,NA,NA,NA,NA,NA,51,2026-01-21,16:03:59,2,1,"Kileffer, James",1000475289,Right,CAR_EAG,"Strittmatter, Sean",1000396792,Right,CAR_EAG,Undefined,3,Top,1,0,0,Fastball,Changeup,BallCalled,Undefined,Undefined,Undefined,0,0,NA,83.20599,0.672265,-3.336834,2103.19778,209.164205,01:00:00,5.90932,2.25014,5.82056,-25.17269,15.52182,7.91985,4.43774,-0.19586,75.67406,-4.061177,-1.921407,0.459134,NA,NA,NA,NA,NA,NA,NA,NA,NA,NA,NA,-4.96878,8.11685,-1.98138,50,5.9496,6.7091,-120.59991,0.66361,-7.29594,24.10896,-20.2556,CAR_EAG,CAR_EAG,CarsonNewman,TeamExclusive,Team,20260121-CarsonNewman-Private-1,b6871660-f70c-11f0-a1f3-8be2d137b8b6,82.09466,NA,NA,7.53193,NA,NA,NA,NA,NA,NA,12e7b950-fffd-45a9-b94a-b9563b4018a5,2026-01-21,21:03:59,2026-01-21T21:03:59Z,2026-01-21T21:03:59Z,NA,v3,CNE,CNE,NA,"Cochran, Carson",10085797,Right,CAR_EAG,e2f8511e-e458-4a9b-8bb6-a11bc4d39ebc,54.6776,-121.5314,12.05448,5.90884,1.44622,-10.1278,-2.24605,6.99099,-3.64797,NA,NA,NA,NA,NA,NA,NA,NA,NA,NA,NA,NA,NA,NA,NA,NA,NA,NA,NA,NA,NA,NA,NA,NA,NA,NA,NA,NA,NA,NA,NA,NA,NA,NA,NA,NA,NA,NA,NA,NA,NA,NA,NA,NA,NA,NA,NA,NA,NA,NA,High,High,High,NA,NA,NA,NA,NA,211.97545,30.066285,1820.204906,0.865446,01:00:00,-0.548217,-0.452392,-0.70342,-47.60451,-39.22987,-82.312964,-0.170938,170.978452,-0.973093,-8.8876830000000009,0.973093,-0.154498,0.170938,9.963178,-9.842353,0.154498,-0.154498,-170.978452,9.842353,0.170938,8.8876830000000009,-9.963178,-0.170938,0.154498,0.973093,-0.973093,NA,NA,NA,NA,NA,NA,NA,NA,NA,NA,NA,NA
NA,NA,NA,NA,NA,NA,NA,NA,NA,NA,NA,NA,NA,NA,NA,NA,52,2026-01-21,16:04:16,2,2,"Kileffer, James",1000475289,Right,CAR_EAG,"Strittmatter, Sean",1000396792,Right,CAR_EAG,Undefined,3,Top,1,1,0,Fastball,Changeup,StrikeCalled,Undefined,Undefined,Undefined,0,0,NA,82.3985,-1.374013,-3.912601,2084.052308,219.900587,01:15:00,5.7451,2.28246,6.01829,-25.67521,15.53028,11.84654,2.32951,-0.36027,75.20603,-6.198558,-1.787528,0.462007,NA,NA,NA,NA,NA,NA,NA,NA,NA,NA,NA,-7.16445,8.783,-1.98152,50,5.62314,7.70185,-119.3908,-3.61111,-10.3183,23.4576,-19.5247,CAR_EAG,CAR_EAG,CarsonNewman,TeamExclusive,Team,20260121-CarsonNewman-Private-1,c0c59d90-f70c-11f0-a1f3-8be2d137b8b6,81.58406,NA,NA,7.19247,NA,NA,NA,NA,NA,NA,12e7b950-fffd-45a9-b94a-b9563b4018a5,2026-01-21,21:04:16,2026-01-21T21:04:16Z,2026-01-21T21:04:16Z,NA,v3,CNE,CNE,NA,"Cochran, Carson",10085797,Right,CAR_EAG,c716a79e-c4f9-4b4c-9ff2-f5c4ad994e65,54.48063,-120.26792,11.7288,5.74452,-2.88105,-9.76235,-2.27671,8.08767,-5.15915,NA,NA,NA,NA,NA,NA,NA,NA,NA,NA,NA,NA,NA,NA,NA,NA,NA,NA,NA,NA,NA,NA,NA,NA,NA,NA,NA,NA,NA,NA,NA,NA,NA,NA,NA,NA,NA,NA,NA,NA,NA,NA,NA,NA,NA,NA,NA,NA,NA,NA,High,High,High,NA,NA,NA,NA,NA,217.958374,19.4952,1964.572447,0.942669,01:15:00,-0.369699,-0.587661,-0.719706,-37.29808,-37.577345,-84.010441,-0.205459,179.630626,-0.978645,-0.361493,0.978645,-0.006309,0.205459,11.856636,-11.856396,0.006309,-0.006309,-179.630626,11.856396,0.205459,0.361493,-11.856636,-0.205459,0.006309,0.978645,-0.978645,NA,NA,NA,NA,NA,NA,NA,NA,NA,NA,NA,NA
NA,NA,NA,NA,NA,NA,NA,NA,NA,NA,NA,NA,NA,NA,NA,NA,53,2026-01-21,16:04:34,2,3,"Kileffer, James",1000475289,Right,CAR_EAG,"Strittmatter, Sean",1000396792,Right,CAR_EAG,Undefined,3,Top,1,1,1,Slider,Curveball,BallCalled,Undefined,Undefined,Undefined,0,0,NA,69.90993,3.340415,0.970655,2448.552555,67.48156,08:15:00,5.43902,2.65551,5.38414,-65.69748,-6.78894,-21.14686,3.09948,1.8032300000000001,63.70998,-8.635383,-2.789758,0.552409,NA,NA,NA,NA,NA,NA,NA,NA,NA,NA,NA,10.89288,-3.84477,-2.72683,50,5.69173,-0.9612,-101.32122,3.89181,11.20344,18.19438,-36.12841,CAR_EAG,CAR_EAG,CarsonNewman,TeamExclusive,Team,20260121-CarsonNewman-Private-1,cb8a6bc0-f70c-11f0-a1f3-8be2d137b8b6,68.23289,NA,NA,6.19995,NA,NA,NA,NA,NA,NA,12e7b950-fffd-45a9-b94a-b9563b4018a5,2026-01-21,21:04:34,2026-01-21T21:04:34Z,2026-01-21T21:04:34Z,NA,v3,CNE,CNE,NA,"Cochran, Carson",10085797,Right,CAR_EAG,b64d8512-5143-4e10-9c80-0252e5f8ced5,55.12006,-102.23651,9.09719,5.45023,5.70928,-18.0642,-2.6643,-1.5248,5.60172,NA,NA,NA,NA,NA,NA,NA,NA,NA,NA,NA,NA,NA,NA,NA,NA,NA,NA,NA,NA,NA,NA,NA,NA,NA,NA,NA,NA,NA,NA,NA,NA,NA,NA,NA,NA,NA,NA,NA,NA,NA,NA,NA,NA,NA,NA,NA,NA,NA,NA,High,High,High,NA,NA,NA,NA,NA,54.615578,39.906987,1878.252643,0.767087,07:45:00,-0.611451,0.661714,0.433893,52.558683,26.728551,24.493737,-0.727256,139.385701,-0.521027,-26.538521,0.521027,-0.446799,0.727256,54.381137,-46.656865,0.446799,-0.446799,-139.385701,46.656865,0.727256,26.538521,-54.381137,-0.727256,0.446799,0.521027,-0.521027,NA,NA,NA,NA,NA,NA,NA,NA,NA,NA,NA,NA
NA,NA,NA,NA,NA,NA,NA,NA,NA,NA,NA,NA,NA,NA,NA,NA,54,2026-01-21,16:04:52,2,4,"Kileffer, James",1000475289,Right,CAR_EAG,"Strittmatter, Sean",1000396792,Right,CAR_EAG,Undefined,3,Top,1,2,1,Fastball,Changeup,InPlay,Undefined,GroundBall,Out,1,0,NA,81.80553,-1.272839,-4.628245,2039.139661,213.220113,01:00:00,5.80716,2.21604,5.82611,-25.79419,16.38194,9.81575,2.47026,-1.2781,74.66325,-6.103013,-2.877247,0.467417,79.98782,-21.252115,6.382243,NA,NA,NA,NA,7.41395,7.41395,14.86724,0.056196,-6.33989,9.14512,-1.84288,50,5.68761,9.20437,-118.40873,-3.40058,-8.98126,23.07368,-19.21884,CAR_EAG,CAR_EAG,CarsonNewman,TeamExclusive,Team,20260121-CarsonNewman-Private-1,d65ef160-f70c-11f0-a1f3-8be2d137b8b6,80.63981,2.39585,NA,7.14228,NA,NA,NA,1.04369,2.39585,1.21749,12e7b950-fffd-45a9-b94a-b9563b4018a5,2026-01-21,21:04:52,2026-01-21T21:04:52Z,2026-01-21T21:04:52Z,GroundBall,v3,CNE,CNE,NA,"Cochran, Carson",10085797,Right,CAR_EAG,fc151e9b-a7b9-473a-8a9c-dccfae9c8c97,54.67403,-119.31606,11.53684,5.80647,-2.64484,-9.60942,-2.21176,9.55754,-4.49063,180,1.04115,108.94101,NA,NA,NA,NA,NA,NA,NA,2.39685,-42.6337,NA,NA,NA,NA,NA,NA,NA,1.21721,12.18551,NA,NA,NA,NA,NA,NA,NA,NA,NA,NA,NA,NA,NA,NA,NA,NA,NA,NA,NA,NA,NA,NA,NA,NA,NA,NA,NA,NA,NA,High,High,High,High,High,NA,NA,NA,212.053598,25.840836,1835.24271,0.900008,01:00:00,-0.48532,-0.48721,-0.726011,-56.033864,-11.451512,-54.725408,-0.230812,178.271838,-0.972556,-1.681485,0.972556,-0.029343,0.230812,13.350713,-13.344858,0.029343,-0.029343,-178.271838,13.344858,0.230812,1.681485,-13.350713,-0.230812,0.029343,0.972556,-0.972556,NA,NA,NA,NA,NA,NA,NA,NA,NA,NA,NA,NA
NA,NA,NA,NA,NA,NA,NA,NA,NA,NA,NA,NA,NA,NA,NA,NA,55,2026-01-21,16:05:24,3,1,"Kileffer, James",1000475289,Right,CAR_EAG,"Ring, Alex",10041847,Right,CAR_EAG,Undefined,3,Top,2,0,0,ChangeUp,Changeup,BallCalled,Undefined,Undefined,Undefined,0,0,NA,76.52363,-0.763864,-2.704583,1968.613688,252.474751,02:30:00,5.61179,2.44359,5.87183,-40.6366,7.83126,19.23765,1.51504,1.53265,69.39082,-8.303627,0.74902,0.50107,NA,NA,NA,NA,NA,NA,NA,NA,NA,NA,NA,-10.65922,4.78567,-2.23552,50,5.52669,4.52414,-110.91449,-2.69137,-13.07769,22.63434,-26.30258,CAR_EAG,CAR_EAG,CarsonNewman,TeamExclusive,Team,20260121-CarsonNewman-Private-1,e91cc390-f70c-11f0-a1f3-8be2d137b8b6,75.22389,NA,NA,7.13282,NA,NA,NA,NA,NA,NA,12e7b950-fffd-45a9-b94a-b9563b4018a5,2026-01-21,21:05:24,2026-01-21T21:05:24Z,2026-01-21T21:05:24Z,NA,v3,CNE,CNE,NA,"Cochran, Carson",10085797,Right,CAR_EAG,bcc66c01-f8bc-4f2e-ab41-7bcbf1c1019c,54.62743,-111.85482,11.31717,5.6158,-1.59865,-13.15129,-2.43475,5.06744,-6.53884,NA,NA,NA,NA,NA,NA,NA,NA,NA,NA,NA,NA,NA,NA,NA,NA,NA,NA,NA,NA,NA,NA,NA,NA,NA,NA,NA,NA,NA,NA,NA,NA,NA,NA,NA,NA,NA,NA,NA,NA,NA,NA,NA,NA,NA,NA,NA,NA,NA,NA,High,High,High,NA,NA,NA,NA,NA,236.070862,13.510961,1914.132781,0.972325,01:45:00,-0.248216,-0.809809,-0.5316,49.614399,15.942382,-3.138315,0.049841,105.013258,-0.258721,74.723481,0.258721,-0.964665,-0.049841,10.904218,2.85689,0.964665,0.964665,-105.013258,-2.85689,0.049841,-74.723481,-10.904218,-0.049841,-0.964665,0.258721,-0.258721,NA,NA,NA,NA,NA,NA,NA,NA,NA,NA,NA,NA
NA,NA,NA,NA,NA,NA,NA,NA,NA,NA,NA,NA,NA,NA,NA,NA,56,2026-01-21,16:05:41,3,2,"Kileffer, James",1000475289,Right,CAR_EAG,"Wyatt, Jack",10013525,Right,CAR_EAG,Undefined,3,Top,2,1,0,Fastball,Changeup,StrikeCalled,Undefined,Undefined,Undefined,0,0,NA,83.29802,-1.667134,-2.435392,2158.934151,215.067422,01:15:00,5.71632,2.32804,5.99818,-22.59651,17.91859,11.58375,2.28657,1.0352,75.56075,-5.952079,-0.353658,0.458121,NA,NA,NA,NA,NA,NA,NA,NA,NA,NA,NA,-6.63477,10.11217,-2.14221,50,5.5725,4.66988,-120.75414,-4.14606,-9.70898,25.47507,-17.37646,CAR_EAG,CAR_EAG,CarsonNewman,TeamExclusive,Team,20260121-CarsonNewman-Private-1,f35ef440-f70c-11f0-a1f3-8be2d137b8b6,82.27622,NA,NA,7.73727,NA,NA,NA,NA,NA,NA,12e7b950-fffd-45a9-b94a-b9563b4018a5,2026-01-21,21:05:41,2026-01-21T21:05:41Z,2026-01-21T21:05:41Z,NA,v3,CNE,CNE,NA,"Cochran, Carson",10085797,Right,CAR_EAG,6134bfe3-30ab-4a22-9fb2-4f457c157537,54.49923,-121.69962,12.73753,5.71441,-3.50115,-8.68823,-2.32221,5.03022,-4.85449,NA,NA,NA,NA,NA,NA,NA,NA,NA,NA,NA,NA,NA,NA,NA,NA,NA,NA,NA,NA,NA,NA,NA,NA,NA,NA,NA,NA,NA,NA,NA,NA,NA,NA,NA,NA,NA,NA,NA,NA,NA,NA,NA,NA,NA,NA,NA,NA,NA,NA,High,High,High,NA,NA,NA,NA,NA,217.473282,15.730456,2078.077252,0.962548,01:15:00,-0.286192,-0.593245,-0.752432,-33.981101,-37.312014,-89.443713,0.293012,179.197768,-0.956015,0.767019,0.956015,-0.013387,-0.293012,17.039946,17.038373,0.013387,0.013387,-179.197768,-17.038373,0.293012,-0.767019,-17.039946,-0.293012,-0.013387,0.956015,-0.956015,NA,NA,NA,NA,NA,NA,NA,NA,NA,NA,NA,NA
NA,NA,NA,NA,NA,NA,NA,NA,NA,NA,NA,NA,NA,NA,NA,NA,57,2026-01-21,16:06:01,3,3,"Kileffer, James",1000475289,Right,CAR_EAG,"Wyatt, Jack",10013525,Right,CAR_EAG,Undefined,3,Top,2,1,1,Fastball,Four-Seam,StrikeCalled,Undefined,Undefined,Undefined,0,0,NA,83.94629,-1.620786,-3.090586,2164.364828,210.177852,01:00:00,5.73964,2.25842,6.04016,-23.408080000000002,16.30127,8.70189,2.28565,0.11913,76.45512,-6.038503,-1.527068,0.453542,NA,NA,NA,NA,NA,NA,NA,NA,NA,NA,NA,-5.35646,9.25674,-2.02165,50,5.60037,6.22494,-121.69511,-4.11851,-7.99309,24.98305,-18.36088,CAR_EAG,CAR_EAG,CarsonNewman,TeamExclusive,Team,20260121-CarsonNewman-Private-1,ff429ff0-f70c-11f0-a1f3-8be2d137b8b6,83.10678,NA,NA,7.49117,NA,NA,NA,NA,NA,NA,12e7b950-fffd-45a9-b94a-b9563b4018a5,2026-01-21,21:06:01,2026-01-21T21:06:01Z,2026-01-21T21:06:01Z,NA,v3,CNE,CNE,NA,"Cochran, Carson",10085797,Right,CAR_EAG,f6c9198e-64f5-4501-80ed-b5a354924330,54.45834,-122.60695,12.49153,5.73846,-3.44836,-9.18044,-2.25417,6.51668,-3.99655,NA,NA,NA,NA,NA,NA,NA,NA,NA,NA,NA,NA,NA,NA,NA,NA,NA,NA,NA,NA,NA,NA,NA,NA,NA,NA,NA,NA,NA,NA,NA,NA,NA,NA,NA,NA,NA,NA,NA,NA,NA,NA,NA,NA,NA,NA,NA,NA,NA,NA,High,High,High,NA,NA,NA,NA,NA,213.159733,25.629717,1951.409296,0.901608,01:00:00,-0.458517,-0.505194,-0.731123,32.785719,37.201996,80.174259,0.19694,178.996316,-0.980265,0.984025,0.980265,-0.017174,-0.19694,11.359756,11.358058,0.017174,0.017174,-178.996316,-11.358058,0.19694,-0.984025,-11.359756,-0.19694,-0.017174,0.980265,-0.980265,NA,NA,NA,NA,NA,NA,NA,NA,NA,NA,NA,NA
NA,NA,NA,NA,NA,NA,NA,NA,NA,NA,NA,NA,NA,NA,NA,NA,58,2026-01-21,16:06:21,3,4,"Kileffer, James",1000475289,Right,CAR_EAG,"Wyatt, Jack",10013525,Right,CAR_EAG,Undefined,3,Top,2,1,2,Slider,Curveball,BallCalled,Undefined,Undefined,Undefined,0,0,NA,71.68174,1.740502,0.843827,2461.308853,65.791383,08:15:00,5.32411,2.75896,5.17276,-63.91043,-7.46701,-20.87899,1.63686,1.8132,65.50011,-9.837314,-2.862029,0.540727,NA,NA,NA,NA,NA,NA,NA,NA,NA,NA,NA,10.64485,-3.67402,-2.82097,50,5.43751,-0.74937,-103.96454,1.07546,11.50715,19.43303,-36.14568,CAR_EAG,CAR_EAG,CarsonNewman,TeamExclusive,Team,20260121-CarsonNewman-Private-1,0b423810-f70d-11f0-a1f3-8be2d137b8b6,69.70697,NA,NA,6.18163,NA,NA,NA,NA,NA,NA,12e7b950-fffd-45a9-b94a-b9563b4018a5,2026-01-21,21:06:21,2026-01-21T21:06:21Z,2026-01-21T21:06:21Z,NA,v3,CNE,CNE,NA,"Cochran, Carson",10085797,Right,CAR_EAG,dac17767-79a3-42c4-ad1a-14eb229beaed,55.33115,-104.95631,9.71651,5.33555,2.92016,-18.07284,-2.76774,-1.33664,5.75358,NA,NA,NA,NA,NA,NA,NA,NA,NA,NA,NA,NA,NA,NA,NA,NA,NA,NA,NA,NA,NA,NA,NA,NA,NA,NA,NA,NA,NA,NA,NA,NA,NA,NA,NA,NA,NA,NA,NA,NA,NA,NA,NA,NA,NA,NA,NA,NA,NA,NA,High,High,High,NA,NA,NA,NA,NA,57.946098,40.486722,1871.964314,0.760556,08:00:00,-0.63527,0.664032,0.394327,54.013752,-0.792914,22.639008,-0.826829,144.711255,-0.459103,-18.96121,0.459103,-0.324928,0.826829,60.95842,-55.774345,0.324928,-0.324928,-144.711255,55.774345,0.826829,18.96121,-60.95842,-0.826829,0.324928,0.459103,-0.459103,NA,NA,NA,NA,NA,NA,NA,NA,NA,NA,NA,NA
NA,NA,NA,NA,NA,NA,NA,NA,NA,NA,NA,NA,NA,NA,NA,NA,59,2026-01-21,16:06:42,3,5,"Kileffer, James",1000475289,Right,CAR_EAG,"Wyatt, Jack",10013525,Right,CAR_EAG,Undefined,3,Top,2,2,2,Fastball,Changeup,BallCalled,Undefined,Undefined,Undefined,0,0,NA,83.28037,-0.951475,-1.098256,2070.595123,207.85609,01:00:00,5.75286,2.32977,5.84638,-23.98438,16.59627,8.04863,2.8697,1.97974,75.75073,-5.471071,0.345302,0.458491,NA,NA,NA,NA,NA,NA,NA,NA,NA,NA,NA,-4.39855,9.15591,-2.24493,50,5.66144,1.98782,-120.84591,-2.71257,-6.46622,24.84409,-18.71417,CAR_EAG,CAR_EAG,CarsonNewman,TeamExclusive,Team,20260121-CarsonNewman-Private-1,17c35c40-f70d-11f0-a1f3-8be2d137b8b6,82.20975,NA,NA,7.52965,NA,NA,NA,NA,NA,NA,12e7b950-fffd-45a9-b94a-b9563b4018a5,2026-01-21,21:06:42,2026-01-21T21:06:42Z,2026-01-21T21:06:42Z,NA,v3,CNE,CNE,NA,"Cochran, Carson",10085797,Right,CAR_EAG,c08686d6-1c47-417d-977c-d57719d46547,54.65101,-121.79833000000001,12.42205,5.75167,-1.99514,-9.35708,-2.32589,2.23571,-3.23311,NA,NA,NA,NA,NA,NA,NA,NA,NA,NA,NA,NA,NA,NA,NA,NA,NA,NA,NA,NA,NA,NA,NA,NA,NA,NA,NA,NA,NA,NA,NA,NA,NA,NA,NA,NA,NA,NA,NA,NA,NA,NA,NA,NA,NA,NA,NA,NA,NA,NA,High,High,High,NA,NA,NA,NA,NA,217.084132,24.530008,1883.7114,0.909744,01:15:00,-0.419839,-0.555382,-0.717834,-35.375553,-34.668685,-81.008089,-0.09154,179.356212,-0.995739,-0.641085,0.995739,-0.011189,0.09154,5.252539,-5.25221,0.011189,-0.011189,-179.356212,5.25221,0.09154,0.641085,-5.252539,-0.09154,0.011189,0.995739,-0.995739,NA,NA,NA,NA,NA,NA,NA,NA,NA,NA,NA,NA
NA,NA,NA,NA,NA,NA,NA,NA,NA,NA,NA,NA,NA,NA,NA,NA,60,2026-01-21,16:07:04,3,6,"Kileffer, James",1000475289,Right,CAR_EAG,"Wyatt, Jack",10013525,Right,CAR_EAG,Undefined,3,Top,2,3,2,Fastball,Changeup,BallCalled,Walk,Undefined,Undefined,0,0,NA,83.36378,0.793422,-2.637678,2219.787871,215.375797,01:15:00,5.79117,2.44752,5.61362,-24.17167,16.54206,10.82316,4.51826,0.88576,75.96299,-3.742219,-0.708437,0.459242,NA,NA,NA,NA,NA,NA,NA,NA,NA,NA,NA,-6.17717,8.53359,-2.22896,50,5.84361,5.11769,-120.89868,0.93254,-9.13978,23.63858,-19.5477,CAR_EAG,CAR_EAG,CarsonNewman,TeamExclusive,Team,20260121-CarsonNewman-Private-1,251edae0-f70d-11f0-a1f3-8be2d137b8b6,82.0753,NA,NA,7.40079,NA,NA,NA,NA,NA,NA,12e7b950-fffd-45a9-b94a-b9563b4018a5,2026-01-21,21:07:04,2026-01-21T21:07:04Z,2026-01-21T21:07:04Z,NA,v3,CNE,CNE,NA,"Cochran, Carson",10085797,Right,CAR_EAG,7b0eebc7-7ad9-402a-abd4-d8eb9b0cd899,54.88497,-121.85006,11.81929,5.79024,1.71928,-9.77385,-2.44234,5.48554,-4.56989,NA,NA,NA,NA,NA,NA,NA,NA,NA,NA,NA,NA,NA,NA,NA,NA,NA,NA,NA,NA,NA,NA,NA,NA,NA,NA,NA,NA,NA,NA,NA,NA,NA,NA,NA,NA,NA,NA,NA,NA,NA,NA,NA,NA,NA,NA,NA,NA,NA,NA,High,High,High,NA,NA,NA,NA,NA,213.079268,30.435593,1913.899212,0.862199,01:00:00,-0.545741,-0.463527,-0.698075,-61.127289,-18.555776,-56.366074,-0.259772,171.481321,-0.955016,-8.22417,0.955016,-0.143046,0.259772,15.216778,-15.056563,0.143046,-0.143046,-171.481321,15.056563,0.259772,8.22417,-15.216778,-0.259772,0.143046,0.955016,-0.955016,NA,NA,NA,NA,NA,NA,NA,NA,NA,NA,NA,NA
NA,NA,NA,NA,NA,NA,NA,NA,NA,NA,NA,NA,NA,NA,NA,NA,61,2026-01-21,16:07:37,4,1,"Kileffer, James",1000475289,Right,CAR_EAG,"Hammond, Kevin",10120878,Right,CAR_EAG,Undefined,3,Top,2,0,0,Fastball,Changeup,InPlay,Undefined,GroundBall,Out,1,0,NA,81.5894,-2.665424,-3.79858,2077.829311,211.425483,01:00:00,5.96471,2.67583,5.99119,-24.59218,17.37064,9.78831,1.43785,-0.03412,74.88605,-7.271925,-2.043106,0.466234,60.69452,-56.277473,-22.849203,NA,NA,NA,NA,2.00868,2.00868,-9.11769,0.018859,-6.09158,10.0776,-2.38135,50,5.74034,7.4803,-118.20126,-6.21331,-8.62973,22.24703,-17.89747,CAR_EAG,CAR_EAG,CarsonNewman,TeamExclusive,Team,20260121-CarsonNewman-Private-1,38efa3b0-f70d-11f0-a1f3-8be2d137b8b6,80.84448,1.40015,NA,6.70335,NA,NA,NA,1.12206,1.40015,0.0446,12e7b950-fffd-45a9-b94a-b9563b4018a5,2026-01-21,21:07:37,2026-01-21T21:07:37Z,2026-01-21T21:07:37Z,GroundBall,v3,CNE,CNE,NA,"Cochran, Carson",10085797,Right,CAR_EAG,f6f87614-5451-4578-8936-6ed42265c714,54.50968,-119.04701,11.12351,5.96362,-5.53291,-8.94874,-2.67196,7.80837,-4.31487,NA,1.12167,45.66849,NA,NA,NA,NA,NA,NA,NA,1.40078,-74.2447,NA,NA,NA,NA,NA,NA,NA,0.04476,-19.24343,NA,NA,NA,NA,NA,NA,NA,NA,NA,NA,NA,NA,NA,NA,NA,NA,NA,NA,NA,NA,NA,NA,NA,NA,NA,NA,NA,NA,NA,High,High,High,Estimated,Estimated,NA,NA,NA,210.456844,22.963106,1913.174352,0.920756,01:00:00,-0.419786,-0.484359,-0.767578,-48.793406,-28.816004,-77.158255,-0.302707,177.707431,-0.952321,-2.184956,0.952321,-0.038125,0.302707,17.633493,-17.620253,0.038125,-0.038125,-177.707431,17.620253,0.302707,2.184956,-17.633493,-0.302707,0.038125,0.952321,-0.952321,NA,NA,NA,NA,NA,NA,NA,NA,NA,NA,NA,NA
NA,NA,NA,NA,NA,NA,NA,NA,NA,NA,NA,NA,NA,NA,NA,NA,62,2026-01-21,16:10:17,1,1,"Smith, Bryce",10170454,Left,CAR_EAG,"Smith, Bryce",10170454,Left,CAR_EAG,Undefined,3,Bottom,0,0,0,Fastball,Changeup,BallCalled,Undefined,Undefined,Undefined,0,0,NA,82.25135,0.937928,2.698816,2101.203628,134.574549,10:30:00,6.00194,-2.91395,5.72193,-34.03372,7.93595,-6.60307,4.04051,-0.94844,74.57747,-5.383941,1.519311,0.466272,NA,NA,NA,NA,NA,NA,NA,NA,NA,NA,NA,4.13744,4.20358,2.69228,50,6.05972,-5.34691,-119.20117,0.84302,5.90389,24.67707,-26.17581,CAR_EAG,CAR_EAG,CarsonNewman,TeamExclusive,Team,20260121-CarsonNewman-Private-1,98345f50-f70d-11f0-a1f3-8be2d137b8b6,80.8379,NA,NA,7.67389,NA,NA,NA,NA,NA,NA,12e7b950-fffd-45a9-b94a-b9563b4018a5,2026-01-21,21:10:17,2026-01-21T21:10:17Z,2026-01-21T21:10:17Z,NA,v3,CNE,CNE,NA,"Hammond, Kevin",10120878,Right,CAR_EAG,df0f8a99-040b-429b-bae8-e09b2f271a97,54.77558,-120.18574,12.33853,6.00526,1.8874,-13.0879,2.91031,-5.58246,2.95194,NA,NA,NA,NA,NA,NA,NA,NA,NA,NA,NA,NA,NA,NA,NA,NA,NA,NA,NA,NA,NA,NA,NA,NA,NA,NA,NA,NA,NA,NA,NA,NA,NA,NA,NA,NA,NA,NA,NA,NA,NA,NA,NA,NA,NA,NA,NA,NA,NA,NA,High,High,High,NA,NA,NA,NA,NA,112.360832,-63.81744,927.119787,0.441233,09:45:00,0.910853,0.393311,-0.125112,-25.715061,30.819624,-51.498739,0.286747,117.228325,-0.438324,58.41345,0.438324,-0.85185,-0.286747,33.192309,16.663309,0.85185,0.85185,-117.228325,-16.663309,0.286747,-58.41345,-33.192309,-0.286747,-0.85185,0.438324,-0.438324,NA,NA,NA,NA,NA,NA,NA,NA,NA,NA,NA,NA
NA,NA,NA,NA,NA,NA,NA,NA,NA,NA,NA,NA,NA,NA,NA,NA,63,2026-01-21,16:10:33,1,2,"Smith, Bryce",10170454,Left,CAR_EAG,"Smith, Braxton",1000370200,Right,CAR_EAG,Undefined,3,Bottom,0,1,0,Fastball,Slider,BallCalled,Undefined,Undefined,Undefined,0,0,NA,81.97747,1.013627,2.831186,2174.510713,155.169888,11:15:00,5.96143,-2.94743,5.74457,-34.45966,7.7637,-2.9298,4.03483,-0.55334,74.36157,-5.385816,2.307842,0.467679,NA,NA,NA,NA,NA,NA,NA,NA,NA,NA,NA,2.32728,4.10469,2.71355,50,6.02513,-5.75416,-118.7865,0.98495,3.29847,24.46496,-26.35647,CAR_EAG,CAR_EAG,CarsonNewman,TeamExclusive,Team,20260121-CarsonNewman-Private-1,a1c80080-f70d-11f0-a1f3-8be2d137b8b6,80.59466,NA,NA,7.6159,NA,NA,NA,NA,NA,NA,12e7b950-fffd-45a9-b94a-b9563b4018a5,2026-01-21,21:10:33,2026-01-21T21:10:33Z,2026-01-21T21:10:33Z,NA,v3,CNE,CNE,NA,"Hammond, Kevin",10120878,Right,CAR_EAG,149dc317-b7be-4006-a7b7-cc696f6b939d,54.75254,-119.76132,12.23248,5.96496,2.03514,-13.17824,2.94545,-5.88559,1.64924,NA,NA,NA,NA,NA,NA,NA,NA,NA,NA,NA,NA,NA,NA,NA,NA,NA,NA,NA,NA,NA,NA,NA,NA,NA,NA,NA,NA,NA,NA,NA,NA,NA,NA,NA,NA,NA,NA,NA,NA,NA,NA,NA,NA,NA,NA,NA,NA,NA,NA,High,High,High,NA,NA,NA,NA,NA,120.416361,-69.734297,753.194352,0.346374,10:00:00,0.950744,0.282061,-0.128559,-26.565574,33.102954,-54.374869,0.342007,120.793282,-0.481071,53.825091,0.481071,-0.807219,-0.342007,35.410094,19.999184,0.807219,0.807219,-120.793282,-19.999184,0.342007,-53.825091,-35.410094,-0.342007,-0.807219,0.481071,-0.481071,NA,NA,NA,NA,NA,NA,NA,NA,NA,NA,NA,NA
NA,NA,NA,NA,NA,NA,NA,NA,NA,NA,NA,NA,NA,NA,NA,NA,64,2026-01-21,16:10:52,1,3,"Smith, Bryce",10170454,Left,CAR_EAG,"Smith, Braxton",1000370200,Right,CAR_EAG,Undefined,3,Bottom,0,2,0,ChangeUp,Changeup,BallCalled,Undefined,Undefined,Undefined,0,0,NA,76.61422,0.346799,1.601936,1602.724486,76.822683,08:30:00,5.97047,-2.71683,5.93135,-48.39892,-0.91591,-10.19867,2.25913,-2.08001,70.54261,-8.55063,-0.23275,0.495953,NA,NA,NA,NA,NA,NA,NA,NA,NA,NA,NA,5.63764,-0.04504,2.59434,50,5.97126,-2.73806,-111.31841,-0.82667,7.07254,20.02332,-32.23057,CAR_EAG,CAR_EAG,CarsonNewman,TeamExclusive,Team,20260121-CarsonNewman-Private-1,ace2b6e0-f70d-11f0-a1f3-8be2d137b8b6,76.00003,NA,NA,6.0716,NA,NA,NA,NA,NA,NA,12e7b950-fffd-45a9-b94a-b9563b4018a5,2026-01-21,21:10:52,2026-01-21T21:10:52Z,2026-01-21T21:10:52Z,NA,v3,CNE,CNE,NA,"Hammond, Kevin",10120878,Right,CAR_EAG,55cc3c7c-da3b-4a5b-b38b-8c6008bf221c,54.57001,-112.13742,10.01166,5.97811,0.49166,-16.11529,2.71225,-3.02735,3.53627,NA,NA,NA,NA,NA,NA,NA,NA,NA,NA,NA,NA,NA,NA,NA,NA,NA,NA,NA,NA,NA,NA,NA,NA,NA,NA,NA,NA,NA,NA,NA,NA,NA,NA,NA,NA,NA,NA,NA,NA,NA,NA,NA,NA,NA,NA,NA,NA,NA,NA,High,High,High,NA,NA,NA,NA,NA,114.179544,-59.66465,809.47237,0.50506,09:45:00,0.871302,0.455517,-0.182585,2.584846,24.631751,-61.390594,0.974862,155.626476,-0.20295,5.275754,0.20295,-0.091949,-0.974862,78.239946,77.125985,0.091949,0.091949,-155.626476,-77.125985,0.974862,-5.275754,-78.239946,-0.974862,-0.091949,0.20295,-0.20295,NA,NA,NA,NA,NA,NA,NA,NA,NA,NA,NA,NA
NA,NA,NA,NA,NA,NA,NA,NA,NA,NA,NA,NA,NA,NA,NA,NA,65,2026-01-21,16:11:08,1,4,"Smith, Bryce",10170454,Left,CAR_EAG,"Smith, Braxton",1000370200,Right,CAR_EAG,Undefined,3,Bottom,0,3,0,Fastball,Changeup,StrikeCalled,Undefined,Undefined,Undefined,0,0,NA,80.71587,-0.594541,3.995754,2047.408849,121.461301,10:00:00,5.96167,-2.84348,5.92302,-36.40061,6.9893,-8.96091,2.3752,0.12376,73.35455,-7.347508,2.390771,0.474096,NA,NA,NA,NA,NA,NA,NA,NA,NA,NA,NA,5.77331,4.24488,2.5280300000000002,50,5.89367,-7.81229,-116.87201,-2.35426,7.90884,23.99239,-26.35898,CAR_EAG,CAR_EAG,CarsonNewman,TeamExclusive,Team,20260121-CarsonNewman-Private-1,b6bb0230-f70d-11f0-a1f3-8be2d137b8b6,79.50389,NA,NA,7.36132,NA,NA,NA,NA,NA,NA,12e7b950-fffd-45a9-b94a-b9563b4018a5,2026-01-21,21:11:08,2026-01-21T21:11:08Z,2026-01-21T21:11:08Z,NA,v3,CNE,CNE,NA,"Hammond, Kevin",10120878,Right,CAR_EAG,5ab92c63-ade1-4bee-a5e8-dfd8a00e4778,54.57508,-117.80747,11.99619,5.96542,-1.32652,-13.17949,2.83864,-8.12065,3.95442,NA,NA,NA,NA,NA,NA,NA,NA,NA,NA,NA,NA,NA,NA,NA,NA,NA,NA,NA,NA,NA,NA,NA,NA,NA,NA,NA,NA,NA,NA,NA,NA,NA,NA,NA,NA,NA,NA,NA,NA,NA,NA,NA,NA,NA,NA,NA,NA,NA,NA,High,High,High,NA,NA,NA,NA,NA,116.339315,-67.301827,790.047211,0.385877,10:00:00,0.928609,0.35537,-0.10676,-23.103097000000002,35.03811,-53.220132,0.283323,117.17902,-0.438056,58.554044,0.438056,-0.853133,-0.283323,32.893716,16.458624,0.853133,0.853133,-117.17902,-16.458624,0.283323,-58.554044,-32.893716,-0.283323,-0.853133,0.438056,-0.438056,NA,NA,NA,NA,NA,NA,NA,NA,NA,NA,NA,NA
NA,NA,NA,NA,NA,NA,NA,NA,NA,NA,NA,NA,NA,NA,NA,NA,66,2026-01-21,16:11:27,1,5,"Smith, Bryce",10170454,Left,CAR_EAG,"Smith, Braxton",1000370200,Right,CAR_EAG,Undefined,3,Bottom,0,3,1,Fastball,Slider,FoulBallNotFieldable,Undefined,Undefined,Undefined,0,0,NA,83.3188,-0.234319,3.264507,2336.227253,158.265886,11:15:00,6.02771,-2.82572,5.86425,-33.2964,7.2778,-2.36776,3.03498,0.01299,75.97926,-6.40786,2.840668,0.458455,NA,NA,NA,NA,NA,NA,NA,NA,NA,NA,NA,2.17126,4.19319,2.56219,50,5.9894,-6.79609,-120.7981,-1.56918,3.19043,24.75464,-26.01267,CAR_EAG,CAR_EAG,CarsonNewman,TeamExclusive,Team,20260121-CarsonNewman-Private-1,c2009920-f70d-11f0-a1f3-8be2d137b8b6,82.2163,NA,NA,7.33953,NA,NA,NA,NA,NA,NA,12e7b950-fffd-45a9-b94a-b9563b4018a5,2026-01-21,21:11:27,2026-01-21T21:11:27Z,2026-01-21T21:11:27Z,NA,v3,CNE,CNE,NA,"Hammond, Kevin",10120878,Right,CAR_EAG,bbe7f1d3-8aa3-4080-85b9-8c7c4807047f,54.6355,-121.74433,12.37732,6.03038,-0.57487,-13.00633,2.82429,-6.91804,1.59521,NA,NA,NA,NA,NA,NA,NA,NA,NA,NA,NA,NA,NA,NA,NA,NA,NA,NA,NA,NA,NA,NA,NA,NA,NA,NA,NA,NA,NA,NA,NA,NA,NA,NA,NA,NA,NA,NA,NA,NA,NA,NA,NA,NA,NA,NA,NA,NA,NA,NA,High,High,High,NA,NA,NA,NA,NA,112.047901,-65.709093,961.053136,0.41137,09:45:00,0.917219,0.385011,-0.102355,-93.73794,-10.547369,-31.848557,0.547609,169.47445,-0.822655,8.792102,0.822655,-0.15285,-0.547609,33.650121,33.203118,0.15285,0.15285,-169.47445,-33.203118,0.547609,-8.792102,-33.650121,-0.547609,-0.15285,0.822655,-0.822655,NA,NA,NA,NA,NA,NA,NA,NA,NA,NA,NA,NA
NA,NA,NA,NA,NA,NA,NA,NA,NA,NA,NA,NA,NA,NA,NA,NA,67,2026-01-21,16:11:55,1,6,"Smith, Bryce",10170454,Left,CAR_EAG,"Smith, Braxton",1000370200,Right,CAR_EAG,Undefined,3,Bottom,0,3,2,Fastball,Slider,BallCalled,Walk,Undefined,Undefined,0,0,NA,83.57492,1.877854,1.807269,2252.768991,156.783356,11:15:00,6.00106,-2.86503,5.86457,-33.09427,7.28048,-2.54382,4.98922,-1.39751,75.74654,-4.28973,1.351479,0.457327,NA,NA,NA,NA,NA,NA,NA,NA,NA,NA,NA,1.82744,3.5891,2.71991,50,6.13446,-3.71899,-121.18298,2.90068,2.69749,25.30921,-26.87618,CAR_EAG,CAR_EAG,CarsonNewman,TeamExclusive,Team,20260121-CarsonNewman-Private-1,d24a5e10-f70d-11f0-a1f3-8be2d137b8b6,82.41909,NA,NA,7.82838,NA,NA,NA,NA,NA,NA,12e7b950-fffd-45a9-b94a-b9563b4018a5,2026-01-21,21:11:55,2026-01-21T21:11:55Z,2026-01-21T21:11:55Z,NA,v3,CNE,CNE,NA,"Hammond, Kevin",10120878,Right,CAR_EAG,aa0b3ac6-5de0-4fb5-b479-1dbd70e2f670,54.63302,-122.14676,12.65461,6.00451,3.92413,-13.43809,2.86348,-3.82171,1.34874,NA,NA,NA,NA,NA,NA,NA,NA,NA,NA,NA,NA,NA,NA,NA,NA,NA,NA,NA,NA,NA,NA,NA,NA,NA,NA,NA,NA,NA,NA,NA,NA,NA,NA,NA,NA,NA,NA,NA,NA,NA,NA,NA,NA,NA,NA,NA,NA,NA,NA,High,High,High,NA,NA,NA,NA,NA,115.187869,-70.238827,761.661748,0.3381,09:45:00,0.954696,0.274949,-0.113839,-85.930851,-6.227839,-37.034799,0.580505,163.301624,-0.77992,13.530508,0.77992,-0.233963,-0.580505,36.660819,35.48608,0.233963,0.233963,-163.301624,-35.48608,0.580505,-13.530508,-36.660819,-0.580505,-0.233963,0.77992,-0.77992,NA,NA,NA,NA,NA,NA,NA,NA,NA,NA,NA,NA
NA,NA,NA,NA,NA,NA,NA,NA,NA,NA,NA,NA,NA,NA,NA,NA,68,2026-01-21,16:12:20,2,1,"Smith, Bryce",10170454,Left,CAR_EAG,"Gibson, Aiden",10011511,Right,CAR_EAG,Undefined,3,Bottom,0,0,0,Slider,Curveball,BallCalled,Undefined,Undefined,Undefined,0,0,NA,71.97788,3.405348,-0.33812,2145.460902,291.526978,03:45:00,6.05449,-2.78291,5.78539,-59.52476,-4.29764,15.98387,4.26615,-1.76551,64.8857,-7.577987,2.524156,0.534869,NA,NA,NA,NA,NA,NA,NA,NA,NA,NA,NA,-8.13469,-2.5911,2.8016,50,6.30086,0.03163,-104.23696,4.40637,-8.77831,20.65625,-34.97017,CAR_EAG,CAR_EAG,CarsonNewman,TeamExclusive,Team,20260121-CarsonNewman-Private-1,e11f0f30-f70d-11f0-a1f3-8be2d137b8b6,70.47038,NA,NA,7.09217,NA,NA,NA,NA,NA,NA,12e7b950-fffd-45a9-b94a-b9563b4018a5,2026-01-21,21:12:20,2026-01-21T21:12:20Z,2026-01-21T21:12:20Z,NA,v3,CNE,CNE,NA,"Hammond, Kevin",10120878,Right,CAR_EAG,d8db9a4d-c090-4987-bb94-49acb7f959bd,54.71426,-105.16701,10.32812,6.06701,5.98092,-17.48509,2.79128,0.42688,-4.38916,NA,NA,NA,NA,NA,NA,NA,NA,NA,NA,NA,NA,NA,NA,NA,NA,NA,NA,NA,NA,NA,NA,NA,NA,NA,NA,NA,NA,68.79446,1.759028,0.80041,0.958618,-2.54383,3.70714,1.58352,-4.12267,5.95973,4.27167,64.59223,2.19783,60.19064,-4.08806,78.32859,-7.05422,5.96958,7.92125,-12.39441,4.28991,62.13792,-4.03278,High,High,High,NA,NA,High,High,High,306.192673,-59.424114,1091.351144,0.508679,04:15:00,0.836809,-0.460938,0.295443,70.99497,19.108062,-32.508062,0.804299,103.114756,-0.134831,35.361023,0.134831,-0.578727,-0.804299,80.483537,53.54257,0.578727,0.578727,-103.114756,-53.54257,0.804299,-35.361023,-80.483537,-0.804299,-0.578727,0.134831,-0.134831,NA,NA,NA,NA,NA,NA,NA,NA,NA,NA,NA,NA
NA,NA,NA,NA,NA,NA,NA,NA,NA,NA,NA,NA,NA,NA,NA,NA,69,2026-01-21,16:13:01,2,2,"Smith, Bryce",10170454,Left,CAR_EAG,"Smith, Braxton",1000370200,Right,CAR_EAG,Undefined,3,Bottom,0,1,0,Fastball,Slider,BallCalled,Undefined,Undefined,Undefined,0,0,NA,80.36258,1.11078,0.849775,2085.060669,188.577871,12:15:00,5.89978,-2.8974,5.98013,-35.7586,7.27926,0.89839,3.9498,-2.03475,73.64377,-5.534595,1.011282,0.472168,NA,NA,NA,NA,NA,NA,NA,NA,NA,NA,NA,-0.22579,3.86142,2.82975,50,5.96792,-1.76598,-116.74768,1.16202,-0.31205,21.70469,-26.8375,CAR_EAG,CAR_EAG,CarsonNewman,TeamExclusive,Team,20260121-CarsonNewman-Private-1,fa0432a0-f70d-11f0-ab51-7d94a826c0d5,79.8284,NA,NA,6.71881,NA,NA,NA,NA,NA,NA,12e7b950-fffd-45a9-b94a-b9563b4018a5,2026-01-21,21:13:01,2026-01-21T21:13:01Z,2026-01-21T21:13:01Z,NA,v3,CNE,CNE,NA,"Hammond, Kevin",10120878,Right,CAR_EAG,bf92b99a-063a-430f-8494-7015671b2085,54.51937,-117.58488,10.85235,5.90313,2.1972,-13.41875,2.89763,-1.75394,-0.15603,NA,NA,NA,NA,NA,NA,NA,NA,NA,NA,NA,NA,NA,NA,NA,NA,NA,NA,NA,NA,NA,NA,NA,NA,NA,NA,NA,NA,NA,NA,NA,NA,NA,NA,NA,NA,NA,NA,NA,NA,NA,NA,NA,NA,NA,NA,NA,NA,NA,NA,High,High,High,NA,NA,NA,NA,NA,118.16633,-71.371411,666.03547,0.319432,10:00:00,0.955022,0.263182,-0.136634,-91.139194,-9.765395,-35.900336,0.587309,163.900706,-0.777622,12.969869,0.777622,-0.224439,-0.587309,37.062392,35.966264,0.224439,0.224439,-163.900706,-35.966264,0.587309,-12.969869,-37.062392,-0.587309,-0.224439,0.777622,-0.777622,NA,NA,NA,NA,NA,NA,NA,NA,NA,NA,NA,NA
NA,NA,NA,NA,NA,NA,NA,NA,NA,NA,NA,NA,NA,NA,NA,NA,70,2026-01-21,16:13:31,2,3,"Smith, Bryce",10170454,Left,CAR_EAG,"Smith, Braxton",1000370200,Right,CAR_EAG,Undefined,3,Bottom,0,2,0,Fastball,Slider,FoulBallNotFieldable,Undefined,Undefined,Undefined,0,0,NA,80.63792,0.898008,1.995013,2099.218908,174.098105,11:45:00,6.02671,-2.24547,5.81192,-33.21951,9.61867,-0.86465,4.09407,-0.46158,74.23018,-5.256785,1.840221,0.471072,NA,NA,NA,NA,NA,NA,NA,NA,NA,NA,NA,0.9661,5.04162,2.0824,50,6.08042,-4.04872,-117.15808,0.80437,1.35087,20.88993,-25.12464,CAR_EAG,CAR_EAG,CarsonNewman,TeamExclusive,Team,20260121-CarsonNewman-Private-1,0b5b9700-f70e-11f0-ab51-7d94a826c0d5,80.01425,NA,NA,6.40775,NA,NA,NA,NA,NA,NA,12e7b950-fffd-45a9-b94a-b9563b4018a5,2026-01-21,21:13:31,2026-01-21T21:13:31Z,2026-01-21T21:13:31Z,NA,v3,CNE,CNE,NA,"Hammond, Kevin",10120878,Right,CAR_EAG,12929689-b4d0-4a7d-aebf-30f334a46e59,54.69032,-117.99142,10.44497,6.02834,1.80665,-12.56232,2.24498,-4.10261,0.67543,NA,NA,NA,NA,NA,NA,NA,NA,NA,NA,NA,NA,NA,NA,NA,NA,NA,NA,NA,NA,NA,NA,NA,NA,NA,NA,NA,NA,NA,NA,NA,NA,NA,NA,NA,NA,NA,NA,NA,NA,NA,NA,NA,NA,NA,NA,NA,NA,NA,NA,High,High,High,NA,NA,NA,NA,NA,114.034999,-68.745739,760.982272,0.362507,09:45:00,0.941627,0.31643,-0.114937,-103.724201,-13.209015,-20.268202,0.726888,168.834544,-0.673758,7.642146,0.673758,-0.132985,-0.726888,47.172339,46.626107,0.132985,0.132985,-168.834544,-46.626107,0.726888,-7.642146,-47.172339,-0.726888,-0.132985,0.673758,-0.673758,NA,NA,NA,NA,NA,NA,NA,NA,NA,NA,NA,NA
NA,NA,NA,NA,NA,NA,NA,NA,NA,NA,NA,NA,NA,NA,NA,NA,71,2026-01-21,16:13:56,2,4,"Smith, Bryce",10170454,Left,CAR_EAG,"Smith, Braxton",1000370200,Right,CAR_EAG,Undefined,3,Bottom,0,2,1,Slider,Curveball,BallCalled,Undefined,Undefined,Undefined,0,0,NA,71.75193,2.222012,-1.327673,2118.7933,284.134003,03:30:00,6.00795,-2.01725,5.63952,-57.84578,-2.40528,17.16229,3.26204,-1.8259,65.2434,-8.399856,1.740462,0.535902,NA,NA,NA,NA,NA,NA,NA,NA,NA,NA,NA,-9.03646,-1.26441,2.11924,50,6.16058,1.78895,-104.03912,2.27831,-9.78102,19.48563,-33.54262,CAR_EAG,CAR_EAG,CarsonNewman,TeamExclusive,Team,20260121-CarsonNewman-Private-1,1a52c440-f70e-11f0-ab51-7d94a826c0d5,70.33463,NA,NA,6.50854,NA,NA,NA,NA,NA,NA,12e7b950-fffd-45a9-b94a-b9563b4018a5,2026-01-21,21:13:56,2026-01-21T21:13:56Z,2026-01-21T21:13:56Z,NA,v3,CNE,CNE,NA,"Hammond, Kevin",10120878,Right,CAR_EAG,62f90ae4-fcf3-470d-b1d0-b828ca6cbcc3,54.86147,-104.94568,9.74282,6.01828,3.83887,-16.77131,2.02542,2.24401,-4.89051,NA,NA,NA,NA,NA,NA,NA,NA,NA,NA,NA,NA,NA,NA,NA,NA,NA,NA,NA,NA,NA,NA,NA,NA,NA,NA,NA,NA,NA,NA,NA,NA,NA,NA,NA,NA,NA,NA,NA,NA,NA,NA,NA,NA,NA,NA,NA,NA,NA,NA,High,High,High,NA,NA,NA,NA,NA,310.518178,-66.745447,836.535336,0.394817,04:15:00,0.912132,-0.335536,0.235437,55.737157,22.880169,-41.575678,0.742242,92.330107,-0.027245,42.034511,0.027245,-0.669578,-0.742242,87.897789,47.922732,0.669578,0.669578,-92.330107,-47.922732,0.742242,-42.034511,-87.897789,-0.742242,-0.669578,0.027245,-0.027245,NA,NA,NA,NA,NA,NA,NA,NA,NA,NA,NA,NA
NA,NA,NA,NA,NA,NA,NA,NA,NA,NA,NA,NA,NA,NA,NA,NA,72,2026-01-21,16:14:13,2,5,"Smith, Bryce",10170454,Left,CAR_EAG,"Smith, Braxton",1000370200,Right,CAR_EAG,Undefined,3,Bottom,0,3,1,Fastball,Slider,InPlay,Undefined,GroundBall,Out,1,0,NA,80.65612,0.159799,2.880795,2126.827901,152.670349,11:00:00,5.82047,-2.18821,6.21768,-34.34325,7.90642,-3.43693,3.10619,0.18612,74.28424,-6.232274,2.261088,0.467825,29.90156,-73.874163,10.177701,NA,NA,NA,NA,3.66257,3.66256,0.503701,0.07514,2.56291,4.4187,1.97401,50,5.81511,-5.77532,-117.18369,-0.67771,3.57932,21.23832,-26.00295,CAR_EAG,CAR_EAG,CarsonNewman,TeamExclusive,Team,20260121-CarsonNewman-Private-1,24ec15a0-f70e-11f0-ab51-7d94a826c0d5,80.56959,3.24855,NA,6.37188,NA,NA,NA,2.73796,3.24855,-0.13377,12e7b950-fffd-45a9-b94a-b9563b4018a5,2026-01-21,21:14:13,2026-01-21T21:14:13Z,2026-01-21T21:14:13Z,GroundBall,v3,CNE,CNE,NA,"Hammond, Kevin",10120878,Right,CAR_EAG,9a5b5067-f5cb-490e-baa8-3c2a6aebc1c3,54.2847,-117.95769,10.61916,5.82254,0.26993,-13.00147,2.18686,-5.90577,1.78966,NA,2.73416,12.30324,NA,NA,NA,NA,NA,NA,NA,3.2619,-43.23385,NA,NA,NA,NA,NA,NA,NA,-0.13445,2.20876,NA,NA,NA,NA,NA,NA,NA,NA,NA,NA,NA,NA,NA,NA,NA,NA,NA,NA,NA,NA,NA,NA,NA,NA,NA,NA,NA,NA,NA,High,High,High,Estimated,Estimated,NA,NA,NA,113.326762,-64.940144,900.849511,0.423565,09:45:00,0.91423,0.386415,-0.121927,-85.454393,4.94706,-36.384766,0.515159,170.252454,-0.844721,8.343789,0.844721,-0.145112,-0.515159,31.377185,31.008051,0.145112,0.145112,-170.252454,-31.008051,0.515159,-8.343789,-31.377185,-0.515159,-0.145112,0.844721,-0.844721,NA,NA,NA,NA,NA,NA,NA,NA,NA,NA,NA,NA
NA,NA,NA,NA,NA,NA,NA,NA,NA,NA,NA,NA,NA,NA,NA,NA,73,2026-01-21,16:15:10,3,1,"Smith, Bryce",10170454,Left,CAR_EAG,"Gibson, Aiden",10011511,Right,CAR_EAG,Undefined,3,Bottom,1,0,0,Fastball,Changeup,BallCalled,Undefined,Undefined,Undefined,0,0,NA,82.36641,0.518776,2.815881,2190.892,134.869566,10:30:00,5.98371,-2.81006,5.80429,-33.07561,8.31221,-7.03422,3.7105,-0.77523,75.30915,-5.615665,1.557405,0.463028,NA,NA,NA,NA,NA,NA,NA,NA,NA,NA,NA,4.34996,4.51099,2.58279,50,6.00677,-5.59506,-119.49538,0.01809,6.28874,23.05723,-25.65251,CAR_EAG,CAR_EAG,CarsonNewman,TeamExclusive,Team,20260121-CarsonNewman-Private-1,468e9e80-f70e-11f0-ab51-7d94a826c0d5,81.40417,NA,NA,7.05727,NA,NA,NA,NA,NA,NA,12e7b950-fffd-45a9-b94a-b9563b4018a5,2026-01-21,21:15:10,2026-01-21T21:15:10Z,2026-01-21T21:15:10Z,NA,v3,CNE,CNE,NA,"Hammond, Kevin",10120878,Right,CAR_EAG,8b6805ae-a5ec-4cfe-ab6e-94b99a9e05cd,54.69501,-120.3979,11.52862,5.9864,1.02219,-12.82625,2.80661,-5.84122,3.14437,NA,NA,NA,NA,NA,NA,NA,NA,NA,NA,NA,NA,NA,NA,NA,NA,NA,NA,NA,NA,NA,NA,NA,NA,NA,NA,NA,NA,NA,NA,NA,NA,NA,NA,NA,NA,NA,NA,NA,NA,NA,NA,NA,NA,NA,NA,NA,NA,NA,NA,High,High,High,NA,NA,NA,NA,NA,126.452119,-65.119576,921.764974,0.420726,10:15:00,0.921396,0.330185,-0.204957,-32.863988,37.049007,-62.409527,0.230185,117.97895,-0.456549,59.249887,0.456549,-0.859405,-0.230185,26.75658,13.307988,0.859405,0.859405,-117.97895,-13.307988,0.230185,-59.249887,-26.75658,-0.230185,-0.859405,0.456549,-0.456549,NA,NA,NA,NA,NA,NA,NA,NA,NA,NA,NA,NA
NA,NA,NA,NA,NA,NA,NA,NA,NA,NA,NA,NA,NA,NA,NA,NA,74,2026-01-21,16:15:31,3,2,"Smith, Bryce",10170454,Left,CAR_EAG,"Gibson, Aiden",10011511,Right,CAR_EAG,Undefined,3,Bottom,1,1,0,Slider,Curveball,BallCalled,Undefined,Undefined,Undefined,0,0,NA,72.40862,2.67917,-0.239669,2090.285286,281.160014,03:15:00,6.01315,-2.21195,5.76327,-55.93098,-1.81323,18.46647,3.84776,-0.89616,65.86854,-7.621031,3.06721,0.52947,NA,NA,NA,NA,NA,NA,NA,NA,NA,NA,NA,-9.36571,-1.09862,2.221,50,6.20204,-0.23099,-105.0158,3.22698,-10.34359,19.61611,-33.38736,CAR_EAG,CAR_EAG,CarsonNewman,TeamExclusive,Team,20260121-CarsonNewman-Private-1,53599cf0-f70e-11f0-ab51-7d94a826c0d5,71.18901,NA,NA,6.54008,NA,NA,NA,NA,NA,NA,12e7b950-fffd-45a9-b94a-b9563b4018a5,2026-01-21,21:15:31,2026-01-21T21:15:31Z,2026-01-21T21:15:31Z,NA,v3,CNE,CNE,NA,"Hammond, Kevin",10120878,Right,CAR_EAG,f35a8eb6-4b2f-4c72-a17e-f750c4c3960c,54.73758,-105.89705,9.80805,6.02338,4.72688,-16.69368,2.22094,0.23369,-5.17179,NA,NA,NA,NA,NA,NA,NA,NA,NA,NA,NA,NA,NA,NA,NA,NA,NA,NA,NA,NA,NA,NA,NA,NA,NA,NA,NA,NA,NA,NA,NA,NA,NA,NA,NA,NA,NA,NA,NA,NA,NA,NA,NA,NA,NA,NA,NA,NA,NA,NA,High,High,High,NA,NA,NA,NA,NA,308.74448,-64.898774,886.738302,0.424219,04:15:00,0.890207,-0.372834,0.261775,51.671067,23.413607,-51.930842,0.742981,91.124921,-0.01314,42.004101,0.01314,-0.669184,-0.742981,88.986788,47.985952,0.669184,0.669184,-91.124921,-47.985952,0.742981,-42.004101,-88.986788,-0.742981,-0.669184,0.01314,-0.01314,NA,NA,NA,NA,NA,NA,NA,NA,NA,NA,NA,NA
NA,NA,NA,NA,NA,NA,NA,NA,NA,NA,NA,NA,NA,NA,NA,NA,75,2026-01-21,16:15:50,3,3,"Smith, Bryce",10170454,Left,CAR_EAG,"Gibson, Aiden",10011511,Right,CAR_EAG,Undefined,3,Bottom,1,2,0,Fastball,Slider,InPlay,Undefined,LineDrive,Out,1,0,NA,81.75982,-1.121147,1.682132,2149.587563,194.363434,12:30:00,6.08649,-2.23274,6.0212,-31.9747,9.64922,2.13362,2.38288,-0.49639,75.01511,-7.06312,2.066102,0.464347,92.6344,26.695338,-5.968151,2350.579973,109.50206,49.85931,-10.45416,345.77398,343.50792,-5.164337,4.596554,-0.62811,5.6765,2.09978,50,5.98118,-3.56713,-118.74429,-3.29699,-0.89546,23.05592,-24.08132,CAR_EAG,CAR_EAG,CarsonNewman,TeamExclusive,Team,20260121-CarsonNewman-Private-1,5e618ea0-f70e-11f0-ab51-7d94a826c0d5,81.17294,66.72503,NA,6.74471,NA,NA,NA,1.25255,2.49543,0.54824,12e7b950-fffd-45a9-b94a-b9563b4018a5,2026-01-21,21:15:50,2026-01-21T21:15:50Z,2026-01-21T21:15:50Z,FlyBall,v3,CNE,CNE,NA,"Hammond, Kevin",10120878,Right,CAR_EAG,05f2fdb9-8c18-4489-9a74-02fc856fe622,54.47963,-119.61091,11.52796,6.0881,-2.39183,-12.04066,2.23323,-3.53347,-0.44773,181.823221,1.25196,120.73812,-20.82178,4.78084,-1.11155,0.2628,-0.0514,0.00622,-3.2e-4,2.49717,60.99605,-15.80069,0.56462,0.17511,-0.12711,0.03483,-0.00447,2.2e-4,0.54832,-12.62269,2.51618,-0.5642,0.13249,-0.03205,0.00644,-7.9e-4,4e-5,NA,NA,NA,NA,NA,NA,NA,NA,NA,NA,NA,NA,NA,NA,NA,NA,NA,NA,NA,NA,NA,NA,High,High,High,High,High,NA,NA,NA,123.893754,-60.567391,1056.30629,0.4914,10:15:00,0.870459,0.424861,-0.248586,-111.860852,-8.151925,-28.316066,0.523683,179.335141,-0.851856,0.566398,0.851856,-0.009885,-0.523683,31.581359,31.579638,0.009885,0.009885,-179.335141,-31.579638,0.523683,-0.566398,-31.581359,-0.523683,-0.009885,0.851856,-0.851856,NA,NA,NA,NA,NA,NA,NA,NA,NA,NA,NA,NA
NA,NA,NA,NA,NA,NA,NA,NA,NA,NA,NA,NA,NA,NA,NA,NA,76,2026-01-21,16:16:31,4,1,"Smith, Bryce",10170454,Left,CAR_EAG,"Floyd, Logan",1000148156,Right,CAR_EAG,Undefined,3,Bottom,2,0,0,Slider,Curveball,BallCalled,Undefined,Undefined,Undefined,0,0,NA,75.25625,1.22371,-0.239217,2371.098592,324.598737,04:45:00,6.06125,-2.5972,5.53928,-56.73613,-6.71095,5.88213,2.4772,-2.33061,69.24231,-9.109022,0.811979,0.509056,NA,NA,NA,NA,NA,NA,NA,NA,NA,NA,NA,-3.02319,-3.19087,2.61403,50,6.12996,0.23402,-109.30732,0.47476,-3.64898,19.69334,-36.02541,CAR_EAG,CAR_EAG,CarsonNewman,TeamExclusive,Team,20260121-CarsonNewman-Private-1,7713e240-f70e-11f0-ab51-7d94a826c0d5,74.04378,NA,NA,6.01394,NA,NA,NA,NA,NA,NA,12e7b950-fffd-45a9-b94a-b9563b4018a5,2026-01-21,21:16:31,2026-01-21T21:16:31Z,2026-01-21T21:16:31Z,NA,v3,CNE,CNE,NA,"Hammond, Kevin",10120878,Right,CAR_EAG,ac94ec38-bc0d-40a5-ac6d-c1fab2d7d5b6,54.96331,-110.19791,9.84667,6.07165,2.10393,-18.01271,2.59972,0.39904,-1.82449,NA,NA,NA,NA,NA,NA,NA,NA,NA,NA,NA,NA,NA,NA,NA,NA,NA,NA,NA,NA,NA,NA,NA,NA,NA,NA,NA,NA,NA,NA,NA,NA,NA,NA,NA,NA,NA,NA,NA,NA,NA,NA,NA,NA,NA,NA,NA,NA,NA,NA,High,High,High,NA,NA,NA,NA,NA,316.426254,-68.900225,853.579222,0.359993,04:30:00,0.928524,-0.268007,0.256936,106.273835,-37.897927,30.999055,0.676804,179.602323,-0.736145,0.292754,0.736145,-0.005109,-0.676804,42.595092,42.594404,0.005109,0.005109,-179.602323,-42.594404,0.676804,-0.292754,-42.595092,-0.676804,-0.005109,0.736145,-0.736145,NA,NA,NA,NA,NA,NA,NA,NA,NA,NA,NA,NA
NA,NA,NA,NA,NA,NA,NA,NA,NA,NA,NA,NA,NA,NA,NA,NA,77,2026-01-21,16:16:50,4,2,"Smith, Bryce",10170454,Left,CAR_EAG,"Floyd, Logan",1000148156,Right,CAR_EAG,Undefined,3,Bottom,2,1,0,Fastball,Slider,StrikeCalled,Undefined,Undefined,Undefined,0,0,NA,82.50848,0.15355,2.162749,2246.574369,167.322101,11:30:00,5.9304500000000004,-2.32691,5.82616,-32.79147,8.91536,-1.67224,3.34068,-0.45468,74.58184,-5.96142,1.863218,0.46481,NA,NA,NA,NA,NA,NA,NA,NA,NA,NA,NA,1.53134,4.96067,2.15103,50,5.92401,-4.44792,-119.58846,-0.72449,2.18773,25.96299,-25.087,CAR_EAG,CAR_EAG,CarsonNewman,TeamExclusive,Team,20260121-CarsonNewman-Private-1,8282fa30-f70e-11f0-ab51-7d94a826c0d5,81.09221,NA,NA,7.92664,NA,NA,NA,NA,NA,NA,12e7b950-fffd-45a9-b94a-b9563b4018a5,2026-01-21,21:16:50,2026-01-21T21:16:50Z,2026-01-21T21:16:50Z,NA,v3,CNE,CNE,NA,"Hammond, Kevin",10120878,Right,CAR_EAG,d968b8ed-2405-416a-95c1-38dc2824eca6,54.67046,-120.59817,12.9815,5.93321,0.25115,-12.5435,2.32566,-4.533,1.09386,NA,NA,NA,NA,NA,NA,NA,NA,NA,NA,NA,NA,NA,NA,NA,NA,NA,NA,NA,NA,NA,NA,NA,NA,NA,NA,NA,NA,NA,NA,NA,NA,NA,NA,NA,NA,NA,NA,NA,NA,NA,NA,NA,NA,NA,NA,NA,NA,NA,NA,High,High,High,NA,NA,NA,NA,NA,111.339278,-74.030258,618.099285,0.27513,09:45:00,0.965183,0.25369,-0.063738,-14.440927,42.895418,-48.861056,0.36862,120.415677,-0.470618,53.287665,0.470618,-0.801647,-0.36862,38.070416,21.630516,0.801647,0.801647,-120.415677,-21.630516,0.36862,-53.287665,-38.070416,-0.36862,-0.801647,0.470618,-0.470618,NA,NA,NA,NA,NA,NA,NA,NA,NA,NA,NA,NA
NA,NA,NA,NA,NA,NA,NA,NA,NA,NA,NA,NA,NA,NA,NA,NA,78,2026-01-21,16:17:10,4,3,"Smith, Bryce",10170454,Left,CAR_EAG,"Floyd, Logan",1000148156,Right,CAR_EAG,Undefined,3,Bottom,2,1,1,Fastball,Cutter,BallCalled,Undefined,Undefined,Undefined,0,0,NA,82.71697,1.151189,2.112894,2279.669063,190.177448,12:15:00,5.84941,-2.47249,5.87046,-31.44951,9.65154,1.49146,4.29882,-0.38466,75.24404,-4.714779,2.380076,0.461421,NA,NA,NA,NA,NA,NA,NA,NA,NA,NA,NA,-0.13787,5.02189,2.30053,50,5.92466,-4.487,-119.98073,1.41979,-0.2,24.26312,-24.88916,CAR_EAG,CAR_EAG,CarsonNewman,TeamExclusive,Team,20260121-CarsonNewman-Private-1,8deb0d40-f70e-11f0-ab51-7d94a826c0d5,81.68767,NA,NA,7.47294,NA,NA,NA,NA,NA,NA,12e7b950-fffd-45a9-b94a-b9563b4018a5,2026-01-21,21:17:10,2026-01-21T21:17:10Z,2026-01-21T21:17:10Z,NA,v3,CNE,CNE,NA,"Hammond, Kevin",10120878,Right,CAR_EAG,c76c7a4a-be54-4529-a34f-61b13a024042,54.62713,-120.91284,12.13156,5.85175,2.37594,-12.44458,2.47276,-4.47932,-0.1,NA,NA,NA,NA,NA,NA,NA,NA,NA,NA,NA,NA,NA,NA,NA,NA,NA,NA,NA,NA,NA,NA,NA,NA,NA,NA,NA,NA,69.44882,1.745092,0.740966,1.004126,-2.74711,3.9362,0.21083,-1.70943,5.93326,1.45571,70.56557,7.82563,-54.22852,-1.64155,77.76011,-5.80526,5.98292,15.82897,-13.91976,1.37023,-61.7705,6.34839,High,High,High,NA,NA,High,High,High,113.479984,-66.914614,893.863914,0.392102,09:45:00,0.932091,0.341082,-0.121943,-22.977526,49.447733,-46.757705,0.346118,126.370607,-0.556353,49.062912,0.556353,-0.755429,-0.346118,31.886588,20.250082,0.755429,0.755429,-126.370607,-20.250082,0.346118,-49.062912,-31.886588,-0.346118,-0.755429,0.556353,-0.556353,NA,NA,NA,NA,NA,NA,NA,NA,NA,NA,NA,NA
NA,NA,NA,NA,NA,NA,NA,NA,NA,NA,NA,NA,NA,NA,NA,NA,79,2026-01-21,16:17:39,4,4,"Smith, Bryce",10170454,Left,CAR_EAG,"Floyd, Logan",1000148156,Right,CAR_EAG,Undefined,3,Bottom,2,2,1,Slider,Curveball,StrikeCalled,Undefined,Undefined,Undefined,0,0,NA,74.23047,1.534777,0.697907,2216.205335,288.565752,03:30:00,6.00989,-2.69904,5.58144,-54.84286,-2.98791,14.15831,2.87349,-0.86735,67.63436,-8.508634,3.226653,0.518282,NA,NA,NA,NA,NA,NA,NA,NA,NA,NA,NA,-6.88611,-1.38713,2.62982,50,6.10663,-1.84365,-107.679,1.14217,-7.98561,20.84109,-33.78268,CAR_EAG,CAR_EAG,CarsonNewman,TeamExclusive,Team,20260121-CarsonNewman-Private-1,9f35a060-f70e-11f0-ab51-7d94a826c0d5,72.72567,NA,NA,6.59611,NA,NA,NA,NA,NA,NA,12e7b950-fffd-45a9-b94a-b9563b4018a5,2026-01-21,21:17:39,2026-01-21T21:17:39Z,2026-01-21T21:17:39Z,NA,v3,CNE,CNE,NA,"Hammond, Kevin",10120878,Right,CAR_EAG,cbe5513e-c834-4481-aeb3-1a0a7b8cf003,54.91919,-108.62693,10.42054,6.01973,2.67873,-16.89134,2.70542,-1.48044,-3.99281,NA,NA,NA,NA,NA,NA,NA,NA,NA,NA,NA,NA,NA,NA,NA,NA,NA,NA,NA,NA,NA,NA,NA,NA,NA,NA,NA,NA,NA,NA,NA,NA,NA,NA,NA,NA,NA,NA,NA,NA,NA,NA,NA,NA,NA,NA,NA,NA,NA,NA,High,High,High,NA,NA,NA,NA,NA,317.225732,-68.448662,814.089234,0.367335,04:30:00,0.919721,-0.274283,0.28086,29.501331,14.905029,-45.355672,0.74087,107.027235,-0.196676,39.956608,0.196676,-0.642207,-0.74087,75.132789,47.805572,0.642207,0.642207,-107.027235,-47.805572,0.74087,-39.956608,-75.132789,-0.74087,-0.642207,0.196676,-0.196676,NA,NA,NA,NA,NA,NA,NA,NA,NA,NA,NA,NA
NA,NA,NA,NA,NA,NA,NA,NA,NA,NA,NA,NA,NA,NA,NA,NA,80,2026-01-21,16:17:56,4,5,"Smith, Bryce",10170454,Left,CAR_EAG,"Floyd, Logan",1000148156,Right,CAR_EAG,Undefined,3,Bottom,2,2,2,Fastball,Slider,StrikeSwinging,Strikeout,Undefined,Undefined,0,0,NA,84.57858,0.872554,3.228608,2363.508913,166.109623,11:30:00,6.04491,-2.68782,5.85033,-32.43695,6.85815,-1.38536,4.15401,0.20007,77.16522,-5.144998,2.98086,0.45117,NA,NA,NA,NA,NA,NA,NA,NA,NA,NA,NA,1.6211,3.65988,2.42583,50,6.09719,-6.8604,-122.62885,0.79904,2.46315,24.74372,-26.61319,CAR_EAG,CAR_EAG,CarsonNewman,TeamExclusive,Team,20260121-CarsonNewman-Private-1,a9b57650-f70e-11f0-ab51-7d94a826c0d5,83.54372,NA,NA,7.41336,NA,NA,NA,NA,NA,NA,12e7b950-fffd-45a9-b94a-b9563b4018a5,2026-01-21,21:17:56,2026-01-21T21:17:56Z,2026-01-21T21:17:56Z,NA,v3,CNE,CNE,NA,"Hammond, Kevin",10120878,Right,CAR_EAG,88e6aff9-ea77-46e5-a2ce-855e29cf21d2,54.64849,-123.56325,12.37186,6.04803,1.80403,-13.30659,2.68666,-6.95342,1.23157,NA,NA,NA,NA,NA,NA,NA,NA,NA,NA,NA,NA,NA,NA,NA,NA,NA,NA,NA,NA,NA,NA,NA,NA,NA,NA,NA,NA,NA,NA,NA,NA,NA,NA,NA,NA,NA,NA,NA,NA,NA,NA,NA,NA,NA,NA,NA,NA,NA,NA,High,High,High,NA,NA,NA,NA,NA,107.728467,-71.949956,732.327483,0.309848,09:30:00,0.958968,0.28062,-0.040406,-82.727359,-6.661173,-33.264947,0.638974,164.109649,-0.739834,12.158249,0.739834,-0.210613,-0.638974,40.816282,39.715385,0.210613,0.210613,-164.109649,-39.715385,0.638974,-12.158249,-40.816282,-0.638974,-0.210613,0.739834,-0.739834,NA,NA,NA,NA,NA,NA,NA,NA,NA,NA,NA,NA
NA,NA,NA,NA,NA,NA,NA,NA,NA,NA,NA,NA,NA,NA,NA,NA,81,2026-01-21,16:20:09,1,1,"Rosalia, Robert",1000358948,Left,CAR_EAG,"Hornbuckle, Kylan",1000106804,Right,CAR_EAG,Undefined,4,Top,0,0,0,Fastball,Changeup,BallCalled,Undefined,Undefined,Undefined,0,0,NA,76.49477,-0.351079,0.427665,1711.449979,182.513964,12:00:00,6.1186,-1.55501,6.52256,-29.12706,17.42099,0.70051,3.36921,-1.10424,70.12705,-5.873413,0.554919,0.491046,NA,NA,NA,NA,NA,NA,NA,NA,NA,NA,NA,-0.24705,9.68229,1.52499,50,6.08138,-0.85362,-111.21836,-1.39015,-0.30942,19.96819,-20.04798,CAR_EAG,CAR_EAG,CarsonNewman,TeamExclusive,Team,20260121-CarsonNewman-Private-1,f8fcb840-f70e-11f0-ab51-7d94a826c0d5,76.75947,NA,NA,6.36772,NA,NA,NA,NA,NA,NA,12e7b950-fffd-45a9-b94a-b9563b4018a5,2026-01-21,21:20:09,2026-01-21T21:20:09Z,2026-01-21T21:20:09Z,NA,v3,CNE,CNE,NA,"Cochran, Carson",10085797,Right,CAR_EAG,507cb2d0-acc7-47ca-8fc8-72949218fff9,53.9763,-111.92998,9.98409,6.11819,-0.67568,-10.02399,1.55521,-0.84259,-0.15471,NA,NA,NA,NA,NA,NA,NA,NA,NA,NA,NA,NA,NA,NA,NA,NA,NA,NA,NA,NA,NA,NA,NA,NA,NA,NA,NA,NA,NA,NA,NA,NA,NA,NA,NA,NA,NA,NA,NA,NA,NA,NA,NA,NA,NA,NA,NA,NA,NA,NA,High,High,High,NA,NA,NA,NA,NA,164.064789,-31.824801,1454.158324,0.849665,11:30:00,0.531968,0.236502,-0.813066,41.870932,-3.69463,-18.166258,-0.268944,156.865762,-0.885706,-22.235299,0.885706,-0.378411,0.268944,16.890874,-15.601427,0.378411,-0.378411,-156.865762,15.601427,0.268944,22.235299,-16.890874,-0.268944,0.378411,0.885706,-0.885706,NA,NA,NA,NA,NA,NA,NA,NA,NA,NA,NA,NA
NA,NA,NA,NA,NA,NA,NA,NA,NA,NA,NA,NA,NA,NA,NA,NA,82,2026-01-21,16:20:28,1,2,"Rosalia, Robert",1000358948,Left,CAR_EAG,"Hornbuckle, Kylan",1000106804,Right,CAR_EAG,Undefined,4,Top,0,1,0,Fastball,Slider,StrikeSwinging,Undefined,Undefined,Undefined,0,0,NA,77.08116,-2.251749,2.160144,1759.197794,198.940074,12:45:00,6.11463,-1.38662,6.43869,-32.21254,13.71658,4.2287,1.35841,0.95183,71.29502,-8.262576,2.926848,0.48777,NA,NA,NA,NA,NA,NA,NA,NA,NA,NA,NA,-1.63906,8.21878,1.23131,50,5.93987,-4.36401,-111.96245,-5.24605,-2.08886,19.46011,-21.69985,CAR_EAG,CAR_EAG,CarsonNewman,TeamExclusive,Team,20260121-CarsonNewman-Private-1,042ec730-f70f-11f0-ab51-7d94a826c0d5,77.27497,NA,NA,5.78615,NA,NA,NA,NA,NA,NA,12e7b950-fffd-45a9-b94a-b9563b4018a5,2026-01-21,21:20:28,2026-01-21T21:20:28Z,2026-01-21T21:20:28Z,NA,v3,CNE,CNE,NA,"Cochran, Carson",10085797,Right,CAR_EAG,7d227e9d-1770-4521-91bd-fae7eadb52a9,54.06185,-112.66623,9.73006,6.1154,-4.46128,-10.84993,1.38777,-4.28846,-1.04443,NA,NA,NA,NA,NA,NA,NA,NA,NA,NA,NA,NA,NA,NA,NA,NA,NA,NA,NA,NA,NA,NA,NA,NA,NA,NA,NA,NA,NA,NA,NA,NA,NA,NA,NA,NA,NA,NA,NA,NA,NA,NA,NA,NA,NA,NA,NA,NA,NA,NA,High,High,High,NA,NA,NA,NA,NA,166.377211,-38.971825,1367.697704,0.777455,11:30:00,0.649296,0.207683,-0.73163,49.306432,-12.140236,-15.123722,-0.391985,153.782966,-0.825332,-23.980036,0.825332,-0.406418,0.391985,25.40501,-23.078048,0.406418,-0.406418,-153.782966,23.078048,0.391985,23.980036,-25.40501,-0.391985,0.406418,0.825332,-0.825332,NA,NA,NA,NA,NA,NA,NA,NA,NA,NA,NA,NA
NA,NA,NA,NA,NA,NA,NA,NA,NA,NA,NA,NA,NA,NA,NA,NA,83,2026-01-21,16:20:48,1,3,"Rosalia, Robert",1000358948,Left,CAR_EAG,"Hornbuckle, Kylan",1000106804,Right,CAR_EAG,Undefined,4,Top,0,1,1,Curveball,Curveball,BallCalled,Undefined,Undefined,Undefined,0,0,NA,66.17951,3.768874,-0.228956,1962.877214,332.728262,05:00:00,6.05866,-1.85905,5.17837,-79.49174,-13.18123,7.94811,2.98591,-1.41215,60.53117,-10.610514,1.180728,0.586088,NA,NA,NA,NA,NA,NA,NA,NA,NA,NA,NA,-3.99217,-6.92142,1.87414,50,6.34953,0.10304,-95.86445,3.88457,-3.67434,16.33497,-38.54446,CAR_EAG,CAR_EAG,CarsonNewman,TeamExclusive,Team,20260121-CarsonNewman-Private-1,10428390-f70f-11f0-ab51-7d94a826c0d5,64.31194,NA,NA,5.64834,NA,NA,NA,NA,NA,NA,12e7b950-fffd-45a9-b94a-b9563b4018a5,2026-01-21,21:20:48,2026-01-21T21:20:48Z,2026-01-21T21:20:48Z,NA,v3,CNE,CNE,NA,"Cochran, Carson",10085797,Right,CAR_EAG,3798c6da-1529-4faa-b602-0d3b4abf02b6,55.32651,-96.76781,8.16749,6.07576,6.01616,-19.27223,1.86282,0.30624,-1.83717,NA,NA,NA,NA,NA,NA,NA,NA,NA,NA,NA,NA,NA,NA,NA,NA,NA,NA,NA,NA,NA,NA,NA,NA,NA,NA,NA,NA,NA,NA,NA,NA,NA,NA,NA,NA,NA,NA,NA,NA,NA,NA,NA,NA,NA,NA,NA,NA,NA,NA,High,High,High,NA,NA,NA,NA,NA,332.2282,-35.400236,1599.991087,0.815125,05:00:00,0.555944,-0.417065,0.719016,9.726387,-37.758236,78.686089,-0.203027,149.913009,-0.847244,-29.398007,0.847244,-0.490873,0.203027,13.475831,-11.714052,0.490873,-0.490873,-149.913009,11.714052,0.203027,29.398007,-13.475831,-0.203027,0.490873,0.847244,-0.847244,NA,NA,NA,NA,NA,NA,NA,NA,NA,NA,NA,NA
NA,NA,NA,NA,NA,NA,NA,NA,NA,NA,NA,NA,NA,NA,NA,NA,84,2026-01-21,16:21:08,1,4,"Rosalia, Robert",1000358948,Left,CAR_EAG,"Hornbuckle, Kylan",1000106804,Right,CAR_EAG,Undefined,4,Top,0,2,1,Fastball,Changeup,FoulBallNotFieldable,Undefined,Undefined,Undefined,0,0,NA,78.24609,-0.688567,0.764637,1694.208192,165.784263,11:30:00,6.0659,-1.56195,6.08775,-32.53573,12.85316,-2.88252,2.71751,-1.09475,71.59426,-6.772337,0.245007,0.484893,84.98475,37.529415,30.506317,4620.582097,87.66324,72.50389,66.44648,279.3081,129.32241,45.649541,4.906728,1.71583,7.26859,1.50448,50,5.99553,-1.41453,-113.67298,-2.28444,2.23644,21.58359,-22.70001,CAR_EAG,CAR_EAG,CarsonNewman,TeamExclusive,Team,20260121-CarsonNewman-Private-1,1be99b70-f70f-11f0-ab51-7d94a826c0d5,77.73349,83.92271,NA,6.65183,NA,NA,NA,1.45055,2.7384,1.08406,12e7b950-fffd-45a9-b94a-b9563b4018a5,2026-01-21,21:21:08,2026-01-21T21:21:08Z,2026-01-21T21:21:08Z,FlyBall,v3,CNE,CNE,NA,"Cochran, Carson",10085797,Right,CAR_EAG,50cb62dc-d0f1-4c1c-abf7-588222be6f92,54.41262,-114.50776,10.79179,6.06691,-1.40648,-11.35,1.56087,-1.50103,1.11822,215.134232,1.45738,85.02041,-22.48923,5.18968,-0.58903,-0.08403,0.03813,-0.00432,1.5e-4,2.7393,75.8987,-19.70894,0.58571,0.50588,-0.31294,0.09222,-0.01321,7.3e-4,1.0851,50.15477,-1.68471,-0.8694,0.54596,-0.19446,0.04377,-0.00542,2.8e-4,NA,NA,NA,NA,NA,NA,NA,NA,NA,NA,NA,NA,NA,NA,NA,NA,NA,NA,NA,NA,NA,NA,High,High,High,High,Low,NA,NA,NA,165.108319,-35.778892,1374.475976,0.811279,11:30:00,0.592522,0.215504,-0.776193,22.609353,-21.443885,22.360443,-0.390622,160.818246,-0.869443,-17.605517,0.869443,-0.302462,0.390622,24.193366,-22.993221,0.302462,-0.302462,-160.818246,22.993221,0.390622,17.605517,-24.193366,-0.390622,0.302462,0.869443,-0.869443,NA,NA,NA,NA,NA,NA,NA,NA,NA,NA,NA,NA
NA,NA,NA,NA,NA,NA,NA,NA,NA,NA,NA,NA,NA,NA,NA,NA,85,2026-01-21,16:21:45,1,5,"Rosalia, Robert",1000358948,Left,CAR_EAG,"Evans, Colton",10278429,Right,CAR_EAG,Undefined,4,Top,0,2,2,Curveball,Curveball,InPlay,Undefined,GroundBall,Out,1,0,NA,67.75682,2.543334,1.937335,2173.060467,318.504178,04:30:00,6.08877,-1.82241,5.28533,-72.45677,-9.81709,10.44359,2.4421,0.86794,62.43917,-10.558843,3.79173,0.569634,72.30278,-4.010273,-34.52464,3233.456869,NA,NA,NA,28.43672,28.43672,-35.389505,0.247157,-4.69567,-5.19819,1.6376,50,6.26708,-3.67805,-98.26862,2.18947,-4.56281,16.48494,-37.22518,CAR_EAG,CAR_EAG,CarsonNewman,TeamExclusive,Team,20260121-CarsonNewman-Private-1,321d3370-f70f-11f0-ab51-7d94a826c0d5,66.16953,3.01416,NA,5.31765,NA,NA,NA,2.62736,3.01416,-1.2283,12e7b950-fffd-45a9-b94a-b9563b4018a5,2026-01-21,21:21:45,2026-01-21T21:21:45Z,2026-01-21T21:21:45Z,GroundBall,v3,CNE,CNE,NA,"Cochran, Carson",10085797,Right,CAR_EAG,98a8e225-408f-453a-b642-3723aa92229c,55.22011,-99.14045,8.24247,6.09923,4.15816,-18.61259,1.82574,-3.43675,-2.28141,NA,2.62765,87.13816,-16.07838,NA,NA,NA,NA,NA,NA,3.01522,-7.47278,-19.14195,NA,NA,NA,NA,NA,NA,-1.22671,-60.03967,-6.61746,NA,NA,NA,NA,NA,NA,NA,NA,NA,NA,NA,NA,NA,NA,NA,NA,NA,NA,NA,NA,NA,NA,NA,NA,NA,NA,NA,NA,High,High,High,High,High,NA,NA,NA,327.977869,-45.325498,1527.831691,0.703078,05:00:00,0.67332,-0.403993,0.619217,16.682813,-41.737515,71.250379,-0.288215,143.42114,-0.768961,-34.794924,0.768961,-0.570641,0.288215,20.546546,-16.751121,0.570641,-0.570641,-143.42114,16.751121,0.288215,34.794924,-20.546546,-0.288215,0.570641,0.768961,-0.768961,NA,NA,NA,NA,NA,NA,NA,NA,NA,NA,NA,NA
NA,NA,NA,NA,NA,NA,NA,NA,NA,NA,NA,NA,NA,NA,NA,NA,86,2026-01-21,16:22:19,2,1,"Rosalia, Robert",1000358948,Left,CAR_EAG,"Kilgore, Tanner",814348,Right,CAR_EAG,Undefined,4,Top,1,0,0,Curveball,Curveball,BallCalled,Undefined,Undefined,Undefined,0,0,NA,65.30307,0.628382,1.366002,2018.604254,321.435248,04:45:00,5.98613,-1.8519,5.18619,-79.77386,-12.05036,11.34316,-0.0703,0.3788,60.70739,-13.668173,3.385675,0.592299,NA,NA,NA,NA,NA,NA,NA,NA,NA,NA,NA,-5.26922,-5.61481,1.71596,50,5.98355,-2.63709,-94.80348,-1.31783,-4.74875,15.81257,-37.23425,CAR_EAG,CAR_EAG,CarsonNewman,TeamExclusive,Team,20260121-CarsonNewman-Private-1,463edb60-f70f-11f0-ab51-7d94a826c0d5,63.63752,NA,NA,4.59568,NA,NA,NA,NA,NA,NA,12e7b950-fffd-45a9-b94a-b9563b4018a5,2026-01-21,21:22:19,2026-01-21T21:22:19Z,2026-01-21T21:22:19Z,NA,v3,CNE,CNE,NA,"Cochran, Carson",10085797,Right,CAR_EAG,fc220c8b-31d0-41f7-8b76-2c247da2de59,55.32006,-95.68671,7.90629,5.99908,0.76194,-18.61712,1.85585,-2.37184,-2.37438,NA,NA,NA,NA,NA,NA,NA,NA,NA,NA,NA,NA,NA,NA,NA,NA,NA,NA,NA,NA,NA,NA,NA,NA,NA,NA,NA,NA,NA,NA,NA,NA,NA,NA,NA,NA,NA,NA,NA,NA,NA,NA,NA,NA,NA,NA,NA,NA,NA,NA,High,High,High,NA,NA,NA,NA,NA,332.770459,-42.033713,1499.3202900000001,0.742751,05:00:00,0.649867,-0.347173,0.676124,6.088393,-12.301289,67.351052,-0.075532,138.748673,-0.749677,-41.107939,0.749677,-0.65748,0.075532,5.753327,-4.331817,0.65748,-0.65748,-138.748673,4.331817,0.075532,41.107939,-5.753327,-0.075532,0.65748,0.749677,-0.749677,NA,NA,NA,NA,NA,NA,NA,NA,NA,NA,NA,NA
NA,NA,NA,NA,NA,NA,NA,NA,NA,NA,NA,NA,NA,NA,NA,NA,87,2026-01-21,16:22:39,2,2,"Rosalia, Robert",1000358948,Left,CAR_EAG,"Kilgore, Tanner",814348,Right,CAR_EAG,Undefined,4,Top,1,1,0,Fastball,Changeup,InPlay,Undefined,GroundBall,Out,1,0,NA,78.03265,-0.635465,0.860612,1721.402928,185.683641,12:15:00,6.07606,-1.38644,6.60298,-30.00868,14.60733,1.31374,2.99309,-0.48849,71.57036,-6.311426,1.099661,0.480747,95.4778,-15.047266,10.837519,NA,NA,NA,NA,11.64785,11.51254,12.062131,0.081191,-0.45087,8.29595,1.32726,50,6.02013,-1.74804,-113.4748,-2.00933,-0.5872,20.98468,-21.36932,CAR_EAG,CAR_EAG,CarsonNewman,TeamExclusive,Team,20260121-CarsonNewman-Private-1,5285dcc0-f70f-11f0-ab51-7d94a826c0d5,78.40387,2.89995,NA,6.46229,NA,NA,NA,0.67011,2.89995,0.4135,12e7b950-fffd-45a9-b94a-b9563b4018a5,2026-01-21,21:22:39,2026-01-21T21:22:39Z,2026-01-21T21:22:39Z,GroundBall,v3,CNE,CNE,NA,"Cochran, Carson",10085797,Right,CAR_EAG,d39d832d-e28d-4bae-aee2-cf77ffbb6401,53.8973,-114.19325,10.49234,6.0764,-1.27772,-10.68466,1.38677,-1.72794,-0.2936,167.197073,0.67012,132.81881,-9.57118,NA,NA,NA,NA,NA,NA,2.89988,-36.34321,7.72795,NA,NA,NA,NA,NA,NA,0.41353,25.42301,-6.61151,NA,NA,NA,NA,NA,NA,NA,NA,NA,NA,NA,NA,NA,NA,NA,NA,NA,NA,NA,NA,NA,NA,NA,NA,NA,NA,NA,NA,High,High,High,High,High,NA,NA,NA,164.713483,-31.879175,1461.752888,0.849164,11:30:00,0.537858,0.229722,-0.811133,42.36074,-7.38951,-21.655163,-0.273664,161.368295,-0.911418,-17.895841,0.911418,-0.307288,0.273664,16.712996,-15.882402,0.307288,-0.307288,-161.368295,15.882402,0.273664,17.895841,-16.712996,-0.273664,0.307288,0.911418,-0.911418,NA,NA,NA,NA,NA,NA,NA,NA,NA,NA,NA,NA
NA,NA,NA,NA,NA,NA,NA,NA,NA,NA,NA,NA,NA,NA,NA,NA,88,2026-01-21,16:23:09,3,1,"Rosalia, Robert",1000358948,Left,CAR_EAG,"Hubbard, Ian",10071315,Left,CAR_EAG,Undefined,4,Top,2,0,0,Fastball,Changeup,HitByPitch,Undefined,Undefined,Undefined,0,0,NA,78.3341,0.969187,0.409111,1760.360327,162.846998,11:30:00,6.1996,-1.64557,5.98963,-30.81773,14.65103,-4.06981,4.52982,-1.60554,71.41373,-4.818613,-0.322548,0.48532,NA,NA,NA,NA,NA,NA,NA,NA,NA,NA,NA,2.22236,7.68304,1.6156,50,6.25906,-0.66542,-113.77748,1.0555,2.90158,21.65247,-22.1429,CAR_EAG,CAR_EAG,CarsonNewman,TeamExclusive,Team,20260121-CarsonNewman-Private-1,64271b60-f70f-11f0-ab51-7d94a826c0d5,77.66517,NA,NA,6.92037,NA,NA,NA,NA,NA,NA,12e7b950-fffd-45a9-b94a-b9563b4018a5,2026-01-21,21:23:09,2026-01-21T21:23:09Z,2026-01-21T21:23:09Z,NA,v3,CNE,CNE,NA,"Cochran, Carson",10085797,Right,CAR_EAG,f7084a21-d748-456e-a59f-f4fa637a763a,54.51069,-114.63267,10.82624,6.2001,1.93007,-11.07145,1.64414,-0.78003,1.45079,NA,NA,NA,NA,NA,NA,NA,NA,NA,NA,NA,NA,NA,NA,NA,NA,NA,NA,NA,NA,NA,NA,NA,NA,NA,NA,NA,NA,NA,NA,NA,NA,NA,NA,NA,NA,NA,NA,NA,NA,NA,NA,NA,NA,NA,NA,NA,NA,NA,NA,High,High,High,NA,NA,NA,NA,NA,162.505463,-34.332275,1453.671632,0.825781,11:30:00,0.573719,0.238667,-0.783508,25.695754,-24.048884,7.711345,-0.272146,166.220534,-0.934562,-13.2497,0.934562,-0.229195,0.272146,16.235684,-15.792042,0.229195,-0.229195,-166.220534,15.792042,0.272146,13.2497,-16.235684,-0.272146,0.229195,0.934562,-0.934562,NA,NA,NA,NA,NA,NA,NA,NA,NA,NA,NA,NA
NA,NA,NA,NA,NA,NA,NA,NA,NA,NA,NA,NA,NA,NA,NA,NA,89,2026-01-21,16:23:42,4,1,"Rosalia, Robert",1000358948,Left,CAR_EAG,"Alexander, Trace",10000832,Right,CAR_EAG,Undefined,4,Top,2,0,0,Fastball,Changeup,BallCalled,Undefined,Undefined,Undefined,1,0,NA,76.065,-0.587794,0.237438,1686.039061,166.547483,11:30:00,6.1639099999999996,-1.54285,6.37083,-29.98498,17.46036,-3.81114,3.12427,-1.64196,69.63969,-6.25525,-0.453049,0.495756,NA,NA,NA,NA,NA,NA,NA,NA,NA,NA,NA,2.03949,9.73284,1.52729,50,6.1074,-0.3266,-110.53486,-1.8848800000000001,2.51892,20.01705,-20.15325,CAR_EAG,CAR_EAG,CarsonNewman,TeamExclusive,Team,20260121-CarsonNewman-Private-1,77a9eb40-f70f-11f0-ab51-7d94a826c0d5,76.03016,NA,NA,6.42531,NA,NA,NA,NA,NA,NA,12e7b950-fffd-45a9-b94a-b9563b4018a5,2026-01-21,21:23:42,2026-01-21T21:23:42Z,2026-01-21T21:23:42Z,NA,v3,CNE,CNE,NA,"Cochran, Carson",10085797,Right,CAR_EAG,61d6c57a-4774-4153-9f31-b587bf49fc72,54.12696,-111.27971,10.00853,6.16358,-1.13496,-10.07663,1.54118,-0.42033,1.25946,NA,NA,NA,NA,NA,NA,NA,NA,NA,NA,NA,NA,NA,NA,NA,NA,NA,NA,NA,NA,NA,NA,NA,NA,NA,NA,NA,NA,73.42763,NA,0.619725,NA,-1.95357,2.74259,1.66991,-2.29635,5.65163,3.31644,NA,NA,NA,-2.23652,106.35519,-8.46715,5.69208,10.15997,-14.44289,3.28258,-2.95481,3.07735,High,High,High,NA,NA,High,High,Medium,162.838878,-29.76141,1463.650471,0.8681,11:30:00,0.497169,0.26122,-0.827398,29.813598,-0.109182,-16.963776,-0.069262,156.510278,-0.914929,-23.429937,0.914929,-0.397627,0.069262,4.329133,-3.971584,0.397627,-0.397627,-156.510278,3.971584,0.069262,23.429937,-4.329133,-0.069262,0.397627,0.914929,-0.914929,NA,NA,NA,NA,NA,NA,NA,NA,NA,NA,NA,NA
NA,NA,NA,NA,NA,NA,NA,NA,NA,NA,NA,NA,NA,NA,NA,NA,90,2026-01-21,16:26:19,1,1,"Rowland, Bryson",10323022,Left,CAR_EAG,"Nathan, Cole",1000323259,Right,CAR_EAG,Undefined,4,Bottom,0,0,0,Fastball,Changeup,BallCalled,Undefined,Undefined,Undefined,0,0,NA,81.9915,-2.057943,1.281038,2371.040876,144.691041,10:45:00,6.04702,-1.66453,5.39065,-22.49265,20.14824,-13.23709,2.24247,-1.56675,74.63741,-6.275797,-1.073155,0.469986,NA,NA,NA,NA,NA,NA,NA,NA,NA,NA,NA,6.99347,11.14623,1.55958,50,5.84769,-2.10217,-118.83899,-4.95051,9.94473,23.97431,-16.3241,CAR_EAG,CAR_EAG,CarsonNewman,TeamExclusive,Team,20260121-CarsonNewman-Private-1,d5acff20-f70f-11f0-ab51-7d94a826c0d5,80.19914,NA,NA,7.35408,NA,NA,NA,NA,NA,NA,12e7b950-fffd-45a9-b94a-b9563b4018a5,2026-01-21,21:26:19,2026-01-21T21:26:19Z,2026-01-21T21:26:19Z,NA,v3,CNE,CNE,NA,"Hammond, Kevin",10120878,Right,CAR_EAG,f6cefa45-f726-402e-a654-315e463785db,55.10766,-119.86497,11.98716,6.0446,-4.25192,-8.16205,1.65865,-2.52776,4.97237,NA,NA,NA,NA,NA,NA,NA,NA,NA,NA,NA,NA,NA,NA,NA,NA,NA,NA,NA,NA,NA,NA,NA,NA,NA,NA,NA,NA,NA,NA,NA,NA,NA,NA,NA,NA,NA,NA,NA,NA,NA,NA,NA,NA,NA,NA,NA,NA,NA,NA,High,High,High,NA,NA,NA,NA,NA,148.890242,-30.323702,2046.651109,0.863187,11:00:00,0.504944,0.463833,-0.727936,-16.114519,-25.672548,72.50818,-0.075459,167.25543,-0.972582,-12.707625,0.972582,-0.219976,0.075459,4.436465,-4.327586,0.219976,-0.219976,-167.25543,4.327586,0.075459,12.707625,-4.436465,-0.075459,0.219976,0.972582,-0.972582,NA,NA,NA,NA,NA,NA,NA,NA,NA,NA,NA,NA
NA,NA,NA,NA,NA,NA,NA,NA,NA,NA,NA,NA,NA,NA,NA,NA,91,2026-01-21,16:26:36,1,2,"Rowland, Bryson",10323022,Left,CAR_EAG,"Nathan, Cole",1000323259,Right,CAR_EAG,Undefined,4,Bottom,0,1,0,Fastball,Changeup,FoulBallNotFieldable,Undefined,Undefined,Undefined,0,0,NA,81.48299,-1.841513,3.044522,2460.953231,150.647828,11:00:00,6.05732,-1.57267,5.78752,-23.38497,19.09966,-9.94312,2.39232,0.43385,74.35262,-6.243322,1.266385,0.469124,95.59544,-44.659175,-97.382972,NA,NA,NA,NA,3.34787,2.14003,-57.980187,0.024904,5.9713,10.70367,1.32773,50,5.89144,-5.8976,-118.11292,-4.47299,8.40615,23.22419,-17.10589,CAR_EAG,CAR_EAG,CarsonNewman,TeamExclusive,Team,20260121-CarsonNewman-Private-1,dfc03090-f70f-11f0-ab51-7d94a826c0d5,80.34651,2.45897,NA,7.13036,NA,NA,NA,2.09484,2.45897,-0.37077,12e7b950-fffd-45a9-b94a-b9563b4018a5,2026-01-21,21:26:36,2026-01-21T21:26:36Z,2026-01-21T21:26:36Z,GroundBall,v3,CNE,CNE,NA,"Hammond, Kevin",10120878,Right,CAR_EAG,6a8c636a-69cb-43b5-871d-1c38bdaa162e,54.71283,-119.03598,11.61209,6.05571,-3.7931,-8.55294,1.56877,-6.23171,4.20308,NA,2.09494,-12.83984,NA,NA,NA,NA,NA,NA,NA,2.45973,-98.7385,NA,NA,NA,NA,NA,NA,NA,-0.37001,-99.09184,NA,NA,NA,NA,NA,NA,NA,NA,NA,NA,NA,NA,NA,NA,NA,NA,NA,NA,NA,NA,NA,NA,NA,NA,NA,NA,NA,NA,NA,High,High,High,Low,Low,NA,NA,NA,150.546572,-32.907537,2066.089363,0.839548,11:00:00,0.567818,0.430065,-0.701874,14.732109,-36.598717,36.806183,-0.247484,170.909937,-0.956724,-8.805005,0.956724,-0.153072,0.247484,14.503257,-14.328659,0.153072,-0.153072,-170.909937,14.328659,0.247484,8.805005,-14.503257,-0.247484,0.153072,0.956724,-0.956724,NA,NA,NA,NA,NA,NA,NA,NA,NA,NA,NA,NA
NA,NA,NA,NA,NA,NA,NA,NA,NA,NA,NA,NA,NA,NA,NA,NA,92,2026-01-21,16:26:59,1,3,"Rowland, Bryson",10323022,Left,CAR_EAG,"Nathan, Cole",1000323259,Right,CAR_EAG,Undefined,4,Bottom,0,1,1,Slider,Curveball,InPlay,Undefined,GroundBall,Single,0,0,NA,73.76143,1.665737,1.293103,2049.120763,319.117295,04:45:00,5.9842,-1.56239,5.05113,-56.78964,-4.12284,4.88563,2.82369,0.0646,68.31707,-8.576781,2.157048,0.522324,73.0667,-29.806847,-57.147629,NA,NA,NA,NA,6.82674,5.90593,-39.580453,0.055742,-2.10945,-2.1026,1.43504,50,6.09697,-2.60161,-107.11061,1.20912,-2.46592,17.41963,-34.63194,CAR_EAG,CAR_EAG,CarsonNewman,TeamExclusive,Team,20260121-CarsonNewman-Private-1,ed0dcc80-f70f-11f0-ab51-7d94a826c0d5,72.16298,2.98105,NA,5.44436,NA,NA,NA,2.43866,2.98105,0.0218,12e7b950-fffd-45a9-b94a-b9563b4018a5,2026-01-21,21:26:59,2026-01-21T21:26:59Z,2026-01-21T21:26:59Z,GroundBall,v3,CNE,CNE,NA,"Hammond, Kevin",10120878,Right,CAR_EAG,5a4b5453-6c7f-4e03-a5ba-45c05a34921a,55.45319,-107.99384,8.70981,5.99115,2.96506,-17.31597,1.56378,-2.47658,-1.23296,180,2.43687,50.64297,NA,NA,NA,NA,NA,NA,NA,2.98294,-53.47982,NA,NA,NA,NA,NA,NA,NA,0.02457,-78.42498,NA,NA,NA,NA,NA,NA,NA,NA,NA,NA,NA,NA,NA,NA,NA,NA,NA,NA,NA,NA,NA,NA,NA,NA,NA,NA,NA,NA,NA,High,High,High,High,High,NA,NA,NA,341.629896,-61.271759,984.921744,0.48065600000000003,05:30:00,0.861619,-0.176907,0.475727,3.95865,7.26718,85.213227,0.163602,121.664305,-0.517869,57.105339,0.517869,-0.83967,-0.163602,17.532026,9.416012,0.83967,0.83967,-121.664305,-9.416012,0.163602,-57.105339,-17.532026,-0.163602,-0.83967,0.517869,-0.517869,NA,NA,NA,NA,NA,NA,NA,NA,NA,NA,NA,NA
NA,NA,NA,NA,NA,NA,NA,NA,NA,NA,NA,NA,NA,NA,NA,NA,93,2026-01-21,16:27:36,2,1,"Rowland, Bryson",10323022,Left,CAR_EAG,"Soto Diaz, Bradley",1000475324,Right,CAR_EAG,Undefined,4,Bottom,0,0,0,Curveball,Curveball,BallCalled,Undefined,Undefined,Undefined,0,0,NA,72.5974,5.98587,-0.774077,2041.960731,298.728224,04:00:00,5.98242,-1.691,4.82554,-59.85413,-3.96484,10.53166,6.68521,-1.54656,65.7488,-4.830533,1.073,0.538066,NA,NA,NA,NA,NA,NA,NA,NA,NA,NA,NA,-5.33362,-3.02914,1.75829,50,6.52692,0.99114,-104.73109,8.92325,-5.90918,18.10002,-35.53005,CAR_EAG,CAR_EAG,CarsonNewman,TeamExclusive,Team,20260121-CarsonNewman-Private-1,034d7270-f710-11f0-ab51-7d94a826c0d5,70.05168,NA,NA,6.8486,NA,NA,NA,NA,NA,NA,12e7b950-fffd-45a9-b94a-b9563b4018a5,2026-01-21,21:27:36,2026-01-21T21:27:36Z,2026-01-21T21:27:36Z,NA,v3,CNE,CNE,NA,"Hammond, Kevin",10120878,Right,CAR_EAG,d309a329-728a-4bf4-89c7-d1014497b1fe,55.67551,-105.7074,9.05001,5.99392,10.83973,-17.76502,1.69623,1.30988,-2.95459,NA,NA,NA,NA,NA,NA,NA,NA,NA,NA,NA,NA,NA,NA,NA,NA,NA,NA,NA,NA,NA,NA,NA,NA,NA,NA,NA,NA,NA,NA,NA,NA,NA,NA,NA,NA,NA,NA,NA,NA,NA,NA,NA,NA,NA,NA,NA,NA,NA,NA,High,High,High,NA,NA,NA,NA,NA,337.076528,-59.07718,1049.328825,0.513883,05:15:00,0.838628,-0.288527,0.462012,6.059003,16.29814,74.230312,0.17722,121.932372,-0.520546,56.640795,0.520546,-0.83524,-0.17722,18.801135,10.207861,0.83524,0.83524,-121.932372,-10.207861,0.17722,-56.640795,-18.801135,-0.17722,-0.83524,0.520546,-0.520546,NA,NA,NA,NA,NA,NA,NA,NA,NA,NA,NA,NA
NA,NA,NA,NA,NA,NA,NA,NA,NA,NA,NA,NA,NA,NA,NA,NA,94,2026-01-21,16:27:56,2,2,"Rowland, Bryson",10323022,Left,CAR_EAG,"Soto Diaz, Bradley",1000475324,Right,CAR_EAG,Undefined,4,Bottom,0,1,0,Curveball,Curveball,BallCalled,Undefined,Undefined,Undefined,0,0,NA,74.32549,2.185466,-0.24815,2077.135646,316.217993,04:30:00,6.04369,-1.62808,4.78585,-58.77094,-5.7865,7.19733,3.21858,-1.26351,67.98675,-8.401427,1.018797,0.523897,NA,NA,NA,NA,NA,NA,NA,NA,NA,NA,NA,-3.59355,-2.92819,1.64626,50,6.21069,0.17494,-107.73178,2.02496,-4.20284,19.56292,-35.5987,CAR_EAG,CAR_EAG,CarsonNewman,TeamExclusive,Team,20260121-CarsonNewman-Private-1,0f5065f0-f710-11f0-ab51-7d94a826c0d5,71.94633,NA,NA,6.33875,NA,NA,NA,NA,NA,NA,12e7b950-fffd-45a9-b94a-b9563b4018a5,2026-01-21,21:27:56,2026-01-21T21:27:56Z,2026-01-21T21:27:56Z,NA,v3,CNE,CNE,NA,"Hammond, Kevin",10120878,Right,CAR_EAG,811e3485-5dc1-4903-a50a-3eb90ce24ef9,55.71613,-108.76481,9.78146,6.05413,3.90477,-17.79935,1.63116,0.39687,-2.10142,NA,NA,NA,NA,NA,NA,NA,NA,NA,NA,NA,NA,NA,NA,NA,NA,NA,NA,NA,NA,NA,NA,NA,NA,NA,NA,NA,NA,NA,NA,NA,NA,NA,NA,NA,NA,NA,NA,NA,NA,NA,NA,NA,NA,NA,NA,NA,NA,NA,NA,High,High,High,NA,NA,NA,NA,NA,340.540586,-64.686959,888.107655,0.427564,05:15:00,0.899634,-0.176807,0.399248,4.544696,22.556944,78.882753,0.153599,116.439952,-0.439976,62.223976,0.439976,-0.884776,-0.153599,19.244449,8.835531,0.884776,0.884776,-116.439952,-8.835531,0.153599,-62.223976,-19.244449,-0.153599,-0.884776,0.439976,-0.439976,NA,NA,NA,NA,NA,NA,NA,NA,NA,NA,NA,NA
NA,NA,NA,NA,NA,NA,NA,NA,NA,NA,NA,NA,NA,NA,NA,NA,95,2026-01-21,16:28:51,2,3,"Rowland, Bryson",10323022,Left,CAR_EAG,"Soto Diaz, Bradley",1000475324,Right,CAR_EAG,Undefined,4,Bottom,0,2,0,Curveball,Curveball,StrikeCalled,Undefined,Undefined,Undefined,0,0,NA,73.55988,2.369126,-1.926675,1674.99687,333.509231,05:00:00,6.09525,-1.58466,4.8688,-60.10263,-6.21918,3.95874,3.33133,-3.07881,67.4018,-8.462425,-1.229426,0.528322,NA,NA,NA,NA,NA,NA,NA,NA,NA,NA,NA,-2.48933,-3.16173,1.77088,50,6.27764,3.42767,-106.58829,2.31596,-2.85621,18.77222,-35.8018,CAR_EAG,CAR_EAG,CarsonNewman,TeamExclusive,Team,20260121-CarsonNewman-Private-1,2fde7190-f710-11f0-ab51-7d94a826c0d5,71.34362,NA,NA,6.15808,NA,NA,NA,NA,NA,NA,12e7b950-fffd-45a9-b94a-b9563b4018a5,2026-01-21,21:28:51,2026-01-21T21:28:51Z,2026-01-21T21:28:51Z,NA,v3,CNE,CNE,NA,"Hammond, Kevin",10120878,Right,CAR_EAG,4a7cc433-a0bc-4135-9f60-ad361fd252e0,55.63332,-107.57585,9.38611,6.10626,4.19941,-17.9009,1.5866,3.57793,-1.4281,NA,NA,NA,NA,NA,NA,NA,NA,NA,NA,NA,NA,NA,NA,NA,NA,NA,NA,NA,NA,NA,NA,NA,NA,NA,NA,NA,NA,NA,NA,NA,NA,NA,NA,NA,NA,NA,NA,NA,NA,NA,NA,NA,NA,NA,NA,NA,NA,NA,NA,High,High,High,NA,NA,NA,NA,NA,338.138581,-66.727376,661.802352,0.395107,05:15:00,0.923581,-0.184971,0.335832,5.608696,19.295183,80.970476,0.146471,113.541621,-0.395107,65.078063,0.395107,-0.906883,-0.146471,20.340367,8.422483,0.906883,0.906883,-113.541621,-8.422483,0.146471,-65.078063,-20.340367,-0.146471,-0.906883,0.395107,-0.395107,NA,NA,NA,NA,NA,NA,NA,NA,NA,NA,NA,NA
NA,NA,NA,NA,NA,NA,NA,NA,NA,NA,NA,NA,NA,NA,NA,NA,96,2026-01-21,16:29:09,2,4,"Rowland, Bryson",10323022,Left,CAR_EAG,"Soto Diaz, Bradley",1000475324,Right,CAR_EAG,Undefined,4,Bottom,0,2,1,Fastball,Changeup,BallCalled,Undefined,Undefined,Undefined,0,0,NA,81.99047,-1.452706,3.421794,2498.156835,151.853218,11:00:00,5.97857,-1.5095,6.01278,-21.79076,19.70198,-9.82225,2.81418,0.84573,74.95411,-5.580639,1.659252,0.463615,NA,NA,NA,NA,NA,NA,NA,NA,NA,NA,NA,5.9876,10.93339,1.24592,50,5.85237,-6.73039,-118.88663,-3.60929,8.56958,22.79061,-16.52591,CAR_EAG,CAR_EAG,CarsonNewman,TeamExclusive,Team,20260121-CarsonNewman-Private-1,3ab12270-f710-11f0-ab51-7d94a826c0d5,81.30115,NA,NA,7.03637,NA,NA,NA,NA,NA,NA,12e7b950-fffd-45a9-b94a-b9563b4018a5,2026-01-21,21:29:09,2026-01-21T21:29:09Z,2026-01-21T21:29:09Z,NA,v3,CNE,CNE,NA,"Hammond, Kevin",10120878,Right,CAR_EAG,b96497eb-3d44-4216-80c9-70fb0f170b06,54.48669,-119.74364,11.39531,5.9764,-2.98785,-8.26295,1.50506,-7.05263,4.28479,NA,NA,NA,NA,NA,NA,NA,NA,NA,NA,NA,NA,NA,NA,NA,NA,NA,NA,NA,NA,NA,NA,NA,NA,NA,NA,NA,NA,NA,NA,NA,NA,NA,NA,NA,NA,NA,NA,NA,NA,NA,NA,NA,NA,NA,NA,NA,NA,NA,NA,High,High,High,NA,NA,NA,NA,NA,152.338628,-35.679263,2029.239484,0.812295,11:00:00,0.615419,0.391769,-0.683942,23.340212,-33.436891,1.472337,-0.017383,171.685352,-0.989339,-8.313383,0.989339,-0.144587,0.017383,1.006603,-0.996025,0.144587,-0.144587,-171.685352,0.996025,0.017383,8.313383,-1.006603,-0.017383,0.144587,0.989339,-0.989339,NA,NA,NA,NA,NA,NA,NA,NA,NA,NA,NA,NA
NA,NA,NA,NA,NA,NA,NA,NA,NA,NA,NA,NA,NA,NA,NA,NA,97,2026-01-21,16:29:27,2,5,"Rowland, Bryson",10323022,Left,CAR_EAG,"Soto Diaz, Bradley",1000475324,Right,CAR_EAG,Undefined,4,Bottom,0,3,1,Fastball,Changeup,FoulBallNotFieldable,Undefined,Undefined,Undefined,0,0,NA,81.8855,-2.109543,1.730466,2418.258226,150.437104,11:00:00,6.00753,-1.6571,5.54216,-23.17631,19.10064,-10.05922,2.10276,-0.87755,74.98273,-6.4432,-0.063434,0.467976,NA,NA,NA,NA,NA,NA,NA,NA,NA,NA,NA,5.59,10.66516,1.51402,50,5.80942,-3.18666,-118.78028,-5.07784,7.98453,22.79511,-16.94033,CAR_EAG,CAR_EAG,CarsonNewman,TeamExclusive,Team,20260121-CarsonNewman-Private-1,45a5b330-f710-11f0-ab51-7d94a826c0d5,80.54356,NA,NA,6.90277,NA,NA,NA,NA,NA,NA,12e7b950-fffd-45a9-b94a-b9563b4018a5,2026-01-21,21:29:27,2026-01-21T21:29:27Z,2026-01-21T21:29:27Z,NA,v3,CNE,CNE,NA,"Hammond, Kevin",10120878,Right,CAR_EAG,63b159ad-314e-4290-87e8-700ae4f03db0,54.9584,-119.72806,11.39755,6.00591,-4.37349,-8.47017,1.65342,-3.51865,3.99226,NA,NA,NA,NA,NA,NA,NA,NA,NA,NA,NA,NA,NA,NA,NA,NA,NA,NA,NA,NA,NA,NA,NA,NA,NA,NA,NA,NA,NA,NA,NA,NA,NA,NA,NA,NA,NA,NA,NA,NA,NA,NA,NA,NA,NA,NA,NA,NA,NA,NA,High,High,High,NA,NA,NA,NA,NA,147.89368,-30.261702,2088.728466,0.863733,11:00:00,0.508582,0.477306,-0.716605,1.601227,-32.682894,64.267102,-0.277153,170.354808,-0.947244,-9.263953,0.947244,-0.160983,0.277153,16.308867,-16.090338,0.160983,-0.160983,-170.354808,16.090338,0.277153,9.263953,-16.308867,-0.277153,0.160983,0.947244,-0.947244,NA,NA,NA,NA,NA,NA,NA,NA,NA,NA,NA,NA
NA,NA,NA,NA,NA,NA,NA,NA,NA,NA,NA,NA,NA,NA,NA,NA,98,2026-01-21,16:29:50,2,6,"Rowland, Bryson",10323022,Left,CAR_EAG,"Soto Diaz, Bradley",1000475324,Right,CAR_EAG,Undefined,4,Bottom,0,3,2,Fastball,Changeup,InPlay,Undefined,LineDrive,Single,0,0,NA,81.48936,-1.129398,2.661964,2134.05795,152.729901,11:00:00,5.95898,-1.49527,5.60265,-22.70434,20.66218,-9.80619,3.01131,0.17446,73.20214,-5.446193,0.913812,0.473968,88.76482,8.911251,-34.306065,3918.458044,NA,NA,NA,124.57977,123.84182,-39.430309,1.099377,5.85721,11.30245,1.27375,50,5.84803,-5.08828,-117.963,-2.97152,8.09884,26.3532,-16.54596,CAR_EAG,CAR_EAG,CarsonNewman,TeamExclusive,Team,20260121-CarsonNewman-Private-1,52fd1320-f710-11f0-ab51-7d94a826c0d5,79.52533,7.7355,NA,8.28722,NA,NA,NA,1.84925,3.23761,-0.23331,12e7b950-fffd-45a9-b94a-b9563b4018a5,2026-01-21,21:29:50,2026-01-21T21:29:50Z,2026-01-21T21:29:50Z,LineDrive,v3,CNE,CNE,NA,"Hammond, Kevin",10120878,Right,CAR_EAG,e94cb45b-10c4-416f-8121-e80a66bd9bb5,54.8951,-119.05155,13.1766,5.95665,-2.28807,-8.27298,1.49084,-5.42282,4.04942,NA,1.84925,106.24241,-21.90934,3.75187,-0.74259,0.11194,-0.0161,0.00214,-1.4e-4,3.23761,20.16672,-23.97121,3.32483,-0.7345,0.1669,-0.03379,0.00623,-7e-4,-0.23331,-72.49014,-1.17645,2.33426,-0.80495,0.23615,-0.05704,0.01144,-0.0013,NA,NA,NA,NA,NA,NA,NA,NA,NA,NA,NA,NA,NA,NA,NA,NA,NA,NA,NA,NA,NA,NA,High,High,High,High,High,NA,NA,NA,145.120475,-29.918594,1849.662571,0.866735,10:45:00,0.521398,0.505379,-0.687558,-5.996621,-33.99163,58.394091,-0.077334,168.463724,-0.976864,-11.501255,0.976864,-0.199389,0.077334,4.526427,-4.435354,0.199389,-0.199389,-168.463724,4.435354,0.077334,11.501255,-4.526427,-0.077334,0.199389,0.976864,-0.976864,NA,NA,NA,NA,NA,NA,NA,NA,NA,NA,NA,NA
NA,NA,NA,NA,NA,NA,NA,NA,NA,NA,NA,NA,NA,NA,NA,NA,99,2026-01-21,16:30:48,3,1,"Rowland, Bryson",10323022,Left,CAR_EAG,"Pierce, Johno",10069844,Right,CAR_EAG,Undefined,4,Bottom,0,0,0,Fastball,Changeup,BallCalled,Undefined,Undefined,Undefined,0,0,NA,80.55344,-0.062835,0.46826,2229.340559,152.972991,11:00:00,6.04199,-1.54676,5.34008,-23.52159,21.11954,-9.93851,4.02291,-1.93566,72.46366,-4.514944,-1.296903,0.480883,NA,NA,NA,NA,NA,NA,NA,NA,NA,NA,NA,5.08118,11.04174,1.51172,50,6.02013,-0.5329,-116.68247,-0.81457,6.89591,25.14814,-17.18877,CAR_EAG,CAR_EAG,CarsonNewman,TeamExclusive,Team,20260121-CarsonNewman-Private-1,75b048b0-f710-11f0-ab51-7d94a826c0d5,78.38179,NA,NA,8.08978,NA,NA,NA,NA,NA,NA,12e7b950-fffd-45a9-b94a-b9563b4018a5,2026-01-21,21:30:48,2026-01-21T21:30:48Z,2026-01-21T21:30:48Z,NA,v3,CNE,CNE,NA,"Hammond, Kevin",10120878,Right,CAR_EAG,f4d57225-7aae-4fcc-bfd8-afe173f9c181,55.15516,-117.7883,12.57407,6.03934,-0.05874,-8.59439,1.54182,-0.83614,3.44795,NA,NA,NA,NA,NA,NA,NA,NA,NA,NA,NA,NA,NA,NA,NA,NA,NA,NA,NA,NA,NA,NA,NA,NA,NA,NA,NA,NA,NA,NA,NA,NA,NA,NA,NA,NA,NA,NA,NA,NA,NA,NA,NA,NA,NA,NA,NA,NA,NA,NA,High,High,High,NA,NA,NA,NA,NA,148.45416,-30.234346,1926.090297,0.863973,11:00:00,0.509043,0.452566,-0.732161,-17.257558,-28.64012,76.690426,-0.103501,171.976877,-0.984894,-7.979751,0.984894,-0.138823,0.103501,5.999136,-5.940838,0.138823,-0.138823,-171.976877,5.940838,0.103501,7.979751,-5.999136,-0.103501,0.138823,0.984894,-0.984894,NA,NA,NA,NA,NA,NA,NA,NA,NA,NA,NA,NA
NA,NA,NA,NA,NA,NA,NA,NA,NA,NA,NA,NA,NA,NA,NA,NA,100,2026-01-21,16:31:09,3,2,"Rowland, Bryson",10323022,Left,CAR_EAG,"Pierce, Johno",10069844,Right,CAR_EAG,Undefined,4,Bottom,0,1,0,Fastball,Changeup,FoulBallNotFieldable,Undefined,Undefined,Undefined,0,0,NA,81.19563,-0.390012,2.95644,2491.953907,149.753612,11:00:00,6.07673,-1.54903,5.42718,-22.62072,21.14072,-11.40434,3.82588,0.27217,73.19397,-4.675223,0.931217,0.476121,64.46597,18.560225,170.243206,1980.165823,NA,NA,NA,NA,30.76397,NA,NA,6.62304,11.18213,1.29463,50,6.02696,-5.59264,-117.53403,-1.45528,9.14794,24.89346,-16.72892,CAR_EAG,CAR_EAG,CarsonNewman,TeamExclusive,Team,20260121-CarsonNewman-Private-1,82041b50-f710-11f0-ab51-7d94a826c0d5,79.16571,11.94346,NA,8.00166,NA,NA,NA,1.73446,3.71225,-0.4247,12e7b950-fffd-45a9-b94a-b9563b4018a5,2026-01-21,21:31:09,2026-01-21T21:31:09Z,2026-01-21T21:31:09Z,NA,v3,CNE,CNE,NA,"Hammond, Kevin",10120878,Right,CAR_EAG,538c4340-760b-40fb-97e9-4950a05cecc7,55.06951,-118.60288,12.44673,6.07403,-0.73699,-8.36446,1.54319,-5.98543,4.57397,294.233127,1.73532,-88.36729,5.55112,NA,NA,NA,NA,NA,NA,3.7163,29.9512,-21.27217,NA,NA,NA,NA,NA,NA,-0.41982,15.0155,-9.44677,NA,NA,NA,NA,NA,NA,NA,NA,NA,NA,NA,NA,NA,NA,NA,NA,NA,NA,NA,NA,NA,NA,NA,NA,NA,NA,NA,NA,High,High,High,Medium,Undefined,NA,NA,NA,149.381336,-31.030181,2135.345043,0.856896,11:00:00,0.549859,0.439935,-0.710009,-0.633524,-30.931656,50.548909,-0.134671,166.822625,-0.964799,-13.055203,0.964799,-0.22589,0.134671,7.946234,-7.739572,0.22589,-0.22589,-166.822625,7.739572,0.134671,13.055203,-7.946234,-0.134671,0.22589,0.964799,-0.964799,NA,NA,NA,NA,NA,NA,NA,NA,NA,NA,NA,NA
NA,NA,NA,NA,NA,NA,NA,NA,NA,NA,NA,NA,NA,NA,NA,NA,101,2026-01-21,16:31:32,3,3,"Rowland, Bryson",10323022,Left,CAR_EAG,"Pierce, Johno",10069844,Right,CAR_EAG,Undefined,4,Bottom,0,1,1,Fastball,Changeup,StrikeSwinging,Undefined,Undefined,Undefined,0,0,NA,81.68192,-1.695141,1.587446,2187.960205,153.697819,11:00:00,5.92597,-1.48603,5.62961,-21.82178,20.93907,-9.59898,2.52469,-0.80432,73.98427,-5.829536,-0.12662,0.470646,NA,NA,NA,NA,NA,NA,NA,NA,NA,NA,NA,5.3328,11.56367,1.35702,50,5.76788,-2.88975,-118.38058,-4.12035,7.48814,24.81216,-15.93671,CAR_EAG,CAR_EAG,CarsonNewman,TeamExclusive,Team,20260121-CarsonNewman-Private-1,8fdce040-f710-11f0-ab51-7d94a826c0d5,80.08657,NA,NA,7.69766,NA,NA,NA,NA,NA,NA,12e7b950-fffd-45a9-b94a-b9563b4018a5,2026-01-21,21:31:32,2026-01-21T21:31:32Z,2026-01-21T21:31:32Z,NA,v3,CNE,CNE,NA,"Hammond, Kevin",10120878,Right,CAR_EAG,ebe88c9d-5fac-4e7d-9155-6de7e3c89d54,54.86798,-119.39654,12.40608,5.92324,-3.46782,-7.96835,1.48162,-3.19636,3.74407,NA,NA,NA,NA,NA,NA,NA,NA,NA,NA,NA,NA,NA,NA,NA,NA,NA,NA,NA,NA,NA,NA,NA,NA,NA,NA,NA,NA,NA,NA,NA,NA,NA,NA,NA,NA,NA,NA,NA,NA,NA,NA,NA,NA,NA,NA,NA,NA,NA,NA,High,High,High,NA,NA,NA,NA,NA,150.220293,-29.692409,1900.674783,0.868697,11:00:00,0.503066,0.445917,-0.740326,1.505618,-34.551773,50.089917,-0.12543,172.614762,-0.983872,-7.326591,0.983872,-0.127525,0.12543,7.265251,-7.205617,0.127525,-0.127525,-172.614762,7.205617,0.12543,7.326591,-7.265251,-0.12543,0.127525,0.983872,-0.983872,NA,NA,NA,NA,NA,NA,NA,NA,NA,NA,NA,NA
NA,NA,NA,NA,NA,NA,NA,NA,NA,NA,NA,NA,NA,NA,NA,NA,102,2026-01-21,16:31:54,3,4,"Rowland, Bryson",10323022,Left,CAR_EAG,"Pierce, Johno",10069844,Right,CAR_EAG,Undefined,4,Bottom,0,1,2,Curveball,Curveball,StrikeCalled,Strikeout,Undefined,Undefined,0,0,NA,72.4713,1.842025,0.754796,2092.523547,323.322903,04:45:00,5.9912,-1.54995,5.12423,-62.42677,-7.63422,6.94993,2.52476,-0.25979,66.77351,-9.432205,1.986486,0.532761,NA,NA,NA,NA,NA,NA,NA,NA,NA,NA,NA,-3.24358,-3.80036,1.47337,50,6.1156,-1.64735,-105.18348,1.31181,-3.6282,18.09727,-36.42502,CAR_EAG,CAR_EAG,CarsonNewman,TeamExclusive,Team,20260121-CarsonNewman-Private-1,9cdd1f80-f710-11f0-ab51-7d94a826c0d5,70.74928,NA,NA,5.69779,NA,NA,NA,NA,NA,NA,12e7b950-fffd-45a9-b94a-b9563b4018a5,2026-01-21,21:31:54,2026-01-21T21:31:54Z,2026-01-21T21:31:54Z,NA,v3,CNE,CNE,NA,"Hammond, Kevin",10120878,Right,CAR_EAG,9594ff7e-f7b0-4f8f-96c6-f6cf3b34d032,55.37954,-106.10501,9.04863,6.00158,3.16662,-18.21251,1.55256,-1.4626,-1.8141,NA,NA,NA,NA,NA,NA,NA,NA,NA,NA,NA,NA,NA,NA,NA,NA,NA,NA,NA,NA,NA,NA,NA,NA,NA,NA,NA,NA,NA,NA,NA,NA,NA,NA,NA,NA,NA,NA,NA,NA,NA,NA,NA,NA,NA,NA,NA,NA,NA,NA,High,High,High,NA,NA,NA,NA,NA,343.549732,-68.481768,767.531949,0.366797,05:30:00,0.921767,-0.133721,0.363957,-1.155226,9.213965,-86.215791,0.133315,114.343336,-0.408524,64.549793,0.408524,-0.902959,-0.133315,18.073251,7.661207,0.902959,0.902959,-114.343336,-7.661207,0.133315,-64.549793,-18.073251,-0.133315,-0.902959,0.408524,-0.408524,NA,NA,NA,NA,NA,NA,NA,NA,NA,NA,NA,NA
NA,NA,NA,NA,NA,NA,NA,NA,NA,NA,NA,NA,NA,NA,NA,NA,103,2026-01-21,16:32:27,4,1,"Rowland, Bryson",10323022,Left,CAR_EAG,"Benner, Seth",1000370212,Right,CAR_EAG,Undefined,4,Bottom,1,0,0,Curveball,Curveball,BallCalled,Undefined,Undefined,Undefined,0,0,NA,71.98832,0.567443,0.264549,2030.380118,300.506759,04:00:00,5.99922,-1.4787,4.96304,-60.42932,-4.41996,10.5567,1.49954,-0.34905,66.31678,-10.310403,2.132331,0.538644,NA,NA,NA,NA,NA,NA,NA,NA,NA,NA,NA,-5.15051,-1.81744,1.44398,50,6.00433,-0.88271,-104.45879,-0.98174,-5.66292,18.40413,-34.17232,CAR_EAG,CAR_EAG,CarsonNewman,TeamExclusive,Team,20260121-CarsonNewman-Private-1,b10a6030-f710-11f0-ab51-7d94a826c0d5,69.97654,NA,NA,5.67153,NA,NA,NA,NA,NA,NA,12e7b950-fffd-45a9-b94a-b9563b4018a5,2026-01-21,21:32:27,2026-01-21T21:32:27Z,2026-01-21T21:32:27Z,NA,v3,CNE,CNE,NA,"Hammond, Kevin",10120878,Right,CAR_EAG,d2582054-99f0-45cc-abe5-ef3961f043b4,55.53969,-105.43029,9.20206,6.00854,0.82211,-17.08616,1.48269,-0.58379,-2.83146,NA,NA,NA,NA,NA,NA,NA,NA,NA,NA,NA,NA,NA,NA,NA,NA,NA,NA,NA,NA,NA,NA,NA,NA,NA,NA,NA,NA,NA,NA,NA,NA,NA,NA,NA,NA,NA,NA,NA,NA,NA,NA,NA,NA,NA,NA,NA,NA,NA,NA,High,High,High,NA,NA,NA,NA,NA,333.413671,-59.676423,1025.104132,0.504883,05:00:00,0.858814,-0.234496,0.455467,-10.196349,-1.818187,77.619974,0.030498,106.985655,-0.291996,72.927307,0.291996,-0.955933,-0.030498,5.962725,1.747678,0.955933,0.955933,-106.985655,-1.747678,0.030498,-72.927307,-5.962725,-0.030498,-0.955933,0.291996,-0.291996,NA,NA,NA,NA,NA,NA,NA,NA,NA,NA,NA,NA
NA,NA,NA,NA,NA,NA,NA,NA,NA,NA,NA,NA,NA,NA,NA,NA,104,2026-01-21,16:33:20,4,2,"Rowland, Bryson",10323022,Left,CAR_EAG,"Benner, Seth",1000370212,Right,CAR_EAG,Undefined,4,Bottom,1,1,0,Curveball,Curveball,BallCalled,Undefined,Undefined,Undefined,0,0,NA,72.94898,3.054568,-0.97503,1929.117842,300.18989,04:00:00,5.94468,-1.57469,5.03043,-59.83299,-5.50792,12.37701,3.8439,-1.46336,66.89584,-7.769353,1.211554,0.530483,NA,NA,NA,NA,NA,NA,NA,NA,NA,NA,NA,-6.37622,-3.02469,1.65757,50,6.18888,1.31995,-105.75793,3.62218,-7.22008,18.06961,-35.59902,CAR_EAG,CAR_EAG,CarsonNewman,TeamExclusive,Team,20260121-CarsonNewman-Private-1,d087e630-f710-11f0-ab51-7d94a826c0d5,71.05305,NA,NA,6.05314,NA,NA,NA,NA,NA,NA,12e7b950-fffd-45a9-b94a-b9563b4018a5,2026-01-21,21:33:20,2026-01-21T21:33:20Z,2026-01-21T21:33:20Z,NA,v3,CNE,CNE,NA,"Hammond, Kevin",10120878,Right,CAR_EAG,4ab88b91-29fe-4a79-8c9b-b86ec8880964,55.47267,-106.68888,9.0348,5.95502,5.45626,-17.79951,1.57998,1.69193,-3.61004,NA,NA,NA,NA,NA,NA,NA,NA,NA,NA,NA,NA,NA,NA,NA,NA,NA,NA,NA,NA,NA,NA,NA,NA,NA,NA,NA,NA,NA,NA,NA,NA,NA,NA,NA,NA,NA,NA,NA,NA,NA,NA,NA,NA,NA,NA,NA,NA,NA,NA,High,High,High,NA,NA,NA,NA,NA,333.930112,-62.349932,895.246242,0.46407,05:15:00,0.880639,-0.250855,0.401928,-1.473419,-3.99917,83.344281,0.11879,112.996175,-0.387904,66.065952,0.387904,-0.914013,-0.11879,17.026455,6.822268,0.914013,0.914013,-112.996175,-6.822268,0.11879,-66.065952,-17.026455,-0.11879,-0.914013,0.387904,-0.387904,NA,NA,NA,NA,NA,NA,NA,NA,NA,NA,NA,NA
NA,NA,NA,NA,NA,NA,NA,NA,NA,NA,NA,NA,NA,NA,NA,NA,105,2026-01-21,16:33:42,4,3,"Rowland, Bryson",10323022,Left,CAR_EAG,"Benner, Seth",1000370212,Right,CAR_EAG,Undefined,4,Bottom,1,2,0,Fastball,Changeup,InPlay,Undefined,FlyBall,Out,1,0,NA,81.09731,-2.295073,2.169449,2544.409259,151.426117,11:00:00,6.04148,-1.48093,5.79096,-21.61529,21.39139,-10.83906,2.10247,-0.36502,73.76704,-6.390736,0.228779,0.471997,74.37388,51.943806,-0.471232,NA,109.74266,102.75312,7.51929,195.60092,190.24629,5.271334,5.205954,6.22087,12.06186,1.30899,50,5.8396,-4.03845,-117.56511,-5.30975,8.64034,23.87217,-15.42101,CAR_EAG,CAR_EAG,CarsonNewman,TeamExclusive,Team,20260121-CarsonNewman-Private-1,ddbaf540-f710-11f0-ab51-7d94a826c0d5,79.85734,102.83485,NA,7.33026,NA,NA,NA,2.28885,2.40924,0.42329,12e7b950-fffd-45a9-b94a-b9563b4018a5,2026-01-21,21:33:42,2026-01-21T21:33:42Z,2026-01-21T21:33:42Z,Popup,v3,CNE,CNE,NA,"Hammond, Kevin",10120878,Right,CAR_EAG,14b64068-9bda-4ff5-a7c5-dd41a088aeb5,54.70945,-118.51753,11.93608,6.03917,-4.69451,-7.71051,1.47698,-4.38318,4.32017,190.077651,2.29229,67.16343,-16.40182,4.1838,-0.56994,-0.01754,0.02111,-0.00303,1.4e-4,2.40787,85.91197,-21.03688,1.32331,0.00851,-0.09762,0.03438,-0.00523,2.9e-4,0.42304,-0.54547,3.02551,-1.04854,0.21374,-0.01893,-0.00216,6.5e-4,-4e-5,NA,NA,NA,NA,NA,NA,NA,NA,NA,NA,NA,NA,NA,NA,NA,NA,NA,NA,NA,NA,NA,NA,High,High,High,Medium,Low,NA,NA,NA,149.319266,-30.127716,2200.681747,0.864909,11:00:00,0.511665,0.461069,-0.724993,17.79944,-28.610337,25.814905,-0.108919,166.409571,-0.966217,-13.508038,0.966217,-0.233582,0.108919,6.431637,-6.253,0.233582,-0.233582,-166.409571,6.253,0.108919,13.508038,-6.431637,-0.108919,0.233582,0.966217,-0.966217,NA,NA,NA,NA,NA,NA,NA,NA,NA,NA,NA,NA
NA,NA,NA,NA,NA,NA,NA,NA,NA,NA,NA,NA,NA,NA,NA,NA,106,2026-01-21,16:34:23,5,1,"Rowland, Bryson",10323022,Left,CAR_EAG,"Cochran, Carson",10085797,Right,CAR_EAG,Undefined,4,Bottom,2,0,0,Fastball,Changeup,BallCalled,Undefined,Undefined,Undefined,0,0,NA,80.55528,-1.673579,4.031243,2288.093832,151.319357,11:00:00,5.94185,-1.40894,6.25593,-23.24934,19.35489,-9.83851,2.45683,1.49481,73.77147,-6.080101,2.259614,0.469783,NA,NA,NA,NA,NA,NA,NA,NA,NA,NA,NA,6.19878,10.91587,1.11377,50,5.80567,-7.86925,-116.76731,-4.0179,8.56709,21.77606,-17.0877,CAR_EAG,CAR_EAG,CarsonNewman,TeamExclusive,Team,20260121-CarsonNewman-Private-1,f5caee60-f710-11f0-ab51-7d94a826c0d5,80.23364,NA,NA,6.78381,NA,NA,NA,NA,NA,NA,12e7b950-fffd-45a9-b94a-b9563b4018a5,2026-01-21,21:34:23,2026-01-21T21:34:23Z,2026-01-21T21:34:23Z,NA,v3,CNE,CNE,NA,"Hammond, Kevin",10120878,Right,CAR_EAG,5e4a92d5-d69d-4ad3-9a00-f3da1045ffde,54.24364,-117.55605,10.88803,5.93999,-3.39898,-8.54385,1.40442,-8.17955,4.28355,NA,NA,NA,NA,NA,NA,NA,NA,NA,NA,NA,NA,NA,NA,NA,NA,NA,NA,NA,NA,NA,NA,NA,NA,NA,NA,NA,NA,NA,NA,NA,NA,NA,NA,NA,NA,NA,NA,NA,NA,NA,NA,NA,NA,NA,NA,NA,NA,NA,NA,High,High,High,NA,NA,NA,NA,NA,149.687653,-31.728459,1946.138206,0.85055,11:00:00,0.563482,0.44446,-0.696378,44.274757,-16.393045,-20.028554,-0.103636,170.419716,-0.980744,-9.528214,0.980744,-0.165533,0.103636,6.032114,-5.948593,0.165533,-0.165533,-170.419716,5.948593,0.103636,9.528214,-6.032114,-0.103636,0.165533,0.980744,-0.980744,NA,NA,NA,NA,NA,NA,NA,NA,NA,NA,NA,NA
NA,NA,NA,NA,NA,NA,NA,NA,NA,NA,NA,NA,NA,NA,NA,NA,107,2026-01-21,16:34:44,5,2,"Rowland, Bryson",10323022,Left,CAR_EAG,"Cochran, Carson",10085797,Right,CAR_EAG,Undefined,4,Bottom,2,1,0,Fastball,Changeup,BallCalled,Undefined,Undefined,Undefined,0,0,NA,80.88282,0.297186,2.65653,2154.543704,161.345904,11:30:00,5.99807,-1.57818,5.77637,-21.98438,21.37804,-6.7087,4.44288,0.33653,73.11759,-3.894842,1.457424,0.473945,NA,NA,NA,NA,NA,NA,NA,NA,NA,NA,NA,4.20166,11.20973,1.36257,50,6.00953,-5.16952,-117.20947,0.01971,5.78923,24.12776,-16.7288,CAR_EAG,CAR_EAG,CarsonNewman,TeamExclusive,Team,20260121-CarsonNewman-Private-1,028a5410-f711-11f0-ab51-7d94a826c0d5,79.52912,NA,NA,7.76524,NA,NA,NA,NA,NA,NA,12e7b950-fffd-45a9-b94a-b9563b4018a5,2026-01-21,21:34:44,2026-01-21T21:34:44Z,2026-01-21T21:34:44Z,NA,v3,CNE,CNE,NA,"Hammond, Kevin",10120878,Right,CAR_EAG,45312515-f7e1-4401-840e-5ff6aeca5579,54.72028,-118.17715,12.06388,5.99529,0.69065,-8.3644,1.57456,-5.40171,2.89462,NA,NA,NA,NA,NA,NA,NA,NA,NA,NA,NA,NA,NA,NA,NA,NA,NA,NA,NA,NA,NA,NA,NA,NA,NA,NA,NA,NA,NA,NA,NA,NA,NA,NA,NA,NA,NA,NA,NA,NA,NA,NA,NA,NA,NA,NA,NA,NA,NA,NA,High,High,High,NA,NA,NA,NA,NA,149.286667,-28.364808,1895.870366,0.879941,11:00:00,0.511959,0.446953,-0.733574,3.679769,-32.774212,32.914807,0.03434,170.312163,-0.985158,9.682068,0.985158,-0.168181,-0.03434,1.99639,1.967942,0.168181,0.168181,-170.312163,-1.967942,0.03434,-9.682068,-1.99639,-0.03434,-0.168181,0.985158,-0.985158,NA,NA,NA,NA,NA,NA,NA,NA,NA,NA,NA,NA
NA,NA,NA,NA,NA,NA,NA,NA,NA,NA,NA,NA,NA,NA,NA,NA,108,2026-01-21,16:35:08,5,3,"Rowland, Bryson",10323022,Left,CAR_EAG,"Cochran, Carson",10085797,Right,CAR_EAG,Undefined,4,Bottom,2,2,0,Fastball,Changeup,StrikeCalled,Undefined,Undefined,Undefined,0,0,NA,82.20696,-1.608411,2.212562,2453.225304,149.82247,11:00:00,5.97164,-1.56701,5.91742,-20.21253,21.35789,-11.59749,2.79303,-0.47903,74.76889,-5.461628,0.131642,0.464049,NA,NA,NA,NA,NA,NA,NA,NA,NA,NA,NA,6.56453,11.81776,1.39609,50,5.83113,-4.14883,-119.23042,-3.88427,9.39681,24.12199,-15.25748,CAR_EAG,CAR_EAG,CarsonNewman,TeamExclusive,Team,20260121-CarsonNewman-Private-1,1097bd90-f711-11f0-ab51-7d94a826c0d5,81.22519,NA,NA,7.43806,NA,NA,NA,NA,NA,NA,12e7b950-fffd-45a9-b94a-b9563b4018a5,2026-01-21,21:35:08,2026-01-21T21:35:08Z,2026-01-21T21:35:08Z,NA,v3,CNE,CNE,NA,"Hammond, Kevin",10120878,Right,CAR_EAG,ebe4d8b6-5968-423e-b9a3-daa91b008d86,54.58118,-120.15368,12.06099,5.96863,-3.30029,-7.62874,1.56177,-4.50849,4.69841,NA,NA,NA,NA,NA,NA,NA,NA,NA,NA,NA,NA,NA,NA,NA,NA,NA,NA,NA,NA,NA,NA,NA,NA,NA,NA,NA,NA,72.56744,1.730243,0.816742,0.913501,-1.12358,2.54525,0.47539,-2.61602,4.83005,3.94155,66.65264,0.40023,58.12599,-2.55341,84.9216,-10.10929,4.8258,4.21034,-9.9089,3.95762,62.51118,-3.53893,High,High,High,NA,NA,High,High,High,147.187969,-29.873655,2127.255114,0.867126,11:00:00,0.512479,0.483678,-0.709522,32.91493,-26.404711,4.810462,-0.110119,169.651367,-0.97775,-10.28501,0.97775,-0.178545,0.110119,6.425836,-6.32216,0.178545,-0.178545,-169.651367,6.32216,0.110119,10.28501,-6.425836,-0.110119,0.178545,0.97775,-0.97775,NA,NA,NA,NA,NA,NA,NA,NA,NA,NA,NA,NA
NA,NA,NA,NA,NA,NA,NA,NA,NA,NA,NA,NA,NA,NA,NA,NA,109,2026-01-21,16:35:50,5,4,"Rowland, Bryson",10323022,Left,CAR_EAG,"Cochran, Carson",10085797,Right,CAR_EAG,Undefined,4,Bottom,2,2,1,Fastball,Changeup,BallCalled,Undefined,Undefined,Undefined,0,0,NA,81.65875,-3.264133,2.928435,2342.805531,155.849316,11:15:00,5.92489,-1.5571,5.76784,-21.39674,20.99481,-8.77331,1.09668,0.43961,74.65091,-7.292523,1.359673,0.46861,NA,NA,NA,NA,NA,NA,NA,NA,NA,NA,NA,5.32244,12.07127,1.32004,50,5.64138,-5.70778,-118.24823,-7.35204,7.51622,23.10007,-15.12728,CAR_EAG,CAR_EAG,CarsonNewman,TeamExclusive,Team,20260121-CarsonNewman-Private-1,29aa3290-f711-11f0-ab51-7d94a826c0d5,80.43463,NA,NA,7.00784,NA,NA,NA,NA,NA,NA,12e7b950-fffd-45a9-b94a-b9563b4018a5,2026-01-21,21:35:50,2026-01-21T21:35:50Z,2026-01-21T21:35:50Z,NA,v3,CNE,CNE,NA,"Hammond, Kevin",10120878,Right,CAR_EAG,fd1c8d3c-319b-4da6-bec3-16aad2ac6fc4,54.73226,-119.1691,11.55004,5.92245,-6.749,-7.56364,1.55355,-6.00741,3.75811,NA,NA,NA,NA,NA,NA,NA,NA,NA,NA,NA,NA,NA,NA,NA,NA,NA,NA,NA,NA,NA,NA,NA,NA,NA,NA,NA,NA,NA,NA,NA,NA,NA,NA,NA,NA,NA,NA,NA,NA,NA,NA,NA,NA,NA,NA,NA,NA,NA,NA,High,High,High,NA,NA,NA,NA,NA,145.285601,-26.208937,2101.940497,0.897189,10:45:00,0.448977,0.535255,-0.715487,12.885703,-34.662791,43.768136,-0.145718,170.465164,-0.975659,-9.432128,0.975659,-0.163879,0.145718,8.49453,-8.378856,0.163879,-0.163879,-170.465164,8.378856,0.145718,9.432128,-8.49453,-0.145718,0.163879,0.975659,-0.975659,NA,NA,NA,NA,NA,NA,NA,NA,NA,NA,NA,NA
NA,NA,NA,NA,NA,NA,NA,NA,NA,NA,NA,NA,NA,NA,NA,NA,110,2026-01-21,16:36:12,5,5,"Rowland, Bryson",10323022,Left,CAR_EAG,"Cochran, Carson",10085797,Right,CAR_EAG,Undefined,4,Bottom,2,3,1,Fastball,Changeup,BallCalled,Walk,Undefined,Undefined,0,0,NA,81.89959,-1.880655,4.503745,2546.221316,149.486836,11:00:00,5.89805,-1.36604,6.36831,-20.20954,21.05981,-11.59201,2.47736,1.82088,74.60715,-5.755113,2.414148,0.462365,NA,NA,NA,NA,NA,NA,NA,NA,NA,NA,NA,7.30619,11.9128,1.04483,50,5.75194,-8.91303,-118.60353,-4.39019,10.37049,23.42702,-15.26488,CAR_EAG,CAR_EAG,CarsonNewman,TeamExclusive,Team,20260121-CarsonNewman-Private-1,37062660-f711-11f0-ab51-7d94a826c0d5,81.52093,NA,NA,7.29244,NA,NA,NA,NA,NA,NA,12e7b950-fffd-45a9-b94a-b9563b4018a5,2026-01-21,21:36:12,2026-01-21T21:36:12Z,2026-01-21T21:36:12Z,NA,v3,CNE,CNE,NA,"Hammond, Kevin",10120878,Right,CAR_EAG,6f162310-9a7c-4aa8-b6d5-9bedd0588e0d,54.13072,-119.41665,11.71351,5.89513,-3.86037,-7.63244,1.36044,-9.27298,5.18524,NA,NA,NA,NA,NA,NA,NA,NA,NA,NA,NA,NA,NA,NA,NA,NA,NA,NA,NA,NA,NA,NA,NA,NA,NA,NA,NA,NA,NA,NA,NA,NA,NA,NA,NA,NA,NA,NA,NA,NA,NA,NA,NA,NA,NA,NA,NA,NA,NA,NA,High,High,High,NA,NA,NA,NA,NA,146.610423,-31.046269,2181.477935,0.856751,11:00:00,0.554607,0.488166,-0.67387300000000006,51.161159,-6.61475,-24.784112,-0.124435,167.236681,-0.967711,-12.662465,0.967711,-0.219207,0.124435,7.327285,-7.148132,0.219207,-0.219207,-167.236681,7.148132,0.124435,12.662465,-7.327285,-0.124435,0.219207,0.967711,-0.967711,NA,NA,NA,NA,NA,NA,NA,NA,NA,NA,NA,NA
NA,NA,NA,NA,NA,NA,NA,NA,NA,NA,NA,NA,NA,NA,NA,NA,111,2026-01-21,16:37:14,6,1,"Rowland, Bryson",10323022,Left,CAR_EAG,"Bolton, Ryan",1000215919,Right,CAR_EAG,Undefined,4,Bottom,2,0,0,Fastball,Changeup,StrikeCalled,Undefined,Undefined,Undefined,0,0,NA,80.75435,-1.163516,3.272165,2437.289164,161.264803,11:30:00,5.9828,-1.64866,5.73933,-21.59178,21.98525,-6.93996,3.09812,0.8233,73.18908,-5.269137,2.033378,0.475117,NA,NA,NA,NA,NA,NA,NA,NA,NA,NA,NA,4.48918,11.95312,1.38016,50,5.8727,-6.40729,-116.9426,-2.95786,6.16514,23.75603,-15.75837,CAR_EAG,CAR_EAG,CarsonNewman,TeamExclusive,Team,20260121-CarsonNewman-Private-1,5bf03920-f711-11f0-ab51-7d94a826c0d5,79.33303,NA,NA,7.56527,NA,NA,NA,NA,NA,NA,12e7b950-fffd-45a9-b94a-b9563b4018a5,2026-01-21,21:37:14,2026-01-21T21:37:14Z,2026-01-21T21:37:14Z,NA,v3,CNE,CNE,NA,"Hammond, Kevin",10120878,Right,CAR_EAG,56286014-79e3-492a-9280-30e4cc5c3657,54.75739,-117.90507,11.87802,5.9796,-2.31942,-7.87918,1.64481,-6.65707,3.08257,NA,NA,NA,NA,NA,NA,NA,NA,NA,NA,NA,NA,NA,NA,NA,NA,NA,NA,NA,NA,NA,NA,NA,NA,NA,NA,NA,NA,NA,NA,NA,NA,NA,NA,NA,NA,NA,NA,NA,NA,NA,NA,NA,NA,NA,NA,NA,NA,NA,NA,High,High,High,NA,NA,NA,NA,NA,146.333599,-30.706419,2095.56921,0.859795,11:00:00,0.540884,0.486904,-0.685835,28.222066,-36.761187,16.403205,-0.168261,173.29177,-0.978994,-6.612156,0.978994,-0.115148,0.168261,9.752241,-9.686745,0.115148,-0.115148,-173.29177,9.686745,0.168261,6.612156,-9.752241,-0.168261,0.115148,0.978994,-0.978994,NA,NA,NA,NA,NA,NA,NA,NA,NA,NA,NA,NA
NA,NA,NA,NA,NA,NA,NA,NA,NA,NA,NA,NA,NA,NA,NA,NA,112,2026-01-21,16:37:33,6,2,"Rowland, Bryson",10323022,Left,CAR_EAG,"Bolton, Ryan",1000215919,Right,CAR_EAG,Undefined,4,Bottom,2,0,1,Fastball,Changeup,FoulBallNotFieldable,Undefined,Undefined,Undefined,0,0,NA,80.86239,-2.462055,1.855314,2118.197604,149.78787,11:00:00,6.03865,-1.56139,5.43237,-23.22493,20.69962,-11.15146,1.7948,-0.7525,73.4731,-6.820536,-0.128839,0.477007,58.84214,49.382631,128.080614,3068.421215,NA,NA,NA,NA,22.84128,NA,NA,6.19792,11.62733,1.40506,50,5.80474,-3.34479,-117.13149,-5.72889,8.53467,23.94571,-16.16298,CAR_EAG,CAR_EAG,CarsonNewman,TeamExclusive,Team,20260121-CarsonNewman-Private-1,67001a10-f711-11f0-ab51-7d94a826c0d5,79.01857,24.4876,NA,7.38929,NA,NA,NA,0.75399,1.7228,0.75531,12e7b950-fffd-45a9-b94a-b9563b4018a5,2026-01-21,21:37:33,2026-01-21T21:37:33Z,2026-01-21T21:37:33Z,NA,v3,CNE,CNE,NA,"Hammond, Kevin",10120878,Right,CAR_EAG,3ef3ca6d-344b-47e5-8cc8-baa972a84fea,55.06708,-118.16284,11.97285,6.0365,-5.03275,-8.08149,1.55703,-3.71238,4.26734,328.522047,0.75886,-34.81077,-0.42003,NA,NA,NA,NA,NA,NA,1.73716,65.04827,-25.92447,NA,NA,NA,NA,NA,NA,0.76099000000000006,44.04222,-6.50617,NA,NA,NA,NA,NA,NA,NA,NA,NA,NA,NA,NA,NA,NA,NA,NA,NA,NA,NA,NA,NA,NA,NA,NA,NA,NA,NA,NA,High,High,High,High,Undefined,NA,NA,NA,145.172551,-24.332643,1930.035305,0.911169,10:45:00,0.413311,0.537594,-0.73496,-3.38332,-30.991356,69.116147,-0.137183,169.607631,-0.974296,-10.293041,0.974296,-0.178683,0.137183,8.01466,-7.88485,0.178683,-0.178683,-169.607631,7.88485,0.137183,10.293041,-8.01466,-0.137183,0.178683,0.974296,-0.974296,NA,NA,NA,NA,NA,NA,NA,NA,NA,NA,NA,NA
NA,NA,NA,NA,NA,NA,NA,NA,NA,NA,NA,NA,NA,NA,NA,NA,113,2026-01-21,16:38:01,6,3,"Rowland, Bryson",10323022,Left,CAR_EAG,"Bolton, Ryan",1000215919,Right,CAR_EAG,Undefined,4,Bottom,2,0,2,Fastball,Changeup,InPlay,Undefined,LineDrive,Single,0,2,NA,81.39536,-0.781279,1.962987,2136.17904,161.182679,11:15:00,5.95876,-1.55521,5.95069,-22.17415,20.13155,-6.37705,3.38581,-0.26526,74.03988,-4.995703,0.818064,0.468135,89.94474,12.196626,1.614012,926.239414,109.81376,19.38435,6.38907,242.21319,242.21319,4.894277,2.541033,3.86591,10.99229,1.40263,50,5.88425,-3.8067,-118.12836,-2.21243,5.42972,23.76746,-16.73522,CAR_EAG,CAR_EAG,CarsonNewman,TeamExclusive,Team,20260121-CarsonNewman-Private-1,77d52f10-f711-11f0-ab51-7d94a826c0d5,80.5162,19.96191,NA,7.35549,NA,NA,NA,0.73991,3.32493,0.26895,12e7b950-fffd-45a9-b94a-b9563b4018a5,2026-01-21,21:38:01,2026-01-21T21:38:01Z,2026-01-21T21:38:01Z,LineDrive,v3,CNE,CNE,NA,"Hammond, Kevin",10120878,Right,CAR_EAG,f9d44626-ab5a-4a9e-acab-a136a9e9db1e,54.54913,-119.04013,11.88373,5.9568,-1.57044,-8.36761,1.55266,-4.01499,2.71486,206.26514,0.73996,128.88828,-20.48961,4.12963,-0.83587,0.21593,-0.06708,0.01472,-0.00139,3.32483,27.87397,-11.59638,-0.24437,0.28996,-0.20395,0.1008,-0.02518,0.0025,0.26886,3.63499,3.8364,-1.45306,0.47843,-0.21655,0.090939999999999993,-0.02193,0.00215,NA,NA,NA,NA,NA,NA,NA,NA,NA,NA,NA,NA,NA,NA,NA,NA,NA,NA,NA,NA,NA,NA,High,High,High,High,High,NA,NA,NA,147.941305,-29.829465,1853.156167,0.86751,11:00:00,0.515991,0.467203,-0.717965,26.351645,-29.616787,5.551975,-0.027357,172.489592,-0.99105,-7.507581,0.99105,-0.130657,0.027357,1.581183,-1.567625,0.130657,-0.130657,-172.489592,1.567625,0.027357,7.507581,-1.581183,-0.027357,0.130657,0.99105,-0.99105,NA,NA,NA,NA,NA,NA,NA,NA,NA,NA,NA,NA
NA,NA,NA,NA,NA,NA,NA,NA,NA,NA,NA,NA,NA,NA,NA,NA,114,2026-01-21,16:38:46,7,1,"Rowland, Bryson",10323022,Left,CAR_EAG,"Smith, Braxton",1000370200,Right,CAR_EAG,Undefined,4,Bottom,2,0,0,Fastball,Changeup,BallCalled,Undefined,Undefined,Undefined,1,0,NA,81.59663,0.142446,1.985125,1983.88416,161.666364,11:30:00,6.00247,-1.52064,5.7518,-21.66186,20.82438,-6.42441,4.33001,-0.20719,73.99052,-3.978086,0.836379,0.469133,NA,NA,NA,NA,NA,NA,NA,NA,NA,NA,NA,3.83756,10.95788,1.35962,50,6.00124,-3.84256,-118.33675,-0.29965,5.40527,23.99262,-16.73964,CAR_EAG,CAR_EAG,CarsonNewman,TeamExclusive,Team,20260121-CarsonNewman-Private-1,92afb9e0-f711-11f0-ab51-7d94a826c0d5,80.34494,NA,NA,7.60612,NA,NA,NA,NA,NA,NA,12e7b950-fffd-45a9-b94a-b9563b4018a5,2026-01-21,21:38:46,2026-01-21T21:38:46Z,2026-01-21T21:38:46Z,NA,v3,CNE,CNE,NA,"Hammond, Kevin",10120878,Right,CAR_EAG,b71a12ff-e68c-42f5-b827-de842fdba137,54.7455,-119.29501,11.99631,5.99986,0.36893,-8.36982,1.5174,-4.05845,2.70263,NA,NA,NA,NA,NA,NA,NA,NA,NA,NA,NA,NA,NA,NA,NA,NA,NA,NA,NA,NA,NA,NA,NA,NA,NA,NA,NA,NA,NA,NA,NA,NA,NA,NA,NA,NA,NA,NA,NA,NA,NA,NA,NA,NA,NA,NA,NA,NA,NA,NA,High,High,High,NA,NA,NA,NA,NA,146.087185,-29.719036,1722.937641,0.868467,10:45:00,0.521618,0.48331,-0.703083,8.646417,-34.545842,31.328752,-0.006905,169.917262,-0.984532,-10.082495,0.984532,-0.175066,0.006905,0.401824,-0.395618,0.175066,-0.175066,-169.917262,0.395618,0.006905,10.082495,-0.401824,-0.006905,0.175066,0.984532,-0.984532,NA,NA,NA,NA,NA,NA,NA,NA,NA,NA,NA,NA
NA,NA,NA,NA,NA,NA,NA,NA,NA,NA,NA,NA,NA,NA,NA,NA,115,2026-01-21,16:41:56,1,1,"Copley, Tyson",10100116,Right,CAR_EAG,"Copley, Tyson",10100116,Right,CAR_EAG,Undefined,5,Top,0,0,0,Slider,Curveball,BallCalled,Undefined,Undefined,Undefined,0,0,NA,68.22567,1.482598,-3.627452,2071.364518,74.009669,08:30:00,4.62738,3.38741,6.00267,-61.11192,-1.19028,-10.41658,0.91154,-0.84628,63.20606,-9.711541,-5.49503,0.557139,NA,NA,NA,NA,NA,NA,NA,NA,NA,NA,NA,4.34315,-0.46028,-3.09612,50,4.71087,6.60375,-98.97364,0.91962,4.30614,15.86204,-32.63039,CAR_EAG,CAR_EAG,CarsonNewman,TeamExclusive,Team,20260121-CarsonNewman-Private-1,04350160-f712-11f0-ab51-7d94a826c0d5,67.65361,NA,NA,5.01961,NA,NA,NA,NA,NA,NA,12e7b950-fffd-45a9-b94a-b9563b4018a5,2026-01-21,21:41:56,2026-01-21T21:41:56Z,2026-01-21T21:41:56Z,NA,v3,CNE,CNE,NA,"Cochran, Carson",10085797,Right,CAR_EAG,82650696-6b52-4414-8579-ccee7db7b6b0,54.50015,-99.69225,7.93102,4.63572,2.3979,-16.31519,-3.39087,6.40866,2.15307,NA,NA,NA,NA,NA,NA,NA,NA,NA,NA,NA,NA,NA,NA,NA,NA,NA,NA,NA,NA,NA,NA,NA,NA,NA,NA,NA,NA,NA,NA,NA,NA,NA,NA,NA,NA,NA,NA,NA,NA,NA,NA,NA,NA,NA,NA,NA,NA,NA,NA,High,High,High,NA,NA,NA,NA,NA,77.328769,78.636229,408.136406,0.197037,08:30:00,-0.970406,0.21754,0.104828,-38.34108,-8.20445,25.068284,-0.763825,147.94585,-0.547027,-20.031664,0.547027,-0.342539,0.763825,54.390999,-49.802576,0.342539,-0.342539,-147.94585,49.802576,0.763825,20.031664,-54.390999,-0.763825,0.342539,0.547027,-0.547027,NA,NA,NA,NA,NA,NA,NA,NA,NA,NA,NA,NA
NA,NA,NA,NA,NA,NA,NA,NA,NA,NA,NA,NA,NA,NA,NA,NA,116,2026-01-21,16:42:12,1,2,"Copley, Tyson",10100116,Right,CAR_EAG,"Hornbuckle, Kylan",1000106804,Right,CAR_EAG,Undefined,5,Top,0,1,0,Slider,Curveball,BallCalled,Undefined,Undefined,Undefined,0,0,NA,69.31343,1.160569,-0.622401,1863.058079,91.79275,09:00:00,4.72504,3.16592,6.26948,-55.26503,2.40602,-16.55674,1.18979,1.21236,63.59363,-9.088825,-3.618117,0.546576,NA,NA,NA,NA,NA,NA,NA,NA,NA,NA,NA,8.42567,1.45201,-3.11205,50,4.78427,1.60933,-100.72447,0.61285,8.57797,17.73775,-30.69578,CAR_EAG,CAR_EAG,CarsonNewman,TeamExclusive,Team,20260121-CarsonNewman-Private-1,0d4c6db0-f712-11f0-ab51-7d94a826c0d5,68.96107,NA,NA,5.71979,NA,NA,NA,NA,NA,NA,12e7b950-fffd-45a9-b94a-b9563b4018a5,2026-01-21,21:42:12,2026-01-21T21:42:12Z,2026-01-21T21:42:12Z,NA,v3,CNE,CNE,NA,"Cochran, Carson",10085797,Right,CAR_EAG,012a4a31-8df1-4ba1-8c94-9b5fd786b2b8,54.23251,-101.46708,8.86888,4.73171,1.89797,-15.34789,-3.17191,1.2502,4.28898,NA,NA,NA,NA,NA,NA,NA,NA,NA,NA,NA,NA,NA,NA,NA,NA,NA,NA,NA,NA,NA,NA,NA,NA,NA,NA,NA,NA,NA,NA,NA,NA,NA,NA,NA,NA,NA,NA,NA,NA,NA,NA,NA,NA,NA,NA,NA,NA,NA,NA,High,High,High,NA,NA,NA,NA,NA,77.481249,68.271626,689.716823,0.370207,08:30:00,-0.920513,0.380146,0.09025,-52.816633,11.948802,16.893716,-0.772383,136.382056,-0.459826,-25.986606,0.459826,-0.438161,0.772383,59.233208,-50.568337,0.438161,-0.438161,-136.382056,50.568337,0.772383,25.986606,-59.233208,-0.772383,0.438161,0.459826,-0.459826,NA,NA,NA,NA,NA,NA,NA,NA,NA,NA,NA,NA
NA,NA,NA,NA,NA,NA,NA,NA,NA,NA,NA,NA,NA,NA,NA,NA,117,2026-01-21,16:42:28,1,3,"Copley, Tyson",10100116,Right,CAR_EAG,"Hornbuckle, Kylan",1000106804,Right,CAR_EAG,Undefined,5,Top,0,2,0,Fastball,Changeup,StrikeCalled,Undefined,Undefined,Undefined,0,0,NA,76.75612,1.331239,-5.702633,2049.925445,252.193436,02:30:00,4.1784,3.41462,6.19988,-42.39152,4.80866,10.3702,1.88103,-1.003,70.32394,-6.526627,-3.84545,0.494474,NA,NA,NA,NA,NA,NA,NA,NA,NA,NA,NA,-6.91095,2.59374,-2.98931,50,4.25787,10.72253,-111.03117,1.37601,-8.64061,19.5892,-28.93117,CAR_EAG,CAR_EAG,CarsonNewman,TeamExclusive,Team,20260121-CarsonNewman-Private-1,173ab200-f712-11f0-ab51-7d94a826c0d5,76.22736,NA,NA,6.43218,NA,NA,NA,NA,NA,NA,12e7b950-fffd-45a9-b94a-b9563b4018a5,2026-01-21,21:42:28,2026-01-21T21:42:28Z,2026-01-21T21:42:28Z,NA,v3,CNE,CNE,NA,"Cochran, Carson",10085797,Right,CAR_EAG,671c62e9-b122-4a11-b233-52b75696c081,54.30111,-111.78744,9.7946,4.18319,2.49294,-14.46558,-3.4097,11.05611,-4.3203,NA,NA,NA,NA,NA,NA,NA,NA,NA,NA,NA,NA,NA,NA,NA,NA,NA,NA,NA,NA,NA,NA,NA,NA,NA,NA,NA,NA,NA,NA,NA,NA,NA,NA,NA,NA,NA,NA,NA,NA,NA,NA,NA,NA,NA,NA,NA,NA,NA,NA,High,High,High,NA,NA,NA,NA,NA,252.80421,46.158965,1419.901201,0.69266,02:30:00,-0.753146,-0.644763,-0.130586,-114.095403,-25.116311,-22.458294,-0.294216,151.050242,-0.836314,-27.55619,0.836314,-0.462618,0.294216,19.381906,-17.110523,0.462618,-0.462618,-151.050242,17.110523,0.294216,27.55619,-19.381906,-0.294216,0.462618,0.836314,-0.836314,NA,NA,NA,NA,NA,NA,NA,NA,NA,NA,NA,NA
NA,NA,NA,NA,NA,NA,NA,NA,NA,NA,NA,NA,NA,NA,NA,NA,118,2026-01-21,16:42:45,1,4,"Copley, Tyson",10100116,Right,CAR_EAG,"Hornbuckle, Kylan",1000106804,Right,CAR_EAG,Undefined,5,Top,0,2,1,Fastball,Changeup,FoulBallNotFieldable,Undefined,Undefined,Undefined,0,0,NA,76.99448,2.26385,-4.635808,2047.026752,271.823709,03:00:00,4.21257,3.30768,6.57157,-45.14282,0.95039,14.98934,2.53374,0.29805,70.49886,-6.158462,-1.923756,0.488641,90.37281,-6.486291,-55.071965,NA,NA,NA,NA,24.27527,19.38258,-50.945315,0.172469,-9.18197,0.26909,-2.99447,50,4.34973,8.5613,-111.62248,3.20142,-11.59641,19.89861,-31.83417,CAR_EAG,CAR_EAG,CarsonNewman,TeamExclusive,Team,20260121-CarsonNewman-Private-1,20d46db0-f712-11f0-ab51-7d94a826c0d5,77.13728,2.58691,NA,6.49562,NA,NA,NA,2.26753,2.58691,-0.19597,12e7b950-fffd-45a9-b94a-b9563b4018a5,2026-01-21,21:42:45,2026-01-21T21:42:45Z,2026-01-21T21:42:45Z,GroundBall,v3,CNE,CNE,NA,"Cochran, Carson",10085797,Right,CAR_EAG,b20ff138-06a5-40a3-97b3-5e81f2727bba,53.93194,-112.32122,9.94931,4.21768,4.31929,-15.91709,-3.30225,8.96851,-5.79821,180,2.26388,75.53484,NA,NA,NA,NA,NA,NA,NA,2.58763,-14.99929,NA,NA,NA,NA,NA,NA,NA,-0.19075,-108.16383,NA,NA,NA,NA,NA,NA,NA,NA,NA,NA,NA,NA,NA,NA,NA,NA,NA,NA,NA,NA,NA,NA,NA,NA,NA,NA,NA,NA,NA,High,High,High,Medium,Low,NA,NA,NA,253.734053,39.676069,1575.527468,0.769666,02:30:00,-0.682375,-0.713062,-0.160956,58.616622,21.76924,-60.700396,-0.326918,146.007572,-0.783554,-31.894931,0.783554,-0.528363,0.326918,22.647097,-19.081817,0.528363,-0.528363,-146.007572,19.081817,0.326918,31.894931,-22.647097,-0.326918,0.528363,0.783554,-0.783554,NA,NA,NA,NA,NA,NA,NA,NA,NA,NA,NA,NA
NA,NA,NA,NA,NA,NA,NA,NA,NA,NA,NA,NA,NA,NA,NA,NA,119,2026-01-21,16:43:06,1,5,"Copley, Tyson",10100116,Right,CAR_EAG,"Hornbuckle, Kylan",1000106804,Right,CAR_EAG,Undefined,5,Top,0,2,2,Slider,Curveball,FoulBallNotFieldable,Undefined,Undefined,Undefined,0,0,NA,70.24646,2.356557,-3.703332,2303.384631,113.235935,09:45:00,4.51473,3.3202,6.07338,-50.61381,6.02646,-9.92367,2.48335,-0.93844,64.41572,-7.012991,-5.480915,0.541669,NA,NA,NA,NA,NA,NA,NA,NA,NA,NA,NA,4.02032,3.00669,-3.02809,50,4.67108,6.91432,-101.76753,2.83994,4.20315,17.18263,-29.03062,CAR_EAG,CAR_EAG,CarsonNewman,TeamExclusive,Team,20260121-CarsonNewman-Private-1,2d7eebd0-f712-11f0-ab51-7d94a826c0d5,69.58573,NA,NA,5.83073,NA,NA,NA,NA,NA,NA,12e7b950-fffd-45a9-b94a-b9563b4018a5,2026-01-21,21:43:06,2026-01-21T21:43:06Z,2026-01-21T21:43:06Z,NA,v3,CNE,CNE,NA,"Cochran, Carson",10085797,Right,CAR_EAG,5a6813a7-3926-47c9-bd7d-9e6886a81eda,54.42619,-102.51213,8.59132,4.52075,4.09797,-14.51531,-3.32378,6.73218,2.10157,NA,NA,NA,NA,NA,NA,NA,NA,NA,NA,NA,NA,NA,NA,NA,NA,NA,NA,NA,NA,NA,NA,NA,NA,NA,NA,NA,NA,NA,NA,NA,NA,NA,NA,NA,NA,NA,NA,NA,NA,NA,NA,NA,NA,NA,NA,NA,NA,NA,NA,High,High,High,NA,NA,NA,NA,NA,91.589703,75.743163,567.252117,0.246269,09:00:00,-0.9567,0.285818,0.055077,-38.655897,-3.673413,10.53097,-0.882951,142.418853,-0.372046,-16.637725,0.372046,-0.286319,0.882951,67.151055,-62.000437,0.286319,-0.286319,-142.418853,62.000437,0.882951,16.637725,-67.151055,-0.882951,0.286319,0.372046,-0.372046,NA,NA,NA,NA,NA,NA,NA,NA,NA,NA,NA,NA
NA,NA,NA,NA,NA,NA,NA,NA,NA,NA,NA,NA,NA,NA,NA,NA,120,2026-01-21,16:43:29,1,6,"Copley, Tyson",10100116,Right,CAR_EAG,"Hornbuckle, Kylan",1000106804,Right,CAR_EAG,Undefined,5,Top,0,2,2,Slider,Curveball,InPlay,Undefined,FlyBall,Out,1,0,NA,70.93169,2.623292,-3.464884,2179.343498,99.394835,09:15:00,4.55477,3.10104,6.06272,-52.03487,3.74166,-11.75323,2.65263,-1.0892,64.79972,-7.009966,-5.57043,0.537523,78.26638,34.951365,-4.638629,NA,109.90809,65.0222,-4.49197,272.8046,269.79309,-0.070594,4.734463,5.04654,1.62284,-2.82545,50,4.73096,6.60225,-102.76325,3.31201,5.35225,18.33227,-30.45289,CAR_EAG,CAR_EAG,CarsonNewman,TeamExclusive,Team,20260121-CarsonNewman-Private-1,3b2e7de0-f712-11f0-ab51-7d94a826c0d5,70.12245,74.27804,NA,6.13196,NA,NA,NA,1.86034,2.85286,1.04861,12e7b950-fffd-45a9-b94a-b9563b4018a5,2026-01-21,21:43:29,2026-01-21T21:43:29Z,2026-01-21T21:43:29Z,FlyBall,v3,CNE,CNE,NA,"Cochran, Carson",10085797,Right,CAR_EAG,707a443a-45db-44c8-95ef-0b8976178621,54.43894,-103.5521,9.16614,4.56025,4.62242,-15.22644,-3.10459,6.37194,2.67612,190.856346,1.86121,93.76107,-16.93997,3.80605,-0.72019,0.12686,-0.02185,0.00282,-1.6e-4,2.85323,65.74932,-16.46524,0.61292,0.11222,-0.1066,0.03387,-0.00494,2.7e-4,1.04841,-7.60454,3.56298,-0.86839,0.17491,-0.0296,0.00425,-4.6e-4,3e-5,NA,NA,NA,NA,NA,NA,NA,NA,NA,NA,NA,NA,NA,NA,NA,NA,NA,NA,NA,NA,NA,NA,High,High,High,High,High,NA,NA,NA,86.24667,75.247243,554.966529,0.254648,08:45:00,-0.951638,0.298096,0.074319,-42.693094,-5.683141,4.077495,-0.91613,157.120861,-0.369342,-8.966545,0.369342,-0.155858,0.91613,68.042955,-66.366769,0.155858,-0.155858,-157.120861,66.366769,0.91613,8.966545,-68.042955,-0.91613,0.155858,0.369342,-0.369342,NA,NA,NA,NA,NA,NA,NA,NA,NA,NA,NA,NA
NA,NA,NA,NA,NA,NA,NA,NA,NA,NA,NA,NA,NA,NA,NA,NA,121,2026-01-21,16:44:03,2,1,"Copley, Tyson",10100116,Right,CAR_EAG,"Evans, Colton",10278429,Right,CAR_EAG,Undefined,5,Top,1,0,0,Fastball,Changeup,StrikeCalled,Undefined,Undefined,Undefined,0,0,NA,78.04956,1.711879,-3.508096,2157.168987,250.635069,02:15:00,4.00514,3.71209,6.11303,-41.16522,4.09276,7.92579,2.16106,1.12471,71.94958,-5.908393,-2.083833,0.484194,NA,NA,NA,NA,NA,NA,NA,NA,NA,NA,NA,-4.98236,2.08799,-3.44666,50,4.11519,6.66185,-113.28903,2.16828,-6.52752,19.12965,-29.43854,CAR_EAG,CAR_EAG,CarsonNewman,TeamExclusive,Team,20260121-CarsonNewman-Private-1,4f716970-f712-11f0-ab51-7d94a826c0d5,77.8458,NA,NA,6.09997,NA,NA,NA,NA,NA,NA,12e7b950-fffd-45a9-b94a-b9563b4018a5,2026-01-21,21:44:03,2026-01-21T21:44:03Z,2026-01-21T21:44:03Z,NA,v3,CNE,CNE,NA,"Cochran, Carson",10085797,Right,CAR_EAG,836aa45a-73cf-47ac-8e53-0f2f07d982e6,54.38896,-114.02773,9.56482,4.00951,3.30506,-14.71927,-3.70878,6.9139099999999996,-3.26376,NA,NA,NA,NA,NA,NA,NA,NA,NA,NA,NA,NA,NA,NA,NA,NA,NA,NA,NA,NA,NA,NA,NA,NA,NA,NA,NA,NA,NA,NA,NA,NA,NA,NA,NA,NA,NA,NA,NA,NA,NA,NA,NA,NA,NA,NA,NA,NA,NA,NA,High,High,High,NA,NA,NA,NA,NA,260.893491,50.234447,1379.828143,0.639648,02:45:00,-0.791912,-0.608341,-0.052879,55.482593,48.1813,-72.705988,-0.269413,158.822573,-0.897988,-20.3589,0.897988,-0.3479,0.269413,16.700233,-15.629356,0.3479,-0.3479,-158.822573,15.629356,0.269413,20.3589,-16.700233,-0.269413,0.3479,0.897988,-0.897988,NA,NA,NA,NA,NA,NA,NA,NA,NA,NA,NA,NA
NA,NA,NA,NA,NA,NA,NA,NA,NA,NA,NA,NA,NA,NA,NA,NA,122,2026-01-21,16:44:20,2,2,"Copley, Tyson",10100116,Right,CAR_EAG,"Evans, Colton",10278429,Right,CAR_EAG,Undefined,5,Top,1,0,1,Slider,Curveball,BallCalled,Undefined,Undefined,Undefined,0,0,NA,70.58146,2.164168,-0.069515,2105.802057,112.587798,09:45:00,4.63297,3.51962,5.84681,-48.35554,8.10607,-15.08898,2.61548,2.1976,64.46991,-6.797658,-2.774389,0.540814,NA,NA,NA,NA,NA,NA,NA,NA,NA,NA,NA,7.6267,4.09851,-3.50537,50,4.78117,0.64495,-102.41959,2.52618,8.06026,17.71144,-27.84255,CAR_EAG,CAR_EAG,CarsonNewman,TeamExclusive,Team,20260121-CarsonNewman-Private-1,59ee8040-f712-11f0-ab51-7d94a826c0d5,69.69572,NA,NA,6.11155,NA,NA,NA,NA,NA,NA,12e7b950-fffd-45a9-b94a-b9563b4018a5,2026-01-21,21:44:20,2026-01-21T21:44:20Z,2026-01-21T21:44:20Z,NA,v3,CNE,CNE,NA,"Cochran, Carson",10085797,Right,CAR_EAG,9f39333a-1b69-4b37-8f4d-3dded85a4bcd,54.65225,-103.22096,8.85572,4.63837,3.78595,-13.92128,-3.5263,0.28026,4.03013,NA,NA,NA,NA,NA,NA,NA,NA,NA,NA,NA,NA,NA,NA,NA,NA,NA,NA,NA,NA,NA,NA,NA,NA,NA,NA,NA,NA,NA,NA,NA,NA,NA,NA,NA,NA,NA,NA,NA,NA,NA,NA,NA,NA,NA,NA,NA,NA,NA,NA,High,High,High,NA,NA,NA,NA,NA,75.366866,63.088685,953.108784,0.452611,08:30:00,-0.874395,0.471291,0.115404,-47.933448,-0.405551,5.135702,-0.827743,150.401832,-0.487888,-16.089495,0.487888,-0.277138,0.827743,59.484067,-55.867633,0.277138,-0.277138,-150.401832,55.867633,0.827743,16.089495,-59.484067,-0.827743,0.277138,0.487888,-0.487888,NA,NA,NA,NA,NA,NA,NA,NA,NA,NA,NA,NA
NA,NA,NA,NA,NA,NA,NA,NA,NA,NA,NA,NA,NA,NA,NA,NA,123,2026-01-21,16:44:37,2,3,"Copley, Tyson",10100116,Right,CAR_EAG,"Evans, Colton",10278429,Right,CAR_EAG,Undefined,5,Top,1,1,1,Slider,Curveball,StrikeCalled,Undefined,Undefined,Undefined,0,0,NA,69.61357,1.848242,-1.386855,2093.453998,88.756304,09:00:00,4.66511,3.58154,6.00706,-56.12275,1.44209,-16.27131,1.70173,0.94041,64.049,-8.498623,-4.312297,0.546072,NA,NA,NA,NA,NA,NA,NA,NA,NA,NA,NA,7.95193,0.7728,-3.46381,50,4.77992,2.97818,-101.10251,1.73009,8.19843,17.08624,-31.37728,CAR_EAG,CAR_EAG,CarsonNewman,TeamExclusive,Team,20260121-CarsonNewman-Private-1,642d0770-f712-11f0-ab51-7d94a826c0d5,69.02465,NA,NA,5.56457,NA,NA,NA,NA,NA,NA,12e7b950-fffd-45a9-b94a-b9563b4018a5,2026-01-21,21:44:37,2026-01-21T21:44:37Z,2026-01-21T21:44:37Z,NA,v3,CNE,CNE,NA,"Cochran, Carson",10085797,Right,CAR_EAG,891da724-558a-49da-9d82-0f51e1a2cb28,54.49504,-101.85933,8.54312,4.67251,3.11993,-15.68864,-3.58768,2.61504,4.09922,NA,NA,NA,NA,NA,NA,NA,NA,NA,NA,NA,NA,NA,NA,NA,NA,NA,NA,NA,NA,NA,NA,NA,NA,NA,NA,NA,NA,NA,NA,NA,NA,NA,NA,NA,NA,NA,NA,NA,NA,NA,NA,NA,NA,NA,NA,NA,NA,NA,NA,High,High,High,NA,NA,NA,NA,NA,76.520352,68.691372,760.743438,0.363392,08:30:00,-0.917435,0.383245,0.106942,-27.642351,-1.028646,5.295967,-0.876093,132.351091,-0.324806,-20.874261,0.324806,-0.356318,0.876093,69.658048,-61.174558,0.356318,-0.356318,-132.351091,61.174558,0.876093,20.874261,-69.658048,-0.876093,0.356318,0.324806,-0.324806,NA,NA,NA,NA,NA,NA,NA,NA,NA,NA,NA,NA
NA,NA,NA,NA,NA,NA,NA,NA,NA,NA,NA,NA,NA,NA,NA,NA,124,2026-01-21,16:44:56,2,4,"Copley, Tyson",10100116,Right,CAR_EAG,"Evans, Colton",10278429,Right,CAR_EAG,Undefined,5,Top,1,1,2,Slider,Curveball,BallCalled,Undefined,Undefined,Undefined,0,0,NA,69.07529,1.056413,-1.188289,1907.844594,93.596451,09:00:00,4.62461,3.2226,6.02693,-55.59979,2.8326,-15.63812,0.97003,0.81871,63.61868,-9.191704,-4.003707,0.550172,NA,NA,NA,NA,NA,NA,NA,NA,NA,NA,NA,7.68213,1.74205,-3.12137,50,4.67742,2.58697,-100.34717,0.35218,7.79527,16.96959,-30.40634,CAR_EAG,CAR_EAG,CarsonNewman,TeamExclusive,Team,20260121-CarsonNewman-Private-1,6f1c6810-f712-11f0-ab51-7d94a826c0d5,68.51032,NA,NA,5.45661,NA,NA,NA,NA,NA,NA,12e7b950-fffd-45a9-b94a-b9563b4018a5,2026-01-21,21:44:56,2026-01-21T21:44:56Z,2026-01-21T21:44:56Z,NA,v3,CNE,CNE,NA,"Cochran, Carson",10085797,Right,CAR_EAG,1824811d-48e7-493e-a28d-8f1b64bb3af1,54.47453,-101.10102,8.4848,4.63177,1.70294,-15.20317,-3.22861,2.24067,3.89763,NA,NA,NA,NA,NA,NA,NA,NA,NA,NA,NA,NA,NA,NA,NA,NA,NA,NA,NA,NA,NA,NA,NA,NA,NA,NA,NA,NA,NA,NA,NA,NA,NA,NA,NA,NA,NA,NA,NA,NA,NA,NA,NA,NA,NA,NA,NA,NA,NA,NA,High,High,High,NA,NA,NA,NA,NA,NA,NA,NA,NA,NA,NA,NA,NA,NA,NA,NA,NA,NA,NA,NA,NA,NA,NA,NA,NA,NA,NA,NA,NA,NA,NA,NA,NA,NA,NA,NA,NA,NA,NA,NA,NA,NA,NA,NA,NA,NA,NA,NA
NA,NA,NA,NA,NA,NA,NA,NA,NA,NA,NA,NA,NA,NA,NA,NA,125,2026-01-21,16:45:17,2,5,"Copley, Tyson",10100116,Right,CAR_EAG,"Evans, Colton",10278429,Right,CAR_EAG,Undefined,5,Top,1,2,2,Slider,Curveball,BallCalled,Undefined,Undefined,Undefined,0,0,NA,69.97065,0.275957,-0.342106,2022.314046,87.780845,09:00:00,4.6999,3.38659,6.11559,-55.53275,0.95693,-19.64509,0.32733,1.43318,64.82601,-9.936386,-3.890359,0.540949,NA,NA,NA,NA,NA,NA,NA,NA,NA,NA,NA,10.08831,0.92587,-3.35019,50,4.69207,1.22929,-101.77064,-1.00539,10.56419,16.94099,-31.20449,CAR_EAG,CAR_EAG,CarsonNewman,TeamExclusive,Team,20260121-CarsonNewman-Private-1,7b78c630-f712-11f0-ab51-7d94a826c0d5,69.67842,NA,NA,5.14464,NA,NA,NA,NA,NA,NA,12e7b950-fffd-45a9-b94a-b9563b4018a5,2026-01-21,21:45:17,2026-01-21T21:45:17Z,2026-01-21T21:45:17Z,NA,v3,CNE,CNE,NA,"Cochran, Carson",10085797,Right,CAR_EAG,c695c56c-97f8-436a-a6da-95246c7b30b3,54.38819,-102.49851,8.4705,4.70647,0.3353,-15.60224,-3.39326,0.7754,5.2821,NA,NA,NA,NA,NA,NA,NA,NA,NA,NA,NA,NA,NA,NA,NA,NA,NA,NA,NA,NA,NA,NA,NA,NA,NA,NA,NA,NA,NA,NA,NA,NA,NA,NA,NA,NA,NA,NA,NA,NA,NA,NA,NA,NA,NA,NA,NA,NA,NA,NA,High,High,High,NA,NA,NA,NA,NA,70.205906,63.996905,886.622322,0.43842,08:15:00,-0.895871,0.41684,0.153819,-43.120928,18.356632,13.437466,-0.783448,124.048197,-0.347948,-30.992015,0.347948,-0.514919,0.783448,66.052885,-51.577397,0.514919,-0.514919,-124.048197,51.577397,0.783448,30.992015,-66.052885,-0.783448,0.514919,0.347948,-0.347948,NA,NA,NA,NA,NA,NA,NA,NA,NA,NA,NA,NA
NA,NA,NA,NA,NA,NA,NA,NA,NA,NA,NA,NA,NA,NA,NA,NA,126,2026-01-21,16:46:26,2,6,"Copley, Tyson",10100116,Right,CAR_EAG,"Evans, Colton",10278429,Right,CAR_EAG,Undefined,5,Top,1,3,2,Slider,Curveball,BallCalled,Walk,Undefined,Undefined,0,0,NA,71.92324,2.158323,-4.782487,2154.289522,99.775407,09:15:00,4.48115,3.47303,6.08572,-50.61164,3.10894,-9.12197,2.26818,-1.72188,66.49794,-7.156847,-6.412577,0.527523,NA,NA,NA,NA,NA,NA,NA,NA,NA,NA,NA,3.49067,1.40177,-3.09793,50,4.62111,9.00557,-104.19618,2.56538,3.8519,16.89435,-30.62723,CAR_EAG,CAR_EAG,CarsonNewman,TeamExclusive,Team,20260121-CarsonNewman-Private-1,a4d9bb10-f712-11f0-ab51-7d94a826c0d5,71.45168,NA,NA,5.4253,NA,NA,NA,NA,NA,NA,12e7b950-fffd-45a9-b94a-b9563b4018a5,2026-01-21,21:46:26,2026-01-21T21:46:26Z,2026-01-21T21:46:26Z,NA,v3,CNE,CNE,NA,"Cochran, Carson",10085797,Right,CAR_EAG,0a867aed-083f-409f-9393-9dd4c7b6620a,54.41805,-104.91008,8.44718,4.48536,3.85958,-15.31362,-3.47504,8.8428,1.92595,NA,NA,NA,NA,NA,NA,NA,NA,NA,NA,NA,NA,NA,NA,NA,NA,NA,NA,NA,NA,NA,NA,NA,NA,NA,NA,NA,NA,NA,NA,NA,NA,NA,NA,NA,NA,NA,NA,NA,NA,NA,NA,NA,NA,NA,NA,NA,NA,NA,NA,High,High,High,NA,NA,NA,NA,NA,91.881897,83.10945,258.456772,0.119973,09:00:00,-0.984447,0.157212,0.07841,-20.81671,-17.218336,10.402338,-0.874427,157.527227,-0.448316,-10.687305,0.448316,-0.185449,0.874427,62.855931,-60.977178,0.185449,-0.185449,-157.527227,60.977178,0.874427,10.687305,-62.855931,-0.874427,0.185449,0.448316,-0.448316,NA,NA,NA,NA,NA,NA,NA,NA,NA,NA,NA,NA
NA,NA,NA,NA,NA,NA,NA,NA,NA,NA,NA,NA,NA,NA,NA,NA,127,2026-01-21,16:47:06,3,1,"Copley, Tyson",10100116,Right,CAR_EAG,"Mutter, Evan",1000300074,Right,CAR_EAG,Undefined,5,Top,1,0,0,Fastball,Changeup,StrikeCalled,Undefined,Undefined,Undefined,0,0,NA,78.77394,2.509745,-5.693296,2079.22727,280.448441,03:15:00,4.11621,3.43999,6.43661,-45.62487,-1.33996,14.52237,2.63354,-0.5993,72.24619,-5.951241,-3.080525,0.47896,NA,NA,NA,NA,NA,NA,NA,NA,NA,NA,NA,-9.05662,-0.92323,-3.04002,50,4.27541,10.85714,-113.99663,3.69443,-11.97643,19.98767,-33.39494,CAR_EAG,CAR_EAG,CarsonNewman,TeamExclusive,Team,20260121-CarsonNewman-Private-1,bc8c51f0-f712-11f0-ab51-7d94a826c0d5,78.69642,NA,NA,6.52775,NA,NA,NA,NA,NA,NA,12e7b950-fffd-45a9-b94a-b9563b4018a5,2026-01-21,21:47:06,2026-01-21T21:47:06Z,2026-01-21T21:47:06Z,NA,v3,CNE,CNE,NA,"Cochran, Carson",10085797,Right,CAR_EAG,38351867-2a34-4501-a224-77beaaae8cda,54.06662,-114.70743,9.99384,4.12291,4.88202,-16.69747,-3.4337,11.28304,-5.98821,NA,NA,NA,NA,NA,NA,NA,NA,NA,NA,NA,NA,NA,NA,NA,NA,NA,NA,NA,NA,NA,NA,NA,NA,NA,NA,NA,NA,NA,NA,NA,NA,NA,NA,NA,NA,NA,NA,NA,NA,NA,NA,NA,NA,NA,NA,NA,NA,NA,NA,High,High,High,NA,NA,NA,NA,NA,260.964552,35.601977,1690.579514,0.813081,02:45:00,-0.62638,-0.776729,-0.065877,68.611423,30.752797,-60.654026,-0.351813,166.765486,-0.91121,-12.374548,0.91121,-0.214301,0.351813,21.111276,-20.598218,0.214301,-0.214301,-166.765486,20.598218,0.351813,12.374548,-21.111276,-0.351813,0.214301,0.91121,-0.91121,NA,NA,NA,NA,NA,NA,NA,NA,NA,NA,NA,NA
NA,NA,NA,NA,NA,NA,NA,NA,NA,NA,NA,NA,NA,NA,NA,NA,128,2026-01-21,16:47:28,3,2,"Copley, Tyson",10100116,Right,CAR_EAG,"Mutter, Evan",1000300074,Right,CAR_EAG,Undefined,5,Top,1,0,1,Fastball,Changeup,BallCalled,Undefined,Undefined,Undefined,0,0,NA,78.88042,3.904033,-6.988114,2143.308078,262.408413,02:45:00,3.91211,3.59706,6.41159,-41.36317,3.31709,14.37749,4.08721,-1.66208,71.7682,-3.780372,-4.41792,0.481093,NA,NA,NA,NA,NA,NA,NA,NA,NA,NA,NA,-9.33717,1.12079,-3.10077,50,4.17527,13.41746,-113.64314,6.6332,-12.24149,20.33442,-30.70463,CAR_EAG,CAR_EAG,CarsonNewman,TeamExclusive,Team,20260121-CarsonNewman-Private-1,c9bd6530-f712-11f0-ab51-7d94a826c0d5,78.34747,NA,NA,7.11222,NA,NA,NA,NA,NA,NA,12e7b950-fffd-45a9-b94a-b9563b4018a5,2026-01-21,21:47:28,2026-01-21T21:47:28Z,2026-01-21T21:47:28Z,NA,v3,CNE,CNE,NA,"Cochran, Carson",10085797,Right,CAR_EAG,af7b8130-32ad-45d9-bbf2-15c1d2667245,54.08983,-114.37261,10.16721,3.91756,7.73467,-15.35232,-3.58998,13.85661,-6.12074,NA,NA,NA,NA,NA,NA,NA,NA,NA,NA,NA,NA,NA,NA,NA,NA,NA,NA,NA,NA,NA,NA,NA,NA,NA,NA,NA,NA,NA,NA,NA,NA,NA,NA,NA,NA,NA,NA,NA,NA,NA,NA,NA,NA,NA,NA,NA,NA,NA,NA,High,High,High,NA,NA,NA,NA,NA,267.287142,35.687085,1740.827057,0.812215,03:00:00,-0.637186,-0.769704,0.039372,57.392547,20.31145,-63.249266,-0.361695,158.281758,-0.866117,-20.181144,0.866117,-0.344989,0.361695,22.665687,-21.204348,0.344989,-0.344989,-158.281758,21.204348,0.361695,20.181144,-22.665687,-0.361695,0.344989,0.866117,-0.866117,NA,NA,NA,NA,NA,NA,NA,NA,NA,NA,NA,NA
NA,NA,NA,NA,NA,NA,NA,NA,NA,NA,NA,NA,NA,NA,NA,NA,129,2026-01-21,16:48:12,3,3,"Copley, Tyson",10100116,Right,CAR_EAG,"Mutter, Evan",1000300074,Right,CAR_EAG,Undefined,5,Top,1,1,1,Slider,Curveball,BallCalled,Undefined,Undefined,Undefined,0,0,NA,71.98146,1.450531,-3.007022,2199.358306,89.709086,09:00:00,4.57828,3.54331,5.88624,-52.36578,1.53465,-11.12737,1.5636,-0.17891,66.5337,-8.156958,-4.998706,0.528406,NA,NA,NA,NA,NA,NA,NA,NA,NA,NA,NA,4.88382,0.88287,-3.29406,50,4.66527,5.86405,-104.47523,1.14483,5.40874,17.27113,-31.19628,CAR_EAG,CAR_EAG,CarsonNewman,TeamExclusive,Team,20260121-CarsonNewman-Private-1,e415c7b0-f712-11f0-ab51-7d94a826c0d5,71.33241,NA,NA,5.44776,NA,NA,NA,NA,NA,NA,12e7b950-fffd-45a9-b94a-b9563b4018a5,2026-01-21,21:48:12,2026-01-21T21:48:12Z,2026-01-21T21:48:12Z,NA,v3,CNE,CNE,NA,"Cochran, Carson",10085797,Right,CAR_EAG,635ffd87-8ec2-406e-997a-5ede080160ed,54.61608,-105.23557,8.63556,4.58464,2.5182,-15.59814,-3.54697,5.62594,2.70437,NA,NA,NA,NA,NA,NA,NA,NA,NA,NA,NA,NA,NA,NA,NA,NA,NA,NA,NA,NA,NA,NA,NA,NA,NA,NA,NA,NA,74.17436,2.262069,0.905062,1.357007,-0.7941,1.23697,0.37389,-0.99692,6.22837,1.34508,127.28386,1.57077,-4.2466,-0.85671,106.198,-8.78386,6.26811,13.74095,-12.71312,1.3205,-5.7875,1.26093,High,High,High,NA,NA,High,High,High,92.254407,81.043414,342.409351,0.155686,09:00:00,-0.982519,0.180521,0.04548,-25.483501,-18.90248,18.250069,-0.81441,149.788841,-0.501472,-16.977416,0.501472,-0.291995,0.81441,58.377354,-54.529112,0.291995,-0.291995,-149.788841,54.529112,0.81441,16.977416,-58.377354,-0.81441,0.291995,0.501472,-0.501472,NA,NA,NA,NA,NA,NA,NA,NA,NA,NA,NA,NA
NA,NA,NA,NA,NA,NA,NA,NA,NA,NA,NA,NA,NA,NA,NA,NA,130,2026-01-21,16:48:56,3,4,"Copley, Tyson",10100116,Right,CAR_EAG,"Mutter, Evan",1000300074,Right,CAR_EAG,Undefined,5,Top,1,2,1,Fastball,Changeup,BallCalled,Undefined,Undefined,Undefined,0,0,NA,78.64166,0.940711,-4.356222,2034.762661,261.250559,02:45:00,3.88056,3.70751,6.4528,-41.39266,2.89201,9.97221,1.29802,0.52861,72.23194,-6.765455,-2.55439,0.478959,NA,NA,NA,NA,NA,NA,NA,NA,NA,NA,NA,-6.40087,1.6724,-3.40272,50,3.92901,8.34802,-114.08154,0.70773,-8.45277,20.58371,-29.96552,CAR_EAG,CAR_EAG,CarsonNewman,TeamExclusive,Team,20260121-CarsonNewman-Private-1,fe5cc510-f712-11f0-ab51-7d94a826c0d5,78.69662,NA,NA,6.40972,NA,NA,NA,NA,NA,NA,12e7b950-fffd-45a9-b94a-b9563b4018a5,2026-01-21,21:48:56,2026-01-21T21:48:56Z,2026-01-21T21:48:56Z,NA,v3,CNE,CNE,NA,"Cochran, Carson",10085797,Right,CAR_EAG,c7b87e23-4e95-4edf-9f29-57bc721040da,54.04928,-114.80982,10.29185,3.88521,1.76796,-14.98276,-3.70337,8.64709,-4.22639,NA,NA,NA,NA,NA,NA,NA,NA,NA,NA,NA,NA,NA,NA,NA,NA,NA,NA,NA,NA,NA,NA,NA,NA,NA,NA,NA,NA,NA,NA,NA,NA,NA,NA,NA,NA,NA,NA,NA,NA,NA,NA,NA,NA,NA,NA,NA,NA,NA,NA,High,High,High,NA,NA,NA,NA,NA,263.371574,35.07006,1665.351651,0.81845,02:45:00,-0.593325,-0.803436,-0.04955,59.598548,28.354181,-44.033151,-0.140032,150.701058,-0.863486,-28.98264,0.863486,-0.484545,0.140032,9.211502,-8.049701,0.484545,-0.484545,-150.701058,8.049701,0.140032,28.98264,-9.211502,-0.140032,0.484545,0.863486,-0.863486,NA,NA,NA,NA,NA,NA,NA,NA,NA,NA,NA,NA
NA,NA,NA,NA,NA,NA,NA,NA,NA,NA,NA,NA,NA,NA,NA,NA,131,2026-01-21,16:49:23,3,5,"Copley, Tyson",10100116,Right,CAR_EAG,"Mutter, Evan",1000300074,Right,CAR_EAG,Undefined,5,Top,1,3,1,Fastball,Changeup,BallCalled,Walk,Undefined,Undefined,0,0,NA,78.344,1.528163,-7.505525,2010.022397,263.390736,02:45:00,4.00655,3.6642,6.43969,-42.32534,2.83917,12.29379,1.89623,-2.24831,71.72269,-6.321373,-5.307988,0.483693,NA,NA,NA,NA,NA,NA,NA,NA,NA,NA,NA,-8.43091,1.52457,-3.13313,50,4.09732,14.45691,-112.97333,1.84265,-10.9237,20.09108,-30.19872,CAR_EAG,CAR_EAG,CarsonNewman,TeamExclusive,Team,20260121-CarsonNewman-Private-1,0e4dbba0-f713-11f0-ab51-7d94a826c0d5,77.92634,NA,NA,6.62132,NA,NA,NA,NA,NA,NA,12e7b950-fffd-45a9-b94a-b9563b4018a5,2026-01-21,21:49:23,2026-01-21T21:49:23Z,2026-01-21T21:49:23Z,NA,v3,CNE,CNE,NA,"Cochran, Carson",10085797,Right,CAR_EAG,a42947b6-be69-43e6-aa46-5b18ff87673c,54.06201,-113.69342,10.04554,4.01189,2.92501,-15.09936,-3.6583,14.84843,-5.46185,NA,NA,NA,NA,NA,NA,NA,NA,NA,NA,NA,NA,NA,NA,NA,NA,NA,NA,NA,NA,NA,NA,NA,NA,NA,NA,NA,NA,NA,NA,NA,NA,NA,NA,NA,NA,NA,NA,NA,NA,NA,NA,NA,NA,NA,NA,NA,NA,NA,NA,High,High,High,NA,NA,NA,NA,NA,264.492475,33.687697,1672.48585,0.832073,02:45:00,-0.582048,-0.813145,-0.003864,50.242976,39.826672,-54.488328,-0.250696,152.426523,-0.858111,-26.622096,0.858111,-0.448104,0.250696,16.285661,-14.518708,0.448104,-0.448104,-152.426523,14.518708,0.250696,26.622096,-16.285661,-0.250696,0.448104,0.858111,-0.858111,NA,NA,NA,NA,NA,NA,NA,NA,NA,NA,NA,NA
NA,NA,NA,NA,NA,NA,NA,NA,NA,NA,NA,NA,NA,NA,NA,NA,132,2026-01-21,16:49:58,4,1,"Copley, Tyson",10100116,Right,CAR_EAG,"Strittmatter, Sean",1000396792,Right,CAR_EAG,Undefined,5,Top,1,0,0,Slider,Curveball,StrikeCalled,Undefined,Undefined,Undefined,0,0,NA,70.53036,1.760666,-3.1267,2238.483709,102.565214,09:30:00,4.29918,3.536,5.95019,-51.9755,3.70221,-9.71095,1.60386,-0.17615,65.53312,-7.782807,-4.865885,0.537047,NA,NA,NA,NA,NA,NA,NA,NA,NA,NA,NA,4.20701,1.93213,-3.28151,50,4.41014,5.90991,-102.40759,1.71521,4.50772,15.4902,-30.10383,CAR_EAG,CAR_EAG,CarsonNewman,TeamExclusive,Team,20260121-CarsonNewman-Private-1,23745070-f713-11f0-ab51-7d94a826c0d5,70.18467,NA,NA,4.99724,NA,NA,NA,NA,NA,NA,12e7b950-fffd-45a9-b94a-b9563b4018a5,2026-01-21,21:49:58,2026-01-21T21:49:58Z,2026-01-21T21:49:58Z,NA,v3,CNE,CNE,NA,"Cochran, Carson",10085797,Right,CAR_EAG,0ac0ce12-d009-497d-b191-5f2f8743ca46,54.55246,-103.0939,7.7451,4.3046,3.04898,-15.05192,-3.53892,5.71019,2.25386,NA,NA,NA,NA,NA,NA,NA,NA,NA,NA,NA,NA,NA,NA,NA,NA,NA,NA,NA,NA,NA,NA,NA,NA,NA,NA,NA,NA,NA,NA,NA,NA,NA,NA,NA,NA,NA,NA,NA,NA,NA,NA,NA,NA,NA,NA,NA,NA,NA,NA,High,High,High,NA,NA,NA,NA,NA,92.924398,80.592974,365.873302,0.163447,09:00:00,-0.980065,0.193468,0.045185,-35.039359,-12.784655,17.428582,-0.845017,151.586357,-0.470323,-14.740836,0.470323,-0.254447,0.845017,60.900391,-57.67372,0.254447,-0.254447,-151.586357,57.67372,0.845017,14.740836,-60.900391,-0.845017,0.254447,0.470323,-0.470323,NA,NA,NA,NA,NA,NA,NA,NA,NA,NA,NA,NA
NA,NA,NA,NA,NA,NA,NA,NA,NA,NA,NA,NA,NA,NA,NA,NA,133,2026-01-21,16:51:26,4,2,"Copley, Tyson",10100116,Right,CAR_EAG,"Strittmatter, Sean",1000396792,Right,CAR_EAG,Undefined,5,Top,1,1,1,Slider,Curveball,FoulBallNotFieldable,Undefined,Undefined,Undefined,0,0,NA,70.57114,1.976792,-3.356679,2215.116562,104.712888,09:30:00,4.42162,3.20431,5.73225,-52.10893,3.9139,-9.11611,1.92411,-0.68504,65.62671,-7.550305,-4.981463,0.538709,65.46465,27.706407,64.701347,4338.404242,36.96241,36.52836,103.60356,202.30698,82.14461,75.769461,3.254063,3.83898,1.94587,-2.9183500000000002,50,4.5543,6.30927,-102.42083,2.05381,4.12204,15.2015,-30.08472,CAR_EAG,CAR_EAG,CarsonNewman,TeamExclusive,Team,20260121-CarsonNewman-Private-1,577ffbd0-f713-11f0-ab51-7d94a826c0d5,69.96813,36.52738,NA,4.94443,NA,NA,NA,1.01485,2.1027,0.56214,12e7b950-fffd-45a9-b94a-b9563b4018a5,2026-01-21,21:51:26,2026-01-21T21:51:26Z,2026-01-21T21:51:26Z,LineDrive,v3,CNE,CNE,NA,"Cochran, Carson",10085797,Right,CAR_EAG,42321418-40e8-4201-a401-c863de8fbc4b,54.7709,-103.12651,7.60075,4.42655,3.45039,-15.04236,-3.20679,6.11792,2.06102,NA,1.01469,36.33309,-11.78732,2.77761,-0.62015,0.14559,-0.03258,0.00469,-2.7e-4,2.10293,44.63065,-14.83549,0.11088,0.1447,-0.05341,0.00769,7.5e-4,-2.2e-4,0.56202,76.8586,-10.20829,2.60747,-0.5332,0.11177,-0.02388,0.00365,-2.4e-4,NA,NA,NA,NA,NA,NA,NA,NA,NA,NA,NA,NA,NA,NA,NA,NA,NA,NA,NA,NA,NA,NA,High,High,High,High,Medium,NA,NA,NA,86.979586,85.413775,177.119124,0.079959,09:00:00,-0.9915,0.114185,0.062374,-15.239673,-19.22761,13.325537,-0.865591,152.549782,-0.444373,-13.346263,0.444373,-0.230835,0.865591,62.825154,-59.950248,0.230835,-0.230835,-152.549782,59.950248,0.865591,13.346263,-62.825154,-0.865591,0.230835,0.444373,-0.444373,NA,NA,NA,NA,NA,NA,NA,NA,NA,NA,NA,NA
NA,NA,NA,NA,NA,NA,NA,NA,NA,NA,NA,NA,NA,NA,NA,NA,134,2026-01-21,16:51:54,4,3,"Copley, Tyson",10100116,Right,CAR_EAG,"Strittmatter, Sean",1000396792,Right,CAR_EAG,Undefined,5,Top,1,1,2,Fastball,Curveball,HitByPitch,Undefined,Undefined,Undefined,0,0,NA,69.92246,2.214024,-5.033531,2226.20198,95.183491,09:15:00,4.19404,3.84547,5.91988,-54.62924,3.07748,-14.49536,1.70527,-2.0458,64.35259,-7.810908,-7.611955,0.546745,NA,NA,NA,NA,NA,NA,NA,NA,NA,NA,NA,5.96485,1.48669,-3.43313,50,4.34127,9.38414,-101.13568,2.42291,6.15357,17.10279,-30.64033,CAR_EAG,CAR_EAG,CarsonNewman,TeamExclusive,Team,20260121-CarsonNewman-Private-1,68693510-f713-11f0-ab51-7d94a826c0d5,68.93973,NA,NA,5.56987,NA,NA,NA,NA,NA,NA,12e7b950-fffd-45a9-b94a-b9563b4018a5,2026-01-21,21:51:54,2026-01-21T21:51:54Z,2026-01-21T21:51:54Z,NA,v3,CNE,CNE,NA,"Cochran, Carson",10085797,Right,CAR_EAG,c602e169-e9f4-44ea-ba46-e0d2c390dc07,54.58154,-101.90751,8.55139,4.20073,3.80567,-15.32017,-3.85035,9.10643,3.07678,NA,NA,NA,NA,NA,NA,NA,NA,NA,NA,NA,NA,NA,NA,NA,NA,NA,NA,NA,NA,NA,NA,NA,NA,NA,NA,NA,NA,NA,NA,NA,NA,NA,NA,NA,NA,NA,NA,NA,NA,NA,NA,NA,NA,NA,NA,NA,NA,NA,NA,High,High,High,NA,NA,NA,NA,NA,76.474988,81.015663,347.65362,0.156164,08:30:00,-0.97414,0.189879,0.122464,-35.658998,-6.873964,25.54578,-0.77662,145.79653,-0.521013,-20.739921,0.521013,-0.354127,0.77662,56.143417,-50.952181,0.354127,-0.354127,-145.79653,50.952181,0.77662,20.739921,-56.143417,-0.77662,0.354127,0.521013,-0.521013,NA,NA,NA,NA,NA,NA,NA,NA,NA,NA,NA,NA
NA,NA,NA,NA,NA,NA,NA,NA,NA,NA,NA,NA,NA,NA,NA,NA,135,2026-01-21,16:52:21,5,1,"Copley, Tyson",10100116,Right,CAR_EAG,"Wyatt, Jack",10013525,Right,CAR_EAG,Undefined,5,Top,1,0,0,Fastball,Changeup,BallCalled,Undefined,Undefined,Undefined,2,0,NA,78.91351,1.574722,-3.450714,2186.255994,257.435036,02:30:00,3.78887,4.03194,6.47781,-39.7727,4.07205,12.28477,1.92353,1.88307,72.39357,-5.854202,-1.226497,0.476574,NA,NA,NA,NA,NA,NA,NA,NA,NA,NA,NA,-7.34323,2.12945,-3.79384,50,3.88254,6.4827,-114.57479,2.03552,-9.78738,20.63836,-29.33583,CAR_EAG,CAR_EAG,CarsonNewman,TeamExclusive,Team,20260121-CarsonNewman-Private-1,78b40b70-f713-11f0-ab51-7d94a826c0d5,79.09047,NA,NA,6.51995,NA,NA,NA,NA,NA,NA,12e7b950-fffd-45a9-b94a-b9563b4018a5,2026-01-21,21:52:21,2026-01-21T21:52:21Z,2026-01-21T21:52:21Z,NA,v3,CNE,CNE,NA,"Cochran, Carson",10085797,Right,CAR_EAG,e23fdc45-e72f-44e0-9c14-c40d329148ac,54.02393,-115.29734,10.31918,3.79329,3.06257,-14.66791,-4.02679,6.82536,-4.89369,NA,NA,NA,NA,NA,NA,NA,NA,NA,NA,NA,NA,NA,NA,NA,NA,NA,NA,NA,NA,NA,NA,NA,NA,NA,NA,NA,NA,NA,NA,NA,NA,NA,NA,NA,NA,NA,NA,NA,NA,NA,NA,NA,NA,NA,NA,NA,NA,NA,NA,High,High,High,NA,NA,NA,NA,NA,260.195546,38.784948,1704.192122,0.779503,02:45:00,-0.654087,-0.750614,-0.093539,63.640668,20.254642,-50.86356,-0.191174,151.96247,-0.866361,-27.476209,0.866361,-0.46138,0.191174,12.44369,-11.021329,0.46138,-0.46138,-151.96247,11.021329,0.191174,27.476209,-12.44369,-0.191174,0.46138,0.866361,-0.866361,NA,NA,NA,NA,NA,NA,NA,NA,NA,NA,NA,NA
NA,NA,NA,NA,NA,NA,NA,NA,NA,NA,NA,NA,NA,NA,NA,NA,136,2026-01-21,16:55:05,1,1,"Mangum, McCain",1000261673,Right,CAR_EAG,"Mangum, McCain",1000261673,Right,CAR_EAG,Undefined,5,Bottom,0,0,0,Fastball,Cutter,StrikeCalled,Undefined,Undefined,Undefined,0,0,NA,85.40405,-1.916801,-3.769068,2221.646844,196.177348,12:30:00,5.64563,2.00619,6.2988,-22.5906,14.99761,4.02725,1.99241,-1.13611,78.77652,-6.162153,-3.043106,0.441263,NA,NA,NA,NA,NA,NA,NA,NA,NA,NA,NA,-3.05075,8.64028,-1.73065,50,5.49334,8.00816,-123.90295,-4.79466,-4.77973,22.93883,-18.63706,CAR_EAG,CAR_EAG,CarsonNewman,TeamExclusive,Team,20260121-CarsonNewman-Private-1,d9e57be0-f713-11f0-ab51-7d94a826c0d5,85.41953,NA,NA,6.62753,NA,NA,NA,NA,NA,NA,12e7b950-fffd-45a9-b94a-b9563b4018a5,2026-01-21,21:55:05,2026-01-21T21:55:05Z,2026-01-21T21:55:05Z,NA,v3,CNE,CNE,NA,"Hammond, Kevin",10120878,Right,CAR_EAG,e340d3da-b70d-41b7-94a8-a4a8aa990db9,54.20146,-124.67836,11.46941,5.64477,-4.16466,-9.31853,-2.00408,8.16973,-2.38987,NA,NA,NA,NA,NA,NA,NA,NA,NA,NA,NA,NA,NA,NA,NA,NA,NA,NA,NA,NA,NA,NA,NA,NA,NA,NA,NA,NA,NA,NA,NA,NA,NA,NA,NA,NA,NA,NA,NA,NA,NA,NA,NA,NA,NA,NA,NA,NA,NA,NA,High,High,High,NA,NA,NA,NA,NA,210.523391,38.831708,1730.643064,0.778991,01:00:00,-0.656235,-0.416394,-0.629263,-55.405346,6.182215,-33.551728,-0.139947,165.556433,-0.958864,-14.298385,0.958864,-0.246972,0.139947,8.303748,-8.044789,0.246972,-0.246972,-165.556433,8.044789,0.139947,14.298385,-8.303748,-0.139947,0.246972,0.958864,-0.958864,NA,NA,NA,NA,NA,NA,NA,NA,NA,NA,NA,NA
NA,NA,NA,NA,NA,NA,NA,NA,NA,NA,NA,NA,NA,NA,NA,NA,137,2026-01-21,16:55:19,1,2,"Mangum, McCain",1000261673,Right,CAR_EAG,"Smith, Braxton",1000370200,Right,CAR_EAG,Undefined,5,Bottom,0,0,1,Slider,Slider,BallCalled,Undefined,Undefined,Undefined,0,0,NA,75.96021,-1.420711,-4.00141,2265.742128,123.26824,10:00:00,5.59695,2.07727,5.43493,-44.89396,4.50784,-4.56918,0.52177,-2.0569,70.30933,-9.557933,-4.81232,0.505875,NA,NA,NA,NA,NA,NA,NA,NA,NA,NA,NA,1.21055,3.12571,-1.71909,50,5.43974,7.86782,-110.0248,-4.17882,1.48635,19.21941,-28.33622,CAR_EAG,CAR_EAG,CarsonNewman,TeamExclusive,Team,20260121-CarsonNewman-Private-1,e27da610-f713-11f0-ab51-7d94a826c0d5,74.50945,NA,NA,5.65088,NA,NA,NA,NA,NA,NA,12e7b950-fffd-45a9-b94a-b9563b4018a5,2026-01-21,21:55:19,2026-01-21T21:55:19Z,2026-01-21T21:55:19Z,NA,v3,CNE,CNE,NA,"Hammond, Kevin",10120878,Right,CAR_EAG,3eb902c4-19ce-494a-810e-2966df5a4b49,55.06615,-110.90624,9.60971,5.60159,-2.87928,-14.16811,-2.07836,7.79965,0.74318,NA,NA,NA,NA,NA,NA,NA,NA,NA,NA,NA,NA,NA,NA,NA,NA,NA,NA,NA,NA,NA,NA,NA,NA,NA,NA,NA,NA,NA,NA,NA,NA,NA,NA,NA,NA,NA,NA,NA,NA,NA,NA,NA,NA,NA,NA,NA,NA,NA,NA,High,High,High,NA,NA,NA,NA,NA,352.945124,86.88676,123.051433,0.05431,05:45:00,-0.991858,-0.031425,0.123412,-11.258163,57.233079,29.250781,-0.580193,134.553159,-0.571414,-35.478505,0.571414,-0.580397,0.580193,45.436761,-35.464137,0.580397,-0.580397,-134.553159,35.464137,0.580193,35.478505,-45.436761,-0.580193,0.580397,0.571414,-0.571414,NA,NA,NA,NA,NA,NA,NA,NA,NA,NA,NA,NA
NA,NA,NA,NA,NA,NA,NA,NA,NA,NA,NA,NA,NA,NA,NA,NA,138,2026-01-21,16:55:36,1,3,"Mangum, McCain",1000261673,Right,CAR_EAG,"Smith, Braxton",1000370200,Right,CAR_EAG,Undefined,5,Bottom,0,1,1,Fastball,Four-Seam,FoulBallNotFieldable,Undefined,Undefined,Undefined,0,0,NA,86.46566,-1.004781,-2.992423,2235.178807,207.231672,01:00:00,5.62573,1.97588,6.17539,-21.32308,15.43832,7.38532,2.91946,-0.1749,79.59741,-5.024021,-1.662337,0.436383,70.9192,43.850221,147.640977,4411.06972,NA,NA,NA,NA,21.08237,NA,NA,-4.61563,8.59811,-1.75313,50,5.53863,6.28153,-125.59897,-2.82524,-7.42499,23.75761,-18.34254,CAR_EAG,CAR_EAG,CarsonNewman,TeamExclusive,Team,20260121-CarsonNewman-Private-1,ec563f80-f713-11f0-ab51-7d94a826c0d5,86.37474,22.37973,NA,6.86825,NA,NA,NA,0.98896,2.9799,0.1712,12e7b950-fffd-45a9-b94a-b9563b4018a5,2026-01-21,21:55:36,2026-01-21T21:55:36Z,2026-01-21T21:55:36Z,NA,v3,CNE,CNE,NA,"Hammond, Kevin",10120878,Right,CAR_EAG,3a5811a4-11f8-4d84-9f7f-99fe03de8705,54.32655,-126.41471,11.87881,5.62482,-2.19543,-9.17127,-1.97319,6.53648,-3.7125,302.574766,0.9906,-63.43581,0.98554,NA,NA,NA,NA,NA,NA,2.98317,71.91476,-24.50718,NA,NA,NA,NA,NA,NA,0.17604,39.93253,-12.89915,NA,NA,NA,NA,NA,NA,NA,NA,NA,NA,NA,NA,NA,NA,NA,NA,NA,NA,NA,NA,NA,NA,NA,NA,NA,NA,NA,NA,High,High,High,High,Undefined,NA,NA,NA,216.499506,35.31464,1823.883354,0.81599,01:15:00,-0.602932,-0.495426,-0.625321,-57.733608,15.714953,-35.815241,-0.151746,178.690753,-0.988161,-1.294083,0.988161,-0.022584,0.151746,8.730368,-8.728123,0.022584,-0.022584,-178.690753,8.728123,0.151746,1.294083,-8.730368,-0.151746,0.022584,0.988161,-0.988161,NA,NA,NA,NA,NA,NA,NA,NA,NA,NA,NA,NA
NA,NA,NA,NA,NA,NA,NA,NA,NA,NA,NA,NA,NA,NA,NA,NA,139,2026-01-21,16:56:03,1,4,"Mangum, McCain",1000261673,Right,CAR_EAG,"Smith, Braxton",1000370200,Right,CAR_EAG,Undefined,5,Bottom,0,1,2,Fastball,Cutter,StrikeSwinging,Strikeout,Undefined,Undefined,0,0,NA,85.89323,0.146195,-2.2193,2197.60508,189.446077,12:15:00,5.58663,2.15458,6.04682,-23.34198,14.24237,2.17725,3.77692,0.28032,78.6276,-4.247651,-1.827908,0.44124,NA,NA,NA,NA,NA,NA,NA,NA,NA,NA,NA,-1.71492,7.64359,-1.98277,50,5.58538,4.74537,-124.73192,-0.37999,-2.70813,24.53127,-20.1037,CAR_EAG,CAR_EAG,CarsonNewman,TeamExclusive,Team,20260121-CarsonNewman-Private-1,fcfdb4d0-f713-11f0-ab51-7d94a826c0d5,85.4239,NA,NA,7.26564,NA,NA,NA,NA,NA,NA,12e7b950-fffd-45a9-b94a-b9563b4018a5,2026-01-21,21:56:03,2026-01-21T21:56:03Z,2026-01-21T21:56:03Z,NA,v3,CNE,CNE,NA,"Hammond, Kevin",10120878,Right,CAR_EAG,b4ac2c15-aa0a-46a0-b142-c9d833ef8860,54.45202,-125.60446,12.26564,5.58618,0.33506,-10.05185,-2.15327,4.84169,-1.35407,NA,NA,NA,NA,NA,NA,NA,NA,NA,NA,NA,NA,NA,NA,NA,NA,NA,NA,NA,NA,NA,NA,NA,NA,NA,NA,NA,NA,NA,NA,NA,NA,NA,NA,NA,NA,NA,NA,NA,NA,NA,NA,NA,NA,NA,NA,NA,NA,NA,NA,High,High,High,NA,NA,NA,NA,NA,209.102637,40.625299,1667.946836,0.758984,01:00:00,-0.677241,-0.367489,-0.637414,-47.980068,16.066957,-22.616198,-0.1527,163.023177,-0.945207,-16.771803,0.945207,-0.288561,0.1527,9.176937,-8.783408,0.288561,-0.288561,-163.023177,8.783408,0.1527,16.771803,-9.176937,-0.1527,0.288561,0.945207,-0.945207,NA,NA,NA,NA,NA,NA,NA,NA,NA,NA,NA,NA
NA,NA,NA,NA,NA,NA,NA,NA,NA,NA,NA,NA,NA,NA,NA,NA,140,2026-01-21,16:56:31,2,1,"Mangum, McCain",1000261673,Right,CAR_EAG,"Gibson, Aiden",10011511,Right,CAR_EAG,Undefined,5,Bottom,1,0,0,Fastball,Four-Seam,StrikeCalled,Undefined,Undefined,Undefined,0,0,NA,87.726,-2.121048,-3.846524,2230.577749,207.369999,01:00:00,5.52101,2.02799,6.26056,-18.63233,17.24914,8.34146,2.00722,-0.82904,80.3536,-5.661977,-2.343941,0.431128,NA,NA,NA,NA,NA,NA,NA,NA,NA,NA,NA,-5.35237,9.86642,-1.74615,50,5.35394,8.21674,-127.17497,-5.22993,-8.78468,25.55363,-15.98063,CAR_EAG,CAR_EAG,CarsonNewman,TeamExclusive,Team,20260121-CarsonNewman-Private-1,0d60a710-f714-11f0-ab51-7d94a826c0d5,87.42743,NA,NA,7.3724,NA,NA,NA,NA,NA,NA,12e7b950-fffd-45a9-b94a-b9563b4018a5,2026-01-21,21:56:31,2026-01-21T21:56:31Z,2026-01-21T21:56:31Z,NA,v3,CNE,CNE,NA,"Hammond, Kevin",10120878,Right,CAR_EAG,39dd35b2-bc3f-4483-bd73-791f3c1a8fa3,54.23913,-128.02391,12.77681,5.51887,-4.69903,-7.99031,-2.02397,8.50858,-4.39234,NA,NA,NA,NA,NA,NA,NA,NA,NA,NA,NA,NA,NA,NA,NA,NA,NA,NA,NA,NA,NA,NA,NA,NA,NA,NA,NA,NA,NA,NA,NA,NA,NA,NA,NA,NA,NA,NA,NA,NA,NA,NA,NA,NA,NA,NA,NA,NA,NA,NA,High,High,High,NA,NA,NA,NA,NA,213.701482,24.023322,2037.36471,0.91338,01:00:00,-0.438174,-0.521524,-0.732132,-40.415388,15.493727,-21.282098,-0.004229,179.117085,-0.999872,-0.882907,0.999872,-0.015409,0.004229,0.24231,-0.242282,0.015409,-0.015409,-179.117085,0.242282,0.004229,0.882907,-0.24231,-0.004229,0.015409,0.999872,-0.999872,NA,NA,NA,NA,NA,NA,NA,NA,NA,NA,NA,NA
NA,NA,NA,NA,NA,NA,NA,NA,NA,NA,NA,NA,NA,NA,NA,NA,141,2026-01-21,16:56:49,2,2,"Mangum, McCain",1000261673,Right,CAR_EAG,"Gibson, Aiden",10011511,Right,CAR_EAG,Undefined,5,Bottom,1,0,1,Fastball,Changeup,BallCalled,Undefined,Undefined,Undefined,0,0,NA,86.2795,-1.630544,-4.567413,2167.823564,243.219969,02:00:00,5.58437,2.05877,6.12239,-28.64238,8.41445,14.52127,1.68487,-0.96265,79.71027,-6.942919,-1.958815,0.438133,NA,NA,NA,NA,NA,NA,NA,NA,NA,NA,NA,-8.60721,5.10945,-1.71555,50,5.44416,9.41613,-125.09607,-4.48532,-13.77445,22.892,-23.9972,CAR_EAG,CAR_EAG,CarsonNewman,TeamExclusive,Team,20260121-CarsonNewman-Private-1,1805df50-f714-11f0-ab51-7d94a826c0d5,86.02973,NA,NA,6.56923,NA,NA,NA,NA,NA,NA,12e7b950-fffd-45a9-b94a-b9563b4018a5,2026-01-21,21:56:49,2026-01-21T21:56:49Z,2026-01-21T21:56:49Z,NA,v3,CNE,CNE,NA,"Hammond, Kevin",10120878,Right,CAR_EAG,e6f01f3a-e43e-4085-a430-48c1453b4b6a,54.37944,-125.89493,11.446,5.58607,-3.64789,-11.9986,-2.05253,9.89682,-6.88722,NA,NA,NA,NA,NA,NA,NA,NA,NA,NA,NA,NA,NA,NA,NA,NA,NA,NA,NA,NA,NA,NA,NA,NA,NA,NA,NA,NA,NA,NA,NA,NA,NA,NA,NA,NA,NA,NA,NA,NA,NA,NA,NA,NA,NA,NA,NA,NA,NA,NA,High,High,High,NA,NA,NA,NA,NA,219.483909,35.48881,1765.104625,0.814229,01:15:00,-0.613824,-0.534046,-0.581391,21.057094,-6.924716,-35.185741,0.936372,131.631153,-0.233186,15.209926,0.233186,-0.262356,-0.936372,76.016003,69.451019,0.262356,0.262356,-131.631153,-69.451019,0.936372,-15.209926,-76.016003,-0.936372,-0.262356,0.233186,-0.233186,NA,NA,NA,NA,NA,NA,NA,NA,NA,NA,NA,NA
NA,NA,NA,NA,NA,NA,NA,NA,NA,NA,NA,NA,NA,NA,NA,NA,142,2026-01-21,16:57:06,2,3,"Mangum, McCain",1000261673,Right,CAR_EAG,"Gibson, Aiden",10011511,Right,CAR_EAG,Undefined,5,Bottom,1,1,1,Slider,Curveball,BallCalled,Undefined,Undefined,Undefined,0,0,NA,74.63473,-0.059198,-1.358109,2345.146517,86.806288,09:00:00,5.51335,2.28008,5.48181,-49.45723,0.90004,-8.63906,1.33652,0.28917,69.61262,-9.032562,-2.898931,0.510743,NA,NA,NA,NA,NA,NA,NA,NA,NA,NA,NA,4.02925,0.91449,-2.1549,50,5.47435,2.88897,-108.50724,-1.69125,4.85747,16.99707,-31.07159,CAR_EAG,CAR_EAG,CarsonNewman,TeamExclusive,Team,20260121-CarsonNewman-Private-1,2287d820-f714-11f0-ab51-7d94a826c0d5,73.79922,NA,NA,5.02211,NA,NA,NA,NA,NA,NA,12e7b950-fffd-45a9-b94a-b9563b4018a5,2026-01-21,21:57:06,2026-01-21T21:57:06Z,2026-01-21T21:57:06Z,NA,v3,CNE,CNE,NA,"Hammond, Kevin",10120878,Right,CAR_EAG,bd70f2d1-e587-4732-bc1b-fa3de9627ebd,55.02119,-109.29095,8.49853,5.5193,-0.25858,-15.5358,-2.28294,2.665,2.42874,NA,NA,NA,NA,NA,NA,NA,NA,NA,NA,NA,NA,NA,NA,NA,NA,NA,NA,NA,NA,NA,NA,NA,NA,NA,NA,NA,NA,NA,NA,NA,NA,NA,NA,NA,NA,NA,NA,NA,NA,NA,NA,NA,NA,NA,NA,NA,NA,NA,NA,High,High,High,NA,NA,NA,NA,NA,45.594063,78.794817,455.716108,0.194323,07:30:00,-0.977582,0.137811,0.15919,-11.197183,68.814577,25.625603,-0.674403,142.887108,-0.588807,-26.45656,0.588807,-0.445519,0.674403,48.876505,-42.407816,0.445519,-0.445519,-142.887108,42.407816,0.674403,26.45656,-48.876505,-0.674403,0.445519,0.588807,-0.588807,NA,NA,NA,NA,NA,NA,NA,NA,NA,NA,NA,NA
NA,NA,NA,NA,NA,NA,NA,NA,NA,NA,NA,NA,NA,NA,NA,NA,143,2026-01-21,16:57:24,2,4,"Mangum, McCain",1000261673,Right,CAR_EAG,"Gibson, Aiden",10011511,Right,CAR_EAG,Undefined,5,Bottom,1,2,1,Fastball,Four-Seam,StrikeSwinging,Undefined,Undefined,Undefined,0,0,NA,86.78806,-0.521299,-3.214349,2211.580349,204.261205,12:45:00,5.53839,2.00122,6.31039,-18.84828,17.67895,7.45134,3.4867,-0.34205,79.3294,-4.121116,-1.869796,0.43499,NA,NA,NA,NA,NA,NA,NA,NA,NA,NA,NA,-4.73988,9.67367,-1.76873,50,5.49083,6.78187,-125.97875,-1.64818,-7.62607,25.31776,-16.60999,CAR_EAG,CAR_EAG,CarsonNewman,TeamExclusive,Team,20260121-CarsonNewman-Private-1,2d128380-f714-11f0-ab51-7d94a826c0d5,86.6512,NA,NA,7.45866,NA,NA,NA,NA,NA,NA,12e7b950-fffd-45a9-b94a-b9563b4018a5,2026-01-21,21:57:24,2026-01-21T21:57:24Z,2026-01-21T21:57:24Z,NA,v3,CNE,CNE,NA,"Hammond, Kevin",10120878,Right,CAR_EAG,58503cde-3356-4e99-82f6-dae102591c52,54.18921,-126.81785,12.65888,5.53634,-1.09768,-8.30499,-1.99769,7.03462,-3.81303,NA,NA,NA,NA,NA,NA,NA,NA,NA,NA,NA,NA,NA,NA,NA,NA,NA,NA,NA,NA,NA,NA,NA,NA,NA,NA,NA,NA,NA,NA,NA,NA,NA,NA,NA,NA,NA,NA,NA,NA,NA,NA,NA,NA,NA,NA,NA,NA,NA,NA,High,High,High,NA,NA,NA,NA,NA,213.875326,31.07102,1894.281021,0.856528,01:15:00,-0.550804,-0.482094,-0.681322,-49.455123,6.028824,-39.257116,-0.055099,177.171376,-0.997264,-2.824324,0.997264,-0.049274,0.055099,3.16239,-3.158545,0.049274,-0.049274,-177.171376,3.158545,0.055099,2.824324,-3.16239,-0.055099,0.049274,0.997264,-0.997264,NA,NA,NA,NA,NA,NA,NA,NA,NA,NA,NA,NA
NA,NA,NA,NA,NA,NA,NA,NA,NA,NA,NA,NA,NA,NA,NA,NA,144,2026-01-21,16:57:47,2,5,"Mangum, McCain",1000261673,Right,CAR_EAG,"Gibson, Aiden",10011511,Right,CAR_EAG,Undefined,5,Bottom,1,2,2,Fastball,Four-Seam,BallCalled,Undefined,Undefined,Undefined,0,0,NA,86.47172,0.178053,-4.093856,2239.632314,202.344854,12:45:00,5.54686,2.23215,6.28637,-20.97316,15.76087,6.02839,3.96362,-1.0449600000000001,79.35106,-3.793602,-3.008715,0.43622,NA,NA,NA,NA,NA,NA,NA,NA,NA,NA,NA,-4.17658,8.47052,-1.93259,50,5.54959,8.74053,-125.44208,-0.19336,-6.69623,23.90292,-18.59347,CAR_EAG,CAR_EAG,CarsonNewman,TeamExclusive,Team,20260121-CarsonNewman-Private-1,3ad85cb0-f714-11f0-ab51-7d94a826c0d5,86.40693,NA,NA,7.12065,NA,NA,NA,NA,NA,NA,12e7b950-fffd-45a9-b94a-b9563b4018a5,2026-01-21,21:57:47,2026-01-21T21:57:47Z,2026-01-21T21:57:47Z,NA,v3,CNE,CNE,NA,"Hammond, Kevin",10120878,Right,CAR_EAG,2fee9a50-b426-4daf-838c-fdb679f02f01,54.21321,-126.24236,11.95146,5.54564,0.42916,-9.29674,-2.22898,8.96471,-3.34812,NA,NA,NA,NA,NA,NA,NA,NA,NA,NA,NA,NA,NA,NA,NA,NA,NA,NA,NA,NA,NA,NA,NA,NA,NA,NA,NA,NA,NA,NA,NA,NA,NA,NA,NA,NA,NA,NA,NA,NA,NA,NA,NA,NA,NA,NA,NA,NA,NA,NA,High,High,High,NA,NA,NA,NA,NA,214.27299,40.564013,1701.403665,0.75968,01:15:00,-0.694778,-0.425781,-0.579651,-61.15031,18.424422,-43.545116,-0.16011,179.059067,-0.986966,-0.928794,0.986966,-0.01621,0.16011,9.214478,-9.213257,0.01621,-0.01621,-179.059067,9.213257,0.16011,0.928794,-9.214478,-0.16011,0.01621,0.986966,-0.986966,NA,NA,NA,NA,NA,NA,NA,NA,NA,NA,NA,NA
NA,NA,NA,NA,NA,NA,NA,NA,NA,NA,NA,NA,NA,NA,NA,NA,145,2026-01-21,16:58:06,2,6,"Mangum, McCain",1000261673,Right,CAR_EAG,"Gibson, Aiden",10011511,Right,CAR_EAG,Undefined,5,Bottom,1,3,2,Fastball,Four-Seam,StrikeSwinging,Strikeout,Undefined,Undefined,0,0,NA,86.34609,-2.020685,-2.923094,2233.392308,198.778324,12:45:00,5.57805,2.00937,6.09051,-21.06218,16.03261,5.06689,1.95042,-0.27476,79.42602,-5.982598,-2.011836,0.438357,NA,NA,NA,NA,NA,NA,NA,NA,NA,NA,NA,-3.36516,9.14536,-1.7863,50,5.41067,6.19433,-125.29949,-5.04007,-5.38012,23.97844,-17.55276,CAR_EAG,CAR_EAG,CarsonNewman,TeamExclusive,Team,20260121-CarsonNewman-Private-1,45dc2fb0-f714-11f0-ab51-7d94a826c0d5,85.98571,NA,NA,6.92007,NA,NA,NA,NA,NA,NA,12e7b950-fffd-45a9-b94a-b9563b4018a5,2026-01-21,21:58:06,2026-01-21T21:58:06Z,2026-01-21T21:58:06Z,NA,v3,CNE,CNE,NA,"Hammond, Kevin",10120878,Right,CAR_EAG,a44bf793-9dc2-490f-bca7-40d9448b27db,54.40914,-126.14044,11.98922,5.57664,-4.42448,-8.77638,-2.00685,6.38302,-2.69006,NA,NA,NA,NA,NA,NA,NA,NA,NA,NA,NA,NA,NA,NA,NA,NA,NA,NA,NA,NA,NA,NA,NA,NA,NA,NA,NA,NA,NA,NA,NA,NA,NA,NA,NA,NA,NA,NA,NA,NA,NA,NA,NA,NA,NA,NA,NA,NA,NA,NA,High,High,High,NA,NA,NA,NA,NA,212.868749,35.084186,1827.603675,0.818308,01:00:00,-0.593085,-0.4641,-0.657922,-54.889831,22.363358,-33.272428,0.162439,178.403588,-0.986336,1.575205,0.986336,-0.027489,-0.162439,9.352033,9.348467,0.027489,0.027489,-178.403588,-9.348467,0.162439,-1.575205,-9.352033,-0.162439,-0.027489,0.986336,-0.986336,NA,NA,NA,NA,NA,NA,NA,NA,NA,NA,NA,NA
NA,NA,NA,NA,NA,NA,NA,NA,NA,NA,NA,NA,NA,NA,NA,NA,146,2026-01-21,16:58:31,3,1,"Mangum, McCain",1000261673,Right,CAR_EAG,"Floyd, Logan",1000148156,Right,CAR_EAG,Undefined,5,Bottom,2,0,0,Fastball,Four-Seam,BallCalled,Undefined,Undefined,Undefined,0,0,NA,86.19034,-1.279628,-4.392614,2225.681915,195.507733,12:30:00,5.52706,2.01079,6.47306,-18.7517,18.01568,4.69008,2.78558,-1.64036,79.18192,-4.854979,-3.545939,0.436418,NA,NA,NA,NA,NA,NA,NA,NA,NA,NA,NA,-3.59099,10.09449,-1.70262,50,5.42791,9.4221,-124.98569,-3.27663,-5.7124,23.86066,-16.1162,CAR_EAG,CAR_EAG,CarsonNewman,TeamExclusive,Team,20260121-CarsonNewman-Private-1,550ae7b0-f714-11f0-ab51-7d94a826c0d5,86.3677,NA,NA,7.00842,NA,NA,NA,NA,NA,NA,12e7b950-fffd-45a9-b94a-b9563b4018a5,2026-01-21,21:58:31,2026-01-21T21:58:31Z,2026-01-21T21:58:31Z,NA,v3,CNE,CNE,NA,"Hammond, Kevin",10120878,Right,CAR_EAG,ec716356-3ba5-497f-a530-46139b14c6f8,54.0266,-125.75205,11.93033,5.52483,-2.75901,-8.0581,-2.00818,9.60557,-2.8562,NA,NA,NA,NA,NA,NA,NA,NA,NA,NA,NA,NA,NA,NA,NA,NA,NA,NA,NA,NA,NA,NA,NA,NA,NA,NA,NA,NA,NA,NA,NA,NA,NA,NA,NA,NA,NA,NA,NA,NA,NA,NA,NA,NA,NA,NA,NA,NA,NA,NA,High,High,High,NA,NA,NA,NA,NA,211.947313,36.186971,1796.33584,0.807095,01:00:00,-0.631485,-0.440144,-0.638357,-58.240136,1.007016,-45.953226,-0.14405,173.537216,-0.983282,-6.395096,0.983282,-0.111384,0.14405,8.334526,-8.282299,0.111384,-0.111384,-173.537216,8.282299,0.14405,6.395096,-8.334526,-0.14405,0.111384,0.983282,-0.983282,NA,NA,NA,NA,NA,NA,NA,NA,NA,NA,NA,NA
NA,NA,NA,NA,NA,NA,NA,NA,NA,NA,NA,NA,NA,NA,NA,NA,147,2026-01-21,16:58:48,3,2,"Mangum, McCain",1000261673,Right,CAR_EAG,"Floyd, Logan",1000148156,Right,CAR_EAG,Undefined,5,Bottom,2,1,0,Fastball,Sinker,InPlay,Undefined,GroundBall,Single,0,0,NA,87.3332,-1.405057,-3.102572,2184.873633,238.586597,02:00:00,5.56378,2.16308,6.21843,-26.46356,9.86154,14.20985,2.05971,0.48132,79.77813,-6.363959,-0.538889,0.433785,102.77346,-0.990856,-19.058964,2092.399928,NA,NA,NA,43.26642,41.04071,-20.458816,0.28438600000000003,-8.29107,5.86575,-1.93758,50,5.44514,6.31476,-126.74479,-3.92984,-13.44318,26.68843,-22.66329,CAR_EAG,CAR_EAG,CarsonNewman,TeamExclusive,Team,20260121-CarsonNewman-Private-1,5ef841a0-f714-11f0-ab51-7d94a826c0d5,86.89197,2.24779,NA,7.55507,NA,NA,NA,1.92344,2.24779,-0.53963,12e7b950-fffd-45a9-b94a-b9563b4018a5,2026-01-21,21:58:48,2026-01-21T21:58:48Z,2026-01-21T21:58:48Z,GroundBall,v3,CNE,CNE,NA,"Hammond, Kevin",10120878,Right,CAR_EAG,d3cd9348-6622-4025-afaa-38ffc7616fdf,54.28331,-127.64353,13.34422,5.56463,-3.16665,-11.33165,-2.15786,6.76747,-6.72159,77.631337,1.92677,142.29498,-22.99108,NA,NA,NA,NA,NA,NA,2.24998,-2.70895,-18.32104,NA,NA,NA,NA,NA,NA,-0.53672,-49.35018,-6.85818,NA,NA,NA,NA,NA,NA,NA,NA,NA,NA,NA,NA,NA,NA,NA,NA,NA,NA,NA,NA,NA,NA,NA,NA,NA,NA,NA,NA,High,High,High,High,High,NA,NA,NA,222.895878,37.203637,1740.233367,0.796492,01:30:00,-0.621889,-0.55681,-0.550651,15.478741,-13.877168,-41.855088,0.936261,140.977802,-0.272929,12.778872,0.272929,-0.221189,-0.936261,73.748082,69.43287,0.221189,0.221189,-140.977802,-69.43287,0.936261,-12.778872,-73.748082,-0.936261,-0.221189,0.272929,-0.272929,NA,NA,NA,NA,NA,NA,NA,NA,NA,NA,NA,NA
NA,NA,NA,NA,NA,NA,NA,NA,NA,NA,NA,NA,NA,NA,NA,NA,148,2026-01-21,16:59:33,4,1,"Mangum, McCain",1000261673,Right,CAR_EAG,"Nathan, Cole",1000323259,Right,CAR_EAG,Undefined,5,Bottom,2,0,0,Fastball,Changeup,FoulBallNotFieldable,Undefined,Undefined,Undefined,0,0,NA,85.6272,-0.579021,-3.884593,2071.434301,222.543597,01:30:00,5.55057,1.9784,6.26606,-23.33844,14.08725,11.90367,3.0706,-0.61668,78.73219,-4.97448,-1.739737,0.440308,NA,NA,NA,NA,NA,NA,NA,NA,NA,NA,NA,-7.198,7.81304,-1.69597,50,5.49602,7.98669,-124.29177,-1.9316,-11.33628,23.32986,-19.86912,CAR_EAG,CAR_EAG,CarsonNewman,TeamExclusive,Team,20260121-CarsonNewman-Private-1,7a0c04e0-f714-11f0-ab51-7d94a826c0d5,85.60479,NA,NA,6.89501,NA,NA,NA,NA,NA,NA,12e7b950-fffd-45a9-b94a-b9563b4018a5,2026-01-21,21:59:33,2026-01-21T21:59:33Z,2026-01-21T21:59:33Z,NA,v3,CNE,CNE,NA,"Hammond, Kevin",10120878,Right,CAR_EAG,e0383976-9b5f-4bf6-a299-8256fa7b1303,54.23572,-125.0843,11.66493,5.55017,-1.25663,-9.93456,-1.97383,8.37179,-5.66814,NA,NA,NA,NA,NA,NA,NA,NA,NA,NA,NA,NA,NA,NA,NA,NA,NA,NA,NA,NA,NA,NA,NA,NA,NA,NA,NA,NA,NA,NA,NA,NA,NA,NA,NA,NA,NA,NA,NA,NA,NA,NA,NA,NA,NA,NA,NA,NA,NA,NA,High,High,High,NA,NA,NA,NA,NA,212.93842,29.981843,1794.242859,0.866184,01:00:00,-0.543052,-0.476002,-0.691749,-51.518175,17.18884,-20.193737,-0.202543,172.645915,-0.971218,-7.200843,0.971218,-0.125348,0.202543,11.779919,-11.685693,0.125348,-0.125348,-172.645915,11.685693,0.202543,7.200843,-11.779919,-0.202543,0.125348,0.971218,-0.971218,NA,NA,NA,NA,NA,NA,NA,NA,NA,NA,NA,NA
NA,NA,NA,NA,NA,NA,NA,NA,NA,NA,NA,NA,NA,NA,NA,NA,149,2026-01-21,16:59:56,4,2,"Mangum, McCain",1000261673,Right,CAR_EAG,"Nathan, Cole",1000323259,Right,CAR_EAG,Undefined,5,Bottom,2,0,1,Fastball,Four-Seam,StrikeCalled,Undefined,Undefined,Undefined,0,0,NA,85.45265,-2.049631,-3.399951,2163.525453,198.916619,12:45:00,5.46306,1.92471,6.44958,-20.5319,17.17253,5.45717,1.86478,-0.74803,77.95963,-5.963379,-2.412654,0.441944,NA,NA,NA,NA,NA,NA,NA,NA,NA,NA,NA,-3.79079,9.91745,-1.68557,50,5.30798,7.14679,-123.88743,-4.97018,-5.87327,25.46416,-16.80846,CAR_EAG,CAR_EAG,CarsonNewman,TeamExclusive,Team,20260121-CarsonNewman-Private-1,8780fef0-f714-11f0-ab51-7d94a826c0d5,85.28779,NA,NA,7.49302,NA,NA,NA,NA,NA,NA,12e7b950-fffd-45a9-b94a-b9563b4018a5,2026-01-21,21:59:56,2026-01-21T21:59:56Z,2026-01-21T21:59:56Z,NA,v3,CNE,CNE,NA,"Hammond, Kevin",10120878,Right,CAR_EAG,98412eb3-fe3d-45a0-b2bd-161b384e9665,54.04767,-124.71662,12.73208,5.46092,-4.42285,-8.40423,-1.92141,7.33804,-2.93664,NA,NA,NA,NA,NA,NA,NA,NA,NA,NA,NA,NA,NA,NA,NA,NA,NA,NA,NA,NA,NA,NA,NA,NA,NA,NA,NA,NA,NA,NA,NA,NA,NA,NA,NA,NA,NA,NA,NA,NA,NA,NA,NA,NA,NA,NA,NA,NA,NA,NA,High,High,High,NA,NA,NA,NA,NA,212.498886,30.169529,1870.459048,0.864542,01:00:00,-0.528014,-0.482181,-0.69907300000000006,-50.360436,4.043633,-34.028117,-0.102751,173.164181,-0.987636,-6.799466,0.987636,-0.118395,0.102751,5.939553,-5.897629,0.118395,-0.118395,-173.164181,5.897629,0.102751,6.799466,-5.939553,-0.102751,0.118395,0.987636,-0.987636,NA,NA,NA,NA,NA,NA,NA,NA,NA,NA,NA,NA
NA,NA,NA,NA,NA,NA,NA,NA,NA,NA,NA,NA,NA,NA,NA,NA,150,2026-01-21,17:00:15,4,3,"Mangum, McCain",1000261673,Right,CAR_EAG,"Nathan, Cole",1000323259,Right,CAR_EAG,Undefined,5,Bottom,2,0,2,Slider,Slider,FoulBallNotFieldable,Undefined,Undefined,Undefined,0,0,NA,74.92718,1.012428,-2.213357,2298.223793,90.78098,09:00:00,5.56472,2.2143,5.55303,-48.67609,1.59658,-7.31595,2.45524,-0.46462,69.16542,-7.876009,-3.517196,0.510314,73.64127,10.716237,40.962224,4155.352728,76.36823,6.98788,79.16996,141.51955,120.83584,47.539137,1.62643,3.11854,0.96595,-2.01775,50,5.61996,4.4709,-108.78704,0.39485,3.74809,18.56453,-31.01311,CAR_EAG,CAR_EAG,CarsonNewman,TeamExclusive,Team,20260121-CarsonNewman-Private-1,933b9ed0-f714-11f0-ab51-7d94a826c0d5,73.8613,9.71537,NA,5.76176,NA,NA,NA,0.83804,2.39383,0.45805,12e7b950-fffd-45a9-b94a-b9563b4018a5,2026-01-21,22:00:15,2026-01-21T22:00:15Z,2026-01-21T22:00:15Z,GroundBall,v3,CNE,CNE,NA,"Hammond, Kevin",10120878,Right,CAR_EAG,3f577b72-c888-40e5-881d-d6c55fc9dbaf,54.94936,-109.62839,9.28226,5.57022,1.80038,-15.50656,-2.21652,4.30104,1.87404,242.402961,0.83804,80.13823,-18.5432,4.27278,-0.92773,0.17232,-0.03056,0.00482,-3.9e-4,2.39383,20.08338,-14.11706,0.42819,0.09708,-0.03468,0.01116,-0.00175,9e-5,0.45805,69.5704,-3.45069,-0.30881,0.28688,-0.09739,0.0248,-0.00409,3.4e-4,NA,NA,NA,NA,NA,NA,NA,NA,NA,NA,NA,NA,NA,NA,NA,NA,NA,NA,NA,NA,NA,NA,High,High,High,High,High,NA,NA,NA,24.160514,80.924131,362.526847,0.157742,06:45:00,-0.979891,0.082001,0.181904,-61.565297,71.927101,-22.158751,-0.595308,144.751318,-0.65618,-27.627398,0.65618,-0.46372,0.595308,42.215324,-36.53458,0.46372,-0.46372,-144.751318,36.53458,0.595308,27.627398,-42.215324,-0.595308,0.46372,0.65618,-0.65618,NA,NA,NA,NA,NA,NA,NA,NA,NA,NA,NA,NA
NA,NA,NA,NA,NA,NA,NA,NA,NA,NA,NA,NA,NA,NA,NA,NA,151,2026-01-21,17:00:45,4,4,"Mangum, McCain",1000261673,Right,CAR_EAG,"Nathan, Cole",1000323259,Right,CAR_EAG,Undefined,5,Bottom,2,0,2,Slider,Curveball,StrikeSwinging,Strikeout,Undefined,Undefined,0,0,NA,74.50935,0.492886,-0.881366,2322.388959,88.768272,09:00:00,5.51385,2.09215,5.66396,-49.47731,1.32158,-12.46449,1.85042,0.23151,68.57666,-8.565471,-3.111592,0.512978,NA,NA,NA,NA,NA,NA,NA,NA,NA,NA,NA,6.05426,1.05291,-2.00974,50,5.52447,2.12122,-108.21928,-0.60318,7.16389,19.27494,-30.92814,CAR_EAG,CAR_EAG,CarsonNewman,TeamExclusive,Team,20260121-CarsonNewman-Private-1,a4dda0c0-f714-11f0-ab51-7d94a826c0d5,73.47771,NA,NA,5.93269,NA,NA,NA,NA,NA,NA,12e7b950-fffd-45a9-b94a-b9563b4018a5,2026-01-21,22:00:45,2026-01-21T22:00:45Z,2026-01-21T22:00:45Z,NA,v3,CNE,CNE,NA,"Hammond, Kevin",10120878,Right,CAR_EAG,74ff9c79-a4b0-4167-92d6-7b4d807aa6dd,54.83724,-109.07744,9.63747,5.52067,0.7738,-15.46407,-2.09709,1.80226,3.58195,NA,NA,NA,NA,NA,NA,NA,NA,NA,NA,NA,NA,NA,NA,NA,NA,NA,NA,NA,NA,NA,NA,NA,NA,NA,NA,NA,NA,NA,NA,NA,NA,NA,NA,NA,NA,NA,NA,NA,NA,NA,NA,NA,NA,NA,NA,NA,NA,NA,NA,High,High,High,NA,NA,NA,NA,NA,38.595489,72.625396,693.506673,0.298618,07:15:00,-0.949032,0.194486,0.248018,83.426528,-19.675687,-45.954599,-0.669319,143.980723,-0.600932,-25.907007,0.600932,-0.436912,0.669319,48.081689,-42.014563,0.436912,-0.436912,-143.980723,42.014563,0.669319,25.907007,-48.081689,-0.669319,0.436912,0.600932,-0.600932,NA,NA,NA,NA,NA,NA,NA,NA,NA,NA,NA,NA
NA,NA,NA,NA,NA,NA,NA,NA,NA,NA,NA,NA,NA,NA,NA,NA,152,2026-01-21,17:02:54,1,1,"Yonts, Peyton",1000370211,Right,CAR_EAG,"Wyatt, Jack",10013525,Right,CAR_EAG,Undefined,6,Top,0,0,0,Fastball,Changeup,InPlay,Undefined,GroundBall,Out,1,0,NA,74.71125,0.699931,-5.411833,1595.451996,236.305267,02:00:00,5.22502,3.03045,6.03228,-36.98053,12.93048,17.07662,2.79443,-0.57319,68.57856,-6.180419,-2.358597,0.508475,88.12307,-1.958417,7.186434,1419.259826,NA,NA,NA,37.15995,35.04845,8.601862,0.288001,-10.25052,6.92473,-2.61576,50,5.25976,9.6621,-108.16081,0.31207,-12.2021,18.00518,-23.93092,CAR_EAG,CAR_EAG,CarsonNewman,TeamExclusive,Team,20260121-CarsonNewman-Private-1,f1763d70-f714-11f0-ab51-7d94a826c0d5,74.1284,2.86305,NA,6.13269,NA,NA,NA,1.2599,2.86305,0.56824,12e7b950-fffd-45a9-b94a-b9563b4018a5,2026-01-21,22:02:54,2026-01-21T22:02:54Z,2026-01-21T22:02:54Z,GroundBall,v3,CNE,CNE,NA,"Cochran, Carson",10085797,Right,CAR_EAG,28045705-125a-4e90-a17f-a0b2c40dee5b,54.46974,-108.90233,9.00259,5.22661,1.29764,-11.96546,-3.02403,10.16463,-6.10105,303.299775,1.26232,128.04524,-16.8775,NA,NA,NA,NA,NA,NA,2.86542,-4.52647,-18.85708,NA,NA,NA,NA,NA,NA,0.56692,16.22069,3.86649,NA,NA,NA,NA,NA,NA,NA,NA,NA,NA,NA,NA,NA,NA,NA,NA,NA,NA,NA,NA,NA,NA,NA,NA,NA,NA,NA,NA,High,High,High,High,High,NA,NA,NA,235.67524,-14.137411,1547.130128,0.969713,01:45:00,0.181831,-0.803766,-0.566479,-46.549601,-23.026828,-27.332201,0.095219,164.457484,-0.959054,15.470124,0.959054,-0.266736,-0.095219,5.669998,5.463935,0.266736,0.266736,-164.457484,-5.463935,0.095219,-15.470124,-5.669998,-0.095219,-0.266736,0.959054,-0.959054,NA,NA,NA,NA,NA,NA,NA,NA,NA,NA,NA,NA
NA,NA,NA,NA,NA,NA,NA,NA,NA,NA,NA,NA,NA,NA,NA,NA,153,2026-01-21,17:03:28,2,1,"Yonts, Peyton",1000370211,Right,CAR_EAG,"Hammond, Kevin",10120878,Right,CAR_EAG,Undefined,6,Top,1,0,0,Slider,Changeup,BallCalled,Undefined,Undefined,Undefined,0,0,NA,67.40151,1.161799,-4.31623,1316.948014,243.984579,02:15:00,5.09498,3.16766,6.10594,-60.44551,2.93784,0.63134,1.13547,-0.77887,60.30826,-10.076081,-4.202871,0.573006,NA,NA,NA,NA,NA,NA,NA,NA,NA,NA,NA,-1.9748000000000001,1.90882,-2.83567,50,5.15424,7.32546,-97.33156,0.40958,-1.82787,20.26986,-30.40724,CAR_EAG,CAR_EAG,CarsonNewman,TeamExclusive,Team,20260121-CarsonNewman-Private-1,065234b0-f715-11f0-ab51-7d94a826c0d5,65.78023,NA,NA,7.09325,NA,NA,NA,NA,NA,NA,12e7b950-fffd-45a9-b94a-b9563b4018a5,2026-01-21,22:03:28,2026-01-21T22:03:28Z,2026-01-21T22:03:28Z,NA,v3,CNE,CNE,NA,"Cochran, Carson",10085797,Right,CAR_EAG,af2247a7-28eb-454d-adec-383d4b6def64,54.38901,-98.24135,10.13493,5.10523,1.77437,-15.20362,-3.1663,7.4075,-0.91394,NA,NA,NA,NA,NA,NA,NA,NA,NA,NA,NA,NA,NA,NA,NA,NA,NA,NA,NA,NA,NA,NA,NA,NA,NA,NA,NA,NA,NA,NA,NA,NA,NA,NA,NA,NA,NA,NA,NA,NA,NA,NA,NA,NA,NA,NA,NA,NA,NA,NA,High,High,High,NA,NA,NA,NA,NA,236.247083,74.737325,346.679513,0.263245,01:45:00,-0.977228,-0.199267,-0.072921,-17.257037,31.305379,-30.329255,0.502937,136.369159,-0.625598,36.611861,0.625598,-0.596391,-0.502937,38.796839,30.194476,0.596391,0.596391,-136.369159,-30.194476,0.502937,-36.611861,-38.796839,-0.502937,-0.596391,0.625598,-0.625598,NA,NA,NA,NA,NA,NA,NA,NA,NA,NA,NA,NA
NA,NA,NA,NA,NA,NA,NA,NA,NA,NA,NA,NA,NA,NA,NA,NA,154,2026-01-21,17:03:43,2,2,"Yonts, Peyton",1000370211,Right,CAR_EAG,"Hammond, Kevin",10120878,Right,CAR_EAG,Undefined,6,Top,1,1,0,Fastball,Changeup,FoulBallNotFieldable,Undefined,Undefined,Undefined,0,0,NA,75.86115,0.409869,-4.875829,1559.186656,246.844457,02:15:00,5.13226,3.25507,5.87835,-38.94679,10.03516,19.64918,2.26876,0.35309,69.19198,-6.818961,-1.365397,0.50372,NA,NA,NA,NA,NA,NA,NA,NA,NA,NA,NA,-11.52461,5.46953,-2.87189,50,5.14288,8.67222,-109.83426,-0.33966,-14.02642,20.11953,-25.51718,CAR_EAG,CAR_EAG,CarsonNewman,TeamExclusive,Team,20260121-CarsonNewman-Private-1,0ed29120-f715-11f0-ab51-7d94a826c0d5,74.82811,NA,NA,6.66917,NA,NA,NA,NA,NA,NA,12e7b950-fffd-45a9-b94a-b9563b4018a5,2026-01-21,22:03:43,2026-01-21T22:03:43Z,2026-01-21T22:03:43Z,NA,v3,CNE,CNE,NA,"Cochran, Carson",10085797,Right,CAR_EAG,6eb4969d-7a11-48cd-9db7-7d79831c0684,54.62386,-110.67802,10.05977,5.13469,0.73047,-12.75859,-3.24791,9.26046,-7.01321,NA,NA,NA,NA,NA,NA,NA,NA,NA,NA,NA,NA,NA,NA,NA,NA,NA,NA,NA,NA,NA,NA,NA,NA,NA,NA,NA,NA,NA,NA,NA,NA,NA,NA,NA,NA,NA,NA,NA,NA,NA,NA,NA,NA,NA,NA,NA,NA,NA,NA,High,High,High,NA,NA,NA,NA,NA,239.985535,-18.202066,1481.166186,0.94996100000000006,02:00:00,0.264978,-0.824784,-0.499518,-46.910552,-24.766929,-13.319678,-0.038457,168.606932,-0.97957,-11.384527,0.97957,-0.197393,0.038457,2.248253,-2.203996,0.197393,-0.197393,-168.606932,2.203996,0.038457,11.384527,-2.248253,-0.038457,0.197393,0.97957,-0.97957,NA,NA,NA,NA,NA,NA,NA,NA,NA,NA,NA,NA
NA,NA,NA,NA,NA,NA,NA,NA,NA,NA,NA,NA,NA,NA,NA,NA,155,2026-01-21,17:04:09,2,3,"Yonts, Peyton",1000370211,Right,CAR_EAG,"Hammond, Kevin",10120878,Right,CAR_EAG,Undefined,6,Top,1,1,1,Slider,Changeup,FoulBallNotFieldable,Undefined,Undefined,Undefined,0,0,NA,66.94707,2.74956,-4.180214,1334.835385,167.905776,11:30:00,5.00163,3.17317,5.92661,-56.62448,7.81272,-1.12602,2.84305,-0.80644,59.84541,-7.801551,-4.381287,0.57775,NA,NA,NA,NA,NA,NA,NA,NA,NA,NA,NA,-0.94764,3.79894,-2.83766,50,5.19129,7.09721,-96.59137,3.18055,-0.86971,19.04702,-28.6875,CAR_EAG,CAR_EAG,CarsonNewman,TeamExclusive,Team,20260121-CarsonNewman-Private-1,1eadb5c0-f715-11f0-ab51-7d94a826c0d5,65.24009,NA,NA,7.10166,NA,NA,NA,NA,NA,NA,12e7b950-fffd-45a9-b94a-b9563b4018a5,2026-01-21,22:04:09,2026-01-21T22:04:09Z,2026-01-21T22:04:09Z,NA,v3,CNE,CNE,NA,"Cochran, Carson",10085797,Right,CAR_EAG,9bf94817-1532-4fc2-a986-6c6d798e8070,54.56743,-97.48787,9.52351,5.00981,4.5308,-14.34375,-3.17267,7.13814,-0.43486,NA,NA,NA,NA,NA,NA,NA,NA,NA,NA,NA,NA,NA,NA,NA,NA,NA,NA,NA,NA,NA,NA,NA,NA,NA,NA,NA,NA,NA,NA,NA,NA,NA,NA,NA,NA,NA,NA,NA,NA,NA,NA,NA,NA,NA,NA,NA,NA,NA,NA,High,High,High,NA,NA,NA,NA,NA,203.491587,82.034746,184.971533,0.138573,12:45:00,-0.998487,-0.007666,-0.054449,-3.252591,40.38794,-30.957803,0.485339,135.362454,-0.62214,37.902407,0.62214,-0.614318,-0.485339,37.958238,29.034714,0.614318,0.614318,-135.362454,-29.034714,0.485339,-37.902407,-37.958238,-0.485339,-0.614318,0.62214,-0.62214,NA,NA,NA,NA,NA,NA,NA,NA,NA,NA,NA,NA
NA,NA,NA,NA,NA,NA,NA,NA,NA,NA,NA,NA,NA,NA,NA,NA,156,2026-01-21,17:04:27,2,4,"Yonts, Peyton",1000370211,Right,CAR_EAG,"Hammond, Kevin",10120878,Right,CAR_EAG,Undefined,6,Top,1,1,2,Slider,Changeup,InPlay,Undefined,GroundBall,Out,1,0,NA,66.92637,2.340432,-4.246545,1474.395049,255.576941,02:30:00,5.02229,2.93984,6.43955,-55.6757,5.51268,14.16225,2.54054,0.21046,61.63577,-8.017684,-1.688369,0.562997,96.36852,4.143174,-11.23967,882.894578,NA,NA,NA,84.21283,84.21283,-10.873045,0.637985,-8.58823,2.76807,-2.64396,50,5.16386,6.79753,-97.04634,2.65057,-8.21288,14.79558,-29.52694,CAR_EAG,CAR_EAG,CarsonNewman,TeamExclusive,Team,20260121-CarsonNewman-Private-1,293f8d10-f715-11f0-ab51-7d94a826c0d5,66.94965,3.76762,NA,5.2906,NA,NA,NA,1.90554,2.68234,-0.26618000000000003,12e7b950-fffd-45a9-b94a-b9563b4018a5,2026-01-21,22:04:27,2026-01-21T22:04:27Z,2026-01-21T22:04:27Z,GroundBall,v3,CNE,CNE,NA,"Cochran, Carson",10085797,Right,CAR_EAG,db0f7d3e-e46d-4c80-baf1-0c38f11d2bf2,54.06332,-97.66386,7.39779,5.02752,3.88294,-14.76347,-2.93482,7.14032,-4.10644,349.978484,1.93517,137.63892,-17.37789,NA,NA,NA,NA,NA,NA,2.71898,9.43311,-21.55002,NA,NA,NA,NA,NA,NA,-0.27553,-27.27848,4.4274,NA,NA,NA,NA,NA,NA,NA,NA,NA,NA,NA,NA,NA,NA,NA,NA,NA,NA,NA,NA,NA,NA,NA,NA,NA,NA,NA,NA,High,High,High,High,High,NA,NA,NA,263.323153,-25.34453,1332.484724,0.90375,02:45:00,0.382193,-0.914353,-0.133746,52.715752,37.707183,67.975467,0.475131,105.129583,-0.22966,58.148123,0.22966,-0.849415,-0.475131,64.202652,28.367908,0.849415,0.849415,-105.129583,-28.367908,0.475131,-58.148123,-64.202652,-0.475131,-0.849415,0.22966,-0.22966,NA,NA,NA,NA,NA,NA,NA,NA,NA,NA,NA,NA
NA,NA,NA,NA,NA,NA,NA,NA,NA,NA,NA,NA,NA,NA,NA,NA,157,2026-01-21,17:04:57,3,1,"Yonts, Peyton",1000370211,Right,CAR_EAG,"Hornbuckle, Kylan",1000106804,Right,CAR_EAG,Undefined,6,Top,2,0,0,Fastball,Changeup,StrikeSwinging,Undefined,Undefined,Undefined,0,0,NA,77.22078,1.092389,-3.645051,1522.734826,257.165953,02:30:00,5.12299,3.10134,5.77703,-41.49546,5.71693,18.45753,2.68371,1.24307,70.61732,-6.570541,-0.345819,0.494538,NA,NA,NA,NA,NA,NA,NA,NA,NA,NA,NA,-10.37493,3.08642,-2.81097,50,5.18848,6.43624,-111.96025,0.85464,-13.16064,20.33275,-28.2589,CAR_EAG,CAR_EAG,CarsonNewman,TeamExclusive,Team,20260121-CarsonNewman-Private-1,3ad225b0-f715-11f0-ab51-7d94a826c0d5,76.21751,NA,NA,6.60346,NA,NA,NA,NA,NA,NA,12e7b950-fffd-45a9-b94a-b9563b4018a5,2026-01-21,22:04:57,2026-01-21T22:04:57Z,2026-01-21T22:04:57Z,NA,v3,CNE,CNE,NA,"Cochran, Carson",10085797,Right,CAR_EAG,031a01c3-83ac-426e-b336-ccf1080f7da4,54.7242,-112.81494000000001,10.16638,5.12759,2.0425,-14.12945,-3.09315,6.98945,-6.58032,NA,NA,NA,NA,NA,NA,NA,NA,NA,NA,NA,NA,NA,NA,NA,NA,NA,NA,NA,NA,NA,NA,NA,NA,NA,NA,NA,NA,NA,NA,NA,NA,NA,NA,NA,NA,NA,NA,NA,NA,NA,NA,NA,NA,NA,NA,NA,NA,NA,NA,High,High,High,NA,NA,NA,NA,NA,242.958951,-15.873135,1464.672425,0.96187,02:00:00,0.228804,-0.861778,-0.452756,-52.929797,-19.752432,-13.406254,-0.019592,165.857947,-0.969507,-14.139282,0.969507,-0.24428,0.019592,1.157671,-1.122595,0.24428,-0.24428,-165.857947,1.122595,0.019592,14.139282,-1.157671,-0.019592,0.24428,0.969507,-0.969507,NA,NA,NA,NA,NA,NA,NA,NA,NA,NA,NA,NA
NA,NA,NA,NA,NA,NA,NA,NA,NA,NA,NA,NA,NA,NA,NA,NA,158,2026-01-21,17:05:12,3,2,"Yonts, Peyton",1000370211,Right,CAR_EAG,"Hornbuckle, Kylan",1000106804,Right,CAR_EAG,Undefined,6,Top,2,0,1,Fastball,Changeup,BallCalled,Undefined,Undefined,Undefined,0,0,NA,75.91801,-0.802904,-7.044698,1603.697805,224.743122,01:30:00,5.12489,3.06498,6.01857,-33.781,15.20375,13.44268,1.56037,-2.37344,69.33647,-7.094223,-4.654962,0.503735,NA,NA,NA,NA,NA,NA,NA,NA,NA,NA,NA,-8.84993,8.53843,-2.51712,50,5.04314,13.04187,-109.45246,-2.47118,-10.72437,19.5084,-21.82714,CAR_EAG,CAR_EAG,CarsonNewman,TeamExclusive,Team,20260121-CarsonNewman-Private-1,44203260-f715-11f0-ab51-7d94a826c0d5,74.82598,NA,NA,6.58154,NA,NA,NA,NA,NA,NA,12e7b950-fffd-45a9-b94a-b9563b4018a5,2026-01-21,22:05:12,2026-01-21T22:05:12Z,2026-01-21T22:05:12Z,NA,v3,CNE,CNE,NA,"Cochran, Carson",10085797,Right,CAR_EAG,48ae88c9-9ced-4750-a56c-ab7090e67768,54.4803,-110.24812,9.7542,5.12577,-1.58095,-10.91357,-3.05796,13.47927,-5.36219,NA,NA,NA,NA,NA,NA,NA,NA,NA,NA,NA,NA,NA,NA,NA,NA,NA,NA,NA,NA,NA,NA,NA,NA,NA,NA,NA,NA,NA,NA,NA,NA,NA,NA,NA,NA,NA,NA,NA,NA,NA,NA,NA,NA,NA,NA,NA,NA,NA,NA,High,High,High,NA,NA,NA,NA,NA,238.043835,-16.822198,1535.071481,0.957207,02:00:00,0.23635,-0.808011,-0.539683,-51.720654,-22.090639,-17.697111,0.099377,166.433378,-0.967286,13.498191,0.967286,-0.233415,-0.099377,5.865901,5.703323,0.233415,0.233415,-166.433378,-5.703323,0.099377,-13.498191,-5.865901,-0.099377,-0.233415,0.967286,-0.967286,NA,NA,NA,NA,NA,NA,NA,NA,NA,NA,NA,NA
NA,NA,NA,NA,NA,NA,NA,NA,NA,NA,NA,NA,NA,NA,NA,NA,159,2026-01-21,17:05:27,3,3,"Copley, Tyson",10100116,Right,CAR_EAG,"Hornbuckle, Kylan",1000106804,Right,CAR_EAG,Undefined,6,Top,2,1,1,Slider,Changeup,InPlay,Undefined,GroundBall,Out,1,0,NA,67.31562,0.364621,-5.619111,1371.758256,143.833586,10:45:00,4.92578,3.10852,6.28575,-57.48322,5.26544,-2.08311,0.4732,-2.26056,60.90556,-10.298226,-5.992917,0.57013,NA,NA,NA,NA,NA,NA,NA,NA,NA,NA,NA,-0.92224,3.35457,-2.6921,50,4.92602,9.62435,-97.16146,-0.80474,-0.8587,18.90662,-29.05056,CAR_EAG,CAR_EAG,CarsonNewman,TeamExclusive,Team,20260121-CarsonNewman-Private-1,4d067c90-f715-11f0-ab51-7d94a826c0d5,66.11204,NA,NA,6.41006,NA,NA,NA,NA,NA,NA,12e7b950-fffd-45a9-b94a-b9563b4018a5,2026-01-21,22:05:27,2026-01-21T22:05:27Z,2026-01-21T22:05:27Z,NA,v3,CNE,CNE,NA,"Cochran, Carson",10085797,Right,CAR_EAG,23c6907d-d42e-4393-ab59-e3d0e71a9881,54.21101,-97.97745,9.45331,4.93369,0.44905,-14.52528,-3.10828,9.66141,-0.42935,NA,NA,NA,NA,NA,NA,NA,NA,NA,NA,NA,NA,NA,NA,NA,NA,NA,NA,NA,NA,NA,NA,NA,NA,NA,NA,NA,NA,NA,NA,NA,NA,NA,NA,NA,NA,NA,NA,NA,NA,NA,NA,NA,NA,NA,NA,NA,NA,NA,NA,High,High,High,NA,NA,NA,NA,NA,228.593514,83.088207,165.078991,0.120341,01:30:00,-0.996307,-0.083941,0.018047,-30.47012,34.284638,-38.54189,0.391549,138.400097,-0.688093,37.655723,0.688093,-0.610915,-0.391549,29.641381,23.050905,0.610915,0.610915,-138.400097,-23.050905,0.391549,-37.655723,-29.641381,-0.391549,-0.610915,0.688093,-0.688093,NA,NA,NA,NA,NA,NA,NA,NA,NA,NA,NA,NA
