player_name,display_name,active,notes,id,pitcher,date,rel_speed,horz_break,induced_vert_break,original_pitch_type,new_pitch_type,new_pitcher,modified_at,pitch_key,created_at,PitchNo,Date,Time,PAofInning,PitchofPA,Pitcher,PitcherId,PitcherThrows,PitcherTeam,Batter,BatterId,BatterSide,BatterTeam,PitcherSet,Inning,Top/Bottom,Outs,Balls,Strikes,TaggedPitchType,AutoPitchType,PitchCall,KorBB,TaggedHitType,PlayResult,OutsOnPlay,RunsScored,Notes,RelSpeed,VertRelAngle,HorzRelAngle,SpinRate,SpinAxis,Tilt,RelHeight,RelSide,Extension,VertBreak,InducedVertBreak,HorzBreak,PlateLocHeight,PlateLocSide,ZoneSpeed,VertApprAngle,HorzApprAngle,ZoneTime,ExitSpeed,Angle,Direction,HitSpinRate,PositionAt110X,PositionAt110Y,PositionAt110Z,Distance,LastTrackedDistance,Bearing,HangTime,pfxx,pfxz,x0,y0,z0,vx0,vy0,vz0,ax0,ay0,az0,HomeTeam,AwayTeam,Stadium,Level,League,GameID,PitchUID,EffectiveVelo,MaxHeight,MeasuredDuration,SpeedDrop,PitchLastMeasuredX,PitchLastMeasuredY,PitchLastMeasuredZ,ContactPositionX,ContactPositionY,ContactPositionZ,GameUID,UTCDate,UTCTime,LocalDateTime,UTCDateTime,AutoHitType,System,HomeTeamForeignID,AwayTeamForeignID,GameForeignID,Catcher,CatcherId,CatcherThrows,CatcherTeam,PlayID,PitchTrajectoryXc0,PitchTrajectoryXc1,PitchTrajectoryXc2,PitchTrajectoryYc0,PitchTrajectoryYc1,PitchTrajectoryYc2,PitchTrajectoryZc0,PitchTrajectoryZc1,PitchTrajectoryZc2,HitSpinAxis,HitTrajectoryXc0,HitTrajectoryXc1,HitTrajectoryXc2,HitTrajectoryXc3,HitTrajectoryXc4,HitTrajectoryXc5,HitTrajectoryXc6,HitTrajectoryXc7,HitTrajectoryXc8,HitTrajectoryYc0,HitTrajectoryYc1,HitTrajectoryYc2,HitTrajectoryYc3,HitTrajectoryYc4,HitTrajectoryYc5,HitTrajectoryYc6,HitTrajectoryYc7,HitTrajectoryYc8,HitTrajectoryZc0,HitTrajectoryZc1,HitTrajectoryZc2,HitTrajectoryZc3,HitTrajectoryZc4,HitTrajectoryZc5,HitTrajectoryZc6,HitTrajectoryZc7,HitTrajectoryZc8,ThrowSpeed,PopTime,ExchangeTime,TimeToBase,CatchPositionX,CatchPositionY,CatchPositionZ,ThrowPositionX,ThrowPositionY,ThrowPositionZ,BasePositionX,BasePositionY,BasePositionZ,ThrowTrajectoryXc0,ThrowTrajectoryXc1,ThrowTrajectoryXc2,ThrowTrajectoryYc0,ThrowTrajectoryYc1,ThrowTrajectoryYc2,ThrowTrajectoryZc0,ThrowTrajectoryZc1,ThrowTrajectoryZc2,PitchReleaseConfidence,PitchLocationConfidence,PitchMovementConfidence,HitLaunchConfidence,HitLandingConfidence,CatcherThrowCatchConfidence,CatcherThrowReleaseConfidence,CatcherThrowLocationConfidence,SpinAxis3dTransverseAngle,SpinAxis3dLongitudinalAngle,SpinAxis3dActiveSpinRate,SpinAxis3dSpinEfficiency,SpinAxis3dTilt,SpinAxis3dVectorX,SpinAxis3dVectorY,SpinAxis3dVectorZ,SpinAxis3dSeamOrientationRotationX,SpinAxis3dSeamOrientationRotationY,SpinAxis3dSeamOrientationRotationZ,SpinAxis3dSeamOrientationBallYAmb1,SpinAxis3dSeamOrientationBallAngleHorizontalAmb1,SpinAxis3dSeamOrientationBallZAmb1,SpinAxis3dSeamOrientationBallAngleVerticalAmb2,SpinAxis3dSeamOrientationBallZAmb2,SpinAxis3dSeamOrientationBallXAmb4,SpinAxis3dSeamOrientationBallYAmb4,SpinAxis3dSeamOrientationBallAngleHorizontalAmb2,SpinAxis3dSeamOrientationBallAngleVerticalAmb1,SpinAxis3dSeamOrientationBallXAmb1,SpinAxis3dSeamOrientationBallYAmb2,SpinAxis3dSeamOrientationBallAngleHorizontalAmb4,SpinAxis3dSeamOrientationBallAngleVerticalAmb4,SpinAxis3dSeamOrientationBallXAmb2,SpinAxis3dSeamOrientationBallAngleVerticalAmb3,SpinAxis3dSeamOrientationBallAngleHorizontalAmb3,SpinAxis3dSeamOrientationBallXAmb3,SpinAxis3dSeamOrientationBallYAmb3,SpinAxis3dSeamOrientationBallZAmb3,SpinAxis3dSeamOrientationBallZAmb4,session_id,play_id,camera_slot,camera_name,camera_target,video_type,azure_blob,azure_md5,cloudinary_url,cloudinary_public_id,uploaded_at,HitType
NA,NA,NA,NA,NA,NA,NA,NA,NA,NA,NA,NA,NA,NA,NA,NA,1,2025-10-17,10:59:03,1,1,"Culpepper, Brock",1000215907,Right,CAR_EAG,"Smith, Braxton",1000370200,Right,CAR_EAG,Undefined,1,Top,0,0,0,Fastball,Changeup,StrikeCalled,Undefined,Undefined,Undefined,0,0,NA,86.99182,0.793761,-4.884078,2115.474161,262.10155,02:45:00,4.8118,2.89089,6.52508,-32.64191,3.61303,17.643,2.82261,-0.1308,79.32684,-5.317837,-1.694394,0.433366,NA,NA,NA,NA,NA,NA,NA,NA,NA,NA,NA,-10.58524,2.03788,-2.55723,50,4.85338,10.09845,-126.0934,0.75026,-17.01681,25.99569,-28.89794,CAR_EAG,CAR_EAG,CarsonNewman,TeamExclusive,Team,20251017-CarsonNewman-Private-1,d27d2ce0-ab69-11f0-b255-238b61f5281b,86.97597,NA,NA,7.66498,NA,NA,NA,NA,NA,NA,a29af4ea-4bf5-43b1-9c30-16536369fbae,2025-10-17,14:59:03,2025-10-17T14:59:03Z,2025-10-17T14:59:03Z,NA,v3,CNE,CNE,NA,"Rogers, Jacob",1000215913,Right,CAR_EAG,1be33f4b-6022-40ae-92e2-2b3468ce644f,53.97774,-126.9108,12.99784,4.8155,1.65892,-14.44897,-2.88318,10.63352,-8.50841,NA,NA,NA,NA,NA,NA,NA,NA,NA,NA,NA,NA,NA,NA,NA,NA,NA,NA,NA,NA,NA,NA,NA,NA,NA,NA,NA,NA,NA,NA,NA,NA,NA,NA,NA,NA,NA,NA,NA,NA,NA,NA,NA,NA,NA,NA,NA,NA,NA,NA,High,High,High,NA,NA,NA,NA,NA,240.04313,27.328868,1879.357691,0.888386,02:00:00,-0.50578,-0.763265,-0.402011,28.043153,58.515113,10.465735,-0.935109,178.330847,-0.35421,-0.591408,0.35421,-0.010322,0.935109,69.253832,-69.245775,0.010322,-0.010322,-178.330847,69.245775,0.935109,0.591408,-69.253832,-0.935109,0.010322,0.35421,-0.35421,NA,NA,NA,NA,NA,NA,NA,NA,NA,NA,NA,NA
NA,NA,NA,NA,NA,NA,NA,NA,NA,NA,NA,NA,NA,NA,NA,NA,2,2025-10-17,10:59:14,1,2,"Culpepper, Brock",1000215907,Right,CAR_EAG,"Smith, Braxton",1000370200,Right,CAR_EAG,Undefined,1,Top,0,0,1,Slider,Curveball,BallCalled,Undefined,Undefined,Undefined,0,0,NA,78.27112,0.610361,-3.8299,2608.583811,71.000916,08:15:00,4.78865,3.03345,6.12687,-49.59054,-3.7441,-15.26835,1.22163,-1.78468,71.56151,-8.513203,-6.570754,0.487331,NA,NA,NA,NA,NA,NA,NA,NA,NA,NA,NA,6.63721,-1.61713,-2.73259,50,4.81039,8.15158,-113.44772,-0.31287,8.53634,23.30041,-34.2539,CAR_EAG,CAR_EAG,CarsonNewman,TeamExclusive,Team,20251017-CarsonNewman-Private-1,d98715f0-ab69-11f0-b255-238b61f5281b,77.34462,NA,NA,6.70961,NA,NA,NA,NA,NA,NA,a29af4ea-4bf5-43b1-9c30-16536369fbae,2025-10-17,14:59:14,2025-10-17T14:59:14Z,2025-10-17T14:59:14Z,NA,v3,CNE,CNE,NA,"Rogers, Jacob",1000215913,Right,CAR_EAG,240aa049-6685-44bd-b6ba-54871364e0a8,54.37542,-114.34284,11.65021,4.79713,1.00303,-17.12695,-3.03945,7.82365,4.26817,NA,NA,NA,NA,NA,NA,NA,NA,NA,NA,NA,NA,NA,NA,NA,NA,NA,NA,NA,NA,NA,NA,NA,NA,NA,NA,NA,NA,NA,NA,NA,NA,NA,NA,NA,NA,NA,NA,NA,NA,NA,NA,NA,NA,NA,NA,NA,NA,NA,NA,High,High,High,NA,NA,NA,NA,NA,32.397823,61.63848,1239.164257,0.475033,07:00:00,-0.848457,0.26388,0.45879,56.320123,12.939651,24.069181,-0.573515,113.238143,-0.323216,-48.827928,0.323216,-0.752736,0.573515,60.595674,-34.995729,0.752736,-0.752736,-113.238143,34.995729,0.573515,48.827928,-60.595674,-0.573515,0.752736,0.323216,-0.323216,NA,NA,NA,NA,NA,NA,NA,NA,NA,NA,NA,NA
NA,NA,NA,NA,NA,NA,NA,NA,NA,NA,NA,NA,NA,NA,NA,NA,3,2025-10-17,10:59:31,1,3,"Culpepper, Brock",1000215907,Right,CAR_EAG,"Smith, Braxton",1000370200,Right,CAR_EAG,Undefined,1,Top,0,1,1,Slider,Curveball,BallCalled,Undefined,Undefined,Undefined,0,0,NA,77.79908,1.148913,-3.630722,2535.41979,46.379813,07:30:00,4.78665,2.96875,6.02483,-54.13775,-7.93264,-9.82599,1.34159,-1.21741,71.58088,-8.767304,-5.393765,0.489234,NA,NA,NA,NA,NA,NA,NA,NA,NA,NA,NA,3.98536,-3.95154,-2.67898,50,4.84773,7.51788,-112.86308,0.56847,5.11514,21.48904,-37.24582,CAR_EAG,CAR_EAG,CarsonNewman,TeamExclusive,Team,20251017-CarsonNewman-Private-1,e3591fb0-ab69-11f0-b255-238b61f5281b,77.04384,NA,NA,6.21821,NA,NA,NA,NA,NA,NA,a29af4ea-4bf5-43b1-9c30-16536369fbae,2025-10-17,14:59:31,2025-10-17T14:59:31Z,2025-10-17T14:59:31Z,NA,v3,CNE,CNE,NA,"Rogers, Jacob",1000215913,Right,CAR_EAG,cd1752b0-b826-4a1c-8ee7-fe8059b58dae,54.47946,-113.71277,10.74452,4.79613,2.04119,-18.62291,-2.97225,7.31563,2.55757,NA,NA,NA,NA,NA,NA,NA,NA,NA,NA,NA,NA,NA,NA,NA,NA,NA,NA,NA,NA,NA,NA,NA,NA,NA,NA,NA,NA,NA,NA,NA,NA,NA,NA,NA,NA,NA,NA,NA,NA,NA,NA,NA,NA,NA,NA,NA,NA,NA,NA,High,High,High,NA,NA,NA,NA,NA,31.405728,59.756521,1277.029228,0.503676,07:00:00,-0.829511,0.279732,0.483386,60.526764,14.708307,36.853381,-0.652153,127.395671,-0.460398,-37.032682,0.460398,-0.60227,0.652153,54.779173,-40.704127,0.60227,-0.60227,-127.395671,40.704127,0.652153,37.032682,-54.779173,-0.652153,0.60227,0.460398,-0.460398,NA,NA,NA,NA,NA,NA,NA,NA,NA,NA,NA,NA
NA,NA,NA,NA,NA,NA,NA,NA,NA,NA,NA,NA,NA,NA,NA,NA,4,2025-10-17,10:59:46,1,4,"Culpepper, Brock",1000215907,Right,CAR_EAG,"Smith, Braxton",1000370200,Right,CAR_EAG,Undefined,1,Top,0,2,1,Fastball,Changeup,FoulBallNotFieldable,Undefined,Undefined,Undefined,0,0,NA,87.337,0.102619,-4.524961,2131.897582,247.213384,02:15:00,4.87418,2.85296,6.67521,-27.9636,7.64701,15.56674,2.63806,0.00184,79.93524,-5.167069,-1.700685,0.429498,73.4023,52.064954,65.13199,6163.633324,27.61997,94.92132,106.47599,191.81966,70.94639,79.033083,4.969579,-9.44784,4.34095,-2.55511,50,4.86987,9.45484,-126.72666,-0.57845,-15.38902,25.50418,-25.10336,CAR_EAG,CAR_EAG,CarsonNewman,TeamExclusive,Team,20251017-CarsonNewman-Private-1,ec2aa960-ab69-11f0-b255-238b61f5281b,87.75929,95.00448,NA,7.40175,NA,NA,NA,0.6902,2.71756,-0.21706,a29af4ea-4bf5-43b1-9c30-16536369fbae,2025-10-17,14:59:46,2025-10-17T14:59:46Z,2025-10-17T14:59:46Z,Popup,v3,CNE,CNE,NA,"Rogers, Jacob",1000215913,Right,CAR_EAG,69eb9eb8-eddb-41bc-8138-49ff3309b8b2,53.82789,-127.49471,12.75209,4.8759,0.17753,-12.55168,-2.84682,9.91827,-7.69451,207.94259,0.69641,27.67511,-12.56087,2.95653,0.26095,-0.45812,0.14588,-0.02031,0.00107,2.7088,85.08366,-23.54554,2.92464,-0.92367,0.24793,-0.03457,0.00153,4e-5,-0.21585,60.00627,-10.5456,2.11198,-0.00421,-0.18361,0.06226,-0.00887,4.8e-4,NA,NA,NA,NA,NA,NA,NA,NA,NA,NA,NA,NA,NA,NA,NA,NA,NA,NA,NA,NA,NA,NA,High,High,High,Medium,Low,NA,NA,NA,238.782866,35.460904,1736.455249,0.814512,02:00:00,-0.612886,-0.695538,-0.374963,2.681703,59.148709,-26.433798,-0.913254,150.817146,-0.35568,-11.457614,0.35568,-0.198643,0.913254,68.720876,-65.958985,0.198643,-0.198643,-150.817146,65.958985,0.913254,11.457614,-68.720876,-0.913254,0.198643,0.35568,-0.35568,NA,NA,NA,NA,NA,NA,NA,NA,NA,NA,NA,NA
NA,NA,NA,NA,NA,NA,NA,NA,NA,NA,NA,NA,NA,NA,NA,NA,5,2025-10-17,11:00:08,1,5,"Culpepper, Brock",1000215907,Right,CAR_EAG,"Smith, Braxton",1000370200,Right,CAR_EAG,Undefined,1,Top,0,2,2,ChangeUp,Splitter,BallCalled,Undefined,Undefined,Undefined,0,0,NA,83.79059,-1.507774,-4.241251,1158.326461,274.758658,03:15:00,4.99285,2.73711,6.49274,-38.92506,0.54933,9.8441,0.36077,-0.34335,76.2966,-8.747804,-2.457482,0.452199,NA,NA,NA,NA,NA,NA,NA,NA,NA,NA,NA,-6.46555,1.19697,-2.44309,50,4.87035,8.63774,-121.40098,-4.38703,-9.53265,26.44494,-30.40928,CAR_EAG,CAR_EAG,CarsonNewman,TeamExclusive,Team,20251017-CarsonNewman-Private-1,f9789370-ab69-11f0-b255-238b61f5281b,83.35373,NA,NA,7.494,NA,NA,NA,NA,NA,NA,a29af4ea-4bf5-43b1-9c30-16536369fbae,2025-10-17,15:00:08,2025-10-17T15:00:08Z,2025-10-17T15:00:08Z,NA,v3,CNE,CNE,NA,"Rogers, Jacob",1000215913,Right,CAR_EAG,3a04ae6a-d647-4fb6-a2be-29638677e331,54.00843,-122.27102,13.22247,4.99823,-3.38656,-15.20464,-2.73243,8.95137,-4.76633,NA,NA,NA,NA,NA,NA,NA,NA,NA,NA,NA,NA,NA,NA,NA,NA,NA,NA,NA,NA,NA,NA,NA,NA,NA,NA,NA,NA,NA,NA,NA,NA,NA,NA,NA,NA,NA,NA,NA,NA,NA,NA,NA,NA,NA,NA,NA,NA,NA,NA,High,High,High,NA,NA,NA,NA,NA,259.319708,16.225206,1112.191308,0.960171,02:45:00,-0.266953,-0.950563,-0.158639,57.992063,63.725024,38.541699,0.212409,94.174357,-0.071131,77.055749,0.071131,-0.974588,-0.212409,71.485533,12.263579,0.974588,0.974588,-94.174357,-12.263579,0.212409,-77.055749,-71.485533,-0.212409,-0.974588,0.071131,-0.071131,NA,NA,NA,NA,NA,NA,NA,NA,NA,NA,NA,NA
NA,NA,NA,NA,NA,NA,NA,NA,NA,NA,NA,NA,NA,NA,NA,NA,6,2025-10-17,11:00:24,1,6,"Culpepper, Brock",1000215907,Right,CAR_EAG,"Smith, Braxton",1000370200,Right,CAR_EAG,Undefined,1,Top,0,3,2,Fastball,Sinker,InPlay,Undefined,GroundBall,Out,1,0,NA,87.19319,0.48419,-3.747751,2151.150374,245.017832,02:15:00,4.84802,2.80392,6.4975,-26.76966,9.72516,18.05107,3.06265,0.86295,78.5009,-4.598089,-0.479051,0.434797,56.93671,-3.341861,-15.781702,903.055182,NA,NA,NA,27.16242,26.49696,-17.269948,0.319514,-10.65024,5.31162,-2.5484,50,4.87038,7.582,-126.40848,0.295,-16.96526,29.49733,-23.7129,CAR_EAG,CAR_EAG,CarsonNewman,TeamExclusive,Team,20251017-CarsonNewman-Private-1,03345610-ab6a-11f0-b255-238b61f5281b,86.68964,3.09527,NA,8.69228,NA,NA,NA,0.98703,3.09527,-0.86742,a29af4ea-4bf5-43b1-9c30-16536369fbae,2025-10-17,15:00:24,2025-10-17T15:00:24Z,2025-10-17T15:00:24Z,GroundBall,v3,CNE,CNE,NA,"Rogers, Jacob",1000215913,Right,CAR_EAG,ed2b745e-3895-44ed-843b-44abc1be5ece,54.0035,-127.33926,14.74866,4.84926,1.04326,-11.85645,-2.79609,8.11734,-8.48263,102.558541,0.98799,80.18267,-6.56818,NA,NA,NA,NA,NA,NA,3.09636,-4.91278,-14.96619,NA,NA,NA,NA,NA,NA,-0.8674,-22.67357,0.4711,NA,NA,NA,NA,NA,NA,NA,NA,NA,NA,NA,NA,NA,NA,NA,NA,NA,NA,NA,NA,NA,NA,NA,NA,NA,NA,NA,NA,High,High,High,High,High,NA,NA,NA,238.342538,27.970616,1899.87073,0.883188,02:00:00,-0.504637,-0.74778,-0.43147,11.483838,56.678613,-13.403677,-0.927519,150.117269,-0.324082,-10.732592,0.324082,-0.186226,0.927519,70.740194,-68.051262,0.186226,-0.186226,-150.117269,68.051262,0.927519,10.732592,-70.740194,-0.927519,0.186226,0.324082,-0.324082,NA,NA,NA,NA,NA,NA,NA,NA,NA,NA,NA,NA
NA,NA,NA,NA,NA,NA,NA,NA,NA,NA,NA,NA,NA,NA,NA,NA,7,2025-10-17,11:00:59,2,1,"Culpepper, Brock",1000215907,Right,CAR_EAG,"Bolton, Ryan",1000215919,Right,CAR_EAG,Undefined,1,Top,1,0,0,Slider,Curveball,StrikeCalled,Undefined,Undefined,Undefined,0,0,NA,78.79969,2.690059,-1.454936,2570.462822,40.809955,07:15:00,4.9004,2.80278,6.07877,-55.45094,-9.88083,-9.96024,2.77117,0.62626,71.04418,-7.558189,-3.248378,0.48586,NA,NA,NA,NA,NA,NA,NA,NA,NA,NA,NA,4.57949,-5.3817,-2.68534,50,5.08046,3.28155,-114.22678,3.58124,5.9246,25.12415,-39.13648,CAR_EAG,CAR_EAG,CarsonNewman,TeamExclusive,Team,20251017-CarsonNewman-Private-1,17e67e30-ab6a-11f0-b255-238b61f5281b,77.57878,NA,NA,7.75551,NA,NA,NA,NA,NA,NA,a29af4ea-4bf5-43b1-9c30-16536369fbae,2025-10-17,15:00:59,2025-10-17T15:00:59Z,2025-10-17T15:00:59Z,NA,v3,CNE,CNE,NA,"Rogers, Jacob",1000215913,Right,CAR_EAG,0dfd8c05-d3a3-41e5-9441-31534a616ae3,54.4227,-115.19544,12.56207,4.91329,5.09015,-19.56824,-2.80746,3.05312,2.9623,NA,NA,NA,NA,NA,NA,NA,NA,NA,NA,NA,NA,NA,NA,NA,NA,NA,NA,NA,NA,NA,NA,NA,NA,NA,NA,NA,NA,NA,NA,NA,NA,NA,NA,NA,NA,NA,NA,NA,NA,NA,NA,NA,NA,NA,NA,NA,NA,NA,NA,High,High,High,NA,NA,NA,NA,NA,33.148163,55.021182,1473.578386,0.573274,07:00:00,-0.791303,0.351579,0.500232,50.535948,29.876422,28.425592,-0.567511,120.752638,-0.421014,-45.038877,0.421014,-0.707586,0.567511,53.42976,-34.57685,0.707586,-0.707586,-120.752638,34.57685,0.567511,45.038877,-53.42976,-0.567511,0.707586,0.421014,-0.421014,NA,NA,NA,NA,NA,NA,NA,NA,NA,NA,NA,NA
NA,NA,NA,NA,NA,NA,NA,NA,NA,NA,NA,NA,NA,NA,NA,NA,8,2025-10-17,11:01:12,2,2,"Culpepper, Brock",1000215907,Right,CAR_EAG,"Bolton, Ryan",1000215919,Right,CAR_EAG,Undefined,1,Top,1,0,1,Slider,Curveball,InPlay,Undefined,GroundBall,Out,1,0,NA,78.54488,1.555478,-2.260366,2525.38136,44.922701000000004,07:30:00,4.80871,3.02336,6.09197,-52.54735,-7.09162,-8.59697,1.87013,0.21493,71.55363,-8.133266,-3.808314,0.48525,81.3292,3.589793,-13.327163,1652.327984,NA,NA,NA,70.86305,70.0146,-13.180607,0.627769,3.73882,-3.74567,-2.84444,50,4.9011,4.80923,-113.99337,1.46597,4.85566,23.4987,-37.03861,CAR_EAG,CAR_EAG,CarsonNewman,TeamExclusive,Team,20251017-CarsonNewman-Private-1,1f685660-ab6a-11f0-b255-238b61f5281b,77.67631,2.73666,NA,6.99125,NA,NA,NA,1.61261,1.93644,-0.24087,a29af4ea-4bf5-43b1-9c30-16536369fbae,2025-10-17,15:01:12,2025-10-17T15:01:12Z,2025-10-17T15:01:12Z,GroundBall,v3,CNE,CNE,NA,"Rogers, Jacob",1000215913,Right,CAR_EAG,971057da-d9f2-4f9a-b749-36dc6c9fa259,54.4117,-114.8992,11.74935,4.81707,2.89374,-18.51931,-3.02622,4.62205,2.42783,349.848423,1.63526,115.35473,-12.88065,NA,NA,NA,NA,NA,NA,1.95227,7.12945,-16.34851,NA,NA,NA,NA,NA,NA,-0.24654,-27.31983,3.15677,NA,NA,NA,NA,NA,NA,NA,NA,NA,NA,NA,NA,NA,NA,NA,NA,NA,NA,NA,NA,NA,NA,NA,NA,NA,NA,NA,NA,High,High,High,High,High,NA,NA,NA,36.701431,54.737398,1457.965261,0.577325,07:15:00,-0.787964,0.367072,0.494339,53.912699,22.003875,23.621904,-0.580573,118.121125,-0.383767,-45.897319,0.383767,-0.718094,0.580573,56.534735,-35.490826,0.718094,-0.718094,-118.121125,35.490826,0.580573,45.897319,-56.534735,-0.580573,0.718094,0.383767,-0.383767,NA,NA,NA,NA,NA,NA,NA,NA,NA,NA,NA,NA
NA,NA,NA,NA,NA,NA,NA,NA,NA,NA,NA,NA,NA,NA,NA,NA,9,2025-10-17,11:01:40,3,1,"Culpepper, Brock",1000215907,Right,CAR_EAG,"Pierce, Johno",10069844,Right,CAR_EAG,Undefined,1,Top,2,0,0,Fastball,Sinker,BallCalled,Undefined,Undefined,Undefined,0,0,NA,88.41022,0.139001,-5.581238,2169.865308,242.834597,02:00:00,4.86429,2.88496,6.78885,-24.87395,10.25083,17.56588,2.9189600000000002,-0.76239,79.82245,-4.602708,-2.396177,0.426558,NA,NA,NA,NA,NA,NA,NA,NA,NA,NA,NA,-10.91071,5.75075,-2.52642,50,4.86405,11.82189,-127.93198,-0.37034,-17.89272,28.97431,-22.74329,CAR_EAG,CAR_EAG,CarsonNewman,TeamExclusive,Team,20251017-CarsonNewman-Private-1,30544ec0-ab6a-11f0-b255-238b61f5281b,88.36412,NA,NA,8.58777,NA,NA,NA,NA,NA,NA,a29af4ea-4bf5-43b1-9c30-16536369fbae,2025-10-17,15:01:40,2025-10-17T15:01:40Z,2025-10-17T15:01:40Z,NA,v3,CNE,CNE,NA,"Rogers, Jacob",1000215913,Right,CAR_EAG,514274d2-d1e9-487c-908a-64da4db6838b,53.71113,-128.76974,14.48716,4.86525,0.28726,-11.37165,-2.87572,12.33924,-8.94636,NA,NA,NA,NA,NA,NA,NA,NA,NA,NA,NA,NA,NA,NA,NA,NA,NA,NA,NA,NA,NA,NA,NA,NA,NA,NA,NA,NA,NA,NA,NA,NA,NA,NA,NA,NA,NA,NA,NA,NA,NA,NA,NA,NA,NA,NA,NA,NA,NA,NA,High,High,High,NA,NA,NA,NA,NA,237.941386,30.76681,1864.470579,0.859256,02:00:00,-0.555234,-0.726981,-0.403997,6.963077,52.706097,-21.646326,-0.927615,152.747366,-0.332073,-9.848758,0.332073,-0.171048,0.927615,70.303376,-68.066095,0.171048,-0.171048,-152.747366,68.066095,0.927615,9.848758,-70.303376,-0.927615,0.171048,0.332073,-0.332073,NA,NA,NA,NA,NA,NA,NA,NA,NA,NA,NA,NA
NA,NA,NA,NA,NA,NA,NA,NA,NA,NA,NA,NA,NA,NA,NA,NA,10,2025-10-17,11:01:53,3,2,"Culpepper, Brock",1000215907,Right,CAR_EAG,"Pierce, Johno",10069844,Right,CAR_EAG,Undefined,1,Top,2,1,0,Fastball,Sinker,InPlay,Undefined,GroundBall,Out,1,0,NA,87.14261,0.276635,-3.334803,2187.401132,246.889254,02:15:00,4.87001,2.80655,6.77432,-27.88076,7.90642,15.76064,2.79965,1.07137,79.26019,-5.008142,-0.463566,0.430561,53.82822,-56.409974,-57.708963,NA,NA,NA,NA,4.02495,4.02495,-41.674747000000004,0.042925,-9.3643,4.44469,-2.59434,50,4.87748,6.80614,-126.5707,-0.16691,-15.09252,27.39469,-25.01051,CAR_EAG,CAR_EAG,CarsonNewman,TeamExclusive,Team,20251017-CarsonNewman-Private-1,37bf91b0-ab6a-11f0-b255-238b61f5281b,87.54255,2.84312,NA,7.88242,NA,NA,NA,1.99762,2.84312,-1.07997,a29af4ea-4bf5-43b1-9c30-16536369fbae,2025-10-17,15:01:53,2025-10-17T15:01:53Z,2025-10-17T15:01:53Z,GroundBall,v3,CNE,CNE,NA,"Rogers, Jacob",1000215913,Right,CAR_EAG,0f233e5b-9302-44c3-ad3f-3b1fbb494e70,53.7285,-127.37514,13.69735,4.8716,0.56752,-12.50526,-2.80071,7.24932,-7.54626,180,1.99647,23.49987,NA,NA,NA,NA,NA,NA,NA,2.84636,-66.23395,NA,NA,NA,NA,NA,NA,NA,-1.07815,-37.186,NA,NA,NA,NA,NA,NA,NA,NA,NA,NA,NA,NA,NA,NA,NA,NA,NA,NA,NA,NA,NA,NA,NA,NA,NA,NA,NA,NA,NA,High,High,High,High,High,NA,NA,NA,240.40136,37.091331,1744.835596,0.797675,02:00:00,-0.628321,-0.690664,-0.358045,-7.950971,48.252933,-38.833679,-0.884467,150.550566,-0.406313,-13.262188,0.406313,-0.229407,0.884467,65.326575,-62.186032,0.229407,-0.229407,-150.550566,62.186032,0.884467,13.262188,-65.326575,-0.884467,0.229407,0.406313,-0.406313,NA,NA,NA,NA,NA,NA,NA,NA,NA,NA,NA,NA
NA,NA,NA,NA,NA,NA,NA,NA,NA,NA,NA,NA,NA,NA,NA,NA,11,2025-10-17,11:04:23,1,1,"Henderson, Christian",1000370202,Right,CAR_EAG,"Gibson, Aiden",10011511,Right,CAR_EAG,Undefined,1,Bottom,0,0,0,Fastball,Changeup,BallCalled,Undefined,Undefined,Undefined,0,0,NA,88.22234,-1.645295,-1.580849,1715.356517,258.53523,02:30:00,5.93205,1.17133,5.57419,-31.6436,4.14189,15.72513,1.75724,1.00474,82.20396,-7.414974,1.228738,0.430551,NA,NA,NA,NA,NA,NA,NA,NA,NA,NA,NA,-8.35768,2.78036,-1.04573,50,5.76924,2.87304,-128.28341,-4.84466,-14.14865,22.58539,-27.46723,CAR_EAG,CAR_EAG,CarsonNewman,TeamExclusive,Team,20251017-CarsonNewman-Private-1,91937ad0-ab6a-11f0-b255-238b61f5281b,87.54459,NA,NA,6.01838,NA,NA,NA,NA,NA,NA,a29af4ea-4bf5-43b1-9c30-16536369fbae,2025-10-17,15:04:23,2025-10-17T15:04:23Z,2025-10-17T15:04:23Z,NA,v3,CNE,CNE,NA,"Cochran, Carson",10085797,Right,CAR_EAG,1023f863-016f-4971-9d37-ffa036e09ab5,54.93069,-129.14858,11.2927,5.93468,-3.79248,-13.73362,-1.16617,3.41503,-7.07432,NA,NA,NA,NA,NA,NA,NA,NA,NA,NA,NA,NA,NA,NA,NA,NA,NA,NA,NA,NA,NA,NA,NA,NA,NA,NA,NA,NA,NA,NA,NA,NA,NA,NA,NA,NA,NA,NA,NA,NA,NA,NA,NA,NA,NA,NA,NA,NA,NA,NA,High,High,High,NA,NA,NA,NA,NA,229.105555,26.673365,1532.808556,0.89358,01:45:00,-0.4453,-0.688083,-0.572931,79.499215,50.994114,70.37614,0.929643,171.07816,-0.364003,3.275869,0.364003,-0.057144,-0.929643,68.617089000000007,68.379242,0.057144,0.057144,-171.07816,-68.379242,0.929643,-3.275869,-68.617089000000007,-0.929643,-0.057144,0.364003,-0.364003,NA,NA,NA,NA,NA,NA,NA,NA,NA,NA,NA,NA
NA,NA,NA,NA,NA,NA,NA,NA,NA,NA,NA,NA,NA,NA,NA,NA,12,2025-10-17,11:04:38,1,2,"Henderson, Christian",1000370202,Right,CAR_EAG,"Gibson, Aiden",10011511,Right,CAR_EAG,Undefined,1,Bottom,0,1,0,Fastball,Changeup,BallCalled,Undefined,Undefined,Undefined,0,0,NA,88.88812,0.237134,-2.468311,1736.174267,252.743091,02:30:00,5.92547,1.09178,5.92376,-29.52317,5.40953,14.27446,3.68547,-0.01064,82.15419,-5.220822,0.09378,0.42539,NA,NA,NA,NA,NA,NA,NA,NA,NA,NA,NA,-7.91012,3.03071,-0.90212,50,5.92761,4.97472,-129.22157,-0.48636,-13.53193,23.96751,-26.9894,CAR_EAG,CAR_EAG,CarsonNewman,TeamExclusive,Team,20251017-CarsonNewman-Private-1,9a7b99c0-ab6a-11f0-b255-238b61f5281b,88.60671,NA,NA,6.73394,NA,NA,NA,NA,NA,NA,a29af4ea-4bf5-43b1-9c30-16536369fbae,2025-10-17,15:04:38,2025-10-17T15:04:38Z,2025-10-17T15:04:38Z,NA,v3,CNE,CNE,NA,"Cochran, Carson",10085797,Right,CAR_EAG,4484b131-333e-4730-a8b7-45f2a75dca3d,54.57983,-130.06824,11.98375,5.92795,0.46706,-13.4947,-1.0863,5.45275,-6.76596,NA,NA,NA,NA,NA,NA,NA,NA,NA,NA,NA,NA,NA,NA,NA,NA,NA,NA,NA,NA,NA,NA,NA,NA,NA,NA,NA,NA,NA,NA,NA,NA,NA,NA,NA,NA,NA,NA,NA,NA,NA,NA,NA,NA,NA,NA,NA,NA,NA,NA,High,High,High,NA,NA,NA,NA,NA,227.861,29.494647,1511.169035,0.870402,01:30:00,-0.5197,-0.643376,-0.56212,74.108094,58.983184,60.011395,-0.916767,171.27988,-0.394805,-3.471705,0.394805,-0.060556,0.916767,66.700888,-66.457923,0.060556,-0.060556,-171.27988,66.457923,0.916767,3.471705,-66.700888,-0.916767,0.060556,0.394805,-0.394805,NA,NA,NA,NA,NA,NA,NA,NA,NA,NA,NA,NA
NA,NA,NA,NA,NA,NA,NA,NA,NA,NA,NA,NA,NA,NA,NA,NA,13,2025-10-17,11:04:54,1,3,"Henderson, Christian",1000370202,Right,CAR_EAG,"Gibson, Aiden",10011511,Right,CAR_EAG,Undefined,1,Bottom,0,2,0,Fastball,Changeup,StrikeCalled,Undefined,Undefined,Undefined,0,0,NA,88.84241,-0.59433,-1.570186,1616.475455,256.178192,02:30:00,5.98136,1.11594,5.49929,-30.51695,4.85114,15.88792,2.88213,0.97083,82.58651,-6.170888,1.262613,0.428033,NA,NA,NA,NA,NA,NA,NA,NA,NA,NA,NA,-8.38902,2.89272,-0.98958,50,5.9086,2.84931,-129.20913,-2.47625,-14.40844,22.8934,-27.20572,CAR_EAG,CAR_EAG,CarsonNewman,TeamExclusive,Team,20251017-CarsonNewman-Private-1,a3b33840-ab6a-11f0-b255-238b61f5281b,88.05968,NA,NA,6.2559,NA,NA,NA,NA,NA,NA,a29af4ea-4bf5-43b1-9c30-16536369fbae,2025-10-17,15:04:54,2025-10-17T15:04:54Z,2025-10-17T15:04:54Z,NA,v3,CNE,CNE,NA,"Cochran, Carson",10085797,Right,CAR_EAG,cfa9c25e-9d4f-42ce-907e-875bacb1d608,55.00513,-130.09292,11.4467,5.98392,-1.42598,-13.60286,-1.11031,3.40554,-7.20422,NA,NA,NA,NA,NA,NA,NA,NA,NA,NA,NA,NA,NA,NA,NA,NA,NA,NA,NA,NA,NA,NA,NA,NA,NA,NA,NA,NA,NA,NA,NA,NA,NA,NA,NA,NA,NA,NA,NA,NA,NA,NA,NA,NA,NA,NA,NA,NA,NA,NA,High,High,High,NA,NA,NA,NA,NA,231.223428,24.964146,1465.451496,0.906572,01:45:00,-0.430099,-0.711098,-0.556196,85.142942,51.346969,76.881043,0.939244,170.106871,-0.338147,3.380936,0.338147,-0.058974,-0.939244,70.200111,69.924952,0.058974,0.058974,-170.106871,-69.924952,0.939244,-3.380936,-70.200111,-0.939244,-0.058974,0.338147,-0.338147,NA,NA,NA,NA,NA,NA,NA,NA,NA,NA,NA,NA
NA,NA,NA,NA,NA,NA,NA,NA,NA,NA,NA,NA,NA,NA,NA,NA,14,2025-10-17,11:05:10,1,4,"Henderson, Christian",1000370202,Right,CAR_EAG,"Gibson, Aiden",10011511,Right,CAR_EAG,Undefined,1,Bottom,0,2,1,Slider,Curveball,BallCalled,Undefined,Undefined,Undefined,0,0,NA,75.4014,1.192326,-0.309222,2340.300237,52.331155,07:45:00,5.68465,1.4963,5.43355,-53.57822,-4.04441,-7.04721,2.33663,0.61943,69.99353,-8.533455,-1.565378,0.50655,NA,NA,NA,NA,NA,NA,NA,NA,NA,NA,NA,3.4726,-1.90413,-1.46387,50,5.75288,0.85528,-109.61604,0.5189,4.26064,17.85213,-34.51029,CAR_EAG,CAR_EAG,CarsonNewman,TeamExclusive,Team,20251017-CarsonNewman-Private-1,ad2d8510-ab6a-11f0-b255-238b61f5281b,74.41012,NA,NA,5.40787,NA,NA,NA,NA,NA,NA,a29af4ea-4bf5-43b1-9c30-16536369fbae,2025-10-17,15:05:10,2025-10-17T15:05:10Z,2025-10-17T15:05:10Z,NA,v3,CNE,CNE,NA,"Cochran, Carson",10085797,Right,CAR_EAG,7ae5efdd-21bb-4582-96fb-8aece788fc99,55.07119,-110.43885,8.92607,5.69231,2.10949,-17.25514,-1.49877,0.6589,2.13032,NA,NA,NA,NA,NA,NA,NA,NA,NA,NA,NA,NA,NA,NA,NA,NA,NA,NA,NA,NA,NA,NA,NA,NA,NA,NA,NA,NA,NA,NA,NA,NA,NA,NA,NA,NA,NA,NA,NA,NA,NA,NA,NA,NA,NA,NA,NA,NA,NA,NA,High,High,High,NA,NA,NA,NA,NA,53.164003,65.396139,974.365438,0.416342,07:45:00,-0.900717,0.352069,0.254473,64.523231,61.042956,46.194313,-0.204018,155.803448,-0.89296,-23.656188,0.89296,-0.401247,0.204018,12.86966,-11.771991,0.401247,-0.401247,-155.803448,11.771991,0.204018,23.656188,-12.86966,-0.204018,0.401247,0.89296,-0.89296,NA,NA,NA,NA,NA,NA,NA,NA,NA,NA,NA,NA
NA,NA,NA,NA,NA,NA,NA,NA,NA,NA,NA,NA,NA,NA,NA,NA,15,2025-10-17,11:05:25,1,5,"Henderson, Christian",1000370202,Right,CAR_EAG,"Gibson, Aiden",10011511,Right,CAR_EAG,Undefined,1,Bottom,0,3,1,Slider,Curveball,StrikeCalled,Undefined,Undefined,Undefined,0,0,NA,76.7471,2.572206,-0.91927,2324.430253,59.832331,08:00:00,5.72993,1.19902,5.20783,-51.73353,-3.28236,-8.07638,3.83983,-0.33864,70.71788,-6.813428,-2.349874,0.500984,NA,NA,NA,NA,NA,NA,NA,NA,NA,NA,NA,3.77996,-1.85579,-1.10764,50,5.92895,2.10718,-111.38834,3.21805,4.77634,18.93059,-34.51902,CAR_EAG,CAR_EAG,CarsonNewman,TeamExclusive,Team,20251017-CarsonNewman-Private-1,b66faae0-ab6a-11f0-b255-238b61f5281b,75.23686,NA,NA,6.02921,NA,NA,NA,NA,NA,NA,a29af4ea-4bf5-43b1-9c30-16536369fbae,2025-10-17,15:05:25,2025-10-17T15:05:25Z,2025-10-17T15:05:25Z,NA,v3,CNE,CNE,NA,"Cochran, Carson",10085797,Right,CAR_EAG,7f2f1f60-f15f-4738-9b65-e40dd34850ac,55.2959,-112.28478,9.4653,5.73786,4.85266,-17.25951,-1.20206,1.881,2.38817,NA,NA,NA,NA,NA,NA,NA,NA,NA,NA,NA,NA,NA,NA,NA,NA,NA,NA,NA,NA,NA,NA,NA,NA,NA,NA,NA,NA,NA,NA,NA,NA,NA,NA,NA,NA,NA,NA,NA,NA,NA,NA,NA,NA,NA,NA,NA,NA,NA,NA,High,High,High,NA,NA,NA,NA,NA,60.086193,65.614261,959.705542,0.412878,08:00:00,-0.89039,0.398387,0.220214,53.943885,62.409605,32.949784,-0.184304,153.339357,-0.87837,-26.168887,0.87837,-0.441019,0.184304,11.850186,-10.620571,0.441019,-0.441019,-153.339357,10.620571,0.184304,26.168887,-11.850186,-0.184304,0.441019,0.87837,-0.87837,NA,NA,NA,NA,NA,NA,NA,NA,NA,NA,NA,NA
NA,NA,NA,NA,NA,NA,NA,NA,NA,NA,NA,NA,NA,NA,NA,NA,16,2025-10-17,11:05:41,1,6,"Henderson, Christian",1000370202,Right,CAR_EAG,"Gibson, Aiden",10011511,Right,CAR_EAG,Undefined,1,Bottom,0,3,2,Fastball,Changeup,BallCalled,Walk,Undefined,Undefined,0,0,NA,87.93393,1.296958,-0.568217,1857.234762,246.642273,02:15:00,5.93977,1.09509,6.00544,-28.89053,6.89603,13.51957,4.73419,1.69522,80.69224,-4.080827,1.863137,0.430558,NA,NA,NA,NA,NA,NA,NA,NA,NA,NA,NA,-7.058,3.54571,-1.05751,50,6.02597,0.70475,-127.82154,1.92982,-11.73069,25.21101,-26.28094,CAR_EAG,CAR_EAG,CarsonNewman,TeamExclusive,Team,20251017-CarsonNewman-Private-1,bfac5270-ab6a-11f0-b255-238b61f5281b,87.54328,NA,NA,7.24169,NA,NA,NA,NA,NA,NA,a29af4ea-4bf5-43b1-9c30-16536369fbae,2025-10-17,15:05:41,2025-10-17T15:05:41Z,2025-10-17T15:05:41Z,NA,v3,CNE,CNE,NA,"Cochran, Carson",10085797,Right,CAR_EAG,4418f8c6-bb36-42c0-9afe-252598f8118b,54.49636,-128.70533,12.6055,5.94217,2.85112,-13.14047,-1.08943,1.11598,-5.86534,NA,NA,NA,NA,NA,NA,NA,NA,NA,NA,NA,NA,NA,NA,NA,NA,NA,NA,NA,NA,NA,NA,NA,NA,NA,NA,NA,NA,NA,NA,NA,NA,NA,NA,NA,NA,NA,NA,NA,NA,NA,NA,NA,NA,NA,NA,NA,NA,NA,NA,High,High,High,NA,NA,NA,NA,NA,221.596607,36.55341,1491.920444,0.803302,01:30:00,-0.613418,-0.519681,-0.594685,45.781152,58.986383,16.6649,-0.896621,162.911784,-0.423252,-7.476176,0.423252,-0.130114,0.896621,64.730244,-63.717347,0.130114,-0.130114,-162.911784,63.717347,0.896621,7.476176,-64.730244,-0.896621,0.130114,0.423252,-0.423252,NA,NA,NA,NA,NA,NA,NA,NA,NA,NA,NA,NA
NA,NA,NA,NA,NA,NA,NA,NA,NA,NA,NA,NA,NA,NA,NA,NA,17,2025-10-17,11:06:10,2,1,"Henderson, Christian",1000370202,Right,CAR_EAG,"Wyatt, Jack",10013525,Right,CAR_EAG,Undefined,1,Bottom,0,0,0,ChangeUp,Changeup,BallCalled,Undefined,Undefined,Undefined,0,0,NA,78.81051,-2.018859,-3.600582,1410.821731,234.8642,01:45:00,5.63166,1.82805,5.8711,-34.23655,10.64914,13.20568,0.89882,-0.42045,72.88663,-8.329219,-1.233971,0.482198,NA,NA,NA,NA,NA,NA,NA,NA,NA,NA,NA,-7.69048,6.39737,-1.54387,50,5.44787,6.70357,-114.30211,-5.07346,-10.24562,19.68416,-23.65118,CAR_EAG,CAR_EAG,CarsonNewman,TeamExclusive,Team,20251017-CarsonNewman-Private-1,d103dde0-ab6a-11f0-b255-238b61f5281b,78.16797,NA,NA,5.92387,NA,NA,NA,NA,NA,NA,a29af4ea-4bf5-43b1-9c30-16536369fbae,2025-10-17,15:06:10,2025-10-17T15:06:10Z,2025-10-17T15:06:10Z,NA,v3,CNE,CNE,NA,"Cochran, Carson",10085797,Right,CAR_EAG,f2387e09-36ae-4bec-b0b5-3089982fec7f,54.63133,-115.09691,9.84208,5.63345,-4.11847,-11.82559,-1.8229,7.11727,-5.12281,NA,NA,NA,NA,NA,NA,NA,NA,NA,NA,NA,NA,NA,NA,NA,NA,NA,NA,NA,NA,NA,NA,NA,NA,NA,NA,NA,NA,NA,NA,NA,NA,NA,NA,NA,NA,NA,NA,NA,NA,NA,NA,NA,NA,NA,NA,NA,NA,NA,NA,High,High,High,NA,NA,NA,NA,NA,242.345283,28.072048,1244.847789,0.882357,02:00:00,-0.467602,-0.79765,-0.380925,32.38041,12.664793,-34.621517,-0.150293,101.235441,-0.192628,-75.858188,0.192628,-0.969694,0.150293,37.962255,-8.64392,0.969694,-0.969694,-101.235441,8.64392,0.150293,75.858188,-37.962255,-0.150293,0.969694,0.192628,-0.192628,NA,NA,NA,NA,NA,NA,NA,NA,NA,NA,NA,NA
NA,NA,NA,NA,NA,NA,NA,NA,NA,NA,NA,NA,NA,NA,NA,NA,18,2025-10-17,11:06:27,2,2,"Henderson, Christian",1000370202,Right,CAR_EAG,"Wyatt, Jack",10013525,Right,CAR_EAG,Undefined,1,Bottom,0,1,0,Fastball,Changeup,StrikeCalled,Undefined,Undefined,Undefined,0,0,NA,87.5466,-0.220332,-2.453452,1780.432006,250.868043,02:15:00,5.96478,1.55847,5.4361,-29.88734,6.75559,16.54143,3.26764,0.63788,81.04611,-5.695372,0.489502,0.435679,NA,NA,NA,NA,NA,NA,NA,NA,NA,NA,NA,-8.91579,3.77792,-1.35285,50,5.92448,4.73113,-127.20919,-1.58318,-14.80361,22.84763,-25.90128,CAR_EAG,CAR_EAG,CarsonNewman,TeamExclusive,Team,20251017-CarsonNewman-Private-1,db7b4f60-ab6a-11f0-b255-238b61f5281b,86.51427,NA,NA,6.50049,NA,NA,NA,NA,NA,NA,a29af4ea-4bf5-43b1-9c30-16536369fbae,2025-10-17,15:06:27,2025-10-17T15:06:27Z,2025-10-17T15:06:27Z,NA,v3,CNE,CNE,NA,"Cochran, Carson",10085797,Right,CAR_EAG,b6c53afa-64c0-4d4f-8b2f-58c8639a9bf0,55.06778,-128.11616,11.42382,5.96692,-0.55498,-12.95064,-1.55233,5.31879,-7.4018,NA,NA,NA,NA,NA,NA,NA,NA,NA,NA,NA,NA,NA,NA,NA,NA,NA,NA,NA,NA,NA,NA,NA,NA,NA,NA,NA,NA,NA,NA,NA,NA,NA,NA,NA,NA,NA,NA,NA,NA,NA,NA,NA,NA,NA,NA,NA,NA,NA,NA,High,High,High,NA,NA,NA,NA,NA,229.82595800000001,27.303385,1582.074309,0.88859,01:45:00,-0.480209,-0.68072,-0.55319,80.901021,51.730088,64.170095,0.954098,165.584204,-0.290064,4.275999,0.290064,-0.074561,-0.954098,73.089737,72.57281,0.074561,0.074561,-165.584204,-72.57281,0.954098,-4.275999,-73.089737,-0.954098,-0.074561,0.290064,-0.290064,NA,NA,NA,NA,NA,NA,NA,NA,NA,NA,NA,NA
NA,NA,NA,NA,NA,NA,NA,NA,NA,NA,NA,NA,NA,NA,NA,NA,19,2025-10-17,11:06:45,2,3,"Henderson, Christian",1000370202,Right,CAR_EAG,"Wyatt, Jack",10013525,Right,CAR_EAG,Undefined,1,Bottom,0,1,1,Fastball,Changeup,StrikeCalled,Undefined,Undefined,Undefined,0,0,NA,88.59707,-0.420607,-2.77141,1847.32716,252.188987,02:30:00,5.945,1.57803,5.64127,-29.1762,6.63126,17.25717,3.1208,0.42864,81.36803,-5.801729,0.309862,0.430683,NA,NA,NA,NA,NA,NA,NA,NA,NA,NA,NA,-9.47953,3.81091,-1.35358,50,5.89058,5.48002,-128.62873,-1.98767,-15.95286,25.56419,-25.76076,CAR_EAG,CAR_EAG,CarsonNewman,TeamExclusive,Team,20251017-CarsonNewman-Private-1,e5fa13e0-ab6a-11f0-b255-238b61f5281b,87.51773,NA,NA,7.22904,NA,NA,NA,NA,NA,NA,a29af4ea-4bf5-43b1-9c30-16536369fbae,2025-10-17,15:06:45,2025-10-17T15:06:45Z,2025-10-17T15:06:45Z,NA,v3,CNE,CNE,NA,"Cochran, Carson",10085797,Right,CAR_EAG,a966f4cb-9671-4a29-8d5c-49415ede5df8,54.86179,-129.59138,12.7821,5.94717,-1.01761,-12.88038,-1.57124,6.08074,-7.97643,NA,NA,NA,NA,NA,NA,NA,NA,NA,NA,NA,NA,NA,NA,NA,NA,NA,NA,NA,NA,NA,NA,NA,NA,NA,NA,NA,NA,NA,NA,NA,NA,NA,NA,NA,NA,NA,NA,NA,NA,NA,NA,NA,NA,NA,NA,NA,NA,NA,NA,High,High,High,NA,NA,NA,NA,NA,228.45357,30.910738,1584.948786,0.857969,01:30:00,-0.535892,-0.645873,-0.543753,35.754437,57.617418,17.222701,-0.889097,169.59015,-0.450186,-4.744041,0.450186,-0.082705,0.889097,63.145051,-62.759942,0.082705,-0.082705,-169.59015,62.759942,0.889097,4.744041,-63.145051,-0.889097,0.082705,0.450186,-0.450186,NA,NA,NA,NA,NA,NA,NA,NA,NA,NA,NA,NA
NA,NA,NA,NA,NA,NA,NA,NA,NA,NA,NA,NA,NA,NA,NA,NA,20,2025-10-17,11:07:05,2,4,"Henderson, Christian",1000370202,Right,CAR_EAG,"Wyatt, Jack",10013525,Right,CAR_EAG,Undefined,1,Bottom,0,1,2,Fastball,Sinker,BallCalled,Undefined,Undefined,Undefined,0,0,NA,88.94048,0.199598,-1.068693,2132.310771,224.616602,01:30:00,6.07712,1.35286,5.34928,-22.51174,13.2452,12.04194,4.3884,1.35381,81.79821,-3.97375,1.070589,0.430379,NA,NA,NA,NA,NA,NA,NA,NA,NA,NA,NA,-6.30552,6.91662,-1.26547,50,6.07916,1.86883,-129.20969,-0.34614,-10.74773,24.84307,-20.38469,CAR_EAG,CAR_EAG,CarsonNewman,TeamExclusive,Team,20251017-CarsonNewman-Private-1,f1c9e970-ab6a-11f0-b255-238b61f5281b,87.57954,NA,NA,7.14227,NA,NA,NA,NA,NA,NA,a29af4ea-4bf5-43b1-9c30-16536369fbae,2025-10-17,15:07:05,2025-10-17T15:07:05Z,2025-10-17T15:07:05Z,NA,v3,CNE,CNE,NA,"Cochran, Carson",10085797,Right,CAR_EAG,303bb5b6-8e95-49f7-8e4c-2f9f2319e0ef,55.15267,-130.19662,12.42154,6.07683,0.46368,-10.19234,-1.3482,2.29579,-5.37387,NA,NA,NA,NA,NA,NA,NA,NA,NA,NA,NA,NA,NA,NA,NA,NA,NA,NA,NA,NA,NA,NA,NA,NA,NA,NA,NA,NA,NA,NA,NA,NA,NA,NA,NA,NA,NA,NA,NA,NA,NA,NA,NA,NA,NA,NA,NA,NA,NA,NA,High,High,High,NA,NA,NA,NA,NA,220.975828,29.482281,1856.193455,0.870508,01:15:00,-0.506312,-0.569109,-0.647891,-46.576302,20.371476,18.505099,-0.347456,155.152458,-0.850893,-23.205166,0.850893,-0.394025,0.347456,22.212316,-20.331811,0.394025,-0.394025,-155.152458,20.331811,0.347456,23.205166,-22.212316,-0.347456,0.394025,0.850893,-0.850893,NA,NA,NA,NA,NA,NA,NA,NA,NA,NA,NA,NA
NA,NA,NA,NA,NA,NA,NA,NA,NA,NA,NA,NA,NA,NA,NA,NA,21,2025-10-17,11:07:21,2,5,"Henderson, Christian",1000370202,Right,CAR_EAG,"Wyatt, Jack",10013525,Right,CAR_EAG,Undefined,1,Bottom,0,2,2,Fastball,Sinker,BallCalled,Undefined,Undefined,Undefined,0,0,NA,89.20997,0.13128,-1.894162,1857.55394,240.66342,02:00:00,6.05322,1.5828,5.67803,-25.06675,10.04481,16.05552,4.08678,1.15425,82.1004,-4.518105,0.975135,0.426478,NA,NA,NA,NA,NA,NA,NA,NA,NA,NA,NA,-8.628,5.38717,-1.43324,50,6.04851,3.59181,-129.63968,-0.57391,-14.80125,25.0644,-22.93242,CAR_EAG,CAR_EAG,CarsonNewman,TeamExclusive,Team,20251017-CarsonNewman-Private-1,fbbac5d0-ab6a-11f0-b255-238b61f5281b,88.38075,NA,NA,7.10957,NA,NA,NA,NA,NA,NA,a29af4ea-4bf5-43b1-9c30-16536369fbae,2025-10-17,15:07:21,2025-10-17T15:07:21Z,2025-10-17T15:07:21Z,NA,v3,CNE,CNE,NA,"Cochran, Carson",10085797,Right,CAR_EAG,879c10e0-4c64-4c0b-9e30-d23fd1e8a23d,54.82488,-130.56919,12.5322,6.05402,0.27653,-11.46621,-1.57662,4.14071,-7.40063,NA,NA,NA,NA,NA,NA,NA,NA,NA,NA,NA,NA,NA,NA,NA,NA,NA,NA,NA,NA,NA,NA,NA,NA,NA,NA,NA,NA,NA,NA,NA,NA,NA,NA,NA,NA,NA,NA,NA,NA,NA,NA,NA,NA,NA,NA,NA,NA,NA,NA,High,High,High,NA,NA,NA,NA,NA,225.968905,25.850469,1671.677899,0.899935,01:30:00,-0.457941,-0.646019,-0.610696,52.171913,49.493046,29.001598,-0.952257,179.82669,-0.305297,-0.052911,0.305297,-9.23e-4,0.952257,72.223949,-72.223873,9.23e-4,-9.23e-4,-179.82669,72.223873,0.952257,0.052911,-72.223949,-0.952257,9.23e-4,0.305297,-0.305297,NA,NA,NA,NA,NA,NA,NA,NA,NA,NA,NA,NA
NA,NA,NA,NA,NA,NA,NA,NA,NA,NA,NA,NA,NA,NA,NA,NA,22,2025-10-17,11:07:41,2,6,"Henderson, Christian",1000370202,Right,CAR_EAG,"Wyatt, Jack",10013525,Right,CAR_EAG,Undefined,1,Bottom,0,3,2,Fastball,Changeup,BallCalled,Walk,Undefined,Undefined,0,0,NA,87.39792,-0.481998,-1.087048,1796.249936,252.309499,02:30:00,6.03694,1.43044,5.62784,-30.19695,6.59335,17.18028,3.07066,1.84764,80.3248,-6.046314,1.983568,0.436554,NA,NA,NA,NA,NA,NA,NA,NA,NA,NA,NA,-8.97193,3.82736,-1.34888,50,5.97654,1.6699600000000001,-126.98666,-2.13842,-14.69844,25.20136,-25.90383,CAR_EAG,CAR_EAG,CarsonNewman,TeamExclusive,Team,20251017-CarsonNewman-Private-1,07828510-ab6b-11f0-b255-238b61f5281b,86.34081,NA,NA,7.07312,NA,NA,NA,NA,NA,NA,a29af4ea-4bf5-43b1-9c30-16536369fbae,2025-10-17,15:07:41,2025-10-17T15:07:41Z,2025-10-17T15:07:41Z,NA,v3,CNE,CNE,NA,"Cochran, Carson",10085797,Right,CAR_EAG,42cb5aae-a27d-4ce9-a1c8-78f8ddbedc81,54.87464,-127.95041,12.60068,6.03938,-1.14781,-12.95192,-1.42349,2.23206,-7.34922,NA,NA,NA,NA,NA,NA,NA,NA,NA,NA,NA,NA,NA,NA,NA,NA,NA,NA,NA,NA,NA,NA,NA,NA,NA,NA,NA,NA,NA,NA,NA,NA,NA,NA,NA,NA,NA,NA,NA,NA,NA,NA,NA,NA,NA,NA,NA,NA,NA,NA,High,High,High,NA,NA,NA,NA,NA,225.761157,32.235277,1519.384801,0.845865,01:30:00,-0.539381,-0.610475,-0.57999,51.120949,56.496272,30.611026,-0.909674,172.247537,-0.411526,-3.211635,0.411526,-0.056024,0.909674,65.658562,-65.460401,0.056024,-0.056024,-172.247537,65.460401,0.909674,3.211635,-65.658562,-0.909674,0.056024,0.411526,-0.411526,NA,NA,NA,NA,NA,NA,NA,NA,NA,NA,NA,NA
NA,NA,NA,NA,NA,NA,NA,NA,NA,NA,NA,NA,NA,NA,NA,NA,23,2025-10-17,11:08:19,3,1,"Henderson, Christian",1000370202,Right,CAR_EAG,"Nathan, Cole",1000323259,Right,CAR_EAG,Undefined,1,Bottom,0,0,0,Fastball,Changeup,InPlay,Undefined,GroundBall,Error,0,0,NA,88.24933,-1.023964,-2.284923,1902.908101,252.151026,02:30:00,5.95514,1.808,5.56495,-29.56832,6.59323,17.0891,2.53363,1.09629,81.20457,-6.460459,0.764553,0.432808,79.04433,-22.39491,-21.692827,NA,NA,NA,NA,6.99905,6.99905,-27.390613,0.052827,-9.28686,3.92977,-1.6224,50,5.84715,4.38151,-128.15691,-3.35539,-15.51827,25.31447,-25.60741,CAR_EAG,CAR_EAG,CarsonNewman,TeamExclusive,Team,20251017-CarsonNewman-Private-1,1dd6eb80-ab6b-11f0-b255-238b61f5281b,87.08819,2.33935,NA,7.04477,NA,NA,NA,0.93932,2.33935,-1.1215,a29af4ea-4bf5-43b1-9c30-16536369fbae,2025-10-17,15:08:19,2025-10-17T15:08:19Z,2025-10-17T15:08:19Z,GroundBall,v3,CNE,CNE,NA,"Cochran, Carson",10085797,Right,CAR_EAG,e543f333-2e13-463c-947c-1dd241d1ef7f,54.93881,-129.12877,12.65723,5.9571,-2.37228,-12.8037,-1.80205,4.97728,-7.75913,180,0.93712,99.8559,NA,NA,NA,NA,NA,NA,NA,2.34033,-44.28346,NA,NA,NA,NA,NA,NA,NA,-1.12062,-39.72301,NA,NA,NA,NA,NA,NA,NA,NA,NA,NA,NA,NA,NA,NA,NA,NA,NA,NA,NA,NA,NA,NA,NA,NA,NA,NA,NA,NA,NA,High,High,High,Medium,High,NA,NA,NA,227.490072,30.858363,1633.528382,0.858438,01:30:00,-0.524255,-0.641871,-0.559605,50.08666,57.911232,31.460047,-0.911868,171.776866,-0.406263,-3.36582,0.406263,-0.058711,0.911868,65.985673,-65.764794,0.058711,-0.058711,-171.776866,65.764794,0.911868,3.36582,-65.985673,-0.911868,0.058711,0.406263,-0.406263,NA,NA,NA,NA,NA,NA,NA,NA,NA,NA,NA,NA
NA,NA,NA,NA,NA,NA,NA,NA,NA,NA,NA,NA,NA,NA,NA,NA,24,2025-10-17,11:09:49,4,1,"Henderson, Christian",1000370202,Right,CAR_EAG,"Benner, Seth",1000370212,Right,CAR_EAG,Undefined,1,Bottom,0,0,0,Slider,Curveball,StrikeCalled,Undefined,Undefined,Undefined,0,0,NA,72.04108,1.18914,-1.179663,2386.0066,57.401651,08:00:00,5.81105,1.60133,5.2276,-61.18023,-6.45914,-12.48414,1.83105,-0.54821,67.13938,-9.836278,-3.396389,0.532413,NA,NA,NA,NA,NA,NA,NA,NA,NA,NA,NA,5.93571,-3.03854,-1.48292,50,5.87464,2.61392,-104.70476,0.18522,6.64044,16.39605,-35.57335,CAR_EAG,CAR_EAG,CarsonNewman,TeamExclusive,Team,20251017-CarsonNewman-Private-1,53771990-ab6b-11f0-b255-238b61f5281b,70.79549,NA,NA,4.9017,NA,NA,NA,NA,NA,NA,a29af4ea-4bf5-43b1-9c30-16536369fbae,2025-10-17,15:09:49,2025-10-17T15:09:49Z,2025-10-17T15:09:49Z,NA,v3,CNE,CNE,NA,"Cochran, Carson",10085797,Right,CAR_EAG,41bb6fe1-6e95-4fa4-bc9d-e8ef9141029f,55.27841,-105.52808,8.19803,5.82049,1.97153,-17.78668,-1.60581,2.28048,3.32022,NA,NA,NA,NA,NA,NA,NA,NA,NA,NA,NA,NA,NA,NA,NA,NA,NA,NA,NA,NA,NA,NA,NA,NA,NA,NA,NA,NA,NA,NA,NA,NA,NA,NA,NA,NA,NA,NA,NA,NA,NA,NA,NA,NA,NA,NA,NA,NA,NA,NA,High,High,High,NA,NA,NA,NA,NA,54.726467,58.228773,1256.30148,0.526529,07:45:00,-0.834615,0.447411,0.321311,-93.822913,-9.368369,75.375512,-0.271531,159.208281,-0.899753,-19.976543,0.899753,-0.341635,0.271531,16.792995,-15.75542,0.341635,-0.341635,-159.208281,15.75542,0.271531,19.976543,-16.792995,-0.271531,0.341635,0.899753,-0.899753,NA,NA,NA,NA,NA,NA,NA,NA,NA,NA,NA,NA
NA,NA,NA,NA,NA,NA,NA,NA,NA,NA,NA,NA,NA,NA,NA,NA,25,2025-10-17,11:10:05,4,2,"Henderson, Christian",1000370202,Right,CAR_EAG,"Benner, Seth",1000370212,Right,CAR_EAG,Undefined,1,Bottom,0,0,1,Slider,Curveball,StrikeCalled,Undefined,Undefined,Undefined,0,0,NA,75.69678,1.325095,-1.058448,2437.496174,61.588999,08:00:00,5.78601,1.69457,5.18173,-53.54286,-4.14536,-10.08382,2.57136,-0.14178,70.59975,-8.33309,-2.846062,0.505853,NA,NA,NA,NA,NA,NA,NA,NA,NA,NA,NA,4.77618,-1.9550399999999999,-1.5882,50,5.86818,2.42317,-110.04741,0.71091,5.93763,17.01152,-34.60453,CAR_EAG,CAR_EAG,CarsonNewman,TeamExclusive,Team,20251017-CarsonNewman-Private-1,5ce642d0-ab6b-11f0-b255-238b61f5281b,74.5127,NA,NA,5.09702,NA,NA,NA,NA,NA,NA,a29af4ea-4bf5-43b1-9c30-16536369fbae,2025-10-17,15:10:05,2025-10-17T15:10:05Z,2025-10-17T15:10:05Z,NA,v3,CNE,CNE,NA,"Cochran, Carson",10085797,Right,CAR_EAG,1b9e23f8-86bd-4320-ac28-b0e8fbe80c2e,55.32365,-110.8673,8.50576,5.79373,2.37872,-17.30226,-1.69809,2.13699,2.96882,NA,NA,NA,NA,NA,NA,NA,NA,NA,NA,NA,NA,NA,NA,NA,NA,NA,NA,NA,NA,NA,NA,NA,NA,NA,NA,NA,NA,NA,NA,NA,NA,NA,NA,NA,NA,NA,NA,NA,NA,NA,NA,NA,NA,NA,NA,NA,NA,NA,NA,High,High,High,NA,NA,NA,NA,NA,56.782354,63.244598,1097.318435,0.450183,08:00:00,-0.879282,0.397169,0.262907,39.323383,79.483536,22.368612,-0.161087,157.383937,-0.911047,-22.304691,0.911047,-0.379532,0.161087,10.027145,-9.270009,0.379532,-0.379532,-157.383937,9.270009,0.161087,22.304691,-10.027145,-0.161087,0.379532,0.911047,-0.911047,NA,NA,NA,NA,NA,NA,NA,NA,NA,NA,NA,NA
NA,NA,NA,NA,NA,NA,NA,NA,NA,NA,NA,NA,NA,NA,NA,NA,26,2025-10-17,11:10:25,4,3,"Henderson, Christian",1000370202,Right,CAR_EAG,"Benner, Seth",1000370212,Right,CAR_EAG,Undefined,1,Bottom,0,0,2,ChangeUp,Changeup,InPlay,Undefined,GroundBall,Out,1,1,NA,80.37344,-0.843486,-2.197532,1510.675438,248.788981,02:15:00,5.52705,2.1197,5.66935,-36.11797,7.0793,15.06186,1.73011,1.32484,74.50372,-7.468748,0.496141,0.473042,28.96085,-62.691639,99.459664,NA,NA,NA,NA,3.9121,3.9121,-3.667486,0.053901,-8.30099,4.14654,-1.94406,50,5.43257,3.91839,-116.81733,-2.88586,-11.58158,20.01058,-26.3888,CAR_EAG,CAR_EAG,CarsonNewman,TeamExclusive,Team,20251017-CarsonNewman-Private-1,6921f990-ab6b-11f0-b255-238b61f5281b,79.68099,2.0708,NA,5.86972,NA,NA,NA,4.07981,2.0708,-1.30491,a29af4ea-4bf5-43b1-9c30-16536369fbae,2025-10-17,15:10:25,2025-10-17T15:10:25Z,2025-10-17T15:10:25Z,GroundBall,v3,CNE,CNE,NA,"Cochran, Carson",10085797,Right,CAR_EAG,ad5e09a9-d1e7-47db-adc2-0a4a6836bd58,54.83563,-117.64275,10.00529,5.52916,-1.79735,-13.1944,-2.11554,4.39612,-5.79079,NA,4.08031,-3.26022,NA,NA,NA,NA,NA,NA,NA,2.07667,-38.41906,NA,NA,NA,NA,NA,NA,NA,-1.3079,19.56691,NA,NA,NA,NA,NA,NA,NA,NA,NA,NA,NA,NA,NA,NA,NA,NA,NA,NA,NA,NA,NA,NA,NA,NA,NA,NA,NA,NA,NA,High,High,High,Estimated,Estimated,NA,NA,NA,246.068508,19.443511,1424.52183,0.94297,02:15:00,-0.334585,-0.866711,-0.369953,51.768498,25.709466,-19.073365,-0.130555,121.25844,-0.514458,-57.942837,0.514458,-0.847519,0.130555,14.239447,-7.501655,0.847519,-0.847519,-121.25844,7.501655,0.130555,57.942837,-14.239447,-0.130555,0.847519,0.514458,-0.514458,NA,NA,NA,NA,NA,NA,NA,NA,NA,NA,NA,NA
NA,NA,NA,NA,NA,NA,NA,NA,NA,NA,NA,NA,NA,NA,NA,NA,27,2025-10-17,11:11:07,5,1,"Henderson, Christian",1000370202,Right,CAR_EAG,"Kilgore, Tanner",814348,Right,CAR_EAG,Undefined,1,Bottom,1,0,0,Slider,Curveball,FoulBallNotFieldable,Undefined,Undefined,Undefined,0,0,NA,72.82353,0.933532,-0.48382,2363.570525,63.540565,08:00:00,5.80671,1.63338,5.10292,-59.71606,-6.3202,-15.45438,1.71015,-0.11041,68.33053,-9.782618,-3.22331,0.525927,NA,NA,NA,NA,NA,NA,NA,NA,NA,NA,NA,7.69603,-3.10248,-1.57475,50,5.84685,1.45112,-105.95246,-0.23589,8.87878,15.5749,-35.7533,CAR_EAG,CAR_EAG,CarsonNewman,TeamExclusive,Team,20251017-CarsonNewman-Private-1,822d42a0-ab6b-11f0-b255-238b61f5281b,71.66862,NA,NA,4.493,NA,NA,NA,NA,NA,NA,a29af4ea-4bf5-43b1-9c30-16536369fbae,2025-10-17,15:11:07,2025-10-17T15:11:07Z,2025-10-17T15:11:07Z,NA,v3,CNE,CNE,NA,"Cochran, Carson",10085797,Right,CAR_EAG,11730fa5-ea0c-4e33-b077-8a05b3e4dcd7,55.40505,-106.74404,7.78745,5.81266,1.58124,-17.87665,-1.63703,0.99986,4.43939,NA,NA,NA,NA,NA,NA,NA,NA,NA,NA,NA,NA,NA,NA,NA,NA,NA,NA,NA,NA,NA,NA,NA,NA,NA,NA,NA,NA,NA,NA,NA,NA,NA,NA,NA,NA,NA,NA,NA,NA,NA,NA,NA,NA,NA,NA,NA,NA,NA,NA,High,High,High,NA,NA,NA,NA,NA,52.663775,55.981359,1322.329296,0.559463,07:45:00,-0.818604,0.458268,0.346234,66.995299,66.62675,44.139296,-0.251073,153.98037,-0.869858,-25.127075,0.869858,-0.424627,0.251073,16.100104,-14.541043,0.424627,-0.424627,-153.98037,14.541043,0.251073,25.127075,-16.100104,-0.251073,0.424627,0.869858,-0.869858,NA,NA,NA,NA,NA,NA,NA,NA,NA,NA,NA,NA
NA,NA,NA,NA,NA,NA,NA,NA,NA,NA,NA,NA,NA,NA,NA,NA,28,2025-10-17,11:11:31,5,2,"Henderson, Christian",1000370202,Right,CAR_EAG,"Kilgore, Tanner",814348,Right,CAR_EAG,Undefined,1,Bottom,1,0,1,Fastball,Four-Seam,BallCalled,Undefined,Undefined,Undefined,0,1,NA,87.62962,-1.877018,-4.429124,2049.293137,213.447298,01:00:00,5.91275,1.57311,5.48906,-22.36915,14.36446,8.78961,2.28669,-1.84643,81.00889,-6.011689,-2.870305,0.436218,NA,NA,NA,NA,NA,NA,NA,NA,NA,NA,NA,-5.52126,8.03804,-1.19041,50,5.73261,9.45746,-126.96295,-4.93341,-9.12442,22.96207,-18.89037,CAR_EAG,CAR_EAG,CarsonNewman,TeamExclusive,Team,20251017-CarsonNewman-Private-1,904819a0-ab6b-11f0-b255-238b61f5281b,86.4074,NA,NA,6.62074,NA,NA,NA,NA,NA,NA,a29af4ea-4bf5-43b1-9c30-16536369fbae,2025-10-17,15:11:31,2025-10-17T15:11:31Z,2025-10-17T15:11:31Z,NA,v3,CNE,CNE,NA,"Cochran, Carson",10085797,Right,CAR_EAG,b74c6e1f-3300-4930-a6e1-79700009bc32,55.01369,-127.86649,11.48103,5.91211,-4.19008,-9.44519,-1.56962,9.8165,-4.56221,NA,NA,NA,NA,NA,NA,NA,NA,NA,NA,NA,NA,NA,NA,NA,NA,NA,NA,NA,NA,NA,NA,NA,NA,NA,NA,NA,NA,64.5672,1.834777,0.768102,1.066675,-0.43643,2.08866,1.93847,-0.20906,4.25465,2.80815,70.68596,8.19041,-54.11715,-0.17254,70.5403,-3.85852,4.28805,18.57313,-13.98638,2.74804,-59.0497,5.38771,High,High,High,NA,NA,High,High,High,226.84461,29.076992,1791.015495,0.873967,01:30:00,-0.509616,-0.653136,-0.560093,-38.425254,32.042339,25.878113,-0.253888,159.859892,-0.908091,-19.45309,0.908091,-0.333035,0.253888,15.620154,-14.707694,0.333035,-0.333035,-159.859892,14.707694,0.253888,19.45309,-15.620154,-0.253888,0.333035,0.908091,-0.908091,NA,NA,NA,NA,NA,NA,NA,NA,NA,NA,NA,NA
NA,NA,NA,NA,NA,NA,NA,NA,NA,NA,NA,NA,NA,NA,NA,NA,29,2025-10-17,11:12:07,5,3,"Henderson, Christian",1000370202,Right,CAR_EAG,"Kilgore, Tanner",814348,Right,CAR_EAG,Undefined,1,Bottom,1,1,1,Slider,Curveball,FoulBallNotFieldable,Undefined,Undefined,Undefined,0,0,NA,74.2422,1.261923,-1.347581,2382.885757,71.282978,08:30:00,5.81895,1.51965,5.19497,-53.46298,-1.85886,-9.77599,2.55132,-0.56292,68.92142,-8.404852,-3.080306,0.517027,72.23115,45.345152,49.58953,NA,58.06646,78.88168,93.42515,229.61605,73.70973,63.887605,4.561593,4.57477,-0.86969,-1.38678,50,5.89498,2.90112,-107.8623,0.61192,5.43282,17.34858,-33.20688,CAR_EAG,CAR_EAG,CarsonNewman,TeamExclusive,Team,20251017-CarsonNewman-Private-1,a5cd7040-ab6b-11f0-b255-238b61f5281b,72.90222,80.23125,NA,5.32078,NA,NA,NA,1.12456,2.57619,0.57685,a29af4ea-4bf5-43b1-9c30-16536369fbae,2025-10-17,15:12:07,2025-10-17T15:12:07Z,2025-10-17T15:12:07Z,FlyBall,v3,CNE,CNE,NA,"Cochran, Carson",10085797,Right,CAR_EAG,39016a2a-c5a5-42a0-903d-5f92be58e2f9,55.31013,-108.71303,8.67429,5.82505,2.24029,-16.60344,-1.52251,2.6347,2.71641,212.471378,1.12678,48.21893,-15.15098,4.06279,-0.62794,0.01022,0.01548,-0.00239,1.1e-4,2.57643,75.34512,-20.46672,1.0722,0.18339,-0.18713,0.06074,-0.00925,5.4e-4,0.57758,56.67801,-5.58111,1.18323,-0.14975,0.00617,-4.2e-4,3.7e-4,-4e-5,NA,NA,NA,NA,NA,NA,NA,NA,NA,NA,NA,NA,NA,NA,NA,NA,NA,NA,NA,NA,NA,NA,High,High,High,High,Low,NA,NA,NA,57.716689,62.295254,1107.840245,0.464915,08:00:00,-0.870402,0.41245,0.268858,24.069204,70.470251,19.812966,-0.39923,148.406518,-0.780961,-28.706826,0.780961,-0.480328,0.39923,27.076296,-23.530072,0.480328,-0.480328,-148.406518,23.530072,0.39923,28.706826,-27.076296,-0.39923,0.480328,0.780961,-0.780961,NA,NA,NA,NA,NA,NA,NA,NA,NA,NA,NA,NA
NA,NA,NA,NA,NA,NA,NA,NA,NA,NA,NA,NA,NA,NA,NA,NA,30,2025-10-17,11:12:28,5,4,"Henderson, Christian",1000370202,Right,CAR_EAG,"Kilgore, Tanner",814348,Right,CAR_EAG,Undefined,1,Bottom,1,1,2,ChangeUp,Changeup,StrikeSwinging,Strikeout,Undefined,Undefined,0,0,NA,80.18343,-1.217116,-3.683407,1448.51436,223.640482,01:30:00,5.55323,1.7165,5.86616,-30.00242,13.82662,11.78111,1.91984,-0.72829,73.13631,-6.815201,-1.574626,0.476488,NA,NA,NA,NA,NA,NA,NA,NA,NA,NA,NA,-7.03536,7.86977,-1.42415,50,5.43707,7.01664,-116.15981,-3.36595,-9.57431,22.56613,-21.46421,CAR_EAG,CAR_EAG,CarsonNewman,TeamExclusive,Team,20251017-CarsonNewman-Private-1,b2afa030-ab6b-11f0-b255-238b61f5281b,79.10462,NA,NA,7.04712,NA,NA,NA,NA,NA,NA,a29af4ea-4bf5-43b1-9c30-16536369fbae,2025-10-17,15:12:28,2025-10-17T15:12:28Z,2025-10-17T15:12:28Z,NA,v3,CNE,CNE,NA,"Cochran, Carson",10085797,Right,CAR_EAG,f905d7bb-e62d-469c-951d-9153fb7b09bd,54.63283,-117.05636,11.28306,5.55386,-2.51318,-10.7321,-1.71048,7.39702,-4.78716,NA,NA,NA,NA,NA,NA,NA,NA,NA,NA,NA,NA,NA,NA,NA,NA,NA,NA,NA,NA,NA,NA,NA,NA,NA,NA,NA,NA,NA,NA,NA,NA,NA,NA,NA,NA,NA,NA,NA,NA,NA,NA,NA,NA,NA,NA,NA,NA,NA,NA,High,High,High,NA,NA,NA,NA,NA,244.567152,18.55313,1373.233639,0.948029,02:15:00,-0.325463,-0.86272,-0.387025,41.665663,20.436062,-22.627783,-0.164844,110.767233,-0.349722,-67.255346,0.349722,-0.922237,0.164844,25.237246,-9.488187,0.922237,-0.922237,-110.767233,9.488187,0.164844,67.255346,-25.237246,-0.164844,0.922237,0.349722,-0.349722,NA,NA,NA,NA,NA,NA,NA,NA,NA,NA,NA,NA
NA,NA,NA,NA,NA,NA,NA,NA,NA,NA,NA,NA,NA,NA,NA,NA,31,2025-10-17,11:12:53,6,1,"Henderson, Christian",1000370202,Right,CAR_EAG,"Soto Diaz, Bradley",1000475324,Right,CAR_EAG,Undefined,1,Bottom,2,0,0,Fastball,Changeup,StrikeSwinging,Undefined,Undefined,Undefined,0,0,NA,87.20157,-2.296581,-3.144322,1858.357103,256.198299,02:30:00,6.00925,1.47019,5.58447,-31.35683,6.31851,20.30903,1.24701,0.22318,79.20689,-8.072956,0.481044,0.441774,NA,NA,NA,NA,NA,NA,NA,NA,NA,NA,NA,-11.17339,4.32477,-1.21286,50,5.79126,6.0425,-126.24866,-6.18653,-17.83835,28.29811,-25.26953,CAR_EAG,CAR_EAG,CarsonNewman,TeamExclusive,Team,20251017-CarsonNewman-Private-1,c1976420-ab6b-11f0-b255-238b61f5281b,85.32069,NA,NA,7.99468,NA,NA,NA,NA,NA,NA,a29af4ea-4bf5-43b1-9c30-16536369fbae,2025-10-17,15:12:53,2025-10-17T15:12:53Z,2025-10-17T15:12:53Z,NA,v3,CNE,CNE,NA,"Cochran, Carson",10085797,Right,CAR_EAG,acad69de-abfe-400f-9cc6-3a580a3ba495,54.91624,-127.34585,14.14906,6.01214,-5.20677,-12.63477,-1.46055,6.73413,-8.91917,NA,NA,NA,NA,NA,NA,NA,NA,NA,NA,NA,NA,NA,NA,NA,NA,NA,NA,NA,NA,NA,NA,NA,NA,NA,NA,NA,NA,NA,NA,NA,NA,NA,NA,NA,NA,NA,NA,NA,NA,NA,NA,NA,NA,NA,NA,NA,NA,NA,NA,High,High,High,NA,NA,NA,NA,NA,227.896247,30.737298,1597.294617,0.85952,01:30:00,-0.516017,-0.657674,-0.548809,56.118745,62.78199,44.582363,-0.879873,166.770319,-0.462597,-6.243488,0.462597,-0.108754,0.879873,62.26669,-61.627084,0.108754,-0.108754,-166.770319,61.627084,0.879873,6.243488,-62.26669,-0.879873,0.108754,0.462597,-0.462597,NA,NA,NA,NA,NA,NA,NA,NA,NA,NA,NA,NA
NA,NA,NA,NA,NA,NA,NA,NA,NA,NA,NA,NA,NA,NA,NA,NA,32,2025-10-17,11:13:11,6,2,"Henderson, Christian",1000370202,Right,CAR_EAG,"Soto Diaz, Bradley",1000475324,Right,CAR_EAG,Undefined,1,Bottom,2,0,1,Slider,Curveball,StrikeSwinging,Undefined,Undefined,Undefined,0,0,NA,74.76684,1.038922,-2.081312,2414.528694,67.918391,08:15:00,5.78157,1.74574,5.03072,-54.80645,-2.59036,-10.75501,2.19542,-1.11523,68.22818,-8.87958,-3.980658,0.520084,NA,NA,NA,NA,NA,NA,NA,NA,NA,NA,NA,4.65209,-1.0191,-1.53771,50,5.83736,4.36587,-108.309,0.08144,5.46448,20.88543,-33.37109,CAR_EAG,CAR_EAG,CarsonNewman,TeamExclusive,Team,20251017-CarsonNewman-Private-1,cc56b410-ab6b-11f0-b255-238b61f5281b,72.47375,NA,NA,6.53867,NA,NA,NA,NA,NA,NA,a29af4ea-4bf5-43b1-9c30-16536369fbae,2025-10-17,15:13:11,2025-10-17T15:13:11Z,2025-10-17T15:13:11Z,NA,v3,CNE,CNE,NA,"Cochran, Carson",10085797,Right,CAR_EAG,a137fdbe-04c9-4919-80d4-bbc1e76f1793,55.47033,-109.35876,10.44272,5.79111,1.75877,-16.68555,-1.75025,4.0912,2.73224,NA,NA,NA,NA,NA,NA,NA,NA,NA,NA,NA,NA,NA,NA,NA,NA,NA,NA,NA,NA,NA,NA,NA,NA,NA,NA,NA,NA,NA,NA,NA,NA,NA,NA,NA,NA,NA,NA,NA,NA,NA,NA,NA,NA,NA,NA,NA,NA,NA,NA,High,High,High,NA,NA,NA,NA,NA,56.711512,62.521429,1114.104199,0.461417,08:00:00,-0.870266,0.401729,0.285045,57.275004,69.743212,43.344534,-0.281985,155.9456,-0.876102,-23.020643,0.876102,-0.391063,0.281985,17.841486,-16.378734,0.391063,-0.391063,-155.9456,16.378734,0.281985,23.020643,-17.841486,-0.281985,0.391063,0.876102,-0.876102,NA,NA,NA,NA,NA,NA,NA,NA,NA,NA,NA,NA
NA,NA,NA,NA,NA,NA,NA,NA,NA,NA,NA,NA,NA,NA,NA,NA,33,2025-10-17,11:13:30,6,3,"Henderson, Christian",1000370202,Right,CAR_EAG,"Soto Diaz, Bradley",1000475324,Right,CAR_EAG,Undefined,1,Bottom,2,0,2,ChangeUp,Changeup,BallCalled,Undefined,Undefined,Undefined,0,1,NA,79.85636,-2.365584,-3.876145,1493.57995,242.693354,02:00:00,5.43818,1.76855,5.97056,-34.46644,10.10402,16.35788,0.36642,-0.4676,72.29675,-8.778646,-0.938821,0.480502,NA,NA,NA,NA,NA,NA,NA,NA,NA,NA,NA,-9.62217,6.45307,-1.46988,50,5.23136,7.20113,-115.5119,-5.81456,-12.78817,24.79815,-23.59772,CAR_EAG,CAR_EAG,CarsonNewman,TeamExclusive,Team,20251017-CarsonNewman-Private-1,d775d740-ab6b-11f0-b255-238b61f5281b,78.44392,NA,NA,7.55961,NA,NA,NA,NA,NA,NA,a29af4ea-4bf5-43b1-9c30-16536369fbae,2025-10-17,15:13:30,2025-10-17T15:13:30Z,2025-10-17T15:13:30Z,NA,v3,CNE,CNE,NA,"Cochran, Carson",10085797,Right,CAR_EAG,be25e547-cd7b-46d9-b710-ac5d367de28e,54.52892,-116.48011,12.39908,5.4404,-4.89322,-11.79886,-1.76078,7.70043,-6.39408,NA,NA,NA,NA,NA,NA,NA,NA,NA,NA,NA,NA,NA,NA,NA,NA,NA,NA,NA,NA,NA,NA,NA,NA,NA,NA,NA,NA,NA,NA,NA,NA,NA,NA,NA,NA,NA,NA,NA,NA,NA,NA,NA,NA,NA,NA,NA,NA,NA,NA,High,High,High,NA,NA,NA,NA,NA,250.050007,20.75403,1396.661973,0.93511,02:15:00,-0.338615,-0.892872,-0.296848,39.79744,1.500138,-28.672041,-0.138872,112.551667,-0.3798,-66.146899,0.3798,-0.914585,0.138872,20.08474,-7.982605,0.914585,-0.914585,-112.551667,7.982605,0.138872,66.146899,-20.08474,-0.138872,0.914585,0.3798,-0.3798,NA,NA,NA,NA,NA,NA,NA,NA,NA,NA,NA,NA
NA,NA,NA,NA,NA,NA,NA,NA,NA,NA,NA,NA,NA,NA,NA,NA,34,2025-10-17,11:14:05,6,4,"Henderson, Christian",1000370202,Right,CAR_EAG,"Soto Diaz, Bradley",1000475324,Right,CAR_EAG,Undefined,1,Bottom,2,1,2,Slider,Curveball,BallCalled,Undefined,Undefined,Undefined,0,0,NA,76.3335,0.93068,-2.507017,2560.892999,78.544515,08:30:00,5.78281,1.83037,4.83223,-51.01448,-0.8124,-11.96009,2.41391,-1.54203,69.98821,-8.261157,-4.609111,0.509955,NA,NA,NA,NA,NA,NA,NA,NA,NA,NA,NA,5.13953,-0.16394,-1.57104,50,5.83143,5.33376,-110.58785,-0.02394,6.33356,20.62195,-32.37606,CAR_EAG,CAR_EAG,CarsonNewman,TeamExclusive,Team,20251017-CarsonNewman-Private-1,ec10a6d0-ab6b-11f0-b255-238b61f5281b,73.91321,NA,NA,6.34529,NA,NA,NA,NA,NA,NA,a29af4ea-4bf5-43b1-9c30-16536369fbae,2025-10-17,15:14:05,2025-10-17T15:14:05Z,2025-10-17T15:14:05Z,NA,v3,CNE,CNE,NA,"Cochran, Carson",10085797,Right,CAR_EAG,4f1734cb-910f-4d6f-9d11-7ca0ab0bfe32,55.66966,-111.6401,10.31098,5.79051,1.62807,-16.18803,-1.83495,5.01058,3.16678,NA,NA,NA,NA,NA,NA,NA,NA,NA,NA,NA,NA,NA,NA,NA,NA,NA,NA,NA,NA,NA,NA,NA,NA,NA,NA,NA,NA,NA,NA,NA,NA,NA,NA,NA,NA,NA,NA,NA,NA,NA,NA,NA,NA,NA,NA,NA,NA,NA,NA,High,High,High,NA,NA,NA,NA,NA,59.478084,71.238469,823.660113,0.32163,08:00:00,-0.934193,0.292406,0.204404,67.53697,48.009338,49.988313,-0.212572,155.570691,-0.889664,-23.835885,0.889664,-0.404118,0.212572,13.438015,-12.273103,0.404118,-0.404118,-155.570691,12.273103,0.212572,23.835885,-13.438015,-0.212572,0.404118,0.889664,-0.889664,NA,NA,NA,NA,NA,NA,NA,NA,NA,NA,NA,NA
NA,NA,NA,NA,NA,NA,NA,NA,NA,NA,NA,NA,NA,NA,NA,NA,35,2025-10-17,11:14:19,6,5,"Henderson, Christian",1000370202,Right,CAR_EAG,"Soto Diaz, Bradley",1000475324,Right,CAR_EAG,Undefined,1,Bottom,2,2,2,Fastball,Changeup,InPlay,Undefined,GroundBall,Out,1,0,NA,88.19867,-1.460456,-2.434676,1778.310987,235.580028,01:45:00,6.08674,1.43788,5.56112,-24.28466,12.65749,16.50174,2.69698,0.53692,79.53805,-6.00447,0.508026,0.437454,93.28732,6.9461,-33.158504,3166.438444,NA,NA,NA,107.90512,106.13791,-36.319896,0.872195,-9.15186,7.25646,-1.23879,50,5.94481,4.71125,-127.75949,-4.07777,-14.89139,30.13675,-20.36673,CAR_EAG,CAR_EAG,CarsonNewman,TeamExclusive,Team,20251017-CarsonNewman-Private-1,f49e49b0-ab6b-11f0-b255-238b61f5281b,86.16319,5.62282,NA,8.66062,NA,NA,NA,1.44936,2.791,-0.47924,a29af4ea-4bf5-43b1-9c30-16536369fbae,2025-10-17,15:14:19,2025-10-17T15:14:19Z,2025-10-17T15:14:19Z,GroundBall,v3,CNE,CNE,NA,"Cochran, Carson",10085797,Right,CAR_EAG,4dc6620a-fe65-441b-9170-445606f08de3,54.93949,-128.91938,15.06838,6.08667,-3.29391,-10.18336,-1.43114,5.28438,-7.4457,NA,1.52072,112.58585,-16.87999,NA,NA,NA,NA,NA,NA,2.87142,15.28874,-21.40014,NA,NA,NA,NA,NA,NA,-0.45134,-74.73034,2.22789,NA,NA,NA,NA,NA,NA,NA,NA,NA,NA,NA,NA,NA,NA,NA,NA,NA,NA,NA,NA,NA,NA,NA,NA,NA,NA,NA,NA,High,High,High,High,High,NA,NA,NA,227.924903,30.686175,1529.303774,0.859975,01:30:00,-0.517935,-0.651131,-0.554772,45.16832,52.850695,28.161375,0.901653,177.453113,-0.432034,1.101134,0.432034,-0.019217,-0.901653,64.398246,64.376173,0.019217,0.019217,-177.453113,-64.376173,0.901653,-1.101134,-64.398246,-0.901653,-0.019217,0.432034,-0.432034,NA,NA,NA,NA,NA,NA,NA,NA,NA,NA,NA,NA
NA,NA,NA,NA,NA,NA,NA,NA,NA,NA,NA,NA,NA,NA,NA,NA,36,2025-10-17,11:16:32,1,1,"Culpepper, Brock",1000215907,Right,CAR_EAG,"Floyd, Logan",1000148156,Right,CAR_EAG,Undefined,2,Top,0,0,0,Fastball,Changeup,StrikeCalled,Undefined,Undefined,Undefined,0,0,NA,86.31539,-0.206416,-3.74074,1807.439068,257.179177,02:30:00,4.85465,2.80017,6.68812,-31.75143,4.35209,14.59918,2.01949,0.59048,79.7559,-6.147318,-1.085892,0.43246,NA,NA,NA,NA,NA,NA,NA,NA,NA,NA,NA,-8.62756,2.68587,-2.55541,50,4.82836,7.67215,-125.45518,-1.38763,-13.88172,23.10509,-27.85247,CAR_EAG,CAR_EAG,CarsonNewman,TeamExclusive,Team,20251017-CarsonNewman-Private-1,43c866b0-ab6c-11f0-b255-238b61f5281b,87.15812,NA,NA,6.55949,NA,NA,NA,NA,NA,NA,a29af4ea-4bf5-43b1-9c30-16536369fbae,2025-10-17,15:16:32,2025-10-17T15:16:32Z,2025-10-17T15:16:32Z,NA,v3,CNE,CNE,NA,"Rogers, Jacob",1000215913,Right,CAR_EAG,09903bdc-0efd-401e-8e60-d79f5548c51b,53.81574,-126.15597,11.55254,4.85764,-0.54286,-13.92624,-2.79449,8.09319,-6.94086,NA,NA,NA,NA,NA,NA,NA,NA,NA,NA,NA,NA,NA,NA,NA,NA,NA,NA,NA,NA,NA,NA,NA,NA,NA,NA,NA,NA,NA,NA,NA,NA,NA,NA,NA,NA,NA,NA,NA,NA,NA,NA,NA,NA,NA,NA,NA,NA,NA,NA,High,High,High,NA,NA,NA,NA,NA,244.839428,32.988463,1516.044137,0.83878,02:15:00,-0.563843,-0.761153,-0.32051,27.778818,63.34111,15.636928,0.892652,173.732603,-0.448052,2.82051,0.448052,-0.049207,-0.892652,63.346422,63.20847,0.049207,0.049207,-173.732603,-63.20847,0.892652,-2.82051,-63.346422,-0.892652,-0.049207,0.448052,-0.448052,NA,NA,NA,NA,NA,NA,NA,NA,NA,NA,NA,NA
NA,NA,NA,NA,NA,NA,NA,NA,NA,NA,NA,NA,NA,NA,NA,NA,37,2025-10-17,11:16:49,1,2,"Culpepper, Brock",1000215907,Right,CAR_EAG,"Floyd, Logan",1000148156,Right,CAR_EAG,Undefined,2,Top,0,0,1,Fastball,Sinker,InPlay,Undefined,FlyBall,Double,0,0,NA,88.00496,0.419428,-3.995397,2063.526426,239.477734,02:00:00,4.82322,2.75296,6.55405,-24.5871,10.63977,16.1758,3.15985,0.4313,80.38819,-4.232719,-1.065031,0.427178,90.8449,26.070627000000002,26.496937,4303.655063,92.79343,48.84351,59.07084,318.96931,232.60176,42.706174,4.209524,-9.61867,5.79894,-2.48317,50,4.84165,8.31367,-127.74598,0.23152,-15.90316,26.18195,-22.58626,CAR_EAG,CAR_EAG,CarsonNewman,TeamExclusive,Team,20251017-CarsonNewman-Private-1,4e137100-ab6c-11f0-b255-238b61f5281b,88.23601,59.23296,NA,7.61677,NA,NA,NA,0.83486,3.3237,-0.32343,a29af4ea-4bf5-43b1-9c30-16536369fbae,2025-10-17,15:16:49,2025-10-17T15:16:49Z,2025-10-17T15:16:49Z,FlyBall,v3,CNE,CNE,NA,"Rogers, Jacob",1000215913,Right,CAR_EAG,de41f399-d02a-4db5-b3dc-fdc024c63d62,53.94909,-128.55281,13.09098,4.82379,0.92754,-11.29313,-2.74692,8.80375,-7.95158,224.7132,0.83535,107.09958,-28.20187,7.69513,-1.77675,0.36301,-0.0651,0.00863,-5.4e-4,3.32499,58.51969,-15.46135,-0.85869,1.02304,-0.46346,0.12696,-0.01848,0.00108,-0.32374000000000003,53.4051,1.58764,-1.4999,0.52409,-0.11893,0.01819,-0.00174,8e-5,NA,NA,NA,NA,NA,NA,NA,NA,NA,NA,NA,NA,NA,NA,NA,NA,NA,NA,NA,NA,NA,NA,High,High,High,High,Medium,NA,NA,NA,241.012587,22.311289,1909.040387,0.925135,02:00:00,-0.415854,-0.806439,-0.420383,25.042801,54.913815,14.884355,0.922521,179.08313,-0.385896,0.353849,0.385896,-0.006176,-0.922521,67.300147,67.297535,0.006176,0.006176,-179.08313,-67.297535,0.922521,-0.353849,-67.300147,-0.922521,-0.006176,0.385896,-0.385896,NA,NA,NA,NA,NA,NA,NA,NA,NA,NA,NA,NA
NA,NA,NA,NA,NA,NA,NA,NA,NA,NA,NA,NA,NA,NA,NA,NA,38,2025-10-17,11:17:39,2,1,"Culpepper, Brock",1000215907,Right,CAR_EAG,"Rodriguez, Sebastian",10180804,Left,CAR_EAG,Undefined,2,Top,0,0,0,Fastball,Changeup,BallCalled,Undefined,Undefined,Undefined,0,0,NA,86.49043,-0.261337,-3.739229,2224.245476,255.621209,02:30:00,4.83505,2.95233,6.23496,-30.69714,6.18866,19.63434,2.03534,1.13401,79.21655,-5.986394,-0.198548,0.43712,NA,NA,NA,NA,NA,NA,NA,NA,NA,NA,NA,-11.15276,3.64984,-2.68206,50,4.80041,7.42538,-125.53655,-1.5484,-17.82164,25.09177,-26.34177,CAR_EAG,CAR_EAG,CarsonNewman,TeamExclusive,Team,20251017-CarsonNewman-Private-1,6c281830-ab6c-11f0-b255-238b61f5281b,86.22895,NA,NA,7.27388,NA,NA,NA,NA,NA,NA,a29af4ea-4bf5-43b1-9c30-16536369fbae,2025-10-17,15:17:39,2025-10-17T15:17:39Z,2025-10-17T15:17:39Z,NA,v3,CNE,CNE,NA,"Rogers, Jacob",1000215913,Right,CAR_EAG,395d240d-9da1-4c3e-8845-5542e3ae364c,54.26792,-126.38673,12.54588,4.83775,-0.65587,-13.17089,-2.94388,8.02923,-8.91082,NA,NA,NA,NA,NA,NA,NA,NA,NA,NA,NA,NA,NA,NA,NA,NA,NA,NA,NA,NA,NA,NA,NA,NA,NA,NA,NA,NA,NA,NA,NA,NA,NA,NA,NA,NA,NA,NA,NA,NA,NA,NA,NA,NA,NA,NA,NA,NA,NA,NA,High,High,High,NA,NA,NA,NA,NA,244.263817,10.345288,2188.086812,0.983743,02:15:00,-0.20302,-0.886969,-0.414812,56.819147,69.62153,61.515179,-0.942399,165.495478,-0.323829,-4.8056,0.323829,-0.083775,0.942399,71.036136,-70.458454,0.083775,-0.083775,-165.495478,70.458454,0.942399,4.8056,-71.036136,-0.942399,0.083775,0.323829,-0.323829,NA,NA,NA,NA,NA,NA,NA,NA,NA,NA,NA,NA
NA,NA,NA,NA,NA,NA,NA,NA,NA,NA,NA,NA,NA,NA,NA,NA,39,2025-10-17,11:17:55,2,2,"Culpepper, Brock",1000215907,Right,CAR_EAG,"Rodriguez, Sebastian",10180804,Left,CAR_EAG,Undefined,2,Top,0,1,0,Fastball,Changeup,BallCalled,Undefined,Undefined,Undefined,0,0,NA,86.88959,-0.92658,-4.144437,2256.571608,256.58518,02:30:00,4.83444,3.15144,6.17283,-30.9449,5.74095,19.21938,1.39756,0.91843,79.62926,-6.681208,-0.684124,0.435934,NA,NA,NA,NA,NA,NA,NA,NA,NA,NA,NA,-11.04127,3.59189,-2.84651,50,4.74844,8.36279,-126.02754,-3.04418,-17.77865,25.33072,-26.3904,CAR_EAG,CAR_EAG,CarsonNewman,TeamExclusive,Team,20251017-CarsonNewman-Private-1,75820bc0-ab6c-11f0-b255-238b61f5281b,86.46363,NA,NA,7.26034,NA,NA,NA,NA,NA,NA,a29af4ea-4bf5-43b1-9c30-16536369fbae,2025-10-17,15:17:55,2025-10-17T15:17:55Z,2025-10-17T15:17:55Z,NA,v3,CNE,CNE,NA,"Rogers, Jacob",1000215913,Right,CAR_EAG,223c2a25-549d-45d8-9231-9cbf484a0cbd,54.33016,-126.89489,12.66536,4.8372,-2.14054,-13.1952,-3.14328,8.97155,-8.88932,NA,NA,NA,NA,NA,NA,NA,NA,NA,NA,NA,NA,NA,NA,NA,NA,NA,NA,NA,NA,NA,NA,NA,NA,NA,NA,NA,NA,NA,NA,NA,NA,NA,NA,NA,NA,NA,NA,NA,NA,NA,NA,NA,NA,NA,NA,NA,NA,NA,NA,High,High,High,NA,NA,NA,NA,NA,243.538278,18.892791,2135.001314,0.946126,02:00:00,-0.339717,-0.852128,-0.398083,-94.565027,-19.524002,89.495233,-0.938954,169.53244,-0.338317,-3.583623,0.338317,-0.062505,0.938954,70.185266,-69.876636,0.062505,-0.062505,-169.53244,69.876636,0.938954,3.583623,-70.185266,-0.938954,0.062505,0.338317,-0.338317,NA,NA,NA,NA,NA,NA,NA,NA,NA,NA,NA,NA
NA,NA,NA,NA,NA,NA,NA,NA,NA,NA,NA,NA,NA,NA,NA,NA,40,2025-10-17,11:18:12,2,3,"Culpepper, Brock",1000215907,Right,CAR_EAG,"Rodriguez, Sebastian",10180804,Left,CAR_EAG,Undefined,2,Top,0,2,0,Fastball,Changeup,StrikeCalled,Undefined,Undefined,Undefined,0,0,NA,85.94882,-1.075741,-4.238268,2059.090087,240.343732,02:00:00,4.94027,2.91042,6.40443,-27.19907,9.73162,15.17808,1.68161,0.27067,79.24728,-6.166765,-1.496094,0.437386,NA,NA,NA,NA,NA,NA,NA,NA,NA,NA,NA,-8.98323,5.70008,-2.61265,50,4.85042,8.66975,-124.74202,-3.15546,-14.27284,23.13007,-23.11761,CAR_EAG,CAR_EAG,CarsonNewman,TeamExclusive,Team,20251017-CarsonNewman-Private-1,7f7afe70-ab6c-11f0-b255-238b61f5281b,86.17657,NA,NA,6.70154,NA,NA,NA,NA,NA,NA,a29af4ea-4bf5-43b1-9c30-16536369fbae,2025-10-17,15:18:12,2025-10-17T15:18:12Z,2025-10-17T15:18:12Z,NA,v3,CNE,CNE,NA,"Rogers, Jacob",1000215913,Right,CAR_EAG,5ad66a6f-cd9e-4a64-abef-105e9bc939c0,54.09859,-125.4997,11.56504,4.94138,-2.3982,-11.55881,-2.9043,9.13728,-7.13642,NA,NA,NA,NA,NA,NA,NA,NA,NA,NA,NA,NA,NA,NA,NA,NA,NA,NA,NA,NA,NA,NA,NA,NA,NA,NA,NA,NA,NA,NA,NA,NA,NA,NA,NA,NA,NA,NA,NA,NA,NA,NA,NA,NA,NA,NA,NA,NA,NA,NA,High,High,High,NA,NA,NA,NA,NA,239.916161,21.321524,1918.155054,0.931555,02:00:00,-0.381961,-0.812752,-0.439932,46.47736,57.353113,39.216283,0.933757,169.22173,-0.351595,3.837795,0.351595,-0.066932,-0.933757,69.366745,69.028176,0.066932,0.066932,-169.22173,-69.028176,0.933757,-3.837795,-69.366745,-0.933757,-0.066932,0.351595,-0.351595,NA,NA,NA,NA,NA,NA,NA,NA,NA,NA,NA,NA
NA,NA,NA,NA,NA,NA,NA,NA,NA,NA,NA,NA,NA,NA,NA,NA,41,2025-10-17,11:18:29,2,4,"Culpepper, Brock",1000215907,Right,CAR_EAG,"Rodriguez, Sebastian",10180804,Left,CAR_EAG,Undefined,2,Top,0,2,1,Fastball,Changeup,InPlay,Undefined,GroundBall,Out,1,0,NA,86.17401,0.248478,-3.703003,2098.071052,238.362131,02:00:00,5.00355,2.98132,6.20686,-25.76686,11.25237,16.47501,3.08615,0.93146,79.15484,-4.583442,-0.736062,0.43791,88.24199,-13.460768,-19.1088,NA,NA,NA,NA,12.66575,12.66575,-22.241797,0.092661,-9.53686,6.10071,-2.71111,50,5.00916,7.46597,-125.12994,-0.23575,-15.21639,23.7507,-22.44018,CAR_EAG,CAR_EAG,CarsonNewman,TeamExclusive,Team,20251017-CarsonNewman-Private-1,89aa9180-ab6c-11f0-b255-238b61f5281b,86.07346,2.97775,NA,7.01916,NA,NA,NA,0.84886,2.97775,-0.938,a29af4ea-4bf5-43b1-9c30-16536369fbae,2025-10-17,15:18:29,2025-10-17T15:18:29Z,2025-10-17T15:18:29Z,GroundBall,v3,CNE,CNE,NA,"Rogers, Jacob",1000215913,Right,CAR_EAG,cdf7b1b3-a9cd-4381-adb4-25e8c08796c4,54.29688,-125.94287,11.87535,5.00408,0.53233,-11.22009,-2.97556,7.9868,-7.6082,45.911198,0.84889,118.92752,-16.94422,NA,NA,NA,NA,NA,NA,2.97783,-30.13915,-21.57027,NA,NA,NA,NA,NA,NA,-0.93795,-41.21109,-4.38352,NA,NA,NA,NA,NA,NA,NA,NA,NA,NA,NA,NA,NA,NA,NA,NA,NA,NA,NA,NA,NA,NA,NA,NA,NA,NA,NA,NA,High,High,High,High,High,NA,NA,NA,239.528768,24.121098,1914.875368,0.912684,02:00:00,-0.441105,-0.784848,-0.435247,38.497797,62.068945,29.314793,-0.916404,176.515144,-0.399514,-1.394107,0.399514,-0.024329,0.916404,66.444776,-66.405905,0.024329,-0.024329,-176.515144,66.405905,0.916404,1.394107,-66.444776,-0.916404,0.024329,0.399514,-0.399514,NA,NA,NA,NA,NA,NA,NA,NA,NA,NA,NA,NA
NA,NA,NA,NA,NA,NA,NA,NA,NA,NA,NA,NA,NA,NA,NA,NA,42,2025-10-17,11:19:09,3,1,"Culpepper, Brock",1000215907,Right,CAR_EAG,"Hornbuckle, Kylan",1000106804,Right,CAR_EAG,Undefined,2,Top,1,0,0,Fastball,Changeup,BallCalled,Undefined,Undefined,Undefined,0,0,NA,86.62306,-1.014082,-5.356421,2023.972347,252.4393,02:30:00,4.79641,2.83106,6.5184,-29.19391,7.17815,19.18851,1.42889,-0.49931,79.66224,-6.476098,-1.889269,0.434066,NA,NA,NA,NA,NA,NA,NA,NA,NA,NA,NA,-11.43327,4.37595,-2.46443,50,4.71281,11.04985,-125.54268,-3.10306,-18.35894,23.95708,-25.14741,CAR_EAG,CAR_EAG,CarsonNewman,TeamExclusive,Team,20251017-CarsonNewman-Private-1,a1a3a740-ab6c-11f0-b255-238b61f5281b,86.83581,NA,NA,6.96082,NA,NA,NA,NA,NA,NA,a29af4ea-4bf5-43b1-9c30-16536369fbae,2025-10-17,15:19:09,2025-10-17T15:19:09Z,2025-10-17T15:19:09Z,NA,v3,CNE,CNE,NA,"Rogers, Jacob",1000215913,Right,CAR_EAG,124b0080-e09b-403f-bb8d-c23a3ea83931,53.98542,-126.30092,11.97854,4.79843,-2.30715,-12.57371,-2.82335,11.63091,-9.17947,NA,NA,NA,NA,NA,NA,NA,NA,NA,NA,NA,NA,NA,NA,NA,NA,NA,NA,NA,NA,NA,NA,NA,NA,NA,NA,NA,NA,NA,NA,NA,NA,NA,NA,NA,NA,NA,NA,NA,NA,NA,NA,NA,NA,NA,NA,NA,NA,NA,NA,High,High,High,NA,NA,NA,NA,NA,243.404235,28.417998,1780.081911,0.879499,02:00:00,-0.496647,-0.794736,-0.348907,41.972182,68.063257,33.876367,-0.902703,179.440436,-0.430244,-0.240757,0.430244,-0.004202,0.902703,64.51674,-64.515678,0.004202,-0.004202,-179.440436,64.515678,0.902703,0.240757,-64.51674,-0.902703,0.004202,0.430244,-0.430244,NA,NA,NA,NA,NA,NA,NA,NA,NA,NA,NA,NA
NA,NA,NA,NA,NA,NA,NA,NA,NA,NA,NA,NA,NA,NA,NA,NA,43,2025-10-17,11:19:47,3,2,"Culpepper, Brock",1000215907,Right,CAR_EAG,"Hornbuckle, Kylan",1000106804,Right,CAR_EAG,Undefined,2,Top,1,1,0,Fastball,Changeup,BallCalled,Undefined,Undefined,Undefined,0,0,NA,85.30531,-0.61063,-4.624346,1967.525661,253.884343,02:30:00,4.91974,2.77895,6.25926,-31.37813,6.4102,18.25127,1.73996,0.02638,78.5116,-6.448147,-1.337172,0.442436,NA,NA,NA,NA,NA,NA,NA,NA,NA,NA,NA,-10.64788,3.84823,-2.44363,50,4.85893,9.30535,-123.73241,-2.3007,-16.61442,23.18428,-26.16944,CAR_EAG,CAR_EAG,CarsonNewman,TeamExclusive,Team,20251017-CarsonNewman-Private-1,b8323080-ab6c-11f0-b255-238b61f5281b,85.19304,NA,NA,6.79371,NA,NA,NA,NA,NA,NA,a29af4ea-4bf5-43b1-9c30-16536369fbae,2025-10-17,15:19:47,2025-10-17T15:19:47Z,2025-10-17T15:19:47Z,NA,v3,CNE,CNE,NA,"Rogers, Jacob",1000215913,Right,CAR_EAG,c1981682-d8ec-476c-a97f-27e46added2b,54.24428,-124.52514,11.59214,4.9223,-1.4059,-13.08472,-2.77152,9.87344,-8.30721,NA,NA,NA,NA,NA,NA,NA,NA,NA,NA,NA,NA,NA,NA,NA,NA,NA,NA,NA,NA,NA,NA,NA,NA,NA,NA,NA,NA,71.88396,1.747896,0.820992,0.926904,-0.94882,1.46655,0.02578,-3.18532,5.93158,2.95782,62.82057,5.01473,61.97446,-3.13279,79.68828,-9.29144,5.9414,10.39679,-12.31325,2.97247,67.05283,-3.69008,High,High,High,NA,NA,High,High,High,245.555625,20.705754,1840.440278,0.935409,02:15:00,-0.374559,-0.855281,-0.358049,52.015851,62.641441,49.267426,0.923407,166.063087,-0.372524,5.304288,0.372524,-0.092445,-0.923407,68.029689,67.429298,0.092445,0.092445,-166.063087,-67.429298,0.923407,-5.304288,-68.029689,-0.923407,-0.092445,0.372524,-0.372524,NA,NA,NA,NA,NA,NA,NA,NA,NA,NA,NA,NA
NA,NA,NA,NA,NA,NA,NA,NA,NA,NA,NA,NA,NA,NA,NA,NA,44,2025-10-17,11:20:11,3,3,"Culpepper, Brock",1000215907,Right,CAR_EAG,"Hornbuckle, Kylan",1000106804,Right,CAR_EAG,Undefined,2,Top,1,2,0,Fastball,Changeup,StrikeCalled,Undefined,Undefined,Undefined,0,0,NA,86.76779,0.19138,-5.306116,2161.844984,248.880338,02:15:00,4.90686,2.6526,6.48104,-28.3173,8.24705,18.26576,2.72358,-0.71158,79.0415,-5.135129,-2.010276,0.435211,NA,NA,NA,NA,NA,NA,NA,NA,NA,NA,NA,-11.00319,4.62799,-2.28565,50,4.90796,10.96531,-125.668,-0.41971,-17.56594,25.86929,-24.78571,CAR_EAG,CAR_EAG,CarsonNewman,TeamExclusive,Team,20251017-CarsonNewman-Private-1,c6866700-ab6c-11f0-b255-238b61f5281b,86.60721,NA,NA,7.72629,NA,NA,NA,NA,NA,NA,a29af4ea-4bf5-43b1-9c30-16536369fbae,2025-10-17,15:20:11,2025-10-17T15:20:11Z,2025-10-17T15:20:11Z,NA,v3,CNE,CNE,NA,"Rogers, Jacob",1000215913,Right,CAR_EAG,a8a76fc4-25c8-4962-8e4b-b523358a42de,54.02105,-126.49304,12.93465,4.90874,0.37077,-12.39286,-2.64429,11.52553,-8.78297,NA,NA,NA,NA,NA,NA,NA,NA,NA,NA,NA,NA,NA,NA,NA,NA,NA,NA,NA,NA,NA,NA,NA,NA,NA,NA,NA,NA,NA,NA,NA,NA,NA,NA,NA,NA,NA,NA,NA,NA,NA,NA,NA,NA,NA,NA,NA,NA,NA,NA,High,High,High,NA,NA,NA,NA,NA,241.842044,22.735335,1993.869452,0.9223,02:00:00,-0.42777,-0.81185,-0.397381,22.647836,62.945933,11.618026,-0.923718,166.660134,-0.372737,-5.070719,0.372737,-0.088385,0.923718,68.025009,-67.475825,0.088385,-0.088385,-166.660134,67.475825,0.923718,5.070719,-68.025009,-0.923718,0.088385,0.372737,-0.372737,NA,NA,NA,NA,NA,NA,NA,NA,NA,NA,NA,NA
NA,NA,NA,NA,NA,NA,NA,NA,NA,NA,NA,NA,NA,NA,NA,NA,45,2025-10-17,11:20:29,3,4,"Culpepper, Brock",1000215907,Right,CAR_EAG,"Hornbuckle, Kylan",1000106804,Right,CAR_EAG,Undefined,2,Top,1,2,1,Slider,Slider,InPlay,Undefined,FlyBall,Out,1,0,NA,77.98828,2.482425,-1.482131,2449.572593,75.539969,08:30:00,4.90621,2.86505,5.94436,-47.42932,-1.28008,-10.74591,3.25872,0.5944,71.0973,-6.278418,-3.410423,0.488938,89.32387,55.040497,-12.868982,NA,NA,NA,NA,NA,84.80717,NA,NA,5.09307,-0.99386,-2.74076,50,5.07739,3.31939,-113.17329,3.43941,6.55885,22.01769,-33.45396,CAR_EAG,CAR_EAG,CarsonNewman,TeamExclusive,Team,20251017-CarsonNewman-Private-1,d11b2480-ab6c-11f0-b255-238b61f5281b,77.09044,120.30498,NA,6.89099,NA,NA,NA,1.40733,2.05446,-0.45575,a29af4ea-4bf5-43b1-9c30-16536369fbae,2025-10-17,15:20:29,2025-10-17T15:20:29Z,2025-10-17T15:20:29Z,NA,v3,CNE,CNE,NA,"Rogers, Jacob",1000215913,Right,CAR_EAG,771816a7-e51a-4bb6-b4ee-59199a45b01a,54.5588,-114.05676,11.00885,4.91245,4.78175,-16.72698,-2.86867,3.05622,3.27943,172.283296,1.40736,73.17686,-22.8532,6.36511,-0.52483,-0.78267,0.57761,-0.18707,0.0244,2.05444,107.37174,-24.21078,2.31239,-0.9316,0.78805,-0.4604,0.14447,-0.01887,-0.45575,-16.71944,1.77836,-0.28485,0.08269,-0.07069,0.04279,-0.01373,0.00182,NA,NA,NA,NA,NA,NA,NA,NA,NA,NA,NA,NA,NA,NA,NA,NA,NA,NA,NA,NA,NA,NA,High,High,High,Medium,Undefined,NA,NA,NA,22.998932,69.4729,858.943545,0.35065,06:45:00,-0.921034,0.177438,0.346717,61.929329,7.843495,29.934483,-0.506177,119.542712,-0.42524,-48.616676,0.42524,-0.750304,0.506177,49.966362,-30.409545,0.750304,-0.750304,-119.542712,30.409545,0.506177,48.616676,-49.966362,-0.506177,0.750304,0.42524,-0.42524,NA,NA,NA,NA,NA,NA,NA,NA,NA,NA,NA,NA
NA,NA,NA,NA,NA,NA,NA,NA,NA,NA,NA,NA,NA,NA,NA,NA,46,2025-10-17,11:21:11,4,1,"Culpepper, Brock",1000215907,Right,CAR_EAG,"Cochran, Carson",10085797,Right,CAR_EAG,Undefined,2,Top,2,0,0,Fastball,Changeup,FoulBallNotFieldable,Undefined,Undefined,Undefined,0,0,NA,86.66374,0.645493,-3.769985,2119.437958,253.977064,02:30:00,4.83191,2.85443,6.3054500000000004,-29.98718,6.54107,18.93438,2.929,0.95392,79.49294,-4.957663,-0.353122,0.434997,50.58766,44.627808,63.243762,5017.593205,33.85597,30.16884,104.66028,139.7859,62.48331,72.948196,3.54604,-10.8715,3.55862,-2.58628,50,4.86491,7.56572,-125.84056,0.4881,-17.509,24.49535,-26.44273,CAR_EAG,CAR_EAG,CarsonNewman,TeamExclusive,Team,20251017-CarsonNewman-Private-1,ea28de90-ab6c-11f0-b255-238b61f5281b,86.64995,43.74613,NA,7.17079,NA,NA,NA,0.59129,3.08011,-0.80706,a29af4ea-4bf5-43b1-9c30-16536369fbae,2025-10-17,15:21:11,2025-10-17T15:21:11Z,2025-10-17T15:21:11Z,Popup,v3,CNE,CNE,NA,"Rogers, Jacob",1000215913,Right,CAR_EAG,f07f5a5b-daec-4452-a4b8-61c645391fc0,54.19866,-126.65521,12.24768,4.83405,1.36752,-13.22137,-2.8475799999999998,8.14802,-8.7545,217.115093,0.59285,23.70427,-7.47966,0.96716,1.46807,-1.45561,0.59727,-0.11417,0.00835,3.07755,52.20891,-19.20227,2.75522,-1.73825,0.96804,-0.28461,0.04005,-0.00216,-0.80895,47.20361,-4.81079,1.18099,-0.43679,0.05452,0.05211,-0.02006,0.00205,NA,NA,NA,NA,NA,NA,NA,NA,NA,NA,NA,NA,NA,NA,NA,NA,NA,NA,NA,NA,NA,NA,High,High,High,High,Medium,NA,NA,NA,243.390494,18.460129,2010.380645,0.948544,02:00:00,-0.353408,-0.844453,-0.402494,59.276069,58.448079,55.207459,0.934686,159.30855,-0.332544,7.21548,0.332544,-0.125601,-0.934686,70.415378,69.17754,0.125601,0.125601,-159.30855,-69.17754,0.934686,-7.21548,-70.415378,-0.934686,-0.125601,0.332544,-0.332544,NA,NA,NA,NA,NA,NA,NA,NA,NA,NA,NA,NA
NA,NA,NA,NA,NA,NA,NA,NA,NA,NA,NA,NA,NA,NA,NA,NA,47,2025-10-17,11:21:32,4,2,"Culpepper, Brock",1000215907,Right,CAR_EAG,"Cochran, Carson",10085797,Right,CAR_EAG,Undefined,2,Top,2,0,1,Slider,Curveball,InPlay,Undefined,GroundBall,Out,1,0,NA,76.9254,2.062332,-1.943496,2493.54556,25.870809,06:45:00,4.80644,2.73271,5.93783,-57.94668,-9.46985,-5.50823,1.89278,0.46995,68.93796,-8.632678,-2.933131,0.501116,77.82869,-60.392077,-61.441717,NA,NA,NA,NA,3.50365,3.50365,-26.447828,0.020769,2.1139,-5.10811,-2.57443,50,4.93878,3.98372,-111.41911,2.192,2.57701,25.65287,-38.40127,CAR_EAG,CAR_EAG,CarsonNewman,TeamExclusive,Team,20251017-CarsonNewman-Private-1,f6f00c70-ab6c-11f0-b255-238b61f5281b,75.21694,2.0663299999999998,NA,7.98745,NA,NA,NA,2.57562,2.0663299999999998,-0.52911,a29af4ea-4bf5-43b1-9c30-16536369fbae,2025-10-17,15:21:32,2025-10-17T15:21:32Z,2025-10-17T15:21:32Z,GroundBall,v3,CNE,CNE,NA,"Rogers, Jacob",1000215913,Right,CAR_EAG,6cf8c2c6-cd00-4051-9d57-70ed4297b626,54.56378,-112.46495,12.82644,4.8175,3.75759,-19.20064,-2.7347,3.87866,1.28851,NA,2.5754,27.02706,NA,NA,NA,NA,NA,NA,NA,2.06715,-99.48891,NA,NA,NA,NA,NA,NA,NA,-0.52871,-49.65713,NA,NA,NA,NA,NA,NA,NA,NA,NA,NA,NA,NA,NA,NA,NA,NA,NA,NA,NA,NA,NA,NA,NA,NA,NA,NA,NA,NA,NA,High,High,High,Estimated,Estimated,NA,NA,NA,24.981293,61.786968,1178.826675,0.472751,06:45:00,-0.858405,0.231235,0.457899,72.837279,-1.520703,23.581724,-0.6186,119.764986,-0.390059,-43.003821,0.390059,-0.682047,0.6186,57.766481,-38.213966,0.682047,-0.682047,-119.764986,38.213966,0.6186,43.003821,-57.766481,-0.6186,0.682047,0.390059,-0.390059,NA,NA,NA,NA,NA,NA,NA,NA,NA,NA,NA,NA
NA,NA,NA,NA,NA,NA,NA,NA,NA,NA,NA,NA,NA,NA,NA,NA,48,2025-10-17,11:23:54,1,1,"Henderson, Christian",1000370202,Right,CAR_EAG,"Mutter, Evan",1000300074,Right,CAR_EAG,Undefined,2,Bottom,0,0,0,Slider,Curveball,BallCalled,Undefined,Undefined,Undefined,0,0,NA,75.31188,2.439908,0.177904,2297.418618,45.918209,07:30:00,5.75192,1.50344,4.93424,-54.14511,-3.09508,-4.82095,3.54756,1.26985,69.11199,-7.347553,-0.672409,0.514244,NA,NA,NA,NA,NA,NA,NA,NA,NA,NA,NA,2.41173,-1.6511,-1.5166,50,5.94462,-0.14302,-109.21506,2.74429,2.91727,18.96838,-34.17122,CAR_EAG,CAR_EAG,CarsonNewman,TeamExclusive,Team,20251017-CarsonNewman-Private-1,4b4a2260-ab6d-11f0-b255-238b61f5281b,73.29678,NA,NA,6.19988,NA,NA,NA,NA,NA,NA,a29af4ea-4bf5-43b1-9c30-16536369fbae,2025-10-17,15:23:54,2025-10-17T15:23:54Z,2025-10-17T15:23:54Z,NA,v3,CNE,CNE,NA,"Cochran, Carson",10085797,Right,CAR_EAG,fbebbf2d-b2cd-4dc0-85a4-b2895b3cac14,55.56798,-110.17786,9.48419,5.7613,4.47876,-17.08561,-1.50558,-0.2911,1.45864,NA,NA,NA,NA,NA,NA,NA,NA,NA,NA,NA,NA,NA,NA,NA,NA,NA,NA,NA,NA,NA,NA,NA,NA,NA,NA,NA,NA,NA,NA,NA,NA,NA,NA,NA,NA,NA,NA,NA,NA,NA,NA,NA,NA,NA,NA,NA,NA,NA,NA,High,High,High,NA,NA,NA,NA,NA,56.789689,68.991414,823.642592,0.358508,08:00:00,-0.920516,0.339421,0.193502,58.185347,58.922667,40.905851,-0.19336,155.306493,-0.891409,-24.197299,0.891409,-0.40988,0.19336,12.238689,-11.148915,0.40988,-0.40988,-155.306493,11.148915,0.19336,24.197299,-12.238689,-0.19336,0.40988,0.891409,-0.891409,NA,NA,NA,NA,NA,NA,NA,NA,NA,NA,NA,NA
NA,NA,NA,NA,NA,NA,NA,NA,NA,NA,NA,NA,NA,NA,NA,NA,49,2025-10-17,11:24:08,1,2,"Henderson, Christian",1000370202,Right,CAR_EAG,"Mutter, Evan",1000300074,Right,CAR_EAG,Undefined,2,Bottom,0,1,0,Fastball,Changeup,BallCalled,Undefined,Undefined,Undefined,0,0,NA,87.89149,-2.830981,-2.249846,1672.424135,255.605096,02:30:00,6.00802,1.03853,5.19679,-31.59632,6.42701,19.34265,0.70777,0.53298,79.11536,-8.621062,1.182342,0.443809,NA,NA,NA,NA,NA,NA,NA,NA,NA,NA,NA,-10.34107,4.61319,-0.84482,50,5.72175,4.09104,-127.0378,-7.47919,-16.53679,31.23108,-24.79691,CAR_EAG,CAR_EAG,CarsonNewman,TeamExclusive,Team,20251017-CarsonNewman-Private-1,53777cd0-ab6d-11f0-b255-238b61f5281b,84.92936,NA,NA,8.77612,NA,NA,NA,NA,NA,NA,a29af4ea-4bf5-43b1-9c30-16536369fbae,2025-10-17,15:24:08,2025-10-17T15:24:08Z,2025-10-17T15:24:08Z,NA,v3,CNE,CNE,NA,"Cochran, Carson",10085797,Right,CAR_EAG,2adab092-43b1-4670-93ea-41dbb1a3fbd2,55.30186,-128.3346,15.61554,6.01093,-6.44956,-12.39846,-1.02895,4.77769,-8.2684,NA,NA,NA,NA,NA,NA,NA,NA,NA,NA,NA,NA,NA,NA,NA,NA,NA,NA,NA,NA,NA,NA,NA,NA,NA,NA,NA,NA,NA,NA,NA,NA,NA,NA,NA,NA,NA,NA,NA,NA,NA,NA,NA,NA,NA,NA,NA,NA,NA,NA,High,High,High,NA,NA,NA,NA,NA,231.492373,27.998099,1476.688918,0.882963,01:45:00,-0.45599,-0.713283,-0.532259,-85.736462,-38.011317,78.996072,0.947918,172.346432,-0.315678,2.431263,0.315678,-0.042421,-0.947918,71.581101,71.426853,0.042421,0.042421,-172.346432,-71.426853,0.947918,-2.431263,-71.581101,-0.947918,-0.042421,0.315678,-0.315678,NA,NA,NA,NA,NA,NA,NA,NA,NA,NA,NA,NA
NA,NA,NA,NA,NA,NA,NA,NA,NA,NA,NA,NA,NA,NA,NA,NA,50,2025-10-17,11:24:24,1,3,"Henderson, Christian",1000370202,Right,CAR_EAG,"Mutter, Evan",1000300074,Right,CAR_EAG,Undefined,2,Bottom,0,2,0,Slider,Curveball,BallCalled,Undefined,Undefined,Undefined,0,0,NA,74.68573,1.3233,-1.845722,2451.135277,54.037369,07:45:00,5.73564,1.34294,5.24545,-55.82893,-4.11614,-8.01788,2.32776,-1.06046,68.34387,-8.81057,-3.267911,0.517572,NA,NA,NA,NA,NA,NA,NA,NA,NA,NA,NA,3.42555,-1.87358,-1.16722,50,5.81612,3.80214,-108.28418,0.62745,4.03606,20.2613,-34.38155,CAR_EAG,CAR_EAG,CarsonNewman,TeamExclusive,Team,20251017-CarsonNewman-Private-1,5d574230-ab6d-11f0-b255-238b61f5281b,72.82557,NA,NA,6.34187,NA,NA,NA,NA,NA,NA,a29af4ea-4bf5-43b1-9c30-16536369fbae,2025-10-17,15:24:24,2025-10-17T15:24:24Z,2025-10-17T15:24:24Z,NA,v3,CNE,CNE,NA,"Cochran, Carson",10085797,Right,CAR_EAG,29c95d49-9ece-4348-bd1a-06238d6a74a8,55.25638,-109.26328,10.13065,5.74565,2.2889,-17.19077,-1.34624,3.6071,2.01803,NA,NA,NA,NA,NA,NA,NA,NA,NA,NA,NA,NA,NA,NA,NA,NA,NA,NA,NA,NA,NA,NA,NA,NA,NA,NA,NA,NA,NA,NA,NA,NA,NA,NA,NA,NA,NA,NA,NA,NA,NA,NA,NA,NA,NA,NA,NA,NA,NA,NA,High,High,High,NA,NA,NA,NA,NA,50.108734,62.883625,1117.225769,0.455799,07:45:00,-0.871896,0.37018,0.320568,55.882882,62.541087,37.176834,-0.236953,148.90031,-0.831884,-30.120389,0.831884,-0.501819,0.236953,15.898992,-13.706754,0.501819,-0.501819,-148.90031,13.706754,0.236953,30.120389,-15.898992,-0.236953,0.501819,0.831884,-0.831884,NA,NA,NA,NA,NA,NA,NA,NA,NA,NA,NA,NA
NA,NA,NA,NA,NA,NA,NA,NA,NA,NA,NA,NA,NA,NA,NA,NA,51,2025-10-17,11:24:42,1,4,"Henderson, Christian",1000370202,Right,CAR_EAG,"Mutter, Evan",1000300074,Right,CAR_EAG,Undefined,2,Bottom,0,3,0,Fastball,Sinker,BallCalled,Walk,Undefined,Undefined,0,0,NA,87.66744,-0.855217,-0.129397,1896.812963,223.519368,01:30:00,5.98607,1.23561,5.38438,-25.75383,11.5919,9.79575,3.03819,1.93062,79.57874,-5.635654,1.613077,0.439837,NA,NA,NA,NA,NA,NA,NA,NA,NA,NA,NA,-4.98831,6.45429,-1.23132,50,5.89171,-0.14197,-127.16331,-2.8009,-8.09232,28.33256,-21.7035,CAR_EAG,CAR_EAG,CarsonNewman,TeamExclusive,Team,20251017-CarsonNewman-Private-1,67fa5790-ab6d-11f0-b255-238b61f5281b,85.69638,NA,NA,8.08869,NA,NA,NA,NA,NA,NA,a29af4ea-4bf5-43b1-9c30-16536369fbae,2025-10-17,15:24:42,2025-10-17T15:24:42Z,2025-10-17T15:24:42Z,NA,v3,CNE,CNE,NA,"Cochran, Carson",10085797,Right,CAR_EAG,40f007a1-0839-4da1-8b9d-7eec7e15f4e6,55.11668,-128.29827,14.16628,5.9865,-1.93149,-10.85175,-1.23212,0.1822,-4.04616,NA,NA,NA,NA,NA,NA,NA,NA,NA,NA,NA,NA,NA,NA,NA,NA,NA,NA,NA,NA,NA,NA,NA,NA,NA,NA,NA,NA,NA,NA,NA,NA,NA,NA,NA,NA,NA,NA,NA,NA,NA,NA,NA,NA,NA,NA,NA,NA,NA,NA,High,High,High,NA,NA,NA,NA,NA,225.871041,32.080422,1607.176167,0.847303,01:30:00,-0.523303,-0.616032,-0.588776,-25.03385,31.192904,50.019397,-0.395092,155.112991,-0.833336,-22.742613,0.833336,-0.386592,0.395092,25.366047,-23.271713,0.386592,-0.386592,-155.112991,23.271713,0.395092,22.742613,-25.366047,-0.395092,0.386592,0.833336,-0.833336,NA,NA,NA,NA,NA,NA,NA,NA,NA,NA,NA,NA
NA,NA,NA,NA,NA,NA,NA,NA,NA,NA,NA,NA,NA,NA,NA,NA,52,2025-10-17,11:25:09,2,1,"Henderson, Christian",1000370202,Right,CAR_EAG,"Bishop, Matthew",10136275,Right,CAR_EAG,Undefined,2,Bottom,0,0,0,Fastball,Changeup,InPlay,Undefined,GroundBall,Single,0,0,NA,86.45308,-1.230564,-3.456134,1949.48507,231.461917,01:45:00,6.03793,1.29077,5.77497,-24.80655,13.27969,14.95973,2.82332,-0.68268,78.13689,-5.887813,-0.781932,0.444176,100.80837,0.187237,32.666416,3614.759116,NA,NA,NA,70.6048,66.34708,36.212601,0.514759,-8.67981,7.54493,-1.0139,50,5.92127,6.92826,-125.19253,-3.48309,-13.60838,28.13547,-20.34496,CAR_EAG,CAR_EAG,CarsonNewman,TeamExclusive,Team,20251017-CarsonNewman-Private-1,77f97ef0-ab6d-11f0-b255-238b61f5281b,84.85916,2.66308,NA,8.31619,NA,NA,NA,-0.19547,2.65798,0.77821,a29af4ea-4bf5-43b1-9c30-16536369fbae,2025-10-17,15:25:09,2025-10-17T15:25:09Z,2025-10-17T15:25:09Z,GroundBall,v3,CNE,CNE,NA,"Cochran, Carson",10085797,Right,CAR_EAG,5b624608-2e9e-4534-ad34-f698894e1432,54.72486,-126.24992,14.06773,6.03781,-2.71848,-10.17248,-1.28389,7.4397,-6.80419,254.777463,-0.16274,123.60989,-24.64861,NA,NA,NA,NA,NA,NA,2.65886,0.46154,-10.93454,NA,NA,NA,NA,NA,NA,0.76962,80.0313,-0.9309,NA,NA,NA,NA,NA,NA,NA,NA,NA,NA,NA,NA,NA,NA,NA,NA,NA,NA,NA,NA,NA,NA,NA,NA,NA,NA,NA,NA,High,High,High,High,High,NA,NA,NA,226.274769,31.318243,1665.432167,0.854293,01:30:00,-0.541089,-0.628387,-0.558885,49.116901,61.604104,21.542682,-0.941661,155.002245,-0.305035,-8.176664,0.305035,-0.142226,0.941661,72.051129,-70.332377,0.142226,-0.142226,-155.002245,70.332377,0.941661,8.176664,-72.051129,-0.941661,0.142226,0.305035,-0.305035,NA,NA,NA,NA,NA,NA,NA,NA,NA,NA,NA,NA
NA,NA,NA,NA,NA,NA,NA,NA,NA,NA,NA,NA,NA,NA,NA,NA,53,2025-10-17,11:26:01,3,1,"Henderson, Christian",1000370202,Right,CAR_EAG,"Rogers, Jacob",1000215913,Right,CAR_EAG,Undefined,2,Bottom,0,0,0,Fastball,Changeup,StrikeCalled,Undefined,Undefined,Undefined,0,0,NA,86.61791,-0.968568,-2.785136,1861.784113,242.208098,02:00:00,6.08614,1.47596,5.70786,-27.62549,10.45583,17.21178,2.88041,0.31319,78.15307,-6.128007,0.29183,0.444148,NA,NA,NA,NA,NA,NA,NA,NA,NA,NA,NA,-9.60556,6.02811,-1.25311,50,5.98799,5.36613,-125.4832,-3.04288,-15.08763,28.91803,-22.70558,CAR_EAG,CAR_EAG,CarsonNewman,TeamExclusive,Team,20251017-CarsonNewman-Private-1,96ff8b00-ab6d-11f0-b255-238b61f5281b,84.86465,NA,NA,8.46484,NA,NA,NA,NA,NA,NA,a29af4ea-4bf5-43b1-9c30-16536369fbae,2025-10-17,15:26:01,2025-10-17T15:26:01Z,2025-10-17T15:26:01Z,NA,v3,CNE,CNE,NA,"Cochran, Carson",10085797,Right,CAR_EAG,c8937664-7524-4439-a419-172d9c1a1e63,54.79192,-126.5827,14.45901,6.08727,-2.17959,-11.35279,-1.46804,5.93978,-7.54382,NA,NA,NA,NA,NA,NA,NA,NA,NA,NA,NA,NA,NA,NA,NA,NA,NA,NA,NA,NA,NA,NA,NA,NA,NA,NA,NA,NA,NA,NA,NA,NA,NA,NA,NA,NA,NA,NA,NA,NA,NA,NA,NA,NA,NA,NA,NA,NA,NA,NA,High,High,High,NA,NA,NA,NA,NA,227.932102,30.35082,1606.62234,0.862948,01:30:00,-0.521903,-0.64906,-0.553478,38.159651,55.766521,12.996414,-0.93175,165.785782,-0.351983,-5.115191,0.351983,-0.089158,0.93175,69.305161,-68.709319,0.089158,-0.089158,-165.785782,68.709319,0.93175,5.115191,-69.305161,-0.93175,0.089158,0.351983,-0.351983,NA,NA,NA,NA,NA,NA,NA,NA,NA,NA,NA,NA
NA,NA,NA,NA,NA,NA,NA,NA,NA,NA,NA,NA,NA,NA,NA,NA,54,2025-10-17,11:26:21,3,2,"Henderson, Christian",1000370202,Right,CAR_EAG,"Rogers, Jacob",1000215913,Right,CAR_EAG,Undefined,2,Bottom,0,0,1,Slider,Curveball,FoulBallNotFieldable,Undefined,Undefined,Undefined,0,0,NA,74.90627,0.971049,-2.028358,2421.473449,59.732115,08:00:00,5.821,1.58243,5.10483,-55.17314,-3.37764,-8.76804,2.13889,-1.0603,68.45475,-9.019358,-3.579653,0.517985,NA,NA,NA,NA,NA,NA,NA,NA,NA,NA,NA,3.77725,-1.57347,-1.38368,50,5.86912,4.18027,-108.57764,-0.0137,4.46095,20.9079,-34.03234,CAR_EAG,CAR_EAG,CarsonNewman,TeamExclusive,Team,20251017-CarsonNewman-Private-1,a31961e0-ab6d-11f0-b255-238b61f5281b,72.76739,NA,NA,6.45153,NA,NA,NA,NA,NA,NA,a29af4ea-4bf5-43b1-9c30-16536369fbae,2025-10-17,15:26:21,2025-10-17T15:26:21Z,2025-10-17T15:26:21Z,NA,v3,CNE,CNE,NA,"Cochran, Carson",10085797,Right,CAR_EAG,d7e60e83-e86e-4dfd-8fa7-34b94a182609,55.3987,-109.6123,10.45395,5.82813,1.67043,-17.01617,-1.58508,3.95951,2.23048,NA,NA,NA,NA,NA,NA,NA,NA,NA,NA,NA,NA,NA,NA,NA,NA,NA,NA,NA,NA,NA,NA,NA,NA,NA,NA,NA,NA,NA,NA,NA,NA,NA,NA,NA,NA,NA,NA,NA,NA,NA,NA,NA,NA,NA,NA,NA,NA,NA,NA,High,High,High,NA,NA,NA,NA,NA,56.635828,66.73945,956.271401,0.394913,08:00:00,-0.904738,0.34535,0.249364,50.653942,48.476708,34.575439,-0.315806,144.536211,-0.7728,-33.401078,0.7728,-0.550496,0.315806,22.227464,-18.409486,0.550496,-0.550496,-144.536211,18.409486,0.315806,33.401078,-22.227464,-0.315806,0.550496,0.7728,-0.7728,NA,NA,NA,NA,NA,NA,NA,NA,NA,NA,NA,NA
NA,NA,NA,NA,NA,NA,NA,NA,NA,NA,NA,NA,NA,NA,NA,NA,55,2025-10-17,11:26:47,3,3,"Henderson, Christian",1000370202,Right,CAR_EAG,"Rogers, Jacob",1000215913,Right,CAR_EAG,Undefined,2,Bottom,0,0,2,Fastball,Sinker,FoulBallNotFieldable,Undefined,Undefined,Undefined,0,0,NA,89.35037,-1.550337,-3.365959,2043.952953,229.521054,01:45:00,6.08078,1.22062,5.99904,-21.5617,13.75788,14.65206,2.84449,-0.68109,80.80411,-5.62784,-0.735476,0.427739,NA,NA,NA,NA,NA,NA,NA,NA,NA,NA,NA,-8.56548,7.91489,-0.96329,50,5.94673,6.99452,-129.45259,-4.17585,-14.36762,29.92672,-18.89771,CAR_EAG,CAR_EAG,CarsonNewman,TeamExclusive,Team,20251017-CarsonNewman-Private-1,b24b9c50-ab6d-11f0-b255-238b61f5281b,88.12014,NA,NA,8.54626,NA,NA,NA,NA,NA,NA,a29af4ea-4bf5-43b1-9c30-16536369fbae,2025-10-17,15:26:47,2025-10-17T15:26:47Z,2025-10-17T15:26:47Z,NA,v3,CNE,CNE,NA,"Cochran, Carson",10085797,Right,CAR_EAG,258bd7b7-b088-479f-bdc1-44ec07ce41a4,54.50137,-130.48906,14.96336,6.08002,-3.52135,-9.44886,-1.21416,7.49213,-7.18381,NA,NA,NA,NA,NA,NA,NA,NA,NA,NA,NA,NA,NA,NA,NA,NA,NA,NA,NA,NA,NA,NA,NA,NA,NA,NA,NA,NA,NA,NA,NA,NA,NA,NA,NA,NA,NA,NA,NA,NA,NA,NA,NA,NA,NA,NA,NA,NA,NA,NA,High,High,High,NA,NA,NA,NA,NA,222.782874,31.597368,1740.93897,0.851751,01:30:00,-0.54393,-0.592492,-0.594217,26.941538,46.430065,-10.26777,-0.932662,158.082087,-0.334675,-7.738972,0.334675,-0.13466,0.932662,70.260046,-68.8537,0.13466,-0.13466,-158.082087,68.8537,0.932662,7.738972,-70.260046,-0.932662,0.13466,0.334675,-0.334675,NA,NA,NA,NA,NA,NA,NA,NA,NA,NA,NA,NA
NA,NA,NA,NA,NA,NA,NA,NA,NA,NA,NA,NA,NA,NA,NA,NA,56,2025-10-17,11:27:10,3,4,"Henderson, Christian",1000370202,Right,CAR_EAG,"Rogers, Jacob",1000215913,Right,CAR_EAG,Undefined,2,Bottom,0,0,2,Fastball,Sinker,InPlay,Undefined,GroundBall,Single,0,1,NA,89.94467,-1.451689,-3.089258,2099.619989,241.986361,02:00:00,6.01187,1.23068,5.59736,-24.91954,10.39426,17.22028,2.57758,-0.22146,81.5178,-6.090984,-0.018221,0.427704,87.16738,4.81317,27.504414,4309.850959,NA,NA,NA,110.29527,105.39407,31.816336,0.991965,-9.6952,6.0624,-0.9772,50,5.87121,6.2737,-130.31372,-4.17819,-16.50657,29.91433,-21.85248,CAR_EAG,CAR_EAG,CarsonNewman,TeamExclusive,Team,20251017-CarsonNewman-Private-1,bfe7cd70-ab6d-11f0-b255-238b61f5281b,88.12731,4.65035,NA,8.42686,NA,NA,NA,1.26141,2.57898,0.21445,a29af4ea-4bf5-43b1-9c30-16536369fbae,2025-10-17,15:27:10,2025-10-17T15:27:10Z,2025-10-17T15:27:10Z,GroundBall,v3,CNE,CNE,NA,"Cochran, Carson",10085797,Right,CAR_EAG,c9ee53fe-abe0-4978-b4f7-9a75a2c31b89,54.90437,-131.43473,14.95717,6.01244,-3.35929,-10.92624,-1.22389,6.89226,-8.25329,252.596538,1.43082,110.63854,-17.89452,NA,NA,NA,NA,NA,NA,2.60915,10.31727,-13.08139,NA,NA,NA,NA,NA,NA,0.17836,59.35326,-0.89208,NA,NA,NA,NA,NA,NA,NA,NA,NA,NA,NA,NA,NA,NA,NA,NA,NA,NA,NA,NA,NA,NA,NA,NA,NA,NA,NA,NA,High,High,High,High,High,NA,NA,NA,227.673704,32.802879,1764.813288,0.840539,01:30:00,-0.555571,-0.634955,-0.536818,58.370087,63.855631,43.176679,-0.886566,165.959811,-0.448783,-6.443794,0.448783,-0.112228,0.886566,63.151316,-62.444833,0.112228,-0.112228,-165.959811,62.444833,0.886566,6.443794,-63.151316,-0.886566,0.112228,0.448783,-0.448783,NA,NA,NA,NA,NA,NA,NA,NA,NA,NA,NA,NA
NA,NA,NA,NA,NA,NA,NA,NA,NA,NA,NA,NA,NA,NA,NA,NA,57,2025-10-17,11:29:59,4,1,"Roberts, Braxton",10050666,Right,CAR_EAG,"Gibson, Aiden",10011511,Right,CAR_EAG,Undefined,2,Bottom,0,0,0,Fastball,Changeup,BallinDirt,Undefined,Undefined,Undefined,0,0,NA,81.86062,-3.881403,-6.767391,1908.712755,223.721776,01:30:00,6.23862,1.92742,5.71341,-26.95549,15.84375,13.74186,0.34527,-3.26174,74.848,-8.871168,-4.333792,0.470857,NA,NA,NA,NA,NA,NA,NA,NA,NA,NA,NA,-8.90697,9.60567,-1.36692,50,5.89436,13.43301,-117.78625,-8.86716,-12.48587,22.82376,-18.70873,CAR_EAG,CAR_EAG,CarsonNewman,TeamExclusive,Team,20251017-CarsonNewman-Private-1,2514ae70-ab6e-11f0-b255-238b61f5281b,80.05064,NA,NA,7.01262,NA,NA,NA,NA,NA,NA,a29af4ea-4bf5-43b1-9c30-16536369fbae,2025-10-17,15:29:59,2025-10-17T15:29:59Z,2025-10-17T15:29:59Z,NA,v3,CNE,CNE,NA,"Cochran, Carson",10085797,Right,CAR_EAG,0b62a831-ef08-4074-ba3c-5cd19ed9b67c,54.78744,-118.7103,11.41188,6.23803,-8.10971,-9.35436,-1.921,13.93852,-6.24294,NA,NA,NA,NA,NA,NA,NA,NA,NA,NA,NA,NA,NA,NA,NA,NA,NA,NA,NA,NA,NA,NA,NA,NA,NA,NA,NA,NA,NA,NA,NA,NA,NA,NA,NA,NA,NA,NA,NA,NA,NA,NA,NA,NA,NA,NA,NA,NA,NA,NA,High,High,High,NA,NA,NA,NA,NA,220.483834,-9.569099,1882.15461,0.986086,01:15:00,0.119354,-0.627479,-0.769432,-36.407713,-15.645779,-13.606401,0.013878,177.324037,-0.998813,2.675704,0.998813,-0.046683,-0.013878,0.796042,0.795174,0.046683,0.046683,-177.324037,-0.795174,0.013878,-2.675704,-0.796042,-0.013878,-0.046683,0.998813,-0.998813,NA,NA,NA,NA,NA,NA,NA,NA,NA,NA,NA,NA
NA,NA,NA,NA,NA,NA,NA,NA,NA,NA,NA,NA,NA,NA,NA,NA,58,2025-10-17,11:30:29,4,2,"Roberts, Braxton",10050666,Right,CAR_EAG,"Gibson, Aiden",10011511,Right,CAR_EAG,Undefined,2,Bottom,0,1,0,Fastball,Changeup,BallCalled,Undefined,Undefined,Undefined,0,0,NA,79.6084,-0.916024,-6.351049,1749.173465,223.128466,01:30:00,6.21419,2.16903,5.39886,-28.82923,16.87721,14.30965,2.94794,-2.61482,72.23414,-6.271825,-3.830607,0.486587,NA,NA,NA,NA,NA,NA,NA,NA,NA,NA,NA,-9.03123,9.20693,-1.61052,50,6.11217,12.19312,-114.77007,-2.73776,-11.97736,22.37187,-19.96369,CAR_EAG,CAR_EAG,CarsonNewman,TeamExclusive,Team,20251017-CarsonNewman-Private-1,36f2a7f0-ab6e-11f0-b255-238b61f5281b,77.46295,NA,NA,7.37426,NA,NA,NA,NA,NA,NA,a29af4ea-4bf5-43b1-9c30-16536369fbae,2025-10-17,15:30:29,2025-10-17T15:30:29Z,2025-10-17T15:30:29Z,NA,v3,CNE,CNE,NA,"Cochran, Carson",10085797,Right,CAR_EAG,3d206443-e466-4b1f-b101-a76eee83648c,55.10066,-115.76006,11.18593,6.21377,-1.85433,-9.98184,-2.16181,12.72314,-5.98868,NA,NA,NA,NA,NA,NA,NA,NA,NA,NA,NA,NA,NA,NA,NA,NA,NA,NA,NA,NA,NA,NA,NA,NA,NA,NA,NA,NA,69.33597,1.662576,0.648806,1.01377,-0.80795,2.6979,2.76174,-0.53033,5.12285,3.64189,65.60711,6.6849,-59.19279,-0.51826,69.00689,-3.7414,5.16124,16.61483,-14.94888,3.56545,-71.49538,9.53917,High,High,High,NA,NA,High,High,High,223.628888,-10.085882,1722.142371,0.984546,01:30:00,0.105989,-0.676435,-0.728836,-46.745547,-4.826141,-5.618707,0.085153,173.687813,-0.990327,6.289168,0.990327,-0.109546,-0.085153,4.914472,4.884823,0.109546,0.109546,-173.687813,-4.884823,0.085153,-6.289168,-4.914472,-0.085153,-0.109546,0.990327,-0.990327,NA,NA,NA,NA,NA,NA,NA,NA,NA,NA,NA,NA
NA,NA,NA,NA,NA,NA,NA,NA,NA,NA,NA,NA,NA,NA,NA,NA,59,2025-10-17,11:30:51,4,3,"Roberts, Braxton",10050666,Right,CAR_EAG,"Gibson, Aiden",10011511,Right,CAR_EAG,Undefined,2,Bottom,0,2,0,Fastball,Changeup,FoulBallNotFieldable,Undefined,Undefined,Undefined,0,0,NA,82.14284,-2.706148,-3.669843,1890.868778,212.800791,01:00:00,6.26676,1.83227,5.45318,-23.68383,19.03497,11.28016,1.75253,-0.6681,74.52174,-7.140403,-1.666684,0.470415,NA,NA,NA,NA,NA,NA,NA,NA,NA,NA,NA,-6.79811,10.85564,-1.51598,50,6.01147,7.15137,-118.76511,-6.34548,-9.61762,24.75964,-16.81607,CAR_EAG,CAR_EAG,CarsonNewman,TeamExclusive,Team,20251017-CarsonNewman-Private-1,43a4a020-ab6e-11f0-b255-238b61f5281b,80.12597,NA,NA,7.6211,NA,NA,NA,NA,NA,NA,a29af4ea-4bf5-43b1-9c30-16536369fbae,2025-10-17,15:30:51,2025-10-17T15:30:51Z,2025-10-17T15:30:51Z,NA,v3,CNE,CNE,NA,"Cochran, Carson",10085797,Right,CAR_EAG,0cb76efb-ae0e-4760-945d-538c9ef3cd31,55.04636,-119.81254,12.37982,6.26486,-5.6341,-8.40804,-1.82712,7.55823,-4.80881,NA,NA,NA,NA,NA,NA,NA,NA,NA,NA,NA,NA,NA,NA,NA,NA,NA,NA,NA,NA,NA,NA,NA,NA,NA,NA,NA,NA,NA,NA,NA,NA,NA,NA,NA,NA,NA,NA,NA,NA,NA,NA,NA,NA,NA,NA,NA,NA,NA,NA,High,High,High,NA,NA,NA,NA,NA,215.701609,-6.38814,1879.128321,0.993791,01:15:00,0.086581,-0.574041,-0.814236,-39.300556,1.285314,-6.918073,0.080477,169.964599,-0.981506,10.002516,0.981506,-0.173691,-0.080477,4.687417,4.616013,0.173691,0.173691,-169.964599,-4.616013,0.080477,-10.002516,-4.687417,-0.080477,-0.173691,0.981506,-0.981506,NA,NA,NA,NA,NA,NA,NA,NA,NA,NA,NA,NA
NA,NA,NA,NA,NA,NA,NA,NA,NA,NA,NA,NA,NA,NA,NA,NA,60,2025-10-17,11:31:11,4,4,"Roberts, Braxton",10050666,Right,CAR_EAG,"Gibson, Aiden",10011511,Right,CAR_EAG,Undefined,2,Bottom,0,2,1,Splitter,Changeup,BallCalled,Undefined,Undefined,Undefined,0,0,NA,72.76972,-0.961729,-1.364199,2371.069799,252.747631,02:30:00,6.18733,2.00923,5.41565,-49.79952,5.35914,10.18457,1.13604,1.57966,65.52908,-10.1038,0.452099,0.534537,NA,NA,NA,NA,NA,NA,NA,NA,NA,NA,NA,-5.59457,3.68374,-1.89521,50,6.06775,2.12728,-105.30814,-3.29842,-6.10912,22.48065,-28.15151,CAR_EAG,CAR_EAG,CarsonNewman,TeamExclusive,Team,20251017-CarsonNewman-Private-1,50291fb0-ab6e-11f0-b255-238b61f5281b,70.51412,NA,NA,7.24064,NA,NA,NA,NA,NA,NA,a29af4ea-4bf5-43b1-9c30-16536369fbae,2025-10-17,15:31:11,2025-10-17T15:31:11Z,2025-10-17T15:31:11Z,NA,v3,CNE,CNE,NA,"Cochran, Carson",10085797,Right,CAR_EAG,8f9bbdd2-7ae9-464c-a5d1-e97705fa8c93,55.08205,-106.3875,11.24033,6.19366,-1.94678,-14.07576,-2.00439,2.4206,-3.05456,NA,NA,NA,NA,NA,NA,NA,NA,NA,NA,NA,NA,NA,NA,NA,NA,NA,NA,NA,NA,NA,NA,NA,NA,NA,NA,NA,NA,NA,NA,NA,NA,NA,NA,NA,NA,NA,NA,NA,NA,NA,NA,NA,NA,NA,NA,NA,NA,NA,NA,High,High,High,NA,NA,NA,NA,NA,267.44797,-24.302748,2160.953979,0.911384,03:00:00,0.425695,-0.903444,-0.05073,85.015894,44.431423,72.830686,0.491077,135.656688,-0.622992,37.507997,0.622992,-0.608872,-0.491077,38.247139,29.411364,0.608872,0.608872,-135.656688,-29.411364,0.491077,-37.507997,-38.247139,-0.491077,-0.608872,0.622992,-0.622992,NA,NA,NA,NA,NA,NA,NA,NA,NA,NA,NA,NA
NA,NA,NA,NA,NA,NA,NA,NA,NA,NA,NA,NA,NA,NA,NA,NA,61,2025-10-17,11:31:34,4,5,"Roberts, Braxton",10050666,Right,CAR_EAG,"Gibson, Aiden",10011511,Right,CAR_EAG,Undefined,2,Bottom,0,3,1,Splitter,Splitter,BallCalled,Walk,Undefined,Undefined,0,0,NA,73.73923,1.038948,-2.14252,783.59444,245.476238,02:15:00,6.19538,1.94686,5.29629,-45.99069,8.10733,12.97768,3.33911,1.01572,65.80415,-7.46635,0.160678,0.529373,NA,NA,NA,NA,NA,NA,NA,NA,NA,NA,NA,-7.16134,4.36457,-1.76131,50,6.25755,3.47183,-106.57986,0.4899,-8.00681,23.09203,-27.29417,CAR_EAG,CAR_EAG,CarsonNewman,TeamExclusive,Team,20251017-CarsonNewman-Private-1,5d5f6310-ab6e-11f0-b255-238b61f5281b,71.20199,NA,NA,7.93507,NA,NA,NA,NA,NA,NA,a29af4ea-4bf5-43b1-9c30-16536369fbae,2025-10-17,15:31:34,2025-10-17T15:31:34Z,2025-10-17T15:31:34Z,NA,v3,CNE,CNE,NA,"Cochran, Carson",10085797,Right,CAR_EAG,d6ae05b5-fea3-4e59-b534-e313cb9f7950,55.19828,-107.70025,11.54602,6.20165,1.81417,-13.64709,-1.93918,3.86031,-4.00341,NA,NA,NA,NA,NA,NA,NA,NA,NA,NA,NA,NA,NA,NA,NA,NA,NA,NA,NA,NA,NA,NA,NA,NA,NA,NA,NA,NA,NA,NA,NA,NA,NA,NA,NA,NA,NA,NA,NA,NA,NA,NA,NA,NA,NA,NA,NA,NA,NA,NA,High,High,High,NA,NA,NA,NA,NA,262.391474,-24.926341,710.602897,0.90685,02:45:00,0.400313,-0.90636,-0.135131,-84.25113,-42.632988,69.87528,0.450663,136.338276,-0.645801,38.047572,0.645801,-0.616316,-0.450663,34.908707,26.786205,0.616316,0.616316,-136.338276,-26.786205,0.450663,-38.047572,-34.908707,-0.450663,-0.616316,0.645801,-0.645801,NA,NA,NA,NA,NA,NA,NA,NA,NA,NA,NA,NA
NA,NA,NA,NA,NA,NA,NA,NA,NA,NA,NA,NA,NA,NA,NA,NA,62,2025-10-17,11:32:02,5,1,"Roberts, Braxton",10050666,Right,CAR_EAG,"Wyatt, Jack",10013525,Right,CAR_EAG,Undefined,2,Bottom,0,0,0,Fastball,Changeup,BallCalled,Undefined,Undefined,Undefined,0,0,NA,81.44792,-2.028988,-4.324384,1873.775457,216.952659,01:15:00,6.21793,1.88765,5.72935,-27.07659,16.24434,10.99048,2.06562,-1.23175,73.40802,-7.111418,-2.36499,0.473718,NA,NA,NA,NA,NA,NA,NA,NA,NA,NA,NA,-7.11595,9.41162,-1.53342,50,6.03179,8.4817,-117.73395,-4.98771,-9.80409,26.18949,-19.20707,CAR_EAG,CAR_EAG,CarsonNewman,TeamExclusive,Team,20251017-CarsonNewman-Private-1,6e493890-ab6e-11f0-b255-238b61f5281b,79.56717,NA,NA,8.0399,NA,NA,NA,NA,NA,NA,a29af4ea-4bf5-43b1-9c30-16536369fbae,2025-10-17,15:32:02,2025-10-17T15:32:02Z,2025-10-17T15:32:02Z,NA,v3,CNE,CNE,NA,"Cochran, Carson",10085797,Right,CAR_EAG,03f1a53b-a7f8-4ef4-b965-4d395526b2c2,54.77223,-118.79077,13.09475,6.21742,-4.21265,-9.60353,-1.88366,8.87732,-4.90204,NA,NA,NA,NA,NA,NA,NA,NA,NA,NA,NA,NA,NA,NA,NA,NA,NA,NA,NA,NA,NA,NA,NA,NA,NA,NA,NA,NA,NA,NA,NA,NA,NA,NA,NA,NA,NA,NA,NA,NA,NA,NA,NA,NA,NA,NA,NA,NA,NA,NA,High,High,High,NA,NA,NA,NA,NA,217.914593,-12.456805,1829.664725,0.976459,01:15:00,0.178051,-0.592007,-0.786019,-30.673799,-13.791724,-21.085615,0.015166,169.590754,-0.983429,10.408035,0.983429,-0.180657,-0.015166,0.883547,0.869008,0.180657,0.180657,-169.590754,-0.869008,0.015166,-10.408035,-0.883547,-0.015166,-0.180657,0.983429,-0.983429,NA,NA,NA,NA,NA,NA,NA,NA,NA,NA,NA,NA
NA,NA,NA,NA,NA,NA,NA,NA,NA,NA,NA,NA,NA,NA,NA,NA,63,2025-10-17,11:32:23,5,2,"Roberts, Braxton",10050666,Right,CAR_EAG,"Wyatt, Jack",10013525,Right,CAR_EAG,Undefined,2,Bottom,0,1,0,Splitter,Curveball,StrikeCalled,Undefined,Undefined,Undefined,0,0,NA,71.80644,1.796766,-2.366818,2693.934792,309.155148,04:15:00,6.17355,1.98643,5.23957,-59.23692,-2.80811,5.92587,2.92796,0.25437,65.15396,-8.993816,-1.315943,0.540657,NA,NA,NA,NA,NA,NA,NA,NA,NA,NA,NA,-3.69201,-1.29658,-1.77311,50,6.29544,4.07131,-103.95094,1.35521,-3.97954,19.85013,-33.5716,CAR_EAG,CAR_EAG,CarsonNewman,TeamExclusive,Team,20251017-CarsonNewman-Private-1,7a71b570-ab6e-11f0-b255-238b61f5281b,69.71599,NA,NA,6.65248,NA,NA,NA,NA,NA,NA,a29af4ea-4bf5-43b1-9c30-16536369fbae,2025-10-17,15:32:23,2025-10-17T15:32:23Z,2025-10-17T15:32:23Z,NA,v3,CNE,CNE,NA,"Cochran, Carson",10085797,Right,CAR_EAG,d2fb3135-bf12-415c-9fef-6c35cc17b7ce,55.2605,-104.95066,9.92507,6.18461,3.04599,-16.7858,-1.9832,4.27174,-1.98977,NA,NA,NA,NA,NA,NA,NA,NA,NA,NA,NA,NA,NA,NA,NA,NA,NA,NA,NA,NA,NA,NA,NA,NA,NA,NA,NA,NA,NA,NA,NA,NA,NA,NA,NA,NA,NA,NA,NA,NA,NA,NA,NA,NA,NA,NA,NA,NA,NA,NA,High,High,High,NA,NA,NA,NA,NA,277.861596,-9.098009,2660.04321,0.987419,03:15:00,0.132846,-0.982616,0.129684,-77.921248,-43.911575,62.361247,0.759974,130.690359,-0.42375,29.526295,0.42375,-0.492823,-0.759974,60.856618,49.461946,0.492823,0.492823,-130.690359,-49.461946,0.759974,-29.526295,-60.856618,-0.759974,-0.492823,0.42375,-0.42375,NA,NA,NA,NA,NA,NA,NA,NA,NA,NA,NA,NA
NA,NA,NA,NA,NA,NA,NA,NA,NA,NA,NA,NA,NA,NA,NA,NA,64,2025-10-17,11:32:42,5,3,"Roberts, Braxton",10050666,Right,CAR_EAG,"Wyatt, Jack",10013525,Right,CAR_EAG,Undefined,2,Bottom,0,1,1,Fastball,Changeup,FoulBallNotFieldable,Undefined,Undefined,Undefined,0,0,NA,82.07683,-2.15233,-3.999735,1900.557258,223.188519,01:30:00,6.20385,1.84433,5.68644,-25.4945,17.08828,14.5602,2.06723,-0.67662,74.12151,-6.943442,-1.403571,0.469665,NA,NA,NA,NA,NA,NA,NA,NA,NA,NA,NA,-8.81378,9.8454,-1.51689,50,6.00656,7.7376,-118.71746,-5.23496,-12.38209,26.04006,-18.34269,CAR_EAG,CAR_EAG,CarsonNewman,TeamExclusive,Team,20251017-CarsonNewman-Private-1,86071a10-ab6e-11f0-b255-238b61f5281b,80.25381,NA,NA,7.95533,NA,NA,NA,NA,NA,NA,a29af4ea-4bf5-43b1-9c30-16536369fbae,2025-10-17,15:32:42,2025-10-17T15:32:42Z,2025-10-17T15:32:42Z,NA,v3,CNE,CNE,NA,"Cochran, Carson",10085797,Right,CAR_EAG,1ce80521-1e00-4140-85ee-695f59de0a17,54.81584,-119.76913,13.02003,6.20302,-4.49416,-9.17134,-1.83949,8.23767,-6.19104,NA,NA,NA,NA,NA,NA,NA,NA,NA,NA,NA,NA,NA,NA,NA,NA,NA,NA,NA,NA,NA,NA,NA,NA,NA,NA,NA,NA,NA,NA,NA,NA,NA,NA,NA,NA,NA,NA,NA,NA,NA,NA,NA,NA,NA,NA,NA,NA,NA,NA,High,High,High,NA,NA,NA,NA,NA,218.939787,-9.958026,1871.924796,0.984935,01:15:00,0.14214,-0.612104,-0.777898,-32.850351,-17.90771,-22.378244,0.032143,173.781983,-0.993603,6.214791,0.993603,-0.108256,-0.032143,1.852896,1.842003,0.108256,0.108256,-173.781983,-1.842003,0.032143,-6.214791,-1.852896,-0.032143,-0.108256,0.993603,-0.993603,NA,NA,NA,NA,NA,NA,NA,NA,NA,NA,NA,NA
NA,NA,NA,NA,NA,NA,NA,NA,NA,NA,NA,NA,NA,NA,NA,NA,65,2025-10-17,11:33:06,5,4,"Roberts, Braxton",10050666,Right,CAR_EAG,"Wyatt, Jack",10013525,Right,CAR_EAG,Undefined,2,Bottom,0,1,2,Splitter,Splitter,InPlay,Undefined,FlyBall,Out,1,1,NA,72.08762,1.275746,-1.719475,764.146023,328.48212,05:00:00,6.19906,2.0707,5.28411,-60.73551,-4.70386,4.14492,2.33662,0.8008,65.33993,-9.784679,-0.982722,0.538751,84.57235,30.573182,-8.392278,3315.181937,107.93791,55.87575,-21.19921,293.05907,291.85704,-14.956848,4.446258,-2.66311,-2.26047,-1.91705,50,6.27083,2.98262,-104.42525,0.39534,-2.88207,20.85093,-34.62035,CAR_EAG,CAR_EAG,CarsonNewman,TeamExclusive,Team,20251017-CarsonNewman-Private-1,941d3620-ab6e-11f0-b255-238b61f5281b,69.96262,66.78929,NA,6.74769,NA,NA,NA,1.90591,2.55678,-0.76874,a29af4ea-4bf5-43b1-9c30-16536369fbae,2025-10-17,15:33:06,2025-10-17T15:33:06Z,2025-10-17T15:33:06Z,FlyBall,v3,CNE,CNE,NA,"Cochran, Carson",10085797,Right,CAR_EAG,62f2ac81-c932-4693-8b0b-93e741d1c907,55.21803,-105.462,10.42547,6.20838,2.11675,-17.31017,-2.06891,3.12593,-1.44104,158.558826,1.90555,105.6624,-20.41263,4.94459,-1.16738,0.28391,-0.05958,0.00796,-4.6e-4,2.55797,63.06043,-16.72633,0.45673,0.28067,-0.1859,0.05513,-0.00794,4.4e-4,-0.7685,-15.59305,-1.42661,0.61469,-0.14589,0.01664,8.4e-4,-4.2e-4,3e-5,NA,NA,NA,NA,NA,NA,NA,NA,NA,NA,NA,NA,NA,NA,NA,NA,NA,NA,NA,NA,NA,NA,High,High,High,High,High,NA,NA,NA,280.247286,-17.106437,730.340183,0.95576,03:15:00,0.278114,-0.946831,0.161755,-89.475206,-44.862326,66.219855,0.652606,146.294586,-0.63033,24.863865,0.63033,-0.420464,-0.652606,45.994768,40.738386,0.420464,0.420464,-146.294586,-40.738386,0.652606,-24.863865,-45.994768,-0.652606,-0.420464,0.63033,-0.63033,NA,NA,NA,NA,NA,NA,NA,NA,NA,NA,NA,NA
NA,NA,NA,NA,NA,NA,NA,NA,NA,NA,NA,NA,NA,NA,NA,NA,66,2025-10-17,11:33:51,6,1,"Roberts, Braxton",10050666,Right,CAR_EAG,"Nathan, Cole",1000323259,Right,CAR_EAG,Undefined,2,Bottom,1,0,0,Splitter,Splitter,BallCalled,Undefined,Undefined,Undefined,0,0,NA,73.37401,1.533699,-4.252174,753.053879,292.107888,03:45:00,6.23788,2.03677,5.3661,-53.40775,0.62642,3.26685,3.22972,-1.68564,66.40663,-8.229214,-3.673906,0.529061,NA,NA,NA,NA,NA,NA,NA,NA,NA,NA,NA,-3.00103,0.46469,-1.65668,50,6.33866,7.75746,-106.01875,1.14002,-3.36221,20.77229,-31.65344,CAR_EAG,CAR_EAG,CarsonNewman,TeamExclusive,Team,20251017-CarsonNewman-Private-1,af303610-ab6e-11f0-b255-238b61f5281b,71.24405,NA,NA,6.96738,NA,NA,NA,NA,NA,NA,a29af4ea-4bf5-43b1-9c30-16536369fbae,2025-10-17,15:33:51,2025-10-17T15:33:51Z,2025-10-17T15:33:51Z,NA,v3,CNE,CNE,NA,"Cochran, Carson",10085797,Right,CAR_EAG,b5393b90-dad4-41f4-a039-669ede521880,55.13262,-107.01966,10.38615,6.24698,2.66524,-15.82672,-2.03438,7.91947,-1.68111,NA,NA,NA,NA,NA,NA,NA,NA,NA,NA,NA,NA,NA,NA,NA,NA,NA,NA,NA,NA,NA,NA,NA,NA,NA,NA,NA,NA,NA,NA,NA,NA,NA,NA,NA,NA,NA,NA,NA,NA,NA,NA,NA,NA,NA,NA,NA,NA,NA,NA,High,High,High,NA,NA,NA,NA,NA,282.225128,-17.701983,717.397498,0.952651,03:30:00,0.293227,-0.938853,0.180482,-81.684878,-48.280462,65.494635,0.75495,147.47381,-0.55292,20.646675,0.55292,-0.352604,-0.75495,53.781255,49.021044,0.352604,0.352604,-147.47381,-49.021044,0.75495,-20.646675,-53.781255,-0.75495,-0.352604,0.55292,-0.55292,NA,NA,NA,NA,NA,NA,NA,NA,NA,NA,NA,NA
NA,NA,NA,NA,NA,NA,NA,NA,NA,NA,NA,NA,NA,NA,NA,NA,67,2025-10-17,11:34:13,6,2,"Roberts, Braxton",10050666,Right,CAR_EAG,"Nathan, Cole",1000323259,Right,CAR_EAG,Undefined,2,Bottom,1,1,0,Fastball,Changeup,StrikeCalled,Undefined,Undefined,Undefined,0,0,NA,81.45896,-2.356342,-3.186212,1818.803839,215.110652,01:15:00,6.1863,1.94969,5.62907,-25.58344,17.49194,11.22323,1.85095,-0.09124,73.96373,-7.145088,-1.1846,0.472374,NA,NA,NA,NA,NA,NA,NA,NA,NA,NA,NA,-6.60733,10.01941,-1.68513,50,5.96905,6.10251,-117.88383,-5.62416,-9.2151,24.26748,-18.20021,CAR_EAG,CAR_EAG,CarsonNewman,TeamExclusive,Team,20251017-CarsonNewman-Private-1,bc71c410-ab6e-11f0-b255-238b61f5281b,79.79367,NA,NA,7.49523,NA,NA,NA,NA,NA,NA,a29af4ea-4bf5-43b1-9c30-16536369fbae,2025-10-17,15:34:13,2025-10-17T15:34:13Z,2025-10-17T15:34:13Z,NA,v3,CNE,CNE,NA,"Cochran, Carson",10085797,Right,CAR_EAG,689183e1-2508-450e-b80c-72b84783b6e6,54.86904,-118.88194,12.13374,6.18497,-4.87559,-9.10011,-1.94391,6.48152,-4.60755,NA,NA,NA,NA,NA,NA,NA,NA,NA,NA,NA,NA,NA,NA,NA,NA,NA,NA,NA,NA,NA,NA,NA,NA,NA,NA,NA,NA,NA,NA,NA,NA,NA,NA,NA,NA,NA,NA,NA,NA,NA,NA,NA,NA,NA,NA,NA,NA,NA,NA,High,High,High,NA,NA,NA,NA,NA,216.694091,-1.90469,1817.798948,0.999447,01:15:00,0.013131,-0.595341,-0.803366,-35.460444,-9.78636,-11.271501,0.001555,179.439418,-0.999951,0.560581,0.999951,-0.009784,-0.001555,0.089085,0.089081,0.009784,0.009784,-179.439418,-0.089081,0.001555,-0.560581,-0.089085,-0.001555,-0.009784,0.999951,-0.999951,NA,NA,NA,NA,NA,NA,NA,NA,NA,NA,NA,NA
NA,NA,NA,NA,NA,NA,NA,NA,NA,NA,NA,NA,NA,NA,NA,NA,68,2025-10-17,11:34:33,6,3,"Roberts, Braxton",10050666,Right,CAR_EAG,"Nathan, Cole",1000323259,Right,CAR_EAG,Undefined,2,Bottom,1,1,1,Splitter,Changeup,BallCalled,Undefined,Undefined,Undefined,0,0,NA,72.34437,-1.473715,-1.75254,869.214658,249.45902,02:15:00,6.17736,1.9553,5.39874,-48.70211,6.70158,12.3604,0.73682,1.34244,65.73814,-10.380842,0.451133,0.535724,NA,NA,NA,NA,NA,NA,NA,NA,NA,NA,NA,-6.80386,4.45378,-1.80793,50,6.01204,2.75311,-104.76106,-4.18018,-7.4181,20.82419,-27.31819,CAR_EAG,CAR_EAG,CarsonNewman,TeamExclusive,Team,20251017-CarsonNewman-Private-1,c8992f80-ab6e-11f0-b255-238b61f5281b,70.358,NA,NA,6.60624,NA,NA,NA,NA,NA,NA,a29af4ea-4bf5-43b1-9c30-16536369fbae,2025-10-17,15:34:33,2025-10-17T15:34:33Z,2025-10-17T15:34:33Z,NA,v3,CNE,CNE,NA,"Cochran, Carson",10085797,Right,CAR_EAG,cb1a3d16-2038-4e18-94f3-ea6efb1a60da,55.10089,-105.77014,10.4121,6.18253,-2.85641,-13.65909,-1.95005,3.11257,-3.70905,NA,NA,NA,NA,NA,NA,NA,NA,NA,NA,NA,NA,NA,NA,NA,NA,NA,NA,NA,NA,NA,NA,NA,NA,NA,NA,NA,NA,NA,NA,NA,NA,NA,NA,NA,NA,NA,NA,NA,NA,NA,NA,NA,NA,NA,NA,NA,NA,NA,NA,High,High,High,NA,NA,NA,NA,NA,267.199098,-28.165598,766.288363,0.881587,03:00:00,0.492962,-0.868103,-0.058183,79.663674,46.862357,63.704709,0.340198,141.200347,-0.732857,36.102013,0.732857,-0.589225,-0.340198,24.901135,19.888967,0.589225,0.589225,-141.200347,-19.888967,0.340198,-36.102013,-24.901135,-0.340198,-0.589225,0.732857,-0.732857,NA,NA,NA,NA,NA,NA,NA,NA,NA,NA,NA,NA
NA,NA,NA,NA,NA,NA,NA,NA,NA,NA,NA,NA,NA,NA,NA,NA,69,2025-10-17,11:35:17,6,4,"Roberts, Braxton",10050666,Right,CAR_EAG,"Nathan, Cole",1000323259,Right,CAR_EAG,Undefined,2,Bottom,1,2,1,Fastball,Changeup,BallCalled,Undefined,Undefined,Undefined,0,0,NA,83.48904,-0.238841,-3.45489,1931.400936,218.645807,01:15:00,6.23686,1.88702,5.55514,-26.7245,14.43115,10.37205,3.78623,-0.48085,75.43897,-5.239878,-1.609607,0.461728,NA,NA,NA,NA,NA,NA,NA,NA,NA,NA,NA,-6.25685,7.78457,-1.59471,50,6.19889,6.85336,-120.84762,-1.3551,-9.15293,25.92274,-20.78627,CAR_EAG,CAR_EAG,CarsonNewman,TeamExclusive,Team,20251017-CarsonNewman-Private-1,e23287c0-ab6e-11f0-b255-238b61f5281b,81.63343,NA,NA,8.05007,NA,NA,NA,NA,NA,NA,a29af4ea-4bf5-43b1-9c30-16536369fbae,2025-10-17,15:35:17,2025-10-17T15:35:17Z,2025-10-17T15:35:17Z,NA,v3,CNE,CNE,NA,"Cochran, Carson",10085797,Right,CAR_EAG,378be5c6-a2a0-4c69-abdd-7ab4a1e13375,54.94254,-121.90322,12.96137,6.23683,-0.50866,-10.39313,-1.88138,7.22608,-4.57647,NA,NA,NA,NA,NA,NA,NA,NA,NA,NA,NA,NA,NA,NA,NA,NA,NA,NA,NA,NA,NA,NA,NA,NA,NA,NA,NA,NA,NA,NA,NA,NA,NA,NA,NA,NA,NA,NA,NA,NA,NA,NA,NA,NA,NA,NA,NA,NA,NA,NA,High,High,High,NA,NA,NA,NA,NA,218.842457,-12.028655,1888.994129,0.978043,01:15:00,0.164666,-0.612536,-0.7731,-38.620653,-7.065693,-12.985688,0.064813,168.407146,-0.977541,11.568142,0.977541,-0.200533,-0.064813,3.793266,3.716103,0.200533,0.200533,-168.407146,-3.716103,0.064813,-11.568142,-3.793266,-0.064813,-0.200533,0.977541,-0.977541,NA,NA,NA,NA,NA,NA,NA,NA,NA,NA,NA,NA
NA,NA,NA,NA,NA,NA,NA,NA,NA,NA,NA,NA,NA,NA,NA,NA,70,2025-10-17,11:35:35,6,5,"Roberts, Braxton",10050666,Right,CAR_EAG,"Nathan, Cole",1000323259,Right,CAR_EAG,Undefined,2,Bottom,1,3,1,Fastball,Changeup,FoulBallNotFieldable,Undefined,Undefined,Undefined,0,0,NA,81.76124,-1.105838,-3.098536,1806.985264,213.804909,01:15:00,6.21114,1.86108,5.7465,-25.4995,17.01434,10.391540000000001,3.05493,-0.16073,74.10143,-5.902993,-1.241812,0.469285,NA,NA,NA,NA,NA,NA,NA,NA,NA,NA,NA,-6.26048,9.43957,-1.60979,50,6.10373,6.00323,-118.4596,-3.04284,-8.80508,24.78411,-18.89767,CAR_EAG,CAR_EAG,CarsonNewman,TeamExclusive,Team,20251017-CarsonNewman-Private-1,ed212510-ab6e-11f0-b255-238b61f5281b,80.3189,NA,NA,7.65981,NA,NA,NA,NA,NA,NA,a29af4ea-4bf5-43b1-9c30-16536369fbae,2025-10-17,15:35:35,2025-10-17T15:35:35Z,2025-10-17T15:35:35Z,NA,v3,CNE,CNE,NA,"Cochran, Carson",10085797,Right,CAR_EAG,427f7941-52f3-4fb5-85ae-4f3651a647e8,54.75382,-119.45005,12.39205,6.21025,-2.28763,-9.44884,-1.85673,6.35511,-4.40254,NA,NA,NA,NA,NA,NA,NA,NA,NA,NA,NA,NA,NA,NA,NA,NA,NA,NA,NA,NA,NA,NA,NA,NA,NA,NA,NA,NA,NA,NA,NA,NA,NA,NA,NA,NA,NA,NA,NA,NA,NA,NA,NA,NA,NA,NA,NA,NA,NA,NA,High,High,High,NA,NA,NA,NA,NA,218.059886,-6.974931,1793.612449,0.992599,01:15:00,0.090783,-0.609465,-0.787598,-34.930335,-16.302439,-23.460951,0.056371,174.738434,-0.994203,5.253176,0.994203,-0.091557,-0.056371,3.245184,3.231539,0.091557,0.091557,-174.738434,-3.231539,0.056371,-5.253176,-3.245184,-0.056371,-0.091557,0.994203,-0.994203,NA,NA,NA,NA,NA,NA,NA,NA,NA,NA,NA,NA
NA,NA,NA,NA,NA,NA,NA,NA,NA,NA,NA,NA,NA,NA,NA,NA,71,2025-10-17,11:36:05,6,6,"Roberts, Braxton",10050666,Right,CAR_EAG,"Nathan, Cole",1000323259,Right,CAR_EAG,Undefined,2,Bottom,1,3,2,Slider,Changeup,HitByPitch,Walk,Undefined,Undefined,0,0,NA,72.00464,4.000581,0.38541,1118.932257,339.1078,05:15:00,6.1168,1.84951,5.36143,-64.1059,-8.02103,3.83673,4.53255,2.53068,64.90182,-7.711288,1.06687,0.539007,NA,NA,NA,NA,NA,NA,NA,NA,NA,NA,NA,-1.8,-4.81197,-1.88703,50,6.43094,-0.84173,-104.16864,5.25042,-1.94189,20.46298,-37.36534,CAR_EAG,CAR_EAG,CarsonNewman,TeamExclusive,Team,20251017-CarsonNewman-Private-1,ff513630-ab6e-11f0-b255-238b61f5281b,69.92941,NA,NA,7.10282,NA,NA,NA,NA,NA,NA,a29af4ea-4bf5-43b1-9c30-16536369fbae,2025-10-17,15:36:05,2025-10-17T15:36:05Z,2025-10-17T15:36:05Z,NA,v3,CNE,CNE,NA,"Cochran, Carson",10085797,Right,CAR_EAG,49cd209d-8d63-4af8-aaa3-44af322559f7,55.14141,-105.17377,10.23149,6.12796,7.08579,-18.68267,-1.84803,-0.74635,-0.97095,NA,NA,NA,NA,NA,NA,NA,NA,NA,NA,NA,NA,NA,NA,NA,NA,NA,NA,NA,NA,NA,NA,NA,NA,NA,NA,NA,NA,NA,NA,NA,NA,NA,NA,NA,NA,NA,NA,NA,NA,NA,NA,NA,NA,NA,NA,NA,NA,NA,NA,High,High,High,NA,NA,NA,NA,NA,300.622469,9.838507,1102.476438,0.985293,04:00:00,-0.23298,-0.833899,0.500332,91.0462,39.173651,68.442912,0.983701,120.980855,-0.092558,8.867987,0.092558,-0.154158,-0.983701,84.624799,79.641295,0.154158,0.154158,-120.980855,-79.641295,0.983701,-8.867987,-84.624799,-0.983701,-0.154158,0.092558,-0.092558,NA,NA,NA,NA,NA,NA,NA,NA,NA,NA,NA,NA
NA,NA,NA,NA,NA,NA,NA,NA,NA,NA,NA,NA,NA,NA,NA,NA,72,2025-10-17,11:36:42,7,1,"Roberts, Braxton",10050666,Right,CAR_EAG,"Benner, Seth",1000370212,Right,CAR_EAG,Undefined,2,Bottom,1,0,0,Fastball,Changeup,FoulBallNotFieldable,Undefined,Undefined,Undefined,0,0,NA,81.37156,-1.755685,-2.554726,1605.407221,220.701875,01:15:00,6.15002,1.84058,5.70862,-27.75698,15.15883,11.75438,2.19897,0.43821,73.97576,-6.940132,-0.453148,0.471498,NA,NA,NA,NA,NA,NA,NA,NA,NA,NA,NA,-6.77961,8.6806,-1.63393,50,5.9857,4.80131,-117.93251,-4.46191,-9.46165,24.32087,-20.05935,CAR_EAG,CAR_EAG,CarsonNewman,TeamExclusive,Team,20251017-CarsonNewman-Private-1,151f7cb0-ab6f-11f0-b255-238b61f5281b,79.94185,NA,NA,7.3958,NA,NA,NA,NA,NA,NA,a29af4ea-4bf5-43b1-9c30-16536369fbae,2025-10-17,15:36:42,2025-10-17T15:36:42Z,2025-10-17T15:36:42Z,NA,v3,CNE,CNE,NA,"Cochran, Carson",10085797,Right,CAR_EAG,c178f450-451c-443d-9370-230ed105b65d,54.79221,-118.91669,12.16043,6.14983,-3.65018,-10.02968,-1.83596,5.18419,-4.73082,NA,NA,NA,NA,NA,NA,NA,NA,NA,NA,NA,NA,NA,NA,NA,NA,NA,NA,NA,NA,NA,NA,NA,NA,NA,NA,NA,NA,NA,NA,NA,NA,NA,NA,NA,NA,NA,NA,NA,NA,NA,NA,NA,NA,NA,NA,NA,NA,NA,NA,High,High,High,NA,NA,NA,NA,NA,222.971971,-4.958928,1599.398052,0.996257,01:30:00,0.074608,-0.676122,-0.733003,-38.937865,-14.013614,-21.323098,0.025904,172.604647,-0.991349,7.392857,0.991349,-0.128672,-0.025904,1.496776,1.484331,0.128672,0.128672,-172.604647,-1.484331,0.025904,-7.392857,-1.496776,-0.025904,-0.128672,0.991349,-0.991349,NA,NA,NA,NA,NA,NA,NA,NA,NA,NA,NA,NA
NA,NA,NA,NA,NA,NA,NA,NA,NA,NA,NA,NA,NA,NA,NA,NA,73,2025-10-17,11:37:04,7,2,"Roberts, Braxton",10050666,Right,CAR_EAG,"Benner, Seth",1000370212,Right,CAR_EAG,Undefined,2,Bottom,1,0,1,Splitter,Splitter,StrikeCalled,Undefined,Undefined,Undefined,0,0,NA,73.42301,-0.019084,-2.818919,717.963058,225.679938,01:30:00,6.14284,1.91745,5.39009,-49.21314,4.21288,2.42335,2.02385,-0.52489,67.00153,-9.012013,-2.388129,0.526075,NA,NA,NA,NA,NA,NA,NA,NA,NA,NA,NA,-2.07642,2.71504,-1.6671,50,6.10695,5.14522,-106.35033,-1.58455,-2.35414,19.95472,-29.09588,CAR_EAG,CAR_EAG,CarsonNewman,TeamExclusive,Team,20251017-CarsonNewman-Private-1,21f21c40-ab6f-11f0-b255-238b61f5281b,71.64839,NA,NA,6.42148,NA,NA,NA,NA,NA,NA,a29af4ea-4bf5-43b1-9c30-16536369fbae,2025-10-17,15:37:04,2025-10-17T15:37:04Z,2025-10-17T15:37:04Z,NA,v3,CNE,CNE,NA,"Cochran, Carson",10085797,Right,CAR_EAG,b5f79c7d-a879-4412-8990-5286fcb853e2,55.10909,-107.30468,9.97736,6.14945,-0.19302,-14.54794,-1.91586,5.25781,-1.17707,NA,NA,NA,NA,NA,NA,NA,NA,NA,NA,NA,NA,NA,NA,NA,NA,NA,NA,NA,NA,NA,NA,NA,NA,NA,NA,NA,NA,NA,NA,NA,NA,NA,NA,NA,NA,NA,NA,NA,NA,NA,NA,NA,NA,NA,NA,NA,NA,NA,NA,High,High,High,NA,NA,NA,NA,NA,270.57886,-19.553369,676.558237,0.94233,03:00:00,0.335061,-0.942171,-0.006966,-74.537773,-40.223518,56.00389,0.578861,145.83057,-0.674668,27.256696,0.674668,-0.457978,-0.578861,40.629372,35.370439,0.457978,0.457978,-145.83057,-35.370439,0.578861,-27.256696,-40.629372,-0.578861,-0.457978,0.674668,-0.674668,NA,NA,NA,NA,NA,NA,NA,NA,NA,NA,NA,NA
NA,NA,NA,NA,NA,NA,NA,NA,NA,NA,NA,NA,NA,NA,NA,NA,74,2025-10-17,11:37:23,7,3,"Roberts, Braxton",10050666,Right,CAR_EAG,"Benner, Seth",1000370212,Right,CAR_EAG,Undefined,2,Bottom,1,0,2,Splitter,Splitter,BallCalled,Undefined,Undefined,Undefined,0,0,NA,71.73847,-0.99772,-2.589914,744.986589,325.022587,04:45:00,6.16139,2.10397,5.36714,-60.63216,-4.0126,4.29146,0.17211,0.03139,65.30945,-11.988941,-1.824726,0.54157,NA,NA,NA,NA,NA,NA,NA,NA,NA,NA,NA,-3.04606,-1.04374,-1.8745,50,6.02903,4.54029,-103.84149,-3.71559,-3.25074,21.05634,-33.28793,CAR_EAG,CAR_EAG,CarsonNewman,TeamExclusive,Team,20251017-CarsonNewman-Private-1,2d5462f0-ab6f-11f0-b255-238b61f5281b,69.59845,NA,NA,6.42901,NA,NA,NA,NA,NA,NA,a29af4ea-4bf5-43b1-9c30-16536369fbae,2025-10-17,15:37:23,2025-10-17T15:37:23Z,2025-10-17T15:37:23Z,NA,v3,CNE,CNE,NA,"Cochran, Carson",10085797,Right,CAR_EAG,8cd410fb-bce0-4023-aa1e-b5cef381f2bb,55.1337,-104.8773,10.52817,6.17154,-2.07807,-16.64396,-2.10178,4.7002,-1.62537,NA,NA,NA,NA,NA,NA,NA,NA,NA,NA,NA,NA,NA,NA,NA,NA,NA,NA,NA,NA,NA,NA,NA,NA,NA,NA,NA,NA,NA,NA,NA,NA,NA,NA,NA,NA,NA,NA,NA,NA,NA,NA,NA,NA,NA,NA,NA,NA,NA,NA,High,High,High,NA,NA,NA,NA,NA,272.566787,-27.357875,661.662442,0.888153,03:00:00,0.476239,-0.879126,0.018274,-76.576487,-45.886231,66.56003,0.625707,147.75456,-0.65975,24.594766,0.65975,-0.416198,-0.625707,43.483001,38.73412,0.416198,0.416198,-147.75456,-38.73412,0.625707,-24.594766,-43.483001,-0.625707,-0.416198,0.65975,-0.65975,NA,NA,NA,NA,NA,NA,NA,NA,NA,NA,NA,NA
NA,NA,NA,NA,NA,NA,NA,NA,NA,NA,NA,NA,NA,NA,NA,NA,75,2025-10-17,11:37:47,7,4,"Roberts, Braxton",10050666,Right,CAR_EAG,"Benner, Seth",1000370212,Right,CAR_EAG,Undefined,2,Bottom,1,1,2,Splitter,Splitter,InPlay,Undefined,LineDrive,Single,1,1,NA,73.06065,1.464055,-1.853491,768.960976,285.956065,03:30:00,6.15258,1.91755,5.59915,-53.05593,0.6276,4.46662,3.09918,0.55866,66.27695,-8.289463,-1.055932,0.527341,87.7418,22.528164,-17.262506,4599.144939,104.77718,33.38996,-33.49224,249.92691,249.92691,-18.222735,2.893546,-2.8661,0.36252,-1.76166,50,6.24373,3.26641,-105.89756,1.09356,-3.20535,20.63867,-31.76863,CAR_EAG,CAR_EAG,CarsonNewman,TeamExclusive,Team,20251017-CarsonNewman-Private-1,3c0c8b60-ab6f-11f0-b255-238b61f5281b,71.47634,34.89381,NA,6.7837,NA,NA,NA,1.94945,3.31418,-0.51157,a29af4ea-4bf5-43b1-9c30-16536369fbae,2025-10-17,15:37:47,2025-10-17T15:37:47Z,2025-10-17T15:37:47Z,LineDrive,v3,CNE,CNE,NA,"Cochran, Carson",10085797,Right,CAR_EAG,0d76464f-15e4-46da-8403-e4e28ded1b71,54.90216,-106.84868,10.31933,6.1596,2.5576,-15.88431,-1.9156,3.41413,-1.60267,148.055649,1.9493,113.5216,-17.77876,3.96625,-1.17661,0.45332,-0.14504,0.02683,-0.00207,3.31429,49.29861,-21.63216,2.22009,-0.25144,-0.10324,0.06529,-0.01422,0.00117,-0.51173,-35.26527,4.12178,-0.46245000000000003,-0.24533,0.26827,-0.1116,0.02257,-0.00182,NA,NA,NA,NA,NA,NA,NA,NA,NA,NA,NA,NA,NA,NA,NA,NA,NA,NA,NA,NA,NA,NA,High,High,High,High,High,NA,NA,NA,275.659353,-23.514038,705.108263,0.916962,03:15:00,0.378258,-0.922389,0.078232,88.527937,33.685045,70.58296,0.662915,150.851806,-0.653882,21.387073,0.653882,-0.364667,-0.662915,45.393052,41.522591,0.364667,0.364667,-150.851806,-41.522591,0.662915,-21.387073,-45.393052,-0.662915,-0.364667,0.653882,-0.653882,NA,NA,NA,NA,NA,NA,NA,NA,NA,NA,NA,NA
NA,NA,NA,NA,NA,NA,NA,NA,NA,NA,NA,NA,NA,NA,NA,NA,76,2025-10-17,11:38:42,8,1,"Roberts, Braxton",10050666,Right,CAR_EAG,"Kilgore, Tanner",814348,Right,CAR_EAG,Undefined,2,Bottom,2,0,0,Splitter,Splitter,BallCalled,Undefined,Undefined,Undefined,0,0,NA,72.5135,2.251735,-1.71329,682.519851,300.184231,04:00:00,6.1459,1.92117,5.46334,-56.29582,-1.77158,6.21567,3.56427,0.83501,66.03802,-8.049581,-0.606595,0.531455,NA,NA,NA,NA,NA,NA,NA,NA,NA,NA,NA,-3.62689,-0.96382,-1.77454,50,6.30623,2.91255,-105.09624,2.36525,-4.02024,19.29696,-33.24239,CAR_EAG,CAR_EAG,CarsonNewman,TeamExclusive,Team,20251017-CarsonNewman-Private-1,5c5a0b90-ab6f-11f0-b255-238b61f5281b,70.92315,NA,NA,6.47548,NA,NA,NA,NA,NA,NA,a29af4ea-4bf5-43b1-9c30-16536369fbae,2025-10-17,15:38:42,2025-10-17T15:38:42Z,2025-10-17T15:38:42Z,NA,v3,CNE,CNE,NA,"Cochran, Carson",10085797,Right,CAR_EAG,cbccdaa0-a744-43f5-8867-e763191e2b29,55.03766,-106.01718,9.64848,6.15549,3.95174,-16.62119,-1.91812,3.10442,-2.01012,NA,NA,NA,NA,NA,NA,NA,NA,NA,NA,NA,NA,NA,NA,NA,NA,NA,NA,NA,NA,NA,NA,NA,NA,NA,NA,NA,NA,NA,NA,NA,NA,NA,NA,NA,NA,NA,NA,NA,NA,NA,NA,NA,NA,NA,NA,NA,NA,NA,NA,High,High,High,NA,NA,NA,NA,NA,281.879858,-0.425311,682.501047,0.999972,03:30:00,-0.024862,-0.978091,0.20669,-69.210584,-46.981928,57.739787,0.884222,115.378708,-0.200185,24.960476,0.200185,-0.421993,-0.884222,77.243471,62.155891,0.421993,0.421993,-115.378708,-62.155891,0.884222,-24.960476,-77.243471,-0.884222,-0.421993,0.200185,-0.200185,NA,NA,NA,NA,NA,NA,NA,NA,NA,NA,NA,NA
NA,NA,NA,NA,NA,NA,NA,NA,NA,NA,NA,NA,NA,NA,NA,NA,77,2025-10-17,11:39:01,8,2,"Roberts, Braxton",10050666,Right,CAR_EAG,"Kilgore, Tanner",814348,Right,CAR_EAG,Undefined,2,Bottom,2,1,0,Splitter,Curveball,BallCalled,Undefined,Undefined,Undefined,0,0,NA,74.48235,-1.113761,-1.867919,1968.773938,56.846734,08:00:00,6.03248,2.12728,5.46128,-50.60629,0.92602,-1.19252,0.77207,0.27882,68.48529,-10.312978,-2.080709,0.516668,NA,NA,NA,NA,NA,NA,NA,NA,NA,NA,NA,0.04346,1.33973,-1.96181,50,5.89984,3.5674,-108.02005,-3.71691,0.05101,20.0139,-30.6019,CAR_EAG,CAR_EAG,CarsonNewman,TeamExclusive,Team,20251017-CarsonNewman-Private-1,68012370-ab6f-11f0-b255-238b61f5281b,72.95297,NA,NA,5.99706,NA,NA,NA,NA,NA,NA,a29af4ea-4bf5-43b1-9c30-16536369fbae,2025-10-17,15:39:01,2025-10-17T15:39:01Z,2025-10-17T15:39:01Z,NA,v3,CNE,CNE,NA,"Cochran, Carson",10085797,Right,CAR_EAG,c3885235-4ad4-493c-a2ba-38ab370249a6,55.0398,-108.94982,10.00695,6.03949,-2.29526,-15.30095,-2.12748,3.56504,0.02551,NA,NA,NA,NA,NA,NA,NA,NA,NA,NA,NA,NA,NA,NA,NA,NA,NA,NA,NA,NA,NA,NA,NA,NA,NA,NA,NA,NA,NA,NA,NA,NA,NA,NA,NA,NA,NA,NA,NA,NA,NA,NA,NA,NA,NA,NA,NA,NA,NA,NA,High,High,High,NA,NA,NA,NA,NA,283.502383,80.374285,329.201176,0.167211,03:30:00,-0.98078,-0.181723,0.071048,51.325192,-69.617098,-33.132406,-0.184575,173.129194,-0.97576,-6.752201,0.97576,-0.117576,0.184575,10.711511,-10.636347,0.117576,-0.117576,-173.129194,10.636347,0.184575,6.752201,-10.711511,-0.184575,0.117576,0.97576,-0.97576,NA,NA,NA,NA,NA,NA,NA,NA,NA,NA,NA,NA
NA,NA,NA,NA,NA,NA,NA,NA,NA,NA,NA,NA,NA,NA,NA,NA,78,2025-10-17,11:39:47,8,3,"Roberts, Braxton",10050666,Right,CAR_EAG,"Kilgore, Tanner",814348,Right,CAR_EAG,Undefined,2,Bottom,2,2,0,Fastball,Changeup,BallCalled,Undefined,Undefined,Undefined,0,0,NA,82.36365,-3.320698,-3.578083,1899.385625,217.076741,01:15:00,6.13156,1.80709,5.66376,-25.38556,16.89328,11.59946,0.90996,-0.56725,74.69268,-8.064225,-1.508621,0.467986,NA,NA,NA,NA,NA,NA,NA,NA,NA,NA,NA,-6.95831,10.0519,-1.51136,50,5.83409,6.96624,-119.03048,-7.68577,-9.86848,25.29321,-17.91815,CAR_EAG,CAR_EAG,CarsonNewman,TeamExclusive,Team,20251017-CarsonNewman-Private-1,83b96410-ab6f-11f0-b255-238b61f5281b,80.54179,NA,NA,7.67097,NA,NA,NA,NA,NA,NA,a29af4ea-4bf5-43b1-9c30-16536369fbae,2025-10-17,15:39:47,2025-10-17T15:39:47Z,2025-10-17T15:39:47Z,NA,v3,CNE,CNE,NA,"Cochran, Carson",10085797,Right,CAR_EAG,a12f8e9a-97a4-438f-81cc-200af0e363cc,54.83448,-120.05338,12.6466,6.13026,-6.96113,-8.95908,-1.80116,7.36533,-4.93424,NA,NA,NA,NA,NA,NA,NA,NA,NA,NA,NA,NA,NA,NA,NA,NA,NA,NA,NA,NA,NA,NA,NA,NA,NA,NA,NA,NA,NA,NA,NA,NA,NA,NA,NA,NA,NA,NA,NA,NA,NA,NA,NA,NA,NA,NA,NA,NA,NA,NA,High,High,High,NA,NA,NA,NA,NA,215.422084,-13.268125,1848.684764,0.973307,01:15:00,0.21179,-0.549883,-0.807944,-36.109225,-14.992889,-13.678698,0.119844,173.325254,-0.986064,6.626423,0.986064,-0.115395,-0.119844,6.929636,6.883119,0.115395,0.115395,-173.325254,-6.883119,0.119844,-6.626423,-6.929636,-0.119844,-0.115395,0.986064,-0.986064,NA,NA,NA,NA,NA,NA,NA,NA,NA,NA,NA,NA
NA,NA,NA,NA,NA,NA,NA,NA,NA,NA,NA,NA,NA,NA,NA,NA,79,2025-10-17,11:40:06,8,4,"Roberts, Braxton",10050666,Right,CAR_EAG,"Kilgore, Tanner",814348,Right,CAR_EAG,Undefined,2,Bottom,2,3,0,Fastball,Changeup,BallCalled,Walk,Undefined,Undefined,0,0,NA,81.23689,-3.515226,-4.672505,1863.307334,203.368701,12:45:00,6.19991,1.77076,5.67999,-24.05123,19.28757,7.67815,0.90358,-1.95493,74.04387,-8.009215,-3.306386,0.473816,NA,NA,NA,NA,NA,NA,NA,NA,NA,NA,NA,-5.25237,11.27209,-1.38082,50,5.88735,9.27683,-117.27739,-7.92568,-7.27333,23.3635,-16.56479,CAR_EAG,CAR_EAG,CarsonNewman,TeamExclusive,Team,20251017-CarsonNewman-Private-1,8ec39fb0-ab6f-11f0-b255-238b61f5281b,79.55076,NA,NA,7.19301,NA,NA,NA,NA,NA,NA,a29af4ea-4bf5-43b1-9c30-16536369fbae,2025-10-17,15:40:06,2025-10-17T15:40:06Z,2025-10-17T15:40:06Z,NA,v3,CNE,CNE,NA,"Cochran, Carson",10085797,Right,CAR_EAG,09fb2d0c-9c7e-4dd1-8d5d-e59b4e79a44d,54.81857,-118.23342,11.68175,6.1978,-7.24784,-8.2824,-1.76652,9.57446,-3.63666,NA,NA,NA,NA,NA,NA,NA,NA,NA,NA,NA,NA,NA,NA,NA,NA,NA,NA,NA,NA,NA,NA,NA,NA,NA,NA,NA,NA,NA,NA,NA,NA,NA,NA,NA,NA,NA,NA,NA,NA,NA,NA,NA,NA,NA,NA,NA,NA,NA,NA,High,High,High,NA,NA,NA,NA,NA,216.884945,-3.239499,1860.329851,0.998402,01:15:00,0.027785,-0.594659,-0.803498,-39.152219,-16.96092,-19.189663,-0.09792,178.702156,-0.994939,-1.291605,0.994939,-0.022541,0.09792,5.620865,-5.619432,0.022541,-0.022541,-178.702156,5.619432,0.09792,1.291605,-5.620865,-0.09792,0.022541,0.994939,-0.994939,NA,NA,NA,NA,NA,NA,NA,NA,NA,NA,NA,NA
NA,NA,NA,NA,NA,NA,NA,NA,NA,NA,NA,NA,NA,NA,NA,NA,80,2025-10-17,11:43:06,9,1,"Adams, Kyle",1000370208,Right,CAR_EAG,"Soto Diaz, Bradley",1000475324,Right,CAR_EAG,Undefined,2,Bottom,2,0,0,Slider,Curveball,InPlay,Undefined,FlyBall,Out,1,0,NA,70.86081,2.648834,-2.647363,1965.998654,54.463328,07:45:00,5.23364,2.76709,6.04105,-58.80889,-3.10799,-6.83103,2.7899,-0.25518,64.94317,-8.189836,-3.874298,0.537158,94.96839,34.270583,-1.799436,2664.986074,109.97958,69.69616,2.11058,350.96843,340.07893,4.196515,5.247258,2.75551,-1.91366,-2.55672,50,5.40866,4.97436,-102.78526,3.12697,2.93093,17.94915,-34.20953,CAR_EAG,CAR_EAG,CarsonNewman,TeamExclusive,Team,20251017-CarsonNewman-Private-1,f9f3cf30-ab6f-11f0-b255-238b61f5281b,70.17006,94.28187,NA,5.91764,NA,NA,NA,1.80091,3.15974,0.30528,a29af4ea-4bf5-43b1-9c30-16536369fbae,2025-10-17,15:43:06,2025-10-17T15:43:06Z,2025-10-17T15:43:06Z,FlyBall,v3,CNE,CNE,NA,"Cochran, Carson",10085797,Right,CAR_EAG,7721b2b8-8c7a-4247-a1be-ad4a2c66b8ec,54.4629,-103.56168,8.97457,5.2414,4.60674,-17.10477,-2.76915,4.84758,1.46546,204.531508,1.80815,114.89825,-22.95835,5.04776,-0.48279,-0.1274,0.05202,-0.00684,3.2e-4,3.15557,78.50506,-18.83458,0.88505,0.02155,-0.0625,0.02549,-0.0043,2.6e-4,0.30272,-3.56099,6.7129200000000004,-2.48807,0.53833,-0.05763,3e-5,5.1e-4,-3e-5,NA,NA,NA,NA,NA,NA,NA,NA,NA,NA,NA,NA,NA,NA,NA,NA,NA,NA,NA,NA,NA,NA,High,High,High,High,Medium,NA,NA,NA,50.30837,66.709421,777.345029,0.395394,07:45:00,-0.890841,0.346377,0.293981,-90.875436,-5.052751,25.576454,0.625716,152.43576,-0.691509,21.159345,0.691509,-0.360963,-0.625716,42.140551,38.734769,0.360963,0.360963,-152.43576,-38.734769,0.625716,-21.159345,-42.140551,-0.625716,-0.360963,0.691509,-0.691509,NA,NA,NA,NA,NA,NA,NA,NA,NA,NA,NA,NA
NA,NA,NA,NA,NA,NA,NA,NA,NA,NA,NA,NA,NA,NA,NA,NA,81,2025-10-17,11:45:46,1,1,"Culpepper, Brock",1000215907,Right,CAR_EAG,"Alexander, Trace",10000832,Right,CAR_EAG,Undefined,3,Top,0,0,0,Slider,Slider,BallCalled,Undefined,Undefined,Undefined,0,0,NA,76.81411,3.176758,-2.006456,2481.708124,84.440637,08:45:00,4.72908,2.92709,6.37303,-46.42884,0.60457,-9.84343,3.78786,0.25983,69.69777,-5.491332,-3.784735,0.493599,NA,NA,NA,NA,NA,NA,NA,NA,NA,NA,NA,4.46437,-0.13051,-2.77811,50,4.93804,4.24956,-111.37658,4.86007,5.55119,21.88707,-32.33634,CAR_EAG,CAR_EAG,CarsonNewman,TeamExclusive,Team,20251017-CarsonNewman-Private-1,59377960-ab70-11f0-b255-238b61f5281b,76.3624,NA,NA,7.11634,NA,NA,NA,NA,NA,NA,a29af4ea-4bf5-43b1-9c30-16536369fbae,2025-10-17,15:45:46,2025-10-17T15:45:46Z,2025-10-17T15:45:46Z,NA,v3,CNE,CNE,NA,"Rogers, Jacob",1000215913,Right,CAR_EAG,461a3552-c1ae-4f85-a093-39ac84522fa0,54.12746,-112.18475,10.94353,4.73654,6.05407,-16.16817,-2.93124,4.04459,2.7756,NA,NA,NA,NA,NA,NA,NA,NA,NA,NA,NA,NA,NA,NA,NA,NA,NA,NA,NA,NA,NA,NA,NA,NA,NA,NA,NA,NA,NA,NA,NA,NA,NA,NA,NA,NA,NA,NA,NA,NA,NA,NA,NA,NA,NA,NA,NA,NA,NA,NA,High,High,High,NA,NA,NA,NA,NA,27.507674,66.838103,976.131688,0.393331,07:00:00,-0.895146,0.232337,0.380438,41.799476,23.313137,23.956539,-0.471197,112.455665,-0.336907,-54.60205,0.336907,-0.815149,0.471197,54.435157,-28.112029,0.815149,-0.815149,-112.455665,28.112029,0.471197,54.60205,-54.435157,-0.471197,0.815149,0.336907,-0.336907,NA,NA,NA,NA,NA,NA,NA,NA,NA,NA,NA,NA
NA,NA,NA,NA,NA,NA,NA,NA,NA,NA,NA,NA,NA,NA,NA,NA,82,2025-10-17,11:46:00,1,2,"Culpepper, Brock",1000215907,Right,CAR_EAG,"Alexander, Trace",10000832,Right,CAR_EAG,Undefined,3,Top,0,1,0,Slider,Curveball,StrikeCalled,Undefined,Undefined,Undefined,0,0,NA,76.4064,1.665814,-2.800594,2588.928971,65.072465,08:15:00,4.74562,3.0181,6.3428,-51.19857,-3.33851,-10.78835,2.01499,-0.46139,69.29328,-7.847188,-4.749158,0.497918,NA,NA,NA,NA,NA,NA,NA,NA,NA,NA,NA,4.65973,-1.73827,-2.80964,50,4.84375,5.79744,-110.79851,1.74477,5.68953,23.07909,-34.29648,CAR_EAG,CAR_EAG,CarsonNewman,TeamExclusive,Team,20251017-CarsonNewman-Private-1,61990330-ab70-11f0-b255-238b61f5281b,75.70007,NA,NA,7.11312,NA,NA,NA,NA,NA,NA,a29af4ea-4bf5-43b1-9c30-16536369fbae,2025-10-17,15:46:00,2025-10-17T15:46:00Z,2025-10-17T15:46:00Z,NA,v3,CNE,CNE,NA,"Rogers, Jacob",1000215913,Right,CAR_EAG,04c0a561-1c8c-4e37-a8dd-0d6a641b4755,54.15838,-111.66133,11.53955,4.75455,3.02696,-17.14824,-3.0224,5.58474,2.84476,NA,NA,NA,NA,NA,NA,NA,NA,NA,NA,NA,NA,NA,NA,NA,NA,NA,NA,NA,NA,NA,NA,NA,NA,NA,NA,NA,NA,NA,NA,NA,NA,NA,NA,NA,NA,NA,NA,NA,NA,NA,NA,NA,NA,NA,NA,NA,NA,NA,NA,High,High,High,NA,NA,NA,NA,NA,32.082122,61.01834,1254.412801,0.48453,07:00:00,-0.84583,0.282671,0.452404,48.966466,23.105931000000002,27.405906,-0.550406,116.306669,-0.370006,-48.454634,0.370006,-0.748431,0.550406,56.089359,-33.394878,0.748431,-0.748431,-116.306669,33.394878,0.550406,48.454634,-56.089359,-0.550406,0.748431,0.370006,-0.370006,NA,NA,NA,NA,NA,NA,NA,NA,NA,NA,NA,NA
NA,NA,NA,NA,NA,NA,NA,NA,NA,NA,NA,NA,NA,NA,NA,NA,83,2025-10-17,11:46:14,1,3,"Culpepper, Brock",1000215907,Right,CAR_EAG,"Alexander, Trace",10000832,Right,CAR_EAG,Undefined,3,Top,0,1,1,Slider,Curveball,StrikeCalled,Undefined,Undefined,Undefined,0,0,NA,77.2084,3.330079,-1.406512,2527.263062,39.637209,07:15:00,4.70149,3.09501,6.29801,-58.60169,-11.18347,-10.76426,2.8909,0.90171,69.14501,-7.559476,-3.351782,0.49561500000000003,NA,NA,NA,NA,NA,NA,NA,NA,NA,NA,NA,5.00516,-6.30319,-2.98709,50,4.92035,3.14311,-111.8397,4.70931,6.16376,25.37729,-39.93632,CAR_EAG,CAR_EAG,CarsonNewman,TeamExclusive,Team,20251017-CarsonNewman-Private-1,6a000b40-ab70-11f0-b255-238b61f5281b,76.05192,NA,NA,8.06339,NA,NA,NA,NA,NA,NA,a29af4ea-4bf5-43b1-9c30-16536369fbae,2025-10-17,15:46:14,2025-10-17T15:46:14Z,2025-10-17T15:46:14Z,NA,v3,CNE,CNE,NA,"Rogers, Jacob",1000215913,Right,CAR_EAG,0745a5c2-0372-4d3c-b761-26f723c8784a,54.20288,-112.78933,12.68865,4.71616,6.20376,-19.96816,-3.10039,2.91246,3.08188,NA,NA,NA,NA,NA,NA,NA,NA,NA,NA,NA,NA,NA,NA,NA,NA,NA,NA,NA,NA,NA,NA,NA,NA,NA,NA,NA,NA,NA,NA,NA,NA,NA,NA,NA,NA,NA,NA,NA,NA,NA,NA,NA,NA,NA,NA,NA,NA,NA,NA,High,High,High,NA,NA,NA,NA,NA,28.145166,59.355667,1288.164367,0.509707,07:00:00,-0.833643,0.290003,0.470041,50.20542,22.200361,29.423677,-0.588743,117.354267,-0.371416,-45.884339,0.371416,-0.717936,0.588743,57.753691,-36.067839,0.717936,-0.717936,-117.354267,36.067839,0.588743,45.884339,-57.753691,-0.588743,0.717936,0.371416,-0.371416,NA,NA,NA,NA,NA,NA,NA,NA,NA,NA,NA,NA
NA,NA,NA,NA,NA,NA,NA,NA,NA,NA,NA,NA,NA,NA,NA,NA,84,2025-10-17,11:46:30,1,4,"Culpepper, Brock",1000215907,Right,CAR_EAG,"Alexander, Trace",10000832,Right,CAR_EAG,Undefined,3,Top,0,1,2,Slider,Curveball,StrikeCalled,Strikeout,Undefined,Undefined,0,0,NA,76.85727,2.986969,-1.196765,2560.690592,40.27022,07:15:00,4.74372,2.8587,6.16489,-59.71716,-12.0226,-11.63107,2.52967,0.78375,69.43679,-8.051943,-3.294884,0.497057,NA,NA,NA,NA,NA,NA,NA,NA,NA,NA,NA,5.54969,-6.59059,-2.76245,50,4.94127,2.75467,-111.45356,3.96017,6.84039,23.78418,-40.29743,CAR_EAG,CAR_EAG,CarsonNewman,TeamExclusive,Team,20251017-CarsonNewman-Private-1,73d178c0-ab70-11f0-b255-238b61f5281b,75.8313,NA,NA,7.42049,NA,NA,NA,NA,NA,NA,a29af4ea-4bf5-43b1-9c30-16536369fbae,2025-10-17,15:46:30,2025-10-17T15:46:30Z,2025-10-17T15:46:30Z,NA,v3,CNE,CNE,NA,"Rogers, Jacob",1000215913,Right,CAR_EAG,6dea20cb-f986-457f-9274-c825755d8301,54.33811,-112.3755,11.89209,4.75749,5.52221,-20.14871,-2.86409,2.48951,3.42019,NA,NA,NA,NA,NA,NA,NA,NA,NA,NA,NA,NA,NA,NA,NA,NA,NA,NA,NA,NA,NA,NA,NA,NA,NA,NA,NA,NA,NA,NA,NA,NA,NA,NA,NA,NA,NA,NA,NA,NA,NA,NA,NA,NA,NA,NA,NA,NA,NA,NA,High,High,High,NA,NA,NA,NA,NA,32.13636,53.560912,1520.96789,0.593968,07:00:00,-0.776255,0.357445,0.519289,57.534371,20.838597,21.638999,-0.564175,116.964559,-0.374385,-47.382997,0.374385,-0.735896,0.564175,56.431861,-34.344991,0.735896,-0.735896,-116.964559,34.344991,0.564175,47.382997,-56.431861,-0.564175,0.735896,0.374385,-0.374385,NA,NA,NA,NA,NA,NA,NA,NA,NA,NA,NA,NA
NA,NA,NA,NA,NA,NA,NA,NA,NA,NA,NA,NA,NA,NA,NA,NA,85,2025-10-17,11:46:56,2,1,"Culpepper, Brock",1000215907,Right,CAR_EAG,"Ring, Alex",10041847,Right,CAR_EAG,Undefined,3,Top,1,0,0,Slider,Curveball,BallCalled,Undefined,Undefined,Undefined,0,0,NA,77.18206,3.37045,-0.803623,2600.120937,39.138848,07:15:00,4.7062,2.87669,6.28468,-58.562,-11.20194,-10.56812,2.9364,1.25528,69.22694,-7.507583,-2.71398,0.495311,NA,NA,NA,NA,NA,NA,NA,NA,NA,NA,NA,5.12634,-6.31422,-2.81293,50,4.92852,1.95834,-111.84137,4.78558,6.32719,24.97403,-39.96736,CAR_EAG,CAR_EAG,CarsonNewman,TeamExclusive,Team,20251017-CarsonNewman-Private-1,833daef0-ab70-11f0-b255-238b61f5281b,76.0986,NA,NA,7.95512,NA,NA,NA,NA,NA,NA,a29af4ea-4bf5-43b1-9c30-16536369fbae,2025-10-17,15:46:56,2025-10-17T15:46:56Z,2025-10-17T15:46:56Z,NA,v3,CNE,CNE,NA,"Rogers, Jacob",1000215913,Right,CAR_EAG,ac6d585e-9898-4dd2-8555-753a25fc4ca3,54.2166,-112.77901,12.48702,4.72068,6.28612,-19.98368,-2.88199,1.72079,3.16359,NA,NA,NA,NA,NA,NA,NA,NA,NA,NA,NA,NA,NA,NA,NA,NA,NA,NA,NA,NA,NA,NA,NA,NA,NA,NA,NA,NA,NA,NA,NA,NA,NA,NA,NA,NA,NA,NA,NA,NA,NA,NA,NA,NA,NA,NA,NA,NA,NA,NA,High,High,High,NA,NA,NA,NA,NA,33.365713,59.59534,1315.931398,0.506104,07:00:00,-0.838605,0.328572,0.434491,41.669741,27.611529,27.449822,-0.579834,116.885183,-0.368426,-46.608275,0.368426,-0.726674,0.579834,57.56811,-35.438839,0.726674,-0.726674,-116.885183,35.438839,0.579834,46.608275,-57.56811,-0.579834,0.726674,0.368426,-0.368426,NA,NA,NA,NA,NA,NA,NA,NA,NA,NA,NA,NA
NA,NA,NA,NA,NA,NA,NA,NA,NA,NA,NA,NA,NA,NA,NA,NA,86,2025-10-17,11:47:08,2,2,"Culpepper, Brock",1000215907,Right,CAR_EAG,"Ring, Alex",10041847,Right,CAR_EAG,Undefined,3,Top,1,1,0,Fastball,Sinker,StrikeCalled,Undefined,Undefined,Undefined,0,0,NA,87.36093,0.870071,-4.281843,2142.000379,244.531608,02:15:00,4.72205,2.97928,6.675,-26.61057,9.48729,17.22521,3.3028,0.4901,78.70817,-4.194304,-1.156073,0.432426,NA,NA,NA,NA,NA,NA,NA,NA,NA,NA,NA,-10.4276,5.09248,-2.69828,50,4.76987,8.82942,-126.61515,1.18246,-16.69245,29.20366,-24.02204,CAR_EAG,CAR_EAG,CarsonNewman,TeamExclusive,Team,20251017-CarsonNewman-Private-1,8a57ebb0-ab70-11f0-b255-238b61f5281b,87.16498,NA,NA,8.65276,NA,NA,NA,NA,NA,NA,a29af4ea-4bf5-43b1-9c30-16536369fbae,2025-10-17,15:47:08,2025-10-17T15:47:08Z,2025-10-17T15:47:08Z,NA,v3,CNE,CNE,NA,"Rogers, Jacob",1000215913,Right,CAR_EAG,e775a1e8-f5ef-4fce-a54c-9b228bd6a0be,53.82614,-127.49459,14.60183,4.72337,1.90587,-12.01102,-2.97174,9.3321,-8.34622,NA,NA,NA,NA,NA,NA,NA,NA,NA,NA,NA,NA,NA,NA,NA,NA,NA,NA,NA,NA,NA,NA,NA,NA,NA,NA,NA,NA,NA,NA,NA,NA,NA,NA,NA,NA,NA,NA,NA,NA,NA,NA,NA,NA,NA,NA,NA,NA,NA,NA,High,High,High,NA,NA,NA,NA,NA,241.840886,25.18415,1938.392118,0.904945,02:00:00,-0.468259,-0.791282,-0.393199,21.850609,68.286629,7.025419,-0.92413,155.625854,-0.348023,-9.072301,0.348023,-0.157681,0.92413,69.363899,-67.537601,0.157681,-0.157681,-155.625854,67.537601,0.92413,9.072301,-69.363899,-0.92413,0.157681,0.348023,-0.348023,NA,NA,NA,NA,NA,NA,NA,NA,NA,NA,NA,NA
NA,NA,NA,NA,NA,NA,NA,NA,NA,NA,NA,NA,NA,NA,NA,NA,87,2025-10-17,11:47:26,2,3,"Culpepper, Brock",1000215907,Right,CAR_EAG,"Ring, Alex",10041847,Right,CAR_EAG,Undefined,3,Top,1,1,1,Slider,Curveball,StrikeSwinging,Undefined,Undefined,Undefined,0,0,NA,77.528809999999993,0.789615,-3.330724,2571.268831,51.003223,07:45:00,4.67548,2.91656,6.36106,-54.12775,-7.13583,-11.02579,0.89283,-1.07114,69.81274,-9.248305,-5.323414,0.493382,NA,NA,NA,NA,NA,NA,NA,NA,NA,NA,NA,4.46914,-3.37205,-2.67062,50,4.7091,6.93328,-112.30023,-0.0667,5.53801,25.95306,-36.35257,CAR_EAG,CAR_EAG,CarsonNewman,TeamExclusive,Team,20251017-CarsonNewman-Private-1,9510fa10-ab70-11f0-b255-238b61f5281b,76.39612,NA,NA,7.71608,NA,NA,NA,NA,NA,NA,a29af4ea-4bf5-43b1-9c30-16536369fbae,2025-10-17,15:47:26,2025-10-17T15:47:26Z,2025-10-17T15:47:26Z,NA,v3,CNE,CNE,NA,"Rogers, Jacob",1000215913,Right,CAR_EAG,20e26a1a-9a50-46f9-9608-4ba33936652a,54.13884,-113.2527,12.97653,4.68707,1.26742,-18.17628,-2.92134,6.73003,2.769,NA,NA,NA,NA,NA,NA,NA,NA,NA,NA,NA,NA,NA,NA,NA,NA,NA,NA,NA,NA,NA,NA,NA,NA,NA,NA,NA,NA,NA,NA,NA,NA,NA,NA,NA,NA,NA,NA,NA,NA,NA,NA,NA,NA,NA,NA,NA,NA,NA,NA,High,High,High,NA,NA,NA,NA,NA,28.678585000000002,57.253129,1390.872685,0.540929,07:00:00,-0.808425,0.271155,0.522422,48.471837,28.938372,27.976021,-0.539962,114.437787,-0.348211,-50.021309,0.348211,-0.766283,0.539962,57.182793,-32.681034,0.766283,-0.766283,-114.437787,32.681034,0.539962,50.021309,-57.182793,-0.539962,0.766283,0.348211,-0.348211,NA,NA,NA,NA,NA,NA,NA,NA,NA,NA,NA,NA
NA,NA,NA,NA,NA,NA,NA,NA,NA,NA,NA,NA,NA,NA,NA,NA,88,2025-10-17,11:47:41,2,4,"Culpepper, Brock",1000215907,Right,CAR_EAG,"Ring, Alex",10041847,Right,CAR_EAG,Undefined,3,Top,1,1,2,ChangeUp,Splitter,BallCalled,Undefined,Undefined,Undefined,0,0,NA,82.81949,-1.430709,-4.97516,1014.598657,247.173561,02:15:00,4.8174,2.65484,6.66955,-33.30974,6.61544,12.57949,0.72732,-0.86042,75.70799,-7.676226,-2.693726,0.454773,NA,NA,NA,NA,NA,NA,NA,NA,NA,NA,NA,-8.05079,4.32303,-2.32488,50,4.70804,9.99562,-119.97194,-3.93809,-11.68235,24.1605,-25.90096,CAR_EAG,CAR_EAG,CarsonNewman,TeamExclusive,Team,20251017-CarsonNewman-Private-1,9e0aa530-ab70-11f0-b255-238b61f5281b,82.88187,NA,NA,7.1115,NA,NA,NA,NA,NA,NA,a29af4ea-4bf5-43b1-9c30-16536369fbae,2025-10-17,15:47:41,2025-10-17T15:47:41Z,2025-10-17T15:47:41Z,NA,v3,CNE,CNE,NA,"Rogers, Jacob",1000215913,Right,CAR_EAG,26d22673-7058-41cb-9b4e-8456e17f9d4b,53.83185,-120.74115,12.08025,4.8203,-3.11347,-12.95048,-2.64904,10.36755,-5.84117,NA,NA,NA,NA,NA,NA,NA,NA,NA,NA,NA,NA,NA,NA,NA,NA,NA,NA,NA,NA,NA,NA,NA,NA,NA,NA,NA,NA,NA,NA,NA,NA,NA,NA,NA,NA,NA,NA,NA,NA,NA,NA,NA,NA,NA,NA,NA,NA,NA,NA,High,High,High,NA,NA,NA,NA,NA,256.610736,-0.748895,1014.51199,0.999915,02:30:00,0.017132,-0.972107,-0.233913,-76.343705,-24.419245,69.876766,0.240467,108.160087,-0.302528,67.265922,0.302528,-0.922308,-0.240467,38.479704,13.914078,0.922308,0.922308,-108.160087,-13.914078,0.240467,-67.265922,-38.479704,-0.240467,-0.922308,0.302528,-0.302528,NA,NA,NA,NA,NA,NA,NA,NA,NA,NA,NA,NA
NA,NA,NA,NA,NA,NA,NA,NA,NA,NA,NA,NA,NA,NA,NA,NA,89,2025-10-17,11:48:04,2,5,"Culpepper, Brock",1000215907,Right,CAR_EAG,"Ring, Alex",10041847,Right,CAR_EAG,Undefined,3,Top,1,2,2,Fastball,Sinker,InPlay,Undefined,GroundBall,Out,1,0,NA,87.4109,-0.421618,-4.485774,2199.758479,255.796129,02:30:00,4.81989,2.6912,6.61274,-30.17852,5.59831,17.53158,1.91764,0.03499,79.78404,-6.091182,-1.306416,0.430499,76.28645,-31.194723,8.870622,NA,NA,NA,NA,4.51402,4.51402,5.761837,0.032928,-10.52646,3.4076,-2.39219,50,4.77872,9.29494,-126.79563,-1.83266,-17.08649,26.6365,-26.64282,CAR_EAG,CAR_EAG,CarsonNewman,TeamExclusive,Team,20251017-CarsonNewman-Private-1,abe0f920-ab70-11f0-b255-238b61f5281b,87.555179999999993,1.91267,NA,7.62685,NA,NA,NA,1.37014,1.91267,-0.03393,a29af4ea-4bf5-43b1-9c30-16536369fbae,2025-10-17,15:48:04,2025-10-17T15:48:04Z,2025-10-17T15:48:04Z,GroundBall,v3,CNE,CNE,NA,"Rogers, Jacob",1000215913,Right,CAR_EAG,366548bb-72d3-4aed-94b5-d17d7b02578d,53.89059,-127.61033,13.31825,4.82231,-1.01777,-13.32141,-2.68447,9.81754,-8.54325,NA,1.36897,94.78503,NA,NA,NA,NA,NA,NA,NA,1.91339,-58.08669,NA,NA,NA,NA,NA,NA,NA,-0.03411,14.79315,NA,NA,NA,NA,NA,NA,NA,NA,NA,NA,NA,NA,NA,NA,NA,NA,NA,NA,NA,NA,NA,NA,NA,NA,NA,NA,NA,NA,NA,High,High,High,Estimated,Estimated,NA,NA,NA,240.049388,27.073571,1958.715191,0.890423,02:00:00,-0.482837,-0.774841,-0.408033,24.774986,68.214015,14.204399,-0.894005,162.514533,-0.427354,-7.736931,0.427354,-0.134625,0.894005,64.451199,-63.380916,0.134625,-0.134625,-162.514533,63.380916,0.894005,7.736931,-64.451199,-0.894005,0.134625,0.427354,-0.427354,NA,NA,NA,NA,NA,NA,NA,NA,NA,NA,NA,NA
NA,NA,NA,NA,NA,NA,NA,NA,NA,NA,NA,NA,NA,NA,NA,NA,90,2025-10-17,11:48:37,3,1,"Culpepper, Brock",1000215907,Right,CAR_EAG,"Smith, Braxton",1000370200,Right,CAR_EAG,Undefined,3,Top,2,0,0,Fastball,Changeup,BallCalled,Undefined,Undefined,Undefined,0,0,NA,87.34772,1.636286,-3.85737,2035.127196,266.294418,03:00:00,4.83639,2.78179,6.52757,-33.81801,2.53201,18.96218,3.52324,0.81771,78.60803,-4.725237,-0.422406,0.433934,NA,NA,NA,NA,NA,NA,NA,NA,NA,NA,NA,-11.02804,1.24776,-2.51994,50,4.93661,7.77108,-126.57098,2.56362,-17.62471,29.40644,-30.1799,CAR_EAG,CAR_EAG,CarsonNewman,TeamExclusive,Team,20251017-CarsonNewman-Private-1,bf275c40-ab70-11f0-b255-238b61f5281b,86.86216,NA,NA,8.73968,NA,NA,NA,NA,NA,NA,a29af4ea-4bf5-43b1-9c30-16536369fbae,2025-10-17,15:48:37,2025-10-17T15:48:37Z,2025-10-17T15:48:37Z,NA,v3,CNE,CNE,NA,"Rogers, Jacob",1000215913,Right,CAR_EAG,6cdcfab5-40ed-45a3-b8ef-6580129a45e9,53.97237,-127.49055,14.70322,4.84169,3.50737,-15.08995,-2.77157,8.32222,-8.81236,NA,NA,NA,NA,NA,NA,NA,NA,NA,NA,NA,NA,NA,NA,NA,NA,NA,NA,NA,NA,NA,NA,NA,NA,NA,NA,NA,NA,NA,NA,NA,NA,NA,NA,NA,NA,NA,NA,NA,NA,NA,NA,NA,NA,NA,NA,NA,NA,NA,NA,High,High,High,NA,NA,NA,NA,NA,241.826,28.030943,1796.394406,0.882694,02:00:00,-0.518898,-0.764374,-0.382724,52.210536,69.545778,40.125651,-0.917535,173.108911,-0.394783,-2.734718,0.394783,-0.047712,0.917535,66.719477,-66.568286,0.047712,-0.047712,-173.108911,66.568286,0.917535,2.734718,-66.719477,-0.917535,0.047712,0.394783,-0.394783,NA,NA,NA,NA,NA,NA,NA,NA,NA,NA,NA,NA
NA,NA,NA,NA,NA,NA,NA,NA,NA,NA,NA,NA,NA,NA,NA,NA,91,2025-10-17,11:48:50,3,2,"Culpepper, Brock",1000215907,Right,CAR_EAG,"Smith, Braxton",1000370200,Right,CAR_EAG,Undefined,3,Top,2,1,0,Slider,Curveball,BallCalled,Undefined,Undefined,Undefined,0,0,NA,77.88543,2.019227,-3.246822,2598.471872,46.767248,07:30:00,4.71232,2.66507,6.29171,-52.24156,-6.16835,-8.23685,2.22345,-1.01667,70.74641,-7.657622,-4.731877,0.488535,NA,NA,NA,NA,NA,NA,NA,NA,NA,NA,NA,3.20378,-3.30469,-2.42218,50,4.8371,6.70161,-112.90305,2.41104,4.07427,23.3902,-36.37663,CAR_EAG,CAR_EAG,CarsonNewman,TeamExclusive,Team,20251017-CarsonNewman-Private-1,c70fe580-ab70-11f0-b255-238b61f5281b,77.15402,NA,NA,7.13903,NA,NA,NA,NA,NA,NA,a29af4ea-4bf5-43b1-9c30-16536369fbae,2025-10-17,15:48:50,2025-10-17T15:48:50Z,2025-10-17T15:48:50Z,NA,v3,CNE,CNE,NA,"Rogers, Jacob",1000215913,Right,CAR_EAG,1269c16d-e4a4-471b-b5c8-a9b892750db4,54.21005,-113.7719,11.6951,4.72244,3.76229,-18.18831,-2.66831,6.55027,2.03714,NA,NA,NA,NA,NA,NA,NA,NA,NA,NA,NA,NA,NA,NA,NA,NA,NA,NA,NA,NA,NA,NA,NA,NA,NA,NA,NA,NA,NA,NA,NA,NA,NA,NA,NA,NA,NA,NA,NA,NA,NA,NA,NA,NA,NA,NA,NA,NA,NA,NA,High,High,High,NA,NA,NA,NA,NA,27.907175,60.923336,1262.803954,0.485979,07:00:00,-0.8397,0.258111,0.477789,53.677904,25.405778,32.984771,-0.551952,121.07428,-0.430404,-45.578817,0.430404,-0.714214,0.551952,52.053388,-33.501007,0.714214,-0.714214,-121.07428,33.501007,0.551952,45.578817,-52.053388,-0.551952,0.714214,0.430404,-0.430404,NA,NA,NA,NA,NA,NA,NA,NA,NA,NA,NA,NA
NA,NA,NA,NA,NA,NA,NA,NA,NA,NA,NA,NA,NA,NA,NA,NA,92,2025-10-17,11:49:08,3,3,"Culpepper, Brock",1000215907,Right,CAR_EAG,"Smith, Braxton",1000370200,Right,CAR_EAG,Undefined,3,Top,2,2,0,Slider,Curveball,BallCalled,Undefined,Undefined,Undefined,0,0,NA,77.19788,2.040455,-3.151391,2534.596602,36.166036,07:15:00,4.71488,2.79645,6.41291,-59.4433,-12.42032,-10.32276,1.64098,-0.96422,69.81917,-8.969058,-5.018793,0.493545,NA,NA,NA,NA,NA,NA,NA,NA,NA,NA,NA,4.24299,-6.56516,-2.56679,50,4.83575,6.52748,-111.90297,2.21078,5.2529,24.64569,-40.30179,CAR_EAG,CAR_EAG,CarsonNewman,TeamExclusive,Team,20251017-CarsonNewman-Private-1,d1af0340-ab70-11f0-b255-238b61f5281b,76.37088,NA,NA,7.3787,NA,NA,NA,NA,NA,NA,a29af4ea-4bf5-43b1-9c30-16536369fbae,2025-10-17,15:49:08,2025-10-17T15:49:08Z,2025-10-17T15:49:08Z,NA,v3,CNE,CNE,NA,"Rogers, Jacob",1000215913,Right,CAR_EAG,b6d4a304-e003-4e86-8fb8-432ecc7691aa,54.08978,-112.80011,12.32284,4.72857,3.67783,-20.1509,-2.80092,6.33627,2.62645,NA,NA,NA,NA,NA,NA,NA,NA,NA,NA,NA,NA,NA,NA,NA,NA,NA,NA,NA,NA,NA,NA,NA,NA,NA,NA,NA,NA,NA,NA,NA,NA,NA,NA,NA,NA,NA,NA,NA,NA,NA,NA,NA,NA,NA,NA,NA,NA,NA,NA,High,High,High,NA,NA,NA,NA,NA,29.135723,57.24264,1371.425887,0.541083,07:00:00,-0.803818,0.293218,0.517591,52.175341,23.624124,25.828912,-0.562149,114.328597,-0.340713,-48.902595,0.340713,-0.753593,0.562149,58.78035,-34.204565,0.753593,-0.753593,-114.328597,34.204565,0.562149,48.902595,-58.78035,-0.562149,0.753593,0.340713,-0.340713,NA,NA,NA,NA,NA,NA,NA,NA,NA,NA,NA,NA
NA,NA,NA,NA,NA,NA,NA,NA,NA,NA,NA,NA,NA,NA,NA,NA,93,2025-10-17,11:49:20,3,4,"Culpepper, Brock",1000215907,Right,CAR_EAG,"Smith, Braxton",1000370200,Right,CAR_EAG,Undefined,3,Top,2,3,0,Fastball,Changeup,BallCalled,Walk,Undefined,Undefined,0,0,NA,85.76133,-0.342331,-6.052772,2134.002987,251.834076,02:30:00,4.70725,2.92676,6.67173,-30.3301,7.25595,18.03462,1.86477,-1.12888,77.50986,-6.069116,-2.792855,0.44125,NA,NA,NA,NA,NA,NA,NA,NA,NA,NA,NA,-11.28028,4.35016,-2.52563,50,4.67241,12.45874,-123.97106,-1.61267,-17.35837,27.3748,-25.4799,CAR_EAG,CAR_EAG,CarsonNewman,TeamExclusive,Team,20251017-CarsonNewman-Private-1,d92346e0-ab70-11f0-b255-238b61f5281b,85.42197,NA,NA,8.25147,NA,NA,NA,NA,NA,NA,a29af4ea-4bf5-43b1-9c30-16536369fbae,2025-10-17,15:49:20,2025-10-17T15:49:20Z,2025-10-17T15:49:20Z,NA,v3,CNE,CNE,NA,"Rogers, Jacob",1000215913,Right,CAR_EAG,cd835055-800d-427d-828c-70d7c1e11a2f,53.82857,-124.81361,13.6874,4.70997,-0.82845,-12.73995,-2.91731,12.993,-8.67918,NA,NA,NA,NA,NA,NA,NA,NA,NA,NA,NA,NA,NA,NA,NA,NA,NA,NA,NA,NA,NA,NA,NA,NA,NA,NA,NA,NA,NA,NA,NA,NA,NA,NA,NA,NA,NA,NA,NA,NA,NA,NA,NA,NA,NA,NA,NA,NA,NA,NA,High,High,High,NA,NA,NA,NA,NA,242.629181,26.267702,1913.637412,0.896736,02:00:00,-0.478831,-0.798976,-0.36381,50.927553,74.300645,38.840189,-0.932567,161.608416,-0.342559,-6.54008,0.342559,-0.113898,0.932567,69.83026,-68.838527,0.113898,-0.113898,-161.608416,68.838527,0.932567,6.54008,-69.83026,-0.932567,0.113898,0.342559,-0.342559,NA,NA,NA,NA,NA,NA,NA,NA,NA,NA,NA,NA
NA,NA,NA,NA,NA,NA,NA,NA,NA,NA,NA,NA,NA,NA,NA,NA,94,2025-10-17,11:50:35,4,1,"Culpepper, Brock",1000215907,Right,CAR_EAG,"Bolton, Ryan",1000215919,Right,CAR_EAG,Undefined,3,Top,2,0,0,Fastball,Changeup,FoulBallNotFieldable,Undefined,Undefined,Undefined,0,0,NA,85.6561,0.354851,-3.886505,2120.685354,255.854363,02:30:00,4.78579,2.91057,6.50866,-31.54506,6.15886,19.16942,2.48347,0.93563,77.42347,-5.589547,-0.413622,0.441941,NA,NA,NA,NA,NA,NA,NA,NA,NA,NA,NA,-11.28721,3.49067,-2.64662,50,4.79703,7.72067,-124.21819,-0.16078,-17.40763,27.88805,-26.7906,CAR_EAG,CAR_EAG,CarsonNewman,TeamExclusive,Team,20251017-CarsonNewman-Private-1,055bc5c0-ab71-11f0-b255-238b61f5281b,85.28833,NA,NA,8.23263,NA,NA,NA,NA,NA,NA,a29af4ea-4bf5-43b1-9c30-16536369fbae,2025-10-17,15:50:35,2025-10-17T15:50:35Z,2025-10-17T15:50:35Z,NA,v3,CNE,CNE,NA,"Rogers, Jacob",1000215913,Right,CAR_EAG,4e5ae737-6345-440d-af95-6af295e98346,53.99363,-125.11158,13.94403,4.78844,0.69745,-13.3953,-2.90288,8.27833,-8.70382,NA,NA,NA,NA,NA,NA,NA,NA,NA,NA,NA,NA,NA,NA,NA,NA,NA,NA,NA,NA,NA,NA,NA,NA,NA,NA,NA,NA,NA,NA,NA,NA,NA,NA,NA,NA,NA,NA,NA,NA,NA,NA,NA,NA,NA,NA,NA,NA,NA,NA,High,High,High,NA,NA,NA,NA,NA,242.860718,23.030898,1951.654032,0.920294,02:00:00,-0.423835,-0.816531,-0.391971,-94.671969,-15.558324,85.728343,-0.920008,162.058547,-0.372842,-6.933803,0.372842,-0.120723,0.920008,67.939305,-66.927289,0.120723,-0.120723,-162.058547,66.927289,0.920008,6.933803,-67.939305,-0.920008,0.120723,0.372842,-0.372842,NA,NA,NA,NA,NA,NA,NA,NA,NA,NA,NA,NA
NA,NA,NA,NA,NA,NA,NA,NA,NA,NA,NA,NA,NA,NA,NA,NA,95,2025-10-17,11:51:34,4,2,"Culpepper, Brock",1000215907,Right,CAR_EAG,"Bolton, Ryan",1000215919,Right,CAR_EAG,Undefined,3,Top,2,0,1,Slider,Curveball,BallCalled,Undefined,Undefined,Undefined,0,0,NA,76.94343,1.314738,-3.694809,2604.33783,58.635218,08:00:00,4.71217,2.83919,6.32988,-51.11109,-4.18158,-9.36701,1.66638,-1.34863,70.3686,-8.138669,-5.383724,0.493054,NA,NA,NA,NA,NA,NA,NA,NA,NA,NA,NA,3.7204,-2.0726,-2.5652,50,4.78484,7.53176,-111.5819,1.07172,4.64401,21.93409,-34.7612,CAR_EAG,CAR_EAG,CarsonNewman,TeamExclusive,Team,20251017-CarsonNewman-Private-1,290fc980-ab71-11f0-b255-238b61f5281b,76.4469,NA,NA,6.57483,NA,NA,NA,NA,NA,NA,a29af4ea-4bf5-43b1-9c30-16536369fbae,2025-10-17,15:51:34,2025-10-17T15:51:34Z,2025-10-17T15:51:34Z,NA,v3,CNE,CNE,NA,"Rogers, Jacob",1000215913,Right,CAR_EAG,25753971-06a0-47fc-9f54-d8b9daf91896,54.17259,-112.39913,10.96705,4.72078,2.36686,-17.3806,-2.8426,7.35873,2.322,NA,NA,NA,NA,NA,NA,NA,NA,NA,NA,NA,NA,NA,NA,NA,NA,NA,NA,NA,NA,NA,NA,NA,NA,NA,NA,NA,NA,NA,NA,NA,NA,NA,NA,NA,NA,NA,NA,NA,NA,NA,NA,NA,NA,NA,NA,NA,NA,NA,NA,High,High,High,NA,NA,NA,NA,NA,29.517574,62.424134,1205.607127,0.462923,07:00:00,-0.853142,0.248356,0.458769,47.607776,28.281551,30.234624,-0.518385,117.816069,-0.399042,-49.142191,0.399042,-0.756335,0.518385,52.411683,-31.223957,0.756335,-0.756335,-117.816069,31.223957,0.518385,49.142191,-52.411683,-0.518385,0.756335,0.399042,-0.399042,NA,NA,NA,NA,NA,NA,NA,NA,NA,NA,NA,NA
NA,NA,NA,NA,NA,NA,NA,NA,NA,NA,NA,NA,NA,NA,NA,NA,96,2025-10-17,11:51:54,4,3,"Culpepper, Brock",1000215907,Right,CAR_EAG,"Bolton, Ryan",1000215919,Right,CAR_EAG,Undefined,3,Top,2,1,1,Fastball,Changeup,StrikeCalled,Undefined,Undefined,Undefined,0,0,NA,86.33852,0.338838,-5.491083,2096.547038,246.448334,02:15:00,4.76886,2.9222,6.48057,-27.58635,9.39272,18.75788,2.78258,-0.57238,78.54463,-4.860323,-2.108512,0.437673,NA,NA,NA,NA,NA,NA,NA,NA,NA,NA,NA,-11.30977,5.18823,-2.54221,50,4.78068,11.29097,-124.99428,-0.06328,-17.85033,25.75011,-23.98539,CAR_EAG,CAR_EAG,CarsonNewman,TeamExclusive,Team,20251017-CarsonNewman-Private-1,34876cf0-ab71-11f0-b255-238b61f5281b,86.12015,NA,NA,7.79389,NA,NA,NA,NA,NA,NA,a29af4ea-4bf5-43b1-9c30-16536369fbae,2025-10-17,15:51:54,2025-10-17T15:51:54Z,2025-10-17T15:51:54Z,NA,v3,CNE,CNE,NA,"Rogers, Jacob",1000215913,Right,CAR_EAG,0ccb3d4a-9180-464e-b2f7-625ac006f9ae,54.02124,-125.81996,12.87506,4.77038,0.70582,-11.99269,-2.91344,11.86335,-8.92516,NA,NA,NA,NA,NA,NA,NA,NA,NA,NA,NA,NA,NA,NA,NA,NA,NA,NA,NA,NA,NA,NA,NA,NA,NA,NA,NA,NA,NA,NA,NA,NA,NA,NA,NA,NA,NA,NA,NA,NA,NA,NA,NA,NA,NA,NA,NA,NA,NA,NA,High,High,High,NA,NA,NA,NA,NA,241.900561,22.749121,1933.450158,0.922207,02:00:00,-0.431269,-0.811207,-0.394906,-91.273058,-16.111513,82.393848,-0.936926,157.573844,-0.323093,-7.662742,0.323093,-0.133342,0.936926,70.973601,-69.541637,0.133342,-0.133342,-157.573844,69.541637,0.936926,7.662742,-70.973601,-0.936926,0.133342,0.323093,-0.323093,NA,NA,NA,NA,NA,NA,NA,NA,NA,NA,NA,NA
NA,NA,NA,NA,NA,NA,NA,NA,NA,NA,NA,NA,NA,NA,NA,NA,97,2025-10-17,11:52:16,4,4,"Culpepper, Brock",1000215907,Right,CAR_EAG,"Bolton, Ryan",1000215919,Right,CAR_EAG,Undefined,3,Top,2,1,2,Fastball,Sinker,BallCalled,Undefined,Undefined,Undefined,0,0,NA,87.30857,-0.955599,-5.471876,2196.810002,265.086419,02:45:00,4.69438,3.00044,6.5333,-33.51388,2.74221,17.50588,1.02085,-0.57562,79.407,-7.218799,-2.307827,0.433373,NA,NA,NA,NA,NA,NA,NA,NA,NA,NA,NA,-10.74197,2.13551,-2.62599,50,4.61387,11.42171,-126.35836,-3.16046,-17.23909,27.52169,-28.74692,CAR_EAG,CAR_EAG,CarsonNewman,TeamExclusive,Team,20251017-CarsonNewman-Private-1,42014900-ab71-11f0-b255-238b61f5281b,86.97459,NA,NA,7.90157,NA,NA,NA,NA,NA,NA,a29af4ea-4bf5-43b1-9c30-16536369fbae,2025-10-17,15:52:16,2025-10-17T15:52:16Z,2025-10-17T15:52:16Z,NA,v3,CNE,CNE,NA,"Rogers, Jacob",1000215913,Right,CAR_EAG,cebe507c-5216-4813-8aae-d665bb29ec77,53.96838,-127.21976,13.76084,4.69871,-2.26071,-14.37346,-2.99193,11.96128,-8.61954,NA,NA,NA,NA,NA,NA,NA,NA,NA,NA,NA,NA,NA,NA,NA,NA,NA,NA,NA,NA,NA,NA,NA,NA,NA,NA,NA,NA,NA,NA,NA,NA,NA,NA,NA,NA,NA,NA,NA,NA,NA,NA,NA,NA,NA,NA,NA,NA,NA,NA,High,High,High,NA,NA,NA,NA,NA,244.257573,25.179492,1988.067788,0.904979,02:15:00,-0.447405,-0.822147,-0.351997,26.472869,66.26323,16.018806,-0.927917,171.111659,-0.368311,-3.30202,0.368311,-0.057599,0.927917,68.35074,-68.112337,0.057599,-0.057599,-171.111659,68.112337,0.927917,3.30202,-68.35074,-0.927917,0.057599,0.368311,-0.368311,NA,NA,NA,NA,NA,NA,NA,NA,NA,NA,NA,NA
NA,NA,NA,NA,NA,NA,NA,NA,NA,NA,NA,NA,NA,NA,NA,NA,98,2025-10-17,11:52:38,4,5,"Culpepper, Brock",1000215907,Right,CAR_EAG,"Bolton, Ryan",1000215919,Right,CAR_EAG,Undefined,3,Top,2,2,2,Slider,Curveball,StrikeCalled,Strikeout,Undefined,Undefined,0,0,NA,78.03248,2.586349,-1.292315,2541.879577,55.072255,07:45:00,4.81449,2.8025,6.04384,-51.47255,-5.57355,-10.09662,2.922,0.76438,71.21916,-6.91196,-3.108617,0.48761,NA,NA,NA,NA,NA,NA,NA,NA,NA,NA,NA,4.79028,-3.1502,-2.69649,50,4.98892,2.9271,-113.26809,3.50572,6.18215,21.96442,-36.23956,CAR_EAG,CAR_EAG,CarsonNewman,TeamExclusive,Team,20251017-CarsonNewman-Private-1,4efcf460-ab71-11f0-b255-238b61f5281b,77.3003,NA,NA,6.81333,NA,NA,NA,NA,NA,NA,a29af4ea-4bf5-43b1-9c30-16536369fbae,2025-10-17,15:52:38,2025-10-17T15:52:38Z,2025-10-17T15:52:38Z,NA,v3,CNE,CNE,NA,"Rogers, Jacob",1000215913,Right,CAR_EAG,c5835b30-1232-4955-bff3-c65577d3059e,54.45926,-114.12954,10.98221,4.82356,4.92703,-18.11978,-2.80653,2.68464,3.09107,NA,NA,NA,NA,NA,NA,NA,NA,NA,NA,NA,NA,NA,NA,NA,NA,NA,NA,NA,NA,NA,NA,NA,NA,NA,NA,NA,NA,NA,NA,NA,NA,NA,NA,NA,NA,NA,NA,NA,NA,NA,NA,NA,NA,NA,NA,NA,NA,NA,NA,High,High,High,NA,NA,NA,NA,NA,28.040656,59.607598,1285.986145,0.505919,07:00:00,-0.840683,0.276513,0.46561,68.826836,6.547573,22.258624,-0.567112,118.778833,-0.396525,-46.212261,0.396525,-0.721908,0.567112,55.038723,-34.549087,0.721908,-0.721908,-118.778833,34.549087,0.567112,46.212261,-55.038723,-0.567112,0.721908,0.396525,-0.396525,NA,NA,NA,NA,NA,NA,NA,NA,NA,NA,NA,NA
NA,NA,NA,NA,NA,NA,NA,NA,NA,NA,NA,NA,NA,NA,NA,NA,99,2025-10-17,11:54:59,1,1,"Adams, Kyle",1000370208,Right,CAR_EAG,"Mutter, Evan",1000300074,Right,CAR_EAG,Undefined,3,Bottom,0,0,0,Slider,Curveball,FoulBallNotFieldable,Undefined,Undefined,Undefined,0,0,NA,71.26255,2.801213,-2.647158,2092.623215,45.964032,07:30:00,5.31513,2.56497,6.48879,-62.20523,-7.29252,-9.57875,2.70801,-0.66539,64.52495,-8.775875,-4.382604,0.533344,NA,NA,NA,NA,NA,NA,NA,NA,NA,NA,NA,4.14319,-4.30516,-2.37498,50,5.48515,5.0734,-103.32349,3.43677,4.3813,20.71309,-36.72663,CAR_EAG,CAR_EAG,CarsonNewman,TeamExclusive,Team,20251017-CarsonNewman-Private-1,a3084e10-ab71-11f0-b255-238b61f5281b,70.67186,NA,NA,6.7376,NA,NA,NA,NA,NA,NA,a29af4ea-4bf5-43b1-9c30-16536369fbae,2025-10-17,15:54:59,2025-10-17T15:54:59Z,2025-10-17T15:54:59Z,NA,v3,CNE,CNE,NA,"Cochran, Carson",10085797,Right,CAR_EAG,a47e6479-7506-4ca7-b9df-072d4788c433,54.01496,-104.12525,10.35655,5.32461,4.85839,-18.36332,-2.56808,4.90381,2.19065,NA,NA,NA,NA,NA,NA,NA,NA,NA,NA,NA,NA,NA,NA,NA,NA,NA,NA,NA,NA,NA,NA,NA,NA,NA,NA,NA,NA,NA,NA,NA,NA,NA,NA,NA,NA,NA,NA,NA,NA,NA,NA,NA,NA,NA,NA,NA,NA,NA,NA,High,High,High,NA,NA,NA,NA,NA,57.014235,68.516329,766.394049,0.366236,08:00:00,-0.904212,0.352309,0.241409,-109.460742,2.535834,30.096992,0.615711,144.748972,-0.643483,27.051162,0.643483,-0.454786,-0.615711,43.736527,38.003584,0.454786,0.454786,-144.748972,-38.003584,0.615711,-27.051162,-43.736527,-0.615711,-0.454786,0.643483,-0.643483,NA,NA,NA,NA,NA,NA,NA,NA,NA,NA,NA,NA
NA,NA,NA,NA,NA,NA,NA,NA,NA,NA,NA,NA,NA,NA,NA,NA,100,2025-10-17,11:55:21,1,2,"Adams, Kyle",1000370208,Right,CAR_EAG,"Mutter, Evan",1000300074,Right,CAR_EAG,Undefined,3,Bottom,0,0,1,Slider,Curveball,BallCalled,Undefined,Undefined,Undefined,0,0,NA,73.04611,3.41137,-1.059585,2087.001714,84.292343,08:45:00,5.22175,2.66155,6.25074,-51.43326,1.06681,-7.73733,4.08611,1.03944,65.9613,-6.188534,-2.455708,0.521496,NA,NA,NA,NA,NA,NA,NA,NA,NA,NA,NA,3.62032,0.08894,-2.57939,50,5.45139,2.22591,-105.84824,4.88231,4.04583,20.58946,-32.07467,CAR_EAG,CAR_EAG,CarsonNewman,TeamExclusive,Team,20251017-CarsonNewman-Private-1,b00f9230-ab71-11f0-b255-238b61f5281b,72.27746,NA,NA,7.0848,NA,NA,NA,NA,NA,NA,a29af4ea-4bf5-43b1-9c30-16536369fbae,2025-10-17,15:55:21,2025-10-17T15:55:21Z,2025-10-17T15:55:21Z,NA,v3,CNE,CNE,NA,"Cochran, Carson",10085797,Right,CAR_EAG,3293841b-2999-4a1c-b746-803abdf19664,54.24832,-106.67142,10.29473,5.23055,6.16468,-16.03733,-2.66515,2.06416,2.02291,NA,NA,NA,NA,NA,NA,NA,NA,NA,NA,NA,NA,NA,NA,NA,NA,NA,NA,NA,NA,NA,NA,NA,NA,NA,NA,NA,NA,NA,NA,NA,NA,NA,NA,NA,NA,NA,NA,NA,NA,NA,NA,NA,NA,NA,NA,NA,NA,NA,NA,High,High,High,NA,NA,NA,NA,NA,59.539302,68.736173,756.878195,0.362663,08:00:00,-0.908112,0.367507,0.200678,13.604155,69.858938,-47.5717,0.589354,142.394345,-0.640022,29.536916,0.640022,-0.492984,-0.589354,42.639897,36.111165,0.492984,0.492984,-142.394345,-36.111165,0.589354,-29.536916,-42.639897,-0.589354,-0.492984,0.640022,-0.640022,NA,NA,NA,NA,NA,NA,NA,NA,NA,NA,NA,NA
NA,NA,NA,NA,NA,NA,NA,NA,NA,NA,NA,NA,NA,NA,NA,NA,101,2025-10-17,11:55:34,1,3,"Adams, Kyle",1000370208,Right,CAR_EAG,"Mutter, Evan",1000300074,Right,CAR_EAG,Undefined,3,Bottom,0,1,1,ChangeUp,Changeup,InPlay,Undefined,GroundBall,Out,1,0,NA,74.96285,0.50321,-4.80075,1599.840692,261.841929,02:45:00,5.08898,2.74346,6.5381,-45.81762,3.11831,10.57678,1.73405,-0.78899,68.60973,-8.038,-2.887277,0.503484,47.32447,-65.54366,100.414653,NA,NA,NA,NA,3.51233,3.51232,26.827736,0.031365,-7.00717,1.90725,-2.41435,50,5.1043,8.79091,-108.65638,-0.24575,-8.33221,19.99099,-29.90615,CAR_EAG,CAR_EAG,CarsonNewman,TeamExclusive,Team,20251017-CarsonNewman-Private-1,b7fb9de0-ab71-11f0-b255-238b61f5281b,74.8633,1.99454,NA,6.35312,NA,NA,NA,3.29827,1.99454,0.69296,a29af4ea-4bf5-43b1-9c30-16536369fbae,2025-10-17,15:55:34,2025-10-17T15:55:34Z,2025-10-17T15:55:34Z,GroundBall,v3,CNE,CNE,NA,"Cochran, Carson",10085797,Right,CAR_EAG,5a0f7646-2445-4a70-b2a6-f4b215c8e07a,53.96537,-109.38351,9.9955,5.09345,0.84203,-14.95308,-2.73961,9.09398,-4.16611,NA,3.29844,-5.22829,NA,NA,NA,NA,NA,NA,NA,1.99662,-63.59242,NA,NA,NA,NA,NA,NA,NA,0.69203,28.44575,NA,NA,NA,NA,NA,NA,NA,NA,NA,NA,NA,NA,NA,NA,NA,NA,NA,NA,NA,NA,NA,NA,NA,NA,NA,NA,NA,NA,NA,High,High,High,Estimated,Estimated,NA,NA,NA,236.104695,30.188093,1382.869208,0.864379,01:45:00,-0.547679,-0.713041,-0.437745,-48.492709,-19.145461,20.195859,0.194986,118.526125,-0.468393,59.512029,0.468393,-0.861736,-0.194986,22.601294,11.243887,0.861736,0.861736,-118.526125,-11.243887,0.194986,-59.512029,-22.601294,-0.194986,-0.861736,0.468393,-0.468393,NA,NA,NA,NA,NA,NA,NA,NA,NA,NA,NA,NA
NA,NA,NA,NA,NA,NA,NA,NA,NA,NA,NA,NA,NA,NA,NA,NA,102,2025-10-17,11:56:07,2,1,"Adams, Kyle",1000370208,Right,CAR_EAG,"Bishop, Matthew",10136275,Right,CAR_EAG,Undefined,3,Bottom,1,0,0,ChangeUp,Changeup,BallCalled,Undefined,Undefined,Undefined,0,0,NA,76.17394,0.023157,-4.704808,1664.572976,251.569866,02:30:00,5.12474,2.67778,6.47095,-42.31648,5.31335,11.12481,1.61971,-0.72592,69.50892,-7.876832,-2.694166,0.496719,NA,NA,NA,NA,NA,NA,NA,NA,NA,NA,NA,-7.18658,3.29295,-2.34975,50,5.10815,8.70231,-110.35122,-1.10481,-8.79909,20.93257,-28.14226,CAR_EAG,CAR_EAG,CarsonNewman,TeamExclusive,Team,20251017-CarsonNewman-Private-1,cba9ea90-ab71-11f0-b255-238b61f5281b,75.88277,NA,NA,6.66501,NA,NA,NA,NA,NA,NA,a29af4ea-4bf5-43b1-9c30-16536369fbae,2025-10-17,15:56:07,2025-10-17T15:56:07Z,2025-10-17T15:56:07Z,NA,v3,CNE,CNE,NA,"Cochran, Carson",10085797,Right,CAR_EAG,592a0cc8-2d45-483c-a864-b77bfd8792cb,54.02962,-111.11297,10.46629,5.12972,-0.08069,-14.07113,-2.67226,9.02252,-4.39954,NA,NA,NA,NA,NA,NA,NA,NA,NA,NA,NA,NA,NA,NA,NA,NA,NA,NA,NA,NA,NA,NA,NA,NA,NA,NA,NA,NA,NA,NA,NA,NA,NA,NA,NA,NA,NA,NA,NA,NA,NA,NA,NA,NA,NA,NA,NA,NA,NA,NA,High,High,High,NA,NA,NA,NA,NA,237.001966,34.949614,1364.37744,0.819656,02:00:00,-0.607817,-0.687205,-0.397879,-58.393672,-14.740078,25.458725,0.043284,113.29051,-0.395023,66.585062,0.395023,-0.917651,-0.043284,6.253178,2.480778,0.917651,0.917651,-113.29051,-2.480778,0.043284,-66.585062,-6.253178,-0.043284,-0.917651,0.395023,-0.395023,NA,NA,NA,NA,NA,NA,NA,NA,NA,NA,NA,NA
NA,NA,NA,NA,NA,NA,NA,NA,NA,NA,NA,NA,NA,NA,NA,NA,103,2025-10-17,11:56:21,2,2,"Adams, Kyle",1000370208,Right,CAR_EAG,"Bishop, Matthew",10136275,Right,CAR_EAG,Undefined,3,Bottom,1,1,0,Slider,Curveball,InPlay,Undefined,GroundBall,Out,1,0,NA,71.49956,2.565348,-1.448796,2017.900791,80.99128,08:45:00,5.09737,2.70491,6.20101,-53.92404,0.34823,-8.67973,2.97422,0.64387,65.45011,-7.435147,-3.014251,0.530225,56.92907,-47.741891,-32.939863,NA,NA,NA,NA,3.8696,1.2184,-32.223972,0.046923,4.07406,-0.06106,-2.59167,50,5.26352,2.90753,-103.80219,3.18774,4.42267,18.19294,-32.24034,CAR_EAG,CAR_EAG,CarsonNewman,TeamExclusive,Team,20251017-CarsonNewman-Private-1,d3dd5f80-ab71-11f0-b255-238b61f5281b,71.08759,2.91864,NA,6.04945,NA,NA,NA,1.04801,2.91864,-0.62141,a29af4ea-4bf5-43b1-9c30-16536369fbae,2025-10-17,15:56:21,2025-10-17T15:56:21Z,2025-10-17T15:56:21Z,GroundBall,v3,CNE,CNE,NA,"Cochran, Carson",10085797,Right,CAR_EAG,22eb1c74-12d4-4f63-88a8-330422f9fef0,54.3017,-104.55341,9.09647,5.10441,4.519,-16.12017,-2.70796,2.72491,2.21134,NA,1.04569,47.42952,NA,NA,NA,NA,NA,NA,NA,2.92168,-62.20018,NA,NA,NA,NA,NA,NA,NA,-0.61991,-30.73037,NA,NA,NA,NA,NA,NA,NA,NA,NA,NA,NA,NA,NA,NA,NA,NA,NA,NA,NA,NA,NA,NA,NA,NA,NA,NA,NA,NA,NA,High,High,High,Estimated,Estimated,NA,NA,NA,59.285224,68.98739,723.565553,0.358573,08:00:00,-0.913844,0.349746,0.206318,9.018103,69.575422,-46.386576,0.533654,143.631033,-0.680973,30.098461,0.680973,-0.501487,-0.533654,38.084495,32.252643,0.501487,0.501487,-143.631033,-32.252643,0.533654,-30.098461,-38.084495,-0.533654,-0.501487,0.680973,-0.680973,NA,NA,NA,NA,NA,NA,NA,NA,NA,NA,NA,NA
NA,NA,NA,NA,NA,NA,NA,NA,NA,NA,NA,NA,NA,NA,NA,NA,104,2025-10-17,11:56:54,3,1,"Adams, Kyle",1000370208,Right,CAR_EAG,"Rogers, Jacob",1000215913,Right,CAR_EAG,Undefined,3,Bottom,2,0,0,Slider,Curveball,InPlay,Undefined,FlyBall,Out,1,0,NA,73.20956,1.672853,-1.787713,2132.967917,84.719789,08:45:00,5.15061,2.63315,6.37688,-50.47306,0.92661,-7.70839,2.48485,0.34543,67.07734,-7.714184,-3.183053,0.516002,82.62199,36.729956,-27.644789,NA,97.84762,71.32441,-50.25733,283.33051,276.70466,-27.758996,4.977269,3.52654,0.40626,-2.50058,50,5.24787,3.56386,-106.36439,1.76221,4.01509,19.29418,-31.71152,CAR_EAG,CAR_EAG,CarsonNewman,TeamExclusive,Team,20251017-CarsonNewman-Private-1,e7cb9b60-ab71-11f0-b255-238b61f5281b,73.04704,85.21908,NA,6.13222,NA,NA,NA,3.06263,2.7897,-0.35805,a29af4ea-4bf5-43b1-9c30-16536369fbae,2025-10-17,15:56:54,2025-10-17T15:56:54Z,2025-10-17T15:56:54Z,FlyBall,v3,CNE,CNE,NA,"Cochran, Carson",10085797,Right,CAR_EAG,1197e2a7-5da3-4f4b-88c8-59ea61045e54,54.12668,-107.11034,9.64709,5.15604,2.98824,-15.85576,-2.63537,3.40863,2.00755,179.182793,3.06373,86.01362,-16.806,3.82454,-0.67428,0.09635,-0.01343,0.00165,-1e-4,2.79095,72.43753,-17.70692,0.96069,-0.02844,-0.05969,0.02291,-0.0035,1.9e-4,-0.35862,-45.05267,8.62582,-1.96257,0.34598,-0.04946,0.0069,-8.5e-4,5e-5,NA,NA,NA,NA,NA,NA,NA,NA,NA,NA,NA,NA,NA,NA,NA,NA,NA,NA,NA,NA,NA,NA,High,High,High,High,Medium,NA,NA,NA,53.961989,70.852114,699.629567,0.328008,07:45:00,-0.930054,0.2927,0.222096,1.541998,69.817422,-51.859143,0.569033,143.780437,-0.663409,29.070804,0.663409,-0.48589,-0.569033,40.621055,34.682853,0.48589,0.48589,-143.780437,-34.682853,0.569033,-29.070804,-40.621055,-0.569033,-0.48589,0.663409,-0.663409,NA,NA,NA,NA,NA,NA,NA,NA,NA,NA,NA,NA
NA,NA,NA,NA,NA,NA,NA,NA,NA,NA,NA,NA,NA,NA,NA,NA,105,2025-10-17,11:59:32,1,1,"Culpepper, Brock",1000215907,Right,CAR_EAG,"Pierce, Johno",10069844,Right,CAR_EAG,Undefined,4,Top,0,0,0,Fastball,Changeup,InPlay,Undefined,GroundBall,Out,1,0,NA,84.8717,0.704871,-4.251113,1969.837059,263.488197,02:45:00,4.6853,3.03294,6.91542,-34.4727,3.1378,16.55548,2.45628,0.53408,77.20154,-5.802217,-1.230962,0.441393,94.41307,-12.310053,-15.486471,NA,NA,NA,NA,14.79377,14.73405,-15.046922,0.0938,-10.12363,1.80287,-2.77095,50,4.71769,8.58901,-123.17939,0.57096,-15.44373,26.09276,-29.42373,CAR_EAG,CAR_EAG,CarsonNewman,TeamExclusive,Team,20251017-CarsonNewman-Private-1,45ff3520-ab72-11f0-b255-238b61f5281b,85.39421,2.6041,NA,7.67015,NA,NA,NA,2.18588,2.6041,-0.52436,a29af4ea-4bf5-43b1-9c30-16536369fbae,2025-10-17,15:59:32,2025-10-17T15:59:32Z,2025-10-17T15:59:32Z,GroundBall,v3,CNE,CNE,NA,"Rogers, Jacob",1000215913,Right,CAR_EAG,1b34189f-d751-4d1d-a901-a39274c2563e,53.58816,-123.93713,13.04638,4.6887,1.42544,-14.71186,-3.02689,9.0375,-7.72187,187.53313,2.18589,130.37572,-14.61519,NA,NA,NA,NA,NA,NA,2.60382,-29.48185,18.3975,NA,NA,NA,NA,NA,NA,-0.52441,-36.11666,8.13706,NA,NA,NA,NA,NA,NA,NA,NA,NA,NA,NA,NA,NA,NA,NA,NA,NA,NA,NA,NA,NA,NA,NA,NA,NA,NA,NA,NA,High,High,High,High,High,NA,NA,NA,249.179914,23.885702,1801.130419,0.914355,02:15:00,-0.438345,-0.849603,-0.293307,11.961483,57.867591,4.36885,0.916508,177.342521,-0.399585,1.062712,0.399585,-0.018547,-0.916508,66.443454,66.42086,0.018547,0.018547,-177.342521,-66.42086,0.916508,-1.062712,-66.443454,-0.916508,-0.018547,0.399585,-0.399585,NA,NA,NA,NA,NA,NA,NA,NA,NA,NA,NA,NA
NA,NA,NA,NA,NA,NA,NA,NA,NA,NA,NA,NA,NA,NA,NA,NA,106,2025-10-17,12:00:04,2,1,"Culpepper, Brock",1000215907,Right,CAR_EAG,"Floyd, Logan",1000148156,Right,CAR_EAG,Undefined,4,Top,1,0,0,ChangeUp,Splitter,BallCalled,Undefined,Undefined,Undefined,0,0,NA,80.60014,-0.568973,-4.682326,879.058757,245.537641,02:15:00,4.8655,2.71249,7.2339,-35.61675,5.5015,9.18957,1.38072,-0.7692,73.82777,-7.311958,-2.997294,0.461518,NA,NA,NA,NA,NA,NA,NA,NA,NA,NA,NA,-6.27083,3.56264,-2.44597,50,4.82308,9.28732,-116.9531,-2.03146,-8.65706,22.7286,-27.25573,CAR_EAG,CAR_EAG,CarsonNewman,TeamExclusive,Team,20251017-CarsonNewman-Private-1,58c45a50-ab72-11f0-b255-238b61f5281b,81.67054,NA,NA,6.77237,NA,NA,NA,NA,NA,NA,a29af4ea-4bf5-43b1-9c30-16536369fbae,2025-10-17,16:00:04,2025-10-17T16:00:04Z,2025-10-17T16:00:04Z,NA,v3,CNE,CNE,NA,"Rogers, Jacob",1000215913,Right,CAR_EAG,e7eddeae-6623-41d5-8c41-03a893f04a2a,53.2675,-117.58639,11.3643,4.8691,-1.27203,-13.62787,-2.7081,9.52854,-4.32853,NA,NA,NA,NA,NA,NA,NA,NA,NA,NA,NA,NA,NA,NA,NA,NA,NA,NA,NA,NA,NA,NA,NA,NA,NA,NA,NA,NA,NA,NA,NA,NA,NA,NA,NA,NA,NA,NA,NA,NA,NA,NA,NA,NA,NA,NA,NA,NA,NA,NA,High,High,High,NA,NA,NA,NA,NA,267.20789,-0.654314,879.001436,0.999935,03:00:00,0.01729,-0.998585,-0.050288,-95.799896,-26.599994,81.864146,0.378505,102.327556,-0.19761600000000001,64.723476,0.19761600000000001,-0.904258,-0.378505,62.431175,22.241131,0.904258,0.904258,-102.327556,-22.241131,0.378505,-64.723476,-62.431175,-0.378505,-0.904258,0.19761600000000001,-0.19761600000000001,NA,NA,NA,NA,NA,NA,NA,NA,NA,NA,NA,NA
NA,NA,NA,NA,NA,NA,NA,NA,NA,NA,NA,NA,NA,NA,NA,NA,107,2025-10-17,12:00:19,2,2,"Culpepper, Brock",1000215907,Right,CAR_EAG,"Floyd, Logan",1000148156,Right,CAR_EAG,Undefined,4,Top,1,1,0,Slider,Curveball,StrikeSwinging,Undefined,Undefined,Undefined,0,0,NA,76.40832,2.189936,-2.969613,2466.923539,45.432549,07:30:00,4.66317,2.9092,6.53584,-53.45912,-6.22426,-7.90626,2.22074,-0.47612,69.65913,-7.751534,-4.402552,0.494655,NA,NA,NA,NA,NA,NA,NA,NA,NA,NA,NA,3.20425,-3.43213,-2.70004,50,4.7934,6.01825,-110.87378,2.73696,3.94292,21.94346,-36.39741,CAR_EAG,CAR_EAG,CarsonNewman,TeamExclusive,Team,20251017-CarsonNewman-Private-1,61e9a950-ab72-11f0-b255-238b61f5281b,76.19939,NA,NA,6.74919,NA,NA,NA,NA,NA,NA,a29af4ea-4bf5-43b1-9c30-16536369fbae,2025-10-17,16:00:19,2025-10-17T16:00:19Z,2025-10-17T16:00:19Z,NA,v3,CNE,CNE,NA,"Rogers, Jacob",1000215913,Right,CAR_EAG,0f8de386-0e85-491a-97cb-0b31e6d1a81f,53.96706,-111.65616,10.97173,4.67268,4.03468,-18.1987,-2.91211,5.87767,1.97146,NA,NA,NA,NA,NA,NA,NA,NA,NA,NA,NA,NA,NA,NA,NA,NA,NA,NA,NA,NA,NA,NA,NA,NA,NA,NA,NA,NA,NA,NA,NA,NA,NA,NA,NA,NA,NA,NA,NA,NA,NA,NA,NA,NA,NA,NA,NA,NA,NA,NA,High,High,High,NA,NA,NA,NA,NA,29.627215,60.896882,1199.869504,0.486383,07:00:00,-0.840856,0.273658,0.466982,55.695716,26.62807,38.752404,-0.582869,127.809456,-0.498133,-39.938936,0.498133,-0.641971,0.582869,49.48205,-35.65261,0.641971,-0.641971,-127.809456,35.65261,0.582869,39.938936,-49.48205,-0.582869,0.641971,0.498133,-0.498133,NA,NA,NA,NA,NA,NA,NA,NA,NA,NA,NA,NA
NA,NA,NA,NA,NA,NA,NA,NA,NA,NA,NA,NA,NA,NA,NA,NA,108,2025-10-17,12:00:37,2,3,"Culpepper, Brock",1000215907,Right,CAR_EAG,"Floyd, Logan",1000148156,Right,CAR_EAG,Undefined,4,Top,1,1,1,ChangeUp,Splitter,FoulBallNotFieldable,Undefined,Undefined,Undefined,0,0,NA,81.40037,0.03071,-3.024552,1027.261245,254.110468,02:30:00,4.88205,2.72769,7.10333,-35.434,5.19205,13.38646,1.95713,1.09623,74.01097,-6.694565,-0.567933,0.458748,95.50643,21.586514,-46.140742,2706.636048,72.44785,32.74285,-82.77239,275.15738,148.12543,-56.003774,2.982519,-8.16205,3.15425,-2.55129,50,4.8729,5.82549,-118.2983,-0.82159,-11.43597,24.94192,-27.75458,CAR_EAG,CAR_EAG,CarsonNewman,TeamExclusive,Team,20251017-CarsonNewman-Private-1,6c5f6d20-ab72-11f0-b255-238b61f5281b,82.16379,35.99627,NA,7.38939,NA,NA,NA,2.83164,2.36643,-1.01078,a29af4ea-4bf5-43b1-9c30-16536369fbae,2025-10-17,16:00:37,2025-10-17T16:00:37Z,2025-10-17T16:00:37Z,LineDrive,v3,CNE,CNE,NA,"Rogers, Jacob",1000215913,Right,CAR_EAG,6647b2ce-5eaa-4067-ad0a-1f9668a09c47,53.39949,-119.01288,12.47096,4.88505,-0.02642,-13.87729,-2.72289,6.15313,-5.71799,NA,2.83165,90.24924,-20.52325,4.17128,-0.96527,0.20354,-0.03663,0.00455,-2.7e-4,2.36644,51.53429,-22.67204,2.85289,-0.656,0.14403,-0.02455,0.00297,-1.8e-4,-1.01079,-93.91677,8.73216,-1.60084,0.36797,-0.07719,0.01414,-0.00177,1e-4,NA,NA,NA,NA,NA,NA,NA,NA,NA,NA,NA,NA,NA,NA,NA,NA,NA,NA,NA,NA,NA,NA,High,High,High,High,Low,NA,NA,NA,258.512492,-14.51051,994.493353,0.968102,02:30:00,0.239528,-0.948843,-0.205727,78.417219,48.241885,67.162507,0.366887,117.712454,-0.432605,55.442467,0.432605,-0.823557,-0.366887,40.300864,21.52378,0.823557,0.823557,-117.712454,-21.52378,0.366887,-55.442467,-40.300864,-0.366887,-0.823557,0.432605,-0.432605,NA,NA,NA,NA,NA,NA,NA,NA,NA,NA,NA,NA
NA,NA,NA,NA,NA,NA,NA,NA,NA,NA,NA,NA,NA,NA,NA,NA,109,2025-10-17,12:01:02,2,4,"Culpepper, Brock",1000215907,Right,CAR_EAG,"Floyd, Logan",1000148156,Right,CAR_EAG,Undefined,4,Top,1,1,2,Slider,Curveball,InPlay,Undefined,GroundBall,Out,1,0,NA,77.22384,2.656599,-2.256198,2252.4892,55.104133,07:45:00,4.71977,2.95175,6.40125,-56.10916,-9.94016,-16.28265,2.49079,-0.48112,70.88009,-7.717815,-5.201014,0.489042,62.19905,-44.437126,-25.891609,NA,NA,NA,NA,5.47293,5.47293,-8.990379,0.041954,7.8989,-5.64303,-2.7825,50,4.88484,4.96226,-112.18201,3.58293,10.00706,21.40188,-39.32319,CAR_EAG,CAR_EAG,CarsonNewman,TeamExclusive,Team,20251017-CarsonNewman-Private-1,7b4953f0-ab72-11f0-b255-238b61f5281b,77.07396,2.69305,NA,6.34376,NA,NA,NA,2.93489,2.69305,0.34406,a29af4ea-4bf5-43b1-9c30-16536369fbae,2025-10-17,16:01:02,2025-10-17T16:01:02Z,2025-10-17T16:01:02Z,GroundBall,v3,CNE,CNE,NA,"Rogers, Jacob",1000215913,Right,CAR_EAG,ed25e639-6161-4ea1-9f30-9bf0d6bbffe0,54.10524,-112.96249,10.70094,4.72803,5.01695,-19.6616,-2.95681,4.59733,5.00353,NA,2.9329,58.89283,NA,NA,NA,NA,NA,NA,NA,2.69522,-64.19023,NA,NA,NA,NA,NA,NA,NA,0.34503,-28.58617,NA,NA,NA,NA,NA,NA,NA,NA,NA,NA,NA,NA,NA,NA,NA,NA,NA,NA,NA,NA,NA,NA,NA,NA,NA,NA,NA,NA,NA,High,High,High,Estimated,Estimated,NA,NA,NA,29.945797,52.443245,1372.998023,0.609547,07:00:00,-0.756399,0.340691,0.558382,67.082999,4.691899,19.475947,-0.690489,117.221822,-0.330883,-40.032849,0.330883,-0.643227,0.690489,64.396203,-43.668862,0.643227,-0.643227,-117.221822,43.668862,0.690489,40.032849,-64.396203,-0.690489,0.643227,0.330883,-0.330883,NA,NA,NA,NA,NA,NA,NA,NA,NA,NA,NA,NA
NA,NA,NA,NA,NA,NA,NA,NA,NA,NA,NA,NA,NA,NA,NA,NA,110,2025-10-17,12:01:33,3,1,"Culpepper, Brock",1000215907,Right,CAR_EAG,"Rodriguez, Sebastian",10180804,Left,CAR_EAG,Undefined,4,Top,2,0,0,Fastball,Sinker,StrikeCalled,Undefined,Undefined,Undefined,0,0,NA,87.66504,0.243426,-4.698999,1957.507567,244.236658,02:15:00,4.91679,2.69171,6.68612,-27.46643,7.60807,13.6856,2.85133,-0.47553,80.83258,-4.917416,-2.217315,0.426253,NA,NA,NA,NA,NA,NA,NA,NA,NA,NA,NA,-8.35658,4.28055,-2.3821,50,4.92215,9.94974,-127.24545,-0.2554,-13.84371,23.56267,-25.08276,CAR_EAG,CAR_EAG,CarsonNewman,TeamExclusive,Team,20251017-CarsonNewman-Private-1,8d823eb0-ab72-11f0-b255-238b61f5281b,88.42741,NA,NA,6.83246,NA,NA,NA,NA,NA,NA,a29af4ea-4bf5-43b1-9c30-16536369fbae,2025-10-17,16:01:33,2025-10-17T16:01:33Z,2025-10-17T16:01:33Z,NA,v3,CNE,CNE,NA,"Rogers, Jacob",1000215913,Right,CAR_EAG,a0f1f7fb-bd60-46b3-b425-3ada0c4aad1f,53.81697,-127.95031,11.78134,4.91857,0.49492,-12.54138,-2.68593,10.36387,-6.92185,NA,NA,NA,NA,NA,NA,NA,NA,NA,NA,NA,NA,NA,NA,NA,NA,NA,NA,NA,NA,NA,NA,NA,NA,NA,NA,NA,NA,NA,NA,NA,NA,NA,NA,NA,NA,NA,NA,NA,NA,NA,NA,NA,NA,NA,NA,NA,NA,NA,NA,High,High,High,NA,NA,NA,NA,NA,241.608822,29.728108,1699.876758,0.868388,02:00:00,-0.531274,-0.761826,-0.370632,47.665973,75.715687,41.575539,-0.860869,164.484217,-0.490283,-7.822976,0.490283,-0.136113,0.860869,60.337608,-59.414346,0.136113,-0.136113,-164.484217,59.414346,0.860869,7.822976,-60.337608,-0.860869,0.136113,0.490283,-0.490283,NA,NA,NA,NA,NA,NA,NA,NA,NA,NA,NA,NA
NA,NA,NA,NA,NA,NA,NA,NA,NA,NA,NA,NA,NA,NA,NA,NA,111,2025-10-17,12:01:46,3,2,"Culpepper, Brock",1000215907,Right,CAR_EAG,"Rodriguez, Sebastian",10180804,Left,CAR_EAG,Undefined,4,Top,2,0,1,ChangeUp,Splitter,BallCalled,Undefined,Undefined,Undefined,0,0,NA,82.33689,-0.829197,-5.304154,885.058306,281.654797,03:30:00,4.8654,2.47365,6.85543,-39.59085,-0.01626,5.42532,0.80687,-1.92399,76.50382,-8.187978,-4.318,0.452772,NA,NA,NA,NA,NA,NA,NA,NA,NA,NA,NA,-4.27587,0.43043,-2.13637,50,4.79753,10.92199,-119.47129,-2.8085,-6.23588,21.06879,-31.54629,CAR_EAG,CAR_EAG,CarsonNewman,TeamExclusive,Team,20251017-CarsonNewman-Private-1,95ca7420-ab72-11f0-b255-238b61f5281b,83.24813,NA,NA,5.83307,NA,NA,NA,NA,NA,NA,a29af4ea-4bf5-43b1-9c30-16536369fbae,2025-10-17,16:01:46,2025-10-17T16:01:46Z,2025-10-17T16:01:46Z,NA,v3,CNE,CNE,NA,"Rogers, Jacob",1000215913,Right,CAR_EAG,92f18b13-6889-440f-b8ff-46542f0f21a2,53.65063,-120.11336,10.53439,4.86847,-1.84714,-15.77315,-2.47211,11.11203,-3.11794,NA,NA,NA,NA,NA,NA,NA,NA,NA,NA,NA,NA,NA,NA,NA,NA,NA,NA,NA,NA,NA,NA,NA,NA,NA,NA,NA,NA,NA,NA,NA,NA,NA,NA,NA,NA,NA,NA,NA,NA,NA,NA,NA,NA,NA,NA,NA,NA,NA,NA,High,High,High,NA,NA,NA,NA,NA,276.06042,13.793463,859.53454,0.971161,03:15:00,-0.213983,-0.969083,0.12284,-78.428956,-20.24132,81.100496,0.886837,109.301691,-0.152738,25.855889,0.152738,-0.436109,-0.886837,80.227962,62.478451,0.436109,0.436109,-109.301691,-62.478451,0.886837,-25.855889,-80.227962,-0.886837,-0.436109,0.152738,-0.152738,NA,NA,NA,NA,NA,NA,NA,NA,NA,NA,NA,NA
NA,NA,NA,NA,NA,NA,NA,NA,NA,NA,NA,NA,NA,NA,NA,NA,112,2025-10-17,12:02:08,3,3,"Culpepper, Brock",1000215907,Right,CAR_EAG,"Rodriguez, Sebastian",10180804,Left,CAR_EAG,Undefined,4,Top,2,1,1,Slider,Curveball,StrikeCalled,Undefined,Undefined,Undefined,0,0,NA,76.73187,2.216475,-0.626425,2367.071228,59.590077,08:00:00,4.72226,2.68662,6.37953,-52.2329,-6.12918,-12.58568,2.40987,1.06147,71.20389,-7.434485,-2.906999,0.488697,NA,NA,NA,NA,NA,NA,NA,NA,NA,NA,NA,6.40162,-3.3424,-2.63599,50,4.85826,1.64538,-111.67574,2.80598,8.1573,18.41202,-36.43313,CAR_EAG,CAR_EAG,CarsonNewman,TeamExclusive,Team,20251017-CarsonNewman-Private-1,a29dfe10-ab72-11f0-b255-238b61f5281b,77.12851,NA,NA,5.52798,NA,NA,NA,NA,NA,NA,a29af4ea-4bf5-43b1-9c30-16536369fbae,2025-10-17,16:02:08,2025-10-17T16:02:08Z,2025-10-17T16:02:08Z,NA,v3,CNE,CNE,NA,"Rogers, Jacob",1000215913,Right,CAR_EAG,8d871069-ab7d-4fdf-a439-8f52157be330,54.12648,-112.35401,9.20601,4.73017,4.14813,-18.21656,-2.69107,1.34488,4.07865,NA,NA,NA,NA,NA,NA,NA,NA,NA,NA,NA,NA,NA,NA,NA,NA,NA,NA,NA,NA,NA,NA,NA,NA,NA,NA,NA,NA,NA,NA,NA,NA,NA,NA,NA,NA,NA,NA,NA,NA,NA,NA,NA,NA,NA,NA,NA,NA,NA,NA,High,High,High,NA,NA,NA,NA,NA,28.720144,56.840042,1294.736612,0.546978,07:00:00,-0.821061,0.295021,0.488693,46.291693,30.081885,29.182644,-0.552814,117.270667,-0.381816,-47.789748,0.381816,-0.740684,0.552814,55.368081,-33.560289,0.740684,-0.740684,-117.270667,33.560289,0.552814,47.789748,-55.368081,-0.552814,0.740684,0.381816,-0.381816,NA,NA,NA,NA,NA,NA,NA,NA,NA,NA,NA,NA
NA,NA,NA,NA,NA,NA,NA,NA,NA,NA,NA,NA,NA,NA,NA,NA,113,2025-10-17,12:02:29,3,4,"Culpepper, Brock",1000215907,Right,CAR_EAG,"Rodriguez, Sebastian",10180804,Left,CAR_EAG,Undefined,4,Top,2,1,2,Fastball,Sinker,BallCalled,Undefined,Undefined,Undefined,0,0,NA,88.68161,1.100847,-4.42246,2119.851126,242.098039,02:00:00,4.96415,2.64183,6.8526300000000004,-26.99147,6.90666,11.318,3.7217,-0.45528,82.04279,-3.979189,-2.363506,0.419044,NA,NA,NA,NA,NA,NA,NA,NA,NA,NA,NA,-7.03174,3.7113,-2.3624,50,5.02478,9.55087,-128.82173,1.71402,-11.9921,23.02938,-25.84473,CAR_EAG,CAR_EAG,CarsonNewman,TeamExclusive,Team,20251017-CarsonNewman-Private-1,af509280-ab72-11f0-b255-238b61f5281b,89.94872,NA,NA,6.63883,NA,NA,NA,NA,NA,NA,a29af4ea-4bf5-43b1-9c30-16536369fbae,2025-10-17,16:02:29,2025-10-17T16:02:29Z,2025-10-17T16:02:29Z,NA,v3,CNE,CNE,NA,"Rogers, Jacob",1000215913,Right,CAR_EAG,f37542d1-3a75-4946-972d-a3d5e92a2454,53.65086,-129.47275,11.51469,4.966,2.44463,-12.92237,-2.63719,9.88988,-5.99605,NA,NA,NA,NA,NA,NA,NA,NA,NA,NA,NA,NA,NA,NA,NA,NA,NA,NA,NA,NA,NA,NA,NA,NA,NA,NA,NA,NA,NA,NA,NA,NA,NA,NA,NA,NA,NA,NA,NA,NA,NA,NA,NA,NA,NA,NA,NA,NA,NA,NA,High,High,High,NA,NA,NA,NA,NA,235.760768,35.296337,1730.168489,0.816175,01:45:00,-0.624314,-0.663502,-0.412307,7.151801,55.855584,-12.743842,-0.85522,170.920432,-0.511771,-4.691191,0.511771,-0.081785,0.85522,59.103335,-58.784066,0.081785,-0.081785,-170.920432,58.784066,0.85522,4.691191,-59.103335,-0.85522,0.081785,0.511771,-0.511771,NA,NA,NA,NA,NA,NA,NA,NA,NA,NA,NA,NA
NA,NA,NA,NA,NA,NA,NA,NA,NA,NA,NA,NA,NA,NA,NA,NA,114,2025-10-17,12:02:45,3,5,"Culpepper, Brock",1000215907,Right,CAR_EAG,"Rodriguez, Sebastian",10180804,Left,CAR_EAG,Undefined,4,Top,2,2,2,Slider,Curveball,InPlay,Undefined,GroundBall,Out,1,0,NA,76.86775,2.450779,-0.830823,2558.691978,38.198777,07:15:00,4.72687,2.84192,6.44341,-56.61523,-10.65544,-9.39851,2.26259,1.2952,71.19221,-8.008022,-2.536449,0.487933,81.91179,-9.838868,-18.661917,NA,NA,NA,NA,13.88758,13.88758,-22.509055,0.107132,4.7261,-5.88752,-2.77882,50,4.87547,1.9308,-111.86271,3.15784,6.02234,19.10872,-39.67636,CAR_EAG,CAR_EAG,CarsonNewman,TeamExclusive,Team,20251017-CarsonNewman-Private-1,b8fe7270-ab72-11f0-b255-238b61f5281b,77.24918,2.1493,NA,5.67554,NA,NA,NA,0.82041,2.1493,-1.26184,a29af4ea-4bf5-43b1-9c30-16536369fbae,2025-10-17,16:02:45,2025-10-17T16:02:45Z,2025-10-17T16:02:45Z,GroundBall,v3,CNE,CNE,NA,"Rogers, Jacob",1000215913,Right,CAR_EAG,a195c932-26a4-4f1f-9908-f41cacceebe3,54.06375,-112.55475,9.55436,4.73509,4.59476,-19.83818,-2.84479,1.71269,3.01117,180.308925,0.82038,112.14964,-0.48214,NA,NA,NA,NA,NA,NA,2.14928,-20.52677,4.34117,NA,NA,NA,NA,NA,NA,-1.26183,-37.87747,0.27214,NA,NA,NA,NA,NA,NA,NA,NA,NA,NA,NA,NA,NA,NA,NA,NA,NA,NA,NA,NA,NA,NA,NA,NA,NA,NA,NA,NA,High,High,High,High,High,NA,NA,NA,31.635991,56.27158,1420.731719,0.555257,07:00:00,-0.811523,0.326541,0.484563,48.200523,26.723752,22.029977,-0.515945,114.349564,-0.353187,-51.299309,0.353187,-0.780423,0.515945,55.606584,-31.060608,0.780423,-0.780423,-114.349564,31.060608,0.515945,51.299309,-55.606584,-0.515945,0.780423,0.353187,-0.353187,NA,NA,NA,NA,NA,NA,NA,NA,NA,NA,NA,NA
NA,NA,NA,NA,NA,NA,NA,NA,NA,NA,NA,NA,NA,NA,NA,NA,115,2025-10-17,12:05:21,1,1,"Adams, Kyle",1000370208,Right,CAR_EAG,"Gibson, Aiden",10011511,Right,CAR_EAG,Undefined,4,Bottom,0,0,0,ChangeUp,Changeup,BallCalled,Undefined,Undefined,Undefined,0,0,NA,74.79223,0.528094,-4.831645,1514.425165,256.268309,02:30:00,5.24366,2.88596,5.88346,-45.64821,3.69536,9.85477,1.93184,-0.79053,69.87347,-7.819992,-3.071448,0.505576,NA,NA,NA,NA,NA,NA,NA,NA,NA,NA,NA,-6.12922,2.19744,-2.50062,50,5.2598,8.82872,-108.50607,-0.35691,-7.44753,15.56803,-29.50395,CAR_EAG,CAR_EAG,CarsonNewman,TeamExclusive,Team,20251017-CarsonNewman-Private-1,15e8c350-ab73-11f0-b255-238b61f5281b,74.5534,NA,NA,4.91876,NA,NA,NA,NA,NA,NA,a29af4ea-4bf5-43b1-9c30-16536369fbae,2025-10-17,16:05:21,2025-10-17T16:05:21Z,2025-10-17T16:05:21Z,NA,v3,CNE,CNE,NA,"Cochran, Carson",10085797,Right,CAR_EAG,36d51c50-eb20-4c8d-b55d-6260f9f54364,54.62081,-109.16703,7.78401,5.24837,0.89572,-14.75198,-2.88217,9.14491,-3.72377,NA,NA,NA,NA,NA,NA,NA,NA,NA,NA,NA,NA,NA,NA,NA,NA,NA,NA,NA,NA,NA,NA,NA,NA,NA,NA,NA,NA,NA,NA,NA,NA,NA,NA,NA,NA,NA,NA,NA,NA,NA,NA,NA,NA,NA,NA,NA,NA,NA,NA,High,High,High,NA,NA,NA,NA,NA,238.253761,27.991397,1337.264798,0.883018,02:00:00,-0.513681,-0.746549,-0.422843,-38.917598,-6.722668,25.507588,0.146171,123.062509,-0.539694,56.003773,0.539694,-0.829074,-0.146171,15.154442,8.405091,0.829074,0.829074,-123.062509,-8.405091,0.146171,-56.003773,-15.154442,-0.146171,-0.829074,0.539694,-0.539694,NA,NA,NA,NA,NA,NA,NA,NA,NA,NA,NA,NA
NA,NA,NA,NA,NA,NA,NA,NA,NA,NA,NA,NA,NA,NA,NA,NA,116,2025-10-17,12:05:35,1,2,"Adams, Kyle",1000370208,Right,CAR_EAG,"Gibson, Aiden",10011511,Right,CAR_EAG,Undefined,4,Bottom,0,1,0,Slider,Curveball,HitByPitch,Undefined,Undefined,Undefined,0,0,NA,70.34938,3.704819,-0.276227,2103.356292,56.932447,08:00:00,5.24046,2.79325,5.7814,-60.28267,-4.22103,-8.76934,3.66895,1.80545,65.35761,-7.317092,-1.845876,0.538895,NA,NA,NA,NA,NA,NA,NA,NA,NA,NA,NA,4.40496,-2.56925,-2.76508,50,5.50988,0.78627,-102.19436,4.86382,4.72246,14.67077,-34.9285,CAR_EAG,CAR_EAG,CarsonNewman,TeamExclusive,Team,20251017-CarsonNewman-Private-1,1e345420-ab73-11f0-b255-238b61f5281b,69.94392,NA,NA,4.99177,NA,NA,NA,NA,NA,NA,a29af4ea-4bf5-43b1-9c30-16536369fbae,2025-10-17,16:05:35,2025-10-17T16:05:35Z,2025-10-17T16:05:35Z,NA,v3,CNE,CNE,NA,"Cochran, Carson",10085797,Right,CAR_EAG,fceab028-dd94-4a74-acc2-f00b907dc229,54.72441,-102.87035,7.33538,5.24868,6.47323,-17.46425,-2.7963,0.56867,2.36123,NA,NA,NA,NA,NA,NA,NA,NA,NA,NA,NA,NA,NA,NA,NA,NA,NA,NA,NA,NA,NA,NA,NA,NA,NA,NA,NA,NA,NA,NA,NA,NA,NA,NA,NA,NA,NA,NA,NA,NA,NA,NA,NA,NA,NA,NA,NA,NA,NA,NA,High,High,High,NA,NA,NA,NA,NA,64.609107,64.482731,906.090381,0.430783,08:15:00,-0.874522,0.446671,0.188934,-111.359486,7.745537,30.662247,0.545114,150.631931,-0.730622,24.276968,0.730622,-0.411148,-0.545114,36.726463,33.032443,0.411148,0.411148,-150.631931,-33.032443,0.545114,-24.276968,-36.726463,-0.545114,-0.411148,0.730622,-0.730622,NA,NA,NA,NA,NA,NA,NA,NA,NA,NA,NA,NA
NA,NA,NA,NA,NA,NA,NA,NA,NA,NA,NA,NA,NA,NA,NA,NA,117,2025-10-17,12:06:03,2,1,"Adams, Kyle",1000370208,Right,CAR_EAG,"Wyatt, Jack",10013525,Right,CAR_EAG,Undefined,4,Bottom,0,0,0,Fastball,Changeup,BallCalled,Undefined,Undefined,Undefined,0,0,NA,79.7805,1.721464,-2.607625,2121.918227,259.177097,02:45:00,5.00186,2.97592,6.35318,-38.70549,4.33654,15.8606,3.3631,1.89571,73.16711,-5.499678,0.260785,0.472191,NA,NA,NA,NA,NA,NA,NA,NA,NA,NA,NA,-8.933,2.21213,-2.79353,50,5.10893,4.71011,-115.90136,2.35993,-12.18435,21.10637,-29.1568,CAR_EAG,CAR_EAG,CarsonNewman,TeamExclusive,Team,20251017-CarsonNewman-Private-1,2ec9ef20-ab73-11f0-b255-238b61f5281b,79.82455,NA,NA,6.61339,NA,NA,NA,NA,NA,NA,a29af4ea-4bf5-43b1-9c30-16536369fbae,2025-10-17,16:06:03,2025-10-17T16:06:03Z,2025-10-17T16:06:03Z,NA,v3,CNE,CNE,NA,"Cochran, Carson",10085797,Right,CAR_EAG,c2a483e6-63a3-4e94-8c2d-eb38171dff64,54.14968,-116.65459,10.55319,5.00615,3.40047,-14.5784,-2.96938,5.14493,-6.09218,NA,NA,NA,NA,NA,NA,NA,NA,NA,NA,NA,NA,NA,NA,NA,NA,NA,NA,NA,NA,NA,NA,NA,NA,NA,NA,NA,NA,NA,NA,NA,NA,NA,NA,NA,NA,NA,NA,NA,NA,NA,NA,NA,NA,NA,NA,NA,NA,NA,NA,High,High,High,NA,NA,NA,NA,NA,239.10531,35.920595,1718.394772,0.809831,02:00:00,-0.625564,-0.676989,-0.387758,78.686717,58.381818,44.13032,0.97765,133.390046,-0.144426,8.788007,0.144426,-0.152779,-0.97765,81.596627,77.863678,0.152779,0.152779,-133.390046,-77.863678,0.97765,-8.788007,-81.596627,-0.97765,-0.152779,0.144426,-0.144426,NA,NA,NA,NA,NA,NA,NA,NA,NA,NA,NA,NA
NA,NA,NA,NA,NA,NA,NA,NA,NA,NA,NA,NA,NA,NA,NA,NA,118,2025-10-17,12:06:39,2,2,"Adams, Kyle",1000370208,Right,CAR_EAG,"Wyatt, Jack",10013525,Right,CAR_EAG,Undefined,4,Bottom,0,1,0,ChangeUp,Changeup,BallCalled,Undefined,Undefined,Undefined,0,0,NA,74.12891,2.240421,-1.453356,1415.190843,254.970088,02:30:00,5.06763,3.0556,5.94803,-46.99644,3.61603,7.78603,3.23111,2.35608,68.107,-6.446551,-0.055095,0.512036,NA,NA,NA,NA,NA,NA,NA,NA,NA,NA,NA,-4.35866,1.76154,-2.9441,50,5.21994,2.45528,-107.64366,2.83627,-5.13111,18.10279,-30.10031,CAR_EAG,CAR_EAG,CarsonNewman,TeamExclusive,Team,20251017-CarsonNewman-Private-1,4415e640-ab73-11f0-b255-238b61f5281b,73.61292,NA,NA,6.02191,NA,NA,NA,NA,NA,NA,a29af4ea-4bf5-43b1-9c30-16536369fbae,2025-10-17,16:06:39,2025-10-17T16:06:39Z,2025-10-17T16:06:39Z,NA,v3,CNE,CNE,NA,"Cochran, Carson",10085797,Right,CAR_EAG,191de1eb-57db-4e78-8bce-63c8cd3b534f,54.55353,-108.40673,9.05139,5.07365,4.10507,-15.05016,-3.05216,2.67157,-2.56555,NA,NA,NA,NA,NA,NA,NA,NA,NA,NA,NA,NA,NA,NA,NA,NA,NA,NA,NA,NA,NA,NA,NA,NA,NA,NA,NA,NA,NA,NA,NA,NA,NA,NA,NA,NA,NA,NA,NA,NA,NA,NA,NA,NA,NA,NA,NA,NA,NA,NA,High,High,High,NA,NA,NA,NA,NA,242.072798,32.554752,1192.832683,0.842878,02:00:00,-0.576637,-0.723114,-0.380258,-51.016434,-14.653077,22.917465,0.151202,116.783409,-0.445438,61.939664,0.445438,-0.882453,-0.151202,18.749507,8.69657,0.882453,0.882453,-116.783409,-8.69657,0.151202,-61.939664,-18.749507,-0.151202,-0.882453,0.445438,-0.445438,NA,NA,NA,NA,NA,NA,NA,NA,NA,NA,NA,NA
NA,NA,NA,NA,NA,NA,NA,NA,NA,NA,NA,NA,NA,NA,NA,NA,119,2025-10-17,12:06:59,2,3,"Adams, Kyle",1000370208,Right,CAR_EAG,"Wyatt, Jack",10013525,Right,CAR_EAG,Undefined,4,Bottom,0,2,0,ChangeUp,Changeup,BallCalled,Undefined,Undefined,Undefined,0,0,NA,72.86733,1.797509,-1.514998,1329.251251,243.412459,02:00:00,5.09249,3.08412,5.85672,-47.98786,4.95284,6.4502,2.76479,2.21365,66.55314,-7.079027,-0.35823,0.52368,NA,NA,NA,NA,NA,NA,NA,NA,NA,NA,NA,-3.71355,2.5698,-2.96474,50,5.21088,2.56739,-105.72941,1.92535,-4.18488,18.77669,-29.2781,CAR_EAG,CAR_EAG,CarsonNewman,TeamExclusive,Team,20251017-CarsonNewman-Private-1,4ff54c30-ab73-11f0-b255-238b61f5281b,71.97605,NA,NA,6.31419,NA,NA,NA,NA,NA,NA,a29af4ea-4bf5-43b1-9c30-16536369fbae,2025-10-17,16:06:59,2025-10-17T16:06:59Z,2025-10-17T16:06:59Z,NA,v3,CNE,CNE,NA,"Cochran, Carson",10085797,Right,CAR_EAG,d7c1cb96-4b3d-459c-8b26-5fa6189d9aa7,54.64331,-106.55083,9.38835,5.09864,3.20618,-14.63905,-3.08106,2.75047,-2.09244,NA,NA,NA,NA,NA,NA,NA,NA,NA,NA,NA,NA,NA,NA,NA,NA,NA,NA,NA,NA,NA,NA,NA,NA,NA,NA,NA,NA,NA,NA,NA,NA,NA,NA,NA,NA,NA,NA,NA,NA,NA,NA,NA,NA,NA,NA,NA,NA,NA,NA,High,High,High,NA,NA,NA,NA,NA,240.407042,36.620164,1066.867155,0.802608,02:00:00,-0.628368,-0.678858,-0.379875,-58.741346,-14.650999,13.211247,0.11989,122.417061,-0.532212,56.937877,0.532212,-0.83808,-0.11989,12.694923,6.885726,0.83808,0.83808,-122.417061,-6.885726,0.11989,-56.937877,-12.694923,-0.11989,-0.83808,0.532212,-0.532212,NA,NA,NA,NA,NA,NA,NA,NA,NA,NA,NA,NA
NA,NA,NA,NA,NA,NA,NA,NA,NA,NA,NA,NA,NA,NA,NA,NA,120,2025-10-17,12:07:19,2,4,"Adams, Kyle",1000370208,Right,CAR_EAG,"Wyatt, Jack",10013525,Right,CAR_EAG,Undefined,4,Bottom,0,3,0,Fastball,Changeup,BallCalled,Walk,Undefined,Undefined,0,0,NA,76.20309,0.939972,-1.741663,1963.125717,199.185385,12:45:00,5.21408,2.86277,5.93371,-36.98203,10.23508,3.13555,3.00484,1.50764,70.98285,-5.890965,-1.1788130000000001,0.494562,NA,NA,NA,NA,NA,NA,NA,NA,NA,NA,NA,-2.00134,5.44209,-2.72539,50,5.26804,3.25964,-110.84517,0.73912,-2.53608,16.37359,-25.27789,CAR_EAG,CAR_EAG,CarsonNewman,TeamExclusive,Team,20251017-CarsonNewman-Private-1,5c3f81e0-ab73-11f0-b255-238b61f5281b,76.21372,NA,NA,5.22024,NA,NA,NA,NA,NA,NA,a29af4ea-4bf5-43b1-9c30-16536369fbae,2025-10-17,16:07:19,2025-10-17T16:07:19Z,2025-10-17T16:07:19Z,NA,v3,CNE,CNE,NA,"Cochran, Carson",10085797,Right,CAR_EAG,ce361ee7-50fe-4124-86eb-e775044c65e0,54.56884,-111.51802,8.18679,5.21632,1.77788,-12.63894,-2.86149,3.36385,-1.26804,NA,NA,NA,NA,NA,NA,NA,NA,NA,NA,NA,NA,NA,NA,NA,NA,NA,NA,NA,NA,NA,NA,NA,NA,NA,NA,NA,NA,NA,NA,NA,NA,NA,NA,NA,NA,NA,NA,NA,NA,NA,NA,NA,NA,NA,NA,NA,NA,NA,NA,High,High,High,NA,NA,NA,NA,NA,235.11427,50.427866,1250.607613,0.637049,01:45:00,-0.790006,-0.509852,-0.340502,-72.963643,-22.245847,-60.804733,-0.048325,175.77361200000001,-0.996115,-4.221442,0.996115,-0.073611,0.048325,2.777426,-2.769884,0.073611,-0.073611,-175.77361200000001,2.769884,0.048325,4.221442,-2.777426,-0.048325,0.073611,0.996115,-0.996115,NA,NA,NA,NA,NA,NA,NA,NA,NA,NA,NA,NA
NA,NA,NA,NA,NA,NA,NA,NA,NA,NA,NA,NA,NA,NA,NA,NA,121,2025-10-17,12:08:37,3,1,"Adams, Kyle",1000370208,Right,CAR_EAG,"Nathan, Cole",1000323259,Right,CAR_EAG,Undefined,4,Bottom,0,0,0,Slider,Curveball,BallCalled,Undefined,Undefined,Undefined,0,0,NA,70.52225,0.682888,-3.815993,2062.654246,44.476041,07:30:00,5.2261,2.54273,5.94267,-59.27842,-3.17878,-4.7554,0.92115,-1.39869,65.45825,-10.140448,-4.668537,0.539078,NA,NA,NA,NA,NA,NA,NA,NA,NA,NA,NA,1.39315,-1.2676,-2.23549,50,5.24749,6.98184,-102.3204,-0.4615,1.47945,16.61291,-33.52018,CAR_EAG,CAR_EAG,CarsonNewman,TeamExclusive,Team,20251017-CarsonNewman-Private-1,8ab4aa50-ab73-11f0-b255-238b61f5281b,69.92022,NA,NA,5.06401,NA,NA,NA,NA,NA,NA,a29af4ea-4bf5-43b1-9c30-16536369fbae,2025-10-17,16:08:37,2025-10-17T16:08:37Z,2025-10-17T16:08:37Z,NA,v3,CNE,CNE,NA,"Cochran, Carson",10085797,Right,CAR_EAG,58c2e14b-59ca-40cf-99bd-ba4775cc9668,54.56114,-103.05829,8.30646,5.23492,1.02736,-16.76009,-2.54414,6.91613,0.73972,NA,NA,NA,NA,NA,NA,NA,NA,NA,NA,NA,NA,NA,NA,NA,NA,NA,NA,NA,NA,NA,NA,NA,NA,NA,NA,NA,NA,NA,NA,NA,NA,NA,NA,NA,NA,NA,NA,NA,NA,NA,NA,NA,NA,NA,NA,NA,NA,NA,NA,High,High,High,NA,NA,NA,NA,NA,55.726789,74.472526,552.173416,0.2677,07:45:00,-0.948634,0.232685,0.214362,-109.550803,7.250764,37.830018,0.629258,150.341601,-0.675377,22.617585,0.675377,-0.384579,-0.629258,42.975405,38.995366,0.384579,0.384579,-150.341601,-38.995366,0.629258,-22.617585,-42.975405,-0.629258,-0.384579,0.675377,-0.675377,NA,NA,NA,NA,NA,NA,NA,NA,NA,NA,NA,NA
NA,NA,NA,NA,NA,NA,NA,NA,NA,NA,NA,NA,NA,NA,NA,NA,122,2025-10-17,12:09:36,3,2,"Adams, Kyle",1000370208,Right,CAR_EAG,"Nathan, Cole",1000323259,Right,CAR_EAG,Undefined,4,Bottom,0,1,0,Slider,Curveball,StrikeCalled,Undefined,Undefined,Undefined,0,0,NA,71.28983,2.869925,-1.359459,2052.947639,42.192994,07:30:00,5.22804,2.6975,6.10116,-59.14822,-4.58638,-5.65961,2.95634,0.96829,65.58131,-8.035312,-2.378807,0.531638,NA,NA,NA,NA,NA,NA,NA,NA,NA,NA,NA,2.52378,-2.58685,-2.59005,50,5.41854,2.64591,-103.52195,3.51958,2.73888,17.27465,-34.9814,CAR_EAG,CAR_EAG,CarsonNewman,TeamExclusive,Team,20251017-CarsonNewman-Private-1,ae16e490-ab73-11f0-b255-238b61f5281b,70.89869,NA,NA,5.70852,NA,NA,NA,NA,NA,NA,a29af4ea-4bf5-43b1-9c30-16536369fbae,2025-10-17,16:09:36,2025-10-17T16:09:36Z,2025-10-17T16:09:36Z,NA,v3,CNE,CNE,NA,"Cochran, Carson",10085797,Right,CAR_EAG,5ea128e8-c6f3-4858-94c0-bd9c803ea4a4,54.40242,-104.25399,8.63733,5.23799,5.00198,-17.4907,-2.69971,2.52984,1.36944,NA,NA,NA,NA,NA,NA,NA,NA,NA,NA,NA,NA,NA,NA,NA,NA,NA,NA,NA,NA,NA,NA,NA,NA,NA,NA,NA,NA,NA,NA,NA,NA,NA,NA,NA,NA,NA,NA,NA,NA,NA,NA,NA,NA,NA,NA,NA,NA,NA,NA,High,High,High,NA,NA,NA,NA,NA,57.725202,67.516412,785.08571,0.382419,08:00:00,-0.901541,0.369191,0.225657,-102.539493,8.074585,33.472887,0.574827,157.142624,-0.75402,18.532921,0.75402,-0.317849,-0.574827,37.320104,35.087529,0.317849,0.317849,-157.142624,-35.087529,0.574827,-18.532921,-37.320104,-0.574827,-0.317849,0.75402,-0.75402,NA,NA,NA,NA,NA,NA,NA,NA,NA,NA,NA,NA
NA,NA,NA,NA,NA,NA,NA,NA,NA,NA,NA,NA,NA,NA,NA,NA,123,2025-10-17,12:09:55,3,3,"Adams, Kyle",1000370208,Right,CAR_EAG,"Nathan, Cole",1000323259,Right,CAR_EAG,Undefined,4,Bottom,0,1,1,ChangeUp,Changeup,InPlay,Undefined,GroundBall,Out,1,0,NA,75.48495,0.938226,-3.845367,1553.336319,262.46176,02:45:00,5.16926,2.61104,6.24569,-45.12443,3.13008,12.76717,2.2763,0.12282,69.60938,-7.420325,-1.543938,0.499966,100.6603,4.958874,-15.594844,1409.662156,NA,NA,NA,95.17071,95.17071,-16.973768,0.686484,-7.67713,1.78291,-2.33073,50,5.2168,6.94018,-109.58275,0.53169,-9.38081,18.4786,-29.99548,CAR_EAG,CAR_EAG,CarsonNewman,TeamExclusive,Team,20251017-CarsonNewman-Private-1,b91168c0-ab73-11f0-b255-238b61f5281b,75.39002,4.03685,NA,5.87558,NA,NA,NA,1.98085,2.40793,-0.14344,a29af4ea-4bf5-43b1-9c30-16536369fbae,2025-10-17,16:09:55,2025-10-17T16:09:55Z,2025-10-17T16:09:55Z,GroundBall,v3,CNE,CNE,NA,"Cochran, Carson",10085797,Right,CAR_EAG,1adc82d8-edfc-42e5-9d62-4e8333f0f457,54.25847,-110.2985,9.2393,5.17371,1.69354,-14.99774,-2.60659,7.30354,-4.6904,40.733416,2.00757,141.14318,-16.76392,NA,NA,NA,NA,NA,NA,2.44959,11.94155,-22.6762,NA,NA,NA,NA,NA,NA,-0.13064,-39.79429,-0.73525,NA,NA,NA,NA,NA,NA,NA,NA,NA,NA,NA,NA,NA,NA,NA,NA,NA,NA,NA,NA,NA,NA,NA,NA,NA,NA,NA,NA,High,High,High,High,High,NA,NA,NA,237.109095,30.56706,1337.476225,0.861035,02:00:00,-0.550503,-0.714592,-0.43163,-52.422409,-20.671354,18.545926,0.195943,119.514439,-0.483093,58.579281,0.483093,-0.853362,-0.195943,22.077544,11.299831,0.853362,0.853362,-119.514439,-11.299831,0.195943,-58.579281,-22.077544,-0.195943,-0.853362,0.483093,-0.483093,NA,NA,NA,NA,NA,NA,NA,NA,NA,NA,NA,NA
NA,NA,NA,NA,NA,NA,NA,NA,NA,NA,NA,NA,NA,NA,NA,NA,124,2025-10-17,12:10:35,4,1,"Adams, Kyle",1000370208,Right,CAR_EAG,"Benner, Seth",1000370212,Right,CAR_EAG,Undefined,4,Bottom,1,0,0,Slider,Curveball,StrikeCalled,Undefined,Undefined,Undefined,0,0,NA,71.81589,2.417983,-1.497597,2183.065929,45.421026,07:30:00,5.1918,2.69884,5.89771,-59.56283,-5.60815,-7.28575,2.47527,0.70096,66.40648,-8.496059,-2.805313,0.528672,NA,NA,NA,NA,NA,NA,NA,NA,NA,NA,NA,3.3204,-2.99421,-2.57413,50,5.35253,2.97628,-104.33721,2.65668,3.67428,16.92404,-35.48739,CAR_EAG,CAR_EAG,CarsonNewman,TeamExclusive,Team,20251017-CarsonNewman-Private-1,d0b336c0-ab73-11f0-b255-238b61f5281b,71.29651,NA,NA,5.40941,NA,NA,NA,NA,NA,NA,a29af4ea-4bf5-43b1-9c30-16536369fbae,2025-10-17,16:10:35,2025-10-17T16:10:35Z,2025-10-17T16:10:35Z,NA,v3,CNE,CNE,NA,"Cochran, Carson",10085797,Right,CAR_EAG,63f749cb-3d4e-4dfc-9349-3e15ddd5d410,54.60703,-105.08183,8.46202,5.20129,4.21806,-17.74369,-2.70153,2.81462,1.83714,NA,NA,NA,NA,NA,NA,NA,NA,NA,NA,NA,NA,NA,NA,NA,NA,NA,NA,NA,NA,NA,NA,NA,NA,NA,NA,NA,NA,NA,NA,NA,NA,NA,NA,NA,NA,NA,NA,NA,NA,NA,NA,NA,NA,NA,NA,NA,NA,NA,NA,High,High,High,NA,NA,NA,NA,NA,64.521032,67.452962,837.078684,0.383442,08:15:00,-0.903518,0.384806,0.188627,-99.698718,6.618377,36.653273,0.513582,161.563488,-0.814001,15.74512,0.814001,-0.271358,-0.513582,32.249254,30.902709,0.271358,0.271358,-161.563488,-30.902709,0.513582,-15.74512,-32.249254,-0.513582,-0.271358,0.814001,-0.814001,NA,NA,NA,NA,NA,NA,NA,NA,NA,NA,NA,NA
NA,NA,NA,NA,NA,NA,NA,NA,NA,NA,NA,NA,NA,NA,NA,NA,125,2025-10-17,12:10:52,4,2,"Adams, Kyle",1000370208,Right,CAR_EAG,"Benner, Seth",1000370212,Right,CAR_EAG,Undefined,4,Bottom,1,0,1,ChangeUp,Changeup,InPlay,Undefined,GroundBall,Out,1,0,NA,76.15367,-0.174153,-4.308268,1521.495445,239.016278,02:00:00,5.09167,2.71243,6.17608,-39.93108,7.26914,9.94296,1.60278,-0.44551,70.83951,-7.548316,-2.52016,0.494474,62.19917,-16.511015,-36.493344,NA,NA,NA,NA,8.08311,8.08311,-23.356127,0.068169,-6.2237,4.18248,-2.39113,50,5.05775,7.99872,-110.56424,-1.46169,-7.81094,17.14963,-26.9249,CAR_EAG,CAR_EAG,CarsonNewman,TeamExclusive,Team,20251017-CarsonNewman-Private-1,db0238b0-ab73-11f0-b255-238b61f5281b,76.22736,1.77296,NA,5.31416,NA,NA,NA,2.61234,1.77296,0.35268,a29af4ea-4bf5-43b1-9c30-16536369fbae,2025-10-17,16:10:52,2025-10-17T16:10:52Z,2025-10-17T16:10:52Z,GroundBall,v3,CNE,CNE,NA,"Cochran, Carson",10085797,Right,CAR_EAG,652f8138-3c68-4578-ae7a-9b8490823c50,54.32842,-111.2336,8.57482,5.09429,-0.4108,-13.46245,-2.70928,8.30359,-3.90547,180,2.60989,70.5372,NA,NA,NA,NA,NA,NA,NA,1.77386,-26.00839,NA,NA,NA,NA,NA,NA,NA,0.35449,-52.1821,NA,NA,NA,NA,NA,NA,NA,NA,NA,NA,NA,NA,NA,NA,NA,NA,NA,NA,NA,NA,NA,NA,NA,NA,NA,NA,NA,NA,NA,High,High,High,High,High,NA,NA,NA,235.972706,18.169257,1445.632929,0.95014,01:45:00,-0.348498,-0.788392,-0.506939,-47.679211,-16.700946,21.712674,0.178079,131.660146,-0.654086,47.320672,0.654086,-0.735159,-0.178079,15.229982,10.257881,0.735159,0.735159,-131.660146,-10.257881,0.178079,-47.320672,-15.229982,-0.178079,-0.735159,0.654086,-0.654086,NA,NA,NA,NA,NA,NA,NA,NA,NA,NA,NA,NA
NA,NA,NA,NA,NA,NA,NA,NA,NA,NA,NA,NA,NA,NA,NA,NA,126,2025-10-17,12:11:31,5,1,"Adams, Kyle",1000370208,Right,CAR_EAG,"Kilgore, Tanner",814348,Right,CAR_EAG,Undefined,4,Bottom,2,0,0,ChangeUp,Changeup,InPlay,Undefined,GroundBall,Out,1,0,NA,75.64234,1.677437,-3.958087,1396.987536,264.721631,02:45:00,5.21392,2.71975,6.16107,-45.90254,2.36449,10.01048,2.94254,-0.1085,69.63612,-6.814393,-2.158217,0.500031,100.30193,3.659535,-15.677187,1110.139579,NA,NA,NA,89.08542,89.08542,-16.044002,0.638145,-6.2594900000000004,1.17221,-2.42407,50,5.31779,7.25573,-109.74533,1.90967,-7.66935,18.57891,-30.73784,CAR_EAG,CAR_EAG,CarsonNewman,TeamExclusive,Team,20251017-CarsonNewman-Private-1,f225fd10-ab73-11f0-b255-238b61f5281b,75.38025,4.01937,NA,6.00622,NA,NA,NA,2.20113,3.08053,0.07112,a29af4ea-4bf5-43b1-9c30-16536369fbae,2025-10-17,16:11:31,2025-10-17T16:11:31Z,2025-10-17T16:11:31Z,GroundBall,v3,CNE,CNE,NA,"Cochran, Carson",10085797,Right,CAR_EAG,0712c90b-b7c5-41b0-be25-23d6af634bcb,54.34302,-110.47812,9.28946,5.21856,3.12203,-15.36892,-2.71621,7.55822,-3.83467,28.26709,2.22331,140.87973,-16.03577,NA,NA,NA,NA,NA,NA,3.11054,8.75563,-21.42797,NA,NA,NA,NA,NA,NA,0.07339,-39.71919,1.59644,NA,NA,NA,NA,NA,NA,NA,NA,NA,NA,NA,NA,NA,NA,NA,NA,NA,NA,NA,NA,NA,NA,NA,NA,NA,NA,NA,NA,High,High,High,High,High,NA,NA,NA,236.856324,27.851871,1235.158239,0.884158,02:00:00,-0.52086,-0.726315,-0.448522,-46.763579,-15.806427,13.521074,0.219888,127.60502,-0.59528,50.610172,0.59528,-0.772846,-0.219888,20.273554,12.702473,0.772846,0.772846,-127.60502,-12.702473,0.219888,-50.610172,-20.273554,-0.219888,-0.772846,0.59528,-0.59528,NA,NA,NA,NA,NA,NA,NA,NA,NA,NA,NA,NA
NA,NA,NA,NA,NA,NA,NA,NA,NA,NA,NA,NA,NA,NA,NA,NA,127,2025-10-17,12:13:55,1,1,"Slifka, Denver",10107869,Right,CAR_EAG,"Hornbuckle, Kylan",1000106804,Right,CAR_EAG,Undefined,5,Top,0,0,0,Fastball,Changeup,StrikeSwinging,Undefined,Undefined,Undefined,0,0,NA,84.73453,-0.485011,-3.872545,1866.441743,231.164994,01:45:00,5.77543,1.82245,6.48941,-25.74623,12.11894,13.66115,3.18359,-0.59995,77.99676,-5.334489,-1.39985,0.442886,NA,NA,NA,NA,NA,NA,NA,NA,NA,NA,NA,-8.15768,6.82158,-1.55594,50,5.72982,7.83041,-123.05225,-1.76532,-12.5979,22.77316,-21.63948,CAR_EAG,CAR_EAG,CarsonNewman,TeamExclusive,Team,20251017-CarsonNewman-Private-1,4852d730-ab74-11f0-b255-238b61f5281b,85.10651,NA,NA,6.73777,NA,NA,NA,NA,NA,NA,a29af4ea-4bf5-43b1-9c30-16536369fbae,2025-10-17,16:13:55,2025-10-17T16:13:55Z,2025-10-17T16:13:55Z,NA,v3,CNE,CNE,NA,"Rogers, Jacob",1000215913,Right,CAR_EAG,e4b74010-1d59-4fb2-91bb-cddd0d0bb3ac,54.01355,-123.79281,11.38658,5.77579,-1.06164,-10.81974,-1.81724,8.24008,-6.29895,NA,NA,NA,NA,NA,NA,NA,NA,NA,NA,NA,NA,NA,NA,NA,NA,NA,NA,NA,NA,NA,NA,NA,NA,NA,NA,NA,NA,NA,NA,NA,NA,NA,NA,NA,NA,NA,NA,NA,NA,NA,NA,NA,NA,NA,NA,NA,NA,NA,NA,High,High,High,NA,NA,NA,NA,NA,223.030528,47.62104,1258.03991,0.674031,01:30:00,-0.766382,-0.466187,-0.44196,-79.537973,-17.278191,54.296694,-0.91979,142.742276,-0.312328,-13.742948,0.312328,-0.237566,0.91979,71.244324,-66.895376,0.237566,-0.237566,-142.742276,66.895376,0.91979,13.742948,-71.244324,-0.91979,0.237566,0.312328,-0.312328,NA,NA,NA,NA,NA,NA,NA,NA,NA,NA,NA,NA
NA,NA,NA,NA,NA,NA,NA,NA,NA,NA,NA,NA,NA,NA,NA,NA,128,2025-10-17,12:14:14,1,2,"Slifka, Denver",10107869,Right,CAR_EAG,"Hornbuckle, Kylan",1000106804,Right,CAR_EAG,Undefined,5,Top,0,0,1,Slider,Slider,BallCalled,Undefined,Undefined,Undefined,0,0,NA,79.38473,0.707393,-4.212358,2351.690592,79.577742,08:45:00,5.66837,2.00933,6.03693,-45.04203,-1.01083,-12.23753,2.57173,-2.91816,73.56933,-7.547176,-6.402515,0.477586,NA,NA,NA,NA,NA,NA,NA,NA,NA,NA,NA,5.18536,-0.30224,-1.67345,50,5.6995,8.92846,-115.16511,0.01988,6.99725,20.43231,-32.5819,CAR_EAG,CAR_EAG,CarsonNewman,TeamExclusive,Team,20251017-CarsonNewman-Private-1,53663a90-ab74-11f0-b255-238b61f5281b,78.92281,NA,NA,5.8154,NA,NA,NA,NA,NA,NA,a29af4ea-4bf5-43b1-9c30-16536369fbae,2025-10-17,16:14:14,2025-10-17T16:14:14Z,2025-10-17T16:14:14Z,NA,v3,CNE,CNE,NA,"Rogers, Jacob",1000215913,Right,CAR_EAG,34c610d5-8a54-4082-82c6-46caebedaa4f,54.46696,-115.95492,10.21616,5.67439,1.27933,-16.29095,-2.01335,8.65798,3.49862,NA,NA,NA,NA,NA,NA,NA,NA,NA,NA,NA,NA,NA,NA,NA,NA,NA,NA,NA,NA,NA,NA,NA,NA,NA,NA,NA,NA,NA,NA,NA,NA,NA,NA,NA,NA,NA,NA,NA,NA,NA,NA,NA,NA,NA,NA,NA,NA,NA,NA,High,High,High,NA,NA,NA,NA,NA,41.75752,62.89488,1071.487743,0.455624,07:30:00,-0.858998,0.314404,0.40407,-26.672734,25.714179,40.68205,-0.577347,128.698167,-0.51049,-39.586092,0.51049,-0.637237,0.577347,48.516918,-35.264156,0.637237,-0.637237,-128.698167,35.264156,0.577347,39.586092,-48.516918,-0.577347,0.637237,0.51049,-0.51049,NA,NA,NA,NA,NA,NA,NA,NA,NA,NA,NA,NA
NA,NA,NA,NA,NA,NA,NA,NA,NA,NA,NA,NA,NA,NA,NA,NA,129,2025-10-17,12:14:32,1,3,"Slifka, Denver",10107869,Right,CAR_EAG,"Hornbuckle, Kylan",1000106804,Right,CAR_EAG,Undefined,5,Top,0,1,1,Fastball,Sinker,BallCalled,Undefined,Undefined,Undefined,0,0,NA,85.43573,-0.904626,-4.781504,1978.649713,221.081941,01:15:00,5.82405,1.72663,6.62536,-25.38714,11.62946,9.21847,2.8771,-1.89394,78.96876,-5.679913,-3.112679,0.437895,NA,NA,NA,NA,NA,NA,NA,NA,NA,NA,NA,-6.01815,6.68532,-1.40507,50,5.75188,10.03412,-123.95678,-2.66525,-9.46925,22.15863,-21.655,CAR_EAG,CAR_EAG,CarsonNewman,TeamExclusive,Team,20251017-CarsonNewman-Private-1,5df3cc20-ab74-11f0-b255-238b61f5281b,86.0765,NA,NA,6.46697,NA,NA,NA,NA,NA,NA,a29af4ea-4bf5-43b1-9c30-16536369fbae,2025-10-17,16:14:32,2025-10-17T16:14:32Z,2025-10-17T16:14:32Z,NA,v3,CNE,CNE,NA,"Rogers, Jacob",1000215913,Right,CAR_EAG,0868d0f4-191f-4542-8d04-939bafb113a5,53.87709,-124.64793,11.07932,5.82448,-1.98981,-10.8275,-1.72264,10.32947,-4.73463,NA,NA,NA,NA,NA,NA,NA,NA,NA,NA,NA,NA,NA,NA,NA,NA,NA,NA,NA,NA,NA,NA,NA,NA,NA,NA,NA,NA,NA,NA,NA,NA,NA,NA,NA,NA,NA,NA,NA,NA,NA,NA,NA,NA,NA,NA,NA,NA,NA,NA,High,High,High,NA,NA,NA,NA,NA,217.851284,48.974339,1298.779691,0.656397,01:15:00,-0.788563,-0.414635,-0.454144,47.528074,72.278685,10.345777,-0.879187,158.606965,-0.443648,-10.008915,0.443648,-0.173801,0.879187,63.223975,-61.54445,0.173801,-0.173801,-158.606965,61.54445,0.879187,10.008915,-63.223975,-0.879187,0.173801,0.443648,-0.443648,NA,NA,NA,NA,NA,NA,NA,NA,NA,NA,NA,NA
NA,NA,NA,NA,NA,NA,NA,NA,NA,NA,NA,NA,NA,NA,NA,NA,130,2025-10-17,12:14:50,1,4,"Slifka, Denver",10107869,Right,CAR_EAG,"Hornbuckle, Kylan",1000106804,Right,CAR_EAG,Undefined,5,Top,0,2,1,Fastball,Sinker,InPlay,Undefined,LineDrive,Double,0,0,NA,84.96179,-1.197353,-3.013965,1979.568163,223.175354,01:30:00,5.79989,1.85829,6.57474,-25.92903,11.49249,9.76949,2.53994,-0.09279,78.50095,-6.073776,-1.240014,0.440283,93.01888,26.152854,4.198275,2750.577557,109.20122,47.91606,13.23229,367.2086,363.0353,12.273861,4.441539,-5.92264,6.68394,-1.65503,50,5.70639,6.15574,-123.50712,-3.30633,-9.2291,22.56327,-21.75865,CAR_EAG,CAR_EAG,CarsonNewman,TeamExclusive,Team,20251017-CarsonNewman-Private-1,68da0500-ab74-11f0-b255-238b61f5281b,85.60955,63.72174,NA,6.46084,NA,NA,NA,1.28437,2.69719,0.13241,a29af4ea-4bf5-43b1-9c30-16536369fbae,2025-10-17,16:14:50,2025-10-17T16:14:50Z,2025-10-17T16:14:50Z,FlyBall,v3,CNE,CNE,NA,"Rogers, Jacob",1000215913,Right,CAR_EAG,287e27ab-f7ff-47cd-ac60-360f8020c640,53.92868,-124.22277,11.28164,5.80031,-2.6162,-10.87932,-1.85492,6.44846,-4.61455,214.575713,1.28524,122.11308,-19.18442,4.17862,-0.81112,0.15708,-0.03215,0.00493,-3.3e-4,2.69734,60.12523,-15.93529,0.4596,0.21652,-0.17034,0.05818,-0.00931,5.6e-4,0.13175,8.98166,5.10921,-1.52217,0.3281,-0.05361,0.00756,-9e-4,6e-5,NA,NA,NA,NA,NA,NA,NA,NA,NA,NA,NA,NA,NA,NA,NA,NA,NA,NA,NA,NA,NA,NA,High,High,High,High,High,NA,NA,NA,217.918417,47.90162,1327.113671,0.670406,01:15:00,-0.760017,-0.427405,-0.48959,-88.013861,-17.302018,53.529667,-0.904997,145.179388,-0.349244,-14.0588,0.349244,-0.242918,0.904997,68.898065,-64.82287,0.242918,-0.242918,-145.179388,64.82287,0.904997,14.0588,-68.898065,-0.904997,0.242918,0.349244,-0.349244,NA,NA,NA,NA,NA,NA,NA,NA,NA,NA,NA,NA
NA,NA,NA,NA,NA,NA,NA,NA,NA,NA,NA,NA,NA,NA,NA,NA,131,2025-10-17,12:15:46,2,1,"Slifka, Denver",10107869,Right,CAR_EAG,"Evans, Colton",10278429,Right,CAR_EAG,Undefined,5,Top,0,0,0,Fastball,Slider,BallCalled,Undefined,Undefined,Undefined,0,0,NA,83.71592,-0.269821,-4.356747,2037.8314,193.925425,12:30:00,5.84262,2.29447,6.46899,-30.4321,9.40256,1.96988,3.05808,-1.55061,75.43734,-6.014919,-4.001064,0.454257,NA,NA,NA,NA,NA,NA,NA,NA,NA,NA,NA,-2.46295,5.45048,-1.98738,50,5.81038,9.15657,-121.17242,-1.43832,-3.59607,27.64489,-24.21598,CAR_EAG,CAR_EAG,CarsonNewman,TeamExclusive,Team,20251017-CarsonNewman-Private-1,8a0513f0-ab74-11f0-b255-238b61f5281b,82.97596,NA,NA,8.27858,NA,NA,NA,NA,NA,NA,a29af4ea-4bf5-43b1-9c30-16536369fbae,2025-10-17,16:15:46,2025-10-17T16:15:46Z,2025-10-17T16:15:46Z,NA,v3,CNE,CNE,NA,"Rogers, Jacob",1000215913,Right,CAR_EAG,f0fdc7ed-762f-494d-b427-ed87c42e6b00,54.02855,-122.08805,13.82244,5.84473,-0.63626,-12.10799,-2.29262,9.27567,-1.79804,NA,NA,NA,NA,NA,NA,NA,NA,NA,NA,NA,NA,NA,NA,NA,NA,NA,NA,NA,NA,NA,NA,NA,NA,NA,NA,NA,NA,NA,NA,NA,NA,NA,NA,NA,NA,NA,NA,NA,NA,NA,NA,NA,NA,NA,NA,NA,NA,NA,NA,High,High,High,NA,NA,NA,NA,NA,216.692597,60.396721,1006.671661,0.493992,01:15:00,-0.89565,-0.299262,-0.32902,81.071528,-17.816797,-51.993759,0.401414,157.375847,-0.845417,20.62997,0.845417,-0.352331,-0.401414,25.398931,23.666607,0.352331,0.352331,-157.375847,-23.666607,0.401414,-20.62997,-25.398931,-0.401414,-0.352331,0.845417,-0.845417,NA,NA,NA,NA,NA,NA,NA,NA,NA,NA,NA,NA
NA,NA,NA,NA,NA,NA,NA,NA,NA,NA,NA,NA,NA,NA,NA,NA,132,2025-10-17,12:16:05,2,2,"Slifka, Denver",10107869,Right,CAR_EAG,"Evans, Colton",10278429,Right,CAR_EAG,Undefined,5,Top,0,1,0,Fastball,Slider,BallCalled,Undefined,Undefined,Undefined,0,0,NA,83.49333,-0.657397,-4.589622,2174.759201,166.159186,11:30:00,5.78225,2.54606,6.28248,-32.12262,8.51044,-1.71244,2.49745,-1.83605,74.89954,-6.69254,-4.897523,0.458787,NA,NA,NA,NA,NA,NA,NA,NA,NA,NA,NA,-0.73067,5.11874,-2.20597,50,5.71847,9.7553,-120.69213,-2.33995,-1.05107,28.90846,-24.81069,CAR_EAG,CAR_EAG,CarsonNewman,TeamExclusive,Team,20251017-CarsonNewman-Private-1,957f7680-ab74-11f0-b255-238b61f5281b,82.15673,NA,NA,8.59378,NA,NA,NA,NA,NA,NA,a29af4ea-4bf5-43b1-9c30-16536369fbae,2025-10-17,16:16:05,2025-10-17T16:16:05Z,2025-10-17T16:16:05Z,NA,v3,CNE,CNE,NA,"Rogers, Jacob",1000215913,Right,CAR_EAG,c3e45a07-c44d-4a1b-a764-aa073bb5d9af,54.21446,-121.6974,14.45423,5.78484,-1.47718,-12.40534,-2.54584,9.79185,-0.52554,NA,NA,NA,NA,NA,NA,NA,NA,NA,NA,NA,NA,NA,NA,NA,NA,NA,NA,NA,NA,NA,NA,NA,NA,NA,NA,NA,NA,NA,NA,NA,NA,NA,NA,NA,NA,NA,NA,NA,NA,NA,NA,NA,NA,NA,NA,NA,NA,NA,NA,High,High,High,NA,NA,NA,NA,NA,214.878929,68.436143,799.30657,0.367538,01:15:00,-0.948688,-0.220831,-0.226328,92.30877,15.920178,-43.804833,0.449227,158.271311,-0.829938,19.314545,0.829938,-0.330754,-0.449227,28.425671,26.694071,0.330754,0.330754,-158.271311,-26.694071,0.449227,-19.314545,-28.425671,-0.449227,-0.330754,0.829938,-0.829938,NA,NA,NA,NA,NA,NA,NA,NA,NA,NA,NA,NA
NA,NA,NA,NA,NA,NA,NA,NA,NA,NA,NA,NA,NA,NA,NA,NA,133,2025-10-17,12:16:25,2,3,"Slifka, Denver",10107869,Right,CAR_EAG,"Evans, Colton",10278429,Right,CAR_EAG,Undefined,5,Top,0,2,0,Fastball,Four-Seam,BallCalled,Undefined,Undefined,Undefined,0,0,NA,85.41286,-0.46616,-5.043156,1975.408823,206.687788,01:00:00,5.81433,2.23347,6.73373,-26.80789,11.01501,4.85673,3.15268,-1.98239,77.11892,-5.563453,-4.163273,0.442638,NA,NA,NA,NA,NA,NA,NA,NA,NA,NA,NA,-4.16898,6.37303,-1.90178,50,5.77319,10.72751,-123.60832,-1.72717,-6.35445,28.04693,-22.46013,CAR_EAG,CAR_EAG,CarsonNewman,TeamExclusive,Team,20251017-CarsonNewman-Private-1,a1bb5450-ab74-11f0-b255-238b61f5281b,85.15407,NA,NA,8.29394,NA,NA,NA,NA,NA,NA,a29af4ea-4bf5-43b1-9c30-16536369fbae,2025-10-17,16:16:25,2025-10-17T16:16:25Z,2025-10-17T16:16:25Z,NA,v3,CNE,CNE,NA,"Rogers, Jacob",1000215913,Right,CAR_EAG,758304ba-0f81-478f-8297-6aa9bdc22e45,53.76473,-124.45961,14.02347,5.81527,-1.04545,-11.23007,-2.23031,10.92038,-3.17722,NA,NA,NA,NA,NA,NA,NA,NA,NA,NA,NA,NA,NA,NA,NA,NA,NA,NA,NA,NA,NA,NA,NA,NA,NA,NA,NA,NA,NA,NA,NA,NA,NA,NA,NA,NA,NA,NA,NA,NA,NA,NA,NA,NA,NA,NA,NA,NA,NA,NA,High,High,High,NA,NA,NA,NA,NA,215.216898,52.821132,1193.750004,0.604305,01:15:00,-0.834217,-0.354958,-0.422003,62.414184,73.847505,22.471362,-0.880121,161.193835,-0.449404,-8.803351,0.449404,-0.153044,0.880121,62.950408,-61.657001,0.153044,-0.153044,-161.193835,61.657001,0.880121,8.803351,-62.950408,-0.880121,0.153044,0.449404,-0.449404,NA,NA,NA,NA,NA,NA,NA,NA,NA,NA,NA,NA
NA,NA,NA,NA,NA,NA,NA,NA,NA,NA,NA,NA,NA,NA,NA,NA,134,2025-10-17,12:17:39,2,4,"Slifka, Denver",10107869,Right,CAR_EAG,"Evans, Colton",10278429,Right,CAR_EAG,Undefined,5,Top,0,3,0,Fastball,Sinker,StrikeCalled,Undefined,Undefined,Undefined,0,0,NA,85.21719,-0.184907,-3.542256,1892.420052,232.911105,01:45:00,5.74064,2.27536,6.87878,-27.41667,10.08316,11.6132,3.28709,0.01092,77.1558,-5.411957,-1.423426,0.440743,NA,NA,NA,NA,NA,NA,NA,NA,NA,NA,NA,-7.22697,5.80969,-2.05382,50,5.71917,7.23389,-123.65903,-1.11998,-11.06108,27.32041,-23.28219,CAR_EAG,CAR_EAG,CarsonNewman,TeamExclusive,Team,20251017-CarsonNewman-Private-1,cdd74a80-ab74-11f0-b255-238b61f5281b,85.52013,NA,NA,8.06139,NA,NA,NA,NA,NA,NA,a29af4ea-4bf5-43b1-9c30-16536369fbae,2025-10-17,16:17:39,2025-10-17T16:17:39Z,2025-10-17T16:17:39Z,NA,v3,CNE,CNE,NA,"Rogers, Jacob",1000215913,Right,CAR_EAG,bcd9c892-8402-452a-adf3-dda5c9be615f,53.62088,-124.45643,13.66021,5.74195,-0.44044,-11.6411,-2.26966,7.55673,-5.53054,NA,NA,NA,NA,NA,NA,NA,NA,NA,NA,NA,NA,NA,NA,NA,NA,NA,NA,NA,NA,NA,NA,NA,NA,NA,NA,NA,NA,73.49967,1.620765,0.712806,0.907959,-0.73384,3.07867,0.04088,-1.8223800000000001,5.862,-2.40956,65.32898,5.32318,-59.46443,-1.78443,80.7691,-7.60562,5.88694,12.4459,-14.43181,-2.44489,-69.00286,6.88659,High,High,High,NA,NA,High,High,High,219.027149,47.825373,1270.556562,0.671392,01:15:00,-0.770546,-0.425158,-0.474869,44.522419,64.518391,2.668476,-0.920139,166.836786,-0.381304,-5.116188,0.381304,-0.089176,0.920139,67.490986,-66.946373,0.089176,-0.089176,-166.836786,66.946373,0.920139,5.116188,-67.490986,-0.920139,0.089176,0.381304,-0.381304,NA,NA,NA,NA,NA,NA,NA,NA,NA,NA,NA,NA
NA,NA,NA,NA,NA,NA,NA,NA,NA,NA,NA,NA,NA,NA,NA,NA,135,2025-10-17,12:18:09,2,5,"Slifka, Denver",10107869,Right,CAR_EAG,"Evans, Colton",10278429,Right,CAR_EAG,Undefined,5,Top,0,3,1,Fastball,Four-Seam,StrikeSwinging,Undefined,Undefined,Undefined,0,0,NA,85.63836,-1.950523,-2.979068,2012.207401,208.61885,01:00:00,5.79677,2.12773,6.90963,-22.82651,14.22013,7.05902,2.11499,2.8e-4,77.77676,-6.32435,-1.689314,0.438072,NA,NA,NA,NA,NA,NA,NA,NA,NA,NA,NA,-4.64595,8.54445,-1.94228,50,5.66572,6.21299,-124.27372,-4.79747,-7.19181,27.26566,-18.94743,CAR_EAG,CAR_EAG,CarsonNewman,TeamExclusive,Team,20251017-CarsonNewman-Private-1,df5793a0-ab74-11f0-b255-238b61f5281b,86.04159,NA,NA,7.86159,NA,NA,NA,NA,NA,NA,a29af4ea-4bf5-43b1-9c30-16536369fbae,2025-10-17,16:18:09,2025-10-17T16:18:09Z,2025-10-17T16:18:09Z,NA,v3,CNE,CNE,NA,"Rogers, Jacob",1000215913,Right,CAR_EAG,5f580d60-365b-4ac2-b51d-8aa02a4e9a3b,53.58965,-125.05881,13.63283,5.79601,-4.2519,-9.47371,-2.12416,6.42007,-3.59591,NA,NA,NA,NA,NA,NA,NA,NA,NA,NA,NA,NA,NA,NA,NA,NA,NA,NA,NA,NA,NA,NA,NA,NA,NA,NA,NA,NA,NA,NA,NA,NA,NA,NA,NA,NA,NA,NA,NA,NA,NA,NA,NA,NA,NA,NA,NA,NA,NA,NA,High,High,High,NA,NA,NA,NA,NA,213.178696,47.245219,1366.011179,0.678862,01:00:00,-0.74975,-0.396285,-0.529936,26.864459,70.814615,-20.817006,-0.885941,137.038577,-0.339414,-18.426103,0.339414,-0.316081,0.885941,69.037619,-62.367515,0.316081,-0.316081,-137.038577,62.367515,0.885941,18.426103,-69.037619,-0.885941,0.316081,0.339414,-0.339414,NA,NA,NA,NA,NA,NA,NA,NA,NA,NA,NA,NA
NA,NA,NA,NA,NA,NA,NA,NA,NA,NA,NA,NA,NA,NA,NA,NA,136,2025-10-17,12:18:28,2,6,"Slifka, Denver",10107869,Right,CAR_EAG,"Evans, Colton",10278429,Right,CAR_EAG,Undefined,5,Top,0,3,2,Fastball,Four-Seam,FoulBallNotFieldable,Undefined,Undefined,Undefined,0,0,NA,85.49329,-2.865375,-3.043122,1989.934636,214.684118,01:15:00,5.83171,1.82053,6.90927,-23.59765,13.57469,8.50855,1.24966,-0.24464,77.85779,-7.36488,-1.487934,0.438815,64.23414,34.647536,141.770422,4236.084879,NA,NA,NA,NA,27.62508,NA,NA,-5.48815,8.48819,-1.63181,50,5.64275,6.3016,-124.02962,-6.80438,-8.46642,27.04552,-19.07959,CAR_EAG,CAR_EAG,CarsonNewman,TeamExclusive,Team,20251017-CarsonNewman-Private-1,eae30d30-ab74-11f0-b255-238b61f5281b,85.89602,19.21618,NA,7.63549,NA,NA,NA,2.5334,1.39391,0.20008,a29af4ea-4bf5-43b1-9c30-16536369fbae,2025-10-17,16:18:28,2025-10-17T16:18:28Z,2025-10-17T16:18:28Z,NA,v3,CNE,CNE,NA,"Rogers, Jacob",1000215913,Right,CAR_EAG,304fbc2f-79b1-411c-8991-f0d9cc21283a,53.59257,-124.81055,13.52276,5.83127,-6.25347,-9.5398,-1.81729,6.54607,-4.23321,293.938344,2.5335,-60.88699,4.15301,NA,NA,NA,NA,NA,NA,1.40343,53.24468,-22.82826,NA,NA,NA,NA,NA,NA,0.21237,47.55069,-12.29982,NA,NA,NA,NA,NA,NA,NA,NA,NA,NA,NA,NA,NA,NA,NA,NA,NA,NA,NA,NA,NA,NA,NA,NA,NA,NA,NA,NA,High,High,High,High,Undefined,NA,NA,NA,211.774861,43.091529,1453.176217,0.730263,01:00:00,-0.695111,-0.418214,-0.584737,53.893735,67.301068,10.678008,-0.915297,142.26099,-0.318521,-14.272122,0.318521,-0.246527,0.915297,70.812243,-66.247945,0.246527,-0.246527,-142.26099,66.247945,0.915297,14.272122,-70.812243,-0.915297,0.246527,0.318521,-0.318521,NA,NA,NA,NA,NA,NA,NA,NA,NA,NA,NA,NA
NA,NA,NA,NA,NA,NA,NA,NA,NA,NA,NA,NA,NA,NA,NA,NA,137,2025-10-17,12:18:51,2,7,"Slifka, Denver",10107869,Right,CAR_EAG,"Evans, Colton",10278429,Right,CAR_EAG,Undefined,5,Top,0,3,2,Fastball,Four-Seam,InPlay,Undefined,FlyBall,Out,1,1,NA,85.62689,-0.648711,-3.390204,2048.645258,206.237319,12:45:00,5.84633,2.1038,6.91962,-22.5134,14.85245,6.63674,3.37844,-0.43386,76.94587,-4.999876,-2.178799,0.439956,82.89911,44.475876,10.155955,NA,107.79206,90.26578,21.92682,281.16343,280.8755,14.18279,5.453202,-4.68347,8.52296,-1.89309,50,5.79753,7.12264,-124.19795,-1.94653,-7.16629,29.6002,-19.13284,CAR_EAG,CAR_EAG,CarsonNewman,TeamExclusive,Team,20251017-CarsonNewman-Private-1,f8a1ba70-ab74-11f0-b255-238b61f5281b,85.67326,105.92407,NA,8.68102,NA,NA,NA,2.14008,3.47207,0.39091,a29af4ea-4bf5-43b1-9c30-16536369fbae,2025-10-17,16:18:51,2025-10-17T16:18:51Z,2025-10-17T16:18:51Z,FlyBall,v3,CNE,CNE,NA,"Rogers, Jacob",1000215913,Right,CAR_EAG,87f3e87e-b7af-4b46-969a-4782f345675c,53.58006,-125.04827,14.8001,5.84555,-1.3969,-9.56642,-2.10066,7.32851,-3.58315,188.903374,2.14525,85.29588,-14.2425,2.51438,-0.13743,-0.08332,0.02511,-0.00286,1.2e-4,3.47028,85.21259,-21.45285,2.38376,-0.52686,0.08569,-0.00686,-1e-5,2e-5,0.39119,15.29198,-1.13823,0.21839,-0.02285,-0.00221,0.00117,-1.5e-4,1e-5,NA,NA,NA,NA,NA,NA,NA,NA,NA,NA,NA,NA,NA,NA,NA,NA,NA,NA,NA,NA,NA,NA,High,High,High,High,High,NA,NA,NA,213.92733,48.638802,1353.752401,0.660804,01:15:00,-0.777453,-0.377296,-0.503205,46.998081,74.725819,-0.34151,-0.904356,138.781544,-0.321024,-16.332896,0.321024,-0.281218,0.904356,70.456419,-64.736729,0.281218,-0.281218,-138.781544,64.736729,0.904356,16.332896,-70.456419,-0.904356,0.281218,0.321024,-0.321024,NA,NA,NA,NA,NA,NA,NA,NA,NA,NA,NA,NA
NA,NA,NA,NA,NA,NA,NA,NA,NA,NA,NA,NA,NA,NA,NA,NA,138,2025-10-17,12:19:32,3,1,"Slifka, Denver",10107869,Right,CAR_EAG,"Alexander, Trace",10000832,Right,CAR_EAG,Undefined,5,Top,1,0,0,Fastball,Four-Seam,BallCalled,Undefined,Undefined,Undefined,0,0,NA,84.92976,-1.103281,-3.976999,1979.813307,202.806351,12:45:00,5.78973,2.21317,6.57986,-25.77946,12.80497,4.77548,2.62768,-1.03977,76.35631,-6.016603,-3.111881,0.447072,NA,NA,NA,NA,NA,NA,NA,NA,NA,NA,NA,-3.81839,7.51611,-1.94161,50,5.70314,8.36547,-122.96228,-3.06579,-5.73017,28.88958,-20.89482,CAR_EAG,CAR_EAG,CarsonNewman,TeamExclusive,Team,20251017-CarsonNewman-Private-1,10c5b0c0-ab75-11f0-b255-238b61f5281b,84.30955,NA,NA,8.57345,NA,NA,NA,NA,NA,NA,a29af4ea-4bf5-43b1-9c30-16536369fbae,2025-10-17,16:19:32,2025-10-17T16:19:32Z,2025-10-17T16:19:32Z,NA,v3,CNE,CNE,NA,"Rogers, Jacob",1000215913,Right,CAR_EAG,b28e3ef0-b681-48c7-ba04-aa6ee6dda2af,53.91704,-123.87915,14.44479,5.78991,-2.40265,-10.44741,-2.20999,8.54733,-2.86509,NA,NA,NA,NA,NA,NA,NA,NA,NA,NA,NA,NA,NA,NA,NA,NA,NA,NA,NA,NA,NA,NA,NA,NA,NA,NA,NA,NA,NA,NA,NA,NA,NA,NA,NA,NA,NA,NA,NA,NA,NA,NA,NA,NA,NA,NA,NA,NA,NA,NA,High,High,High,NA,NA,NA,NA,NA,215.947284,56.476432,1093.41118,0.55228,01:15:00,-0.856279,-0.340203,-0.38865,-84.019777,-13.018414,55.294262,-0.835004,152.068541,-0.486146,-14.936162,0.486146,-0.257743,0.835004,59.791709,-56.616226,0.257743,-0.257743,-152.068541,56.616226,0.835004,14.936162,-59.791709,-0.835004,0.257743,0.486146,-0.486146,NA,NA,NA,NA,NA,NA,NA,NA,NA,NA,NA,NA
NA,NA,NA,NA,NA,NA,NA,NA,NA,NA,NA,NA,NA,NA,NA,NA,139,2025-10-17,12:19:47,3,2,"Slifka, Denver",10107869,Right,CAR_EAG,"Alexander, Trace",10000832,Right,CAR_EAG,Undefined,5,Top,1,1,0,Fastball,Changeup,StrikeCalled,Undefined,Undefined,Undefined,0,0,NA,85.17841,-0.34175,-3.592897,2081.25412,217.02044,01:15:00,5.77096,2.0994,6.95657,-23.03737,14.37398,9.86107,3.53958,-0.3525,77.09993,-4.77722,-1.792053,0.440224,NA,NA,NA,NA,NA,NA,NA,NA,NA,NA,NA,-6.31268,8.13898,-1.87872,50,5.74153,7.40445,-123.59533,-1.28953,-9.65886,27.12599,-19.72083,CAR_EAG,CAR_EAG,CarsonNewman,TeamExclusive,Team,20251017-CarsonNewman-Private-1,19ca5860-ab75-11f0-b255-238b61f5281b,85.62114,NA,NA,8.07848,NA,NA,NA,NA,NA,NA,a29af4ea-4bf5-43b1-9c30-16536369fbae,2025-10-17,16:19:47,2025-10-17T16:19:47Z,2025-10-17T16:19:47Z,NA,v3,CNE,CNE,NA,"Rogers, Jacob",1000215913,Right,CAR_EAG,fa6cbb53-c7eb-4182-81f0-8effbc920cd3,53.54221,-124.37033,13.563,5.77032,-0.7261,-9.86042,-2.09421,7.6804,-4.82943,NA,NA,NA,NA,NA,NA,NA,NA,NA,NA,NA,NA,NA,NA,NA,NA,NA,NA,NA,NA,NA,NA,NA,NA,NA,NA,NA,NA,NA,NA,NA,NA,NA,NA,NA,NA,NA,NA,NA,NA,NA,NA,NA,NA,NA,NA,NA,NA,NA,NA,High,High,High,NA,NA,NA,NA,NA,212.943732,44.801982,1476.746295,0.709546,01:00:00,-0.738279,-0.390058,-0.550271,37.666423,64.889117,-12.57369,-0.923049,143.570747,-0.309512,-13.205023,0.309512,-0.228436,0.923049,71.462909,-67.375937,0.228436,-0.228436,-143.570747,67.375937,0.923049,13.205023,-71.462909,-0.923049,0.228436,0.309512,-0.309512,NA,NA,NA,NA,NA,NA,NA,NA,NA,NA,NA,NA
NA,NA,NA,NA,NA,NA,NA,NA,NA,NA,NA,NA,NA,NA,NA,NA,140,2025-10-17,12:20:03,3,3,"Slifka, Denver",10107869,Right,CAR_EAG,"Alexander, Trace",10000832,Right,CAR_EAG,Undefined,5,Top,1,1,1,Fastball,Slider,BallCalled,Undefined,Undefined,Undefined,0,0,NA,83.6045,0.695137,-1.254697,2156.319717,186.118486,12:15:00,5.87987,2.12146,6.34752,-28.40903,10.94772,1.03882,4.15257,1.05279,76.25711,-4.660081,-1.066713,0.451524,NA,NA,NA,NA,NA,NA,NA,NA,NA,NA,NA,-0.88512,5.91189,-2.03069,50,5.91724,2.61826,-121.42951,0.65062,-1.31921,24.17725,-23.36291,CAR_EAG,CAR_EAG,CarsonNewman,TeamExclusive,Team,20251017-CarsonNewman-Private-1,230c5720-ab75-11f0-b255-238b61f5281b,83.4782,NA,NA,7.34739,NA,NA,NA,NA,NA,NA,a29af4ea-4bf5-43b1-9c30-16536369fbae,2025-10-17,16:20:03,2025-10-17T16:20:03Z,2025-10-17T16:20:03Z,NA,v3,CNE,CNE,NA,"Rogers, Jacob",1000215913,Right,CAR_EAG,5b6d74a3-c88a-45df-8dd9-37ef91eb51d1,54.14924,-122.25285,12.08863,5.88154,1.44623,-11.68146,-2.12061,2.66319,-0.65961,NA,NA,NA,NA,NA,NA,NA,NA,NA,NA,NA,NA,NA,NA,NA,NA,NA,NA,NA,NA,NA,NA,NA,NA,NA,NA,NA,NA,NA,NA,NA,NA,NA,NA,NA,NA,NA,NA,NA,NA,NA,NA,NA,NA,NA,NA,NA,NA,NA,NA,High,High,High,NA,NA,NA,NA,NA,210.379666,62.798319,985.705526,0.457124,01:00:00,-0.900564,-0.220373,-0.374728,86.912641,0.45044,-49.07806,0.420222,152.276234,-0.80325,24.969816,0.80325,-0.422141,-0.420222,27.616429,24.848619,0.422141,0.422141,-152.276234,-24.848619,0.420222,-24.969816,-27.616429,-0.420222,-0.422141,0.80325,-0.80325,NA,NA,NA,NA,NA,NA,NA,NA,NA,NA,NA,NA
NA,NA,NA,NA,NA,NA,NA,NA,NA,NA,NA,NA,NA,NA,NA,NA,141,2025-10-17,12:20:22,3,4,"Slifka, Denver",10107869,Right,CAR_EAG,"Alexander, Trace",10000832,Right,CAR_EAG,Undefined,5,Top,1,2,1,Fastball,Changeup,BallCalled,Undefined,Undefined,Undefined,0,0,NA,85.13063,-2.624662,-2.88364,1920.547078,219.456582,01:15:00,5.6447,2.1325,6.76033,-26.78415,10.86107,7.88941,1.01066,0.15388,77.67212,-7.687462,-1.444896,0.441597,NA,NA,NA,NA,NA,NA,NA,NA,NA,NA,NA,-5.01465,6.92977,-1.94611,50,5.46242,5.9337,-123.49494,-6.3878,-7.68585,26.32542,-21.55298,CAR_EAG,CAR_EAG,CarsonNewman,TeamExclusive,Team,20251017-CarsonNewman-Private-1,2ec919e0-ab75-11f0-b255-238b61f5281b,85.35479,NA,NA,7.45851,NA,NA,NA,NA,NA,NA,a29af4ea-4bf5-43b1-9c30-16536369fbae,2025-10-17,16:20:22,2025-10-17T16:20:22Z,2025-10-17T16:20:22Z,NA,v3,CNE,CNE,NA,"Rogers, Jacob",1000215913,Right,CAR_EAG,495ebfd7-3731-4636-a45e-495a38484304,53.73959,-124.28955,13.16271,5.64541,-5.73724,-10.77649,-2.12871,6.1657,-3.84292,NA,NA,NA,NA,NA,NA,NA,NA,NA,NA,NA,NA,NA,NA,NA,NA,NA,NA,NA,NA,NA,NA,NA,NA,NA,NA,NA,NA,NA,NA,NA,NA,NA,NA,NA,NA,NA,NA,NA,NA,NA,NA,NA,NA,NA,NA,NA,NA,NA,NA,High,High,High,NA,NA,NA,NA,NA,219.901684,43.021963,1404.097028,0.731092,01:15:00,-0.687467,-0.499727,-0.526937,51.31131,65.90232,19.721292,-0.898369,160.355381,-0.413676,-8.49171,0.413676,-0.147666,0.898369,65.275166,-63.944527,0.147666,-0.147666,-160.355381,63.944527,0.898369,8.49171,-65.275166,-0.898369,0.147666,0.413676,-0.413676,NA,NA,NA,NA,NA,NA,NA,NA,NA,NA,NA,NA
NA,NA,NA,NA,NA,NA,NA,NA,NA,NA,NA,NA,NA,NA,NA,NA,142,2025-10-17,12:20:40,3,5,"Slifka, Denver",10107869,Right,CAR_EAG,"Alexander, Trace",10000832,Right,CAR_EAG,Undefined,5,Top,1,3,1,Fastball,Changeup,StrikeCalled,Undefined,Undefined,Undefined,0,0,NA,85.32487,-0.696717,-3.209829,2053.70706,217.44475,01:15:00,5.8082,1.87395,6.84435,-23.09056,14.04997,9.83827,3.24762,-0.23634,77.85067,-5.112356,-1.415584,0.438627,NA,NA,NA,NA,NA,NA,NA,NA,NA,NA,NA,-6.10922,8.01721,-1.67126,50,5.75485,6.59553,-123.92255,-2.0868,-9.47188,25.44956,-19.74394,CAR_EAG,CAR_EAG,CarsonNewman,TeamExclusive,Team,20251017-CarsonNewman-Private-1,393a49d0-ab75-11f0-b255-238b61f5281b,85.93277,NA,NA,7.47419,NA,NA,NA,NA,NA,NA,a29af4ea-4bf5-43b1-9c30-16536369fbae,2025-10-17,16:20:40,2025-10-17T16:20:40Z,2025-10-17T16:20:40Z,NA,v3,CNE,CNE,NA,"Rogers, Jacob",1000215913,Right,CAR_EAG,e565a082-15cd-436e-82be-2eec59c00f3a,53.65605,-124.67112,12.72478,5.80769,-1.5060500000000001,-9.87197,-1.86936,6.87413,-4.73594,NA,NA,NA,NA,NA,NA,NA,NA,NA,NA,NA,NA,NA,NA,NA,NA,NA,NA,NA,NA,NA,NA,NA,NA,NA,NA,NA,NA,NA,NA,NA,NA,NA,NA,NA,NA,NA,NA,NA,NA,NA,NA,NA,NA,NA,NA,NA,NA,NA,NA,High,High,High,NA,NA,NA,NA,NA,215.906799,45.004571,1452.074337,0.70705,01:15:00,-0.733034,-0.423231,-0.532482,28.113225,64.541757,-19.751711,-0.910386,143.604672,-0.333053,-14.211736,0.333053,-0.245506,0.910386,69.9056,-65.558735,0.245506,-0.245506,-143.604672,65.558735,0.910386,14.211736,-69.9056,-0.910386,0.245506,0.333053,-0.333053,NA,NA,NA,NA,NA,NA,NA,NA,NA,NA,NA,NA
NA,NA,NA,NA,NA,NA,NA,NA,NA,NA,NA,NA,NA,NA,NA,NA,143,2025-10-17,12:20:55,3,6,"Slifka, Denver",10107869,Right,CAR_EAG,"Alexander, Trace",10000832,Right,CAR_EAG,Undefined,5,Top,1,3,2,Fastball,Sinker,StrikeSwinging,Strikeout,Undefined,Undefined,0,0,NA,85.84885,-0.707861,-3.390834,1985.928388,224.301932,01:30:00,5.80439,1.84615,6.94986,-25.03655,11.40839,10.01595,3.07265,-0.40869,78.58989,-5.475107,-1.56068,0.4345,NA,NA,NA,NA,NA,NA,NA,NA,NA,NA,NA,-6.26752,6.63178,-1.638,50,5.75156,7.03865,-124.72773,-2.18493,-9.87081,25.14549,-21.72963,CAR_EAG,CAR_EAG,CarsonNewman,TeamExclusive,Team,20251017-CarsonNewman-Private-1,427df640-ab75-11f0-b255-238b61f5281b,86.74897,NA,NA,7.25896,NA,NA,NA,NA,NA,NA,a29af4ea-4bf5-43b1-9c30-16536369fbae,2025-10-17,16:20:55,2025-10-17T16:20:55Z,2025-10-17T16:20:55Z,NA,v3,CNE,CNE,NA,"Rogers, Jacob",1000215913,Right,CAR_EAG,927c5f02-f417-4ffe-b70b-fb1574ab55bf,53.55168,-125.44172,12.57274,5.8048400000000004,-1.56794,-10.86481,-1.84184,7.31892,-4.9354,NA,NA,NA,NA,NA,NA,NA,NA,NA,NA,NA,NA,NA,NA,NA,NA,NA,NA,NA,NA,NA,NA,NA,NA,NA,NA,NA,NA,NA,NA,NA,NA,NA,NA,NA,NA,NA,NA,NA,NA,NA,NA,NA,NA,NA,NA,NA,NA,NA,NA,High,High,High,NA,NA,NA,NA,NA,213.255899,48.870948,1306.2588,0.657757,01:00:00,-0.779938,-0.369979,-0.504789,52.08576,66.857417,8.201932,-0.911481,160.09129,-0.386759,-8.051968,0.386759,-0.140071,0.911481,67.007561,-65.710829,0.140071,-0.140071,-160.09129,65.710829,0.911481,8.051968,-67.007561,-0.911481,0.140071,0.386759,-0.386759,NA,NA,NA,NA,NA,NA,NA,NA,NA,NA,NA,NA
NA,NA,NA,NA,NA,NA,NA,NA,NA,NA,NA,NA,NA,NA,NA,NA,144,2025-10-17,12:21:20,4,1,"Slifka, Denver",10107869,Right,CAR_EAG,"Ring, Alex",10041847,Right,CAR_EAG,Undefined,5,Top,2,0,0,Fastball,Changeup,StrikeCalled,Undefined,Undefined,Undefined,0,0,NA,85.76007,-2.074335,-3.55343,2104.081856,220.161141,01:15:00,5.88332,2.10789,6.85351,-22.47726,14.31796,11.07079,2.11447,-0.21355,78.39829,-6.363778,-1.53421,0.436583,NA,NA,NA,NA,NA,NA,NA,NA,NA,NA,NA,-6.8563,8.55579,-1.88406,50,5.74219,7.32978,-124.45257,-5.0781,-10.72807,25.5212,-18.78678,CAR_EAG,CAR_EAG,CarsonNewman,TeamExclusive,Team,20251017-CarsonNewman-Private-1,51179a30-ab75-11f0-b255-238b61f5281b,86.33504,NA,NA,7.36178,NA,NA,NA,NA,NA,NA,a29af4ea-4bf5-43b1-9c30-16536369fbae,2025-10-17,16:21:20,2025-10-17T16:21:20Z,2025-10-17T16:21:20Z,NA,v3,CNE,CNE,NA,"Rogers, Jacob",1000215913,Right,CAR_EAG,2e862f4c-0d20-4d23-a459-71d1529d4857,53.64719,-125.19825,12.7606,5.88254,-4.52919,-9.39339,-2.1028,7.64324,-5.36403,NA,NA,NA,NA,NA,NA,NA,NA,NA,NA,NA,NA,NA,NA,NA,NA,NA,NA,NA,NA,NA,NA,NA,NA,NA,NA,NA,NA,NA,NA,NA,NA,NA,NA,NA,NA,NA,NA,NA,NA,NA,NA,NA,NA,NA,NA,NA,NA,NA,NA,High,High,High,NA,NA,NA,NA,NA,214.346527,45.402178,1477.330553,0.702126,01:15:00,-0.731837,-0.421651,-0.535374,57.118541,71.17889,16.774719,-0.903381,145.797002,-0.354671,-13.949182,0.354671,-0.241061,0.903381,68.564847,-64.606169,0.241061,-0.241061,-145.797002,64.606169,0.903381,13.949182,-68.564847,-0.903381,0.241061,0.354671,-0.354671,NA,NA,NA,NA,NA,NA,NA,NA,NA,NA,NA,NA
NA,NA,NA,NA,NA,NA,NA,NA,NA,NA,NA,NA,NA,NA,NA,NA,145,2025-10-17,12:21:35,4,2,"Slifka, Denver",10107869,Right,CAR_EAG,"Ring, Alex",10041847,Right,CAR_EAG,Undefined,5,Top,2,0,1,Slider,Curveball,StrikeSwinging,Undefined,Undefined,Undefined,0,0,NA,79.20474,-0.60767,-1.709333,2396.292229,73.696415,08:30:00,5.74835,2.1521,6.06117,-46.11258,-1.38189,-9.91812,1.34292,-0.257,72.33831,-9.104116,-3.497362,0.481365,NA,NA,NA,NA,NA,NA,NA,NA,NA,NA,NA,4.54044,-0.00465,-2.01435,50,5.67714,3.80257,-114.96165,-2.66507,5.99989,23.81579,-32.18016,CAR_EAG,CAR_EAG,CarsonNewman,TeamExclusive,Team,20251017-CarsonNewman-Private-1,5a1bf3b0-ab75-11f0-b255-238b61f5281b,78.3033,NA,NA,6.86643,NA,NA,NA,NA,NA,NA,a29af4ea-4bf5-43b1-9c30-16536369fbae,2025-10-17,16:21:35,2025-10-17T16:21:35Z,2025-10-17T16:21:35Z,NA,v3,CNE,CNE,NA,"Rogers, Jacob",1000215913,Right,CAR_EAG,6d6c976c-1fb3-49ac-be13-1e5934bf56c9,54.43967,-115.87773,11.9079,5.75584,-1.42725,-16.09008,-2.15617,3.57178,2.99994,NA,NA,NA,NA,NA,NA,NA,NA,NA,NA,NA,NA,NA,NA,NA,NA,NA,NA,NA,NA,NA,NA,NA,NA,NA,NA,NA,NA,NA,NA,NA,NA,NA,NA,NA,NA,NA,NA,NA,NA,NA,NA,NA,NA,NA,NA,NA,NA,NA,NA,High,High,High,NA,NA,NA,NA,NA,32.408889,63.720294,1060.967075,0.442754,07:00:00,-0.88756,0.227774,0.400446,-6.891841,6.000177,34.074483,-0.645703,122.917479,-0.414957,-39.866246,0.414957,-0.640998,0.645703,57.273407,-40.218413,0.640998,-0.640998,-122.917479,40.218413,0.645703,39.866246,-57.273407,-0.645703,0.640998,0.414957,-0.414957,NA,NA,NA,NA,NA,NA,NA,NA,NA,NA,NA,NA
NA,NA,NA,NA,NA,NA,NA,NA,NA,NA,NA,NA,NA,NA,NA,NA,146,2025-10-17,12:21:53,4,3,"Slifka, Denver",10107869,Right,CAR_EAG,"Ring, Alex",10041847,Right,CAR_EAG,Undefined,5,Top,2,0,2,ChangeUp,Changeup,BallCalled,Undefined,Undefined,Undefined,0,0,NA,82.61321,-2.167668,-3.44999,1551.591102,243.898084,02:15:00,5.71018,2.29292,6.50943,-34.15683,5.97052,9.58501,0.86983,-0.07842,75.96866,-8.528818,-1.710521,0.455923,NA,NA,NA,NA,NA,NA,NA,NA,NA,NA,NA,-5.99,4.14189,-2.05556,50,5.54381,6.88303,-119.8657,-5.53263,-8.7055,23.39998,-26.15451,CAR_EAG,CAR_EAG,CarsonNewman,TeamExclusive,Team,20251017-CarsonNewman-Private-1,653e9950-ab75-11f0-b255-238b61f5281b,82.67284,NA,NA,6.64455,NA,NA,NA,NA,NA,NA,a29af4ea-4bf5-43b1-9c30-16536369fbae,2025-10-17,16:21:53,2025-10-17T16:21:53Z,2025-10-17T16:21:53Z,NA,v3,CNE,CNE,NA,"Rogers, Jacob",1000215913,Right,CAR_EAG,ccc2bf48-3660-4b39-ba3b-60be31f73f5a,53.99254,-120.6426,11.69999,5.71309,-4.66428,-13.07725,-2.28888,7.17205,-4.35275,NA,NA,NA,NA,NA,NA,NA,NA,NA,NA,NA,NA,NA,NA,NA,NA,NA,NA,NA,NA,NA,NA,NA,NA,NA,NA,NA,NA,NA,NA,NA,NA,NA,NA,NA,NA,NA,NA,NA,NA,NA,NA,NA,NA,NA,NA,NA,NA,NA,NA,High,High,High,NA,NA,NA,NA,NA,230.18536,51.027259,975.874129,0.628951,01:45:00,-0.781476,-0.51217,-0.35634,31.332773,19.958368,-13.211627,0.866798,104.127201,-0.12171,28.919329,0.12171,-0.483578,-0.866798,82.007139,60.088679,0.483578,0.483578,-104.127201,-60.088679,0.866798,-28.919329,-82.007139,-0.866798,-0.483578,0.12171,-0.12171,NA,NA,NA,NA,NA,NA,NA,NA,NA,NA,NA,NA
NA,NA,NA,NA,NA,NA,NA,NA,NA,NA,NA,NA,NA,NA,NA,NA,147,2025-10-17,12:22:11,4,4,"Slifka, Denver",10107869,Right,CAR_EAG,"Ring, Alex",10041847,Right,CAR_EAG,Undefined,5,Top,2,1,2,Slider,Slider,FoulBallNotFieldable,Undefined,Undefined,Undefined,0,0,NA,78.39078,0.943143,-0.862001,2525.969681,75.614795,08:30:00,5.80826,2.29805,6.29918,-46.87298,-1.53669,-12.13729,2.77139,0.49228,71.17189,-7.773964,-3.058819,0.484612,NA,NA,NA,NA,NA,NA,NA,NA,NA,NA,NA,6.03851,-0.65476,-2.22908,50,5.85542,2.14194,-113.85032,0.49228,7.79817,24.04003,-33.0196,CAR_EAG,CAR_EAG,CarsonNewman,TeamExclusive,Team,20251017-CarsonNewman-Private-1,6fc80c30-ab75-11f0-b255-238b61f5281b,77.77857,NA,NA,7.21888,NA,NA,NA,NA,NA,NA,a29af4ea-4bf5-43b1-9c30-16536369fbae,2025-10-17,16:22:11,2025-10-17T16:22:11Z,2025-10-17T16:22:11Z,NA,v3,CNE,CNE,NA,"Rogers, Jacob",1000215913,Right,CAR_EAG,6a4355d4-b067-4175-9e47-c4ad239b72c9,54.2029,-114.73435,12.02001,5.81499,1.70652,-16.5098,-2.30257,1.85517,3.89908,NA,NA,NA,NA,NA,NA,NA,NA,NA,NA,NA,NA,NA,NA,NA,NA,NA,NA,NA,NA,NA,NA,NA,NA,NA,NA,NA,NA,NA,NA,NA,NA,NA,NA,NA,NA,NA,NA,NA,NA,NA,NA,NA,NA,NA,NA,NA,NA,NA,NA,High,High,High,NA,NA,NA,NA,NA,32.860743,55.732474,1422.266772,0.563058,07:00:00,-0.814068,0.319076,0.485266,-16.886653,36.648597,48.725139,-0.527951,121.322772,-0.441503,-46.510027,0.441503,-0.725495,0.527951,50.095719,-31.867134,0.725495,-0.725495,-121.322772,31.867134,0.527951,46.510027,-50.095719,-0.527951,0.725495,0.441503,-0.441503,NA,NA,NA,NA,NA,NA,NA,NA,NA,NA,NA,NA
NA,NA,NA,NA,NA,NA,NA,NA,NA,NA,NA,NA,NA,NA,NA,NA,148,2025-10-17,12:22:34,4,5,"Slifka, Denver",10107869,Right,CAR_EAG,"Ring, Alex",10041847,Right,CAR_EAG,Undefined,5,Top,2,1,2,Fastball,Sinker,InPlay,Undefined,LineDrive,Single,0,0,NA,86.54801,-1.528061,-3.411773,1956.687521,226.165494,01:30:00,5.89853,1.97305,6.87849,-25.13887,11.49725,10.55445,2.40828,-0.2603,77.92215,-6.33979,-1.485192,0.435638,82.22087,17.451083,-7.987993,1285.624436,109.09724,23.53258,-14.0608,230.14851,230.14851,-7.1588,2.586964,-6.78044,7.01489,-1.7598800000000001,50,5.79246,7.10587,-125.51076,-4.00388,-10.5982,30.16931,-21.20941,CAR_EAG,CAR_EAG,CarsonNewman,TeamExclusive,Team,20251017-CarsonNewman-Private-1,7d2a8fb0-ab75-11f0-b255-238b61f5281b,86.5223,23.86116,NA,8.62586,NA,NA,NA,2.06011,2.53835,0.30023,a29af4ea-4bf5-43b1-9c30-16536369fbae,2025-10-17,16:22:34,2025-10-17T16:22:34Z,2025-10-17T16:22:34Z,LineDrive,v3,CNE,CNE,NA,"Rogers, Jacob",1000215913,Right,CAR_EAG,cd0679b9-0c7f-4b8a-a350-169a16e7ab95,53.62209,-126.37841,15.08466,5.89884,-3.39391,-10.60471,-1.96863,7.41067,-5.2991,189.881998,2.06011,113.92386,-15.10074,2.86252,-0.55992,0.10341,-0.01746,0.00212,-1.1e-4,2.5383,36.1666,-16.55838,1.30926,-0.36932,0.16218,-0.0611,0.01376,-0.00128,0.30019,-15.984680000000001,2.85911,-0.54858,0.02909,0.06008,-0.03607,0.00906,-8.7e-4,NA,NA,NA,NA,NA,NA,NA,NA,NA,NA,NA,NA,NA,NA,NA,NA,NA,NA,NA,NA,NA,NA,High,High,High,High,High,NA,NA,NA,218.640145,48.310165,1301.388735,0.665098,01:15:00,-0.765028,-0.435071,-0.47481,50.668681,66.777307,8.304107,-0.930583,161.999762,-0.348162,-6.49557,0.348162,-0.113126,0.930583,69.487498,-68.525936,0.113126,-0.113126,-161.999762,68.525936,0.930583,6.49557,-69.487498,-0.930583,0.113126,0.348162,-0.348162,NA,NA,NA,NA,NA,NA,NA,NA,NA,NA,NA,NA
NA,NA,NA,NA,NA,NA,NA,NA,NA,NA,NA,NA,NA,NA,NA,NA,149,2025-10-17,12:23:07,5,1,"Slifka, Denver",10107869,Right,CAR_EAG,"Smith, Braxton",1000370200,Right,CAR_EAG,Undefined,5,Top,2,0,0,Slider,Curveball,BallCalled,Undefined,Undefined,Undefined,0,0,NA,78.11747,1.92633,-3.076552,2351.713945,54.451946,07:45:00,5.80488,2.31008,6.06667,-52.3307,-5.53091,-10.24623,3.23002,-1.39381,70.06925,-7.764426,-4.916476,0.492372,NA,NA,NA,NA,NA,NA,NA,NA,NA,NA,NA,4.11362,-2.93268,-2.06616,50,5.92771,6.46402,-113.05621,2.16683,5.17403,26.02668,-35.8627,CAR_EAG,CAR_EAG,CarsonNewman,TeamExclusive,Team,20251017-CarsonNewman-Private-1,916b0a40-ab75-11f0-b255-238b61f5281b,76.55276,NA,NA,8.04822,NA,NA,NA,NA,NA,NA,a29af4ea-4bf5-43b1-9c30-16536369fbae,2025-10-17,16:23:07,2025-10-17T16:23:07Z,2025-10-17T16:23:07Z,NA,v3,CNE,CNE,NA,"Rogers, Jacob",1000215913,Right,CAR_EAG,fad0bd82-5280-4c85-b7d7-7f166385a7c5,54.43265,-114.07209,13.01334,5.81581,3.56663,-17.93135,-2.31453,6.26206,2.58702,NA,NA,NA,NA,NA,NA,NA,NA,NA,NA,NA,NA,NA,NA,NA,NA,NA,NA,NA,NA,NA,NA,NA,NA,NA,NA,NA,NA,NA,NA,NA,NA,NA,NA,NA,NA,NA,NA,NA,NA,NA,NA,NA,NA,NA,NA,NA,NA,NA,NA,High,High,High,NA,NA,NA,NA,NA,32.630995,60.34841,1163.45068,0.494725,07:00:00,-0.835991,0.29583,0.462172,-15.954925,0.17258,31.939463,-0.554313,139.570837,-0.63356,-32.667186,0.63356,-0.539758,0.554313,41.183231,-33.663381,0.539758,-0.539758,-139.570837,33.663381,0.554313,32.667186,-41.183231,-0.554313,0.539758,0.63356,-0.63356,NA,NA,NA,NA,NA,NA,NA,NA,NA,NA,NA,NA
NA,NA,NA,NA,NA,NA,NA,NA,NA,NA,NA,NA,NA,NA,NA,NA,150,2025-10-17,12:23:22,5,2,"Slifka, Denver",10107869,Right,CAR_EAG,"Smith, Braxton",1000370200,Right,CAR_EAG,Undefined,5,Top,2,1,0,Slider,Curveball,BallCalled,Undefined,Undefined,Undefined,0,0,NA,77.10714,-1.092375,-3.308242,2368.940017,55.966019,07:45:00,5.73553,2.12873,6.26954,-55.42885,-8.26288,-14.62477,0.10755,-2.14341,70.66296,-11.246868,-5.9522640000000004,0.494294,NA,NA,NA,NA,NA,NA,NA,NA,NA,NA,NA,6.51067,-3.45961,-1.87683,50,5.62821,6.96854,-111.82637,-3.78253,8.08545,23.7893,-36.47044,CAR_EAG,CAR_EAG,CarsonNewman,TeamExclusive,Team,20251017-CarsonNewman-Private-1,9a0caa50-ab75-11f0-b255-238b61f5281b,76.25504,NA,NA,6.44418,NA,NA,NA,NA,NA,NA,a29af4ea-4bf5-43b1-9c30-16536369fbae,2025-10-17,16:23:22,2025-10-17T16:23:22Z,2025-10-17T16:23:22Z,NA,v3,CNE,CNE,NA,"Rogers, Jacob",1000215913,Right,CAR_EAG,35a1a85a-2b03-4034-97bd-7aa274261700,54.23425,-112.72355,11.89465,5.74492,-2.40711,-18.23522,-2.13389,6.66361,4.04273,NA,NA,NA,NA,NA,NA,NA,NA,NA,NA,NA,NA,NA,NA,NA,NA,NA,NA,NA,NA,NA,NA,NA,NA,NA,NA,NA,NA,NA,NA,NA,NA,NA,NA,NA,NA,NA,NA,NA,NA,NA,NA,NA,NA,NA,NA,NA,NA,NA,NA,High,High,High,NA,NA,NA,NA,NA,34.555724,54.725098,1368.063033,0.5775,07:15:00,-0.79367,0.311939,0.522286,-15.104589,26.670157,36.038218,-0.644359,125.035946,-0.43902,-38.766563,0.43902,-0.626149,0.644359,55.732317,-40.117668,0.626149,-0.626149,-125.035946,40.117668,0.644359,38.766563,-55.732317,-0.644359,0.626149,0.43902,-0.43902,NA,NA,NA,NA,NA,NA,NA,NA,NA,NA,NA,NA
NA,NA,NA,NA,NA,NA,NA,NA,NA,NA,NA,NA,NA,NA,NA,NA,151,2025-10-17,12:23:46,5,3,"Slifka, Denver",10107869,Right,CAR_EAG,"Smith, Braxton",1000370200,Right,CAR_EAG,Undefined,5,Top,2,2,0,Fastball,Changeup,InPlay,Undefined,FlyBall,Out,1,0,NA,84.96516,-0.587156,-3.758314,1880.749574,231.761057,01:45:00,5.72128,2.13524,6.77967,-27.25344,10.90036,12.03686,2.91289,-0.29811,76.43333,-5.790626,-1.566978,0.44457,78.62952,59.940262,28.19176,5285.817666,85.85327,117.76656,68.76929,161.29504,63.64268,40.291689,5.577435,-7.63205,6.37095,-1.8942,50,5.67272,7.65803,-123.17973,-1.98278,-11.49869,28.8966,-22.57536,CAR_EAG,CAR_EAG,CarsonNewman,TeamExclusive,Team,20251017-CarsonNewman-Private-1,a8414ae0-ab75-11f0-b255-238b61f5281b,84.784,124.91642,NA,8.53184,NA,NA,NA,0.97851,2.56919,0.34651,a29af4ea-4bf5-43b1-9c30-16536369fbae,2025-10-17,16:23:46,2025-10-17T16:23:46Z,2025-10-17T16:23:46Z,Popup,v3,CNE,CNE,NA,"Rogers, Jacob",1000215913,Right,CAR_EAG,c0dc1ace-f3d8-428a-b764-3963071003fa,53.72043,-124.04943,14.4483,5.72217,-1.30333,-11.28768,-2.12989,8.0041,-5.74935,192.52947,0.98567,50.76079,-17.0022,4.53825,-0.44304,-0.1442,0.0599,-0.00844,4.3e-4,2.55675,100.02396,-25.24924,3.14662,-0.83681,0.18817,-0.02364,8.8e-4,4e-5,0.35146,27.20125,-3.3172,0.24199,0.24132,-0.11977,0.02576,-0.00269,1.1e-4,NA,NA,NA,NA,NA,NA,NA,NA,NA,NA,NA,NA,NA,NA,NA,NA,NA,NA,NA,NA,NA,NA,High,High,High,High,Low,NA,NA,NA,220.014148,46.110568,1303.865223,0.693269,01:15:00,-0.749337,-0.453118,-0.482886,-89.925021,-27.511104,59.248541,-0.908098,170.079115,-0.412496,-4.137315,0.412496,-0.072147,0.908098,65.570465,-65.243806,0.072147,-0.072147,-170.079115,65.243806,0.908098,4.137315,-65.570465,-0.908098,0.072147,0.412496,-0.412496,NA,NA,NA,NA,NA,NA,NA,NA,NA,NA,NA,NA
NA,NA,NA,NA,NA,NA,NA,NA,NA,NA,NA,NA,NA,NA,NA,NA,152,2025-10-17,12:25:55,1,1,"Adams, Kyle",1000370208,Right,CAR_EAG,"Soto Diaz, Bradley",1000475324,Right,CAR_EAG,Undefined,5,Bottom,0,0,0,Slider,Curveball,BallCalled,Undefined,Undefined,Undefined,0,0,NA,72.94266,-0.737505,-5.006768,2226.946841,67.337031,08:15:00,5.20814,2.67658,6.23279,-53.73877,-0.58721,-6.0054,0.04686,-2.45483,66.46625,-10.629789,-6.086256,0.524722,NA,NA,NA,NA,NA,NA,NA,NA,NA,NA,NA,1.41606,0.49291,-2.29901,50,5.12674,9.43842,-105.47967,-2.84099,1.5615,21.49376,-31.63052,CAR_EAG,CAR_EAG,CarsonNewman,TeamExclusive,Team,20251017-CarsonNewman-Private-1,f591c5e0-ab75-11f0-b255-238b61f5281b,71.83315,NA,NA,6.47642,NA,NA,NA,NA,NA,NA,a29af4ea-4bf5-43b1-9c30-16536369fbae,2025-10-17,16:25:55,2025-10-17T16:25:55Z,2025-10-17T16:25:55Z,NA,v3,CNE,CNE,NA,"Evans, Colton",10278429,Right,CAR_EAG,8f4b6176-8c66-4f75-9f68-fce634f40566,54.26834,-106.34588,10.74688,5.21555,-1.56626,-15.81526,-2.67812,9.37549,0.78075,NA,NA,NA,NA,NA,NA,NA,NA,NA,NA,NA,NA,NA,NA,NA,NA,NA,NA,NA,NA,NA,NA,NA,NA,NA,NA,NA,NA,NA,NA,NA,NA,NA,NA,NA,NA,NA,NA,NA,NA,NA,NA,NA,NA,NA,NA,NA,NA,NA,NA,High,High,High,NA,NA,NA,NA,NA,57.095127,71.701356,699.194471,0.31397,08:00:00,-0.934226,0.251358,0.253062,-7.869098,71.376596,-51.297145,0.476346,146.21894,-0.730812,29.267383,0.730812,-0.488886,-0.476346,33.096449,28.446992,0.488886,0.488886,-146.21894,-28.446992,0.476346,-29.267383,-33.096449,-0.476346,-0.488886,0.730812,-0.730812,NA,NA,NA,NA,NA,NA,NA,NA,NA,NA,NA,NA
NA,NA,NA,NA,NA,NA,NA,NA,NA,NA,NA,NA,NA,NA,NA,NA,153,2025-10-17,12:26:09,1,2,"Adams, Kyle",1000370208,Right,CAR_EAG,"Soto Diaz, Bradley",1000475324,Right,CAR_EAG,Undefined,5,Bottom,0,1,0,Slider,Curveball,StrikeCalled,Undefined,Undefined,Undefined,0,0,NA,71.30278,2.45745,-1.512399,2070.225031,65.817622,08:15:00,5.23514,2.67452,6.12468,-56.0622,-0.63315,-5.83378,2.83732,0.78988,64.50601,-7.956125,-2.563446,0.535846,NA,NA,NA,NA,NA,NA,NA,NA,NA,NA,NA,2.48016,-0.46118,-2.55594,50,5.39524,2.92841,-103.35611,2.87515,2.63532,20.07225,-32.66407,CAR_EAG,CAR_EAG,CarsonNewman,TeamExclusive,Team,20251017-CarsonNewman-Private-1,fde6cc90-ab75-11f0-b255-238b61f5281b,70.34189,NA,NA,6.79677,NA,NA,NA,NA,NA,NA,a29af4ea-4bf5-43b1-9c30-16536369fbae,2025-10-17,16:26:09,2025-10-17T16:26:09Z,2025-10-17T16:26:09Z,NA,v3,CNE,CNE,NA,"Evans, Colton",10278429,Right,CAR_EAG,547b1250-26d6-419f-aefd-32d7731dba17,54.37473,-104.20224,10.03613,5.24502,4.25208,-16.33203,-2.67704,2.81732,1.31766,NA,NA,NA,NA,NA,NA,NA,NA,NA,NA,NA,NA,NA,NA,NA,NA,NA,NA,NA,NA,NA,NA,NA,NA,NA,NA,NA,NA,NA,NA,NA,NA,NA,NA,NA,NA,NA,NA,NA,NA,NA,NA,NA,NA,NA,NA,NA,NA,NA,NA,High,High,High,NA,NA,NA,NA,NA,51.737003,68.621424,754.656288,0.364529,07:45:00,-0.911786,0.325883,0.249894,60.900257,74.492681,4.726071,0.489681,146.879624,-0.730239,28.450988,0.730239,-0.476407,-0.489681,33.844894,29.319638,0.476407,0.476407,-146.879624,-29.319638,0.489681,-28.450988,-33.844894,-0.489681,-0.476407,0.730239,-0.730239,NA,NA,NA,NA,NA,NA,NA,NA,NA,NA,NA,NA
NA,NA,NA,NA,NA,NA,NA,NA,NA,NA,NA,NA,NA,NA,NA,NA,154,2025-10-17,12:26:21,1,3,"Adams, Kyle",1000370208,Right,CAR_EAG,"Soto Diaz, Bradley",1000475324,Right,CAR_EAG,Undefined,5,Bottom,0,1,1,Slider,Curveball,InPlay,Undefined,GroundBall,Out,1,0,NA,73.94747,0.812933,-2.165371,2271.027837,62.318186,08:00:00,5.21948,2.68536,6.21671,-53.10058,-2.21744,-7.42882,1.54525,0.067,67.71029,-9.002315,-3.507074,0.513403,71.57571,5.671265,-6.280166,1877.951768,NA,NA,NA,67.03143,65.12528,-5.748009,0.654252,3.20685,-0.95449,-2.51935,50,5.25398,4.30593,-107.38697,0.03212,3.70611,20.38749,-33.27712,CAR_EAG,CAR_EAG,CarsonNewman,TeamExclusive,Team,20251017-CarsonNewman-Private-1,04bcd460-ab76-11f0-b255-238b61f5281b,73.41687,3.13098,NA,6.23719,NA,NA,NA,2.33582,1.83734,-0.17049,a29af4ea-4bf5-43b1-9c30-16536369fbae,2025-10-17,16:26:21,2025-10-17T16:26:21Z,2025-10-17T16:26:21Z,GroundBall,v3,CNE,CNE,NA,"Evans, Colton",10278429,Right,CAR_EAG,2cf3e9a3-633c-4ca8-b9f1-7746631497c4,54.28658,-108.19772,10.19374,5.22639,1.35546,-16.63856,-2.68765,4.15855,1.85305,341.687347,2.34076,103.73398,-8.22116,NA,NA,NA,NA,NA,NA,1.85668,9.97738,-19.6306,NA,NA,NA,NA,NA,NA,-0.17384,-11.35801,2.08982,NA,NA,NA,NA,NA,NA,NA,NA,NA,NA,NA,NA,NA,NA,NA,NA,NA,NA,NA,NA,NA,NA,NA,NA,NA,NA,NA,NA,High,High,High,High,High,NA,NA,NA,49.437676,68.529016,831.264305,0.36603,07:45:00,-0.916909,0.291248,0.272859,-103.51304,3.608474,41.14021,0.515123,150.161935,-0.743493,25.243022,0.743493,-0.426459,-0.515123,34.715826,31.00566,0.426459,0.426459,-150.161935,-31.00566,0.515123,-25.243022,-34.715826,-0.515123,-0.426459,0.743493,-0.743493,NA,NA,NA,NA,NA,NA,NA,NA,NA,NA,NA,NA
NA,NA,NA,NA,NA,NA,NA,NA,NA,NA,NA,NA,NA,NA,NA,NA,155,2025-10-17,12:26:51,2,1,"Adams, Kyle",1000370208,Right,CAR_EAG,"Mutter, Evan",1000300074,Right,CAR_EAG,Undefined,5,Bottom,1,0,0,Fastball,Changeup,HitByPitch,Undefined,Undefined,Undefined,0,0,NA,79.9315,1.550786,-2.78119,2138.848415,249.002577,02:15:00,5.33445,2.73821,6.55479,-36.08868,7.56674,15.36174,3.7511,1.46609,71.47617,-5.292854,0.006617,0.475544,NA,NA,NA,NA,NA,NA,NA,NA,NA,NA,NA,-8.97906,3.9174,-2.5518,50,5.42677,5.07494,-115.84945,2.15678,-11.90681,26.53527,-26.97934,CAR_EAG,CAR_EAG,CarsonNewman,TeamExclusive,Team,20251017-CarsonNewman-Private-1,16653ef0-ab76-11f0-b255-238b61f5281b,79.26177,NA,NA,8.45533,NA,NA,NA,NA,NA,NA,a29af4ea-4bf5-43b1-9c30-16536369fbae,2025-10-17,16:26:51,2025-10-17T16:26:51Z,2025-10-17T16:26:51Z,NA,v3,CNE,CNE,NA,"Evans, Colton",10278429,Right,CAR_EAG,54793407-87a1-4783-bf99-7257b91bc3fe,53.94396,-116.74931,13.26763,5.33812,3.07171,-13.48967,-2.73074,5.47872,-5.9534,NA,NA,NA,NA,NA,NA,NA,NA,NA,NA,NA,NA,NA,NA,NA,NA,NA,NA,NA,NA,NA,NA,NA,NA,NA,NA,NA,NA,NA,NA,NA,NA,NA,NA,NA,NA,NA,NA,NA,NA,NA,NA,NA,NA,NA,NA,NA,NA,NA,NA,High,High,High,NA,NA,NA,NA,NA,233.664575,39.19224,1657.671872,0.77503,01:45:00,-0.670107,-0.607004,-0.427202,71.727963,54.882291,36.723725,0.959379,143.337417,-0.226306,9.697928,0.226306,-0.168454,-0.959379,76.72723,73.613278,0.168454,0.168454,-143.337417,-73.613278,0.959379,-9.697928,-76.72723,-0.959379,-0.168454,0.226306,-0.226306,NA,NA,NA,NA,NA,NA,NA,NA,NA,NA,NA,NA
NA,NA,NA,NA,NA,NA,NA,NA,NA,NA,NA,NA,NA,NA,NA,NA,156,2025-10-17,12:27:23,3,1,"Adams, Kyle",1000370208,Right,CAR_EAG,"Bishop, Matthew",10136275,Right,CAR_EAG,Undefined,5,Bottom,1,0,0,Fastball,Curveball,FoulBallNotFieldable,Undefined,Undefined,Undefined,0,0,NA,77.75238,-0.024327,-3.549319,1952.307385,162.227293,11:30:00,5.51648,2.32314,6.47652,-35.61124,9.64418,-2.64575,2.5265,-1.16096,71.48225,-6.685942,-4.027848,0.48418,NA,NA,NA,NA,NA,NA,NA,NA,NA,NA,NA,0.4015,5.49469,-2.07191,50,5.49909,7.09025,-112.86219,-1.00209,0.51819,20.41894,-25.08228,CAR_EAG,CAR_EAG,CarsonNewman,TeamExclusive,Team,20251017-CarsonNewman-Private-1,29dceb40-ab76-11f0-b255-238b61f5281b,77.84804,NA,NA,6.27013,NA,NA,NA,NA,NA,NA,a29af4ea-4bf5-43b1-9c30-16536369fbae,2025-10-17,16:27:23,2025-10-17T16:27:23Z,2025-10-17T16:27:23Z,NA,v3,CNE,CNE,NA,"Evans, Colton",10278429,Right,CAR_EAG,e03ee825-6c85-444f-b1e8-5ed59b884508,54.02445,-113.58796,10.20947,5.51887,-0.11057,-12.54114,-2.32359,7.07183,0.25909,NA,NA,NA,NA,NA,NA,NA,NA,NA,NA,NA,NA,NA,NA,NA,NA,NA,NA,NA,NA,NA,NA,NA,NA,NA,NA,NA,NA,NA,NA,NA,NA,NA,NA,NA,NA,NA,NA,NA,NA,NA,NA,NA,NA,NA,NA,NA,NA,NA,NA,High,High,High,NA,NA,NA,NA,NA,221.066142,59.687704,985.354721,0.504713,01:15:00,-0.885048,-0.331927,-0.326364,-79.246002,15.67843,-55.479252,-0.198461,172.30512,-0.971283,-7.54092,0.971283,-0.131234,0.198461,11.548229,-11.446996,0.131234,-0.131234,-172.30512,11.446996,0.198461,7.54092,-11.548229,-0.198461,0.131234,0.971283,-0.971283,NA,NA,NA,NA,NA,NA,NA,NA,NA,NA,NA,NA
NA,NA,NA,NA,NA,NA,NA,NA,NA,NA,NA,NA,NA,NA,NA,NA,157,2025-10-17,12:27:46,3,2,"Adams, Kyle",1000370208,Right,CAR_EAG,"Bishop, Matthew",10136275,Right,CAR_EAG,Undefined,5,Bottom,1,0,1,Fastball,Slider,InPlay,Undefined,GroundBall,Out,2,0,NA,81.07373,0.213407,-2.418975,2102.640194,188.845111,12:15:00,5.42691,2.36369,6.45803,-34.80691,6.90914,0.86811,2.72256,0.21251,74.15816,-6.307513,-2.26165,0.464861,98.43367,-7.939811,-6.140196,NA,NA,NA,NA,17.16388,16.88698,-6.677039,0.11535,-1.15331,3.94945,-2.1929,50,5.42655,4.94491,-117.78005,-0.54714,-1.61413,23.13307,-26.64651,CAR_EAG,CAR_EAG,CarsonNewman,TeamExclusive,Team,20251017-CarsonNewman-Private-1,37944580-ab76-11f0-b255-238b61f5281b,81.0833,2.60979,NA,6.91556,NA,NA,NA,0.93142,2.60979,-0.2262,a29af4ea-4bf5-43b1-9c30-16536369fbae,2025-10-17,16:27:46,2025-10-17T16:27:46Z,2025-10-17T16:27:46Z,GroundBall,v3,CNE,CNE,NA,"Evans, Colton",10278429,Right,CAR_EAG,010134d8-797e-4c2d-b11e-2bac6f9ea8ad,54.0436,-118.57159,11.56654,5.42967,0.36462,-13.32326,-2.36304,5.00014,-0.80707,14.576448,0.93159,142.14498,-21.09877,NA,NA,NA,NA,NA,NA,2.61004,-19.97126,-23.04347,NA,NA,NA,NA,NA,NA,-0.22617,-15.29713,-0.37759,NA,NA,NA,NA,NA,NA,NA,NA,NA,NA,NA,NA,NA,NA,NA,NA,NA,NA,NA,NA,NA,NA,NA,NA,NA,NA,NA,NA,High,High,High,High,High,NA,NA,NA,227.522662,50.774414,1329.657724,0.632375,01:30:00,-0.793726,-0.463516,-0.393893,-77.944986,3.097121,-46.230682,-0.208958,168.626349,-0.95872,-11.119335,0.95872,-0.192853,0.208958,12.295626,-12.061302,0.192853,-0.192853,-168.626349,12.061302,0.208958,11.119335,-12.295626,-0.208958,0.192853,0.95872,-0.95872,NA,NA,NA,NA,NA,NA,NA,NA,NA,NA,NA,NA
NA,NA,NA,NA,NA,NA,NA,NA,NA,NA,NA,NA,NA,NA,NA,NA,158,2025-10-17,12:30:09,1,1,"Slifka, Denver",10107869,Right,CAR_EAG,"Bolton, Ryan",1000215919,Right,CAR_EAG,Undefined,6,Top,0,0,0,Slider,Curveball,StrikeSwinging,Undefined,Undefined,Undefined,0,0,NA,78.1658,-0.849519,-2.86624,2199.6150040000002,43.950664,07:30:00,5.65834,2.21399,6.33211,-50.48518,-5.40918,-6.54122,0.66792,-0.9727,72.29051,-10.126249,-4.050838,0.483219,NA,NA,NA,NA,NA,NA,NA,NA,NA,NA,NA,2.58851,-2.14646,-2.0019,50,5.57285,5.9107,-113.5537,-3.18409,3.36933,21.39363,-34.968,CAR_EAG,CAR_EAG,CarsonNewman,TeamExclusive,Team,20251017-CarsonNewman-Private-1,8c7e3f60-ab76-11f0-b255-238b61f5281b,78.00279,NA,NA,5.87529,NA,NA,NA,NA,NA,NA,a29af4ea-4bf5-43b1-9c30-16536369fbae,2025-10-17,16:30:09,2025-10-17T16:30:09Z,2025-10-17T16:30:09Z,NA,v3,CNE,CNE,NA,"Rogers, Jacob",1000215913,Right,CAR_EAG,cec7e0d1-1887-44fc-bfd7-28fc6a270c92,54.17196,-114.337,10.69681,5.66599,-1.90379,-17.484,-2.21605,5.78734,1.68467,NA,NA,NA,NA,NA,NA,NA,NA,NA,NA,NA,NA,NA,NA,NA,NA,NA,NA,NA,NA,NA,NA,NA,NA,NA,NA,NA,NA,NA,NA,NA,NA,NA,NA,NA,NA,NA,NA,NA,NA,NA,NA,NA,NA,NA,NA,NA,NA,NA,NA,High,High,High,NA,NA,NA,NA,NA,35.342055,62.334269,1021.308526,0.464312,07:15:00,-0.869504,0.255424,0.422754,-23.24632,4.485398,32.128014,-0.63168,142.140621,-0.612058,-28.410011,0.612058,-0.475778,0.63168,45.903857,-39.174201,0.475778,-0.475778,-142.140621,39.174201,0.63168,28.410011,-45.903857,-0.63168,0.475778,0.612058,-0.612058,NA,NA,NA,NA,NA,NA,NA,NA,NA,NA,NA,NA
NA,NA,NA,NA,NA,NA,NA,NA,NA,NA,NA,NA,NA,NA,NA,NA,159,2025-10-17,12:30:27,1,2,"Slifka, Denver",10107869,Right,CAR_EAG,"Bolton, Ryan",1000215919,Right,CAR_EAG,Undefined,6,Top,0,0,1,ChangeUp,Changeup,BallCalled,Undefined,Undefined,Undefined,0,0,NA,81.76054,-0.307752,-4.017072,1735.329353,219.626014,01:15:00,5.81834,1.93758,7.00899,-29.26596,10.87847,7.9643,3.09906,-1.0564,74.8987,-5.867401,-2.562128,0.45602,NA,NA,NA,NA,NA,NA,NA,NA,NA,NA,NA,-5.35063,6.29378,-1.69374,50,5.78973,8.07077,-118.70839,-1.35867,-7.63396,22.75223,-23.19451,CAR_EAG,CAR_EAG,CarsonNewman,TeamExclusive,Team,20251017-CarsonNewman-Private-1,97453070-ab76-11f0-b255-238b61f5281b,82.65522,NA,NA,6.86184,NA,NA,NA,NA,NA,NA,a29af4ea-4bf5-43b1-9c30-16536369fbae,2025-10-17,16:30:27,2025-10-17T16:30:27Z,2025-10-17T16:30:27Z,NA,v3,CNE,CNE,NA,"Rogers, Jacob",1000215913,Right,CAR_EAG,834b5adf-2a8f-4af8-8031-e5f7d0eb1b21,53.49189,-119.37579,11.37611,5.8196,-0.6783,-11.59726,-1.93377,8.2947,-3.81698,NA,NA,NA,NA,NA,NA,NA,NA,NA,NA,NA,NA,NA,NA,NA,NA,NA,NA,NA,NA,NA,NA,NA,NA,NA,NA,NA,NA,NA,NA,NA,NA,NA,NA,NA,NA,NA,NA,NA,NA,NA,NA,NA,NA,NA,NA,NA,NA,NA,NA,High,High,High,NA,NA,NA,NA,NA,221.051776,49.569255,1125.41046,0.648528,01:15:00,-0.791288,-0.429997,-0.434701,-0.340838,-13.552884,-39.176296,0.830938,128.691564,-0.3478,25.737955,0.3478,-0.434256,-0.830938,67.287624,56.19517,0.434256,0.434256,-128.691564,-56.19517,0.830938,-25.737955,-67.287624,-0.830938,-0.434256,0.3478,-0.3478,NA,NA,NA,NA,NA,NA,NA,NA,NA,NA,NA,NA
NA,NA,NA,NA,NA,NA,NA,NA,NA,NA,NA,NA,NA,NA,NA,NA,160,2025-10-17,12:30:44,1,3,"Slifka, Denver",10107869,Right,CAR_EAG,"Bolton, Ryan",1000215919,Right,CAR_EAG,Undefined,6,Top,0,1,1,Slider,Slider,StrikeSwinging,Undefined,Undefined,Undefined,0,0,NA,78.46271,-0.943071,-2.256798,2408.755962,77.783235,08:30:00,5.66813,2.25065,6.48573,-46.93841,-2.0876,-16.50607,0.88994,-1.19805,71.94089,-9.626547,-5.254081,0.482011,NA,NA,NA,NA,NA,NA,NA,NA,NA,NA,NA,7.90583,-0.30378,-2.08562,50,5.58205,5.06163,-113.95907,-3.22953,10.26017,23.50428,-32.56829,CAR_EAG,CAR_EAG,CarsonNewman,TeamExclusive,Team,20251017-CarsonNewman-Private-1,a1b28fd0-ab76-11f0-b255-238b61f5281b,78.19835,NA,NA,6.52182,NA,NA,NA,NA,NA,NA,a29af4ea-4bf5-43b1-9c30-16536369fbae,2025-10-17,16:30:44,2025-10-17T16:30:44Z,2025-10-17T16:30:44Z,NA,v3,CNE,CNE,NA,"Rogers, Jacob",1000215913,Right,CAR_EAG,4e93d5d8-81a2-49eb-a006-d6a10b5f85a1,54.0168,-114.78455,11.75214,5.67539,-2.08572,-16.28415,-2.25706,4.70129,5.13008,NA,NA,NA,NA,NA,NA,NA,NA,NA,NA,NA,NA,NA,NA,NA,NA,NA,NA,NA,NA,NA,NA,NA,NA,NA,NA,NA,NA,NA,NA,NA,NA,NA,NA,NA,NA,NA,NA,NA,NA,NA,NA,NA,NA,NA,NA,NA,NA,NA,NA,High,High,High,NA,NA,NA,NA,NA,35.852435,63.670186,1068.373892,0.443538,07:15:00,-0.885555,0.244993,0.394678,-19.795964,15.43345,38.457565,-0.62643,127.440958,-0.473878,-38.235089,0.473878,-0.61889,0.62643,52.893451,-38.787258,0.61889,-0.61889,-127.440958,38.787258,0.62643,38.235089,-52.893451,-0.62643,0.61889,0.473878,-0.473878,NA,NA,NA,NA,NA,NA,NA,NA,NA,NA,NA,NA
NA,NA,NA,NA,NA,NA,NA,NA,NA,NA,NA,NA,NA,NA,NA,NA,161,2025-10-17,12:31:07,1,4,"Slifka, Denver",10107869,Right,CAR_EAG,"Bolton, Ryan",1000215919,Right,CAR_EAG,Undefined,6,Top,0,1,2,Slider,Curveball,BallCalled,Undefined,Undefined,Undefined,0,0,NA,78.54116,-1.179422,-3.490987,2368.896487,47.447657,07:30:00,5.65045,2.22488,6.66928,-51.75137,-6.97465,-9.28386,0.25655,-1.74687,71.80514,-10.752352,-5.181615,0.481612,NA,NA,NA,NA,NA,NA,NA,NA,NA,NA,NA,3.72839,-2.80441,-1.98735,50,5.55164,7.26166,-113.93823,-3.81276,4.80751,24.66472,-35.79016,CAR_EAG,CAR_EAG,CarsonNewman,TeamExclusive,Team,20251017-CarsonNewman-Private-1,af4cec30-ab76-11f0-b255-238b61f5281b,78.26304,NA,NA,6.73601,NA,NA,NA,NA,NA,NA,a29af4ea-4bf5-43b1-9c30-16536369fbae,2025-10-17,16:31:07,2025-10-17T16:31:07Z,2025-10-17T16:31:07Z,NA,v3,CNE,CNE,NA,"Rogers, Jacob",1000215913,Right,CAR_EAG,dc05fc53-6f9f-4d3e-8d30-b209b12bd9c6,53.8334,-114.76507,12.33236,5.65935,-2.61296,-17.89508,-2.22808,7.1005,2.40376,NA,NA,NA,NA,NA,NA,NA,NA,NA,NA,NA,NA,NA,NA,NA,NA,NA,NA,NA,NA,NA,NA,NA,NA,NA,NA,NA,NA,NA,NA,NA,NA,NA,NA,NA,NA,NA,NA,NA,NA,NA,NA,NA,NA,NA,NA,NA,NA,NA,NA,High,High,High,NA,NA,NA,NA,NA,33.979472,57.04542,1288.618146,0.543974,07:15:00,-0.816147,0.286689,0.501711,-27.380198,19.722681,41.766207,-0.562643,141.018641,-0.642636,-31.335598,0.642636,-0.52005,0.562643,41.202959,-34.238811,0.52005,-0.52005,-141.018641,34.238811,0.562643,31.335598,-41.202959,-0.562643,0.52005,0.642636,-0.642636,NA,NA,NA,NA,NA,NA,NA,NA,NA,NA,NA,NA
NA,NA,NA,NA,NA,NA,NA,NA,NA,NA,NA,NA,NA,NA,NA,NA,162,2025-10-17,12:31:28,1,5,"Slifka, Denver",10107869,Right,CAR_EAG,"Bolton, Ryan",1000215919,Right,CAR_EAG,Undefined,6,Top,0,2,2,Slider,Curveball,InPlay,Undefined,FlyBall,Out,1,0,NA,77.7645,1.538117,-0.839075,2463.037686,65.254617,08:15:00,5.73581,2.42228,6.52409,-52.70156,-6.92237,-18.4897,2.75573,0.11157,70.57788,-8.273849,-4.200058,0.486974,85.81789,39.442004,-9.658707,4163.568316,108.7548,80.7272,-16.50431,307.40896,298.71838,-6.421084,5.352864,9.42087,-3.68284,-2.35656,50,5.82086,2.28479,-112.98801,1.52179,11.94376,24.288,-36.84315,CAR_EAG,CAR_EAG,CarsonNewman,TeamExclusive,Team,20251017-CarsonNewman-Private-1,bbc73290-ab76-11f0-b255-238b61f5281b,77.4014,100.10423,NA,7.18662,NA,NA,NA,1.75586,3.03702,-0.1362,a29af4ea-4bf5-43b1-9c30-16536369fbae,2025-10-17,16:31:28,2025-10-17T16:31:28Z,2025-10-17T16:31:28Z,FlyBall,v3,CNE,CNE,NA,"Rogers, Jacob",1000215913,Right,CAR_EAG,718ed8d4-d412-4c2a-9b23-ee12e2f8795f,53.97974,-113.84029,12.144,5.74478,2.81463,-18.42158,-2.42938,1.86568,5.97188,185.395064,1.75957,95.75892,-18.01199,4.06283,-0.61288,0.04274,0.00183,-4.1e-4,1e-5,3.03612,79.96558,-18.68163,1.18754,-0.10587,-0.0307,0.01517,-0.00239,1.3e-4,-0.13734,-16.28756,4.21289,-0.8347,0.09662,5.6e-4,-0.00159,1.3e-4,0,NA,NA,NA,NA,NA,NA,NA,NA,NA,NA,NA,NA,NA,NA,NA,NA,NA,NA,NA,NA,NA,NA,High,High,High,High,Medium,NA,NA,NA,37.587456,55.843308,1382.892329,0.561458,07:15:00,-0.811411,0.364562,0.456844,-20.765749,28.297481,31.166173,-0.661588,123.292407,-0.411611,-38.814385,0.411611,-0.626799,0.661588,58.111911,-41.421086,0.626799,-0.626799,-123.292407,41.421086,0.661588,38.814385,-58.111911,-0.661588,0.626799,0.411611,-0.411611,NA,NA,NA,NA,NA,NA,NA,NA,NA,NA,NA,NA
NA,NA,NA,NA,NA,NA,NA,NA,NA,NA,NA,NA,NA,NA,NA,NA,163,2025-10-17,12:32:02,2,1,"Slifka, Denver",10107869,Right,CAR_EAG,"Pierce, Johno",10069844,Right,CAR_EAG,Undefined,6,Top,1,0,0,Fastball,Changeup,BallCalled,Undefined,Undefined,Undefined,0,0,NA,85.91161,-1.783406,-3.625357,1942.516484,218.08799,01:15:00,5.89746,1.84526,7.01081,-28.08167,8.41654,5.66571,1.93242,-0.98247,78.58458,-7.100198,-2.588844,0.434818,NA,NA,NA,NA,NA,NA,NA,NA,NA,NA,NA,-4.07555,5.38914,-1.62504,50,5.77907,7.70415,-124.70562,-4.62811,-6.38841,26.15747,-23.72661,CAR_EAG,CAR_EAG,CarsonNewman,TeamExclusive,Team,20251017-CarsonNewman-Private-1,cfff96d0-ab76-11f0-b255-238b61f5281b,86.68561,NA,NA,7.32703,NA,NA,NA,NA,NA,NA,a29af4ea-4bf5-43b1-9c30-16536369fbae,2025-10-17,16:32:02,2025-10-17T16:32:02Z,2025-10-17T16:32:02Z,NA,v3,CNE,CNE,NA,"Rogers, Jacob",1000215913,Right,CAR_EAG,993b5f14-0b75-45cc-a5a3-11ea1704055b,53.49025,-125.43558,13.07873,5.89899,-3.96599,-11.86331,-1.84252,7.88243,-3.19421,NA,NA,NA,NA,NA,NA,NA,NA,NA,NA,NA,NA,NA,NA,NA,NA,NA,NA,NA,NA,NA,NA,NA,NA,NA,NA,NA,NA,NA,NA,NA,NA,NA,NA,NA,NA,NA,NA,NA,NA,NA,NA,NA,NA,NA,NA,NA,NA,NA,NA,High,High,High,NA,NA,NA,NA,NA,214.133155,47.289146,1317.606757,0.678299,01:15:00,-0.756641,-0.403289,-0.514638,-94.797545,-25.944152,58.522781,-0.889752,167.07247,-0.444876,-5.860983,0.444876,-0.102115,0.889752,63.434955,-62.842062,0.102115,-0.102115,-167.07247,62.842062,0.889752,5.860983,-63.434955,-0.889752,0.102115,0.444876,-0.444876,NA,NA,NA,NA,NA,NA,NA,NA,NA,NA,NA,NA
NA,NA,NA,NA,NA,NA,NA,NA,NA,NA,NA,NA,NA,NA,NA,NA,164,2025-10-17,12:32:19,2,2,"Slifka, Denver",10107869,Right,CAR_EAG,"Pierce, Johno",10069844,Right,CAR_EAG,Undefined,6,Top,1,1,0,Fastball,Changeup,StrikeSwinging,Undefined,Undefined,Undefined,0,0,NA,85.32001,-0.681758,-2.787369,1888.818344,213.947568,01:15:00,5.91074,1.88338,6.9684,-22.86155,14.34658,8.79276,3.38463,0.07831,77.31568,-5.082794,-1.179048,0.439026,NA,NA,NA,NA,NA,NA,NA,NA,NA,NA,NA,-5.53339,8.23784,-1.7133,50,5.8605,5.72227,-123.91238,-2.02365,-8.50788,27.3216,-19.50795,CAR_EAG,CAR_EAG,CarsonNewman,TeamExclusive,Team,20251017-CarsonNewman-Private-1,da0840f0-ab76-11f0-b255-238b61f5281b,85.85465,NA,NA,8.00433,NA,NA,NA,NA,NA,NA,a29af4ea-4bf5-43b1-9c30-16536369fbae,2025-10-17,16:32:19,2025-10-17T16:32:19Z,2025-10-17T16:32:19Z,NA,v3,CNE,CNE,NA,"Rogers, Jacob",1000215913,Right,CAR_EAG,23578b77-137a-4b78-b912-c77e11d7fddb,53.53145,-124.6886,13.6608,5.91012,-1.46942,-9.75397,-1.87931,5.96399,-4.25394,NA,NA,NA,NA,NA,NA,NA,NA,NA,NA,NA,NA,NA,NA,NA,NA,NA,NA,NA,NA,NA,NA,NA,NA,NA,NA,NA,NA,NA,NA,NA,NA,NA,NA,NA,NA,NA,NA,NA,NA,NA,NA,NA,NA,NA,NA,NA,NA,NA,NA,High,High,High,NA,NA,NA,NA,NA,210.40902,51.623783,1172.620787,0.620822,01:00:00,-0.805271,-0.323547,-0.496846,-75.830979,-25.68298,53.300224,-0.882853,150.177574,-0.407454,-13.506935,0.407454,-0.233563,0.882853,65.225736,-61.988454,0.233563,-0.233563,-150.177574,61.988454,0.882853,13.506935,-65.225736,-0.882853,0.233563,0.407454,-0.407454,NA,NA,NA,NA,NA,NA,NA,NA,NA,NA,NA,NA
NA,NA,NA,NA,NA,NA,NA,NA,NA,NA,NA,NA,NA,NA,NA,NA,165,2025-10-17,12:32:36,2,3,"Slifka, Denver",10107869,Right,CAR_EAG,"Pierce, Johno",10069844,Right,CAR_EAG,Undefined,6,Top,1,1,1,Fastball,Changeup,FoulBallNotFieldable,Undefined,Undefined,Undefined,0,0,NA,82.64443,-0.460649,-3.363655,1816.101749,237.458363,02:00:00,5.80228,1.86107,7.20097,-28.98746,10.46788,14.20438,2.96873,-0.00515,74.73141,-6.022028,-0.754272,0.452089,NA,NA,NA,NA,NA,NA,NA,NA,NA,NA,NA,-8.71768,6.19217,-1.6697,50,5.76708,6.58894,-120.01146,-1.64906,-12.52101,26.51689,-23.28038,CAR_EAG,CAR_EAG,CarsonNewman,TeamExclusive,Team,20251017-CarsonNewman-Private-1,e47fd980-ab76-11f0-b255-238b61f5281b,83.37385,NA,NA,7.91303,NA,NA,NA,NA,NA,NA,a29af4ea-4bf5-43b1-9c30-16536369fbae,2025-10-17,16:32:36,2025-10-17T16:32:36Z,2025-10-17T16:32:36Z,NA,v3,CNE,CNE,NA,"Rogers, Jacob",1000215913,Right,CAR_EAG,119a6421-59ef-45d7-949e-5e4ec355af10,53.29988,-120.73838,13.25845,5.80354,-1.01087,-11.64019,-1.85503,6.93218,-6.26051,NA,NA,NA,NA,NA,NA,NA,NA,NA,NA,NA,NA,NA,NA,NA,NA,NA,NA,NA,NA,NA,NA,NA,NA,NA,NA,NA,NA,NA,NA,NA,NA,NA,NA,NA,NA,NA,NA,NA,NA,NA,NA,NA,NA,NA,NA,NA,NA,NA,NA,High,High,High,NA,NA,NA,NA,NA,219.500398,42.26691,1343.950982,0.74002,01:15:00,-0.70113,-0.476107,-0.530791,13.262674,-8.111305,-40.168641,0.907349,134.193365,-0.293038,17.542152,0.293038,-0.301407,-0.907349,72.101591,65.141548,0.301407,0.301407,-134.193365,-65.141548,0.907349,-17.542152,-72.101591,-0.907349,-0.301407,0.293038,-0.293038,NA,NA,NA,NA,NA,NA,NA,NA,NA,NA,NA,NA
NA,NA,NA,NA,NA,NA,NA,NA,NA,NA,NA,NA,NA,NA,NA,NA,166,2025-10-17,12:33:01,2,4,"Slifka, Denver",10107869,Right,CAR_EAG,"Pierce, Johno",10069844,Right,CAR_EAG,Undefined,6,Top,1,1,2,Fastball,Sinker,BallCalled,Undefined,Undefined,Undefined,0,0,NA,85.25708,0.962103,-2.787921,1913.810278,222.046838,01:30:00,5.87151,1.94941,7.04866,-25.01127,12.2391,9.86264,4.66228,0.2369,76.91838,-3.854791,-0.981815,0.439275,NA,NA,NA,NA,NA,NA,NA,NA,NA,NA,NA,-6.1015,6.62067,-1.78304,50,5.92146,5.67464,-123.78563,1.47438,-9.33849,27.84207,-22.04095,CAR_EAG,CAR_EAG,CarsonNewman,TeamExclusive,Team,20251017-CarsonNewman-Private-1,f32f7670-ab76-11f0-b255-238b61f5281b,85.80597,NA,NA,8.3387,NA,NA,NA,NA,NA,NA,a29af4ea-4bf5-43b1-9c30-16536369fbae,2025-10-17,16:33:01,2025-10-17T16:33:01Z,2025-10-17T16:33:01Z,NA,v3,CNE,CNE,NA,"Rogers, Jacob",1000215913,Right,CAR_EAG,79d94e24-d25d-4878-8e0c-53f9e45f7254,53.44988,-124.55917,13.92104,5.87199,2.08674,-11.02048,-1.9443,5.93409,-4.66925,NA,NA,NA,NA,NA,NA,NA,NA,NA,NA,NA,NA,NA,NA,NA,NA,NA,NA,NA,NA,NA,NA,NA,NA,NA,NA,NA,NA,NA,NA,NA,NA,NA,NA,NA,NA,NA,NA,NA,NA,NA,NA,NA,NA,NA,NA,NA,NA,NA,NA,High,High,High,NA,NA,NA,NA,NA,213.801961,49.256075,1249.104583,0.652679,01:15:00,-0.7891,-0.350329,-0.50457,-90.78591,-21.563352,53.893681,-0.881017,156.563461,-0.434056,-10.845501,0.434056,-0.188161,0.881017,63.771663,-61.765299,0.188161,-0.188161,-156.563461,61.765299,0.881017,10.845501,-63.771663,-0.881017,0.188161,0.434056,-0.434056,NA,NA,NA,NA,NA,NA,NA,NA,NA,NA,NA,NA
NA,NA,NA,NA,NA,NA,NA,NA,NA,NA,NA,NA,NA,NA,NA,NA,167,2025-10-17,12:33:17,2,5,"Slifka, Denver",10107869,Right,CAR_EAG,"Pierce, Johno",10069844,Right,CAR_EAG,Undefined,6,Top,1,2,2,ChangeUp,Changeup,BallCalled,Undefined,Undefined,Undefined,0,0,NA,81.70622,0.266577,-1.827062,1345.882801,208.731809,01:00:00,5.71608,1.80403,7.00757,-28.8547,12.22587,5.82622,3.55398,0.62807,73.00176,-5.296391,-0.759556,0.461307,NA,NA,NA,NA,NA,NA,NA,NA,NA,NA,NA,-3.72138,6.89544,-1.6936,50,5.72295,3.57708,-118.56474,-0.13623,-5.15602,28.30259,-22.62033,CAR_EAG,CAR_EAG,CarsonNewman,TeamExclusive,Team,20251017-CarsonNewman-Private-1,fcc75d60-ab76-11f0-b255-238b61f5281b,81.70799,NA,NA,8.70445,NA,NA,NA,NA,NA,NA,a29af4ea-4bf5-43b1-9c30-16536369fbae,2025-10-17,16:33:17,2025-10-17T16:33:17Z,2025-10-17T16:33:17Z,NA,v3,CNE,CNE,NA,"Rogers, Jacob",1000215913,Right,CAR_EAG,9a13253c-e7f0-4fdd-b5e8-f9c4a7e2da5e,53.48839,-119.39455,14.1513,5.71722,0.52698,-11.31017,-1.80069,3.72825,-2.57801,NA,NA,NA,NA,NA,NA,NA,NA,NA,NA,NA,NA,NA,NA,NA,NA,NA,NA,NA,NA,NA,NA,NA,NA,NA,NA,NA,NA,NA,NA,NA,NA,NA,NA,NA,NA,NA,NA,NA,NA,NA,NA,NA,NA,NA,NA,NA,NA,NA,NA,High,High,High,NA,NA,NA,NA,NA,218.228547,37.189032,1072.191672,0.796646,01:15:00,-0.626378,-0.490147,-0.606141,36.942476,20.213555,-25.417659,0.984387,135.218451,-0.124937,7.122339,0.124937,-0.123988,-0.984387,82.766747,79.862071,0.123988,0.123988,-135.218451,-79.862071,0.984387,-7.122339,-82.766747,-0.984387,-0.123988,0.124937,-0.124937,NA,NA,NA,NA,NA,NA,NA,NA,NA,NA,NA,NA
NA,NA,NA,NA,NA,NA,NA,NA,NA,NA,NA,NA,NA,NA,NA,NA,168,2025-10-17,12:33:49,2,6,"Slifka, Denver",10107869,Right,CAR_EAG,"Pierce, Johno",10069844,Right,CAR_EAG,Undefined,6,Top,1,3,2,Slider,Curveball,StrikeSwinging,Strikeout,Undefined,Undefined,0,0,NA,77.26631,1.718971,-1.256072,2183.167563,64.872857,08:15:00,5.67558,2.17698,6.63576,-50.17133,-3.9654,-11.93292,3.0693,0.03239,69.97375,-7.667727,-3.428335,0.489238,NA,NA,NA,NA,NA,NA,NA,NA,NA,NA,NA,5.81583,-2.1024,-2.08797,50,5.77271,2.86872,-112.2067,1.9644,7.27682,23.82191,-34.80461,CAR_EAG,CAR_EAG,CarsonNewman,TeamExclusive,Team,20251017-CarsonNewman-Private-1,0fc17540-ab77-11f0-b255-238b61f5281b,77.04316,NA,NA,7.29257,NA,NA,NA,NA,NA,NA,a29af4ea-4bf5-43b1-9c30-16536369fbae,2025-10-17,16:33:49,2025-10-17T16:33:49Z,2025-10-17T16:33:49Z,NA,v3,CNE,CNE,NA,"Rogers, Jacob",1000215913,Right,CAR_EAG,b417266b-b2d0-45e8-8a77-28bd10c8bac6,53.86546,-113.02437,11.91096,5.68478,3.15905,-17.40231,-2.18215,2.61895,3.63841,NA,NA,NA,NA,NA,NA,NA,NA,NA,NA,NA,NA,NA,NA,NA,NA,NA,NA,NA,NA,NA,NA,NA,NA,NA,NA,NA,NA,NA,NA,NA,NA,NA,NA,NA,NA,NA,NA,NA,NA,NA,NA,NA,NA,NA,NA,NA,NA,NA,NA,High,High,High,NA,NA,NA,NA,NA,35.466306,50.920321,1376.269979,0.630401,07:15:00,-0.75351,0.388895,0.530079,-18.764524,10.45122,36.124863,-0.469241,139.604321,-0.672535,-34.909683,0.672535,-0.572284,0.469241,34.904281,-27.985068,0.572284,-0.572284,-139.604321,27.985068,0.469241,34.909683,-34.904281,-0.469241,0.572284,0.672535,-0.672535,NA,NA,NA,NA,NA,NA,NA,NA,NA,NA,NA,NA
NA,NA,NA,NA,NA,NA,NA,NA,NA,NA,NA,NA,NA,NA,NA,NA,169,2025-10-17,12:34:21,3,1,"Slifka, Denver",10107869,Right,CAR_EAG,"Floyd, Logan",1000148156,Right,CAR_EAG,Undefined,6,Top,2,0,0,Slider,Curveball,BallCalled,Undefined,Undefined,Undefined,0,0,NA,78.24785,3.775362,-0.842411,1687.409335,45.964858,07:30:00,5.79539,2.1084,6.55842,-53.53841,-8.30091,-10.22512,4.80089,0.48384,70.60928,-6.219621,-2.698811,0.484084,NA,NA,NA,NA,NA,NA,NA,NA,NA,NA,NA,5.01138,-4.95343,-2.0468,50,6.03535,2.03536,-113.466,5.90609,6.42656,23.92428,-38.5263,CAR_EAG,CAR_EAG,CarsonNewman,TeamExclusive,Team,20251017-CarsonNewman-Private-1,22884820-ab77-11f0-b255-238b61f5281b,77.86341,NA,NA,7.63858,NA,NA,NA,NA,NA,NA,a29af4ea-4bf5-43b1-9c30-16536369fbae,2025-10-17,16:34:21,2025-10-17T16:34:21Z,2025-10-17T16:34:21Z,NA,v3,CNE,CNE,NA,"Rogers, Jacob",1000215913,Right,CAR_EAG,5111956c-e7b4-4e78-b9d2-e94c74cf790d,53.94316,-114.29439,11.96214,5.80776,7.24008,-19.26315,-2.11342,1.81283,3.21328,NA,NA,NA,NA,NA,NA,NA,NA,NA,NA,NA,NA,NA,NA,NA,NA,NA,NA,NA,NA,NA,NA,NA,NA,NA,NA,NA,NA,NA,NA,NA,NA,NA,NA,NA,NA,NA,NA,NA,NA,NA,NA,NA,NA,NA,NA,NA,NA,NA,NA,High,High,High,NA,NA,NA,NA,NA,35.181045,55.398553,958.219915,0.567865,07:15:00,-0.792882,0.38067,0.475845,-12.091524,10.122647,31.043386,-0.558928,129.669764,-0.52934,-39.663531,0.52934,-0.638278,0.558928,46.557397,-33.9817,0.638278,-0.638278,-129.669764,33.9817,0.558928,39.663531,-46.557397,-0.558928,0.638278,0.52934,-0.52934,NA,NA,NA,NA,NA,NA,NA,NA,NA,NA,NA,NA
NA,NA,NA,NA,NA,NA,NA,NA,NA,NA,NA,NA,NA,NA,NA,NA,170,2025-10-17,12:34:39,3,2,"Slifka, Denver",10107869,Right,CAR_EAG,"Floyd, Logan",1000148156,Right,CAR_EAG,Undefined,6,Top,2,1,0,Fastball,Sinker,StrikeCalled,Undefined,Undefined,Undefined,0,0,NA,85.49279,-0.160491,-2.817058,1961.796646,231.232984,01:45:00,5.86677,1.78184,7.26727,-25.50411,11.07753,12.24331,3.59608,0.25195,77.54852,-5.068934,-0.564165,0.435314,NA,NA,NA,NA,NA,NA,NA,NA,NA,NA,NA,-7.41752,6.40079,-1.62444,50,5.85035,5.69601,-124.24908,-0.94913,-11.47718,27.26396,-22.27007,CAR_EAG,CAR_EAG,CarsonNewman,TeamExclusive,Team,20251017-CarsonNewman-Private-1,2d940a60-ab77-11f0-b255-238b61f5281b,86.58676,NA,NA,7.94426,NA,NA,NA,NA,NA,NA,a29af4ea-4bf5-43b1-9c30-16536369fbae,2025-10-17,16:34:39,2025-10-17T16:34:39Z,2025-10-17T16:34:39Z,NA,v3,CNE,CNE,NA,"Rogers, Jacob",1000215913,Right,CAR_EAG,b6a1d295-6099-4498-8eb9-7f62d3d6bd19,53.23278,-124.95643,13.63198,5.86748,-0.37135,-11.13503,-1.77608,5.99379,-5.73859,NA,NA,NA,NA,NA,NA,NA,NA,NA,NA,NA,NA,NA,NA,NA,NA,NA,NA,NA,NA,NA,NA,NA,NA,NA,NA,NA,NA,NA,NA,NA,NA,NA,NA,NA,NA,NA,NA,NA,NA,NA,NA,NA,NA,NA,NA,NA,NA,NA,NA,High,High,High,NA,NA,NA,NA,NA,214.131343,45.491708,1375.243939,0.701012,01:15:00,-0.739702,-0.395328,-0.544569,70.320978,63.710003,34.396178,-0.899928,164.110425,-0.419378,-6.85635,0.419378,-0.11938,0.899928,65.013876,-64.148603,0.11938,-0.11938,-164.110425,64.148603,0.899928,6.85635,-65.013876,-0.899928,0.11938,0.419378,-0.419378,NA,NA,NA,NA,NA,NA,NA,NA,NA,NA,NA,NA
NA,NA,NA,NA,NA,NA,NA,NA,NA,NA,NA,NA,NA,NA,NA,NA,171,2025-10-17,12:34:57,3,3,"Slifka, Denver",10107869,Right,CAR_EAG,"Floyd, Logan",1000148156,Right,CAR_EAG,Undefined,6,Top,2,1,1,Fastball,Changeup,BallCalled,Undefined,Undefined,Undefined,0,0,NA,85.67407,-2.039351,-4.083529,1878.960973,225.032314,01:30:00,5.77921,1.76372,7.52468,-24.94068,10.99591,9.85036,1.85988,-1.09698,78.44847,-6.826232,-2.265008,0.431459,NA,NA,NA,NA,NA,NA,NA,NA,NA,NA,NA,-6.51721,6.93827,-1.55192,50,5.66654,8.569,-124.40352,-4.9929500000000004,-10.18513,25.60006,-21.33093,CAR_EAG,CAR_EAG,CarsonNewman,TeamExclusive,Team,20251017-CarsonNewman-Private-1,38317a70-ab77-11f0-b255-238b61f5281b,87.36036,NA,NA,7.2256,NA,NA,NA,NA,NA,NA,a29af4ea-4bf5-43b1-9c30-16536369fbae,2025-10-17,16:34:57,2025-10-17T16:34:57Z,2025-10-17T16:34:57Z,NA,v3,CNE,CNE,NA,"Rogers, Jacob",1000215913,Right,CAR_EAG,8414230a-7692-4a3c-911a-7bdb0a4c7d77,52.97685,-125.01461,12.80003,5.77965,-4.48378,-10.66546,-1.75936,8.81212,-5.09257,NA,NA,NA,NA,NA,NA,NA,NA,NA,NA,NA,NA,NA,NA,NA,NA,NA,NA,NA,NA,NA,NA,NA,NA,NA,NA,NA,NA,NA,NA,NA,NA,NA,NA,NA,NA,NA,NA,NA,NA,NA,NA,NA,NA,NA,NA,NA,NA,NA,NA,High,High,High,NA,NA,NA,NA,NA,213.194555,46.636151,1290.148977,0.686629,01:00:00,-0.752276,-0.401551,-0.522338,47.470493,61.366116,6.716534,-0.90813,169.236445,-0.411321,-4.484681,0.411321,-0.078193,0.90813,65.632726,-65.248264,0.078193,-0.078193,-169.236445,65.248264,0.90813,4.484681,-65.632726,-0.90813,0.078193,0.411321,-0.411321,NA,NA,NA,NA,NA,NA,NA,NA,NA,NA,NA,NA
NA,NA,NA,NA,NA,NA,NA,NA,NA,NA,NA,NA,NA,NA,NA,NA,172,2025-10-17,12:35:15,3,4,"Slifka, Denver",10107869,Right,CAR_EAG,"Floyd, Logan",1000148156,Right,CAR_EAG,Undefined,6,Top,2,2,1,Slider,Curveball,BallCalled,Undefined,Undefined,Undefined,0,0,NA,78.5165,-0.759142,-2.149787,2223.670531,59.579211,08:00:00,5.70549,1.97171,6.6413,-49.29857,-4.73957,-10.62812,0.90179,-0.88292,71.87089,-9.906757,-4.0874,0.48044,NA,NA,NA,NA,NA,NA,NA,NA,NA,NA,NA,4.88351,-1.73658,-1.82286,50,5.63541,4.64431,-114.06464,-2.91419,6.3416,23.78836,-34.42913,CAR_EAG,CAR_EAG,CarsonNewman,TeamExclusive,Team,20251017-CarsonNewman-Private-1,42d7c420-ab77-11f0-b255-238b61f5281b,78.45399,NA,NA,6.64561,NA,NA,NA,NA,NA,NA,a29af4ea-4bf5-43b1-9c30-16536369fbae,2025-10-17,16:35:15,2025-10-17T16:35:15Z,2025-10-17T16:35:15Z,NA,v3,CNE,CNE,NA,"Rogers, Jacob",1000215913,Right,CAR_EAG,152334c1-56b2-423b-9a5d-cd543721f54a,53.86084,-114.867,11.89418,5.71412,-1.75292,-17.21457,-1.9759,4.43041,3.1708,NA,NA,NA,NA,NA,NA,NA,NA,NA,NA,NA,NA,NA,NA,NA,NA,NA,NA,NA,NA,NA,NA,NA,NA,NA,NA,NA,NA,NA,NA,NA,NA,NA,NA,NA,NA,NA,NA,NA,NA,NA,NA,NA,NA,NA,NA,NA,NA,NA,NA,High,High,High,NA,NA,NA,NA,NA,36.560193,56.597898,1224.155892,0.550511,07:15:00,-0.821921,0.316832,0.473353,-9.92873,-2.643982,28.773154,-0.545392,136.46689,-0.607662,-35.262074,0.607662,-0.577317,0.545392,41.908763,-33.051423,0.577317,-0.577317,-136.46689,33.051423,0.545392,35.262074,-41.908763,-0.545392,0.577317,0.607662,-0.607662,NA,NA,NA,NA,NA,NA,NA,NA,NA,NA,NA,NA
NA,NA,NA,NA,NA,NA,NA,NA,NA,NA,NA,NA,NA,NA,NA,NA,173,2025-10-17,12:35:36,3,5,"Slifka, Denver",10107869,Right,CAR_EAG,"Floyd, Logan",1000148156,Right,CAR_EAG,Undefined,6,Top,2,3,1,Fastball,Changeup,StrikeCalled,Undefined,Undefined,Undefined,0,0,NA,85.28155,-0.973729,-3.981251,1750.278686,226.024633,01:30:00,5.75572,1.8157,7.65754,-25.00891,11.22201,10.36579,2.79531,-0.90029,77.56411,-5.811057,-2.062955,0.433223,NA,NA,NA,NA,NA,NA,NA,NA,NA,NA,NA,-6.84075,6.81433,-1.61805,50,5.70157,8.29418,-123.87444,-2.63603,-10.53815,26.72758,-21.6766,CAR_EAG,CAR_EAG,CarsonNewman,TeamExclusive,Team,20251017-CarsonNewman-Private-1,4f7c75e0-ab77-11f0-b255-238b61f5281b,87.00479,NA,NA,7.71744,NA,NA,NA,NA,NA,NA,a29af4ea-4bf5-43b1-9c30-16536369fbae,2025-10-17,16:35:36,2025-10-17T16:35:36Z,2025-10-17T16:35:36Z,NA,v3,CNE,CNE,NA,"Rogers, Jacob",1000215913,Right,CAR_EAG,9aa1a343-d1d2-4f00-b3a4-f9aa21747243,52.84282,-124.4863,13.36379,5.75623,-2.13979,-10.8383,-1.81069,8.53543,-5.26907,NA,NA,NA,NA,NA,NA,NA,NA,NA,NA,NA,NA,NA,NA,NA,NA,NA,NA,NA,NA,NA,NA,NA,NA,NA,NA,NA,NA,NA,NA,NA,NA,NA,NA,NA,NA,NA,NA,NA,NA,NA,NA,NA,NA,NA,NA,NA,NA,NA,NA,High,High,High,NA,NA,NA,NA,NA,215.198675,43.955142,1259.996654,0.719883,01:15:00,-0.726128,-0.426686,-0.539145,56.508621,62.522816,18.722094,-0.911902,166.24314,-0.398634,-5.600736,0.398634,-0.097596,0.911902,66.387681,-65.769596,0.097596,-0.097596,-166.24314,65.769596,0.911902,5.600736,-66.387681,-0.911902,0.097596,0.398634,-0.398634,NA,NA,NA,NA,NA,NA,NA,NA,NA,NA,NA,NA
NA,NA,NA,NA,NA,NA,NA,NA,NA,NA,NA,NA,NA,NA,NA,NA,174,2025-10-17,12:35:54,3,6,"Slifka, Denver",10107869,Right,CAR_EAG,"Floyd, Logan",1000148156,Right,CAR_EAG,Undefined,6,Top,2,3,2,Fastball,Changeup,BallCalled,Walk,Undefined,Undefined,0,0,NA,85.59164,0.187075,-3.225309,1910.060058,211.259258,01:00:00,5.8577,1.81787,7.30496,-21.40159,14.95446,8.3506,4.2436,-0.40459,77.78195,-3.965038,-1.689514,0.43397,NA,NA,NA,NA,NA,NA,NA,NA,NA,NA,NA,-5.43433,8.37146,-1.63868,50,5.86171,6.72637,-124.37095,-0.05213,-8.45585,26.47649,-19.14803,CAR_EAG,CAR_EAG,CarsonNewman,TeamExclusive,Team,20251017-CarsonNewman-Private-1,5a992810-ab77-11f0-b255-238b61f5281b,86.8549,NA,NA,7.80969,NA,NA,NA,NA,NA,NA,a29af4ea-4bf5-43b1-9c30-16536369fbae,2025-10-17,16:35:54,2025-10-17T16:35:54Z,2025-10-17T16:35:54Z,NA,v3,CNE,CNE,NA,"Rogers, Jacob",1000215913,Right,CAR_EAG,6106e3f5-dddb-4887-9fba-c78f40354dbe,53.1949,-125.04924,13.23824,5.85676,0.43842,-9.57402,-1.81378,6.943,-4.22792,NA,NA,NA,NA,NA,NA,NA,NA,NA,NA,NA,NA,NA,NA,NA,NA,NA,NA,NA,NA,NA,NA,NA,NA,NA,NA,NA,NA,NA,NA,NA,NA,NA,NA,NA,NA,NA,NA,NA,NA,NA,NA,NA,NA,NA,NA,NA,NA,NA,NA,High,High,High,NA,NA,NA,NA,NA,214.521396,52.249278,1169.390817,0.612227,01:15:00,-0.818936,-0.344374,-0.459075,-85.188338,-17.961001,48.179292,-0.90503,148.715413,-0.363502,-12.760644,0.363502,-0.220879,0.90503,68.117329,-64.827309,0.220879,-0.220879,-148.715413,64.827309,0.90503,12.760644,-68.117329,-0.90503,0.220879,0.363502,-0.363502,NA,NA,NA,NA,NA,NA,NA,NA,NA,NA,NA,NA
NA,NA,NA,NA,NA,NA,NA,NA,NA,NA,NA,NA,NA,NA,NA,NA,175,2025-10-17,12:38:52,4,1,"Shelton, Harrison",1000370205,Left,CAR_EAG,"Rodriguez, Sebastian",10180804,Right,CAR_EAG,Undefined,6,Top,2,0,0,Curveball,Slider,BallCalled,Undefined,Undefined,Undefined,0,0,NA,76.27939,-1.302818,4.557072,2199.792834,279.947339,03:15:00,6.24825,-1.81042,6.29506,-48.55377,0.44988,8.49103,0.99754,3.10537,68.68463,-10.288778,6.086732,0.503832,NA,NA,NA,NA,NA,NA,NA,NA,NA,NA,NA,-2.70118,1.27614,1.47062,50,6.12945,-9.0802,-110.23637,-3.89145,-3.21364,25.64717,-30.65579,CAR_EAG,CAR_EAG,CarsonNewman,TeamExclusive,Team,20251017-CarsonNewman-Private-1,c47168b0-ab77-11f0-b255-238b61f5281b,74.81155,NA,NA,7.59476,NA,NA,NA,NA,NA,NA,a29af4ea-4bf5-43b1-9c30-16536369fbae,2025-10-17,16:38:52,2025-10-17T16:38:52Z,2025-10-17T16:38:52Z,NA,v3,CNE,CNE,NA,"Rogers, Jacob",1000215913,Right,CAR_EAG,4a320710-74f7-4587-b726-d24f8609272c,54.20408,-111.21017,12.82358,6.25511,-2.72748,-15.3279,1.81308,-8.95818,-1.60682,NA,NA,NA,NA,NA,NA,NA,NA,NA,NA,NA,NA,NA,NA,NA,NA,NA,NA,NA,NA,NA,NA,NA,NA,NA,NA,NA,NA,NA,NA,NA,NA,NA,NA,NA,NA,NA,NA,NA,NA,NA,NA,NA,NA,NA,NA,NA,NA,NA,NA,High,High,High,NA,NA,NA,NA,NA,197.693055,-79.259652,409.950158,0.186359,12:30:00,0.994513,-0.034285,-0.09884,-61.8386,-33.336411,8.685222,0.46018,120.81449,-0.454798,49.684349,0.454798,-0.762492,-0.46018,45.337042,27.398725,0.762492,0.762492,-120.81449,-27.398725,0.46018,-49.684349,-45.337042,-0.46018,-0.762492,0.454798,-0.454798,NA,NA,NA,NA,NA,NA,NA,NA,NA,NA,NA,NA
NA,NA,NA,NA,NA,NA,NA,NA,NA,NA,NA,NA,NA,NA,NA,NA,176,2025-10-17,12:39:17,4,2,"Shelton, Harrison",1000370205,Left,CAR_EAG,"Rodriguez, Sebastian",10180804,Right,CAR_EAG,Undefined,6,Top,2,1,0,Fastball,Changeup,StrikeCalled,Undefined,Undefined,Undefined,0,0,NA,83.03963,-2.528134,3.541902,1951.469185,147.396972,11:00:00,6.21038,-1.91463,6.987,-25.18301,14.45241,-8.30331,1.80676,0.61862,75.0058,-7.357201,2.023385,0.45312,NA,NA,NA,NA,NA,NA,NA,NA,NA,NA,NA,5.55709,8.97252,1.69859,50,6.04592,-7.157,-120.32224,-5.91505,8.00362,27.16922,-19.25131,CAR_EAG,CAR_EAG,CarsonNewman,TeamExclusive,Team,20251017-CarsonNewman-Private-1,d3171a90-ab77-11f0-b255-238b61f5281b,83.18426,NA,NA,8.03383,NA,NA,NA,NA,NA,NA,a29af4ea-4bf5-43b1-9c30-16536369fbae,2025-10-17,16:39:17,2025-10-17T16:39:17Z,2025-10-17T16:39:17Z,NA,v3,CNE,CNE,NA,"Rogers, Jacob",1000215913,Right,CAR_EAG,69bac449-c158-4cf3-980c-52b9b010d101,53.511,-121.11244,13.58461,6.20981,-5.35513,-9.62566,1.91013,-7.38979,4.00181,NA,NA,NA,NA,NA,NA,NA,NA,NA,NA,NA,NA,NA,NA,NA,NA,NA,NA,NA,NA,NA,NA,NA,NA,NA,NA,NA,NA,NA,NA,NA,NA,NA,NA,NA,NA,NA,NA,NA,NA,NA,NA,NA,NA,NA,NA,NA,NA,NA,NA,High,High,High,NA,NA,NA,NA,NA,150.67448,-31.437447,1665.013218,0.85321,11:00:00,0.547622,0.440477,-0.7114,105.498806,-35.660324,23.079851,-0.134962,94.419657,-0.076356,-81.079446,0.076356,-0.987904,0.134962,60.500643,-7.756445,0.987904,-0.987904,-94.419657,7.756445,0.134962,81.079446,-60.500643,-0.134962,0.987904,0.076356,-0.076356,NA,NA,NA,NA,NA,NA,NA,NA,NA,NA,NA,NA
NA,NA,NA,NA,NA,NA,NA,NA,NA,NA,NA,NA,NA,NA,NA,NA,177,2025-10-17,12:39:34,4,3,"Shelton, Harrison",1000370205,Left,CAR_EAG,"Rodriguez, Sebastian",10180804,Right,CAR_EAG,Undefined,6,Top,2,1,1,Curveball,Curveball,StrikeCalled,Undefined,Undefined,Undefined,0,0,NA,71.07381,2.862549,0.939722,2195.83627,331.016879,05:00:00,6.33538,-1.99378,6.26956,-73.09315,-17.15997,10.67642,2.88595,-0.23763,64.15038,-10.646522,2.873594,0.538277,NA,NA,NA,NA,NA,NA,NA,NA,NA,NA,NA,-5.1341,-9.12812,1.9196,50,6.51404,-2.05167,-103.08368,3.0642,-5.36487,21.74488,-41.71242,CAR_EAG,CAR_EAG,CarsonNewman,TeamExclusive,Team,20251017-CarsonNewman-Private-1,ddb88240-ab77-11f0-b255-238b61f5281b,70.02421,NA,NA,6.92343,NA,NA,NA,NA,NA,NA,a29af4ea-4bf5-43b1-9c30-16536369fbae,2025-10-17,16:39:34,2025-10-17T16:39:34Z,2025-10-17T16:39:34Z,NA,v3,CNE,CNE,NA,"Rogers, Jacob",1000215913,Right,CAR_EAG,7b568217-0edd-4006-94ff-e61acc36af23,54.23488,-103.97316,10.87244,6.3538,4.77047,-20.85621,1.99904,-1.83222,-2.68244,NA,NA,NA,NA,NA,NA,NA,NA,NA,NA,NA,NA,NA,NA,NA,NA,NA,NA,NA,NA,NA,NA,NA,NA,NA,NA,NA,NA,NA,NA,NA,NA,NA,NA,NA,NA,NA,NA,NA,NA,NA,NA,NA,NA,NA,NA,NA,NA,NA,NA,High,High,High,NA,NA,NA,NA,NA,NA,NA,NA,NA,NA,NA,NA,NA,NA,NA,NA,NA,NA,NA,NA,NA,NA,NA,NA,NA,NA,NA,NA,NA,NA,NA,NA,NA,NA,NA,NA,NA,NA,NA,NA,NA,NA,NA,NA,NA,NA,NA,NA
NA,NA,NA,NA,NA,NA,NA,NA,NA,NA,NA,NA,NA,NA,NA,NA,178,2025-10-17,12:39:50,4,4,"Shelton, Harrison",1000370205,Left,CAR_EAG,"Rodriguez, Sebastian",10180804,Right,CAR_EAG,Undefined,6,Top,2,1,2,Curveball,Curveball,StrikeCalled,Strikeout,Undefined,Undefined,0,0,NA,71.64847,2.045812,1.901133,2259.194063,330.734653,05:00:00,6.37727,-2.10418,6.19803,-71.77716,-16.79099,10.53197,2.28636,0.52924,65.06989,-11.164778,3.806216,0.533701,NA,NA,NA,NA,NA,NA,NA,NA,NA,NA,NA,-4.74217,-8.69882,1.95616,50,6.49688,-3.80629,-103.95979,1.63978,-5.05789,21.55485,-41.45202,CAR_EAG,CAR_EAG,CarsonNewman,TeamExclusive,Team,20251017-CarsonNewman-Private-1,e73985d0-ab77-11f0-b255-238b61f5281b,70.62461,NA,NA,6.57858,NA,NA,NA,NA,NA,NA,a29af4ea-4bf5-43b1-9c30-16536369fbae,2025-10-17,16:39:50,2025-10-17T16:39:50Z,2025-10-17T16:39:50Z,NA,v3,CNE,CNE,NA,"Rogers, Jacob",1000215913,Right,CAR_EAG,b125d813-31de-4796-80d3-d5c031645d9d,54.30708,-104.84901,10.77742,6.39396,3.34984,-20.72601,2.10888,-3.59763,-2.52894,NA,NA,NA,NA,NA,NA,NA,NA,NA,NA,NA,NA,NA,NA,NA,NA,NA,NA,NA,NA,NA,NA,NA,NA,NA,NA,NA,NA,NA,NA,NA,NA,NA,NA,NA,NA,NA,NA,NA,NA,NA,NA,NA,NA,NA,NA,NA,NA,NA,NA,High,High,High,NA,NA,NA,NA,NA,327.428933,-32.285259,1909.921038,0.845399,05:00:00,0.493627,-0.473894,0.729216,73.278855,-2.88206,33.046731,0.192008,149.481136,-0.845433,29.892424,0.845433,-0.498373,-0.192008,12.795536,11.070016,0.498373,0.498373,-149.481136,-11.070016,0.192008,-29.892424,-12.795536,-0.192008,-0.498373,0.845433,-0.845433,NA,NA,NA,NA,NA,NA,NA,NA,NA,NA,NA,NA
NA,NA,NA,NA,NA,NA,NA,NA,NA,NA,NA,NA,NA,NA,NA,NA,179,2025-10-17,12:41:59,1,1,"Adams, Kyle",1000370208,Right,CAR_EAG,"Rogers, Jacob",1000215913,Right,CAR_EAG,Undefined,6,Bottom,0,0,0,Fastball,Changeup,StrikeSwinging,Undefined,Undefined,Undefined,0,0,NA,77.28689,-1.272492,-3.987835,2135.203169,188.707233,12:15:00,5.71864,2.13079,6.93228,-32.98293,12.44835,1.67165,1.80862,-1.3662,70.56757,-7.520937,-3.682893,0.48512,NA,NA,NA,NA,NA,NA,NA,NA,NA,NA,NA,-2.08717,7.4937,-1.88184,50,5.62764,7.75977,-112.08283,-3.27422,-2.63375,21.77635,-22.71788,CAR_EAG,CAR_EAG,CarsonNewman,TeamExclusive,Team,20251017-CarsonNewman-Private-1,34156d10-ab78-11f0-b255-238b61f5281b,77.69718,NA,NA,6.71932,NA,NA,NA,NA,NA,NA,a29af4ea-4bf5-43b1-9c30-16536369fbae,2025-10-17,16:41:59,2025-10-17T16:41:59Z,2025-10-17T16:41:59Z,NA,v3,CNE,CNE,NA,"Evans, Colton",10278429,Right,CAR_EAG,9d510f59-c842-4196-af4d-61b84c14809d,53.5667,-112.77367,10.88817,5.72008,-2.55351,-11.35894,-2.12934,7.84333,-1.31688,NA,NA,NA,NA,NA,NA,NA,NA,NA,NA,NA,NA,NA,NA,NA,NA,NA,NA,NA,NA,NA,NA,NA,NA,NA,NA,NA,NA,NA,NA,NA,NA,NA,NA,NA,NA,NA,NA,NA,NA,NA,NA,NA,NA,NA,NA,NA,NA,NA,NA,High,High,High,NA,NA,NA,NA,NA,216.513522,53.143388,1280.725792,0.599814,01:15:00,-0.823625,-0.374578,-0.425833,-73.020636,-1.391195,-66.331537,0.143312,179.863882,-0.989675,0.134712,0.989675,-0.002351,-0.143312,8.23959,8.239567,0.002351,0.002351,-179.863882,-8.239567,0.143312,-0.134712,-8.23959,-0.143312,-0.002351,0.989675,-0.989675,NA,NA,NA,NA,NA,NA,NA,NA,NA,NA,NA,NA
NA,NA,NA,NA,NA,NA,NA,NA,NA,NA,NA,NA,NA,NA,NA,NA,180,2025-10-17,12:42:15,1,2,"Adams, Kyle",1000370208,Right,CAR_EAG,"Rogers, Jacob",1000215913,Right,CAR_EAG,Undefined,6,Bottom,0,0,1,Fastball,Slider,StrikeCalled,Undefined,Undefined,Undefined,0,0,NA,82.63398,-1.39374,-3.457292,2236.206746,188.006277,12:15:00,5.73914,2.11402,6.6732,-25.0508,15.03292,1.92437,2.37387,-0.89253,75.25082,-6.160679,-3.107761,0.455675,NA,NA,NA,NA,NA,NA,NA,NA,NA,NA,NA,-2.04453,8.74851,-1.88289,50,5.63543,7.17229,-119.85908,-3.55308,-2.95232,24.76187,-19.5412,CAR_EAG,CAR_EAG,CarsonNewman,TeamExclusive,Team,20251017-CarsonNewman-Private-1,3d6a0970-ab78-11f0-b255-238b61f5281b,82.71778,NA,NA,7.38316,NA,NA,NA,NA,NA,NA,a29af4ea-4bf5-43b1-9c30-16536369fbae,2025-10-17,16:42:15,2025-10-17T16:42:15Z,2025-10-17T16:42:15Z,NA,v3,CNE,CNE,NA,"Evans, Colton",10278429,Right,CAR_EAG,b0ce0c76-27b1-4967-acee-6adec1358e11,53.82593,-120.64689,12.38094,5.73859,-2.93137,-9.7706,-2.11258,7.26622,-1.47616,NA,NA,NA,NA,NA,NA,NA,NA,NA,NA,NA,NA,NA,NA,NA,NA,NA,NA,NA,NA,NA,NA,NA,NA,NA,NA,NA,NA,NA,NA,NA,NA,NA,NA,NA,NA,NA,NA,NA,NA,NA,NA,NA,NA,NA,NA,NA,NA,NA,NA,High,High,High,NA,NA,NA,NA,NA,215.8504,48.286149,1487.996202,0.665411,01:15:00,-0.767962,-0.407753,-0.493935,-64.897581,17.925278,-45.052244,-0.143505,174.795806,-0.98557,-5.150182,0.98557,-0.089767,0.143505,8.284397,-8.2507180000000009,0.089767,-0.089767,-174.795806,8.2507180000000009,0.143505,5.150182,-8.284397,-0.143505,0.089767,0.98557,-0.98557,NA,NA,NA,NA,NA,NA,NA,NA,NA,NA,NA,NA
NA,NA,NA,NA,NA,NA,NA,NA,NA,NA,NA,NA,NA,NA,NA,NA,181,2025-10-17,12:42:31,1,3,"Adams, Kyle",1000370208,Right,CAR_EAG,"Rogers, Jacob",1000215913,Right,CAR_EAG,Undefined,6,Bottom,0,0,2,Slider,Curveball,StrikeSwinging,Strikeout,Undefined,Undefined,0,0,NA,71.84185,1.05814,-2.788482,2227.280167,63.918701,08:15:00,5.29621,2.60238,6.32092,-58.17783,-3.81567,-11.80127,1.42393,-0.95141,65.25007,-9.721803,-4.921804,0.530664,NA,NA,NA,NA,NA,NA,NA,NA,NA,NA,NA,5.16205,-1.73225,-2.39316,50,5.34698,5.46116,-104.17825,0.34213,5.5474,21.11531,-34.03559,CAR_EAG,CAR_EAG,CarsonNewman,TeamExclusive,Team,20251017-CarsonNewman-Private-1,46d16a80-ab78-11f0-b255-238b61f5281b,71.0288,NA,NA,6.59178,NA,NA,NA,NA,NA,NA,a29af4ea-4bf5-43b1-9c30-16536369fbae,2025-10-17,16:42:31,2025-10-17T16:42:31Z,2025-10-17T16:42:31Z,NA,v3,CNE,CNE,NA,"Evans, Colton",10278429,Right,CAR_EAG,20949942-0ab8-44ec-ba3a-565e2de7fc15,54.18054,-105.02216,10.55765,5.30612,1.70242,-17.01779,-2.60699,5.23945,2.7737,NA,NA,NA,NA,NA,NA,NA,NA,NA,NA,NA,NA,NA,NA,NA,NA,NA,NA,NA,NA,NA,NA,NA,NA,NA,NA,NA,NA,NA,NA,NA,NA,NA,NA,NA,NA,NA,NA,NA,NA,NA,NA,NA,NA,NA,NA,NA,NA,NA,NA,High,High,High,NA,NA,NA,NA,NA,58.118178,70.291413,751.11985,0.337236,08:00:00,-0.926198,0.303697,0.223441,-96.414007,-15.243593,26.248716,0.613426,143.294181,-0.633155,28.16676,0.633155,-0.472039,-0.613426,44.093344,37.837747,0.472039,0.472039,-143.294181,-37.837747,0.613426,-28.16676,-44.093344,-0.613426,-0.472039,0.633155,-0.633155,NA,NA,NA,NA,NA,NA,NA,NA,NA,NA,NA,NA
NA,NA,NA,NA,NA,NA,NA,NA,NA,NA,NA,NA,NA,NA,NA,NA,182,2025-10-17,12:42:55,2,1,"Adams, Kyle",1000370208,Right,CAR_EAG,"Gibson, Aiden",10011511,Right,CAR_EAG,Undefined,6,Bottom,1,0,0,Slider,Curveball,BallCalled,Undefined,Undefined,Undefined,0,0,NA,69.6944,2.24445,-0.851305,2133.017571,39.00302,07:15:00,5.26074,2.61361,6.52594,-63.37889,-6.32823,-6.76496,2.03967,1.26876,63.32919,-9.561331,-2.081724,0.543628,NA,NA,NA,NA,NA,NA,NA,NA,NA,NA,NA,3.24551,-3.41268,-2.55182,50,5.39085,1.71407,-101.1934,2.33362,3.30177,19.42071,-35.64589,CAR_EAG,CAR_EAG,CarsonNewman,TeamExclusive,Team,20251017-CarsonNewman-Private-1,5510e080-ab78-11f0-b255-238b61f5281b,69.33499,NA,NA,6.36521,NA,NA,NA,NA,NA,NA,a29af4ea-4bf5-43b1-9c30-16536369fbae,2025-10-17,16:42:55,2025-10-17T16:42:55Z,2025-10-17T16:42:55Z,NA,v3,CNE,CNE,NA,"Evans, Colton",10278429,Right,CAR_EAG,4704d555-43ae-45d8-936f-e3bbd02ff53a,53.97648,-101.95369,9.71036,5.27218,3.72911,-17.82294,-2.6164,1.58481,1.65089,NA,NA,NA,NA,NA,NA,NA,NA,NA,NA,NA,NA,NA,NA,NA,NA,NA,NA,NA,NA,NA,NA,NA,NA,NA,NA,NA,NA,NA,NA,NA,NA,NA,NA,NA,NA,NA,NA,NA,NA,NA,NA,NA,NA,NA,NA,NA,NA,NA,NA,High,High,High,NA,NA,NA,NA,NA,69.1758,72.767065,631.921652,0.296257,08:15:00,-0.941862,0.314097,0.119327,4.277239,73.968334,-55.012525,0.644702,154.007697,-0.687114,19.573361,0.687114,-0.335014,-0.644702,43.176022,40.143329,0.335014,0.335014,-154.007697,-40.143329,0.644702,-19.573361,-43.176022,-0.644702,-0.335014,0.687114,-0.687114,NA,NA,NA,NA,NA,NA,NA,NA,NA,NA,NA,NA
NA,NA,NA,NA,NA,NA,NA,NA,NA,NA,NA,NA,NA,NA,NA,NA,183,2025-10-17,12:43:07,2,2,"Adams, Kyle",1000370208,Right,CAR_EAG,"Gibson, Aiden",10011511,Right,CAR_EAG,Undefined,6,Bottom,1,1,0,Slider,Curveball,StrikeSwinging,Undefined,Undefined,Undefined,0,0,NA,70.62977,1.547607,-3.239372,2153.383224,38.053024,07:15:00,5.27832,2.62046,6.43533,-61.4322,-5.42717,-5.82654,1.58392,-0.8454,64.15001,-9.855407,-4.294298,0.538623,NA,NA,NA,NA,NA,NA,NA,NA,NA,NA,NA,1.91835,-2.66752,-2.38757,50,5.3624,5.98246,-102.38457,1.13895,1.99353,20.21147,-34.94613,CAR_EAG,CAR_EAG,CarsonNewman,TeamExclusive,Team,20251017-CarsonNewman-Private-1,5c51df20-ab78-11f0-b255-238b61f5281b,69.97925,NA,NA,6.47976,NA,NA,NA,NA,NA,NA,a29af4ea-4bf5-43b1-9c30-16536369fbae,2025-10-17,16:43:07,2025-10-17T16:43:07Z,2025-10-17T16:43:07Z,NA,v3,CNE,CNE,NA,"Evans, Colton",10278429,Right,CAR_EAG,6377e081-c2c3-497c-afe7-c30725aead57,54.06582,-103.18407,10.10574,5.29,2.52131,-17.47306,-2.62265,5.9036,0.99677,NA,NA,NA,NA,NA,NA,NA,NA,NA,NA,NA,NA,NA,NA,NA,NA,NA,NA,NA,NA,NA,NA,NA,NA,NA,NA,NA,NA,NA,NA,NA,NA,NA,NA,NA,NA,NA,NA,NA,NA,NA,NA,NA,NA,NA,NA,NA,NA,NA,NA,High,High,High,NA,NA,NA,NA,NA,54.162784,74.585518,572.368822,0.2658,07:45:00,-0.947533,0.241437,0.209499,-94.616865,-1.433803,33.512751,0.651401,158.075605,-0.70386,16.457148,0.70386,-0.283298,-0.651401,42.783303,40.647298,0.283298,0.283298,-158.075605,-40.647298,0.651401,-16.457148,-42.783303,-0.651401,-0.283298,0.70386,-0.70386,NA,NA,NA,NA,NA,NA,NA,NA,NA,NA,NA,NA
NA,NA,NA,NA,NA,NA,NA,NA,NA,NA,NA,NA,NA,NA,NA,NA,184,2025-10-17,12:43:23,2,3,"Adams, Kyle",1000370208,Right,CAR_EAG,"Gibson, Aiden",10011511,Right,CAR_EAG,Undefined,6,Bottom,1,1,1,Slider,Curveball,BallCalled,Undefined,Undefined,Undefined,0,0,NA,71.37869,-0.018339,-3.698254,2259.581111,35.89434,07:15:00,5.3425,2.41479,6.68354,-62.5607,-8.28831,-7.38315,0.1123,-1.58804,65.3087,-11.601495,-5.043324,0.530226,NA,NA,NA,NA,NA,NA,NA,NA,NA,NA,NA,2.64543,-3.82244,-2.16486,50,5.31753,6.91612,-103.5543,-1.62836,2.8114,20.7272,-36.23628,CAR_EAG,CAR_EAG,CarsonNewman,TeamExclusive,Team,20251017-CarsonNewman-Private-1,65f95670-ab78-11f0-b255-238b61f5281b,71.08752,NA,NA,6.07,NA,NA,NA,NA,NA,NA,a29af4ea-4bf5-43b1-9c30-16536369fbae,2025-10-17,16:43:23,2025-10-17T16:43:23Z,2025-10-17T16:43:23Z,NA,v3,CNE,CNE,NA,"Evans, Colton",10278429,Right,CAR_EAG,8268edfc-aba1-4761-b97d-6debab08e15b,53.82005,-104.31611,10.3636,5.3529,-0.29653,-18.11814,-2.41716,6.81279,1.4057,NA,NA,NA,NA,NA,NA,NA,NA,NA,NA,NA,NA,NA,NA,NA,NA,NA,NA,NA,NA,NA,NA,NA,NA,NA,NA,NA,NA,NA,NA,NA,NA,NA,NA,NA,NA,NA,NA,NA,NA,NA,NA,NA,NA,NA,NA,NA,NA,NA,NA,High,High,High,NA,NA,NA,NA,NA,52.759357,68.707666,820.51394,0.363127,07:45:00,-0.915717,0.288787,0.279398,-109.183751,17.340377,36.124235,0.62652,153.689441,-0.698663,20.209926,0.698663,-0.345461,-0.62652,41.883915,38.793847,0.345461,0.345461,-153.689441,-38.793847,0.62652,-20.209926,-41.883915,-0.62652,-0.345461,0.698663,-0.698663,NA,NA,NA,NA,NA,NA,NA,NA,NA,NA,NA,NA
NA,NA,NA,NA,NA,NA,NA,NA,NA,NA,NA,NA,NA,NA,NA,NA,185,2025-10-17,12:43:39,2,4,"Adams, Kyle",1000370208,Right,CAR_EAG,"Gibson, Aiden",10011511,Right,CAR_EAG,Undefined,6,Bottom,1,2,1,Fastball,Slider,InPlay,Undefined,GroundBall,Single,0,0,NA,80.366,-0.992649,-3.18033,2145.020192,191.438035,12:30:00,5.67798,2.03516,7.0008,-30.70116,10.89201,1.93559,2.21557,-0.69801,73.66905,-6.813416,-2.82623,0.464176,77.49193,-20.918886,4.100952,NA,NA,NA,NA,6.4547,6.4547,8.257134,0.051858,-1.95099,6.50615,-1.84074,50,5.60674,6.42641,-116.76631,-2.76975,-2.68512,22.62825,-23.21961,CAR_EAG,CAR_EAG,CarsonNewman,TeamExclusive,Team,20251017-CarsonNewman-Private-1,6fa9f580-ab78-11f0-b255-238b61f5281b,81.20297,2.10951,NA,6.69695,NA,NA,NA,0.88312,2.10951,0.53233,a29af4ea-4bf5-43b1-9c30-16536369fbae,2025-10-17,16:43:39,2025-10-17T16:43:39Z,2025-10-17T16:43:39Z,GroundBall,v3,CNE,CNE,NA,"Evans, Colton",10278429,Right,CAR_EAG,029ca411-01ff-431e-ad87-1c44b12139a5,53.50097,-117.4428,11.31412,5.67917,-2.07557,-11.60981,-2.03407,6.50669,-1.34256,180,0.88097,106.14918,NA,NA,NA,NA,NA,NA,NA,2.11033,-40.67868,NA,NA,NA,NA,NA,NA,NA,0.53217,7.61064,NA,NA,NA,NA,NA,NA,NA,NA,NA,NA,NA,NA,NA,NA,NA,NA,NA,NA,NA,NA,NA,NA,NA,NA,NA,NA,NA,NA,NA,High,High,High,High,High,NA,NA,NA,215.822814,53.896976,1263.929545,0.589239,01:15:00,-0.827134,-0.358816,-0.432551,-77.743806,-0.99191,-61.174635,-0.230678,174.56099,-0.968649,-5.291896,0.968649,-0.09223,0.230678,13.395159,-13.337009,0.09223,-0.09223,-174.56099,13.337009,0.230678,5.291896,-13.395159,-0.230678,0.09223,0.968649,-0.968649,NA,NA,NA,NA,NA,NA,NA,NA,NA,NA,NA,NA
NA,NA,NA,NA,NA,NA,NA,NA,NA,NA,NA,NA,NA,NA,NA,NA,186,2025-10-17,12:44:14,3,1,"Adams, Kyle",1000370208,Right,CAR_EAG,"Wyatt, Jack",10013525,Right,CAR_EAG,Undefined,6,Bottom,1,0,0,Fastball,Changeup,InPlay,Undefined,LineDrive,Double,1,0,NA,79.51588,-1.0249,-3.949935,2097.44782,204.271044,12:45:00,5.32764,2.61553,7.0063,-30.5986,11.6791,4.69252,1.84372,-0.58995,73.31021,-6.81365,-3.092588,0.46798,96.06077,15.852744,17.999935,1336.290895,103.60908,21.64775,36.94806,249.04089,249.04089,21.610966,2.338359,-3.58622,6.90481,-2.37504,50,5.25439,7.83134,-115.50701,-2.8001,-4.86221,20.79853,-22.81245,CAR_EAG,CAR_EAG,CarsonNewman,TeamExclusive,Team,20251017-CarsonNewman-Private-1,84ad23d0-ab78-11f0-b255-238b61f5281b,80.54287,22.37003,NA,6.20567,NA,NA,NA,1.88248,1.9842,0.61084,a29af4ea-4bf5-43b1-9c30-16536369fbae,2025-10-17,16:44:14,2025-10-17T16:44:14Z,2025-10-17T16:44:14Z,LineDrive,v3,CNE,CNE,NA,"Evans, Colton",10278429,Right,CAR_EAG,1c6cb00e-493c-41cc-a961-c6577de55f02,53.49679,-116.13494,10.39926,5.32853,-2.11136,-11.40623,-2.61369,7.97814,-2.43111,249.294171,1.88248,128.8971,-19.18813,3.97267,-0.87117,0.17678,-0.03317,0.00459,-3.1e-4,1.9842,38.48602,-19.79456,1.82942,-0.35937,0.07142,-0.01165,0.00167,-1.3e-4,0.61084,41.881100000000004,-0.88189,-0.38612,0.17086,-0.0481,0.01008,-0.00143,1e-4,NA,NA,NA,NA,NA,NA,NA,NA,NA,NA,NA,NA,NA,NA,NA,NA,NA,NA,NA,NA,NA,NA,High,High,High,High,High,NA,NA,NA,229.854147,49.684991,1357.026816,0.64699,01:45:00,-0.780475,-0.508122,-0.36424,-76.747848,6.447348,-48.548578,-0.155677,174.564254,-0.983366,-5.369278,0.983366,-0.093574,0.155677,8.995875,-8.956079,0.093574,-0.093574,-174.564254,8.956079,0.155677,5.369278,-8.995875,-0.155677,0.093574,0.983366,-0.983366,NA,NA,NA,NA,NA,NA,NA,NA,NA,NA,NA,NA
NA,NA,NA,NA,NA,NA,NA,NA,NA,NA,NA,NA,NA,NA,NA,NA,187,2025-10-17,12:45:08,4,1,"Adams, Kyle",1000370208,Right,CAR_EAG,"Nathan, Cole",1000323259,Right,CAR_EAG,Undefined,6,Bottom,2,0,0,Slider,Curveball,StrikeCalled,Undefined,Undefined,Undefined,0,0,NA,69.4803,2.332961,-1.537736,2043.964573,39.472407,07:15:00,5.17363,2.84279,6.81731,-62.48763,-5.66859,-6.33028,2.09682,0.91192,63.09778,-9.374956,-2.694472,0.542523,NA,NA,NA,NA,NA,NA,NA,NA,NA,NA,NA,2.8141,-3.09811,-2.74181,50,5.30281,2.89836,-100.89165,2.58838,2.84401,19.40078,-35.30511,CAR_EAG,CAR_EAG,CarsonNewman,TeamExclusive,Team,20251017-CarsonNewman-Private-1,a449ca90-ab78-11f0-b255-238b61f5281b,69.47618,NA,NA,6.38252,NA,NA,NA,NA,NA,NA,a29af4ea-4bf5-43b1-9c30-16536369fbae,2025-10-17,16:45:08,2025-10-17T16:45:08Z,2025-10-17T16:45:08Z,NA,v3,CNE,CNE,NA,"Evans, Colton",10278429,Right,CAR_EAG,f29ff4d0-6510-4271-92f9-e0193df6cc3c,53.68458,-101.5977,9.70039,5.18523,3.87323,-17.65256,-2.84541,2.79486,1.422,NA,NA,NA,NA,NA,NA,NA,NA,NA,NA,NA,NA,NA,NA,NA,NA,NA,NA,NA,NA,NA,NA,NA,NA,NA,NA,NA,NA,NA,NA,NA,NA,NA,NA,NA,NA,NA,NA,NA,NA,NA,NA,NA,NA,NA,NA,NA,NA,NA,NA,High,High,High,NA,NA,NA,NA,NA,60.066507,68.832949,738.051806,0.361088,08:00:00,-0.913855,0.350622,0.204778,-100.790862,7.326003,29.486301,0.644261,159.89553,-0.718204,15.241542,0.718204,-0.262889,-0.644261,41.893551,40.110326,0.262889,0.262889,-159.89553,-40.110326,0.644261,-15.241542,-41.893551,-0.644261,-0.262889,0.718204,-0.718204,NA,NA,NA,NA,NA,NA,NA,NA,NA,NA,NA,NA
NA,NA,NA,NA,NA,NA,NA,NA,NA,NA,NA,NA,NA,NA,NA,NA,188,2025-10-17,12:45:26,4,2,"Adams, Kyle",1000370208,Right,CAR_EAG,"Nathan, Cole",1000323259,Right,CAR_EAG,Undefined,6,Bottom,2,0,1,Slider,Curveball,InPlay,Undefined,GroundBall,Single,0,1,NA,69.89447,2.894994,-1.66711,2012.904682,42.901542,07:30:00,5.18987,2.61529,6.93978,-61.72432,-6.4802,-7.64654,2.68469,0.46017,64.12242,-8.66271,-3.066503,0.534952,79.01931,1.410258,-40.721289,3206.327112,NA,NA,NA,56.05777,55.08511,-40.365749,0.484448,3.6061,-3.89457,-2.50898,50,5.34957,3.16953,-101.6035,3.69734,3.74226,17.77407,-36.2157,CAR_EAG,CAR_EAG,CarsonNewman,TeamExclusive,Team,20251017-CarsonNewman-Private-1,af689fa0-ab78-11f0-b255-238b61f5281b,70.45954,3.23294,NA,5.77205,NA,NA,NA,2.78632,3.13132,-0.58582,a29af4ea-4bf5-43b1-9c30-16536369fbae,2025-10-17,16:45:26,2025-10-17T16:45:26Z,2025-10-17T16:45:26Z,GroundBall,v3,CNE,CNE,NA,"Evans, Colton",10278429,Right,CAR_EAG,f7a87deb-d403-47e5-9e83-bdb9db475eb8,53.56561,-102.22534,8.88703,5.19804,4.96439,-18.10785,-2.61758,3.0386,1.87113,NA,2.7922,87.64634,-10.84861,NA,NA,NA,NA,NA,NA,3.13945,2.62849,-18.83609,NA,NA,NA,NA,NA,NA,-0.58539,-75.59639,3.83859,NA,NA,NA,NA,NA,NA,NA,NA,NA,NA,NA,NA,NA,NA,NA,NA,NA,NA,NA,NA,NA,NA,NA,NA,NA,NA,NA,NA,High,High,High,High,High,NA,NA,NA,52.837035,61.131425,971.834706,0.482802,07:45:00,-0.846333,0.428493,0.316409,-91.028722,12.410524,33.513675,0.526098,164.803688,-0.820688,12.880549,0.820688,-0.222919,-0.526098,32.661698,31.74217,0.222919,0.222919,-164.803688,-31.74217,0.526098,-12.880549,-32.661698,-0.526098,-0.222919,0.820688,-0.820688,NA,NA,NA,NA,NA,NA,NA,NA,NA,NA,NA,NA
NA,NA,NA,NA,NA,NA,NA,NA,NA,NA,NA,NA,NA,NA,NA,NA,189,2025-10-17,12:46:06,5,1,"Adams, Kyle",1000370208,Right,CAR_EAG,"Benner, Seth",1000370212,Right,CAR_EAG,Undefined,6,Bottom,2,0,0,Fastball,Changeup,BallCalled,Undefined,Undefined,Undefined,0,0,NA,77.5872,0.119961,-3.681323,1975.767217,173.752765,11:45:00,5.41755,2.33524,7.14395,-34.25266,10.25186,-0.96563,2.67216,-1.08762,70.96892,-6.390697,-3.858163,0.480146,NA,NA,NA,NA,NA,NA,NA,NA,NA,NA,NA,-0.56106,5.92233,-2.11848,50,5.41427,7.27908,-112.67042,-0.54973,-0.71767,21.41438,-24.59867,CAR_EAG,CAR_EAG,CarsonNewman,TeamExclusive,Team,20251017-CarsonNewman-Private-1,c6e161d0-ab78-11f0-b255-238b61f5281b,78.50203,NA,NA,6.61829,NA,NA,NA,NA,NA,NA,a29af4ea-4bf5-43b1-9c30-16536369fbae,2025-10-17,16:46:06,2025-10-17T16:46:06Z,2025-10-17T16:46:06Z,NA,v3,CNE,CNE,NA,"Evans, Colton",10278429,Right,CAR_EAG,939d1921-2701-4d65-8e7b-d3621a7492e9,53.35621,-113.30652,10.70719,5.41975,0.18095,-12.29933,-2.33502,7.30039,-0.35884,NA,NA,NA,NA,NA,NA,NA,NA,NA,NA,NA,NA,NA,NA,NA,NA,NA,NA,NA,NA,NA,NA,NA,NA,NA,NA,NA,NA,NA,NA,NA,NA,NA,NA,NA,NA,NA,NA,NA,NA,NA,NA,NA,NA,NA,NA,NA,NA,NA,NA,High,High,High,NA,NA,NA,NA,NA,215.073761,58.644742,1028.076526,0.520343,01:15:00,-0.880161,-0.297216,-0.370107,-77.369705,6.337889,-63.398064,-0.171524,174.958258,-0.981368,-4.966834,0.981368,-0.086579,0.171524,9.914062,-9.876461,0.086579,-0.086579,-174.958258,9.876461,0.171524,4.966834,-9.914062,-0.171524,0.086579,0.981368,-0.981368,NA,NA,NA,NA,NA,NA,NA,NA,NA,NA,NA,NA
NA,NA,NA,NA,NA,NA,NA,NA,NA,NA,NA,NA,NA,NA,NA,NA,190,2025-10-17,12:46:21,5,2,"Adams, Kyle",1000370208,Right,CAR_EAG,"Benner, Seth",1000370212,Right,CAR_EAG,Undefined,6,Bottom,2,1,0,Fastball,Changeup,FoulBallNotFieldable,Undefined,Undefined,Undefined,0,0,NA,78.50217,-0.448229,-2.10338,2047.185626,179.670661,12:00:00,5.47047,2.48512,6.88365,-32.15175,11.69623,-0.05898,2.38244,0.56269,71.72246,-6.548898,-2.11416,0.476591,61.0394,-7.863324,-50.562564,NA,NA,NA,NA,20.00531,9.02665,-44.985106,0.197634,-0.59417,6.77654,-2.35193,50,5.43049,4.19322,-114.12065,-1.6702,-0.77831,22.31731,-23.29734,CAR_EAG,CAR_EAG,CarsonNewman,TeamExclusive,Team,20251017-CarsonNewman-Private-1,cfd76370-ab78-11f0-b255-238b61f5281b,79.08756,2.43063,NA,6.7797,NA,NA,NA,2.96986,2.43063,-0.54993,a29af4ea-4bf5-43b1-9c30-16536369fbae,2025-10-17,16:46:21,2025-10-17T16:46:21Z,2025-10-17T16:46:21Z,GroundBall,v3,CNE,CNE,NA,"Evans, Colton",10278429,Right,CAR_EAG,d3b79c87-9e3c-4194-a3b4-5a651728564e,53.61809,-114.82602,11.15866,5.47164,-0.93386,-11.64867,-2.48485,4.21782,-0.38915,180,2.96243,56.56783,NA,NA,NA,NA,NA,NA,NA,2.43224,-12.29864,NA,NA,NA,NA,NA,NA,NA,-0.5409,-68.77514,NA,NA,NA,NA,NA,NA,NA,NA,NA,NA,NA,NA,NA,NA,NA,NA,NA,NA,NA,NA,NA,NA,NA,NA,NA,NA,NA,NA,NA,High,High,High,Low,Low,NA,NA,NA,221.051937,56.157925,1140.08934,0.556906,01:15:00,-0.842545,-0.37223,-0.389309,-72.013963,23.329249,-51.619442,-0.151734,176.612724,-0.986695,-3.348011,0.986695,-0.058401,0.151734,8.742485,-8.727447,0.058401,-0.058401,-176.612724,8.727447,0.151734,3.348011,-8.742485,-0.151734,0.058401,0.986695,-0.986695,NA,NA,NA,NA,NA,NA,NA,NA,NA,NA,NA,NA
NA,NA,NA,NA,NA,NA,NA,NA,NA,NA,NA,NA,NA,NA,NA,NA,191,2025-10-17,12:46:45,5,3,"Adams, Kyle",1000370208,Right,CAR_EAG,"Benner, Seth",1000370212,Right,CAR_EAG,Undefined,6,Bottom,2,1,1,ChangeUp,Changeup,StrikeSwinging,Undefined,Undefined,Undefined,0,0,NA,72.57206,-1.321363,-4.922067,1400.785484,239.725536,02:00:00,5.06812,2.82293,6.87135,-44.04632,8.05528,10.57052,0.18858,-0.79343,66.06338,-9.602217,-2.996153,0.519514,NA,NA,NA,NA,NA,NA,NA,NA,NA,NA,NA,-7.215,5.26299,-2.51284,50,4.96847,8.73231,-105.08113,-3.4632,-7.94157,20.39423,-26.38107,CAR_EAG,CAR_EAG,CarsonNewman,TeamExclusive,Team,20251017-CarsonNewman-Private-1,de4f75a0-ab78-11f0-b255-238b61f5281b,72.55332,NA,NA,6.50869,NA,NA,NA,NA,NA,NA,a29af4ea-4bf5-43b1-9c30-16536369fbae,2025-10-17,16:46:45,2025-10-17T16:46:45Z,2025-10-17T16:46:45Z,NA,v3,CNE,CNE,NA,"Evans, Colton",10278429,Right,CAR_EAG,70b424ee-adda-431c-8853-36118608ad5b,53.62923,-105.78314,10.19711,5.07205,-2.5551,-13.19054,-2.81814,9.00568,-3.97079,NA,NA,NA,NA,NA,NA,NA,NA,NA,NA,NA,NA,NA,NA,NA,NA,NA,NA,NA,NA,NA,NA,NA,NA,NA,NA,NA,NA,NA,NA,NA,NA,NA,NA,NA,NA,NA,NA,NA,NA,NA,NA,NA,NA,NA,NA,NA,NA,NA,NA,High,High,High,NA,NA,NA,NA,NA,238.190206,36.443025,1126.859014,0.804448,02:00:00,-0.612351,-0.697138,-0.37286,-37.532776,-5.630713,22.67232,0.146999,118.871597,-0.477603,60.018969,0.477603,-0.866191,-0.146999,17.10759,8.453061,0.866191,0.866191,-118.871597,-8.453061,0.146999,-60.018969,-17.10759,-0.146999,-0.866191,0.477603,-0.477603,NA,NA,NA,NA,NA,NA,NA,NA,NA,NA,NA,NA
NA,NA,NA,NA,NA,NA,NA,NA,NA,NA,NA,NA,NA,NA,NA,NA,192,2025-10-17,12:47:19,5,4,"Adams, Kyle",1000370208,Right,CAR_EAG,"Benner, Seth",1000370212,Right,CAR_EAG,Undefined,6,Bottom,2,1,2,Slider,Curveball,InPlay,Undefined,FlyBall,Out,1,0,NA,71.03192,2.058993,-2.586262,2143.167859,80.397871,08:45:00,5.17771,2.49466,6.75475,-54.31101,0.55095,-8.80563,2.53536,-0.60323,64.04411,-8.157291,-4.189607,0.533098,80.76103,30.952718,-1.704446,2243.903333,109.99325,52.68392,-1.21118,286.1781,284.33427,0.118841,4.112763,3.75784,0.1176,-2.32203,50,5.29275,4.91783,-103.01438,2.39249,3.93539,21.16732,-32.05088,CAR_EAG,CAR_EAG,CarsonNewman,TeamExclusive,Team,20251017-CarsonNewman-Private-1,f2d44c30-ab78-11f0-b255-238b61f5281b,70.70452,59.94408,NA,6.9878,NA,NA,NA,2.47339,2.81021,0.5392,a29af4ea-4bf5-43b1-9c30-16536369fbae,2025-10-17,16:47:19,2025-10-17T16:47:19Z,2025-10-17T16:47:19Z,FlyBall,v3,CNE,CNE,NA,"Evans, Colton",10278429,Right,CAR_EAG,3efead8a-3880-47d5-961d-0d54100d5f87,53.74624,-103.78131,10.58366,5.18503,3.55374,-16.02544,-2.49763,4.77525,1.96769,190.011911,2.47295,101.55063,-15.82358,3.75471,-0.96221,0.28675,-0.07286,0.01104,-6.9e-4,2.81135,60.88831,-17.879,0.85027,0.23791,-0.22518,0.07412,-0.01144,6.8e-4,0.53925,-3.02319,1.79688,-0.54097,0.15547,-0.04361,0.00925,-0.00119,7e-5,NA,NA,NA,NA,NA,NA,NA,NA,NA,NA,NA,NA,NA,NA,NA,NA,NA,NA,NA,NA,NA,NA,High,High,High,High,High,NA,NA,NA,54.590999,69.096269,764.679788,0.356799,07:45:00,-0.912861,0.32418,0.248177,-101.20359500000001,5.557053,33.354151,0.605703,154.969362,-0.720961,19.673453,0.720961,-0.336659,-0.605703,40.034734,37.279454,0.336659,0.336659,-154.969362,-37.279454,0.605703,-19.673453,-40.034734,-0.605703,-0.336659,0.720961,-0.720961,NA,NA,NA,NA,NA,NA,NA,NA,NA,NA,NA,NA
NA,NA,NA,NA,NA,NA,NA,NA,NA,NA,NA,NA,NA,NA,NA,NA,193,2025-10-17,12:49:55,1,1,"Norris, Eli",1000334436,Right,CAR_EAG,"Hornbuckle, Kylan",1000106804,Right,CAR_EAG,Undefined,7,Top,0,0,0,Fastball,Four-Seam,StrikeCalled,Undefined,Undefined,Undefined,0,0,NA,90.1086,-2.721396,-1.887241,2242.803282,198.297952,12:30:00,6.5312,0.43186,5.4256,-15.75678,20.14383,6.19292,2.66577,-0.82043,80.56651,-5.748484,-0.78606,0.431243,NA,NA,NA,NA,NA,NA,NA,NA,NA,NA,NA,-3.72666,11.41571,-0.26865,50,6.27903,3.99986,-130.24774,-6.65033,-6.25915,33.03701,-13.00058,CAR_EAG,CAR_EAG,CarsonNewman,TeamExclusive,Team,20251017-CarsonNewman-Private-1,4f36cf70-ab79-11f0-b255-238b61f5281b,87.40409,NA,NA,9.54209,NA,NA,NA,NA,NA,NA,a29af4ea-4bf5-43b1-9c30-16536369fbae,2025-10-17,16:49:55,2025-10-17T16:49:55Z,2025-10-17T16:49:55Z,NA,v3,CNE,CNE,NA,"Rogers, Jacob",1000215913,Right,CAR_EAG,ebf3fc15-065c-4ced-be55-d62f4a8b1fed,55.07003,-131.52745,16.51851,6.52688,-6.14674,-6.50029,-0.42828,4.24232,-3.12957,NA,NA,NA,NA,NA,NA,NA,NA,NA,NA,NA,NA,NA,NA,NA,NA,NA,NA,NA,NA,NA,NA,NA,NA,NA,NA,NA,NA,NA,NA,NA,NA,NA,NA,NA,NA,NA,NA,NA,NA,NA,NA,NA,NA,NA,NA,NA,NA,NA,NA,High,High,High,NA,NA,NA,NA,NA,206.365942,26.127662,2013.622587,0.897815,01:00:00,-0.447208,-0.419181,-0.790122,-33.613959,1.272659,-34.166787,0.05873,173.277693,-0.991411,6.71065,0.991411,-0.116855,-0.05873,3.390149,3.366896,0.116855,0.116855,-173.277693,-3.366896,0.05873,-6.71065,-3.390149,-0.05873,-0.116855,0.991411,-0.991411,NA,NA,NA,NA,NA,NA,NA,NA,NA,NA,NA,NA
NA,NA,NA,NA,NA,NA,NA,NA,NA,NA,NA,NA,NA,NA,NA,NA,194,2025-10-17,12:50:12,1,2,"Norris, Eli",1000334436,Right,CAR_EAG,"Hornbuckle, Kylan",1000106804,Right,CAR_EAG,Undefined,7,Top,0,0,1,Fastball,Four-Seam,InPlay,Undefined,GroundBall,Out,1,0,NA,90.45767,-1.984288,-1.527258,2265.113323,203.968926,12:45:00,6.57319,0.75211,5.64602,-15.00875,20.02737,8.32682,3.47007,0.02101,81.36599,-4.877783,-0.040189,0.426019,94.12791,-0.528391,-30.601165,3513.496214,NA,NA,NA,63.94718,59.33856,-32.436533,0.476891,-4.73382,11.1856,-0.62793,50,6.39555,3.12427,-131.04555,-4.96926,-8.09397,32.01823,-13.04866,CAR_EAG,CAR_EAG,CarsonNewman,TeamExclusive,Team,20251017-CarsonNewman-Private-1,5978d910-ab79-11f0-b255-238b61f5281b,88.47587,3.8409,NA,9.09168,NA,NA,NA,1.99826,3.8409,-0.16825,a29af4ea-4bf5-43b1-9c30-16536369fbae,2025-10-17,16:50:12,2025-10-17T16:50:12Z,2025-10-17T16:50:12Z,GroundBall,v3,CNE,CNE,NA,"Rogers, Jacob",1000215913,Right,CAR_EAG,9d2872e8-51be-4337-946a-05090a1a62f6,54.85363,-132.22612,16.00911,6.5699,-4.48813,-6.52433,-0.74863,3.42271,-4.04699,NA,2.01298,118.41022,-19.89792,NA,NA,NA,NA,NA,NA,3.84522,-1.39376,-14.00352,NA,NA,NA,NA,NA,NA,-0.16014,-70.50389,-2.3033,NA,NA,NA,NA,NA,NA,NA,NA,NA,NA,NA,NA,NA,NA,NA,NA,NA,NA,NA,NA,NA,NA,NA,NA,NA,NA,NA,NA,High,High,High,High,High,NA,NA,NA,207.195566,26.087127,2034.358075,0.898126,01:00:00,-0.446401,-0.42545,-0.787222,2.771677,30.308855,38.003545,0.108354,172.344563,-0.985252,7.610097,0.985252,-0.132431,-0.108354,6.275912,6.220416,0.132431,0.132431,-172.344563,-6.220416,0.108354,-7.610097,-6.275912,-0.108354,-0.132431,0.985252,-0.985252,NA,NA,NA,NA,NA,NA,NA,NA,NA,NA,NA,NA
NA,NA,NA,NA,NA,NA,NA,NA,NA,NA,NA,NA,NA,NA,NA,NA,195,2025-10-17,12:50:43,2,1,"Norris, Eli",1000334436,Right,CAR_EAG,"Evans, Colton",10278429,Right,CAR_EAG,Undefined,7,Top,1,0,0,Curveball,Curveball,BallCalled,Undefined,Undefined,Undefined,0,0,NA,73.6164,1.883718,-0.424983,2542.588498,48.921424,07:45:00,6.46249,0.516,4.96395,-67.6326,-12.3206,-16.76025,2.60674,-1.28219,65.73198,-10.367327,-3.389007,0.53528,NA,NA,NA,NA,NA,NA,NA,NA,NA,NA,NA,8.01465,-6.00276,-0.46065,50,6.59014,1.47252,-106.41026,1.12928,8.84641,24.60194,-38.79977,CAR_EAG,CAR_EAG,CarsonNewman,TeamExclusive,Team,20251017-CarsonNewman-Private-1,6c424400-ab79-11f0-b255-238b61f5281b,70.4163,NA,NA,7.88442,NA,NA,NA,NA,NA,NA,a29af4ea-4bf5-43b1-9c30-16536369fbae,2025-10-17,16:50:43,2025-10-17T16:50:43Z,2025-10-17T16:50:43Z,NA,v3,CNE,CNE,NA,"Rogers, Jacob",1000215913,Right,CAR_EAG,9a234322-15d5-46f7-9770-6761048822a2,55.53622,-107.68261,12.30097,6.47985,3.13592,-19.39989,-0.52497,1.015,4.42321,NA,NA,NA,NA,NA,NA,NA,NA,NA,NA,NA,NA,NA,NA,NA,NA,NA,NA,NA,NA,NA,NA,NA,NA,NA,NA,NA,NA,NA,NA,NA,NA,NA,NA,NA,NA,NA,NA,NA,NA,NA,NA,NA,NA,NA,NA,NA,NA,NA,NA,High,High,High,NA,NA,NA,NA,NA,15.219202,41.598071,1901.399648,0.74782,06:30:00,-0.651719,0.218029,0.726447,-55.214664,15.509919,-1.908979,0.82872,145.327975,-0.46028,18.565003,0.46028,-0.31838,-0.82872,60.951752,55.967462,0.31838,0.31838,-145.327975,-55.967462,0.82872,-18.565003,-60.951752,-0.82872,-0.31838,0.46028,-0.46028,NA,NA,NA,NA,NA,NA,NA,NA,NA,NA,NA,NA
NA,NA,NA,NA,NA,NA,NA,NA,NA,NA,NA,NA,NA,NA,NA,NA,196,2025-10-17,12:51:00,2,2,"Norris, Eli",1000334436,Right,CAR_EAG,"Evans, Colton",10278429,Right,CAR_EAG,Undefined,7,Top,1,1,0,Fastball,Four-Seam,StrikeCalled,Undefined,Undefined,Undefined,0,0,NA,89.36776,-3.197376,-2.193044,2211.140346,202.910494,12:45:00,6.65091,0.42791,5.40812,-19.01434,17.39985,6.76579,2.0652,-1.06411,80.34603,-6.785378,-0.990223,0.434317,NA,NA,NA,NA,NA,NA,NA,NA,NA,NA,NA,-4.11154,10.19067,-0.23739,50,6.35299,4.6359,-129.17465,-7.83126,-6.81889,31.53592,-15.27304,CAR_EAG,CAR_EAG,CarsonNewman,TeamExclusive,Team,20251017-CarsonNewman-Private-1,764ee5c0-ab79-11f0-b255-238b61f5281b,86.78555,NA,NA,9.02172,NA,NA,NA,NA,NA,NA,a29af4ea-4bf5-43b1-9c30-16536369fbae,2025-10-17,16:51:00,2025-10-17T16:51:00Z,2025-10-17T16:51:00Z,NA,v3,CNE,CNE,NA,"Rogers, Jacob",1000215913,Right,CAR_EAG,46259a1e-206f-4787-85aa-a650ab761cbc,55.08943,-130.41123,15.76796,6.64833,-7.23237,-7.63652,-0.42442,4.90328,-3.40945,NA,NA,NA,NA,NA,NA,NA,NA,NA,NA,NA,NA,NA,NA,NA,NA,NA,NA,NA,NA,NA,NA,NA,NA,NA,NA,NA,NA,NA,NA,NA,NA,NA,NA,NA,NA,NA,NA,NA,NA,NA,NA,NA,NA,NA,NA,NA,NA,NA,NA,High,High,High,NA,NA,NA,NA,NA,205.818061,29.055609,1932.865585,0.874149,12:45:00,-0.49344,-0.4072,-0.768573,4.739792,30.931288,47.273706,-0.004135,171.463784,-0.988914,-8.536143,0.988914,-0.148433,0.004135,0.239598,-0.236944,0.148433,-0.148433,-171.463784,0.236944,0.004135,8.536143,-0.239598,-0.004135,0.148433,0.988914,-0.988914,NA,NA,NA,NA,NA,NA,NA,NA,NA,NA,NA,NA
NA,NA,NA,NA,NA,NA,NA,NA,NA,NA,NA,NA,NA,NA,NA,NA,197,2025-10-17,12:51:17,2,3,"Norris, Eli",1000334436,Right,CAR_EAG,"Evans, Colton",10278429,Right,CAR_EAG,Undefined,7,Top,1,1,1,Fastball,Four-Seam,BallCalled,Undefined,Undefined,Undefined,0,0,NA,90.29682,-3.74979,-0.689369,2302.03411,199.83978,12:45:00,6.52179,0.49476,5.6061,-17.01603,18.48619,6.1687,1.59802,0.36524,80.98395,-6.991589,0.412395,0.428844,NA,NA,NA,NA,NA,NA,NA,NA,NA,NA,NA,-3.33138,11.00638,-0.43973,50,6.18978,1.28753,-130.52058,-9.06132,-5.62312,32.98007,-13.59604,CAR_EAG,CAR_EAG,CarsonNewman,TeamExclusive,Team,20251017-CarsonNewman-Private-1,8084ba60-ab79-11f0-b255-238b61f5281b,87.89317,NA,NA,9.31287,NA,NA,NA,NA,NA,NA,a29af4ea-4bf5-43b1-9c30-16536369fbae,2025-10-17,16:51:17,2025-10-17T16:51:17Z,2025-10-17T16:51:17Z,NA,v3,CNE,CNE,NA,"Rogers, Jacob",1000215913,Right,CAR_EAG,930faba6-21e5-499d-ad20-16f08d0657e0,54.89042,-131.7505,16.49003,6.51825,-8.55429,-6.79802,-0.49166,1.49723,-2.81156,NA,NA,NA,NA,NA,NA,NA,NA,NA,NA,NA,NA,NA,NA,NA,NA,NA,NA,NA,NA,NA,NA,NA,NA,NA,NA,NA,NA,NA,NA,NA,NA,NA,NA,NA,NA,NA,NA,NA,NA,NA,NA,NA,NA,NA,NA,NA,NA,NA,NA,High,High,High,NA,NA,NA,NA,NA,206.317164,33.01718,1930.272227,0.838507,01:00:00,-0.528417,-0.40658300000000003,-0.745295,-43.150582,-5.210521,-49.997739,-0.020106,174.514072,-0.995218,-5.484816,0.995218,-0.095582,0.020106,1.157372,-1.152072,0.095582,-0.095582,-174.514072,1.152072,0.020106,5.484816,-1.157372,-0.020106,0.095582,0.995218,-0.995218,NA,NA,NA,NA,NA,NA,NA,NA,NA,NA,NA,NA
NA,NA,NA,NA,NA,NA,NA,NA,NA,NA,NA,NA,NA,NA,NA,NA,198,2025-10-17,12:51:36,2,4,"Norris, Eli",1000334436,Right,CAR_EAG,"Evans, Colton",10278429,Right,CAR_EAG,Undefined,7,Top,1,2,1,Fastball,Four-Seam,BallCalled,Undefined,Undefined,Undefined,0,0,NA,90.69871,-3.095584,-2.202147,2292.989341,192.000044,12:30:00,6.49848,0.59443,5.74652,-15.51824,19.28257,3.82276,2.31814,-1.13838,81.68949,-6.072529,-1.518595,0.424586,NA,NA,NA,NA,NA,NA,NA,NA,NA,NA,NA,-2.64043,11.15579,-0.41355,50,6.23138,4.8725,-131.21388,-7.53692,-4.53109,31.83113,-13.0303,CAR_EAG,CAR_EAG,CarsonNewman,TeamExclusive,Team,20251017-CarsonNewman-Private-1,8be81280-ab79-11f0-b255-238b61f5281b,88.7745,NA,NA,9.00922,NA,NA,NA,NA,NA,NA,a29af4ea-4bf5-43b1-9c30-16536369fbae,2025-10-17,16:51:36,2025-10-17T16:51:36Z,2025-10-17T16:51:36Z,NA,v3,CNE,CNE,NA,"Rogers, Jacob",1000215913,Right,CAR_EAG,c4885c3e-50c8-48c4-b749-beb9ff0f1820,54.75064,-132.36132,15.91556,6.49461,-7.06721,-6.51515,-0.59214,5.03584,-2.26554,NA,NA,NA,NA,NA,NA,NA,NA,NA,NA,NA,NA,NA,NA,NA,NA,NA,NA,NA,NA,NA,NA,NA,NA,NA,NA,NA,NA,NA,NA,NA,NA,NA,NA,NA,NA,NA,NA,NA,NA,NA,NA,NA,NA,NA,NA,NA,NA,NA,NA,High,High,High,NA,NA,NA,NA,NA,205.950308,33.004473,1922.965168,0.838628,12:45:00,-0.552681,-0.395856,-0.733377,-11.047282,40.104061,29.618818,-0.121228,177.439004,-0.991633,-2.542095,0.991633,-0.044353,0.121228,6.969848,-6.962955,0.044353,-0.044353,-177.439004,6.962955,0.121228,2.542095,-6.969848,-0.121228,0.044353,0.991633,-0.991633,NA,NA,NA,NA,NA,NA,NA,NA,NA,NA,NA,NA
NA,NA,NA,NA,NA,NA,NA,NA,NA,NA,NA,NA,NA,NA,NA,NA,199,2025-10-17,12:51:59,2,5,"Norris, Eli",1000334436,Right,CAR_EAG,"Evans, Colton",10278429,Right,CAR_EAG,Undefined,7,Top,1,3,1,Fastball,Four-Seam,StrikeCalled,Undefined,Undefined,Undefined,0,0,NA,89.34393,-2.031624,-2.000975,2161.5679,197.125309,12:30:00,6.42885,0.4458,5.63731,-18.6045,17.33009,4.93177,2.98106,-1.01084,80.47857,-5.564583,-1.120586,0.431447,NA,NA,NA,NA,NA,NA,NA,NA,NA,NA,NA,-3.125,9.79993,-0.2787,50,6.24432,4.2972,-129.35917,-5.16154,-5.21404,30.84551,-15.823,CAR_EAG,CAR_EAG,CarsonNewman,TeamExclusive,Team,20251017-CarsonNewman-Private-1,992b7540-ab79-11f0-b255-238b61f5281b,87.36279,NA,NA,8.86536,NA,NA,NA,NA,NA,NA,a29af4ea-4bf5-43b1-9c30-16536369fbae,2025-10-17,16:51:59,2025-10-17T16:51:59Z,2025-10-17T16:51:59Z,NA,v3,CNE,CNE,NA,"Rogers, Jacob",1000215913,Right,CAR_EAG,a125cb2a-84a5-49ef-8f9d-97fac7645ace,54.86001,-130.51288,15.42275,6.42631,-4.56971,-7.9115,-0.44308,4.49222,-2.60702,NA,NA,NA,NA,NA,NA,NA,NA,NA,NA,NA,NA,NA,NA,NA,NA,NA,NA,NA,NA,NA,NA,NA,NA,NA,NA,NA,NA,NA,NA,NA,NA,NA,NA,NA,NA,NA,NA,NA,NA,NA,NA,NA,NA,NA,NA,NA,NA,NA,NA,High,High,High,NA,NA,NA,NA,NA,206.537139,28.998326,1890.580504,0.874634,01:00:00,-0.497661,-0.407708,-0.765577,-0.074236,35.406779,38.190927,0.011212,175.352801,-0.99665,4.646907,0.99665,-0.081015,-0.011212,0.644545,0.642426,0.081015,0.081015,-175.352801,-0.642426,0.011212,-4.646907,-0.644545,-0.011212,-0.081015,0.99665,-0.99665,NA,NA,NA,NA,NA,NA,NA,NA,NA,NA,NA,NA
NA,NA,NA,NA,NA,NA,NA,NA,NA,NA,NA,NA,NA,NA,NA,NA,200,2025-10-17,12:52:18,2,6,"Norris, Eli",1000334436,Right,CAR_EAG,"Evans, Colton",10278429,Right,CAR_EAG,Undefined,7,Top,1,3,2,Fastball,Four-Seam,BallCalled,Walk,Undefined,Undefined,0,0,NA,91.5227,-3.615998,-2.398732,2188.201436,195.84204,12:30:00,6.4847,0.54407,5.76689,-17.63895,16.38615,4.30477,1.64189,-1.33104,82.92968,-6.94877,-1.628554,0.419828,NA,NA,NA,NA,NA,NA,NA,NA,NA,NA,NA,-2.92921,9.81906,-0.34801,50,6.17422,5.35462,-132.41394,-8.92332,-5.1435,31.17503,-14.93243,CAR_EAG,CAR_EAG,CarsonNewman,TeamExclusive,Team,20251017-CarsonNewman-Private-1,a4cdab20-ab79-11f0-b255-238b61f5281b,89.78075,NA,NA,8.59301,NA,NA,NA,NA,NA,NA,a29af4ea-4bf5-43b1-9c30-16536369fbae,2025-10-17,16:52:18,2025-10-17T16:52:18Z,2025-10-17T16:52:18Z,NA,v3,CNE,CNE,NA,"Rogers, Jacob",1000215913,Right,CAR_EAG,362143a7-fb6a-40ac-8226-fbf53a9f0ed1,54.7322,-133.52343,15.58752,6.48233,-8.39189,-7.46622,-0.54183,5.53767,-2.57175,NA,NA,NA,NA,NA,NA,NA,NA,NA,NA,NA,NA,NA,NA,NA,NA,NA,NA,NA,NA,NA,NA,NA,NA,NA,NA,NA,NA,NA,NA,NA,NA,NA,NA,NA,NA,NA,NA,NA,NA,NA,NA,NA,NA,NA,NA,NA,NA,NA,NA,High,High,High,NA,NA,NA,NA,NA,206.276389,30.02829,1894.497587,0.865778,01:00:00,-0.507333,-0.41408,-0.755745,-6.007844,35.551566,35.903777,-0.066266,174.689024,-0.993518,-5.299269,0.993518,-0.092358,0.066266,3.815879,-3.799545,0.092358,-0.092358,-174.689024,3.799545,0.066266,5.299269,-3.815879,-0.066266,0.092358,0.993518,-0.993518,NA,NA,NA,NA,NA,NA,NA,NA,NA,NA,NA,NA
NA,NA,NA,NA,NA,NA,NA,NA,NA,NA,NA,NA,NA,NA,NA,NA,201,2025-10-17,12:53:02,3,1,"Norris, Eli",1000334436,Right,CAR_EAG,"Alexander, Trace",10000832,Right,CAR_EAG,Undefined,7,Top,1,0,0,Fastball,Four-Seam,BallinDirt,Undefined,Undefined,Undefined,0,0,NA,91.38392,-5.155332,-2.724186,2170.660091,191.113685,12:15:00,6.48208,-0.00604,5.72486,-15.90788,18.4804,3.38217,0.33605,-2.26355,82.75754,-8.16612,-2.11988,0.422062,NA,NA,NA,NA,NA,NA,NA,NA,NA,NA,NA,-2.56532,11.37253,0.23163,50,6.0403,6.12259,-131.87254,-12.38117,-4.46236,31.23424,-12.39168,CAR_EAG,CAR_EAG,CarsonNewman,TeamExclusive,Team,20251017-CarsonNewman-Private-1,bf206850-ab79-11f0-b255-238b61f5281b,89.30541,NA,NA,8.62638,NA,NA,NA,NA,NA,NA,a29af4ea-4bf5-43b1-9c30-16536369fbae,2025-10-17,16:53:02,2025-10-17T16:53:02Z,2025-10-17T16:53:02Z,NA,v3,CNE,CNE,NA,"Rogers, Jacob",1000215913,Right,CAR_EAG,a1850275-d0c5-4c5c-be36-bdf101bb7115,54.77364,-132.99838,15.61712,6.47853,-11.93451,-6.19584,0.00805,6.28344,-2.23118,NA,NA,NA,NA,NA,NA,NA,NA,NA,NA,NA,NA,NA,NA,NA,NA,NA,NA,NA,NA,NA,NA,NA,NA,NA,NA,NA,NA,NA,NA,NA,NA,NA,NA,NA,NA,NA,NA,NA,NA,NA,NA,NA,NA,NA,NA,NA,NA,NA,NA,High,High,High,NA,NA,NA,NA,NA,203.031483,30.956524,1861.466633,0.857558,12:45:00,-0.519124,-0.380372,-0.765394,8.562797,43.174616,51.093402,0.015812,175.966868,-0.997399,4.032627,0.997399,-0.070325,-0.015812,0.90824800000000006,0.905999,0.070325,0.070325,-175.966868,-0.905999,0.015812,-4.032627,-0.90824800000000006,-0.015812,-0.070325,0.997399,-0.997399,NA,NA,NA,NA,NA,NA,NA,NA,NA,NA,NA,NA
NA,NA,NA,NA,NA,NA,NA,NA,NA,NA,NA,NA,NA,NA,NA,NA,202,2025-10-17,12:53:33,3,2,"Norris, Eli",1000334436,Right,CAR_EAG,"Alexander, Trace",10000832,Right,CAR_EAG,Undefined,7,Top,1,1,0,Fastball,Four-Seam,BallCalled,Undefined,Undefined,Undefined,0,0,NA,90.58694,-4.415632,-1.021314,2132.993599,200.18049,12:45:00,6.40494,0.45765,5.61558,-17.72029,17.64765,5.97059,0.79806,0.00185,81.21842,-7.775176,0.04534,0.428032,NA,NA,NA,NA,NA,NA,NA,NA,NA,NA,NA,-3.34508,10.83115,-0.37422,50,6.01593,2.05649,-130.80168,-10.64145,-5.66427,33.40186,-13.83344,CAR_EAG,CAR_EAG,CarsonNewman,TeamExclusive,Team,20251017-CarsonNewman-Private-1,d1bafb10-ab79-11f0-b255-238b61f5281b,88.05986,NA,NA,9.36852,NA,NA,NA,NA,NA,NA,a29af4ea-4bf5-43b1-9c30-16536369fbae,2025-10-17,16:53:33,2025-10-17T16:53:33Z,2025-10-17T16:53:33Z,NA,v3,CNE,CNE,NA,"Rogers, Jacob",1000215913,Right,CAR_EAG,8db7d0d9-c422-4554-b778-935859c67d15,54.88048,-132.04209,16.70093,6.40158,-10.12773,-6.91672,-0.45449,2.26683,-2.83214,NA,NA,NA,NA,NA,NA,NA,NA,NA,NA,NA,NA,NA,NA,NA,NA,NA,NA,NA,NA,NA,NA,NA,NA,NA,NA,NA,NA,NA,NA,NA,NA,NA,NA,NA,NA,NA,NA,NA,NA,NA,NA,NA,NA,NA,NA,NA,NA,NA,NA,High,High,High,NA,NA,NA,NA,NA,206.246601,27.798742,1886.827396,0.884591,12:45:00,-0.448937,-0.425943,-0.785512,7.297653,36.307434,48.873048,0.068867,178.190286,-0.997128,1.805416,0.997128,-0.031505,-0.068867,3.950888,3.948923,0.031505,0.031505,-178.190286,-3.948923,0.068867,-1.805416,-3.950888,-0.068867,-0.031505,0.997128,-0.997128,NA,NA,NA,NA,NA,NA,NA,NA,NA,NA,NA,NA
NA,NA,NA,NA,NA,NA,NA,NA,NA,NA,NA,NA,NA,NA,NA,NA,203,2025-10-17,12:53:53,3,3,"Norris, Eli",1000334436,Right,CAR_EAG,"Alexander, Trace",10000832,Right,CAR_EAG,Undefined,7,Top,1,2,0,Fastball,Four-Seam,BallCalled,Undefined,Undefined,Undefined,0,0,NA,91.06857,-4.676118,-2.783502,2417.783895,188.168135,12:15:00,6.44057,0.6499,5.77662,-13.20729,21.36757,2.88166,0.97378,-1.70217,82.21054,-7.225401,-2.268438,0.423206,NA,NA,NA,NA,NA,NA,NA,NA,NA,NA,NA,-2.34122,12.70989,-0.42148,50,6.0451,6.26238,-131.47974,-11.10205,-4.04148,31.47956,-10.23376,CAR_EAG,CAR_EAG,CarsonNewman,TeamExclusive,Team,20251017-CarsonNewman-Private-1,dd4c8f20-ab79-11f0-b255-238b61f5281b,89.06408,NA,NA,8.85803,NA,NA,NA,NA,NA,NA,a29af4ea-4bf5-43b1-9c30-16536369fbae,2025-10-17,16:53:53,2025-10-17T16:53:53Z,2025-10-17T16:53:53Z,NA,v3,CNE,CNE,NA,"Rogers, Jacob",1000215913,Right,CAR_EAG,dd895218-16a6-49fe-b4ef-e890a940929f,54.72091,-132.60522,15.73978,6.43549,-10.73616,-5.11688,-0.64797,6.40687,-2.02074,NA,NA,NA,NA,NA,NA,NA,NA,NA,NA,NA,NA,NA,NA,NA,NA,NA,NA,NA,NA,NA,NA,NA,NA,NA,NA,NA,NA,NA,NA,NA,NA,NA,NA,NA,NA,NA,NA,NA,NA,NA,NA,NA,NA,NA,NA,NA,NA,NA,NA,High,High,High,NA,NA,NA,NA,NA,202.877349,31.160975,2068.938526,0.855717,12:45:00,-0.526312,-0.373745,-0.763748,-38.327411,-1.664142,-43.021447,0.025012,171.23145,-0.988003,8.765785,0.988003,-0.152396,-0.025012,1.450182,1.43324,0.152396,0.152396,-171.23145,-1.43324,0.025012,-8.765785,-1.450182,-0.025012,-0.152396,0.988003,-0.988003,NA,NA,NA,NA,NA,NA,NA,NA,NA,NA,NA,NA
NA,NA,NA,NA,NA,NA,NA,NA,NA,NA,NA,NA,NA,NA,NA,NA,204,2025-10-17,12:54:20,3,4,"Norris, Eli",1000334436,Right,CAR_EAG,"Alexander, Trace",10000832,Right,CAR_EAG,Undefined,7,Top,1,3,0,Fastball,Four-Seam,StrikeCalled,Undefined,Undefined,Undefined,0,0,NA,89.32551,-2.13955,-0.668544,1938.27215,187.436105,12:15:00,6.56132,0.35875,5.63014,-20.79308,15.01914,1.79335,2.83108,-0.11565,80.80414,-6.050148,-0.348101,0.430712,NA,NA,NA,NA,NA,NA,NA,NA,NA,NA,NA,-1.1113,8.645,-0.30296,50,6.36596,1.42983,-129.43783,-5.50984,-1.86258,30.06129,-17.68456,CAR_EAG,CAR_EAG,CarsonNewman,TeamExclusive,Team,20251017-CarsonNewman-Private-1,ed25b7f0-ab79-11f0-b255-238b61f5281b,87.51191,NA,NA,8.52136,NA,NA,NA,NA,NA,NA,a29af4ea-4bf5-43b1-9c30-16536369fbae,2025-10-17,16:54:20,2025-10-17T16:54:20Z,2025-10-17T16:54:20Z,NA,v3,CNE,CNE,NA,"Rogers, Jacob",1000215913,Right,CAR_EAG,30d83f04-4ef0-42b3-8001-4cb705128b7d,54.86768,-130.56343,15.03064,6.55988,-4.84767,-8.84228,-0.3578,1.49957,-0.93129,NA,NA,NA,NA,NA,NA,NA,NA,NA,NA,NA,NA,NA,NA,NA,NA,NA,NA,NA,NA,NA,NA,NA,NA,NA,NA,NA,NA,NA,NA,NA,NA,NA,NA,NA,NA,NA,NA,NA,NA,NA,NA,NA,NA,NA,NA,NA,NA,NA,NA,High,High,High,NA,NA,NA,NA,NA,206.553598,31.561783,1651.555661,0.852075,01:00:00,-0.517691,-0.400183,-0.756207,-34.183569,2.086007,-41.219393,0.104626,174.305784,-0.989604,5.662862,0.989604,-0.098675,-0.104626,6.03519,6.005628,0.098675,0.098675,-174.305784,-6.005628,0.104626,-5.662862,-6.03519,-0.104626,-0.098675,0.989604,-0.989604,NA,NA,NA,NA,NA,NA,NA,NA,NA,NA,NA,NA
NA,NA,NA,NA,NA,NA,NA,NA,NA,NA,NA,NA,NA,NA,NA,NA,205,2025-10-17,12:54:38,3,5,"Norris, Eli",1000334436,Right,CAR_EAG,"Alexander, Trace",10000832,Right,CAR_EAG,Undefined,7,Top,1,3,1,Fastball,Four-Seam,BallCalled,Walk,Undefined,Undefined,0,0,NA,90.87277,-0.237162,-0.69174,1957.854653,175.764783,11:45:00,6.547,0.41614,5.85326,-20.2017,14.08032,-0.95303,4.64314,-0.30609,81.98329,-4.066764,-0.862656,0.42141,NA,NA,NA,NA,NA,NA,NA,NA,NA,NA,NA,0.26508,7.61252,-0.35937,50,6.51607,1.63395,-131.81582,-1.18588,0.46035,31.41987,-18.95446,CAR_EAG,CAR_EAG,CarsonNewman,TeamExclusive,Team,20251017-CarsonNewman-Private-1,f869a130-ab79-11f0-b255-238b61f5281b,89.44365,NA,NA,8.88948,NA,NA,NA,NA,NA,NA,a29af4ea-4bf5-43b1-9c30-16536369fbae,2025-10-17,16:54:38,2025-10-17T16:54:38Z,2025-10-17T16:54:38Z,NA,v3,CNE,CNE,NA,"Rogers, Jacob",1000215913,Right,CAR_EAG,d2a7335e-8a5e-4d1c-b225-28f9c187d8e7,54.64478,-132.91835,15.70993,6.54601,-0.52076,-9.47723,-0.41642,1.6178,0.23017,NA,NA,NA,NA,NA,NA,NA,NA,NA,NA,NA,NA,NA,NA,NA,NA,NA,NA,NA,NA,NA,NA,NA,NA,NA,NA,NA,NA,NA,NA,NA,NA,NA,NA,NA,NA,NA,NA,NA,NA,NA,NA,NA,NA,NA,NA,NA,NA,NA,NA,High,High,High,NA,NA,NA,NA,NA,200.639667,40.632259,1485.82527,0.758905,12:45:00,-0.658615,-0.270199,-0.702295,-11.114176,38.402463,20.615719,-0.171019,172.929332,-0.977775,-6.965981,0.977775,-0.12128,0.171019,9.921036,-9.84707,0.12128,-0.12128,-172.929332,9.84707,0.171019,6.965981,-9.921036,-0.171019,0.12128,0.977775,-0.977775,NA,NA,NA,NA,NA,NA,NA,NA,NA,NA,NA,NA
NA,NA,NA,NA,NA,NA,NA,NA,NA,NA,NA,NA,NA,NA,NA,NA,206,2025-10-17,12:56:05,4,1,"Norris, Eli",1000334436,Right,CAR_EAG,"Ring, Alex",10041847,Right,CAR_EAG,Undefined,7,Top,1,0,0,Splitter,Slider,BallCalled,Undefined,Undefined,Undefined,0,0,NA,79.79186,-0.860783,0.021453,1919.902505,286.444988,03:30:00,6.25461,1.2395,5.78808,-44.17687,1.44343,1.6276,1.77232,1.3951,71.01994,-9.050389,0.313759,0.486128,NA,NA,NA,NA,NA,NA,NA,NA,NA,NA,NA,-0.81311,1.67563,-1.24222,50,6.15804,-0.10865,-115.46151,-3.16984,-1.05697,28.914,-29.99592,CAR_EAG,CAR_EAG,CarsonNewman,TeamExclusive,Team,20251017-CarsonNewman-Private-1,2c294f70-ab7a-11f0-b255-238b61f5281b,77.53608,NA,NA,8.77193,NA,NA,NA,NA,NA,NA,a29af4ea-4bf5-43b1-9c30-16536369fbae,2025-10-17,16:56:05,2025-10-17T16:56:05Z,2025-10-17T16:56:05Z,NA,v3,CNE,CNE,NA,"Rogers, Jacob",1000215913,Right,CAR_EAG,a8037216-12da-4e45-a35b-e9f6059e0f96,54.70735,-116.63437,14.457,6.26194,-1.95309,-14.99796,-1.23868,-0.06578,-0.52848,NA,NA,NA,NA,NA,NA,NA,NA,NA,NA,NA,NA,NA,NA,NA,NA,NA,NA,NA,NA,NA,NA,NA,NA,NA,NA,NA,NA,NA,NA,NA,NA,NA,NA,NA,NA,NA,NA,NA,NA,NA,NA,NA,NA,NA,NA,NA,NA,NA,NA,High,High,High,NA,NA,NA,NA,NA,231.252771,79.40074,353.144274,0.183939,01:45:00,-0.980628,-0.158207,-0.115492,-43.748613,-6.43832,-26.988632,0.406266,117.572826,-0.422955,54.093332,0.422955,-0.809973,-0.406266,43.847045,23.970504,0.809973,0.809973,-117.572826,-23.970504,0.406266,-54.093332,-43.847045,-0.406266,-0.809973,0.422955,-0.422955,NA,NA,NA,NA,NA,NA,NA,NA,NA,NA,NA,NA
NA,NA,NA,NA,NA,NA,NA,NA,NA,NA,NA,NA,NA,NA,NA,NA,207,2025-10-17,12:56:28,4,2,"Norris, Eli",1000334436,Right,CAR_EAG,"Ring, Alex",10041847,Right,CAR_EAG,Undefined,7,Top,1,1,0,Fastball,Four-Seam,StrikeCalled,Undefined,Undefined,Undefined,0,0,NA,88.91767,-1.577536,-1.278921,2138.513807,186.579072,12:15:00,6.4157,0.56792,6.13373,-18.94013,16.24836,1.73894,3.37848,-0.46949,80.93531,-5.180242,-0.965434,0.426945,NA,NA,NA,NA,NA,NA,NA,NA,NA,NA,NA,-1.26795,9.19536,-0.47107,50,6.28523,2.80931,-129.07549,-4.09806,-2.1279,28.18017,-16.74231,CAR_EAG,CAR_EAG,CarsonNewman,TeamExclusive,Team,20251017-CarsonNewman-Private-1,3a14b200-ab7a-11f0-b255-238b61f5281b,88.28413,NA,NA,7.98236,NA,NA,NA,NA,NA,NA,a29af4ea-4bf5-43b1-9c30-16536369fbae,2025-10-17,16:56:28,2025-10-17T16:56:28Z,2025-10-17T16:56:28Z,NA,v3,CNE,CNE,NA,"Rogers, Jacob",1000215913,Right,CAR_EAG,2dd30eb5-3889-4d1d-93ec-5762702d147c,54.36559,-130.02511,14.09008,6.41383,-3.53387,-8.37116,-0.56695,2.88101,-1.06395,NA,NA,NA,NA,NA,NA,NA,NA,NA,NA,NA,NA,NA,NA,NA,NA,NA,NA,NA,NA,NA,NA,NA,NA,NA,NA,NA,NA,NA,NA,NA,NA,NA,NA,NA,NA,NA,NA,NA,NA,NA,NA,NA,NA,NA,NA,NA,NA,NA,NA,High,High,High,NA,NA,NA,NA,NA,206.24175,37.029619,1707.227539,0.798324,12:45:00,-0.608116,-0.369432,-0.702648,-27.568978,35.972499,-9.293566,7.08e-4,178.584519,-0.999695,1.415481,0.999695,-0.024702000000000002,-7.08e-4,0.040595,0.040583,0.024702000000000002,0.024702000000000002,-178.584519,-0.040583,7.08e-4,-1.415481,-0.040595,-7.08e-4,-0.024702000000000002,0.999695,-0.999695,NA,NA,NA,NA,NA,NA,NA,NA,NA,NA,NA,NA
NA,NA,NA,NA,NA,NA,NA,NA,NA,NA,NA,NA,NA,NA,NA,NA,208,2025-10-17,12:57:25,4,3,"Norris, Eli",1000334436,Right,CAR_EAG,"Ring, Alex",10041847,Right,CAR_EAG,Undefined,7,Top,1,1,1,Fastball,Four-Seam,StrikeCalled,Undefined,Undefined,Undefined,0,0,NA,89.97184,-1.764007,-1.335223,1946.491382,190.42973,12:15:00,6.37026,0.75384,5.8743,-19.29162,15.65942,2.65453,3.12317,-0.26539,81.36703,-5.422946,-0.858977,0.425502,NA,NA,NA,NA,NA,NA,NA,NA,NA,NA,NA,-1.76799,8.91304,-0.64731,50,6.2164,2.92454,-130.44735,-4.60853,-3.00995,30.5081,-16.99997,CAR_EAG,CAR_EAG,CarsonNewman,TeamExclusive,Team,20251017-CarsonNewman-Private-1,5bde4ae0-ab7a-11f0-b255-238b61f5281b,88.58346,NA,NA,8.60481,NA,NA,NA,NA,NA,NA,a29af4ea-4bf5-43b1-9c30-16536369fbae,2025-10-17,16:57:25,2025-10-17T16:57:25Z,2025-10-17T16:57:25Z,NA,v3,CNE,CNE,NA,"Rogers, Jacob",1000215913,Right,CAR_EAG,a2bb80bf-fa83-49b5-a93e-f5cb936e5c41,54.62419,-131.52437,15.25405,6.36851,-4.00838,-8.49998,-0.75243,3.0308,-1.50498,NA,NA,NA,NA,NA,NA,NA,NA,NA,NA,NA,NA,NA,NA,NA,NA,NA,NA,NA,NA,NA,NA,NA,NA,NA,NA,NA,NA,NA,NA,NA,NA,NA,NA,NA,NA,NA,NA,NA,NA,NA,NA,NA,NA,NA,NA,NA,NA,NA,NA,High,High,High,NA,NA,NA,NA,NA,205.309818,27.233343,1730.72324,0.88915,12:45:00,-0.464306,-0.39403,-0.793196,-35.982913,2.051861,-40.196306,0.018274,175.878273,-0.997247,4.121038,0.997247,-0.071864,-0.018274,1.049796,1.047081,0.071864,0.071864,-175.878273,-1.047081,0.018274,-4.121038,-1.049796,-0.018274,-0.071864,0.997247,-0.997247,NA,NA,NA,NA,NA,NA,NA,NA,NA,NA,NA,NA
NA,NA,NA,NA,NA,NA,NA,NA,NA,NA,NA,NA,NA,NA,NA,NA,209,2025-10-17,12:57:48,4,4,"Norris, Eli",1000334436,Right,CAR_EAG,"Ring, Alex",10041847,Right,CAR_EAG,Undefined,7,Top,1,1,2,Splitter,Changeup,StrikeSwinging,Strikeout,Undefined,Undefined,0,0,NA,79.66642,-2.355438,-0.47207,1317.488772,162.978031,11:30:00,6.35057,0.43294,5.8355,-29.33187,15.45087,-4.23036,1.71552,-0.3584,72.20568,-7.841201,-1.231365,0.481645,NA,NA,NA,NA,NA,NA,NA,NA,NA,NA,NA,1.99925,9.12839,-0.39197,50,6.14131,1.11518,-115.44048,-5.6035,2.65814,24.44442,-20.03725,CAR_EAG,CAR_EAG,CarsonNewman,TeamExclusive,Team,20251017-CarsonNewman-Private-1,6955b5f0-ab7a-11f0-b255-238b61f5281b,78.25777,NA,NA,7.46074,NA,NA,NA,NA,NA,NA,a29af4ea-4bf5-43b1-9c30-16536369fbae,2025-10-17,16:57:48,2025-10-17T16:57:48Z,2025-10-17T16:57:48Z,NA,v3,CNE,CNE,NA,"Rogers, Jacob",1000215913,Right,CAR_EAG,956275c2-ffbd-43de-baf0-0105c890c42c,54.66228,-116.42353,12.22221,6.35045,-4.79769,-10.01863,-0.43467,1.00829,1.32907,NA,NA,NA,NA,NA,NA,NA,NA,NA,NA,NA,NA,NA,NA,NA,NA,NA,NA,NA,NA,NA,NA,NA,NA,NA,NA,NA,NA,NA,NA,NA,NA,NA,NA,NA,NA,NA,NA,NA,NA,NA,NA,NA,NA,NA,NA,NA,NA,NA,NA,High,High,High,NA,NA,NA,NA,NA,199.667007,30.973918,1129.617064,0.857402,12:45:00,-0.508989,-0.309469,-0.803218,-89.152784,-39.491599,15.686471,-0.252747,99.768045,-0.164151,-72.459791,0.164151,-0.953506,0.252747,56.997544,-14.640144,0.953506,-0.953506,-99.768045,14.640144,0.252747,72.459791,-56.997544,-0.252747,0.953506,0.164151,-0.164151,NA,NA,NA,NA,NA,NA,NA,NA,NA,NA,NA,NA
NA,NA,NA,NA,NA,NA,NA,NA,NA,NA,NA,NA,NA,NA,NA,NA,210,2025-10-17,12:58:16,5,1,"Norris, Eli",1000334436,Right,CAR_EAG,"Smith, Braxton",1000370200,Right,CAR_EAG,Undefined,7,Top,2,0,0,Fastball,Four-Seam,StrikeCalled,Undefined,Undefined,Undefined,0,0,NA,90.01086,-1.973587,-1.426593,1987.108629,192.059902,12:30:00,6.44691,0.55482,6.02656,-18.71111,15.80517,3.12925,3.05846,-0.50597,81.90326,-5.522498,-0.863581,0.422847,NA,NA,NA,NA,NA,NA,NA,NA,NA,NA,NA,-2.02268,9.05067,-0.44481,50,6.28219,3.1193,-130.60263,-5.05851,-3.47349,28.98399,-16.63165,CAR_EAG,CAR_EAG,CarsonNewman,TeamExclusive,Team,20251017-CarsonNewman-Private-1,7a020d40-ab7a-11f0-b255-238b61f5281b,89.13961,NA,NA,8.10761,NA,NA,NA,NA,NA,NA,a29af4ea-4bf5-43b1-9c30-16536369fbae,2025-10-17,16:58:16,2025-10-17T16:58:16Z,2025-10-17T16:58:16Z,NA,v3,CNE,CNE,NA,"Rogers, Jacob",1000215913,Right,CAR_EAG,20ca27a0-c7ca-4211-b092-e6193bd7d81d,54.47295,-131.59154,14.492,6.4451,-4.49105,-8.31583,-0.55326,3.23782,-1.73675,NA,NA,NA,NA,NA,NA,NA,NA,NA,NA,NA,NA,NA,NA,NA,NA,NA,NA,NA,NA,NA,NA,NA,NA,NA,NA,NA,NA,NA,NA,NA,NA,NA,NA,NA,NA,NA,NA,NA,NA,NA,NA,NA,NA,NA,NA,NA,NA,NA,NA,High,High,High,NA,NA,NA,NA,NA,204.957623,29.389894,1731.368521,0.8713,12:45:00,-0.497316,-0.384326,-0.777798,-6.11865,39.254586,25.454139,-0.02699,179.072899,-0.999505,-0.926764,0.999505,-0.016174,0.02699,1.546815,-1.546612,0.016174,-0.016174,-179.072899,1.546612,0.02699,0.926764,-1.546815,-0.02699,0.016174,0.999505,-0.999505,NA,NA,NA,NA,NA,NA,NA,NA,NA,NA,NA,NA
NA,NA,NA,NA,NA,NA,NA,NA,NA,NA,NA,NA,NA,NA,NA,NA,211,2025-10-17,12:58:33,5,2,"Norris, Eli",1000334436,Right,CAR_EAG,"Smith, Braxton",1000370200,Right,CAR_EAG,Undefined,7,Top,2,0,1,Splitter,Changeup,BallCalled,Undefined,Undefined,Undefined,0,0,NA,77.62654,-2.998806,-0.889087,1451.945267,145.708695,10:45:00,6.35825,0.26118,5.73413,-32.67966,14.48631,-8.75603,0.83931,-1.29655,70.92419,-9.041692,-2.458011,0.494295,NA,NA,NA,NA,NA,NA,NA,NA,NA,NA,NA,4.16504,8.79178,-0.18175,50,6.08826,2.07816,-112.46243,-6.85921,5.28455,22.16984,-21.01915,CAR_EAG,CAR_EAG,CarsonNewman,TeamExclusive,Team,20251017-CarsonNewman-Private-1,843067d0-ab7a-11f0-b255-238b61f5281b,76.25502,NA,NA,6.70234,NA,NA,NA,NA,NA,NA,a29af4ea-4bf5-43b1-9c30-16536369fbae,2025-10-17,16:58:33,2025-10-17T16:58:33Z,2025-10-17T16:58:33Z,NA,v3,CNE,CNE,NA,"Rogers, Jacob",1000215913,Right,CAR_EAG,7e80f5dd-2d97-4559-adb5-e3ece5083941,54.76442,-113.39776,11.08492,6.35894,-5.97243,-10.50957,-0.26472,1.85521,2.64227,NA,NA,NA,NA,NA,NA,NA,NA,NA,NA,NA,NA,NA,NA,NA,NA,NA,NA,NA,NA,NA,NA,NA,NA,NA,NA,NA,NA,NA,NA,NA,NA,NA,NA,NA,NA,NA,NA,NA,NA,NA,NA,NA,NA,NA,NA,NA,NA,NA,NA,High,High,High,NA,NA,NA,NA,NA,197.665425,24.033083,1326.076786,0.91331,12:30:00,-0.405663,-0.298078,-0.864052,-52.295562,-45.990738,25.547336,-0.135975,103.057933,-0.223838,-74.817057,0.223838,-0.965095,0.135975,31.277539,-7.81502,0.965095,-0.965095,-103.057933,7.81502,0.135975,74.817057,-31.277539,-0.135975,0.965095,0.223838,-0.223838,NA,NA,NA,NA,NA,NA,NA,NA,NA,NA,NA,NA
NA,NA,NA,NA,NA,NA,NA,NA,NA,NA,NA,NA,NA,NA,NA,NA,212,2025-10-17,12:59:00,5,3,"Norris, Eli",1000334436,Right,CAR_EAG,"Smith, Braxton",1000370200,Right,CAR_EAG,Undefined,7,Top,2,1,1,Fastball,Four-Seam,BallCalled,Undefined,Undefined,Undefined,0,0,NA,89.78728,-5.434193,-1.347879,2151.732226,187.940737,12:15:00,6.41445,0.45301,5.63464,-15.60867,19.97753,2.60898,0.02682,-0.58741,81.63284,-8.383279,-0.881839,0.429351,NA,NA,NA,NA,NA,NA,NA,NA,NA,NA,NA,-1.73673,12.17194,-0.34003,50,5.94094,2.93742,-129.67439,-12.79906,-2.93083,29.37212,-11.6331,CAR_EAG,CAR_EAG,CarsonNewman,TeamExclusive,Team,20251017-CarsonNewman-Private-1,9473eb30-ab7a-11f0-b255-238b61f5281b,87.78936,NA,NA,8.15444,NA,NA,NA,NA,NA,NA,a29af4ea-4bf5-43b1-9c30-16536369fbae,2025-10-17,16:59:00,2025-10-17T16:59:00Z,2025-10-17T16:59:00Z,NA,v3,CNE,CNE,NA,"Rogers, Jacob",1000215913,Right,CAR_EAG,87e24c99-0ff6-49d6-965f-f0972af0fcf4,54.8658,-130.77188,14.68606,6.41106,-12.36439,-5.81655,-0.45183,3.04693,-1.46541,NA,NA,NA,NA,NA,NA,NA,NA,NA,NA,NA,NA,NA,NA,NA,NA,NA,NA,NA,NA,NA,NA,NA,NA,NA,NA,NA,NA,NA,NA,NA,NA,NA,NA,NA,NA,NA,NA,NA,NA,NA,NA,NA,NA,NA,NA,NA,NA,NA,NA,High,High,High,NA,NA,NA,NA,NA,204.57059,25.089604,1948.707146,0.905646,12:45:00,-0.405734,-0.415045,-0.814321,-40.860711,4.911426,-24.684584,-0.12848,172.744775,-0.983772,-7.194776,0.983772,-0.125243,0.12848,7.440662,-7.381748,0.125243,-0.125243,-172.744775,7.381748,0.12848,7.194776,-7.440662,-0.12848,0.125243,0.983772,-0.983772,NA,NA,NA,NA,NA,NA,NA,NA,NA,NA,NA,NA
NA,NA,NA,NA,NA,NA,NA,NA,NA,NA,NA,NA,NA,NA,NA,NA,213,2025-10-17,12:59:23,5,4,"Norris, Eli",1000334436,Right,CAR_EAG,"Smith, Braxton",1000370200,Right,CAR_EAG,Undefined,7,Top,2,2,1,Fastball,Four-Seam,BallCalled,Undefined,Undefined,Undefined,0,0,NA,87.78704,-3.472766,-1.968045,2117.3183990000002,181.723823,12:00:00,6.38823,0.56631,5.85992,-18.89753,17.74155,0.49626,1.58105,-1.22155,80.00202,-7.037117,-1.879074,0.435656,NA,NA,NA,NA,NA,NA,NA,NA,NA,NA,NA,-0.83323,10.46363,-0.40682,50,6.09494,4.34804,-127.14386,-8.27759,-1.35599,27.48466,-15.14549,CAR_EAG,CAR_EAG,CarsonNewman,TeamExclusive,Team,20251017-CarsonNewman-Private-1,a258be10-ab7a-11f0-b255-238b61f5281b,86.51879,NA,NA,7.78502,NA,NA,NA,NA,NA,NA,a29af4ea-4bf5-43b1-9c30-16536369fbae,2025-10-17,16:59:23,2025-10-17T16:59:23Z,2025-10-17T16:59:23Z,NA,v3,CNE,CNE,NA,"Rogers, Jacob",1000215913,Right,CAR_EAG,99f93f90-6b43-4ff7-a6b1-dcc3f89f1bdd,54.63955,-128.14286,13.74233,6.38581,-7.72708,-7.57275,-0.56576,4.39733,-0.678,NA,NA,NA,NA,NA,NA,NA,NA,NA,NA,NA,NA,NA,NA,NA,NA,NA,NA,NA,NA,NA,NA,NA,NA,NA,NA,NA,NA,NA,NA,NA,NA,NA,NA,NA,NA,NA,NA,NA,NA,NA,NA,NA,NA,NA,NA,NA,NA,NA,NA,High,High,High,NA,NA,NA,NA,NA,204.597642,27.860601,1871.894073,0.884087,12:45:00,-0.471517,-0.395627,-0.788131,-42.660114,-2.140318,-44.031417,-0.082053,174.590708,-0.99219,-5.390998,0.99219,-0.093952,0.082053,4.727512,-4.706554,0.093952,-0.093952,-174.590708,4.706554,0.082053,5.390998,-4.727512,-0.082053,0.093952,0.99219,-0.99219,NA,NA,NA,NA,NA,NA,NA,NA,NA,NA,NA,NA
NA,NA,NA,NA,NA,NA,NA,NA,NA,NA,NA,NA,NA,NA,NA,NA,214,2025-10-17,12:59:45,5,5,"Norris, Eli",1000334436,Right,CAR_EAG,"Smith, Braxton",1000370200,Right,CAR_EAG,Undefined,7,Top,2,3,1,Fastball,Four-Seam,BallCalled,Walk,Undefined,Undefined,0,0,NA,88.20966,-3.529179,-1.927151,2073.193934,175.734457,11:45:00,6.43441,0.42486,6.11206,-19.72832,15.97887,-1.10681,1.521,-1.45007,80.96368,-7.236815,-2.126551,0.43008,NA,NA,NA,NA,NA,NA,NA,NA,NA,NA,NA,0.03846,9.5706,-0.27634,50,6.15259,4.34835,-127.88913,-8.46958,0.06374,26.15182,-16.30915,CAR_EAG,CAR_EAG,CarsonNewman,TeamExclusive,Team,20251017-CarsonNewman-Private-1,af488290-ab7a-11f0-b255-238b61f5281b,87.64053,NA,NA,7.24598,NA,NA,NA,NA,NA,NA,a29af4ea-4bf5-43b1-9c30-16536369fbae,2025-10-17,16:59:45,2025-10-17T16:59:45Z,2025-10-17T16:59:45Z,NA,v3,CNE,CNE,NA,"Rogers, Jacob",1000215913,Right,CAR_EAG,178cb4a7-0c28-475b-a100-61cbdfc40cb4,54.38828,-128.78336,13.07591,6.43266,-7.91191,-8.15458,-0.42498,4.34617,0.03187,NA,NA,NA,NA,NA,NA,NA,NA,NA,NA,NA,NA,NA,NA,NA,NA,NA,NA,NA,NA,NA,NA,NA,NA,NA,NA,NA,NA,NA,NA,NA,NA,NA,NA,NA,NA,NA,NA,NA,NA,NA,NA,NA,NA,NA,NA,NA,NA,NA,NA,High,High,High,NA,NA,NA,NA,NA,205.265103,35.923784,1678.868636,0.809798,12:45:00,-0.588629,-0.381088,-0.712943,-49.154985,-13.126348,-59.160948,-0.072113,172.120982,-0.987981,-7.858375,0.987981,-0.136725,0.072113,4.174622,-4.13535,0.136725,-0.136725,-172.120982,4.13535,0.072113,7.858375,-4.174622,-0.072113,0.136725,0.987981,-0.987981,NA,NA,NA,NA,NA,NA,NA,NA,NA,NA,NA,NA
NA,NA,NA,NA,NA,NA,NA,NA,NA,NA,NA,NA,NA,NA,NA,NA,215,2025-10-17,13:00:17,6,1,"Norris, Eli",1000334436,Right,CAR_EAG,"Bolton, Ryan",1000215919,Right,CAR_EAG,Undefined,7,Top,2,0,0,Fastball,Four-Seam,StrikeCalled,Undefined,Undefined,Undefined,0,0,NA,90.6658,-2.788565,-1.209034,2102.273266,191.425315,12:30:00,6.42938,0.26855,5.73536,-18.10198,16.28095,3.05847,2.32136,-0.60268,82.6602,-6.199052,-0.661617,0.42203,NA,NA,NA,NA,NA,NA,NA,NA,NA,NA,NA,-1.90004,9.42875,-0.16966,50,6.18578,2.63867,-131.44774,-6.97364,-3.31144,28.87262,-15.74128,CAR_EAG,CAR_EAG,CarsonNewman,TeamExclusive,Team,20251017-CarsonNewman-Private-1,c249c660-ab7a-11f0-b255-238b61f5281b,89.31229,NA,NA,8.0056,NA,NA,NA,NA,NA,NA,a29af4ea-4bf5-43b1-9c30-16536369fbae,2025-10-17,17:00:17,2025-10-17T17:00:17Z,2025-10-17T17:00:17Z,NA,v3,CNE,CNE,NA,"Rogers, Jacob",1000215913,Right,CAR_EAG,dd5b1d05-ab93-465f-aea7-889580920bd4,54.76435,-132.4901,14.43631,6.42729,-6.40534,-7.87064,-0.26708,2.75822,-1.65572,NA,NA,NA,NA,NA,NA,NA,NA,NA,NA,NA,NA,NA,NA,NA,NA,NA,NA,NA,NA,NA,NA,NA,NA,NA,NA,NA,NA,NA,NA,NA,NA,NA,NA,NA,NA,NA,NA,NA,NA,NA,NA,NA,NA,NA,NA,NA,NA,NA,NA,High,High,High,NA,NA,NA,NA,NA,205.554275,29.425143,1831.076447,0.870998,12:45:00,-0.488901,-0.399175,-0.775652,-38.416306,2.07825,-30.572592,-0.022532,169.072993,-0.98162,-10.924199,0.98162,-0.18951,0.022532,1.314944,-1.291111,0.18951,-0.18951,-169.072993,1.291111,0.022532,10.924199,-1.314944,-0.022532,0.18951,0.98162,-0.98162,NA,NA,NA,NA,NA,NA,NA,NA,NA,NA,NA,NA
NA,NA,NA,NA,NA,NA,NA,NA,NA,NA,NA,NA,NA,NA,NA,NA,216,2025-10-17,13:00:36,6,2,"Norris, Eli",1000334436,Right,CAR_EAG,"Bolton, Ryan",1000215919,Right,CAR_EAG,Undefined,7,Top,2,0,1,Splitter,Changeup,BallCalled,Undefined,Undefined,Undefined,0,0,NA,77.74787,-4.757451,0.197802,1495.76722,191.454909,12:30:00,6.48223,0.14067,5.83659,-31.14159,15.80375,2.86858,-0.54516,0.56357,71.27093,-10.497329,0.713352,0.493137,NA,NA,NA,NA,NA,NA,NA,NA,NA,NA,NA,-1.42669,10.01993,-0.15858,50,6.07508,-0.49065,-112.49548,-10.2576,-1.81151,22.15631,-19.45163,CAR_EAG,CAR_EAG,CarsonNewman,TeamExclusive,Team,20251017-CarsonNewman-Private-1,cd665180-ab7a-11f0-b255-238b61f5281b,76.43403,NA,NA,6.47694,NA,NA,NA,NA,NA,NA,a29af4ea-4bf5-43b1-9c30-16536369fbae,2025-10-17,17:00:36,2025-10-17T17:00:36Z,2025-10-17T17:00:36Z,NA,v3,CNE,CNE,NA,"Rogers, Jacob",1000215913,Right,CAR_EAG,57c7f643-ac73-4fc7-928b-994c2371e840,54.66529,-113.4106,11.07815,6.48216,-9.45419,-9.72581,-0.13986,-0.41583,-0.90576,NA,NA,NA,NA,NA,NA,NA,NA,NA,NA,NA,NA,NA,NA,NA,NA,NA,NA,NA,NA,NA,NA,NA,NA,NA,NA,NA,NA,NA,NA,NA,NA,NA,NA,NA,NA,NA,NA,NA,NA,NA,NA,NA,NA,NA,NA,NA,NA,NA,NA,High,High,High,NA,NA,NA,NA,NA,201.581884,32.642289,1259.517531,0.842055,12:45:00,-0.509139,-0.353402,-0.784783,-70.028593,-45.371251,27.774468,-0.081043,96.309991,-0.109546,-82.168178,0.109546,-0.990672,0.081043,36.494419,-4.64854,0.990672,-0.990672,-96.309991,4.64854,0.081043,82.168178,-36.494419,-0.081043,0.990672,0.109546,-0.109546,NA,NA,NA,NA,NA,NA,NA,NA,NA,NA,NA,NA
NA,NA,NA,NA,NA,NA,NA,NA,NA,NA,NA,NA,NA,NA,NA,NA,217,2025-10-17,13:01:04,6,3,"Norris, Eli",1000334436,Right,CAR_EAG,"Bolton, Ryan",1000215919,Right,CAR_EAG,Undefined,7,Top,2,1,1,Fastball,Four-Seam,InPlay,Undefined,GroundBall,Out,1,0,NA,89.87218,-1.596648,-1.755905,2189.280074,186.535772,12:15:00,6.44513,0.39518,6.40034,-18.39347,15.46863,1.65209,3.44289,-1.08249,82.38803,-5.096372,-1.456695,0.418821,77.27109,-15.554582,33.594758,NA,NA,NA,NA,11.84978,11.84978,38.028702,0.103966,-1.34343,8.838,-0.26992,50,6.32189,3.9387,-130.60189,-4.15524,-2.32417,27.07923,-16.88395,CAR_EAG,CAR_EAG,CarsonNewman,TeamExclusive,Team,20251017-CarsonNewman-Private-1,de511160-ab7a-11f0-b255-238b61f5281b,89.99655,3.2721,NA,7.48415,NA,NA,NA,0.05466,3.2721,1.01158,a29af4ea-4bf5-43b1-9c30-16536369fbae,2025-10-17,17:01:04,2025-10-17T17:01:04Z,2025-10-17T17:01:04Z,GroundBall,v3,CNE,CNE,NA,"Rogers, Jacob",1000215913,Right,CAR_EAG,a11db8ba-7e98-475a-b572-327d13012d98,54.10132,-131.44952,13.53962,6.44368,-3.62675,-8.44198,-0.39435,4.01145,-1.16208,269.591645,0.05477,90.9296,-16.13594,NA,NA,NA,NA,NA,NA,3.27213,-30.39389,-10.39471,NA,NA,NA,NA,NA,NA,1.01154,60.41606,0.68345,NA,NA,NA,NA,NA,NA,NA,NA,NA,NA,NA,NA,NA,NA,NA,NA,NA,NA,NA,NA,NA,NA,NA,NA,NA,NA,NA,NA,High,High,High,High,High,NA,NA,NA,200.249406,43.087829,1598.84745,0.730307,12:45:00,-0.696488,-0.2717,-0.664141,-41.312542,34.429369,-22.298504,-0.176223,175.844462,-0.981762,-4.090393,0.981762,-0.07133,0.176223,10.176019,-10.149823,0.07133,-0.07133,-175.844462,10.149823,0.176223,4.090393,-10.176019,-0.176223,0.07133,0.981762,-0.981762,NA,NA,NA,NA,NA,NA,NA,NA,NA,NA,NA,NA
