player_name,display_name,active,notes,id,pitcher,date,rel_speed,horz_break,induced_vert_break,original_pitch_type,new_pitch_type,new_pitcher,modified_at,pitch_key,created_at,PitchNo,Date,Time,PAofInning,PitchofPA,Pitcher,PitcherId,PitcherThrows,PitcherTeam,Batter,BatterId,BatterSide,BatterTeam,PitcherSet,Inning,Top/Bottom,Outs,Balls,Strikes,TaggedPitchType,AutoPitchType,PitchCall,KorBB,TaggedHitType,PlayResult,OutsOnPlay,RunsScored,Notes,RelSpeed,VertRelAngle,HorzRelAngle,SpinRate,SpinAxis,Tilt,RelHeight,RelSide,Extension,VertBreak,InducedVertBreak,HorzBreak,PlateLocHeight,PlateLocSide,ZoneSpeed,VertApprAngle,HorzApprAngle,ZoneTime,ExitSpeed,Angle,Direction,HitSpinRate,PositionAt110X,PositionAt110Y,PositionAt110Z,Distance,LastTrackedDistance,Bearing,HangTime,pfxx,pfxz,x0,y0,z0,vx0,vy0,vz0,ax0,ay0,az0,HomeTeam,AwayTeam,Stadium,Level,League,GameID,PitchUID,EffectiveVelo,MaxHeight,MeasuredDuration,SpeedDrop,PitchLastMeasuredX,PitchLastMeasuredY,PitchLastMeasuredZ,ContactPositionX,ContactPositionY,ContactPositionZ,GameUID,UTCDate,UTCTime,LocalDateTime,UTCDateTime,AutoHitType,System,HomeTeamForeignID,AwayTeamForeignID,GameForeignID,Catcher,CatcherId,CatcherThrows,CatcherTeam,PlayID,PitchTrajectoryXc0,PitchTrajectoryXc1,PitchTrajectoryXc2,PitchTrajectoryYc0,PitchTrajectoryYc1,PitchTrajectoryYc2,PitchTrajectoryZc0,PitchTrajectoryZc1,PitchTrajectoryZc2,HitSpinAxis,HitTrajectoryXc0,HitTrajectoryXc1,HitTrajectoryXc2,HitTrajectoryXc3,HitTrajectoryXc4,HitTrajectoryXc5,HitTrajectoryXc6,HitTrajectoryXc7,HitTrajectoryXc8,HitTrajectoryYc0,HitTrajectoryYc1,HitTrajectoryYc2,HitTrajectoryYc3,HitTrajectoryYc4,HitTrajectoryYc5,HitTrajectoryYc6,HitTrajectoryYc7,HitTrajectoryYc8,HitTrajectoryZc0,HitTrajectoryZc1,HitTrajectoryZc2,HitTrajectoryZc3,HitTrajectoryZc4,HitTrajectoryZc5,HitTrajectoryZc6,HitTrajectoryZc7,HitTrajectoryZc8,ThrowSpeed,PopTime,ExchangeTime,TimeToBase,CatchPositionX,CatchPositionY,CatchPositionZ,ThrowPositionX,ThrowPositionY,ThrowPositionZ,BasePositionX,BasePositionY,BasePositionZ,ThrowTrajectoryXc0,ThrowTrajectoryXc1,ThrowTrajectoryXc2,ThrowTrajectoryYc0,ThrowTrajectoryYc1,ThrowTrajectoryYc2,ThrowTrajectoryZc0,ThrowTrajectoryZc1,ThrowTrajectoryZc2,PitchReleaseConfidence,PitchLocationConfidence,PitchMovementConfidence,HitLaunchConfidence,HitLandingConfidence,CatcherThrowCatchConfidence,CatcherThrowReleaseConfidence,CatcherThrowLocationConfidence,SpinAxis3dTransverseAngle,SpinAxis3dLongitudinalAngle,SpinAxis3dActiveSpinRate,SpinAxis3dSpinEfficiency,SpinAxis3dTilt,SpinAxis3dVectorX,SpinAxis3dVectorY,SpinAxis3dVectorZ,SpinAxis3dSeamOrientationRotationX,SpinAxis3dSeamOrientationRotationY,SpinAxis3dSeamOrientationRotationZ,SpinAxis3dSeamOrientationBallYAmb1,SpinAxis3dSeamOrientationBallAngleHorizontalAmb1,SpinAxis3dSeamOrientationBallZAmb1,SpinAxis3dSeamOrientationBallAngleVerticalAmb2,SpinAxis3dSeamOrientationBallZAmb2,SpinAxis3dSeamOrientationBallXAmb4,SpinAxis3dSeamOrientationBallYAmb4,SpinAxis3dSeamOrientationBallAngleHorizontalAmb2,SpinAxis3dSeamOrientationBallAngleVerticalAmb1,SpinAxis3dSeamOrientationBallXAmb1,SpinAxis3dSeamOrientationBallYAmb2,SpinAxis3dSeamOrientationBallAngleHorizontalAmb4,SpinAxis3dSeamOrientationBallAngleVerticalAmb4,SpinAxis3dSeamOrientationBallXAmb2,SpinAxis3dSeamOrientationBallAngleVerticalAmb3,SpinAxis3dSeamOrientationBallAngleHorizontalAmb3,SpinAxis3dSeamOrientationBallXAmb3,SpinAxis3dSeamOrientationBallYAmb3,SpinAxis3dSeamOrientationBallZAmb3,SpinAxis3dSeamOrientationBallZAmb4,session_id,play_id,camera_slot,camera_name,camera_target,video_type,azure_blob,azure_md5,cloudinary_url,cloudinary_public_id,uploaded_at,HitType
NA,NA,NA,NA,NA,NA,NA,NA,NA,NA,NA,NA,NA,NA,NA,NA,1,2025-10-04,12:17:33,1,1,"Casson, Kolton",1000370207,Right,CAR_EAG,"Christopher, Conner",10087004,Right,CLE_SCC,Undefined,1,Top,0,0,0,Fastball,Sinker,FoulBallNotFieldable,Undefined,Undefined,Undefined,0,0,NA,90.06373,-0.712722,-4.122036,2181.054673,236.618482,02:00:00,5.39201,2.76794,6.58829,-23.79419,10.02024,13.49627,2.75431,0.10875,81.89299,-5.221513,-1.675635,0.418526,NA,NA,NA,NA,NA,NA,NA,NA,NA,NA,NA,-8.29205,5.81323,-2.4904,50,5.33312,8.88559,-130.62057,-2.32417,-14.24332,28.99567,-22.18862,CAR_EAG,CLE_SCC,CarsonNewman,TeamExclusive,Team,20251004-CarsonNewman-Private-2,a2d12d60-a13d-11f0-8e17-f9dcdb0ff224,90.05995,NA,NA,8.17073,NA,NA,NA,NA,NA,NA,aa1485ac-9891-46a2-85a3-6504a17cc3e8,2025-10-04,16:17:33,2025-10-04T16:17:33Z,2025-10-04T16:17:33Z,NA,v3,CNE,CSCC,NA,"Van Ness, Jameson",1000370206,Right,CAR_EAG,c49c340a-814f-4954-aa7d-16cd92f337f8,53.91317,-131.48636,14.49784,5.39263,-1.66163,-11.09431,-2.76207,9.31089,-7.12166,NA,NA,NA,NA,NA,NA,NA,NA,NA,NA,NA,NA,NA,NA,NA,NA,NA,NA,NA,NA,NA,NA,NA,NA,NA,NA,NA,NA,NA,NA,NA,NA,NA,NA,NA,NA,NA,NA,NA,NA,NA,NA,NA,NA,NA,NA,NA,NA,NA,NA,High,High,High,NA,NA,NA,NA,NA,232.548748,15.419327,2102.549299,0.964006,01:45:00,-0.297815,-0.768544,-0.566256,66.51844,63.826594,45.595123,-0.982066,112.509664,-0.072179,-10.030562,0.072179,-0.174173,0.982066,85.79646,-79.132573,0.174173,-0.174173,-112.509664,79.132573,0.982066,10.030562,-85.79646,-0.982066,0.174173,0.072179,-0.072179,NA,NA,NA,NA,NA,NA,NA,NA,NA,NA,NA,NA
NA,NA,NA,NA,NA,NA,NA,NA,NA,NA,NA,NA,NA,NA,NA,NA,2,2025-10-04,12:18:04,1,2,"Casson, Kolton",1000370207,Right,CAR_EAG,"Christopher, Conner",10087004,Right,CLE_SCC,Undefined,1,Top,0,0,1,Fastball,Sinker,StrikeCalled,Undefined,Undefined,Undefined,0,0,NA,90.88352,-1.187629,-4.651085,2341.566053,227.80464,01:30:00,5.37076,2.72163,6.65999,-18.17438,15.18643,15.44335,2.76565,-0.25713,82.05364,-4.694463,-1.851595,0.415709,NA,NA,NA,NA,NA,NA,NA,NA,NA,NA,NA,-9.51296,8.69642,-2.4136,50,5.28304,10.08868,-131.62674,-3.2049,-16.49752,30.93867,-17.09255,CAR_EAG,CLE_SCC,CarsonNewman,TeamExclusive,Team,20251004-CarsonNewman-Private-2,b500a240-a13d-11f0-8e17-f9dcdb0ff224,90.67022,NA,NA,8.82989,NA,NA,NA,NA,NA,NA,aa1485ac-9891-46a2-85a3-6504a17cc3e8,2025-10-04,16:18:04,2025-10-04T16:18:04Z,2025-10-04T16:18:04Z,NA,v3,CNE,CSCC,NA,"Van Ness, Jameson",1000370206,Right,CAR_EAG,6cd3b3d3-4ea0-4eec-ad2b-16bb52673b77,53.83977,-132.5262,15.46933,5.369,-2.70798,-8.54627,-2.71387,10.56831,-8.24876,NA,NA,NA,NA,NA,NA,NA,NA,NA,NA,NA,NA,NA,NA,NA,NA,NA,NA,NA,NA,NA,NA,NA,NA,NA,NA,NA,NA,NA,NA,NA,NA,NA,NA,NA,NA,NA,NA,NA,NA,NA,NA,NA,NA,NA,NA,NA,NA,NA,NA,High,High,High,NA,NA,NA,NA,NA,231.795604,18.141147,2225.17237,0.950292,01:45:00,-0.342498,-0.753042,-0.561804,57.384621,61.579008,28.541602,-0.982992,101.895156,-0.037854,-10.352484,0.037854,-0.179703,0.982992,87.794714,-79.417743,0.179703,-0.179703,-101.895156,79.417743,0.982992,10.352484,-87.794714,-0.982992,0.179703,0.037854,-0.037854,NA,NA,NA,NA,NA,NA,NA,NA,NA,NA,NA,NA
NA,NA,NA,NA,NA,NA,NA,NA,NA,NA,NA,NA,NA,NA,NA,NA,3,2025-10-04,12:18:20,1,3,"Casson, Kolton",1000370207,Right,CAR_EAG,"Christopher, Conner",10087004,Right,CLE_SCC,Undefined,1,Top,0,0,2,Fastball,Sinker,BallCalled,Undefined,Undefined,Undefined,0,0,NA,91.57317,-3.074128,-4.459609,2288.355298,235.751353,01:45:00,5.3702,2.71097,6.40652,-21.54848,11.62205,15.36186,0.73636,-0.11802,83.12512,-7.148107,-1.684564,0.414522,NA,NA,NA,NA,NA,NA,NA,NA,NA,NA,NA,-9.32434,7.34575,-2.39729,50,5.13929,9.69739,-132.48255,-7.78305,-16.42338,30.67304,-19.23562,CAR_EAG,CLE_SCC,CarsonNewman,TeamExclusive,Team,20251004-CarsonNewman-Private-2,be796870-a13d-11f0-8e17-f9dcdb0ff224,90.92992,NA,NA,8.44806,NA,NA,NA,NA,NA,NA,aa1485ac-9891-46a2-85a3-6504a17cc3e8,2025-10-04,16:18:20,2025-10-04T16:18:20Z,2025-10-04T16:18:20Z,NA,v3,CNE,CSCC,NA,"Van Ness, Jameson",1000370206,Right,CAR_EAG,4563c8c5-b8ea-47ad-9b3b-91f6899647a4,54.094,-133.42705,15.33652,5.36984,-7.19074,-9.61781,-2.70368,10.2031,-8.21169,NA,NA,NA,NA,NA,NA,NA,NA,NA,NA,NA,NA,NA,NA,NA,NA,NA,NA,NA,NA,NA,NA,NA,NA,NA,NA,NA,NA,NA,NA,NA,NA,NA,NA,NA,NA,NA,NA,NA,NA,NA,NA,NA,NA,NA,NA,NA,NA,NA,NA,High,High,High,NA,NA,NA,NA,NA,231.967728,14.613247,2214.32898,0.967651,01:45:00,-0.256773,-0.774617,-0.577959,-81.444003,-25.41255,80.980086,-0.975331,118.316368,-0.104709,-11.205739,0.104709,-0.194333,0.975331,83.872348,-77.247103,0.194333,-0.194333,-118.316368,77.247103,0.975331,11.205739,-83.872348,-0.975331,0.194333,0.104709,-0.104709,NA,NA,NA,NA,NA,NA,NA,NA,NA,NA,NA,NA
NA,NA,NA,NA,NA,NA,NA,NA,NA,NA,NA,NA,NA,NA,NA,NA,4,2025-10-04,12:18:35,1,4,"Casson, Kolton",1000370207,Right,CAR_EAG,"Christopher, Conner",10087004,Right,CLE_SCC,Undefined,1,Top,0,1,2,Fastball,Sinker,InPlay,Undefined,GroundBall,Out,1,0,NA,90.20118,-1.651569,-4.477695,2294.384473,237.246104,02:00:00,5.32774,2.83314,6.36823,-23.86852,10.25898,14.12615,1.81381,-0.11856,81.90854,-6.153514,-1.928842,0.420459,90.51608,0.776304,-11.56154,1832.964139,NA,NA,NA,56.15372,53.94884,-12.66977,0.445164,-8.70154,6.19059,-2.51503,50,5.19685,9.66073,-130.64464,-4.50667,-14.92018,29.5542,-21.55927,CAR_EAG,CLE_SCC,CarsonNewman,TeamExclusive,Team,20251004-CarsonNewman-Private-2,c7bd6300-a13d-11f0-8e17-f9dcdb0ff224,89.64595,1.84724,NA,8.29264,NA,NA,NA,0.67322,1.78703,0.14232,aa1485ac-9891-46a2-85a3-6504a17cc3e8,2025-10-04,16:18:35,2025-10-04T16:18:35Z,2025-10-04T16:18:35Z,GroundBall,v3,CNE,CSCC,NA,"Van Ness, Jameson",1000370206,Right,CAR_EAG,35dd2471-7a19-4e86-bf27-0edbd0ab280d,54.1331,-131.5763,14.7771,5.32821,-3.82704,-10.77964,-2.82698,10.13107,-7.46009,110.655379,0.68705,129.6349,-18.27995,NA,NA,NA,NA,NA,NA,1.78969,1.71943,-12.90654,NA,NA,NA,NA,NA,NA,0.14706,-26.74837,-2.82766,NA,NA,NA,NA,NA,NA,NA,NA,NA,NA,NA,NA,NA,NA,NA,NA,NA,NA,NA,NA,NA,NA,NA,NA,NA,NA,NA,NA,High,High,High,High,High,NA,NA,NA,235.586149,14.455813,2221.745288,0.96834,01:45:00,-0.26854,-0.805721,-0.52792,-88.741253,-24.685173,79.303132,-0.985218,130.321994,-0.110848,-7.50463,0.110848,-0.130606,0.985218,83.580559,-80.136301,0.130606,-0.130606,-130.321994,80.136301,0.985218,7.50463,-83.580559,-0.985218,0.130606,0.110848,-0.110848,NA,NA,NA,NA,NA,NA,NA,NA,NA,NA,NA,NA
NA,NA,NA,NA,NA,NA,NA,NA,NA,NA,NA,NA,NA,NA,NA,NA,5,2025-10-04,12:19:04,2,1,"Casson, Kolton",1000370207,Right,CAR_EAG,"Bryson, Logan",824447,Right,CLE_SCC,Undefined,1,Top,1,0,0,Slider,Curveball,StrikeCalled,Undefined,Undefined,Undefined,0,0,NA,76.99422,1.971736,-2.33692,2224.463443,73.859692,08:30:00,5.21074,2.88753,5.95033,-48.80778,-1.66768,-10.76587,2.97449,-0.17836,70.66309,-7.014578,-4.26759,0.494159,NA,NA,NA,NA,NA,NA,NA,NA,NA,NA,NA,4.84524,-0.94752,-2.69553,50,5.34064,4.95287,-111.7569,2.34425,6.11581,20.50824,-33.37003,CAR_EAG,CLE_SCC,CarsonNewman,TeamExclusive,Team,20251004-CarsonNewman-Private-2,d91eb270-a13d-11f0-8e17-f9dcdb0ff224,76.27595,NA,NA,6.33113,NA,NA,NA,NA,NA,NA,aa1485ac-9891-46a2-85a3-6504a17cc3e8,2025-10-04,16:19:04,2025-10-04T16:19:04Z,2025-10-04T16:19:04Z,NA,v3,CNE,CSCC,NA,"Van Ness, Jameson",1000370206,Right,CAR_EAG,e5926d85-9de8-478a-ac77-3697d130c4db,54.55256,-112.58923,10.25412,5.21802,3.69858,-16.68502,-2.8915,4.70466,3.0579,NA,NA,NA,NA,NA,NA,NA,NA,NA,NA,NA,NA,NA,NA,NA,NA,NA,NA,NA,NA,NA,NA,NA,NA,NA,NA,NA,NA,NA,NA,NA,NA,NA,NA,NA,NA,NA,NA,NA,NA,NA,NA,NA,NA,NA,NA,NA,NA,NA,NA,High,High,High,NA,NA,NA,NA,NA,58.615096,64.56587,955.34733,0.429473,08:00:00,-0.88007,0.397491,0.259765,85.064539,-13.128431,-8.769425,-0.484814,104.420442,-0.217811,-57.89353,0.217811,-0.847062,0.484814,65.807212,-29.000287,0.847062,-0.847062,-104.420442,29.000287,0.484814,57.89353,-65.807212,-0.484814,0.847062,0.217811,-0.217811,NA,NA,NA,NA,NA,NA,NA,NA,NA,NA,NA,NA
NA,NA,NA,NA,NA,NA,NA,NA,NA,NA,NA,NA,NA,NA,NA,NA,6,2025-10-04,12:19:18,2,2,"Casson, Kolton",1000370207,Right,CAR_EAG,"Bryson, Logan",824447,Right,CLE_SCC,Undefined,1,Top,1,0,1,Slider,Curveball,HitByPitch,Undefined,Undefined,Undefined,0,0,NA,76.44905,1.836796,0.556364,2272.903629,83.121473,08:45:00,5.1325,3.01262,5.92512,-47.89365,-0.00437,-12.72627,2.84649,2.46839,69.90395,-7.006596,-1.730209,0.49807,NA,NA,NA,NA,NA,NA,NA,NA,NA,NA,NA,6.75634,-0.17358,-3.04957,50,5.25197,-0.63119,-111.05041,2.11711,8.39396,20.83577,-32.38973,CAR_EAG,CLE_SCC,CarsonNewman,TeamExclusive,Team,20251004-CarsonNewman-Private-2,e1590530-a13d-11f0-8e17-f9dcdb0ff224,75.67696,NA,NA,6.5451,NA,NA,NA,NA,NA,NA,aa1485ac-9891-46a2-85a3-6504a17cc3e8,2025-10-04,16:19:18,2025-10-04T16:19:18Z,2025-10-04T16:19:18Z,NA,v3,CNE,CSCC,NA,"Van Ness, Jameson",1000370206,Right,CAR_EAG,e99655b1-4fe6-42be-8e59-e872984e7218,54.57905,-111.90625,10.41788,5.13768,3.44754,-16.19486,-3.01657,-0.97598,4.19698,NA,NA,NA,NA,NA,NA,NA,NA,NA,NA,NA,NA,NA,NA,NA,NA,NA,NA,NA,NA,NA,NA,NA,NA,NA,NA,NA,NA,NA,NA,NA,NA,NA,NA,NA,NA,NA,NA,NA,NA,NA,NA,NA,NA,NA,NA,NA,NA,NA,NA,High,High,High,NA,NA,NA,NA,NA,59.408605,60.987036,1102.375307,0.485007,08:00:00,-0.863035,0.445319,0.238457,70.916413,0.91699,6.982262,-0.392081,118.80019,-0.443183,-53.720476,0.443183,-0.80614,0.392081,41.499024,-23.084071,0.80614,-0.80614,-118.80019,23.084071,0.392081,53.720476,-41.499024,-0.392081,0.80614,0.443183,-0.443183,NA,NA,NA,NA,NA,NA,NA,NA,NA,NA,NA,NA
NA,NA,NA,NA,NA,NA,NA,NA,NA,NA,NA,NA,NA,NA,NA,NA,7,2025-10-04,12:19:49,3,1,"Casson, Kolton",1000370207,Right,CAR_EAG,"Armour, JC",1000310115,Left,CLE_SCC,Undefined,1,Top,1,0,0,Fastball,Sinker,StrikeCalled,Undefined,Undefined,Undefined,0,0,NA,88.38646,-0.475629,-3.886439,2185.945383,236.712206,02:00:00,5.32189,2.90766,6.28214,-24.06828,11.53914,15.71269,2.87678,0.62932,80.10126,-5.027348,-1.053364,0.429479,NA,NA,NA,NA,NA,NA,NA,NA,NA,NA,NA,-9.24241,6.4976,-2.62727,50,5.27509,8.05445,-128.10958,-1.78953,-15.23761,28.43288,-21.46171,CAR_EAG,CLE_SCC,CarsonNewman,TeamExclusive,Team,20251004-CarsonNewman-Private-2,f376ede0-a13d-11f0-8e17-f9dcdb0ff224,87.76323,NA,NA,8.2852,NA,NA,NA,NA,NA,NA,aa1485ac-9891-46a2-85a3-6504a17cc3e8,2025-10-04,16:19:49,2025-10-04T16:19:49Z,2025-10-04T16:19:49Z,NA,v3,CNE,CSCC,NA,"Van Ness, Jameson",1000370206,Right,CAR_EAG,56c85255-b3f4-4d4a-8da9-c2052d110dee,54.217529999999996,-129.04223,14.21644,5.32225,-1.08554,-10.73085,-2.89967,8.55427,-7.61881,NA,NA,NA,NA,NA,NA,NA,NA,NA,NA,NA,NA,NA,NA,NA,NA,NA,NA,NA,NA,NA,NA,NA,NA,NA,NA,NA,NA,NA,NA,NA,NA,NA,NA,NA,NA,NA,NA,NA,NA,NA,NA,NA,NA,NA,NA,NA,NA,NA,NA,High,High,High,NA,NA,NA,NA,NA,235.471202,15.655454,2104.850834,0.962902,01:45:00,-0.299645,-0.795491,-0.526694,-83.786378,-24.210184,72.473158,-0.990104,102.970383,-0.031497,-7.859977,0.031497,-0.136753,0.990104,88.177911,-81.932882,0.136753,-0.136753,-102.970383,81.932882,0.990104,7.859977,-88.177911,-0.990104,0.136753,0.031497,-0.031497,NA,NA,NA,NA,NA,NA,NA,NA,NA,NA,NA,NA
NA,NA,NA,NA,NA,NA,NA,NA,NA,NA,NA,NA,NA,NA,NA,NA,8,2025-10-04,12:20:05,3,2,"Casson, Kolton",1000370207,Right,CAR_EAG,"Armour, JC",1000310115,Left,CLE_SCC,Undefined,1,Top,1,0,1,Fastball,Sinker,BallCalled,Undefined,Undefined,Undefined,0,0,NA,89.13769,0.603823,-3.63227,2210.74619,237.729552,02:00:00,5.35114,3.05993,6.23212,-24.11104,10.91544,15.41265,3.90011,0.9887,80.75076,-3.952041,-0.855618,0.425961,NA,NA,NA,NA,NA,NA,NA,NA,NA,NA,NA,-8.9715,5.82981,-2.79521,50,5.38442,7.5544,-129.22964,0.62235,-15.06787,28.6484,-22.38276,CAR_EAG,CLE_SCC,CarsonNewman,TeamExclusive,Team,20251004-CarsonNewman-Private-2,fcf50b40-a13d-11f0-8e17-f9dcdb0ff224,88.48802,NA,NA,8.38693,NA,NA,NA,NA,NA,NA,aa1485ac-9891-46a2-85a3-6504a17cc3e8,2025-10-04,16:20:05,2025-10-04T16:20:05Z,2025-10-04T16:20:05Z,NA,v3,CNE,CSCC,NA,"Van Ness, Jameson",1000370206,Right,CAR_EAG,4aa9bbe2-f2ae-40ad-af65-38e3b821da50,54.26737,-130.17222,14.3242,5.35182,1.35878,-11.19138,-3.05192,8.05015,-7.53393,NA,NA,NA,NA,NA,NA,NA,NA,NA,NA,NA,NA,NA,NA,NA,NA,NA,NA,NA,NA,NA,NA,NA,NA,NA,NA,NA,NA,NA,NA,NA,NA,NA,NA,NA,NA,NA,NA,NA,NA,NA,NA,NA,NA,NA,NA,NA,NA,NA,NA,High,High,High,NA,NA,High,High,High,235.386845,10.210832,2175.732639,0.984162,01:45:00,-0.22084,-0.808058,-0.546143,51.96778,55.010234,34.256334,-0.992867,136.61825,-0.086655,-4.697402,0.086655,-0.081893,0.992867,85.012002,-83.152379,0.081893,-0.081893,-136.61825,83.152379,0.992867,4.697402,-85.012002,-0.992867,0.081893,0.086655,-0.086655,NA,NA,NA,NA,NA,NA,NA,NA,NA,NA,NA,NA
NA,NA,NA,NA,NA,NA,NA,NA,NA,NA,NA,NA,NA,NA,NA,NA,9,2025-10-04,12:20:46,3,3,"Casson, Kolton",1000370207,Right,CAR_EAG,"Armour, JC",1000310115,Left,CLE_SCC,Undefined,1,Top,1,1,1,Slider,Curveball,InPlay,Undefined,LineDrive,Double,0,0,NA,77.61763,0.798979,-2.711072,2136.365531,76.348005,08:30:00,5.19713,3.22586,5.93338,-48.79802,-1.51307,-13.3043,1.87281,-0.40008,70.19646,-8.206866,-5.096821,0.494918,91.1723,9.560229,36.264701,2362.090276,85.22368,6.89614,69.54792,151.79404,151.79404,40.650406,1.322786,5.92552,-0.60102,-3.0015,50,5.23357,5.81134,-112.48237,0.0676,7.42105,24.67585,-32.92676,CAR_EAG,CLE_SCC,CarsonNewman,TeamExclusive,Team,20251004-CarsonNewman-Private-2,15daf200-a13e-11f0-8e17-f9dcdb0ff224,76.15902,8.5437,NA,7.42118,NA,NA,NA,2.00308,1.9874,0.29233,aa1485ac-9891-46a2-85a3-6504a17cc3e8,2025-10-04,16:20:46,2025-10-04T16:20:46Z,2025-10-04T16:20:46Z,LineDrive,v3,CNE,CSCC,NA,"Van Ness, Jameson",1000370206,Right,CAR_EAG,d28cfc08-f6ca-443c-87c2-87ff53fadee4,54.56837,-113.48013,12.33793,5.20392,1.39898,-16.46338,-3.23042,5.51127,3.71053,266.923128,2.00308,106.31939,-20.40333,4.64094,-1.05379,0.22657,-0.04843,0.00848,-8.2e-4,1.9874,22.20865,-19.67991,1.61797,-0.26987,0.0439,-0.00597,9.6e-4,-9e-5,0.29233,77.99856,-2.48565,-0.28889,0.21181,-0.07206,0.01887,-0.0037,4e-4,NA,NA,NA,NA,NA,NA,NA,NA,NA,NA,NA,NA,NA,NA,NA,NA,NA,NA,NA,NA,NA,NA,High,High,High,High,High,NA,NA,NA,57.203236,70.682464,706.716626,0.330803,08:00:00,-0.930203,0.291205,0.223431,71.246087,1.694975,16.98441,-0.366038,119.383391,-0.4566,-54.182387,0.4566,-0.810884,0.366038,38.717741,-21.471462,0.810884,-0.810884,-119.383391,21.471462,0.366038,54.182387,-38.717741,-0.366038,0.810884,0.4566,-0.4566,NA,NA,NA,NA,NA,NA,NA,NA,NA,NA,NA,NA
NA,NA,NA,NA,NA,NA,NA,NA,NA,NA,NA,NA,NA,NA,NA,NA,10,2025-10-04,12:21:30,4,1,"Casson, Kolton",1000370207,Right,CAR_EAG,"Adams, Hank",10088342,Right,CLE_SCC,Undefined,1,Top,1,0,0,Fastball,Sinker,BallCalled,Undefined,Undefined,Undefined,0,0,NA,89.65523,-0.176282,-2.615266,2242.56527,248.019146,02:15:00,5.36552,2.90372,6.45252,-26.53435,7.60922,16.10324,2.99219,1.84121,81.70306,-5.172274,0.303948,0.420558,NA,NA,NA,NA,NA,NA,NA,NA,NA,NA,NA,-9.12993,4.37481,-2.72485,50,5.34126,5.3028,-130.23272,-1.22215,-15.61574,28.39774,-24.69145,CAR_EAG,CLE_SCC,CarsonNewman,TeamExclusive,Team,20251004-CarsonNewman-Private-2,2fcbe020-a13e-11f0-8e17-f9dcdb0ff224,89.62482,NA,NA,7.95217,NA,NA,NA,NA,NA,NA,aa1485ac-9891-46a2-85a3-6504a17cc3e8,2025-10-04,16:21:30,2025-10-04T16:21:30Z,2025-10-04T16:21:30Z,NA,v3,CNE,CSCC,NA,"Van Ness, Jameson",1000370206,Right,CAR_EAG,bb50fca0-c1ae-4ea1-9b51-139220ba187c,54.04904,-131.11265,14.19887,5.36728,-0.45706,-12.34573,-2.89666,5.78667,-7.80787,NA,NA,NA,NA,NA,NA,NA,NA,NA,NA,NA,NA,NA,NA,NA,NA,NA,NA,NA,NA,NA,NA,NA,NA,NA,NA,NA,NA,NA,NA,NA,NA,NA,NA,NA,NA,NA,NA,NA,NA,NA,NA,NA,NA,NA,NA,NA,NA,NA,NA,High,High,High,NA,NA,NA,NA,NA,235.773187,5.155058,2233.494506,0.995955,01:45:00,-0.112788,-0.823746,-0.555628,62.143052,51.728868,50.173063,0.999568,178.90256,-0.029389,0.032257,0.029389,-5.63e-4,-0.999568,88.315864,88.315556,5.63e-4,5.63e-4,-178.90256,-88.315556,0.999568,-0.032257,-88.315864,-0.999568,-5.63e-4,0.029389,-0.029389,NA,NA,NA,NA,NA,NA,NA,NA,NA,NA,NA,NA
NA,NA,NA,NA,NA,NA,NA,NA,NA,NA,NA,NA,NA,NA,NA,NA,11,2025-10-04,12:21:51,4,2,"Casson, Kolton",1000370207,Right,CAR_EAG,"Adams, Hank",10088342,Right,CLE_SCC,Undefined,1,Top,1,1,0,Fastball,Sinker,StrikeCalled,Undefined,Undefined,Undefined,0,0,NA,89.23845,-0.027044,-4.450646,2116.372848,247.824772,02:15:00,5.42725,2.83083,6.35139,-26.757930000000002,7.96961,16.74414,3.17246,0.12103,81.18508,-5.055714,-1.430667,0.424139,NA,NA,NA,NA,NA,NA,NA,NA,NA,NA,NA,-9.9919,4.50095,-2.51458,50,5.41276,9.39804,-129.36273,-0.89626,-16.86378,27.99964,-24.57759,CAR_EAG,CLE_SCC,CarsonNewman,TeamExclusive,Team,20251004-CarsonNewman-Private-2,3c68c9b0-a13e-11f0-8e17-f9dcdb0ff224,88.86809,NA,NA,8.05338,NA,NA,NA,NA,NA,NA,aa1485ac-9891-46a2-85a3-6504a17cc3e8,2025-10-04,16:21:51,2025-10-04T16:21:51Z,2025-10-04T16:21:51Z,NA,v3,CNE,CSCC,NA,"Van Ness, Jameson",1000370206,Right,CAR_EAG,d778a5e5-f51c-4ffb-b0dd-1e2cbb8df1a7,54.15076,-130.25803,13.99982,5.42886,-0.11038,-12.2888,-2.82371,9.93727,-8.43189,NA,NA,NA,NA,NA,NA,NA,NA,NA,NA,NA,NA,NA,NA,NA,NA,NA,NA,NA,NA,NA,NA,NA,NA,NA,NA,NA,NA,NA,NA,NA,NA,NA,NA,NA,NA,NA,NA,NA,NA,NA,NA,NA,NA,NA,NA,NA,NA,NA,NA,High,High,High,NA,NA,NA,NA,NA,232.689347,7.956498,2095.999482,0.990373,01:45:00,-0.184217,-0.787769,-0.587778,-89.312114,-33.725791,80.434102,-0.997857,140.828552,-0.050732,-2.368914,0.050732,-0.041334,0.997857,87.089558,-86.247987,0.041334,-0.041334,-140.828552,86.247987,0.997857,2.368914,-87.089558,-0.997857,0.041334,0.050732,-0.050732,NA,NA,NA,NA,NA,NA,NA,NA,NA,NA,NA,NA
NA,NA,NA,NA,NA,NA,NA,NA,NA,NA,NA,NA,NA,NA,NA,NA,12,2025-10-04,12:22:33,4,3,"Casson, Kolton",1000370207,Right,CAR_EAG,"Adams, Hank",10088342,Right,CLE_SCC,Undefined,1,Top,1,1,1,Fastball,Sinker,StrikeCalled,Undefined,Undefined,Undefined,0,0,NA,89.49289,0.050622,-5.02041,2130.943271,242.777173,02:00:00,5.46133,2.84615,6.33219,-25.54954,8.96855,15.273,3.379,-0.516,81.57975,-4.750111,-2.271336,0.422858,NA,NA,NA,NA,NA,NA,NA,NA,NA,NA,NA,-9.31351,4.99217,-2.48586,50,5.45295,10.76881,-129.63968,-0.68025,-15.83842,27.28557,-23.68443,CAR_EAG,CLE_SCC,CarsonNewman,TeamExclusive,Team,20251004-CarsonNewman-Private-2,55821c80-a13e-11f0-8e17-f9dcdb0ff224,89.13731,NA,NA,7.91314,NA,NA,NA,NA,NA,NA,aa1485ac-9891-46a2-85a3-6504a17cc3e8,2025-10-04,16:22:33,2025-10-04T16:22:33Z,2025-10-04T16:22:33Z,NA,v3,CNE,CSCC,NA,"Van Ness, Jameson",1000370206,Right,CAR_EAG,aedf867c-6c3b-4921-8834-b28dfc128295,54.16952,-130.5143,13.64279,5.46259,0.07894,-11.84221,-2.83918,11.2765,-7.91921,NA,NA,NA,NA,NA,NA,NA,NA,NA,NA,NA,NA,NA,NA,NA,NA,NA,NA,NA,NA,NA,NA,NA,NA,NA,NA,NA,NA,NA,NA,NA,NA,NA,NA,NA,NA,NA,NA,NA,NA,NA,NA,NA,NA,NA,NA,NA,NA,NA,NA,High,High,High,NA,NA,NA,NA,NA,233.061009,13.768421,2069.711898,0.971266,01:45:00,-0.288848,-0.776099,-0.560569,-86.221828,-29.9954,73.840956,-0.995456,126.686612,-0.056887,-4.379158,0.056887,-0.076356,0.995456,86.729324,-84.536164,0.076356,-0.076356,-126.686612,84.536164,0.995456,4.379158,-86.729324,-0.995456,0.076356,0.056887,-0.056887,NA,NA,NA,NA,NA,NA,NA,NA,NA,NA,NA,NA
NA,NA,NA,NA,NA,NA,NA,NA,NA,NA,NA,NA,NA,NA,NA,NA,13,2025-10-04,12:22:54,4,4,"Casson, Kolton",1000370207,Right,CAR_EAG,"Adams, Hank",10088342,Right,CLE_SCC,Undefined,1,Top,1,1,2,Fastball,Sinker,InPlay,Undefined,GroundBall,Single,0,1,NA,88.81508,-1.391744,-4.118642,2097.979231,249.521287,02:15:00,5.30086,2.91098,6.38926,-28.19088,6.70776,14.96843,1.66785,0.36326,81.27411,-6.663732,-1.413409,0.425183,80.43521,-26.467258,-34.813285,NA,NA,NA,NA,5.76021,2.34401,-24.833628,0.033585,-9.01142,4.21748,-2.62103,50,5.18744,8.69835,-128.82416,-4.01685,-15.12242,27.10984,-25.09654,CAR_EAG,CLE_SCC,CarsonNewman,TeamExclusive,Team,20251004-CarsonNewman-Private-2,61dc30b0-a13e-11f0-8e17-f9dcdb0ff224,88.64997,1.76921,NA,7.54097,NA,NA,NA,2.31003,1.76921,-0.39046,aa1485ac-9891-46a2-85a3-6504a17cc3e8,2025-10-04,16:22:54,2025-10-04T16:22:54Z,2025-10-04T16:22:54Z,GroundBall,v3,CNE,CSCC,NA,"Van Ness, Jameson",1000370206,Right,CAR_EAG,9e2c7afb-b2e9-4c0d-8c6f-41851694db49,54.11411,-129.68704,13.55492,5.30258,-3.21804,-12.54827,-2.90555,9.17969,-7.56121,NA,2.30913,86.8714,NA,NA,NA,NA,NA,NA,NA,1.76975,-52.67921,NA,NA,NA,NA,NA,NA,NA,-0.38983,-60.40708,NA,NA,NA,NA,NA,NA,NA,NA,NA,NA,NA,NA,NA,NA,NA,NA,NA,NA,NA,NA,NA,NA,NA,NA,NA,NA,NA,NA,NA,High,High,High,Estimated,Estimated,NA,NA,NA,237.87466,3.2584,2094.587528,0.998383,02:00:00,-0.074324,-0.846649,-0.526936,66.770635,56.724152,60.548636,-0.998797,160.58324,-0.046255,-0.93421,0.046255,-0.016304,0.998797,87.348461,-87.188811,0.016304,-0.016304,-160.58324,87.188811,0.998797,0.93421,-87.348461,-0.998797,0.016304,0.046255,-0.046255,NA,NA,NA,NA,NA,NA,NA,NA,NA,NA,NA,NA
NA,NA,NA,NA,NA,NA,NA,NA,NA,NA,NA,NA,NA,NA,NA,NA,14,2025-10-04,12:23:38,5,1,"Casson, Kolton",1000370207,Right,CAR_EAG,"Read, Jon Jon",10000760,Right,CLE_SCC,Undefined,1,Top,1,0,0,Slider,Curveball,StrikeCalled,Undefined,Undefined,Undefined,0,0,NA,77.02396,1.636258,-1.685436,2016.246902,93.778269,09:15:00,5.21144,3.16964,5.73924,-45.45502,1.97319,-7.56079,2.94828,0.96965,70.61344,-6.725965,-3.037555,0.495667,NA,NA,NA,NA,NA,NA,NA,NA,NA,NA,NA,3.3654,1.00713,-3.02461,50,5.31997,3.57261,-111.8059,1.76374,4.25467,20.39251,-30.90081,CAR_EAG,CLE_SCC,CarsonNewman,TeamExclusive,Team,20251004-CarsonNewman-Private-2,7c4b2870-a13e-11f0-8e17-f9dcdb0ff224,76.04391,NA,NA,6.41052,NA,NA,NA,NA,NA,NA,aa1485ac-9891-46a2-85a3-6504a17cc3e8,2025-10-04,16:23:38,2025-10-04T16:23:38Z,2025-10-04T16:23:38Z,NA,v3,CNE,CSCC,NA,"Van Ness, Jameson",1000370206,Right,CAR_EAG,e42569b4-8940-47b5-92e9-244017f95765,54.76259,-112.67121,10.19626,5.21731,3.07495,-15.45041,-3.17237,3.39207,2.12733,NA,NA,NA,NA,NA,NA,NA,NA,NA,NA,NA,NA,NA,NA,NA,NA,NA,NA,NA,NA,NA,NA,NA,NA,NA,NA,NA,NA,NA,NA,NA,NA,NA,NA,NA,NA,NA,NA,NA,NA,NA,NA,NA,NA,NA,NA,NA,NA,NA,NA,High,High,High,NA,NA,NA,NA,NA,62.08605,74.058445,553.775673,0.274657,08:00:00,-0.950026,0.270058,0.156589,96.773083,-11.458074,1.466045,-0.303576,110.416443,-0.332378,-63.246781,0.332378,-0.892954,0.303576,42.406875,-17.672523,0.892954,-0.892954,-110.416443,17.672523,0.303576,63.246781,-42.406875,-0.303576,0.892954,0.332378,-0.332378,NA,NA,NA,NA,NA,NA,NA,NA,NA,NA,NA,NA
NA,NA,NA,NA,NA,NA,NA,NA,NA,NA,NA,NA,NA,NA,NA,NA,15,2025-10-04,12:23:54,5,2,"Casson, Kolton",1000370207,Right,CAR_EAG,"Read, Jon Jon",10000760,Right,CLE_SCC,Undefined,1,Top,1,0,1,Slider,Curveball,StrikeSwinging,Undefined,Undefined,Undefined,0,0,NA,77.13661,-0.39655,-4.189828,2175.337192,54.867414,07:45:00,5.18417,3.11286,5.9718,-52.90208,-5.04941,-9.58745,0.40702,-1.57759,70.24115,-10.083831,-5.907956,0.49788,NA,NA,NA,NA,NA,NA,NA,NA,NA,NA,NA,3.49721,-1.92264,-2.77525,50,5.12389,8.52972,-111.6479,-2.4189600000000002,4.32538,23.87731,-34.552,CAR_EAG,CLE_SCC,CarsonNewman,TeamExclusive,Team,20251004-CarsonNewman-Private-2,8601baf0-a13e-11f0-8e17-f9dcdb0ff224,75.7059,NA,NA,6.89546,NA,NA,NA,NA,NA,NA,aa1485ac-9891-46a2-85a3-6504a17cc3e8,2025-10-04,16:23:54,2025-10-04T16:23:54Z,2025-10-04T16:23:54Z,NA,v3,CNE,CSCC,NA,"Van Ness, Jameson",1000370206,Right,CAR_EAG,eb3f54ab-0d9a-4825-9ab5-c3a059208a04,54.52958,-112.61244,11.93866,5.19342,-1.0232,-17.276,-3.11629,8.35499,2.16269,NA,NA,NA,NA,NA,NA,NA,NA,NA,NA,NA,NA,NA,NA,NA,NA,NA,NA,NA,NA,NA,NA,NA,NA,NA,NA,NA,NA,NA,NA,NA,NA,NA,NA,NA,NA,NA,NA,NA,NA,NA,NA,NA,NA,NA,NA,NA,NA,NA,NA,High,High,High,NA,NA,High,High,High,53.558238,67.955091,816.476301,0.37533300000000003,07:45:00,-0.910186,0.295519,0.290225,74.429392000000007,-7.353502,6.834521,-0.492435,108.740118,-0.279622,-55.508264,0.279622,-0.824208,0.492435,60.410553,-29.500786,0.824208,-0.824208,-108.740118,29.500786,0.492435,55.508264,-60.410553,-0.492435,0.824208,0.279622,-0.279622,NA,NA,NA,NA,NA,NA,NA,NA,NA,NA,NA,NA
NA,NA,NA,NA,NA,NA,NA,NA,NA,NA,NA,NA,NA,NA,NA,NA,16,2025-10-04,12:24:15,5,3,"Casson, Kolton",1000370207,Right,CAR_EAG,"Read, Jon Jon",10000760,Right,CLE_SCC,Undefined,1,Top,1,0,2,Slider,Curveball,InPlay,Undefined,GroundBall,Out,1,0,NA,77.28078,1.197232,-3.916881,2120.512766,71.506575,08:30:00,5.19386,3.09328,6.11585,-48.2957,-1.29504,-8.54162,2.27896,-1.24582,70.49828,-7.719976,-5.449616,0.493428,52.16496,-73.799298,154.353941,NA,NA,NA,NA,2.24404,2.24404,40.612425,0.032489,3.22292,-0.6513,-2.7879,50,5.26058,7.96554,-111.99499,0.91451,4.04522,22.44839,-32.99151,CAR_EAG,CLE_SCC,CarsonNewman,TeamExclusive,Team,20251004-CarsonNewman-Private-2,928947c0-a13e-11f0-8e17-f9dcdb0ff224,76.389,2.40234,NA,6.78249,NA,NA,NA,2.33273,2.40234,1.15864,aa1485ac-9891-46a2-85a3-6504a17cc3e8,2025-10-04,16:24:15,2025-10-04T16:24:15Z,2025-10-04T16:24:15Z,GroundBall,v3,CNE,CSCC,NA,"Van Ness, Jameson",1000370206,Right,CAR_EAG,0307c848-8012-4025-a64b-763bf8cadb6e,54.38727,-112.87095,11.22419,5.19978,2.20188,-16.49576,-3.09565,7.80769,2.02261,NA,2.33338,-19.36714,NA,NA,NA,NA,NA,NA,NA,2.40481,-73.94366,NA,NA,NA,NA,NA,NA,NA,1.15833,9.29833,NA,NA,NA,NA,NA,NA,NA,NA,NA,NA,NA,NA,NA,NA,NA,NA,NA,NA,NA,NA,NA,NA,NA,NA,NA,NA,NA,NA,NA,High,High,High,Estimated,Estimated,NA,NA,NA,62.603834,70.233013,717.148401,0.338196,08:00:00,-0.921783,0.319863,0.219096,70.643703,-3.147186,13.502384,-0.423356,116.8383,-0.409019,-53.937659,0.409019,-0.808377,0.423356,45.986755,-25.046631,0.808377,-0.808377,-116.8383,25.046631,0.423356,53.937659,-45.986755,-0.423356,0.808377,0.409019,-0.409019,NA,NA,NA,NA,NA,NA,NA,NA,NA,NA,NA,NA
NA,NA,NA,NA,NA,NA,NA,NA,NA,NA,NA,NA,NA,NA,NA,NA,17,2025-10-04,12:24:49,6,1,"Casson, Kolton",1000370207,Right,CAR_EAG,"Casteel, Brody",10088288,Right,CLE_SCC,Undefined,1,Top,2,0,0,Slider,Curveball,InPlay,Undefined,GroundBall,Out,1,0,NA,78.03163,0.545855,-2.481541,2146.454296,59.948684,08:00:00,5.18507,3.09259,5.97084,-49.20266,-2.56807,-7.3637,1.59143,0.17673,70.62431,-8.535667,-3.804613,0.491502,83.66904,-10.262117,20.998171,NA,NA,NA,NA,10.87706,1.9105,16.395669,0.075601,2.94823,-1.0363,-2.89177,50,5.20121,5.173,-113.12012,-0.44865,3.74049,24.64795,-33.4888,CAR_EAG,CLE_SCC,CarsonNewman,TeamExclusive,Team,20251004-CarsonNewman-Private-2,a68b0ba0-a13e-11f0-8e17-f9dcdb0ff224,76.68821,1.65523,NA,7.40732,NA,NA,NA,1.89938,1.65523,-0.20585,aa1485ac-9891-46a2-85a3-6504a17cc3e8,2025-10-04,16:24:49,2025-10-04T16:24:49Z,2025-10-04T16:24:49Z,GroundBall,v3,CNE,CSCC,NA,"Van Ness, Jameson",1000370206,Right,CAR_EAG,22789476-8b39-49f9-a265-7759cffc8c41,54.53046,-114.103,12.32397,5.19248,0.88677,-16.7444,-3.09508,5.02384,1.87024,NA,1.89733,112.90077,NA,NA,NA,NA,NA,NA,NA,1.65563,-21.89441,NA,NA,NA,NA,NA,NA,NA,-0.20664,43.33441,NA,NA,NA,NA,NA,NA,NA,NA,NA,NA,NA,NA,NA,NA,NA,NA,NA,NA,NA,NA,NA,NA,NA,NA,NA,NA,NA,NA,NA,High,High,High,Estimated,Estimated,NA,NA,NA,54.924003,71.858229,668.339982,0.311369,07:45:00,-0.939182,0.263863,0.219803,65.30769,-1.238317,17.633779,-0.439913,115.561638,-0.387488,-54.109789,0.387488,-0.810142,0.439913,48.625439,-26.098309,0.810142,-0.810142,-115.561638,26.098309,0.439913,54.109789,-48.625439,-0.439913,0.810142,0.387488,-0.387488,NA,NA,NA,NA,NA,NA,NA,NA,NA,NA,NA,NA
NA,NA,NA,NA,NA,NA,NA,NA,NA,NA,NA,NA,NA,NA,NA,NA,18,2025-10-04,12:27:26,1,1,"Mahan, Riley",10068537,Right,CLE_SCC,"Smith, Braxton",1000370200,Right,CAR_EAG,Undefined,1,Bottom,0,0,0,Fastball,Changeup,StrikeCalled,Undefined,Undefined,Undefined,0,0,NA,86.22741,-0.826308,-2.333289,1819.584387,221.706251,01:30:00,6.06155,1.24522,6.10919,-23.17863,14.49765,11.74323,3.36518,0.06494,78.03247,-5.219432,-0.218422,0.441779,NA,NA,NA,NA,NA,NA,NA,NA,NA,NA,NA,-6.75079,8.11831,-1.07179,50,5.98593,4.61914,-125.07436,-2.48363,-10.57486,27.84481,-19.45699,CAR_EAG,CLE_SCC,CarsonNewman,TeamExclusive,Team,20251004-CarsonNewman-Private-2,045d7290-a13f-11f0-8e17-f9dcdb0ff224,85.31961,NA,NA,8.19494,NA,NA,NA,NA,NA,NA,aa1485ac-9891-46a2-85a3-6504a17cc3e8,2025-10-04,16:27:26,2025-10-04T16:27:26Z,2025-10-04T16:27:26Z,NA,v3,CNE,CSCC,NA,"Christopher, Conner",10087004,Right,CLE_SCC,08e254c4-26d8-4902-adf8-c9748a60fa79,54.39012,-126.04792,13.92241,6.06088,-1.80334,-9.7285,-1.23976,4.98888,-5.28743,NA,NA,NA,NA,NA,NA,NA,NA,NA,NA,NA,NA,NA,NA,NA,NA,NA,NA,NA,NA,NA,NA,NA,NA,NA,NA,NA,NA,NA,NA,NA,NA,NA,NA,NA,NA,NA,NA,NA,NA,NA,NA,NA,NA,NA,NA,NA,NA,NA,NA,High,High,High,NA,NA,NA,NA,NA,224.38826,12.003387,1779.799734,0.978135,01:30:00,-0.226374,-0.68715,-0.690347,-16.46999,28.152441,57.277356,-0.092496,162.968872,-0.952047,-16.955902,0.952047,-0.291636,0.092496,5.549146,-5.307214,0.291636,-0.291636,-162.968872,5.307214,0.092496,16.955902,-5.549146,-0.092496,0.291636,0.952047,-0.952047,NA,NA,NA,NA,NA,NA,NA,NA,NA,NA,NA,NA
NA,NA,NA,NA,NA,NA,NA,NA,NA,NA,NA,NA,NA,NA,NA,NA,19,2025-10-04,12:27:39,1,2,"Mahan, Riley",10068537,Right,CLE_SCC,"Smith, Braxton",1000370200,Right,CAR_EAG,Undefined,1,Bottom,0,0,1,Fastball,Four-Seam,BallCalled,Undefined,Undefined,Undefined,0,0,NA,88.3697,-0.403083,-4.254209,2063.417236,218.488087,01:15:00,6.10762,1.41157,6.20699,-22.65159,13.15552,9.47461,3.84689,-1.73289,79.98401,-4.694278,-2.550859,0.430681,NA,NA,NA,NA,NA,NA,NA,NA,NA,NA,NA,-6.17492,7.29469,-1.09596,50,6.06591,9.13061,-127.98452,-1.57545,-10.14667,28.71087,-20.18742,CAR_EAG,CLE_SCC,CarsonNewman,TeamExclusive,Team,20251004-CarsonNewman-Private-2,0bfd5a10-a13f-11f0-8e17-f9dcdb0ff224,87.51816,NA,NA,8.38569,NA,NA,NA,NA,NA,NA,aa1485ac-9891-46a2-85a3-6504a17cc3e8,2025-10-04,16:27:39,2025-10-04T16:27:39Z,2025-10-04T16:27:39Z,NA,v3,CNE,CSCC,NA,"Christopher, Conner",10087004,Right,CLE_SCC,c9d892b8-8207-4f92-97e1-b1243a2ea24b,54.29239,-128.94383,14.35544,6.10728,-0.90093,-10.09371,-1.40671,9.46964,-5.07334,NA,NA,NA,NA,NA,NA,NA,NA,NA,NA,NA,NA,NA,NA,NA,NA,NA,NA,NA,NA,NA,NA,NA,NA,NA,NA,NA,NA,NA,NA,NA,NA,NA,NA,NA,NA,NA,NA,NA,NA,NA,NA,NA,NA,NA,NA,NA,NA,NA,NA,High,High,High,NA,NA,NA,NA,NA,228.911762,24.665385,1875.152003,0.90876,01:45:00,-0.455658,-0.68785,-0.565011,-43.909475,36.930493,26.653495,-0.316083,165.80844,-0.919778,-13.449918,0.919778,-0.232595,0.316083,18.96539,-18.426233,0.232595,-0.232595,-165.80844,18.426233,0.316083,13.449918,-18.96539,-0.316083,0.232595,0.919778,-0.919778,NA,NA,NA,NA,NA,NA,NA,NA,NA,NA,NA,NA
NA,NA,NA,NA,NA,NA,NA,NA,NA,NA,NA,NA,NA,NA,NA,NA,20,2025-10-04,12:27:52,1,3,"Mahan, Riley",10068537,Right,CLE_SCC,"Smith, Braxton",1000370200,Right,CAR_EAG,Undefined,1,Bottom,0,1,1,Slider,Curveball,BallCalled,Undefined,Undefined,Undefined,0,0,NA,72.96781,1.255646,-2.807109,2071.231923,44.825042,07:30:00,5.89941,1.71184,5.69701,-63.51515,-9.53658,-11.40894,1.77825,-1.85705,66.32107,-10.341015,-4.84683,0.528789,NA,NA,NA,NA,NA,NA,NA,NA,NA,NA,NA,4.79914,-4.61276,-1.46883,50,5.96617,5.59813,-105.70858,0.3406,5.31209,21.67575,-37.27985,CAR_EAG,CLE_SCC,CarsonNewman,TeamExclusive,Team,20251004-CarsonNewman-Private-2,13a0c400-a13f-11f0-8e17-f9dcdb0ff224,71.28072,NA,NA,6.64673,NA,NA,NA,NA,NA,NA,aa1485ac-9891-46a2-85a3-6504a17cc3e8,2025-10-04,16:27:52,2025-10-04T16:27:52Z,2025-10-04T16:27:52Z,NA,v3,CNE,CSCC,NA,"Christopher, Conner",10087004,Right,CLE_SCC,d684d561-5c53-43b3-a6e3-ee67bae69fd7,54.8054,-106.68939,10.83787,5.9126,2.02748,-18.63993,-1.71671,5.35776,2.65604,NA,NA,NA,NA,NA,NA,NA,NA,NA,NA,NA,NA,NA,NA,NA,NA,NA,NA,NA,NA,NA,NA,NA,NA,NA,NA,NA,NA,NA,NA,NA,NA,NA,NA,NA,NA,NA,NA,NA,NA,NA,NA,NA,NA,NA,NA,NA,NA,NA,NA,High,High,High,NA,NA,NA,NA,NA,45.876485,58.637338,1077.979455,0.520453,07:30:00,-0.826738,0.392224,0.403316,90.504538,-29.757213,-49.265645,-0.526034,115.332922,-0.363894,-50.235505,0.363894,-0.76868,0.526034,55.325745,-31.737906,0.76868,-0.76868,-115.332922,31.737906,0.526034,50.235505,-55.325745,-0.526034,0.76868,0.363894,-0.363894,NA,NA,NA,NA,NA,NA,NA,NA,NA,NA,NA,NA
NA,NA,NA,NA,NA,NA,NA,NA,NA,NA,NA,NA,NA,NA,NA,NA,21,2025-10-04,12:28:06,1,4,"Mahan, Riley",10068537,Right,CLE_SCC,"Smith, Braxton",1000370200,Right,CAR_EAG,Undefined,1,Bottom,0,2,1,Slider,Curveball,StrikeCalled,Undefined,Undefined,Undefined,0,0,NA,72.20391,1.631774,-2.137147,2074.37816,60.418359,08:00:00,5.81485,1.89911,5.7006,-62.85515,-7.79245,-17.19465,2.099,-1.52625,65.60697,-9.865302,-5.21151,0.534073,NA,NA,NA,NA,NA,NA,NA,NA,NA,NA,NA,7.93296,-3.82201,-1.70917,50,5.91372,4.52765,-104.64312,1.0504,8.60795,21.18185,-36.32124,CAR_EAG,CLE_SCC,CarsonNewman,TeamExclusive,Team,20251004-CarsonNewman-Private-2,1be9bcc0-a13f-11f0-8e17-f9dcdb0ff224,70.57551,NA,NA,6.59695,NA,NA,NA,NA,NA,NA,aa1485ac-9891-46a2-85a3-6504a17cc3e8,2025-10-04,16:28:06,2025-10-04T16:28:06Z,2025-10-04T16:28:06Z,NA,v3,CNE,CSCC,NA,"Christopher, Conner",10087004,Right,CLE_SCC,c2acbcab-0342-4e31-9dd2-c4aebeb47745,54.80182,-105.61063,10.59092,5.82785,2.70942,-18.16062,-1.907,4.13448,4.30397,NA,NA,NA,NA,NA,NA,NA,NA,NA,NA,NA,NA,NA,NA,NA,NA,NA,NA,NA,NA,NA,NA,NA,NA,NA,NA,NA,NA,NA,NA,NA,NA,NA,NA,NA,NA,NA,NA,NA,NA,NA,NA,NA,NA,NA,NA,NA,NA,NA,NA,High,High,High,NA,NA,NA,NA,NA,48.477129,54.961868,1190.945058,0.574121,07:30:00,-0.791444,0.452981,0.410396,88.288153,-24.815097,-44.694157,-0.627483,109.26178,-0.256858,-47.310872,0.256858,-0.735043,0.627483,67.738427,-38.864688,0.735043,-0.735043,-109.26178,38.864688,0.627483,47.310872,-67.738427,-0.627483,0.735043,0.256858,-0.256858,NA,NA,NA,NA,NA,NA,NA,NA,NA,NA,NA,NA
NA,NA,NA,NA,NA,NA,NA,NA,NA,NA,NA,NA,NA,NA,NA,NA,22,2025-10-04,12:28:21,1,5,"Mahan, Riley",10068537,Right,CLE_SCC,"Smith, Braxton",1000370200,Right,CAR_EAG,Undefined,1,Bottom,0,2,2,Slider,Curveball,InPlay,Undefined,LineDrive,Out,1,0,NA,74.87369,0.974576,-1.180014,2092.9287,59.907425,08:00:00,5.83658,1.65721,5.64256,-57.40338,-7.01111,-14.81808,1.96242,-0.6786,69.02734,-9.478689,-3.83304,0.51092,68.40708,18.010719,7.742762,2133.037377,107.62669,17.07627,22.72428,171.18279,156.99455,14.217023,2.241378,7.21508,-3.41158,-1.54721,50,5.88249,2.77382,-108.78112,0.03109,8.60967,19.82114,-36.24503,CAR_EAG,CLE_SCC,CarsonNewman,TeamExclusive,Team,20251004-CarsonNewman-Private-2,24f653a0-a13f-11f0-8e17-f9dcdb0ff224,73.77359,17.9971,NA,5.84635,NA,NA,NA,0.99307,1.9541,0.72382,aa1485ac-9891-46a2-85a3-6504a17cc3e8,2025-10-04,16:28:21,2025-10-04T16:28:21Z,2025-10-04T16:28:21Z,LineDrive,v3,CNE,CSCC,NA,"Christopher, Conner",10087004,Right,CLE_SCC,7dd5a971-26de-4244-a412-984bb7bd0ecc,54.86281,-109.6636,9.91057,5.84519,1.6448,-18.12252,-1.66218,2.3905,4.30483,229.712117,0.99307,94.54399,-13.33523,2.55085,-0.48177,0.08687,-0.01535,0.00207,-1.4e-4,1.9541,31.02158,-15.93804,1.0816,-0.21153,0.04113,-0.00629,0.00093000000000000005,-8e-5,0.72382,12.85471,3.52635,-0.66544,0.12507,-0.022,0.00396,-5.4e-4,4e-5,NA,NA,NA,NA,NA,NA,NA,NA,NA,NA,NA,NA,NA,NA,NA,NA,NA,NA,NA,NA,NA,NA,High,High,High,High,High,NA,NA,NA,42.92731,52.572782,1271.984003,0.607753,07:30:00,-0.77764,0.42737000000000003,0.46112,95.399374,-20.090883,-47.303504,-0.631463,105.90522,-0.212498,-48.221019,0.212498,-0.74572,0.631463,71.401086,-39.158158,0.74572,-0.74572,-105.90522,39.158158,0.631463,48.221019,-71.401086,-0.631463,0.74572,0.212498,-0.212498,NA,NA,NA,NA,NA,NA,NA,NA,NA,NA,NA,NA
NA,NA,NA,NA,NA,NA,NA,NA,NA,NA,NA,NA,NA,NA,NA,NA,23,2025-10-04,12:28:52,2,1,"Mahan, Riley",10068537,Right,CLE_SCC,"Gibson, Aiden",10011511,Right,CAR_EAG,Undefined,1,Bottom,1,0,0,Fastball,Sinker,StrikeCalled,Undefined,Undefined,Undefined,0,0,NA,88.19724,-1.72371,-4.238374,2112.019105,222.218017,01:30:00,5.84307,1.55636,6.3986,-20.60013,14.8517,12.42032,2.53629,-1.31374,80.46273,-5.63761,-1.996046,0.428539,NA,NA,NA,NA,NA,NA,NA,NA,NA,NA,NA,-7.64201,8.57989,-1.25683,50,5.70937,8.97935,-127.82156,-4.43042,-12.61937,26.80964,-18.00597,CAR_EAG,CLE_SCC,CarsonNewman,TeamExclusive,Team,20251004-CarsonNewman-Private-2,378351d0-a13f-11f0-8e17-f9dcdb0ff224,87.95562,NA,NA,7.73452,NA,NA,NA,NA,NA,NA,aa1485ac-9891-46a2-85a3-6504a17cc3e8,2025-10-04,16:28:52,2025-10-04T16:28:52Z,2025-10-04T16:28:52Z,NA,v3,CNE,CSCC,NA,"Christopher, Conner",10087004,Right,CLE_SCC,a1a0b703-2705-4a4e-be77-ab9c944124b4,54.10205,-128.67906,13.40482,5.84186,-3.85451,-9.00299,-1.55049,9.38298,-6.30969,NA,NA,NA,NA,NA,NA,NA,NA,NA,NA,NA,NA,NA,NA,NA,NA,NA,NA,NA,NA,NA,NA,NA,NA,NA,NA,NA,NA,NA,NA,NA,NA,NA,NA,NA,NA,NA,NA,NA,NA,NA,NA,NA,NA,NA,NA,NA,NA,NA,NA,High,High,High,NA,NA,NA,NA,NA,225.377908,20.138966,1982.890931,0.93886,01:30:00,-0.371895,-0.678293,-0.633729,26.16183,45.642574,-23.361863,-0.909454,104.571527,-0.104612,-23.73018,0.104612,-0.40243,0.909454,83.438284,-65.429999,0.40243,-0.40243,-104.571527,65.429999,0.909454,23.73018,-83.438284,-0.909454,0.40243,0.104612,-0.104612,NA,NA,NA,NA,NA,NA,NA,NA,NA,NA,NA,NA
NA,NA,NA,NA,NA,NA,NA,NA,NA,NA,NA,NA,NA,NA,NA,NA,24,2025-10-04,12:29:07,2,2,"Mahan, Riley",10068537,Right,CLE_SCC,"Gibson, Aiden",10011511,Right,CAR_EAG,Undefined,1,Bottom,1,0,1,Slider,Curveball,BallCalled,Undefined,Undefined,Undefined,0,0,NA,74.67001,-0.777047,-1.736365,2146.209369,57.693429,08:00:00,5.80586,1.65836,5.62535,-60.17488,-9.02638,-16.93611,0.06578,-1.37384,68.79731,-11.670923,-4.770583,0.51474,NA,NA,NA,NA,NA,NA,NA,NA,NA,NA,NA,8.08221,-3.87646,-1.49913,50,5.70087,3.8962,-108.38544,-3.38181,9.4857,21.30684,-36.72365,CAR_EAG,CLE_SCC,CarsonNewman,TeamExclusive,Team,20251004-CarsonNewman-Private-2,4058fa30-a13f-11f0-8e17-f9dcdb0ff224,73.22619,NA,NA,5.8727,NA,NA,NA,NA,NA,NA,aa1485ac-9891-46a2-85a3-6504a17cc3e8,2025-10-04,16:29:07,2025-10-04T16:29:07Z,2025-10-04T16:29:07Z,NA,v3,CNE,CSCC,NA,"Christopher, Conner",10087004,Right,CLE_SCC,466cdb6d-4b05-4328-bb01-aab242ab953f,54.87988,-109.34053,10.65342,5.81557,-1.73564,-18.36182,-1.66425,3.471,4.74285,NA,NA,NA,NA,NA,NA,NA,NA,NA,NA,NA,NA,NA,NA,NA,NA,NA,NA,NA,NA,NA,NA,NA,NA,NA,NA,NA,NA,NA,NA,NA,NA,NA,NA,NA,NA,NA,NA,NA,NA,NA,NA,NA,NA,NA,NA,NA,NA,NA,NA,High,High,High,NA,NA,NA,NA,NA,42.522408,54.523201,1245.602509,0.580373,07:30:00,-0.806258,0.381182,0.452381,96.856469,-17.035733,-50.864307,-0.636545,113.062726,-0.302124,-45.202346,0.302124,-0.7096,0.636545,64.609497,-39.534653,0.7096,-0.7096,-113.062726,39.534653,0.636545,45.202346,-64.609497,-0.636545,0.7096,0.302124,-0.302124,NA,NA,NA,NA,NA,NA,NA,NA,NA,NA,NA,NA
NA,NA,NA,NA,NA,NA,NA,NA,NA,NA,NA,NA,NA,NA,NA,NA,25,2025-10-04,12:29:24,2,3,"Mahan, Riley",10068537,Right,CLE_SCC,"Gibson, Aiden",10011511,Right,CAR_EAG,Undefined,1,Bottom,1,1,1,Fastball,Sinker,InPlay,Undefined,GroundBall,Single,0,0,NA,88.84985,-2.20177,-3.065675,2232.021693,225.121475,01:30:00,5.86862,1.5797,6.56512,-21.36159,13.23194,12.17138,2.06605,-0.21926,81.29844,-6.2533010000000004,-0.855901,0.42332,97.42107,3.404532,22.647615,2462.170569,NA,NA,NA,102.83375,102.72882,26.438021,0.794166,-7.27496,7.91221,-1.37327,50,5.70754,6.44649,-128.97478,-5.56133,-12.23754,27.1625,-18.8646,CAR_EAG,CLE_SCC,CarsonNewman,TeamExclusive,Team,20251004-CarsonNewman-Private-2,4aafeb60-a13f-11f0-8e17-f9dcdb0ff224,89.04008,3.23193,NA,7.55142,NA,NA,NA,0.83271,1.96135,0.31242,aa1485ac-9891-46a2-85a3-6504a17cc3e8,2025-10-04,16:29:24,2025-10-04T16:29:24Z,2025-10-04T16:29:24Z,GroundBall,v3,CNE,CSCC,NA,"Christopher, Conner",10087004,Right,CLE_SCC,aaa2d1d9-9ee9-4506-b885-0cb42117d73e,53.93725,-129.80132,13.58125,5.86803,-4.98728,-9.4323,-1.5751,6.81887,-6.11877,257.526567,0.91215,130.2755,-19.60773,NA,NA,NA,NA,NA,NA,1.97765,8.20951,-13.49744,NA,NA,NA,NA,NA,NA,0.27724,55.53355,2.27643,NA,NA,NA,NA,NA,NA,NA,NA,NA,NA,NA,NA,NA,NA,NA,NA,NA,NA,NA,NA,NA,NA,NA,NA,NA,NA,NA,NA,High,High,High,High,High,NA,NA,NA,225.91344,21.285113,2079.765625,0.931786,01:30:00,-0.371216,-0.682744,-0.629332,33.228585,29.794416,-26.859466,-0.955149,97.907276,-0.040738,-17.056277,0.040738,-0.293311,0.955149,87.557748,-72.774905,0.293311,-0.293311,-97.907276,72.774905,0.955149,17.056277,-87.557748,-0.955149,0.293311,0.040738,-0.040738,NA,NA,NA,NA,NA,NA,NA,NA,NA,NA,NA,NA
NA,NA,NA,NA,NA,NA,NA,NA,NA,NA,NA,NA,NA,NA,NA,NA,26,2025-10-04,12:29:57,3,1,"Mahan, Riley",10068537,Right,CLE_SCC,"Floyd, Logan",1000148156,Right,CAR_EAG,Undefined,1,Bottom,1,0,0,Slider,Curveball,BallCalled,Undefined,Undefined,Undefined,0,0,NA,71.92942,3.440941,0.098751,1799.25477,58.90725,08:00:00,5.90213,1.69274,5.60997,-60.43665,-5.10827,-11.63229,4.08157,0.81556,65.2292,-7.649438,-1.977393,0.535359,NA,NA,NA,NA,NA,NA,NA,NA,NA,NA,NA,5.87004,-3.02717,-1.69365,50,6.15812,0.24434,-104.20867,4.40445,6.37297,19.58575,-35.46058,CAR_EAG,CLE_SCC,CarsonNewman,TeamExclusive,Team,20251004-CarsonNewman-Private-2,5dfdc890-a13f-11f0-8e17-f9dcdb0ff224,70.40586,NA,NA,6.70023,NA,NA,NA,NA,NA,NA,aa1485ac-9891-46a2-85a3-6504a17cc3e8,2025-10-04,16:29:57,2025-10-04T16:29:57Z,2025-10-04T16:29:57Z,NA,v3,CNE,CSCC,NA,"Christopher, Conner",10087004,Right,CLE_SCC,f795095f-04d8-4e1e-967e-5d4094037b88,54.89206,-105.1241,9.79287,5.91353,6.06186,-17.73029,-1.69811,-0.05353,3.18649,NA,NA,NA,NA,NA,NA,NA,NA,NA,NA,NA,NA,NA,NA,NA,NA,NA,NA,NA,NA,NA,NA,NA,NA,NA,NA,NA,NA,NA,NA,NA,NA,NA,NA,NA,NA,NA,NA,NA,NA,NA,NA,NA,NA,NA,NA,NA,NA,NA,NA,High,High,High,NA,NA,NA,NA,NA,37.580127,46.57506,1236.814407,0.687404,07:15:00,-0.700742,0.462062,0.543561,-40.924449,21.693543,27.115622,-0.58492,156.6449,-0.744635,-18.756065,0.744635,-0.32154,0.58492,38.15007,-35.797325,0.32154,-0.32154,-156.6449,35.797325,0.58492,18.756065,-38.15007,-0.58492,0.32154,0.744635,-0.744635,NA,NA,NA,NA,NA,NA,NA,NA,NA,NA,NA,NA
NA,NA,NA,NA,NA,NA,NA,NA,NA,NA,NA,NA,NA,NA,NA,NA,27,2025-10-04,12:30:13,3,2,"Mahan, Riley",10068537,Right,CLE_SCC,"Floyd, Logan",1000148156,Right,CAR_EAG,Undefined,1,Bottom,1,1,0,Fastball,Four-Seam,BallCalled,Undefined,Undefined,Undefined,0,0,NA,87.44929,-2.832887,-4.173367,2200.308113,213.328211,01:00:00,6.05694,1.60133,6.17402,-21.13655,15.26643,9.25438,1.66998,-1.48887,79.97565,-6.81604,-2.509423,0.43425,NA,NA,NA,NA,NA,NA,NA,NA,NA,NA,NA,-5.91965,9.04658,-1.28932,50,5.83094,8.86078,-126.59841,-6.8943,-9.60038,26.01324,-17.50249,CAR_EAG,CLE_SCC,CarsonNewman,TeamExclusive,Team,20251004-CarsonNewman-Private-2,67986ea0-a13f-11f0-8e17-f9dcdb0ff224,86.79893,NA,NA,7.47363,NA,NA,NA,NA,NA,NA,aa1485ac-9891-46a2-85a3-6504a17cc3e8,2025-10-04,16:30:13,2025-10-04T16:30:13Z,2025-10-04T16:30:13Z,NA,v3,CNE,CSCC,NA,"Christopher, Conner",10087004,Right,CLE_SCC,db1bc730-942d-4ae0-9284-f0c690217274,54.32585,-127.48418,13.00662,6.05554,-6.29833,-8.75125,-1.5966,9.18768,-4.80019,NA,NA,NA,NA,NA,NA,NA,NA,NA,NA,NA,NA,NA,NA,NA,NA,NA,NA,NA,NA,NA,NA,NA,NA,NA,NA,NA,NA,NA,NA,NA,NA,NA,NA,NA,NA,NA,NA,NA,NA,NA,NA,NA,NA,NA,NA,NA,NA,NA,NA,High,High,High,NA,NA,NA,NA,NA,221.1911,21.79184,2043.071249,0.928539,01:15:00,-0.390507,-0.62911,-0.672105,-24.125239,43.494669,44.890353,-0.246571,176.44466,-0.967259,-3.445433,0.967259,-0.060098,0.246571,14.3011,-14.274702,0.060098,-0.060098,-176.44466,14.274702,0.246571,3.445433,-14.3011,-0.246571,0.060098,0.967259,-0.967259,NA,NA,NA,NA,NA,NA,NA,NA,NA,NA,NA,NA
NA,NA,NA,NA,NA,NA,NA,NA,NA,NA,NA,NA,NA,NA,NA,NA,28,2025-10-04,12:30:33,3,3,"Mahan, Riley",10068537,Right,CLE_SCC,"Floyd, Logan",1000148156,Right,CAR_EAG,Undefined,1,Bottom,1,2,0,Slider,Curveball,BallCalled,Undefined,Undefined,Undefined,1,0,NA,73.17242,0.156951,-1.619761,2019.007782,47.365199,07:30:00,5.76129,1.84679,5.83649,-64.1133,-10.983,-13.94237,0.56446,-0.82104,66.94912,-11.535227,-4.12757,0.524617,NA,NA,NA,NA,NA,NA,NA,NA,NA,NA,NA,6.5602,-5.06044,-1.70657,50,5.73702,3.4965,-106.19784,-1.67261,7.34548,21.50031,-37.8402,CAR_EAG,CLE_SCC,CarsonNewman,TeamExclusive,Team,20251004-CarsonNewman-Private-2,73a54d30-a13f-11f0-8e17-f9dcdb0ff224,71.8475,NA,NA,6.2233,NA,NA,NA,NA,NA,NA,aa1485ac-9891-46a2-85a3-6504a17cc3e8,2025-10-04,16:30:33,2025-10-04T16:30:33Z,2025-10-04T16:30:33Z,NA,v3,CNE,CSCC,NA,"Christopher, Conner",10087004,Right,CLE_SCC,7b09f47f-f767-487c-abbb-749ded155c70,54.6676,-107.13866,10.75015,5.77398,-0.01679,-18.9201,-1.85254,3.17507,3.67274,NA,NA,NA,NA,NA,NA,NA,NA,NA,NA,NA,NA,NA,NA,NA,NA,NA,NA,NA,NA,NA,NA,NA,NA,NA,NA,NA,NA,NA,NA,NA,NA,NA,NA,NA,NA,NA,NA,NA,NA,NA,NA,NA,NA,NA,NA,NA,NA,NA,NA,High,High,High,NA,NA,High,High,High,44.147614,56.150721,1124.607774,0.55701,07:30:00,-0.817811,0.390236,0.422967,79.968752,-30.336537,-41.083575,-0.539584,116.808952,-0.379726,-48.715033,0.379726,-0.751437,0.539584,54.86448,-32.655296,0.751437,-0.751437,-116.808952,32.655296,0.539584,48.715033,-54.86448,-0.539584,0.751437,0.379726,-0.379726,NA,NA,NA,NA,NA,NA,NA,NA,NA,NA,NA,NA
NA,NA,NA,NA,NA,NA,NA,NA,NA,NA,NA,NA,NA,NA,NA,NA,29,2025-10-04,12:30:57,3,4,"Mahan, Riley",10068537,Right,CLE_SCC,"Floyd, Logan",1000148156,Right,CAR_EAG,Undefined,1,Bottom,2,3,0,Fastball,Four-Seam,BallCalled,Walk,Undefined,Undefined,0,0,NA,88.11947,-1.131375,-4.975482,2273.813207,215.50161,01:15:00,5.78914,1.47646,6.53203,-20.58332,14.97583,9.81737,3.03193,-2.28125,79.96293,-5.062949,-3.202601,0.429188,NA,NA,NA,NA,NA,NA,NA,NA,NA,NA,NA,-6.60095,8.53969,-1.13387,50,5.70123,10.72164,-127.56953,-3.07862,-10.80085,27.97542,-18.2009,CAR_EAG,CLE_SCC,CarsonNewman,TeamExclusive,Team,20251004-CarsonNewman-Private-2,819fa3e0-a13f-11f0-8e17-f9dcdb0ff224,87.82275,NA,NA,8.15654,NA,NA,NA,NA,NA,NA,aa1485ac-9891-46a2-85a3-6504a17cc3e8,2025-10-04,16:30:57,2025-10-04T16:30:57Z,2025-10-04T16:30:57Z,NA,v3,CNE,CSCC,NA,"Christopher, Conner",10087004,Right,CLE_SCC,96577d71-4279-4882-a05e-fa8580ad9dda,53.96773,-128.43669,13.98771,5.78791,-2.51444,-9.10045,-1.4714,11.05643,-5.4004200000000004,NA,NA,NA,NA,NA,NA,NA,NA,NA,NA,NA,NA,NA,NA,NA,NA,NA,NA,NA,NA,NA,NA,NA,NA,NA,NA,NA,NA,NA,NA,NA,NA,NA,NA,NA,NA,NA,NA,NA,NA,NA,NA,NA,NA,NA,NA,NA,NA,NA,NA,High,High,High,NA,NA,NA,NA,NA,224.376533,23.341548,2087.722759,0.918159,01:30:00,-0.438928,-0.649832,-0.620533,-49.177055,38.882758,10.53576,-0.26194,177.665871,-0.964284,-2.252588,0.964284,-0.039305,0.26194,15.197204,-15.185178,0.039305,-0.039305,-177.665871,15.185178,0.26194,2.252588,-15.197204,-0.26194,0.039305,0.964284,-0.964284,NA,NA,NA,NA,NA,NA,NA,NA,NA,NA,NA,NA
NA,NA,NA,NA,NA,NA,NA,NA,NA,NA,NA,NA,NA,NA,NA,NA,30,2025-10-04,12:31:32,4,1,"Mahan, Riley",10068537,Right,CLE_SCC,"Nathan, Cole",1000323259,Right,CAR_EAG,Undefined,1,Bottom,2,0,0,Fastball,Four-Seam,BallCalled,Undefined,Undefined,Undefined,0,0,NA,87.35134,-3.225201,-1.967209,2186.936903,215.629883,01:15:00,5.97089,1.70344,6.38479,-22.69143,13.56308,8.83772,1.10808,0.6295,79.66617,-7.506551,-0.365582,0.433364,NA,NA,NA,NA,NA,NA,NA,NA,NA,NA,NA,-5.16705,8.40418,-1.56543,50,5.72777,4.00204,-126.65828,-7.78841,-8.33783,27.47453,-18.61259,CAR_EAG,CLE_SCC,CarsonNewman,TeamExclusive,Team,20251004-CarsonNewman-Private-2,96b6f670-a13f-11f0-8e17-f9dcdb0ff224,86.97648,NA,NA,7.68517,NA,NA,NA,NA,NA,NA,aa1485ac-9891-46a2-85a3-6504a17cc3e8,2025-10-04,16:31:32,2025-10-04T16:31:32Z,2025-10-04T16:31:32Z,NA,v3,CNE,CSCC,NA,"Christopher, Conner",10087004,Right,CLE_SCC,d937d52e-4140-4f69-9da5-908c99d48aae,54.11495,-127.54777,13.73727,5.97016,-7.18583,-9.30629,-1.69937,4.27198,-4.16891,NA,NA,NA,NA,NA,NA,NA,NA,NA,NA,NA,NA,NA,NA,NA,NA,NA,NA,NA,NA,NA,NA,NA,NA,NA,NA,NA,NA,NA,NA,NA,NA,NA,NA,NA,NA,NA,NA,NA,NA,NA,NA,NA,NA,NA,NA,NA,NA,NA,NA,High,High,High,NA,NA,NA,NA,NA,226.458917,7.698571,2167.225039,0.990987,01:30:00,-0.116714,-0.724746,-0.679059,50.039434,46.490737,5.07388,-0.367782,99.974448,-0.161069,-66.327647,0.161069,-0.915856,0.367782,66.34913,-21.578903,0.915856,-0.915856,-99.974448,21.578903,0.367782,66.327647,-66.34913,-0.367782,0.915856,0.161069,-0.161069,NA,NA,NA,NA,NA,NA,NA,NA,NA,NA,NA,NA
NA,NA,NA,NA,NA,NA,NA,NA,NA,NA,NA,NA,NA,NA,NA,NA,31,2025-10-04,12:31:50,4,2,"Mahan, Riley",10068537,Right,CLE_SCC,"Nathan, Cole",1000323259,Right,CAR_EAG,Undefined,1,Bottom,2,1,0,Slider,Curveball,BallCalled,Undefined,Undefined,Undefined,0,0,NA,74.81531,-0.219048,-1.878524,2144.899163,48.989139,07:45:00,5.81783,2.01653,5.71181,-59.04283,-8.58252,-11.68678,0.69341,-0.70817,69.14468,-10.93979,-3.974318,0.511265,NA,NA,NA,NA,NA,NA,NA,NA,NA,NA,NA,5.38193,-3.78481,-1.85194,50,5.76312,3.98748,-108.66153,-2.28789,6.39473,20.14556,-36.67108,CAR_EAG,CLE_SCC,CarsonNewman,TeamExclusive,Team,20251004-CarsonNewman-Private-2,a1912160-a13f-11f0-8e17-f9dcdb0ff224,73.72384,NA,NA,5.67063,NA,NA,NA,NA,NA,NA,aa1485ac-9891-46a2-85a3-6504a17cc3e8,2025-10-04,16:31:50,2025-10-04T16:31:50Z,2025-10-04T16:31:50Z,NA,v3,CNE,CSCC,NA,"Christopher, Conner",10087004,Right,CLE_SCC,5de247bc-f68e-4c2d-852c-c757cfa38c54,54.79293,-109.54653,10.07278,5.82824,-0.67694,-18.33554,-2.02094,3.70656,3.19737,NA,NA,NA,NA,NA,NA,NA,NA,NA,NA,NA,NA,NA,NA,NA,NA,NA,NA,NA,NA,NA,NA,NA,NA,NA,NA,NA,NA,NA,NA,NA,NA,NA,NA,NA,NA,NA,NA,NA,NA,NA,NA,NA,NA,NA,NA,NA,NA,NA,NA,High,High,High,NA,NA,NA,NA,NA,43.270996,60.607358,1052.699067,0.490792,07:30:00,-0.860373,0.33308,0.385766,-42.352785,59.266725,-3.672556,-0.581739,106.167816,-0.226486,-51.371199,0.226486,-0.781207,0.581739,68.727771,-35.572943,0.781207,-0.781207,-106.167816,35.572943,0.581739,51.371199,-68.727771,-0.581739,0.781207,0.226486,-0.226486,NA,NA,NA,NA,NA,NA,NA,NA,NA,NA,NA,NA
NA,NA,NA,NA,NA,NA,NA,NA,NA,NA,NA,NA,NA,NA,NA,NA,32,2025-10-04,12:32:10,4,3,"Mahan, Riley",10068537,Right,CLE_SCC,"Nathan, Cole",1000323259,Right,CAR_EAG,Undefined,1,Bottom,2,2,0,Fastball,Four-Seam,BallCalled,Undefined,Undefined,Undefined,0,0,NA,89.64745,-0.919668,-3.998421,2122.515283,204.734706,12:45:00,5.96331,1.5761,6.26909,-18.87422,15.58143,6.66394,3.54043,-1.56092,81.7194,-4.511836,-2.798651,0.422475,NA,NA,NA,NA,NA,NA,NA,NA,NA,NA,NA,-4.57382,8.67536,-1.28269,50,5.88568,8.81032,-129.9603,-2.62511,-7.80744,27.72152,-17.36532,CAR_EAG,CLE_SCC,CarsonNewman,TeamExclusive,Team,20251004-CarsonNewman-Private-2,ad23edf0-a13f-11f0-8e17-f9dcdb0ff224,89.21805,NA,NA,7.92805,NA,NA,NA,NA,NA,NA,aa1485ac-9891-46a2-85a3-6504a17cc3e8,2025-10-04,16:32:10,2025-10-04T16:32:10Z,2025-10-04T16:32:10Z,NA,v3,CNE,CSCC,NA,"Christopher, Conner",10087004,Right,CLE_SCC,2d756477-f730-44f8-bce9-f254d61359e8,54.23095,-130.85968,13.86076,5.96171,-2.06172,-8.68266,-1.57263,9.06362,-3.90372,NA,NA,NA,NA,NA,NA,NA,NA,NA,NA,NA,NA,NA,NA,NA,NA,NA,NA,NA,NA,NA,NA,NA,NA,NA,NA,NA,NA,NA,NA,NA,NA,NA,NA,NA,NA,NA,NA,NA,NA,NA,NA,NA,NA,NA,NA,NA,NA,NA,NA,High,High,High,NA,NA,NA,NA,NA,223.963635,23.81732,1941.756864,0.914838,01:30:00,-0.438534,-0.641482,-0.629436,-11.643817,43.048671,58.663514,-0.239748,171.857716,-0.961049,-7.903275,0.961049,-0.137501,0.239748,14.007363,-13.87164,0.137501,-0.137501,-171.857716,13.87164,0.239748,7.903275,-14.007363,-0.239748,0.137501,0.961049,-0.961049,NA,NA,NA,NA,NA,NA,NA,NA,NA,NA,NA,NA
NA,NA,NA,NA,NA,NA,NA,NA,NA,NA,NA,NA,NA,NA,NA,NA,33,2025-10-04,12:32:28,4,4,"Mahan, Riley",10068537,Right,CLE_SCC,"Nathan, Cole",1000323259,Right,CAR_EAG,Undefined,1,Bottom,2,3,0,Fastball,Four-Seam,BallCalled,Walk,Undefined,Undefined,0,0,NA,88.17893,-0.394366,-2.304481,2159.799598,205.622158,12:45:00,5.86809,1.95137,6.38354,-18.73033,16.7945,7.47933,3.94414,0.45349,79.96199,-3.991794,-0.951159,0.42898,NA,NA,NA,NA,NA,NA,NA,NA,NA,NA,NA,-4.55705,9.20902,-1.78839,50,5.83075,4.84935,-128.00055,-1.37511,-7.50317,28.28958,-17.01145,CAR_EAG,CLE_SCC,CarsonNewman,TeamExclusive,Team,20251004-CarsonNewman-Private-2,b7dcd540-a13f-11f0-8e17-f9dcdb0ff224,87.86523,NA,NA,8.21694,NA,NA,NA,NA,NA,NA,aa1485ac-9891-46a2-85a3-6504a17cc3e8,2025-10-04,16:32:28,2025-10-04T16:32:28Z,2025-10-04T16:32:28Z,NA,v3,CNE,CSCC,NA,"Christopher, Conner",10087004,Right,CLE_SCC,2bf61a8f-9cb9-4135-9fc3-cf915a653e3e,54.11534,-128.90688,14.14479,5.86607,-0.8301,-8.50572,-1.94761,5.08973,-3.75158,NA,NA,NA,NA,NA,NA,NA,NA,NA,NA,NA,NA,NA,NA,NA,NA,NA,NA,NA,NA,NA,NA,NA,NA,NA,NA,NA,NA,NA,NA,NA,NA,NA,NA,NA,NA,NA,NA,NA,NA,NA,NA,NA,NA,NA,NA,NA,NA,NA,NA,High,High,High,NA,NA,NA,NA,NA,223.282703,18.535771,2047.760794,0.948125,01:30:00,-0.340915,-0.652206,-0.677055,-20.865131,39.244935,46.902502,-0.163577,172.950351,-0.979073,-6.954222,0.979073,-0.121076,0.163577,9.484975,-9.414558,0.121076,-0.121076,-172.950351,9.414558,0.163577,6.954222,-9.484975,-0.163577,0.121076,0.979073,-0.979073,NA,NA,NA,NA,NA,NA,NA,NA,NA,NA,NA,NA
NA,NA,NA,NA,NA,NA,NA,NA,NA,NA,NA,NA,NA,NA,NA,NA,34,2025-10-04,12:33:04,5,1,"Mahan, Riley",10068537,Right,CLE_SCC,"Pierce, Johno",10069844,Right,CAR_EAG,Undefined,1,Bottom,2,0,0,Slider,Curveball,BallCalled,Undefined,Undefined,Undefined,0,0,NA,73.51096,2.89447,0.319908,1868.017158,50.418316,07:45:00,5.86925,2.06413,5.81858,-62.41464,-9.99867,-14.23611,3.36169,1.17524,66.9285,-8.560723,-2.233865,0.521078,NA,NA,NA,NA,NA,NA,NA,NA,NA,NA,NA,7.30768,-5.38485,-2.08204,50,6.06999,-0.07978,-106.65024,3.45732,8.31479,20.41518,-38.30101,CAR_EAG,CLE_SCC,CarsonNewman,TeamExclusive,Team,20251004-CarsonNewman-Private-2,cd435940-a13f-11f0-8e17-f9dcdb0ff224,72.33544,NA,NA,6.58245,NA,NA,NA,NA,NA,NA,aa1485ac-9891-46a2-85a3-6504a17cc3e8,2025-10-04,16:33:04,2025-10-04T16:33:04Z,2025-10-04T16:33:04Z,NA,v3,CNE,CSCC,NA,"Christopher, Conner",10087004,Right,CLE_SCC,487d3f89-6cb1-457a-becc-d7f2b528be86,54.68562,-107.54343,10.20759,5.88208,5.13304,-19.15051,-2.07059,-0.44356,4.15739,NA,NA,NA,NA,NA,NA,NA,NA,NA,NA,NA,NA,NA,NA,NA,NA,NA,NA,NA,NA,NA,NA,NA,NA,NA,NA,NA,NA,NA,NA,NA,NA,NA,NA,NA,NA,NA,NA,NA,NA,NA,NA,NA,NA,NA,NA,NA,NA,NA,NA,High,High,High,NA,NA,NA,NA,NA,44.529825,46.551522,1284.639175,0.687702,07:30:00,-0.70344,0.518317,0.486333,76.885262,-23.913222,-41.385806,-0.598866,108.599831,-0.255436,-49.37793,0.255436,-0.759021,0.598866,66.900138,-36.788703,0.759021,-0.759021,-108.599831,36.788703,0.598866,49.37793,-66.900138,-0.598866,0.759021,0.255436,-0.255436,NA,NA,NA,NA,NA,NA,NA,NA,NA,NA,NA,NA
NA,NA,NA,NA,NA,NA,NA,NA,NA,NA,NA,NA,NA,NA,NA,NA,35,2025-10-04,12:33:18,5,2,"Mahan, Riley",10068537,Right,CLE_SCC,"Pierce, Johno",10069844,Right,CAR_EAG,Undefined,1,Bottom,2,1,0,Fastball,Four-Seam,StrikeCalled,Undefined,Undefined,Undefined,0,0,NA,87.31451,-1.743447,-2.584532,2178.661342,207.230689,01:00:00,5.92586,1.6278,6.33095,-19.1004,17.27926,8.2467,2.72655,-0.06661,79.22756,-5.400851,-1.093886,0.434111,NA,NA,NA,NA,NA,NA,NA,NA,NA,NA,NA,-5.04209,9.87304,-1.44272,50,5.78928,5.38659,-126.64823,-4.36428,-8.12027,27.90157,-16.27353,CAR_EAG,CLE_SCC,CarsonNewman,TeamExclusive,Team,20251004-CarsonNewman-Private-2,d5f91d90-a13f-11f0-8e17-f9dcdb0ff224,86.82675,NA,NA,8.08695,NA,NA,NA,NA,NA,NA,aa1485ac-9891-46a2-85a3-6504a17cc3e8,2025-10-04,16:33:18,2025-10-04T16:33:18Z,2025-10-04T16:33:18Z,NA,v3,CNE,CSCC,NA,"Christopher, Conner",10087004,Right,CLE_SCC,d3f5209a-6e48-4f3a-8039-407ac8bca9da,54.16811,-127.56319,13.95079,5.92365,-3.83063,-8.13677,-1.62372,5.65287,-4.06013,NA,NA,NA,NA,NA,NA,NA,NA,NA,NA,NA,NA,NA,NA,NA,NA,NA,NA,NA,NA,NA,NA,NA,NA,NA,NA,NA,NA,NA,NA,NA,NA,NA,NA,NA,NA,NA,NA,NA,NA,NA,NA,NA,NA,NA,NA,NA,NA,NA,NA,High,High,High,NA,NA,NA,NA,NA,223.551479,20.84948,2035.999674,0.934519,01:30:00,-0.366359,-0.654419,-0.66145,-18.562738,44.608383,53.093928,-0.220845,176.211239,-0.973177,-3.695081,0.973177,-0.064447,0.220845,12.7857,-12.758671,0.064447,-0.064447,-176.211239,12.758671,0.220845,3.695081,-12.7857,-0.220845,0.064447,0.973177,-0.973177,NA,NA,NA,NA,NA,NA,NA,NA,NA,NA,NA,NA
NA,NA,NA,NA,NA,NA,NA,NA,NA,NA,NA,NA,NA,NA,NA,NA,36,2025-10-04,12:33:36,5,3,"Mahan, Riley",10068537,Right,CLE_SCC,"Pierce, Johno",10069844,Right,CAR_EAG,Undefined,1,Bottom,2,1,1,Fastball,Four-Seam,FoulBallNotFieldable,Undefined,Undefined,Undefined,0,0,NA,87.98606,-1.76728,-3.17549,2130.265107,219.739709,01:15:00,5.90247,1.82206,6.44225,-22.17001,13.46808,10.19469,2.42796,-0.24942,80.03683,-5.975276,-1.329595,0.429664,91.07068,25.445546,35.897092,4736.957589,84.96634,44.06683,69.86165,317.90473,195.29849,49.301012,4.128324,-6.2878,7.92878,-1.60075,50,5.76673,6.68813,-127.63736,-4.56998,-10.29773,28.04457,-19.18877,CAR_EAG,CLE_SCC,CarsonNewman,TeamExclusive,Team,20251004-CarsonNewman-Private-2,e0befd30-a13f-11f0-8e17-f9dcdb0ff224,87.72544,54.491,NA,7.94924,NA,NA,NA,0.77144,2.39405,0.26703,aa1485ac-9891-46a2-85a3-6504a17cc3e8,2025-10-04,16:33:36,2025-10-04T16:33:36Z,2025-10-04T16:33:36Z,FlyBall,v3,CNE,CSCC,NA,"Christopher, Conner",10087004,Right,CLE_SCC,576dfa2a-fa44-4c6e-b08e-2e0ba799fc5c,54.05902,-128.52612,14.02228,5.90192,-3.96187,-9.59438,-1.81787,7.01447,-5.14886,226.569532,0.77154,97.70846,-19.19575,3.67965,-0.97463,0.30456,-0.08279,0.01342,-8.9e-4,2.39464,57.36892,-18.00841,1.39794,0.00323,-0.14571,0.06307,-0.01145,7.7e-4,0.26657,70.73187,-4.20493,0.63691,-0.2415,0.10437,-0.03292,0.0057,-3.9e-4,NA,NA,NA,NA,NA,NA,NA,NA,NA,NA,NA,NA,NA,NA,NA,NA,NA,NA,NA,NA,NA,NA,High,High,High,High,Medium,NA,NA,NA,225.113717,25.108534,1928.966991,0.905506,01:30:00,-0.439124,-0.65434,-0.615637,-31.81422,39.330336,35.7267,-0.264183,169.166864,-0.947284,-10.44386,0.947284,-0.181272,0.264183,15.582973,-15.318419,0.181272,-0.181272,-169.166864,15.318419,0.264183,10.44386,-15.582973,-0.264183,0.181272,0.947284,-0.947284,NA,NA,NA,NA,NA,NA,NA,NA,NA,NA,NA,NA
NA,NA,NA,NA,NA,NA,NA,NA,NA,NA,NA,NA,NA,NA,NA,NA,37,2025-10-04,12:34:08,5,4,"Mahan, Riley",10068537,Right,CLE_SCC,"Pierce, Johno",10069844,Right,CAR_EAG,Undefined,1,Bottom,2,1,2,Slider,Curveball,BallCalled,Undefined,Undefined,Undefined,0,0,NA,76.09057,-2.027542,-3.899597,2331.629448,50.379731,07:45:00,6.01489,1.4758,5.95441,-58.75594,-9.25615,-13.35205,-0.76702,-3.25912,69.533,-12.686518,-6.299755,0.506376,NA,NA,NA,NA,NA,NA,NA,NA,NA,NA,NA,5.55933,-3.68414,-1.15754,50,5.82015,7.96573,-110.10835,-5.68812,6.63838,24.53115,-36.57324,CAR_EAG,CLE_SCC,CarsonNewman,TeamExclusive,Team,20251004-CarsonNewman-Private-2,f3b173f0-a13f-11f0-8e17-f9dcdb0ff224,74.43569,NA,NA,6.55757,NA,NA,NA,NA,NA,NA,aa1485ac-9891-46a2-85a3-6504a17cc3e8,2025-10-04,16:34:08,2025-10-04T16:34:08Z,2025-10-04T16:34:08Z,NA,v3,CNE,CSCC,NA,"Christopher, Conner",10087004,Right,CLE_SCC,7dfb0184-d388-443b-882b-1b5f76d1f083,54.54985,-111.1174,12.26557,6.02318,-4.18375,-18.28662,-1.47958,7.69267,3.31919,NA,NA,NA,NA,NA,NA,NA,NA,NA,NA,NA,NA,NA,NA,NA,NA,NA,NA,NA,NA,NA,NA,NA,NA,NA,NA,NA,NA,NA,NA,NA,NA,NA,NA,NA,NA,NA,NA,NA,NA,NA,NA,NA,NA,NA,NA,NA,NA,NA,NA,High,High,High,NA,NA,NA,NA,NA,30.359415,48.298913,1551.103722,0.665245,07:00:00,-0.717261,0.309604,0.624246,-34.589875,18.177402,22.751561,-0.709395,161.612987,-0.668829,-12.845419,0.668829,-0.222321,0.709395,46.68592,-45.185693,0.222321,-0.222321,-161.612987,45.185693,0.709395,12.845419,-46.68592,-0.709395,0.222321,0.668829,-0.668829,NA,NA,NA,NA,NA,NA,NA,NA,NA,NA,NA,NA
NA,NA,NA,NA,NA,NA,NA,NA,NA,NA,NA,NA,NA,NA,NA,NA,38,2025-10-04,12:34:38,5,5,"Mahan, Riley",10068537,Right,CLE_SCC,"Pierce, Johno",10069844,Right,CAR_EAG,Undefined,1,Bottom,2,2,2,Fastball,Sinker,StrikeCalled,Strikeout,Undefined,Undefined,0,0,NA,89.62371,-2.244449,-4.507537,2301.760936,231.536909,01:45:00,5.91193,1.60478,6.57981,-20.27631,14.04024,16.17556,2.1577,-1.18709,81.33542,-6.116445,-1.577294,0.421622,NA,NA,NA,NA,NA,NA,NA,NA,NA,NA,NA,-9.78347,8.39339,-1.30076,50,5.74871,9.58843,-129.78645,-5.65344,-16.55736,29.14131,-17.96926,CAR_EAG,CLE_SCC,CarsonNewman,TeamExclusive,Team,20251004-CarsonNewman-Private-2,05576d80-a140-11f0-8e17-f9dcdb0ff224,89.39868,NA,NA,8.28829,NA,NA,NA,NA,NA,NA,aa1485ac-9891-46a2-85a3-6504a17cc3e8,2025-10-04,16:34:38,2025-10-04T16:34:38Z,2025-10-04T16:34:38Z,NA,v3,CNE,CSCC,NA,"Christopher, Conner",10087004,Right,CLE_SCC,18cc23b4-9bd1-44ea-ad3b-25f6b9050d66,53.92058,-130.66378,14.57065,5.91077,-5.11245,-8.98463,-1.59693,10.08691,-8.27868,NA,NA,NA,NA,NA,NA,NA,NA,NA,NA,NA,NA,NA,NA,NA,NA,NA,NA,NA,NA,NA,NA,NA,NA,NA,NA,NA,NA,NA,NA,NA,NA,NA,NA,NA,NA,NA,NA,NA,NA,NA,NA,NA,NA,NA,NA,NA,NA,NA,NA,High,High,High,NA,NA,NA,NA,NA,223.742326,22.462794,2127.12136,0.924128,01:30:00,-0.408133,-0.65343,-0.637539,28.922604,38.431561,-27.751317,-0.931258,105.35726,-0.096496,-20.569853,0.096496,-0.351349,0.931258,84.084201,-68.63185,0.351349,-0.351349,-105.35726,68.63185,0.931258,20.569853,-84.084201,-0.931258,0.351349,0.096496,-0.096496,NA,NA,NA,NA,NA,NA,NA,NA,NA,NA,NA,NA
NA,NA,NA,NA,NA,NA,NA,NA,NA,NA,NA,NA,NA,NA,NA,NA,39,2025-10-04,12:36:41,1,1,"Casson, Kolton",1000370207,Right,CAR_EAG,"Baker, Adam",831407,Right,CLE_SCC,Undefined,2,Top,0,0,0,Slider,Curveball,StrikeSwinging,Undefined,Undefined,Undefined,0,0,NA,78.16584,0.419274,-3.862713,2102.750803,36.308797,07:15:00,5.2799,2.85502,5.82841,-49.31471,-3.10047,-3.37079,1.56101,-1.02227,71.68272,-8.607618,-4.465324,0.489282,NA,NA,NA,NA,NA,NA,NA,NA,NA,NA,NA,0.57654,-1.23724,-2.53696,50,5.28528,7.77541,-113.28897,-0.75012,0.74478,21.85572,-33.77236,CAR_EAG,CLE_SCC,CarsonNewman,TeamExclusive,Team,20251004-CarsonNewman-Private-2,4eabdbb0-a140-11f0-8e17-f9dcdb0ff224,77.03623,NA,NA,6.48312,NA,NA,NA,NA,NA,NA,aa1485ac-9891-46a2-85a3-6504a17cc3e8,2025-10-04,16:36:41,2025-10-04T16:36:41Z,2025-10-04T16:36:41Z,NA,v3,CNE,CSCC,NA,"Van Ness, Jameson",1000370206,Right,CAR_EAG,fbacda79-f089-41ef-a45e-01a047058ace,54.67394,-114.1871,10.92786,5.28759,0.63772,-16.88618,-2.8558500000000002,7.74481,0.37239,NA,NA,NA,NA,NA,NA,NA,NA,NA,NA,NA,NA,NA,NA,NA,NA,NA,NA,NA,NA,NA,NA,NA,NA,NA,NA,NA,NA,NA,NA,NA,NA,NA,NA,NA,NA,NA,NA,NA,NA,NA,NA,NA,NA,NA,NA,NA,NA,NA,NA,High,High,High,NA,NA,NA,NA,NA,58.584406,77.780851,445.050243,0.211651,08:00:00,-0.966348,0.187772,0.17582,105.0933,-21.588652,15.31086,-0.357562,125.952745,-0.548303,-49.111507,0.548303,-0.755985,0.357562,33.109342,-20.95053,0.755985,-0.755985,-125.952745,20.95053,0.357562,49.111507,-33.109342,-0.357562,0.755985,0.548303,-0.548303,NA,NA,NA,NA,NA,NA,NA,NA,NA,NA,NA,NA
NA,NA,NA,NA,NA,NA,NA,NA,NA,NA,NA,NA,NA,NA,NA,NA,40,2025-10-04,12:36:53,1,2,"Casson, Kolton",1000370207,Right,CAR_EAG,"Baker, Adam",831407,Right,CLE_SCC,Undefined,2,Top,0,0,1,Slider,Curveball,BallCalled,Undefined,Undefined,Undefined,0,0,NA,77.18655,1.303708,-3.552648,2172.324834,72.00841,08:30:00,5.22647,2.74881,5.86296,-49.76967,-1.49429,-10.24512,2.2927399999999998,-1.40974,69.38245,-7.886073,-5.383788,0.500074,NA,NA,NA,NA,NA,NA,NA,NA,NA,NA,NA,3.92107,-0.61555,-2.45459,50,5.30433,7.3224,-111.63598,0.98024,4.81794,25.02791,-32.93041,CAR_EAG,CLE_SCC,CarsonNewman,TeamExclusive,Team,20251004-CarsonNewman-Private-2,561c4ec0-a140-11f0-8e17-f9dcdb0ff224,75.37375,NA,NA,7.80409,NA,NA,NA,NA,NA,NA,aa1485ac-9891-46a2-85a3-6504a17cc3e8,2025-10-04,16:36:53,2025-10-04T16:36:53Z,2025-10-04T16:36:53Z,NA,v3,CNE,CSCC,NA,"Van Ness, Jameson",1000370206,Right,CAR_EAG,f7361b39-f9cc-4dc0-b2f7-d5cc5fe406b6,54.63536,-112.6704,12.51395,5.23569,2.34127,-16.46521,-2.75311,7.12327,2.40897,NA,NA,NA,NA,NA,NA,NA,NA,NA,NA,NA,NA,NA,NA,NA,NA,NA,NA,NA,NA,NA,NA,NA,NA,NA,NA,NA,NA,NA,NA,NA,NA,NA,NA,NA,NA,NA,NA,NA,NA,NA,NA,NA,NA,NA,NA,NA,NA,NA,NA,High,High,High,NA,NA,NA,NA,NA,60.096724,70.245671,734.219369,0.337988,08:00:00,-0.922004,0.314328,0.226067,80.971382,-10.226275,4.398228,-0.4367,110.786808,-0.319263,-57.251117,0.319263,-0.84105,0.4367,53.830144,-25.893499,0.84105,-0.84105,-110.786808,25.893499,0.4367,57.251117,-53.830144,-0.4367,0.84105,0.319263,-0.319263,NA,NA,NA,NA,NA,NA,NA,NA,NA,NA,NA,NA
NA,NA,NA,NA,NA,NA,NA,NA,NA,NA,NA,NA,NA,NA,NA,NA,41,2025-10-04,12:37:07,1,3,"Casson, Kolton",1000370207,Right,CAR_EAG,"Baker, Adam",831407,Right,CLE_SCC,Undefined,2,Top,0,1,1,Fastball,Four-Seam,StrikeCalled,Undefined,Undefined,Undefined,0,0,NA,89.43336,-0.591911,-4.843563,2350.004631,219.449219,01:15:00,5.62221,2.40925,6.74321,-18.07103,16.40347,12.46446,3.57352,-0.98807,80.43895,-4.099641,-2.582693,0.422591,NA,NA,NA,NA,NA,NA,NA,NA,NA,NA,NA,-8.05595,9.18516,-2.09373,50,5.57572,10.47477,-129.45869,-1.7738,-13.46781,30.78523,-16.81849,CAR_EAG,CLE_SCC,CarsonNewman,TeamExclusive,Team,20251004-CarsonNewman-Private-2,5e6c7370-a140-11f0-8e17-f9dcdb0ff224,89.19365,NA,NA,8.9944,NA,NA,NA,NA,NA,NA,aa1485ac-9891-46a2-85a3-6504a17cc3e8,2025-10-04,16:37:07,2025-10-04T16:37:07Z,2025-10-04T16:37:07Z,NA,v3,CNE,CSCC,NA,"Van Ness, Jameson",1000370206,Right,CAR_EAG,eafe5196-1431-452c-b56d-feb342303514,53.75474,-130.3485,15.39262,5.61996,-1.28768,-8.40925,-2.40212,10.86404,-6.7339,NA,NA,NA,NA,NA,NA,NA,NA,NA,NA,NA,NA,NA,NA,NA,NA,NA,NA,NA,NA,NA,NA,NA,NA,NA,NA,NA,NA,NA,NA,NA,NA,NA,NA,NA,NA,NA,NA,NA,NA,NA,NA,NA,NA,NA,NA,NA,NA,NA,NA,High,High,High,NA,NA,NA,NA,NA,224.877736,21.652222,2184.189657,0.929441,01:30:00,-0.416494,-0.659587,-0.625682,-53.344347,25.443681,-10.250143,0.121831,179.721666,-0.992539,0.27626,0.992539,-0.004822,-0.121831,6.997893,6.997811,0.004822,0.004822,-179.721666,-6.997811,0.121831,-0.27626,-6.997893,-0.121831,-0.004822,0.992539,-0.992539,NA,NA,NA,NA,NA,NA,NA,NA,NA,NA,NA,NA
NA,NA,NA,NA,NA,NA,NA,NA,NA,NA,NA,NA,NA,NA,NA,NA,42,2025-10-04,12:37:20,1,4,"Casson, Kolton",1000370207,Right,CAR_EAG,"Baker, Adam",831407,Right,CLE_SCC,Undefined,2,Top,0,1,2,Fastball,Sinker,BallCalled,Undefined,Undefined,Undefined,0,0,NA,89.33146,-2.381029,-5.10359,2331.012053,223.264924,01:30:00,5.48108,2.56203,6.49319,-19.60477,15.35871,13.24072,1.65151,-1.03231,80.52053,-6.139938,-2.713554,0.425578,NA,NA,NA,NA,NA,NA,NA,NA,NA,NA,NA,-8.48504,9.15579,-2.20821,50,5.30462,10.99081,-129.11042,-5.91141,-14.11538,30.50633,-16.9428,CAR_EAG,CLE_SCC,CarsonNewman,TeamExclusive,Team,20251004-CarsonNewman-Private-2,663d2ef0-a140-11f0-8e17-f9dcdb0ff224,88.56772,NA,NA,8.81093,NA,NA,NA,NA,NA,NA,aa1485ac-9891-46a2-85a3-6504a17cc3e8,2025-10-04,16:37:20,2025-10-04T16:37:20Z,2025-10-04T16:37:20Z,NA,v3,CNE,CSCC,NA,"Van Ness, Jameson",1000370206,Right,CAR_EAG,794c97ce-8a5f-4cbe-82d9-a403d21854c1,54.00512,-130.05331,15.25317,5.47924,-5.38774,-8.4714,-2.55465,11.42709,-7.05769,NA,NA,NA,NA,NA,NA,NA,NA,NA,NA,NA,NA,NA,NA,NA,NA,NA,NA,NA,NA,NA,NA,NA,NA,NA,NA,NA,NA,NA,NA,NA,NA,NA,NA,NA,NA,NA,NA,NA,NA,NA,NA,NA,NA,NA,NA,NA,NA,NA,NA,High,High,High,NA,NA,NA,NA,NA,230.789287,14.031514,2261.460521,0.970163,01:45:00,-0.264738,-0.761131,-0.592109,-25.31581,46.989169,37.848782,0.012479,178.40451,-0.999534,1.595366,0.999534,-0.027841,-0.012479,0.715296,0.715019,0.027841,0.027841,-178.40451,-0.715019,0.012479,-1.595366,-0.715296,-0.012479,-0.027841,0.999534,-0.999534,NA,NA,NA,NA,NA,NA,NA,NA,NA,NA,NA,NA
NA,NA,NA,NA,NA,NA,NA,NA,NA,NA,NA,NA,NA,NA,NA,NA,43,2025-10-04,12:37:34,1,5,"Casson, Kolton",1000370207,Right,CAR_EAG,"Baker, Adam",831407,Right,CLE_SCC,Undefined,2,Top,0,2,2,Slider,Curveball,StrikeSwinging,Strikeout,Undefined,Undefined,0,0,NA,76.43709,-0.651967,-2.930334,2144.995117,48.295123,07:30:00,5.21923,2.76725,5.97761,-52.14448,-3.82047,-6.14418,0.26864,-0.46366,69.92269,-10.210177,-4.035433,0.500326,NA,NA,NA,NA,NA,NA,NA,NA,NA,NA,NA,2.2198,-1.25445,-2.5319,50,5.13902,5.89413,-110.84137,-2.85949,2.72205,22.45963,-33.71231,CAR_EAG,CLE_SCC,CarsonNewman,TeamExclusive,Team,20251004-CarsonNewman-Private-2,6e4e75e0-a140-11f0-8e17-f9dcdb0ff224,75.33577,NA,NA,6.5144,NA,NA,NA,NA,NA,NA,aa1485ac-9891-46a2-85a3-6504a17cc3e8,2025-10-04,16:37:34,2025-10-04T16:37:34Z,2025-10-04T16:37:34Z,NA,v3,CNE,CSCC,NA,"Van Ness, Jameson",1000370206,Right,CAR_EAG,947f6c8b-e309-46f6-a0a8-39063267e5e3,54.52446,-111.7544,11.22981,5.2274,-1.48903,-16.85616,-2.76926,5.78347,1.36102,NA,NA,NA,NA,NA,NA,NA,NA,NA,NA,NA,NA,NA,NA,NA,NA,NA,NA,NA,NA,NA,NA,NA,NA,NA,NA,NA,NA,NA,NA,NA,NA,NA,NA,NA,NA,NA,NA,NA,NA,NA,NA,NA,NA,NA,NA,NA,NA,NA,NA,High,High,High,NA,NA,NA,NA,NA,53.727,73.254794,618.007721,0.288116,07:45:00,-0.950207,0.22137,0.219322,81.453321,-4.157227,11.381895,-0.340293,112.358083,-0.357692,-60.41574,0.357692,-0.869631,0.340293,43.572059,-19.894716,0.869631,-0.869631,-112.358083,19.894716,0.340293,60.41574,-43.572059,-0.340293,0.869631,0.357692,-0.357692,NA,NA,NA,NA,NA,NA,NA,NA,NA,NA,NA,NA
NA,NA,NA,NA,NA,NA,NA,NA,NA,NA,NA,NA,NA,NA,NA,NA,44,2025-10-04,12:38:00,2,1,"Casson, Kolton",1000370207,Right,CAR_EAG,"Coe, Parker",836093,Right,CLE_SCC,Undefined,2,Top,1,0,0,Fastball,Sinker,StrikeSwinging,Undefined,Undefined,Undefined,0,0,NA,89.99041,-1.039632,-4.445908,2259.424994,222.253524,01:30:00,5.45559,2.68532,6.40754,-19.38233,14.9543,12.48268,2.88143,-0.37085,81.29851,-4.751592,-2.193492,0.421745,NA,NA,NA,NA,NA,NA,NA,NA,NA,NA,NA,-7.84252,8.46504,-2.37146,50,5.37192,9.62,-130.31166,-2.90585,-13.33654,30.20385,-17.77888,CAR_EAG,CLE_SCC,CarsonNewman,TeamExclusive,Team,20251004-CarsonNewman-Private-2,7dc162d0-a140-11f0-8e17-f9dcdb0ff224,89.37252,NA,NA,8.69189,NA,NA,NA,NA,NA,NA,aa1485ac-9891-46a2-85a3-6504a17cc3e8,2025-10-04,16:38:00,2025-10-04T16:38:00Z,2025-10-04T16:38:00Z,NA,v3,CNE,CSCC,NA,"Van Ness, Jameson",1000370206,Right,CAR_EAG,93547d01-57b4-49b8-9536-95f1148880ba,54.09183,-131.25665,15.10192,5.45413,-2.3496,-8.88944,-2.67897,10.03726,-6.66827,NA,NA,NA,NA,NA,NA,NA,NA,NA,NA,NA,NA,NA,NA,NA,NA,NA,NA,NA,NA,NA,NA,NA,NA,NA,NA,NA,NA,NA,NA,NA,NA,NA,NA,NA,NA,NA,NA,NA,NA,NA,NA,NA,NA,NA,NA,NA,NA,NA,NA,High,High,High,NA,NA,NA,NA,NA,230.722777,14.930765,2183.141998,0.966238,01:45:00,-0.290722,-0.752509,-0.590941,-85.590512,-22.50497,72.290414,-0.970085,97.054159,-0.029814,-13.94138,0.029814,-0.240929,0.970085,88.239686,-75.950111,0.240929,-0.240929,-97.054159,75.950111,0.970085,13.94138,-88.239686,-0.970085,0.240929,0.029814,-0.029814,NA,NA,NA,NA,NA,NA,NA,NA,NA,NA,NA,NA
NA,NA,NA,NA,NA,NA,NA,NA,NA,NA,NA,NA,NA,NA,NA,NA,45,2025-10-04,12:38:13,2,2,"Casson, Kolton",1000370207,Right,CAR_EAG,"Coe, Parker",836093,Right,CLE_SCC,Undefined,2,Top,1,0,1,Fastball,Sinker,StrikeSwinging,Undefined,Undefined,Undefined,0,0,NA,88.47615,-0.817911,-3.857653,2226.394774,222.951361,01:30:00,5.58388,2.67291,6.5821,-18.37871,17.04064,14.64497,3.30096,0.35248,79.48936,-4.382068,-1.202764,0.428343,NA,NA,NA,NA,NA,NA,NA,NA,NA,NA,NA,-8.86918,9.56241,-2.41316,50,5.51964,8.05825,-128.18867,-2.28488,-14.50903,30.66631,-16.53102,CAR_EAG,CLE_SCC,CarsonNewman,TeamExclusive,Team,20251004-CarsonNewman-Private-2,859dde20-a140-11f0-8e17-f9dcdb0ff224,87.99592,NA,NA,8.98679,NA,NA,NA,NA,NA,NA,aa1485ac-9891-46a2-85a3-6504a17cc3e8,2025-10-04,16:38:13,2025-10-04T16:38:13Z,2025-10-04T16:38:13Z,NA,v3,CNE,CSCC,NA,"Van Ness, Jameson",1000370206,Right,CAR_EAG,08060c3e-9811-43e4-ac6b-a4b34e496c93,53.91618,-129.12213,15.33315,5.58153,-1.78169,-8.26551,-2.66517,8.49989,-7.25451,NA,NA,NA,NA,NA,NA,NA,NA,NA,NA,NA,NA,NA,NA,NA,NA,NA,NA,NA,NA,NA,NA,NA,NA,NA,NA,NA,NA,NA,NA,NA,NA,NA,NA,NA,NA,NA,NA,NA,NA,NA,NA,NA,NA,NA,NA,NA,NA,NA,NA,High,High,High,NA,NA,NA,NA,NA,228.639667,12.348905,2174.883537,0.976863,01:30:00,-0.246344,-0.736181,-0.630359,-47.184543,-29.239708,-50.627869,0.104236,176.998184,-0.993188,2.985449,0.993188,-0.052082,-0.104236,5.991338,5.983176,0.052082,0.052082,-176.998184,-5.983176,0.104236,-2.985449,-5.991338,-0.104236,-0.052082,0.993188,-0.993188,NA,NA,NA,NA,NA,NA,NA,NA,NA,NA,NA,NA
NA,NA,NA,NA,NA,NA,NA,NA,NA,NA,NA,NA,NA,NA,NA,NA,46,2025-10-04,12:38:26,2,3,"Casson, Kolton",1000370207,Right,CAR_EAG,"Coe, Parker",836093,Right,CLE_SCC,Undefined,2,Top,1,0,2,Fastball,Sinker,FoulBallNotFieldable,Undefined,Undefined,Undefined,0,0,NA,90.80418,-1.646713,-4.138362,2373.951977,228.006657,01:30:00,5.58545,2.39884,6.36103,-19.17973,14.72253,14.97257,2.46721,-0.16882,81.76553,-5.322448,-1.436108,0.419069,NA,NA,NA,NA,NA,NA,NA,NA,NA,NA,NA,-9.11524,8.55327,-2.10521,50,5.45686,8.89597,-131.4743,-4.32846,-15.70742,31.90534,-17.435,CAR_EAG,CLE_SCC,CarsonNewman,TeamExclusive,Team,20251004-CarsonNewman-Private-2,8d883c20-a140-11f0-8e17-f9dcdb0ff224,89.94324,NA,NA,9.03865,NA,NA,NA,NA,NA,NA,aa1485ac-9891-46a2-85a3-6504a17cc3e8,2025-10-04,16:38:26,2025-10-04T16:38:26Z,2025-10-04T16:38:26Z,NA,v3,CNE,CSCC,NA,"Van Ness, Jameson",1000370206,Right,CAR_EAG,f63221d0-8663-4bd6-9d54-46aa11abc6fe,54.13902,-132.47492,15.95267,5.58404,-3.78166,-8.7175,-2.39193,9.38859,-7.85371,NA,NA,NA,NA,NA,NA,NA,NA,NA,NA,NA,NA,NA,NA,NA,NA,NA,NA,NA,NA,NA,NA,NA,NA,NA,NA,NA,NA,NA,NA,NA,NA,NA,NA,NA,NA,NA,NA,NA,NA,NA,NA,NA,NA,NA,NA,NA,NA,NA,NA,High,High,High,NA,NA,NA,NA,NA,230.421878,7.943217,2351.175118,0.990406,01:45:00,-0.161433,-0.767017,-0.620986,-58.859522,-18.69496,-24.768573,-0.156657,178.100782,-0.987111,-1.87576,0.987111,-0.032732,0.156657,9.017757,-9.012885,0.032732,-0.032732,-178.100782,9.012885,0.156657,1.87576,-9.017757,-0.156657,0.032732,0.987111,-0.987111,NA,NA,NA,NA,NA,NA,NA,NA,NA,NA,NA,NA
NA,NA,NA,NA,NA,NA,NA,NA,NA,NA,NA,NA,NA,NA,NA,NA,47,2025-10-04,12:38:42,2,4,"Casson, Kolton",1000370207,Right,CAR_EAG,"Coe, Parker",836093,Right,CLE_SCC,Undefined,2,Top,1,0,2,Slider,Slider,StrikeSwinging,Strikeout,Undefined,Undefined,0,0,NA,78.21683,0.003874,-2.990339,2138.103021,119.162128,10:00:00,5.28666,2.86744,5.734,-41.76026,4.56654,-5.44048,1.81026,-0.37334,71.48039,-7.680313,-3.96219,0.489877,NA,NA,NA,NA,NA,NA,NA,NA,NA,NA,NA,1.86374,2.80878,-2.61464,50,5.26159,6.1313,-113.38817,-1.3141,2.409,22.1209,-28.54351,CAR_EAG,CLE_SCC,CarsonNewman,TeamExclusive,Team,20251004-CarsonNewman-Private-2,9735cdf0-a140-11f0-8e17-f9dcdb0ff224,76.94259,NA,NA,6.73644,NA,NA,NA,NA,NA,NA,aa1485ac-9891-46a2-85a3-6504a17cc3e8,2025-10-04,16:38:42,2025-10-04T16:38:42Z,2025-10-04T16:38:42Z,NA,v3,CNE,CSCC,NA,"Van Ness, Jameson",1000370206,Right,CAR_EAG,0f2c4d0b-e9a5-4fcc-a9ab-5482dd1a9376,54.76613,-114.31421,11.06045,5.29159,-0.11919,-14.27176,-2.8692,6.03046,1.2045,NA,NA,NA,NA,NA,NA,NA,NA,NA,NA,NA,NA,NA,NA,NA,NA,NA,NA,NA,NA,NA,NA,NA,NA,NA,NA,NA,NA,NA,NA,NA,NA,NA,NA,NA,NA,NA,NA,NA,NA,NA,NA,NA,NA,NA,NA,NA,NA,NA,NA,High,High,High,NA,NA,NA,NA,NA,67.841202,74.250832,580.337749,0.271426,08:15:00,-0.955791,0.251445,0.152444,100.799459,-10.775345,-0.772407,-0.278788,107.958347,-0.296101,-66.00279,0.296101,-0.913565,0.278788,43.274978,-16.187862,0.913565,-0.913565,-107.958347,16.187862,0.278788,66.00279,-43.274978,-0.278788,0.913565,0.296101,-0.296101,NA,NA,NA,NA,NA,NA,NA,NA,NA,NA,NA,NA
NA,NA,NA,NA,NA,NA,NA,NA,NA,NA,NA,NA,NA,NA,NA,NA,48,2025-10-04,12:38:59,3,1,"Casson, Kolton",1000370207,Right,CAR_EAG,"Long, Ryan",10089030,Left,CLE_SCC,Undefined,2,Top,2,0,0,Fastball,Sinker,BallCalled,Undefined,Undefined,Undefined,0,0,NA,90.55709,-3.276126,-5.088817,2338.498243,229.443757,01:45:00,5.41699,2.81992,6.37713,-21.27076,12.543,13.34469,0.61494,-0.76242,82.72484,-7.284592,-2.683929,0.418522,NA,NA,NA,NA,NA,NA,NA,NA,NA,NA,NA,-8.36638,7.80985,-2.45756,50,5.16953,11.11727,-130.9361,-8.15587,-14.49598,28.15001,-18.64238,CAR_EAG,CLE_SCC,CarsonNewman,TeamExclusive,Team,20251004-CarsonNewman-Private-2,a15a8b90-a140-11f0-8e17-f9dcdb0ff224,90.06088,NA,NA,7.83226,NA,NA,NA,NA,NA,NA,aa1485ac-9891-46a2-85a3-6504a17cc3e8,2025-10-04,16:38:59,2025-10-04T16:38:59Z,2025-10-04T16:38:59Z,NA,v3,CNE,CSCC,NA,"Van Ness, Jameson",1000370206,Right,CAR_EAG,06cc344b-6b2a-41b3-b36d-e9de52a7d025,54.12401,-131.81974,14.07501,5.41637,-7.57068,-9.32119,-2.81367,11.5723,-7.24799,NA,NA,NA,NA,NA,NA,NA,NA,NA,NA,NA,NA,NA,NA,NA,NA,NA,NA,NA,NA,NA,NA,NA,NA,NA,NA,NA,NA,NA,NA,NA,NA,NA,NA,NA,NA,NA,NA,NA,NA,NA,NA,NA,NA,NA,NA,NA,NA,NA,NA,High,High,High,NA,NA,NA,NA,NA,233.154549,7.090834,2320.612701,0.992352,01:45:00,-0.130334,-0.799892,-0.585821,-78.997948,-26.70318,85.37787,-0.98487,101.332433,-0.034053,-9.783085,0.034053,-0.169919,0.98487,88.019714,-80.020416,0.169919,-0.169919,-101.332433,80.020416,0.98487,9.783085,-88.019714,-0.98487,0.169919,0.034053,-0.034053,NA,NA,NA,NA,NA,NA,NA,NA,NA,NA,NA,NA
NA,NA,NA,NA,NA,NA,NA,NA,NA,NA,NA,NA,NA,NA,NA,NA,49,2025-10-04,12:39:12,3,2,"Casson, Kolton",1000370207,Right,CAR_EAG,"Long, Ryan",10089030,Left,CLE_SCC,Undefined,2,Top,2,1,0,Fastball,Four-Seam,BallCalled,Undefined,Undefined,Undefined,0,0,NA,90.28473,-2.926926,-5.767886,2254.710486,222.052565,01:30:00,5.41288,2.6577,6.4503,-18.80021,15.15572,12.65481,1.14094,-1.60518,82.39667,-6.501302,-3.489942,0.419401,NA,NA,NA,NA,NA,NA,NA,NA,NA,NA,NA,-8.19012,9.07548,-2.25265,50,5.1956,12.66484,-130.44926,-7.22165,-14.0966,27.73441,-16.55355,CAR_EAG,CLE_SCC,CarsonNewman,TeamExclusive,Team,20251004-CarsonNewman-Private-2,a8f91380-a140-11f0-8e17-f9dcdb0ff224,89.87216,NA,NA,7.88805,NA,NA,NA,NA,NA,NA,aa1485ac-9891-46a2-85a3-6504a17cc3e8,2025-10-04,16:39:12,2025-10-04T16:39:12Z,2025-10-04T16:39:12Z,NA,v3,CNE,CSCC,NA,"Van Ness, Jameson",1000370206,Right,CAR_EAG,c5864b5e-509a-47f1-971e-ad5b879f549b,54.05036,-131.30756,13.86721,5.41116,-6.70936,-8.27677,-2.65135,13.1011,-7.0483,NA,NA,NA,NA,NA,NA,NA,NA,NA,NA,NA,NA,NA,NA,NA,NA,NA,NA,NA,NA,NA,NA,NA,NA,NA,NA,NA,NA,NA,NA,NA,NA,NA,NA,NA,NA,NA,NA,NA,NA,NA,NA,NA,NA,NA,NA,NA,NA,NA,NA,High,High,High,NA,NA,NA,NA,NA,231.646844,13.973653,2187.986548,0.970407,01:45:00,-0.261793,-0.772332,-0.578764,-96.769526,-27.495888,75.229052,-0.98888,118.96257,-0.072014,-7.476333,0.072014,-0.130117,0.98888,85.83487,-81.4475,0.130117,-0.130117,-118.96257,81.4475,0.98888,7.476333,-85.83487,-0.98888,0.130117,0.072014,-0.072014,NA,NA,NA,NA,NA,NA,NA,NA,NA,NA,NA,NA
NA,NA,NA,NA,NA,NA,NA,NA,NA,NA,NA,NA,NA,NA,NA,NA,50,2025-10-04,12:39:30,3,3,"Casson, Kolton",1000370207,Right,CAR_EAG,"Long, Ryan",10089030,Left,CLE_SCC,Undefined,2,Top,2,2,0,Fastball,Four-Seam,FoulBallNotFieldable,Undefined,Undefined,Undefined,0,0,NA,90.24696,-1.505416,-4.409775,2344.148971,222.561154,01:30:00,5.37915,2.69546,6.54423,-19.34285,14.56591,12.29115,2.38214,-0.33271,81.72861,-5.210526,-2.185703,0.419109,70.78355,40.731961,137.018433,5814.769313,NA,NA,NA,NA,21.23407,NA,NA,-7.82603,8.45536,-2.39461,50,5.26622,9.60475,-130.75098,-3.97256,-13.41113,30.16644,-17.68451,CAR_EAG,CLE_SCC,CarsonNewman,TeamExclusive,Team,20251004-CarsonNewman-Private-2,b376c690-a140-11f0-8e17-f9dcdb0ff224,89.93465,20.95344,NA,8.51835,NA,NA,NA,2.31338,2.51844,0.27902,aa1485ac-9891-46a2-85a3-6504a17cc3e8,2025-10-04,16:39:30,2025-10-04T16:39:30Z,2025-10-04T16:39:30Z,NA,v3,CNE,CSCC,NA,"Van Ness, Jameson",1000370206,Right,CAR_EAG,8ca204a6-7552-44bf-9292-3744af06ff2c,53.95729,-131.66083,15.08322,5.378,-3.43918,-8.84226,-2.6904,10.00924,-6.70557,291.813755,2.31544,-57.64373,1.10584,NA,NA,NA,NA,NA,NA,2.52178,67.59648,-23.40471,NA,NA,NA,NA,NA,NA,0.28696,53.28489,-17.82563,NA,NA,NA,NA,NA,NA,NA,NA,NA,NA,NA,NA,NA,NA,NA,NA,NA,NA,NA,NA,NA,NA,NA,NA,NA,NA,NA,NA,High,High,High,High,Undefined,NA,NA,NA,230.702538,13.622971,2278.200202,0.971867,01:45:00,-0.262381,-0.758025,-0.597122,65.451432,62.738417,46.379479,-0.977212,112.060947,-0.079725,-11.345467,0.079725,-0.196724,0.977212,85.335887,-77.744863,0.196724,-0.196724,-112.060947,77.744863,0.977212,11.345467,-85.335887,-0.977212,0.196724,0.079725,-0.079725,NA,NA,NA,NA,NA,NA,NA,NA,NA,NA,NA,NA
NA,NA,NA,NA,NA,NA,NA,NA,NA,NA,NA,NA,NA,NA,NA,NA,51,2025-10-04,12:39:49,3,4,"Casson, Kolton",1000370207,Right,CAR_EAG,"Long, Ryan",10089030,Left,CLE_SCC,Undefined,2,Top,2,2,1,Slider,Curveball,StrikeCalled,Undefined,Undefined,Undefined,0,0,NA,77.37102,0.85106,-2.32566,2246.061325,83.345161,08:45:00,5.30124,2.84646,5.82366,-46.89711,0.32193,-10.65068,2.18511,-0.20451,70.63753,-7.778303,-4.232686,0.494573,NA,NA,NA,NA,NA,NA,NA,NA,NA,NA,NA,4.7,0.41598,-2.64996,50,5.34352,4.95858,-112.23238,0.1924,5.93815,22.10388,-31.64848,CAR_EAG,CLE_SCC,CarsonNewman,TeamExclusive,Team,20251004-CarsonNewman-Private-2,bed7adb0-a140-11f0-8e17-f9dcdb0ff224,76.21213,NA,NA,6.73349,NA,NA,NA,NA,NA,NA,aa1485ac-9891-46a2-85a3-6504a17cc3e8,2025-10-04,16:39:49,2025-10-04T16:39:49Z,2025-10-04T16:39:49Z,NA,v3,CNE,CSCC,NA,"Van Ness, Jameson",1000370206,Right,CAR_EAG,2a6ef630-58e4-47d6-acc6-ac8ed2b3707d,54.67737,-113.14982,11.05194,5.30827,1.506,-15.82424,-2.85066,4.71212,2.96907,NA,NA,NA,NA,NA,NA,NA,NA,NA,NA,NA,NA,NA,NA,NA,NA,NA,NA,NA,NA,NA,NA,NA,NA,NA,NA,NA,NA,NA,NA,NA,NA,NA,NA,NA,NA,NA,NA,NA,NA,NA,NA,NA,NA,NA,NA,NA,NA,NA,NA,High,High,High,NA,NA,NA,NA,NA,65.441402,70.766454,739.896412,0.32942,08:15:00,-0.933299,0.31361,0.174931,91.741815,-10.5761,-2.034959,-0.336549,107.982309,-0.290714,-63.594288,0.290714,-0.895667,0.336549,49.179211,-19.666745,0.895667,-0.895667,-107.982309,19.666745,0.336549,63.594288,-49.179211,-0.336549,0.895667,0.290714,-0.290714,NA,NA,NA,NA,NA,NA,NA,NA,NA,NA,NA,NA
NA,NA,NA,NA,NA,NA,NA,NA,NA,NA,NA,NA,NA,NA,NA,NA,52,2025-10-04,12:40:02,3,5,"Casson, Kolton",1000370207,Right,CAR_EAG,"Long, Ryan",10089030,Left,CLE_SCC,Undefined,2,Top,2,2,2,Fastball,Sinker,FoulBallNotFieldable,Undefined,Undefined,Undefined,0,0,NA,90.8975,-2.54267,-4.920211,2434.11111,230.639241,01:45:00,5.58282,2.46608,6.53045,-18.9934,14.62398,16.34548,1.65725,-0.69668,82.11594,-6.18308,-1.964977,0.417305,60.43593,-20.264871,52.915873,NA,NA,NA,NA,5.07835,5.07835,48.423921,0.04921,-10.1076,8.81871,-2.12997,50,5.39715,10.66602,-131.48124,-6.37735,-17.47061,31.15731,-16.93128,CAR_EAG,CLE_SCC,CarsonNewman,TeamExclusive,Team,20251004-CarsonNewman-Private-2,c6b3b3d0-a140-11f0-8e17-f9dcdb0ff224,90.3235,1.51521,NA,8.78156,NA,NA,NA,0.89547,1.51521,0.52511,aa1485ac-9891-46a2-85a3-6504a17cc3e8,2025-10-04,16:40:02,2025-10-04T16:40:02Z,2025-10-04T16:40:02Z,GroundBall,v3,CNE,CSCC,NA,"Van Ness, Jameson",1000370206,Right,CAR_EAG,596ea176-6768-4ca8-8f16-7a717d91da92,53.97054,-132.4188,15.57866,5.58138,-5.86786,-8.46564,-2.45884,11.19173,-8.73531,180,0.89431,50.28611,NA,NA,NA,NA,NA,NA,NA,1.51592,-30.79064,NA,NA,NA,NA,NA,NA,NA,0.52357,66.52846,NA,NA,NA,NA,NA,NA,NA,NA,NA,NA,NA,NA,NA,NA,NA,NA,NA,NA,NA,NA,NA,NA,NA,NA,NA,NA,NA,NA,NA,High,High,High,High,High,NA,NA,NA,228.052307,12.615469,2375.346387,0.975858,01:30:00,-0.241255,-0.734774,-0.633958,-54.215493,-22.136652,-41.007243,0.151694,177.715529,-0.987642,2.25802,0.987642,-0.0394,-0.151694,8.731968,8.725135,0.0394,0.0394,-177.715529,-8.725135,0.151694,-2.25802,-8.731968,-0.151694,-0.0394,0.987642,-0.987642,NA,NA,NA,NA,NA,NA,NA,NA,NA,NA,NA,NA
NA,NA,NA,NA,NA,NA,NA,NA,NA,NA,NA,NA,NA,NA,NA,NA,53,2025-10-04,12:40:26,3,6,"Casson, Kolton",1000370207,Right,CAR_EAG,"Long, Ryan",10089030,Left,CLE_SCC,Undefined,2,Top,2,2,2,Slider,Curveball,BallCalled,Undefined,Undefined,Undefined,0,0,NA,77.19804,2.086472,-1.5485,2164.57729,51.705832,07:45:00,5.32141,2.78445,6.07638,-50.3153,-3.53953,-6.37717,3.06067,0.81982,70.57335,-7.207592,-2.696561,0.492246,NA,NA,NA,NA,NA,NA,NA,NA,NA,NA,NA,2.81394,-1.93221,-2.66136,50,5.45672,3.26183,-112.0813,2.54219,3.56034,21.26934,-34.6188,CAR_EAG,CLE_SCC,CarsonNewman,TeamExclusive,Team,20251004-CarsonNewman-Private-2,d4f6ac40-a140-11f0-8e17-f9dcdb0ff224,76.5724,NA,NA,6.6247,NA,NA,NA,NA,NA,NA,aa1485ac-9891-46a2-85a3-6504a17cc3e8,2025-10-04,16:40:26,2025-10-04T16:40:26Z,2025-10-04T16:40:26Z,NA,v3,CNE,CSCC,NA,"Van Ness, Jameson",1000370206,Right,CAR_EAG,a26fb539-2c68-450d-a786-465702e39bcc,54.42594,-112.91807,10.63467,5.32991,3.90415,-17.3094,-2.78694,3.12177,1.78017,NA,NA,NA,NA,NA,NA,NA,NA,NA,NA,NA,NA,NA,NA,NA,NA,NA,NA,NA,NA,NA,NA,NA,NA,NA,NA,NA,NA,NA,NA,NA,NA,NA,NA,NA,NA,NA,NA,NA,NA,NA,NA,NA,NA,NA,NA,NA,NA,NA,NA,High,High,High,NA,NA,NA,NA,NA,66.980707,71.950508,670.669169,0.309838,08:15:00,-0.936159,0.319594,0.146511,72.968663,-10.043286,9.760797,-0.421497,113.826756,-0.366334,-56.051682,0.366334,-0.829542,0.421497,49.005235,-24.929146,0.829542,-0.829542,-113.826756,24.929146,0.421497,56.051682,-49.005235,-0.421497,0.829542,0.366334,-0.366334,NA,NA,NA,NA,NA,NA,NA,NA,NA,NA,NA,NA
NA,NA,NA,NA,NA,NA,NA,NA,NA,NA,NA,NA,NA,NA,NA,NA,54,2025-10-04,12:40:43,3,7,"Casson, Kolton",1000370207,Right,CAR_EAG,"Long, Ryan",10089030,Left,CLE_SCC,Undefined,2,Top,2,3,2,Fastball,Four-Seam,FoulBallNotFieldable,Undefined,Undefined,Undefined,0,0,NA,90.67833,-1.417224,-5.138386,2326.523875,225.176339,01:30:00,5.35837,2.77538,6.66877,-20.76509,12.74209,11.64186,2.32573,-0.96861,82.08676,-5.38426,-3.030665,0.41662,NA,NA,NA,NA,NA,NA,NA,NA,NA,NA,NA,-7.72922,7.49768,-2.43422,50,5.2545,11.35303,-131.25854,-3.83019,-13.34271,30.50795,-19.23105,CAR_EAG,CLE_SCC,CarsonNewman,TeamExclusive,Team,20251004-CarsonNewman-Private-2,def67cc0-a140-11f0-8e17-f9dcdb0ff224,90.47193,NA,NA,8.59157,NA,NA,NA,NA,NA,NA,aa1485ac-9891-46a2-85a3-6504a17cc3e8,2025-10-04,16:40:43,2025-10-04T16:40:43Z,2025-10-04T16:40:43Z,NA,v3,CNE,CSCC,NA,"Van Ness, Jameson",1000370206,Right,CAR_EAG,19508fda-5cb8-45cd-93b0-6e2f0e466367,53.83239,-132.14628,15.25397,5.35782,-3.27059,-9.61553,-2.77023,11.74129,-6.67136,NA,NA,NA,NA,NA,NA,NA,NA,NA,NA,NA,NA,NA,NA,NA,NA,NA,NA,NA,NA,NA,NA,NA,NA,NA,NA,NA,NA,NA,NA,NA,NA,NA,NA,NA,NA,NA,NA,NA,NA,NA,NA,NA,NA,NA,NA,NA,NA,NA,NA,High,High,High,NA,NA,NA,NA,NA,231.955144,19.396799,2194.473199,0.943241,01:45:00,-0.364436,-0.750816,-0.550873,57.24627,68.885036,27.967386,-0.961881,97.106746,-0.033833,-15.745692,0.033833,-0.271368,0.961881,87.985513,-74.1292,0.271368,-0.271368,-97.106746,74.1292,0.961881,15.745692,-87.985513,-0.961881,0.271368,0.033833,-0.033833,NA,NA,NA,NA,NA,NA,NA,NA,NA,NA,NA,NA
NA,NA,NA,NA,NA,NA,NA,NA,NA,NA,NA,NA,NA,NA,NA,NA,55,2025-10-04,12:41:04,3,8,"Casson, Kolton",1000370207,Right,CAR_EAG,"Long, Ryan",10089030,Left,CLE_SCC,Undefined,2,Top,2,3,2,Fastball,Sinker,StrikeSwinging,Strikeout,Undefined,Undefined,0,0,NA,90.88678,0.075921,-4.405242,2060.195747,236.697285,02:00:00,5.42286,2.7035,6.51243,-23.3597,9.67501,13.19028,3.5461,-0.24801,83.22999,-4.330486,-2.02006,0.413672,NA,NA,NA,NA,NA,NA,NA,NA,NA,NA,NA,-8.05682,5.36276,-2.40068,50,5.41794,9.63148,-131.85979,-0.52935,-14.23872,27.04339,-22.69654,CAR_EAG,CLE_SCC,CarsonNewman,TeamExclusive,Team,20251004-CarsonNewman-Private-2,ebe92770-a140-11f0-8e17-f9dcdb0ff224,91.11663,NA,NA,7.65679,NA,NA,NA,NA,NA,NA,aa1485ac-9891-46a2-85a3-6504a17cc3e8,2025-10-04,16:41:04,2025-10-04T16:41:04Z,2025-10-04T16:41:04Z,NA,v3,CNE,CSCC,NA,"Van Ness, Jameson",1000370206,Right,CAR_EAG,1b54a3ff-2f46-4193-88d7-755be771d491,53.98963,-132.67551,13.52169,5.42358,0.15525,-11.34827,-2.69767,10.06097,-7.11936,NA,NA,NA,NA,NA,NA,NA,NA,NA,NA,NA,NA,NA,NA,NA,NA,NA,NA,NA,NA,NA,NA,NA,NA,NA,NA,NA,NA,NA,NA,NA,NA,NA,NA,NA,NA,NA,NA,NA,NA,NA,NA,NA,NA,NA,NA,NA,NA,NA,NA,High,High,High,NA,NA,NA,NA,NA,231.084841,14.607441,1993.602861,0.967676,01:45:00,-0.299135,-0.752592,-0.586621,-93.868386,-28.136157,76.276504,-0.98389,132.607332,-0.121025,-7.560903,0.121025,-0.13158,0.98389,82.987461,-79.701607,0.13158,-0.13158,-132.607332,79.701607,0.98389,7.560903,-82.987461,-0.98389,0.13158,0.121025,-0.121025,NA,NA,NA,NA,NA,NA,NA,NA,NA,NA,NA,NA
NA,NA,NA,NA,NA,NA,NA,NA,NA,NA,NA,NA,NA,NA,NA,NA,56,2025-10-04,12:43:17,1,1,"Mahan, Riley",10068537,Right,CLE_SCC,"Soto Diaz, Bradley",1000475324,NA,CAR_EAG,Undefined,2,Bottom,0,0,0,Fastball,Four-Seam,FoulBallNotFieldable,Undefined,Undefined,Undefined,0,0,NA,88.01462,-0.884036,-2.540842,2340.997812,215.664307,01:15:00,5.94004,1.54704,6.20476,-19.71403,15.90981,10.61371,3.48031,0.0846,80.49524,-4.62703,-0.626829,0.429578,NA,NA,NA,NA,NA,NA,NA,NA,NA,NA,NA,-6.23418,8.83859,-1.36136,50,5.86356,5.25646,-127.84127,-2.53996,-10.32118,26.25932,-17.5411,CAR_EAG,CLE_SCC,CarsonNewman,TeamExclusive,Team,20251004-CarsonNewman-Private-2,3b042940-a141-11f0-8e17-f9dcdb0ff224,87.74302,NA,NA,7.51938,NA,NA,NA,NA,NA,NA,aa1485ac-9891-46a2-85a3-6504a17cc3e8,2025-10-04,16:43:17,2025-10-04T16:43:17Z,2025-10-04T16:43:17Z,NA,v3,CNE,CSCC,NA,"Christopher, Conner",10087004,Right,CLE_SCC,5d81d1b4-2c9a-4378-8947-8ad48e929102,54.29777,-128.72102,13.12966,5.93881,-1.95229,-8.77055,-1.54326,5.60225,-5.16059,NA,NA,NA,NA,NA,NA,NA,NA,NA,NA,NA,NA,NA,NA,NA,NA,NA,NA,NA,NA,NA,NA,NA,NA,NA,NA,NA,NA,NA,NA,NA,NA,NA,NA,NA,NA,NA,NA,NA,NA,NA,NA,NA,NA,NA,NA,NA,NA,NA,NA,High,High,High,NA,NA,NA,NA,NA,223.529978,19.458568,2207.286174,0.942883,01:30:00,-0.353054,-0.654458,-0.668609,-23.507547,35.991761,41.624193,-0.146167,169.948384,-0.974076,-9.942558,0.974076,-0.172661,0.146167,8.533966,-8.404862,0.172661,-0.172661,-169.948384,8.404862,0.146167,9.942558,-8.533966,-0.146167,0.172661,0.974076,-0.974076,NA,NA,NA,NA,NA,NA,NA,NA,NA,NA,NA,NA
NA,NA,NA,NA,NA,NA,NA,NA,NA,NA,NA,NA,NA,NA,NA,NA,57,2025-10-04,12:43:32,1,2,"Mahan, Riley",10068537,Right,CLE_SCC,"Soto Diaz, Bradley",1000475324,NA,CAR_EAG,Undefined,2,Bottom,0,0,1,Slider,Curveball,BallCalled,Undefined,Undefined,Undefined,0,0,NA,77.01757,0.477626,-2.745018,2387.42484,63.598135,08:00:00,5.86701,1.89629,5.64096,-52.54586,-5.02319,-12.9454,1.93429,-1.74532,71.27814,-9.073115,-5.055487,0.49616,NA,NA,NA,NA,NA,NA,NA,NA,NA,NA,NA,5.80863,-2.23236,-1.65451,50,5.87411,5.84566,-111.82431,-0.78239,7.35912,20.05995,-35.0023,CAR_EAG,CLE_SCC,CarsonNewman,TeamExclusive,Team,20251004-CarsonNewman-Private-2,4436beb0-a141-11f0-8e17-f9dcdb0ff224,75.9683,NA,NA,5.73943,NA,NA,NA,NA,NA,NA,aa1485ac-9891-46a2-85a3-6504a17cc3e8,2025-10-04,16:43:32,2025-10-04T16:43:32Z,2025-10-04T16:43:32Z,NA,v3,CNE,CSCC,NA,"Christopher, Conner",10087004,Right,CLE_SCC,2fc61dda-36aa-4faf-bd2a-0a8539ff1aec,54.86355,-112.6934,10.02998,5.87515,0.73406,-17.50115,-1.90087,5.52683,3.67956,NA,NA,NA,NA,NA,NA,NA,NA,NA,NA,NA,NA,NA,NA,NA,NA,NA,NA,NA,NA,NA,NA,NA,NA,NA,NA,NA,NA,NA,NA,NA,NA,NA,NA,NA,NA,NA,NA,NA,NA,NA,NA,NA,NA,NA,NA,NA,NA,NA,NA,High,High,High,NA,NA,NA,NA,NA,44.379592,58.839878,1235.328931,0.517432,07:30:00,-0.833989,0.369017,0.410231,92.497699,-21.744382,-49.659922,-0.610712,117.600706,-0.366871,-44.566657,0.366871,-0.701739,0.610712,59.005614,-37.64097,0.701739,-0.701739,-117.600706,37.64097,0.610712,44.566657,-59.005614,-0.610712,0.701739,0.366871,-0.366871,NA,NA,NA,NA,NA,NA,NA,NA,NA,NA,NA,NA
NA,NA,NA,NA,NA,NA,NA,NA,NA,NA,NA,NA,NA,NA,NA,NA,58,2025-10-04,12:43:49,1,3,"Mahan, Riley",10068537,Right,CLE_SCC,"Soto Diaz, Bradley",1000475324,NA,CAR_EAG,Undefined,2,Bottom,0,1,1,Slider,Curveball,FoulBallNotFieldable,Undefined,Undefined,Undefined,0,0,NA,77.52582,1.338295,-1.489157,2330.595126,60.055226,08:00:00,5.74791,1.65535,5.62239,-52.71042,-5.79418,-12.51288,2.60497,-0.77744,71.45499,-8.271219,-3.724569,0.492984,66.88989,34.093816,137.973066,4721.44822,NA,NA,NA,NA,25.38547,NA,NA,5.92626,-2.86882,-1.52012,50,5.82815,3.40173,-112.61596,0.88933,7.60856,20.50261,-35.85723,CAR_EAG,CLE_SCC,CarsonNewman,TeamExclusive,Team,20251004-CarsonNewman-Private-2,4dc779b0-a141-11f0-8e17-f9dcdb0ff224,76.45767,17.57948,NA,6.07082,NA,NA,NA,0.41167,2.3094,0.68254,aa1485ac-9891-46a2-85a3-6504a17cc3e8,2025-10-04,16:43:49,2025-10-04T16:43:49Z,2025-10-04T16:43:49Z,NA,v3,CNE,CSCC,NA,"Christopher, Conner",10087004,Right,CLE_SCC,69d8a04e-372f-4bd3-b379-7f735fcbeaf9,54.88214,-113.50131,10.25131,5.75632,2.43773,-17.92861,-1.65992,3.07318,3.80428,299.107045,0.41333,-60.41915,2.6662,NA,NA,NA,NA,NA,NA,2.31548,54.74397,-24.68349,NA,NA,NA,NA,NA,NA,0.69035,54.0697,-14.94017,NA,NA,NA,NA,NA,NA,NA,NA,NA,NA,NA,NA,NA,NA,NA,NA,NA,NA,NA,NA,NA,NA,NA,NA,NA,NA,NA,NA,High,High,High,High,Undefined,NA,NA,NA,41.500597,56.198134,1296.562929,0.556323,07:30:00,-0.811024,0.387942,0.437882,-53.160715,63.883848,-16.236889,-0.570885,107.408831,-0.245642,-51.574972,0.245642,-0.783422,0.570885,66.718607,-34.811969,0.783422,-0.783422,-107.408831,34.811969,0.570885,51.574972,-66.718607,-0.570885,0.783422,0.245642,-0.245642,NA,NA,NA,NA,NA,NA,NA,NA,NA,NA,NA,NA
NA,NA,NA,NA,NA,NA,NA,NA,NA,NA,NA,NA,NA,NA,NA,NA,59,2025-10-04,12:44:03,1,4,"Mahan, Riley",10068537,Right,CLE_SCC,"Soto Diaz, Bradley",1000475324,NA,CAR_EAG,Undefined,2,Bottom,0,1,2,Fastball,Four-Seam,BallCalled,Undefined,Undefined,Undefined,0,0,NA,89.88106,-0.516181,-4.789578,2328.391118,222.716529,01:30:00,5.81726,1.45752,6.4873,-20.92084,13.24548,11.16945,3.59826,-2.01948,81.58758,-4.500251,-2.773156,0.420698,NA,NA,NA,NA,NA,NA,NA,NA,NA,NA,NA,-7.18441,7.41457,-1.12461,50,5.77153,10.45065,-130.17285999999999,-1.76611,-12.26052,28.71039,-19.52078,CAR_EAG,CLE_SCC,CarsonNewman,TeamExclusive,Team,20251004-CarsonNewman-Private-2,569029c0-a141-11f0-8e17-f9dcdb0ff224,89.595,NA,NA,8.29348,NA,NA,NA,NA,NA,NA,aa1485ac-9891-46a2-85a3-6504a17cc3e8,2025-10-04,16:44:03,2025-10-04T16:44:03Z,2025-10-04T16:44:03Z,NA,v3,CNE,CSCC,NA,"Christopher, Conner",10087004,Right,CLE_SCC,7977901c-e3c9-44d2-91f6-1f7b16488ee0,54.0119,-131.05472,14.3552,5.81657,-1.16652,-9.76039,-1.4514,10.82724,-6.13026,NA,NA,NA,NA,NA,NA,NA,NA,NA,NA,NA,NA,NA,NA,NA,NA,NA,NA,NA,NA,NA,NA,NA,NA,NA,NA,NA,NA,NA,NA,NA,NA,NA,NA,NA,NA,NA,NA,NA,NA,NA,NA,NA,NA,NA,NA,NA,NA,NA,NA,High,High,High,NA,NA,NA,NA,NA,227.735916,25.047528,2109.422016,0.905957,01:30:00,-0.46673,-0.674243,-0.572328,-57.057537,31.39288,18.370837,-0.428121,163.190907,-0.865109,-15.149682,0.865109,-0.261342,0.428121,26.329648,-25.348346,0.261342,-0.261342,-163.190907,25.348346,0.428121,15.149682,-26.329648,-0.428121,0.261342,0.865109,-0.865109,NA,NA,NA,NA,NA,NA,NA,NA,NA,NA,NA,NA
NA,NA,NA,NA,NA,NA,NA,NA,NA,NA,NA,NA,NA,NA,NA,NA,60,2025-10-04,12:44:18,1,5,"Mahan, Riley",10068537,Right,CLE_SCC,"Soto Diaz, Bradley",1000475324,NA,CAR_EAG,Undefined,2,Bottom,0,2,2,Slider,Curveball,BallCalled,Undefined,Undefined,Undefined,0,0,NA,75.14977,1.000866,0.014184,2078.040284,52.943529,07:45:00,5.7508,1.83318,5.52389,-54.38621,-4.31292,-7.7387,2.15448,1.20155,69.29613,-8.903906,-1.367969,0.509301,NA,NA,NA,NA,NA,NA,NA,NA,NA,NA,NA,3.90032,-1.95028,-1.82917,50,5.80159,0.26303,-109.17882,0.13989,4.70884,19.18161,-34.52862,CAR_EAG,CLE_SCC,CarsonNewman,TeamExclusive,Team,20251004-CarsonNewman-Private-2,5f4021b0-a141-11f0-8e17-f9dcdb0ff224,74.00817,NA,NA,5.85364,NA,NA,NA,NA,NA,NA,aa1485ac-9891-46a2-85a3-6504a17cc3e8,2025-10-04,16:44:18,2025-10-04T16:44:18Z,2025-10-04T16:44:18Z,NA,v3,CNE,CSCC,NA,"Christopher, Conner",10087004,Right,CLE_SCC,274ffd1e-abcb-4fb4-9040-cd05dd352d75,54.97963,-110.05021,9.5908,5.7596,1.70848,-17.26431,-1.83626,0.04911,2.35442,NA,NA,NA,NA,NA,NA,NA,NA,NA,NA,NA,NA,NA,NA,NA,NA,NA,NA,NA,NA,NA,NA,NA,NA,NA,NA,NA,NA,NA,NA,NA,NA,NA,NA,NA,NA,NA,NA,NA,NA,NA,NA,NA,NA,NA,NA,NA,NA,NA,NA,High,High,High,NA,NA,NA,NA,NA,43.672531,59.860431,1043.400871,0.502108,07:30:00,-0.858706,0.361777,0.362961,-66.936505,66.682418,-30.364228,-0.600229,119.064516,-0.388552,-44.355527,0.388552,-0.699109,0.600229,57.083416,-36.886287,0.699109,-0.699109,-119.064516,36.886287,0.600229,44.355527,-57.083416,-0.600229,0.699109,0.388552,-0.388552,NA,NA,NA,NA,NA,NA,NA,NA,NA,NA,NA,NA
NA,NA,NA,NA,NA,NA,NA,NA,NA,NA,NA,NA,NA,NA,NA,NA,61,2025-10-04,12:44:32,1,6,"Mahan, Riley",10068537,Right,CLE_SCC,"Soto Diaz, Bradley",1000475324,NA,CAR_EAG,Undefined,2,Bottom,0,3,2,Fastball,Four-Seam,FoulBallNotFieldable,Undefined,Undefined,Undefined,0,0,NA,87.45036,-1.790143,-2.752148,2326.814196,219.433381,01:15:00,5.81452,1.75424,6.42161,-21.06092,15.12607,11.40323,2.41135,0.17254,79.30238,-5.807549,-0.687118,0.43296,NA,NA,NA,NA,NA,NA,NA,NA,NA,NA,NA,-6.83473,8.8302,-1.56274,50,5.67698,5.66294,-126.87504,-4.54708,-11.02187,28.54342,-17.93426,CAR_EAG,CLE_SCC,CarsonNewman,TeamExclusive,Team,20251004-CarsonNewman-Private-2,6771e8f0-a141-11f0-8e17-f9dcdb0ff224,87.05758,NA,NA,8.14798,NA,NA,NA,NA,NA,NA,aa1485ac-9891-46a2-85a3-6504a17cc3e8,2025-10-04,16:44:32,2025-10-04T16:44:32Z,2025-10-04T16:44:32Z,NA,v3,CNE,CSCC,NA,"Christopher, Conner",10087004,Right,CLE_SCC,48c8874d-a87d-4018-ae57-556d576ccd34,54.07982,-127.78959,14.27171,5.81346,-3.97246,-8.96713,-1.74984,6.01608,-5.51094,NA,NA,NA,NA,NA,NA,NA,NA,NA,NA,NA,NA,NA,NA,NA,NA,NA,NA,NA,NA,NA,NA,NA,NA,NA,NA,NA,NA,NA,NA,NA,NA,NA,NA,NA,NA,NA,NA,NA,NA,NA,NA,NA,NA,NA,NA,NA,NA,NA,NA,High,High,High,NA,NA,NA,NA,NA,224.863878,21.65257,2162.63031,0.929438,01:30:00,-0.379545,-0.666855,-0.641287,-39.013824,35.210601,31.529912,-0.286101,169.224903,-0.941305,-10.319645,0.941305,-0.17914,0.286101,16.906193,-16.624699,0.17914,-0.17914,-169.224903,16.624699,0.286101,10.319645,-16.906193,-0.286101,0.17914,0.941305,-0.941305,NA,NA,NA,NA,NA,NA,NA,NA,NA,NA,NA,NA
NA,NA,NA,NA,NA,NA,NA,NA,NA,NA,NA,NA,NA,NA,NA,NA,62,2025-10-04,12:44:48,1,7,"Mahan, Riley",10068537,Right,CLE_SCC,"Soto Diaz, Bradley",1000475324,NA,CAR_EAG,Undefined,2,Bottom,0,3,2,Fastball,Four-Seam,InPlay,Undefined,LineDrive,HomeRun,0,1,NA,87.8948,-1.299485,-2.658483,2202.393088,215.387308,01:15:00,5.82513,1.69224,6.56471,-20.56749,14.70989,9.65367,2.91833,0.05769,80.38864,-5.218036,-0.905708,0.427484,96.54542,30.144025,-31.090716,1913.723172,92.70843,52.8529,-59.20428,318.19508,270.96925,-31.786312,4.120264,-5.83882,8.43819,-1.51295,50,5.72663,5.56907,-127.69483,-3.45492,-9.63202,26.51677,-18.25399,CAR_EAG,CLE_SCC,CarsonNewman,TeamExclusive,Team,20251004-CarsonNewman-Private-2,717710a0-a141-11f0-8e17-f9dcdb0ff224,88.17279,65.39139,NA,7.50616,NA,NA,NA,1.75552,3.09118,0.15318,aa1485ac-9891-46a2-85a3-6504a17cc3e8,2025-10-04,16:44:48,2025-10-04T16:44:48Z,2025-10-04T16:44:48Z,FlyBall,v3,CNE,CSCC,NA,"Christopher, Conner",10087004,Right,CLE_SCC,2f15845a-9039-41f8-bc8b-1b1faa33d288,53.93763,-128.50991,13.25838,5.82421,-2.89382,-9.127,-1.68868,5.86514,-4.81601,NA,1.75705,104.81609,-19.00891,4.44678,-0.69443,-0.03149,0.02634,-0.00166,-1.1e-4,3.08966,71.15038,-24.73021,3.63145,-1.1163,0.38255,-0.09552,0.01322,-7.5e-4,0.15363,-63.2423,4.15202,1.12115,-0.56053,0.152,-0.02066,0.0018600000000000001,-1.4e-4,NA,NA,NA,NA,NA,NA,NA,NA,NA,NA,NA,NA,NA,NA,NA,NA,NA,NA,NA,NA,NA,NA,High,High,High,Medium,Medium,NA,NA,NA,224.458238,27.88172,1946.728006,0.883915,01:30:00,-0.482263,-0.629531,-0.609191,-48.323992,41.143918,4.590433,0.212429,179.953364,-0.977176,0.045571,0.977176,-7.95e-4,-0.212429,12.264715,12.264711,7.95e-4,7.95e-4,-179.953364,-12.264711,0.212429,-0.045571,-12.264715,-0.212429,-7.95e-4,0.977176,-0.977176,NA,NA,NA,NA,NA,NA,NA,NA,NA,NA,NA,NA
NA,NA,NA,NA,NA,NA,NA,NA,NA,NA,NA,NA,NA,NA,NA,NA,63,2025-10-04,12:45:34,2,1,"Mahan, Riley",10068537,Right,CLE_SCC,"Benner, Seth",1000370212,Right,CAR_EAG,Undefined,2,Bottom,0,0,0,Slider,Curveball,BallCalled,Undefined,Undefined,Undefined,0,0,NA,75.66302,0.025286,-3.101444,2292.418249,48.946851,07:45:00,5.754,1.81306,5.82218,-58.75523,-8.96729,-12.27241,0.88128,-2.09603,69.14814,-10.688047,-5.301013,0.507848,NA,NA,NA,NA,NA,NA,NA,NA,NA,NA,NA,5.23815,-4.0702,-1.55182,50,5.72164,6.3884,-109.68187,-1.79905,6.26323,22.73788,-37.04075,CAR_EAG,CLE_SCC,CarsonNewman,TeamExclusive,Team,20251004-CarsonNewman-Private-2,8c8b7020-a141-11f0-8e17-f9dcdb0ff224,74.21996,NA,NA,6.51488,NA,NA,NA,NA,NA,NA,aa1485ac-9891-46a2-85a3-6504a17cc3e8,2025-10-04,16:45:34,2025-10-04T16:45:34Z,2025-10-04T16:45:34Z,NA,v3,CNE,CSCC,NA,"Christopher, Conner",10087004,Right,CLE_SCC,9c72153c-e42f-4a90-82b9-ac394375dbd6,54.68124,-110.64807,11.36894,5.76464,-0.22507,-18.52038,-1.81762,6.12226,3.13162,NA,NA,NA,NA,NA,NA,NA,NA,NA,NA,NA,NA,NA,NA,NA,NA,NA,NA,NA,NA,NA,NA,NA,NA,NA,NA,NA,NA,NA,NA,NA,NA,NA,NA,NA,NA,NA,NA,NA,NA,NA,NA,NA,NA,NA,NA,NA,NA,NA,NA,High,High,High,NA,NA,NA,NA,NA,42.97723,56.863431,1253.119548,0.546637,07:30:00,-0.814341,0.373016,0.444643,-59.694972,65.196293,-22.358896,-0.557994,110.125513,-0.285531,-51.185168,0.285531,-0.779176,0.557994,62.900694,-33.917167,0.779176,-0.779176,-110.125513,33.917167,0.557994,51.185168,-62.900694,-0.557994,0.779176,0.285531,-0.285531,NA,NA,NA,NA,NA,NA,NA,NA,NA,NA,NA,NA
NA,NA,NA,NA,NA,NA,NA,NA,NA,NA,NA,NA,NA,NA,NA,NA,64,2025-10-04,12:45:46,2,2,"Mahan, Riley",10068537,Right,CLE_SCC,"Benner, Seth",1000370212,Right,CAR_EAG,Undefined,2,Bottom,0,1,0,Slider,Curveball,StrikeCalled,Undefined,Undefined,Undefined,0,0,NA,75.26128,1.59059,-2.261582,2246.983012,59.955347,08:00:00,5.66597,1.78642,5.70149,-56.7144,-6.04835,-13.6041,2.42351,-1.45582,68.18039,-8.807407,-4.692617,0.512307,NA,NA,NA,NA,NA,NA,NA,NA,NA,NA,NA,6.09937,-3.00083,-1.58816,50,5.76494,4.81788,-109.04607,1.22297,7.19336,22.84759,-35.7131,CAR_EAG,CLE_SCC,CarsonNewman,TeamExclusive,Team,20251004-CarsonNewman-Private-2,93c7dae0-a141-11f0-8e17-f9dcdb0ff224,73.57399,NA,NA,7.08089,NA,NA,NA,NA,NA,NA,aa1485ac-9891-46a2-85a3-6504a17cc3e8,2025-10-04,16:45:46,2025-10-04T16:45:46Z,2025-10-04T16:45:46Z,NA,v3,CNE,CSCC,NA,"Christopher, Conner",10087004,Right,CLE_SCC,21853968-88e1-44f8-8793-b9a6aa856b4f,54.79987,-110.04716,11.4238,5.67707,2.78777,-17.85655,-1.79236,4.5027,3.59668,NA,NA,NA,NA,NA,NA,NA,NA,NA,NA,NA,NA,NA,NA,NA,NA,NA,NA,NA,NA,NA,NA,NA,NA,NA,NA,NA,NA,NA,NA,NA,NA,NA,NA,NA,NA,NA,NA,NA,NA,NA,NA,NA,NA,NA,NA,NA,NA,NA,NA,High,High,High,NA,NA,NA,NA,NA,45.03874,59.666265,1134.807054,0.505036,07:30:00,-0.838099,0.381175,0.39025,-63.224826,60.001937,-24.388337,-0.53805,108.694937,-0.270178,-52.981343,0.270178,-0.798439,0.53805,63.336801,-32.551011,0.798439,-0.798439,-108.694937,32.551011,0.53805,52.981343,-63.336801,-0.53805,0.798439,0.270178,-0.270178,NA,NA,NA,NA,NA,NA,NA,NA,NA,NA,NA,NA
NA,NA,NA,NA,NA,NA,NA,NA,NA,NA,NA,NA,NA,NA,NA,NA,65,2025-10-04,12:45:59,2,3,"Mahan, Riley",10068537,Right,CLE_SCC,"Benner, Seth",1000370212,Right,CAR_EAG,Undefined,2,Bottom,0,1,1,Fastball,Sinker,InPlay,Undefined,LineDrive,Out,1,0,NA,89.66009,-2.228232,-3.722588,2351.059807,236.483124,02:00:00,5.7418,1.57034,6.59857,-23.80238,10.38064,13.91324,1.71141,-0.68567,81.56564,-6.73177,-1.196564,0.420801,82.48269,8.942003,29.468407,3153.120764,91.66184,5.03186,60.81186,138.92703,112.16027,34.80836,1.36175,-8.44296,6.47717,-1.32117,50,5.57936,7.92234,-129.9981,-5.75743,-14.33267,29.28469,-21.17848,CAR_EAG,CLE_SCC,CarsonNewman,TeamExclusive,Team,20251004-CarsonNewman-Private-2,9b5b6650-a141-11f0-8e17-f9dcdb0ff224,89.57312,7.41052,NA,8.09445,NA,NA,NA,1.18415,1.67903,0.63965,aa1485ac-9891-46a2-85a3-6504a17cc3e8,2025-10-04,16:45:59,2025-10-04T16:45:59Z,2025-10-04T16:45:59Z,GroundBall,v3,CNE,CSCC,NA,"Christopher, Conner",10087004,Right,CLE_SCC,6dfdc618-6067-4001-8572-1e494d35c06d,53.90316,-130.87441,14.64235,5.74217,-5.12369,-10.58924,-1.56466,8.35122,-7.16633,250.825314,1.18415,104.04352,-19.40444,3.67698,-0.78512,0.16563,-0.03461,0.00605,-5.9e-4,1.67903,18.80361,-16.1456,1.32993,-0.27275,0.06365,-0.01253,0.00219,-2.2e-4,0.63965,58.78928,-1.04256,0.27978,-0.06314,0.01425,-0.00287,5e-4,-5e-5,NA,NA,NA,NA,NA,NA,NA,NA,NA,NA,NA,NA,NA,NA,NA,NA,NA,NA,NA,NA,NA,NA,High,High,High,High,High,NA,NA,NA,228.403445,29.863485,2038.872605,0.867214,01:30:00,-0.508726,-0.667405,-0.543845,22.785646,41.205893,-38.082529,-0.929283,97.090125,-0.045591,-21.502661,0.045591,-0.366544,0.929283,87.191275,-68.323298,0.366544,-0.366544,-97.090125,68.323298,0.929283,21.502661,-87.191275,-0.929283,0.366544,0.045591,-0.045591,NA,NA,NA,NA,NA,NA,NA,NA,NA,NA,NA,NA
NA,NA,NA,NA,NA,NA,NA,NA,NA,NA,NA,NA,NA,NA,NA,NA,66,2025-10-04,12:46:23,3,1,"Mahan, Riley",10068537,Right,CLE_SCC,"Wyatt, Jack",10013525,Right,CAR_EAG,Undefined,2,Bottom,1,0,0,Fastball,Four-Seam,BallCalled,Undefined,Undefined,Undefined,0,0,NA,89.35079,-0.381433,-2.881633,2136.769569,209.614421,01:00:00,5.82811,1.76843,6.60686,-20.3821,13.9917,7.28615,3.77974,-0.26636,80.94908,-4.287638,-1.558601,0.421974,NA,NA,NA,NA,NA,NA,NA,NA,NA,NA,NA,-4.67327,7.80918,-1.57448,50,5.79344,6.23813,-129.67877,-1.41134,-7.88517,29.4318,-18.99765,CAR_EAG,CLE_SCC,CarsonNewman,TeamExclusive,Team,20251004-CarsonNewman-Private-2,a988daf0-a141-11f0-8e17-f9dcdb0ff224,89.32418,NA,NA,8.40171,NA,NA,NA,NA,NA,NA,aa1485ac-9891-46a2-85a3-6504a17cc3e8,2025-10-04,16:46:23,2025-10-04T16:46:23Z,2025-10-04T16:46:23Z,NA,v3,CNE,CSCC,NA,"Christopher, Conner",10087004,Right,CLE_SCC,cab54f72-3b54-4f54-bc7b-17c2440aac14,53.89202,-130.55911,14.7159,5.82716,-0.84309,-9.49883,-1.7646,6.47399,-3.94259,NA,NA,NA,NA,NA,NA,NA,NA,NA,NA,NA,NA,NA,NA,NA,NA,NA,NA,NA,NA,NA,NA,NA,NA,NA,NA,NA,NA,NA,NA,NA,NA,NA,NA,NA,NA,NA,NA,NA,NA,NA,NA,NA,NA,NA,NA,NA,NA,NA,NA,High,High,High,NA,NA,NA,NA,NA,227.402267,24.625719,1942.428567,0.909049,01:30:00,-0.442636,-0.671932,-0.593785,-55.783898,38.666071,4.321051,-0.279604,179.180227,-0.960017,-0.787075,0.960017,-0.013737,0.279604,16.238143,-16.236568,0.013737,-0.013737,-179.180227,16.236568,0.279604,0.787075,-16.238143,-0.279604,0.013737,0.960017,-0.960017,NA,NA,NA,NA,NA,NA,NA,NA,NA,NA,NA,NA
NA,NA,NA,NA,NA,NA,NA,NA,NA,NA,NA,NA,NA,NA,NA,NA,67,2025-10-04,12:46:36,3,2,"Mahan, Riley",10068537,Right,CLE_SCC,"Wyatt, Jack",10013525,Right,CAR_EAG,Undefined,2,Bottom,1,1,0,ChangeUp,Changeup,StrikeSwinging,Undefined,Undefined,Undefined,0,0,NA,79.91813,-2.494975,-3.340164,1440.48746,247.104066,02:15:00,5.62026,1.90978,6.67629,-35.68081,6.99091,13.28107,0.35902,-0.04265,73.48588,-9.159021,-0.920387,0.470155,NA,NA,NA,NA,NA,NA,NA,NA,NA,NA,NA,-7.94796,4.84201,-1.69069,50,5.43894,6.31725,-115.96088,-6.02403,-10.79234,22.24419,-25.59921,CAR_EAG,CLE_SCC,CarsonNewman,TeamExclusive,Team,20251004-CarsonNewman-Private-2,b1e3ae00-a141-11f0-8e17-f9dcdb0ff224,80.17019,NA,NA,6.43225,NA,NA,NA,NA,NA,NA,aa1485ac-9891-46a2-85a3-6504a17cc3e8,2025-10-04,16:46:36,2025-10-04T16:46:36Z,2025-10-04T16:46:36Z,NA,v3,CNE,CSCC,NA,"Christopher, Conner",10087004,Right,CLE_SCC,8f7825fc-ba81-49ab-885c-ef4ee6d0fc1a,53.82565,-116.69242,11.12209,5.62321,-5.18214,-12.7996,-1.90428,6.67218,-5.39617,NA,NA,NA,NA,NA,NA,NA,NA,NA,NA,NA,NA,NA,NA,NA,NA,NA,NA,NA,NA,NA,NA,NA,NA,NA,NA,NA,NA,NA,NA,NA,NA,NA,NA,NA,NA,NA,NA,NA,NA,NA,NA,NA,NA,NA,NA,NA,NA,NA,NA,High,High,High,NA,NA,NA,NA,NA,252.225213,-7.081658,1429.498638,0.992371,02:30:00,0.146374,-0.938737,-0.312006,27.435802,-28.338169,15.25533,0.241511,104.104142,-0.236472,70.244721,0.236472,-0.941145,-0.241511,45.604037,13.975731,0.941145,0.941145,-104.104142,-13.975731,0.241511,-70.244721,-45.604037,-0.241511,-0.941145,0.236472,-0.236472,NA,NA,NA,NA,NA,NA,NA,NA,NA,NA,NA,NA
NA,NA,NA,NA,NA,NA,NA,NA,NA,NA,NA,NA,NA,NA,NA,NA,68,2025-10-04,12:46:50,3,3,"Mahan, Riley",10068537,Right,CLE_SCC,"Wyatt, Jack",10013525,Right,CAR_EAG,Undefined,2,Bottom,1,1,1,ChangeUp,Changeup,BallCalled,Undefined,Undefined,Undefined,0,0,NA,80.70279,-2.293291,-3.490304,1399.650852,246.372202,02:15:00,5.71204,1.86721,6.26162,-34.89258,7.51839,14.11182,0.68466,-0.17914,74.30001,-8.764051,-0.940587,0.468717,NA,NA,NA,NA,NA,NA,NA,NA,NA,NA,NA,-8.28063,4.96559,-1.61465,50,5.52463,6.62651,-117.05126,-5.72219,-11.49401,21.99076,-25.28151,CAR_EAG,CLE_SCC,CarsonNewman,TeamExclusive,Team,20251004-CarsonNewman-Private-2,b9ad64a0-a141-11f0-8e17-f9dcdb0ff224,80.41623,NA,NA,6.40278,NA,NA,NA,NA,NA,NA,aa1485ac-9891-46a2-85a3-6504a17cc3e8,2025-10-04,16:46:50,2025-10-04T16:46:50Z,2025-10-04T16:46:50Z,NA,v3,CNE,CSCC,NA,"Christopher, Conner",10087004,Right,CLE_SCC,755e731e-802c-4c93-a3bb-875318340efb,54.24053,-117.84525,10.99538,5.71475,-4.80939,-12.64075,-1.8614,7.04151,-5.747,NA,NA,NA,NA,NA,NA,NA,NA,NA,NA,NA,NA,NA,NA,NA,NA,NA,NA,NA,NA,NA,NA,NA,NA,NA,NA,NA,NA,NA,NA,NA,NA,NA,NA,NA,NA,NA,NA,NA,NA,NA,NA,NA,NA,NA,NA,NA,NA,NA,NA,High,High,High,NA,NA,NA,NA,NA,254.852117,-13.212074,1362.603156,0.973531,02:30:00,0.249994,-0.929807,-0.270115,35.37142,-4.383132,28.773839,0.248109,110.302856,-0.336133,65.305247,0.336133,-0.908546,-0.248109,36.432029,14.365628,0.908546,0.908546,-110.302856,-14.365628,0.248109,-65.305247,-36.432029,-0.248109,-0.908546,0.336133,-0.336133,NA,NA,NA,NA,NA,NA,NA,NA,NA,NA,NA,NA
NA,NA,NA,NA,NA,NA,NA,NA,NA,NA,NA,NA,NA,NA,NA,NA,69,2025-10-04,12:47:05,3,4,"Mahan, Riley",10068537,Right,CLE_SCC,"Wyatt, Jack",10013525,Right,CAR_EAG,Undefined,2,Bottom,1,2,1,Slider,Curveball,BallCalled,Undefined,Undefined,Undefined,0,0,NA,73.71344,3.165104,2.14816,1815.216286,58.682945,08:00:00,5.70852,1.91879,5.45775,-56.84806,-4.04225,-9.55619,3.93918,3.1343,67.01097,-7.231135,0.448545,0.523013,NA,NA,NA,NA,NA,NA,NA,NA,NA,NA,NA,5.40862,-2.37047,-2.10168,50,5.94944,-3.64105,-106.75579,4.07377,6.19385,19.69671,-34.88865,CAR_EAG,CLE_SCC,CarsonNewman,TeamExclusive,Team,20251004-CarsonNewman-Private-2,c29116c0-a141-11f0-8e17-f9dcdb0ff224,72.0679,NA,NA,6.70247,NA,NA,NA,NA,NA,NA,aa1485ac-9891-46a2-85a3-6504a17cc3e8,2025-10-04,16:47:05,2025-10-04T16:47:05Z,2025-10-04T16:47:05Z,NA,v3,CNE,CSCC,NA,"Christopher, Conner",10087004,Right,CLE_SCC,fcbcd7d7-6563-4903-a160-d2c08fdf2005,55.044,-107.6824,9.84836,5.71919,5.71507,-17.44432,-1.92354,-3.93243,3.09693,NA,NA,NA,NA,NA,NA,NA,NA,NA,NA,NA,NA,NA,NA,NA,NA,NA,NA,NA,NA,NA,NA,NA,NA,NA,NA,NA,NA,NA,NA,NA,NA,NA,NA,NA,NA,NA,NA,NA,NA,NA,NA,NA,NA,NA,NA,NA,NA,NA,NA,High,High,High,NA,NA,NA,NA,NA,49.815827,53.477166,1080.313446,0.595143,07:45:00,-0.791138,0.498351,0.354609,89.33566,-23.06077,-63.580549,-0.595649,127.933546,-0.493793,-39.311707,0.493793,-0.633539,0.595649,50.34127,-36.55888,0.633539,-0.633539,-127.933546,36.55888,0.595649,39.311707,-50.34127,-0.595649,0.633539,0.493793,-0.493793,NA,NA,NA,NA,NA,NA,NA,NA,NA,NA,NA,NA
NA,NA,NA,NA,NA,NA,NA,NA,NA,NA,NA,NA,NA,NA,NA,NA,70,2025-10-04,12:47:19,3,5,"Mahan, Riley",10068537,Right,CLE_SCC,"Wyatt, Jack",10013525,Right,CAR_EAG,Undefined,2,Bottom,1,3,1,Fastball,Four-Seam,InPlay,Undefined,Bunt,Out,1,0,NA,87.36241,-1.206496,-2.89073,2267.277067,210.998741,01:00:00,5.8069,1.70796,6.54911,-21.51517,14.32863,7.90764,2.90596,-0.2863,79.695,-5.303313,-1.45596,0.430902,26.33543,-12.3901,15.148294,NA,NA,NA,NA,13.12232,13.06827,11.562247,0.24354,-5.0367,8.23556,-1.51131,50,5.71407,6.11764,-126.8772,-3.2601,-8.17416,27.02315,-18.80845,CAR_EAG,CLE_SCC,CarsonNewman,TeamExclusive,Team,20251004-CarsonNewman-Private-2,cb38aa40-a141-11f0-8e17-f9dcdb0ff224,87.47338,3.09586,NA,7.66741,NA,NA,NA,4.06528,3.09586,0.185,aa1485ac-9891-46a2-85a3-6504a17cc3e8,2025-10-04,16:47:19,2025-10-04T16:47:19Z,2025-10-04T16:47:19Z,GroundBall,v3,CNE,CSCC,NA,"Christopher, Conner",10087004,Right,CLE_SCC,3d4e0d56-642a-48fd-8886-739e83b58487,53.95374,-127.71651,13.51158,5.80625,-2.67592,-9.40423,-1.70527,6.37153,-4.08708,335.532333,4.06474,36.44306,-1.40796,NA,NA,NA,NA,NA,NA,3.09588,-8.28856,-18.16321,NA,NA,NA,NA,NA,NA,0.18494,9.8616,0.73454,NA,NA,NA,NA,NA,NA,NA,NA,NA,NA,NA,NA,NA,NA,NA,NA,NA,NA,NA,NA,NA,NA,NA,NA,NA,NA,NA,NA,High,High,High,High,High,NA,NA,NA,228.824665,28.218916,1997.80527,0.881147,01:45:00,-0.487444,-0.673047,-0.556242,-37.266982,44.927311,18.943957,-0.148617,174.869062,-0.984932,-5.073808,0.984932,-0.088439,0.148617,8.58066,-8.546786,0.088439,-0.088439,-174.869062,8.546786,0.148617,5.073808,-8.58066,-0.148617,0.088439,0.984932,-0.984932,NA,NA,NA,NA,NA,NA,NA,NA,NA,NA,NA,NA
NA,NA,NA,NA,NA,NA,NA,NA,NA,NA,NA,NA,NA,NA,NA,NA,71,2025-10-04,12:47:45,4,1,"Mahan, Riley",10068537,Right,CLE_SCC,"Van Ness, Jameson",1000370206,Right,CAR_EAG,Undefined,2,Bottom,2,0,0,Fastball,Four-Seam,StrikeCalled,Undefined,Undefined,Undefined,0,0,NA,89.88117,-1.05644,-3.408167,2301.676047,206.898228,01:00:00,5.88068,1.55657,6.37333,-19.90446,13.96753,6.56607,3.24808,-1.03592,82.52225,-4.824704,-2.222095,0.418882,NA,NA,NA,NA,NA,NA,NA,NA,NA,NA,NA,-4.3124,7.87634,-1.31305,50,5.7948,7.50864,-130.49413,-2.98581,-7.47217,26.21023,-18.52658,CAR_EAG,CLE_SCC,CarsonNewman,TeamExclusive,Team,20251004-CarsonNewman-Private-2,da7bfbb0-a141-11f0-8e17-f9dcdb0ff224,89.98343,NA,NA,7.35892,NA,NA,NA,NA,NA,NA,aa1485ac-9891-46a2-85a3-6504a17cc3e8,2025-10-04,16:47:45,2025-10-04T16:47:45Z,2025-10-04T16:47:45Z,NA,v3,CNE,CSCC,NA,"Christopher, Conner",10087004,Right,CLE_SCC,ab7993a8-c1ae-449d-84ee-62d612ce489a,54.12803,-131.32065,13.10512,5.87975,-2.4016,-9.26329,-1.55355,7.74426,-3.73608,NA,NA,NA,NA,NA,NA,NA,NA,NA,NA,NA,NA,NA,NA,NA,NA,NA,NA,NA,NA,NA,NA,NA,NA,NA,NA,NA,NA,NA,NA,NA,NA,NA,NA,NA,NA,NA,NA,NA,NA,NA,NA,NA,NA,NA,NA,NA,NA,NA,NA,High,High,High,NA,NA,NA,NA,NA,225.949859,30.109066,1991.115628,0.865072,01:30:00,-0.524989,-0.630898,-0.571274,-43.483905,46.788525,22.596475,-0.357748,175.015773,-0.930287,-4.653609,0.930287,-0.081132,0.357748,21.034572,-20.961954,0.081132,-0.081132,-175.015773,20.961954,0.357748,4.653609,-21.034572,-0.357748,0.081132,0.930287,-0.930287,NA,NA,NA,NA,NA,NA,NA,NA,NA,NA,NA,NA
NA,NA,NA,NA,NA,NA,NA,NA,NA,NA,NA,NA,NA,NA,NA,NA,72,2025-10-04,12:47:58,4,2,"Mahan, Riley",10068537,Right,CLE_SCC,"Van Ness, Jameson",1000370206,Right,CAR_EAG,Undefined,2,Bottom,2,0,1,Fastball,Four-Seam,FoulBallNotFieldable,Undefined,Undefined,Undefined,0,0,NA,89.25878,-1.37315,-3.60555,2316.70699,212.803215,01:00:00,5.86688,1.46062,6.66888,-20.75529,13.30284,7.89241,2.87814,-1.18503,81.80493,-5.319684,-2.172036,0.420031,NA,NA,NA,NA,NA,NA,NA,NA,NA,NA,NA,-5.15807,7.71914,-1.2215,50,5.76607,7.8708,-129.59601,-3.67823,-8.78581,26.69445,-19.026,CAR_EAG,CLE_SCC,CarsonNewman,TeamExclusive,Team,20251004-CarsonNewman-Private-2,e254a670-a141-11f0-8e17-f9dcdb0ff224,89.7372,NA,NA,7.45385,NA,NA,NA,NA,NA,NA,aa1485ac-9891-46a2-85a3-6504a17cc3e8,2025-10-04,16:47:58,2025-10-04T16:47:58Z,2025-10-04T16:47:58Z,NA,v3,CNE,CSCC,NA,"Christopher, Conner",10087004,Right,CLE_SCC,c1ccb85c-362a-4176-99c8-7ed55d1e2c2a,53.83337,-130.38323,13.34722,5.86626,-3.11716,-9.513,-1.45743,8.12989,-4.39291,NA,NA,NA,NA,NA,NA,NA,NA,NA,NA,NA,NA,NA,NA,NA,NA,NA,NA,NA,NA,NA,NA,NA,NA,NA,NA,NA,NA,NA,NA,NA,NA,NA,NA,NA,NA,NA,NA,NA,NA,NA,NA,NA,NA,NA,NA,NA,NA,NA,NA,High,High,High,NA,NA,NA,NA,NA,226.156156,26.398718,2075.124752,0.895722,01:30:00,-0.467176,-0.656491,-0.592255,-48.028357,43.287088,14.323531,-0.286065,177.491325,-0.957292,-2.403776,0.957292,-0.041941,0.286065,16.637561,-16.622496,0.041941,-0.041941,-177.491325,16.622496,0.286065,2.403776,-16.637561,-0.286065,0.041941,0.957292,-0.957292,NA,NA,NA,NA,NA,NA,NA,NA,NA,NA,NA,NA
NA,NA,NA,NA,NA,NA,NA,NA,NA,NA,NA,NA,NA,NA,NA,NA,73,2025-10-04,12:48:16,4,3,"Mahan, Riley",10068537,Right,CLE_SCC,"Van Ness, Jameson",1000370206,Right,CAR_EAG,Undefined,2,Bottom,2,0,2,Slider,Curveball,StrikeSwinging,Strikeout,Undefined,Undefined,0,0,NA,76.17739,0.051264,-1.99083,2146.591078,40.184346,07:15:00,5.90124,1.52583,5.84197,-59.72759,-11.7204,-11.04867,0.97162,-1.24593,70.97229,-10.789712,-3.976801,0.498683,NA,NA,NA,NA,NA,NA,NA,NA,NA,NA,NA,5.12925,-5.60697,-1.35704,50,5.87019,4.24415,-110.78249,-1.79432,6.39048,19.32152,-39.15971,CAR_EAG,CLE_SCC,CarsonNewman,TeamExclusive,Team,20251004-CarsonNewman-Private-2,ece8a0a0-a141-11f0-8e17-f9dcdb0ff224,75.58395,NA,NA,5.20509,NA,NA,NA,NA,NA,NA,aa1485ac-9891-46a2-85a3-6504a17cc3e8,2025-10-04,16:48:16,2025-10-04T16:48:16Z,2025-10-04T16:48:16Z,NA,v3,CNE,CSCC,NA,"Christopher, Conner",10087004,Right,CLE_SCC,57aaa520-c0a0-41ca-b4a4-c53c022a9590,54.66515,-111.59317,9.66076,5.91101,-0.15128,-19.57986,-1.52949,3.97602,3.19524,NA,NA,NA,NA,NA,NA,NA,NA,NA,NA,NA,NA,NA,NA,NA,NA,NA,NA,NA,NA,NA,NA,NA,NA,NA,NA,NA,NA,NA,NA,NA,NA,NA,NA,NA,NA,NA,NA,NA,NA,NA,NA,NA,NA,NA,NA,NA,NA,NA,NA,High,High,High,NA,NA,NA,NA,NA,34.105142,50.38265,1368.789431,0.637657,07:15:00,-0.751193,0.358232,0.554417,-48.677076,9.08402,26.989802,-0.588007,173.971864,-0.804383,-4.872773,0.804383,-0.084943,0.588007,36.166955,-36.015724,0.084943,-0.084943,-173.971864,36.015724,0.588007,4.872773,-36.166955,-0.588007,0.084943,0.804383,-0.804383,NA,NA,NA,NA,NA,NA,NA,NA,NA,NA,NA,NA
NA,NA,NA,NA,NA,NA,NA,NA,NA,NA,NA,NA,NA,NA,NA,NA,74,2025-10-04,12:50:35,1,1,"Casson, Kolton",1000370207,Right,CAR_EAG,"Christopher, Conner",10087004,Right,CLE_SCC,Undefined,3,Top,0,0,0,Fastball,Changeup,StrikeCalled,Undefined,Undefined,Undefined,0,0,NA,83.68038,-2.066655,-4.060509,2016.424676,218.708842,01:15:00,6.00198,2.21119,5.34042,-25.45793,15.31816,11.253,1.93592,-0.66685,76.8934,-6.76734,-2.06772,0.459594,NA,NA,NA,NA,NA,NA,NA,NA,NA,NA,NA,-6.69681,8.61579,-1.85253,50,5.79695,8.12206,-121.1502,-5.22888,-10.0048,22.51633,-19.30235,CAR_EAG,CLE_SCC,CarsonNewman,TeamExclusive,Team,20251004-CarsonNewman-Private-2,3fe60cc0-a142-11f0-8e17-f9dcdb0ff224,82.0125,NA,NA,6.78699,NA,NA,NA,NA,NA,NA,aa1485ac-9891-46a2-85a3-6504a17cc3e8,2025-10-04,16:50:35,2025-10-04T16:50:35Z,2025-10-04T16:50:35Z,NA,v3,CNE,CSCC,NA,"Van Ness, Jameson",1000370206,Right,CAR_EAG,04491c54-aebe-429e-8ef8-db7368167eda,55.16055,-122.10555,11.25817,6.00143,-4.4099,-9.65117,-2.20615,8.54655,-5.0024,NA,NA,NA,NA,NA,NA,NA,NA,NA,NA,NA,NA,NA,NA,NA,NA,NA,NA,NA,NA,NA,NA,NA,NA,NA,NA,NA,NA,NA,NA,NA,NA,NA,NA,NA,NA,NA,NA,NA,NA,NA,NA,NA,NA,NA,NA,NA,NA,NA,NA,High,High,High,NA,NA,NA,NA,NA,223.24895,17.736064,1920.583853,0.95247,01:30:00,-0.32932,-0.663165,-0.672131,-13.930774,50.69323,22.463302,-0.266456,170.042598,-0.949328,-9.593944,0.949328,-0.166665,0.266456,15.678297,-15.453496,0.166665,-0.166665,-170.042598,15.453496,0.266456,9.593944,-15.678297,-0.266456,0.166665,0.949328,-0.949328,NA,NA,NA,NA,NA,NA,NA,NA,NA,NA,NA,NA
NA,NA,NA,NA,NA,NA,NA,NA,NA,NA,NA,NA,NA,NA,NA,NA,75,2025-10-04,12:50:50,1,2,"Wilson, Alec",10092217,Right,CAR_EAG,"Christopher, Conner",10087004,Right,CLE_SCC,Undefined,3,Top,0,0,1,Slider,Curveball,BallCalled,Undefined,Undefined,Undefined,0,0,NA,73.44708,0.624393,-2.612985,2140.845222,56.00938,07:45:00,5.95144,2.23343,5.37324,-58.67708,-6.30567,-11.46615,1.64774,-1.17368,68.61709,-9.952211,-4.651178,0.520857,NA,NA,NA,NA,NA,NA,NA,NA,NA,NA,NA,5.10772,-2.86941,-1.99068,50,5.96561,5.28842,-106.70783,-0.7381,5.94121,16.84506,-35.5117,CAR_EAG,CLE_SCC,CarsonNewman,TeamExclusive,Team,20251004-CarsonNewman-Private-2,48c3a460-a142-11f0-8e17-f9dcdb0ff224,72.36619,NA,NA,4.82999,NA,NA,NA,NA,NA,NA,aa1485ac-9891-46a2-85a3-6504a17cc3e8,2025-10-04,16:50:50,2025-10-04T16:50:50Z,2025-10-04T16:50:50Z,NA,v3,CNE,CSCC,NA,"Van Ness, Jameson",1000370206,Right,CAR_EAG,b909cd31-54d8-4378-9dfe-977e8615b8b6,55.13276,-107.51504,8.42253,5.96021,0.96362,-17.75585,-2.23728,5.00371,2.9706,NA,NA,NA,NA,NA,NA,NA,NA,NA,NA,NA,NA,NA,NA,NA,NA,NA,NA,NA,NA,NA,NA,NA,NA,NA,NA,NA,NA,NA,NA,NA,NA,NA,NA,NA,NA,NA,NA,NA,NA,NA,NA,NA,NA,NA,NA,NA,NA,NA,NA,High,High,High,NA,NA,NA,NA,NA,40.852059,61.613175,1017.804747,0.475422,07:15:00,-0.859011,0.320546,0.399186,-48.745958,23.058083,14.06918,-0.851279,146.609361,-0.438103,-16.784526,0.438103,-0.288773,0.851279,62.767771,-58.351024,0.288773,-0.288773,-146.609361,58.351024,0.851279,16.784526,-62.767771,-0.851279,0.288773,0.438103,-0.438103,NA,NA,NA,NA,NA,NA,NA,NA,NA,NA,NA,NA
NA,NA,NA,NA,NA,NA,NA,NA,NA,NA,NA,NA,NA,NA,NA,NA,76,2025-10-04,12:51:07,1,3,"Wilson, Alec",10092217,Right,CAR_EAG,"Christopher, Conner",10087004,Right,CLE_SCC,Undefined,3,Top,0,1,1,Slider,Curveball,StrikeCalled,Undefined,Undefined,Undefined,0,0,NA,73.15299,0.910176,-0.4373,2082.648578,77.396488,08:30:00,5.90796,2.15986,5.44092,-54.7483,-1.5535,-14.44272,2.198,0.5468,67.32203,-9.058439,-3.011664,0.524935,NA,NA,NA,NA,NA,NA,NA,NA,NA,NA,NA,7.13398,-0.5163,-2.11096,50,5.95074,1.34176,-106.22616,-0.04565,8.12366,18.77551,-32.76196,CAR_EAG,CLE_SCC,CarsonNewman,TeamExclusive,Team,20251004-CarsonNewman-Private-2,5353f510-a142-11f0-8e17-f9dcdb0ff224,71.80396,NA,NA,5.83096,NA,NA,NA,NA,NA,NA,aa1485ac-9891-46a2-85a3-6504a17cc3e8,2025-10-04,16:51:07,2025-10-04T16:51:07Z,2025-10-04T16:51:07Z,NA,v3,CNE,CSCC,NA,"Van Ness, Jameson",1000370206,Right,CAR_EAG,ffe5fd9c-7159-4837-ad2f-24c799a27544,55.06231,-107.11719,9.38775,5.91602,1.50913,-16.38098,-2.16549,0.95623,4.06183,NA,NA,NA,NA,NA,NA,NA,NA,NA,NA,NA,NA,NA,NA,NA,NA,NA,NA,NA,NA,NA,NA,NA,NA,NA,NA,NA,NA,NA,NA,NA,NA,NA,NA,NA,NA,NA,NA,NA,NA,NA,NA,NA,NA,NA,NA,NA,NA,NA,NA,High,High,High,NA,NA,NA,NA,NA,39.191664,57.642511,1114.633927,0.5352,07:15:00,-0.836056,0.351578,0.421193,-52.532315,40.747687,15.674564,-0.812913,128.169056,-0.359904,-27.249448,0.359904,-0.457865,0.812913,66.119408,-54.381566,0.457865,-0.457865,-128.169056,54.381566,0.812913,27.249448,-66.119408,-0.812913,0.457865,0.359904,-0.359904,NA,NA,NA,NA,NA,NA,NA,NA,NA,NA,NA,NA
NA,NA,NA,NA,NA,NA,NA,NA,NA,NA,NA,NA,NA,NA,NA,NA,77,2025-10-04,12:51:28,1,4,"Wilson, Alec",10092217,Right,CAR_EAG,"Christopher, Conner",10087004,Right,CLE_SCC,Undefined,3,Top,0,1,2,Slider,Curveball,BallCalled,Undefined,Undefined,Undefined,0,0,NA,74.51785,-1.168795,-2.542986,2044.595323,60.384743,08:00:00,5.9488,1.89734,5.25126,-59.79236,-7.69804,-16.51757,-0.13346,-1.87038,68.82336,-11.896174,-5.478239,0.519477,NA,NA,NA,NA,NA,NA,NA,NA,NA,NA,NA,7.55426,-3.0902,-1.6509,50,5.79668,5.41017,-108.03799,-4.18307,8.8245,20.87081,-35.78388,CAR_EAG,CLE_SCC,CarsonNewman,TeamExclusive,Team,20251004-CarsonNewman-Private-2,5f9b6ba0-a142-11f0-8e17-f9dcdb0ff224,72.5584,NA,NA,5.69449,NA,NA,NA,NA,NA,NA,aa1485ac-9891-46a2-85a3-6504a17cc3e8,2025-10-04,16:51:28,2025-10-04T16:51:28Z,2025-10-04T16:51:28Z,NA,v3,CNE,CSCC,NA,"Van Ness, Jameson",1000370206,Right,CAR_EAG,abaed717-3ed9-44c5-ad12-8cfccd20a22d,55.25408,-109.04824,10.43541,5.95724,-2.45094,-17.89194,-1.90244,4.98301,4.41225,NA,NA,NA,NA,NA,NA,NA,NA,NA,NA,NA,NA,NA,NA,NA,NA,NA,NA,NA,NA,NA,NA,NA,NA,NA,NA,NA,NA,NA,NA,NA,NA,NA,NA,NA,NA,NA,NA,NA,NA,NA,NA,NA,NA,NA,NA,NA,NA,NA,NA,High,High,High,NA,NA,NA,NA,NA,36.619575,57.886882,1086.891578,0.531593,07:15:00,-0.833521,0.299751,0.464103,-33.254893,33.147661,8.202247,-0.908873,117.859019,-0.194897,-21.637567,0.194897,-0.368734,0.908873,77.89689,-65.350081,0.368734,-0.368734,-117.859019,65.350081,0.908873,21.637567,-77.89689,-0.908873,0.368734,0.194897,-0.194897,NA,NA,NA,NA,NA,NA,NA,NA,NA,NA,NA,NA
NA,NA,NA,NA,NA,NA,NA,NA,NA,NA,NA,NA,NA,NA,NA,NA,78,2025-10-04,12:51:48,1,5,"Wilson, Alec",10092217,Right,CAR_EAG,"Christopher, Conner",10087004,Right,CLE_SCC,Undefined,3,Top,0,2,2,Fastball,Changeup,BallCalled,Undefined,Undefined,Undefined,0,0,NA,84.42776,-2.210991,-4.864531,2102.405136,214.935406,01:15:00,5.98426,2.08308,5.30465,-24.91112,15.3615,9.8326,1.82415,-1.67528,77.43669,-6.80908,-3.128094,0.456748,NA,NA,NA,NA,NA,NA,NA,NA,NA,NA,NA,-6.22296,8.67611,-1.6475,50,5.76475,9.96608,-122.05922,-5.56517,-9.42056,23.24675,-19.03979,CAR_EAG,CLE_SCC,CarsonNewman,TeamExclusive,Team,20251004-CarsonNewman-Private-2,6bb91310-a142-11f0-8e17-f9dcdb0ff224,82.52354,NA,NA,6.99107,NA,NA,NA,NA,NA,NA,aa1485ac-9891-46a2-85a3-6504a17cc3e8,2025-10-04,16:51:48,2025-10-04T16:51:48Z,2025-10-04T16:51:48Z,NA,v3,CNE,CSCC,NA,"Van Ness, Jameson",1000370206,Right,CAR_EAG,344e08c8-48fe-43d7-b79b-380daa7cdf8c,55.19625,-123.04489,11.62338,5.9836,-4.75788,-9.5199,-2.07853,10.36552,-4.71028,NA,NA,NA,NA,NA,NA,NA,NA,NA,NA,NA,NA,NA,NA,NA,NA,NA,NA,NA,NA,NA,NA,NA,NA,NA,NA,NA,NA,NA,NA,NA,NA,NA,NA,NA,NA,NA,NA,NA,NA,NA,NA,NA,NA,NA,NA,NA,NA,NA,NA,High,High,High,NA,NA,NA,NA,NA,219.899836,23.435916,1928.968264,0.917505,01:15:00,-0.433061,-0.603437,-0.669568,-4.684947,59.808795,31.504909,-0.211359,166.107511,-0.948817,-13.572556,0.948817,-0.234677,0.211359,12.558207,-12.202019,0.234677,-0.234677,-166.107511,12.202019,0.211359,13.572556,-12.558207,-0.211359,0.234677,0.948817,-0.948817,NA,NA,NA,NA,NA,NA,NA,NA,NA,NA,NA,NA
NA,NA,NA,NA,NA,NA,NA,NA,NA,NA,NA,NA,NA,NA,NA,NA,79,2025-10-04,12:52:08,1,6,"Wilson, Alec",10092217,Right,CAR_EAG,"Christopher, Conner",10087004,Right,CLE_SCC,Undefined,3,Top,0,3,2,Fastball,Changeup,InPlay,Undefined,GroundBall,Single,0,0,NA,83.75687,-1.821718,-3.873995,2077.55807,212.837028,01:00:00,5.97023,2.04756,5.42214,-23.85726,16.62107,9.9256,2.27118,-0.75975,77.05036,-6.245164,-2.11356,0.457913,63.72699,-32.674677,-55.077275,NA,NA,NA,NA,5.21763,5.21763,-25.704502,0.046663,-6.04567,9.22867,-1.71036,50,5.79168,7.81247,-121.365,-4.64269,-9.0728,22.38022,-18.32444,CAR_EAG,CLE_SCC,CarsonNewman,TeamExclusive,Team,20251004-CarsonNewman-Private-2,7781e3c0-a142-11f0-8e17-f9dcdb0ff224,82.31359,2.36439,NA,6.70652,NA,NA,NA,2.59089,2.36439,0.75961,aa1485ac-9891-46a2-85a3-6504a17cc3e8,2025-10-04,16:52:08,2025-10-04T16:52:08Z,2025-10-04T16:52:08Z,GroundBall,v3,CNE,CSCC,NA,"Van Ness, Jameson",1000370206,Right,CAR_EAG,057eaf7c-0d96-483e-a6f6-3e6bce23945e,55.08071,-122.29831,11.19011,5.96936,-3.87851,-9.16222,-2.04405,8.19083,-4.5364,180,2.58948,45.22688,NA,NA,NA,NA,NA,NA,NA,2.36597,-50.669670000000004,NA,NA,NA,NA,NA,NA,NA,0.76163,-64.77645,NA,NA,NA,NA,NA,NA,NA,NA,NA,NA,NA,NA,NA,NA,NA,NA,NA,NA,NA,NA,NA,NA,NA,NA,NA,NA,NA,NA,NA,High,High,High,High,High,NA,NA,NA,221.10208,24.235846,1894.44933,0.911863,01:15:00,-0.436759,-0.612208,-0.659123,-14.870183,57.049816,16.814985,-0.223944,166.387374,-0.947225,-13.260497,0.947225,-0.229379,0.223944,13.301692,-12.940786,0.229379,-0.229379,-166.387374,12.940786,0.223944,13.260497,-13.301692,-0.223944,0.229379,0.947225,-0.947225,NA,NA,NA,NA,NA,NA,NA,NA,NA,NA,NA,NA
NA,NA,NA,NA,NA,NA,NA,NA,NA,NA,NA,NA,NA,NA,NA,NA,80,2025-10-04,12:52:54,2,1,"Wilson, Alec",10092217,Right,CAR_EAG,"Bryson, Logan",824447,Right,CLE_SCC,Undefined,3,Top,0,0,0,Slider,Curveball,StrikeCalled,Undefined,Undefined,Undefined,0,0,NA,72.88244,1.070331,-0.226314,2032.479985,72.209096,08:30:00,5.87596,2.22477,5.03263,-57.982,-3.43996,-16.19733,2.05415,0.66145,66.96451,-9.402739,-3.092911,0.531541,NA,NA,NA,NA,NA,NA,NA,NA,NA,NA,NA,7.94697,-1.46437,-2.1896,50,5.93182,1.04078,-105.74977,0.03257,8.94995,18.95376,-33.82324,CAR_EAG,CLE_SCC,CarsonNewman,TeamExclusive,Team,20251004-CarsonNewman-Private-2,9303d220-a142-11f0-8e17-f9dcdb0ff224,70.91158,NA,NA,5.91792,NA,NA,NA,NA,NA,NA,aa1485ac-9891-46a2-85a3-6504a17cc3e8,2025-10-04,16:52:54,2025-10-04T16:52:54Z,2025-10-04T16:52:54Z,NA,v3,CNE,CSCC,NA,"Van Ness, Jameson",1000370206,Right,CAR_EAG,7dc10802-ec4b-4b91-982b-be9cd7fed0b7,55.47084,-106.72582,9.47688,5.88529,1.77433,-16.91162,-2.23133,0.57989,4.47498,NA,NA,NA,NA,NA,NA,NA,NA,NA,NA,NA,NA,NA,NA,NA,NA,NA,NA,NA,NA,NA,NA,NA,NA,NA,NA,NA,NA,NA,NA,NA,NA,NA,NA,NA,NA,NA,NA,NA,NA,NA,NA,NA,NA,NA,NA,NA,NA,NA,NA,High,High,High,NA,NA,High,High,High,41.445827,58.882598,1050.372188,0.516793,07:30:00,-0.848034,0.358004,0.390732,-22.646685,21.676789,2.037575,-0.920136,120.722971,-0.200064,-19.672178,0.200064,-0.336638,0.920136,77.733194,-66.945901,0.336638,-0.336638,-120.722971,66.945901,0.920136,19.672178,-77.733194,-0.920136,0.336638,0.200064,-0.200064,NA,NA,NA,NA,NA,NA,NA,NA,NA,NA,NA,NA
NA,NA,NA,NA,NA,NA,NA,NA,NA,NA,NA,NA,NA,NA,NA,NA,81,2025-10-04,12:53:22,2,2,"Wilson, Alec",10092217,Right,CAR_EAG,"Bryson, Logan",824447,Right,CLE_SCC,Undefined,3,Top,0,0,1,Slider,Curveball,InPlay,Undefined,Bunt,Error,0,0,NA,72.03773,2.283135,-0.719581,2005.707326,62.855487,08:00:00,5.8805,2.57928,5.25724,-60.58523,-5.92012,-14.50379,2.9783,0.69447,66.93905,-8.669726,-3.293614,0.532141,27.8591,-23.516104,-14.148351,NA,NA,NA,NA,9.59208,9.59208,-14.376026,0.17214,7.15717,-3.2104,-2.50183,50,6.04407,1.83016,-104.67821000000001,2.24299,8.00714,16.29873,-35.76569,CAR_EAG,CLE_SCC,CarsonNewman,TeamExclusive,Team,20251004-CarsonNewman-Private-2,a394b230-a142-11f0-8e17-f9dcdb0ff224,70.83173,3.16719,NA,5.09868,NA,NA,NA,3.09106,3.16719,-0.80753,aa1485ac-9891-46a2-85a3-6504a17cc3e8,2025-10-04,16:53:22,2025-10-04T16:53:22Z,2025-10-04T16:53:22Z,GroundBall,v3,CNE,CSCC,NA,"Van Ness, Jameson",1000370206,Right,CAR_EAG,8b9fb105-2e18-4ac2-bc95-1a852247f825,55.24974,-105.49244,8.14937,5.88739,4.02973,-17.88285,-2.58327,1.43015,4.00357,172.853341,3.09118,36.321,-1.7506,NA,NA,NA,NA,NA,NA,3.16737,-16.31738,-12.1045,NA,NA,NA,NA,NA,NA,-0.80757,-9.15539,0.06909,NA,NA,NA,NA,NA,NA,NA,NA,NA,NA,NA,NA,NA,NA,NA,NA,NA,NA,NA,NA,NA,NA,NA,NA,NA,NA,NA,NA,High,High,High,High,High,NA,NA,NA,37.876936,51.967593,1235.730501,0.616107,07:15:00,-0.765799,0.409348,0.495969,-18.817789,30.513023,10.741081,-0.834285,117.605055,-0.255474,-29.246742,0.255474,-0.488572,0.834285,72.974406,-56.541421,0.488572,-0.488572,-117.605055,56.541421,0.834285,29.246742,-72.974406,-0.834285,0.488572,0.255474,-0.255474,NA,NA,NA,NA,NA,NA,NA,NA,NA,NA,NA,NA
NA,NA,NA,NA,NA,NA,NA,NA,NA,NA,NA,NA,NA,NA,NA,NA,82,2025-10-04,12:55:20,3,1,"Wilson, Alec",10092217,Right,CAR_EAG,"Armour, JC",1000310115,Left,CLE_SCC,Undefined,3,Top,0,0,0,Fastball,Changeup,InPlay,Undefined,GroundBall,Single,0,1,NA,82.72293,-1.547956,-2.869858,2056.318724,218.039198,01:15:00,6.06982,1.9406,5.24019,-24.54135,17.19828,12.44406,2.56759,0.27795,76.00913,-6.091224,-0.666129,0.464992,78.07481,-25.34803,-23.55214,NA,NA,NA,NA,7.76214,7.76214,-20.247544,0.055192,-7.03544,9.40926,-1.68633,50,5.90934,5.49995,-119.9634,-4.05432,-10.30207,22.15611,-18.39601,CAR_EAG,CLE_SCC,CarsonNewman,TeamExclusive,Team,20251004-CarsonNewman-Private-2,e99f2580-a142-11f0-8e17-f9dcdb0ff224,81.06037,2.71416,NA,6.7138,NA,NA,NA,2.03036,2.71416,-0.39692,aa1485ac-9891-46a2-85a3-6504a17cc3e8,2025-10-04,16:55:20,2025-10-04T16:55:20Z,2025-10-04T16:55:20Z,GroundBall,v3,CNE,CSCC,NA,"Van Ness, Jameson",1000370206,Right,CAR_EAG,575da6cc-1773-4588-93a2-444d386f73ed,55.26272,-120.93147,11.07805,6.06893,-3.25054,-9.19801,-1.93647,5.95008,-5.15103,180,2.02773,95.16038,NA,NA,NA,NA,NA,NA,NA,2.71552,-49.17628,NA,NA,NA,NA,NA,NA,NA,-0.39577,-41.47992,NA,NA,NA,NA,NA,NA,NA,NA,NA,NA,NA,NA,NA,NA,NA,NA,NA,NA,NA,NA,NA,NA,NA,NA,NA,NA,NA,NA,NA,High,High,High,High,High,NA,NA,NA,221.302051,18.694192,1947.833055,0.947243,01:30:00,-0.338759,-0.633637,-0.695519,-17.714306,46.785214,14.672142,-0.249129,169.686438,-0.952822,-9.984988,0.952822,-0.17339,0.249129,14.652801,-14.426006,0.17339,-0.17339,-169.686438,14.426006,0.249129,9.984988,-14.652801,-0.249129,0.17339,0.952822,-0.952822,NA,NA,NA,NA,NA,NA,NA,NA,NA,NA,NA,NA
NA,NA,NA,NA,NA,NA,NA,NA,NA,NA,NA,NA,NA,NA,NA,NA,83,2025-10-04,12:56:02,4,1,"Wilson, Alec",10092217,Right,CAR_EAG,"Adams, Hank",10088342,Right,CLE_SCC,Undefined,3,Top,0,0,0,Fastball,Changeup,BallCalled,Undefined,Undefined,Undefined,0,0,NA,83.99351,-0.46755,-3.386141,2094.194138,213.750416,01:15:00,6.02393,2.23183,5.11932,-23.86257,16.83162,10.40985,3.59416,-0.0942,77.01265,-4.88615,-1.549143,0.459132,NA,NA,NA,NA,NA,NA,NA,NA,NA,NA,NA,-6.05079,8.86894,-1.92132,50,5.96173,6.74651,-121.72975,-1.80245,-9.13016,22.63801,-18.79149,CAR_EAG,CLE_SCC,CarsonNewman,TeamExclusive,Team,20251004-CarsonNewman-Private-2,02de4fd0-a143-11f0-8e17-f9dcdb0ff224,82.09497,NA,NA,6.98086,NA,NA,NA,NA,NA,NA,aa1485ac-9891-46a2-85a3-6504a17cc3e8,2025-10-04,16:56:02,2025-10-04T16:56:02Z,2025-10-04T16:56:02Z,NA,v3,CNE,CSCC,NA,"Van Ness, Jameson",1000370206,Right,CAR_EAG,ffd6b159-9139-4147-b562-ba28c2332bfe,55.38141,-122.72644,11.31901,6.02287,-0.97511,-9.39575,-2.2272,7.14849,-4.56508,NA,NA,NA,NA,NA,NA,NA,NA,NA,NA,NA,NA,NA,NA,NA,NA,NA,NA,NA,NA,NA,NA,NA,NA,NA,NA,NA,NA,NA,NA,NA,NA,NA,NA,NA,NA,NA,NA,NA,NA,NA,NA,NA,NA,NA,NA,NA,NA,NA,NA,High,High,High,NA,NA,NA,NA,NA,220.117672,21.526544,1948.119223,0.930248,01:15:00,-0.403414,-0.602388,-0.688756,3.142009,65.757125,44.85826,-0.19344,159.968221,-0.921758,-19.637703,0.921758,-0.336071,0.19344,11.852086,-11.1536,0.336071,-0.336071,-159.968221,11.1536,0.19344,19.637703,-11.852086,-0.19344,0.336071,0.921758,-0.921758,NA,NA,NA,NA,NA,NA,NA,NA,NA,NA,NA,NA
NA,NA,NA,NA,NA,NA,NA,NA,NA,NA,NA,NA,NA,NA,NA,NA,84,2025-10-04,12:56:23,4,2,"Wilson, Alec",10092217,Right,CAR_EAG,"Adams, Hank",10088342,Right,CLE_SCC,Undefined,3,Top,0,1,0,Fastball,Four-Seam,FoulBallNotFieldable,Undefined,Undefined,Undefined,0,0,NA,82.81875,-1.497595,-2.913917,2136.266685,212.312221,01:00:00,6.07068,2.14114,5.37662,-22.80891,18.76631,11.02705,2.76376,0.32583,75.80575,-5.7550230000000004,-0.956682,0.464076,NA,NA,NA,NA,NA,NA,NA,NA,NA,NA,NA,-6.36843,10.24768,-1.88809,50,5.92057,5.65778,-120.0663,-3.8603,-9.30852,22.96164,-17.19533,CAR_EAG,CLE_SCC,CarsonNewman,TeamExclusive,Team,20251004-CarsonNewman-Private-2,0f3f68e0-a143-11f0-8e17-f9dcdb0ff224,81.22048,NA,NA,7.013,NA,NA,NA,NA,NA,NA,aa1485ac-9891-46a2-85a3-6504a17cc3e8,2025-10-04,16:56:23,2025-10-04T16:56:23Z,2025-10-04T16:56:23Z,NA,v3,CNE,CSCC,NA,"Van Ness, Jameson",1000370206,Right,CAR_EAG,2c157100-0bfd-44e0-9bba-2594df507623,55.12522,-121.04249,11.48082,6.06915,-3.12926,-8.59767,-2.13704,6.05352,-4.65426,NA,NA,NA,NA,NA,NA,NA,NA,NA,NA,NA,NA,NA,NA,NA,NA,NA,NA,NA,NA,NA,NA,NA,NA,NA,NA,NA,NA,NA,NA,NA,NA,NA,NA,NA,NA,NA,NA,NA,NA,NA,NA,NA,NA,NA,NA,NA,NA,NA,NA,High,High,High,NA,NA,NA,NA,NA,220.867231,21.900115,1982.104084,0.927836,01:15:00,-0.392203,-0.616631,-0.6826,-19.411531,45.041408,16.959782,-0.157795,174.723342,-0.983287,-5.210368,0.983287,-0.090813,0.157795,9.116934,-9.078944,0.090813,-0.090813,-174.723342,9.078944,0.157795,5.210368,-9.116934,-0.157795,0.090813,0.983287,-0.983287,NA,NA,NA,NA,NA,NA,NA,NA,NA,NA,NA,NA
NA,NA,NA,NA,NA,NA,NA,NA,NA,NA,NA,NA,NA,NA,NA,NA,85,2025-10-04,12:56:51,4,3,"Wilson, Alec",10092217,Right,CAR_EAG,"Adams, Hank",10088342,Right,CLE_SCC,Undefined,3,Top,0,1,1,ChangeUp,Changeup,BallCalled,Undefined,Undefined,Undefined,0,0,NA,76.55826,3.800745,0.227849,1627.055848,259.288562,02:45:00,5.9274,2.59614,5.87084,-44.7603,3.61886,10.38229,5.73311,3.67298,69.10321,-4.51464,2.08762,0.500611,NA,NA,NA,NA,NA,NA,NA,NA,NA,NA,NA,-5.16331,1.22756,-2.62031,50,6.21021,-0.83674,-110.85556,5.99609,-6.35355,21.87862,-30.66351,CAR_EAG,CLE_SCC,CarsonNewman,TeamExclusive,Team,20251004-CarsonNewman-Private-2,2056de10-a143-11f0-8e17-f9dcdb0ff224,75.29283,NA,NA,7.45505,NA,NA,NA,NA,NA,NA,aa1485ac-9891-46a2-85a3-6504a17cc3e8,2025-10-04,16:56:51,2025-10-04T16:56:51Z,2025-10-04T16:56:51Z,NA,v3,CNE,CSCC,NA,"Van Ness, Jameson",1000370206,Right,CAR_EAG,1da83740-15e5-44ea-aa90-c8f0870e1bae,54.62779,-111.76517,10.93931,5.93441,7.27094,-15.33176,-2.59101,-0.57259,-3.17678,NA,NA,NA,NA,NA,NA,NA,NA,NA,NA,NA,NA,NA,NA,NA,NA,NA,NA,NA,NA,NA,NA,NA,NA,NA,NA,NA,NA,NA,NA,NA,NA,NA,NA,NA,NA,NA,NA,NA,NA,NA,NA,NA,NA,NA,NA,NA,NA,NA,NA,High,High,High,NA,NA,NA,NA,NA,231.696973,20.462029,1524.395253,0.936904,01:45:00,-0.395241,-0.710439,-0.582289,67.756157,24.116111,37.556395,0.896202,92.386267,-0.018472,26.312153,0.018472,-0.443261,-0.896202,88.819237,63.663254,0.443261,0.443261,-92.386267,-63.663254,0.896202,-26.312153,-88.819237,-0.896202,-0.443261,0.018472,-0.018472,NA,NA,NA,NA,NA,NA,NA,NA,NA,NA,NA,NA
NA,NA,NA,NA,NA,NA,NA,NA,NA,NA,NA,NA,NA,NA,NA,NA,86,2025-10-04,12:57:25,4,4,"Wilson, Alec",10092217,Right,CAR_EAG,"Adams, Hank",10088342,Right,CLE_SCC,Undefined,3,Top,0,2,1,Fastball,Changeup,FoulBallNotFieldable,Undefined,Undefined,Undefined,0,0,NA,82.82629,-0.515563,-2.706414,1948.457723,201.108407,12:45:00,5.98839,2.1588,5.38507,-27.70864,14.03107,4.88284,3.19551,0.02687,75.46656,-5.656777,-1.839627,0.464993,84.26003,-21.74962,62.416491,NA,NA,NA,NA,9.11556,9.11556,48.214713,0.067941,-3.25488,7.60603,-1.92019,50,5.92299,5.47419,-120.06159,-1.99291,-4.73013,24.1964,-21.12061,CAR_EAG,CLE_SCC,CarsonNewman,TeamExclusive,Team,20251004-CarsonNewman-Private-2,3432ca70-a143-11f0-8e17-f9dcdb0ff224,81.06031,3.12064,NA,7.35974,NA,NA,NA,2.45212,3.12064,-0.13603,aa1485ac-9891-46a2-85a3-6504a17cc3e8,2025-10-04,16:57:25,2025-10-04T16:57:25Z,2025-10-04T16:57:25Z,GroundBall,v3,CNE,CSCC,NA,"Van Ness, Jameson",1000370206,Right,CAR_EAG,59545d46-fe29-440b-87d5-170d7f42491c,55.11605,-121.08825,12.0982,5.98854,-1.09676,-10.56031,-2.15672,5.67489,-2.36507,180,2.45036,53.31067,NA,NA,NA,NA,NA,NA,NA,3.12216,-45.93199,NA,NA,NA,NA,NA,NA,NA,-0.1394,102.04543,NA,NA,NA,NA,NA,NA,NA,NA,NA,NA,NA,NA,NA,NA,NA,NA,NA,NA,NA,NA,NA,NA,NA,NA,NA,NA,NA,NA,NA,High,High,High,Low,High,NA,NA,NA,219.620566,25.977741,1751.593904,0.898964,01:15:00,-0.46506,-0.577188,-0.671248,-20.732679,54.666976,8.463466,-0.17504,166.342054,-0.956721,-13.443096,0.956721,-0.23248,0.17504,10.368057,-10.080974,0.23248,-0.23248,-166.342054,10.080974,0.17504,13.443096,-10.368057,-0.17504,0.23248,0.956721,-0.956721,NA,NA,NA,NA,NA,NA,NA,NA,NA,NA,NA,NA
NA,NA,NA,NA,NA,NA,NA,NA,NA,NA,NA,NA,NA,NA,NA,NA,87,2025-10-04,12:57:53,4,5,"Wilson, Alec",10092217,Right,CAR_EAG,"Adams, Hank",10088342,Right,CLE_SCC,Undefined,3,Top,0,2,2,Slider,Curveball,StrikeSwinging,Strikeout,Undefined,Undefined,0,0,NA,72.09754,2.186346,-0.069895,1952.786111,46.377142,07:30:00,5.76864,2.27588,5.01055,-65.49023,-9.82095,-12.13237,2.37585,1.19887,66.36809,-9.611937,-2.21606,0.537006,NA,NA,NA,NA,NA,NA,NA,NA,NA,NA,NA,5.96429,-4.90548,-2.25898,50,5.92546,0.59268,-104.61681,1.78092,6.59142,18.11257,-37.59531,CAR_EAG,CLE_SCC,CarsonNewman,TeamExclusive,Team,20251004-CarsonNewman-Private-2,453be7c0-a143-11f0-8e17-f9dcdb0ff224,70.18996,NA,NA,5.72945,NA,NA,NA,NA,NA,NA,aa1485ac-9891-46a2-85a3-6504a17cc3e8,2025-10-04,16:57:53,2025-10-04T16:57:53Z,2025-10-04T16:57:53Z,NA,v3,CNE,CSCC,NA,"Van Ness, Jameson",1000370206,Right,CAR_EAG,b24ad77c-e6f9-4591-90c8-1749a7602b3d,55.49478,-105.56385,9.05628,5.78095,3.74664,-18.79765,-2.28095,0.24804,3.29571,NA,NA,NA,NA,NA,NA,NA,NA,NA,NA,NA,NA,NA,NA,NA,NA,NA,NA,NA,NA,NA,NA,NA,NA,NA,NA,NA,NA,NA,NA,NA,NA,NA,NA,NA,NA,NA,NA,NA,NA,NA,NA,NA,NA,NA,NA,NA,NA,NA,NA,High,High,High,NA,NA,NA,NA,NA,46.309202,57.097039,1060.788242,0.543218,07:30:00,-0.823537,0.424533,0.376241,-15.882616,16.50791,5.610112,-0.853149,121.376921,-0.271614,-26.447593,0.271614,-0.445379,0.853149,72.340249,-58.555837,0.445379,-0.445379,-121.376921,58.555837,0.853149,26.447593,-72.340249,-0.853149,0.445379,0.271614,-0.271614,NA,NA,NA,NA,NA,NA,NA,NA,NA,NA,NA,NA
NA,NA,NA,NA,NA,NA,NA,NA,NA,NA,NA,NA,NA,NA,NA,NA,88,2025-10-04,12:58:39,5,1,"Wilson, Alec",10092217,Right,CAR_EAG,"Read, Jon Jon",10000760,Right,CLE_SCC,Undefined,3,Top,1,0,0,Slider,Curveball,BallCalled,Undefined,Undefined,Undefined,0,0,NA,72.89766,0.979845,-0.773434,1808.005538,49.419511,07:45:00,5.87113,2.1929,5.2901,-61.7557,-7.89682,-11.178,1.64511,0.53507,67.27574,-10.18625,-2.76217,0.528202,NA,NA,NA,NA,NA,NA,NA,NA,NA,NA,NA,5.38213,-3.74036,-2.11394,50,5.91499,1.8423,-105.86143,-0.20282,6.08591,18.66983,-36.40351,CAR_EAG,CLE_SCC,CarsonNewman,TeamExclusive,Team,20251004-CarsonNewman-Private-2,60baa1d0-a143-11f0-8e17-f9dcdb0ff224,71.35988,NA,NA,5.62192,NA,NA,NA,NA,NA,NA,aa1485ac-9891-46a2-85a3-6504a17cc3e8,2025-10-04,16:58:39,2025-10-04T16:58:39Z,2025-10-04T16:58:39Z,NA,v3,CNE,CSCC,NA,"Van Ness, Jameson",1000370206,Right,CAR_EAG,c83ec8d0-5bf3-4d18-9ef3-003735a38364,55.21496,-106.77718,9.33491,5.88115,1.58277,-18.20176,-2.19698,1.54379,3.04296,NA,NA,NA,NA,NA,NA,NA,NA,NA,NA,NA,NA,NA,NA,NA,NA,NA,NA,NA,NA,NA,NA,NA,NA,NA,NA,NA,NA,NA,NA,NA,NA,NA,NA,NA,NA,NA,NA,NA,NA,NA,NA,NA,NA,NA,NA,NA,NA,NA,NA,High,High,High,NA,NA,NA,NA,NA,42.335104,60.630285,886.724007,0.490443,07:30:00,-0.860725,0.345151,0.374197,-34.337884,29.881073,10.439817,-0.8662,116.742216,-0.224852,-26.503325,0.224852,-0.44625,0.8662,75.448069,-60.020022,0.44625,-0.44625,-116.742216,60.020022,0.8662,26.503325,-75.448069,-0.8662,0.44625,0.224852,-0.224852,NA,NA,NA,NA,NA,NA,NA,NA,NA,NA,NA,NA
NA,NA,NA,NA,NA,NA,NA,NA,NA,NA,NA,NA,NA,NA,NA,NA,89,2025-10-04,12:58:59,5,2,"Wilson, Alec",10092217,Right,CAR_EAG,"Read, Jon Jon",10000760,Right,CLE_SCC,Undefined,3,Top,1,1,0,Fastball,Changeup,InPlay,Undefined,GroundBall,Single,0,2,NA,82.3343,-0.764055,-2.216697,1956.633658,211.053316,01:00:00,6.03812,2.17407,5.46844,-26.0412,15.93473,8.77398,3.15235,0.82954,75.1876,-5.614333,-0.655414,0.466307,81.74545,-1.379549,-23.535502,1323.966593,NA,NA,NA,43.50269,41.1947,-24.120828,0.359853,-5.08366,8.65918,-1.98527,50,5.95335,4.26906,-119.43988,-2.42202,-7.32904,23.43373,-19.69024,CAR_EAG,CLE_SCC,CarsonNewman,TeamExclusive,Team,20251004-CarsonNewman-Private-2,6c93ed40-a143-11f0-8e17-f9dcdb0ff224,80.83188,3.24877,NA,7.14671,NA,NA,NA,1.86263,3.24877,-0.86641,aa1485ac-9891-46a2-85a3-6504a17cc3e8,2025-10-04,16:58:59,2025-10-04T16:58:59Z,2025-10-04T16:58:59Z,GroundBall,v3,CNE,CSCC,NA,"Van Ness, Jameson",1000370206,Right,CAR_EAG,13d14960-b435-4e4a-8a51-4c992f112bf8,55.0333,-120.42334,11.71686,6.03765,-1.59566,-9.84512,-2.17089,4.57665,-3.66452,62.201408,1.86617,109.75651,-12.83043,NA,NA,NA,NA,NA,NA,3.25174,-2.99616,-16.8075,NA,NA,NA,NA,NA,NA,-0.86651,-47.85796,2.39784,NA,NA,NA,NA,NA,NA,NA,NA,NA,NA,NA,NA,NA,NA,NA,NA,NA,NA,NA,NA,NA,NA,NA,NA,NA,NA,NA,NA,High,High,High,High,High,NA,NA,NA,219.443307,21.836817,1816.239324,0.928247,01:15:00,-0.391522,-0.594636,-0.702224,-25.540001,46.904838,9.376254,-0.112868,169.434988,-0.976766,-10.496734,0.976766,-0.182179,0.112868,6.591427,-6.480645,0.182179,-0.182179,-169.434988,6.480645,0.112868,10.496734,-6.591427,-0.112868,0.182179,0.976766,-0.976766,NA,NA,NA,NA,NA,NA,NA,NA,NA,NA,NA,NA
NA,NA,NA,NA,NA,NA,NA,NA,NA,NA,NA,NA,NA,NA,NA,NA,90,2025-10-04,12:59:36,6,1,"Wilson, Alec",10092217,Right,CAR_EAG,"Casteel, Brody",10088288,Right,CLE_SCC,Undefined,3,Top,1,0,0,Fastball,Changeup,InPlay,Undefined,FlyBall,Out,1,0,NA,83.19032,-2.048132,-2.90678,1940.374405,215.852801,01:15:00,6.02684,2.18985,5.49844,-25.50497,15.33036,10.17941,1.98232,0.31679,76.65013,-6.767158,-1.095123,0.459928,97.12974,24.710769,-0.691397,2898.516712,109.96963,46.81581,2.57763,348.61547,346.3006,6.065406,4.579285,-5.9441,8.65953,-1.94268,50,5.8303,5.71896,-120.66855,-5.14585,-8.81828,22.12521,-19.32735,CAR_EAG,CLE_SCC,CarsonNewman,TeamExclusive,Team,20251004-CarsonNewman-Private-2,828dd7a0-a143-11f0-8e17-f9dcdb0ff224,81.95298,65.12582,NA,6.54019,NA,NA,NA,1.79884,2.12749,-0.27321,aa1485ac-9891-46a2-85a3-6504a17cc3e8,2025-10-04,16:59:36,2025-10-04T16:59:36Z,2025-10-04T16:59:36Z,FlyBall,v3,CNE,CSCC,NA,"Van Ness, Jameson",1000370206,Right,CAR_EAG,d6586016-005a-411d-8a66-21135853eb97,55.0047,-121.58273,11.06261,6.02642,-4.34728,-9.66367,-2.18651,6.08331,-4.40914,204.562095,1.79804,129.42321,-24.97133,5.92521,-1.42872,0.34953,-0.07092,0.00901,-4.9e-4,2.12957,59.5004,-14.56764,-0.25857,0.58452,-0.28397,0.07514,-0.01007,5.3e-4,-0.27316,-1.56392,6.12351,-2.12857,0.6141,-0.14827,0.02658,-0.00294,1.4e-4,NA,NA,NA,NA,NA,NA,NA,NA,NA,NA,NA,NA,NA,NA,NA,NA,NA,NA,NA,NA,NA,NA,High,High,High,High,High,NA,NA,NA,218.993027,18.619186,1838.81822,0.947662,01:15:00,-0.33473,-0.607323,-0.720496,-25.783162,49.264907,11.69285,-0.121754,165.304211,-0.96009,-14.584022,0.96009,-0.251799,0.121754,7.227414,-6.99336,0.251799,-0.251799,-165.304211,6.99336,0.121754,14.584022,-7.227414,-0.121754,0.251799,0.96009,-0.96009,NA,NA,NA,NA,NA,NA,NA,NA,NA,NA,NA,NA
NA,NA,NA,NA,NA,NA,NA,NA,NA,NA,NA,NA,NA,NA,NA,NA,91,2025-10-04,13:00:24,7,1,"Wilson, Alec",10092217,Right,CAR_EAG,"Baker, Adam",831407,Right,CLE_SCC,Undefined,3,Top,2,0,0,Fastball,Four-Seam,BallCalled,Undefined,Undefined,Undefined,0,0,NA,83.5486,-1.505525,-4.603965,2095.385271,200.312821,12:45:00,6.07738,1.84123,5.43964,-23.84194,17.13717,5.85107,2.67585,-1.99177,76.3778,-5.941912,-3.568217,0.460737,NA,NA,NA,NA,NA,NA,NA,NA,NA,NA,NA,-4.21071,9.43725,-1.43708,50,5.92751,9.48509,-120.84945,-3.94301,-6.22939,23.46861,-18.21242,CAR_EAG,CLE_SCC,CarsonNewman,TeamExclusive,Team,20251004-CarsonNewman-Private-2,9eef0270-a143-11f0-8e17-f9dcdb0ff224,81.80907,NA,NA,7.17081,NA,NA,NA,NA,NA,NA,aa1485ac-9891-46a2-85a3-6504a17cc3e8,2025-10-04,17:00:24,2025-10-04T17:00:24Z,2025-10-04T17:00:24Z,NA,v3,CNE,CSCC,NA,"Van Ness, Jameson",1000370206,Right,CAR_EAG,11de6f41-6662-4357-9e65-7d28e97cf6f7,55.06009,-121.82814,11.7343,6.07611,-3.18351,-9.10621,-1.83804,9.74487,-3.11469,NA,NA,NA,NA,NA,NA,NA,NA,NA,NA,NA,NA,NA,NA,NA,NA,NA,NA,NA,NA,NA,NA,NA,NA,NA,NA,NA,NA,NA,NA,NA,NA,NA,NA,NA,NA,NA,NA,NA,NA,NA,NA,NA,NA,NA,NA,NA,NA,NA,NA,High,High,High,NA,NA,High,High,High,219.150361,25.417413,1892.562225,0.903205,01:15:00,-0.468965,-0.581325,-0.664931,-33.020116,49.492437,-1.837031,-0.078067,167.656262,-0.973901,-12.305475,0.973901,-0.213124,0.078067,4.582972,-4.477462,0.213124,-0.213124,-167.656262,4.477462,0.078067,12.305475,-4.582972,-0.078067,0.213124,0.973901,-0.973901,NA,NA,NA,NA,NA,NA,NA,NA,NA,NA,NA,NA
NA,NA,NA,NA,NA,NA,NA,NA,NA,NA,NA,NA,NA,NA,NA,NA,92,2025-10-04,13:00:44,7,2,"Wilson, Alec",10092217,Right,CAR_EAG,"Baker, Adam",831407,Right,CLE_SCC,Undefined,3,Top,2,1,0,Fastball,Changeup,StrikeCalled,Undefined,Undefined,Undefined,0,0,NA,82.22818,-1.75504,-3.945197,1888.518526,215.371389,01:15:00,5.98091,2.03638,5.48574,-27.39903,14.59706,9.42989,2.05118,-0.87486,75.5671,-6.818573,-2.270556,0.466419,NA,NA,NA,NA,NA,NA,NA,NA,NA,NA,NA,-5.78264,8.22941,-1.6964,50,5.80817,7.82534,-119.09652,-4.54244,-8.34339,21.89556,-20.30038,CAR_EAG,CLE_SCC,CarsonNewman,TeamExclusive,Team,20251004-CarsonNewman-Private-2,ab175840-a143-11f0-8e17-f9dcdb0ff224,80.81248,NA,NA,6.66108,NA,NA,NA,NA,NA,NA,aa1485ac-9891-46a2-85a3-6504a17cc3e8,2025-10-04,17:00:44,2025-10-04T17:00:44Z,2025-10-04T17:00:44Z,NA,v3,CNE,CSCC,NA,"Van Ness, Jameson",1000370206,Right,CAR_EAG,b471621b-b982-4f16-bb88-3f84c1855872,55.01482,-120.01494,10.94778,5.98084,-3.69093,-10.15019,-2.03198,8.17531,-4.1717,NA,NA,NA,NA,NA,NA,NA,NA,NA,NA,NA,NA,NA,NA,NA,NA,NA,NA,NA,NA,NA,NA,NA,NA,NA,NA,NA,NA,NA,NA,NA,NA,NA,NA,NA,NA,NA,NA,NA,NA,NA,NA,NA,NA,NA,NA,NA,NA,NA,NA,High,High,High,NA,NA,NA,NA,NA,220.707336,23.688245,1729.401471,0.915745,01:15:00,-0.430133,-0.609269,-0.666166,-29.068923,43.261578,3.219076,-0.120639,173.091836,-0.98549,-6.857467,0.98549,-0.1194,0.120639,6.97913,-6.928957,0.1194,-0.1194,-173.091836,6.928957,0.120639,6.857467,-6.97913,-0.120639,0.1194,0.98549,-0.98549,NA,NA,NA,NA,NA,NA,NA,NA,NA,NA,NA,NA
NA,NA,NA,NA,NA,NA,NA,NA,NA,NA,NA,NA,NA,NA,NA,NA,93,2025-10-04,13:01:02,7,3,"Wilson, Alec",10092217,Right,CAR_EAG,"Baker, Adam",831407,Right,CLE_SCC,Undefined,3,Top,2,1,1,Slider,Curveball,StrikeSwinging,Undefined,Undefined,Undefined,0,0,NA,70.55149,1.747737,-0.772561,1850.047613,76.678314,08:30:00,5.85938,2.22262,5.1835,-59.83763,-1.88725,-15.8671,2.51802,0.17342,64.75759,-9.10662,-3.585115,0.547898,NA,NA,NA,NA,NA,NA,NA,NA,NA,NA,NA,7.67052,-0.88158,-2.13826,50,5.97647,1.96073,-102.34169,1.23216,8.08574,17.84926,-33.10334,CAR_EAG,CLE_SCC,CarsonNewman,TeamExclusive,Team,20251004-CarsonNewman-Private-2,b5f553c0-a143-11f0-8e17-f9dcdb0ff224,68.79466,NA,NA,5.79389,NA,NA,NA,NA,NA,NA,aa1485ac-9891-46a2-85a3-6504a17cc3e8,2025-10-04,17:01:02,2025-10-04T17:01:02Z,2025-10-04T17:01:02Z,NA,v3,CNE,CSCC,NA,"Van Ness, Jameson",1000370206,Right,CAR_EAG,e4acc131-44ef-404e-8196-3d1ec0e3d7ef,55.3197,-103.26532,8.92463,5.86839,2.94514,-16.55167,-2.22889,1.54232,4.04287,NA,NA,NA,NA,NA,NA,NA,NA,NA,NA,NA,NA,NA,NA,NA,NA,NA,NA,NA,NA,NA,NA,NA,NA,NA,NA,NA,NA,NA,NA,NA,NA,NA,NA,NA,NA,NA,NA,NA,NA,NA,NA,NA,NA,NA,NA,NA,NA,NA,NA,High,High,High,NA,NA,NA,NA,NA,49.240797,60.760949,903.664085,0.488455,07:45:00,-0.856521,0.396426,0.330482,-14.479939,20.458088,8.950113,-0.850543,108.34252,-0.165501,-29.946167,0.165501,-0.499186,0.850543,78.988812,-58.27073,0.499186,-0.499186,-108.34252,58.27073,0.850543,29.946167,-78.988812,-0.850543,0.499186,0.165501,-0.165501,NA,NA,NA,NA,NA,NA,NA,NA,NA,NA,NA,NA
NA,NA,NA,NA,NA,NA,NA,NA,NA,NA,NA,NA,NA,NA,NA,NA,94,2025-10-04,13:01:22,7,4,"Wilson, Alec",10092217,Right,CAR_EAG,"Baker, Adam",831407,Right,CLE_SCC,Undefined,3,Top,2,1,2,Slider,Curveball,StrikeSwinging,Strikeout,Undefined,Undefined,0,0,NA,72.37155,-0.208174,-1.969411,1706.380273,52.875803,07:45:00,5.86548,2.12945,5.38982,-62.07464,-7.61717,-12.26327,0.49736,-0.73913,67.15707,-11.397781,-4.155472,0.531129,NA,NA,NA,NA,NA,NA,NA,NA,NA,NA,NA,5.61906,-3.28343,-1.94448,50,5.80295,4.05417,-105.086,-2.35725,6.26221,18.36806,-35.83328,CAR_EAG,CLE_SCC,CarsonNewman,TeamExclusive,Team,20251004-CarsonNewman-Private-2,c2095e40-a143-11f0-8e17-f9dcdb0ff224,70.96662,NA,NA,5.21448,NA,NA,NA,NA,NA,NA,aa1485ac-9891-46a2-85a3-6504a17cc3e8,2025-10-04,17:01:22,2025-10-04T17:01:22Z,2025-10-04T17:01:22Z,NA,v3,CNE,CSCC,NA,"Van Ness, Jameson",1000370206,Right,CAR_EAG,c40b9403-2ad1-4d0c-9aae-6cb2051d2cc6,55.11558,-105.97638,9.18403,5.87512,-0.62024,-17.91664,-2.13365,3.75061,3.13111,NA,NA,NA,NA,NA,NA,NA,NA,NA,NA,NA,NA,NA,NA,NA,NA,NA,NA,NA,NA,NA,NA,NA,NA,NA,NA,NA,NA,NA,NA,NA,NA,NA,NA,NA,NA,NA,NA,NA,NA,NA,NA,NA,NA,NA,NA,NA,NA,NA,NA,High,High,High,NA,NA,NA,NA,NA,49.032666,64.753562,727.792541,0.426513,07:45:00,-0.895501,0.318764,0.310592,-23.608547,22.870494,10.20792,-0.880639,109.420567,-0.157535,-26.540593,0.157535,-0.446832,0.880639,79.857818,-61.719487,0.446832,-0.446832,-109.420567,61.719487,0.880639,26.540593,-79.857818,-0.880639,0.446832,0.157535,-0.157535,NA,NA,NA,NA,NA,NA,NA,NA,NA,NA,NA,NA
NA,NA,NA,NA,NA,NA,NA,NA,NA,NA,NA,NA,NA,NA,NA,NA,95,2025-10-04,13:03:35,1,1,"Mahan, Riley",10068537,Right,CLE_SCC,"Smith, Braxton",1000370200,Right,CAR_EAG,Undefined,3,Bottom,0,0,0,Fastball,Sinker,FoulBallNotFieldable,Undefined,Undefined,Undefined,0,0,NA,87.59967,-1.833668,-4.073777,1993.209883,231.134769,01:45:00,5.93288,1.75466,6.23683,-24.46135,11.3667,12.77536,2.19799,-0.94519,80.72809,-6.407821,-1.772578,0.430807,65.07461,32.199672,73.83397,4691.936727,NA,NA,NA,NA,61.08084,NA,NA,-7.69406,6.70307,-1.45656,50,5.78348,8.55354,-127.08005,-4.8258,-12.67355,24.26844,-21.13287,CAR_EAG,CLE_SCC,CarsonNewman,TeamExclusive,Team,20251004-CarsonNewman-Private-2,111a7500-a144-11f0-8e17-f9dcdb0ff224,87.49258,32.02858,NA,6.87158,NA,NA,NA,0.47328,2.09123,0.97405,aa1485ac-9891-46a2-85a3-6504a17cc3e8,2025-10-04,17:03:35,2025-10-04T17:03:35Z,2025-10-04T17:03:35Z,NA,v3,CNE,CSCC,NA,"Christopher, Conner",10087004,Right,CLE_SCC,c292cda2-81ed-4994-be39-22a0ca4ca446,54.26634,-127.8922,12.13422,5.93315,-4.11859,-10.56644,-1.7499,8.97767,-6.33678,NA,0.47328,22.48617,-10.08111,2.60219,-0.49145,-0.26062,0.64085,-0.59582,0.21855,2.09123,50.85867,-18.31574,1.1639,-0.21605,0.21661,-0.3476,0.31411,-0.11461,0.97405,77.56971,-8.35438,1.47448,-0.23566,0.03963,-0.02496,0.02016,-0.00728,NA,NA,NA,NA,NA,NA,NA,NA,NA,NA,NA,NA,NA,NA,NA,NA,NA,NA,NA,NA,NA,NA,High,High,High,High,Undefined,NA,NA,NA,230.053329,28.516846,1751.387251,0.878677,01:45:00,-0.494546,-0.688562,-0.530383,-27.826418,52.053583,45.318868,-0.343427,174.091319,-0.93419,-5.548146,0.93419,-0.096682,0.343427,20.184474,-20.085831,0.096682,-0.096682,-174.091319,20.085831,0.343427,5.548146,-20.184474,-0.343427,0.096682,0.93419,-0.93419,NA,NA,NA,NA,NA,NA,NA,NA,NA,NA,NA,NA
NA,NA,NA,NA,NA,NA,NA,NA,NA,NA,NA,NA,NA,NA,NA,NA,96,2025-10-04,13:03:54,1,2,"Mahan, Riley",10068537,Right,CLE_SCC,"Smith, Braxton",1000370200,Right,CAR_EAG,Undefined,3,Bottom,0,0,1,Fastball,Changeup,BallCalled,Undefined,Undefined,Undefined,0,0,NA,86.12901,-3.775045,-4.761285,2163.036576,229.155918,01:45:00,5.76215,1.55637,6.62835,-24.83013,12.26111,12.73406,0.21924,-1.75234,78.75315,-8.450754,-2.452484,0.438336,NA,NA,NA,NA,NA,NA,NA,NA,NA,NA,NA,-8.09965,7.93819,-1.23784,50,5.49489,9.91012,-124.5684,-8.92733,-12.66842,26.09954,-19.75815,CAR_EAG,CLE_SCC,CarsonNewman,TeamExclusive,Team,20251004-CarsonNewman-Private-2,1c239f30-a144-11f0-8e17-f9dcdb0ff224,85.98988,NA,NA,7.37586,NA,NA,NA,NA,NA,NA,aa1485ac-9891-46a2-85a3-6504a17cc3e8,2025-10-04,17:03:54,2025-10-04T17:03:54Z,2025-10-04T17:03:54Z,NA,v3,CNE,CSCC,NA,"Christopher, Conner",10087004,Right,CLE_SCC,dcffdfa8-4dc3-433a-b1e4-072257ef75aa,53.87349,-125.37734,13.04977,5.7621,-8.31494,-9.87908,-1.55109,10.30277,-6.33421,NA,NA,NA,NA,NA,NA,NA,NA,NA,NA,NA,NA,NA,NA,NA,NA,NA,NA,NA,NA,NA,NA,NA,NA,NA,NA,NA,NA,NA,NA,NA,NA,NA,NA,NA,NA,NA,NA,NA,NA,NA,NA,NA,NA,NA,NA,NA,NA,NA,NA,High,High,High,NA,NA,NA,NA,NA,229.096571,27.471106,1919.140316,0.887244,01:45:00,-0.462935,-0.699508,-0.544408,16.302535,22.904968,-44.694022,-0.912566,117.659749,-0.189833,-21.235148,0.189833,-0.362196,0.912566,78.248865,-65.862436,0.362196,-0.362196,-117.659749,65.862436,0.912566,21.235148,-78.248865,-0.912566,0.362196,0.189833,-0.189833,NA,NA,NA,NA,NA,NA,NA,NA,NA,NA,NA,NA
NA,NA,NA,NA,NA,NA,NA,NA,NA,NA,NA,NA,NA,NA,NA,NA,97,2025-10-04,13:04:09,1,3,"Mahan, Riley",10068537,Right,CLE_SCC,"Smith, Braxton",1000370200,Right,CAR_EAG,Undefined,3,Bottom,0,1,1,Slider,Curveball,InPlay,Undefined,Popup,Out,1,0,NA,72.85885,3.628304,1.107632,2040.633199,39.544452,07:15:00,5.88551,1.69173,5.72266,-63.41023,-9.94949,-9.6743,3.98621,1.91741,66.3745,-7.988806,-0.623109,0.526246,NA,NA,NA,NA,NA,NA,NA,NA,NA,NA,NA,5.2052,-5.50815,-1.77839,50,6.15047,-1.68957,-105.61985,4.71984,5.83269,19.33736,-38.34622,CAR_EAG,CLE_SCC,CarsonNewman,TeamExclusive,Team,20251004-CarsonNewman-Private-2,2547dcc0-a144-11f0-8e17-f9dcdb0ff224,71.62513,NA,NA,6.48436,NA,NA,NA,NA,NA,NA,aa1485ac-9891-46a2-85a3-6504a17cc3e8,2025-10-04,17:04:09,2025-10-04T17:04:09Z,2025-10-04T17:04:09Z,NA,v3,CNE,CSCC,NA,"Christopher, Conner",10087004,Right,CLE_SCC,729cf4dd-33c9-487b-bd68-2b185467917b,54.78141,-106.49165,9.66868,5.89871,6.44864,-19.17311,-1.69629,-1.95253,2.91635,NA,NA,NA,NA,NA,NA,NA,NA,NA,NA,NA,NA,NA,NA,NA,NA,NA,NA,NA,NA,NA,NA,NA,NA,NA,NA,NA,NA,NA,NA,NA,NA,NA,NA,NA,NA,NA,NA,NA,NA,NA,NA,NA,NA,NA,NA,NA,NA,NA,NA,High,High,High,NA,NA,NA,NA,NA,39.046472,48.698283000000004,1346.867265,0.660024,07:15:00,-0.7332,0.462491,0.498518,-45.955594,22.753912,22.282757,-0.656691,156.54656,-0.691854,-17.467113,0.691854,-0.300158,0.656691,43.506377,-41.048006,0.300158,-0.300158,-156.54656,41.048006,0.656691,17.467113,-43.506377,-0.656691,0.300158,0.691854,-0.691854,NA,NA,NA,NA,NA,NA,NA,NA,NA,NA,NA,NA
NA,NA,NA,NA,NA,NA,NA,NA,NA,NA,NA,NA,NA,NA,NA,NA,98,2025-10-04,13:05:15,2,1,"Mahan, Riley",10068537,Right,CLE_SCC,"Gibson, Aiden",10011511,Right,CAR_EAG,Undefined,3,Bottom,0,0,0,Slider,Curveball,InPlay,Undefined,GroundBall,Single,0,0,NA,76.46453,-0.062994,-2.261649,2341.26148,69.32709,08:15:00,5.8117,1.91882,5.69805,-53.15554,-5.01032,-17.07584,1.32332,-1.61293,70.83084,-9.72153,-5.315985,0.499399,NA,NA,NA,NA,NA,NA,NA,NA,NA,NA,NA,8.0613,-2.09142,-1.71802,50,5.77323,5.01276,-111.07325,-1.82595,10.05539,20.17883,-34.78279,CAR_EAG,CLE_SCC,CarsonNewman,TeamExclusive,Team,20251004-CarsonNewman-Private-2,4cb58d20-a144-11f0-8e17-f9dcdb0ff224,75.47554,NA,NA,5.63369,NA,NA,NA,NA,NA,NA,aa1485ac-9891-46a2-85a3-6504a17cc3e8,2025-10-04,17:05:15,2025-10-04T17:05:15Z,2025-10-04T17:05:15Z,NA,v3,CNE,CSCC,NA,"Christopher, Conner",10087004,Right,CLE_SCC,e4626388-5699-4bf2-9b51-9f62f6fe440f,54.80707,-111.94314,10.08941,5.81963,-0.32648,-17.39139,-1.92478,4.57928,5.0277,NA,NA,NA,NA,NA,NA,NA,NA,NA,NA,NA,NA,NA,NA,NA,NA,NA,NA,NA,NA,NA,NA,NA,NA,NA,NA,NA,NA,NA,NA,NA,NA,NA,NA,NA,NA,NA,NA,NA,NA,NA,NA,NA,NA,NA,NA,NA,NA,NA,NA,High,High,High,NA,NA,NA,NA,NA,44.849869,62.993515,1063.146584,0.454091,07:30:00,-0.877908,0.319269,0.356854,-27.524233,58.139464,11.867966,-0.661718,105.659179,-0.202369,-46.213684,0.202369,-0.721926,0.661718,72.995102,-41.431002,0.721926,-0.721926,-105.659179,41.431002,0.661718,46.213684,-72.995102,-0.661718,0.721926,0.202369,-0.202369,NA,NA,NA,NA,NA,NA,NA,NA,NA,NA,NA,NA
NA,NA,NA,NA,NA,NA,NA,NA,NA,NA,NA,NA,NA,NA,NA,NA,99,2025-10-04,13:05:41,3,1,"Mahan, Riley",10068537,Right,CLE_SCC,"Floyd, Logan",1000148156,Right,CAR_EAG,Undefined,3,Bottom,0,0,0,Slider,Curveball,StrikeCalled,Undefined,Undefined,Undefined,0,0,NA,75.95009,0.391828,-2.169763,2257.337308,68.755813,08:15:00,5.80341,2.19631,5.91689,-52.5133,-4.43173,-14.8591,1.79122,-1.05667,70.66571,-9.191992,-4.838041,0.499069,NA,NA,NA,NA,NA,NA,NA,NA,NA,NA,NA,7.06205,-1.95343,-2.01387,50,5.8049,4.70798,-110.43058,-0.8599,8.76639,18.69979,-34.5989,CAR_EAG,CLE_SCC,CarsonNewman,TeamExclusive,Team,20251004-CarsonNewman-Private-2,5bd4b4c0-a144-11f0-8e17-f9dcdb0ff224,75.52549,NA,NA,5.28438,NA,NA,NA,NA,NA,NA,aa1485ac-9891-46a2-85a3-6504a17cc3e8,2025-10-04,17:05:41,2025-10-04T17:05:41Z,2025-10-04T17:05:41Z,NA,v3,CNE,CSCC,NA,"Christopher, Conner",10087004,Right,CLE_SCC,d83fe1bf-549b-4f0c-a495-2c154d519570,54.58864,-111.20489,9.3499,5.81084,0.57274,-17.29945,-2.2013,4.34499,4.3832,NA,NA,NA,NA,NA,NA,NA,NA,NA,NA,NA,NA,NA,NA,NA,NA,NA,NA,NA,NA,NA,NA,NA,NA,NA,NA,NA,NA,NA,NA,NA,NA,NA,NA,NA,NA,NA,NA,NA,NA,NA,NA,NA,NA,NA,NA,NA,NA,NA,NA,High,High,High,NA,NA,NA,NA,NA,46.527825,56.17942,1256.420538,0.556594,07:30:00,-0.812911,0.409597,0.414012,70.199194,-31.23865,-37.925599,-0.548825,121.995412,-0.442923,-45.149608,0.442923,-0.708951,0.548825,51.095128,-33.286409,0.708951,-0.708951,-121.995412,33.286409,0.548825,45.149608,-51.095128,-0.548825,0.708951,0.442923,-0.442923,NA,NA,NA,NA,NA,NA,NA,NA,NA,NA,NA,NA
NA,NA,NA,NA,NA,NA,NA,NA,NA,NA,NA,NA,NA,NA,NA,NA,100,2025-10-04,13:05:59,3,2,"Mahan, Riley",10068537,Right,CLE_SCC,"Floyd, Logan",1000148156,Right,CAR_EAG,Undefined,3,Bottom,0,0,1,Slider,Curveball,StrikeSwinging,Undefined,Undefined,Undefined,0,0,NA,76.48932,1.797944,-1.23175,2169.968074,66.602592,08:15:00,5.75205,2.01884,5.78116,-53.07401,-5.11922,-15.19052,3.00309,-0.39332,70.39622,-7.918982,-3.952469,0.498411,NA,NA,NA,NA,NA,NA,NA,NA,NA,NA,NA,7.39922,-2.67189,-1.90792,50,5.86848,2.94614,-111.1205,1.80418,9.23866,20.17021,-35.51017,CAR_EAG,CLE_SCC,CarsonNewman,TeamExclusive,Team,20251004-CarsonNewman-Private-2,670fc460-a144-11f0-8e17-f9dcdb0ff224,75.62527,NA,NA,6.0931,NA,NA,NA,NA,NA,NA,aa1485ac-9891-46a2-85a3-6504a17cc3e8,2025-10-04,17:05:59,2025-10-04T17:05:59Z,2025-10-04T17:05:59Z,NA,v3,CNE,CSCC,NA,"Christopher, Conner",10087004,Right,CLE_SCC,0eaa5deb-67e7-469c-96d8-4e619b209b2b,54.72357,-111.97462,10.08511,5.76024,3.30789,-17.75509,-2.02439,2.55492,4.61933,NA,NA,NA,NA,NA,NA,NA,NA,NA,NA,NA,NA,NA,NA,NA,NA,NA,NA,NA,NA,NA,NA,NA,NA,NA,NA,NA,NA,NA,NA,NA,NA,NA,NA,NA,NA,NA,NA,NA,NA,NA,NA,NA,NA,NA,NA,NA,NA,NA,NA,High,High,High,NA,NA,High,High,High,41.134711,58.358996,1138.355072,0.524595,07:15:00,-0.831418,0.371637,0.413075,96.152178,-27.63722,-49.550337,-0.536554,111.513277,-0.30946,-51.727706,0.30946,-0.785076,0.536554,60.025621,-32.449369,0.785076,-0.785076,-111.513277,32.449369,0.536554,51.727706,-60.025621,-0.536554,0.785076,0.30946,-0.30946,NA,NA,NA,NA,NA,NA,NA,NA,NA,NA,NA,NA
NA,NA,NA,NA,NA,NA,NA,NA,NA,NA,NA,NA,NA,NA,NA,NA,101,2025-10-04,13:06:31,3,3,"Mahan, Riley",10068537,Right,CLE_SCC,"Floyd, Logan",1000148156,Right,CAR_EAG,Undefined,3,Bottom,0,0,2,Slider,Curveball,BallCalled,Undefined,Undefined,Undefined,0,0,NA,77.75695,0.679973,-2.813508,2435.320862,63.532804,08:00:00,5.78612,1.79165,5.7406,-54.28145,-7.64796,-18.19044,1.89663,-2.34619,71.79682,-9.195035,-6.06458,0.491497,NA,NA,NA,NA,NA,NA,NA,NA,NA,NA,NA,8.44063,-3.63701,-1.54615,50,5.80969,6.22865,-112.88933,-0.43378,10.84654,21.35709,-36.84775,CAR_EAG,CLE_SCC,CarsonNewman,TeamExclusive,Team,20251004-CarsonNewman-Private-2,79887740-a144-11f0-8e17-f9dcdb0ff224,76.68913,NA,NA,5.96013,NA,NA,NA,NA,NA,NA,aa1485ac-9891-46a2-85a3-6504a17cc3e8,2025-10-04,17:06:31,2025-10-04T17:06:31Z,2025-10-04T17:06:31Z,NA,v3,CNE,CSCC,NA,"Christopher, Conner",10087004,Right,CLE_SCC,6cbe82d2-8721-4067-8fd5-f175fd7f2b1a,54.76479,-113.78719,10.67855,5.79536,1.11531,-18.42388,-1.79843,5.77265,5.42327,NA,NA,NA,NA,NA,NA,NA,NA,NA,NA,NA,NA,NA,NA,NA,NA,NA,NA,NA,NA,NA,NA,NA,NA,NA,NA,NA,NA,NA,NA,NA,NA,NA,NA,NA,NA,NA,NA,NA,NA,NA,NA,NA,NA,NA,NA,NA,NA,NA,NA,High,High,High,NA,NA,NA,NA,NA,40.088682,59.579495,1233.106246,0.506342,07:15:00,-0.838353,0.336281,0.429045,95.176949,-26.108129,-51.591679,-0.515311,116.331606,-0.380137,-50.181963,0.380137,-0.768082,0.515311,53.584391,-31.018274,0.768082,-0.768082,-116.331606,31.018274,0.515311,50.181963,-53.584391,-0.515311,0.768082,0.380137,-0.380137,NA,NA,NA,NA,NA,NA,NA,NA,NA,NA,NA,NA
NA,NA,NA,NA,NA,NA,NA,NA,NA,NA,NA,NA,NA,NA,NA,NA,102,2025-10-04,13:06:48,3,4,"Mahan, Riley",10068537,Right,CLE_SCC,"Floyd, Logan",1000148156,Right,CAR_EAG,Undefined,3,Bottom,1,1,2,Fastball,Four-Seam,StrikeSwinging,Strikeout,Undefined,Undefined,0,0,NA,86.91237,-0.855658,-4.324578,2207.087031,217.176148,01:15:00,5.81725,1.82382,6.15141,-20.99848,15.95119,11.15737,3.27444,-1.24993,78.98947,-4.842325,-2.320821,0.437499,NA,NA,NA,NA,NA,NA,NA,NA,NA,NA,NA,-6.99898,8.8515,-1.4997,50,5.7411,9.06882,-125.89698,-2.48332,-11.18027,26.68541,-18.03453,CAR_EAG,CLE_SCC,CarsonNewman,TeamExclusive,Team,20251004-CarsonNewman-Private-2,83ba7b50-a144-11f0-8e17-f9dcdb0ff224,86.15443,NA,NA,7.92289,NA,NA,NA,NA,NA,NA,aa1485ac-9891-46a2-85a3-6504a17cc3e8,2025-10-04,17:06:48,2025-10-04T17:06:48Z,2025-10-04T17:06:48Z,NA,v3,CNE,CSCC,NA,"Christopher, Conner",10087004,Right,CLE_SCC,11d008db-5c9a-4218-b46a-f1d0ea4b1713,54.34867,-126.81539,13.3427,5.81588,-1.86265,-9.01727,-1.81844,9.4536,-5.59013,NA,NA,NA,NA,NA,NA,NA,NA,NA,NA,NA,NA,NA,NA,NA,NA,NA,NA,NA,NA,NA,NA,NA,NA,NA,NA,NA,NA,NA,NA,NA,NA,NA,NA,NA,NA,NA,NA,NA,NA,NA,NA,NA,NA,NA,NA,NA,NA,NA,NA,High,High,High,NA,NA,NA,NA,NA,227.89268,24.43554,2009.392149,0.910427,01:30:00,-0.44842,-0.681539,-0.578294,-25.203695,50.292932,40.796318,-0.212738,176.677223,-0.975467,-3.246634,0.975467,-0.056634,0.212738,12.302885,-12.282831,0.056634,-0.056634,-176.677223,12.282831,0.212738,3.246634,-12.302885,-0.212738,0.056634,0.975467,-0.975467,NA,NA,NA,NA,NA,NA,NA,NA,NA,NA,NA,NA
NA,NA,NA,NA,NA,NA,NA,NA,NA,NA,NA,NA,NA,NA,NA,NA,103,2025-10-04,13:07:10,4,1,"Mahan, Riley",10068537,Right,CLE_SCC,"Nathan, Cole",1000323259,Right,CAR_EAG,Undefined,3,Bottom,1,0,0,Fastball,Sinker,FoulBallNotFieldable,Undefined,Undefined,Undefined,0,0,NA,89.00113,-0.840464,-3.398795,2150.372187,221.810372,01:30:00,5.8741,1.90983,6.36235,-21.05556,13.87288,11.3543,3.34455,-0.27564,80.81322,-4.846678,-1.347386,0.425364,NA,NA,NA,NA,NA,NA,NA,NA,NA,NA,NA,-6.94343,7.82985,-1.66863,50,5.80324,7.21936,-129.11343,-2.50009,-11.63612,28.69519,-19.05239,CAR_EAG,CLE_SCC,CarsonNewman,TeamExclusive,Team,20251004-CarsonNewman-Private-2,90e9b9d0-a144-11f0-8e17-f9dcdb0ff224,88.61215,NA,NA,8.1879,NA,NA,NA,NA,NA,NA,aa1485ac-9891-46a2-85a3-6504a17cc3e8,2025-10-04,17:07:10,2025-10-04T17:07:10Z,2025-10-04T17:07:10Z,NA,v3,CNE,CSCC,NA,"Christopher, Conner",10087004,Right,CLE_SCC,205773cc-9adf-4788-b6a0-954756dde923,54.139,-130.03006,14.34759,5.87339,-1.89149,-9.5262,-1.90517,7.59106,-5.81806,NA,NA,NA,NA,NA,NA,NA,NA,NA,NA,NA,NA,NA,NA,NA,NA,NA,NA,NA,NA,NA,NA,NA,NA,NA,NA,NA,NA,NA,NA,NA,NA,NA,NA,NA,NA,NA,NA,NA,NA,NA,NA,NA,NA,NA,NA,NA,NA,NA,NA,High,High,High,NA,NA,NA,NA,NA,228.922034,18.602625,2038.023403,0.947754,01:45:00,-0.344867,-0.719034,-0.603371,-28.44731,45.496404,41.179385,-0.174109,175.124087,-0.981163,-4.801264,0.981163,-0.0837,0.174109,10.062469,-10.026794,0.0837,-0.0837,-175.124087,10.026794,0.174109,4.801264,-10.062469,-0.174109,0.0837,0.981163,-0.981163,NA,NA,NA,NA,NA,NA,NA,NA,NA,NA,NA,NA
NA,NA,NA,NA,NA,NA,NA,NA,NA,NA,NA,NA,NA,NA,NA,NA,104,2025-10-04,13:07:33,4,2,"Mahan, Riley",10068537,Right,CLE_SCC,"Nathan, Cole",1000323259,Right,CAR_EAG,Undefined,3,Bottom,1,0,1,Slider,Curveball,StrikeSwinging,Undefined,Undefined,Undefined,0,0,NA,76.63197,0.120959,-2.216293,2326.889106,40.81586,07:15:00,5.86053,1.92433,5.62851,-56.44975,-7.9515,-8.25241,1.26934,-0.8325,70.28942,-10.148363,-3.692428,0.501227,NA,NA,NA,NA,NA,NA,NA,NA,NA,NA,NA,3.49473,-3.56906,-1.73007,50,5.8348,4.61384,-111.19052,-1.61747,4.32781,21.94856,-36.5939,CAR_EAG,CLE_SCC,CarsonNewman,TeamExclusive,Team,20251004-CarsonNewman-Private-2,9ec16d50-a144-11f0-8e17-f9dcdb0ff224,75.20033,NA,NA,6.34255,NA,NA,NA,NA,NA,NA,aa1485ac-9891-46a2-85a3-6504a17cc3e8,2025-10-04,17:07:33,2025-10-04T17:07:33Z,2025-10-04T17:07:33Z,NA,v3,CNE,CSCC,NA,"Christopher, Conner",10087004,Right,CLE_SCC,7bdd8369-f0a0-4fd1-90a4-84ab36f01328,54.87495,-112.14868,10.97428,5.87054,-0.01996,-18.29695,-1.92737,4.42491,2.1639,NA,NA,NA,NA,NA,NA,NA,NA,NA,NA,NA,NA,NA,NA,NA,NA,NA,NA,NA,NA,NA,NA,NA,NA,NA,NA,NA,NA,NA,NA,NA,NA,NA,NA,NA,NA,NA,NA,NA,NA,NA,NA,NA,NA,NA,NA,NA,NA,NA,NA,High,High,High,NA,NA,NA,NA,NA,40.53892,63.588288,1035.042784,0.444818,07:15:00,-0.881266,0.291006,0.372405,-56.275002,58.56503,-19.506652,-0.486138,113.486701,-0.348274,-53.271991,0.348274,-0.801483,0.486138,54.38182,-29.087033,0.801483,-0.801483,-113.486701,29.087033,0.486138,53.271991,-54.38182,-0.486138,0.801483,0.348274,-0.348274,NA,NA,NA,NA,NA,NA,NA,NA,NA,NA,NA,NA
NA,NA,NA,NA,NA,NA,NA,NA,NA,NA,NA,NA,NA,NA,NA,NA,105,2025-10-04,13:07:54,4,3,"Mahan, Riley",10068537,Right,CLE_SCC,"Nathan, Cole",1000323259,Right,CAR_EAG,Undefined,3,Bottom,1,0,2,Slider,Curveball,BallCalled,Undefined,Undefined,Undefined,0,0,NA,77.66973,-1.92114,-4.262676,2492.054929,36.426468,07:15:00,5.87216,2.05363,5.68521,-61.11499,-13.15725,-10.97256,-1.01717,-2.84152,71.08513,-12.929796,-6.224991,0.498426,NA,NA,NA,NA,NA,NA,NA,NA,NA,NA,NA,4.18154,-5.79906,-1.68673,50,5.67088,8.76684,-112.33338,-5.75061,5.20534,25.23845,-39.39293,CAR_EAG,CLE_SCC,CarsonNewman,TeamExclusive,Team,20251004-CarsonNewman-Private-2,ab22d480-a144-11f0-8e17-f9dcdb0ff224,75.6229,NA,NA,6.5846,NA,NA,NA,NA,NA,NA,aa1485ac-9891-46a2-85a3-6504a17cc3e8,2025-10-04,17:07:54,2025-10-04T17:07:54Z,2025-10-04T17:07:54Z,NA,v3,CNE,CSCC,NA,"Christopher, Conner",10087004,Right,CLE_SCC,f9cccad6-4ca4-4b82-865c-4ea60bb95675,54.82026,-113.41119,12.61922,5.88053,-4.06832,-19.69646,-2.05637,8.54455,2.60267,NA,NA,NA,NA,NA,NA,NA,NA,NA,NA,NA,NA,NA,NA,NA,NA,NA,NA,NA,NA,NA,NA,NA,NA,NA,NA,NA,NA,NA,NA,NA,NA,NA,NA,NA,NA,NA,NA,NA,NA,NA,NA,NA,NA,NA,NA,NA,NA,NA,NA,High,High,High,NA,NA,NA,NA,NA,39.233647,59.371689,1269.618918,0.509467,07:15:00,-0.839069,0.293202,0.458254,-73.949489,56.211716,-31.050401,-0.399628,109.362276,-0.303915,-59.863448,0.303915,-0.864831,0.399628,52.747153,-23.554906,0.864831,-0.864831,-109.362276,23.554906,0.399628,59.863448,-52.747153,-0.399628,0.864831,0.303915,-0.303915,NA,NA,NA,NA,NA,NA,NA,NA,NA,NA,NA,NA
NA,NA,NA,NA,NA,NA,NA,NA,NA,NA,NA,NA,NA,NA,NA,NA,106,2025-10-04,13:08:19,4,4,"Mahan, Riley",10068537,Right,CLE_SCC,"Nathan, Cole",1000323259,Right,CAR_EAG,Undefined,3,Bottom,1,1,2,Fastball,Sinker,BallCalled,Undefined,Undefined,Undefined,0,0,NA,86.26941,0.525528,-2.716027,2063.5839,232.875484,01:45:00,5.86451,1.85018,6.23504,-27.46832,9.6691,11.20717,4.06086,0.27657,78.68645,-4.634328,-0.694296,0.438609,NA,NA,NA,NA,NA,NA,NA,NA,NA,NA,NA,-6.53835,5.23229,-1.65253,50,5.89022,5.49451,-125.2482,0.30944,-10.3687,25.69059,-23.8765,CAR_EAG,CLE_SCC,CarsonNewman,TeamExclusive,Team,20251004-CarsonNewman-Private-2,ba6821c0-a144-11f0-8e17-f9dcdb0ff224,85.93636,NA,NA,7.58296,NA,NA,NA,NA,NA,NA,aa1485ac-9891-46a2-85a3-6504a17cc3e8,2025-10-04,17:08:19,2025-10-04T17:08:19Z,2025-10-04T17:08:19Z,NA,v3,CNE,CSCC,NA,"Christopher, Conner",10087004,Right,CLE_SCC,08e08426-6907-4cf8-8b58-d8a90c9a4196,54.26547,-126.12009,12.8453,5.86596,1.11976,-11.93825,-1.84497,5.8464,-5.18435,NA,NA,NA,NA,NA,NA,NA,NA,NA,NA,NA,NA,NA,NA,NA,NA,NA,NA,NA,NA,NA,NA,NA,NA,NA,NA,NA,NA,NA,NA,NA,NA,NA,NA,NA,NA,NA,NA,NA,NA,NA,NA,NA,NA,NA,NA,NA,NA,NA,NA,High,High,High,NA,NA,NA,NA,NA,232.169266,26.055967,1853.852402,0.898365,01:45:00,-0.471347,-0.705494,-0.529255,-38.623865,48.514985,21.441079,-0.165831,176.237865,-0.984029,-3.709972,0.984029,-0.064706,0.165831,9.565773,-9.545539,0.064706,-0.064706,-176.237865,9.545539,0.165831,3.709972,-9.565773,-0.165831,0.064706,0.984029,-0.984029,NA,NA,NA,NA,NA,NA,NA,NA,NA,NA,NA,NA
NA,NA,NA,NA,NA,NA,NA,NA,NA,NA,NA,NA,NA,NA,NA,NA,107,2025-10-04,13:08:36,4,5,"Mahan, Riley",10068537,Right,CLE_SCC,"Nathan, Cole",1000323259,Right,CAR_EAG,Undefined,3,Bottom,1,2,2,Slider,Curveball,StrikeSwinging,Strikeout,Undefined,Undefined,0,0,NA,77.01647,-0.148125,-2.225932,2295.92381,55.319542,07:45:00,5.8556,1.97356,5.82452,-56.18389,-8.09457,-14.16091,1.03579,-1.27703,70.16307,-10.412958,-4.767901,0.499109,NA,NA,NA,NA,NA,NA,NA,NA,NA,NA,NA,6.45733,-3.53516,-1.78321,50,5.81083,4.87005,-111.68782,-2.09342,7.9888,23.97193,-36.54765,CAR_EAG,CLE_SCC,CarsonNewman,TeamExclusive,Team,20251004-CarsonNewman-Private-2,c445eb50-a144-11f0-8e17-f9dcdb0ff224,75.51939,NA,NA,6.85339,NA,NA,NA,NA,NA,NA,aa1485ac-9891-46a2-85a3-6504a17cc3e8,2025-10-04,17:08:36,2025-10-04T17:08:36Z,2025-10-04T17:08:36Z,NA,v3,CNE,CSCC,NA,"Christopher, Conner",10087004,Right,CLE_SCC,af61018d-208d-40ac-987b-ec56caa1d0a2,54.67803,-112.68741,11.98596,5.86635,-0.56944,-18.27383,-1.97933,4.53693,3.9944,NA,NA,NA,NA,NA,NA,NA,NA,NA,NA,NA,NA,NA,NA,NA,NA,NA,NA,NA,NA,NA,NA,NA,NA,NA,NA,NA,NA,NA,NA,NA,NA,NA,NA,NA,NA,NA,NA,NA,NA,NA,NA,NA,NA,NA,NA,NA,NA,NA,NA,High,High,High,NA,NA,NA,NA,NA,43.660975,61.192392,1106.336866,0.48187,07:30:00,-0.862898,0.330412,0.382406,-76.45299,59.457477,-34.429459,-0.513149,113.699308,-0.344982,-51.805587,0.344982,-0.785917,0.513149,56.087643,-30.873783,0.785917,-0.785917,-113.699308,30.873783,0.513149,51.805587,-56.087643,-0.513149,0.785917,0.344982,-0.344982,NA,NA,NA,NA,NA,NA,NA,NA,NA,NA,NA,NA
NA,NA,NA,NA,NA,NA,NA,NA,NA,NA,NA,NA,NA,NA,NA,NA,108,2025-10-04,13:08:57,5,1,"Mahan, Riley",10068537,Right,CLE_SCC,"Pierce, Johno",10069844,Right,CAR_EAG,Undefined,3,Bottom,2,0,0,Slider,Curveball,BallCalled,Undefined,Undefined,Undefined,0,0,NA,77.35427,0.177635,-3.59329,2426.840752,31.653071,07:00:00,5.75474,1.78863,5.72376,-63.25535,-15.0708,-10.37245,0.64926,-2.42717,70.30716,-11.314974,-5.449078,0.499603,NA,NA,NA,NA,NA,NA,NA,NA,NA,NA,NA,3.99484,-7.18477,-1.4817,50,5.73112,7.42687,-112.0084,-1.75109,4.94388,25.10456,-41.06566,CAR_EAG,CLE_SCC,CarsonNewman,TeamExclusive,Team,20251004-CarsonNewman-Private-2,d0c0a6e0-a144-11f0-8e17-f9dcdb0ff224,75.44475,NA,NA,7.04711,NA,NA,NA,NA,NA,NA,aa1485ac-9891-46a2-85a3-6504a17cc3e8,2025-10-04,17:08:57,2025-10-04T17:08:57Z,2025-10-04T17:08:57Z,NA,v3,CNE,CSCC,NA,"Christopher, Conner",10087004,Right,CLE_SCC,e9041aa6-2249-4aa2-9779-d278505beee5,54.78001,-113.07468,12.55228,5.76845,-0.00689,-20.53283,-1.79268,7.21688,2.47194,NA,NA,NA,NA,NA,NA,NA,NA,NA,NA,NA,NA,NA,NA,NA,NA,NA,NA,NA,NA,NA,NA,NA,NA,NA,NA,NA,NA,NA,NA,NA,NA,NA,NA,NA,NA,NA,NA,NA,NA,NA,NA,NA,NA,NA,NA,NA,NA,NA,NA,High,High,High,NA,NA,NA,NA,NA,40.87824,62.890915,1105.87749,0.455686,07:15:00,-0.86587,0.300984,0.399598,-55.930789,57.234301,-18.03449,-0.469405,109.561156,-0.295634,-56.306955,0.295634,-0.832021,0.469405,57.797014,-27.995661,0.832021,-0.832021,-109.561156,27.995661,0.469405,56.306955,-57.797014,-0.469405,0.832021,0.295634,-0.295634,NA,NA,NA,NA,NA,NA,NA,NA,NA,NA,NA,NA
NA,NA,NA,NA,NA,NA,NA,NA,NA,NA,NA,NA,NA,NA,NA,NA,109,2025-10-04,13:09:13,5,2,"Mahan, Riley",10068537,Right,CLE_SCC,"Pierce, Johno",10069844,Right,CAR_EAG,Undefined,3,Bottom,2,1,0,Fastball,Sinker,BallCalled,Undefined,Undefined,Undefined,0,0,NA,87.41304,0.439324,-3.325752,2278.428597,233.210449,01:45:00,5.84212,1.78512,6.47452,-23.72596,12.27221,14.8143,4.2691,-0.03804,79.37117,-4.069332,-0.643399,0.431829,NA,NA,NA,NA,NA,NA,NA,NA,NA,NA,NA,-8.68063,6.64363,-1.55647,50,5.86254,6.79153,-126.85633,0.30221,-14.0651,27.32646,-21.40947,CAR_EAG,CLE_SCC,CarsonNewman,TeamExclusive,Team,20251004-CarsonNewman-Private-2,da5b4cf0-a144-11f0-8e17-f9dcdb0ff224,87.28559,NA,NA,8.04187,NA,NA,NA,NA,NA,NA,aa1485ac-9891-46a2-85a3-6504a17cc3e8,2025-10-04,17:09:13,2025-10-04T17:09:13Z,2025-10-04T17:09:13Z,NA,v3,CNE,CSCC,NA,"Christopher, Conner",10087004,Right,CLE_SCC,42a6e9f7-8cda-4efd-840b-6ac5a55280a7,54.02611,-127.72066,13.66323,5.84227,0.97939,-10.70473,-1.77832,7.2364,-7.03255,NA,NA,NA,NA,NA,NA,NA,NA,NA,NA,NA,NA,NA,NA,NA,NA,NA,NA,NA,NA,NA,NA,NA,NA,NA,NA,NA,NA,NA,NA,NA,NA,NA,NA,NA,NA,NA,NA,NA,NA,NA,NA,NA,NA,NA,NA,NA,NA,NA,NA,High,High,High,NA,NA,NA,NA,NA,226.704192,36.416177,1833.511229,0.804726,01:30:00,-0.629127,-0.581129,-0.516225,13.409288,32.251468,-57.89219,-0.900504,109.804927,-0.147335,-24.150068,0.147335,-0.409128,0.900504,80.707947,-64.224342,0.409128,-0.409128,-109.804927,64.224342,0.900504,24.150068,-80.707947,-0.900504,0.409128,0.147335,-0.147335,NA,NA,NA,NA,NA,NA,NA,NA,NA,NA,NA,NA
NA,NA,NA,NA,NA,NA,NA,NA,NA,NA,NA,NA,NA,NA,NA,NA,110,2025-10-04,13:09:29,5,3,"Mahan, Riley",10068537,Right,CLE_SCC,"Pierce, Johno",10069844,Right,CAR_EAG,Undefined,3,Bottom,2,2,0,Slider,Curveball,BallCalled,Undefined,Undefined,Undefined,0,0,NA,76.78118,-1.145352,-3.352463,2360.351748,41.004789,07:15:00,5.90733,1.84961,5.78114,-59.34472,-10.92091,-10.92812,-0.10574,-2.18399,70.48296,-11.900291,-5.312083,0.500842,NA,NA,NA,NA,NA,NA,NA,NA,NA,NA,NA,4.50362,-4.77992,-1.56589,50,5.77683,6.91411,-111.27462,-4.12501,5.54546,23.30648,-38.05971,CAR_EAG,CLE_SCC,CarsonNewman,TeamExclusive,Team,20251004-CarsonNewman-Private-2,e3dec180-a144-11f0-8e17-f9dcdb0ff224,75.25811,NA,NA,6.29823,NA,NA,NA,NA,NA,NA,aa1485ac-9891-46a2-85a3-6504a17cc3e8,2025-10-04,17:09:29,2025-10-04T17:09:29Z,2025-10-04T17:09:29Z,NA,v3,CNE,CSCC,NA,"Christopher, Conner",10087004,Right,CLE_SCC,05e01393-baa8-4a7e-9fb4-5d5112745ea1,54.72346,-112.25959,11.65324,5.91717,-2.51655,-19.02985,-1.85314,6.67975,2.77273,NA,NA,NA,NA,NA,NA,NA,NA,NA,NA,NA,NA,NA,NA,NA,NA,NA,NA,NA,NA,NA,NA,NA,NA,NA,NA,NA,NA,NA,NA,NA,NA,NA,NA,NA,NA,NA,NA,NA,NA,NA,NA,NA,NA,NA,NA,NA,NA,NA,NA,High,High,High,NA,NA,NA,NA,NA,37.56693,59.53159,1196.847563,0.507063,07:15:00,-0.842927,0.29186,0.451986,94.521161,-28.873873,-31.909005,-0.543518,99.120562,-0.133055,-55.97412,0.133055,-0.828785,0.543518,76.244343,-32.923457,0.828785,-0.828785,-99.120562,32.923457,0.543518,55.97412,-76.244343,-0.543518,0.828785,0.133055,-0.133055,NA,NA,NA,NA,NA,NA,NA,NA,NA,NA,NA,NA
NA,NA,NA,NA,NA,NA,NA,NA,NA,NA,NA,NA,NA,NA,NA,NA,111,2025-10-04,13:09:56,5,4,"Mahan, Riley",10068537,Right,CLE_SCC,"Pierce, Johno",10069844,Right,CAR_EAG,Undefined,3,Bottom,2,3,0,Slider,Curveball,BallCalled,Walk,Undefined,Undefined,0,0,NA,76.17813,2.75021,-0.61562,2113.125128,28.705244,07:00:00,5.79777,2.08683,5.67314,-59.57436,-10.40938,-6.62666,3.39952,0.96061,69.16021,-8.159074,-1.800895,0.504661,NA,NA,NA,NA,NA,NA,NA,NA,NA,NA,NA,3.13815,-5.54697,-2.03073,50,5.99313,1.44089,-110.45878,3.34322,3.82503,22.14397,-38.93515,CAR_EAG,CLE_SCC,CarsonNewman,TeamExclusive,Team,20251004-CarsonNewman-Private-2,f3defa50-a144-11f0-8e17-f9dcdb0ff224,74.68869,NA,NA,7.01792,NA,NA,NA,NA,NA,NA,aa1485ac-9891-46a2-85a3-6504a17cc3e8,2025-10-04,17:09:56,2025-10-04T17:09:56Z,2025-10-04T17:09:56Z,NA,v3,CNE,CSCC,NA,"Christopher, Conner",10087004,Right,CLE_SCC,e3b20e22-3456-4d2d-b253-5395c60a7351,54.82975,-111.4228,11.07199,5.81069,5.03824,-19.46757,-2.08983,1.27437,1.91252,NA,NA,NA,NA,NA,NA,NA,NA,NA,NA,NA,NA,NA,NA,NA,NA,NA,NA,NA,NA,NA,NA,NA,NA,NA,NA,NA,NA,NA,NA,NA,NA,NA,NA,NA,NA,NA,NA,NA,NA,NA,NA,NA,NA,NA,NA,NA,NA,NA,NA,High,High,High,NA,NA,NA,NA,NA,37.313008,65.950503,861.152779,0.407526,07:15:00,-0.896755,0.290562,0.333774,-70.840456,49.984596,-22.915347,-0.449768,105.744201,-0.242349,-59.275864,0.242349,-0.859637,0.449768,61.682836,-26.728785,0.859637,-0.859637,-105.744201,26.728785,0.449768,59.275864,-61.682836,-0.449768,0.859637,0.242349,-0.242349,NA,NA,NA,NA,NA,NA,NA,NA,NA,NA,NA,NA
NA,NA,NA,NA,NA,NA,NA,NA,NA,NA,NA,NA,NA,NA,NA,NA,112,2025-10-04,13:10:22,6,1,"Mahan, Riley",10068537,Right,CLE_SCC,"Soto Diaz, Bradley",1000475324,NA,CAR_EAG,Undefined,3,Bottom,2,0,0,Slider,Curveball,BallCalled,Undefined,Undefined,Undefined,0,0,NA,75.9009,-0.863669,-3.128289,2149.62647,50.519998,07:45:00,5.78897,2.02675,5.90004,-56.15519,-7.84237,-11.16363,0.30629,-1.81072,70.89937,-11.042411,-5.133321,0.500268,NA,NA,NA,NA,NA,NA,NA,NA,NA,NA,NA,4.93752,-3.4541,-1.76825,50,5.68673,6.41108,-110.26977,-3.3905,6.10089,18.95925,-36.44201,CAR_EAG,CLE_SCC,CarsonNewman,TeamExclusive,Team,20251004-CarsonNewman-Private-2,03b89850-a145-11f0-8e17-f9dcdb0ff224,75.34452,NA,NA,5.00153,NA,NA,NA,NA,NA,NA,aa1485ac-9891-46a2-85a3-6504a17cc3e8,2025-10-04,17:10:22,2025-10-04T17:10:22Z,2025-10-04T17:10:22Z,NA,v3,CNE,CSCC,NA,"Christopher, Conner",10087004,Right,CLE_SCC,faadced8-be33-40a7-a4af-6d2697ca60ae,54.60651,-111.05897,9.47963,5.79629,-1.87356,-18.22101,-2.02984,6.15712,3.05044,NA,NA,NA,NA,NA,NA,NA,NA,NA,NA,NA,NA,NA,NA,NA,NA,NA,NA,NA,NA,NA,NA,NA,NA,NA,NA,NA,NA,NA,NA,NA,NA,NA,NA,NA,NA,NA,NA,NA,NA,NA,NA,NA,NA,NA,NA,NA,NA,NA,NA,High,High,High,NA,NA,NA,NA,NA,42.86484,59.223252,1099.951477,0.511694,07:30:00,-0.842562,0.335101,0.42166,75.105655,-31.452987,-32.11413,-0.540861,116.159871,-0.370827,-49.021395,0.370827,-0.754955,0.540861,55.564555,-32.74229,0.754955,-0.754955,-116.159871,32.74229,0.540861,49.021395,-55.564555,-0.540861,0.754955,0.370827,-0.370827,NA,NA,NA,NA,NA,NA,NA,NA,NA,NA,NA,NA
NA,NA,NA,NA,NA,NA,NA,NA,NA,NA,NA,NA,NA,NA,NA,NA,113,2025-10-04,13:10:43,6,2,"Mahan, Riley",10068537,Right,CLE_SCC,"Soto Diaz, Bradley",1000475324,NA,CAR_EAG,Undefined,3,Bottom,2,1,0,Fastball,Four-Seam,BallCalled,Undefined,Undefined,Undefined,0,0,NA,88.0698,-1.206937,-4.9268,2211.207084,211.272044,01:00:00,5.88773,1.75363,6.61438,-23.1882,11.61674,6.46839,2.84566,-2.23107,81.57401,-5.565186,-3.756903,0.424611,NA,NA,NA,NA,NA,NA,NA,NA,NA,NA,NA,-4.58847,6.7191,-1.42027,50,5.79554,10.7734,-127.76132,-3.35823,-7.68514,23.036740000000002,-20.92032,CAR_EAG,CLE_SCC,CarsonNewman,TeamExclusive,Team,20251004-CarsonNewman-Private-2,101b5f10-a145-11f0-8e17-f9dcdb0ff224,88.76925,NA,NA,6.49578,NA,NA,NA,NA,NA,NA,aa1485ac-9891-46a2-85a3-6504a17cc3e8,2025-10-04,17:10:43,2025-10-04T17:10:43Z,2025-10-04T17:10:43Z,NA,v3,CNE,CSCC,NA,"Christopher, Conner",10087004,Right,CLE_SCC,73589b8a-b4de-4e9f-9fd1-94df99106320,53.88848,-128.46055,11.518370000000001,5.88784,-2.72325,-10.46016,-1.75081,11.00666,-3.84257,NA,NA,NA,NA,NA,NA,NA,NA,NA,NA,NA,NA,NA,NA,NA,NA,NA,NA,NA,NA,NA,NA,NA,NA,NA,NA,NA,NA,NA,NA,NA,NA,NA,NA,NA,NA,NA,NA,NA,NA,NA,NA,NA,NA,NA,NA,NA,NA,NA,NA,High,High,High,NA,NA,NA,NA,NA,225.087329,35.001505,1811.281497,0.819137,01:30:00,-0.608847,-0.592053,-0.527995,-56.889558,38.619544,7.019279,-0.419287,167.347442,-0.885807,-11.469997,0.885807,-0.198855,0.419287,25.330029,-24.789606,0.198855,-0.198855,-167.347442,24.789606,0.419287,11.469997,-25.330029,-0.419287,0.198855,0.885807,-0.885807,NA,NA,NA,NA,NA,NA,NA,NA,NA,NA,NA,NA
NA,NA,NA,NA,NA,NA,NA,NA,NA,NA,NA,NA,NA,NA,NA,NA,114,2025-10-04,13:10:59,6,3,"Mahan, Riley",10068537,Right,CLE_SCC,"Soto Diaz, Bradley",1000475324,NA,CAR_EAG,Undefined,3,Bottom,2,2,0,Fastball,Four-Seam,StrikeCalled,Undefined,Undefined,Undefined,0,0,NA,88.80147,-2.387802,-4.615807,2350.105887,221.572382,01:30:00,5.87723,1.90637,6.48026,-20.75316,13.94544,11.41914,1.94676,-1.38977,81.59647,-6.310463,-2.552548,0.423963,NA,NA,NA,NA,NA,NA,NA,NA,NA,NA,NA,-7.19213,8.26512,-1.5857,50,5.69928,9.94855,-128.68593,-5.96794,-12.11738,25.52222,-18.2489,CAR_EAG,CLE_SCC,CarsonNewman,TeamExclusive,Team,20251004-CarsonNewman-Private-2,19a90cd0-a145-11f0-8e17-f9dcdb0ff224,88.90512,NA,NA,7.205,NA,NA,NA,NA,NA,NA,aa1485ac-9891-46a2-85a3-6504a17cc3e8,2025-10-04,17:10:59,2025-10-04T17:10:59Z,2025-10-04T17:10:59Z,NA,v3,CNE,CSCC,NA,"Christopher, Conner",10087004,Right,CLE_SCC,ea2ef5ea-4555-44ac-963f-1a9ed77f3760,54.02192,-129.48114,12.76111,5.87637,-5.39935,-9.12445,-1.90155,10.3261,-6.05869,NA,NA,NA,NA,NA,NA,NA,NA,NA,NA,NA,NA,NA,NA,NA,NA,NA,NA,NA,NA,NA,NA,NA,NA,NA,NA,NA,NA,NA,NA,NA,NA,NA,NA,NA,NA,NA,NA,NA,NA,NA,NA,NA,NA,NA,NA,NA,NA,NA,NA,High,High,High,NA,NA,NA,NA,NA,226.720739,21.273788,2189.963351,0.931857,01:30:00,-0.384571,-0.692939,-0.609869,-39.705592,41.715286,20.885252,-0.156043,177.285166,-0.986642,-2.681554,0.986642,-0.046785,0.156043,8.987189,-8.977266,0.046785,-0.046785,-177.285166,8.977266,0.156043,2.681554,-8.987189,-0.156043,0.046785,0.986642,-0.986642,NA,NA,NA,NA,NA,NA,NA,NA,NA,NA,NA,NA
NA,NA,NA,NA,NA,NA,NA,NA,NA,NA,NA,NA,NA,NA,NA,NA,115,2025-10-04,13:11:17,6,4,"Mahan, Riley",10068537,Right,CLE_SCC,"Soto Diaz, Bradley",1000475324,NA,CAR_EAG,Undefined,3,Bottom,2,2,1,Fastball,Sinker,FoulBallNotFieldable,Undefined,Undefined,Undefined,0,0,NA,87.77626,-2.370679,-3.719544,2120.163556,226.766356,01:30:00,5.82978,1.99331,6.46082,-24.08068,11.41075,10.97209,1.6395,-0.51395,80.72157,-6.893941,-1.733225,0.428779,82.2385,28.834513,30.699011,5187.051508,88.40674,47.0193,65.45378,268.86745,171.54732,45.537218,3.883854,-6.76784,6.94642,-1.73482,50,5.65093,7.86672,-127.34875,-5.98533,-11.15111,25.33906,-20.72866,CAR_EAG,CLE_SCC,CarsonNewman,TeamExclusive,Team,20251004-CarsonNewman-Private-2,249b53a0-a145-11f0-8e17-f9dcdb0ff224,87.9065,52.28048,NA,7.05469,NA,NA,NA,0.87038,1.6655,0.53504,aa1485ac-9891-46a2-85a3-6504a17cc3e8,2025-10-04,17:11:17,2025-10-04T17:11:17Z,2025-10-04T17:11:17Z,FlyBall,v3,CNE,CSCC,NA,"Christopher, Conner",10087004,Right,CLE_SCC,da00a565-b546-41a7-981d-15078bc6922e,54.04222,-128.15053,12.66953,5.82994,-5.32944,-10.36433,-1.98932,8.21956,-5.57555,229.850585,0.87024,90.86326,-20.04389,4.55115,-1.05156,0.25673,-0.06687,0.01169,-8.4e-4,1.66599,58.15341,-18.46018,1.03992,0.10112,-0.15243,0.06166,-0.01127,7.8e-4,0.53532,53.93507,0.39794,-1.2246,0.37023,-0.04522,-0.00523,0.00247,-2.2e-4,NA,NA,NA,NA,NA,NA,NA,NA,NA,NA,NA,NA,NA,NA,NA,NA,NA,NA,NA,NA,NA,NA,High,High,High,High,Medium,NA,NA,NA,229.396475,26.673278,1894.537544,0.893581,01:45:00,-0.457297,-0.696422,-0.55306,-48.567592,40.349306,12.893823,-0.2257,174.122694,-0.969076,-5.725139,0.969076,-0.099756,0.2257,13.110627,-13.044073,0.099756,-0.099756,-174.122694,13.044073,0.2257,5.725139,-13.110627,-0.2257,0.099756,0.969076,-0.969076,NA,NA,NA,NA,NA,NA,NA,NA,NA,NA,NA,NA
NA,NA,NA,NA,NA,NA,NA,NA,NA,NA,NA,NA,NA,NA,NA,NA,116,2025-10-04,13:11:56,6,5,"Mahan, Riley",10068537,Right,CLE_SCC,"Soto Diaz, Bradley",1000475324,NA,CAR_EAG,Undefined,3,Bottom,2,2,2,Slider,Curveball,BallCalled,Undefined,Undefined,Undefined,0,0,NA,77.79872,3.498934,-0.191961,2311.584803,56.552752,08:00:00,5.80755,1.93658,5.75642,-51.8705,-4.96008,-9.89611,4.74623,0.93321,70.52291,-6.048098,-1.962151,0.492954,NA,NA,NA,NA,NA,NA,NA,NA,NA,NA,NA,4.92811,-3.0391,-1.91475,50,6.0671,0.76219,-112.74975,5.19487,6.2824,22.35296,-36.04829,CAR_EAG,CLE_SCC,CarsonNewman,TeamExclusive,Team,20251004-CarsonNewman-Private-2,3babb710-a145-11f0-8e17-f9dcdb0ff224,76.46244,NA,NA,7.27581,NA,NA,NA,NA,NA,NA,aa1485ac-9891-46a2-85a3-6504a17cc3e8,2025-10-04,17:11:56,2025-10-04T17:11:56Z,2025-10-04T17:11:56Z,NA,v3,CNE,CSCC,NA,"Christopher, Conner",10087004,Right,CLE_SCC,04462c74-0b96-46e0-ad91-0c2143ac64fc,54.74521,-113.68661,11.17648,5.81772,6.70573,-18.02415,-1.94118,0.49888,3.1412,NA,NA,NA,NA,NA,NA,NA,NA,NA,NA,NA,NA,NA,NA,NA,NA,NA,NA,NA,NA,NA,NA,NA,NA,NA,NA,NA,NA,NA,NA,NA,NA,NA,NA,NA,NA,NA,NA,NA,NA,NA,NA,NA,NA,NA,NA,NA,NA,NA,NA,High,High,High,NA,NA,NA,NA,NA,46.172043,62.384586,1071.499155,0.463534,07:30:00,-0.862938,0.387858,0.323888,-77.325714,49.689234,-38.252109,-0.427944,111.536469,-0.331781,-57.214675,0.331781,-0.840705,0.427944,52.21391,-25.337145,0.840705,-0.840705,-111.536469,25.337145,0.427944,57.214675,-52.21391,-0.427944,0.840705,0.331781,-0.331781,NA,NA,NA,NA,NA,NA,NA,NA,NA,NA,NA,NA
NA,NA,NA,NA,NA,NA,NA,NA,NA,NA,NA,NA,NA,NA,NA,NA,117,2025-10-04,13:12:14,6,6,"Mahan, Riley",10068537,Right,CLE_SCC,"Soto Diaz, Bradley",1000475324,NA,CAR_EAG,Undefined,3,Bottom,2,3,2,Fastball,Four-Seam,FoulBallNotFieldable,Undefined,Undefined,Undefined,0,0,NA,88.84274,-0.423526,-2.626613,2273.316353,216.721512,01:15:00,5.94028,1.70659,5.98792,-22.75903,12.52623,8.5139,3.65072,-0.02012,81.1892,-4.697784,-1.097732,0.427532,72.84901,42.805352,160.022909,4720.19606,NA,NA,NA,NA,22.06874,NA,NA,-5.12555,6.89201,-1.50394,50,5.89422,5.56805,-128.98736,-1.67578,-8.63328,26.88566,-20.56541,CAR_EAG,CLE_SCC,CarsonNewman,TeamExclusive,Team,20251004-CarsonNewman-Private-2,460d0880-a145-11f0-8e17-f9dcdb0ff224,88.16294,22.75918,NA,7.65354,NA,NA,NA,0.93369,3.67467,0.05617,aa1485ac-9891-46a2-85a3-6504a17cc3e8,2025-10-04,17:12:14,2025-10-04T17:12:14Z,2025-10-04T17:12:14Z,NA,v3,CNE,CSCC,NA,"Christopher, Conner",10087004,Right,CLE_SCC,650da1db-1a4d-4dfc-ae6b-da3e18a7723c,54.51416,-129.92487,13.44283,5.94015,-0.95866,-10.28271,-1.70335,5.86909,-4.31664,327.696385,0.93504,-73.73297,2.12879,NA,NA,NA,NA,NA,NA,3.67906,72.40575,-27.80053,NA,NA,NA,NA,NA,NA,0.05849,26.67694,-7.17834,NA,NA,NA,NA,NA,NA,NA,NA,NA,NA,NA,NA,NA,NA,NA,NA,NA,NA,NA,NA,NA,NA,NA,NA,NA,NA,NA,NA,High,High,High,High,Undefined,NA,NA,NA,229.109927,28.064083,2006.024261,0.882422,01:45:00,-0.491498,-0.670541,-0.555702,-2.954914,45.642972,72.02524,-0.309667,170.638062,-0.93818,-8.897918,0.93818,-0.154674,0.309667,18.2666,-18.039155,0.154674,-0.154674,-170.638062,18.039155,0.309667,8.897918,-18.2666,-0.309667,0.154674,0.93818,-0.93818,NA,NA,NA,NA,NA,NA,NA,NA,NA,NA,NA,NA
NA,NA,NA,NA,NA,NA,NA,NA,NA,NA,NA,NA,NA,NA,NA,NA,118,2025-10-04,13:12:33,6,7,"Mahan, Riley",10068537,Right,CLE_SCC,"Soto Diaz, Bradley",1000475324,NA,CAR_EAG,Undefined,3,Bottom,2,3,2,Slider,Curveball,BallCalled,Walk,Undefined,Undefined,0,0,NA,74.53338,3.003172,-0.73717,2121.873264,51.258318,07:45:00,5.89996,1.69776,6.05443,-57.2418,-7.56465,-11.17942,3.91261,0.0837,68.91398,-7.515294,-2.749492,0.507282,NA,NA,NA,NA,NA,NA,NA,NA,NA,NA,NA,5.56508,-4.23677,-1.6345,50,6.10297,1.77821,-108.33421,3.97631,6.65486,17.82261,-37.24046,CAR_EAG,CLE_SCC,CarsonNewman,TeamExclusive,Team,20251004-CarsonNewman-Private-2,514cfa20-a145-11f0-8e17-f9dcdb0ff224,74.30267,NA,NA,5.61939,NA,NA,NA,NA,NA,NA,aa1485ac-9891-46a2-85a3-6504a17cc3e8,2025-10-04,17:12:33,2025-10-04T17:12:33Z,2025-10-04T17:12:33Z,NA,v3,CNE,CSCC,NA,"Christopher, Conner",10087004,Right,CLE_SCC,05f844a2-9991-442e-8e94-fc67d79e190a,54.45161,-109.06411,8.9113,5.9089,5.50143,-18.62023,-1.70175,1.50567,3.32743,NA,NA,NA,NA,NA,NA,NA,NA,NA,NA,NA,NA,NA,NA,NA,NA,NA,NA,NA,NA,NA,NA,NA,NA,NA,NA,NA,NA,NA,NA,NA,NA,NA,NA,NA,NA,NA,NA,NA,NA,NA,NA,NA,NA,NA,NA,NA,NA,NA,NA,High,High,High,NA,NA,NA,NA,NA,37.506629,42.524658,1563.791995,0.736987,07:15:00,-0.643895,0.483512,0.592972,-61.876758,38.009605,24.637867,-0.667805,169.92903,-0.732868,-7.478869,0.732868,-0.130161,0.667805,42.340462,-41.897869,0.130161,-0.130161,-169.92903,41.897869,0.667805,7.478869,-42.340462,-0.667805,0.130161,0.732868,-0.732868,NA,NA,NA,NA,NA,NA,NA,NA,NA,NA,NA,NA
NA,NA,NA,NA,NA,NA,NA,NA,NA,NA,NA,NA,NA,NA,NA,NA,119,2025-10-04,13:12:57,7,1,"Mahan, Riley",10068537,Right,CLE_SCC,"Benner, Seth",1000370212,Right,CAR_EAG,Undefined,3,Bottom,2,0,0,Fastball,Four-Seam,BallCalled,Undefined,Undefined,Undefined,0,0,NA,87.61975,0.460427,-3.137671,2143.490524,217.002497,01:15:00,5.85781,1.7802,6.27099,-21.56529,14.39804,9.98772,4.48582,-0.28306,79.85062,-3.632845,-1.336398,0.43162,NA,NA,NA,NA,NA,NA,NA,NA,NA,NA,NA,-6.04618,7.68457,-1.5524,50,5.88128,6.5716,-127.17103,0.40488,-9.88886,26.38764,-19.60548,CAR_EAG,CLE_SCC,CarsonNewman,TeamExclusive,Team,20251004-CarsonNewman-Private-2,5fcc5f50-a145-11f0-8e17-f9dcdb0ff224,87.32789,NA,NA,7.76913,NA,NA,NA,NA,NA,NA,aa1485ac-9891-46a2-85a3-6504a17cc3e8,2025-10-04,17:12:57,2025-10-04T17:12:57Z,2025-10-04T17:12:57Z,NA,v3,CNE,CSCC,NA,"Christopher, Conner",10087004,Right,CLE_SCC,e57037b1-eff2-4dd4-89d6-6968af92b95d,54.22961,-128.04565,13.19382,5.85709,1.0547,-9.80274,-1.77565,6.89937,-4.94443,NA,NA,NA,NA,NA,NA,NA,NA,NA,NA,NA,NA,NA,NA,NA,NA,NA,NA,NA,NA,NA,NA,NA,NA,NA,NA,NA,NA,NA,NA,NA,NA,NA,NA,NA,NA,NA,NA,NA,NA,NA,NA,NA,NA,NA,NA,NA,NA,NA,NA,High,High,High,NA,NA,NA,NA,NA,232.869119,29.165961,1871.721125,0.873212,01:45:00,-0.521032,-0.692237,-0.499333,-33.343157,52.448563,37.705059,-0.340018,173.045089,-0.933499,-6.538664,0.933499,-0.113874,0.340018,20.01364,-19.877948,0.113874,-0.113874,-173.045089,19.877948,0.340018,6.538664,-20.01364,-0.340018,0.113874,0.933499,-0.933499,NA,NA,NA,NA,NA,NA,NA,NA,NA,NA,NA,NA
NA,NA,NA,NA,NA,NA,NA,NA,NA,NA,NA,NA,NA,NA,NA,NA,120,2025-10-04,13:13:12,7,2,"Mahan, Riley",10068537,Right,CLE_SCC,"Benner, Seth",1000370212,Right,CAR_EAG,Undefined,3,Bottom,2,1,0,Fastball,Four-Seam,StrikeCalled,Undefined,Undefined,Undefined,0,0,NA,87.43803,-1.942408,-3.830251,2227.092057,204.741401,12:45:00,5.9088,1.80378,6.56573,-19.85682,15.81454,6.77319,2.46865,-1.1485,80.17621,-5.721476,-2.603155,0.429864,NA,NA,NA,NA,NA,NA,NA,NA,NA,NA,NA,-4.58571,9.17315,-1.54227,50,5.76602,8.23521,-126.84207,-4.8339,-7.4874,25.40792,-17.19641,CAR_EAG,CLE_SCC,CarsonNewman,TeamExclusive,Team,20251004-CarsonNewman-Private-2,69066ed0-a145-11f0-8e17-f9dcdb0ff224,87.68454,NA,NA,7.26182,NA,NA,NA,NA,NA,NA,aa1485ac-9891-46a2-85a3-6504a17cc3e8,2025-10-04,17:13:12,2025-10-04T17:13:12Z,2025-10-04T17:13:12Z,NA,v3,CNE,CSCC,NA,"Christopher, Conner",10087004,Right,CLE_SCC,90de930d-307b-4bac-8030-85f7659b31f6,53.93528,-127.62792,12.70396,5.90731,-4.30203,-8.5982,-1.80056,8.46679,-3.7437,NA,NA,NA,NA,NA,NA,NA,NA,NA,NA,NA,NA,NA,NA,NA,NA,NA,NA,NA,NA,NA,NA,NA,NA,NA,NA,NA,NA,NA,NA,NA,NA,NA,NA,NA,NA,NA,NA,NA,NA,NA,NA,NA,NA,NA,NA,NA,NA,NA,NA,High,High,High,NA,NA,NA,NA,NA,223.656067,29.121996,1945.555226,0.873585,01:30:00,-0.50713,-0.61921,-0.599499,-54.194114,41.467311,0.844812,0.283602,179.396203,-0.958889,0.579006,0.958889,-0.010105,-0.283602,16.476191,16.475325,0.010105,0.010105,-179.396203,-16.475325,0.283602,-0.579006,-16.476191,-0.283602,-0.010105,0.958889,-0.958889,NA,NA,NA,NA,NA,NA,NA,NA,NA,NA,NA,NA
NA,NA,NA,NA,NA,NA,NA,NA,NA,NA,NA,NA,NA,NA,NA,NA,121,2025-10-04,13:13:27,7,3,"Mahan, Riley",10068537,Right,CLE_SCC,"Benner, Seth",1000370212,Right,CAR_EAG,Undefined,3,Bottom,2,1,1,Slider,Curveball,FoulBallNotFieldable,Undefined,Undefined,Undefined,0,0,NA,76.06336,1.63742,-0.847084,2120.849466,35.231902,07:15:00,5.79436,1.98793,5.68992,-54.69298,-6.17024,-5.38477,2.76337,0.74961,70.14412,-8.351011,-1.811038,0.501354,NA,NA,NA,NA,NA,NA,NA,NA,NA,NA,NA,2.53595,-3.27508,-1.9131,50,5.89717,1.8268,-110.5407,1.42829,3.14104,19.51198,-36.23059,CAR_EAG,CLE_SCC,CarsonNewman,TeamExclusive,Team,20251004-CarsonNewman-Private-2,71c1ff80-a145-11f0-8e17-f9dcdb0ff224,75.18136,NA,NA,5.91923,NA,NA,NA,NA,NA,NA,aa1485ac-9891-46a2-85a3-6504a17cc3e8,2025-10-04,17:13:27,2025-10-04T17:13:27Z,2025-10-04T17:13:27Z,NA,v3,CNE,CSCC,NA,"Christopher, Conner",10087004,Right,CLE_SCC,0327a229-05f1-45c9-9d75-f66e06bd2faa,54.81568,-111.38749,9.75599,5.80106,3.00064,-18.1153,-1.98943,1.69049,1.57052,NA,NA,NA,NA,NA,NA,NA,NA,NA,NA,NA,NA,NA,NA,NA,NA,NA,NA,NA,NA,NA,NA,NA,NA,NA,NA,NA,NA,NA,NA,NA,NA,NA,NA,NA,NA,NA,NA,NA,NA,NA,NA,NA,NA,NA,NA,NA,NA,NA,NA,High,High,High,NA,NA,NA,NA,NA,35.622923,67.949848,796.205135,0.375418,07:15:00,-0.915617,0.245057,0.318736,-59.235868,58.795727,-19.370053,-0.515477,117.181829,-0.391447,-49.664538,0.391447,-0.762268,0.515477,52.787433,-31.029374,0.762268,-0.762268,-117.181829,31.029374,0.515477,49.664538,-52.787433,-0.515477,0.762268,0.391447,-0.391447,NA,NA,NA,NA,NA,NA,NA,NA,NA,NA,NA,NA
NA,NA,NA,NA,NA,NA,NA,NA,NA,NA,NA,NA,NA,NA,NA,NA,122,2025-10-04,13:13:48,7,4,"Mahan, Riley",10068537,Right,CLE_SCC,"Benner, Seth",1000370212,Right,CAR_EAG,Undefined,3,Bottom,2,1,2,Slider,Curveball,InPlay,Undefined,LineDrive,Double,0,2,NA,78.68173,0.949256,-1.420189,2185.367333,15.54617,06:30:00,5.80689,1.90005,5.76786,-53.67956,-8.44248,-2.72685,2.21742,0.35078,72.60508,-8.8477,-1.909293,0.484082,88.36381,23.577017,-36.668019,1733.830033,85.26424,33.30002,-69.49744,240.43307,125.58635,-45.415072,2.819082,1.00917,-4.26087,-1.78077,50,5.85232,2.93558,-114.36511,0.14165,1.33681,21.05519,-37.81827,CAR_EAG,CLE_SCC,CarsonNewman,TeamExclusive,Team,20251004-CarsonNewman-Private-2,7e591cb0-a145-11f0-8e17-f9dcdb0ff224,77.8638,34.47096,NA,6.07665,NA,NA,NA,2.57922,2.53054,-0.27474,aa1485ac-9891-46a2-85a3-6504a17cc3e8,2025-10-04,17:13:48,2025-10-04T17:13:48Z,2025-10-04T17:13:48Z,LineDrive,v3,CNE,CSCC,NA,"Christopher, Conner",10087004,Right,CLE_SCC,7e7892db-ec22-42a3-8f70-9274cf23b40e,54.73779,-115.23406,10.5276,5.81427,1.70241,-18.90914,-1.90078,2.88041,0.66841,NA,2.57923,95.27514,-18.46017,3.33159,-0.75693,0.14956,-0.02528,0.00294,-1.5e-4,2.53054,51.8375,-24.00834,3.01053,-0.67704,0.15053,-0.02667,0.00352,-2.4e-4,-0.27474,-70.93349,5.68474,-1.17991,0.26296,-0.05457,0.00948,-0.00119,7e-5,NA,NA,NA,NA,NA,NA,NA,NA,NA,NA,NA,NA,NA,NA,NA,NA,NA,NA,NA,NA,NA,NA,High,High,High,High,Medium,NA,NA,NA,38.98808,57.457611,1175.560273,0.537923,07:15:00,-0.826651,0.352359,0.438738,-62.310922,63.578201,-21.932185,-0.548114,108.581701,-0.266526,-52.448146,0.266526,-0.792802,0.548114,64.068233,-33.237725,0.792802,-0.792802,-108.581701,33.237725,0.548114,52.448146,-64.068233,-0.548114,0.792802,0.266526,-0.266526,NA,NA,NA,NA,NA,NA,NA,NA,NA,NA,NA,NA
NA,NA,NA,NA,NA,NA,NA,NA,NA,NA,NA,NA,NA,NA,NA,NA,123,2025-10-04,13:14:25,8,1,"Mahan, Riley",10068537,Right,CLE_SCC,"Wyatt, Jack",10013525,Right,CAR_EAG,Undefined,3,Bottom,2,0,0,Fastball,Four-Seam,FoulBallNotFieldable,Undefined,Undefined,Undefined,0,0,NA,88.04961,-1.016033,-3.088775,2360.691922,209.059864,01:00:00,5.72477,2.06336,6.61086,-21.66907,13.17595,6.75603,2.9869,-0.20566,81.13808,-5.119007,-1.862047,0.424856,NA,NA,NA,NA,NA,NA,NA,NA,NA,NA,NA,-4.35445,7.51784,-1.85555,50,5.64631,6.65505,-127.97143,-2.87097,-7.27537,24.54684,-19.61327,CAR_EAG,CLE_SCC,CarsonNewman,TeamExclusive,Team,20251004-CarsonNewman-Private-2,94893240-a145-11f0-8e17-f9dcdb0ff224,88.71814,NA,NA,6.91153,NA,NA,NA,NA,NA,NA,aa1485ac-9891-46a2-85a3-6504a17cc3e8,2025-10-04,17:14:25,2025-10-04T17:14:25Z,2025-10-04T17:14:25Z,NA,v3,CNE,CSCC,NA,"Christopher, Conner",10087004,Right,CLE_SCC,2721e1f3-31b2-4bca-8613-cc9e7b9694fc,53.89176,-128.71577,12.27342,5.72435,-2.27623,-9.80664,-2.0607,6.87566,-3.63768,NA,NA,NA,NA,NA,NA,NA,NA,NA,NA,NA,NA,NA,NA,NA,NA,NA,NA,NA,NA,NA,NA,NA,NA,NA,NA,NA,NA,NA,NA,NA,NA,NA,NA,NA,NA,NA,NA,NA,NA,NA,NA,NA,NA,NA,NA,NA,NA,NA,NA,High,High,High,NA,NA,NA,NA,NA,228.805601,30.860985,2026.451936,0.858414,01:45:00,-0.531158,-0.654933,-0.537526,-57.759524,34.086533,4.402975,-0.324805,169.064808,-0.928608,-10.335588,0.928608,-0.179413,0.324805,19.278599,-18.953736,0.179413,-0.179413,-169.064808,18.953736,0.324805,10.335588,-19.278599,-0.324805,0.179413,0.928608,-0.928608,NA,NA,NA,NA,NA,NA,NA,NA,NA,NA,NA,NA
NA,NA,NA,NA,NA,NA,NA,NA,NA,NA,NA,NA,NA,NA,NA,NA,124,2025-10-04,13:14:42,8,2,"Mahan, Riley",10068537,Right,CLE_SCC,"Wyatt, Jack",10013525,Right,CAR_EAG,Undefined,3,Bottom,2,0,1,Fastball,Four-Seam,FoulBallNotFieldable,Undefined,Undefined,Undefined,0,0,NA,89.09021,-0.805433,-2.85562,2266.95964,203.311451,12:45:00,5.76775,2.1739,6.5895,-20.45666,13.84312,5.50059,3.3239899999999998,0.01335,81.46911,-4.701852,-1.857092,0.421519,NA,NA,NA,NA,NA,NA,NA,NA,NA,NA,NA,-3.70252,7.83697,-1.98052,50,5.70381,6.2487,-129.43064,-2.38244,-6.27663,27.17855,-18.88852,CAR_EAG,CLE_SCC,CarsonNewman,TeamExclusive,Team,20251004-CarsonNewman-Private-2,9ec7e080-a145-11f0-8e17-f9dcdb0ff224,89.4205,NA,NA,7.6211,NA,NA,NA,NA,NA,NA,aa1485ac-9891-46a2-85a3-6504a17cc3e8,2025-10-04,17:14:42,2025-10-04T17:14:42Z,2025-10-04T17:14:42Z,NA,v3,CNE,CSCC,NA,"Christopher, Conner",10087004,Right,CLE_SCC,7b9690d9-a40f-4f6b-89d4-1c42004c2d3b,53.91259,-130.24963,13.58928,5.76703,-1.81325,-9.44426,-2.17167,6.43784,-3.13832,NA,NA,NA,NA,NA,NA,NA,NA,NA,NA,NA,NA,NA,NA,NA,NA,NA,NA,NA,NA,NA,NA,NA,NA,NA,NA,NA,NA,NA,NA,NA,NA,NA,NA,NA,NA,NA,NA,NA,NA,NA,NA,NA,NA,NA,NA,NA,NA,NA,NA,High,High,High,NA,NA,NA,NA,NA,229.391982,31.433177,1934.280969,0.853249,01:45:00,-0.539378,-0.655037,-0.529149,-70.452664,31.123306,-10.901086,-0.374827,175.441305,-0.924162,-4.225715,0.924162,-0.073686,0.374827,22.076752,-22.013593,0.073686,-0.073686,-175.441305,22.013593,0.374827,4.225715,-22.076752,-0.374827,0.073686,0.924162,-0.924162,NA,NA,NA,NA,NA,NA,NA,NA,NA,NA,NA,NA
NA,NA,NA,NA,NA,NA,NA,NA,NA,NA,NA,NA,NA,NA,NA,NA,125,2025-10-04,13:14:59,8,3,"Mahan, Riley",10068537,Right,CLE_SCC,"Wyatt, Jack",10013525,Right,CAR_EAG,Undefined,3,Bottom,2,0,2,Fastball,Four-Seam,StrikeSwinging,Strikeout,Undefined,Undefined,0,0,NA,87.25469,-0.333708,-2.545447,2283.397519,220.660957,01:15:00,5.79283,1.96606,6.37984,-22.39718,13.63568,10.73564,3.61908,0.51729,79.72956,-4.579638,-0.602995,0.432037,NA,NA,NA,NA,NA,NA,NA,NA,NA,NA,NA,-6.27063,7.54457,-1.78695,50,5.75823,5.21153,-126.74259,-1.37561,-10.19931,25.91798,-19.90267,CAR_EAG,CLE_SCC,CarsonNewman,TeamExclusive,Team,20251004-CarsonNewman-Private-2,a8b86ec0-a145-11f0-8e17-f9dcdb0ff224,87.24359,NA,NA,7.52513,NA,NA,NA,NA,NA,NA,aa1485ac-9891-46a2-85a3-6504a17cc3e8,2025-10-04,17:14:59,2025-10-04T17:14:59Z,2025-10-04T17:14:59Z,NA,v3,CNE,CSCC,NA,"Christopher, Conner",10087004,Right,CLE_SCC,27faeef3-7f4f-4d55-b5ec-c563e96bfae1,54.12075,-127.58246,12.95899,5.79235,-0.73066,-9.95134,-1.96119,5.54204,-5.09966,NA,NA,NA,NA,NA,NA,NA,NA,NA,NA,NA,NA,NA,NA,NA,NA,NA,NA,NA,NA,NA,NA,NA,NA,NA,NA,NA,NA,NA,NA,NA,NA,NA,NA,NA,NA,NA,NA,NA,NA,NA,NA,NA,NA,NA,NA,NA,NA,NA,NA,High,High,High,NA,NA,NA,NA,NA,233.612451,26.969849,2035.067318,0.891245,01:45:00,-0.472373,-0.720102,-0.508248,-59.238333,38.331485,2.915732,-0.25779,175.057977,-0.962609,-4.774593,0.962609,-0.083236,0.25779,14.992204,-14.938965,0.083236,-0.083236,-175.057977,14.938965,0.25779,4.774593,-14.992204,-0.25779,0.083236,0.962609,-0.962609,NA,NA,NA,NA,NA,NA,NA,NA,NA,NA,NA,NA
NA,NA,NA,NA,NA,NA,NA,NA,NA,NA,NA,NA,NA,NA,NA,NA,126,2025-10-04,13:17:21,1,1,"Fletcher, Drew",1000357758,Right,CAR_EAG,"Coe, Parker",836093,Right,CLE_SCC,Undefined,4,Top,0,0,0,Fastball,Changeup,HitByPitch,Undefined,Undefined,Undefined,0,0,NA,84.39086,0.126153,-1.573071,1863.825461,252.279242,02:30:00,4.83466,2.86361,5.93443,-33.73793,6.32914,14.97013,2.14025,2.65127,75.55224,-6.186761,1.117095,0.455581,NA,NA,NA,NA,NA,NA,NA,NA,NA,NA,NA,-8.31461,3.59158,-2.74679,50,4.82578,2.76939,-122.34174,-0.80983,-12.2739,29.98704,-26.87223,CAR_EAG,CLE_SCC,CarsonNewman,TeamExclusive,Team,20251004-CarsonNewman-Private-2,fd1766b0-a145-11f0-8e17-f9dcdb0ff224,82.73496,NA,NA,8.83862,NA,NA,NA,NA,NA,NA,aa1485ac-9891-46a2-85a3-6504a17cc3e8,2025-10-04,17:17:21,2025-10-04T17:17:21Z,2025-10-04T17:17:21Z,NA,v3,CNE,CSCC,NA,"Van Ness, Jameson",1000370206,Right,CAR_EAG,1987d961-a721-450c-9eb7-7d4410c31187,54.56668,-123.456,14.99352,4.83733,0.18869,-13.43611,-2.85817,3.22546,-6.13695,NA,NA,NA,NA,NA,NA,NA,NA,NA,NA,NA,NA,NA,NA,NA,NA,NA,NA,NA,NA,NA,NA,NA,NA,NA,NA,NA,NA,NA,NA,NA,NA,NA,NA,NA,NA,NA,NA,NA,NA,NA,NA,NA,NA,NA,NA,NA,NA,NA,NA,High,High,High,NA,NA,NA,NA,NA,245.408366,25.047336,1688.548192,0.905958,02:15:00,-0.435369,-0.822851,-0.365199,47.65056,56.037508,27.624559,0.976197,144.517244,-0.176608,7.232322,0.176608,-0.125893,-0.976197,79.745309,77.473832,0.125893,0.125893,-144.517244,-77.473832,0.976197,-7.232322,-79.745309,-0.976197,-0.125893,0.176608,-0.176608,NA,NA,NA,NA,NA,NA,NA,NA,NA,NA,NA,NA
NA,NA,NA,NA,NA,NA,NA,NA,NA,NA,NA,NA,NA,NA,NA,NA,127,2025-10-04,13:18:27,2,1,"Fletcher, Drew",1000357758,Right,CAR_EAG,"Long, Ryan",10089030,Left,CLE_SCC,Undefined,4,Top,0,0,0,Fastball,Sinker,BallCalled,Undefined,Undefined,Undefined,0,0,NA,86.5757,-1.59794,-4.433361,1949.576016,235.025619,01:45:00,5.05556,2.90617,5.71686,-29.07647,8.78729,10.75953,1.13905,-0.33554,78.98973,-6.976987,-2.515402,0.442877,NA,NA,NA,NA,NA,NA,NA,NA,NA,NA,NA,-6.73804,5.31386,-2.54128,50,4.90359,9.2599,-125.29512,-4.49159,-10.67154,26.19252,-23.75807,CAR_EAG,CLE_SCC,CarsonNewman,TeamExclusive,Team,20251004-CarsonNewman-Private-2,2487fd40-a146-11f0-8e17-f9dcdb0ff224,85.10813,NA,NA,7.58596,NA,NA,NA,NA,NA,NA,aa1485ac-9891-46a2-85a3-6504a17cc3e8,2025-10-04,17:18:27,2025-10-04T17:18:27Z,2025-10-04T17:18:27Z,NA,v3,CNE,CSCC,NA,"Van Ness, Jameson",1000370206,Right,CAR_EAG,a75c243a-167d-405f-94f8-8aec2fdeb00b,54.78392,-126.29122,13.09626,5.05722,-3.58807,-11.87904,-2.90115,9.66574,-5.33577,NA,NA,NA,NA,NA,NA,NA,NA,NA,NA,NA,NA,NA,NA,NA,NA,NA,NA,NA,NA,NA,NA,NA,NA,NA,NA,NA,NA,NA,NA,NA,NA,NA,NA,NA,NA,NA,NA,NA,NA,NA,NA,NA,NA,NA,NA,NA,NA,NA,NA,High,High,High,NA,NA,NA,NA,NA,238.931728,22.514694,1800.981988,0.923781,02:00:00,-0.396478,-0.801638,-0.447417,59.713377,48.852421,41.527672,0.962936,129.610387,-0.171971,11.993484,0.171971,-0.2078,-0.962936,79.874281,74.351715,0.2078,0.2078,-129.610387,-74.351715,0.962936,-11.993484,-79.874281,-0.962936,-0.2078,0.171971,-0.171971,NA,NA,NA,NA,NA,NA,NA,NA,NA,NA,NA,NA
NA,NA,NA,NA,NA,NA,NA,NA,NA,NA,NA,NA,NA,NA,NA,NA,128,2025-10-04,13:18:49,2,2,"Fletcher, Drew",1000357758,Right,CAR_EAG,"Long, Ryan",10089030,Left,CLE_SCC,Undefined,4,Top,0,1,0,Slider,Slider,FoulBallNotFieldable,Undefined,Undefined,Undefined,0,0,NA,74.80024,3.487155,-1.976393,2277.142303,86.519573,09:00:00,4.93713,3.21042,5.31448,-50.01581,1.09768,-7.28556,4.04823,0.74749,68.52952,-5.639207,-3.266641,0.514564,NA,NA,NA,NA,NA,NA,NA,NA,NA,NA,NA,3.14,-0.00937,-3.02552,50,5.21724,4.01166,-108.39017,4.99366,3.74219,18.62804,-32.18519,CAR_EAG,CLE_SCC,CarsonNewman,TeamExclusive,Team,20251004-CarsonNewman-Private-2,317cf1e0-a146-11f0-8e17-f9dcdb0ff224,73.25125,NA,NA,6.27072,NA,NA,NA,NA,NA,NA,aa1485ac-9891-46a2-85a3-6504a17cc3e8,2025-10-04,17:18:49,2025-10-04T17:18:49Z,2025-10-04T17:18:49Z,NA,v3,CNE,CSCC,NA,"Van Ness, Jameson",1000370206,Right,CAR_EAG,54fcb6dd-187b-4f57-b977-2f96e19d3d28,55.1892,-109.27835,9.31402,4.94256,6.52825,-16.0926,-3.21254,3.83324,1.8711,NA,NA,NA,NA,NA,NA,NA,NA,NA,NA,NA,NA,NA,NA,NA,NA,NA,NA,NA,NA,NA,NA,NA,NA,NA,NA,NA,NA,NA,NA,NA,NA,NA,NA,NA,NA,NA,NA,NA,NA,NA,NA,NA,NA,NA,NA,NA,NA,NA,NA,High,High,High,NA,NA,NA,NA,NA,95.208523,75.007798,589.068449,0.258688,09:15:00,-0.948749,0.315897,0.009242,6.781259,39.224382,-13.243824,-0.015965,128.986255,-0.629054,-51.004724,0.629054,-0.77719800000000006,0.015965,1.453794,-0.91475,0.77719800000000006,-0.77719800000000006,-128.986255,0.91475,0.015965,51.004724,-1.453794,-0.015965,0.77719800000000006,0.629054,-0.629054,NA,NA,NA,NA,NA,NA,NA,NA,NA,NA,NA,NA
NA,NA,NA,NA,NA,NA,NA,NA,NA,NA,NA,NA,NA,NA,NA,NA,129,2025-10-04,13:20:08,2,3,"Fletcher, Drew",1000357758,Right,CAR_EAG,"Long, Ryan",10089030,Left,CLE_SCC,Undefined,4,Top,0,1,1,Fastball,Changeup,StrikeSwinging,Undefined,Undefined,Undefined,0,0,NA,83.33266,0.13391,-5.944199,1885.310063,223.48489,01:30:00,4.942,2.97888,5.8335,-30.19824,10.48997,8.71634,2.55063,-1.84012,76.12988,-5.467743,-4.39562,0.459098,NA,NA,NA,NA,NA,NA,NA,NA,NA,NA,NA,-6.08575,5.71441,-2.49713,50,4.93522,12.18985,-120.42093,-0.67369,-8.94154,23.25566,-23.77813,CAR_EAG,CLE_SCC,CarsonNewman,TeamExclusive,Team,20251004-CarsonNewman-Private-2,60b12490-a146-11f0-8e17-f9dcdb0ff224,82.10103,NA,NA,7.20278,NA,NA,NA,NA,NA,NA,aa1485ac-9891-46a2-85a3-6504a17cc3e8,2025-10-04,17:20:08,2025-10-04T17:20:08Z,2025-10-04T17:20:08Z,NA,v3,CNE,CSCC,NA,"Van Ness, Jameson",1000370206,Right,CAR_EAG,cbf63201-72c9-4045-89d3-d1067f293178,54.66738,-121.31895,11.62783,4.94351,0.2445,-11.88907,-2.97451,12.53513,-4.47077,NA,NA,NA,NA,NA,NA,NA,NA,NA,NA,NA,NA,NA,NA,NA,NA,NA,NA,NA,NA,NA,NA,NA,NA,NA,NA,NA,NA,NA,NA,NA,NA,NA,NA,NA,NA,NA,NA,NA,NA,NA,NA,NA,NA,NA,NA,NA,NA,NA,NA,High,High,High,NA,NA,NA,NA,NA,245.616521,26.450007,1687.96212,0.895323,02:15:00,-0.483195,-0.81442,-0.321315,110.277516,33.06072,1.661255,0.249275,165.9781,-0.939576,13.570651,0.939576,-0.234644,-0.249275,14.858608,14.434631,0.234644,0.234644,-165.9781,-14.434631,0.249275,-13.570651,-14.858608,-0.249275,-0.234644,0.939576,-0.939576,NA,NA,NA,NA,NA,NA,NA,NA,NA,NA,NA,NA
NA,NA,NA,NA,NA,NA,NA,NA,NA,NA,NA,NA,NA,NA,NA,NA,130,2025-10-04,13:20:43,2,4,"Fletcher, Drew",1000357758,Right,CAR_EAG,"Long, Ryan",10089030,Left,CLE_SCC,Undefined,4,Top,0,1,2,Fastball,Changeup,FoulBallNotFieldable,Undefined,Undefined,Undefined,0,0,NA,85.99733,0.608923,-4.137784,1982.080571,270.24412,03:00:00,5.15348,2.72147,5.87798,-36.68388,1.08847,13.51894,2.66354,-0.00172,78.95794,-6.145309,-1.71928,0.442342,NA,NA,NA,NA,NA,NA,NA,NA,NA,NA,NA,-8.05473,0.71563,-2.39445,50,5.18136,8.48112,-124.73202,0.07128,-12.73874,24.17833,-31.04229,CAR_EAG,CLE_SCC,CarsonNewman,TeamExclusive,Team,20251004-CarsonNewman-Private-2,75b95bf0-a146-11f0-8e17-f9dcdb0ff224,85.21106,NA,NA,7.03939,NA,NA,NA,NA,NA,NA,aa1485ac-9891-46a2-85a3-6504a17cc3e8,2025-10-04,17:20:43,2025-10-04T17:20:43Z,2025-10-04T17:20:43Z,NA,v3,CNE,CSCC,NA,"Van Ness, Jameson",1000370206,Right,CAR_EAG,21ceab76-76b6-4712-ba6c-ef8860e38a26,54.62613,-125.62556,12.08917,5.15753,1.21849,-15.52115,-2.71657,8.95189,-6.36937,NA,NA,NA,NA,NA,NA,NA,NA,NA,NA,NA,NA,NA,NA,NA,NA,NA,NA,NA,NA,NA,NA,NA,NA,NA,NA,NA,NA,NA,NA,NA,NA,NA,NA,NA,NA,NA,NA,NA,NA,NA,NA,NA,NA,NA,NA,NA,NA,NA,NA,High,High,High,NA,NA,NA,NA,NA,240.36462,21.867443,1839.465998,0.928048,02:00:00,-0.413131,-0.802646,-0.430212,43.13452,44.203415,23.611316,0.960436,133.500412,-0.191708,11.654812,0.191708,-0.202015,-0.960436,78.711838,73.829336,0.202015,0.202015,-133.500412,-73.829336,0.960436,-11.654812,-78.711838,-0.960436,-0.202015,0.191708,-0.191708,NA,NA,NA,NA,NA,NA,NA,NA,NA,NA,NA,NA
NA,NA,NA,NA,NA,NA,NA,NA,NA,NA,NA,NA,NA,NA,NA,NA,131,2025-10-04,13:21:07,2,5,"Fletcher, Drew",1000357758,Right,CAR_EAG,"Long, Ryan",10089030,Left,CLE_SCC,Undefined,4,Top,0,1,2,Slider,Slider,BallCalled,Undefined,Undefined,Undefined,0,0,NA,73.40686,2.774545,-0.638776,2165.559406,109.901699,09:45:00,4.97008,2.93812,5.30366,-49.58731,3.42075,-4.96634,3.44475,1.92455,67.28859,-6.287718,-1.519826,0.524013,NA,NA,NA,NA,NA,NA,NA,NA,NA,NA,NA,2.30662,1.45756,-2.87633,50,5.18634,1.37354,-106.45885,3.57977,2.652,17.96122,-30.49824,CAR_EAG,CLE_SCC,CarsonNewman,TeamExclusive,Team,20251004-CarsonNewman-Private-2,84061860-a146-11f0-8e17-f9dcdb0ff224,71.93029,NA,NA,6.11827,NA,NA,NA,NA,NA,NA,aa1485ac-9891-46a2-85a3-6504a17cc3e8,2025-10-04,17:21:07,2025-10-04T17:21:07Z,2025-10-04T17:21:07Z,NA,v3,CNE,CSCC,NA,"Van Ness, Jameson",1000370206,Right,CAR_EAG,b397d61d-c79b-4423-9798-68fb8448a8c8,55.1979,-107.33223,8.98061,4.97622,5.06277,-15.24912,-2.93998,1.24458,1.326,NA,NA,NA,NA,NA,NA,NA,NA,NA,NA,NA,NA,NA,NA,NA,NA,NA,NA,NA,NA,NA,NA,NA,NA,NA,NA,NA,NA,NA,NA,NA,NA,NA,NA,NA,NA,NA,NA,NA,NA,NA,NA,NA,NA,NA,NA,NA,NA,NA,NA,High,High,High,NA,NA,NA,NA,NA,113.07761,73.116005,628.954058,0.290435,09:45:00,-0.94405,0.313199,-0.103326,-10.436673,33.557775,-17.357618,-0.131894,128.870788,-0.622084,-50.512338,0.622084,-0.771762,0.131894,11.970571,-7.579056,0.771762,-0.771762,-128.870788,7.579056,0.131894,50.512338,-11.970571,-0.131894,0.771762,0.622084,-0.622084,NA,NA,NA,NA,NA,NA,NA,NA,NA,NA,NA,NA
NA,NA,NA,NA,NA,NA,NA,NA,NA,NA,NA,NA,NA,NA,NA,NA,132,2025-10-04,13:21:29,2,6,"Fletcher, Drew",1000357758,Right,CAR_EAG,"Long, Ryan",10089030,Left,CLE_SCC,Undefined,4,Top,0,2,2,Slider,Slider,FoulBallNotFieldable,Undefined,Undefined,Undefined,0,0,NA,75.20061,1.574181,-4.165482,2141.792875,70.597155,08:15:00,4.98321,3.10545,5.60743,-49.96184,0.61665,-3.03307,2.29349,-1.04265,68.56979,-7.578406,-4.704355,0.511864,59.79229,55.709556,90.019798,NA,-17.96934,43.53148,108.52227,137.79002,48.64359,101.391711,3.829765,0.27441,0.29035,-2.74637,50,5.08586,8.03722,-108.83291,1.44003,0.32615,20.70654,-31.82892,CAR_EAG,CLE_SCC,CarsonNewman,TeamExclusive,Team,20251004-CarsonNewman-Private-2,91174790-a146-11f0-8e17-f9dcdb0ff224,73.63765,63.45896,NA,6.63082,NA,NA,NA,2.17277,1.88221,0.74061,aa1485ac-9891-46a2-85a3-6504a17cc3e8,2025-10-04,17:21:29,2025-10-04T17:21:29Z,2025-10-04T17:21:29Z,Popup,v3,CNE,CSCC,NA,"Van Ness, Jameson",1000370206,Right,CAR_EAG,0a423224-876b-47b0-a7b2-369c16dde93e,54.89465,-109.76021,10.35327,4.98946,2.86543,-15.91446,-3.10598,8.02262,0.16307,325.706236,2.17277,-0.01467,-4.22549,1.08466,-0.34538,0.14608,-0.04295,0.00663,-4.1e-4,1.88204,72.45526,-25.22112,3.06217,-0.59111,0.07691,-0.00937,0.00149,-1.3e-4,0.74053,49.41215,-7.79507,1.95868,-0.58461,0.23121,-0.06542,0.00975,-5.8e-4,NA,NA,NA,NA,NA,NA,NA,NA,NA,NA,NA,NA,NA,NA,NA,NA,NA,NA,NA,NA,NA,NA,High,High,High,High,Low,NA,NA,NA,114.842689,80.55127,351.607375,0.164165,09:45:00,-0.984384,0.176016,0.002539,-9.817779,40.307464,-14.561711,-0.033164,130.330585,-0.646841,-49.632306,0.646841,-0.761904,0.033164,2.935029,-1.900507,0.761904,-0.761904,-130.330585,1.900507,0.033164,49.632306,-2.935029,-0.033164,0.761904,0.646841,-0.646841,NA,NA,NA,NA,NA,NA,NA,NA,NA,NA,NA,NA
NA,NA,NA,NA,NA,NA,NA,NA,NA,NA,NA,NA,NA,NA,NA,NA,133,2025-10-04,13:21:54,2,7,"Fletcher, Drew",1000357758,Right,CAR_EAG,"Long, Ryan",10089030,Left,CLE_SCC,Undefined,4,Top,0,2,2,Slider,Curveball,FoulBallNotFieldable,Undefined,Undefined,Undefined,0,0,NA,73.3213,2.457094,-1.199852,2253.95537,63.731174,08:00:00,4.86669,3.29428,5.29889,-56.01661,-2.49504,-8.60044,2.50749,1.45089,66.95065,-7.750421,-2.72594,0.526545,52.33028,36.104555,149.449109,3778.160191,NA,NA,NA,NA,31.23169,NA,NA,3.96559,-1.51205,-3.17852,50,5.04925,2.54568,-106.30196,2.76017,4.50611,19.40459,-33.8922,CAR_EAG,CLE_SCC,CarsonNewman,TeamExclusive,Team,20251004-CarsonNewman-Private-2,a01a5bb0-a146-11f0-8e17-f9dcdb0ff224,71.58442,21.12428,NA,6.37066,NA,NA,NA,1.88211,2.61464,-1.45678,aa1485ac-9891-46a2-85a3-6504a17cc3e8,2025-10-04,17:21:54,2025-10-04T17:21:54Z,2025-10-04T17:21:54Z,NA,v3,CNE,CSCC,NA,"Van Ness, Jameson",1000370206,Right,CAR_EAG,fbb28a8a-3b1f-4891-82b1-ec844205cd28,55.20425,-107.24775,9.70229,4.87446,4.41209,-16.9461,-3.29724,2.32605,2.25306,327.50883,1.88211,-53.40199,1.48124,0.30592,-0.12301,0.03862,-0.00381,-0.00344,0.00283,2.61464,45.22631,-22.62251,2.03108,-0.42219,0.06415,0.00539,-0.02247,0.01239,-1.45678,31.5201,-4.23633,0.92863,-0.19448,0.02702,0.00977,-0.02205,0.01154,NA,NA,NA,NA,NA,NA,NA,NA,NA,NA,NA,NA,NA,NA,NA,NA,NA,NA,NA,NA,NA,NA,High,High,High,High,Undefined,NA,NA,NA,94.961829,72.621564,673.215074,0.298682,09:15:00,-0.941053,0.338203,-0.006129,10.219638,40.085557,-2.653694,-0.179395,132.310946,-0.662233,-46.677691,0.662233,-0.727506,0.179395,15.157296,-10.334517,0.727506,-0.727506,-132.310946,10.334517,0.179395,46.677691,-15.157296,-0.179395,0.727506,0.662233,-0.662233,NA,NA,NA,NA,NA,NA,NA,NA,NA,NA,NA,NA
NA,NA,NA,NA,NA,NA,NA,NA,NA,NA,NA,NA,NA,NA,NA,NA,134,2025-10-04,13:22:21,2,8,"Fletcher, Drew",1000357758,Right,CAR_EAG,"Long, Ryan",10089030,Left,CLE_SCC,Undefined,4,Top,0,2,2,Fastball,Sinker,BallCalled,Undefined,Undefined,Undefined,0,0,NA,87.80588,-1.961739,-4.223982,2111.442492,254.962224,02:30:00,5.2107,2.63906,5.9016,-30.9045,5.41575,15.91481,0.80844,0.03677,80.65654,-7.661711,-1.372885,0.433756,NA,NA,NA,NA,NA,NA,NA,NA,NA,NA,NA,-9.28449,3.6663,-2.30777,50,5.03474,8.7356,-127.23233,-5.42877,-15.25195,25.57837,-26.1513,CAR_EAG,CLE_SCC,CarsonNewman,TeamExclusive,Team,20251004-CarsonNewman-Private-2,b034fa50-a146-11f0-8e17-f9dcdb0ff224,86.89774,NA,NA,7.14933,NA,NA,NA,NA,NA,NA,aa1485ac-9891-46a2-85a3-6504a17cc3e8,2025-10-04,17:22:21,2025-10-04T17:22:21Z,2025-10-04T17:22:21Z,NA,v3,CNE,CSCC,NA,"Van Ness, Jameson",1000370206,Right,CAR_EAG,f950b5de-3cd3-496d-b327-0c5802ed3a84,54.60115,-128.15399,12.78919,5.21338,-4.48646,-13.07565,-2.63244,9.28517,-7.62597,NA,NA,NA,NA,NA,NA,NA,NA,NA,NA,NA,NA,NA,NA,NA,NA,NA,NA,NA,NA,NA,NA,NA,NA,NA,NA,NA,NA,NA,NA,NA,NA,NA,NA,NA,NA,NA,NA,NA,NA,NA,NA,NA,NA,NA,NA,NA,NA,NA,NA,High,High,High,NA,NA,NA,NA,NA,233.448815,23.83491,1931.365205,0.914714,01:45:00,-0.417807,-0.748215,-0.515375,41.230491,42.47171,23.118826,0.946344,151.852178,-0.284941,8.768946,0.284941,-0.15245,-0.946344,73.243122,71.145849,0.15245,0.15245,-151.852178,-71.145849,0.946344,-8.768946,-73.243122,-0.946344,-0.15245,0.284941,-0.284941,NA,NA,NA,NA,NA,NA,NA,NA,NA,NA,NA,NA
NA,NA,NA,NA,NA,NA,NA,NA,NA,NA,NA,NA,NA,NA,NA,NA,135,2025-10-04,13:22:42,2,9,"Fletcher, Drew",1000357758,Right,CAR_EAG,"Long, Ryan",10089030,Left,CLE_SCC,Undefined,4,Top,0,3,2,Fastball,Changeup,InPlay,Undefined,GroundBall,Error,0,0,NA,85.49551,-0.824655,-4.029589,1976.041705,257.853941,02:30:00,5.02756,2.6446,5.72115,-33.37923,4.98689,17.80592,1.47582,0.36861,78.74525,-6.960533,-0.850156,0.445805,90.95772,-4.908857,-6.55328,NA,NA,NA,NA,18.98026,18.7445,-7.338835,0.130482,-10.16351,3.0839,-2.31871,50,4.93761,8.01531,-124.01399,-2.93523,-15.92306,23.40496,-27.34252,CAR_EAG,CLE_SCC,CarsonNewman,TeamExclusive,Team,20251004-CarsonNewman-Private-2,bc95c540-a146-11f0-8e17-f9dcdb0ff224,84.54908,1.55326,NA,6.75027,NA,NA,NA,1.85859,1.55326,-0.40566,aa1485ac-9891-46a2-85a3-6504a17cc3e8,2025-10-04,17:22:42,2025-10-04T17:22:42Z,2025-10-04T17:22:42Z,GroundBall,v3,CNE,CSCC,NA,"Van Ness, Jameson",1000370206,Right,CAR_EAG,b875270f-b7ac-4f8a-abdd-8bb239f5c826,54.78329,-124.91347,11.70248,5.03023,-1.88443,-13.67126,-2.63851,8.62725,-7.96153,159.248091,1.85885,132.021,-15.31331,NA,NA,NA,NA,NA,NA,1.55312,-11.40122,-3.84433,NA,NA,NA,NA,NA,NA,-0.40559,-15.1757,-2.27842,NA,NA,NA,NA,NA,NA,NA,NA,NA,NA,NA,NA,NA,NA,NA,NA,NA,NA,NA,NA,NA,NA,NA,NA,NA,NA,NA,NA,High,High,High,High,High,NA,NA,NA,239.623472,18.262579,1876.509172,0.94963,02:00:00,-0.334548,-0.823691,-0.457832,53.225996,47.767473,41.965718,0.953343,138.907676,-0.22752,11.444845,0.22752,-0.198425,-0.953343,76.577165,72.428843,0.198425,0.198425,-138.907676,-72.428843,0.953343,-11.444845,-76.577165,-0.953343,-0.198425,0.22752,-0.22752,NA,NA,NA,NA,NA,NA,NA,NA,NA,NA,NA,NA
NA,NA,NA,NA,NA,NA,NA,NA,NA,NA,NA,NA,NA,NA,NA,NA,136,2025-10-04,13:23:27,3,1,"Fletcher, Drew",1000357758,Right,CAR_EAG,"Christopher, Conner",10087004,Right,CLE_SCC,Undefined,4,Top,0,0,0,Fastball,Changeup,InPlay,Undefined,GroundBall,Out,2,1,NA,86.06761,-0.593949,-4.743941,2028.162716,250.722833,02:15:00,5.15455,2.89771,5.97974,-30.52423,6.83225,16.48025,2.05837,-0.13665,79.55374,-6.235589,-1.793068,0.4399,75.99933,-34.181293,8.633,NA,NA,NA,NA,3.79137,3.79137,9.036519,0.031779,-9.67733,3.97441,-2.53115,50,5.09026,9.7132,-124.83366,-2.29887,-15.44822,22.39337,-25.8296,CAR_EAG,CLE_SCC,CarsonNewman,TeamExclusive,Team,20251004-CarsonNewman-Private-2,d7b8a3b0-a146-11f0-8e17-f9dcdb0ff224,85.68405,1.99499,NA,6.51387,NA,NA,NA,0.84,1.99499,0.15454,aa1485ac-9891-46a2-85a3-6504a17cc3e8,2025-10-04,17:23:27,2025-10-04T17:23:27Z,2025-10-04T17:23:27Z,GroundBall,v3,CNE,CSCC,NA,"Van Ness, Jameson",1000370206,Right,CAR_EAG,5213b4c1-020f-4ad0-afd8-a7d850c011dd,54.52494,-125.64275,11.19668,5.15646,-1.36563,-12.9148,-2.89218,10.27136,-7.72411,NA,0.83885,91.39111,NA,NA,NA,NA,NA,NA,NA,1.99577,-62.77698,NA,NA,NA,NA,NA,NA,NA,0.15437,13.87545,NA,NA,NA,NA,NA,NA,NA,NA,NA,NA,NA,NA,NA,NA,NA,NA,NA,NA,NA,NA,NA,NA,NA,NA,NA,NA,NA,NA,NA,High,High,High,Estimated,Estimated,NA,NA,NA,239.39995,15.737777,1952.133229,0.962513,02:00:00,-0.302254,-0.831242,-0.466561,31.568006,40.818426,19.604016,0.958231,154.756236,-0.258684,7.005758,0.258684,-0.121969,-0.958231,74.892533,73.381567,0.121969,0.121969,-154.756236,-73.381567,0.958231,-7.005758,-74.892533,-0.958231,-0.121969,0.258684,-0.258684,NA,NA,NA,NA,NA,NA,NA,NA,NA,NA,NA,NA
NA,NA,NA,NA,NA,NA,NA,NA,NA,NA,NA,NA,NA,NA,NA,NA,137,2025-10-04,13:24:00,4,1,"Fletcher, Drew",1000357758,Right,CAR_EAG,"Bryson, Logan",824447,Right,CLE_SCC,Undefined,4,Top,2,0,0,Slider,Curveball,FoulBallNotFieldable,Undefined,Undefined,Undefined,0,0,NA,76.47945,0.501118,-2.778094,2282.687589,85.2558,08:45:00,4.72661,2.97489,5.65916,-46.74432,0.51764,-7.52335,1.29915,-0.24493,71.86784,-7.988409,-4.120583,0.494797,58.58921,61.636943,56.473071,5003.364174,NA,NA,NA,124.62029,47.34785,66.801578,4.398639,3.26732,0.43532,-2.73446,50,4.73862,5.66262,-111.24312,-0.49724,4.18031,16.02441,-31.61709,CAR_EAG,CLE_SCC,CarsonNewman,TeamExclusive,Team,20251004-CarsonNewman-Private-2,eb1af340-a146-11f0-8e17-f9dcdb0ff224,76.17756,77.29702,NA,4.61161,NA,NA,NA,2.46872,1.56145,0.13604,aa1485ac-9891-46a2-85a3-6504a17cc3e8,2025-10-04,17:24:00,2025-10-04T17:24:00Z,2025-10-04T17:24:00Z,Popup,v3,CNE,CSCC,NA,"Van Ness, Jameson",1000370206,Right,CAR_EAG,b9985dbd-5c6c-441b-947a-b33de7d0d018,54.84712,-111.93916,8.01221,4.73039,0.8761,-15.80855,-2.97648,5.48104,2.09015,200.788969,2.46983,22.50268,-7.95445,1.93157,0.30503,-0.44849,0.15919,-0.02527,0.00153,1.55761,75.70207,-21.95136,2.41088,-0.74803,0.1819,-0.01674,-0.00184,3.2e-4,0.1356,34.03845,-4.05663,0.93231,-0.14677,0.01145,-1e-4,1.7e-4,-3e-5,NA,NA,NA,NA,NA,NA,NA,NA,NA,NA,NA,NA,NA,NA,NA,NA,NA,NA,NA,NA,NA,NA,High,High,High,High,Low,NA,NA,NA,155.870607,82.444108,300.158089,0.131493,11:15:00,-0.995461,0.062422,-0.071841,-9.841547,28.743543,-0.181912,-0.151051,121.975155,-0.523475,-56.98675,0.523475,-0.838545,0.151051,16.095753,-8.68786,0.838545,-0.838545,-121.975155,8.68786,0.151051,56.98675,-16.095753,-0.151051,0.838545,0.523475,-0.523475,NA,NA,NA,NA,NA,NA,NA,NA,NA,NA,NA,NA
NA,NA,NA,NA,NA,NA,NA,NA,NA,NA,NA,NA,NA,NA,NA,NA,138,2025-10-04,13:24:25,4,2,"Fletcher, Drew",1000357758,Right,CAR_EAG,"Bryson, Logan",824447,Right,CLE_SCC,Undefined,4,Top,2,0,1,Slider,Curveball,InPlay,Undefined,FlyBall,Out,1,0,NA,76.00948,2.259832,-3.128285,2261.462862,69.374926,08:15:00,4.6102,2.8634,5.58206,-49.46101,-0.65024,-5.48292,2.60325,-0.51805,70.10999,-6.771772,-4.103523,0.502839,90.12269,30.972583,-7.671107,NA,109.50807,59.48293,-10.38914,346.94855,345.15545,-3.14689,4.958777,1.97449,-0.56122,-2.59032,50,4.7721,6.2253,-110.25491,2.78613,2.443,18.65569,-32.86844,CAR_EAG,CLE_SCC,CarsonNewman,TeamExclusive,Team,20251004-CarsonNewman-Private-2,f9cc64f0-a146-11f0-8e17-f9dcdb0ff224,74.95922,79.04748,NA,5.8995,NA,NA,NA,2.10897,2.83726,0.49067,aa1485ac-9891-46a2-85a3-6504a17cc3e8,2025-10-04,17:24:25,2025-10-04T17:24:25Z,2025-10-04T17:24:25Z,FlyBall,v3,CNE,CSCC,NA,"Van Ness, Jameson",1000370206,Right,CAR_EAG,dd704121-00ad-45cb-ab5a-2349e372f7e8,54.92234,-111.08467,9.32784,4.61566,4.24804,-16.43422,-2.86479,6.11664,1.2215,200.450382,2.11352,112.22007,-18.77384,3.56703,-0.2244,-0.13212,0.04469,-0.00555,2.5e-4,2.8342,68.08265,-16.73702,0.96654,-0.21944,0.03916,0.00361,-0.00192,1.5e-4,0.48897,-15.09118,6.60716,-1.9029,0.31151,-0.01001,-0.00536,7.8e-4,-3e-5,NA,NA,NA,NA,NA,NA,NA,NA,NA,NA,NA,NA,NA,NA,NA,NA,NA,NA,NA,NA,NA,NA,High,High,High,High,High,NA,NA,NA,146.787501,78.391168,455.071735,0.201229,11:00:00,-0.982172,0.148761,-0.11493,1.04859,44.881845,-3.302407,-0.077603,141.569074,-0.780996,-38.293958,0.780996,-0.619696,0.077603,5.674494,-4.450778,0.619696,-0.619696,-141.569074,4.450778,0.077603,38.293958,-5.674494,-0.077603,0.619696,0.780996,-0.780996,NA,NA,NA,NA,NA,NA,NA,NA,NA,NA,NA,NA
NA,NA,NA,NA,NA,NA,NA,NA,NA,NA,NA,NA,NA,NA,NA,NA,139,2025-10-04,13:26:56,1,1,"Mahan, Riley",10068537,Right,CLE_SCC,"Van Ness, Jameson",1000370206,Right,CAR_EAG,Undefined,4,Bottom,0,0,0,Fastball,Four-Seam,StrikeSwinging,Undefined,Undefined,Undefined,0,0,NA,87.44856,-3.52602,2.133705,2065.22105,140.857834,10:45:00,6.19349,-1.46399,4.86289,-21.37922,16.69355,-12.58627,1.06799,-0.49237,80.22526,-7.453181,-0.08256,0.444098,NA,NA,NA,NA,NA,NA,NA,NA,NA,NA,NA,6.80721,9.56252,1.26498,50,5.82776,-4.13545,-126.57338,-8.58118,11.06824,25.28574,-16.62579,CAR_EAG,CLE_SCC,CarsonNewman,TeamExclusive,Team,20251004-CarsonNewman-Private-2,53f1a260-a147-11f0-8e17-f9dcdb0ff224,84.87415,NA,NA,7.2233,NA,NA,NA,NA,NA,NA,aa1485ac-9891-46a2-85a3-6504a17cc3e8,2025-10-04,17:26:56,2025-10-04T17:26:56Z,2025-10-04T17:26:56Z,NA,v3,CNE,CSCC,NA,"Christopher, Conner",10087004,Right,CLE_SCC,bb0c1c49-d8e6-42a2-9c43-23cd9c2d8122,55.63897,-127.69492,12.64287,6.19202,-7.84375,-8.31289,1.45929,-4.62638,5.53412,NA,NA,NA,NA,NA,NA,NA,NA,NA,NA,NA,NA,NA,NA,NA,NA,NA,NA,NA,NA,NA,NA,NA,NA,NA,NA,NA,NA,NA,NA,NA,NA,NA,NA,NA,NA,NA,NA,NA,NA,NA,NA,NA,NA,NA,NA,NA,NA,NA,NA,High,High,High,NA,NA,NA,NA,NA,137.879656,-9.887186,2034.54788,0.985148,10:30:00,0.157863,0.670038,-0.725347,12.787093,-28.573141,80.227895,-0.254094,164.615511,-0.932523,-14.867701,0.932523,-0.256588,0.254094,15.241954,-14.71992,0.256588,-0.256588,-164.615511,14.71992,0.254094,14.867701,-15.241954,-0.254094,0.256588,0.932523,-0.932523,NA,NA,NA,NA,NA,NA,NA,NA,NA,NA,NA,NA
NA,NA,NA,NA,NA,NA,NA,NA,NA,NA,NA,NA,NA,NA,NA,NA,140,2025-10-04,13:27:12,1,2,"Mahan, Riley",10068537,Right,CLE_SCC,"Van Ness, Jameson",1000370206,Right,CAR_EAG,Undefined,4,Bottom,0,0,1,ChangeUp,Changeup,StrikeSwinging,Undefined,Undefined,Undefined,0,0,NA,81.75088,-1.897594,2.367,1680.427215,121.121527,10:00:00,5.92843,-1.80605,5.07886,-32.9847,10.04867,-14.4278,1.38862,-0.77566,75.29659,-7.903872,-0.185085,0.472143,NA,NA,NA,NA,NA,NA,NA,NA,NA,NA,NA,7.81583,5.90429,1.59353,50,5.72249,-4.29037,-118.5354,-5.09848,11.16351,21.83055,-23.74082,CAR_EAG,CLE_SCC,CarsonNewman,TeamExclusive,Team,20251004-CarsonNewman-Private-2,5d5ef6e0-a147-11f0-8e17-f9dcdb0ff224,79.8326,NA,NA,6.45429,NA,NA,NA,NA,NA,NA,aa1485ac-9891-46a2-85a3-6504a17cc3e8,2025-10-04,17:27:12,2025-10-04T17:27:12Z,2025-10-04T17:27:12Z,NA,v3,CNE,CSCC,NA,"Christopher, Conner",10087004,Right,CLE_SCC,4858b7b7-3c10-4c48-a223-09aa1fc9f5b2,55.42341,-119.53005,10.91527,5.93015,-4.0168,-11.87041,1.8006,-4.79901,5.58176,NA,NA,NA,NA,NA,NA,NA,NA,NA,NA,NA,NA,NA,NA,NA,NA,NA,NA,NA,NA,NA,NA,NA,NA,NA,NA,NA,NA,NA,NA,NA,NA,NA,NA,NA,NA,NA,NA,NA,NA,NA,NA,NA,NA,NA,NA,NA,NA,NA,NA,High,High,High,NA,NA,NA,NA,NA,124.679555,-5.120065,1673.722098,0.99601,10:15:00,0.085425,0.821572,-0.563669,54.009162,57.214294,25.011619,0.458149,127.637913,-0.542809,44.73977,0.542809,-0.703888,-0.458149,40.165463,27.267706,0.703888,0.703888,-127.637913,-27.267706,0.458149,-44.73977,-40.165463,-0.458149,-0.703888,0.542809,-0.542809,NA,NA,NA,NA,NA,NA,NA,NA,NA,NA,NA,NA
NA,NA,NA,NA,NA,NA,NA,NA,NA,NA,NA,NA,NA,NA,NA,NA,141,2025-10-04,13:27:30,1,3,"Mahan, Riley",10068537,Right,CLE_SCC,"Van Ness, Jameson",1000370206,Right,CAR_EAG,Undefined,4,Bottom,0,0,2,Fastball,Sinker,BallCalled,Undefined,Undefined,Undefined,0,0,NA,88.02018,-1.136624,0.21721,2002.726852,125.237595,10:15:00,6.08674,-1.67448,4.5654,-27.58057,10.25788,-12.84698,2.70651,-2.53834,80.70703,-6.14128,-2.034111,0.442729,NA,NA,NA,NA,NA,NA,NA,NA,NA,NA,NA,6.31524,5.66737,1.66468,50,5.94346,0.13921,-127.63637,-3.64607,10.44166,25.70886,-22.80362,CAR_EAG,CLE_SCC,CarsonNewman,TeamExclusive,Team,20251004-CarsonNewman-Private-2,6862f0f0-a147-11f0-8e17-f9dcdb0ff224,85.13659,NA,NA,7.31315,NA,NA,NA,NA,NA,NA,aa1485ac-9891-46a2-85a3-6504a17cc3e8,2025-10-04,17:27:30,2025-10-04T17:27:30Z,2025-10-04T17:27:30Z,NA,v3,CNE,CSCC,NA,"Christopher, Conner",10087004,Right,CLE_SCC,f5191cf1-9258-47a6-aa2d-79e65f541333,55.93576,-128.82642,12.85443,6.0878,-2.59051,-11.40181,1.66943,-0.34412,5.22083,NA,NA,NA,NA,NA,NA,NA,NA,NA,NA,NA,NA,NA,NA,NA,NA,NA,NA,NA,NA,NA,NA,NA,NA,NA,NA,NA,NA,NA,NA,NA,NA,NA,NA,NA,NA,NA,NA,NA,NA,NA,NA,NA,NA,NA,NA,NA,NA,NA,NA,High,High,High,NA,NA,NA,NA,NA,136.290306,-17.880251,1905.995724,0.9517,10:30:00,0.296529,0.66359,-0.686818,11.460216,-29.805612,70.887214,-0.252055,162.767204,-0.924271,-16.659871,0.924271,-0.28669,0.252055,15.254019,-14.599146,0.28669,-0.28669,-162.767204,14.599146,0.252055,16.659871,-15.254019,-0.252055,0.28669,0.924271,-0.924271,NA,NA,NA,NA,NA,NA,NA,NA,NA,NA,NA,NA
NA,NA,NA,NA,NA,NA,NA,NA,NA,NA,NA,NA,NA,NA,NA,NA,142,2025-10-04,13:27:46,1,4,"Mahan, Riley",10068537,Right,CLE_SCC,"Van Ness, Jameson",1000370206,Right,CAR_EAG,Undefined,4,Bottom,0,1,2,ChangeUp,Changeup,InPlay,Undefined,GroundBall,Out,1,0,NA,81.5086,-2.374555,2.19781,1449.09719,132.224522,10:30:00,5.89991,-1.88226,5.23065,-34.66128,8.48583,-7.85201,0.77629,-0.46947,75.08089,-8.683026,0.804317,0.472767,64.55641,-9.449637,-28.993356,NA,NA,NA,NA,9.31508,9.31508,-16.252278,0.068459,4.56973,5.27548,1.68591,50,5.65493,-4.21683,-118.16983,-6.10508,6.46934,22.26713,-24.70561,CAR_EAG,CLE_SCC,CarsonNewman,TeamExclusive,Team,20251004-CarsonNewman-Private-2,71b0d690-a147-11f0-8e17-f9dcdb0ff224,79.72729,1.06596,NA,6.42771,NA,NA,NA,3.34097,1.06596,0.49733,aa1485ac-9891-46a2-85a3-6504a17cc3e8,2025-10-04,17:27:46,2025-10-04T17:27:46Z,2025-10-04T17:27:46Z,GroundBall,v3,CNE,CSCC,NA,"Christopher, Conner",10087004,Right,CLE_SCC,76f280da-f83b-4816-8a13-d7c6377f8676,55.2723,-119.15916,11.13357,5.90179,-5.0074,-12.35281,1.87965,-4.50427,3.23467,NA,3.33948,81.82861,NA,NA,NA,NA,NA,NA,NA,1.06624,-15.57089,NA,NA,NA,NA,NA,NA,NA,0.49816,-45.34594,NA,NA,NA,NA,NA,NA,NA,NA,NA,NA,NA,NA,NA,NA,NA,NA,NA,NA,NA,NA,NA,NA,NA,NA,NA,NA,NA,NA,NA,High,High,High,Estimated,Estimated,NA,NA,NA,130.724472,-1.312962,1448.716731,0.999737,10:15:00,0.016522,0.757956,-0.652097,59.968608,58.098062,20.499639,0.260568,133.364829,-0.662922,44.578244,0.662922,-0.701883,-0.260568,21.457784,15.103752,0.701883,0.701883,-133.364829,-15.103752,0.260568,-44.578244,-21.457784,-0.260568,-0.701883,0.662922,-0.662922,NA,NA,NA,NA,NA,NA,NA,NA,NA,NA,NA,NA
NA,NA,NA,NA,NA,NA,NA,NA,NA,NA,NA,NA,NA,NA,NA,NA,143,2025-10-04,13:28:20,2,1,"Mahan, Riley",10068537,Right,CLE_SCC,"Smith, Braxton",1000370200,Right,CAR_EAG,Undefined,4,Bottom,1,0,0,Slider,Curveball,BallCalled,Undefined,Undefined,Undefined,0,0,NA,72.93272,3.484065,0.263024,2076.339557,306.677312,04:15:00,6.26322,-1.42684,4.72295,-59.79224,-5.01256,8.91556,4.59081,-0.43428,67.08494,-7.264948,1.827944,0.532698,NA,NA,NA,NA,NA,NA,NA,NA,NA,NA,NA,-4.28713,-2.86362,1.39187,50,6.56187,-0.83979,-105.7007,4.34287,-4.87304,17.22232,-35.42904,CAR_EAG,CLE_SCC,CarsonNewman,TeamExclusive,Team,20251004-CarsonNewman-Private-2,861f3ef0-a147-11f0-8e17-f9dcdb0ff224,70.75761,NA,NA,5.84778,NA,NA,NA,NA,NA,NA,aa1485ac-9891-46a2-85a3-6504a17cc3e8,2025-10-04,17:28:20,2025-10-04T17:28:20Z,2025-10-04T17:28:20Z,NA,v3,CNE,CSCC,NA,"Christopher, Conner",10087004,Right,CLE_SCC,d9c58bf6-fe4e-4e1a-b607-ca57ff8f21ef,55.78125,-106.63851,8.61116,6.27286,6.27209,-17.71452,1.43037,-0.57443,-2.43652,NA,NA,NA,NA,NA,NA,NA,NA,NA,NA,NA,NA,NA,NA,NA,NA,NA,NA,NA,NA,NA,NA,NA,NA,NA,NA,NA,NA,NA,NA,NA,NA,NA,NA,NA,NA,NA,NA,NA,NA,NA,NA,NA,NA,NA,NA,NA,NA,NA,NA,High,High,High,NA,NA,NA,NA,NA,344.36884,-52.791051,1255.611373,0.604724,05:30:00,0.78238,-0.211038,0.585956,21.338251,13.440139,-2.530049,0.63315,171.853119,-0.766218,6.297368,0.766218,-0.109689,-0.63315,39.567996,39.282899,0.109689,0.109689,-171.853119,-39.282899,0.63315,-6.297368,-39.567996,-0.63315,-0.109689,0.766218,-0.766218,NA,NA,NA,NA,NA,NA,NA,NA,NA,NA,NA,NA
NA,NA,NA,NA,NA,NA,NA,NA,NA,NA,NA,NA,NA,NA,NA,NA,144,2025-10-04,13:28:35,2,2,"Mahan, Riley",10068537,Right,CLE_SCC,"Smith, Braxton",1000370200,Right,CAR_EAG,Undefined,4,Bottom,1,1,0,Fastball,Sinker,InPlay,Undefined,GroundBall,Single,0,0,NA,87.41202,-2.130981,2.720599,1854.813571,131.005649,10:15:00,6.13369,-1.4989,5.00327,-26.39273,11.67154,-11.95493,1.91936,0.07515,79.72242,-6.972171,0.610986,0.444048,94.41702,0.239492,27.552587,3293.436537,NA,NA,NA,46.80936,44.27518,26.62099,0.343197,6.7515,6.77134,1.24758,50,5.90759,-5.47279,-126.57071,-5.69625,10.90656,26.84249,-21.23547,CAR_EAG,CLE_SCC,CarsonNewman,TeamExclusive,Team,20251004-CarsonNewman-Private-2,8f3c77a0-a147-11f0-8e17-f9dcdb0ff224,84.88366,1.99314,NA,7.6896,NA,NA,NA,1.8612899999999999,1.989,-0.17976,aa1485ac-9891-46a2-85a3-6504a17cc3e8,2025-10-04,17:28:35,2025-10-04T17:28:35Z,2025-10-04T17:28:35Z,GroundBall,v3,CNE,CSCC,NA,"Christopher, Conner",10087004,Right,CLE_SCC,2a3b31c9-3c38-4aef-9e77-2a06947a5eb3,55.49856,-127.73149,13.42124,6.13407,-4.77794,-10.61773,1.49445,-5.94443,5.45328,319.643904,1.86709,122.54624,-17.68527,NA,NA,NA,NA,NA,NA,1.99307,0.42087,-18.18097,NA,NA,NA,NA,NA,NA,-0.178,63.98556,-6.86607,NA,NA,NA,NA,NA,NA,NA,NA,NA,NA,NA,NA,NA,NA,NA,NA,NA,NA,NA,NA,NA,NA,NA,NA,NA,NA,NA,NA,High,High,High,High,High,NA,NA,NA,139.425041,-7.118979,1840.514702,0.992291,10:45:00,0.135507,0.64959,-0.748111,13.845141,-23.339811,76.73631,-0.21099300000000001,161.355161,-0.926188,-18.210178,0.926188,-0.312504,0.21099300000000001,12.833441,-12.180562,0.312504,-0.312504,-161.355161,12.180562,0.21099300000000001,18.210178,-12.833441,-0.21099300000000001,0.312504,0.926188,-0.926188,NA,NA,NA,NA,NA,NA,NA,NA,NA,NA,NA,NA
NA,NA,NA,NA,NA,NA,NA,NA,NA,NA,NA,NA,NA,NA,NA,NA,145,2025-10-04,13:29:17,3,1,"Mahan, Riley",10068537,Right,CLE_SCC,"Gibson, Aiden",10011511,Right,CAR_EAG,Undefined,4,Bottom,1,0,0,ChangeUp,Changeup,BallCalled,Undefined,Undefined,Undefined,0,0,NA,82.4326,-2.015679,1.836905,1497.963217,132.152478,10:30:00,5.7709,-2.02657,5.51299,-30.27628,11.46087,-11.19123,1.36118,-1.2408,75.69989,-7.592216,-0.159044,0.464978,NA,NA,NA,NA,NA,NA,NA,NA,NA,NA,NA,6.14784,6.75241,1.87399,50,5.57478,-3.37652,-119.57569,-5.212,8.9079,22.89386,-22.39019,CAR_EAG,CLE_SCC,CarsonNewman,TeamExclusive,Team,20251004-CarsonNewman-Private-2,a835e660-a147-11f0-8e17-f9dcdb0ff224,81.0628,NA,NA,6.73271,NA,NA,NA,NA,NA,NA,aa1485ac-9891-46a2-85a3-6504a17cc3e8,2025-10-04,17:29:17,2025-10-04T17:29:17Z,2025-10-04T17:29:17Z,NA,v3,CNE,CSCC,NA,"Christopher, Conner",10087004,Right,CLE_SCC,f83ed3b8-2be3-4351-b4c8-4d98b48f6773,54.98802,-120.52691,11.44693,5.772,-4.28172,-11.1951,2.02197,-3.74663,4.45395,NA,NA,NA,NA,NA,NA,NA,NA,NA,NA,NA,NA,NA,NA,NA,NA,NA,NA,NA,NA,NA,NA,NA,NA,NA,NA,NA,NA,NA,NA,NA,NA,NA,NA,NA,NA,NA,NA,NA,NA,NA,NA,NA,NA,NA,NA,NA,NA,NA,NA,High,High,High,NA,NA,NA,NA,NA,128.52641,-2.738545,1496.252481,0.998858,10:15:00,0.040197,0.782625,-0.621195,46.103081,61.107061,14.206248,0.448946,132.838434,-0.607561,40.936606,0.607561,-0.655224,-0.448946,36.461859,26.676056,0.655224,0.655224,-132.838434,-26.676056,0.448946,-40.936606,-36.461859,-0.448946,-0.655224,0.607561,-0.607561,NA,NA,NA,NA,NA,NA,NA,NA,NA,NA,NA,NA
NA,NA,NA,NA,NA,NA,NA,NA,NA,NA,NA,NA,NA,NA,NA,NA,146,2025-10-04,13:29:34,3,2,"Mahan, Riley",10068537,Right,CLE_SCC,"Gibson, Aiden",10011511,Right,CAR_EAG,Undefined,4,Bottom,1,1,0,Fastball,Sinker,StrikeCalled,Undefined,Undefined,Undefined,0,0,NA,87.38869,-1.207012,2.508831,2038.484516,130.473781,10:15:00,5.93486,-1.79533,4.88738,-25.336,12.59686,-13.37465,2.68035,-0.53485,80.12213,-5.849542,0.154147,0.443281,NA,NA,NA,NA,NA,NA,NA,NA,NA,NA,NA,7.25642,6.89233,1.56085,50,5.79535,-4.92718,-126.68183,-3.62702,11.83822,24.93129,-20.92981,CAR_EAG,CLE_SCC,CarsonNewman,TeamExclusive,Team,20251004-CarsonNewman-Private-2,b225d860-a147-11f0-8e17-f9dcdb0ff224,85.03056,NA,NA,7.26657,NA,NA,NA,NA,NA,NA,aa1485ac-9891-46a2-85a3-6504a17cc3e8,2025-10-04,17:29:34,2025-10-04T17:29:34Z,2025-10-04T17:29:34Z,NA,v3,CNE,CSCC,NA,"Christopher, Conner",10087004,Right,CLE_SCC,a9be923a-a28d-457e-bceb-f42ec998b875,55.61401,-127.78191,12.46565,5.93502,-2.70351,-10.46491,1.78978,-5.44953,5.91911,NA,NA,NA,NA,NA,NA,NA,NA,NA,NA,NA,NA,NA,NA,NA,NA,NA,NA,NA,NA,NA,NA,NA,NA,NA,NA,NA,NA,NA,NA,NA,NA,NA,NA,NA,NA,NA,NA,NA,NA,NA,NA,NA,NA,NA,NA,NA,NA,NA,NA,High,High,High,NA,NA,NA,NA,NA,135.117202,-11.772486,1995.605966,0.978965,10:30:00,0.219611,0.69496,-0.684691,17.070916,-29.269369,67.462574,-0.218887,162.18857,-0.928981,-17.365586,0.928981,-0.298468,0.218887,13.258252,-12.643681,0.298468,-0.298468,-162.18857,12.643681,0.218887,17.365586,-13.258252,-0.218887,0.298468,0.928981,-0.928981,NA,NA,NA,NA,NA,NA,NA,NA,NA,NA,NA,NA
NA,NA,NA,NA,NA,NA,NA,NA,NA,NA,NA,NA,NA,NA,NA,NA,147,2025-10-04,13:29:54,3,3,"Mahan, Riley",10068537,Right,CLE_SCC,"Gibson, Aiden",10011511,Right,CAR_EAG,Undefined,4,Bottom,1,1,1,ChangeUp,Changeup,StrikeSwinging,Undefined,Undefined,Undefined,0,0,NA,82.01142,-0.100905,2.065574,1557.392827,100.206072,09:15:00,5.874,-1.66327,5.85017,-37.75352,3.61776,-13.27505,2.63405,-0.84924,75.6328,-7.05243,-0.316581,0.462936,NA,NA,NA,NA,NA,NA,NA,NA,NA,NA,NA,7.33008,2.25996,1.50303,50,5.84361,-3.78317,-119.17989,-1.44526,10.59923,21.75672,-28.90619,CAR_EAG,CLE_SCC,CarsonNewman,TeamExclusive,Team,20251004-CarsonNewman-Private-2,bde4e510-a147-11f0-8e17-f9dcdb0ff224,81.4204,NA,NA,6.37862,NA,NA,NA,NA,NA,NA,aa1485ac-9891-46a2-85a3-6504a17cc3e8,2025-10-04,17:29:54,2025-10-04T17:29:54Z,2025-10-04T17:29:54Z,NA,v3,CNE,CSCC,NA,"Christopher, Conner",10087004,Right,CLE_SCC,1ebda80f-1d3a-4990-ab49-ad8c4343d446,54.65304,-120.02631,10.87836,5.87796,-0.3207,-14.4531,1.65823,-4.19552,5.29962,NA,NA,NA,NA,NA,NA,NA,NA,NA,NA,NA,NA,NA,NA,NA,NA,NA,NA,NA,NA,NA,NA,NA,NA,NA,NA,NA,NA,NA,NA,NA,NA,NA,NA,NA,NA,NA,NA,NA,NA,NA,NA,NA,NA,NA,NA,NA,NA,NA,NA,High,High,High,NA,NA,NA,NA,NA,129.041033,-9.60707,1535.551094,0.985975,10:15:00,0.187818,0.766095,-0.614673,50.411697,76.694042,-9.65175,0.435,137.244887,-0.661152,37.681517,0.661152,-0.611272,-0.435,33.342647,25.785312,0.611272,0.611272,-137.244887,-25.785312,0.435,-37.681517,-33.342647,-0.435,-0.611272,0.661152,-0.661152,NA,NA,NA,NA,NA,NA,NA,NA,NA,NA,NA,NA
NA,NA,NA,NA,NA,NA,NA,NA,NA,NA,NA,NA,NA,NA,NA,NA,148,2025-10-04,13:30:30,3,4,"Mahan, Riley",10068537,Right,CLE_SCC,"Gibson, Aiden",10011511,Right,CAR_EAG,Undefined,4,Bottom,1,1,2,ChangeUp,Curveball,InPlay,Undefined,GroundBall,Double,0,0,NA,73.58486,0.98797,1.469619,2035.749073,315.890699,04:30:00,6.1628,-1.46524,5.01824,-57.01413,-4.25229,5.5317,2.34445,0.38304,68.56484,-9.259358,2.447696,0.522795,83.21678,-1.239297,-45.96949,NA,NA,NA,NA,25.13347,20.88461,-42.587366,0.233767,-2.40425,-1.99701,1.3196,50,6.21074,-2.95013,-106.92075,-0.07401,-2.81189,16.65538,-34.50963,CAR_EAG,CLE_SCC,CarsonNewman,TeamExclusive,Team,20251004-CarsonNewman-Private-2,d3c5f040-a147-11f0-8e17-f9dcdb0ff224,72.09794,2.65548,NA,5.02002,NA,NA,NA,NA,NA,NA,aa1485ac-9891-46a2-85a3-6504a17cc3e8,2025-10-04,17:30:30,2025-10-04T17:30:30Z,2025-10-04T17:30:30Z,GroundBall,v3,CNE,CSCC,NA,"Christopher, Conner",10087004,Right,CLE_SCC,8a60de65-c8fd-45a6-a68d-2dc06ba9a068,55.48756,-107.77217,8.32769,6.16943,1.69012,-17.25482,1.46674,-2.80639,-1.40594,NA,-1.14709,84.90796,-3.57731,NA,NA,NA,NA,NA,NA,2.65722,-2.73785,-36.94497,NA,NA,NA,NA,NA,NA,3.04092,-87.8134,8.73555,NA,NA,NA,NA,NA,NA,NA,NA,NA,NA,NA,NA,NA,NA,NA,NA,NA,NA,NA,NA,NA,NA,NA,NA,NA,NA,NA,NA,High,High,High,Low,Low,NA,NA,NA,339.813819,-55.031635,1166.736781,0.573124,05:15:00,0.801872,-0.211869,0.55867,28.038415,13.865462,2.157985,0.636136,170.247081,-0.760426,7.510327,0.760426,-0.130705,-0.636136,39.914263,39.504302,0.130705,0.130705,-170.247081,-39.504302,0.636136,-7.510327,-39.914263,-0.636136,-0.130705,0.760426,-0.760426,NA,NA,NA,NA,NA,NA,NA,NA,NA,NA,NA,NA
NA,NA,NA,NA,NA,NA,NA,NA,NA,NA,NA,NA,NA,NA,NA,NA,149,2025-10-04,13:31:14,4,1,"Mahan, Riley",10068537,Right,CLE_SCC,"Floyd, Logan",1000148156,Right,CAR_EAG,Undefined,4,Bottom,1,0,0,Fastball,Sinker,StrikeCalled,Undefined,Undefined,Undefined,0,0,NA,89.20839,-1.335543,1.968351,2027.741996,132.467828,10:30:00,6.17303,-1.4724,4.9515,-22.89749,13.34005,-13.36052,3.00192,-0.72505,81.89475,-5.544259,-0.38771,0.433262,NA,NA,NA,NA,NA,NA,NA,NA,NA,NA,NA,7.10398,7.2828,1.29288,50,6.02489,-3.81412,-129.39286,-3.88139,12.1095,25.61844,-19.7597,CAR_EAG,CLE_SCC,CarsonNewman,TeamExclusive,Team,20251004-CarsonNewman-Private-2,ed7122d0-a147-11f0-8e17-f9dcdb0ff224,86.99683,NA,NA,7.31364,NA,NA,NA,NA,NA,NA,aa1485ac-9891-46a2-85a3-6504a17cc3e8,2025-10-04,17:31:14,2025-10-04T17:31:14Z,2025-10-04T17:31:14Z,NA,v3,CNE,CSCC,NA,"Christopher, Conner",10087004,Right,CLE_SCC,04f7c244-7bb6-4129-9d6c-219f07fa19a6,55.5499,-130.48705,12.80922,6.17264,-3.03743,-9.87985,1.46683,-4.33133,6.05475,NA,NA,NA,NA,NA,NA,NA,NA,NA,NA,NA,NA,NA,NA,NA,NA,NA,NA,NA,NA,NA,NA,NA,NA,NA,NA,NA,NA,NA,NA,NA,NA,NA,NA,NA,NA,NA,NA,NA,NA,NA,NA,NA,NA,NA,NA,NA,NA,NA,NA,High,High,High,NA,NA,NA,NA,NA,138.980088,-8.857536,2003.559664,0.988074,10:45:00,0.164345,0.651907,-0.740276,15.335554,-24.043651,63.425874,-0.109765,162.56017,-0.948268,-17.331104,0.948268,-0.297893,0.109765,6.602779,-6.301763,0.297893,-0.297893,-162.56017,6.301763,0.109765,17.331104,-6.602779,-0.109765,0.297893,0.948268,-0.948268,NA,NA,NA,NA,NA,NA,NA,NA,NA,NA,NA,NA
NA,NA,NA,NA,NA,NA,NA,NA,NA,NA,NA,NA,NA,NA,NA,NA,150,2025-10-04,13:31:29,4,2,"Mahan, Riley",10068537,Right,CLE_SCC,"Floyd, Logan",1000148156,Right,CAR_EAG,Undefined,4,Bottom,1,0,1,Fastball,Sinker,BallCalled,Undefined,Undefined,Undefined,0,0,NA,88.76938,-3.36299,3.417396,2052.263122,129.92789200000001,10:15:00,6.10754,-1.41279,4.86005,-24.29084,12.45615,-13.5678,0.89075,0.69511,82.02343,-7.77705,1.031318,0.436297,NA,NA,NA,NA,NA,NA,NA,NA,NA,NA,NA,7.55107,7.32079,1.08761,50,5.75459,-7.0372,-128.48196,-8.50116,12.74977,24.09892,-19.81309,CAR_EAG,CLE_SCC,CarsonNewman,TeamExclusive,Team,20251004-CarsonNewman-Private-2,f70e12d0-a147-11f0-8e17-f9dcdb0ff224,86.39169,NA,NA,6.74594,NA,NA,NA,NA,NA,NA,aa1485ac-9891-46a2-85a3-6504a17cc3e8,2025-10-04,17:31:29,2025-10-04T17:31:29Z,2025-10-04T17:31:29Z,NA,v3,CNE,CSCC,NA,"Christopher, Conner",10087004,Right,CLE_SCC,0afc8ff3-7b0f-4cbe-80b4-959363ff493b,55.64267,-129.53601,12.04946,6.10747,-7.63457,-9.90655,1.4076,-7.59485,6.37489,NA,NA,NA,NA,NA,NA,NA,NA,NA,NA,NA,NA,NA,NA,NA,NA,NA,NA,NA,NA,NA,NA,NA,NA,NA,NA,NA,NA,NA,NA,NA,NA,NA,NA,NA,NA,NA,NA,NA,NA,NA,NA,NA,NA,NA,NA,NA,NA,NA,NA,High,High,High,NA,NA,NA,NA,NA,140.886843,-15.540575,1977.234353,0.963441,10:45:00,0.275953,0.622461,-0.732388,3.555598,-26.399569,78.861473,-0.208932,164.039245,-0.940231,-15.599424,0.940231,-0.26891,0.208932,12.528318,-12.059763,0.26891,-0.26891,-164.039245,12.059763,0.208932,15.599424,-12.528318,-0.208932,0.26891,0.940231,-0.940231,NA,NA,NA,NA,NA,NA,NA,NA,NA,NA,NA,NA
NA,NA,NA,NA,NA,NA,NA,NA,NA,NA,NA,NA,NA,NA,NA,NA,151,2025-10-04,13:31:54,4,3,"Mahan, Riley",10068537,Right,CLE_SCC,"Floyd, Logan",1000148156,Right,CAR_EAG,Undefined,4,Bottom,1,1,1,Slider,Changeup,BallCalled,Undefined,Undefined,Undefined,0,0,NA,82.08377,1.095999,1.2466,1535.357475,136.832454,10:30:00,5.80981,-2.0152,5.68653,-33.49521,7.78272,-6.23563,4.04051,-1.37267,75.93706,-5.07734,0.131918,0.462414,NA,NA,NA,NA,NA,NA,NA,NA,NA,NA,NA,3.47492,4.04622,1.91424,50,5.88095,-2.35136,-119.33611,1.18236,5.0748,20.22762,-26.26492,CAR_EAG,CLE_SCC,CarsonNewman,TeamExclusive,Team,20251004-CarsonNewman-Private-2,05bac990-a148-11f0-8e17-f9dcdb0ff224,81.5124,NA,NA,6.14671,NA,NA,NA,NA,NA,NA,aa1485ac-9891-46a2-85a3-6504a17cc3e8,2025-10-04,17:31:54,2025-10-04T17:31:54Z,2025-10-04T17:31:54Z,NA,v3,CNE,CSCC,NA,"Christopher, Conner",10087004,Right,CLE_SCC,e34b82c4-eec3-42a6-8347-709810152c61,54.8163,-120.14971,10.11381,5.81215,2.23879,-13.13246,2.01292,-2.55548,2.5374,NA,NA,NA,NA,NA,NA,NA,NA,NA,NA,NA,NA,NA,NA,NA,NA,NA,NA,NA,NA,NA,NA,NA,NA,NA,NA,NA,NA,NA,NA,NA,NA,NA,NA,NA,NA,NA,NA,NA,NA,NA,NA,NA,NA,NA,NA,NA,NA,NA,NA,High,High,High,NA,NA,NA,NA,NA,126.564707,-23.711855,1405.741682,0.915579,10:15:00,0.427898,0.727553,-0.536256,-76.803401,-19.315984,15.260702,0.392708,116.6479,-0.412475,55.283117,0.412475,-0.821976,-0.392708,43.593687,23.123098,0.821976,0.821976,-116.6479,-23.123098,0.392708,-55.283117,-43.593687,-0.392708,-0.821976,0.412475,-0.412475,NA,NA,NA,NA,NA,NA,NA,NA,NA,NA,NA,NA
NA,NA,NA,NA,NA,NA,NA,NA,NA,NA,NA,NA,NA,NA,NA,NA,152,2025-10-04,13:32:12,4,4,"Mahan, Riley",10068537,Right,CLE_SCC,"Floyd, Logan",1000148156,Right,CAR_EAG,Undefined,4,Bottom,1,2,1,Slider,Slider,StrikeSwinging,Undefined,Undefined,Undefined,0,0,NA,79.60586,-1.312315,2.539293,2217.029757,225.319406,01:30:00,5.95496,-1.74992,4.83501,-40.79309,4.28449,3.1776,1.31136,0.92111,74.70376,-8.611271,3.098508,0.483228,NA,NA,NA,NA,NA,NA,NA,NA,NA,NA,NA,-1.01823,2.74803,1.49538,50,5.78947,-5.25856,-115.61789,-4.15053,-1.40665,17.39249,-28.37771,CAR_EAG,CLE_SCC,CarsonNewman,TeamExclusive,Team,20251004-CarsonNewman-Private-2,101bcce0-a148-11f0-8e17-f9dcdb0ff224,78.00141,NA,NA,4.9021,NA,NA,NA,NA,NA,NA,aa1485ac-9891-46a2-85a3-6504a17cc3e8,2025-10-04,17:32:12,2025-10-04T17:32:12Z,2025-10-04T17:32:12Z,NA,v3,CNE,CSCC,NA,"Christopher, Conner",10087004,Right,CLE_SCC,faf320f5-6417-489e-ad73-c7fba80dc00a,55.66931,-116.46761,8.69625,5.95838,-2.76412,-14.18886,1.75061,-5.18983,-0.70333,NA,NA,NA,NA,NA,NA,NA,NA,NA,NA,NA,NA,NA,NA,NA,NA,NA,NA,NA,NA,NA,NA,NA,NA,NA,NA,NA,NA,NA,NA,NA,NA,NA,NA,NA,NA,NA,NA,NA,NA,NA,NA,NA,NA,NA,NA,NA,NA,NA,NA,High,High,High,NA,NA,NA,NA,NA,17.419378,-86.090871,151.144354,0.068174,06:30:00,0.993084,0.043252,0.109153,-30.499747,-4.837481,85.713138,-0.900711,163.134381,-0.415733,-7.240635,0.415733,-0.126037,0.900711,65.22382,-64.251732,0.126037,-0.126037,-163.134381,64.251732,0.900711,7.240635,-65.22382,-0.900711,0.126037,0.415733,-0.415733,NA,NA,NA,NA,NA,NA,NA,NA,NA,NA,NA,NA
NA,NA,NA,NA,NA,NA,NA,NA,NA,NA,NA,NA,NA,NA,NA,NA,153,2025-10-04,13:32:33,4,5,"Mahan, Riley",10068537,Right,CLE_SCC,"Floyd, Logan",1000148156,Right,CAR_EAG,Undefined,4,Bottom,1,2,2,Slider,Slider,InPlay,Undefined,LineDrive,Single,0,2,NA,79.13924,-1.162847,1.466751,2284.747933,248.503219,02:15:00,5.99043,-1.77804,4.67244,-42.01431,3.9802399999999998,7.01831,1.38423,0.20027,74.01749,-8.670049,2.699793,0.488118,89.71107,15.244806,-31.604371,2332.817558,90.73122,16.94873,-62.19197,203.1414,170.21774,-38.059606,1.956369,-3.14646,2.53555,1.62177,50,5.83344,-3.23292,-114.96539,-3.89307,-4.27938,18.07398,-28.72551,CAR_EAG,CLE_SCC,CarsonNewman,TeamExclusive,Team,20251004-CarsonNewman-Private-2,1cce8860-a148-11f0-8e17-f9dcdb0ff224,77.21996,16.96489,NA,5.12175,NA,NA,NA,2.40261,1.69994,-0.03543,aa1485ac-9891-46a2-85a3-6504a17cc3e8,2025-10-04,17:32:33,2025-10-04T17:32:33Z,2025-10-04T17:32:33Z,LineDrive,v3,CNE,CSCC,NA,"Christopher, Conner",10087004,Right,CLE_SCC,ee79d942-d97a-444b-b727-2f3a49f62644,55.83263,-115.87873,9.03699,5.99348,-2.44148,-14.36276,1.77968,-3.01667,-2.13969,NA,2.40263,108.11642,-18.62515,3.25533,-0.53509,-0.07272,0.10285,-0.03474,0.00423,1.69994,34.59663,-21.34663,2.29644,-0.45388,0.05781,0.01115,-0.00629,8.4e-4,-0.0354,-66.52916,1.17421,-0.04789,0.30672,-0.37244,0.22933,-0.06965,0.00832,NA,NA,NA,NA,NA,NA,NA,NA,NA,NA,NA,NA,NA,NA,NA,NA,NA,NA,NA,NA,NA,NA,High,High,High,High,High,NA,NA,NA,334.004777,-78.967083,437.238873,0.191373,05:15:00,0.978292,-0.063942,0.197118,-35.463619,3.437058,77.844809,-0.909062,161.605442,-0.395372,-7.555182,0.395372,-0.131481,0.909062,66.494679,-65.376058,0.131481,-0.131481,-161.605442,65.376058,0.909062,7.555182,-66.494679,-0.909062,0.131481,0.395372,-0.395372,NA,NA,NA,NA,NA,NA,NA,NA,NA,NA,NA,NA
NA,NA,NA,NA,NA,NA,NA,NA,NA,NA,NA,NA,NA,NA,NA,NA,154,2025-10-04,13:33:14,5,1,"Mahan, Riley",10068537,Right,CLE_SCC,"Nathan, Cole",1000323259,Right,CAR_EAG,Undefined,4,Bottom,1,0,0,Fastball,Sinker,FoulBallNotFieldable,Undefined,Undefined,Undefined,0,0,NA,89.15325,-1.467314,3.018567,1990.873947,137.746107,10:30:00,5.97365,-1.68692,5.12243,-23.72049,11.98635,-10.00627,2.61257,0.32524,82.76028,-5.805473,1.250723,0.430078,81.41371,46.237422,37.435415,5182.95008,76.02296,87.8194,79.50163,252.01356,100.50281,54.805991,4.908329,5.72823,6.61445,1.41113,50,5.8171,-6.37796,-129.42185,-4.2099,9.87728,22.80181,-20.76863,CAR_EAG,CLE_SCC,CarsonNewman,TeamExclusive,Team,20251004-CarsonNewman-Private-2,35860c20-a148-11f0-8e17-f9dcdb0ff224,87.64098,93.62506,NA,6.39298,NA,NA,NA,1.46261,2.42429,-0.33255,aa1485ac-9891-46a2-85a3-6504a17cc3e8,2025-10-04,17:33:14,2025-10-04T17:33:14Z,2025-10-04T17:33:14Z,FlyBall,v3,CNE,CSCC,NA,"Christopher, Conner",10087004,Right,CLE_SCC,e53bee82-2975-43f8-8df4-ca3b6310c9b0,55.38192,-130.3666,11.40091,5.9737,-3.34939,-10.38431,1.68387,-6.7872,4.93864,219.183341,1.48817,65.09067,-17.04751,2.41604,0.89098,-0.55435,0.10693,-0.00683,-4e-5,2.43899,85.90318,-22.62043,-0.44479,2.11195,-1.14494,0.30828,-0.04131,0.00218,-0.32531,50.02271,0.11854,-2.61431,1.93306,-0.86416,0.22478,-0.0306,0.00167,NA,NA,NA,NA,NA,NA,NA,NA,NA,NA,NA,NA,NA,NA,NA,NA,NA,NA,NA,NA,NA,NA,High,High,High,High,Low,NA,NA,NA,134.712322,-20.654932,1862.904111,0.935722,10:30:00,0.369797,0.673783,-0.639739,30.542832,-35.335487,58.303336,-0.456829,163.252038,-0.851821,-14.852759,0.851821,-0.256336,0.456829,28.204551,-27.182706,0.256336,-0.256336,-163.252038,27.182706,0.456829,14.852759,-28.204551,-0.456829,0.256336,0.851821,-0.851821,NA,NA,NA,NA,NA,NA,NA,NA,NA,NA,NA,NA
NA,NA,NA,NA,NA,NA,NA,NA,NA,NA,NA,NA,NA,NA,NA,NA,155,2025-10-04,13:33:36,5,2,"Mahan, Riley",10068537,Right,CLE_SCC,"Nathan, Cole",1000323259,Right,CAR_EAG,Undefined,4,Bottom,1,0,1,Slider,Curveball,StrikeCalled,Undefined,Undefined,Undefined,0,0,NA,72.9085,3.295484,0.878848,2001.192634,336.577572,05:15:00,6.12123,-1.55637,4.94228,-66.3648,-11.5143,5.75831,3.70923,-0.24584,66.66292,-8.666644,1.894625,0.533042,NA,NA,NA,NA,NA,NA,NA,NA,NA,NA,NA,-2.56484,-6.03252,1.46601,50,6.38675,-1.84757,-105.63034,3.78214,-2.88159,18.93595,-38.95157,CAR_EAG,CLE_SCC,CarsonNewman,TeamExclusive,Team,20251004-CarsonNewman-Private-2,428e61b0-a148-11f0-8e17-f9dcdb0ff224,70.71191,NA,NA,6.24558,NA,NA,NA,NA,NA,NA,aa1485ac-9891-46a2-85a3-6504a17cc3e8,2025-10-04,17:33:36,2025-10-04T17:33:36Z,2025-10-04T17:33:36Z,NA,v3,CNE,CSCC,NA,"Christopher, Conner",10087004,Right,CLE_SCC,d2739d09-31c1-479e-9d9f-2ecd1991a762,55.56231,-106.62282,9.46798,6.13502,5.82367,-19.47578,1.55888,-1.69654,-1.4408,NA,NA,NA,NA,NA,NA,NA,NA,NA,NA,NA,NA,NA,NA,NA,NA,NA,NA,NA,NA,NA,NA,NA,NA,NA,NA,NA,NA,NA,NA,NA,NA,NA,NA,NA,NA,NA,NA,NA,NA,NA,NA,NA,NA,NA,NA,NA,NA,NA,NA,High,High,High,NA,NA,NA,NA,NA,339.306436,-46.070415,1388.375011,0.693774,05:15:00,0.694871,-0.286154,0.65975,34.191974,17.778475,4.309436,0.43813,167.879754,-0.878874,10.87921,0.878874,-0.188739,-0.43813,26.496858,25.984642,0.188739,0.188739,-167.879754,-25.984642,0.43813,-10.87921,-26.496858,-0.43813,-0.188739,0.878874,-0.878874,NA,NA,NA,NA,NA,NA,NA,NA,NA,NA,NA,NA
NA,NA,NA,NA,NA,NA,NA,NA,NA,NA,NA,NA,NA,NA,NA,NA,156,2025-10-04,13:33:55,5,3,"Mahan, Riley",10068537,Right,CLE_SCC,"Nathan, Cole",1000323259,Right,CAR_EAG,Undefined,4,Bottom,1,0,2,Slider,Curveball,BallCalled,Undefined,Undefined,Undefined,0,0,NA,73.988,1.303582,-0.734304,2077.698551,310.257737,04:15:00,6.09927,-1.55447,4.85674,-59.14539,-5.91548,9.0052,2.40477,-1.49916,67.94195,-9.34159,0.854508,0.525109,NA,NA,NA,NA,NA,NA,NA,NA,NA,NA,NA,-4.63288,-2.73843,1.61888,50,6.17741,1.01592,-107.31658,0.36863,-5.38156,19.25547,-35.355,CAR_EAG,CLE_SCC,CarsonNewman,TeamExclusive,Team,20251004-CarsonNewman-Private-2,4db0e040-a148-11f0-8e17-f9dcdb0ff224,71.78025,NA,NA,6.04605,NA,NA,NA,NA,NA,NA,aa1485ac-9891-46a2-85a3-6504a17cc3e8,2025-10-04,17:33:55,2025-10-04T17:33:55Z,2025-10-04T17:33:55Z,NA,v3,CNE,CSCC,NA,"Christopher, Conner",10087004,Right,CLE_SCC,c4096554-d3a8-4a76-8143-da005bc8a706,55.64657,-108.32499,9.62773,6.10962,2.22017,-17.6775,1.5583,1.29775,-2.69078,NA,NA,NA,NA,NA,NA,NA,NA,NA,NA,NA,NA,NA,NA,NA,NA,NA,NA,NA,NA,NA,NA,NA,NA,NA,NA,NA,NA,NA,NA,NA,NA,NA,NA,NA,NA,NA,NA,NA,NA,NA,NA,NA,NA,NA,NA,NA,NA,NA,NA,High,High,High,NA,NA,NA,NA,NA,336.762293,-52.308326,1270.329934,0.611412,05:15:00,0.792755,-0.25917,0.551697,33.895347,20.30399,3.494224,0.535707,167.430231,-0.824165,10.589209,0.824165,-0.183766,-0.535707,33.023834,32.391851,0.183766,0.183766,-167.430231,-32.391851,0.535707,-10.589209,-33.023834,-0.535707,-0.183766,0.824165,-0.824165,NA,NA,NA,NA,NA,NA,NA,NA,NA,NA,NA,NA
NA,NA,NA,NA,NA,NA,NA,NA,NA,NA,NA,NA,NA,NA,NA,NA,157,2025-10-04,13:34:14,5,4,"Mahan, Riley",10068537,Right,CLE_SCC,"Nathan, Cole",1000323259,Right,CAR_EAG,Undefined,4,Bottom,1,1,2,Fastball,Sinker,InPlay,Undefined,GroundBall,Single,0,0,NA,88.45505,-0.708551,2.919971,2047.319779,136.429789,10:30:00,6.08001,-1.41457,5.01297,-23.96348,13.04434,-11.26997,3.41336,0.40474,80.69992,-5.128935,0.933026,0.437843,89.18248,-10.939763,-28.302212,NA,NA,NA,NA,18.16548,17.6132,-26.09057,0.126393,6.44083,7.0165,1.14393,50,5.99303,-6.02207,-128.18304,-2.47443,10.70757,26.6955,-20.50941,CAR_EAG,CLE_SCC,CarsonNewman,TeamExclusive,Team,20251004-CarsonNewman-Private-2,59427450-a148-11f0-8e17-f9dcdb0ff224,86.08669,3.46216,NA,7.75513,NA,NA,NA,2.33175,3.46216,-0.3689,aa1485ac-9891-46a2-85a3-6504a17cc3e8,2025-10-04,17:34:14,2025-10-04T17:34:14Z,2025-10-04T17:34:14Z,GroundBall,v3,CNE,CSCC,NA,"Christopher, Conner",10087004,Right,CLE_SCC,98e52432-96cb-4963-8379-8869e890db9c,55.48913,-129.32116,13.34775,6.07989,-1.60005,-10.25471,1.4104,-6.47857,5.35378,33.139797,2.33198,113.04774,-19.16782,NA,NA,NA,NA,NA,NA,3.46243,-24.85134,-20.13561,NA,NA,NA,NA,NA,NA,-0.3689,-60.88859,4.74182,NA,NA,NA,NA,NA,NA,NA,NA,NA,NA,NA,NA,NA,NA,NA,NA,NA,NA,NA,NA,NA,NA,NA,NA,NA,NA,NA,NA,High,High,High,High,High,NA,NA,NA,136.663184,-21.665225,1902.690589,0.929357,10:30:00,0.39523200000000003,0.642321,-0.65667,27.561356,-35.004765,52.70751,-0.381919,165.082577,-0.893049,-13.763377,0.893049,-0.237913,0.381919,23.154321,-22.452577,0.237913,-0.237913,-165.082577,22.452577,0.381919,13.763377,-23.154321,-0.381919,0.237913,0.893049,-0.893049,NA,NA,NA,NA,NA,NA,NA,NA,NA,NA,NA,NA
NA,NA,NA,NA,NA,NA,NA,NA,NA,NA,NA,NA,NA,NA,NA,NA,158,2025-10-04,13:35:26,6,1,"Mahan, Riley",10068537,Right,CLE_SCC,"Pierce, Johno",10069844,Right,CAR_EAG,Undefined,4,Bottom,1,0,0,Fastball,Sinker,InPlay,Undefined,LineDrive,Single,0,1,NA,89.06278,-0.885778,3.047675,2006.390622,135.897956,10:30:00,6.0860900000000004,-1.54926,5.2727,-23.59297,13.00044,-11.32052,3.28671,0.37288,80.32944,-5.283286,1.04243,0.435384,87.48046,9.939121,-5.688402,2828.598051,109.6456,7.97159,-8.8223,152.16558,152.16558,-3.931373,1.419592,6.64217,7.15863,1.27922,50,5.98815,-6.34757,-128.91309,-2.83117,11.02867,30.1288,-20.28786,CAR_EAG,CLE_SCC,CarsonNewman,TeamExclusive,Team,20251004-CarsonNewman-Private-2,83fb09f0-a148-11f0-8e17-f9dcdb0ff224,86.57277,9.9496,NA,8.73334,NA,NA,NA,1.26554,3.27131,-0.3863,aa1485ac-9891-46a2-85a3-6504a17cc3e8,2025-10-04,17:35:26,2025-10-04T17:35:26Z,2025-10-04T17:35:26Z,LineDrive,v3,CNE,CSCC,NA,"Christopher, Conner",10087004,Right,CLE_SCC,04f024b1-8749-4b07-b761-2b152701a1b6,55.2274,-130.12907,15.0644,6.08589,-2.01237,-10.14393,1.54438,-6.79268,5.51433,278.212656,1.26554,125.7565,-16.67541,2.5776,-0.55269,0.10993,-0.02157,0.00371,-3.5e-4,3.27131,22.14557,-19.40784,1.93418,-0.37437,0.08567,-0.01585,0.00253,-2.5e-4,-0.3863,-12.52646,4.31071,-0.45511,0.10793,-0.01971,0.00411,-7.4e-4,7e-5,NA,NA,NA,NA,NA,NA,NA,NA,NA,NA,NA,NA,NA,NA,NA,NA,NA,NA,NA,NA,NA,NA,High,High,High,High,High,NA,NA,NA,136.233853,-13.700396,1949.303758,0.971547,10:30:00,0.26341,0.675617,-0.688591,22.70924,-25.937509,64.60433,-0.313485,158.400938,-0.882915,-20.460042,0.882915,-0.349554,0.313485,19.547771,-18.269397,0.349554,-0.349554,-158.400938,18.269397,0.313485,20.460042,-19.547771,-0.313485,0.349554,0.882915,-0.882915,NA,NA,NA,NA,NA,NA,NA,NA,NA,NA,NA,NA
NA,NA,NA,NA,NA,NA,NA,NA,NA,NA,NA,NA,NA,NA,NA,NA,159,2025-10-04,13:36:04,7,1,"Mahan, Riley",10068537,Right,CLE_SCC,"Soto Diaz, Bradley",1000475324,NA,CAR_EAG,Undefined,4,Bottom,1,0,0,ChangeUp,Changeup,InPlay,Undefined,GroundBall,Single,0,0,NA,82.24353,-0.783103,3.100915,1494.958674,105.711456,09:30:00,5.64343,-2.00863,5.66479,-35.68955,5.98614,-16.62139,1.93795,-0.49932,75.50971,-7.348243,0.13136,0.464636,74.06457,-68.275329,-96.215515,NA,NA,NA,NA,1.64999,1.67624,-9.890651,0.019992,9.34898,3.62579,1.75713,50,5.5544,-5.81163,-119.33889,-2.81715,13.49239,22.8068,-26.94132,CAR_EAG,CLE_SCC,CarsonNewman,TeamExclusive,Team,20251004-CarsonNewman-Private-2,9ab58530-a148-11f0-8e17-f9dcdb0ff224,81.1225,2.02283,NA,6.73382,NA,NA,NA,1.71273,2.02283,0.51783,aa1485ac-9891-46a2-85a3-6504a17cc3e8,2025-10-04,17:36:04,2025-10-04T17:36:04Z,2025-10-04T17:36:04Z,GroundBall,v3,CNE,CSCC,NA,"Christopher, Conner",10087004,Right,CLE_SCC,cd82a40c-7b49-43a4-99e9-600eed2d53de,54.83884,-120.26008,11.4034,5.64621,-1.72896,-13.47066,2.00288,-6.3566,6.7462,NA,1.71277,-4.36495,NA,NA,NA,NA,NA,NA,NA,2.0237,-101.18264,NA,NA,NA,NA,NA,NA,NA,0.51818,-40.07895,NA,NA,NA,NA,NA,NA,NA,NA,NA,NA,NA,NA,NA,NA,NA,NA,NA,NA,NA,NA,NA,NA,NA,NA,NA,NA,NA,NA,NA,High,High,High,Low,Low,NA,NA,NA,122.765367,-10.427422,1470.269374,0.983485,10:00:00,0.198214,0.829403,-0.522304,-86.154915,-28.549166,41.266269,0.362013,118.042356,-0.438237,55.359652,0.438237,-0.822736,-0.362013,39.558952,21.223858,0.822736,0.822736,-118.042356,-21.223858,0.362013,-55.359652,-39.558952,-0.362013,-0.822736,0.438237,-0.438237,NA,NA,NA,NA,NA,NA,NA,NA,NA,NA,NA,NA
NA,NA,NA,NA,NA,NA,NA,NA,NA,NA,NA,NA,NA,NA,NA,NA,160,2025-10-04,13:36:41,8,1,"Mahan, Riley",10068537,Right,CLE_SCC,"Benner, Seth",1000370212,Right,CAR_EAG,Undefined,4,Bottom,1,0,0,Fastball,Changeup,BallCalled,Undefined,Undefined,Undefined,0,0,NA,86.71516,-2.063182,3.434951,2122.228505,104.920005,09:30:00,5.75479,-1.93188,4.94342,-32.65443,5.8278,-17.41269,1.07934,-0.13271,79.84856,-7.974045,0.365515,0.446479,NA,NA,NA,NA,NA,NA,NA,NA,NA,NA,NA,9.53595,3.78225,1.61299,50,5.52693,-6.74853,-125.61553,-5.80476,15.30864,24.32012,-26.1022,CAR_EAG,CLE_SCC,CarsonNewman,TeamExclusive,Team,20251004-CarsonNewman-Private-2,b0b0f630-a148-11f0-8e17-f9dcdb0ff224,84.42147,NA,NA,6.8666,NA,NA,NA,NA,NA,NA,aa1485ac-9891-46a2-85a3-6504a17cc3e8,2025-10-04,17:36:41,2025-10-04T17:36:41Z,2025-10-04T17:36:41Z,NA,v3,CNE,CSCC,NA,"Christopher, Conner",10087004,Right,CLE_SCC,d0016fb5-9484-4212-9f70-cba61f6fbc6f,55.5599,-126.6874,12.16006,5.75741,-4.65435,-13.0511,1.92529,-7.42324,7.65432,NA,NA,NA,NA,NA,NA,NA,NA,NA,NA,NA,NA,NA,NA,NA,NA,NA,NA,NA,NA,NA,NA,NA,NA,NA,NA,NA,NA,NA,NA,NA,NA,NA,NA,NA,NA,NA,NA,NA,NA,NA,NA,NA,NA,NA,NA,NA,NA,NA,NA,High,High,High,NA,NA,NA,NA,NA,127.125287,-9.86845,2090.827695,0.985204,10:15:00,0.178366,0.791181,-0.584994,-58.669732,21.056426,-62.536509,-0.368159,92.923361,-0.047418,-68.210373,0.047418,-0.928553,0.368159,82.66083,-21.602099,0.928553,-0.928553,-92.923361,21.602099,0.368159,68.210373,-82.66083,-0.368159,0.928553,0.047418,-0.047418,NA,NA,NA,NA,NA,NA,NA,NA,NA,NA,NA,NA
NA,NA,NA,NA,NA,NA,NA,NA,NA,NA,NA,NA,NA,NA,NA,NA,161,2025-10-04,13:37:00,8,2,"Mahan, Riley",10068537,Right,CLE_SCC,"Benner, Seth",1000370212,Right,CAR_EAG,Undefined,4,Bottom,1,1,0,Fastball,Changeup,FoulBallNotFieldable,Undefined,Undefined,Undefined,0,0,NA,82.05588,0.49555,3.009759,1463.325721,116.236684,09:45:00,5.74673,-2.16865,5.83755,-34.73297,7.14079,-11.65414,3.31357,-0.33973,74.65655,-5.953411,0.923042,0.465739,66.90782,-4.988046,-49.845674,4611.062619,NA,NA,NA,30.66643,30.66643,-47.224322,0.302795,6.88882,3.88654,1.93012,50,5.76669,-5.80741,-119.01175,-0.07445,9.81423,24.26373,-26.63706,CAR_EAG,CLE_SCC,CarsonNewman,TeamExclusive,Team,20251004-CarsonNewman-Private-2,bbc08900-a148-11f0-8e17-f9dcdb0ff224,80.93045,3.7888,NA,7.39932,NA,NA,NA,2.78497,3.7888,0.11887,aa1485ac-9891-46a2-85a3-6504a17cc3e8,2025-10-04,17:37:00,2025-10-04T17:37:00Z,2025-10-04T17:37:00Z,GroundBall,v3,CNE,CSCC,NA,"Christopher, Conner",10087004,Right,CLE_SCC,959948ad-6f6d-4a94-8a3f-79c6cd6fd2b0,54.66471,-119.95901,12.13186,5.7493,0.96546,-13.31853,2.16432,-6.19056,4.90712,NA,2.7863,62.98195,-11.25321,NA,NA,NA,NA,NA,NA,3.78942,-8.55951,-13.06934,NA,NA,NA,NA,NA,NA,0.11949,-74.74594,0.03172,NA,NA,NA,NA,NA,NA,NA,NA,NA,NA,NA,NA,NA,NA,NA,NA,NA,NA,NA,NA,NA,NA,NA,NA,NA,NA,NA,NA,High,High,High,High,High,NA,NA,NA,124.884608,-12.812989,1426.8876,0.975099,10:15:00,0.257646,0.797931,-0.544908,-85.881673,-28.228825,32.562972,0.311924,120.065934,-0.476,55.312645,0.476,-0.82227,-0.311924,33.236912,18.175212,0.82227,0.82227,-120.065934,-18.175212,0.311924,-55.312645,-33.236912,-0.311924,-0.82227,0.476,-0.476,NA,NA,NA,NA,NA,NA,NA,NA,NA,NA,NA,NA
NA,NA,NA,NA,NA,NA,NA,NA,NA,NA,NA,NA,NA,NA,NA,NA,162,2025-10-04,13:37:23,8,3,"Mahan, Riley",10068537,Right,CLE_SCC,"Benner, Seth",1000370212,Right,CAR_EAG,Undefined,4,Bottom,1,1,1,Slider,Slider,BallCalled,Undefined,Undefined,Undefined,0,0,NA,79.66926,1.22255,3.093466,2364.295776,332.58623,05:00:00,5.94721,-1.76241,4.7082,-50.56018,-4.29748,2.9941,2.89617,1.42626,72.97789,-7.857324,3.618298,0.489539,NA,NA,NA,NA,NA,NA,NA,NA,NA,NA,NA,-0.57709,-1.97854,1.44606,50,6.02586,-6.36484,-115.35763,0.52876,-0.77555,21.99402,-34.83304,CAR_EAG,CLE_SCC,CarsonNewman,TeamExclusive,Team,20251004-CarsonNewman-Private-2,c9b3dad0-a148-11f0-8e17-f9dcdb0ff224,76.99585,NA,NA,6.69137,NA,NA,NA,NA,NA,NA,aa1485ac-9891-46a2-85a3-6504a17cc3e8,2025-10-04,17:37:23,2025-10-04T17:37:23Z,2025-10-04T17:37:23Z,NA,v3,CNE,CSCC,NA,"Christopher, Conner",10087004,Right,CLE_SCC,7d911979-11cc-4015-a26a-f4ba056b54da,55.79394,-116.45706,10.99701,5.95591,2.26998,-17.41652,1.76325,-6.32607,-0.38778,NA,NA,NA,NA,NA,NA,NA,NA,NA,NA,NA,NA,NA,NA,NA,NA,NA,NA,NA,NA,NA,NA,NA,NA,NA,NA,NA,NA,NA,NA,NA,NA,NA,NA,NA,NA,NA,NA,NA,NA,NA,NA,NA,NA,NA,NA,NA,NA,NA,NA,High,High,High,NA,NA,NA,NA,NA,11.990686,-86.378073,149.358374,0.063172,06:30:00,0.993266,-0.008172,0.115564,-40.435475,-8.448279,87.84767,-0.827058,175.341255,-0.56026,-2.616785,0.56026,-0.045656,0.827058,55.885763,-55.797666,0.045656,-0.045656,-175.341255,55.797666,0.827058,2.616785,-55.885763,-0.827058,0.045656,0.56026,-0.56026,NA,NA,NA,NA,NA,NA,NA,NA,NA,NA,NA,NA
NA,NA,NA,NA,NA,NA,NA,NA,NA,NA,NA,NA,NA,NA,NA,NA,163,2025-10-04,13:37:42,8,4,"Mahan, Riley",10068537,Right,CLE_SCC,"Benner, Seth",1000370212,Right,CAR_EAG,Undefined,4,Bottom,1,2,1,ChangeUp,Changeup,FoulBallNotFieldable,Undefined,Undefined,Undefined,0,0,NA,81.91853,-0.448643,3.314967,1569.5755,96.677662,09:15:00,5.65581,-1.79547,5.5456,-39.09534,3.34465,-16.57694,1.97787,-0.07532,74.82996,-7.62075,0.360454,0.468877,NA,NA,NA,NA,NA,NA,NA,NA,NA,NA,NA,9.40764,2.19721,1.51951,50,5.5908,-6.21832,-118.76808,-2.25994,13.36923,23.82683,-29.05161,CAR_EAG,CLE_SCC,CarsonNewman,TeamExclusive,Team,20251004-CarsonNewman-Private-2,d4e30390-a148-11f0-8e17-f9dcdb0ff224,80.38871,NA,NA,7.08857,NA,NA,NA,NA,NA,NA,aa1485ac-9891-46a2-85a3-6504a17cc3e8,2025-10-04,17:37:42,2025-10-04T17:37:42Z,2025-10-04T17:37:42Z,NA,v3,CNE,CSCC,NA,"Christopher, Conner",10087004,Right,CLE_SCC,0a559326-be42-43d0-b35b-d4a23e730e4f,54.95778,-119.75856,11.91342,5.65965,-1.05227,-14.5258,1.78956,-6.77408,6.68462,NA,NA,NA,NA,NA,NA,NA,NA,NA,NA,NA,NA,NA,NA,NA,NA,NA,NA,NA,NA,NA,NA,NA,NA,NA,NA,NA,NA,NA,NA,NA,NA,NA,NA,NA,NA,NA,NA,NA,NA,NA,NA,NA,NA,NA,NA,NA,NA,NA,NA,High,High,High,NA,NA,NA,NA,NA,124.648831,-12.335535,1533.339123,0.976913,10:15:00,0.239107,0.805308,-0.542501,67.949114,55.67831,21.110391,0.359443,127.826197,-0.572282,47.483695,0.572282,-0.737085,-0.359443,32.132409,21.065987,0.737085,0.737085,-127.826197,-21.065987,0.359443,-47.483695,-32.132409,-0.359443,-0.737085,0.572282,-0.572282,NA,NA,NA,NA,NA,NA,NA,NA,NA,NA,NA,NA
NA,NA,NA,NA,NA,NA,NA,NA,NA,NA,NA,NA,NA,NA,NA,NA,164,2025-10-04,13:38:03,8,5,"Mahan, Riley",10068537,Right,CLE_SCC,"Benner, Seth",1000370212,Right,CAR_EAG,Undefined,4,Bottom,1,2,2,Fastball,Changeup,BallCalled,Undefined,Undefined,Undefined,0,0,NA,85.76517,0.949557,1.912197,1905.267506,106.580414,09:30:00,5.62294,-2.2268,5.53994,-33.10829,5.16016,-13.53367,3.75203,-1.56666,78.83256,-5.138028,-0.50025,0.445237,NA,NA,NA,NA,NA,NA,NA,NA,NA,NA,NA,7.33323,2.70914,2.07011,50,5.6833,-3.58611,-124.57079,0.88959,11.59408,23.58147,-27.89086,CAR_EAG,CLE_SCC,CarsonNewman,TeamExclusive,Team,20251004-CarsonNewman-Private-2,e14c0be0-a148-11f0-8e17-f9dcdb0ff224,84.65694,NA,NA,6.93261,NA,NA,NA,NA,NA,NA,aa1485ac-9891-46a2-85a3-6504a17cc3e8,2025-10-04,17:38:03,2025-10-04T17:38:03Z,2025-10-04T17:38:03Z,NA,v3,CNE,CSCC,NA,"Christopher, Conner",10087004,Right,CLE_SCC,92572197-1da1-4f61-a772-38098e54d3fc,54.96294,-125.50677,11.79073,5.62602,1.99661,-13.94543,2.22158,-4.04629,5.79704,NA,NA,NA,NA,NA,NA,NA,NA,NA,NA,NA,NA,NA,NA,NA,NA,NA,NA,NA,NA,NA,NA,NA,NA,NA,NA,NA,NA,NA,NA,NA,NA,NA,NA,NA,NA,NA,NA,NA,NA,NA,NA,NA,NA,NA,NA,NA,NA,NA,NA,High,High,High,NA,NA,NA,NA,NA,125.835675,-27.895233,1683.884111,0.883805,10:15:00,0.496665,0.708648,-0.501141,-77.696807,37.924843,61.982744,-0.151897,94.32147,-0.074478,-80.260242,0.074478,-0.985586,0.151897,63.880368,-8.736865,0.985586,-0.985586,-94.32147,8.736865,0.151897,80.260242,-63.880368,-0.151897,0.985586,0.074478,-0.074478,NA,NA,NA,NA,NA,NA,NA,NA,NA,NA,NA,NA
NA,NA,NA,NA,NA,NA,NA,NA,NA,NA,NA,NA,NA,NA,NA,NA,165,2025-10-04,13:38:22,8,6,"Mahan, Riley",10068537,Right,CLE_SCC,"Benner, Seth",1000370212,Right,CAR_EAG,Undefined,4,Bottom,1,3,2,ChangeUp,Changeup,StrikeSwinging,Strikeout,Undefined,Undefined,0,0,NA,82.29064,-0.973486,3.885969,1368.711737,106.359094,09:30:00,5.64731,-2.1663,5.49829,-36.99683,4.97488,-12.43761,1.65145,0.43777,75.58028,-7.743007,1.673864,0.466283,NA,NA,NA,NA,NA,NA,NA,NA,NA,NA,NA,7.33977,3.18173,1.83453,50,5.53698,-7.5926,-119.24745,-3.30319,10.58302,22.63863,-27.58639,CAR_EAG,CLE_SCC,CarsonNewman,TeamExclusive,Team,20251004-CarsonNewman-Private-2,ed0aca70-a148-11f0-8e17-f9dcdb0ff224,80.8359,NA,NA,6.71035,NA,NA,NA,NA,NA,NA,aa1485ac-9891-46a2-85a3-6504a17cc3e8,2025-10-04,17:38:22,2025-10-04T17:38:22Z,2025-10-04T17:38:22Z,NA,v3,CNE,CSCC,NA,"Christopher, Conner",10087004,Right,CLE_SCC,787ae5e2-3fb0-4294-a479-baa12e23a27f,55.00398,-120.19368,11.31931,5.65095,-2.15016,-13.79319,2.16112,-8.03494,5.29151,NA,NA,NA,NA,NA,NA,NA,NA,NA,NA,NA,NA,NA,NA,NA,NA,NA,NA,NA,NA,NA,NA,NA,NA,NA,NA,NA,NA,NA,NA,NA,NA,NA,NA,NA,NA,NA,NA,NA,NA,NA,NA,NA,NA,NA,NA,NA,NA,NA,NA,High,High,High,NA,NA,NA,NA,NA,123.757541,-13.393219,1331.487292,0.972803,10:15:00,0.253992,0.812604,-0.52456,69.880543,56.440164,19.091431,0.35921,129.791434,-0.59728,45.815167,0.59728,-0.717095,-0.35921,31.023122,21.05168,0.717095,0.717095,-129.791434,-21.05168,0.35921,-45.815167,-31.023122,-0.35921,-0.717095,0.59728,-0.59728,NA,NA,NA,NA,NA,NA,NA,NA,NA,NA,NA,NA
NA,NA,NA,NA,NA,NA,NA,NA,NA,NA,NA,NA,NA,NA,NA,NA,166,2025-10-04,13:38:47,9,1,"Mahan, Riley",10068537,Right,CLE_SCC,"Wyatt, Jack",10013525,Right,CAR_EAG,Undefined,4,Bottom,2,0,0,Fastball,Changeup,BallCalled,Undefined,Undefined,Undefined,0,0,NA,85.31071,-1.148516,4.118615,1939.900108,105.046119,09:30:00,5.75702,-1.87356,5.24997,-34.08207,5.00666,-14.42761,1.8346,0.80124,78.94338,-7.34225,1.565572,0.449984,NA,NA,NA,NA,NA,NA,NA,NA,NA,NA,NA,8.23493,3.13736,1.50597,50,5.62589,-8.28217,-123.66961,-3.7468,12.89593,22.08089,-27.26089,CAR_EAG,CLE_SCC,CarsonNewman,TeamExclusive,Team,20251004-CarsonNewman-Private-2,fbbcff70-a148-11f0-8e17-f9dcdb0ff224,83.76394,NA,NA,6.3673400000000004,NA,NA,NA,NA,NA,NA,aa1485ac-9891-46a2-85a3-6504a17cc3e8,2025-10-04,17:38:47,2025-10-04T17:38:47Z,2025-10-04T17:38:47Z,NA,v3,CNE,CSCC,NA,"Christopher, Conner",10087004,Right,CLE_SCC,d0c5d370-0157-434a-9ef9-5b3913669578,55.25368,-124.60411,11.04045,5.76005,-2.59307,-13.63045,1.86803,-8.82795,6.44797,NA,NA,NA,NA,NA,NA,NA,NA,NA,NA,NA,NA,NA,NA,NA,NA,NA,NA,NA,NA,NA,NA,NA,NA,NA,NA,NA,NA,NA,NA,NA,NA,NA,NA,NA,NA,NA,NA,NA,NA,NA,NA,NA,NA,NA,NA,NA,NA,NA,NA,High,High,High,NA,NA,NA,NA,NA,129.817918,-21.742239,1801.895103,0.92886,10:15:00,0.397857,0.720723,-0.567687,66.76289,-34.944861,89.84489,-0.266819,91.01686,-0.017103,-74.492385,0.017103,-0.963595,0.266819,86.332325,-15.475057,0.963595,-0.963595,-91.01686,15.475057,0.266819,74.492385,-86.332325,-0.266819,0.963595,0.017103,-0.017103,NA,NA,NA,NA,NA,NA,NA,NA,NA,NA,NA,NA
NA,NA,NA,NA,NA,NA,NA,NA,NA,NA,NA,NA,NA,NA,NA,NA,167,2025-10-04,13:39:03,9,2,"Mahan, Riley",10068537,Right,CLE_SCC,"Wyatt, Jack",10013525,Right,CAR_EAG,Undefined,4,Bottom,2,1,0,Fastball,Sinker,BallCalled,Undefined,Undefined,Undefined,0,0,NA,86.70339,0.33319,2.916592,2125.858067,131.668542,10:30:00,5.95768,-1.69175,4.99676,-24.27072,14.33422,-14.68402,4.25012,-0.15931,78.84654,-4.160339,0.328887,0.447191,NA,NA,NA,NA,NA,NA,NA,NA,NA,NA,NA,8.05894,7.36772,1.42332,50,5.97062,-5.71881,-125.60001,-0.14105,12.84892,25.89213,-20.42715,CAR_EAG,CLE_SCC,CarsonNewman,TeamExclusive,Team,20251004-CarsonNewman-Private-2,05856c40-a149-11f0-8e17-f9dcdb0ff224,84.28717,NA,NA,7.85684,NA,NA,NA,NA,NA,NA,aa1485ac-9891-46a2-85a3-6504a17cc3e8,2025-10-04,17:39:03,2025-10-04T17:39:03Z,2025-10-04T17:39:03Z,NA,v3,CNE,CSCC,NA,"Christopher, Conner",10087004,Right,CLE_SCC,59cf1039-f159-4555-8d1f-92c57ff2bde4,55.50337,-126.72944,12.94606,5.95734,0.74999,-10.21358,1.685,-6.27928,6.42446,NA,NA,NA,NA,NA,NA,NA,NA,NA,NA,NA,NA,NA,NA,NA,NA,NA,NA,NA,NA,NA,NA,NA,NA,NA,NA,NA,NA,NA,NA,NA,NA,NA,NA,NA,NA,NA,NA,NA,NA,NA,NA,NA,NA,NA,NA,NA,NA,NA,NA,High,High,High,NA,NA,NA,NA,NA,134.133738,-20.233261,1994.676502,0.938292,10:30:00,0.382545,0.671405,-0.634724,12.510886,-31.663384,71.347358,-0.34755,160.552847,-0.884167,-18.190803,0.884167,-0.312182,0.34755,21.458898,-20.337542,0.312182,-0.312182,-160.552847,20.337542,0.34755,18.190803,-21.458898,-0.34755,0.312182,0.884167,-0.884167,NA,NA,NA,NA,NA,NA,NA,NA,NA,NA,NA,NA
NA,NA,NA,NA,NA,NA,NA,NA,NA,NA,NA,NA,NA,NA,NA,NA,168,2025-10-04,13:39:21,9,3,"Mahan, Riley",10068537,Right,CLE_SCC,"Wyatt, Jack",10013525,Right,CAR_EAG,Undefined,4,Bottom,2,2,0,Slider,Curveball,BallCalled,Undefined,Undefined,Undefined,0,0,NA,74.0589,0.519372,2.182796,2298.466889,337.403539,05:15:00,6.15886,-1.63147,4.9856,-60.78027,-7.63508,3.9091,1.58468,0.75661,67.9834,-10.413834,2.873861,0.524691,NA,NA,NA,NA,NA,NA,NA,NA,NA,NA,NA,-1.27429,-3.42567,1.41757,50,6.15918,-4.2441700000000004,-107.35391,-1.11879,-1.47391,20.1274,-36.13632,CAR_EAG,CLE_SCC,CarsonNewman,TeamExclusive,Team,20251004-CarsonNewman-Private-2,100f5450-a149-11f0-8e17-f9dcdb0ff224,71.83743,NA,NA,6.0755,NA,NA,NA,NA,NA,NA,aa1485ac-9891-46a2-85a3-6504a17cc3e8,2025-10-04,17:39:21,2025-10-04T17:39:21Z,2025-10-04T17:39:21Z,NA,v3,CNE,CSCC,NA,"Christopher, Conner",10087004,Right,CLE_SCC,e4f17454-bfbf-4866-a88f-c39f5aad7847,55.51795,-108.38351,10.0637,6.16913,0.72974000000000006,-18.06816,1.63275,-4.16877,-0.73696,NA,NA,NA,NA,NA,NA,NA,NA,NA,NA,NA,NA,NA,NA,NA,NA,NA,NA,NA,NA,NA,NA,NA,NA,NA,NA,NA,NA,NA,NA,NA,NA,NA,NA,NA,NA,NA,NA,NA,NA,NA,NA,NA,NA,NA,NA,NA,NA,NA,NA,High,High,High,NA,NA,NA,NA,NA,333.426688,-56.920127,1254.520829,0.545808,05:00:00,0.816464,-0.251748,0.519624,42.210637,25.072177,11.044798,0.461816,164.832633,-0.856078,13.418848,0.856078,-0.232068,-0.461816,28.344881,27.504362,0.232068,0.232068,-164.832633,-27.504362,0.461816,-13.418848,-28.344881,-0.461816,-0.232068,0.856078,-0.856078,NA,NA,NA,NA,NA,NA,NA,NA,NA,NA,NA,NA
NA,NA,NA,NA,NA,NA,NA,NA,NA,NA,NA,NA,NA,NA,NA,NA,169,2025-10-04,13:39:38,9,4,"Mahan, Riley",10068537,Right,CLE_SCC,"Wyatt, Jack",10013525,Right,CAR_EAG,Undefined,4,Bottom,2,3,0,Fastball,Four-Seam,StrikeCalled,Undefined,Undefined,Undefined,0,0,NA,86.98615,-1.137044,2.574834,2199.073913,142.526379,10:45:00,6.02265,-1.79687,5.1872,-23.56049,14.63119,-10.22351,2.98829,-0.2247,79.05201,-5.513522,0.765675,0.444791,NA,NA,NA,NA,NA,NA,NA,NA,NA,NA,NA,5.83516,8.005,1.56557,50,5.89951,-5.2027,-126.00914,-3.32475,9.33221,26.87535,-19.37166,CAR_EAG,CLE_SCC,CarsonNewman,TeamExclusive,Team,20251004-CarsonNewman-Private-2,1a7fe800-a149-11f0-8e17-f9dcdb0ff224,84.74197,NA,NA,7.93415,NA,NA,NA,NA,NA,NA,aa1485ac-9891-46a2-85a3-6504a17cc3e8,2025-10-04,17:39:38,2025-10-04T17:39:38Z,2025-10-04T17:39:38Z,NA,v3,CNE,CSCC,NA,"Christopher, Conner",10087004,Right,CLE_SCC,5f8f4531-75dc-48ed-b827-717d44b62c72,55.31243,-127.13713,13.43768,6.02199,-2.5117,-9.68583,1.79216,-5.59439,4.66611,NA,NA,NA,NA,NA,NA,NA,NA,NA,NA,NA,NA,NA,NA,NA,NA,NA,NA,NA,NA,NA,NA,NA,NA,NA,NA,NA,NA,NA,NA,NA,NA,NA,NA,NA,NA,NA,NA,NA,NA,NA,NA,NA,NA,NA,NA,NA,NA,NA,NA,High,High,High,NA,NA,NA,NA,NA,136.182891,-23.726037,2013.207831,0.91548,10:30:00,0.418989,0.6417,-0.642394,23.552269,-34.711678,46.066155,-0.250877,164.849282,-0.934372,-14.655139,0.934372,-0.253001,0.250877,15.029324,-14.529409,0.253001,-0.253001,-164.849282,14.529409,0.250877,14.655139,-15.029324,-0.250877,0.253001,0.934372,-0.934372,NA,NA,NA,NA,NA,NA,NA,NA,NA,NA,NA,NA
NA,NA,NA,NA,NA,NA,NA,NA,NA,NA,NA,NA,NA,NA,NA,NA,170,2025-10-04,13:39:55,9,5,"Mahan, Riley",10068537,Right,CLE_SCC,"Wyatt, Jack",10013525,Right,CAR_EAG,Undefined,4,Bottom,2,3,1,Fastball,Sinker,BallCalled,Walk,Undefined,Undefined,0,1,NA,87.67017,-3.116933,3.949225,2279.511988,127.321619,10:15:00,5.95698,-1.5501,5.1797,-24.7382,13.06875,-15.42103,0.95265,0.88679,79.80206,-7.676242,1.223501,0.442545,NA,NA,NA,NA,NA,NA,NA,NA,NA,NA,NA,8.85473,7.82008,1.19445,50,5.64764,-8.04843,-126.69005,-7.80091,14.3072,27.29465,-19.53857,CAR_EAG,CLE_SCC,CarsonNewman,TeamExclusive,Team,20251004-CarsonNewman-Private-2,2434ccd0-a149-11f0-8e17-f9dcdb0ff224,85.17203,NA,NA,7.86811,NA,NA,NA,NA,NA,NA,aa1485ac-9891-46a2-85a3-6504a17cc3e8,2025-10-04,17:39:55,2025-10-04T17:39:55Z,2025-10-04T17:39:55Z,NA,v3,CNE,CSCC,NA,"Christopher, Conner",10087004,Right,CLE_SCC,52f67ab1-cb13-4d9c-808d-69714a14bc94,55.32129,-127.83135,13.64732,5.95675,-6.98392,-9.76929,1.54349,-8.64667,7.1536,NA,NA,NA,NA,NA,NA,NA,NA,NA,NA,NA,NA,NA,NA,NA,NA,NA,NA,NA,NA,NA,NA,NA,NA,NA,NA,NA,NA,NA,NA,NA,NA,NA,NA,NA,NA,NA,NA,NA,NA,NA,NA,NA,NA,NA,NA,NA,NA,NA,NA,High,High,High,NA,NA,NA,NA,NA,135.456426,-20.530151,2134.735093,0.936488,10:30:00,0.359685,0.674998,-0.644208,18.058003,-30.034874,64.595984,-0.325143,159.016795,-0.882953,-19.793865,0.882953,-0.338637,0.325143,20.215971,-18.974244,0.338637,-0.338637,-159.016795,18.974244,0.325143,19.793865,-20.215971,-0.325143,0.338637,0.882953,-0.882953,NA,NA,NA,NA,NA,NA,NA,NA,NA,NA,NA,NA
NA,NA,NA,NA,NA,NA,NA,NA,NA,NA,NA,NA,NA,NA,NA,NA,171,2025-10-04,13:40:20,10,1,"Mahan, Riley",10068537,Right,CLE_SCC,"Van Ness, Jameson",1000370206,Right,CAR_EAG,Undefined,4,Bottom,2,0,0,Slider,Slider,StrikeSwinging,Undefined,Undefined,Undefined,0,0,NA,79.56968,-0.839323,2.347929,2529.011344,306.944649,04:15:00,5.97056,-1.92958,4.81928,-46.7829,-0.81067,2.9698,1.27621,0.54323,73.40181,-9.235585,2.870902,0.487999,NA,NA,NA,NA,NA,NA,NA,NA,NA,NA,NA,-0.83039,0.13953,1.6935,50,5.84626,-4.8527,-115.38134,-3.41237,-1.11907,21.52721,-31.98603,CAR_EAG,CLE_SCC,CarsonNewman,TeamExclusive,Team,20251004-CarsonNewman-Private-2,3317d5d0-a149-11f0-8e17-f9dcdb0ff224,77.23874,NA,NA,6.16787,NA,NA,NA,NA,NA,NA,aa1485ac-9891-46a2-85a3-6504a17cc3e8,2025-10-04,17:40:20,2025-10-04T17:40:20Z,2025-10-04T17:40:20Z,NA,v3,CNE,CSCC,NA,"Christopher, Conner",10087004,Right,CLE_SCC,46f135ec-1ff3-451d-b532-f422c8683d66,55.68512,-116.43721,10.76361,5.97515,-1.84352,-15.99302,1.93017,-4.79781,-0.55954,NA,NA,NA,NA,NA,NA,NA,NA,NA,NA,NA,NA,NA,NA,NA,NA,NA,NA,NA,NA,NA,NA,NA,NA,NA,NA,NA,NA,NA,NA,NA,NA,NA,NA,NA,NA,NA,NA,NA,NA,NA,NA,NA,NA,NA,NA,NA,NA,NA,NA,High,High,High,NA,NA,NA,NA,NA,330.530742,-83.906722,268.448031,0.106147,05:00:00,0.990387,-0.037649,0.1331,-46.192766,-3.540762,81.398743,-0.772624,169.22369,-0.623668,-6.817297,0.623668,-0.118704,0.772624,51.08929,-50.590127,0.118704,-0.118704,-169.22369,50.590127,0.772624,6.817297,-51.08929,-0.772624,0.118704,0.623668,-0.623668,NA,NA,NA,NA,NA,NA,NA,NA,NA,NA,NA,NA
NA,NA,NA,NA,NA,NA,NA,NA,NA,NA,NA,NA,NA,NA,NA,NA,172,2025-10-04,13:40:42,10,2,"Mahan, Riley",10068537,Right,CLE_SCC,"Van Ness, Jameson",1000370206,Right,CAR_EAG,Undefined,4,Bottom,2,0,1,Slider,Curveball,StrikeCalled,Undefined,Undefined,Undefined,0,0,NA,74.18017,2.231176,1.247813,2486.33186,318.723895,04:30:00,6.05742,-1.72892,4.92667,-62.02767,-9.63493,9.78583,2.99933,0.26641,68.68186,-8.907822,2.974218,0.520963,NA,NA,NA,NA,NA,NA,NA,NA,NA,NA,NA,-4.49461,-4.84792,1.59881,50,6.22294,-2.73119,-107.68186,2.01909,-5.30457,17.79621,-37.89559,CAR_EAG,CLE_SCC,CarsonNewman,TeamExclusive,Team,20251004-CarsonNewman-Private-2,407a0b30-a149-11f0-8e17-f9dcdb0ff224,72.35146,NA,NA,5.4983,NA,NA,NA,NA,NA,NA,aa1485ac-9891-46a2-85a3-6504a17cc3e8,2025-10-04,17:40:42,2025-10-04T17:40:42Z,2025-10-04T17:40:42Z,NA,v3,CNE,CSCC,NA,"Christopher, Conner",10087004,Right,CLE_SCC,4ada3cef-c3ab-4a0f-99bd-51e1667b94d7,55.57932,-108.60002,8.8981,6.06834,3.97424,-18.9478,1.73266,-2.45751,-2.65229,NA,NA,NA,NA,NA,NA,NA,NA,NA,NA,NA,NA,NA,NA,NA,NA,NA,NA,NA,NA,NA,NA,NA,NA,NA,NA,NA,NA,NA,NA,NA,NA,NA,NA,NA,NA,NA,NA,NA,NA,NA,NA,NA,NA,NA,NA,NA,NA,NA,NA,High,High,High,NA,NA,NA,NA,NA,335.937726,-48.469421,1648.486957,0.66302,05:15:00,0.724151,-0.299272,0.621322,28.313234,12.352516,-8.795482,0.610661,165.157412,-0.765469,11.703936,0.765469,-0.202855,-0.610661,38.581456,37.637293,0.202855,0.202855,-165.157412,-37.637293,0.610661,-11.703936,-38.581456,-0.610661,-0.202855,0.765469,-0.765469,NA,NA,NA,NA,NA,NA,NA,NA,NA,NA,NA,NA
NA,NA,NA,NA,NA,NA,NA,NA,NA,NA,NA,NA,NA,NA,NA,NA,173,2025-10-04,13:41:00,10,3,"Mahan, Riley",10068537,Right,CLE_SCC,"Van Ness, Jameson",1000370206,Right,CAR_EAG,Undefined,4,Bottom,2,0,2,Slider,Curveball,StrikeSwinging,Strikeout,Undefined,Undefined,0,0,NA,72.29617,-0.854528,0.673577,2331.439741,323.327528,04:45:00,6.13477,-1.51343,4.76043,-66.12366,-10.48863,9.03729,-0.18598,-0.12156,67.4811,-12.594011,2.270842,0.536841,NA,NA,NA,NA,NA,NA,NA,NA,NA,NA,NA,-4.29772,-4.5313,1.4374,50,5.98998,-1.5763,-104.98028,-3.84369,-4.79873,17.68184,-37.23362,CAR_EAG,CLE_SCC,CarsonNewman,TeamExclusive,Team,20251004-CarsonNewman-Private-2,4b351560-a149-11f0-8e17-f9dcdb0ff224,70.21157,NA,NA,4.81507,NA,NA,NA,NA,NA,NA,aa1485ac-9891-46a2-85a3-6504a17cc3e8,2025-10-04,17:41:00,2025-10-04T17:41:00Z,2025-10-04T17:41:00Z,NA,v3,CNE,CSCC,NA,"Christopher, Conner",10087004,Right,CLE_SCC,6ee03bb2-9eaa-4dd8-8a5a-834cbfd0e76e,55.7464,-105.94372,8.84092,6.14414,-1.81491,-18.61681,1.51616,-1.31482,-2.39936,NA,NA,NA,NA,NA,NA,NA,NA,NA,NA,NA,NA,NA,NA,NA,NA,NA,NA,NA,NA,NA,NA,NA,NA,NA,NA,NA,NA,NA,NA,NA,NA,NA,NA,NA,NA,NA,NA,NA,NA,NA,NA,NA,NA,NA,NA,NA,NA,NA,NA,High,High,High,NA,NA,NA,NA,NA,334.667676,-47.911191,1562.721359,0.670282,05:15:00,0.739128,-0.275692,0.61456,-5.100938,21.42843,-38.504675,0.473558,168.990723,-0.864553,9.683028,0.864553,-0.168197,-0.473558,28.711687,28.26552,0.168197,0.168197,-168.990723,-28.26552,0.473558,-9.683028,-28.711687,-0.473558,-0.168197,0.864553,-0.864553,NA,NA,NA,NA,NA,NA,NA,NA,NA,NA,NA,NA
NA,NA,NA,NA,NA,NA,NA,NA,NA,NA,NA,NA,NA,NA,NA,NA,174,2025-10-04,13:43:16,1,1,"Roberts, Braxton",10050666,Right,CAR_EAG,"Armour, JC",1000310115,Left,CLE_SCC,Undefined,5,Top,0,0,0,Fastball,Changeup,StrikeSwinging,Undefined,Undefined,Undefined,0,0,NA,82.56062,-2.000884,-2.774143,1724.411898,232.49178,01:45:00,5.98533,1.86992,5.20491,-29.88057,12.2678,14.21469,1.61044,0.44329,75.73261,-7.481179,-0.255966,0.467263,NA,NA,NA,NA,NA,NA,NA,NA,NA,NA,NA,-7.85457,7.08453,-1.62405,50,5.77753,5.19395,-119.63625,-5.21517,-11.39449,22.87796,-21.89666,CAR_EAG,CLE_SCC,CarsonNewman,TeamExclusive,Team,20251004-CarsonNewman-Private-2,9bf318d0-a149-11f0-8e17-f9dcdb0ff224,80.66635,NA,NA,6.828,NA,NA,NA,NA,NA,NA,aa1485ac-9891-46a2-85a3-6504a17cc3e8,2025-10-04,17:43:16,2025-10-04T17:43:16Z,2025-10-04T17:43:16Z,NA,v3,CNE,CSCC,NA,"Van Ness, Jameson",1000370206,Right,CAR_EAG,8bb1434b-1427-4976-82ee-8fa079829a8c,55.29644,-120.64484,11.43898,5.98617,-4.24985,-10.94833,-1.86409,5.69628,-5.69724,NA,NA,NA,NA,NA,NA,NA,NA,NA,NA,NA,NA,NA,NA,NA,NA,NA,NA,NA,NA,NA,NA,NA,NA,NA,NA,NA,NA,NA,NA,NA,NA,NA,NA,NA,NA,NA,NA,NA,NA,NA,NA,NA,NA,NA,NA,NA,NA,NA,NA,High,High,High,NA,NA,NA,NA,NA,224.279946,-7.442975,1709.882485,0.991574,01:30:00,0.119093,-0.687337,-0.716509,-42.664307,-14.909017,-6.326396,0.010243,179.799526,-0.999941,0.200464,0.999941,-0.003499,-0.010243,0.586887,0.586883,0.003499,0.003499,-179.799526,-0.586883,0.010243,-0.200464,-0.586887,-0.010243,-0.003499,0.999941,-0.999941,NA,NA,NA,NA,NA,NA,NA,NA,NA,NA,NA,NA
NA,NA,NA,NA,NA,NA,NA,NA,NA,NA,NA,NA,NA,NA,NA,NA,175,2025-10-04,13:43:30,1,2,"Roberts, Braxton",10050666,Right,CAR_EAG,"Armour, JC",1000310115,Left,CLE_SCC,Undefined,5,Top,0,0,1,Splitter,Splitter,InPlay,Undefined,GroundBall,Out,1,0,NA,73.52709,0.612535,-1.992887,842.857464,259.993361,02:45:00,5.92872,1.85647,5.10578,-49.96215,3.56036,10.12591,2.34275,0.82173,67.28624,-8.47261,-0.200679,0.52655,78.214,-4.991993,25.168821,NA,NA,NA,NA,22.09492,22.09492,20.800816,0.179144,-5.66701,2.04591,-1.6769,50,5.94733,3.32926,-106.61098,-0.483,-6.48449,19.31991,-29.83304,CAR_EAG,CLE_SCC,CarsonNewman,TeamExclusive,Team,20251004-CarsonNewman-Private-2,a4a1b130-a149-11f0-8e17-f9dcdb0ff224,71.58378,2.49843,NA,6.24084,NA,NA,NA,2.6597,2.49843,-0.86474,aa1485ac-9891-46a2-85a3-6504a17cc3e8,2025-10-04,17:43:30,2025-10-04T17:43:30Z,2025-10-04T17:43:30Z,GroundBall,v3,CNE,CSCC,NA,"Van Ness, Jameson",1000370206,Right,CAR_EAG,1d86fb40-a5d7-414b-a958-0a03beda96c7,55.39691,-107.58455,9.65996,5.93379,1.02036,-14.91652,-1.85291,3.65602,-3.24225,314.806846,2.66011,103.3979,-16.47809,NA,NA,NA,NA,NA,NA,2.49919,-10.03826,-21.86324,NA,NA,NA,NA,NA,NA,-0.86501,48.62125,0.04486,NA,NA,NA,NA,NA,NA,NA,NA,NA,NA,NA,NA,NA,NA,NA,NA,NA,NA,NA,NA,NA,NA,NA,NA,NA,NA,NA,NA,High,High,High,High,High,NA,NA,NA,278.124934,-30.390731,727.04507,0.862596,03:15:00,0.500675,-0.859296,0.104564,-92.142816,-38.705511,68.199767,0.434724,152.750362,-0.800619,24.351884,0.800619,-0.41234,-0.434724,28.501306,25.767753,0.41234,0.41234,-152.750362,-25.767753,0.434724,-24.351884,-28.501306,-0.434724,-0.41234,0.800619,-0.800619,NA,NA,NA,NA,NA,NA,NA,NA,NA,NA,NA,NA
NA,NA,NA,NA,NA,NA,NA,NA,NA,NA,NA,NA,NA,NA,NA,NA,176,2025-10-04,13:43:54,2,1,"Roberts, Braxton",10050666,Right,CAR_EAG,"Adams, Hank",10088342,Right,CLE_SCC,Undefined,5,Top,1,0,0,Splitter,Changeup,BallCalled,Undefined,Undefined,Undefined,0,0,NA,74.28689,-2.669365,-3.202295,995.045774,228.065907,01:30:00,5.99182,1.7129,4.92119,-49.92432,3.05496,1.4578,-0.69814,-1.19647,68.62411,-11.603447,-2.944972,0.523871,NA,NA,NA,NA,NA,NA,NA,NA,NA,NA,NA,-1.67484,2.6913,-1.40154,50,5.68896,5.95884,-107.48678,-6.69043,-1.94871,19.58189,-29.04268,CAR_EAG,CLE_SCC,CarsonNewman,TeamExclusive,Team,20251004-CarsonNewman-Private-2,b316dd30-a149-11f0-8e17-f9dcdb0ff224,71.94984,NA,NA,5.66278,NA,NA,NA,NA,NA,NA,aa1485ac-9891-46a2-85a3-6504a17cc3e8,2025-10-04,17:43:54,2025-10-04T17:43:54Z,2025-10-04T17:43:54Z,NA,v3,CNE,CSCC,NA,"Van Ness, Jameson",1000370206,Right,CAR_EAG,a6ca1e11-f4f8-4eed-b313-e958569bff77,55.58245,-108.49902,9.79095,5.996,-5.18913,-14.52134,-1.71217,6.05958,-0.97436,NA,NA,NA,NA,NA,NA,NA,NA,NA,NA,NA,NA,NA,NA,NA,NA,NA,NA,NA,NA,NA,NA,NA,NA,NA,NA,NA,NA,NA,NA,NA,NA,NA,NA,NA,NA,NA,NA,NA,NA,NA,NA,NA,NA,NA,NA,NA,NA,NA,NA,High,High,High,NA,NA,NA,NA,NA,272.055005,-47.422112,673.239845,0.676592,03:00:00,0.767207,-0.641129,-0.018625,-84.208045,-39.493206,66.599878,0.261933,166.18433,-0.937165,13.324251,0.937165,-0.230462,-0.261933,15.615411,15.184788,0.230462,0.230462,-166.18433,-15.184788,0.261933,-13.324251,-15.615411,-0.261933,-0.230462,0.937165,-0.937165,NA,NA,NA,NA,NA,NA,NA,NA,NA,NA,NA,NA
NA,NA,NA,NA,NA,NA,NA,NA,NA,NA,NA,NA,NA,NA,NA,NA,177,2025-10-04,13:44:10,2,2,"Roberts, Braxton",10050666,Right,CAR_EAG,"Adams, Hank",10088342,Right,CLE_SCC,Undefined,5,Top,1,1,0,Slider,Curveball,BallCalled,Undefined,Undefined,Undefined,0,0,NA,74.13944,-1.638058,-2.619524,2330.487316,334.093419,05:15:00,5.92263,1.74,5.15327,-52.26597,0.15791,0.72661,0.02299,-0.66726,68.63416,-11.040966,-2.490626,0.521118,NA,NA,NA,NA,NA,NA,NA,NA,NA,NA,NA,-1.10374,1.01843,-1.49552,50,5.72898,4.88949,-107.47002,-4.80486,-1.28892,18.88673,-30.98477,CAR_EAG,CLE_SCC,CarsonNewman,TeamExclusive,Team,20251004-CarsonNewman-Private-2,bc602ef0-a149-11f0-8e17-f9dcdb0ff224,72.32996,NA,NA,5.50529,NA,NA,NA,NA,NA,NA,aa1485ac-9891-46a2-85a3-6504a17cc3e8,2025-10-04,17:44:10,2025-10-04T17:44:10Z,2025-10-04T17:44:10Z,NA,v3,CNE,CSCC,NA,"Van Ness, Jameson",1000370206,Right,CAR_EAG,73e5c455-3aea-44a1-95d7-b98eda5eadd8,55.34952,-108.40607,9.44337,5.92906,-3.26922,-15.49239,-1.73943,4.95338,-0.64446,NA,NA,NA,NA,NA,NA,NA,NA,NA,NA,NA,NA,NA,NA,NA,NA,NA,NA,NA,NA,NA,NA,NA,NA,NA,NA,NA,NA,NA,NA,NA,NA,NA,NA,NA,NA,NA,NA,NA,NA,NA,NA,NA,NA,NA,NA,NA,NA,NA,NA,High,High,High,NA,NA,NA,NA,NA,294.735111,-16.103191,2239.047639,0.960764,03:45:00,0.320256,-0.86433,0.387775,-84.491881,-41.449091,70.034838,0.809885,152.530662,-0.520455,15.698663,0.520455,-0.270578,-0.809885,57.274041,54.084705,0.270578,0.270578,-152.530662,-54.084705,0.809885,-15.698663,-57.274041,-0.809885,-0.270578,0.520455,-0.520455,NA,NA,NA,NA,NA,NA,NA,NA,NA,NA,NA,NA
NA,NA,NA,NA,NA,NA,NA,NA,NA,NA,NA,NA,NA,NA,NA,NA,178,2025-10-04,13:44:26,2,3,"Roberts, Braxton",10050666,Right,CAR_EAG,"Adams, Hank",10088342,Right,CLE_SCC,Undefined,5,Top,1,2,0,Fastball,Changeup,StrikeCalled,Undefined,Undefined,Undefined,0,0,NA,81.68484,-1.229859,-2.156551,1724.359137,237.80176,02:00:00,6.03886,1.72853,5.18727,-32.47171,10.84382,14.87902,2.17479,0.93854,74.42462,-7.195569,0.480096,0.473689,NA,NA,NA,NA,NA,NA,NA,NA,NA,NA,NA,-8.01347,6.2178,-1.53973,50,5.9003,3.81969,-118.36054,-3.66446,-11.29836,23.87891,-23.40746,CAR_EAG,CLE_SCC,CarsonNewman,TeamExclusive,Team,20251004-CarsonNewman-Private-2,c5922820-a149-11f0-8e17-f9dcdb0ff224,79.57211,NA,NA,7.26022,NA,NA,NA,NA,NA,NA,aa1485ac-9891-46a2-85a3-6504a17cc3e8,2025-10-04,17:44:26,2025-10-04T17:44:26Z,2025-10-04T17:44:26Z,NA,v3,CNE,CSCC,NA,"Van Ness, Jameson",1000370206,Right,CAR_EAG,553da514-0121-40d3-9366-de7f1b59d1de,55.31244,-119.4275,11.93946,6.04067,-2.61856,-11.70373,-1.72168,4.32452,-5.64918,NA,NA,NA,NA,NA,NA,NA,NA,NA,NA,NA,NA,NA,NA,NA,NA,NA,NA,NA,NA,NA,NA,NA,NA,NA,NA,NA,NA,NA,NA,NA,NA,NA,NA,NA,NA,NA,NA,NA,NA,NA,NA,NA,NA,NA,NA,NA,NA,NA,NA,High,High,High,NA,NA,NA,NA,NA,223.023802,-3.25854,1721.57121,0.998383,01:30:00,0.043933,-0.679822,-0.73206,-49.975484,-12.208247,-15.084363,0.16868,176.548194,-0.983883,3.402286,0.983883,-0.059346,-0.16868,9.728382,9.711069,0.059346,0.059346,-176.548194,-9.711069,0.16868,-3.402286,-9.728382,-0.16868,-0.059346,0.983883,-0.983883,NA,NA,NA,NA,NA,NA,NA,NA,NA,NA,NA,NA
NA,NA,NA,NA,NA,NA,NA,NA,NA,NA,NA,NA,NA,NA,NA,NA,179,2025-10-04,13:44:40,2,4,"Roberts, Braxton",10050666,Right,CAR_EAG,"Adams, Hank",10088342,Right,CLE_SCC,Undefined,5,Top,1,2,1,Fastball,Changeup,FoulBallNotFieldable,Undefined,Undefined,Undefined,0,0,NA,82.31205,0.118172,-3.328249,1674.904871,221.993627,01:30:00,6.0651,1.75025,5.18025,-26.86234,16.12383,13.12359,3.93795,-0.29137,74.22121,-4.891391,-1.009309,0.471884,59.16829,62.139055,130.483313,5179.71016,NA,NA,NA,NA,30.24952,NA,NA,-7.60048,8.43634,-1.4509,50,6.05636,6.36649,-119.10188,-0.63644,-10.78008,25.56001,-20.20847,CAR_EAG,CLE_SCC,CarsonNewman,TeamExclusive,Team,20251004-CarsonNewman-Private-2,ce4e5510-a149-11f0-8e17-f9dcdb0ff224,79.87642,49.24938,NA,8.09084,NA,NA,NA,0.93672,3.90614,0.30218,aa1485ac-9891-46a2-85a3-6504a17cc3e8,2025-10-04,17:44:40,2025-10-04T17:44:40Z,2025-10-04T17:44:40Z,NA,v3,CNE,CSCC,NA,"Van Ness, Jameson",1000370206,Right,CAR_EAG,08446b09-0dec-42f6-94ba-e4d091771331,55.3195,-120.23806,12.78001,6.06468,0.26185,-10.10424,-1.74455,6.84568,-5.39004,333.757804,0.93672,-26.32917,-3.22303,1.565,-0.43574,0.07386,0.03806,-0.05418,0.02193,3.90614,76.72086,-26.6351,3.12799,-0.63138,0.09934,0.00314,-0.02008,0.00868,0.30218,30.84568,-6.05295,1.40219,-0.2787,0.03883,0.01818,-0.02605,0.0104,NA,NA,NA,NA,NA,NA,NA,NA,NA,NA,NA,NA,NA,NA,NA,NA,NA,NA,NA,NA,NA,NA,High,High,High,High,Undefined,NA,NA,NA,225.904484,3.02792,1672.566559,0.998604,01:30:00,-0.094552,-0.717068,-0.690561,-46.474061,-9.664622,-17.483833,0.018298,179.589751,-0.999807,0.41018,0.999807,-0.0071590000000000004,-0.018298,1.048467,1.048441,0.0071590000000000004,0.0071590000000000004,-179.589751,-1.048441,0.018298,-0.41018,-1.048467,-0.018298,-0.0071590000000000004,0.999807,-0.999807,NA,NA,NA,NA,NA,NA,NA,NA,NA,NA,NA,NA
NA,NA,NA,NA,NA,NA,NA,NA,NA,NA,NA,NA,NA,NA,NA,NA,180,2025-10-04,13:44:58,2,5,"Roberts, Braxton",10050666,Right,CAR_EAG,"Adams, Hank",10088342,Right,CLE_SCC,Undefined,5,Top,1,2,2,Fastball,Changeup,FoulBallNotFieldable,Undefined,Undefined,Undefined,0,0,NA,83.08256,-1.544071,-3.214835,1662.860635,211.554132,01:00:00,6.06323,1.80092,5.25847,-24.97253,17.19391,9.60607,2.52875,-0.42238,74.95437,-6.210494,-1.514169,0.467364,66.27538,61.928517,50.954655,5144.387479,49.1516,74.58262,98.40786,143.66813,53.61038,64.274725,4.892829,-5.84414,9.53414,-1.51346,50,5.90368,6.34076,-120.17306,-4.05032,-8.42225,26.43984,-18.43395,CAR_EAG,CLE_SCC,CarsonNewman,TeamExclusive,Team,20251004-CarsonNewman-Private-2,d90eb670-a149-11f0-8e17-f9dcdb0ff224,80.64906,96.45774,NA,8.1282,NA,NA,NA,1.55689,2.59502,0.50965,aa1485ac-9891-46a2-85a3-6504a17cc3e8,2025-10-04,17:44:58,2025-10-04T17:44:58Z,2025-10-04T17:44:58Z,Popup,v3,CNE,CSCC,NA,"Van Ness, Jameson",1000370206,Right,CAR_EAG,197ea063-4853-4a88-9e6f-e9c2b0f19bda,55.24086,-121.32065,13.21992,6.06211,-3.25021,-9.21698,-1.7966,6.70632,-4.21113,199.863604,1.55731,28.78231,-10.41392,2.65205,0.08981,-0.3465,0.12027,-0.01783,9.9e-4,2.58768,85.91554,-23.58546,3.01636,-0.99541,0.26921,-0.03973,0.002,5e-5,0.50968,35.52361,-4.1669,0.8355,-0.1026,0.00538,-8e-4,3.7e-4,-4e-5,NA,NA,NA,NA,NA,NA,NA,NA,NA,NA,NA,NA,NA,NA,NA,NA,NA,NA,NA,NA,NA,NA,High,High,High,High,Low,NA,NA,NA,223.405035,-0.246656,1662.845226,0.999991,01:30:00,-0.017959,-0.686779,-0.726644,-46.574903,-15.590261,-7.096805,-0.051732,172.490424,-0.990096,-7.499463,0.990096,-0.130517,0.051732,2.990977,-2.965369,0.130517,-0.130517,-172.490424,2.965369,0.051732,7.499463,-2.990977,-0.051732,0.130517,0.990096,-0.990096,NA,NA,NA,NA,NA,NA,NA,NA,NA,NA,NA,NA
NA,NA,NA,NA,NA,NA,NA,NA,NA,NA,NA,NA,NA,NA,NA,NA,181,2025-10-04,13:45:20,2,6,"Roberts, Braxton",10050666,Right,CAR_EAG,"Adams, Hank",10088342,Right,CLE_SCC,Undefined,5,Top,1,2,2,Splitter,Splitter,InPlay,Undefined,LineDrive,Out,1,0,NA,73.84939,-0.041974,-1.411917,802.389107,316.058081,04:30:00,5.96192,1.73416,5.07914,-54.8992,-1.19134,3.0354,1.34741,0.6558,67.08878,-9.999432,-0.873981,0.527461,65.18932,12.886289,-38.085272,929.700675,NA,NA,NA,123.07059,113.64779,-39.95539,1.477947,-1.98874,-0.09543,-1.60287,50,5.91453,2.52107,-106.97851,-1.8966,-2.26229,21.62228,-32.28259,CAR_EAG,CLE_SCC,CarsonNewman,TeamExclusive,Team,20251004-CarsonNewman-Private-2,e60cf9e0-a149-11f0-8e17-f9dcdb0ff224,71.46015,8.96049,NA,6.76061,NA,NA,NA,2.60174,1.79248,-0.717,aa1485ac-9891-46a2-85a3-6504a17cc3e8,2025-10-04,17:45:20,2025-10-04T17:45:20Z,2025-10-04T17:45:20Z,GroundBall,v3,CNE,CSCC,NA,"Van Ness, Jameson",1000370206,Right,CAR_EAG,9b6c3ed1-e8f3-4329-bf45-abfe8a8a3132,55.42256,-108.06895,10.81114,5.96912,-0.26855,-16.1413,-1.73289,2.63516,-1.13115,NA,2.60174,73.35935,-9.37682,1.58807,-0.33986,0.04689,-0.00309,-6.2e-4,1.7e-4,1.79248,21.32284,-16.42014,0.92864,-0.13061,0.031,-0.00411,8.7e-4,-1.5e-4,-0.717,-57.49065,3.36698,-0.23327,0.00381,0.00406,0.00206,-0.00175,3.3e-4,NA,NA,NA,NA,NA,NA,NA,NA,NA,NA,NA,NA,NA,NA,NA,NA,NA,NA,NA,NA,NA,NA,High,High,High,Medium,High,NA,NA,NA,269.861701,-21.402684,747.05533,0.931039,03:00:00,0.365436,-0.930768,-0.011255,86.999827,40.428758,65.688948,0.523874,144.231994,-0.691139,29.859752,0.691139,-0.497879,-0.523874,37.161631,31.592464,0.497879,0.497879,-144.231994,-31.592464,0.523874,-29.859752,-37.161631,-0.523874,-0.497879,0.691139,-0.691139,NA,NA,NA,NA,NA,NA,NA,NA,NA,NA,NA,NA
NA,NA,NA,NA,NA,NA,NA,NA,NA,NA,NA,NA,NA,NA,NA,NA,182,2025-10-04,13:45:48,3,1,"Roberts, Braxton",10050666,Right,CAR_EAG,"Read, Jon Jon",10000760,Right,CLE_SCC,Undefined,5,Top,2,0,0,Splitter,Changeup,BallCalled,Undefined,Undefined,Undefined,0,0,NA,72.03371,0.542961,-4.217072,779.699629,227.762241,01:30:00,5.98668,1.75626,5.05696,-50.7827,6.13225,4.38807,2.26827,-1.86242,65.03396,-8.719382,-3.444329,0.542981,NA,NA,NA,NA,NA,NA,NA,NA,NA,NA,NA,-3.62874,3.39169,-1.35796,50,5.99839,7.50782,-104.03422,-0.613,-3.89514,20.80051,-28.53336,CAR_EAG,CLE_SCC,CarsonNewman,TeamExclusive,Team,20251004-CarsonNewman-Private-2,f7135810-a149-11f0-8e17-f9dcdb0ff224,69.41763,NA,NA,6.99975,NA,NA,NA,NA,NA,NA,aa1485ac-9891-46a2-85a3-6504a17cc3e8,2025-10-04,17:45:48,2025-10-04T17:45:48Z,2025-10-04T17:45:48Z,NA,v3,CNE,CSCC,NA,"Van Ness, Jameson",1000370206,Right,CAR_EAG,0e774bc2-d711-4e1e-a2a5-a9542f307229,55.44349,-105.11695,10.40026,5.99164,0.87225,-14.26668,-1.75405,7.71057,-1.94757,NA,NA,NA,NA,NA,NA,NA,NA,NA,NA,NA,NA,NA,NA,NA,NA,NA,NA,NA,NA,NA,NA,NA,NA,NA,NA,NA,NA,NA,NA,NA,NA,NA,NA,NA,NA,NA,NA,NA,NA,NA,NA,NA,NA,NA,NA,NA,NA,NA,NA,High,High,High,NA,NA,NA,NA,NA,270.00381,-19.698471,734.071247,0.94148,03:00:00,0.327249,-0.944631,-0.024067,88.039855,39.375734,64.394566,0.534046,144.318663,-0.686741,29.546806,0.686741,-0.493134,-0.534046,37.870517,32.279238,0.493134,0.493134,-144.318663,-32.279238,0.534046,-29.546806,-37.870517,-0.534046,-0.493134,0.686741,-0.686741,NA,NA,NA,NA,NA,NA,NA,NA,NA,NA,NA,NA
NA,NA,NA,NA,NA,NA,NA,NA,NA,NA,NA,NA,NA,NA,NA,NA,183,2025-10-04,13:46:02,3,2,"Roberts, Braxton",10050666,Right,CAR_EAG,"Read, Jon Jon",10000760,Right,CLE_SCC,Undefined,5,Top,2,1,0,Splitter,Changeup,BallCalled,Undefined,Undefined,Undefined,0,0,NA,72.94515,0.106229,0.016682,892.755855,200.56901,12:45:00,5.85634,1.85289,5.07249,-45.32408,10.09107,2.97583,2.17949,2.11661,65.5635,-8.223599,0.543329,0.535779,NA,NA,NA,NA,NA,NA,NA,NA,NA,NA,NA,-1.46039,5.61095,-1.85692,50,5.83153,-0.14752,-105.53217,-1.24079,-1.6083,21.88895,-25.9949,CAR_EAG,CLE_SCC,CarsonNewman,TeamExclusive,Team,20251004-CarsonNewman-Private-2,ff33ba30-a149-11f0-8e17-f9dcdb0ff224,70.35074,NA,NA,7.38165,NA,NA,NA,NA,NA,NA,aa1485ac-9891-46a2-85a3-6504a17cc3e8,2025-10-04,17:46:02,2025-10-04T17:46:02Z,2025-10-04T17:46:02Z,NA,v3,CNE,CSCC,NA,"Van Ness, Jameson",1000370206,Right,CAR_EAG,3aa06d9a-58df-421a-a539-90d37f182fd2,55.42327,-106.6511,10.94448,5.86099,0.08803,-12.99745,-1.85148,-0.0653,-0.80415,NA,NA,NA,NA,NA,NA,NA,NA,NA,NA,NA,NA,NA,NA,NA,NA,NA,NA,NA,NA,NA,NA,NA,NA,NA,NA,NA,NA,NA,NA,NA,NA,NA,NA,NA,NA,NA,NA,NA,NA,NA,NA,NA,NA,NA,NA,NA,NA,NA,NA,High,High,High,NA,NA,NA,NA,NA,279.329616,-33.547345,744.049029,0.833429,03:15:00,0.551061,-0.823428,0.135271,82.830746,38.698904,59.300247,0.417795,162.597107,-0.866953,15.767515,0.866953,-0.271735,-0.417795,25.729989,24.695473,0.271735,0.271735,-162.597107,-24.695473,0.417795,-15.767515,-25.729989,-0.417795,-0.271735,0.866953,-0.866953,NA,NA,NA,NA,NA,NA,NA,NA,NA,NA,NA,NA
NA,NA,NA,NA,NA,NA,NA,NA,NA,NA,NA,NA,NA,NA,NA,NA,184,2025-10-04,13:46:17,3,3,"Roberts, Braxton",10050666,Right,CAR_EAG,"Read, Jon Jon",10000760,Right,CLE_SCC,Undefined,5,Top,2,2,0,Fastball,Changeup,FoulBallNotFieldable,Undefined,Undefined,Undefined,0,0,NA,82.34597,-1.636572,-3.674637,1431.942561,227.546273,01:30:00,6.00695,1.75168,5.21667,-28.49301,14.39906,14.05414,2.09004,-0.53722,74.5746,-6.912496,-1.188689,0.471368,81.44669,3.815154,58.452246,4092.372364,NA,NA,NA,83.25534,50.7335,60.511253,0.746024,-8.19115,8.13725,-1.42295,50,5.83455,7.05721,-119.09972,-4.36136,-11.63223,25.29014,-20.61834,CAR_EAG,CLE_SCC,CarsonNewman,TeamExclusive,Team,20251004-CarsonNewman-Private-2,07c3a700-a14a-11f0-8e17-f9dcdb0ff224,79.96398,3.25457,NA,7.77137,NA,NA,NA,2.33542,2.20455,0.4596,aa1485ac-9891-46a2-85a3-6504a17cc3e8,2025-10-04,17:46:17,2025-10-04T17:46:17Z,2025-10-04T17:46:17Z,GroundBall,v3,CNE,CSCC,NA,"Van Ness, Jameson",1000370206,Right,CAR_EAG,8ba7512b-9607-406c-b338-2d4bb73616f8,55.28398,-120.21651,12.64507,6.00704,-3.45087,-10.30917,-1.74593,7.57088,-5.81612,NA,2.38118,61.52956,-13.19429,NA,NA,NA,NA,NA,NA,2.21976,7.67494,-14.30223,NA,NA,NA,NA,NA,NA,0.46648,101.45301,-6.62973,NA,NA,NA,NA,NA,NA,NA,NA,NA,NA,NA,NA,NA,NA,NA,NA,NA,NA,NA,NA,NA,NA,NA,NA,NA,NA,NA,NA,High,High,High,High,Medium,NA,NA,NA,227.194621,-5.612569,1425.077786,0.995206,01:30:00,0.075029,-0.727058,-0.682464,-45.807566,-13.477289,-2.537472,0.010335,176.877855,-0.998462,3.121978,0.998462,-0.054462000000000003,-0.010335,0.593031,0.59215,0.054462000000000003,0.054462000000000003,-176.877855,-0.59215,0.010335,-3.121978,-0.593031,-0.010335,-0.054462000000000003,0.998462,-0.998462,NA,NA,NA,NA,NA,NA,NA,NA,NA,NA,NA,NA
NA,NA,NA,NA,NA,NA,NA,NA,NA,NA,NA,NA,NA,NA,NA,NA,185,2025-10-04,13:46:40,3,4,"Roberts, Braxton",10050666,Right,CAR_EAG,"Read, Jon Jon",10000760,Right,CLE_SCC,Undefined,5,Top,2,2,1,Fastball,Changeup,InPlay,Undefined,GroundBall,Single,0,0,NA,82.4947,-1.111023,-2.298029,1631.640823,222.540921,01:30:00,5.99906,1.66569,5.13838,-28.53966,14.6578,11.91272,2.57355,0.49323,73.95056,-6.422145,-0.190444,0.473043,97.3294,-3.40001,10.133312,NA,NA,NA,NA,34.59799,34.33268,8.584185,0.242289,-6.71304,8.14059,-1.45985,50,5.87358,4.27158,-119.30934,-3.2718,-9.46517,27.62271,-20.69604,CAR_EAG,CLE_SCC,CarsonNewman,TeamExclusive,Team,20251004-CarsonNewman-Private-2,1593e070-a14a-11f0-8e17-f9dcdb0ff224,79.6808,2.70282,NA,8.54413,NA,NA,NA,1.46602,2.70282,-0.56976,aa1485ac-9891-46a2-85a3-6504a17cc3e8,2025-10-04,17:46:40,2025-10-04T17:46:40Z,2025-10-04T17:46:40Z,GroundBall,v3,CNE,CSCC,NA,"Van Ness, Jameson",1000370206,Right,CAR_EAG,cc11ab22-082d-49ed-b182-8f823164dd59,55.3597,-120.54385,13.81136,5.99913,-2.34687,-10.34802,-1.6602,4.69459,-4.73259,148.538289,1.46882,140.1219,-20.6299,NA,NA,NA,NA,NA,NA,2.70303,-8.47731,-11.06362,NA,NA,NA,NA,NA,NA,-0.56887,25.0223,-5.62867,NA,NA,NA,NA,NA,NA,NA,NA,NA,NA,NA,NA,NA,NA,NA,NA,NA,NA,NA,NA,NA,NA,NA,NA,NA,NA,NA,NA,High,High,High,High,High,NA,NA,NA,223.573637,-3.60598,1628.410451,0.99802,01:30:00,0.047168,-0.686573,-0.72553,-50.228343,-5.490953,-6.762054,0.131961,176.631691,-0.989542,3.338819,0.989542,-0.05824,-0.131961,7.595907,7.582937,0.05824,0.05824,-176.631691,-7.582937,0.131961,-3.338819,-7.595907,-0.131961,-0.05824,0.989542,-0.989542,NA,NA,NA,NA,NA,NA,NA,NA,NA,NA,NA,NA
NA,NA,NA,NA,NA,NA,NA,NA,NA,NA,NA,NA,NA,NA,NA,NA,186,2025-10-04,13:47:15,4,1,"Roberts, Braxton",10050666,Right,CAR_EAG,"Casteel, Brody",10088288,Right,CLE_SCC,Undefined,5,Top,2,0,0,Fastball,Changeup,StrikeCalled,Undefined,Undefined,Undefined,0,0,NA,80.64727,-1.138548,-2.0616,1549.089666,226.012901,01:30:00,6.08269,1.8424,5.13832,-32.05537,12.7178,11.51087,2.33842,0.85943,73.05156,-7.049535,-0.024103,0.481593,NA,NA,NA,NA,NA,NA,NA,NA,NA,NA,NA,-6.34827,7.15496,-1.65829,50,5.95171,3.71387,-116.76895,-3.40547,-8.65991,24.4476,-22.41372,CAR_EAG,CLE_SCC,CarsonNewman,TeamExclusive,Team,20251004-CarsonNewman-Private-2,2a8d98e0-a14a-11f0-8e17-f9dcdb0ff224,78.26616,NA,NA,7.59571,NA,NA,NA,NA,NA,NA,aa1485ac-9891-46a2-85a3-6504a17cc3e8,2025-10-04,17:47:15,2025-10-04T17:47:15Z,2025-10-04T17:47:15Z,NA,v3,CNE,CSCC,NA,"Van Ness, Jameson",1000370206,Right,CAR_EAG,30a27e4b-a265-4e5e-99f4-fdc2ebd54ace,55.36022,-117.88586,12.2238,6.0839,-2.38147,-11.20686,-1.837,4.10951,-4.32995,NA,NA,NA,NA,NA,NA,NA,NA,NA,NA,NA,NA,NA,NA,NA,NA,NA,NA,NA,NA,NA,NA,NA,NA,NA,NA,NA,NA,NA,NA,NA,NA,NA,NA,NA,NA,NA,NA,NA,NA,NA,NA,NA,NA,NA,NA,NA,NA,NA,NA,High,High,High,NA,NA,NA,NA,NA,225.919741,-8.327598,1532.756284,0.989456,01:30:00,0.134063,-0.707774,-0.693602,-45.28824,-14.813346,-13.905248,0.070657,173.483112,-0.991055,6.50053,0.991055,-0.113212,-0.070657,4.077969,4.051707,0.113212,0.113212,-173.483112,-4.051707,0.070657,-6.50053,-4.077969,-0.070657,-0.113212,0.991055,-0.991055,NA,NA,NA,NA,NA,NA,NA,NA,NA,NA,NA,NA
NA,NA,NA,NA,NA,NA,NA,NA,NA,NA,NA,NA,NA,NA,NA,NA,187,2025-10-04,13:47:34,4,2,"Roberts, Braxton",10050666,Right,CAR_EAG,"Casteel, Brody",10088288,Right,CLE_SCC,Undefined,5,Top,2,0,1,Fastball,Changeup,BallCalled,Undefined,Undefined,Undefined,0,0,NA,80.95374,0.221718,-3.222043,1640.640247,213.843777,01:15:00,6.193,1.82903,5.11775,-27.84442,16.45288,10.01753,4.08183,-0.37469,73.4178,-4.947773,-1.454141,0.479027,NA,NA,NA,NA,NA,NA,NA,NA,NA,NA,NA,-5.91985,8.55,-1.53364,50,6.19287,6.1704,-117.1867,-0.46044,-8.18021,23.44678,-20.35943,CAR_EAG,CLE_SCC,CarsonNewman,TeamExclusive,Team,20251004-CarsonNewman-Private-2,36134610-a14a-11f0-8e17-f9dcdb0ff224,78.68539,NA,NA,7.53594,NA,NA,NA,NA,NA,NA,aa1485ac-9891-46a2-85a3-6504a17cc3e8,2025-10-04,17:47:34,2025-10-04T17:47:34Z,2025-10-04T17:47:34Z,NA,v3,CNE,CSCC,NA,"Van Ness, Jameson",1000370206,Right,CAR_EAG,e0ac3263-ebd9-48f4-86de-e7be36fd027e,55.38131,-118.25849,11.72339,6.19264,0.47023,-10.17971,-1.82425,6.54433,-4.09011,NA,NA,NA,NA,NA,NA,NA,NA,NA,NA,NA,NA,NA,NA,NA,NA,NA,NA,NA,NA,NA,NA,NA,NA,NA,NA,NA,NA,NA,NA,NA,NA,NA,NA,NA,NA,NA,NA,NA,NA,NA,NA,NA,NA,NA,NA,NA,NA,NA,NA,High,High,High,NA,NA,High,High,High,218.766136,-5.582463,1632.859055,0.995257,01:15:00,0.0511,-0.623545,-0.780115,-42.072938,-11.927125,-8.666934,-0.079392,178.833709,-0.996637,-1.162609,0.996637,-0.02029,0.079392,4.554549,-4.55361,0.02029,-0.02029,-178.833709,4.55361,0.079392,1.162609,-4.554549,-0.079392,0.02029,0.996637,-0.996637,NA,NA,NA,NA,NA,NA,NA,NA,NA,NA,NA,NA
NA,NA,NA,NA,NA,NA,NA,NA,NA,NA,NA,NA,NA,NA,NA,NA,188,2025-10-04,13:47:57,4,3,"Roberts, Braxton",10050666,Right,CAR_EAG,"Casteel, Brody",10088288,Right,CLE_SCC,Undefined,5,Top,2,1,1,Fastball,Changeup,StrikeCalled,Undefined,Undefined,Undefined,1,0,NA,81.07361,-0.397085,-3.464551,1584.190615,230.337778,01:45:00,6.11647,1.99246,5.14565,-32.41899,12.39418,12.83938,3.04032,-0.20365,72.58584,-6.40738,-1.196471,0.481808,NA,NA,NA,NA,NA,NA,NA,NA,NA,NA,NA,-7.52048,6.80048,-1.67795,50,6.05505,6.53409,-117.13016,-1.90734,-10.22026,26.61514,-22.9323,CAR_EAG,CLE_SCC,CarsonNewman,TeamExclusive,Team,20251004-CarsonNewman-Private-2,43b8ed10-a14a-11f0-8e17-f9dcdb0ff224,78.23119,NA,NA,8.48777,NA,NA,NA,NA,NA,NA,aa1485ac-9891-46a2-85a3-6504a17cc3e8,2025-10-04,17:47:57,2025-10-04T17:47:57Z,2025-10-04T17:47:57Z,NA,v3,CNE,CSCC,NA,"Van Ness, Jameson",1000370206,Right,CAR_EAG,1d4db226-ff60-454c-badc-92648dc0209d,55.35097,-118.3398,13.30757,6.11805,-0.86508,-11.46615,-1.98548,6.9986,-5.11013,NA,NA,NA,NA,NA,NA,NA,NA,NA,NA,NA,NA,NA,NA,NA,NA,NA,NA,NA,NA,NA,NA,NA,NA,NA,NA,NA,NA,NA,NA,NA,NA,NA,NA,NA,NA,NA,NA,NA,NA,NA,NA,NA,NA,NA,NA,NA,NA,NA,NA,High,High,High,NA,NA,High,High,High,222.007419,-6.512598,1573.967739,0.993547,01:30:00,0.073197,-0.664106,-0.744046,-46.40476,-9.031608,-16.625781,0.137202,171.870327,-0.980589,8.052278,0.980589,-0.140077,-0.137202,7.965024,7.885992,0.140077,0.140077,-171.870327,-7.885992,0.137202,-8.052278,-7.965024,-0.137202,-0.140077,0.980589,-0.980589,NA,NA,NA,NA,NA,NA,NA,NA,NA,NA,NA,NA
NA,NA,NA,NA,NA,NA,NA,NA,NA,NA,NA,NA,NA,NA,NA,NA,189,NA,NA,1,1,"Mahan, Riley",10068537,Right,CLE_SCC,"Smith, Braxton",1000370200,Right,CAR_EAG,Undefined,5,Bottom,0,0,0,Fastball,NA,InPlay,Undefined,LineDrive,Single,0,0,NA,NA,NA,NA,NA,NA,NA,NA,NA,NA,NA,NA,NA,NA,NA,NA,NA,NA,NA,NA,NA,NA,NA,NA,NA,NA,NA,NA,NA,NA,NA,NA,NA,NA,NA,NA,NA,NA,NA,NA,NA,CAR_EAG,CLE_SCC,CarsonNewman,TeamExclusive,Team,20251004-CarsonNewman-Private-2,9341cbe0-a14a-11f0-8e17-f9dcdb0ff224,NA,NA,NA,NA,NA,NA,NA,NA,NA,NA,aa1485ac-9891-46a2-85a3-6504a17cc3e8,NA,NA,NA,NA,NA,v3,CNE,CSCC,NA,"Christopher, Conner",10087004,Right,CLE_SCC,5f6a48b9-6f70-4649-b582-37bef03d794f,NA,NA,NA,NA,NA,NA,NA,NA,NA,NA,NA,NA,NA,NA,NA,NA,NA,NA,NA,NA,NA,NA,NA,NA,NA,NA,NA,NA,NA,NA,NA,NA,NA,NA,NA,NA,NA,NA,NA,NA,NA,NA,NA,NA,NA,NA,NA,NA,NA,NA,NA,NA,NA,NA,NA,NA,NA,NA,NA,NA,NA,NA,NA,NA,NA,NA,NA,NA,NA,NA,NA,NA,NA,NA,NA,NA,NA,NA,NA,NA,NA,NA,NA,NA,NA,NA,NA,NA,NA,NA,NA,NA,NA,NA,NA,NA,NA,NA,NA,NA,NA,NA,NA,NA,NA,NA,NA,NA,NA,NA
NA,NA,NA,NA,NA,NA,NA,NA,NA,NA,NA,NA,NA,NA,NA,NA,190,2025-10-04,13:50:30,2,1,"Mahan, Riley",10068537,Right,CLE_SCC,"Gibson, Aiden",10011511,Right,CAR_EAG,Undefined,5,Bottom,0,0,0,Slider,Curveball,FoulBallNotFieldable,Undefined,Undefined,Undefined,0,0,NA,76.8919,0.101305,1.356185,2412.31122,301.764733,04:00:00,6.10734,-1.90517,4.74734,-52.47215,-3.10284,7.50158,1.83078,0.00656,70.85492,-9.310006,2.676592,0.505708,NA,NA,NA,NA,NA,NA,NA,NA,NA,NA,NA,-3.33666,-1.18425,1.76165,50,6.07067,-2.94482,-111.54684,-1.70355,-4.19683,20.38573,-33.66361,CAR_EAG,CLE_SCC,CarsonNewman,TeamExclusive,Team,20251004-CarsonNewman-Private-2,9e962fe0-a14a-11f0-8e17-f9dcdb0ff224,74.53396,NA,NA,6.03698,NA,NA,NA,NA,NA,NA,aa1485ac-9891-46a2-85a3-6504a17cc3e8,2025-10-04,17:50:30,2025-10-04T17:50:30Z,2025-10-04T17:50:30Z,NA,v3,CNE,CSCC,NA,"Christopher, Conner",10087004,Right,CLE_SCC,663e8b04-75cf-4a7b-8f3b-215b9c5dd780,55.75686,-112.59402,10.19286,6.11376,0.02569,-16.83181,1.90738,-2.72923,-2.09841,NA,NA,NA,NA,NA,NA,NA,NA,NA,NA,NA,NA,NA,NA,NA,NA,NA,NA,NA,NA,NA,NA,NA,NA,NA,NA,NA,NA,NA,NA,NA,NA,NA,NA,NA,NA,NA,NA,NA,NA,NA,NA,NA,NA,NA,NA,NA,NA,NA,NA,High,High,High,NA,NA,NA,NA,NA,342.558801,-76.736177,553.469151,0.229435,05:30:00,0.967748,-0.070489,0.241859,-37.681615,-11.525301,87.663682,-0.916159,177.45266,-0.400419,-1.020729,0.400419,-0.017814,0.916159,66.391672,-66.370878,0.017814,-0.017814,-177.45266,66.370878,0.916159,1.020729,-66.391672,-0.916159,0.017814,0.400419,-0.400419,NA,NA,NA,NA,NA,NA,NA,NA,NA,NA,NA,NA
NA,NA,NA,NA,NA,NA,NA,NA,NA,NA,NA,NA,NA,NA,NA,NA,191,2025-10-04,13:50:55,2,2,"Mahan, Riley",10068537,Right,CLE_SCC,"Gibson, Aiden",10011511,Right,CAR_EAG,Undefined,5,Bottom,0,0,1,Slider,Curveball,StrikeCalled,Undefined,Undefined,Undefined,0,0,NA,72.04426,1.018207,0.526272,2207.108475,322.820286,04:45:00,6.34251,-1.51362,4.74191,-63.39901,-7.15012,6.758,2.02529,-0.45122,66.5089,-10.334293,1.717009,0.539795,NA,NA,NA,NA,NA,NA,NA,NA,NA,NA,NA,-3.16618,-3.25807,1.45434,50,6.38857,-1.22324,-104.53207,-0.33444,-3.49643,17.94134,-35.77198,CAR_EAG,CLE_SCC,CarsonNewman,TeamExclusive,Team,20251004-CarsonNewman-Private-2,ad9154c0-a14a-11f0-8e17-f9dcdb0ff224,69.82739,NA,NA,5.53536,NA,NA,NA,NA,NA,NA,aa1485ac-9891-46a2-85a3-6504a17cc3e8,2025-10-04,17:50:55,2025-10-04T17:50:55Z,2025-10-04T17:50:55Z,NA,v3,CNE,CSCC,NA,"Christopher, Conner",10087004,Right,CLE_SCC,be0e78e5-db2a-479b-9aca-3de31bef2994,55.76243,-105.51647,8.97067,6.35308,1.62828,-17.88599,1.51619,-1.0314,-1.74822,NA,NA,NA,NA,NA,NA,NA,NA,NA,NA,NA,NA,NA,NA,NA,NA,NA,NA,NA,NA,NA,NA,NA,NA,NA,NA,NA,NA,NA,NA,NA,NA,NA,NA,NA,NA,NA,NA,NA,NA,NA,NA,NA,NA,NA,NA,NA,NA,NA,NA,High,High,High,NA,NA,NA,NA,NA,337.572245,-49.606201,1430.289016,0.648037,05:15:00,0.751561,-0.260733,0.605949,12.764118,24.801851,-15.170927,0.466305,170.793951,-0.873229,8.136212,0.873229,-0.141527,-0.466305,28.102248,27.79472,0.141527,0.141527,-170.793951,-27.79472,0.466305,-8.136212,-28.102248,-0.466305,-0.141527,0.873229,-0.873229,NA,NA,NA,NA,NA,NA,NA,NA,NA,NA,NA,NA
NA,NA,NA,NA,NA,NA,NA,NA,NA,NA,NA,NA,NA,NA,NA,NA,192,2025-10-04,13:51:11,2,3,"Mahan, Riley",10068537,Right,CLE_SCC,"Gibson, Aiden",10011511,Right,CAR_EAG,Undefined,5,Bottom,0,0,2,ChangeUp,Curveball,BallCalled,Undefined,Undefined,Undefined,0,0,NA,70.14929,-2.155924,0.309666,2042.229774,309.969401,04:15:00,6.37139,-1.5947,5.0564,-63.57818,-4.52965,7.72256,-0.96107,-0.6591,65.11153,-13.503633,1.683419,0.553065,NA,NA,NA,NA,NA,NA,NA,NA,NA,NA,NA,-3.82272,-1.25579,1.55862,50,6.11475,-0.81843,-101.72932,-5.82852,-3.96818,18.15688,-33.47763,CAR_EAG,CLE_SCC,CarsonNewman,TeamExclusive,Team,20251004-CarsonNewman-Private-2,b777a9d0-a14a-11f0-8e17-f9dcdb0ff224,68.15195,NA,NA,5.03776,NA,NA,NA,NA,NA,NA,aa1485ac-9891-46a2-85a3-6504a17cc3e8,2025-10-04,17:51:11,2025-10-04T17:51:11Z,2025-10-04T17:51:11Z,NA,v3,CNE,CSCC,NA,"Christopher, Conner",10087004,Right,CLE_SCC,533701d3-7cdd-4611-b9fb-6d03ae953fe6,55.44903,-102.69727,9.07844,6.3779,-4.04381,-16.73881,1.59661,-0.60688,-1.98409,NA,NA,NA,NA,NA,NA,NA,NA,NA,NA,NA,NA,NA,NA,NA,NA,NA,NA,NA,NA,NA,NA,NA,NA,NA,NA,NA,NA,NA,NA,NA,NA,NA,NA,NA,NA,NA,NA,NA,NA,NA,NA,NA,NA,NA,NA,NA,NA,NA,NA,High,High,High,NA,NA,NA,NA,NA,339.869668,-44.080006,1467.074757,0.718369,05:15:00,0.700815,-0.220886,0.678283,15.502193,6.828548,-2.97192,0.625677,178.171516,-0.779685,1.426273,0.779685,-0.024891,-0.625677,38.746142,38.731899,0.024891,0.024891,-178.171516,-38.731899,0.625677,-1.426273,-38.746142,-0.625677,-0.024891,0.779685,-0.779685,NA,NA,NA,NA,NA,NA,NA,NA,NA,NA,NA,NA
NA,NA,NA,NA,NA,NA,NA,NA,NA,NA,NA,NA,NA,NA,NA,NA,193,2025-10-04,13:51:37,2,4,"Mahan, Riley",10068537,Right,CLE_SCC,"Gibson, Aiden",10011511,Right,CAR_EAG,Undefined,5,Bottom,0,1,2,Fastball,Four-Seam,BallCalled,Undefined,Undefined,Undefined,0,0,NA,87.76029,1.019852,2.633589,2139.556816,139.220275,10:45:00,6.19601,-1.27734,5.35698,-21.37808,15.98631,-12.69056,5.3721,0.13682,79.32202,-2.998896,0.382238,0.439947,NA,NA,NA,NA,NA,NA,NA,NA,NA,NA,NA,7.0943,8.06323,1.04949,50,6.27301,-5.2667,-127.12053,1.55934,11.52173,27.87956,-19.07867,CAR_EAG,CLE_SCC,CarsonNewman,TeamExclusive,Team,20251004-CarsonNewman-Private-2,c6834970-a14a-11f0-8e17-f9dcdb0ff224,85.67495,NA,NA,8.43827,NA,NA,NA,NA,NA,NA,aa1485ac-9891-46a2-85a3-6504a17cc3e8,2025-10-04,17:51:37,2025-10-04T17:51:37Z,2025-10-04T17:51:37Z,NA,v3,CNE,CSCC,NA,"Christopher, Conner",10087004,Right,CLE_SCC,99d7e158-aae4-4fcb-a896-f18a587b500d,55.14153,-128.24319,13.93978,6.19475,2.32761,-9.53934,1.27092,-5.73066,5.76087,NA,NA,NA,NA,NA,NA,NA,NA,NA,NA,NA,NA,NA,NA,NA,NA,NA,NA,NA,NA,NA,NA,NA,NA,NA,NA,NA,NA,NA,NA,NA,NA,NA,NA,NA,NA,NA,NA,NA,NA,NA,NA,NA,NA,NA,NA,NA,NA,NA,NA,High,High,High,NA,NA,NA,NA,NA,142.032329,-23.77177,1958.033364,0.915158,10:45:00,0.445766,0.555757,-0.701731,38.901432,-33.923849,21.649775,-0.308538,172.586552,-0.943261,-7.049877,0.943261,-0.122733,0.308538,18.112777,-17.971144,0.122733,-0.122733,-172.586552,17.971144,0.308538,7.049877,-18.112777,-0.308538,0.122733,0.943261,-0.943261,NA,NA,NA,NA,NA,NA,NA,NA,NA,NA,NA,NA
NA,NA,NA,NA,NA,NA,NA,NA,NA,NA,NA,NA,NA,NA,NA,NA,194,2025-10-04,13:51:55,2,5,"Mahan, Riley",10068537,Right,CLE_SCC,"Gibson, Aiden",10011511,Right,CAR_EAG,Undefined,5,Bottom,0,2,2,ChangeUp,Curveball,BallCalled,Undefined,Undefined,Undefined,0,0,NA,71.15564,-1.831281,1.813243,2313.350492,327.843439,05:00:00,6.24002,-1.43943,4.89695,-69.04681,-11.09001,8.17894,-1.24754,0.95787,65.99521,-14.08552,3.263698,0.547928,NA,NA,NA,NA,NA,NA,NA,NA,NA,NA,NA,-3.55831,-4.66264,1.25434,50,6.00138,-3.55767,-103.12836,-5.56019,-3.78111,19.28174,-37.12861,CAR_EAG,CLE_SCC,CarsonNewman,TeamExclusive,Team,20251004-CarsonNewman-Private-2,d18d8510-a14a-11f0-8e17-f9dcdb0ff224,68.79085,NA,NA,5.16042,NA,NA,NA,NA,NA,NA,aa1485ac-9891-46a2-85a3-6504a17cc3e8,2025-10-04,17:51:55,2025-10-04T17:51:55Z,2025-10-04T17:51:55Z,NA,v3,CNE,CSCC,NA,"Christopher, Conner",10087004,Right,CLE_SCC,53a9f040-c3de-4fe0-8a8f-17468fc0c107,55.60966,-104.17191,9.64087,6.24793,-3.55075,-18.56431,1.44135,-3.35303,-1.89055,NA,NA,NA,NA,NA,NA,NA,NA,NA,NA,NA,NA,NA,NA,NA,NA,NA,NA,NA,NA,NA,NA,NA,NA,NA,NA,NA,NA,NA,NA,NA,NA,NA,NA,NA,NA,NA,NA,NA,NA,NA,NA,NA,NA,NA,NA,NA,NA,NA,NA,High,High,High,NA,NA,NA,NA,NA,340.657104,-54.031272,1358.731602,0.587344,05:15:00,0.797197,-0.168578,0.579705,9.239269,32.850724,-9.318135,0.36918,173.069292,-0.922567,6.438955,0.922567,-0.112145,-0.36918,21.809641,21.665082,0.112145,0.112145,-173.069292,-21.665082,0.36918,-6.438955,-21.809641,-0.36918,-0.112145,0.922567,-0.922567,NA,NA,NA,NA,NA,NA,NA,NA,NA,NA,NA,NA
NA,NA,NA,NA,NA,NA,NA,NA,NA,NA,NA,NA,NA,NA,NA,NA,195,2025-10-04,13:52:16,2,6,"Mahan, Riley",10068537,Right,CLE_SCC,"Gibson, Aiden",10011511,Right,CAR_EAG,Undefined,5,Bottom,0,3,2,Fastball,Changeup,InPlay,Undefined,LineDrive,Double,0,1,NA,86.89363,-2.154349,2.9843,2060.707294,114.837032,09:45:00,5.84479,-1.75654,5.11912,-28.93238,9.27815,-17.37977,1.4006,-0.39104,79.6153,-7.442064,-0.089942,0.444901,70.76695,19.618044,30.961469,4073.987712,88.7885,22.28195,64.93518,191.80899,190.52445,39.878742,2.529023,9.51249,5.57784,1.48982,50,5.61941,-5.78746,-125.88664,-5.81751,15.26391,25.57099,-23.22378,CAR_EAG,CLE_SCC,CarsonNewman,TeamExclusive,Team,20251004-CarsonNewman-Private-2,ddf79ed0-a14a-11f0-8e17-f9dcdb0ff224,84.72104,22.37763,NA,7.27833,NA,NA,NA,0.84929,1.37212,0.37501,aa1485ac-9891-46a2-85a3-6504a17cc3e8,2025-10-04,17:52:16,2025-10-04T17:52:16Z,2025-10-04T17:52:16Z,LineDrive,v3,CNE,CSCC,NA,"Christopher, Conner",10087004,Right,CLE_SCC,d7196951-6ee7-4ef3-8871-78272bc1b790,55.38364,-126.9755,12.7855,5.84608,-4.8286,-11.61189,1.7501,-6.43743,7.63196,228.915353,0.84925,83.83973,-16.76653,4.01185,-0.97397,0.30943,-0.09902,0.02012,-0.00175,1.37221,34.84081,-14.79957,0.07766,0.42268,-0.33461,0.1408,-0.03032,0.00267,0.37504,50.29468,-0.64532,-0.19919,0.2053,-0.12906,0.05081,-0.01086,9.6e-4,NA,NA,NA,NA,NA,NA,NA,NA,NA,NA,NA,NA,NA,NA,NA,NA,NA,NA,NA,NA,NA,NA,High,High,High,High,High,NA,NA,NA,133.847838,-22.050359,1909.975301,0.926854,10:30:00,0.382982,0.682071,-0.62298,-55.312816,29.049659,-72.286304,-0.163494,90.778731,-0.013408,-80.558368,0.013408,-0.986453,0.163494,85.311668,-9.409753,0.986453,-0.986453,-90.778731,9.409753,0.163494,80.558368,-85.311668,-0.163494,0.986453,0.013408,-0.013408,NA,NA,NA,NA,NA,NA,NA,NA,NA,NA,NA,NA
NA,NA,NA,NA,NA,NA,NA,NA,NA,NA,NA,NA,NA,NA,NA,NA,196,2025-10-04,13:53:04,3,1,"Mahan, Riley",10068537,Right,CLE_SCC,"Floyd, Logan",1000148156,Right,CAR_EAG,Undefined,5,Bottom,0,0,0,Fastball,Four-Seam,HitByPitch,Undefined,Undefined,Undefined,0,0,NA,87.05473,-0.931708,4.419277,2109.535585,142.670421,10:45:00,6.13965,-1.65631,5.5513,-22.56682,15.33288,-10.67193,3.38574,1.5923,78.707,-5.167833,2.524511,0.443087,NA,NA,NA,NA,NA,NA,NA,NA,NA,NA,NA,6.75528,8.42004,1.28041,50,6.0442,-9.26864,-125.90073,-2.78289,10.73287,27.98125,-18.79622,CAR_EAG,CLE_SCC,CarsonNewman,TeamExclusive,Team,20251004-CarsonNewman-Private-2,fa732f70-a14a-11f0-8e17-f9dcdb0ff224,85.06773,NA,NA,8.34773,NA,NA,NA,NA,NA,NA,aa1485ac-9891-46a2-85a3-6504a17cc3e8,2025-10-04,17:53:04,2025-10-04T17:53:04Z,2025-10-04T17:53:04Z,NA,v3,CNE,CSCC,NA,"Christopher, Conner",10087004,Right,CLE_SCC,f339b341-2f12-4d71-b490-f9a2008b2cbd,54.94875,-126.99582,13.99063,6.13872,-2.04727,-9.39811,1.65137,-9.68869,5.36643,NA,NA,NA,NA,NA,NA,NA,NA,NA,NA,NA,NA,NA,NA,NA,NA,NA,NA,NA,NA,NA,NA,NA,NA,NA,NA,NA,NA,NA,NA,NA,NA,NA,NA,NA,NA,NA,NA,NA,NA,NA,NA,NA,NA,NA,NA,NA,NA,NA,NA,High,High,High,NA,NA,NA,NA,NA,138.073197,-27.587436,1869.69226,0.886305,10:30:00,0.502873,0.599664,-0.622512,55.750221,-24.886555,-0.061446,-0.303369,168.318085,-0.933136,-11.124179,0.933136,-0.192936,0.303369,18.00968,-17.660044,0.192936,-0.192936,-168.318085,17.660044,0.303369,11.124179,-18.00968,-0.303369,0.192936,0.933136,-0.933136,NA,NA,NA,NA,NA,NA,NA,NA,NA,NA,NA,NA
NA,NA,NA,NA,NA,NA,NA,NA,NA,NA,NA,NA,NA,NA,NA,NA,197,2025-10-04,13:53:33,4,1,"Mahan, Riley",10068537,Right,CLE_SCC,"Nathan, Cole",1000323259,Right,CAR_EAG,Undefined,5,Bottom,0,0,0,ChangeUp,Changeup,FoulBallNotFieldable,Undefined,Undefined,Undefined,0,0,NA,80.69574,-1.430017,2.567427,1513.901175,120.692392,10:00:00,5.86228,-2.02118,5.35226,-33.28703,10.99524,-15.90013,1.74545,-0.93645,73.32973,-7.566818,-0.258219,0.478946,NA,NA,NA,NA,NA,NA,NA,NA,NA,NA,NA,8.81713,6.3978,1.80193,50,5.70992,-4.59856,-116.90252,-4.02261,12.07312,24.20338,-23.4137,CAR_EAG,CLE_SCC,CarsonNewman,TeamExclusive,Team,20251004-CarsonNewman-Private-2,0c0eefd0-a14b-11f0-8e17-f9dcdb0ff224,78.69875,NA,NA,7.36601,NA,NA,NA,NA,NA,NA,aa1485ac-9891-46a2-85a3-6504a17cc3e8,2025-10-04,17:53:33,2025-10-04T17:53:33Z,2025-10-04T17:53:33Z,NA,v3,CNE,CSCC,NA,"Christopher, Conner",10087004,Right,CLE_SCC,6c6f0e29-a0e3-4610-b19c-47861fcfa8ec,55.14919,-117.96379,12.10169,5.86379,-2.99597,-11.70685,2.01517,-5.12794,6.03656,NA,NA,NA,NA,NA,NA,NA,NA,NA,NA,NA,NA,NA,NA,NA,NA,NA,NA,NA,NA,NA,NA,NA,NA,NA,NA,NA,NA,NA,NA,NA,NA,NA,NA,NA,NA,NA,NA,NA,NA,NA,NA,NA,NA,NA,NA,NA,NA,NA,NA,High,High,High,NA,NA,NA,NA,NA,135.624752,-19.699222,1425.300298,0.941475,10:30:00,0.350369,0.666632,-0.657908,68.188492,40.627821,21.377218,0.063788,120.449482,-0.505746,59.35261,0.505746,-0.860321,-0.063788,7.188525,3.657251,0.860321,0.860321,-120.449482,-3.657251,0.063788,-59.35261,-7.188525,-0.063788,-0.860321,0.505746,-0.505746,NA,NA,NA,NA,NA,NA,NA,NA,NA,NA,NA,NA
NA,NA,NA,NA,NA,NA,NA,NA,NA,NA,NA,NA,NA,NA,NA,NA,198,2025-10-04,13:53:58,4,2,"Mahan, Riley",10068537,Right,CLE_SCC,"Nathan, Cole",1000323259,Right,CAR_EAG,Undefined,5,Bottom,0,0,1,Slider,Slider,BallCalled,Undefined,Undefined,Undefined,0,0,NA,77.34868,1.878827,1.537451,2124.232313,239.931326,02:00:00,5.90649,-2.13121,4.91632,-44.34176,3.26484,3.54961,3.98917,-0.38131,72.09688,-6.119501,2.162591,0.496598,NA,NA,NA,NA,NA,NA,NA,NA,NA,NA,NA,-1.41689,1.57012,1.97796,50,6.05265,-3.15938,-112.37513,2.11434,-1.84772,16.58135,-30.1265,CAR_EAG,CLE_SCC,CarsonNewman,TeamExclusive,Team,20251004-CarsonNewman-Private-2,1aa75b40-a14b-11f0-8e17-f9dcdb0ff224,75.9013,NA,NA,5.2518,NA,NA,NA,NA,NA,NA,aa1485ac-9891-46a2-85a3-6504a17cc3e8,2025-10-04,17:53:58,2025-10-04T17:53:58Z,2025-10-04T17:53:58Z,NA,v3,CNE,CSCC,NA,"Christopher, Conner",10087004,Right,CLE_SCC,b6f06299-80d0-42a8-bfb1-aaedabcaa4f7,55.58763,-113.1966,8.29068,5.91093,3.60687,-15.06325,2.13221,-3.06783,-0.92386,NA,NA,NA,NA,NA,NA,NA,NA,NA,NA,NA,NA,NA,NA,NA,NA,NA,NA,NA,NA,NA,NA,NA,NA,NA,NA,NA,NA,NA,NA,NA,NA,NA,NA,NA,NA,NA,NA,NA,NA,NA,NA,NA,NA,NA,NA,NA,NA,NA,NA,High,High,High,NA,NA,NA,NA,NA,24.140603,-84.779113,193.295835,0.090996,06:45:00,0.993949,0.004545,0.109745,24.959838,37.64095,-85.652635,-0.95368,177.881876,-0.300619,-0.637051,0.300619,-0.011118,0.95368,72.504109,-72.492878,0.011118,-0.011118,-177.881876,72.492878,0.95368,0.637051,-72.504109,-0.95368,0.011118,0.300619,-0.300619,NA,NA,NA,NA,NA,NA,NA,NA,NA,NA,NA,NA
NA,NA,NA,NA,NA,NA,NA,NA,NA,NA,NA,NA,NA,NA,NA,NA,199,2025-10-04,13:54:16,4,3,"Mahan, Riley",10068537,Right,CLE_SCC,"Nathan, Cole",1000323259,Right,CAR_EAG,Undefined,5,Bottom,0,1,1,ChangeUp,Changeup,FoulBallNotFieldable,Undefined,Undefined,Undefined,0,0,NA,80.25513,-0.270012,3.277703,1393.274362,123.123438,10:00:00,5.85811,-1.78119,5.447,-34.81592,9.82906,-12.66568,2.70355,0.2356,72.78368,-6.704229,1.0265,0.480903,NA,NA,NA,NA,NA,NA,NA,NA,NA,NA,NA,7.43855,5.46272,1.50051,50,5.81041,-6.15416,-116.23931,-1.68426,10.06756,23.98277,-24.78063,CAR_EAG,CLE_SCC,CarsonNewman,TeamExclusive,Team,20251004-CarsonNewman-Private-2,25b8c2d0-a14b-11f0-8e17-f9dcdb0ff224,78.3784,NA,NA,7.47146,NA,NA,NA,NA,NA,NA,aa1485ac-9891-46a2-85a3-6504a17cc3e8,2025-10-04,17:54:16,2025-10-04T17:54:16Z,2025-10-04T17:54:16Z,NA,v3,CNE,CSCC,NA,"Christopher, Conner",10087004,Right,CLE_SCC,5f5abfcc-a0d7-4cfd-964a-c57449e07324,55.05447,-117.27753,11.99138,5.86011,-0.61151,-12.39031,1.77635,-6.58999,5.03378,NA,NA,NA,NA,NA,NA,NA,NA,NA,NA,NA,NA,NA,NA,NA,NA,NA,NA,NA,NA,NA,NA,NA,NA,NA,NA,NA,NA,NA,NA,NA,NA,NA,NA,NA,NA,NA,NA,NA,NA,NA,NA,NA,NA,NA,NA,NA,NA,NA,NA,High,High,High,NA,NA,NA,NA,NA,137.860193,-12.385619,1360.847499,0.976726,10:30:00,0.252463,0.65633,-0.71098,57.569638,40.037295,11.786582,0.064486,131.353148,-0.659323,48.511543,0.659323,-0.749089,-0.064486,5.586098,3.697323,0.749089,0.749089,-131.353148,-3.697323,0.064486,-48.511543,-5.586098,-0.064486,-0.749089,0.659323,-0.659323,NA,NA,NA,NA,NA,NA,NA,NA,NA,NA,NA,NA
NA,NA,NA,NA,NA,NA,NA,NA,NA,NA,NA,NA,NA,NA,NA,NA,200,2025-10-04,13:54:43,4,4,"Mahan, Riley",10068537,Right,CLE_SCC,"Nathan, Cole",1000323259,Right,CAR_EAG,Undefined,5,Bottom,0,1,2,Slider,Curveball,InPlay,Undefined,LineDrive,Out,1,0,NA,74.9118,-0.391971,1.331896,2418.270364,287.413214,03:30:00,6.12477,-1.86367,5.0797,-52.73802,-1.25441,9.22871,1.36031,0.1612,69.03627,-9.905414,2.966822,0.516423,90.92151,19.869821,-2.610723,1253.280908,109.97002,31.00751,-2.54559,281.55466,276.77723,0.89159,3.173852,-4.23792,-0.08657,1.7297,50,6.04569,-2.88002,-108.69488,-2.52166,-5.04871,19.7998,-32.27719,CAR_EAG,CLE_SCC,CarsonNewman,TeamExclusive,Team,20251004-CarsonNewman-Private-2,35d36170-a14b-11f0-8e17-f9dcdb0ff224,72.98746,34.89972,NA,5.87553,NA,NA,NA,1.70873,1.51651,-0.14514,aa1485ac-9891-46a2-85a3-6504a17cc3e8,2025-10-04,17:54:43,2025-10-04T17:54:43Z,2025-10-04T17:54:43Z,LineDrive,v3,CNE,CSCC,NA,"Christopher, Conner",10087004,Right,CLE_SCC,78aec374-997e-4a27-ae35-da7d2fe0a79d,55.42391,-109.67844,9.8999,6.13113,-0.91827,-16.1386,1.86654,-2.62922,-2.52435,205.880856,1.70874,125.28178,-20.06955,4.46585,-0.94743,0.18616,-0.03105,0.00352,-1.9e-4,1.51651,45.32385,-16.60155,0.99275,-0.14401,0.01835,-0.00191,3.4e-4,-3e-5,-0.14515,-5.71242,4.18574,-1.08218,0.25594,-0.05449,0.00941,-0.0011,6e-5,NA,NA,NA,NA,NA,NA,NA,NA,NA,NA,NA,NA,NA,NA,NA,NA,NA,NA,NA,NA,NA,NA,High,High,High,High,High,NA,NA,NA,335.894416,-67.178574,937.951045,0.38786,05:15:00,0.914302,-0.1521,0.37539,52.467535,32.351836,-86.539767,-0.889736,176.727117,-0.45573,-1.493346,0.45573,-0.026061,0.889736,62.878093,-62.840126,0.026061,-0.026061,-176.727117,62.840126,0.889736,1.493346,-62.878093,-0.889736,0.026061,0.45573,-0.45573,NA,NA,NA,NA,NA,NA,NA,NA,NA,NA,NA,NA
NA,NA,NA,NA,NA,NA,NA,NA,NA,NA,NA,NA,NA,NA,NA,NA,201,2025-10-04,13:55:19,5,1,"Mahan, Riley",10068537,Right,CLE_SCC,"Pierce, Johno",10069844,Right,CAR_EAG,Undefined,5,Bottom,1,0,0,ChangeUp,Changeup,StrikeCalled,Undefined,Undefined,Undefined,0,0,NA,79.33505,-1.240987,3.373048,1397.738513,149.679367,11:00:00,6.01163,-1.8424,5.34581,-32.39746,13.26957,-6.86197,2.14552,0.75357,72.40976,-7.213015,2.156221,0.486377,NA,NA,NA,NA,NA,NA,NA,NA,NA,NA,NA,4.40292,7.48036,1.54307,50,5.87677,-6.49048,-114.86395,-3.54046,5.85775,22.10465,-22.22198,CAR_EAG,CLE_SCC,CarsonNewman,TeamExclusive,Team,20251004-CarsonNewman-Private-2,4b6a9260-a14b-11f0-8e17-f9dcdb0ff224,77.49636,NA,NA,6.9253,NA,NA,NA,NA,NA,NA,aa1485ac-9891-46a2-85a3-6504a17cc3e8,2025-10-04,17:55:19,2025-10-04T17:55:19Z,2025-10-04T17:55:19Z,NA,v3,CNE,CSCC,NA,"Christopher, Conner",10087004,Right,CLE_SCC,59615696-72e6-42e9-b700-5cc2ad562930,55.15313,-115.85138,11.05233,6.01275,-2.54778,-11.11099,1.83885,-6.75215,2.92887,NA,NA,NA,NA,NA,NA,NA,NA,NA,NA,NA,NA,NA,NA,NA,NA,NA,NA,NA,NA,NA,NA,NA,NA,NA,NA,NA,NA,NA,NA,NA,NA,NA,NA,NA,NA,NA,NA,NA,NA,NA,NA,NA,NA,NA,NA,NA,NA,NA,NA,High,High,High,NA,NA,NA,NA,NA,139.200251,-19.430682,1318.129827,0.943045,10:45:00,0.360692,0.623262,-0.693863,42.705541,33.102696,11.371265,0.17935,127.712582,-0.601782,51.101717,0.601782,-0.778262,-0.17935,16.595711,10.331903,0.778262,0.778262,-127.712582,-10.331903,0.17935,-51.101717,-16.595711,-0.17935,-0.778262,0.601782,-0.601782,NA,NA,NA,NA,NA,NA,NA,NA,NA,NA,NA,NA
NA,NA,NA,NA,NA,NA,NA,NA,NA,NA,NA,NA,NA,NA,NA,NA,202,2025-10-04,13:55:38,5,2,"Mahan, Riley",10068537,Right,CLE_SCC,"Pierce, Johno",10069844,Right,CAR_EAG,Undefined,5,Bottom,1,0,1,Slider,Curveball,StrikeCalled,Undefined,Undefined,Undefined,0,0,NA,76.92909,1.935935,1.291721,2307.431349,297.725451,04:00:00,5.97556,-1.95646,4.81659,-50.86507,-1.00461,5.26028,3.57189,-0.29425,69.63306,-7.28454,2.217084,0.508217,NA,NA,NA,NA,NA,NA,NA,NA,NA,NA,NA,-2.15693,-0.53681,1.82334,50,6.12449,-2.73332,-111.33991,1.92412,-2.67156,22.47189,-32.83892,CAR_EAG,CLE_SCC,CarsonNewman,TeamExclusive,Team,20251004-CarsonNewman-Private-2,567b36a0-a14b-11f0-8e17-f9dcdb0ff224,74.16598,NA,NA,7.29603,NA,NA,NA,NA,NA,NA,aa1485ac-9891-46a2-85a3-6504a17cc3e8,2025-10-04,17:55:38,2025-10-04T17:55:38Z,2025-10-04T17:55:38Z,NA,v3,CNE,CSCC,NA,"Christopher, Conner",10087004,Right,CLE_SCC,8c5b6d32-dc3d-45c9-9ed0-d7ce017a4c6e,55.68283,-112.48103,11.23595,5.98444,3.59168,-16.41946,1.95869,-2.59766,-1.33578,NA,NA,NA,NA,NA,NA,NA,NA,NA,NA,NA,NA,NA,NA,NA,NA,NA,NA,NA,NA,NA,NA,NA,NA,NA,NA,NA,NA,NA,NA,NA,NA,NA,NA,NA,NA,NA,NA,NA,NA,NA,NA,NA,NA,NA,NA,NA,NA,NA,NA,High,High,High,NA,NA,NA,NA,NA,346.484178,-80.846193,367.078375,0.159085,05:30:00,0.981708,-0.070511,0.176855,-32.001557,-15.992159,81.262531,-0.910396,162.418634,-0.394411,-7.179224,0.394411,-0.124973,0.910396,66.576273,-65.560168,0.124973,-0.124973,-162.418634,65.560168,0.910396,7.179224,-66.576273,-0.910396,0.124973,0.394411,-0.394411,NA,NA,NA,NA,NA,NA,NA,NA,NA,NA,NA,NA
NA,NA,NA,NA,NA,NA,NA,NA,NA,NA,NA,NA,NA,NA,NA,NA,203,2025-10-04,13:55:58,5,3,"Mahan, Riley",10068537,Right,CLE_SCC,"Pierce, Johno",10069844,Right,CAR_EAG,Undefined,5,Bottom,1,0,2,ChangeUp,Slider,FoulBallNotFieldable,Undefined,Undefined,Undefined,0,0,NA,76.63319,-1.117937,2.192923,2370.721351,277.436592,03:15:00,6.15538,-1.83735,5.06879,-48.68266,0.37024,8.5943,1.04348,0.94756,70.95885,-9.876914,3.713701,0.504085,NA,NA,NA,NA,NA,NA,NA,NA,NA,NA,NA,-3.72886,0.83347,1.62171,50,6.01009,-4.58702,-111.18135,-3.83634,-4.66947,19.85258,-31.13033,CAR_EAG,CLE_SCC,CarsonNewman,TeamExclusive,Team,20251004-CarsonNewman-Private-2,62311b90-a14b-11f0-8e17-f9dcdb0ff224,74.77397,NA,NA,5.67434,NA,NA,NA,NA,NA,NA,aa1485ac-9891-46a2-85a3-6504a17cc3e8,2025-10-04,17:55:58,2025-10-04T17:55:58Z,2025-10-04T17:55:58Z,NA,v3,CNE,CSCC,NA,"Christopher, Conner",10087004,Right,CLE_SCC,0783a2fb-cc04-45b0-bf34-31b47091a2e7,55.43577,-112.14776,9.92629,6.15995,-2.32093,-15.56516,1.83947,-4.35971,-2.33473,NA,NA,NA,NA,NA,NA,NA,NA,NA,NA,NA,NA,NA,NA,NA,NA,NA,NA,NA,NA,NA,NA,NA,NA,NA,NA,NA,NA,NA,NA,NA,NA,NA,NA,NA,NA,NA,NA,NA,NA,NA,NA,NA,NA,NA,NA,NA,NA,NA,NA,High,High,High,NA,NA,NA,NA,NA,343.967071,-70.955881,773.557185,0.326296,05:30:00,0.934153,-0.07166,0.349605,45.646414,35.516545,-82.391158,-0.925039,173.311398,-0.377286,-2.535872,0.377286,-0.044245,0.925039,67.811425,-67.674258,0.044245,-0.044245,-173.311398,67.674258,0.925039,2.535872,-67.811425,-0.925039,0.044245,0.377286,-0.377286,NA,NA,NA,NA,NA,NA,NA,NA,NA,NA,NA,NA
NA,NA,NA,NA,NA,NA,NA,NA,NA,NA,NA,NA,NA,NA,NA,NA,204,2025-10-04,13:56:23,5,4,"Mahan, Riley",10068537,Right,CLE_SCC,"Pierce, Johno",10069844,Right,CAR_EAG,Undefined,5,Bottom,1,0,2,Fastball,Sinker,BallCalled,Undefined,Undefined,Undefined,0,0,NA,86.66584,1.263948,3.43935,1969.652399,147.248972,11:00:00,6.15322,-1.20858,5.50984,-27.17639,10.34154,-5.95992,5.07289,1.51512,79.72118,-3.754854,2.380757,0.44085,NA,NA,NA,NA,NA,NA,NA,NA,NA,NA,NA,3.86272,5.23815,0.91219,50,6.24548,-7.2988,-125.70726,1.83419,6.2414,23.14733,-23.71024,CAR_EAG,CLE_SCC,CarsonNewman,TeamExclusive,Team,20251004-CarsonNewman-Private-2,711ab440-a14b-11f0-8e17-f9dcdb0ff224,85.49946,NA,NA,6.94466,NA,NA,NA,NA,NA,NA,aa1485ac-9891-46a2-85a3-6504a17cc3e8,2025-10-04,17:56:23,2025-10-04T17:56:23Z,2025-10-04T17:56:23Z,NA,v3,CNE,CSCC,NA,"Christopher, Conner",10087004,Right,CLE_SCC,22b1f297-3621-43b2-ac4e-8bac9c8793b2,54.99188,-126.62311,11.57367,6.15434,2.77231,-11.85512,1.20586,-7.54575,3.1207,NA,NA,NA,NA,NA,NA,NA,NA,NA,NA,NA,NA,NA,NA,NA,NA,NA,NA,NA,NA,NA,NA,NA,NA,NA,NA,NA,NA,NA,NA,NA,NA,NA,NA,NA,NA,NA,NA,NA,NA,NA,NA,NA,NA,NA,NA,NA,NA,NA,NA,High,High,High,NA,NA,NA,NA,NA,142.922319,-29.455532,1715.050416,0.870738,10:45:00,0.543978,0.51399,-0.663251,39.533664,-30.055099,17.888894,-0.332276,164.460895,-0.908707,-14.635848,0.908707,-0.252675,0.332276,20.08533,-19.406961,0.252675,-0.252675,-164.460895,19.406961,0.332276,14.635848,-20.08533,-0.332276,0.252675,0.908707,-0.908707,NA,NA,NA,NA,NA,NA,NA,NA,NA,NA,NA,NA
NA,NA,NA,NA,NA,NA,NA,NA,NA,NA,NA,NA,NA,NA,NA,NA,205,2025-10-04,13:56:56,5,5,"Mahan, Riley",10068537,Right,CLE_SCC,"Pierce, Johno",10069844,Right,CAR_EAG,Undefined,5,Bottom,1,1,2,ChangeUp,Changeup,BallCalled,Undefined,Undefined,Undefined,0,0,NA,81.16123,1.447382,1.963643,1438.706758,115.020174,09:45:00,5.83138,-1.85311,5.48359,-37.05065,5.59,-9.4178,4.09917,-0.79990000000000006,74.96885,-5.343691,0.287273,0.469984,NA,NA,NA,NA,NA,NA,NA,NA,NA,NA,NA,5.23866,2.8304,1.68741,50,5.93311,-3.66576,-117.90112,1.72332,7.45793,20.02352,-28.14464,CAR_EAG,CLE_SCC,CarsonNewman,TeamExclusive,Team,20251004-CarsonNewman-Private-2,850f0aa0-a14b-11f0-8e17-f9dcdb0ff224,80.19939,NA,NA,6.19238,NA,NA,NA,NA,NA,NA,aa1485ac-9891-46a2-85a3-6504a17cc3e8,2025-10-04,17:56:56,2025-10-04T17:56:56Z,2025-10-04T17:56:56Z,NA,v3,CNE,CSCC,NA,"Christopher, Conner",10087004,Right,CLE_SCC,78645d16-1f04-45bd-ab3a-faf6d5730c94,55.01958,-118.75055,10.01176,5.83468,2.91726,-14.07232,1.84963,-3.98214,3.72896,NA,NA,NA,NA,NA,NA,NA,NA,NA,NA,NA,NA,NA,NA,NA,NA,NA,NA,NA,NA,NA,NA,NA,NA,NA,NA,NA,NA,NA,NA,NA,NA,NA,NA,NA,NA,NA,NA,NA,NA,NA,NA,NA,NA,NA,NA,NA,NA,NA,NA,High,High,High,NA,NA,NA,NA,NA,136.307457,-22.444295,1329.726385,0.924251,10:30:00,0.420456,0.628615,-0.654263,45.72433,43.088836,-3.938805,0.299753,130.839777,-0.623876,46.199412,0.623876,-0.721753,-0.299753,25.662843,17.44276,0.721753,0.721753,-130.839777,-17.44276,0.299753,-46.199412,-25.662843,-0.299753,-0.721753,0.623876,-0.623876,NA,NA,NA,NA,NA,NA,NA,NA,NA,NA,NA,NA
NA,NA,NA,NA,NA,NA,NA,NA,NA,NA,NA,NA,NA,NA,NA,NA,206,2025-10-04,13:57:16,5,6,"Mahan, Riley",10068537,Right,CLE_SCC,"Pierce, Johno",10069844,Right,CAR_EAG,Undefined,5,Bottom,1,2,2,ChangeUp,Curveball,BallCalled,Undefined,Undefined,Undefined,0,0,NA,73.72642,2.839437,-0.317127,1954.475595,319.449788,04:45:00,6.16916,-1.49094,4.84337,-57.06432,-3.8961,4.65307,4.10452,-1.40346,68.03634,-7.437238,0.502038,0.524804,NA,NA,NA,NA,NA,NA,NA,NA,NA,NA,NA,-2.36921,-2.16587,1.5181,50,6.40095,0.40829,-106.95684,3.31988,-2.76479,17.16982,-34.70153,CAR_EAG,CLE_SCC,CarsonNewman,TeamExclusive,Team,20251004-CarsonNewman-Private-2,9107c4f0-a14b-11f0-8e17-f9dcdb0ff224,71.82187,NA,NA,5.69008,NA,NA,NA,NA,NA,NA,aa1485ac-9891-46a2-85a3-6504a17cc3e8,2025-10-04,17:57:16,2025-10-04T17:57:16Z,2025-10-04T17:57:16Z,NA,v3,CNE,CSCC,NA,"Christopher, Conner",10087004,Right,CLE_SCC,d167a926-6216-4de7-877e-f47967aca3c7,55.6607,-107.86173,8.58491,6.17779,5.14873,-17.35076,1.49275,0.55401,-1.38239,NA,NA,NA,NA,NA,NA,NA,NA,NA,NA,NA,NA,NA,NA,NA,NA,NA,NA,NA,NA,NA,NA,NA,NA,NA,NA,NA,NA,NA,NA,NA,NA,NA,NA,NA,NA,NA,NA,NA,NA,NA,NA,NA,NA,NA,NA,NA,NA,NA,NA,High,High,High,NA,NA,NA,NA,NA,338.171822,-64.792347,832.411454,0.4259,05:15:00,0.897989,-0.202985,0.3904,35.887097,26.845915,3.72443,0.611584,163.379852,-0.758126,13.079181,0.758126,-0.226297,-0.611584,38.893303,37.704124,0.226297,0.226297,-163.379852,-37.704124,0.611584,-13.079181,-38.893303,-0.611584,-0.226297,0.758126,-0.758126,NA,NA,NA,NA,NA,NA,NA,NA,NA,NA,NA,NA
NA,NA,NA,NA,NA,NA,NA,NA,NA,NA,NA,NA,NA,NA,NA,NA,207,2025-10-04,13:57:38,5,7,"Mahan, Riley",10068537,Right,CLE_SCC,"Pierce, Johno",10069844,Right,CAR_EAG,Undefined,5,Bottom,1,3,2,Slider,Curveball,InPlay,Undefined,FlyBall,Out,1,0,NA,77.34435,1.694926,0.51015,2171.723592,323.021405,04:45:00,5.95978,-2.02611,4.51058,-53.94865,-5.59922,5.15268,3.07926,-1.11071,72.22262,-7.915487,1.412637,0.500457,86.80662,21.570824000000002,-1.426493,1741.175681,109.99972,36.7392,0.2278,302.85295,297.80678,1.353668,3.612639,-2.4198,-2.83043,1.96741,50,6.08479,-1.21405,-112.39831,1.2854,-3.15059,16.97883,-35.85926,CAR_EAG,CLE_SCC,CarsonNewman,TeamExclusive,Team,20251004-CarsonNewman-Private-2,9e2fb070-a14b-11f0-8e17-f9dcdb0ff224,75.31598,42.74264,NA,5.12173,NA,NA,NA,1.95763,3.24625,1.14967,aa1485ac-9891-46a2-85a3-6504a17cc3e8,2025-10-04,17:57:38,2025-10-04T17:57:38Z,2025-10-04T17:57:38Z,LineDrive,v3,CNE,CSCC,NA,"Christopher, Conner",10087004,Right,CLE_SCC,a0571f50-5622-4ebb-ab7e-49d01e01e00b,55.99601,-113.30044,8.48942,5.96587,3.19071,-17.92963,2.02747,-1.04664,-1.5753,193.619875,1.95754,118.36371,-17.72722,3.8361,-0.74521,0.13665,-0.02252,0.0024,-9e-5,3.24605,46.8179,-14.74278,0.7525,-0.24624,0.0913,-0.02422,0.00425,-3.4e-4,1.14962,-2.94543,2.46982,-0.56265,0.09415,-0.00994,4.2e-4,3e-5,-0,NA,NA,NA,NA,NA,NA,NA,NA,NA,NA,NA,NA,NA,NA,NA,NA,NA,NA,NA,NA,NA,NA,High,High,High,High,High,NA,NA,NA,346.44327,-76.119302,520.998685,0.239901,05:30:00,0.966594,-0.084924,0.241833,-30.23994,-6.473441,84.421893,-0.958634,172.585494,-0.282263,-2.105075,0.282263,-0.036732,0.958634,73.593308,-73.462494,0.036732,-0.036732,-172.585494,73.462494,0.958634,2.105075,-73.593308,-0.958634,0.036732,0.282263,-0.282263,NA,NA,NA,NA,NA,NA,NA,NA,NA,NA,NA,NA
NA,NA,NA,NA,NA,NA,NA,NA,NA,NA,NA,NA,NA,NA,NA,NA,208,2025-10-04,13:58:27,6,1,"Mahan, Riley",10068537,Right,CLE_SCC,"Soto Diaz, Bradley",1000475324,NA,CAR_EAG,Undefined,5,Bottom,2,0,0,ChangeUp,Changeup,InPlay,Undefined,FlyBall,Single,0,1,NA,85.24098,-1.761992,3.275742,2086.241176,126.529981,10:15:00,5.77656,-1.82856,5.37935,-28.43746,10.10489,-12.29335,1.75171,0.22129,79.62027,-6.948506,1.092873,0.446828,72.39213,25.461826,-15.146211,1747.809813,105.90167,36.45608,-29.74598,235.06939,235.06939,-16.465441,3.39248,6.96268,5.77642,1.54416,50,5.59814,-6.58056,-123.8014,-4.8187,11.0337,19.83266,-23.02018,CAR_EAG,CLE_SCC,CarsonNewman,TeamExclusive,Team,20251004-CarsonNewman-Private-2,bb48e0a0-a14b-11f0-8e17-f9dcdb0ff224,84.35558,37.65187,NA,5.62071,NA,NA,NA,1.97772,1.8788,-0.20217,aa1485ac-9891-46a2-85a3-6504a17cc3e8,2025-10-04,17:58:27,2025-10-04T17:58:27Z,2025-10-04T17:58:27Z,FlyBall,v3,CNE,CSCC,NA,"Christopher, Conner",10087004,Right,CLE_SCC,91c6872b-6d34-4221-9c84-cb50b407bc6e,55.12579,-124.61983,9.91633,5.77739,-3.86873,-11.51009,1.82511,-7.03589,5.51685,170.112988,1.97738,92.54542,-13.08631,2.79655,-0.82928,0.32811,-0.10927,0.021,-0.00164,1.87922,45.63025,-15.53473,0.54595,0.2383,-0.23121,0.09499,-0.01861,0.0014,-0.20202,-25.05286,2.36072,-0.3979,0.16686,-0.09969,0.03868,-0.00773,6.1e-4,NA,NA,NA,NA,NA,NA,NA,NA,NA,NA,NA,NA,NA,NA,NA,NA,NA,NA,NA,NA,NA,NA,High,High,High,High,High,NA,NA,NA,128.726394,-21.074195,1946.704137,0.933116,10:15:00,0.369829,0.738675,-0.563547,83.378499,-41.108231,78.948422,-0.229221,96.516183,-0.110462,-75.25906,0.110462,-0.967086,0.229221,64.270476,-13.251229,0.967086,-0.967086,-96.516183,13.251229,0.229221,75.25906,-64.270476,-0.229221,0.967086,0.110462,-0.110462,NA,NA,NA,NA,NA,NA,NA,NA,NA,NA,NA,NA
NA,NA,NA,NA,NA,NA,NA,NA,NA,NA,NA,NA,NA,NA,NA,NA,209,2025-10-04,13:59:06,7,1,"Mahan, Riley",10068537,Right,CLE_SCC,"Benner, Seth",1000370212,Right,CAR_EAG,Undefined,5,Bottom,2,0,0,ChangeUp,Changeup,BallCalled,Undefined,Undefined,Undefined,0,0,NA,82.03426,-3.422563,3.870354,1647.493205,131.831071,10:30:00,5.74093,-2.02261,5.27695,-34.84817,6.865,-6.54729,-0.38898,1.07261,77.49153,-9.675506,2.709962,0.464845,NA,NA,NA,NA,NA,NA,NA,NA,NA,NA,NA,4.1204,4.42063,1.67375,50,5.40108,-7.79307,-118.97169,-8.35542,6.06416,17.07626,-25.66806,CAR_EAG,CLE_SCC,CarsonNewman,TeamExclusive,Team,20251004-CarsonNewman-Private-2,d26bbaa0-a14b-11f0-8e17-f9dcdb0ff224,81.08605,NA,NA,4.54273,NA,NA,NA,NA,NA,NA,aa1485ac-9891-46a2-85a3-6504a17cc3e8,2025-10-04,17:59:06,2025-10-04T17:59:06Z,2025-10-04T17:59:06Z,NA,v3,CNE,CSCC,NA,"Christopher, Conner",10087004,Right,CLE_SCC,1edc84c2-847f-4a59-83e7-9d4425e8a42c,55.22912,-119.71988,8.53813,5.74253,-7.23077,-12.83403,2.02103,-8.05877,3.03208,NA,NA,NA,NA,NA,NA,NA,NA,NA,NA,NA,NA,NA,NA,NA,NA,NA,NA,NA,NA,NA,NA,NA,NA,NA,NA,NA,NA,NA,NA,NA,NA,NA,NA,NA,NA,NA,NA,NA,NA,NA,NA,NA,NA,NA,NA,NA,NA,NA,NA,High,High,High,NA,NA,NA,NA,NA,128.137188,-33.061538,1380.739542,0.838085,10:15:00,0.538996,0.690575,-0.482275,62.119885,32.214531,20.602555,0.204944,114.63181,-0.407939,62.836846,0.407939,-0.88971,-0.204944,26.6744,11.826192,0.88971,0.88971,-114.63181,-11.826192,0.204944,-62.836846,-26.6744,-0.204944,-0.88971,0.407939,-0.407939,NA,NA,NA,NA,NA,NA,NA,NA,NA,NA,NA,NA
NA,NA,NA,NA,NA,NA,NA,NA,NA,NA,NA,NA,NA,NA,NA,NA,210,2025-10-04,13:59:29,7,2,"Mahan, Riley",10068537,Right,CLE_SCC,"Benner, Seth",1000370212,Right,CAR_EAG,Undefined,5,Bottom,2,1,0,ChangeUp,Changeup,InPlay,Undefined,LineDrive,Single,0,1,NA,83.56107,-0.55913,3.320234,2014.907096,112.56478,09:45:00,5.80425,-1.80947,5.74687,-32.34183,7.66158,-15.59772,2.58762,-0.01446,77.07388,-6.521856,0.53161,0.455219,102.98321,5.686172,-12.994421000000001,790.791806,NA,NA,NA,107.66761,107.66761,-12.608363,0.782273,8.86788,4.38445,1.54317,50,5.73768,-6.42893,-121.32276,-2.25096,13.31617,22.07359,-25.59029,CAR_EAG,CLE_SCC,CarsonNewman,TeamExclusive,Team,20251004-CarsonNewman-Private-2,e01224f0-a14b-11f0-8e17-f9dcdb0ff224,82.80076,4.89991,NA,6.48719,NA,NA,NA,2.02061,2.67831,0.08472,aa1485ac-9891-46a2-85a3-6504a17cc3e8,2025-10-04,17:59:29,2025-10-04T17:59:29Z,2025-10-04T17:59:29Z,GroundBall,v3,CNE,CSCC,NA,"Christopher, Conner",10087004,Right,CLE_SCC,166237a3-29d6-4b50-a20f-bb1b68da57fe,54.75749,-122.18527,11.03679,5.8061,-1.25103,-12.79514,1.80454,-6.94926,6.65809,357.247243,2.0754,145.49681,-17.76721,NA,NA,NA,NA,NA,NA,2.74843,13.74166,-22.16201,NA,NA,NA,NA,NA,NA,0.07022,-33.54321,4.38056,NA,NA,NA,NA,NA,NA,NA,NA,NA,NA,NA,NA,NA,NA,NA,NA,NA,NA,NA,NA,NA,NA,NA,NA,NA,NA,NA,NA,High,High,High,High,High,NA,NA,NA,129.695788,-34.471336,1661.108442,0.824409,10:15:00,0.589334,0.639832,-0.493255,-67.535916,36.824507,63.669124,-0.190647,100.896511,-0.185568,-74.570731,0.185568,-0.96396,0.190647,45.773347,-10.99053,0.96396,-0.96396,-100.896511,10.99053,0.190647,74.570731,-45.773347,-0.190647,0.96396,0.185568,-0.185568,NA,NA,NA,NA,NA,NA,NA,NA,NA,NA,NA,NA
NA,NA,NA,NA,NA,NA,NA,NA,NA,NA,NA,NA,NA,NA,NA,NA,211,2025-10-04,14:00:15,8,1,"Mahan, Riley",10068537,Right,CLE_SCC,"Wyatt, Jack",10013525,Right,CAR_EAG,Undefined,5,Bottom,2,0,0,Slider,Slider,BallCalled,Undefined,Undefined,Undefined,0,0,NA,80.03657,0.389603,3.104024,2096.356697,198.084705,12:30:00,6.08769,-1.87279,5.01059,-41.29046,2.96138,0.60925,3.01512,1.11079,74.94077,-7.043714,3.211394,0.478781,NA,NA,NA,NA,NA,NA,NA,NA,NA,NA,NA,0.36504,1.72949,1.57407,50,6.09137,-6.32955,-116.25881,-0.70706,0.51074,17.24123,-29.75422,CAR_EAG,CLE_SCC,CarsonNewman,TeamExclusive,Team,20251004-CarsonNewman-Private-2,fb37e990-a14b-11f0-8e17-f9dcdb0ff224,78.72582,NA,NA,5.0958,NA,NA,NA,NA,NA,NA,aa1485ac-9891-46a2-85a3-6504a17cc3e8,2025-10-04,18:00:15,2025-10-04T18:00:15Z,2025-10-04T18:00:15Z,NA,v3,CNE,CSCC,NA,"Christopher, Conner",10087004,Right,CLE_SCC,dfb0c02e-8eca-42d2-9860-064393c17ab4,55.49372,-117.0707,8.62062,6.09167,0.69406,-14.87711,1.87269,-6.3536,0.25537,NA,NA,NA,NA,NA,NA,NA,NA,NA,NA,NA,NA,NA,NA,NA,NA,NA,NA,NA,NA,NA,NA,NA,NA,NA,NA,NA,NA,NA,NA,NA,NA,NA,NA,NA,NA,NA,NA,NA,NA,NA,NA,NA,NA,NA,NA,NA,NA,NA,NA,High,High,High,NA,NA,NA,NA,NA,101.987021,-81.190783,321.04615,0.153145,09:30:00,0.989471,0.143082,0.021804,25.859761,30.041736,-86.528235,-0.886718,169.743611,-0.454924,-4.721705,0.454924,-0.082316,0.886718,62.840241,-62.463645,0.082316,-0.082316,-169.743611,62.463645,0.886718,4.721705,-62.840241,-0.886718,0.082316,0.454924,-0.454924,NA,NA,NA,NA,NA,NA,NA,NA,NA,NA,NA,NA
NA,NA,NA,NA,NA,NA,NA,NA,NA,NA,NA,NA,NA,NA,NA,NA,212,2025-10-04,14:00:50,8,2,"Mahan, Riley",10068537,Right,CLE_SCC,"Wyatt, Jack",10013525,Right,CAR_EAG,Undefined,5,Bottom,2,1,0,Fastball,Changeup,BallCalled,Undefined,Undefined,Undefined,0,0,NA,84.1307,0.289059,1.678469,1775.572371,106.702169,09:30:00,5.67684,-2.02071,5.42599,-34.11482,5.58244,-14.92552,3.10481,-1.69189,77.88735,-5.951124,-0.977957,0.453473,NA,NA,NA,NA,NA,NA,NA,NA,NA,NA,NA,7.92122,3.08894,1.88242,50,5.67869,-2.95903,-122.28671,-0.5946,12.14125,21.35482,-27.43946,CAR_EAG,CLE_SCC,CarsonNewman,TeamExclusive,Team,20251004-CarsonNewman-Private-2,1074ec90-a14c-11f0-8e17-f9dcdb0ff224,83.1194,NA,NA,6.24335,NA,NA,NA,NA,NA,NA,aa1485ac-9891-46a2-85a3-6504a17cc3e8,2025-10-04,18:00:50,2025-10-04T18:00:50Z,2025-10-04T18:00:50Z,NA,v3,CNE,CSCC,NA,"Christopher, Conner",10087004,Right,CLE_SCC,1e51d3b9-772d-4062-94bd-c83ad1aa3ec1,55.07768,-123.17022,10.67741,5.6798,0.54066,-13.71973,2.01524,-3.46135,6.07062,NA,NA,NA,NA,NA,NA,NA,NA,NA,NA,NA,NA,NA,NA,NA,NA,NA,NA,NA,NA,NA,NA,NA,NA,NA,NA,NA,NA,NA,NA,NA,NA,NA,NA,NA,NA,NA,NA,NA,NA,NA,NA,NA,NA,NA,NA,NA,NA,NA,NA,High,High,High,NA,NA,NA,NA,NA,127.009778,-27.655987,1572.71401,0.88575,10:15:00,0.483141,0.70495,-0.51925,80.4475,-41.507714,80.653887,-0.235427,102.307432,-0.207166,-71.723836,0.207166,-0.949556,0.235427,48.653562,-13.616776,0.949556,-0.949556,-102.307432,13.616776,0.235427,71.723836,-48.653562,-0.235427,0.949556,0.207166,-0.207166,NA,NA,NA,NA,NA,NA,NA,NA,NA,NA,NA,NA
NA,NA,NA,NA,NA,NA,NA,NA,NA,NA,NA,NA,NA,NA,NA,NA,213,2025-10-04,14:01:09,8,3,"Mahan, Riley",10068537,Right,CLE_SCC,"Wyatt, Jack",10013525,Right,CAR_EAG,Undefined,5,Bottom,2,2,0,ChangeUp,Changeup,BallCalled,Undefined,Undefined,Undefined,0,0,NA,79.14564,-0.323783,0.342961,1376.885024,104.59091,09:30:00,5.79956,-2.05881,5.52207,-39.7788,4.80114,-13.82284,2.18192,-2.89005,73.71564,-7.577095,-2.124194,0.480553,NA,NA,NA,NA,NA,NA,NA,NA,NA,NA,NA,7.07225,2.89244,2.03842,50,5.74458,-0.15448,-115.12443,-1.97124,9.62391,18.57739,-28.23802,CAR_EAG,CLE_SCC,CarsonNewman,TeamExclusive,Team,20251004-CarsonNewman-Private-2,1ba01db0-a14c-11f0-8e17-f9dcdb0ff224,78.43556,NA,NA,5.43,NA,NA,NA,NA,NA,NA,aa1485ac-9891-46a2-85a3-6504a17cc3e8,2025-10-04,18:01:09,2025-10-04T18:01:09Z,2025-10-04T18:01:09Z,NA,v3,CNE,CSCC,NA,"Christopher, Conner",10087004,Right,CLE_SCC,e380eaf1-00e0-4a97-91e5-13b6562cb284,54.98183,-115.92555,9.28869,5.80333,-0.75353,-14.11901,2.05403,-0.5695,4.81196,NA,NA,NA,NA,NA,NA,NA,NA,NA,NA,NA,NA,NA,NA,NA,NA,NA,NA,NA,NA,NA,NA,NA,NA,NA,NA,NA,NA,NA,NA,NA,NA,NA,NA,NA,NA,NA,NA,NA,NA,NA,NA,NA,NA,NA,NA,NA,NA,NA,NA,High,High,High,NA,NA,NA,NA,NA,133.624103,-17.618609,1312.29867,0.953092,10:30:00,0.302706,0.691626,-0.655761,61.76476,51.264579,6.63402,0.208862,129.960771,-0.628098,48.553973,0.628098,-0.74958,-0.208862,18.3936,12.055696,0.74958,0.74958,-129.960771,-12.055696,0.208862,-48.553973,-18.3936,-0.208862,-0.74958,0.628098,-0.628098,NA,NA,NA,NA,NA,NA,NA,NA,NA,NA,NA,NA
NA,NA,NA,NA,NA,NA,NA,NA,NA,NA,NA,NA,NA,NA,NA,NA,214,2025-10-04,14:01:30,8,4,"Mahan, Riley",10068537,Right,CLE_SCC,"Wyatt, Jack",10013525,Right,CAR_EAG,Undefined,5,Bottom,2,3,0,Fastball,Changeup,BallCalled,Walk,Undefined,Undefined,1,0,NA,83.89119,4.301059,0.722794,1912.526741,139.20024,10:45:00,6.13569,-1.74051,5.56936,-29.46927,10.42016,-8.06871,7.70569,-1.73765,77.14394,-1.14323,-0.714299,0.45457,NA,NA,NA,NA,NA,NA,NA,NA,NA,NA,NA,4.19284,4.59422,1.68326,50,6.48798,-1.18906,-121.59973,8.15954,6.36587,20.7123,-25.19873,CAR_EAG,CLE_SCC,CarsonNewman,TeamExclusive,Team,20251004-CarsonNewman-Private-2,285e4ae0-a14c-11f0-8e17-f9dcdb0ff224,82.91897,NA,NA,6.74725,NA,NA,NA,NA,NA,NA,aa1485ac-9891-46a2-85a3-6504a17cc3e8,2025-10-04,18:01:30,2025-10-04T18:01:30Z,2025-10-04T18:01:30Z,NA,v3,CNE,CSCC,NA,"Christopher, Conner",10087004,Right,CLE_SCC,4821cdb4-246a-415c-ab09-3727e3c7cc5d,54.93053,-122.43668,10.35615,6.13769,9.17777,-12.59936,1.73651,-1.44629,3.18294,NA,NA,NA,NA,NA,NA,NA,NA,NA,NA,NA,NA,NA,NA,NA,NA,NA,NA,NA,NA,NA,NA,NA,NA,NA,NA,NA,NA,NA,NA,NA,NA,NA,NA,NA,NA,NA,NA,NA,NA,NA,NA,NA,NA,NA,NA,NA,NA,NA,NA,High,High,High,NA,NA,NA,NA,NA,141.672718,-26.729696,1708.151057,0.893138,10:45:00,0.498854,0.51859,-0.694413,52.311407,-23.73602,-1.477779,-0.332704,169.931867,-0.928509,-9.489097,0.928509,-0.16486,0.332704,19.713644,-19.432973,0.16486,-0.16486,-169.931867,19.432973,0.332704,9.489097,-19.713644,-0.332704,0.16486,0.928509,-0.928509,NA,NA,NA,NA,NA,NA,NA,NA,NA,NA,NA,NA
NA,NA,NA,NA,NA,NA,NA,NA,NA,NA,NA,NA,NA,NA,NA,NA,215,2025-10-04,14:03:54,1,1,"Roberts, Braxton",10050666,Right,CAR_EAG,"Casteel, Brody",10088288,Right,CLE_SCC,Undefined,6,Top,0,0,0,Fastball,Sinker,StrikeCalled,Undefined,Undefined,Undefined,0,0,NA,90.01706,-0.973328,-4.36506,2066.997425,245.747614,02:15:00,4.83366,2.85221,5.76106,-26.86856,7.3152,14.23265,1.68591,-0.03269,83.72612,-5.913516,-1.825557,0.420805,NA,NA,NA,NA,NA,NA,NA,NA,NA,NA,NA,-8.23461,4.23984,-2.4985,50,4.73622,9.36657,-130.6499,-3.18135,-14.50749,22.55191,-24.70446,CAR_EAG,CLE_SCC,CarsonNewman,TeamExclusive,Team,20251004-CarsonNewman-Private-2,7db18de0-a14c-11f0-8e17-f9dcdb0ff224,89.57216,NA,NA,6.29094,NA,NA,NA,NA,NA,NA,aa1485ac-9891-46a2-85a3-6504a17cc3e8,2025-10-04,18:03:54,2025-10-04T18:03:54Z,2025-10-04T18:03:54Z,NA,v3,CNE,CSCC,NA,"Van Ness, Jameson",1000370206,Right,CAR_EAG,e0a3a21a-4afe-40db-b5f5-7e24a5f5ce08,54.74334,-131.46611,11.27596,4.83518,-2.28723,-12.35223,-2.847,9.89163,-7.25374,NA,NA,NA,NA,NA,NA,NA,NA,NA,NA,NA,NA,NA,NA,NA,NA,NA,NA,NA,NA,NA,NA,NA,NA,NA,NA,NA,NA,NA,NA,NA,NA,NA,NA,NA,NA,NA,NA,NA,NA,NA,NA,NA,NA,NA,NA,NA,NA,NA,NA,High,High,High,NA,NA,NA,NA,NA,241.461473,19.091307,1953.309559,0.944999,02:00:00,-0.346379,-0.835614,-0.426346,60.119684,68.146065,57.744132,-0.931228,170.007443,-0.35891,-3.625655,0.35891,-0.063237,0.931228,68.922558,-68.626994,0.063237,-0.063237,-170.007443,68.626994,0.931228,3.625655,-68.922558,-0.931228,0.063237,0.35891,-0.35891,NA,NA,NA,NA,NA,NA,NA,NA,NA,NA,NA,NA
NA,NA,NA,NA,NA,NA,NA,NA,NA,NA,NA,NA,NA,NA,NA,NA,216,2025-10-04,14:04:08,1,2,"Culpepper, Brock",1000215907,Right,CAR_EAG,"Casteel, Brody",10088288,Right,CLE_SCC,Undefined,6,Top,0,0,1,Slider,Curveball,BallCalled,Undefined,Undefined,Undefined,0,0,NA,77.98905,2.722546,-0.658703,2374.2814,44.885306,07:30:00,4.78448,2.92643,5.44846,-54.89219,-8.63918,-9.86599,2.76126,1.48751,72.27796,-7.239581,-2.415047,0.489487,NA,NA,NA,NA,NA,NA,NA,NA,NA,NA,NA,4.81185,-4.64677,-2.8612,50,4.98683,1.68382,-113.32906,3.50671,6.32273,18.70337,-38.27988,CAR_EAG,CLE_SCC,CarsonNewman,TeamExclusive,Team,20251004-CarsonNewman-Private-2,86681580-a14c-11f0-8e17-f9dcdb0ff224,77.00391,NA,NA,5.7110900000000004,NA,NA,NA,NA,NA,NA,aa1485ac-9891-46a2-85a3-6504a17cc3e8,2025-10-04,18:04:08,2025-10-04T18:04:08Z,2025-10-04T18:04:08Z,NA,v3,CNE,CSCC,NA,"Van Ness, Jameson",1000370206,Right,CAR_EAG,ced005e8-dda1-4423-87d4-2a65276432c6,55.05792,-114.16075,9.35168,4.79305,5.20891,-19.13994,-2.92983,1.40267,3.16136,NA,NA,NA,NA,NA,NA,NA,NA,NA,NA,NA,NA,NA,NA,NA,NA,NA,NA,NA,NA,NA,NA,NA,NA,NA,NA,NA,NA,NA,NA,NA,NA,NA,NA,NA,NA,NA,NA,NA,NA,NA,NA,NA,NA,NA,NA,NA,NA,NA,NA,High,High,High,NA,NA,NA,NA,NA,37.961271000000004,57.783372,1265.781252,0.533122,07:15:00,-0.82462,0.367755,0.429836,65.605659,12.037945,28.832221,-0.576874,130.348366,-0.528845,-38.500877,0.528845,-0.622527,0.576874,47.487181,-35.23097,0.622527,-0.622527,-130.348366,35.23097,0.576874,38.500877,-47.487181,-0.576874,0.622527,0.528845,-0.528845,NA,NA,NA,NA,NA,NA,NA,NA,NA,NA,NA,NA
NA,NA,NA,NA,NA,NA,NA,NA,NA,NA,NA,NA,NA,NA,NA,NA,217,2025-10-04,14:04:21,1,3,"Culpepper, Brock",1000215907,Right,CAR_EAG,"Casteel, Brody",10088288,Right,CLE_SCC,Undefined,6,Top,0,1,1,Slider,Curveball,BallCalled,Undefined,Undefined,Undefined,0,0,NA,77.51927,3.308196,-0.117206,2342.745719,49.48378,07:45:00,4.82291,2.80071,5.50456,-54.78542,-7.9063,-10.80579,3.35505,1.7906,71.52907,-6.662363,-2.042039,0.492789,NA,NA,NA,NA,NA,NA,NA,NA,NA,NA,NA,5.41107,-4.40512,-2.783,50,5.07499,0.64704,-112.56428,4.65024,6.99644,18.9492,-37.86982,CAR_EAG,CLE_SCC,CarsonNewman,TeamExclusive,Team,20251004-CarsonNewman-Private-2,8e198930-a14c-11f0-8e17-f9dcdb0ff224,76.48797,NA,NA,5.99019,NA,NA,NA,NA,NA,NA,aa1485ac-9891-46a2-85a3-6504a17cc3e8,2025-10-04,18:04:21,2025-10-04T18:04:21Z,2025-10-04T18:04:21Z,NA,v3,CNE,CSCC,NA,"Van Ness, Jameson",1000370206,Right,CAR_EAG,f3eec215-c203-42ab-9b36-ea380721bc05,55.00115,-113.40305,9.4746,4.83205,6.32653,-18.93491,-2.80479,0.33735,3.49822,NA,NA,NA,NA,NA,NA,NA,NA,NA,NA,NA,NA,NA,NA,NA,NA,NA,NA,NA,NA,NA,NA,NA,NA,NA,NA,NA,NA,NA,NA,NA,NA,NA,NA,NA,NA,NA,NA,NA,NA,NA,NA,NA,NA,NA,NA,NA,NA,NA,NA,High,High,High,NA,NA,NA,NA,NA,33.565881,58.392978,1227.810268,0.52409,07:00:00,-0.832627,0.338431,0.438403,67.334664,14.780498,23.796851,-0.492579,124.568948,-0.493788,-45.775867,0.493788,-0.716617,0.492579,44.92976,-29.510212,0.716617,-0.716617,-124.568948,29.510212,0.492579,45.775867,-44.92976,-0.492579,0.716617,0.493788,-0.493788,NA,NA,NA,NA,NA,NA,NA,NA,NA,NA,NA,NA
NA,NA,NA,NA,NA,NA,NA,NA,NA,NA,NA,NA,NA,NA,NA,NA,218,2025-10-04,14:04:34,1,4,"Culpepper, Brock",1000215907,Right,CAR_EAG,"Casteel, Brody",10088288,Right,CLE_SCC,Undefined,6,Top,0,2,1,Fastball,Sinker,InPlay,Undefined,GroundBall,Out,1,0,NA,88.2981,-0.45375,-3.489474,2050.095324,238.863037,02:00:00,4.88082,2.84097,6.31243,-26.54431,8.21985,12.07879,2.25002,0.62907,82.0275,-5.397256,-1.308882,0.424363,69.83011,-49.698163,-3.998535,NA,NA,NA,NA,3.61031,3.61031,-12.275685,0.028941,-7.14244,4.66847,-2.59084,50,4.83454,7.37115,-128.38028,-1.84852,-12.11906,22.4219,-24.25274,CAR_EAG,CLE_SCC,CarsonNewman,TeamExclusive,Team,20251004-CarsonNewman-Private-2,9619b920-a14c-11f0-8e17-f9dcdb0ff224,88.82129,2.26814,NA,6.27059,NA,NA,NA,1.60879,2.26814,-0.63347,aa1485ac-9891-46a2-85a3-6504a17cc3e8,2025-10-04,18:04:34,2025-10-04T18:04:34Z,2025-10-04T18:04:34Z,GroundBall,v3,CNE,CSCC,NA,"Van Ness, Jameson",1000370206,Right,CAR_EAG,8dec4182-9a63-48b5-a245-0f617686d067,54.19252,-129.11044,11.21095,4.88188,-1.05874,-12.12637,-2.83731,7.7658,-6.05953,NA,1.60776,66.30593,NA,NA,NA,NA,NA,NA,NA,2.26936,-78.37096,NA,NA,NA,NA,NA,NA,NA,-0.6334,-4.63486,NA,NA,NA,NA,NA,NA,NA,NA,NA,NA,NA,NA,NA,NA,NA,NA,NA,NA,NA,NA,NA,NA,NA,NA,NA,NA,NA,NA,NA,High,High,High,Estimated,Estimated,NA,NA,NA,238.956006,28.257381,1805.784962,0.88083,02:00:00,-0.494223,-0.758396,-0.424947,8.666263,49.871048,-12.867965,-0.916949,161.938065,-0.379342,-7.106213,0.379342,-0.123709,0.916949,67.525133,-66.484083,0.123709,-0.123709,-161.938065,66.484083,0.916949,7.106213,-67.525133,-0.916949,0.123709,0.379342,-0.379342,NA,NA,NA,NA,NA,NA,NA,NA,NA,NA,NA,NA
NA,NA,NA,NA,NA,NA,NA,NA,NA,NA,NA,NA,NA,NA,NA,NA,219,2025-10-04,14:04:59,2,1,"Culpepper, Brock",1000215907,Right,CAR_EAG,"Baker, Adam",831407,Right,CLE_SCC,Undefined,6,Top,1,0,0,Fastball,Sinker,StrikeSwinging,Undefined,Undefined,Undefined,0,0,NA,89.17906,0.325515,-3.906607,2043.942581,236.49329,02:00:00,4.87106,2.75663,5.94543,-25.10509,9.85138,13.30009,3.08162,0.23558,81.8286,-4.354668,-1.524827,0.425535,NA,NA,NA,NA,NA,NA,NA,NA,NA,NA,NA,-7.81347,5.29264,-2.45231,50,4.88287,8.27451,-129.37893,-0.09592,-13.32897,25.36612,-23.14532,CAR_EAG,CLE_SCC,CarsonNewman,TeamExclusive,Team,20251004-CarsonNewman-Private-2,a4de8bc0-a14c-11f0-8e17-f9dcdb0ff224,88.57662,NA,NA,7.35047,NA,NA,NA,NA,NA,NA,aa1485ac-9891-46a2-85a3-6504a17cc3e8,2025-10-04,18:04:59,2025-10-04T18:04:59Z,2025-10-04T18:04:59Z,NA,v3,CNE,CSCC,NA,"Van Ness, Jameson",1000370206,Right,CAR_EAG,520c995b-9fc1-4eae-b756-552287c2a973,54.55677,-130.26927,12.68306,4.87198,0.71647,-11.57266,-2.75095,8.74235,-6.66449,NA,NA,NA,NA,NA,NA,NA,NA,NA,NA,NA,NA,NA,NA,NA,NA,NA,NA,NA,NA,NA,NA,NA,NA,NA,NA,NA,NA,NA,NA,NA,NA,NA,NA,NA,NA,NA,NA,NA,NA,NA,NA,NA,NA,NA,NA,NA,NA,NA,NA,High,High,High,NA,NA,NA,NA,NA,240.152358,21.541934,1901.171319,0.930149,02:00:00,-0.402435,-0.804668,-0.436527,33.018007,60.387558,18.757048,-0.950995,168.209375,-0.302682,-3.622463,0.302682,-0.063182,0.950995,72.344829,-71.988636,0.063182,-0.063182,-168.209375,71.988636,0.950995,3.622463,-72.344829,-0.950995,0.063182,0.302682,-0.302682,NA,NA,NA,NA,NA,NA,NA,NA,NA,NA,NA,NA
NA,NA,NA,NA,NA,NA,NA,NA,NA,NA,NA,NA,NA,NA,NA,NA,220,2025-10-04,14:05:14,2,2,"Culpepper, Brock",1000215907,Right,CAR_EAG,"Baker, Adam",831407,Right,CLE_SCC,Undefined,6,Top,1,0,1,Fastball,Sinker,InPlay,Undefined,GroundBall,Out,1,0,NA,89.79405,-0.810762,-3.29497,2113.817964,233.999353,01:45:00,4.85373,2.74692,5.68587,-25.37297,9.19831,11.32697,1.98228,0.61611,83.05828,-5.494555,-1.273338,0.423184,92.92571,-13.419424,-25.921581,NA,NA,NA,NA,9.82901,9.82901,-25.084465,0.061608,-6.59111,5.16965,-2.47661,50,4.7693,7.02666,-130.39988,-2.74157,-11.49293,24.16054,-23.15973,CAR_EAG,CLE_SCC,CarsonNewman,TeamExclusive,Team,20251004-CarsonNewman-Private-2,ad9ded00-a14c-11f0-8e17-f9dcdb0ff224,89.06872,1.95152,NA,6.73577,NA,NA,NA,1.54556,1.95152,-0.59154,aa1485ac-9891-46a2-85a3-6504a17cc3e8,2025-10-04,18:05:14,2025-10-04T18:05:14Z,2025-10-04T18:05:14Z,GroundBall,v3,CNE,CSCC,NA,"Van Ness, Jameson",1000370206,Right,CAR_EAG,c6087f6d-472e-42ac-be17-3aa737498175,54.81814,-131.28955,12.08027,4.85455,-1.88875,-11.57987,-2.74315,7.44987,-5.74646,180,1.54383,119.40703,NA,NA,NA,NA,NA,NA,NA,1.95198,-31.67641,NA,NA,NA,NA,NA,NA,NA,-0.5907,-58.03653,NA,NA,NA,NA,NA,NA,NA,NA,NA,NA,NA,NA,NA,NA,NA,NA,NA,NA,NA,NA,NA,NA,NA,NA,NA,NA,NA,NA,NA,High,High,High,High,High,NA,NA,NA,239.070354,16.618335,2025.526117,0.958231,02:00:00,-0.30219,-0.825934,-0.475935,71.937529,63.641327,69.700036,-0.951142,173.354231,-0.30668,-2.047752,0.30668,-0.035732,0.951142,72.12892,-72.015788,0.035732,-0.035732,-173.354231,72.015788,0.951142,2.047752,-72.12892,-0.951142,0.035732,0.30668,-0.30668,NA,NA,NA,NA,NA,NA,NA,NA,NA,NA,NA,NA
NA,NA,NA,NA,NA,NA,NA,NA,NA,NA,NA,NA,NA,NA,NA,NA,221,2025-10-04,14:05:42,3,1,"Culpepper, Brock",1000215907,Right,CAR_EAG,"Coe, Parker",836093,Right,CLE_SCC,Undefined,6,Top,2,0,0,Fastball,Sinker,BallCalled,Undefined,Undefined,Undefined,0,0,NA,89.85811,0.319164,-2.323578,1958.466171,251.678784,02:30:00,4.95132,2.79572,5.67516,-28.21628,6.25024,15.99906,2.89778,1.96148,83.08532,-4.878518,0.534956,0.422542,NA,NA,NA,NA,NA,NA,NA,NA,NA,NA,NA,-8.66245,3.40827,-2.60967,50,4.96043,4.60069,-130.6146,-0.29454,-15.1599,24.14634,-26.20932,CAR_EAG,CLE_SCC,CarsonNewman,TeamExclusive,Team,20251004-CarsonNewman-Private-2,be41dfe0-a14c-11f0-8e17-f9dcdb0ff224,89.204,NA,NA,6.77278,NA,NA,NA,NA,NA,NA,aa1485ac-9891-46a2-85a3-6504a17cc3e8,2025-10-04,18:05:42,2025-10-04T18:05:42Z,2025-10-04T18:05:42Z,NA,v3,CNE,CSCC,NA,"Van Ness, Jameson",1000370206,Right,CAR_EAG,17272f98-c0d6-45ad-87f3-636484867a35,54.82844,-131.50419,12.07317,4.95349,0.67106,-13.10466,-2.78945,5.1592,-7.57995,NA,NA,NA,NA,NA,NA,NA,NA,NA,NA,NA,NA,NA,NA,NA,NA,NA,NA,NA,NA,NA,NA,NA,NA,NA,NA,NA,NA,NA,NA,NA,NA,NA,NA,NA,NA,NA,NA,NA,NA,NA,NA,NA,NA,NA,NA,NA,NA,NA,NA,High,High,High,NA,NA,NA,NA,NA,241.036788,14.204665,1898.586798,0.969425,02:00:00,-0.268934,-0.8468,-0.458916,35.549183,58.986914,30.102588,-0.951424,169.777452,-0.302996,-3.132236,0.302996,-0.054641,0.951424,72.335133,-72.068309,0.054641,-0.054641,-169.777452,72.068309,0.951424,3.132236,-72.335133,-0.951424,0.054641,0.302996,-0.302996,NA,NA,NA,NA,NA,NA,NA,NA,NA,NA,NA,NA
NA,NA,NA,NA,NA,NA,NA,NA,NA,NA,NA,NA,NA,NA,NA,NA,222,2025-10-04,14:05:53,3,2,"Culpepper, Brock",1000215907,Right,CAR_EAG,"Coe, Parker",836093,Right,CLE_SCC,Undefined,6,Top,2,1,0,Fastball,Sinker,FoulBallNotFieldable,Undefined,Undefined,Undefined,0,0,NA,89.79999,-0.492526,-3.264657,2068.647516,249.447095,02:15:00,4.91002,2.79365,5.84803,-27.23872,7.1628,16.4858,2.18167,1.13033,82.91147,-5.529529,-0.312097,0.422144,NA,NA,NA,NA,NA,NA,NA,NA,NA,NA,NA,-9.26871,4.08378,-2.53763,50,4.85373,6.7491,-130.44326,-2.07111,-16.1398,24.70408,-25.06283,CAR_EAG,CLE_SCC,CarsonNewman,TeamExclusive,Team,20251004-CarsonNewman-Private-2,c4d4eb40-a14c-11f0-8e17-f9dcdb0ff224,89.2882,NA,NA,6.88852,NA,NA,NA,NA,NA,NA,aa1485ac-9891-46a2-85a3-6504a17cc3e8,2025-10-04,18:05:53,2025-10-04T18:05:53Z,2025-10-04T18:05:53Z,NA,v3,CNE,CSCC,NA,"Van Ness, Jameson",1000370206,Right,CAR_EAG,3fc89af1-acb8-4997-9662-8daf1acf8242,54.65628,-131.32213,12.35204,4.91156,-1.17947,-12.53142,-2.78795,7.32329,-8.0699,NA,NA,NA,NA,NA,NA,NA,NA,NA,NA,NA,NA,NA,NA,NA,NA,NA,NA,NA,NA,NA,NA,NA,NA,NA,NA,NA,NA,NA,NA,NA,NA,NA,NA,NA,NA,NA,NA,NA,NA,NA,NA,NA,NA,NA,NA,NA,NA,NA,NA,High,High,High,NA,NA,NA,NA,NA,240.990446,15.264876,1995.663559,0.964719,02:00:00,-0.282247,-0.845916,-0.452507,45.467242,62.026938,39.277357,-0.959823,170.58324,-0.276824,-2.631442,0.276824,-0.045911,0.959823,73.911811,-73.703641,0.045911,-0.045911,-170.58324,73.703641,0.959823,2.631442,-73.911811,-0.959823,0.045911,0.276824,-0.276824,NA,NA,NA,NA,NA,NA,NA,NA,NA,NA,NA,NA
NA,NA,NA,NA,NA,NA,NA,NA,NA,NA,NA,NA,NA,NA,NA,NA,223,2025-10-04,14:06:12,3,3,"Culpepper, Brock",1000215907,Right,CAR_EAG,"Coe, Parker",836093,Right,CLE_SCC,Undefined,6,Top,2,1,1,Slider,Curveball,BallCalled,Undefined,Undefined,Undefined,0,0,NA,78.13586,2.597073,0.416364,2571.26127,43.894997,07:30:00,4.90075,2.7749,5.53169,-55.80554,-9.59658,-10.54406,2.67982,2.28546,71.98423,-7.559729,-1.464866,0.489254,NA,NA,NA,NA,NA,NA,NA,NA,NA,NA,NA,5.41622,-5.07666,-2.80394,50,5.08924,-0.41336,-113.49649,3.23495,7.09062,20.06268,-38.8201,CAR_EAG,CLE_SCC,CarsonNewman,TeamExclusive,Team,20251004-CarsonNewman-Private-2,d03bc5d0-a14c-11f0-8e17-f9dcdb0ff224,77.04061,NA,NA,6.15162,NA,NA,NA,NA,NA,NA,aa1485ac-9891-46a2-85a3-6504a17cc3e8,2025-10-04,18:06:12,2025-10-04T18:06:12Z,2025-10-04T18:06:12Z,NA,v3,CNE,CSCC,NA,"Van Ness, Jameson",1000370206,Right,CAR_EAG,d6d85aa1-f161-4cac-b336-4ff845db7417,54.97385,-114.37234,10.03134,4.91103,4.92966,-19.41005,-2.77914,-0.7229,3.54531,NA,NA,NA,NA,NA,NA,NA,NA,NA,NA,NA,NA,NA,NA,NA,NA,NA,NA,NA,NA,NA,NA,NA,NA,NA,NA,NA,NA,NA,NA,NA,NA,NA,NA,NA,NA,NA,NA,NA,NA,NA,NA,NA,NA,NA,NA,NA,NA,NA,NA,High,High,High,NA,NA,NA,NA,NA,36.168105,54.021626,1510.56417,0.58748,07:15:00,-0.796123,0.383017,0.468493,43.89513,23.882774,22.809177,-0.609246,113.86893,-0.320877,-46.482203,0.320877,-0.72516,0.609246,62.225196,-37.53499,0.72516,-0.72516,-113.86893,37.53499,0.609246,46.482203,-62.225196,-0.609246,0.72516,0.320877,-0.320877,NA,NA,NA,NA,NA,NA,NA,NA,NA,NA,NA,NA
NA,NA,NA,NA,NA,NA,NA,NA,NA,NA,NA,NA,NA,NA,NA,NA,224,2025-10-04,14:06:26,3,4,"Culpepper, Brock",1000215907,Right,CAR_EAG,"Coe, Parker",836093,Right,CLE_SCC,Undefined,6,Top,2,2,1,Slider,Curveball,BallCalled,Undefined,Undefined,Undefined,0,0,NA,78.82127,1.414189,-1.914737,2597.869528,51.793578,07:45:00,4.96572,2.71636,5.51294,-56.72928,-10.60855,-15.42859,1.56177,-0.36058,71.97338,-8.903077,-4.664856,0.488787,NA,NA,NA,NA,NA,NA,NA,NA,NA,NA,NA,7.13579,-5.25614,-2.53895,50,5.05146,4.43862,-114.33464,0.84947,9.32736,23.5468,-39.04448,CAR_EAG,CLE_SCC,CarsonNewman,TeamExclusive,Team,20251004-CarsonNewman-Private-2,d8d639f0-a14c-11f0-8e17-f9dcdb0ff224,77.11426,NA,NA,6.84789,NA,NA,NA,NA,NA,NA,aa1485ac-9891-46a2-85a3-6504a17cc3e8,2025-10-04,18:06:26,2025-10-04T18:06:26Z,2025-10-04T18:06:26Z,NA,v3,CNE,CSCC,NA,"Van Ness, Jameson",1000370206,Right,CAR_EAG,3d8b96be-6c28-4f1d-b0ea-a5aeefa1ea34,54.99102,-115.35794,11.7734,4.97767,2.54627,-19.52224,-2.72303,4.03327,4.66368,NA,NA,NA,NA,NA,NA,NA,NA,NA,NA,NA,NA,NA,NA,NA,NA,NA,NA,NA,NA,NA,NA,NA,NA,NA,NA,NA,NA,NA,NA,NA,NA,NA,NA,NA,NA,NA,NA,NA,NA,NA,NA,NA,NA,NA,NA,NA,NA,NA,NA,High,High,High,NA,NA,NA,NA,NA,36.556322,59.604142,1314.447713,0.505971,07:15:00,-0.840793,0.322559,0.434768,44.689325,18.567807,31.649817,-0.676524,116.973794,-0.334028,-41.018964,0.334028,-0.656309,0.676524,63.722516,-42.572572,0.656309,-0.656309,-116.973794,42.572572,0.676524,41.018964,-63.722516,-0.676524,0.656309,0.334028,-0.334028,NA,NA,NA,NA,NA,NA,NA,NA,NA,NA,NA,NA
NA,NA,NA,NA,NA,NA,NA,NA,NA,NA,NA,NA,NA,NA,NA,NA,225,2025-10-04,14:06:39,3,5,"Culpepper, Brock",1000215907,Right,CAR_EAG,"Coe, Parker",836093,Right,CLE_SCC,Undefined,6,Top,2,3,1,Fastball,Sinker,InPlay,Undefined,GroundBall,Single,0,0,NA,88.97395,-1.141734,-3.732586,2175.151286,252.182303,02:30:00,4.84567,2.75986,5.87095,-28.55513,6.96882,18.04595,1.40313,0.79157,81.16474,-6.44135,-0.500094,0.428975,77.36982,10.301165,-17.197558,2060.099733,102.55772,5.38768,-39.77322,138.30334,137.75357,-22.206329,1.434219,-10.31745,4.23851,-2.46785,50,4.73646,7.65406,-128.98828,-3.55499,-17.32239,27.6962,-25.05786,CAR_EAG,CLE_SCC,CarsonNewman,TeamExclusive,Team,20251004-CarsonNewman-Private-2,e0a71c80-a14c-11f0-8e17-f9dcdb0ff224,87.8663,7.97426,NA,7.80921,NA,NA,NA,0.79494,1.35094,-0.76388,aa1485ac-9891-46a2-85a3-6504a17cc3e8,2025-10-04,18:06:39,2025-10-04T18:06:39Z,2025-10-04T18:06:39Z,GroundBall,v3,CNE,CSCC,NA,"Van Ness, Jameson",1000370206,Right,CAR_EAG,9f78a96a-b7fd-46b8-affb-19dc930686bc,54.63177,-129.979,13.8481,4.84759,-2.65864,-12.52893,-2.75273,8.2737,-8.66119,109.240638,0.79494,106.65469,-14.71519,1.97779,-0.3236,-0.04365,0.08108,-0.03762,0.00649,1.35094,20.29196,-16.25357,1.21926,-0.20135,0.05042,-0.0114,0.00279,-4.1e-4,-0.76387,-33.01063,-2.98904,0.87729,-0.08423,-0.18452,0.19492,-0.08768,0.01519,NA,NA,NA,NA,NA,NA,NA,NA,NA,NA,NA,NA,NA,NA,NA,NA,NA,NA,NA,NA,NA,NA,High,High,High,High,High,NA,NA,NA,238.615487,19.841008,2046.030137,0.940638,02:00:00,-0.354547,-0.809618,-0.467776,42.515177,60.391396,40.15324,-0.909798,177.976354,-0.414792,-0.839771,0.414792,-0.014656,0.909798,65.490992,-65.477497,0.014656,-0.014656,-177.976354,65.477497,0.909798,0.839771,-65.490992,-0.909798,0.014656,0.414792,-0.414792,NA,NA,NA,NA,NA,NA,NA,NA,NA,NA,NA,NA
NA,NA,NA,NA,NA,NA,NA,NA,NA,NA,NA,NA,NA,NA,NA,NA,226,2025-10-04,14:07:08,4,1,"Culpepper, Brock",1000215907,Right,CAR_EAG,"Long, Ryan",10089030,Left,CLE_SCC,Undefined,6,Top,2,0,0,Fastball,Changeup,BallCalled,Undefined,Undefined,Undefined,0,0,NA,86.59673,1.235673,-3.771714,2027.47659,249.22273,02:15:00,4.88079,2.80214,5.82974,-30.3273,7.30256,15.96119,3.5049,0.62091,78.61344,-4.407191,-0.918809,0.441507,NA,NA,NA,NA,NA,NA,NA,NA,NA,NA,NA,-9.18745,3.75169,-2.50289,50,4.9642,7.59533,-125.47128,1.69137,-14.58029,26.45242,-26.22018,CAR_EAG,CLE_SCC,CarsonNewman,TeamExclusive,Team,20251004-CarsonNewman-Private-2,f1c56f80-a14c-11f0-8e17-f9dcdb0ff224,85.37224,NA,NA,7.98329,NA,NA,NA,NA,NA,NA,aa1485ac-9891-46a2-85a3-6504a17cc3e8,2025-10-04,18:07:08,2025-10-04T18:07:08Z,2025-10-04T18:07:08Z,NA,v3,CNE,CSCC,NA,"Van Ness, Jameson",1000370206,Right,CAR_EAG,b7ee33d1-ceee-4e8c-92fc-c26d1bbfd99b,54.6711,-126.45223,13.22621,4.88345,2.66371,-13.11009,-2.79457,8.13601,-7.29014,NA,NA,NA,NA,NA,NA,NA,NA,NA,NA,NA,NA,NA,NA,NA,NA,NA,NA,NA,NA,NA,NA,NA,NA,NA,NA,NA,NA,NA,NA,NA,NA,NA,NA,NA,NA,NA,NA,NA,NA,NA,NA,NA,NA,NA,NA,NA,NA,NA,NA,High,High,High,NA,NA,NA,NA,NA,241.371217,13.247152,1973.526757,0.973391,02:00:00,-0.277667,-0.849246,-0.449091,20.743388,58.682466,20.652333,-0.903419,167.456217,-0.418524,-5.343135,0.418524,-0.09312,0.903419,65.143265,-64.611195,0.09312,-0.09312,-167.456217,64.611195,0.903419,5.343135,-65.143265,-0.903419,0.09312,0.418524,-0.418524,NA,NA,NA,NA,NA,NA,NA,NA,NA,NA,NA,NA
NA,NA,NA,NA,NA,NA,NA,NA,NA,NA,NA,NA,NA,NA,NA,NA,227,2025-10-04,14:07:25,4,2,"Culpepper, Brock",1000215907,Right,CAR_EAG,"Long, Ryan",10089030,Left,CLE_SCC,Undefined,6,Top,2,1,0,Fastball,Sinker,StrikeCalled,Undefined,Undefined,Undefined,0,0,NA,87.93251,-0.387475,-4.458942,2172.733116,261.728079,02:45:00,4.74481,2.70672,5.88738,-32.73911,3.62484,16.78422,1.65565,-0.04361,80.25423,-6.439558,-1.456064,0.434017,NA,NA,NA,NA,NA,NA,NA,NA,NA,NA,NA,-9.82441,2.33677,-2.35583,50,4.69468,9.22687,-127.39538,-2.00227,-16.11042,26.70338,-28.34214,CAR_EAG,CLE_SCC,CarsonNewman,TeamExclusive,Team,20251004-CarsonNewman-Private-2,fb9ad4a0-a14c-11f0-8e17-f9dcdb0ff224,86.84552,NA,NA,7.67829,NA,NA,NA,NA,NA,NA,aa1485ac-9891-46a2-85a3-6504a17cc3e8,2025-10-04,18:07:25,2025-10-04T18:07:25Z,2025-10-04T18:07:25Z,NA,v3,CNE,CSCC,NA,"Van Ness, Jameson",1000370206,Right,CAR_EAG,39fb3aec-25e5-42ae-a51a-55733e80613e,54.61495,-128.35908,13.35169,4.74848,-0.97944,-14.17107,-2.69931,9.80828,-8.05521,NA,NA,NA,NA,NA,NA,NA,NA,NA,NA,NA,NA,NA,NA,NA,NA,NA,NA,NA,NA,NA,NA,NA,NA,NA,NA,NA,NA,NA,NA,NA,NA,NA,NA,NA,NA,NA,NA,NA,NA,NA,NA,NA,NA,NA,NA,NA,NA,NA,NA,High,High,High,NA,NA,NA,NA,NA,241.881057,13.360387,2113.929983,0.972936,02:00:00,-0.260235,-0.859644,-0.439647,28.145133,50.785749,26.653146,0.93179,172.079435,-0.359535,2.867197,0.359535,-0.050021,-0.93179,68.900684,68.715572,0.050021,0.050021,-172.079435,-68.715572,0.93179,-2.867197,-68.900684,-0.93179,-0.050021,0.359535,-0.359535,NA,NA,NA,NA,NA,NA,NA,NA,NA,NA,NA,NA
NA,NA,NA,NA,NA,NA,NA,NA,NA,NA,NA,NA,NA,NA,NA,NA,228,2025-10-04,14:07:40,4,3,"Culpepper, Brock",1000215907,Right,CAR_EAG,"Long, Ryan",10089030,Left,CLE_SCC,Undefined,6,Top,2,1,1,Fastball,Changeup,FoulBallNotFieldable,Undefined,Undefined,Undefined,0,0,NA,87.14594,-0.70772,-4.272488,2093.721712,247.307148,02:15:00,4.77437,2.81659,5.96941,-29.15045,7.72792,15.61501,1.68712,0.14911,79.56015,-6.129233,-1.474473,0.437076,99.60753,-50.597135,-115.187394,NA,NA,NA,NA,2.43221,2.4211,-40.052446,0.017966,-9.29465,4.50729,-2.48638,50,4.7018,8.81118,-126.31076,-2.51963,-14.9818,26.27416,-24.90887,CAR_EAG,CLE_SCC,CarsonNewman,TeamExclusive,Team,20251004-CarsonNewman-Private-2,04c37f00-a14d-11f0-8e17-f9dcdb0ff224,86.2377,2.03102,NA,7.58579,NA,NA,NA,2.57181,2.03102,-0.05527,aa1485ac-9891-46a2-85a3-6504a17cc3e8,2025-10-04,18:07:40,2025-10-04T18:07:40Z,2025-10-04T18:07:40Z,GroundBall,v3,CNE,CSCC,NA,"Van Ness, Jameson",1000370206,Right,CAR_EAG,589921b2-ef2c-4916-b4e0-2e63bbf1be49,54.53395,-127.25038,13.13708,4.77597,-1.62884,-12.45444,-2.81107,9.34697,-7.4909,NA,2.57198,-39.5235,NA,NA,NA,NA,NA,NA,NA,2.0315,-113.04988,NA,NA,NA,NA,NA,NA,NA,-0.05491,-84.0397,NA,NA,NA,NA,NA,NA,NA,NA,NA,NA,NA,NA,NA,NA,NA,NA,NA,NA,NA,NA,NA,NA,NA,NA,NA,NA,NA,NA,NA,High,High,High,Low,Low,NA,NA,NA,239.449328,21.347567,1950.070079,0.931389,02:00:00,-0.388376,-0.806529,-0.44573,16.09347,61.933598,8.230104,-0.893833,159.367048,-0.419639,-9.091253,0.419639,-0.158007,0.893833,64.850775,-63.358897,0.158007,-0.158007,-159.367048,63.358897,0.893833,9.091253,-64.850775,-0.893833,0.158007,0.419639,-0.419639,NA,NA,NA,NA,NA,NA,NA,NA,NA,NA,NA,NA
NA,NA,NA,NA,NA,NA,NA,NA,NA,NA,NA,NA,NA,NA,NA,NA,229,2025-10-04,14:08:01,4,4,"Culpepper, Brock",1000215907,Right,CAR_EAG,"Long, Ryan",10089030,Left,CLE_SCC,Undefined,6,Top,2,1,2,Slider,Curveball,StrikeCalled,Strikeout,Undefined,Undefined,0,0,NA,78.25641,1.521211,-1.511448,2561.799749,45.945988,07:30:00,4.78508,2.8925,5.52425,-53.13471,-7.31922,-8.86741,1.78028,0.74009,72.68025,-8.12396,-3.092837,0.487167,NA,NA,NA,NA,NA,NA,NA,NA,NA,NA,NA,4.11331,-3.71473,-2.75482,50,4.88152,3.33981,-113.76423,1.22223,5.43986,19.0867,-37.08678,CAR_EAG,CLE_SCC,CarsonNewman,TeamExclusive,Team,20251004-CarsonNewman-Private-2,1173c980-a14d-11f0-8e17-f9dcdb0ff224,77.37072,NA,NA,5.57616,NA,NA,NA,NA,NA,NA,aa1485ac-9891-46a2-85a3-6504a17cc3e8,2025-10-04,18:08:01,2025-10-04T18:08:01Z,2025-10-04T18:08:01Z,NA,v3,CNE,CSCC,NA,"Van Ness, Jameson",1000370206,Right,CAR_EAG,2afea68c-c733-44ef-8166-571d0fe9fd00,54.98171,-114.59699,9.54335,4.79289,2.84033,-18.54339,-2.89536,3.10247,2.71993,NA,NA,NA,NA,NA,NA,NA,NA,NA,NA,NA,NA,NA,NA,NA,NA,NA,NA,NA,NA,NA,NA,NA,NA,NA,NA,NA,NA,NA,NA,NA,NA,NA,NA,NA,NA,NA,NA,NA,NA,NA,NA,NA,NA,NA,NA,NA,NA,NA,NA,High,High,High,NA,NA,NA,NA,NA,31.397576,62.615687,1178.316932,0.459957,07:00:00,-0.870605,0.263113,0.415715,66.129731,14.358973,34.952633,-0.529889,130.166803,-0.547016,-40.39603,0.547016,-0.648067,0.529889,44.088872,-31.997974,0.648067,-0.648067,-130.166803,31.997974,0.529889,40.39603,-44.088872,-0.529889,0.648067,0.547016,-0.547016,NA,NA,NA,NA,NA,NA,NA,NA,NA,NA,NA,NA
NA,NA,NA,NA,NA,NA,NA,NA,NA,NA,NA,NA,NA,NA,NA,NA,230,2025-10-04,14:11:06,1,1,"Mahan, Riley",10068537,Right,CLE_SCC,"Wyatt, Jack",10013525,Right,CAR_EAG,Undefined,6,Bottom,0,0,0,Slider,Curveball,StrikeCalled,Undefined,Undefined,Undefined,0,0,NA,69.88258,2.142718,-1.506251,2332.717786,67.667869,08:15:00,5.63532,1.70607,6.00141,-61.03873,-4.58977,-14.90457,2.53587,-0.93203,65.13261,-9.033603,-4.186588,0.540754,NA,NA,NA,NA,NA,NA,NA,NA,NA,NA,NA,7.29611,-2.42524,-1.57937,50,5.77039,3.15102,-101.63224,2.10196,7.69764,15.29865,-34.73274,CAR_EAG,CLE_SCC,CarsonNewman,TeamExclusive,Team,20251004-CarsonNewman-Private-2,7f7c9470-a14d-11f0-8e17-f9dcdb0ff224,69.70354,NA,NA,4.74997,NA,NA,NA,NA,NA,NA,aa1485ac-9891-46a2-85a3-6504a17cc3e8,2025-10-04,18:11:06,2025-10-04T18:11:06Z,2025-10-04T18:11:06Z,NA,v3,CNE,CSCC,NA,"Christopher, Conner",10087004,Right,CLE_SCC,adff46d3-1b61-4663-9aed-353047db0e25,54.50494,-102.30812,7.64933,5.64363,3.63641,-17.36637,-1.71106,2.81095,3.84882,NA,NA,NA,NA,NA,NA,NA,NA,NA,NA,NA,NA,NA,NA,NA,NA,NA,NA,NA,NA,NA,NA,NA,NA,NA,NA,NA,NA,NA,NA,NA,NA,NA,NA,NA,NA,NA,NA,NA,NA,NA,NA,NA,NA,NA,NA,NA,NA,NA,NA,High,High,High,NA,NA,NA,NA,NA,54.189736,44.111934,1674.847823,0.717981,07:45:00,-0.662531,0.607871,0.43766,-83.819745,2.933641,-6.469254,0.748386,149.10564,-0.569157,19.910821,0.569157,-0.340557,-0.748386,52.746569,48.450758,0.340557,0.340557,-149.10564,-48.450758,0.748386,-19.910821,-52.746569,-0.748386,-0.340557,0.569157,-0.569157,NA,NA,NA,NA,NA,NA,NA,NA,NA,NA,NA,NA
NA,NA,NA,NA,NA,NA,NA,NA,NA,NA,NA,NA,NA,NA,NA,NA,231,2025-10-04,14:11:20,1,2,"Mahan, Riley",10068537,Right,CLE_SCC,"Wyatt, Jack",10013525,Right,CAR_EAG,Undefined,6,Bottom,0,0,1,Slider,Curveball,BallCalled,Undefined,Undefined,Undefined,0,0,NA,69.11788,0.426928,1.211686,1975.85625,63.335905,08:00:00,5.58485,1.68478,5.96735,-63.58614,-6.1489,-15.24729,0.68196,1.53784,65.00713,-11.147769,-1.53919,0.545467,NA,NA,NA,NA,NA,NA,NA,NA,NA,NA,NA,8.20981,-2.89571,-1.77205,50,5.58245,-1.65799,-100.65901,-1.00287,8.53215,14.35917,-35.18346,CAR_EAG,CLE_SCC,CarsonNewman,TeamExclusive,Team,20251004-CarsonNewman-Private-2,87b49d40-a14d-11f0-8e17-f9dcdb0ff224,69.10128,NA,NA,4.11075,NA,NA,NA,NA,NA,NA,aa1485ac-9891-46a2-85a3-6504a17cc3e8,2025-10-04,18:11:20,2025-10-04T18:11:20Z,2025-10-04T18:11:20Z,NA,v3,CNE,CSCC,NA,"Christopher, Conner",10087004,Right,CLE_SCC,c733e2e4-d6d7-40de-b4ed-e4b22a703c3d,54.54063,-101.30466,7.17959,5.59198,0.57914,-17.59173,-1.68888,-2.04163,4.26607,NA,NA,NA,NA,NA,NA,NA,NA,NA,NA,NA,NA,NA,NA,NA,NA,NA,NA,NA,NA,NA,NA,NA,NA,NA,NA,NA,NA,NA,NA,NA,NA,NA,NA,NA,NA,NA,NA,NA,NA,NA,NA,NA,NA,NA,NA,NA,NA,NA,NA,High,High,High,NA,NA,NA,NA,NA,56.170452,36.204407,1594.347813,0.806915,07:45:00,-0.595025,0.674685,0.436744,-88.681101,2.97075,-4.326024,0.666302,148.650873,-0.636822,22.826521,0.636822,-0.387942,-0.666302,46.295942,41.782282,0.387942,0.387942,-148.650873,-41.782282,0.666302,-22.826521,-46.295942,-0.666302,-0.387942,0.636822,-0.636822,NA,NA,NA,NA,NA,NA,NA,NA,NA,NA,NA,NA
NA,NA,NA,NA,NA,NA,NA,NA,NA,NA,NA,NA,NA,NA,NA,NA,232,2025-10-04,14:11:38,1,3,"Mahan, Riley",10068537,Right,CLE_SCC,"Wyatt, Jack",10013525,Right,CAR_EAG,Undefined,6,Bottom,0,1,1,Fastball,Slider,FoulBallNotFieldable,Undefined,Undefined,Undefined,0,0,NA,84.76968,-1.544627,-2.498066,2297.950174,183.959689,12:15:00,5.73822,1.89026,6.37154,-26.60391,11.11497,0.69799,2.09823,-0.35166,78.76193,-6.506943,-2.371768,0.442029,58.80735,61.91697,77.957562,NA,NA,NA,NA,128.80404,54.54469,90.43831,4.336046,-0.96862,6.49977,-1.71005,50,5.6139,5.35297,-123.27228,-4.10278,-1.5101,21.47916,-22.04068,CAR_EAG,CLE_SCC,CarsonNewman,TeamExclusive,Team,20251004-CarsonNewman-Private-2,926df9c0-a14d-11f0-8e17-f9dcdb0ff224,85.2714,76.63462,NA,6.00775,NA,NA,NA,2.13535,2.22178,0.2755,aa1485ac-9891-46a2-85a3-6504a17cc3e8,2025-10-04,18:11:38,2025-10-04T18:11:38Z,2025-10-04T18:11:38Z,Popup,v3,CNE,CSCC,NA,"Christopher, Conner",10087004,Right,CLE_SCC,34c365d8-d567-418e-bf8c-4e4337f5e818,54.13242,-123.99023,10.73958,5.73872,-3.36606,-11.02034,-1.88982,5.40345,-0.75505,206.140292,2.1438,8.21848,-5.51426,-0.77558,2.86641,-1.83865,0.56888,-0.08657,0.00518,2.21404,76.26857,-23.14429,3.23228,-1.25684,0.36451,-0.05065,9.6e-4,2.7e-4,0.27468,39.71114,-4.96303,0.83304,0.25551,-0.2731,0.09528,-0.01531,9.4e-4,NA,NA,NA,NA,NA,NA,NA,NA,NA,NA,NA,NA,NA,NA,NA,NA,NA,NA,NA,NA,NA,NA,High,High,High,High,Low,NA,NA,NA,212.297578,41.95719,1708.858175,0.743645,01:00:00,-0.684394,-0.415219,-0.599331,-47.865168,59.775882,-12.054491,0.228642,166.658286,-0.947237,12.982036,0.947237,-0.224646,-0.228642,13.57036,13.217135,0.224646,0.224646,-166.658286,-13.217135,0.228642,-12.982036,-13.57036,-0.228642,-0.224646,0.947237,-0.947237,NA,NA,NA,NA,NA,NA,NA,NA,NA,NA,NA,NA
NA,NA,NA,NA,NA,NA,NA,NA,NA,NA,NA,NA,NA,NA,NA,NA,233,2025-10-04,14:11:55,1,4,"Mahan, Riley",10068537,Right,CLE_SCC,"Wyatt, Jack",10013525,Right,CAR_EAG,Undefined,6,Bottom,0,1,2,Slider,Curveball,BallCalled,Undefined,Undefined,Undefined,0,0,NA,71.74204,0.279252,-2.958598,2217.229877,65.807,08:15:00,5.59921,1.73039,6.31811,-58.81212,-6.03847,-16.41178,0.95577,-2.36484,67.52492,-10.468633,-5.925578,0.522853,NA,NA,NA,NA,NA,NA,NA,NA,NA,NA,NA,7.86426,-2.80784,-1.50618,50,5.59167,5.90224,-104.40175,-1.08445,8.78004,15.67725,-35.30883,CAR_EAG,CLE_SCC,CarsonNewman,TeamExclusive,Team,20251004-CarsonNewman-Private-2,9cf12b10-a14d-11f0-8e17-f9dcdb0ff224,72.08989,NA,NA,4.21713,NA,NA,NA,NA,NA,NA,aa1485ac-9891-46a2-85a3-6504a17cc3e8,2025-10-04,18:11:55,2025-10-04T18:11:55Z,2025-10-04T18:11:55Z,NA,v3,CNE,CSCC,NA,"Christopher, Conner",10087004,Right,CLE_SCC,7f4ddc01-edcf-4371-bf47-88833b209d23,54.18949,-105.02897,7.83863,5.6068,0.32819,-17.65441,-1.73529,5.55096,4.39002,NA,NA,NA,NA,NA,NA,NA,NA,NA,NA,NA,NA,NA,NA,NA,NA,NA,NA,NA,NA,NA,NA,NA,NA,NA,NA,NA,NA,NA,NA,NA,NA,NA,NA,NA,NA,NA,NA,NA,NA,NA,NA,NA,NA,NA,NA,NA,NA,NA,NA,High,High,High,NA,NA,NA,NA,NA,57.032919,46.459682,1527.371696,0.688865,08:00:00,-0.701754,0.581472,0.41162,-113.620042,21.250435,19.086916,0.590145,141.154186,-0.628752,30.421558,0.628752,-0.506358,-0.590145,43.185838,36.167331,0.506358,0.506358,-141.154186,-36.167331,0.590145,-30.421558,-43.185838,-0.590145,-0.506358,0.628752,-0.628752,NA,NA,NA,NA,NA,NA,NA,NA,NA,NA,NA,NA
NA,NA,NA,NA,NA,NA,NA,NA,NA,NA,NA,NA,NA,NA,NA,NA,234,2025-10-04,14:12:11,1,5,"Mahan, Riley",10068537,Right,CLE_SCC,"Wyatt, Jack",10013525,Right,CAR_EAG,Undefined,6,Bottom,0,2,2,Fastball,Slider,BallCalled,Undefined,Undefined,Undefined,0,0,NA,82.71113,-0.944985,-4.366648,2353.804261,178.254391,12:00:00,5.65886,1.76621,6.56459,-25.59242,13.7632,-0.3878,2.6572,-2.27719,76.99327,-5.740853,-4.436764,0.451518,NA,NA,NA,NA,NA,NA,NA,NA,NA,NA,NA,-0.80665,7.79937,-1.46481,50,5.58244,9.18507,-120.11082,-2.67244,-1.19784,19.6625,-20.59215,CAR_EAG,CLE_SCC,CarsonNewman,TeamExclusive,Team,20251004-CarsonNewman-Private-2,a650c3f0-a14d-11f0-8e17-f9dcdb0ff224,83.47943,NA,NA,5.71786,NA,NA,NA,NA,NA,NA,aa1485ac-9891-46a2-85a3-6504a17cc3e8,2025-10-04,18:12:11,2025-10-04T18:12:11Z,2025-10-04T18:12:11Z,NA,v3,CNE,CSCC,NA,"Christopher, Conner",10087004,Right,CLE_SCC,593c6b56-b423-461f-b3fb-f44b28545900,53.93849,-120.75384,9.83125,5.65883,-1.99902,-10.29608,-1.76583,9.22425,-0.59892,NA,NA,NA,NA,NA,NA,NA,NA,NA,NA,NA,NA,NA,NA,NA,NA,NA,NA,NA,NA,NA,NA,NA,NA,NA,NA,NA,NA,NA,NA,NA,NA,NA,NA,NA,NA,NA,NA,NA,NA,NA,NA,NA,NA,NA,NA,NA,NA,NA,NA,High,High,High,NA,NA,NA,NA,NA,213.612062,48.267807,1566.809242,0.66565,01:00:00,-0.780145,-0.380739,-0.496398,-65.821662,58.265441,-31.419412,0.300931,169.328213,-0.937152,10.171709,0.937152,-0.176599,-0.300931,17.802495,17.513558,0.176599,0.176599,-169.328213,-17.513558,0.300931,-10.171709,-17.802495,-0.300931,-0.176599,0.937152,-0.937152,NA,NA,NA,NA,NA,NA,NA,NA,NA,NA,NA,NA
NA,NA,NA,NA,NA,NA,NA,NA,NA,NA,NA,NA,NA,NA,NA,NA,235,2025-10-04,14:12:27,1,6,"Mahan, Riley",10068537,Right,CLE_SCC,"Wyatt, Jack",10013525,Right,CAR_EAG,Undefined,6,Bottom,0,3,2,Slider,Curveball,StrikeSwinging,Strikeout,Undefined,Undefined,0,0,NA,70.71389,1.43162,-1.016033,2204.493678,57.179462,08:00:00,5.62839,1.8111,5.9298400000000004,-64.38964,-7.82914,-15.17217,1.59144,-0.39609,64.59004,-10.385353,-3.746448,0.541287,NA,NA,NA,NA,NA,NA,NA,NA,NA,NA,NA,7.41441,-3.84587,-1.72149,50,5.70707,2.33574,-102.64942,0.70125,7.77745,19.66664,-36.20821,CAR_EAG,CLE_SCC,CarsonNewman,TeamExclusive,Team,20251004-CarsonNewman-Private-2,afa9f430-a14d-11f0-8e17-f9dcdb0ff224,69.63479,NA,NA,6.12386,NA,NA,NA,NA,NA,NA,aa1485ac-9891-46a2-85a3-6504a17cc3e8,2025-10-04,18:12:27,2025-10-04T18:12:27Z,2025-10-04T18:12:27Z,NA,v3,CNE,CSCC,NA,"Christopher, Conner",10087004,Right,CLE_SCC,349122af-6b11-4194-bd25-cafe592905a7,54.57385,-103.52202,9.83332,5.64032,2.30779,-18.1041,-1.81747,1.99066,3.88872,NA,NA,NA,NA,NA,NA,NA,NA,NA,NA,NA,NA,NA,NA,NA,NA,NA,NA,NA,NA,NA,NA,NA,NA,NA,NA,NA,NA,NA,NA,NA,NA,NA,NA,NA,NA,NA,NA,NA,NA,NA,NA,NA,NA,NA,NA,NA,NA,NA,NA,High,High,High,NA,NA,High,High,High,51.405157,39.075418,1711.385751,0.776317,07:45:00,-0.606303,0.62231,0.495103,-86.82801,-0.701955,-2.559387,0.627029,142.950526,-0.621728,27.991998,0.621728,-0.469348,-0.627029,45.243222,38.831301,0.469348,0.469348,-142.950526,-38.831301,0.627029,-27.991998,-45.243222,-0.627029,-0.469348,0.621728,-0.621728,NA,NA,NA,NA,NA,NA,NA,NA,NA,NA,NA,NA
NA,NA,NA,NA,NA,NA,NA,NA,NA,NA,NA,NA,NA,NA,NA,NA,236,2025-10-04,14:12:49,2,1,"Mahan, Riley",10068537,Right,CLE_SCC,"Van Ness, Jameson",1000370206,Right,CAR_EAG,Undefined,6,Bottom,1,0,0,Fastball,Slider,StrikeCalled,Undefined,Undefined,Undefined,0,0,NA,83.62341,-0.929595,-2.947282,2297.361138,168.701073,11:30:00,5.71101,1.61998,6.34826,-29.46257,9.9519,-1.73658,2.39883,-1.24031,76.54819,-6.448205,-3.261059,0.451855,NA,NA,NA,NA,NA,NA,NA,NA,NA,NA,NA,0.05803,5.84363,-1.40497,50,5.62961,6.3142,-121.3767,-2.83037,0.08632,24.3809,-23.48106,CAR_EAG,CLE_SCC,CarsonNewman,TeamExclusive,Team,20251004-CarsonNewman-Private-2,bd012d10-a14d-11f0-8e17-f9dcdb0ff224,83.41707,NA,NA,7.07522,NA,NA,NA,NA,NA,NA,aa1485ac-9891-46a2-85a3-6504a17cc3e8,2025-10-04,18:12:49,2025-10-04T18:12:49Z,2025-10-04T18:12:49Z,NA,v3,CNE,CSCC,NA,"Christopher, Conner",10087004,Right,CLE_SCC,f5b96232-2dd2-42a3-8493-4fc0f81dd64e,54.15215,-122.20789,12.19045,5.71245,-2.02986,-11.74053,-1.62019,6.31126,0.04316,NA,NA,NA,NA,NA,NA,NA,NA,NA,NA,NA,NA,NA,NA,NA,NA,NA,NA,NA,NA,NA,NA,NA,NA,NA,NA,NA,NA,NA,NA,NA,NA,NA,NA,NA,NA,NA,NA,NA,NA,NA,NA,NA,NA,NA,NA,NA,NA,NA,NA,High,High,High,NA,NA,NA,NA,NA,209.226452,49.65306,1487.344633,0.647414,01:00:00,-0.784959,-0.328431,-0.525331,-78.975849,-9.86411,-49.308795,-0.309531,158.509333,-0.884781,-20.386918,0.884781,-0.348358,0.309531,19.281821,-18.030956,0.348358,-0.348358,-158.509333,18.030956,0.309531,20.386918,-19.281821,-0.309531,0.348358,0.884781,-0.884781,NA,NA,NA,NA,NA,NA,NA,NA,NA,NA,NA,NA
NA,NA,NA,NA,NA,NA,NA,NA,NA,NA,NA,NA,NA,NA,NA,NA,237,2025-10-04,14:13:02,2,2,"Mahan, Riley",10068537,Right,CLE_SCC,"Van Ness, Jameson",1000370206,Right,CAR_EAG,Undefined,6,Bottom,1,0,1,Fastball,Slider,BallCalled,Undefined,Undefined,Undefined,0,0,NA,83.71916,-1.272595,-4.442657,2280.94499,203.54277,12:45:00,5.62321,1.66708,6.96193,-29.26663,9.1804,3.47232,2.02276,-2.09386,76.80365,-6.801678,-3.809527,0.446275,NA,NA,NA,NA,NA,NA,NA,NA,NA,NA,NA,-3.09606,5.63851,-1.39239,50,5.53422,9.31739,-121.4461,-3.46127,-4.61921,24.01264,-23.76161,CAR_EAG,CLE_SCC,CarsonNewman,TeamExclusive,Team,20251004-CarsonNewman-Private-2,c482de30-a14d-11f0-8e17-f9dcdb0ff224,84.46009,NA,NA,6.91552,NA,NA,NA,NA,NA,NA,aa1485ac-9891-46a2-85a3-6504a17cc3e8,2025-10-04,18:13:02,2025-10-04T18:13:02Z,2025-10-04T18:13:02Z,NA,v3,CNE,CSCC,NA,"Christopher, Conner",10087004,Right,CLE_SCC,8060c2a6-b024-4273-89e8-d5aac2b984e2,53.53916,-122.14387,12.00632,5.62477,-2.7708,-11.88081,-1.66508,9.45161,-2.3096,NA,NA,NA,NA,NA,NA,NA,NA,NA,NA,NA,NA,NA,NA,NA,NA,NA,NA,NA,NA,NA,NA,NA,NA,NA,NA,NA,NA,NA,NA,NA,NA,NA,NA,NA,NA,NA,NA,NA,NA,NA,NA,NA,NA,NA,NA,NA,NA,NA,NA,High,High,High,NA,NA,NA,NA,NA,215.454551,44.463571,1627.901198,0.713696,01:15:00,-0.734045,-0.429439,-0.52608,101.634687,34.610816,-62.71848,-0.336094,165.993334,-0.913825,-13.176716,0.913825,-0.227955,0.336094,20.192938,-19.639103,0.227955,-0.227955,-165.993334,19.639103,0.336094,13.176716,-20.192938,-0.336094,0.227955,0.913825,-0.913825,NA,NA,NA,NA,NA,NA,NA,NA,NA,NA,NA,NA
NA,NA,NA,NA,NA,NA,NA,NA,NA,NA,NA,NA,NA,NA,NA,NA,238,2025-10-04,14:13:16,2,3,"Mahan, Riley",10068537,Right,CLE_SCC,"Van Ness, Jameson",1000370206,Right,CAR_EAG,Undefined,6,Bottom,1,1,1,ChangeUp,Changeup,BallCalled,Undefined,Undefined,Undefined,0,0,NA,75.15882,-0.422126,-3.269042,1228.870248,258.028789,02:30:00,5.31956,1.58095,7.18427,-43.82987,2.81858,7.14642,1.28401,-0.78841,69.9509,-8.646967,-1.955285,0.491575,NA,NA,NA,NA,NA,NA,NA,NA,NA,NA,NA,-4.6663,2.0537,-1.39266,50,5.28241,6.0414,-109.36637,-1.83061,-5.7054,17.57186,-29.663,CAR_EAG,CLE_SCC,CarsonNewman,TeamExclusive,Team,20251004-CarsonNewman-Private-2,ccef8b90-a14d-11f0-8e17-f9dcdb0ff224,76.67684,NA,NA,5.20792,NA,NA,NA,NA,NA,NA,aa1485ac-9891-46a2-85a3-6504a17cc3e8,2025-10-04,18:13:16,2025-10-04T18:13:16Z,2025-10-04T18:13:16Z,NA,v3,CNE,CSCC,NA,"Christopher, Conner",10087004,Right,CLE_SCC,19d8a6cf-cc8c-4d39-9182-ed4f77e2eff5,53.31954,-109.89843,8.78593,5.32424,-0.93245,-14.8315,-1.5782,6.21415,-2.8527,NA,NA,NA,NA,NA,NA,NA,NA,NA,NA,NA,NA,NA,NA,NA,NA,NA,NA,NA,NA,NA,NA,NA,NA,NA,NA,NA,NA,NA,NA,NA,NA,NA,NA,NA,NA,NA,NA,NA,NA,NA,NA,NA,NA,NA,NA,NA,NA,NA,NA,High,High,High,NA,NA,NA,NA,NA,237.730286,24.867323,1114.934308,0.907284,02:00:00,-0.441803,-0.770226,-0.459959,88.575265,4.779777,34.900183,0.761635,124.367445,-0.365798,32.336232,0.365798,-0.534887,-0.761635,64.345934,49.608539,0.534887,0.534887,-124.367445,-49.608539,0.761635,-32.336232,-64.345934,-0.761635,-0.534887,0.365798,-0.365798,NA,NA,NA,NA,NA,NA,NA,NA,NA,NA,NA,NA
NA,NA,NA,NA,NA,NA,NA,NA,NA,NA,NA,NA,NA,NA,NA,NA,239,2025-10-04,14:13:31,2,4,"Mahan, Riley",10068537,Right,CLE_SCC,"Van Ness, Jameson",1000370206,Right,CAR_EAG,Undefined,6,Bottom,1,2,1,Slider,Curveball,BallCalled,Undefined,Undefined,Undefined,0,0,NA,71.97464,1.225143,-2.358185,2281.764374,69.044033,08:15:00,5.62725,1.88138,6.11559,-58.62653,-4.69567,-16.80399,1.87565,-1.70063,66.12842,-9.557356,-5.384962,0.528555,NA,NA,NA,NA,NA,NA,NA,NA,NA,NA,NA,7.93189,-2.23835,-1.69202,50,5.69127,4.86377,-104.5031,0.57728,8.68254,19.27872,-34.62421,CAR_EAG,CLE_SCC,CarsonNewman,TeamExclusive,Team,20251004-CarsonNewman-Private-2,d5fb1100-a14d-11f0-8e17-f9dcdb0ff224,71.31225,NA,NA,5.84622,NA,NA,NA,NA,NA,NA,aa1485ac-9891-46a2-85a3-6504a17cc3e8,2025-10-04,18:13:31,2025-10-04T18:13:31Z,2025-10-04T18:13:31Z,NA,v3,CNE,CSCC,NA,"Christopher, Conner",10087004,Right,CLE_SCC,e669adcf-924a-49c1-8634-e788d13a1635,54.38834,-105.30954,9.63936,5.63682,2.02565,-17.3121,-1.88788,4.50057,4.34127,NA,NA,NA,NA,NA,NA,NA,NA,NA,NA,NA,NA,NA,NA,NA,NA,NA,NA,NA,NA,NA,NA,NA,NA,NA,NA,NA,NA,NA,NA,NA,NA,NA,NA,NA,NA,NA,NA,NA,NA,NA,NA,NA,NA,NA,NA,NA,NA,NA,NA,High,High,High,NA,NA,NA,NA,NA,50.856301,45.192942,1608.008666,0.704722,07:45:00,-0.67874,0.561602,0.473196,-81.172535,13.245033,2.136246,0.74805,160.97031,-0.627374,12.496854,0.627374,-0.216386,-0.74805,50.014119,48.421731,0.216386,0.216386,-160.97031,-48.421731,0.74805,-12.496854,-50.014119,-0.74805,-0.216386,0.627374,-0.627374,NA,NA,NA,NA,NA,NA,NA,NA,NA,NA,NA,NA
NA,NA,NA,NA,NA,NA,NA,NA,NA,NA,NA,NA,NA,NA,NA,NA,240,2025-10-04,14:13:45,2,5,"Mahan, Riley",10068537,Right,CLE_SCC,"Van Ness, Jameson",1000370206,Right,CAR_EAG,Undefined,6,Bottom,1,3,1,Fastball,Slider,BallCalled,Walk,Undefined,Undefined,0,0,NA,83.33691,-0.554495,-4.305841,2271.149788,192.06137,12:30:00,5.58613,1.8502,6.77809,-33.47872,5.49488,0.9202,2.2885,-2.01206,76.64323,-6.82852,-4.138608,0.449321,NA,NA,NA,NA,NA,NA,NA,NA,NA,NA,NA,-1.67473,3.43843,-1.56954,50,5.53742,9.07411,-120.93942,-2.0977,-2.48269,23.38234,-27.07683,CAR_EAG,CLE_SCC,CarsonNewman,TeamExclusive,Team,20251004-CarsonNewman-Private-2,de5520c0-a14d-11f0-8e17-f9dcdb0ff224,83.88754,NA,NA,6.69368,NA,NA,NA,NA,NA,NA,aa1485ac-9891-46a2-85a3-6504a17cc3e8,2025-10-04,18:13:45,2025-10-04T18:13:45Z,2025-10-04T18:13:45Z,NA,v3,CNE,CSCC,NA,"Christopher, Conner",10087004,Right,CLE_SCC,d56b505f-8d4d-4b35-a74c-843314173335,53.72395,-121.65727,11.69117,5.58906,-1.26642,-13.53842,-1.84929,9.15033,-1.24135,NA,NA,NA,NA,NA,NA,NA,NA,NA,NA,NA,NA,NA,NA,NA,NA,NA,NA,NA,NA,NA,NA,NA,NA,NA,NA,NA,NA,NA,NA,NA,NA,NA,NA,NA,NA,NA,NA,NA,NA,NA,NA,NA,NA,NA,NA,NA,NA,NA,NA,High,High,High,NA,NA,NA,NA,NA,217.081687,48.585254,1502.376693,0.661505,01:15:00,-0.783562,-0.406095,-0.47023,92.894354,35.741556,-62.853418,-0.277852,159.645654,-0.900642,-19.519587,0.900642,-0.334129,0.277852,17.145234,-16.132057,0.334129,-0.334129,-159.645654,16.132057,0.277852,19.519587,-17.145234,-0.277852,0.334129,0.900642,-0.900642,NA,NA,NA,NA,NA,NA,NA,NA,NA,NA,NA,NA
NA,NA,NA,NA,NA,NA,NA,NA,NA,NA,NA,NA,NA,NA,NA,NA,241,2025-10-04,14:14:23,3,1,"Mahan, Riley",10068537,Right,CLE_SCC,"Smith, Braxton",1000370200,Right,CAR_EAG,Undefined,6,Bottom,1,0,0,Fastball,Slider,InPlay,Undefined,LineDrive,Single,1,0,NA,83.30893,-1.54225,-3.546543,2266.332248,202.075087,12:45:00,5.59456,1.98107,6.64852,-28.76478,10.26544,3.68772,1.78278,-0.96203,76.81766,-6.941472,-2.876721,0.449647,60.28731,6.286176,29.293371,3986.834075,NA,NA,NA,65.11442,64.23423,32.450888,0.77857,-2.90177,6.18126,-1.74318,50,5.47857,7.37178,-120.98554,-4.04646,-4.31857,22.70037,-22.97475,CAR_EAG,CLE_SCC,CarsonNewman,TeamExclusive,Team,20251004-CarsonNewman-Private-2,f4caa3c0-a14d-11f0-8e17-f9dcdb0ff224,83.8267,3.30667,NA,6.49127,NA,NA,NA,2.10984,1.83809,0.95224,aa1485ac-9891-46a2-85a3-6504a17cc3e8,2025-10-04,18:14:23,2025-10-04T18:14:23Z,2025-10-04T18:14:23Z,GroundBall,v3,CNE,CSCC,NA,"Christopher, Conner",10087004,Right,CLE_SCC,36519f1f-86ec-46e4-8530-46c609a4b21b,53.85444,-121.70659,11.35018,5.59552,-3.31669,-11.48737,-1.97952,7.50895,-2.15928,260.682386,2.14475,76.03988,-10.61093,NA,NA,NA,NA,NA,NA,1.8582,9.3347,-15.08654,NA,NA,NA,NA,NA,NA,0.93774,43.25836,0.55189,NA,NA,NA,NA,NA,NA,NA,NA,NA,NA,NA,NA,NA,NA,NA,NA,NA,NA,NA,NA,NA,NA,NA,NA,NA,NA,NA,NA,High,High,High,High,High,NA,NA,NA,215.625143,41.223679,1704.605084,0.752143,01:15:00,-0.683551,-0.455686,-0.570184,-74.309391,-40.053346,-57.112939,-0.205551,158.531071,-0.910744,-20.988543,0.910744,-0.358181,0.205551,12.718329,-11.861769,0.358181,-0.358181,-158.531071,11.861769,0.205551,20.988543,-12.718329,-0.205551,0.358181,0.910744,-0.910744,NA,NA,NA,NA,NA,NA,NA,NA,NA,NA,NA,NA
NA,NA,NA,NA,NA,NA,NA,NA,NA,NA,NA,NA,NA,NA,NA,NA,242,2025-10-04,14:15:18,4,1,"Mahan, Riley",10068537,Right,CLE_SCC,"Gibson, Aiden",10011511,Right,CAR_EAG,Undefined,6,Bottom,2,0,0,Slider,Curveball,StrikeCalled,Undefined,Undefined,Undefined,0,0,NA,69.13639,3.14303,-0.559407,2147.805945,68.370069,08:15:00,5.55453,1.97116,5.98929,-63.19889,-4.1513,-15.58119,3.20409,0.15423,62.87096,-8.527216,-3.360311,0.55306,NA,NA,NA,NA,NA,NA,NA,NA,NA,NA,NA,7.74827,-2.43524,-1.91883,50,5.76876,1.5013,-100.25217,3.74278,7.77379,18.35071,-34.6173,CAR_EAG,CLE_SCC,CarsonNewman,TeamExclusive,Team,20251004-CarsonNewman-Private-2,15ad10f0-a14e-11f0-8e17-f9dcdb0ff224,68.15251,NA,NA,6.26543,NA,NA,NA,NA,NA,NA,aa1485ac-9891-46a2-85a3-6504a17cc3e8,2025-10-04,18:15:18,2025-10-04T18:15:18Z,2025-10-04T18:15:18Z,NA,v3,CNE,CSCC,NA,"Christopher, Conner",10087004,Right,CLE_SCC,3bd03b2c-0e5a-48ff-99eb-e801a7e7fa32,54.51307,-101.07489,9.17535,5.56616,5.29478,-17.30865,-1.97832,1.15278,3.8869,NA,NA,NA,NA,NA,NA,NA,NA,NA,NA,NA,NA,NA,NA,NA,NA,NA,NA,NA,NA,NA,NA,NA,NA,NA,NA,NA,NA,NA,NA,NA,NA,NA,NA,NA,NA,NA,NA,NA,NA,NA,NA,NA,NA,NA,NA,NA,NA,NA,NA,High,High,High,NA,NA,NA,NA,NA,56.852116,44.364005,1535.492444,0.714912,08:00:00,-0.661495,0.636005,0.397393,-89.135515,0.510862,-7.241549,0.740101,145.35182,-0.553234,22.478564,0.553234,-0.382338,-0.740101,53.221457,47.740033,0.382338,0.382338,-145.35182,-47.740033,0.740101,-22.478564,-53.221457,-0.740101,-0.382338,0.553234,-0.553234,NA,NA,NA,NA,NA,NA,NA,NA,NA,NA,NA,NA
NA,NA,NA,NA,NA,NA,NA,NA,NA,NA,NA,NA,NA,NA,NA,NA,243,2025-10-04,14:15:35,4,2,"Mahan, Riley",10068537,Right,CLE_SCC,"Gibson, Aiden",10011511,Right,CAR_EAG,Undefined,6,Bottom,2,0,1,Slider,Curveball,FoulBallNotFieldable,Undefined,Undefined,Undefined,0,0,NA,69.92714,2.198674,-0.4442,2057.29838,75.504004,08:30:00,5.63431,1.84201,5.75937,-58.9155,-1.62528,-12.91757,2.77238,0.35205,64.56209,-8.593342,-2.758184,0.544768,54.86075,29.872147,149.56913,4414.961486,NA,NA,NA,NA,29.24636,NA,NA,6.46969,-0.91949,-1.79716,50,5.78066,1.21968,-101.58957,2.20631,6.7716,16.40172,-33.13645,CAR_EAG,CLE_SCC,CarsonNewman,TeamExclusive,Team,20251004-CarsonNewman-Private-2,1fd3ca60-a14e-11f0-8e17-f9dcdb0ff224,69.18987,15.94595,NA,5.36505,NA,NA,NA,0.72111,2.63124,-0.36795,aa1485ac-9891-46a2-85a3-6504a17cc3e8,2025-10-04,18:15:35,2025-10-04T18:15:35Z,2025-10-04T18:15:35Z,NA,v3,CNE,CSCC,NA,"Christopher, Conner",10087004,Right,CLE_SCC,7154b78a-b3e7-472a-b263-b51fafbc67f7,54.74497,-102.35278,8.20086,5.64212,3.74823,-16.56823,-1.84658,0.90457,3.3858,326.457352,0.72224,-60.19502,3.21175,NA,NA,NA,NA,NA,NA,2.64115,39.77695,-22.35495,NA,NA,NA,NA,NA,NA,-0.36409,35.22332,-5.08832,NA,NA,NA,NA,NA,NA,NA,NA,NA,NA,NA,NA,NA,NA,NA,NA,NA,NA,NA,NA,NA,NA,NA,NA,NA,NA,NA,NA,High,High,High,High,Undefined,NA,NA,NA,56.670371,44.531004,1466.588505,0.712871,08:00:00,-0.674871,0.622087,0.396935,-85.990393,-19.950462,-25.449865,0.688239,116.017838,-0.318234,40.689668,0.318234,-0.651962,-0.688239,65.18469,43.490872,0.651962,0.651962,-116.017838,-43.490872,0.688239,-40.689668,-65.18469,-0.688239,-0.651962,0.318234,-0.318234,NA,NA,NA,NA,NA,NA,NA,NA,NA,NA,NA,NA
NA,NA,NA,NA,NA,NA,NA,NA,NA,NA,NA,NA,NA,NA,NA,NA,244,2025-10-04,14:16:13,4,3,"Mahan, Riley",10068537,Right,CLE_SCC,"Gibson, Aiden",10011511,Right,CAR_EAG,Undefined,6,Bottom,2,0,2,Fastball,Slider,BallCalled,Undefined,Undefined,Undefined,0,0,NA,82.42551,-0.871754,-4.705676,2233.193628,196.992209,12:30:00,5.61094,1.73506,6.69663,-30.91183,8.94182,2.37264,2.23499,-2.38021,76.05892,-6.663952,-4.275657,0.454366,NA,NA,NA,NA,NA,NA,NA,NA,NA,NA,NA,-2.48083,5.33359,-1.42199,50,5.54053,9.75851,-119.55384,-2.6646,-3.61144,21.79399,-24.40971,CAR_EAG,CLE_SCC,CarsonNewman,TeamExclusive,Team,20251004-CarsonNewman-Private-2,365b75d0-a14e-11f0-8e17-f9dcdb0ff224,82.95618,NA,NA,6.36659,NA,NA,NA,NA,NA,NA,aa1485ac-9891-46a2-85a3-6504a17cc3e8,2025-10-04,18:16:13,2025-10-04T18:16:13Z,2025-10-04T18:16:13Z,NA,v3,CNE,CSCC,NA,"Christopher, Conner",10087004,Right,CLE_SCC,b1343a2f-6533-43c0-8f57-c3bcf8dca3b4,53.80493,-120.24546,10.897,5.61281,-1.88997,-12.20486,-1.73349,9.87312,-1.80572,NA,NA,NA,NA,NA,NA,NA,NA,NA,NA,NA,NA,NA,NA,NA,NA,NA,NA,NA,NA,NA,NA,NA,NA,NA,NA,NA,NA,NA,NA,NA,NA,NA,NA,NA,NA,NA,NA,NA,NA,NA,NA,NA,NA,NA,NA,NA,NA,NA,NA,High,High,High,NA,NA,NA,NA,NA,217.359839,44.507512,1592.621131,0.713159,01:15:00,-0.7385,-0.443373,-0.507975,-74.941611,41.550174,-49.649252,0.236522,166.172675,-0.943469,13.427532,0.943469,-0.232215,-0.236522,14.073668,13.681361,0.232215,0.232215,-166.172675,-13.681361,0.236522,-13.427532,-14.073668,-0.236522,-0.232215,0.943469,-0.943469,NA,NA,NA,NA,NA,NA,NA,NA,NA,NA,NA,NA
NA,NA,NA,NA,NA,NA,NA,NA,NA,NA,NA,NA,NA,NA,NA,NA,245,2025-10-04,14:16:32,4,4,"Mahan, Riley",10068537,Right,CLE_SCC,"Gibson, Aiden",10011511,Right,CAR_EAG,Undefined,6,Bottom,2,1,2,Slider,Curveball,StrikeSwinging,Strikeout,Undefined,Undefined,0,0,NA,70.77865,1.484356,0.157838,2333.675819,50.410855,07:45:00,5.6654,1.87246,5.79098,-64.77834,-8.84894,-12.76174,1.64841,0.95582,65.47708,-10.333762,-2.134862,0.538259,NA,NA,NA,NA,NA,NA,NA,NA,NA,NA,NA,6.55662,-4.40862,-1.87773,50,5.74874,0.14848,-102.89439,0.7511,7.0168,17.35253,-36.89209,CAR_EAG,CLE_SCC,CarsonNewman,TeamExclusive,Team,20251004-CarsonNewman-Private-2,422b7270-a14e-11f0-8e17-f9dcdb0ff224,70.02657,NA,NA,5.30157,NA,NA,NA,NA,NA,NA,aa1485ac-9891-46a2-85a3-6504a17cc3e8,2025-10-04,18:16:32,2025-10-04T18:16:32Z,2025-10-04T18:16:32Z,NA,v3,CNE,CSCC,NA,"Christopher, Conner",10087004,Right,CLE_SCC,d50b64a1-b39e-4464-978d-125a56d31961,54.7151,-103.68652,8.67627,5.67602,2.43518,-18.44604,-1.8772,-0.17183,3.5084,NA,NA,NA,NA,NA,NA,NA,NA,NA,NA,NA,NA,NA,NA,NA,NA,NA,NA,NA,NA,NA,NA,NA,NA,NA,NA,NA,NA,NA,NA,NA,NA,NA,NA,NA,NA,NA,NA,NA,NA,NA,NA,NA,NA,NA,NA,NA,NA,NA,NA,High,High,High,NA,NA,NA,NA,NA,52.626518,45.01374,1649.762238,0.706937,07:45:00,-0.693666,0.579933,0.427207,-84.231588,-8.102179,-5.204283,0.676086,140.041999,-0.564786,28.242665,0.564786,-0.473207,-0.676086,50.125397,42.538508,0.473207,0.473207,-140.041999,-42.538508,0.676086,-28.242665,-50.125397,-0.676086,-0.473207,0.564786,-0.564786,NA,NA,NA,NA,NA,NA,NA,NA,NA,NA,NA,NA
NA,NA,NA,NA,NA,NA,NA,NA,NA,NA,NA,NA,NA,NA,NA,NA,246,2025-10-04,14:18:38,1,1,"Norris, Eli",1000334436,Right,CAR_EAG,"Christopher, Conner",10087004,Right,CLE_SCC,Undefined,7,Top,0,0,0,Fastball,Four-Seam,StrikeSwinging,Undefined,Undefined,Undefined,0,0,NA,88.09303,-3.335078,-1.53671,2125.867331,187.695853,12:15:00,6.36658,0.33517,5.77711,-18.35501,18.01836,2.27095,1.72896,-0.9059,80.45379,-6.794564,-1.130037,0.434073,NA,NA,NA,NA,NA,NA,NA,NA,NA,NA,NA,-1.5924,10.49501,-0.20957,50,6.0797,3.3274,-127.65277,-7.99022,-2.62021,26.96065,-14.90488,CAR_EAG,CLE_SCC,CarsonNewman,TeamExclusive,Team,20251004-CarsonNewman-Private-2,8cca13e0-a14e-11f0-8e17-f9dcdb0ff224,86.83427,NA,NA,7.63925,NA,NA,NA,NA,NA,NA,aa1485ac-9891-46a2-85a3-6504a17cc3e8,2025-10-04,18:18:38,2025-10-04T18:18:38Z,2025-10-04T18:18:38Z,NA,v3,CNE,CSCC,NA,"Van Ness, Jameson",1000370206,Right,CAR_EAG,6cc2f4c0-5185-4860-b7eb-722bb857cc90,54.72255,-128.64632,13.48033,6.36403,-7.44095,-7.45244,-0.33397,3.42396,-1.31011,NA,NA,NA,NA,NA,NA,NA,NA,NA,NA,NA,NA,NA,NA,NA,NA,NA,NA,NA,NA,NA,NA,NA,NA,NA,NA,NA,NA,NA,NA,NA,NA,NA,NA,NA,NA,NA,NA,NA,NA,NA,NA,NA,NA,NA,NA,NA,NA,NA,NA,High,High,High,NA,NA,NA,NA,NA,201.624942,28.977358,1859.732607,0.874811,12:45:00,-0.48653,-0.350031,-0.800479,-4.75425,41.336283,37.555334,0.102742,175.487183,-0.991624,4.488887,0.991624,-0.078266,-0.102742,5.915305,5.897096,0.078266,0.078266,-175.487183,-5.897096,0.102742,-4.488887,-5.915305,-0.102742,-0.078266,0.991624,-0.991624,NA,NA,NA,NA,NA,NA,NA,NA,NA,NA,NA,NA
NA,NA,NA,NA,NA,NA,NA,NA,NA,NA,NA,NA,NA,NA,NA,NA,247,2025-10-04,14:18:54,1,2,"Norris, Eli",1000334436,Right,CAR_EAG,"Christopher, Conner",10087004,Right,CLE_SCC,Undefined,7,Top,0,0,1,Fastball,Four-Seam,FoulBallNotFieldable,Undefined,Undefined,Undefined,0,0,NA,89.59746,-3.814343,-0.568505,2139.39412,197.896148,12:30:00,6.38168,0.36424,5.80896,-18.03847,17.05678,5.13366,1.32578,0.26333,81.95311,-7.205495,0.352018,0.426379,NA,NA,NA,NA,NA,NA,NA,NA,NA,NA,NA,-2.80024,10.16327,-0.32076,50,6.05766,1.07274,-129.86171,-9.21445,-4.76971,27.84054,-14.86275,CAR_EAG,CLE_SCC,CarsonNewman,TeamExclusive,Team,20251004-CarsonNewman-Private-2,96b1c880-a14e-11f0-8e17-f9dcdb0ff224,88.40134,NA,NA,7.64436,NA,NA,NA,NA,NA,NA,aa1485ac-9891-46a2-85a3-6504a17cc3e8,2025-10-04,18:18:54,2025-10-04T18:18:54Z,2025-10-04T18:18:54Z,NA,v3,CNE,CSCC,NA,"Van Ness, Jameson",1000370206,Right,CAR_EAG,2b7292a0-0603-4cce-a918-46fe6e41049e,54.69292,-130.86394,13.92027,6.37974,-8.67941,-7.43137,-0.36247,1.24444,-2.38486,NA,NA,NA,NA,NA,NA,NA,NA,NA,NA,NA,NA,NA,NA,NA,NA,NA,NA,NA,NA,NA,NA,NA,NA,NA,NA,NA,NA,NA,NA,NA,NA,NA,NA,NA,NA,NA,NA,NA,NA,NA,NA,NA,NA,NA,NA,NA,NA,NA,NA,High,High,High,NA,NA,NA,NA,NA,207.733475,20.681419000000002,2001.528599,0.935559,01:00:00,-0.331627,-0.457901,-0.824834,-30.252921,-5.991333,-32.384532,0.075805,173.056463,-0.98981,6.923461,0.98981,-0.120543,-0.075805,4.379469,4.347472,0.120543,0.120543,-173.056463,-4.347472,0.075805,-6.923461,-4.379469,-0.075805,-0.120543,0.98981,-0.98981,NA,NA,NA,NA,NA,NA,NA,NA,NA,NA,NA,NA
NA,NA,NA,NA,NA,NA,NA,NA,NA,NA,NA,NA,NA,NA,NA,NA,248,2025-10-04,14:19:18,1,3,"Norris, Eli",1000334436,Right,CAR_EAG,"Christopher, Conner",10087004,Right,CLE_SCC,Undefined,7,Top,0,0,2,Curveball,Curveball,BallCalled,Undefined,Undefined,Undefined,0,0,NA,77.61784,5.091727,0.481817,2726.30349,36.423677,07:15:00,6.49923,0.05152,5.16811,-59.86613,-11.72694,-9.81008,6.31538,-0.3125,70.44643,-5.756478,-1.252167,0.499368,NA,NA,NA,NA,NA,NA,NA,NA,NA,NA,NA,4.96945,-6.72587,-0.08873,50,6.92941,-0.53719,-112.25077,7.83882,6.31314,21.13862,-40.71852,CAR_EAG,CLE_SCC,CarsonNewman,TeamExclusive,Team,20251004-CarsonNewman-Private-2,a4ad57b0-a14e-11f0-8e17-f9dcdb0ff224,75.48027,NA,NA,7.17141,NA,NA,NA,NA,NA,NA,aa1485ac-9891-46a2-85a3-6504a17cc3e8,2025-10-04,18:19:18,2025-10-04T18:19:18Z,2025-10-04T18:19:18Z,NA,v3,CNE,CSCC,NA,"Van Ness, Jameson",1000370206,Right,CAR_EAG,f09d9f7f-586b-402d-961b-c9957e656ddc,55.33614,-113.25119,10.56931,6.51282,9.76589,-20.35926,-0.05624,-0.83597,3.15657,NA,NA,NA,NA,NA,NA,NA,NA,NA,NA,NA,NA,NA,NA,NA,NA,NA,NA,NA,NA,NA,NA,NA,NA,NA,NA,NA,NA,NA,NA,NA,NA,NA,NA,NA,NA,NA,NA,NA,NA,NA,NA,NA,NA,NA,NA,NA,NA,NA,NA,High,High,High,NA,NA,NA,NA,NA,9.714287,47.966386,1825.441407,0.669566,06:15:00,-0.735318,0.178453,0.653806,-75.899375,13.16874,11.34161,0.816656,137.725448,-0.427031,22.843923,0.427031,-0.388222,-0.816656,62.394831,54.751474,0.388222,0.388222,-137.725448,-54.751474,0.816656,-22.843923,-62.394831,-0.816656,-0.388222,0.427031,-0.427031,NA,NA,NA,NA,NA,NA,NA,NA,NA,NA,NA,NA
NA,NA,NA,NA,NA,NA,NA,NA,NA,NA,NA,NA,NA,NA,NA,NA,249,2025-10-04,14:19:41,1,4,"Norris, Eli",1000334436,Right,CAR_EAG,"Christopher, Conner",10087004,Right,CLE_SCC,Undefined,7,Top,0,1,2,Fastball,Four-Seam,BallCalled,Undefined,Undefined,Undefined,0,0,NA,91.43257,-2.882991,-1.71343,2275.354082,195.214909,12:30:00,6.5077,0.22705,5.94604,-18.16025,15.31166,3.86819,2.31666,-1.04043,83.57855,-6.306272,-1.018542,0.416401,NA,NA,NA,NA,NA,NA,NA,NA,NA,NA,NA,-2.46288,8.99615,-0.09267,50,6.26755,3.7994,-132.60497,-7.24378,-4.37868,28.75698,-16.1801,CAR_EAG,CLE_SCC,CarsonNewman,TeamExclusive,Team,20251004-CarsonNewman-Private-2,b2704ab0-a14e-11f0-8e17-f9dcdb0ff224,90.5196,NA,NA,7.85402,NA,NA,NA,NA,NA,NA,aa1485ac-9891-46a2-85a3-6504a17cc3e8,2025-10-04,18:19:41,2025-10-04T18:19:41Z,2025-10-04T18:19:41Z,NA,v3,CNE,CSCC,NA,"Van Ness, Jameson",1000370206,Right,CAR_EAG,4d62649c-5153-4cc1-8b8a-1dcd3266030f,54.55439,-133.58899,14.37849,6.50595,-6.69012,-8.09005,-0.22525,3.94924,-2.18934,NA,NA,NA,NA,NA,NA,NA,NA,NA,NA,NA,NA,NA,NA,NA,NA,NA,NA,NA,NA,NA,NA,NA,NA,NA,NA,NA,NA,NA,NA,NA,NA,NA,NA,NA,NA,NA,NA,NA,NA,NA,NA,NA,NA,NA,NA,NA,NA,NA,NA,High,High,High,NA,NA,NA,NA,NA,202.253702,27.015193,2027.081338,0.890886,12:45:00,-0.461141,-0.359805,-0.811104,-15.204407,25.905305,27.601891,-0.156112,170.474155,-0.97412,-9.407985,0.97412,-0.163463,0.156112,9.10475,-8.981266,0.163463,-0.163463,-170.474155,8.981266,0.156112,9.407985,-9.10475,-0.156112,0.163463,0.97412,-0.97412,NA,NA,NA,NA,NA,NA,NA,NA,NA,NA,NA,NA
NA,NA,NA,NA,NA,NA,NA,NA,NA,NA,NA,NA,NA,NA,NA,NA,250,2025-10-04,14:20:02,1,5,"Norris, Eli",1000334436,Right,CAR_EAG,"Christopher, Conner",10087004,Right,CLE_SCC,Undefined,7,Top,0,2,2,Fastball,Four-Seam,FoulBallNotFieldable,Undefined,Undefined,Undefined,0,0,NA,90.20269,-4.128464,-0.346054,2239.179711,194.93555,12:30:00,6.41268,0.29604,5.69074,-19.14107,15.71147,3.88036,0.96294,0.29686,82.4573,-7.703204,0.348395,0.424902,NA,NA,NA,NA,NA,NA,NA,NA,NA,NA,NA,-2.05851,9.50926,-0.26933,50,6.05299,0.61633,-130.61446,-10.0439,-3.54603,28.23617,-15.79303,CAR_EAG,CLE_SCC,CarsonNewman,TeamExclusive,Team,20251004-CarsonNewman-Private-2,bed70910-a14e-11f0-8e17-f9dcdb0ff224,88.70858,NA,NA,7.7454,NA,NA,NA,NA,NA,NA,aa1485ac-9891-46a2-85a3-6504a17cc3e8,2025-10-04,18:20:02,2025-10-04T18:20:02Z,2025-10-04T18:20:02Z,NA,v3,CNE,CSCC,NA,"Van Ness, Jameson",1000370206,Right,CAR_EAG,3bfa09c5-9d35-49d9-8f83-a28445ed6aed,54.80862,-131.64988,14.11808,6.41068,-9.46477,-7.89652,-0.29432,0.74637,-1.77302,NA,NA,NA,NA,NA,NA,NA,NA,NA,NA,NA,NA,NA,NA,NA,NA,NA,NA,NA,NA,NA,NA,NA,NA,NA,NA,NA,NA,NA,NA,NA,NA,NA,NA,NA,NA,NA,NA,NA,NA,NA,NA,NA,NA,NA,NA,NA,NA,NA,NA,High,High,High,NA,NA,NA,NA,NA,202.748365,22.479542,2069.038142,0.924016,12:45:00,-0.360778,-0.383902,-0.849975,-1.552835,23.467758,54.392911,-0.096354,171.85912,-0.985317,-8.102746,0.985317,-0.140949,0.096354,5.585211,-5.529279,0.140949,-0.140949,-171.85912,5.529279,0.096354,8.102746,-5.585211,-0.096354,0.140949,0.985317,-0.985317,NA,NA,NA,NA,NA,NA,NA,NA,NA,NA,NA,NA
NA,NA,NA,NA,NA,NA,NA,NA,NA,NA,NA,NA,NA,NA,NA,NA,251,2025-10-04,14:20:40,1,6,"Norris, Eli",1000334436,Right,CAR_EAG,"Christopher, Conner",10087004,Right,CLE_SCC,Undefined,7,Top,0,2,2,Curveball,Curveball,BallCalled,Undefined,Undefined,Undefined,0,0,NA,76.86926,-0.198294,-0.233218,2329.472077,38.649118,07:15:00,6.46489,0.24112,5.48888,-58.14235,-9.21371,-8.80434,1.43418,-0.71077,69.79639,-10.774413,-1.808127,0.503446,NA,NA,NA,NA,NA,NA,NA,NA,NA,NA,NA,4.33284,-3.9711,-0.21469,50,6.40869,0.79905,-111.45185,-2.35732,5.32934,24.16089,-37.05847,CAR_EAG,CLE_SCC,CarsonNewman,TeamExclusive,Team,20251004-CarsonNewman-Private-2,d5a3acc0-a14e-11f0-8e17-f9dcdb0ff224,74.86888,NA,NA,7.07288,NA,NA,NA,NA,NA,NA,aa1485ac-9891-46a2-85a3-6504a17cc3e8,2025-10-04,18:20:40,2025-10-04T18:20:40Z,2025-10-04T18:20:40Z,NA,v3,CNE,CSCC,NA,"Van Ness, Jameson",1000370206,Right,CAR_EAG,cb94043a-b01b-44e0-b56a-67662a0ccf75,55.01265,-112.53326,12.08045,6.47708,-0.69863,-18.52924,-0.24511,0.56052,2.66467,NA,NA,NA,NA,NA,NA,NA,NA,NA,NA,NA,NA,NA,NA,NA,NA,NA,NA,NA,NA,NA,NA,NA,NA,NA,NA,NA,NA,NA,NA,NA,NA,NA,NA,NA,NA,NA,NA,NA,NA,NA,NA,NA,NA,NA,NA,NA,NA,NA,NA,High,High,High,NA,NA,NA,NA,NA,356.701104,58.913863,1202.76731,0.516326,06:00:00,-0.854179,-0.032676,0.518952,-96.733659,7.052799,36.579679,0.76368,131.698997,-0.429461,28.818316,0.429461,-0.482034,-0.76368,60.648427,49.78966,0.482034,0.482034,-131.698997,-49.78966,0.76368,-28.818316,-60.648427,-0.76368,-0.482034,0.429461,-0.429461,NA,NA,NA,NA,NA,NA,NA,NA,NA,NA,NA,NA
NA,NA,NA,NA,NA,NA,NA,NA,NA,NA,NA,NA,NA,NA,NA,NA,252,2025-10-04,14:20:57,1,7,"Norris, Eli",1000334436,Right,CAR_EAG,"Christopher, Conner",10087004,Right,CLE_SCC,Undefined,7,Top,0,3,2,Fastball,Four-Seam,StrikeCalled,Strikeout,Undefined,Undefined,0,0,NA,89.28592,-2.006046,0.622141,2138.631199,186.197666,12:15:00,6.33903,0.30183,5.76626,-17.27859,18.00316,1.83063,3.03119,1.03345,81.52046,-5.279382,0.94995,0.42751,NA,NA,NA,NA,NA,NA,NA,NA,NA,NA,NA,-0.75272,10.0715,-0.35444,50,6.16245,-1.48672,-129.57326,-5.05539,-1.27786,27.43755,-15.07631,CAR_EAG,CLE_SCC,CarsonNewman,TeamExclusive,Team,20251004-CarsonNewman-Private-2,e00c7840-a14e-11f0-8e17-f9dcdb0ff224,88.16735,NA,NA,7.76546,NA,NA,NA,NA,NA,NA,aa1485ac-9891-46a2-85a3-6504a17cc3e8,2025-10-04,18:20:57,2025-10-04T18:20:57Z,2025-10-04T18:20:57Z,NA,v3,CNE,CSCC,NA,"Van Ness, Jameson",1000370206,Right,CAR_EAG,c9c1b44e-d191-43a4-bd61-76f172d73fca,54.73344,-130.57173,13.71878,6.33644,-4.50675,-7.53815,-0.30118,-1.44022,-0.63893,NA,NA,NA,NA,NA,NA,NA,NA,NA,NA,NA,NA,NA,NA,NA,NA,NA,NA,NA,NA,NA,NA,NA,NA,NA,NA,NA,NA,NA,NA,NA,NA,NA,NA,NA,NA,NA,NA,NA,NA,NA,NA,NA,NA,NA,NA,NA,NA,NA,NA,High,High,High,NA,NA,NA,NA,NA,207.660625,19.286404,2018.609834,0.943879,01:00:00,-0.305653,-0.449474,-0.839374,-11.618957,30.515814,39.055063,-0.045991,178.689451,-0.998681,-1.309162,0.998681,-0.022847,0.045991,2.636697,-2.636008,0.022847,-0.022847,-178.689451,2.636008,0.045991,1.309162,-2.636697,-0.045991,0.022847,0.998681,-0.998681,NA,NA,NA,NA,NA,NA,NA,NA,NA,NA,NA,NA
NA,NA,NA,NA,NA,NA,NA,NA,NA,NA,NA,NA,NA,NA,NA,NA,253,2025-10-04,14:21:26,2,1,"Norris, Eli",1000334436,Right,CAR_EAG,"Bryson, Logan",824447,Right,CLE_SCC,Undefined,7,Top,1,0,0,Fastball,Four-Seam,FoulBallNotFieldable,Undefined,Undefined,Undefined,0,0,NA,90.16519,-1.526373,-0.112877,2150.809454,196.274931,12:30:00,6.45026,0.07322,5.5334,-17.59875,17.23804,4.7078,3.55652,0.36002,82.38084,-4.841806,0.726582,0.424806,NA,NA,NA,NA,NA,NA,NA,NA,NA,NA,NA,-2.42004,9.48182,-0.06669,50,6.30623,0.05,-130.88942,-4.05622,-4.19614,27.75928,-15.7335,CAR_EAG,CLE_SCC,CarsonNewman,TeamExclusive,Team,20251004-CarsonNewman-Private-2,f1507bb0-a14e-11f0-8e17-f9dcdb0ff224,88.72862,NA,NA,7.78435,NA,NA,NA,NA,NA,NA,aa1485ac-9891-46a2-85a3-6504a17cc3e8,2025-10-04,18:21:26,2025-10-04T18:21:26Z,2025-10-04T18:21:26Z,NA,v3,CNE,CSCC,NA,"Van Ness, Jameson",1000370206,Right,CAR_EAG,6e47ea10-24ae-44bc-95ed-45def8e953a6,54.96809,-131.93886,13.87964,6.44833,-3.46142,-7.86675,-0.07157,0.20863,-2.09807,NA,NA,NA,NA,NA,NA,NA,NA,NA,NA,NA,NA,NA,NA,NA,NA,NA,NA,NA,NA,NA,NA,NA,NA,NA,NA,NA,NA,NA,NA,NA,NA,NA,NA,NA,NA,NA,NA,NA,NA,NA,NA,NA,NA,NA,NA,NA,NA,NA,NA,High,High,High,NA,NA,NA,NA,NA,204.77804,16.033414,2067.144656,0.961101,12:45:00,-0.267089,-0.410015,-0.872096,0.452653,24.529429,53.57791,0.035925,175.269702,-0.995951,4.727237,0.995951,-0.082412,-0.035925,2.065847,2.058817,0.082412,0.082412,-175.269702,-2.058817,0.035925,-4.727237,-2.065847,-0.035925,-0.082412,0.995951,-0.995951,NA,NA,NA,NA,NA,NA,NA,NA,NA,NA,NA,NA
NA,NA,NA,NA,NA,NA,NA,NA,NA,NA,NA,NA,NA,NA,NA,NA,254,2025-10-04,14:21:50,2,2,"Norris, Eli",1000334436,Right,CAR_EAG,"Bryson, Logan",824447,Right,CLE_SCC,Undefined,7,Top,1,0,1,Curveball,Curveball,BallCalled,Undefined,Undefined,Undefined,0,0,NA,75.47577,0.864663,-1.285558,2728.833119,29.918621,07:00:00,6.38552,0.39613,5.53919,-64.66972,-15.06808,-9.5152,1.80484,-1.59861,70.01388,-10.828348,-2.987728,0.506897,NA,NA,NA,NA,NA,NA,NA,NA,NA,NA,NA,4.4439,-7.3743,-0.27818,50,6.41752,2.81692,-109.72033,-0.49482,5.4128,19.5619,-41.15612,CAR_EAG,CLE_SCC,CarsonNewman,TeamExclusive,Team,20251004-CarsonNewman-Private-2,ff91c670-a14e-11f0-8e17-f9dcdb0ff224,74.35921,NA,NA,5.4619,NA,NA,NA,NA,NA,NA,aa1485ac-9891-46a2-85a3-6504a17cc3e8,2025-10-04,18:21:50,2025-10-04T18:21:50Z,2025-10-04T18:21:50Z,NA,v3,CNE,CSCC,NA,"Van Ness, Jameson",1000370206,Right,CAR_EAG,e6e6bfce-c67e-4360-8678-3cf1dad163ac,54.96831,-110.60257,9.78095,6.3979799999999996,1.36133,-20.57806,-0.39972,2.5728,2.7064,NA,NA,NA,NA,NA,NA,NA,NA,NA,NA,NA,NA,NA,NA,NA,NA,NA,NA,NA,NA,NA,NA,NA,NA,NA,NA,NA,NA,NA,NA,NA,NA,NA,NA,NA,NA,NA,NA,NA,NA,NA,NA,NA,NA,NA,NA,NA,NA,NA,NA,High,High,High,NA,NA,NA,NA,NA,12.019082,56.146847,1520.140885,0.557066,06:30:00,-0.81619,0.128521,0.563308,-104.187403,28.664381,50.351151,0.640147,143.428144,-0.616991,27.241896,0.616991,-0.457748,-0.640147,46.055232,39.802786,0.457748,0.457748,-143.428144,-39.802786,0.640147,-27.241896,-46.055232,-0.640147,-0.457748,0.616991,-0.616991,NA,NA,NA,NA,NA,NA,NA,NA,NA,NA,NA,NA
NA,NA,NA,NA,NA,NA,NA,NA,NA,NA,NA,NA,NA,NA,NA,NA,255,2025-10-04,14:22:10,2,3,"Norris, Eli",1000334436,Right,CAR_EAG,"Bryson, Logan",824447,Right,CLE_SCC,Undefined,7,Top,1,1,1,Fastball,Four-Seam,BallCalled,Undefined,Undefined,Undefined,0,0,NA,89.97949,-4.337276,-0.555133,2292.943116,196.192303,12:30:00,6.37671,0.49316,5.69576,-16.22552,18.67407,5.09382,0.9745,0.40027,82.49592,-7.389646,0.356186,0.425189,NA,NA,NA,NA,NA,NA,NA,NA,NA,NA,NA,-2.74016,11.03127,-0.44974,50,6.00158,1.04087,-130.32522,-10.37672,-4.71743,27.13448,-13.18285,CAR_EAG,CLE_SCC,CarsonNewman,TeamExclusive,Team,20251004-CarsonNewman-Private-2,0b6a4e90-a14f-11f0-8e17-f9dcdb0ff224,88.64876,NA,NA,7.48357,NA,NA,NA,NA,NA,NA,aa1485ac-9891-46a2-85a3-6504a17cc3e8,2025-10-04,18:22:10,2025-10-04T18:22:10Z,2025-10-04T18:22:10Z,NA,v3,CNE,CSCC,NA,"Van Ness, Jameson",1000370206,Right,CAR_EAG,58738fc1-cfc4-4336-bec4-959f328a4b61,54.80516,-131.32187,13.56724,6.37383,-9.89252,-6.59143,-0.49116,1.21414,-2.35871,NA,NA,NA,NA,NA,NA,NA,NA,NA,NA,NA,NA,NA,NA,NA,NA,NA,NA,NA,NA,NA,NA,NA,NA,NA,NA,NA,NA,NA,NA,NA,NA,NA,NA,NA,NA,NA,NA,NA,NA,NA,NA,NA,NA,NA,NA,NA,NA,NA,NA,High,High,High,NA,NA,NA,NA,NA,208.505689,19.328723,2163.701701,0.943635,01:00:00,-0.304001,-0.474088,-0.826331,-31.377143,-4.79047,-39.945892,-0.045078,179.88701,-0.998982,-0.112875,0.998982,-0.00197,0.045078,2.583633,-2.583628,0.00197,-0.00197,-179.88701,2.583628,0.045078,0.112875,-2.583633,-0.045078,0.00197,0.998982,-0.998982,NA,NA,NA,NA,NA,NA,NA,NA,NA,NA,NA,NA
NA,NA,NA,NA,NA,NA,NA,NA,NA,NA,NA,NA,NA,NA,NA,NA,256,2025-10-04,14:22:33,2,4,"Norris, Eli",1000334436,Right,CAR_EAG,"Bryson, Logan",824447,Right,CLE_SCC,Undefined,7,Top,1,2,1,Fastball,Four-Seam,InPlay,Undefined,FlyBall,Double,0,0,NA,89.28147,-3.365796,-0.81182,2170.255545,199.494829,12:45:00,6.33454,0.31548,5.88003,-15.92225,19.12194,6.3791,1.87782,0.09305,81.96079,-6.382306,0.333121,0.426069,88.67007,25.754881,6.124213,3902.741854,108.30868,46.15858,19.21197,318.86774,318.86774,18.085119,4.235465,-3.51351,11.06985,-0.25371,50,6.05315,1.57316,-129.54621,-8.08403,-5.98565,26.43203,-13.31545,CAR_EAG,CLE_SCC,CarsonNewman,TeamExclusive,Team,20251004-CarsonNewman-Private-2,19388c30-a14f-11f0-8e17-f9dcdb0ff224,88.46567,57.50631,NA,7.32068,NA,NA,NA,1.16495,1.92617,-0.0649,aa1485ac-9891-46a2-85a3-6504a17cc3e8,2025-10-04,18:22:33,2025-10-04T18:22:33Z,2025-10-04T18:22:33Z,LineDrive,v3,CNE,CSCC,NA,"Van Ness, Jameson",1000370206,Right,CAR_EAG,841aea37-924b-4db2-bf8c-e531326abdcc,54.62276,-130.486,13.21601,6.33217,-7.61059,-6.65772,-0.31343,1.78598,-2.99282,217.022636,1.16414,116.48244,-21.55798,5.0858,-1.23213,0.31171,-0.06619,0.00874,-4.9e-4,1.92721,56.48278,-15.0931,0.13606,0.31724,-0.17161,0.04781,-0.0066,3.5e-4,-0.06495,12.49726,6.19293,-1.83091,0.4615,-0.09917,0.01677,-0.0019,1e-4,NA,NA,NA,NA,NA,NA,NA,NA,NA,NA,NA,NA,NA,NA,NA,NA,NA,NA,NA,NA,NA,NA,High,High,High,High,High,NA,NA,NA,203.827337,20.766431,2029.261782,0.935034,12:45:00,-0.343856,-0.397901,-0.850551,5.065686,30.943842,47.978354,0.099337,179.215661,-0.994961,0.78046,0.994961,-0.013621,-0.099337,5.70155,5.701019,0.013621,0.013621,-179.215661,-5.701019,0.099337,-0.78046,-5.70155,-0.099337,-0.013621,0.994961,-0.994961,NA,NA,NA,NA,NA,NA,NA,NA,NA,NA,NA,NA
NA,NA,NA,NA,NA,NA,NA,NA,NA,NA,NA,NA,NA,NA,NA,NA,257,2025-10-04,14:23:32,3,1,"Norris, Eli",1000334436,Right,CAR_EAG,"Armour, JC",1000310115,Left,CLE_SCC,Undefined,7,Top,1,0,0,Fastball,Four-Seam,BallCalled,Undefined,Undefined,Undefined,0,0,NA,89.96262,-4.068573,-0.184188,2290.092972,197.777759,12:30:00,6.42823,0.60546,5.70963,-15.46375,19.27785,5.83315,1.34243,0.91994,82.73989,-6.981985,0.85955,0.424225,NA,NA,NA,NA,NA,NA,NA,NA,NA,NA,NA,-3.01414,11.21638,-0.59369,50,6.07728,0.16635,-130.40497,-9.73735,-5.21517,26.19044,-12.76699,CAR_EAG,CLE_SCC,CarsonNewman,TeamExclusive,Team,20251004-CarsonNewman-Private-2,3c4ef060-a14f-11f0-8e17-f9dcdb0ff224,88.85012,NA,NA,7.22273,NA,NA,NA,NA,NA,NA,aa1485ac-9891-46a2-85a3-6504a17cc3e8,2025-10-04,18:23:32,2025-10-04T18:23:32Z,2025-10-04T18:23:32Z,NA,v3,CNE,CSCC,NA,"Van Ness, Jameson",1000370206,Right,CAR_EAG,50d9256e-9db3-484a-b46f-eec438678213,54.79178,-131.36383,13.09522,6.42522,-9.26994,-6.38349,-0.60328,0.35728,-2.60759,NA,NA,NA,NA,NA,NA,NA,NA,NA,NA,NA,NA,NA,NA,NA,NA,NA,NA,NA,NA,NA,NA,NA,NA,NA,NA,NA,NA,NA,NA,NA,NA,NA,NA,NA,NA,NA,NA,NA,NA,NA,NA,NA,NA,NA,NA,NA,NA,NA,NA,High,High,High,NA,NA,NA,NA,NA,207.003865,22.159523,2120.940475,0.926137,01:00:00,-0.349051,-0.446215,-0.824048,-5.171172,37.585071,48.185817,0.053282,176.869268,-0.997089,3.12628,0.997089,-0.054537,-0.053282,3.058857,3.0543,0.054537,0.054537,-176.869268,-3.0543,0.053282,-3.12628,-3.058857,-0.053282,-0.054537,0.997089,-0.997089,NA,NA,NA,NA,NA,NA,NA,NA,NA,NA,NA,NA
NA,NA,NA,NA,NA,NA,NA,NA,NA,NA,NA,NA,NA,NA,NA,NA,258,2025-10-04,14:24:15,3,2,"Norris, Eli",1000334436,Right,CAR_EAG,"Armour, JC",1000310115,Left,CLE_SCC,Undefined,7,Top,1,1,0,Fastball,Four-Seam,StrikeSwinging,Undefined,Undefined,Undefined,0,0,NA,89.5119,-2.796789,-0.901412,2316.444314,195.259754,12:30:00,6.41921,0.30816,5.73942,-16.02229,18.76021,4.84087,2.47726,-0.1279,82.66421,-5.814064,-0.034959,0.424475,NA,NA,NA,NA,NA,NA,NA,NA,NA,NA,NA,-2.68469,10.56371,-0.23608,50,6.17628,1.83702,-129.98141,-6.83399,-4.64165,24.54334,-13.91019,CAR_EAG,CLE_SCC,CarsonNewman,TeamExclusive,Team,20251004-CarsonNewman-Private-2,55eeff60-a14f-11f0-8e17-f9dcdb0ff224,88.79785,NA,NA,6.84768,NA,NA,NA,NA,NA,NA,aa1485ac-9891-46a2-85a3-6504a17cc3e8,2025-10-04,18:24:15,2025-10-04T18:24:15Z,2025-10-04T18:24:15Z,NA,v3,CNE,CSCC,NA,"Van Ness, Jameson",1000370206,Right,CAR_EAG,2865e396-9fcc-42a0-a87c-2b11e452c98e,54.76231,-130.87756,12.27167,6.41654,-6.32609,-6.9551,-0.30625,2.0065,-2.32082,NA,NA,NA,NA,NA,NA,NA,NA,NA,NA,NA,NA,NA,NA,NA,NA,NA,NA,NA,NA,NA,NA,NA,NA,NA,NA,NA,NA,NA,NA,NA,NA,NA,NA,NA,NA,NA,NA,NA,NA,NA,NA,NA,NA,NA,NA,NA,NA,NA,NA,High,High,High,NA,NA,NA,NA,NA,204.874061,24.216471,2112.602399,0.912002,12:45:00,-0.403947,-0.403169,-0.821147,-4.713566,30.710066,37.2486,-0.006113,176.134787,-0.997707,-3.865141,0.997707,-0.067408,0.006113,0.351035,-0.350236,0.067408,-0.067408,-176.134787,0.350236,0.006113,3.865141,-0.351035,-0.006113,0.067408,0.997707,-0.997707,NA,NA,NA,NA,NA,NA,NA,NA,NA,NA,NA,NA
NA,NA,NA,NA,NA,NA,NA,NA,NA,NA,NA,NA,NA,NA,NA,NA,259,2025-10-04,14:24:34,3,3,"Norris, Eli",1000334436,Right,CAR_EAG,"Armour, JC",1000310115,Left,CLE_SCC,Undefined,7,Top,1,1,1,Fastball,Four-Seam,BallCalled,Undefined,Undefined,Undefined,0,0,NA,90.51229,-4.218738,-0.430289,2266.488834,201.291252,12:45:00,6.38548,0.31759,5.77727,-14.77702,19.31765,7.13115,1.22116,0.51144,83.59798,-7.001383,0.847275,0.420257,NA,NA,NA,NA,NA,NA,NA,NA,NA,NA,NA,-3.75362,11.24524,-0.28643,50,6.02749,0.68095,-131.25799,-10.12149,-6.60925,25.36977,-12.37391,CAR_EAG,CLE_SCC,CarsonNewman,TeamExclusive,Team,20251004-CarsonNewman-Private-2,60e82400-a14f-11f0-8e17-f9dcdb0ff224,89.68909,NA,NA,6.91431,NA,NA,NA,NA,NA,NA,aa1485ac-9891-46a2-85a3-6504a17cc3e8,2025-10-04,18:24:34,2025-10-04T18:24:34Z,2025-10-04T18:24:34Z,NA,v3,CNE,CSCC,NA,"Van Ness, Jameson",1000370206,Right,CAR_EAG,86e4126a-d0e7-425f-a7ea-7654c8d75833,54.72524,-132.16814,12.68489,6.38264,-9.67757,-6.18695,-0.31511,0.91806,-3.30462,NA,NA,NA,NA,NA,NA,NA,NA,NA,NA,NA,NA,NA,NA,NA,NA,NA,NA,NA,NA,NA,NA,NA,NA,NA,NA,NA,NA,NA,NA,NA,NA,NA,NA,NA,NA,NA,NA,NA,NA,NA,NA,NA,NA,NA,NA,NA,NA,NA,NA,High,High,High,NA,NA,NA,NA,NA,205.489942,23.986502,2070.757703,0.913641,12:45:00,-0.382678,-0.422028,-0.821857,-13.893668,29.380658,34.135741,-0.106721,175.43735,-0.991138,-4.536538,0.991138,-0.079095,0.106721,6.145681,-6.126353,0.079095,-0.079095,-175.43735,6.126353,0.106721,4.536538,-6.145681,-0.106721,0.079095,0.991138,-0.991138,NA,NA,NA,NA,NA,NA,NA,NA,NA,NA,NA,NA
NA,NA,NA,NA,NA,NA,NA,NA,NA,NA,NA,NA,NA,NA,NA,NA,260,2025-10-04,14:24:53,3,4,"Norris, Eli",1000334436,Right,CAR_EAG,"Armour, JC",1000310115,Left,CLE_SCC,Undefined,7,Top,1,2,1,Fastball,Four-Seam,FoulBallNotFieldable,Undefined,Undefined,Undefined,0,0,NA,90.23109,-2.809049,-1.467205,2374.915194,198.316014,12:30:00,6.37637,0.45358,6.09568,-16.00225,17.73773,5.55028,2.44161,-0.44133,83.43283,-5.835701,-0.467386,0.418065,68.07414,23.464294,-155.447081,3459.96718,NA,NA,NA,NA,21.73941,NA,NA,-3.24083,10.17386,-0.34347,50,6.15115,3.13319,-131.09887,-6.89792,-5.70271,24.84007,-14.27157,CAR_EAG,CLE_SCC,CarsonNewman,TeamExclusive,Team,20251004-CarsonNewman-Private-2,6c623870-a14f-11f0-8e17-f9dcdb0ff224,90.15929,11.35219,NA,6.79826,NA,NA,NA,1.9834,2.4659,0.42938,aa1485ac-9891-46a2-85a3-6504a17cc3e8,2025-10-04,18:24:53,2025-10-04T18:24:53Z,2025-10-04T18:24:53Z,NA,v3,CNE,CSCC,NA,"Van Ness, Jameson",1000370206,Right,CAR_EAG,23e5c655-f4fe-4131-b2f7-fa2145ce0702,54.407470000000004,-131.93134,12.42004,6.3743,-6.41964,-7.13579,-0.45167,3.32431,-2.85136,NA,1.98374,-83.32274,8.20457,NA,NA,NA,NA,NA,NA,2.46984,39.56088,-25.19905,NA,NA,NA,NA,NA,NA,0.42337,-37.76047,18.35658,NA,NA,NA,NA,NA,NA,NA,NA,NA,NA,NA,NA,NA,NA,NA,NA,NA,NA,NA,NA,NA,NA,NA,NA,NA,NA,NA,NA,High,High,High,Medium,Undefined,NA,NA,NA,203.352133,23.968021,2170.131793,0.913772,12:45:00,-0.409341,-0.381675,-0.828712,-36.50466,-11.749031,-41.981084,-0.028311,167.441978,-0.975685,-12.552906,0.975685,-0.217341,0.028311,1.662056,-1.622315,0.217341,-0.217341,-167.441978,1.622315,0.028311,12.552906,-1.662056,-0.028311,0.217341,0.975685,-0.975685,NA,NA,NA,NA,NA,NA,NA,NA,NA,NA,NA,NA
NA,NA,NA,NA,NA,NA,NA,NA,NA,NA,NA,NA,NA,NA,NA,NA,261,2025-10-04,14:25:16,3,5,"Norris, Eli",1000334436,Right,CAR_EAG,"Armour, JC",1000310115,Left,CLE_SCC,Undefined,7,Top,1,2,2,Fastball,Four-Seam,StrikeSwinging,Strikeout,Undefined,Undefined,0,0,NA,91.58129,-2.741291,0.124001,2304.887798,197.954072,12:30:00,6.33779,0.34306,5.76479,-14.05564,19.18489,5.89748,2.61306,0.94993,84.40547,-5.406596,1.180028,0.414959,NA,NA,NA,NA,NA,NA,NA,NA,NA,NA,NA,-2.96732,10.77268,-0.35691,50,6.1020200000000004,-0.5474,-132.99267,-6.78014,-5.36091,26.18609,-12.71144,CAR_EAG,CLE_SCC,CarsonNewman,TeamExclusive,Team,20251004-CarsonNewman-Private-2,7a549fe0-a14f-11f0-8e17-f9dcdb0ff224,90.83409,NA,NA,7.17582,NA,NA,NA,NA,NA,NA,aa1485ac-9891-46a2-85a3-6504a17cc3e8,2025-10-04,18:25:16,2025-10-04T18:25:16Z,2025-10-04T18:25:16Z,NA,v3,CNE,CSCC,NA,"Van Ness, Jameson",1000370206,Right,CAR_EAG,0b3aa6d6-9f54-4584-a416-526e97fbf21b,54.7368,-133.9221,13.09305,6.33466,-6.32898,-6.35572,-0.34085,-0.35713,-2.68046,NA,NA,NA,NA,NA,NA,NA,NA,NA,NA,NA,NA,NA,NA,NA,NA,NA,NA,NA,NA,NA,NA,NA,NA,NA,NA,NA,NA,NA,NA,NA,NA,NA,NA,NA,NA,NA,NA,NA,NA,NA,NA,NA,NA,NA,NA,NA,NA,NA,NA,High,High,High,NA,NA,NA,NA,NA,203.55161,19.748685,2169.322982,0.941184,12:45:00,-0.317654,-0.391803,-0.863473,6.627783,29.744176,58.691806,0.048149,179.67037,-0.998824,0.329248,0.998824,-0.005746,-0.048149,2.759825,2.75978,0.005746,0.005746,-179.67037,-2.75978,0.048149,-0.329248,-2.759825,-0.048149,-0.005746,0.998824,-0.998824,NA,NA,NA,NA,NA,NA,NA,NA,NA,NA,NA,NA
NA,NA,NA,NA,NA,NA,NA,NA,NA,NA,NA,NA,NA,NA,NA,NA,262,2025-10-04,14:25:44,4,1,"Norris, Eli",1000334436,Right,CAR_EAG,"Adams, Hank",10088342,Right,CLE_SCC,Undefined,7,Top,2,0,0,Fastball,Four-Seam,StrikeSwinging,Undefined,Undefined,Undefined,0,0,NA,90.84601,-2.571337,-0.531463,2393.951906,203.615116,12:45:00,6.44989,0.59053,5.68002,-15.62351,18.12426,7.50575,2.74913,0.72055,84.06674,-5.506908,0.810595,0.418113,NA,NA,NA,NA,NA,NA,NA,NA,NA,NA,NA,-3.93225,10.12705,-0.55046,50,6.22312,0.89386,-131.97808,-6.41322,-7.02667,24.63244,-14.07761,CAR_EAG,CLE_SCC,CarsonNewman,TeamExclusive,Team,20251004-CarsonNewman-Private-2,8abac670-a14f-11f0-8e17-f9dcdb0ff224,90.14884,NA,NA,6.77927,NA,NA,NA,NA,NA,NA,aa1485ac-9891-46a2-85a3-6504a17cc3e8,2025-10-04,18:25:44,2025-10-04T18:25:44Z,2025-10-04T18:25:44Z,NA,v3,CNE,CSCC,NA,"Van Ness, Jameson",1000370206,Right,CAR_EAG,4e5f8190-1ded-49e1-98c8-2b77bfd9a91e,54.82199,-132.87502,12.31622,6.44731,-5.90061,-7.03881,-0.58766,1.14972,-3.51334,NA,NA,NA,NA,NA,NA,NA,NA,NA,NA,NA,NA,NA,NA,NA,NA,NA,NA,NA,NA,NA,NA,NA,NA,NA,NA,NA,NA,NA,NA,NA,NA,NA,NA,NA,NA,NA,NA,NA,NA,NA,NA,NA,NA,NA,NA,NA,NA,NA,NA,High,High,High,NA,NA,NA,NA,NA,203.611378,21.201409,2231.917045,0.932315,12:45:00,-0.35244,-0.38927,-0.851032,-12.570009,29.36291,52.905559,-0.262537,177.696851,-0.964142,-2.222318,0.964142,-0.038777,0.262537,15.232398,-15.220665,0.038777,-0.038777,-177.696851,15.220665,0.262537,2.222318,-15.232398,-0.262537,0.038777,0.964142,-0.964142,NA,NA,NA,NA,NA,NA,NA,NA,NA,NA,NA,NA
NA,NA,NA,NA,NA,NA,NA,NA,NA,NA,NA,NA,NA,NA,NA,NA,263,2025-10-04,14:26:00,4,2,"Norris, Eli",1000334436,Right,CAR_EAG,"Adams, Hank",10088342,Right,CLE_SCC,Undefined,7,Top,2,0,1,Fastball,Four-Seam,FoulBallNotFieldable,Undefined,Undefined,Undefined,0,0,NA,91.51137,-2.773362,-0.681289,2373.089471,203.6793,12:45:00,6.34279,0.63691,5.81099,-14.46434,18.67698,7.7726,2.55615,0.65103,84.58016,-5.508242,0.711771,0.414339,NA,NA,NA,NA,NA,NA,NA,NA,NA,NA,NA,-4.15996,10.54402,-0.58581,50,6.10658,1.24971,-132.95146,-6.8769,-7.52973,25.49736,-13.08881,CAR_EAG,CLE_SCC,CarsonNewman,TeamExclusive,Team,20251004-CarsonNewman-Private-2,949e3550-a14f-11f0-8e17-f9dcdb0ff224,90.96998,NA,NA,6.93121,NA,NA,NA,NA,NA,NA,aa1485ac-9891-46a2-85a3-6504a17cc3e8,2025-10-04,18:26:00,2025-10-04T18:26:00Z,2025-10-04T18:26:00Z,NA,v3,CNE,CSCC,NA,"Van Ness, Jameson",1000370206,Right,CAR_EAG,07225482-67e2-473c-80bf-9954138470bc,54.69235,-133.84833,12.74868,6.34038,-6.4165,-6.54441,-0.63443,1.51457,-3.76487,NA,NA,NA,NA,NA,NA,NA,NA,NA,NA,NA,NA,NA,NA,NA,NA,NA,NA,NA,NA,NA,NA,NA,NA,NA,NA,NA,NA,NA,NA,NA,NA,NA,NA,NA,NA,NA,NA,NA,NA,NA,NA,NA,NA,NA,NA,NA,NA,NA,NA,High,High,High,NA,NA,NA,NA,NA,208.618421,22.543765,2191.75447,0.923587,01:00:00,-0.37115,-0.460407,-0.806395,-29.96966,-10.035779,-38.178705,0.116446,171.466149,-0.982201,8.475367,0.982201,-0.147384,-0.116446,6.761202,6.687026,0.147384,0.147384,-171.466149,-6.687026,0.116446,-8.475367,-6.761202,-0.116446,-0.147384,0.982201,-0.982201,NA,NA,NA,NA,NA,NA,NA,NA,NA,NA,NA,NA
NA,NA,NA,NA,NA,NA,NA,NA,NA,NA,NA,NA,NA,NA,NA,NA,264,2025-10-04,14:26:23,4,3,"Norris, Eli",1000334436,Right,CAR_EAG,"Adams, Hank",10088342,Right,CLE_SCC,Undefined,7,Top,2,0,2,Fastball,Four-Seam,BallCalled,Undefined,Undefined,Undefined,0,0,NA,91.2155,-3.240054,-2.041221,2345.64214,194.047208,12:30:00,6.4883,0.22593,6.11544,-13.52296,19.70962,4.67477,2.36042,-1.27268,83.81123,-5.831393,-1.199409,0.41491,NA,NA,NA,NA,NA,NA,NA,NA,NA,NA,NA,-3.00071,11.43386,-0.0719,50,6.23244,4.5329,-132.39291,-7.87146,-5.34618,27.25915,-11.80316,CAR_EAG,CLE_SCC,CarsonNewman,TeamExclusive,Team,20251004-CarsonNewman-Private-2,a237f570-a14f-11f0-8e17-f9dcdb0ff224,90.84492,NA,NA,7.40427,NA,NA,NA,NA,NA,NA,aa1485ac-9891-46a2-85a3-6504a17cc3e8,2025-10-04,18:26:23,2025-10-04T18:26:23Z,2025-10-04T18:26:23Z,NA,v3,CNE,CSCC,NA,"Van Ness, Jameson",1000370206,Right,CAR_EAG,ad860b42-dd1c-41cb-9070-8d5087a70962,54.38881,-133.29348,13.62958,6.48605,-7.48151,-5.90158,-0.22457,4.70952,-2.67309,NA,NA,NA,NA,NA,NA,NA,NA,NA,NA,NA,NA,NA,NA,NA,NA,NA,NA,NA,NA,NA,NA,NA,NA,NA,NA,NA,NA,NA,NA,NA,NA,NA,NA,NA,NA,NA,NA,NA,NA,NA,NA,NA,NA,NA,NA,NA,NA,NA,NA,High,High,High,NA,NA,NA,NA,NA,204.272121,30.895555,2012.806646,0.858105,12:45:00,-0.520267,-0.381199,-0.764205,-16.784213,39.498908,10.434747,0.00816,177.849401,-0.999262,2.150527,0.999262,-0.037525,-0.00816,0.467865,0.467535,0.037525,0.037525,-177.849401,-0.467535,0.00816,-2.150527,-0.467865,-0.00816,-0.037525,0.999262,-0.999262,NA,NA,NA,NA,NA,NA,NA,NA,NA,NA,NA,NA
NA,NA,NA,NA,NA,NA,NA,NA,NA,NA,NA,NA,NA,NA,NA,NA,265,2025-10-04,14:26:42,4,4,"Norris, Eli",1000334436,Right,CAR_EAG,"Adams, Hank",10088342,Right,CLE_SCC,Undefined,7,Top,2,1,2,Fastball,Four-Seam,InPlay,Undefined,GroundBall,Error,0,2,NA,91.97564,-2.412083,-0.118533,2384.119856,201.671581,12:45:00,6.41117,0.33663,5.33565,-13.5252,20.13989,7.58359,3.01961,0.85739,84.2515,-4.978724,1.228494,0.417601,85.58418,7.618642,-26.036712,2738.412354,94.31857,6.39012,-56.60347,151.26668,151.26668,-32.553903,1.420973,-3.8474,11.08536,-0.33163,50,6.18398,-0.07378,-133.45392,-6.04381,-6.9584,27.95063,-12.12503,CAR_EAG,CLE_SCC,CarsonNewman,TeamExclusive,Team,20251004-CarsonNewman-Private-2,adb5da70-a14f-11f0-8e17-f9dcdb0ff224,90.25953,8.11037,NA,7.72414,NA,NA,NA,0.22491,3.00273,-0.96619,aa1485ac-9891-46a2-85a3-6504a17cc3e8,2025-10-04,18:26:42,2025-10-04T18:26:42Z,2025-10-04T18:26:42Z,GroundBall,v3,CNE,CSCC,NA,"Van Ness, Jameson",1000370206,Right,CAR_EAG,b89a0ec1-f616-4c55-b47b-f77cb27dea34,55.16618,-134.53158,13.97532,6.40799,-5.57633,-6.06252,-0.33396,0.1945,-3.4792,112.201017,0.52662,108.83769,-13.83969,NA,NA,NA,NA,NA,NA,3.05753,16.12946,-12.89192,NA,NA,NA,NA,NA,NA,-0.85576,-55.72272,-0.71811,NA,NA,NA,NA,NA,NA,NA,NA,NA,NA,NA,NA,NA,NA,NA,NA,NA,NA,NA,NA,NA,NA,NA,NA,NA,NA,NA,NA,High,High,High,High,High,NA,NA,NA,207.058565,21.35063,2220.497401,0.93137,01:00:00,-0.347636,-0.438628,-0.828707,3.433929,41.520407,61.746535,0.038767,172.134282,-0.989847,7.859768,0.989847,-0.136749,-0.038767,2.242807,2.221727,0.136749,0.136749,-172.134282,-2.221727,0.038767,-7.859768,-2.242807,-0.038767,-0.136749,0.989847,-0.989847,NA,NA,NA,NA,NA,NA,NA,NA,NA,NA,NA,NA
NA,NA,NA,NA,NA,NA,NA,NA,NA,NA,NA,NA,NA,NA,NA,NA,266,2025-10-04,14:27:26,5,1,"Norris, Eli",1000334436,Right,CAR_EAG,"Read, Jon Jon",10000760,Right,CLE_SCC,Undefined,7,Top,2,0,0,Fastball,Four-Seam,BallCalled,Undefined,Undefined,Undefined,0,0,NA,90.1567,-4.087037,-1.972827,2368.906965,198.951878,12:45:00,6.3138,0.14065,5.93855,-16.09198,17.89253,5.81634,1.17248,-1.20561,83.74091,-7.102187,-0.928411,0.419577,NA,NA,NA,NA,NA,NA,NA,NA,NA,NA,NA,-3.44079,10.44501,0.01358,50,5.97769,4.26104,-130.78335,-9.83139,-6.05272,23.5355,-13.80022,CAR_EAG,CLE_SCC,CarsonNewman,TeamExclusive,Team,20251004-CarsonNewman-Private-2,c7c2b500-a14f-11f0-8e17-f9dcdb0ff224,89.83434,NA,NA,6.41579,NA,NA,NA,NA,NA,NA,aa1485ac-9891-46a2-85a3-6504a17cc3e8,2025-10-04,18:27:26,2025-10-04T18:27:26Z,2025-10-04T18:27:26Z,NA,v3,CNE,CSCC,NA,"Van Ness, Jameson",1000370206,Right,CAR_EAG,37aa77d3-0df4-4cfe-a5e4-dede3af8396e,54.56388,-131.6021,11.76775,6.31135,-9.35132,-6.90011,-0.13832,4.4716,-3.02636,NA,NA,NA,NA,NA,NA,NA,NA,NA,NA,NA,NA,NA,NA,NA,NA,NA,NA,NA,NA,NA,NA,NA,NA,NA,NA,NA,NA,NA,NA,NA,NA,NA,NA,NA,NA,NA,NA,NA,NA,NA,NA,NA,NA,NA,NA,NA,NA,NA,NA,High,High,High,NA,NA,NA,NA,NA,205.46632,27.804682,2095.399743,0.884543,12:45:00,-0.465398,-0.412614,-0.783042,-29.347208,-22.28239,-53.223728,0.175382,165.36808,-0.952572,14.400191,0.952572,-0.248693,-0.175382,10.432137,10.100888,0.248693,0.248693,-165.36808,-10.100888,0.175382,-14.400191,-10.432137,-0.175382,-0.248693,0.952572,-0.952572,NA,NA,NA,NA,NA,NA,NA,NA,NA,NA,NA,NA
NA,NA,NA,NA,NA,NA,NA,NA,NA,NA,NA,NA,NA,NA,NA,NA,267,2025-10-04,14:27:45,5,2,"Norris, Eli",1000334436,Right,CAR_EAG,"Read, Jon Jon",10000760,Right,CLE_SCC,Undefined,7,Top,2,1,0,Fastball,Four-Seam,FoulBallNotFieldable,Undefined,Undefined,Undefined,0,0,NA,89.3593,-3.876887,-0.93298,2342.98827,212.445043,01:00:00,6.25932,0.60658,5.59383,-18.44422,16.84182,10.02304,1.0963,0.5706,82.40862,-7.30933,0.857021,0.427536,NA,NA,NA,NA,NA,NA,NA,NA,NA,NA,NA,-5.36674,9.89512,-0.5334,50,5.91432,1.68422,-129.58118,-9.38492,-9.18328,25.45902,-15.24203,CAR_EAG,CLE_SCC,CarsonNewman,TeamExclusive,Team,20251004-CarsonNewman-Private-2,d2ff9960-a14f-11f0-8e17-f9dcdb0ff224,88.162,NA,NA,6.95067,NA,NA,NA,NA,NA,NA,aa1485ac-9891-46a2-85a3-6504a17cc3e8,2025-10-04,18:27:45,2025-10-04T18:27:45Z,2025-10-04T18:27:45Z,NA,v3,CNE,CSCC,NA,"Van Ness, Jameson",1000370206,Right,CAR_EAG,199ddf8a-d0ad-4b99-9a53-adebdf3abe14,54.90954,-130.5422,12.72951,6.25772,-8.80957,-7.62102,-0.60351,2.03087,-4.59164,NA,NA,NA,NA,NA,NA,NA,NA,NA,NA,NA,NA,NA,NA,NA,NA,NA,NA,NA,NA,NA,NA,NA,NA,NA,NA,NA,NA,NA,NA,NA,NA,NA,NA,NA,NA,NA,NA,NA,NA,NA,NA,NA,NA,NA,NA,NA,NA,NA,NA,High,High,High,NA,NA,NA,NA,NA,210.423287,20.890514,2188.968478,0.934264,01:00:00,-0.336855,-0.496123,-0.800244,-46.124317,-5.527609,-23.215934,-0.158512,168.900562,-0.968888,-10.95736,0.968888,-0.190078,0.158512,9.291412,-9.12056,0.190078,-0.190078,-168.900562,9.12056,0.158512,10.95736,-9.291412,-0.158512,0.190078,0.968888,-0.968888,NA,NA,NA,NA,NA,NA,NA,NA,NA,NA,NA,NA
NA,NA,NA,NA,NA,NA,NA,NA,NA,NA,NA,NA,NA,NA,NA,NA,268,2025-10-04,14:28:08,5,3,"Norris, Eli",1000334436,Right,CAR_EAG,"Read, Jon Jon",10000760,Right,CLE_SCC,Undefined,7,Top,2,1,1,Fastball,Four-Seam,BallCalled,Undefined,Undefined,Undefined,0,0,NA,88.75036,-5.191133,-2.262914,2260.867408,201.565785,12:45:00,6.32804,0.43285,6.08851,-17.64036,17.52379,6.50961,0.03874,-1.1192,82.17473,-8.489412,-1.09063,0.426797,NA,NA,NA,NA,NA,NA,NA,NA,NA,NA,NA,-3.95126,10.703430000000001,-0.26165,50,5.91663,4.82096,-128.50392,-12.20009,-6.67026,24.24216,-14.10513,CAR_EAG,CLE_SCC,CarsonNewman,TeamExclusive,Team,20251004-CarsonNewman-Private-2,e0802c30-a14f-11f0-8e17-f9dcdb0ff224,88.31463,NA,NA,6.57563,NA,NA,NA,NA,NA,NA,aa1485ac-9891-46a2-85a3-6504a17cc3e8,2025-10-04,18:28:08,2025-10-04T18:28:08Z,2025-10-04T18:28:08Z,NA,v3,CNE,CSCC,NA,"Van Ness, Jameson",1000370206,Right,CAR_EAG,0f31c561-95d0-4e27-ac21-1cc32b0ee943,54.41485,-129.3341,12.12108,6.32615,-11.71705,-7.05257,-0.43066,5.04939,-3.33513,NA,NA,NA,NA,NA,NA,NA,NA,NA,NA,NA,NA,NA,NA,NA,NA,NA,NA,NA,NA,NA,NA,NA,NA,NA,NA,NA,NA,NA,NA,NA,NA,NA,NA,NA,NA,NA,NA,NA,NA,NA,NA,NA,NA,NA,NA,NA,NA,NA,NA,High,High,High,NA,NA,NA,NA,NA,207.845325,25.028651,2048.563681,0.906096,01:00:00,-0.414379,-0.459768,-0.785432,-33.591136,-16.133392,-51.074924,0.07672,172.817154,-0.989228,7.161565,0.989228,-0.124668,-0.07672,4.434717,4.400051,0.124668,0.124668,-172.817154,-4.400051,0.07672,-7.161565,-4.434717,-0.07672,-0.124668,0.989228,-0.989228,NA,NA,NA,NA,NA,NA,NA,NA,NA,NA,NA,NA
NA,NA,NA,NA,NA,NA,NA,NA,NA,NA,NA,NA,NA,NA,NA,NA,269,2025-10-04,14:28:41,5,4,"Norris, Eli",1000334436,Right,CAR_EAG,"Read, Jon Jon",10000760,Right,CLE_SCC,Undefined,7,Top,2,2,1,Fastball,Four-Seam,InPlay,Undefined,GroundBall,Single,0,1,NA,88.85132,-2.044256,-1.628526,2256.182723,200.353961,12:45:00,6.39955,0.43202,5.78997,-16.3271,19.08966,6.67622,3.13559,-0.52708,81.52652,-5.140365,-0.433048,0.428327,93.61662,-6.811958,-5.053772,NA,NA,NA,NA,25.6906,25.02994,-3.614823,0.18333,-3.86107,10.64064,-0.30199,50,6.22135,3.38903,-129.01088,-5.08967,-6.53205,25.88267,-14.17248,CAR_EAG,CLE_SCC,CarsonNewman,TeamExclusive,Team,20251004-CarsonNewman-Private-2,f4732300-a14f-11f0-8e17-f9dcdb0ff224,87.99916,3.1694,NA,7.3248,NA,NA,NA,1.15351,3.1694,0.50637,aa1485ac-9891-46a2-85a3-6504a17cc3e8,2025-10-04,18:28:41,2025-10-04T18:28:41Z,2025-10-04T18:28:41Z,GroundBall,v3,CNE,CSCC,NA,"Van Ness, Jameson",1000370206,Right,CAR_EAG,298a9de7-cc5a-4ef2-bd89-c692a6946400,54.71246,-129.95287,12.94134,6.3972,-4.57386,-7.08624,-0.42966,3.62676,-3.26602,187.438221,1.15399,135.77056,-12.07305,NA,NA,NA,NA,NA,NA,3.16918,-16.27039,-5.53785,NA,NA,NA,NA,NA,NA,0.50628,-12.00262,2.21667,NA,NA,NA,NA,NA,NA,NA,NA,NA,NA,NA,NA,NA,NA,NA,NA,NA,NA,NA,NA,NA,NA,NA,NA,NA,NA,NA,NA,High,High,High,High,High,NA,NA,NA,205.988543,21.56318,2098.278954,0.930013,12:45:00,-0.376371,-0.420374,-0.825609,-7.526229,36.097164,37.676545,0.028576,177.80431,-0.998858,2.194793,0.998858,-0.038297,-0.028576,1.638731,1.637528,0.038297,0.038297,-177.80431,-1.637528,0.028576,-2.194793,-1.638731,-0.028576,-0.038297,0.998858,-0.998858,NA,NA,NA,NA,NA,NA,NA,NA,NA,NA,NA,NA
NA,NA,NA,NA,NA,NA,NA,NA,NA,NA,NA,NA,NA,NA,NA,NA,270,2025-10-04,14:29:20,6,1,"Norris, Eli",1000334436,Right,CAR_EAG,"Casteel, Brody",10088288,Right,CLE_SCC,Undefined,7,Top,2,0,0,Fastball,Four-Seam,StrikeSwinging,Undefined,Undefined,Undefined,0,0,NA,88.99702,-1.261382,-1.72112,2222.154702,199.385172,12:45:00,6.35396,0.61526,5.98478,-17.4534,17.42174,5.77071,3.72961,-0.49966,81.95532,-4.564118,-0.684126,0.42504,NA,NA,NA,NA,NA,NA,NA,NA,NA,NA,NA,-3.39658,9.58855,-0.48243,50,6.24448,3.64658,-129.3355,-3.36089,-5.80217,24.82907,-15.79452,CAR_EAG,CLE_SCC,CarsonNewman,TeamExclusive,Team,20251004-CarsonNewman-Private-2,0b933de0-a150-11f0-8e17-f9dcdb0ff224,88.67984,NA,NA,7.0417,NA,NA,NA,NA,NA,NA,aa1485ac-9891-46a2-85a3-6504a17cc3e8,2025-10-04,18:29:20,2025-10-04T18:29:20Z,2025-10-04T18:29:20Z,NA,v3,CNE,CSCC,NA,"Van Ness, Jameson",1000370206,Right,CAR_EAG,0e4047dc-91cd-4b43-8caa-4795ba99f2c6,54.51682,-130.19973,12.41453,6.35189,-2.81113,-7.89726,-0.61287,3.84853,-2.90109,NA,NA,NA,NA,NA,NA,NA,NA,NA,NA,NA,NA,NA,NA,NA,NA,NA,NA,NA,NA,NA,NA,NA,NA,NA,NA,NA,NA,NA,NA,NA,NA,NA,NA,NA,NA,NA,NA,NA,NA,NA,NA,NA,NA,NA,NA,NA,NA,NA,NA,High,High,High,NA,NA,NA,NA,NA,207.104124,28.453033,1953.736104,0.879208,01:00:00,-0.490801,-0.410966,-0.768259,-30.240986,-28.836133,-73.641588,0.105394,171.550734,-0.983637,8.401867,0.983637,-0.146115,-0.105394,6.115734,6.049851,0.146115,0.146115,-171.550734,-6.049851,0.105394,-8.401867,-6.115734,-0.105394,-0.146115,0.983637,-0.983637,NA,NA,NA,NA,NA,NA,NA,NA,NA,NA,NA,NA
NA,NA,NA,NA,NA,NA,NA,NA,NA,NA,NA,NA,NA,NA,NA,NA,271,2025-10-04,14:30:02,6,2,"Culpepper, Brock",1000215907,Right,CAR_EAG,"Casteel, Brody",10088288,Right,CLE_SCC,Undefined,7,Top,2,0,1,Fastball,Four-Seam,BallCalled,Undefined,Undefined,Undefined,0,0,NA,88.47399,-0.799484,-1.057691,2396.50587,193.059253,12:30:00,6.39897,0.43123,5.79465,-15.22209,20.67785,4.52555,4.38658,-0.17565,80.55301,-3.723552,-0.247186,0.431239,NA,NA,NA,NA,NA,NA,NA,NA,NA,NA,NA,-2.58847,11.08501,-0.34681,50,6.32398,2.17394,-128.42793,-2.20192,-4.31347,27.15241,-13.70165,CAR_EAG,CLE_SCC,CarsonNewman,TeamExclusive,Team,20251004-CarsonNewman-Private-2,24b7b440-a150-11f0-8e17-f9dcdb0ff224,87.40491,NA,NA,7.92099,NA,NA,NA,NA,NA,NA,aa1485ac-9891-46a2-85a3-6504a17cc3e8,2025-10-04,18:30:02,2025-10-04T18:30:02Z,2025-10-04T18:30:02Z,NA,v3,CNE,CSCC,NA,"Van Ness, Jameson",1000370206,Right,CAR_EAG,b7e8f1c2-46f6-4710-8042-d1ccbb2a145a,54.70421,-129.41868,13.5762,6.39521,-1.70197,-6.85083,-0.42901,2.33133,-2.15674,NA,NA,NA,NA,NA,NA,NA,NA,NA,NA,NA,NA,NA,NA,NA,NA,NA,NA,NA,NA,NA,NA,NA,NA,NA,NA,NA,NA,NA,NA,NA,NA,NA,NA,NA,NA,NA,NA,NA,NA,NA,NA,NA,NA,NA,NA,NA,NA,NA,NA,High,High,High,NA,NA,NA,NA,NA,206.781383,28.287283,2110.321265,0.880583,01:00:00,-0.482742,-0.403353,-0.777346,-38.879832,-15.311118,-56.103565,0.005609,171.838914,-0.989857,8.160957,0.989857,-0.141954,-0.005609,0.324676,0.321388,0.141954,0.141954,-171.838914,-0.321388,0.005609,-8.160957,-0.324676,-0.005609,-0.141954,0.989857,-0.989857,NA,NA,NA,NA,NA,NA,NA,NA,NA,NA,NA,NA
NA,NA,NA,NA,NA,NA,NA,NA,NA,NA,NA,NA,NA,NA,NA,NA,272,2025-10-04,14:30:22,6,3,"Norris, Eli",1000334436,Right,CAR_EAG,"Casteel, Brody",10088288,Right,CLE_SCC,Undefined,7,Top,2,1,1,Fastball,Four-Seam,StrikeCalled,Undefined,Undefined,Undefined,0,0,NA,88.98184,-2.495895,-0.073171,2234.615659,207.359981,01:00:00,6.31668,0.52207,5.54416,-16.67773,19.02422,9.26422,2.59272,1.22571,81.58698,-5.638429,1.579097,0.430048,NA,NA,NA,NA,NA,NA,NA,NA,NA,NA,NA,-4.67957,10.61623,-0.52192,50,6.08933,-0.24666,-129.11604,-6.14028,-7.9223,26.16003,-14.20125,CAR_EAG,CLE_SCC,CarsonNewman,TeamExclusive,Team,20251004-CarsonNewman-Private-2,306f1fd0-a150-11f0-8e17-f9dcdb0ff224,87.646960000000007,NA,NA,7.39486,NA,NA,NA,NA,NA,NA,aa1485ac-9891-46a2-85a3-6504a17cc3e8,2025-10-04,18:30:22,2025-10-04T18:30:22Z,2025-10-04T18:30:22Z,NA,v3,CNE,CSCC,NA,"Van Ness, Jameson",1000370206,Right,CAR_EAG,bf5499f1-a5ea-439f-b56c-05a461417562,54.95628,-130.11635,13.08002,6.31374,-5.59725,-7.10063,-0.51827,0.05627,-3.96115,NA,NA,NA,NA,NA,NA,NA,NA,NA,NA,NA,NA,NA,NA,NA,NA,NA,NA,NA,NA,NA,NA,NA,NA,NA,NA,NA,NA,NA,NA,NA,NA,NA,NA,NA,NA,NA,NA,NA,NA,NA,NA,NA,NA,NA,NA,NA,NA,NA,NA,High,High,High,NA,NA,NA,NA,NA,208.811453,12.837125,2178.762772,0.975006,01:00:00,-0.202598,-0.479113,-0.854052,-44.126385,-11.298788,-29.253041,-0.219934,173.489786,-0.969224,-6.350145,0.969224,-0.110604,0.219934,12.784936,-12.705179,0.110604,-0.110604,-173.489786,12.705179,0.219934,6.350145,-12.784936,-0.219934,0.110604,0.969224,-0.969224,NA,NA,NA,NA,NA,NA,NA,NA,NA,NA,NA,NA
NA,NA,NA,NA,NA,NA,NA,NA,NA,NA,NA,NA,NA,NA,NA,NA,273,2025-10-04,14:30:44,6,4,"Norris, Eli",1000334436,Right,CAR_EAG,"Casteel, Brody",10088288,Right,CLE_SCC,Undefined,7,Top,2,1,2,Curveball,Curveball,StrikeCalled,Strikeout,Undefined,Undefined,0,0,NA,76.15243,1.573904,0.873302,2665.069598,47.668617,07:30:00,6.36847,0.62917,5.36554,-56.55208,-7.69142,-10.00843,3.13222,0.61411,70.43552,-8.676544,-0.90851,0.503096,NA,NA,NA,NA,NA,NA,NA,NA,NA,NA,NA,5.23272,-3.77851,-0.70035,50,6.46958,-1.29861,-110.65026,1.11469,6.51912,18.83977,-36.88146,CAR_EAG,CLE_SCC,CarsonNewman,TeamExclusive,Team,20251004-CarsonNewman-Private-2,3d6e4da0-a150-11f0-8e17-f9dcdb0ff224,74.92095,NA,NA,5.71692,NA,NA,NA,NA,NA,NA,aa1485ac-9891-46a2-85a3-6504a17cc3e8,2025-10-04,18:30:44,2025-10-04T18:30:44Z,2025-10-04T18:30:44Z,NA,v3,CNE,CSCC,NA,"Van Ness, Jameson",1000370206,Right,CAR_EAG,f93437af-d9e5-4805-a96f-bd11c8b448cd,55.13954,-111.52191,9.41988,6.37853,2.82105,-18.44073,-0.63329,-1.60022,3.25956,NA,NA,NA,NA,NA,NA,NA,NA,NA,NA,NA,NA,NA,NA,NA,NA,NA,NA,NA,NA,NA,NA,NA,NA,NA,NA,NA,NA,NA,NA,NA,NA,NA,NA,NA,NA,NA,NA,NA,NA,NA,NA,NA,NA,NA,NA,NA,NA,NA,NA,High,High,High,NA,NA,NA,NA,NA,5.675056,62.806193,1217.941578,0.457002,06:15:00,-0.894717,0.069605,0.441176,15.273694,71.168434,-43.28945,0.679897,118.733408,-0.352527,40.016823,0.352527,-0.643013,-0.679897,62.593267,42.835597,0.643013,0.643013,-118.733408,-42.835597,0.679897,-40.016823,-62.593267,-0.679897,-0.643013,0.352527,-0.352527,NA,NA,NA,NA,NA,NA,NA,NA,NA,NA,NA,NA
NA,NA,NA,NA,NA,NA,NA,NA,NA,NA,NA,NA,NA,NA,NA,NA,274,2025-10-04,14:33:01,1,1,"Mahan, Riley",10068537,Right,CLE_SCC,"Floyd, Logan",1000148156,Right,CAR_EAG,Undefined,7,Bottom,0,0,0,Fastball,Changeup,BallCalled,Undefined,Undefined,Undefined,0,0,NA,85.22573,-3.498534,-3.602701,2032.359501,214.037167,01:15:00,5.34871,1.18963,6.32334,-22.21281,15.90304,9.89197,0.26508,-1.30852,78.04588,-7.685927,-1.816411,0.444349,NA,NA,NA,NA,NA,NA,NA,NA,NA,NA,NA,-6.15914,9.64949,-0.9305,50,5.08156,7.3943,-123.42577,-8.1737,-9.48565,24.93727,-17.31293,CAR_EAG,CLE_SCC,CarsonNewman,TeamExclusive,Team,20251004-CarsonNewman-Private-2,8f286450-a150-11f0-8e17-f9dcdb0ff224,84.82619,NA,NA,7.17986,NA,NA,NA,NA,NA,NA,aa1485ac-9891-46a2-85a3-6504a17cc3e8,2025-10-04,18:33:01,2025-10-04T18:33:01Z,2025-10-04T18:33:01Z,NA,v3,CNE,CSCC,NA,"Christopher, Conner",10087004,Right,CLE_SCC,4f8c1b41-5095-4cf4-b7df-3b4325f4206f,54.17767,-124.26697,12.46864,5.34743,-7.58969,-8.65647,-1.18532,7.71428,-4.74282,NA,NA,NA,NA,NA,NA,NA,NA,NA,NA,NA,NA,NA,NA,NA,NA,NA,NA,NA,NA,NA,NA,NA,NA,NA,NA,NA,NA,NA,NA,NA,NA,NA,NA,NA,NA,NA,NA,NA,NA,NA,NA,NA,NA,NA,NA,NA,NA,NA,NA,High,High,High,NA,NA,NA,NA,NA,222.430973,21.907491,1885.597703,0.927787,01:30:00,-0.376585,-0.647581,-0.662437,-27.051305,48.109039,25.881965,0.038724,175.495671,-0.996164,4.500943,0.996164,-0.078476,-0.038724,2.22616,2.219291,0.078476,0.078476,-175.495671,-2.219291,0.038724,-4.500943,-2.22616,-0.038724,-0.078476,0.996164,-0.996164,NA,NA,NA,NA,NA,NA,NA,NA,NA,NA,NA,NA
NA,NA,NA,NA,NA,NA,NA,NA,NA,NA,NA,NA,NA,NA,NA,NA,275,2025-10-04,14:33:16,1,2,"Mahan, Riley",10068537,Right,CLE_SCC,"Floyd, Logan",1000148156,Right,CAR_EAG,Undefined,7,Bottom,0,1,0,Fastball,Changeup,BallCalled,Undefined,Undefined,Undefined,0,0,NA,83.8869,-2.539411,-2.535608,2058.949361,223.884183,01:30:00,5.40282,1.55217,5.97158,-23.29722,16.35265,14.50095,1.10314,0.40818,76.91356,-6.909564,0.069991,0.453202,NA,NA,NA,NA,NA,NA,NA,NA,NA,NA,NA,-8.13863,9.48756,-1.3592,50,5.18837,4.81834,-121.68194,-6.08387,-12.21051,23.72608,-17.9397,CAR_EAG,CLE_SCC,CarsonNewman,TeamExclusive,Team,20251004-CarsonNewman-Private-2,9831edf0-a150-11f0-8e17-f9dcdb0ff224,83.16912,NA,NA,6.97334,NA,NA,NA,NA,NA,NA,aa1485ac-9891-46a2-85a3-6504a17cc3e8,2025-10-04,18:33:16,2025-10-04T18:33:16Z,2025-10-04T18:33:16Z,NA,v3,CNE,CSCC,NA,"Christopher, Conner",10087004,Right,CLE_SCC,af002ea0-2532-4b09-ad78-bde3c8182801,54.52994,-122.56203,11.86304,5.4017,-5.41843,-8.96985,-1.54633,5.27127,-6.10525,NA,NA,NA,NA,NA,NA,NA,NA,NA,NA,NA,NA,NA,NA,NA,NA,NA,NA,NA,NA,NA,NA,NA,NA,NA,NA,NA,NA,NA,NA,NA,NA,NA,NA,NA,NA,NA,NA,NA,NA,NA,NA,NA,NA,NA,NA,NA,NA,NA,NA,High,High,High,NA,NA,NA,NA,NA,226.498583,12.654499,2008.93506,0.975709,01:30:00,-0.217029,-0.716749,-0.662699,-17.195989,50.736828,52.673886,0.034942,176.050218,-0.997016,3.947366,0.997016,-0.06884,-0.034942,2.007227,2.002464,0.06884,0.06884,-176.050218,-2.002464,0.034942,-3.947366,-2.007227,-0.034942,-0.06884,0.997016,-0.997016,NA,NA,NA,NA,NA,NA,NA,NA,NA,NA,NA,NA
NA,NA,NA,NA,NA,NA,NA,NA,NA,NA,NA,NA,NA,NA,NA,NA,276,2025-10-04,14:33:31,1,3,"Mahan, Riley",10068537,Right,CLE_SCC,"Floyd, Logan",1000148156,Right,CAR_EAG,Undefined,7,Bottom,0,2,0,Fastball,Changeup,BallCalled,Undefined,Undefined,Undefined,0,0,NA,82.93897,0.67112,-0.256259,1968.776107,211.450981,01:00:00,5.3634,1.4242,6.20414,-25.02379,15.02698,8.43552,3.89762,1.89061,75.87208,-4.05778,1.266361,0.455488,NA,NA,NA,NA,NA,NA,NA,NA,NA,NA,NA,-4.42736,7.97449,-1.40898,50,5.40115,0.21901,-120.55598,0.70986,-6.52114,23.2532,-20.42826,CAR_EAG,CLE_SCC,CarsonNewman,TeamExclusive,Team,20251004-CarsonNewman-Private-2,a11eeee0-a150-11f0-8e17-f9dcdb0ff224,82.75181,NA,NA,7.06689,NA,NA,NA,NA,NA,NA,aa1485ac-9891-46a2-85a3-6504a17cc3e8,2025-10-04,18:33:31,2025-10-04T18:33:31Z,2025-10-04T18:33:31Z,NA,v3,CNE,CSCC,NA,"Christopher, Conner",10087004,Right,CLE_SCC,eec715ad-c0c2-43cf-b7d8-8533c2daceef,54.2965,-121.38187,11.6266,5.36305,1.43542,-10.21413,-1.42087,0.45062,-3.26057,NA,NA,NA,NA,NA,NA,NA,NA,NA,NA,NA,NA,NA,NA,NA,NA,NA,NA,NA,NA,NA,NA,NA,NA,NA,NA,NA,NA,NA,NA,NA,NA,NA,NA,NA,NA,NA,NA,NA,NA,NA,NA,NA,NA,NA,NA,NA,NA,NA,NA,High,High,High,NA,NA,NA,NA,NA,218.619998,20.646242,1842.331993,0.935775,01:15:00,-0.36268,-0.579896,-0.729509,-35.333956,27.864815,23.242922,-0.207435,170.826401,-0.965737,-8.972397,0.965737,-0.155959,0.207435,12.122605,-11.972056,0.155959,-0.155959,-170.826401,11.972056,0.207435,8.972397,-12.122605,-0.207435,0.155959,0.965737,-0.965737,NA,NA,NA,NA,NA,NA,NA,NA,NA,NA,NA,NA
NA,NA,NA,NA,NA,NA,NA,NA,NA,NA,NA,NA,NA,NA,NA,NA,277,2025-10-04,14:33:47,1,4,"Mahan, Riley",10068537,Right,CLE_SCC,"Floyd, Logan",1000148156,Right,CAR_EAG,Undefined,7,Bottom,0,3,0,Fastball,Changeup,StrikeCalled,Undefined,Undefined,Undefined,0,0,NA,82.80864,-1.296363,-1.595071,2023.889881,215.083057,01:15:00,5.37137,1.43393,6.14407,-23.00375,17.51769,11.35871,2.25571,0.90605,75.48537,-5.657309,0.453161,0.458156,NA,NA,NA,NA,NA,NA,NA,NA,NA,NA,NA,-6.31496,9.8284300000000009,-1.31799,50,5.2606,2.91189,-120.22982,-3.35024,-9.20094,24.31213,-17.85402,CAR_EAG,CLE_SCC,CarsonNewman,TeamExclusive,Team,20251004-CarsonNewman-Private-2,aad0ed80-a150-11f0-8e17-f9dcdb0ff224,82.26979,NA,NA,7.32327,NA,NA,NA,NA,NA,NA,aa1485ac-9891-46a2-85a3-6504a17cc3e8,2025-10-04,18:33:47,2025-10-04T18:33:47Z,2025-10-04T18:33:47Z,NA,v3,CNE,CSCC,NA,"Christopher, Conner",10087004,Right,CLE_SCC,ef49d7e9-8416-4eb4-a071-5ad521e7aeae,54.35604,-121.10746,12.15607,5.36991,-2.70572,-8.92701,-1.4291,3.24404,-4.60047,NA,NA,NA,NA,NA,NA,NA,NA,NA,NA,NA,NA,NA,NA,NA,NA,NA,NA,NA,NA,NA,NA,NA,NA,NA,NA,NA,NA,NA,NA,NA,NA,NA,NA,NA,NA,NA,NA,NA,NA,NA,NA,NA,NA,NA,NA,NA,NA,NA,NA,High,High,High,NA,NA,NA,NA,NA,222.857755,14.001014,1963.763035,0.970291,01:30:00,-0.246657,-0.665278,-0.704674,-31.314548,40.801892,31.178777,0.089222,177.706556,-0.995214,2.284292,0.995214,-0.039858,-0.089222,5.122927,5.118845,0.039858,0.039858,-177.706556,-5.118845,0.089222,-2.284292,-5.122927,-0.089222,-0.039858,0.995214,-0.995214,NA,NA,NA,NA,NA,NA,NA,NA,NA,NA,NA,NA
NA,NA,NA,NA,NA,NA,NA,NA,NA,NA,NA,NA,NA,NA,NA,NA,278,2025-10-04,14:34:00,1,5,"Mahan, Riley",10068537,Right,CLE_SCC,"Floyd, Logan",1000148156,Right,CAR_EAG,Undefined,7,Bottom,0,3,1,Fastball,Changeup,BallCalled,Walk,Undefined,Undefined,0,0,NA,82.51182,-0.094507,0.626738,2021.976386,218.321994,01:15:00,5.36108,1.53403,6.40659,-23.74793,16.43147,12.00308,3.29517,3.11062,75.55684,-4.604003,2.80111,0.456219,NA,NA,NA,NA,NA,NA,NA,NA,NA,NA,NA,-6.07567,8.98504,-1.58397,50,5.34324,-1.75203,-119.97425,-0.82167,-8.85287,23.27404,-19.08196,CAR_EAG,CLE_SCC,CarsonNewman,TeamExclusive,Team,20251004-CarsonNewman-Private-2,b289b430-a150-11f0-8e17-f9dcdb0ff224,82.61922,NA,NA,6.95498,NA,NA,NA,NA,NA,NA,aa1485ac-9891-46a2-85a3-6504a17cc3e8,2025-10-04,18:34:00,2025-10-04T18:34:00Z,2025-10-04T18:34:00Z,NA,v3,CNE,CSCC,NA,"Christopher, Conner",10087004,Right,CLE_SCC,d756a70e-040d-4f75-9501-a21f3c39567e,54.09434,-120.76591,11.63702,5.36015,-0.17261,-9.54098,-1.52949,-1.4509,-4.42643,NA,NA,NA,NA,NA,NA,NA,NA,NA,NA,NA,NA,NA,NA,NA,NA,NA,NA,NA,NA,NA,NA,NA,NA,NA,NA,NA,NA,NA,NA,NA,NA,NA,NA,NA,NA,NA,NA,NA,NA,NA,NA,NA,NA,NA,NA,NA,NA,NA,NA,High,High,High,NA,NA,NA,NA,NA,220.917949,16.074758,1942.9196,0.960901,01:15:00,-0.267894,-0.629825,-0.729077,-48.587387,17.887517,12.376892,-0.242837,170.91236,-0.957891,-8.81342,0.957891,-0.153217,0.242837,14.225501,-14.05406,0.153217,-0.153217,-170.91236,14.05406,0.242837,8.81342,-14.225501,-0.242837,0.153217,0.957891,-0.957891,NA,NA,NA,NA,NA,NA,NA,NA,NA,NA,NA,NA
NA,NA,NA,NA,NA,NA,NA,NA,NA,NA,NA,NA,NA,NA,NA,NA,279,2025-10-04,14:34:26,2,1,"Mahan, Riley",10068537,Right,CLE_SCC,"Nathan, Cole",1000323259,Right,CAR_EAG,Undefined,7,Bottom,0,0,0,ChangeUp,Curveball,BallCalled,Undefined,Undefined,Undefined,0,0,NA,67.399,4.296065,4.103312,2040.30626,91.067972,09:00:00,5.27339,1.69518,5.55425,-60.54578,2.26669,-15.42898,4.26014,4.25024,61.56018,-6.793257,1.366189,0.57042,NA,NA,NA,NA,NA,NA,NA,NA,NA,NA,NA,8.83709,0.62638,-2.04043,50,5.60684,-6.45695,-97.38931,5.61161,8.4978,15.11804,-31.5717,CAR_EAG,CLE_SCC,CarsonNewman,TeamExclusive,Team,20251004-CarsonNewman-Private-2,c1af6b80-a150-11f0-8e17-f9dcdb0ff224,66.07845,NA,NA,5.83882,NA,NA,NA,NA,NA,NA,aa1485ac-9891-46a2-85a3-6504a17cc3e8,2025-10-04,18:34:26,2025-10-04T18:34:26Z,2025-10-04T18:34:26Z,NA,v3,CNE,CSCC,NA,"Christopher, Conner",10087004,Right,CLE_SCC,d7cf0e79-a4cc-446a-8c9a-d7b9fb47b0f0,54.94777,-98.15436,7.55902,5.28244,7.2093,-15.78585,-1.7028,-6.88699,4.2489,NA,NA,NA,NA,NA,NA,NA,NA,NA,NA,NA,NA,NA,NA,NA,NA,NA,NA,NA,NA,NA,NA,NA,NA,NA,NA,NA,NA,NA,NA,NA,NA,NA,NA,NA,NA,NA,NA,NA,NA,NA,NA,NA,NA,NA,NA,NA,NA,NA,NA,High,High,High,NA,NA,NA,NA,NA,96.548335,56.952992,1112.633964,0.545327,09:15:00,-0.788796,0.603039,-0.118937,-27.901164,-18.241649,32.563719,-0.360178,117.503699,-0.430811,-55.837678,0.430811,-0.82745,0.360178,39.897186,-21.111132,0.82745,-0.82745,-117.503699,21.111132,0.360178,55.837678,-39.897186,-0.360178,0.82745,0.430811,-0.430811,NA,NA,NA,NA,NA,NA,NA,NA,NA,NA,NA,NA
NA,NA,NA,NA,NA,NA,NA,NA,NA,NA,NA,NA,NA,NA,NA,NA,280,2025-10-04,14:34:47,2,2,"Mahan, Riley",10068537,Right,CLE_SCC,"Nathan, Cole",1000323259,Right,CAR_EAG,Undefined,7,Bottom,0,1,0,Fastball,Changeup,StrikeCalled,Undefined,Undefined,Undefined,0,0,NA,80.44332,-1.489933,-2.89938,1803.675038,217.27422,01:15:00,5.32507,1.51916,6.1826,-26.62364,16.04824,11.19418,1.72847,-0.22775,73.86913,-6.492859,-0.881567,0.470156,NA,NA,NA,NA,NA,NA,NA,NA,NA,NA,NA,-6.55359,9.12079,-1.30538,50,5.19876,5.49988,-116.76231,-3.77331,-9.07136,21.4395,-19.54919,CAR_EAG,CLE_SCC,CarsonNewman,TeamExclusive,Team,20251004-CarsonNewman-Private-2,cecea470-a150-11f0-8e17-f9dcdb0ff224,80.17003,NA,NA,6.57419,NA,NA,NA,NA,NA,NA,aa1485ac-9891-46a2-85a3-6504a17cc3e8,2025-10-04,18:34:47,2025-10-04T18:34:47Z,2025-10-04T18:34:47Z,NA,v3,CNE,CSCC,NA,"Christopher, Conner",10087004,Right,CLE_SCC,0110bcdb-56e9-48be-ba01-cf77cf9c05bb,54.31808,-117.5525,10.71975,5.32455,-3.05279,-9.7746,-1.51425,5.83422,-4.53568,NA,NA,NA,NA,NA,NA,NA,NA,NA,NA,NA,NA,NA,NA,NA,NA,NA,NA,NA,NA,NA,NA,NA,NA,NA,NA,NA,NA,NA,NA,NA,NA,NA,NA,NA,NA,NA,NA,NA,NA,NA,NA,NA,NA,NA,NA,NA,NA,NA,NA,High,High,High,NA,NA,NA,NA,NA,223.155551,13.635891,1752.835771,0.971814,01:30:00,-0.253968,-0.670607,-0.696983,-17.463287,42.345741,48.016967,-0.041712,178.594607,-0.998829,-1.404169,0.998829,-0.024505,0.041712,2.391307,-2.390589,0.024505,-0.024505,-178.594607,2.390589,0.041712,1.404169,-2.391307,-0.041712,0.024505,0.998829,-0.998829,NA,NA,NA,NA,NA,NA,NA,NA,NA,NA,NA,NA
NA,NA,NA,NA,NA,NA,NA,NA,NA,NA,NA,NA,NA,NA,NA,NA,281,2025-10-04,14:35:21,2,3,"Mahan, Riley",10068537,Right,CLE_SCC,"Nathan, Cole",1000323259,Right,CAR_EAG,Undefined,7,Bottom,0,1,1,Slider,Curveball,StrikeSwinging,Undefined,Undefined,Undefined,0,0,NA,71.13039,-0.630269,-3.220181,2145.245826,73.991477,08:30:00,5.34635,1.40237,6.08535,-57.02602,-2.03217,-12.90087,0.01014,-2.65502,66.0805,-11.041813,-5.543014,0.533739,NA,NA,NA,NA,NA,NA,NA,NA,NA,NA,NA,5.78933,-0.42425,-1.14654,50,5.26724,6.21923,-103.27309,-2.7078700000000002,6.23116,17.74261,-32.63067,CAR_EAG,CLE_SCC,CarsonNewman,TeamExclusive,Team,20251004-CarsonNewman-Private-2,e310a5a0-a150-11f0-8e17-f9dcdb0ff224,70.61967,NA,NA,5.04989,NA,NA,NA,NA,NA,NA,aa1485ac-9891-46a2-85a3-6504a17cc3e8,2025-10-04,18:35:21,2025-10-04T18:35:21Z,2025-10-04T18:35:21Z,NA,v3,CNE,CSCC,NA,"Christopher, Conner",10087004,Right,CLE_SCC,8620e021-4b6a-4aa4-a51a-d29488f483cd,54.41946,-104.0296,8.8713,5.35304,-1.31657,-16.31533,-1.40605,5.95354,3.11558,NA,NA,NA,NA,NA,NA,NA,NA,NA,NA,NA,NA,NA,NA,NA,NA,NA,NA,NA,NA,NA,NA,NA,NA,NA,NA,NA,NA,NA,NA,NA,NA,NA,NA,NA,NA,NA,NA,NA,NA,NA,NA,NA,NA,NA,NA,NA,NA,NA,NA,High,High,High,NA,NA,NA,NA,NA,105.335857,65.376497,893.82466,0.416654,09:30:00,-0.918178,0.391793,-0.058711,-38.49659,-10.613428,33.438961,-0.551722,131.477627,-0.5524,-38.672327,0.5524,-0.624866,0.551722,44.96486,-33.485258,0.624866,-0.624866,-131.477627,33.485258,0.551722,38.672327,-44.96486,-0.551722,0.624866,0.5524,-0.5524,NA,NA,NA,NA,NA,NA,NA,NA,NA,NA,NA,NA
NA,NA,NA,NA,NA,NA,NA,NA,NA,NA,NA,NA,NA,NA,NA,NA,282,2025-10-04,14:35:50,2,4,"Mahan, Riley",10068537,Right,CLE_SCC,"Nathan, Cole",1000323259,Right,CAR_EAG,Undefined,7,Bottom,0,1,2,Slider,Curveball,BallCalled,Undefined,Undefined,Undefined,0,0,NA,72.2562,-0.360929,-2.33923,2103.581328,68.864452,08:15:00,5.2838,1.62245,5.83814,-57.69204,-3.78209,-14.1819,0.14037,-1.73483,66.80654,-10.870053,-4.884945,0.528452,NA,NA,NA,NA,NA,NA,NA,NA,NA,NA,NA,6.59874,-1.36461,-1.42309,50,5.22025,4.76377,-104.91724,-2.35397,7.30328,18.92073,-33.68436,CAR_EAG,CLE_SCC,CarsonNewman,TeamExclusive,Team,20251004-CarsonNewman-Private-2,f3d91070-a150-11f0-8e17-f9dcdb0ff224,71.32607,NA,NA,5.44966,NA,NA,NA,NA,NA,NA,aa1485ac-9891-46a2-85a3-6504a17cc3e8,2025-10-04,18:35:50,2025-10-04T18:35:50Z,2025-10-04T18:35:50Z,NA,v3,CNE,CSCC,NA,"Christopher, Conner",10087004,Right,CLE_SCC,9cd4b3a1-f6d9-413b-aeb4-8267f2c72801,54.66643,-105.75543,9.46036,5.29148,-0.86175,-16.84218,-1.62696,4.44023,3.65164,NA,NA,NA,NA,NA,NA,NA,NA,NA,NA,NA,NA,NA,NA,NA,NA,NA,NA,NA,NA,NA,NA,NA,NA,NA,NA,NA,NA,NA,NA,NA,NA,NA,NA,NA,NA,NA,NA,NA,NA,NA,NA,NA,NA,NA,NA,NA,NA,NA,NA,High,High,High,NA,NA,NA,NA,NA,95.007621,62.557213,969.462072,0.460863,09:15:00,-0.891246,0.453504,-0.003854,-27.636614,-20.506592,34.290811,-0.451667,128.279782,-0.552712,-44.456064,0.552712,-0.700362,0.451667,39.255131,-26.850674,0.700362,-0.700362,-128.279782,26.850674,0.451667,44.456064,-39.255131,-0.451667,0.700362,0.552712,-0.552712,NA,NA,NA,NA,NA,NA,NA,NA,NA,NA,NA,NA
NA,NA,NA,NA,NA,NA,NA,NA,NA,NA,NA,NA,NA,NA,NA,NA,283,2025-10-04,14:36:15,2,5,"Mahan, Riley",10068537,Right,CLE_SCC,"Nathan, Cole",1000323259,Right,CAR_EAG,Undefined,7,Bottom,0,2,2,Fastball,Changeup,BallCalled,Undefined,Undefined,Undefined,0,0,NA,85.56864,-3.471502,-4.136508,1975.747321,219.528722,01:15:00,5.43451,1.40159,6.10969,-22.8658,14.77398,11.29749,0.30649,-1.48878,79.40364,-7.726678,-2.106523,0.441565,NA,NA,NA,NA,NA,NA,NA,NA,NA,NA,NA,-6.84748,8.81788,-1.08928,50,5.15471,8.53385,-123.99218,-8.22359,-10.80159,21.70736,-18.2642,CAR_EAG,CLE_SCC,CarsonNewman,TeamExclusive,Team,20251004-CarsonNewman-Private-2,031a3f00-a151-11f0-8e17-f9dcdb0ff224,85.36093,NA,NA,6.165,NA,NA,NA,NA,NA,NA,aa1485ac-9891-46a2-85a3-6504a17cc3e8,2025-10-04,18:36:15,2025-10-04T18:36:15Z,2025-10-04T18:36:15Z,NA,v3,CNE,CSCC,NA,"Christopher, Conner",10087004,Right,CLE_SCC,02294001-ed90-4890-b595-4a4d28b4e704,54.39366,-124.75901,10.85368,5.43383,-7.5784,-9.1321,-1.39749,8.91542,-5.4008,NA,NA,NA,NA,NA,NA,NA,NA,NA,NA,NA,NA,NA,NA,NA,NA,NA,NA,NA,NA,NA,NA,NA,NA,NA,NA,NA,NA,NA,NA,NA,NA,NA,NA,NA,NA,NA,NA,NA,NA,NA,NA,NA,NA,NA,NA,NA,NA,NA,NA,High,High,High,NA,NA,NA,NA,NA,225.463052,12.322924,1930.226623,0.97696,01:30:00,-0.219844,-0.708021,-0.6711,-19.871795,48.020373,52.790066,0.090267,178.095815,-0.995368,1.896409,0.995368,-0.033093,-0.090267,5.181824,5.178978,0.033093,0.033093,-178.095815,-5.178978,0.090267,-1.896409,-5.181824,-0.090267,-0.033093,0.995368,-0.995368,NA,NA,NA,NA,NA,NA,NA,NA,NA,NA,NA,NA
NA,NA,NA,NA,NA,NA,NA,NA,NA,NA,NA,NA,NA,NA,NA,NA,284,2025-10-04,14:36:39,2,6,"Mahan, Riley",10068537,Right,CLE_SCC,"Nathan, Cole",1000323259,Right,CAR_EAG,Undefined,7,Bottom,0,3,2,Fastball,Changeup,BallCalled,Walk,Undefined,Undefined,0,0,NA,83.45152,-0.691108,-0.893511,2086.064269,223.332917,01:30:00,5.45319,1.46746,6.14815,-25.54986,13.94237,12.03886,2.6853,1.64497,76.78469,-5.485652,1.278436,0.452301,NA,NA,NA,NA,NA,NA,NA,NA,NA,NA,NA,-6.4387,7.76012,-1.40535,50,5.38729,1.43058,-121.33557,-2.20757,-9.64805,22.59932,-20.54591,CAR_EAG,CLE_SCC,CarsonNewman,TeamExclusive,Team,20251004-CarsonNewman-Private-2,11890260-a151-11f0-8e17-f9dcdb0ff224,83.33491,NA,NA,6.66683,NA,NA,NA,NA,NA,NA,aa1485ac-9891-46a2-85a3-6504a17cc3e8,2025-10-04,18:36:39,2025-10-04T18:36:39Z,2025-10-04T18:36:39Z,NA,v3,CNE,CSCC,NA,"Christopher, Conner",10087004,Right,CLE_SCC,3dd27d01-2504-4cc0-96f3-b990408d4bff,54.35328,-122.1437,11.29966,5.4531,-1.47287,-10.27295,-1.46268,1.77559,-4.82403,NA,NA,NA,NA,NA,NA,NA,NA,NA,NA,NA,NA,NA,NA,NA,NA,NA,NA,NA,NA,NA,NA,NA,NA,NA,NA,NA,NA,NA,NA,NA,NA,NA,NA,NA,NA,NA,NA,NA,NA,NA,NA,NA,NA,NA,NA,NA,NA,NA,NA,High,High,High,NA,NA,NA,NA,NA,220.613338,15.212791,2012.964275,0.964958,01:15:00,-0.266201,-0.63126,-0.728456,-38.388858,40.719189,34.480508,0.287346,177.741042,-0.957082,2.163644,0.957082,-0.037754,-0.287346,16.711402,16.699138,0.037754,0.037754,-177.741042,-16.699138,0.287346,-2.163644,-16.711402,-0.287346,-0.037754,0.957082,-0.957082,NA,NA,NA,NA,NA,NA,NA,NA,NA,NA,NA,NA
NA,NA,NA,NA,NA,NA,NA,NA,NA,NA,NA,NA,NA,NA,NA,NA,285,2025-10-04,14:37:13,3,1,"Mahan, Riley",10068537,Right,CLE_SCC,"Pierce, Johno",10069844,Right,CAR_EAG,Undefined,7,Bottom,0,0,0,Fastball,Changeup,BallCalled,Undefined,Undefined,Undefined,0,0,NA,76.53518,1.103774,-0.366027,1460.535119,247.981592,02:15:00,5.45359,1.37844,6.23328,-40.58916,5.99693,11.60386,3.08963,2.00774,70.8626,-6.431684,1.730977,0.491247,NA,NA,NA,NA,NA,NA,NA,NA,NA,NA,NA,-6.1137,3.24925,-1.35669,50,5.5158,0.31418,-111.36359,0.99537,-7.75041,18.22429,-28.05492,CAR_EAG,CLE_SCC,CarsonNewman,TeamExclusive,Team,20251004-CarsonNewman-Private-2,2567fc00-a151-11f0-8e17-f9dcdb0ff224,76.72816,NA,NA,5.67257,NA,NA,NA,NA,NA,NA,aa1485ac-9891-46a2-85a3-6504a17cc3e8,2025-10-04,18:37:13,2025-10-04T18:37:13Z,2025-10-04T18:37:13Z,NA,v3,CNE,CSCC,NA,"Christopher, Conner",10087004,Right,CLE_SCC,29452ec1-6323-4f02-951c-08100d2b6283,54.26992,-112.06017,9.11215,5.45726,2.0677,-14.02746,-1.37436,0.61042,-3.87521,NA,NA,NA,NA,NA,NA,NA,NA,NA,NA,NA,NA,NA,NA,NA,NA,NA,NA,NA,NA,NA,NA,NA,NA,NA,NA,NA,NA,NA,NA,NA,NA,NA,NA,NA,NA,NA,NA,NA,NA,NA,NA,NA,NA,NA,NA,NA,NA,NA,NA,High,High,High,NA,NA,NA,NA,NA,233.513555,20.865377,1364.75304,0.93442,01:45:00,-0.374121,-0.744271,-0.553258,-69.932055,-57.694735,48.245738,0.435155,94.565075,-0.07166,63.831255,0.07166,-0.897499,-0.435155,80.648581,25.795179,0.897499,0.897499,-94.565075,-25.795179,0.435155,-63.831255,-80.648581,-0.435155,-0.897499,0.07166,-0.07166,NA,NA,NA,NA,NA,NA,NA,NA,NA,NA,NA,NA
NA,NA,NA,NA,NA,NA,NA,NA,NA,NA,NA,NA,NA,NA,NA,NA,286,2025-10-04,14:37:30,3,2,"Mahan, Riley",10068537,Right,CLE_SCC,"Pierce, Johno",10069844,Right,CAR_EAG,Undefined,7,Bottom,0,1,0,Fastball,Changeup,StrikeCalled,Undefined,Undefined,Undefined,0,0,NA,85.23984,-1.716621,-2.428134,2047.055868,217.03195,01:15:00,5.48516,1.68552,6.14723,-22.49509,15.48296,10.79827,2.02238,0.34025,78.31574,-5.951382,-0.48198,0.443545,NA,NA,NA,NA,NA,NA,NA,NA,NA,NA,NA,-6.2226,8.82327,-1.50593,50,5.34257,4.82826,-123.78395,-4.36284,-9.69316,23.78723,-18.42972,CAR_EAG,CLE_SCC,CarsonNewman,TeamExclusive,Team,20251004-CarsonNewman-Private-2,2f956c30-a151-11f0-8e17-f9dcdb0ff224,84.97998,NA,NA,6.92409,NA,NA,NA,NA,NA,NA,aa1485ac-9891-46a2-85a3-6504a17cc3e8,2025-10-04,18:37:30,2025-10-04T18:37:30Z,2025-10-04T18:37:30Z,NA,v3,CNE,CSCC,NA,"Christopher, Conner",10087004,Right,CLE_SCC,208d8cde-8e3c-4628-a783-e88a3f112869,54.35437,-124.61791,11.89362,5.4842,-3.71672,-9.21486,-1.68116,5.16809,-4.84658,NA,NA,NA,NA,NA,NA,NA,NA,NA,NA,NA,NA,NA,NA,NA,NA,NA,NA,NA,NA,NA,NA,NA,NA,NA,NA,NA,NA,NA,NA,NA,NA,NA,NA,NA,NA,NA,NA,NA,NA,NA,NA,NA,NA,NA,NA,NA,NA,NA,NA,High,High,High,NA,NA,NA,NA,NA,221.477709,14.99542,1977.346476,0.965947,01:30:00,-0.269906,-0.647238,-0.712905,-14.922894,36.113229,56.51377,-0.125134,172.114997,-0.98276,-7.822636,0.98276,-0.136107,0.125134,7.256379,-7.188494,0.136107,-0.136107,-172.114997,7.188494,0.125134,7.822636,-7.256379,-0.125134,0.136107,0.98276,-0.98276,NA,NA,NA,NA,NA,NA,NA,NA,NA,NA,NA,NA
NA,NA,NA,NA,NA,NA,NA,NA,NA,NA,NA,NA,NA,NA,NA,NA,287,2025-10-04,14:37:48,3,3,"Mahan, Riley",10068537,Right,CLE_SCC,"Pierce, Johno",10069844,Right,CAR_EAG,Undefined,7,Bottom,0,1,1,ChangeUp,Changeup,FoulBallNotFieldable,Undefined,Undefined,Undefined,0,0,NA,79.49658,-1.862333,-1.697365,1555.115189,222.052735,01:30:00,5.43457,1.73122,6.74349,-28.74061,13.69241,11.23859,1.33662,1.11648,73.63747,-7.275087,0.35381,0.468839,NA,NA,NA,NA,NA,NA,NA,NA,NA,NA,NA,-6.41087,8.11331,-1.62365,50,5.3007,3.06458,-115.65502,-4.48083,-8.75429,19.91922,-21.09504,CAR_EAG,CLE_SCC,CarsonNewman,TeamExclusive,Team,20251004-CarsonNewman-Private-2,3aa0b940-a151-11f0-8e17-f9dcdb0ff224,80.39533,NA,NA,5.8591,NA,NA,NA,NA,NA,NA,aa1485ac-9891-46a2-85a3-6504a17cc3e8,2025-10-04,18:37:48,2025-10-04T18:37:48Z,2025-10-04T18:37:48Z,NA,v3,CNE,CSCC,NA,"Christopher, Conner",10087004,Right,CLE_SCC,5cff2f4c-f8a3-4eb7-8716-003ceb7ab99c,53.75978,-116.30076,9.95961,5.43488,-3.79697,-10.54752,-1.72759,3.34837,-4.37715,NA,NA,NA,NA,NA,NA,NA,NA,NA,NA,NA,NA,NA,NA,NA,NA,NA,NA,NA,NA,NA,NA,NA,NA,NA,NA,NA,NA,NA,NA,NA,NA,NA,NA,NA,NA,NA,NA,NA,NA,NA,NA,NA,NA,NA,NA,NA,NA,NA,NA,High,High,High,NA,NA,NA,NA,NA,232.709286,15.589824,1497.902985,0.96321,01:45:00,-0.260882,-0.774632,-0.576095,53.933399,23.934275,10.371188,0.128302,100.066719,-0.17335,77.545429,0.17335,-0.976467,-0.128302,36.506239,7.37146,0.976467,0.976467,-100.066719,-7.37146,0.128302,-77.545429,-36.506239,-0.128302,-0.976467,0.17335,-0.17335,NA,NA,NA,NA,NA,NA,NA,NA,NA,NA,NA,NA
NA,NA,NA,NA,NA,NA,NA,NA,NA,NA,NA,NA,NA,NA,NA,NA,288,2025-10-04,14:38:10,3,4,"Mahan, Riley",10068537,Right,CLE_SCC,"Pierce, Johno",10069844,Right,CAR_EAG,Undefined,7,Bottom,0,1,2,Slider,Curveball,BallCalled,Undefined,Undefined,Undefined,0,0,NA,74.3329,-1.722029,-2.985949,2292.106316,79.313092,08:45:00,5.60043,1.30992,5.9072,-52.59302,-2.17209,-19.01036,-0.38348,-3.04854,69.57444,-11.23905,-6.398906,0.511066,NA,NA,NA,NA,NA,NA,NA,NA,NA,NA,NA,9.09048,-0.32406,-1.05851,50,5.43122,6.25991,-107.96119,-4.79793,10.75666,18.34281,-32.55749,CAR_EAG,CLE_SCC,CarsonNewman,TeamExclusive,Team,20251004-CarsonNewman-Private-2,4768d180-a151-11f0-8e17-f9dcdb0ff224,73.75263,NA,NA,4.75845,NA,NA,NA,NA,NA,NA,aa1485ac-9891-46a2-85a3-6504a17cc3e8,2025-10-04,18:38:10,2025-10-04T18:38:10Z,2025-10-04T18:38:10Z,NA,v3,CNE,CSCC,NA,"Christopher, Conner",10087004,Right,CLE_SCC,7e3487f4-688c-4547-9e52-381032ef5479,54.59938,-108.73982,9.1714,5.60556,-3.4159,-16.27875,-1.31455,5.80329,5.37833,NA,NA,NA,NA,NA,NA,NA,NA,NA,NA,NA,NA,NA,NA,NA,NA,NA,NA,NA,NA,NA,NA,NA,NA,NA,NA,NA,NA,NA,NA,NA,NA,NA,NA,NA,NA,NA,NA,NA,NA,NA,NA,NA,NA,NA,NA,NA,NA,NA,NA,High,High,High,NA,NA,NA,NA,NA,77.978916,62.493938,1058.592031,0.461842,08:30:00,-0.893903,0.424857,0.142947,-1.231402,-19.329006,23.08279,-0.571547,116.619136,-0.367663,-47.188464,0.367663,-0.733593,0.571547,57.247772,-34.858144,0.733593,-0.733593,-116.619136,34.858144,0.571547,47.188464,-57.247772,-0.571547,0.733593,0.367663,-0.367663,NA,NA,NA,NA,NA,NA,NA,NA,NA,NA,NA,NA
NA,NA,NA,NA,NA,NA,NA,NA,NA,NA,NA,NA,NA,NA,NA,NA,289,2025-10-04,14:38:38,3,5,"Mahan, Riley",10068537,Right,CLE_SCC,"Pierce, Johno",10069844,Right,CAR_EAG,Undefined,7,Bottom,0,2,2,Fastball,Changeup,StrikeSwinging,Strikeout,Undefined,Undefined,0,0,NA,84.08136,-0.002901,-1.525349,2241.00408,216.401313,01:15:00,5.46609,1.56051,6.18271,-23.41867,15.39517,10.50697,3.51185,1.02716,77.31664,-4.419568,0.370189,0.448399,NA,NA,NA,NA,NA,NA,NA,NA,NA,NA,NA,-5.82985,8.32662,-1.45044,50,5.45381,2.85428,-122.2541,-0.67246,-8.87967,22.65652,-19.49148,CAR_EAG,CLE_SCC,CarsonNewman,TeamExclusive,Team,20251004-CarsonNewman-Private-2,57ec9230-a151-11f0-8e17-f9dcdb0ff224,84.06003,NA,NA,6.76472,NA,NA,NA,NA,NA,NA,aa1485ac-9891-46a2-85a3-6504a17cc3e8,2025-10-04,18:38:38,2025-10-04T18:38:38Z,2025-10-04T18:38:38Z,NA,v3,CNE,CSCC,NA,"Christopher, Conner",10087004,Right,CLE_SCC,df5d1cfd-32aa-48e0-9de7-714f475d82a4,54.31909,-123.05192,11.32826,5.46541,0.01391,-9.74574,-1.55646,3.16697,-4.43983,NA,NA,NA,NA,NA,NA,NA,NA,NA,NA,NA,NA,NA,NA,NA,NA,NA,NA,NA,NA,NA,NA,NA,NA,NA,NA,NA,NA,NA,NA,NA,NA,NA,NA,NA,NA,NA,NA,NA,NA,NA,NA,NA,NA,NA,NA,NA,NA,NA,NA,High,High,High,NA,NA,NA,NA,NA,217.752998,18.115799,2129.917574,0.95043,01:15:00,-0.330802,-0.581925,-0.742922,-31.801124,35.924487,38.34109,-0.295135,175.997362,-0.953125,-3.824072,0.953125,-0.066693,0.295135,17.205117,-17.16562,0.066693,-0.066693,-175.997362,17.16562,0.295135,3.824072,-17.205117,-0.295135,0.066693,0.953125,-0.953125,NA,NA,NA,NA,NA,NA,NA,NA,NA,NA,NA,NA
NA,NA,NA,NA,NA,NA,NA,NA,NA,NA,NA,NA,NA,NA,NA,NA,290,2025-10-04,14:39:01,4,1,"Mahan, Riley",10068537,Right,CLE_SCC,"Soto Diaz, Bradley",1000475324,NA,CAR_EAG,Undefined,7,Bottom,1,0,0,Slider,Curveball,BallCalled,Undefined,Undefined,Undefined,0,0,NA,73.60971,0.501162,-1.231801,2158.26588,71.305732,08:30:00,5.29893,1.47161,5.94692,-54.35731,-3.51685,-14.42296,1.23414,-0.87306,68.80114,-9.422814,-3.827022,0.513187,NA,NA,NA,NA,NA,NA,NA,NA,NA,NA,NA,7.12591,-1.51433,-1.36536,50,5.30806,2.79029,-107.13225,-0.66948,8.36691,16.72451,-33.95213,CAR_EAG,CLE_SCC,CarsonNewman,TeamExclusive,Team,20251004-CarsonNewman-Private-2,66352ff0-a151-11f0-8e17-f9dcdb0ff224,73.4477,NA,NA,4.80857,NA,NA,NA,NA,NA,NA,aa1485ac-9891-46a2-85a3-6504a17cc3e8,2025-10-04,18:39:01,2025-10-04T18:39:01Z,2025-10-04T18:39:01Z,NA,v3,CNE,CSCC,NA,"Christopher, Conner",10087004,Right,CLE_SCC,48f386e5-d245-4762-a8ae-38d98bceb35c,54.55916,-107.84164,8.36225,5.30592,0.77063,-16.97607,-1.47619,2.4354,4.18345,NA,NA,NA,NA,NA,NA,NA,NA,NA,NA,NA,NA,NA,NA,NA,NA,NA,NA,NA,NA,NA,NA,NA,NA,NA,NA,NA,NA,NA,NA,NA,NA,NA,NA,NA,NA,NA,NA,NA,NA,NA,NA,NA,NA,NA,NA,NA,NA,NA,NA,High,High,High,NA,NA,NA,NA,NA,99.047632,63.142073,975.060768,0.45178,09:15:00,-0.889515,0.453945,-0.051935,-44.612007,-12.925665,41.38624,-0.369663,136.582822,-0.674917,-39.689042,0.674917,-0.638621,0.369663,28.710239,-21.694837,0.638621,-0.638621,-136.582822,21.694837,0.369663,39.689042,-28.710239,-0.369663,0.638621,0.674917,-0.674917,NA,NA,NA,NA,NA,NA,NA,NA,NA,NA,NA,NA
NA,NA,NA,NA,NA,NA,NA,NA,NA,NA,NA,NA,NA,NA,NA,NA,291,2025-10-04,14:39:18,4,2,"Mahan, Riley",10068537,Right,CLE_SCC,"Soto Diaz, Bradley",1000475324,NA,CAR_EAG,Undefined,7,Bottom,1,1,0,Fastball,Changeup,StrikeCalled,Undefined,Undefined,Undefined,0,0,NA,84.36973,-2.485784,-1.677267,2190.008017,217.593073,01:15:00,5.45698,1.35763,6.21638,-22.95415,15.59253,11.11678,1.24765,0.73569,77.876,-6.793599,0.330806,0.446853,NA,NA,NA,NA,NA,NA,NA,NA,NA,NA,NA,-6.19666,9.09044,-1.23728,50,5.25886,3.16815,-122.57051,-5.97613,-9.49388,22.61542,-18.24667,CAR_EAG,CLE_SCC,CarsonNewman,TeamExclusive,Team,20251004-CarsonNewman-Private-2,6fd63ea0-a151-11f0-8e17-f9dcdb0ff224,84.35082,NA,NA,6.49373,NA,NA,NA,NA,NA,NA,aa1485ac-9891-46a2-85a3-6504a17cc3e8,2025-10-04,18:39:18,2025-10-04T18:39:18Z,2025-10-04T18:39:18Z,NA,v3,CNE,CSCC,NA,"Christopher, Conner",10087004,Right,CLE_SCC,6efb5dad-cea2-4419-9199-0b068c52724c,54.2858,-123.35875,11.30771,5.45607,-5.34016,-9.12333,-1.35347,3.49905,-4.74694,NA,NA,NA,NA,NA,NA,NA,NA,NA,NA,NA,NA,NA,NA,NA,NA,NA,NA,NA,NA,NA,NA,NA,NA,NA,NA,NA,NA,NA,NA,NA,NA,NA,NA,NA,NA,NA,NA,NA,NA,NA,NA,NA,NA,NA,NA,NA,NA,NA,NA,High,High,High,NA,NA,NA,NA,NA,221.039137,11.21252,2148.206654,0.980913,01:15:00,-0.187917,-0.65187,-0.734679,-39.156231,32.744186,37.15534,-0.260527,176.455083,-0.963619,-3.42235,0.963619,-0.059696,0.260527,15.128983,-15.101359,0.059696,-0.059696,-176.455083,15.101359,0.260527,3.42235,-15.128983,-0.260527,0.059696,0.963619,-0.963619,NA,NA,NA,NA,NA,NA,NA,NA,NA,NA,NA,NA
NA,NA,NA,NA,NA,NA,NA,NA,NA,NA,NA,NA,NA,NA,NA,NA,292,2025-10-04,14:39:34,4,3,"Mahan, Riley",10068537,Right,CLE_SCC,"Soto Diaz, Bradley",1000475324,NA,CAR_EAG,Undefined,7,Bottom,1,1,1,Fastball,Changeup,BallCalled,Undefined,Undefined,Undefined,0,0,NA,86.0566,-3.792292,-3.139596,2053.483771,215.457409,01:15:00,5.44476,1.33319,6.14752,-21.461,15.84458,10.47705,0.14159,-0.69785,79.47555,-7.806695,-1.252291,0.439601,NA,NA,NA,NA,NA,NA,NA,NA,NA,NA,NA,-6.23922,9.53107,-1.09927,50,5.14397,6.43705,-124.73076,-8.90545,-9.9023,23.34055,-17.04725,CAR_EAG,CLE_SCC,CarsonNewman,TeamExclusive,Team,20251004-CarsonNewman-Private-2,79d37710-a151-11f0-8e17-f9dcdb0ff224,85.74246,NA,NA,6.58106,NA,NA,NA,NA,NA,NA,aa1485ac-9891-46a2-85a3-6504a17cc3e8,2025-10-04,18:39:34,2025-10-04T18:39:34Z,2025-10-04T18:39:34Z,NA,v3,CNE,CSCC,NA,"Christopher, Conner",10087004,Right,CLE_SCC,5edd23ce-4c9d-4c36-8259-278b57ccbb1b,54.35513,-125.54308,11.67028,5.44358,-8.31216,-8.52363,-1.32929,6.78168,-4.95115,NA,NA,NA,NA,NA,NA,NA,NA,NA,NA,NA,NA,NA,NA,NA,NA,NA,NA,NA,NA,NA,NA,NA,NA,NA,NA,NA,NA,NA,NA,NA,NA,NA,NA,NA,NA,NA,NA,NA,NA,NA,NA,NA,NA,NA,NA,NA,NA,NA,NA,High,High,High,NA,NA,NA,NA,NA,223.830563,16.045638,1973.48381,0.961042,01:30:00,-0.269401,-0.682372,-0.679552,-13.139684,47.318675,56.301265,0.073807,179.215077,-0.997179,0.782782,0.997179,-0.013662,-0.073807,4.233095,4.232699,0.013662,0.013662,-179.215077,-4.232699,0.073807,-0.782782,-4.233095,-0.073807,-0.013662,0.997179,-0.997179,NA,NA,NA,NA,NA,NA,NA,NA,NA,NA,NA,NA
NA,NA,NA,NA,NA,NA,NA,NA,NA,NA,NA,NA,NA,NA,NA,NA,293,2025-10-04,14:39:55,4,4,"Mahan, Riley",10068537,Right,CLE_SCC,"Soto Diaz, Bradley",1000475324,NA,CAR_EAG,Undefined,7,Bottom,1,2,1,Slider,Curveball,StrikeCalled,Undefined,Undefined,Undefined,0,0,NA,73.90931,0.617747,-0.686384,2222.160831,95.314476,09:15:00,5.258,1.73606,6.00612,-47.56471,3.13614,-17.61414,1.86671,-0.36777,68.35189,-8.142911,-3.856752,0.512483,NA,NA,NA,NA,NA,NA,NA,NA,NA,NA,NA,8.8693,1.92437,-1.67262,50,5.28056,1.89202,-107.47583,-0.21417,10.39933,18.20225,-29.91769,CAR_EAG,CLE_SCC,CarsonNewman,TeamExclusive,Team,20251004-CarsonNewman-Private-2,85f14590-a151-11f0-8e17-f9dcdb0ff224,73.54873,NA,NA,5.55742,NA,NA,NA,NA,NA,NA,aa1485ac-9891-46a2-85a3-6504a17cc3e8,2025-10-04,18:39:55,2025-10-04T18:39:55Z,2025-10-04T18:39:55Z,NA,v3,CNE,CSCC,NA,"Christopher, Conner",10087004,Right,CLE_SCC,e058dc60-c700-4fcc-8446-667104016faa,54.49746,-108.23484,9.10113,5.26348,1.03337,-14.95885,-1.74248,1.45838,5.19967,NA,NA,NA,NA,NA,NA,NA,NA,NA,NA,NA,NA,NA,NA,NA,NA,NA,NA,NA,NA,NA,NA,NA,NA,NA,NA,NA,NA,NA,NA,NA,NA,NA,NA,NA,NA,NA,NA,NA,NA,NA,NA,NA,NA,NA,NA,NA,NA,NA,NA,High,High,High,NA,NA,NA,NA,NA,101.577113,64.383335,960.746867,0.432348,09:30:00,-0.898063,0.433249,-0.076014,-36.084721,4.548497,26.79844,-0.598168,117.178922,-0.366043,-45.470302,0.366043,-0.712887,0.598168,58.535876,-36.738791,0.712887,-0.712887,-117.178922,36.738791,0.598168,45.470302,-58.535876,-0.598168,0.712887,0.366043,-0.366043,NA,NA,NA,NA,NA,NA,NA,NA,NA,NA,NA,NA
NA,NA,NA,NA,NA,NA,NA,NA,NA,NA,NA,NA,NA,NA,NA,NA,294,2025-10-04,14:40:11,4,5,"Mahan, Riley",10068537,Right,CLE_SCC,"Soto Diaz, Bradley",1000475324,NA,CAR_EAG,Undefined,7,Bottom,1,2,2,Slider,Curveball,BallCalled,Undefined,Undefined,Undefined,0,0,NA,73.44732,-0.907497,-2.196674,2275.721054,90.690604,09:00:00,5.34959,1.76507,6.04734,-49.76621,1.78902,-18.82513,0.36154,-1.83842,68.09414,-10.01771,-5.58574,0.516783,NA,NA,NA,NA,NA,NA,NA,NA,NA,NA,NA,9.09875,1.66492,-1.58392,50,5.25219,4.72428,-106.70379,-3.11053,10.46323,18.79973,-30.25946,CAR_EAG,CLE_SCC,CarsonNewman,TeamExclusive,Team,20251004-CarsonNewman-Private-2,8fa1e4a0-a151-11f0-8e17-f9dcdb0ff224,72.93675,NA,NA,5.35318,NA,NA,NA,NA,NA,NA,aa1485ac-9891-46a2-85a3-6504a17cc3e8,2025-10-04,18:40:11,2025-10-04T18:40:11Z,2025-10-04T18:40:11Z,NA,v3,CNE,CSCC,NA,"Christopher, Conner",10087004,Right,CLE_SCC,3c59ecf7-ace2-45e5-bbaf-6ef4176c3f68,54.45658,-107.48611,9.39987,5.35542,-1.85133,-15.12973,-1.77146,4.28887,5.23161,NA,NA,NA,NA,NA,NA,NA,NA,NA,NA,NA,NA,NA,NA,NA,NA,NA,NA,NA,NA,NA,NA,NA,NA,NA,NA,NA,NA,NA,NA,NA,NA,NA,NA,NA,NA,NA,NA,NA,NA,NA,NA,NA,NA,NA,NA,NA,NA,NA,NA,High,High,High,NA,NA,NA,NA,NA,94.676994,62.738768,1042.389881,0.458048,09:15:00,-0.896819,0.442387,-0.002976,-25.893687,4.544024,31.949189,-0.524879,112.89223,-0.331107,-51.640899,0.331107,-0.784137,0.524879,57.755227,-31.660093,0.784137,-0.784137,-112.89223,31.660093,0.524879,51.640899,-57.755227,-0.524879,0.784137,0.331107,-0.331107,NA,NA,NA,NA,NA,NA,NA,NA,NA,NA,NA,NA
NA,NA,NA,NA,NA,NA,NA,NA,NA,NA,NA,NA,NA,NA,NA,NA,295,2025-10-04,14:40:30,4,6,"Mahan, Riley",10068537,Right,CLE_SCC,"Soto Diaz, Bradley",1000475324,NA,CAR_EAG,Undefined,7,Bottom,1,3,2,Fastball,Changeup,BallCalled,Walk,Undefined,Undefined,0,1,NA,86.27658,-3.184699,-3.506476,2013.88082,211.179992,01:00:00,5.43336,1.4825,6.1976,-19.45851,17.88958,10.07753,0.86316,-0.91892,78.87549,-6.874381,-1.691444,0.439851,NA,NA,NA,NA,NA,NA,NA,NA,NA,NA,NA,-6.1791,10.5252,-1.22304,50,5.183,7.2563,-124.96283,-7.49633,-9.75732,25.50409,-15.55388,CAR_EAG,CLE_SCC,CarsonNewman,TeamExclusive,Team,20251004-CarsonNewman-Private-2,9b0e6480-a151-11f0-8e17-f9dcdb0ff224,85.69368,NA,NA,7.40109,NA,NA,NA,NA,NA,NA,aa1485ac-9891-46a2-85a3-6504a17cc3e8,2025-10-04,18:40:30,2025-10-04T18:40:30Z,2025-10-04T18:40:30Z,NA,v3,CNE,CSCC,NA,"Christopher, Conner",10087004,Right,CLE_SCC,4071fdd2-04f6-4754-bbda-656583690c91,54.30265,-125.83791,12.75204,5.43105,-6.96265,-7.77694,-1.47776,7.59109,-4.87866,NA,NA,NA,NA,NA,NA,NA,NA,NA,NA,NA,NA,NA,NA,NA,NA,NA,NA,NA,NA,NA,NA,NA,NA,NA,NA,NA,NA,NA,NA,NA,NA,NA,NA,NA,NA,NA,NA,NA,NA,NA,NA,NA,NA,NA,NA,NA,NA,NA,NA,High,High,High,NA,NA,NA,NA,NA,NA,NA,NA,NA,NA,NA,NA,NA,NA,NA,NA,NA,NA,NA,NA,NA,NA,NA,NA,NA,NA,NA,NA,NA,NA,NA,NA,NA,NA,NA,NA,NA,NA,NA,NA,NA,NA,NA,NA,NA,NA,NA,NA
NA,NA,NA,NA,NA,NA,NA,NA,NA,NA,NA,NA,NA,NA,NA,NA,296,2025-10-04,14:40:55,5,1,"Mahan, Riley",10068537,Right,CLE_SCC,"Benner, Seth",1000370212,Right,CAR_EAG,Undefined,7,Bottom,1,0,0,Slider,Curveball,BallCalled,Undefined,Undefined,Undefined,0,0,NA,72.592,0.384558,-1.567848,2210.103264,89.618966,09:00:00,5.40037,1.68149,6.10833,-51.45034,1.66602,-17.47288,1.46861,-1.22482,66.43597,-9.119252,-4.717451,0.524548,NA,NA,NA,NA,NA,NA,NA,NA,NA,NA,NA,8.49347,1.31197,-1.5523,50,5.40352,3.47715,-105.40237,-0.73474,9.43596,19.99645,-30.7165,CAR_EAG,CLE_SCC,CarsonNewman,TeamExclusive,Team,20251004-CarsonNewman-Private-2,a9d755d0-a151-11f0-8e17-f9dcdb0ff224,71.85693,NA,NA,6.15603,NA,NA,NA,NA,NA,NA,aa1485ac-9891-46a2-85a3-6504a17cc3e8,2025-10-04,18:40:55,2025-10-04T18:40:55Z,2025-10-04T18:40:55Z,NA,v3,CNE,CSCC,NA,"Christopher, Conner",10087004,Right,CLE_SCC,175a6a6c-f033-428c-ab54-a95de8b01b42,54.39343,-106.2326,9.99823,5.40755,0.54057,-15.35825,-1.68853,3.08538,4.71798,NA,NA,NA,NA,NA,NA,NA,NA,NA,NA,NA,NA,NA,NA,NA,NA,NA,NA,NA,NA,NA,NA,NA,NA,NA,NA,NA,NA,NA,NA,NA,NA,NA,NA,NA,NA,NA,NA,NA,NA,NA,NA,NA,NA,NA,NA,NA,NA,NA,NA,High,High,High,NA,NA,NA,NA,NA,87.822025,59.771261,1112.684002,0.503453,09:00:00,-0.859781,0.508877,0.042673,-34.891214,13.705281,32.155348,-0.453811,120.574748,-0.453268,-50.103582,0.453268,-0.767205,0.453811,45.03433,-26.988467,0.767205,-0.767205,-120.574748,26.988467,0.453811,50.103582,-45.03433,-0.453811,0.767205,0.453268,-0.453268,NA,NA,NA,NA,NA,NA,NA,NA,NA,NA,NA,NA
NA,NA,NA,NA,NA,NA,NA,NA,NA,NA,NA,NA,NA,NA,NA,NA,297,2025-10-04,14:41:11,5,2,"Mahan, Riley",10068537,Right,CLE_SCC,"Benner, Seth",1000370212,Right,CAR_EAG,Undefined,7,Bottom,1,1,0,Fastball,Four-Seam,BallCalled,Undefined,Undefined,Undefined,0,0,NA,86.19087,-3.531085,-3.587752,2325.359953,215.072256,01:15:00,5.39213,1.50987,6.33297,-18.6641,18.42103,12.10461,0.57472,-0.78947,79.15401,-7.074584,-1.40198,0.4383,NA,NA,NA,NA,NA,NA,NA,NA,NA,NA,NA,-7.25209,10.89918,-1.25337,50,5.12477,7.36463,-124.88121,-8.21249,-11.48927,24.39131,-14.90682,CAR_EAG,CLE_SCC,CarsonNewman,TeamExclusive,Team,20251004-CarsonNewman-Private-2,b38b2930-a151-11f0-8e17-f9dcdb0ff224,85.99693,NA,NA,7.03686,NA,NA,NA,NA,NA,NA,aa1485ac-9891-46a2-85a3-6504a17cc3e8,2025-10-04,18:41:11,2025-10-04T18:41:11Z,2025-10-04T18:41:11Z,NA,v3,CNE,CSCC,NA,"Christopher, Conner",10087004,Right,CLE_SCC,f8593d39-976d-4769-b22c-1205f29fb197,54.16867,-125.69278,12.19565,5.38978,-7.7165,-7.45341,-1.50477,7.74691,-5.74463,NA,NA,NA,NA,NA,NA,NA,NA,NA,NA,NA,NA,NA,NA,NA,NA,NA,NA,NA,NA,NA,NA,NA,NA,NA,NA,NA,NA,NA,NA,NA,NA,NA,NA,NA,NA,NA,NA,NA,NA,NA,NA,NA,NA,NA,NA,NA,NA,NA,NA,High,High,High,NA,NA,NA,NA,NA,217.112883,24.870345,2109.71029,0.907262,01:15:00,-0.430569,-0.572294,-0.697918,-21.250327,44.954559,35.663037,0.154482,179.470471,-0.987953,0.523173,0.987953,-0.009131,-0.154482,8.887143,8.886769,0.009131,0.009131,-179.470471,-8.886769,0.154482,-0.523173,-8.887143,-0.154482,-0.009131,0.987953,-0.987953,NA,NA,NA,NA,NA,NA,NA,NA,NA,NA,NA,NA
NA,NA,NA,NA,NA,NA,NA,NA,NA,NA,NA,NA,NA,NA,NA,NA,298,2025-10-04,14:41:28,5,3,"Mahan, Riley",10068537,Right,CLE_SCC,"Benner, Seth",1000370212,Right,CAR_EAG,Undefined,7,Bottom,1,2,0,Fastball,Changeup,InPlay,Undefined,Popup,Out,1,0,NA,84.59193,-0.684728,-1.913669,2053.817401,217.487383,01:15:00,5.50084,1.50626,6.21828,-21.67391,16.77792,11.9576,3.0624,0.73606,77.53058,-4.792875,0.244704,0.446303,NA,NA,NA,NA,NA,NA,NA,NA,NA,NA,NA,-6.75418,9.25792,-1.36885,50,5.43859,3.65819,-122.94617,-2.07143,-10.35879,23.91905,-17.97528,CAR_EAG,CLE_SCC,CarsonNewman,TeamExclusive,Team,20251004-CarsonNewman-Private-2,bd7cc8e0-a151-11f0-8e17-f9dcdb0ff224,84.45481,NA,NA,7.06136,NA,NA,NA,NA,NA,NA,aa1485ac-9891-46a2-85a3-6504a17cc3e8,2025-10-04,18:41:28,2025-10-04T18:41:28Z,2025-10-04T18:41:28Z,NA,v3,CNE,CSCC,NA,"Christopher, Conner",10087004,Right,CLE_SCC,726140c1-4909-48d4-bb52-62fb220ba56c,54.28433,-123.77687,11.95952,5.49969,-1.44716,-8.98764,-1.50214,4.01795,-5.17939,NA,NA,NA,NA,NA,NA,NA,NA,NA,NA,NA,NA,NA,NA,NA,NA,NA,NA,NA,NA,NA,NA,NA,NA,NA,NA,NA,NA,NA,NA,NA,NA,NA,NA,NA,NA,NA,NA,NA,NA,NA,NA,NA,NA,NA,NA,NA,NA,NA,NA,High,High,High,NA,NA,NA,NA,NA,218.482667,17.89254,1954.483324,0.951634,01:15:00,-0.324843,-0.59581,-0.734498,-16.541727,33.297647,52.063949,-0.173969,170.860416,-0.972249,-8.999049,0.972249,-0.156418,0.173969,10.144861,-10.01869,0.156418,-0.156418,-170.860416,10.01869,0.173969,8.999049,-10.144861,-0.173969,0.156418,0.972249,-0.972249,NA,NA,NA,NA,NA,NA,NA,NA,NA,NA,NA,NA
