player_name,display_name,active,notes,id,pitcher,date,rel_speed,horz_break,induced_vert_break,original_pitch_type,new_pitch_type,new_pitcher,modified_at,pitch_key,created_at,PitchNo,Date,Time,PAofInning,PitchofPA,Pitcher,PitcherId,PitcherThrows,PitcherTeam,Batter,BatterId,BatterSide,BatterTeam,PitcherSet,Inning,Top/Bottom,Outs,Balls,Strikes,TaggedPitchType,AutoPitchType,PitchCall,KorBB,TaggedHitType,PlayResult,OutsOnPlay,RunsScored,Notes,RelSpeed,VertRelAngle,HorzRelAngle,SpinRate,SpinAxis,Tilt,RelHeight,RelSide,Extension,VertBreak,InducedVertBreak,HorzBreak,PlateLocHeight,PlateLocSide,ZoneSpeed,VertApprAngle,HorzApprAngle,ZoneTime,ExitSpeed,Angle,Direction,HitSpinRate,PositionAt110X,PositionAt110Y,PositionAt110Z,Distance,LastTrackedDistance,Bearing,HangTime,pfxx,pfxz,x0,y0,z0,vx0,vy0,vz0,ax0,ay0,az0,HomeTeam,AwayTeam,Stadium,Level,League,GameID,PitchUID,EffectiveVelo,MaxHeight,MeasuredDuration,SpeedDrop,PitchLastMeasuredX,PitchLastMeasuredY,PitchLastMeasuredZ,ContactPositionX,ContactPositionY,ContactPositionZ,GameUID,UTCDate,UTCTime,LocalDateTime,UTCDateTime,AutoHitType,System,HomeTeamForeignID,AwayTeamForeignID,GameForeignID,Catcher,CatcherId,CatcherThrows,CatcherTeam,PlayID,PitchTrajectoryXc0,PitchTrajectoryXc1,PitchTrajectoryXc2,PitchTrajectoryYc0,PitchTrajectoryYc1,PitchTrajectoryYc2,PitchTrajectoryZc0,PitchTrajectoryZc1,PitchTrajectoryZc2,HitSpinAxis,HitTrajectoryXc0,HitTrajectoryXc1,HitTrajectoryXc2,HitTrajectoryXc3,HitTrajectoryXc4,HitTrajectoryXc5,HitTrajectoryXc6,HitTrajectoryXc7,HitTrajectoryXc8,HitTrajectoryYc0,HitTrajectoryYc1,HitTrajectoryYc2,HitTrajectoryYc3,HitTrajectoryYc4,HitTrajectoryYc5,HitTrajectoryYc6,HitTrajectoryYc7,HitTrajectoryYc8,HitTrajectoryZc0,HitTrajectoryZc1,HitTrajectoryZc2,HitTrajectoryZc3,HitTrajectoryZc4,HitTrajectoryZc5,HitTrajectoryZc6,HitTrajectoryZc7,HitTrajectoryZc8,ThrowSpeed,PopTime,ExchangeTime,TimeToBase,CatchPositionX,CatchPositionY,CatchPositionZ,ThrowPositionX,ThrowPositionY,ThrowPositionZ,BasePositionX,BasePositionY,BasePositionZ,ThrowTrajectoryXc0,ThrowTrajectoryXc1,ThrowTrajectoryXc2,ThrowTrajectoryYc0,ThrowTrajectoryYc1,ThrowTrajectoryYc2,ThrowTrajectoryZc0,ThrowTrajectoryZc1,ThrowTrajectoryZc2,PitchReleaseConfidence,PitchLocationConfidence,PitchMovementConfidence,HitLaunchConfidence,HitLandingConfidence,CatcherThrowCatchConfidence,CatcherThrowReleaseConfidence,CatcherThrowLocationConfidence,SpinAxis3dTransverseAngle,SpinAxis3dLongitudinalAngle,SpinAxis3dActiveSpinRate,SpinAxis3dSpinEfficiency,SpinAxis3dTilt,SpinAxis3dVectorX,SpinAxis3dVectorY,SpinAxis3dVectorZ,SpinAxis3dSeamOrientationRotationX,SpinAxis3dSeamOrientationRotationY,SpinAxis3dSeamOrientationRotationZ,SpinAxis3dSeamOrientationBallYAmb1,SpinAxis3dSeamOrientationBallAngleHorizontalAmb1,SpinAxis3dSeamOrientationBallZAmb1,SpinAxis3dSeamOrientationBallAngleVerticalAmb2,SpinAxis3dSeamOrientationBallZAmb2,SpinAxis3dSeamOrientationBallXAmb4,SpinAxis3dSeamOrientationBallYAmb4,SpinAxis3dSeamOrientationBallAngleHorizontalAmb2,SpinAxis3dSeamOrientationBallAngleVerticalAmb1,SpinAxis3dSeamOrientationBallXAmb1,SpinAxis3dSeamOrientationBallYAmb2,SpinAxis3dSeamOrientationBallAngleHorizontalAmb4,SpinAxis3dSeamOrientationBallAngleVerticalAmb4,SpinAxis3dSeamOrientationBallXAmb2,SpinAxis3dSeamOrientationBallAngleVerticalAmb3,SpinAxis3dSeamOrientationBallAngleHorizontalAmb3,SpinAxis3dSeamOrientationBallXAmb3,SpinAxis3dSeamOrientationBallYAmb3,SpinAxis3dSeamOrientationBallZAmb3,SpinAxis3dSeamOrientationBallZAmb4,session_id,play_id,camera_slot,camera_name,camera_target,video_type,azure_blob,azure_md5,cloudinary_url,cloudinary_public_id,uploaded_at,HitType
NA,NA,NA,NA,NA,NA,NA,NA,NA,NA,NA,NA,NA,NA,NA,NA,1,2026-02-20,14:02:03,1,1,"Higgins, Ryan",1000329317,Right,CAR_EAG,"Murchison, Trent",10032231,Left,LEN_BEA,Undefined,1,Top,0,0,0,Fastball,Sinker,BallCalled,Undefined,Undefined,Undefined,0,0,NA,87.36237,-1.792351,-3.066088,2113.915508,254.754277,02:30:00,6.13571,2.53742,5.48807,-29.88246,8.21638,24.68352,1.96569,1.7231,78.31249,-7.336749,1.331521,0.44425,NA,NA,NA,NA,NA,NA,NA,NA,NA,NA,NA,-13.34595,5.21016,-2.28511,50,5.95868,5.64406,-126.34184,-5.01943,-21.07451,31.27039,-23.94671,CAR_EAG,LEN_BEA,CarsonNewman,D2,Team,20260220-CarsonNewman-1,a6a48220-0e8e-11f1-8304-27cb6f288688,84.84516,NA,NA,9.04988,NA,NA,NA,NA,NA,NA,46df0e37-f40e-476d-8c8d-a76c06d1b556,2026-02-20,19:02:03,2026-02-20T19:02:03Z,2026-02-20T19:02:03Z,NA,v3,CNE,NA,NA,"Rogers, Jacob",1000215913,Right,CAR_EAG,3cb153dc-eca9-451e-9dd0-6244264a550e,55.00972,-127.57575,15.6352,6.1381,-4.0745,-11.97336,-2.52423,6.47565,-10.53726,NA,NA,NA,NA,NA,NA,NA,NA,NA,NA,NA,NA,NA,NA,NA,NA,NA,NA,NA,NA,NA,NA,NA,NA,NA,NA,NA,NA,NA,NA,NA,NA,NA,NA,NA,NA,NA,NA,NA,NA,NA,NA,NA,NA,NA,NA,NA,NA,NA,NA,High,High,High,NA,NA,NA,NA,NA,NA,NA,NA,NA,NA,NA,NA,NA,NA,NA,NA,NA,NA,NA,NA,NA,NA,NA,NA,NA,NA,NA,NA,NA,NA,NA,NA,NA,NA,NA,NA,NA,NA,NA,NA,NA,NA,NA,NA,NA,NA,NA,NA
NA,NA,NA,NA,NA,NA,NA,NA,NA,NA,NA,NA,NA,NA,NA,NA,2,2026-02-20,14:02:15,1,2,"Higgins, Ryan",1000329317,Right,CAR_EAG,"Murchison, Trent",10032231,Left,LEN_BEA,Undefined,1,Top,0,1,0,Fastball,Sinker,StrikeCalled,Undefined,Undefined,Undefined,0,0,NA,88.47462,-2.131076,-4.898301,2116.496691,244.389496,02:15:00,6.17415,2.2332,5.26385,-25.5723,11.35485,21.07111,2.03276,-0.62398,80.56406,-6.849067,-1.174669,0.437365,NA,NA,NA,NA,NA,NA,NA,NA,NA,NA,NA,-11.87831,6.65945,-1.79972,50,5.9597,9.99082,-127.86255,-5.70244,-19.60887,27.0595,-21.18057,CAR_EAG,LEN_BEA,CarsonNewman,D2,Team,20260220-CarsonNewman-1,adfbc7e0-0e8e-11f1-8304-27cb6f288688,86.18068,NA,NA,7.91055,NA,NA,NA,NA,NA,NA,46df0e37-f40e-476d-8c8d-a76c06d1b556,2026-02-20,19:02:15,2026-02-20T19:02:15Z,2026-02-20T19:02:15Z,NA,v3,CNE,NA,NA,"Rogers, Jacob",1000215913,Right,CAR_EAG,2a715707-1479-4777-82d0-caf118dbf859,55.23682,-128.96606,13.52975,6.17464,-4.83869,-10.59029,-2.22346,10.79048,-9.80443,NA,NA,NA,NA,NA,NA,NA,NA,NA,NA,NA,NA,NA,NA,NA,NA,NA,NA,NA,NA,NA,NA,NA,NA,NA,NA,NA,NA,NA,NA,NA,NA,NA,NA,NA,NA,NA,NA,NA,NA,NA,NA,NA,NA,NA,NA,NA,NA,NA,NA,High,High,High,NA,NA,NA,NA,NA,NA,NA,NA,NA,NA,NA,NA,NA,NA,NA,NA,NA,NA,NA,NA,NA,NA,NA,NA,NA,NA,NA,NA,NA,NA,NA,NA,NA,NA,NA,NA,NA,NA,NA,NA,NA,NA,NA,NA,NA,NA,NA,NA
NA,NA,NA,NA,NA,NA,NA,NA,NA,NA,NA,NA,NA,NA,NA,NA,3,2026-02-20,14:02:29,1,3,"Higgins, Ryan",1000329317,Right,CAR_EAG,"Murchison, Trent",10032231,Left,LEN_BEA,Undefined,1,Top,0,1,1,ChangeUp,Changeup,BallCalled,Undefined,Undefined,Undefined,0,0,NA,80.39113,1.367067,-4.133148,2001.954768,260.081368,02:45:00,5.73598,2.7206,5.30885,-39.68116,4.81201,19.15619,3.71607,0.43044,73.20649,-5.904317,-0.742642,0.480085,NA,NA,NA,NA,NA,NA,NA,NA,NA,NA,NA,-10.70693,2.47788,-2.35912,50,5.83179,7.61102,-116.36999,1.40988,-14.64835,22.30526,-28.78404,CAR_EAG,LEN_BEA,CarsonNewman,D2,Team,20260220-CarsonNewman-1,b6346cf0-0e8e-11f1-8304-27cb6f288688,78.51202,NA,NA,7.18464,NA,NA,NA,NA,NA,NA,46df0e37-f40e-476d-8c8d-a76c06d1b556,2026-02-20,19:02:29,2026-02-20T19:02:29Z,2026-02-20T19:02:29Z,NA,v3,CNE,NA,NA,"Rogers, Jacob",1000215913,Right,CAR_EAG,43e05ef9-6157-4c88-9fa0-dc9acd22bdf9,55.19208,-117.36097,11.15263,5.74074,2.68869,-14.39202,-2.71172,8.26181,-7.32417,NA,NA,NA,NA,NA,NA,NA,NA,NA,NA,NA,NA,NA,NA,NA,NA,NA,NA,NA,NA,NA,NA,NA,NA,NA,NA,NA,NA,NA,NA,NA,NA,NA,NA,NA,NA,NA,NA,NA,NA,NA,NA,NA,NA,NA,NA,NA,NA,NA,NA,High,High,High,NA,NA,NA,NA,NA,NA,NA,NA,NA,NA,NA,NA,NA,NA,NA,NA,NA,NA,NA,NA,NA,NA,NA,NA,NA,NA,NA,NA,NA,NA,NA,NA,NA,NA,NA,NA,NA,NA,NA,NA,NA,NA,NA,NA,NA,NA,NA,NA
NA,NA,NA,NA,NA,NA,NA,NA,NA,NA,NA,NA,NA,NA,NA,NA,4,2026-02-20,14:02:45,1,4,"Higgins, Ryan",1000329317,Right,CAR_EAG,"Murchison, Trent",10032231,Left,LEN_BEA,Undefined,1,Top,0,2,1,Fastball,Sinker,BallCalled,Undefined,Undefined,Undefined,0,0,NA,88.91385,-1.078719,-2.638003,2054.446566,239.967362,02:00:00,5.98587,2.45996,5.46086,-23.1247,12.90729,20.28946,3.04789,1.67972,81.07979,-5.382719,0.972513,0.432032,NA,NA,NA,NA,NA,NA,NA,NA,NA,NA,NA,-10.87855,7.15496,-2.24131,50,5.87511,5.01787,-128.93931,-3.23127,-18.28183,27.24773,-20.14986,CAR_EAG,LEN_BEA,CarsonNewman,D2,Team,20260220-CarsonNewman-1,bf7e5af0-0e8e-11f1-8304-27cb6f288688,87.24461,NA,NA,7.83406,NA,NA,NA,NA,NA,NA,46df0e37-f40e-476d-8c8d-a76c06d1b556,2026-02-20,19:02:45,2026-02-20T19:02:45Z,2026-02-20T19:02:45Z,NA,v3,CNE,NA,NA,"Rogers, Jacob",1000215913,Right,CAR_EAG,49f94c0b-9cba-46d6-850a-af1847c99a65,55.03928,-129.99985,13.62387,5.98561,-2.44698,-10.07493,-2.45046,5.72945,-9.14092,NA,NA,NA,NA,NA,NA,NA,NA,NA,NA,NA,NA,NA,NA,NA,NA,NA,NA,NA,NA,NA,NA,NA,NA,NA,NA,NA,NA,NA,NA,NA,NA,NA,NA,NA,NA,NA,NA,NA,NA,NA,NA,NA,NA,NA,NA,NA,NA,NA,NA,High,High,High,NA,NA,NA,NA,NA,NA,NA,NA,NA,NA,NA,NA,NA,NA,NA,NA,NA,NA,NA,NA,NA,NA,NA,NA,NA,NA,NA,NA,NA,NA,NA,NA,NA,NA,NA,NA,NA,NA,NA,NA,NA,NA,NA,NA,NA,NA,NA,NA
NA,NA,NA,NA,NA,NA,NA,NA,NA,NA,NA,NA,NA,NA,NA,NA,5,2026-02-20,14:02:59,1,5,"Higgins, Ryan",1000329317,Right,CAR_EAG,"Murchison, Trent",10032231,Left,LEN_BEA,Undefined,1,Top,0,3,1,Fastball,Sinker,BallCalled,Walk,Undefined,Undefined,0,0,NA,89.69172,-1.667791,-4.906509,2144.304794,241.007044,02:00:00,6.34716,2.25153,5.43809,-24.98411,10.29949,16.6678,2.69718,-0.9654,82.55294,-6.267179,-1.953418,0.427521,NA,NA,NA,NA,NA,NA,NA,NA,NA,NA,NA,-9.79217,5.9215,-1.8287,50,6.18166,10.43622,-129.87889,-4.69652,-16.85503,25.23909,-21.98154,CAR_EAG,LEN_BEA,CarsonNewman,D2,Team,20260220-CarsonNewman-1,c81859e0-0e8e-11f1-8304-27cb6f288688,88.16505,NA,NA,7.13878,NA,NA,NA,NA,NA,NA,46df0e37-f40e-476d-8c8d-a76c06d1b556,2026-02-20,19:02:59,2026-02-20T19:02:59Z,2026-02-20T19:02:59Z,NA,v3,CNE,NA,NA,"Rogers, Jacob",1000215913,Right,CAR_EAG,141e7f9c-faef-426c-8c8c-4480baec712f,55.06626,-130.8597,12.61955,6.34757,-3.8423,-10.99077,-2.24698,11.09122,-8.42751,NA,NA,NA,NA,NA,NA,NA,NA,NA,NA,NA,NA,NA,NA,NA,NA,NA,NA,NA,NA,NA,NA,NA,NA,NA,NA,NA,NA,NA,NA,NA,NA,NA,NA,NA,NA,NA,NA,NA,NA,NA,NA,NA,NA,NA,NA,NA,NA,NA,NA,High,High,High,NA,NA,NA,NA,NA,NA,NA,NA,NA,NA,NA,NA,NA,NA,NA,NA,NA,NA,NA,NA,NA,NA,NA,NA,NA,NA,NA,NA,NA,NA,NA,NA,NA,NA,NA,NA,NA,NA,NA,NA,NA,NA,NA,NA,NA,NA,NA,NA
NA,NA,NA,NA,NA,NA,NA,NA,NA,NA,NA,NA,NA,NA,NA,NA,6,2026-02-20,14:03:28,2,1,"Higgins, Ryan",1000329317,Right,CAR_EAG,"Lackey, Lleyton",813440,Left,LEN_BEA,Undefined,1,Top,0,0,0,Fastball,Changeup,StrikeCalled,Undefined,Undefined,Undefined,0,0,NA,87.55996,-0.090752,-4.319898,2086.460302,256.266965,02:30:00,5.89222,2.46607,5.35934,-31.36537,5.3813,17.93399,3.19309,-0.09839,81.20674,-5.811242,-1.142847,0.436295,NA,NA,NA,NA,NA,NA,NA,NA,NA,NA,NA,-9.99863,3.03858,-2.09031,50,5.86152,8.81126,-127.03119,-1.37208,-16.61567,21.8778,-27.12456,CAR_EAG,LEN_BEA,CarsonNewman,D2,Team,20260220-CarsonNewman-1,d95d95d0-0e8e-11f1-8304-27cb6f288688,86.39207,NA,NA,6.35323,NA,NA,NA,NA,NA,NA,46df0e37-f40e-476d-8c8d-a76c06d1b556,2026-02-20,19:03:28,2026-02-20T19:03:28Z,2026-02-20T19:03:28Z,NA,v3,CNE,NA,NA,"Rogers, Jacob",1000215913,Right,CAR_EAG,e9926ea0-4256-404f-9c63-aa8bd2ba1529,55.14451,-127.91413,10.9389,5.8948,-0.27739,-13.56228,-2.45945,9.48183,-8.30783,NA,NA,NA,NA,NA,NA,NA,NA,NA,NA,NA,NA,NA,NA,NA,NA,NA,NA,NA,NA,NA,NA,NA,NA,NA,NA,NA,NA,NA,NA,NA,NA,NA,NA,NA,NA,NA,NA,NA,NA,NA,NA,NA,NA,NA,NA,NA,NA,NA,NA,High,High,High,NA,NA,NA,NA,NA,NA,NA,NA,NA,NA,NA,NA,NA,NA,NA,NA,NA,NA,NA,NA,NA,NA,NA,NA,NA,NA,NA,NA,NA,NA,NA,NA,NA,NA,NA,NA,NA,NA,NA,NA,NA,NA,NA,NA,NA,NA,NA,NA
NA,NA,NA,NA,NA,NA,NA,NA,NA,NA,NA,NA,NA,NA,NA,NA,7,2026-02-20,14:04:09,2,2,"Higgins, Ryan",1000329317,Right,CAR_EAG,"Lackey, Lleyton",813440,Left,LEN_BEA,Undefined,1,Top,0,0,1,Fastball,Sinker,BallCalled,Undefined,Undefined,Undefined,0,0,NA,87.42414,-1.319607,-1.48527,2065.800893,239.611539,02:00:00,6.05455,2.37226,5.40147,-24.45088,12.99249,20.01631,2.77976,2.64816,79.59015,-5.861773,2.075996,0.440412,NA,NA,NA,NA,NA,NA,NA,NA,NA,NA,NA,-10.44174,7.28993,-2.2541,50,5.92004,2.39223,-126.80019,-3.76502,-16.90437,27.29124,-20.37222,CAR_EAG,LEN_BEA,CarsonNewman,D2,Team,20260220-CarsonNewman-1,f18c1370-0e8e-11f1-8304-27cb6f288688,85.58458,NA,NA,7.83399,NA,NA,NA,NA,NA,NA,46df0e37-f40e-476d-8c8d-a76c06d1b556,2026-02-20,19:04:09,2026-02-20T19:04:09Z,2026-02-20T19:04:09Z,NA,v3,CNE,NA,NA,"Rogers, Jacob",1000215913,Right,CAR_EAG,5541c186-738f-4a5f-87ad-88a79544d588,55.09848,-127.89283,13.64562,6.05445,-2.94939,-10.18611,-2.36342,3.06902,-8.45219,NA,NA,NA,NA,NA,NA,NA,NA,NA,NA,NA,NA,NA,NA,NA,NA,NA,NA,NA,NA,NA,NA,NA,NA,NA,NA,NA,NA,NA,NA,NA,NA,NA,NA,NA,NA,NA,NA,NA,NA,NA,NA,NA,NA,NA,NA,NA,NA,NA,NA,High,High,High,NA,NA,NA,NA,NA,NA,NA,NA,NA,NA,NA,NA,NA,NA,NA,NA,NA,NA,NA,NA,NA,NA,NA,NA,NA,NA,NA,NA,NA,NA,NA,NA,NA,NA,NA,NA,NA,NA,NA,NA,NA,NA,NA,NA,NA,NA,NA,NA
NA,NA,NA,NA,NA,NA,NA,NA,NA,NA,NA,NA,NA,NA,NA,NA,8,2026-02-20,14:04:28,2,3,"Higgins, Ryan",1000329317,Right,CAR_EAG,"Lackey, Lleyton",813440,Left,LEN_BEA,Undefined,1,Top,0,1,1,Fastball,Sinker,FoulBallNotFieldable,Undefined,Undefined,Undefined,0,0,NA,88.28383,-0.444281,-4.222241,2112.888383,253.41494,02:30:00,6.15954,2.43623,5.69074,-28.7786,7.45894,21.13792,3.34611,0.25533,80.64698,-5.770388,-0.452391,0.433262,NA,NA,NA,NA,NA,NA,NA,NA,NA,NA,NA,-11.94028,4.2526,-2.0942,50,6.10405,8.54594,-127.9554,-2.0003,-19.79697,26.38672,-25.12324,CAR_EAG,LEN_BEA,CarsonNewman,D2,Team,20260220-CarsonNewman-1,fcf6e5a0-0e8e-11f1-8304-27cb6f288688,86.99685,NA,NA,7.63685,NA,NA,NA,NA,NA,NA,46df0e37-f40e-476d-8c8d-a76c06d1b556,2026-02-20,19:04:28,2026-02-20T19:04:28Z,2026-02-20T19:04:28Z,NA,v3,CNE,NA,NA,"Rogers, Jacob",1000215913,Right,CAR_EAG,09ec1881-d0eb-4d3c-9521-f4e85932c538,54.81202,-128.94391,13.19336,6.16136,-1.05913,-12.56162,-2.42824,9.28758,-9.89848,NA,NA,NA,NA,NA,NA,NA,NA,NA,NA,NA,NA,NA,NA,NA,NA,NA,NA,NA,NA,NA,NA,NA,NA,NA,NA,NA,NA,NA,NA,NA,NA,NA,NA,NA,NA,NA,NA,NA,NA,NA,NA,NA,NA,NA,NA,NA,NA,NA,NA,High,High,High,NA,NA,NA,NA,NA,NA,NA,NA,NA,NA,NA,NA,NA,NA,NA,NA,NA,NA,NA,NA,NA,NA,NA,NA,NA,NA,NA,NA,NA,NA,NA,NA,NA,NA,NA,NA,NA,NA,NA,NA,NA,NA,NA,NA,NA,NA,NA,NA
NA,NA,NA,NA,NA,NA,NA,NA,NA,NA,NA,NA,NA,NA,NA,NA,9,2026-02-20,14:05:07,2,4,"Higgins, Ryan",1000329317,Right,CAR_EAG,"Lackey, Lleyton",813440,Left,LEN_BEA,Undefined,1,Top,0,1,2,Fastball,Sinker,BallCalled,Undefined,Undefined,Undefined,0,0,NA,88.57199,1.006988,-3.17621,2215.311892,237.724225,02:00:00,6.01087,2.43382,5.55854,-25.80198,10.25552,14.46863,4.80312,0.66885,80.90676,-3.782462,-0.600898,0.432185,NA,NA,NA,NA,NA,NA,NA,NA,NA,NA,NA,-8.12351,5.25299,-2.1687,50,6.08112,6.48442,-128.4486,1.35745,-13.60999,25.90731,-23.37324,CAR_EAG,LEN_BEA,CarsonNewman,D2,Team,20260220-CarsonNewman-1,1443b5d0-0e8f-11f1-8304-27cb6f288688,87.21376,NA,NA,7.66523,NA,NA,NA,NA,NA,NA,46df0e37-f40e-476d-8c8d-a76c06d1b556,2026-02-20,19:05:07,2026-02-20T19:05:07Z,2026-02-20T19:05:07Z,NA,v3,CNE,NA,NA,"Rogers, Jacob",1000215913,Right,CAR_EAG,87270ede-9ff6-457b-ab24-ce6b5384d36d,54.94172,-129.44147,12.95365,6.01193,2.25321,-11.68662,-2.42721,7.00601,-6.80499,NA,NA,NA,NA,NA,NA,NA,NA,NA,NA,NA,NA,NA,NA,NA,NA,NA,NA,NA,NA,NA,NA,NA,NA,NA,NA,NA,NA,NA,NA,NA,NA,NA,NA,NA,NA,NA,NA,NA,NA,NA,NA,NA,NA,NA,NA,NA,NA,NA,NA,High,High,High,NA,NA,NA,NA,NA,NA,NA,NA,NA,NA,NA,NA,NA,NA,NA,NA,NA,NA,NA,NA,NA,NA,NA,NA,NA,NA,NA,NA,NA,NA,NA,NA,NA,NA,NA,NA,NA,NA,NA,NA,NA,NA,NA,NA,NA,NA,NA,NA
NA,NA,NA,NA,NA,NA,NA,NA,NA,NA,NA,NA,NA,NA,NA,NA,10,2026-02-20,14:05:24,2,5,"Higgins, Ryan",1000329317,Right,CAR_EAG,"Lackey, Lleyton",813440,Left,LEN_BEA,Undefined,1,Top,0,2,2,Slider,Slider,FoulBallNotFieldable,Undefined,Undefined,Undefined,0,0,NA,78.88688,0.095773,-1.761192,2654.882658,103.599,09:30:00,6.06116,2.73527,5.20889,-41.36372,5.81363,-16.61296,2.70429,-0.30595,70.94081,-7.495817,-4.703094,0.494354,NA,NA,NA,NA,NA,NA,NA,NA,NA,NA,NA,7.72308,3.34264,-2.55904,50,6.0393,4.1831,-114.18003,-1.20573,9.93626,26.00591,-27.87353,CAR_EAG,LEN_BEA,CarsonNewman,D2,Team,20260220-CarsonNewman-1,1e5a1b90-0e8f-11f1-8304-27cb6f288688,76.24581,NA,NA,7.94607,NA,NA,NA,NA,NA,NA,46df0e37-f40e-476d-8c8d-a76c06d1b556,2026-02-20,19:05:24,2026-02-20T19:05:24Z,2026-02-20T19:05:24Z,NA,v3,CNE,NA,NA,"Rogers, Jacob",1000215913,Right,CAR_EAG,1885c434-7a2a-48d8-9bab-dd39bc843821,55.29035,-115.37868,13.00296,6.06527,0.079,-13.93677,-2.74129,3.72512,4.96813,NA,NA,NA,NA,NA,NA,NA,NA,NA,NA,NA,NA,NA,NA,NA,NA,NA,NA,NA,NA,NA,NA,NA,NA,NA,NA,NA,NA,NA,NA,NA,NA,NA,NA,NA,NA,NA,NA,NA,NA,NA,NA,NA,NA,NA,NA,NA,NA,NA,NA,High,High,High,NA,NA,NA,NA,NA,NA,NA,NA,NA,NA,NA,NA,NA,NA,NA,NA,NA,NA,NA,NA,NA,NA,NA,NA,NA,NA,NA,NA,NA,NA,NA,NA,NA,NA,NA,NA,NA,NA,NA,NA,NA,NA,NA,NA,NA,NA,NA,NA
NA,NA,NA,NA,NA,NA,NA,NA,NA,NA,NA,NA,NA,NA,NA,NA,11,2026-02-20,14:05:46,2,6,"Higgins, Ryan",1000329317,Right,CAR_EAG,"Lackey, Lleyton",813440,Left,LEN_BEA,Undefined,1,Top,0,2,2,ChangeUp,Changeup,BallCalled,Undefined,Undefined,Undefined,0,0,NA,80.434,-2.348605,-6.313982,2078.737133,271.762155,03:00:00,6.18125,2.63655,5.5082700000000004,-43.97585,0.96965,22.5156,0.3055,-1.41609,73.01381,-10.361027,-2.321859,0.482519,NA,NA,NA,NA,NA,NA,NA,NA,NA,NA,NA,-13.42139,1.70638,-2.09905,50,5.94533,11.92769,-115.91153,-6.27259,-17.98999,24.65021,-29.8868,CAR_EAG,LEN_BEA,CarsonNewman,D2,Team,20260220-CarsonNewman-1,2b607550-0e8f-11f1-8304-27cb6f288688,78.11596,NA,NA,7.42019,NA,NA,NA,NA,NA,NA,46df0e37-f40e-476d-8c8d-a76c06d1b556,2026-02-20,19:05:46,2026-02-20T19:05:46Z,2026-02-20T19:05:46Z,NA,v3,CNE,NA,NA,"Rogers, Jacob",1000215913,Right,CAR_EAG,638117e8-cbe8-412c-961d-87cd8c0ff012,54.99381,-116.96872,12.32511,6.18686,-4.99082,-14.9434,-2.62715,12.69923,-8.99499,NA,NA,NA,NA,NA,NA,NA,NA,NA,NA,NA,NA,NA,NA,NA,NA,NA,NA,NA,NA,NA,NA,NA,NA,NA,NA,NA,NA,NA,NA,NA,NA,NA,NA,NA,NA,NA,NA,NA,NA,NA,NA,NA,NA,NA,NA,NA,NA,NA,NA,High,High,High,NA,NA,NA,NA,NA,NA,NA,NA,NA,NA,NA,NA,NA,NA,NA,NA,NA,NA,NA,NA,NA,NA,NA,NA,NA,NA,NA,NA,NA,NA,NA,NA,NA,NA,NA,NA,NA,NA,NA,NA,NA,NA,NA,NA,NA,NA,NA,NA
NA,NA,NA,NA,NA,NA,NA,NA,NA,NA,NA,NA,NA,NA,NA,NA,12,2026-02-20,14:06:08,2,7,"Higgins, Ryan",1000329317,Right,CAR_EAG,"Lackey, Lleyton",813440,Left,LEN_BEA,Undefined,1,Top,0,3,2,Slider,Slider,BallCalled,Walk,Undefined,Undefined,0,0,NA,78.70515,2.21308,-1.404052,2680.736724,106.659062,09:30:00,5.82552,2.87859,5.20135,-43.83026,3.96256,-6.76796,4.25621,0.99372,69.88657,-5.875672,-2.601918,0.497568,NA,NA,NA,NA,NA,NA,NA,NA,NA,NA,NA,2.80327,1.78284,-2.74334,50,5.9986,3.07655,-113.6865,2.88349,3.55703,26.75544,-29.91186,CAR_EAG,LEN_BEA,CarsonNewman,D2,Team,20260220-CarsonNewman-1,386e4920-0e8f-11f1-8304-27cb6f288688,75.75327,NA,NA,8.81859,NA,NA,NA,NA,NA,NA,46df0e37-f40e-476d-8c8d-a76c06d1b556,2026-02-20,19:06:08,2026-02-20T19:06:08Z,2026-02-20T19:06:08Z,NA,v3,CNE,NA,NA,"Rogers, Jacob",1000215913,Right,CAR_EAG,57f3e597-35e0-4887-9814-9874d39da73b,55.29208,-114.92521,13.37772,5.83304,4.26833,-14.95593,-2.88196,2.91187,1.77851,NA,NA,NA,NA,NA,NA,NA,NA,NA,NA,NA,NA,NA,NA,NA,NA,NA,NA,NA,NA,NA,NA,NA,NA,NA,NA,NA,NA,NA,NA,NA,NA,NA,NA,NA,NA,NA,NA,NA,NA,NA,NA,NA,NA,NA,NA,NA,NA,NA,NA,High,High,High,NA,NA,NA,NA,NA,NA,NA,NA,NA,NA,NA,NA,NA,NA,NA,NA,NA,NA,NA,NA,NA,NA,NA,NA,NA,NA,NA,NA,NA,NA,NA,NA,NA,NA,NA,NA,NA,NA,NA,NA,NA,NA,NA,NA,NA,NA,NA,NA
NA,NA,NA,NA,NA,NA,NA,NA,NA,NA,NA,NA,NA,NA,NA,NA,13,2026-02-20,14:06:40,3,1,"Higgins, Ryan",1000329317,Right,CAR_EAG,"Wainwright, Mackenzie",694679,Right,LEN_BEA,Undefined,1,Top,0,0,0,Slider,Curveball,BallCalled,Undefined,Undefined,Undefined,0,0,NA,77.94503,-0.302069,-3.692129,2716.5528,73.595955,08:30:00,5.79473,2.84861,5.43983,-50.44715,-2.03315,-13.43001,1.30735,-1.73269,69.97158,-9.511311,-6.075617,0.500792,NA,NA,NA,NA,NA,NA,NA,NA,NA,NA,NA,5.33177,-0.30587,-2.51215,50,5.73389,7.80424,-112.58784,-2.29265,6.61921,26.6846,-32.55375,CAR_EAG,LEN_BEA,CarsonNewman,D2,Team,20260220-CarsonNewman-1,4be75500-0e8f-11f1-8304-27cb6f288688,75.26572,NA,NA,7.97345,NA,NA,NA,NA,NA,NA,46df0e37-f40e-476d-8c8d-a76c06d1b556,2026-02-20,19:06:40,2026-02-20T19:06:40Z,2026-02-20T19:06:40Z,NA,v3,CNE,NA,NA,"Rogers, Jacob",1000215913,Right,CAR_EAG,e9a8e87a-1f9f-46ac-a7de-5dad135dfcb6,55.05738,-113.78018,13.3423,5.80383,-0.83806,-16.27688,-2.85426,7.50847,3.3096,NA,NA,NA,NA,NA,NA,NA,NA,NA,NA,NA,NA,NA,NA,NA,NA,NA,NA,NA,NA,NA,NA,NA,NA,NA,NA,NA,NA,NA,NA,NA,NA,NA,NA,NA,NA,NA,NA,NA,NA,NA,NA,NA,NA,NA,NA,NA,NA,NA,NA,High,High,High,NA,NA,NA,NA,NA,NA,NA,NA,NA,NA,NA,NA,NA,NA,NA,NA,NA,NA,NA,NA,NA,NA,NA,NA,NA,NA,NA,NA,NA,NA,NA,NA,NA,NA,NA,NA,NA,NA,NA,NA,NA,NA,NA,NA,NA,NA,NA,NA
NA,NA,NA,NA,NA,NA,NA,NA,NA,NA,NA,NA,NA,NA,NA,NA,14,2026-02-20,14:06:55,3,2,"Higgins, Ryan",1000329317,Right,CAR_EAG,"Wainwright, Mackenzie",694679,Right,LEN_BEA,Undefined,1,Top,0,1,0,Fastball,Sinker,BallCalled,Undefined,Undefined,Undefined,0,0,NA,89.3304,-2.315659,-4.66321,2186.066177,242.090851,02:00:00,6.04839,2.53933,5.56158,-25.49371,10.76658,17.75092,1.75206,-0.34784,80.42263,-7.063941,-1.507779,0.433398,NA,NA,NA,NA,NA,NA,NA,NA,NA,NA,NA,-10.37989,6.59217,-2.14737,50,5.83127,9.70693,-128.97901,-6.12054,-17.20854,30.78627,-21.24507,CAR_EAG,LEN_BEA,CarsonNewman,D2,Team,20260220-CarsonNewman-1,54bf6e60-0e8f-11f1-8304-27cb6f288688,86.96953,NA,NA,8.90777,NA,NA,NA,NA,NA,NA,46df0e37-f40e-476d-8c8d-a76c06d1b556,2026-02-20,19:06:55,2026-02-20T19:06:55Z,2026-02-20T19:06:55Z,NA,v3,CNE,NA,NA,"Rogers, Jacob",1000215913,Right,CAR_EAG,99f71bac-aa3d-4aea-ad56-17c0ac2c40dd,54.93589,-130.15183,15.39313,6.04902,-5.3112,-10.62254,-2.52965,10.3625,-8.60427,NA,NA,NA,NA,NA,NA,NA,NA,NA,NA,NA,NA,NA,NA,NA,NA,NA,NA,NA,NA,NA,NA,NA,NA,NA,NA,NA,NA,NA,NA,NA,NA,NA,NA,NA,NA,NA,NA,NA,NA,NA,NA,NA,NA,NA,NA,NA,NA,NA,NA,High,High,High,NA,NA,NA,NA,NA,NA,NA,NA,NA,NA,NA,NA,NA,NA,NA,NA,NA,NA,NA,NA,NA,NA,NA,NA,NA,NA,NA,NA,NA,NA,NA,NA,NA,NA,NA,NA,NA,NA,NA,NA,NA,NA,NA,NA,NA,NA,NA,NA
NA,NA,NA,NA,NA,NA,NA,NA,NA,NA,NA,NA,NA,NA,NA,NA,15,2026-02-20,14:07:39,3,3,"Higgins, Ryan",1000329317,Right,CAR_EAG,"Wainwright, Mackenzie",694679,Right,LEN_BEA,Undefined,1,Top,0,2,0,Fastball,Sinker,StrikeSwinging,Undefined,Undefined,Undefined,0,0,NA,88.72372,-1.09789,-4.825739,2153.520533,246.08652,02:15:00,5.848,2.60552,5.85468,-25.51903,10.23934,20.45466,2.69753,-0.18449,80.94273,-5.854645,-1.171719,0.430388,NA,NA,NA,NA,NA,NA,NA,NA,NA,NA,NA,-11.78753,5.89032,-2.22459,50,5.7436,9.97774,-128.46938,-3.32126,-19.68616,26.78583,-22.33672,CAR_EAG,LEN_BEA,CarsonNewman,D2,Team,20260220-CarsonNewman-1,6f1511c0-0e8f-11f1-8304-27cb6f288688,87.57781,NA,NA,7.78099,NA,NA,NA,NA,NA,NA,46df0e37-f40e-476d-8c8d-a76c06d1b556,2026-02-20,19:07:39,2026-02-20T19:07:39Z,2026-02-20T19:07:39Z,NA,v3,CNE,NA,NA,"Rogers, Jacob",1000215913,Right,CAR_EAG,edebfb94-fb72-483a-a5fe-54210e042679,54.64715,-129.43469,13.39292,5.84878,-2.5163,-11.16836,-2.59696,10.68719,-9.84308,NA,NA,NA,NA,NA,NA,NA,NA,NA,NA,NA,NA,NA,NA,NA,NA,NA,NA,NA,NA,NA,NA,NA,NA,NA,NA,NA,NA,NA,NA,NA,NA,NA,NA,NA,NA,NA,NA,NA,NA,NA,NA,NA,NA,NA,NA,NA,NA,NA,NA,High,High,High,NA,NA,NA,NA,NA,NA,NA,NA,NA,NA,NA,NA,NA,NA,NA,NA,NA,NA,NA,NA,NA,NA,NA,NA,NA,NA,NA,NA,NA,NA,NA,NA,NA,NA,NA,NA,NA,NA,NA,NA,NA,NA,NA,NA,NA,NA,NA,NA
NA,NA,NA,NA,NA,NA,NA,NA,NA,NA,NA,NA,NA,NA,NA,NA,16,2026-02-20,14:08:00,3,4,"Higgins, Ryan",1000329317,Right,CAR_EAG,"Wainwright, Mackenzie",694679,Right,LEN_BEA,Undefined,1,Top,0,2,1,Slider,Curveball,StrikeCalled,Undefined,Undefined,Undefined,0,0,NA,78.30903,1.687437,-2.360766,2804.231421,72.864182,08:30:00,5.66123,2.81474,5.02544,-51.95286,-2.79992,-15.95969,2.92597,-0.74421,69.1935,-7.810497,-5.174172,0.504599,NA,NA,NA,NA,NA,NA,NA,NA,NA,NA,NA,6.85741,-1.38697,-2.57541,50,5.78214,5.34494,-112.96372,1.46504,8.48505,28.69344,-33.89023,CAR_EAG,LEN_BEA,CarsonNewman,D2,Team,20260220-CarsonNewman-1,7b99df70-0e8f-11f1-8304-27cb6f288688,74.69784,NA,NA,9.11553,NA,NA,NA,NA,NA,NA,46df0e37-f40e-476d-8c8d-a76c06d1b556,2026-02-20,19:08:00,2026-02-20T19:08:00Z,2026-02-20T19:08:00Z,NA,v3,CNE,NA,NA,"Rogers, Jacob",1000215913,Right,CAR_EAG,10d3538e-119d-4fb9-8eaf-fd9b83b826f6,55.46925,-114.34451,14.34672,5.6724,3.0959,-16.94512,-2.8228,4.93662,4.24252,NA,NA,NA,NA,NA,NA,NA,NA,NA,NA,NA,NA,NA,NA,NA,NA,NA,NA,NA,NA,NA,NA,NA,NA,NA,NA,NA,NA,NA,NA,NA,NA,NA,NA,NA,NA,NA,NA,NA,NA,NA,NA,NA,NA,NA,NA,NA,NA,NA,NA,High,High,High,NA,NA,NA,NA,NA,NA,NA,NA,NA,NA,NA,NA,NA,NA,NA,NA,NA,NA,NA,NA,NA,NA,NA,NA,NA,NA,NA,NA,NA,NA,NA,NA,NA,NA,NA,NA,NA,NA,NA,NA,NA,NA,NA,NA,NA,NA,NA,NA
NA,NA,NA,NA,NA,NA,NA,NA,NA,NA,NA,NA,NA,NA,NA,NA,17,2026-02-20,14:08:21,3,5,"Higgins, Ryan",1000329317,Right,CAR_EAG,"Wainwright, Mackenzie",694679,Right,LEN_BEA,Undefined,1,Top,0,2,2,Slider,Slider,BallCalled,Undefined,Undefined,Undefined,0,0,NA,81.00545,-0.783965,-5.657563,2775.587384,93.964628,09:15:00,5.90355,2.62765,5.4295,-42.05238,2.5713,-13.81745,1.6613,-3.83991,73.40558,-8.43371,-8.091979,0.480789,NA,NA,NA,NA,NA,NA,NA,NA,NA,NA,NA,4.97693,2.08063,-2.11486,50,5.80518,12.14043,-116.78635,-3.05017,6.72627,26.3895,-29.3621,CAR_EAG,LEN_BEA,CarsonNewman,D2,Team,20260220-CarsonNewman-1,87d08d20-0e8f-11f1-8304-27cb6f288688,78.39711,NA,NA,7.59987,NA,NA,NA,NA,NA,NA,46df0e37-f40e-476d-8c8d-a76c06d1b556,2026-02-20,19:08:21,2026-02-20T19:08:21Z,2026-02-20T19:08:21Z,NA,v3,CNE,NA,NA,"Rogers, Jacob",1000215913,Right,CAR_EAG,416fef06-2cdb-43b7-99ea-dfa552fca638,55.0682,-117.92601,13.19475,5.90952,-1.78212,-14.68105,-2.63289,11.84994,3.36313,NA,NA,NA,NA,NA,NA,NA,NA,NA,NA,NA,NA,NA,NA,NA,NA,NA,NA,NA,NA,NA,NA,NA,NA,NA,NA,NA,NA,NA,NA,NA,NA,NA,NA,NA,NA,NA,NA,NA,NA,NA,NA,NA,NA,NA,NA,NA,NA,NA,NA,High,High,High,NA,NA,NA,NA,NA,NA,NA,NA,NA,NA,NA,NA,NA,NA,NA,NA,NA,NA,NA,NA,NA,NA,NA,NA,NA,NA,NA,NA,NA,NA,NA,NA,NA,NA,NA,NA,NA,NA,NA,NA,NA,NA,NA,NA,NA,NA,NA,NA
NA,NA,NA,NA,NA,NA,NA,NA,NA,NA,NA,NA,NA,NA,NA,NA,18,2026-02-20,14:08:48,3,6,"Higgins, Ryan",1000329317,Right,CAR_EAG,"Wainwright, Mackenzie",694679,Right,LEN_BEA,Undefined,1,Top,0,3,2,Slider,Curveball,StrikeSwinging,Strikeout,Undefined,Undefined,0,0,NA,77.03383,0.268813,-2.354293,2819.627381,86.100001,08:45:00,5.84592,2.74899,5.19989,-49.18955,0.75673,-18.31777,1.99986,-0.99317,68.94783,-8.719762,-5.596216,0.508655,NA,NA,NA,NA,NA,NA,NA,NA,NA,NA,NA,8.15882,0.92122,-2.51665,50,5.83466,5.33197,-111.33336,-1.15625,9.90022,26.17011,-31.05619,CAR_EAG,LEN_BEA,CarsonNewman,D2,Team,20260220-CarsonNewman-1,9862ccc0-0e8f-11f1-8304-27cb6f288688,74.10223,NA,NA,8.08601,NA,NA,NA,NA,NA,NA,46df0e37-f40e-476d-8c8d-a76c06d1b556,2026-02-20,19:08:48,2026-02-20T19:08:48Z,2026-02-20T19:08:48Z,NA,v3,CNE,NA,NA,"Rogers, Jacob",1000215913,Right,CAR_EAG,bf5ab985-87dd-40d4-841e-b45048d25afd,55.29635,-112.57144,13.08505,5.85461,0.31299,-15.52809,-2.75782,4.8636,4.95011,NA,NA,NA,NA,NA,NA,NA,NA,NA,NA,NA,NA,NA,NA,NA,NA,NA,NA,NA,NA,NA,NA,NA,NA,NA,NA,NA,NA,NA,NA,NA,NA,NA,NA,NA,NA,NA,NA,NA,NA,NA,NA,NA,NA,NA,NA,NA,NA,NA,NA,High,High,High,NA,NA,NA,NA,NA,NA,NA,NA,NA,NA,NA,NA,NA,NA,NA,NA,NA,NA,NA,NA,NA,NA,NA,NA,NA,NA,NA,NA,NA,NA,NA,NA,NA,NA,NA,NA,NA,NA,NA,NA,NA,NA,NA,NA,NA,NA,NA,NA
NA,NA,NA,NA,NA,NA,NA,NA,NA,NA,NA,NA,NA,NA,NA,NA,19,2026-02-20,14:09:16,4,1,"Higgins, Ryan",1000329317,Right,CAR_EAG,"Procopio, Matthew",10069634,Right,LEN_BEA,Undefined,1,Top,1,0,0,Fastball,Sinker,BallCalled,Undefined,Undefined,Undefined,0,0,NA,89.57708,0.935322,-3.625594,1969.557958,250.558378,02:15:00,5.84555,2.52894,5.3739,-28.14242,7.62205,18.22048,4.37911,0.64356,81.27849,-4.264065,-0.394677,0.430425,NA,NA,NA,NA,NA,NA,NA,NA,NA,NA,NA,-10.11532,3.91949,-2.21665,50,5.90989,7.37422,-129.73246,1.07488,-17.16871,28.17687,-25.52155,CAR_EAG,LEN_BEA,CarsonNewman,D2,Team,20260220-CarsonNewman-1,a903d970-0e8f-11f1-8304-27cb6f288688,87.57031,NA,NA,8.29858,NA,NA,NA,NA,NA,NA,46df0e37-f40e-476d-8c8d-a76c06d1b556,2026-02-20,19:09:16,2026-02-20T19:09:16Z,2026-02-20T19:09:16Z,NA,v3,CNE,NA,NA,"Rogers, Jacob",1000215913,Right,CAR_EAG,9b23031c-3b01-40e6-ba8f-733b5f85250d,55.12593,-130.84104,14.08844,5.84785,2.07899,-12.76077,-2.52007,8.0497,-8.58436,NA,NA,NA,NA,NA,NA,NA,NA,NA,NA,NA,NA,NA,NA,NA,NA,NA,NA,NA,NA,NA,NA,NA,NA,NA,NA,NA,NA,NA,NA,NA,NA,NA,NA,NA,NA,NA,NA,NA,NA,NA,NA,NA,NA,NA,NA,NA,NA,NA,NA,High,High,High,NA,NA,NA,NA,NA,NA,NA,NA,NA,NA,NA,NA,NA,NA,NA,NA,NA,NA,NA,NA,NA,NA,NA,NA,NA,NA,NA,NA,NA,NA,NA,NA,NA,NA,NA,NA,NA,NA,NA,NA,NA,NA,NA,NA,NA,NA,NA,NA
NA,NA,NA,NA,NA,NA,NA,NA,NA,NA,NA,NA,NA,NA,NA,NA,20,2026-02-20,14:09:35,4,2,"Higgins, Ryan",1000329317,Right,CAR_EAG,"Procopio, Matthew",10069634,Right,LEN_BEA,Undefined,1,Top,1,1,0,Fastball,Sinker,StrikeCalled,Undefined,Undefined,Undefined,0,0,NA,88.52586,-1.951248,-5.711426,2017.117999,243.303685,02:00:00,6.17162,2.61207,5.56501,-25.56458,11.26335,19.73265,2.20854,-1.09703,79.96625,-6.709399,-2.213068,0.436777,NA,NA,NA,NA,NA,NA,NA,NA,NA,NA,NA,-11.64666,6.6876,-2.13061,50,5.98585,11.88577,-127.72361,-5.25271,-19.03435,28.91942,-21.2444,CAR_EAG,LEN_BEA,CarsonNewman,D2,Team,20260220-CarsonNewman-1,b3fe3690-0e8f-11f1-8304-27cb6f288688,86.29667,NA,NA,8.55961,NA,NA,NA,NA,NA,NA,46df0e37-f40e-476d-8c8d-a76c06d1b556,2026-02-20,19:09:35,2026-02-20T19:09:35Z,2026-02-20T19:09:35Z,NA,v3,CNE,NA,NA,"Rogers, Jacob",1000215913,Right,CAR_EAG,d67b9a4e-cc55-4eb9-86fc-0cf618d37d99,54.93394,-128.83592,14.45971,6.17217,-4.4356,-10.6222,-2.60184,12.61787,-9.51718,NA,NA,NA,NA,NA,NA,NA,NA,NA,NA,NA,NA,NA,NA,NA,NA,NA,NA,NA,NA,NA,NA,NA,NA,NA,NA,NA,NA,NA,NA,NA,NA,NA,NA,NA,NA,NA,NA,NA,NA,NA,NA,NA,NA,NA,NA,NA,NA,NA,NA,High,High,High,NA,NA,NA,NA,NA,NA,NA,NA,NA,NA,NA,NA,NA,NA,NA,NA,NA,NA,NA,NA,NA,NA,NA,NA,NA,NA,NA,NA,NA,NA,NA,NA,NA,NA,NA,NA,NA,NA,NA,NA,NA,NA,NA,NA,NA,NA,NA,NA
NA,NA,NA,NA,NA,NA,NA,NA,NA,NA,NA,NA,NA,NA,NA,NA,21,2026-02-20,14:09:52,4,3,"Higgins, Ryan",1000329317,Right,CAR_EAG,"Procopio, Matthew",10069634,Right,LEN_BEA,Undefined,1,Top,1,1,1,Slider,Curveball,BallCalled,Undefined,Undefined,Undefined,0,0,NA,77.9071,1.268452,-3.609585,2781.827928,73.864618,08:30:00,5.84555,2.73259,5.36532,-51.40648,-2.41847,-15.4658,2.75368,-1.94546,69.17379,-8.158647,-6.346761,0.503752,NA,NA,NA,NA,NA,NA,NA,NA,NA,NA,NA,6.23516,-1.04748,-2.39706,50,5.92421,7.72742,-112.39369,0.73989,7.65487,27.99332,-33.46002,CAR_EAG,LEN_BEA,CarsonNewman,D2,Team,20260220-CarsonNewman-1,be7f4500-0e8f-11f1-8304-27cb6f288688,74.82347,NA,NA,8.73331,NA,NA,NA,NA,NA,NA,46df0e37-f40e-476d-8c8d-a76c06d1b556,2026-02-20,19:09:52,2026-02-20T19:09:52Z,2026-02-20T19:09:52Z,NA,v3,CNE,NA,NA,"Rogers, Jacob",1000215913,Right,CAR_EAG,08e69362-87b9-4333-8bf5-b6c5bfb8ff67,55.12999,-113.66421,13.99666,5.85616,2.25852,-16.73001,-2.7399,7.37999,3.82743,NA,NA,NA,NA,NA,NA,NA,NA,NA,NA,NA,NA,NA,NA,NA,NA,NA,NA,NA,NA,NA,NA,NA,NA,NA,NA,NA,NA,NA,NA,NA,NA,NA,NA,NA,NA,NA,NA,NA,NA,NA,NA,NA,NA,NA,NA,NA,NA,NA,NA,High,High,High,NA,NA,NA,NA,NA,NA,NA,NA,NA,NA,NA,NA,NA,NA,NA,NA,NA,NA,NA,NA,NA,NA,NA,NA,NA,NA,NA,NA,NA,NA,NA,NA,NA,NA,NA,NA,NA,NA,NA,NA,NA,NA,NA,NA,NA,NA,NA,NA
NA,NA,NA,NA,NA,NA,NA,NA,NA,NA,NA,NA,NA,NA,NA,NA,22,2026-02-20,14:10:12,4,4,"Higgins, Ryan",1000329317,Right,CAR_EAG,"Procopio, Matthew",10069634,Right,LEN_BEA,Undefined,1,Top,1,2,1,Slider,Slider,BallCalled,Undefined,Undefined,Undefined,0,0,NA,77.6081,-0.397063,-3.998932,2857.036344,82.591182,08:45:00,5.95161,2.80923,5.09845,-49.99365,-0.63539,-19.41922,1.41037,-2.58363,69.99808,-9.44583,-7.417952,0.505652,NA,NA,NA,NA,NA,NA,NA,NA,NA,NA,NA,8.16504,0.39894,-2.41525,50,5.87551,8.62774,-112.04159,-2.51606,10.07085,25.84112,-31.68201,CAR_EAG,LEN_BEA,CarsonNewman,D2,Team,20260220-CarsonNewman-1,ca46b620-0e8f-11f1-8304-27cb6f288688,74.54232,NA,NA,7.61002,NA,NA,NA,NA,NA,NA,46df0e37-f40e-476d-8c8d-a76c06d1b556,2026-02-20,19:10:12,2026-02-20T19:10:12Z,2026-02-20T19:10:12Z,NA,v3,CNE,NA,NA,"Rogers, Jacob",1000215913,Right,CAR_EAG,bb12d98f-ae95-408f-9572-9a830c6c8f11,55.40007,-113.28021,12.92056,5.95971,-0.99748,-15.841,-2.81723,8.14502,5.03543,NA,NA,NA,NA,NA,NA,NA,NA,NA,NA,NA,NA,NA,NA,NA,NA,NA,NA,NA,NA,NA,NA,NA,NA,NA,NA,NA,NA,NA,NA,NA,NA,NA,NA,NA,NA,NA,NA,NA,NA,NA,NA,NA,NA,NA,NA,NA,NA,NA,NA,High,High,High,NA,NA,NA,NA,NA,NA,NA,NA,NA,NA,NA,NA,NA,NA,NA,NA,NA,NA,NA,NA,NA,NA,NA,NA,NA,NA,NA,NA,NA,NA,NA,NA,NA,NA,NA,NA,NA,NA,NA,NA,NA,NA,NA,NA,NA,NA,NA,NA
NA,NA,NA,NA,NA,NA,NA,NA,NA,NA,NA,NA,NA,NA,NA,NA,23,2026-02-20,14:11:01,4,5,"Higgins, Ryan",1000329317,Right,CAR_EAG,"Christmas, Seth",1000191967,Right,LEN_BEA,Undefined,1,Top,1,0,0,Fastball,Sinker,StrikeCalled,Undefined,Undefined,Undefined,0,0,NA,88.82936,-2.004167,-5.113964,2293.911668,235.095034,01:45:00,6.07164,2.62847,5.38102,-21.1595,16.51052,21.28702,2.42129,-0.40439,78.27126,-6.032798,-1.348,0.441743,NA,NA,NA,NA,NA,NA,NA,NA,NA,NA,NA,-12.46449,9.46323,-2.18468,50,5.87734,10.43054,-127.86514,-5.16804,-19.91635,34.91843,-17.05325,CAR_EAG,LEN_BEA,CarsonNewman,D2,Team,20260220-CarsonNewman-1,e7a1f860-0e8f-11f1-8304-27cb6f288688,85.3267,NA,NA,10.5581,NA,NA,NA,NA,NA,NA,46df0e37-f40e-476d-8c8d-a76c06d1b556,2026-02-20,19:11:01,2026-02-20T19:11:01Z,2026-02-20T19:11:01Z,NA,v3,CNE,NA,NA,"Rogers, Jacob",1000215913,Right,CAR_EAG,85299f1f-8c67-4586-a5ab-e60be9be5cb9,55.11277,-129.25384,17.45921,6.06938,-4.48984,-8.52662,-2.61525,11.22261,-9.95817,NA,NA,NA,NA,NA,NA,NA,NA,NA,NA,NA,NA,NA,NA,NA,NA,NA,NA,NA,NA,NA,NA,NA,NA,NA,NA,NA,NA,NA,NA,NA,NA,NA,NA,NA,NA,NA,NA,NA,NA,NA,NA,NA,NA,NA,NA,NA,NA,NA,NA,High,High,High,NA,NA,NA,NA,NA,NA,NA,NA,NA,NA,NA,NA,NA,NA,NA,NA,NA,NA,NA,NA,NA,NA,NA,NA,NA,NA,NA,NA,NA,NA,NA,NA,NA,NA,NA,NA,NA,NA,NA,NA,NA,NA,NA,NA,NA,NA,NA,NA
NA,NA,NA,NA,NA,NA,NA,NA,NA,NA,NA,NA,NA,NA,NA,NA,24,2026-02-20,14:11:24,4,6,"Higgins, Ryan",1000329317,Right,CAR_EAG,"Christmas, Seth",1000191967,Right,LEN_BEA,Undefined,1,Top,1,0,1,Fastball,Sinker,StrikeCalled,Undefined,Undefined,Undefined,0,0,NA,88.42429,-1.046943,-5.833076,2019.040332,239.884367,02:00:00,6.09094,2.5672,5.59353,-22.49761,14.75694,22.88178,3.23338,-0.99138,78.82482,-5.3022,-1.776795,0.4393,NA,NA,NA,NA,NA,NA,NA,NA,NA,NA,NA,-13.42607,8.215,-2.07986,50,5.98646,11.97818,-127.45745,-3.06413,-21.60655,31.50049,-18.95365,CAR_EAG,LEN_BEA,CarsonNewman,D2,Team,20260220-CarsonNewman-1,f543f5e0-0e8f-11f1-8304-27cb6f288688,85.80113,NA,NA,9.59947,NA,NA,NA,NA,NA,NA,46df0e37-f40e-476d-8c8d-a76c06d1b556,2026-02-20,19:11:24,2026-02-20T19:11:24Z,2026-02-20T19:11:24Z,NA,v3,CNE,NA,NA,"Rogers, Jacob",1000215913,Right,CAR_EAG,ade2ca84-6be8-4aaa-a4d8-4c318973ec8c,54.90374,-128.66368,15.75024,6.0899,-2.33835,-9.47682,-2.55437,12.80555,-10.80327,NA,NA,NA,NA,NA,NA,NA,NA,NA,NA,NA,NA,NA,NA,NA,NA,NA,NA,NA,NA,NA,NA,NA,NA,NA,NA,NA,NA,NA,NA,NA,NA,NA,NA,NA,NA,NA,NA,NA,NA,NA,NA,NA,NA,NA,NA,NA,NA,NA,NA,High,High,High,NA,NA,NA,NA,NA,NA,NA,NA,NA,NA,NA,NA,NA,NA,NA,NA,NA,NA,NA,NA,NA,NA,NA,NA,NA,NA,NA,NA,NA,NA,NA,NA,NA,NA,NA,NA,NA,NA,NA,NA,NA,NA,NA,NA,NA,NA,NA,NA
NA,NA,NA,NA,NA,NA,NA,NA,NA,NA,NA,NA,NA,NA,NA,NA,25,2026-02-20,14:11:44,4,7,"Higgins, Ryan",1000329317,Right,CAR_EAG,"Christmas, Seth",1000191967,Right,LEN_BEA,Undefined,1,Top,1,0,2,Fastball,Sinker,InPlay,Undefined,FlyBall,HomeRun,0,4,NA,89.252440000000007,-0.821042,-4.622092,2366.259069,232.480873,01:45:00,5.90667,2.44123,5.58051,-23.39056,12.62056,14.7808,3.18808,-0.65324,80.67881,-5.196632,-1.99626,0.431906,99.60102,28.66218,-5.546004,NA,109.59915,56.72897,-9.38039,411.48301,408.7584,-4.716008,5.186935,-8.91804,7.00103,-2.05288,50,5.82079,9.7864,-129.08387,-2.64855,-14.89691,29.37394,-20.47939,CAR_EAG,LEN_BEA,CarsonNewman,D2,Team,20260220-CarsonNewman-1,00f59510-0e90-11f1-8304-27cb6f288688,87.26993,86.02301,NA,8.57364,NA,NA,NA,1.65883,3.32758,0.6829,46df0e37-f40e-476d-8c8d-a76c06d1b556,2026-02-20,19:11:44,2026-02-20T19:11:44Z,2026-02-20T19:11:44Z,FlyBall,v3,CNE,NA,NA,"Rogers, Jacob",1000215913,Right,CAR_EAG,5324736a-bb5e-4c5d-a1a2-0ef07a4a7414,54.91975,-130.19858,14.68697,5.90655,-1.87138,-10.2397,-2.43499,10.35172,-7.44845,182.890889,1.66057,127.54529,-21.24555,4.66093,-0.87274,0.14914,-0.02342,0.00263,-1.3e-4,3.32671,70.08527,-16.67894,1.07939,-0.133,-0.02505,0.01573,-0.00256,1.4e-4,0.68255,-12.38056,2.61197,-0.58775,0.10355,-0.01498,0.00193,-2e-4,1e-5,NA,NA,NA,NA,NA,NA,NA,NA,NA,NA,NA,NA,NA,NA,NA,NA,NA,NA,NA,NA,NA,NA,High,High,High,High,Medium,NA,NA,NA,NA,NA,NA,NA,NA,NA,NA,NA,NA,NA,NA,NA,NA,NA,NA,NA,NA,NA,NA,NA,NA,NA,NA,NA,NA,NA,NA,NA,NA,NA,NA,NA,NA,NA,NA,NA,NA,NA,NA,NA,NA,NA,NA
NA,NA,NA,NA,NA,NA,NA,NA,NA,NA,NA,NA,NA,NA,NA,NA,26,2026-02-20,14:12:37,5,1,"Higgins, Ryan",1000329317,Right,CAR_EAG,"Boris, Sylas",1000138481,Right,LEN_BEA,Undefined,1,Top,1,0,0,Fastball,Sinker,BallCalled,Undefined,Undefined,Undefined,0,0,NA,88.7162,1.859615,-4.419518,2153.840335,234.40625,01:45:00,5.86685,2.58613,5.71154,-22.21407,14.41465,18.20536,5.75399,-0.02246,79.13598,-2.35196,-1.177573,0.435594,NA,NA,NA,NA,NA,NA,NA,NA,NA,NA,NA,-10.60284,7.06662,-2.22637,50,6.00961,9.08137,-128.14824,3.47221,-17.29331,31.21738,-20.6483,CAR_EAG,LEN_BEA,CarsonNewman,D2,Team,20260220-CarsonNewman-1,2045a270-0e90-11f1-8304-27cb6f288688,86.53103,NA,NA,9.58022,NA,NA,NA,NA,NA,NA,46df0e37-f40e-476d-8c8d-a76c06d1b556,2026-02-20,19:12:37,2026-02-20T19:12:37Z,2026-02-20T19:12:37Z,NA,v3,CNE,NA,NA,"Rogers, Jacob",1000215913,Right,CAR_EAG,c94d4e47-3a67-44cd-be8a-f6cf549c6b98,54.78498,-129.30863,15.60869,5.86628,4.23973,-10.32415,-2.57588,9.72418,-8.64666,NA,NA,NA,NA,NA,NA,NA,NA,NA,NA,NA,NA,NA,NA,NA,NA,NA,NA,NA,NA,NA,NA,NA,NA,NA,NA,NA,NA,NA,NA,NA,NA,NA,NA,NA,NA,NA,NA,NA,NA,NA,NA,NA,NA,NA,NA,NA,NA,NA,NA,High,High,High,NA,NA,NA,NA,NA,NA,NA,NA,NA,NA,NA,NA,NA,NA,NA,NA,NA,NA,NA,NA,NA,NA,NA,NA,NA,NA,NA,NA,NA,NA,NA,NA,NA,NA,NA,NA,NA,NA,NA,NA,NA,NA,NA,NA,NA,NA,NA,NA
NA,NA,NA,NA,NA,NA,NA,NA,NA,NA,NA,NA,NA,NA,NA,NA,27,2026-02-20,14:12:51,5,2,"Higgins, Ryan",1000329317,Right,CAR_EAG,"Boris, Sylas",1000138481,Right,LEN_BEA,Undefined,1,Top,1,1,0,Fastball,Changeup,StrikeSwinging,Undefined,Undefined,Undefined,0,0,NA,87.23792,-0.512888,-3.427505,2051.543996,252.907081,02:30:00,6.07324,2.50004,5.5614,-30.19384,7.73398,20.5108,3.07703,1.00318,78.35856,-6.125503,0.22686,0.443252,NA,NA,NA,NA,NA,NA,NA,NA,NA,NA,NA,-11.40694,4.50555,-2.21725,50,6.00941,6.64467,-126.24031,-2.19349,-18.06729,30.1346,-25.03775,CAR_EAG,LEN_BEA,CarsonNewman,D2,Team,20260220-CarsonNewman-1,289fd940-0e90-11f1-8304-27cb6f288688,85.03623,NA,NA,8.87937,NA,NA,NA,NA,NA,NA,46df0e37-f40e-476d-8c8d-a76c06d1b556,2026-02-20,19:12:51,2026-02-20T19:12:51Z,2026-02-20T19:12:51Z,NA,v3,CNE,NA,NA,"Rogers, Jacob",1000215913,Right,CAR_EAG,a20b6bed-1f06-4c05-b27b-3cdda5568501,54.93685,-127.41332,15.0673,6.07583,-1.21887,-12.51888,-2.48958,7.34796,-9.03365,NA,NA,NA,NA,NA,NA,NA,NA,NA,NA,NA,NA,NA,NA,NA,NA,NA,NA,NA,NA,NA,NA,NA,NA,NA,NA,NA,NA,NA,NA,NA,NA,NA,NA,NA,NA,NA,NA,NA,NA,NA,NA,NA,NA,NA,NA,NA,NA,NA,NA,High,High,High,NA,NA,NA,NA,NA,NA,NA,NA,NA,NA,NA,NA,NA,NA,NA,NA,NA,NA,NA,NA,NA,NA,NA,NA,NA,NA,NA,NA,NA,NA,NA,NA,NA,NA,NA,NA,NA,NA,NA,NA,NA,NA,NA,NA,NA,NA,NA,NA
NA,NA,NA,NA,NA,NA,NA,NA,NA,NA,NA,NA,NA,NA,NA,NA,28,2026-02-20,14:13:08,5,3,"Higgins, Ryan",1000329317,Right,CAR_EAG,"Boris, Sylas",1000138481,Right,LEN_BEA,Undefined,1,Top,1,1,1,Slider,Slider,BallCalled,Undefined,Undefined,Undefined,0,0,NA,76.89913,0.982112,-3.030052,2715.706121,111.332886,09:45:00,5.88959,2.83677,5.33092,-42.80081,7.66689,-13.99587,3.24576,-1.17534,67.84106,-6.958981,-5.507183,0.511303,NA,NA,NA,NA,NA,NA,NA,NA,NA,NA,NA,5.66225,4.12154,-2.55268,50,5.94903,6.45156,-110.89141,0.52131,6.75118,27.65914,-27.25989,CAR_EAG,LEN_BEA,CarsonNewman,D2,Team,20260220-CarsonNewman-1,330aa090-0e90-11f1-8304-27cb6f288688,73.71842,NA,NA,9.05807,NA,NA,NA,NA,NA,NA,46df0e37-f40e-476d-8c8d-a76c06d1b556,2026-02-20,19:13:08,2026-02-20T19:13:08Z,2026-02-20T19:13:08Z,NA,v3,CNE,NA,NA,"Rogers, Jacob",1000215913,Right,CAR_EAG,584b956d-059d-4d12-b180-6d9934f7b24e,55.16006,-112.17108,13.82957,5.89574,1.7825,-13.62994,-2.84394,6.13921,3.37559,NA,NA,NA,NA,NA,NA,NA,NA,NA,NA,NA,NA,NA,NA,NA,NA,NA,NA,NA,NA,NA,NA,NA,NA,NA,NA,NA,NA,NA,NA,NA,NA,NA,NA,NA,NA,NA,NA,NA,NA,NA,NA,NA,NA,NA,NA,NA,NA,NA,NA,High,High,High,NA,NA,NA,NA,NA,NA,NA,NA,NA,NA,NA,NA,NA,NA,NA,NA,NA,NA,NA,NA,NA,NA,NA,NA,NA,NA,NA,NA,NA,NA,NA,NA,NA,NA,NA,NA,NA,NA,NA,NA,NA,NA,NA,NA,NA,NA,NA,NA
NA,NA,NA,NA,NA,NA,NA,NA,NA,NA,NA,NA,NA,NA,NA,NA,29,2026-02-20,14:13:22,5,4,"Higgins, Ryan",1000329317,Right,CAR_EAG,"Boris, Sylas",1000138481,Right,LEN_BEA,Undefined,1,Top,1,2,1,Slider,Slider,StrikeCalled,Undefined,Undefined,Undefined,0,0,NA,77.98337,1.396769,-2.154019,2725.696725,81.351366,08:45:00,5.75024,2.91335,5.07477,-49.16522,-0.61728,-16.07099,2.97118,-0.45763,70.13146,-7.565408,-4.990645,0.501484,NA,NA,NA,NA,NA,NA,NA,NA,NA,NA,NA,7.16575,-0.21323,-2.69584,50,5.84461,4.91548,-112.78359,1.01613,9.00679,25.13246,-32.44203,CAR_EAG,LEN_BEA,CarsonNewman,D2,Team,20260220-CarsonNewman-1,3b8be760-0e90-11f1-8304-27cb6f288688,75.16184,NA,NA,7.8519,NA,NA,NA,NA,NA,NA,46df0e37-f40e-476d-8c8d-a76c06d1b556,2026-02-20,19:13:22,2026-02-20T19:13:22Z,2026-02-20T19:13:22Z,NA,v3,CNE,NA,NA,"Rogers, Jacob",1000215913,Right,CAR_EAG,70cc4edd-da64-4535-97e7-a8fa5fff3174,55.42323,-113.98569,12.56623,5.75889,2.56785,-16.22102,-2.92065,4.48468,4.5034,NA,NA,NA,NA,NA,NA,NA,NA,NA,NA,NA,NA,NA,NA,NA,NA,NA,NA,NA,NA,NA,NA,NA,NA,NA,NA,NA,NA,NA,NA,NA,NA,NA,NA,NA,NA,NA,NA,NA,NA,NA,NA,NA,NA,NA,NA,NA,NA,NA,NA,High,High,High,NA,NA,NA,NA,NA,NA,NA,NA,NA,NA,NA,NA,NA,NA,NA,NA,NA,NA,NA,NA,NA,NA,NA,NA,NA,NA,NA,NA,NA,NA,NA,NA,NA,NA,NA,NA,NA,NA,NA,NA,NA,NA,NA,NA,NA,NA,NA,NA
NA,NA,NA,NA,NA,NA,NA,NA,NA,NA,NA,NA,NA,NA,NA,NA,30,2026-02-20,14:13:40,5,5,"Higgins, Ryan",1000329317,Right,CAR_EAG,"Boris, Sylas",1000138481,Right,LEN_BEA,Undefined,1,Top,1,2,2,Slider,Curveball,BallCalled,Undefined,Undefined,Undefined,0,0,NA,77.12972,1.156254,0.438637,2602.894315,72.942325,08:30:00,5.73034,2.81801,5.06931,-53.07479,-3.16091,-16.87304,2.39782,1.82551,68.88643,-8.52919,-2.548694,0.50849,NA,NA,NA,NA,NA,NA,NA,NA,NA,NA,NA,8.63099,-1.56083,-2.84523,50,5.79806,-0.1777,-111.59324,0.41492,10.52544,26.23561,-34.07748,CAR_EAG,LEN_BEA,CarsonNewman,D2,Team,20260220-CarsonNewman-1,462008a0-0e90-11f1-8304-27cb6f288688,74.12625,NA,NA,8.24329,NA,NA,NA,NA,NA,NA,46df0e37-f40e-476d-8c8d-a76c06d1b556,2026-02-20,19:13:40,2026-02-20T19:13:40Z,2026-02-20T19:13:40Z,NA,v3,CNE,NA,NA,"Rogers, Jacob",1000215913,Right,CAR_EAG,8448078d-3e27-4743-b4c2-4c78a87edec2,55.43119,-112.86289,13.11781,5.73808,2.06407,-17.03874,-2.8243,-0.68707,5.26272,NA,NA,NA,NA,NA,NA,NA,NA,NA,NA,NA,NA,NA,NA,NA,NA,NA,NA,NA,NA,NA,NA,NA,NA,NA,NA,NA,NA,NA,NA,NA,NA,NA,NA,NA,NA,NA,NA,NA,NA,NA,NA,NA,NA,NA,NA,NA,NA,NA,NA,High,High,High,NA,NA,NA,NA,NA,NA,NA,NA,NA,NA,NA,NA,NA,NA,NA,NA,NA,NA,NA,NA,NA,NA,NA,NA,NA,NA,NA,NA,NA,NA,NA,NA,NA,NA,NA,NA,NA,NA,NA,NA,NA,NA,NA,NA,NA,NA,NA,NA
NA,NA,NA,NA,NA,NA,NA,NA,NA,NA,NA,NA,NA,NA,NA,NA,31,2026-02-20,14:13:56,5,6,"Higgins, Ryan",1000329317,Right,CAR_EAG,"Boris, Sylas",1000138481,Right,LEN_BEA,Undefined,1,Top,1,3,2,Slider,Slider,BallCalled,Walk,Undefined,Undefined,0,0,NA,77.11562,1.747559,-1.409426,2758.244995,120.814208,10:00:00,5.7812,2.89026,5.36659,-41.0299,8.11819,-10.4339,4.00171,0.6989,68.9576,-5.856765,-3.261616,0.504574,NA,NA,NA,NA,NA,NA,NA,NA,NA,NA,NA,4.68992,4.02614,-2.75621,50,5.90978,3.16685,-111.54288,2.08298,5.76165,24.71605,-27.22787,CAR_EAG,LEN_BEA,CarsonNewman,D2,Team,20260220-CarsonNewman-1,4fba87a0-0e90-11f1-8304-27cb6f288688,74.70151,NA,NA,8.15802,NA,NA,NA,NA,NA,NA,46df0e37-f40e-476d-8c8d-a76c06d1b556,2026-02-20,19:13:56,2026-02-20T19:13:56Z,2026-02-20T19:13:56Z,NA,v3,CNE,NA,NA,"Rogers, Jacob",1000215913,Right,CAR_EAG,80b42dc5-9f2d-418e-935d-1cc135bd15b1,55.12872,-112.67359,12.35803,5.78599,3.3286,-13.61394,-2.89506,2.90326,2.88082,NA,NA,NA,NA,NA,NA,NA,NA,NA,NA,NA,NA,NA,NA,NA,NA,NA,NA,NA,NA,NA,NA,NA,NA,NA,NA,NA,NA,NA,NA,NA,NA,NA,NA,NA,NA,NA,NA,NA,NA,NA,NA,NA,NA,NA,NA,NA,NA,NA,NA,High,High,High,NA,NA,NA,NA,NA,NA,NA,NA,NA,NA,NA,NA,NA,NA,NA,NA,NA,NA,NA,NA,NA,NA,NA,NA,NA,NA,NA,NA,NA,NA,NA,NA,NA,NA,NA,NA,NA,NA,NA,NA,NA,NA,NA,NA,NA,NA,NA,NA
NA,NA,NA,NA,NA,NA,NA,NA,NA,NA,NA,NA,NA,NA,NA,NA,32,2026-02-20,14:14:42,6,1,"Higgins, Ryan",1000329317,Right,CAR_EAG,"Stillinger, Andrew",10039721,Left,LEN_BEA,Undefined,1,Top,1,0,0,Fastball,Changeup,BallCalled,Undefined,Undefined,Undefined,0,0,NA,86.70731,-2.527029,-2.568548,2042.837301,245.223951,02:15:00,6.17218,2.59919,5.83423,-26.8932,11.00548,20.82092,1.57826,1.94513,78.35527,-7.548315,1.166128,0.443081,NA,NA,NA,NA,NA,NA,NA,NA,NA,NA,NA,-11.41827,6.85146,-2.40163,50,5.95007,4.75221,-125.56214,-6.41921,-17.93509,29.24494,-21.41219,CAR_EAG,LEN_BEA,CarsonNewman,D2,Team,20260220-CarsonNewman-1,6b4ddb20-0e90-11f1-8304-27cb6f288688,85.0689,NA,NA,8.35204,NA,NA,NA,NA,NA,NA,46df0e37-f40e-476d-8c8d-a76c06d1b556,2026-02-20,19:14:42,2026-02-20T19:14:42Z,2026-02-20T19:14:42Z,NA,v3,CNE,NA,NA,"Rogers, Jacob",1000215913,Right,CAR_EAG,03fc36e5-b150-4d6a-8d3f-702a9d95f963,54.6651,-126.64404,14.62247,6.17289,-5.62708,-10.70609,-2.5897,5.41571,-8.96755,NA,NA,NA,NA,NA,NA,NA,NA,NA,NA,NA,NA,NA,NA,NA,NA,NA,NA,NA,NA,NA,NA,NA,NA,NA,NA,NA,NA,NA,NA,NA,NA,NA,NA,NA,NA,NA,NA,NA,NA,NA,NA,NA,NA,NA,NA,NA,NA,NA,NA,High,High,High,NA,NA,NA,NA,NA,NA,NA,NA,NA,NA,NA,NA,NA,NA,NA,NA,NA,NA,NA,NA,NA,NA,NA,NA,NA,NA,NA,NA,NA,NA,NA,NA,NA,NA,NA,NA,NA,NA,NA,NA,NA,NA,NA,NA,NA,NA,NA,NA
NA,NA,NA,NA,NA,NA,NA,NA,NA,NA,NA,NA,NA,NA,NA,NA,33,2026-02-20,14:14:58,6,2,"Higgins, Ryan",1000329317,Right,CAR_EAG,"Stillinger, Andrew",10039721,Left,LEN_BEA,Undefined,1,Top,1,1,0,Fastball,Changeup,StrikeCalled,Undefined,Undefined,Undefined,0,0,NA,86.22852,-0.965198,-3.429709,2071.471868,246.80548,02:15:00,6.21101,2.37149,5.37148,-28.21872,10.84894,21.89915,2.95277,0.97687,77.53358,-6.211058,0.458245,0.449863,NA,NA,NA,NA,NA,NA,NA,NA,NA,NA,NA,-12.01367,6.18555,-2.07937,50,6.10481,6.48944,-124.73789,-3.08849,-18.60426,29.09854,-22.59516,CAR_EAG,LEN_BEA,CarsonNewman,D2,Team,20260220-CarsonNewman-1,74935c50-0e90-11f1-8304-27cb6f288688,83.78652,NA,NA,8.69494,NA,NA,NA,NA,NA,NA,46df0e37-f40e-476d-8c8d-a76c06d1b556,2026-02-20,19:14:58,2026-02-20T19:14:58Z,2026-02-20T19:14:58Z,NA,v3,CNE,NA,NA,"Rogers, Jacob",1000215913,Right,CAR_EAG,e18ec863-d68e-492c-8087-75555e696178,55.12679,-125.92818,14.54927,6.21224,-2.16424,-11.29758,-2.36039,7.25045,-9.30213,NA,NA,NA,NA,NA,NA,NA,NA,NA,NA,NA,NA,NA,NA,NA,NA,NA,NA,NA,NA,NA,NA,NA,NA,NA,NA,NA,NA,NA,NA,NA,NA,NA,NA,NA,NA,NA,NA,NA,NA,NA,NA,NA,NA,NA,NA,NA,NA,NA,NA,High,High,High,NA,NA,NA,NA,NA,NA,NA,NA,NA,NA,NA,NA,NA,NA,NA,NA,NA,NA,NA,NA,NA,NA,NA,NA,NA,NA,NA,NA,NA,NA,NA,NA,NA,NA,NA,NA,NA,NA,NA,NA,NA,NA,NA,NA,NA,NA,NA,NA
NA,NA,NA,NA,NA,NA,NA,NA,NA,NA,NA,NA,NA,NA,NA,NA,34,2026-02-20,14:15:17,6,3,"Higgins, Ryan",1000329317,Right,CAR_EAG,"Stillinger, Andrew",10039721,Left,LEN_BEA,Undefined,1,Top,1,1,1,Fastball,Changeup,BallCalled,Undefined,Undefined,Undefined,0,0,NA,86.94102,0.774236,-3.631306,2102.998488,255.341768,02:30:00,6.01037,2.60747,5.66503,-31.20321,6.79339,20.59379,4.13356,0.93297,78.05284,-5.035498,0.041687,0.443653,NA,NA,NA,NA,NA,NA,NA,NA,NA,NA,NA,-11.49859,3.62744,-2.3128,50,6.05668,7.06999,-125.81574,0.61728,-18.1216,29.52707,-26.45727,CAR_EAG,LEN_BEA,CarsonNewman,D2,Team,20260220-CarsonNewman-1,7fc40bb0-0e90-11f1-8304-27cb6f288688,84.9592,NA,NA,8.88818,NA,NA,NA,NA,NA,NA,46df0e37-f40e-476d-8c8d-a76c06d1b556,2026-02-20,19:15:17,2026-02-20T19:15:17Z,2026-02-20T19:15:17Z,NA,v3,CNE,NA,NA,"Rogers, Jacob",1000215913,Right,CAR_EAG,358929a6-b25c-4040-b73e-6ddb7d5c1d7e,54.83304,-126.94491,14.76354,6.01373,1.62907,-13.22864,-2.59641,7.76299,-9.0608,NA,NA,NA,NA,NA,NA,NA,NA,NA,NA,NA,NA,NA,NA,NA,NA,NA,NA,NA,NA,NA,NA,NA,NA,NA,NA,NA,NA,NA,NA,NA,NA,NA,NA,NA,NA,NA,NA,NA,NA,NA,NA,NA,NA,NA,NA,NA,NA,NA,NA,High,High,High,NA,NA,NA,NA,NA,NA,NA,NA,NA,NA,NA,NA,NA,NA,NA,NA,NA,NA,NA,NA,NA,NA,NA,NA,NA,NA,NA,NA,NA,NA,NA,NA,NA,NA,NA,NA,NA,NA,NA,NA,NA,NA,NA,NA,NA,NA,NA,NA
NA,NA,NA,NA,NA,NA,NA,NA,NA,NA,NA,NA,NA,NA,NA,NA,35,2026-02-20,14:15:34,6,4,"Higgins, Ryan",1000329317,Right,CAR_EAG,"Stillinger, Andrew",10039721,Left,LEN_BEA,Undefined,1,Top,1,2,1,Slider,Slider,BallCalled,Undefined,Undefined,Undefined,0,0,NA,77.73699,0.471967,-3.34946,2612.76086,97.055375,09:15:00,5.78593,2.78936,5.20595,-45.2127,3.61008,-14.00497,2.46286,-1.53145,69.83516,-7.800364,-5.822544,0.502901,NA,NA,NA,NA,NA,NA,NA,NA,NA,NA,NA,5.87433,2.06949,-2.46765,50,5.79584,7.1256,-112.36008,-0.58119,7.29694,25.73175,-29.6034,CAR_EAG,LEN_BEA,CarsonNewman,D2,Team,20260220-CarsonNewman-1,8a1e7f50-0e90-11f1-8304-27cb6f288688,74.95001,NA,NA,7.90183,NA,NA,NA,NA,NA,NA,46df0e37-f40e-476d-8c8d-a76c06d1b556,2026-02-20,19:15:34,2026-02-20T19:15:34Z,2026-02-20T19:15:34Z,NA,v3,CNE,NA,NA,"Rogers, Jacob",1000215913,Right,CAR_EAG,b49cce1d-94e3-455f-8422-43d4a249dba4,55.29418,-113.56604,12.86588,5.79056,0.80622,-14.8017,-2.79359,6.78362,3.64847,NA,NA,NA,NA,NA,NA,NA,NA,NA,NA,NA,NA,NA,NA,NA,NA,NA,NA,NA,NA,NA,NA,NA,NA,NA,NA,NA,NA,NA,NA,NA,NA,NA,NA,NA,NA,NA,NA,NA,NA,NA,NA,NA,NA,NA,NA,NA,NA,NA,NA,High,High,High,NA,NA,NA,NA,NA,NA,NA,NA,NA,NA,NA,NA,NA,NA,NA,NA,NA,NA,NA,NA,NA,NA,NA,NA,NA,NA,NA,NA,NA,NA,NA,NA,NA,NA,NA,NA,NA,NA,NA,NA,NA,NA,NA,NA,NA,NA,NA,NA
NA,NA,NA,NA,NA,NA,NA,NA,NA,NA,NA,NA,NA,NA,NA,NA,36,2026-02-20,14:15:51,6,5,"Higgins, Ryan",1000329317,Right,CAR_EAG,"Stillinger, Andrew",10039721,Left,LEN_BEA,Undefined,1,Top,1,3,1,Fastball,Changeup,FoulBallNotFieldable,Undefined,Undefined,Undefined,0,0,NA,86.36937,-0.111698,-3.997972,2026.360349,249.106896,02:15:00,5.87985,2.59719,5.70861,-29.17364,8.87524,19.87068,3.34439,0.52204,78.42119,-5.535101,-0.452563,0.443958,87.19996,33.653634,-35.335714,NA,86.03329,62.4138,-68.54368,327.16617,158.73802,-43.832777,4.64684,-11.2804,4.92024,-2.27432,50,5.85246,7.90824,-125.12439,-1.22835,-17.77227,26.71113,-24.42225,CAR_EAG,LEN_BEA,CarsonNewman,D2,Team,20260220-CarsonNewman-1,946766c0-0e90-11f1-8304-27cb6f288688,84.90083,76.26399,NA,7.94818,NA,NA,NA,0.12181,3.43266,-0.44574,46df0e37-f40e-476d-8c8d-a76c06d1b556,2026-02-20,19:15:51,2026-02-20T19:15:51Z,2026-02-20T19:15:51Z,FlyBall,v3,CNE,NA,NA,"Rogers, Jacob",1000215913,Right,CAR_EAG,d3c97681-eb62-4200-8f3e-855c2c5ff7b7,54.79263,-126.14336,13.35556,5.88155,-0.2967,-12.21113,-2.58893,8.5862,-8.88614,NA,0.12358,86.80638,-16.19571,3.42983,-0.58336,0.08594,-0.01566,0.00259,-1.8e-4,3.43269,70.87145,-19.82044,1.61471,-0.15335,-0.06333,0.03262,-0.0055,3.2e-4,-0.44555,-61.57839,4.99747,-0.89137,0.17802,-0.04047,0.00878,-0.00126,8e-5,NA,NA,NA,NA,NA,NA,NA,NA,NA,NA,NA,NA,NA,NA,NA,NA,NA,NA,NA,NA,NA,NA,High,High,High,High,Low,NA,NA,NA,NA,NA,NA,NA,NA,NA,NA,NA,NA,NA,NA,NA,NA,NA,NA,NA,NA,NA,NA,NA,NA,NA,NA,NA,NA,NA,NA,NA,NA,NA,NA,NA,NA,NA,NA,NA,NA,NA,NA,NA,NA,NA,NA
NA,NA,NA,NA,NA,NA,NA,NA,NA,NA,NA,NA,NA,NA,NA,NA,37,2026-02-20,14:16:37,6,6,"Higgins, Ryan",1000329317,Right,CAR_EAG,"Stillinger, Andrew",10039721,Left,LEN_BEA,Undefined,1,Top,1,3,2,Slider,Curveball,BallCalled,Walk,Undefined,Undefined,0,0,NA,77.67103,0.268825,-1.985292,2637.252893,73.363333,08:30:00,5.86498,2.86244,5.25065,-51.26003,-3.01992,-15.81765,1.84609,-0.32204,70.59213,-9.043277,-4.791088,0.499891,NA,NA,NA,NA,NA,NA,NA,NA,NA,NA,NA,7.24918,-1.09508,-2.668,50,5.85186,4.53377,-112.53188,-1.23926,9.12856,23.84425,-33.55305,CAR_EAG,LEN_BEA,CarsonNewman,D2,Team,20260220-CarsonNewman-1,af9ff010-0e90-11f1-8304-27cb6f288688,75.40129,NA,NA,7.0789,NA,NA,NA,NA,NA,NA,46df0e37-f40e-476d-8c8d-a76c06d1b556,2026-02-20,19:16:37,2026-02-20T19:16:37Z,2026-02-20T19:16:37Z,NA,v3,CNE,NA,NA,"Rogers, Jacob",1000215913,Right,CAR_EAG,65f7f7f3-4f9c-41ef-a98c-7cbbdaa4f154,55.25018,-113.63889,11.92213,5.87323,0.3185,-16.77653,-2.86865,4.10996,4.56428,NA,NA,NA,NA,NA,NA,NA,NA,NA,NA,NA,NA,NA,NA,NA,NA,NA,NA,NA,NA,NA,NA,NA,NA,NA,NA,NA,NA,NA,NA,NA,NA,NA,NA,NA,NA,NA,NA,NA,NA,NA,NA,NA,NA,NA,NA,NA,NA,NA,NA,High,High,High,NA,NA,NA,NA,NA,NA,NA,NA,NA,NA,NA,NA,NA,NA,NA,NA,NA,NA,NA,NA,NA,NA,NA,NA,NA,NA,NA,NA,NA,NA,NA,NA,NA,NA,NA,NA,NA,NA,NA,NA,NA,NA,NA,NA,NA,NA,NA,NA
NA,NA,NA,NA,NA,NA,NA,NA,NA,NA,NA,NA,NA,NA,NA,NA,38,2026-02-20,14:17:57,7,1,"Higgins, Ryan",1000329317,Right,CAR_EAG,"Morris, Nick",10108627,Right,LEN_BEA,Undefined,1,Top,1,0,0,Fastball,Sinker,StrikeSwinging,Undefined,Undefined,Undefined,0,0,NA,87.40191,-0.784638,-4.984178,2147.980604,245.484797,02:15:00,6.16468,2.6415,5.39389,-26.63966,10.9465,21.24497,3.2065,-0.27113,79.52687,-5.715361,-1.2233,0.441251,NA,NA,NA,NA,NA,NA,NA,NA,NA,NA,NA,-12.06288,6.09115,-2.21088,50,6.07585,10.08154,-126.41612,-2.67715,-19.47646,26.31569,-22.33943,CAR_EAG,LEN_BEA,CarsonNewman,D2,Team,20260220-CarsonNewman-1,df101a50-0e90-11f1-8304-27cb6f288688,85.42184,NA,NA,7.87504,NA,NA,NA,NA,NA,NA,46df0e37-f40e-476d-8c8d-a76c06d1b556,2026-02-20,19:17:57,2026-02-20T19:17:57Z,2026-02-20T19:17:57Z,NA,v3,CNE,NA,NA,"Rogers, Jacob",1000215913,Right,CAR_EAG,cbc48dc6-d3d6-4c3f-80c6-ab3a12a8a944,55.10742,-127.47488,13.15784,6.16548,-1.77836,-11.16972,-2.63225,10.86514,-9.73823,NA,NA,NA,NA,NA,NA,NA,NA,NA,NA,NA,NA,NA,NA,NA,NA,NA,NA,NA,NA,NA,NA,NA,NA,NA,NA,NA,NA,NA,NA,NA,NA,NA,NA,NA,NA,NA,NA,NA,NA,NA,NA,NA,NA,NA,NA,NA,NA,NA,NA,High,High,High,NA,NA,NA,NA,NA,NA,NA,NA,NA,NA,NA,NA,NA,NA,NA,NA,NA,NA,NA,NA,NA,NA,NA,NA,NA,NA,NA,NA,NA,NA,NA,NA,NA,NA,NA,NA,NA,NA,NA,NA,NA,NA,NA,NA,NA,NA,NA,NA
NA,NA,NA,NA,NA,NA,NA,NA,NA,NA,NA,NA,NA,NA,NA,NA,39,2026-02-20,14:18:14,7,2,"Higgins, Ryan",1000329317,Right,CAR_EAG,"Morris, Nick",10108627,Right,LEN_BEA,Undefined,1,Top,1,0,1,Fastball,Sinker,BallCalled,Undefined,Undefined,Undefined,0,0,NA,86.90177,-3.722872,-5.130874,2198.568696,244.168997,02:15:00,6.56645,2.37607,5.47783,-26.25462,11.90524,21.84667,0.87596,-0.61744,79.20327,-8.568352,-1.254283,0.444605,NA,NA,NA,NA,NA,NA,NA,NA,NA,NA,NA,-12.49524,7.4843,-1.93967,50,6.22013,10.31001,-125.39994,-9.09439,-19.79824,26.52884,-20.31547,CAR_EAG,LEN_BEA,CarsonNewman,D2,Team,20260220-CarsonNewman-1,e94dde30-0e90-11f1-8304-27cb6f288688,84.77729,NA,NA,7.69849,NA,NA,NA,NA,NA,NA,46df0e37-f40e-476d-8c8d-a76c06d1b556,2026-02-20,19:18:14,2026-02-20T19:18:14Z,2026-02-20T19:18:14Z,NA,v3,CNE,NA,NA,"Rogers, Jacob",1000215913,Right,CAR_EAG,ed87ebef-1fd7-4946-8f88-ef5be89de773,55.02343,-126.4582,13.26442,6.56676,-8.28398,-10.15774,-2.36669,11.09978,-9.89912,NA,NA,NA,NA,NA,NA,NA,NA,NA,NA,NA,NA,NA,NA,NA,NA,NA,NA,NA,NA,NA,NA,NA,NA,NA,NA,NA,NA,NA,NA,NA,NA,NA,NA,NA,NA,NA,NA,NA,NA,NA,NA,NA,NA,NA,NA,NA,NA,NA,NA,High,High,High,NA,NA,NA,NA,NA,NA,NA,NA,NA,NA,NA,NA,NA,NA,NA,NA,NA,NA,NA,NA,NA,NA,NA,NA,NA,NA,NA,NA,NA,NA,NA,NA,NA,NA,NA,NA,NA,NA,NA,NA,NA,NA,NA,NA,NA,NA,NA,NA
NA,NA,NA,NA,NA,NA,NA,NA,NA,NA,NA,NA,NA,NA,NA,NA,40,2026-02-20,14:18:34,7,3,"Higgins, Ryan",1000329317,Right,CAR_EAG,"Morris, Nick",10108627,Right,LEN_BEA,Undefined,1,Top,1,1,1,Slider,Curveball,BallCalled,Undefined,Undefined,Undefined,0,0,NA,76.59565,-0.430133,-4.781654,2556.783193,67.9696,08:15:00,6.15945,2.68841,5.39582,-51.20755,-1.80209,-8.60874,1.48762,-2.52068,70.05323,-9.705475,-6.304743,0.505893,NA,NA,NA,NA,NA,NA,NA,NA,NA,NA,NA,2.81386,-0.27,-2.25448,50,6.08513,9.59217,-110.71641,-2.52987,3.4462,22.22483,-32.50475,CAR_EAG,LEN_BEA,CarsonNewman,D2,Team,20260220-CarsonNewman-1,f5511fd0-0e90-11f1-8304-27cb6f288688,74.50671,NA,NA,6.54243,NA,NA,NA,NA,NA,NA,46df0e37-f40e-476d-8c8d-a76c06d1b556,2026-02-20,19:18:34,2026-02-20T19:18:34Z,2026-02-20T19:18:34Z,NA,v3,CNE,NA,NA,"Rogers, Jacob",1000215913,Right,CAR_EAG,b0e8cbb6-11ac-42ef-b315-092b24cecd7f,55.10487,-111.73644,11.11241,6.167,-1.03802,-16.25238,-2.6911,9.43401,1.7231,NA,NA,NA,NA,NA,NA,NA,NA,NA,NA,NA,NA,NA,NA,NA,NA,NA,NA,NA,NA,NA,NA,NA,NA,NA,NA,NA,NA,NA,NA,NA,NA,NA,NA,NA,NA,NA,NA,NA,NA,NA,NA,NA,NA,NA,NA,NA,NA,NA,NA,High,High,High,NA,NA,NA,NA,NA,NA,NA,NA,NA,NA,NA,NA,NA,NA,NA,NA,NA,NA,NA,NA,NA,NA,NA,NA,NA,NA,NA,NA,NA,NA,NA,NA,NA,NA,NA,NA,NA,NA,NA,NA,NA,NA,NA,NA,NA,NA,NA,NA
NA,NA,NA,NA,NA,NA,NA,NA,NA,NA,NA,NA,NA,NA,NA,NA,41,2026-02-20,14:18:54,7,4,"Higgins, Ryan",1000329317,Right,CAR_EAG,"Morris, Nick",10108627,Right,LEN_BEA,Undefined,1,Top,1,2,1,Slider,Curveball,StrikeSwinging,Undefined,Undefined,Undefined,0,0,NA,77.69696,0.503778,-3.461586,2585.170299,76.29817,08:30:00,5.8522,2.94678,5.29774,-49.31786,-1.38291,-12.23449,2.21624,-1.32677,70.98135,-8.451521,-5.626808,0.498307,NA,NA,NA,NA,NA,NA,NA,NA,NA,NA,NA,5.02862,-0.3287,-2.62247,50,5.86249,7.29429,-112.49367,-0.69845,6.37428,22.46282,-32.59073,CAR_EAG,LEN_BEA,CarsonNewman,D2,Team,20260220-CarsonNewman-1,017c0db0-0e91-11f1-8304-27cb6f288688,75.64092,NA,NA,6.7156,NA,NA,NA,NA,NA,NA,46df0e37-f40e-476d-8c8d-a76c06d1b556,2026-02-20,19:18:54,2026-02-20T19:18:54Z,2026-02-20T19:18:54Z,NA,v3,CNE,NA,NA,"Rogers, Jacob",1000215913,Right,CAR_EAG,856e246f-2ee5-4f03-83ba-ba3cce90e678,55.20256,-113.52777,11.23141,5.86011,0.8019,-16.29537,-2.95151,7.00084,3.18714,NA,NA,NA,NA,NA,NA,NA,NA,NA,NA,NA,NA,NA,NA,NA,NA,NA,NA,NA,NA,NA,NA,NA,NA,NA,NA,NA,NA,NA,NA,NA,NA,NA,NA,NA,NA,NA,NA,NA,NA,NA,NA,NA,NA,NA,NA,NA,NA,NA,NA,High,High,High,NA,NA,NA,NA,NA,NA,NA,NA,NA,NA,NA,NA,NA,NA,NA,NA,NA,NA,NA,NA,NA,NA,NA,NA,NA,NA,NA,NA,NA,NA,NA,NA,NA,NA,NA,NA,NA,NA,NA,NA,NA,NA,NA,NA,NA,NA,NA,NA
NA,NA,NA,NA,NA,NA,NA,NA,NA,NA,NA,NA,NA,NA,NA,NA,42,2026-02-20,14:19:14,7,5,"Higgins, Ryan",1000329317,Right,CAR_EAG,"Morris, Nick",10108627,Right,LEN_BEA,Undefined,1,Top,1,2,2,Slider,Curveball,BallCalled,Undefined,Undefined,Undefined,0,0,NA,76.61959,-0.494593,-1.292404,2700.315493,90.569172,09:00:00,5.78277,2.87902,5.18176,-47.90077,2.03764,-17.24918,1.32553,0.22534,69.30275,-9.219841,-4.350924,0.508615,NA,NA,NA,NA,NA,NA,NA,NA,NA,NA,NA,8.1441,1.73406,-2.74519,50,5.70082,3.19276,-110.94104,-2.57463,9.9167,24.10082,-30.06257,CAR_EAG,LEN_BEA,CarsonNewman,D2,Team,20260220-CarsonNewman-1,0cf29fb0-0e91-11f1-8304-27cb6f288688,74.10806,NA,NA,7.31684,NA,NA,NA,NA,NA,NA,46df0e37-f40e-476d-8c8d-a76c06d1b556,2026-02-20,19:19:14,2026-02-20T19:19:14Z,2026-02-20T19:19:14Z,NA,v3,CNE,NA,NA,"Rogers, Jacob",1000215913,Right,CAR_EAG,584c01bf-8627-431c-bed5-2951edd0d6ff,55.31728,-112.09022,12.05041,5.78941,-1.14119,-15.03128,-2.88615,2.71992,4.95835,NA,NA,NA,NA,NA,NA,NA,NA,NA,NA,NA,NA,NA,NA,NA,NA,NA,NA,NA,NA,NA,NA,NA,NA,NA,NA,NA,NA,NA,NA,NA,NA,NA,NA,NA,NA,NA,NA,NA,NA,NA,NA,NA,NA,NA,NA,NA,NA,NA,NA,High,High,High,NA,NA,NA,NA,NA,NA,NA,NA,NA,NA,NA,NA,NA,NA,NA,NA,NA,NA,NA,NA,NA,NA,NA,NA,NA,NA,NA,NA,NA,NA,NA,NA,NA,NA,NA,NA,NA,NA,NA,NA,NA,NA,NA,NA,NA,NA,NA,NA
NA,NA,NA,NA,NA,NA,NA,NA,NA,NA,NA,NA,NA,NA,NA,NA,43,2026-02-20,14:19:38,7,6,"Higgins, Ryan",1000329317,Right,CAR_EAG,"Morris, Nick",10108627,Right,LEN_BEA,Undefined,1,Top,1,3,2,Fastball,Changeup,InPlay,Undefined,FlyBall,Out,1,0,NA,86.27073,-1.088387,-4.106785,2184.931835,235.200147,01:45:00,6.04239,2.56613,5.49385,-22.99926,15.59367,20.47572,3.10489,0.42409,78.0516,-5.403347,-0.469353,0.447121,80.99911,40.181689,-10.169579,NA,108.20307,78.56193,-19.79959,285.22618,285.22618,-10.302476,4.972861,-11.61701,8.58922,-2.22061,50,5.9317,8.08762,-124.85599,-3.12398,-18.16643,27.3353,-18.74245,CAR_EAG,LEN_BEA,CarsonNewman,D2,Team,20260220-CarsonNewman-1,1bb687f0-0e91-11f1-8304-27cb6f288688,84.30024,88.93209,NA,8.21913,NA,NA,NA,2.05796,3.34543,-0.38703,46df0e37-f40e-476d-8c8d-a76c06d1b556,2026-02-20,19:19:38,2026-02-20T19:19:38Z,2026-02-20T19:19:38Z,FlyBall,v3,CNE,NA,NA,"Rogers, Jacob",1000215913,Right,CAR_EAG,598082b7-8507-4b4d-ad95-422bff41ae53,55.00716,-125.94746,13.66765,6.0415,-2.37561,-9.37122,-2.55802,8.81299,-9.08322,178.51583,2.06149,89.25639,-17.97814,4.49128,-0.57473,-0.045,0.03147,-0.00463,2.3e-4,3.34247,76.70656,-19.24277,1.09752,-0.08153,-0.02467,0.01558,-0.003,1.9e-4,-0.38776,-16.00918,2.88764,-0.63418,0.05163,0.01912,-0.00707,9.2e-4,-4e-5,NA,NA,NA,NA,NA,NA,NA,NA,NA,NA,NA,NA,NA,NA,NA,NA,NA,NA,NA,NA,NA,NA,High,High,High,High,High,NA,NA,NA,NA,NA,NA,NA,NA,NA,NA,NA,NA,NA,NA,NA,NA,NA,NA,NA,NA,NA,NA,NA,NA,NA,NA,NA,NA,NA,NA,NA,NA,NA,NA,NA,NA,NA,NA,NA,NA,NA,NA,NA,NA,NA,NA
NA,NA,NA,NA,NA,NA,NA,NA,NA,NA,NA,NA,NA,NA,NA,NA,44,2026-02-20,14:20:17,8,1,"Higgins, Ryan",1000329317,Right,CAR_EAG,"Beard, Drew",1000361012,Right,LEN_BEA,Undefined,1,Top,2,0,0,Fastball,Sinker,FoulBallNotFieldable,Undefined,Undefined,Undefined,0,0,NA,86.9318,-0.291436,-3.799349,2108.182912,244.967791,02:15:00,6.20573,2.54878,5.3531,-26.58352,11.5741,21.93411,3.71649,0.80789,78.67097,-5.229837,0.089501,0.444592,NA,NA,NA,NA,NA,NA,NA,NA,NA,NA,NA,-12.16808,6.27327,-2.22282,50,6.16081,7.38945,-125.8612,-1.5707,-19.34551,27.65877,-22.20044,CAR_EAG,LEN_BEA,CarsonNewman,D2,Team,20260220-CarsonNewman-1,32b3ffa0-0e91-11f1-8304-27cb6f288688,84.77978,NA,NA,8.26082,NA,NA,NA,NA,NA,NA,46df0e37-f40e-476d-8c8d-a76c06d1b556,2026-02-20,19:20:17,2026-02-20T19:20:17Z,2026-02-20T19:20:17Z,NA,v3,CNE,NA,NA,"Rogers, Jacob",1000215913,Right,CAR_EAG,51b8bb86-b4e2-4fd7-b8b0-768e9e227b91,55.14797,-126.98746,13.82938,6.20636,-0.66671,-11.10022,-2.53976,8.17719,-9.67276,NA,NA,NA,NA,NA,NA,NA,NA,NA,NA,NA,NA,NA,NA,NA,NA,NA,NA,NA,NA,NA,NA,NA,NA,NA,NA,NA,NA,NA,NA,NA,NA,NA,NA,NA,NA,NA,NA,NA,NA,NA,NA,NA,NA,NA,NA,NA,NA,NA,NA,High,High,High,NA,NA,NA,NA,NA,NA,NA,NA,NA,NA,NA,NA,NA,NA,NA,NA,NA,NA,NA,NA,NA,NA,NA,NA,NA,NA,NA,NA,NA,NA,NA,NA,NA,NA,NA,NA,NA,NA,NA,NA,NA,NA,NA,NA,NA,NA,NA,NA
NA,NA,NA,NA,NA,NA,NA,NA,NA,NA,NA,NA,NA,NA,NA,NA,45,2026-02-20,14:20:42,8,2,"Higgins, Ryan",1000329317,Right,CAR_EAG,"Beard, Drew",1000361012,Right,LEN_BEA,Undefined,1,Top,2,0,1,Slider,Slider,InPlay,Undefined,GroundBall,Single,0,1,NA,78.15974,0.556953,-2.144441,2323.395875,67.918472,08:15:00,6.03477,2.97568,5.31274,-48.72416,-1.82953,-8.15941,2.49758,0.28196,71.77358,-8.294158,-3.592952,0.492871,99.21162,4.885429,-28.569652,1710.201215,NA,NA,NA,95.6074,94.82808,-29.742377,0.700364,3.50504,-0.70839,-2.77484,50,6.04963,4.56326,-113.40389,-0.55724,4.5467,21.49183,-33.09295,CAR_EAG,LEN_BEA,CarsonNewman,D2,Team,20260220-CarsonNewman-1,42258d00-0e91-11f1-8304-27cb6f288688,76.47532,4.16385,NA,6.38616,NA,NA,NA,1.75516,2.5739,-0.2419,46df0e37-f40e-476d-8c8d-a76c06d1b556,2026-02-20,19:20:42,2026-02-20T19:20:42Z,2026-02-20T19:20:42Z,GroundBall,v3,CNE,NA,NA,"Rogers, Jacob",1000215913,Right,CAR_EAG,0e67800a-f8a0-4e89-baee-a9191c4cbc7f,55.19012,-114.38327,10.74592,6.04066,0.9508,-16.54647,-2.97807,4.35607,2.27335,44.583103,1.78267,126.79806,-15.49537,NA,NA,NA,NA,NA,NA,2.61367,11.62549,-22.00343,NA,NA,NA,NA,NA,NA,-0.23609,-69.4479,2.93315,NA,NA,NA,NA,NA,NA,NA,NA,NA,NA,NA,NA,NA,NA,NA,NA,NA,NA,NA,NA,NA,NA,NA,NA,NA,NA,NA,NA,High,High,High,High,High,NA,NA,NA,NA,NA,NA,NA,NA,NA,NA,NA,NA,NA,NA,NA,NA,NA,NA,NA,NA,NA,NA,NA,NA,NA,NA,NA,NA,NA,NA,NA,NA,NA,NA,NA,NA,NA,NA,NA,NA,NA,NA,NA,NA,NA,NA
NA,NA,NA,NA,NA,NA,NA,NA,NA,NA,NA,NA,NA,NA,NA,NA,46,2026-02-20,14:21:31,9,1,"Higgins, Ryan",1000329317,Right,CAR_EAG,"Murchison, Trent",10032231,Left,LEN_BEA,Undefined,1,Top,2,0,0,Fastball,Changeup,BallCalled,Undefined,Undefined,Undefined,0,0,NA,86.8682,0.332319,-4.239572,2064.888737,247.869554,02:15:00,5.88948,2.57546,5.60495,-28.19643,9.80587,20.77178,3.85086,0.34145,78.32631,-4.923281,-0.543198,0.443687,NA,NA,NA,NA,NA,NA,NA,NA,NA,NA,NA,-11.72855,5.26099,-2.22532,50,5.90006,8.39905,-125.68604,-0.23245,-18.54571,28.20383,-23.85516,CAR_EAG,LEN_BEA,CarsonNewman,D2,Team,20260220-CarsonNewman-1,5ebbf8a0-0e91-11f1-8304-27cb6f288688,84.95283,NA,NA,8.54189,NA,NA,NA,NA,NA,NA,46df0e37-f40e-476d-8c8d-a76c06d1b556,2026-02-20,19:21:31,2026-02-20T19:21:31Z,2026-02-20T19:21:31Z,NA,v3,CNE,NA,NA,"Rogers, Jacob",1000215913,Right,CAR_EAG,5ec341ad-2205-441b-bf1b-4c0c8308cb50,54.89405,-126.7795,14.10192,5.89115,0.69241,-11.92758,-2.56489,9.11806,-9.27285,NA,NA,NA,NA,NA,NA,NA,NA,NA,NA,NA,NA,NA,NA,NA,NA,NA,NA,NA,NA,NA,NA,NA,NA,NA,NA,NA,NA,NA,NA,NA,NA,NA,NA,NA,NA,NA,NA,NA,NA,NA,NA,NA,NA,NA,NA,NA,NA,NA,NA,High,High,High,NA,NA,NA,NA,NA,NA,NA,NA,NA,NA,NA,NA,NA,NA,NA,NA,NA,NA,NA,NA,NA,NA,NA,NA,NA,NA,NA,NA,NA,NA,NA,NA,NA,NA,NA,NA,NA,NA,NA,NA,NA,NA,NA,NA,NA,NA,NA,NA
NA,NA,NA,NA,NA,NA,NA,NA,NA,NA,NA,NA,NA,NA,NA,NA,47,2026-02-20,14:21:47,9,2,"Higgins, Ryan",1000329317,Right,CAR_EAG,"Murchison, Trent",10032231,Left,LEN_BEA,Undefined,1,Top,2,1,0,Fastball,Sinker,BallCalled,Undefined,Undefined,Undefined,0,0,NA,86.76226,0.070504,-3.512969,2067.855519,240.870027,02:00:00,5.97296,2.63339,5.31353,-26.15096,12.12028,19.40497,3.86001,0.94901,78.63956,-4.786486,-0.074617,0.445254,NA,NA,NA,NA,NA,NA,NA,NA,NA,NA,NA,-10.66296,6.43036,-2.32872,50,5.9608,6.83171,-125.63755,-0.76092,-16.94011,26.89466,-21.95823,CAR_EAG,LEN_BEA,CarsonNewman,D2,Team,20260220-CarsonNewman-1,68785780-0e91-11f1-8304-27cb6f288688,84.65383,NA,NA,8.1227,NA,NA,NA,NA,NA,NA,46df0e37-f40e-476d-8c8d-a76c06d1b556,2026-02-20,19:21:47,2026-02-20T19:21:47Z,2026-02-20T19:21:47Z,NA,v3,CNE,NA,NA,"Rogers, Jacob",1000215913,Right,CAR_EAG,5486e022-ee5b-4727-8caf-e192557dc266,55.18558,-126.74274,13.44733,5.97353,0.14142,-10.97911,-2.62376,7.52784,-8.47006,NA,NA,NA,NA,NA,NA,NA,NA,NA,NA,NA,NA,NA,NA,NA,NA,NA,NA,NA,NA,NA,NA,NA,NA,NA,NA,NA,NA,NA,NA,NA,NA,NA,NA,NA,NA,NA,NA,NA,NA,NA,NA,NA,NA,NA,NA,NA,NA,NA,NA,High,High,High,NA,NA,NA,NA,NA,NA,NA,NA,NA,NA,NA,NA,NA,NA,NA,NA,NA,NA,NA,NA,NA,NA,NA,NA,NA,NA,NA,NA,NA,NA,NA,NA,NA,NA,NA,NA,NA,NA,NA,NA,NA,NA,NA,NA,NA,NA,NA,NA
NA,NA,NA,NA,NA,NA,NA,NA,NA,NA,NA,NA,NA,NA,NA,NA,48,2026-02-20,14:22:05,9,3,"Higgins, Ryan",1000329317,Right,CAR_EAG,"Murchison, Trent",10032231,Left,LEN_BEA,Undefined,1,Top,2,2,0,Fastball,Sinker,StrikeSwinging,Undefined,Undefined,Undefined,0,0,NA,87.48028,-0.337979,-4.124808,2126.103776,251.938128,02:30:00,6.3128,2.54745,5.37007,-28.76423,8.71193,22.89615,3.59805,0.58123,79.61504,-5.646094,-0.065266,0.440605,NA,NA,NA,NA,NA,NA,NA,NA,NA,NA,NA,-12.59469,4.84654,-2.19344,50,6.26223,8.10433,-126.68301,-1.79019,-20.41087,26.54781,-24.31976,CAR_EAG,LEN_BEA,CarsonNewman,D2,Team,20260220-CarsonNewman-1,72f4f920-0e91-11f1-8304-27cb6f288688,85.54708,NA,NA,7.86524,NA,NA,NA,NA,NA,NA,46df0e37-f40e-476d-8c8d-a76c06d1b556,2026-02-20,19:22:05,2026-02-20T19:22:05Z,2026-02-20T19:22:05Z,NA,v3,CNE,NA,NA,"Rogers, Jacob",1000215913,Right,CAR_EAG,c4c3baac-cbe4-44d1-b9a3-a3dd58a3516e,55.13111,-127.75376,13.2739,6.31466,-0.8093,-12.15988,-2.53692,8.92756,-10.20543,NA,NA,NA,NA,NA,NA,NA,NA,NA,NA,NA,NA,NA,NA,NA,NA,NA,NA,NA,NA,NA,NA,NA,NA,NA,NA,NA,NA,NA,NA,NA,NA,NA,NA,NA,NA,NA,NA,NA,NA,NA,NA,NA,NA,NA,NA,NA,NA,NA,NA,High,High,High,NA,NA,NA,NA,NA,NA,NA,NA,NA,NA,NA,NA,NA,NA,NA,NA,NA,NA,NA,NA,NA,NA,NA,NA,NA,NA,NA,NA,NA,NA,NA,NA,NA,NA,NA,NA,NA,NA,NA,NA,NA,NA,NA,NA,NA,NA,NA,NA
NA,NA,NA,NA,NA,NA,NA,NA,NA,NA,NA,NA,NA,NA,NA,NA,49,2026-02-20,14:22:25,9,4,"Higgins, Ryan",1000329317,Right,CAR_EAG,"Murchison, Trent",10032231,Left,LEN_BEA,Undefined,1,Top,2,2,1,Fastball,Sinker,BallCalled,Undefined,Undefined,Undefined,0,0,NA,87.64286,0.588974,-4.155287,2129.723574,253.922235,02:30:00,5.78122,2.59399,5.53904,-29.8986,7.70355,21.87883,3.84165,0.52655,78.64526,-4.971852,-0.26575,0.441344,NA,NA,NA,NA,NA,NA,NA,NA,NA,NA,NA,-12.27953,4.11481,-2.24746,50,5.813,8.21916,-126.74168,0.24746,-19.64407,29.89312,-25.59143,CAR_EAG,LEN_BEA,CarsonNewman,D2,Team,20260220-CarsonNewman-1,7ee13050-0e91-11f1-8304-27cb6f288688,85.40367,NA,NA,8.9976,NA,NA,NA,NA,NA,NA,46df0e37-f40e-476d-8c8d-a76c06d1b556,2026-02-20,19:22:25,2026-02-20T19:22:25Z,2026-02-20T19:22:25Z,NA,v3,CNE,NA,NA,"Rogers, Jacob",1000215913,Right,CAR_EAG,c7289007-41c0-4bb9-bab2-d96f6de75a93,54.95951,-127.90607,14.94656,5.78394,1.2443,-12.79572,-2.58252,8.98434,-9.82203,NA,NA,NA,NA,NA,NA,NA,NA,NA,NA,NA,NA,NA,NA,NA,NA,NA,NA,NA,NA,NA,NA,NA,NA,NA,NA,NA,NA,NA,NA,NA,NA,NA,NA,NA,NA,NA,NA,NA,NA,NA,NA,NA,NA,NA,NA,NA,NA,NA,NA,High,High,High,NA,NA,NA,NA,NA,NA,NA,NA,NA,NA,NA,NA,NA,NA,NA,NA,NA,NA,NA,NA,NA,NA,NA,NA,NA,NA,NA,NA,NA,NA,NA,NA,NA,NA,NA,NA,NA,NA,NA,NA,NA,NA,NA,NA,NA,NA,NA,NA
NA,NA,NA,NA,NA,NA,NA,NA,NA,NA,NA,NA,NA,NA,NA,NA,50,2026-02-20,14:22:42,9,5,"Higgins, Ryan",1000329317,Right,CAR_EAG,"Murchison, Trent",10032231,Left,LEN_BEA,Undefined,1,Top,2,3,1,Fastball,Changeup,BallCalled,Walk,Undefined,Undefined,0,0,NA,85.51419,-0.275139,-3.149202,2080.689458,248.2636,02:15:00,6.43165,2.45145,5.19497,-30.43695,8.95926,19.22379,3.63603,1.08805,77.94835,-5.869605,0.252916,0.45175,NA,NA,NA,NA,NA,NA,NA,NA,NA,NA,NA,-10.42973,4.94036,-2.17409,50,6.38336,5.95744,-123.91923,-1.70306,-16.17992,25.30139,-24.50991,CAR_EAG,LEN_BEA,CarsonNewman,D2,Team,20260220-CarsonNewman-1,89222880-0e91-11f1-8304-27cb6f288688,83.43643,NA,NA,7.56584,NA,NA,NA,NA,NA,NA,46df0e37-f40e-476d-8c8d-a76c06d1b556,2026-02-20,19:22:42,2026-02-20T19:22:42Z,2026-02-20T19:22:42Z,NA,v3,CNE,NA,NA,"Rogers, Jacob",1000215913,Right,CAR_EAG,48dd393e-e130-4fea-8f7e-63b163cd2f87,55.30546,-124.99778,12.65069,6.43369,-0.65824,-12.25495,-2.44275,6.64717,-8.08996,NA,NA,NA,NA,NA,NA,NA,NA,NA,NA,NA,NA,NA,NA,NA,NA,NA,NA,NA,NA,NA,NA,NA,NA,NA,NA,NA,NA,NA,NA,NA,NA,NA,NA,NA,NA,NA,NA,NA,NA,NA,NA,NA,NA,NA,NA,NA,NA,NA,NA,High,High,High,NA,NA,NA,NA,NA,NA,NA,NA,NA,NA,NA,NA,NA,NA,NA,NA,NA,NA,NA,NA,NA,NA,NA,NA,NA,NA,NA,NA,NA,NA,NA,NA,NA,NA,NA,NA,NA,NA,NA,NA,NA,NA,NA,NA,NA,NA,NA,NA
NA,NA,NA,NA,NA,NA,NA,NA,NA,NA,NA,NA,NA,NA,NA,NA,51,2026-02-20,14:24:27,10,1,"Slifka, Denver",10107869,Right,CAR_EAG,"Lackey, Lleyton",813440,Left,LEN_BEA,Undefined,1,Top,2,0,0,Fastball,Changeup,InPlay,Undefined,GroundBall,Single,0,2,NA,82.64427,-1.268212,-2.240254,1873.23707,213.880612,01:15:00,5.84392,1.5955,6.549,-23.68946,16.46962,10.14796,2.70571,0.38569,75.20082,-5.788611,-0.397103,0.456103,94.54628,4.735361,20.918596,3022.453757,NA,NA,NA,89.53029,87.35897,22.546009,0.697449,-6.01366,9.43351,-1.44465,50,5.74593,4.33428,-120.0203,-3.26057,-8.70479,24.88649,-18.51907,CAR_EAG,LEN_BEA,CarsonNewman,D2,Team,20260220-CarsonNewman-1,c782a230-0e91-11f1-8304-27cb6f288688,82.64013,4.08142,NA,7.44344,NA,NA,NA,1.40441,2.66844,-0.37799,46df0e37-f40e-476d-8c8d-a76c06d1b556,2026-02-20,19:24:27,2026-02-20T19:24:27Z,2026-02-20T19:24:27Z,GroundBall,v3,CNE,NA,NA,"Rogers, Jacob",1000215913,Right,CAR_EAG,ae9fa666-be46-4a89-b627-de288b67785b,53.95122,-120.83681,12.44325,5.84294,-2.65297,-9.25953,-1.59154,4.61989,-4.3524,304.332633,1.43951,128.40522,-17.14632,NA,NA,NA,NA,NA,NA,2.70837,10.67227,-20.94591,NA,NA,NA,NA,NA,NA,-0.39299,49.63508,0.24016,NA,NA,NA,NA,NA,NA,NA,NA,NA,NA,NA,NA,NA,NA,NA,NA,NA,NA,NA,NA,NA,NA,NA,NA,NA,NA,NA,NA,High,High,High,High,High,NA,NA,NA,NA,NA,NA,NA,NA,NA,NA,NA,NA,NA,NA,NA,NA,NA,NA,NA,NA,NA,NA,NA,NA,NA,NA,NA,NA,NA,NA,NA,NA,NA,NA,NA,NA,NA,NA,NA,NA,NA,NA,NA,NA,NA,NA
NA,NA,NA,NA,NA,NA,NA,NA,NA,NA,NA,NA,NA,NA,NA,NA,52,2026-02-20,14:25:16,11,1,"Slifka, Denver",10107869,Right,CAR_EAG,"Wainwright, Mackenzie",694679,Right,LEN_BEA,Undefined,1,Top,2,0,0,Cutter,Slider,BallCalled,Undefined,Undefined,Undefined,0,0,NA,78.81874,1.948352,-1.144628,2110.845299,173.092573,11:45:00,6.01883,1.53188,5.89331,-34.33506,11.31166,-1.1737,4.96767,0.37115,70.99063,-4.493945,-1.355093,0.486269,NA,NA,NA,NA,NA,NA,NA,NA,NA,NA,NA,0.22669,5.65437,-1.43902,50,6.15654,2.3279,-114.21562,2.86893,0.29512,23.87405,-24.8128,CAR_EAG,LEN_BEA,CarsonNewman,D2,Team,20260220-CarsonNewman-1,e50bd240-0e91-11f1-8304-27cb6f288688,77.51363,NA,NA,7.82811,NA,NA,NA,NA,NA,NA,46df0e37-f40e-476d-8c8d-a76c06d1b556,2026-02-20,19:25:16,2026-02-20T19:25:16Z,2026-02-20T19:25:16Z,NA,v3,CNE,NA,NA,"Rogers, Jacob",1000215913,Right,CAR_EAG,ea868692-0bbe-425b-bcaf-02dfa23a568b,54.6023,-115.1736,11.93702,6.02144,3.86459,-12.4064,-1.53219,2.31605,0.14756,NA,NA,NA,NA,NA,NA,NA,NA,NA,NA,NA,NA,NA,NA,NA,NA,NA,NA,NA,NA,NA,NA,NA,NA,NA,NA,NA,NA,NA,NA,NA,NA,NA,NA,NA,NA,NA,NA,NA,NA,NA,NA,NA,NA,NA,NA,NA,NA,NA,NA,High,High,High,NA,NA,NA,NA,NA,NA,NA,NA,NA,NA,NA,NA,NA,NA,NA,NA,NA,NA,NA,NA,NA,NA,NA,NA,NA,NA,NA,NA,NA,NA,NA,NA,NA,NA,NA,NA,NA,NA,NA,NA,NA,NA,NA,NA,NA,NA,NA,NA
NA,NA,NA,NA,NA,NA,NA,NA,NA,NA,NA,NA,NA,NA,NA,NA,53,2026-02-20,14:25:45,11,2,"Slifka, Denver",10107869,Right,CAR_EAG,"Wainwright, Mackenzie",694679,Right,LEN_BEA,Undefined,1,Top,2,1,0,Fastball,Slider,BallCalled,Undefined,Undefined,Undefined,0,0,NA,81.32194,-2.465968,-2.48834,2034.866166,223.008413,01:30:00,5.65261,1.63618,6.17294,-35.74707,5.61658,4.17752,0.39253,-0.3154,75.87612,-9.035539,-1.7339,0.462893,NA,NA,NA,NA,NA,NA,NA,NA,NA,NA,NA,-2.7763,3.85977,-1.44988,50,5.44729,4.98543,-118.16107,-6.1794,-3.97561,19.80235,-26.64692,CAR_EAG,LEN_BEA,CarsonNewman,D2,Team,20260220-CarsonNewman-1,f6683fb0-0e91-11f1-8304-27cb6f288688,81.42794,NA,NA,5.44582,NA,NA,NA,NA,NA,NA,46df0e37-f40e-476d-8c8d-a76c06d1b556,2026-02-20,19:25:45,2026-02-20T19:25:45Z,2026-02-20T19:25:45Z,NA,v3,CNE,NA,NA,"Rogers, Jacob",1000215913,Right,CAR_EAG,e59257d9-976c-4ddd-8804-4d02bcf91d4c,54.32999,-118.88451,9.90117,5.65526,-5.20591,-13.32346,-1.63466,5.13068,-1.98781,NA,NA,NA,NA,NA,NA,NA,NA,NA,NA,NA,NA,NA,NA,NA,NA,NA,NA,NA,NA,NA,NA,NA,NA,NA,NA,NA,NA,NA,NA,NA,NA,NA,NA,NA,NA,NA,NA,NA,NA,NA,NA,NA,NA,NA,NA,NA,NA,NA,NA,High,High,High,NA,NA,NA,NA,NA,NA,NA,NA,NA,NA,NA,NA,NA,NA,NA,NA,NA,NA,NA,NA,NA,NA,NA,NA,NA,NA,NA,NA,NA,NA,NA,NA,NA,NA,NA,NA,NA,NA,NA,NA,NA,NA,NA,NA,NA,NA,NA,NA
NA,NA,NA,NA,NA,NA,NA,NA,NA,NA,NA,NA,NA,NA,NA,NA,54,2026-02-20,14:26:06,11,3,"Slifka, Denver",10107869,Right,CAR_EAG,"Wainwright, Mackenzie",694679,Right,LEN_BEA,Undefined,1,Top,2,2,0,Fastball,Changeup,FoulBallNotFieldable,Undefined,Undefined,Undefined,0,0,NA,82.34986,-0.768995,-2.799984,1847.761186,243.831048,02:15:00,5.76577,1.71719,6.2503,-30.68529,10.1256,17.87784,2.49856,0.62262,75.19201,-6.519543,0.429169,0.45979,NA,NA,NA,NA,NA,NA,NA,NA,NA,NA,NA,-10.0802,5.88213,-1.51735,50,5.69349,5.17972,-119.55915,-2.50344,-14.52848,23.96777,-23.69622,CAR_EAG,LEN_BEA,CarsonNewman,D2,Team,20260220-CarsonNewman-1,027e9420-0e92-11f1-8304-27cb6f288688,81.97754,NA,NA,7.15785,NA,NA,NA,NA,NA,NA,46df0e37-f40e-476d-8c8d-a76c06d1b556,2026-02-20,19:26:06,2026-02-20T19:26:06Z,2026-02-20T19:26:06Z,NA,v3,CNE,NA,NA,"Rogers, Jacob",1000215913,Right,CAR_EAG,1b4657cb-94f5-4089-acaf-60b17ed380e5,54.25084,-120.40829,11.98388,5.76732,-1.66392,-11.84811,-1.70997,5.69445,-7.26424,NA,NA,NA,NA,NA,NA,NA,NA,NA,NA,NA,NA,NA,NA,NA,NA,NA,NA,NA,NA,NA,NA,NA,NA,NA,NA,NA,NA,NA,NA,NA,NA,NA,NA,NA,NA,NA,NA,NA,NA,NA,NA,NA,NA,NA,NA,NA,NA,NA,NA,High,High,High,NA,NA,NA,NA,NA,NA,NA,NA,NA,NA,NA,NA,NA,NA,NA,NA,NA,NA,NA,NA,NA,NA,NA,NA,NA,NA,NA,NA,NA,NA,NA,NA,NA,NA,NA,NA,NA,NA,NA,NA,NA,NA,NA,NA,NA,NA,NA,NA
NA,NA,NA,NA,NA,NA,NA,NA,NA,NA,NA,NA,NA,NA,NA,NA,55,2026-02-20,14:26:28,11,4,"Slifka, Denver",10107869,Right,CAR_EAG,"Wainwright, Mackenzie",694679,Right,LEN_BEA,Undefined,1,Top,2,2,1,Fastball,Slider,InPlay,Undefined,GroundBall,Single,0,1,NA,79.94321,-0.367803,-2.178023,2269.848557,194.61608,12:30:00,5.85471,1.64324,5.90722,-41.30046,2.50547,0.28913,2.07134,-0.35539,73.35017,-7.976023,-2.126092,0.476363,105.2069,-0.271247,13.825152,1973.03887,NA,NA,NA,55.71851,53.51066,15.250463,0.377505,-0.77575,1.79032,-1.46841,50,5.80148,4.40371,-116.07311,-2.04955,-1.05475,22.41484,-29.73987,CAR_EAG,LEN_BEA,CarsonNewman,D2,Team,20260220-CarsonNewman-1,0ffa9310-0e92-11f1-8304-27cb6f288688,79.12548,2.00725,NA,6.59304,NA,NA,NA,0.75145,2.00725,0.36874,46df0e37-f40e-476d-8c8d-a76c06d1b556,2026-02-20,19:26:28,2026-02-20T19:26:28Z,2026-02-20T19:26:28Z,GroundBall,v3,CNE,NA,NA,"Rogers, Jacob",1000215913,Right,CAR_EAG,048ae15e-1771-4969-8824-f1904a7909cb,54.59421,-116.95693,11.20742,5.85917,-0.8769,-14.86994,-1.64286,4.4453,-0.52738,249.914487,0.76383,149.39285,-23.96838,NA,NA,NA,NA,NA,NA,2.0085,-0.7743,-12.05295,NA,NA,NA,NA,NA,NA,0.36534,36.99329,2.30753,NA,NA,NA,NA,NA,NA,NA,NA,NA,NA,NA,NA,NA,NA,NA,NA,NA,NA,NA,NA,NA,NA,NA,NA,NA,NA,NA,NA,High,High,High,High,High,NA,NA,NA,NA,NA,NA,NA,NA,NA,NA,NA,NA,NA,NA,NA,NA,NA,NA,NA,NA,NA,NA,NA,NA,NA,NA,NA,NA,NA,NA,NA,NA,NA,NA,NA,NA,NA,NA,NA,NA,NA,NA,NA,NA,NA,NA
NA,NA,NA,NA,NA,NA,NA,NA,NA,NA,NA,NA,NA,NA,NA,NA,56,2026-02-20,14:27:14,12,1,"Slifka, Denver",10107869,Right,CAR_EAG,"Procopio, Matthew",10069634,Right,LEN_BEA,Undefined,1,Top,2,0,0,Fastball,Changeup,BallCalled,Undefined,Undefined,Undefined,0,0,NA,83.32554,-2.600628,-3.308408,1930.286159,243.725072,02:00:00,5.87459,1.64576,6.6215,-29.38222,10.82579,18.70962,1.03884,0.17174,74.76914,-8.17455,0.095561,0.456381,NA,NA,NA,NA,NA,NA,NA,NA,NA,NA,NA,-10.9426,7.0802,-1.42755,50,5.68595,6.27902,-120.63682,-6.28267,-15.71175,29.08297,-22.00808,CAR_EAG,LEN_BEA,CarsonNewman,D2,Team,20260220-CarsonNewman-1,2b763fe0-0e92-11f1-8304-27cb6f288688,82.58985,NA,NA,8.5564,NA,NA,NA,NA,NA,NA,46df0e37-f40e-476d-8c8d-a76c06d1b556,2026-02-20,19:27:14,2026-02-20T19:27:14Z,2026-02-20T19:27:14Z,NA,v3,CNE,NA,NA,"Rogers, Jacob",1000215913,Right,CAR_EAG,f7c36788-9e0a-4078-8533-64fe310d1b15,53.87629,-121.56772,14.54149,5.87577,-5.57822,-11.00404,-1.63657,6.78193,-7.85587,NA,NA,NA,NA,NA,NA,NA,NA,NA,NA,NA,NA,NA,NA,NA,NA,NA,NA,NA,NA,NA,NA,NA,NA,NA,NA,NA,NA,NA,NA,NA,NA,NA,NA,NA,NA,NA,NA,NA,NA,NA,NA,NA,NA,NA,NA,NA,NA,NA,NA,High,High,High,NA,NA,NA,NA,NA,NA,NA,NA,NA,NA,NA,NA,NA,NA,NA,NA,NA,NA,NA,NA,NA,NA,NA,NA,NA,NA,NA,NA,NA,NA,NA,NA,NA,NA,NA,NA,NA,NA,NA,NA,NA,NA,NA,NA,NA,NA,NA,NA
NA,NA,NA,NA,NA,NA,NA,NA,NA,NA,NA,NA,NA,NA,NA,NA,57,2026-02-20,14:27:30,12,2,"Slifka, Denver",10107869,Right,CAR_EAG,"Procopio, Matthew",10069634,Right,LEN_BEA,Undefined,1,Top,2,1,0,Cutter,Slider,BallCalled,Undefined,Undefined,Undefined,0,0,NA,81.2434,2.022328,-2.245223,2239.288672,172.220915,11:45:00,5.7775,1.78281,5.99042,-36.87687,5.95835,-0.60681,4.58094,-0.3497,73.22756,-4.864512,-2.354135,0.471055,NA,NA,NA,NA,NA,NA,NA,NA,NA,NA,NA,-0.41154,2.89221,-1.60534,50,5.91729,4.6389,-117.70719,3.0089,-0.56894,25.38414,-28.17559,CAR_EAG,LEN_BEA,CarsonNewman,D2,Team,20260220-CarsonNewman-1,350f5f50-0e92-11f1-8304-27cb6f288688,80.01701,NA,NA,8.01584,NA,NA,NA,NA,NA,NA,46df0e37-f40e-476d-8c8d-a76c06d1b556,2026-02-20,19:27:30,2026-02-20T19:27:30Z,2026-02-20T19:27:30Z,NA,v3,CNE,NA,NA,"Rogers, Jacob",1000215913,Right,CAR_EAG,ff2eba04-e136-42e5-9e46-463e2dc014c4,54.50653,-118.67507,12.69207,5.78209,4.08321,-14.0878,-1.78263,4.6606,-0.28447,NA,NA,NA,NA,NA,NA,NA,NA,NA,NA,NA,NA,NA,NA,NA,NA,NA,NA,NA,NA,NA,NA,NA,NA,NA,NA,NA,NA,NA,NA,NA,NA,NA,NA,NA,NA,NA,NA,NA,NA,NA,NA,NA,NA,NA,NA,NA,NA,NA,NA,High,High,High,NA,NA,NA,NA,NA,NA,NA,NA,NA,NA,NA,NA,NA,NA,NA,NA,NA,NA,NA,NA,NA,NA,NA,NA,NA,NA,NA,NA,NA,NA,NA,NA,NA,NA,NA,NA,NA,NA,NA,NA,NA,NA,NA,NA,NA,NA,NA,NA
NA,NA,NA,NA,NA,NA,NA,NA,NA,NA,NA,NA,NA,NA,NA,NA,58,2026-02-20,14:27:50,12,3,"Slifka, Denver",10107869,Right,CAR_EAG,"Procopio, Matthew",10069634,Right,LEN_BEA,Undefined,1,Top,2,2,0,Fastball,Changeup,FoulBallNotFieldable,Undefined,Undefined,Undefined,0,0,NA,82.43748,-0.805316,-2.33575,1897.413135,236.957253,02:00:00,5.75963,1.69941,6.38653,-30.93856,10.01823,13.11871,2.43995,0.64282,74.4794,-6.642667,0.040806,0.460611,81.87501,-15.734763,-64.200762,NA,NA,NA,NA,9.80076,8.23889,-57.707061,0.067721,-7.63004,5.91079,-1.53711,50,5.68747,4.3992000000000004,-119.61711,-2.55771,-10.86839,26.70377,-23.75462,CAR_EAG,LEN_BEA,CarsonNewman,D2,Team,20260220-CarsonNewman-1,40c76720-0e92-11f1-8304-27cb6f288688,81.83138,2.21019,NA,7.95808,NA,NA,NA,1.82187,2.21019,-1.22206,46df0e37-f40e-476d-8c8d-a76c06d1b556,2026-02-20,19:27:50,2026-02-20T19:27:50Z,2026-02-20T19:27:50Z,GroundBall,v3,CNE,NA,NA,"Rogers, Jacob",1000215913,Right,CAR_EAG,e37ddfef-3f09-4069-a4e0-3844ac183a84,54.11336,-120.5319,13.35189,5.76116,-1.74396,-11.87731,-1.69419,4.77152,-5.43419,180,1.82065,50.41555,NA,NA,NA,NA,NA,NA,NA,2.21097,-32.63686,NA,NA,NA,NA,NA,NA,NA,-1.21955,-104.29312,NA,NA,NA,NA,NA,NA,NA,NA,NA,NA,NA,NA,NA,NA,NA,NA,NA,NA,NA,NA,NA,NA,NA,NA,NA,NA,NA,NA,NA,High,High,High,Low,Low,NA,NA,NA,NA,NA,NA,NA,NA,NA,NA,NA,NA,NA,NA,NA,NA,NA,NA,NA,NA,NA,NA,NA,NA,NA,NA,NA,NA,NA,NA,NA,NA,NA,NA,NA,NA,NA,NA,NA,NA,NA,NA,NA,NA,NA,NA
NA,NA,NA,NA,NA,NA,NA,NA,NA,NA,NA,NA,NA,NA,NA,NA,59,2026-02-20,14:28:15,12,4,"Slifka, Denver",10107869,Right,CAR_EAG,"Procopio, Matthew",10069634,Right,LEN_BEA,Undefined,1,Top,2,2,1,Cutter,Slider,InPlay,Undefined,FlyBall,Out,1,0,NA,79.05828,0.533781,-1.571908,2041.613295,133.967156,10:30:00,5.85874,1.80567,5.89368,-41.0103,4.46244,-2.90402,2.93703,0.10381,71.34394,-7.085716,-2.093218,0.485341,NA,NA,NA,NA,NA,NA,NA,NA,NA,NA,NA,0.96311,2.57791,-1.67734,50,5.87843,3.25539,-114.62804,-0.20044,1.257,24.96043,-28.80955,CAR_EAG,LEN_BEA,CarsonNewman,D2,Team,20260220-CarsonNewman-1,4fce4bd0-0e92-11f1-8304-27cb6f288688,77.66177,NA,NA,7.71434,NA,NA,NA,NA,NA,NA,46df0e37-f40e-476d-8c8d-a76c06d1b556,2026-02-20,19:28:15,2026-02-20T19:28:15Z,2026-02-20T19:28:15Z,NA,v3,CNE,NA,NA,"Rogers, Jacob",1000215913,Right,CAR_EAG,41c41a99-2de8-439d-9d4f-9a52f7104634,54.60512,-115.62646,12.48021,5.8634,0.95195,-14.40478,-1.80655,3.20511,0.6285,NA,NA,NA,NA,NA,NA,NA,NA,NA,NA,NA,NA,NA,NA,NA,NA,NA,NA,NA,NA,NA,NA,NA,NA,NA,NA,NA,NA,NA,NA,NA,NA,NA,NA,NA,NA,NA,NA,NA,NA,NA,NA,NA,NA,NA,NA,NA,NA,NA,NA,High,High,High,NA,NA,NA,NA,NA,NA,NA,NA,NA,NA,NA,NA,NA,NA,NA,NA,NA,NA,NA,NA,NA,NA,NA,NA,NA,NA,NA,NA,NA,NA,NA,NA,NA,NA,NA,NA,NA,NA,NA,NA,NA,NA,NA,NA,NA,NA,NA,NA
NA,NA,NA,NA,NA,NA,NA,NA,NA,NA,NA,NA,NA,NA,NA,NA,60,2026-02-20,14:31:19,1,1,"Joyce, Mike",10908770,Right,LEN_BEA,"Greene, Maddox",10122259,Right,CAR_EAG,Undefined,1,Bottom,0,0,0,Fastball,Four-Seam,StrikeCalled,Undefined,Undefined,Undefined,0,0,NA,90.37748,-2.028599,-2.71604,2079.868786,206.371272,01:00:00,5.72907,2.15272,6.70328,-19.7347,13.56733,6.1891,2.22678,0.18318,82.51925,-5.793726,-1.589414,0.415343,NA,NA,NA,NA,NA,NA,NA,NA,NA,NA,NA,-4.02815,8.07024,-1.97422,50,5.5860900000000004,5.98414,-131.21333,-5.18344,-7.00073,28.57393,-18.14841,CAR_EAG,LEN_BEA,CarsonNewman,D2,Team,20260220-CarsonNewman-1,bd8c5220-0e92-11f1-8304-27cb6f288688,90.75021,NA,NA,7.85823,NA,NA,NA,NA,NA,NA,46df0e37-f40e-476d-8c8d-a76c06d1b556,2026-02-20,19:31:19,2026-02-20T19:31:19Z,2026-02-20T19:31:19Z,NA,v3,CNE,NA,NA,"Christmas, Seth",1000191967,Right,LEN_BEA,3651a699-3c16-4f81-895c-5e8851f47efd,53.79612,-132.03741,14.28697,5.72803,-4.66004,-9.07421,-2.14972,6.18605,-3.50037,NA,NA,NA,NA,NA,NA,NA,NA,NA,NA,NA,NA,NA,NA,NA,NA,NA,NA,NA,NA,NA,NA,NA,NA,NA,NA,NA,NA,NA,NA,NA,NA,NA,NA,NA,NA,NA,NA,NA,NA,NA,NA,NA,NA,NA,NA,NA,NA,NA,NA,High,High,High,NA,NA,NA,NA,NA,NA,NA,NA,NA,NA,NA,NA,NA,NA,NA,NA,NA,NA,NA,NA,NA,NA,NA,NA,NA,NA,NA,NA,NA,NA,NA,NA,NA,NA,NA,NA,NA,NA,NA,NA,NA,NA,NA,NA,NA,NA,NA,NA
NA,NA,NA,NA,NA,NA,NA,NA,NA,NA,NA,NA,NA,NA,NA,NA,61,2026-02-20,14:31:33,1,2,"Joyce, Mike",10908770,Right,LEN_BEA,"Greene, Maddox",10122259,Right,CAR_EAG,Undefined,1,Bottom,0,0,1,Fastball,Cutter,BallCalled,Undefined,Undefined,Undefined,0,0,NA,89.36869,-1.53711,-0.758987,2104.59234,166.209713,11:30:00,5.84081,2.06615,6.66173,-25.0347,9.08902,-1.95532,2.34754,1.20863,81.51861,-6.269272,-1.115358,0.420436,NA,NA,NA,NA,NA,NA,NA,NA,NA,NA,NA,0.80201,5.59441,-2.0145,50,5.72754,1.79587,-129.88229,-4.21264,1.36126,28.82504,-22.67865,CAR_EAG,LEN_BEA,CarsonNewman,D2,Team,20260220-CarsonNewman-1,c5e661e0-0e92-11f1-8304-27cb6f288688,89.6509,NA,NA,7.85008,NA,NA,NA,NA,NA,NA,46df0e37-f40e-476d-8c8d-a76c06d1b556,2026-02-20,19:31:33,2026-02-20T19:31:33Z,2026-02-20T19:31:33Z,NA,v3,CNE,NA,NA,"Christmas, Seth",1000191967,Right,LEN_BEA,d9b2440a-fe82-4c3a-855e-5d6483baa9c5,53.83773,-130.73123,14.41252,5.84178,-3.54472,-11.33932,-2.0668,1.75578,0.68063,NA,NA,NA,NA,NA,NA,NA,NA,NA,NA,NA,NA,NA,NA,NA,NA,NA,NA,NA,NA,NA,NA,NA,NA,NA,NA,NA,NA,NA,NA,NA,NA,NA,NA,NA,NA,NA,NA,NA,NA,NA,NA,NA,NA,NA,NA,NA,NA,NA,NA,High,High,High,NA,NA,NA,NA,NA,NA,NA,NA,NA,NA,NA,NA,NA,NA,NA,NA,NA,NA,NA,NA,NA,NA,NA,NA,NA,NA,NA,NA,NA,NA,NA,NA,NA,NA,NA,NA,NA,NA,NA,NA,NA,NA,NA,NA,NA,NA,NA,NA
NA,NA,NA,NA,NA,NA,NA,NA,NA,NA,NA,NA,NA,NA,NA,NA,62,2026-02-20,14:31:50,1,3,"Joyce, Mike",10908770,Right,LEN_BEA,"Greene, Maddox",10122259,Right,CAR_EAG,Undefined,1,Bottom,0,1,1,Fastball,Four-Seam,StrikeCalled,Undefined,Undefined,Undefined,0,0,NA,89.86702,-1.360371,-1.681066,2037.445475,194.226135,12:30:00,5.7787,1.99745,7.01443,-20.17777,13.07056,3.03945,2.85998,0.72234,81.96462,-5.235832,-1.12394,0.415008,NA,NA,NA,NA,NA,NA,NA,NA,NA,NA,NA,-2.10146,7.70402,-1.89563,50,5.68866,3.72168,-130.65094,-3.60775,-3.6155,28.71861,-18.91956,CAR_EAG,LEN_BEA,CarsonNewman,D2,Team,20260220-CarsonNewman-1,cfc4eec0-0e92-11f1-8304-27cb6f288688,90.82346,NA,NA,7.90239,NA,NA,NA,NA,NA,NA,46df0e37-f40e-476d-8c8d-a76c06d1b556,2026-02-20,19:31:50,2026-02-20T19:31:50Z,2026-02-20T19:31:50Z,NA,v3,CNE,NA,NA,"Christmas, Seth",1000191967,Right,LEN_BEA,fcf69dc3-ad36-4108-a730-9f68fbcd2a00,53.48452,-131.41464,14.3593,5.77791,-3.10463,-9.45978,-1.99588,3.81783,-1.80775,NA,NA,NA,NA,NA,NA,NA,NA,NA,NA,NA,NA,NA,NA,NA,NA,NA,NA,NA,NA,NA,NA,NA,NA,NA,NA,NA,NA,NA,NA,NA,NA,NA,NA,NA,NA,NA,NA,NA,NA,NA,NA,NA,NA,NA,NA,NA,NA,NA,NA,High,High,High,NA,NA,NA,NA,NA,NA,NA,NA,NA,NA,NA,NA,NA,NA,NA,NA,NA,NA,NA,NA,NA,NA,NA,NA,NA,NA,NA,NA,NA,NA,NA,NA,NA,NA,NA,NA,NA,NA,NA,NA,NA,NA,NA,NA,NA,NA,NA,NA
NA,NA,NA,NA,NA,NA,NA,NA,NA,NA,NA,NA,NA,NA,NA,NA,63,2026-02-20,14:32:08,1,4,"Joyce, Mike",10908770,Right,LEN_BEA,"Greene, Maddox",10122259,Right,CAR_EAG,Undefined,1,Bottom,0,1,2,Fastball,Sinker,FoulBallNotFieldable,Undefined,Undefined,Undefined,0,0,NA,92.66516,-1.651298,-3.346099,1947.009793,224.537718,01:30:00,5.65663,2.16351,6.62612,-19.32005,12.45532,11.24052,2.53153,0.03269,84.53658,-5.332592,-1.304413,0.405711,71.56975,18.974776,40.20063,4327.567022,78.48937,22.60229,77.06746,197.7421,149.89464,48.201055,2.490901,-6.89244,7.345,-1.94076,50,5.53641,7.42304,-134.51321,-4.43309,-12.58839,30.03698,-18.75908,CAR_EAG,LEN_BEA,CarsonNewman,D2,Team,20260220-CarsonNewman-1,da93a800-0e92-11f1-8304-27cb6f288688,92.90468,22.67723,NA,8.12859,NA,NA,NA,1.16038,2.58396,-0.03639,46df0e37-f40e-476d-8c8d-a76c06d1b556,2026-02-20,19:32:08,2026-02-20T19:32:08Z,2026-02-20T19:32:08Z,LineDrive,v3,CNE,NA,NA,"Christmas, Seth",1000191967,Right,LEN_BEA,d12e2c1f-439f-4c69-8674-301038c6434a,53.87521,-135.37579,15.01849,5.65598,-3.89438,-9.37954,-2.15912,7.78454,-6.29419,231.139325,1.16035,75.82027,-15.34628,3.64377,-0.69924,0.10013,-0.00822,-4.3e-4,1.4e-4,2.58401,34.12641,-14.72097,0.13507,0.05727,0.00815,-0.01442,0.0049,-5.3e-4,-0.03639,64.07219,-3.38496,0.78892,-0.10411,0.00733,-4.8e-4,1.8e-4,-2e-5,NA,NA,NA,NA,NA,NA,NA,NA,NA,NA,NA,NA,NA,NA,NA,NA,NA,NA,NA,NA,NA,NA,High,High,High,High,Medium,NA,NA,NA,NA,NA,NA,NA,NA,NA,NA,NA,NA,NA,NA,NA,NA,NA,NA,NA,NA,NA,NA,NA,NA,NA,NA,NA,NA,NA,NA,NA,NA,NA,NA,NA,NA,NA,NA,NA,NA,NA,NA,NA,NA,NA,NA
NA,NA,NA,NA,NA,NA,NA,NA,NA,NA,NA,NA,NA,NA,NA,NA,64,2026-02-20,14:32:28,1,5,"Joyce, Mike",10908770,Right,LEN_BEA,"Greene, Maddox",10122259,Right,CAR_EAG,Undefined,1,Bottom,0,1,2,Slider,Slider,FoulBallNotFieldable,Undefined,Undefined,Undefined,0,0,NA,84.8569,-1.301876,-3.785794,2163.826594,155.957907,11:15:00,5.75828,2.19259,6.1888,-27.76667,12.41264,-4.74213,2.23948,-1.70324,74.71822,-6.586137,-4.638249,0.456218,NA,NA,NA,NA,NA,NA,NA,NA,NA,NA,NA,0.89331,7.44449,-1.90438,50,5.64631,8.29541,-122.53135,-3.58881,1.29644,34.42874,-21.36998,CAR_EAG,LEN_BEA,CarsonNewman,D2,Team,20260220-CarsonNewman-1,e6a31ea0-0e92-11f1-8304-27cb6f288688,82.61929,NA,NA,10.13868,NA,NA,NA,NA,NA,NA,46df0e37-f40e-476d-8c8d-a76c06d1b556,2026-02-20,19:32:28,2026-02-20T19:32:28Z,2026-02-20T19:32:28Z,NA,v3,CNE,NA,NA,"Christmas, Seth",1000191967,Right,LEN_BEA,e51a8093-f07d-4e7e-a1c7-a38ae21129a7,54.30646,-123.73546,17.21437,5.75875,-2.84141,-10.68499,-2.19371,8.25007,0.64822,NA,NA,NA,NA,NA,NA,NA,NA,NA,NA,NA,NA,NA,NA,NA,NA,NA,NA,NA,NA,NA,NA,NA,NA,NA,NA,NA,NA,NA,NA,NA,NA,NA,NA,NA,NA,NA,NA,NA,NA,NA,NA,NA,NA,NA,NA,NA,NA,NA,NA,High,High,High,NA,NA,NA,NA,NA,NA,NA,NA,NA,NA,NA,NA,NA,NA,NA,NA,NA,NA,NA,NA,NA,NA,NA,NA,NA,NA,NA,NA,NA,NA,NA,NA,NA,NA,NA,NA,NA,NA,NA,NA,NA,NA,NA,NA,NA,NA,NA,NA
NA,NA,NA,NA,NA,NA,NA,NA,NA,NA,NA,NA,NA,NA,NA,NA,65,2026-02-20,14:32:52,1,6,"Joyce, Mike",10908770,Right,LEN_BEA,"Greene, Maddox",10122259,Right,CAR_EAG,Undefined,1,Bottom,0,1,2,Fastball,Four-Seam,FoulBallNotFieldable,Undefined,Undefined,Undefined,0,0,NA,92.3631,-0.789114,-3.279721,2051.00683,186.222748,12:15:00,5.99753,2.00336,6.90418,-22.00324,9.38048,0.92221,3.44393,-0.9104,84.98636,-4.96001,-3.111449,0.403203,NA,NA,NA,NA,NA,NA,NA,NA,NA,NA,NA,-1.36248,5.49103,-1.79708,50,5.93984,7.66019,-134.26715,-2.46984,-2.49857,27.82519,-22.10435,CAR_EAG,LEN_BEA,CarsonNewman,D2,Team,20260220-CarsonNewman-1,f4f09e60-0e92-11f1-8304-27cb6f288688,93.48259,NA,NA,7.37675,NA,NA,NA,NA,NA,NA,46df0e37-f40e-476d-8c8d-a76c06d1b556,2026-02-20,19:32:52,2026-02-20T19:32:52Z,2026-02-20T19:32:52Z,NA,v3,CNE,NA,NA,"Christmas, Seth",1000191967,Right,LEN_BEA,8338c413-b23f-4dac-a4c0-bc3c1cefdf10,53.59793,-135.01072,13.9126,5.99795,-1.87915,-11.05218,-2.00268,7.72696,-1.24928,NA,NA,NA,NA,NA,NA,NA,NA,NA,NA,NA,NA,NA,NA,NA,NA,NA,NA,NA,NA,NA,NA,NA,NA,NA,NA,NA,NA,NA,NA,NA,NA,NA,NA,NA,NA,NA,NA,NA,NA,NA,NA,NA,NA,NA,NA,NA,NA,NA,NA,High,High,High,NA,NA,NA,NA,NA,NA,NA,NA,NA,NA,NA,NA,NA,NA,NA,NA,NA,NA,NA,NA,NA,NA,NA,NA,NA,NA,NA,NA,NA,NA,NA,NA,NA,NA,NA,NA,NA,NA,NA,NA,NA,NA,NA,NA,NA,NA,NA,NA
NA,NA,NA,NA,NA,NA,NA,NA,NA,NA,NA,NA,NA,NA,NA,NA,66,2026-02-20,14:33:11,1,7,"Joyce, Mike",10908770,Right,LEN_BEA,"Greene, Maddox",10122259,Right,CAR_EAG,Undefined,1,Bottom,0,1,2,Slider,Slider,FoulBallNotFieldable,Undefined,Undefined,Undefined,0,0,NA,86.11759,0.167554,-2.760068,2135.488787,113.311575,09:45:00,5.66991,2.18945,6.24933,-34.1784,4.14933,-6.07158,2.97642,-0.86405,76.73004,-6.252133,-3.85509,0.445582,71.15806,20.924719,167.71325,2803.753851,NA,NA,NA,NA,32.41048,NA,NA,2.12768,2.49784,-1.98117,50,5.66591,6.25118,-124.71204,-0.70774,3.24125,32.72084,-28.36889,CAR_EAG,LEN_BEA,CarsonNewman,D2,Team,20260220-CarsonNewman-1,fff49870-0e92-11f1-8304-27cb6f288688,84.59143,13.16103,NA,9.38754,NA,NA,NA,2.42019,3.01412,0.80027,46df0e37-f40e-476d-8c8d-a76c06d1b556,2026-02-20,19:33:11,2026-02-20T19:33:11Z,2026-02-20T19:33:11Z,NA,v3,CNE,NA,NA,"Christmas, Seth",1000191967,Right,LEN_BEA,7d934072-c9fa-4bb2-8fb8-7339bd9b4ee5,54.2487,-125.82184,16.36042,5.67359,0.25445,-14.18444,-2.1913299999999998,6.14124,1.62062,354.738448,2.4193,-95.21737,8.48418,NA,NA,NA,NA,NA,NA,3.02172,36.9963,-25.58971,NA,NA,NA,NA,NA,NA,0.80091,20.72173,-2.47818,NA,NA,NA,NA,NA,NA,NA,NA,NA,NA,NA,NA,NA,NA,NA,NA,NA,NA,NA,NA,NA,NA,NA,NA,NA,NA,NA,NA,High,High,High,High,Undefined,NA,NA,NA,NA,NA,NA,NA,NA,NA,NA,NA,NA,NA,NA,NA,NA,NA,NA,NA,NA,NA,NA,NA,NA,NA,NA,NA,NA,NA,NA,NA,NA,NA,NA,NA,NA,NA,NA,NA,NA,NA,NA,NA,NA,NA,NA
NA,NA,NA,NA,NA,NA,NA,NA,NA,NA,NA,NA,NA,NA,NA,NA,67,2026-02-20,14:33:32,1,8,"Joyce, Mike",10908770,Right,LEN_BEA,"Greene, Maddox",10122259,Right,CAR_EAG,Undefined,1,Bottom,0,1,2,Fastball,Sinker,FoulBallNotFieldable,Undefined,Undefined,Undefined,0,0,NA,92.59723,-0.310988,-3.259037,1964.675901,232.048632,01:45:00,6.09628,2.08151,6.54846,-19.22552,13.17442,15.34312,4.20849,0.36814,83.00885,-4.013803,-0.476205,0.409679,75.6059,15.19755,176.022236,2305.768422,NA,NA,NA,NA,22.92139,NA,NA,-9.10347,7.35209,-1.86178,50,6.06647,7.01003,-134.25081,-1.2657,-16.28679,34.40572,-19.02058,CAR_EAG,LEN_BEA,CarsonNewman,D2,Team,20260220-CarsonNewman-1,0c80b920-0e93-11f1-8304-27cb6f288688,92.00484,10.8745,NA,9.58838,NA,NA,NA,3.19229,3.87122,-0.46082,46df0e37-f40e-476d-8c8d-a76c06d1b556,2026-02-20,19:33:32,2026-02-20T19:33:32Z,2026-02-20T19:33:32Z,NA,v3,CNE,NA,NA,"Christmas, Seth",1000191967,Right,LEN_BEA,ddf2e382-4d12-460a-8fff-5375f447f804,53.95007,-135.25935,17.20286,6.0954,-0.70815,-9.51029,-2.07427,7.48744,-8.14339,156.269752,3.18615,-106.43766,24.05336,NA,NA,NA,NA,NA,NA,3.86942,29.16297,-8.45754,NA,NA,NA,NA,NA,NA,-0.4626,7.51506,4.20284,NA,NA,NA,NA,NA,NA,NA,NA,NA,NA,NA,NA,NA,NA,NA,NA,NA,NA,NA,NA,NA,NA,NA,NA,NA,NA,NA,NA,High,High,High,Medium,Undefined,NA,NA,NA,NA,NA,NA,NA,NA,NA,NA,NA,NA,NA,NA,NA,NA,NA,NA,NA,NA,NA,NA,NA,NA,NA,NA,NA,NA,NA,NA,NA,NA,NA,NA,NA,NA,NA,NA,NA,NA,NA,NA,NA,NA,NA,NA
NA,NA,NA,NA,NA,NA,NA,NA,NA,NA,NA,NA,NA,NA,NA,NA,68,2026-02-20,14:33:50,1,9,"Joyce, Mike",10908770,Right,LEN_BEA,"Greene, Maddox",10122259,Right,CAR_EAG,Undefined,1,Bottom,0,1,2,Fastball,Four-Seam,BallCalled,Undefined,Undefined,Undefined,0,0,NA,93.49203,0.899477,-2.464569,2176.256818,210.251835,01:00:00,5.92218,1.95015,6.9168,-16.95379,13.91969,7.53563,5.32928,0.33242,84.90638,-2.381821,-1.087685,0.399912,NA,NA,NA,NA,NA,NA,NA,NA,NA,NA,NA,-4.62622,7.40178,-1.79699,50,5.97199,5.53078,-135.80063,1.71744,-8.60475,30.84444,-18.40679,CAR_EAG,LEN_BEA,CarsonNewman,D2,Team,20260220-CarsonNewman-1,17364510-0e93-11f1-8304-27cb6f288688,94.2519,NA,NA,8.58565,NA,NA,NA,NA,NA,NA,46df0e37-f40e-476d-8c8d-a76c06d1b556,2026-02-20,19:33:50,2026-02-20T19:33:50Z,2026-02-20T19:33:50Z,NA,v3,CNE,NA,NA,"Christmas, Seth",1000191967,Right,LEN_BEA,da425401-4c81-455d-b716-a75dc57555b3,53.57908,-136.61113,15.42222,5.92051,2.20111,-9.2034,-1.94529,5.75689,-4.30238,NA,NA,NA,NA,NA,NA,NA,NA,NA,NA,NA,NA,NA,NA,NA,NA,NA,NA,NA,NA,NA,NA,NA,NA,NA,NA,NA,NA,NA,NA,NA,NA,NA,NA,NA,NA,NA,NA,NA,NA,NA,NA,NA,NA,NA,NA,NA,NA,NA,NA,High,High,High,NA,NA,NA,NA,NA,NA,NA,NA,NA,NA,NA,NA,NA,NA,NA,NA,NA,NA,NA,NA,NA,NA,NA,NA,NA,NA,NA,NA,NA,NA,NA,NA,NA,NA,NA,NA,NA,NA,NA,NA,NA,NA,NA,NA,NA,NA,NA,NA
NA,NA,NA,NA,NA,NA,NA,NA,NA,NA,NA,NA,NA,NA,NA,NA,69,2026-02-20,14:34:09,1,10,"Joyce, Mike",10908770,Right,LEN_BEA,"Greene, Maddox",10122259,Right,CAR_EAG,Undefined,1,Bottom,0,2,2,Fastball,Sinker,StrikeSwinging,Strikeout,Undefined,Undefined,0,0,NA,91.4687,-0.779818,-2.844242,2023.021216,241.652458,02:00:00,5.89495,2.16939,6.52364,-21.37694,12.02186,19.86639,3.39713,1.2132,81.65697,-4.884549,0.761213,0.415946,NA,NA,NA,NA,NA,NA,NA,NA,NA,NA,NA,-11.26481,6.93485,-1.97842,50,5.83146,5.7457,-132.57113,-2.41654,-19.54537,34.95791,-20.14154,CAR_EAG,LEN_BEA,CarsonNewman,D2,Team,20260220-CarsonNewman-1,22b5fed0-0e93-11f1-8304-27cb6f288688,90.6186,NA,NA,9.81172,NA,NA,NA,NA,NA,NA,46df0e37-f40e-476d-8c8d-a76c06d1b556,2026-02-20,19:34:09,2026-02-20T19:34:09Z,2026-02-20T19:34:09Z,NA,v3,CNE,NA,NA,"Christmas, Seth",1000191967,Right,LEN_BEA,02a753e0-ea86-4873-8f10-54a33bbc3fa4,53.9732,-133.61473,17.47895,5.89463,-1.81526,-10.07077,-2.15865,6.32918,-9.77268,NA,NA,NA,NA,NA,NA,NA,NA,NA,NA,NA,NA,NA,NA,NA,NA,NA,NA,NA,NA,NA,NA,NA,NA,NA,NA,NA,NA,62.71061,2.98483,1.916006,1.068823,-1.63395,3.12888,-1.25931,-0.93522,5.50349,0.76336,66.05821,10.48749,-58.74182,-0.93156,64.78387,-1.97112,5.56584,21.66108,-15.93475,0.71016,-60.76252,4.78996,High,High,High,NA,NA,High,High,High,NA,NA,NA,NA,NA,NA,NA,NA,NA,NA,NA,NA,NA,NA,NA,NA,NA,NA,NA,NA,NA,NA,NA,NA,NA,NA,NA,NA,NA,NA,NA,NA,NA,NA,NA,NA,NA,NA,NA,NA,NA,NA,NA
NA,NA,NA,NA,NA,NA,NA,NA,NA,NA,NA,NA,NA,NA,NA,NA,70,2026-02-20,14:34:36,2,1,"Joyce, Mike",10908770,Right,LEN_BEA,"Smith, Braxton",1000370200,Right,CAR_EAG,Undefined,1,Bottom,1,0,0,Fastball,Four-Seam,BallCalled,Undefined,Undefined,Undefined,0,0,NA,90.27271,-0.461032,-1.99047,2169.856088,189.104894,12:15:00,5.72218,2.09396,6.43695,-21.00273,12.40607,1.82878,3.54799,0.41637,82.92039,-4.433737,-1.659134,0.416008,NA,NA,NA,NA,NA,NA,NA,NA,NA,NA,NA,-1.47917,6.91678,-1.9532,50,5.67974,4.48856,-131.24435,-1.67325,-2.5924,26.52908,-20.05182,CAR_EAG,LEN_BEA,CarsonNewman,D2,Team,20260220-CarsonNewman-1,32d690e0-0e93-11f1-8304-27cb6f288688,90.60508,NA,NA,7.35232,NA,NA,NA,NA,NA,NA,46df0e37-f40e-476d-8c8d-a76c06d1b556,2026-02-20,19:34:36,2026-02-20T19:34:36Z,2026-02-20T19:34:36Z,NA,v3,CNE,NA,NA,"Christmas, Seth",1000191967,Right,LEN_BEA,ec02b66e-7392-4684-850f-236a59f3b37d,54.0635,-132.06317,13.26454,5.72184,-1.05435,-10.02591,-2.09298,4.56858,-1.2962,NA,NA,NA,NA,NA,NA,NA,NA,NA,NA,NA,NA,NA,NA,NA,NA,NA,NA,NA,NA,NA,NA,NA,NA,NA,NA,NA,NA,NA,NA,NA,NA,NA,NA,NA,NA,NA,NA,NA,NA,NA,NA,NA,NA,NA,NA,NA,NA,NA,NA,High,High,High,NA,NA,NA,NA,NA,NA,NA,NA,NA,NA,NA,NA,NA,NA,NA,NA,NA,NA,NA,NA,NA,NA,NA,NA,NA,NA,NA,NA,NA,NA,NA,NA,NA,NA,NA,NA,NA,NA,NA,NA,NA,NA,NA,NA,NA,NA,NA,NA
NA,NA,NA,NA,NA,NA,NA,NA,NA,NA,NA,NA,NA,NA,NA,NA,71,2026-02-20,14:34:51,2,2,"Joyce, Mike",10908770,Right,LEN_BEA,"Smith, Braxton",1000370200,Right,CAR_EAG,Undefined,1,Bottom,1,1,0,Fastball,Four-Seam,FoulBallNotFieldable,Undefined,Undefined,Undefined,0,0,NA,92.20855,-2.21839,-3.041144,2188.153433,193.338619,12:30:00,5.71446,2.22178,6.74077,-18.35777,13.75154,3.00323,2.15382,-0.30926,83.84505,-5.734869,-2.494499,0.407837,78.17203,44.960254,46.07796,4530.667609,63.01069,85.10914,90.16447,225.23172,82.81491,61.509695,4.906925,-2.50815,8.26831,-2.02263,50,5.56097,6.99183,-133.79168,-5.6799,-4.50867,31.09115,-17.31079,CAR_EAG,LEN_BEA,CarsonNewman,D2,Team,20260220-CarsonNewman-1,3be68320-0e93-11f1-8304-27cb6f288688,92.42033,87.80214,NA,8.3635,NA,NA,NA,0.94771,2.26265,0.38008,46df0e37-f40e-476d-8c8d-a76c06d1b556,2026-02-20,19:34:51,2026-02-20T19:34:51Z,2026-02-20T19:34:51Z,FlyBall,v3,CNE,NA,NA,"Christmas, Seth",1000191967,Right,LEN_BEA,5daaa4d0-8585-4e18-b4b1-4e0912e18a7f,53.75926,-134.66244,15.54558,5.71326,-5.19508,-8.6554,-2.22021,7.1181,-2.25433,211.490439,0.96123,55.97187,-18.24902,3.42413,0.72069,-0.7178,0.20637,-0.02686,0.00134,2.25724,81.1099,-22.47693,1.95484,-0.1966,-0.07576,0.04881,-0.00953,6.3e-4,0.38116,58.40252,-6.6128,0.5334,0.34194,-0.22194,0.06279,-0.00867,4.7e-4,NA,NA,NA,NA,NA,NA,NA,NA,NA,NA,NA,NA,NA,NA,NA,NA,NA,NA,NA,NA,NA,NA,High,High,High,Medium,Low,NA,NA,NA,NA,NA,NA,NA,NA,NA,NA,NA,NA,NA,NA,NA,NA,NA,NA,NA,NA,NA,NA,NA,NA,NA,NA,NA,NA,NA,NA,NA,NA,NA,NA,NA,NA,NA,NA,NA,NA,NA,NA,NA,NA,NA,NA
NA,NA,NA,NA,NA,NA,NA,NA,NA,NA,NA,NA,NA,NA,NA,NA,72,2026-02-20,14:35:12,2,3,"Joyce, Mike",10908770,Right,LEN_BEA,"Smith, Braxton",1000370200,Right,CAR_EAG,Undefined,1,Bottom,1,1,1,Slider,Slider,BallCalled,Undefined,Undefined,Undefined,0,0,NA,84.33688,-2.050103,-2.735032,2151.122,141.876214,10:45:00,6.25739,2.1491,6.13243,-30.20234,8.92686,-6.01807,1.84261,-0.88237,77.34129,-7.656844,-3.818778,0.450217,NA,NA,NA,NA,NA,NA,NA,NA,NA,NA,NA,2.32272,5.59366,-1.93699,50,6.08494,6.0754,-122.33847,-5.31439,3.50662,25.00173,-23.72927,CAR_EAG,LEN_BEA,CarsonNewman,D2,Team,20260220-CarsonNewman-1,484d8fa0-0e93-11f1-8304-27cb6f288688,83.7206,NA,NA,6.99558,NA,NA,NA,NA,NA,NA,46df0e37-f40e-476d-8c8d-a76c06d1b556,2026-02-20,19:35:12,2026-02-20T19:35:12Z,2026-02-20T19:35:12Z,NA,v3,CNE,NA,NA,"Christmas, Seth",1000191967,Right,LEN_BEA,b28b5b4e-5e3e-4b85-8a97-698dbadd4550,54.36785,-123.22787,12.50087,6.25898,-4.47026,-11.86464,-2.1509,5.95065,1.75331,NA,NA,NA,NA,NA,NA,NA,NA,NA,NA,NA,NA,NA,NA,NA,NA,NA,NA,NA,NA,NA,NA,NA,NA,NA,NA,NA,NA,NA,NA,NA,NA,NA,NA,NA,NA,NA,NA,NA,NA,NA,NA,NA,NA,NA,NA,NA,NA,NA,NA,High,High,High,NA,NA,NA,NA,NA,NA,NA,NA,NA,NA,NA,NA,NA,NA,NA,NA,NA,NA,NA,NA,NA,NA,NA,NA,NA,NA,NA,NA,NA,NA,NA,NA,NA,NA,NA,NA,NA,NA,NA,NA,NA,NA,NA,NA,NA,NA,NA,NA
NA,NA,NA,NA,NA,NA,NA,NA,NA,NA,NA,NA,NA,NA,NA,NA,73,2026-02-20,14:35:28,2,4,"Joyce, Mike",10908770,Right,LEN_BEA,"Smith, Braxton",1000370200,Right,CAR_EAG,Undefined,1,Bottom,1,2,1,Fastball,Four-Seam,BallCalled,Undefined,Undefined,Undefined,0,0,NA,90.66654,-3.495333,-3.766796,2217.491676,201.402494,12:45:00,6.23829,2.1586,6.55154,-21.55336,11.65827,4.17032,1.22601,-0.95303,83.51657,-7.541162,-3.010928,0.414779,NA,NA,NA,NA,NA,NA,NA,NA,NA,NA,NA,-3.19414,7.3787,-1.89968,50,5.98672,8.48932,-131.39969,-8.67259,-5.60656,26.80965,-19.2224,CAR_EAG,LEN_BEA,CarsonNewman,D2,Team,20260220-CarsonNewman-1,51b62930-0e93-11f1-8304-27cb6f288688,90.8736,NA,NA,7.14997,NA,NA,NA,NA,NA,NA,46df0e37-f40e-476d-8c8d-a76c06d1b556,2026-02-20,19:35:28,2026-02-20T19:35:28Z,2026-02-20T19:35:28Z,NA,v3,CNE,NA,NA,"Christmas, Seth",1000191967,Right,LEN_BEA,3849788c-f1d2-4eb3-bd59-3c8f7424648e,53.94945,-132.20305,13.40482,6.23797,-8.09658,-9.6112,-2.15658,8.65732,-2.80328,NA,NA,NA,NA,NA,NA,NA,NA,NA,NA,NA,NA,NA,NA,NA,NA,NA,NA,NA,NA,NA,NA,NA,NA,NA,NA,NA,NA,NA,NA,NA,NA,NA,NA,NA,NA,NA,NA,NA,NA,NA,NA,NA,NA,NA,NA,NA,NA,NA,NA,High,High,High,NA,NA,NA,NA,NA,NA,NA,NA,NA,NA,NA,NA,NA,NA,NA,NA,NA,NA,NA,NA,NA,NA,NA,NA,NA,NA,NA,NA,NA,NA,NA,NA,NA,NA,NA,NA,NA,NA,NA,NA,NA,NA,NA,NA,NA,NA,NA,NA
NA,NA,NA,NA,NA,NA,NA,NA,NA,NA,NA,NA,NA,NA,NA,NA,74,2026-02-20,14:35:43,2,5,"Joyce, Mike",10908770,Right,LEN_BEA,"Smith, Braxton",1000370200,Right,CAR_EAG,Undefined,1,Bottom,1,3,1,Fastball,Four-Seam,FoulBallNotFieldable,Undefined,Undefined,Undefined,0,0,NA,90.21586,-1.481973,-3.90954,1821.458205,210.537048,01:00:00,5.71489,2.1284,6.81386,-15.73843,17.14265,9.56056,3.04771,-0.64761,83.28837,-4.507472,-2.169554,0.41271,NA,NA,NA,NA,NA,NA,NA,NA,NA,NA,NA,-6.06469,9.77426,-1.87916,50,5.61279,8.61197,-131.07688,-3.7825,-10.66631,24.87339,-14.98347,CAR_EAG,LEN_BEA,CarsonNewman,D2,Team,20260220-CarsonNewman-1,5ac6b7b0-0e93-11f1-8304-27cb6f288688,91.32921,NA,NA,6.92749,NA,NA,NA,NA,NA,NA,46df0e37-f40e-476d-8c8d-a76c06d1b556,2026-02-20,19:35:43,2026-02-20T19:35:43Z,2026-02-20T19:35:43Z,NA,v3,CNE,NA,NA,"Christmas, Seth",1000191967,Right,LEN_BEA,b888ccc7-2663-40ab-b78d-d29a6c3756c9,53.68905,-131.77507,12.4367,5.71305,-3.36193,-7.49174,-2.12509,8.91137,-5.33316,NA,NA,NA,NA,NA,NA,NA,NA,NA,NA,NA,NA,NA,NA,NA,NA,NA,NA,NA,NA,NA,NA,NA,NA,NA,NA,NA,NA,NA,NA,NA,NA,NA,NA,NA,NA,NA,NA,NA,NA,NA,NA,NA,NA,NA,NA,NA,NA,NA,NA,High,High,High,NA,NA,NA,NA,NA,NA,NA,NA,NA,NA,NA,NA,NA,NA,NA,NA,NA,NA,NA,NA,NA,NA,NA,NA,NA,NA,NA,NA,NA,NA,NA,NA,NA,NA,NA,NA,NA,NA,NA,NA,NA,NA,NA,NA,NA,NA,NA,NA
NA,NA,NA,NA,NA,NA,NA,NA,NA,NA,NA,NA,NA,NA,NA,NA,75,2026-02-20,14:36:06,2,6,"Joyce, Mike",10908770,Right,LEN_BEA,"Smith, Braxton",1000370200,Right,CAR_EAG,Undefined,1,Bottom,1,3,2,Fastball,Four-Seam,InPlay,Undefined,LineDrive,Out,1,0,NA,92.18459,-1.496102,-2.730995,1999.575946,195.875821,12:30:00,5.83682,1.95768,6.92172,-19.5282,12.54241,3.24225,2.84534,-0.26071,83.25175,-5.2564,-2.138511,0.407591,88.65972,4.940649,-0.288933,784.169096,NA,NA,NA,105.7215,53.07476,0.938724,0.885549,-2.60665,7.4943,-1.78751,50,5.736,6.2588,-133.80466,-4.00613,-4.6525,33.04276,-18.79775,CAR_EAG,LEN_BEA,CarsonNewman,D2,Team,20260220-CarsonNewman-1,686f1dd0-0e93-11f1-8304-27cb6f288688,92.47603,4.75583,NA,8.93284,NA,NA,NA,1.06709,2.91215,0.2282,46df0e37-f40e-476d-8c8d-a76c06d1b556,2026-02-20,19:36:06,2026-02-20T19:36:06Z,2026-02-20T19:36:06Z,GroundBall,v3,CNE,NA,NA,"Christmas, Seth",1000191967,Right,LEN_BEA,67eaa248-695b-4f1c-a87a-e68e1bb9fcba,53.57727,-134.68516,16.52138,5.83608,-3.50522,-9.39887,-1.95594,6.38278,-2.32625,272.181931,1.11836,128.76137,-12.09198,NA,NA,NA,NA,NA,NA,2.94667,10.67249,-15.85085,NA,NA,NA,NA,NA,NA,0.21126,-0.39179,2.40132,NA,NA,NA,NA,NA,NA,NA,NA,NA,NA,NA,NA,NA,NA,NA,NA,NA,NA,NA,NA,NA,NA,NA,NA,NA,NA,NA,NA,High,High,High,High,Medium,NA,NA,NA,NA,NA,NA,NA,NA,NA,NA,NA,NA,NA,NA,NA,NA,NA,NA,NA,NA,NA,NA,NA,NA,NA,NA,NA,NA,NA,NA,NA,NA,NA,NA,NA,NA,NA,NA,NA,NA,NA,NA,NA,NA,NA,NA
NA,NA,NA,NA,NA,NA,NA,NA,NA,NA,NA,NA,NA,NA,NA,NA,76,2026-02-20,14:36:38,3,1,"Joyce, Mike",10908770,Right,LEN_BEA,"Floyd, Logan",1000148156,Right,CAR_EAG,Undefined,1,Bottom,2,0,0,Slider,Slider,StrikeCalled,Undefined,Undefined,Undefined,0,0,NA,84.97438,0.429166,-2.822786,1849.194292,99.796637,09:15:00,5.65015,2.25378,6.33813,-36.38392,3.50028,-9.94867,3.0138,-1.17641,74.59529,-6.443345,-4.619248,0.45454,NA,NA,NA,NA,NA,NA,NA,NA,NA,NA,NA,3.8965,2.21169,-2.0442,50,5.6655,6.46479,-122.8075,-0.21296,5.66595,35.1314,-28.95799,CAR_EAG,LEN_BEA,CarsonNewman,D2,Team,20260220-CarsonNewman-1,7b492a90-0e93-11f1-8304-27cb6f288688,82.92441,NA,NA,10.37908,NA,NA,NA,NA,NA,NA,46df0e37-f40e-476d-8c8d-a76c06d1b556,2026-02-20,19:36:38,2026-02-20T19:36:38Z,2026-02-20T19:36:38Z,NA,v3,CNE,NA,NA,"Christmas, Seth",1000191967,Right,LEN_BEA,4b2a87f0-c4ee-4fa6-91a1-ff923db6059c,54.1535,-123.98999,17.5657,5.65627,0.76174,-14.479,-2.25859,6.27408,2.83298,NA,NA,NA,NA,NA,NA,NA,NA,NA,NA,NA,NA,NA,NA,NA,NA,NA,NA,NA,NA,NA,NA,NA,NA,NA,NA,NA,NA,NA,NA,NA,NA,NA,NA,NA,NA,NA,NA,NA,NA,NA,NA,NA,NA,NA,NA,NA,NA,NA,NA,High,High,High,NA,NA,NA,NA,NA,NA,NA,NA,NA,NA,NA,NA,NA,NA,NA,NA,NA,NA,NA,NA,NA,NA,NA,NA,NA,NA,NA,NA,NA,NA,NA,NA,NA,NA,NA,NA,NA,NA,NA,NA,NA,NA,NA,NA,NA,NA,NA,NA
NA,NA,NA,NA,NA,NA,NA,NA,NA,NA,NA,NA,NA,NA,NA,NA,77,2026-02-20,14:36:51,3,2,"Joyce, Mike",10908770,Right,LEN_BEA,"Floyd, Logan",1000148156,Right,CAR_EAG,Undefined,1,Bottom,2,0,1,Fastball,Four-Seam,InPlay,Undefined,LineDrive,Out,1,0,NA,88.26989,-1.110914,-2.990951,1965.453489,200.804688,12:45:00,5.95735,2.06683,6.57441,-25.04214,9.90926,3.35189,2.85072,-0.39786,80.92157,-5.830329,-2.382595,0.425504,99.88795,9.509673,11.042056,2024.645267,106.76639,10.96968,26.47375,188.07705,148.48125,16.142899,1.591406,-2.60047,5.84784,-1.86259,50,5.87031,6.57428,-128.22038,-3.21551,-4.32927,26.50744,-22.43863,CAR_EAG,LEN_BEA,CarsonNewman,D2,Team,20260220-CarsonNewman-1,837e2620-0e93-11f1-8304-27cb6f288688,88.58302,11.23328,NA,7.34832,NA,NA,NA,1.40229,2.87779,0.4158,46df0e37-f40e-476d-8c8d-a76c06d1b556,2026-02-20,19:36:51,2026-02-20T19:36:51Z,2026-02-20T19:36:51Z,LineDrive,v3,CNE,NA,NA,"Christmas, Seth",1000191967,Right,LEN_BEA,e1a996c2-efa9-45bc-85df-08052caecbdc,53.92699,-129.02967,13.25372,5.95802,-2.53045,-11.21931,-2.06532,6.70645,-2.16463,262.221081,1.40229,141.81394,-23.04368,4.02341,-0.88815,0.18583,-0.03826,0.00634,-5.6e-4,2.87779,24.20424,-18.75104,2.00155,-0.42997,0.10215,-0.02064,0.00341,-3.1e-4,0.4158,27.67352,4.88254,-1.63041,0.45296,-0.11662,0.02646,-0.00463,4.2e-4,NA,NA,NA,NA,NA,NA,NA,NA,NA,NA,NA,NA,NA,NA,NA,NA,NA,NA,NA,NA,NA,NA,High,High,High,High,High,NA,NA,NA,NA,NA,NA,NA,NA,NA,NA,NA,NA,NA,NA,NA,NA,NA,NA,NA,NA,NA,NA,NA,NA,NA,NA,NA,NA,NA,NA,NA,NA,NA,NA,NA,NA,NA,NA,NA,NA,NA,NA,NA,NA,NA,NA
NA,NA,NA,NA,NA,NA,NA,NA,NA,NA,NA,NA,NA,NA,NA,NA,78,2026-02-20,14:39:01,1,1,"Slifka, Denver",10107869,Right,CAR_EAG,"Christmas, Seth",1000191967,Right,LEN_BEA,Undefined,2,Top,0,0,0,Slider,Curveball,BallCalled,Undefined,Undefined,Undefined,0,0,NA,72.55529,0.969323,-0.512521,2151.948903,59.770012,08:00:00,5.63774,1.57221,5.74287,-62.01464,-7.60237,-16.46182,1.37254,-0.27683,65.86322,-10.389922,-3.466763,0.530909,NA,NA,NA,NA,NA,NA,NA,NA,NA,NA,NA,8.14178,-3.52709,-1.51969,50,5.68127,1.53598,-105.24104,-0.12256,8.92302,21.65705,-36.03958,CAR_EAG,LEN_BEA,CarsonNewman,D2,Team,20260220-CarsonNewman-1,d0dcf900-0e93-11f1-8304-27cb6f288688,70.99608,NA,NA,6.69207,NA,NA,NA,NA,NA,NA,46df0e37-f40e-476d-8c8d-a76c06d1b556,2026-02-20,19:39:01,2026-02-20T19:39:01Z,2026-02-20T19:39:01Z,NA,v3,CNE,NA,NA,"Rogers, Jacob",1000215913,Right,CAR_EAG,141c57c3-34ff-40cf-af3c-598c9c5824fa,54.75848,-106.21575,10.82852,5.65028,1.49946,-18.01979,-1.57979,1.13439,4.46151,NA,NA,NA,NA,NA,NA,NA,NA,NA,NA,NA,NA,NA,NA,NA,NA,NA,NA,NA,NA,NA,NA,NA,NA,NA,NA,NA,NA,NA,NA,NA,NA,NA,NA,NA,NA,NA,NA,NA,NA,NA,NA,NA,NA,NA,NA,NA,NA,NA,NA,High,High,High,NA,NA,NA,NA,NA,NA,NA,NA,NA,NA,NA,NA,NA,NA,NA,NA,NA,NA,NA,NA,NA,NA,NA,NA,NA,NA,NA,NA,NA,NA,NA,NA,NA,NA,NA,NA,NA,NA,NA,NA,NA,NA,NA,NA,NA,NA,NA,NA
NA,NA,NA,NA,NA,NA,NA,NA,NA,NA,NA,NA,NA,NA,NA,NA,79,2026-02-20,14:39:16,1,2,"Slifka, Denver",10107869,Right,CAR_EAG,"Christmas, Seth",1000191967,Right,LEN_BEA,Undefined,2,Top,0,1,0,Fastball,Changeup,FoulBallNotFieldable,Undefined,Undefined,Undefined,0,0,NA,82.97894,-1.04488,-2.533007,1945.450211,250.248575,02:15:00,5.60195,1.42954,6.36004,-32.99447,8.23634,18.12084,1.88971,0.60684,73.69702,-7.290348,0.749417,0.462149,99.79702,15.971977,-40.911514,3057.036066,80.20493,20.51965,-75.27984,245.08081,243.46413,-46.560541,2.116106,-10.42256,5.165,-1.25406,50,5.5112,4.6297,-120.16738,-3.14646,-14.68994,31.1084,-24.89429,CAR_EAG,LEN_BEA,CarsonNewman,D2,Team,20260220-CarsonNewman-1,d9d3bdf0-0e93-11f1-8304-27cb6f288688,81.55903,20.86833,NA,9.28192,NA,NA,NA,2.72811,2.34532,-0.63767,46df0e37-f40e-476d-8c8d-a76c06d1b556,2026-02-20,19:39:16,2026-02-20T19:39:16Z,2026-02-20T19:39:16Z,LineDrive,v3,CNE,NA,NA,"Rogers, Jacob",1000215913,Right,CAR_EAG,ce8dbddf-afce-466f-af97-9e0ea49b0e0f,54.13771,-121.2338,15.5542,5.60444,-2.29306,-12.44714,-1.4214,5.13329,-7.34497,NA,2.72812,106.34346,-19.02051,4.13708,-0.86654,0.10632,0.00221,-0.00519,0.00093000000000000005,2.34532,40.27599,-24.5767,3.39674,-0.71156,0.15378,-0.03184,0.00599,-6.1e-4,-0.63767,-92.15516,2.08687,1.81769,-0.79484,0.26375,-0.07012,0.01449,-0.00145,NA,NA,NA,NA,NA,NA,NA,NA,NA,NA,NA,NA,NA,NA,NA,NA,NA,NA,NA,NA,NA,NA,High,High,High,Medium,Medium,NA,NA,NA,NA,NA,NA,NA,NA,NA,NA,NA,NA,NA,NA,NA,NA,NA,NA,NA,NA,NA,NA,NA,NA,NA,NA,NA,NA,NA,NA,NA,NA,NA,NA,NA,NA,NA,NA,NA,NA,NA,NA,NA,NA,NA,NA
NA,NA,NA,NA,NA,NA,NA,NA,NA,NA,NA,NA,NA,NA,NA,NA,80,2026-02-20,14:39:39,1,3,"Slifka, Denver",10107869,Right,CAR_EAG,"Christmas, Seth",1000191967,Right,LEN_BEA,Undefined,2,Top,0,1,1,Fastball,Slider,InPlay,Undefined,FlyBall,Out,1,0,NA,81.53498,-0.313983,-2.863372,2133.285324,198.68756,12:30:00,5.66045,1.35662,6.07672,-35.561,6.54158,1.73284,2.40614,-1.15065,74.26085,-6.929346,-2.55166,0.467009,73.46052,56.25537,38.944474,4998.281806,70.69691,91.16531,84.27305,152.00247,65.20579,51.266083,5.097327,-1.76961,3.86847,-1.13587,50,5.61725,5.85155,-118.28225,-1.73374,-2.48442,24.45913,-26.74297,CAR_EAG,LEN_BEA,CarsonNewman,D2,Team,20260220-CarsonNewman-1,e72a3380-0e93-11f1-8304-27cb6f288688,80.71023,101.69419,NA,7.27413,NA,NA,NA,1.81274,2.46122,1.15094,46df0e37-f40e-476d-8c8d-a76c06d1b556,2026-02-20,19:39:39,2026-02-20T19:39:39Z,2026-02-20T19:39:39Z,Popup,v3,CNE,NA,NA,"Rogers, Jacob",1000215913,Right,CAR_EAG,8c0d7ee2-bff6-42e7-8dea-7b9627a9d615,54.42384,-119.19353,12.22957,5.66328,-0.73737,-13.37149,-1.35561,5.94411,-1.24221,195.781221,1.81268,46.52798,-17.63051,5.29212,-0.90794,0.0021,0.03754,-0.007,4.1e-4,2.45778,89.65755,-24.17826,2.31011,-0.31615,-0.00642,0.02352,-0.00554,4e-4,1.15141,37.60765,-6.86011,1.49625,-0.19909,0.00275,0.00364,-3.9e-4,0,NA,NA,NA,NA,NA,NA,NA,NA,NA,NA,NA,NA,NA,NA,NA,NA,NA,NA,NA,NA,NA,NA,High,High,High,High,Low,NA,NA,NA,NA,NA,NA,NA,NA,NA,NA,NA,NA,NA,NA,NA,NA,NA,NA,NA,NA,NA,NA,NA,NA,NA,NA,NA,NA,NA,NA,NA,NA,NA,NA,NA,NA,NA,NA,NA,NA,NA,NA,NA,NA,NA,NA
NA,NA,NA,NA,NA,NA,NA,NA,NA,NA,NA,NA,NA,NA,NA,NA,81,2026-02-20,14:40:09,2,1,"Slifka, Denver",10107869,Right,CAR_EAG,"Boris, Sylas",1000138481,Right,LEN_BEA,Undefined,2,Top,1,0,0,Fastball,Changeup,FoulBallNotFieldable,Undefined,Undefined,Undefined,0,0,NA,83.22484,0.099048,-3.42705,1962.235276,242.172575,02:00:00,5.71469,1.53506,6.1049,-30.39502,10.06382,16.40528,3.27354,-0.27095,75.38855,-5.60525,-0.476204,0.457802,71.7333,19.949882,169.323058,2630.975038,NA,NA,NA,NA,21.6896,NA,NA,-9.53835,5.56496,-1.27992,50,5.70643,6.59599,-120.66988,-0.70612,-13.91713,25.7714,-24.05438,CAR_EAG,LEN_BEA,CarsonNewman,D2,Team,20260220-CarsonNewman-1,f91bdc10-0e93-11f1-8304-27cb6f288688,82.33343,10.80203,NA,7.83629,NA,NA,NA,2.24625,3.32053,0.20634,46df0e37-f40e-476d-8c8d-a76c06d1b556,2026-02-20,19:40:09,2026-02-20T19:40:09Z,2026-02-20T19:40:09Z,NA,v3,CNE,NA,NA,"Rogers, Jacob",1000215913,Right,CAR_EAG,5964f31d-d692-4b80-abb2-24e7e9d8bbdf,54.39573,-121.60505,12.8857,5.71622,0.16675,-12.02719,-1.52844,7.101,-6.95856,301.05439,2.24612,-97.17601,6.78192,NA,NA,NA,NA,NA,NA,3.3219,35.82295,-22.14224,NA,NA,NA,NA,NA,NA,0.2075,18.25947,-7.79264,NA,NA,NA,NA,NA,NA,NA,NA,NA,NA,NA,NA,NA,NA,NA,NA,NA,NA,NA,NA,NA,NA,NA,NA,NA,NA,NA,NA,High,High,High,High,Undefined,NA,NA,NA,NA,NA,NA,NA,NA,NA,NA,NA,NA,NA,NA,NA,NA,NA,NA,NA,NA,NA,NA,NA,NA,NA,NA,NA,NA,NA,NA,NA,NA,NA,NA,NA,NA,NA,NA,NA,NA,NA,NA,NA,NA,NA,NA
NA,NA,NA,NA,NA,NA,NA,NA,NA,NA,NA,NA,NA,NA,NA,NA,82,2026-02-20,14:40:28,2,2,"Slifka, Denver",10107869,Right,CAR_EAG,"Boris, Sylas",1000138481,Right,LEN_BEA,Undefined,2,Top,1,0,1,Slider,Curveball,StrikeSwinging,Undefined,Undefined,Undefined,0,0,NA,73.99739,1.487371,0.277669,2388.534031,43.985747,07:30:00,5.76472,1.56769,5.64403,-68.34393,-14.99536,-16.59792,1.45721,0.44355,66.16531,-11.023011,-2.698641,0.525694,NA,NA,NA,NA,NA,NA,NA,NA,NA,NA,NA,8.47937,-7.49394,-1.58063,50,5.84827,0.10357,-107.16231,0.57877,9.47022,25.33171,-40.54371,CAR_EAG,LEN_BEA,CarsonNewman,D2,Team,20260220-CarsonNewman-1,04af1dd0-0e94-11f1-8304-27cb6f288688,71.70039,NA,NA,7.83209,NA,NA,NA,NA,NA,NA,46df0e37-f40e-476d-8c8d-a76c06d1b556,2026-02-20,19:40:28,2026-02-20T19:40:28Z,2026-02-20T19:40:28Z,NA,v3,CNE,NA,NA,"Rogers, Jacob",1000215913,Right,CAR_EAG,2b4cdb6f-958d-415f-be88-c6d5809a020c,54.85735,-108.30444,12.66586,5.78097,2.40676,-20.27185,-1.57567,-0.32342,4.73511,NA,NA,NA,NA,NA,NA,NA,NA,NA,NA,NA,NA,NA,NA,NA,NA,NA,NA,NA,NA,NA,NA,NA,NA,NA,NA,NA,NA,NA,NA,NA,NA,NA,NA,NA,NA,NA,NA,NA,NA,NA,NA,NA,NA,NA,NA,NA,NA,NA,NA,High,High,High,NA,NA,NA,NA,NA,NA,NA,NA,NA,NA,NA,NA,NA,NA,NA,NA,NA,NA,NA,NA,NA,NA,NA,NA,NA,NA,NA,NA,NA,NA,NA,NA,NA,NA,NA,NA,NA,NA,NA,NA,NA,NA,NA,NA,NA,NA,NA,NA
NA,NA,NA,NA,NA,NA,NA,NA,NA,NA,NA,NA,NA,NA,NA,NA,83,2026-02-20,14:40:46,2,3,"Slifka, Denver",10107869,Right,CAR_EAG,"Boris, Sylas",1000138481,Right,LEN_BEA,Undefined,2,Top,1,0,2,Slider,Curveball,BallCalled,Undefined,Undefined,Undefined,0,0,NA,73.2915,2.335143,0.454228,2106.123536,55.419912,07:45:00,5.5349,1.78082,5.73665,-58.93428,-6.91146,-12.21087,2.79954,1.18624,67.78757,-8.430206,-1.733385,0.519121,NA,NA,NA,NA,NA,NA,NA,NA,NA,NA,NA,6.32441,-3.64544,-1.8111,50,5.69323,-0.41191,-106.52449,2.5263,7.30233,17.46682,-36.38316,CAR_EAG,LEN_BEA,CarsonNewman,D2,Team,20260220-CarsonNewman-1,0f196ff0-0e94-11f1-8304-27cb6f288688,72.60824,NA,NA,5.50394,NA,NA,NA,NA,NA,NA,46df0e37-f40e-476d-8c8d-a76c06d1b556,2026-02-20,19:40:46,2026-02-20T19:40:46Z,2026-02-20T19:40:46Z,NA,v3,CNE,NA,NA,"Rogers, Jacob",1000215913,Right,CAR_EAG,d1245698-d1da-4336-b884-cb75eec51b89,54.76814,-107.30347,8.73341,5.54438,4.14891,-18.19158,-1.78547,-0.73758,3.65116,NA,NA,NA,NA,NA,NA,NA,NA,NA,NA,NA,NA,NA,NA,NA,NA,NA,NA,NA,NA,NA,NA,NA,NA,NA,NA,NA,NA,NA,NA,NA,NA,NA,NA,NA,NA,NA,NA,NA,NA,NA,NA,NA,NA,NA,NA,NA,NA,NA,NA,High,High,High,NA,NA,NA,NA,NA,NA,NA,NA,NA,NA,NA,NA,NA,NA,NA,NA,NA,NA,NA,NA,NA,NA,NA,NA,NA,NA,NA,NA,NA,NA,NA,NA,NA,NA,NA,NA,NA,NA,NA,NA,NA,NA,NA,NA,NA,NA,NA,NA
NA,NA,NA,NA,NA,NA,NA,NA,NA,NA,NA,NA,NA,NA,NA,NA,84,2026-02-20,14:41:01,2,4,"Slifka, Denver",10107869,Right,CAR_EAG,"Boris, Sylas",1000138481,Right,LEN_BEA,Undefined,2,Top,1,1,2,Slider,Curveball,FoulBallNotFieldable,Undefined,Undefined,Undefined,0,0,NA,73.76332,2.529503,-0.458747,2290.297361,56.571368,08:00:00,5.80358,1.44501,5.81555,-63.39267,-10.44237,-18.93151,2.87452,-0.55919,66.20826,-9.139945,-3.855351,0.523728,49.89714,-57.064131,-86.710599,NA,NA,NA,NA,4.58393,4.57259,-22.055282,0.053846,9.55556,-5.79244,-1.39575,50,5.97319,1.52638,-106.88142,2.78768,10.70923,23.76435,-38.66583,CAR_EAG,LEN_BEA,CarsonNewman,D2,Team,20260220-CarsonNewman-1,1817fd10-0e94-11f1-8304-27cb6f288688,71.96953,3.33945,NA,7.55506,NA,NA,NA,4.12436,3.33945,0.43852,46df0e37-f40e-476d-8c8d-a76c06d1b556,2026-02-20,19:41:01,2026-02-20T19:41:01Z,2026-02-20T19:41:01Z,GroundBall,v3,CNE,NA,NA,"Rogers, Jacob",1000215913,Right,CAR_EAG,a5a568f2-fd95-4fe5-b04b-08d2f089796a,54.68734,-107.91858,11.88218,5.8147,4.4752,-19.33291,-1.45217,1.05899,5.35462,180,4.12416,2.30532,NA,NA,NA,NA,NA,NA,NA,3.34463,-62.01859,NA,NA,NA,NA,NA,NA,NA,0.44187,-40.11053,NA,NA,NA,NA,NA,NA,NA,NA,NA,NA,NA,NA,NA,NA,NA,NA,NA,NA,NA,NA,NA,NA,NA,NA,NA,NA,NA,NA,NA,High,High,High,High,High,NA,NA,NA,NA,NA,NA,NA,NA,NA,NA,NA,NA,NA,NA,NA,NA,NA,NA,NA,NA,NA,NA,NA,NA,NA,NA,NA,NA,NA,NA,NA,NA,NA,NA,NA,NA,NA,NA,NA,NA,NA,NA,NA,NA,NA,NA
NA,NA,NA,NA,NA,NA,NA,NA,NA,NA,NA,NA,NA,NA,NA,NA,85,2026-02-20,14:41:19,2,5,"Slifka, Denver",10107869,Right,CAR_EAG,"Boris, Sylas",1000138481,Right,LEN_BEA,Undefined,2,Top,1,1,2,Slider,Curveball,FoulBallNotFieldable,Undefined,Undefined,Undefined,0,0,NA,73.39011,1.57685,-0.166063,2266.060755,54.714154,07:45:00,5.84306,1.41842,5.81734,-62.05582,-9.90414,-16.30753,2.13831,-0.09495,67.57655,-9.762274,-3.095712,0.519763,78.82224,-8.487117,-56.374198,NA,NA,NA,NA,18.30463,6.03645,-46.198586,0.139586,8.3756,-5.19091,-1.39465,50,5.93465,0.86412,-106.67233,1.06551,9.59248,19.3832,-38.11914,CAR_EAG,LEN_BEA,CarsonNewman,D2,Team,20260220-CarsonNewman-1,23459f30-0e94-11f1-8304-27cb6f288688,72.51848,2.38724,NA,5.81357,NA,NA,NA,3.81059,2.38724,0.10985,46df0e37-f40e-476d-8c8d-a76c06d1b556,2026-02-20,19:41:19,2026-02-20T19:41:19Z,2026-02-20T19:41:19Z,GroundBall,v3,CNE,NA,NA,"Rogers, Jacob",1000215913,Right,CAR_EAG,2b1367ad-87e9-4fdf-bbd2-a3a55de26f54,54.68863,-107.52091,9.6916,5.85147,2.73435,-19.05957,-1.42328,0.44417,4.79624,180,3.80723,63.46722,NA,NA,NA,NA,NA,NA,NA,2.38815,-17.10224,NA,NA,NA,NA,NA,NA,NA,0.1149,-95.43258,NA,NA,NA,NA,NA,NA,NA,NA,NA,NA,NA,NA,NA,NA,NA,NA,NA,NA,NA,NA,NA,NA,NA,NA,NA,NA,NA,NA,NA,High,High,High,Low,Low,NA,NA,NA,NA,NA,NA,NA,NA,NA,NA,NA,NA,NA,NA,NA,NA,NA,NA,NA,NA,NA,NA,NA,NA,NA,NA,NA,NA,NA,NA,NA,NA,NA,NA,NA,NA,NA,NA,NA,NA,NA,NA,NA,NA,NA,NA
NA,NA,NA,NA,NA,NA,NA,NA,NA,NA,NA,NA,NA,NA,NA,NA,86,2026-02-20,14:41:39,2,6,"Slifka, Denver",10107869,Right,CAR_EAG,"Boris, Sylas",1000138481,Right,LEN_BEA,Undefined,2,Top,1,1,2,ChangeUp,Changeup,FoulBallNotFieldable,Undefined,Undefined,Undefined,0,0,NA,79.20101,-0.353788,-3.190375,1404.198482,265.971209,02:45:00,5.72043,1.4156,6.58011,-40.67337,3.10532,22.92863,2.00623,0.39929,72.186,-7.966257,0.979683,0.476215,NA,NA,NA,NA,NA,NA,NA,NA,NA,NA,NA,-13.14489,2.12421,-1.206,50,5.67908,5.64712,-115.02939,-1.82948,-17.4241,23.4648,-29.35833,CAR_EAG,LEN_BEA,CarsonNewman,D2,Team,20260220-CarsonNewman-1,2f09b4f0-0e94-11f1-8304-27cb6f288688,79.15012,NA,NA,7.01501,NA,NA,NA,NA,NA,NA,46df0e37-f40e-476d-8c8d-a76c06d1b556,2026-02-20,19:41:39,2026-02-20T19:41:39Z,2026-02-20T19:41:39Z,NA,v3,CNE,NA,NA,"Rogers, Jacob",1000215913,Right,CAR_EAG,7ec4d337-47e3-4dc3-abe7-a7cdce2a13d7,53.92352,-115.82698,11.7324,5.7243,-0.83156,-14.67916,-1.40801,6.23938,-8.71205,NA,NA,NA,NA,NA,NA,NA,NA,NA,NA,NA,NA,NA,NA,NA,NA,NA,NA,NA,NA,NA,NA,NA,NA,NA,NA,NA,NA,NA,NA,NA,NA,NA,NA,NA,NA,NA,NA,NA,NA,NA,NA,NA,NA,NA,NA,NA,NA,NA,NA,High,High,High,NA,NA,NA,NA,NA,NA,NA,NA,NA,NA,NA,NA,NA,NA,NA,NA,NA,NA,NA,NA,NA,NA,NA,NA,NA,NA,NA,NA,NA,NA,NA,NA,NA,NA,NA,NA,NA,NA,NA,NA,NA,NA,NA,NA,NA,NA,NA,NA
NA,NA,NA,NA,NA,NA,NA,NA,NA,NA,NA,NA,NA,NA,NA,NA,87,2026-02-20,14:41:58,2,7,"Slifka, Denver",10107869,Right,CAR_EAG,"Boris, Sylas",1000138481,Right,LEN_BEA,Undefined,2,Top,1,1,2,ChangeUp,Changeup,BallCalled,Undefined,Undefined,Undefined,0,0,NA,80.90046,-2.032745,-3.436459,1379.562635,271.336078,03:00:00,5.71766,1.42135,6.69526,-40.61046,0.91358,16.97588,0.47039,-0.3104,74.56512,-9.582905,-0.339938,0.46379,NA,NA,NA,NA,NA,NA,NA,NA,NA,NA,NA,-9.94713,1.46319,-1.19835,50,5.56639,6.47975,-117.47484,-5.31753,-13.87408,22.64745,-30.1332,CAR_EAG,LEN_BEA,CarsonNewman,D2,Team,20260220-CarsonNewman-1,3a6b1140-0e94-11f1-8304-27cb6f288688,81.27055,NA,NA,6.33534,NA,NA,NA,NA,NA,NA,46df0e37-f40e-476d-8c8d-a76c06d1b556,2026-02-20,19:41:58,2026-02-20T19:41:58Z,2026-02-20T19:41:58Z,NA,v3,CNE,NA,NA,"Rogers, Jacob",1000215913,Right,CAR_EAG,647638df-5122-4884-9098-abfb20a98313,53.80786,-118.20666,11.32373,5.72248,-4.34381,-15.0666,-1.41498,6.92807,-6.93704,NA,NA,NA,NA,NA,NA,NA,NA,NA,NA,NA,NA,NA,NA,NA,NA,NA,NA,NA,NA,NA,NA,NA,NA,NA,NA,NA,NA,NA,NA,NA,NA,NA,NA,NA,NA,NA,NA,NA,NA,NA,NA,NA,NA,NA,NA,NA,NA,NA,NA,High,High,High,NA,NA,NA,NA,NA,NA,NA,NA,NA,NA,NA,NA,NA,NA,NA,NA,NA,NA,NA,NA,NA,NA,NA,NA,NA,NA,NA,NA,NA,NA,NA,NA,NA,NA,NA,NA,NA,NA,NA,NA,NA,NA,NA,NA,NA,NA,NA,NA
NA,NA,NA,NA,NA,NA,NA,NA,NA,NA,NA,NA,NA,NA,NA,NA,88,2026-02-20,14:42:14,2,8,"Slifka, Denver",10107869,Right,CAR_EAG,"Boris, Sylas",1000138481,Right,LEN_BEA,Undefined,2,Top,1,2,2,Slider,Curveball,StrikeSwinging,Strikeout,Undefined,Undefined,0,0,NA,73.88196,0.763925,-2.237601,2324.866163,59.29783,08:00:00,5.686,1.38132,6.25511,-59.10302,-7.94532,-16.28595,1.46581,-2.04036,67.61505,-10.12376,-5.181913,0.514786,NA,NA,NA,NA,NA,NA,NA,NA,NA,NA,NA,7.70363,-3.81496,-1.20764,50,5.71469,4.74136,-107.28155,-0.26469,8.83186,21.38056,-36.54775,CAR_EAG,LEN_BEA,CarsonNewman,D2,Team,20260220-CarsonNewman-1,4372c620-0e94-11f1-8304-27cb6f288688,73.21961,NA,NA,6.26691,NA,NA,NA,NA,NA,NA,46df0e37-f40e-476d-8c8d-a76c06d1b556,2026-02-20,19:42:14,2026-02-20T19:42:14Z,2026-02-20T19:42:14Z,NA,v3,CNE,NA,NA,"Rogers, Jacob",1000215913,Right,CAR_EAG,68dc12a8-b7d0-41d0-9ea7-aca505893edd,54.24798,-108.12483,10.69028,5.6967,1.17681,-18.27387,-1.38778,4.39302,4.41593,NA,NA,NA,NA,NA,NA,NA,NA,NA,NA,NA,NA,NA,NA,NA,NA,NA,NA,NA,NA,NA,NA,NA,NA,NA,NA,NA,NA,NA,NA,NA,NA,NA,NA,NA,NA,NA,NA,NA,NA,NA,NA,NA,NA,NA,NA,NA,NA,NA,NA,High,High,High,NA,NA,NA,NA,NA,NA,NA,NA,NA,NA,NA,NA,NA,NA,NA,NA,NA,NA,NA,NA,NA,NA,NA,NA,NA,NA,NA,NA,NA,NA,NA,NA,NA,NA,NA,NA,NA,NA,NA,NA,NA,NA,NA,NA,NA,NA,NA,NA
NA,NA,NA,NA,NA,NA,NA,NA,NA,NA,NA,NA,NA,NA,NA,NA,89,2026-02-20,14:42:41,3,1,"Slifka, Denver",10107869,Right,CAR_EAG,"Stillinger, Andrew",10039721,Left,LEN_BEA,Undefined,2,Top,2,0,0,Fastball,Changeup,BallCalled,Undefined,Undefined,Undefined,0,0,NA,83.44027,1.2301,-2.86496,1929.755265,219.522455,01:15:00,5.75432,1.62329,6.11706,-31.73187,8.44095,5.84303,4.24893,-0.54091,75.62388,-4.716164,-1.814008,0.456181,NA,NA,NA,NA,NA,NA,NA,NA,NA,NA,NA,-3.85327,4.40776,-1.40635,50,5.83243,5.8227,-120.98191,1.62646,-5.66337,25.44036,-25.69576,CAR_EAG,LEN_BEA,CarsonNewman,D2,Team,20260220-CarsonNewman-1,53eb6340-0e94-11f1-8304-27cb6f288688,82.626,NA,NA,7.81639,NA,NA,NA,NA,NA,NA,46df0e37-f40e-476d-8c8d-a76c06d1b556,2026-02-20,19:42:41,2026-02-20T19:42:41Z,2026-02-20T19:42:41Z,NA,v3,CNE,NA,NA,"Rogers, Jacob",1000215913,Right,CAR_EAG,de41f1a4-23e1-47e9-8751-349fd404c28c,54.38084,-121.89964,12.72018,5.75704,2.5534,-12.84788,-1.62008,6.027,-2.83169,NA,NA,NA,NA,NA,NA,NA,NA,NA,NA,NA,NA,NA,NA,NA,NA,NA,NA,NA,NA,NA,NA,NA,NA,NA,NA,NA,NA,NA,NA,NA,NA,NA,NA,NA,NA,NA,NA,NA,NA,NA,NA,NA,NA,NA,NA,NA,NA,NA,NA,High,High,High,NA,NA,NA,NA,NA,NA,NA,NA,NA,NA,NA,NA,NA,NA,NA,NA,NA,NA,NA,NA,NA,NA,NA,NA,NA,NA,NA,NA,NA,NA,NA,NA,NA,NA,NA,NA,NA,NA,NA,NA,NA,NA,NA,NA,NA,NA,NA,NA
NA,NA,NA,NA,NA,NA,NA,NA,NA,NA,NA,NA,NA,NA,NA,NA,90,2026-02-20,14:42:55,3,2,"Slifka, Denver",10107869,Right,CAR_EAG,"Stillinger, Andrew",10039721,Left,LEN_BEA,Undefined,2,Top,2,1,0,Fastball,Changeup,FoulBallNotFieldable,Undefined,Undefined,Undefined,0,0,NA,83.40851,0.502607,-2.306658,1878.681591,237.639377,02:00:00,5.67803,1.58805,6.42576,-30.68202,9.81386,12.91509,3.58358,0.54287,74.17657,-5.337765,0.033379,0.458012,NA,NA,NA,NA,NA,NA,NA,NA,NA,NA,NA,-7.54111,5.40437,-1.42879,50,5.70039,4.37046,-120.85069,0.19305,-10.81267,30.23514,-24.4251,CAR_EAG,LEN_BEA,CarsonNewman,D2,Team,20260220-CarsonNewman-1,5c47bcf0-0e94-11f1-8304-27cb6f288688,82.29572,NA,NA,9.23193,NA,NA,NA,NA,NA,NA,46df0e37-f40e-476d-8c8d-a76c06d1b556,2026-02-20,19:42:55,2026-02-20T19:42:55Z,2026-02-20T19:42:55Z,NA,v3,CNE,NA,NA,"Rogers, Jacob",1000215913,Right,CAR_EAG,e4bb34e5-e0c8-4fd8-99e2-25340515f979,54.07037,-121.86478,15.11757,5.68018,1.01227,-12.21255,-1.58146,4.73311,-5.40634,NA,NA,NA,NA,NA,NA,NA,NA,NA,NA,NA,NA,NA,NA,NA,NA,NA,NA,NA,NA,NA,NA,NA,NA,NA,NA,NA,NA,NA,NA,NA,NA,NA,NA,NA,NA,NA,NA,NA,NA,NA,NA,NA,NA,NA,NA,NA,NA,NA,NA,High,High,High,NA,NA,NA,NA,NA,NA,NA,NA,NA,NA,NA,NA,NA,NA,NA,NA,NA,NA,NA,NA,NA,NA,NA,NA,NA,NA,NA,NA,NA,NA,NA,NA,NA,NA,NA,NA,NA,NA,NA,NA,NA,NA,NA,NA,NA,NA,NA,NA
NA,NA,NA,NA,NA,NA,NA,NA,NA,NA,NA,NA,NA,NA,NA,NA,91,2026-02-20,14:43:18,3,3,"Slifka, Denver",10107869,Right,CAR_EAG,"Stillinger, Andrew",10039721,Left,LEN_BEA,Undefined,2,Top,2,1,1,ChangeUp,Changeup,StrikeCalled,Undefined,Undefined,Undefined,0,0,NA,78.15923,0.057146,-2.806944,1423.434109,268.795538,03:00:00,5.86762,1.62875,6.60862,-42.88463,1.93669,20.70013,2.34632,0.78051,71.34608,-7.965071,0.96119,0.481852,NA,NA,NA,NA,NA,NA,NA,NA,NA,NA,NA,-11.65418,1.5065,-1.44475,50,5.85455,4.8532400000000004,-113.54188,-1.07551,-15.08362,22.44824,-30.224240000000002,CAR_EAG,LEN_BEA,CarsonNewman,D2,Team,20260220-CarsonNewman-1,69c43110-0e94-11f1-8304-27cb6f288688,78.22407,NA,NA,6.81315,NA,NA,NA,NA,NA,NA,46df0e37-f40e-476d-8c8d-a76c06d1b556,2026-02-20,19:43:18,2026-02-20T19:43:18Z,2026-02-20T19:43:18Z,NA,v3,CNE,NA,NA,"Rogers, Jacob",1000215913,Right,CAR_EAG,7c431bdd-c878-4800-b839-cc8d14a4db67,53.893,-114.30897,11.22412,5.87366,-0.0427,-15.112120000000001,-1.6194,5.36867,-7.54181,NA,NA,NA,NA,NA,NA,NA,NA,NA,NA,NA,NA,NA,NA,NA,NA,NA,NA,NA,NA,NA,NA,NA,NA,NA,NA,NA,NA,NA,NA,NA,NA,NA,NA,NA,NA,NA,NA,NA,NA,NA,NA,NA,NA,NA,NA,NA,NA,NA,NA,High,High,High,NA,NA,NA,NA,NA,NA,NA,NA,NA,NA,NA,NA,NA,NA,NA,NA,NA,NA,NA,NA,NA,NA,NA,NA,NA,NA,NA,NA,NA,NA,NA,NA,NA,NA,NA,NA,NA,NA,NA,NA,NA,NA,NA,NA,NA,NA,NA,NA
NA,NA,NA,NA,NA,NA,NA,NA,NA,NA,NA,NA,NA,NA,NA,NA,92,2026-02-20,14:43:34,3,4,"Slifka, Denver",10107869,Right,CAR_EAG,"Stillinger, Andrew",10039721,Left,LEN_BEA,Undefined,2,Top,2,1,2,ChangeUp,Changeup,BallCalled,Undefined,Undefined,Undefined,0,0,NA,79.42521,-2.372637,-4.190451,1571.848518,248.108619,02:15:00,5.8126,1.64943,6.38706,-34.17821,9.17414,19.58863,0.77478,-0.57977,73.53262,-8.720768,-0.646578,0.47389,NA,NA,NA,NA,NA,NA,NA,NA,NA,NA,NA,-11.27418,5.81945,-1.35583,50,5.62559,7.75567,-115.20841,-5.74594,-15.266,19.90679,-24.29414,CAR_EAG,LEN_BEA,CarsonNewman,D2,Team,20260220-CarsonNewman-1,736789b0-0e94-11f1-8304-27cb6f288688,79.53836,NA,NA,5.89259,NA,NA,NA,NA,NA,NA,46df0e37-f40e-476d-8c8d-a76c06d1b556,2026-02-20,19:43:34,2026-02-20T19:43:34Z,2026-02-20T19:43:34Z,NA,v3,CNE,NA,NA,"Rogers, Jacob",1000215913,Right,CAR_EAG,71e846f6-2b21-476f-a79c-231c04b91782,54.11562,-115.91736,9.9534,5.81482,-4.88074,-12.14707,-1.64172,8.29934,-7.633,NA,NA,NA,NA,NA,NA,NA,NA,NA,NA,NA,NA,NA,NA,NA,NA,NA,NA,NA,NA,NA,NA,NA,NA,NA,NA,NA,NA,NA,NA,NA,NA,NA,NA,NA,NA,NA,NA,NA,NA,NA,NA,NA,NA,NA,NA,NA,NA,NA,NA,High,High,High,NA,NA,NA,NA,NA,NA,NA,NA,NA,NA,NA,NA,NA,NA,NA,NA,NA,NA,NA,NA,NA,NA,NA,NA,NA,NA,NA,NA,NA,NA,NA,NA,NA,NA,NA,NA,NA,NA,NA,NA,NA,NA,NA,NA,NA,NA,NA,NA
NA,NA,NA,NA,NA,NA,NA,NA,NA,NA,NA,NA,NA,NA,NA,NA,93,2026-02-20,14:43:50,3,5,"Slifka, Denver",10107869,Right,CAR_EAG,"Stillinger, Andrew",10039721,Left,LEN_BEA,Undefined,2,Top,2,2,2,Slider,Curveball,BallCalled,Undefined,Undefined,Undefined,0,0,NA,74.55107,0.750865,-1.804498,2538.308507,68.927002,08:15:00,5.99066,1.71063,5.97651,-55.18672,-4.44851,-16.02237,2.08823,-1.29797,68.08904,-9.393818,-4.686196,0.512671,NA,NA,NA,NA,NA,NA,NA,NA,NA,NA,NA,7.79961,-2.22705,-1.55841,50,6.0189,3.94569,-108.23994,-0.19287,9.10341,21.74448,-34.77337,CAR_EAG,LEN_BEA,CarsonNewman,D2,Team,20260220-CarsonNewman-1,7d3303c0-0e94-11f1-8304-27cb6f288688,73.52167,NA,NA,6.46202,NA,NA,NA,NA,NA,NA,46df0e37-f40e-476d-8c8d-a76c06d1b556,2026-02-20,19:43:50,2026-02-20T19:43:50Z,2026-02-20T19:43:50Z,NA,v3,CNE,NA,NA,"Rogers, Jacob",1000215913,Right,CAR_EAG,a9ad305a-4e45-4996-9902-63cf5eecfaf1,54.52774,-109.14574,10.87224,5.99676,1.25565,-17.38669,-1.71487,3.56648,4.55171,NA,NA,NA,NA,NA,NA,NA,NA,NA,NA,NA,NA,NA,NA,NA,NA,NA,NA,NA,NA,NA,NA,NA,NA,NA,NA,NA,NA,NA,NA,NA,NA,NA,NA,NA,NA,NA,NA,NA,NA,NA,NA,NA,NA,NA,NA,NA,NA,NA,NA,High,High,High,NA,NA,NA,NA,NA,NA,NA,NA,NA,NA,NA,NA,NA,NA,NA,NA,NA,NA,NA,NA,NA,NA,NA,NA,NA,NA,NA,NA,NA,NA,NA,NA,NA,NA,NA,NA,NA,NA,NA,NA,NA,NA,NA,NA,NA,NA,NA,NA
NA,NA,NA,NA,NA,NA,NA,NA,NA,NA,NA,NA,NA,NA,NA,NA,94,2026-02-20,14:44:08,3,6,"Slifka, Denver",10107869,Right,CAR_EAG,"Stillinger, Andrew",10039721,Left,LEN_BEA,Undefined,2,Top,2,3,2,Fastball,Changeup,StrikeSwinging,Strikeout,Undefined,Undefined,0,0,NA,82.64236,-0.927865,-3.063508,2070.039238,230.268583,01:45:00,5.90778,1.47091,6.53061,-31.38699,8.04685,8.38835,2.43971,-0.64312,76.81574,-6.781255,-1.541384,0.451966,NA,NA,NA,NA,NA,NA,NA,NA,NA,NA,NA,-5.12642,4.80024,-1.2613,50,5.82968,6.13556,-120.173,-2.84289,-7.60317,20.18736,-25.0546,CAR_EAG,LEN_BEA,CarsonNewman,D2,Team,20260220-CarsonNewman-1,875eed50-0e94-11f1-8304-27cb6f288688,83.39662,NA,NA,5.82662,NA,NA,NA,NA,NA,NA,46df0e37-f40e-476d-8c8d-a76c06d1b556,2026-02-20,19:44:08,2026-02-20T19:44:08Z,2026-02-20T19:44:08Z,NA,v3,CNE,NA,NA,"Rogers, Jacob",1000215913,Right,CAR_EAG,a9984d7d-ed19-4aa0-a5e7-cf20fcfb267e,53.97163,-120.83833,10.09368,5.90976,-2.01714,-12.5273,-1.46764,6.38615,-3.80158,NA,NA,NA,NA,NA,NA,NA,NA,NA,NA,NA,NA,NA,NA,NA,NA,NA,NA,NA,NA,NA,NA,NA,NA,NA,NA,NA,NA,NA,NA,NA,NA,NA,NA,NA,NA,NA,NA,NA,NA,NA,NA,NA,NA,NA,NA,NA,NA,NA,NA,High,High,High,NA,NA,NA,NA,NA,NA,NA,NA,NA,NA,NA,NA,NA,NA,NA,NA,NA,NA,NA,NA,NA,NA,NA,NA,NA,NA,NA,NA,NA,NA,NA,NA,NA,NA,NA,NA,NA,NA,NA,NA,NA,NA,NA,NA,NA,NA,NA,NA
NA,NA,NA,NA,NA,NA,NA,NA,NA,NA,NA,NA,NA,NA,NA,NA,95,2026-02-20,14:46:15,1,1,"Joyce, Mike",10908770,Right,LEN_BEA,"Nathan, Cole",1000323259,Right,CAR_EAG,Undefined,2,Bottom,0,0,0,Slider,Slider,BallCalled,Undefined,Undefined,Undefined,0,0,NA,82.2922,-1.249848,-2.903474,2195.576093,119.24455,10:00:00,5.60795,2.15869,5.93487,-33.79427,7.74567,-11.39961,1.63051,-1.48734,75.27626,-7.49736,-4.946907,0.463879,NA,NA,NA,NA,NA,NA,NA,NA,NA,NA,NA,4.96433,4.77339,-1.9204,50,5.48912,6.49582,-119.32323,-3.67039,7.10408,24.55381,-25.34316,CAR_EAG,LEN_BEA,CarsonNewman,D2,Team,20260220-CarsonNewman-1,d3352460-0e94-11f1-8304-27cb6f288688,81.25495,NA,NA,7.01593,NA,NA,NA,NA,NA,NA,46df0e37-f40e-476d-8c8d-a76c06d1b556,2026-02-20,19:46:15,2026-02-20T19:46:15Z,2026-02-20T19:46:15Z,NA,v3,CNE,NA,NA,"Christmas, Seth",1000191967,Right,LEN_BEA,e7b1f004-4079-4d26-b79c-af373f7aebb2,54.56475,-120.25887,12.27691,5.61059,-2.70467,-12.67158,-2.16277,6.22511,3.55204,NA,NA,NA,NA,NA,NA,NA,NA,NA,NA,NA,NA,NA,NA,NA,NA,NA,NA,NA,NA,NA,NA,NA,NA,NA,NA,NA,NA,NA,NA,NA,NA,NA,NA,NA,NA,NA,NA,NA,NA,NA,NA,NA,NA,NA,NA,NA,NA,NA,NA,High,High,High,NA,NA,NA,NA,NA,NA,NA,NA,NA,NA,NA,NA,NA,NA,NA,NA,NA,NA,NA,NA,NA,NA,NA,NA,NA,NA,NA,NA,NA,NA,NA,NA,NA,NA,NA,NA,NA,NA,NA,NA,NA,NA,NA,NA,NA,NA,NA,NA
NA,NA,NA,NA,NA,NA,NA,NA,NA,NA,NA,NA,NA,NA,NA,NA,96,2026-02-20,14:46:30,1,2,"Joyce, Mike",10908770,Right,LEN_BEA,"Nathan, Cole",1000323259,Right,CAR_EAG,Undefined,2,Bottom,0,1,0,Slider,Slider,BallCalled,Undefined,Undefined,Undefined,0,0,NA,81.33571,1.900552,-0.797566,2174.522446,129.543624,10:15:00,5.62456,2.29306,5.95547,-32.96462,10.20339,-10.35544,4.64092,0.69039,72.5977,-4.311769,-2.656608,0.472882,NA,NA,NA,NA,NA,NA,NA,NA,NA,NA,NA,4.96103,5.05607,-2.22424,50,5.75774,2.05739,-117.78536,2.91271,6.79629,27.55038,-25.24756,CAR_EAG,LEN_BEA,CarsonNewman,D2,Team,20260220-CarsonNewman-1,dc411f00-0e94-11f1-8304-27cb6f288688,79.70796,NA,NA,8.738,NA,NA,NA,NA,NA,NA,46df0e37-f40e-476d-8c8d-a76c06d1b556,2026-02-20,19:46:30,2026-02-20T19:46:30Z,2026-02-20T19:46:30Z,NA,v3,CNE,NA,NA,"Christmas, Seth",1000191967,Right,LEN_BEA,200f7243-c3fd-4b5b-abe5-df842cc9ed5a,54.53936,-118.84239,13.77519,5.62741,3.88138,-12.62378,-2.29817,1.79664,3.39814,NA,NA,NA,NA,NA,NA,NA,NA,NA,NA,NA,NA,NA,NA,NA,NA,NA,NA,NA,NA,NA,NA,NA,NA,NA,NA,NA,NA,NA,NA,NA,NA,NA,NA,NA,NA,NA,NA,NA,NA,NA,NA,NA,NA,NA,NA,NA,NA,NA,NA,High,High,High,NA,NA,NA,NA,NA,NA,NA,NA,NA,NA,NA,NA,NA,NA,NA,NA,NA,NA,NA,NA,NA,NA,NA,NA,NA,NA,NA,NA,NA,NA,NA,NA,NA,NA,NA,NA,NA,NA,NA,NA,NA,NA,NA,NA,NA,NA,NA,NA
NA,NA,NA,NA,NA,NA,NA,NA,NA,NA,NA,NA,NA,NA,NA,NA,97,2026-02-20,14:46:48,1,3,"Joyce, Mike",10908770,Right,LEN_BEA,"Nathan, Cole",1000323259,Right,CAR_EAG,Undefined,2,Bottom,0,2,0,Fastball,Four-Seam,StrikeSwinging,Undefined,Undefined,Undefined,0,0,NA,88.88115,-1.739431,-2.611931,2320.658936,193.781931,12:30:00,5.639,2.1532,6.52453,-19.98753,14.1454,3.23811,2.37533,0.02499,82.37327,-5.512216,-2.024561,0.420492,NA,NA,NA,NA,NA,NA,NA,NA,NA,NA,NA,-2.32595,8.14776,-1.97272,50,5.50893,5.77213,-129.22612,-4.48827,-3.9853,23.58527,-18.21371,CAR_EAG,LEN_BEA,CarsonNewman,D2,Team,20260220-CarsonNewman-1,e71f4190-0e94-11f1-8304-27cb6f288688,89.63883,NA,NA,6.50788,NA,NA,NA,NA,NA,NA,46df0e37-f40e-476d-8c8d-a76c06d1b556,2026-02-20,19:46:48,2026-02-20T19:46:48Z,2026-02-20T19:46:48Z,NA,v3,CNE,NA,NA,"Christmas, Seth",1000191967,Right,LEN_BEA,5c760eab-a584-4366-954a-048d043acde5,53.97711,-129.94996,11.79263,5.6381,-3.92928,-9.10685,-2.15175,5.89444,-1.99265,NA,NA,NA,NA,NA,NA,NA,NA,NA,NA,NA,NA,NA,NA,NA,NA,NA,NA,NA,NA,NA,NA,NA,NA,NA,NA,NA,NA,NA,NA,NA,NA,NA,NA,NA,NA,NA,NA,NA,NA,NA,NA,NA,NA,NA,NA,NA,NA,NA,NA,High,High,High,NA,NA,NA,NA,NA,NA,NA,NA,NA,NA,NA,NA,NA,NA,NA,NA,NA,NA,NA,NA,NA,NA,NA,NA,NA,NA,NA,NA,NA,NA,NA,NA,NA,NA,NA,NA,NA,NA,NA,NA,NA,NA,NA,NA,NA,NA,NA,NA
NA,NA,NA,NA,NA,NA,NA,NA,NA,NA,NA,NA,NA,NA,NA,NA,98,2026-02-20,14:47:05,1,4,"Joyce, Mike",10908770,Right,LEN_BEA,"Nathan, Cole",1000323259,Right,CAR_EAG,Undefined,2,Bottom,0,2,1,Slider,Slider,InPlay,Undefined,FlyBall,Out,1,0,NA,81.81854,-0.875309,-1.231352,2152.865073,104.656996,09:30:00,5.71074,2.16023,5.94243,-36.53163,5.73268,-16.20036,1.85422,-0.33222,74.23464,-7.648122,-4.142891,0.467906,86.70736,22.259916,-8.520101,2305.515929,108.91248,37.13001,-15.42826,317.28959,313.26703,-8.309389,3.839411,7.96331,3.6389,-2.05276,50,5.62048,3.16889,-118.71513,-2.95991,11.16802,26.3893,-27.07072,CAR_EAG,LEN_BEA,CarsonNewman,D2,Team,20260220-CarsonNewman-1,f13ad770-0e94-11f1-8304-27cb6f288688,80.55565,44.937,NA,7.5839,NA,NA,NA,2.49913,2.0826,0.2609,46df0e37-f40e-476d-8c8d-a76c06d1b556,2026-02-20,19:47:05,2026-02-20T19:47:05Z,2026-02-20T19:47:05Z,LineDrive,v3,CNE,NA,NA,"Christmas, Seth",1000191967,Right,LEN_BEA,c609d7fa-f935-4808-a685-200a55f17aea,54.55838,-119.72412,13.19465,5.71387,-1.92486,-13.53536,-2.16576,2.74188,5.58401,182.524985,2.49873,116.40586,-16.39844,3.44215,-0.80248,0.21129,-0.04909,0.00709,-4.3e-4,2.08302,48.16131,-14.44584,0.51068,0.07534,-0.08123,0.02839,-0.00446,2.6e-4,0.26092,-17.43753,2.82172,-0.67011,0.14823,-0.03246,0.00603,-7.6e-4,5e-5,NA,NA,NA,NA,NA,NA,NA,NA,NA,NA,NA,NA,NA,NA,NA,NA,NA,NA,NA,NA,NA,NA,High,High,High,High,High,NA,NA,NA,NA,NA,NA,NA,NA,NA,NA,NA,NA,NA,NA,NA,NA,NA,NA,NA,NA,NA,NA,NA,NA,NA,NA,NA,NA,NA,NA,NA,NA,NA,NA,NA,NA,NA,NA,NA,NA,NA,NA,NA,NA,NA,NA
NA,NA,NA,NA,NA,NA,NA,NA,NA,NA,NA,NA,NA,NA,NA,NA,99,2026-02-20,14:47:34,2,1,"Joyce, Mike",10908770,Right,LEN_BEA,"Soto Diaz, Bradley",1000475324,Right,CAR_EAG,Undefined,2,Bottom,1,0,0,Slider,Curveball,FoulBallNotFieldable,Undefined,Undefined,Undefined,0,0,NA,76.72118,1.706508,-1.1121,1968.601174,55.399395,07:45:00,6.26718,1.96886,6.2314,-52.67456,-5.37536,-10.09001,3.45281,0.10188,69.91981,-8.047669,-2.93577,0.494992,65.18884,44.251759,126.575216,4758.852592,NA,NA,NA,NA,25.03449,NA,NA,4.89551,-2.87791,-1.88093,50,6.36879,2.51352,-111.432,1.7637,6.08068,22.29262,-35.74869,CAR_EAG,LEN_BEA,CarsonNewman,D2,Team,20260220-CarsonNewman-1,027d2d30-0e95-11f1-8304-27cb6f288688,76.14758,24.9079,NA,6.80137,NA,NA,NA,0.75484,3.30232,-0.08453,46df0e37-f40e-476d-8c8d-a76c06d1b556,2026-02-20,19:47:34,2026-02-20T19:47:34Z,2026-02-20T19:47:34Z,NA,v3,CNE,NA,NA,"Christmas, Seth",1000191967,Right,LEN_BEA,f0b9153e-7254-4003-b3fc-035859c16e74,54.27113,-112.28321,11.14631,6.27538,3.12872,-17.87435,-1.97247,2.28133,3.04034,317.107841,0.76562,-41.183,-3.36657,NA,NA,NA,NA,NA,NA,3.31665,66.22719,-28.59874,NA,NA,NA,NA,NA,NA,-0.07322,54.61028,-13.12379,NA,NA,NA,NA,NA,NA,NA,NA,NA,NA,NA,NA,NA,NA,NA,NA,NA,NA,NA,NA,NA,NA,NA,NA,NA,NA,NA,NA,High,High,High,High,Undefined,NA,NA,NA,NA,NA,NA,NA,NA,NA,NA,NA,NA,NA,NA,NA,NA,NA,NA,NA,NA,NA,NA,NA,NA,NA,NA,NA,NA,NA,NA,NA,NA,NA,NA,NA,NA,NA,NA,NA,NA,NA,NA,NA,NA,NA,NA
NA,NA,NA,NA,NA,NA,NA,NA,NA,NA,NA,NA,NA,NA,NA,NA,100,2026-02-20,14:47:51,2,2,"Joyce, Mike",10908770,Right,LEN_BEA,"Soto Diaz, Bradley",1000475324,Right,CAR_EAG,Undefined,2,Bottom,1,0,1,Slider,Slider,BallCalled,Undefined,Undefined,Undefined,0,0,NA,84.18065,-1.938605,-4.215695,2194.148022,129.213772,10:15:00,5.87128,2.15739,5.99315,-29.43332,11.28965,-11.82674,1.61633,-2.74214,75.23888,-7.446678,-6.330566,0.459294,NA,NA,NA,NA,NA,NA,NA,NA,NA,NA,NA,4.42969,7.0087,-1.81852,50,5.70235,9.44573,-121.51407,-5.02119,6.41288,30.85019,-22.02752,CAR_EAG,LEN_BEA,CarsonNewman,D2,Team,20260220-CarsonNewman-1,0c9cbab0-0e95-11f1-8304-27cb6f288688,82.06596,NA,NA,8.94177,NA,NA,NA,NA,NA,NA,46df0e37-f40e-476d-8c8d-a76c06d1b556,2026-02-20,19:47:51,2026-02-20T19:47:51Z,2026-02-20T19:47:51Z,NA,v3,CNE,NA,NA,"Christmas, Seth",1000191967,Right,LEN_BEA,1dad24b3-0277-4664-800b-aedccd51e1e4,54.50076,-122.65141,15.4251,5.8725,-4.20911,-11.01376,-2.1624,9.2093,3.20644,NA,NA,NA,NA,NA,NA,NA,NA,NA,NA,NA,NA,NA,NA,NA,NA,NA,NA,NA,NA,NA,NA,NA,NA,NA,NA,NA,NA,NA,NA,NA,NA,NA,NA,NA,NA,NA,NA,NA,NA,NA,NA,NA,NA,NA,NA,NA,NA,NA,NA,High,High,High,NA,NA,NA,NA,NA,NA,NA,NA,NA,NA,NA,NA,NA,NA,NA,NA,NA,NA,NA,NA,NA,NA,NA,NA,NA,NA,NA,NA,NA,NA,NA,NA,NA,NA,NA,NA,NA,NA,NA,NA,NA,NA,NA,NA,NA,NA,NA,NA
NA,NA,NA,NA,NA,NA,NA,NA,NA,NA,NA,NA,NA,NA,NA,NA,101,2026-02-20,14:48:06,2,3,"Joyce, Mike",10908770,Right,LEN_BEA,"Soto Diaz, Bradley",1000475324,Right,CAR_EAG,Undefined,2,Bottom,1,1,1,Fastball,Cutter,BallCalled,Undefined,Undefined,Undefined,0,0,NA,88.93098,-3.293419,-3.303586,2223.984833,184.909473,12:15:00,6.06878,2.06284,6.38175,-25.23466,9.63619,0.73224,0.92766,-0.91871,81.66701,-7.999408,-3.171158,0.425013,NA,NA,NA,NA,NA,NA,NA,NA,NA,NA,NA,-1.31386,6.30268,-1.82493,50,5.81921,7.41105,-128.88601,-8.19926,-2.20716,27.10956,-21.58596,CAR_EAG,LEN_BEA,CarsonNewman,D2,Team,20260220-CarsonNewman-1,158e4f80-0e95-11f1-8304-27cb6f288688,88.6853,NA,NA,7.26397,NA,NA,NA,NA,NA,NA,46df0e37-f40e-476d-8c8d-a76c06d1b556,2026-02-20,19:48:06,2026-02-20T19:48:06Z,2026-02-20T19:48:06Z,NA,v3,CNE,NA,NA,"Christmas, Seth",1000191967,Right,LEN_BEA,9fd4ff1f-2fbb-4995-8c05-3c1919e46d21,54.11883,-129.74947,13.55478,6.06941,-7.51173,-10.79298,-2.0621,7.48135,-1.10358,NA,NA,NA,NA,NA,NA,NA,NA,NA,NA,NA,NA,NA,NA,NA,NA,NA,NA,NA,NA,NA,NA,NA,NA,NA,NA,NA,NA,NA,NA,NA,NA,NA,NA,NA,NA,NA,NA,NA,NA,NA,NA,NA,NA,NA,NA,NA,NA,NA,NA,High,High,High,NA,NA,NA,NA,NA,NA,NA,NA,NA,NA,NA,NA,NA,NA,NA,NA,NA,NA,NA,NA,NA,NA,NA,NA,NA,NA,NA,NA,NA,NA,NA,NA,NA,NA,NA,NA,NA,NA,NA,NA,NA,NA,NA,NA,NA,NA,NA,NA
NA,NA,NA,NA,NA,NA,NA,NA,NA,NA,NA,NA,NA,NA,NA,NA,102,2026-02-20,14:48:24,2,4,"Joyce, Mike",10908770,Right,LEN_BEA,"Soto Diaz, Bradley",1000475324,Right,CAR_EAG,Undefined,2,Bottom,1,2,1,Fastball,Sinker,BallCalled,Undefined,Undefined,Undefined,0,0,NA,90.16772,0.076812,-3.170742,1963.874052,259.309058,02:45:00,5.86241,2.27608,6.90702,-28.15596,5.47851,22.49545,3.58615,1.25983,81.08741,-5.283309,0.941393,0.417411,NA,NA,NA,NA,NA,NA,NA,NA,NA,NA,NA,-12.87426,3.2789,-2.08225,50,5.85783,6.37152,-130.87729,-0.64029,-21.91088,32.45828,-26.59363,CAR_EAG,LEN_BEA,CarsonNewman,D2,Team,20260220-CarsonNewman-1,20830750-0e95-11f1-8304-27cb6f288688,90.30057,NA,NA,9.0803,NA,NA,NA,NA,NA,NA,46df0e37-f40e-476d-8c8d-a76c06d1b556,2026-02-20,19:48:24,2026-02-20T19:48:24Z,2026-02-20T19:48:24Z,NA,v3,CNE,NA,NA,"Christmas, Seth",1000191967,Right,LEN_BEA,cc82639e-ba39-4fb1-8055-ca9342508996,53.592529999999996,-131.76524,16.22914,5.8654,0.08723,-13.29681,-2.26475,6.97093,-10.95544,NA,NA,NA,NA,NA,NA,NA,NA,NA,NA,NA,NA,NA,NA,NA,NA,NA,NA,NA,NA,NA,NA,NA,NA,NA,NA,NA,NA,NA,NA,NA,NA,NA,NA,NA,NA,NA,NA,NA,NA,NA,NA,NA,NA,NA,NA,NA,NA,NA,NA,High,High,High,NA,NA,NA,NA,NA,NA,NA,NA,NA,NA,NA,NA,NA,NA,NA,NA,NA,NA,NA,NA,NA,NA,NA,NA,NA,NA,NA,NA,NA,NA,NA,NA,NA,NA,NA,NA,NA,NA,NA,NA,NA,NA,NA,NA,NA,NA,NA,NA
NA,NA,NA,NA,NA,NA,NA,NA,NA,NA,NA,NA,NA,NA,NA,NA,103,2026-02-20,14:48:40,2,5,"Joyce, Mike",10908770,Right,LEN_BEA,"Soto Diaz, Bradley",1000475324,Right,CAR_EAG,Undefined,2,Bottom,1,3,1,Fastball,Sinker,FoulBallNotFieldable,Undefined,Undefined,Undefined,0,0,NA,90.67876,-1.708184,-2.729204,2015.364981,235.922641,01:45:00,5.82569,2.15215,6.24964,-20.83777,12.59387,17.09851,2.51154,1.05804,83.2396,-5.633685,0.358651,0.41615,NA,NA,NA,NA,NA,NA,NA,NA,NA,NA,NA,-9.6343,7.31363,-1.95738,50,5.68815,5.58919,-131.71586,-4.57038,-16.98275,27.08942,-19.28204,CAR_EAG,LEN_BEA,CarsonNewman,D2,Team,20260220-CarsonNewman-1,2a059180-0e95-11f1-8304-27cb6f288688,90.57411,NA,NA,7.43916,NA,NA,NA,NA,NA,NA,46df0e37-f40e-476d-8c8d-a76c06d1b556,2026-02-20,19:48:40,2026-02-20T19:48:40Z,2026-02-20T19:48:40Z,NA,v3,CNE,NA,NA,"Christmas, Seth",1000191967,Right,LEN_BEA,50bbac08-5ab3-496b-a764-5cd9fb0574d7,54.25289,-132.58765,13.54471,5.82525,-3.94985,-9.64102,-2.14605,6.13572,-8.49137,NA,NA,NA,NA,NA,NA,NA,NA,NA,NA,NA,NA,NA,NA,NA,NA,NA,NA,NA,NA,NA,NA,NA,NA,NA,NA,NA,NA,NA,NA,NA,NA,NA,NA,NA,NA,NA,NA,NA,NA,NA,NA,NA,NA,NA,NA,NA,NA,NA,NA,High,High,High,NA,NA,NA,NA,NA,NA,NA,NA,NA,NA,NA,NA,NA,NA,NA,NA,NA,NA,NA,NA,NA,NA,NA,NA,NA,NA,NA,NA,NA,NA,NA,NA,NA,NA,NA,NA,NA,NA,NA,NA,NA,NA,NA,NA,NA,NA,NA,NA
NA,NA,NA,NA,NA,NA,NA,NA,NA,NA,NA,NA,NA,NA,NA,NA,104,2026-02-20,14:49:02,2,6,"Joyce, Mike",10908770,Right,LEN_BEA,"Soto Diaz, Bradley",1000475324,Right,CAR_EAG,Undefined,2,Bottom,1,3,2,Slider,Slider,BallCalled,Walk,Undefined,Undefined,0,0,NA,80.99159,0.996661,-1.186788,2082.614587,146.831488,11:00:00,6.01988,2.2176,5.82732,-31.18482,13.54414,-7.52311,4.34798,0.48722,70.78491,-4.945428,-2.534257,0.481355,NA,NA,NA,NA,NA,NA,NA,NA,NA,NA,NA,3.26945,7.04804,-2.11645,50,6.0838,2.73867,-116.96781,1.11923,4.31695,31.68152,-22.86789,CAR_EAG,LEN_BEA,CarsonNewman,D2,Team,20260220-CarsonNewman-1,372566b0-0e95-11f1-8304-27cb6f288688,78.30483,NA,NA,10.20668,NA,NA,NA,NA,NA,NA,46df0e37-f40e-476d-8c8d-a76c06d1b556,2026-02-20,19:49:02,2026-02-20T19:49:02Z,2026-02-20T19:49:02Z,NA,v3,CNE,NA,NA,"Christmas, Seth",1000191967,Right,LEN_BEA,f0e6d1c5-1215-4608-9d72-e5f21432adbd,54.66187,-118.22376,15.84076,6.02146,2.02578,-11.43394,-2.22163,2.56754,2.15847,NA,NA,NA,NA,NA,NA,NA,NA,NA,NA,NA,NA,NA,NA,NA,NA,NA,NA,NA,NA,NA,NA,NA,NA,NA,NA,NA,NA,NA,NA,NA,NA,NA,NA,NA,NA,NA,NA,NA,NA,NA,NA,NA,NA,NA,NA,NA,NA,NA,NA,High,High,High,NA,NA,NA,NA,NA,NA,NA,NA,NA,NA,NA,NA,NA,NA,NA,NA,NA,NA,NA,NA,NA,NA,NA,NA,NA,NA,NA,NA,NA,NA,NA,NA,NA,NA,NA,NA,NA,NA,NA,NA,NA,NA,NA,NA,NA,NA,NA,NA
NA,NA,NA,NA,NA,NA,NA,NA,NA,NA,NA,NA,NA,NA,NA,NA,105,2026-02-20,14:49:30,3,1,"Joyce, Mike",10908770,Right,LEN_BEA,"Bishop, Matthew",10136275,Right,CAR_EAG,Undefined,2,Bottom,1,0,0,Fastball,Cutter,FoulBallNotFieldable,Undefined,Undefined,Undefined,0,0,NA,87.43129,-1.237826,-2.812116,2137.745865,216.850838,01:15:00,5.68912,2.19796,6.45252,-29.07844,7.07662,4.37532,2.12714,-0.02309,79.45104,-6.69846,-2.019147,0.432769,NA,NA,NA,NA,NA,NA,NA,NA,NA,NA,NA,-3.16185,4.44874,-2.00056,50,5.58849,6.06402,-126.86924,-3.62438,-5.09779,28.57129,-25.00146,CAR_EAG,LEN_BEA,CarsonNewman,D2,Team,20260220-CarsonNewman-1,47662af0-0e95-11f1-8304-27cb6f288688,87.09604,NA,NA,7.98025,NA,NA,NA,NA,NA,NA,46df0e37-f40e-476d-8c8d-a76c06d1b556,2026-02-20,19:49:30,2026-02-20T19:49:30Z,2026-02-20T19:49:30Z,NA,v3,CNE,NA,NA,"Christmas, Seth",1000191967,Right,LEN_BEA,355264e1-5078-4f2c-ba75-721b06a8652e,54.04748,-127.77749,14.28565,5.69107,-2.82961,-12.50073,-2.1959,6.22607,-2.54889,NA,NA,NA,NA,NA,NA,NA,NA,NA,NA,NA,NA,NA,NA,NA,NA,NA,NA,NA,NA,NA,NA,NA,NA,NA,NA,NA,NA,NA,NA,NA,NA,NA,NA,NA,NA,NA,NA,NA,NA,NA,NA,NA,NA,NA,NA,NA,NA,NA,NA,High,High,High,NA,NA,NA,NA,NA,NA,NA,NA,NA,NA,NA,NA,NA,NA,NA,NA,NA,NA,NA,NA,NA,NA,NA,NA,NA,NA,NA,NA,NA,NA,NA,NA,NA,NA,NA,NA,NA,NA,NA,NA,NA,NA,NA,NA,NA,NA,NA,NA
NA,NA,NA,NA,NA,NA,NA,NA,NA,NA,NA,NA,NA,NA,NA,NA,106,2026-02-20,14:49:49,3,2,"Joyce, Mike",10908770,Right,LEN_BEA,"Bishop, Matthew",10136275,Right,CAR_EAG,Undefined,2,Bottom,1,0,1,Slider,Slider,BallCalled,Undefined,Undefined,Undefined,0,0,NA,82.89733,-0.359906,-3.935592,2042.615668,141.165245,10:45:00,5.79494,2.2774200000000002,6.09161,-32.74998,8.55197,-5.65244,2.73207,-1.8399,74.65079,-6.485442,-4.949384,0.462548,NA,NA,NA,NA,NA,NA,NA,NA,NA,NA,NA,1.55303,5.00181,-1.97076,50,5.7503,8.47547,-119.93547,-1.75484,2.21525,27.67964,-25.03949,CAR_EAG,LEN_BEA,CarsonNewman,D2,Team,20260220-CarsonNewman-1,52ee9740-0e95-11f1-8304-27cb6f288688,81.48872,NA,NA,8.24654,NA,NA,NA,NA,NA,NA,46df0e37-f40e-476d-8c8d-a76c06d1b556,2026-02-20,19:49:49,2026-02-20T19:49:49Z,2026-02-20T19:49:49Z,NA,v3,CNE,NA,NA,"Christmas, Seth",1000191967,Right,LEN_BEA,04da1c44-4d62-4115-bf41-ba8967064a28,54.40457,-120.94772,13.83982,5.79773,-0.83914,-12.51975,-2.27923,8.39446,1.10763,NA,NA,NA,NA,NA,NA,NA,NA,NA,NA,NA,NA,NA,NA,NA,NA,NA,NA,NA,NA,NA,NA,NA,NA,NA,NA,NA,NA,NA,NA,NA,NA,NA,NA,NA,NA,NA,NA,NA,NA,NA,NA,NA,NA,NA,NA,NA,NA,NA,NA,High,High,High,NA,NA,NA,NA,NA,NA,NA,NA,NA,NA,NA,NA,NA,NA,NA,NA,NA,NA,NA,NA,NA,NA,NA,NA,NA,NA,NA,NA,NA,NA,NA,NA,NA,NA,NA,NA,NA,NA,NA,NA,NA,NA,NA,NA,NA,NA,NA,NA
NA,NA,NA,NA,NA,NA,NA,NA,NA,NA,NA,NA,NA,NA,NA,NA,107,2026-02-20,14:50:08,3,3,"Joyce, Mike",10908770,Right,LEN_BEA,"Bishop, Matthew",10136275,Right,CAR_EAG,Undefined,2,Bottom,1,1,1,Fastball,Sinker,StrikeSwinging,Undefined,Undefined,Undefined,0,0,NA,90.14853,-0.52395,-3.687725,1986.528068,252.705962,02:30:00,5.47957,2.41879,6.53753,-27.38777,6.29638,16.72245,2.71565,0.42508,82.24729,-5.673487,-0.655268,0.417719,NA,NA,NA,NA,NA,NA,NA,NA,NA,NA,NA,-9.77493,3.79748,-2.16912,50,5.4316,7.76783,-130.85093,-2.04856,-16.89975,28.33744,-25.60863,CAR_EAG,LEN_BEA,CarsonNewman,D2,Team,20260220-CarsonNewman-1,5e1f46a0-0e95-11f1-8304-27cb6f288688,90.23397,NA,NA,7.90123,NA,NA,NA,NA,NA,NA,46df0e37-f40e-476d-8c8d-a76c06d1b556,2026-02-20,19:50:08,2026-02-20T19:50:08Z,2026-02-20T19:50:08Z,NA,v3,CNE,NA,NA,"Christmas, Seth",1000191967,Right,LEN_BEA,66741de1-7608-4786-9e67-ad2ed21c0d97,53.96357,-131.70649,14.16872,5.48178,-1.27538,-12.80431,-2.41135,8.27806,-8.44988,NA,NA,NA,NA,NA,NA,NA,NA,NA,NA,NA,NA,NA,NA,NA,NA,NA,NA,NA,NA,NA,NA,NA,NA,NA,NA,NA,NA,NA,NA,NA,NA,NA,NA,NA,NA,NA,NA,NA,NA,NA,NA,NA,NA,NA,NA,NA,NA,NA,NA,High,High,High,NA,NA,NA,NA,NA,NA,NA,NA,NA,NA,NA,NA,NA,NA,NA,NA,NA,NA,NA,NA,NA,NA,NA,NA,NA,NA,NA,NA,NA,NA,NA,NA,NA,NA,NA,NA,NA,NA,NA,NA,NA,NA,NA,NA,NA,NA,NA,NA
NA,NA,NA,NA,NA,NA,NA,NA,NA,NA,NA,NA,NA,NA,NA,NA,108,2026-02-20,14:50:25,3,4,"Joyce, Mike",10908770,Right,LEN_BEA,"Bishop, Matthew",10136275,Right,CAR_EAG,Undefined,2,Bottom,1,1,2,Fastball,Sinker,BallCalled,Undefined,Undefined,Undefined,0,0,NA,89.34377,-1.208683,-2.291049,1828.125456,253.545309,02:30:00,5.66613,2.29132,6.68081,-27.89706,6.49528,17.88025,2.23468,1.68449,80.88105,-6.481657,0.967749,0.422087,NA,NA,NA,NA,NA,NA,NA,NA,NA,NA,NA,-10.06524,4.19709,-2.1439,50,5.57456,4.48359,-129.72019,-3.57208,-16.90936,30.69745,-25.12306,CAR_EAG,LEN_BEA,CarsonNewman,D2,Team,20260220-CarsonNewman-1,684a6ce0-0e95-11f1-8304-27cb6f288688,89.30007,NA,NA,8.46272,NA,NA,NA,NA,NA,NA,46df0e37-f40e-476d-8c8d-a76c06d1b556,2026-02-20,19:50:25,2026-02-20T19:50:25Z,2026-02-20T19:50:25Z,NA,v3,CNE,NA,NA,"Christmas, Seth",1000191967,Right,LEN_BEA,fbf6961b-958b-40b8-90cf-8ea613a2531a,53.81845,-130.62068,15.34873,5.66853,-2.83511,-12.56153,-2.28269,4.97962,-8.45468,NA,NA,NA,NA,NA,NA,NA,NA,NA,NA,NA,NA,NA,NA,NA,NA,NA,NA,NA,NA,NA,NA,NA,NA,NA,NA,NA,NA,NA,NA,NA,NA,NA,NA,NA,NA,NA,NA,NA,NA,NA,NA,NA,NA,NA,NA,NA,NA,NA,NA,High,High,High,NA,NA,NA,NA,NA,NA,NA,NA,NA,NA,NA,NA,NA,NA,NA,NA,NA,NA,NA,NA,NA,NA,NA,NA,NA,NA,NA,NA,NA,NA,NA,NA,NA,NA,NA,NA,NA,NA,NA,NA,NA,NA,NA,NA,NA,NA,NA,NA
NA,NA,NA,NA,NA,NA,NA,NA,NA,NA,NA,NA,NA,NA,NA,NA,109,2026-02-20,14:50:42,3,5,"Joyce, Mike",10908770,Right,LEN_BEA,"Bishop, Matthew",10136275,Right,CAR_EAG,Undefined,2,Bottom,1,2,2,Slider,Slider,BallCalled,Undefined,Undefined,Undefined,0,0,NA,83.84781,-1.86945,-3.81928,1926.50439,140.762217,10:45:00,5.77393,2.43733,5.91698,-34.4664,6.25126,-3.85303,1.16225,-1.43362,75.63042,-8.254644,-4.509162,0.459264,NA,NA,NA,NA,NA,NA,NA,NA,NA,NA,NA,0.65095,4.31949,-2.12868,50,5.6046,8.24969,-121.2238,-5.08161,0.94741,28.53412,-25.88719,CAR_EAG,LEN_BEA,CarsonNewman,D2,Team,20260220-CarsonNewman-1,726ba810-0e95-11f1-8304-27cb6f288688,82.07134,NA,NA,8.21739,NA,NA,NA,NA,NA,NA,46df0e37-f40e-476d-8c8d-a76c06d1b556,2026-02-20,19:50:42,2026-02-20T19:50:42Z,2026-02-20T19:50:42Z,NA,v3,CNE,NA,NA,"Christmas, Seth",1000191967,Right,LEN_BEA,967d77d5-a876-41ab-9851-1f8fae2f9257,54.57955,-122.297,14.26706,5.77741,-4.10796,-12.94359,-2.43829,8.21406,0.4737,NA,NA,NA,NA,NA,NA,NA,NA,NA,NA,NA,NA,NA,NA,NA,NA,NA,NA,NA,NA,NA,NA,NA,NA,NA,NA,NA,NA,NA,NA,NA,NA,NA,NA,NA,NA,NA,NA,NA,NA,NA,NA,NA,NA,NA,NA,NA,NA,NA,NA,High,High,High,NA,NA,NA,NA,NA,NA,NA,NA,NA,NA,NA,NA,NA,NA,NA,NA,NA,NA,NA,NA,NA,NA,NA,NA,NA,NA,NA,NA,NA,NA,NA,NA,NA,NA,NA,NA,NA,NA,NA,NA,NA,NA,NA,NA,NA,NA,NA,NA
NA,NA,NA,NA,NA,NA,NA,NA,NA,NA,NA,NA,NA,NA,NA,NA,110,2026-02-20,14:51:00,3,6,"Joyce, Mike",10908770,Right,LEN_BEA,"Bishop, Matthew",10136275,Right,CAR_EAG,Undefined,2,Bottom,1,3,2,Fastball,Sinker,FoulBallNotFieldable,Undefined,Undefined,Undefined,0,0,NA,90.09132,-0.534549,-4.00654,1904.318777,235.076275,01:45:00,5.69795,2.34963,6.80283,-22.04222,11.56316,14.90973,3.37205,-0.07031,81.61771,-4.751522,-1.292334,0.41723,NA,NA,NA,NA,NA,NA,NA,NA,NA,NA,NA,-9.09056,6.6278,-2.09471,50,5.65493,8.58387,-130.69145,-1.81885,-15.5763,29.93633,-20.8176,CAR_EAG,LEN_BEA,CarsonNewman,D2,Team,20260220-CarsonNewman-1,7d63e250-0e95-11f1-8304-27cb6f288688,90.33967,NA,NA,8.47361,NA,NA,NA,NA,NA,NA,46df0e37-f40e-476d-8c8d-a76c06d1b556,2026-02-20,19:51:00,2026-02-20T19:51:00Z,2026-02-20T19:51:00Z,NA,v3,CNE,NA,NA,"Christmas, Seth",1000191967,Right,LEN_BEA,f13600f7-f53b-4604-8b74-b965ba2e7942,53.6973,-131.53563,14.96817,5.69795,-1.2318,-10.4088,-2.34296,9.0231,-7.78815,NA,NA,NA,NA,NA,NA,NA,NA,NA,NA,NA,NA,NA,NA,NA,NA,NA,NA,NA,NA,NA,NA,NA,NA,NA,NA,NA,NA,NA,NA,NA,NA,NA,NA,NA,NA,NA,NA,NA,NA,NA,NA,NA,NA,NA,NA,NA,NA,NA,NA,High,High,High,NA,NA,NA,NA,NA,NA,NA,NA,NA,NA,NA,NA,NA,NA,NA,NA,NA,NA,NA,NA,NA,NA,NA,NA,NA,NA,NA,NA,NA,NA,NA,NA,NA,NA,NA,NA,NA,NA,NA,NA,NA,NA,NA,NA,NA,NA,NA,NA
NA,NA,NA,NA,NA,NA,NA,NA,NA,NA,NA,NA,NA,NA,NA,NA,111,2026-02-20,14:51:20,3,7,"Joyce, Mike",10908770,Right,LEN_BEA,"Bishop, Matthew",10136275,Right,CAR_EAG,Undefined,2,Bottom,1,3,2,Fastball,Sinker,BallCalled,Walk,Undefined,Undefined,0,0,NA,91.31755,-1.843229,-5.39472,1968.555541,239.80528,02:00:00,5.84245,2.29249,6.59039,-23.56954,10.60016,15.61544,2.18122,-1.36421,80.35445,-6.371705,-2.571213,0.420719,NA,NA,NA,NA,NA,NA,NA,NA,NA,NA,NA,-10.18575,6.71985,-1.92742,50,5.70631,11.76296,-131.66279,-4.93352,-17.16936,38.28383,-20.8469,CAR_EAG,LEN_BEA,CarsonNewman,D2,Team,20260220-CarsonNewman-1,89231610-0e95-11f1-8304-27cb6f288688,89.59057,NA,NA,10.9631,NA,NA,NA,NA,NA,NA,46df0e37-f40e-476d-8c8d-a76c06d1b556,2026-02-20,19:51:20,2026-02-20T19:51:20Z,2026-02-20T19:51:20Z,NA,v3,CNE,NA,NA,"Christmas, Seth",1000191967,Right,LEN_BEA,c555047f-3502-496f-8e3b-38ab1cea8656,53.90254,-132.79269,19.14191,5.84283,-4.31824,-10.42345,-2.28207,12.26969,-8.58468,NA,NA,NA,NA,NA,NA,NA,NA,NA,NA,NA,NA,NA,NA,NA,NA,NA,NA,NA,NA,NA,NA,NA,NA,NA,NA,NA,NA,NA,NA,NA,NA,NA,NA,NA,NA,NA,NA,NA,NA,NA,NA,NA,NA,NA,NA,NA,NA,NA,NA,High,High,High,NA,NA,NA,NA,NA,NA,NA,NA,NA,NA,NA,NA,NA,NA,NA,NA,NA,NA,NA,NA,NA,NA,NA,NA,NA,NA,NA,NA,NA,NA,NA,NA,NA,NA,NA,NA,NA,NA,NA,NA,NA,NA,NA,NA,NA,NA,NA,NA
NA,NA,NA,NA,NA,NA,NA,NA,NA,NA,NA,NA,NA,NA,NA,NA,112,2026-02-20,14:51:56,4,1,"Joyce, Mike",10908770,Right,LEN_BEA,"Gibson, Aiden",10011511,Right,CAR_EAG,Undefined,2,Bottom,1,0,0,Fastball,Changeup,BallCalled,Undefined,Undefined,Undefined,0,0,NA,91.54801,-1.910052,-5.249561,1637.350817,242.471776,02:00:00,5.59424,2.37872,6.75365,-24.1273,8.56634,14.29532,1.83084,-1.23883,83.20681,-6.477579,-2.655642,0.411532,NA,NA,NA,NA,NA,NA,NA,NA,NA,NA,NA,-9.06965,5.44563,-2.03814,50,5.45932,11.6108,-132.50971,-5.14198,-16.01224,30.17946,-22.55993,CAR_EAG,LEN_BEA,CarsonNewman,D2,Team,20260220-CarsonNewman-1,9e5c4880-0e95-11f1-8304-27cb6f288688,91.59064,NA,NA,8.3412,NA,NA,NA,NA,NA,NA,46df0e37-f40e-476d-8c8d-a76c06d1b556,2026-02-20,19:51:56,2026-02-20T19:51:56Z,2026-02-20T19:51:56Z,NA,v3,CNE,NA,NA,"Christmas, Seth",1000191967,Right,LEN_BEA,447dd502-87ea-4f94-874e-b092a45dbc5a,53.74623,-133.36019,15.08973,5.59527,-4.50622,-11.27996,-2.3717,12.06204,-8.00612,NA,NA,NA,NA,NA,NA,NA,NA,NA,NA,NA,NA,NA,NA,NA,NA,NA,NA,NA,NA,NA,NA,NA,NA,NA,NA,NA,NA,NA,NA,NA,NA,NA,NA,NA,NA,NA,NA,NA,NA,NA,NA,NA,NA,NA,NA,NA,NA,NA,NA,High,High,High,NA,NA,NA,NA,NA,NA,NA,NA,NA,NA,NA,NA,NA,NA,NA,NA,NA,NA,NA,NA,NA,NA,NA,NA,NA,NA,NA,NA,NA,NA,NA,NA,NA,NA,NA,NA,NA,NA,NA,NA,NA,NA,NA,NA,NA,NA,NA,NA
NA,NA,NA,NA,NA,NA,NA,NA,NA,NA,NA,NA,NA,NA,NA,NA,113,2026-02-20,14:52:14,4,2,"Joyce, Mike",10908770,Right,LEN_BEA,"Gibson, Aiden",10011511,Right,CAR_EAG,Undefined,2,Bottom,1,1,0,Fastball,Cutter,BallCalled,Undefined,Undefined,Undefined,0,0,NA,87.40151,0.237413,-2.376156,2186.868453,187.165423,12:15:00,5.8026,2.2425,6.62975,-24.60899,11.57024,1.2887,3.96943,0.17294,78.58106,-4.466624,-2.141959,0.432914,NA,NA,NA,NA,NA,NA,NA,NA,NA,NA,NA,-1.45437,6.39638,-2.08195,50,5.80871,5.20978,-126.78107,-0.15168,-2.32451,30.27306,-21.95072,CAR_EAG,LEN_BEA,CarsonNewman,D2,Team,20260220-CarsonNewman-1,a92b28d0-0e95-11f1-8304-27cb6f288688,87.0669,NA,NA,8.82045,NA,NA,NA,NA,NA,NA,46df0e37-f40e-476d-8c8d-a76c06d1b556,2026-02-20,19:52:14,2026-02-20T19:52:14Z,2026-02-20T19:52:14Z,NA,v3,CNE,NA,NA,"Christmas, Seth",1000191967,Right,LEN_BEA,b4c0d1a9-99bd-41d0-9a72-7bf2a8a25aef,53.86588,-127.70084,15.13653,5.80319,0.51524,-10.97536,-2.24131,5.2804,-1.16226,NA,NA,NA,NA,NA,NA,NA,NA,NA,NA,NA,NA,NA,NA,NA,NA,NA,NA,NA,NA,NA,NA,NA,NA,NA,NA,NA,NA,NA,NA,NA,NA,NA,NA,NA,NA,NA,NA,NA,NA,NA,NA,NA,NA,NA,NA,NA,NA,NA,NA,High,High,High,NA,NA,NA,NA,NA,NA,NA,NA,NA,NA,NA,NA,NA,NA,NA,NA,NA,NA,NA,NA,NA,NA,NA,NA,NA,NA,NA,NA,NA,NA,NA,NA,NA,NA,NA,NA,NA,NA,NA,NA,NA,NA,NA,NA,NA,NA,NA,NA
NA,NA,NA,NA,NA,NA,NA,NA,NA,NA,NA,NA,NA,NA,NA,NA,114,2026-02-20,14:52:34,4,3,"Joyce, Mike",10908770,Right,LEN_BEA,"Gibson, Aiden",10011511,Right,CAR_EAG,Undefined,2,Bottom,1,2,0,Fastball,Four-Seam,BallCalled,Undefined,Undefined,Undefined,0,0,NA,89.76624,2.087556,-0.862816,1934.059211,196.591827,12:30:00,5.92543,2.20465,6.75581,-20.30761,13.8754,3.76221,6.14105,1.72998,80.33053,-1.8467,-0.176917,0.420801,NA,NA,NA,NA,NA,NA,NA,NA,NA,NA,NA,-2.21323,6.95756,-2.14892,50,6.05408,1.80084,-130.17027,4.23317,-3.72695,32.05253,-20.45788,CAR_EAG,LEN_BEA,CarsonNewman,D2,Team,20260220-CarsonNewman-1,b57118c0-0e95-11f1-8304-27cb6f288688,89.57316,NA,NA,9.43571,NA,NA,NA,NA,NA,NA,46df0e37-f40e-476d-8c8d-a76c06d1b556,2026-02-20,19:52:34,2026-02-20T19:52:34Z,2026-02-20T19:52:34Z,NA,v3,CNE,NA,NA,"Christmas, Seth",1000191967,Right,LEN_BEA,a985e8e8-ba9a-46ed-9071-ec45263ddc05,53.73572,-131.08691,16.02627,5.92466,4.81823,-10.22894,-2.20194,1.90742,-1.86348,NA,NA,NA,NA,NA,NA,NA,NA,NA,NA,NA,NA,NA,NA,NA,NA,NA,NA,NA,NA,NA,NA,NA,NA,NA,NA,NA,NA,NA,NA,NA,NA,NA,NA,NA,NA,NA,NA,NA,NA,NA,NA,NA,NA,NA,NA,NA,NA,NA,NA,High,High,High,NA,NA,NA,NA,NA,NA,NA,NA,NA,NA,NA,NA,NA,NA,NA,NA,NA,NA,NA,NA,NA,NA,NA,NA,NA,NA,NA,NA,NA,NA,NA,NA,NA,NA,NA,NA,NA,NA,NA,NA,NA,NA,NA,NA,NA,NA,NA,NA
NA,NA,NA,NA,NA,NA,NA,NA,NA,NA,NA,NA,NA,NA,NA,NA,115,2026-02-20,14:53:01,4,4,"Joyce, Mike",10908770,Right,LEN_BEA,"Gibson, Aiden",10011511,Right,CAR_EAG,Undefined,2,Bottom,1,3,0,Fastball,Four-Seam,StrikeCalled,Undefined,Undefined,Undefined,0,0,NA,90.82158,-1.477932,-3.400743,2082.921022,187.583888,12:15:00,5.84572,2.258,6.43828,-19.20666,14.43442,1.76441,2.88427,-0.72387,82.1577,-5.149291,-3.081735,0.417452,NA,NA,NA,NA,NA,NA,NA,NA,NA,NA,NA,-1.97583,8.33658,-2.01679,50,5.7317,7.74812,-131.62105,-3.93492,-3.42487,31.03605,-17.72351,CAR_EAG,LEN_BEA,CarsonNewman,D2,Team,20260220-CarsonNewman-1,c5595cc0-0e95-11f1-8304-27cb6f288688,90.29171,NA,NA,8.66388,NA,NA,NA,NA,NA,NA,46df0e37-f40e-476d-8c8d-a76c06d1b556,2026-02-20,19:53:01,2026-02-20T19:53:01Z,2026-02-20T19:53:01Z,NA,v3,CNE,NA,NA,"Christmas, Seth",1000191967,Right,LEN_BEA,73a13210-b96a-410c-8ead-78b8fcdbf93d,54.05871,-132.57464,15.51803,5.84424,-3.39037,-8.86175,-2.25647,7.85335,-1.71243,NA,NA,NA,NA,NA,NA,NA,NA,NA,NA,NA,NA,NA,NA,NA,NA,NA,NA,NA,NA,NA,NA,NA,NA,NA,NA,NA,NA,NA,NA,NA,NA,NA,NA,NA,NA,NA,NA,NA,NA,NA,NA,NA,NA,NA,NA,NA,NA,NA,NA,High,High,High,NA,NA,NA,NA,NA,NA,NA,NA,NA,NA,NA,NA,NA,NA,NA,NA,NA,NA,NA,NA,NA,NA,NA,NA,NA,NA,NA,NA,NA,NA,NA,NA,NA,NA,NA,NA,NA,NA,NA,NA,NA,NA,NA,NA,NA,NA,NA,NA
NA,NA,NA,NA,NA,NA,NA,NA,NA,NA,NA,NA,NA,NA,NA,NA,116,2026-02-20,14:53:17,4,5,"Joyce, Mike",10908770,Right,LEN_BEA,"Gibson, Aiden",10011511,Right,CAR_EAG,Undefined,2,Bottom,1,3,1,Fastball,Changeup,BallCalled,Walk,Undefined,Undefined,0,0,NA,90.73678,-1.040272,-5.848584,1690.967995,239.348119,02:00:00,5.67848,2.44035,6.89541,-21.52899,12.07831,18.17879,2.93164,-1.39142,81.09858,-5.192384,-2.54731,0.417242,NA,NA,NA,NA,NA,NA,NA,NA,NA,NA,NA,-11.51627,7.13607,-2.07469,50,5.60479,12.70459,-131.10412,-2.95311,-19.60847,33.33264,-20.02368,CAR_EAG,LEN_BEA,CarsonNewman,D2,Team,20260220-CarsonNewman-1,ced4e210-0e95-11f1-8304-27cb6f288688,90.33705,NA,NA,9.6382,NA,NA,NA,NA,NA,NA,46df0e37-f40e-476d-8c8d-a76c06d1b556,2026-02-20,19:53:17,2026-02-20T19:53:17Z,2026-02-20T19:53:17Z,NA,v3,CNE,NA,NA,"Christmas, Seth",1000191967,Right,LEN_BEA,9bb9c751-9e4e-44f6-9407-4abf246a8bd5,53.60175,-132.01668,16.66632,5.67814,-2.40492,-10.01184,-2.42986,13.24142,-9.80424,NA,NA,NA,NA,NA,NA,NA,NA,NA,NA,NA,NA,NA,NA,NA,NA,NA,NA,NA,NA,NA,NA,NA,NA,NA,NA,NA,NA,NA,NA,NA,NA,NA,NA,NA,NA,NA,NA,NA,NA,NA,NA,NA,NA,NA,NA,NA,NA,NA,NA,High,High,High,NA,NA,NA,NA,NA,NA,NA,NA,NA,NA,NA,NA,NA,NA,NA,NA,NA,NA,NA,NA,NA,NA,NA,NA,NA,NA,NA,NA,NA,NA,NA,NA,NA,NA,NA,NA,NA,NA,NA,NA,NA,NA,NA,NA,NA,NA,NA,NA
NA,NA,NA,NA,NA,NA,NA,NA,NA,NA,NA,NA,NA,NA,NA,NA,117,2026-02-20,14:54:27,5,1,"Joyce, Mike",10908770,Right,LEN_BEA,"Pierce, Johno",10069844,Right,CAR_EAG,Undefined,2,Bottom,1,0,0,Slider,Slider,StrikeSwinging,Undefined,Undefined,Undefined,0,0,NA,84.21398,-1.328999,-2.753624,2162.547419,121.021455,10:00:00,5.50355,2.38414,6.00145,-30.7901,9.00804,-12.68379,1.70461,-1.22634,76.51915,-7.055489,-5.029863,0.454049,NA,NA,NA,NA,NA,NA,NA,NA,NA,NA,NA,5.6154,5.4787,-2.16065,50,5.38222,6.37748,-122.05382,-3.80088,8.35411,27.10976,-24.02327,CAR_EAG,LEN_BEA,CarsonNewman,D2,Team,20260220-CarsonNewman-1,f8db8cd0-0e95-11f1-8304-27cb6f288688,83.01402,NA,NA,7.69483,NA,NA,NA,NA,NA,NA,46df0e37-f40e-476d-8c8d-a76c06d1b556,2026-02-20,19:54:27,2026-02-20T19:54:27Z,2026-02-20T19:54:27Z,NA,v3,CNE,NA,NA,"Christmas, Seth",1000191967,Right,LEN_BEA,f8b82b2d-ac9f-4b4a-806c-cd367604bc52,54.49705,-123.04862,13.55488,5.50553,-2.91934,-12.01164,-2.38905,6.07092,4.17706,NA,NA,NA,NA,NA,NA,NA,NA,NA,NA,NA,NA,NA,NA,NA,NA,NA,NA,NA,NA,NA,NA,NA,NA,NA,NA,NA,NA,NA,NA,NA,NA,NA,NA,NA,NA,NA,NA,NA,NA,NA,NA,NA,NA,NA,NA,NA,NA,NA,NA,High,High,High,NA,NA,NA,NA,NA,NA,NA,NA,NA,NA,NA,NA,NA,NA,NA,NA,NA,NA,NA,NA,NA,NA,NA,NA,NA,NA,NA,NA,NA,NA,NA,NA,NA,NA,NA,NA,NA,NA,NA,NA,NA,NA,NA,NA,NA,NA,NA,NA
NA,NA,NA,NA,NA,NA,NA,NA,NA,NA,NA,NA,NA,NA,NA,NA,118,2026-02-20,14:54:41,5,2,"Joyce, Mike",10908770,Right,LEN_BEA,"Pierce, Johno",10069844,Right,CAR_EAG,Undefined,2,Bottom,1,0,1,Slider,Slider,FoulBallNotFieldable,Undefined,Undefined,Undefined,0,0,NA,83.61982,-0.681757,-1.767374,2004.850429,138.955854,10:45:00,5.60876,2.40396,6.06185,-32.58557,7.71764,-5.46051,2.26197,0.3126,75.62513,-6.768591,-2.750413,0.456921,73.06683,41.161747,46.517213,5096.417702,64.58633,66.57281,89.04263,184.62213,88.60601,60.316136,4.161835,2.2415,4.61382,-2.26384,50,5.53857,3.9547,-121.2889,-2.45477,3.28269,27.45712,-25.41711,CAR_EAG,LEN_BEA,CarsonNewman,D2,Team,20260220-CarsonNewman-1,00e6b940-0e96-11f1-8304-27cb6f288688,82.49225,66.60832,NA,7.99468,NA,NA,NA,1.09051,2.26651,-0.3103,46df0e37-f40e-476d-8c8d-a76c06d1b556,2026-02-20,19:54:41,2026-02-20T19:54:41Z,2026-02-20T19:54:41Z,FlyBall,v3,CNE,NA,NA,"Christmas, Seth",1000191967,Right,LEN_BEA,3034aab3-c1a4-4b76-a869-7242a4634d1f,54.43724,-122.28927,13.72856,5.61114,-1.52873,-12.70856,-2.40574,3.83511,1.64135,214.307768,1.08414,55.67385,-18.53709,6.14709,-2.43623,0.94694,-0.25556,0.03714,-0.00211,2.26432,70.59643,-22.42723,2.64492,-1.10132,0.51429,-0.15864,0.02689,-0.0018600000000000001,-0.3131,58.62007,-7.86516,1.89725,-1.15777,0.63698,-0.20639,0.0346,-0.00231,NA,NA,NA,NA,NA,NA,NA,NA,NA,NA,NA,NA,NA,NA,NA,NA,NA,NA,NA,NA,NA,NA,High,High,High,High,Low,NA,NA,NA,NA,NA,NA,NA,NA,NA,NA,NA,NA,NA,NA,NA,NA,NA,NA,NA,NA,NA,NA,NA,NA,NA,NA,NA,NA,NA,NA,NA,NA,NA,NA,NA,NA,NA,NA,NA,NA,NA,NA,NA,NA,NA,NA
NA,NA,NA,NA,NA,NA,NA,NA,NA,NA,NA,NA,NA,NA,NA,NA,119,2026-02-20,14:55:01,5,3,"Joyce, Mike",10908770,Right,LEN_BEA,"Pierce, Johno",10069844,Right,CAR_EAG,Undefined,2,Bottom,1,0,2,Fastball,Four-Seam,BallCalled,Undefined,Undefined,Undefined,0,0,NA,90.82643,-2.39649,-4.061814,2018.682693,203.619987,12:45:00,5.58415,2.14563,6.6982,-21.84596,11.20477,4.43481,1.56539,-1.20535,83.10064,-6.529403,-3.256498,0.413773,NA,NA,NA,NA,NA,NA,NA,NA,NA,NA,NA,-3.49386,6.92591,-1.87656,50,5.41552,9.17998,-131.67494,-6.14271,-6.12051,28.53722,-20.04126,CAR_EAG,LEN_BEA,CarsonNewman,D2,Team,20260220-CarsonNewman-1,0c96d1d0-0e96-11f1-8304-27cb6f288688,91.0945,NA,NA,7.72578,NA,NA,NA,NA,NA,NA,46df0e37-f40e-476d-8c8d-a76c06d1b556,2026-02-20,19:55:01,2026-02-20T19:55:01Z,2026-02-20T19:55:01Z,NA,v3,CNE,NA,NA,"Christmas, Seth",1000191967,Right,LEN_BEA,7da26c2d-b818-4ffa-88da-7ea7a47d68c2,53.80209,-132.49638,14.26861,5.58403,-5.56582,-10.02063,-2.14334,9.35616,-3.06026,NA,NA,NA,NA,NA,NA,NA,NA,NA,NA,NA,NA,NA,NA,NA,NA,NA,NA,NA,NA,NA,NA,NA,NA,NA,NA,NA,NA,NA,NA,NA,NA,NA,NA,NA,NA,NA,NA,NA,NA,NA,NA,NA,NA,NA,NA,NA,NA,NA,NA,High,High,High,NA,NA,NA,NA,NA,NA,NA,NA,NA,NA,NA,NA,NA,NA,NA,NA,NA,NA,NA,NA,NA,NA,NA,NA,NA,NA,NA,NA,NA,NA,NA,NA,NA,NA,NA,NA,NA,NA,NA,NA,NA,NA,NA,NA,NA,NA,NA,NA
NA,NA,NA,NA,NA,NA,NA,NA,NA,NA,NA,NA,NA,NA,NA,NA,120,2026-02-20,14:55:17,5,4,"Joyce, Mike",10908770,Right,LEN_BEA,"Pierce, Johno",10069844,Right,CAR_EAG,Undefined,2,Bottom,1,1,2,Slider,Slider,InPlay,Undefined,FlyBall,Out,1,0,NA,82.79863,-1.063485,-2.540131,1972.730775,128.276918,10:15:00,5.59683,2.35473,6.05118,-31.79352,9.00079,-9.71162,1.96178,-0.80761,75.6733,-6.973366,-4.285752,0.459696,78.38404,21.843317,20.492935,3287.182886,100.05527,32.03346,45.70455,239.41648,233.42888,28.773291,3.08293,4.26961,5.34894,-2.15173,50,5.49694,5.69726,-120.14477,-3.20496,6.19504,24.86912,-24.41291,CAR_EAG,LEN_BEA,CarsonNewman,D2,Team,20260220-CarsonNewman-1,16664380-0e96-11f1-8304-27cb6f288688,81.99419,33.1479,NA,7.12533,NA,NA,NA,1.34043,2.01025,0.83946,46df0e37-f40e-476d-8c8d-a76c06d1b556,2026-02-20,19:55:17,2026-02-20T19:55:17Z,2026-02-20T19:55:17Z,LineDrive,v3,CNE,NA,NA,"Christmas, Seth",1000191967,Right,LEN_BEA,a3db0178-8d5f-45ed-ba0b-4724a2e1e888,54.44957,-121.06229,12.43456,5.59857,-2.30427,-12.20646,-2.35771,5.4687,3.09752,220.070943,1.34047,99.95428,-18.88493,4.53499,-0.89004,0.13031,-0.01021,-6e-4,1.8e-4,2.01017,42.77774,-15.02509,0.10101,0.09888,0.00769,-0.01874,0.00619,-6.6e-4,0.83946,37.35814,0.59701,-0.582,0.23138,-0.06412,0.01299,-0.00166,1e-4,NA,NA,NA,NA,NA,NA,NA,NA,NA,NA,NA,NA,NA,NA,NA,NA,NA,NA,NA,NA,NA,NA,High,High,High,High,High,NA,NA,NA,NA,NA,NA,NA,NA,NA,NA,NA,NA,NA,NA,NA,NA,NA,NA,NA,NA,NA,NA,NA,NA,NA,NA,NA,NA,NA,NA,NA,NA,NA,NA,NA,NA,NA,NA,NA,NA,NA,NA,NA,NA,NA,NA
NA,NA,NA,NA,NA,NA,NA,NA,NA,NA,NA,NA,NA,NA,NA,NA,121,2026-02-20,14:55:54,6,1,"Joyce, Mike",10908770,Right,LEN_BEA,"Rogers, Jacob",1000215913,Right,CAR_EAG,Undefined,2,Bottom,2,0,0,Slider,Slider,BallCalled,Undefined,Undefined,Undefined,0,0,NA,84.17883,-1.335206,-3.218644,2075.151763,109.738594,09:45:00,6.02779,2.4027,6.25447,-32.19462,7.83158,-17.55135,2.11142,-2.03124,75.64274,-7.357681,-6.379323,0.455348,NA,NA,NA,NA,NA,NA,NA,NA,NA,NA,NA,7.88276,5.01488,-2.15561,50,5.91318,7.54086,-121.85033,-3.81389,11.51241,30.32338,-24.85002,CAR_EAG,LEN_BEA,CarsonNewman,D2,Team,20260220-CarsonNewman-1,2c437e20-0e96-11f1-8304-27cb6f288688,82.77717,NA,NA,8.5361,NA,NA,NA,NA,NA,NA,46df0e37-f40e-476d-8c8d-a76c06d1b556,2026-02-20,19:55:54,2026-02-20T19:55:54Z,2026-02-20T19:55:54Z,NA,v3,CNE,NA,NA,"Christmas, Seth",1000191967,Right,LEN_BEA,97843ac0-e13d-4426-a058-8c6510b12298,54.24259,-122.90159,15.16169,6.03047,-2.95238,-12.42501,-2.41012,7.14174,5.75621,NA,NA,NA,NA,NA,NA,NA,NA,NA,NA,NA,NA,NA,NA,NA,NA,NA,NA,NA,NA,NA,NA,NA,NA,NA,NA,NA,NA,NA,NA,NA,NA,NA,NA,NA,NA,NA,NA,NA,NA,NA,NA,NA,NA,NA,NA,NA,NA,NA,NA,High,High,High,NA,NA,NA,NA,NA,NA,NA,NA,NA,NA,NA,NA,NA,NA,NA,NA,NA,NA,NA,NA,NA,NA,NA,NA,NA,NA,NA,NA,NA,NA,NA,NA,NA,NA,NA,NA,NA,NA,NA,NA,NA,NA,NA,NA,NA,NA,NA,NA
NA,NA,NA,NA,NA,NA,NA,NA,NA,NA,NA,NA,NA,NA,NA,NA,122,2026-02-20,14:56:09,6,2,"Joyce, Mike",10908770,Right,LEN_BEA,"Rogers, Jacob",1000215913,Right,CAR_EAG,Undefined,2,Bottom,2,1,0,Fastball,Sinker,BallCalled,Undefined,Undefined,Undefined,0,0,NA,88.41899,-0.037199,-2.383178,1886.8093,224.327715,01:30:00,5.77316,2.20206,6.63657,-23.48533,11.18359,9.88182,3.78196,0.84243,80.95049,-4.491199,-0.586112,0.423781,NA,NA,NA,NA,NA,NA,NA,NA,NA,NA,NA,-5.83461,6.22957,-2.0444,50,5.76093,4.97271,-128.53412,-0.74531,-9.7749,26.28305,-21.73749,CAR_EAG,LEN_BEA,CarsonNewman,D2,Team,20260220-CarsonNewman-1,3557b620-0e96-11f1-8304-27cb6f288688,88.94321,NA,NA,7.4685,NA,NA,NA,NA,NA,NA,46df0e37-f40e-476d-8c8d-a76c06d1b556,2026-02-20,19:56:09,2026-02-20T19:56:09Z,2026-02-20T19:56:09Z,NA,v3,CNE,NA,NA,"Christmas, Seth",1000191967,Right,LEN_BEA,640e3b1e-6917-42ee-b160-1e306d6fe658,53.86393,-129.32182,13.14153,5.7735,-0.09384,-10.86875,-2.19782,5.26567,-4.88745,NA,NA,NA,NA,NA,NA,NA,NA,NA,NA,NA,NA,NA,NA,NA,NA,NA,NA,NA,NA,NA,NA,NA,NA,NA,NA,NA,NA,NA,NA,NA,NA,NA,NA,NA,NA,NA,NA,NA,NA,NA,NA,NA,NA,NA,NA,NA,NA,NA,NA,High,High,High,NA,NA,NA,NA,NA,NA,NA,NA,NA,NA,NA,NA,NA,NA,NA,NA,NA,NA,NA,NA,NA,NA,NA,NA,NA,NA,NA,NA,NA,NA,NA,NA,NA,NA,NA,NA,NA,NA,NA,NA,NA,NA,NA,NA,NA,NA,NA,NA
NA,NA,NA,NA,NA,NA,NA,NA,NA,NA,NA,NA,NA,NA,NA,NA,123,2026-02-20,14:56:27,6,3,"Joyce, Mike",10908770,Right,LEN_BEA,"Rogers, Jacob",1000215913,Right,CAR_EAG,Undefined,2,Bottom,2,2,0,Fastball,Four-Seam,StrikeCalled,Undefined,Undefined,Undefined,0,0,NA,91.12999,-2.258821,-3.265935,1876.917186,223.058948,01:30:00,5.82426,2.09105,6.49909,-21.74281,10.83091,9.2663,1.93449,-0.13788,84.43186,-6.337213,-1.58631,0.410776,NA,NA,NA,NA,NA,NA,NA,NA,NA,NA,NA,-5.64807,6.52225,-1.86599,50,5.65614,7.1923,-132.38324,-5.88506,-10.14853,24.95083,-20.45485,CAR_EAG,LEN_BEA,CarsonNewman,D2,Team,20260220-CarsonNewman-1,3fce8b60-0e96-11f1-8304-27cb6f288688,91.75912,NA,NA,6.69813,NA,NA,NA,NA,NA,NA,46df0e37-f40e-476d-8c8d-a76c06d1b556,2026-02-20,19:56:27,2026-02-20T19:56:27Z,2026-02-20T19:56:27Z,NA,v3,CNE,NA,NA,"Christmas, Seth",1000191967,Right,LEN_BEA,47cb42a3-b21a-404e-9de4-eadd614f5a4d,54.00316,-133.1356,12.47541,5.82429,-5.26827,-10.22742,-2.08748,7.49831,-5.07427,NA,NA,NA,NA,NA,NA,NA,NA,NA,NA,NA,NA,NA,NA,NA,NA,NA,NA,NA,NA,NA,NA,NA,NA,NA,NA,NA,NA,NA,NA,NA,NA,NA,NA,NA,NA,NA,NA,NA,NA,NA,NA,NA,NA,NA,NA,NA,NA,NA,NA,High,High,High,NA,NA,NA,NA,NA,NA,NA,NA,NA,NA,NA,NA,NA,NA,NA,NA,NA,NA,NA,NA,NA,NA,NA,NA,NA,NA,NA,NA,NA,NA,NA,NA,NA,NA,NA,NA,NA,NA,NA,NA,NA,NA,NA,NA,NA,NA,NA,NA
NA,NA,NA,NA,NA,NA,NA,NA,NA,NA,NA,NA,NA,NA,NA,NA,124,2026-02-20,14:56:44,6,4,"Joyce, Mike",10908770,Right,LEN_BEA,"Rogers, Jacob",1000215913,Right,CAR_EAG,Undefined,2,Bottom,2,2,1,Fastball,Changeup,BallCalled,Undefined,Undefined,Undefined,0,0,NA,89.82001,0.425597,-5.216775,1736.618346,257.010472,02:30:00,5.64868,2.33484,6.94316,-27.92864,5.79461,20.0769,3.71028,-0.75341,81.2647,-4.877136,-1.560399,0.417961,NA,NA,NA,NA,NA,NA,NA,NA,NA,NA,NA,-12.1793,3.32292,-2.01441,50,5.66599,11.11718,-130.13452,0.17431,-20.69247,29.66657,-26.52843,CAR_EAG,LEN_BEA,CarsonNewman,D2,Team,20260220-CarsonNewman-1,4a665620-0e96-11f1-8304-27cb6f288688,90.18165,NA,NA,8.55531,NA,NA,NA,NA,NA,NA,46df0e37-f40e-476d-8c8d-a76c06d1b556,2026-02-20,19:56:44,2026-02-20T19:56:44Z,2026-02-20T19:56:44Z,NA,v3,CNE,NA,NA,"Christmas, Seth",1000191967,Right,LEN_BEA,bf0aba75-92ee-4775-91f4-81e72b00ceaa,53.55754,-130.94301,14.83328,5.65138,0.89728,-13.26422,-2.32507,11.68111,-10.34624,NA,NA,NA,NA,NA,NA,NA,NA,NA,NA,NA,NA,NA,NA,NA,NA,NA,NA,NA,NA,NA,NA,NA,NA,NA,NA,NA,NA,NA,NA,NA,NA,NA,NA,NA,NA,NA,NA,NA,NA,NA,NA,NA,NA,NA,NA,NA,NA,NA,NA,High,High,High,NA,NA,NA,NA,NA,NA,NA,NA,NA,NA,NA,NA,NA,NA,NA,NA,NA,NA,NA,NA,NA,NA,NA,NA,NA,NA,NA,NA,NA,NA,NA,NA,NA,NA,NA,NA,NA,NA,NA,NA,NA,NA,NA,NA,NA,NA,NA,NA
NA,NA,NA,NA,NA,NA,NA,NA,NA,NA,NA,NA,NA,NA,NA,NA,125,2026-02-20,14:57:01,6,5,"Joyce, Mike",10908770,Right,LEN_BEA,"Rogers, Jacob",1000215913,Right,CAR_EAG,Undefined,2,Bottom,2,3,1,Fastball,Four-Seam,BallCalled,Walk,Undefined,Undefined,0,1,NA,90.12252,-0.291316,-3.083979,1923.771055,206.558307,01:00:00,6.14385,2.07346,6.5677,-19.99324,13.71426,6.30272,4.2103,-0.2312,81.96947,-4.111812,-1.940837,0.417864,NA,NA,NA,NA,NA,NA,NA,NA,NA,NA,NA,-4.18016,7.60811,-1.86338,50,6.11511,6.79595,-130.82071,-1.2148,-7.21049,28.79494,-19.05063,CAR_EAG,LEN_BEA,CarsonNewman,D2,Team,20260220-CarsonNewman-1,54669bd0-0e96-11f1-8304-27cb6f288688,90.2027,NA,NA,8.15305,NA,NA,NA,NA,NA,NA,46df0e37-f40e-476d-8c8d-a76c06d1b556,2026-02-20,19:57:01,2026-02-20T19:57:01Z,2026-02-20T19:57:01Z,NA,v3,CNE,NA,NA,"Christmas, Seth",1000191967,Right,LEN_BEA,fd170d72-b188-499a-ab0c-62e62ed677a6,53.9309,-131.68309,14.39747,6.14294,-0.64425,-9.52532,-2.07014,7.0119,-3.6052399999999998,NA,NA,NA,NA,NA,NA,NA,NA,NA,NA,NA,NA,NA,NA,NA,NA,NA,NA,NA,NA,NA,NA,NA,NA,NA,NA,NA,NA,NA,NA,NA,NA,NA,NA,NA,NA,NA,NA,NA,NA,NA,NA,NA,NA,NA,NA,NA,NA,NA,NA,High,High,High,NA,NA,NA,NA,NA,NA,NA,NA,NA,NA,NA,NA,NA,NA,NA,NA,NA,NA,NA,NA,NA,NA,NA,NA,NA,NA,NA,NA,NA,NA,NA,NA,NA,NA,NA,NA,NA,NA,NA,NA,NA,NA,NA,NA,NA,NA,NA,NA
NA,NA,NA,NA,NA,NA,NA,NA,NA,NA,NA,NA,NA,NA,NA,NA,126,2026-02-20,14:57:27,7,1,"Joyce, Mike",10908770,Right,LEN_BEA,"Greene, Maddox",10122259,Right,CAR_EAG,Undefined,2,Bottom,2,0,0,Fastball,Sinker,FoulBallNotFieldable,Undefined,Undefined,Undefined,0,0,NA,91.15395,-1.664164,-4.224016,1780.056678,221.612476,01:30:00,5.60987,2.37401,6.48255,-19.72639,13.02083,10.7091,2.43336,-0.61914,83.97502,-5.392554,-2.287729,0.411869,NA,NA,NA,NA,NA,NA,NA,NA,NA,NA,NA,-6.70516,7.54941,-2.08117,50,5.48366,9.35338,-132.28125,-4.42739,-11.97813,26.05512,-18.6877,CAR_EAG,LEN_BEA,CarsonNewman,D2,Team,20260220-CarsonNewman-1,63ea0380-0e96-11f1-8304-27cb6f288688,91.5157,NA,NA,7.17892,NA,NA,NA,NA,NA,NA,46df0e37-f40e-476d-8c8d-a76c06d1b556,2026-02-20,19:57:27,2026-02-20T19:57:27Z,2026-02-20T19:57:27Z,NA,v3,CNE,NA,NA,"Christmas, Seth",1000191967,Right,LEN_BEA,1948ff69-5824-4660-bad1-114240171c87,54.01991,-133.07069,13.02756,5.60922,-3.86118,-9.34385,-2.37007,9.7163,-5.98907,NA,NA,NA,NA,NA,NA,NA,NA,NA,NA,NA,NA,NA,NA,NA,NA,NA,NA,NA,NA,NA,NA,NA,NA,NA,NA,NA,NA,NA,NA,NA,NA,NA,NA,NA,NA,NA,NA,NA,NA,NA,NA,NA,NA,NA,NA,NA,NA,NA,NA,High,High,High,NA,NA,NA,NA,NA,NA,NA,NA,NA,NA,NA,NA,NA,NA,NA,NA,NA,NA,NA,NA,NA,NA,NA,NA,NA,NA,NA,NA,NA,NA,NA,NA,NA,NA,NA,NA,NA,NA,NA,NA,NA,NA,NA,NA,NA,NA,NA,NA
NA,NA,NA,NA,NA,NA,NA,NA,NA,NA,NA,NA,NA,NA,NA,NA,127,2026-02-20,14:57:43,7,2,"Joyce, Mike",10908770,Right,LEN_BEA,"Greene, Maddox",10122259,Right,CAR_EAG,Undefined,2,Bottom,2,0,1,Slider,Slider,InPlay,Undefined,LineDrive,Double,0,2,NA,84.18227,-0.487102,-2.30662,2031.74128,158.257647,11:15:00,5.88418,2.40985,5.98328,-30.44541,10.54772,-3.4839,2.89518,-0.01969,74.08157,-6.254189,-2.932285,0.460815,94.43335,16.519572,-34.858776,2309.969756,87.70564,22.38545,-66.38982,238.15886,170.59482,-40.806938,2.210006,0.84307,6.10327,-2.22564,50,5.82939,5.04345,-121.69543,-1.96164,1.20846,33.68489,-23.42544,CAR_EAG,LEN_BEA,CarsonNewman,D2,Team,20260220-CarsonNewman-1,6d703730-0e96-11f1-8304-27cb6f288688,81.79509,22.64708,NA,10.1007,NA,NA,NA,2.54127,3.26617,0.01549,46df0e37-f40e-476d-8c8d-a76c06d1b556,2026-02-20,19:57:43,2026-02-20T19:57:43Z,2026-02-20T19:57:43Z,LineDrive,v3,CNE,NA,NA,"Christmas, Seth",1000191967,Right,LEN_BEA,eb33965d-ede4-45f2-806f-c4c69d1bd634,54.51138,-122.93782,16.84244,5.8858,-1.09764,-11.71272,-2.41083,4.99888,0.60423,NA,2.54128,108.95826,-19.46339,4.49576,-1.00414,0.19989,-0.03496,0.00424,-2.5e-4,3.26617,39.38213,-21.79013,2.1195,-0.40766,0.07941,-0.01507,0.00257,-2.1e-4,0.01549,-75.89422,2.34499,0.32787,-0.21942,0.06491,-0.01231,0.00147,-9e-5,NA,NA,NA,NA,NA,NA,NA,NA,NA,NA,NA,NA,NA,NA,NA,NA,NA,NA,NA,NA,NA,NA,High,High,High,High,Medium,NA,NA,NA,NA,NA,NA,NA,NA,NA,NA,NA,NA,NA,NA,NA,NA,NA,NA,NA,NA,NA,NA,NA,NA,NA,NA,NA,NA,NA,NA,NA,NA,NA,NA,NA,NA,NA,NA,NA,NA,NA,NA,NA,NA,NA,NA
NA,NA,NA,NA,NA,NA,NA,NA,NA,NA,NA,NA,NA,NA,NA,NA,128,2026-02-20,14:58:21,8,1,"Joyce, Mike",10908770,Right,LEN_BEA,"Smith, Braxton",1000370200,Right,CAR_EAG,Undefined,2,Bottom,2,0,0,Fastball,Four-Seam,StrikeCalled,Undefined,Undefined,Undefined,0,0,NA,90.46794,-2.093815,-3.603731,2110.600468,195.07009,12:30:00,5.51171,2.26041,6.58861,-21.33005,11.86981,2.9266200000000002,1.81087,-0.80238,83.25599,-6.117551,-3.073035,0.414705,NA,NA,NA,NA,NA,NA,NA,NA,NA,NA,NA,-2.49784,7.11378,-2.01464,50,5.359,8.15769,-131.30914,-5.42361,-4.38037,26.6521,-19.6988,CAR_EAG,LEN_BEA,CarsonNewman,D2,Team,20260220-CarsonNewman-1,840c06e0-0e96-11f1-8304-27cb6f288688,90.8897,NA,NA,7.21195,NA,NA,NA,NA,NA,NA,46df0e37-f40e-476d-8c8d-a76c06d1b556,2026-02-20,19:58:21,2026-02-20T19:58:21Z,2026-02-20T19:58:21Z,NA,v3,CNE,NA,NA,"Christmas, Seth",1000191967,Right,LEN_BEA,6e436094-3d28-4727-8a89-ff791d1f1f11,53.91268,-132.10092,13.32605,5.51143,-4.83841,-9.8494,-2.25892,8.28783,-2.19019,NA,NA,NA,NA,NA,NA,NA,NA,NA,NA,NA,NA,NA,NA,NA,NA,NA,NA,NA,NA,NA,NA,NA,NA,NA,NA,NA,NA,NA,NA,NA,NA,NA,NA,NA,NA,NA,NA,NA,NA,NA,NA,NA,NA,NA,NA,NA,NA,NA,NA,High,High,High,NA,NA,NA,NA,NA,NA,NA,NA,NA,NA,NA,NA,NA,NA,NA,NA,NA,NA,NA,NA,NA,NA,NA,NA,NA,NA,NA,NA,NA,NA,NA,NA,NA,NA,NA,NA,NA,NA,NA,NA,NA,NA,NA,NA,NA,NA,NA,NA
NA,NA,NA,NA,NA,NA,NA,NA,NA,NA,NA,NA,NA,NA,NA,NA,129,2026-02-20,14:58:36,8,2,"Joyce, Mike",10908770,Right,LEN_BEA,"Smith, Braxton",1000370200,Right,CAR_EAG,Undefined,2,Bottom,2,0,1,Fastball,Four-Seam,InPlay,Undefined,LineDrive,Single,0,2,NA,91.66166,-1.614823,-3.132698,2168.977635,211.498972,01:00:00,5.87087,2.3722,6.7236,-16.48422,16.02517,9.14048,3.01863,0.26776,83.15836,-4.803573,-1.469479,0.41037,88.82374,11.329771,0.54624,1465.943141,109.89445,14.7234,4.80452,209.79317,209.79317,4.574734,2.050845,-5.78485,9.28768,-2.16822,50,5.75727,6.92749,-133.03238,-4.16849,-10.27613,30.86977,-15.67546,CAR_EAG,LEN_BEA,CarsonNewman,D2,Team,20260220-CarsonNewman-1,8d23c150-0e96-11f1-8304-27cb6f288688,91.84981,14.72157,NA,8.5033,NA,NA,NA,0.76211,2.9583,-0.25197,46df0e37-f40e-476d-8c8d-a76c06d1b556,2026-02-20,19:58:36,2026-02-20T19:58:36Z,2026-02-20T19:58:36Z,LineDrive,v3,CNE,NA,NA,"Christmas, Seth",1000191967,Right,LEN_BEA,584b66bb-2862-43a1-b6ee-f8c9aa98abb5,53.77666,-133.90588,15.43489,5.86895,-3.72494,-7.83773,-2.36835,7.21827,-5.13806,228.7988,0.76211,127.7301,-16.43057,2.53522,-0.48162,0.07952,-0.01271,0.00177,-1.3e-4,2.9583,25.59318,-14.62098,0.83612,-0.10132,0.02108,-0.00201,1.1e-4,-1e-5,-0.25197,1.21779,5.35241,-1.4531,0.37001,-0.07901,0.01482,-0.00209,1.5e-4,NA,NA,NA,NA,NA,NA,NA,NA,NA,NA,NA,NA,NA,NA,NA,NA,NA,NA,NA,NA,NA,NA,High,High,High,High,High,NA,NA,NA,NA,NA,NA,NA,NA,NA,NA,NA,NA,NA,NA,NA,NA,NA,NA,NA,NA,NA,NA,NA,NA,NA,NA,NA,NA,NA,NA,NA,NA,NA,NA,NA,NA,NA,NA,NA,NA,NA,NA,NA,NA,NA,NA
NA,NA,NA,NA,NA,NA,NA,NA,NA,NA,NA,NA,NA,NA,NA,NA,130,2026-02-20,14:59:17,9,1,"Joyce, Mike",10908770,Right,LEN_BEA,"Floyd, Logan",1000148156,Right,CAR_EAG,Undefined,2,Bottom,2,0,0,Fastball,Sinker,BallCalled,Undefined,Undefined,Undefined,0,0,NA,91.29858,-2.1658,-5.575932,2088.558961,249.477367,02:15:00,5.55512,2.43821,6.90224,-25.28564,7.16768,16.40343,1.46487,-1.28996,83.68467,-6.936578,-2.592224,0.410016,NA,NA,NA,NA,NA,NA,NA,NA,NA,NA,NA,-10.21536,4.73481,-2.09076,50,5.40923,12.28882,-132.20871,-5.75116,-18.1069,27.80285,-23.78152,CAR_EAG,LEN_BEA,CarsonNewman,D2,Team,20260220-CarsonNewman-1,a53dcc90-0e96-11f1-8304-27cb6f288688,91.92912,NA,NA,7.61391,NA,NA,NA,NA,NA,NA,46df0e37-f40e-476d-8c8d-a76c06d1b556,2026-02-20,19:59:17,2026-02-20T19:59:17Z,2026-02-20T19:59:17Z,NA,v3,CNE,NA,NA,"Christmas, Seth",1000191967,Right,LEN_BEA,2728b3ca-41bd-4abd-a382-ec1a50ebb4c0,53.59965,-132.96355,13.90143,5.5566,-5.1055,-11.89076,-2.43108,12.78042,-9.05345,NA,NA,NA,NA,NA,NA,NA,NA,NA,NA,NA,NA,NA,NA,NA,NA,NA,NA,NA,NA,NA,NA,NA,NA,NA,NA,NA,NA,NA,NA,NA,NA,NA,NA,NA,NA,NA,NA,NA,NA,NA,NA,NA,NA,NA,NA,NA,NA,NA,NA,High,High,High,NA,NA,NA,NA,NA,NA,NA,NA,NA,NA,NA,NA,NA,NA,NA,NA,NA,NA,NA,NA,NA,NA,NA,NA,NA,NA,NA,NA,NA,NA,NA,NA,NA,NA,NA,NA,NA,NA,NA,NA,NA,NA,NA,NA,NA,NA,NA,NA
NA,NA,NA,NA,NA,NA,NA,NA,NA,NA,NA,NA,NA,NA,NA,NA,131,2026-02-20,14:59:34,9,2,"Joyce, Mike",10908770,Right,LEN_BEA,"Floyd, Logan",1000148156,Right,CAR_EAG,Undefined,2,Bottom,2,1,0,Fastball,Four-Seam,InPlay,Undefined,FlyBall,Single,0,1,NA,88.53152,-1.571331,-1.874989,2260.310194,210.409254,01:00:00,5.6969900000000004,2.28439,6.82951,-22.76009,11.20764,6.02819,2.3659,1.07585,82.09021,-5.8711,-0.773698,0.419474,78.77171,25.441241,-13.362642,1914.553327,107.09026,38.86396,-25.13148,265.95623,262.94005,-13.367226,3.497944,-3.6854,6.63748,-2.16604,50,5.58734,4.00845,-128.87437,-4.15648,-6.27213,23.78637,-20.87782,CAR_EAG,LEN_BEA,CarsonNewman,D2,Team,20260220-CarsonNewman-1,af6dadc0-0e96-11f1-8304-27cb6f288688,89.85652,41.60415,NA,6.4413,NA,NA,NA,1.83083,2.49007,-1.04919,46df0e37-f40e-476d-8c8d-a76c06d1b556,2026-02-20,19:59:34,2026-02-20T19:59:34Z,2026-02-20T19:59:34Z,LineDrive,v3,CNE,NA,NA,"Christmas, Seth",1000191967,Right,LEN_BEA,55da9f64-7d39-4ec6-aabe-7aa5e6249c8c,53.6738,-129.55067,11.89318,5.69708,-3.56288,-10.43891,-2.28254,4.18678,-3.13606,192.725753,1.83063,101.51286,-13.83378,2.90908,-0.71019,0.2343,-0.08117,0.01753,-0.00149,2.49065,49.60962,-16.86931,0.59757,0.25886,-0.22179,0.08795,-0.01621,0.00112,-1.04884,-24.12482,4.77715,-1.67799,0.48549,-0.13866,0.03929,-0.00737,5.6e-4,NA,NA,NA,NA,NA,NA,NA,NA,NA,NA,NA,NA,NA,NA,NA,NA,NA,NA,NA,NA,NA,NA,High,High,High,High,High,NA,NA,NA,NA,NA,NA,NA,NA,NA,NA,NA,NA,NA,NA,NA,NA,NA,NA,NA,NA,NA,NA,NA,NA,NA,NA,NA,NA,NA,NA,NA,NA,NA,NA,NA,NA,NA,NA,NA,NA,NA,NA,NA,NA,NA,NA
NA,NA,NA,NA,NA,NA,NA,NA,NA,NA,NA,NA,NA,NA,NA,NA,132,2026-02-20,15:00:24,10,1,"Joyce, Mike",10908770,Right,LEN_BEA,"Nathan, Cole",1000323259,Right,CAR_EAG,Undefined,2,Bottom,2,0,0,Fastball,Sinker,FoulBallNotFieldable,Undefined,Undefined,Undefined,0,0,NA,90.83953,-1.273578,-2.943334,1980.890308,225.807651,01:30:00,5.87762,2.10802,6.59818,-22.21096,11.17516,10.28323,2.85813,0.26592,82.14783,-5.504579,-1.075251,0.415867,NA,NA,NA,NA,NA,NA,NA,NA,NA,NA,NA,-6.33626,6.62335,-1.91082,50,5.7813,6.37157,-131.80181,-3.57136,-10.99834,31.47485,-20.67739,CAR_EAG,LEN_BEA,CarsonNewman,D2,Team,20260220-CarsonNewman-1,cd42daf0-0e96-11f1-8304-27cb6f288688,90.63578,NA,NA,8.6917,NA,NA,NA,NA,NA,NA,46df0e37-f40e-476d-8c8d-a76c06d1b556,2026-02-20,20:00:24,2026-02-20T20:00:24Z,2026-02-20T20:00:24Z,NA,v3,CNE,NA,NA,"Christmas, Seth",1000191967,Right,LEN_BEA,8ec7cd7f-5473-4b4a-8baf-40687d4acd99,53.90146,-132.73023,15.73743,5.87765,-2.96144,-10.33869,-2.10355,6.69599,-5.49917,NA,NA,NA,NA,NA,NA,NA,NA,NA,NA,NA,NA,NA,NA,NA,NA,NA,NA,NA,NA,NA,NA,NA,NA,NA,NA,NA,NA,NA,NA,NA,NA,NA,NA,NA,NA,NA,NA,NA,NA,NA,NA,NA,NA,NA,NA,NA,NA,NA,NA,High,High,High,NA,NA,NA,NA,NA,NA,NA,NA,NA,NA,NA,NA,NA,NA,NA,NA,NA,NA,NA,NA,NA,NA,NA,NA,NA,NA,NA,NA,NA,NA,NA,NA,NA,NA,NA,NA,NA,NA,NA,NA,NA,NA,NA,NA,NA,NA,NA,NA
NA,NA,NA,NA,NA,NA,NA,NA,NA,NA,NA,NA,NA,NA,NA,NA,133,2026-02-20,15:00:45,10,2,"Joyce, Mike",10908770,Right,LEN_BEA,"Nathan, Cole",1000323259,Right,CAR_EAG,Undefined,2,Bottom,2,0,1,Slider,Slider,BallCalled,Undefined,Undefined,Undefined,0,0,NA,81.71034,0.431981,-0.887203,2199.096802,141.529983,10:45:00,5.65022,2.48901,6.05938,-32.55045,8.30768,-5.76079,3.33759,1.18768,76.07567,-5.593434,-1.924416,0.460056,NA,NA,NA,NA,NA,NA,NA,NA,NA,NA,NA,2.76689,4.53563,-2.41708,50,5.66616,2.05636,-118.93392,-0.10429,4.03241,19.07649,-25.56397,CAR_EAG,LEN_BEA,CarsonNewman,D2,Team,20260220-CarsonNewman-1,da0b1a40-0e96-11f1-8304-27cb6f288688,81.93012,NA,NA,5.63467,NA,NA,NA,NA,NA,NA,46df0e37-f40e-476d-8c8d-a76c06d1b556,2026-02-20,20:00:45,2026-02-20T20:00:45Z,2026-02-20T20:00:45Z,NA,v3,CNE,NA,NA,"Christmas, Seth",1000191967,Right,LEN_BEA,94702e6a-e751-4e98-9dc9-d47310324d38,54.44277,-119.6444,9.53825,5.65231,0.84781,-12.78199,-2.49087,1.90618,2.0162,NA,NA,NA,NA,NA,NA,NA,NA,NA,NA,NA,NA,NA,NA,NA,NA,NA,NA,NA,NA,NA,NA,NA,NA,NA,NA,NA,NA,NA,NA,NA,NA,NA,NA,NA,NA,NA,NA,NA,NA,NA,NA,NA,NA,NA,NA,NA,NA,NA,NA,High,High,High,NA,NA,NA,NA,NA,NA,NA,NA,NA,NA,NA,NA,NA,NA,NA,NA,NA,NA,NA,NA,NA,NA,NA,NA,NA,NA,NA,NA,NA,NA,NA,NA,NA,NA,NA,NA,NA,NA,NA,NA,NA,NA,NA,NA,NA,NA,NA,NA
NA,NA,NA,NA,NA,NA,NA,NA,NA,NA,NA,NA,NA,NA,NA,NA,134,2026-02-20,15:01:04,10,3,"Joyce, Mike",10908770,Right,LEN_BEA,"Nathan, Cole",1000323259,Right,CAR_EAG,Undefined,2,Bottom,2,1,1,Fastball,Four-Seam,BallCalled,Undefined,Undefined,Undefined,0,0,NA,89.01663,-1.234938,-4.348115,2191.408988,205.517737,12:45:00,5.73182,2.2565,6.67405,-20.12155,13.83666,6.15197,2.92178,-1.21644,82.34949,-5.044748,-3.232713,0.419415,NA,NA,NA,NA,NA,NA,NA,NA,NA,NA,NA,-4.29158,7.90367,-1.96708,50,5.6405,9.59611,-129.23443,-3.33932,-7.34972,23.74257,-18.63833,CAR_EAG,LEN_BEA,CarsonNewman,D2,Team,20260220-CarsonNewman-1,e5270920-0e96-11f1-8304-27cb6f288688,89.8691,NA,NA,6.66714,NA,NA,NA,NA,NA,NA,46df0e37-f40e-476d-8c8d-a76c06d1b556,2026-02-20,20:01:04,2026-02-20T20:01:04Z,2026-02-20T20:01:04Z,NA,v3,CNE,NA,NA,"Christmas, Seth",1000191967,Right,LEN_BEA,9f0b286e-edab-46b1-b4d7-e49e70adf697,53.82747,-129.9357,11.87129,5.731,-2.78881,-9.31916,-2.25372,9.8132,-3.67486,NA,NA,NA,NA,NA,NA,NA,NA,NA,NA,NA,NA,NA,NA,NA,NA,NA,NA,NA,NA,NA,NA,NA,NA,NA,NA,NA,NA,NA,NA,NA,NA,NA,NA,NA,NA,NA,NA,NA,NA,NA,NA,NA,NA,NA,NA,NA,NA,NA,NA,High,High,High,NA,NA,NA,NA,NA,NA,NA,NA,NA,NA,NA,NA,NA,NA,NA,NA,NA,NA,NA,NA,NA,NA,NA,NA,NA,NA,NA,NA,NA,NA,NA,NA,NA,NA,NA,NA,NA,NA,NA,NA,NA,NA,NA,NA,NA,NA,NA,NA
NA,NA,NA,NA,NA,NA,NA,NA,NA,NA,NA,NA,NA,NA,NA,NA,135,2026-02-20,15:01:23,10,4,"Joyce, Mike",10908770,Right,LEN_BEA,"Nathan, Cole",1000323259,Right,CAR_EAG,Undefined,2,Bottom,2,2,1,Fastball,Sinker,BallCalled,Undefined,Undefined,Undefined,1,0,NA,90.77891,-2.463656,-3.75433,2172.484811,229.347703,01:45:00,5.53508,2.22315,6.85898,-24.51155,8.21347,8.38678,1.24027,-0.50546,83.43596,-7.084321,-2.224484,0.411729,NA,NA,NA,NA,NA,NA,NA,NA,NA,NA,NA,-5.50571,5.34937,-1.98637,50,5.36874,8.33974,-131.75715,-6.37794,-9.6917,27.63204,-22.75754,CAR_EAG,LEN_BEA,CarsonNewman,D2,Team,20260220-CarsonNewman-1,f081fcd0-0e96-11f1-8304-27cb6f288688,91.54673,NA,NA,7.34295,NA,NA,NA,NA,NA,NA,46df0e37-f40e-476d-8c8d-a76c06d1b556,2026-02-20,20:01:23,2026-02-20T20:01:23Z,2026-02-20T20:01:23Z,NA,v3,CNE,NA,NA,"Christmas, Seth",1000191967,Right,LEN_BEA,9cb98538-32ce-49b9-8df7-6aa32761b824,53.6432,-132.51899,13.81602,5.53594,-5.75049,-11.37877,-2.21999,8.60695,-4.84585,NA,NA,NA,NA,NA,NA,NA,NA,NA,NA,NA,NA,NA,NA,NA,NA,NA,NA,NA,NA,NA,NA,NA,NA,NA,NA,NA,NA,68.10031,1.737018,0.759552,0.977466,1.12834,1.20434,0.51664,-2.0163,6.73187,0.84109,64.16696,5.04003,-60.61958,-2.00697,70.58874,-2.96586,6.75568,12.71524,-14.83121,0.80998,-68.87705,6.20372,High,High,High,NA,NA,High,High,High,NA,NA,NA,NA,NA,NA,NA,NA,NA,NA,NA,NA,NA,NA,NA,NA,NA,NA,NA,NA,NA,NA,NA,NA,NA,NA,NA,NA,NA,NA,NA,NA,NA,NA,NA,NA,NA,NA,NA,NA,NA,NA,NA
NA,NA,NA,NA,NA,NA,NA,NA,NA,NA,NA,NA,NA,NA,NA,NA,136,2026-02-20,15:03:29,1,1,"Slifka, Denver",10107869,Right,CAR_EAG,"Morris, Nick",10108627,Right,LEN_BEA,Undefined,3,Top,0,0,0,Slider,Curveball,BallCalled,Undefined,Undefined,Undefined,0,0,NA,71.94842,2.870712,1.428592,2079.552044,54.449699,07:45:00,5.54236,1.6732,5.78279,-61.717,-8.42103,-13.66906,3.07332,1.86358,67.27931,-8.372128,-1.02116,0.525434,NA,NA,NA,NA,NA,NA,NA,NA,NA,NA,NA,7.30292,-4.52193,-1.78269,50,5.74174,-2.14516,-104.6592,3.394,8.24394,14.72331,-37.27867,CAR_EAG,LEN_BEA,CarsonNewman,D2,Team,20260220-CarsonNewman-1,3bff1760-0e97-11f1-8304-27cb6f288688,71.73576,NA,NA,4.6691,NA,NA,NA,NA,NA,NA,46df0e37-f40e-476d-8c8d-a76c06d1b556,2026-02-20,20:03:29,2026-02-20T20:03:29Z,2026-02-20T20:03:29Z,NA,v3,CNE,NA,NA,"Rogers, Jacob",1000215913,Right,CAR_EAG,5d61893c-df5c-4266-9b5f-7cb828213242,54.72446,-105.32173,7.36166,5.55127,5.0715,-18.63934,-1.67782,-2.51614,4.12197,NA,NA,NA,NA,NA,NA,NA,NA,NA,NA,NA,NA,NA,NA,NA,NA,NA,NA,NA,NA,NA,NA,NA,NA,NA,NA,NA,NA,NA,NA,NA,NA,NA,NA,NA,NA,NA,NA,NA,NA,NA,NA,NA,NA,NA,NA,NA,NA,NA,NA,High,High,High,NA,NA,NA,NA,NA,NA,NA,NA,NA,NA,NA,NA,NA,NA,NA,NA,NA,NA,NA,NA,NA,NA,NA,NA,NA,NA,NA,NA,NA,NA,NA,NA,NA,NA,NA,NA,NA,NA,NA,NA,NA,NA,NA,NA,NA,NA,NA,NA
NA,NA,NA,NA,NA,NA,NA,NA,NA,NA,NA,NA,NA,NA,NA,NA,137,2026-02-20,15:03:43,1,2,"Slifka, Denver",10107869,Right,CAR_EAG,"Morris, Nick",10108627,Right,LEN_BEA,Undefined,3,Top,0,1,0,Fastball,Slider,BallCalled,Undefined,Undefined,Undefined,0,0,NA,79.8454,0.711875,-0.622816,2066.677786,201.52216,12:45:00,6.0641,1.43917,5.89203,-38.85104,4.94949,1.41114,3.48758,0.97844,73.16742,-6.47715,-0.369382,0.476333,NA,NA,NA,NA,NA,NA,NA,NA,NA,NA,NA,-0.89295,2.77843,-1.38977,50,6.09929,1.20683,-115.99118,0.21699,-1.2159,21.79957,-28.39082,CAR_EAG,LEN_BEA,CarsonNewman,D2,Team,20260220-CarsonNewman-1,44151940-0e97-11f1-8304-27cb6f288688,79.13038,NA,NA,6.67797,NA,NA,NA,NA,NA,NA,46df0e37-f40e-476d-8c8d-a76c06d1b556,2026-02-20,20:03:43,2026-02-20T20:03:43Z,2026-02-20T20:03:43Z,NA,v3,CNE,NA,NA,"Rogers, Jacob",1000215913,Right,CAR_EAG,432af09a-898f-463b-9d3c-c582bbbe370e,54.60779,-116.85397,10.89979,6.06847,1.34065,-14.19541,-1.43849,1.25495,-0.60795,NA,NA,NA,NA,NA,NA,NA,NA,NA,NA,NA,NA,NA,NA,NA,NA,NA,NA,NA,NA,NA,NA,NA,NA,NA,NA,NA,NA,NA,NA,NA,NA,NA,NA,NA,NA,NA,NA,NA,NA,NA,NA,NA,NA,NA,NA,NA,NA,NA,NA,High,High,High,NA,NA,NA,NA,NA,NA,NA,NA,NA,NA,NA,NA,NA,NA,NA,NA,NA,NA,NA,NA,NA,NA,NA,NA,NA,NA,NA,NA,NA,NA,NA,NA,NA,NA,NA,NA,NA,NA,NA,NA,NA,NA,NA,NA,NA,NA,NA,NA
NA,NA,NA,NA,NA,NA,NA,NA,NA,NA,NA,NA,NA,NA,NA,NA,138,2026-02-20,15:04:00,1,3,"Slifka, Denver",10107869,Right,CAR_EAG,"Morris, Nick",10108627,Right,LEN_BEA,Undefined,3,Top,0,2,0,Fastball,Changeup,InPlay,Undefined,Popup,Out,1,0,NA,82.78083,-0.449106,-2.308112,1920.143662,237.020086,02:00:00,5.75972,1.55232,6.42608,-29.8108,10.3328,13.87654,2.86233,0.58594,75.45562,-6.06462,0.207099,0.456015,53.96635,36.002839,-8.680548,3751.172398,108.67048,31.42846,-17.04865,155.80146,150.73139,-8.681223,3.099678,-7.96245,5.92083,-1.39383,50,5.71417,4.34576,-120.25243,-1.78373,-11.58591,24.69052,-23.55885,CAR_EAG,LEN_BEA,CarsonNewman,D2,Team,20260220-CarsonNewman-1,4e1b5260-0e97-11f1-8304-27cb6f288688,82.65608,36.38125,NA,7.3252,NA,NA,NA,1.62024,2.9837,-0.56897,46df0e37-f40e-476d-8c8d-a76c06d1b556,2026-02-20,20:04:00,2026-02-20T20:04:00Z,2026-02-20T20:04:00Z,LineDrive,v3,CNE,NA,NA,"Rogers, Jacob",1000215913,Right,CAR_EAG,0fb26517-3436-4ef5-8f92-e883e5e9c1ed,54.07517,-121.08626,12.34526,5.76097,-0.98812,-11.77943,-1.5472,4.73704,-5.79295,177.086115,1.62038,63.29401,-8.97197,2.36754,-0.4573,0.08416,-0.02686,0.00764,-8.4e-4,2.98385,46.51936,-17.14579,0.59967,0.23437,-0.26447,0.12118,-0.02635,0.00219,-0.56898,-9.6642,1.09572,-0.18601,0.04749,-0.02869,0.01468,-0.00367,3.4e-4,NA,NA,NA,NA,NA,NA,NA,NA,NA,NA,NA,NA,NA,NA,NA,NA,NA,NA,NA,NA,NA,NA,High,High,High,High,High,NA,NA,NA,NA,NA,NA,NA,NA,NA,NA,NA,NA,NA,NA,NA,NA,NA,NA,NA,NA,NA,NA,NA,NA,NA,NA,NA,NA,NA,NA,NA,NA,NA,NA,NA,NA,NA,NA,NA,NA,NA,NA,NA,NA,NA,NA
NA,NA,NA,NA,NA,NA,NA,NA,NA,NA,NA,NA,NA,NA,NA,NA,139,2026-02-20,15:04:29,2,1,"Slifka, Denver",10107869,Right,CAR_EAG,"Beard, Drew",1000361012,Right,LEN_BEA,Undefined,3,Top,1,0,0,Cutter,Slider,BallCalled,Undefined,Undefined,Undefined,0,0,NA,79.24278,1.689739,-2.250688,2031.433284,209.708058,01:00:00,5.87818,1.43799,6.02156,-39.72687,3.70547,1.50193,4.1344,-0.52264,73.97017,-5.624359,-1.980826,0.474327,NA,NA,NA,NA,NA,NA,NA,NA,NA,NA,NA,-1.26374,1.8939,-1.26244,50,5.98876,4.47609,-115.27038,2.18009,-1.73664,17.13553,-29.57142,CAR_EAG,LEN_BEA,CarsonNewman,D2,Team,20260220-CarsonNewman-1,5f6ee630-0e97-11f1-8304-27cb6f288688,79.46504,NA,NA,5.27261,NA,NA,NA,NA,NA,NA,46df0e37-f40e-476d-8c8d-a76c06d1b556,2026-02-20,20:04:29,2026-02-20T20:04:29Z,2026-02-20T20:04:29Z,NA,v3,CNE,NA,NA,"Rogers, Jacob",1000215913,Right,CAR_EAG,e11025c3-2814-48b5-aace-86d5f8a85da2,54.48162,-115.93468,8.56777,5.88202,3.3265,-14.78571,-1.43727,4.54342,-0.86832,NA,NA,NA,NA,NA,NA,NA,NA,NA,NA,NA,NA,NA,NA,NA,NA,NA,NA,NA,NA,NA,NA,NA,NA,NA,NA,NA,NA,NA,NA,NA,NA,NA,NA,NA,NA,NA,NA,NA,NA,NA,NA,NA,NA,NA,NA,NA,NA,NA,NA,High,High,High,NA,NA,NA,NA,NA,NA,NA,NA,NA,NA,NA,NA,NA,NA,NA,NA,NA,NA,NA,NA,NA,NA,NA,NA,NA,NA,NA,NA,NA,NA,NA,NA,NA,NA,NA,NA,NA,NA,NA,NA,NA,NA,NA,NA,NA,NA,NA,NA
NA,NA,NA,NA,NA,NA,NA,NA,NA,NA,NA,NA,NA,NA,NA,NA,140,2026-02-20,15:04:45,2,2,"Slifka, Denver",10107869,Right,CAR_EAG,"Beard, Drew",1000361012,Right,LEN_BEA,Undefined,3,Top,1,1,0,Fastball,Changeup,BallCalled,Undefined,Undefined,Undefined,0,0,NA,82.32335,0.582956,-3.657794,1941.773577,235.232896,01:45:00,5.58456,1.56354,6.33278,-30.59639,8.9576,11.58804,3.57278,-0.84356,77.25062,-5.092627,-1.566485,0.452654,NA,NA,NA,NA,NA,NA,NA,NA,NA,NA,NA,-6.77079,4.86351,-1.30189,50,5.61229,7.24569,-119.77252,0.32281,-10.11955,16.86169,-24.9051,CAR_EAG,LEN_BEA,CarsonNewman,D2,Team,20260220-CarsonNewman-1,68ac7820-0e97-11f1-8304-27cb6f288688,83.26983,NA,NA,5.07272,NA,NA,NA,NA,NA,NA,46df0e37-f40e-476d-8c8d-a76c06d1b556,2026-02-20,20:04:45,2026-02-20T20:04:45Z,2026-02-20T20:04:45Z,NA,v3,CNE,NA,NA,"Rogers, Jacob",1000215913,Right,CAR_EAG,3d366e10-2c87-49da-8f84-e2e56023ff51,54.17127,-120.35832,8.43084,5.58605,1.18805,-12.45255,-1.55973,7.59726,-5.05978,NA,NA,NA,NA,NA,NA,NA,NA,NA,NA,NA,NA,NA,NA,NA,NA,NA,NA,NA,NA,NA,NA,NA,NA,NA,NA,NA,NA,NA,NA,NA,NA,NA,NA,NA,NA,NA,NA,NA,NA,NA,NA,NA,NA,NA,NA,NA,NA,NA,NA,High,High,High,NA,NA,NA,NA,NA,NA,NA,NA,NA,NA,NA,NA,NA,NA,NA,NA,NA,NA,NA,NA,NA,NA,NA,NA,NA,NA,NA,NA,NA,NA,NA,NA,NA,NA,NA,NA,NA,NA,NA,NA,NA,NA,NA,NA,NA,NA,NA,NA
NA,NA,NA,NA,NA,NA,NA,NA,NA,NA,NA,NA,NA,NA,NA,NA,141,2026-02-20,15:05:02,2,3,"Slifka, Denver",10107869,Right,CAR_EAG,"Beard, Drew",1000361012,Right,LEN_BEA,Undefined,3,Top,1,2,0,Fastball,Changeup,StrikeCalled,Undefined,Undefined,Undefined,0,0,NA,82.37273,-1.405475,-3.506472,1900.836358,230.43637,01:45:00,5.79553,1.4269,6.64332,-27.91049,11.60953,12.74544,2.18041,-0.72483,76.58126,-6.639395,-1.190127,0.45246,NA,NA,NA,NA,NA,NA,NA,NA,NA,NA,NA,-7.54867,6.80248,-1.19478,50,5.68892,6.90058,-119.74539,-3.69398,-11.12776,19.81422,-22.14622,CAR_EAG,LEN_BEA,CarsonNewman,D2,Team,20260220-CarsonNewman-1,734e06e0-0e97-11f1-8304-27cb6f288688,83.3056,NA,NA,5.79147,NA,NA,NA,NA,NA,NA,46df0e37-f40e-476d-8c8d-a76c06d1b556,2026-02-20,20:05:02,2026-02-20T20:05:02Z,2026-02-20T20:05:02Z,NA,v3,CNE,NA,NA,"Rogers, Jacob",1000215913,Right,CAR_EAG,62eebbc6-7492-47fa-a643-5d4ac27e2617,53.85947,-120.38233,9.90711,5.79622,-2.98209,-11.07311,-1.42235,7.25828,-5.56388,NA,NA,NA,NA,NA,NA,NA,NA,NA,NA,NA,NA,NA,NA,NA,NA,NA,NA,NA,NA,NA,NA,NA,NA,NA,NA,NA,NA,NA,NA,NA,NA,NA,NA,NA,NA,NA,NA,NA,NA,NA,NA,NA,NA,NA,NA,NA,NA,NA,NA,High,High,High,NA,NA,NA,NA,NA,NA,NA,NA,NA,NA,NA,NA,NA,NA,NA,NA,NA,NA,NA,NA,NA,NA,NA,NA,NA,NA,NA,NA,NA,NA,NA,NA,NA,NA,NA,NA,NA,NA,NA,NA,NA,NA,NA,NA,NA,NA,NA,NA
NA,NA,NA,NA,NA,NA,NA,NA,NA,NA,NA,NA,NA,NA,NA,NA,142,2026-02-20,15:05:17,2,4,"Slifka, Denver",10107869,Right,CAR_EAG,"Beard, Drew",1000361012,Right,LEN_BEA,Undefined,3,Top,1,2,1,Fastball,Changeup,FoulBallNotFieldable,Undefined,Undefined,Undefined,0,0,NA,82.76899,-0.059244,-3.404658,1901.883361,244.053619,02:15:00,5.9642,1.43914,6.45104,-30.3573,9.63461,17.18627,3.3799,-0.26043,75.6917,-5.767923,-0.292302,0.455153,NA,NA,NA,NA,NA,NA,NA,NA,NA,NA,NA,-9.95926,5.43492,-1.2050399999999999,50,5.94637,6.53037,-120.19169,-0.98365,-14.55293,23.52908,-24.23228,CAR_EAG,LEN_BEA,CarsonNewman,D2,Team,20260220-CarsonNewman-1,7c2cfe10-0e97-11f1-8304-27cb6f288688,82.81265,NA,NA,7.07729,NA,NA,NA,NA,NA,NA,46df0e37-f40e-476d-8c8d-a76c06d1b556,2026-02-20,20:05:17,2026-02-20T20:05:17Z,2026-02-20T20:05:17Z,NA,v3,CNE,NA,NA,"Rogers, Jacob",1000215913,Right,CAR_EAG,8dd94a34-1a7d-470d-a4ad-4de9238deb87,54.05093,-120.98212,11.76454,5.96574,-0.16961,-12.11614,-1.43263,7.01925,-7.27646,NA,NA,NA,NA,NA,NA,NA,NA,NA,NA,NA,NA,NA,NA,NA,NA,NA,NA,NA,NA,NA,NA,NA,NA,NA,NA,NA,NA,NA,NA,NA,NA,NA,NA,NA,NA,NA,NA,NA,NA,NA,NA,NA,NA,NA,NA,NA,NA,NA,NA,High,High,High,NA,NA,NA,NA,NA,NA,NA,NA,NA,NA,NA,NA,NA,NA,NA,NA,NA,NA,NA,NA,NA,NA,NA,NA,NA,NA,NA,NA,NA,NA,NA,NA,NA,NA,NA,NA,NA,NA,NA,NA,NA,NA,NA,NA,NA,NA,NA,NA
NA,NA,NA,NA,NA,NA,NA,NA,NA,NA,NA,NA,NA,NA,NA,NA,143,2026-02-20,15:05:39,2,5,"Slifka, Denver",10107869,Right,CAR_EAG,"Beard, Drew",1000361012,Right,LEN_BEA,Undefined,3,Top,1,2,2,Slider,Curveball,BallCalled,Undefined,Undefined,Undefined,0,0,NA,72.80026,3.303485,0.579131,2466.415973,39.245411,07:15:00,6.02246,1.3155,5.89158,-66.62393,-13.45493,-12.42032,3.5414,0.81823,66.47925,-8.914719,-1.652313,0.524808,NA,NA,NA,NA,NA,NA,NA,NA,NA,NA,NA,6.47658,-7.24288,-1.35525,50,6.2514,-0.62589,-105.64606,4.05532,7.25118,19.57052,-40.28319,CAR_EAG,LEN_BEA,CarsonNewman,D2,Team,20260220-CarsonNewman-1,891632e0-0e97-11f1-8304-27cb6f288688,71.82136,NA,NA,6.32102,NA,NA,NA,NA,NA,NA,46df0e37-f40e-476d-8c8d-a76c06d1b556,2026-02-20,20:05:39,2026-02-20T20:05:39Z,2026-02-20T20:05:39Z,NA,v3,CNE,NA,NA,"Rogers, Jacob",1000215913,Right,CAR_EAG,5b4dd9a2-b1a8-4735-be24-57c0e734ce99,54.61331,-106.49722,9.78526,6.03692,5.80733,-20.1416,-1.32117,-0.94126,3.62559,NA,NA,NA,NA,NA,NA,NA,NA,NA,NA,NA,NA,NA,NA,NA,NA,NA,NA,NA,NA,NA,NA,NA,NA,NA,NA,NA,NA,NA,NA,NA,NA,NA,NA,NA,NA,NA,NA,NA,NA,NA,NA,NA,NA,NA,NA,NA,NA,NA,NA,High,High,High,NA,NA,NA,NA,NA,NA,NA,NA,NA,NA,NA,NA,NA,NA,NA,NA,NA,NA,NA,NA,NA,NA,NA,NA,NA,NA,NA,NA,NA,NA,NA,NA,NA,NA,NA,NA,NA,NA,NA,NA,NA,NA,NA,NA,NA,NA,NA,NA
NA,NA,NA,NA,NA,NA,NA,NA,NA,NA,NA,NA,NA,NA,NA,NA,144,2026-02-20,15:05:57,2,6,"Slifka, Denver",10107869,Right,CAR_EAG,"Beard, Drew",1000361012,Right,LEN_BEA,Undefined,3,Top,1,3,2,Slider,Curveball,FoulBallNotFieldable,Undefined,Undefined,Undefined,0,0,NA,73.0146,2.272327,0.446715,2374.73898,50.882751,07:45:00,5.83298,1.44301,5.94483,-61.91543,-9.49611,-13.70016,2.78233,0.71571,67.10902,-9.086814,-2.018916,0.521095,96.4367,11.432701,-49.085371,3102.094303,68.60649,11.42759,-85.98343,178.88094,169.36491,-54.126856,1.488405,7.21674,-5.1554,-1.47061,50,5.97873,-0.3667,-106.10236,2.38299,8.18821,18.94944,-38.02343,CAR_EAG,LEN_BEA,CarsonNewman,D2,Team,20260220-CarsonNewman-1,94146090-0e97-11f1-8304-27cb6f288688,72.33313,12.09544,NA,5.90558,NA,NA,NA,3.17701,3.09498,-0.69935,46df0e37-f40e-476d-8c8d-a76c06d1b556,2026-02-20,20:05:57,2026-02-20T20:05:57Z,2026-02-20T20:05:57Z,LineDrive,v3,CNE,NA,NA,"Rogers, Jacob",1000215913,Right,CAR_EAG,b06ce37d-406d-40c2-8eb9-0f7ec71e02c3,54.5607,-106.91378,9.47472,5.84183,4.01116,-19.01171,-1.4474,-0.71732,4.0941,NA,3.17701,90.79598,-19.35324,3.84751,-0.90093,0.20544,-0.04597,0.00812,-7.6e-4,3.09498,28.03583,-23.50849,2.95627,-0.69208,0.16479,-0.03561,0.00635,-6.1e-4,-0.69935,-104.76369,6.64348,-1.25078,0.2951,-0.06684,0.01502,-0.00264,2.5e-4,NA,NA,NA,NA,NA,NA,NA,NA,NA,NA,NA,NA,NA,NA,NA,NA,NA,NA,NA,NA,NA,NA,High,High,High,High,Medium,NA,NA,NA,NA,NA,NA,NA,NA,NA,NA,NA,NA,NA,NA,NA,NA,NA,NA,NA,NA,NA,NA,NA,NA,NA,NA,NA,NA,NA,NA,NA,NA,NA,NA,NA,NA,NA,NA,NA,NA,NA,NA,NA,NA,NA,NA
NA,NA,NA,NA,NA,NA,NA,NA,NA,NA,NA,NA,NA,NA,NA,NA,145,2026-02-20,15:06:20,2,7,"Slifka, Denver",10107869,Right,CAR_EAG,"Beard, Drew",1000361012,Right,LEN_BEA,Undefined,3,Top,1,3,2,Fastball,Changeup,InPlay,Undefined,FlyBall,Out,1,0,NA,83.40277,-1.010601,-3.017842,1988.148751,238.516651,02:00:00,5.91498,1.34563,6.61751,-28.40088,11.41068,16.20674,2.6213,-0.07027,75.08048,-6.414556,-0.071322,0.454126,84.38172,42.359453,16.682554,NA,105.50046,91.89291,31.13882,265.22114,256.38719,16.635798,5.473774,-9.54343,6.76737,-1.14654,50,5.83465,5.78998,-120.96355,-2.89757,-13.85926,27.96606,-22.34625,CAR_EAG,LEN_BEA,CarsonNewman,D2,Team,20260220-CarsonNewman-1,a168b340-0e97-11f1-8304-27cb6f288688,83.00002,106.17387,NA,8.32229,NA,NA,NA,2.01716,2.59268,0.05937,46df0e37-f40e-476d-8c8d-a76c06d1b556,2026-02-20,20:06:20,2026-02-20T20:06:20Z,2026-02-20T20:06:20Z,FlyBall,v3,CNE,NA,NA,"Rogers, Jacob",1000215913,Right,CAR_EAG,600be1bd-49f8-4f89-9e59-3485cee182a0,53.88194,-121.85773,13.98303,5.91587,-2.18308,-11.17313,-1.33875,6.23311,-6.92963,180.138006,2.02235,87.50235,-20.9228,5.17978,-0.80087,0.04558,0.00692,-0.00127,6e-5,2.59026,83.4211,-18.37144,0.49995,0.19666,-0.11233,0.02957,-0.00383,1.9e-4,0.06092,26.223020000000002,-6.22704,1.53713,-0.23648,0.01311,0.00212,-3.8e-4,2e-5,NA,NA,NA,NA,NA,NA,NA,NA,NA,NA,NA,NA,NA,NA,NA,NA,NA,NA,NA,NA,NA,NA,High,High,High,Medium,Low,NA,NA,NA,NA,NA,NA,NA,NA,NA,NA,NA,NA,NA,NA,NA,NA,NA,NA,NA,NA,NA,NA,NA,NA,NA,NA,NA,NA,NA,NA,NA,NA,NA,NA,NA,NA,NA,NA,NA,NA,NA,NA,NA,NA,NA,NA
NA,NA,NA,NA,NA,NA,NA,NA,NA,NA,NA,NA,NA,NA,NA,NA,146,2026-02-20,15:06:52,3,1,"Slifka, Denver",10107869,Right,CAR_EAG,"Murchison, Trent",10032231,Left,LEN_BEA,Undefined,3,Top,2,0,0,Fastball,Changeup,StrikeCalled,Undefined,Undefined,Undefined,0,0,NA,83.43538,-1.538027,-2.213257,1854.564484,259.199286,02:45:00,6.20803,1.20459,6.72321,-35.08183,5.02701,17.74812,1.87739,0.65966,74.4509,-8.177964,1.027128,0.455818,NA,NA,NA,NA,NA,NA,NA,NA,NA,NA,NA,-10.11721,3.74118,-1.06377,50,6.09349,4.01405,-120.9342,-4.237,-14.48216,30.92306,-26.81875,CAR_EAG,LEN_BEA,CarsonNewman,D2,Team,20260220-CarsonNewman-1,b49b4040-0e97-11f1-8304-27cb6f288688,82.69185,NA,NA,8.98449,NA,NA,NA,NA,NA,NA,46df0e37-f40e-476d-8c8d-a76c06d1b556,2026-02-20,20:06:52,2026-02-20T20:06:52Z,2026-02-20T20:06:52Z,NA,v3,CNE,NA,NA,"Rogers, Jacob",1000215913,Right,CAR_EAG,9054ac51-fd20-436e-9aec-ee804a51ead8,53.77361,-121.8953,15.46153,6.21222,-3.40346,-13.40938,-1.19552,4.46416,-7.24108,NA,NA,NA,NA,NA,NA,NA,NA,NA,NA,NA,NA,NA,NA,NA,NA,NA,NA,NA,NA,NA,NA,NA,NA,NA,NA,NA,NA,NA,NA,NA,NA,NA,NA,NA,NA,NA,NA,NA,NA,NA,NA,NA,NA,NA,NA,NA,NA,NA,NA,High,High,High,NA,NA,NA,NA,NA,NA,NA,NA,NA,NA,NA,NA,NA,NA,NA,NA,NA,NA,NA,NA,NA,NA,NA,NA,NA,NA,NA,NA,NA,NA,NA,NA,NA,NA,NA,NA,NA,NA,NA,NA,NA,NA,NA,NA,NA,NA,NA,NA
NA,NA,NA,NA,NA,NA,NA,NA,NA,NA,NA,NA,NA,NA,NA,NA,147,2026-02-20,15:07:06,3,2,"Slifka, Denver",10107869,Right,CAR_EAG,"Murchison, Trent",10032231,Left,LEN_BEA,Undefined,3,Top,2,0,1,ChangeUp,Changeup,StrikeCalled,Undefined,Undefined,Undefined,0,0,NA,77.23599,-0.544266,-2.159199,1471.340427,262.210693,02:45:00,5.91892,1.40093,6.27762,-42.23435,3.95453,18.20745,1.89733,0.92696,71.00904,-8.3805,1.136952,0.489148,NA,NA,NA,NA,NA,NA,NA,NA,NA,NA,NA,-10.0754,2.65996,-1.24988,50,5.85835,3.60143,-112.24592,-2.27594,-12.82539,20.74161,-28.78809,CAR_EAG,LEN_BEA,CarsonNewman,D2,Team,20260220-CarsonNewman-1,bcc650c0-0e97-11f1-8304-27cb6f288688,77.05737,NA,NA,6.22695,NA,NA,NA,NA,NA,NA,46df0e37-f40e-476d-8c8d-a76c06d1b556,2026-02-20,20:07:06,2026-02-20T20:07:06Z,2026-02-20T20:07:06Z,NA,v3,CNE,NA,NA,"Rogers, Jacob",1000215913,Right,CAR_EAG,2e085f91-79a0-43f5-9ff1-6b780d87b94e,54.22477,-113.02391,10.37081,5.92347,-1.19615,-14.39405,-1.39398,4.08249,-6.4127,NA,NA,NA,NA,NA,NA,NA,NA,NA,NA,NA,NA,NA,NA,NA,NA,NA,NA,NA,NA,NA,NA,NA,NA,NA,NA,NA,NA,NA,NA,NA,NA,NA,NA,NA,NA,NA,NA,NA,NA,NA,NA,NA,NA,NA,NA,NA,NA,NA,NA,High,High,High,NA,NA,NA,NA,NA,NA,NA,NA,NA,NA,NA,NA,NA,NA,NA,NA,NA,NA,NA,NA,NA,NA,NA,NA,NA,NA,NA,NA,NA,NA,NA,NA,NA,NA,NA,NA,NA,NA,NA,NA,NA,NA,NA,NA,NA,NA,NA,NA
NA,NA,NA,NA,NA,NA,NA,NA,NA,NA,NA,NA,NA,NA,NA,NA,148,2026-02-20,15:07:21,3,3,"Slifka, Denver",10107869,Right,CAR_EAG,"Murchison, Trent",10032231,Left,LEN_BEA,Undefined,3,Top,2,0,2,ChangeUp,Changeup,BallCalled,Undefined,Undefined,Undefined,0,0,NA,80.574,-2.436496,-3.098377,1489.20074,262.041204,02:45:00,5.69478,1.44742,6.5591,-38.71274,3.82142,16.67544,0.23014,-0.00656,73.50445,-9.650923,-0.063574,0.469397,NA,NA,NA,NA,NA,NA,NA,NA,NA,NA,NA,-9.7317,3.22701,-1.24004,50,5.51046,5.74202,-116.84893,-6.07366,-13.28058,24.67835,-27.77024,CAR_EAG,LEN_BEA,CarsonNewman,D2,Team,20260220-CarsonNewman-1,c5c0e640-0e97-11f1-8304-27cb6f288688,80.29971,NA,NA,7.06956,NA,NA,NA,NA,NA,NA,46df0e37-f40e-476d-8c8d-a76c06d1b556,2026-02-20,20:07:21,2026-02-20T20:07:21Z,2026-02-20T20:07:21Z,NA,v3,CNE,NA,NA,"Rogers, Jacob",1000215913,Right,CAR_EAG,37496edf-7577-4790-8c79-ee9742eeacda,53.94195,-117.67852,12.33918,5.69894,-5.14013,-13.88512,-1.44056,6.18846,-6.64029,NA,NA,NA,NA,NA,NA,NA,NA,NA,NA,NA,NA,NA,NA,NA,NA,NA,NA,NA,NA,NA,NA,NA,NA,NA,NA,NA,NA,NA,NA,NA,NA,NA,NA,NA,NA,NA,NA,NA,NA,NA,NA,NA,NA,NA,NA,NA,NA,NA,NA,High,High,High,NA,NA,NA,NA,NA,NA,NA,NA,NA,NA,NA,NA,NA,NA,NA,NA,NA,NA,NA,NA,NA,NA,NA,NA,NA,NA,NA,NA,NA,NA,NA,NA,NA,NA,NA,NA,NA,NA,NA,NA,NA,NA,NA,NA,NA,NA,NA,NA
NA,NA,NA,NA,NA,NA,NA,NA,NA,NA,NA,NA,NA,NA,NA,NA,149,2026-02-20,15:07:38,3,4,"Slifka, Denver",10107869,Right,CAR_EAG,"Murchison, Trent",10032231,Left,LEN_BEA,Undefined,3,Top,2,1,2,Fastball,Changeup,FoulBallNotFieldable,Undefined,Undefined,Undefined,0,0,NA,84.25802,-0.65372,-3.428269,1906.811465,256.122415,02:30:00,5.77837,1.41837,6.63011,-33.1623,5.61111,17.17312,2.41518,-0.29333,76.34026,-6.900006,-0.305617,0.448166,86.0838,-30.981523,61.718493,NA,NA,NA,NA,5.93148,2.41024,42.270779,0.038813,-10.16457,3.54689,-1.19254,50,5.72063,6.70716,-122.26486,-2.34354,-15.17251,27.23045,-26.87967,CAR_EAG,LEN_BEA,CarsonNewman,D2,Team,20260220-CarsonNewman-1,d0371f40-0e97-11f1-8304-27cb6f288688,84.10382,2.52858,NA,7.91775,NA,NA,NA,2.3938,2.52858,0.28109,46df0e37-f40e-476d-8c8d-a76c06d1b556,2026-02-20,20:07:38,2026-02-20T20:07:38Z,2026-02-20T20:07:38Z,GroundBall,v3,CNE,NA,NA,"Rogers, Jacob",1000215913,Right,CAR_EAG,b3f8ca22-62d0-4272-a021-b5633b3d2cb4,53.87129,-123.12405,13.61523,5.78119,-1.49543,-13.43983,-1.41172,7.18589,-7.58625,NA,2.39303,51.40958,NA,NA,NA,NA,NA,NA,NA,2.52956,-65.1481,NA,NA,NA,NA,NA,NA,NA,0.27966,95.55182,NA,NA,NA,NA,NA,NA,NA,NA,NA,NA,NA,NA,NA,NA,NA,NA,NA,NA,NA,NA,NA,NA,NA,NA,NA,NA,NA,NA,NA,High,High,High,Estimated,Estimated,NA,NA,NA,NA,NA,NA,NA,NA,NA,NA,NA,NA,NA,NA,NA,NA,NA,NA,NA,NA,NA,NA,NA,NA,NA,NA,NA,NA,NA,NA,NA,NA,NA,NA,NA,NA,NA,NA,NA,NA,NA,NA,NA,NA,NA,NA
NA,NA,NA,NA,NA,NA,NA,NA,NA,NA,NA,NA,NA,NA,NA,NA,150,2026-02-20,15:08:01,3,5,"Slifka, Denver",10107869,Right,CAR_EAG,"Murchison, Trent",10032231,Left,LEN_BEA,Undefined,3,Top,2,1,2,Slider,Curveball,InPlay,Undefined,LineDrive,Single,0,0,NA,74.59554,0.745313,-0.822012,2371.126502,59.143547,08:00:00,5.93991,1.64046,5.94301,-57.79609,-6.62433,-14.26796,1.81505,-0.31111,67.5209,-9.894355,-3.391309,0.514857,79.14069,21.144155,7.917351,1582.187538,109.28137,30.31584,12.55278,258.09531,255.0101,4.302792,3.075808,7.05067,-3.14736,-1.56686,50,5.96707,2.05652,-108.22168,-0.33485,8.15225,23.29694,-35.81316,CAR_EAG,LEN_BEA,CarsonNewman,D2,Team,20260220-CarsonNewman-1,dd9b7780-0e97-11f1-8304-27cb6f288688,73.20953,31.91665,NA,7.07464,NA,NA,NA,1.90307,1.98042,0.32069,46df0e37-f40e-476d-8c8d-a76c06d1b556,2026-02-20,20:08:01,2026-02-20T20:08:01Z,2026-02-20T20:08:01Z,LineDrive,v3,CNE,NA,NA,"Rogers, Jacob",1000215913,Right,CAR_EAG,0c6db6ba-ef9e-4f8f-95e7-9ecb0393614b,54.55869,-109.19862,11.64847,5.94962,1.16695,-17.90658,-1.64593,1.71466,4.07612,154.801043,1.90309,107.2256,-12.96335,2.64311,-0.47185,0.05964,2.7e-4,-0.00205,2.9e-4,1.9804,41.87064,-15.65253,0.87665,-0.18233,0.06437,-0.02319,0.00555,-5.5e-4,0.3207,14.91161,-4.3111,0.76938,-0.13016,0.01013,0.00307,-0.00131,1.6e-4,NA,NA,NA,NA,NA,NA,NA,NA,NA,NA,NA,NA,NA,NA,NA,NA,NA,NA,NA,NA,NA,NA,High,High,High,High,High,NA,NA,NA,NA,NA,NA,NA,NA,NA,NA,NA,NA,NA,NA,NA,NA,NA,NA,NA,NA,NA,NA,NA,NA,NA,NA,NA,NA,NA,NA,NA,NA,NA,NA,NA,NA,NA,NA,NA,NA,NA,NA,NA,NA,NA,NA
NA,NA,NA,NA,NA,NA,NA,NA,NA,NA,NA,NA,NA,NA,NA,NA,151,2026-02-20,15:09:15,4,1,"Slifka, Denver",10107869,Right,CAR_EAG,"Lackey, Lleyton",813440,Left,LEN_BEA,Undefined,3,Top,2,0,0,Fastball,Changeup,BallCalled,Undefined,Undefined,Undefined,0,0,NA,80.68758,1.7362,-0.46701,1825.882564,231.263521,01:45:00,5.92965,1.31903,6.41566,-31.2021,10.92548,11.96579,4.92624,1.88681,73.59213,-4.150598,1.701009,0.467148,NA,NA,NA,NA,NA,NA,NA,NA,NA,NA,NA,-6.3324,5.62264,-1.2905,50,6.03959,0.51909,-117.24263,2.69276,-8.793,22.66212,-24.36658,CAR_EAG,LEN_BEA,CarsonNewman,D2,Team,20260220-CarsonNewman-1,099e1950-0e98-11f1-8304-27cb6f288688,80.68623,NA,NA,7.09545,NA,NA,NA,NA,NA,NA,46df0e37-f40e-476d-8c8d-a76c06d1b556,2026-02-20,20:09:15,2026-02-20T20:09:15Z,2026-02-20T20:09:15Z,NA,v3,CNE,NA,NA,"Rogers, Jacob",1000215913,Right,CAR_EAG,459350ff-f7c3-4473-b40b-6790d2606f98,54.0836,-118.02931,11.33106,5.93144,3.53861,-12.18329,-1.31382,0.82433,-4.3965,NA,NA,NA,NA,NA,NA,NA,NA,NA,NA,NA,NA,NA,NA,NA,NA,NA,NA,NA,NA,NA,NA,NA,NA,NA,NA,NA,NA,NA,NA,NA,NA,NA,NA,NA,NA,NA,NA,NA,NA,NA,NA,NA,NA,NA,NA,NA,NA,NA,NA,High,High,High,NA,NA,NA,NA,NA,NA,NA,NA,NA,NA,NA,NA,NA,NA,NA,NA,NA,NA,NA,NA,NA,NA,NA,NA,NA,NA,NA,NA,NA,NA,NA,NA,NA,NA,NA,NA,NA,NA,NA,NA,NA,NA,NA,NA,NA,NA,NA,NA
NA,NA,NA,NA,NA,NA,NA,NA,NA,NA,NA,NA,NA,NA,NA,NA,152,2026-02-20,15:09:50,4,2,"Slifka, Denver",10107869,Right,CAR_EAG,"Lackey, Lleyton",813440,Left,LEN_BEA,Undefined,3,Top,2,1,0,Fastball,Changeup,BallCalled,Undefined,Undefined,Undefined,0,0,NA,82.13825,-1.576818,-3.614074,1820.580425,253.239433,02:30:00,6.10176,1.37282,6.58953,-32.92746,8.19335,22.11245,1.90965,-0.1006,74.13228,-7.790034,0.405103,0.461532,NA,NA,NA,NA,NA,NA,NA,NA,NA,NA,NA,-12.69788,5.30701,-1.13291,50,5.98037,6.70089,-119.04037,-4.1995,-17.88092,26.82299,-24.70083,CAR_EAG,LEN_BEA,CarsonNewman,D2,Team,20260220-CarsonNewman-1,1eec3350-0e98-11f1-8304-27cb6f288688,81.66802,NA,NA,8.00598,NA,NA,NA,NA,NA,NA,46df0e37-f40e-476d-8c8d-a76c06d1b556,2026-02-20,20:09:50,2026-02-20T20:09:50Z,2026-02-20T20:09:50Z,NA,v3,CNE,NA,NA,"Rogers, Jacob",1000215913,Right,CAR_EAG,dff4caba-1086-4669-a165-9bbb5cd0ebe0,53.90952,-119.91806,13.4115,6.10456,-3.39126,-12.35041,-1.36174,7.28597,-8.94046,NA,NA,NA,NA,NA,NA,NA,NA,NA,NA,NA,NA,NA,NA,NA,NA,NA,NA,NA,NA,NA,NA,NA,NA,NA,NA,NA,NA,NA,NA,NA,NA,NA,NA,NA,NA,NA,NA,NA,NA,NA,NA,NA,NA,NA,NA,NA,NA,NA,NA,High,High,High,NA,NA,NA,NA,NA,NA,NA,NA,NA,NA,NA,NA,NA,NA,NA,NA,NA,NA,NA,NA,NA,NA,NA,NA,NA,NA,NA,NA,NA,NA,NA,NA,NA,NA,NA,NA,NA,NA,NA,NA,NA,NA,NA,NA,NA,NA,NA,NA
NA,NA,NA,NA,NA,NA,NA,NA,NA,NA,NA,NA,NA,NA,NA,NA,153,2026-02-20,15:10:08,4,3,"Slifka, Denver",10107869,Right,CAR_EAG,"Lackey, Lleyton",813440,Left,LEN_BEA,Undefined,3,Top,2,2,0,Fastball,Changeup,BallCalled,Undefined,Undefined,Undefined,0,0,NA,80.88364,0.577287,-2.278587,1914.239975,229.324319,01:45:00,6.24242,1.12952,6.32409,-30.47061,11.93879,12.19635,4.23532,0.04625,73.28995,-5.179681,-0.073415,0.468708,NA,NA,NA,NA,NA,NA,NA,NA,NA,NA,NA,-6.99304,6.47079,-0.96825,50,6.27028,4.21563,-117.38356,0.33592,-9.65953,24.29361,-23.2359,CAR_EAG,LEN_BEA,CarsonNewman,D2,Team,20260220-CarsonNewman-1,293bf890-0e98-11f1-8304-27cb6f288688,80.41774,NA,NA,7.59368,NA,NA,NA,NA,NA,NA,46df0e37-f40e-476d-8c8d-a76c06d1b556,2026-02-20,20:10:08,2026-02-20T20:10:08Z,2026-02-20T20:10:08Z,NA,v3,CNE,NA,NA,"Rogers, Jacob",1000215913,Right,CAR_EAG,0aa8b27f-0c64-4c26-85e9-c73d02b6bfee,54.17412,-118.24427,12.1468,6.2438,1.15916,-11.61795,-1.12367,4.55786,-4.82976,NA,NA,NA,NA,NA,NA,NA,NA,NA,NA,NA,NA,NA,NA,NA,NA,NA,NA,NA,NA,NA,NA,NA,NA,NA,NA,NA,NA,NA,NA,NA,NA,NA,NA,NA,NA,NA,NA,NA,NA,NA,NA,NA,NA,NA,NA,NA,NA,NA,NA,High,High,High,NA,NA,NA,NA,NA,NA,NA,NA,NA,NA,NA,NA,NA,NA,NA,NA,NA,NA,NA,NA,NA,NA,NA,NA,NA,NA,NA,NA,NA,NA,NA,NA,NA,NA,NA,NA,NA,NA,NA,NA,NA,NA,NA,NA,NA,NA,NA,NA
NA,NA,NA,NA,NA,NA,NA,NA,NA,NA,NA,NA,NA,NA,NA,NA,154,2026-02-20,15:10:24,4,4,"Slifka, Denver",10107869,Right,CAR_EAG,"Lackey, Lleyton",813440,Left,LEN_BEA,Undefined,3,Top,2,3,0,Fastball,Changeup,StrikeCalled,Undefined,Undefined,Undefined,0,0,NA,82.06067,-1.826983,-2.157425,1933.504944,233.406466,01:45:00,6.19715,1.4726,6.43567,-28.47065,12.42761,14.88501,2.14379,0.72934,74.88871,-7.190318,0.542745,0.460282,NA,NA,NA,NA,NA,NA,NA,NA,NA,NA,NA,-8.38378,7.45638,-1.32522,50,6.05433,3.94238,-119.13294,-4.58581,-11.97061,24.27381,-21.52762,CAR_EAG,LEN_BEA,CarsonNewman,D2,Team,20260220-CarsonNewman-1,330ca2c0-0e98-11f1-8304-27cb6f288688,81.88994,NA,NA,7.17195,NA,NA,NA,NA,NA,NA,46df0e37-f40e-476d-8c8d-a76c06d1b556,2026-02-20,20:10:24,2026-02-20T20:10:24Z,2026-02-20T20:10:24Z,NA,v3,CNE,NA,NA,"Rogers, Jacob",1000215913,Right,CAR_EAG,ad728d8c-99d4-42ab-90c9-b08dbf0f26f0,54.06405,-119.95815,12.13691,6.1978,-3.85397,-10.76381,-1.46616,4.34933,-5.98531,NA,NA,NA,NA,NA,NA,NA,NA,NA,NA,NA,NA,NA,NA,NA,NA,NA,NA,NA,NA,NA,NA,NA,NA,NA,NA,NA,NA,NA,NA,NA,NA,NA,NA,NA,NA,NA,NA,NA,NA,NA,NA,NA,NA,NA,NA,NA,NA,NA,NA,High,High,High,NA,NA,NA,NA,NA,NA,NA,NA,NA,NA,NA,NA,NA,NA,NA,NA,NA,NA,NA,NA,NA,NA,NA,NA,NA,NA,NA,NA,NA,NA,NA,NA,NA,NA,NA,NA,NA,NA,NA,NA,NA,NA,NA,NA,NA,NA,NA,NA
NA,NA,NA,NA,NA,NA,NA,NA,NA,NA,NA,NA,NA,NA,NA,NA,155,2026-02-20,15:10:42,4,5,"Slifka, Denver",10107869,Right,CAR_EAG,"Lackey, Lleyton",813440,Left,LEN_BEA,Undefined,3,Top,2,3,1,Fastball,Changeup,FoulBallNotFieldable,Undefined,Undefined,Undefined,0,0,NA,81.91766,-0.601077,-2.790669,1879.475777,222.049765,01:30:00,5.81545,1.33483,6.48616,-29.1797,11.39024,9.16312,2.83126,-0.46585,75.33202,-6.086572,-1.129249,0.458431,NA,NA,NA,NA,NA,NA,NA,NA,NA,NA,NA,-5.58524,6.49992,-1.1427,50,5.76019,5.48544,-119.05541,-2.05156,-8.04223,22.16789,-22.8148,CAR_EAG,LEN_BEA,CarsonNewman,D2,Team,20260220-CarsonNewman-1,3e08d4a0-0e98-11f1-8304-27cb6f288688,82.2206,NA,NA,6.58564,NA,NA,NA,NA,NA,NA,46df0e37-f40e-476d-8c8d-a76c06d1b556,2026-02-20,20:10:42,2026-02-20T20:10:42Z,2026-02-20T20:10:42Z,NA,v3,CNE,NA,NA,"Rogers, Jacob",1000215913,Right,CAR_EAG,23e7bdb7-5910-4cf4-ae2b-2b4f38461ef0,54.01604,-119.80085,11.08395,5.81628,-1.28436,-11.4074,-1.33171,5.75588,-4.02112,NA,NA,NA,NA,NA,NA,NA,NA,NA,NA,NA,NA,NA,NA,NA,NA,NA,NA,NA,NA,NA,NA,NA,NA,NA,NA,NA,NA,NA,NA,NA,NA,NA,NA,NA,NA,NA,NA,NA,NA,NA,NA,NA,NA,NA,NA,NA,NA,NA,NA,High,High,High,NA,NA,NA,NA,NA,NA,NA,NA,NA,NA,NA,NA,NA,NA,NA,NA,NA,NA,NA,NA,NA,NA,NA,NA,NA,NA,NA,NA,NA,NA,NA,NA,NA,NA,NA,NA,NA,NA,NA,NA,NA,NA,NA,NA,NA,NA,NA,NA
NA,NA,NA,NA,NA,NA,NA,NA,NA,NA,NA,NA,NA,NA,NA,NA,156,2026-02-20,15:11:22,4,6,"Slifka, Denver",10107869,Right,CAR_EAG,"Lackey, Lleyton",813440,Left,LEN_BEA,Undefined,3,Top,2,3,2,Fastball,Changeup,FoulBallNotFieldable,Undefined,Undefined,Undefined,0,0,NA,82.97122,-0.585786,-2.770855,1882.158029,243.516957,02:00:00,6.10718,1.27512,6.71623,-30.17391,9.98753,16.98316,3.05656,0.15549,74.49441,-6.333477,0.323785,0.456117,77.32904,-1.892385,58.046651,4474.529038,NA,NA,NA,47.35391,41.76427,55.321538,0.429958,-9.95674,5.90366,-1.09759,50,6.05669,5.22606,-120.37903,-2.03087,-14.26968,28.44624,-23.71312,CAR_EAG,LEN_BEA,CarsonNewman,D2,Team,20260220-CarsonNewman-1,55b88550-0e98-11f1-8304-27cb6f288688,82.63766,3.44103,NA,8.47681,NA,NA,NA,2.79905,3.44103,-0.27448,46df0e37-f40e-476d-8c8d-a76c06d1b556,2026-02-20,20:11:22,2026-02-20T20:11:22Z,2026-02-20T20:11:22Z,GroundBall,v3,CNE,NA,NA,"Rogers, Jacob",1000215913,Right,CAR_EAG,94748479-3d2f-4ab1-a3fc-67b9b99da489,53.78355,-121.26981,14.22312,6.10866,-1.2883,-11.85656,-1.26824,5.67291,-7.13484,NA,2.80535,59.79391,-8.53199,NA,NA,NA,NA,NA,NA,3.44077,-3.73607,-9.92208,NA,NA,NA,NA,NA,NA,-0.26685,95.94128,-11.08547,NA,NA,NA,NA,NA,NA,NA,NA,NA,NA,NA,NA,NA,NA,NA,NA,NA,NA,NA,NA,NA,NA,NA,NA,NA,NA,NA,NA,High,High,High,High,High,NA,NA,NA,NA,NA,NA,NA,NA,NA,NA,NA,NA,NA,NA,NA,NA,NA,NA,NA,NA,NA,NA,NA,NA,NA,NA,NA,NA,NA,NA,NA,NA,NA,NA,NA,NA,NA,NA,NA,NA,NA,NA,NA,NA,NA,NA
NA,NA,NA,NA,NA,NA,NA,NA,NA,NA,NA,NA,NA,NA,NA,NA,157,2026-02-20,15:11:45,4,7,"Slifka, Denver",10107869,Right,CAR_EAG,"Lackey, Lleyton",813440,Left,LEN_BEA,Undefined,3,Top,2,3,2,ChangeUp,Changeup,StrikeSwinging,Strikeout,Undefined,Undefined,0,0,NA,79.07851,-0.92306,-2.491165,1386.90749,256.517853,02:30:00,5.85125,1.56933,6.8753,-38.18112,4.9891,14.98292,1.82739,0.54614,72.51199,-8.100919,0.250904,0.472894,NA,NA,NA,NA,NA,NA,NA,NA,NA,NA,NA,-8.74666,3.31689,-1.41612,50,5.77906,4.5263,-114.97495,-2.83495,-11.64634,22.36825,-27.75753,CAR_EAG,LEN_BEA,CarsonNewman,D2,Team,20260220-CarsonNewman-1,634218d0-0e98-11f1-8304-27cb6f288688,79.70593,NA,NA,6.56652,NA,NA,NA,NA,NA,NA,46df0e37-f40e-476d-8c8d-a76c06d1b556,2026-02-20,20:11:45,2026-02-20T20:11:45Z,2026-02-20T20:11:45Z,NA,v3,CNE,NA,NA,"Rogers, Jacob",1000215913,Right,CAR_EAG,2d00a4d6-50ef-4ec5-9f84-7d2c33e05a82,53.62732,-115.67849,11.18412,5.85449,-1.96191,-13.87876,-1.56425,4.89261,-5.82317,NA,NA,NA,NA,NA,NA,NA,NA,NA,NA,NA,NA,NA,NA,NA,NA,NA,NA,NA,NA,NA,NA,NA,NA,NA,NA,NA,NA,NA,NA,NA,NA,NA,NA,NA,NA,NA,NA,NA,NA,NA,NA,NA,NA,NA,NA,NA,NA,NA,NA,High,High,High,NA,NA,NA,NA,NA,NA,NA,NA,NA,NA,NA,NA,NA,NA,NA,NA,NA,NA,NA,NA,NA,NA,NA,NA,NA,NA,NA,NA,NA,NA,NA,NA,NA,NA,NA,NA,NA,NA,NA,NA,NA,NA,NA,NA,NA,NA,NA,NA
NA,NA,NA,NA,NA,NA,NA,NA,NA,NA,NA,NA,NA,NA,NA,NA,158,2026-02-20,15:14:00,1,1,"Burnley, Michael",10109139,Right,LEN_BEA,"Nathan, Cole",1000323259,Right,CAR_EAG,Undefined,3,Bottom,0,0,0,Slider,Slider,BallCalled,Undefined,Undefined,Undefined,0,0,NA,79.53207,2.181683,1.096703,2347.576386,109.605192,09:45:00,6.07638,0.77166,5.55575,-38.70392,7.27768,-15.33654,4.89095,0.51848,70.77845,-5.033654,-1.63726,0.488049,NA,NA,NA,NA,NA,NA,NA,NA,NA,NA,NA,8.01847,3.45669,-0.85654,50,6.24037,-1.56339,-115.03733,3.12715,10.45415,26.7233,-27.66735,CAR_EAG,LEN_BEA,CarsonNewman,D2,Team,20260220-CarsonNewman-1,b3bc3570-0e98-11f1-8304-27cb6f288688,77.23082,NA,NA,8.75362,NA,NA,NA,NA,NA,NA,46df0e37-f40e-476d-8c8d-a76c06d1b556,2026-02-20,20:14:00,2026-02-20T20:14:00Z,2026-02-20T20:14:00Z,NA,v3,CNE,NA,NA,"Christmas, Seth",1000191967,Right,LEN_BEA,e821d798-4d00-4c5f-bb1e-7d1866cc0e71,54.93895,-116.17899,13.36165,6.08153,4.30914,-13.83368,-0.78021,-2.01001,5.22708,NA,NA,NA,NA,NA,NA,NA,NA,NA,NA,NA,NA,NA,NA,NA,NA,NA,NA,NA,NA,NA,NA,NA,NA,NA,NA,NA,NA,NA,NA,NA,NA,NA,NA,NA,NA,NA,NA,NA,NA,NA,NA,NA,NA,NA,NA,NA,NA,NA,NA,High,High,High,NA,NA,NA,NA,NA,NA,NA,NA,NA,NA,NA,NA,NA,NA,NA,NA,NA,NA,NA,NA,NA,NA,NA,NA,NA,NA,NA,NA,NA,NA,NA,NA,NA,NA,NA,NA,NA,NA,NA,NA,NA,NA,NA,NA,NA,NA,NA,NA
NA,NA,NA,NA,NA,NA,NA,NA,NA,NA,NA,NA,NA,NA,NA,NA,159,2026-02-20,15:14:18,1,2,"Burnley, Michael",10109139,Right,LEN_BEA,"Nathan, Cole",1000323259,Right,CAR_EAG,Undefined,3,Bottom,0,1,0,Fastball,Four-Seam,FoulBallNotFieldable,Undefined,Undefined,Undefined,0,0,NA,91.60761,-1.499826,-2.332109,2409.207886,176.389543,12:00:00,6.17638,0.61614,6.37487,-19.88702,13.40831,-0.7685,3.13769,-1.59484,82.40442,-5.30037,-2.47113,0.415301,NA,NA,NA,NA,NA,NA,NA,NA,NA,NA,NA,-0.37803,7.82933,-0.44747,50,6.05879,5.44042,-132.78265,-4.05224,-0.66256,33.29628,-18.45237,CAR_EAG,LEN_BEA,CarsonNewman,D2,Team,20260220-CarsonNewman-1,be8d5fb0-0e98-11f1-8304-27cb6f288688,90.75927,NA,NA,9.20319,NA,NA,NA,NA,NA,NA,46df0e37-f40e-476d-8c8d-a76c06d1b556,2026-02-20,20:14:18,2026-02-20T20:14:18Z,2026-02-20T20:14:18Z,NA,v3,CNE,NA,NA,"Christmas, Seth",1000191967,Right,LEN_BEA,b09057b6-19ce-4f2a-8902-6343a0d629f2,54.12101,-133.81203,16.64814,6.17525,-3.48177,-9.22618,-0.61599,5.46091,-0.33128,NA,NA,NA,NA,NA,NA,NA,NA,NA,NA,NA,NA,NA,NA,NA,NA,NA,NA,NA,NA,NA,NA,NA,NA,NA,NA,NA,NA,NA,NA,NA,NA,NA,NA,NA,NA,NA,NA,NA,NA,NA,NA,NA,NA,NA,NA,NA,NA,NA,NA,High,High,High,NA,NA,NA,NA,NA,NA,NA,NA,NA,NA,NA,NA,NA,NA,NA,NA,NA,NA,NA,NA,NA,NA,NA,NA,NA,NA,NA,NA,NA,NA,NA,NA,NA,NA,NA,NA,NA,NA,NA,NA,NA,NA,NA,NA,NA,NA,NA,NA
NA,NA,NA,NA,NA,NA,NA,NA,NA,NA,NA,NA,NA,NA,NA,NA,160,2026-02-20,15:14:42,1,3,"Burnley, Michael",10109139,Right,LEN_BEA,"Nathan, Cole",1000323259,Right,CAR_EAG,Undefined,3,Bottom,0,1,1,Fastball,Four-Seam,BallCalled,Undefined,Undefined,Undefined,0,0,NA,92.04589,-0.511591,-1.464293,2334.601252,195.55722600000001,12:30:00,5.95893,0.58066,6.151,-13.63079,19.37174,5.07166,4.35016,-0.35,83.06743,-3.171073,-0.550093,0.413471,NA,NA,NA,NA,NA,NA,NA,NA,NA,NA,NA,-3.05347,10.468,-0.47167,50,5.91276,3.19279,-133.56662,-1.52836,-5.45152,31.91088,-13.48502,CAR_EAG,LEN_BEA,CarsonNewman,D2,Team,20260220-CarsonNewman-1,cd2a5f00-0e98-11f1-8304-27cb6f288688,91.16101,NA,NA,8.97846,NA,NA,NA,NA,NA,NA,46df0e37-f40e-476d-8c8d-a76c06d1b556,2026-02-20,20:14:42,2026-02-20T20:14:42Z,2026-02-20T20:14:42Z,NA,v3,CNE,NA,NA,"Christmas, Seth",1000191967,Right,LEN_BEA,4b51b19c-cb8a-47b3-ba6f-afc62b83b498,54.34624,-134.60099,15.95544,5.95522,-1.09126,-6.74251,-0.57803,3.36949,-2.72576,NA,NA,NA,NA,NA,NA,NA,NA,NA,NA,NA,NA,NA,NA,NA,NA,NA,NA,NA,NA,NA,NA,NA,NA,NA,NA,NA,NA,NA,NA,NA,NA,NA,NA,NA,NA,NA,NA,NA,NA,NA,NA,NA,NA,NA,NA,NA,NA,NA,NA,High,High,High,NA,NA,NA,NA,NA,NA,NA,NA,NA,NA,NA,NA,NA,NA,NA,NA,NA,NA,NA,NA,NA,NA,NA,NA,NA,NA,NA,NA,NA,NA,NA,NA,NA,NA,NA,NA,NA,NA,NA,NA,NA,NA,NA,NA,NA,NA,NA,NA
NA,NA,NA,NA,NA,NA,NA,NA,NA,NA,NA,NA,NA,NA,NA,NA,161,2026-02-20,15:15:01,1,4,"Burnley, Michael",10109139,Right,LEN_BEA,"Nathan, Cole",1000323259,Right,CAR_EAG,Undefined,3,Bottom,0,2,1,Slider,Slider,BallCalled,Undefined,Undefined,Undefined,0,0,NA,78.39998,2.791139,1.517987,2383.563024,86.654216,09:00:00,5.74414,0.69986,5.28505,-45.97199,0.46213,-16.09367,4.53733,0.78461,71.85349,-5.595992,-1.335983,0.490445,NA,NA,NA,NA,NA,NA,NA,NA,NA,NA,NA,8.42264,-0.0648,-0.82614,50,5.96522,-2.36293,-113.72048,3.95841,11.06762,20.1836,-32.25921,CAR_EAG,LEN_BEA,CarsonNewman,D2,Team,20260220-CarsonNewman-1,d7fcc1c0-0e98-11f1-8304-27cb6f288688,76.85362,NA,NA,6.54649,NA,NA,NA,NA,NA,NA,46df0e37-f40e-476d-8c8d-a76c06d1b556,2026-02-20,20:15:01,2026-02-20T20:15:01Z,2026-02-20T20:15:01Z,NA,v3,CNE,NA,NA,"Christmas, Seth",1000191967,Right,LEN_BEA,c055151f-bfe7-42a3-a1bf-697e4b78364b,55.21721,-114.64271,10.0918,5.75068,5.4324,-16.12961,-0.70662,-2.86863,5.53381,NA,NA,NA,NA,NA,NA,NA,NA,NA,NA,NA,NA,NA,NA,NA,NA,NA,NA,NA,NA,NA,NA,NA,NA,NA,NA,NA,NA,NA,NA,NA,NA,NA,NA,NA,NA,NA,NA,NA,NA,NA,NA,NA,NA,NA,NA,NA,NA,NA,NA,High,High,High,NA,NA,NA,NA,NA,NA,NA,NA,NA,NA,NA,NA,NA,NA,NA,NA,NA,NA,NA,NA,NA,NA,NA,NA,NA,NA,NA,NA,NA,NA,NA,NA,NA,NA,NA,NA,NA,NA,NA,NA,NA,NA,NA,NA,NA,NA,NA,NA
NA,NA,NA,NA,NA,NA,NA,NA,NA,NA,NA,NA,NA,NA,NA,NA,162,2026-02-20,15:15:29,1,5,"Burnley, Michael",10109139,Right,LEN_BEA,"Nathan, Cole",1000323259,Right,CAR_EAG,Undefined,3,Bottom,0,3,1,Fastball,Four-Seam,BallCalled,Walk,Undefined,Undefined,0,0,NA,90.82813,0.22291,-1.561056,2304.057359,192.32016,12:30:00,5.86084,0.73264,6.41107,-16.81485,16.69493,3.39536,4.66464,-0.4201,82.09316,-3.027101,-0.946101,0.416636,NA,NA,NA,NA,NA,NA,NA,NA,NA,NA,NA,-2.23307,8.95095,-0.6223,50,5.86879,3.45165,-131.86572,0.0771,-3.89123,30.74907,-16.57654,CAR_EAG,LEN_BEA,CarsonNewman,D2,Team,20260220-CarsonNewman-1,e8bca110-0e98-11f1-8304-27cb6f288688,90.46843,NA,NA,8.73497,NA,NA,NA,NA,NA,NA,46df0e37-f40e-476d-8c8d-a76c06d1b556,2026-02-20,20:15:29,2026-02-20T20:15:29Z,2026-02-20T20:15:29Z,NA,v3,CNE,NA,NA,"Christmas, Seth",1000191967,Right,LEN_BEA,489bba77-cba2-4f0b-83b1-932fa344c2af,54.08598,-132.81509,15.37454,5.85851,0.5889,-8.28827,-0.73072,3.57179,-1.94561,NA,NA,NA,NA,NA,NA,NA,NA,NA,NA,NA,NA,NA,NA,NA,NA,NA,NA,NA,NA,NA,NA,NA,NA,NA,NA,NA,NA,NA,NA,NA,NA,NA,NA,NA,NA,NA,NA,NA,NA,NA,NA,NA,NA,NA,NA,NA,NA,NA,NA,High,High,High,NA,NA,NA,NA,NA,NA,NA,NA,NA,NA,NA,NA,NA,NA,NA,NA,NA,NA,NA,NA,NA,NA,NA,NA,NA,NA,NA,NA,NA,NA,NA,NA,NA,NA,NA,NA,NA,NA,NA,NA,NA,NA,NA,NA,NA,NA,NA,NA
NA,NA,NA,NA,NA,NA,NA,NA,NA,NA,NA,NA,NA,NA,NA,NA,163,2026-02-20,15:16:05,2,1,"Burnley, Michael",10109139,Right,LEN_BEA,"Soto Diaz, Bradley",1000475324,Right,CAR_EAG,Undefined,3,Bottom,0,0,0,ChangeUp,Changeup,StrikeCalled,Undefined,Undefined,Undefined,0,0,NA,84.40153,-0.05421,-2.683762,1351.228915,258.709221,02:30:00,6.22952,0.67666,6.07035,-34.73423,4.92122,17.31851,3.28478,-0.36552,76.00635,-6.542385,0.434478,0.453234,NA,NA,NA,NA,NA,NA,NA,NA,NA,NA,NA,-9.73831,3.00882,-0.47733,50,6.20726,5.03302,-122.3457,-1.23212,-14.48761,28.30005,-27.69785,CAR_EAG,LEN_BEA,CarsonNewman,D2,Team,20260220-CarsonNewman-1,fe82aa30-0e98-11f1-8304-27cb6f288688,83.16322,NA,NA,8.39518,NA,NA,NA,NA,NA,NA,46df0e37-f40e-476d-8c8d-a76c06d1b556,2026-02-20,20:16:05,2026-02-20T20:16:05Z,2026-02-20T20:16:05Z,NA,v3,CNE,NA,NA,"Christmas, Seth",1000191967,Right,LEN_BEA,f5617959-0574-470b-b921-a8bbac95be48,54.42824,-123.36576,14.15002,6.23368,-0.23378,-13.84893,-0.66815,5.55522,-7.24381,NA,NA,NA,NA,NA,NA,NA,NA,NA,NA,NA,NA,NA,NA,NA,NA,NA,NA,NA,NA,NA,NA,NA,NA,NA,NA,NA,NA,NA,NA,NA,NA,NA,NA,NA,NA,NA,NA,NA,NA,NA,NA,NA,NA,NA,NA,NA,NA,NA,NA,High,High,High,NA,NA,NA,NA,NA,NA,NA,NA,NA,NA,NA,NA,NA,NA,NA,NA,NA,NA,NA,NA,NA,NA,NA,NA,NA,NA,NA,NA,NA,NA,NA,NA,NA,NA,NA,NA,NA,NA,NA,NA,NA,NA,NA,NA,NA,NA,NA,NA
NA,NA,NA,NA,NA,NA,NA,NA,NA,NA,NA,NA,NA,NA,NA,NA,164,2026-02-20,15:16:26,2,2,"Burnley, Michael",10109139,Right,LEN_BEA,"Soto Diaz, Bradley",1000475324,Right,CAR_EAG,Undefined,3,Bottom,0,0,1,Slider,Slider,StrikeSwinging,Undefined,Undefined,Undefined,0,0,NA,78.23193,1.202909,0.925962,2352.69299,77.537309,08:30:00,5.89395,0.60538,5.59387,-48.89278,-1.24638,-14.47623,2.94305,0.26369,69.64541,-7.832236,-1.661144,0.496806,NA,NA,NA,NA,NA,NA,NA,NA,NA,NA,NA,7.56201,-0.41354,-0.67563,50,5.96645,-1.23875,-113.20065,0.74619,9.48736,27.03609,-32.69289,CAR_EAG,LEN_BEA,CarsonNewman,D2,Team,20260220-CarsonNewman-1,0b0cf620-0e99-11f1-8304-27cb6f288688,75.86959,NA,NA,8.58651,NA,NA,NA,NA,NA,NA,46df0e37-f40e-476d-8c8d-a76c06d1b556,2026-02-20,20:16:26,2026-02-20T20:16:26Z,2026-02-20T20:16:26Z,NA,v3,CNE,NA,NA,"Christmas, Seth",1000191967,Right,LEN_BEA,3f5b4a75-d44a-4e0e-b354-fde21a1deba7,54.90177,-114.36536,13.51805,5.90397,2.1546,-16.34644,-0.61346,-1.64746,4.74368,NA,NA,NA,NA,NA,NA,NA,NA,NA,NA,NA,NA,NA,NA,NA,NA,NA,NA,NA,NA,NA,NA,NA,NA,NA,NA,NA,NA,NA,NA,NA,NA,NA,NA,NA,NA,NA,NA,NA,NA,NA,NA,NA,NA,NA,NA,NA,NA,NA,NA,High,High,High,NA,NA,NA,NA,NA,NA,NA,NA,NA,NA,NA,NA,NA,NA,NA,NA,NA,NA,NA,NA,NA,NA,NA,NA,NA,NA,NA,NA,NA,NA,NA,NA,NA,NA,NA,NA,NA,NA,NA,NA,NA,NA,NA,NA,NA,NA,NA,NA
NA,NA,NA,NA,NA,NA,NA,NA,NA,NA,NA,NA,NA,NA,NA,NA,165,2026-02-20,15:16:50,2,3,"Burnley, Michael",10109139,Right,LEN_BEA,"Soto Diaz, Bradley",1000475324,Right,CAR_EAG,Undefined,3,Bottom,0,0,2,Fastball,Four-Seam,FoulBallNotFieldable,Undefined,Undefined,Undefined,0,0,NA,89.41181,-0.922636,-1.205903,2347.439936,195.134037,12:30:00,5.85051,0.59005,6.20966,-18.19249,16.80406,4.20429,3.48264,-0.17278,80.58493,-4.419942,-0.446932,0.425779,NA,NA,NA,NA,NA,NA,NA,NA,NA,NA,NA,-2.56732,9.36642,-0.50159,50,5.77216,2.55845,-129.74629,-2.59126,-4.30855,31.06936,-16.45506,CAR_EAG,LEN_BEA,CarsonNewman,D2,Team,20260220-CarsonNewman-1,18f96a20-0e99-11f1-8304-27cb6f288688,88.52589,NA,NA,8.82688,NA,NA,NA,NA,NA,NA,46df0e37-f40e-476d-8c8d-a76c06d1b556,2026-02-20,20:16:50,2026-02-20T20:16:50Z,2026-02-20T20:16:50Z,NA,v3,CNE,NA,NA,"Christmas, Seth",1000191967,Right,LEN_BEA,af48eb22-a74e-4876-9397-4f5ae1422421,54.28884,-130.76927,15.53468,5.84856,-2.04946,-8.22753,-0.58816,2.70031,-2.15428,NA,NA,NA,NA,NA,NA,NA,NA,NA,NA,NA,NA,NA,NA,NA,NA,NA,NA,NA,NA,NA,NA,NA,NA,NA,NA,NA,NA,NA,NA,NA,NA,NA,NA,NA,NA,NA,NA,NA,NA,NA,NA,NA,NA,NA,NA,NA,NA,NA,NA,High,High,High,NA,NA,NA,NA,NA,NA,NA,NA,NA,NA,NA,NA,NA,NA,NA,NA,NA,NA,NA,NA,NA,NA,NA,NA,NA,NA,NA,NA,NA,NA,NA,NA,NA,NA,NA,NA,NA,NA,NA,NA,NA,NA,NA,NA,NA,NA,NA,NA
NA,NA,NA,NA,NA,NA,NA,NA,NA,NA,NA,NA,NA,NA,NA,NA,166,2026-02-20,15:17:18,2,4,"Burnley, Michael",10109139,Right,LEN_BEA,"Soto Diaz, Bradley",1000475324,Right,CAR_EAG,Undefined,3,Bottom,0,0,2,Slider,Slider,StrikeSwinging,Strikeout,Undefined,Undefined,0,0,NA,79.19967,-1.055294,0.604419,2411.484886,98.938033,09:15:00,5.85454,0.42834,5.18762,-41.69128,4.56347,-18.73973,1.38727,-0.56464,72.12492,-8.654604,-2.722103,0.489496,NA,NA,NA,NA,NA,NA,NA,NA,NA,NA,NA,9.51398,3.09815,-0.46975,50,5.72524,-0.43831,-114.81016,-3.56014,12.54038,23.73133,-28.09039,CAR_EAG,LEN_BEA,CarsonNewman,D2,Team,20260220-CarsonNewman-1,298b5ba0-0e99-11f1-8304-27cb6f288688,77.00247,NA,NA,7.07475,NA,NA,NA,NA,NA,NA,46df0e37-f40e-476d-8c8d-a76c06d1b556,2026-02-20,20:17:18,2026-02-20T20:17:18Z,2026-02-20T20:17:18Z,NA,v3,CNE,NA,NA,"Christmas, Seth",1000191967,Right,LEN_BEA,55ebb4a5-9350-4422-a9e9-438e2e173e34,55.31241,-115.90304,11.86567,5.8594,-2.26652,-14.04519,-0.43626,-1.01582,6.27019,NA,NA,NA,NA,NA,NA,NA,NA,NA,NA,NA,NA,NA,NA,NA,NA,NA,NA,NA,NA,NA,NA,NA,NA,NA,NA,NA,NA,NA,NA,NA,NA,NA,NA,NA,NA,NA,NA,NA,NA,NA,NA,NA,NA,NA,NA,NA,NA,NA,NA,High,High,High,NA,NA,NA,NA,NA,NA,NA,NA,NA,NA,NA,NA,NA,NA,NA,NA,NA,NA,NA,NA,NA,NA,NA,NA,NA,NA,NA,NA,NA,NA,NA,NA,NA,NA,NA,NA,NA,NA,NA,NA,NA,NA,NA,NA,NA,NA,NA,NA
NA,NA,NA,NA,NA,NA,NA,NA,NA,NA,NA,NA,NA,NA,NA,NA,167,2026-02-20,15:18:02,3,1,"Burnley, Michael",10109139,Right,LEN_BEA,"Bishop, Matthew",10136275,Right,CAR_EAG,Undefined,3,Bottom,1,0,0,Slider,Slider,BallCalled,Undefined,Undefined,Undefined,0,0,NA,78.44735,-1.3677840000000001,-1.239113,2394.340866,96.03265,09:15:00,6.17536,0.50356,5.38179,-43.66431,4.40599,-22.51856,1.25394,-2.53474,69.94398,-9.387937,-5.246545,0.499011,NA,NA,NA,NA,NA,NA,NA,NA,NA,NA,NA,10.6878,3.39138,-0.3768,50,6.02319,3.38523,-113.37833,-4.1642,13.36872,28.2585,-27.93195,CAR_EAG,LEN_BEA,CarsonNewman,D2,Team,20260220-CarsonNewman-1,440b6a60-0e99-11f1-8304-27cb6f288688,75.53434,NA,NA,8.50337,NA,NA,NA,NA,NA,NA,46df0e37-f40e-476d-8c8d-a76c06d1b556,2026-02-20,20:18:02,2026-02-20T20:18:02Z,2026-02-20T20:18:02Z,NA,v3,CNE,NA,NA,"Christmas, Seth",1000191967,Right,LEN_BEA,e46f1b78-3fa4-4735-bd27-2ac03252b1a1,55.11325,-114.64568,14.12925,6.18186,-2.91149,-13.96597,-0.51518,2.78566,6.68436,NA,NA,NA,NA,NA,NA,NA,NA,NA,NA,NA,NA,NA,NA,NA,NA,NA,NA,NA,NA,NA,NA,NA,NA,NA,NA,NA,NA,NA,NA,NA,NA,NA,NA,NA,NA,NA,NA,NA,NA,NA,NA,NA,NA,NA,NA,NA,NA,NA,NA,High,High,High,NA,NA,NA,NA,NA,NA,NA,NA,NA,NA,NA,NA,NA,NA,NA,NA,NA,NA,NA,NA,NA,NA,NA,NA,NA,NA,NA,NA,NA,NA,NA,NA,NA,NA,NA,NA,NA,NA,NA,NA,NA,NA,NA,NA,NA,NA,NA,NA
NA,NA,NA,NA,NA,NA,NA,NA,NA,NA,NA,NA,NA,NA,NA,NA,168,2026-02-20,15:18:20,3,2,"Burnley, Michael",10109139,Right,LEN_BEA,"Bishop, Matthew",10136275,Right,CAR_EAG,Undefined,3,Bottom,1,1,0,Fastball,Four-Seam,InPlay,Undefined,GroundBall,FieldersChoice,1,0,NA,90.33778,-1.228854,-0.158851,2299.931269,189.312693,12:15:00,5.87643,0.72491,6.37004,-17.7895,15.66654,2.40276,3.26304,0.77897,82.91175,-4.616563,0.276394,0.416302,80.74453,-14.011495,-19.884568,NA,NA,NA,NA,12.64803,12.53387,-21.790229,0.101791,-1.3065,8.83465,-0.71455,50,5.77923,0.27094,-131.39407,-3.3204,-2.29064,27.08422,-16.68454,CAR_EAG,LEN_BEA,CarsonNewman,D2,Team,20260220-CarsonNewman-1,4eec7320-0e99-11f1-8304-27cb6f288688,90.54109,3.16063,NA,7.42603,NA,NA,NA,0.902,3.16063,-0.77663,46df0e37-f40e-476d-8c8d-a76c06d1b556,2026-02-20,20:18:20,2026-02-20T20:18:20Z,2026-02-20T20:18:20Z,GroundBall,v3,CNE,NA,NA,"Christmas, Seth",1000191967,Right,LEN_BEA,48b1b208-adb0-467f-8f29-24401bd04331,54.13202,-132.24306,13.54211,5.87512,-2.7974,-8.34227,-0.72417,0.34274,-1.14532,358.487349,0.90203,108.04754,-15.05905,NA,NA,NA,NA,NA,NA,3.16078,-28.69238,-23.19227,NA,NA,NA,NA,NA,NA,-0.77664,-39.0794,5.74518,NA,NA,NA,NA,NA,NA,NA,NA,NA,NA,NA,NA,NA,NA,NA,NA,NA,NA,NA,NA,NA,NA,NA,NA,NA,NA,NA,NA,High,High,High,High,High,NA,NA,NA,NA,NA,NA,NA,NA,NA,NA,NA,NA,NA,NA,NA,NA,NA,NA,NA,NA,NA,NA,NA,NA,NA,NA,NA,NA,NA,NA,NA,NA,NA,NA,NA,NA,NA,NA,NA,NA,NA,NA,NA,NA,NA,NA
NA,NA,NA,NA,NA,NA,NA,NA,NA,NA,NA,NA,NA,NA,NA,NA,169,2026-02-20,15:19:04,4,1,"Burnley, Michael",10109139,Right,LEN_BEA,"Gibson, Aiden",10011511,Right,CAR_EAG,Undefined,3,Bottom,2,0,0,Fastball,Four-Seam,BallCalled,Undefined,Undefined,Undefined,0,0,NA,91.8272,-0.263838,-1.30655,2317.946614,168.876439,11:45:00,6.05923,0.45449,6.12667,-19.53694,14.34658,-2.54658,4.18719,-0.96574,81.310059999999993,-4.02812,-1.765395,0.418953,NA,NA,NA,NA,NA,NA,NA,NA,NA,NA,NA,0.80465,7.86611,-0.35335,50,6.02906,3.14696,-132.9481,-1.18332,1.39293,37.20147,-18.55679,CAR_EAG,LEN_BEA,CarsonNewman,D2,Team,20260220-CarsonNewman-1,6912f030-0e99-11f1-8304-27cb6f288688,89.96807,NA,NA,10.51714,NA,NA,NA,NA,NA,NA,46df0e37-f40e-476d-8c8d-a76c06d1b556,2026-02-20,20:19:04,2026-02-20T20:19:04Z,2026-02-20T20:19:04Z,NA,v3,CNE,NA,NA,"Christmas, Seth",1000191967,Right,LEN_BEA,463e2c01-e4d4-4885-8e2d-6c617485ecd3,54.36628,-134.16431,18.60074,6.05783,-0.57665,-9.2784,-0.45549,3.10142,0.69647,NA,NA,NA,NA,NA,NA,NA,NA,NA,NA,NA,NA,NA,NA,NA,NA,NA,NA,NA,NA,NA,NA,NA,NA,NA,NA,NA,NA,NA,NA,NA,NA,NA,NA,NA,NA,NA,NA,NA,NA,NA,NA,NA,NA,NA,NA,NA,NA,NA,NA,High,High,High,NA,NA,NA,NA,NA,NA,NA,NA,NA,NA,NA,NA,NA,NA,NA,NA,NA,NA,NA,NA,NA,NA,NA,NA,NA,NA,NA,NA,NA,NA,NA,NA,NA,NA,NA,NA,NA,NA,NA,NA,NA,NA,NA,NA,NA,NA,NA,NA
NA,NA,NA,NA,NA,NA,NA,NA,NA,NA,NA,NA,NA,NA,NA,NA,170,2026-02-20,15:19:25,4,2,"Burnley, Michael",10109139,Right,LEN_BEA,"Gibson, Aiden",10011511,Right,CAR_EAG,Undefined,3,Bottom,2,1,0,ChangeUp,Changeup,FoulBallNotFieldable,Undefined,Undefined,Undefined,0,0,NA,86.03447,-1.242591,-1.406512,1317.999048,248.556111,02:15:00,5.78244,0.45573,5.9239,-31.49344,6.76532,13.70485,2.00439,0.29235,77.78786,-7.106588,1.05763,0.445181,NA,NA,NA,NA,NA,NA,NA,NA,NA,NA,NA,-7.52796,4.25504,-0.35113,50,5.66519,2.51133,-124.79544,-3.7396,-11.67111,29.07379,-25.57716,CAR_EAG,LEN_BEA,CarsonNewman,D2,Team,20260220-CarsonNewman-1,753ca590-0e99-11f1-8304-27cb6f288688,84.66765,NA,NA,8.2466,NA,NA,NA,NA,NA,NA,46df0e37-f40e-476d-8c8d-a76c06d1b556,2026-02-20,20:19:25,2026-02-20T20:19:25Z,2026-02-20T20:19:25Z,NA,v3,CNE,NA,NA,"Christmas, Seth",1000191967,Right,LEN_BEA,02e16adf-cdf6-4f9d-82b7-2525e645a157,54.57652,-125.85712,14.5369,5.78469,-2.8056,-12.78858,-0.45061,2.93752,-5.83555,NA,NA,NA,NA,NA,NA,NA,NA,NA,NA,NA,NA,NA,NA,NA,NA,NA,NA,NA,NA,NA,NA,NA,NA,NA,NA,NA,NA,NA,NA,NA,NA,NA,NA,NA,NA,NA,NA,NA,NA,NA,NA,NA,NA,NA,NA,NA,NA,NA,NA,High,High,High,NA,NA,NA,NA,NA,NA,NA,NA,NA,NA,NA,NA,NA,NA,NA,NA,NA,NA,NA,NA,NA,NA,NA,NA,NA,NA,NA,NA,NA,NA,NA,NA,NA,NA,NA,NA,NA,NA,NA,NA,NA,NA,NA,NA,NA,NA,NA,NA
NA,NA,NA,NA,NA,NA,NA,NA,NA,NA,NA,NA,NA,NA,NA,NA,171,2026-02-20,15:19:48,4,3,"Burnley, Michael",10109139,Right,LEN_BEA,"Gibson, Aiden",10011511,Right,CAR_EAG,Undefined,3,Bottom,2,1,1,Slider,Curveball,BallCalled,Undefined,Undefined,Undefined,0,0,NA,76.72958,1.559089,1.746171,2255.451122,79.174663,08:45:00,5.98697,0.6628,5.23914,-50.50621,-1.09961,-15.06615,3.24457,1.04905,69.35816,-7.670662,-0.926795,0.505899,NA,NA,NA,NA,NA,NA,NA,NA,NA,NA,NA,8.02138,-0.46724,-0.81198,50,6.09332,-2.77592,-111.12888,1.29665,9.8724,22.8521,-32.74912,CAR_EAG,LEN_BEA,CarsonNewman,D2,Team,20260220-CarsonNewman-1,83385bd0-0e99-11f1-8304-27cb6f288688,74.50586,NA,NA,7.37143,NA,NA,NA,NA,NA,NA,46df0e37-f40e-476d-8c8d-a76c06d1b556,2026-02-20,20:19:48,2026-02-20T20:19:48Z,2026-02-20T20:19:48Z,NA,v3,CNE,NA,NA,"Christmas, Seth",1000191967,Right,LEN_BEA,442eda27-2d89-4017-82bf-091fb0e3bb83,55.26015,-112.20534,11.42605,5.99591,2.83932,-16.37456,-0.67026,-3.24096,4.9362,NA,NA,NA,NA,NA,NA,NA,NA,NA,NA,NA,NA,NA,NA,NA,NA,NA,NA,NA,NA,NA,NA,NA,NA,NA,NA,NA,NA,NA,NA,NA,NA,NA,NA,NA,NA,NA,NA,NA,NA,NA,NA,NA,NA,NA,NA,NA,NA,NA,NA,High,High,High,NA,NA,NA,NA,NA,NA,NA,NA,NA,NA,NA,NA,NA,NA,NA,NA,NA,NA,NA,NA,NA,NA,NA,NA,NA,NA,NA,NA,NA,NA,NA,NA,NA,NA,NA,NA,NA,NA,NA,NA,NA,NA,NA,NA,NA,NA,NA,NA
NA,NA,NA,NA,NA,NA,NA,NA,NA,NA,NA,NA,NA,NA,NA,NA,172,2026-02-20,15:20:09,4,4,"Burnley, Michael",10109139,Right,LEN_BEA,"Gibson, Aiden",10011511,Right,CAR_EAG,Undefined,3,Bottom,2,2,1,Slider,Slider,StrikeSwinging,Undefined,Undefined,Undefined,0,0,NA,80.58063,-1.620691,-0.810096,2374.432213,107.945129,09:30:00,5.69683,0.68163,5.5024,-37.91368,5.93681,-13.93914,1.02094,-1.23771,73.95992,-8.552509,-3.297348,0.476605,NA,NA,NA,NA,NA,NA,NA,NA,NA,NA,NA,6.77063,3.92603,-0.60138,50,5.52987,2.21645,-116.91496,-4.58249,9.3287,22.98215,-26.76469,CAR_EAG,LEN_BEA,CarsonNewman,D2,Team,20260220-CarsonNewman-1,8fc20b80-0e99-11f1-8304-27cb6f288688,79.08526,NA,NA,6.62071,NA,NA,NA,NA,NA,NA,46df0e37-f40e-476d-8c8d-a76c06d1b556,2026-02-20,20:20:09,2026-02-20T20:20:09Z,2026-02-20T20:20:09Z,NA,v3,CNE,NA,NA,"Christmas, Seth",1000191967,Right,LEN_BEA,3c2d5e81-1170-4951-9d83-828b7a120727,54.99753,-117.89324,11.49108,5.70069,-3.4432,-13.38235,-0.68728,1.81936,4.66435,NA,NA,NA,NA,NA,NA,NA,NA,NA,NA,NA,NA,NA,NA,NA,NA,NA,NA,NA,NA,NA,NA,NA,NA,NA,NA,NA,NA,NA,NA,NA,NA,NA,NA,NA,NA,NA,NA,NA,NA,NA,NA,NA,NA,NA,NA,NA,NA,NA,NA,High,High,High,NA,NA,NA,NA,NA,NA,NA,NA,NA,NA,NA,NA,NA,NA,NA,NA,NA,NA,NA,NA,NA,NA,NA,NA,NA,NA,NA,NA,NA,NA,NA,NA,NA,NA,NA,NA,NA,NA,NA,NA,NA,NA,NA,NA,NA,NA,NA,NA
NA,NA,NA,NA,NA,NA,NA,NA,NA,NA,NA,NA,NA,NA,NA,NA,173,NA,NA,4,5,"Burnley, Michael",10109139,Right,LEN_BEA,"Gibson, Aiden",10011511,Right,CAR_EAG,Undefined,3,Bottom,2,2,2,Undefined,NA,Undefined,Undefined,Undefined,Undefined,0,0,NA,NA,NA,NA,NA,NA,NA,NA,NA,NA,NA,NA,NA,NA,NA,NA,NA,NA,NA,NA,NA,NA,NA,NA,NA,NA,NA,NA,NA,NA,NA,NA,NA,NA,NA,NA,NA,NA,NA,NA,NA,CAR_EAG,LEN_BEA,CarsonNewman,D2,Team,20260220-CarsonNewman-1,f23794b0-0e99-11f1-8304-27cb6f288688,NA,NA,NA,NA,NA,NA,NA,NA,NA,NA,46df0e37-f40e-476d-8c8d-a76c06d1b556,NA,NA,NA,NA,NA,v3,CNE,NA,NA,"Christmas, Seth",1000191967,Right,LEN_BEA,f2376da0-0e99-11f1-8304-27cb6f288688,NA,NA,NA,NA,NA,NA,NA,NA,NA,NA,NA,NA,NA,NA,NA,NA,NA,NA,NA,NA,NA,NA,NA,NA,NA,NA,NA,NA,NA,NA,NA,NA,NA,NA,NA,NA,NA,NA,NA,NA,NA,NA,NA,NA,NA,NA,NA,NA,NA,NA,NA,NA,NA,NA,NA,NA,NA,NA,NA,NA,NA,NA,NA,NA,NA,NA,NA,NA,NA,NA,NA,NA,NA,NA,NA,NA,NA,NA,NA,NA,NA,NA,NA,NA,NA,NA,NA,NA,NA,NA,NA,NA,NA,NA,NA,NA,NA,NA,NA,NA,NA,NA,NA,NA,NA,NA,NA,NA,NA,NA
NA,NA,NA,NA,NA,NA,NA,NA,NA,NA,NA,NA,NA,NA,NA,NA,174,2026-02-20,15:20:29,4,6,"Burnley, Michael",10109139,Right,LEN_BEA,"Gibson, Aiden",10011511,Right,CAR_EAG,Undefined,3,Bottom,2,2,2,Fastball,Four-Seam,BallCalled,Undefined,Undefined,Undefined,0,0,NA,91.92624,-2.094267,-2.161568,2407.387608,179.734574,12:00:00,5.75837,0.28296,6.3199,-16.33702,16.29269,-0.07059,2.4658,-1.71478,83.9378,-5.215757,-2.174327,0.411129,NA,NA,NA,NA,NA,NA,NA,NA,NA,NA,NA,-0.57783,9.38197,-0.12482,50,5.59706,5.03928,-133.43301,-5.33433,-1.03951,29.2833,-15.29563,CAR_EAG,LEN_BEA,CarsonNewman,D2,Team,20260220-CarsonNewman-1,9ba987c0-0e99-11f1-8304-27cb6f288688,91.68037,NA,NA,7.98844,NA,NA,NA,NA,NA,NA,46df0e37-f40e-476d-8c8d-a76c06d1b556,2026-02-20,20:20:29,2026-02-20T20:20:29Z,2026-02-20T20:20:29Z,NA,v3,CNE,NA,NA,"Christmas, Seth",1000191967,Right,LEN_BEA,3a130a2a-86c6-408c-9b02-2495b9e1ce83,54.17937,-134.34708,14.64165,5.75612,-4.85688,-7.64782,-0.28263,5.07174,-0.51976,NA,NA,NA,NA,NA,NA,NA,NA,NA,NA,NA,NA,NA,NA,NA,NA,NA,NA,NA,NA,NA,NA,NA,NA,NA,NA,NA,NA,NA,NA,NA,NA,NA,NA,NA,NA,NA,NA,NA,NA,NA,NA,NA,NA,NA,NA,NA,NA,NA,NA,High,High,High,NA,NA,NA,NA,NA,NA,NA,NA,NA,NA,NA,NA,NA,NA,NA,NA,NA,NA,NA,NA,NA,NA,NA,NA,NA,NA,NA,NA,NA,NA,NA,NA,NA,NA,NA,NA,NA,NA,NA,NA,NA,NA,NA,NA,NA,NA,NA,NA
NA,NA,NA,NA,NA,NA,NA,NA,NA,NA,NA,NA,NA,NA,NA,NA,175,2026-02-20,15:20:53,4,7,"Burnley, Michael",10109139,Right,LEN_BEA,"Gibson, Aiden",10011511,Right,CAR_EAG,Undefined,3,Bottom,2,3,2,Fastball,Four-Seam,InPlay,Undefined,FlyBall,Out,1,0,NA,89.75616,-1.72724,-0.034639,2359.656152,180.933056,12:00:00,5.8593,0.47556,6.5056,-16.00615,17.95029,0.27433,2.9397,0.46663,81.84785,-4.814274,0.015179,0.419404,72.5521,59.124,33.813528,4178.567793,85.02462,99.96517,69.79121,155.35423,155.35423,40.144891,5.291311,-0.15425,10.25241,-0.47325,50,5.73137,0.06824,-130.44915,-4.33803,-0.26469,28.48884,-14.57986,CAR_EAG,LEN_BEA,CarsonNewman,D2,Team,20260220-CarsonNewman-1,aa1034d0-0e99-11f1-8304-27cb6f288688,89.87145,111.24607,NA,7.90831,NA,NA,NA,0.85519,3.15418,-0.32751,46df0e37-f40e-476d-8c8d-a76c06d1b556,2026-02-20,20:20:53,2026-02-20T20:20:53Z,2026-02-20T20:20:53Z,Popup,v3,CNE,NA,NA,"Christmas, Seth",1000191967,Right,LEN_BEA,4bc7ce75-0d41-4916-9374-1344fa0c2c9a,53.9949,-131.3187,14.24442,5.85698,-3.89301,-7.28993,-0.47546,0.07633,-0.13234,188.846057,0.86047,45.26311,-13.48686,3.50728,-0.3342,-0.10111,0.04085,-0.00556,2.7e-4,3.15117,91.37146,-22.68723,1.8159,-0.10314,-0.09345,0.03936,-0.00654,4e-4,-0.32404,30.32085,-5.7096,1.16222,0.01089,-0.08185,0.02226,-0.00255,1.1e-4,NA,NA,NA,NA,NA,NA,NA,NA,NA,NA,NA,NA,NA,NA,NA,NA,NA,NA,NA,NA,NA,NA,High,High,High,Medium,Low,NA,NA,NA,NA,NA,NA,NA,NA,NA,NA,NA,NA,NA,NA,NA,NA,NA,NA,NA,NA,NA,NA,NA,NA,NA,NA,NA,NA,NA,NA,NA,NA,NA,NA,NA,NA,NA,NA,NA,NA,NA,NA,NA,NA,NA,NA
NA,NA,NA,NA,NA,NA,NA,NA,NA,NA,NA,NA,NA,NA,NA,NA,176,2026-02-20,15:23:04,1,1,"Slifka, Denver",10107869,Right,CAR_EAG,"Wainwright, Mackenzie",694679,Right,LEN_BEA,Undefined,4,Top,0,0,0,Slider,Curveball,InPlay,Undefined,LineDrive,Out,1,0,NA,73.63695,1.457311,-1.029639,2270.659145,35.471396,07:15:00,5.73096,1.54686,5.78607,-65.615,-12.7756,-10.49367,1.61939,-0.28566,66.71717,-10.555396,-2.91447,0.523179,99.20504,19.698194,12.854894,3831.190644,105.78593,34.47905,30.15505,332.6348,323.31976,22.39542,3.798312,4.98831,-6.46449,-1.4556,50,5.81198,2.29557,-106.8004,0.67954,5.61785,22.6685,-39.45439,CAR_EAG,LEN_BEA,CarsonNewman,D2,Team,20260220-CarsonNewman-1,f84347a0-0e99-11f1-8304-27cb6f288688,72.04501,44.5796,NA,6.91978,NA,NA,NA,1.37711,1.74101,0.33266,46df0e37-f40e-476d-8c8d-a76c06d1b556,2026-02-20,20:23:04,2026-02-20T20:23:04Z,2026-02-20T20:23:04Z,LineDrive,v3,CNE,NA,NA,"Rogers, Jacob",1000215913,Right,CAR_EAG,eeb9d71d-c401-4260-a80e-b4de8370fa5d,54.71681,-107.7969,11.33425,5.74398,2.41394,-19.7272,-1.55109,2.04861,2.80893,221.977186,1.37673,133.56197,-25.12644,5.35002,-1.11846,0.22078,-0.03766,0.00417,-1.8e-4,1.74142,49.03265,-14.85486,0.45273,0.02454,-0.01478,0.00208,6.2e-4,-1.2e-4,0.33311,30.46519,3.68914,-1.79934,0.53764,-0.13469,0.02678,-0.00327,1.7e-4,NA,NA,NA,NA,NA,NA,NA,NA,NA,NA,NA,NA,NA,NA,NA,NA,NA,NA,NA,NA,NA,NA,High,High,High,High,High,NA,NA,NA,NA,NA,NA,NA,NA,NA,NA,NA,NA,NA,NA,NA,NA,NA,NA,NA,NA,NA,NA,NA,NA,NA,NA,NA,NA,NA,NA,NA,NA,NA,NA,NA,NA,NA,NA,NA,NA,NA,NA,NA,NA,NA,NA
NA,NA,NA,NA,NA,NA,NA,NA,NA,NA,NA,NA,NA,NA,NA,NA,177,2026-02-20,15:23:34,2,1,"Slifka, Denver",10107869,Right,CAR_EAG,"Procopio, Matthew",10069634,Right,LEN_BEA,Undefined,4,Top,1,0,0,Slider,Curveball,StrikeCalled,Undefined,Undefined,Undefined,0,0,NA,72.59602,2.867565,0.208792,2361.074351,48.653589,07:30:00,5.65386,1.48714,5.74803,-63.287,-9.39367,-12.75194,3.05198,0.61887,66.11509,-8.734513,-2.076144,0.528371,NA,NA,NA,NA,NA,NA,NA,NA,NA,NA,NA,6.50552,-5.03969,-1.4968,50,5.85422,0.076,-105.30587,3.32156,7.21706,19.89414,-37.76495,CAR_EAG,LEN_BEA,CarsonNewman,D2,Team,20260220-CarsonNewman-1,09e26360-0e9a-11f1-8304-27cb6f288688,71.33708,NA,NA,6.48094,NA,NA,NA,NA,NA,NA,46df0e37-f40e-476d-8c8d-a76c06d1b556,2026-02-20,20:23:34,2026-02-20T20:23:34Z,2026-02-20T20:23:34Z,NA,v3,CNE,NA,NA,"Rogers, Jacob",1000215913,Right,CAR_EAG,8d12e910-294b-44da-82b9-7f22e6f650c4,54.75494,-106.20036,9.94707,5.6667,5.01957,-18.88248,-1.49292,-0.2485,3.60853,NA,NA,NA,NA,NA,NA,NA,NA,NA,NA,NA,NA,NA,NA,NA,NA,NA,NA,NA,NA,NA,NA,NA,NA,NA,NA,NA,NA,NA,NA,NA,NA,NA,NA,NA,NA,NA,NA,NA,NA,NA,NA,NA,NA,NA,NA,NA,NA,NA,NA,High,High,High,NA,NA,NA,NA,NA,NA,NA,NA,NA,NA,NA,NA,NA,NA,NA,NA,NA,NA,NA,NA,NA,NA,NA,NA,NA,NA,NA,NA,NA,NA,NA,NA,NA,NA,NA,NA,NA,NA,NA,NA,NA,NA,NA,NA,NA,NA,NA,NA
NA,NA,NA,NA,NA,NA,NA,NA,NA,NA,NA,NA,NA,NA,NA,NA,178,2026-02-20,15:23:48,2,2,"Slifka, Denver",10107869,Right,CAR_EAG,"Procopio, Matthew",10069634,Right,LEN_BEA,Undefined,4,Top,1,0,1,Slider,Curveball,BallCalled,Undefined,Undefined,Undefined,0,0,NA,71.83757,2.86816,0.997965,2196.45199,53.882994,07:45:00,5.97166,1.62108,5.69385,-61.2418,-5.60205,-10.48256,3.54388,1.67771,64.80703,-8.399373,-0.877565,0.536864,NA,NA,NA,NA,NA,NA,NA,NA,NA,NA,NA,5.60429,-3.1087,-1.69849,50,6.17545,-1.43127,-104.0504,3.34582,6.02075,20.72315,-35.51376,CAR_EAG,LEN_BEA,CarsonNewman,D2,Team,20260220-CarsonNewman-1,1258d4c0-0e9a-11f1-8304-27cb6f288688,70.20859,NA,NA,7.03054,NA,NA,NA,NA,NA,NA,46df0e37-f40e-476d-8c8d-a76c06d1b556,2026-02-20,20:23:48,2026-02-20T20:23:48Z,2026-02-20T20:23:48Z,NA,v3,CNE,NA,NA,"Rogers, Jacob",1000215913,Right,CAR_EAG,a2371d8d-f3b9-416a-8992-10c23a38b09a,54.80608,-105.00324,10.36158,5.98407,4.97872,-17.75688,-1.62632,-1.7081,3.01037,NA,NA,NA,NA,NA,NA,NA,NA,NA,NA,NA,NA,NA,NA,NA,NA,NA,NA,NA,NA,NA,NA,NA,NA,NA,NA,NA,NA,NA,NA,NA,NA,NA,NA,NA,NA,NA,NA,NA,NA,NA,NA,NA,NA,NA,NA,NA,NA,NA,NA,High,High,High,NA,NA,NA,NA,NA,NA,NA,NA,NA,NA,NA,NA,NA,NA,NA,NA,NA,NA,NA,NA,NA,NA,NA,NA,NA,NA,NA,NA,NA,NA,NA,NA,NA,NA,NA,NA,NA,NA,NA,NA,NA,NA,NA,NA,NA,NA,NA,NA
NA,NA,NA,NA,NA,NA,NA,NA,NA,NA,NA,NA,NA,NA,NA,NA,179,2026-02-20,15:24:07,2,3,"Slifka, Denver",10107869,Right,CAR_EAG,"Procopio, Matthew",10069634,Right,LEN_BEA,Undefined,4,Top,1,1,1,Fastball,Slider,InPlay,Undefined,FlyBall,Out,1,0,NA,80.76258,-0.215084,-2.199433,2061.575967,168.775039,11:45:00,5.90844,1.62489,6.05407,-34.45821,8.30843,-1.37221,2.83767,-0.52645,73.78344,-6.629092,-2.446314,0.470678,98.32071,32.321051,6.420954,4311.905504,108.45748,67.62803,18.3556,339.79082,335.68051,13.613804,5.173055,0.06453,4.74544,-1.45305,50,5.87319,4.55378,-117.25117,-1.47643,0.08933,23.30351,-25.60408,CAR_EAG,LEN_BEA,CarsonNewman,D2,Team,20260220-CarsonNewman-1,1d75fc20-0e9a-11f1-8304-27cb6f288688,80.08115,92.20374,NA,6.97915,NA,NA,NA,1.21385,3.2536,0.68531,46df0e37-f40e-476d-8c8d-a76c06d1b556,2026-02-20,20:24:07,2026-02-20T20:24:07Z,2026-02-20T20:24:07Z,FlyBall,v3,CNE,NA,NA,"Rogers, Jacob",1000215913,Right,CAR_EAG,d822d7e4-749f-49fd-8ac6-9037ed1ceffb,54.44667,-118.13163,11.65175,5.9107,-0.50905,-12.80204,-1.62504,4.55041,0.04467,201.505141,1.2183,121.00471,-29.15266,7.47512,-1.35353,0.14334,-0.00387,-5.7e-4,3e-5,3.25275,77.11019,-17.61202,-0.25472,0.61537,-0.25052,0.05984,-0.00758,3.8e-4,0.68421,13.65304,3.37594,-1.6902,0.4503,-0.0719,0.00579,-1.1e-4,-1e-5,NA,NA,NA,NA,NA,NA,NA,NA,NA,NA,NA,NA,NA,NA,NA,NA,NA,NA,NA,NA,NA,NA,High,High,High,Medium,Medium,NA,NA,NA,NA,NA,NA,NA,NA,NA,NA,NA,NA,NA,NA,NA,NA,NA,NA,NA,NA,NA,NA,NA,NA,NA,NA,NA,NA,NA,NA,NA,NA,NA,NA,NA,NA,NA,NA,NA,NA,NA,NA,NA,NA,NA,NA
NA,NA,NA,NA,NA,NA,NA,NA,NA,NA,NA,NA,NA,NA,NA,NA,180,2026-02-20,15:24:44,3,1,"Slifka, Denver",10107869,Right,CAR_EAG,"Christmas, Seth",1000191967,Right,LEN_BEA,Undefined,4,Top,2,0,0,Cutter,Slider,BallCalled,Undefined,Undefined,Undefined,0,0,NA,79.78679,1.375811,-1.746038,2172.264504,144.813204,10:45:00,6.13238,1.61622,5.90764,-39.09353,5.30862,-2.655,4.15252,-0.22628,72.21887,-5.89477,-2.222299,0.479594,NA,NA,NA,NA,NA,NA,NA,NA,NA,NA,NA,0.80039,2.77103,-1.47449,50,6.22099,3.62975,-115.69152,1.55892,1.07121,24.10778,-28.46546,CAR_EAG,LEN_BEA,CarsonNewman,D2,Team,20260220-CarsonNewman-1,33dd0030-0e9a-11f1-8304-27cb6f288688,78.59244,NA,NA,7.56793,NA,NA,NA,NA,NA,NA,46df0e37-f40e-476d-8c8d-a76c06d1b556,2026-02-20,20:24:44,2026-02-20T20:24:44Z,2026-02-20T20:24:44Z,NA,v3,CNE,NA,NA,"Rogers, Jacob",1000215913,Right,CAR_EAG,2038cd3a-6660-49c8-95bb-289dfedc7c9f,54.59027,-116.64412,12.05389,6.13717,2.68371,-14.23273,-1.61709,3.58743,0.53561,NA,NA,NA,NA,NA,NA,NA,NA,NA,NA,NA,NA,NA,NA,NA,NA,NA,NA,NA,NA,NA,NA,NA,NA,NA,NA,NA,NA,NA,NA,NA,NA,NA,NA,NA,NA,NA,NA,NA,NA,NA,NA,NA,NA,NA,NA,NA,NA,NA,NA,High,High,High,NA,NA,NA,NA,NA,NA,NA,NA,NA,NA,NA,NA,NA,NA,NA,NA,NA,NA,NA,NA,NA,NA,NA,NA,NA,NA,NA,NA,NA,NA,NA,NA,NA,NA,NA,NA,NA,NA,NA,NA,NA,NA,NA,NA,NA,NA,NA,NA
NA,NA,NA,NA,NA,NA,NA,NA,NA,NA,NA,NA,NA,NA,NA,NA,181,2026-02-20,15:24:59,3,2,"Slifka, Denver",10107869,Right,CAR_EAG,"Christmas, Seth",1000191967,Right,LEN_BEA,Undefined,4,Top,2,1,0,Fastball,Changeup,BallCalled,Undefined,Undefined,Undefined,0,0,NA,81.66818,1.582517,-2.181793,1974.487331,235.446779,01:45:00,6.0081,1.47654,6.61035,-32.49537,9.19158,11.04705,4.75113,0.39768,73.01347,-4.60569,-0.174089,0.464699,NA,NA,NA,NA,NA,NA,NA,NA,NA,NA,NA,-6.48071,4.7652,-1.33164,50,6.10296,4.09805,-118.39312,2.39135,-8.98414,27.51217,-25.56806,CAR_EAG,LEN_BEA,CarsonNewman,D2,Team,20260220-CarsonNewman-1,3c489c20-0e9a-11f1-8304-27cb6f288688,81.11159,NA,NA,8.65471,NA,NA,NA,NA,NA,NA,46df0e37-f40e-476d-8c8d-a76c06d1b556,2026-02-20,20:24:59,2026-02-20T20:24:59Z,2026-02-20T20:24:59Z,NA,v3,CNE,NA,NA,"Rogers, Jacob",1000215913,Right,CAR_EAG,7a39bab5-f398-44be-8351-05cdec09cda0,53.88535,-119.29258,13.75608,6.01111,3.22724,-12.78403,-1.47042,4.39177,-4.49207,NA,NA,NA,NA,NA,NA,NA,NA,NA,NA,NA,NA,NA,NA,NA,NA,NA,NA,NA,NA,NA,NA,NA,NA,NA,NA,NA,NA,NA,NA,NA,NA,NA,NA,NA,NA,NA,NA,NA,NA,NA,NA,NA,NA,NA,NA,NA,NA,NA,NA,High,High,High,NA,NA,NA,NA,NA,NA,NA,NA,NA,NA,NA,NA,NA,NA,NA,NA,NA,NA,NA,NA,NA,NA,NA,NA,NA,NA,NA,NA,NA,NA,NA,NA,NA,NA,NA,NA,NA,NA,NA,NA,NA,NA,NA,NA,NA,NA,NA,NA
NA,NA,NA,NA,NA,NA,NA,NA,NA,NA,NA,NA,NA,NA,NA,NA,182,2026-02-20,15:25:15,3,3,"Slifka, Denver",10107869,Right,CAR_EAG,"Christmas, Seth",1000191967,Right,LEN_BEA,Undefined,4,Top,2,2,0,Fastball,Changeup,StrikeSwinging,Undefined,Undefined,Undefined,0,0,NA,81.07912,0.048827,-2.581001,1963.616727,237.641286,02:00:00,5.98786,1.36064,6.19217,-31.23002,11.90237,16.08572,3.43049,0.31652,72.35212,-5.871022,0.320523,0.472686,NA,NA,NA,NA,NA,NA,NA,NA,NA,NA,NA,-9.12414,6.63851,-1.1733,50,5.97623,4.6618,-117.42,-0.78804,-12.39956,27.74423,-23.15242,CAR_EAG,LEN_BEA,CarsonNewman,D2,Team,20260220-CarsonNewman-1,45d18ef0-0e9a-11f1-8304-27cb6f288688,79.74092,NA,NA,8.72699,NA,NA,NA,NA,NA,NA,46df0e37-f40e-476d-8c8d-a76c06d1b556,2026-02-20,20:25:15,2026-02-20T20:25:15Z,2026-02-20T20:25:15Z,NA,v3,CNE,NA,NA,"Rogers, Jacob",1000215913,Right,CAR_EAG,4ca6c56d-c583-4455-a545-c03ce4fa17fc,54.30301,-118.43236,13.87211,5.98957,0.05677,-11.57621,-1.35166,5.11425,-6.19978,NA,NA,NA,NA,NA,NA,NA,NA,NA,NA,NA,NA,NA,NA,NA,NA,NA,NA,NA,NA,NA,NA,NA,NA,NA,NA,NA,NA,NA,NA,NA,NA,NA,NA,NA,NA,NA,NA,NA,NA,NA,NA,NA,NA,NA,NA,NA,NA,NA,NA,High,High,High,NA,NA,NA,NA,NA,NA,NA,NA,NA,NA,NA,NA,NA,NA,NA,NA,NA,NA,NA,NA,NA,NA,NA,NA,NA,NA,NA,NA,NA,NA,NA,NA,NA,NA,NA,NA,NA,NA,NA,NA,NA,NA,NA,NA,NA,NA,NA,NA
NA,NA,NA,NA,NA,NA,NA,NA,NA,NA,NA,NA,NA,NA,NA,NA,183,2026-02-20,15:25:32,3,4,"Slifka, Denver",10107869,Right,CAR_EAG,"Christmas, Seth",1000191967,Right,LEN_BEA,Undefined,4,Top,2,2,1,Slider,Curveball,InPlay,Undefined,FlyBall,HomeRun,0,1,NA,73.38137,1.757168,-0.683366,2481.32933,47.100795,07:30:00,5.96761,1.65181,5.86884,-60.59054,-7.72989,-10.37662,2.5513,0.15227,66.50319,-9.38826,-2.548168,0.523284,93.61071,31.775642,-30.807561,2267.745392,93.38449,53.52295,-58.13203,377.20284,313.3732,-38.945905,4.557391,5.10268,-4.07059,-1.59027,50,6.07472,1.63116,-106.45369,1.44897,5.73229,21.85861,-36.74688,CAR_EAG,LEN_BEA,CarsonNewman,D2,Team,20260220-CarsonNewman-1,4ff402a0-0e9a-11f1-8304-27cb6f288688,72.03054,70.84543,NA,6.87818,NA,NA,NA,3.04161,2.62211,-0.28553,46df0e37-f40e-476d-8c8d-a76c06d1b556,2026-02-20,20:25:32,2026-02-20T20:25:32Z,2026-02-20T20:25:32Z,FlyBall,v3,CNE,NA,NA,"Rogers, Jacob",1000215913,Right,CAR_EAG,c1e0cf26-13e0-4ba3-984b-18d60eed416b,54.63364,-107.40092,10.9293,5.97743,3.04138,-18.37344,-1.65558,1.38276,2.86615,89.618812,3.04232,100.24122,-8.31531,0.13799,-0.37641,0.22069,-0.0551,0.00683,-3.4e-4,2.62341,72.26744,-22.6766,2.03716,-0.15606,0.03533,-0.01356,0.0022,-1.3e-4,-0.28547,-59.78164,0.3918,0.52562,2e-4,-0.03912,0.01084,-0.00134,7e-5,NA,NA,NA,NA,NA,NA,NA,NA,NA,NA,NA,NA,NA,NA,NA,NA,NA,NA,NA,NA,NA,NA,High,High,High,Medium,Medium,NA,NA,NA,NA,NA,NA,NA,NA,NA,NA,NA,NA,NA,NA,NA,NA,NA,NA,NA,NA,NA,NA,NA,NA,NA,NA,NA,NA,NA,NA,NA,NA,NA,NA,NA,NA,NA,NA,NA,NA,NA,NA,NA,NA,NA,NA
NA,NA,NA,NA,NA,NA,NA,NA,NA,NA,NA,NA,NA,NA,NA,NA,184,2026-02-20,15:26:20,4,1,"Slifka, Denver",10107869,Right,CAR_EAG,"Boris, Sylas",1000138481,Right,LEN_BEA,Undefined,4,Top,2,0,0,Fastball,Changeup,FoulBallNotFieldable,Undefined,Undefined,Undefined,0,0,NA,82.63116,-0.867363,-3.168096,2072.286886,219.449566,01:15:00,5.80916,1.44726,6.48805,-29.98805,10.39796,7.42197,2.51254,-0.84588,75.14557,-6.520795,-1.823024,0.45739,NA,NA,NA,NA,NA,NA,NA,NA,NA,NA,NA,-4.87796,6.10949,-1.22786,50,5.73502,6.37233,-119.90515,-2.64939,-7.03295,25.27463,-23.36548,CAR_EAG,LEN_BEA,CarsonNewman,D2,Team,20260220-CarsonNewman-1,6cf4efe0-0e9a-11f1-8304-27cb6f288688,82.40761,NA,NA,7.48559,NA,NA,NA,NA,NA,NA,46df0e37-f40e-476d-8c8d-a76c06d1b556,2026-02-20,20:26:20,2026-02-20T20:26:20Z,2026-02-20T20:26:20Z,NA,v3,CNE,NA,NA,"Rogers, Jacob",1000215913,Right,CAR_EAG,2d39dffe-ad88-40de-814b-fcab9804424a,54.01255,-120.74799,12.63731,5.81037,-1.87021,-11.68274,-1.44427,6.60686,-3.51647,NA,NA,NA,NA,NA,NA,NA,NA,NA,NA,NA,NA,NA,NA,NA,NA,NA,NA,NA,NA,NA,NA,NA,NA,NA,NA,NA,NA,NA,NA,NA,NA,NA,NA,NA,NA,NA,NA,NA,NA,NA,NA,NA,NA,NA,NA,NA,NA,NA,NA,High,High,High,NA,NA,NA,NA,NA,NA,NA,NA,NA,NA,NA,NA,NA,NA,NA,NA,NA,NA,NA,NA,NA,NA,NA,NA,NA,NA,NA,NA,NA,NA,NA,NA,NA,NA,NA,NA,NA,NA,NA,NA,NA,NA,NA,NA,NA,NA,NA,NA
NA,NA,NA,NA,NA,NA,NA,NA,NA,NA,NA,NA,NA,NA,NA,NA,185,2026-02-20,15:26:41,4,2,"Slifka, Denver",10107869,Right,CAR_EAG,"Boris, Sylas",1000138481,Right,LEN_BEA,Undefined,4,Top,2,0,1,Cutter,Slider,BallCalled,Undefined,Undefined,Undefined,0,0,NA,81.52614,-1.881054,-3.190729,2217.267357,155.499526,11:15:00,5.71892,1.24645,6.15,-32.49065,9.54292,-3.70748,1.26992,-2.01384,74.51443,-7.921861,-3.85818,0.466627,NA,NA,NA,NA,NA,NA,NA,NA,NA,NA,NA,0.95248,5.93874,-1.00165,50,5.55903,6.72701,-118.16404,-4.85234,1.33657,24.09182,-23.84034,CAR_EAG,LEN_BEA,CarsonNewman,D2,Team,20260220-CarsonNewman-1,79a90af0-0e9a-11f1-8304-27cb6f288688,80.77644,NA,NA,7.0117,NA,NA,NA,NA,NA,NA,46df0e37-f40e-476d-8c8d-a76c06d1b556,2026-02-20,20:26:41,2026-02-20T20:26:41Z,2026-02-20T20:26:41Z,NA,v3,CNE,NA,NA,"Rogers, Jacob",1000215913,Right,CAR_EAG,dff727eb-67cd-41e6-a2c1-7c796843c256,54.34872,-119.04738,12.04591,5.72091,-3.97823,-11.92017,-1.2474,6.678,0.66828,NA,NA,NA,NA,NA,NA,NA,NA,NA,NA,NA,NA,NA,NA,NA,NA,NA,NA,NA,NA,NA,NA,NA,NA,NA,NA,NA,NA,NA,NA,NA,NA,NA,NA,NA,NA,NA,NA,NA,NA,NA,NA,NA,NA,NA,NA,NA,NA,NA,NA,High,High,High,NA,NA,NA,NA,NA,NA,NA,NA,NA,NA,NA,NA,NA,NA,NA,NA,NA,NA,NA,NA,NA,NA,NA,NA,NA,NA,NA,NA,NA,NA,NA,NA,NA,NA,NA,NA,NA,NA,NA,NA,NA,NA,NA,NA,NA,NA,NA,NA
NA,NA,NA,NA,NA,NA,NA,NA,NA,NA,NA,NA,NA,NA,NA,NA,186,2026-02-20,15:26:58,4,3,"Slifka, Denver",10107869,Right,CAR_EAG,"Boris, Sylas",1000138481,Right,LEN_BEA,Undefined,4,Top,2,1,1,Fastball,Changeup,InPlay,Undefined,LineDrive,Out,1,0,NA,81.76609,-0.067669000000000007,-2.596124,1877.122241,240.638472,02:00:00,5.58461,1.32538,6.57295,-31.73332,10.518980000000001,15.47532,2.87808,0.23366,72.2355,-6.140049,0.215838,0.467839,96.80556,8.966275,-36.468107,3621.229768,NA,NA,NA,136.42481,113.59375,-40.148952,1.085945,-9.14776,6.04213,-1.15281,50,5.56699,4.80324,-118.41749,-0.98567,-12.47397,30.95732,-23.93493,CAR_EAG,LEN_BEA,CarsonNewman,D2,Team,20260220-CarsonNewman-1,83930980-0e9a-11f1-8304-27cb6f288688,80.56708,8.20005,NA,9.53059,NA,NA,NA,2.71911,3.2819,-0.17219,46df0e37-f40e-476d-8c8d-a76c06d1b556,2026-02-20,20:26:58,2026-02-20T20:26:58Z,2026-02-20T20:26:58Z,LineDrive,v3,CNE,NA,NA,"Rogers, Jacob",1000215913,Right,CAR_EAG,39ca9fce-3553-4893-aefa-94dc25669668,53.92359,-119.43881,15.47866,5.58648,-0.19602,-11.96747,-1.31806,5.21478,-6.23699,NA,2.71911,112.78439,-21.08229,3.82725,-0.84894,0.20628,-0.08218,0.03366,-0.00679,3.2819,22.12823,-26.41121,3.7465,-0.88239,0.2301,-0.07247,0.02441,-0.00451,-0.17219,-83.35889,1.38109,1.22269,-0.46668,0.18293,-0.08587,0.03681,-0.00759,NA,NA,NA,NA,NA,NA,NA,NA,NA,NA,NA,NA,NA,NA,NA,NA,NA,NA,NA,NA,NA,NA,High,High,High,Medium,High,NA,NA,NA,NA,NA,NA,NA,NA,NA,NA,NA,NA,NA,NA,NA,NA,NA,NA,NA,NA,NA,NA,NA,NA,NA,NA,NA,NA,NA,NA,NA,NA,NA,NA,NA,NA,NA,NA,NA,NA,NA,NA,NA,NA,NA,NA
NA,NA,NA,NA,NA,NA,NA,NA,NA,NA,NA,NA,NA,NA,NA,NA,187,2026-02-20,15:28:49,1,1,"Burnley, Michael",10109139,Right,LEN_BEA,"Pierce, Johno",10069844,Right,CAR_EAG,Undefined,4,Bottom,0,0,0,Fastball,Four-Seam,StrikeCalled,Undefined,Undefined,Undefined,0,0,NA,89.46884,-2.355985,-2.006711,2213.947446,204.040822,12:45:00,5.90516,0.65588,6.22858,-18.9904,16.0606,6.58819,2.14634,-0.64734,80.64256,-5.988844,-0.817176,0.42611,NA,NA,NA,NA,NA,NA,NA,NA,NA,NA,NA,-4.04681,9.45386,-0.50894,50,5.71949,4.26787,-129.65675,-5.86752,-6.77538,31.27165,-16.34583,CAR_EAG,LEN_BEA,CarsonNewman,D2,Team,20260220-CarsonNewman-1,c59e3bb0-0e9a-11f1-8304-27cb6f288688,88.45708,NA,NA,8.82628,NA,NA,NA,NA,NA,NA,46df0e37-f40e-476d-8c8d-a76c06d1b556,2026-02-20,20:28:49,2026-02-20T20:28:49Z,2026-02-20T20:28:49Z,NA,v3,CNE,NA,NA,"Christmas, Seth",1000191967,Right,LEN_BEA,2f5a95f1-b521-46aa-9b07-63f65ff7af11,54.26868,-130.68225,15.63582,5.90312,-5.33149,-8.17292,-0.65255,4.49006,-3.38769,NA,NA,NA,NA,NA,NA,NA,NA,NA,NA,NA,NA,NA,NA,NA,NA,NA,NA,NA,NA,NA,NA,NA,NA,NA,NA,NA,NA,NA,NA,NA,NA,NA,NA,NA,NA,NA,NA,NA,NA,NA,NA,NA,NA,NA,NA,NA,NA,NA,NA,High,High,High,NA,NA,NA,NA,NA,NA,NA,NA,NA,NA,NA,NA,NA,NA,NA,NA,NA,NA,NA,NA,NA,NA,NA,NA,NA,NA,NA,NA,NA,NA,NA,NA,NA,NA,NA,NA,NA,NA,NA,NA,NA,NA,NA,NA,NA,NA,NA,NA
NA,NA,NA,NA,NA,NA,NA,NA,NA,NA,NA,NA,NA,NA,NA,NA,188,2026-02-20,15:29:03,1,2,"Burnley, Michael",10109139,Right,LEN_BEA,"Pierce, Johno",10069844,Right,CAR_EAG,Undefined,4,Bottom,0,0,1,Slider,Slider,InPlay,Undefined,LineDrive,Double,0,0,NA,80.17186,-1.435636,0.092112,2242.858315,131.387536,10:30:00,6.24804,0.69734,5.87667,-31.50954,12.92469,-12.73119,2.28857,-0.27804,72.09725,-7.342766,-2.194661,0.479767,64.64552,28.642656,1.142959,3507.54013,109.79164,34.84471,6.7667,202.66393,202.66393,5.791913,3.130411,6.57607,7.59201,-0.69725,50,6.11403,0.29892,-116.19877,-3.84282,8.77665,26.61172,-22.04146,CAR_EAG,LEN_BEA,CarsonNewman,D2,Team,20260220-CarsonNewman-1,cdd5cf50-0e9a-11f1-8304-27cb6f288688,78.56405,34.84189,NA,8.07461,NA,NA,NA,2.57862,2.5132,0.24607,46df0e37-f40e-476d-8c8d-a76c06d1b556,2026-02-20,20:29:03,2026-02-20T20:29:03Z,2026-02-20T20:29:03Z,LineDrive,v3,CNE,NA,NA,"Christmas, Seth",1000191967,Right,LEN_BEA,dd73f3c9-4ad1-48cb-bf0a-2d3fb8a47ee9,54.62181,-117.25247,13.30586,6.24891,-2.97008,-11.02073,-0.7022,-0.04859,4.38833,213.731173,2.57889,83.1848,-8.93561,1.27646,-0.12179,-0.03097,0.00749,0.00148,-3.6e-4,2.51314,45.44955,-17.35585,1.16541,-0.16868,-0.00526,0.02356,-0.00722,7e-4,0.24605,1.66048,2.26781,-0.35954,0.05421,-0.00132,-0.00182,2.6e-4,-1e-5,NA,NA,NA,NA,NA,NA,NA,NA,NA,NA,NA,NA,NA,NA,NA,NA,NA,NA,NA,NA,NA,NA,High,High,High,High,High,NA,NA,NA,NA,NA,NA,NA,NA,NA,NA,NA,NA,NA,NA,NA,NA,NA,NA,NA,NA,NA,NA,NA,NA,NA,NA,NA,NA,NA,NA,NA,NA,NA,NA,NA,NA,NA,NA,NA,NA,NA,NA,NA,NA,NA,NA
NA,NA,NA,NA,NA,NA,NA,NA,NA,NA,NA,NA,NA,NA,NA,NA,189,2026-02-20,15:29:48,2,1,"Burnley, Michael",10109139,Right,LEN_BEA,"Rogers, Jacob",1000215913,Right,CAR_EAG,Undefined,4,Bottom,0,0,0,Fastball,Four-Seam,StrikeCalled,Undefined,Undefined,Undefined,0,0,NA,89.73053,-2.43927,-0.278232,2237.451496,198.664703,12:30:00,5.95133,0.80023,6.27741,-17.7821,16.37355,5.16878,2.2196,0.97449,82.26829,-5.817338,0.65663,0.420633,NA,NA,NA,NA,NA,NA,NA,NA,NA,NA,NA,-2.75276,9.49961,-0.78203,50,5.76221,0.42323,-130.34461,-6.05085,-4.74243,27.03857,-15.80821,CAR_EAG,LEN_BEA,CarsonNewman,D2,Team,20260220-CarsonNewman-1,e8cbf870-0e9a-11f1-8304-27cb6f288688,89.60895,NA,NA,7.46223,NA,NA,NA,NA,NA,NA,46df0e37-f40e-476d-8c8d-a76c06d1b556,2026-02-20,20:29:48,2026-02-20T20:29:48Z,2026-02-20T20:29:48Z,NA,v3,CNE,NA,NA,"Christmas, Seth",1000191967,Right,LEN_BEA,14ecacfb-fda5-4dd8-97c8-1fbd0710e4fa,54.2225,-131.2176,13.51929,5.94934,-5.54045,-7.9041,-0.79817,0.57635,-2.37122,NA,NA,NA,NA,NA,NA,NA,NA,NA,NA,NA,NA,NA,NA,NA,NA,NA,NA,NA,NA,NA,NA,NA,NA,NA,NA,NA,NA,NA,NA,NA,NA,NA,NA,NA,NA,NA,NA,NA,NA,NA,NA,NA,NA,NA,NA,NA,NA,NA,NA,High,High,High,NA,NA,NA,NA,NA,NA,NA,NA,NA,NA,NA,NA,NA,NA,NA,NA,NA,NA,NA,NA,NA,NA,NA,NA,NA,NA,NA,NA,NA,NA,NA,NA,NA,NA,NA,NA,NA,NA,NA,NA,NA,NA,NA,NA,NA,NA,NA,NA
NA,NA,NA,NA,NA,NA,NA,NA,NA,NA,NA,NA,NA,NA,NA,NA,190,2026-02-20,15:30:06,2,2,"Burnley, Michael",10109139,Right,LEN_BEA,"Rogers, Jacob",1000215913,Right,CAR_EAG,Undefined,4,Bottom,0,0,1,Fastball,Four-Seam,StrikeCalled,Undefined,Undefined,Undefined,0,0,NA,89.79371,-2.965914,-1.60192,2353.339737,193.55994,12:30:00,6.12896,0.59683,6.35283,-17.53351,16.89674,3.78492,1.93428,-0.56267,81.4849,-6.322446,-0.916747,0.42232,NA,NA,NA,NA,NA,NA,NA,NA,NA,NA,NA,-2.44571,10.04666,-0.48219,50,5.9051,3.48528,-130.19489,-7.21547,-4.15714,29.81219,-15.09705,CAR_EAG,LEN_BEA,CarsonNewman,D2,Team,20260220-CarsonNewman-1,f3c14c80-0e9a-11f1-8304-27cb6f288688,89.25093,NA,NA,8.30881,NA,NA,NA,NA,NA,NA,46df0e37-f40e-476d-8c8d-a76c06d1b556,2026-02-20,20:30:06,2026-02-20T20:30:06Z,2026-02-20T20:30:06Z,NA,v3,CNE,NA,NA,"Christmas, Seth",1000191967,Right,LEN_BEA,82bf127a-4da0-437d-aa88-56ff40d4eb68,54.14489,-131.14055,14.90609,6.12639,-6.73658,-7.54853,-0.59483,3.61715,-2.07857,NA,NA,NA,NA,NA,NA,NA,NA,NA,NA,NA,NA,NA,NA,NA,NA,NA,NA,NA,NA,NA,NA,NA,NA,NA,NA,NA,NA,NA,NA,NA,NA,NA,NA,NA,NA,NA,NA,NA,NA,NA,NA,NA,NA,NA,NA,NA,NA,NA,NA,High,High,High,NA,NA,NA,NA,NA,NA,NA,NA,NA,NA,NA,NA,NA,NA,NA,NA,NA,NA,NA,NA,NA,NA,NA,NA,NA,NA,NA,NA,NA,NA,NA,NA,NA,NA,NA,NA,NA,NA,NA,NA,NA,NA,NA,NA,NA,NA,NA,NA
NA,NA,NA,NA,NA,NA,NA,NA,NA,NA,NA,NA,NA,NA,NA,NA,191,2026-02-20,15:30:28,2,3,"Burnley, Michael",10109139,Right,LEN_BEA,"Rogers, Jacob",1000215913,Right,CAR_EAG,Undefined,4,Bottom,0,0,2,Fastball,Four-Seam,InPlay,Undefined,GroundBall,Out,1,0,NA,91.20822,-1.415358,-0.740443,2152.326203,187.771362,12:15:00,6.28767,0.32144,5.91295,-20.12603,13.88662,1.72823,3.29646,-0.22182,82.29385,-5.227915,-0.430056,0.419751,94.61924,-17.781466000000002,6.651527,NA,NA,NA,NA,11.50391,11.04035,6.808367,0.07668,-1.12331,7.92272,-0.26303,50,6.16281,1.63439,-132.28302,-3.9049,-1.96071,32.14879,-18.345,CAR_EAG,LEN_BEA,CarsonNewman,D2,Team,20260220-CarsonNewman-1,00af3c40-0e9b-11f1-8304-27cb6f288688,89.79717,3.25762,NA,8.91437,NA,NA,NA,1.33357,3.25762,0.18722,46df0e37-f40e-476d-8c8d-a76c06d1b556,2026-02-20,20:30:28,2026-02-20T20:30:28Z,2026-02-20T20:30:28Z,GroundBall,v3,CNE,NA,NA,"Christmas, Seth",1000191967,Right,LEN_BEA,028e9842-5a9e-4f10-9900-3b8e9b7a2d9f,54.5855,-133.39278,16.07439,6.28667,-3.27164,-9.1725,-0.32062,1.70208,-0.98035,180,1.32962,131.57565,NA,NA,NA,NA,NA,NA,NA,3.2589,-42.48333,NA,NA,NA,NA,NA,NA,NA,0.18676,15.34375,NA,NA,NA,NA,NA,NA,NA,NA,NA,NA,NA,NA,NA,NA,NA,NA,NA,NA,NA,NA,NA,NA,NA,NA,NA,NA,NA,NA,NA,High,High,High,High,High,NA,NA,NA,NA,NA,NA,NA,NA,NA,NA,NA,NA,NA,NA,NA,NA,NA,NA,NA,NA,NA,NA,NA,NA,NA,NA,NA,NA,NA,NA,NA,NA,NA,NA,NA,NA,NA,NA,NA,NA,NA,NA,NA,NA,NA,NA
NA,NA,NA,NA,NA,NA,NA,NA,NA,NA,NA,NA,NA,NA,NA,NA,192,2026-02-20,15:31:01,3,1,"Burnley, Michael",10109139,Right,LEN_BEA,"Greene, Maddox",10122259,Right,CAR_EAG,Undefined,4,Bottom,1,0,0,Fastball,Four-Seam,BallCalled,Undefined,Undefined,Undefined,0,0,NA,90.95352,-3.239141,-1.546025,2236.622074,189.414108,12:15:00,6.01544,0.58384,6.40159,-18.11493,15.53607,2.37394,1.52282,-0.64044,82.24664,-6.703004,-1.115808,0.417513,NA,NA,NA,NA,NA,NA,NA,NA,NA,NA,NA,-1.72039,9.48087,-0.47394,50,5.77445,3.45831,-131.80026,-7.95621,-2.98349,31.70314,-15.73237,CAR_EAG,LEN_BEA,CarsonNewman,D2,Team,20260220-CarsonNewman-1,14398630-0e9b-11f1-8304-27cb6f288688,90.2784,NA,NA,8.70688,NA,NA,NA,NA,NA,NA,46df0e37-f40e-476d-8c8d-a76c06d1b556,2026-02-20,20:31:01,2026-02-20T20:31:01Z,2026-02-20T20:31:01Z,NA,v3,CNE,NA,NA,"Christmas, Seth",1000191967,Right,LEN_BEA,6f353335-729a-48bd-b2d4-35c8215ad318,54.09539,-132.78171,15.85157,6.01321,-7.46918,-7.86618,-0.58243,3.55067,-1.49175,NA,NA,NA,NA,NA,NA,NA,NA,NA,NA,NA,NA,NA,NA,NA,NA,NA,NA,NA,NA,NA,NA,NA,NA,NA,NA,NA,NA,NA,NA,NA,NA,NA,NA,NA,NA,NA,NA,NA,NA,NA,NA,NA,NA,NA,NA,NA,NA,NA,NA,High,High,High,NA,NA,NA,NA,NA,NA,NA,NA,NA,NA,NA,NA,NA,NA,NA,NA,NA,NA,NA,NA,NA,NA,NA,NA,NA,NA,NA,NA,NA,NA,NA,NA,NA,NA,NA,NA,NA,NA,NA,NA,NA,NA,NA,NA,NA,NA,NA,NA
NA,NA,NA,NA,NA,NA,NA,NA,NA,NA,NA,NA,NA,NA,NA,NA,193,2026-02-20,15:31:17,3,2,"Burnley, Michael",10109139,Right,LEN_BEA,"Greene, Maddox",10122259,Right,CAR_EAG,Undefined,4,Bottom,1,1,0,Slider,Slider,StrikeSwinging,Undefined,Undefined,Undefined,0,0,NA,80.58723,-1.475285,-0.382928,2364.702526,122.60728,10:00:00,6.00574,0.6901,5.58305,-35.99726,7.74748,-9.84973,1.62785,-0.48834,73.76333,-8.092621,-2.143291,0.47603,NA,NA,NA,NA,NA,NA,NA,NA,NA,NA,NA,4.85154,4.8115,-0.65073,50,5.85563,1.17674,-116.92622,-4.19398,6.67954,23.17918,-25.54964,CAR_EAG,LEN_BEA,CarsonNewman,D2,Team,20260220-CarsonNewman-1,1df10310-0e9b-11f1-8304-27cb6f288688,79.1808,NA,NA,6.8239,NA,NA,NA,NA,NA,NA,46df0e37-f40e-476d-8c8d-a76c06d1b556,2026-02-20,20:31:17,2026-02-20T20:31:17Z,2026-02-20T20:31:17Z,NA,v3,CNE,NA,NA,"Christmas, Seth",1000191967,Right,LEN_BEA,13336be6-241a-4324-b0a6-448fa81aaa4c,54.91606,-117.89674,11.58959,6.00884,-3.12421,-12.77482,-0.69414,0.89707,3.33977,NA,NA,NA,NA,NA,NA,NA,NA,NA,NA,NA,NA,NA,NA,NA,NA,NA,NA,NA,NA,NA,NA,NA,NA,NA,NA,NA,NA,NA,NA,NA,NA,NA,NA,NA,NA,NA,NA,NA,NA,NA,NA,NA,NA,NA,NA,NA,NA,NA,NA,High,High,High,NA,NA,NA,NA,NA,NA,NA,NA,NA,NA,NA,NA,NA,NA,NA,NA,NA,NA,NA,NA,NA,NA,NA,NA,NA,NA,NA,NA,NA,NA,NA,NA,NA,NA,NA,NA,NA,NA,NA,NA,NA,NA,NA,NA,NA,NA,NA,NA
NA,NA,NA,NA,NA,NA,NA,NA,NA,NA,NA,NA,NA,NA,NA,NA,194,2026-02-20,15:31:37,3,3,"Burnley, Michael",10109139,Right,LEN_BEA,"Greene, Maddox",10122259,Right,CAR_EAG,Undefined,4,Bottom,1,1,1,Fastball,Four-Seam,InPlay,Undefined,GroundBall,Out,1,0,NA,89.51284,-2.07137,-1.333814,2322.174183,207.527091,01:00:00,6.26074,0.55542,6.51667,-20.73848,13.75831,6.52878,2.63047,-0.12467,80.95536,-6.031437,-0.147705,0.422728,94.19683,-7.347195,1.853803,NA,NA,NA,NA,19.53301,17.59321,1.920868,0.133895,-3.86103,8.24056,-0.46513,50,6.10727,2.77115,-129.92339,-5.2751,-6.50235,30.9638,-18.29619,CAR_EAG,LEN_BEA,CarsonNewman,D2,Team,20260220-CarsonNewman-1,29ddfd90-0e9b-11f1-8304-27cb6f288688,89.16484,2.61605,NA,8.55748,NA,NA,NA,1.43885,2.61605,0.08364,46df0e37-f40e-476d-8c8d-a76c06d1b556,2026-02-20,20:31:37,2026-02-20T20:31:37Z,2026-02-20T20:31:37Z,GroundBall,v3,CNE,NA,NA,"Christmas, Seth",1000191967,Right,LEN_BEA,8f830fb9-f89d-4039-93b3-1697c8fc7373,53.98293,-130.86917,15.4819,6.25987,-4.71624,-9.14809,-0.55281,2.96976,-3.25117,99.465639,1.43905,136.92988,-14.02296,NA,NA,NA,NA,NA,NA,2.61614,-17.67635,-13.91435,NA,NA,NA,NA,NA,NA,0.08366,4.43034,-1.23561,NA,NA,NA,NA,NA,NA,NA,NA,NA,NA,NA,NA,NA,NA,NA,NA,NA,NA,NA,NA,NA,NA,NA,NA,NA,NA,NA,NA,High,High,High,High,High,NA,NA,NA,NA,NA,NA,NA,NA,NA,NA,NA,NA,NA,NA,NA,NA,NA,NA,NA,NA,NA,NA,NA,NA,NA,NA,NA,NA,NA,NA,NA,NA,NA,NA,NA,NA,NA,NA,NA,NA,NA,NA,NA,NA,NA,NA
NA,NA,NA,NA,NA,NA,NA,NA,NA,NA,NA,NA,NA,NA,NA,NA,195,2026-02-20,15:32:15,4,1,"Burnley, Michael",10109139,Right,LEN_BEA,"Smith, Braxton",1000370200,Right,CAR_EAG,Undefined,4,Bottom,2,0,0,ChangeUp,Splitter,BallCalled,Undefined,Undefined,Undefined,0,0,NA,86.50642,-3.203331,-2.360143,1041.523912,264.473558,02:45:00,5.95925,0.60359,5.95413,-35.2488,2.93622,15.26052,0.04535,-0.31482,78.06221,-9.710781,0.388285,0.444752,NA,NA,NA,NA,NA,NA,NA,NA,NA,NA,NA,-8.63229,3.05221,-0.42427,50,5.68475,4.52828,-125.16599,-8.20251,-13.37485,30.75648,-27.44495,CAR_EAG,LEN_BEA,CarsonNewman,D2,Team,20260220-CarsonNewman-1,40b3c900-0e9b-11f1-8304-27cb6f288688,84.74935,NA,NA,8.44421,NA,NA,NA,NA,NA,NA,46df0e37-f40e-476d-8c8d-a76c06d1b556,2026-02-20,20:32:15,2026-02-20T20:32:15Z,2026-02-20T20:32:15Z,NA,v3,CNE,NA,NA,"Christmas, Seth",1000191967,Right,LEN_BEA,0481baf8-1150-4c74-980b-ac842c509f38,54.54479,-126.27783,15.37824,5.96333,-7.21039,-13.72247,-0.5967,5.01177,-6.68743,NA,NA,NA,NA,NA,NA,NA,NA,NA,NA,NA,NA,NA,NA,NA,NA,NA,NA,NA,NA,NA,NA,NA,NA,NA,NA,NA,NA,NA,NA,NA,NA,NA,NA,NA,NA,NA,NA,NA,NA,NA,NA,NA,NA,NA,NA,NA,NA,NA,NA,High,High,High,NA,NA,NA,NA,NA,NA,NA,NA,NA,NA,NA,NA,NA,NA,NA,NA,NA,NA,NA,NA,NA,NA,NA,NA,NA,NA,NA,NA,NA,NA,NA,NA,NA,NA,NA,NA,NA,NA,NA,NA,NA,NA,NA,NA,NA,NA,NA,NA
NA,NA,NA,NA,NA,NA,NA,NA,NA,NA,NA,NA,NA,NA,NA,NA,196,2026-02-20,15:32:36,4,2,"Burnley, Michael",10109139,Right,LEN_BEA,"Smith, Braxton",1000370200,Right,CAR_EAG,Undefined,4,Bottom,2,1,0,Slider,Slider,StrikeSwinging,Undefined,Undefined,Undefined,0,0,NA,81.26716,-1.48142,-0.413462,2361.649542,120.674238,10:00:00,5.90347,0.63863,5.8032,-35.2138,7.28906,-10.00591,1.59083,-0.57975,74.64059,-7.971918,-2.209053,0.469224,NA,NA,NA,NA,NA,NA,NA,NA,NA,NA,NA,4.9826,4.56579,-0.59871,50,5.76086,1.24151,-118.00851,-4.17982,7.011,22.91162,-25.74957,CAR_EAG,LEN_BEA,CarsonNewman,D2,Team,20260220-CarsonNewman-1,4d0db620-0e9b-11f1-8304-27cb6f288688,80.32927,NA,NA,6.62657,NA,NA,NA,NA,NA,NA,46df0e37-f40e-476d-8c8d-a76c06d1b556,2026-02-20,20:32:36,2026-02-20T20:32:36Z,2026-02-20T20:32:36Z,NA,v3,CNE,NA,NA,"Christmas, Seth",1000191967,Right,LEN_BEA,04936500-906e-4523-857f-e5b7d309cdc1,54.69706,-118.91696,11.45581,5.90635,-3.15885,-12.87478,-0.64242,0.96352,3.5055,NA,NA,NA,NA,NA,NA,NA,NA,NA,NA,NA,NA,NA,NA,NA,NA,NA,NA,NA,NA,NA,NA,NA,NA,NA,NA,NA,NA,NA,NA,NA,NA,NA,NA,NA,NA,NA,NA,NA,NA,NA,NA,NA,NA,NA,NA,NA,NA,NA,NA,High,High,High,NA,NA,NA,NA,NA,NA,NA,NA,NA,NA,NA,NA,NA,NA,NA,NA,NA,NA,NA,NA,NA,NA,NA,NA,NA,NA,NA,NA,NA,NA,NA,NA,NA,NA,NA,NA,NA,NA,NA,NA,NA,NA,NA,NA,NA,NA,NA,NA
NA,NA,NA,NA,NA,NA,NA,NA,NA,NA,NA,NA,NA,NA,NA,NA,197,2026-02-20,15:32:54,4,3,"Burnley, Michael",10109139,Right,LEN_BEA,"Smith, Braxton",1000370200,Right,CAR_EAG,Undefined,4,Bottom,2,1,1,Slider,Slider,BallCalled,Undefined,Undefined,Undefined,0,0,NA,81.22735,-2.709424,0.115616,2371.532365,96.368413,09:15:00,5.95108,0.50739,5.62493,-40.76404,2.40823,-8.5252,0.02381,-0.09515,74.4674,-10.142738,-1.412211,0.472905,NA,NA,NA,NA,NA,NA,NA,NA,NA,NA,NA,4.36752,2.4791,-0.51165,50,5.69388,0.0992,-117.77149,-6.94297,6.07791,24.28081,-28.72411,CAR_EAG,LEN_BEA,CarsonNewman,D2,Team,20260220-CarsonNewman-1,57bbc800-0e9b-11f1-8304-27cb6f288688,79.70405,NA,NA,6.75995,NA,NA,NA,NA,NA,NA,46df0e37-f40e-476d-8c8d-a76c06d1b556,2026-02-20,20:32:54,2026-02-20T20:32:54Z,2026-02-20T20:32:54Z,NA,v3,CNE,NA,NA,"Christmas, Seth",1000191967,Right,LEN_BEA,30f7d09e-6ca9-48b8-9980-b386c982b9d2,54.87565,-118.77244,12.1404,5.95569,-5.75885,-14.36205,-0.51058,-0.15135,3.03895,NA,NA,NA,NA,NA,NA,NA,NA,NA,NA,NA,NA,NA,NA,NA,NA,NA,NA,NA,NA,NA,NA,NA,NA,NA,NA,NA,NA,NA,NA,NA,NA,NA,NA,NA,NA,NA,NA,NA,NA,NA,NA,NA,NA,NA,NA,NA,NA,NA,NA,High,High,High,NA,NA,NA,NA,NA,NA,NA,NA,NA,NA,NA,NA,NA,NA,NA,NA,NA,NA,NA,NA,NA,NA,NA,NA,NA,NA,NA,NA,NA,NA,NA,NA,NA,NA,NA,NA,NA,NA,NA,NA,NA,NA,NA,NA,NA,NA,NA,NA
NA,NA,NA,NA,NA,NA,NA,NA,NA,NA,NA,NA,NA,NA,NA,NA,198,2026-02-20,15:33:14,4,4,"Burnley, Michael",10109139,Right,LEN_BEA,"Smith, Braxton",1000370200,Right,CAR_EAG,Undefined,4,Bottom,2,2,1,Fastball,Four-Seam,BallCalled,Undefined,Undefined,Undefined,0,0,NA,91.60882,-1.716496,-1.99494,2333.656995,200.327035,12:45:00,5.92018,0.47357,6.36877,-20.32399,12.53131,4.24071,2.64557,-1.00951,83.47329,-5.56821,-1.227246,0.412548,NA,NA,NA,NA,NA,NA,NA,NA,NA,NA,NA,-2.78197,7.35796,-0.33116,50,5.78649,4.45717,-132.99685,-4.59368,-4.95831,29.83213,-19.05987,CAR_EAG,LEN_BEA,CarsonNewman,D2,Team,20260220-CarsonNewman-1,63afc760-0e9b-11f1-8304-27cb6f288688,91.36503,NA,NA,8.13553,NA,NA,NA,NA,NA,NA,46df0e37-f40e-476d-8c8d-a76c06d1b556,2026-02-20,20:33:14,2026-02-20T20:33:14Z,2026-02-20T20:33:14Z,NA,v3,CNE,NA,NA,"Christmas, Seth",1000191967,Right,LEN_BEA,5d3fadf0-c970-4aa8-ab63-6ba84d30c719,54.13032,-133.9201,14.91607,5.91953,-4.00381,-9.52993,-0.47148,4.61062,-2.47915,NA,NA,NA,NA,NA,NA,NA,NA,NA,NA,NA,NA,NA,NA,NA,NA,NA,NA,NA,NA,NA,NA,NA,NA,NA,NA,NA,NA,NA,NA,NA,NA,NA,NA,NA,NA,NA,NA,NA,NA,NA,NA,NA,NA,NA,NA,NA,NA,NA,NA,High,High,High,NA,NA,NA,NA,NA,NA,NA,NA,NA,NA,NA,NA,NA,NA,NA,NA,NA,NA,NA,NA,NA,NA,NA,NA,NA,NA,NA,NA,NA,NA,NA,NA,NA,NA,NA,NA,NA,NA,NA,NA,NA,NA,NA,NA,NA,NA,NA,NA
NA,NA,NA,NA,NA,NA,NA,NA,NA,NA,NA,NA,NA,NA,NA,NA,199,2026-02-20,15:33:37,4,5,"Burnley, Michael",10109139,Right,LEN_BEA,"Smith, Braxton",1000370200,Right,CAR_EAG,Undefined,4,Bottom,2,3,1,Fastball,Four-Seam,InPlay,Undefined,GroundBall,Out,1,0,NA,92.36988,-2.631299,-1.717083,2426.071409,192.605982,12:30:00,6.00186,0.35028,6.48136,-13.70469,18.70769,3.92713,2.44087,-0.89961,83.56547,-5.303228,-1.004754,0.409757,81.18239,-19.49833,25.928518,NA,NA,NA,NA,6.83661,6.77457,31.895083,0.056934,-2.58599,10.93953,-0.23111,50,5.81032,3.85537,-133.98875,-6.48468,-4.64459,32.20005,-12.52591,CAR_EAG,LEN_BEA,CarsonNewman,D2,Team,20260220-CarsonNewman-1,71342ac0-0e9b-11f1-8304-27cb6f288688,91.98719,2.26804,NA,8.80441,NA,NA,NA,0.04382,2.26804,0.8115,46df0e37-f40e-476d-8c8d-a76c06d1b556,2026-02-20,20:33:37,2026-02-20T20:33:37Z,2026-02-20T20:33:37Z,GroundBall,v3,CNE,NA,NA,"Christmas, Seth",1000191967,Right,LEN_BEA,b5d66a99-d80a-442b-a917-9b3f6426c562,54.0173,-134.95073,16.10003,5.99846,-6.11047,-6.26296,-0.34837,3.99412,-2.32229,180,0.04163,101.17945,NA,NA,NA,NA,NA,NA,NA,2.2689,-39.83609,NA,NA,NA,NA,NA,NA,NA,0.81044,49.19235,NA,NA,NA,NA,NA,NA,NA,NA,NA,NA,NA,NA,NA,NA,NA,NA,NA,NA,NA,NA,NA,NA,NA,NA,NA,NA,NA,NA,NA,High,High,High,High,High,NA,NA,NA,NA,NA,NA,NA,NA,NA,NA,NA,NA,NA,NA,NA,NA,NA,NA,NA,NA,NA,NA,NA,NA,NA,NA,NA,NA,NA,NA,NA,NA,NA,NA,NA,NA,NA,NA,NA,NA,NA,NA,NA,NA,NA,NA
NA,NA,NA,NA,NA,NA,NA,NA,NA,NA,NA,NA,NA,NA,NA,NA,200,2026-02-20,15:35:42,1,1,"Slifka, Denver",10107869,Right,CAR_EAG,"Stillinger, Andrew",10039721,Left,LEN_BEA,Undefined,5,Top,0,0,0,Fastball,Changeup,InPlay,Undefined,GroundBall,Single,0,0,NA,81.65772,-0.588771,-3.135982,1818.491022,239.344567,02:00:00,5.78127,1.51473,6.5159,-32.98462,8.2889,11.62146,2.49145,-0.39735,74.31959,-6.792536,-1.02764,0.462389,104.27843,0.358028,27.46781,3119.484012,NA,NA,NA,55.01193,52.96556,29.993627,0.361881,-7.0665,4.92969,-1.30074,50,5.72594,6.0837,-118.5242,-2.13823,-9.96163,24.55788,-25.2247,CAR_EAG,LEN_BEA,CarsonNewman,D2,Team,20260220-CarsonNewman-1,bc2c0fc0-0e9b-11f1-8304-27cb6f288688,81.5168,2.54203,NA,7.33813,NA,NA,NA,1.83761,2.5324,0.4724,46df0e37-f40e-476d-8c8d-a76c06d1b556,2026-02-20,20:35:42,2026-02-20T20:35:42Z,2026-02-20T20:35:42Z,GroundBall,v3,CNE,NA,NA,"Rogers, Jacob",1000215913,Right,CAR_EAG,5cf693ad-e110-4291-a85c-1b01033c5f77,53.98496,-119.34702,12.27894,5.78343,-1.29306,-12.61235,-1.51017,6.41747,-4.98082,284.038209,1.84157,135.5534,-24.85517,NA,NA,NA,NA,NA,NA,2.53756,0.7661,-21.53221,NA,NA,NA,NA,NA,NA,0.46325,70.88009,10.66018,NA,NA,NA,NA,NA,NA,NA,NA,NA,NA,NA,NA,NA,NA,NA,NA,NA,NA,NA,NA,NA,NA,NA,NA,NA,NA,NA,NA,High,High,High,Medium,High,NA,NA,NA,NA,NA,NA,NA,NA,NA,NA,NA,NA,NA,NA,NA,NA,NA,NA,NA,NA,NA,NA,NA,NA,NA,NA,NA,NA,NA,NA,NA,NA,NA,NA,NA,NA,NA,NA,NA,NA,NA,NA,NA,NA,NA,NA
NA,NA,NA,NA,NA,NA,NA,NA,NA,NA,NA,NA,NA,NA,NA,NA,201,2026-02-20,15:36:50,2,1,"Slifka, Denver",10107869,Right,CAR_EAG,"Morris, Nick",10108627,Right,LEN_BEA,Undefined,5,Top,0,0,0,Fastball,Changeup,StrikeCalled,Undefined,Undefined,Undefined,0,0,NA,77.92559,0.487425,-3.660802,1920.292283,239.672599,02:00:00,5.62895,1.7407300000000001,5.84335,-38.68085,7.66134,10.51737,2.85948,-0.78968,71.18977,-6.675282,-1.779358,0.489959,NA,NA,NA,NA,NA,NA,NA,NA,NA,NA,NA,-6.39615,4.24461,-1.44835,50,5.64616,6.83096,-112.95292,-0.21747,-8.24143,21.08216,-26.70488,CAR_EAG,LEN_BEA,CarsonNewman,D2,Team,20260220-CarsonNewman-1,e43def60-0e9b-11f1-8304-27cb6f288688,76.92978,NA,NA,6.73582,NA,NA,NA,NA,NA,NA,46df0e37-f40e-476d-8c8d-a76c06d1b556,2026-02-20,20:36:50,2026-02-20T20:36:50Z,2026-02-20T20:36:50Z,NA,v3,CNE,NA,NA,"Rogers, Jacob",1000215913,Right,CAR_EAG,7fa63903-e936-4921-83ec-fb8404f52cbc,54.65639,-113.8187,10.54108,5.63257,0.87922,-13.35244,-1.73583,7.16941,-4.12072,NA,NA,NA,NA,NA,NA,NA,NA,NA,NA,NA,NA,NA,NA,NA,NA,NA,NA,NA,NA,NA,NA,NA,NA,NA,NA,NA,NA,NA,NA,NA,NA,NA,NA,NA,NA,NA,NA,NA,NA,NA,NA,NA,NA,NA,NA,NA,NA,NA,NA,High,High,High,NA,NA,NA,NA,NA,NA,NA,NA,NA,NA,NA,NA,NA,NA,NA,NA,NA,NA,NA,NA,NA,NA,NA,NA,NA,NA,NA,NA,NA,NA,NA,NA,NA,NA,NA,NA,NA,NA,NA,NA,NA,NA,NA,NA,NA,NA,NA,NA
NA,NA,NA,NA,NA,NA,NA,NA,NA,NA,NA,NA,NA,NA,NA,NA,202,2026-02-20,15:37:08,2,2,"Slifka, Denver",10107869,Right,CAR_EAG,"Morris, Nick",10108627,Right,LEN_BEA,Undefined,5,Top,0,0,1,Slider,Curveball,BallinDirt,Undefined,Undefined,Undefined,0,0,NA,71.24048,-0.514893,-1.392205,2234.416224,58.306278,08:00:00,5.88749,1.56807,5.92835,-60.74637,-5.03166,-11.27099,0.34738,-0.66324,65.35819,-11.621971,-3.423512,0.537225,NA,NA,NA,NA,NA,NA,NA,NA,NA,NA,NA,5.33516,-1.84669,-1.45039,50,5.81226,2.89136,-103.40999,-2.67759,5.68126,19.91385,-34.14053,CAR_EAG,LEN_BEA,CarsonNewman,D2,Team,20260220-CarsonNewman-1,ef1b75b0-0e9b-11f1-8304-27cb6f288688,70.16134,NA,NA,5.88229,NA,NA,NA,NA,NA,NA,46df0e37-f40e-476d-8c8d-a76c06d1b556,2026-02-20,20:37:08,2026-02-20T20:37:08Z,2026-02-20T20:37:08Z,NA,v3,CNE,NA,NA,"Rogers, Jacob",1000215913,Right,CAR_EAG,8ddb45b1-4a10-4385-ba19-13e40f45eba9,54.5738,-104.28705,9.95692,5.89707,-1.17394,-17.07027,-1.57222,2.64114,2.84063,NA,NA,NA,NA,NA,NA,NA,NA,NA,NA,NA,NA,NA,NA,NA,NA,NA,NA,NA,NA,NA,NA,NA,NA,NA,NA,NA,NA,NA,NA,NA,NA,NA,NA,NA,NA,NA,NA,NA,NA,NA,NA,NA,NA,NA,NA,NA,NA,NA,NA,High,High,High,NA,NA,NA,NA,NA,NA,NA,NA,NA,NA,NA,NA,NA,NA,NA,NA,NA,NA,NA,NA,NA,NA,NA,NA,NA,NA,NA,NA,NA,NA,NA,NA,NA,NA,NA,NA,NA,NA,NA,NA,NA,NA,NA,NA,NA,NA,NA,NA
NA,NA,NA,NA,NA,NA,NA,NA,NA,NA,NA,NA,NA,NA,NA,NA,203,2026-02-20,15:37:40,2,3,"Slifka, Denver",10107869,Right,CAR_EAG,"Morris, Nick",10108627,Right,LEN_BEA,Undefined,5,Top,0,1,1,Fastball,Changeup,FoulBallNotFieldable,Undefined,Undefined,Undefined,0,0,NA,80.23643,-0.279572,-3.294493,1903.996772,224.915668,01:30:00,5.75373,1.70021,6.36859,-32.34927,10.36705,8.98004,2.80027,-0.58638,73.46139,-6.345459,-1.671172,0.470401,NA,NA,NA,NA,NA,NA,NA,NA,NA,NA,NA,-5.63481,5.88618,-1.46598,50,5.71837,6.39048,-116.48443,-1.46958,-7.73007,22.19612,-24.09918,CAR_EAG,LEN_BEA,CarsonNewman,D2,Team,20260220-CarsonNewman-1,0254e080-0e9c-11f1-8304-27cb6f288688,80.12831,NA,NA,6.77504,NA,NA,NA,NA,NA,NA,46df0e37-f40e-476d-8c8d-a76c06d1b556,2026-02-20,20:37:40,2026-02-20T20:37:40Z,2026-02-20T20:37:40Z,NA,v3,CNE,NA,NA,"Rogers, Jacob",1000215913,Right,CAR_EAG,b9aadc7c-859a-4992-ab9e-17e4846b4b04,54.1327,-117.26927,11.09806,5.75526,-0.61745,-12.04959,-1.69677,6.66381,-3.86503,NA,NA,NA,NA,NA,NA,NA,NA,NA,NA,NA,NA,NA,NA,NA,NA,NA,NA,NA,NA,NA,NA,NA,NA,NA,NA,NA,NA,NA,NA,NA,NA,NA,NA,NA,NA,NA,NA,NA,NA,NA,NA,NA,NA,NA,NA,NA,NA,NA,NA,High,High,High,NA,NA,NA,NA,NA,NA,NA,NA,NA,NA,NA,NA,NA,NA,NA,NA,NA,NA,NA,NA,NA,NA,NA,NA,NA,NA,NA,NA,NA,NA,NA,NA,NA,NA,NA,NA,NA,NA,NA,NA,NA,NA,NA,NA,NA,NA,NA,NA
NA,NA,NA,NA,NA,NA,NA,NA,NA,NA,NA,NA,NA,NA,NA,NA,204,2026-02-20,15:38:05,2,4,"Slifka, Denver",10107869,Right,CAR_EAG,"Morris, Nick",10108627,Right,LEN_BEA,Undefined,5,Top,0,1,2,Slider,Curveball,BallinDirt,Undefined,Undefined,Undefined,0,0,NA,74.66241,-1.438514,-4.403812,2350.930642,54.655106,07:45:00,5.74517,1.52028,6.27052,-54.98869,-4.66536,-8.98788,-0.16761,-3.29665,68.59855,-11.505042,-6.025067,0.510571,NA,NA,NA,NA,NA,NA,NA,NA,NA,NA,NA,3.28303,-1.5563,-1.18949,50,5.61168,8.61967,-108.13898,-4.2661,3.82281,21.78793,-33.98624,CAR_EAG,LEN_BEA,CarsonNewman,D2,Team,20260220-CarsonNewman-1,112c9ee0-0e9c-11f1-8304-27cb6f288688,73.82409,NA,NA,6.06387,NA,NA,NA,NA,NA,NA,46df0e37-f40e-476d-8c8d-a76c06d1b556,2026-02-20,20:38:05,2026-02-20T20:38:05Z,2026-02-20T20:38:05Z,NA,v3,CNE,NA,NA,"Rogers, Jacob",1000215913,Right,CAR_EAG,7486fee0-e818-4b76-b23a-dd6e3233479c,54.23251,-108.98841,10.89397,5.75218,-2.9411,-16.99312,-1.52263,8.47063,1.9114,NA,NA,NA,NA,NA,NA,NA,NA,NA,NA,NA,NA,NA,NA,NA,NA,NA,NA,NA,NA,NA,NA,NA,NA,NA,NA,NA,NA,NA,NA,NA,NA,NA,NA,NA,NA,NA,NA,NA,NA,NA,NA,NA,NA,NA,NA,NA,NA,NA,NA,High,High,High,NA,NA,NA,NA,NA,NA,NA,NA,NA,NA,NA,NA,NA,NA,NA,NA,NA,NA,NA,NA,NA,NA,NA,NA,NA,NA,NA,NA,NA,NA,NA,NA,NA,NA,NA,NA,NA,NA,NA,NA,NA,NA,NA,NA,NA,NA,NA,NA
NA,NA,NA,NA,NA,NA,NA,NA,NA,NA,NA,NA,NA,NA,NA,NA,205,2026-02-20,15:40:25,2,5,"Adams, Kyle",1000370208,Right,CAR_EAG,"Morris, Nick",10108627,Right,LEN_BEA,Undefined,5,Top,0,2,2,Slider,Curveball,StrikeSwinging,Strikeout,Undefined,Undefined,0,0,NA,72.5671,0.642797,-3.915568,2278.179828,49.049086,07:45:00,5.51626,2.46101,5.65688,-59.71625,-5.48559,-8.39115,1.14082,-1.89569,66.6024,-10.222413,-5.411232,0.530022,NA,NA,NA,NA,NA,NA,NA,NA,NA,NA,NA,3.0304,-2.40189,-2.12359,50,5.53333,7.4934,-105.10646,-0.6512,3.35231,19.66209,-34.8311,CAR_EAG,LEN_BEA,CarsonNewman,D2,Team,20260220-CarsonNewman-1,64690fd0-0e9c-11f1-8304-27cb6f288688,71.11486,NA,NA,5.9647,NA,NA,NA,NA,NA,NA,46df0e37-f40e-476d-8c8d-a76c06d1b556,2026-02-20,20:40:25,2026-02-20T20:40:25Z,2026-02-20T20:40:25Z,NA,v3,CNE,NA,NA,"Rogers, Jacob",1000215913,Right,CAR_EAG,4edbed17-9658-4225-b439-71803219630a,54.844970000000004,-106.00892,9.83104,5.52653,0.94751,-17.41555,-2.46399,7.33954,1.67615,NA,NA,NA,NA,NA,NA,NA,NA,NA,NA,NA,NA,NA,NA,NA,NA,NA,NA,NA,NA,NA,NA,NA,NA,NA,NA,NA,NA,NA,NA,NA,NA,NA,NA,NA,NA,NA,NA,NA,NA,NA,NA,NA,NA,NA,NA,NA,NA,NA,NA,High,High,High,NA,NA,NA,NA,NA,NA,NA,NA,NA,NA,NA,NA,NA,NA,NA,NA,NA,NA,NA,NA,NA,NA,NA,NA,NA,NA,NA,NA,NA,NA,NA,NA,NA,NA,NA,NA,NA,NA,NA,NA,NA,NA,NA,NA,NA,NA,NA,NA
NA,NA,NA,NA,NA,NA,NA,NA,NA,NA,NA,NA,NA,NA,NA,NA,206,2026-02-20,15:40:53,3,1,"Adams, Kyle",1000370208,Right,CAR_EAG,"Beard, Drew",1000361012,Right,LEN_BEA,Undefined,5,Top,1,0,0,Fastball,Slider,BallCalled,Undefined,Undefined,Undefined,0,0,NA,81.78399,0.627591,-2.594052,2177.915625,177.685954,12:00:00,5.6355,2.11918,6.44624,-30.28773,10.57674,-0.37685,3.6888,-0.29738,74.96182,-5.068487,-2.662274,0.460092,NA,NA,NA,NA,NA,NA,NA,NA,NA,NA,NA,-0.51496,5.75437,-1.93498,50,5.6665,5.39609,-118.80103,0.45731,-0.73701,22.45544,-23.93841,CAR_EAG,LEN_BEA,CarsonNewman,D2,Team,20260220-CarsonNewman-1,7528ef20-0e9c-11f1-8304-27cb6f288688,81.92376,NA,NA,6.82217,NA,NA,NA,NA,NA,NA,46df0e37-f40e-476d-8c8d-a76c06d1b556,2026-02-20,20:40:53,2026-02-20T20:40:53Z,2026-02-20T20:40:53Z,NA,v3,CNE,NA,NA,"Rogers, Jacob",1000215913,Right,CAR_EAG,f68886ee-61a5-4834-ac46-355bd2830025,54.05314,-119.56469,11.22772,5.6371,1.2714,-11.96921,-2.11891,5.42116,-0.36851,NA,NA,NA,NA,NA,NA,NA,NA,NA,NA,NA,NA,NA,NA,NA,NA,NA,NA,NA,NA,NA,NA,NA,NA,NA,NA,NA,NA,NA,NA,NA,NA,NA,NA,NA,NA,NA,NA,NA,NA,NA,NA,NA,NA,NA,NA,NA,NA,NA,NA,High,High,High,NA,NA,NA,NA,NA,NA,NA,NA,NA,NA,NA,NA,NA,NA,NA,NA,NA,NA,NA,NA,NA,NA,NA,NA,NA,NA,NA,NA,NA,NA,NA,NA,NA,NA,NA,NA,NA,NA,NA,NA,NA,NA,NA,NA,NA,NA,NA,NA
NA,NA,NA,NA,NA,NA,NA,NA,NA,NA,NA,NA,NA,NA,NA,NA,207,2026-02-20,15:41:08,3,2,"Adams, Kyle",1000370208,Right,CAR_EAG,"Beard, Drew",1000361012,Right,LEN_BEA,Undefined,5,Top,1,1,0,Fastball,Slider,InPlay,Undefined,GroundBall,Single,0,1,NA,81.77795,-0.281347,-3.545395,2142.543226,177.140745,12:00:00,5.35534,2.24818,6.62959,-30.00679,10.57501,-0.46681,2.59667,-1.04119,75.20151,-5.925944,-3.630106,0.458498,73.34933,-5.48566,25.509264,2677.795401,NA,NA,NA,21.65952,21.65952,27.998153,0.19798,-0.71587,6.02402,-2.00765,50,5.32387,7.37463,-118.76801,-1.38846,-1.02494,22.24272,-23.54913,CAR_EAG,LEN_BEA,CarsonNewman,D2,Team,20260220-CarsonNewman-1,7e065fb0-0e9c-11f1-8304-27cb6f288688,82.2086,2.54788,NA,6.57644,NA,NA,NA,0.51218,2.54788,1.09568,46df0e37-f40e-476d-8c8d-a76c06d1b556,2026-02-20,20:41:08,2026-02-20T20:41:08Z,2026-02-20T20:41:08Z,GroundBall,v3,CNE,NA,NA,"Rogers, Jacob",1000215913,Right,CAR_EAG,8575477b-8746-410c-a3a5-053fed0e343f,53.8716,-119.49087,11.12136,5.35656,-0.62314,-11.77457,-2.24786,7.40794,-0.51247,254.536863,0.51291,96.59772,-13.10179,NA,NA,NA,NA,NA,NA,2.54813,-10.30106,-12.98649,NA,NA,NA,NA,NA,NA,1.09566,46.11877,-1.48853,NA,NA,NA,NA,NA,NA,NA,NA,NA,NA,NA,NA,NA,NA,NA,NA,NA,NA,NA,NA,NA,NA,NA,NA,NA,NA,NA,NA,High,High,High,High,High,NA,NA,NA,NA,NA,NA,NA,NA,NA,NA,NA,NA,NA,NA,NA,NA,NA,NA,NA,NA,NA,NA,NA,NA,NA,NA,NA,NA,NA,NA,NA,NA,NA,NA,NA,NA,NA,NA,NA,NA,NA,NA,NA,NA,NA,NA
NA,NA,NA,NA,NA,NA,NA,NA,NA,NA,NA,NA,NA,NA,NA,NA,208,2026-02-20,15:41:41,4,1,"Adams, Kyle",1000370208,Right,CAR_EAG,"Murchison, Trent",10032231,Left,LEN_BEA,Undefined,5,Top,1,0,0,Fastball,Slider,BallCalled,Undefined,Undefined,Undefined,0,0,NA,83.43611,2.362959,-1.472583,2172.841116,193.328224,12:30:00,5.27971,2.84191,6.3565,-28.62293,10.60788,2.24378,5.07131,1.67321,76.53919,-3.019389,-1.066833,0.450801,NA,NA,NA,NA,NA,NA,NA,NA,NA,NA,NA,-1.5424,5.27465,-2.73611,50,5.43766,3.03146,-121.22032,4.17853,-2.30973,22.27282,-24.27526,CAR_EAG,LEN_BEA,CarsonNewman,D2,Team,20260220-CarsonNewman-1,91ebe900-0e9c-11f1-8304-27cb6f288688,83.61208,NA,NA,6.89692,NA,NA,NA,NA,NA,NA,46df0e37-f40e-476d-8c8d-a76c06d1b556,2026-02-20,20:41:41,2026-02-20T20:41:41Z,2026-02-20T20:41:41Z,NA,v3,CNE,NA,NA,"Rogers, Jacob",1000215913,Right,CAR_EAG,c3574d55-9ce5-4fde-9bc0-2cc1f40df262,54.14311,-121.97919,11.13641,5.2812,5.00563,-12.13763,-2.84073,3.11015,-1.15487,NA,NA,NA,NA,NA,NA,NA,NA,NA,NA,NA,NA,NA,NA,NA,NA,NA,NA,NA,NA,NA,NA,NA,NA,NA,NA,NA,NA,NA,NA,NA,NA,NA,NA,NA,NA,NA,NA,NA,NA,NA,NA,NA,NA,NA,NA,NA,NA,NA,NA,High,High,High,NA,NA,NA,NA,NA,NA,NA,NA,NA,NA,NA,NA,NA,NA,NA,NA,NA,NA,NA,NA,NA,NA,NA,NA,NA,NA,NA,NA,NA,NA,NA,NA,NA,NA,NA,NA,NA,NA,NA,NA,NA,NA,NA,NA,NA,NA,NA,NA
NA,NA,NA,NA,NA,NA,NA,NA,NA,NA,NA,NA,NA,NA,NA,NA,209,2026-02-20,15:42:09,4,2,"Adams, Kyle",1000370208,Right,CAR_EAG,"Murchison, Trent",10032231,Left,LEN_BEA,Undefined,5,Top,1,1,0,Fastball,Changeup,BallCalled,Undefined,Undefined,Undefined,0,0,NA,79.6133,0.200369,-1.000681,2082.913844,189.049562,12:15:00,5.49473,2.59522,6.443,-29.33742,13.91194,1.99347,3.2341,1.84173,72.67446,-5.349533,-0.639182,0.473327,NA,NA,NA,NA,NA,NA,NA,NA,NA,NA,NA,-1.32032,7.6415,-2.52499,50,5.49576,1.94902,-115.68714,-0.36958,-1.78361,22.22159,-21.85102,CAR_EAG,LEN_BEA,CarsonNewman,D2,Team,20260220-CarsonNewman-1,a2364a30-0e9c-11f1-8304-27cb6f288688,79.63298,NA,NA,6.93884,NA,NA,NA,NA,NA,NA,46df0e37-f40e-476d-8c8d-a76c06d1b556,2026-02-20,20:42:09,2026-02-20T20:42:09Z,2026-02-20T20:42:09Z,NA,v3,CNE,NA,NA,"Rogers, Jacob",1000215913,Right,CAR_EAG,db8accb6-d85e-42e0-a350-f7024b0e75f0,54.05493,-116.46342,11.11079,5.49533,0.39375,-10.92551,-2.59416,2.01133,-0.89181,NA,NA,NA,NA,NA,NA,NA,NA,NA,NA,NA,NA,NA,NA,NA,NA,NA,NA,NA,NA,NA,NA,NA,NA,NA,NA,NA,NA,NA,NA,NA,NA,NA,NA,NA,NA,NA,NA,NA,NA,NA,NA,NA,NA,NA,NA,NA,NA,NA,NA,High,High,High,NA,NA,NA,NA,NA,NA,NA,NA,NA,NA,NA,NA,NA,NA,NA,NA,NA,NA,NA,NA,NA,NA,NA,NA,NA,NA,NA,NA,NA,NA,NA,NA,NA,NA,NA,NA,NA,NA,NA,NA,NA,NA,NA,NA,NA,NA,NA,NA
NA,NA,NA,NA,NA,NA,NA,NA,NA,NA,NA,NA,NA,NA,NA,NA,210,2026-02-20,15:42:26,4,3,"Adams, Kyle",1000370208,Right,CAR_EAG,"Murchison, Trent",10032231,Left,LEN_BEA,Undefined,5,Top,1,2,0,Fastball,Slider,StrikeCalled,Undefined,Undefined,Undefined,0,0,NA,82.04664,0.671522,-2.393821,2157.655902,196.867272,12:30:00,5.46106,2.58101,6.11191,-31.14978,10.36323,2.71685,3.48676,0.59261,74.46367,-5.173219,-1.904874,0.463728,NA,NA,NA,NA,NA,NA,NA,NA,NA,NA,NA,-2.11083,5.57819,-2.39852,50,5.49656,4.86931,-119.01489,0.4674,-3.00289,24.57896,-24.23837,CAR_EAG,LEN_BEA,CarsonNewman,D2,Team,20260220-CarsonNewman-1,acdf5300-0e9c-11f1-8304-27cb6f288688,81.28133,NA,NA,7.58296,NA,NA,NA,NA,NA,NA,46df0e37-f40e-476d-8c8d-a76c06d1b556,2026-02-20,20:42:26,2026-02-20T20:42:26Z,2026-02-20T20:42:26Z,NA,v3,CNE,NA,NA,"Rogers, Jacob",1000215913,Right,CAR_EAG,7b61b180-e4c2-4c0d-809e-713189016168,54.38553,-119.91717,12.28948,5.46307,1.35717,-12.11918,-2.57929,4.97954,-1.50145,NA,NA,NA,NA,NA,NA,NA,NA,NA,NA,NA,NA,NA,NA,NA,NA,NA,NA,NA,NA,NA,NA,NA,NA,NA,NA,NA,NA,NA,NA,NA,NA,NA,NA,NA,NA,NA,NA,NA,NA,NA,NA,NA,NA,NA,NA,NA,NA,NA,NA,High,High,High,NA,NA,NA,NA,NA,NA,NA,NA,NA,NA,NA,NA,NA,NA,NA,NA,NA,NA,NA,NA,NA,NA,NA,NA,NA,NA,NA,NA,NA,NA,NA,NA,NA,NA,NA,NA,NA,NA,NA,NA,NA,NA,NA,NA,NA,NA,NA,NA
NA,NA,NA,NA,NA,NA,NA,NA,NA,NA,NA,NA,NA,NA,NA,NA,211,2026-02-20,15:42:44,4,4,"Adams, Kyle",1000370208,Right,CAR_EAG,"Murchison, Trent",10032231,Left,LEN_BEA,Undefined,5,Top,1,2,1,Slider,Curveball,FoulBallNotFieldable,Undefined,Undefined,Undefined,0,0,NA,72.80935,1.660626,-1.910062,2195.999159,92.881034,09:00:00,5.33298,2.75436,5.89896,-51.13085,2.17323,-6.95701,2.61509,0.40066,66.2478,-7.790808,-3.158027,0.525475,NA,NA,NA,NA,NA,NA,NA,NA,NA,NA,NA,2.93138,1.21185,-2.59681,50,5.43805,3.76868,-105.57386,1.56991,3.2701,19.91879,-30.82218,CAR_EAG,LEN_BEA,CarsonNewman,D2,Team,20260220-CarsonNewman-1,b7a559b0-0e9c-11f1-8304-27cb6f288688,71.73029,NA,NA,6.56155,NA,NA,NA,NA,NA,NA,46df0e37-f40e-476d-8c8d-a76c06d1b556,2026-02-20,20:42:44,2026-02-20T20:42:44Z,2026-02-20T20:42:44Z,NA,v3,CNE,NA,NA,"Rogers, Jacob",1000215913,Right,CAR_EAG,fc2d4d0d-e89f-4ea9-bd8b-16fd42ebb456,54.59954,-106.43812,9.9594,5.34093,2.90726,-15.41109,-2.75725,3.62679,1.63505,NA,NA,NA,NA,NA,NA,NA,NA,NA,NA,NA,NA,NA,NA,NA,NA,NA,NA,NA,NA,NA,NA,NA,NA,NA,NA,NA,NA,NA,NA,NA,NA,NA,NA,NA,NA,NA,NA,NA,NA,NA,NA,NA,NA,NA,NA,NA,NA,NA,NA,High,High,High,NA,NA,NA,NA,NA,NA,NA,NA,NA,NA,NA,NA,NA,NA,NA,NA,NA,NA,NA,NA,NA,NA,NA,NA,NA,NA,NA,NA,NA,NA,NA,NA,NA,NA,NA,NA,NA,NA,NA,NA,NA,NA,NA,NA,NA,NA,NA,NA
NA,NA,NA,NA,NA,NA,NA,NA,NA,NA,NA,NA,NA,NA,NA,NA,212,2026-02-20,15:43:12,4,5,"Adams, Kyle",1000370208,Right,CAR_EAG,"Murchison, Trent",10032231,Left,LEN_BEA,Undefined,5,Top,1,2,2,ChangeUp,Splitter,BallCalled,Undefined,Undefined,Undefined,0,0,NA,76.28014,-1.141515,-4.398669,866.613678,214.009773,01:15:00,5.3975,2.65903,6.16645,-37.01388,11.03985,6.3491,1.25531,-0.88305,69.67389,-8.034385,-3.257426,0.498925,NA,NA,NA,NA,NA,NA,NA,NA,NA,NA,NA,-4.56981,6.56142,-2.32803,50,5.29207,8.2698,-110.44163,-3.23381,-5.60739,20.86725,-24.12284,CAR_EAG,LEN_BEA,CarsonNewman,D2,Team,20260220-CarsonNewman-1,c844b8b0-0e9c-11f1-8304-27cb6f288688,75.54736,NA,NA,6.60625,NA,NA,NA,NA,NA,NA,46df0e37-f40e-476d-8c8d-a76c06d1b556,2026-02-20,20:43:12,2026-02-20T20:43:12Z,2026-02-20T20:43:12Z,NA,v3,CNE,NA,NA,"Rogers, Jacob",1000215913,Right,CAR_EAG,e2c5bdce-7b42-4c49-827e-da8a012a9041,54.33167,-111.25706,10.43363,5.40002,-2.29116,-12.06142,-2.65547,8.48892,-2.80369,NA,NA,NA,NA,NA,NA,NA,NA,NA,NA,NA,NA,NA,NA,NA,NA,NA,NA,NA,NA,NA,NA,NA,NA,NA,NA,NA,NA,NA,NA,NA,NA,NA,NA,NA,NA,NA,NA,NA,NA,NA,NA,NA,NA,NA,NA,NA,NA,NA,NA,High,High,High,NA,NA,NA,NA,NA,NA,NA,NA,NA,NA,NA,NA,NA,NA,NA,NA,NA,NA,NA,NA,NA,NA,NA,NA,NA,NA,NA,NA,NA,NA,NA,NA,NA,NA,NA,NA,NA,NA,NA,NA,NA,NA,NA,NA,NA,NA,NA,NA
NA,NA,NA,NA,NA,NA,NA,NA,NA,NA,NA,NA,NA,NA,NA,NA,213,2026-02-20,15:43:32,4,6,"Adams, Kyle",1000370208,Right,CAR_EAG,"Murchison, Trent",10032231,Left,LEN_BEA,Undefined,5,Top,1,3,2,Fastball,Slider,BallCalled,Walk,Undefined,Undefined,0,0,NA,80.71004,0.69068,-1.668565,2153.084046,210.69524,01:00:00,5.23083,2.78469,6.53491,-32.20392,9.81158,5.01213,3.18102,1.67136,73.55293,-5.387038,-0.758354,0.466526,NA,NA,NA,NA,NA,NA,NA,NA,NA,NA,NA,-3.09138,5.37866,-2.67074,50,5.26514,3.23461,-117.25558,0.53427,-4.28289,23.18091,-24.7223,CAR_EAG,LEN_BEA,CarsonNewman,D2,Team,20260220-CarsonNewman-1,d3c18c40-0e9c-11f1-8304-27cb6f288688,80.79378,NA,NA,7.15711,NA,NA,NA,NA,NA,NA,46df0e37-f40e-476d-8c8d-a76c06d1b556,2026-02-20,20:43:32,2026-02-20T20:43:32Z,2026-02-20T20:43:32Z,NA,v3,CNE,NA,NA,"Rogers, Jacob",1000215913,Right,CAR_EAG,1a929052-5662-443c-8c58-d80f9790441b,53.96337,-118.03652,11.59045,5.23311,1.36714,-12.36115,-2.78215,3.3789,-2.14145,NA,NA,NA,NA,NA,NA,NA,NA,NA,NA,NA,NA,NA,NA,NA,NA,NA,NA,NA,NA,NA,NA,NA,NA,NA,NA,NA,NA,NA,NA,NA,NA,NA,NA,NA,NA,NA,NA,NA,NA,NA,NA,NA,NA,NA,NA,NA,NA,NA,NA,High,High,High,NA,NA,NA,NA,NA,NA,NA,NA,NA,NA,NA,NA,NA,NA,NA,NA,NA,NA,NA,NA,NA,NA,NA,NA,NA,NA,NA,NA,NA,NA,NA,NA,NA,NA,NA,NA,NA,NA,NA,NA,NA,NA,NA,NA,NA,NA,NA,NA
NA,NA,NA,NA,NA,NA,NA,NA,NA,NA,NA,NA,NA,NA,NA,NA,214,2026-02-20,15:44:24,5,1,"Adams, Kyle",1000370208,Right,CAR_EAG,"Lackey, Lleyton",813440,Left,LEN_BEA,Undefined,5,Top,1,0,0,Fastball,Slider,StrikeCalled,Undefined,Undefined,Undefined,0,0,NA,80.75525,-0.651811,-2.477472,2028.992293,206.051983,12:45:00,5.51938,2.60647,6.30647,-34.82266,7.11032,2.87319,2.01641,0.56202,74.59843,-7.125738,-1.95797,0.466068,NA,NA,NA,NA,NA,NA,NA,NA,NA,NA,NA,-2.1402,4.26264,-2.42595,50,5.45485,4.97524,-117.36915,-2.35414,-3.00354,20.9491,-26.19186,CAR_EAG,LEN_BEA,CarsonNewman,D2,Team,20260220-CarsonNewman-1,f2c8a9c0-0e9c-11f1-8304-27cb6f288688,80.87326,NA,NA,6.15682,NA,NA,NA,NA,NA,NA,46df0e37-f40e-476d-8c8d-a76c06d1b556,2026-02-20,20:44:24,2026-02-20T20:44:24Z,2026-02-20T20:44:24Z,NA,v3,CNE,NA,NA,"Rogers, Jacob",1000215913,Right,CAR_EAG,e486b584-bca5-4e81-9439-9e5300858424,54.19475,-118.11549,10.47455,5.5221,-1.42102,-13.09593,-2.60511,5.08225,-1.50177,NA,NA,NA,NA,NA,NA,NA,NA,NA,NA,NA,NA,NA,NA,NA,NA,NA,NA,NA,NA,NA,NA,NA,NA,NA,NA,NA,NA,NA,NA,NA,NA,NA,NA,NA,NA,NA,NA,NA,NA,NA,NA,NA,NA,NA,NA,NA,NA,NA,NA,High,High,High,NA,NA,NA,NA,NA,NA,NA,NA,NA,NA,NA,NA,NA,NA,NA,NA,NA,NA,NA,NA,NA,NA,NA,NA,NA,NA,NA,NA,NA,NA,NA,NA,NA,NA,NA,NA,NA,NA,NA,NA,NA,NA,NA,NA,NA,NA,NA,NA
NA,NA,NA,NA,NA,NA,NA,NA,NA,NA,NA,NA,NA,NA,NA,NA,215,2026-02-20,15:44:42,5,2,"Adams, Kyle",1000370208,Right,CAR_EAG,"Lackey, Lleyton",813440,Left,LEN_BEA,Undefined,5,Top,1,0,1,Slider,Slider,FoulBallNotFieldable,Undefined,Undefined,Undefined,0,0,NA,72.94768,1.968269,-1.25638,2242.220327,128.395574,10:15:00,5.26046,2.63689,5.6606,-48.48644,5.40272,-4.35118,3.05661,1.10246,65.83541,-7.007652,-2.033532,0.528351,NA,NA,NA,NA,NA,NA,NA,NA,NA,NA,NA,1.79732,2.62862,-2.52771,50,5.39664,2.47375,-105.68873,2.20155,1.99628,21.04033,-29.25441,CAR_EAG,LEN_BEA,CarsonNewman,D2,Team,20260220-CarsonNewman-1,fe37c1b0-0e9c-11f1-8304-27cb6f288688,71.33983,NA,NA,7.11226,NA,NA,NA,NA,NA,NA,46df0e37-f40e-476d-8c8d-a76c06d1b556,2026-02-20,20:44:42,2026-02-20T20:44:42Z,2026-02-20T20:44:42Z,NA,v3,CNE,NA,NA,"Rogers, Jacob",1000215913,Right,CAR_EAG,51b37e1f-e0c1-4c35-b2c8-3d8b35120bbe,54.83835,-106.64759,10.52017,5.26594,3.53474,-14.62721,-2.63837,2.38278,0.99814,NA,NA,NA,NA,NA,NA,NA,NA,NA,NA,NA,NA,NA,NA,NA,NA,NA,NA,NA,NA,NA,NA,NA,NA,NA,NA,NA,NA,NA,NA,NA,NA,NA,NA,NA,NA,NA,NA,NA,NA,NA,NA,NA,NA,NA,NA,NA,NA,NA,NA,High,High,High,NA,NA,NA,NA,NA,NA,NA,NA,NA,NA,NA,NA,NA,NA,NA,NA,NA,NA,NA,NA,NA,NA,NA,NA,NA,NA,NA,NA,NA,NA,NA,NA,NA,NA,NA,NA,NA,NA,NA,NA,NA,NA,NA,NA,NA,NA,NA,NA
NA,NA,NA,NA,NA,NA,NA,NA,NA,NA,NA,NA,NA,NA,NA,NA,216,2026-02-20,15:45:08,5,3,"Adams, Kyle",1000370208,Right,CAR_EAG,"Lackey, Lleyton",813440,Left,LEN_BEA,Undefined,5,Top,1,0,2,Slider,Curveball,BallCalled,Undefined,Undefined,Undefined,0,0,NA,73.80522,1.191281,-3.060671,2251.369394,52.316668,07:45:00,5.23662,2.61804,5.86148,-54.01393,-2.18433,-5.0378,1.84396,-0.648,67.54204,-8.72661,-3.962892,0.518156,NA,NA,NA,NA,NA,NA,NA,NA,NA,NA,NA,1.68059,-1.13949,-2.36643,50,5.30134,5.89373,-107.04831,0.64258,1.93112,20.16083,-33.48341,CAR_EAG,LEN_BEA,CarsonNewman,D2,Team,20260220-CarsonNewman-1,0cfb82e0-0e9d-11f1-8304-27cb6f288688,72.74346,NA,NA,6.26318,NA,NA,NA,NA,NA,NA,46df0e37-f40e-476d-8c8d-a76c06d1b556,2026-02-20,20:45:08,2026-02-20T20:45:08Z,2026-02-20T20:45:08Z,NA,v3,CNE,NA,NA,"Rogers, Jacob",1000215913,Right,CAR_EAG,d0d140fa-2e33-4625-9f7e-beb613cb8972,54.64198,-107.91901,10.08042,5.24236,2.08865,-16.7417,-2.61916,5.81033,0.96556,NA,NA,NA,NA,NA,NA,NA,NA,NA,NA,NA,NA,NA,NA,NA,NA,NA,NA,NA,NA,NA,NA,NA,NA,NA,NA,NA,NA,NA,NA,NA,NA,NA,NA,NA,NA,NA,NA,NA,NA,NA,NA,NA,NA,NA,NA,NA,NA,NA,NA,High,High,High,NA,NA,NA,NA,NA,NA,NA,NA,NA,NA,NA,NA,NA,NA,NA,NA,NA,NA,NA,NA,NA,NA,NA,NA,NA,NA,NA,NA,NA,NA,NA,NA,NA,NA,NA,NA,NA,NA,NA,NA,NA,NA,NA,NA,NA,NA,NA,NA
NA,NA,NA,NA,NA,NA,NA,NA,NA,NA,NA,NA,NA,NA,NA,NA,217,2026-02-20,15:45:27,5,4,"Adams, Kyle",1000370208,Right,CAR_EAG,"Lackey, Lleyton",813440,Left,LEN_BEA,Undefined,5,Top,1,1,2,ChangeUp,Splitter,FoulBallNotFieldable,Undefined,Undefined,Undefined,0,0,NA,76.27169,0.466479,-2.613592,911.235204,219.096369,01:15:00,5.32585,2.41545,6.00853,-41.87396,6.99811,4.1811,2.269,0.34074,68.60037,-7.350347,-1.86215,0.503155,NA,NA,NA,NA,NA,NA,NA,NA,NA,NA,NA,-3.05784,3.9461,-2.21233,50,5.33988,4.8939,-110.49672,-0.3077,-3.69417,23.88034,-27.40676,CAR_EAG,LEN_BEA,CarsonNewman,D2,Team,20260220-CarsonNewman-1,187b63b0-0e9d-11f1-8304-27cb6f288688,74.91219,NA,NA,7.67132,NA,NA,NA,NA,NA,NA,46df0e37-f40e-476d-8c8d-a76c06d1b556,2026-02-20,20:45:27,2026-02-20T20:45:27Z,2026-02-20T20:45:27Z,NA,v3,CNE,NA,NA,"Rogers, Jacob",1000215913,Right,CAR_EAG,8a004838-de93-42e5-87ca-fc53621dcfff,54.48991,-111.46285,11.94017,5.3299,0.8011,-13.70338,-2.41335,5.04336,-1.84709,NA,NA,NA,NA,NA,NA,NA,NA,NA,NA,NA,NA,NA,NA,NA,NA,NA,NA,NA,NA,NA,NA,NA,NA,NA,NA,NA,NA,NA,NA,NA,NA,NA,NA,NA,NA,NA,NA,NA,NA,NA,NA,NA,NA,NA,NA,NA,NA,NA,NA,High,High,High,NA,NA,NA,NA,NA,NA,NA,NA,NA,NA,NA,NA,NA,NA,NA,NA,NA,NA,NA,NA,NA,NA,NA,NA,NA,NA,NA,NA,NA,NA,NA,NA,NA,NA,NA,NA,NA,NA,NA,NA,NA,NA,NA,NA,NA,NA,NA,NA
NA,NA,NA,NA,NA,NA,NA,NA,NA,NA,NA,NA,NA,NA,NA,NA,218,2026-02-20,15:45:55,5,5,"Adams, Kyle",1000370208,Right,CAR_EAG,"Lackey, Lleyton",813440,Left,LEN_BEA,Undefined,5,Top,1,1,2,ChangeUp,Splitter,BallCalled,Undefined,Undefined,Undefined,0,0,NA,78.40371,-0.80617,-3.420034,850.295076,242.988652,02:00:00,5.6538,2.35937,5.94312,-39.84691,7.13977,10.14004,1.58402,0.02809,69.78365,-8.253618,-1.600095,0.493354,NA,NA,NA,NA,NA,NA,NA,NA,NA,NA,NA,-6.44288,4.555,-2.09198,50,5.56778,6.37921,-113.31521,-2.79652,-8.09312,27.24086,-26.45236,CAR_EAG,LEN_BEA,CarsonNewman,D2,Team,20260220-CarsonNewman-1,2941f9c0-0e9d-11f1-8304-27cb6f288688,76.40037,NA,NA,8.62007,NA,NA,NA,NA,NA,NA,46df0e37-f40e-476d-8c8d-a76c06d1b556,2026-02-20,20:45:55,2026-02-20T20:45:55Z,2026-02-20T20:45:55Z,NA,v3,CNE,NA,NA,"Rogers, Jacob",1000215913,Right,CAR_EAG,42b1bdeb-2dcb-48bf-8807-b6de5601a2d1,54.55157,-114.40417,13.62043,5.65844,-1.73907,-13.22618,-2.35346,6.70273,-4.04656,NA,NA,NA,NA,NA,NA,NA,NA,NA,NA,NA,NA,NA,NA,NA,NA,NA,NA,NA,NA,NA,NA,NA,NA,NA,NA,NA,NA,NA,NA,NA,NA,NA,NA,NA,NA,NA,NA,NA,NA,NA,NA,NA,NA,NA,NA,NA,NA,NA,NA,High,High,High,NA,NA,NA,NA,NA,NA,NA,NA,NA,NA,NA,NA,NA,NA,NA,NA,NA,NA,NA,NA,NA,NA,NA,NA,NA,NA,NA,NA,NA,NA,NA,NA,NA,NA,NA,NA,NA,NA,NA,NA,NA,NA,NA,NA,NA,NA,NA,NA
NA,NA,NA,NA,NA,NA,NA,NA,NA,NA,NA,NA,NA,NA,NA,NA,219,2026-02-20,15:46:19,5,6,"Adams, Kyle",1000370208,Right,CAR_EAG,"Lackey, Lleyton",813440,Left,LEN_BEA,Undefined,5,Top,1,2,2,ChangeUp,Changeup,BallCalled,Undefined,Undefined,Undefined,0,0,NA,75.97398,-1.381742,-4.498243,1024.939314,260.12062100000003,02:45:00,5.52379,2.51072,6.14729,-45.12589,3.64252,10.9526,0.4823,-0.74178,69.23115,-9.724766,-2.526948,0.502621,NA,NA,NA,NA,NA,NA,NA,NA,NA,NA,NA,-7.0502,2.87984,-2.17289,50,5.3956,8.26005,-109.94583,-3.96705,-8.51663,21.87732,-28.69518,CAR_EAG,LEN_BEA,CarsonNewman,D2,Team,20260220-CarsonNewman-1,37421cd0-0e9d-11f1-8304-27cb6f288688,74.99178,NA,NA,6.74283,NA,NA,NA,NA,NA,NA,46df0e37-f40e-476d-8c8d-a76c06d1b556,2026-02-20,20:46:19,2026-02-20T20:46:19Z,2026-02-20T20:46:19Z,NA,v3,CNE,NA,NA,"Rogers, Jacob",1000215913,Right,CAR_EAG,e87f2502-6988-454c-b11b-5cb70b277818,54.35185,-110.80839,10.93866,5.5297,-2.83569,-14.34759,-2.50518,8.59584,-4.25832,NA,NA,NA,NA,NA,NA,NA,NA,NA,NA,NA,NA,NA,NA,NA,NA,NA,NA,NA,NA,NA,NA,NA,NA,NA,NA,NA,NA,NA,NA,NA,NA,NA,NA,NA,NA,NA,NA,NA,NA,NA,NA,NA,NA,NA,NA,NA,NA,NA,NA,High,High,High,NA,NA,NA,NA,NA,NA,NA,NA,NA,NA,NA,NA,NA,NA,NA,NA,NA,NA,NA,NA,NA,NA,NA,NA,NA,NA,NA,NA,NA,NA,NA,NA,NA,NA,NA,NA,NA,NA,NA,NA,NA,NA,NA,NA,NA,NA,NA,NA
NA,NA,NA,NA,NA,NA,NA,NA,NA,NA,NA,NA,NA,NA,NA,NA,220,2026-02-20,15:46:41,5,7,"Adams, Kyle",1000370208,Right,CAR_EAG,"Lackey, Lleyton",813440,Left,LEN_BEA,Undefined,5,Top,1,3,2,Fastball,Slider,InPlay,Undefined,FlyBall,Error,0,0,NA,81.02507,-0.250533,-3.415676,2091.369497,202.832067,12:45:00,5.40222,2.30193,6.56162,-30.59454,10.66831,3.985,2.62257,-0.5013,74.76813,-5.99214,-2.693239,0.462329,78.44552,47.546066,7.08434,NA,109.99133,88.00409,-1.37822,243.66226,239.74064,-10.145856,4.890119,-3.01154,6.02457,-2.06804,50,5.37169,6.89591,-117.74891,-1.33849,-4.25446,21.05203,-23.66306,CAR_EAG,LEN_BEA,CarsonNewman,D2,Team,20260220-CarsonNewman-1,447fb330-0e9d-11f1-8304-27cb6f288688,81.52731,94.82066,NA,6.25694,NA,NA,NA,1.70109,2.24818,0.40033,46df0e37-f40e-476d-8c8d-a76c06d1b556,2026-02-20,20:46:41,2026-02-20T20:46:41Z,2026-02-20T20:46:41Z,FlyBall,v3,CNE,NA,NA,"Rogers, Jacob",1000215913,Right,CAR_EAG,49beeee4-cc26-487e-abae-c460f54c4d93,53.94156,-118.45151,10.52602,5.40318,-0.54875,-11.83153,-2.30056,7.0379,-2.12723,114.828714,1.68508,77.43219,-11.17012,4.64763,-3.03007,1.38103,-0.36479,0.04965,-0.00268,2.22639,85.38007,-25.21892,6.29192,-3.99903,1.76749,-0.44911,0.0591,-0.00312,0.43413,8.91636,-6.37551,-1.89472,2.56483,-1.06679,0.20413,-0.01617,2.9e-4,NA,NA,NA,NA,NA,NA,NA,NA,NA,NA,NA,NA,NA,NA,NA,NA,NA,NA,NA,NA,NA,NA,High,High,High,Low,Medium,NA,NA,NA,NA,NA,NA,NA,NA,NA,NA,NA,NA,NA,NA,NA,NA,NA,NA,NA,NA,NA,NA,NA,NA,NA,NA,NA,NA,NA,NA,NA,NA,NA,NA,NA,NA,NA,NA,NA,NA,NA,NA,NA,NA,NA,NA
NA,NA,NA,NA,NA,NA,NA,NA,NA,NA,NA,NA,NA,NA,NA,NA,221,2026-02-20,15:49:20,6,1,"Wilson, Alec",10092217,Right,CAR_EAG,"Wainwright, Mackenzie",694679,Right,LEN_BEA,Undefined,5,Top,1,0,0,Slider,Curveball,StrikeCalled,Undefined,Undefined,Undefined,0,0,NA,70.96226,2.638375,-1.68344,1916.578314,84.321633,08:45:00,5.9437,1.9656,5.07363,-58.57806,0.66063,-17.51485,3.5525,-1.08157,63.2607,-8.083891,-4.774292,0.553954,NA,NA,NA,NA,NA,NA,NA,NA,NA,NA,NA,7.94048,0.11626,-1.79165,50,6.14915,3.6924,-102.45577,2.84724,8.15961,22.16868,-32.05459,CAR_EAG,LEN_BEA,CarsonNewman,D2,Team,20260220-CarsonNewman-1,a3880210-0e9d-11f1-8304-27cb6f288688,68.04249,NA,NA,7.70156,NA,NA,NA,NA,NA,NA,46df0e37-f40e-476d-8c8d-a76c06d1b556,2026-02-20,20:49:20,2026-02-20T20:49:20Z,2026-02-20T20:49:20Z,NA,v3,CNE,NA,NA,"Rogers, Jacob",1000215913,Right,CAR_EAG,8351eb6a-739d-427f-be55-fa23a5558335,55.42209,-103.62233,11.08434,5.95494,4.53401,-16.0273,-1.97466,3.26303,4.0798,NA,NA,NA,NA,NA,NA,NA,NA,NA,NA,NA,NA,NA,NA,NA,NA,NA,NA,NA,NA,NA,NA,NA,NA,NA,NA,NA,NA,NA,NA,NA,NA,NA,NA,NA,NA,NA,NA,NA,NA,NA,NA,NA,NA,NA,NA,NA,NA,NA,NA,High,High,High,NA,NA,NA,NA,NA,NA,NA,NA,NA,NA,NA,NA,NA,NA,NA,NA,NA,NA,NA,NA,NA,NA,NA,NA,NA,NA,NA,NA,NA,NA,NA,NA,NA,NA,NA,NA,NA,NA,NA,NA,NA,NA,NA,NA,NA,NA,NA,NA
NA,NA,NA,NA,NA,NA,NA,NA,NA,NA,NA,NA,NA,NA,NA,NA,222,2026-02-20,15:49:41,6,2,"Wilson, Alec",10092217,Right,CAR_EAG,"Wainwright, Mackenzie",694679,Right,LEN_BEA,Undefined,5,Top,1,0,1,Slider,Curveball,BallCalled,Undefined,Undefined,Undefined,0,0,NA,71.82361,1.843102,-2.273897,2058.347956,71.104131,08:15:00,5.76665,1.8576,5.19266,-60.50645,-2.9939,-15.5091,2.46026,-1.57506,64.27458,-9.202936,-5.018459,0.545824,NA,NA,NA,NA,NA,NA,NA,NA,NA,NA,NA,6.80315,-1.44413,-1.63445,50,5.89296,4.71679,-103.7745,1.39235,7.17065,22.77294,-33.6962,CAR_EAG,LEN_BEA,CarsonNewman,D2,Team,20260220-CarsonNewman-1,aff85d60-0e9d-11f1-8304-27cb6f288688,69.05602,NA,NA,7.54903,NA,NA,NA,NA,NA,NA,46df0e37-f40e-476d-8c8d-a76c06d1b556,2026-02-20,20:49:41,2026-02-20T20:49:41Z,2026-02-20T20:49:41Z,NA,v3,CNE,NA,NA,"Rogers, Jacob",1000215913,Right,CAR_EAG,8d60b497-1926-4951-b0c9-1af13d2fff17,55.30466,-104.93213,11.38647,5.77865,3.10525,-16.8481,-1.86496,4.35229,3.58532,NA,NA,NA,NA,NA,NA,NA,NA,NA,NA,NA,NA,NA,NA,NA,NA,NA,NA,NA,NA,NA,NA,NA,NA,NA,NA,NA,NA,NA,NA,NA,NA,NA,NA,NA,NA,NA,NA,NA,NA,NA,NA,NA,NA,NA,NA,NA,NA,NA,NA,High,High,High,NA,NA,NA,NA,NA,NA,NA,NA,NA,NA,NA,NA,NA,NA,NA,NA,NA,NA,NA,NA,NA,NA,NA,NA,NA,NA,NA,NA,NA,NA,NA,NA,NA,NA,NA,NA,NA,NA,NA,NA,NA,NA,NA,NA,NA,NA,NA,NA
NA,NA,NA,NA,NA,NA,NA,NA,NA,NA,NA,NA,NA,NA,NA,NA,223,2026-02-20,15:50:04,6,3,"Wilson, Alec",10092217,Right,CAR_EAG,"Wainwright, Mackenzie",694679,Right,LEN_BEA,Undefined,5,Top,1,1,1,ChangeUp,Changeup,BallCalled,Undefined,Undefined,Undefined,0,0,NA,73.46774,2.806826,-2.000652,1553.482827,248.162878,02:15:00,5.74424,2.04314,6.13339,-44.64585,7.92158,14.76044,4.62178,1.42322,65.68055,-5.584259,0.656815,0.521831,NA,NA,NA,NA,NA,NA,NA,NA,NA,NA,NA,-8.18445,3.75429,-1.89715,50,5.93663,3.1827,-106.33208,3.99118,-9.1537,22.16283,-27.97514,CAR_EAG,LEN_BEA,CarsonNewman,D2,Team,20260220-CarsonNewman-1,bdbfe440-0e9d-11f1-8304-27cb6f288688,72.23115,NA,NA,7.78719,NA,NA,NA,NA,NA,NA,46df0e37-f40e-476d-8c8d-a76c06d1b556,2026-02-20,20:50:04,2026-02-20T20:50:04Z,2026-02-20T20:50:04Z,NA,v3,CNE,NA,NA,"Rogers, Jacob",1000215913,Right,CAR_EAG,b76414c3-73d0-4606-b399-73e243b6204b,54.36201,-107.2374,11.08142,5.75025,5.13393,-13.98757,-2.03479,3.55662,-4.57685,NA,NA,NA,NA,NA,NA,NA,NA,NA,NA,NA,NA,NA,NA,NA,NA,NA,NA,NA,NA,NA,NA,NA,NA,NA,NA,NA,NA,NA,NA,NA,NA,NA,NA,NA,NA,NA,NA,NA,NA,NA,NA,NA,NA,NA,NA,NA,NA,NA,NA,High,High,High,NA,NA,NA,NA,NA,NA,NA,NA,NA,NA,NA,NA,NA,NA,NA,NA,NA,NA,NA,NA,NA,NA,NA,NA,NA,NA,NA,NA,NA,NA,NA,NA,NA,NA,NA,NA,NA,NA,NA,NA,NA,NA,NA,NA,NA,NA,NA,NA
NA,NA,NA,NA,NA,NA,NA,NA,NA,NA,NA,NA,NA,NA,NA,NA,224,2026-02-20,15:50:26,6,4,"Wilson, Alec",10092217,Right,CAR_EAG,"Wainwright, Mackenzie",694679,Right,LEN_BEA,Undefined,5,Top,1,2,1,Fastball,Changeup,BallCalled,Undefined,Undefined,Undefined,0,0,NA,82.47998,0.861682,-2.501101,1962.175269,199.906707,12:45:00,5.81433,1.78358,5.56408,-22.65422,20.00749,6.64091,4.73233,-0.00113,73.43727,-3.468873,-1.318702,0.4701,NA,NA,NA,NA,NA,NA,NA,NA,NA,NA,NA,-4.17937,10.22871,-1.57188,50,5.87441,4.92444,-119.27159,1.15594,-5.87518,28.0963,-17.79493,CAR_EAG,LEN_BEA,CarsonNewman,D2,Team,20260220-CarsonNewman-1,ca9eb8d0-0e9d-11f1-8304-27cb6f288688,80.17955,NA,NA,9.04271,NA,NA,NA,NA,NA,NA,46df0e37-f40e-476d-8c8d-a76c06d1b556,2026-02-20,20:50:26,2026-02-20T20:50:26Z,2026-02-20T20:50:26Z,NA,v3,CNE,NA,NA,"Rogers, Jacob",1000215913,Right,CAR_EAG,7b956ea7-1e14-4817-a6e0-fc6ddd1cbae5,54.92913,-120.42712,14.04815,5.81182,1.88781,-8.89746,-1.77938,5.16607,-2.93759,NA,NA,NA,NA,NA,NA,NA,NA,NA,NA,NA,NA,NA,NA,NA,NA,NA,NA,NA,NA,NA,NA,NA,NA,NA,NA,NA,NA,NA,NA,NA,NA,NA,NA,NA,NA,NA,NA,NA,NA,NA,NA,NA,NA,NA,NA,NA,NA,NA,NA,High,High,High,NA,NA,NA,NA,NA,NA,NA,NA,NA,NA,NA,NA,NA,NA,NA,NA,NA,NA,NA,NA,NA,NA,NA,NA,NA,NA,NA,NA,NA,NA,NA,NA,NA,NA,NA,NA,NA,NA,NA,NA,NA,NA,NA,NA,NA,NA,NA,NA
NA,NA,NA,NA,NA,NA,NA,NA,NA,NA,NA,NA,NA,NA,NA,NA,225,2026-02-20,15:50:46,6,5,"Wilson, Alec",10092217,Right,CAR_EAG,"Wainwright, Mackenzie",694679,Right,LEN_BEA,Undefined,5,Top,1,3,1,Fastball,Changeup,FoulBallNotFieldable,Undefined,Undefined,Undefined,0,0,NA,81.21182,-0.109132,-2.492447,1890.31324,216.121314,01:15:00,5.72093,1.88826,5.85969,-26.32249,16.37025,10.89847,3.4259,0.47933,73.79845,-5.065411,-0.539743,0.470271,NA,NA,NA,NA,NA,NA,NA,NA,NA,NA,NA,-6.31048,8.82437,-1.69231,50,5.69684,4.70494,-117.80444,-0.98908,-8.81155,23.70946,-19.85228,CAR_EAG,LEN_BEA,CarsonNewman,D2,Team,20260220-CarsonNewman-1,d6c9cdc0-0e9d-11f1-8304-27cb6f288688,80.15042,NA,NA,7.41337,NA,NA,NA,NA,NA,NA,46df0e37-f40e-476d-8c8d-a76c06d1b556,2026-02-20,20:50:46,2026-02-20T20:50:46Z,2026-02-20T20:50:46Z,NA,v3,CNE,NA,NA,"Rogers, Jacob",1000215913,Right,CAR_EAG,abd3a312-feb1-47d9-b8a0-5426e77a1ac8,54.63968,-118.73455,11.85473,5.72037,-0.21029,-9.92614,-1.88367,5.05062,-4.40577,NA,NA,NA,NA,NA,NA,NA,NA,NA,NA,NA,NA,NA,NA,NA,NA,NA,NA,NA,NA,NA,NA,NA,NA,NA,NA,NA,NA,NA,NA,NA,NA,NA,NA,NA,NA,NA,NA,NA,NA,NA,NA,NA,NA,NA,NA,NA,NA,NA,NA,High,High,High,NA,NA,NA,NA,NA,NA,NA,NA,NA,NA,NA,NA,NA,NA,NA,NA,NA,NA,NA,NA,NA,NA,NA,NA,NA,NA,NA,NA,NA,NA,NA,NA,NA,NA,NA,NA,NA,NA,NA,NA,NA,NA,NA,NA,NA,NA,NA,NA
NA,NA,NA,NA,NA,NA,NA,NA,NA,NA,NA,NA,NA,NA,NA,NA,226,2026-02-20,15:51:16,6,6,"Wilson, Alec",10092217,Right,CAR_EAG,"Wainwright, Mackenzie",694679,Right,LEN_BEA,Undefined,5,Top,1,3,2,Slider,Curveball,FoulBallNotFieldable,Undefined,Undefined,Undefined,0,0,NA,71.11385,1.723527,-1.425461,2055.192238,76.489118,08:30:00,5.66651,1.82418,5.20721,-57.34416,-0.0678,-8.37516,2.50975,-0.21463,64.87911,-8.714341,-2.909855,0.544702,65.99529,47.15845,120.149292,4523.167245,NA,NA,NA,NA,20.69572,NA,NA,3.75536,-0.04047,-1.68558,50,5.78281,2.8698,-103.06923,1.3032,3.99606,18.85871,-32.21711,CAR_EAG,LEN_BEA,CarsonNewman,D2,Team,20260220-CarsonNewman-1,e8c64bc0-0e9d-11f1-8304-27cb6f288688,69.19823,23.19322,NA,6.23474,NA,NA,NA,1.07951,2.25956,0.10759,46df0e37-f40e-476d-8c8d-a76c06d1b556,2026-02-20,20:51:16,2026-02-20T20:51:16Z,2026-02-20T20:51:16Z,NA,v3,CNE,NA,NA,"Rogers, Jacob",1000215913,Right,CAR_EAG,c9cfbe22-3954-48de-9b25-e46cc381d975,55.29403,-104.03337,9.42936,5.67408,2.95029,-16.10855,-1.82708,2.6655,1.99803,314.085518,1.08382,-33.22899,-1.84583,NA,NA,NA,NA,NA,NA,2.26831,70.62718,-26.94291,NA,NA,NA,NA,NA,NA,0.11586,56.58626,-13.03769,NA,NA,NA,NA,NA,NA,NA,NA,NA,NA,NA,NA,NA,NA,NA,NA,NA,NA,NA,NA,NA,NA,NA,NA,NA,NA,NA,NA,High,High,High,High,Undefined,NA,NA,NA,NA,NA,NA,NA,NA,NA,NA,NA,NA,NA,NA,NA,NA,NA,NA,NA,NA,NA,NA,NA,NA,NA,NA,NA,NA,NA,NA,NA,NA,NA,NA,NA,NA,NA,NA,NA,NA,NA,NA,NA,NA,NA,NA
NA,NA,NA,NA,NA,NA,NA,NA,NA,NA,NA,NA,NA,NA,NA,NA,227,2026-02-20,15:51:43,6,7,"Wilson, Alec",10092217,Right,CAR_EAG,"Wainwright, Mackenzie",694679,Right,LEN_BEA,Undefined,5,Top,1,3,2,Slider,Curveball,BallCalled,Walk,Undefined,Undefined,0,1,NA,70.86733,0.565025,-1.553274,2064.808927,66.055259,08:15:00,5.62038,1.73688,5.29434,-61.96181,-4.74654,-14.82631,0.98764,-0.95745,65.34602,-10.638336,-4.189532,0.544412,NA,NA,NA,NA,NA,NA,NA,NA,NA,NA,NA,6.96103,-1.98102,-1.58431,50,5.62665,3.32327,-102.84254,-0.93426,7.40086,18.2163,-34.28026,CAR_EAG,LEN_BEA,CarsonNewman,D2,Team,20260220-CarsonNewman-1,f8881c00-0e9d-11f1-8304-27cb6f288688,69.23518,NA,NA,5.52131,NA,NA,NA,NA,NA,NA,46df0e37-f40e-476d-8c8d-a76c06d1b556,2026-02-20,20:51:43,2026-02-20T20:51:43Z,2026-02-20T20:51:43Z,NA,v3,CNE,NA,NA,"Rogers, Jacob",1000215913,Right,CAR_EAG,330ea724-3c6d-482c-a61b-413a764b41b8,55.20878,-103.76106,9.10815,5.63018,0.79426,-17.14013,-1.74248,2.95009,3.70043,NA,NA,NA,NA,NA,NA,NA,NA,NA,NA,NA,NA,NA,NA,NA,NA,NA,NA,NA,NA,NA,NA,NA,NA,NA,NA,NA,NA,NA,NA,NA,NA,NA,NA,NA,NA,NA,NA,NA,NA,NA,NA,NA,NA,NA,NA,NA,NA,NA,NA,High,High,High,NA,NA,NA,NA,NA,NA,NA,NA,NA,NA,NA,NA,NA,NA,NA,NA,NA,NA,NA,NA,NA,NA,NA,NA,NA,NA,NA,NA,NA,NA,NA,NA,NA,NA,NA,NA,NA,NA,NA,NA,NA,NA,NA,NA,NA,NA,NA,NA
NA,NA,NA,NA,NA,NA,NA,NA,NA,NA,NA,NA,NA,NA,NA,NA,228,2026-02-20,15:52:17,7,1,"Wilson, Alec",10092217,Right,CAR_EAG,"Procopio, Matthew",10069634,Right,LEN_BEA,Undefined,5,Top,1,0,0,Fastball,Changeup,InPlay,Undefined,GroundBall,Out,2,0,NA,81.45075,-1.131519,-2.581287,1968.0997,225.985071,01:30:00,5.73208,1.75329,5.83866,-27.88234,14.3017,13.42198,2.35566,0.47099,74.68705,-6.331777,-0.176043,0.467461,80.72945,-10.750405,-15.955743,NA,NA,NA,NA,12.72242,12.50233,-18.504118,0.099784,-7.60493,8.02445,-1.55088,50,5.62335,4.81737,-118.22961,-3.1783,-10.77531,22.32553,-20.80433,CAR_EAG,LEN_BEA,CarsonNewman,D2,Team,20260220-CarsonNewman-1,0d1c0dc0-0e9e-11f1-8304-27cb6f288688,80.63224,2.28617,NA,6.7637,NA,NA,NA,0.98991,2.28617,-0.64487,46df0e37-f40e-476d-8c8d-a76c06d1b556,2026-02-20,20:52:17,2026-02-20T20:52:17Z,2026-02-20T20:52:17Z,GroundBall,v3,CNE,NA,NA,"Rogers, Jacob",1000215913,Right,CAR_EAG,764556bb-ca99-45a9-a33d-0da3d98c5a76,54.66282,-119.10684,11.16276,5.73217,-2.36084,-10.40217,-1.74849,5.24076,-5.38766,104.925046,0.98983,111.85499,-8.67668,NA,NA,NA,NA,NA,NA,2.28619,-22.08902,-8.25584,NA,NA,NA,NA,NA,NA,-0.64481,-31.98471,-20.23125,NA,NA,NA,NA,NA,NA,NA,NA,NA,NA,NA,NA,NA,NA,NA,NA,NA,NA,NA,NA,NA,NA,NA,NA,NA,NA,NA,NA,High,High,High,High,High,NA,NA,NA,NA,NA,NA,NA,NA,NA,NA,NA,NA,NA,NA,NA,NA,NA,NA,NA,NA,NA,NA,NA,NA,NA,NA,NA,NA,NA,NA,NA,NA,NA,NA,NA,NA,NA,NA,NA,NA,NA,NA,NA,NA,NA,NA
NA,NA,NA,NA,NA,NA,NA,NA,NA,NA,NA,NA,NA,NA,NA,NA,229,2026-02-20,15:54:34,1,1,"Burnley, Michael",10109139,Right,LEN_BEA,"Floyd, Logan",1000148156,Right,CAR_EAG,Undefined,5,Bottom,0,0,0,Fastball,Four-Seam,BallCalled,Undefined,Undefined,Undefined,0,0,NA,87.6828,-0.774503,-1.777868,2334.995622,186.205439,12:15:00,6.0934,0.87822,5.96157,-15.88666,20.53403,2.10118,4.05093,-0.59583,79.67762,-3.833117,-1.400612,0.434356,NA,NA,NA,NA,NA,NA,NA,NA,NA,NA,NA,-1.58724,11.08694,-0.7382,50,6.02288,3.86055,-127.24184,-2.13375,-2.58989,27.26215,-14.08354,CAR_EAG,LEN_BEA,CarsonNewman,D2,Team,20260220-CarsonNewman-1,5e3e2a30-0e9e-11f1-8304-27cb6f288688,86.77781,NA,NA,8.00518,NA,NA,NA,NA,NA,NA,46df0e37-f40e-476d-8c8d-a76c06d1b556,2026-02-20,20:54:34,2026-02-20T20:54:34Z,2026-02-20T20:54:34Z,NA,v3,CNE,NA,NA,"Christmas, Seth",1000191967,Right,LEN_BEA,82301fd5-679b-483b-843e-b6b9fd9f2138,54.53606,-128.21003,13.63107,6.08977,-1.63358,-7.04177,-0.87693,3.95252,-1.29494,NA,NA,NA,NA,NA,NA,NA,NA,NA,NA,NA,NA,NA,NA,NA,NA,NA,NA,NA,NA,NA,NA,NA,NA,NA,NA,NA,NA,NA,NA,NA,NA,NA,NA,NA,NA,NA,NA,NA,NA,NA,NA,NA,NA,NA,NA,NA,NA,NA,NA,High,High,High,NA,NA,NA,NA,NA,NA,NA,NA,NA,NA,NA,NA,NA,NA,NA,NA,NA,NA,NA,NA,NA,NA,NA,NA,NA,NA,NA,NA,NA,NA,NA,NA,NA,NA,NA,NA,NA,NA,NA,NA,NA,NA,NA,NA,NA,NA,NA,NA
NA,NA,NA,NA,NA,NA,NA,NA,NA,NA,NA,NA,NA,NA,NA,NA,230,2026-02-20,15:54:49,1,2,"Burnley, Michael",10109139,Right,LEN_BEA,"Floyd, Logan",1000148156,Right,CAR_EAG,Undefined,5,Bottom,0,1,0,Fastball,Four-Seam,StrikeCalled,Undefined,Undefined,Undefined,0,0,NA,87.57299,-1.792725,-2.722854,2302.387825,191.295258,12:30:00,5.92323,0.79739,6.12352,-18.9493,16.80694,3.15528,2.68437,-1.45878,81.03285,-5.361,-2.155042,0.430375,NA,NA,NA,NA,NA,NA,NA,NA,NA,NA,NA,-2.29047,9.44327,-0.59044,50,5.77572,5.92512,-127.22143,-4.53501,-3.80066,23.0542,-16.50439,CAR_EAG,LEN_BEA,CarsonNewman,D2,Team,20260220-CarsonNewman-1,67c93fe0-0e9e-11f1-8304-27cb6f288688,87.58044,NA,NA,6.54014,NA,NA,NA,NA,NA,NA,46df0e37-f40e-476d-8c8d-a76c06d1b556,2026-02-20,20:54:49,2026-02-20T20:54:49Z,2026-02-20T20:54:49Z,NA,v3,CNE,NA,NA,"Christmas, Seth",1000191967,Right,LEN_BEA,c2b1150d-f69d-4712-bbfe-6b12b34f21a7,54.37774,-128.01228,11.5271,5.92157,-3.96885,-8.2522,-0.79593,6.05549,-1.90033,NA,NA,NA,NA,NA,NA,NA,NA,NA,NA,NA,NA,NA,NA,NA,NA,NA,NA,NA,NA,NA,NA,NA,NA,NA,NA,NA,NA,NA,NA,NA,NA,NA,NA,NA,NA,NA,NA,NA,NA,NA,NA,NA,NA,NA,NA,NA,NA,NA,NA,High,High,High,NA,NA,NA,NA,NA,NA,NA,NA,NA,NA,NA,NA,NA,NA,NA,NA,NA,NA,NA,NA,NA,NA,NA,NA,NA,NA,NA,NA,NA,NA,NA,NA,NA,NA,NA,NA,NA,NA,NA,NA,NA,NA,NA,NA,NA,NA,NA,NA
NA,NA,NA,NA,NA,NA,NA,NA,NA,NA,NA,NA,NA,NA,NA,NA,231,2026-02-20,15:55:07,1,3,"Burnley, Michael",10109139,Right,LEN_BEA,"Floyd, Logan",1000148156,Right,CAR_EAG,Undefined,5,Bottom,0,1,1,ChangeUp,Splitter,StrikeSwinging,Undefined,Undefined,Undefined,0,0,NA,83.4944,-1.526636,-1.75382,1113.604305,233.875639,01:45:00,5.78885,0.63798,6.02451,-33.22147,6.81508,7.54402,1.60542,-0.35826,76.41993,-7.687218,-0.395038,0.455407,NA,NA,NA,NA,NA,NA,NA,NA,NA,NA,NA,-4.39095,4.35114,-0.50471,50,5.65131,3.418,-121.20745,-4.28343,-6.50322,24.67055,-25.72975,CAR_EAG,LEN_BEA,CarsonNewman,D2,Team,20260220-CarsonNewman-1,72403c30-0e9e-11f1-8304-27cb6f288688,82.76648,NA,NA,7.07447,NA,NA,NA,NA,NA,NA,46df0e37-f40e-476d-8c8d-a76c06d1b556,2026-02-20,20:55:07,2026-02-20T20:55:07Z,2026-02-20T20:55:07Z,NA,v3,CNE,NA,NA,"Christmas, Seth",1000191967,Right,LEN_BEA,b31edee1-0242-4914-9186-7b9efd49986c,54.47577,-122.11505,12.33528,5.79148,-3.33686,-12.86487,-0.63485,3.65724,-3.25161,NA,NA,NA,NA,NA,NA,NA,NA,NA,NA,NA,NA,NA,NA,NA,NA,NA,NA,NA,NA,NA,NA,NA,NA,NA,NA,NA,NA,NA,NA,NA,NA,NA,NA,NA,NA,NA,NA,NA,NA,NA,NA,NA,NA,NA,NA,NA,NA,NA,NA,High,High,High,NA,NA,NA,NA,NA,NA,NA,NA,NA,NA,NA,NA,NA,NA,NA,NA,NA,NA,NA,NA,NA,NA,NA,NA,NA,NA,NA,NA,NA,NA,NA,NA,NA,NA,NA,NA,NA,NA,NA,NA,NA,NA,NA,NA,NA,NA,NA,NA
NA,NA,NA,NA,NA,NA,NA,NA,NA,NA,NA,NA,NA,NA,NA,NA,232,2026-02-20,15:55:28,1,4,"Burnley, Michael",10109139,Right,LEN_BEA,"Floyd, Logan",1000148156,Right,CAR_EAG,Undefined,5,Bottom,0,1,2,Slider,Slider,BallCalled,Undefined,Undefined,Undefined,0,0,NA,78.58523,-1.144581,0.026721,2390.319087,113.572884,09:45:00,5.93706,0.60582,5.6002,-38.4899,7.62855,-13.87973,1.66083,-0.52587,71.72494,-8.228747,-2.454963,0.488775,NA,NA,NA,NA,NA,NA,NA,NA,NA,NA,NA,7.01166,4.70032,-0.59906,50,5.81433,0.48943,-114.00975,-3.50856,9.1419,22.80308,-26.0457,CAR_EAG,LEN_BEA,CarsonNewman,D2,Team,20260220-CarsonNewman-1,7e9b88e0-0e9e-11f1-8304-27cb6f288688,77.11616,NA,NA,6.8603,NA,NA,NA,NA,NA,NA,46df0e37-f40e-476d-8c8d-a76c06d1b556,2026-02-20,20:55:28,2026-02-20T20:55:28Z,2026-02-20T20:55:28Z,NA,v3,CNE,NA,NA,"Christmas, Seth",1000191967,Right,LEN_BEA,7e5092cf-8bc5-4d04-9c8e-040a4cc0d839,54.89901,-114.98542,11.40154,5.94061,-2.39414,-13.02285,-0.61163,0.09827,4.57095,NA,NA,NA,NA,NA,NA,NA,NA,NA,NA,NA,NA,NA,NA,NA,NA,NA,NA,NA,NA,NA,NA,NA,NA,NA,NA,NA,NA,NA,NA,NA,NA,NA,NA,NA,NA,NA,NA,NA,NA,NA,NA,NA,NA,NA,NA,NA,NA,NA,NA,High,High,High,NA,NA,NA,NA,NA,NA,NA,NA,NA,NA,NA,NA,NA,NA,NA,NA,NA,NA,NA,NA,NA,NA,NA,NA,NA,NA,NA,NA,NA,NA,NA,NA,NA,NA,NA,NA,NA,NA,NA,NA,NA,NA,NA,NA,NA,NA,NA,NA
NA,NA,NA,NA,NA,NA,NA,NA,NA,NA,NA,NA,NA,NA,NA,NA,233,2026-02-20,15:55:47,1,5,"Burnley, Michael",10109139,Right,LEN_BEA,"Floyd, Logan",1000148156,Right,CAR_EAG,Undefined,5,Bottom,0,2,2,ChangeUp,Changeup,BallCalled,Undefined,Undefined,Undefined,0,0,NA,84.74632,-4.268329,-1.874945,1277.690681,240.206138,02:00:00,6.15425,0.58307,5.97331,-31.20679,7.87847,11.52284,-0.41294,-0.19557,77.93974,-10.002849,0.201135,0.449964,NA,NA,NA,NA,NA,NA,NA,NA,NA,NA,NA,-6.55666,5.63756,-0.44134,50,5.79804,3.58277,-122.76679,-10.16121,-9.96387,25.27171,-23.60685,CAR_EAG,LEN_BEA,CarsonNewman,D2,Team,20260220-CarsonNewman-1,89cea940-0e9e-11f1-8304-27cb6f288688,83.76764,NA,NA,6.80657,NA,NA,NA,NA,NA,NA,46df0e37-f40e-476d-8c8d-a76c06d1b556,2026-02-20,20:55:47,2026-02-20T20:55:47Z,2026-02-20T20:55:47Z,NA,v3,CNE,NA,NA,"Christmas, Seth",1000191967,Right,LEN_BEA,3e81e423-c800-41d6-9b16-7c95700e9297,54.5296,-123.6957,12.63586,6.15559,-9.2935,-11.80343,-0.57976,3.94901,-4.98194,NA,NA,NA,NA,NA,NA,NA,NA,NA,NA,NA,NA,NA,NA,NA,NA,NA,NA,NA,NA,NA,NA,NA,NA,NA,NA,NA,NA,NA,NA,NA,NA,NA,NA,NA,NA,NA,NA,NA,NA,NA,NA,NA,NA,NA,NA,NA,NA,NA,NA,High,High,High,NA,NA,NA,NA,NA,NA,NA,NA,NA,NA,NA,NA,NA,NA,NA,NA,NA,NA,NA,NA,NA,NA,NA,NA,NA,NA,NA,NA,NA,NA,NA,NA,NA,NA,NA,NA,NA,NA,NA,NA,NA,NA,NA,NA,NA,NA,NA,NA
NA,NA,NA,NA,NA,NA,NA,NA,NA,NA,NA,NA,NA,NA,NA,NA,234,2026-02-20,15:56:12,1,6,"Burnley, Michael",10109139,Right,LEN_BEA,"Floyd, Logan",1000148156,Right,CAR_EAG,Undefined,5,Bottom,0,3,2,Slider,Slider,StrikeCalled,Strikeout,Undefined,Undefined,0,0,NA,78.96935,-0.21122,-0.983272,2314.799172,95.382902,09:15:00,5.87879,0.70237,5.53899,-42.56183,2.36685,-11.84741,2.13452,-1.20405,73.38738,-7.96384,-3.097831,0.482429,NA,NA,NA,NA,NA,NA,NA,NA,NA,NA,NA,5.76044,1.63705,-0.60898,50,5.83198,2.42529,-114.81862,-1.83778,7.76454,19.32551,-29.96746,CAR_EAG,LEN_BEA,CarsonNewman,D2,Team,20260220-CarsonNewman-1,99327b00-0e9e-11f1-8304-27cb6f288688,78.13059,NA,NA,5.58197,NA,NA,NA,NA,NA,NA,46df0e37-f40e-476d-8c8d-a76c06d1b556,2026-02-20,20:56:12,2026-02-20T20:56:12Z,2026-02-20T20:56:12Z,NA,v3,CNE,NA,NA,"Christmas, Seth",1000191967,Right,LEN_BEA,a547b757-1423-43a0-8442-6b003a1bca96,54.96404,-115.65112,9.66275,5.88334,-0.54686,-14.98373,-0.70625,2.09082,3.88227,NA,NA,NA,NA,NA,NA,NA,NA,NA,NA,NA,NA,NA,NA,NA,NA,NA,NA,NA,NA,NA,NA,NA,NA,NA,NA,NA,NA,53.85688,2.600915,1.237146,1.36377,-0.70822,1.83054,1.32062,-2.93792,4.83252,3.07624,66.93733,9.71736,-57.86202,-2.85715,55.64215,-3.26635,4.94041,24.0369,-15.04387,3.00031,-48.72243,2.99537,High,High,High,NA,NA,High,High,High,NA,NA,NA,NA,NA,NA,NA,NA,NA,NA,NA,NA,NA,NA,NA,NA,NA,NA,NA,NA,NA,NA,NA,NA,NA,NA,NA,NA,NA,NA,NA,NA,NA,NA,NA,NA,NA,NA,NA,NA,NA,NA,NA
NA,NA,NA,NA,NA,NA,NA,NA,NA,NA,NA,NA,NA,NA,NA,NA,235,2026-02-20,15:56:45,2,1,"Burnley, Michael",10109139,Right,LEN_BEA,"Nathan, Cole",1000323259,Right,CAR_EAG,Undefined,5,Bottom,1,0,0,ChangeUp,Splitter,InPlay,Undefined,LineDrive,Single,0,0,NA,84.28723,-1.93809,-2.518028,1230.449086,205.697334,12:45:00,5.98298,0.85352,6.28179,-25.83557,13.27123,5.74158,2.04124,-0.99041,76.70694,-6.806995,-1.480567,0.450088,70.19291,18.535642,-1.554719,1323.805694,109.99565,19.28779,-0.92423,191.07043,191.07043,-0.428815,2.313981,-3.76595,7.88374,-0.67039,50,5.82727,5.1624,-122.27543,-4.87834,-5.65004,26.14276,-20.34607,CAR_EAG,LEN_BEA,CarsonNewman,D2,Team,20260220-CarsonNewman-1,acabd500-0e9e-11f1-8304-27cb6f288688,83.74456,19.53023,NA,7.58029,NA,NA,NA,2.08906,2.17333,1.0097,46df0e37-f40e-476d-8c8d-a76c06d1b556,2026-02-20,20:56:45,2026-02-20T20:56:45Z,2026-02-20T20:56:45Z,LineDrive,v3,CNE,NA,NA,"Christmas, Seth",1000191967,Right,LEN_BEA,a726999f-2145-4b6e-be01-076a7f29e679,54.21852,-123.17405,13.07138,5.98294,-4.17897,-10.17303,-0.85118,5.35661,-2.82502,199.728001,2.08914,97.56942,-8.92488,1.2858,-0.11966,-0.07665,0.01953,0.00544,-0.00165,2.17331,32.7277,-16.26702,0.86056,-0.08181,-0.02228,0.04597,-0.01919,0.00258,1.00971,-2.64932,1.3857,-0.5976,0.16223,-0.00843,-0.00591,0.00176,-1.6e-4,NA,NA,NA,NA,NA,NA,NA,NA,NA,NA,NA,NA,NA,NA,NA,NA,NA,NA,NA,NA,NA,NA,High,High,High,High,High,NA,NA,NA,NA,NA,NA,NA,NA,NA,NA,NA,NA,NA,NA,NA,NA,NA,NA,NA,NA,NA,NA,NA,NA,NA,NA,NA,NA,NA,NA,NA,NA,NA,NA,NA,NA,NA,NA,NA,NA,NA,NA,NA,NA,NA,NA
NA,NA,NA,NA,NA,NA,NA,NA,NA,NA,NA,NA,NA,NA,NA,NA,236,2026-02-20,15:57:17,3,1,"Burnley, Michael",10109139,Right,LEN_BEA,"Soto Diaz, Bradley",1000475324,Right,CAR_EAG,Undefined,5,Bottom,1,0,0,Fastball,Four-Seam,FoulBallNotFieldable,Undefined,Undefined,Undefined,0,0,NA,90.15248,-2.114725,-1.779246,2288.684875,203.943184,12:45:00,5.96021,0.49347,6.34907,-17.36619,16.07422,6.71524,2.56452,-0.58532,83.35419,-5.404778,-0.563924,0.416205,NA,NA,NA,NA,NA,NA,NA,NA,NA,NA,NA,-3.95142,9.21268,-0.36733,50,5.79812,3.8091,-131.08019,-5.3337,-6.95095,24.83591,-15.96792,CAR_EAG,LEN_BEA,CarsonNewman,D2,Team,20260220-CarsonNewman-1,bf742e80-0e9e-11f1-8304-27cb6f288688,90.56221,NA,NA,6.79829,NA,NA,NA,NA,NA,NA,46df0e37-f40e-476d-8c8d-a76c06d1b556,2026-02-20,20:57:17,2026-02-20T20:57:17Z,2026-02-20T20:57:17Z,NA,v3,CNE,NA,NA,"Christmas, Seth",1000191967,Right,LEN_BEA,3af127c6-cadd-4f7b-897e-bcb64b700411,54.15317,-131.86475,12.41795,5.95865,-4.82928,-7.98396,-0.49112,4.02868,-3.47548,NA,NA,NA,NA,NA,NA,NA,NA,NA,NA,NA,NA,NA,NA,NA,NA,NA,NA,NA,NA,NA,NA,NA,NA,NA,NA,NA,NA,NA,NA,NA,NA,NA,NA,NA,NA,NA,NA,NA,NA,NA,NA,NA,NA,NA,NA,NA,NA,NA,NA,High,High,High,NA,NA,NA,NA,NA,NA,NA,NA,NA,NA,NA,NA,NA,NA,NA,NA,NA,NA,NA,NA,NA,NA,NA,NA,NA,NA,NA,NA,NA,NA,NA,NA,NA,NA,NA,NA,NA,NA,NA,NA,NA,NA,NA,NA,NA,NA,NA,NA
NA,NA,NA,NA,NA,NA,NA,NA,NA,NA,NA,NA,NA,NA,NA,NA,237,2026-02-20,15:57:42,3,2,"Burnley, Michael",10109139,Right,LEN_BEA,"Soto Diaz, Bradley",1000475324,Right,CAR_EAG,Undefined,5,Bottom,1,0,1,ChangeUp,Splitter,BallCalled,Undefined,Undefined,Undefined,0,0,NA,82.5931,-1.689789,-0.548359,1104.958773,258.577619,02:30:00,5.94539,0.85812,5.78769,-36.36746,4.32579,15.76182,1.34217,1.66143,76.79365,-8.341988,2.281072,0.459127,NA,NA,NA,NA,NA,NA,NA,NA,NA,NA,NA,-8.20993,2.98563,-0.82256,50,5.78407,0.53886,-120.10198,-4.74868,-12.10989,21.11289,-27.77016,CAR_EAG,LEN_BEA,CarsonNewman,D2,Team,20260220-CarsonNewman-1,ce9f15f0-0e9e-11f1-8304-27cb6f288688,82.09591,NA,NA,5.79945,NA,NA,NA,NA,NA,NA,46df0e37-f40e-476d-8c8d-a76c06d1b556,2026-02-20,20:57:42,2026-02-20T20:57:42Z,2026-02-20T20:57:42Z,NA,v3,CNE,NA,NA,"Christmas, Seth",1000191967,Right,LEN_BEA,8d25323d-5251-441c-9649-d6588fbaf1c9,54.71573,-120.92812,10.55645,5.94862,-3.66204,-13.88508,-0.85292,1.01272,-6.05494,NA,NA,NA,NA,NA,NA,NA,NA,NA,NA,NA,NA,NA,NA,NA,NA,NA,NA,NA,NA,NA,NA,NA,NA,NA,NA,NA,NA,NA,NA,NA,NA,NA,NA,NA,NA,NA,NA,NA,NA,NA,NA,NA,NA,NA,NA,NA,NA,NA,NA,High,High,High,NA,NA,NA,NA,NA,NA,NA,NA,NA,NA,NA,NA,NA,NA,NA,NA,NA,NA,NA,NA,NA,NA,NA,NA,NA,NA,NA,NA,NA,NA,NA,NA,NA,NA,NA,NA,NA,NA,NA,NA,NA,NA,NA,NA,NA,NA,NA,NA
NA,NA,NA,NA,NA,NA,NA,NA,NA,NA,NA,NA,NA,NA,NA,NA,238,2026-02-20,15:58:00,3,3,"Burnley, Michael",10109139,Right,LEN_BEA,"Soto Diaz, Bradley",1000475324,Right,CAR_EAG,Undefined,5,Bottom,1,1,1,Slider,Slider,StrikeCalled,Undefined,Undefined,Undefined,0,0,NA,79.33198,0.661871,-0.024236,2226.327946,101.751611,09:30:00,6.21534,0.54869,5.52115,-42.17983,3.4191,-8.67343,3.31923,-0.19675,71.83785,-7.107745,-1.571668,0.486014,NA,NA,NA,NA,NA,NA,NA,NA,NA,NA,NA,4.3328,2.03563,-0.54078,50,6.24523,0.40051,-115.02296,-0.07996,5.72278,24.14431,-29.48539,CAR_EAG,LEN_BEA,CarsonNewman,D2,Team,20260220-CarsonNewman-1,d94a68b0-0e9e-11f1-8304-27cb6f288688,77.55425,NA,NA,7.49412,NA,NA,NA,NA,NA,NA,46df0e37-f40e-476d-8c8d-a76c06d1b556,2026-02-20,20:58:00,2026-02-20T20:58:00Z,2026-02-20T20:58:00Z,NA,v3,CNE,NA,NA,"Christmas, Seth",1000191967,Right,LEN_BEA,876b4c4a-68f1-4338-bbe6-e69af89aa921,54.97672,-116.06292,12.07216,6.22132,1.19005,-14.74269,-0.55272,0.15402,2.86139,NA,NA,NA,NA,NA,NA,NA,NA,NA,NA,NA,NA,NA,NA,NA,NA,NA,NA,NA,NA,NA,NA,NA,NA,NA,NA,NA,NA,NA,NA,NA,NA,NA,NA,NA,NA,NA,NA,NA,NA,NA,NA,NA,NA,NA,NA,NA,NA,NA,NA,High,High,High,NA,NA,NA,NA,NA,NA,NA,NA,NA,NA,NA,NA,NA,NA,NA,NA,NA,NA,NA,NA,NA,NA,NA,NA,NA,NA,NA,NA,NA,NA,NA,NA,NA,NA,NA,NA,NA,NA,NA,NA,NA,NA,NA,NA,NA,NA,NA,NA
NA,NA,NA,NA,NA,NA,NA,NA,NA,NA,NA,NA,NA,NA,NA,NA,239,2026-02-20,15:58:24,3,4,"Burnley, Michael",10109139,Right,LEN_BEA,"Soto Diaz, Bradley",1000475324,Right,CAR_EAG,Undefined,5,Bottom,1,1,2,Slider,Slider,InPlay,Undefined,GroundBall,FieldersChoice,1,0,NA,78.08929,-0.698786,-0.021505,2248.943328,104.503016,09:30:00,5.95296,0.53182,5.60204,-41.87742,5.33693,-13.80761,1.81077,-0.63889,70.53054,-8.423481,-2.490722,0.494548,85.55891,-4.284027,-2.238765,NA,NA,NA,NA,16.68794,15.71669,0.283453,0.12964,6.98847,3.4461,-0.5208,50,5.86633,0.57745,-113.18467,-2.71653,8.87081,24.79727,-27.79972,CAR_EAG,LEN_BEA,CarsonNewman,D2,Team,20260220-CarsonNewman-1,e793c9c0-0e9e-11f1-8304-27cb6f288688,76.21595,1.64146,NA,7.55875,NA,NA,NA,0.74183,1.64146,0.65723,46df0e37-f40e-476d-8c8d-a76c06d1b556,2026-02-20,20:58:24,2026-02-20T20:58:24Z,2026-02-20T20:58:24Z,GroundBall,v3,CNE,NA,NA,"Christmas, Seth",1000191967,Right,LEN_BEA,6cc81c90-210f-4eb9-9d01-e7f5ef25caaa,54.89675,-114.25245,12.39864,5.95753,-1.51947,-13.89986,-0.53744,0.19548,4.4354,344.762983,0.74192,125.03141,-15.66863,NA,NA,NA,NA,NA,NA,1.6418,-9.40952,-25.13818,NA,NA,NA,NA,NA,NA,0.65716,-4.88148,3.46863,NA,NA,NA,NA,NA,NA,NA,NA,NA,NA,NA,NA,NA,NA,NA,NA,NA,NA,NA,NA,NA,NA,NA,NA,NA,NA,NA,NA,High,High,High,High,High,NA,NA,NA,NA,NA,NA,NA,NA,NA,NA,NA,NA,NA,NA,NA,NA,NA,NA,NA,NA,NA,NA,NA,NA,NA,NA,NA,NA,NA,NA,NA,NA,NA,NA,NA,NA,NA,NA,NA,NA,NA,NA,NA,NA,NA,NA
NA,NA,NA,NA,NA,NA,NA,NA,NA,NA,NA,NA,NA,NA,NA,NA,240,2026-02-20,15:59:42,4,1,"Burnley, Michael",10109139,Right,LEN_BEA,"Bishop, Matthew",10136275,Right,CAR_EAG,Undefined,5,Bottom,2,0,0,Fastball,Four-Seam,FoulBallNotFieldable,Undefined,Undefined,Undefined,0,0,NA,91.0015,-2.488174,0.204377,2241.858444,198.822591,12:45:00,6.00714,0.63763,6.1946,-15.86713,17.46296,5.59425,2.38625,1.29251,83.36038,-5.51421,1.214393,0.415518,65.24929,-24.624491,-65.316762,NA,NA,NA,NA,7.15242,7.15242,-57.861682,0.06008,-2.85681,10.07406,-0.65584,50,5.81159,-0.69865,-132.19033,-6.18956,-5.05681,28.08169,-14.34197,CAR_EAG,LEN_BEA,CarsonNewman,D2,Team,20260220-CarsonNewman-1,16464950-0e9f-11f1-8304-27cb6f288688,90.71194,2.40523,NA,7.64113,NA,NA,NA,1.61345,2.40523,-1.28835,46df0e37-f40e-476d-8c8d-a76c06d1b556,2026-02-20,20:59:42,2026-02-20T20:59:42Z,2026-02-20T20:59:42Z,GroundBall,v3,CNE,NA,NA,"Christmas, Seth",1000191967,Right,LEN_BEA,ad4e6c5d-d847-4db2-bee6-23bf13daccad,54.30675,-133.10209,14.04084,6.00499,-5.72391,-7.17098,-0.63582,-0.53446,-2.52841,NA,1.61205,36.47453,NA,NA,NA,NA,NA,NA,NA,2.40677,-40.0339,NA,NA,NA,NA,NA,NA,NA,-1.2853,-79.36247,NA,NA,NA,NA,NA,NA,NA,NA,NA,NA,NA,NA,NA,NA,NA,NA,NA,NA,NA,NA,NA,NA,NA,NA,NA,NA,NA,NA,NA,High,High,High,Estimated,Estimated,NA,NA,NA,NA,NA,NA,NA,NA,NA,NA,NA,NA,NA,NA,NA,NA,NA,NA,NA,NA,NA,NA,NA,NA,NA,NA,NA,NA,NA,NA,NA,NA,NA,NA,NA,NA,NA,NA,NA,NA,NA,NA,NA,NA,NA,NA
NA,NA,NA,NA,NA,NA,NA,NA,NA,NA,NA,NA,NA,NA,NA,NA,241,2026-02-20,16:00:29,4,2,"Burnley, Michael",10109139,Right,LEN_BEA,"Bishop, Matthew",10136275,Right,CAR_EAG,Undefined,5,Bottom,2,0,1,Fastball,Four-Seam,BallCalled,Undefined,Undefined,Undefined,0,0,NA,89.75267,-1.047436,-1.677228,2318.039725,196.149416,12:30:00,5.89504,0.50744,6.23863,-17.04485,17.38521,4.69973,3.50789,-0.64855,81.51343,-4.319888,-0.828687,0.422319,NA,NA,NA,NA,NA,NA,NA,NA,NA,NA,NA,-2.91201,9.64426,-0.38451,50,5.80827,3.6185,-130.2943,-2.84133,-4.97447,28.98086,-15.6991,CAR_EAG,LEN_BEA,CarsonNewman,D2,Team,20260220-CarsonNewman-1,32544b10-0e9f-11f1-8304-27cb6f288688,89.25114,NA,NA,8.23924,NA,NA,NA,NA,NA,NA,46df0e37-f40e-476d-8c8d-a76c06d1b556,2026-02-20,21:00:29,2026-02-20T21:00:29Z,2026-02-20T21:00:29Z,NA,v3,CNE,NA,NA,"Christmas, Seth",1000191967,Right,LEN_BEA,792536a8-1d93-43d6-9a1f-1cd5ae4d00c6,54.25926,-131.23825,14.49043,5.89249,-2.32998,-7.84955,-0.50501,3.78052,-2.48723,NA,NA,NA,NA,NA,NA,NA,NA,NA,NA,NA,NA,NA,NA,NA,NA,NA,NA,NA,NA,NA,NA,NA,NA,NA,NA,NA,NA,NA,NA,NA,NA,NA,NA,NA,NA,NA,NA,NA,NA,NA,NA,NA,NA,NA,NA,NA,NA,NA,NA,High,High,High,NA,NA,NA,NA,NA,NA,NA,NA,NA,NA,NA,NA,NA,NA,NA,NA,NA,NA,NA,NA,NA,NA,NA,NA,NA,NA,NA,NA,NA,NA,NA,NA,NA,NA,NA,NA,NA,NA,NA,NA,NA,NA,NA,NA,NA,NA,NA,NA
NA,NA,NA,NA,NA,NA,NA,NA,NA,NA,NA,NA,NA,NA,NA,NA,242,2026-02-20,16:00:48,4,3,"Burnley, Michael",10109139,Right,LEN_BEA,"Bishop, Matthew",10136275,Right,CAR_EAG,Undefined,5,Bottom,2,1,1,Slider,Slider,BallCalled,Undefined,Undefined,Undefined,0,0,NA,79.03663,-1.123713,-0.553831,2485.657981,97.03935,09:15:00,6.03418,0.59696,5.53798,-42.55782,3.71622,-16.03934,1.43718,-1.25733,71.42493,-8.941089,-3.418783,0.489599,NA,NA,NA,NA,NA,NA,NA,NA,NA,NA,NA,7.8354,2.82622,-0.53836,50,5.90909,1.75634,-114.49844,-3.65607,10.17099,25.51002,-28.50537,CAR_EAG,LEN_BEA,CarsonNewman,D2,Team,20260220-CarsonNewman-1,3d7a4c10-0e9f-11f1-8304-27cb6f288688,76.98642,NA,NA,7.61169,NA,NA,NA,NA,NA,NA,46df0e37-f40e-476d-8c8d-a76c06d1b556,2026-02-20,21:00:48,2026-02-20T21:00:48Z,2026-02-20T21:00:48Z,NA,v3,CNE,NA,NA,"Christmas, Seth",1000191967,Right,LEN_BEA,06c93165-01f9-4025-8fe8-581b0ef81231,54.95934,-115.59809,12.75501,6.04021,-2.4273,-14.25268,-0.60462,1.31791,5.08549,NA,NA,NA,NA,NA,NA,NA,NA,NA,NA,NA,NA,NA,NA,NA,NA,NA,NA,NA,NA,NA,NA,NA,NA,NA,NA,NA,NA,NA,NA,NA,NA,NA,NA,NA,NA,NA,NA,NA,NA,NA,NA,NA,NA,NA,NA,NA,NA,NA,NA,High,High,High,NA,NA,NA,NA,NA,NA,NA,NA,NA,NA,NA,NA,NA,NA,NA,NA,NA,NA,NA,NA,NA,NA,NA,NA,NA,NA,NA,NA,NA,NA,NA,NA,NA,NA,NA,NA,NA,NA,NA,NA,NA,NA,NA,NA,NA,NA,NA,NA
NA,NA,NA,NA,NA,NA,NA,NA,NA,NA,NA,NA,NA,NA,NA,NA,243,2026-02-20,16:01:09,4,4,"Burnley, Michael",10109139,Right,LEN_BEA,"Bishop, Matthew",10136275,Right,CAR_EAG,Undefined,5,Bottom,2,2,1,Slider,Slider,StrikeCalled,Undefined,Undefined,Undefined,0,0,NA,77.90766,1.369708,0.096412,2362.250503,92.742449,09:00:00,5.90664,0.52405,5.34428,-45.13361,2.45004,-16.37611,3.43064,-0.75018,70.58082,-6.911112,-2.814105,0.496478,NA,NA,NA,NA,NA,NA,NA,NA,NA,NA,NA,8.16134,1.34244,-0.5209,50,5.99834,0.4776,-112.92854,1.17371,10.39712,23.15262,-30.46385,CAR_EAG,LEN_BEA,CarsonNewman,D2,Team,20260220-CarsonNewman-1,4a31c280-0e9f-11f1-8304-27cb6f288688,75.91959,NA,NA,7.32684,NA,NA,NA,NA,NA,NA,46df0e37-f40e-476d-8c8d-a76c06d1b556,2026-02-20,21:01:09,2026-02-20T21:01:09Z,2026-02-20T21:01:09Z,NA,v3,CNE,NA,NA,"Christmas, Seth",1000191967,Right,LEN_BEA,88c19989-1b12-41ae-b337-ad96e18b9d21,55.15452,-113.98042,11.57631,5.91357,2.55776,-15.23193,-0.53187,0.00524,5.19856,NA,NA,NA,NA,NA,NA,NA,NA,NA,NA,NA,NA,NA,NA,NA,NA,NA,NA,NA,NA,NA,NA,NA,NA,NA,NA,NA,NA,NA,NA,NA,NA,NA,NA,NA,NA,NA,NA,NA,NA,NA,NA,NA,NA,NA,NA,NA,NA,NA,NA,High,High,High,NA,NA,NA,NA,NA,NA,NA,NA,NA,NA,NA,NA,NA,NA,NA,NA,NA,NA,NA,NA,NA,NA,NA,NA,NA,NA,NA,NA,NA,NA,NA,NA,NA,NA,NA,NA,NA,NA,NA,NA,NA,NA,NA,NA,NA,NA,NA,NA
NA,NA,NA,NA,NA,NA,NA,NA,NA,NA,NA,NA,NA,NA,NA,NA,244,2026-02-20,16:01:32,4,5,"Burnley, Michael",10109139,Right,LEN_BEA,"Bishop, Matthew",10136275,Right,CAR_EAG,Undefined,5,Bottom,2,2,2,Slider,Slider,InPlay,Undefined,FlyBall,Out,1,0,NA,80.01753,-0.041261,0.285966,2369.4587,98.84417,09:15:00,5.8847,0.57126999999999994,5.35407,-42.05384,3.48669,-11.14642,2.34152,-0.08939,71.87351,-7.778182,-1.697482,0.485703,79.66308,26.487865,-31.183226,3118.04384,93.11604,43.7096,-58.56106,294.53522,289.84625,-36.013521,3.915668,5.718,2.22807,-0.58861,50,5.85126,-0.12549,-115.89852,-1.51318,7.58316,26.70449,-29.21917,CAR_EAG,LEN_BEA,CarsonNewman,D2,Team,20260220-CarsonNewman-1,579ad5b0-0e9f-11f1-8304-27cb6f288688,77.60396,49.79972,NA,8.14402,NA,NA,NA,2.2487,2.48907,0.09897,46df0e37-f40e-476d-8c8d-a76c06d1b556,2026-02-20,21:01:32,2026-02-20T21:01:32Z,2026-02-20T21:01:32Z,LineDrive,v3,CNE,NA,NA,"Christmas, Seth",1000191967,Right,LEN_BEA,39ba0435-c17f-4a16-b589-257049e6e3f9,55.14486,-117.07796,13.35225,5.8896,-0.22268,-14.60958,-0.57567,-0.46041,3.79158,159.734621,2.2485,89.47017,-13.82417,2.91036,-0.61156,0.15385,-0.03913,0.00635,-4.3e-4,2.48927,52.10902,-15.5128,0.84445,-0.12387,-0.01775,0.01832,-0.0039,2.7e-4,0.09893,-54.14405,5.24956,-1.16993,0.18692,-0.02557,0.00409,-6.8e-4,5e-5,NA,NA,NA,NA,NA,NA,NA,NA,NA,NA,NA,NA,NA,NA,NA,NA,NA,NA,NA,NA,NA,NA,High,High,High,High,High,NA,NA,NA,NA,NA,NA,NA,NA,NA,NA,NA,NA,NA,NA,NA,NA,NA,NA,NA,NA,NA,NA,NA,NA,NA,NA,NA,NA,NA,NA,NA,NA,NA,NA,NA,NA,NA,NA,NA,NA,NA,NA,NA,NA,NA,NA
NA,NA,NA,NA,NA,NA,NA,NA,NA,NA,NA,NA,NA,NA,NA,NA,245,2026-02-20,16:03:43,1,1,"Wilson, Alec",10092217,Right,CAR_EAG,"Christmas, Seth",1000191967,Right,LEN_BEA,Undefined,6,Top,0,0,0,Slider,Curveball,StrikeCalled,Undefined,Undefined,Undefined,0,0,NA,69.79727,3.123054,-1.505681,2117.431094,73.851701,08:30:00,5.62551,1.82776,5.12895,-61.60925,-2.26311,-14.27387,3.43675,-0.78016,63.9856,-8.051942,-4.027708,0.554457,NA,NA,NA,NA,NA,NA,NA,NA,NA,NA,NA,6.63595,-1.42543,-1.67486,50,5.87146,3.18166,-101.12965,3.57591,6.84838,17.02732,-33.64513,CAR_EAG,LEN_BEA,CarsonNewman,D2,Team,20260220-CarsonNewman-1,a5bf6990-0e9f-11f1-8304-27cb6f288688,67.98086,NA,NA,5.81167,NA,NA,NA,NA,NA,NA,46df0e37-f40e-476d-8c8d-a76c06d1b556,2026-02-20,21:03:43,2026-02-20T21:03:43Z,2026-02-20T21:03:43Z,NA,v3,CNE,NA,NA,"Rogers, Jacob",1000215913,Right,CAR_EAG,f259d8f1-13eb-42a2-8c7f-8b1fa0bcab29,55.37323,-102.03033,8.51366,5.63524,5.35562,-16.82257,-1.83358,2.8194,3.42419,NA,NA,NA,NA,NA,NA,NA,NA,NA,NA,NA,NA,NA,NA,NA,NA,NA,NA,NA,NA,NA,NA,NA,NA,NA,NA,NA,NA,NA,NA,NA,NA,NA,NA,NA,NA,NA,NA,NA,NA,NA,NA,NA,NA,NA,NA,NA,NA,NA,NA,High,High,High,NA,NA,NA,NA,NA,NA,NA,NA,NA,NA,NA,NA,NA,NA,NA,NA,NA,NA,NA,NA,NA,NA,NA,NA,NA,NA,NA,NA,NA,NA,NA,NA,NA,NA,NA,NA,NA,NA,NA,NA,NA,NA,NA,NA,NA,NA,NA,NA
NA,NA,NA,NA,NA,NA,NA,NA,NA,NA,NA,NA,NA,NA,NA,NA,246,2026-02-20,16:04:01,1,2,"Wilson, Alec",10092217,Right,CAR_EAG,"Christmas, Seth",1000191967,Right,LEN_BEA,Undefined,6,Top,0,0,1,Fastball,Changeup,BallCalled,Undefined,Undefined,Undefined,0,0,NA,82.46052,1.454284,-2.754764,2057.250555,206.903437,01:00:00,5.7339,1.90447,5.54774,-20.5347,21.81029,10.29044,5.38361,0.18562,73.98531,-2.476346,-0.923664,0.468352,NA,NA,NA,NA,NA,NA,NA,NA,NA,NA,NA,-6.02288,10.93552,-1.67253,50,5.84682,5.30486,-119.33092,2.47064,-8.5559,26.13836,-16.63945,CAR_EAG,LEN_BEA,CarsonNewman,D2,Team,20260220-CarsonNewman-1,b0954ec0-0e9f-11f1-8304-27cb6f288688,80.47886,NA,NA,8.47521,NA,NA,NA,NA,NA,NA,46df0e37-f40e-476d-8c8d-a76c06d1b556,2026-02-20,21:04:01,2026-02-20T21:04:01Z,2026-02-20T21:04:01Z,NA,v3,CNE,NA,NA,"Rogers, Jacob",1000215913,Right,CAR_EAG,338ae259-d5d6-4b8b-b252-1e748ad889cb,54.94781,-120.40981,13.06918,5.73067,3.15745,-8.31973,-1.89878,5.65802,-4.27795,NA,NA,NA,NA,NA,NA,NA,NA,NA,NA,NA,NA,NA,NA,NA,NA,NA,NA,NA,NA,NA,NA,NA,NA,NA,NA,NA,NA,NA,NA,NA,NA,NA,NA,NA,NA,NA,NA,NA,NA,NA,NA,NA,NA,NA,NA,NA,NA,NA,NA,High,High,High,NA,NA,NA,NA,NA,NA,NA,NA,NA,NA,NA,NA,NA,NA,NA,NA,NA,NA,NA,NA,NA,NA,NA,NA,NA,NA,NA,NA,NA,NA,NA,NA,NA,NA,NA,NA,NA,NA,NA,NA,NA,NA,NA,NA,NA,NA,NA,NA
NA,NA,NA,NA,NA,NA,NA,NA,NA,NA,NA,NA,NA,NA,NA,NA,247,2026-02-20,16:04:20,1,3,"Wilson, Alec",10092217,Right,CAR_EAG,"Christmas, Seth",1000191967,Right,LEN_BEA,Undefined,6,Top,0,1,1,Fastball,Changeup,BallCalled,Undefined,Undefined,Undefined,0,0,NA,79.79986,0.029425,-1.927709,1968.855931,224.856423,01:30:00,5.76096,1.92416,5.57562,-27.98998,16.4621,14.95792,3.45596,1.36942,72.87844,-5.195736,0.739908,0.479863,NA,NA,NA,NA,NA,NA,NA,NA,NA,NA,NA,-8.08457,8.74481,-1.76807,50,5.74538,3.3042,-115.80643,-0.7897,-10.96887,21.81229,-20.3094,CAR_EAG,LEN_BEA,CarsonNewman,D2,Team,20260220-CarsonNewman-1,bb99be00-0e9f-11f1-8304-27cb6f288688,78.54834,NA,NA,6.92142,NA,NA,NA,NA,NA,NA,46df0e37-f40e-476d-8c8d-a76c06d1b556,2026-02-20,21:04:20,2026-02-20T21:04:20Z,2026-02-20T21:04:20Z,NA,v3,CNE,NA,NA,"Rogers, Jacob",1000215913,Right,CAR_EAG,efe82b73-cc3c-4049-ba81-609dcebb5275,54.92399,-116.73019,10.90615,5.76061,0.07041,-10.1547,-1.91784,3.76873,-5.48444,NA,NA,NA,NA,NA,NA,NA,NA,NA,NA,NA,NA,NA,NA,NA,NA,NA,NA,NA,NA,NA,NA,NA,NA,NA,NA,NA,NA,NA,NA,NA,NA,NA,NA,NA,NA,NA,NA,NA,NA,NA,NA,NA,NA,NA,NA,NA,NA,NA,NA,High,High,High,NA,NA,NA,NA,NA,NA,NA,NA,NA,NA,NA,NA,NA,NA,NA,NA,NA,NA,NA,NA,NA,NA,NA,NA,NA,NA,NA,NA,NA,NA,NA,NA,NA,NA,NA,NA,NA,NA,NA,NA,NA,NA,NA,NA,NA,NA,NA,NA
NA,NA,NA,NA,NA,NA,NA,NA,NA,NA,NA,NA,NA,NA,NA,NA,248,2026-02-20,16:04:39,1,4,"Wilson, Alec",10092217,Right,CAR_EAG,"Christmas, Seth",1000191967,Right,LEN_BEA,Undefined,6,Top,0,2,1,Slider,Curveball,BallCalled,Undefined,Undefined,Undefined,0,0,NA,70.46869,1.638211,-2.091657,2166.685998,62.772294,08:00:00,5.78848,1.62797,5.15563,-62.56807,-4.00213,-11.64953,2.11808,-1.31273,64.40269,-9.697312,-4.153768,0.5508,NA,NA,NA,NA,NA,NA,NA,NA,NA,NA,NA,5.13607,-1.90567,-1.42313,50,5.89377,4.15681,-102.09458,0.93386,5.35311,18.77192,-34.16024,CAR_EAG,LEN_BEA,CarsonNewman,D2,Team,20260220-CarsonNewman-1,c70a5c90-0e9f-11f1-8304-27cb6f288688,68.43216,NA,NA,6.066,NA,NA,NA,NA,NA,NA,46df0e37-f40e-476d-8c8d-a76c06d1b556,2026-02-20,21:04:39,2026-02-20T21:04:39Z,2026-02-20T21:04:39Z,NA,v3,CNE,NA,NA,"Rogers, Jacob",1000215913,Right,CAR_EAG,f2543247-8662-4ff9-86db-b6f63616d924,55.34597,-103.07285,9.38596,5.79871,2.71407,-17.08012,-1.63249,3.87784,2.67656,NA,NA,NA,NA,NA,NA,NA,NA,NA,NA,NA,NA,NA,NA,NA,NA,NA,NA,NA,NA,NA,NA,NA,NA,NA,NA,NA,NA,NA,NA,NA,NA,NA,NA,NA,NA,NA,NA,NA,NA,NA,NA,NA,NA,NA,NA,NA,NA,NA,NA,High,High,High,NA,NA,NA,NA,NA,NA,NA,NA,NA,NA,NA,NA,NA,NA,NA,NA,NA,NA,NA,NA,NA,NA,NA,NA,NA,NA,NA,NA,NA,NA,NA,NA,NA,NA,NA,NA,NA,NA,NA,NA,NA,NA,NA,NA,NA,NA,NA,NA
NA,NA,NA,NA,NA,NA,NA,NA,NA,NA,NA,NA,NA,NA,NA,NA,249,2026-02-20,16:04:59,1,5,"Wilson, Alec",10092217,Right,CAR_EAG,"Christmas, Seth",1000191967,Right,LEN_BEA,Undefined,6,Top,0,3,1,Fastball,Changeup,BallCalled,Walk,Undefined,Undefined,0,0,NA,80.82214,0.096561,-2.231149,2033.859658,198.917731,12:45:00,5.80428,1.79665,5.50384,-23.23356,20.87844,6.60197,3.95853,0.25899,72.67716,-4.314661,-1.056339,0.478024,NA,NA,NA,NA,NA,NA,NA,NA,NA,NA,NA,-4.0224,10.93249,-1.60614,50,5.7976,4.28572,-117.02912,-0.46422,-5.49262,25.25543,-17.24563,CAR_EAG,LEN_BEA,CarsonNewman,D2,Team,20260220-CarsonNewman-1,d3435430-0e9f-11f1-8304-27cb6f288688,78.8505,NA,NA,8.14498,NA,NA,NA,NA,NA,NA,46df0e37-f40e-476d-8c8d-a76c06d1b556,2026-02-20,21:04:59,2026-02-20T21:04:59Z,2026-02-20T21:04:59Z,NA,v3,CNE,NA,NA,"Rogers, Jacob",1000215913,Right,CAR_EAG,257bb9d6-1d35-4846-88a0-7999094703d2,54.99187,-118.10148,12.62771,5.80177,0.26804,-8.62282,-1.79306,4.51894,-2.74631,NA,NA,NA,NA,NA,NA,NA,NA,NA,NA,NA,NA,NA,NA,NA,NA,NA,NA,NA,NA,NA,NA,NA,NA,NA,NA,NA,NA,NA,NA,NA,NA,NA,NA,NA,NA,NA,NA,NA,NA,NA,NA,NA,NA,NA,NA,NA,NA,NA,NA,High,High,High,NA,NA,NA,NA,NA,NA,NA,NA,NA,NA,NA,NA,NA,NA,NA,NA,NA,NA,NA,NA,NA,NA,NA,NA,NA,NA,NA,NA,NA,NA,NA,NA,NA,NA,NA,NA,NA,NA,NA,NA,NA,NA,NA,NA,NA,NA,NA,NA
NA,NA,NA,NA,NA,NA,NA,NA,NA,NA,NA,NA,NA,NA,NA,NA,250,2026-02-20,16:05:30,2,1,"Wilson, Alec",10092217,Right,CAR_EAG,"Boris, Sylas",1000138481,Right,LEN_BEA,Undefined,6,Top,0,0,0,Fastball,Changeup,InPlay,Undefined,LineDrive,Double,0,0,NA,80.1157,-0.612796,-2.202179,2043.250398,212.382464,01:00:00,5.79456,1.95142,5.73352,-26.03533,17.8617,10.42071,3.05382,0.76795,73.13917,-5.498432,-0.338724,0.476858,95.66957,18.969943,-33.552792,2193.586495,88.4621,26.92224,-65.37869,263.76787,145.93982,-40.982863,2.44426,-5.96607,9.70166,-1.77446,50,5.7276300000000004,4.07378,-116.26722,-2.00381,-8.14597,22.3132,-18.92755,CAR_EAG,LEN_BEA,CarsonNewman,D2,Team,20260220-CarsonNewman-1,e5858dc0-0e9f-11f1-8304-27cb6f288688,79.04333,28.00348,NA,6.97654,NA,NA,NA,2.2434,3.42444,-0.7545,46df0e37-f40e-476d-8c8d-a76c06d1b556,2026-02-20,21:05:30,2026-02-20T21:05:30Z,2026-02-20T21:05:30Z,LineDrive,v3,CNE,NA,NA,"Rogers, Jacob",1000215913,Right,CAR_EAG,ebeb21ac-232f-4f38-adc4-49d14992b3b6,54.76717,-117.17853,11.1566,5.79368,-1.23077,-9.46377,-1.94763,4.40648,-4.07298,NA,2.24339,110.58475,-17.54388,3.37455,-0.72742,0.13877,-0.02622,0.00352,-2.1e-4,3.42444,45.61251,-23.53133,2.6469,-0.5541,0.11073,-0.01847,0.00251,-1.8e-4,-0.7545,-73.3407,-0.24482,1.12349,-0.39385,0.11068,-0.02348,0.00341,-2.2e-4,NA,NA,NA,NA,NA,NA,NA,NA,NA,NA,NA,NA,NA,NA,NA,NA,NA,NA,NA,NA,NA,NA,High,High,High,High,Medium,NA,NA,NA,NA,NA,NA,NA,NA,NA,NA,NA,NA,NA,NA,NA,NA,NA,NA,NA,NA,NA,NA,NA,NA,NA,NA,NA,NA,NA,NA,NA,NA,NA,NA,NA,NA,NA,NA,NA,NA,NA,NA,NA,NA,NA,NA
NA,NA,NA,NA,NA,NA,NA,NA,NA,NA,NA,NA,NA,NA,NA,NA,251,2026-02-20,16:06:20,3,1,"Wilson, Alec",10092217,Right,CAR_EAG,"Stillinger, Andrew",10039721,Left,LEN_BEA,Undefined,6,Top,0,0,0,Slider,Curveball,StrikeCalled,Undefined,Undefined,Undefined,0,0,NA,70.53324,2.61527,-0.512783,2157.324409,60.361086,08:00:00,5.99807,1.87434,5.21471,-67.71649,-8.53993,-19.00981,2.81608,-0.19201,63.47812,-9.713076,-3.885186,0.553664,NA,NA,NA,NA,NA,NA,NA,NA,NA,NA,NA,9.18591,-4.39965,-1.81242,50,6.18988,1.63349,-102.05827,2.48162,9.41843,21.15905,-36.68508,CAR_EAG,LEN_BEA,CarsonNewman,D2,Team,20260220-CarsonNewman-1,033fdff0-0ea0-11f1-8304-27cb6f288688,68.07818,NA,NA,7.05511,NA,NA,NA,NA,NA,NA,46df0e37-f40e-476d-8c8d-a76c06d1b556,2026-02-20,21:06:20,2026-02-20T21:06:20Z,2026-02-20T21:06:20Z,NA,v3,CNE,NA,NA,"Rogers, Jacob",1000215913,Right,CAR_EAG,6ddd7ef7-42f5-48c4-af4d-a14c87276a05,55.28585,-103.14833,10.57953,6.01336,4.37154,-18.34254,-1.88407,1.14828,4.70922,NA,NA,NA,NA,NA,NA,NA,NA,NA,NA,NA,NA,NA,NA,NA,NA,NA,NA,NA,NA,NA,NA,NA,NA,NA,NA,NA,NA,NA,NA,NA,NA,NA,NA,NA,NA,NA,NA,NA,NA,NA,NA,NA,NA,NA,NA,NA,NA,NA,NA,High,High,High,NA,NA,NA,NA,NA,NA,NA,NA,NA,NA,NA,NA,NA,NA,NA,NA,NA,NA,NA,NA,NA,NA,NA,NA,NA,NA,NA,NA,NA,NA,NA,NA,NA,NA,NA,NA,NA,NA,NA,NA,NA,NA,NA,NA,NA,NA,NA,NA
NA,NA,NA,NA,NA,NA,NA,NA,NA,NA,NA,NA,NA,NA,NA,NA,252,2026-02-20,16:06:39,3,2,"Wilson, Alec",10092217,Right,CAR_EAG,"Stillinger, Andrew",10039721,Left,LEN_BEA,Undefined,6,Top,0,0,1,ChangeUp,Changeup,BallCalled,Undefined,Undefined,Undefined,0,0,NA,73.51732,0.556174,-2.536583,1616.935758,260.460532,02:45:00,6.08164,2.17792,6.05391,-47.29235,5.29158,19.40159,2.65598,1.44509,66.10342,-8.263288,0.957961,0.521913,NA,NA,NA,NA,NA,NA,NA,NA,NA,NA,NA,-10.72969,3.19764,-1.9901,50,6.10052,4.01818,-106.50359,-0.30747,-12.02904,22.37314,-28.5892,CAR_EAG,LEN_BEA,CarsonNewman,D2,Team,20260220-CarsonNewman-1,0eafe240-0ea0-11f1-8304-27cb6f288688,72.21981,NA,NA,7.4139099999999996,NA,NA,NA,NA,NA,NA,46df0e37-f40e-476d-8c8d-a76c06d1b556,2026-02-20,21:06:39,2026-02-20T21:06:39Z,2026-02-20T21:06:39Z,NA,v3,CNE,NA,NA,"Rogers, Jacob",1000215913,Right,CAR_EAG,9c58e8da-7a00-42e6-b114-63c2bf1287e7,54.44313,-107.4329,11.18657,6.08863,0.88003,-14.2946,-2.16738,4.51782,-6.01452,NA,NA,NA,NA,NA,NA,NA,NA,NA,NA,NA,NA,NA,NA,NA,NA,NA,NA,NA,NA,NA,NA,NA,NA,NA,NA,NA,NA,NA,NA,NA,NA,NA,NA,NA,NA,NA,NA,NA,NA,NA,NA,NA,NA,NA,NA,NA,NA,NA,NA,High,High,High,NA,NA,NA,NA,NA,NA,NA,NA,NA,NA,NA,NA,NA,NA,NA,NA,NA,NA,NA,NA,NA,NA,NA,NA,NA,NA,NA,NA,NA,NA,NA,NA,NA,NA,NA,NA,NA,NA,NA,NA,NA,NA,NA,NA,NA,NA,NA,NA
NA,NA,NA,NA,NA,NA,NA,NA,NA,NA,NA,NA,NA,NA,NA,NA,253,2026-02-20,16:06:59,3,3,"Wilson, Alec",10092217,Right,CAR_EAG,"Stillinger, Andrew",10039721,Left,LEN_BEA,Undefined,6,Top,0,1,1,ChangeUp,Changeup,InPlay,Undefined,GroundBall,Out,1,0,NA,73.63839,1.098162,-3.674744,1667.701332,251.232562,02:15:00,5.94461,2.05288,6.00583,-44.54829,5.69327,13.17095,3.25196,-0.25898,69.08355,-7.080422,-1.311205,0.510156,84.86103,-17.271013,16.528109,NA,NA,NA,NA,11.81775,2.983,15.11759,0.086662,-7.59689,3.06248,-1.77115,50,6.00604,6.44417,-107.06435,0.79177,-9.03742,14.16808,-28.53085,CAR_EAG,LEN_BEA,CarsonNewman,D2,Team,20260220-CarsonNewman-1,1a866e90-0ea0-11f1-8304-27cb6f288688,73.88414,3.21199,NA,4.55485,NA,NA,NA,1.5047,3.21199,0.14308,46df0e37-f40e-476d-8c8d-a76c06d1b556,2026-02-20,21:06:59,2026-02-20T21:06:59Z,2026-02-20T21:06:59Z,GroundBall,v3,CNE,NA,NA,"Rogers, Jacob",1000215913,Right,CAR_EAG,0d0bccec-d993-4678-bedf-84cdec1fc6f9,54.499,-107.65806,7.08404,5.94781,1.98737,-14.26543,-2.04913,6.82288,-4.51871,NA,1.49992,114.28314,NA,NA,NA,NA,NA,NA,NA,3.21355,-37.06326,NA,NA,NA,NA,NA,NA,NA,0.14166,33.9132,NA,NA,NA,NA,NA,NA,NA,NA,NA,NA,NA,NA,NA,NA,NA,NA,NA,NA,NA,NA,NA,NA,NA,NA,NA,NA,NA,NA,NA,High,High,High,Low,Low,NA,NA,NA,NA,NA,NA,NA,NA,NA,NA,NA,NA,NA,NA,NA,NA,NA,NA,NA,NA,NA,NA,NA,NA,NA,NA,NA,NA,NA,NA,NA,NA,NA,NA,NA,NA,NA,NA,NA,NA,NA,NA,NA,NA,NA,NA
NA,NA,NA,NA,NA,NA,NA,NA,NA,NA,NA,NA,NA,NA,NA,NA,254,2026-02-20,16:07:47,4,1,"Wilson, Alec",10092217,Right,CAR_EAG,"Morris, Nick",10108627,Right,LEN_BEA,Undefined,6,Top,1,0,0,Fastball,Changeup,FoulBallNotFieldable,Undefined,Undefined,Undefined,0,0,NA,81.28678,-1.709985,-3.63412,2018.315646,210.299752,01:00:00,5.97776,1.67042,5.76823,-16.67391,26.53978,14.57288,2.99314,-0.50191,73.20337,-4.956521,-1.032272,0.473132,70.82201,50.061158,73.661931,4762.410932,10.14497,82.90218,109.53099,172.84294,62.25129,87.469747,4.747693,-8.58827,14.52154,-1.37837,50,5.82628,6.89547,-117.63262,-3.90705,-11.86157,25.29366,-12.11786,CAR_EAG,LEN_BEA,CarsonNewman,D2,Team,20260220-CarsonNewman-1,373d5a80-0ea0-11f1-8304-27cb6f288688,79.66584,84.64843,NA,8.08341,NA,NA,NA,0.55879,3.19605,0.59637,46df0e37-f40e-476d-8c8d-a76c06d1b556,2026-02-20,21:07:47,2026-02-20T21:07:47Z,2026-02-20T21:07:47Z,Popup,v3,CNE,NA,NA,"Rogers, Jacob",1000215913,Right,CAR_EAG,635c3f13-2dd3-45a2-93a5-e82c36d088ff,54.73056,-118.64543,12.64683,5.97302,-3.42183,-6.05893,-1.66399,7.37043,-5.93078,210.889002,0.56264,18.64955,-11.53835,3.02607,0.10849,-0.41178,0.14412,-0.02149,0.0012,3.18664,79.84464,-23.45293,3.16619,-1.22709,0.42448,-0.08173,0.00751,-2.5e-4,0.59767,63.94239,-14.1555,3.0666,-0.06289,-0.26773,0.09967,-0.01525,8.7e-4,NA,NA,NA,NA,NA,NA,NA,NA,NA,NA,NA,NA,NA,NA,NA,NA,NA,NA,NA,NA,NA,NA,High,High,High,High,Low,NA,NA,NA,NA,NA,NA,NA,NA,NA,NA,NA,NA,NA,NA,NA,NA,NA,NA,NA,NA,NA,NA,NA,NA,NA,NA,NA,NA,NA,NA,NA,NA,NA,NA,NA,NA,NA,NA,NA,NA,NA,NA,NA,NA,NA,NA
NA,NA,NA,NA,NA,NA,NA,NA,NA,NA,NA,NA,NA,NA,NA,NA,255,2026-02-20,16:08:14,4,2,"Wilson, Alec",10092217,Right,CAR_EAG,"Morris, Nick",10108627,Right,LEN_BEA,Undefined,6,Top,1,0,1,Fastball,Changeup,FoulBallNotFieldable,Undefined,Undefined,Undefined,0,0,NA,80.28185,-1.485533,-2.944754,1939.959635,219.501792,01:15:00,6.05983,1.7684,5.8472,-29.40427,15.01517,10.96398,2.22683,-0.05691,72.11653,-7.017958,-0.980498,0.479687,NA,NA,NA,NA,NA,NA,NA,NA,NA,NA,NA,-6.62804,8.6652,-1.53517,50,5.92189,5.55506,-116.20063,-3.87363,-8.8622,26.25711,-20.58798,CAR_EAG,LEN_BEA,CarsonNewman,D2,Team,20260220-CarsonNewman-1,478d39f0-0ea0-11f1-8304-27cb6f288688,78.57716,NA,NA,8.16532,NA,NA,NA,NA,NA,NA,46df0e37-f40e-476d-8c8d-a76c06d1b556,2026-02-20,21:08:14,2026-02-20T21:08:14Z,2026-02-20T21:08:14Z,NA,v3,CNE,NA,NA,"Rogers, Jacob",1000215913,Right,CAR_EAG,0b1f70fa-3be1-4946-ae53-2fe4ddbdb9c9,54.65089,-117.24685,13.12855,6.05989,-3.05329,-10.29399,-1.76355,5.90818,-4.4311,NA,NA,NA,NA,NA,NA,NA,NA,NA,NA,NA,NA,NA,NA,NA,NA,NA,NA,NA,NA,NA,NA,NA,NA,NA,NA,NA,NA,NA,NA,NA,NA,NA,NA,NA,NA,NA,NA,NA,NA,NA,NA,NA,NA,NA,NA,NA,NA,NA,NA,High,High,High,NA,NA,NA,NA,NA,NA,NA,NA,NA,NA,NA,NA,NA,NA,NA,NA,NA,NA,NA,NA,NA,NA,NA,NA,NA,NA,NA,NA,NA,NA,NA,NA,NA,NA,NA,NA,NA,NA,NA,NA,NA,NA,NA,NA,NA,NA,NA,NA
NA,NA,NA,NA,NA,NA,NA,NA,NA,NA,NA,NA,NA,NA,NA,NA,256,2026-02-20,16:08:39,4,3,"Wilson, Alec",10092217,Right,CAR_EAG,"Morris, Nick",10108627,Right,LEN_BEA,Undefined,6,Top,1,0,2,Fastball,Changeup,BallCalled,Undefined,Undefined,Undefined,0,0,NA,81.60184,-1.709282,-5.684258,1981.62649,211.175071,01:00:00,5.80764,1.54709,5.73607,-26.13096,17.24469,9.42863,2.02998,-2.97803,73.34658,-6.626914,-4.010139,0.474017,NA,NA,NA,NA,NA,NA,NA,NA,NA,NA,NA,-6.66115,9.80418,-1.07784,50,5.64886,11.33093,-117.65824,-4.2906,-9.1672,26.12254,-18.68135,CAR_EAG,LEN_BEA,CarsonNewman,D2,Team,20260220-CarsonNewman-1,56362020-0ea0-11f1-8304-27cb6f288688,79.517,NA,NA,8.25526,NA,NA,NA,NA,NA,NA,46df0e37-f40e-476d-8c8d-a76c06d1b556,2026-02-20,21:08:39,2026-02-20T21:08:39Z,2026-02-20T21:08:39Z,NA,v3,CNE,NA,NA,"Rogers, Jacob",1000215913,Right,CAR_EAG,bb8fa244-f21d-4f66-8d40-06607fe72add,54.7607,-118.7105,13.06127,5.80654,-3.53808,-9.34067,-1.54171,11.7002,-4.5836,NA,NA,NA,NA,NA,NA,NA,NA,NA,NA,NA,NA,NA,NA,NA,NA,NA,NA,NA,NA,NA,NA,NA,NA,NA,NA,NA,NA,NA,NA,NA,NA,NA,NA,NA,NA,NA,NA,NA,NA,NA,NA,NA,NA,NA,NA,NA,NA,NA,NA,High,High,High,NA,NA,NA,NA,NA,NA,NA,NA,NA,NA,NA,NA,NA,NA,NA,NA,NA,NA,NA,NA,NA,NA,NA,NA,NA,NA,NA,NA,NA,NA,NA,NA,NA,NA,NA,NA,NA,NA,NA,NA,NA,NA,NA,NA,NA,NA,NA,NA
NA,NA,NA,NA,NA,NA,NA,NA,NA,NA,NA,NA,NA,NA,NA,NA,257,2026-02-20,16:09:01,4,4,"Wilson, Alec",10092217,Right,CAR_EAG,"Morris, Nick",10108627,Right,LEN_BEA,Undefined,6,Top,1,1,2,Slider,Curveball,BallCalled,Undefined,Undefined,Undefined,0,0,NA,71.23581,0.513704,-2.622804,2105.452602,48.533149,07:30:00,5.44053,1.79315,5.21892,-61.14043,-4.51642,-7.10008,0.82904,-1.26637,65.88219,-10.51367,-3.881922,0.541591,NA,NA,NA,NA,NA,NA,NA,NA,NA,NA,NA,2.80595,-1.88591,-1.54528,50,5.44193,4.99073,-103.33114,-1.02027,3.02602,17.62812,-34.20786,CAR_EAG,LEN_BEA,CarsonNewman,D2,Team,20260220-CarsonNewman-1,634fdad0-0ea0-11f1-8304-27cb6f288688,69.59571,NA,NA,5.35362,NA,NA,NA,NA,NA,NA,46df0e37-f40e-476d-8c8d-a76c06d1b556,2026-02-20,21:09:01,2026-02-20T21:09:01Z,2026-02-20T21:09:01Z,NA,v3,CNE,NA,NA,"Rogers, Jacob",1000215913,Right,CAR_EAG,d07e2cb5-1c88-46e0-ba56-b465d0fe4733,55.2842,-104.22872,8.81406,5.44953,0.7215,-17.10393,-1.79547,4.83665,1.51301,NA,NA,NA,NA,NA,NA,NA,NA,NA,NA,NA,NA,NA,NA,NA,NA,NA,NA,NA,NA,NA,NA,NA,NA,NA,NA,NA,NA,NA,NA,NA,NA,NA,NA,NA,NA,NA,NA,NA,NA,NA,NA,NA,NA,NA,NA,NA,NA,NA,NA,High,High,High,NA,NA,NA,NA,NA,NA,NA,NA,NA,NA,NA,NA,NA,NA,NA,NA,NA,NA,NA,NA,NA,NA,NA,NA,NA,NA,NA,NA,NA,NA,NA,NA,NA,NA,NA,NA,NA,NA,NA,NA,NA,NA,NA,NA,NA,NA,NA,NA
NA,NA,NA,NA,NA,NA,NA,NA,NA,NA,NA,NA,NA,NA,NA,NA,258,2026-02-20,16:09:39,4,5,"Wilson, Alec",10092217,Right,CAR_EAG,"Morris, Nick",10108627,Right,LEN_BEA,Undefined,6,Top,1,2,2,Fastball,Changeup,BallCalled,Undefined,Undefined,Undefined,0,0,NA,81.68726,-1.102666,-1.797734,1971.598514,225.30648,01:30:00,5.50662,1.78858,5.89736,-27.35635,14.33371,13.19934,2.20256,1.21892,75.12934,-6.205776,0.571883,0.464716,NA,NA,NA,NA,NA,NA,NA,NA,NA,NA,NA,-7.21418,8.02941,-1.6513,50,5.40209,3.21161,-118.65872,-3.10512,-10.33113,21.76213,-20.67547,CAR_EAG,LEN_BEA,CarsonNewman,D2,Team,20260220-CarsonNewman-1,79dc6840-0ea0-11f1-8304-27cb6f288688,81.10854,NA,NA,6.55792,NA,NA,NA,NA,NA,NA,46df0e37-f40e-476d-8c8d-a76c06d1b556,2026-02-20,21:09:39,2026-02-20T21:09:39Z,2026-02-20T21:09:39Z,NA,v3,CNE,NA,NA,"Rogers, Jacob",1000215913,Right,CAR_EAG,8694ecc2-3f07-42be-a923-8a76765c819e,54.60302,-119.49993,10.88106,5.50667,-2.30591,-10.33773,-1.78316,3.61096,-5.16556,NA,NA,NA,NA,NA,NA,NA,NA,NA,NA,NA,NA,NA,NA,NA,NA,NA,NA,NA,NA,NA,NA,NA,NA,NA,NA,NA,NA,NA,NA,NA,NA,NA,NA,NA,NA,NA,NA,NA,NA,NA,NA,NA,NA,NA,NA,NA,NA,NA,NA,High,High,High,NA,NA,NA,NA,NA,NA,NA,NA,NA,NA,NA,NA,NA,NA,NA,NA,NA,NA,NA,NA,NA,NA,NA,NA,NA,NA,NA,NA,NA,NA,NA,NA,NA,NA,NA,NA,NA,NA,NA,NA,NA,NA,NA,NA,NA,NA,NA,NA
NA,NA,NA,NA,NA,NA,NA,NA,NA,NA,NA,NA,NA,NA,NA,NA,259,2026-02-20,16:10:30,4,6,"Wilson, Alec",10092217,Right,CAR_EAG,"Morris, Nick",10108627,Right,LEN_BEA,Undefined,6,Top,1,3,2,Fastball,Changeup,StrikeCalled,Strikeout,Undefined,Undefined,0,0,NA,81.88619,-1.472507,-4.114623,1955.486617,218.183818,01:15:00,5.86163,1.57805,5.80687,-26.38872,15.70296,11.25071,2.28929,-1.31759,74.74361,-6.407481,-2.105335,0.466949,NA,NA,NA,NA,NA,NA,NA,NA,NA,NA,NA,-6.89599,8.84815,-1.24651,50,5.72482,8.08553,-118.57962,-3.8444,-9.79581,23.16923,-19.60519,CAR_EAG,LEN_BEA,CarsonNewman,D2,Team,20260220-CarsonNewman-1,982d5520-0ea0-11f1-8304-27cb6f288688,80.72068,NA,NA,7.14258,NA,NA,NA,NA,NA,NA,46df0e37-f40e-476d-8c8d-a76c06d1b556,2026-02-20,21:10:30,2026-02-20T21:10:30Z,2026-02-20T21:10:30Z,NA,v3,CNE,NA,NA,"Rogers, Jacob",1000215913,Right,CAR_EAG,0d361a59-8df0-4c63-ae80-864e185bb74f,54.69251,-119.49297,11.58461,5.86113,-3.07155,-9.80259,-1.57286,8.47169,-4.89791,NA,NA,NA,NA,NA,NA,NA,NA,NA,NA,NA,NA,NA,NA,NA,NA,NA,NA,NA,NA,NA,NA,NA,NA,NA,NA,NA,NA,NA,NA,NA,NA,NA,NA,NA,NA,NA,NA,NA,NA,NA,NA,NA,NA,NA,NA,NA,NA,NA,NA,High,High,High,NA,NA,NA,NA,NA,NA,NA,NA,NA,NA,NA,NA,NA,NA,NA,NA,NA,NA,NA,NA,NA,NA,NA,NA,NA,NA,NA,NA,NA,NA,NA,NA,NA,NA,NA,NA,NA,NA,NA,NA,NA,NA,NA,NA,NA,NA,NA,NA
NA,NA,NA,NA,NA,NA,NA,NA,NA,NA,NA,NA,NA,NA,NA,NA,260,2026-02-20,16:11:02,5,1,"Wilson, Alec",10092217,Right,CAR_EAG,"Beard, Drew",1000361012,Right,LEN_BEA,Undefined,6,Top,2,0,0,Slider,Curveball,BallCalled,Undefined,Undefined,Undefined,0,0,NA,71.33178,0.762743,-2.764535,2157.75998,55.857918,07:45:00,5.80444,1.66386,5.13828,-62.43472,-5.46229,-10.78634,1.32068,-1.84031,65.65057,-10.491712,-4.673428,0.543255,NA,NA,NA,NA,NA,NA,NA,NA,NA,NA,NA,4.51209,-2.32559,-1.39599,50,5.82807,5.39486,-103.37655,-0.65251,4.84335,18.53013,-34.67036,CAR_EAG,LEN_BEA,CarsonNewman,D2,Team,20260220-CarsonNewman-1,ab649d10-0ea0-11f1-8304-27cb6f288688,69.38259,NA,NA,5.6812,NA,NA,NA,NA,NA,NA,46df0e37-f40e-476d-8c8d-a76c06d1b556,2026-02-20,21:11:02,2026-02-20T21:11:02Z,2026-02-20T21:11:02Z,NA,v3,CNE,NA,NA,"Rogers, Jacob",1000215913,Right,CAR_EAG,a09ce5f5-28ee-4037-a3c1-5686d883f9f7,55.3638,-104.33358,9.26507,5.81553,1.13811,-17.33518,-1.66816,5.14471,2.42167,NA,NA,NA,NA,NA,NA,NA,NA,NA,NA,NA,NA,NA,NA,NA,NA,NA,NA,NA,NA,NA,NA,NA,NA,NA,NA,NA,NA,NA,NA,NA,NA,NA,NA,NA,NA,NA,NA,NA,NA,NA,NA,NA,NA,NA,NA,NA,NA,NA,NA,High,High,High,NA,NA,NA,NA,NA,NA,NA,NA,NA,NA,NA,NA,NA,NA,NA,NA,NA,NA,NA,NA,NA,NA,NA,NA,NA,NA,NA,NA,NA,NA,NA,NA,NA,NA,NA,NA,NA,NA,NA,NA,NA,NA,NA,NA,NA,NA,NA,NA
NA,NA,NA,NA,NA,NA,NA,NA,NA,NA,NA,NA,NA,NA,NA,NA,261,2026-02-20,16:11:22,5,2,"Wilson, Alec",10092217,Right,CAR_EAG,"Beard, Drew",1000361012,Right,LEN_BEA,Undefined,6,Top,2,1,0,Fastball,Changeup,InPlay,Undefined,LineDrive,Out,1,0,NA,80.95951,-1.245695,-3.709657,2005.132675,212.427753,01:00:00,5.87771,1.71478,5.7208,-23.65974,20.08773,11.71973,2.74308,-0.76898,72.84412,-5.737566,-1.619021,0.476045,97.64658,15.880672,-4.021528,6581.767839,109.65297,23.85976,-8.73057,288.38738,281.54388,-6.180662,2.601139,-7.19563,11.09497,-1.41184,50,5.75922,7.13318,-117.12957,-3.21511,-9.82564,25.64847,-17.0239,CAR_EAG,LEN_BEA,CarsonNewman,D2,Team,20260220-CarsonNewman-1,b70e7410-0ea0-11f1-8304-27cb6f288688,79.17835,25.81912,NA,8.11539,NA,NA,NA,1.63673,2.7809,0.74636,46df0e37-f40e-476d-8c8d-a76c06d1b556,2026-02-20,21:11:22,2026-02-20T21:11:22Z,2026-02-20T21:11:22Z,LineDrive,v3,CNE,NA,NA,"Rogers, Jacob",1000215913,Right,CAR_EAG,79e3737c-20a9-4fb9-bfdb-7a54920a02c0,54.77777,-118.17115,12.82424,5.87574,-2.52377,-8.51195,-1.70962,7.5322,-4.91282,125.137417,1.63682,137.40423,-14.806,2.31512,-0.23543,-0.11289,0.07195,-0.01865,0.00194,2.78085,39.19143,-18.06701,1.48087,-0.39552,0.16694,-0.059520000000000003,0.01362,-0.00136,0.74645,-9.6664,-2.15408,0.59262,0.08443,-0.14118,0.05571,-0.01056,8.1e-4,NA,NA,NA,NA,NA,NA,NA,NA,NA,NA,NA,NA,NA,NA,NA,NA,NA,NA,NA,NA,NA,NA,High,High,High,High,High,NA,NA,NA,NA,NA,NA,NA,NA,NA,NA,NA,NA,NA,NA,NA,NA,NA,NA,NA,NA,NA,NA,NA,NA,NA,NA,NA,NA,NA,NA,NA,NA,NA,NA,NA,NA,NA,NA,NA,NA,NA,NA,NA,NA,NA,NA
NA,NA,NA,NA,NA,NA,NA,NA,NA,NA,NA,NA,NA,NA,NA,NA,262,2026-02-20,16:13:35,1,1,"Burnley, Michael",10109139,Right,LEN_BEA,"Gibson, Aiden",10011511,Right,CAR_EAG,Undefined,6,Bottom,0,0,0,Fastball,Four-Seam,BallCalled,Undefined,Undefined,Undefined,0,0,NA,90.72446,-0.435217,-1.958364,2281.604599,192.722031,12:30:00,5.76004,0.51114,6.24301,-18.85796,14.78103,3.08784,3.78686,-1.03862,82.50692,-4.02897,-1.400985,0.417439,NA,NA,NA,NA,NA,NA,NA,NA,NA,NA,NA,-2.16433,8.11493,-0.3667,50,5.71819,4.37526,-131.73437,-1.54788,-3.78482,29.25507,-17.98329,CAR_EAG,LEN_BEA,CarsonNewman,D2,Team,20260220-CarsonNewman-1,0691d4a0-0ea1-11f1-8304-27cb6f288688,90.29451,NA,NA,8.21754,NA,NA,NA,NA,NA,NA,46df0e37-f40e-476d-8c8d-a76c06d1b556,2026-02-20,21:13:35,2026-02-20T21:13:35Z,2026-02-20T21:13:35Z,NA,v3,CNE,NA,NA,"Christmas, Seth",1000191967,Right,LEN_BEA,70f9d4df-34bf-4e47-ac7f-d69a8a731fa9,54.2557,-132.6761,14.62753,5.75869,-0.969,-8.99165,-0.5095,4.4971,-1.89241,NA,NA,NA,NA,NA,NA,NA,NA,NA,NA,NA,NA,NA,NA,NA,NA,NA,NA,NA,NA,NA,NA,NA,NA,NA,NA,NA,NA,NA,NA,NA,NA,NA,NA,NA,NA,NA,NA,NA,NA,NA,NA,NA,NA,NA,NA,NA,NA,NA,NA,High,High,High,NA,NA,NA,NA,NA,NA,NA,NA,NA,NA,NA,NA,NA,NA,NA,NA,NA,NA,NA,NA,NA,NA,NA,NA,NA,NA,NA,NA,NA,NA,NA,NA,NA,NA,NA,NA,NA,NA,NA,NA,NA,NA,NA,NA,NA,NA,NA,NA
NA,NA,NA,NA,NA,NA,NA,NA,NA,NA,NA,NA,NA,NA,NA,NA,263,2026-02-20,16:13:52,1,2,"Burnley, Michael",10109139,Right,LEN_BEA,"Gibson, Aiden",10011511,Right,CAR_EAG,Undefined,6,Bottom,0,1,0,Fastball,Four-Seam,FoulBallNotFieldable,Undefined,Undefined,Undefined,0,0,NA,88.56395,-2.612364,-1.686868,2257.374778,190.516343,12:15:00,5.7271,0.74925,6.54079,-19.87442,15.14824,2.59177,1.67216,-0.5824,80.63713,-6.401617,-1.215994,0.425938,NA,NA,NA,NA,NA,NA,NA,NA,NA,NA,NA,-1.86803,9.09229,-0.63341,50,5.5373,3.68638,-128.54583,-6.40131,-3.1015,28.56979,-17.07806,CAR_EAG,LEN_BEA,CarsonNewman,D2,Team,20260220-CarsonNewman-1,10a2e330-0ea1-11f1-8304-27cb6f288688,88.49288,NA,NA,7.92682,NA,NA,NA,NA,NA,NA,46df0e37-f40e-476d-8c8d-a76c06d1b556,2026-02-20,21:13:52,2026-02-20T21:13:52Z,2026-02-20T21:13:52Z,NA,v3,CNE,NA,NA,"Christmas, Seth",1000191967,Right,LEN_BEA,afb0a854-de4c-4004-84be-9c61ab45ebb8,53.959,-129.42274,14.28489,5.72574,-5.87712,-8.53903,-0.74802,3.78158,-1.55075,NA,NA,NA,NA,NA,NA,NA,NA,NA,NA,NA,NA,NA,NA,NA,NA,NA,NA,NA,NA,NA,NA,NA,NA,NA,NA,NA,NA,NA,NA,NA,NA,NA,NA,NA,NA,NA,NA,NA,NA,NA,NA,NA,NA,NA,NA,NA,NA,NA,NA,High,High,High,NA,NA,NA,NA,NA,NA,NA,NA,NA,NA,NA,NA,NA,NA,NA,NA,NA,NA,NA,NA,NA,NA,NA,NA,NA,NA,NA,NA,NA,NA,NA,NA,NA,NA,NA,NA,NA,NA,NA,NA,NA,NA,NA,NA,NA,NA,NA,NA
NA,NA,NA,NA,NA,NA,NA,NA,NA,NA,NA,NA,NA,NA,NA,NA,264,2026-02-20,16:14:13,1,3,"Burnley, Michael",10109139,Right,LEN_BEA,"Gibson, Aiden",10011511,Right,CAR_EAG,Undefined,6,Bottom,0,1,1,Fastball,Four-Seam,StrikeSwinging,Undefined,Undefined,Undefined,0,0,NA,88.60976,-0.707985,-0.587777,2170.476654,200.558544,12:45:00,6.01479,0.64848,5.99571,-15.72261,20.67678,7.20725,4.04842,0.70436,78.75736,-3.788555,0.708174,0.434229,NA,NA,NA,NA,NA,NA,NA,NA,NA,NA,NA,-3.85725,11.2156,-0.60583,50,5.95035,0.99882,-128.33306,-1.9655,-6.25274,33.48143,-13.99325,CAR_EAG,LEN_BEA,CarsonNewman,D2,Team,20260220-CarsonNewman-1,1d3ee260-0ea1-11f1-8304-27cb6f288688,86.803210000000007,NA,NA,9.85241,NA,NA,NA,NA,NA,NA,46df0e37-f40e-476d-8c8d-a76c06d1b556,2026-02-20,21:14:13,2026-02-20T21:14:13Z,2026-02-20T21:14:13Z,NA,v3,CNE,NA,NA,"Christmas, Seth",1000191967,Right,LEN_BEA,b51898fb-1da2-42c0-b0b6-6dcec9b2bdf7,54.49774,-129.50118,16.74072,6.01041,-1.47729,-6.99662,-0.64448,1.21697,-3.12637,NA,NA,NA,NA,NA,NA,NA,NA,NA,NA,NA,NA,NA,NA,NA,NA,NA,NA,NA,NA,NA,NA,NA,NA,NA,NA,NA,NA,NA,NA,NA,NA,NA,NA,NA,NA,NA,NA,NA,NA,NA,NA,NA,NA,NA,NA,NA,NA,NA,NA,High,High,High,NA,NA,NA,NA,NA,NA,NA,NA,NA,NA,NA,NA,NA,NA,NA,NA,NA,NA,NA,NA,NA,NA,NA,NA,NA,NA,NA,NA,NA,NA,NA,NA,NA,NA,NA,NA,NA,NA,NA,NA,NA,NA,NA,NA,NA,NA,NA,NA
NA,NA,NA,NA,NA,NA,NA,NA,NA,NA,NA,NA,NA,NA,NA,NA,265,2026-02-20,16:14:36,1,4,"Burnley, Michael",10109139,Right,LEN_BEA,"Gibson, Aiden",10011511,Right,CAR_EAG,Undefined,6,Bottom,0,1,2,Slider,Slider,FoulBallNotFieldable,Undefined,Undefined,Undefined,0,0,NA,78.22046,-0.290109,0.09844,2398.045603,120.013418,10:00:00,5.97359,0.6355,5.65997,-36.65612,10.14658,-14.60206,2.64837,-0.48953,70.66877,-7.101257,-2.513003,0.492387,58.62908,-36.169007,-74.441152,NA,NA,NA,NA,4.76949,4.76949,-42.188151,0.05448,7.47693,5.72366,-0.63424,50,5.92612,0.36197,-113.4278,-1.70073,9.5612,24.31879,-24.85486,CAR_EAG,LEN_BEA,CarsonNewman,D2,Team,20260220-CarsonNewman-1,2ad54720-0ea1-11f1-8304-27cb6f288688,76.55036,2.78083,NA,7.55169,NA,NA,NA,2.51363,2.78083,0.46142,46df0e37-f40e-476d-8c8d-a76c06d1b556,2026-02-20,21:14:36,2026-02-20T21:14:36Z,2026-02-20T21:14:36Z,GroundBall,v3,CNE,NA,NA,"Christmas, Seth",1000191967,Right,LEN_BEA,8aed9c22-dde0-44fe-a8f2-9c43ecdfbad7,54.83942,-114.46067,12.1594,5.97594,-0.6451,-12.42743,-0.64098,-0.04411,4.7806,180,2.51268,18.728,NA,NA,NA,NA,NA,NA,NA,2.78342,-51.04342,NA,NA,NA,NA,NA,NA,NA,0.46483,-67.26264,NA,NA,NA,NA,NA,NA,NA,NA,NA,NA,NA,NA,NA,NA,NA,NA,NA,NA,NA,NA,NA,NA,NA,NA,NA,NA,NA,NA,NA,High,High,High,High,High,NA,NA,NA,NA,NA,NA,NA,NA,NA,NA,NA,NA,NA,NA,NA,NA,NA,NA,NA,NA,NA,NA,NA,NA,NA,NA,NA,NA,NA,NA,NA,NA,NA,NA,NA,NA,NA,NA,NA,NA,NA,NA,NA,NA,NA,NA
NA,NA,NA,NA,NA,NA,NA,NA,NA,NA,NA,NA,NA,NA,NA,NA,266,2026-02-20,16:14:59,1,5,"Burnley, Michael",10109139,Right,LEN_BEA,"Gibson, Aiden",10011511,Right,CAR_EAG,Undefined,6,Bottom,0,1,2,Slider,Slider,BallCalled,Undefined,Undefined,Undefined,0,0,NA,79.40018,-0.397577,-0.905129,2486.518656,93.531601,09:00:00,5.87998,0.71925,5.52773,-43.5229,3.02977,-17.50068,1.88134,-1.5854,70.65694,-8.437427,-4.028188,0.49107,NA,NA,NA,NA,NA,NA,NA,NA,NA,NA,NA,8.38048,2.30055,-0.62899,50,5.81735,2.53773,-114.84047,-2.24667,10.77343,28.66331,-29.21658,CAR_EAG,LEN_BEA,CarsonNewman,D2,Team,20260220-CarsonNewman-1,387792c0-0ea1-11f1-8304-27cb6f288688,76.75569,NA,NA,8.74324,NA,NA,NA,NA,NA,NA,46df0e37-f40e-476d-8c8d-a76c06d1b556,2026-02-20,21:14:59,2026-02-20T21:14:59Z,2026-02-20T21:14:59Z,NA,v3,CNE,NA,NA,"Christmas, Seth",1000191967,Right,LEN_BEA,d2c32cd5-76e8-4314-a3d8-4046be96adf0,54.96716,-116.07362,14.33165,5.88697,-0.98973,-14.60829,-0.7282,2.07424,5.38672,NA,NA,NA,NA,NA,NA,NA,NA,NA,NA,NA,NA,NA,NA,NA,NA,NA,NA,NA,NA,NA,NA,NA,NA,NA,NA,NA,NA,NA,NA,NA,NA,NA,NA,NA,NA,NA,NA,NA,NA,NA,NA,NA,NA,NA,NA,NA,NA,NA,NA,High,High,High,NA,NA,NA,NA,NA,NA,NA,NA,NA,NA,NA,NA,NA,NA,NA,NA,NA,NA,NA,NA,NA,NA,NA,NA,NA,NA,NA,NA,NA,NA,NA,NA,NA,NA,NA,NA,NA,NA,NA,NA,NA,NA,NA,NA,NA,NA,NA,NA
NA,NA,NA,NA,NA,NA,NA,NA,NA,NA,NA,NA,NA,NA,NA,NA,267,2026-02-20,16:15:22,1,6,"Burnley, Michael",10109139,Right,LEN_BEA,"Gibson, Aiden",10011511,Right,CAR_EAG,Undefined,6,Bottom,0,2,2,Slider,Slider,BallCalled,Undefined,Undefined,Undefined,0,0,NA,76.66292,-0.235441,-0.84295,2382.628055,92.696635,09:00:00,5.76972,0.48318,5.45587,-47.12408,2.57689,-12.66363,1.62229,-1.3612899999999999,68.74616,-8.903335,-3.101089,0.507404,NA,NA,NA,NA,NA,NA,NA,NA,NA,NA,NA,6.03477,1.97965,-0.39999,50,5.7173,2.13204,-110.96727,-1.9876,7.2985,25.41596,-29.77982,CAR_EAG,LEN_BEA,CarsonNewman,D2,Team,20260220-CarsonNewman-1,46b31120-0ea1-11f1-8304-27cb6f288688,74.2849,NA,NA,7.91676,NA,NA,NA,NA,NA,NA,46df0e37-f40e-476d-8c8d-a76c06d1b556,2026-02-20,21:15:22,2026-02-20T21:15:22Z,2026-02-20T21:15:22Z,NA,v3,CNE,NA,NA,"Christmas, Seth",1000191967,Right,LEN_BEA,e94c5b08-864a-4d97-8064-97a86396d685,55.04092,-112.1159,12.70798,5.77672,-0.64176,-14.88991,-0.48889,1.8022,3.64925,NA,NA,NA,NA,NA,NA,NA,NA,NA,NA,NA,NA,NA,NA,NA,NA,NA,NA,NA,NA,NA,NA,NA,NA,NA,NA,NA,NA,NA,NA,NA,NA,NA,NA,NA,NA,NA,NA,NA,NA,NA,NA,NA,NA,NA,NA,NA,NA,NA,NA,High,High,High,NA,NA,NA,NA,NA,NA,NA,NA,NA,NA,NA,NA,NA,NA,NA,NA,NA,NA,NA,NA,NA,NA,NA,NA,NA,NA,NA,NA,NA,NA,NA,NA,NA,NA,NA,NA,NA,NA,NA,NA,NA,NA,NA,NA,NA,NA,NA,NA
NA,NA,NA,NA,NA,NA,NA,NA,NA,NA,NA,NA,NA,NA,NA,NA,268,2026-02-20,16:15:43,1,7,"Burnley, Michael",10109139,Right,LEN_BEA,"Gibson, Aiden",10011511,Right,CAR_EAG,Undefined,6,Bottom,0,3,2,Fastball,Four-Seam,FoulBallNotFieldable,Undefined,Undefined,Undefined,0,0,NA,88.80802,-2.754345,-1.179081,2267.893716,191.274295,12:30:00,5.88419,0.60979,6.44897,-17.90544,17.91942,3.27441,1.8589,-0.20084,78.88072,-6.239849,-0.585097,0.430788,NA,NA,NA,NA,NA,NA,NA,NA,NA,NA,NA,-2.15768,10.8219,-0.5276,50,5.68084,2.51553,-128.58271,-6.63034,-3.49064,35.02589,-14.66676,CAR_EAG,LEN_BEA,CarsonNewman,D2,Team,20260220-CarsonNewman-1,52d79660-0ea1-11f1-8304-27cb6f288688,87.49648,NA,NA,9.9273,NA,NA,NA,NA,NA,NA,46df0e37-f40e-476d-8c8d-a76c06d1b556,2026-02-20,21:15:43,2026-02-20T21:15:43Z,2026-02-20T21:15:43Z,NA,v3,CNE,NA,NA,"Christmas, Seth",1000191967,Right,LEN_BEA,826fc1f9-f341-4191-9863-aeb460bbbfd6,54.04749,-129.68056,17.51294,5.88146,-6.17062,-7.33338,-0.60816,2.62494,-1.74532,NA,NA,NA,NA,NA,NA,NA,NA,NA,NA,NA,NA,NA,NA,NA,NA,NA,NA,NA,NA,NA,NA,NA,NA,NA,NA,NA,NA,NA,NA,NA,NA,NA,NA,NA,NA,NA,NA,NA,NA,NA,NA,NA,NA,NA,NA,NA,NA,NA,NA,High,High,High,NA,NA,NA,NA,NA,NA,NA,NA,NA,NA,NA,NA,NA,NA,NA,NA,NA,NA,NA,NA,NA,NA,NA,NA,NA,NA,NA,NA,NA,NA,NA,NA,NA,NA,NA,NA,NA,NA,NA,NA,NA,NA,NA,NA,NA,NA,NA,NA
NA,NA,NA,NA,NA,NA,NA,NA,NA,NA,NA,NA,NA,NA,NA,NA,269,2026-02-20,16:16:08,1,8,"Burnley, Michael",10109139,Right,LEN_BEA,"Gibson, Aiden",10011511,Right,CAR_EAG,Undefined,6,Bottom,0,3,2,Fastball,Four-Seam,FoulBallNotFieldable,Undefined,Undefined,Undefined,0,0,NA,90.05307,-1.329785,-1.689022,2269.654282,194.178891,12:30:00,5.83807,0.59025,6.31184,-19.09446,14.88237,3.48276,3.02113,-0.67588,82.17944,-4.961907,-1.059227,0.41953,NA,NA,NA,NA,NA,NA,NA,NA,NA,NA,NA,-2.30291,8.46158,-0.46812,50,5.73137,3.71869,-130.82015,-3.58655,-3.97848,28.39761,-17.55596,CAR_EAG,LEN_BEA,CarsonNewman,D2,Team,20260220-CarsonNewman-1,617dbd70-0ea1-11f1-8304-27cb6f288688,89.8445,NA,NA,7.87363,NA,NA,NA,NA,NA,NA,46df0e37-f40e-476d-8c8d-a76c06d1b556,2026-02-20,21:16:08,2026-02-20T21:16:08Z,2026-02-20T21:16:08Z,NA,v3,CNE,NA,NA,"Christmas, Seth",1000191967,Right,LEN_BEA,c83470a8-b5a8-412b-99a3-7b89ff72f81b,54.18883,-131.7263,14.19881,5.83688,-3.02636,-8.77798,-0.5888,3.84564,-1.98924,NA,NA,NA,NA,NA,NA,NA,NA,NA,NA,NA,NA,NA,NA,NA,NA,NA,NA,NA,NA,NA,NA,NA,NA,NA,NA,NA,NA,NA,NA,NA,NA,NA,NA,NA,NA,NA,NA,NA,NA,NA,NA,NA,NA,NA,NA,NA,NA,NA,NA,High,High,High,NA,NA,NA,NA,NA,NA,NA,NA,NA,NA,NA,NA,NA,NA,NA,NA,NA,NA,NA,NA,NA,NA,NA,NA,NA,NA,NA,NA,NA,NA,NA,NA,NA,NA,NA,NA,NA,NA,NA,NA,NA,NA,NA,NA,NA,NA,NA,NA
NA,NA,NA,NA,NA,NA,NA,NA,NA,NA,NA,NA,NA,NA,NA,NA,270,2026-02-20,16:16:33,1,9,"Burnley, Michael",10109139,Right,LEN_BEA,"Gibson, Aiden",10011511,Right,CAR_EAG,Undefined,6,Bottom,0,3,2,ChangeUp,Changeup,BallCalled,Walk,Undefined,Undefined,0,0,NA,84.90024,-2.150183,-1.032089,1272.432008,268.449017,03:00:00,6.28908,0.85705,5.93876,-37.76368,2.21528,21.17576,1.14612,1.66412,75.8439,-9.151001,2.782489,0.455079,NA,NA,NA,NA,NA,NA,NA,NA,NA,NA,NA,-11.1452,2.47366,-0.78606,50,6.09696,1.32802,-122.89079,-5.88297,-16.45706,32.15682,-28.52143,CAR_EAG,LEN_BEA,CarsonNewman,D2,Team,20260220-CarsonNewman-1,70e586d0-0ea1-11f1-8304-27cb6f288688,82.82609,NA,NA,9.05633,NA,NA,NA,NA,NA,NA,46df0e37-f40e-476d-8c8d-a76c06d1b556,2026-02-20,21:16:33,2026-02-20T21:16:33Z,2026-02-20T21:16:33Z,NA,v3,CNE,NA,NA,"Christmas, Seth",1000191967,Right,LEN_BEA,51972106-bc0b-42fd-af69-4aa23ba07c5d,54.55818,-124.0778,16.07841,6.29469,-4.83016,-14.26072,-0.84629,1.9355,-8.22853,NA,NA,NA,NA,NA,NA,NA,NA,NA,NA,NA,NA,NA,NA,NA,NA,NA,NA,NA,NA,NA,NA,NA,NA,NA,NA,NA,NA,NA,NA,NA,NA,NA,NA,NA,NA,NA,NA,NA,NA,NA,NA,NA,NA,NA,NA,NA,NA,NA,NA,High,High,High,NA,NA,NA,NA,NA,NA,NA,NA,NA,NA,NA,NA,NA,NA,NA,NA,NA,NA,NA,NA,NA,NA,NA,NA,NA,NA,NA,NA,NA,NA,NA,NA,NA,NA,NA,NA,NA,NA,NA,NA,NA,NA,NA,NA,NA,NA,NA,NA
NA,NA,NA,NA,NA,NA,NA,NA,NA,NA,NA,NA,NA,NA,NA,NA,271,2026-02-20,16:17:09,2,1,"Burnley, Michael",10109139,Right,LEN_BEA,"Pierce, Johno",10069844,Right,CAR_EAG,Undefined,6,Bottom,0,0,0,Slider,Slider,BallCalled,Undefined,Undefined,Undefined,0,0,NA,76.09988,2.324207,0.989939,2228.836512,94.078602,09:15:00,5.69718,0.72302,5.71034,-46.65227,3.17614,-17.46178,3.97644,0.19027,68.01363,-6.34262,-2.132985,0.508054,NA,NA,NA,NA,NA,NA,NA,NA,NA,NA,NA,9.0891,1.42894,-0.79548,50,5.86393,-1.22108,-110.15042,3.01443,10.88034,24.24473,-30.46351,CAR_EAG,LEN_BEA,CarsonNewman,D2,Team,20260220-CarsonNewman-1,861ac1a0-0ea1-11f1-8304-27cb6f288688,74.1898,NA,NA,8.08625,NA,NA,NA,NA,NA,NA,46df0e37-f40e-476d-8c8d-a76c06d1b556,2026-02-20,21:17:09,2026-02-20T21:17:09Z,2026-02-20T21:17:09Z,NA,v3,CNE,NA,NA,"Christmas, Seth",1000191967,Right,LEN_BEA,c9251236-2141-409b-99fa-8db66ed6bca0,54.78607,-111.19887,12.12237,5.70509,4.33181,-15.23176,-0.7325,-1.69159,5.44017,NA,NA,NA,NA,NA,NA,NA,NA,NA,NA,NA,NA,NA,NA,NA,NA,NA,NA,NA,NA,NA,NA,NA,NA,NA,NA,NA,NA,NA,NA,NA,NA,NA,NA,NA,NA,NA,NA,NA,NA,NA,NA,NA,NA,NA,NA,NA,NA,NA,NA,High,High,High,NA,NA,NA,NA,NA,NA,NA,NA,NA,NA,NA,NA,NA,NA,NA,NA,NA,NA,NA,NA,NA,NA,NA,NA,NA,NA,NA,NA,NA,NA,NA,NA,NA,NA,NA,NA,NA,NA,NA,NA,NA,NA,NA,NA,NA,NA,NA,NA
NA,NA,NA,NA,NA,NA,NA,NA,NA,NA,NA,NA,NA,NA,NA,NA,272,2026-02-20,16:17:28,2,2,"Burnley, Michael",10109139,Right,LEN_BEA,"Pierce, Johno",10069844,Right,CAR_EAG,Undefined,6,Bottom,0,1,0,Fastball,Four-Seam,InPlay,Undefined,LineDrive,Out,2,0,NA,88.61121,-1.723603,-1.170337,2186.969641,192.384971,12:30:00,5.84674,0.70191,6.42623,-20.4382,14.95599,3.00126,2.55843,-0.1239,79.9182,-5.636394,-0.626121,0.428191,94.7749,4.277584,39.30307,3706.151636,NA,NA,NA,131.91541,83.70718,43.330883,1.099553,-1.94634,8.74567,-0.61976,50,5.71456,2.50738,-128.57536,-4.42892,-3.20378,30.80882,-17.77813,CAR_EAG,LEN_BEA,CarsonNewman,D2,Team,20260220-CarsonNewman-1,91b04d50-0ea1-11f1-8304-27cb6f288688,88.02718,4.90959,NA,8.69301,NA,NA,NA,0.48956,2.61562,0.07108,46df0e37-f40e-476d-8c8d-a76c06d1b556,2026-02-20,21:17:28,2026-02-20T21:17:28Z,2026-02-20T21:17:28Z,GroundBall,v3,CNE,NA,NA,"Christmas, Seth",1000191967,Right,LEN_BEA,19388a19-1a7d-4306-8016-b5a937e2e84a,54.07184,-129.54737,15.40441,5.84544,-3.86803,-8.88907,-0.70046,2.60845,-1.60189,NA,0.69781,104.64367,-16.53204,NA,NA,NA,NA,NA,NA,2.62705,10.23851,-11.49509,NA,NA,NA,NA,NA,NA,0.08638,87.62853,-4.90747,NA,NA,NA,NA,NA,NA,NA,NA,NA,NA,NA,NA,NA,NA,NA,NA,NA,NA,NA,NA,NA,NA,NA,NA,NA,NA,NA,NA,High,High,High,High,Medium,NA,NA,NA,NA,NA,NA,NA,NA,NA,NA,NA,NA,NA,NA,NA,NA,NA,NA,NA,NA,NA,NA,NA,NA,NA,NA,NA,NA,NA,NA,NA,NA,NA,NA,NA,NA,NA,NA,NA,NA,NA,NA,NA,NA,NA,NA
NA,NA,NA,NA,NA,NA,NA,NA,NA,NA,NA,NA,NA,NA,NA,NA,273,2026-02-20,16:18:15,3,1,"Burnley, Michael",10109139,Right,LEN_BEA,"Benner, Seth",1000370212,Right,CAR_EAG,Undefined,6,Bottom,2,0,0,Fastball,Four-Seam,StrikeSwinging,Undefined,Undefined,Undefined,0,0,NA,89.87871,-2.100262,-2.074549,2214.128088,209.821815,01:00:00,5.70347,1.00884,6.45496,-19.52422,14.68761,7.73591,2.14483,-0.25321,81.49147,-5.829767,-0.671802,0.420978,NA,NA,NA,NA,NA,NA,NA,NA,NA,NA,NA,-4.65485,8.66934,-0.86504,50,5.54583,4.40997,-130.39998,-5.32333,-7.93207,30.06621,-17.40105,CAR_EAG,LEN_BEA,CarsonNewman,D2,Team,20260220-CarsonNewman-1,ad7f4a40-0ea1-11f1-8304-27cb6f288688,89.5354,NA,NA,8.38724,NA,NA,NA,NA,NA,NA,46df0e37-f40e-476d-8c8d-a76c06d1b556,2026-02-20,21:18:15,2026-02-20T21:18:15Z,2026-02-20T21:18:15Z,NA,v3,CNE,NA,NA,"Christmas, Seth",1000191967,Right,LEN_BEA,dd4fcc6d-cb47-437f-8329-9b8ed59fe40c,54.04325,-131.32892,15.0331,5.70199,-4.7857,-8.70053,-1.00508,4.65505,-3.96604,NA,NA,NA,NA,NA,NA,NA,NA,NA,NA,NA,NA,NA,NA,NA,NA,NA,NA,NA,NA,NA,NA,NA,NA,NA,NA,NA,NA,NA,NA,NA,NA,NA,NA,NA,NA,NA,NA,NA,NA,NA,NA,NA,NA,NA,NA,NA,NA,NA,NA,High,High,High,NA,NA,NA,NA,NA,NA,NA,NA,NA,NA,NA,NA,NA,NA,NA,NA,NA,NA,NA,NA,NA,NA,NA,NA,NA,NA,NA,NA,NA,NA,NA,NA,NA,NA,NA,NA,NA,NA,NA,NA,NA,NA,NA,NA,NA,NA,NA,NA
NA,NA,NA,NA,NA,NA,NA,NA,NA,NA,NA,NA,NA,NA,NA,NA,274,2026-02-20,16:18:32,3,2,"Burnley, Michael",10109139,Right,LEN_BEA,"Benner, Seth",1000370212,Right,CAR_EAG,Undefined,6,Bottom,2,0,1,Slider,Slider,StrikeSwinging,Undefined,Undefined,Undefined,0,0,NA,78.10685,0.649741,-0.044508,2279.644302,87.169491,09:00:00,6.14129,0.81443,5.39271,-46.23416,0.82984,-15.45072,2.89743,-0.51485,71.1647,-7.806566,-2.795353,0.49376,NA,NA,NA,NA,NA,NA,NA,NA,NA,NA,NA,7.69654,0.74173,-0.79947,50,6.16719,0.70929,-113.30938,-0.28182,9.9052,22.65413,-31.21944,CAR_EAG,LEN_BEA,CarsonNewman,D2,Team,20260220-CarsonNewman-1,b7c06980-0ea1-11f1-8304-27cb6f288688,76.33758,NA,NA,6.94215,NA,NA,NA,NA,NA,NA,46df0e37-f40e-476d-8c8d-a76c06d1b556,2026-02-20,21:18:32,2026-02-20T21:18:32Z,2026-02-20T21:18:32Z,NA,v3,CNE,NA,NA,"Christmas, Seth",1000191967,Right,LEN_BEA,0cafb836-b594-421a-9824-f70881eec6b8,55.1073,-114.32593,11.32707,6.1484,1.11907,-15.60972,-0.82132,0.26482,4.9526,NA,NA,NA,NA,NA,NA,NA,NA,NA,NA,NA,NA,NA,NA,NA,NA,NA,NA,NA,NA,NA,NA,NA,NA,NA,NA,NA,NA,NA,NA,NA,NA,NA,NA,NA,NA,NA,NA,NA,NA,NA,NA,NA,NA,NA,NA,NA,NA,NA,NA,High,High,High,NA,NA,NA,NA,NA,NA,NA,NA,NA,NA,NA,NA,NA,NA,NA,NA,NA,NA,NA,NA,NA,NA,NA,NA,NA,NA,NA,NA,NA,NA,NA,NA,NA,NA,NA,NA,NA,NA,NA,NA,NA,NA,NA,NA,NA,NA,NA,NA
NA,NA,NA,NA,NA,NA,NA,NA,NA,NA,NA,NA,NA,NA,NA,NA,275,2026-02-20,16:18:51,3,3,"Burnley, Michael",10109139,Right,LEN_BEA,"Benner, Seth",1000370212,Right,CAR_EAG,Undefined,6,Bottom,2,0,2,Slider,Slider,StrikeSwinging,Strikeout,Undefined,Undefined,0,0,NA,77.97065,-1.624143,-0.327485,2333.020792,83.012877,08:45:00,6.20847,0.44158,5.52383,-47.51538,0.48209,-11.78402,0.72995,-0.8466,70.07898,-10.32872,-2.435066,0.498632,NA,NA,NA,NA,NA,NA,NA,NA,NA,NA,NA,5.80705,1.42378,-0.40511,50,6.036,1.11151,-112.84179,-4.7673,7.25261,26.53052,-30.39585,CAR_EAG,LEN_BEA,CarsonNewman,D2,Team,20260220-CarsonNewman-1,c3095bd0-0ea1-11f1-8304-27cb6f288688,75.59164,NA,NA,7.89166,NA,NA,NA,NA,NA,NA,46df0e37-f40e-476d-8c8d-a76c06d1b556,2026-02-20,21:18:51,2026-02-20T21:18:51Z,2026-02-20T21:18:51Z,NA,v3,CNE,NA,NA,"Christmas, Seth",1000191967,Right,LEN_BEA,af61cf9e-14d4-4225-b693-8503c28c68d3,54.97345,-114.00511,13.26526,6.21582,-3.43449,-15.19792,-0.44687,0.79349,3.6263,NA,NA,NA,NA,NA,NA,NA,NA,NA,NA,NA,NA,NA,NA,NA,NA,NA,NA,NA,NA,NA,NA,NA,NA,NA,NA,NA,NA,NA,NA,NA,NA,NA,NA,NA,NA,NA,NA,NA,NA,NA,NA,NA,NA,NA,NA,NA,NA,NA,NA,High,High,High,NA,NA,NA,NA,NA,NA,NA,NA,NA,NA,NA,NA,NA,NA,NA,NA,NA,NA,NA,NA,NA,NA,NA,NA,NA,NA,NA,NA,NA,NA,NA,NA,NA,NA,NA,NA,NA,NA,NA,NA,NA,NA,NA,NA,NA,NA,NA,NA
NA,NA,NA,NA,NA,NA,NA,NA,NA,NA,NA,NA,NA,NA,NA,NA,276,2026-02-20,16:20:53,1,1,"Wilson, Alec",10092217,Right,CAR_EAG,"Murchison, Trent",10032231,Left,LEN_BEA,Undefined,7,Top,0,0,0,ChangeUp,Changeup,StrikeCalled,Undefined,Undefined,Undefined,0,0,NA,74.40458,1.625294,-1.383899,1638.710657,274.040315,03:15:00,5.53226,1.9622,6.20512,-50.26688,0.5015,19.20446,2.84443,2.28491,67.16297,-7.742472,2.085756,0.512823,NA,NA,NA,NA,NA,NA,NA,NA,NA,NA,NA,-10.24855,0.38449,-1.86665,50,5.63049,1.91706,-107.92661,1.61712,-11.8501,22.2328,-31.72948,CAR_EAG,LEN_BEA,CarsonNewman,D2,Team,20260220-CarsonNewman-1,0b7f77f0-0ea2-11f1-8304-27cb6f288688,73.49983,NA,NA,7.24161,NA,NA,NA,NA,NA,NA,46df0e37-f40e-476d-8c8d-a76c06d1b556,2026-02-20,21:20:53,2026-02-20T21:20:53Z,2026-02-20T21:20:53Z,NA,v3,CNE,NA,NA,"Hammond, Kevin",10120878,Right,CAR_EAG,05551089-03a4-4f77-a32e-2a8e0eb85bdb,54.29352,-108.80747,11.1164,5.54151,2.87425,-15.86474,-1.95191,2.38656,-5.92505,NA,NA,NA,NA,NA,NA,NA,NA,NA,NA,NA,NA,NA,NA,NA,NA,NA,NA,NA,NA,NA,NA,NA,NA,NA,NA,NA,NA,NA,NA,NA,NA,NA,NA,NA,NA,NA,NA,NA,NA,NA,NA,NA,NA,NA,NA,NA,NA,NA,NA,High,High,High,NA,NA,NA,NA,NA,NA,NA,NA,NA,NA,NA,NA,NA,NA,NA,NA,NA,NA,NA,NA,NA,NA,NA,NA,NA,NA,NA,NA,NA,NA,NA,NA,NA,NA,NA,NA,NA,NA,NA,NA,NA,NA,NA,NA,NA,NA,NA,NA
NA,NA,NA,NA,NA,NA,NA,NA,NA,NA,NA,NA,NA,NA,NA,NA,277,NA,NA,1,2,"Wilson, Alec",10092217,Right,CAR_EAG,"Murchison, Trent",10032231,Left,LEN_BEA,Undefined,7,Top,0,0,1,ChangeUp,NA,StrikeCalled,Undefined,Undefined,Undefined,0,0,NA,NA,NA,NA,NA,NA,NA,NA,NA,NA,NA,NA,NA,NA,NA,NA,NA,NA,NA,NA,NA,NA,NA,NA,NA,NA,NA,NA,NA,NA,NA,NA,NA,NA,NA,NA,NA,NA,NA,NA,NA,CAR_EAG,LEN_BEA,CarsonNewman,D2,Team,20260220-CarsonNewman-1,3498b571-0ea2-11f1-8304-27cb6f288688,NA,NA,NA,NA,NA,NA,NA,NA,NA,NA,46df0e37-f40e-476d-8c8d-a76c06d1b556,NA,NA,NA,NA,NA,v3,CNE,NA,NA,"Hammond, Kevin",10120878,Right,CAR_EAG,3498b570-0ea2-11f1-8304-27cb6f288688,NA,NA,NA,NA,NA,NA,NA,NA,NA,NA,NA,NA,NA,NA,NA,NA,NA,NA,NA,NA,NA,NA,NA,NA,NA,NA,NA,NA,NA,NA,NA,NA,NA,NA,NA,NA,NA,NA,NA,NA,NA,NA,NA,NA,NA,NA,NA,NA,NA,NA,NA,NA,NA,NA,NA,NA,NA,NA,NA,NA,NA,NA,NA,NA,NA,NA,NA,NA,NA,NA,NA,NA,NA,NA,NA,NA,NA,NA,NA,NA,NA,NA,NA,NA,NA,NA,NA,NA,NA,NA,NA,NA,NA,NA,NA,NA,NA,NA,NA,NA,NA,NA,NA,NA,NA,NA,NA,NA,NA,NA
NA,NA,NA,NA,NA,NA,NA,NA,NA,NA,NA,NA,NA,NA,NA,NA,278,2026-02-20,16:21:42,1,3,"Wilson, Alec",10092217,Right,CAR_EAG,"Murchison, Trent",10032231,Left,LEN_BEA,Undefined,7,Top,0,0,2,ChangeUp,Changeup,StrikeSwinging,Strikeout,Undefined,Undefined,1,0,NA,74.1517,0.719879,-1.96083,1602.516534,245.826019,02:15:00,5.67178,2.10825,5.94227,-44.90435,6.59166,10.53363,2.59796,1.1664,67.09635,-7.632172,-0.067957,0.516485,NA,NA,NA,NA,NA,NA,NA,NA,NA,NA,NA,-5.97489,3.74894,-1.95752,50,5.70456,3.29687,-107.49608,0.053,-6.88103,21.37441,-27.85656,CAR_EAG,LEN_BEA,CarsonNewman,D2,Team,20260220-CarsonNewman-1,28e1e620-0ea2-11f1-8304-27cb6f288688,72.9787,NA,NA,7.05534,NA,NA,NA,NA,NA,NA,46df0e37-f40e-476d-8c8d-a76c06d1b556,2026-02-20,21:21:42,2026-02-20T21:21:42Z,2026-02-20T21:21:42Z,NA,v3,CNE,NA,NA,"Hammond, Kevin",10120878,Right,CAR_EAG,7bb4b59b-bc59-451b-800b-91aa08ca97b2,54.55473,-108.39795,10.6872,5.67752,1.22839,-13.92828,-2.10275,3.58721,-3.44051,NA,NA,NA,NA,NA,NA,NA,NA,NA,NA,NA,NA,NA,NA,NA,NA,NA,NA,NA,NA,NA,NA,NA,NA,NA,NA,NA,NA,NA,NA,NA,NA,NA,NA,NA,NA,NA,NA,NA,NA,NA,NA,NA,NA,NA,NA,NA,NA,NA,NA,High,High,High,NA,NA,NA,NA,NA,NA,NA,NA,NA,NA,NA,NA,NA,NA,NA,NA,NA,NA,NA,NA,NA,NA,NA,NA,NA,NA,NA,NA,NA,NA,NA,NA,NA,NA,NA,NA,NA,NA,NA,NA,NA,NA,NA,NA,NA,NA,NA,NA
NA,NA,NA,NA,NA,NA,NA,NA,NA,NA,NA,NA,NA,NA,NA,NA,279,2026-02-20,16:22:07,2,1,"Wilson, Alec",10092217,Right,CAR_EAG,"Lackey, Lleyton",813440,Left,LEN_BEA,Undefined,7,Top,1,0,0,Slider,Curveball,StrikeCalled,Undefined,Undefined,Undefined,0,0,NA,70.55481,2.280818,-0.07388,2154.841237,61.268163,08:00:00,5.88572,1.81282,5.26579,-65.83771,-6.24906,-15.94127,2.54308,0.41497,62.86681,-9.765341,-2.906025,0.555588,NA,NA,NA,NA,NA,NA,NA,NA,NA,NA,NA,7.8267,-3.15146,-1.79414,50,6.0472,0.73856,-101.97971,1.96635,7.93392,22.60782,-35.36869,CAR_EAG,LEN_BEA,CarsonNewman,D2,Team,20260220-CarsonNewman-1,37b3ff30-0ea2-11f1-8304-27cb6f288688,67.84238,NA,NA,7.68799,NA,NA,NA,NA,NA,NA,46df0e37-f40e-476d-8c8d-a76c06d1b556,2026-02-20,21:22:07,2026-02-20T21:22:07Z,2026-02-20T21:22:07Z,NA,v3,CNE,NA,NA,"Hammond, Kevin",10120878,Right,CAR_EAG,2e681d67-a7c2-4c62-8c75-27c31ce1cd74,55.23148,-103.13296,11.30391,5.90087,3.77053,-17.68434,-1.8215,0.33385,3.96696,NA,NA,NA,NA,NA,NA,NA,NA,NA,NA,NA,NA,NA,NA,NA,NA,NA,NA,NA,NA,NA,NA,NA,NA,NA,NA,NA,NA,NA,NA,NA,NA,NA,NA,NA,NA,NA,NA,NA,NA,NA,NA,NA,NA,NA,NA,NA,NA,NA,NA,High,High,High,NA,NA,NA,NA,NA,NA,NA,NA,NA,NA,NA,NA,NA,NA,NA,NA,NA,NA,NA,NA,NA,NA,NA,NA,NA,NA,NA,NA,NA,NA,NA,NA,NA,NA,NA,NA,NA,NA,NA,NA,NA,NA,NA,NA,NA,NA,NA,NA
NA,NA,NA,NA,NA,NA,NA,NA,NA,NA,NA,NA,NA,NA,NA,NA,280,2026-02-20,16:22:21,2,2,"Wilson, Alec",10092217,Right,CAR_EAG,"Lackey, Lleyton",813440,Left,LEN_BEA,Undefined,7,Top,1,0,1,ChangeUp,Changeup,BallCalled,Undefined,Undefined,Undefined,0,0,NA,73.91929,1.613424,-1.781853,1588.375977,251.050349,02:15:00,5.57209,1.98284,6.05887,-43.40557,7.88272,17.86099,3.44947,1.82143,67.13176,-6.484664,1.432918,0.515443,NA,NA,NA,NA,NA,NA,NA,NA,NA,NA,NA,-9.62843,4.13701,-1.85323,50,5.67478,2.69722,-107.24063,1.80286,-11.10508,20.209,-27.40256,CAR_EAG,LEN_BEA,CarsonNewman,D2,Team,20260220-CarsonNewman-1,405e78e0-0ea2-11f1-8304-27cb6f288688,73.1263,NA,NA,6.78753,NA,NA,NA,NA,NA,NA,46df0e37-f40e-476d-8c8d-a76c06d1b556,2026-02-20,21:22:21,2026-02-20T21:22:21Z,2026-02-20T21:22:21Z,NA,v3,CNE,NA,NA,"Hammond, Kevin",10120878,Right,CAR_EAG,f20aed7a-9e78-44dc-88dd-3ef02b85f991,54.43964,-108.07402,10.1045,5.57713,2.93291,-13.70128,-1.9739,3.15518,-5.55254,NA,NA,NA,NA,NA,NA,NA,NA,NA,NA,NA,NA,NA,NA,NA,NA,NA,NA,NA,NA,NA,NA,NA,NA,NA,NA,NA,NA,NA,NA,NA,NA,NA,NA,NA,NA,NA,NA,NA,NA,NA,NA,NA,NA,NA,NA,NA,NA,NA,NA,High,High,High,NA,NA,NA,NA,NA,NA,NA,NA,NA,NA,NA,NA,NA,NA,NA,NA,NA,NA,NA,NA,NA,NA,NA,NA,NA,NA,NA,NA,NA,NA,NA,NA,NA,NA,NA,NA,NA,NA,NA,NA,NA,NA,NA,NA,NA,NA,NA,NA
NA,NA,NA,NA,NA,NA,NA,NA,NA,NA,NA,NA,NA,NA,NA,NA,281,2026-02-20,16:22:36,2,3,"Wilson, Alec",10092217,Right,CAR_EAG,"Lackey, Lleyton",813440,Left,LEN_BEA,Undefined,7,Top,1,1,0,Slider,Curveball,InPlay,Undefined,FlyBall,Out,1,0,NA,69.65649,2.010491,-0.363208,2172.765885,73.995438,08:30:00,5.56718,1.79439,5.24798,-64.50984,-3.0289,-19.83517,2.08155,-0.19987,61.83314,-9.817582,-3.88522,0.564341,92.41462,54.779974,25.125243,NA,101.85851,147.90185,41.53113,204.02136,87.71571,20.99459,6.211514,9.77375,-1.63693,-1.74548,50,5.70458,1.36139,-100.65288,1.55641,9.59016,22.94797,-33.78024,CAR_EAG,LEN_BEA,CarsonNewman,D2,Team,20260220-CarsonNewman-1,49481e70-0ea2-11f1-8304-27cb6f288688,66.79019,152.33225,NA,7.82336,NA,NA,NA,1.96848,2.40961,0.22925,46df0e37-f40e-476d-8c8d-a76c06d1b556,2026-02-20,21:22:36,2026-02-20T21:22:36Z,2026-02-20T21:22:36Z,FlyBall,v3,CNE,NA,NA,"Hammond, Kevin",10120878,Right,CAR_EAG,161ec150-be20-47c3-b294-462203fee4b7,55.25044,-101.8429,11.47398,5.57845,3.30816,-16.89012,-1.80318,0.86407,4.79508,175.426522,1.98657,70.46589,-21.26663,5.27531,-0.5668,-0.0795,0.03561,-0.00449,2e-4,2.3952,110.93355,-25.10425,2.29929,-0.27813,-0.00779,0.01363,-0.00253,1.5e-4,0.23754,33.04609,-12.08385,3.2941,-0.47117,-0.00365,0.01369,-0.00202,1e-4,NA,NA,NA,NA,NA,NA,NA,NA,NA,NA,NA,NA,NA,NA,NA,NA,NA,NA,NA,NA,NA,NA,High,High,High,High,Low,NA,NA,NA,NA,NA,NA,NA,NA,NA,NA,NA,NA,NA,NA,NA,NA,NA,NA,NA,NA,NA,NA,NA,NA,NA,NA,NA,NA,NA,NA,NA,NA,NA,NA,NA,NA,NA,NA,NA,NA,NA,NA,NA,NA,NA,NA
NA,NA,NA,NA,NA,NA,NA,NA,NA,NA,NA,NA,NA,NA,NA,NA,282,2026-02-20,16:23:12,3,1,"Wilson, Alec",10092217,Right,CAR_EAG,"Wainwright, Mackenzie",694679,Right,LEN_BEA,Undefined,7,Top,2,0,0,Fastball,Changeup,StrikeCalled,Undefined,Undefined,Undefined,0,0,NA,82.95509,-1.631473,-3.692999,2073.826518,208.073753,01:00:00,5.93628,1.67152,5.62168,-22.63253,18.89218,9.29851,2.52411,-1.00483,75.21622,-5.896687,-2.037401,0.463793,NA,NA,NA,NA,NA,NA,NA,NA,NA,NA,NA,-5.78055,10.46788,-1.362,50,5.78251,7.35881,-120.03999,-4.09215,-8.3668,24.97884,-17.0228,CAR_EAG,LEN_BEA,CarsonNewman,D2,Team,20260220-CarsonNewman-1,5e8a5190-0ea2-11f1-8304-27cb6f288688,81.26988,NA,NA,7.73887,NA,NA,NA,NA,NA,NA,46df0e37-f40e-476d-8c8d-a76c06d1b556,2026-02-20,21:23:12,2026-02-20T21:23:12Z,2026-02-20T21:23:12Z,NA,v3,CNE,NA,NA,"Hammond, Kevin",10120878,Right,CAR_EAG,89876746-5f87-407b-8a39-e685fe6f61d0,54.87535,-121.05024,12.48942,5.93409,-3.40368,-8.5114,-1.66646,7.6972,-4.1834,NA,NA,NA,NA,NA,NA,NA,NA,NA,NA,NA,NA,NA,NA,NA,NA,NA,NA,NA,NA,NA,NA,NA,NA,NA,NA,NA,NA,NA,NA,NA,NA,NA,NA,NA,NA,NA,NA,NA,NA,NA,NA,NA,NA,NA,NA,NA,NA,NA,NA,High,High,High,NA,NA,NA,NA,NA,NA,NA,NA,NA,NA,NA,NA,NA,NA,NA,NA,NA,NA,NA,NA,NA,NA,NA,NA,NA,NA,NA,NA,NA,NA,NA,NA,NA,NA,NA,NA,NA,NA,NA,NA,NA,NA,NA,NA,NA,NA,NA,NA
NA,NA,NA,NA,NA,NA,NA,NA,NA,NA,NA,NA,NA,NA,NA,NA,283,2026-02-20,16:23:26,3,2,"Wilson, Alec",10092217,Right,CAR_EAG,"Wainwright, Mackenzie",694679,Right,LEN_BEA,Undefined,7,Top,2,0,1,Fastball,Changeup,BallCalled,Undefined,Undefined,Undefined,0,0,NA,81.84892,0.267167,-4.2604,2001.850527,204.055932,12:45:00,5.92693,1.58617,5.60982,-25.09781,18.03584,7.32556,4.08553,-1.78755,73.3511,-4.480031,-2.958879,0.472693,NA,NA,NA,NA,NA,NA,NA,NA,NA,NA,NA,-5.06524,9.47315,-1.22583,50,5.93406,8.49984,-118.24916,-0.18206,-7.04271,26.3382,-19.00258,CAR_EAG,LEN_BEA,CarsonNewman,D2,Team,20260220-CarsonNewman-1,66af95b0-0ea2-11f1-8304-27cb6f288688,79.73974,NA,NA,8.49782,NA,NA,NA,NA,NA,NA,46df0e37-f40e-476d-8c8d-a76c06d1b556,2026-02-20,21:23:26,2026-02-20T21:23:26Z,2026-02-20T21:23:26Z,NA,v3,CNE,NA,NA,"Hammond, Kevin",10120878,Right,CAR_EAG,3159e609-af55-443e-9de7-07f19c58bc38,54.88447,-119.33214,13.1691,5.92548,0.59929,-9.50129,-1.58129,8.78943,-3.52136,NA,NA,NA,NA,NA,NA,NA,NA,NA,NA,NA,NA,NA,NA,NA,NA,NA,NA,NA,NA,NA,NA,NA,NA,NA,NA,NA,NA,NA,NA,NA,NA,NA,NA,NA,NA,NA,NA,NA,NA,NA,NA,NA,NA,NA,NA,NA,NA,NA,NA,High,High,High,NA,NA,NA,NA,NA,NA,NA,NA,NA,NA,NA,NA,NA,NA,NA,NA,NA,NA,NA,NA,NA,NA,NA,NA,NA,NA,NA,NA,NA,NA,NA,NA,NA,NA,NA,NA,NA,NA,NA,NA,NA,NA,NA,NA,NA,NA,NA,NA
NA,NA,NA,NA,NA,NA,NA,NA,NA,NA,NA,NA,NA,NA,NA,NA,284,2026-02-20,16:23:40,3,3,"Wilson, Alec",10092217,Right,CAR_EAG,"Wainwright, Mackenzie",694679,Right,LEN_BEA,Undefined,7,Top,2,1,1,Slider,Curveball,FoulBallNotFieldable,Undefined,Undefined,Undefined,0,0,NA,71.23963,1.915717,-1.253993,2120.376464,76.718559,08:30:00,5.93839,1.71016,5.15381,-60.60822,-2.55307,-20.15863,2.69227,-1.15042,64.20161,-9.127316,-4.822445,0.548393,NA,NA,NA,NA,NA,NA,NA,NA,NA,NA,NA,9.46138,-1.18402,-1.57725,50,6.07202,3.03246,-103.07087,1.49188,9.91375,21.27758,-33.41467,CAR_EAG,LEN_BEA,CarsonNewman,D2,Team,20260220-CarsonNewman-1,6f8a2010-0ea2-11f1-8304-27cb6f288688,68.73255,NA,NA,7.03802,NA,NA,NA,NA,NA,NA,46df0e37-f40e-476d-8c8d-a76c06d1b556,2026-02-20,21:23:40,2026-02-20T21:23:40Z,2026-02-20T21:23:40Z,NA,v3,CNE,NA,NA,"Hammond, Kevin",10120878,Right,CAR_EAG,35f9af3c-d407-4a2d-8fca-436f2d6e306a,55.34476,-104.16838,10.63879,5.95062,3.21542,-16.70734,-1.72048,2.52111,4.95687,NA,NA,NA,NA,NA,NA,NA,NA,NA,NA,NA,NA,NA,NA,NA,NA,NA,NA,NA,NA,NA,NA,NA,NA,NA,NA,NA,NA,NA,NA,NA,NA,NA,NA,NA,NA,NA,NA,NA,NA,NA,NA,NA,NA,NA,NA,NA,NA,NA,NA,High,High,High,NA,NA,NA,NA,NA,NA,NA,NA,NA,NA,NA,NA,NA,NA,NA,NA,NA,NA,NA,NA,NA,NA,NA,NA,NA,NA,NA,NA,NA,NA,NA,NA,NA,NA,NA,NA,NA,NA,NA,NA,NA,NA,NA,NA,NA,NA,NA,NA
NA,NA,NA,NA,NA,NA,NA,NA,NA,NA,NA,NA,NA,NA,NA,NA,285,2026-02-20,16:24:05,3,4,"Wilson, Alec",10092217,Right,CAR_EAG,"Wainwright, Mackenzie",694679,Right,LEN_BEA,Undefined,7,Top,2,1,2,Fastball,Changeup,StrikeSwinging,Strikeout,Undefined,Undefined,0,0,NA,83.66499,0.004011,-3.427759,2090.321012,219.876283,01:15:00,5.89128,1.63493,5.62982,-22.74757,18.303,14.02237,3.9994,-0.39877,75.13831,-4.313479,-0.929674,0.461138,NA,NA,NA,NA,NA,NA,NA,NA,NA,NA,NA,-8.11926,9.67075,-1.35149,50,5.87739,6.64964,-121.0581,-0.65866,-11.86136,27.0622,-18.04612,CAR_EAG,LEN_BEA,CarsonNewman,D2,Team,20260220-CarsonNewman-1,7dfed6e0-0ea2-11f1-8304-27cb6f288688,81.73786,NA,NA,8.52669,NA,NA,NA,NA,NA,NA,46df0e37-f40e-476d-8c8d-a76c06d1b556,2026-02-20,21:24:05,2026-02-20T21:24:05Z,2026-02-20T21:24:05Z,NA,v3,CNE,NA,NA,"Hammond, Kevin",10120878,Right,CAR_EAG,afb59999-5f84-4b19-9238-9cd49032100f,54.86603,-122.14105,13.5311,5.88929,0.06349,-9.02306,-1.62709,7.12429,-5.93068,NA,NA,NA,NA,NA,NA,NA,NA,NA,NA,NA,NA,NA,NA,NA,NA,NA,NA,NA,NA,NA,NA,NA,NA,NA,NA,NA,NA,NA,NA,NA,NA,NA,NA,NA,NA,NA,NA,NA,NA,NA,NA,NA,NA,NA,NA,NA,NA,NA,NA,High,High,High,NA,NA,NA,NA,NA,NA,NA,NA,NA,NA,NA,NA,NA,NA,NA,NA,NA,NA,NA,NA,NA,NA,NA,NA,NA,NA,NA,NA,NA,NA,NA,NA,NA,NA,NA,NA,NA,NA,NA,NA,NA,NA,NA,NA,NA,NA,NA,NA
NA,NA,NA,NA,NA,NA,NA,NA,NA,NA,NA,NA,NA,NA,NA,NA,286,2026-02-20,16:26:13,1,1,"Burnley, Michael",10109139,Right,LEN_BEA,"Greene, Maddox",10122259,Right,CAR_EAG,Undefined,7,Bottom,0,0,0,Fastball,Four-Seam,InPlay,Undefined,GroundBall,Double,0,0,NA,88.32865,-1.529488,-0.64679,2208.110361,200.692066,12:45:00,6.02623,0.78037,6.22125,-17.87863,17.69627,6.23052,3.12455,0.70272,80.26677,-4.953989,0.47859,0.429283,86.60258,-10.223302,-43.829978,NA,NA,NA,NA,22.42057,22.42057,-41.171473,0.158263,-3.44933,10.01249,-0.7351,50,5.90284,1.20308,-128.28842,-3.91488,-5.70249,28.51992,-15.6212,CAR_EAG,LEN_BEA,CarsonNewman,D2,Team,20260220-CarsonNewman-1,ca8f0f20-0ea2-11f1-8304-27cb6f288688,87.80332,3.57848,NA,8.06188,NA,NA,NA,2.56288,3.57848,-1.01874,46df0e37-f40e-476d-8c8d-a76c06d1b556,2026-02-20,21:26:13,2026-02-20T21:26:13Z,2026-02-20T21:26:13Z,GroundBall,v3,CNE,NA,NA,"Christmas, Seth",1000191967,Right,LEN_BEA,edbf8245-b931-495c-bdc1-caf83b2df372,54.27953,-129.2363,14.25996,6.02433,-3.3957,-7.8106,-0.77823,1.39261,-2.85125,180,2.55602,90.44435,NA,NA,NA,NA,NA,NA,NA,3.5802,-22.61094,NA,NA,NA,NA,NA,NA,NA,-1.01215,-86.8239,NA,NA,NA,NA,NA,NA,NA,NA,NA,NA,NA,NA,NA,NA,NA,NA,NA,NA,NA,NA,NA,NA,NA,NA,NA,NA,NA,NA,NA,High,High,High,Low,Low,NA,NA,NA,NA,NA,NA,NA,NA,NA,NA,NA,NA,NA,NA,NA,NA,NA,NA,NA,NA,NA,NA,NA,NA,NA,NA,NA,NA,NA,NA,NA,NA,NA,NA,NA,NA,NA,NA,NA,NA,NA,NA,NA,NA,NA,NA
NA,NA,NA,NA,NA,NA,NA,NA,NA,NA,NA,NA,NA,NA,NA,NA,287,2026-02-20,16:27:00,2,1,"Burnley, Michael",10109139,Right,LEN_BEA,"Smith, Braxton",1000370200,Right,CAR_EAG,Undefined,7,Bottom,0,0,0,ChangeUp,Changeup,BallCalled,Undefined,Undefined,Undefined,0,0,NA,84.36397,-4.496753,-2.032139,1233.508451,262.768117,02:45:00,6.09587,0.77648,5.98013,-35.66754,3.76851,19.67048,-1.05603,0.53115,77.83475,-11.005025,1.516636,0.451979,NA,NA,NA,NA,NA,NA,NA,NA,NA,NA,NA,-10.95953,3.51319,-0.62754,50,5.71926,3.6162,-122.22264,-10.762,-16.50116,25.13316,-26.88442,CAR_EAG,LEN_BEA,CarsonNewman,D2,Team,20260220-CarsonNewman-1,e6948560-0ea2-11f1-8304-27cb6f288688,83.39426,NA,NA,6.52922,NA,NA,NA,NA,NA,NA,46df0e37-f40e-476d-8c8d-a76c06d1b556,2026-02-20,21:27:00,2026-02-20T21:27:00Z,2026-02-20T21:27:00Z,NA,v3,CNE,NA,NA,"Christmas, Seth",1000191967,Right,LEN_BEA,b4001d75-3133-40ae-93b0-7a761cbbc12c,54.52497,-123.14961,12.56658,6.0979,-9.77044,-13.44221,-0.77214,4.2248,-8.25058,NA,NA,NA,NA,NA,NA,NA,NA,NA,NA,NA,NA,NA,NA,NA,NA,NA,NA,NA,NA,NA,NA,NA,NA,NA,NA,NA,NA,NA,NA,NA,NA,NA,NA,NA,NA,NA,NA,NA,NA,NA,NA,NA,NA,NA,NA,NA,NA,NA,NA,High,High,High,NA,NA,NA,NA,NA,NA,NA,NA,NA,NA,NA,NA,NA,NA,NA,NA,NA,NA,NA,NA,NA,NA,NA,NA,NA,NA,NA,NA,NA,NA,NA,NA,NA,NA,NA,NA,NA,NA,NA,NA,NA,NA,NA,NA,NA,NA,NA,NA
NA,NA,NA,NA,NA,NA,NA,NA,NA,NA,NA,NA,NA,NA,NA,NA,288,2026-02-20,16:27:32,2,2,"Burnley, Michael",10109139,Right,LEN_BEA,"Smith, Braxton",1000370200,Right,CAR_EAG,Undefined,7,Bottom,0,1,0,Fastball,Four-Seam,InPlay,Undefined,GroundBall,Out,1,1,NA,89.04505,-1.614471,-2.040747,2208.803672,194.675512,12:30:00,5.96171,0.58293,6.43207,-15.84576,19.3647,4.7224,3.15604,-0.89997,79.85904,-4.710521,-1.18529,0.427078,67.7088,-1.455085,-3.381583,1490.031559,NA,NA,NA,33.83851,33.22984,-2.010835,0.337702,-3.1600799999999998,11.04241,-0.43966,50,5.83944,4.41241,-129.11414,-4.01747,-5.22154,32.18467,-13.92813,CAR_EAG,LEN_BEA,CarsonNewman,D2,Team,20260220-CarsonNewman-1,f98a5780-0ea2-11f1-8304-27cb6f288688,88.25656,3.1475,NA,9.18601,NA,NA,NA,1.28127,3.1475,0.90296,46df0e37-f40e-476d-8c8d-a76c06d1b556,2026-02-20,21:27:32,2026-02-20T21:27:32Z,2026-02-20T21:27:32Z,GroundBall,v3,CNE,NA,NA,"Christmas, Seth",1000191967,Right,LEN_BEA,d462beba-6362-4f05-8a28-9ed743f4cccc,54.0659,-130.12371,16.09233,5.95861,-3.58057,-6.96406,-0.58063,4.5762,-2.61077,17.92524,1.28152,99.09114,-8.13163,NA,NA,NA,NA,NA,NA,3.15006,-2.62193,-19.88181,NA,NA,NA,NA,NA,NA,0.90332,-5.86983,-0.95361,NA,NA,NA,NA,NA,NA,NA,NA,NA,NA,NA,NA,NA,NA,NA,NA,NA,NA,NA,NA,NA,NA,NA,NA,NA,NA,NA,NA,High,High,High,High,High,NA,NA,NA,NA,NA,NA,NA,NA,NA,NA,NA,NA,NA,NA,NA,NA,NA,NA,NA,NA,NA,NA,NA,NA,NA,NA,NA,NA,NA,NA,NA,NA,NA,NA,NA,NA,NA,NA,NA,NA,NA,NA,NA,NA,NA,NA
NA,NA,NA,NA,NA,NA,NA,NA,NA,NA,NA,NA,NA,NA,NA,NA,289,2026-02-20,16:28:08,3,1,"Burnley, Michael",10109139,Right,LEN_BEA,"Floyd, Logan",1000148156,Right,CAR_EAG,Undefined,7,Bottom,1,0,0,ChangeUp,Splitter,BallCalled,Undefined,Undefined,Undefined,0,0,NA,84.29882,-3.45073,-2.220754,1069.707182,267.21247,03:00:00,5.8993,0.7118,6.25913,-37.34569,1.98469,12.72048,-0.40103,-0.27697,77.03191,-10.339389,0.084681,0.451373,NA,NA,NA,NA,NA,NA,NA,NA,NA,NA,NA,-7.40386,2.45307,-0.55338,50,5.62446,4.27319,-122.18749,-8.53196,-11.04196,27.11037,-28.5156,CAR_EAG,LEN_BEA,CarsonNewman,D2,Team,20260220-CarsonNewman-1,0eebab60-0ea3-11f1-8304-27cb6f288688,83.5062,NA,NA,7.26692,NA,NA,NA,NA,NA,NA,46df0e37-f40e-476d-8c8d-a76c06d1b556,2026-02-20,21:28:08,2026-02-20T21:28:08Z,2026-02-20T21:28:08Z,NA,v3,CNE,NA,NA,"Christmas, Seth",1000191967,Right,LEN_BEA,c8c036cf-9532-4582-9f7d-c2eb91e7fd7b,54.24351,-123.12542,13.55518,5.90257,-7.54541,-14.2578,-0.70782,4.6552,-5.52098,NA,NA,NA,NA,NA,NA,NA,NA,NA,NA,NA,NA,NA,NA,NA,NA,NA,NA,NA,NA,NA,NA,NA,NA,NA,NA,NA,NA,NA,NA,NA,NA,NA,NA,NA,NA,NA,NA,NA,NA,NA,NA,NA,NA,NA,NA,NA,NA,NA,NA,High,High,High,NA,NA,NA,NA,NA,NA,NA,NA,NA,NA,NA,NA,NA,NA,NA,NA,NA,NA,NA,NA,NA,NA,NA,NA,NA,NA,NA,NA,NA,NA,NA,NA,NA,NA,NA,NA,NA,NA,NA,NA,NA,NA,NA,NA,NA,NA,NA,NA
NA,NA,NA,NA,NA,NA,NA,NA,NA,NA,NA,NA,NA,NA,NA,NA,290,2026-02-20,16:28:35,3,2,"Burnley, Michael",10109139,Right,LEN_BEA,"Floyd, Logan",1000148156,Right,CAR_EAG,Undefined,7,Bottom,1,1,0,Slider,Slider,BallCalled,Undefined,Undefined,Undefined,0,0,NA,78.99652,-0.712434,-0.759431,2260.442689,105.930286,09:30:00,6.30501,0.70281,5.69733,-40.54884,6.43989,-15.34473,2.26192,-1.28368,69.87506,-8.26797,-3.506617,0.493365,NA,NA,NA,NA,NA,NA,NA,NA,NA,NA,NA,7.34367,4.21504,-0.62999,50,6.22111,2.14588,-114.18355,-2.70892,9.28549,29.28757,-26.84447,CAR_EAG,LEN_BEA,CarsonNewman,D2,Team,20260220-CarsonNewman-1,1ed6ae80-0ea3-11f1-8304-27cb6f288688,76.39871,NA,NA,9.12146,NA,NA,NA,NA,NA,NA,46df0e37-f40e-476d-8c8d-a76c06d1b556,2026-02-20,21:28:35,2026-02-20T21:28:35Z,2026-02-20T21:28:35Z,NA,v3,CNE,NA,NA,"Christmas, Seth",1000191967,Right,LEN_BEA,36d4b7b7-08c2-48b0-a18d-5d6b17dc5968,54.79433,-115.40673,14.64378,6.31084,-1.58778,-13.42223,-0.71151,1.75808,4.64274,NA,NA,NA,NA,NA,NA,NA,NA,NA,NA,NA,NA,NA,NA,NA,NA,NA,NA,NA,NA,NA,NA,NA,NA,NA,NA,NA,NA,NA,NA,NA,NA,NA,NA,NA,NA,NA,NA,NA,NA,NA,NA,NA,NA,NA,NA,NA,NA,NA,NA,High,High,High,NA,NA,NA,NA,NA,NA,NA,NA,NA,NA,NA,NA,NA,NA,NA,NA,NA,NA,NA,NA,NA,NA,NA,NA,NA,NA,NA,NA,NA,NA,NA,NA,NA,NA,NA,NA,NA,NA,NA,NA,NA,NA,NA,NA,NA,NA,NA,NA
NA,NA,NA,NA,NA,NA,NA,NA,NA,NA,NA,NA,NA,NA,NA,NA,291,2026-02-20,16:28:52,3,3,"Burnley, Michael",10109139,Right,LEN_BEA,"Floyd, Logan",1000148156,Right,CAR_EAG,Undefined,7,Bottom,1,2,0,Fastball,Four-Seam,InPlay,Undefined,LineDrive,Single,0,0,NA,88.64895,-1.429849,-0.747845,2149.408571,209.001696,01:00:00,6.25929,0.52615,6.34182,-16.69387,19.10686,9.81067,3.55133,0.65515,79.10607,-4.689572,1.028105,0.430643,99.8675,14.62729,-26.96108,1786.153118,95.32802,22.00846,-54.88651,260.09249,259.18156,-33.805181,2.283867,-5.38193,10.8576,-0.47619,50,6.14742,1.28333,-128.54201,-3.61809,-8.76124,33.3566,-14.49904,CAR_EAG,LEN_BEA,CarsonNewman,D2,Team,20260220-CarsonNewman-1,290e09c0-0ea3-11f1-8304-27cb6f288688,87.52596,22.7836,NA,9.54288,NA,NA,NA,1.95599,3.6649,-0.57523,46df0e37-f40e-476d-8c8d-a76c06d1b556,2026-02-20,21:28:52,2026-02-20T21:28:52Z,2026-02-20T21:28:52Z,LineDrive,v3,CNE,NA,NA,"Christmas, Seth",1000191967,Right,LEN_BEA,7d2f7db6-c77c-409c-bf52-30fe3cd488e4,54.15592,-129.61598,16.6783,6.2564,-3.15127,-7.24952,-0.52205,1.56541,-4.38062,105.695888,1.95605,126.31996,-22.55571,5.55246,-1.45615,0.5919,-0.2524,0.06439,-0.00681,3.66484,36.99007,-18.95902,1.07179,0.10293,-0.27563,0.16624,-0.04658,0.00515,-0.57518,-64.25736,-0.79161,1.21497,-0.64177,0.37898,-0.1777,0.04668,-0.00503,NA,NA,NA,NA,NA,NA,NA,NA,NA,NA,NA,NA,NA,NA,NA,NA,NA,NA,NA,NA,NA,NA,High,High,High,High,High,NA,NA,NA,NA,NA,NA,NA,NA,NA,NA,NA,NA,NA,NA,NA,NA,NA,NA,NA,NA,NA,NA,NA,NA,NA,NA,NA,NA,NA,NA,NA,NA,NA,NA,NA,NA,NA,NA,NA,NA,NA,NA,NA,NA,NA,NA
NA,NA,NA,NA,NA,NA,NA,NA,NA,NA,NA,NA,NA,NA,NA,NA,292,2026-02-20,16:29:31,4,1,"Burnley, Michael",10109139,Right,LEN_BEA,"Nathan, Cole",1000323259,Right,CAR_EAG,Undefined,7,Bottom,1,0,0,Slider,Slider,StrikeCalled,Undefined,Undefined,Undefined,0,0,NA,78.95938,-0.339086,0.550818,2128.53557,113.959943,09:45:00,5.79397,0.58334,5.46793,-39.27069,7.01882,-11.96386,2.20404,0.10188,71.32907,-7.586148,-1.582296,0.489681,NA,NA,NA,NA,NA,NA,NA,NA,NA,NA,NA,6.15225,4.1798400000000004,-0.62362,50,5.7379,-0.61240000000000006,-114.41789,-1.96779,8.01236,24.57277,-26.73049,CAR_EAG,LEN_BEA,CarsonNewman,D2,Team,20260220-CarsonNewman-1,40b6dca0-0ea3-11f1-8304-27cb6f288688,76.97353,NA,NA,7.63031,NA,NA,NA,NA,NA,NA,46df0e37-f40e-476d-8c8d-a76c06d1b556,2026-02-20,21:29:31,2026-02-20T21:29:31Z,2026-02-20T21:29:31Z,NA,v3,CNE,NA,NA,"Christmas, Seth",1000191967,Right,LEN_BEA,17bbcac2-ec4c-4c96-8674-19aa0bc62b02,55.02893,-115.49287,12.28638,5.7984,-0.79842,-13.36524,-0.58916,-0.96292,4.00618,NA,NA,NA,NA,NA,NA,NA,NA,NA,NA,NA,NA,NA,NA,NA,NA,NA,NA,NA,NA,NA,NA,NA,NA,NA,NA,NA,NA,NA,NA,NA,NA,NA,NA,NA,NA,NA,NA,NA,NA,NA,NA,NA,NA,NA,NA,NA,NA,NA,NA,High,High,High,NA,NA,NA,NA,NA,NA,NA,NA,NA,NA,NA,NA,NA,NA,NA,NA,NA,NA,NA,NA,NA,NA,NA,NA,NA,NA,NA,NA,NA,NA,NA,NA,NA,NA,NA,NA,NA,NA,NA,NA,NA,NA,NA,NA,NA,NA,NA,NA
NA,NA,NA,NA,NA,NA,NA,NA,NA,NA,NA,NA,NA,NA,NA,NA,293,2026-02-20,16:29:49,4,2,"Burnley, Michael",10109139,Right,LEN_BEA,"Nathan, Cole",1000323259,Right,CAR_EAG,Undefined,7,Bottom,1,0,1,Fastball,Four-Seam,FoulBallNotFieldable,Undefined,Undefined,Undefined,0,0,NA,87.03416,-0.550455,-0.428469,2264.268588,189.602025,12:15:00,5.81434,0.51842,6.29655,-13.92891,23.02537,3.66264,4.14635,0.42882,78.02942,-3.310114,0.233802,0.437526,NA,NA,NA,NA,NA,NA,NA,NA,NA,NA,NA,-2.05099,12.55146,-0.48863,50,5.76711,0.79974,-126.29715,-1.50665,-3.24529,30.6066,-12.31374,CAR_EAG,LEN_BEA,CarsonNewman,D2,Team,20260220-CarsonNewman-1,4b196690-0ea3-11f1-8304-27cb6f288688,86.14906,NA,NA,9.00474,NA,NA,NA,NA,NA,NA,46df0e37-f40e-476d-8c8d-a76c06d1b556,2026-02-20,21:29:49,2026-02-20T21:29:49Z,2026-02-20T21:29:49Z,NA,v3,CNE,NA,NA,"Christmas, Seth",1000191967,Right,LEN_BEA,a3d15e23-97d0-4977-8929-18a937539798,54.20161,-127.31128,15.3033,5.81027,-1.09864,-6.15687,-0.51691,0.90727,-1.62264,NA,NA,NA,NA,NA,NA,NA,NA,NA,NA,NA,NA,NA,NA,NA,NA,NA,NA,NA,NA,NA,NA,NA,NA,NA,NA,NA,NA,NA,NA,NA,NA,NA,NA,NA,NA,NA,NA,NA,NA,NA,NA,NA,NA,NA,NA,NA,NA,NA,NA,High,High,High,NA,NA,NA,NA,NA,NA,NA,NA,NA,NA,NA,NA,NA,NA,NA,NA,NA,NA,NA,NA,NA,NA,NA,NA,NA,NA,NA,NA,NA,NA,NA,NA,NA,NA,NA,NA,NA,NA,NA,NA,NA,NA,NA,NA,NA,NA,NA,NA
NA,NA,NA,NA,NA,NA,NA,NA,NA,NA,NA,NA,NA,NA,NA,NA,294,2026-02-20,16:30:14,4,3,"Burnley, Michael",10109139,Right,LEN_BEA,"Nathan, Cole",1000323259,Right,CAR_EAG,Undefined,7,Bottom,1,0,2,Slider,Slider,BallCalled,Undefined,Undefined,Undefined,0,0,NA,77.98566,-1.236507,-0.075514,2402.381408,96.132049,09:15:00,5.87604,0.43737,5.64139,-43.75235,4.24296,-20.86619,1.07631,-1.37192,69.6223,-9.32023,-3.811442,0.498621,NA,NA,NA,NA,NA,NA,NA,NA,NA,NA,NA,10.44398,3.25335,-0.41788,50,5.74402,0.98093,-112.84053,-3.83529,12.97385,27.51491,-28.13261,CAR_EAG,LEN_BEA,CarsonNewman,D2,Team,20260220-CarsonNewman-1,59e2f420-0ea3-11f1-8304-27cb6f288688,75.59331,NA,NA,8.36336,NA,NA,NA,NA,NA,NA,46df0e37-f40e-476d-8c8d-a76c06d1b556,2026-02-20,21:30:14,2026-02-20T21:30:14Z,2026-02-20T21:30:14Z,NA,v3,CNE,NA,NA,"Christmas, Seth",1000191967,Right,LEN_BEA,e53f7e41-c0d4-4bbe-a9f7-3766031e770e,54.85444,-114.01808,13.75746,5.8824,-2.63129,-14.06631,-0.44798,0.42569,6.48693,NA,NA,NA,NA,NA,NA,NA,NA,NA,NA,NA,NA,NA,NA,NA,NA,NA,NA,NA,NA,NA,NA,NA,NA,NA,NA,NA,NA,NA,NA,NA,NA,NA,NA,NA,NA,NA,NA,NA,NA,NA,NA,NA,NA,NA,NA,NA,NA,NA,NA,High,High,High,NA,NA,NA,NA,NA,NA,NA,NA,NA,NA,NA,NA,NA,NA,NA,NA,NA,NA,NA,NA,NA,NA,NA,NA,NA,NA,NA,NA,NA,NA,NA,NA,NA,NA,NA,NA,NA,NA,NA,NA,NA,NA,NA,NA,NA,NA,NA,NA
NA,NA,NA,NA,NA,NA,NA,NA,NA,NA,NA,NA,NA,NA,NA,NA,295,2026-02-20,16:30:33,4,4,"Burnley, Michael",10109139,Right,LEN_BEA,"Nathan, Cole",1000323259,Right,CAR_EAG,Undefined,7,Bottom,1,1,2,Fastball,Four-Seam,FoulBallNotFieldable,Undefined,Undefined,Undefined,0,0,NA,88.87621,-1.597245,-1.396004,2317.85239,198.609913,12:30:00,5.87132,0.51845,6.4608,-16.83052,18.33237,5.73815,3.00074,-0.28598,79.9997,-4.86547,-0.355255,0.42679,NA,NA,NA,NA,NA,NA,NA,NA,NA,NA,NA,-3.46937,10.49512,-0.42222,50,5.7508,2.91807,-128.97162,-4.01421,-5.73897,31.3031,-14.81328,CAR_EAG,LEN_BEA,CarsonNewman,D2,Team,20260220-CarsonNewman-1,658ddc90-0ea3-11f1-8304-27cb6f288688,88.31622,NA,NA,8.8765,NA,NA,NA,NA,NA,NA,46df0e37-f40e-476d-8c8d-a76c06d1b556,2026-02-20,21:30:33,2026-02-20T21:30:33Z,2026-02-20T21:30:33Z,NA,v3,CNE,NA,NA,"Christmas, Seth",1000191967,Right,LEN_BEA,29155ccd-bdb0-4c4a-9e32-0f45e2c4c852,54.03813,-129.94803,15.65155,5.86881,-3.55215,-7.40664,-0.51604,3.09708,-2.86948,NA,NA,NA,NA,NA,NA,NA,NA,NA,NA,NA,NA,NA,NA,NA,NA,NA,NA,NA,NA,NA,NA,NA,NA,NA,NA,NA,NA,NA,NA,NA,NA,NA,NA,NA,NA,NA,NA,NA,NA,NA,NA,NA,NA,NA,NA,NA,NA,NA,NA,High,High,High,NA,NA,NA,NA,NA,NA,NA,NA,NA,NA,NA,NA,NA,NA,NA,NA,NA,NA,NA,NA,NA,NA,NA,NA,NA,NA,NA,NA,NA,NA,NA,NA,NA,NA,NA,NA,NA,NA,NA,NA,NA,NA,NA,NA,NA,NA,NA,NA
NA,NA,NA,NA,NA,NA,NA,NA,NA,NA,NA,NA,NA,NA,NA,NA,296,2026-02-20,16:30:59,4,5,"Burnley, Michael",10109139,Right,LEN_BEA,"Nathan, Cole",1000323259,Right,CAR_EAG,Undefined,7,Bottom,1,1,2,ChangeUp,Changeup,BallCalled,Undefined,Undefined,Undefined,0,0,NA,85.57478,-4.071946,-2.724659,1311.107459,227.070829,01:30:00,5.67515,0.55329,6.0798,-26.39757,11.64658,11.21485,-0.3028,-1.03501,78.78334,-8.964031,-0.703926,0.443931,NA,NA,NA,NA,NA,NA,NA,NA,NA,NA,NA,-6.61122,7.50244,-0.34869,50,5.34538,5.47547,-123.98142,-9.64763,-10.29457,24.69464,-20.49176,CAR_EAG,LEN_BEA,CarsonNewman,D2,Team,20260220-CarsonNewman-1,7504e830-0ea3-11f1-8304-27cb6f288688,84.9061,NA,NA,6.79144,NA,NA,NA,NA,NA,NA,46df0e37-f40e-476d-8c8d-a76c06d1b556,2026-02-20,21:30:59,2026-02-20T21:30:59Z,2026-02-20T21:30:59Z,NA,v3,CNE,NA,NA,"Christmas, Seth",1000191967,Right,LEN_BEA,a8dc2d6e-2a18-459e-9b51-3e7063e9e913,54.42293,-124.85928,12.34732,5.67539,-8.91918,-10.24588,-0.54984,5.84142,-5.14729,NA,NA,NA,NA,NA,NA,NA,NA,NA,NA,NA,NA,NA,NA,NA,NA,NA,NA,NA,NA,NA,NA,NA,NA,NA,NA,NA,NA,NA,NA,NA,NA,NA,NA,NA,NA,NA,NA,NA,NA,NA,NA,NA,NA,NA,NA,NA,NA,NA,NA,High,High,High,NA,NA,NA,NA,NA,NA,NA,NA,NA,NA,NA,NA,NA,NA,NA,NA,NA,NA,NA,NA,NA,NA,NA,NA,NA,NA,NA,NA,NA,NA,NA,NA,NA,NA,NA,NA,NA,NA,NA,NA,NA,NA,NA,NA,NA,NA,NA,NA
NA,NA,NA,NA,NA,NA,NA,NA,NA,NA,NA,NA,NA,NA,NA,NA,297,2026-02-20,16:31:26,4,6,"Burnley, Michael",10109139,Right,LEN_BEA,"Nathan, Cole",1000323259,Right,CAR_EAG,Undefined,7,Bottom,1,2,2,Slider,Slider,FoulBallNotFieldable,Undefined,Undefined,Undefined,0,0,NA,77.56953,1.29309,0.265536,2441.869768,82.840464,08:45:00,5.90077,0.44573,5.43997,-47.52388,-0.23484,-13.75119,3.15153,-0.45155,71.0976,-7.391182,-2.184099,0.494939,NA,NA,NA,NA,NA,NA,NA,NA,NA,NA,NA,7.0289,-0.07551,-0.45928,50,5.98215,0.00676,-112.63245,0.96325,9.00402,20.99165,-32.27078,CAR_EAG,LEN_BEA,CarsonNewman,D2,Team,20260220-CarsonNewman-1,84db2ad0-0ea3-11f1-8304-27cb6f288688,76.15574,NA,NA,6.47194,NA,NA,NA,NA,NA,NA,46df0e37-f40e-476d-8c8d-a76c06d1b556,2026-02-20,21:31:26,2026-02-20T21:31:26Z,2026-02-20T21:31:26Z,NA,v3,CNE,NA,NA,"Christmas, Seth",1000191967,Right,LEN_BEA,8d269de5-1d93-4f29-af54-e6233916624b,55.06266,-113.57207,10.49582,5.90671,2.40775,-16.13539,-0.45056,-0.39628,4.50201,NA,NA,NA,NA,NA,NA,NA,NA,NA,NA,NA,NA,NA,NA,NA,NA,NA,NA,NA,NA,NA,NA,NA,NA,NA,NA,NA,NA,NA,NA,NA,NA,NA,NA,NA,NA,NA,NA,NA,NA,NA,NA,NA,NA,NA,NA,NA,NA,NA,NA,High,High,High,NA,NA,NA,NA,NA,NA,NA,NA,NA,NA,NA,NA,NA,NA,NA,NA,NA,NA,NA,NA,NA,NA,NA,NA,NA,NA,NA,NA,NA,NA,NA,NA,NA,NA,NA,NA,NA,NA,NA,NA,NA,NA,NA,NA,NA,NA,NA,NA
NA,NA,NA,NA,NA,NA,NA,NA,NA,NA,NA,NA,NA,NA,NA,NA,298,2026-02-20,16:31:51,4,7,"Burnley, Michael",10109139,Right,LEN_BEA,"Nathan, Cole",1000323259,Right,CAR_EAG,Undefined,7,Bottom,1,2,2,Slider,Slider,FoulBallNotFieldable,Undefined,Undefined,Undefined,0,0,NA,78.78904,-0.495596,-0.026629,2369.083848,85.064811,08:45:00,5.88507,0.45214,5.51177,-47.25152,-0.09843,-23.44966,1.48398,-1.5269,70.43891,-9.180026,-4.214805,0.494227,NA,NA,NA,NA,NA,NA,NA,NA,NA,NA,NA,11.8528,0.65862,-0.43349,50,5.81054,0.98301,-114.07446,-2.55583,15.05611,28.01575,-31.33744,CAR_EAG,LEN_BEA,CarsonNewman,D2,Team,20260220-CarsonNewman-1,93c511a0-0ea3-11f1-8304-27cb6f288688,76.26543,NA,NA,8.35013,NA,NA,NA,NA,NA,NA,46df0e37-f40e-476d-8c8d-a76c06d1b556,2026-02-20,21:31:51,2026-02-20T21:31:51Z,2026-02-20T21:31:51Z,NA,v3,CNE,NA,NA,"Christmas, Seth",1000191967,Right,LEN_BEA,2f178a99-3461-4811-ac37-870b64716dc2,54.98762,-115.29287,14.00787,5.89206,-1.19296,-15.66872,-0.462,0.32822,7.52805,NA,NA,NA,NA,NA,NA,NA,NA,NA,NA,NA,NA,NA,NA,NA,NA,NA,NA,NA,NA,NA,NA,NA,NA,NA,NA,NA,NA,NA,NA,NA,NA,NA,NA,NA,NA,NA,NA,NA,NA,NA,NA,NA,NA,NA,NA,NA,NA,NA,NA,High,High,High,NA,NA,NA,NA,NA,NA,NA,NA,NA,NA,NA,NA,NA,NA,NA,NA,NA,NA,NA,NA,NA,NA,NA,NA,NA,NA,NA,NA,NA,NA,NA,NA,NA,NA,NA,NA,NA,NA,NA,NA,NA,NA,NA,NA,NA,NA,NA,NA
NA,NA,NA,NA,NA,NA,NA,NA,NA,NA,NA,NA,NA,NA,NA,NA,299,2026-02-20,16:32:18,4,8,"Burnley, Michael",10109139,Right,LEN_BEA,"Nathan, Cole",1000323259,Right,CAR_EAG,Undefined,7,Bottom,1,2,2,Fastball,Four-Seam,BallCalled,Undefined,Undefined,Undefined,0,0,NA,90.43281,-2.141602,-2.462991,2317.313229,181.4663,12:00:00,6.09549,0.2726,6.35853,-10.03591,24.67678,0.59441,3.28534,-1.94613,80.04423,-4.206577,-2.355578,0.424049,NA,NA,NA,NA,NA,NA,NA,NA,NA,NA,NA,-1.22551,13.91686,-0.09431,50,5.9346,5.60018,-130.79956,-5.00784,-2.0541,35.93875,-8.84801,CAR_EAG,LEN_BEA,CarsonNewman,D2,Team,20260220-CarsonNewman-1,a3ca2c70-0ea3-11f1-8304-27cb6f288688,88.88708,NA,NA,10.38858,NA,NA,NA,NA,NA,NA,46df0e37-f40e-476d-8c8d-a76c06d1b556,2026-02-20,21:32:18,2026-02-20T21:32:18Z,2026-02-20T21:32:18Z,NA,v3,CNE,NA,NA,"Christmas, Seth",1000191967,Right,LEN_BEA,c45c3423-ac90-4631-a9aa-77ef626681e7,54.13349,-131.9304,17.96938,6.0878,-4.72943,-4.424,-0.27155,5.66482,-1.02705,NA,NA,NA,NA,NA,NA,NA,NA,NA,NA,NA,NA,NA,NA,NA,NA,NA,NA,NA,NA,NA,NA,NA,NA,NA,NA,NA,NA,70.84225,1.594796,0.669747,0.925049,-2.13719,3.01766,2.0921,-4.98801,5.13891,4.44837,65.04496,1.09963,59.73571,-4.9621,81.93443,-6.83123,5.14947,7.68554,-13.07205,4.45903,62.69943,-3.21127,High,High,High,NA,NA,High,High,High,NA,NA,NA,NA,NA,NA,NA,NA,NA,NA,NA,NA,NA,NA,NA,NA,NA,NA,NA,NA,NA,NA,NA,NA,NA,NA,NA,NA,NA,NA,NA,NA,NA,NA,NA,NA,NA,NA,NA,NA,NA,NA,NA
NA,NA,NA,NA,NA,NA,NA,NA,NA,NA,NA,NA,NA,NA,NA,NA,300,2026-02-20,16:32:42,4,9,"Burnley, Michael",10109139,Right,LEN_BEA,"Nathan, Cole",1000323259,Right,CAR_EAG,Undefined,7,Bottom,1,3,2,Fastball,Four-Seam,FoulBallNotFieldable,Undefined,Undefined,Undefined,0,0,NA,90.57195,-3.061365,-0.839191,2283.89011,191.553153,12:30:00,6.07954,0.38894,6.45065,-12.58843,20.84844,4.03851,2.21485,-0.04559,82.71718,-5.515254,-0.106741,0.416183,NA,NA,NA,NA,NA,NA,NA,NA,NA,NA,NA,-2.36543,12.14068,-0.33126,50,5.85665,1.76928,-131.51468,-7.3228,-4.13196,28.57698,-10.96674,CAR_EAG,LEN_BEA,CarsonNewman,D2,Team,20260220-CarsonNewman-1,b2722840-0ea3-11f1-8304-27cb6f288688,90.56701,NA,NA,7.85477,NA,NA,NA,NA,NA,NA,46df0e37-f40e-476d-8c8d-a76c06d1b556,2026-02-20,21:32:42,2026-02-20T21:32:42Z,2026-02-20T21:32:42Z,NA,v3,CNE,NA,NA,"Christmas, Seth",1000191967,Right,LEN_BEA,214f23dd-270d-4fc9-8dde-d7a5bd409a84,54.05072,-132.39194,14.28849,6.07628,-6.98614,-5.48337,-0.38752,1.89612,-2.06598,NA,NA,NA,NA,NA,NA,NA,NA,NA,NA,NA,NA,NA,NA,NA,NA,NA,NA,NA,NA,NA,NA,NA,NA,NA,NA,NA,NA,NA,NA,NA,NA,NA,NA,NA,NA,NA,NA,NA,NA,NA,NA,NA,NA,NA,NA,NA,NA,NA,NA,High,High,High,NA,NA,NA,NA,NA,NA,NA,NA,NA,NA,NA,NA,NA,NA,NA,NA,NA,NA,NA,NA,NA,NA,NA,NA,NA,NA,NA,NA,NA,NA,NA,NA,NA,NA,NA,NA,NA,NA,NA,NA,NA,NA,NA,NA,NA,NA,NA,NA
NA,NA,NA,NA,NA,NA,NA,NA,NA,NA,NA,NA,NA,NA,NA,NA,301,2026-02-20,16:33:05,4,10,"Burnley, Michael",10109139,Right,LEN_BEA,"Nathan, Cole",1000323259,Right,CAR_EAG,Undefined,7,Bottom,1,3,2,Slider,Slider,BallCalled,Walk,Undefined,Undefined,0,0,NA,78.59306,1.357244,1.646764,2418.958234,97.428277,09:15:00,5.95191,0.32092,5.45028,-42.89861,3.45508,-14.50383,3.64847,0.65443,71.4431,-6.528086,-0.935402,0.49002,NA,NA,NA,NA,NA,NA,NA,NA,NA,NA,NA,7.73886,1.83626,-0.45627,50,6.04264,-2.69114,-113.96031,1.26601,10.09709,22.47955,-29.77823,CAR_EAG,LEN_BEA,CarsonNewman,D2,Team,20260220-CarsonNewman-1,c00d20e0-0ea3-11f1-8304-27cb6f288688,76.92025,NA,NA,7.14996,NA,NA,NA,NA,NA,NA,46df0e37-f40e-476d-8c8d-a76c06d1b556,2026-02-20,21:33:05,2026-02-20T21:33:05Z,2026-02-20T21:33:05Z,NA,v3,CNE,NA,NA,"Christmas, Seth",1000191967,Right,LEN_BEA,e2fe3713-41ee-450a-b05c-874a83061494,55.04922,-114.95199,11.23978,5.95782,2.57967,-14.88911,-0.32773,-3.13657,5.04855,NA,NA,NA,NA,NA,NA,NA,NA,NA,NA,NA,NA,NA,NA,NA,NA,NA,NA,NA,NA,NA,NA,NA,NA,NA,NA,NA,NA,NA,NA,NA,NA,NA,NA,NA,NA,NA,NA,NA,NA,NA,NA,NA,NA,NA,NA,NA,NA,NA,NA,High,High,High,NA,NA,NA,NA,NA,NA,NA,NA,NA,NA,NA,NA,NA,NA,NA,NA,NA,NA,NA,NA,NA,NA,NA,NA,NA,NA,NA,NA,NA,NA,NA,NA,NA,NA,NA,NA,NA,NA,NA,NA,NA,NA,NA,NA,NA,NA,NA,NA
NA,NA,NA,NA,NA,NA,NA,NA,NA,NA,NA,NA,NA,NA,NA,NA,302,2026-02-20,16:33:45,5,1,"Burnley, Michael",10109139,Right,LEN_BEA,"Soto Diaz, Bradley",1000475324,Right,CAR_EAG,Undefined,7,Bottom,1,0,0,Slider,Slider,StrikeSwinging,Undefined,Undefined,Undefined,0,0,NA,76.85323,0.785618,0.172803,2311.422354,99.243074,09:15:00,6.2517,0.74433,5.683,-45.14341,3.93091,-11.99867,3.22213,-0.09448,68.59146,-7.596446,-1.97454,0.504195,NA,NA,NA,NA,NA,NA,NA,NA,NA,NA,NA,6.06201,2.355,-0.75164,50,6.29058,0.1402,-111.24906,0.10068,7.36578,25.61715,-29.31256,CAR_EAG,LEN_BEA,CarsonNewman,D2,Team,20260220-CarsonNewman-1,d785e310-0ea3-11f1-8304-27cb6f288688,74.75765,NA,NA,8.26177,NA,NA,NA,NA,NA,NA,46df0e37-f40e-476d-8c8d-a76c06d1b556,2026-02-20,21:33:45,2026-02-20T21:33:45Z,2026-02-20T21:33:45Z,NA,v3,CNE,NA,NA,"Christmas, Seth",1000191967,Right,LEN_BEA,5c4be87e-6ef6-4252-8304-f3ea9b006f29,54.81153,-112.35154,12.80857,6.2591,1.3622,-14.65628,-0.75085,-0.1768,3.68289,NA,NA,NA,NA,NA,NA,NA,NA,NA,NA,NA,NA,NA,NA,NA,NA,NA,NA,NA,NA,NA,NA,NA,NA,NA,NA,NA,NA,NA,NA,NA,NA,NA,NA,NA,NA,NA,NA,NA,NA,NA,NA,NA,NA,NA,NA,NA,NA,NA,NA,High,High,High,NA,NA,NA,NA,NA,NA,NA,NA,NA,NA,NA,NA,NA,NA,NA,NA,NA,NA,NA,NA,NA,NA,NA,NA,NA,NA,NA,NA,NA,NA,NA,NA,NA,NA,NA,NA,NA,NA,NA,NA,NA,NA,NA,NA,NA,NA,NA,NA
NA,NA,NA,NA,NA,NA,NA,NA,NA,NA,NA,NA,NA,NA,NA,NA,303,2026-02-20,16:34:04,5,2,"Burnley, Michael",10109139,Right,LEN_BEA,"Soto Diaz, Bradley",1000475324,Right,CAR_EAG,Undefined,7,Bottom,1,0,1,Slider,Slider,BallCalled,Undefined,Undefined,Undefined,0,0,NA,79.25228,-2.913942,-1.007005,2364.59053,118.948085,10:00:00,6.1358,0.58139,5.91525,-33.64057,11.77134,-18.20359,0.6252,-1.87028,71.78476,-9.153761,-4.279187,0.485016,NA,NA,NA,NA,NA,NA,NA,NA,NA,NA,NA,8.9528,7.53489,-0.49053,50,5.88317,2.71072,-114.76713,-6.83762,11.68592,25.4669,-22.3389,CAR_EAG,LEN_BEA,CarsonNewman,D2,Team,20260220-CarsonNewman-1,e344c8b0-0ea3-11f1-8304-27cb6f288688,77.71375,NA,NA,7.46752,NA,NA,NA,NA,NA,NA,46df0e37-f40e-476d-8c8d-a76c06d1b556,2026-02-20,21:34:04,2026-02-20T21:34:04Z,2026-02-20T21:34:04Z,NA,v3,CNE,NA,NA,"Christmas, Seth",1000191967,Right,LEN_BEA,9af4aabc-ae2c-4bb9-8d6d-6974fc5b63c0,54.58272,-115.77957,12.73345,6.13735,-5.94954,-11.16945,-0.58906,2.24614,5.84296,NA,NA,NA,NA,NA,NA,NA,NA,NA,NA,NA,NA,NA,NA,NA,NA,NA,NA,NA,NA,NA,NA,NA,NA,NA,NA,NA,NA,NA,NA,NA,NA,NA,NA,NA,NA,NA,NA,NA,NA,NA,NA,NA,NA,NA,NA,NA,NA,NA,NA,High,High,High,NA,NA,NA,NA,NA,NA,NA,NA,NA,NA,NA,NA,NA,NA,NA,NA,NA,NA,NA,NA,NA,NA,NA,NA,NA,NA,NA,NA,NA,NA,NA,NA,NA,NA,NA,NA,NA,NA,NA,NA,NA,NA,NA,NA,NA,NA,NA,NA
NA,NA,NA,NA,NA,NA,NA,NA,NA,NA,NA,NA,NA,NA,NA,NA,304,2026-02-20,16:34:25,5,3,"Burnley, Michael",10109139,Right,LEN_BEA,"Soto Diaz, Bradley",1000475324,Right,CAR_EAG,Undefined,7,Bottom,1,1,1,Slider,Slider,BallCalled,Undefined,Undefined,Undefined,0,0,NA,78.9262,1.483621,1.16745,2238.995442,101.851481,09:30:00,6.1522,0.56408,5.16803,-41.92219,5.53244,-17.24745,4.0556,0.2257,70.23032,-6.25553,-1.886948,0.495805,NA,NA,NA,NA,NA,NA,NA,NA,NA,NA,NA,8.87241,2.82228,-0.65958,50,6.25952,-1.58095,-114.0976,1.50957,11.35658,26.66638,-28.56157,CAR_EAG,LEN_BEA,CarsonNewman,D2,Team,20260220-CarsonNewman-1,efc24360-0ea3-11f1-8304-27cb6f288688,76.02274,NA,NA,8.69589,NA,NA,NA,NA,NA,NA,46df0e37-f40e-476d-8c8d-a76c06d1b556,2026-02-20,21:34:25,2026-02-20T21:34:25Z,2026-02-20T21:34:25Z,NA,v3,CNE,NA,NA,"Christmas, Seth",1000191967,Right,LEN_BEA,79bddb4c-5630-4ebd-bc4e-f42cf430fcb0,55.32648,-115.33576,13.33319,6.15864,2.83573,-14.28079,-0.57393,-2.10825,5.67829,NA,NA,NA,NA,NA,NA,NA,NA,NA,NA,NA,NA,NA,NA,NA,NA,NA,NA,NA,NA,NA,NA,NA,NA,NA,NA,NA,NA,NA,NA,NA,NA,NA,NA,NA,NA,NA,NA,NA,NA,NA,NA,NA,NA,NA,NA,NA,NA,NA,NA,High,High,High,NA,NA,NA,NA,NA,NA,NA,NA,NA,NA,NA,NA,NA,NA,NA,NA,NA,NA,NA,NA,NA,NA,NA,NA,NA,NA,NA,NA,NA,NA,NA,NA,NA,NA,NA,NA,NA,NA,NA,NA,NA,NA,NA,NA,NA,NA,NA,NA
NA,NA,NA,NA,NA,NA,NA,NA,NA,NA,NA,NA,NA,NA,NA,NA,305,2026-02-20,16:34:45,5,4,"Burnley, Michael",10109139,Right,LEN_BEA,"Soto Diaz, Bradley",1000475324,Right,CAR_EAG,Undefined,7,Bottom,1,2,1,Fastball,Four-Seam,FoulBallNotFieldable,Undefined,Undefined,Undefined,0,0,NA,88.28655,-1.201521,-1.02372,2220.199153,194.393153,12:30:00,5.9482,0.48664,6.43944,-16.76525,18.3858,4.42721,3.44661,-0.08529,80.53532,-4.430392,-0.220975,0.426718,NA,NA,NA,NA,NA,NA,NA,NA,NA,NA,NA,-2.61658,10.31111,-0.41584,50,5.85509,2.1231,-128.32079,-3.11819,-4.34911,27.33294,-15.03561,CAR_EAG,LEN_BEA,CarsonNewman,D2,Team,20260220-CarsonNewman-1,fbcb9f80-0ea3-11f1-8304-27cb6f288688,88.33109,NA,NA,7.75123,NA,NA,NA,NA,NA,NA,46df0e37-f40e-476d-8c8d-a76c06d1b556,2026-02-20,21:34:45,2026-02-20T21:34:45Z,2026-02-20T21:34:45Z,NA,v3,CNE,NA,NA,"Christmas, Seth",1000191967,Right,LEN_BEA,1ebd28f0-98d3-4cb8-bd2c-6ffd93140005,54.06123,-129.18295,13.66647,5.94596,-2.64392,-7.51781,-0.48497,2.26028,-2.17456,NA,NA,NA,NA,NA,NA,NA,NA,NA,NA,NA,NA,NA,NA,NA,NA,NA,NA,NA,NA,NA,NA,NA,NA,NA,NA,NA,NA,NA,NA,NA,NA,NA,NA,NA,NA,NA,NA,NA,NA,NA,NA,NA,NA,NA,NA,NA,NA,NA,NA,High,High,High,NA,NA,NA,NA,NA,NA,NA,NA,NA,NA,NA,NA,NA,NA,NA,NA,NA,NA,NA,NA,NA,NA,NA,NA,NA,NA,NA,NA,NA,NA,NA,NA,NA,NA,NA,NA,NA,NA,NA,NA,NA,NA,NA,NA,NA,NA,NA,NA
NA,NA,NA,NA,NA,NA,NA,NA,NA,NA,NA,NA,NA,NA,NA,NA,306,2026-02-20,16:35:12,5,5,"Burnley, Michael",10109139,Right,LEN_BEA,"Soto Diaz, Bradley",1000475324,Right,CAR_EAG,Undefined,7,Bottom,1,2,2,ChangeUp,Changeup,FoulBallNotFieldable,Undefined,Undefined,Undefined,0,0,NA,84.16156,-0.793147,-2.37498,1219.638103,235.051482,01:45:00,6.16222,0.47719,6.521,-32.44836,6.41272,7.27851,2.72978,-1.09666,76.54309,-6.888413,-1.053101,0.448672,NA,NA,NA,NA,NA,NA,NA,NA,NA,NA,NA,-4.55004,4.0002,-0.3147,50,6.09312,4.80144,-122.20489,-2.63624,-6.80901,26.42536,-26.18782,CAR_EAG,LEN_BEA,CarsonNewman,D2,Team,20260220-CarsonNewman-1,0ba78770-0ea4-11f1-8304-27cb6f288688,84.00895,NA,NA,7.61847,NA,NA,NA,NA,NA,NA,46df0e37-f40e-476d-8c8d-a76c06d1b556,2026-02-20,21:35:12,2026-02-20T21:35:12Z,2026-02-20T21:35:12Z,NA,v3,CNE,NA,NA,"Christmas, Seth",1000191967,Right,LEN_BEA,9b5dcab8-a004-436c-a782-377ddfe5d0e8,53.9791,-123.06231,13.21268,6.16487,-1.78653,-13.09391,-0.47407,5.02238,-3.4045,NA,NA,NA,NA,NA,NA,NA,NA,NA,NA,NA,NA,NA,NA,NA,NA,NA,NA,NA,NA,NA,NA,NA,NA,NA,NA,NA,NA,NA,NA,NA,NA,NA,NA,NA,NA,NA,NA,NA,NA,NA,NA,NA,NA,NA,NA,NA,NA,NA,NA,High,High,High,NA,NA,NA,NA,NA,NA,NA,NA,NA,NA,NA,NA,NA,NA,NA,NA,NA,NA,NA,NA,NA,NA,NA,NA,NA,NA,NA,NA,NA,NA,NA,NA,NA,NA,NA,NA,NA,NA,NA,NA,NA,NA,NA,NA,NA,NA,NA,NA
NA,NA,NA,NA,NA,NA,NA,NA,NA,NA,NA,NA,NA,NA,NA,NA,307,2026-02-20,16:35:39,5,6,"Burnley, Michael",10109139,Right,LEN_BEA,"Soto Diaz, Bradley",1000475324,Right,CAR_EAG,Undefined,7,Bottom,1,2,2,Fastball,Four-Seam,InPlay,Undefined,FlyBall,HomeRun,0,3,NA,90.29893,-2.151627,-1.46966,2242.107742,195.484622,12:30:00,6.17151,0.4692,6.55801,-17.2545,16.80544,4.29992,2.75925,-0.52029,81.10479,-5.496357,-0.688249,0.420043,93.90532,30.42225,25.504375,NA,95.88678,59.2056,53.90446,353.61817,235.1782,36.501269,4.896133,-2.7441,9.90548,-0.36945,50,6.0155,3.18716,-130.95657,-5.354,-4.66719,32.96539,-15.32662,CAR_EAG,LEN_BEA,CarsonNewman,D2,Team,20260220-CarsonNewman-1,1bbd6b20-0ea4-11f1-8304-27cb6f288688,89.73479,79.14197,NA,9.19413,NA,NA,NA,-0.11148,3.13359,0.66777,46df0e37-f40e-476d-8c8d-a76c06d1b556,2026-02-20,21:35:39,2026-02-20T21:35:39Z,2026-02-20T21:35:39Z,FlyBall,v3,CNE,NA,NA,"Christmas, Seth",1000191967,Right,LEN_BEA,1ced3815-0f79-4e78-8ec0-7c5030f00559,53.93935,-131.94449,16.48269,6.16907,-4.89469,-7.66331,-0.46706,3.32702,-2.3336,213.374757,-0.11075,107.17885,-22.32218,5.24835,-1.13813,0.23043,-0.04052,0.00489,-2.6e-4,3.13543,69.69576,-17.68075,0.63113,0.29332,-0.19621,0.05563,-0.0075,3.9e-4,0.66804,51.1321,-2.25366,-0.06825,0.13476,-0.04334,0.0074400000000000004,-6.5e-4,2e-5,NA,NA,NA,NA,NA,NA,NA,NA,NA,NA,NA,NA,NA,NA,NA,NA,NA,NA,NA,NA,NA,NA,High,High,High,Low,Medium,NA,NA,NA,NA,NA,NA,NA,NA,NA,NA,NA,NA,NA,NA,NA,NA,NA,NA,NA,NA,NA,NA,NA,NA,NA,NA,NA,NA,NA,NA,NA,NA,NA,NA,NA,NA,NA,NA,NA,NA,NA,NA,NA,NA,NA,NA
NA,NA,NA,NA,NA,NA,NA,NA,NA,NA,NA,NA,NA,NA,NA,NA,308,2026-02-20,16:36:30,6,1,"Burnley, Michael",10109139,Right,LEN_BEA,"Bishop, Matthew",10136275,Right,CAR_EAG,Undefined,7,Bottom,1,0,0,Slider,Curveball,FoulBallNotFieldable,Undefined,Undefined,Undefined,0,0,NA,77.66072,1.553768,0.752911,2260.555966,70.728291,08:15:00,5.76665,0.59241,5.56154,-51.97341,-4.16414,-16.95914,2.88768,-0.11738,70.0201,-7.98995,-2.275964,0.497654,NA,NA,NA,NA,NA,NA,NA,NA,NA,NA,NA,8.76225,-2.05386,-0.6462,50,5.86715,-0.80727,-112.55661,1.31527,11.00336,24.45335,-34.75324,CAR_EAG,LEN_BEA,CarsonNewman,D2,Team,20260220-CarsonNewman-1,3a75cc60-0ea4-11f1-8304-27cb6f288688,75.74024,NA,NA,7.64062,NA,NA,NA,NA,NA,NA,46df0e37-f40e-476d-8c8d-a76c06d1b556,2026-02-20,21:36:30,2026-02-20T21:36:30Z,2026-02-20T21:36:30Z,NA,v3,CNE,NA,NA,"Christmas, Seth",1000191967,Right,LEN_BEA,c0f37c56-45eb-4410-aff1-3ba36bb25fe4,54.93848,-113.62445,12.22668,5.77658,2.83288,-17.37662,-0.60046,-1.28777,5.50168,NA,NA,NA,NA,NA,NA,NA,NA,NA,NA,NA,NA,NA,NA,NA,NA,NA,NA,NA,NA,NA,NA,NA,NA,NA,NA,NA,NA,NA,NA,NA,NA,NA,NA,NA,NA,NA,NA,NA,NA,NA,NA,NA,NA,NA,NA,NA,NA,NA,NA,High,High,High,NA,NA,NA,NA,NA,NA,NA,NA,NA,NA,NA,NA,NA,NA,NA,NA,NA,NA,NA,NA,NA,NA,NA,NA,NA,NA,NA,NA,NA,NA,NA,NA,NA,NA,NA,NA,NA,NA,NA,NA,NA,NA,NA,NA,NA,NA,NA,NA
NA,NA,NA,NA,NA,NA,NA,NA,NA,NA,NA,NA,NA,NA,NA,NA,309,2026-02-20,16:36:51,6,2,"Burnley, Michael",10109139,Right,LEN_BEA,"Bishop, Matthew",10136275,Right,CAR_EAG,Undefined,7,Bottom,1,0,1,Fastball,Four-Seam,StrikeCalled,Undefined,Undefined,Undefined,0,0,NA,90.22761,-3.072371,-0.964486,2255.122384,182.700665,12:00:00,6.05721,0.49585,6.51083,-16.17107,17.60757,0.77642,1.88695,-0.32466,82.12335,-6.182712,-0.82348,0.418305,NA,NA,NA,NA,NA,NA,NA,NA,NA,NA,NA,-0.69362,10.48217,-0.42885,50,5.83526,2.17348,-130.93332,-7.43723,-1.19556,29.46989,-14.10603,CAR_EAG,LEN_BEA,CarsonNewman,D2,Team,20260220-CarsonNewman-1,470680f0-0ea4-11f1-8304-27cb6f288688,90.10763,NA,NA,8.10426,NA,NA,NA,NA,NA,NA,46df0e37-f40e-476d-8c8d-a76c06d1b556,2026-02-20,21:36:51,2026-02-20T21:36:51Z,2026-02-20T21:36:51Z,NA,v3,CNE,NA,NA,"Christmas, Seth",1000191967,Right,LEN_BEA,b3f04446-5961-49c1-b6fc-d7dd2922f6ff,53.98834,-131.82794,14.73494,6.05453,-7.00901,-7.05301,-0.49538,2.20977,-0.59778,NA,NA,NA,NA,NA,NA,NA,NA,NA,NA,NA,NA,NA,NA,NA,NA,NA,NA,NA,NA,NA,NA,NA,NA,NA,NA,NA,NA,NA,NA,NA,NA,NA,NA,NA,NA,NA,NA,NA,NA,NA,NA,NA,NA,NA,NA,NA,NA,NA,NA,High,High,High,NA,NA,NA,NA,NA,NA,NA,NA,NA,NA,NA,NA,NA,NA,NA,NA,NA,NA,NA,NA,NA,NA,NA,NA,NA,NA,NA,NA,NA,NA,NA,NA,NA,NA,NA,NA,NA,NA,NA,NA,NA,NA,NA,NA,NA,NA,NA,NA
NA,NA,NA,NA,NA,NA,NA,NA,NA,NA,NA,NA,NA,NA,NA,NA,310,2026-02-20,16:37:10,6,3,"Burnley, Michael",10109139,Right,LEN_BEA,"Bishop, Matthew",10136275,Right,CAR_EAG,Undefined,7,Bottom,1,0,2,Slider,Slider,BallCalled,Undefined,Undefined,Undefined,0,0,NA,79.8324,-2.075541,0.691163,2427.204205,94.985063,09:15:00,5.89946,0.60781,5.55116,-42.43392,2.41142,-10.04591,0.42279,0.41655,73.03267,-9.820596,-1.106138,0.481981,NA,NA,NA,NA,NA,NA,NA,NA,NA,NA,NA,5.32894,2.27799,-0.66068,50,5.69168,-1.00672,-115.77588,-5.60623,7.15423,23.81229,-29.11582,CAR_EAG,LEN_BEA,CarsonNewman,D2,Team,20260220-CarsonNewman-1,5224e0d0-0ea4-11f1-8304-27cb6f288688,78.20313,NA,NA,6.79974,NA,NA,NA,NA,NA,NA,46df0e37-f40e-476d-8c8d-a76c06d1b556,2026-02-20,21:37:10,2026-02-20T21:37:10Z,2026-02-20T21:37:10Z,NA,v3,CNE,NA,NA,"Christmas, Seth",1000191967,Right,LEN_BEA,a4016943-bfe3-4138-b771-1bbb3ba48160,54.9501,-116.78955,11.90614,5.90395,-4.36678,-14.55791,-0.61134,-1.31127,3.57711,NA,NA,NA,NA,NA,NA,NA,NA,NA,NA,NA,NA,NA,NA,NA,NA,NA,NA,NA,NA,NA,NA,NA,NA,NA,NA,NA,NA,NA,NA,NA,NA,NA,NA,NA,NA,NA,NA,NA,NA,NA,NA,NA,NA,NA,NA,NA,NA,NA,NA,High,High,High,NA,NA,NA,NA,NA,NA,NA,NA,NA,NA,NA,NA,NA,NA,NA,NA,NA,NA,NA,NA,NA,NA,NA,NA,NA,NA,NA,NA,NA,NA,NA,NA,NA,NA,NA,NA,NA,NA,NA,NA,NA,NA,NA,NA,NA,NA,NA,NA
NA,NA,NA,NA,NA,NA,NA,NA,NA,NA,NA,NA,NA,NA,NA,NA,311,2026-02-20,16:37:31,6,4,"Burnley, Michael",10109139,Right,LEN_BEA,"Bishop, Matthew",10136275,Right,CAR_EAG,Undefined,7,Bottom,1,1,2,Slider,Slider,BallCalled,Undefined,Undefined,Undefined,0,0,NA,79.294,-1.475033,0.692532,2337.338908,103.163116,09:30:00,5.99316,0.48619,5.5125,-42.67309,3.78473,-8.08359,1.0573,0.46021,70.98289,-9.336318,-0.751972,0.49057,NA,NA,NA,NA,NA,NA,NA,NA,NA,NA,NA,4.29166,3.05484,-0.54119,50,5.8367000000000004,-1.05435,-114.70628,-4.3749,5.54038,27.35211,-28.23034,CAR_EAG,LEN_BEA,CarsonNewman,D2,Team,20260220-CarsonNewman-1,5e813ef0-0ea4-11f1-8304-27cb6f288688,76.83402,NA,NA,8.31112,NA,NA,NA,NA,NA,NA,46df0e37-f40e-476d-8c8d-a76c06d1b556,2026-02-20,21:37:31,2026-02-20T21:37:31Z,2026-02-20T21:37:31Z,NA,v3,CNE,NA,NA,"Christmas, Seth",1000191967,Right,LEN_BEA,de388d92-6662-40f4-9b0f-7cc437bf05fc,54.98236,-115.88825,13.67606,5.9994,-3.15498,-14.11517,-0.49046,-1.29377,2.77019,NA,NA,NA,NA,NA,NA,NA,NA,NA,NA,NA,NA,NA,NA,NA,NA,NA,NA,NA,NA,NA,NA,NA,NA,NA,NA,NA,NA,NA,NA,NA,NA,NA,NA,NA,NA,NA,NA,NA,NA,NA,NA,NA,NA,NA,NA,NA,NA,NA,NA,High,High,High,NA,NA,NA,NA,NA,NA,NA,NA,NA,NA,NA,NA,NA,NA,NA,NA,NA,NA,NA,NA,NA,NA,NA,NA,NA,NA,NA,NA,NA,NA,NA,NA,NA,NA,NA,NA,NA,NA,NA,NA,NA,NA,NA,NA,NA,NA,NA,NA
NA,NA,NA,NA,NA,NA,NA,NA,NA,NA,NA,NA,NA,NA,NA,NA,312,2026-02-20,16:37:53,6,5,"Burnley, Michael",10109139,Right,LEN_BEA,"Bishop, Matthew",10136275,Right,CAR_EAG,Undefined,7,Bottom,1,2,2,Slider,Slider,StrikeCalled,Strikeout,Undefined,Undefined,0,0,NA,78.61967,0.222216,2.1049,2422.588777,94.110351,09:15:00,5.79262,0.36636,5.4098,-44.16459,3.0837,-16.90556,2.32058,0.9306,70.39338,-7.917088,-0.904805,0.494726,NA,NA,NA,NA,NA,NA,NA,NA,NA,NA,NA,9.12587,2.08311,-0.54201,50,5.78242,-3.47821,-113.75221,-1.04845,11.64139,26.00309,-29.51674,CAR_EAG,LEN_BEA,CarsonNewman,D2,Team,20260220-CarsonNewman-1,6b81cc50-0ea4-11f1-8304-27cb6f288688,76.18858,NA,NA,8.22629,NA,NA,NA,NA,NA,NA,46df0e37-f40e-476d-8c8d-a76c06d1b556,2026-02-20,21:37:53,2026-02-20T21:37:53Z,2026-02-20T21:37:53Z,NA,v3,CNE,NA,NA,"Christmas, Seth",1000191967,Right,LEN_BEA,7034eb54-cf44-4f0c-ba2d-c03970159861,55.08631,-114.90902,13.00155,5.79985,0.26469,-14.75837,-0.37575,-3.99611,5.8207,NA,NA,NA,NA,NA,NA,NA,NA,NA,NA,NA,NA,NA,NA,NA,NA,NA,NA,NA,NA,NA,NA,NA,NA,NA,NA,NA,NA,53.98495,2.822148,1.468877,1.353271,-2.0634,1.81826,-0.86968,-3.08734,3.11083,3.39115,62.91665,10.99194,-61.88857,-3.05255,51.74702,-2.21074,3.23077,27.39931,-15.98364,3.3333,-51.98838,2.79296,High,High,High,NA,NA,High,High,High,NA,NA,NA,NA,NA,NA,NA,NA,NA,NA,NA,NA,NA,NA,NA,NA,NA,NA,NA,NA,NA,NA,NA,NA,NA,NA,NA,NA,NA,NA,NA,NA,NA,NA,NA,NA,NA,NA,NA,NA,NA,NA,NA
NA,NA,NA,NA,NA,NA,NA,NA,NA,NA,NA,NA,NA,NA,NA,NA,313,2026-02-20,16:38:25,7,1,"Burnley, Michael",10109139,Right,LEN_BEA,"Gibson, Aiden",10011511,Right,CAR_EAG,Undefined,7,Bottom,2,0,0,Slider,Slider,BallCalled,Undefined,Undefined,Undefined,0,0,NA,76.54115,1.801427,1.175883,2381.94621,82.944563,08:45:00,5.90272,0.48944,5.63143,-48.91089,-0.03287,-14.35824,3.50858,0.39025,69.19893,-7.211792,-1.389803,0.503185,NA,NA,NA,NA,NA,NA,NA,NA,NA,NA,NA,7.57583,-0.00811,-0.5805,50,6.02545,-1.71756,-110.94283,1.91205,9.29584,22.71719,-32.18398,CAR_EAG,LEN_BEA,CarsonNewman,D2,Team,20260220-CarsonNewman-1,7ecaa070-0ea4-11f1-8304-27cb6f288688,74.90764,NA,NA,7.34223,NA,NA,NA,NA,NA,NA,46df0e37-f40e-476d-8c8d-a76c06d1b556,2026-02-20,21:38:25,2026-02-20T21:38:25Z,2026-02-20T21:38:25Z,NA,v3,CNE,NA,NA,"Christmas, Seth",1000191967,Right,LEN_BEA,511a7c6b-ebd9-4852-9ffc-da33cf56fbf9,54.86748,-111.93508,11.35859,5.91124,3.3178,-16.09199,-0.49661,-2.12359,4.64792,NA,NA,NA,NA,NA,NA,NA,NA,NA,NA,NA,NA,NA,NA,NA,NA,NA,NA,NA,NA,NA,NA,NA,NA,NA,NA,NA,NA,NA,NA,NA,NA,NA,NA,NA,NA,NA,NA,NA,NA,NA,NA,NA,NA,NA,NA,NA,NA,NA,NA,High,High,High,NA,NA,NA,NA,NA,NA,NA,NA,NA,NA,NA,NA,NA,NA,NA,NA,NA,NA,NA,NA,NA,NA,NA,NA,NA,NA,NA,NA,NA,NA,NA,NA,NA,NA,NA,NA,NA,NA,NA,NA,NA,NA,NA,NA,NA,NA,NA,NA
NA,NA,NA,NA,NA,NA,NA,NA,NA,NA,NA,NA,NA,NA,NA,NA,314,2026-02-20,16:38:44,7,2,"Burnley, Michael",10109139,Right,LEN_BEA,"Gibson, Aiden",10011511,Right,CAR_EAG,Undefined,7,Bottom,2,1,0,Fastball,Four-Seam,InPlay,Undefined,FlyBall,Out,1,0,NA,87.97259,-1.883928,-1.235026,2271.274193,187.868706,12:15:00,5.96981,0.61908,6.65332,-16.01576,19.49426,2.5189,2.90992,-0.30152,79.47646,-5.008791,-0.776484,0.428891,93.93901,48.448847,4.269047,4210.558106,109.26748,108.59234,12.67177,292.89336,292.89336,9.026453,5.787656,-1.72559,11.25359,-0.53689,50,5.83619,2.65896,-127.72933,-4.56532,-2.80929,29.87782,-13.85293,CAR_EAG,LEN_BEA,CarsonNewman,D2,Team,20260220-CarsonNewman-1,8a40e450-0ea4-11f1-8304-27cb6f288688,87.88352,131.07246,NA,8.49613,NA,NA,NA,2.07565,2.9674,0.29255,46df0e37-f40e-476d-8c8d-a76c06d1b556,2026-02-20,21:38:44,2026-02-20T21:38:44Z,2026-02-20T21:38:44Z,FlyBall,v3,CNE,NA,NA,"Christmas, Seth",1000191967,Right,LEN_BEA,217c5fe6-e93a-4c8e-af4b-89976588cf25,53.84592,-128.6258,14.93891,5.96693,-4.14967,-6.92646,-0.61794,2.74325,-1.40465,NA,2.08323,90.9963,-19.25699,4.4259,-0.7088,0.07981,-0.00727,6.5e-4,-3e-5,2.96738,103.09877,-26.12603,3.0738,-0.44677,7.8e-4,0.01367,-0.0022,1.1e-4,0.2906,6.84093,1.27868,-0.37319,0.01321,0.02157,-0.00664,8.1e-4,-4e-5,NA,NA,NA,NA,NA,NA,NA,NA,NA,NA,NA,NA,NA,NA,NA,NA,NA,NA,NA,NA,NA,NA,High,High,High,Low,Low,NA,NA,NA,NA,NA,NA,NA,NA,NA,NA,NA,NA,NA,NA,NA,NA,NA,NA,NA,NA,NA,NA,NA,NA,NA,NA,NA,NA,NA,NA,NA,NA,NA,NA,NA,NA,NA,NA,NA,NA,NA,NA,NA,NA,NA,NA
NA,NA,NA,NA,NA,NA,NA,NA,NA,NA,NA,NA,NA,NA,NA,NA,315,2026-02-20,16:40:56,1,1,"Wilson, Alec",10092217,Right,CAR_EAG,"Procopio, Matthew",10069634,Right,LEN_BEA,Undefined,8,Top,0,0,0,Slider,Curveball,StrikeCalled,Undefined,Undefined,Undefined,0,0,NA,69.06734,2.262698,-0.774834,1965.043569,91.322467,09:00:00,6.30753,1.68405,5.20191,-58.84495,2.70205,-16.09855,3.5333,-0.38632,62.20517,-8.512764,-3.62664,0.564644,NA,NA,NA,NA,NA,NA,NA,NA,NA,NA,NA,7.66414,1.3224,-1.5999,50,6.4738,1.9479,-99.91371,2.15112,7.56661,19.59884,-30.86847,CAR_EAG,LEN_BEA,CarsonNewman,D2,Team,20260220-CarsonNewman-1,d88fe390-0ea4-11f1-8304-27cb6f288688,66.7543,NA,NA,6.86217,NA,NA,NA,NA,NA,NA,46df0e37-f40e-476d-8c8d-a76c06d1b556,2026-02-20,21:40:56,2026-02-20T21:40:56Z,2026-02-20T21:40:56Z,NA,v3,CNE,NA,NA,"Hammond, Kevin",10120878,Right,CAR_EAG,30e7d819-9b05-4581-a6c2-0c4a339dacef,55.29511,-100.94704,9.79942,6.31748,3.77864,-15.43424,-1.69208,1.54896,3.78331,NA,NA,NA,NA,NA,NA,NA,NA,NA,NA,NA,NA,NA,NA,NA,NA,NA,NA,NA,NA,NA,NA,NA,NA,NA,NA,NA,NA,NA,NA,NA,NA,NA,NA,NA,NA,NA,NA,NA,NA,NA,NA,NA,NA,NA,NA,NA,NA,NA,NA,High,High,High,NA,NA,NA,NA,NA,NA,NA,NA,NA,NA,NA,NA,NA,NA,NA,NA,NA,NA,NA,NA,NA,NA,NA,NA,NA,NA,NA,NA,NA,NA,NA,NA,NA,NA,NA,NA,NA,NA,NA,NA,NA,NA,NA,NA,NA,NA,NA,NA
NA,NA,NA,NA,NA,NA,NA,NA,NA,NA,NA,NA,NA,NA,NA,NA,316,2026-02-20,16:41:11,1,2,"Wilson, Alec",10092217,Right,CAR_EAG,"Procopio, Matthew",10069634,Right,LEN_BEA,Undefined,8,Top,0,0,1,Slider,Curveball,InPlay,Undefined,LineDrive,Out,1,0,NA,69.5327,1.630289,-1.635053,2086.394803,85.389135,08:45:00,5.96443,1.59111,5.27652,-59.40098,0.91807,-15.86505,2.54665,-1.26713,63.03538,-9.213244,-4.449025,0.558983,63.22752,17.80824,-18.40898,955.522433,104.98632,12.0235,-32.82985,151.12284,140.28878,-17.551158,1.91248,7.4317,0.47189,-1.4294,50,6.0699,3.43484,-100.69325,1.07632,7.47041,19.53989,-31.6997,CAR_EAG,LEN_BEA,CarsonNewman,D2,Team,20260220-CarsonNewman-1,e1d823e0-0ea4-11f1-8304-27cb6f288688,67.43039,15.07322,NA,6.49732,NA,NA,NA,2.56937,2.72895,1.18372,46df0e37-f40e-476d-8c8d-a76c06d1b556,2026-02-20,21:41:11,2026-02-20T21:41:11Z,2026-02-20T21:41:11Z,LineDrive,v3,CNE,NA,NA,"Hammond, Kevin",10120878,Right,CAR_EAG,954c45c2-db7f-4765-95ee-36d6e5c35ce5,55.22433,-101.702,9.76994,5.97209,2.71281,-15.84985,-1.59677,3.04918,3.7352,170.555498,2.56936,83.77276,-7.2843,1.69813,-0.42031,0.10061,-0.02637,0.00333,5.4e-4,2.72895,28.36083,-16.96074,0.84128,-0.11959,0.05975,-0.03996,0.02031,-0.00387,1.18372,-27.88212,2.13643,-0.17146,-4e-4,-0.00724,0.00575,-0.00141,-3e-5,NA,NA,NA,NA,NA,NA,NA,NA,NA,NA,NA,NA,NA,NA,NA,NA,NA,NA,NA,NA,NA,NA,High,High,High,High,High,NA,NA,NA,NA,NA,NA,NA,NA,NA,NA,NA,NA,NA,NA,NA,NA,NA,NA,NA,NA,NA,NA,NA,NA,NA,NA,NA,NA,NA,NA,NA,NA,NA,NA,NA,NA,NA,NA,NA,NA,NA,NA,NA,NA,NA,NA
NA,NA,NA,NA,NA,NA,NA,NA,NA,NA,NA,NA,NA,NA,NA,NA,317,2026-02-20,16:41:42,2,1,"Wilson, Alec",10092217,Right,CAR_EAG,"Christmas, Seth",1000191967,Right,LEN_BEA,Undefined,8,Top,1,0,0,Fastball,Changeup,StrikeCalled,Undefined,Undefined,Undefined,0,0,NA,81.79877,-0.669467,-1.845324,1961.226937,208.273527,01:00:00,5.89244,1.77883,5.61332,-22.55572,20.41355,10.11107,3.38758,0.89844,73.45264,-4.963171,-0.04112,0.471792,NA,NA,NA,NA,NA,NA,NA,NA,NA,NA,NA,-5.65788,10.97544,-1.62747,50,5.82104,3.39064,-118.4501,-2.01738,-7.89669,26.34248,-16.85561,CAR_EAG,LEN_BEA,CarsonNewman,D2,Team,20260220-CarsonNewman-1,f3fd5f90-0ea4-11f1-8304-27cb6f288688,79.89209,NA,NA,8.34613,NA,NA,NA,NA,NA,NA,46df0e37-f40e-476d-8c8d-a76c06d1b556,2026-02-20,21:41:42,2026-02-20T21:41:42Z,2026-02-20T21:41:42Z,NA,v3,CNE,NA,NA,"Hammond, Kevin",10120878,Right,CAR_EAG,74c3945f-6924-4db0-974c-24ace899aa4d,54.88136,-119.53075,13.17124,5.88962,-1.32591,-8.42781,-1.77321,3.71458,-3.94835,NA,NA,NA,NA,NA,NA,NA,NA,NA,NA,NA,NA,NA,NA,NA,NA,NA,NA,NA,NA,NA,NA,NA,NA,NA,NA,NA,NA,NA,NA,NA,NA,NA,NA,NA,NA,NA,NA,NA,NA,NA,NA,NA,NA,NA,NA,NA,NA,NA,NA,High,High,High,NA,NA,NA,NA,NA,NA,NA,NA,NA,NA,NA,NA,NA,NA,NA,NA,NA,NA,NA,NA,NA,NA,NA,NA,NA,NA,NA,NA,NA,NA,NA,NA,NA,NA,NA,NA,NA,NA,NA,NA,NA,NA,NA,NA,NA,NA,NA,NA
NA,NA,NA,NA,NA,NA,NA,NA,NA,NA,NA,NA,NA,NA,NA,NA,318,2026-02-20,16:41:59,2,2,"Wilson, Alec",10092217,Right,CAR_EAG,"Christmas, Seth",1000191967,Right,LEN_BEA,Undefined,8,Top,1,0,1,Slider,Curveball,BallCalled,Undefined,Undefined,Undefined,0,0,NA,69.16522,3.404667,-0.794215,2090.627568,89.795587,09:00:00,6.03253,1.58685,5.46352,-59.44129,2.6413,-18.51426,4.26991,-0.69944,60.95824,-7.618626,-4.085644,0.567096,NA,NA,NA,NA,NA,NA,NA,NA,NA,NA,NA,8.7913,0.86224,-1.50456,50,6.29385,2.0759,-99.76643,4.18081,8.48198,22.42716,-31.34213,CAR_EAG,LEN_BEA,CarsonNewman,D2,Team,20260220-CarsonNewman-1,fe464700-0ea4-11f1-8304-27cb6f288688,66.46577,NA,NA,8.20697,NA,NA,NA,NA,NA,NA,46df0e37-f40e-476d-8c8d-a76c06d1b556,2026-02-20,21:41:59,2026-02-20T21:41:59Z,2026-02-20T21:41:59Z,NA,v3,CNE,NA,NA,"Hammond, Kevin",10120878,Right,CAR_EAG,48a23c3a-1f42-49d7-aa41-d533e103e586,55.02887,-100.89057,11.21358,6.04492,5.75181,-15.67107,-1.59796,1.65075,4.24099,NA,NA,NA,NA,NA,NA,NA,NA,NA,NA,NA,NA,NA,NA,NA,NA,NA,NA,NA,NA,NA,NA,NA,NA,NA,NA,NA,NA,NA,NA,NA,NA,NA,NA,NA,NA,NA,NA,NA,NA,NA,NA,NA,NA,NA,NA,NA,NA,NA,NA,High,High,High,NA,NA,NA,NA,NA,NA,NA,NA,NA,NA,NA,NA,NA,NA,NA,NA,NA,NA,NA,NA,NA,NA,NA,NA,NA,NA,NA,NA,NA,NA,NA,NA,NA,NA,NA,NA,NA,NA,NA,NA,NA,NA,NA,NA,NA,NA,NA,NA
NA,NA,NA,NA,NA,NA,NA,NA,NA,NA,NA,NA,NA,NA,NA,NA,319,2026-02-20,16:42:18,2,3,"Wilson, Alec",10092217,Right,CAR_EAG,"Christmas, Seth",1000191967,Right,LEN_BEA,Undefined,8,Top,1,1,1,Slider,Curveball,StrikeCalled,Undefined,Undefined,Undefined,0,0,NA,69.33733,2.286768,-1.742911,2217.932288,59.940318,08:00:00,5.76412,1.85577,5.42323,-68.24189,-6.50831,-15.83351,2.22144,-1.09678,61.61721,-10.229638,-4.560339,0.565499,NA,NA,NA,NA,NA,NA,NA,NA,NA,NA,NA,7.10685,-3.23327,-1.6902,50,5.92168,3.63645,-100.13736,1.90366,6.90559,22.64119,-35.31575,CAR_EAG,LEN_BEA,CarsonNewman,D2,Team,20260220-CarsonNewman-1,09c600c0-0ea5-11f1-8304-27cb6f288688,66.65338,NA,NA,7.72012,NA,NA,NA,NA,NA,NA,46df0e37-f40e-476d-8c8d-a76c06d1b556,2026-02-20,21:42:18,2026-02-20T21:42:18Z,2026-02-20T21:42:18Z,NA,v3,CNE,NA,NA,"Hammond, Kevin",10120878,Right,CAR_EAG,d29005a1-587e-4fa7-9c58-82095fbfb775,55.07264,-101.2778,11.32059,5.78099,3.68252,-17.65787,-1.86461,3.28862,3.4528,NA,NA,NA,NA,NA,NA,NA,NA,NA,NA,NA,NA,NA,NA,NA,NA,NA,NA,NA,NA,NA,NA,NA,NA,NA,NA,NA,NA,NA,NA,NA,NA,NA,NA,NA,NA,NA,NA,NA,NA,NA,NA,NA,NA,NA,NA,NA,NA,NA,NA,High,High,High,NA,NA,NA,NA,NA,NA,NA,NA,NA,NA,NA,NA,NA,NA,NA,NA,NA,NA,NA,NA,NA,NA,NA,NA,NA,NA,NA,NA,NA,NA,NA,NA,NA,NA,NA,NA,NA,NA,NA,NA,NA,NA,NA,NA,NA,NA,NA,NA
NA,NA,NA,NA,NA,NA,NA,NA,NA,NA,NA,NA,NA,NA,NA,NA,320,2026-02-20,16:42:37,2,4,"Wilson, Alec",10092217,Right,CAR_EAG,"Christmas, Seth",1000191967,Right,LEN_BEA,Undefined,8,Top,1,1,2,Slider,Curveball,FoulBallNotFieldable,Undefined,Undefined,Undefined,0,0,NA,70.37087,1.442723,-1.956961,2082.133948,76.313225,08:30:00,5.91116,1.73428,5.40921,-60.85381,-1.71358,-16.50836,2.19283,-1.47569,63.33465,-9.694723,-4.892561,0.553494,52.0848,18.400136,130.58627,3073.231552,NA,NA,NA,92.93338,26.23686,133.272348,1.564108,7.59386,-0.76512,-1.54801,50,5.99755,4.06967,-101.82609,0.72597,7.73028,21.46029,-32.95292,CAR_EAG,LEN_BEA,CarsonNewman,D2,Team,20260220-CarsonNewman-1,14c4a3a0-0ea5-11f1-8304-27cb6f288688,68.0991,10.59991,NA,7.03623,NA,NA,NA,2.55263,2.2492,1.23073,46df0e37-f40e-476d-8c8d-a76c06d1b556,2026-02-20,21:42:37,2026-02-20T21:42:37Z,2026-02-20T21:42:37Z,GroundBall,v3,CNE,NA,NA,"Hammond, Kevin",10120878,Right,CAR_EAG,04cd15d1-c40f-4554-b040-0935ec3d65df,55.09047,-102.89333,10.73014,5.9207,2.36475,-16.47646,-1.74084,3.68523,3.86514,275.765565,2.5197600000000002,-46.85704,2.8986,NA,NA,NA,NA,NA,NA,2.4456,22.37128,-15.37466,NA,NA,NA,NA,NA,NA,1.47841,52.75844,-6.75611,NA,NA,NA,NA,NA,NA,NA,NA,NA,NA,NA,NA,NA,NA,NA,NA,NA,NA,NA,NA,NA,NA,NA,NA,NA,NA,NA,NA,High,High,High,High,Low,NA,NA,NA,NA,NA,NA,NA,NA,NA,NA,NA,NA,NA,NA,NA,NA,NA,NA,NA,NA,NA,NA,NA,NA,NA,NA,NA,NA,NA,NA,NA,NA,NA,NA,NA,NA,NA,NA,NA,NA,NA,NA,NA,NA,NA,NA
NA,NA,NA,NA,NA,NA,NA,NA,NA,NA,NA,NA,NA,NA,NA,NA,321,2026-02-20,16:43:05,2,5,"Wilson, Alec",10092217,Right,CAR_EAG,"Christmas, Seth",1000191967,Right,LEN_BEA,Undefined,8,Top,1,1,2,Fastball,Changeup,FoulBallNotFieldable,Undefined,Undefined,Undefined,0,0,NA,81.25126,-0.265195,-2.997416,1981.667149,218.695701,01:15:00,5.70699,1.69052,5.68701,-28.00765,14.84993,10.76256,3.12549,-0.20904,74.04405,-5.496839,-1.076434,0.471178,65.38575,28.43674,157.285059,3185.695416,NA,NA,NA,NA,30.81003,NA,NA,-6.3354,8.03871,-1.44495,50,5.66726,5.74397,-117.81429,-1.40278,-8.87348,23.11084,-20.91487,CAR_EAG,LEN_BEA,CarsonNewman,D2,Team,20260220-CarsonNewman-1,25bd6d40-0ea5-11f1-8304-27cb6f288688,79.99612,17.62386,NA,7.20721,NA,NA,NA,1.36221,3.12209,0.15397,46df0e37-f40e-476d-8c8d-a76c06d1b556,2026-02-20,21:43:05,2026-02-20T21:43:05Z,2026-02-20T21:43:05Z,NA,v3,CNE,NA,NA,"Hammond, Kevin",10120878,Right,CAR_EAG,ec90cf8f-7df2-4599-9005-617e0fb533be,54.81283,-118.75463,11.55542,5.70703,-0.55178,-10.45743,-1.68601,6.10502,-4.43674,296.196792,1.36286,-77.81085,4.60204,NA,NA,NA,NA,NA,NA,3.12852,45.44812,-22.18305,NA,NA,NA,NA,NA,NA,0.16155,32.30593,-10.21203,NA,NA,NA,NA,NA,NA,NA,NA,NA,NA,NA,NA,NA,NA,NA,NA,NA,NA,NA,NA,NA,NA,NA,NA,NA,NA,NA,NA,High,High,High,High,Undefined,NA,NA,NA,NA,NA,NA,NA,NA,NA,NA,NA,NA,NA,NA,NA,NA,NA,NA,NA,NA,NA,NA,NA,NA,NA,NA,NA,NA,NA,NA,NA,NA,NA,NA,NA,NA,NA,NA,NA,NA,NA,NA,NA,NA,NA,NA
NA,NA,NA,NA,NA,NA,NA,NA,NA,NA,NA,NA,NA,NA,NA,NA,322,2026-02-20,16:43:30,2,6,"Wilson, Alec",10092217,Right,CAR_EAG,"Christmas, Seth",1000191967,Right,LEN_BEA,Undefined,8,Top,1,1,2,Fastball,Changeup,BallCalled,Undefined,Undefined,Undefined,0,0,NA,81.60662,0.436799,-2.339807,2027.391284,214.623468,01:15:00,5.71612,1.81707,5.5611,-24.8773,17.73469,11.2891,4.05146,0.57055,74.30994,-4.232078,-0.328629,0.469826,NA,NA,NA,NA,NA,NA,NA,NA,NA,NA,NA,-6.32445,9.2389,-1.62234,50,5.73772,4.37047,-118.35147,0.15202,-8.95418,22.96839,-19.09362,CAR_EAG,LEN_BEA,CarsonNewman,D2,Team,20260220-CarsonNewman-1,34760ae0-0ea5-11f1-8304-27cb6f288688,80.22631,NA,NA,7.29668,NA,NA,NA,NA,NA,NA,46df0e37-f40e-476d-8c8d-a76c06d1b556,2026-02-20,21:43:30,2026-02-20T21:43:30Z,2026-02-20T21:43:30Z,NA,v3,CNE,NA,NA,"Hammond, Kevin",10120878,Right,CAR_EAG,ee5f0de4-bc65-4605-8959-4d7374bea36e,54.93705,-119.30576,11.48419,5.71492,0.94532,-9.54681,-1.81165,4.74249,-4.47709,NA,NA,NA,NA,NA,NA,NA,NA,NA,NA,NA,NA,NA,NA,NA,NA,NA,NA,NA,NA,NA,NA,NA,NA,NA,NA,NA,NA,NA,NA,NA,NA,NA,NA,NA,NA,NA,NA,NA,NA,NA,NA,NA,NA,NA,NA,NA,NA,NA,NA,High,High,High,NA,NA,NA,NA,NA,NA,NA,NA,NA,NA,NA,NA,NA,NA,NA,NA,NA,NA,NA,NA,NA,NA,NA,NA,NA,NA,NA,NA,NA,NA,NA,NA,NA,NA,NA,NA,NA,NA,NA,NA,NA,NA,NA,NA,NA,NA,NA,NA
NA,NA,NA,NA,NA,NA,NA,NA,NA,NA,NA,NA,NA,NA,NA,NA,323,2026-02-20,16:43:50,2,7,"Wilson, Alec",10092217,Right,CAR_EAG,"Christmas, Seth",1000191967,Right,LEN_BEA,Undefined,8,Top,1,2,2,Fastball,Changeup,BallCalled,Undefined,Undefined,Undefined,0,0,NA,81.90501,-1.063537,-1.883065,1961.295036,216.781911,01:15:00,6.15794,1.72357,5.53834,-26.0282,16.87052,11.42682,2.9942,0.91509,73.80382,-5.955154,0.15399,0.471404,NA,NA,NA,NA,NA,NA,NA,NA,NA,NA,NA,-6.33197,9.3093,-1.56777,50,6.0488,3.42165,-118.62298,-2.99749,-8.87946,26.04276,-19.11942,CAR_EAG,LEN_BEA,CarsonNewman,D2,Team,20260220-CarsonNewman-1,40799aa0-0ea5-11f1-8304-27cb6f288688,79.95777,NA,NA,8.10119,NA,NA,NA,NA,NA,NA,46df0e37-f40e-476d-8c8d-a76c06d1b556,2026-02-20,21:43:50,2026-02-20T21:43:50Z,2026-02-20T21:43:50Z,NA,v3,CNE,NA,NA,"Hammond, Kevin",10120878,Right,CAR_EAG,b35f0788-b96e-4f5e-a5c2-1ae018005c55,54.95797,-119.70651,13.02138,6.15696,-2.202,-9.55971,-1.71781,3.79109,-4.43973,NA,NA,NA,NA,NA,NA,NA,NA,NA,NA,NA,NA,NA,NA,NA,NA,NA,NA,NA,NA,NA,NA,NA,NA,NA,NA,NA,NA,NA,NA,NA,NA,NA,NA,NA,NA,NA,NA,NA,NA,NA,NA,NA,NA,NA,NA,NA,NA,NA,NA,High,High,High,NA,NA,NA,NA,NA,NA,NA,NA,NA,NA,NA,NA,NA,NA,NA,NA,NA,NA,NA,NA,NA,NA,NA,NA,NA,NA,NA,NA,NA,NA,NA,NA,NA,NA,NA,NA,NA,NA,NA,NA,NA,NA,NA,NA,NA,NA,NA,NA
NA,NA,NA,NA,NA,NA,NA,NA,NA,NA,NA,NA,NA,NA,NA,NA,324,2026-02-20,16:44:11,2,8,"Wilson, Alec",10092217,Right,CAR_EAG,"Christmas, Seth",1000191967,Right,LEN_BEA,Undefined,8,Top,1,3,2,Slider,Curveball,InPlay,Undefined,LineDrive,Double,0,0,NA,69.4702,2.630368,-0.83305,2142.603264,67.531414,08:15:00,5.84389,1.66468,5.47467,-64.19874,-4.36803,-15.70521,2.95748,-0.42371,63.04322,-9.111277,-3.630455,0.556716,97.44591,21.935709,-14.959605,1428.589495,106.20061,38.28625,-28.66002,368.82461,363.17127,-17.412168,3.793608,7.65827,-2.50075,-1.58029,50,6.0314,2.01023,-100.65941,2.70989,7.71354,19.1296,-34.69284,CAR_EAG,LEN_BEA,CarsonNewman,D2,Team,20260220-CarsonNewman-1,4d49a220-0ea5-11f1-8304-27cb6f288688,67.705,49.16813,NA,6.42698,NA,NA,NA,1.80707,3.06309,0.38374,46df0e37-f40e-476d-8c8d-a76c06d1b556,2026-02-20,21:44:11,2026-02-20T21:44:11Z,2026-02-20T21:44:11Z,LineDrive,v3,CNE,NA,NA,"Hammond, Kevin",10120878,Right,CAR_EAG,ab837697-fa09-468d-abe5-03382f496a86,55.02752,-101.61036,9.5648,5.85382,4.4345,-17.34642,-1.67069,1.62678,3.85677,165.980372,1.8070600000000001,128.08059,-17.49383,3.78899,-0.80602,0.18463,-0.03863,0.00522,-3e-4,3.06289,53.39429,-17.03256,1.11667,-0.09685,-0.04849,0.02448,-0.00412,2.4e-4,0.3835,-34.21619,3.15373,-0.85819,0.19725,-0.05545,0.01446,-0.0024,1.7e-4,NA,NA,NA,NA,NA,NA,NA,NA,NA,NA,NA,NA,NA,NA,NA,NA,NA,NA,NA,NA,NA,NA,High,High,High,Medium,Medium,NA,NA,NA,NA,NA,NA,NA,NA,NA,NA,NA,NA,NA,NA,NA,NA,NA,NA,NA,NA,NA,NA,NA,NA,NA,NA,NA,NA,NA,NA,NA,NA,NA,NA,NA,NA,NA,NA,NA,NA,NA,NA,NA,NA,NA,NA
NA,NA,NA,NA,NA,NA,NA,NA,NA,NA,NA,NA,NA,NA,NA,NA,325,2026-02-20,16:46:11,3,1,"Wilson, Alec",10092217,Right,CAR_EAG,"Boris, Sylas",1000138481,Right,LEN_BEA,Undefined,8,Top,1,0,0,Slider,Curveball,BallCalled,Undefined,Undefined,Undefined,0,0,NA,68.17467,3.797415,0.049789,2084.22963,70.96887,08:15:00,5.76731,1.75692,5.52723,-67.24748,-4.4113,-19.928,3.71871,0.1428,61.00993,-8.573589,-3.500321,0.570527,NA,NA,NA,NA,NA,NA,NA,NA,NA,NA,NA,9.91327,-2.74016,-1.7481,50,6.05433,0.62915,-98.5499,4.55416,9.46373,19.93322,-34.78993,CAR_EAG,LEN_BEA,CarsonNewman,D2,Team,20260220-CarsonNewman-1,94457a50-0ea5-11f1-8304-27cb6f288688,66.066,NA,NA,7.16474,NA,NA,NA,NA,NA,NA,46df0e37-f40e-476d-8c8d-a76c06d1b556,2026-02-20,21:46:11,2026-02-20T21:46:11Z,2026-02-20T21:46:11Z,NA,v3,CNE,NA,NA,"Hammond, Kevin",10120878,Right,CAR_EAG,afc4293b-e09e-4482-9643-b3f7809150e7,54.97165,-99.55041,9.96661,5.78192,6.30037,-17.39496,-1.76776,0.15413,4.73186,NA,NA,NA,NA,NA,NA,NA,NA,NA,NA,NA,NA,NA,NA,NA,NA,NA,NA,NA,NA,NA,NA,NA,NA,NA,NA,NA,NA,NA,NA,NA,NA,NA,NA,NA,NA,NA,NA,NA,NA,NA,NA,NA,NA,NA,NA,NA,NA,NA,NA,High,High,High,NA,NA,NA,NA,NA,NA,NA,NA,NA,NA,NA,NA,NA,NA,NA,NA,NA,NA,NA,NA,NA,NA,NA,NA,NA,NA,NA,NA,NA,NA,NA,NA,NA,NA,NA,NA,NA,NA,NA,NA,NA,NA,NA,NA,NA,NA,NA,NA
NA,NA,NA,NA,NA,NA,NA,NA,NA,NA,NA,NA,NA,NA,NA,NA,326,2026-02-20,16:46:29,3,2,"Wilson, Alec",10092217,Right,CAR_EAG,"Boris, Sylas",1000138481,Right,LEN_BEA,Undefined,8,Top,1,1,0,Fastball,Changeup,InPlay,Undefined,GroundBall,Out,1,0,NA,80.83066,-1.264826,-3.689179,1995.233511,207.796954,01:00:00,5.74992,1.80223,5.93503,-23.81541,19.37127,9.41764,2.58922,-0.8404,73.32909,-5.776717,-2.002582,0.472984,76.80864,-30.508518,-40.049018,NA,NA,NA,NA,6.57706,6.49165,-18.819476,0.047058,-6.01103,10.78371,-1.5129,50,5.6355,7.19993,-117.10064,-3.2458,-8.26636,24.09626,-17.3443,CAR_EAG,LEN_BEA,CarsonNewman,D2,Team,20260220-CarsonNewman-1,9f77b050-0ea5-11f1-8304-27cb6f288688,79.69076,2.69998,NA,7.50157,NA,NA,NA,2.71788,2.69998,0.82664,46df0e37-f40e-476d-8c8d-a76c06d1b556,2026-02-20,21:46:29,2026-02-20T21:46:29Z,2026-02-20T21:46:29Z,GroundBall,v3,CNE,NA,NA,"Hammond, Kevin",10120878,Right,CAR_EAG,9abe8122-1b78-4e22-97ef-89a93cd5eaa6,54.56572,-118.03641,12.04813,5.74847,-2.57224,-8.67215,-1.79874,7.52095,-4.13318,180,2.71606,74.53677,NA,NA,NA,NA,NA,NA,NA,2.70138,-57.37527,NA,NA,NA,NA,NA,NA,NA,0.82817,-62.65252,NA,NA,NA,NA,NA,NA,NA,NA,NA,NA,NA,NA,NA,NA,NA,NA,NA,NA,NA,NA,NA,NA,NA,NA,NA,NA,NA,NA,NA,High,High,High,High,High,NA,NA,NA,NA,NA,NA,NA,NA,NA,NA,NA,NA,NA,NA,NA,NA,NA,NA,NA,NA,NA,NA,NA,NA,NA,NA,NA,NA,NA,NA,NA,NA,NA,NA,NA,NA,NA,NA,NA,NA,NA,NA,NA,NA,NA,NA
NA,NA,NA,NA,NA,NA,NA,NA,NA,NA,NA,NA,NA,NA,NA,NA,327,2026-02-20,16:47:35,4,1,"Wilson, Alec",10092217,Right,CAR_EAG,"Stillinger, Andrew",10039721,Left,LEN_BEA,Undefined,8,Top,2,0,0,Slider,Curveball,StrikeCalled,Undefined,Undefined,Undefined,0,0,NA,70.19331,1.95044,-1.079556,2185.580242,68.358161,08:15:00,5.59248,2.02073,5.1816,-62.17106,-3.36181,-13.44434,2.2478,-0.11552,64.18479,-9.331984,-3.462398,0.551943,NA,NA,NA,NA,NA,NA,NA,NA,NA,NA,NA,6.32292,-1.61201,-1.90987,50,5.72703,2.41482,-101.74823,1.49412,6.56132,18.27213,-33.84683,CAR_EAG,LEN_BEA,CarsonNewman,D2,Team,20260220-CarsonNewman-1,c6550790-0ea5-11f1-8304-27cb6f288688,68.29045,NA,NA,6.00852,NA,NA,NA,NA,NA,NA,46df0e37-f40e-476d-8c8d-a76c06d1b556,2026-02-20,21:47:35,2026-02-20T21:47:35Z,2026-02-20T21:47:35Z,NA,v3,CNE,NA,NA,"Hammond, Kevin",10120878,Right,CAR_EAG,5ce5b1e9-83d2-4387-b266-53ffd2ac5416,55.3196,-102.69909,9.13607,5.60345,3.25547,-16.92342,-2.02664,2.07338,3.28066,NA,NA,NA,NA,NA,NA,NA,NA,NA,NA,NA,NA,NA,NA,NA,NA,NA,NA,NA,NA,NA,NA,NA,NA,NA,NA,NA,NA,NA,NA,NA,NA,NA,NA,NA,NA,NA,NA,NA,NA,NA,NA,NA,NA,NA,NA,NA,NA,NA,NA,High,High,High,NA,NA,NA,NA,NA,NA,NA,NA,NA,NA,NA,NA,NA,NA,NA,NA,NA,NA,NA,NA,NA,NA,NA,NA,NA,NA,NA,NA,NA,NA,NA,NA,NA,NA,NA,NA,NA,NA,NA,NA,NA,NA,NA,NA,NA,NA,NA,NA
NA,NA,NA,NA,NA,NA,NA,NA,NA,NA,NA,NA,NA,NA,NA,NA,328,2026-02-20,16:47:54,4,2,"Wilson, Alec",10092217,Right,CAR_EAG,"Stillinger, Andrew",10039721,Left,LEN_BEA,Undefined,8,Top,2,0,1,Slider,Curveball,BallCalled,Undefined,Undefined,Undefined,0,0,NA,70.14167,1.617609,0.561628,2181.301483,75.681838,08:30:00,5.68523,2.09496,5.1088,-60.52306,-1.81835,-14.54623,2.16621,1.41195,64.4292,-9.346224,-2.015599,0.551452,NA,NA,NA,NA,NA,NA,NA,NA,NA,NA,NA,7.35776,-0.75083,-2.13616,50,5.79067,-0.45906,-101.75267,0.94411,7.67995,17.38364,-32.95777,CAR_EAG,LEN_BEA,CarsonNewman,D2,Team,20260220-CarsonNewman-1,d1d361c0-0ea5-11f1-8304-27cb6f288688,68.35123,NA,NA,5.71247,NA,NA,NA,NA,NA,NA,46df0e37-f40e-476d-8c8d-a76c06d1b556,2026-02-20,21:47:54,2026-02-20T21:47:54Z,2026-02-20T21:47:54Z,NA,v3,CNE,NA,NA,"Hammond, Kevin",10120878,Right,CAR_EAG,5ba8bfaf-3260-449f-8754-36108bb5dbc3,55.39305,-102.6699,8.69182,5.69498,2.68309,-16.47889,-2.10125,-0.86427,3.83997,NA,NA,NA,NA,NA,NA,NA,NA,NA,NA,NA,NA,NA,NA,NA,NA,NA,NA,NA,NA,NA,NA,NA,NA,NA,NA,NA,NA,NA,NA,NA,NA,NA,NA,NA,NA,NA,NA,NA,NA,NA,NA,NA,NA,NA,NA,NA,NA,NA,NA,High,High,High,NA,NA,NA,NA,NA,NA,NA,NA,NA,NA,NA,NA,NA,NA,NA,NA,NA,NA,NA,NA,NA,NA,NA,NA,NA,NA,NA,NA,NA,NA,NA,NA,NA,NA,NA,NA,NA,NA,NA,NA,NA,NA,NA,NA,NA,NA,NA,NA
NA,NA,NA,NA,NA,NA,NA,NA,NA,NA,NA,NA,NA,NA,NA,NA,329,2026-02-20,16:48:16,4,3,"Wilson, Alec",10092217,Right,CAR_EAG,"Stillinger, Andrew",10039721,Left,LEN_BEA,Undefined,8,Top,2,1,1,Slider,Curveball,InPlay,Undefined,GroundBall,Single,0,1,NA,69.64034,2.512531,-0.329332,2202.826958,54.010511,07:45:00,5.69628,2.0457,5.36298,-69.89142,-9.84178,-16.60674,2.22968,0.35297,63.0485,-10.216735,-3.285474,0.557733,96.76545,4.495614,5.055998,3440.524111,NA,NA,NA,90.40354,90.04862,3.83639,0.676052,8.2354,-5.21914,-2.00372,50,5.87227,1.16944,-100.88602,2.27631,8.28644,20.03897,-37.42552,CAR_EAG,LEN_BEA,CarsonNewman,D2,Team,20260220-CarsonNewman-1,dee26e10-0ea5-11f1-8304-27cb6f288688,67.58148,3.64974,NA,6.59184,NA,NA,NA,1.56726,2.27025,-0.36473,46df0e37-f40e-476d-8c8d-a76c06d1b556,2026-02-20,21:48:16,2026-02-20T21:48:16Z,2026-02-20T21:48:16Z,GroundBall,v3,CNE,NA,NA,"Hammond, Kevin",10120878,Right,CAR_EAG,275dd040-c3f3-4073-853a-fba9b20dbb41,55.14019,-101.9019,10.01949,5.70878,4.17361,-18.71276,-2.05236,0.74935,4.14322,32.25309,1.58744,140.53289,-14.03133,NA,NA,NA,NA,NA,NA,2.30119,10.50727,-20.64084,NA,NA,NA,NA,NA,NA,-0.35342,12.24268,-4.1245,NA,NA,NA,NA,NA,NA,NA,NA,NA,NA,NA,NA,NA,NA,NA,NA,NA,NA,NA,NA,NA,NA,NA,NA,NA,NA,NA,NA,High,High,High,High,High,NA,NA,NA,NA,NA,NA,NA,NA,NA,NA,NA,NA,NA,NA,NA,NA,NA,NA,NA,NA,NA,NA,NA,NA,NA,NA,NA,NA,NA,NA,NA,NA,NA,NA,NA,NA,NA,NA,NA,NA,NA,NA,NA,NA,NA,NA
NA,NA,NA,NA,NA,NA,NA,NA,NA,NA,NA,NA,NA,NA,NA,NA,330,2026-02-20,16:51:01,5,1,"Norris, Eli",1000334436,Right,CAR_EAG,"Morris, Nick",10108627,Right,LEN_BEA,Undefined,8,Top,2,0,0,Cutter,Slider,BallCalled,Undefined,Undefined,Undefined,0,0,NA,81.1439,-0.494659,-1.903857,2330.341813,134.760021,10:30:00,6.66896,0.25449,5.81059,-39.75801,3.04622,-1.65213,2.89553,-1.6543,74.19461,-7.817855,-2.200088,0.470885,NA,NA,NA,NA,NA,NA,NA,NA,NA,NA,NA,0.27736,2.14114,-0.09734,50,6.60489,3.97902,-117.75929,-2.31472,0.38704,23.67833,-29.18642,CAR_EAG,LEN_BEA,CarsonNewman,D2,Team,20260220-CarsonNewman-1,41477c80-0ea6-11f1-8304-27cb6f288688,80.04598,NA,NA,6.94929,NA,NA,NA,NA,NA,NA,46df0e37-f40e-476d-8c8d-a76c06d1b556,2026-02-20,21:51:01,2026-02-20T21:51:01Z,2026-02-20T21:51:01Z,NA,v3,CNE,NA,NA,"Hammond, Kevin",10120878,Right,CAR_EAG,d0dd2d32-f72c-4db1-8d8a-49998c1f9738,54.6893,-118.69844,11.83917,6.67374,-1.1571,-14.59321,-0.25486,3.96367,0.19352,NA,NA,NA,NA,NA,NA,NA,NA,NA,NA,NA,NA,NA,NA,NA,NA,NA,NA,NA,NA,NA,NA,NA,NA,NA,NA,NA,NA,NA,NA,NA,NA,NA,NA,NA,NA,NA,NA,NA,NA,NA,NA,NA,NA,NA,NA,NA,NA,NA,NA,High,High,High,NA,NA,NA,NA,NA,NA,NA,NA,NA,NA,NA,NA,NA,NA,NA,NA,NA,NA,NA,NA,NA,NA,NA,NA,NA,NA,NA,NA,NA,NA,NA,NA,NA,NA,NA,NA,NA,NA,NA,NA,NA,NA,NA,NA,NA,NA,NA,NA
NA,NA,NA,NA,NA,NA,NA,NA,NA,NA,NA,NA,NA,NA,NA,NA,331,2026-02-20,16:51:21,5,2,"Norris, Eli",1000334436,Right,CAR_EAG,"Morris, Nick",10108627,Right,LEN_BEA,Undefined,8,Top,2,1,0,Fastball,Four-Seam,StrikeCalled,Undefined,Undefined,Undefined,0,0,NA,89.03545,-3.094578,0.288894,2331.72941,184.059918,12:15:00,6.27527,0.16581,6.06506,-15.52926,19.64162,1.31134,2.11432,0.54246,81.25701,-6.066159,0.525077,0.426838,NA,NA,NA,NA,NA,NA,NA,NA,NA,NA,NA,-0.59004,11.3456,-0.18889,50,6.02659,-0.70594,-129.15578,-7.39546,-0.99366,27.65339,-13.06718,CAR_EAG,LEN_BEA,CarsonNewman,D2,Team,20260220-CarsonNewman-1,4cfc9e20-0ea6-11f1-8304-27cb6f288688,88.3062,NA,NA,7.77844,NA,NA,NA,NA,NA,NA,46df0e37-f40e-476d-8c8d-a76c06d1b556,2026-02-20,21:51:21,2026-02-20T21:51:21Z,2026-02-20T21:51:21Z,NA,v3,CNE,NA,NA,"Hammond, Kevin",10120878,Right,CAR_EAG,2b425b7f-d2a1-4adb-afc9-433f561a141f,54.43389,-130.10166,13.82669,6.2719,-6.9485,-6.53359,-0.16532,-0.67195,-0.49683,NA,NA,NA,NA,NA,NA,NA,NA,NA,NA,NA,NA,NA,NA,NA,NA,NA,NA,NA,NA,NA,NA,NA,NA,NA,NA,NA,NA,NA,NA,NA,NA,NA,NA,NA,NA,NA,NA,NA,NA,NA,NA,NA,NA,NA,NA,NA,NA,NA,NA,High,High,High,NA,NA,NA,NA,NA,NA,NA,NA,NA,NA,NA,NA,NA,NA,NA,NA,NA,NA,NA,NA,NA,NA,NA,NA,NA,NA,NA,NA,NA,NA,NA,NA,NA,NA,NA,NA,NA,NA,NA,NA,NA,NA,NA,NA,NA,NA,NA,NA
NA,NA,NA,NA,NA,NA,NA,NA,NA,NA,NA,NA,NA,NA,NA,NA,332,2026-02-20,16:51:37,5,3,"Norris, Eli",1000334436,Right,CAR_EAG,"Morris, Nick",10108627,Right,LEN_BEA,Undefined,8,Top,2,1,1,Fastball,Four-Seam,FoulBallNotFieldable,Undefined,Undefined,Undefined,0,0,NA,89.58324,-2.63203,-0.461073,2273.986725,180.581333,12:00:00,6.30635,0.0555,6.2631,-16.17194,18.26422,0.17386,2.53007,-0.35515,81.7846,-5.728973,-0.429643,0.422356,NA,NA,NA,NA,NA,NA,NA,NA,NA,NA,NA,-0.22417,10.61394,-0.02141,50,6.10323,1.04,-130.08438,-6.41649,-0.38269,28.23901,-14.05467,CAR_EAG,LEN_BEA,CarsonNewman,D2,Team,20260220-CarsonNewman-1,56d3b0f0-0ea6-11f1-8304-27cb6f288688,89.24331,NA,NA,7.79863,NA,NA,NA,NA,NA,NA,46df0e37-f40e-476d-8c8d-a76c06d1b556,2026-02-20,21:51:37,2026-02-20T21:51:37Z,2026-02-20T21:51:37Z,NA,v3,CNE,NA,NA,"Hammond, Kevin",10120878,Right,CAR_EAG,5f9e779e-8c4a-4886-b6df-66fcafa1dd53,54.23821,-131.0012,14.11951,6.30414,-5.96019,-7.02734,-0.05538,1.05242,-0.19135,NA,NA,NA,NA,NA,NA,NA,NA,NA,NA,NA,NA,NA,NA,NA,NA,NA,NA,NA,NA,NA,NA,NA,NA,NA,NA,NA,NA,NA,NA,NA,NA,NA,NA,NA,NA,NA,NA,NA,NA,NA,NA,NA,NA,NA,NA,NA,NA,NA,NA,High,High,High,NA,NA,NA,NA,NA,NA,NA,NA,NA,NA,NA,NA,NA,NA,NA,NA,NA,NA,NA,NA,NA,NA,NA,NA,NA,NA,NA,NA,NA,NA,NA,NA,NA,NA,NA,NA,NA,NA,NA,NA,NA,NA,NA,NA,NA,NA,NA,NA
NA,NA,NA,NA,NA,NA,NA,NA,NA,NA,NA,NA,NA,NA,NA,NA,333,2026-02-20,16:52:03,5,4,"Norris, Eli",1000334436,Right,CAR_EAG,"Morris, Nick",10108627,Right,LEN_BEA,Undefined,8,Top,2,1,2,Curveball,Curveball,StrikeSwinging,Strikeout,Undefined,Undefined,0,0,NA,76.14239,-0.011072,0.755544,2748.94056,24.56836,06:45:00,6.27651,-0.26,5.8622,-62.92059,-14.65335,-7.37496,1.02284,-0.17261,70.50887,-11.452518,-0.574137,0.500032,NA,NA,NA,NA,NA,NA,NA,NA,NA,NA,NA,3.99193,-7.02063,0.20298,50,6.23919,-1.19417,-110.73186,-2.03432,4.93454,20.58705,-40.85249,CAR_EAG,LEN_BEA,CarsonNewman,D2,Team,20260220-CarsonNewman-1,667af450-0ea6-11f1-8304-27cb6f288688,75.38009,NA,NA,5.63352,NA,NA,NA,NA,NA,NA,46df0e37-f40e-476d-8c8d-a76c06d1b556,2026-02-20,21:52:03,2026-02-20T21:52:03Z,2026-02-20T21:52:03Z,NA,v3,CNE,NA,NA,"Hammond, Kevin",10120878,Right,CAR_EAG,363a8f68-47ab-48a6-b334-f8b4be94672e,54.64371,-111.59187,10.29353,6.28853,-0.32774,-20.42624,0.25717,-1.40031,2.46727,NA,NA,NA,NA,NA,NA,NA,NA,NA,NA,NA,NA,NA,NA,NA,NA,NA,NA,NA,NA,NA,NA,NA,NA,NA,NA,NA,NA,NA,NA,NA,NA,NA,NA,NA,NA,NA,NA,NA,NA,NA,NA,NA,NA,NA,NA,NA,NA,NA,NA,High,High,High,NA,NA,NA,NA,NA,NA,NA,NA,NA,NA,NA,NA,NA,NA,NA,NA,NA,NA,NA,NA,NA,NA,NA,NA,NA,NA,NA,NA,NA,NA,NA,NA,NA,NA,NA,NA,NA,NA,NA,NA,NA,NA,NA,NA,NA,NA,NA,NA
NA,NA,NA,NA,NA,NA,NA,NA,NA,NA,NA,NA,NA,NA,NA,NA,334,2026-02-20,16:54:47,1,1,"Renaud, Jack",824527,Right,LEN_BEA,"Pierce, Johno",10069844,Right,CAR_EAG,Undefined,8,Bottom,0,0,0,Fastball,Four-Seam,BallCalled,Undefined,Undefined,Undefined,0,0,NA,91.55526,-2.021848,-4.197788,2333.467488,197.498364,12:30:00,6.13317,1.89781,5.7925,-10.90032,22.86237,6.84957,3.33814,-1.4434,83.17198,-4.160774,-2.976584,0.418206,NA,NA,NA,NA,NA,NA,NA,NA,NA,NA,NA,-4.67158,12.52473,-1.55565,50,5.95962,9.41585,-132.49443,-4.93308,-8.27553,29.22195,-9.98701,CAR_EAG,LEN_BEA,CarsonNewman,D2,Team,20260220-CarsonNewman-1,c8459780-0ea6-11f1-8304-27cb6f288688,90.12891,NA,NA,8.38328,NA,NA,NA,NA,NA,NA,46df0e37-f40e-476d-8c8d-a76c06d1b556,2026-02-20,21:54:47,2026-02-20T21:54:47Z,2026-02-20T21:54:47Z,NA,v3,CNE,NA,NA,"Christmas, Seth",1000191967,Right,LEN_BEA,41599069-4078-4705-a703-d956230ede92,54.70583,-133.52828,14.61098,6.12789,-4.57974,-4.9935,-1.89395,9.70863,-4.13777,NA,NA,NA,NA,NA,NA,NA,NA,NA,NA,NA,NA,NA,NA,NA,NA,NA,NA,NA,NA,NA,NA,NA,NA,NA,NA,NA,NA,NA,NA,NA,NA,NA,NA,NA,NA,NA,NA,NA,NA,NA,NA,NA,NA,NA,NA,NA,NA,NA,NA,High,High,High,NA,NA,NA,NA,NA,NA,NA,NA,NA,NA,NA,NA,NA,NA,NA,NA,NA,NA,NA,NA,NA,NA,NA,NA,NA,NA,NA,NA,NA,NA,NA,NA,NA,NA,NA,NA,NA,NA,NA,NA,NA,NA,NA,NA,NA,NA,NA,NA
NA,NA,NA,NA,NA,NA,NA,NA,NA,NA,NA,NA,NA,NA,NA,NA,335,2026-02-20,16:55:01,1,2,"Renaud, Jack",824527,Right,LEN_BEA,"Pierce, Johno",10069844,Right,CAR_EAG,Undefined,8,Bottom,0,1,0,Fastball,Four-Seam,StrikeCalled,Undefined,Undefined,Undefined,0,0,NA,91.10291,-2.032809,-3.668001,2343.016844,196.884973,12:30:00,6.17938,2.17076,5.83029,-10.7702,23.39462,6.73788,3.38751,-0.68217,82.40397,-4.16177,-2.464462,0.420689,NA,NA,NA,NA,NA,NA,NA,NA,NA,NA,NA,-4.51205,12.84446,-1.87467,50,6.00652,8.14979,-131.86074,-4.9135,-7.87857,30.19776,-9.74612,CAR_EAG,LEN_BEA,CarsonNewman,D2,Team,20260220-CarsonNewman-1,d022d620-0ea6-11f1-8304-27cb6f288688,89.59694,NA,NA,8.69894,NA,NA,NA,NA,NA,NA,46df0e37-f40e-476d-8c8d-a76c06d1b556,2026-02-20,21:55:01,2026-02-20T21:55:01Z,2026-02-20T21:55:01Z,NA,v3,CNE,NA,NA,"Christmas, Seth",1000191967,Right,LEN_BEA,d1244281-d1f1-4b9d-b401-8ac835431861,54.66711,-132.92527,15.09888,6.17367,-4.56993,-4.87306,-2.16686,8.42752,-3.93928,NA,NA,NA,NA,NA,NA,NA,NA,NA,NA,NA,NA,NA,NA,NA,NA,NA,NA,NA,NA,NA,NA,NA,NA,NA,NA,NA,NA,NA,NA,NA,NA,NA,NA,NA,NA,NA,NA,NA,NA,NA,NA,NA,NA,NA,NA,NA,NA,NA,NA,High,High,High,NA,NA,NA,NA,NA,NA,NA,NA,NA,NA,NA,NA,NA,NA,NA,NA,NA,NA,NA,NA,NA,NA,NA,NA,NA,NA,NA,NA,NA,NA,NA,NA,NA,NA,NA,NA,NA,NA,NA,NA,NA,NA,NA,NA,NA,NA,NA,NA
NA,NA,NA,NA,NA,NA,NA,NA,NA,NA,NA,NA,NA,NA,NA,NA,336,2026-02-20,16:55:14,1,3,"Renaud, Jack",824527,Right,LEN_BEA,"Pierce, Johno",10069844,Right,CAR_EAG,Undefined,8,Bottom,0,1,1,Slider,Slider,InPlay,Undefined,FlyBall,Out,1,0,NA,82.82523,-0.791513,-1.986539,2301.010811,95.419331,09:15:00,6.02468,2.2291,5.68911,-39.22514,1.65532,-4.66181,2.01769,-0.0117,76.5083,-7.963314,-2.820479,0.460182,80.68771,25.217972,-18.397356,2763.616182,104.00313,41.81105,-35.82362,297.64066,293.77069,-19.834198,3.931214,1.85819,1.38028,-2.05888,50,5.93319,4.35514,-120.31817,-2.99137,2.73325,22.59577,-30.14375,CAR_EAG,LEN_BEA,CarsonNewman,D2,Team,20260220-CarsonNewman-1,d7f98510-0ea6-11f1-8304-27cb6f288688,81.90775,48.06551,NA,6.31693,NA,NA,NA,2.08683,2.2316,0.00902,46df0e37-f40e-476d-8c8d-a76c06d1b556,2026-02-20,21:55:14,2026-02-20T21:55:14Z,2026-02-20T21:55:14Z,LineDrive,v3,CNE,NA,NA,"Christmas, Seth",1000191967,Right,LEN_BEA,550d14b6-0568-4af4-8db0-5c6e8ed0e2da,54.81379,-121.21883,11.29788,6.02848,-1.78985,-15.07188,-2.2303,4.24619,1.36663,166.730237,2.08724,101.57808,-15.3318,3.23927,-0.49281,0.03912,-0.00124,7.5e-4,-1.2e-4,2.2317,50.41925,-14.58731,0.35523,0.09614,-0.09641,0.04363,-0.00866,6.2e-4,0.00914,-33.79526,2.98166,-0.3802,0.11204,-0.05371,0.01697,-0.0028,1.8e-4,NA,NA,NA,NA,NA,NA,NA,NA,NA,NA,NA,NA,NA,NA,NA,NA,NA,NA,NA,NA,NA,NA,High,High,High,High,High,NA,NA,NA,NA,NA,NA,NA,NA,NA,NA,NA,NA,NA,NA,NA,NA,NA,NA,NA,NA,NA,NA,NA,NA,NA,NA,NA,NA,NA,NA,NA,NA,NA,NA,NA,NA,NA,NA,NA,NA,NA,NA,NA,NA,NA,NA
NA,NA,NA,NA,NA,NA,NA,NA,NA,NA,NA,NA,NA,NA,NA,NA,337,2026-02-20,16:56:03,2,1,"Renaud, Jack",824527,Right,LEN_BEA,"Hubbard, Ian",10071315,Left,CAR_EAG,Undefined,8,Bottom,1,0,0,Fastball,Four-Seam,StrikeSwinging,Undefined,Undefined,Undefined,0,0,NA,91.71302,-3.241478,-3.112906,2346.761196,205.909621,12:45:00,6.41118,2.18314,5.71773,-10.62816,23.11856,10.66784,2.49818,0.16942,83.31953,-5.327269,-1.208863,0.418107,NA,NA,NA,NA,NA,NA,NA,NA,NA,NA,NA,-6.27571,12.98245,-1.92905,50,6.13286,6.73171,-132.73742,-7.76557,-11.15055,29.50511,-9.10704,CAR_EAG,LEN_BEA,CarsonNewman,D2,Team,20260220-CarsonNewman-1,f50520b0-0ea6-11f1-8304-27cb6f288688,90.15029,NA,NA,8.39349,NA,NA,NA,NA,NA,NA,46df0e37-f40e-476d-8c8d-a76c06d1b556,2026-02-20,21:56:03,2026-02-20T21:56:03Z,2026-02-20T21:56:03Z,NA,v3,CNE,NA,NA,"Christmas, Seth",1000191967,Right,LEN_BEA,3fbff616-f3ae-43d2-9ccf-6816062884af,54.78078,-133.79588,14.75256,6.40558,-7.43887,-4.55352,-2.17772,7.13172,-5.57528,NA,NA,NA,NA,NA,NA,NA,NA,NA,NA,NA,NA,NA,NA,NA,NA,NA,NA,NA,NA,NA,NA,NA,NA,NA,NA,NA,NA,NA,NA,NA,NA,NA,NA,NA,NA,NA,NA,NA,NA,NA,NA,NA,NA,NA,NA,NA,NA,NA,NA,High,High,High,NA,NA,NA,NA,NA,NA,NA,NA,NA,NA,NA,NA,NA,NA,NA,NA,NA,NA,NA,NA,NA,NA,NA,NA,NA,NA,NA,NA,NA,NA,NA,NA,NA,NA,NA,NA,NA,NA,NA,NA,NA,NA,NA,NA,NA,NA,NA,NA
NA,NA,NA,NA,NA,NA,NA,NA,NA,NA,NA,NA,NA,NA,NA,NA,338,2026-02-20,16:56:19,2,2,"Renaud, Jack",824527,Right,LEN_BEA,"Hubbard, Ian",10071315,Left,CAR_EAG,Undefined,8,Bottom,1,0,1,Slider,Four-Seam,BallCalled,Undefined,Undefined,Undefined,0,0,NA,90.75482,-3.641943,-3.146732,2319.947924,222.438738,01:30:00,6.04488,2.16207,5.70476,-18.63698,15.66513,13.31202,1.08859,0.33638,83.17193,-7.129318,-0.768776,0.421533,NA,NA,NA,NA,NA,NA,NA,NA,NA,NA,NA,-7.60193,9.28965,-1.90626,50,5.72713,6.63451,-131.39365,-8.97826,-13.31445,27.35224,-15.9036,CAR_EAG,LEN_BEA,CarsonNewman,D2,Team,20260220-CarsonNewman-1,feeb27a0-0ea6-11f1-8304-27cb6f288688,89.41747,NA,NA,7.58289,NA,NA,NA,NA,NA,NA,46df0e37-f40e-476d-8c8d-a76c06d1b556,2026-02-20,21:56:19,2026-02-20T21:56:19Z,2026-02-20T21:56:19Z,NA,v3,CNE,NA,NA,"Christmas, Seth",1000191967,Right,LEN_BEA,41727ca1-0645-4909-ae2b-afefc6fe591e,54.79565,-132.3882,13.67612,6.04307,-8.39999,-7.9518,-2.1563,7.11863,-6.65722,NA,NA,NA,NA,NA,NA,NA,NA,NA,NA,NA,NA,NA,NA,NA,NA,NA,NA,NA,NA,NA,NA,NA,NA,NA,NA,NA,NA,NA,NA,NA,NA,NA,NA,NA,NA,NA,NA,NA,NA,NA,NA,NA,NA,NA,NA,NA,NA,NA,NA,High,High,High,NA,NA,NA,NA,NA,NA,NA,NA,NA,NA,NA,NA,NA,NA,NA,NA,NA,NA,NA,NA,NA,NA,NA,NA,NA,NA,NA,NA,NA,NA,NA,NA,NA,NA,NA,NA,NA,NA,NA,NA,NA,NA,NA,NA,NA,NA,NA,NA
NA,NA,NA,NA,NA,NA,NA,NA,NA,NA,NA,NA,NA,NA,NA,NA,339,2026-02-20,16:56:34,2,3,"Renaud, Jack",824527,Right,LEN_BEA,"Hammond, Kevin",10120878,Right,CAR_EAG,Undefined,8,Bottom,1,1,1,Slider,Curveball,StrikeCalled,Undefined,Undefined,Undefined,0,0,NA,78.70563,0.463304,-1.086535,2280.902637,34.259407,07:15:00,6.01573,2.19864,5.64843,-50.63597,-5.09433,-4.43634,2.22831,0.81533,72.41201,-8.776603,-1.880648,0.485708,NA,NA,NA,NA,NA,NA,NA,NA,NA,NA,NA,1.93323,-2.23606,-2.10364,50,6.02303,2.34039,-114.32735,-0.77544,2.5532,21.50266,-35.12717,CAR_EAG,LEN_BEA,CarsonNewman,D2,Team,20260220-CarsonNewman-1,07f48a30-0ea7-11f1-8304-27cb6f288688,77.60302,NA,NA,6.29362,NA,NA,NA,NA,NA,NA,46df0e37-f40e-476d-8c8d-a76c06d1b556,2026-02-20,21:56:34,2026-02-20T21:56:34Z,2026-02-20T21:56:34Z,NA,v3,CNE,NA,NA,"Christmas, Seth",1000191967,Right,LEN_BEA,92f6b2f1-4d7e-4836-a621-72cc2dd6f8cf,54.85363,-115.2366,10.75133,6.02442,0.70994,-17.56359,-2.20032,2.23243,1.2766,NA,NA,NA,NA,NA,NA,NA,NA,NA,NA,NA,NA,NA,NA,NA,NA,NA,NA,NA,NA,NA,NA,NA,NA,NA,NA,NA,NA,NA,NA,NA,NA,NA,NA,NA,NA,NA,NA,NA,NA,NA,NA,NA,NA,NA,NA,NA,NA,NA,NA,High,High,High,NA,NA,NA,NA,NA,NA,NA,NA,NA,NA,NA,NA,NA,NA,NA,NA,NA,NA,NA,NA,NA,NA,NA,NA,NA,NA,NA,NA,NA,NA,NA,NA,NA,NA,NA,NA,NA,NA,NA,NA,NA,NA,NA,NA,NA,NA,NA,NA
NA,NA,NA,NA,NA,NA,NA,NA,NA,NA,NA,NA,NA,NA,NA,NA,340,2026-02-20,16:56:55,2,4,"Renaud, Jack",824527,Right,LEN_BEA,"Hammond, Kevin",10120878,Right,CAR_EAG,Undefined,8,Bottom,1,1,2,Fastball,Four-Seam,FoulBallNotFieldable,Undefined,Undefined,Undefined,0,0,NA,90.71724,-1.980727,-3.34474,2209.202584,213.410533,01:00:00,6.06938,2.21125,5.70901,-15.79843,18.71139,11.5606,2.90349,0.05475,82.29851,-4.997524,-1.281741,0.422808,71.45956,35.610649,-173.630058,3429.593127,NA,NA,NA,NA,21.22157,NA,NA,-6.89764,10.46312,-1.93817,50,5.8936,7.17443,-131.40524,-5.02272,-11.97762,29.63205,-14.00506,CAR_EAG,LEN_BEA,CarsonNewman,D2,Team,20260220-CarsonNewman-1,1485b3f0-0ea7-11f1-8304-27cb6f288688,89.14797,18.43381,NA,8.41873,NA,NA,NA,2.26418,3.00633,-0.25132,46df0e37-f40e-476d-8c8d-a76c06d1b556,2026-02-20,21:56:55,2026-02-20T21:56:55Z,2026-02-20T21:56:55Z,NA,v3,CNE,NA,NA,"Christmas, Seth",1000191967,Right,LEN_BEA,fe9934c6-fb9b-44aa-87fe-f801ffa4a041,54.79148,-132.48132,14.81602,6.06676,-4.51413,-7.00253,-2.20661,7.60939,-5.98881,NA,2.26231,-84.59345,9.41892,NA,NA,NA,NA,NA,NA,3.00907,60.89819,-22.97429,NA,NA,NA,NA,NA,NA,-0.24976,-9.5271,-3.72521,NA,NA,NA,NA,NA,NA,NA,NA,NA,NA,NA,NA,NA,NA,NA,NA,NA,NA,NA,NA,NA,NA,NA,NA,NA,NA,NA,NA,High,High,High,High,Undefined,NA,NA,NA,NA,NA,NA,NA,NA,NA,NA,NA,NA,NA,NA,NA,NA,NA,NA,NA,NA,NA,NA,NA,NA,NA,NA,NA,NA,NA,NA,NA,NA,NA,NA,NA,NA,NA,NA,NA,NA,NA,NA,NA,NA,NA,NA
NA,NA,NA,NA,NA,NA,NA,NA,NA,NA,NA,NA,NA,NA,NA,NA,341,2026-02-20,16:57:16,2,5,"Renaud, Jack",824527,Right,LEN_BEA,"Hammond, Kevin",10120878,Right,CAR_EAG,Undefined,8,Bottom,1,1,2,Fastball,Four-Seam,StrikeSwinging,Strikeout,Undefined,Undefined,0,0,NA,91.56484,-1.982928,-3.640094,2407.712161,215.361351,01:15:00,6.14308,2.23047,5.83996,-16.04733,17.87973,11.81658,2.95836,-0.17257,82.57962,-5.059805,-1.527205,0.419222,NA,NA,NA,NA,NA,NA,NA,NA,NA,NA,NA,-7.09965,10.0669,-1.94008,50,5.9717,7.89047,-132.49172,-5.05638,-12.46756,31.49552,-14.49577,CAR_EAG,LEN_BEA,CarsonNewman,D2,Team,20260220-CarsonNewman-1,20ff0ff0-0ea7-11f1-8304-27cb6f288688,89.91037,NA,NA,8.98523,NA,NA,NA,NA,NA,NA,46df0e37-f40e-476d-8c8d-a76c06d1b556,2026-02-20,21:57:16,2026-02-20T21:57:16Z,2026-02-20T21:57:16Z,NA,v3,CNE,NA,NA,"Christmas, Seth",1000191967,Right,LEN_BEA,a562c964-5efd-4425-95de-6b62877af5b3,54.65695,-133.59417,15.74776,6.13981,-4.54898,-7.24788,-2.22391,8.32687,-6.23378,NA,NA,NA,NA,NA,NA,NA,NA,NA,NA,NA,NA,NA,NA,NA,NA,NA,NA,NA,NA,NA,NA,NA,NA,NA,NA,NA,NA,63.82747,2.93621,1.875712,1.060498,-2.02996,2.64576,0.26034,-2.33781,5.171,-2.20629,68.34995,5.83975,-56.43982,-2.3176,70.53878,-3.68512,5.2197,16.63811,-15.15029,-2.27068,-58.00623,6.54845,High,High,High,NA,NA,High,High,High,NA,NA,NA,NA,NA,NA,NA,NA,NA,NA,NA,NA,NA,NA,NA,NA,NA,NA,NA,NA,NA,NA,NA,NA,NA,NA,NA,NA,NA,NA,NA,NA,NA,NA,NA,NA,NA,NA,NA,NA,NA,NA,NA
NA,NA,NA,NA,NA,NA,NA,NA,NA,NA,NA,NA,NA,NA,NA,NA,342,2026-02-20,16:57:51,3,1,"Renaud, Jack",824527,Right,LEN_BEA,"Greene, Maddox",10122259,Right,CAR_EAG,Undefined,8,Bottom,2,0,0,Slider,Slider,BallCalled,Undefined,Undefined,Undefined,0,0,NA,81.685,0.107183,-3.607535,2338.646627,106.700227,09:30:00,6.23528,2.13387,5.71324,-39.48986,3.25595,-5.97477,3.04451,-1.72938,74.26124,-7.162364,-4.672733,0.470564,NA,NA,NA,NA,NA,NA,NA,NA,NA,NA,NA,1.89079,2.09874,-1.82789,50,6.22021,7.69917,-118.28128,-1.09469,2.64764,24.99601,-29.23519,CAR_EAG,LEN_BEA,CarsonNewman,D2,Team,20260220-CarsonNewman-1,35be5770-0ea7-11f1-8304-27cb6f288688,80.10062,NA,NA,7.42376,NA,NA,NA,NA,NA,NA,46df0e37-f40e-476d-8c8d-a76c06d1b556,2026-02-20,21:57:51,2026-02-20T21:57:51Z,2026-02-20T21:57:51Z,NA,v3,CNE,NA,NA,"Christmas, Seth",1000191967,Right,LEN_BEA,fc6e3f6f-997f-4b3f-9d74-93282e802f66,54.78511,-119.28822,12.49801,6.24059,0.08302,-14.6176,-2.1359,7.59251,1.32382,NA,NA,NA,NA,NA,NA,NA,NA,NA,NA,NA,NA,NA,NA,NA,NA,NA,NA,NA,NA,NA,NA,NA,NA,NA,NA,NA,NA,NA,NA,NA,NA,NA,NA,NA,NA,NA,NA,NA,NA,NA,NA,NA,NA,NA,NA,NA,NA,NA,NA,High,High,High,NA,NA,NA,NA,NA,NA,NA,NA,NA,NA,NA,NA,NA,NA,NA,NA,NA,NA,NA,NA,NA,NA,NA,NA,NA,NA,NA,NA,NA,NA,NA,NA,NA,NA,NA,NA,NA,NA,NA,NA,NA,NA,NA,NA,NA,NA,NA,NA
NA,NA,NA,NA,NA,NA,NA,NA,NA,NA,NA,NA,NA,NA,NA,NA,343,2026-02-20,16:58:07,3,2,"Renaud, Jack",824527,Right,LEN_BEA,"Greene, Maddox",10122259,Right,CAR_EAG,Undefined,8,Bottom,2,1,0,Fastball,Four-Seam,InPlay,Undefined,Popup,Out,1,0,NA,90.35314,-1.89979,-3.195984,2354.52978,213.712986,01:00:00,6.24212,2.24925,5.80414,-15.9617,18.94761,11.78946,3.14168,0.25619,81.37871,-4.968866,-1.087852,0.425248,NA,NA,NA,NA,NA,NA,NA,NA,NA,NA,NA,-7.06,10.65197,-1.99379,50,6.07662,6.79325,-130.8189,-4.80231,-12.05317,31.41366,-13.98852,CAR_EAG,LEN_BEA,CarsonNewman,D2,Team,20260220-CarsonNewman-1,3f755f20-0ea7-11f1-8304-27cb6f288688,88.63643,NA,NA,8.97443,NA,NA,NA,NA,NA,NA,46df0e37-f40e-476d-8c8d-a76c06d1b556,2026-02-20,21:58:07,2026-02-20T21:58:07Z,2026-02-20T21:58:07Z,NA,v3,CNE,NA,NA,"Christmas, Seth",1000191967,Right,LEN_BEA,ae747609-412a-47dc-8385-2d5592202df2,54.69532,-131.94157,15.70683,6.23932,-4.30238,-6.99426,-2.24427,7.22402,-6.02658,NA,NA,NA,NA,NA,NA,NA,NA,NA,NA,NA,NA,NA,NA,NA,NA,NA,NA,NA,NA,NA,NA,NA,NA,NA,NA,NA,NA,NA,NA,NA,NA,NA,NA,NA,NA,NA,NA,NA,NA,NA,NA,NA,NA,NA,NA,NA,NA,NA,NA,High,High,High,NA,NA,NA,NA,NA,NA,NA,NA,NA,NA,NA,NA,NA,NA,NA,NA,NA,NA,NA,NA,NA,NA,NA,NA,NA,NA,NA,NA,NA,NA,NA,NA,NA,NA,NA,NA,NA,NA,NA,NA,NA,NA,NA,NA,NA,NA,NA,NA
NA,NA,NA,NA,NA,NA,NA,NA,NA,NA,NA,NA,NA,NA,NA,NA,344,2026-02-20,17:00:19,1,1,"Wilson, Alec",10092217,Right,CAR_EAG,"Beard, Drew",1000361012,Right,LEN_BEA,Undefined,9,Top,0,0,0,Cutter,Slider,FoulBallNotFieldable,Undefined,Undefined,Undefined,0,0,NA,82.55515,-1.099197,-0.781225,2452.3194,206.630343,01:00:00,6.32129,0.51076,6.23494,-35.41388,5.36146,1.99539,2.35587,-0.04371,75.25497,-7.696261,-0.4202,0.45959,97.1881,-55.107263,-92.151898,NA,NA,NA,NA,3.15697,3.15697,-33.185536,0.021584,-1.28284,3.50264,-0.45347,50,6.22177,1.56174,-119.9104,-3.37112,-1.84848,25.42341,-27.12701,CAR_EAG,LEN_BEA,CarsonNewman,D2,Team,20260220-CarsonNewman-1,8df33690-0ea7-11f1-8304-27cb6f288688,82.01326,2.52839,NA,7.30018,NA,NA,NA,2.70829,2.52839,0.03413,46df0e37-f40e-476d-8c8d-a76c06d1b556,2026-02-20,22:00:19,2026-02-20T22:00:19Z,2026-02-20T22:00:19Z,GroundBall,v3,CNE,NA,NA,"Hammond, Kevin",10120878,Right,CAR_EAG,df4817d1-d6c8-425e-86f9-79477dd7b506,54.26597,-120.81149,12.71171,6.32421,-2.40965,-13.56351,-0.50998,1.62725,-0.92424,NA,2.70831,-3.06762,NA,NA,NA,NA,NA,NA,NA,2.52917,-117.14118,NA,NA,NA,NA,NA,NA,NA,0.03468,-81.63914,NA,NA,NA,NA,NA,NA,NA,NA,NA,NA,NA,NA,NA,NA,NA,NA,NA,NA,NA,NA,NA,NA,NA,NA,NA,NA,NA,NA,NA,High,High,High,Estimated,Estimated,NA,NA,NA,NA,NA,NA,NA,NA,NA,NA,NA,NA,NA,NA,NA,NA,NA,NA,NA,NA,NA,NA,NA,NA,NA,NA,NA,NA,NA,NA,NA,NA,NA,NA,NA,NA,NA,NA,NA,NA,NA,NA,NA,NA,NA,NA
NA,NA,NA,NA,NA,NA,NA,NA,NA,NA,NA,NA,NA,NA,NA,NA,345,2026-02-20,17:00:44,1,2,"Wilson, Alec",10092217,Right,CAR_EAG,"Beard, Drew",1000361012,Right,LEN_BEA,Undefined,9,Top,0,0,1,Curveball,Curveball,StrikeCalled,Undefined,Undefined,Undefined,0,0,NA,75.10812,1.225128,0.819114,2527.048127,38.657564,07:15:00,6.47883,0.07046,5.45921,-64.38681,-13.61001,-12.24599,2.26036,-0.18324,68.78659,-10.457115,-1.368971,0.512866,NA,NA,NA,NA,NA,NA,NA,NA,NA,NA,NA,6.38618,-6.63394,-0.1342,50,6.54303,-1.08989,-109.03455,0.16808,7.59851,21.25279,-40.06735,CAR_EAG,LEN_BEA,CarsonNewman,D2,Team,20260220-CarsonNewman-1,9cbf0e10-0ea7-11f1-8304-27cb6f288688,73.49371,NA,NA,6.32154,NA,NA,NA,NA,NA,NA,46df0e37-f40e-476d-8c8d-a76c06d1b556,2026-02-20,22:00:44,2026-02-20T22:00:44Z,2026-02-20T22:00:44Z,NA,v3,CNE,NA,NA,"Hammond, Kevin",10120878,Right,CAR_EAG,8aad9d9b-fe92-4e4d-8c79-76b9c0990d91,55.04517,-110.01355,10.62639,6.49278,2.01376,-20.03368,-0.07593,-1.43991,3.79925,NA,NA,NA,NA,NA,NA,NA,NA,NA,NA,NA,NA,NA,NA,NA,NA,NA,NA,NA,NA,NA,NA,NA,NA,NA,NA,NA,NA,NA,NA,NA,NA,NA,NA,NA,NA,NA,NA,NA,NA,NA,NA,NA,NA,NA,NA,NA,NA,NA,NA,High,High,High,NA,NA,NA,NA,NA,NA,NA,NA,NA,NA,NA,NA,NA,NA,NA,NA,NA,NA,NA,NA,NA,NA,NA,NA,NA,NA,NA,NA,NA,NA,NA,NA,NA,NA,NA,NA,NA,NA,NA,NA,NA,NA,NA,NA,NA,NA,NA,NA
NA,NA,NA,NA,NA,NA,NA,NA,NA,NA,NA,NA,NA,NA,NA,NA,346,2026-02-20,17:01:02,1,3,"Wilson, Alec",10092217,Right,CAR_EAG,"Beard, Drew",1000361012,Right,LEN_BEA,Undefined,9,Top,0,0,2,Splitter,Changeup,InPlay,Undefined,LineDrive,Double,0,0,NA,80.16373,-1.56566,-0.510046,1501.302238,200.019455,12:45:00,6.4770200000000004,-0.03378,5.88643,-24.12997,20.9493,6.92272,3.01187,0.06946,70.8911,-6.209604,0.732742,0.48323700000000003,96.34236,23.469109,-12.732271,1946.698105,107.22153,42.46231,-24.56681,374.99956,367.11935,-14.526011,4.205625,-3.73906,11.85772,0.07092,50,6.33736,0.76157,-115.96514,-3.79701,-4.89861,29.33387,-16.63899,CAR_EAG,LEN_BEA,CarsonNewman,D2,Team,20260220-CarsonNewman-1,a7d816c0-0ea7-11f1-8304-27cb6f288688,77.99995,57.08955,NA,9.27263,NA,NA,NA,2.09423,3.18616,-0.02999,46df0e37-f40e-476d-8c8d-a76c06d1b556,2026-02-20,22:01:02,2026-02-20T22:01:02Z,2026-02-20T22:01:02Z,LineDrive,v3,CNE,NA,NA,"Hammond, Kevin",10120878,Right,CAR_EAG,6d0d5072-5a88-4bb9-89e4-bbe05dc4696f,54.60825,-117.12502,14.66694,6.47449,-3.1391,-8.3195,0.03698,0.95526,-2.4493,172.645641,2.09343,126.44997,-18.52219,4.08437,-0.94508,0.22949,-0.04777,0.00622,-3.4e-4,3.18744,56.23128,-16.07647,0.86552,-0.03809,-0.04282,0.01728,-0.00261,1.4e-4,-0.02982,-28.57283,3.18676,-0.77062,0.16181,-0.03135,0.00503,-5.6e-4,3e-5,NA,NA,NA,NA,NA,NA,NA,NA,NA,NA,NA,NA,NA,NA,NA,NA,NA,NA,NA,NA,NA,NA,High,High,High,High,High,NA,NA,NA,NA,NA,NA,NA,NA,NA,NA,NA,NA,NA,NA,NA,NA,NA,NA,NA,NA,NA,NA,NA,NA,NA,NA,NA,NA,NA,NA,NA,NA,NA,NA,NA,NA,NA,NA,NA,NA,NA,NA,NA,NA,NA,NA
NA,NA,NA,NA,NA,NA,NA,NA,NA,NA,NA,NA,NA,NA,NA,NA,347,2026-02-20,17:01:49,2,1,"Wilson, Alec",10092217,Right,CAR_EAG,"Murchison, Trent",10032231,Left,LEN_BEA,Undefined,9,Top,0,0,0,Fastball,Four-Seam,InPlay,Undefined,GroundBall,Out,1,0,NA,90.26791,-2.556178,-0.807609,2222.462094,196.080203,12:30:00,6.40909,0.49065,6.24401,-14.89639,19.16281,5.19099,2.80817,0.17826,82.07895,-5.430122,0.130353,0.420038,28.59867,-6.049991,-28.238436,851.46323400000006,NA,NA,NA,15.88421,15.597,-24.286141,0.323356,-2.95197,11.07548,-0.43309,50,6.21131,1.63841,-131.02722,-6.23766,-5.09428,29.57938,-13.06094,CAR_EAG,LEN_BEA,CarsonNewman,D2,Team,20260220-CarsonNewman-1,c39c8c60-0ea7-11f1-8304-27cb6f288688,89.73579,2.93623,NA,8.18896,NA,NA,NA,2.76741,2.93623,-0.18665,46df0e37-f40e-476d-8c8d-a76c06d1b556,2026-02-20,22:01:49,2026-02-20T22:01:49Z,2026-02-20T22:01:49Z,GroundBall,v3,CNE,NA,NA,"Hammond, Kevin",10120878,Right,CAR_EAG,f60af0d8-01e1-415d-827e-0541a34a1efa,54.25669,-131.98467,14.78969,6.40637,-5.81489,-6.53047,-0.48879,1.80331,-2.54714,157.485937,2.76784,36.72905,-1.59042,NA,NA,NA,NA,NA,NA,2.93689,-4.44712,-14.3443,NA,NA,NA,NA,NA,NA,-0.18687,-19.72602,0.31115,NA,NA,NA,NA,NA,NA,NA,NA,NA,NA,NA,NA,NA,NA,NA,NA,NA,NA,NA,NA,NA,NA,NA,NA,NA,NA,NA,NA,High,High,High,High,High,NA,NA,NA,NA,NA,NA,NA,NA,NA,NA,NA,NA,NA,NA,NA,NA,NA,NA,NA,NA,NA,NA,NA,NA,NA,NA,NA,NA,NA,NA,NA,NA,NA,NA,NA,NA,NA,NA,NA,NA,NA,NA,NA,NA,NA,NA
NA,NA,NA,NA,NA,NA,NA,NA,NA,NA,NA,NA,NA,NA,NA,NA,348,2026-02-20,17:02:24,3,1,"Wilson, Alec",10092217,Right,CAR_EAG,"Lackey, Lleyton",813440,Left,LEN_BEA,Undefined,9,Top,1,0,0,Fastball,Four-Seam,InPlay,Undefined,FlyBall,Out,1,1,NA,91.25685,-3.947228,-1.263869,2257.47674,185.909266,12:15:00,6.4739,0.18037,6.02113,-7.68874,26.45903,2.60165,2.17031,-0.77369,81.82428,-5.543037,-0.796189,0.420584,87.49523,41.551521,10.133277,3007.860432,109.12918,81.02317,13.81344,324.00182,281.21134,2.54201,5.267422,-1.78382,15.41458,-0.08284,50,6.1605,2.80475,-132.0616,-9.21675,-3.08363,33.67046,-5.52762,CAR_EAG,LEN_BEA,CarsonNewman,D2,Team,20260220-CarsonNewman-1,d8484be0-0ea7-11f1-8304-27cb6f288688,89.61929,100.47953,NA,9.43257,NA,NA,NA,1.74475,1.69219,0.575,46df0e37-f40e-476d-8c8d-a76c06d1b556,2026-02-20,22:02:24,2026-02-20T22:02:24Z,2026-02-20T22:02:24Z,FlyBall,v3,CNE,NA,NA,"Hammond, Kevin",10120878,Right,CAR_EAG,d22d2098-70ee-4123-a62a-436f77fcddd7,54.47906,-133.19868,16.83523,6.4686,-9.03008,-2.76381,-0.17932,2.90889,-1.54181,148.268565,1.74907,94.45045,-14.28996,2.78757,-0.27726,-0.03179,0.01384,-0.00154,6e-5,1.69037,85.14571,-21.90978,2.1881,-0.3517,0.00131,0.01576,-0.00301,1.8e-4,0.57818,16.83166,-6.94764,1.50679,-0.14142,-0.02746,0.01074,-0.00126,5e-5,NA,NA,NA,NA,NA,NA,NA,NA,NA,NA,NA,NA,NA,NA,NA,NA,NA,NA,NA,NA,NA,NA,High,High,High,High,Low,NA,NA,NA,NA,NA,NA,NA,NA,NA,NA,NA,NA,NA,NA,NA,NA,NA,NA,NA,NA,NA,NA,NA,NA,NA,NA,NA,NA,NA,NA,NA,NA,NA,NA,NA,NA,NA,NA,NA,NA,NA,NA,NA,NA,NA,NA
NA,NA,NA,NA,NA,NA,NA,NA,NA,NA,NA,NA,NA,NA,NA,NA,349,2026-02-20,17:03:01,4,1,"Wilson, Alec",10092217,Right,CAR_EAG,"Wainwright, Mackenzie",694679,Right,LEN_BEA,Undefined,9,Top,2,0,0,Cutter,Slider,FoulBallNotFieldable,Undefined,Undefined,Undefined,0,0,NA,82.82141,-0.887674,-0.721972,2295.904886,159.178517,11:15:00,6.28715,0.1423,6.04987,-31.51628,8.53335,-2.8154,2.83889,-0.76073,76.74662,-6.724499,-1.229201,0.455481,NA,NA,NA,NA,NA,NA,NA,NA,NA,NA,NA,1.28039,4.96496,-0.08457,50,6.20089,1.62302,-120.47966,-2.84247,1.90063,21.23344,-24.80404,CAR_EAG,LEN_BEA,CarsonNewman,D2,Team,20260220-CarsonNewman-1,ee5b3c80-0ea7-11f1-8304-27cb6f288688,82.75298,NA,NA,6.07479,NA,NA,NA,NA,NA,NA,46df0e37-f40e-476d-8c8d-a76c06d1b556,2026-02-20,22:03:01,2026-02-20T22:03:01Z,2026-02-20T22:03:01Z,NA,v3,CNE,NA,NA,"Hammond, Kevin",10120878,Right,CAR_EAG,887fe849-9de1-461b-bd7c-f97e54d1a1a6,54.45257,-121.26184,10.61672,6.28877,-1.92875,-12.40202,-0.14307,1.55301,0.95031,NA,NA,NA,NA,NA,NA,NA,NA,NA,NA,NA,NA,NA,NA,NA,NA,NA,NA,NA,NA,NA,NA,NA,NA,NA,NA,NA,NA,NA,NA,NA,NA,NA,NA,NA,NA,NA,NA,NA,NA,NA,NA,NA,NA,NA,NA,NA,NA,NA,NA,High,High,High,NA,NA,NA,NA,NA,NA,NA,NA,NA,NA,NA,NA,NA,NA,NA,NA,NA,NA,NA,NA,NA,NA,NA,NA,NA,NA,NA,NA,NA,NA,NA,NA,NA,NA,NA,NA,NA,NA,NA,NA,NA,NA,NA,NA,NA,NA,NA,NA
NA,NA,NA,NA,NA,NA,NA,NA,NA,NA,NA,NA,NA,NA,NA,NA,350,2026-02-20,17:03:24,4,2,"Wilson, Alec",10092217,Right,CAR_EAG,"Wainwright, Mackenzie",694679,Right,LEN_BEA,Undefined,9,Top,2,0,1,Fastball,Four-Seam,StrikeSwinging,Undefined,Undefined,Undefined,0,0,NA,91.41494,-2.307294,0.039394,2348.342275,193.893619,12:30:00,6.43737,0.04333,5.94908,-12.42548,21.50572,5.00721,3.2607,0.49713,82.1796,-4.747169,0.93899,0.419248,NA,NA,NA,NA,NA,NA,NA,NA,NA,NA,NA,-2.52461,12.08678,-0.04911,50,6.24656,-0.31609,-132.46384,-5.62112,-4.41008,32.74422,-11.06044,CAR_EAG,LEN_BEA,CarsonNewman,D2,Team,20260220-CarsonNewman-1,fbf3eb30-0ea7-11f1-8304-27cb6f288688,89.90486,NA,NA,9.23534,NA,NA,NA,NA,NA,NA,46df0e37-f40e-476d-8c8d-a76c06d1b556,2026-02-20,22:03:24,2026-02-20T22:03:24Z,2026-02-20T22:03:24Z,NA,v3,CNE,NA,NA,"Hammond, Kevin",10120878,Right,CAR_EAG,c51d7e77-696b-4add-b2fa-87003f5f6292,54.54681,-133.58305,16.37211,6.43223,-5.24307,-5.53022,-0.04088,-0.16535,-2.20504,NA,NA,NA,NA,NA,NA,NA,NA,NA,NA,NA,NA,NA,NA,NA,NA,NA,NA,NA,NA,NA,NA,NA,NA,NA,NA,NA,NA,NA,NA,NA,NA,NA,NA,NA,NA,NA,NA,NA,NA,NA,NA,NA,NA,NA,NA,NA,NA,NA,NA,High,High,High,NA,NA,NA,NA,NA,NA,NA,NA,NA,NA,NA,NA,NA,NA,NA,NA,NA,NA,NA,NA,NA,NA,NA,NA,NA,NA,NA,NA,NA,NA,NA,NA,NA,NA,NA,NA,NA,NA,NA,NA,NA,NA,NA,NA,NA,NA,NA,NA
NA,NA,NA,NA,NA,NA,NA,NA,NA,NA,NA,NA,NA,NA,NA,NA,351,2026-02-20,17:03:42,4,3,"Wilson, Alec",10092217,Right,CAR_EAG,"Wainwright, Mackenzie",694679,Right,LEN_BEA,Undefined,9,Top,2,0,2,Fastball,Four-Seam,StrikeSwinging,Strikeout,Undefined,Undefined,0,0,NA,93.44557,-2.00659,-0.426434,2405.368559,179.47852,12:00:00,6.59334,-0.1237,6.27847,-8.93225,23.16509,-0.19988,3.99856,-0.53344,83.81288,-3.827198,-0.462562,0.407761,NA,NA,NA,NA,NA,NA,NA,NA,NA,NA,NA,-0.03941,12.92371,0.15527,50,6.43998,1.01729,-135.47333,-4.85965,-0.07189,34.64196,-8.59524,CAR_EAG,LEN_BEA,CarsonNewman,D2,Team,20260220-CarsonNewman-1,06e2af90-0ea8-11f1-8304-27cb6f288688,92.43755,NA,NA,9.63269,NA,NA,NA,NA,NA,NA,46df0e37-f40e-476d-8c8d-a76c06d1b556,2026-02-20,22:03:42,2026-02-20T22:03:42Z,2026-02-20T22:03:42Z,NA,v3,CNE,NA,NA,"Hammond, Kevin",10120878,Right,CAR_EAG,2637d01c-21bf-4ac9-acdb-51165bf77cb3,54.21625,-136.54721,17.32098,6.5865,-4.5932,-4.29762,0.1237,1.01952,-0.03594,NA,NA,NA,NA,NA,NA,NA,NA,NA,NA,NA,NA,NA,NA,NA,NA,NA,NA,NA,NA,NA,NA,NA,NA,NA,NA,NA,NA,NA,NA,NA,NA,NA,NA,NA,NA,NA,NA,NA,NA,NA,NA,NA,NA,NA,NA,NA,NA,NA,NA,High,High,High,NA,NA,NA,NA,NA,NA,NA,NA,NA,NA,NA,NA,NA,NA,NA,NA,NA,NA,NA,NA,NA,NA,NA,NA,NA,NA,NA,NA,NA,NA,NA,NA,NA,NA,NA,NA,NA,NA,NA,NA,NA,NA,NA,NA,NA,NA,NA,NA
NA,NA,NA,NA,NA,NA,NA,NA,NA,NA,NA,NA,NA,NA,NA,NA,352,2026-02-20,17:05:51,1,1,"Renaud, Jack",824527,Right,LEN_BEA,"Smith, Braxton",1000370200,Right,CAR_EAG,Undefined,9,Bottom,0,0,0,Fastball,Four-Seam,StrikeCalled,Undefined,Undefined,Undefined,0,0,NA,89.30769,-2.148936,-3.855796,2226.328786,217.33302,01:15:00,6.15097,2.18599,5.85674,-15.97123,19.42017,13.89249,2.81793,-0.24426,81.14034,-5.20645,-1.37163,0.428174,NA,NA,NA,NA,NA,NA,NA,NA,NA,NA,NA,-8.18418,10.88666,-1.88044,50,5.96672,8.11425,-129.31282,-5.30851,-13.79489,28.11027,-13.82396,CAR_EAG,LEN_BEA,CarsonNewman,D2,Team,20260220-CarsonNewman-1,53881d80-0ea8-11f1-8304-27cb6f288688,88.03068,NA,NA,8.16735,NA,NA,NA,NA,NA,NA,46df0e37-f40e-476d-8c8d-a76c06d1b556,2026-02-20,22:05:51,2026-02-20T22:05:51Z,2026-02-20T22:05:51Z,NA,v3,CNE,NA,NA,"Christmas, Seth",1000191967,Right,LEN_BEA,5185b45b-53a3-483d-a558-81cdfe0fee4f,54.64264,-130.31814,14.05514,6.14773,-4.81412,-6.91198,-2.17946,8.6076,-6.89745,NA,NA,NA,NA,NA,NA,NA,NA,NA,NA,NA,NA,NA,NA,NA,NA,NA,NA,NA,NA,NA,NA,NA,NA,NA,NA,NA,NA,NA,NA,NA,NA,NA,NA,NA,NA,NA,NA,NA,NA,NA,NA,NA,NA,NA,NA,NA,NA,NA,NA,High,High,High,NA,NA,NA,NA,NA,NA,NA,NA,NA,NA,NA,NA,NA,NA,NA,NA,NA,NA,NA,NA,NA,NA,NA,NA,NA,NA,NA,NA,NA,NA,NA,NA,NA,NA,NA,NA,NA,NA,NA,NA,NA,NA,NA,NA,NA,NA,NA,NA
NA,NA,NA,NA,NA,NA,NA,NA,NA,NA,NA,NA,NA,NA,NA,NA,353,2026-02-20,17:06:10,1,2,"Renaud, Jack",824527,Right,LEN_BEA,"Smith, Braxton",1000370200,Right,CAR_EAG,Undefined,9,Bottom,0,0,1,Fastball,Four-Seam,StrikeCalled,Undefined,Undefined,Undefined,0,0,NA,89.15757,-2.271106,-4.806855,2244.829989,210.88412,01:00:00,6.40265,2.09247,5.94223,-14.36851,21.39974,12.01457,3.08996,-1.37584,80.33354,-5.064861,-2.660371,0.430447,NA,NA,NA,NA,NA,NA,NA,NA,NA,NA,NA,-7.60587,12.01135,-1.71491,50,6.21274,10.3091,-128.81593,-5.47839,-12.62123,29.8597,-12.24235,CAR_EAG,LEN_BEA,CarsonNewman,D2,Team,20260220-CarsonNewman-1,5f204140-0ea8-11f1-8304-27cb6f288688,87.56573,NA,NA,8.82403,NA,NA,NA,NA,NA,NA,46df0e37-f40e-476d-8c8d-a76c06d1b556,2026-02-20,22:06:10,2026-02-20T22:06:10Z,2026-02-20T22:06:10Z,NA,v3,CNE,NA,NA,"Christmas, Seth",1000191967,Right,LEN_BEA,c0373f3f-2dc6-499b-a099-0abb0861652e,54.55505,-129.8675,14.92985,6.39808,-5.04724,-6.12117,-2.08579,10.75359,-6.31061,NA,NA,NA,NA,NA,NA,NA,NA,NA,NA,NA,NA,NA,NA,NA,NA,NA,NA,NA,NA,NA,NA,NA,NA,NA,NA,NA,NA,NA,NA,NA,NA,NA,NA,NA,NA,NA,NA,NA,NA,NA,NA,NA,NA,NA,NA,NA,NA,NA,NA,High,High,High,NA,NA,NA,NA,NA,NA,NA,NA,NA,NA,NA,NA,NA,NA,NA,NA,NA,NA,NA,NA,NA,NA,NA,NA,NA,NA,NA,NA,NA,NA,NA,NA,NA,NA,NA,NA,NA,NA,NA,NA,NA,NA,NA,NA,NA,NA,NA,NA
NA,NA,NA,NA,NA,NA,NA,NA,NA,NA,NA,NA,NA,NA,NA,NA,354,2026-02-20,17:06:28,1,3,"Renaud, Jack",824527,Right,LEN_BEA,"Smith, Braxton",1000370200,Right,CAR_EAG,Undefined,9,Bottom,0,0,2,Slider,Slider,InPlay,Undefined,GroundBall,Single,0,0,NA,79.85762,-0.221242,-2.164483,2234.352578,67.111734,08:15:00,6.00565,2.1657,5.75129,-44.06156,-0.33323,-3.74705,2.12774,-0.16259,74.05633,-8.269011,-2.835535,0.475941,86.51236,-0.914246,-25.570809,2436.648674,NA,NA,NA,33.85694,31.73251,-24.330175,0.2618,1.3689,0.20626,-1.9835,50,5.9599,4.52555,-116.065,-1.88178,1.87979,20.36116,-31.89081,CAR_EAG,LEN_BEA,CarsonNewman,D2,Team,20260220-CarsonNewman-1,69f1b9a0-0ea8-11f1-8304-27cb6f288688,79.19565,2.20085,NA,5.8013,NA,NA,NA,1.86597,2.20085,0.13111,46df0e37-f40e-476d-8c8d-a76c06d1b556,2026-02-20,22:06:28,2026-02-20T22:06:28Z,2026-02-20T22:06:28Z,GroundBall,v3,CNE,NA,NA,"Christmas, Seth",1000191967,Right,LEN_BEA,1fc42847-eff9-4662-a911-c5d264b917a9,54.75248,-116.89575,10.18058,6.01013,-0.58062,-15.94541,-2.16658,4.44886,0.9399,19.181973,1.86682,114.39914,-14.11348,NA,NA,NA,NA,NA,NA,2.20331,-2.14917,-23.97243,NA,NA,NA,NA,NA,NA,0.13125,-54.76666,3.75926,NA,NA,NA,NA,NA,NA,NA,NA,NA,NA,NA,NA,NA,NA,NA,NA,NA,NA,NA,NA,NA,NA,NA,NA,NA,NA,NA,NA,High,High,High,High,Medium,NA,NA,NA,NA,NA,NA,NA,NA,NA,NA,NA,NA,NA,NA,NA,NA,NA,NA,NA,NA,NA,NA,NA,NA,NA,NA,NA,NA,NA,NA,NA,NA,NA,NA,NA,NA,NA,NA,NA,NA,NA,NA,NA,NA,NA,NA
NA,NA,NA,NA,NA,NA,NA,NA,NA,NA,NA,NA,NA,NA,NA,NA,355,2026-02-20,17:07:05,2,1,"Renaud, Jack",824527,Right,LEN_BEA,"Floyd, Logan",1000148156,Right,CAR_EAG,Undefined,9,Bottom,0,0,0,Fastball,Four-Seam,HitByPitch,Undefined,Undefined,Undefined,0,0,NA,90.9541,-0.674044,-1.46805,2248.672135,210.650634,01:00:00,6.17316,2.362,5.80761,-14.93587,19.0969,10.64678,4.30141,1.88366,82.59503,-3.543377,0.439074,0.419875,NA,NA,NA,NA,NA,NA,NA,NA,NA,NA,NA,-5.87544,10.28457,-2.248,50,6.10911,2.92045,-132.02909,-1.98068,-10.313,29.57835,-14.12183,CAR_EAG,LEN_BEA,CarsonNewman,D2,Team,20260220-CarsonNewman-1,7fedc6e0-0ea8-11f1-8304-27cb6f288688,89.77059,NA,NA,8.35908,NA,NA,NA,NA,NA,NA,46df0e37-f40e-476d-8c8d-a76c06d1b556,2026-02-20,22:07:05,2026-02-20T22:07:05Z,2026-02-20T22:07:05Z,NA,v3,CNE,NA,NA,"Christmas, Seth",1000191967,Right,LEN_BEA,d874cb78-f73e-4417-80ce-00eaeb315b25,54.69262,-133.07622,14.78917,6.17039,-1.48074,-7.06092,-2.35785,3.28555,-5.1565,NA,NA,NA,NA,NA,NA,NA,NA,NA,NA,NA,NA,NA,NA,NA,NA,NA,NA,NA,NA,NA,NA,NA,NA,NA,NA,NA,NA,NA,NA,NA,NA,NA,NA,NA,NA,NA,NA,NA,NA,NA,NA,NA,NA,NA,NA,NA,NA,NA,NA,High,High,High,NA,NA,NA,NA,NA,NA,NA,NA,NA,NA,NA,NA,NA,NA,NA,NA,NA,NA,NA,NA,NA,NA,NA,NA,NA,NA,NA,NA,NA,NA,NA,NA,NA,NA,NA,NA,NA,NA,NA,NA,NA,NA,NA,NA,NA,NA,NA,NA
NA,NA,NA,NA,NA,NA,NA,NA,NA,NA,NA,NA,NA,NA,NA,NA,356,2026-02-20,17:08:43,3,1,"Renaud, Jack",824527,Right,LEN_BEA,"Nathan, Cole",1000323259,Right,CAR_EAG,Undefined,9,Bottom,0,0,0,Fastball,Four-Seam,FoulBallNotFieldable,Undefined,Undefined,Undefined,0,0,NA,90.12806,-1.908195,-2.728543,2164.894272,210.300321,01:00:00,6.21419,1.90075,5.88496,-13.83804,20.83576,11.48386,3.28633,0.32199,81.78746,-4.586081,-0.670831,0.423811,NA,NA,NA,NA,NA,NA,NA,NA,NA,NA,NA,-6.70953,11.59394,-1.68717,50,6.05218,5.73947,-130.67366,-4.72524,-11.52382,29.25443,-12.26117,CAR_EAG,LEN_BEA,CarsonNewman,D2,Team,20260220-CarsonNewman-1,baaadb10-0ea8-11f1-8304-27cb6f288688,88.93691,NA,NA,8.3406,NA,NA,NA,NA,NA,NA,46df0e37-f40e-476d-8c8d-a76c06d1b556,2026-02-20,22:08:43,2026-02-20T22:08:43Z,2026-02-20T22:08:43Z,NA,v3,CNE,NA,NA,"Christmas, Seth",1000191967,Right,LEN_BEA,2abcfcbd-a787-4f0c-949f-fa98e978defe,54.61557,-131.70291,14.62722,6.21084,-4.29386,-6.13059,-1.89623,6.14491,-5.76191,NA,NA,NA,NA,NA,NA,NA,NA,NA,NA,NA,NA,NA,NA,NA,NA,NA,NA,NA,NA,NA,NA,NA,NA,NA,NA,NA,NA,NA,NA,NA,NA,NA,NA,NA,NA,NA,NA,NA,NA,NA,NA,NA,NA,NA,NA,NA,NA,NA,NA,High,High,High,NA,NA,NA,NA,NA,NA,NA,NA,NA,NA,NA,NA,NA,NA,NA,NA,NA,NA,NA,NA,NA,NA,NA,NA,NA,NA,NA,NA,NA,NA,NA,NA,NA,NA,NA,NA,NA,NA,NA,NA,NA,NA,NA,NA,NA,NA,NA,NA
NA,NA,NA,NA,NA,NA,NA,NA,NA,NA,NA,NA,NA,NA,NA,NA,357,2026-02-20,17:09:17,3,2,"Renaud, Jack",824527,Right,LEN_BEA,"Nathan, Cole",1000323259,Right,CAR_EAG,Undefined,9,Bottom,0,0,1,Fastball,Four-Seam,BallCalled,Undefined,Undefined,Undefined,0,0,NA,88.89656,-2.792015,-4.520852,2368.791497,203.409564,12:45:00,6.07803,1.94709,5.84847,-14.50422,21.28143,8.6889,2.26464,-1.5387,80.89899,-5.579929,-2.970604,0.430552,NA,NA,NA,NA,NA,NA,NA,NA,NA,NA,NA,-5.69843,11.99709,-1.58355,50,5.84148,9.78657,-128.53806,-6.66523,-9.50612,27.3601,-12.16045,CAR_EAG,LEN_BEA,CarsonNewman,D2,Team,20260220-CarsonNewman-1,ce51adb0-0ea8-11f1-8304-27cb6f288688,87.5444,NA,NA,7.99756,NA,NA,NA,NA,NA,NA,46df0e37-f40e-476d-8c8d-a76c06d1b556,2026-02-20,22:09:17,2026-02-20T22:09:17Z,2026-02-20T22:09:17Z,NA,v3,CNE,NA,NA,"Christmas, Seth",1000191967,Right,LEN_BEA,b3c090f5-c27e-4580-af6c-92831bb80016,54.64997,-129.52405,13.68005,6.07378,-6.227,-6.08022,-1.9424,10.12914,-4.75306,NA,NA,NA,NA,NA,NA,NA,NA,NA,NA,NA,NA,NA,NA,NA,NA,NA,NA,NA,NA,NA,NA,NA,NA,NA,NA,NA,NA,NA,NA,NA,NA,NA,NA,NA,NA,NA,NA,NA,NA,NA,NA,NA,NA,NA,NA,NA,NA,NA,NA,High,High,High,NA,NA,NA,NA,NA,NA,NA,NA,NA,NA,NA,NA,NA,NA,NA,NA,NA,NA,NA,NA,NA,NA,NA,NA,NA,NA,NA,NA,NA,NA,NA,NA,NA,NA,NA,NA,NA,NA,NA,NA,NA,NA,NA,NA,NA,NA,NA,NA
NA,NA,NA,NA,NA,NA,NA,NA,NA,NA,NA,NA,NA,NA,NA,NA,358,2026-02-20,17:09:38,3,3,"Renaud, Jack",824527,Right,LEN_BEA,"Nathan, Cole",1000323259,Right,CAR_EAG,Undefined,9,Bottom,0,1,1,Slider,Slider,InPlay,Undefined,Popup,Out,1,0,NA,81.50735,-0.691955,-2.935205,2314.583859,68.834363,08:15:00,5.8265,2.27636,5.7882,-43.06207,-0.54472,-4.96843,1.59338,-0.87078,74.71364,-8.578435,-3.824611,0.469304,49.28451,43.986468,33.573544,4117.682762,NA,NA,NA,117.17784,105.35528,38.684987,3.140307,1.67618,0.2976,-2.03123,50,5.74339,6.25266,-118.22811,-2.85322,2.35601,23.99961,-31.75574,CAR_EAG,LEN_BEA,CarsonNewman,D2,Team,20260220-CarsonNewman-1,db471780-0ea8-11f1-8304-27cb6f288688,80.31559,38.53047,NA,6.79371,NA,NA,NA,2.17336,1.86526,0.87025,46df0e37-f40e-476d-8c8d-a76c06d1b556,2026-02-20,22:09:38,2026-02-20T22:09:38Z,2026-02-20T22:09:38Z,Popup,v3,CNE,NA,NA,"Christmas, Seth",1000191967,Right,LEN_BEA,a21ea599-54f0-4291-a45d-fa40a5f917ca,54.71376,-119.18114,11.9998,5.83166,-1.5922,-15.87787,-2.27767,6.15911,1.17801,198.376921,2.17322,43.33854,-9.74355,2.87393,-0.79763,0.28248,-0.09669,0.02001,-0.00169,1.8656,50.18686,-18.34468,0.738,0.2498,-0.25732,0.10006,-0.01831,0.00128,0.87018,28.76401,-3.50963,0.93367,-0.2549,0.10148,-0.0377,0.008,-6.8e-4,NA,NA,NA,NA,NA,NA,NA,NA,NA,NA,NA,NA,NA,NA,NA,NA,NA,NA,NA,NA,NA,NA,High,High,High,High,High,NA,NA,NA,NA,NA,NA,NA,NA,NA,NA,NA,NA,NA,NA,NA,NA,NA,NA,NA,NA,NA,NA,NA,NA,NA,NA,NA,NA,NA,NA,NA,NA,NA,NA,NA,NA,NA,NA,NA,NA,NA,NA,NA,NA,NA,NA
NA,NA,NA,NA,NA,NA,NA,NA,NA,NA,NA,NA,NA,NA,NA,NA,359,2026-02-20,17:10:28,4,1,"Renaud, Jack",824527,Right,LEN_BEA,"Soto Diaz, Bradley",1000475324,Right,CAR_EAG,Undefined,9,Bottom,1,0,0,Slider,Slider,BallCalled,Undefined,Undefined,Undefined,0,0,NA,80.92964,-0.989089,-2.887647,2276.880494,78.57556,08:30:00,5.8528,2.3478,5.7507,-41.86329,0.43142,-3.31146,1.44211,-0.61878,75.71674,-8.602761,-3.480188,0.468074,NA,NA,NA,NA,NA,NA,NA,NA,NA,NA,NA,1.02205,0.79228,-2.10574,50,5.74468,6.05844,-117.62403,-3.42174,1.45459,18.99591,-31.04649,CAR_EAG,LEN_BEA,CarsonNewman,D2,Team,20260220-CarsonNewman-1,f8a8e970-0ea8-11f1-8304-27cb6f288688,80.52669,NA,NA,5.2129,NA,NA,NA,NA,NA,NA,46df0e37-f40e-476d-8c8d-a76c06d1b556,2026-02-20,22:10:28,2026-02-20T22:10:28Z,2026-02-20T22:10:28Z,NA,v3,CNE,NA,NA,"Christmas, Seth",1000191967,Right,LEN_BEA,890021ff-2194-42c2-b1e1-afc2eb32157e,54.75298,-118.38913,9.49795,5.85731,-2.17127,-15.52325,-2.34857,5.99985,0.72729,NA,NA,NA,NA,NA,NA,NA,NA,NA,NA,NA,NA,NA,NA,NA,NA,NA,NA,NA,NA,NA,NA,NA,NA,NA,NA,NA,NA,NA,NA,NA,NA,NA,NA,NA,NA,NA,NA,NA,NA,NA,NA,NA,NA,NA,NA,NA,NA,NA,NA,High,High,High,NA,NA,NA,NA,NA,NA,NA,NA,NA,NA,NA,NA,NA,NA,NA,NA,NA,NA,NA,NA,NA,NA,NA,NA,NA,NA,NA,NA,NA,NA,NA,NA,NA,NA,NA,NA,NA,NA,NA,NA,NA,NA,NA,NA,NA,NA,NA,NA
NA,NA,NA,NA,NA,NA,NA,NA,NA,NA,NA,NA,NA,NA,NA,NA,360,2026-02-20,17:10:45,4,2,"Renaud, Jack",824527,Right,LEN_BEA,"Soto Diaz, Bradley",1000475324,Right,CAR_EAG,Undefined,9,Bottom,1,1,0,Slider,Curveball,BallCalled,Undefined,Undefined,Undefined,0,0,NA,77.74464,-0.502276,-3.264546,2340.18885,59.154013,08:00:00,5.85112,2.21711,5.72602,-48.75963,-2.36059,-6.2126,1.31921,-1.34455,72.14535,-9.370419,-4.375094,0.490259,NA,NA,NA,NA,NA,NA,NA,NA,NA,NA,NA,2.29756,-0.64972,-1.94043,50,5.77896,6.66673,-112.84996,-2.56332,2.9745,19.78146,-33.01522,CAR_EAG,LEN_BEA,CarsonNewman,D2,Team,20260220-CarsonNewman-1,0344d2e0-0ea9-11f1-8304-27cb6f288688,76.88264,NA,NA,5.59929,NA,NA,NA,NA,NA,NA,46df0e37-f40e-476d-8c8d-a76c06d1b556,2026-02-20,22:10:45,2026-02-20T22:10:45Z,2026-02-20T22:10:45Z,NA,v3,CNE,NA,NA,"Christmas, Seth",1000191967,Right,LEN_BEA,af304828-36db-4c0b-be8b-c65448c9ee9c,54.77697,-113.68423,9.89073,5.8577,-1.17093,-16.50761,-2.21895,6.54128,1.48725,NA,NA,NA,NA,NA,NA,NA,NA,NA,NA,NA,NA,NA,NA,NA,NA,NA,NA,NA,NA,NA,NA,NA,NA,NA,NA,NA,NA,NA,NA,NA,NA,NA,NA,NA,NA,NA,NA,NA,NA,NA,NA,NA,NA,NA,NA,NA,NA,NA,NA,High,High,High,NA,NA,NA,NA,NA,NA,NA,NA,NA,NA,NA,NA,NA,NA,NA,NA,NA,NA,NA,NA,NA,NA,NA,NA,NA,NA,NA,NA,NA,NA,NA,NA,NA,NA,NA,NA,NA,NA,NA,NA,NA,NA,NA,NA,NA,NA,NA,NA
NA,NA,NA,NA,NA,NA,NA,NA,NA,NA,NA,NA,NA,NA,NA,NA,361,2026-02-20,17:11:06,4,3,"Renaud, Jack",824527,Right,LEN_BEA,"Soto Diaz, Bradley",1000475324,Right,CAR_EAG,Undefined,9,Bottom,1,2,0,Slider,Slider,StrikeCalled,Undefined,Undefined,Undefined,0,0,NA,78.74501,-0.522336,-1.219298,2298.460496,83.059873,08:45:00,6.08845,2.2423,5.72444,-44.13054,0.77768,-4.00551,1.92426,0.77263,73.18413,-8.577429,-1.937121,0.482319,NA,NA,NA,NA,NA,NA,NA,NA,NA,NA,NA,1.73587,0.92221,-2.13797,50,6.01742,2.58689,-114.49539,-2.47493,2.32484,19.37052,-30.93896,CAR_EAG,LEN_BEA,CarsonNewman,D2,Team,20260220-CarsonNewman-1,0f4184d0-0ea9-11f1-8304-27cb6f288688,78.14838,NA,NA,5.56088,NA,NA,NA,NA,NA,NA,46df0e37-f40e-476d-8c8d-a76c06d1b556,2026-02-20,22:11:06,2026-02-20T22:11:06Z,2026-02-20T22:11:06Z,NA,v3,CNE,NA,NA,"Christmas, Seth",1000191967,Right,LEN_BEA,e14e36a2-1dac-4421-929c-a122b856f7cb,54.77829,-115.30096,9.68526,6.09359,-1.18827,-15.46948,-2.24354,2.4902,1.16242,NA,NA,NA,NA,NA,NA,NA,NA,NA,NA,NA,NA,NA,NA,NA,NA,NA,NA,NA,NA,NA,NA,NA,NA,NA,NA,NA,NA,NA,NA,NA,NA,NA,NA,NA,NA,NA,NA,NA,NA,NA,NA,NA,NA,NA,NA,NA,NA,NA,NA,High,High,High,NA,NA,NA,NA,NA,NA,NA,NA,NA,NA,NA,NA,NA,NA,NA,NA,NA,NA,NA,NA,NA,NA,NA,NA,NA,NA,NA,NA,NA,NA,NA,NA,NA,NA,NA,NA,NA,NA,NA,NA,NA,NA,NA,NA,NA,NA,NA,NA
NA,NA,NA,NA,NA,NA,NA,NA,NA,NA,NA,NA,NA,NA,NA,NA,362,2026-02-20,17:11:27,4,4,"Renaud, Jack",824527,Right,LEN_BEA,"Soto Diaz, Bradley",1000475324,Right,CAR_EAG,Undefined,9,Bottom,1,2,1,Fastball,Four-Seam,StrikeSwinging,Undefined,Undefined,Undefined,0,0,NA,89.54059,-3.247216,-2.779765,2336.91715,203.449168,12:45:00,6.29874,2.1661,5.66666,-11.83697,23.5008,9.68327,2.27764,0.37901,81.65777,-5.545717,-1.052289,0.427849,NA,NA,NA,NA,NA,NA,NA,NA,NA,NA,NA,-5.663,13.15469,-1.93709,50,6.01632,5.8664,-129.66856,-7.6513,-9.63437,27.3059,-9.79409,CAR_EAG,LEN_BEA,CarsonNewman,D2,Team,20260220-CarsonNewman-1,1c0b4ac0-0ea9-11f1-8304-27cb6f288688,88.09746,NA,NA,7.88283,NA,NA,NA,NA,NA,NA,46df0e37-f40e-476d-8c8d-a76c06d1b556,2026-02-20,22:11:27,2026-02-20T22:11:27Z,2026-02-20T22:11:27Z,NA,v3,CNE,NA,NA,"Christmas, Seth",1000191967,Right,LEN_BEA,efff8ce7-a499-46cd-bfd8-412331fd73b3,54.83256,-130.68224,13.65295,6.29361,-7.28771,-4.89704,-2.16151,6.22406,-4.81718,NA,NA,NA,NA,NA,NA,NA,NA,NA,NA,NA,NA,NA,NA,NA,NA,NA,NA,NA,NA,NA,NA,NA,NA,NA,NA,NA,NA,NA,NA,NA,NA,NA,NA,NA,NA,NA,NA,NA,NA,NA,NA,NA,NA,NA,NA,NA,NA,NA,NA,High,High,High,NA,NA,NA,NA,NA,NA,NA,NA,NA,NA,NA,NA,NA,NA,NA,NA,NA,NA,NA,NA,NA,NA,NA,NA,NA,NA,NA,NA,NA,NA,NA,NA,NA,NA,NA,NA,NA,NA,NA,NA,NA,NA,NA,NA,NA,NA,NA,NA
NA,NA,NA,NA,NA,NA,NA,NA,NA,NA,NA,NA,NA,NA,NA,NA,363,2026-02-20,17:11:48,4,5,"Renaud, Jack",824527,Right,LEN_BEA,"Soto Diaz, Bradley",1000475324,Right,CAR_EAG,Undefined,9,Bottom,1,2,2,Fastball,Four-Seam,BallCalled,Undefined,Undefined,Undefined,0,0,NA,89.86128,-3.672822,-5.782038,2412.030471,212.864882,01:00:00,6.16637,2.13299,5.78086,-14.1191,21.06178,12.8456,1.55019,-2.19482,81.99161,-6.377649,-3.500019,0.426899,NA,NA,NA,NA,NA,NA,NA,NA,NA,NA,NA,-8.09166,12.06627,-1.66184,50,5.85278,12.56002,-129.61451,-8.74066,-13.77725,26.86948,-11.62939,CAR_EAG,LEN_BEA,CarsonNewman,D2,Team,20260220-CarsonNewman-1,28d055c0-0ea9-11f1-8304-27cb6f288688,88.29364,NA,NA,7.86968,NA,NA,NA,NA,NA,NA,46df0e37-f40e-476d-8c8d-a76c06d1b556,2026-02-20,22:11:48,2026-02-20T22:11:48Z,2026-02-20T22:11:48Z,NA,v3,CNE,NA,NA,"Christmas, Seth",1000191967,Right,LEN_BEA,d9103416-4a34-4381-a2d4-f4c31e44c7b7,54.71869,-130.58905,13.43474,6.16215,-8.31887,-5.8147,-2.12644,13.05971,-6.88863,NA,NA,NA,NA,NA,NA,NA,NA,NA,NA,NA,NA,NA,NA,NA,NA,NA,NA,NA,NA,NA,NA,NA,NA,NA,NA,NA,NA,NA,NA,NA,NA,NA,NA,NA,NA,NA,NA,NA,NA,NA,NA,NA,NA,NA,NA,NA,NA,NA,NA,High,High,High,NA,NA,NA,NA,NA,NA,NA,NA,NA,NA,NA,NA,NA,NA,NA,NA,NA,NA,NA,NA,NA,NA,NA,NA,NA,NA,NA,NA,NA,NA,NA,NA,NA,NA,NA,NA,NA,NA,NA,NA,NA,NA,NA,NA,NA,NA,NA,NA
NA,NA,NA,NA,NA,NA,NA,NA,NA,NA,NA,NA,NA,NA,NA,NA,364,2026-02-20,17:12:11,4,6,"Renaud, Jack",824527,Right,LEN_BEA,"Soto Diaz, Bradley",1000475324,Right,CAR_EAG,Undefined,9,Bottom,1,3,2,Fastball,Four-Seam,StrikeSwinging,Strikeout,Undefined,Undefined,0,0,NA,89.92324,-4.438032,-3.532264,2398.839837,200.505904,12:45:00,6.12788,2.05756,5.8315,-11.05398,23.99926,8.52233,1.0651,-0.51991,81.83863,-6.600459,-2.009278,0.426123,NA,NA,NA,NA,NA,NA,NA,NA,NA,NA,NA,-5.3302,13.84213,-1.77372,50,5.75753,7.64598,-129.93886,-10.34175,-9.08212,28.08828,-8.58845,CAR_EAG,LEN_BEA,CarsonNewman,D2,Team,20260220-CarsonNewman-1,36747620-0ea9-11f1-8304-27cb6f288688,88.45427,NA,NA,8.08461,NA,NA,NA,NA,NA,NA,46df0e37-f40e-476d-8c8d-a76c06d1b556,2026-02-20,22:12:11,2026-02-20T22:12:11Z,2026-02-20T22:12:11Z,NA,v3,CNE,NA,NA,"Christmas, Seth",1000191967,Right,LEN_BEA,5d913a4f-be1d-477a-8dd5-75db90b90540,54.667,-130.94382,14.04414,6.12204,-10.03447,-4.29423,-2.0531,7.97093,-4.54106,NA,NA,NA,NA,NA,NA,NA,NA,NA,NA,NA,NA,NA,NA,NA,NA,NA,NA,NA,NA,NA,NA,NA,NA,NA,NA,NA,NA,NA,NA,NA,NA,NA,NA,NA,NA,NA,NA,NA,NA,NA,NA,NA,NA,NA,NA,NA,NA,NA,NA,High,High,High,NA,NA,NA,NA,NA,NA,NA,NA,NA,NA,NA,NA,NA,NA,NA,NA,NA,NA,NA,NA,NA,NA,NA,NA,NA,NA,NA,NA,NA,NA,NA,NA,NA,NA,NA,NA,NA,NA,NA,NA,NA,NA,NA,NA,NA,NA,NA,NA
NA,NA,NA,NA,NA,NA,NA,NA,NA,NA,NA,NA,NA,NA,NA,NA,365,2026-02-20,17:12:45,5,1,"Renaud, Jack",824527,Right,LEN_BEA,"Bishop, Matthew",10136275,Right,CAR_EAG,Undefined,9,Bottom,2,0,0,Fastball,Four-Seam,BallCalled,Undefined,Undefined,Undefined,0,0,NA,89.37687,-4.226455,-4.169073,2439.155881,207.240564,01:00:00,6.21201,2.12389,5.80043,-14.93706,20.35489,9.89567,1.01858,-0.93605,82.00695,-7.061018,-2.403024,0.427572,NA,NA,NA,NA,NA,NA,NA,NA,NA,NA,NA,-6.13426,11.83949,-1.78655,50,5.85418,8.99126,-129.19573,-9.99134,-10.41321,25.81989,-12.07597,CAR_EAG,LEN_BEA,CarsonNewman,D2,Team,20260220-CarsonNewman-1,4a813680-0ea9-11f1-8304-27cb6f288688,88.15465,NA,NA,7.36992,NA,NA,NA,NA,NA,NA,46df0e37-f40e-476d-8c8d-a76c06d1b556,2026-02-20,22:12:45,2026-02-20T22:12:45Z,2026-02-20T22:12:45Z,NA,v3,CNE,NA,NA,"Christmas, Seth",1000191967,Right,LEN_BEA,055cf897-e667-4839-bf6e-5e9969e5b954,54.69972,-130.13158,12.90994,6.20839,-9.55365,-6.03799,-2.11928,9.36869,-5.2066,NA,NA,NA,NA,NA,NA,NA,NA,NA,NA,NA,NA,NA,NA,NA,NA,NA,NA,NA,NA,NA,NA,NA,NA,NA,NA,NA,NA,NA,NA,NA,NA,NA,NA,NA,NA,NA,NA,NA,NA,NA,NA,NA,NA,NA,NA,NA,NA,NA,NA,High,High,High,NA,NA,NA,NA,NA,NA,NA,NA,NA,NA,NA,NA,NA,NA,NA,NA,NA,NA,NA,NA,NA,NA,NA,NA,NA,NA,NA,NA,NA,NA,NA,NA,NA,NA,NA,NA,NA,NA,NA,NA,NA,NA,NA,NA,NA,NA,NA,NA
NA,NA,NA,NA,NA,NA,NA,NA,NA,NA,NA,NA,NA,NA,NA,NA,366,2026-02-20,17:13:05,5,2,"Renaud, Jack",824527,Right,LEN_BEA,"Bishop, Matthew",10136275,Right,CAR_EAG,Undefined,9,Bottom,2,1,0,Fastball,Four-Seam,StrikeSwinging,Undefined,Undefined,Undefined,0,0,NA,88.36021,-1.975444,-2.578376,2175.918499,203.635936,12:45:00,6.4834,1.99011,5.88179,-12.26178,24.04651,9.94812,3.62441,0.42298,79.66728,-4.3945,-0.796036,0.433685,NA,NA,NA,NA,NA,NA,NA,NA,NA,NA,NA,-5.82288,13.21312,-1.78714,50,6.31634,5.32537,-127.97804,-4.67243,-9.54065,29.38512,-10.52467,CAR_EAG,LEN_BEA,CarsonNewman,D2,Team,20260220-CarsonNewman-1,566b98f0-0ea9-11f1-8304-27cb6f288688,86.91207,NA,NA,8.69292,NA,NA,NA,NA,NA,NA,46df0e37-f40e-476d-8c8d-a76c06d1b556,2026-02-20,22:13:05,2026-02-20T22:13:05Z,2026-02-20T22:13:05Z,NA,v3,CNE,NA,NA,"Christmas, Seth",1000191967,Right,LEN_BEA,9f43f255-2950-403d-b4d1-c98f7565a4c2,54.61442,-129.03321,14.69256,6.47733,-4.29451,-5.26234,-1.98451,5.66796,-4.77032,NA,NA,NA,NA,NA,NA,NA,NA,NA,NA,NA,NA,NA,NA,NA,NA,NA,NA,NA,NA,NA,NA,NA,NA,NA,NA,NA,NA,NA,NA,NA,NA,NA,NA,NA,NA,NA,NA,NA,NA,NA,NA,NA,NA,NA,NA,NA,NA,NA,NA,High,High,High,NA,NA,NA,NA,NA,NA,NA,NA,NA,NA,NA,NA,NA,NA,NA,NA,NA,NA,NA,NA,NA,NA,NA,NA,NA,NA,NA,NA,NA,NA,NA,NA,NA,NA,NA,NA,NA,NA,NA,NA,NA,NA,NA,NA,NA,NA,NA,NA
NA,NA,NA,NA,NA,NA,NA,NA,NA,NA,NA,NA,NA,NA,NA,NA,367,2026-02-20,17:13:26,5,3,"Renaud, Jack",824527,Right,LEN_BEA,"Bishop, Matthew",10136275,Right,CAR_EAG,Undefined,9,Bottom,2,1,1,Fastball,Four-Seam,StrikeCalled,Undefined,Undefined,Undefined,0,0,NA,88.80085,-2.41555,-3.639905,2295.849475,204.675034,12:45:00,6.27331,1.90688,5.95462,-11.99493,23.7558,10.34079,3.02763,-0.61167,80.45759,-4.774501,-1.787753,0.430342,NA,NA,NA,NA,NA,NA,NA,NA,NA,NA,NA,-6.34209,13.21831,-1.62271,50,6.0739,7.73315,-128.55499,-5.68879,-10.53907,28.39032,-10.20831,CAR_EAG,LEN_BEA,CarsonNewman,D2,Team,20260220-CarsonNewman-1,63113510-0ea9-11f1-8304-27cb6f288688,87.58715,NA,NA,8.34326,NA,NA,NA,NA,NA,NA,46df0e37-f40e-476d-8c8d-a76c06d1b556,2026-02-20,22:13:26,2026-02-20T22:13:26Z,2026-02-20T22:13:26Z,NA,v3,CNE,NA,NA,"Christmas, Seth",1000191967,Right,LEN_BEA,7f7d819f-35f0-4c72-94a0-e1f3d16ca4e7,54.5435,-129.55451,14.19516,6.26785,-5.3294,-5.10415,-1.90149,8.10419,-5.26953,NA,NA,NA,NA,NA,NA,NA,NA,NA,NA,NA,NA,NA,NA,NA,NA,NA,NA,NA,NA,NA,NA,NA,NA,NA,NA,NA,NA,NA,NA,NA,NA,NA,NA,NA,NA,NA,NA,NA,NA,NA,NA,NA,NA,NA,NA,NA,NA,NA,NA,High,High,High,NA,NA,NA,NA,NA,NA,NA,NA,NA,NA,NA,NA,NA,NA,NA,NA,NA,NA,NA,NA,NA,NA,NA,NA,NA,NA,NA,NA,NA,NA,NA,NA,NA,NA,NA,NA,NA,NA,NA,NA,NA,NA,NA,NA,NA,NA,NA,NA
NA,NA,NA,NA,NA,NA,NA,NA,NA,NA,NA,NA,NA,NA,NA,NA,368,2026-02-20,17:13:49,5,4,"Renaud, Jack",824527,Right,LEN_BEA,"Bishop, Matthew",10136275,Right,CAR_EAG,Undefined,9,Bottom,2,1,2,Fastball,Four-Seam,BallCalled,Undefined,Undefined,Undefined,0,0,NA,90.12652,-1.698177,-4.653896,2351.722886,208.355661,01:00:00,6.28024,1.76903,5.85149,-16.31359,18.25355,9.26174,3.33711,-1.79321,82.44182,-4.795787,-3.001746,0.423159,NA,NA,NA,NA,NA,NA,NA,NA,NA,NA,NA,-5.95052,10.0939,-1.39517,50,6.13207,10.21722,-130.4762,-4.35591,-10.29158,26.60686,-14.71635,CAR_EAG,LEN_BEA,CarsonNewman,D2,Team,20260220-CarsonNewman-1,7096f800-0ea9-11f1-8304-27cb6f288688,89.07402,NA,NA,7.6847,NA,NA,NA,NA,NA,NA,46df0e37-f40e-476d-8c8d-a76c06d1b556,2026-02-20,22:13:49,2026-02-20T22:13:49Z,2026-02-20T22:13:49Z,NA,v3,CNE,NA,NA,"Christmas, Seth",1000191967,Right,LEN_BEA,36d3b98a-0833-4c92-ad4a-4dda870abedb,54.64797,-131.42059,13.30343,6.27741,-3.83356,-7.35818,-1.76431,10.58252,-5.14579,NA,NA,NA,NA,NA,NA,NA,NA,NA,NA,NA,NA,NA,NA,NA,NA,NA,NA,NA,NA,NA,NA,NA,NA,NA,NA,NA,NA,NA,NA,NA,NA,NA,NA,NA,NA,NA,NA,NA,NA,NA,NA,NA,NA,NA,NA,NA,NA,NA,NA,High,High,High,NA,NA,NA,NA,NA,NA,NA,NA,NA,NA,NA,NA,NA,NA,NA,NA,NA,NA,NA,NA,NA,NA,NA,NA,NA,NA,NA,NA,NA,NA,NA,NA,NA,NA,NA,NA,NA,NA,NA,NA,NA,NA,NA,NA,NA,NA,NA,NA
NA,NA,NA,NA,NA,NA,NA,NA,NA,NA,NA,NA,NA,NA,NA,NA,369,2026-02-20,17:14:11,5,5,"Renaud, Jack",824527,Right,LEN_BEA,"Bishop, Matthew",10136275,Right,CAR_EAG,Undefined,9,Bottom,2,2,2,Fastball,Four-Seam,StrikeCalled,Strikeout,Undefined,Undefined,0,0,NA,90.19832,-3.036531,-3.694747,2519.930671,200.911053,12:45:00,6.19396,2.28381,5.88084,-8.92087,25.83167,9.40713,2.62197,-0.36838,81.77282,-4.834966,-2.012804,0.424292,NA,NA,NA,NA,NA,NA,NA,NA,NA,NA,NA,-5.8441,14.38103,-1.99013,50,5.94251,8.00959,-130.4979,-7.07048,-10.02063,28.91533,-7.5155,CAR_EAG,LEN_BEA,CarsonNewman,D2,Team,20260220-CarsonNewman-1,7e29da50-0ea9-11f1-8304-27cb6f288688,88.83614,NA,NA,8.42549,NA,NA,NA,NA,NA,NA,46df0e37-f40e-476d-8c8d-a76c06d1b556,2026-02-20,22:14:11,2026-02-20T22:14:11Z,2026-02-20T22:14:11Z,NA,v3,CNE,NA,NA,"Christmas, Seth",1000191967,Right,LEN_BEA,bdb4e72b-7d01-4fab-9543-6129e5764e0b,54.61707,-131.51696,14.45766,6.18702,-6.80561,-3.75775,-2.27864,8.36275,-5.01032,NA,NA,NA,NA,NA,NA,NA,NA,NA,NA,NA,NA,NA,NA,NA,NA,NA,NA,NA,NA,NA,NA,NA,NA,NA,NA,NA,NA,NA,NA,NA,NA,NA,NA,NA,NA,NA,NA,NA,NA,NA,NA,NA,NA,NA,NA,NA,NA,NA,NA,High,High,High,NA,NA,NA,NA,NA,NA,NA,NA,NA,NA,NA,NA,NA,NA,NA,NA,NA,NA,NA,NA,NA,NA,NA,NA,NA,NA,NA,NA,NA,NA,NA,NA,NA,NA,NA,NA,NA,NA,NA,NA,NA,NA,NA,NA,NA,NA,NA,NA
